Time resolution is 1 ps
=== STARTING WEIGHT LOADING TEST ===
--- Bat dau kiem tra Quarter 0 (1920 dia chi) ---
[CORRECT] Time: 255000 |           1/ 1920
[CORRECT] Time: 265000 |           2/ 1920
[CORRECT] Time: 555000 |           3/ 1920
[CORRECT] Time: 565000 |           4/ 1920
[CORRECT] Time: 855000 |           5/ 1920
[CORRECT] Time: 865000 |           6/ 1920
[CORRECT] Time: 1155000 |           7/ 1920
[CORRECT] Time: 1165000 |           8/ 1920
[CORRECT] Time: 1455000 |           9/ 1920
[CORRECT] Time: 1465000 |          10/ 1920
[CORRECT] Time: 1695000 |          11/ 1920
[CORRECT] Time: 1705000 |          12/ 1920
[CORRECT] Time: 1995000 |          13/ 1920
[CORRECT] Time: 2005000 |          14/ 1920
[CORRECT] Time: 2295000 |          15/ 1920
[CORRECT] Time: 2305000 |          16/ 1920
[CORRECT] Time: 2595000 |          17/ 1920
[CORRECT] Time: 2605000 |          18/ 1920
[CORRECT] Time: 2895000 |          19/ 1920
[CORRECT] Time: 2905000 |          20/ 1920
[CORRECT] Time: 3135000 |          21/ 1920
[CORRECT] Time: 3145000 |          22/ 1920
[CORRECT] Time: 3435000 |          23/ 1920
[CORRECT] Time: 3445000 |          24/ 1920
[CORRECT] Time: 3735000 |          25/ 1920
[CORRECT] Time: 3745000 |          26/ 1920
[CORRECT] Time: 4035000 |          27/ 1920
[CORRECT] Time: 4045000 |          28/ 1920
[CORRECT] Time: 4335000 |          29/ 1920
[CORRECT] Time: 4345000 |          30/ 1920
[CORRECT] Time: 4595000 |          31/ 1920
[CORRECT] Time: 4605000 |          32/ 1920
[CORRECT] Time: 4935000 |          33/ 1920
[CORRECT] Time: 4945000 |          34/ 1920
[CORRECT] Time: 5275000 |          35/ 1920
[CORRECT] Time: 5285000 |          36/ 1920
[CORRECT] Time: 5615000 |          37/ 1920
[CORRECT] Time: 5625000 |          38/ 1920
[CORRECT] Time: 5955000 |          39/ 1920
[CORRECT] Time: 5965000 |          40/ 1920
[CORRECT] Time: 6215000 |          41/ 1920
[CORRECT] Time: 6225000 |          42/ 1920
[CORRECT] Time: 6555000 |          43/ 1920
[CORRECT] Time: 6565000 |          44/ 1920
[CORRECT] Time: 6895000 |          45/ 1920
[CORRECT] Time: 6905000 |          46/ 1920
[CORRECT] Time: 7235000 |          47/ 1920
[CORRECT] Time: 7245000 |          48/ 1920
[CORRECT] Time: 7575000 |          49/ 1920
[CORRECT] Time: 7585000 |          50/ 1920
[CORRECT] Time: 7835000 |          51/ 1920
[CORRECT] Time: 7845000 |          52/ 1920
[CORRECT] Time: 8175000 |          53/ 1920
[CORRECT] Time: 8185000 |          54/ 1920
[CORRECT] Time: 8515000 |          55/ 1920
[CORRECT] Time: 8525000 |          56/ 1920
[CORRECT] Time: 8855000 |          57/ 1920
[CORRECT] Time: 8865000 |          58/ 1920
[CORRECT] Time: 9195000 |          59/ 1920
[CORRECT] Time: 9205000 |          60/ 1920
[CORRECT] Time: 9455000 |          61/ 1920
[CORRECT] Time: 9465000 |          62/ 1920
[CORRECT] Time: 9795000 |          63/ 1920
[CORRECT] Time: 9805000 |          64/ 1920
[CORRECT] Time: 10135000 |          65/ 1920
[CORRECT] Time: 10145000 |          66/ 1920
[CORRECT] Time: 10475000 |          67/ 1920
[CORRECT] Time: 10485000 |          68/ 1920
[CORRECT] Time: 10815000 |          69/ 1920
[CORRECT] Time: 10825000 |          70/ 1920
[CORRECT] Time: 11075000 |          71/ 1920
[CORRECT] Time: 11085000 |          72/ 1920
[CORRECT] Time: 11415000 |          73/ 1920
[CORRECT] Time: 11425000 |          74/ 1920
[CORRECT] Time: 11755000 |          75/ 1920
[CORRECT] Time: 11765000 |          76/ 1920
[CORRECT] Time: 12095000 |          77/ 1920
[CORRECT] Time: 12105000 |          78/ 1920
[CORRECT] Time: 12435000 |          79/ 1920
[CORRECT] Time: 12445000 |          80/ 1920
[CORRECT] Time: 12695000 |          81/ 1920
[CORRECT] Time: 12705000 |          82/ 1920
[CORRECT] Time: 13035000 |          83/ 1920
[CORRECT] Time: 13045000 |          84/ 1920
[CORRECT] Time: 13375000 |          85/ 1920
[CORRECT] Time: 13385000 |          86/ 1920
[CORRECT] Time: 13715000 |          87/ 1920
[CORRECT] Time: 13725000 |          88/ 1920
[CORRECT] Time: 14055000 |          89/ 1920
[CORRECT] Time: 14065000 |          90/ 1920
[CORRECT] Time: 14315000 |          91/ 1920
[CORRECT] Time: 14325000 |          92/ 1920
[CORRECT] Time: 14655000 |          93/ 1920
[CORRECT] Time: 14665000 |          94/ 1920
[CORRECT] Time: 14995000 |          95/ 1920
[CORRECT] Time: 15005000 |          96/ 1920
[CORRECT] Time: 15335000 |          97/ 1920
[CORRECT] Time: 15345000 |          98/ 1920
[CORRECT] Time: 15675000 |          99/ 1920
[CORRECT] Time: 15685000 |         100/ 1920
[CORRECT] Time: 15935000 |         101/ 1920
[CORRECT] Time: 15945000 |         102/ 1920
[CORRECT] Time: 16275000 |         103/ 1920
[CORRECT] Time: 16285000 |         104/ 1920
[CORRECT] Time: 16615000 |         105/ 1920
[CORRECT] Time: 16625000 |         106/ 1920
[CORRECT] Time: 16955000 |         107/ 1920
[CORRECT] Time: 16965000 |         108/ 1920
[CORRECT] Time: 17295000 |         109/ 1920
[CORRECT] Time: 17305000 |         110/ 1920
[CORRECT] Time: 17555000 |         111/ 1920
[CORRECT] Time: 17565000 |         112/ 1920
[CORRECT] Time: 17895000 |         113/ 1920
[CORRECT] Time: 17905000 |         114/ 1920
[CORRECT] Time: 18235000 |         115/ 1920
[CORRECT] Time: 18245000 |         116/ 1920
[CORRECT] Time: 18575000 |         117/ 1920
[CORRECT] Time: 18585000 |         118/ 1920
[CORRECT] Time: 18915000 |         119/ 1920
[CORRECT] Time: 18925000 |         120/ 1920
[CORRECT] Time: 19175000 |         121/ 1920
[CORRECT] Time: 19185000 |         122/ 1920
[CORRECT] Time: 19515000 |         123/ 1920
[CORRECT] Time: 19525000 |         124/ 1920
[CORRECT] Time: 19855000 |         125/ 1920
[CORRECT] Time: 19865000 |         126/ 1920
[CORRECT] Time: 20195000 |         127/ 1920
[CORRECT] Time: 20205000 |         128/ 1920
[CORRECT] Time: 20535000 |         129/ 1920
[CORRECT] Time: 20545000 |         130/ 1920
[CORRECT] Time: 20795000 |         131/ 1920
[CORRECT] Time: 20805000 |         132/ 1920
[CORRECT] Time: 21135000 |         133/ 1920
[CORRECT] Time: 21145000 |         134/ 1920
[CORRECT] Time: 21475000 |         135/ 1920
[CORRECT] Time: 21485000 |         136/ 1920
[CORRECT] Time: 21815000 |         137/ 1920
[CORRECT] Time: 21825000 |         138/ 1920
[CORRECT] Time: 22155000 |         139/ 1920
[CORRECT] Time: 22165000 |         140/ 1920
[CORRECT] Time: 22415000 |         141/ 1920
[CORRECT] Time: 22425000 |         142/ 1920
[CORRECT] Time: 22755000 |         143/ 1920
[CORRECT] Time: 22765000 |         144/ 1920
[CORRECT] Time: 23095000 |         145/ 1920
[CORRECT] Time: 23105000 |         146/ 1920
[CORRECT] Time: 23435000 |         147/ 1920
[CORRECT] Time: 23445000 |         148/ 1920
[CORRECT] Time: 23775000 |         149/ 1920
[CORRECT] Time: 23785000 |         150/ 1920
[CORRECT] Time: 24035000 |         151/ 1920
[CORRECT] Time: 24045000 |         152/ 1920
[CORRECT] Time: 24375000 |         153/ 1920
[CORRECT] Time: 24385000 |         154/ 1920
[CORRECT] Time: 24715000 |         155/ 1920
[CORRECT] Time: 24725000 |         156/ 1920
[CORRECT] Time: 25055000 |         157/ 1920
[CORRECT] Time: 25065000 |         158/ 1920
[CORRECT] Time: 25395000 |         159/ 1920
[CORRECT] Time: 25405000 |         160/ 1920
[CORRECT] Time: 25655000 |         161/ 1920
[CORRECT] Time: 25665000 |         162/ 1920
[CORRECT] Time: 25995000 |         163/ 1920
[CORRECT] Time: 26005000 |         164/ 1920
[CORRECT] Time: 26335000 |         165/ 1920
[CORRECT] Time: 26345000 |         166/ 1920
[CORRECT] Time: 26675000 |         167/ 1920
[CORRECT] Time: 26685000 |         168/ 1920
[CORRECT] Time: 27015000 |         169/ 1920
[CORRECT] Time: 27025000 |         170/ 1920
[CORRECT] Time: 27275000 |         171/ 1920
[CORRECT] Time: 27285000 |         172/ 1920
[CORRECT] Time: 27615000 |         173/ 1920
[CORRECT] Time: 27625000 |         174/ 1920
[CORRECT] Time: 27955000 |         175/ 1920
[CORRECT] Time: 27965000 |         176/ 1920
[CORRECT] Time: 28295000 |         177/ 1920
[CORRECT] Time: 28305000 |         178/ 1920
[CORRECT] Time: 28635000 |         179/ 1920
[CORRECT] Time: 28645000 |         180/ 1920
[CORRECT] Time: 28895000 |         181/ 1920
[CORRECT] Time: 28905000 |         182/ 1920
[CORRECT] Time: 29235000 |         183/ 1920
[CORRECT] Time: 29245000 |         184/ 1920
[CORRECT] Time: 29575000 |         185/ 1920
[CORRECT] Time: 29585000 |         186/ 1920
[CORRECT] Time: 29915000 |         187/ 1920
[CORRECT] Time: 29925000 |         188/ 1920
[CORRECT] Time: 30255000 |         189/ 1920
[CORRECT] Time: 30265000 |         190/ 1920
[CORRECT] Time: 30515000 |         191/ 1920
[CORRECT] Time: 30525000 |         192/ 1920
[CORRECT] Time: 30855000 |         193/ 1920
[CORRECT] Time: 30865000 |         194/ 1920
[CORRECT] Time: 31195000 |         195/ 1920
[CORRECT] Time: 31205000 |         196/ 1920
[CORRECT] Time: 31535000 |         197/ 1920
[CORRECT] Time: 31545000 |         198/ 1920
[CORRECT] Time: 31875000 |         199/ 1920
[CORRECT] Time: 31885000 |         200/ 1920
[CORRECT] Time: 32135000 |         201/ 1920
[CORRECT] Time: 32145000 |         202/ 1920
[CORRECT] Time: 32475000 |         203/ 1920
[CORRECT] Time: 32485000 |         204/ 1920
[CORRECT] Time: 32815000 |         205/ 1920
[CORRECT] Time: 32825000 |         206/ 1920
[CORRECT] Time: 33155000 |         207/ 1920
[CORRECT] Time: 33165000 |         208/ 1920
[CORRECT] Time: 33495000 |         209/ 1920
[CORRECT] Time: 33505000 |         210/ 1920
[CORRECT] Time: 33755000 |         211/ 1920
[CORRECT] Time: 33765000 |         212/ 1920
[CORRECT] Time: 34095000 |         213/ 1920
[CORRECT] Time: 34105000 |         214/ 1920
[CORRECT] Time: 34435000 |         215/ 1920
[CORRECT] Time: 34445000 |         216/ 1920
[CORRECT] Time: 34775000 |         217/ 1920
[CORRECT] Time: 34785000 |         218/ 1920
[CORRECT] Time: 35115000 |         219/ 1920
[CORRECT] Time: 35125000 |         220/ 1920
[CORRECT] Time: 35375000 |         221/ 1920
[CORRECT] Time: 35385000 |         222/ 1920
[CORRECT] Time: 35715000 |         223/ 1920
[CORRECT] Time: 35725000 |         224/ 1920
[CORRECT] Time: 36055000 |         225/ 1920
[CORRECT] Time: 36065000 |         226/ 1920
[CORRECT] Time: 36395000 |         227/ 1920
[CORRECT] Time: 36405000 |         228/ 1920
[CORRECT] Time: 36735000 |         229/ 1920
[CORRECT] Time: 36745000 |         230/ 1920
[CORRECT] Time: 36995000 |         231/ 1920
[CORRECT] Time: 37005000 |         232/ 1920
[CORRECT] Time: 37335000 |         233/ 1920
[CORRECT] Time: 37345000 |         234/ 1920
[CORRECT] Time: 37675000 |         235/ 1920
[CORRECT] Time: 37685000 |         236/ 1920
[CORRECT] Time: 38015000 |         237/ 1920
[CORRECT] Time: 38025000 |         238/ 1920
[CORRECT] Time: 38355000 |         239/ 1920
[CORRECT] Time: 38365000 |         240/ 1920
[CORRECT] Time: 38655000 |         241/ 1920
[CORRECT] Time: 38665000 |         242/ 1920
[CORRECT] Time: 38955000 |         243/ 1920
[CORRECT] Time: 38965000 |         244/ 1920
[CORRECT] Time: 39255000 |         245/ 1920
[CORRECT] Time: 39265000 |         246/ 1920
[CORRECT] Time: 39555000 |         247/ 1920
[CORRECT] Time: 39565000 |         248/ 1920
[CORRECT] Time: 39855000 |         249/ 1920
[CORRECT] Time: 39865000 |         250/ 1920
[CORRECT] Time: 40155000 |         251/ 1920
[CORRECT] Time: 40165000 |         252/ 1920
[CORRECT] Time: 40455000 |         253/ 1920
[CORRECT] Time: 40465000 |         254/ 1920
[CORRECT] Time: 40755000 |         255/ 1920
[CORRECT] Time: 40765000 |         256/ 1920
[CORRECT] Time: 41055000 |         257/ 1920
[CORRECT] Time: 41065000 |         258/ 1920
[CORRECT] Time: 41355000 |         259/ 1920
[CORRECT] Time: 41365000 |         260/ 1920
[CORRECT] Time: 41655000 |         261/ 1920
[CORRECT] Time: 41665000 |         262/ 1920
[CORRECT] Time: 41955000 |         263/ 1920
[CORRECT] Time: 41965000 |         264/ 1920
[CORRECT] Time: 42255000 |         265/ 1920
[CORRECT] Time: 42265000 |         266/ 1920
[CORRECT] Time: 42555000 |         267/ 1920
[CORRECT] Time: 42565000 |         268/ 1920
[CORRECT] Time: 42855000 |         269/ 1920
[CORRECT] Time: 42865000 |         270/ 1920
[CORRECT] Time: 43195000 |         271/ 1920
[CORRECT] Time: 43205000 |         272/ 1920
[CORRECT] Time: 43535000 |         273/ 1920
[CORRECT] Time: 43545000 |         274/ 1920
[CORRECT] Time: 43875000 |         275/ 1920
[CORRECT] Time: 43885000 |         276/ 1920
[CORRECT] Time: 44215000 |         277/ 1920
[CORRECT] Time: 44225000 |         278/ 1920
[CORRECT] Time: 44555000 |         279/ 1920
[CORRECT] Time: 44565000 |         280/ 1920
[CORRECT] Time: 44895000 |         281/ 1920
[CORRECT] Time: 44905000 |         282/ 1920
[CORRECT] Time: 45235000 |         283/ 1920
[CORRECT] Time: 45245000 |         284/ 1920
[CORRECT] Time: 45575000 |         285/ 1920
[CORRECT] Time: 45585000 |         286/ 1920
[CORRECT] Time: 45915000 |         287/ 1920
[CORRECT] Time: 45925000 |         288/ 1920
[CORRECT] Time: 46255000 |         289/ 1920
[CORRECT] Time: 46265000 |         290/ 1920
[CORRECT] Time: 46595000 |         291/ 1920
[CORRECT] Time: 46605000 |         292/ 1920
[CORRECT] Time: 46935000 |         293/ 1920
[CORRECT] Time: 46945000 |         294/ 1920
[CORRECT] Time: 47275000 |         295/ 1920
[CORRECT] Time: 47285000 |         296/ 1920
[CORRECT] Time: 47615000 |         297/ 1920
[CORRECT] Time: 47625000 |         298/ 1920
[CORRECT] Time: 47955000 |         299/ 1920
[CORRECT] Time: 47965000 |         300/ 1920
[CORRECT] Time: 48295000 |         301/ 1920
[CORRECT] Time: 48305000 |         302/ 1920
[CORRECT] Time: 48635000 |         303/ 1920
[CORRECT] Time: 48645000 |         304/ 1920
[CORRECT] Time: 48975000 |         305/ 1920
[CORRECT] Time: 48985000 |         306/ 1920
[CORRECT] Time: 49315000 |         307/ 1920
[CORRECT] Time: 49325000 |         308/ 1920
[CORRECT] Time: 49655000 |         309/ 1920
[CORRECT] Time: 49665000 |         310/ 1920
[CORRECT] Time: 49995000 |         311/ 1920
[CORRECT] Time: 50005000 |         312/ 1920
[CORRECT] Time: 50335000 |         313/ 1920
[CORRECT] Time: 50345000 |         314/ 1920
[CORRECT] Time: 50675000 |         315/ 1920
[CORRECT] Time: 50685000 |         316/ 1920
[CORRECT] Time: 51015000 |         317/ 1920
[CORRECT] Time: 51025000 |         318/ 1920
[CORRECT] Time: 51355000 |         319/ 1920
[CORRECT] Time: 51365000 |         320/ 1920
[CORRECT] Time: 51695000 |         321/ 1920
[CORRECT] Time: 51705000 |         322/ 1920
[CORRECT] Time: 52035000 |         323/ 1920
[CORRECT] Time: 52045000 |         324/ 1920
[CORRECT] Time: 52375000 |         325/ 1920
[CORRECT] Time: 52385000 |         326/ 1920
[CORRECT] Time: 52715000 |         327/ 1920
[CORRECT] Time: 52725000 |         328/ 1920
[CORRECT] Time: 53055000 |         329/ 1920
[CORRECT] Time: 53065000 |         330/ 1920
[CORRECT] Time: 53395000 |         331/ 1920
[CORRECT] Time: 53405000 |         332/ 1920
[CORRECT] Time: 53735000 |         333/ 1920
[CORRECT] Time: 53745000 |         334/ 1920
[CORRECT] Time: 54075000 |         335/ 1920
[CORRECT] Time: 54085000 |         336/ 1920
[CORRECT] Time: 54415000 |         337/ 1920
[CORRECT] Time: 54425000 |         338/ 1920
[CORRECT] Time: 54755000 |         339/ 1920
[CORRECT] Time: 54765000 |         340/ 1920
[CORRECT] Time: 55095000 |         341/ 1920
[CORRECT] Time: 55105000 |         342/ 1920
[CORRECT] Time: 55435000 |         343/ 1920
[CORRECT] Time: 55445000 |         344/ 1920
[CORRECT] Time: 55775000 |         345/ 1920
[CORRECT] Time: 55785000 |         346/ 1920
[CORRECT] Time: 56115000 |         347/ 1920
[CORRECT] Time: 56125000 |         348/ 1920
[CORRECT] Time: 56455000 |         349/ 1920
[CORRECT] Time: 56465000 |         350/ 1920
[CORRECT] Time: 56795000 |         351/ 1920
[CORRECT] Time: 56805000 |         352/ 1920
[CORRECT] Time: 57135000 |         353/ 1920
[CORRECT] Time: 57145000 |         354/ 1920
[CORRECT] Time: 57475000 |         355/ 1920
[CORRECT] Time: 57485000 |         356/ 1920
[CORRECT] Time: 57815000 |         357/ 1920
[CORRECT] Time: 57825000 |         358/ 1920
[CORRECT] Time: 58155000 |         359/ 1920
[CORRECT] Time: 58165000 |         360/ 1920
[CORRECT] Time: 58495000 |         361/ 1920
[CORRECT] Time: 58505000 |         362/ 1920
[CORRECT] Time: 58835000 |         363/ 1920
[CORRECT] Time: 58845000 |         364/ 1920
[CORRECT] Time: 59175000 |         365/ 1920
[CORRECT] Time: 59185000 |         366/ 1920
[CORRECT] Time: 59515000 |         367/ 1920
[CORRECT] Time: 59525000 |         368/ 1920
[CORRECT] Time: 59855000 |         369/ 1920
[CORRECT] Time: 59865000 |         370/ 1920
[CORRECT] Time: 60195000 |         371/ 1920
[CORRECT] Time: 60205000 |         372/ 1920
[CORRECT] Time: 60535000 |         373/ 1920
[CORRECT] Time: 60545000 |         374/ 1920
[CORRECT] Time: 60875000 |         375/ 1920
[CORRECT] Time: 60885000 |         376/ 1920
[CORRECT] Time: 61215000 |         377/ 1920
[CORRECT] Time: 61225000 |         378/ 1920
[CORRECT] Time: 61555000 |         379/ 1920
[CORRECT] Time: 61565000 |         380/ 1920
[CORRECT] Time: 61895000 |         381/ 1920
[CORRECT] Time: 61905000 |         382/ 1920
[CORRECT] Time: 62235000 |         383/ 1920
[CORRECT] Time: 62245000 |         384/ 1920
[CORRECT] Time: 62575000 |         385/ 1920
[CORRECT] Time: 62585000 |         386/ 1920
[CORRECT] Time: 62915000 |         387/ 1920
[CORRECT] Time: 62925000 |         388/ 1920
[CORRECT] Time: 63255000 |         389/ 1920
[CORRECT] Time: 63265000 |         390/ 1920
[CORRECT] Time: 63595000 |         391/ 1920
[CORRECT] Time: 63605000 |         392/ 1920
[CORRECT] Time: 63935000 |         393/ 1920
[CORRECT] Time: 63945000 |         394/ 1920
[CORRECT] Time: 64275000 |         395/ 1920
[CORRECT] Time: 64285000 |         396/ 1920
[CORRECT] Time: 64615000 |         397/ 1920
[CORRECT] Time: 64625000 |         398/ 1920
[CORRECT] Time: 64955000 |         399/ 1920
[CORRECT] Time: 64965000 |         400/ 1920
[CORRECT] Time: 65295000 |         401/ 1920
[CORRECT] Time: 65305000 |         402/ 1920
[CORRECT] Time: 65635000 |         403/ 1920
[CORRECT] Time: 65645000 |         404/ 1920
[CORRECT] Time: 65975000 |         405/ 1920
[CORRECT] Time: 65985000 |         406/ 1920
[CORRECT] Time: 66315000 |         407/ 1920
[CORRECT] Time: 66325000 |         408/ 1920
[CORRECT] Time: 66655000 |         409/ 1920
[CORRECT] Time: 66665000 |         410/ 1920
[CORRECT] Time: 66995000 |         411/ 1920
[CORRECT] Time: 67005000 |         412/ 1920
[CORRECT] Time: 67335000 |         413/ 1920
[CORRECT] Time: 67345000 |         414/ 1920
[CORRECT] Time: 67675000 |         415/ 1920
[CORRECT] Time: 67685000 |         416/ 1920
[CORRECT] Time: 68015000 |         417/ 1920
[CORRECT] Time: 68025000 |         418/ 1920
[CORRECT] Time: 68355000 |         419/ 1920
[CORRECT] Time: 68365000 |         420/ 1920
[CORRECT] Time: 68695000 |         421/ 1920
[CORRECT] Time: 68705000 |         422/ 1920
[CORRECT] Time: 69035000 |         423/ 1920
[CORRECT] Time: 69045000 |         424/ 1920
[CORRECT] Time: 69375000 |         425/ 1920
[CORRECT] Time: 69385000 |         426/ 1920
[CORRECT] Time: 69715000 |         427/ 1920
[CORRECT] Time: 69725000 |         428/ 1920
[CORRECT] Time: 70055000 |         429/ 1920
[CORRECT] Time: 70065000 |         430/ 1920
[CORRECT] Time: 70395000 |         431/ 1920
[CORRECT] Time: 70405000 |         432/ 1920
[CORRECT] Time: 70735000 |         433/ 1920
[CORRECT] Time: 70745000 |         434/ 1920
[CORRECT] Time: 71075000 |         435/ 1920
[CORRECT] Time: 71085000 |         436/ 1920
[CORRECT] Time: 71415000 |         437/ 1920
[CORRECT] Time: 71425000 |         438/ 1920
[CORRECT] Time: 71755000 |         439/ 1920
[CORRECT] Time: 71765000 |         440/ 1920
[CORRECT] Time: 72095000 |         441/ 1920
[CORRECT] Time: 72105000 |         442/ 1920
[CORRECT] Time: 72435000 |         443/ 1920
[CORRECT] Time: 72445000 |         444/ 1920
[CORRECT] Time: 72775000 |         445/ 1920
[CORRECT] Time: 72785000 |         446/ 1920
[CORRECT] Time: 73115000 |         447/ 1920
[CORRECT] Time: 73125000 |         448/ 1920
[CORRECT] Time: 73455000 |         449/ 1920
[CORRECT] Time: 73465000 |         450/ 1920
[CORRECT] Time: 73795000 |         451/ 1920
[CORRECT] Time: 73805000 |         452/ 1920
[CORRECT] Time: 74135000 |         453/ 1920
[CORRECT] Time: 74145000 |         454/ 1920
[CORRECT] Time: 74475000 |         455/ 1920
[CORRECT] Time: 74485000 |         456/ 1920
[CORRECT] Time: 74815000 |         457/ 1920
[CORRECT] Time: 74825000 |         458/ 1920
[CORRECT] Time: 75155000 |         459/ 1920
[CORRECT] Time: 75165000 |         460/ 1920
[CORRECT] Time: 75495000 |         461/ 1920
[CORRECT] Time: 75505000 |         462/ 1920
[CORRECT] Time: 75835000 |         463/ 1920
[CORRECT] Time: 75845000 |         464/ 1920
[CORRECT] Time: 76175000 |         465/ 1920
[CORRECT] Time: 76185000 |         466/ 1920
[CORRECT] Time: 76515000 |         467/ 1920
[CORRECT] Time: 76525000 |         468/ 1920
[CORRECT] Time: 76855000 |         469/ 1920
[CORRECT] Time: 76865000 |         470/ 1920
[CORRECT] Time: 77195000 |         471/ 1920
[CORRECT] Time: 77205000 |         472/ 1920
[CORRECT] Time: 77535000 |         473/ 1920
[CORRECT] Time: 77545000 |         474/ 1920
[CORRECT] Time: 77875000 |         475/ 1920
[CORRECT] Time: 77885000 |         476/ 1920
[CORRECT] Time: 78215000 |         477/ 1920
[CORRECT] Time: 78225000 |         478/ 1920
[CORRECT] Time: 78555000 |         479/ 1920
[CORRECT] Time: 78565000 |         480/ 1920
[CORRECT] Time: 78855000 |         481/ 1920
[CORRECT] Time: 78865000 |         482/ 1920
[CORRECT] Time: 79155000 |         483/ 1920
[CORRECT] Time: 79165000 |         484/ 1920
[CORRECT] Time: 79455000 |         485/ 1920
[CORRECT] Time: 79465000 |         486/ 1920
[CORRECT] Time: 79755000 |         487/ 1920
[CORRECT] Time: 79765000 |         488/ 1920
[CORRECT] Time: 80055000 |         489/ 1920
[CORRECT] Time: 80065000 |         490/ 1920
[CORRECT] Time: 80355000 |         491/ 1920
[CORRECT] Time: 80365000 |         492/ 1920
[CORRECT] Time: 80655000 |         493/ 1920
[CORRECT] Time: 80665000 |         494/ 1920
[CORRECT] Time: 80955000 |         495/ 1920
[CORRECT] Time: 80965000 |         496/ 1920
[CORRECT] Time: 81255000 |         497/ 1920
[CORRECT] Time: 81265000 |         498/ 1920
[CORRECT] Time: 81555000 |         499/ 1920
[CORRECT] Time: 81565000 |         500/ 1920
[CORRECT] Time: 81855000 |         501/ 1920
[CORRECT] Time: 81865000 |         502/ 1920
[CORRECT] Time: 82155000 |         503/ 1920
[CORRECT] Time: 82165000 |         504/ 1920
[CORRECT] Time: 82455000 |         505/ 1920
[CORRECT] Time: 82465000 |         506/ 1920
[CORRECT] Time: 82755000 |         507/ 1920
[CORRECT] Time: 82765000 |         508/ 1920
[CORRECT] Time: 83055000 |         509/ 1920
[CORRECT] Time: 83065000 |         510/ 1920
[CORRECT] Time: 83395000 |         511/ 1920
[CORRECT] Time: 83405000 |         512/ 1920
[CORRECT] Time: 83735000 |         513/ 1920
[CORRECT] Time: 83745000 |         514/ 1920
[CORRECT] Time: 84075000 |         515/ 1920
[CORRECT] Time: 84085000 |         516/ 1920
[CORRECT] Time: 84415000 |         517/ 1920
[CORRECT] Time: 84425000 |         518/ 1920
[CORRECT] Time: 84755000 |         519/ 1920
[CORRECT] Time: 84765000 |         520/ 1920
[CORRECT] Time: 85095000 |         521/ 1920
[CORRECT] Time: 85105000 |         522/ 1920
[CORRECT] Time: 85435000 |         523/ 1920
[CORRECT] Time: 85445000 |         524/ 1920
[CORRECT] Time: 85775000 |         525/ 1920
[CORRECT] Time: 85785000 |         526/ 1920
[CORRECT] Time: 86115000 |         527/ 1920
[CORRECT] Time: 86125000 |         528/ 1920
[CORRECT] Time: 86455000 |         529/ 1920
[CORRECT] Time: 86465000 |         530/ 1920
[CORRECT] Time: 86795000 |         531/ 1920
[CORRECT] Time: 86805000 |         532/ 1920
[CORRECT] Time: 87135000 |         533/ 1920
[CORRECT] Time: 87145000 |         534/ 1920
[CORRECT] Time: 87475000 |         535/ 1920
[CORRECT] Time: 87485000 |         536/ 1920
[CORRECT] Time: 87815000 |         537/ 1920
[CORRECT] Time: 87825000 |         538/ 1920
[CORRECT] Time: 88155000 |         539/ 1920
[CORRECT] Time: 88165000 |         540/ 1920
[CORRECT] Time: 88495000 |         541/ 1920
[CORRECT] Time: 88505000 |         542/ 1920
[CORRECT] Time: 88835000 |         543/ 1920
[CORRECT] Time: 88845000 |         544/ 1920
[CORRECT] Time: 89175000 |         545/ 1920
[CORRECT] Time: 89185000 |         546/ 1920
[CORRECT] Time: 89515000 |         547/ 1920
[CORRECT] Time: 89525000 |         548/ 1920
[CORRECT] Time: 89855000 |         549/ 1920
[CORRECT] Time: 89865000 |         550/ 1920
[CORRECT] Time: 90195000 |         551/ 1920
[CORRECT] Time: 90205000 |         552/ 1920
[CORRECT] Time: 90535000 |         553/ 1920
[CORRECT] Time: 90545000 |         554/ 1920
[CORRECT] Time: 90875000 |         555/ 1920
[CORRECT] Time: 90885000 |         556/ 1920
[CORRECT] Time: 91215000 |         557/ 1920
[CORRECT] Time: 91225000 |         558/ 1920
[CORRECT] Time: 91555000 |         559/ 1920
[CORRECT] Time: 91565000 |         560/ 1920
[CORRECT] Time: 91895000 |         561/ 1920
[CORRECT] Time: 91905000 |         562/ 1920
[CORRECT] Time: 92235000 |         563/ 1920
[CORRECT] Time: 92245000 |         564/ 1920
[CORRECT] Time: 92575000 |         565/ 1920
[CORRECT] Time: 92585000 |         566/ 1920
[CORRECT] Time: 92915000 |         567/ 1920
[CORRECT] Time: 92925000 |         568/ 1920
[CORRECT] Time: 93255000 |         569/ 1920
[CORRECT] Time: 93265000 |         570/ 1920
[CORRECT] Time: 93595000 |         571/ 1920
[CORRECT] Time: 93605000 |         572/ 1920
[CORRECT] Time: 93935000 |         573/ 1920
[CORRECT] Time: 93945000 |         574/ 1920
[CORRECT] Time: 94275000 |         575/ 1920
[CORRECT] Time: 94285000 |         576/ 1920
[CORRECT] Time: 94615000 |         577/ 1920
[CORRECT] Time: 94625000 |         578/ 1920
[CORRECT] Time: 94955000 |         579/ 1920
[CORRECT] Time: 94965000 |         580/ 1920
[CORRECT] Time: 95295000 |         581/ 1920
[CORRECT] Time: 95305000 |         582/ 1920
[CORRECT] Time: 95635000 |         583/ 1920
[CORRECT] Time: 95645000 |         584/ 1920
[CORRECT] Time: 95975000 |         585/ 1920
[CORRECT] Time: 95985000 |         586/ 1920
[CORRECT] Time: 96315000 |         587/ 1920
[CORRECT] Time: 96325000 |         588/ 1920
[CORRECT] Time: 96655000 |         589/ 1920
[CORRECT] Time: 96665000 |         590/ 1920
[CORRECT] Time: 96995000 |         591/ 1920
[CORRECT] Time: 97005000 |         592/ 1920
[CORRECT] Time: 97335000 |         593/ 1920
[CORRECT] Time: 97345000 |         594/ 1920
[CORRECT] Time: 97675000 |         595/ 1920
[CORRECT] Time: 97685000 |         596/ 1920
[CORRECT] Time: 98015000 |         597/ 1920
[CORRECT] Time: 98025000 |         598/ 1920
[CORRECT] Time: 98355000 |         599/ 1920
[CORRECT] Time: 98365000 |         600/ 1920
[CORRECT] Time: 98695000 |         601/ 1920
[CORRECT] Time: 98705000 |         602/ 1920
[CORRECT] Time: 99035000 |         603/ 1920
[CORRECT] Time: 99045000 |         604/ 1920
[CORRECT] Time: 99375000 |         605/ 1920
[CORRECT] Time: 99385000 |         606/ 1920
[CORRECT] Time: 99715000 |         607/ 1920
[CORRECT] Time: 99725000 |         608/ 1920
[CORRECT] Time: 100055000 |         609/ 1920
[CORRECT] Time: 100065000 |         610/ 1920
[CORRECT] Time: 100395000 |         611/ 1920
[CORRECT] Time: 100405000 |         612/ 1920
[CORRECT] Time: 100735000 |         613/ 1920
[CORRECT] Time: 100745000 |         614/ 1920
[CORRECT] Time: 101075000 |         615/ 1920
[CORRECT] Time: 101085000 |         616/ 1920
[CORRECT] Time: 101415000 |         617/ 1920
[CORRECT] Time: 101425000 |         618/ 1920
[CORRECT] Time: 101755000 |         619/ 1920
[CORRECT] Time: 101765000 |         620/ 1920
[CORRECT] Time: 102095000 |         621/ 1920
[CORRECT] Time: 102105000 |         622/ 1920
[CORRECT] Time: 102435000 |         623/ 1920
[CORRECT] Time: 102445000 |         624/ 1920
[CORRECT] Time: 102775000 |         625/ 1920
[CORRECT] Time: 102785000 |         626/ 1920
[CORRECT] Time: 103115000 |         627/ 1920
[CORRECT] Time: 103125000 |         628/ 1920
[CORRECT] Time: 103455000 |         629/ 1920
[CORRECT] Time: 103465000 |         630/ 1920
[CORRECT] Time: 103795000 |         631/ 1920
[CORRECT] Time: 103805000 |         632/ 1920
[CORRECT] Time: 104135000 |         633/ 1920
[CORRECT] Time: 104145000 |         634/ 1920
[CORRECT] Time: 104475000 |         635/ 1920
[CORRECT] Time: 104485000 |         636/ 1920
[CORRECT] Time: 104815000 |         637/ 1920
[CORRECT] Time: 104825000 |         638/ 1920
[CORRECT] Time: 105155000 |         639/ 1920
[CORRECT] Time: 105165000 |         640/ 1920
[CORRECT] Time: 105495000 |         641/ 1920
[CORRECT] Time: 105505000 |         642/ 1920
[CORRECT] Time: 105835000 |         643/ 1920
[CORRECT] Time: 105845000 |         644/ 1920
[CORRECT] Time: 106175000 |         645/ 1920
[CORRECT] Time: 106185000 |         646/ 1920
[CORRECT] Time: 106515000 |         647/ 1920
[CORRECT] Time: 106525000 |         648/ 1920
[CORRECT] Time: 106855000 |         649/ 1920
[CORRECT] Time: 106865000 |         650/ 1920
[CORRECT] Time: 107195000 |         651/ 1920
[CORRECT] Time: 107205000 |         652/ 1920
[CORRECT] Time: 107535000 |         653/ 1920
[CORRECT] Time: 107545000 |         654/ 1920
[CORRECT] Time: 107875000 |         655/ 1920
[CORRECT] Time: 107885000 |         656/ 1920
[CORRECT] Time: 108215000 |         657/ 1920
[CORRECT] Time: 108225000 |         658/ 1920
[CORRECT] Time: 108555000 |         659/ 1920
[CORRECT] Time: 108565000 |         660/ 1920
[CORRECT] Time: 108895000 |         661/ 1920
[CORRECT] Time: 108905000 |         662/ 1920
[CORRECT] Time: 109235000 |         663/ 1920
[CORRECT] Time: 109245000 |         664/ 1920
[CORRECT] Time: 109575000 |         665/ 1920
[CORRECT] Time: 109585000 |         666/ 1920
[CORRECT] Time: 109915000 |         667/ 1920
[CORRECT] Time: 109925000 |         668/ 1920
[CORRECT] Time: 110255000 |         669/ 1920
[CORRECT] Time: 110265000 |         670/ 1920
[CORRECT] Time: 110595000 |         671/ 1920
[CORRECT] Time: 110605000 |         672/ 1920
[CORRECT] Time: 110935000 |         673/ 1920
[CORRECT] Time: 110945000 |         674/ 1920
[CORRECT] Time: 111275000 |         675/ 1920
[CORRECT] Time: 111285000 |         676/ 1920
[CORRECT] Time: 111615000 |         677/ 1920
[CORRECT] Time: 111625000 |         678/ 1920
[CORRECT] Time: 111955000 |         679/ 1920
[CORRECT] Time: 111965000 |         680/ 1920
[CORRECT] Time: 112295000 |         681/ 1920
[CORRECT] Time: 112305000 |         682/ 1920
[CORRECT] Time: 112635000 |         683/ 1920
[CORRECT] Time: 112645000 |         684/ 1920
[CORRECT] Time: 112975000 |         685/ 1920
[CORRECT] Time: 112985000 |         686/ 1920
[CORRECT] Time: 113315000 |         687/ 1920
[CORRECT] Time: 113325000 |         688/ 1920
[CORRECT] Time: 113655000 |         689/ 1920
[CORRECT] Time: 113665000 |         690/ 1920
[CORRECT] Time: 113995000 |         691/ 1920
[CORRECT] Time: 114005000 |         692/ 1920
[CORRECT] Time: 114335000 |         693/ 1920
[CORRECT] Time: 114345000 |         694/ 1920
[CORRECT] Time: 114675000 |         695/ 1920
[CORRECT] Time: 114685000 |         696/ 1920
[CORRECT] Time: 115015000 |         697/ 1920
[CORRECT] Time: 115025000 |         698/ 1920
[CORRECT] Time: 115355000 |         699/ 1920
[CORRECT] Time: 115365000 |         700/ 1920
[CORRECT] Time: 115695000 |         701/ 1920
[CORRECT] Time: 115705000 |         702/ 1920
[CORRECT] Time: 116035000 |         703/ 1920
[CORRECT] Time: 116045000 |         704/ 1920
[CORRECT] Time: 116375000 |         705/ 1920
[CORRECT] Time: 116385000 |         706/ 1920
[CORRECT] Time: 116715000 |         707/ 1920
[CORRECT] Time: 116725000 |         708/ 1920
[CORRECT] Time: 117055000 |         709/ 1920
[CORRECT] Time: 117065000 |         710/ 1920
[CORRECT] Time: 117395000 |         711/ 1920
[CORRECT] Time: 117405000 |         712/ 1920
[CORRECT] Time: 117735000 |         713/ 1920
[CORRECT] Time: 117745000 |         714/ 1920
[CORRECT] Time: 118075000 |         715/ 1920
[CORRECT] Time: 118085000 |         716/ 1920
[CORRECT] Time: 118415000 |         717/ 1920
[CORRECT] Time: 118425000 |         718/ 1920
[CORRECT] Time: 118755000 |         719/ 1920
[CORRECT] Time: 118765000 |         720/ 1920
[CORRECT] Time: 119055000 |         721/ 1920
[CORRECT] Time: 119065000 |         722/ 1920
[CORRECT] Time: 119355000 |         723/ 1920
[CORRECT] Time: 119365000 |         724/ 1920
[CORRECT] Time: 119655000 |         725/ 1920
[CORRECT] Time: 119665000 |         726/ 1920
[CORRECT] Time: 119955000 |         727/ 1920
[CORRECT] Time: 119965000 |         728/ 1920
[CORRECT] Time: 120255000 |         729/ 1920
[CORRECT] Time: 120265000 |         730/ 1920
[CORRECT] Time: 120555000 |         731/ 1920
[CORRECT] Time: 120565000 |         732/ 1920
[CORRECT] Time: 120855000 |         733/ 1920
[CORRECT] Time: 120865000 |         734/ 1920
[CORRECT] Time: 121155000 |         735/ 1920
[CORRECT] Time: 121165000 |         736/ 1920
[CORRECT] Time: 121455000 |         737/ 1920
[CORRECT] Time: 121465000 |         738/ 1920
[CORRECT] Time: 121755000 |         739/ 1920
[CORRECT] Time: 121765000 |         740/ 1920
[CORRECT] Time: 122055000 |         741/ 1920
[CORRECT] Time: 122065000 |         742/ 1920
[CORRECT] Time: 122355000 |         743/ 1920
[CORRECT] Time: 122365000 |         744/ 1920
[CORRECT] Time: 122655000 |         745/ 1920
[CORRECT] Time: 122665000 |         746/ 1920
[CORRECT] Time: 122955000 |         747/ 1920
[CORRECT] Time: 122965000 |         748/ 1920
[CORRECT] Time: 123255000 |         749/ 1920
[CORRECT] Time: 123265000 |         750/ 1920
[CORRECT] Time: 123595000 |         751/ 1920
[CORRECT] Time: 123605000 |         752/ 1920
[CORRECT] Time: 123935000 |         753/ 1920
[CORRECT] Time: 123945000 |         754/ 1920
[CORRECT] Time: 124275000 |         755/ 1920
[CORRECT] Time: 124285000 |         756/ 1920
[CORRECT] Time: 124615000 |         757/ 1920
[CORRECT] Time: 124625000 |         758/ 1920
[CORRECT] Time: 124955000 |         759/ 1920
[CORRECT] Time: 124965000 |         760/ 1920
[CORRECT] Time: 125295000 |         761/ 1920
[CORRECT] Time: 125305000 |         762/ 1920
[CORRECT] Time: 125635000 |         763/ 1920
[CORRECT] Time: 125645000 |         764/ 1920
[CORRECT] Time: 125975000 |         765/ 1920
[CORRECT] Time: 125985000 |         766/ 1920
[CORRECT] Time: 126315000 |         767/ 1920
[CORRECT] Time: 126325000 |         768/ 1920
[CORRECT] Time: 126655000 |         769/ 1920
[CORRECT] Time: 126665000 |         770/ 1920
[CORRECT] Time: 126995000 |         771/ 1920
[CORRECT] Time: 127005000 |         772/ 1920
[CORRECT] Time: 127335000 |         773/ 1920
[CORRECT] Time: 127345000 |         774/ 1920
[CORRECT] Time: 127675000 |         775/ 1920
[CORRECT] Time: 127685000 |         776/ 1920
[CORRECT] Time: 128015000 |         777/ 1920
[CORRECT] Time: 128025000 |         778/ 1920
[CORRECT] Time: 128355000 |         779/ 1920
[CORRECT] Time: 128365000 |         780/ 1920
[CORRECT] Time: 128695000 |         781/ 1920
[CORRECT] Time: 128705000 |         782/ 1920
[CORRECT] Time: 129035000 |         783/ 1920
[CORRECT] Time: 129045000 |         784/ 1920
[CORRECT] Time: 129375000 |         785/ 1920
[CORRECT] Time: 129385000 |         786/ 1920
[CORRECT] Time: 129715000 |         787/ 1920
[CORRECT] Time: 129725000 |         788/ 1920
[CORRECT] Time: 130055000 |         789/ 1920
[CORRECT] Time: 130065000 |         790/ 1920
[CORRECT] Time: 130395000 |         791/ 1920
[CORRECT] Time: 130405000 |         792/ 1920
[CORRECT] Time: 130735000 |         793/ 1920
[CORRECT] Time: 130745000 |         794/ 1920
[CORRECT] Time: 131075000 |         795/ 1920
[CORRECT] Time: 131085000 |         796/ 1920
[CORRECT] Time: 131415000 |         797/ 1920
[CORRECT] Time: 131425000 |         798/ 1920
[CORRECT] Time: 131755000 |         799/ 1920
[CORRECT] Time: 131765000 |         800/ 1920
[CORRECT] Time: 132095000 |         801/ 1920
[CORRECT] Time: 132105000 |         802/ 1920
[CORRECT] Time: 132435000 |         803/ 1920
[CORRECT] Time: 132445000 |         804/ 1920
[CORRECT] Time: 132775000 |         805/ 1920
[CORRECT] Time: 132785000 |         806/ 1920
[CORRECT] Time: 133115000 |         807/ 1920
[CORRECT] Time: 133125000 |         808/ 1920
[CORRECT] Time: 133455000 |         809/ 1920
[CORRECT] Time: 133465000 |         810/ 1920
[CORRECT] Time: 133795000 |         811/ 1920
[CORRECT] Time: 133805000 |         812/ 1920
[CORRECT] Time: 134135000 |         813/ 1920
[CORRECT] Time: 134145000 |         814/ 1920
[CORRECT] Time: 134475000 |         815/ 1920
[CORRECT] Time: 134485000 |         816/ 1920
[CORRECT] Time: 134815000 |         817/ 1920
[CORRECT] Time: 134825000 |         818/ 1920
[CORRECT] Time: 135155000 |         819/ 1920
[CORRECT] Time: 135165000 |         820/ 1920
[CORRECT] Time: 135495000 |         821/ 1920
[CORRECT] Time: 135505000 |         822/ 1920
[CORRECT] Time: 135835000 |         823/ 1920
[CORRECT] Time: 135845000 |         824/ 1920
[CORRECT] Time: 136175000 |         825/ 1920
[CORRECT] Time: 136185000 |         826/ 1920
[CORRECT] Time: 136515000 |         827/ 1920
[CORRECT] Time: 136525000 |         828/ 1920
[CORRECT] Time: 136855000 |         829/ 1920
[CORRECT] Time: 136865000 |         830/ 1920
[CORRECT] Time: 137195000 |         831/ 1920
[CORRECT] Time: 137205000 |         832/ 1920
[CORRECT] Time: 137535000 |         833/ 1920
[CORRECT] Time: 137545000 |         834/ 1920
[CORRECT] Time: 137875000 |         835/ 1920
[CORRECT] Time: 137885000 |         836/ 1920
[CORRECT] Time: 138215000 |         837/ 1920
[CORRECT] Time: 138225000 |         838/ 1920
[CORRECT] Time: 138555000 |         839/ 1920
[CORRECT] Time: 138565000 |         840/ 1920
[CORRECT] Time: 138895000 |         841/ 1920
[CORRECT] Time: 138905000 |         842/ 1920
[CORRECT] Time: 139235000 |         843/ 1920
[CORRECT] Time: 139245000 |         844/ 1920
[CORRECT] Time: 139575000 |         845/ 1920
[CORRECT] Time: 139585000 |         846/ 1920
[CORRECT] Time: 139915000 |         847/ 1920
[CORRECT] Time: 139925000 |         848/ 1920
[CORRECT] Time: 140255000 |         849/ 1920
[CORRECT] Time: 140265000 |         850/ 1920
[CORRECT] Time: 140595000 |         851/ 1920
[CORRECT] Time: 140605000 |         852/ 1920
[CORRECT] Time: 140935000 |         853/ 1920
[CORRECT] Time: 140945000 |         854/ 1920
[CORRECT] Time: 141275000 |         855/ 1920
[CORRECT] Time: 141285000 |         856/ 1920
[CORRECT] Time: 141615000 |         857/ 1920
[CORRECT] Time: 141625000 |         858/ 1920
[CORRECT] Time: 141955000 |         859/ 1920
[CORRECT] Time: 141965000 |         860/ 1920
[CORRECT] Time: 142295000 |         861/ 1920
[CORRECT] Time: 142305000 |         862/ 1920
[CORRECT] Time: 142635000 |         863/ 1920
[CORRECT] Time: 142645000 |         864/ 1920
[CORRECT] Time: 142975000 |         865/ 1920
[CORRECT] Time: 142985000 |         866/ 1920
[CORRECT] Time: 143315000 |         867/ 1920
[CORRECT] Time: 143325000 |         868/ 1920
[CORRECT] Time: 143655000 |         869/ 1920
[CORRECT] Time: 143665000 |         870/ 1920
[CORRECT] Time: 143995000 |         871/ 1920
[CORRECT] Time: 144005000 |         872/ 1920
[CORRECT] Time: 144335000 |         873/ 1920
[CORRECT] Time: 144345000 |         874/ 1920
[CORRECT] Time: 144675000 |         875/ 1920
[CORRECT] Time: 144685000 |         876/ 1920
[CORRECT] Time: 145015000 |         877/ 1920
[CORRECT] Time: 145025000 |         878/ 1920
[CORRECT] Time: 145355000 |         879/ 1920
[CORRECT] Time: 145365000 |         880/ 1920
[CORRECT] Time: 145695000 |         881/ 1920
[CORRECT] Time: 145705000 |         882/ 1920
[CORRECT] Time: 146035000 |         883/ 1920
[CORRECT] Time: 146045000 |         884/ 1920
[CORRECT] Time: 146375000 |         885/ 1920
[CORRECT] Time: 146385000 |         886/ 1920
[CORRECT] Time: 146715000 |         887/ 1920
[CORRECT] Time: 146725000 |         888/ 1920
[CORRECT] Time: 147055000 |         889/ 1920
[CORRECT] Time: 147065000 |         890/ 1920
[CORRECT] Time: 147395000 |         891/ 1920
[CORRECT] Time: 147405000 |         892/ 1920
[CORRECT] Time: 147735000 |         893/ 1920
[CORRECT] Time: 147745000 |         894/ 1920
[CORRECT] Time: 148075000 |         895/ 1920
[CORRECT] Time: 148085000 |         896/ 1920
[CORRECT] Time: 148415000 |         897/ 1920
[CORRECT] Time: 148425000 |         898/ 1920
[CORRECT] Time: 148755000 |         899/ 1920
[CORRECT] Time: 148765000 |         900/ 1920
[CORRECT] Time: 149095000 |         901/ 1920
[CORRECT] Time: 149105000 |         902/ 1920
[CORRECT] Time: 149435000 |         903/ 1920
[CORRECT] Time: 149445000 |         904/ 1920
[CORRECT] Time: 149775000 |         905/ 1920
[CORRECT] Time: 149785000 |         906/ 1920
[CORRECT] Time: 150115000 |         907/ 1920
[CORRECT] Time: 150125000 |         908/ 1920
[CORRECT] Time: 150455000 |         909/ 1920
[CORRECT] Time: 150465000 |         910/ 1920
[CORRECT] Time: 150795000 |         911/ 1920
[CORRECT] Time: 150805000 |         912/ 1920
[CORRECT] Time: 151135000 |         913/ 1920
[CORRECT] Time: 151145000 |         914/ 1920
[CORRECT] Time: 151475000 |         915/ 1920
[CORRECT] Time: 151485000 |         916/ 1920
[CORRECT] Time: 151815000 |         917/ 1920
[CORRECT] Time: 151825000 |         918/ 1920
[CORRECT] Time: 152155000 |         919/ 1920
[CORRECT] Time: 152165000 |         920/ 1920
[CORRECT] Time: 152495000 |         921/ 1920
[CORRECT] Time: 152505000 |         922/ 1920
[CORRECT] Time: 152835000 |         923/ 1920
[CORRECT] Time: 152845000 |         924/ 1920
[CORRECT] Time: 153175000 |         925/ 1920
[CORRECT] Time: 153185000 |         926/ 1920
[CORRECT] Time: 153515000 |         927/ 1920
[CORRECT] Time: 153525000 |         928/ 1920
[CORRECT] Time: 153855000 |         929/ 1920
[CORRECT] Time: 153865000 |         930/ 1920
[CORRECT] Time: 154195000 |         931/ 1920
[CORRECT] Time: 154205000 |         932/ 1920
[CORRECT] Time: 154535000 |         933/ 1920
[CORRECT] Time: 154545000 |         934/ 1920
[CORRECT] Time: 154875000 |         935/ 1920
[CORRECT] Time: 154885000 |         936/ 1920
[CORRECT] Time: 155215000 |         937/ 1920
[CORRECT] Time: 155225000 |         938/ 1920
[CORRECT] Time: 155555000 |         939/ 1920
[CORRECT] Time: 155565000 |         940/ 1920
[CORRECT] Time: 155895000 |         941/ 1920
[CORRECT] Time: 155905000 |         942/ 1920
[CORRECT] Time: 156235000 |         943/ 1920
[CORRECT] Time: 156245000 |         944/ 1920
[CORRECT] Time: 156575000 |         945/ 1920
[CORRECT] Time: 156585000 |         946/ 1920
[CORRECT] Time: 156915000 |         947/ 1920
[CORRECT] Time: 156925000 |         948/ 1920
[CORRECT] Time: 157255000 |         949/ 1920
[CORRECT] Time: 157265000 |         950/ 1920
[CORRECT] Time: 157595000 |         951/ 1920
[CORRECT] Time: 157605000 |         952/ 1920
[CORRECT] Time: 157935000 |         953/ 1920
[CORRECT] Time: 157945000 |         954/ 1920
[CORRECT] Time: 158275000 |         955/ 1920
[CORRECT] Time: 158285000 |         956/ 1920
[CORRECT] Time: 158615000 |         957/ 1920
[CORRECT] Time: 158625000 |         958/ 1920
[CORRECT] Time: 158955000 |         959/ 1920
[CORRECT] Time: 158965000 |         960/ 1920
[CORRECT] Time: 159255000 |         961/ 1920
[CORRECT] Time: 159265000 |         962/ 1920
[CORRECT] Time: 159555000 |         963/ 1920
[CORRECT] Time: 159565000 |         964/ 1920
[CORRECT] Time: 159855000 |         965/ 1920
[CORRECT] Time: 159865000 |         966/ 1920
[CORRECT] Time: 160155000 |         967/ 1920
[CORRECT] Time: 160165000 |         968/ 1920
[CORRECT] Time: 160455000 |         969/ 1920
[CORRECT] Time: 160465000 |         970/ 1920
[CORRECT] Time: 160755000 |         971/ 1920
[CORRECT] Time: 160765000 |         972/ 1920
[CORRECT] Time: 161055000 |         973/ 1920
[CORRECT] Time: 161065000 |         974/ 1920
[CORRECT] Time: 161355000 |         975/ 1920
[CORRECT] Time: 161365000 |         976/ 1920
[CORRECT] Time: 161655000 |         977/ 1920
[CORRECT] Time: 161665000 |         978/ 1920
[CORRECT] Time: 161955000 |         979/ 1920
[CORRECT] Time: 161965000 |         980/ 1920
[CORRECT] Time: 162255000 |         981/ 1920
[CORRECT] Time: 162265000 |         982/ 1920
[CORRECT] Time: 162555000 |         983/ 1920
[CORRECT] Time: 162565000 |         984/ 1920
[CORRECT] Time: 162855000 |         985/ 1920
[CORRECT] Time: 162865000 |         986/ 1920
[CORRECT] Time: 163155000 |         987/ 1920
[CORRECT] Time: 163165000 |         988/ 1920
[CORRECT] Time: 163455000 |         989/ 1920
[CORRECT] Time: 163465000 |         990/ 1920
[CORRECT] Time: 163795000 |         991/ 1920
[CORRECT] Time: 163805000 |         992/ 1920
[CORRECT] Time: 164135000 |         993/ 1920
[CORRECT] Time: 164145000 |         994/ 1920
[CORRECT] Time: 164475000 |         995/ 1920
[CORRECT] Time: 164485000 |         996/ 1920
[CORRECT] Time: 164815000 |         997/ 1920
[CORRECT] Time: 164825000 |         998/ 1920
[CORRECT] Time: 165155000 |         999/ 1920
[CORRECT] Time: 165165000 |        1000/ 1920
[CORRECT] Time: 165495000 |        1001/ 1920
[CORRECT] Time: 165505000 |        1002/ 1920
[CORRECT] Time: 165835000 |        1003/ 1920
[CORRECT] Time: 165845000 |        1004/ 1920
[CORRECT] Time: 166175000 |        1005/ 1920
[CORRECT] Time: 166185000 |        1006/ 1920
[CORRECT] Time: 166515000 |        1007/ 1920
[CORRECT] Time: 166525000 |        1008/ 1920
[CORRECT] Time: 166855000 |        1009/ 1920
[CORRECT] Time: 166865000 |        1010/ 1920
[CORRECT] Time: 167195000 |        1011/ 1920
[CORRECT] Time: 167205000 |        1012/ 1920
[CORRECT] Time: 167535000 |        1013/ 1920
[CORRECT] Time: 167545000 |        1014/ 1920
[CORRECT] Time: 167875000 |        1015/ 1920
[CORRECT] Time: 167885000 |        1016/ 1920
[CORRECT] Time: 168215000 |        1017/ 1920
[CORRECT] Time: 168225000 |        1018/ 1920
[CORRECT] Time: 168555000 |        1019/ 1920
[CORRECT] Time: 168565000 |        1020/ 1920
[CORRECT] Time: 168895000 |        1021/ 1920
[CORRECT] Time: 168905000 |        1022/ 1920
[CORRECT] Time: 169235000 |        1023/ 1920
[CORRECT] Time: 169245000 |        1024/ 1920
[CORRECT] Time: 169575000 |        1025/ 1920
[CORRECT] Time: 169585000 |        1026/ 1920
[CORRECT] Time: 169915000 |        1027/ 1920
[CORRECT] Time: 169925000 |        1028/ 1920
[CORRECT] Time: 170255000 |        1029/ 1920
[CORRECT] Time: 170265000 |        1030/ 1920
[CORRECT] Time: 170595000 |        1031/ 1920
[CORRECT] Time: 170605000 |        1032/ 1920
[CORRECT] Time: 170935000 |        1033/ 1920
[CORRECT] Time: 170945000 |        1034/ 1920
[CORRECT] Time: 171275000 |        1035/ 1920
[CORRECT] Time: 171285000 |        1036/ 1920
[CORRECT] Time: 171615000 |        1037/ 1920
[CORRECT] Time: 171625000 |        1038/ 1920
[CORRECT] Time: 171955000 |        1039/ 1920
[CORRECT] Time: 171965000 |        1040/ 1920
[CORRECT] Time: 172295000 |        1041/ 1920
[CORRECT] Time: 172305000 |        1042/ 1920
[CORRECT] Time: 172635000 |        1043/ 1920
[CORRECT] Time: 172645000 |        1044/ 1920
[CORRECT] Time: 172975000 |        1045/ 1920
[CORRECT] Time: 172985000 |        1046/ 1920
[CORRECT] Time: 173315000 |        1047/ 1920
[CORRECT] Time: 173325000 |        1048/ 1920
[CORRECT] Time: 173655000 |        1049/ 1920
[CORRECT] Time: 173665000 |        1050/ 1920
[CORRECT] Time: 173995000 |        1051/ 1920
[CORRECT] Time: 174005000 |        1052/ 1920
[CORRECT] Time: 174335000 |        1053/ 1920
[CORRECT] Time: 174345000 |        1054/ 1920
[CORRECT] Time: 174675000 |        1055/ 1920
[CORRECT] Time: 174685000 |        1056/ 1920
[CORRECT] Time: 175015000 |        1057/ 1920
[CORRECT] Time: 175025000 |        1058/ 1920
[CORRECT] Time: 175355000 |        1059/ 1920
[CORRECT] Time: 175365000 |        1060/ 1920
[CORRECT] Time: 175695000 |        1061/ 1920
[CORRECT] Time: 175705000 |        1062/ 1920
[CORRECT] Time: 176035000 |        1063/ 1920
[CORRECT] Time: 176045000 |        1064/ 1920
[CORRECT] Time: 176375000 |        1065/ 1920
[CORRECT] Time: 176385000 |        1066/ 1920
[CORRECT] Time: 176715000 |        1067/ 1920
[CORRECT] Time: 176725000 |        1068/ 1920
[CORRECT] Time: 177055000 |        1069/ 1920
[CORRECT] Time: 177065000 |        1070/ 1920
[CORRECT] Time: 177395000 |        1071/ 1920
[CORRECT] Time: 177405000 |        1072/ 1920
[CORRECT] Time: 177735000 |        1073/ 1920
[CORRECT] Time: 177745000 |        1074/ 1920
[CORRECT] Time: 178075000 |        1075/ 1920
[CORRECT] Time: 178085000 |        1076/ 1920
[CORRECT] Time: 178415000 |        1077/ 1920
[CORRECT] Time: 178425000 |        1078/ 1920
[CORRECT] Time: 178755000 |        1079/ 1920
[CORRECT] Time: 178765000 |        1080/ 1920
[CORRECT] Time: 179095000 |        1081/ 1920
[CORRECT] Time: 179105000 |        1082/ 1920
[CORRECT] Time: 179435000 |        1083/ 1920
[CORRECT] Time: 179445000 |        1084/ 1920
[CORRECT] Time: 179775000 |        1085/ 1920
[CORRECT] Time: 179785000 |        1086/ 1920
[CORRECT] Time: 180115000 |        1087/ 1920
[CORRECT] Time: 180125000 |        1088/ 1920
[CORRECT] Time: 180455000 |        1089/ 1920
[CORRECT] Time: 180465000 |        1090/ 1920
[CORRECT] Time: 180795000 |        1091/ 1920
[CORRECT] Time: 180805000 |        1092/ 1920
[CORRECT] Time: 181135000 |        1093/ 1920
[CORRECT] Time: 181145000 |        1094/ 1920
[CORRECT] Time: 181475000 |        1095/ 1920
[CORRECT] Time: 181485000 |        1096/ 1920
[CORRECT] Time: 181815000 |        1097/ 1920
[CORRECT] Time: 181825000 |        1098/ 1920
[CORRECT] Time: 182155000 |        1099/ 1920
[CORRECT] Time: 182165000 |        1100/ 1920
[CORRECT] Time: 182495000 |        1101/ 1920
[CORRECT] Time: 182505000 |        1102/ 1920
[CORRECT] Time: 182835000 |        1103/ 1920
[CORRECT] Time: 182845000 |        1104/ 1920
[CORRECT] Time: 183175000 |        1105/ 1920
[CORRECT] Time: 183185000 |        1106/ 1920
[CORRECT] Time: 183515000 |        1107/ 1920
[CORRECT] Time: 183525000 |        1108/ 1920
[CORRECT] Time: 183855000 |        1109/ 1920
[CORRECT] Time: 183865000 |        1110/ 1920
[CORRECT] Time: 184195000 |        1111/ 1920
[CORRECT] Time: 184205000 |        1112/ 1920
[CORRECT] Time: 184535000 |        1113/ 1920
[CORRECT] Time: 184545000 |        1114/ 1920
[CORRECT] Time: 184875000 |        1115/ 1920
[CORRECT] Time: 184885000 |        1116/ 1920
[CORRECT] Time: 185215000 |        1117/ 1920
[CORRECT] Time: 185225000 |        1118/ 1920
[CORRECT] Time: 185555000 |        1119/ 1920
[CORRECT] Time: 185565000 |        1120/ 1920
[CORRECT] Time: 185895000 |        1121/ 1920
[CORRECT] Time: 185905000 |        1122/ 1920
[CORRECT] Time: 186235000 |        1123/ 1920
[CORRECT] Time: 186245000 |        1124/ 1920
[CORRECT] Time: 186575000 |        1125/ 1920
[CORRECT] Time: 186585000 |        1126/ 1920
[CORRECT] Time: 186915000 |        1127/ 1920
[CORRECT] Time: 186925000 |        1128/ 1920
[CORRECT] Time: 187255000 |        1129/ 1920
[CORRECT] Time: 187265000 |        1130/ 1920
[CORRECT] Time: 187595000 |        1131/ 1920
[CORRECT] Time: 187605000 |        1132/ 1920
[CORRECT] Time: 187935000 |        1133/ 1920
[CORRECT] Time: 187945000 |        1134/ 1920
[CORRECT] Time: 188275000 |        1135/ 1920
[CORRECT] Time: 188285000 |        1136/ 1920
[CORRECT] Time: 188615000 |        1137/ 1920
[CORRECT] Time: 188625000 |        1138/ 1920
[CORRECT] Time: 188955000 |        1139/ 1920
[CORRECT] Time: 188965000 |        1140/ 1920
[CORRECT] Time: 189295000 |        1141/ 1920
[CORRECT] Time: 189305000 |        1142/ 1920
[CORRECT] Time: 189635000 |        1143/ 1920
[CORRECT] Time: 189645000 |        1144/ 1920
[CORRECT] Time: 189975000 |        1145/ 1920
[CORRECT] Time: 189985000 |        1146/ 1920
[CORRECT] Time: 190315000 |        1147/ 1920
[CORRECT] Time: 190325000 |        1148/ 1920
[CORRECT] Time: 190655000 |        1149/ 1920
[CORRECT] Time: 190665000 |        1150/ 1920
[CORRECT] Time: 190995000 |        1151/ 1920
[CORRECT] Time: 191005000 |        1152/ 1920
[CORRECT] Time: 191335000 |        1153/ 1920
[CORRECT] Time: 191345000 |        1154/ 1920
[CORRECT] Time: 191675000 |        1155/ 1920
[CORRECT] Time: 191685000 |        1156/ 1920
[CORRECT] Time: 192015000 |        1157/ 1920
[CORRECT] Time: 192025000 |        1158/ 1920
[CORRECT] Time: 192355000 |        1159/ 1920
[CORRECT] Time: 192365000 |        1160/ 1920
[CORRECT] Time: 192695000 |        1161/ 1920
[CORRECT] Time: 192705000 |        1162/ 1920
[CORRECT] Time: 193035000 |        1163/ 1920
[CORRECT] Time: 193045000 |        1164/ 1920
[CORRECT] Time: 193375000 |        1165/ 1920
[CORRECT] Time: 193385000 |        1166/ 1920
[CORRECT] Time: 193715000 |        1167/ 1920
[CORRECT] Time: 193725000 |        1168/ 1920
[CORRECT] Time: 194055000 |        1169/ 1920
[CORRECT] Time: 194065000 |        1170/ 1920
[CORRECT] Time: 194395000 |        1171/ 1920
[CORRECT] Time: 194405000 |        1172/ 1920
[CORRECT] Time: 194735000 |        1173/ 1920
[CORRECT] Time: 194745000 |        1174/ 1920
[CORRECT] Time: 195075000 |        1175/ 1920
[CORRECT] Time: 195085000 |        1176/ 1920
[CORRECT] Time: 195415000 |        1177/ 1920
[CORRECT] Time: 195425000 |        1178/ 1920
[CORRECT] Time: 195755000 |        1179/ 1920
[CORRECT] Time: 195765000 |        1180/ 1920
[CORRECT] Time: 196095000 |        1181/ 1920
[CORRECT] Time: 196105000 |        1182/ 1920
[CORRECT] Time: 196435000 |        1183/ 1920
[CORRECT] Time: 196445000 |        1184/ 1920
[CORRECT] Time: 196775000 |        1185/ 1920
[CORRECT] Time: 196785000 |        1186/ 1920
[CORRECT] Time: 197115000 |        1187/ 1920
[CORRECT] Time: 197125000 |        1188/ 1920
[CORRECT] Time: 197455000 |        1189/ 1920
[CORRECT] Time: 197465000 |        1190/ 1920
[CORRECT] Time: 197795000 |        1191/ 1920
[CORRECT] Time: 197805000 |        1192/ 1920
[CORRECT] Time: 198135000 |        1193/ 1920
[CORRECT] Time: 198145000 |        1194/ 1920
[CORRECT] Time: 198475000 |        1195/ 1920
[CORRECT] Time: 198485000 |        1196/ 1920
[CORRECT] Time: 198815000 |        1197/ 1920
[CORRECT] Time: 198825000 |        1198/ 1920
[CORRECT] Time: 199155000 |        1199/ 1920
[CORRECT] Time: 199165000 |        1200/ 1920
[CORRECT] Time: 199455000 |        1201/ 1920
[CORRECT] Time: 199465000 |        1202/ 1920
[CORRECT] Time: 199755000 |        1203/ 1920
[CORRECT] Time: 199765000 |        1204/ 1920
[CORRECT] Time: 200055000 |        1205/ 1920
[CORRECT] Time: 200065000 |        1206/ 1920
[CORRECT] Time: 200355000 |        1207/ 1920
[CORRECT] Time: 200365000 |        1208/ 1920
[CORRECT] Time: 200655000 |        1209/ 1920
[CORRECT] Time: 200665000 |        1210/ 1920
[CORRECT] Time: 200955000 |        1211/ 1920
[CORRECT] Time: 200965000 |        1212/ 1920
[CORRECT] Time: 201255000 |        1213/ 1920
[CORRECT] Time: 201265000 |        1214/ 1920
[CORRECT] Time: 201555000 |        1215/ 1920
[CORRECT] Time: 201565000 |        1216/ 1920
[CORRECT] Time: 201855000 |        1217/ 1920
[CORRECT] Time: 201865000 |        1218/ 1920
[CORRECT] Time: 202155000 |        1219/ 1920
[CORRECT] Time: 202165000 |        1220/ 1920
[CORRECT] Time: 202455000 |        1221/ 1920
[CORRECT] Time: 202465000 |        1222/ 1920
[CORRECT] Time: 202755000 |        1223/ 1920
[CORRECT] Time: 202765000 |        1224/ 1920
[CORRECT] Time: 203055000 |        1225/ 1920
[CORRECT] Time: 203065000 |        1226/ 1920
[CORRECT] Time: 203355000 |        1227/ 1920
[CORRECT] Time: 203365000 |        1228/ 1920
[CORRECT] Time: 203655000 |        1229/ 1920
[CORRECT] Time: 203665000 |        1230/ 1920
[CORRECT] Time: 203995000 |        1231/ 1920
[CORRECT] Time: 204005000 |        1232/ 1920
[CORRECT] Time: 204335000 |        1233/ 1920
[CORRECT] Time: 204345000 |        1234/ 1920
[CORRECT] Time: 204675000 |        1235/ 1920
[CORRECT] Time: 204685000 |        1236/ 1920
[CORRECT] Time: 205015000 |        1237/ 1920
[CORRECT] Time: 205025000 |        1238/ 1920
[CORRECT] Time: 205355000 |        1239/ 1920
[CORRECT] Time: 205365000 |        1240/ 1920
[CORRECT] Time: 205695000 |        1241/ 1920
[CORRECT] Time: 205705000 |        1242/ 1920
[CORRECT] Time: 206035000 |        1243/ 1920
[CORRECT] Time: 206045000 |        1244/ 1920
[CORRECT] Time: 206375000 |        1245/ 1920
[CORRECT] Time: 206385000 |        1246/ 1920
[CORRECT] Time: 206715000 |        1247/ 1920
[CORRECT] Time: 206725000 |        1248/ 1920
[CORRECT] Time: 207055000 |        1249/ 1920
[CORRECT] Time: 207065000 |        1250/ 1920
[CORRECT] Time: 207395000 |        1251/ 1920
[CORRECT] Time: 207405000 |        1252/ 1920
[CORRECT] Time: 207735000 |        1253/ 1920
[CORRECT] Time: 207745000 |        1254/ 1920
[CORRECT] Time: 208075000 |        1255/ 1920
[CORRECT] Time: 208085000 |        1256/ 1920
[CORRECT] Time: 208415000 |        1257/ 1920
[CORRECT] Time: 208425000 |        1258/ 1920
[CORRECT] Time: 208755000 |        1259/ 1920
[CORRECT] Time: 208765000 |        1260/ 1920
[CORRECT] Time: 209095000 |        1261/ 1920
[CORRECT] Time: 209105000 |        1262/ 1920
[CORRECT] Time: 209435000 |        1263/ 1920
[CORRECT] Time: 209445000 |        1264/ 1920
[CORRECT] Time: 209775000 |        1265/ 1920
[CORRECT] Time: 209785000 |        1266/ 1920
[CORRECT] Time: 210115000 |        1267/ 1920
[CORRECT] Time: 210125000 |        1268/ 1920
[CORRECT] Time: 210455000 |        1269/ 1920
[CORRECT] Time: 210465000 |        1270/ 1920
[CORRECT] Time: 210795000 |        1271/ 1920
[CORRECT] Time: 210805000 |        1272/ 1920
[CORRECT] Time: 211135000 |        1273/ 1920
[CORRECT] Time: 211145000 |        1274/ 1920
[CORRECT] Time: 211475000 |        1275/ 1920
[CORRECT] Time: 211485000 |        1276/ 1920
[CORRECT] Time: 211815000 |        1277/ 1920
[CORRECT] Time: 211825000 |        1278/ 1920
[CORRECT] Time: 212155000 |        1279/ 1920
[CORRECT] Time: 212165000 |        1280/ 1920
[CORRECT] Time: 212495000 |        1281/ 1920
[CORRECT] Time: 212505000 |        1282/ 1920
[CORRECT] Time: 212835000 |        1283/ 1920
[CORRECT] Time: 212845000 |        1284/ 1920
[CORRECT] Time: 213175000 |        1285/ 1920
[CORRECT] Time: 213185000 |        1286/ 1920
[CORRECT] Time: 213515000 |        1287/ 1920
[CORRECT] Time: 213525000 |        1288/ 1920
[CORRECT] Time: 213855000 |        1289/ 1920
[CORRECT] Time: 213865000 |        1290/ 1920
[CORRECT] Time: 214195000 |        1291/ 1920
[CORRECT] Time: 214205000 |        1292/ 1920
[CORRECT] Time: 214535000 |        1293/ 1920
[CORRECT] Time: 214545000 |        1294/ 1920
[CORRECT] Time: 214875000 |        1295/ 1920
[CORRECT] Time: 214885000 |        1296/ 1920
[CORRECT] Time: 215215000 |        1297/ 1920
[CORRECT] Time: 215225000 |        1298/ 1920
[CORRECT] Time: 215555000 |        1299/ 1920
[CORRECT] Time: 215565000 |        1300/ 1920
[CORRECT] Time: 215895000 |        1301/ 1920
[CORRECT] Time: 215905000 |        1302/ 1920
[CORRECT] Time: 216235000 |        1303/ 1920
[CORRECT] Time: 216245000 |        1304/ 1920
[CORRECT] Time: 216575000 |        1305/ 1920
[CORRECT] Time: 216585000 |        1306/ 1920
[CORRECT] Time: 216915000 |        1307/ 1920
[CORRECT] Time: 216925000 |        1308/ 1920
[CORRECT] Time: 217255000 |        1309/ 1920
[CORRECT] Time: 217265000 |        1310/ 1920
[CORRECT] Time: 217595000 |        1311/ 1920
[CORRECT] Time: 217605000 |        1312/ 1920
[CORRECT] Time: 217935000 |        1313/ 1920
[CORRECT] Time: 217945000 |        1314/ 1920
[CORRECT] Time: 218275000 |        1315/ 1920
[CORRECT] Time: 218285000 |        1316/ 1920
[CORRECT] Time: 218615000 |        1317/ 1920
[CORRECT] Time: 218625000 |        1318/ 1920
[CORRECT] Time: 218955000 |        1319/ 1920
[CORRECT] Time: 218965000 |        1320/ 1920
[CORRECT] Time: 219295000 |        1321/ 1920
[CORRECT] Time: 219305000 |        1322/ 1920
[CORRECT] Time: 219635000 |        1323/ 1920
[CORRECT] Time: 219645000 |        1324/ 1920
[CORRECT] Time: 219975000 |        1325/ 1920
[CORRECT] Time: 219985000 |        1326/ 1920
[CORRECT] Time: 220315000 |        1327/ 1920
[CORRECT] Time: 220325000 |        1328/ 1920
[CORRECT] Time: 220655000 |        1329/ 1920
[CORRECT] Time: 220665000 |        1330/ 1920
[CORRECT] Time: 220995000 |        1331/ 1920
[CORRECT] Time: 221005000 |        1332/ 1920
[CORRECT] Time: 221335000 |        1333/ 1920
[CORRECT] Time: 221345000 |        1334/ 1920
[CORRECT] Time: 221675000 |        1335/ 1920
[CORRECT] Time: 221685000 |        1336/ 1920
[CORRECT] Time: 222015000 |        1337/ 1920
[CORRECT] Time: 222025000 |        1338/ 1920
[CORRECT] Time: 222355000 |        1339/ 1920
[CORRECT] Time: 222365000 |        1340/ 1920
[CORRECT] Time: 222695000 |        1341/ 1920
[CORRECT] Time: 222705000 |        1342/ 1920
[CORRECT] Time: 223035000 |        1343/ 1920
[CORRECT] Time: 223045000 |        1344/ 1920
[CORRECT] Time: 223375000 |        1345/ 1920
[CORRECT] Time: 223385000 |        1346/ 1920
[CORRECT] Time: 223715000 |        1347/ 1920
[CORRECT] Time: 223725000 |        1348/ 1920
[CORRECT] Time: 224055000 |        1349/ 1920
[CORRECT] Time: 224065000 |        1350/ 1920
[CORRECT] Time: 224395000 |        1351/ 1920
[CORRECT] Time: 224405000 |        1352/ 1920
[CORRECT] Time: 224735000 |        1353/ 1920
[CORRECT] Time: 224745000 |        1354/ 1920
[CORRECT] Time: 225075000 |        1355/ 1920
[CORRECT] Time: 225085000 |        1356/ 1920
[CORRECT] Time: 225415000 |        1357/ 1920
[CORRECT] Time: 225425000 |        1358/ 1920
[CORRECT] Time: 225755000 |        1359/ 1920
[CORRECT] Time: 225765000 |        1360/ 1920
[CORRECT] Time: 226095000 |        1361/ 1920
[CORRECT] Time: 226105000 |        1362/ 1920
[CORRECT] Time: 226435000 |        1363/ 1920
[CORRECT] Time: 226445000 |        1364/ 1920
[CORRECT] Time: 226775000 |        1365/ 1920
[CORRECT] Time: 226785000 |        1366/ 1920
[CORRECT] Time: 227115000 |        1367/ 1920
[CORRECT] Time: 227125000 |        1368/ 1920
[CORRECT] Time: 227455000 |        1369/ 1920
[CORRECT] Time: 227465000 |        1370/ 1920
[CORRECT] Time: 227795000 |        1371/ 1920
[CORRECT] Time: 227805000 |        1372/ 1920
[CORRECT] Time: 228135000 |        1373/ 1920
[CORRECT] Time: 228145000 |        1374/ 1920
[CORRECT] Time: 228475000 |        1375/ 1920
[CORRECT] Time: 228485000 |        1376/ 1920
[CORRECT] Time: 228815000 |        1377/ 1920
[CORRECT] Time: 228825000 |        1378/ 1920
[CORRECT] Time: 229155000 |        1379/ 1920
[CORRECT] Time: 229165000 |        1380/ 1920
[CORRECT] Time: 229495000 |        1381/ 1920
[CORRECT] Time: 229505000 |        1382/ 1920
[CORRECT] Time: 229835000 |        1383/ 1920
[CORRECT] Time: 229845000 |        1384/ 1920
[CORRECT] Time: 230175000 |        1385/ 1920
[CORRECT] Time: 230185000 |        1386/ 1920
[CORRECT] Time: 230515000 |        1387/ 1920
[CORRECT] Time: 230525000 |        1388/ 1920
[CORRECT] Time: 230855000 |        1389/ 1920
[CORRECT] Time: 230865000 |        1390/ 1920
[CORRECT] Time: 231195000 |        1391/ 1920
[CORRECT] Time: 231205000 |        1392/ 1920
[CORRECT] Time: 231535000 |        1393/ 1920
[CORRECT] Time: 231545000 |        1394/ 1920
[CORRECT] Time: 231875000 |        1395/ 1920
[CORRECT] Time: 231885000 |        1396/ 1920
[CORRECT] Time: 232215000 |        1397/ 1920
[CORRECT] Time: 232225000 |        1398/ 1920
[CORRECT] Time: 232555000 |        1399/ 1920
[CORRECT] Time: 232565000 |        1400/ 1920
[CORRECT] Time: 232895000 |        1401/ 1920
[CORRECT] Time: 232905000 |        1402/ 1920
[CORRECT] Time: 233235000 |        1403/ 1920
[CORRECT] Time: 233245000 |        1404/ 1920
[CORRECT] Time: 233575000 |        1405/ 1920
[CORRECT] Time: 233585000 |        1406/ 1920
[CORRECT] Time: 233915000 |        1407/ 1920
[CORRECT] Time: 233925000 |        1408/ 1920
[CORRECT] Time: 234255000 |        1409/ 1920
[CORRECT] Time: 234265000 |        1410/ 1920
[CORRECT] Time: 234595000 |        1411/ 1920
[CORRECT] Time: 234605000 |        1412/ 1920
[CORRECT] Time: 234935000 |        1413/ 1920
[CORRECT] Time: 234945000 |        1414/ 1920
[CORRECT] Time: 235275000 |        1415/ 1920
[CORRECT] Time: 235285000 |        1416/ 1920
[CORRECT] Time: 235615000 |        1417/ 1920
[CORRECT] Time: 235625000 |        1418/ 1920
[CORRECT] Time: 235955000 |        1419/ 1920
[CORRECT] Time: 235965000 |        1420/ 1920
[CORRECT] Time: 236295000 |        1421/ 1920
[CORRECT] Time: 236305000 |        1422/ 1920
[CORRECT] Time: 236635000 |        1423/ 1920
[CORRECT] Time: 236645000 |        1424/ 1920
[CORRECT] Time: 236975000 |        1425/ 1920
[CORRECT] Time: 236985000 |        1426/ 1920
[CORRECT] Time: 237315000 |        1427/ 1920
[CORRECT] Time: 237325000 |        1428/ 1920
[CORRECT] Time: 237655000 |        1429/ 1920
[CORRECT] Time: 237665000 |        1430/ 1920
[CORRECT] Time: 237995000 |        1431/ 1920
[CORRECT] Time: 238005000 |        1432/ 1920
[CORRECT] Time: 238335000 |        1433/ 1920
[CORRECT] Time: 238345000 |        1434/ 1920
[CORRECT] Time: 238675000 |        1435/ 1920
[CORRECT] Time: 238685000 |        1436/ 1920
[CORRECT] Time: 239015000 |        1437/ 1920
[CORRECT] Time: 239025000 |        1438/ 1920
[CORRECT] Time: 239355000 |        1439/ 1920
[CORRECT] Time: 239365000 |        1440/ 1920
[CORRECT] Time: 239655000 |        1441/ 1920
[CORRECT] Time: 239665000 |        1442/ 1920
[CORRECT] Time: 239955000 |        1443/ 1920
[CORRECT] Time: 239965000 |        1444/ 1920
[CORRECT] Time: 240255000 |        1445/ 1920
[CORRECT] Time: 240265000 |        1446/ 1920
[CORRECT] Time: 240555000 |        1447/ 1920
[CORRECT] Time: 240565000 |        1448/ 1920
[CORRECT] Time: 240855000 |        1449/ 1920
[CORRECT] Time: 240865000 |        1450/ 1920
[CORRECT] Time: 241155000 |        1451/ 1920
[CORRECT] Time: 241165000 |        1452/ 1920
[CORRECT] Time: 241455000 |        1453/ 1920
[CORRECT] Time: 241465000 |        1454/ 1920
[CORRECT] Time: 241755000 |        1455/ 1920
[CORRECT] Time: 241765000 |        1456/ 1920
[CORRECT] Time: 242055000 |        1457/ 1920
[CORRECT] Time: 242065000 |        1458/ 1920
[CORRECT] Time: 242355000 |        1459/ 1920
[CORRECT] Time: 242365000 |        1460/ 1920
[CORRECT] Time: 242655000 |        1461/ 1920
[CORRECT] Time: 242665000 |        1462/ 1920
[CORRECT] Time: 242955000 |        1463/ 1920
[CORRECT] Time: 242965000 |        1464/ 1920
[CORRECT] Time: 243255000 |        1465/ 1920
[CORRECT] Time: 243265000 |        1466/ 1920
[CORRECT] Time: 243555000 |        1467/ 1920
[CORRECT] Time: 243565000 |        1468/ 1920
[CORRECT] Time: 243855000 |        1469/ 1920
[CORRECT] Time: 243865000 |        1470/ 1920
[CORRECT] Time: 244195000 |        1471/ 1920
[CORRECT] Time: 244205000 |        1472/ 1920
[CORRECT] Time: 244535000 |        1473/ 1920
[CORRECT] Time: 244545000 |        1474/ 1920
[CORRECT] Time: 244875000 |        1475/ 1920
[CORRECT] Time: 244885000 |        1476/ 1920
[CORRECT] Time: 245215000 |        1477/ 1920
[CORRECT] Time: 245225000 |        1478/ 1920
[CORRECT] Time: 245555000 |        1479/ 1920
[CORRECT] Time: 245565000 |        1480/ 1920
[CORRECT] Time: 245895000 |        1481/ 1920
[CORRECT] Time: 245905000 |        1482/ 1920
[CORRECT] Time: 246235000 |        1483/ 1920
[CORRECT] Time: 246245000 |        1484/ 1920
[CORRECT] Time: 246575000 |        1485/ 1920
[CORRECT] Time: 246585000 |        1486/ 1920
[CORRECT] Time: 246915000 |        1487/ 1920
[CORRECT] Time: 246925000 |        1488/ 1920
[CORRECT] Time: 247255000 |        1489/ 1920
[CORRECT] Time: 247265000 |        1490/ 1920
[CORRECT] Time: 247595000 |        1491/ 1920
[CORRECT] Time: 247605000 |        1492/ 1920
[CORRECT] Time: 247935000 |        1493/ 1920
[CORRECT] Time: 247945000 |        1494/ 1920
[CORRECT] Time: 248275000 |        1495/ 1920
[CORRECT] Time: 248285000 |        1496/ 1920
[CORRECT] Time: 248615000 |        1497/ 1920
[CORRECT] Time: 248625000 |        1498/ 1920
[CORRECT] Time: 248955000 |        1499/ 1920
[CORRECT] Time: 248965000 |        1500/ 1920
[CORRECT] Time: 249295000 |        1501/ 1920
[CORRECT] Time: 249305000 |        1502/ 1920
[CORRECT] Time: 249635000 |        1503/ 1920
[CORRECT] Time: 249645000 |        1504/ 1920
[CORRECT] Time: 249975000 |        1505/ 1920
[CORRECT] Time: 249985000 |        1506/ 1920
[CORRECT] Time: 250315000 |        1507/ 1920
[CORRECT] Time: 250325000 |        1508/ 1920
[CORRECT] Time: 250655000 |        1509/ 1920
[CORRECT] Time: 250665000 |        1510/ 1920
[CORRECT] Time: 250995000 |        1511/ 1920
[CORRECT] Time: 251005000 |        1512/ 1920
[CORRECT] Time: 251335000 |        1513/ 1920
[CORRECT] Time: 251345000 |        1514/ 1920
[CORRECT] Time: 251675000 |        1515/ 1920
[CORRECT] Time: 251685000 |        1516/ 1920
[CORRECT] Time: 252015000 |        1517/ 1920
[CORRECT] Time: 252025000 |        1518/ 1920
[CORRECT] Time: 252355000 |        1519/ 1920
[CORRECT] Time: 252365000 |        1520/ 1920
[CORRECT] Time: 252695000 |        1521/ 1920
[CORRECT] Time: 252705000 |        1522/ 1920
[CORRECT] Time: 253035000 |        1523/ 1920
[CORRECT] Time: 253045000 |        1524/ 1920
[CORRECT] Time: 253375000 |        1525/ 1920
[CORRECT] Time: 253385000 |        1526/ 1920
[CORRECT] Time: 253715000 |        1527/ 1920
[CORRECT] Time: 253725000 |        1528/ 1920
[CORRECT] Time: 254055000 |        1529/ 1920
[CORRECT] Time: 254065000 |        1530/ 1920
[CORRECT] Time: 254395000 |        1531/ 1920
[CORRECT] Time: 254405000 |        1532/ 1920
[CORRECT] Time: 254735000 |        1533/ 1920
[CORRECT] Time: 254745000 |        1534/ 1920
[CORRECT] Time: 255075000 |        1535/ 1920
[CORRECT] Time: 255085000 |        1536/ 1920
[CORRECT] Time: 255415000 |        1537/ 1920
[CORRECT] Time: 255425000 |        1538/ 1920
[CORRECT] Time: 255755000 |        1539/ 1920
[CORRECT] Time: 255765000 |        1540/ 1920
[CORRECT] Time: 256095000 |        1541/ 1920
[CORRECT] Time: 256105000 |        1542/ 1920
[CORRECT] Time: 256435000 |        1543/ 1920
[CORRECT] Time: 256445000 |        1544/ 1920
[CORRECT] Time: 256775000 |        1545/ 1920
[CORRECT] Time: 256785000 |        1546/ 1920
[CORRECT] Time: 257115000 |        1547/ 1920
[CORRECT] Time: 257125000 |        1548/ 1920
[CORRECT] Time: 257455000 |        1549/ 1920
[CORRECT] Time: 257465000 |        1550/ 1920
[CORRECT] Time: 257795000 |        1551/ 1920
[CORRECT] Time: 257805000 |        1552/ 1920
[CORRECT] Time: 258135000 |        1553/ 1920
[CORRECT] Time: 258145000 |        1554/ 1920
[CORRECT] Time: 258475000 |        1555/ 1920
[CORRECT] Time: 258485000 |        1556/ 1920
[CORRECT] Time: 258815000 |        1557/ 1920
[CORRECT] Time: 258825000 |        1558/ 1920
[CORRECT] Time: 259155000 |        1559/ 1920
[CORRECT] Time: 259165000 |        1560/ 1920
[CORRECT] Time: 259495000 |        1561/ 1920
[CORRECT] Time: 259505000 |        1562/ 1920
[CORRECT] Time: 259835000 |        1563/ 1920
[CORRECT] Time: 259845000 |        1564/ 1920
[CORRECT] Time: 260175000 |        1565/ 1920
[CORRECT] Time: 260185000 |        1566/ 1920
[CORRECT] Time: 260515000 |        1567/ 1920
[CORRECT] Time: 260525000 |        1568/ 1920
[CORRECT] Time: 260855000 |        1569/ 1920
[CORRECT] Time: 260865000 |        1570/ 1920
[CORRECT] Time: 261195000 |        1571/ 1920
[CORRECT] Time: 261205000 |        1572/ 1920
[CORRECT] Time: 261535000 |        1573/ 1920
[CORRECT] Time: 261545000 |        1574/ 1920
[CORRECT] Time: 261875000 |        1575/ 1920
[CORRECT] Time: 261885000 |        1576/ 1920
[CORRECT] Time: 262215000 |        1577/ 1920
[CORRECT] Time: 262225000 |        1578/ 1920
[CORRECT] Time: 262555000 |        1579/ 1920
[CORRECT] Time: 262565000 |        1580/ 1920
[CORRECT] Time: 262895000 |        1581/ 1920
[CORRECT] Time: 262905000 |        1582/ 1920
[CORRECT] Time: 263235000 |        1583/ 1920
[CORRECT] Time: 263245000 |        1584/ 1920
[CORRECT] Time: 263575000 |        1585/ 1920
[CORRECT] Time: 263585000 |        1586/ 1920
[CORRECT] Time: 263915000 |        1587/ 1920
[CORRECT] Time: 263925000 |        1588/ 1920
[CORRECT] Time: 264255000 |        1589/ 1920
[CORRECT] Time: 264265000 |        1590/ 1920
[CORRECT] Time: 264595000 |        1591/ 1920
[CORRECT] Time: 264605000 |        1592/ 1920
[CORRECT] Time: 264935000 |        1593/ 1920
[CORRECT] Time: 264945000 |        1594/ 1920
[CORRECT] Time: 265275000 |        1595/ 1920
[CORRECT] Time: 265285000 |        1596/ 1920
[CORRECT] Time: 265615000 |        1597/ 1920
[CORRECT] Time: 265625000 |        1598/ 1920
[CORRECT] Time: 265955000 |        1599/ 1920
[CORRECT] Time: 265965000 |        1600/ 1920
[CORRECT] Time: 266295000 |        1601/ 1920
[CORRECT] Time: 266305000 |        1602/ 1920
[CORRECT] Time: 266635000 |        1603/ 1920
[CORRECT] Time: 266645000 |        1604/ 1920
[CORRECT] Time: 266975000 |        1605/ 1920
[CORRECT] Time: 266985000 |        1606/ 1920
[CORRECT] Time: 267315000 |        1607/ 1920
[CORRECT] Time: 267325000 |        1608/ 1920
[CORRECT] Time: 267655000 |        1609/ 1920
[CORRECT] Time: 267665000 |        1610/ 1920
[CORRECT] Time: 267995000 |        1611/ 1920
[CORRECT] Time: 268005000 |        1612/ 1920
[CORRECT] Time: 268335000 |        1613/ 1920
[CORRECT] Time: 268345000 |        1614/ 1920
[CORRECT] Time: 268675000 |        1615/ 1920
[CORRECT] Time: 268685000 |        1616/ 1920
[CORRECT] Time: 269015000 |        1617/ 1920
[CORRECT] Time: 269025000 |        1618/ 1920
[CORRECT] Time: 269355000 |        1619/ 1920
[CORRECT] Time: 269365000 |        1620/ 1920
[CORRECT] Time: 269695000 |        1621/ 1920
[CORRECT] Time: 269705000 |        1622/ 1920
[CORRECT] Time: 270035000 |        1623/ 1920
[CORRECT] Time: 270045000 |        1624/ 1920
[CORRECT] Time: 270375000 |        1625/ 1920
[CORRECT] Time: 270385000 |        1626/ 1920
[CORRECT] Time: 270715000 |        1627/ 1920
[CORRECT] Time: 270725000 |        1628/ 1920
[CORRECT] Time: 271055000 |        1629/ 1920
[CORRECT] Time: 271065000 |        1630/ 1920
[CORRECT] Time: 271395000 |        1631/ 1920
[CORRECT] Time: 271405000 |        1632/ 1920
[CORRECT] Time: 271735000 |        1633/ 1920
[CORRECT] Time: 271745000 |        1634/ 1920
[CORRECT] Time: 272075000 |        1635/ 1920
[CORRECT] Time: 272085000 |        1636/ 1920
[CORRECT] Time: 272415000 |        1637/ 1920
[CORRECT] Time: 272425000 |        1638/ 1920
[CORRECT] Time: 272755000 |        1639/ 1920
[CORRECT] Time: 272765000 |        1640/ 1920
[CORRECT] Time: 273095000 |        1641/ 1920
[CORRECT] Time: 273105000 |        1642/ 1920
[CORRECT] Time: 273435000 |        1643/ 1920
[CORRECT] Time: 273445000 |        1644/ 1920
[CORRECT] Time: 273775000 |        1645/ 1920
[CORRECT] Time: 273785000 |        1646/ 1920
[CORRECT] Time: 274115000 |        1647/ 1920
[CORRECT] Time: 274125000 |        1648/ 1920
[CORRECT] Time: 274455000 |        1649/ 1920
[CORRECT] Time: 274465000 |        1650/ 1920
[CORRECT] Time: 274795000 |        1651/ 1920
[CORRECT] Time: 274805000 |        1652/ 1920
[CORRECT] Time: 275135000 |        1653/ 1920
[CORRECT] Time: 275145000 |        1654/ 1920
[CORRECT] Time: 275475000 |        1655/ 1920
[CORRECT] Time: 275485000 |        1656/ 1920
[CORRECT] Time: 275815000 |        1657/ 1920
[CORRECT] Time: 275825000 |        1658/ 1920
[CORRECT] Time: 276155000 |        1659/ 1920
[CORRECT] Time: 276165000 |        1660/ 1920
[CORRECT] Time: 276495000 |        1661/ 1920
[CORRECT] Time: 276505000 |        1662/ 1920
[CORRECT] Time: 276835000 |        1663/ 1920
[CORRECT] Time: 276845000 |        1664/ 1920
[CORRECT] Time: 277175000 |        1665/ 1920
[CORRECT] Time: 277185000 |        1666/ 1920
[CORRECT] Time: 277515000 |        1667/ 1920
[CORRECT] Time: 277525000 |        1668/ 1920
[CORRECT] Time: 277855000 |        1669/ 1920
[CORRECT] Time: 277865000 |        1670/ 1920
[CORRECT] Time: 278195000 |        1671/ 1920
[CORRECT] Time: 278205000 |        1672/ 1920
[CORRECT] Time: 278535000 |        1673/ 1920
[CORRECT] Time: 278545000 |        1674/ 1920
[CORRECT] Time: 278875000 |        1675/ 1920
[CORRECT] Time: 278885000 |        1676/ 1920
[CORRECT] Time: 279215000 |        1677/ 1920
[CORRECT] Time: 279225000 |        1678/ 1920
[CORRECT] Time: 279555000 |        1679/ 1920
[CORRECT] Time: 279565000 |        1680/ 1920
[CORRECT] Time: 279855000 |        1681/ 1920
[CORRECT] Time: 279865000 |        1682/ 1920
[CORRECT] Time: 280155000 |        1683/ 1920
[CORRECT] Time: 280165000 |        1684/ 1920
[CORRECT] Time: 280455000 |        1685/ 1920
[CORRECT] Time: 280465000 |        1686/ 1920
[CORRECT] Time: 280755000 |        1687/ 1920
[CORRECT] Time: 280765000 |        1688/ 1920
[CORRECT] Time: 281055000 |        1689/ 1920
[CORRECT] Time: 281065000 |        1690/ 1920
[CORRECT] Time: 281355000 |        1691/ 1920
[CORRECT] Time: 281365000 |        1692/ 1920
[CORRECT] Time: 281655000 |        1693/ 1920
[CORRECT] Time: 281665000 |        1694/ 1920
[CORRECT] Time: 281955000 |        1695/ 1920
[CORRECT] Time: 281965000 |        1696/ 1920
[CORRECT] Time: 282255000 |        1697/ 1920
[CORRECT] Time: 282265000 |        1698/ 1920
[CORRECT] Time: 282555000 |        1699/ 1920
[CORRECT] Time: 282565000 |        1700/ 1920
[CORRECT] Time: 282855000 |        1701/ 1920
[CORRECT] Time: 282865000 |        1702/ 1920
[CORRECT] Time: 283155000 |        1703/ 1920
[CORRECT] Time: 283165000 |        1704/ 1920
[CORRECT] Time: 283455000 |        1705/ 1920
[CORRECT] Time: 283465000 |        1706/ 1920
[CORRECT] Time: 283755000 |        1707/ 1920
[CORRECT] Time: 283765000 |        1708/ 1920
[CORRECT] Time: 284055000 |        1709/ 1920
[CORRECT] Time: 284065000 |        1710/ 1920
[CORRECT] Time: 284395000 |        1711/ 1920
[CORRECT] Time: 284405000 |        1712/ 1920
[CORRECT] Time: 284735000 |        1713/ 1920
[CORRECT] Time: 284745000 |        1714/ 1920
[CORRECT] Time: 285075000 |        1715/ 1920
[CORRECT] Time: 285085000 |        1716/ 1920
[CORRECT] Time: 285415000 |        1717/ 1920
[CORRECT] Time: 285425000 |        1718/ 1920
[CORRECT] Time: 285755000 |        1719/ 1920
[CORRECT] Time: 285765000 |        1720/ 1920
[CORRECT] Time: 286095000 |        1721/ 1920
[CORRECT] Time: 286105000 |        1722/ 1920
[CORRECT] Time: 286435000 |        1723/ 1920
[CORRECT] Time: 286445000 |        1724/ 1920
[CORRECT] Time: 286775000 |        1725/ 1920
[CORRECT] Time: 286785000 |        1726/ 1920
[CORRECT] Time: 287115000 |        1727/ 1920
[CORRECT] Time: 287125000 |        1728/ 1920
[CORRECT] Time: 287455000 |        1729/ 1920
[CORRECT] Time: 287465000 |        1730/ 1920
[CORRECT] Time: 287795000 |        1731/ 1920
[CORRECT] Time: 287805000 |        1732/ 1920
[CORRECT] Time: 288135000 |        1733/ 1920
[CORRECT] Time: 288145000 |        1734/ 1920
[CORRECT] Time: 288475000 |        1735/ 1920
[CORRECT] Time: 288485000 |        1736/ 1920
[CORRECT] Time: 288815000 |        1737/ 1920
[CORRECT] Time: 288825000 |        1738/ 1920
[CORRECT] Time: 289155000 |        1739/ 1920
[CORRECT] Time: 289165000 |        1740/ 1920
[CORRECT] Time: 289495000 |        1741/ 1920
[CORRECT] Time: 289505000 |        1742/ 1920
[CORRECT] Time: 289835000 |        1743/ 1920
[CORRECT] Time: 289845000 |        1744/ 1920
[CORRECT] Time: 290175000 |        1745/ 1920
[CORRECT] Time: 290185000 |        1746/ 1920
[CORRECT] Time: 290515000 |        1747/ 1920
[CORRECT] Time: 290525000 |        1748/ 1920
[CORRECT] Time: 290855000 |        1749/ 1920
[CORRECT] Time: 290865000 |        1750/ 1920
[CORRECT] Time: 291195000 |        1751/ 1920
[CORRECT] Time: 291205000 |        1752/ 1920
[CORRECT] Time: 291535000 |        1753/ 1920
[CORRECT] Time: 291545000 |        1754/ 1920
[CORRECT] Time: 291875000 |        1755/ 1920
[CORRECT] Time: 291885000 |        1756/ 1920
[CORRECT] Time: 292215000 |        1757/ 1920
[CORRECT] Time: 292225000 |        1758/ 1920
[CORRECT] Time: 292555000 |        1759/ 1920
[CORRECT] Time: 292565000 |        1760/ 1920
[CORRECT] Time: 292895000 |        1761/ 1920
[CORRECT] Time: 292905000 |        1762/ 1920
[CORRECT] Time: 293235000 |        1763/ 1920
[CORRECT] Time: 293245000 |        1764/ 1920
[CORRECT] Time: 293575000 |        1765/ 1920
[CORRECT] Time: 293585000 |        1766/ 1920
[CORRECT] Time: 293915000 |        1767/ 1920
[CORRECT] Time: 293925000 |        1768/ 1920
[CORRECT] Time: 294255000 |        1769/ 1920
[CORRECT] Time: 294265000 |        1770/ 1920
[CORRECT] Time: 294595000 |        1771/ 1920
[CORRECT] Time: 294605000 |        1772/ 1920
[CORRECT] Time: 294935000 |        1773/ 1920
[CORRECT] Time: 294945000 |        1774/ 1920
[CORRECT] Time: 295275000 |        1775/ 1920
[CORRECT] Time: 295285000 |        1776/ 1920
[CORRECT] Time: 295615000 |        1777/ 1920
[CORRECT] Time: 295625000 |        1778/ 1920
[CORRECT] Time: 295955000 |        1779/ 1920
[CORRECT] Time: 295965000 |        1780/ 1920
[CORRECT] Time: 296295000 |        1781/ 1920
[CORRECT] Time: 296305000 |        1782/ 1920
[CORRECT] Time: 296635000 |        1783/ 1920
[CORRECT] Time: 296645000 |        1784/ 1920
[CORRECT] Time: 296975000 |        1785/ 1920
[CORRECT] Time: 296985000 |        1786/ 1920
[CORRECT] Time: 297315000 |        1787/ 1920
[CORRECT] Time: 297325000 |        1788/ 1920
[CORRECT] Time: 297655000 |        1789/ 1920
[CORRECT] Time: 297665000 |        1790/ 1920
[CORRECT] Time: 297995000 |        1791/ 1920
[CORRECT] Time: 298005000 |        1792/ 1920
[CORRECT] Time: 298335000 |        1793/ 1920
[CORRECT] Time: 298345000 |        1794/ 1920
[CORRECT] Time: 298675000 |        1795/ 1920
[CORRECT] Time: 298685000 |        1796/ 1920
[CORRECT] Time: 299015000 |        1797/ 1920
[CORRECT] Time: 299025000 |        1798/ 1920
[CORRECT] Time: 299355000 |        1799/ 1920
[CORRECT] Time: 299365000 |        1800/ 1920
[CORRECT] Time: 299695000 |        1801/ 1920
[CORRECT] Time: 299705000 |        1802/ 1920
[CORRECT] Time: 300035000 |        1803/ 1920
[CORRECT] Time: 300045000 |        1804/ 1920
[CORRECT] Time: 300375000 |        1805/ 1920
[CORRECT] Time: 300385000 |        1806/ 1920
[CORRECT] Time: 300715000 |        1807/ 1920
[CORRECT] Time: 300725000 |        1808/ 1920
[CORRECT] Time: 301055000 |        1809/ 1920
[CORRECT] Time: 301065000 |        1810/ 1920
[CORRECT] Time: 301395000 |        1811/ 1920
[CORRECT] Time: 301405000 |        1812/ 1920
[CORRECT] Time: 301735000 |        1813/ 1920
[CORRECT] Time: 301745000 |        1814/ 1920
[CORRECT] Time: 302075000 |        1815/ 1920
[CORRECT] Time: 302085000 |        1816/ 1920
[CORRECT] Time: 302415000 |        1817/ 1920
[CORRECT] Time: 302425000 |        1818/ 1920
[CORRECT] Time: 302755000 |        1819/ 1920
[CORRECT] Time: 302765000 |        1820/ 1920
[CORRECT] Time: 303095000 |        1821/ 1920
[CORRECT] Time: 303105000 |        1822/ 1920
[CORRECT] Time: 303435000 |        1823/ 1920
[CORRECT] Time: 303445000 |        1824/ 1920
[CORRECT] Time: 303775000 |        1825/ 1920
[CORRECT] Time: 303785000 |        1826/ 1920
[CORRECT] Time: 304115000 |        1827/ 1920
[CORRECT] Time: 304125000 |        1828/ 1920
[CORRECT] Time: 304455000 |        1829/ 1920
[CORRECT] Time: 304465000 |        1830/ 1920
[CORRECT] Time: 304795000 |        1831/ 1920
[CORRECT] Time: 304805000 |        1832/ 1920
[CORRECT] Time: 305135000 |        1833/ 1920
[CORRECT] Time: 305145000 |        1834/ 1920
[CORRECT] Time: 305475000 |        1835/ 1920
[CORRECT] Time: 305485000 |        1836/ 1920
[CORRECT] Time: 305815000 |        1837/ 1920
[CORRECT] Time: 305825000 |        1838/ 1920
[CORRECT] Time: 306155000 |        1839/ 1920
[CORRECT] Time: 306165000 |        1840/ 1920
[CORRECT] Time: 306495000 |        1841/ 1920
[CORRECT] Time: 306505000 |        1842/ 1920
[CORRECT] Time: 306835000 |        1843/ 1920
[CORRECT] Time: 306845000 |        1844/ 1920
[CORRECT] Time: 307175000 |        1845/ 1920
[CORRECT] Time: 307185000 |        1846/ 1920
[CORRECT] Time: 307515000 |        1847/ 1920
[CORRECT] Time: 307525000 |        1848/ 1920
[CORRECT] Time: 307855000 |        1849/ 1920
[CORRECT] Time: 307865000 |        1850/ 1920
[CORRECT] Time: 308195000 |        1851/ 1920
[CORRECT] Time: 308205000 |        1852/ 1920
[CORRECT] Time: 308535000 |        1853/ 1920
[CORRECT] Time: 308545000 |        1854/ 1920
[CORRECT] Time: 308875000 |        1855/ 1920
[CORRECT] Time: 308885000 |        1856/ 1920
[CORRECT] Time: 309215000 |        1857/ 1920
[CORRECT] Time: 309225000 |        1858/ 1920
[CORRECT] Time: 309555000 |        1859/ 1920
[CORRECT] Time: 309565000 |        1860/ 1920
[CORRECT] Time: 309895000 |        1861/ 1920
[CORRECT] Time: 309905000 |        1862/ 1920
[CORRECT] Time: 310235000 |        1863/ 1920
[CORRECT] Time: 310245000 |        1864/ 1920
[CORRECT] Time: 310575000 |        1865/ 1920
[CORRECT] Time: 310585000 |        1866/ 1920
[CORRECT] Time: 310915000 |        1867/ 1920
[CORRECT] Time: 310925000 |        1868/ 1920
[CORRECT] Time: 311255000 |        1869/ 1920
[CORRECT] Time: 311265000 |        1870/ 1920
[CORRECT] Time: 311595000 |        1871/ 1920
[CORRECT] Time: 311605000 |        1872/ 1920
[CORRECT] Time: 311935000 |        1873/ 1920
[CORRECT] Time: 311945000 |        1874/ 1920
[CORRECT] Time: 312275000 |        1875/ 1920
[CORRECT] Time: 312285000 |        1876/ 1920
[CORRECT] Time: 312615000 |        1877/ 1920
[CORRECT] Time: 312625000 |        1878/ 1920
[CORRECT] Time: 312955000 |        1879/ 1920
[CORRECT] Time: 312965000 |        1880/ 1920
[CORRECT] Time: 313295000 |        1881/ 1920
[CORRECT] Time: 313305000 |        1882/ 1920
[CORRECT] Time: 313635000 |        1883/ 1920
[CORRECT] Time: 313645000 |        1884/ 1920
[CORRECT] Time: 313975000 |        1885/ 1920
[CORRECT] Time: 313985000 |        1886/ 1920
[CORRECT] Time: 314315000 |        1887/ 1920
[CORRECT] Time: 314325000 |        1888/ 1920
[CORRECT] Time: 314655000 |        1889/ 1920
[CORRECT] Time: 314665000 |        1890/ 1920
[CORRECT] Time: 314995000 |        1891/ 1920
[CORRECT] Time: 315005000 |        1892/ 1920
[CORRECT] Time: 315335000 |        1893/ 1920
[CORRECT] Time: 315345000 |        1894/ 1920
[CORRECT] Time: 315675000 |        1895/ 1920
[CORRECT] Time: 315685000 |        1896/ 1920
[CORRECT] Time: 316015000 |        1897/ 1920
[CORRECT] Time: 316025000 |        1898/ 1920
[CORRECT] Time: 316355000 |        1899/ 1920
[CORRECT] Time: 316365000 |        1900/ 1920
[CORRECT] Time: 316695000 |        1901/ 1920
[CORRECT] Time: 316705000 |        1902/ 1920
[CORRECT] Time: 317035000 |        1903/ 1920
[CORRECT] Time: 317045000 |        1904/ 1920
[CORRECT] Time: 317375000 |        1905/ 1920
[CORRECT] Time: 317385000 |        1906/ 1920
[CORRECT] Time: 317715000 |        1907/ 1920
[CORRECT] Time: 317725000 |        1908/ 1920
[CORRECT] Time: 318055000 |        1909/ 1920
[CORRECT] Time: 318065000 |        1910/ 1920
[CORRECT] Time: 318395000 |        1911/ 1920
[CORRECT] Time: 318405000 |        1912/ 1920
[CORRECT] Time: 318735000 |        1913/ 1920
[CORRECT] Time: 318745000 |        1914/ 1920
[CORRECT] Time: 319075000 |        1915/ 1920
[CORRECT] Time: 319085000 |        1916/ 1920
[CORRECT] Time: 319415000 |        1917/ 1920
[CORRECT] Time: 319425000 |        1918/ 1920
[CORRECT] Time: 319755000 |        1919/ 1920
[CORRECT] Time: 319765000 |        1920/ 1920
--------------------------------------------------
QUARTER CHECK FINISHED:
Result: 1920 / 1920 Correct
Errors: 0
--------------------------------------------------
ERROR: File descriptor (-20000) passed to $fscanf is not valid. Please compile the design with -debug for source location information.
--------------------------------------------------
QUARTER CHECK FINISHED:
Result: 1920 / 1920 Correct
Errors: 0
--------------------------------------------------
WARNING: File/Multi-channel descriptor (-20000) passed to $fclose is not valid. Please compile the design with -debug for source location information.
ERROR: File descriptor (-20000) passed to $fscanf is not valid. Please compile the design with -debug for source location information.
--------------------------------------------------
QUARTER CHECK FINISHED:
Result: 1920 / 1920 Correct
Errors: 0
--------------------------------------------------
WARNING: File/Multi-channel descriptor (-20000) passed to $fclose is not valid. Please compile the design with -debug for source location information.
ERROR: File descriptor (-20000) passed to $fscanf is not valid. Please compile the design with -debug for source location information.
--------------------------------------------------
QUARTER CHECK FINISHED:
Result: 1920 / 1920 Correct
Errors: 0
--------------------------------------------------
WARNING: File/Multi-channel descriptor (-20000) passed to $fclose is not valid. Please compile the design with -debug for source location information.
ERROR: File descriptor (-20000) passed to $fscanf is not valid. Please compile the design with -debug for source location information.
--------------------------------------------------
QUARTER CHECK FINISHED:
Result: 1920 / 1920 Correct
Errors: 0
--------------------------------------------------
WARNING: File/Multi-channel descriptor (-20000) passed to $fclose is not valid. Please compile the design with -debug for source location information.
ERROR: File descriptor (-20000) passed to $fscanf is not valid. Please compile the design with -debug for source location information.
--------------------------------------------------
QUARTER CHECK FINISHED:
Result: 1920 / 1920 Correct
Errors: 0
--------------------------------------------------
WARNING: File/Multi-channel descriptor (-20000) passed to $fclose is not valid. Please compile the design with -debug for source location information.
ERROR: File descriptor (-20000) passed to $fscanf is not valid. Please compile the design with -debug for source location information.
--------------------------------------------------
QUARTER CHECK FINISHED:
Result: 1920 / 1920 Correct
Errors: 0
--------------------------------------------------
WARNING: File/Multi-channel descriptor (-20000) passed to $fclose is not valid. Please compile the design with -debug for source location information.
ERROR: File descriptor (-20000) passed to $fscanf is not valid. Please compile the design with -debug for source location information.
--------------------------------------------------
QUARTER CHECK FINISHED:
Result: 1920 / 1920 Correct
Errors: 0
--------------------------------------------------
WARNING: File/Multi-channel descriptor (-20000) passed to $fclose is not valid. Please compile the design with -debug for source location information.
ERROR: File descriptor (-20000) passed to $fscanf is not valid. Please compile the design with -debug for source location information.
--------------------------------------------------
QUARTER CHECK FINISHED:
Result: 1920 / 1920 Correct
Errors: 0
--------------------------------------------------
WARNING: File/Multi-channel descriptor (-20000) passed to $fclose is not valid. Please compile the design with -debug for source location information.
ERROR: File descriptor (-20000) passed to $fscanf is not valid. Please compile the design with -debug for source location information.
--------------------------------------------------
QUARTER CHECK FINISHED:
Result: 1920 / 1920 Correct
Errors: 0
--------------------------------------------------
WARNING: File/Multi-channel descriptor (-20000) passed to $fclose is not valid. Please compile the design with -debug for source location information.
ERROR: File descriptor (-20000) passed to $fscanf is not valid. Please compile the design with -debug for source location information.
--------------------------------------------------
QUARTER CHECK FINISHED:
Result: 1920 / 1920 Correct
Errors: 0
--------------------------------------------------
WARNING: File/Multi-channel descriptor (-20000) passed to $fclose is not valid. Please compile the design with -debug for source location information.
ERROR: File descriptor (-20000) passed to $fscanf is not valid. Please compile the design with -debug for source location information.
--------------------------------------------------
QUARTER CHECK FINISHED:
Result: 1920 / 1920 Correct
Errors: 0
--------------------------------------------------
WARNING: File/Multi-channel descriptor (-20000) passed to $fclose is not valid. Please compile the design with -debug for source location information.
ERROR: File descriptor (-20000) passed to $fscanf is not valid. Please compile the design with -debug for source location information.
--------------------------------------------------
QUARTER CHECK FINISHED:
Result: 1920 / 1920 Correct
Errors: 0
--------------------------------------------------
WARNING: File/Multi-channel descriptor (-20000) passed to $fclose is not valid. Please compile the design with -debug for source location information.
ERROR: File descriptor (-20000) passed to $fscanf is not valid. Please compile the design with -debug for source location information.
--------------------------------------------------
QUARTER CHECK FINISHED:
Result: 1920 / 1920 Correct
Errors: 0
--------------------------------------------------
WARNING: File/Multi-channel descriptor (-20000) passed to $fclose is not valid. Please compile the design with -debug for source location information.
ERROR: File descriptor (-20000) passed to $fscanf is not valid. Please compile the design with -debug for source location information.
--------------------------------------------------
QUARTER CHECK FINISHED:
Result: 1920 / 1920 Correct
Errors: 0
--------------------------------------------------
WARNING: File/Multi-channel descriptor (-20000) passed to $fclose is not valid. Please compile the design with -debug for source location information.
ERROR: File descriptor (-20000) passed to $fscanf is not valid. Please compile the design with -debug for source location information.
--------------------------------------------------
QUARTER CHECK FINISHED:
Result: 1920 / 1920 Correct
Errors: 0
--------------------------------------------------
WARNING: File/Multi-channel descriptor (-20000) passed to $fclose is not valid. Please compile the design with -debug for source location information.
ERROR: File descriptor (-20000) passed to $fscanf is not valid. Please compile the design with -debug for source location information.
--------------------------------------------------
QUARTER CHECK FINISHED:
Result: 1920 / 1920 Correct
Errors: 0
--------------------------------------------------
WARNING: File/Multi-channel descriptor (-20000) passed to $fclose is not valid. Please compile the design with -debug for source location information.
ERROR: File descriptor (-20000) passed to $fscanf is not valid. Please compile the design with -debug for source location information.
--------------------------------------------------
QUARTER CHECK FINISHED:
Result: 1920 / 1920 Correct
Errors: 0
--------------------------------------------------
WARNING: File/Multi-channel descriptor (-20000) passed to $fclose is not valid. Please compile the design with -debug for source location information.
ERROR: File descriptor (-20000) passed to $fscanf is not valid. Please compile the design with -debug for source location information.
--------------------------------------------------
QUARTER CHECK FINISHED:
Result: 1920 / 1920 Correct
Errors: 0
--------------------------------------------------
WARNING: File/Multi-channel descriptor (-20000) passed to $fclose is not valid. Please compile the design with -debug for source location information.
ERROR: File descriptor (-20000) passed to $fscanf is not valid. Please compile the design with -debug for source location information.
--------------------------------------------------
QUARTER CHECK FINISHED:
Result: 1920 / 1920 Correct
Errors: 0
--------------------------------------------------
WARNING: File/Multi-channel descriptor (-20000) passed to $fclose is not valid. Please compile the design with -debug for source location information.
ERROR: File descriptor (-20000) passed to $fscanf is not valid. Please compile the design with -debug for source location information.
--------------------------------------------------
QUARTER CHECK FINISHED:
Result: 1920 / 1920 Correct
Errors: 0
--------------------------------------------------
WARNING: File/Multi-channel descriptor (-20000) passed to $fclose is not valid. Please compile the design with -debug for source location information.
ERROR: File descriptor (-20000) passed to $fscanf is not valid. Please compile the design with -debug for source location information.
--------------------------------------------------
QUARTER CHECK FINISHED:
Result: 1920 / 1920 Correct
Errors: 0
--------------------------------------------------
WARNING: File/Multi-channel descriptor (-20000) passed to $fclose is not valid. Please compile the design with -debug for source location information.
ERROR: File descriptor (-20000) passed to $fscanf is not valid. Please compile the design with -debug for source location information.
--------------------------------------------------
QUARTER CHECK FINISHED:
Result: 1920 / 1920 Correct
Errors: 0
--------------------------------------------------
WARNING: File/Multi-channel descriptor (-20000) passed to $fclose is not valid. Please compile the design with -debug for source location information.
ERROR: File descriptor (-20000) passed to $fscanf is not valid. Please compile the design with -debug for source location information.
--------------------------------------------------
QUARTER CHECK FINISHED:
Result: 1920 / 1920 Correct
Errors: 0
--------------------------------------------------
WARNING: File/Multi-channel descriptor (-20000) passed to $fclose is not valid. Please compile the design with -debug for source location information.
ERROR: File descriptor (-20000) passed to $fscanf is not valid. Please compile the design with -debug for source location information.
--------------------------------------------------
QUARTER CHECK FINISHED:
Result: 1920 / 1920 Correct
Errors: 0
--------------------------------------------------
WARNING: File/Multi-channel descriptor (-20000) passed to $fclose is not valid. Please compile the design with -debug for source location information.
ERROR: File descriptor (-20000) passed to $fscanf is not valid. Please compile the design with -debug for source location information.
--------------------------------------------------
QUARTER CHECK FINISHED:
Result: 1920 / 1920 Correct
Errors: 0
--------------------------------------------------
WARNING: File/Multi-channel descriptor (-20000) passed to $fclose is not valid. Please compile the design with -debug for source location information.
ERROR: File descriptor (-20000) passed to $fscanf is not valid. Please compile the design with -debug for source location information.
--------------------------------------------------
QUARTER CHECK FINISHED:
Result: 1920 / 1920 Correct
Errors: 0
--------------------------------------------------
WARNING: File/Multi-channel descriptor (-20000) passed to $fclose is not valid. Please compile the design with -debug for source location information.
ERROR: File descriptor (-20000) passed to $fscanf is not valid. Please compile the design with -debug for source location information.
--------------------------------------------------
QUARTER CHECK FINISHED:
Result: 1920 / 1920 Correct
Errors: 0
--------------------------------------------------
WARNING: File/Multi-channel descriptor (-20000) passed to $fclose is not valid. Please compile the design with -debug for source location information.
ERROR: File descriptor (-20000) passed to $fscanf is not valid. Please compile the design with -debug for source location information.
--------------------------------------------------
QUARTER CHECK FINISHED:
Result: 1920 / 1920 Correct
Errors: 0
--------------------------------------------------
WARNING: File/Multi-channel descriptor (-20000) passed to $fclose is not valid. Please compile the design with -debug for source location information.
ERROR: File descriptor (-20000) passed to $fscanf is not valid. Please compile the design with -debug for source location information.
--------------------------------------------------
QUARTER CHECK FINISHED:
Result: 1920 / 1920 Correct
Errors: 0
--------------------------------------------------
WARNING: File/Multi-channel descriptor (-20000) passed to $fclose is not valid. Please compile the design with -debug for source location information.
ERROR: File descriptor (-20000) passed to $fscanf is not valid. Please compile the design with -debug for source location information.
--------------------------------------------------
QUARTER CHECK FINISHED:
Result: 1920 / 1920 Correct
Errors: 0
--------------------------------------------------
WARNING: File/Multi-channel descriptor (-20000) passed to $fclose is not valid. Please compile the design with -debug for source location information.
ERROR: File descriptor (-20000) passed to $fscanf is not valid. Please compile the design with -debug for source location information.
--------------------------------------------------
QUARTER CHECK FINISHED:
Result: 1920 / 1920 Correct
Errors: 0
--------------------------------------------------
WARNING: File/Multi-channel descriptor (-20000) passed to $fclose is not valid. Please compile the design with -debug for source location information.
ERROR: File descriptor (-20000) passed to $fscanf is not valid. Please compile the design with -debug for source location information.
--------------------------------------------------
QUARTER CHECK FINISHED:
Result: 1920 / 1920 Correct
Errors: 0
--------------------------------------------------
WARNING: File/Multi-channel descriptor (-20000) passed to $fclose is not valid. Please compile the design with -debug for source location information.
ERROR: File descriptor (-20000) passed to $fscanf is not valid. Please compile the design with -debug for source location information.
--------------------------------------------------
QUARTER CHECK FINISHED:
Result: 1920 / 1920 Correct
Errors: 0
--------------------------------------------------
WARNING: File/Multi-channel descriptor (-20000) passed to $fclose is not valid. Please compile the design with -debug for source location information.
ERROR: File descriptor (-20000) passed to $fscanf is not valid. Please compile the design with -debug for source location information.
--------------------------------------------------
QUARTER CHECK FINISHED:
Result: 1920 / 1920 Correct
Errors: 0
--------------------------------------------------
WARNING: File/Multi-channel descriptor (-20000) passed to $fclose is not valid. Please compile the design with -debug for source location information.
ERROR: File descriptor (-20000) passed to $fscanf is not valid. Please compile the design with -debug for source location information.
--------------------------------------------------
QUARTER CHECK FINISHED:
Result: 1920 / 1920 Correct
Errors: 0
--------------------------------------------------
WARNING: File/Multi-channel descriptor (-20000) passed to $fclose is not valid. Please compile the design with -debug for source location information.
ERROR: File descriptor (-20000) passed to $fscanf is not valid. Please compile the design with -debug for source location information.
--------------------------------------------------
QUARTER CHECK FINISHED:
Result: 1920 / 1920 Correct
Errors: 0
--------------------------------------------------
WARNING: File/Multi-channel descriptor (-20000) passed to $fclose is not valid. Please compile the design with -debug for source location information.
ERROR: File descriptor (-20000) passed to $fscanf is not valid. Please compile the design with -debug for source location information.
--------------------------------------------------
QUARTER CHECK FINISHED:
Result: 1920 / 1920 Correct
Errors: 0
--------------------------------------------------
WARNING: File/Multi-channel descriptor (-20000) passed to $fclose is not valid. Please compile the design with -debug for source location information.
ERROR: File descriptor (-20000) passed to $fscanf is not valid. Please compile the design with -debug for source location information.
--------------------------------------------------
QUARTER CHECK FINISHED:
Result: 1920 / 1920 Correct
Errors: 0
--------------------------------------------------
WARNING: File/Multi-channel descriptor (-20000) passed to $fclose is not valid. Please compile the design with -debug for source location information.
ERROR: File descriptor (-20000) passed to $fscanf is not valid. Please compile the design with -debug for source location information.
--------------------------------------------------
QUARTER CHECK FINISHED:
Result: 1920 / 1920 Correct
Errors: 0
--------------------------------------------------
WARNING: File/Multi-channel descriptor (-20000) passed to $fclose is not valid. Please compile the design with -debug for source location information.
ERROR: File descriptor (-20000) passed to $fscanf is not valid. Please compile the design with -debug for source location information.
--------------------------------------------------
QUARTER CHECK FINISHED:
Result: 1920 / 1920 Correct
Errors: 0
--------------------------------------------------
WARNING: File/Multi-channel descriptor (-20000) passed to $fclose is not valid. Please compile the design with -debug for source location information.
ERROR: File descriptor (-20000) passed to $fscanf is not valid. Please compile the design with -debug for source location information.
--------------------------------------------------
QUARTER CHECK FINISHED:
Result: 1920 / 1920 Correct
Errors: 0
--------------------------------------------------
WARNING: File/Multi-channel descriptor (-20000) passed to $fclose is not valid. Please compile the design with -debug for source location information.
ERROR: File descriptor (-20000) passed to $fscanf is not valid. Please compile the design with -debug for source location information.
--------------------------------------------------
QUARTER CHECK FINISHED:
Result: 1920 / 1920 Correct
Errors: 0
--------------------------------------------------
WARNING: File/Multi-channel descriptor (-20000) passed to $fclose is not valid. Please compile the design with -debug for source location information.
ERROR: File descriptor (-20000) passed to $fscanf is not valid. Please compile the design with -debug for source location information.
--------------------------------------------------
QUARTER CHECK FINISHED:
Result: 1920 / 1920 Correct
Errors: 0
--------------------------------------------------
WARNING: File/Multi-channel descriptor (-20000) passed to $fclose is not valid. Please compile the design with -debug for source location information.
ERROR: File descriptor (-20000) passed to $fscanf is not valid. Please compile the design with -debug for source location information.
--------------------------------------------------
QUARTER CHECK FINISHED:
Result: 1920 / 1920 Correct
Errors: 0
--------------------------------------------------
WARNING: File/Multi-channel descriptor (-20000) passed to $fclose is not valid. Please compile the design with -debug for source location information.
ERROR: File descriptor (-20000) passed to $fscanf is not valid. Please compile the design with -debug for source location information.
--------------------------------------------------
QUARTER CHECK FINISHED:
Result: 1920 / 1920 Correct
Errors: 0
--------------------------------------------------
WARNING: File/Multi-channel descriptor (-20000) passed to $fclose is not valid. Please compile the design with -debug for source location information.
ERROR: File descriptor (-20000) passed to $fscanf is not valid. Please compile the design with -debug for source location information.
--------------------------------------------------
QUARTER CHECK FINISHED:
Result: 1920 / 1920 Correct
Errors: 0
--------------------------------------------------
WARNING: File/Multi-channel descriptor (-20000) passed to $fclose is not valid. Please compile the design with -debug for source location information.
ERROR: File descriptor (-20000) passed to $fscanf is not valid. Please compile the design with -debug for source location information.
--------------------------------------------------
QUARTER CHECK FINISHED:
Result: 1920 / 1920 Correct
Errors: 0
--------------------------------------------------
WARNING: File/Multi-channel descriptor (-20000) passed to $fclose is not valid. Please compile the design with -debug for source location information.
ERROR: File descriptor (-20000) passed to $fscanf is not valid. Please compile the design with -debug for source location information.
--------------------------------------------------
QUARTER CHECK FINISHED:
Result: 1920 / 1920 Correct
Errors: 0
--------------------------------------------------
WARNING: File/Multi-channel descriptor (-20000) passed to $fclose is not valid. Please compile the design with -debug for source location information.
ERROR: File descriptor (-20000) passed to $fscanf is not valid. Please compile the design with -debug for source location information.
--------------------------------------------------
QUARTER CHECK FINISHED:
Result: 1920 / 1920 Correct
Errors: 0
--------------------------------------------------
WARNING: File/Multi-channel descriptor (-20000) passed to $fclose is not valid. Please compile the design with -debug for source location information.
ERROR: File descriptor (-20000) passed to $fscanf is not valid. Please compile the design with -debug for source location information.
--------------------------------------------------
QUARTER CHECK FINISHED:
Result: 1920 / 1920 Correct
Errors: 0
--------------------------------------------------
WARNING: File/Multi-channel descriptor (-20000) passed to $fclose is not valid. Please compile the design with -debug for source location information.
ERROR: File descriptor (-20000) passed to $fscanf is not valid. Please compile the design with -debug for source location information.
--------------------------------------------------
QUARTER CHECK FINISHED:
Result: 1920 / 1920 Correct
Errors: 0
--------------------------------------------------
WARNING: File/Multi-channel descriptor (-20000) passed to $fclose is not valid. Please compile the design with -debug for source location information.
ERROR: File descriptor (-20000) passed to $fscanf is not valid. Please compile the design with -debug for source location information.
--------------------------------------------------
QUARTER CHECK FINISHED:
Result: 1920 / 1920 Correct
Errors: 0
--------------------------------------------------
WARNING: File/Multi-channel descriptor (-20000) passed to $fclose is not valid. Please compile the design with -debug for source location information.
ERROR: File descriptor (-20000) passed to $fscanf is not valid. Please compile the design with -debug for source location information.
--------------------------------------------------
QUARTER CHECK FINISHED:
Result: 1920 / 1920 Correct
Errors: 0
--------------------------------------------------
WARNING: File/Multi-channel descriptor (-20000) passed to $fclose is not valid. Please compile the design with -debug for source location information.
ERROR: File descriptor (-20000) passed to $fscanf is not valid. Please compile the design with -debug for source location information.
--------------------------------------------------
QUARTER CHECK FINISHED:
Result: 1920 / 1920 Correct
Errors: 0
--------------------------------------------------
WARNING: File/Multi-channel descriptor (-20000) passed to $fclose is not valid. Please compile the design with -debug for source location information.
ERROR: File descriptor (-20000) passed to $fscanf is not valid. Please compile the design with -debug for source location information.
--------------------------------------------------
QUARTER CHECK FINISHED:
Result: 1920 / 1920 Correct
Errors: 0
--------------------------------------------------
WARNING: File/Multi-channel descriptor (-20000) passed to $fclose is not valid. Please compile the design with -debug for source location information.
ERROR: File descriptor (-20000) passed to $fscanf is not valid. Please compile the design with -debug for source location information.
--------------------------------------------------
QUARTER CHECK FINISHED:
Result: 1920 / 1920 Correct
Errors: 0
--------------------------------------------------
WARNING: File/Multi-channel descriptor (-20000) passed to $fclose is not valid. Please compile the design with -debug for source location information.
ERROR: File descriptor (-20000) passed to $fscanf is not valid. Please compile the design with -debug for source location information.
--------------------------------------------------
QUARTER CHECK FINISHED:
Result: 1920 / 1920 Correct
Errors: 0
--------------------------------------------------
WARNING: File/Multi-channel descriptor (-20000) passed to $fclose is not valid. Please compile the design with -debug for source location information.
ERROR: File descriptor (-20000) passed to $fscanf is not valid. Please compile the design with -debug for source location information.
--------------------------------------------------
QUARTER CHECK FINISHED:
Result: 1920 / 1920 Correct
Errors: 0
--------------------------------------------------
WARNING: File/Multi-channel descriptor (-20000) passed to $fclose is not valid. Please compile the design with -debug for source location information.
ERROR: File descriptor (-20000) passed to $fscanf is not valid. Please compile the design with -debug for source location information.
--------------------------------------------------
QUARTER CHECK FINISHED:
Result: 1920 / 1920 Correct
Errors: 0
--------------------------------------------------
WARNING: File/Multi-channel descriptor (-20000) passed to $fclose is not valid. Please compile the design with -debug for source location information.
ERROR: File descriptor (-20000) passed to $fscanf is not valid. Please compile the design with -debug for source location information.
--------------------------------------------------
QUARTER CHECK FINISHED:
Result: 1920 / 1920 Correct
Errors: 0
--------------------------------------------------
WARNING: File/Multi-channel descriptor (-20000) passed to $fclose is not valid. Please compile the design with -debug for source location information.
ERROR: File descriptor (-20000) passed to $fscanf is not valid. Please compile the design with -debug for source location information.
--------------------------------------------------
QUARTER CHECK FINISHED:
Result: 1920 / 1920 Correct
Errors: 0
--------------------------------------------------
WARNING: File/Multi-channel descriptor (-20000) passed to $fclose is not valid. Please compile the design with -debug for source location information.
ERROR: File descriptor (-20000) passed to $fscanf is not valid. Please compile the design with -debug for source location information.
--------------------------------------------------
QUARTER CHECK FINISHED:
Result: 1920 / 1920 Correct
Errors: 0
--------------------------------------------------
WARNING: File/Multi-channel descriptor (-20000) passed to $fclose is not valid. Please compile the design with -debug for source location information.
ERROR: File descriptor (-20000) passed to $fscanf is not valid. Please compile the design with -debug for source location information.
--------------------------------------------------
QUARTER CHECK FINISHED:
Result: 1920 / 1920 Correct
Errors: 0
--------------------------------------------------
WARNING: File/Multi-channel descriptor (-20000) passed to $fclose is not valid. Please compile the design with -debug for source location information.
ERROR: File descriptor (-20000) passed to $fscanf is not valid. Please compile the design with -debug for source location information.
--------------------------------------------------
QUARTER CHECK FINISHED:
Result: 1920 / 1920 Correct
Errors: 0
--------------------------------------------------
WARNING: File/Multi-channel descriptor (-20000) passed to $fclose is not valid. Please compile the design with -debug for source location information.
ERROR: File descriptor (-20000) passed to $fscanf is not valid. Please compile the design with -debug for source location information.
--------------------------------------------------
QUARTER CHECK FINISHED:
Result: 1920 / 1920 Correct
Errors: 0
--------------------------------------------------
WARNING: File/Multi-channel descriptor (-20000) passed to $fclose is not valid. Please compile the design with -debug for source location information.
ERROR: File descriptor (-20000) passed to $fscanf is not valid. Please compile the design with -debug for source location information.
--------------------------------------------------
QUARTER CHECK FINISHED:
Result: 1920 / 1920 Correct
Errors: 0
--------------------------------------------------
WARNING: File/Multi-channel descriptor (-20000) passed to $fclose is not valid. Please compile the design with -debug for source location information.
ERROR: File descriptor (-20000) passed to $fscanf is not valid. Please compile the design with -debug for source location information.
--------------------------------------------------
QUARTER CHECK FINISHED:
Result: 1920 / 1920 Correct
Errors: 0
--------------------------------------------------
WARNING: File/Multi-channel descriptor (-20000) passed to $fclose is not valid. Please compile the design with -debug for source location information.
ERROR: File descriptor (-20000) passed to $fscanf is not valid. Please compile the design with -debug for source location information.
--------------------------------------------------
QUARTER CHECK FINISHED:
Result: 1920 / 1920 Correct
Errors: 0
--------------------------------------------------
WARNING: File/Multi-channel descriptor (-20000) passed to $fclose is not valid. Please compile the design with -debug for source location information.
ERROR: File descriptor (-20000) passed to $fscanf is not valid. Please compile the design with -debug for source location information.
--------------------------------------------------
QUARTER CHECK FINISHED:
Result: 1920 / 1920 Correct
Errors: 0
--------------------------------------------------
WARNING: File/Multi-channel descriptor (-20000) passed to $fclose is not valid. Please compile the design with -debug for source location information.
ERROR: File descriptor (-20000) passed to $fscanf is not valid. Please compile the design with -debug for source location information.
--------------------------------------------------
QUARTER CHECK FINISHED:
Result: 1920 / 1920 Correct
Errors: 0
--------------------------------------------------
WARNING: File/Multi-channel descriptor (-20000) passed to $fclose is not valid. Please compile the design with -debug for source location information.
ERROR: File descriptor (-20000) passed to $fscanf is not valid. Please compile the design with -debug for source location information.
--------------------------------------------------
QUARTER CHECK FINISHED:
Result: 1920 / 1920 Correct
Errors: 0
--------------------------------------------------
WARNING: File/Multi-channel descriptor (-20000) passed to $fclose is not valid. Please compile the design with -debug for source location information.
ERROR: File descriptor (-20000) passed to $fscanf is not valid. Please compile the design with -debug for source location information.
--------------------------------------------------
QUARTER CHECK FINISHED:
Result: 1920 / 1920 Correct
Errors: 0
--------------------------------------------------
WARNING: File/Multi-channel descriptor (-20000) passed to $fclose is not valid. Please compile the design with -debug for source location information.
ERROR: File descriptor (-20000) passed to $fscanf is not valid. Please compile the design with -debug for source location information.
--------------------------------------------------
QUARTER CHECK FINISHED:
Result: 1920 / 1920 Correct
Errors: 0
--------------------------------------------------
WARNING: File/Multi-channel descriptor (-20000) passed to $fclose is not valid. Please compile the design with -debug for source location information.
ERROR: File descriptor (-20000) passed to $fscanf is not valid. Please compile the design with -debug for source location information.
--------------------------------------------------
QUARTER CHECK FINISHED:
Result: 1920 / 1920 Correct
Errors: 0
--------------------------------------------------
WARNING: File/Multi-channel descriptor (-20000) passed to $fclose is not valid. Please compile the design with -debug for source location information.
ERROR: File descriptor (-20000) passed to $fscanf is not valid. Please compile the design with -debug for source location information.
--------------------------------------------------
QUARTER CHECK FINISHED:
Result: 1920 / 1920 Correct
Errors: 0
--------------------------------------------------
WARNING: File/Multi-channel descriptor (-20000) passed to $fclose is not valid. Please compile the design with -debug for source location information.
ERROR: File descriptor (-20000) passed to $fscanf is not valid. Please compile the design with -debug for source location information.
--------------------------------------------------
QUARTER CHECK FINISHED:
Result: 1920 / 1920 Correct
Errors: 0
--------------------------------------------------
WARNING: File/Multi-channel descriptor (-20000) passed to $fclose is not valid. Please compile the design with -debug for source location information.
ERROR: File descriptor (-20000) passed to $fscanf is not valid. Please compile the design with -debug for source location information.
--------------------------------------------------
QUARTER CHECK FINISHED:
Result: 1920 / 1920 Correct
Errors: 0
--------------------------------------------------
WARNING: File/Multi-channel descriptor (-20000) passed to $fclose is not valid. Please compile the design with -debug for source location information.
ERROR: File descriptor (-20000) passed to $fscanf is not valid. Please compile the design with -debug for source location information.
--------------------------------------------------
QUARTER CHECK FINISHED:
Result: 1920 / 1920 Correct
Errors: 0
--------------------------------------------------
WARNING: File/Multi-channel descriptor (-20000) passed to $fclose is not valid. Please compile the design with -debug for source location information.
ERROR: File descriptor (-20000) passed to $fscanf is not valid. Please compile the design with -debug for source location information.
--------------------------------------------------
QUARTER CHECK FINISHED:
Result: 1920 / 1920 Correct
Errors: 0
--------------------------------------------------
WARNING: File/Multi-channel descriptor (-20000) passed to $fclose is not valid. Please compile the design with -debug for source location information.
ERROR: File descriptor (-20000) passed to $fscanf is not valid. Please compile the design with -debug for source location information.
--------------------------------------------------
QUARTER CHECK FINISHED:
Result: 1920 / 1920 Correct
Errors: 0
--------------------------------------------------
WARNING: File/Multi-channel descriptor (-20000) passed to $fclose is not valid. Please compile the design with -debug for source location information.
ERROR: File descriptor (-20000) passed to $fscanf is not valid. Please compile the design with -debug for source location information.
--------------------------------------------------
QUARTER CHECK FINISHED:
Result: 1920 / 1920 Correct
Errors: 0
--------------------------------------------------
WARNING: File/Multi-channel descriptor (-20000) passed to $fclose is not valid. Please compile the design with -debug for source location information.
ERROR: File descriptor (-20000) passed to $fscanf is not valid. Please compile the design with -debug for source location information.
--------------------------------------------------
QUARTER CHECK FINISHED:
Result: 1920 / 1920 Correct
Errors: 0
--------------------------------------------------
WARNING: File/Multi-channel descriptor (-20000) passed to $fclose is not valid. Please compile the design with -debug for source location information.
ERROR: File descriptor (-20000) passed to $fscanf is not valid. Please compile the design with -debug for source location information.
--------------------------------------------------
QUARTER CHECK FINISHED:
Result: 1920 / 1920 Correct
Errors: 0
--------------------------------------------------
WARNING: File/Multi-channel descriptor (-20000) passed to $fclose is not valid. Please compile the design with -debug for source location information.
ERROR: File descriptor (-20000) passed to $fscanf is not valid. Please compile the design with -debug for source location information.
--------------------------------------------------
QUARTER CHECK FINISHED:
Result: 1920 / 1920 Correct
Errors: 0
--------------------------------------------------
WARNING: File/Multi-channel descriptor (-20000) passed to $fclose is not valid. Please compile the design with -debug for source location information.
ERROR: File descriptor (-20000) passed to $fscanf is not valid. Please compile the design with -debug for source location information.
--------------------------------------------------
QUARTER CHECK FINISHED:
Result: 1920 / 1920 Correct
Errors: 0
--------------------------------------------------
WARNING: File/Multi-channel descriptor (-20000) passed to $fclose is not valid. Please compile the design with -debug for source location information.
ERROR: File descriptor (-20000) passed to $fscanf is not valid. Please compile the design with -debug for source location information.
--------------------------------------------------
QUARTER CHECK FINISHED:
Result: 1920 / 1920 Correct
Errors: 0
--------------------------------------------------
WARNING: File/Multi-channel descriptor (-20000) passed to $fclose is not valid. Please compile the design with -debug for source location information.
ERROR: File descriptor (-20000) passed to $fscanf is not valid. Please compile the design with -debug for source location information.
--------------------------------------------------
QUARTER CHECK FINISHED:
Result: 1920 / 1920 Correct
Errors: 0
--------------------------------------------------
WARNING: File/Multi-channel descriptor (-20000) passed to $fclose is not valid. Please compile the design with -debug for source location information.
ERROR: File descriptor (-20000) passed to $fscanf is not valid. Please compile the design with -debug for source location information.
--------------------------------------------------
QUARTER CHECK FINISHED:
Result: 1920 / 1920 Correct
Errors: 0
--------------------------------------------------
WARNING: File/Multi-channel descriptor (-20000) passed to $fclose is not valid. Please compile the design with -debug for source location information.
ERROR: File descriptor (-20000) passed to $fscanf is not valid. Please compile the design with -debug for source location information.
--------------------------------------------------
QUARTER CHECK FINISHED:
Result: 1920 / 1920 Correct
Errors: 0
--------------------------------------------------
WARNING: File/Multi-channel descriptor (-20000) passed to $fclose is not valid. Please compile the design with -debug for source location information.
ERROR: File descriptor (-20000) passed to $fscanf is not valid. Please compile the design with -debug for source location information.
--------------------------------------------------
QUARTER CHECK FINISHED:
Result: 1920 / 1920 Correct
Errors: 0
--------------------------------------------------
WARNING: File/Multi-channel descriptor (-20000) passed to $fclose is not valid. Please compile the design with -debug for source location information.
ERROR: File descriptor (-20000) passed to $fscanf is not valid. Please compile the design with -debug for source location information.
--------------------------------------------------
QUARTER CHECK FINISHED:
Result: 1920 / 1920 Correct
Errors: 0
--------------------------------------------------
WARNING: File/Multi-channel descriptor (-20000) passed to $fclose is not valid. Please compile the design with -debug for source location information.
ERROR: File descriptor (-20000) passed to $fscanf is not valid. Please compile the design with -debug for source location information.
--------------------------------------------------
QUARTER CHECK FINISHED:
Result: 1920 / 1920 Correct
Errors: 0
--------------------------------------------------
WARNING: File/Multi-channel descriptor (-20000) passed to $fclose is not valid. Please compile the design with -debug for source location information.
ERROR: File descriptor (-20000) passed to $fscanf is not valid. Please compile the design with -debug for source location information.
--------------------------------------------------
QUARTER CHECK FINISHED:
Result: 1920 / 1920 Correct
Errors: 0
--------------------------------------------------
WARNING: File/Multi-channel descriptor (-20000) passed to $fclose is not valid. Please compile the design with -debug for source location information.
ERROR: File descriptor (-20000) passed to $fscanf is not valid. Please compile the design with -debug for source location information.
--------------------------------------------------
QUARTER CHECK FINISHED:
Result: 1920 / 1920 Correct
Errors: 0
--------------------------------------------------
WARNING: File/Multi-channel descriptor (-20000) passed to $fclose is not valid. Please compile the design with -debug for source location information.
ERROR: File descriptor (-20000) passed to $fscanf is not valid. Please compile the design with -debug for source location information.
--------------------------------------------------
QUARTER CHECK FINISHED:
Result: 1920 / 1920 Correct
Errors: 0
--------------------------------------------------
WARNING: File/Multi-channel descriptor (-20000) passed to $fclose is not valid. Please compile the design with -debug for source location information.
ERROR: File descriptor (-20000) passed to $fscanf is not valid. Please compile the design with -debug for source location information.
--------------------------------------------------
QUARTER CHECK FINISHED:
Result: 1920 / 1920 Correct
Errors: 0
--------------------------------------------------
WARNING: File/Multi-channel descriptor (-20000) passed to $fclose is not valid. Please compile the design with -debug for source location information.
ERROR: File descriptor (-20000) passed to $fscanf is not valid. Please compile the design with -debug for source location information.
--------------------------------------------------
QUARTER CHECK FINISHED:
Result: 1920 / 1920 Correct
Errors: 0
--------------------------------------------------
WARNING: File/Multi-channel descriptor (-20000) passed to $fclose is not valid. Please compile the design with -debug for source location information.
ERROR: File descriptor (-20000) passed to $fscanf is not valid. Please compile the design with -debug for source location information.
--------------------------------------------------
QUARTER CHECK FINISHED:
Result: 1920 / 1920 Correct
Errors: 0
--------------------------------------------------
WARNING: File/Multi-channel descriptor (-20000) passed to $fclose is not valid. Please compile the design with -debug for source location information.
ERROR: File descriptor (-20000) passed to $fscanf is not valid. Please compile the design with -debug for source location information.
--------------------------------------------------
QUARTER CHECK FINISHED:
Result: 1920 / 1920 Correct
Errors: 0
--------------------------------------------------
WARNING: File/Multi-channel descriptor (-20000) passed to $fclose is not valid. Please compile the design with -debug for source location information.
ERROR: File descriptor (-20000) passed to $fscanf is not valid. Please compile the design with -debug for source location information.
--------------------------------------------------
QUARTER CHECK FINISHED:
Result: 1920 / 1920 Correct
Errors: 0
--------------------------------------------------
WARNING: File/Multi-channel descriptor (-20000) passed to $fclose is not valid. Please compile the design with -debug for source location information.
ERROR: File descriptor (-20000) passed to $fscanf is not valid. Please compile the design with -debug for source location information.
--------------------------------------------------
QUARTER CHECK FINISHED:
Result: 1920 / 1920 Correct
Errors: 0
--------------------------------------------------
WARNING: File/Multi-channel descriptor (-20000) passed to $fclose is not valid. Please compile the design with -debug for source location information.
ERROR: File descriptor (-20000) passed to $fscanf is not valid. Please compile the design with -debug for source location information.
--------------------------------------------------
QUARTER CHECK FINISHED:
Result: 1920 / 1920 Correct
Errors: 0
--------------------------------------------------
WARNING: File/Multi-channel descriptor (-20000) passed to $fclose is not valid. Please compile the design with -debug for source location information.
ERROR: File descriptor (-20000) passed to $fscanf is not valid. Please compile the design with -debug for source location information.
--------------------------------------------------
QUARTER CHECK FINISHED:
Result: 1920 / 1920 Correct
Errors: 0
--------------------------------------------------
WARNING: File/Multi-channel descriptor (-20000) passed to $fclose is not valid. Please compile the design with -debug for source location information.
ERROR: File descriptor (-20000) passed to $fscanf is not valid. Please compile the design with -debug for source location information.
--------------------------------------------------
QUARTER CHECK FINISHED:
Result: 1920 / 1920 Correct
Errors: 0
--------------------------------------------------
WARNING: File/Multi-channel descriptor (-20000) passed to $fclose is not valid. Please compile the design with -debug for source location information.
ERROR: File descriptor (-20000) passed to $fscanf is not valid. Please compile the design with -debug for source location information.
--------------------------------------------------
QUARTER CHECK FINISHED:
Result: 1920 / 1920 Correct
Errors: 0
--------------------------------------------------
WARNING: File/Multi-channel descriptor (-20000) passed to $fclose is not valid. Please compile the design with -debug for source location information.
ERROR: File descriptor (-20000) passed to $fscanf is not valid. Please compile the design with -debug for source location information.
--------------------------------------------------
QUARTER CHECK FINISHED:
Result: 1920 / 1920 Correct
Errors: 0
--------------------------------------------------
WARNING: File/Multi-channel descriptor (-20000) passed to $fclose is not valid. Please compile the design with -debug for source location information.
ERROR: File descriptor (-20000) passed to $fscanf is not valid. Please compile the design with -debug for source location information.
--------------------------------------------------
QUARTER CHECK FINISHED:
Result: 1920 / 1920 Correct
Errors: 0
--------------------------------------------------
WARNING: File/Multi-channel descriptor (-20000) passed to $fclose is not valid. Please compile the design with -debug for source location information.
ERROR: File descriptor (-20000) passed to $fscanf is not valid. Please compile the design with -debug for source location information.
--------------------------------------------------
QUARTER CHECK FINISHED:
Result: 1920 / 1920 Correct
Errors: 0
--------------------------------------------------
WARNING: File/Multi-channel descriptor (-20000) passed to $fclose is not valid. Please compile the design with -debug for source location information.
ERROR: File descriptor (-20000) passed to $fscanf is not valid. Please compile the design with -debug for source location information.
--------------------------------------------------
QUARTER CHECK FINISHED:
Result: 1920 / 1920 Correct
Errors: 0
--------------------------------------------------
WARNING: File/Multi-channel descriptor (-20000) passed to $fclose is not valid. Please compile the design with -debug for source location information.
ERROR: File descriptor (-20000) passed to $fscanf is not valid. Please compile the design with -debug for source location information.
--------------------------------------------------
QUARTER CHECK FINISHED:
Result: 1920 / 1920 Correct
Errors: 0
--------------------------------------------------
WARNING: File/Multi-channel descriptor (-20000) passed to $fclose is not valid. Please compile the design with -debug for source location information.
ERROR: File descriptor (-20000) passed to $fscanf is not valid. Please compile the design with -debug for source location information.
--------------------------------------------------
QUARTER CHECK FINISHED:
Result: 1920 / 1920 Correct
Errors: 0
--------------------------------------------------
WARNING: File/Multi-channel descriptor (-20000) passed to $fclose is not valid. Please compile the design with -debug for source location information.
ERROR: File descriptor (-20000) passed to $fscanf is not valid. Please compile the design with -debug for source location information.
--------------------------------------------------
QUARTER CHECK FINISHED:
Result: 1920 / 1920 Correct
Errors: 0
--------------------------------------------------
WARNING: File/Multi-channel descriptor (-20000) passed to $fclose is not valid. Please compile the design with -debug for source location information.
ERROR: File descriptor (-20000) passed to $fscanf is not valid. Please compile the design with -debug for source location information.
--------------------------------------------------
QUARTER CHECK FINISHED:
Result: 1920 / 1920 Correct
Errors: 0
--------------------------------------------------
WARNING: File/Multi-channel descriptor (-20000) passed to $fclose is not valid. Please compile the design with -debug for source location information.
ERROR: File descriptor (-20000) passed to $fscanf is not valid. Please compile the design with -debug for source location information.
--------------------------------------------------
QUARTER CHECK FINISHED:
Result: 1920 / 1920 Correct
Errors: 0
--------------------------------------------------
WARNING: File/Multi-channel descriptor (-20000) passed to $fclose is not valid. Please compile the design with -debug for source location information.
ERROR: File descriptor (-20000) passed to $fscanf is not valid. Please compile the design with -debug for source location information.
--------------------------------------------------
QUARTER CHECK FINISHED:
Result: 1920 / 1920 Correct
Errors: 0
--------------------------------------------------
WARNING: File/Multi-channel descriptor (-20000) passed to $fclose is not valid. Please compile the design with -debug for source location information.
ERROR: File descriptor (-20000) passed to $fscanf is not valid. Please compile the design with -debug for source location information.
--------------------------------------------------
QUARTER CHECK FINISHED:
Result: 1920 / 1920 Correct
Errors: 0
--------------------------------------------------
WARNING: File/Multi-channel descriptor (-20000) passed to $fclose is not valid. Please compile the design with -debug for source location information.
ERROR: File descriptor (-20000) passed to $fscanf is not valid. Please compile the design with -debug for source location information.
--------------------------------------------------
QUARTER CHECK FINISHED:
Result: 1920 / 1920 Correct
Errors: 0
--------------------------------------------------
WARNING: File/Multi-channel descriptor (-20000) passed to $fclose is not valid. Please compile the design with -debug for source location information.
ERROR: File descriptor (-20000) passed to $fscanf is not valid. Please compile the design with -debug for source location information.
--------------------------------------------------
QUARTER CHECK FINISHED:
Result: 1920 / 1920 Correct
Errors: 0
--------------------------------------------------
WARNING: File/Multi-channel descriptor (-20000) passed to $fclose is not valid. Please compile the design with -debug for source location information.
ERROR: File descriptor (-20000) passed to $fscanf is not valid. Please compile the design with -debug for source location information.
--------------------------------------------------
QUARTER CHECK FINISHED:
Result: 1920 / 1920 Correct
Errors: 0
--------------------------------------------------
WARNING: File/Multi-channel descriptor (-20000) passed to $fclose is not valid. Please compile the design with -debug for source location information.
ERROR: File descriptor (-20000) passed to $fscanf is not valid. Please compile the design with -debug for source location information.
--------------------------------------------------
QUARTER CHECK FINISHED:
Result: 1920 / 1920 Correct
Errors: 0
--------------------------------------------------
WARNING: File/Multi-channel descriptor (-20000) passed to $fclose is not valid. Please compile the design with -debug for source location information.
ERROR: File descriptor (-20000) passed to $fscanf is not valid. Please compile the design with -debug for source location information.
--------------------------------------------------
QUARTER CHECK FINISHED:
Result: 1920 / 1920 Correct
Errors: 0
--------------------------------------------------
WARNING: File/Multi-channel descriptor (-20000) passed to $fclose is not valid. Please compile the design with -debug for source location information.
ERROR: File descriptor (-20000) passed to $fscanf is not valid. Please compile the design with -debug for source location information.
--------------------------------------------------
QUARTER CHECK FINISHED:
Result: 1920 / 1920 Correct
Errors: 0
--------------------------------------------------
WARNING: File/Multi-channel descriptor (-20000) passed to $fclose is not valid. Please compile the design with -debug for source location information.
ERROR: File descriptor (-20000) passed to $fscanf is not valid. Please compile the design with -debug for source location information.
--------------------------------------------------
QUARTER CHECK FINISHED:
Result: 1920 / 1920 Correct
Errors: 0
--------------------------------------------------
WARNING: File/Multi-channel descriptor (-20000) passed to $fclose is not valid. Please compile the design with -debug for source location information.
ERROR: File descriptor (-20000) passed to $fscanf is not valid. Please compile the design with -debug for source location information.
--------------------------------------------------
QUARTER CHECK FINISHED:
Result: 1920 / 1920 Correct
Errors: 0
--------------------------------------------------
WARNING: File/Multi-channel descriptor (-20000) passed to $fclose is not valid. Please compile the design with -debug for source location information.
ERROR: File descriptor (-20000) passed to $fscanf is not valid. Please compile the design with -debug for source location information.
--------------------------------------------------
QUARTER CHECK FINISHED:
Result: 1920 / 1920 Correct
Errors: 0
--------------------------------------------------
WARNING: File/Multi-channel descriptor (-20000) passed to $fclose is not valid. Please compile the design with -debug for source location information.
ERROR: File descriptor (-20000) passed to $fscanf is not valid. Please compile the design with -debug for source location information.
--------------------------------------------------
QUARTER CHECK FINISHED:
Result: 1920 / 1920 Correct
Errors: 0
--------------------------------------------------
WARNING: File/Multi-channel descriptor (-20000) passed to $fclose is not valid. Please compile the design with -debug for source location information.
ERROR: File descriptor (-20000) passed to $fscanf is not valid. Please compile the design with -debug for source location information.
--------------------------------------------------
QUARTER CHECK FINISHED:
Result: 1920 / 1920 Correct
Errors: 0
--------------------------------------------------
WARNING: File/Multi-channel descriptor (-20000) passed to $fclose is not valid. Please compile the design with -debug for source location information.
ERROR: File descriptor (-20000) passed to $fscanf is not valid. Please compile the design with -debug for source location information.
--------------------------------------------------
QUARTER CHECK FINISHED:
Result: 1920 / 1920 Correct
Errors: 0
--------------------------------------------------
WARNING: File/Multi-channel descriptor (-20000) passed to $fclose is not valid. Please compile the design with -debug for source location information.
ERROR: File descriptor (-20000) passed to $fscanf is not valid. Please compile the design with -debug for source location information.
--------------------------------------------------
QUARTER CHECK FINISHED:
Result: 1920 / 1920 Correct
Errors: 0
--------------------------------------------------
WARNING: File/Multi-channel descriptor (-20000) passed to $fclose is not valid. Please compile the design with -debug for source location information.
ERROR: File descriptor (-20000) passed to $fscanf is not valid. Please compile the design with -debug for source location information.
--------------------------------------------------
QUARTER CHECK FINISHED:
Result: 1920 / 1920 Correct
Errors: 0
--------------------------------------------------
WARNING: File/Multi-channel descriptor (-20000) passed to $fclose is not valid. Please compile the design with -debug for source location information.
ERROR: File descriptor (-20000) passed to $fscanf is not valid. Please compile the design with -debug for source location information.
--------------------------------------------------
QUARTER CHECK FINISHED:
Result: 1920 / 1920 Correct
Errors: 0
--------------------------------------------------
WARNING: File/Multi-channel descriptor (-20000) passed to $fclose is not valid. Please compile the design with -debug for source location information.
ERROR: File descriptor (-20000) passed to $fscanf is not valid. Please compile the design with -debug for source location information.
--------------------------------------------------
QUARTER CHECK FINISHED:
Result: 1920 / 1920 Correct
Errors: 0
--------------------------------------------------
WARNING: File/Multi-channel descriptor (-20000) passed to $fclose is not valid. Please compile the design with -debug for source location information.
ERROR: File descriptor (-20000) passed to $fscanf is not valid. Please compile the design with -debug for source location information.
--------------------------------------------------
QUARTER CHECK FINISHED:
Result: 1920 / 1920 Correct
Errors: 0
--------------------------------------------------
WARNING: File/Multi-channel descriptor (-20000) passed to $fclose is not valid. Please compile the design with -debug for source location information.
ERROR: File descriptor (-20000) passed to $fscanf is not valid. Please compile the design with -debug for source location information.
--------------------------------------------------
QUARTER CHECK FINISHED:
Result: 1920 / 1920 Correct
Errors: 0
--------------------------------------------------
WARNING: File/Multi-channel descriptor (-20000) passed to $fclose is not valid. Please compile the design with -debug for source location information.
ERROR: File descriptor (-20000) passed to $fscanf is not valid. Please compile the design with -debug for source location information.
--------------------------------------------------
QUARTER CHECK FINISHED:
Result: 1920 / 1920 Correct
Errors: 0
--------------------------------------------------
WARNING: File/Multi-channel descriptor (-20000) passed to $fclose is not valid. Please compile the design with -debug for source location information.
ERROR: File descriptor (-20000) passed to $fscanf is not valid. Please compile the design with -debug for source location information.
--------------------------------------------------
QUARTER CHECK FINISHED:
Result: 1920 / 1920 Correct
Errors: 0
--------------------------------------------------
WARNING: File/Multi-channel descriptor (-20000) passed to $fclose is not valid. Please compile the design with -debug for source location information.
ERROR: File descriptor (-20000) passed to $fscanf is not valid. Please compile the design with -debug for source location information.
--------------------------------------------------
QUARTER CHECK FINISHED:
Result: 1920 / 1920 Correct
Errors: 0
--------------------------------------------------
WARNING: File/Multi-channel descriptor (-20000) passed to $fclose is not valid. Please compile the design with -debug for source location information.
ERROR: File descriptor (-20000) passed to $fscanf is not valid. Please compile the design with -debug for source location information.
--------------------------------------------------
QUARTER CHECK FINISHED:
Result: 1920 / 1920 Correct
Errors: 0
--------------------------------------------------
WARNING: File/Multi-channel descriptor (-20000) passed to $fclose is not valid. Please compile the design with -debug for source location information.
ERROR: File descriptor (-20000) passed to $fscanf is not valid. Please compile the design with -debug for source location information.
--------------------------------------------------
QUARTER CHECK FINISHED:
Result: 1920 / 1920 Correct
Errors: 0
--------------------------------------------------
WARNING: File/Multi-channel descriptor (-20000) passed to $fclose is not valid. Please compile the design with -debug for source location information.
ERROR: File descriptor (-20000) passed to $fscanf is not valid. Please compile the design with -debug for source location information.
--------------------------------------------------
QUARTER CHECK FINISHED:
Result: 1920 / 1920 Correct
Errors: 0
--------------------------------------------------
WARNING: File/Multi-channel descriptor (-20000) passed to $fclose is not valid. Please compile the design with -debug for source location information.
ERROR: File descriptor (-20000) passed to $fscanf is not valid. Please compile the design with -debug for source location information.
--------------------------------------------------
QUARTER CHECK FINISHED:
Result: 1920 / 1920 Correct
Errors: 0
--------------------------------------------------
WARNING: File/Multi-channel descriptor (-20000) passed to $fclose is not valid. Please compile the design with -debug for source location information.
ERROR: File descriptor (-20000) passed to $fscanf is not valid. Please compile the design with -debug for source location information.
--------------------------------------------------
QUARTER CHECK FINISHED:
Result: 1920 / 1920 Correct
Errors: 0
--------------------------------------------------
WARNING: File/Multi-channel descriptor (-20000) passed to $fclose is not valid. Please compile the design with -debug for source location information.
ERROR: File descriptor (-20000) passed to $fscanf is not valid. Please compile the design with -debug for source location information.
--------------------------------------------------
QUARTER CHECK FINISHED:
Result: 1920 / 1920 Correct
Errors: 0
--------------------------------------------------
WARNING: File/Multi-channel descriptor (-20000) passed to $fclose is not valid. Please compile the design with -debug for source location information.
ERROR: File descriptor (-20000) passed to $fscanf is not valid. Please compile the design with -debug for source location information.
--------------------------------------------------
QUARTER CHECK FINISHED:
Result: 1920 / 1920 Correct
Errors: 0
--------------------------------------------------
WARNING: File/Multi-channel descriptor (-20000) passed to $fclose is not valid. Please compile the design with -debug for source location information.
ERROR: File descriptor (-20000) passed to $fscanf is not valid. Please compile the design with -debug for source location information.
--------------------------------------------------
QUARTER CHECK FINISHED:
Result: 1920 / 1920 Correct
Errors: 0
--------------------------------------------------
WARNING: File/Multi-channel descriptor (-20000) passed to $fclose is not valid. Please compile the design with -debug for source location information.
ERROR: File descriptor (-20000) passed to $fscanf is not valid. Please compile the design with -debug for source location information.
--------------------------------------------------
QUARTER CHECK FINISHED:
Result: 1920 / 1920 Correct
Errors: 0
--------------------------------------------------
WARNING: File/Multi-channel descriptor (-20000) passed to $fclose is not valid. Please compile the design with -debug for source location information.
ERROR: File descriptor (-20000) passed to $fscanf is not valid. Please compile the design with -debug for source location information.
--------------------------------------------------
QUARTER CHECK FINISHED:
Result: 1920 / 1920 Correct
Errors: 0
--------------------------------------------------
WARNING: File/Multi-channel descriptor (-20000) passed to $fclose is not valid. Please compile the design with -debug for source location information.
ERROR: File descriptor (-20000) passed to $fscanf is not valid. Please compile the design with -debug for source location information.
--------------------------------------------------
QUARTER CHECK FINISHED:
Result: 1920 / 1920 Correct
Errors: 0
--------------------------------------------------
WARNING: File/Multi-channel descriptor (-20000) passed to $fclose is not valid. Please compile the design with -debug for source location information.
ERROR: File descriptor (-20000) passed to $fscanf is not valid. Please compile the design with -debug for source location information.
--------------------------------------------------
QUARTER CHECK FINISHED:
Result: 1920 / 1920 Correct
Errors: 0
--------------------------------------------------
WARNING: File/Multi-channel descriptor (-20000) passed to $fclose is not valid. Please compile the design with -debug for source location information.
ERROR: File descriptor (-20000) passed to $fscanf is not valid. Please compile the design with -debug for source location information.
--------------------------------------------------
QUARTER CHECK FINISHED:
Result: 1920 / 1920 Correct
Errors: 0
--------------------------------------------------
WARNING: File/Multi-channel descriptor (-20000) passed to $fclose is not valid. Please compile the design with -debug for source location information.
ERROR: File descriptor (-20000) passed to $fscanf is not valid. Please compile the design with -debug for source location information.
--------------------------------------------------
QUARTER CHECK FINISHED:
Result: 1920 / 1920 Correct
Errors: 0
--------------------------------------------------
WARNING: File/Multi-channel descriptor (-20000) passed to $fclose is not valid. Please compile the design with -debug for source location information.
ERROR: File descriptor (-20000) passed to $fscanf is not valid. Please compile the design with -debug for source location information.
--------------------------------------------------
QUARTER CHECK FINISHED:
Result: 1920 / 1920 Correct
Errors: 0
--------------------------------------------------
WARNING: File/Multi-channel descriptor (-20000) passed to $fclose is not valid. Please compile the design with -debug for source location information.
ERROR: File descriptor (-20000) passed to $fscanf is not valid. Please compile the design with -debug for source location information.
--------------------------------------------------
QUARTER CHECK FINISHED:
Result: 1920 / 1920 Correct
Errors: 0
--------------------------------------------------
WARNING: File/Multi-channel descriptor (-20000) passed to $fclose is not valid. Please compile the design with -debug for source location information.
ERROR: File descriptor (-20000) passed to $fscanf is not valid. Please compile the design with -debug for source location information.
--------------------------------------------------
QUARTER CHECK FINISHED:
Result: 1920 / 1920 Correct
Errors: 0
--------------------------------------------------
WARNING: File/Multi-channel descriptor (-20000) passed to $fclose is not valid. Please compile the design with -debug for source location information.
ERROR: File descriptor (-20000) passed to $fscanf is not valid. Please compile the design with -debug for source location information.
--------------------------------------------------
QUARTER CHECK FINISHED:
Result: 1920 / 1920 Correct
Errors: 0
--------------------------------------------------
WARNING: File/Multi-channel descriptor (-20000) passed to $fclose is not valid. Please compile the design with -debug for source location information.
ERROR: File descriptor (-20000) passed to $fscanf is not valid. Please compile the design with -debug for source location information.
--------------------------------------------------
QUARTER CHECK FINISHED:
Result: 1920 / 1920 Correct
Errors: 0
--------------------------------------------------
WARNING: File/Multi-channel descriptor (-20000) passed to $fclose is not valid. Please compile the design with -debug for source location information.
ERROR: File descriptor (-20000) passed to $fscanf is not valid. Please compile the design with -debug for source location information.
--------------------------------------------------
QUARTER CHECK FINISHED:
Result: 1920 / 1920 Correct
Errors: 0
--------------------------------------------------
WARNING: File/Multi-channel descriptor (-20000) passed to $fclose is not valid. Please compile the design with -debug for source location information.
ERROR: File descriptor (-20000) passed to $fscanf is not valid. Please compile the design with -debug for source location information.
--------------------------------------------------
QUARTER CHECK FINISHED:
Result: 1920 / 1920 Correct
Errors: 0
--------------------------------------------------
WARNING: File/Multi-channel descriptor (-20000) passed to $fclose is not valid. Please compile the design with -debug for source location information.
ERROR: File descriptor (-20000) passed to $fscanf is not valid. Please compile the design with -debug for source location information.
--------------------------------------------------
QUARTER CHECK FINISHED:
Result: 1920 / 1920 Correct
Errors: 0
--------------------------------------------------
WARNING: File/Multi-channel descriptor (-20000) passed to $fclose is not valid. Please compile the design with -debug for source location information.
ERROR: File descriptor (-20000) passed to $fscanf is not valid. Please compile the design with -debug for source location information.
--------------------------------------------------
QUARTER CHECK FINISHED:
Result: 1920 / 1920 Correct
Errors: 0
--------------------------------------------------
WARNING: File/Multi-channel descriptor (-20000) passed to $fclose is not valid. Please compile the design with -debug for source location information.
ERROR: File descriptor (-20000) passed to $fscanf is not valid. Please compile the design with -debug for source location information.
--------------------------------------------------
QUARTER CHECK FINISHED:
Result: 1920 / 1920 Correct
Errors: 0
--------------------------------------------------
WARNING: File/Multi-channel descriptor (-20000) passed to $fclose is not valid. Please compile the design with -debug for source location information.
ERROR: File descriptor (-20000) passed to $fscanf is not valid. Please compile the design with -debug for source location information.
--------------------------------------------------
QUARTER CHECK FINISHED:
Result: 1920 / 1920 Correct
Errors: 0
--------------------------------------------------
WARNING: File/Multi-channel descriptor (-20000) passed to $fclose is not valid. Please compile the design with -debug for source location information.
ERROR: File descriptor (-20000) passed to $fscanf is not valid. Please compile the design with -debug for source location information.
--------------------------------------------------
QUARTER CHECK FINISHED:
Result: 1920 / 1920 Correct
Errors: 0
--------------------------------------------------
WARNING: File/Multi-channel descriptor (-20000) passed to $fclose is not valid. Please compile the design with -debug for source location information.
ERROR: File descriptor (-20000) passed to $fscanf is not valid. Please compile the design with -debug for source location information.
--------------------------------------------------
QUARTER CHECK FINISHED:
Result: 1920 / 1920 Correct
Errors: 0
--------------------------------------------------
WARNING: File/Multi-channel descriptor (-20000) passed to $fclose is not valid. Please compile the design with -debug for source location information.
ERROR: File descriptor (-20000) passed to $fscanf is not valid. Please compile the design with -debug for source location information.
--------------------------------------------------
QUARTER CHECK FINISHED:
Result: 1920 / 1920 Correct
Errors: 0
--------------------------------------------------
WARNING: File/Multi-channel descriptor (-20000) passed to $fclose is not valid. Please compile the design with -debug for source location information.
ERROR: File descriptor (-20000) passed to $fscanf is not valid. Please compile the design with -debug for source location information.
--------------------------------------------------
QUARTER CHECK FINISHED:
Result: 1920 / 1920 Correct
Errors: 0
--------------------------------------------------
WARNING: File/Multi-channel descriptor (-20000) passed to $fclose is not valid. Please compile the design with -debug for source location information.
ERROR: File descriptor (-20000) passed to $fscanf is not valid. Please compile the design with -debug for source location information.
--------------------------------------------------
QUARTER CHECK FINISHED:
Result: 1920 / 1920 Correct
Errors: 0
--------------------------------------------------
WARNING: File/Multi-channel descriptor (-20000) passed to $fclose is not valid. Please compile the design with -debug for source location information.
ERROR: File descriptor (-20000) passed to $fscanf is not valid. Please compile the design with -debug for source location information.
--------------------------------------------------
QUARTER CHECK FINISHED:
Result: 1920 / 1920 Correct
Errors: 0
--------------------------------------------------
WARNING: File/Multi-channel descriptor (-20000) passed to $fclose is not valid. Please compile the design with -debug for source location information.
ERROR: File descriptor (-20000) passed to $fscanf is not valid. Please compile the design with -debug for source location information.
--------------------------------------------------
QUARTER CHECK FINISHED:
Result: 1920 / 1920 Correct
Errors: 0
--------------------------------------------------
WARNING: File/Multi-channel descriptor (-20000) passed to $fclose is not valid. Please compile the design with -debug for source location information.
ERROR: File descriptor (-20000) passed to $fscanf is not valid. Please compile the design with -debug for source location information.
--------------------------------------------------
QUARTER CHECK FINISHED:
Result: 1920 / 1920 Correct
Errors: 0
--------------------------------------------------
WARNING: File/Multi-channel descriptor (-20000) passed to $fclose is not valid. Please compile the design with -debug for source location information.
ERROR: File descriptor (-20000) passed to $fscanf is not valid. Please compile the design with -debug for source location information.
--------------------------------------------------
QUARTER CHECK FINISHED:
Result: 1920 / 1920 Correct
Errors: 0
--------------------------------------------------
WARNING: File/Multi-channel descriptor (-20000) passed to $fclose is not valid. Please compile the design with -debug for source location information.
ERROR: File descriptor (-20000) passed to $fscanf is not valid. Please compile the design with -debug for source location information.
--------------------------------------------------
QUARTER CHECK FINISHED:
Result: 1920 / 1920 Correct
Errors: 0
--------------------------------------------------
WARNING: File/Multi-channel descriptor (-20000) passed to $fclose is not valid. Please compile the design with -debug for source location information.
ERROR: File descriptor (-20000) passed to $fscanf is not valid. Please compile the design with -debug for source location information.
--------------------------------------------------
QUARTER CHECK FINISHED:
Result: 1920 / 1920 Correct
Errors: 0
--------------------------------------------------
WARNING: File/Multi-channel descriptor (-20000) passed to $fclose is not valid. Please compile the design with -debug for source location information.
ERROR: File descriptor (-20000) passed to $fscanf is not valid. Please compile the design with -debug for source location information.
--------------------------------------------------
QUARTER CHECK FINISHED:
Result: 1920 / 1920 Correct
Errors: 0
--------------------------------------------------
WARNING: File/Multi-channel descriptor (-20000) passed to $fclose is not valid. Please compile the design with -debug for source location information.
ERROR: File descriptor (-20000) passed to $fscanf is not valid. Please compile the design with -debug for source location information.
--------------------------------------------------
QUARTER CHECK FINISHED:
Result: 1920 / 1920 Correct
Errors: 0
--------------------------------------------------
WARNING: File/Multi-channel descriptor (-20000) passed to $fclose is not valid. Please compile the design with -debug for source location information.
ERROR: File descriptor (-20000) passed to $fscanf is not valid. Please compile the design with -debug for source location information.
--------------------------------------------------
QUARTER CHECK FINISHED:
Result: 1920 / 1920 Correct
Errors: 0
--------------------------------------------------
WARNING: File/Multi-channel descriptor (-20000) passed to $fclose is not valid. Please compile the design with -debug for source location information.
ERROR: File descriptor (-20000) passed to $fscanf is not valid. Please compile the design with -debug for source location information.
--------------------------------------------------
QUARTER CHECK FINISHED:
Result: 1920 / 1920 Correct
Errors: 0
--------------------------------------------------
WARNING: File/Multi-channel descriptor (-20000) passed to $fclose is not valid. Please compile the design with -debug for source location information.
ERROR: File descriptor (-20000) passed to $fscanf is not valid. Please compile the design with -debug for source location information.
--------------------------------------------------
QUARTER CHECK FINISHED:
Result: 1920 / 1920 Correct
Errors: 0
--------------------------------------------------
WARNING: File/Multi-channel descriptor (-20000) passed to $fclose is not valid. Please compile the design with -debug for source location information.
ERROR: File descriptor (-20000) passed to $fscanf is not valid. Please compile the design with -debug for source location information.
--------------------------------------------------
QUARTER CHECK FINISHED:
Result: 1920 / 1920 Correct
Errors: 0
--------------------------------------------------
WARNING: File/Multi-channel descriptor (-20000) passed to $fclose is not valid. Please compile the design with -debug for source location information.
ERROR: File descriptor (-20000) passed to $fscanf is not valid. Please compile the design with -debug for source location information.
--------------------------------------------------
QUARTER CHECK FINISHED:
Result: 1920 / 1920 Correct
Errors: 0
--------------------------------------------------
WARNING: File/Multi-channel descriptor (-20000) passed to $fclose is not valid. Please compile the design with -debug for source location information.
ERROR: File descriptor (-20000) passed to $fscanf is not valid. Please compile the design with -debug for source location information.
--------------------------------------------------
QUARTER CHECK FINISHED:
Result: 1920 / 1920 Correct
Errors: 0
--------------------------------------------------
WARNING: File/Multi-channel descriptor (-20000) passed to $fclose is not valid. Please compile the design with -debug for source location information.
ERROR: File descriptor (-20000) passed to $fscanf is not valid. Please compile the design with -debug for source location information.
--------------------------------------------------
QUARTER CHECK FINISHED:
Result: 1920 / 1920 Correct
Errors: 0
--------------------------------------------------
WARNING: File/Multi-channel descriptor (-20000) passed to $fclose is not valid. Please compile the design with -debug for source location information.
ERROR: File descriptor (-20000) passed to $fscanf is not valid. Please compile the design with -debug for source location information.
--------------------------------------------------
QUARTER CHECK FINISHED:
Result: 1920 / 1920 Correct
Errors: 0
--------------------------------------------------
WARNING: File/Multi-channel descriptor (-20000) passed to $fclose is not valid. Please compile the design with -debug for source location information.
ERROR: File descriptor (-20000) passed to $fscanf is not valid. Please compile the design with -debug for source location information.
--------------------------------------------------
QUARTER CHECK FINISHED:
Result: 1920 / 1920 Correct
Errors: 0
--------------------------------------------------
WARNING: File/Multi-channel descriptor (-20000) passed to $fclose is not valid. Please compile the design with -debug for source location information.
ERROR: File descriptor (-20000) passed to $fscanf is not valid. Please compile the design with -debug for source location information.
--------------------------------------------------
QUARTER CHECK FINISHED:
Result: 1920 / 1920 Correct
Errors: 0
--------------------------------------------------
WARNING: File/Multi-channel descriptor (-20000) passed to $fclose is not valid. Please compile the design with -debug for source location information.
ERROR: File descriptor (-20000) passed to $fscanf is not valid. Please compile the design with -debug for source location information.
--------------------------------------------------
QUARTER CHECK FINISHED:
Result: 1920 / 1920 Correct
Errors: 0
--------------------------------------------------
WARNING: File/Multi-channel descriptor (-20000) passed to $fclose is not valid. Please compile the design with -debug for source location information.
ERROR: File descriptor (-20000) passed to $fscanf is not valid. Please compile the design with -debug for source location information.
--------------------------------------------------
QUARTER CHECK FINISHED:
Result: 1920 / 1920 Correct
Errors: 0
--------------------------------------------------
WARNING: File/Multi-channel descriptor (-20000) passed to $fclose is not valid. Please compile the design with -debug for source location information.
ERROR: File descriptor (-20000) passed to $fscanf is not valid. Please compile the design with -debug for source location information.
--------------------------------------------------
QUARTER CHECK FINISHED:
Result: 1920 / 1920 Correct
Errors: 0
--------------------------------------------------
WARNING: File/Multi-channel descriptor (-20000) passed to $fclose is not valid. Please compile the design with -debug for source location information.
ERROR: File descriptor (-20000) passed to $fscanf is not valid. Please compile the design with -debug for source location information.
--------------------------------------------------
QUARTER CHECK FINISHED:
Result: 1920 / 1920 Correct
Errors: 0
--------------------------------------------------
WARNING: File/Multi-channel descriptor (-20000) passed to $fclose is not valid. Please compile the design with -debug for source location information.
ERROR: File descriptor (-20000) passed to $fscanf is not valid. Please compile the design with -debug for source location information.
--------------------------------------------------
QUARTER CHECK FINISHED:
Result: 1920 / 1920 Correct
Errors: 0
--------------------------------------------------
WARNING: File/Multi-channel descriptor (-20000) passed to $fclose is not valid. Please compile the design with -debug for source location information.
ERROR: File descriptor (-20000) passed to $fscanf is not valid. Please compile the design with -debug for source location information.
--------------------------------------------------
QUARTER CHECK FINISHED:
Result: 1920 / 1920 Correct
Errors: 0
--------------------------------------------------
WARNING: File/Multi-channel descriptor (-20000) passed to $fclose is not valid. Please compile the design with -debug for source location information.
ERROR: File descriptor (-20000) passed to $fscanf is not valid. Please compile the design with -debug for source location information.
--------------------------------------------------
QUARTER CHECK FINISHED:
Result: 1920 / 1920 Correct
Errors: 0
--------------------------------------------------
WARNING: File/Multi-channel descriptor (-20000) passed to $fclose is not valid. Please compile the design with -debug for source location information.
ERROR: File descriptor (-20000) passed to $fscanf is not valid. Please compile the design with -debug for source location information.
--------------------------------------------------
QUARTER CHECK FINISHED:
Result: 1920 / 1920 Correct
Errors: 0
--------------------------------------------------
WARNING: File/Multi-channel descriptor (-20000) passed to $fclose is not valid. Please compile the design with -debug for source location information.
ERROR: File descriptor (-20000) passed to $fscanf is not valid. Please compile the design with -debug for source location information.
--------------------------------------------------
QUARTER CHECK FINISHED:
Result: 1920 / 1920 Correct
Errors: 0
--------------------------------------------------
WARNING: File/Multi-channel descriptor (-20000) passed to $fclose is not valid. Please compile the design with -debug for source location information.
ERROR: File descriptor (-20000) passed to $fscanf is not valid. Please compile the design with -debug for source location information.
--------------------------------------------------
QUARTER CHECK FINISHED:
Result: 1920 / 1920 Correct
Errors: 0
--------------------------------------------------
WARNING: File/Multi-channel descriptor (-20000) passed to $fclose is not valid. Please compile the design with -debug for source location information.
ERROR: File descriptor (-20000) passed to $fscanf is not valid. Please compile the design with -debug for source location information.
--------------------------------------------------
QUARTER CHECK FINISHED:
Result: 1920 / 1920 Correct
Errors: 0
--------------------------------------------------
WARNING: File/Multi-channel descriptor (-20000) passed to $fclose is not valid. Please compile the design with -debug for source location information.
ERROR: File descriptor (-20000) passed to $fscanf is not valid. Please compile the design with -debug for source location information.
--------------------------------------------------
QUARTER CHECK FINISHED:
Result: 1920 / 1920 Correct
Errors: 0
--------------------------------------------------
WARNING: File/Multi-channel descriptor (-20000) passed to $fclose is not valid. Please compile the design with -debug for source location information.
ERROR: File descriptor (-20000) passed to $fscanf is not valid. Please compile the design with -debug for source location information.
--------------------------------------------------
QUARTER CHECK FINISHED:
Result: 1920 / 1920 Correct
Errors: 0
--------------------------------------------------
WARNING: File/Multi-channel descriptor (-20000) passed to $fclose is not valid. Please compile the design with -debug for source location information.
ERROR: File descriptor (-20000) passed to $fscanf is not valid. Please compile the design with -debug for source location information.
--------------------------------------------------
QUARTER CHECK FINISHED:
Result: 1920 / 1920 Correct
Errors: 0
--------------------------------------------------
WARNING: File/Multi-channel descriptor (-20000) passed to $fclose is not valid. Please compile the design with -debug for source location information.
ERROR: File descriptor (-20000) passed to $fscanf is not valid. Please compile the design with -debug for source location information.
--------------------------------------------------
QUARTER CHECK FINISHED:
Result: 1920 / 1920 Correct
Errors: 0
--------------------------------------------------
WARNING: File/Multi-channel descriptor (-20000) passed to $fclose is not valid. Please compile the design with -debug for source location information.
ERROR: File descriptor (-20000) passed to $fscanf is not valid. Please compile the design with -debug for source location information.
--------------------------------------------------
QUARTER CHECK FINISHED:
Result: 1920 / 1920 Correct
Errors: 0
--------------------------------------------------
WARNING: File/Multi-channel descriptor (-20000) passed to $fclose is not valid. Please compile the design with -debug for source location information.
ERROR: File descriptor (-20000) passed to $fscanf is not valid. Please compile the design with -debug for source location information.
--------------------------------------------------
QUARTER CHECK FINISHED:
Result: 1920 / 1920 Correct
Errors: 0
--------------------------------------------------
WARNING: File/Multi-channel descriptor (-20000) passed to $fclose is not valid. Please compile the design with -debug for source location information.
ERROR: File descriptor (-20000) passed to $fscanf is not valid. Please compile the design with -debug for source location information.
--------------------------------------------------
QUARTER CHECK FINISHED:
Result: 1920 / 1920 Correct
Errors: 0
--------------------------------------------------
WARNING: File/Multi-channel descriptor (-20000) passed to $fclose is not valid. Please compile the design with -debug for source location information.
ERROR: File descriptor (-20000) passed to $fscanf is not valid. Please compile the design with -debug for source location information.
--------------------------------------------------
QUARTER CHECK FINISHED:
Result: 1920 / 1920 Correct
Errors: 0
--------------------------------------------------
WARNING: File/Multi-channel descriptor (-20000) passed to $fclose is not valid. Please compile the design with -debug for source location information.
ERROR: File descriptor (-20000) passed to $fscanf is not valid. Please compile the design with -debug for source location information.
--------------------------------------------------
QUARTER CHECK FINISHED:
Result: 1920 / 1920 Correct
Errors: 0
--------------------------------------------------
WARNING: File/Multi-channel descriptor (-20000) passed to $fclose is not valid. Please compile the design with -debug for source location information.
ERROR: File descriptor (-20000) passed to $fscanf is not valid. Please compile the design with -debug for source location information.
--------------------------------------------------
QUARTER CHECK FINISHED:
Result: 1920 / 1920 Correct
Errors: 0
--------------------------------------------------
WARNING: File/Multi-channel descriptor (-20000) passed to $fclose is not valid. Please compile the design with -debug for source location information.
ERROR: File descriptor (-20000) passed to $fscanf is not valid. Please compile the design with -debug for source location information.
--------------------------------------------------
QUARTER CHECK FINISHED:
Result: 1920 / 1920 Correct
Errors: 0
--------------------------------------------------
WARNING: File/Multi-channel descriptor (-20000) passed to $fclose is not valid. Please compile the design with -debug for source location information.
ERROR: File descriptor (-20000) passed to $fscanf is not valid. Please compile the design with -debug for source location information.
--------------------------------------------------
QUARTER CHECK FINISHED:
Result: 1920 / 1920 Correct
Errors: 0
--------------------------------------------------
WARNING: File/Multi-channel descriptor (-20000) passed to $fclose is not valid. Please compile the design with -debug for source location information.
ERROR: File descriptor (-20000) passed to $fscanf is not valid. Please compile the design with -debug for source location information.
--------------------------------------------------
QUARTER CHECK FINISHED:
Result: 1920 / 1920 Correct
Errors: 0
--------------------------------------------------
WARNING: File/Multi-channel descriptor (-20000) passed to $fclose is not valid. Please compile the design with -debug for source location information.
ERROR: File descriptor (-20000) passed to $fscanf is not valid. Please compile the design with -debug for source location information.
--------------------------------------------------
QUARTER CHECK FINISHED:
Result: 1920 / 1920 Correct
Errors: 0
--------------------------------------------------
WARNING: File/Multi-channel descriptor (-20000) passed to $fclose is not valid. Please compile the design with -debug for source location information.
ERROR: File descriptor (-20000) passed to $fscanf is not valid. Please compile the design with -debug for source location information.
--------------------------------------------------
QUARTER CHECK FINISHED:
Result: 1920 / 1920 Correct
Errors: 0
--------------------------------------------------
WARNING: File/Multi-channel descriptor (-20000) passed to $fclose is not valid. Please compile the design with -debug for source location information.
ERROR: File descriptor (-20000) passed to $fscanf is not valid. Please compile the design with -debug for source location information.
--------------------------------------------------
QUARTER CHECK FINISHED:
Result: 1920 / 1920 Correct
Errors: 0
--------------------------------------------------
WARNING: File/Multi-channel descriptor (-20000) passed to $fclose is not valid. Please compile the design with -debug for source location information.
ERROR: File descriptor (-20000) passed to $fscanf is not valid. Please compile the design with -debug for source location information.
--------------------------------------------------
QUARTER CHECK FINISHED:
Result: 1920 / 1920 Correct
Errors: 0
--------------------------------------------------
WARNING: File/Multi-channel descriptor (-20000) passed to $fclose is not valid. Please compile the design with -debug for source location information.
ERROR: File descriptor (-20000) passed to $fscanf is not valid. Please compile the design with -debug for source location information.
--------------------------------------------------
QUARTER CHECK FINISHED:
Result: 1920 / 1920 Correct
Errors: 0
--------------------------------------------------
WARNING: File/Multi-channel descriptor (-20000) passed to $fclose is not valid. Please compile the design with -debug for source location information.
ERROR: File descriptor (-20000) passed to $fscanf is not valid. Please compile the design with -debug for source location information.
--------------------------------------------------
QUARTER CHECK FINISHED:
Result: 1920 / 1920 Correct
Errors: 0
--------------------------------------------------
WARNING: File/Multi-channel descriptor (-20000) passed to $fclose is not valid. Please compile the design with -debug for source location information.
ERROR: File descriptor (-20000) passed to $fscanf is not valid. Please compile the design with -debug for source location information.
--------------------------------------------------
QUARTER CHECK FINISHED:
Result: 1920 / 1920 Correct
Errors: 0
--------------------------------------------------
WARNING: File/Multi-channel descriptor (-20000) passed to $fclose is not valid. Please compile the design with -debug for source location information.
ERROR: File descriptor (-20000) passed to $fscanf is not valid. Please compile the design with -debug for source location information.
--------------------------------------------------
QUARTER CHECK FINISHED:
Result: 1920 / 1920 Correct
Errors: 0
--------------------------------------------------
WARNING: File/Multi-channel descriptor (-20000) passed to $fclose is not valid. Please compile the design with -debug for source location information.
ERROR: File descriptor (-20000) passed to $fscanf is not valid. Please compile the design with -debug for source location information.
--------------------------------------------------
QUARTER CHECK FINISHED:
Result: 1920 / 1920 Correct
Errors: 0
--------------------------------------------------
WARNING: File/Multi-channel descriptor (-20000) passed to $fclose is not valid. Please compile the design with -debug for source location information.
ERROR: File descriptor (-20000) passed to $fscanf is not valid. Please compile the design with -debug for source location information.
--------------------------------------------------
QUARTER CHECK FINISHED:
Result: 1920 / 1920 Correct
Errors: 0
--------------------------------------------------
WARNING: File/Multi-channel descriptor (-20000) passed to $fclose is not valid. Please compile the design with -debug for source location information.
ERROR: File descriptor (-20000) passed to $fscanf is not valid. Please compile the design with -debug for source location information.
--------------------------------------------------
QUARTER CHECK FINISHED:
Result: 1920 / 1920 Correct
Errors: 0
--------------------------------------------------
WARNING: File/Multi-channel descriptor (-20000) passed to $fclose is not valid. Please compile the design with -debug for source location information.
ERROR: File descriptor (-20000) passed to $fscanf is not valid. Please compile the design with -debug for source location information.
--------------------------------------------------
QUARTER CHECK FINISHED:
Result: 1920 / 1920 Correct
Errors: 0
--------------------------------------------------
WARNING: File/Multi-channel descriptor (-20000) passed to $fclose is not valid. Please compile the design with -debug for source location information.
ERROR: File descriptor (-20000) passed to $fscanf is not valid. Please compile the design with -debug for source location information.
--------------------------------------------------
QUARTER CHECK FINISHED:
Result: 1920 / 1920 Correct
Errors: 0
--------------------------------------------------
WARNING: File/Multi-channel descriptor (-20000) passed to $fclose is not valid. Please compile the design with -debug for source location information.
ERROR: File descriptor (-20000) passed to $fscanf is not valid. Please compile the design with -debug for source location information.
--------------------------------------------------
QUARTER CHECK FINISHED:
Result: 1920 / 1920 Correct
Errors: 0
--------------------------------------------------
WARNING: File/Multi-channel descriptor (-20000) passed to $fclose is not valid. Please compile the design with -debug for source location information.
ERROR: File descriptor (-20000) passed to $fscanf is not valid. Please compile the design with -debug for source location information.
--------------------------------------------------
QUARTER CHECK FINISHED:
Result: 1920 / 1920 Correct
Errors: 0
--------------------------------------------------
WARNING: File/Multi-channel descriptor (-20000) passed to $fclose is not valid. Please compile the design with -debug for source location information.
ERROR: File descriptor (-20000) passed to $fscanf is not valid. Please compile the design with -debug for source location information.
--------------------------------------------------
QUARTER CHECK FINISHED:
Result: 1920 / 1920 Correct
Errors: 0
--------------------------------------------------
WARNING: File/Multi-channel descriptor (-20000) passed to $fclose is not valid. Please compile the design with -debug for source location information.
ERROR: File descriptor (-20000) passed to $fscanf is not valid. Please compile the design with -debug for source location information.
--------------------------------------------------
QUARTER CHECK FINISHED:
Result: 1920 / 1920 Correct
Errors: 0
--------------------------------------------------
WARNING: File/Multi-channel descriptor (-20000) passed to $fclose is not valid. Please compile the design with -debug for source location information.
ERROR: File descriptor (-20000) passed to $fscanf is not valid. Please compile the design with -debug for source location information.
--------------------------------------------------
QUARTER CHECK FINISHED:
Result: 1920 / 1920 Correct
Errors: 0
--------------------------------------------------
WARNING: File/Multi-channel descriptor (-20000) passed to $fclose is not valid. Please compile the design with -debug for source location information.
ERROR: File descriptor (-20000) passed to $fscanf is not valid. Please compile the design with -debug for source location information.
--------------------------------------------------
QUARTER CHECK FINISHED:
Result: 1920 / 1920 Correct
Errors: 0
--------------------------------------------------
WARNING: File/Multi-channel descriptor (-20000) passed to $fclose is not valid. Please compile the design with -debug for source location information.
ERROR: File descriptor (-20000) passed to $fscanf is not valid. Please compile the design with -debug for source location information.
--------------------------------------------------
QUARTER CHECK FINISHED:
Result: 1920 / 1920 Correct
Errors: 0
--------------------------------------------------
WARNING: File/Multi-channel descriptor (-20000) passed to $fclose is not valid. Please compile the design with -debug for source location information.
ERROR: File descriptor (-20000) passed to $fscanf is not valid. Please compile the design with -debug for source location information.
--------------------------------------------------
QUARTER CHECK FINISHED:
Result: 1920 / 1920 Correct
Errors: 0
--------------------------------------------------
WARNING: File/Multi-channel descriptor (-20000) passed to $fclose is not valid. Please compile the design with -debug for source location information.
ERROR: File descriptor (-20000) passed to $fscanf is not valid. Please compile the design with -debug for source location information.
--------------------------------------------------
QUARTER CHECK FINISHED:
Result: 1920 / 1920 Correct
Errors: 0
--------------------------------------------------
WARNING: File/Multi-channel descriptor (-20000) passed to $fclose is not valid. Please compile the design with -debug for source location information.
ERROR: File descriptor (-20000) passed to $fscanf is not valid. Please compile the design with -debug for source location information.
--------------------------------------------------
QUARTER CHECK FINISHED:
Result: 1920 / 1920 Correct
Errors: 0
--------------------------------------------------
WARNING: File/Multi-channel descriptor (-20000) passed to $fclose is not valid. Please compile the design with -debug for source location information.
ERROR: File descriptor (-20000) passed to $fscanf is not valid. Please compile the design with -debug for source location information.
--------------------------------------------------
QUARTER CHECK FINISHED:
Result: 1920 / 1920 Correct
Errors: 0
--------------------------------------------------
WARNING: File/Multi-channel descriptor (-20000) passed to $fclose is not valid. Please compile the design with -debug for source location information.
ERROR: File descriptor (-20000) passed to $fscanf is not valid. Please compile the design with -debug for source location information.
--------------------------------------------------
QUARTER CHECK FINISHED:
Result: 1920 / 1920 Correct
Errors: 0
--------------------------------------------------
WARNING: File/Multi-channel descriptor (-20000) passed to $fclose is not valid. Please compile the design with -debug for source location information.
ERROR: File descriptor (-20000) passed to $fscanf is not valid. Please compile the design with -debug for source location information.
--------------------------------------------------
QUARTER CHECK FINISHED:
Result: 1920 / 1920 Correct
Errors: 0
--------------------------------------------------
WARNING: File/Multi-channel descriptor (-20000) passed to $fclose is not valid. Please compile the design with -debug for source location information.
ERROR: File descriptor (-20000) passed to $fscanf is not valid. Please compile the design with -debug for source location information.
--------------------------------------------------
QUARTER CHECK FINISHED:
Result: 1920 / 1920 Correct
Errors: 0
--------------------------------------------------
WARNING: File/Multi-channel descriptor (-20000) passed to $fclose is not valid. Please compile the design with -debug for source location information.
ERROR: File descriptor (-20000) passed to $fscanf is not valid. Please compile the design with -debug for source location information.
--------------------------------------------------
QUARTER CHECK FINISHED:
Result: 1920 / 1920 Correct
Errors: 0
--------------------------------------------------
WARNING: File/Multi-channel descriptor (-20000) passed to $fclose is not valid. Please compile the design with -debug for source location information.
ERROR: File descriptor (-20000) passed to $fscanf is not valid. Please compile the design with -debug for source location information.
--------------------------------------------------
QUARTER CHECK FINISHED:
Result: 1920 / 1920 Correct
Errors: 0
--------------------------------------------------
WARNING: File/Multi-channel descriptor (-20000) passed to $fclose is not valid. Please compile the design with -debug for source location information.
ERROR: File descriptor (-20000) passed to $fscanf is not valid. Please compile the design with -debug for source location information.
--------------------------------------------------
QUARTER CHECK FINISHED:
Result: 1920 / 1920 Correct
Errors: 0
--------------------------------------------------
WARNING: File/Multi-channel descriptor (-20000) passed to $fclose is not valid. Please compile the design with -debug for source location information.
ERROR: File descriptor (-20000) passed to $fscanf is not valid. Please compile the design with -debug for source location information.
--------------------------------------------------
QUARTER CHECK FINISHED:
Result: 1920 / 1920 Correct
Errors: 0
--------------------------------------------------
WARNING: File/Multi-channel descriptor (-20000) passed to $fclose is not valid. Please compile the design with -debug for source location information.
ERROR: File descriptor (-20000) passed to $fscanf is not valid. Please compile the design with -debug for source location information.
--------------------------------------------------
QUARTER CHECK FINISHED:
Result: 1920 / 1920 Correct
Errors: 0
--------------------------------------------------
WARNING: File/Multi-channel descriptor (-20000) passed to $fclose is not valid. Please compile the design with -debug for source location information.
ERROR: File descriptor (-20000) passed to $fscanf is not valid. Please compile the design with -debug for source location information.
--------------------------------------------------
QUARTER CHECK FINISHED:
Result: 1920 / 1920 Correct
Errors: 0
--------------------------------------------------
WARNING: File/Multi-channel descriptor (-20000) passed to $fclose is not valid. Please compile the design with -debug for source location information.
ERROR: File descriptor (-20000) passed to $fscanf is not valid. Please compile the design with -debug for source location information.
--------------------------------------------------
QUARTER CHECK FINISHED:
Result: 1920 / 1920 Correct
Errors: 0
--------------------------------------------------
WARNING: File/Multi-channel descriptor (-20000) passed to $fclose is not valid. Please compile the design with -debug for source location information.
ERROR: File descriptor (-20000) passed to $fscanf is not valid. Please compile the design with -debug for source location information.
--------------------------------------------------
QUARTER CHECK FINISHED:
Result: 1920 / 1920 Correct
Errors: 0
--------------------------------------------------
WARNING: File/Multi-channel descriptor (-20000) passed to $fclose is not valid. Please compile the design with -debug for source location information.
ERROR: File descriptor (-20000) passed to $fscanf is not valid. Please compile the design with -debug for source location information.
--------------------------------------------------
QUARTER CHECK FINISHED:
Result: 1920 / 1920 Correct
Errors: 0
--------------------------------------------------
WARNING: File/Multi-channel descriptor (-20000) passed to $fclose is not valid. Please compile the design with -debug for source location information.
ERROR: File descriptor (-20000) passed to $fscanf is not valid. Please compile the design with -debug for source location information.
--------------------------------------------------
QUARTER CHECK FINISHED:
Result: 1920 / 1920 Correct
Errors: 0
--------------------------------------------------
WARNING: File/Multi-channel descriptor (-20000) passed to $fclose is not valid. Please compile the design with -debug for source location information.
ERROR: File descriptor (-20000) passed to $fscanf is not valid. Please compile the design with -debug for source location information.
--------------------------------------------------
QUARTER CHECK FINISHED:
Result: 1920 / 1920 Correct
Errors: 0
--------------------------------------------------
WARNING: File/Multi-channel descriptor (-20000) passed to $fclose is not valid. Please compile the design with -debug for source location information.
ERROR: File descriptor (-20000) passed to $fscanf is not valid. Please compile the design with -debug for source location information.
--------------------------------------------------
QUARTER CHECK FINISHED:
Result: 1920 / 1920 Correct
Errors: 0
--------------------------------------------------
WARNING: File/Multi-channel descriptor (-20000) passed to $fclose is not valid. Please compile the design with -debug for source location information.
ERROR: File descriptor (-20000) passed to $fscanf is not valid. Please compile the design with -debug for source location information.
--------------------------------------------------
QUARTER CHECK FINISHED:
Result: 1920 / 1920 Correct
Errors: 0
--------------------------------------------------
WARNING: File/Multi-channel descriptor (-20000) passed to $fclose is not valid. Please compile the design with -debug for source location information.
ERROR: File descriptor (-20000) passed to $fscanf is not valid. Please compile the design with -debug for source location information.
--------------------------------------------------
QUARTER CHECK FINISHED:
Result: 1920 / 1920 Correct
Errors: 0
--------------------------------------------------
WARNING: File/Multi-channel descriptor (-20000) passed to $fclose is not valid. Please compile the design with -debug for source location information.
ERROR: File descriptor (-20000) passed to $fscanf is not valid. Please compile the design with -debug for source location information.
--------------------------------------------------
QUARTER CHECK FINISHED:
Result: 1920 / 1920 Correct
Errors: 0
--------------------------------------------------
WARNING: File/Multi-channel descriptor (-20000) passed to $fclose is not valid. Please compile the design with -debug for source location information.
ERROR: File descriptor (-20000) passed to $fscanf is not valid. Please compile the design with -debug for source location information.
--------------------------------------------------
QUARTER CHECK FINISHED:
Result: 1920 / 1920 Correct
Errors: 0
--------------------------------------------------
WARNING: File/Multi-channel descriptor (-20000) passed to $fclose is not valid. Please compile the design with -debug for source location information.
ERROR: File descriptor (-20000) passed to $fscanf is not valid. Please compile the design with -debug for source location information.
--------------------------------------------------
QUARTER CHECK FINISHED:
Result: 1920 / 1920 Correct
Errors: 0
--------------------------------------------------
WARNING: File/Multi-channel descriptor (-20000) passed to $fclose is not valid. Please compile the design with -debug for source location information.
ERROR: File descriptor (-20000) passed to $fscanf is not valid. Please compile the design with -debug for source location information.
--------------------------------------------------
QUARTER CHECK FINISHED:
Result: 1920 / 1920 Correct
Errors: 0
--------------------------------------------------
WARNING: File/Multi-channel descriptor (-20000) passed to $fclose is not valid. Please compile the design with -debug for source location information.
ERROR: File descriptor (-20000) passed to $fscanf is not valid. Please compile the design with -debug for source location information.
--------------------------------------------------
QUARTER CHECK FINISHED:
Result: 1920 / 1920 Correct
Errors: 0
--------------------------------------------------
WARNING: File/Multi-channel descriptor (-20000) passed to $fclose is not valid. Please compile the design with -debug for source location information.
ERROR: File descriptor (-20000) passed to $fscanf is not valid. Please compile the design with -debug for source location information.
--------------------------------------------------
QUARTER CHECK FINISHED:
Result: 1920 / 1920 Correct
Errors: 0
--------------------------------------------------
WARNING: File/Multi-channel descriptor (-20000) passed to $fclose is not valid. Please compile the design with -debug for source location information.
ERROR: File descriptor (-20000) passed to $fscanf is not valid. Please compile the design with -debug for source location information.
--------------------------------------------------
QUARTER CHECK FINISHED:
Result: 1920 / 1920 Correct
Errors: 0
--------------------------------------------------
WARNING: File/Multi-channel descriptor (-20000) passed to $fclose is not valid. Please compile the design with -debug for source location information.
ERROR: File descriptor (-20000) passed to $fscanf is not valid. Please compile the design with -debug for source location information.
--------------------------------------------------
QUARTER CHECK FINISHED:
Result: 1920 / 1920 Correct
Errors: 0
--------------------------------------------------
WARNING: File/Multi-channel descriptor (-20000) passed to $fclose is not valid. Please compile the design with -debug for source location information.
ERROR: File descriptor (-20000) passed to $fscanf is not valid. Please compile the design with -debug for source location information.
--------------------------------------------------
QUARTER CHECK FINISHED:
Result: 1920 / 1920 Correct
Errors: 0
--------------------------------------------------
WARNING: File/Multi-channel descriptor (-20000) passed to $fclose is not valid. Please compile the design with -debug for source location information.
ERROR: File descriptor (-20000) passed to $fscanf is not valid. Please compile the design with -debug for source location information.
--------------------------------------------------
QUARTER CHECK FINISHED:
Result: 1920 / 1920 Correct
Errors: 0
--------------------------------------------------
WARNING: File/Multi-channel descriptor (-20000) passed to $fclose is not valid. Please compile the design with -debug for source location information.
ERROR: File descriptor (-20000) passed to $fscanf is not valid. Please compile the design with -debug for source location information.
--------------------------------------------------
QUARTER CHECK FINISHED:
Result: 1920 / 1920 Correct
Errors: 0
--------------------------------------------------
WARNING: File/Multi-channel descriptor (-20000) passed to $fclose is not valid. Please compile the design with -debug for source location information.
ERROR: File descriptor (-20000) passed to $fscanf is not valid. Please compile the design with -debug for source location information.
--------------------------------------------------
QUARTER CHECK FINISHED:
Result: 1920 / 1920 Correct
Errors: 0
--------------------------------------------------
WARNING: File/Multi-channel descriptor (-20000) passed to $fclose is not valid. Please compile the design with -debug for source location information.
ERROR: File descriptor (-20000) passed to $fscanf is not valid. Please compile the design with -debug for source location information.
--------------------------------------------------
QUARTER CHECK FINISHED:
Result: 1920 / 1920 Correct
Errors: 0
--------------------------------------------------
WARNING: File/Multi-channel descriptor (-20000) passed to $fclose is not valid. Please compile the design with -debug for source location information.
ERROR: File descriptor (-20000) passed to $fscanf is not valid. Please compile the design with -debug for source location information.
--------------------------------------------------
QUARTER CHECK FINISHED:
Result: 1920 / 1920 Correct
Errors: 0
--------------------------------------------------
WARNING: File/Multi-channel descriptor (-20000) passed to $fclose is not valid. Please compile the design with -debug for source location information.
ERROR: File descriptor (-20000) passed to $fscanf is not valid. Please compile the design with -debug for source location information.
--------------------------------------------------
QUARTER CHECK FINISHED:
Result: 1920 / 1920 Correct
Errors: 0
--------------------------------------------------
WARNING: File/Multi-channel descriptor (-20000) passed to $fclose is not valid. Please compile the design with -debug for source location information.
ERROR: File descriptor (-20000) passed to $fscanf is not valid. Please compile the design with -debug for source location information.
--------------------------------------------------
QUARTER CHECK FINISHED:
Result: 1920 / 1920 Correct
Errors: 0
--------------------------------------------------
WARNING: File/Multi-channel descriptor (-20000) passed to $fclose is not valid. Please compile the design with -debug for source location information.
ERROR: File descriptor (-20000) passed to $fscanf is not valid. Please compile the design with -debug for source location information.
--------------------------------------------------
QUARTER CHECK FINISHED:
Result: 1920 / 1920 Correct
Errors: 0
--------------------------------------------------
WARNING: File/Multi-channel descriptor (-20000) passed to $fclose is not valid. Please compile the design with -debug for source location information.
ERROR: File descriptor (-20000) passed to $fscanf is not valid. Please compile the design with -debug for source location information.
--------------------------------------------------
QUARTER CHECK FINISHED:
Result: 1920 / 1920 Correct
Errors: 0
--------------------------------------------------
WARNING: File/Multi-channel descriptor (-20000) passed to $fclose is not valid. Please compile the design with -debug for source location information.
ERROR: File descriptor (-20000) passed to $fscanf is not valid. Please compile the design with -debug for source location information.
--------------------------------------------------
QUARTER CHECK FINISHED:
Result: 1920 / 1920 Correct
Errors: 0
--------------------------------------------------
WARNING: File/Multi-channel descriptor (-20000) passed to $fclose is not valid. Please compile the design with -debug for source location information.
ERROR: File descriptor (-20000) passed to $fscanf is not valid. Please compile the design with -debug for source location information.
--------------------------------------------------
QUARTER CHECK FINISHED:
Result: 1920 / 1920 Correct
Errors: 0
--------------------------------------------------
WARNING: File/Multi-channel descriptor (-20000) passed to $fclose is not valid. Please compile the design with -debug for source location information.
ERROR: File descriptor (-20000) passed to $fscanf is not valid. Please compile the design with -debug for source location information.
--------------------------------------------------
QUARTER CHECK FINISHED:
Result: 1920 / 1920 Correct
Errors: 0
--------------------------------------------------
WARNING: File/Multi-channel descriptor (-20000) passed to $fclose is not valid. Please compile the design with -debug for source location information.
ERROR: File descriptor (-20000) passed to $fscanf is not valid. Please compile the design with -debug for source location information.
--------------------------------------------------
QUARTER CHECK FINISHED:
Result: 1920 / 1920 Correct
Errors: 0
--------------------------------------------------
WARNING: File/Multi-channel descriptor (-20000) passed to $fclose is not valid. Please compile the design with -debug for source location information.
ERROR: File descriptor (-20000) passed to $fscanf is not valid. Please compile the design with -debug for source location information.
--------------------------------------------------
QUARTER CHECK FINISHED:
Result: 1920 / 1920 Correct
Errors: 0
--------------------------------------------------
WARNING: File/Multi-channel descriptor (-20000) passed to $fclose is not valid. Please compile the design with -debug for source location information.
ERROR: File descriptor (-20000) passed to $fscanf is not valid. Please compile the design with -debug for source location information.
--------------------------------------------------
QUARTER CHECK FINISHED:
Result: 1920 / 1920 Correct
Errors: 0
--------------------------------------------------
WARNING: File/Multi-channel descriptor (-20000) passed to $fclose is not valid. Please compile the design with -debug for source location information.
ERROR: File descriptor (-20000) passed to $fscanf is not valid. Please compile the design with -debug for source location information.
--------------------------------------------------
QUARTER CHECK FINISHED:
Result: 1920 / 1920 Correct
Errors: 0
--------------------------------------------------
WARNING: File/Multi-channel descriptor (-20000) passed to $fclose is not valid. Please compile the design with -debug for source location information.
ERROR: File descriptor (-20000) passed to $fscanf is not valid. Please compile the design with -debug for source location information.
--------------------------------------------------
QUARTER CHECK FINISHED:
Result: 1920 / 1920 Correct
Errors: 0
--------------------------------------------------
WARNING: File/Multi-channel descriptor (-20000) passed to $fclose is not valid. Please compile the design with -debug for source location information.
ERROR: File descriptor (-20000) passed to $fscanf is not valid. Please compile the design with -debug for source location information.
--------------------------------------------------
QUARTER CHECK FINISHED:
Result: 1920 / 1920 Correct
Errors: 0
--------------------------------------------------
WARNING: File/Multi-channel descriptor (-20000) passed to $fclose is not valid. Please compile the design with -debug for source location information.
ERROR: File descriptor (-20000) passed to $fscanf is not valid. Please compile the design with -debug for source location information.
--------------------------------------------------
QUARTER CHECK FINISHED:
Result: 1920 / 1920 Correct
Errors: 0
--------------------------------------------------
WARNING: File/Multi-channel descriptor (-20000) passed to $fclose is not valid. Please compile the design with -debug for source location information.
ERROR: File descriptor (-20000) passed to $fscanf is not valid. Please compile the design with -debug for source location information.
--------------------------------------------------
QUARTER CHECK FINISHED:
Result: 1920 / 1920 Correct
Errors: 0
--------------------------------------------------
WARNING: File/Multi-channel descriptor (-20000) passed to $fclose is not valid. Please compile the design with -debug for source location information.
ERROR: File descriptor (-20000) passed to $fscanf is not valid. Please compile the design with -debug for source location information.
--------------------------------------------------
QUARTER CHECK FINISHED:
Result: 1920 / 1920 Correct
Errors: 0
--------------------------------------------------
WARNING: File/Multi-channel descriptor (-20000) passed to $fclose is not valid. Please compile the design with -debug for source location information.
ERROR: File descriptor (-20000) passed to $fscanf is not valid. Please compile the design with -debug for source location information.
--------------------------------------------------
QUARTER CHECK FINISHED:
Result: 1920 / 1920 Correct
Errors: 0
--------------------------------------------------
WARNING: File/Multi-channel descriptor (-20000) passed to $fclose is not valid. Please compile the design with -debug for source location information.
ERROR: File descriptor (-20000) passed to $fscanf is not valid. Please compile the design with -debug for source location information.
--------------------------------------------------
QUARTER CHECK FINISHED:
Result: 1920 / 1920 Correct
Errors: 0
--------------------------------------------------
WARNING: File/Multi-channel descriptor (-20000) passed to $fclose is not valid. Please compile the design with -debug for source location information.
ERROR: File descriptor (-20000) passed to $fscanf is not valid. Please compile the design with -debug for source location information.
--------------------------------------------------
QUARTER CHECK FINISHED:
Result: 1920 / 1920 Correct
Errors: 0
--------------------------------------------------
WARNING: File/Multi-channel descriptor (-20000) passed to $fclose is not valid. Please compile the design with -debug for source location information.
ERROR: File descriptor (-20000) passed to $fscanf is not valid. Please compile the design with -debug for source location information.
--------------------------------------------------
QUARTER CHECK FINISHED:
Result: 1920 / 1920 Correct
Errors: 0
--------------------------------------------------
WARNING: File/Multi-channel descriptor (-20000) passed to $fclose is not valid. Please compile the design with -debug for source location information.
ERROR: File descriptor (-20000) passed to $fscanf is not valid. Please compile the design with -debug for source location information.
--------------------------------------------------
QUARTER CHECK FINISHED:
Result: 1920 / 1920 Correct
Errors: 0
--------------------------------------------------
WARNING: File/Multi-channel descriptor (-20000) passed to $fclose is not valid. Please compile the design with -debug for source location information.
ERROR: File descriptor (-20000) passed to $fscanf is not valid. Please compile the design with -debug for source location information.
--------------------------------------------------
QUARTER CHECK FINISHED:
Result: 1920 / 1920 Correct
Errors: 0
--------------------------------------------------
WARNING: File/Multi-channel descriptor (-20000) passed to $fclose is not valid. Please compile the design with -debug for source location information.
ERROR: File descriptor (-20000) passed to $fscanf is not valid. Please compile the design with -debug for source location information.
--------------------------------------------------
QUARTER CHECK FINISHED:
Result: 1920 / 1920 Correct
Errors: 0
--------------------------------------------------
WARNING: File/Multi-channel descriptor (-20000) passed to $fclose is not valid. Please compile the design with -debug for source location information.
ERROR: File descriptor (-20000) passed to $fscanf is not valid. Please compile the design with -debug for source location information.
--------------------------------------------------
QUARTER CHECK FINISHED:
Result: 1920 / 1920 Correct
Errors: 0
--------------------------------------------------
WARNING: File/Multi-channel descriptor (-20000) passed to $fclose is not valid. Please compile the design with -debug for source location information.
ERROR: File descriptor (-20000) passed to $fscanf is not valid. Please compile the design with -debug for source location information.
--------------------------------------------------
QUARTER CHECK FINISHED:
Result: 1920 / 1920 Correct
Errors: 0
--------------------------------------------------
WARNING: File/Multi-channel descriptor (-20000) passed to $fclose is not valid. Please compile the design with -debug for source location information.
ERROR: File descriptor (-20000) passed to $fscanf is not valid. Please compile the design with -debug for source location information.
--------------------------------------------------
QUARTER CHECK FINISHED:
Result: 1920 / 1920 Correct
Errors: 0
--------------------------------------------------
WARNING: File/Multi-channel descriptor (-20000) passed to $fclose is not valid. Please compile the design with -debug for source location information.
ERROR: File descriptor (-20000) passed to $fscanf is not valid. Please compile the design with -debug for source location information.
--------------------------------------------------
QUARTER CHECK FINISHED:
Result: 1920 / 1920 Correct
Errors: 0
--------------------------------------------------
WARNING: File/Multi-channel descriptor (-20000) passed to $fclose is not valid. Please compile the design with -debug for source location information.
ERROR: File descriptor (-20000) passed to $fscanf is not valid. Please compile the design with -debug for source location information.
--------------------------------------------------
QUARTER CHECK FINISHED:
Result: 1920 / 1920 Correct
Errors: 0
--------------------------------------------------
WARNING: File/Multi-channel descriptor (-20000) passed to $fclose is not valid. Please compile the design with -debug for source location information.
ERROR: File descriptor (-20000) passed to $fscanf is not valid. Please compile the design with -debug for source location information.
--------------------------------------------------
QUARTER CHECK FINISHED:
Result: 1920 / 1920 Correct
Errors: 0
--------------------------------------------------
WARNING: File/Multi-channel descriptor (-20000) passed to $fclose is not valid. Please compile the design with -debug for source location information.
ERROR: File descriptor (-20000) passed to $fscanf is not valid. Please compile the design with -debug for source location information.
--------------------------------------------------
QUARTER CHECK FINISHED:
Result: 1920 / 1920 Correct
Errors: 0
--------------------------------------------------
WARNING: File/Multi-channel descriptor (-20000) passed to $fclose is not valid. Please compile the design with -debug for source location information.
ERROR: File descriptor (-20000) passed to $fscanf is not valid. Please compile the design with -debug for source location information.
--------------------------------------------------
QUARTER CHECK FINISHED:
Result: 1920 / 1920 Correct
Errors: 0
--------------------------------------------------
WARNING: File/Multi-channel descriptor (-20000) passed to $fclose is not valid. Please compile the design with -debug for source location information.
ERROR: File descriptor (-20000) passed to $fscanf is not valid. Please compile the design with -debug for source location information.
--------------------------------------------------
QUARTER CHECK FINISHED:
Result: 1920 / 1920 Correct
Errors: 0
--------------------------------------------------
WARNING: File/Multi-channel descriptor (-20000) passed to $fclose is not valid. Please compile the design with -debug for source location information.
ERROR: File descriptor (-20000) passed to $fscanf is not valid. Please compile the design with -debug for source location information.
--------------------------------------------------
QUARTER CHECK FINISHED:
Result: 1920 / 1920 Correct
Errors: 0
--------------------------------------------------
WARNING: File/Multi-channel descriptor (-20000) passed to $fclose is not valid. Please compile the design with -debug for source location information.
ERROR: File descriptor (-20000) passed to $fscanf is not valid. Please compile the design with -debug for source location information.
--------------------------------------------------
QUARTER CHECK FINISHED:
Result: 1920 / 1920 Correct
Errors: 0
--------------------------------------------------
WARNING: File/Multi-channel descriptor (-20000) passed to $fclose is not valid. Please compile the design with -debug for source location information.
ERROR: File descriptor (-20000) passed to $fscanf is not valid. Please compile the design with -debug for source location information.
--------------------------------------------------
QUARTER CHECK FINISHED:
Result: 1920 / 1920 Correct
Errors: 0
--------------------------------------------------
WARNING: File/Multi-channel descriptor (-20000) passed to $fclose is not valid. Please compile the design with -debug for source location information.
ERROR: File descriptor (-20000) passed to $fscanf is not valid. Please compile the design with -debug for source location information.
--------------------------------------------------
QUARTER CHECK FINISHED:
Result: 1920 / 1920 Correct
Errors: 0
--------------------------------------------------
WARNING: File/Multi-channel descriptor (-20000) passed to $fclose is not valid. Please compile the design with -debug for source location information.
ERROR: File descriptor (-20000) passed to $fscanf is not valid. Please compile the design with -debug for source location information.
--------------------------------------------------
QUARTER CHECK FINISHED:
Result: 1920 / 1920 Correct
Errors: 0
--------------------------------------------------
WARNING: File/Multi-channel descriptor (-20000) passed to $fclose is not valid. Please compile the design with -debug for source location information.
ERROR: File descriptor (-20000) passed to $fscanf is not valid. Please compile the design with -debug for source location information.
--------------------------------------------------
QUARTER CHECK FINISHED:
Result: 1920 / 1920 Correct
Errors: 0
--------------------------------------------------
WARNING: File/Multi-channel descriptor (-20000) passed to $fclose is not valid. Please compile the design with -debug for source location information.
ERROR: File descriptor (-20000) passed to $fscanf is not valid. Please compile the design with -debug for source location information.
--------------------------------------------------
QUARTER CHECK FINISHED:
Result: 1920 / 1920 Correct
Errors: 0
--------------------------------------------------
WARNING: File/Multi-channel descriptor (-20000) passed to $fclose is not valid. Please compile the design with -debug for source location information.
ERROR: File descriptor (-20000) passed to $fscanf is not valid. Please compile the design with -debug for source location information.
--------------------------------------------------
QUARTER CHECK FINISHED:
Result: 1920 / 1920 Correct
Errors: 0
--------------------------------------------------
WARNING: File/Multi-channel descriptor (-20000) passed to $fclose is not valid. Please compile the design with -debug for source location information.
ERROR: File descriptor (-20000) passed to $fscanf is not valid. Please compile the design with -debug for source location information.
--------------------------------------------------
QUARTER CHECK FINISHED:
Result: 1920 / 1920 Correct
Errors: 0
--------------------------------------------------
WARNING: File/Multi-channel descriptor (-20000) passed to $fclose is not valid. Please compile the design with -debug for source location information.
ERROR: File descriptor (-20000) passed to $fscanf is not valid. Please compile the design with -debug for source location information.
--------------------------------------------------
QUARTER CHECK FINISHED:
Result: 1920 / 1920 Correct
Errors: 0
--------------------------------------------------
WARNING: File/Multi-channel descriptor (-20000) passed to $fclose is not valid. Please compile the design with -debug for source location information.
ERROR: File descriptor (-20000) passed to $fscanf is not valid. Please compile the design with -debug for source location information.
--------------------------------------------------
QUARTER CHECK FINISHED:
Result: 1920 / 1920 Correct
Errors: 0
--------------------------------------------------
WARNING: File/Multi-channel descriptor (-20000) passed to $fclose is not valid. Please compile the design with -debug for source location information.
ERROR: File descriptor (-20000) passed to $fscanf is not valid. Please compile the design with -debug for source location information.
--------------------------------------------------
QUARTER CHECK FINISHED:
Result: 1920 / 1920 Correct
Errors: 0
--------------------------------------------------
WARNING: File/Multi-channel descriptor (-20000) passed to $fclose is not valid. Please compile the design with -debug for source location information.
ERROR: File descriptor (-20000) passed to $fscanf is not valid. Please compile the design with -debug for source location information.
--------------------------------------------------
QUARTER CHECK FINISHED:
Result: 1920 / 1920 Correct
Errors: 0
--------------------------------------------------
WARNING: File/Multi-channel descriptor (-20000) passed to $fclose is not valid. Please compile the design with -debug for source location information.
ERROR: File descriptor (-20000) passed to $fscanf is not valid. Please compile the design with -debug for source location information.
--------------------------------------------------
QUARTER CHECK FINISHED:
Result: 1920 / 1920 Correct
Errors: 0
--------------------------------------------------
WARNING: File/Multi-channel descriptor (-20000) passed to $fclose is not valid. Please compile the design with -debug for source location information.
ERROR: File descriptor (-20000) passed to $fscanf is not valid. Please compile the design with -debug for source location information.
--------------------------------------------------
QUARTER CHECK FINISHED:
Result: 1920 / 1920 Correct
Errors: 0
--------------------------------------------------
WARNING: File/Multi-channel descriptor (-20000) passed to $fclose is not valid. Please compile the design with -debug for source location information.
ERROR: File descriptor (-20000) passed to $fscanf is not valid. Please compile the design with -debug for source location information.
--------------------------------------------------
QUARTER CHECK FINISHED:
Result: 1920 / 1920 Correct
Errors: 0
--------------------------------------------------
WARNING: File/Multi-channel descriptor (-20000) passed to $fclose is not valid. Please compile the design with -debug for source location information.
ERROR: File descriptor (-20000) passed to $fscanf is not valid. Please compile the design with -debug for source location information.
--------------------------------------------------
QUARTER CHECK FINISHED:
Result: 1920 / 1920 Correct
Errors: 0
--------------------------------------------------
WARNING: File/Multi-channel descriptor (-20000) passed to $fclose is not valid. Please compile the design with -debug for source location information.
ERROR: File descriptor (-20000) passed to $fscanf is not valid. Please compile the design with -debug for source location information.
--------------------------------------------------
QUARTER CHECK FINISHED:
Result: 1920 / 1920 Correct
Errors: 0
--------------------------------------------------
WARNING: File/Multi-channel descriptor (-20000) passed to $fclose is not valid. Please compile the design with -debug for source location information.
ERROR: File descriptor (-20000) passed to $fscanf is not valid. Please compile the design with -debug for source location information.
--------------------------------------------------
QUARTER CHECK FINISHED:
Result: 1920 / 1920 Correct
Errors: 0
--------------------------------------------------
WARNING: File/Multi-channel descriptor (-20000) passed to $fclose is not valid. Please compile the design with -debug for source location information.
ERROR: File descriptor (-20000) passed to $fscanf is not valid. Please compile the design with -debug for source location information.
--------------------------------------------------
QUARTER CHECK FINISHED:
Result: 1920 / 1920 Correct
Errors: 0
--------------------------------------------------
WARNING: File/Multi-channel descriptor (-20000) passed to $fclose is not valid. Please compile the design with -debug for source location information.
ERROR: File descriptor (-20000) passed to $fscanf is not valid. Please compile the design with -debug for source location information.
--------------------------------------------------
QUARTER CHECK FINISHED:
Result: 1920 / 1920 Correct
Errors: 0
--------------------------------------------------
WARNING: File/Multi-channel descriptor (-20000) passed to $fclose is not valid. Please compile the design with -debug for source location information.
ERROR: File descriptor (-20000) passed to $fscanf is not valid. Please compile the design with -debug for source location information.
--------------------------------------------------
QUARTER CHECK FINISHED:
Result: 1920 / 1920 Correct
Errors: 0
--------------------------------------------------
WARNING: File/Multi-channel descriptor (-20000) passed to $fclose is not valid. Please compile the design with -debug for source location information.
ERROR: File descriptor (-20000) passed to $fscanf is not valid. Please compile the design with -debug for source location information.
--------------------------------------------------
QUARTER CHECK FINISHED:
Result: 1920 / 1920 Correct
Errors: 0
--------------------------------------------------
WARNING: File/Multi-channel descriptor (-20000) passed to $fclose is not valid. Please compile the design with -debug for source location information.
ERROR: File descriptor (-20000) passed to $fscanf is not valid. Please compile the design with -debug for source location information.
--------------------------------------------------
QUARTER CHECK FINISHED:
Result: 1920 / 1920 Correct
Errors: 0
--------------------------------------------------
WARNING: File/Multi-channel descriptor (-20000) passed to $fclose is not valid. Please compile the design with -debug for source location information.
ERROR: File descriptor (-20000) passed to $fscanf is not valid. Please compile the design with -debug for source location information.
--------------------------------------------------
QUARTER CHECK FINISHED:
Result: 1920 / 1920 Correct
Errors: 0
--------------------------------------------------
WARNING: File/Multi-channel descriptor (-20000) passed to $fclose is not valid. Please compile the design with -debug for source location information.
ERROR: File descriptor (-20000) passed to $fscanf is not valid. Please compile the design with -debug for source location information.
--------------------------------------------------
QUARTER CHECK FINISHED:
Result: 1920 / 1920 Correct
Errors: 0
--------------------------------------------------
WARNING: File/Multi-channel descriptor (-20000) passed to $fclose is not valid. Please compile the design with -debug for source location information.
ERROR: File descriptor (-20000) passed to $fscanf is not valid. Please compile the design with -debug for source location information.
--------------------------------------------------
QUARTER CHECK FINISHED:
Result: 1920 / 1920 Correct
Errors: 0
--------------------------------------------------
WARNING: File/Multi-channel descriptor (-20000) passed to $fclose is not valid. Please compile the design with -debug for source location information.
ERROR: File descriptor (-20000) passed to $fscanf is not valid. Please compile the design with -debug for source location information.
--------------------------------------------------
QUARTER CHECK FINISHED:
Result: 1920 / 1920 Correct
Errors: 0
--------------------------------------------------
WARNING: File/Multi-channel descriptor (-20000) passed to $fclose is not valid. Please compile the design with -debug for source location information.
ERROR: File descriptor (-20000) passed to $fscanf is not valid. Please compile the design with -debug for source location information.
--------------------------------------------------
QUARTER CHECK FINISHED:
Result: 1920 / 1920 Correct
Errors: 0
--------------------------------------------------
WARNING: File/Multi-channel descriptor (-20000) passed to $fclose is not valid. Please compile the design with -debug for source location information.
ERROR: File descriptor (-20000) passed to $fscanf is not valid. Please compile the design with -debug for source location information.
--------------------------------------------------
QUARTER CHECK FINISHED:
Result: 1920 / 1920 Correct
Errors: 0
--------------------------------------------------
WARNING: File/Multi-channel descriptor (-20000) passed to $fclose is not valid. Please compile the design with -debug for source location information.
ERROR: File descriptor (-20000) passed to $fscanf is not valid. Please compile the design with -debug for source location information.
--------------------------------------------------
QUARTER CHECK FINISHED:
Result: 1920 / 1920 Correct
Errors: 0
--------------------------------------------------
WARNING: File/Multi-channel descriptor (-20000) passed to $fclose is not valid. Please compile the design with -debug for source location information.
ERROR: File descriptor (-20000) passed to $fscanf is not valid. Please compile the design with -debug for source location information.
--------------------------------------------------
QUARTER CHECK FINISHED:
Result: 1920 / 1920 Correct
Errors: 0
--------------------------------------------------
WARNING: File/Multi-channel descriptor (-20000) passed to $fclose is not valid. Please compile the design with -debug for source location information.
ERROR: File descriptor (-20000) passed to $fscanf is not valid. Please compile the design with -debug for source location information.
--------------------------------------------------
QUARTER CHECK FINISHED:
Result: 1920 / 1920 Correct
Errors: 0
--------------------------------------------------
WARNING: File/Multi-channel descriptor (-20000) passed to $fclose is not valid. Please compile the design with -debug for source location information.
ERROR: File descriptor (-20000) passed to $fscanf is not valid. Please compile the design with -debug for source location information.
--------------------------------------------------
QUARTER CHECK FINISHED:
Result: 1920 / 1920 Correct
Errors: 0
--------------------------------------------------
WARNING: File/Multi-channel descriptor (-20000) passed to $fclose is not valid. Please compile the design with -debug for source location information.
ERROR: File descriptor (-20000) passed to $fscanf is not valid. Please compile the design with -debug for source location information.
--------------------------------------------------
QUARTER CHECK FINISHED:
Result: 1920 / 1920 Correct
Errors: 0
--------------------------------------------------
WARNING: File/Multi-channel descriptor (-20000) passed to $fclose is not valid. Please compile the design with -debug for source location information.
ERROR: File descriptor (-20000) passed to $fscanf is not valid. Please compile the design with -debug for source location information.
--------------------------------------------------
QUARTER CHECK FINISHED:
Result: 1920 / 1920 Correct
Errors: 0
--------------------------------------------------
WARNING: File/Multi-channel descriptor (-20000) passed to $fclose is not valid. Please compile the design with -debug for source location information.
ERROR: File descriptor (-20000) passed to $fscanf is not valid. Please compile the design with -debug for source location information.
--------------------------------------------------
QUARTER CHECK FINISHED:
Result: 1920 / 1920 Correct
Errors: 0
--------------------------------------------------
WARNING: File/Multi-channel descriptor (-20000) passed to $fclose is not valid. Please compile the design with -debug for source location information.
ERROR: File descriptor (-20000) passed to $fscanf is not valid. Please compile the design with -debug for source location information.
--------------------------------------------------
QUARTER CHECK FINISHED:
Result: 1920 / 1920 Correct
Errors: 0
--------------------------------------------------
WARNING: File/Multi-channel descriptor (-20000) passed to $fclose is not valid. Please compile the design with -debug for source location information.
ERROR: File descriptor (-20000) passed to $fscanf is not valid. Please compile the design with -debug for source location information.
--------------------------------------------------
QUARTER CHECK FINISHED:
Result: 1920 / 1920 Correct
Errors: 0
--------------------------------------------------
WARNING: File/Multi-channel descriptor (-20000) passed to $fclose is not valid. Please compile the design with -debug for source location information.
ERROR: File descriptor (-20000) passed to $fscanf is not valid. Please compile the design with -debug for source location information.
--------------------------------------------------
QUARTER CHECK FINISHED:
Result: 1920 / 1920 Correct
Errors: 0
--------------------------------------------------
WARNING: File/Multi-channel descriptor (-20000) passed to $fclose is not valid. Please compile the design with -debug for source location information.
ERROR: File descriptor (-20000) passed to $fscanf is not valid. Please compile the design with -debug for source location information.
--------------------------------------------------
QUARTER CHECK FINISHED:
Result: 1920 / 1920 Correct
Errors: 0
--------------------------------------------------
WARNING: File/Multi-channel descriptor (-20000) passed to $fclose is not valid. Please compile the design with -debug for source location information.
ERROR: File descriptor (-20000) passed to $fscanf is not valid. Please compile the design with -debug for source location information.
--------------------------------------------------
QUARTER CHECK FINISHED:
Result: 1920 / 1920 Correct
Errors: 0
--------------------------------------------------
WARNING: File/Multi-channel descriptor (-20000) passed to $fclose is not valid. Please compile the design with -debug for source location information.
ERROR: File descriptor (-20000) passed to $fscanf is not valid. Please compile the design with -debug for source location information.
--------------------------------------------------
QUARTER CHECK FINISHED:
Result: 1920 / 1920 Correct
Errors: 0
--------------------------------------------------
WARNING: File/Multi-channel descriptor (-20000) passed to $fclose is not valid. Please compile the design with -debug for source location information.
ERROR: File descriptor (-20000) passed to $fscanf is not valid. Please compile the design with -debug for source location information.
--------------------------------------------------
QUARTER CHECK FINISHED:
Result: 1920 / 1920 Correct
Errors: 0
--------------------------------------------------
WARNING: File/Multi-channel descriptor (-20000) passed to $fclose is not valid. Please compile the design with -debug for source location information.
ERROR: File descriptor (-20000) passed to $fscanf is not valid. Please compile the design with -debug for source location information.
--------------------------------------------------
QUARTER CHECK FINISHED:
Result: 1920 / 1920 Correct
Errors: 0
--------------------------------------------------
WARNING: File/Multi-channel descriptor (-20000) passed to $fclose is not valid. Please compile the design with -debug for source location information.
ERROR: File descriptor (-20000) passed to $fscanf is not valid. Please compile the design with -debug for source location information.
--------------------------------------------------
QUARTER CHECK FINISHED:
Result: 1920 / 1920 Correct
Errors: 0
--------------------------------------------------
WARNING: File/Multi-channel descriptor (-20000) passed to $fclose is not valid. Please compile the design with -debug for source location information.
ERROR: File descriptor (-20000) passed to $fscanf is not valid. Please compile the design with -debug for source location information.
--------------------------------------------------
QUARTER CHECK FINISHED:
Result: 1920 / 1920 Correct
Errors: 0
--------------------------------------------------
WARNING: File/Multi-channel descriptor (-20000) passed to $fclose is not valid. Please compile the design with -debug for source location information.
ERROR: File descriptor (-20000) passed to $fscanf is not valid. Please compile the design with -debug for source location information.
--------------------------------------------------
QUARTER CHECK FINISHED:
Result: 1920 / 1920 Correct
Errors: 0
--------------------------------------------------
WARNING: File/Multi-channel descriptor (-20000) passed to $fclose is not valid. Please compile the design with -debug for source location information.
ERROR: File descriptor (-20000) passed to $fscanf is not valid. Please compile the design with -debug for source location information.
--------------------------------------------------
QUARTER CHECK FINISHED:
Result: 1920 / 1920 Correct
Errors: 0
--------------------------------------------------
WARNING: File/Multi-channel descriptor (-20000) passed to $fclose is not valid. Please compile the design with -debug for source location information.
ERROR: File descriptor (-20000) passed to $fscanf is not valid. Please compile the design with -debug for source location information.
--------------------------------------------------
QUARTER CHECK FINISHED:
Result: 1920 / 1920 Correct
Errors: 0
--------------------------------------------------
WARNING: File/Multi-channel descriptor (-20000) passed to $fclose is not valid. Please compile the design with -debug for source location information.
ERROR: File descriptor (-20000) passed to $fscanf is not valid. Please compile the design with -debug for source location information.
--------------------------------------------------
QUARTER CHECK FINISHED:
Result: 1920 / 1920 Correct
Errors: 0
--------------------------------------------------
WARNING: File/Multi-channel descriptor (-20000) passed to $fclose is not valid. Please compile the design with -debug for source location information.
ERROR: File descriptor (-20000) passed to $fscanf is not valid. Please compile the design with -debug for source location information.
--------------------------------------------------
QUARTER CHECK FINISHED:
Result: 1920 / 1920 Correct
Errors: 0
--------------------------------------------------
WARNING: File/Multi-channel descriptor (-20000) passed to $fclose is not valid. Please compile the design with -debug for source location information.
ERROR: File descriptor (-20000) passed to $fscanf is not valid. Please compile the design with -debug for source location information.
--------------------------------------------------
QUARTER CHECK FINISHED:
Result: 1920 / 1920 Correct
Errors: 0
--------------------------------------------------
WARNING: File/Multi-channel descriptor (-20000) passed to $fclose is not valid. Please compile the design with -debug for source location information.
ERROR: File descriptor (-20000) passed to $fscanf is not valid. Please compile the design with -debug for source location information.
--------------------------------------------------
QUARTER CHECK FINISHED:
Result: 1920 / 1920 Correct
Errors: 0
--------------------------------------------------
WARNING: File/Multi-channel descriptor (-20000) passed to $fclose is not valid. Please compile the design with -debug for source location information.
ERROR: File descriptor (-20000) passed to $fscanf is not valid. Please compile the design with -debug for source location information.
--------------------------------------------------
QUARTER CHECK FINISHED:
Result: 1920 / 1920 Correct
Errors: 0
--------------------------------------------------
WARNING: File/Multi-channel descriptor (-20000) passed to $fclose is not valid. Please compile the design with -debug for source location information.
ERROR: File descriptor (-20000) passed to $fscanf is not valid. Please compile the design with -debug for source location information.
--------------------------------------------------
QUARTER CHECK FINISHED:
Result: 1920 / 1920 Correct
Errors: 0
--------------------------------------------------
WARNING: File/Multi-channel descriptor (-20000) passed to $fclose is not valid. Please compile the design with -debug for source location information.
ERROR: File descriptor (-20000) passed to $fscanf is not valid. Please compile the design with -debug for source location information.
--------------------------------------------------
QUARTER CHECK FINISHED:
Result: 1920 / 1920 Correct
Errors: 0
--------------------------------------------------
WARNING: File/Multi-channel descriptor (-20000) passed to $fclose is not valid. Please compile the design with -debug for source location information.
ERROR: File descriptor (-20000) passed to $fscanf is not valid. Please compile the design with -debug for source location information.
--------------------------------------------------
QUARTER CHECK FINISHED:
Result: 1920 / 1920 Correct
Errors: 0
--------------------------------------------------
WARNING: File/Multi-channel descriptor (-20000) passed to $fclose is not valid. Please compile the design with -debug for source location information.
ERROR: File descriptor (-20000) passed to $fscanf is not valid. Please compile the design with -debug for source location information.
--------------------------------------------------
QUARTER CHECK FINISHED:
Result: 1920 / 1920 Correct
Errors: 0
--------------------------------------------------
WARNING: File/Multi-channel descriptor (-20000) passed to $fclose is not valid. Please compile the design with -debug for source location information.
ERROR: File descriptor (-20000) passed to $fscanf is not valid. Please compile the design with -debug for source location information.
--------------------------------------------------
QUARTER CHECK FINISHED:
Result: 1920 / 1920 Correct
Errors: 0
--------------------------------------------------
WARNING: File/Multi-channel descriptor (-20000) passed to $fclose is not valid. Please compile the design with -debug for source location information.
ERROR: File descriptor (-20000) passed to $fscanf is not valid. Please compile the design with -debug for source location information.
--------------------------------------------------
QUARTER CHECK FINISHED:
Result: 1920 / 1920 Correct
Errors: 0
--------------------------------------------------
WARNING: File/Multi-channel descriptor (-20000) passed to $fclose is not valid. Please compile the design with -debug for source location information.
ERROR: File descriptor (-20000) passed to $fscanf is not valid. Please compile the design with -debug for source location information.
--------------------------------------------------
QUARTER CHECK FINISHED:
Result: 1920 / 1920 Correct
Errors: 0
--------------------------------------------------
WARNING: File/Multi-channel descriptor (-20000) passed to $fclose is not valid. Please compile the design with -debug for source location information.
ERROR: File descriptor (-20000) passed to $fscanf is not valid. Please compile the design with -debug for source location information.
--------------------------------------------------
QUARTER CHECK FINISHED:
Result: 1920 / 1920 Correct
Errors: 0
--------------------------------------------------
WARNING: File/Multi-channel descriptor (-20000) passed to $fclose is not valid. Please compile the design with -debug for source location information.
ERROR: File descriptor (-20000) passed to $fscanf is not valid. Please compile the design with -debug for source location information.
--------------------------------------------------
QUARTER CHECK FINISHED:
Result: 1920 / 1920 Correct
Errors: 0
--------------------------------------------------
WARNING: File/Multi-channel descriptor (-20000) passed to $fclose is not valid. Please compile the design with -debug for source location information.
ERROR: File descriptor (-20000) passed to $fscanf is not valid. Please compile the design with -debug for source location information.
--------------------------------------------------
QUARTER CHECK FINISHED:
Result: 1920 / 1920 Correct
Errors: 0
--------------------------------------------------
WARNING: File/Multi-channel descriptor (-20000) passed to $fclose is not valid. Please compile the design with -debug for source location information.
ERROR: File descriptor (-20000) passed to $fscanf is not valid. Please compile the design with -debug for source location information.
--------------------------------------------------
QUARTER CHECK FINISHED:
Result: 1920 / 1920 Correct
Errors: 0
--------------------------------------------------
WARNING: File/Multi-channel descriptor (-20000) passed to $fclose is not valid. Please compile the design with -debug for source location information.
ERROR: File descriptor (-20000) passed to $fscanf is not valid. Please compile the design with -debug for source location information.
--------------------------------------------------
QUARTER CHECK FINISHED:
Result: 1920 / 1920 Correct
Errors: 0
--------------------------------------------------
WARNING: File/Multi-channel descriptor (-20000) passed to $fclose is not valid. Please compile the design with -debug for source location information.
ERROR: File descriptor (-20000) passed to $fscanf is not valid. Please compile the design with -debug for source location information.
--------------------------------------------------
QUARTER CHECK FINISHED:
Result: 1920 / 1920 Correct
Errors: 0
--------------------------------------------------
WARNING: File/Multi-channel descriptor (-20000) passed to $fclose is not valid. Please compile the design with -debug for source location information.
ERROR: File descriptor (-20000) passed to $fscanf is not valid. Please compile the design with -debug for source location information.
--------------------------------------------------
QUARTER CHECK FINISHED:
Result: 1920 / 1920 Correct
Errors: 0
--------------------------------------------------
WARNING: File/Multi-channel descriptor (-20000) passed to $fclose is not valid. Please compile the design with -debug for source location information.
ERROR: File descriptor (-20000) passed to $fscanf is not valid. Please compile the design with -debug for source location information.
--------------------------------------------------
QUARTER CHECK FINISHED:
Result: 1920 / 1920 Correct
Errors: 0
--------------------------------------------------
WARNING: File/Multi-channel descriptor (-20000) passed to $fclose is not valid. Please compile the design with -debug for source location information.
ERROR: File descriptor (-20000) passed to $fscanf is not valid. Please compile the design with -debug for source location information.
--------------------------------------------------
QUARTER CHECK FINISHED:
Result: 1920 / 1920 Correct
Errors: 0
--------------------------------------------------
WARNING: File/Multi-channel descriptor (-20000) passed to $fclose is not valid. Please compile the design with -debug for source location information.
ERROR: File descriptor (-20000) passed to $fscanf is not valid. Please compile the design with -debug for source location information.
--------------------------------------------------
QUARTER CHECK FINISHED:
Result: 1920 / 1920 Correct
Errors: 0
--------------------------------------------------
WARNING: File/Multi-channel descriptor (-20000) passed to $fclose is not valid. Please compile the design with -debug for source location information.
ERROR: File descriptor (-20000) passed to $fscanf is not valid. Please compile the design with -debug for source location information.
--------------------------------------------------
QUARTER CHECK FINISHED:
Result: 1920 / 1920 Correct
Errors: 0
--------------------------------------------------
WARNING: File/Multi-channel descriptor (-20000) passed to $fclose is not valid. Please compile the design with -debug for source location information.
ERROR: File descriptor (-20000) passed to $fscanf is not valid. Please compile the design with -debug for source location information.
--------------------------------------------------
QUARTER CHECK FINISHED:
Result: 1920 / 1920 Correct
Errors: 0
--------------------------------------------------
WARNING: File/Multi-channel descriptor (-20000) passed to $fclose is not valid. Please compile the design with -debug for source location information.
ERROR: File descriptor (-20000) passed to $fscanf is not valid. Please compile the design with -debug for source location information.
--------------------------------------------------
QUARTER CHECK FINISHED:
Result: 1920 / 1920 Correct
Errors: 0
--------------------------------------------------
WARNING: File/Multi-channel descriptor (-20000) passed to $fclose is not valid. Please compile the design with -debug for source location information.
ERROR: File descriptor (-20000) passed to $fscanf is not valid. Please compile the design with -debug for source location information.
--------------------------------------------------
QUARTER CHECK FINISHED:
Result: 1920 / 1920 Correct
Errors: 0
--------------------------------------------------
WARNING: File/Multi-channel descriptor (-20000) passed to $fclose is not valid. Please compile the design with -debug for source location information.
ERROR: File descriptor (-20000) passed to $fscanf is not valid. Please compile the design with -debug for source location information.
--------------------------------------------------
QUARTER CHECK FINISHED:
Result: 1920 / 1920 Correct
Errors: 0
--------------------------------------------------
WARNING: File/Multi-channel descriptor (-20000) passed to $fclose is not valid. Please compile the design with -debug for source location information.
ERROR: File descriptor (-20000) passed to $fscanf is not valid. Please compile the design with -debug for source location information.
--------------------------------------------------
QUARTER CHECK FINISHED:
Result: 1920 / 1920 Correct
Errors: 0
--------------------------------------------------
WARNING: File/Multi-channel descriptor (-20000) passed to $fclose is not valid. Please compile the design with -debug for source location information.
ERROR: File descriptor (-20000) passed to $fscanf is not valid. Please compile the design with -debug for source location information.
--------------------------------------------------
QUARTER CHECK FINISHED:
Result: 1920 / 1920 Correct
Errors: 0
--------------------------------------------------
WARNING: File/Multi-channel descriptor (-20000) passed to $fclose is not valid. Please compile the design with -debug for source location information.
ERROR: File descriptor (-20000) passed to $fscanf is not valid. Please compile the design with -debug for source location information.
--------------------------------------------------
QUARTER CHECK FINISHED:
Result: 1920 / 1920 Correct
Errors: 0
--------------------------------------------------
WARNING: File/Multi-channel descriptor (-20000) passed to $fclose is not valid. Please compile the design with -debug for source location information.
ERROR: File descriptor (-20000) passed to $fscanf is not valid. Please compile the design with -debug for source location information.
--------------------------------------------------
QUARTER CHECK FINISHED:
Result: 1920 / 1920 Correct
Errors: 0
--------------------------------------------------
WARNING: File/Multi-channel descriptor (-20000) passed to $fclose is not valid. Please compile the design with -debug for source location information.
ERROR: File descriptor (-20000) passed to $fscanf is not valid. Please compile the design with -debug for source location information.
--------------------------------------------------
QUARTER CHECK FINISHED:
Result: 1920 / 1920 Correct
Errors: 0
--------------------------------------------------
WARNING: File/Multi-channel descriptor (-20000) passed to $fclose is not valid. Please compile the design with -debug for source location information.
ERROR: File descriptor (-20000) passed to $fscanf is not valid. Please compile the design with -debug for source location information.
--------------------------------------------------
QUARTER CHECK FINISHED:
Result: 1920 / 1920 Correct
Errors: 0
--------------------------------------------------
WARNING: File/Multi-channel descriptor (-20000) passed to $fclose is not valid. Please compile the design with -debug for source location information.
ERROR: File descriptor (-20000) passed to $fscanf is not valid. Please compile the design with -debug for source location information.
--------------------------------------------------
QUARTER CHECK FINISHED:
Result: 1920 / 1920 Correct
Errors: 0
--------------------------------------------------
WARNING: File/Multi-channel descriptor (-20000) passed to $fclose is not valid. Please compile the design with -debug for source location information.
ERROR: File descriptor (-20000) passed to $fscanf is not valid. Please compile the design with -debug for source location information.
--------------------------------------------------
QUARTER CHECK FINISHED:
Result: 1920 / 1920 Correct
Errors: 0
--------------------------------------------------
WARNING: File/Multi-channel descriptor (-20000) passed to $fclose is not valid. Please compile the design with -debug for source location information.
ERROR: File descriptor (-20000) passed to $fscanf is not valid. Please compile the design with -debug for source location information.
--------------------------------------------------
QUARTER CHECK FINISHED:
Result: 1920 / 1920 Correct
Errors: 0
--------------------------------------------------
WARNING: File/Multi-channel descriptor (-20000) passed to $fclose is not valid. Please compile the design with -debug for source location information.
ERROR: File descriptor (-20000) passed to $fscanf is not valid. Please compile the design with -debug for source location information.
--------------------------------------------------
QUARTER CHECK FINISHED:
Result: 1920 / 1920 Correct
Errors: 0
--------------------------------------------------
WARNING: File/Multi-channel descriptor (-20000) passed to $fclose is not valid. Please compile the design with -debug for source location information.
ERROR: File descriptor (-20000) passed to $fscanf is not valid. Please compile the design with -debug for source location information.
--------------------------------------------------
QUARTER CHECK FINISHED:
Result: 1920 / 1920 Correct
Errors: 0
--------------------------------------------------
WARNING: File/Multi-channel descriptor (-20000) passed to $fclose is not valid. Please compile the design with -debug for source location information.
ERROR: File descriptor (-20000) passed to $fscanf is not valid. Please compile the design with -debug for source location information.
--------------------------------------------------
QUARTER CHECK FINISHED:
Result: 1920 / 1920 Correct
Errors: 0
--------------------------------------------------
WARNING: File/Multi-channel descriptor (-20000) passed to $fclose is not valid. Please compile the design with -debug for source location information.
ERROR: File descriptor (-20000) passed to $fscanf is not valid. Please compile the design with -debug for source location information.
--------------------------------------------------
QUARTER CHECK FINISHED:
Result: 1920 / 1920 Correct
Errors: 0
--------------------------------------------------
WARNING: File/Multi-channel descriptor (-20000) passed to $fclose is not valid. Please compile the design with -debug for source location information.
ERROR: File descriptor (-20000) passed to $fscanf is not valid. Please compile the design with -debug for source location information.
--------------------------------------------------
QUARTER CHECK FINISHED:
Result: 1920 / 1920 Correct
Errors: 0
--------------------------------------------------
WARNING: File/Multi-channel descriptor (-20000) passed to $fclose is not valid. Please compile the design with -debug for source location information.
ERROR: File descriptor (-20000) passed to $fscanf is not valid. Please compile the design with -debug for source location information.
--------------------------------------------------
QUARTER CHECK FINISHED:
Result: 1920 / 1920 Correct
Errors: 0
--------------------------------------------------
WARNING: File/Multi-channel descriptor (-20000) passed to $fclose is not valid. Please compile the design with -debug for source location information.
ERROR: File descriptor (-20000) passed to $fscanf is not valid. Please compile the design with -debug for source location information.
--------------------------------------------------
QUARTER CHECK FINISHED:
Result: 1920 / 1920 Correct
Errors: 0
--------------------------------------------------
WARNING: File/Multi-channel descriptor (-20000) passed to $fclose is not valid. Please compile the design with -debug for source location information.
ERROR: File descriptor (-20000) passed to $fscanf is not valid. Please compile the design with -debug for source location information.
--------------------------------------------------
QUARTER CHECK FINISHED:
Result: 1920 / 1920 Correct
Errors: 0
--------------------------------------------------
WARNING: File/Multi-channel descriptor (-20000) passed to $fclose is not valid. Please compile the design with -debug for source location information.
ERROR: File descriptor (-20000) passed to $fscanf is not valid. Please compile the design with -debug for source location information.
--------------------------------------------------
QUARTER CHECK FINISHED:
Result: 1920 / 1920 Correct
Errors: 0
--------------------------------------------------
WARNING: File/Multi-channel descriptor (-20000) passed to $fclose is not valid. Please compile the design with -debug for source location information.
ERROR: File descriptor (-20000) passed to $fscanf is not valid. Please compile the design with -debug for source location information.
--------------------------------------------------
QUARTER CHECK FINISHED:
Result: 1920 / 1920 Correct
Errors: 0
--------------------------------------------------
WARNING: File/Multi-channel descriptor (-20000) passed to $fclose is not valid. Please compile the design with -debug for source location information.
ERROR: File descriptor (-20000) passed to $fscanf is not valid. Please compile the design with -debug for source location information.
--------------------------------------------------
QUARTER CHECK FINISHED:
Result: 1920 / 1920 Correct
Errors: 0
--------------------------------------------------
WARNING: File/Multi-channel descriptor (-20000) passed to $fclose is not valid. Please compile the design with -debug for source location information.
ERROR: File descriptor (-20000) passed to $fscanf is not valid. Please compile the design with -debug for source location information.
--------------------------------------------------
QUARTER CHECK FINISHED:
Result: 1920 / 1920 Correct
Errors: 0
--------------------------------------------------
WARNING: File/Multi-channel descriptor (-20000) passed to $fclose is not valid. Please compile the design with -debug for source location information.
ERROR: File descriptor (-20000) passed to $fscanf is not valid. Please compile the design with -debug for source location information.
--------------------------------------------------
QUARTER CHECK FINISHED:
Result: 1920 / 1920 Correct
Errors: 0
--------------------------------------------------
WARNING: File/Multi-channel descriptor (-20000) passed to $fclose is not valid. Please compile the design with -debug for source location information.
ERROR: File descriptor (-20000) passed to $fscanf is not valid. Please compile the design with -debug for source location information.
--------------------------------------------------
QUARTER CHECK FINISHED:
Result: 1920 / 1920 Correct
Errors: 0
--------------------------------------------------
WARNING: File/Multi-channel descriptor (-20000) passed to $fclose is not valid. Please compile the design with -debug for source location information.
ERROR: File descriptor (-20000) passed to $fscanf is not valid. Please compile the design with -debug for source location information.
--------------------------------------------------
QUARTER CHECK FINISHED:
Result: 1920 / 1920 Correct
Errors: 0
--------------------------------------------------
WARNING: File/Multi-channel descriptor (-20000) passed to $fclose is not valid. Please compile the design with -debug for source location information.
ERROR: File descriptor (-20000) passed to $fscanf is not valid. Please compile the design with -debug for source location information.
--------------------------------------------------
QUARTER CHECK FINISHED:
Result: 1920 / 1920 Correct
Errors: 0
--------------------------------------------------
WARNING: File/Multi-channel descriptor (-20000) passed to $fclose is not valid. Please compile the design with -debug for source location information.
ERROR: File descriptor (-20000) passed to $fscanf is not valid. Please compile the design with -debug for source location information.
--------------------------------------------------
QUARTER CHECK FINISHED:
Result: 1920 / 1920 Correct
Errors: 0
--------------------------------------------------
WARNING: File/Multi-channel descriptor (-20000) passed to $fclose is not valid. Please compile the design with -debug for source location information.
ERROR: File descriptor (-20000) passed to $fscanf is not valid. Please compile the design with -debug for source location information.
--------------------------------------------------
QUARTER CHECK FINISHED:
Result: 1920 / 1920 Correct
Errors: 0
--------------------------------------------------
WARNING: File/Multi-channel descriptor (-20000) passed to $fclose is not valid. Please compile the design with -debug for source location information.
ERROR: File descriptor (-20000) passed to $fscanf is not valid. Please compile the design with -debug for source location information.
--------------------------------------------------
QUARTER CHECK FINISHED:
Result: 1920 / 1920 Correct
Errors: 0
--------------------------------------------------
WARNING: File/Multi-channel descriptor (-20000) passed to $fclose is not valid. Please compile the design with -debug for source location information.
ERROR: File descriptor (-20000) passed to $fscanf is not valid. Please compile the design with -debug for source location information.
--------------------------------------------------
QUARTER CHECK FINISHED:
Result: 1920 / 1920 Correct
Errors: 0
--------------------------------------------------
WARNING: File/Multi-channel descriptor (-20000) passed to $fclose is not valid. Please compile the design with -debug for source location information.
ERROR: File descriptor (-20000) passed to $fscanf is not valid. Please compile the design with -debug for source location information.
--------------------------------------------------
QUARTER CHECK FINISHED:
Result: 1920 / 1920 Correct
Errors: 0
--------------------------------------------------
WARNING: File/Multi-channel descriptor (-20000) passed to $fclose is not valid. Please compile the design with -debug for source location information.
ERROR: File descriptor (-20000) passed to $fscanf is not valid. Please compile the design with -debug for source location information.
--------------------------------------------------
QUARTER CHECK FINISHED:
Result: 1920 / 1920 Correct
Errors: 0
--------------------------------------------------
WARNING: File/Multi-channel descriptor (-20000) passed to $fclose is not valid. Please compile the design with -debug for source location information.
ERROR: File descriptor (-20000) passed to $fscanf is not valid. Please compile the design with -debug for source location information.
--------------------------------------------------
QUARTER CHECK FINISHED:
Result: 1920 / 1920 Correct
Errors: 0
--------------------------------------------------
WARNING: File/Multi-channel descriptor (-20000) passed to $fclose is not valid. Please compile the design with -debug for source location information.
ERROR: File descriptor (-20000) passed to $fscanf is not valid. Please compile the design with -debug for source location information.
--------------------------------------------------
QUARTER CHECK FINISHED:
Result: 1920 / 1920 Correct
Errors: 0
--------------------------------------------------
WARNING: File/Multi-channel descriptor (-20000) passed to $fclose is not valid. Please compile the design with -debug for source location information.
ERROR: File descriptor (-20000) passed to $fscanf is not valid. Please compile the design with -debug for source location information.
--------------------------------------------------
QUARTER CHECK FINISHED:
Result: 1920 / 1920 Correct
Errors: 0
--------------------------------------------------
WARNING: File/Multi-channel descriptor (-20000) passed to $fclose is not valid. Please compile the design with -debug for source location information.
ERROR: File descriptor (-20000) passed to $fscanf is not valid. Please compile the design with -debug for source location information.
--------------------------------------------------
QUARTER CHECK FINISHED:
Result: 1920 / 1920 Correct
Errors: 0
--------------------------------------------------
WARNING: File/Multi-channel descriptor (-20000) passed to $fclose is not valid. Please compile the design with -debug for source location information.
ERROR: File descriptor (-20000) passed to $fscanf is not valid. Please compile the design with -debug for source location information.
--------------------------------------------------
QUARTER CHECK FINISHED:
Result: 1920 / 1920 Correct
Errors: 0
--------------------------------------------------
WARNING: File/Multi-channel descriptor (-20000) passed to $fclose is not valid. Please compile the design with -debug for source location information.
ERROR: File descriptor (-20000) passed to $fscanf is not valid. Please compile the design with -debug for source location information.
--------------------------------------------------
QUARTER CHECK FINISHED:
Result: 1920 / 1920 Correct
Errors: 0
--------------------------------------------------
WARNING: File/Multi-channel descriptor (-20000) passed to $fclose is not valid. Please compile the design with -debug for source location information.
ERROR: File descriptor (-20000) passed to $fscanf is not valid. Please compile the design with -debug for source location information.
--------------------------------------------------
QUARTER CHECK FINISHED:
Result: 1920 / 1920 Correct
Errors: 0
--------------------------------------------------
WARNING: File/Multi-channel descriptor (-20000) passed to $fclose is not valid. Please compile the design with -debug for source location information.
ERROR: File descriptor (-20000) passed to $fscanf is not valid. Please compile the design with -debug for source location information.
--------------------------------------------------
QUARTER CHECK FINISHED:
Result: 1920 / 1920 Correct
Errors: 0
--------------------------------------------------
WARNING: File/Multi-channel descriptor (-20000) passed to $fclose is not valid. Please compile the design with -debug for source location information.
ERROR: File descriptor (-20000) passed to $fscanf is not valid. Please compile the design with -debug for source location information.
--------------------------------------------------
QUARTER CHECK FINISHED:
Result: 1920 / 1920 Correct
Errors: 0
--------------------------------------------------
WARNING: File/Multi-channel descriptor (-20000) passed to $fclose is not valid. Please compile the design with -debug for source location information.
ERROR: File descriptor (-20000) passed to $fscanf is not valid. Please compile the design with -debug for source location information.
--------------------------------------------------
QUARTER CHECK FINISHED:
Result: 1920 / 1920 Correct
Errors: 0
--------------------------------------------------
WARNING: File/Multi-channel descriptor (-20000) passed to $fclose is not valid. Please compile the design with -debug for source location information.
ERROR: File descriptor (-20000) passed to $fscanf is not valid. Please compile the design with -debug for source location information.
--------------------------------------------------
QUARTER CHECK FINISHED:
Result: 1920 / 1920 Correct
Errors: 0
--------------------------------------------------
WARNING: File/Multi-channel descriptor (-20000) passed to $fclose is not valid. Please compile the design with -debug for source location information.
ERROR: File descriptor (-20000) passed to $fscanf is not valid. Please compile the design with -debug for source location information.
--------------------------------------------------
QUARTER CHECK FINISHED:
Result: 1920 / 1920 Correct
Errors: 0
--------------------------------------------------
WARNING: File/Multi-channel descriptor (-20000) passed to $fclose is not valid. Please compile the design with -debug for source location information.
ERROR: File descriptor (-20000) passed to $fscanf is not valid. Please compile the design with -debug for source location information.
--------------------------------------------------
QUARTER CHECK FINISHED:
Result: 1920 / 1920 Correct
Errors: 0
--------------------------------------------------
WARNING: File/Multi-channel descriptor (-20000) passed to $fclose is not valid. Please compile the design with -debug for source location information.
ERROR: File descriptor (-20000) passed to $fscanf is not valid. Please compile the design with -debug for source location information.
--------------------------------------------------
QUARTER CHECK FINISHED:
Result: 1920 / 1920 Correct
Errors: 0
--------------------------------------------------
WARNING: File/Multi-channel descriptor (-20000) passed to $fclose is not valid. Please compile the design with -debug for source location information.
ERROR: File descriptor (-20000) passed to $fscanf is not valid. Please compile the design with -debug for source location information.
--------------------------------------------------
QUARTER CHECK FINISHED:
Result: 1920 / 1920 Correct
Errors: 0
--------------------------------------------------
WARNING: File/Multi-channel descriptor (-20000) passed to $fclose is not valid. Please compile the design with -debug for source location information.
ERROR: File descriptor (-20000) passed to $fscanf is not valid. Please compile the design with -debug for source location information.
--------------------------------------------------
QUARTER CHECK FINISHED:
Result: 1920 / 1920 Correct
Errors: 0
--------------------------------------------------
WARNING: File/Multi-channel descriptor (-20000) passed to $fclose is not valid. Please compile the design with -debug for source location information.
ERROR: File descriptor (-20000) passed to $fscanf is not valid. Please compile the design with -debug for source location information.
--------------------------------------------------
QUARTER CHECK FINISHED:
Result: 1920 / 1920 Correct
Errors: 0
--------------------------------------------------
WARNING: File/Multi-channel descriptor (-20000) passed to $fclose is not valid. Please compile the design with -debug for source location information.
ERROR: File descriptor (-20000) passed to $fscanf is not valid. Please compile the design with -debug for source location information.
--------------------------------------------------
QUARTER CHECK FINISHED:
Result: 1920 / 1920 Correct
Errors: 0
--------------------------------------------------
WARNING: File/Multi-channel descriptor (-20000) passed to $fclose is not valid. Please compile the design with -debug for source location information.
ERROR: File descriptor (-20000) passed to $fscanf is not valid. Please compile the design with -debug for source location information.
--------------------------------------------------
QUARTER CHECK FINISHED:
Result: 1920 / 1920 Correct
Errors: 0
--------------------------------------------------
WARNING: File/Multi-channel descriptor (-20000) passed to $fclose is not valid. Please compile the design with -debug for source location information.
ERROR: File descriptor (-20000) passed to $fscanf is not valid. Please compile the design with -debug for source location information.
--------------------------------------------------
QUARTER CHECK FINISHED:
Result: 1920 / 1920 Correct
Errors: 0
--------------------------------------------------
WARNING: File/Multi-channel descriptor (-20000) passed to $fclose is not valid. Please compile the design with -debug for source location information.
ERROR: File descriptor (-20000) passed to $fscanf is not valid. Please compile the design with -debug for source location information.
--------------------------------------------------
QUARTER CHECK FINISHED:
Result: 1920 / 1920 Correct
Errors: 0
--------------------------------------------------
WARNING: File/Multi-channel descriptor (-20000) passed to $fclose is not valid. Please compile the design with -debug for source location information.
ERROR: File descriptor (-20000) passed to $fscanf is not valid. Please compile the design with -debug for source location information.
--------------------------------------------------
QUARTER CHECK FINISHED:
Result: 1920 / 1920 Correct
Errors: 0
--------------------------------------------------
WARNING: File/Multi-channel descriptor (-20000) passed to $fclose is not valid. Please compile the design with -debug for source location information.
ERROR: File descriptor (-20000) passed to $fscanf is not valid. Please compile the design with -debug for source location information.
--------------------------------------------------
QUARTER CHECK FINISHED:
Result: 1920 / 1920 Correct
Errors: 0
--------------------------------------------------
WARNING: File/Multi-channel descriptor (-20000) passed to $fclose is not valid. Please compile the design with -debug for source location information.
ERROR: File descriptor (-20000) passed to $fscanf is not valid. Please compile the design with -debug for source location information.
--------------------------------------------------
QUARTER CHECK FINISHED:
Result: 1920 / 1920 Correct
Errors: 0
--------------------------------------------------
WARNING: File/Multi-channel descriptor (-20000) passed to $fclose is not valid. Please compile the design with -debug for source location information.
ERROR: File descriptor (-20000) passed to $fscanf is not valid. Please compile the design with -debug for source location information.
--------------------------------------------------
QUARTER CHECK FINISHED:
Result: 1920 / 1920 Correct
Errors: 0
--------------------------------------------------
WARNING: File/Multi-channel descriptor (-20000) passed to $fclose is not valid. Please compile the design with -debug for source location information.
ERROR: File descriptor (-20000) passed to $fscanf is not valid. Please compile the design with -debug for source location information.
--------------------------------------------------
QUARTER CHECK FINISHED:
Result: 1920 / 1920 Correct
Errors: 0
--------------------------------------------------
WARNING: File/Multi-channel descriptor (-20000) passed to $fclose is not valid. Please compile the design with -debug for source location information.
ERROR: File descriptor (-20000) passed to $fscanf is not valid. Please compile the design with -debug for source location information.
--------------------------------------------------
QUARTER CHECK FINISHED:
Result: 1920 / 1920 Correct
Errors: 0
--------------------------------------------------
WARNING: File/Multi-channel descriptor (-20000) passed to $fclose is not valid. Please compile the design with -debug for source location information.
ERROR: File descriptor (-20000) passed to $fscanf is not valid. Please compile the design with -debug for source location information.
--------------------------------------------------
QUARTER CHECK FINISHED:
Result: 1920 / 1920 Correct
Errors: 0
--------------------------------------------------
WARNING: File/Multi-channel descriptor (-20000) passed to $fclose is not valid. Please compile the design with -debug for source location information.
ERROR: File descriptor (-20000) passed to $fscanf is not valid. Please compile the design with -debug for source location information.
--------------------------------------------------
QUARTER CHECK FINISHED:
Result: 1920 / 1920 Correct
Errors: 0
--------------------------------------------------
WARNING: File/Multi-channel descriptor (-20000) passed to $fclose is not valid. Please compile the design with -debug for source location information.
ERROR: File descriptor (-20000) passed to $fscanf is not valid. Please compile the design with -debug for source location information.
--------------------------------------------------
QUARTER CHECK FINISHED:
Result: 1920 / 1920 Correct
Errors: 0
--------------------------------------------------
WARNING: File/Multi-channel descriptor (-20000) passed to $fclose is not valid. Please compile the design with -debug for source location information.
ERROR: File descriptor (-20000) passed to $fscanf is not valid. Please compile the design with -debug for source location information.
--------------------------------------------------
QUARTER CHECK FINISHED:
Result: 1920 / 1920 Correct
Errors: 0
--------------------------------------------------
WARNING: File/Multi-channel descriptor (-20000) passed to $fclose is not valid. Please compile the design with -debug for source location information.
ERROR: File descriptor (-20000) passed to $fscanf is not valid. Please compile the design with -debug for source location information.
--------------------------------------------------
QUARTER CHECK FINISHED:
Result: 1920 / 1920 Correct
Errors: 0
--------------------------------------------------
WARNING: File/Multi-channel descriptor (-20000) passed to $fclose is not valid. Please compile the design with -debug for source location information.
ERROR: File descriptor (-20000) passed to $fscanf is not valid. Please compile the design with -debug for source location information.
--------------------------------------------------
QUARTER CHECK FINISHED:
Result: 1920 / 1920 Correct
Errors: 0
--------------------------------------------------
WARNING: File/Multi-channel descriptor (-20000) passed to $fclose is not valid. Please compile the design with -debug for source location information.
ERROR: File descriptor (-20000) passed to $fscanf is not valid. Please compile the design with -debug for source location information.
--------------------------------------------------
QUARTER CHECK FINISHED:
Result: 1920 / 1920 Correct
Errors: 0
--------------------------------------------------
WARNING: File/Multi-channel descriptor (-20000) passed to $fclose is not valid. Please compile the design with -debug for source location information.
ERROR: File descriptor (-20000) passed to $fscanf is not valid. Please compile the design with -debug for source location information.
--------------------------------------------------
QUARTER CHECK FINISHED:
Result: 1920 / 1920 Correct
Errors: 0
--------------------------------------------------
WARNING: File/Multi-channel descriptor (-20000) passed to $fclose is not valid. Please compile the design with -debug for source location information.
ERROR: File descriptor (-20000) passed to $fscanf is not valid. Please compile the design with -debug for source location information.
--------------------------------------------------
QUARTER CHECK FINISHED:
Result: 1920 / 1920 Correct
Errors: 0
--------------------------------------------------
WARNING: File/Multi-channel descriptor (-20000) passed to $fclose is not valid. Please compile the design with -debug for source location information.
ERROR: File descriptor (-20000) passed to $fscanf is not valid. Please compile the design with -debug for source location information.
--------------------------------------------------
QUARTER CHECK FINISHED:
Result: 1920 / 1920 Correct
Errors: 0
--------------------------------------------------
WARNING: File/Multi-channel descriptor (-20000) passed to $fclose is not valid. Please compile the design with -debug for source location information.
ERROR: File descriptor (-20000) passed to $fscanf is not valid. Please compile the design with -debug for source location information.
--------------------------------------------------
QUARTER CHECK FINISHED:
Result: 1920 / 1920 Correct
Errors: 0
--------------------------------------------------
WARNING: File/Multi-channel descriptor (-20000) passed to $fclose is not valid. Please compile the design with -debug for source location information.
ERROR: File descriptor (-20000) passed to $fscanf is not valid. Please compile the design with -debug for source location information.
--------------------------------------------------
QUARTER CHECK FINISHED:
Result: 1920 / 1920 Correct
Errors: 0
--------------------------------------------------
WARNING: File/Multi-channel descriptor (-20000) passed to $fclose is not valid. Please compile the design with -debug for source location information.
ERROR: File descriptor (-20000) passed to $fscanf is not valid. Please compile the design with -debug for source location information.
--------------------------------------------------
QUARTER CHECK FINISHED:
Result: 1920 / 1920 Correct
Errors: 0
--------------------------------------------------
WARNING: File/Multi-channel descriptor (-20000) passed to $fclose is not valid. Please compile the design with -debug for source location information.
ERROR: File descriptor (-20000) passed to $fscanf is not valid. Please compile the design with -debug for source location information.
--------------------------------------------------
QUARTER CHECK FINISHED:
Result: 1920 / 1920 Correct
Errors: 0
--------------------------------------------------
WARNING: File/Multi-channel descriptor (-20000) passed to $fclose is not valid. Please compile the design with -debug for source location information.
ERROR: File descriptor (-20000) passed to $fscanf is not valid. Please compile the design with -debug for source location information.
--------------------------------------------------
QUARTER CHECK FINISHED:
Result: 1920 / 1920 Correct
Errors: 0
--------------------------------------------------
WARNING: File/Multi-channel descriptor (-20000) passed to $fclose is not valid. Please compile the design with -debug for source location information.
ERROR: File descriptor (-20000) passed to $fscanf is not valid. Please compile the design with -debug for source location information.
--------------------------------------------------
QUARTER CHECK FINISHED:
Result: 1920 / 1920 Correct
Errors: 0
--------------------------------------------------
WARNING: File/Multi-channel descriptor (-20000) passed to $fclose is not valid. Please compile the design with -debug for source location information.
ERROR: File descriptor (-20000) passed to $fscanf is not valid. Please compile the design with -debug for source location information.
--------------------------------------------------
QUARTER CHECK FINISHED:
Result: 1920 / 1920 Correct
Errors: 0
--------------------------------------------------
WARNING: File/Multi-channel descriptor (-20000) passed to $fclose is not valid. Please compile the design with -debug for source location information.
ERROR: File descriptor (-20000) passed to $fscanf is not valid. Please compile the design with -debug for source location information.
--------------------------------------------------
QUARTER CHECK FINISHED:
Result: 1920 / 1920 Correct
Errors: 0
--------------------------------------------------
WARNING: File/Multi-channel descriptor (-20000) passed to $fclose is not valid. Please compile the design with -debug for source location information.
ERROR: File descriptor (-20000) passed to $fscanf is not valid. Please compile the design with -debug for source location information.
--------------------------------------------------
QUARTER CHECK FINISHED:
Result: 1920 / 1920 Correct
Errors: 0
--------------------------------------------------
WARNING: File/Multi-channel descriptor (-20000) passed to $fclose is not valid. Please compile the design with -debug for source location information.
ERROR: File descriptor (-20000) passed to $fscanf is not valid. Please compile the design with -debug for source location information.
--------------------------------------------------
QUARTER CHECK FINISHED:
Result: 1920 / 1920 Correct
Errors: 0
--------------------------------------------------
WARNING: File/Multi-channel descriptor (-20000) passed to $fclose is not valid. Please compile the design with -debug for source location information.
ERROR: File descriptor (-20000) passed to $fscanf is not valid. Please compile the design with -debug for source location information.
--------------------------------------------------
QUARTER CHECK FINISHED:
Result: 1920 / 1920 Correct
Errors: 0
--------------------------------------------------
WARNING: File/Multi-channel descriptor (-20000) passed to $fclose is not valid. Please compile the design with -debug for source location information.
ERROR: File descriptor (-20000) passed to $fscanf is not valid. Please compile the design with -debug for source location information.
--------------------------------------------------
QUARTER CHECK FINISHED:
Result: 1920 / 1920 Correct
Errors: 0
--------------------------------------------------
WARNING: File/Multi-channel descriptor (-20000) passed to $fclose is not valid. Please compile the design with -debug for source location information.
ERROR: File descriptor (-20000) passed to $fscanf is not valid. Please compile the design with -debug for source location information.
--------------------------------------------------
QUARTER CHECK FINISHED:
Result: 1920 / 1920 Correct
Errors: 0
--------------------------------------------------
WARNING: File/Multi-channel descriptor (-20000) passed to $fclose is not valid. Please compile the design with -debug for source location information.
ERROR: File descriptor (-20000) passed to $fscanf is not valid. Please compile the design with -debug for source location information.
--------------------------------------------------
QUARTER CHECK FINISHED:
Result: 1920 / 1920 Correct
Errors: 0
--------------------------------------------------
WARNING: File/Multi-channel descriptor (-20000) passed to $fclose is not valid. Please compile the design with -debug for source location information.
ERROR: File descriptor (-20000) passed to $fscanf is not valid. Please compile the design with -debug for source location information.
--------------------------------------------------
QUARTER CHECK FINISHED:
Result: 1920 / 1920 Correct
Errors: 0
--------------------------------------------------
WARNING: File/Multi-channel descriptor (-20000) passed to $fclose is not valid. Please compile the design with -debug for source location information.
ERROR: File descriptor (-20000) passed to $fscanf is not valid. Please compile the design with -debug for source location information.
--------------------------------------------------
QUARTER CHECK FINISHED:
Result: 1920 / 1920 Correct
Errors: 0
--------------------------------------------------
WARNING: File/Multi-channel descriptor (-20000) passed to $fclose is not valid. Please compile the design with -debug for source location information.
ERROR: File descriptor (-20000) passed to $fscanf is not valid. Please compile the design with -debug for source location information.
--------------------------------------------------
QUARTER CHECK FINISHED:
Result: 1920 / 1920 Correct
Errors: 0
--------------------------------------------------
WARNING: File/Multi-channel descriptor (-20000) passed to $fclose is not valid. Please compile the design with -debug for source location information.
ERROR: File descriptor (-20000) passed to $fscanf is not valid. Please compile the design with -debug for source location information.
--------------------------------------------------
QUARTER CHECK FINISHED:
Result: 1920 / 1920 Correct
Errors: 0
--------------------------------------------------
WARNING: File/Multi-channel descriptor (-20000) passed to $fclose is not valid. Please compile the design with -debug for source location information.
ERROR: File descriptor (-20000) passed to $fscanf is not valid. Please compile the design with -debug for source location information.
--------------------------------------------------
QUARTER CHECK FINISHED:
Result: 1920 / 1920 Correct
Errors: 0
--------------------------------------------------
WARNING: File/Multi-channel descriptor (-20000) passed to $fclose is not valid. Please compile the design with -debug for source location information.
ERROR: File descriptor (-20000) passed to $fscanf is not valid. Please compile the design with -debug for source location information.
--------------------------------------------------
QUARTER CHECK FINISHED:
Result: 1920 / 1920 Correct
Errors: 0
--------------------------------------------------
WARNING: File/Multi-channel descriptor (-20000) passed to $fclose is not valid. Please compile the design with -debug for source location information.
ERROR: File descriptor (-20000) passed to $fscanf is not valid. Please compile the design with -debug for source location information.
--------------------------------------------------
QUARTER CHECK FINISHED:
Result: 1920 / 1920 Correct
Errors: 0
--------------------------------------------------
WARNING: File/Multi-channel descriptor (-20000) passed to $fclose is not valid. Please compile the design with -debug for source location information.
ERROR: File descriptor (-20000) passed to $fscanf is not valid. Please compile the design with -debug for source location information.
--------------------------------------------------
QUARTER CHECK FINISHED:
Result: 1920 / 1920 Correct
Errors: 0
--------------------------------------------------
WARNING: File/Multi-channel descriptor (-20000) passed to $fclose is not valid. Please compile the design with -debug for source location information.
ERROR: File descriptor (-20000) passed to $fscanf is not valid. Please compile the design with -debug for source location information.
--------------------------------------------------
QUARTER CHECK FINISHED:
Result: 1920 / 1920 Correct
Errors: 0
--------------------------------------------------
WARNING: File/Multi-channel descriptor (-20000) passed to $fclose is not valid. Please compile the design with -debug for source location information.
ERROR: File descriptor (-20000) passed to $fscanf is not valid. Please compile the design with -debug for source location information.
--------------------------------------------------
QUARTER CHECK FINISHED:
Result: 1920 / 1920 Correct
Errors: 0
--------------------------------------------------
WARNING: File/Multi-channel descriptor (-20000) passed to $fclose is not valid. Please compile the design with -debug for source location information.
ERROR: File descriptor (-20000) passed to $fscanf is not valid. Please compile the design with -debug for source location information.
--------------------------------------------------
QUARTER CHECK FINISHED:
Result: 1920 / 1920 Correct
Errors: 0
--------------------------------------------------
WARNING: File/Multi-channel descriptor (-20000) passed to $fclose is not valid. Please compile the design with -debug for source location information.
ERROR: File descriptor (-20000) passed to $fscanf is not valid. Please compile the design with -debug for source location information.
--------------------------------------------------
QUARTER CHECK FINISHED:
Result: 1920 / 1920 Correct
Errors: 0
--------------------------------------------------
WARNING: File/Multi-channel descriptor (-20000) passed to $fclose is not valid. Please compile the design with -debug for source location information.
ERROR: File descriptor (-20000) passed to $fscanf is not valid. Please compile the design with -debug for source location information.
--------------------------------------------------
QUARTER CHECK FINISHED:
Result: 1920 / 1920 Correct
Errors: 0
--------------------------------------------------
WARNING: File/Multi-channel descriptor (-20000) passed to $fclose is not valid. Please compile the design with -debug for source location information.
ERROR: File descriptor (-20000) passed to $fscanf is not valid. Please compile the design with -debug for source location information.
--------------------------------------------------
QUARTER CHECK FINISHED:
Result: 1920 / 1920 Correct
Errors: 0
--------------------------------------------------
WARNING: File/Multi-channel descriptor (-20000) passed to $fclose is not valid. Please compile the design with -debug for source location information.
ERROR: File descriptor (-20000) passed to $fscanf is not valid. Please compile the design with -debug for source location information.
--------------------------------------------------
QUARTER CHECK FINISHED:
Result: 1920 / 1920 Correct
Errors: 0
--------------------------------------------------
WARNING: File/Multi-channel descriptor (-20000) passed to $fclose is not valid. Please compile the design with -debug for source location information.
ERROR: File descriptor (-20000) passed to $fscanf is not valid. Please compile the design with -debug for source location information.
--------------------------------------------------
QUARTER CHECK FINISHED:
Result: 1920 / 1920 Correct
Errors: 0
--------------------------------------------------
WARNING: File/Multi-channel descriptor (-20000) passed to $fclose is not valid. Please compile the design with -debug for source location information.
ERROR: File descriptor (-20000) passed to $fscanf is not valid. Please compile the design with -debug for source location information.
--------------------------------------------------
QUARTER CHECK FINISHED:
Result: 1920 / 1920 Correct
Errors: 0
--------------------------------------------------
WARNING: File/Multi-channel descriptor (-20000) passed to $fclose is not valid. Please compile the design with -debug for source location information.
ERROR: File descriptor (-20000) passed to $fscanf is not valid. Please compile the design with -debug for source location information.
--------------------------------------------------
QUARTER CHECK FINISHED:
Result: 1920 / 1920 Correct
Errors: 0
--------------------------------------------------
WARNING: File/Multi-channel descriptor (-20000) passed to $fclose is not valid. Please compile the design with -debug for source location information.
ERROR: File descriptor (-20000) passed to $fscanf is not valid. Please compile the design with -debug for source location information.
--------------------------------------------------
QUARTER CHECK FINISHED:
Result: 1920 / 1920 Correct
Errors: 0
--------------------------------------------------
WARNING: File/Multi-channel descriptor (-20000) passed to $fclose is not valid. Please compile the design with -debug for source location information.
ERROR: File descriptor (-20000) passed to $fscanf is not valid. Please compile the design with -debug for source location information.
--------------------------------------------------
QUARTER CHECK FINISHED:
Result: 1920 / 1920 Correct
Errors: 0
--------------------------------------------------
WARNING: File/Multi-channel descriptor (-20000) passed to $fclose is not valid. Please compile the design with -debug for source location information.
ERROR: File descriptor (-20000) passed to $fscanf is not valid. Please compile the design with -debug for source location information.
--------------------------------------------------
QUARTER CHECK FINISHED:
Result: 1920 / 1920 Correct
Errors: 0
--------------------------------------------------
WARNING: File/Multi-channel descriptor (-20000) passed to $fclose is not valid. Please compile the design with -debug for source location information.
ERROR: File descriptor (-20000) passed to $fscanf is not valid. Please compile the design with -debug for source location information.
--------------------------------------------------
QUARTER CHECK FINISHED:
Result: 1920 / 1920 Correct
Errors: 0
--------------------------------------------------
WARNING: File/Multi-channel descriptor (-20000) passed to $fclose is not valid. Please compile the design with -debug for source location information.
ERROR: File descriptor (-20000) passed to $fscanf is not valid. Please compile the design with -debug for source location information.
--------------------------------------------------
QUARTER CHECK FINISHED:
Result: 1920 / 1920 Correct
Errors: 0
--------------------------------------------------
WARNING: File/Multi-channel descriptor (-20000) passed to $fclose is not valid. Please compile the design with -debug for source location information.
ERROR: File descriptor (-20000) passed to $fscanf is not valid. Please compile the desi