Copyright 1986-2022 Xilinx, Inc. All Rights Reserved.
------------------------------------------------------------------------------------------------
| Tool Version : Vivado v.2022.2 (win64) Build 3671981 Fri Oct 14 05:00:03 MDT 2022
| Date         : Tue Apr 14 02:10:58 2026
| Host         : LAPTOP-92N761HV running 64-bit major release  (build 9200)
| Command      : report_drc -file top_drc_opted.rpt -pb top_drc_opted.pb -rpx top_drc_opted.rpx
| Design       : top
| Device       : xck26-sfvc784-2LV-c
| Speed File   : -2LV
| Design State : Synthesized
------------------------------------------------------------------------------------------------

Report DRC

Table of Contents
-----------------
1. REPORT SUMMARY
2. REPORT DETAILS

1. REPORT SUMMARY
-----------------
            Netlist: netlist
          Floorplan: design_1
      Design limits: <entire design considered>
           Ruledeck: default
             Max violations: <unlimited>
             Violations found: 1296
+--------+----------+------------------------+------------+
| Rule   | Severity | Description            | Violations |
+--------+----------+------------------------+------------+
| DPIP-2 | Warning  | Input pipelining       | 784        |
| DPOP-4 | Warning  | MREG Output pipelining | 512        |
+--------+----------+------------------------+------------+

2. REPORT DETAILS
-----------------
DPIP-2#1 Warning
Input pipelining  
DSP u_pw_unit/u_pw_mac0/p_0_out input u_pw_unit/u_pw_mac0/p_0_out/A[29:0] is not pipelined. Pipelining DSP48 input will improve performance.
Related violations: <none>

DPIP-2#2 Warning
Input pipelining  
DSP u_pw_unit/u_pw_mac0/p_0_out input u_pw_unit/u_pw_mac0/p_0_out/B[17:0] is not pipelined. Pipelining DSP48 input will improve performance.
Related violations: <none>

DPIP-2#3 Warning
Input pipelining  
DSP u_pw_unit/u_pw_mac0/p_0_out__0 input u_pw_unit/u_pw_mac0/p_0_out__0/A[29:0] is not pipelined. Pipelining DSP48 input will improve performance.
Related violations: <none>

DPIP-2#4 Warning
Input pipelining  
DSP u_pw_unit/u_pw_mac0/p_0_out__0 input u_pw_unit/u_pw_mac0/p_0_out__0/B[17:0] is not pipelined. Pipelining DSP48 input will improve performance.
Related violations: <none>

DPIP-2#5 Warning
Input pipelining  
DSP u_pw_unit/u_pw_mac0/p_0_out__0__0 input u_pw_unit/u_pw_mac0/p_0_out__0__0/A[29:0] is not pipelined. Pipelining DSP48 input will improve performance.
Related violations: <none>

DPIP-2#6 Warning
Input pipelining  
DSP u_pw_unit/u_pw_mac0/p_0_out__0__0 input u_pw_unit/u_pw_mac0/p_0_out__0__0/B[17:0] is not pipelined. Pipelining DSP48 input will improve performance.
Related violations: <none>

DPIP-2#7 Warning
Input pipelining  
DSP u_pw_unit/u_pw_mac0/p_0_out__0__1 input u_pw_unit/u_pw_mac0/p_0_out__0__1/A[29:0] is not pipelined. Pipelining DSP48 input will improve performance.
Related violations: <none>

DPIP-2#8 Warning
Input pipelining  
DSP u_pw_unit/u_pw_mac0/p_0_out__0__1 input u_pw_unit/u_pw_mac0/p_0_out__0__1/B[17:0] is not pipelined. Pipelining DSP48 input will improve performance.
Related violations: <none>

DPIP-2#9 Warning
Input pipelining  
DSP u_pw_unit/u_pw_mac0/p_0_out__0__2 input u_pw_unit/u_pw_mac0/p_0_out__0__2/A[29:0] is not pipelined. Pipelining DSP48 input will improve performance.
Related violations: <none>

DPIP-2#10 Warning
Input pipelining  
DSP u_pw_unit/u_pw_mac0/p_0_out__0__2 input u_pw_unit/u_pw_mac0/p_0_out__0__2/B[17:0] is not pipelined. Pipelining DSP48 input will improve performance.
Related violations: <none>

DPIP-2#11 Warning
Input pipelining  
DSP u_pw_unit/u_pw_mac0/p_0_out__1 input u_pw_unit/u_pw_mac0/p_0_out__1/A[29:0] is not pipelined. Pipelining DSP48 input will improve performance.
Related violations: <none>

DPIP-2#12 Warning
Input pipelining  
DSP u_pw_unit/u_pw_mac0/p_0_out__1 input u_pw_unit/u_pw_mac0/p_0_out__1/B[17:0] is not pipelined. Pipelining DSP48 input will improve performance.
Related violations: <none>

DPIP-2#13 Warning
Input pipelining  
DSP u_pw_unit/u_pw_mac0/p_0_out__10 input u_pw_unit/u_pw_mac0/p_0_out__10/A[29:0] is not pipelined. Pipelining DSP48 input will improve performance.
Related violations: <none>

DPIP-2#14 Warning
Input pipelining  
DSP u_pw_unit/u_pw_mac0/p_0_out__10 input u_pw_unit/u_pw_mac0/p_0_out__10/B[17:0] is not pipelined. Pipelining DSP48 input will improve performance.
Related violations: <none>

DPIP-2#15 Warning
Input pipelining  
DSP u_pw_unit/u_pw_mac0/p_0_out__10__0 input u_pw_unit/u_pw_mac0/p_0_out__10__0/A[29:0] is not pipelined. Pipelining DSP48 input will improve performance.
Related violations: <none>

DPIP-2#16 Warning
Input pipelining  
DSP u_pw_unit/u_pw_mac0/p_0_out__10__0 input u_pw_unit/u_pw_mac0/p_0_out__10__0/B[17:0] is not pipelined. Pipelining DSP48 input will improve performance.
Related violations: <none>

DPIP-2#17 Warning
Input pipelining  
DSP u_pw_unit/u_pw_mac0/p_0_out__10__1 input u_pw_unit/u_pw_mac0/p_0_out__10__1/A[29:0] is not pipelined. Pipelining DSP48 input will improve performance.
Related violations: <none>

DPIP-2#18 Warning
Input pipelining  
DSP u_pw_unit/u_pw_mac0/p_0_out__10__1 input u_pw_unit/u_pw_mac0/p_0_out__10__1/B[17:0] is not pipelined. Pipelining DSP48 input will improve performance.
Related violations: <none>

DPIP-2#19 Warning
Input pipelining  
DSP u_pw_unit/u_pw_mac0/p_0_out__10__2 input u_pw_unit/u_pw_mac0/p_0_out__10__2/A[29:0] is not pipelined. Pipelining DSP48 input will improve performance.
Related violations: <none>

DPIP-2#20 Warning
Input pipelining  
DSP u_pw_unit/u_pw_mac0/p_0_out__10__2 input u_pw_unit/u_pw_mac0/p_0_out__10__2/B[17:0] is not pipelined. Pipelining DSP48 input will improve performance.
Related violations: <none>

DPIP-2#21 Warning
Input pipelining  
DSP u_pw_unit/u_pw_mac0/p_0_out__11 input u_pw_unit/u_pw_mac0/p_0_out__11/A[29:0] is not pipelined. Pipelining DSP48 input will improve performance.
Related violations: <none>

DPIP-2#22 Warning
Input pipelining  
DSP u_pw_unit/u_pw_mac0/p_0_out__11 input u_pw_unit/u_pw_mac0/p_0_out__11/B[17:0] is not pipelined. Pipelining DSP48 input will improve performance.
Related violations: <none>

DPIP-2#23 Warning
Input pipelining  
DSP u_pw_unit/u_pw_mac0/p_0_out__11__0 input u_pw_unit/u_pw_mac0/p_0_out__11__0/A[29:0] is not pipelined. Pipelining DSP48 input will improve performance.
Related violations: <none>

DPIP-2#24 Warning
Input pipelining  
DSP u_pw_unit/u_pw_mac0/p_0_out__11__0 input u_pw_unit/u_pw_mac0/p_0_out__11__0/B[17:0] is not pipelined. Pipelining DSP48 input will improve performance.
Related violations: <none>

DPIP-2#25 Warning
Input pipelining  
DSP u_pw_unit/u_pw_mac0/p_0_out__11__1 input u_pw_unit/u_pw_mac0/p_0_out__11__1/A[29:0] is not pipelined. Pipelining DSP48 input will improve performance.
Related violations: <none>

DPIP-2#26 Warning
Input pipelining  
DSP u_pw_unit/u_pw_mac0/p_0_out__11__1 input u_pw_unit/u_pw_mac0/p_0_out__11__1/B[17:0] is not pipelined. Pipelining DSP48 input will improve performance.
Related violations: <none>

DPIP-2#27 Warning
Input pipelining  
DSP u_pw_unit/u_pw_mac0/p_0_out__11__2 input u_pw_unit/u_pw_mac0/p_0_out__11__2/A[29:0] is not pipelined. Pipelining DSP48 input will improve performance.
Related violations: <none>

DPIP-2#28 Warning
Input pipelining  
DSP u_pw_unit/u_pw_mac0/p_0_out__11__2 input u_pw_unit/u_pw_mac0/p_0_out__11__2/B[17:0] is not pipelined. Pipelining DSP48 input will improve performance.
Related violations: <none>

DPIP-2#29 Warning
Input pipelining  
DSP u_pw_unit/u_pw_mac0/p_0_out__12 input u_pw_unit/u_pw_mac0/p_0_out__12/A[29:0] is not pipelined. Pipelining DSP48 input will improve performance.
Related violations: <none>

DPIP-2#30 Warning
Input pipelining  
DSP u_pw_unit/u_pw_mac0/p_0_out__12 input u_pw_unit/u_pw_mac0/p_0_out__12/B[17:0] is not pipelined. Pipelining DSP48 input will improve performance.
Related violations: <none>

DPIP-2#31 Warning
Input pipelining  
DSP u_pw_unit/u_pw_mac0/p_0_out__12__0 input u_pw_unit/u_pw_mac0/p_0_out__12__0/A[29:0] is not pipelined. Pipelining DSP48 input will improve performance.
Related violations: <none>

DPIP-2#32 Warning
Input pipelining  
DSP u_pw_unit/u_pw_mac0/p_0_out__12__0 input u_pw_unit/u_pw_mac0/p_0_out__12__0/B[17:0] is not pipelined. Pipelining DSP48 input will improve performance.
Related violations: <none>

DPIP-2#33 Warning
Input pipelining  
DSP u_pw_unit/u_pw_mac0/p_0_out__12__1 input u_pw_unit/u_pw_mac0/p_0_out__12__1/A[29:0] is not pipelined. Pipelining DSP48 input will improve performance.
Related violations: <none>

DPIP-2#34 Warning
Input pipelining  
DSP u_pw_unit/u_pw_mac0/p_0_out__12__1 input u_pw_unit/u_pw_mac0/p_0_out__12__1/B[17:0] is not pipelined. Pipelining DSP48 input will improve performance.
Related violations: <none>

DPIP-2#35 Warning
Input pipelining  
DSP u_pw_unit/u_pw_mac0/p_0_out__12__2 input u_pw_unit/u_pw_mac0/p_0_out__12__2/A[29:0] is not pipelined. Pipelining DSP48 input will improve performance.
Related violations: <none>

DPIP-2#36 Warning
Input pipelining  
DSP u_pw_unit/u_pw_mac0/p_0_out__12__2 input u_pw_unit/u_pw_mac0/p_0_out__12__2/B[17:0] is not pipelined. Pipelining DSP48 input will improve performance.
Related violations: <none>

DPIP-2#37 Warning
Input pipelining  
DSP u_pw_unit/u_pw_mac0/p_0_out__13 input u_pw_unit/u_pw_mac0/p_0_out__13/A[29:0] is not pipelined. Pipelining DSP48 input will improve performance.
Related violations: <none>

DPIP-2#38 Warning
Input pipelining  
DSP u_pw_unit/u_pw_mac0/p_0_out__13 input u_pw_unit/u_pw_mac0/p_0_out__13/B[17:0] is not pipelined. Pipelining DSP48 input will improve performance.
Related violations: <none>

DPIP-2#39 Warning
Input pipelining  
DSP u_pw_unit/u_pw_mac0/p_0_out__13__0 input u_pw_unit/u_pw_mac0/p_0_out__13__0/A[29:0] is not pipelined. Pipelining DSP48 input will improve performance.
Related violations: <none>

DPIP-2#40 Warning
Input pipelining  
DSP u_pw_unit/u_pw_mac0/p_0_out__13__0 input u_pw_unit/u_pw_mac0/p_0_out__13__0/B[17:0] is not pipelined. Pipelining DSP48 input will improve performance.
Related violations: <none>

DPIP-2#41 Warning
Input pipelining  
DSP u_pw_unit/u_pw_mac0/p_0_out__13__1 input u_pw_unit/u_pw_mac0/p_0_out__13__1/A[29:0] is not pipelined. Pipelining DSP48 input will improve performance.
Related violations: <none>

DPIP-2#42 Warning
Input pipelining  
DSP u_pw_unit/u_pw_mac0/p_0_out__13__1 input u_pw_unit/u_pw_mac0/p_0_out__13__1/B[17:0] is not pipelined. Pipelining DSP48 input will improve performance.
Related violations: <none>

DPIP-2#43 Warning
Input pipelining  
DSP u_pw_unit/u_pw_mac0/p_0_out__13__2 input u_pw_unit/u_pw_mac0/p_0_out__13__2/A[29:0] is not pipelined. Pipelining DSP48 input will improve performance.
Related violations: <none>

DPIP-2#44 Warning
Input pipelining  
DSP u_pw_unit/u_pw_mac0/p_0_out__13__2 input u_pw_unit/u_pw_mac0/p_0_out__13__2/B[17:0] is not pipelined. Pipelining DSP48 input will improve performance.
Related violations: <none>

DPIP-2#45 Warning
Input pipelining  
DSP u_pw_unit/u_pw_mac0/p_0_out__14 input u_pw_unit/u_pw_mac0/p_0_out__14/A[29:0] is not pipelined. Pipelining DSP48 input will improve performance.
Related violations: <none>

DPIP-2#46 Warning
Input pipelining  
DSP u_pw_unit/u_pw_mac0/p_0_out__14 input u_pw_unit/u_pw_mac0/p_0_out__14/B[17:0] is not pipelined. Pipelining DSP48 input will improve performance.
Related violations: <none>

DPIP-2#47 Warning
Input pipelining  
DSP u_pw_unit/u_pw_mac0/p_0_out__14__0 input u_pw_unit/u_pw_mac0/p_0_out__14__0/A[29:0] is not pipelined. Pipelining DSP48 input will improve performance.
Related violations: <none>

DPIP-2#48 Warning
Input pipelining  
DSP u_pw_unit/u_pw_mac0/p_0_out__14__0 input u_pw_unit/u_pw_mac0/p_0_out__14__0/B[17:0] is not pipelined. Pipelining DSP48 input will improve performance.
Related violations: <none>

DPIP-2#49 Warning
Input pipelining  
DSP u_pw_unit/u_pw_mac0/p_0_out__14__1 input u_pw_unit/u_pw_mac0/p_0_out__14__1/A[29:0] is not pipelined. Pipelining DSP48 input will improve performance.
Related violations: <none>

DPIP-2#50 Warning
Input pipelining  
DSP u_pw_unit/u_pw_mac0/p_0_out__14__1 input u_pw_unit/u_pw_mac0/p_0_out__14__1/B[17:0] is not pipelined. Pipelining DSP48 input will improve performance.
Related violations: <none>

DPIP-2#51 Warning
Input pipelining  
DSP u_pw_unit/u_pw_mac0/p_0_out__14__2 input u_pw_unit/u_pw_mac0/p_0_out__14__2/A[29:0] is not pipelined. Pipelining DSP48 input will improve performance.
Related violations: <none>

DPIP-2#52 Warning
Input pipelining  
DSP u_pw_unit/u_pw_mac0/p_0_out__14__2 input u_pw_unit/u_pw_mac0/p_0_out__14__2/B[17:0] is not pipelined. Pipelining DSP48 input will improve performance.
Related violations: <none>

DPIP-2#53 Warning
Input pipelining  
DSP u_pw_unit/u_pw_mac0/p_0_out__15 input u_pw_unit/u_pw_mac0/p_0_out__15/A[29:0] is not pipelined. Pipelining DSP48 input will improve performance.
Related violations: <none>

DPIP-2#54 Warning
Input pipelining  
DSP u_pw_unit/u_pw_mac0/p_0_out__15 input u_pw_unit/u_pw_mac0/p_0_out__15/B[17:0] is not pipelined. Pipelining DSP48 input will improve performance.
Related violations: <none>

DPIP-2#55 Warning
Input pipelining  
DSP u_pw_unit/u_pw_mac0/p_0_out__15__0 input u_pw_unit/u_pw_mac0/p_0_out__15__0/A[29:0] is not pipelined. Pipelining DSP48 input will improve performance.
Related violations: <none>

DPIP-2#56 Warning
Input pipelining  
DSP u_pw_unit/u_pw_mac0/p_0_out__15__0 input u_pw_unit/u_pw_mac0/p_0_out__15__0/B[17:0] is not pipelined. Pipelining DSP48 input will improve performance.
Related violations: <none>

DPIP-2#57 Warning
Input pipelining  
DSP u_pw_unit/u_pw_mac0/p_0_out__15__1 input u_pw_unit/u_pw_mac0/p_0_out__15__1/A[29:0] is not pipelined. Pipelining DSP48 input will improve performance.
Related violations: <none>

DPIP-2#58 Warning
Input pipelining  
DSP u_pw_unit/u_pw_mac0/p_0_out__15__1 input u_pw_unit/u_pw_mac0/p_0_out__15__1/B[17:0] is not pipelined. Pipelining DSP48 input will improve performance.
Related violations: <none>

DPIP-2#59 Warning
Input pipelining  
DSP u_pw_unit/u_pw_mac0/p_0_out__15__2 input u_pw_unit/u_pw_mac0/p_0_out__15__2/A[29:0] is not pipelined. Pipelining DSP48 input will improve performance.
Related violations: <none>

DPIP-2#60 Warning
Input pipelining  
DSP u_pw_unit/u_pw_mac0/p_0_out__15__2 input u_pw_unit/u_pw_mac0/p_0_out__15__2/B[17:0] is not pipelined. Pipelining DSP48 input will improve performance.
Related violations: <none>

DPIP-2#61 Warning
Input pipelining  
DSP u_pw_unit/u_pw_mac0/p_0_out__16 input u_pw_unit/u_pw_mac0/p_0_out__16/A[29:0] is not pipelined. Pipelining DSP48 input will improve performance.
Related violations: <none>

DPIP-2#62 Warning
Input pipelining  
DSP u_pw_unit/u_pw_mac0/p_0_out__16 input u_pw_unit/u_pw_mac0/p_0_out__16/B[17:0] is not pipelined. Pipelining DSP48 input will improve performance.
Related violations: <none>

DPIP-2#63 Warning
Input pipelining  
DSP u_pw_unit/u_pw_mac0/p_0_out__16__0 input u_pw_unit/u_pw_mac0/p_0_out__16__0/A[29:0] is not pipelined. Pipelining DSP48 input will improve performance.
Related violations: <none>

DPIP-2#64 Warning
Input pipelining  
DSP u_pw_unit/u_pw_mac0/p_0_out__16__0 input u_pw_unit/u_pw_mac0/p_0_out__16__0/B[17:0] is not pipelined. Pipelining DSP48 input will improve performance.
Related violations: <none>

DPIP-2#65 Warning
Input pipelining  
DSP u_pw_unit/u_pw_mac0/p_0_out__16__1 input u_pw_unit/u_pw_mac0/p_0_out__16__1/A[29:0] is not pipelined. Pipelining DSP48 input will improve performance.
Related violations: <none>

DPIP-2#66 Warning
Input pipelining  
DSP u_pw_unit/u_pw_mac0/p_0_out__16__1 input u_pw_unit/u_pw_mac0/p_0_out__16__1/B[17:0] is not pipelined. Pipelining DSP48 input will improve performance.
Related violations: <none>

DPIP-2#67 Warning
Input pipelining  
DSP u_pw_unit/u_pw_mac0/p_0_out__16__2 input u_pw_unit/u_pw_mac0/p_0_out__16__2/A[29:0] is not pipelined. Pipelining DSP48 input will improve performance.
Related violations: <none>

DPIP-2#68 Warning
Input pipelining  
DSP u_pw_unit/u_pw_mac0/p_0_out__16__2 input u_pw_unit/u_pw_mac0/p_0_out__16__2/B[17:0] is not pipelined. Pipelining DSP48 input will improve performance.
Related violations: <none>

DPIP-2#69 Warning
Input pipelining  
DSP u_pw_unit/u_pw_mac0/p_0_out__17 input u_pw_unit/u_pw_mac0/p_0_out__17/A[29:0] is not pipelined. Pipelining DSP48 input will improve performance.
Related violations: <none>

DPIP-2#70 Warning
Input pipelining  
DSP u_pw_unit/u_pw_mac0/p_0_out__17 input u_pw_unit/u_pw_mac0/p_0_out__17/B[17:0] is not pipelined. Pipelining DSP48 input will improve performance.
Related violations: <none>

DPIP-2#71 Warning
Input pipelining  
DSP u_pw_unit/u_pw_mac0/p_0_out__17__0 input u_pw_unit/u_pw_mac0/p_0_out__17__0/A[29:0] is not pipelined. Pipelining DSP48 input will improve performance.
Related violations: <none>

DPIP-2#72 Warning
Input pipelining  
DSP u_pw_unit/u_pw_mac0/p_0_out__17__0 input u_pw_unit/u_pw_mac0/p_0_out__17__0/B[17:0] is not pipelined. Pipelining DSP48 input will improve performance.
Related violations: <none>

DPIP-2#73 Warning
Input pipelining  
DSP u_pw_unit/u_pw_mac0/p_0_out__17__1 input u_pw_unit/u_pw_mac0/p_0_out__17__1/A[29:0] is not pipelined. Pipelining DSP48 input will improve performance.
Related violations: <none>

DPIP-2#74 Warning
Input pipelining  
DSP u_pw_unit/u_pw_mac0/p_0_out__17__1 input u_pw_unit/u_pw_mac0/p_0_out__17__1/B[17:0] is not pipelined. Pipelining DSP48 input will improve performance.
Related violations: <none>

DPIP-2#75 Warning
Input pipelining  
DSP u_pw_unit/u_pw_mac0/p_0_out__17__2 input u_pw_unit/u_pw_mac0/p_0_out__17__2/A[29:0] is not pipelined. Pipelining DSP48 input will improve performance.
Related violations: <none>

DPIP-2#76 Warning
Input pipelining  
DSP u_pw_unit/u_pw_mac0/p_0_out__17__2 input u_pw_unit/u_pw_mac0/p_0_out__17__2/B[17:0] is not pipelined. Pipelining DSP48 input will improve performance.
Related violations: <none>

DPIP-2#77 Warning
Input pipelining  
DSP u_pw_unit/u_pw_mac0/p_0_out__18 input u_pw_unit/u_pw_mac0/p_0_out__18/A[29:0] is not pipelined. Pipelining DSP48 input will improve performance.
Related violations: <none>

DPIP-2#78 Warning
Input pipelining  
DSP u_pw_unit/u_pw_mac0/p_0_out__18 input u_pw_unit/u_pw_mac0/p_0_out__18/B[17:0] is not pipelined. Pipelining DSP48 input will improve performance.
Related violations: <none>

DPIP-2#79 Warning
Input pipelining  
DSP u_pw_unit/u_pw_mac0/p_0_out__18__0 input u_pw_unit/u_pw_mac0/p_0_out__18__0/A[29:0] is not pipelined. Pipelining DSP48 input will improve performance.
Related violations: <none>

DPIP-2#80 Warning
Input pipelining  
DSP u_pw_unit/u_pw_mac0/p_0_out__18__0 input u_pw_unit/u_pw_mac0/p_0_out__18__0/B[17:0] is not pipelined. Pipelining DSP48 input will improve performance.
Related violations: <none>

DPIP-2#81 Warning
Input pipelining  
DSP u_pw_unit/u_pw_mac0/p_0_out__18__1 input u_pw_unit/u_pw_mac0/p_0_out__18__1/A[29:0] is not pipelined. Pipelining DSP48 input will improve performance.
Related violations: <none>

DPIP-2#82 Warning
Input pipelining  
DSP u_pw_unit/u_pw_mac0/p_0_out__18__1 input u_pw_unit/u_pw_mac0/p_0_out__18__1/B[17:0] is not pipelined. Pipelining DSP48 input will improve performance.
Related violations: <none>

DPIP-2#83 Warning
Input pipelining  
DSP u_pw_unit/u_pw_mac0/p_0_out__18__2 input u_pw_unit/u_pw_mac0/p_0_out__18__2/A[29:0] is not pipelined. Pipelining DSP48 input will improve performance.
Related violations: <none>

DPIP-2#84 Warning
Input pipelining  
DSP u_pw_unit/u_pw_mac0/p_0_out__18__2 input u_pw_unit/u_pw_mac0/p_0_out__18__2/B[17:0] is not pipelined. Pipelining DSP48 input will improve performance.
Related violations: <none>

DPIP-2#85 Warning
Input pipelining  
DSP u_pw_unit/u_pw_mac0/p_0_out__19 input u_pw_unit/u_pw_mac0/p_0_out__19/A[29:0] is not pipelined. Pipelining DSP48 input will improve performance.
Related violations: <none>

DPIP-2#86 Warning
Input pipelining  
DSP u_pw_unit/u_pw_mac0/p_0_out__19 input u_pw_unit/u_pw_mac0/p_0_out__19/B[17:0] is not pipelined. Pipelining DSP48 input will improve performance.
Related violations: <none>

DPIP-2#87 Warning
Input pipelining  
DSP u_pw_unit/u_pw_mac0/p_0_out__19__0 input u_pw_unit/u_pw_mac0/p_0_out__19__0/A[29:0] is not pipelined. Pipelining DSP48 input will improve performance.
Related violations: <none>

DPIP-2#88 Warning
Input pipelining  
DSP u_pw_unit/u_pw_mac0/p_0_out__19__0 input u_pw_unit/u_pw_mac0/p_0_out__19__0/B[17:0] is not pipelined. Pipelining DSP48 input will improve performance.
Related violations: <none>

DPIP-2#89 Warning
Input pipelining  
DSP u_pw_unit/u_pw_mac0/p_0_out__19__1 input u_pw_unit/u_pw_mac0/p_0_out__19__1/A[29:0] is not pipelined. Pipelining DSP48 input will improve performance.
Related violations: <none>

DPIP-2#90 Warning
Input pipelining  
DSP u_pw_unit/u_pw_mac0/p_0_out__19__1 input u_pw_unit/u_pw_mac0/p_0_out__19__1/B[17:0] is not pipelined. Pipelining DSP48 input will improve performance.
Related violations: <none>

DPIP-2#91 Warning
Input pipelining  
DSP u_pw_unit/u_pw_mac0/p_0_out__19__2 input u_pw_unit/u_pw_mac0/p_0_out__19__2/A[29:0] is not pipelined. Pipelining DSP48 input will improve performance.
Related violations: <none>

DPIP-2#92 Warning
Input pipelining  
DSP u_pw_unit/u_pw_mac0/p_0_out__19__2 input u_pw_unit/u_pw_mac0/p_0_out__19__2/B[17:0] is not pipelined. Pipelining DSP48 input will improve performance.
Related violations: <none>

DPIP-2#93 Warning
Input pipelining  
DSP u_pw_unit/u_pw_mac0/p_0_out__1__0 input u_pw_unit/u_pw_mac0/p_0_out__1__0/A[29:0] is not pipelined. Pipelining DSP48 input will improve performance.
Related violations: <none>

DPIP-2#94 Warning
Input pipelining  
DSP u_pw_unit/u_pw_mac0/p_0_out__1__0 input u_pw_unit/u_pw_mac0/p_0_out__1__0/B[17:0] is not pipelined. Pipelining DSP48 input will improve performance.
Related violations: <none>

DPIP-2#95 Warning
Input pipelining  
DSP u_pw_unit/u_pw_mac0/p_0_out__1__1 input u_pw_unit/u_pw_mac0/p_0_out__1__1/A[29:0] is not pipelined. Pipelining DSP48 input will improve performance.
Related violations: <none>

DPIP-2#96 Warning
Input pipelining  
DSP u_pw_unit/u_pw_mac0/p_0_out__1__1 input u_pw_unit/u_pw_mac0/p_0_out__1__1/B[17:0] is not pipelined. Pipelining DSP48 input will improve performance.
Related violations: <none>

DPIP-2#97 Warning
Input pipelining  
DSP u_pw_unit/u_pw_mac0/p_0_out__1__2 input u_pw_unit/u_pw_mac0/p_0_out__1__2/A[29:0] is not pipelined. Pipelining DSP48 input will improve performance.
Related violations: <none>

DPIP-2#98 Warning
Input pipelining  
DSP u_pw_unit/u_pw_mac0/p_0_out__1__2 input u_pw_unit/u_pw_mac0/p_0_out__1__2/B[17:0] is not pipelined. Pipelining DSP48 input will improve performance.
Related violations: <none>

DPIP-2#99 Warning
Input pipelining  
DSP u_pw_unit/u_pw_mac0/p_0_out__2 input u_pw_unit/u_pw_mac0/p_0_out__2/A[29:0] is not pipelined. Pipelining DSP48 input will improve performance.
Related violations: <none>

DPIP-2#100 Warning
Input pipelining  
DSP u_pw_unit/u_pw_mac0/p_0_out__2 input u_pw_unit/u_pw_mac0/p_0_out__2/B[17:0] is not pipelined. Pipelining DSP48 input will improve performance.
Related violations: <none>

DPIP-2#101 Warning
Input pipelining  
DSP u_pw_unit/u_pw_mac0/p_0_out__20 input u_pw_unit/u_pw_mac0/p_0_out__20/A[29:0] is not pipelined. Pipelining DSP48 input will improve performance.
Related violations: <none>

DPIP-2#102 Warning
Input pipelining  
DSP u_pw_unit/u_pw_mac0/p_0_out__20 input u_pw_unit/u_pw_mac0/p_0_out__20/B[17:0] is not pipelined. Pipelining DSP48 input will improve performance.
Related violations: <none>

DPIP-2#103 Warning
Input pipelining  
DSP u_pw_unit/u_pw_mac0/p_0_out__20__0 input u_pw_unit/u_pw_mac0/p_0_out__20__0/A[29:0] is not pipelined. Pipelining DSP48 input will improve performance.
Related violations: <none>

DPIP-2#104 Warning
Input pipelining  
DSP u_pw_unit/u_pw_mac0/p_0_out__20__0 input u_pw_unit/u_pw_mac0/p_0_out__20__0/B[17:0] is not pipelined. Pipelining DSP48 input will improve performance.
Related violations: <none>

DPIP-2#105 Warning
Input pipelining  
DSP u_pw_unit/u_pw_mac0/p_0_out__20__1 input u_pw_unit/u_pw_mac0/p_0_out__20__1/A[29:0] is not pipelined. Pipelining DSP48 input will improve performance.
Related violations: <none>

DPIP-2#106 Warning
Input pipelining  
DSP u_pw_unit/u_pw_mac0/p_0_out__20__1 input u_pw_unit/u_pw_mac0/p_0_out__20__1/B[17:0] is not pipelined. Pipelining DSP48 input will improve performance.
Related violations: <none>

DPIP-2#107 Warning
Input pipelining  
DSP u_pw_unit/u_pw_mac0/p_0_out__20__2 input u_pw_unit/u_pw_mac0/p_0_out__20__2/A[29:0] is not pipelined. Pipelining DSP48 input will improve performance.
Related violations: <none>

DPIP-2#108 Warning
Input pipelining  
DSP u_pw_unit/u_pw_mac0/p_0_out__20__2 input u_pw_unit/u_pw_mac0/p_0_out__20__2/B[17:0] is not pipelined. Pipelining DSP48 input will improve performance.
Related violations: <none>

DPIP-2#109 Warning
Input pipelining  
DSP u_pw_unit/u_pw_mac0/p_0_out__21 input u_pw_unit/u_pw_mac0/p_0_out__21/A[29:0] is not pipelined. Pipelining DSP48 input will improve performance.
Related violations: <none>

DPIP-2#110 Warning
Input pipelining  
DSP u_pw_unit/u_pw_mac0/p_0_out__21 input u_pw_unit/u_pw_mac0/p_0_out__21/B[17:0] is not pipelined. Pipelining DSP48 input will improve performance.
Related violations: <none>

DPIP-2#111 Warning
Input pipelining  
DSP u_pw_unit/u_pw_mac0/p_0_out__21__0 input u_pw_unit/u_pw_mac0/p_0_out__21__0/A[29:0] is not pipelined. Pipelining DSP48 input will improve performance.
Related violations: <none>

DPIP-2#112 Warning
Input pipelining  
DSP u_pw_unit/u_pw_mac0/p_0_out__21__0 input u_pw_unit/u_pw_mac0/p_0_out__21__0/B[17:0] is not pipelined. Pipelining DSP48 input will improve performance.
Related violations: <none>

DPIP-2#113 Warning
Input pipelining  
DSP u_pw_unit/u_pw_mac0/p_0_out__21__1 input u_pw_unit/u_pw_mac0/p_0_out__21__1/A[29:0] is not pipelined. Pipelining DSP48 input will improve performance.
Related violations: <none>

DPIP-2#114 Warning
Input pipelining  
DSP u_pw_unit/u_pw_mac0/p_0_out__21__1 input u_pw_unit/u_pw_mac0/p_0_out__21__1/B[17:0] is not pipelined. Pipelining DSP48 input will improve performance.
Related violations: <none>

DPIP-2#115 Warning
Input pipelining  
DSP u_pw_unit/u_pw_mac0/p_0_out__21__2 input u_pw_unit/u_pw_mac0/p_0_out__21__2/A[29:0] is not pipelined. Pipelining DSP48 input will improve performance.
Related violations: <none>

DPIP-2#116 Warning
Input pipelining  
DSP u_pw_unit/u_pw_mac0/p_0_out__21__2 input u_pw_unit/u_pw_mac0/p_0_out__21__2/B[17:0] is not pipelined. Pipelining DSP48 input will improve performance.
Related violations: <none>

DPIP-2#117 Warning
Input pipelining  
DSP u_pw_unit/u_pw_mac0/p_0_out__22 input u_pw_unit/u_pw_mac0/p_0_out__22/A[29:0] is not pipelined. Pipelining DSP48 input will improve performance.
Related violations: <none>

DPIP-2#118 Warning
Input pipelining  
DSP u_pw_unit/u_pw_mac0/p_0_out__22 input u_pw_unit/u_pw_mac0/p_0_out__22/B[17:0] is not pipelined. Pipelining DSP48 input will improve performance.
Related violations: <none>

DPIP-2#119 Warning
Input pipelining  
DSP u_pw_unit/u_pw_mac0/p_0_out__22__0 input u_pw_unit/u_pw_mac0/p_0_out__22__0/A[29:0] is not pipelined. Pipelining DSP48 input will improve performance.
Related violations: <none>

DPIP-2#120 Warning
Input pipelining  
DSP u_pw_unit/u_pw_mac0/p_0_out__22__0 input u_pw_unit/u_pw_mac0/p_0_out__22__0/B[17:0] is not pipelined. Pipelining DSP48 input will improve performance.
Related violations: <none>

DPIP-2#121 Warning
Input pipelining  
DSP u_pw_unit/u_pw_mac0/p_0_out__22__1 input u_pw_unit/u_pw_mac0/p_0_out__22__1/A[29:0] is not pipelined. Pipelining DSP48 input will improve performance.
Related violations: <none>

DPIP-2#122 Warning
Input pipelining  
DSP u_pw_unit/u_pw_mac0/p_0_out__22__1 input u_pw_unit/u_pw_mac0/p_0_out__22__1/B[17:0] is not pipelined. Pipelining DSP48 input will improve performance.
Related violations: <none>

DPIP-2#123 Warning
Input pipelining  
DSP u_pw_unit/u_pw_mac0/p_0_out__22__2 input u_pw_unit/u_pw_mac0/p_0_out__22__2/A[29:0] is not pipelined. Pipelining DSP48 input will improve performance.
Related violations: <none>

DPIP-2#124 Warning
Input pipelining  
DSP u_pw_unit/u_pw_mac0/p_0_out__22__2 input u_pw_unit/u_pw_mac0/p_0_out__22__2/B[17:0] is not pipelined. Pipelining DSP48 input will improve performance.
Related violations: <none>

DPIP-2#125 Warning
Input pipelining  
DSP u_pw_unit/u_pw_mac0/p_0_out__23 input u_pw_unit/u_pw_mac0/p_0_out__23/A[29:0] is not pipelined. Pipelining DSP48 input will improve performance.
Related violations: <none>

DPIP-2#126 Warning
Input pipelining  
DSP u_pw_unit/u_pw_mac0/p_0_out__23 input u_pw_unit/u_pw_mac0/p_0_out__23/B[17:0] is not pipelined. Pipelining DSP48 input will improve performance.
Related violations: <none>

DPIP-2#127 Warning
Input pipelining  
DSP u_pw_unit/u_pw_mac0/p_0_out__23__0 input u_pw_unit/u_pw_mac0/p_0_out__23__0/A[29:0] is not pipelined. Pipelining DSP48 input will improve performance.
Related violations: <none>

DPIP-2#128 Warning
Input pipelining  
DSP u_pw_unit/u_pw_mac0/p_0_out__23__0 input u_pw_unit/u_pw_mac0/p_0_out__23__0/B[17:0] is not pipelined. Pipelining DSP48 input will improve performance.
Related violations: <none>

DPIP-2#129 Warning
Input pipelining  
DSP u_pw_unit/u_pw_mac0/p_0_out__23__1 input u_pw_unit/u_pw_mac0/p_0_out__23__1/A[29:0] is not pipelined. Pipelining DSP48 input will improve performance.
Related violations: <none>

DPIP-2#130 Warning
Input pipelining  
DSP u_pw_unit/u_pw_mac0/p_0_out__23__1 input u_pw_unit/u_pw_mac0/p_0_out__23__1/B[17:0] is not pipelined. Pipelining DSP48 input will improve performance.
Related violations: <none>

DPIP-2#131 Warning
Input pipelining  
DSP u_pw_unit/u_pw_mac0/p_0_out__23__2 input u_pw_unit/u_pw_mac0/p_0_out__23__2/A[29:0] is not pipelined. Pipelining DSP48 input will improve performance.
Related violations: <none>

DPIP-2#132 Warning
Input pipelining  
DSP u_pw_unit/u_pw_mac0/p_0_out__23__2 input u_pw_unit/u_pw_mac0/p_0_out__23__2/B[17:0] is not pipelined. Pipelining DSP48 input will improve performance.
Related violations: <none>

DPIP-2#133 Warning
Input pipelining  
DSP u_pw_unit/u_pw_mac0/p_0_out__24 input u_pw_unit/u_pw_mac0/p_0_out__24/A[29:0] is not pipelined. Pipelining DSP48 input will improve performance.
Related violations: <none>

DPIP-2#134 Warning
Input pipelining  
DSP u_pw_unit/u_pw_mac0/p_0_out__24 input u_pw_unit/u_pw_mac0/p_0_out__24/B[17:0] is not pipelined. Pipelining DSP48 input will improve performance.
Related violations: <none>

DPIP-2#135 Warning
Input pipelining  
DSP u_pw_unit/u_pw_mac0/p_0_out__24__0 input u_pw_unit/u_pw_mac0/p_0_out__24__0/A[29:0] is not pipelined. Pipelining DSP48 input will improve performance.
Related violations: <none>

DPIP-2#136 Warning
Input pipelining  
DSP u_pw_unit/u_pw_mac0/p_0_out__24__0 input u_pw_unit/u_pw_mac0/p_0_out__24__0/B[17:0] is not pipelined. Pipelining DSP48 input will improve performance.
Related violations: <none>

DPIP-2#137 Warning
Input pipelining  
DSP u_pw_unit/u_pw_mac0/p_0_out__24__1 input u_pw_unit/u_pw_mac0/p_0_out__24__1/A[29:0] is not pipelined. Pipelining DSP48 input will improve performance.
Related violations: <none>

DPIP-2#138 Warning
Input pipelining  
DSP u_pw_unit/u_pw_mac0/p_0_out__24__1 input u_pw_unit/u_pw_mac0/p_0_out__24__1/B[17:0] is not pipelined. Pipelining DSP48 input will improve performance.
Related violations: <none>

DPIP-2#139 Warning
Input pipelining  
DSP u_pw_unit/u_pw_mac0/p_0_out__24__2 input u_pw_unit/u_pw_mac0/p_0_out__24__2/A[29:0] is not pipelined. Pipelining DSP48 input will improve performance.
Related violations: <none>

DPIP-2#140 Warning
Input pipelining  
DSP u_pw_unit/u_pw_mac0/p_0_out__24__2 input u_pw_unit/u_pw_mac0/p_0_out__24__2/B[17:0] is not pipelined. Pipelining DSP48 input will improve performance.
Related violations: <none>

DPIP-2#141 Warning
Input pipelining  
DSP u_pw_unit/u_pw_mac0/p_0_out__25 input u_pw_unit/u_pw_mac0/p_0_out__25/A[29:0] is not pipelined. Pipelining DSP48 input will improve performance.
Related violations: <none>

DPIP-2#142 Warning
Input pipelining  
DSP u_pw_unit/u_pw_mac0/p_0_out__25 input u_pw_unit/u_pw_mac0/p_0_out__25/B[17:0] is not pipelined. Pipelining DSP48 input will improve performance.
Related violations: <none>

DPIP-2#143 Warning
Input pipelining  
DSP u_pw_unit/u_pw_mac0/p_0_out__25__0 input u_pw_unit/u_pw_mac0/p_0_out__25__0/A[29:0] is not pipelined. Pipelining DSP48 input will improve performance.
Related violations: <none>

DPIP-2#144 Warning
Input pipelining  
DSP u_pw_unit/u_pw_mac0/p_0_out__25__0 input u_pw_unit/u_pw_mac0/p_0_out__25__0/B[17:0] is not pipelined. Pipelining DSP48 input will improve performance.
Related violations: <none>

DPIP-2#145 Warning
Input pipelining  
DSP u_pw_unit/u_pw_mac0/p_0_out__25__1 input u_pw_unit/u_pw_mac0/p_0_out__25__1/A[29:0] is not pipelined. Pipelining DSP48 input will improve performance.
Related violations: <none>

DPIP-2#146 Warning
Input pipelining  
DSP u_pw_unit/u_pw_mac0/p_0_out__25__1 input u_pw_unit/u_pw_mac0/p_0_out__25__1/B[17:0] is not pipelined. Pipelining DSP48 input will improve performance.
Related violations: <none>

DPIP-2#147 Warning
Input pipelining  
DSP u_pw_unit/u_pw_mac0/p_0_out__25__2 input u_pw_unit/u_pw_mac0/p_0_out__25__2/A[29:0] is not pipelined. Pipelining DSP48 input will improve performance.
Related violations: <none>

DPIP-2#148 Warning
Input pipelining  
DSP u_pw_unit/u_pw_mac0/p_0_out__25__2 input u_pw_unit/u_pw_mac0/p_0_out__25__2/B[17:0] is not pipelined. Pipelining DSP48 input will improve performance.
Related violations: <none>

DPIP-2#149 Warning
Input pipelining  
DSP u_pw_unit/u_pw_mac0/p_0_out__26 input u_pw_unit/u_pw_mac0/p_0_out__26/A[29:0] is not pipelined. Pipelining DSP48 input will improve performance.
Related violations: <none>

DPIP-2#150 Warning
Input pipelining  
DSP u_pw_unit/u_pw_mac0/p_0_out__26 input u_pw_unit/u_pw_mac0/p_0_out__26/B[17:0] is not pipelined. Pipelining DSP48 input will improve performance.
Related violations: <none>

DPIP-2#151 Warning
Input pipelining  
DSP u_pw_unit/u_pw_mac0/p_0_out__26__0 input u_pw_unit/u_pw_mac0/p_0_out__26__0/A[29:0] is not pipelined. Pipelining DSP48 input will improve performance.
Related violations: <none>

DPIP-2#152 Warning
Input pipelining  
DSP u_pw_unit/u_pw_mac0/p_0_out__26__0 input u_pw_unit/u_pw_mac0/p_0_out__26__0/B[17:0] is not pipelined. Pipelining DSP48 input will improve performance.
Related violations: <none>

DPIP-2#153 Warning
Input pipelining  
DSP u_pw_unit/u_pw_mac0/p_0_out__26__1 input u_pw_unit/u_pw_mac0/p_0_out__26__1/A[29:0] is not pipelined. Pipelining DSP48 input will improve performance.
Related violations: <none>

DPIP-2#154 Warning
Input pipelining  
DSP u_pw_unit/u_pw_mac0/p_0_out__26__1 input u_pw_unit/u_pw_mac0/p_0_out__26__1/B[17:0] is not pipelined. Pipelining DSP48 input will improve performance.
Related violations: <none>

DPIP-2#155 Warning
Input pipelining  
DSP u_pw_unit/u_pw_mac0/p_0_out__26__2 input u_pw_unit/u_pw_mac0/p_0_out__26__2/A[29:0] is not pipelined. Pipelining DSP48 input will improve performance.
Related violations: <none>

DPIP-2#156 Warning
Input pipelining  
DSP u_pw_unit/u_pw_mac0/p_0_out__26__2 input u_pw_unit/u_pw_mac0/p_0_out__26__2/B[17:0] is not pipelined. Pipelining DSP48 input will improve performance.
Related violations: <none>

DPIP-2#157 Warning
Input pipelining  
DSP u_pw_unit/u_pw_mac0/p_0_out__27 input u_pw_unit/u_pw_mac0/p_0_out__27/A[29:0] is not pipelined. Pipelining DSP48 input will improve performance.
Related violations: <none>

DPIP-2#158 Warning
Input pipelining  
DSP u_pw_unit/u_pw_mac0/p_0_out__27 input u_pw_unit/u_pw_mac0/p_0_out__27/B[17:0] is not pipelined. Pipelining DSP48 input will improve performance.
Related violations: <none>

DPIP-2#159 Warning
Input pipelining  
DSP u_pw_unit/u_pw_mac0/p_0_out__27__0 input u_pw_unit/u_pw_mac0/p_0_out__27__0/A[29:0] is not pipelined. Pipelining DSP48 input will improve performance.
Related violations: <none>

DPIP-2#160 Warning
Input pipelining  
DSP u_pw_unit/u_pw_mac0/p_0_out__27__0 input u_pw_unit/u_pw_mac0/p_0_out__27__0/B[17:0] is not pipelined. Pipelining DSP48 input will improve performance.
Related violations: <none>

DPIP-2#161 Warning
Input pipelining  
DSP u_pw_unit/u_pw_mac0/p_0_out__27__1 input u_pw_unit/u_pw_mac0/p_0_out__27__1/A[29:0] is not pipelined. Pipelining DSP48 input will improve performance.
Related violations: <none>

DPIP-2#162 Warning
Input pipelining  
DSP u_pw_unit/u_pw_mac0/p_0_out__27__1 input u_pw_unit/u_pw_mac0/p_0_out__27__1/B[17:0] is not pipelined. Pipelining DSP48 input will improve performance.
Related violations: <none>

DPIP-2#163 Warning
Input pipelining  
DSP u_pw_unit/u_pw_mac0/p_0_out__27__2 input u_pw_unit/u_pw_mac0/p_0_out__27__2/A[29:0] is not pipelined. Pipelining DSP48 input will improve performance.
Related violations: <none>

DPIP-2#164 Warning
Input pipelining  
DSP u_pw_unit/u_pw_mac0/p_0_out__27__2 input u_pw_unit/u_pw_mac0/p_0_out__27__2/B[17:0] is not pipelined. Pipelining DSP48 input will improve performance.
Related violations: <none>

DPIP-2#165 Warning
Input pipelining  
DSP u_pw_unit/u_pw_mac0/p_0_out__28 input u_pw_unit/u_pw_mac0/p_0_out__28/A[29:0] is not pipelined. Pipelining DSP48 input will improve performance.
Related violations: <none>

DPIP-2#166 Warning
Input pipelining  
DSP u_pw_unit/u_pw_mac0/p_0_out__28 input u_pw_unit/u_pw_mac0/p_0_out__28/B[17:0] is not pipelined. Pipelining DSP48 input will improve performance.
Related violations: <none>

DPIP-2#167 Warning
Input pipelining  
DSP u_pw_unit/u_pw_mac0/p_0_out__28__0 input u_pw_unit/u_pw_mac0/p_0_out__28__0/A[29:0] is not pipelined. Pipelining DSP48 input will improve performance.
Related violations: <none>

DPIP-2#168 Warning
Input pipelining  
DSP u_pw_unit/u_pw_mac0/p_0_out__28__0 input u_pw_unit/u_pw_mac0/p_0_out__28__0/B[17:0] is not pipelined. Pipelining DSP48 input will improve performance.
Related violations: <none>

DPIP-2#169 Warning
Input pipelining  
DSP u_pw_unit/u_pw_mac0/p_0_out__28__1 input u_pw_unit/u_pw_mac0/p_0_out__28__1/A[29:0] is not pipelined. Pipelining DSP48 input will improve performance.
Related violations: <none>

DPIP-2#170 Warning
Input pipelining  
DSP u_pw_unit/u_pw_mac0/p_0_out__28__1 input u_pw_unit/u_pw_mac0/p_0_out__28__1/B[17:0] is not pipelined. Pipelining DSP48 input will improve performance.
Related violations: <none>

DPIP-2#171 Warning
Input pipelining  
DSP u_pw_unit/u_pw_mac0/p_0_out__28__2 input u_pw_unit/u_pw_mac0/p_0_out__28__2/A[29:0] is not pipelined. Pipelining DSP48 input will improve performance.
Related violations: <none>

DPIP-2#172 Warning
Input pipelining  
DSP u_pw_unit/u_pw_mac0/p_0_out__28__2 input u_pw_unit/u_pw_mac0/p_0_out__28__2/B[17:0] is not pipelined. Pipelining DSP48 input will improve performance.
Related violations: <none>

DPIP-2#173 Warning
Input pipelining  
DSP u_pw_unit/u_pw_mac0/p_0_out__29 input u_pw_unit/u_pw_mac0/p_0_out__29/A[29:0] is not pipelined. Pipelining DSP48 input will improve performance.
Related violations: <none>

DPIP-2#174 Warning
Input pipelining  
DSP u_pw_unit/u_pw_mac0/p_0_out__29 input u_pw_unit/u_pw_mac0/p_0_out__29/B[17:0] is not pipelined. Pipelining DSP48 input will improve performance.
Related violations: <none>

DPIP-2#175 Warning
Input pipelining  
DSP u_pw_unit/u_pw_mac0/p_0_out__29__0 input u_pw_unit/u_pw_mac0/p_0_out__29__0/A[29:0] is not pipelined. Pipelining DSP48 input will improve performance.
Related violations: <none>

DPIP-2#176 Warning
Input pipelining  
DSP u_pw_unit/u_pw_mac0/p_0_out__29__0 input u_pw_unit/u_pw_mac0/p_0_out__29__0/B[17:0] is not pipelined. Pipelining DSP48 input will improve performance.
Related violations: <none>

DPIP-2#177 Warning
Input pipelining  
DSP u_pw_unit/u_pw_mac0/p_0_out__29__1 input u_pw_unit/u_pw_mac0/p_0_out__29__1/A[29:0] is not pipelined. Pipelining DSP48 input will improve performance.
Related violations: <none>

DPIP-2#178 Warning
Input pipelining  
DSP u_pw_unit/u_pw_mac0/p_0_out__29__1 input u_pw_unit/u_pw_mac0/p_0_out__29__1/B[17:0] is not pipelined. Pipelining DSP48 input will improve performance.
Related violations: <none>

DPIP-2#179 Warning
Input pipelining  
DSP u_pw_unit/u_pw_mac0/p_0_out__29__2 input u_pw_unit/u_pw_mac0/p_0_out__29__2/A[29:0] is not pipelined. Pipelining DSP48 input will improve performance.
Related violations: <none>

DPIP-2#180 Warning
Input pipelining  
DSP u_pw_unit/u_pw_mac0/p_0_out__29__2 input u_pw_unit/u_pw_mac0/p_0_out__29__2/B[17:0] is not pipelined. Pipelining DSP48 input will improve performance.
Related violations: <none>

DPIP-2#181 Warning
Input pipelining  
DSP u_pw_unit/u_pw_mac0/p_0_out__2__0 input u_pw_unit/u_pw_mac0/p_0_out__2__0/A[29:0] is not pipelined. Pipelining DSP48 input will improve performance.
Related violations: <none>

DPIP-2#182 Warning
Input pipelining  
DSP u_pw_unit/u_pw_mac0/p_0_out__2__0 input u_pw_unit/u_pw_mac0/p_0_out__2__0/B[17:0] is not pipelined. Pipelining DSP48 input will improve performance.
Related violations: <none>

DPIP-2#183 Warning
Input pipelining  
DSP u_pw_unit/u_pw_mac0/p_0_out__2__1 input u_pw_unit/u_pw_mac0/p_0_out__2__1/A[29:0] is not pipelined. Pipelining DSP48 input will improve performance.
Related violations: <none>

DPIP-2#184 Warning
Input pipelining  
DSP u_pw_unit/u_pw_mac0/p_0_out__2__1 input u_pw_unit/u_pw_mac0/p_0_out__2__1/B[17:0] is not pipelined. Pipelining DSP48 input will improve performance.
Related violations: <none>

DPIP-2#185 Warning
Input pipelining  
DSP u_pw_unit/u_pw_mac0/p_0_out__2__2 input u_pw_unit/u_pw_mac0/p_0_out__2__2/A[29:0] is not pipelined. Pipelining DSP48 input will improve performance.
Related violations: <none>

DPIP-2#186 Warning
Input pipelining  
DSP u_pw_unit/u_pw_mac0/p_0_out__2__2 input u_pw_unit/u_pw_mac0/p_0_out__2__2/B[17:0] is not pipelined. Pipelining DSP48 input will improve performance.
Related violations: <none>

DPIP-2#187 Warning
Input pipelining  
DSP u_pw_unit/u_pw_mac0/p_0_out__3 input u_pw_unit/u_pw_mac0/p_0_out__3/A[29:0] is not pipelined. Pipelining DSP48 input will improve performance.
Related violations: <none>

DPIP-2#188 Warning
Input pipelining  
DSP u_pw_unit/u_pw_mac0/p_0_out__3 input u_pw_unit/u_pw_mac0/p_0_out__3/B[17:0] is not pipelined. Pipelining DSP48 input will improve performance.
Related violations: <none>

DPIP-2#189 Warning
Input pipelining  
DSP u_pw_unit/u_pw_mac0/p_0_out__30 input u_pw_unit/u_pw_mac0/p_0_out__30/A[29:0] is not pipelined. Pipelining DSP48 input will improve performance.
Related violations: <none>

DPIP-2#190 Warning
Input pipelining  
DSP u_pw_unit/u_pw_mac0/p_0_out__30 input u_pw_unit/u_pw_mac0/p_0_out__30/B[17:0] is not pipelined. Pipelining DSP48 input will improve performance.
Related violations: <none>

DPIP-2#191 Warning
Input pipelining  
DSP u_pw_unit/u_pw_mac0/p_0_out__30__0 input u_pw_unit/u_pw_mac0/p_0_out__30__0/A[29:0] is not pipelined. Pipelining DSP48 input will improve performance.
Related violations: <none>

DPIP-2#192 Warning
Input pipelining  
DSP u_pw_unit/u_pw_mac0/p_0_out__30__0 input u_pw_unit/u_pw_mac0/p_0_out__30__0/B[17:0] is not pipelined. Pipelining DSP48 input will improve performance.
Related violations: <none>

DPIP-2#193 Warning
Input pipelining  
DSP u_pw_unit/u_pw_mac0/p_0_out__30__1 input u_pw_unit/u_pw_mac0/p_0_out__30__1/A[29:0] is not pipelined. Pipelining DSP48 input will improve performance.
Related violations: <none>

DPIP-2#194 Warning
Input pipelining  
DSP u_pw_unit/u_pw_mac0/p_0_out__30__1 input u_pw_unit/u_pw_mac0/p_0_out__30__1/B[17:0] is not pipelined. Pipelining DSP48 input will improve performance.
Related violations: <none>

DPIP-2#195 Warning
Input pipelining  
DSP u_pw_unit/u_pw_mac0/p_0_out__30__2 input u_pw_unit/u_pw_mac0/p_0_out__30__2/A[29:0] is not pipelined. Pipelining DSP48 input will improve performance.
Related violations: <none>

DPIP-2#196 Warning
Input pipelining  
DSP u_pw_unit/u_pw_mac0/p_0_out__30__2 input u_pw_unit/u_pw_mac0/p_0_out__30__2/B[17:0] is not pipelined. Pipelining DSP48 input will improve performance.
Related violations: <none>

DPIP-2#197 Warning
Input pipelining  
DSP u_pw_unit/u_pw_mac0/p_0_out__31 input u_pw_unit/u_pw_mac0/p_0_out__31/A[29:0] is not pipelined. Pipelining DSP48 input will improve performance.
Related violations: <none>

DPIP-2#198 Warning
Input pipelining  
DSP u_pw_unit/u_pw_mac0/p_0_out__31 input u_pw_unit/u_pw_mac0/p_0_out__31/B[17:0] is not pipelined. Pipelining DSP48 input will improve performance.
Related violations: <none>

DPIP-2#199 Warning
Input pipelining  
DSP u_pw_unit/u_pw_mac0/p_0_out__31__0 input u_pw_unit/u_pw_mac0/p_0_out__31__0/A[29:0] is not pipelined. Pipelining DSP48 input will improve performance.
Related violations: <none>

DPIP-2#200 Warning
Input pipelining  
DSP u_pw_unit/u_pw_mac0/p_0_out__31__0 input u_pw_unit/u_pw_mac0/p_0_out__31__0/B[17:0] is not pipelined. Pipelining DSP48 input will improve performance.
Related violations: <none>

DPIP-2#201 Warning
Input pipelining  
DSP u_pw_unit/u_pw_mac0/p_0_out__31__1 input u_pw_unit/u_pw_mac0/p_0_out__31__1/A[29:0] is not pipelined. Pipelining DSP48 input will improve performance.
Related violations: <none>

DPIP-2#202 Warning
Input pipelining  
DSP u_pw_unit/u_pw_mac0/p_0_out__31__1 input u_pw_unit/u_pw_mac0/p_0_out__31__1/B[17:0] is not pipelined. Pipelining DSP48 input will improve performance.
Related violations: <none>

DPIP-2#203 Warning
Input pipelining  
DSP u_pw_unit/u_pw_mac0/p_0_out__31__2 input u_pw_unit/u_pw_mac0/p_0_out__31__2/A[29:0] is not pipelined. Pipelining DSP48 input will improve performance.
Related violations: <none>

DPIP-2#204 Warning
Input pipelining  
DSP u_pw_unit/u_pw_mac0/p_0_out__31__2 input u_pw_unit/u_pw_mac0/p_0_out__31__2/B[17:0] is not pipelined. Pipelining DSP48 input will improve performance.
Related violations: <none>

DPIP-2#205 Warning
Input pipelining  
DSP u_pw_unit/u_pw_mac0/p_0_out__32 input u_pw_unit/u_pw_mac0/p_0_out__32/A[29:0] is not pipelined. Pipelining DSP48 input will improve performance.
Related violations: <none>

DPIP-2#206 Warning
Input pipelining  
DSP u_pw_unit/u_pw_mac0/p_0_out__32 input u_pw_unit/u_pw_mac0/p_0_out__32/B[17:0] is not pipelined. Pipelining DSP48 input will improve performance.
Related violations: <none>

DPIP-2#207 Warning
Input pipelining  
DSP u_pw_unit/u_pw_mac0/p_0_out__32__0 input u_pw_unit/u_pw_mac0/p_0_out__32__0/A[29:0] is not pipelined. Pipelining DSP48 input will improve performance.
Related violations: <none>

DPIP-2#208 Warning
Input pipelining  
DSP u_pw_unit/u_pw_mac0/p_0_out__32__0 input u_pw_unit/u_pw_mac0/p_0_out__32__0/B[17:0] is not pipelined. Pipelining DSP48 input will improve performance.
Related violations: <none>

DPIP-2#209 Warning
Input pipelining  
DSP u_pw_unit/u_pw_mac0/p_0_out__32__1 input u_pw_unit/u_pw_mac0/p_0_out__32__1/A[29:0] is not pipelined. Pipelining DSP48 input will improve performance.
Related violations: <none>

DPIP-2#210 Warning
Input pipelining  
DSP u_pw_unit/u_pw_mac0/p_0_out__32__1 input u_pw_unit/u_pw_mac0/p_0_out__32__1/B[17:0] is not pipelined. Pipelining DSP48 input will improve performance.
Related violations: <none>

DPIP-2#211 Warning
Input pipelining  
DSP u_pw_unit/u_pw_mac0/p_0_out__32__2 input u_pw_unit/u_pw_mac0/p_0_out__32__2/A[29:0] is not pipelined. Pipelining DSP48 input will improve performance.
Related violations: <none>

DPIP-2#212 Warning
Input pipelining  
DSP u_pw_unit/u_pw_mac0/p_0_out__32__2 input u_pw_unit/u_pw_mac0/p_0_out__32__2/B[17:0] is not pipelined. Pipelining DSP48 input will improve performance.
Related violations: <none>

DPIP-2#213 Warning
Input pipelining  
DSP u_pw_unit/u_pw_mac0/p_0_out__33 input u_pw_unit/u_pw_mac0/p_0_out__33/A[29:0] is not pipelined. Pipelining DSP48 input will improve performance.
Related violations: <none>

DPIP-2#214 Warning
Input pipelining  
DSP u_pw_unit/u_pw_mac0/p_0_out__33 input u_pw_unit/u_pw_mac0/p_0_out__33/B[17:0] is not pipelined. Pipelining DSP48 input will improve performance.
Related violations: <none>

DPIP-2#215 Warning
Input pipelining  
DSP u_pw_unit/u_pw_mac0/p_0_out__33__0 input u_pw_unit/u_pw_mac0/p_0_out__33__0/A[29:0] is not pipelined. Pipelining DSP48 input will improve performance.
Related violations: <none>

DPIP-2#216 Warning
Input pipelining  
DSP u_pw_unit/u_pw_mac0/p_0_out__33__0 input u_pw_unit/u_pw_mac0/p_0_out__33__0/B[17:0] is not pipelined. Pipelining DSP48 input will improve performance.
Related violations: <none>

DPIP-2#217 Warning
Input pipelining  
DSP u_pw_unit/u_pw_mac0/p_0_out__33__1 input u_pw_unit/u_pw_mac0/p_0_out__33__1/A[29:0] is not pipelined. Pipelining DSP48 input will improve performance.
Related violations: <none>

DPIP-2#218 Warning
Input pipelining  
DSP u_pw_unit/u_pw_mac0/p_0_out__33__1 input u_pw_unit/u_pw_mac0/p_0_out__33__1/B[17:0] is not pipelined. Pipelining DSP48 input will improve performance.
Related violations: <none>

DPIP-2#219 Warning
Input pipelining  
DSP u_pw_unit/u_pw_mac0/p_0_out__33__2 input u_pw_unit/u_pw_mac0/p_0_out__33__2/A[29:0] is not pipelined. Pipelining DSP48 input will improve performance.
Related violations: <none>

DPIP-2#220 Warning
Input pipelining  
DSP u_pw_unit/u_pw_mac0/p_0_out__33__2 input u_pw_unit/u_pw_mac0/p_0_out__33__2/B[17:0] is not pipelined. Pipelining DSP48 input will improve performance.
Related violations: <none>

DPIP-2#221 Warning
Input pipelining  
DSP u_pw_unit/u_pw_mac0/p_0_out__34 input u_pw_unit/u_pw_mac0/p_0_out__34/A[29:0] is not pipelined. Pipelining DSP48 input will improve performance.
Related violations: <none>

DPIP-2#222 Warning
Input pipelining  
DSP u_pw_unit/u_pw_mac0/p_0_out__34 input u_pw_unit/u_pw_mac0/p_0_out__34/B[17:0] is not pipelined. Pipelining DSP48 input will improve performance.
Related violations: <none>

DPIP-2#223 Warning
Input pipelining  
DSP u_pw_unit/u_pw_mac0/p_0_out__34__0 input u_pw_unit/u_pw_mac0/p_0_out__34__0/A[29:0] is not pipelined. Pipelining DSP48 input will improve performance.
Related violations: <none>

DPIP-2#224 Warning
Input pipelining  
DSP u_pw_unit/u_pw_mac0/p_0_out__34__0 input u_pw_unit/u_pw_mac0/p_0_out__34__0/B[17:0] is not pipelined. Pipelining DSP48 input will improve performance.
Related violations: <none>

DPIP-2#225 Warning
Input pipelining  
DSP u_pw_unit/u_pw_mac0/p_0_out__34__1 input u_pw_unit/u_pw_mac0/p_0_out__34__1/A[29:0] is not pipelined. Pipelining DSP48 input will improve performance.
Related violations: <none>

DPIP-2#226 Warning
Input pipelining  
DSP u_pw_unit/u_pw_mac0/p_0_out__34__1 input u_pw_unit/u_pw_mac0/p_0_out__34__1/B[17:0] is not pipelined. Pipelining DSP48 input will improve performance.
Related violations: <none>

DPIP-2#227 Warning
Input pipelining  
DSP u_pw_unit/u_pw_mac0/p_0_out__34__2 input u_pw_unit/u_pw_mac0/p_0_out__34__2/A[29:0] is not pipelined. Pipelining DSP48 input will improve performance.
Related violations: <none>

DPIP-2#228 Warning
Input pipelining  
DSP u_pw_unit/u_pw_mac0/p_0_out__34__2 input u_pw_unit/u_pw_mac0/p_0_out__34__2/B[17:0] is not pipelined. Pipelining DSP48 input will improve performance.
Related violations: <none>

DPIP-2#229 Warning
Input pipelining  
DSP u_pw_unit/u_pw_mac0/p_0_out__35 input u_pw_unit/u_pw_mac0/p_0_out__35/A[29:0] is not pipelined. Pipelining DSP48 input will improve performance.
Related violations: <none>

DPIP-2#230 Warning
Input pipelining  
DSP u_pw_unit/u_pw_mac0/p_0_out__35 input u_pw_unit/u_pw_mac0/p_0_out__35/B[17:0] is not pipelined. Pipelining DSP48 input will improve performance.
Related violations: <none>

DPIP-2#231 Warning
Input pipelining  
DSP u_pw_unit/u_pw_mac0/p_0_out__35__0 input u_pw_unit/u_pw_mac0/p_0_out__35__0/A[29:0] is not pipelined. Pipelining DSP48 input will improve performance.
Related violations: <none>

DPIP-2#232 Warning
Input pipelining  
DSP u_pw_unit/u_pw_mac0/p_0_out__35__0 input u_pw_unit/u_pw_mac0/p_0_out__35__0/B[17:0] is not pipelined. Pipelining DSP48 input will improve performance.
Related violations: <none>

DPIP-2#233 Warning
Input pipelining  
DSP u_pw_unit/u_pw_mac0/p_0_out__35__1 input u_pw_unit/u_pw_mac0/p_0_out__35__1/A[29:0] is not pipelined. Pipelining DSP48 input will improve performance.
Related violations: <none>

DPIP-2#234 Warning
Input pipelining  
DSP u_pw_unit/u_pw_mac0/p_0_out__35__1 input u_pw_unit/u_pw_mac0/p_0_out__35__1/B[17:0] is not pipelined. Pipelining DSP48 input will improve performance.
Related violations: <none>

DPIP-2#235 Warning
Input pipelining  
DSP u_pw_unit/u_pw_mac0/p_0_out__35__2 input u_pw_unit/u_pw_mac0/p_0_out__35__2/A[29:0] is not pipelined. Pipelining DSP48 input will improve performance.
Related violations: <none>

DPIP-2#236 Warning
Input pipelining  
DSP u_pw_unit/u_pw_mac0/p_0_out__35__2 input u_pw_unit/u_pw_mac0/p_0_out__35__2/B[17:0] is not pipelined. Pipelining DSP48 input will improve performance.
Related violations: <none>

DPIP-2#237 Warning
Input pipelining  
DSP u_pw_unit/u_pw_mac0/p_0_out__36 input u_pw_unit/u_pw_mac0/p_0_out__36/A[29:0] is not pipelined. Pipelining DSP48 input will improve performance.
Related violations: <none>

DPIP-2#238 Warning
Input pipelining  
DSP u_pw_unit/u_pw_mac0/p_0_out__36 input u_pw_unit/u_pw_mac0/p_0_out__36/B[17:0] is not pipelined. Pipelining DSP48 input will improve performance.
Related violations: <none>

DPIP-2#239 Warning
Input pipelining  
DSP u_pw_unit/u_pw_mac0/p_0_out__36__0 input u_pw_unit/u_pw_mac0/p_0_out__36__0/A[29:0] is not pipelined. Pipelining DSP48 input will improve performance.
Related violations: <none>

DPIP-2#240 Warning
Input pipelining  
DSP u_pw_unit/u_pw_mac0/p_0_out__36__0 input u_pw_unit/u_pw_mac0/p_0_out__36__0/B[17:0] is not pipelined. Pipelining DSP48 input will improve performance.
Related violations: <none>

DPIP-2#241 Warning
Input pipelining  
DSP u_pw_unit/u_pw_mac0/p_0_out__36__1 input u_pw_unit/u_pw_mac0/p_0_out__36__1/A[29:0] is not pipelined. Pipelining DSP48 input will improve performance.
Related violations: <none>

DPIP-2#242 Warning
Input pipelining  
DSP u_pw_unit/u_pw_mac0/p_0_out__36__1 input u_pw_unit/u_pw_mac0/p_0_out__36__1/B[17:0] is not pipelined. Pipelining DSP48 input will improve performance.
Related violations: <none>

DPIP-2#243 Warning
Input pipelining  
DSP u_pw_unit/u_pw_mac0/p_0_out__36__2 input u_pw_unit/u_pw_mac0/p_0_out__36__2/A[29:0] is not pipelined. Pipelining DSP48 input will improve performance.
Related violations: <none>

DPIP-2#244 Warning
Input pipelining  
DSP u_pw_unit/u_pw_mac0/p_0_out__36__2 input u_pw_unit/u_pw_mac0/p_0_out__36__2/B[17:0] is not pipelined. Pipelining DSP48 input will improve performance.
Related violations: <none>

DPIP-2#245 Warning
Input pipelining  
DSP u_pw_unit/u_pw_mac0/p_0_out__37 input u_pw_unit/u_pw_mac0/p_0_out__37/A[29:0] is not pipelined. Pipelining DSP48 input will improve performance.
Related violations: <none>

DPIP-2#246 Warning
Input pipelining  
DSP u_pw_unit/u_pw_mac0/p_0_out__37 input u_pw_unit/u_pw_mac0/p_0_out__37/B[17:0] is not pipelined. Pipelining DSP48 input will improve performance.
Related violations: <none>

DPIP-2#247 Warning
Input pipelining  
DSP u_pw_unit/u_pw_mac0/p_0_out__37__0 input u_pw_unit/u_pw_mac0/p_0_out__37__0/A[29:0] is not pipelined. Pipelining DSP48 input will improve performance.
Related violations: <none>

DPIP-2#248 Warning
Input pipelining  
DSP u_pw_unit/u_pw_mac0/p_0_out__37__0 input u_pw_unit/u_pw_mac0/p_0_out__37__0/B[17:0] is not pipelined. Pipelining DSP48 input will improve performance.
Related violations: <none>

DPIP-2#249 Warning
Input pipelining  
DSP u_pw_unit/u_pw_mac0/p_0_out__37__1 input u_pw_unit/u_pw_mac0/p_0_out__37__1/A[29:0] is not pipelined. Pipelining DSP48 input will improve performance.
Related violations: <none>

DPIP-2#250 Warning
Input pipelining  
DSP u_pw_unit/u_pw_mac0/p_0_out__37__1 input u_pw_unit/u_pw_mac0/p_0_out__37__1/B[17:0] is not pipelined. Pipelining DSP48 input will improve performance.
Related violations: <none>

DPIP-2#251 Warning
Input pipelining  
DSP u_pw_unit/u_pw_mac0/p_0_out__37__2 input u_pw_unit/u_pw_mac0/p_0_out__37__2/A[29:0] is not pipelined. Pipelining DSP48 input will improve performance.
Related violations: <none>

DPIP-2#252 Warning
Input pipelining  
DSP u_pw_unit/u_pw_mac0/p_0_out__37__2 input u_pw_unit/u_pw_mac0/p_0_out__37__2/B[17:0] is not pipelined. Pipelining DSP48 input will improve performance.
Related violations: <none>

DPIP-2#253 Warning
Input pipelining  
DSP u_pw_unit/u_pw_mac0/p_0_out__38 input u_pw_unit/u_pw_mac0/p_0_out__38/A[29:0] is not pipelined. Pipelining DSP48 input will improve performance.
Related violations: <none>

DPIP-2#254 Warning
Input pipelining  
DSP u_pw_unit/u_pw_mac0/p_0_out__38 input u_pw_unit/u_pw_mac0/p_0_out__38/B[17:0] is not pipelined. Pipelining DSP48 input will improve performance.
Related violations: <none>

DPIP-2#255 Warning
Input pipelining  
DSP u_pw_unit/u_pw_mac0/p_0_out__38__0 input u_pw_unit/u_pw_mac0/p_0_out__38__0/A[29:0] is not pipelined. Pipelining DSP48 input will improve performance.
Related violations: <none>

DPIP-2#256 Warning
Input pipelining  
DSP u_pw_unit/u_pw_mac0/p_0_out__38__0 input u_pw_unit/u_pw_mac0/p_0_out__38__0/B[17:0] is not pipelined. Pipelining DSP48 input will improve performance.
Related violations: <none>

DPIP-2#257 Warning
Input pipelining  
DSP u_pw_unit/u_pw_mac0/p_0_out__38__1 input u_pw_unit/u_pw_mac0/p_0_out__38__1/A[29:0] is not pipelined. Pipelining DSP48 input will improve performance.
Related violations: <none>

DPIP-2#258 Warning
Input pipelining  
DSP u_pw_unit/u_pw_mac0/p_0_out__38__1 input u_pw_unit/u_pw_mac0/p_0_out__38__1/B[17:0] is not pipelined. Pipelining DSP48 input will improve performance.
Related violations: <none>

DPIP-2#259 Warning
Input pipelining  
DSP u_pw_unit/u_pw_mac0/p_0_out__38__2 input u_pw_unit/u_pw_mac0/p_0_out__38__2/A[29:0] is not pipelined. Pipelining DSP48 input will improve performance.
Related violations: <none>

DPIP-2#260 Warning
Input pipelining  
DSP u_pw_unit/u_pw_mac0/p_0_out__38__2 input u_pw_unit/u_pw_mac0/p_0_out__38__2/B[17:0] is not pipelined. Pipelining DSP48 input will improve performance.
Related violations: <none>

DPIP-2#261 Warning
Input pipelining  
DSP u_pw_unit/u_pw_mac0/p_0_out__39 input u_pw_unit/u_pw_mac0/p_0_out__39/A[29:0] is not pipelined. Pipelining DSP48 input will improve performance.
Related violations: <none>

DPIP-2#262 Warning
Input pipelining  
DSP u_pw_unit/u_pw_mac0/p_0_out__39 input u_pw_unit/u_pw_mac0/p_0_out__39/B[17:0] is not pipelined. Pipelining DSP48 input will improve performance.
Related violations: <none>

DPIP-2#263 Warning
Input pipelining  
DSP u_pw_unit/u_pw_mac0/p_0_out__39__0 input u_pw_unit/u_pw_mac0/p_0_out__39__0/A[29:0] is not pipelined. Pipelining DSP48 input will improve performance.
Related violations: <none>

DPIP-2#264 Warning
Input pipelining  
DSP u_pw_unit/u_pw_mac0/p_0_out__39__0 input u_pw_unit/u_pw_mac0/p_0_out__39__0/B[17:0] is not pipelined. Pipelining DSP48 input will improve performance.
Related violations: <none>

DPIP-2#265 Warning
Input pipelining  
DSP u_pw_unit/u_pw_mac0/p_0_out__39__1 input u_pw_unit/u_pw_mac0/p_0_out__39__1/A[29:0] is not pipelined. Pipelining DSP48 input will improve performance.
Related violations: <none>

DPIP-2#266 Warning
Input pipelining  
DSP u_pw_unit/u_pw_mac0/p_0_out__39__1 input u_pw_unit/u_pw_mac0/p_0_out__39__1/B[17:0] is not pipelined. Pipelining DSP48 input will improve performance.
Related violations: <none>

DPIP-2#267 Warning
Input pipelining  
DSP u_pw_unit/u_pw_mac0/p_0_out__39__2 input u_pw_unit/u_pw_mac0/p_0_out__39__2/A[29:0] is not pipelined. Pipelining DSP48 input will improve performance.
Related violations: <none>

DPIP-2#268 Warning
Input pipelining  
DSP u_pw_unit/u_pw_mac0/p_0_out__39__2 input u_pw_unit/u_pw_mac0/p_0_out__39__2/B[17:0] is not pipelined. Pipelining DSP48 input will improve performance.
Related violations: <none>

DPIP-2#269 Warning
Input pipelining  
DSP u_pw_unit/u_pw_mac0/p_0_out__3__0 input u_pw_unit/u_pw_mac0/p_0_out__3__0/A[29:0] is not pipelined. Pipelining DSP48 input will improve performance.
Related violations: <none>

DPIP-2#270 Warning
Input pipelining  
DSP u_pw_unit/u_pw_mac0/p_0_out__3__0 input u_pw_unit/u_pw_mac0/p_0_out__3__0/B[17:0] is not pipelined. Pipelining DSP48 input will improve performance.
Related violations: <none>

DPIP-2#271 Warning
Input pipelining  
DSP u_pw_unit/u_pw_mac0/p_0_out__3__1 input u_pw_unit/u_pw_mac0/p_0_out__3__1/A[29:0] is not pipelined. Pipelining DSP48 input will improve performance.
Related violations: <none>

DPIP-2#272 Warning
Input pipelining  
DSP u_pw_unit/u_pw_mac0/p_0_out__3__1 input u_pw_unit/u_pw_mac0/p_0_out__3__1/B[17:0] is not pipelined. Pipelining DSP48 input will improve performance.
Related violations: <none>

DPIP-2#273 Warning
Input pipelining  
DSP u_pw_unit/u_pw_mac0/p_0_out__3__2 input u_pw_unit/u_pw_mac0/p_0_out__3__2/A[29:0] is not pipelined. Pipelining DSP48 input will improve performance.
Related violations: <none>

DPIP-2#274 Warning
Input pipelining  
DSP u_pw_unit/u_pw_mac0/p_0_out__3__2 input u_pw_unit/u_pw_mac0/p_0_out__3__2/B[17:0] is not pipelined. Pipelining DSP48 input will improve performance.
Related violations: <none>

DPIP-2#275 Warning
Input pipelining  
DSP u_pw_unit/u_pw_mac0/p_0_out__4 input u_pw_unit/u_pw_mac0/p_0_out__4/A[29:0] is not pipelined. Pipelining DSP48 input will improve performance.
Related violations: <none>

DPIP-2#276 Warning
Input pipelining  
DSP u_pw_unit/u_pw_mac0/p_0_out__4 input u_pw_unit/u_pw_mac0/p_0_out__4/B[17:0] is not pipelined. Pipelining DSP48 input will improve performance.
Related violations: <none>

DPIP-2#277 Warning
Input pipelining  
DSP u_pw_unit/u_pw_mac0/p_0_out__40 input u_pw_unit/u_pw_mac0/p_0_out__40/A[29:0] is not pipelined. Pipelining DSP48 input will improve performance.
Related violations: <none>

DPIP-2#278 Warning
Input pipelining  
DSP u_pw_unit/u_pw_mac0/p_0_out__40 input u_pw_unit/u_pw_mac0/p_0_out__40/B[17:0] is not pipelined. Pipelining DSP48 input will improve performance.
Related violations: <none>

DPIP-2#279 Warning
Input pipelining  
DSP u_pw_unit/u_pw_mac0/p_0_out__40__0 input u_pw_unit/u_pw_mac0/p_0_out__40__0/A[29:0] is not pipelined. Pipelining DSP48 input will improve performance.
Related violations: <none>

DPIP-2#280 Warning
Input pipelining  
DSP u_pw_unit/u_pw_mac0/p_0_out__40__0 input u_pw_unit/u_pw_mac0/p_0_out__40__0/B[17:0] is not pipelined. Pipelining DSP48 input will improve performance.
Related violations: <none>

DPIP-2#281 Warning
Input pipelining  
DSP u_pw_unit/u_pw_mac0/p_0_out__40__1 input u_pw_unit/u_pw_mac0/p_0_out__40__1/A[29:0] is not pipelined. Pipelining DSP48 input will improve performance.
Related violations: <none>

DPIP-2#282 Warning
Input pipelining  
DSP u_pw_unit/u_pw_mac0/p_0_out__40__1 input u_pw_unit/u_pw_mac0/p_0_out__40__1/B[17:0] is not pipelined. Pipelining DSP48 input will improve performance.
Related violations: <none>

DPIP-2#283 Warning
Input pipelining  
DSP u_pw_unit/u_pw_mac0/p_0_out__40__2 input u_pw_unit/u_pw_mac0/p_0_out__40__2/A[29:0] is not pipelined. Pipelining DSP48 input will improve performance.
Related violations: <none>

DPIP-2#284 Warning
Input pipelining  
DSP u_pw_unit/u_pw_mac0/p_0_out__40__2 input u_pw_unit/u_pw_mac0/p_0_out__40__2/B[17:0] is not pipelined. Pipelining DSP48 input will improve performance.
Related violations: <none>

DPIP-2#285 Warning
Input pipelining  
DSP u_pw_unit/u_pw_mac0/p_0_out__41 input u_pw_unit/u_pw_mac0/p_0_out__41/A[29:0] is not pipelined. Pipelining DSP48 input will improve performance.
Related violations: <none>

DPIP-2#286 Warning
Input pipelining  
DSP u_pw_unit/u_pw_mac0/p_0_out__41 input u_pw_unit/u_pw_mac0/p_0_out__41/B[17:0] is not pipelined. Pipelining DSP48 input will improve performance.
Related violations: <none>

DPIP-2#287 Warning
Input pipelining  
DSP u_pw_unit/u_pw_mac0/p_0_out__41__0 input u_pw_unit/u_pw_mac0/p_0_out__41__0/A[29:0] is not pipelined. Pipelining DSP48 input will improve performance.
Related violations: <none>

DPIP-2#288 Warning
Input pipelining  
DSP u_pw_unit/u_pw_mac0/p_0_out__41__0 input u_pw_unit/u_pw_mac0/p_0_out__41__0/B[17:0] is not pipelined. Pipelining DSP48 input will improve performance.
Related violations: <none>

DPIP-2#289 Warning
Input pipelining  
DSP u_pw_unit/u_pw_mac0/p_0_out__41__1 input u_pw_unit/u_pw_mac0/p_0_out__41__1/A[29:0] is not pipelined. Pipelining DSP48 input will improve performance.
Related violations: <none>

DPIP-2#290 Warning
Input pipelining  
DSP u_pw_unit/u_pw_mac0/p_0_out__41__1 input u_pw_unit/u_pw_mac0/p_0_out__41__1/B[17:0] is not pipelined. Pipelining DSP48 input will improve performance.
Related violations: <none>

DPIP-2#291 Warning
Input pipelining  
DSP u_pw_unit/u_pw_mac0/p_0_out__41__2 input u_pw_unit/u_pw_mac0/p_0_out__41__2/A[29:0] is not pipelined. Pipelining DSP48 input will improve performance.
Related violations: <none>

DPIP-2#292 Warning
Input pipelining  
DSP u_pw_unit/u_pw_mac0/p_0_out__41__2 input u_pw_unit/u_pw_mac0/p_0_out__41__2/B[17:0] is not pipelined. Pipelining DSP48 input will improve performance.
Related violations: <none>

DPIP-2#293 Warning
Input pipelining  
DSP u_pw_unit/u_pw_mac0/p_0_out__42 input u_pw_unit/u_pw_mac0/p_0_out__42/A[29:0] is not pipelined. Pipelining DSP48 input will improve performance.
Related violations: <none>

DPIP-2#294 Warning
Input pipelining  
DSP u_pw_unit/u_pw_mac0/p_0_out__42 input u_pw_unit/u_pw_mac0/p_0_out__42/B[17:0] is not pipelined. Pipelining DSP48 input will improve performance.
Related violations: <none>

DPIP-2#295 Warning
Input pipelining  
DSP u_pw_unit/u_pw_mac0/p_0_out__42__0 input u_pw_unit/u_pw_mac0/p_0_out__42__0/A[29:0] is not pipelined. Pipelining DSP48 input will improve performance.
Related violations: <none>

DPIP-2#296 Warning
Input pipelining  
DSP u_pw_unit/u_pw_mac0/p_0_out__42__0 input u_pw_unit/u_pw_mac0/p_0_out__42__0/B[17:0] is not pipelined. Pipelining DSP48 input will improve performance.
Related violations: <none>

DPIP-2#297 Warning
Input pipelining  
DSP u_pw_unit/u_pw_mac0/p_0_out__42__1 input u_pw_unit/u_pw_mac0/p_0_out__42__1/A[29:0] is not pipelined. Pipelining DSP48 input will improve performance.
Related violations: <none>

DPIP-2#298 Warning
Input pipelining  
DSP u_pw_unit/u_pw_mac0/p_0_out__42__1 input u_pw_unit/u_pw_mac0/p_0_out__42__1/B[17:0] is not pipelined. Pipelining DSP48 input will improve performance.
Related violations: <none>

DPIP-2#299 Warning
Input pipelining  
DSP u_pw_unit/u_pw_mac0/p_0_out__42__2 input u_pw_unit/u_pw_mac0/p_0_out__42__2/A[29:0] is not pipelined. Pipelining DSP48 input will improve performance.
Related violations: <none>

DPIP-2#300 Warning
Input pipelining  
DSP u_pw_unit/u_pw_mac0/p_0_out__42__2 input u_pw_unit/u_pw_mac0/p_0_out__42__2/B[17:0] is not pipelined. Pipelining DSP48 input will improve performance.
Related violations: <none>

DPIP-2#301 Warning
Input pipelining  
DSP u_pw_unit/u_pw_mac0/p_0_out__43 input u_pw_unit/u_pw_mac0/p_0_out__43/A[29:0] is not pipelined. Pipelining DSP48 input will improve performance.
Related violations: <none>

DPIP-2#302 Warning
Input pipelining  
DSP u_pw_unit/u_pw_mac0/p_0_out__43 input u_pw_unit/u_pw_mac0/p_0_out__43/B[17:0] is not pipelined. Pipelining DSP48 input will improve performance.
Related violations: <none>

DPIP-2#303 Warning
Input pipelining  
DSP u_pw_unit/u_pw_mac0/p_0_out__43__0 input u_pw_unit/u_pw_mac0/p_0_out__43__0/A[29:0] is not pipelined. Pipelining DSP48 input will improve performance.
Related violations: <none>

DPIP-2#304 Warning
Input pipelining  
DSP u_pw_unit/u_pw_mac0/p_0_out__43__0 input u_pw_unit/u_pw_mac0/p_0_out__43__0/B[17:0] is not pipelined. Pipelining DSP48 input will improve performance.
Related violations: <none>

DPIP-2#305 Warning
Input pipelining  
DSP u_pw_unit/u_pw_mac0/p_0_out__43__1 input u_pw_unit/u_pw_mac0/p_0_out__43__1/A[29:0] is not pipelined. Pipelining DSP48 input will improve performance.
Related violations: <none>

DPIP-2#306 Warning
Input pipelining  
DSP u_pw_unit/u_pw_mac0/p_0_out__43__1 input u_pw_unit/u_pw_mac0/p_0_out__43__1/B[17:0] is not pipelined. Pipelining DSP48 input will improve performance.
Related violations: <none>

DPIP-2#307 Warning
Input pipelining  
DSP u_pw_unit/u_pw_mac0/p_0_out__43__2 input u_pw_unit/u_pw_mac0/p_0_out__43__2/A[29:0] is not pipelined. Pipelining DSP48 input will improve performance.
Related violations: <none>

DPIP-2#308 Warning
Input pipelining  
DSP u_pw_unit/u_pw_mac0/p_0_out__43__2 input u_pw_unit/u_pw_mac0/p_0_out__43__2/B[17:0] is not pipelined. Pipelining DSP48 input will improve performance.
Related violations: <none>

DPIP-2#309 Warning
Input pipelining  
DSP u_pw_unit/u_pw_mac0/p_0_out__44 input u_pw_unit/u_pw_mac0/p_0_out__44/A[29:0] is not pipelined. Pipelining DSP48 input will improve performance.
Related violations: <none>

DPIP-2#310 Warning
Input pipelining  
DSP u_pw_unit/u_pw_mac0/p_0_out__44 input u_pw_unit/u_pw_mac0/p_0_out__44/B[17:0] is not pipelined. Pipelining DSP48 input will improve performance.
Related violations: <none>

DPIP-2#311 Warning
Input pipelining  
DSP u_pw_unit/u_pw_mac0/p_0_out__44__0 input u_pw_unit/u_pw_mac0/p_0_out__44__0/A[29:0] is not pipelined. Pipelining DSP48 input will improve performance.
Related violations: <none>

DPIP-2#312 Warning
Input pipelining  
DSP u_pw_unit/u_pw_mac0/p_0_out__44__0 input u_pw_unit/u_pw_mac0/p_0_out__44__0/B[17:0] is not pipelined. Pipelining DSP48 input will improve performance.
Related violations: <none>

DPIP-2#313 Warning
Input pipelining  
DSP u_pw_unit/u_pw_mac0/p_0_out__44__1 input u_pw_unit/u_pw_mac0/p_0_out__44__1/A[29:0] is not pipelined. Pipelining DSP48 input will improve performance.
Related violations: <none>

DPIP-2#314 Warning
Input pipelining  
DSP u_pw_unit/u_pw_mac0/p_0_out__44__1 input u_pw_unit/u_pw_mac0/p_0_out__44__1/B[17:0] is not pipelined. Pipelining DSP48 input will improve performance.
Related violations: <none>

DPIP-2#315 Warning
Input pipelining  
DSP u_pw_unit/u_pw_mac0/p_0_out__44__2 input u_pw_unit/u_pw_mac0/p_0_out__44__2/A[29:0] is not pipelined. Pipelining DSP48 input will improve performance.
Related violations: <none>

DPIP-2#316 Warning
Input pipelining  
DSP u_pw_unit/u_pw_mac0/p_0_out__44__2 input u_pw_unit/u_pw_mac0/p_0_out__44__2/B[17:0] is not pipelined. Pipelining DSP48 input will improve performance.
Related violations: <none>

DPIP-2#317 Warning
Input pipelining  
DSP u_pw_unit/u_pw_mac0/p_0_out__45 input u_pw_unit/u_pw_mac0/p_0_out__45/A[29:0] is not pipelined. Pipelining DSP48 input will improve performance.
Related violations: <none>

DPIP-2#318 Warning
Input pipelining  
DSP u_pw_unit/u_pw_mac0/p_0_out__45 input u_pw_unit/u_pw_mac0/p_0_out__45/B[17:0] is not pipelined. Pipelining DSP48 input will improve performance.
Related violations: <none>

DPIP-2#319 Warning
Input pipelining  
DSP u_pw_unit/u_pw_mac0/p_0_out__45__0 input u_pw_unit/u_pw_mac0/p_0_out__45__0/A[29:0] is not pipelined. Pipelining DSP48 input will improve performance.
Related violations: <none>

DPIP-2#320 Warning
Input pipelining  
DSP u_pw_unit/u_pw_mac0/p_0_out__45__0 input u_pw_unit/u_pw_mac0/p_0_out__45__0/B[17:0] is not pipelined. Pipelining DSP48 input will improve performance.
Related violations: <none>

DPIP-2#321 Warning
Input pipelining  
DSP u_pw_unit/u_pw_mac0/p_0_out__45__1 input u_pw_unit/u_pw_mac0/p_0_out__45__1/A[29:0] is not pipelined. Pipelining DSP48 input will improve performance.
Related violations: <none>

DPIP-2#322 Warning
Input pipelining  
DSP u_pw_unit/u_pw_mac0/p_0_out__45__1 input u_pw_unit/u_pw_mac0/p_0_out__45__1/B[17:0] is not pipelined. Pipelining DSP48 input will improve performance.
Related violations: <none>

DPIP-2#323 Warning
Input pipelining  
DSP u_pw_unit/u_pw_mac0/p_0_out__45__2 input u_pw_unit/u_pw_mac0/p_0_out__45__2/A[29:0] is not pipelined. Pipelining DSP48 input will improve performance.
Related violations: <none>

DPIP-2#324 Warning
Input pipelining  
DSP u_pw_unit/u_pw_mac0/p_0_out__45__2 input u_pw_unit/u_pw_mac0/p_0_out__45__2/B[17:0] is not pipelined. Pipelining DSP48 input will improve performance.
Related violations: <none>

DPIP-2#325 Warning
Input pipelining  
DSP u_pw_unit/u_pw_mac0/p_0_out__46 input u_pw_unit/u_pw_mac0/p_0_out__46/A[29:0] is not pipelined. Pipelining DSP48 input will improve performance.
Related violations: <none>

DPIP-2#326 Warning
Input pipelining  
DSP u_pw_unit/u_pw_mac0/p_0_out__46 input u_pw_unit/u_pw_mac0/p_0_out__46/B[17:0] is not pipelined. Pipelining DSP48 input will improve performance.
Related violations: <none>

DPIP-2#327 Warning
Input pipelining  
DSP u_pw_unit/u_pw_mac0/p_0_out__46__0 input u_pw_unit/u_pw_mac0/p_0_out__46__0/A[29:0] is not pipelined. Pipelining DSP48 input will improve performance.
Related violations: <none>

DPIP-2#328 Warning
Input pipelining  
DSP u_pw_unit/u_pw_mac0/p_0_out__46__0 input u_pw_unit/u_pw_mac0/p_0_out__46__0/B[17:0] is not pipelined. Pipelining DSP48 input will improve performance.
Related violations: <none>

DPIP-2#329 Warning
Input pipelining  
DSP u_pw_unit/u_pw_mac0/p_0_out__46__1 input u_pw_unit/u_pw_mac0/p_0_out__46__1/A[29:0] is not pipelined. Pipelining DSP48 input will improve performance.
Related violations: <none>

DPIP-2#330 Warning
Input pipelining  
DSP u_pw_unit/u_pw_mac0/p_0_out__46__1 input u_pw_unit/u_pw_mac0/p_0_out__46__1/B[17:0] is not pipelined. Pipelining DSP48 input will improve performance.
Related violations: <none>

DPIP-2#331 Warning
Input pipelining  
DSP u_pw_unit/u_pw_mac0/p_0_out__46__2 input u_pw_unit/u_pw_mac0/p_0_out__46__2/A[29:0] is not pipelined. Pipelining DSP48 input will improve performance.
Related violations: <none>

DPIP-2#332 Warning
Input pipelining  
DSP u_pw_unit/u_pw_mac0/p_0_out__46__2 input u_pw_unit/u_pw_mac0/p_0_out__46__2/B[17:0] is not pipelined. Pipelining DSP48 input will improve performance.
Related violations: <none>

DPIP-2#333 Warning
Input pipelining  
DSP u_pw_unit/u_pw_mac0/p_0_out__47 input u_pw_unit/u_pw_mac0/p_0_out__47/A[29:0] is not pipelined. Pipelining DSP48 input will improve performance.
Related violations: <none>

DPIP-2#334 Warning
Input pipelining  
DSP u_pw_unit/u_pw_mac0/p_0_out__47 input u_pw_unit/u_pw_mac0/p_0_out__47/B[17:0] is not pipelined. Pipelining DSP48 input will improve performance.
Related violations: <none>

DPIP-2#335 Warning
Input pipelining  
DSP u_pw_unit/u_pw_mac0/p_0_out__47__0 input u_pw_unit/u_pw_mac0/p_0_out__47__0/A[29:0] is not pipelined. Pipelining DSP48 input will improve performance.
Related violations: <none>

DPIP-2#336 Warning
Input pipelining  
DSP u_pw_unit/u_pw_mac0/p_0_out__47__0 input u_pw_unit/u_pw_mac0/p_0_out__47__0/B[17:0] is not pipelined. Pipelining DSP48 input will improve performance.
Related violations: <none>

DPIP-2#337 Warning
Input pipelining  
DSP u_pw_unit/u_pw_mac0/p_0_out__47__1 input u_pw_unit/u_pw_mac0/p_0_out__47__1/A[29:0] is not pipelined. Pipelining DSP48 input will improve performance.
Related violations: <none>

DPIP-2#338 Warning
Input pipelining  
DSP u_pw_unit/u_pw_mac0/p_0_out__47__1 input u_pw_unit/u_pw_mac0/p_0_out__47__1/B[17:0] is not pipelined. Pipelining DSP48 input will improve performance.
Related violations: <none>

DPIP-2#339 Warning
Input pipelining  
DSP u_pw_unit/u_pw_mac0/p_0_out__47__2 input u_pw_unit/u_pw_mac0/p_0_out__47__2/A[29:0] is not pipelined. Pipelining DSP48 input will improve performance.
Related violations: <none>

DPIP-2#340 Warning
Input pipelining  
DSP u_pw_unit/u_pw_mac0/p_0_out__47__2 input u_pw_unit/u_pw_mac0/p_0_out__47__2/B[17:0] is not pipelined. Pipelining DSP48 input will improve performance.
Related violations: <none>

DPIP-2#341 Warning
Input pipelining  
DSP u_pw_unit/u_pw_mac0/p_0_out__48 input u_pw_unit/u_pw_mac0/p_0_out__48/A[29:0] is not pipelined. Pipelining DSP48 input will improve performance.
Related violations: <none>

DPIP-2#342 Warning
Input pipelining  
DSP u_pw_unit/u_pw_mac0/p_0_out__48 input u_pw_unit/u_pw_mac0/p_0_out__48/B[17:0] is not pipelined. Pipelining DSP48 input will improve performance.
Related violations: <none>

DPIP-2#343 Warning
Input pipelining  
DSP u_pw_unit/u_pw_mac0/p_0_out__48__0 input u_pw_unit/u_pw_mac0/p_0_out__48__0/A[29:0] is not pipelined. Pipelining DSP48 input will improve performance.
Related violations: <none>

DPIP-2#344 Warning
Input pipelining  
DSP u_pw_unit/u_pw_mac0/p_0_out__48__0 input u_pw_unit/u_pw_mac0/p_0_out__48__0/B[17:0] is not pipelined. Pipelining DSP48 input will improve performance.
Related violations: <none>

DPIP-2#345 Warning
Input pipelining  
DSP u_pw_unit/u_pw_mac0/p_0_out__48__1 input u_pw_unit/u_pw_mac0/p_0_out__48__1/A[29:0] is not pipelined. Pipelining DSP48 input will improve performance.
Related violations: <none>

DPIP-2#346 Warning
Input pipelining  
DSP u_pw_unit/u_pw_mac0/p_0_out__48__1 input u_pw_unit/u_pw_mac0/p_0_out__48__1/B[17:0] is not pipelined. Pipelining DSP48 input will improve performance.
Related violations: <none>

DPIP-2#347 Warning
Input pipelining  
DSP u_pw_unit/u_pw_mac0/p_0_out__48__2 input u_pw_unit/u_pw_mac0/p_0_out__48__2/A[29:0] is not pipelined. Pipelining DSP48 input will improve performance.
Related violations: <none>

DPIP-2#348 Warning
Input pipelining  
DSP u_pw_unit/u_pw_mac0/p_0_out__48__2 input u_pw_unit/u_pw_mac0/p_0_out__48__2/B[17:0] is not pipelined. Pipelining DSP48 input will improve performance.
Related violations: <none>

DPIP-2#349 Warning
Input pipelining  
DSP u_pw_unit/u_pw_mac0/p_0_out__49 input u_pw_unit/u_pw_mac0/p_0_out__49/A[29:0] is not pipelined. Pipelining DSP48 input will improve performance.
Related violations: <none>

DPIP-2#350 Warning
Input pipelining  
DSP u_pw_unit/u_pw_mac0/p_0_out__49 input u_pw_unit/u_pw_mac0/p_0_out__49/B[17:0] is not pipelined. Pipelining DSP48 input will improve performance.
Related violations: <none>

DPIP-2#351 Warning
Input pipelining  
DSP u_pw_unit/u_pw_mac0/p_0_out__49__0 input u_pw_unit/u_pw_mac0/p_0_out__49__0/A[29:0] is not pipelined. Pipelining DSP48 input will improve performance.
Related violations: <none>

DPIP-2#352 Warning
Input pipelining  
DSP u_pw_unit/u_pw_mac0/p_0_out__49__0 input u_pw_unit/u_pw_mac0/p_0_out__49__0/B[17:0] is not pipelined. Pipelining DSP48 input will improve performance.
Related violations: <none>

DPIP-2#353 Warning
Input pipelining  
DSP u_pw_unit/u_pw_mac0/p_0_out__49__1 input u_pw_unit/u_pw_mac0/p_0_out__49__1/A[29:0] is not pipelined. Pipelining DSP48 input will improve performance.
Related violations: <none>

DPIP-2#354 Warning
Input pipelining  
DSP u_pw_unit/u_pw_mac0/p_0_out__49__1 input u_pw_unit/u_pw_mac0/p_0_out__49__1/B[17:0] is not pipelined. Pipelining DSP48 input will improve performance.
Related violations: <none>

DPIP-2#355 Warning
Input pipelining  
DSP u_pw_unit/u_pw_mac0/p_0_out__49__2 input u_pw_unit/u_pw_mac0/p_0_out__49__2/A[29:0] is not pipelined. Pipelining DSP48 input will improve performance.
Related violations: <none>

DPIP-2#356 Warning
Input pipelining  
DSP u_pw_unit/u_pw_mac0/p_0_out__49__2 input u_pw_unit/u_pw_mac0/p_0_out__49__2/B[17:0] is not pipelined. Pipelining DSP48 input will improve performance.
Related violations: <none>

DPIP-2#357 Warning
Input pipelining  
DSP u_pw_unit/u_pw_mac0/p_0_out__4__0 input u_pw_unit/u_pw_mac0/p_0_out__4__0/A[29:0] is not pipelined. Pipelining DSP48 input will improve performance.
Related violations: <none>

DPIP-2#358 Warning
Input pipelining  
DSP u_pw_unit/u_pw_mac0/p_0_out__4__0 input u_pw_unit/u_pw_mac0/p_0_out__4__0/B[17:0] is not pipelined. Pipelining DSP48 input will improve performance.
Related violations: <none>

DPIP-2#359 Warning
Input pipelining  
DSP u_pw_unit/u_pw_mac0/p_0_out__4__1 input u_pw_unit/u_pw_mac0/p_0_out__4__1/A[29:0] is not pipelined. Pipelining DSP48 input will improve performance.
Related violations: <none>

DPIP-2#360 Warning
Input pipelining  
DSP u_pw_unit/u_pw_mac0/p_0_out__4__1 input u_pw_unit/u_pw_mac0/p_0_out__4__1/B[17:0] is not pipelined. Pipelining DSP48 input will improve performance.
Related violations: <none>

DPIP-2#361 Warning
Input pipelining  
DSP u_pw_unit/u_pw_mac0/p_0_out__4__2 input u_pw_unit/u_pw_mac0/p_0_out__4__2/A[29:0] is not pipelined. Pipelining DSP48 input will improve performance.
Related violations: <none>

DPIP-2#362 Warning
Input pipelining  
DSP u_pw_unit/u_pw_mac0/p_0_out__4__2 input u_pw_unit/u_pw_mac0/p_0_out__4__2/B[17:0] is not pipelined. Pipelining DSP48 input will improve performance.
Related violations: <none>

DPIP-2#363 Warning
Input pipelining  
DSP u_pw_unit/u_pw_mac0/p_0_out__5 input u_pw_unit/u_pw_mac0/p_0_out__5/A[29:0] is not pipelined. Pipelining DSP48 input will improve performance.
Related violations: <none>

DPIP-2#364 Warning
Input pipelining  
DSP u_pw_unit/u_pw_mac0/p_0_out__5 input u_pw_unit/u_pw_mac0/p_0_out__5/B[17:0] is not pipelined. Pipelining DSP48 input will improve performance.
Related violations: <none>

DPIP-2#365 Warning
Input pipelining  
DSP u_pw_unit/u_pw_mac0/p_0_out__50 input u_pw_unit/u_pw_mac0/p_0_out__50/A[29:0] is not pipelined. Pipelining DSP48 input will improve performance.
Related violations: <none>

DPIP-2#366 Warning
Input pipelining  
DSP u_pw_unit/u_pw_mac0/p_0_out__50 input u_pw_unit/u_pw_mac0/p_0_out__50/B[17:0] is not pipelined. Pipelining DSP48 input will improve performance.
Related violations: <none>

DPIP-2#367 Warning
Input pipelining  
DSP u_pw_unit/u_pw_mac0/p_0_out__50__0 input u_pw_unit/u_pw_mac0/p_0_out__50__0/A[29:0] is not pipelined. Pipelining DSP48 input will improve performance.
Related violations: <none>

DPIP-2#368 Warning
Input pipelining  
DSP u_pw_unit/u_pw_mac0/p_0_out__50__0 input u_pw_unit/u_pw_mac0/p_0_out__50__0/B[17:0] is not pipelined. Pipelining DSP48 input will improve performance.
Related violations: <none>

DPIP-2#369 Warning
Input pipelining  
DSP u_pw_unit/u_pw_mac0/p_0_out__50__1 input u_pw_unit/u_pw_mac0/p_0_out__50__1/A[29:0] is not pipelined. Pipelining DSP48 input will improve performance.
Related violations: <none>

DPIP-2#370 Warning
Input pipelining  
DSP u_pw_unit/u_pw_mac0/p_0_out__50__1 input u_pw_unit/u_pw_mac0/p_0_out__50__1/B[17:0] is not pipelined. Pipelining DSP48 input will improve performance.
Related violations: <none>

DPIP-2#371 Warning
Input pipelining  
DSP u_pw_unit/u_pw_mac0/p_0_out__50__2 input u_pw_unit/u_pw_mac0/p_0_out__50__2/A[29:0] is not pipelined. Pipelining DSP48 input will improve performance.
Related violations: <none>

DPIP-2#372 Warning
Input pipelining  
DSP u_pw_unit/u_pw_mac0/p_0_out__50__2 input u_pw_unit/u_pw_mac0/p_0_out__50__2/B[17:0] is not pipelined. Pipelining DSP48 input will improve performance.
Related violations: <none>

DPIP-2#373 Warning
Input pipelining  
DSP u_pw_unit/u_pw_mac0/p_0_out__51 input u_pw_unit/u_pw_mac0/p_0_out__51/A[29:0] is not pipelined. Pipelining DSP48 input will improve performance.
Related violations: <none>

DPIP-2#374 Warning
Input pipelining  
DSP u_pw_unit/u_pw_mac0/p_0_out__51 input u_pw_unit/u_pw_mac0/p_0_out__51/B[17:0] is not pipelined. Pipelining DSP48 input will improve performance.
Related violations: <none>

DPIP-2#375 Warning
Input pipelining  
DSP u_pw_unit/u_pw_mac0/p_0_out__51__0 input u_pw_unit/u_pw_mac0/p_0_out__51__0/A[29:0] is not pipelined. Pipelining DSP48 input will improve performance.
Related violations: <none>

DPIP-2#376 Warning
Input pipelining  
DSP u_pw_unit/u_pw_mac0/p_0_out__51__0 input u_pw_unit/u_pw_mac0/p_0_out__51__0/B[17:0] is not pipelined. Pipelining DSP48 input will improve performance.
Related violations: <none>

DPIP-2#377 Warning
Input pipelining  
DSP u_pw_unit/u_pw_mac0/p_0_out__51__1 input u_pw_unit/u_pw_mac0/p_0_out__51__1/A[29:0] is not pipelined. Pipelining DSP48 input will improve performance.
Related violations: <none>

DPIP-2#378 Warning
Input pipelining  
DSP u_pw_unit/u_pw_mac0/p_0_out__51__1 input u_pw_unit/u_pw_mac0/p_0_out__51__1/B[17:0] is not pipelined. Pipelining DSP48 input will improve performance.
Related violations: <none>

DPIP-2#379 Warning
Input pipelining  
DSP u_pw_unit/u_pw_mac0/p_0_out__52 input u_pw_unit/u_pw_mac0/p_0_out__52/A[29:0] is not pipelined. Pipelining DSP48 input will improve performance.
Related violations: <none>

DPIP-2#380 Warning
Input pipelining  
DSP u_pw_unit/u_pw_mac0/p_0_out__52 input u_pw_unit/u_pw_mac0/p_0_out__52/B[17:0] is not pipelined. Pipelining DSP48 input will improve performance.
Related violations: <none>

DPIP-2#381 Warning
Input pipelining  
DSP u_pw_unit/u_pw_mac0/p_0_out__52__0 input u_pw_unit/u_pw_mac0/p_0_out__52__0/A[29:0] is not pipelined. Pipelining DSP48 input will improve performance.
Related violations: <none>

DPIP-2#382 Warning
Input pipelining  
DSP u_pw_unit/u_pw_mac0/p_0_out__52__0 input u_pw_unit/u_pw_mac0/p_0_out__52__0/B[17:0] is not pipelined. Pipelining DSP48 input will improve performance.
Related violations: <none>

DPIP-2#383 Warning
Input pipelining  
DSP u_pw_unit/u_pw_mac0/p_0_out__52__1 input u_pw_unit/u_pw_mac0/p_0_out__52__1/A[29:0] is not pipelined. Pipelining DSP48 input will improve performance.
Related violations: <none>

DPIP-2#384 Warning
Input pipelining  
DSP u_pw_unit/u_pw_mac0/p_0_out__52__1 input u_pw_unit/u_pw_mac0/p_0_out__52__1/B[17:0] is not pipelined. Pipelining DSP48 input will improve performance.
Related violations: <none>

DPIP-2#385 Warning
Input pipelining  
DSP u_pw_unit/u_pw_mac0/p_0_out__53 input u_pw_unit/u_pw_mac0/p_0_out__53/A[29:0] is not pipelined. Pipelining DSP48 input will improve performance.
Related violations: <none>

DPIP-2#386 Warning
Input pipelining  
DSP u_pw_unit/u_pw_mac0/p_0_out__53 input u_pw_unit/u_pw_mac0/p_0_out__53/B[17:0] is not pipelined. Pipelining DSP48 input will improve performance.
Related violations: <none>

DPIP-2#387 Warning
Input pipelining  
DSP u_pw_unit/u_pw_mac0/p_0_out__53__0 input u_pw_unit/u_pw_mac0/p_0_out__53__0/A[29:0] is not pipelined. Pipelining DSP48 input will improve performance.
Related violations: <none>

DPIP-2#388 Warning
Input pipelining  
DSP u_pw_unit/u_pw_mac0/p_0_out__53__0 input u_pw_unit/u_pw_mac0/p_0_out__53__0/B[17:0] is not pipelined. Pipelining DSP48 input will improve performance.
Related violations: <none>

DPIP-2#389 Warning
Input pipelining  
DSP u_pw_unit/u_pw_mac0/p_0_out__53__1 input u_pw_unit/u_pw_mac0/p_0_out__53__1/A[29:0] is not pipelined. Pipelining DSP48 input will improve performance.
Related violations: <none>

DPIP-2#390 Warning
Input pipelining  
DSP u_pw_unit/u_pw_mac0/p_0_out__53__1 input u_pw_unit/u_pw_mac0/p_0_out__53__1/B[17:0] is not pipelined. Pipelining DSP48 input will improve performance.
Related violations: <none>

DPIP-2#391 Warning
Input pipelining  
DSP u_pw_unit/u_pw_mac0/p_0_out__54 input u_pw_unit/u_pw_mac0/p_0_out__54/A[29:0] is not pipelined. Pipelining DSP48 input will improve performance.
Related violations: <none>

DPIP-2#392 Warning
Input pipelining  
DSP u_pw_unit/u_pw_mac0/p_0_out__54 input u_pw_unit/u_pw_mac0/p_0_out__54/B[17:0] is not pipelined. Pipelining DSP48 input will improve performance.
Related violations: <none>

DPIP-2#393 Warning
Input pipelining  
DSP u_pw_unit/u_pw_mac0/p_0_out__54__0 input u_pw_unit/u_pw_mac0/p_0_out__54__0/A[29:0] is not pipelined. Pipelining DSP48 input will improve performance.
Related violations: <none>

DPIP-2#394 Warning
Input pipelining  
DSP u_pw_unit/u_pw_mac0/p_0_out__54__0 input u_pw_unit/u_pw_mac0/p_0_out__54__0/B[17:0] is not pipelined. Pipelining DSP48 input will improve performance.
Related violations: <none>

DPIP-2#395 Warning
Input pipelining  
DSP u_pw_unit/u_pw_mac0/p_0_out__54__1 input u_pw_unit/u_pw_mac0/p_0_out__54__1/A[29:0] is not pipelined. Pipelining DSP48 input will improve performance.
Related violations: <none>

DPIP-2#396 Warning
Input pipelining  
DSP u_pw_unit/u_pw_mac0/p_0_out__54__1 input u_pw_unit/u_pw_mac0/p_0_out__54__1/B[17:0] is not pipelined. Pipelining DSP48 input will improve performance.
Related violations: <none>

DPIP-2#397 Warning
Input pipelining  
DSP u_pw_unit/u_pw_mac0/p_0_out__55 input u_pw_unit/u_pw_mac0/p_0_out__55/A[29:0] is not pipelined. Pipelining DSP48 input will improve performance.
Related violations: <none>

DPIP-2#398 Warning
Input pipelining  
DSP u_pw_unit/u_pw_mac0/p_0_out__55 input u_pw_unit/u_pw_mac0/p_0_out__55/B[17:0] is not pipelined. Pipelining DSP48 input will improve performance.
Related violations: <none>

DPIP-2#399 Warning
Input pipelining  
DSP u_pw_unit/u_pw_mac0/p_0_out__55__0 input u_pw_unit/u_pw_mac0/p_0_out__55__0/A[29:0] is not pipelined. Pipelining DSP48 input will improve performance.
Related violations: <none>

DPIP-2#400 Warning
Input pipelining  
DSP u_pw_unit/u_pw_mac0/p_0_out__55__0 input u_pw_unit/u_pw_mac0/p_0_out__55__0/B[17:0] is not pipelined. Pipelining DSP48 input will improve performance.
Related violations: <none>

DPIP-2#401 Warning
Input pipelining  
DSP u_pw_unit/u_pw_mac0/p_0_out__55__1 input u_pw_unit/u_pw_mac0/p_0_out__55__1/A[29:0] is not pipelined. Pipelining DSP48 input will improve performance.
Related violations: <none>

DPIP-2#402 Warning
Input pipelining  
DSP u_pw_unit/u_pw_mac0/p_0_out__55__1 input u_pw_unit/u_pw_mac0/p_0_out__55__1/B[17:0] is not pipelined. Pipelining DSP48 input will improve performance.
Related violations: <none>

DPIP-2#403 Warning
Input pipelining  
DSP u_pw_unit/u_pw_mac0/p_0_out__56 input u_pw_unit/u_pw_mac0/p_0_out__56/A[29:0] is not pipelined. Pipelining DSP48 input will improve performance.
Related violations: <none>

DPIP-2#404 Warning
Input pipelining  
DSP u_pw_unit/u_pw_mac0/p_0_out__56 input u_pw_unit/u_pw_mac0/p_0_out__56/B[17:0] is not pipelined. Pipelining DSP48 input will improve performance.
Related violations: <none>

DPIP-2#405 Warning
Input pipelining  
DSP u_pw_unit/u_pw_mac0/p_0_out__56__0 input u_pw_unit/u_pw_mac0/p_0_out__56__0/A[29:0] is not pipelined. Pipelining DSP48 input will improve performance.
Related violations: <none>

DPIP-2#406 Warning
Input pipelining  
DSP u_pw_unit/u_pw_mac0/p_0_out__56__0 input u_pw_unit/u_pw_mac0/p_0_out__56__0/B[17:0] is not pipelined. Pipelining DSP48 input will improve performance.
Related violations: <none>

DPIP-2#407 Warning
Input pipelining  
DSP u_pw_unit/u_pw_mac0/p_0_out__56__1 input u_pw_unit/u_pw_mac0/p_0_out__56__1/A[29:0] is not pipelined. Pipelining DSP48 input will improve performance.
Related violations: <none>

DPIP-2#408 Warning
Input pipelining  
DSP u_pw_unit/u_pw_mac0/p_0_out__56__1 input u_pw_unit/u_pw_mac0/p_0_out__56__1/B[17:0] is not pipelined. Pipelining DSP48 input will improve performance.
Related violations: <none>

DPIP-2#409 Warning
Input pipelining  
DSP u_pw_unit/u_pw_mac0/p_0_out__57 input u_pw_unit/u_pw_mac0/p_0_out__57/A[29:0] is not pipelined. Pipelining DSP48 input will improve performance.
Related violations: <none>

DPIP-2#410 Warning
Input pipelining  
DSP u_pw_unit/u_pw_mac0/p_0_out__57 input u_pw_unit/u_pw_mac0/p_0_out__57/B[17:0] is not pipelined. Pipelining DSP48 input will improve performance.
Related violations: <none>

DPIP-2#411 Warning
Input pipelining  
DSP u_pw_unit/u_pw_mac0/p_0_out__57__0 input u_pw_unit/u_pw_mac0/p_0_out__57__0/A[29:0] is not pipelined. Pipelining DSP48 input will improve performance.
Related violations: <none>

DPIP-2#412 Warning
Input pipelining  
DSP u_pw_unit/u_pw_mac0/p_0_out__57__0 input u_pw_unit/u_pw_mac0/p_0_out__57__0/B[17:0] is not pipelined. Pipelining DSP48 input will improve performance.
Related violations: <none>

DPIP-2#413 Warning
Input pipelining  
DSP u_pw_unit/u_pw_mac0/p_0_out__57__1 input u_pw_unit/u_pw_mac0/p_0_out__57__1/A[29:0] is not pipelined. Pipelining DSP48 input will improve performance.
Related violations: <none>

DPIP-2#414 Warning
Input pipelining  
DSP u_pw_unit/u_pw_mac0/p_0_out__57__1 input u_pw_unit/u_pw_mac0/p_0_out__57__1/B[17:0] is not pipelined. Pipelining DSP48 input will improve performance.
Related violations: <none>

DPIP-2#415 Warning
Input pipelining  
DSP u_pw_unit/u_pw_mac0/p_0_out__58 input u_pw_unit/u_pw_mac0/p_0_out__58/A[29:0] is not pipelined. Pipelining DSP48 input will improve performance.
Related violations: <none>

DPIP-2#416 Warning
Input pipelining  
DSP u_pw_unit/u_pw_mac0/p_0_out__58 input u_pw_unit/u_pw_mac0/p_0_out__58/B[17:0] is not pipelined. Pipelining DSP48 input will improve performance.
Related violations: <none>

DPIP-2#417 Warning
Input pipelining  
DSP u_pw_unit/u_pw_mac0/p_0_out__58__0 input u_pw_unit/u_pw_mac0/p_0_out__58__0/A[29:0] is not pipelined. Pipelining DSP48 input will improve performance.
Related violations: <none>

DPIP-2#418 Warning
Input pipelining  
DSP u_pw_unit/u_pw_mac0/p_0_out__58__0 input u_pw_unit/u_pw_mac0/p_0_out__58__0/B[17:0] is not pipelined. Pipelining DSP48 input will improve performance.
Related violations: <none>

DPIP-2#419 Warning
Input pipelining  
DSP u_pw_unit/u_pw_mac0/p_0_out__58__1 input u_pw_unit/u_pw_mac0/p_0_out__58__1/A[29:0] is not pipelined. Pipelining DSP48 input will improve performance.
Related violations: <none>

DPIP-2#420 Warning
Input pipelining  
DSP u_pw_unit/u_pw_mac0/p_0_out__58__1 input u_pw_unit/u_pw_mac0/p_0_out__58__1/B[17:0] is not pipelined. Pipelining DSP48 input will improve performance.
Related violations: <none>

DPIP-2#421 Warning
Input pipelining  
DSP u_pw_unit/u_pw_mac0/p_0_out__59 input u_pw_unit/u_pw_mac0/p_0_out__59/A[29:0] is not pipelined. Pipelining DSP48 input will improve performance.
Related violations: <none>

DPIP-2#422 Warning
Input pipelining  
DSP u_pw_unit/u_pw_mac0/p_0_out__59 input u_pw_unit/u_pw_mac0/p_0_out__59/B[17:0] is not pipelined. Pipelining DSP48 input will improve performance.
Related violations: <none>

DPIP-2#423 Warning
Input pipelining  
DSP u_pw_unit/u_pw_mac0/p_0_out__59__0 input u_pw_unit/u_pw_mac0/p_0_out__59__0/A[29:0] is not pipelined. Pipelining DSP48 input will improve performance.
Related violations: <none>

DPIP-2#424 Warning
Input pipelining  
DSP u_pw_unit/u_pw_mac0/p_0_out__59__0 input u_pw_unit/u_pw_mac0/p_0_out__59__0/B[17:0] is not pipelined. Pipelining DSP48 input will improve performance.
Related violations: <none>

DPIP-2#425 Warning
Input pipelining  
DSP u_pw_unit/u_pw_mac0/p_0_out__59__1 input u_pw_unit/u_pw_mac0/p_0_out__59__1/A[29:0] is not pipelined. Pipelining DSP48 input will improve performance.
Related violations: <none>

DPIP-2#426 Warning
Input pipelining  
DSP u_pw_unit/u_pw_mac0/p_0_out__59__1 input u_pw_unit/u_pw_mac0/p_0_out__59__1/B[17:0] is not pipelined. Pipelining DSP48 input will improve performance.
Related violations: <none>

DPIP-2#427 Warning
Input pipelining  
DSP u_pw_unit/u_pw_mac0/p_0_out__5__0 input u_pw_unit/u_pw_mac0/p_0_out__5__0/A[29:0] is not pipelined. Pipelining DSP48 input will improve performance.
Related violations: <none>

DPIP-2#428 Warning
Input pipelining  
DSP u_pw_unit/u_pw_mac0/p_0_out__5__0 input u_pw_unit/u_pw_mac0/p_0_out__5__0/B[17:0] is not pipelined. Pipelining DSP48 input will improve performance.
Related violations: <none>

DPIP-2#429 Warning
Input pipelining  
DSP u_pw_unit/u_pw_mac0/p_0_out__5__1 input u_pw_unit/u_pw_mac0/p_0_out__5__1/A[29:0] is not pipelined. Pipelining DSP48 input will improve performance.
Related violations: <none>

DPIP-2#430 Warning
Input pipelining  
DSP u_pw_unit/u_pw_mac0/p_0_out__5__1 input u_pw_unit/u_pw_mac0/p_0_out__5__1/B[17:0] is not pipelined. Pipelining DSP48 input will improve performance.
Related violations: <none>

DPIP-2#431 Warning
Input pipelining  
DSP u_pw_unit/u_pw_mac0/p_0_out__5__2 input u_pw_unit/u_pw_mac0/p_0_out__5__2/A[29:0] is not pipelined. Pipelining DSP48 input will improve performance.
Related violations: <none>

DPIP-2#432 Warning
Input pipelining  
DSP u_pw_unit/u_pw_mac0/p_0_out__5__2 input u_pw_unit/u_pw_mac0/p_0_out__5__2/B[17:0] is not pipelined. Pipelining DSP48 input will improve performance.
Related violations: <none>

DPIP-2#433 Warning
Input pipelining  
DSP u_pw_unit/u_pw_mac0/p_0_out__6 input u_pw_unit/u_pw_mac0/p_0_out__6/A[29:0] is not pipelined. Pipelining DSP48 input will improve performance.
Related violations: <none>

DPIP-2#434 Warning
Input pipelining  
DSP u_pw_unit/u_pw_mac0/p_0_out__6 input u_pw_unit/u_pw_mac0/p_0_out__6/B[17:0] is not pipelined. Pipelining DSP48 input will improve performance.
Related violations: <none>

DPIP-2#435 Warning
Input pipelining  
DSP u_pw_unit/u_pw_mac0/p_0_out__60 input u_pw_unit/u_pw_mac0/p_0_out__60/A[29:0] is not pipelined. Pipelining DSP48 input will improve performance.
Related violations: <none>

DPIP-2#436 Warning
Input pipelining  
DSP u_pw_unit/u_pw_mac0/p_0_out__60 input u_pw_unit/u_pw_mac0/p_0_out__60/B[17:0] is not pipelined. Pipelining DSP48 input will improve performance.
Related violations: <none>

DPIP-2#437 Warning
Input pipelining  
DSP u_pw_unit/u_pw_mac0/p_0_out__60__0 input u_pw_unit/u_pw_mac0/p_0_out__60__0/A[29:0] is not pipelined. Pipelining DSP48 input will improve performance.
Related violations: <none>

DPIP-2#438 Warning
Input pipelining  
DSP u_pw_unit/u_pw_mac0/p_0_out__60__0 input u_pw_unit/u_pw_mac0/p_0_out__60__0/B[17:0] is not pipelined. Pipelining DSP48 input will improve performance.
Related violations: <none>

DPIP-2#439 Warning
Input pipelining  
DSP u_pw_unit/u_pw_mac0/p_0_out__60__1 input u_pw_unit/u_pw_mac0/p_0_out__60__1/A[29:0] is not pipelined. Pipelining DSP48 input will improve performance.
Related violations: <none>

DPIP-2#440 Warning
Input pipelining  
DSP u_pw_unit/u_pw_mac0/p_0_out__60__1 input u_pw_unit/u_pw_mac0/p_0_out__60__1/B[17:0] is not pipelined. Pipelining DSP48 input will improve performance.
Related violations: <none>

DPIP-2#441 Warning
Input pipelining  
DSP u_pw_unit/u_pw_mac0/p_0_out__61 input u_pw_unit/u_pw_mac0/p_0_out__61/A[29:0] is not pipelined. Pipelining DSP48 input will improve performance.
Related violations: <none>

DPIP-2#442 Warning
Input pipelining  
DSP u_pw_unit/u_pw_mac0/p_0_out__61 input u_pw_unit/u_pw_mac0/p_0_out__61/B[17:0] is not pipelined. Pipelining DSP48 input will improve performance.
Related violations: <none>

DPIP-2#443 Warning
Input pipelining  
DSP u_pw_unit/u_pw_mac0/p_0_out__61__0 input u_pw_unit/u_pw_mac0/p_0_out__61__0/A[29:0] is not pipelined. Pipelining DSP48 input will improve performance.
Related violations: <none>

DPIP-2#444 Warning
Input pipelining  
DSP u_pw_unit/u_pw_mac0/p_0_out__61__0 input u_pw_unit/u_pw_mac0/p_0_out__61__0/B[17:0] is not pipelined. Pipelining DSP48 input will improve performance.
Related violations: <none>

DPIP-2#445 Warning
Input pipelining  
DSP u_pw_unit/u_pw_mac0/p_0_out__61__1 input u_pw_unit/u_pw_mac0/p_0_out__61__1/A[29:0] is not pipelined. Pipelining DSP48 input will improve performance.
Related violations: <none>

DPIP-2#446 Warning
Input pipelining  
DSP u_pw_unit/u_pw_mac0/p_0_out__61__1 input u_pw_unit/u_pw_mac0/p_0_out__61__1/B[17:0] is not pipelined. Pipelining DSP48 input will improve performance.
Related violations: <none>

DPIP-2#447 Warning
Input pipelining  
DSP u_pw_unit/u_pw_mac0/p_0_out__62 input u_pw_unit/u_pw_mac0/p_0_out__62/A[29:0] is not pipelined. Pipelining DSP48 input will improve performance.
Related violations: <none>

DPIP-2#448 Warning
Input pipelining  
DSP u_pw_unit/u_pw_mac0/p_0_out__62 input u_pw_unit/u_pw_mac0/p_0_out__62/B[17:0] is not pipelined. Pipelining DSP48 input will improve performance.
Related violations: <none>

DPIP-2#449 Warning
Input pipelining  
DSP u_pw_unit/u_pw_mac0/p_0_out__62__0 input u_pw_unit/u_pw_mac0/p_0_out__62__0/A[29:0] is not pipelined. Pipelining DSP48 input will improve performance.
Related violations: <none>

DPIP-2#450 Warning
Input pipelining  
DSP u_pw_unit/u_pw_mac0/p_0_out__62__0 input u_pw_unit/u_pw_mac0/p_0_out__62__0/B[17:0] is not pipelined. Pipelining DSP48 input will improve performance.
Related violations: <none>

DPIP-2#451 Warning
Input pipelining  
DSP u_pw_unit/u_pw_mac0/p_0_out__62__1 input u_pw_unit/u_pw_mac0/p_0_out__62__1/A[29:0] is not pipelined. Pipelining DSP48 input will improve performance.
Related violations: <none>

DPIP-2#452 Warning
Input pipelining  
DSP u_pw_unit/u_pw_mac0/p_0_out__62__1 input u_pw_unit/u_pw_mac0/p_0_out__62__1/B[17:0] is not pipelined. Pipelining DSP48 input will improve performance.
Related violations: <none>

DPIP-2#453 Warning
Input pipelining  
DSP u_pw_unit/u_pw_mac0/p_0_out__63 input u_pw_unit/u_pw_mac0/p_0_out__63/A[29:0] is not pipelined. Pipelining DSP48 input will improve performance.
Related violations: <none>

DPIP-2#454 Warning
Input pipelining  
DSP u_pw_unit/u_pw_mac0/p_0_out__63 input u_pw_unit/u_pw_mac0/p_0_out__63/B[17:0] is not pipelined. Pipelining DSP48 input will improve performance.
Related violations: <none>

DPIP-2#455 Warning
Input pipelining  
DSP u_pw_unit/u_pw_mac0/p_0_out__64 input u_pw_unit/u_pw_mac0/p_0_out__64/A[29:0] is not pipelined. Pipelining DSP48 input will improve performance.
Related violations: <none>

DPIP-2#456 Warning
Input pipelining  
DSP u_pw_unit/u_pw_mac0/p_0_out__64 input u_pw_unit/u_pw_mac0/p_0_out__64/B[17:0] is not pipelined. Pipelining DSP48 input will improve performance.
Related violations: <none>

DPIP-2#457 Warning
Input pipelining  
DSP u_pw_unit/u_pw_mac0/p_0_out__65 input u_pw_unit/u_pw_mac0/p_0_out__65/A[29:0] is not pipelined. Pipelining DSP48 input will improve performance.
Related violations: <none>

DPIP-2#458 Warning
Input pipelining  
DSP u_pw_unit/u_pw_mac0/p_0_out__65 input u_pw_unit/u_pw_mac0/p_0_out__65/B[17:0] is not pipelined. Pipelining DSP48 input will improve performance.
Related violations: <none>

DPIP-2#459 Warning
Input pipelining  
DSP u_pw_unit/u_pw_mac0/p_0_out__66 input u_pw_unit/u_pw_mac0/p_0_out__66/A[29:0] is not pipelined. Pipelining DSP48 input will improve performance.
Related violations: <none>

DPIP-2#460 Warning
Input pipelining  
DSP u_pw_unit/u_pw_mac0/p_0_out__66 input u_pw_unit/u_pw_mac0/p_0_out__66/B[17:0] is not pipelined. Pipelining DSP48 input will improve performance.
Related violations: <none>

DPIP-2#461 Warning
Input pipelining  
DSP u_pw_unit/u_pw_mac0/p_0_out__67 input u_pw_unit/u_pw_mac0/p_0_out__67/A[29:0] is not pipelined. Pipelining DSP48 input will improve performance.
Related violations: <none>

DPIP-2#462 Warning
Input pipelining  
DSP u_pw_unit/u_pw_mac0/p_0_out__67 input u_pw_unit/u_pw_mac0/p_0_out__67/B[17:0] is not pipelined. Pipelining DSP48 input will improve performance.
Related violations: <none>

DPIP-2#463 Warning
Input pipelining  
DSP u_pw_unit/u_pw_mac0/p_0_out__68 input u_pw_unit/u_pw_mac0/p_0_out__68/A[29:0] is not pipelined. Pipelining DSP48 input will improve performance.
Related violations: <none>

DPIP-2#464 Warning
Input pipelining  
DSP u_pw_unit/u_pw_mac0/p_0_out__68 input u_pw_unit/u_pw_mac0/p_0_out__68/B[17:0] is not pipelined. Pipelining DSP48 input will improve performance.
Related violations: <none>

DPIP-2#465 Warning
Input pipelining  
DSP u_pw_unit/u_pw_mac0/p_0_out__69 input u_pw_unit/u_pw_mac0/p_0_out__69/A[29:0] is not pipelined. Pipelining DSP48 input will improve performance.
Related violations: <none>

DPIP-2#466 Warning
Input pipelining  
DSP u_pw_unit/u_pw_mac0/p_0_out__69 input u_pw_unit/u_pw_mac0/p_0_out__69/B[17:0] is not pipelined. Pipelining DSP48 input will improve performance.
Related violations: <none>

DPIP-2#467 Warning
Input pipelining  
DSP u_pw_unit/u_pw_mac0/p_0_out__6__0 input u_pw_unit/u_pw_mac0/p_0_out__6__0/A[29:0] is not pipelined. Pipelining DSP48 input will improve performance.
Related violations: <none>

DPIP-2#468 Warning
Input pipelining  
DSP u_pw_unit/u_pw_mac0/p_0_out__6__0 input u_pw_unit/u_pw_mac0/p_0_out__6__0/B[17:0] is not pipelined. Pipelining DSP48 input will improve performance.
Related violations: <none>

DPIP-2#469 Warning
Input pipelining  
DSP u_pw_unit/u_pw_mac0/p_0_out__6__1 input u_pw_unit/u_pw_mac0/p_0_out__6__1/A[29:0] is not pipelined. Pipelining DSP48 input will improve performance.
Related violations: <none>

DPIP-2#470 Warning
Input pipelining  
DSP u_pw_unit/u_pw_mac0/p_0_out__6__1 input u_pw_unit/u_pw_mac0/p_0_out__6__1/B[17:0] is not pipelined. Pipelining DSP48 input will improve performance.
Related violations: <none>

DPIP-2#471 Warning
Input pipelining  
DSP u_pw_unit/u_pw_mac0/p_0_out__6__2 input u_pw_unit/u_pw_mac0/p_0_out__6__2/A[29:0] is not pipelined. Pipelining DSP48 input will improve performance.
Related violations: <none>

DPIP-2#472 Warning
Input pipelining  
DSP u_pw_unit/u_pw_mac0/p_0_out__6__2 input u_pw_unit/u_pw_mac0/p_0_out__6__2/B[17:0] is not pipelined. Pipelining DSP48 input will improve performance.
Related violations: <none>

DPIP-2#473 Warning
Input pipelining  
DSP u_pw_unit/u_pw_mac0/p_0_out__7 input u_pw_unit/u_pw_mac0/p_0_out__7/A[29:0] is not pipelined. Pipelining DSP48 input will improve performance.
Related violations: <none>

DPIP-2#474 Warning
Input pipelining  
DSP u_pw_unit/u_pw_mac0/p_0_out__7 input u_pw_unit/u_pw_mac0/p_0_out__7/B[17:0] is not pipelined. Pipelining DSP48 input will improve performance.
Related violations: <none>

DPIP-2#475 Warning
Input pipelining  
DSP u_pw_unit/u_pw_mac0/p_0_out__70 input u_pw_unit/u_pw_mac0/p_0_out__70/A[29:0] is not pipelined. Pipelining DSP48 input will improve performance.
Related violations: <none>

DPIP-2#476 Warning
Input pipelining  
DSP u_pw_unit/u_pw_mac0/p_0_out__70 input u_pw_unit/u_pw_mac0/p_0_out__70/B[17:0] is not pipelined. Pipelining DSP48 input will improve performance.
Related violations: <none>

DPIP-2#477 Warning
Input pipelining  
DSP u_pw_unit/u_pw_mac0/p_0_out__71 input u_pw_unit/u_pw_mac0/p_0_out__71/A[29:0] is not pipelined. Pipelining DSP48 input will improve performance.
Related violations: <none>

DPIP-2#478 Warning
Input pipelining  
DSP u_pw_unit/u_pw_mac0/p_0_out__71 input u_pw_unit/u_pw_mac0/p_0_out__71/B[17:0] is not pipelined. Pipelining DSP48 input will improve performance.
Related violations: <none>

DPIP-2#479 Warning
Input pipelining  
DSP u_pw_unit/u_pw_mac0/p_0_out__72 input u_pw_unit/u_pw_mac0/p_0_out__72/A[29:0] is not pipelined. Pipelining DSP48 input will improve performance.
Related violations: <none>

DPIP-2#480 Warning
Input pipelining  
DSP u_pw_unit/u_pw_mac0/p_0_out__72 input u_pw_unit/u_pw_mac0/p_0_out__72/B[17:0] is not pipelined. Pipelining DSP48 input will improve performance.
Related violations: <none>

DPIP-2#481 Warning
Input pipelining  
DSP u_pw_unit/u_pw_mac0/p_0_out__73 input u_pw_unit/u_pw_mac0/p_0_out__73/A[29:0] is not pipelined. Pipelining DSP48 input will improve performance.
Related violations: <none>

DPIP-2#482 Warning
Input pipelining  
DSP u_pw_unit/u_pw_mac0/p_0_out__73 input u_pw_unit/u_pw_mac0/p_0_out__73/B[17:0] is not pipelined. Pipelining DSP48 input will improve performance.
Related violations: <none>

DPIP-2#483 Warning
Input pipelining  
DSP u_pw_unit/u_pw_mac0/p_0_out__74 input u_pw_unit/u_pw_mac0/p_0_out__74/A[29:0] is not pipelined. Pipelining DSP48 input will improve performance.
Related violations: <none>

DPIP-2#484 Warning
Input pipelining  
DSP u_pw_unit/u_pw_mac0/p_0_out__74 input u_pw_unit/u_pw_mac0/p_0_out__74/B[17:0] is not pipelined. Pipelining DSP48 input will improve performance.
Related violations: <none>

DPIP-2#485 Warning
Input pipelining  
DSP u_pw_unit/u_pw_mac0/p_0_out__75 input u_pw_unit/u_pw_mac0/p_0_out__75/A[29:0] is not pipelined. Pipelining DSP48 input will improve performance.
Related violations: <none>

DPIP-2#486 Warning
Input pipelining  
DSP u_pw_unit/u_pw_mac0/p_0_out__75 input u_pw_unit/u_pw_mac0/p_0_out__75/B[17:0] is not pipelined. Pipelining DSP48 input will improve performance.
Related violations: <none>

DPIP-2#487 Warning
Input pipelining  
DSP u_pw_unit/u_pw_mac0/p_0_out__76 input u_pw_unit/u_pw_mac0/p_0_out__76/A[29:0] is not pipelined. Pipelining DSP48 input will improve performance.
Related violations: <none>

DPIP-2#488 Warning
Input pipelining  
DSP u_pw_unit/u_pw_mac0/p_0_out__76 input u_pw_unit/u_pw_mac0/p_0_out__76/B[17:0] is not pipelined. Pipelining DSP48 input will improve performance.
Related violations: <none>

DPIP-2#489 Warning
Input pipelining  
DSP u_pw_unit/u_pw_mac0/p_0_out__77 input u_pw_unit/u_pw_mac0/p_0_out__77/A[29:0] is not pipelined. Pipelining DSP48 input will improve performance.
Related violations: <none>

DPIP-2#490 Warning
Input pipelining  
DSP u_pw_unit/u_pw_mac0/p_0_out__77 input u_pw_unit/u_pw_mac0/p_0_out__77/B[17:0] is not pipelined. Pipelining DSP48 input will improve performance.
Related violations: <none>

DPIP-2#491 Warning
Input pipelining  
DSP u_pw_unit/u_pw_mac0/p_0_out__7__0 input u_pw_unit/u_pw_mac0/p_0_out__7__0/A[29:0] is not pipelined. Pipelining DSP48 input will improve performance.
Related violations: <none>

DPIP-2#492 Warning
Input pipelining  
DSP u_pw_unit/u_pw_mac0/p_0_out__7__0 input u_pw_unit/u_pw_mac0/p_0_out__7__0/B[17:0] is not pipelined. Pipelining DSP48 input will improve performance.
Related violations: <none>

DPIP-2#493 Warning
Input pipelining  
DSP u_pw_unit/u_pw_mac0/p_0_out__7__1 input u_pw_unit/u_pw_mac0/p_0_out__7__1/A[29:0] is not pipelined. Pipelining DSP48 input will improve performance.
Related violations: <none>

DPIP-2#494 Warning
Input pipelining  
DSP u_pw_unit/u_pw_mac0/p_0_out__7__1 input u_pw_unit/u_pw_mac0/p_0_out__7__1/B[17:0] is not pipelined. Pipelining DSP48 input will improve performance.
Related violations: <none>

DPIP-2#495 Warning
Input pipelining  
DSP u_pw_unit/u_pw_mac0/p_0_out__7__2 input u_pw_unit/u_pw_mac0/p_0_out__7__2/A[29:0] is not pipelined. Pipelining DSP48 input will improve performance.
Related violations: <none>

DPIP-2#496 Warning
Input pipelining  
DSP u_pw_unit/u_pw_mac0/p_0_out__7__2 input u_pw_unit/u_pw_mac0/p_0_out__7__2/B[17:0] is not pipelined. Pipelining DSP48 input will improve performance.
Related violations: <none>

DPIP-2#497 Warning
Input pipelining  
DSP u_pw_unit/u_pw_mac0/p_0_out__8 input u_pw_unit/u_pw_mac0/p_0_out__8/A[29:0] is not pipelined. Pipelining DSP48 input will improve performance.
Related violations: <none>

DPIP-2#498 Warning
Input pipelining  
DSP u_pw_unit/u_pw_mac0/p_0_out__8 input u_pw_unit/u_pw_mac0/p_0_out__8/B[17:0] is not pipelined. Pipelining DSP48 input will improve performance.
Related violations: <none>

DPIP-2#499 Warning
Input pipelining  
DSP u_pw_unit/u_pw_mac0/p_0_out__8__0 input u_pw_unit/u_pw_mac0/p_0_out__8__0/A[29:0] is not pipelined. Pipelining DSP48 input will improve performance.
Related violations: <none>

DPIP-2#500 Warning
Input pipelining  
DSP u_pw_unit/u_pw_mac0/p_0_out__8__0 input u_pw_unit/u_pw_mac0/p_0_out__8__0/B[17:0] is not pipelined. Pipelining DSP48 input will improve performance.
Related violations: <none>

DPIP-2#501 Warning
Input pipelining  
DSP u_pw_unit/u_pw_mac0/p_0_out__8__1 input u_pw_unit/u_pw_mac0/p_0_out__8__1/A[29:0] is not pipelined. Pipelining DSP48 input will improve performance.
Related violations: <none>

DPIP-2#502 Warning
Input pipelining  
DSP u_pw_unit/u_pw_mac0/p_0_out__8__1 input u_pw_unit/u_pw_mac0/p_0_out__8__1/B[17:0] is not pipelined. Pipelining DSP48 input will improve performance.
Related violations: <none>

DPIP-2#503 Warning
Input pipelining  
DSP u_pw_unit/u_pw_mac0/p_0_out__8__2 input u_pw_unit/u_pw_mac0/p_0_out__8__2/A[29:0] is not pipelined. Pipelining DSP48 input will improve performance.
Related violations: <none>

DPIP-2#504 Warning
Input pipelining  
DSP u_pw_unit/u_pw_mac0/p_0_out__8__2 input u_pw_unit/u_pw_mac0/p_0_out__8__2/B[17:0] is not pipelined. Pipelining DSP48 input will improve performance.
Related violations: <none>

DPIP-2#505 Warning
Input pipelining  
DSP u_pw_unit/u_pw_mac0/p_0_out__9 input u_pw_unit/u_pw_mac0/p_0_out__9/A[29:0] is not pipelined. Pipelining DSP48 input will improve performance.
Related violations: <none>

DPIP-2#506 Warning
Input pipelining  
DSP u_pw_unit/u_pw_mac0/p_0_out__9 input u_pw_unit/u_pw_mac0/p_0_out__9/B[17:0] is not pipelined. Pipelining DSP48 input will improve performance.
Related violations: <none>

DPIP-2#507 Warning
Input pipelining  
DSP u_pw_unit/u_pw_mac0/p_0_out__9__0 input u_pw_unit/u_pw_mac0/p_0_out__9__0/A[29:0] is not pipelined. Pipelining DSP48 input will improve performance.
Related violations: <none>

DPIP-2#508 Warning
Input pipelining  
DSP u_pw_unit/u_pw_mac0/p_0_out__9__0 input u_pw_unit/u_pw_mac0/p_0_out__9__0/B[17:0] is not pipelined. Pipelining DSP48 input will improve performance.
Related violations: <none>

DPIP-2#509 Warning
Input pipelining  
DSP u_pw_unit/u_pw_mac0/p_0_out__9__1 input u_pw_unit/u_pw_mac0/p_0_out__9__1/A[29:0] is not pipelined. Pipelining DSP48 input will improve performance.
Related violations: <none>

DPIP-2#510 Warning
Input pipelining  
DSP u_pw_unit/u_pw_mac0/p_0_out__9__1 input u_pw_unit/u_pw_mac0/p_0_out__9__1/B[17:0] is not pipelined. Pipelining DSP48 input will improve performance.
Related violations: <none>

DPIP-2#511 Warning
Input pipelining  
DSP u_pw_unit/u_pw_mac0/p_0_out__9__2 input u_pw_unit/u_pw_mac0/p_0_out__9__2/A[29:0] is not pipelined. Pipelining DSP48 input will improve performance.
Related violations: <none>

DPIP-2#512 Warning
Input pipelining  
DSP u_pw_unit/u_pw_mac0/p_0_out__9__2 input u_pw_unit/u_pw_mac0/p_0_out__9__2/B[17:0] is not pipelined. Pipelining DSP48 input will improve performance.
Related violations: <none>

DPIP-2#513 Warning
Input pipelining  
DSP u_pw_unit/u_pw_mac1/p_0_out input u_pw_unit/u_pw_mac1/p_0_out/B[17:0] is not pipelined. Pipelining DSP48 input will improve performance.
Related violations: <none>

DPIP-2#514 Warning
Input pipelining  
DSP u_pw_unit/u_pw_mac1/p_0_out__0 input u_pw_unit/u_pw_mac1/p_0_out__0/B[17:0] is not pipelined. Pipelining DSP48 input will improve performance.
Related violations: <none>

DPIP-2#515 Warning
Input pipelining  
DSP u_pw_unit/u_pw_mac1/p_0_out__0__0 input u_pw_unit/u_pw_mac1/p_0_out__0__0/B[17:0] is not pipelined. Pipelining DSP48 input will improve performance.
Related violations: <none>

DPIP-2#516 Warning
Input pipelining  
DSP u_pw_unit/u_pw_mac1/p_0_out__0__1 input u_pw_unit/u_pw_mac1/p_0_out__0__1/B[17:0] is not pipelined. Pipelining DSP48 input will improve performance.
Related violations: <none>

DPIP-2#517 Warning
Input pipelining  
DSP u_pw_unit/u_pw_mac1/p_0_out__0__2 input u_pw_unit/u_pw_mac1/p_0_out__0__2/B[17:0] is not pipelined. Pipelining DSP48 input will improve performance.
Related violations: <none>

DPIP-2#518 Warning
Input pipelining  
DSP u_pw_unit/u_pw_mac1/p_0_out__1 input u_pw_unit/u_pw_mac1/p_0_out__1/B[17:0] is not pipelined. Pipelining DSP48 input will improve performance.
Related violations: <none>

DPIP-2#519 Warning
Input pipelining  
DSP u_pw_unit/u_pw_mac1/p_0_out__10 input u_pw_unit/u_pw_mac1/p_0_out__10/B[17:0] is not pipelined. Pipelining DSP48 input will improve performance.
Related violations: <none>

DPIP-2#520 Warning
Input pipelining  
DSP u_pw_unit/u_pw_mac1/p_0_out__10__0 input u_pw_unit/u_pw_mac1/p_0_out__10__0/B[17:0] is not pipelined. Pipelining DSP48 input will improve performance.
Related violations: <none>

DPIP-2#521 Warning
Input pipelining  
DSP u_pw_unit/u_pw_mac1/p_0_out__10__1 input u_pw_unit/u_pw_mac1/p_0_out__10__1/A[29:0] is not pipelined. Pipelining DSP48 input will improve performance.
Related violations: <none>

DPIP-2#522 Warning
Input pipelining  
DSP u_pw_unit/u_pw_mac1/p_0_out__10__1 input u_pw_unit/u_pw_mac1/p_0_out__10__1/B[17:0] is not pipelined. Pipelining DSP48 input will improve performance.
Related violations: <none>

DPIP-2#523 Warning
Input pipelining  
DSP u_pw_unit/u_pw_mac1/p_0_out__10__2 input u_pw_unit/u_pw_mac1/p_0_out__10__2/B[17:0] is not pipelined. Pipelining DSP48 input will improve performance.
Related violations: <none>

DPIP-2#524 Warning
Input pipelining  
DSP u_pw_unit/u_pw_mac1/p_0_out__11 input u_pw_unit/u_pw_mac1/p_0_out__11/B[17:0] is not pipelined. Pipelining DSP48 input will improve performance.
Related violations: <none>

DPIP-2#525 Warning
Input pipelining  
DSP u_pw_unit/u_pw_mac1/p_0_out__11__0 input u_pw_unit/u_pw_mac1/p_0_out__11__0/B[17:0] is not pipelined. Pipelining DSP48 input will improve performance.
Related violations: <none>

DPIP-2#526 Warning
Input pipelining  
DSP u_pw_unit/u_pw_mac1/p_0_out__11__1 input u_pw_unit/u_pw_mac1/p_0_out__11__1/B[17:0] is not pipelined. Pipelining DSP48 input will improve performance.
Related violations: <none>

DPIP-2#527 Warning
Input pipelining  
DSP u_pw_unit/u_pw_mac1/p_0_out__11__2 input u_pw_unit/u_pw_mac1/p_0_out__11__2/B[17:0] is not pipelined. Pipelining DSP48 input will improve performance.
Related violations: <none>

DPIP-2#528 Warning
Input pipelining  
DSP u_pw_unit/u_pw_mac1/p_0_out__12 input u_pw_unit/u_pw_mac1/p_0_out__12/B[17:0] is not pipelined. Pipelining DSP48 input will improve performance.
Related violations: <none>

DPIP-2#529 Warning
Input pipelining  
DSP u_pw_unit/u_pw_mac1/p_0_out__12__0 input u_pw_unit/u_pw_mac1/p_0_out__12__0/B[17:0] is not pipelined. Pipelining DSP48 input will improve performance.
Related violations: <none>

DPIP-2#530 Warning
Input pipelining  
DSP u_pw_unit/u_pw_mac1/p_0_out__12__1 input u_pw_unit/u_pw_mac1/p_0_out__12__1/B[17:0] is not pipelined. Pipelining DSP48 input will improve performance.
Related violations: <none>

DPIP-2#531 Warning
Input pipelining  
DSP u_pw_unit/u_pw_mac1/p_0_out__12__2 input u_pw_unit/u_pw_mac1/p_0_out__12__2/B[17:0] is not pipelined. Pipelining DSP48 input will improve performance.
Related violations: <none>

DPIP-2#532 Warning
Input pipelining  
DSP u_pw_unit/u_pw_mac1/p_0_out__13 input u_pw_unit/u_pw_mac1/p_0_out__13/B[17:0] is not pipelined. Pipelining DSP48 input will improve performance.
Related violations: <none>

DPIP-2#533 Warning
Input pipelining  
DSP u_pw_unit/u_pw_mac1/p_0_out__13__0 input u_pw_unit/u_pw_mac1/p_0_out__13__0/B[17:0] is not pipelined. Pipelining DSP48 input will improve performance.
Related violations: <none>

DPIP-2#534 Warning
Input pipelining  
DSP u_pw_unit/u_pw_mac1/p_0_out__13__1 input u_pw_unit/u_pw_mac1/p_0_out__13__1/B[17:0] is not pipelined. Pipelining DSP48 input will improve performance.
Related violations: <none>

DPIP-2#535 Warning
Input pipelining  
DSP u_pw_unit/u_pw_mac1/p_0_out__13__2 input u_pw_unit/u_pw_mac1/p_0_out__13__2/B[17:0] is not pipelined. Pipelining DSP48 input will improve performance.
Related violations: <none>

DPIP-2#536 Warning
Input pipelining  
DSP u_pw_unit/u_pw_mac1/p_0_out__14 input u_pw_unit/u_pw_mac1/p_0_out__14/A[29:0] is not pipelined. Pipelining DSP48 input will improve performance.
Related violations: <none>

DPIP-2#537 Warning
Input pipelining  
DSP u_pw_unit/u_pw_mac1/p_0_out__14 input u_pw_unit/u_pw_mac1/p_0_out__14/B[17:0] is not pipelined. Pipelining DSP48 input will improve performance.
Related violations: <none>

DPIP-2#538 Warning
Input pipelining  
DSP u_pw_unit/u_pw_mac1/p_0_out__14__0 input u_pw_unit/u_pw_mac1/p_0_out__14__0/B[17:0] is not pipelined. Pipelining DSP48 input will improve performance.
Related violations: <none>

DPIP-2#539 Warning
Input pipelining  
DSP u_pw_unit/u_pw_mac1/p_0_out__14__1 input u_pw_unit/u_pw_mac1/p_0_out__14__1/A[29:0] is not pipelined. Pipelining DSP48 input will improve performance.
Related violations: <none>

DPIP-2#540 Warning
Input pipelining  
DSP u_pw_unit/u_pw_mac1/p_0_out__14__1 input u_pw_unit/u_pw_mac1/p_0_out__14__1/B[17:0] is not pipelined. Pipelining DSP48 input will improve performance.
Related violations: <none>

DPIP-2#541 Warning
Input pipelining  
DSP u_pw_unit/u_pw_mac1/p_0_out__14__2 input u_pw_unit/u_pw_mac1/p_0_out__14__2/B[17:0] is not pipelined. Pipelining DSP48 input will improve performance.
Related violations: <none>

DPIP-2#542 Warning
Input pipelining  
DSP u_pw_unit/u_pw_mac1/p_0_out__15 input u_pw_unit/u_pw_mac1/p_0_out__15/B[17:0] is not pipelined. Pipelining DSP48 input will improve performance.
Related violations: <none>

DPIP-2#543 Warning
Input pipelining  
DSP u_pw_unit/u_pw_mac1/p_0_out__15__0 input u_pw_unit/u_pw_mac1/p_0_out__15__0/B[17:0] is not pipelined. Pipelining DSP48 input will improve performance.
Related violations: <none>

DPIP-2#544 Warning
Input pipelining  
DSP u_pw_unit/u_pw_mac1/p_0_out__15__1 input u_pw_unit/u_pw_mac1/p_0_out__15__1/B[17:0] is not pipelined. Pipelining DSP48 input will improve performance.
Related violations: <none>

DPIP-2#545 Warning
Input pipelining  
DSP u_pw_unit/u_pw_mac1/p_0_out__15__2 input u_pw_unit/u_pw_mac1/p_0_out__15__2/B[17:0] is not pipelined. Pipelining DSP48 input will improve performance.
Related violations: <none>

DPIP-2#546 Warning
Input pipelining  
DSP u_pw_unit/u_pw_mac1/p_0_out__16 input u_pw_unit/u_pw_mac1/p_0_out__16/B[17:0] is not pipelined. Pipelining DSP48 input will improve performance.
Related violations: <none>

DPIP-2#547 Warning
Input pipelining  
DSP u_pw_unit/u_pw_mac1/p_0_out__16__0 input u_pw_unit/u_pw_mac1/p_0_out__16__0/B[17:0] is not pipelined. Pipelining DSP48 input will improve performance.
Related violations: <none>

DPIP-2#548 Warning
Input pipelining  
DSP u_pw_unit/u_pw_mac1/p_0_out__16__1 input u_pw_unit/u_pw_mac1/p_0_out__16__1/B[17:0] is not pipelined. Pipelining DSP48 input will improve performance.
Related violations: <none>

DPIP-2#549 Warning
Input pipelining  
DSP u_pw_unit/u_pw_mac1/p_0_out__16__2 input u_pw_unit/u_pw_mac1/p_0_out__16__2/B[17:0] is not pipelined. Pipelining DSP48 input will improve performance.
Related violations: <none>

DPIP-2#550 Warning
Input pipelining  
DSP u_pw_unit/u_pw_mac1/p_0_out__17 input u_pw_unit/u_pw_mac1/p_0_out__17/B[17:0] is not pipelined. Pipelining DSP48 input will improve performance.
Related violations: <none>

DPIP-2#551 Warning
Input pipelining  
DSP u_pw_unit/u_pw_mac1/p_0_out__17__0 input u_pw_unit/u_pw_mac1/p_0_out__17__0/B[17:0] is not pipelined. Pipelining DSP48 input will improve performance.
Related violations: <none>

DPIP-2#552 Warning
Input pipelining  
DSP u_pw_unit/u_pw_mac1/p_0_out__17__1 input u_pw_unit/u_pw_mac1/p_0_out__17__1/B[17:0] is not pipelined. Pipelining DSP48 input will improve performance.
Related violations: <none>

DPIP-2#553 Warning
Input pipelining  
DSP u_pw_unit/u_pw_mac1/p_0_out__17__2 input u_pw_unit/u_pw_mac1/p_0_out__17__2/B[17:0] is not pipelined. Pipelining DSP48 input will improve performance.
Related violations: <none>

DPIP-2#554 Warning
Input pipelining  
DSP u_pw_unit/u_pw_mac1/p_0_out__18 input u_pw_unit/u_pw_mac1/p_0_out__18/B[17:0] is not pipelined. Pipelining DSP48 input will improve performance.
Related violations: <none>

DPIP-2#555 Warning
Input pipelining  
DSP u_pw_unit/u_pw_mac1/p_0_out__18__0 input u_pw_unit/u_pw_mac1/p_0_out__18__0/B[17:0] is not pipelined. Pipelining DSP48 input will improve performance.
Related violations: <none>

DPIP-2#556 Warning
Input pipelining  
DSP u_pw_unit/u_pw_mac1/p_0_out__18__1 input u_pw_unit/u_pw_mac1/p_0_out__18__1/A[29:0] is not pipelined. Pipelining DSP48 input will improve performance.
Related violations: <none>

DPIP-2#557 Warning
Input pipelining  
DSP u_pw_unit/u_pw_mac1/p_0_out__18__1 input u_pw_unit/u_pw_mac1/p_0_out__18__1/B[17:0] is not pipelined. Pipelining DSP48 input will improve performance.
Related violations: <none>

DPIP-2#558 Warning
Input pipelining  
DSP u_pw_unit/u_pw_mac1/p_0_out__18__2 input u_pw_unit/u_pw_mac1/p_0_out__18__2/B[17:0] is not pipelined. Pipelining DSP48 input will improve performance.
Related violations: <none>

DPIP-2#559 Warning
Input pipelining  
DSP u_pw_unit/u_pw_mac1/p_0_out__19 input u_pw_unit/u_pw_mac1/p_0_out__19/B[17:0] is not pipelined. Pipelining DSP48 input will improve performance.
Related violations: <none>

DPIP-2#560 Warning
Input pipelining  
DSP u_pw_unit/u_pw_mac1/p_0_out__19__0 input u_pw_unit/u_pw_mac1/p_0_out__19__0/B[17:0] is not pipelined. Pipelining DSP48 input will improve performance.
Related violations: <none>

DPIP-2#561 Warning
Input pipelining  
DSP u_pw_unit/u_pw_mac1/p_0_out__19__1 input u_pw_unit/u_pw_mac1/p_0_out__19__1/B[17:0] is not pipelined. Pipelining DSP48 input will improve performance.
Related violations: <none>

DPIP-2#562 Warning
Input pipelining  
DSP u_pw_unit/u_pw_mac1/p_0_out__19__2 input u_pw_unit/u_pw_mac1/p_0_out__19__2/B[17:0] is not pipelined. Pipelining DSP48 input will improve performance.
Related violations: <none>

DPIP-2#563 Warning
Input pipelining  
DSP u_pw_unit/u_pw_mac1/p_0_out__1__0 input u_pw_unit/u_pw_mac1/p_0_out__1__0/B[17:0] is not pipelined. Pipelining DSP48 input will improve performance.
Related violations: <none>

DPIP-2#564 Warning
Input pipelining  
DSP u_pw_unit/u_pw_mac1/p_0_out__1__1 input u_pw_unit/u_pw_mac1/p_0_out__1__1/B[17:0] is not pipelined. Pipelining DSP48 input will improve performance.
Related violations: <none>

DPIP-2#565 Warning
Input pipelining  
DSP u_pw_unit/u_pw_mac1/p_0_out__1__2 input u_pw_unit/u_pw_mac1/p_0_out__1__2/B[17:0] is not pipelined. Pipelining DSP48 input will improve performance.
Related violations: <none>

DPIP-2#566 Warning
Input pipelining  
DSP u_pw_unit/u_pw_mac1/p_0_out__2 input u_pw_unit/u_pw_mac1/p_0_out__2/B[17:0] is not pipelined. Pipelining DSP48 input will improve performance.
Related violations: <none>

DPIP-2#567 Warning
Input pipelining  
DSP u_pw_unit/u_pw_mac1/p_0_out__20 input u_pw_unit/u_pw_mac1/p_0_out__20/B[17:0] is not pipelined. Pipelining DSP48 input will improve performance.
Related violations: <none>

DPIP-2#568 Warning
Input pipelining  
DSP u_pw_unit/u_pw_mac1/p_0_out__20__0 input u_pw_unit/u_pw_mac1/p_0_out__20__0/B[17:0] is not pipelined. Pipelining DSP48 input will improve performance.
Related violations: <none>

DPIP-2#569 Warning
Input pipelining  
DSP u_pw_unit/u_pw_mac1/p_0_out__20__1 input u_pw_unit/u_pw_mac1/p_0_out__20__1/B[17:0] is not pipelined. Pipelining DSP48 input will improve performance.
Related violations: <none>

DPIP-2#570 Warning
Input pipelining  
DSP u_pw_unit/u_pw_mac1/p_0_out__20__2 input u_pw_unit/u_pw_mac1/p_0_out__20__2/B[17:0] is not pipelined. Pipelining DSP48 input will improve performance.
Related violations: <none>

DPIP-2#571 Warning
Input pipelining  
DSP u_pw_unit/u_pw_mac1/p_0_out__21 input u_pw_unit/u_pw_mac1/p_0_out__21/B[17:0] is not pipelined. Pipelining DSP48 input will improve performance.
Related violations: <none>

DPIP-2#572 Warning
Input pipelining  
DSP u_pw_unit/u_pw_mac1/p_0_out__21__0 input u_pw_unit/u_pw_mac1/p_0_out__21__0/B[17:0] is not pipelined. Pipelining DSP48 input will improve performance.
Related violations: <none>

DPIP-2#573 Warning
Input pipelining  
DSP u_pw_unit/u_pw_mac1/p_0_out__21__1 input u_pw_unit/u_pw_mac1/p_0_out__21__1/B[17:0] is not pipelined. Pipelining DSP48 input will improve performance.
Related violations: <none>

DPIP-2#574 Warning
Input pipelining  
DSP u_pw_unit/u_pw_mac1/p_0_out__21__2 input u_pw_unit/u_pw_mac1/p_0_out__21__2/B[17:0] is not pipelined. Pipelining DSP48 input will improve performance.
Related violations: <none>

DPIP-2#575 Warning
Input pipelining  
DSP u_pw_unit/u_pw_mac1/p_0_out__22 input u_pw_unit/u_pw_mac1/p_0_out__22/B[17:0] is not pipelined. Pipelining DSP48 input will improve performance.
Related violations: <none>

DPIP-2#576 Warning
Input pipelining  
DSP u_pw_unit/u_pw_mac1/p_0_out__22__0 input u_pw_unit/u_pw_mac1/p_0_out__22__0/B[17:0] is not pipelined. Pipelining DSP48 input will improve performance.
Related violations: <none>

DPIP-2#577 Warning
Input pipelining  
DSP u_pw_unit/u_pw_mac1/p_0_out__22__1 input u_pw_unit/u_pw_mac1/p_0_out__22__1/A[29:0] is not pipelined. Pipelining DSP48 input will improve performance.
Related violations: <none>

DPIP-2#578 Warning
Input pipelining  
DSP u_pw_unit/u_pw_mac1/p_0_out__22__1 input u_pw_unit/u_pw_mac1/p_0_out__22__1/B[17:0] is not pipelined. Pipelining DSP48 input will improve performance.
Related violations: <none>

DPIP-2#579 Warning
Input pipelining  
DSP u_pw_unit/u_pw_mac1/p_0_out__22__2 input u_pw_unit/u_pw_mac1/p_0_out__22__2/B[17:0] is not pipelined. Pipelining DSP48 input will improve performance.
Related violations: <none>

DPIP-2#580 Warning
Input pipelining  
DSP u_pw_unit/u_pw_mac1/p_0_out__23 input u_pw_unit/u_pw_mac1/p_0_out__23/B[17:0] is not pipelined. Pipelining DSP48 input will improve performance.
Related violations: <none>

DPIP-2#581 Warning
Input pipelining  
DSP u_pw_unit/u_pw_mac1/p_0_out__23__0 input u_pw_unit/u_pw_mac1/p_0_out__23__0/B[17:0] is not pipelined. Pipelining DSP48 input will improve performance.
Related violations: <none>

DPIP-2#582 Warning
Input pipelining  
DSP u_pw_unit/u_pw_mac1/p_0_out__23__1 input u_pw_unit/u_pw_mac1/p_0_out__23__1/B[17:0] is not pipelined. Pipelining DSP48 input will improve performance.
Related violations: <none>

DPIP-2#583 Warning
Input pipelining  
DSP u_pw_unit/u_pw_mac1/p_0_out__23__2 input u_pw_unit/u_pw_mac1/p_0_out__23__2/B[17:0] is not pipelined. Pipelining DSP48 input will improve performance.
Related violations: <none>

DPIP-2#584 Warning
Input pipelining  
DSP u_pw_unit/u_pw_mac1/p_0_out__24 input u_pw_unit/u_pw_mac1/p_0_out__24/B[17:0] is not pipelined. Pipelining DSP48 input will improve performance.
Related violations: <none>

DPIP-2#585 Warning
Input pipelining  
DSP u_pw_unit/u_pw_mac1/p_0_out__24__0 input u_pw_unit/u_pw_mac1/p_0_out__24__0/B[17:0] is not pipelined. Pipelining DSP48 input will improve performance.
Related violations: <none>

DPIP-2#586 Warning
Input pipelining  
DSP u_pw_unit/u_pw_mac1/p_0_out__24__1 input u_pw_unit/u_pw_mac1/p_0_out__24__1/B[17:0] is not pipelined. Pipelining DSP48 input will improve performance.
Related violations: <none>

DPIP-2#587 Warning
Input pipelining  
DSP u_pw_unit/u_pw_mac1/p_0_out__24__2 input u_pw_unit/u_pw_mac1/p_0_out__24__2/B[17:0] is not pipelined. Pipelining DSP48 input will improve performance.
Related violations: <none>

DPIP-2#588 Warning
Input pipelining  
DSP u_pw_unit/u_pw_mac1/p_0_out__25 input u_pw_unit/u_pw_mac1/p_0_out__25/B[17:0] is not pipelined. Pipelining DSP48 input will improve performance.
Related violations: <none>

DPIP-2#589 Warning
Input pipelining  
DSP u_pw_unit/u_pw_mac1/p_0_out__25__0 input u_pw_unit/u_pw_mac1/p_0_out__25__0/B[17:0] is not pipelined. Pipelining DSP48 input will improve performance.
Related violations: <none>

DPIP-2#590 Warning
Input pipelining  
DSP u_pw_unit/u_pw_mac1/p_0_out__25__1 input u_pw_unit/u_pw_mac1/p_0_out__25__1/B[17:0] is not pipelined. Pipelining DSP48 input will improve performance.
Related violations: <none>

DPIP-2#591 Warning
Input pipelining  
DSP u_pw_unit/u_pw_mac1/p_0_out__25__2 input u_pw_unit/u_pw_mac1/p_0_out__25__2/B[17:0] is not pipelined. Pipelining DSP48 input will improve performance.
Related violations: <none>

DPIP-2#592 Warning
Input pipelining  
DSP u_pw_unit/u_pw_mac1/p_0_out__26 input u_pw_unit/u_pw_mac1/p_0_out__26/B[17:0] is not pipelined. Pipelining DSP48 input will improve performance.
Related violations: <none>

DPIP-2#593 Warning
Input pipelining  
DSP u_pw_unit/u_pw_mac1/p_0_out__26__0 input u_pw_unit/u_pw_mac1/p_0_out__26__0/B[17:0] is not pipelined. Pipelining DSP48 input will improve performance.
Related violations: <none>

DPIP-2#594 Warning
Input pipelining  
DSP u_pw_unit/u_pw_mac1/p_0_out__26__1 input u_pw_unit/u_pw_mac1/p_0_out__26__1/A[29:0] is not pipelined. Pipelining DSP48 input will improve performance.
Related violations: <none>

DPIP-2#595 Warning
Input pipelining  
DSP u_pw_unit/u_pw_mac1/p_0_out__26__1 input u_pw_unit/u_pw_mac1/p_0_out__26__1/B[17:0] is not pipelined. Pipelining DSP48 input will improve performance.
Related violations: <none>

DPIP-2#596 Warning
Input pipelining  
DSP u_pw_unit/u_pw_mac1/p_0_out__26__2 input u_pw_unit/u_pw_mac1/p_0_out__26__2/B[17:0] is not pipelined. Pipelining DSP48 input will improve performance.
Related violations: <none>

DPIP-2#597 Warning
Input pipelining  
DSP u_pw_unit/u_pw_mac1/p_0_out__27 input u_pw_unit/u_pw_mac1/p_0_out__27/B[17:0] is not pipelined. Pipelining DSP48 input will improve performance.
Related violations: <none>

DPIP-2#598 Warning
Input pipelining  
DSP u_pw_unit/u_pw_mac1/p_0_out__27__0 input u_pw_unit/u_pw_mac1/p_0_out__27__0/B[17:0] is not pipelined. Pipelining DSP48 input will improve performance.
Related violations: <none>

DPIP-2#599 Warning
Input pipelining  
DSP u_pw_unit/u_pw_mac1/p_0_out__27__1 input u_pw_unit/u_pw_mac1/p_0_out__27__1/B[17:0] is not pipelined. Pipelining DSP48 input will improve performance.
Related violations: <none>

DPIP-2#600 Warning
Input pipelining  
DSP u_pw_unit/u_pw_mac1/p_0_out__27__2 input u_pw_unit/u_pw_mac1/p_0_out__27__2/B[17:0] is not pipelined. Pipelining DSP48 input will improve performance.
Related violations: <none>

DPIP-2#601 Warning
Input pipelining  
DSP u_pw_unit/u_pw_mac1/p_0_out__28 input u_pw_unit/u_pw_mac1/p_0_out__28/B[17:0] is not pipelined. Pipelining DSP48 input will improve performance.
Related violations: <none>

DPIP-2#602 Warning
Input pipelining  
DSP u_pw_unit/u_pw_mac1/p_0_out__28__0 input u_pw_unit/u_pw_mac1/p_0_out__28__0/B[17:0] is not pipelined. Pipelining DSP48 input will improve performance.
Related violations: <none>

DPIP-2#603 Warning
Input pipelining  
DSP u_pw_unit/u_pw_mac1/p_0_out__28__1 input u_pw_unit/u_pw_mac1/p_0_out__28__1/B[17:0] is not pipelined. Pipelining DSP48 input will improve performance.
Related violations: <none>

DPIP-2#604 Warning
Input pipelining  
DSP u_pw_unit/u_pw_mac1/p_0_out__28__2 input u_pw_unit/u_pw_mac1/p_0_out__28__2/B[17:0] is not pipelined. Pipelining DSP48 input will improve performance.
Related violations: <none>

DPIP-2#605 Warning
Input pipelining  
DSP u_pw_unit/u_pw_mac1/p_0_out__29 input u_pw_unit/u_pw_mac1/p_0_out__29/B[17:0] is not pipelined. Pipelining DSP48 input will improve performance.
Related violations: <none>

DPIP-2#606 Warning
Input pipelining  
DSP u_pw_unit/u_pw_mac1/p_0_out__29__0 input u_pw_unit/u_pw_mac1/p_0_out__29__0/B[17:0] is not pipelined. Pipelining DSP48 input will improve performance.
Related violations: <none>

DPIP-2#607 Warning
Input pipelining  
DSP u_pw_unit/u_pw_mac1/p_0_out__29__1 input u_pw_unit/u_pw_mac1/p_0_out__29__1/B[17:0] is not pipelined. Pipelining DSP48 input will improve performance.
Related violations: <none>

DPIP-2#608 Warning
Input pipelining  
DSP u_pw_unit/u_pw_mac1/p_0_out__29__2 input u_pw_unit/u_pw_mac1/p_0_out__29__2/B[17:0] is not pipelined. Pipelining DSP48 input will improve performance.
Related violations: <none>

DPIP-2#609 Warning
Input pipelining  
DSP u_pw_unit/u_pw_mac1/p_0_out__2__0 input u_pw_unit/u_pw_mac1/p_0_out__2__0/B[17:0] is not pipelined. Pipelining DSP48 input will improve performance.
Related violations: <none>

DPIP-2#610 Warning
Input pipelining  
DSP u_pw_unit/u_pw_mac1/p_0_out__2__1 input u_pw_unit/u_pw_mac1/p_0_out__2__1/A[29:0] is not pipelined. Pipelining DSP48 input will improve performance.
Related violations: <none>

DPIP-2#611 Warning
Input pipelining  
DSP u_pw_unit/u_pw_mac1/p_0_out__2__1 input u_pw_unit/u_pw_mac1/p_0_out__2__1/B[17:0] is not pipelined. Pipelining DSP48 input will improve performance.
Related violations: <none>

DPIP-2#612 Warning
Input pipelining  
DSP u_pw_unit/u_pw_mac1/p_0_out__2__2 input u_pw_unit/u_pw_mac1/p_0_out__2__2/B[17:0] is not pipelined. Pipelining DSP48 input will improve performance.
Related violations: <none>

DPIP-2#613 Warning
Input pipelining  
DSP u_pw_unit/u_pw_mac1/p_0_out__3 input u_pw_unit/u_pw_mac1/p_0_out__3/B[17:0] is not pipelined. Pipelining DSP48 input will improve performance.
Related violations: <none>

DPIP-2#614 Warning
Input pipelining  
DSP u_pw_unit/u_pw_mac1/p_0_out__30 input u_pw_unit/u_pw_mac1/p_0_out__30/B[17:0] is not pipelined. Pipelining DSP48 input will improve performance.
Related violations: <none>

DPIP-2#615 Warning
Input pipelining  
DSP u_pw_unit/u_pw_mac1/p_0_out__30__0 input u_pw_unit/u_pw_mac1/p_0_out__30__0/B[17:0] is not pipelined. Pipelining DSP48 input will improve performance.
Related violations: <none>

DPIP-2#616 Warning
Input pipelining  
DSP u_pw_unit/u_pw_mac1/p_0_out__30__1 input u_pw_unit/u_pw_mac1/p_0_out__30__1/A[29:0] is not pipelined. Pipelining DSP48 input will improve performance.
Related violations: <none>

DPIP-2#617 Warning
Input pipelining  
DSP u_pw_unit/u_pw_mac1/p_0_out__30__1 input u_pw_unit/u_pw_mac1/p_0_out__30__1/B[17:0] is not pipelined. Pipelining DSP48 input will improve performance.
Related violations: <none>

DPIP-2#618 Warning
Input pipelining  
DSP u_pw_unit/u_pw_mac1/p_0_out__30__2 input u_pw_unit/u_pw_mac1/p_0_out__30__2/B[17:0] is not pipelined. Pipelining DSP48 input will improve performance.
Related violations: <none>

DPIP-2#619 Warning
Input pipelining  
DSP u_pw_unit/u_pw_mac1/p_0_out__31 input u_pw_unit/u_pw_mac1/p_0_out__31/B[17:0] is not pipelined. Pipelining DSP48 input will improve performance.
Related violations: <none>

DPIP-2#620 Warning
Input pipelining  
DSP u_pw_unit/u_pw_mac1/p_0_out__31__0 input u_pw_unit/u_pw_mac1/p_0_out__31__0/B[17:0] is not pipelined. Pipelining DSP48 input will improve performance.
Related violations: <none>

DPIP-2#621 Warning
Input pipelining  
DSP u_pw_unit/u_pw_mac1/p_0_out__31__1 input u_pw_unit/u_pw_mac1/p_0_out__31__1/B[17:0] is not pipelined. Pipelining DSP48 input will improve performance.
Related violations: <none>

DPIP-2#622 Warning
Input pipelining  
DSP u_pw_unit/u_pw_mac1/p_0_out__31__2 input u_pw_unit/u_pw_mac1/p_0_out__31__2/B[17:0] is not pipelined. Pipelining DSP48 input will improve performance.
Related violations: <none>

DPIP-2#623 Warning
Input pipelining  
DSP u_pw_unit/u_pw_mac1/p_0_out__32 input u_pw_unit/u_pw_mac1/p_0_out__32/B[17:0] is not pipelined. Pipelining DSP48 input will improve performance.
Related violations: <none>

DPIP-2#624 Warning
Input pipelining  
DSP u_pw_unit/u_pw_mac1/p_0_out__32__0 input u_pw_unit/u_pw_mac1/p_0_out__32__0/B[17:0] is not pipelined. Pipelining DSP48 input will improve performance.
Related violations: <none>

DPIP-2#625 Warning
Input pipelining  
DSP u_pw_unit/u_pw_mac1/p_0_out__32__1 input u_pw_unit/u_pw_mac1/p_0_out__32__1/B[17:0] is not pipelined. Pipelining DSP48 input will improve performance.
Related violations: <none>

DPIP-2#626 Warning
Input pipelining  
DSP u_pw_unit/u_pw_mac1/p_0_out__32__2 input u_pw_unit/u_pw_mac1/p_0_out__32__2/B[17:0] is not pipelined. Pipelining DSP48 input will improve performance.
Related violations: <none>

DPIP-2#627 Warning
Input pipelining  
DSP u_pw_unit/u_pw_mac1/p_0_out__33 input u_pw_unit/u_pw_mac1/p_0_out__33/B[17:0] is not pipelined. Pipelining DSP48 input will improve performance.
Related violations: <none>

DPIP-2#628 Warning
Input pipelining  
DSP u_pw_unit/u_pw_mac1/p_0_out__33__0 input u_pw_unit/u_pw_mac1/p_0_out__33__0/B[17:0] is not pipelined. Pipelining DSP48 input will improve performance.
Related violations: <none>

DPIP-2#629 Warning
Input pipelining  
DSP u_pw_unit/u_pw_mac1/p_0_out__33__1 input u_pw_unit/u_pw_mac1/p_0_out__33__1/B[17:0] is not pipelined. Pipelining DSP48 input will improve performance.
Related violations: <none>

DPIP-2#630 Warning
Input pipelining  
DSP u_pw_unit/u_pw_mac1/p_0_out__33__2 input u_pw_unit/u_pw_mac1/p_0_out__33__2/B[17:0] is not pipelined. Pipelining DSP48 input will improve performance.
Related violations: <none>

DPIP-2#631 Warning
Input pipelining  
DSP u_pw_unit/u_pw_mac1/p_0_out__34 input u_pw_unit/u_pw_mac1/p_0_out__34/B[17:0] is not pipelined. Pipelining DSP48 input will improve performance.
Related violations: <none>

DPIP-2#632 Warning
Input pipelining  
DSP u_pw_unit/u_pw_mac1/p_0_out__34__0 input u_pw_unit/u_pw_mac1/p_0_out__34__0/B[17:0] is not pipelined. Pipelining DSP48 input will improve performance.
Related violations: <none>

DPIP-2#633 Warning
Input pipelining  
DSP u_pw_unit/u_pw_mac1/p_0_out__34__1 input u_pw_unit/u_pw_mac1/p_0_out__34__1/A[29:0] is not pipelined. Pipelining DSP48 input will improve performance.
Related violations: <none>

DPIP-2#634 Warning
Input pipelining  
DSP u_pw_unit/u_pw_mac1/p_0_out__34__1 input u_pw_unit/u_pw_mac1/p_0_out__34__1/B[17:0] is not pipelined. Pipelining DSP48 input will improve performance.
Related violations: <none>

DPIP-2#635 Warning
Input pipelining  
DSP u_pw_unit/u_pw_mac1/p_0_out__34__2 input u_pw_unit/u_pw_mac1/p_0_out__34__2/B[17:0] is not pipelined. Pipelining DSP48 input will improve performance.
Related violations: <none>

DPIP-2#636 Warning
Input pipelining  
DSP u_pw_unit/u_pw_mac1/p_0_out__35 input u_pw_unit/u_pw_mac1/p_0_out__35/B[17:0] is not pipelined. Pipelining DSP48 input will improve performance.
Related violations: <none>

DPIP-2#637 Warning
Input pipelining  
DSP u_pw_unit/u_pw_mac1/p_0_out__35__0 input u_pw_unit/u_pw_mac1/p_0_out__35__0/B[17:0] is not pipelined. Pipelining DSP48 input will improve performance.
Related violations: <none>

DPIP-2#638 Warning
Input pipelining  
DSP u_pw_unit/u_pw_mac1/p_0_out__35__1 input u_pw_unit/u_pw_mac1/p_0_out__35__1/B[17:0] is not pipelined. Pipelining DSP48 input will improve performance.
Related violations: <none>

DPIP-2#639 Warning
Input pipelining  
DSP u_pw_unit/u_pw_mac1/p_0_out__35__2 input u_pw_unit/u_pw_mac1/p_0_out__35__2/B[17:0] is not pipelined. Pipelining DSP48 input will improve performance.
Related violations: <none>

DPIP-2#640 Warning
Input pipelining  
DSP u_pw_unit/u_pw_mac1/p_0_out__36 input u_pw_unit/u_pw_mac1/p_0_out__36/B[17:0] is not pipelined. Pipelining DSP48 input will improve performance.
Related violations: <none>

DPIP-2#641 Warning
Input pipelining  
DSP u_pw_unit/u_pw_mac1/p_0_out__36__0 input u_pw_unit/u_pw_mac1/p_0_out__36__0/B[17:0] is not pipelined. Pipelining DSP48 input will improve performance.
Related violations: <none>

DPIP-2#642 Warning
Input pipelining  
DSP u_pw_unit/u_pw_mac1/p_0_out__36__1 input u_pw_unit/u_pw_mac1/p_0_out__36__1/B[17:0] is not pipelined. Pipelining DSP48 input will improve performance.
Related violations: <none>

DPIP-2#643 Warning
Input pipelining  
DSP u_pw_unit/u_pw_mac1/p_0_out__36__2 input u_pw_unit/u_pw_mac1/p_0_out__36__2/B[17:0] is not pipelined. Pipelining DSP48 input will improve performance.
Related violations: <none>

DPIP-2#644 Warning
Input pipelining  
DSP u_pw_unit/u_pw_mac1/p_0_out__37 input u_pw_unit/u_pw_mac1/p_0_out__37/B[17:0] is not pipelined. Pipelining DSP48 input will improve performance.
Related violations: <none>

DPIP-2#645 Warning
Input pipelining  
DSP u_pw_unit/u_pw_mac1/p_0_out__37__0 input u_pw_unit/u_pw_mac1/p_0_out__37__0/B[17:0] is not pipelined. Pipelining DSP48 input will improve performance.
Related violations: <none>

DPIP-2#646 Warning
Input pipelining  
DSP u_pw_unit/u_pw_mac1/p_0_out__37__1 input u_pw_unit/u_pw_mac1/p_0_out__37__1/B[17:0] is not pipelined. Pipelining DSP48 input will improve performance.
Related violations: <none>

DPIP-2#647 Warning
Input pipelining  
DSP u_pw_unit/u_pw_mac1/p_0_out__37__2 input u_pw_unit/u_pw_mac1/p_0_out__37__2/B[17:0] is not pipelined. Pipelining DSP48 input will improve performance.
Related violations: <none>

DPIP-2#648 Warning
Input pipelining  
DSP u_pw_unit/u_pw_mac1/p_0_out__38 input u_pw_unit/u_pw_mac1/p_0_out__38/B[17:0] is not pipelined. Pipelining DSP48 input will improve performance.
Related violations: <none>

DPIP-2#649 Warning
Input pipelining  
DSP u_pw_unit/u_pw_mac1/p_0_out__38__0 input u_pw_unit/u_pw_mac1/p_0_out__38__0/B[17:0] is not pipelined. Pipelining DSP48 input will improve performance.
Related violations: <none>

DPIP-2#650 Warning
Input pipelining  
DSP u_pw_unit/u_pw_mac1/p_0_out__38__1 input u_pw_unit/u_pw_mac1/p_0_out__38__1/A[29:0] is not pipelined. Pipelining DSP48 input will improve performance.
Related violations: <none>

DPIP-2#651 Warning
Input pipelining  
DSP u_pw_unit/u_pw_mac1/p_0_out__38__1 input u_pw_unit/u_pw_mac1/p_0_out__38__1/B[17:0] is not pipelined. Pipelining DSP48 input will improve performance.
Related violations: <none>

DPIP-2#652 Warning
Input pipelining  
DSP u_pw_unit/u_pw_mac1/p_0_out__38__2 input u_pw_unit/u_pw_mac1/p_0_out__38__2/B[17:0] is not pipelined. Pipelining DSP48 input will improve performance.
Related violations: <none>

DPIP-2#653 Warning
Input pipelining  
DSP u_pw_unit/u_pw_mac1/p_0_out__39 input u_pw_unit/u_pw_mac1/p_0_out__39/B[17:0] is not pipelined. Pipelining DSP48 input will improve performance.
Related violations: <none>

DPIP-2#654 Warning
Input pipelining  
DSP u_pw_unit/u_pw_mac1/p_0_out__39__0 input u_pw_unit/u_pw_mac1/p_0_out__39__0/B[17:0] is not pipelined. Pipelining DSP48 input will improve performance.
Related violations: <none>

DPIP-2#655 Warning
Input pipelining  
DSP u_pw_unit/u_pw_mac1/p_0_out__39__1 input u_pw_unit/u_pw_mac1/p_0_out__39__1/B[17:0] is not pipelined. Pipelining DSP48 input will improve performance.
Related violations: <none>

DPIP-2#656 Warning
Input pipelining  
DSP u_pw_unit/u_pw_mac1/p_0_out__39__2 input u_pw_unit/u_pw_mac1/p_0_out__39__2/B[17:0] is not pipelined. Pipelining DSP48 input will improve performance.
Related violations: <none>

DPIP-2#657 Warning
Input pipelining  
DSP u_pw_unit/u_pw_mac1/p_0_out__3__0 input u_pw_unit/u_pw_mac1/p_0_out__3__0/B[17:0] is not pipelined. Pipelining DSP48 input will improve performance.
Related violations: <none>

DPIP-2#658 Warning
Input pipelining  
DSP u_pw_unit/u_pw_mac1/p_0_out__3__1 input u_pw_unit/u_pw_mac1/p_0_out__3__1/B[17:0] is not pipelined. Pipelining DSP48 input will improve performance.
Related violations: <none>

DPIP-2#659 Warning
Input pipelining  
DSP u_pw_unit/u_pw_mac1/p_0_out__3__2 input u_pw_unit/u_pw_mac1/p_0_out__3__2/B[17:0] is not pipelined. Pipelining DSP48 input will improve performance.
Related violations: <none>

DPIP-2#660 Warning
Input pipelining  
DSP u_pw_unit/u_pw_mac1/p_0_out__4 input u_pw_unit/u_pw_mac1/p_0_out__4/B[17:0] is not pipelined. Pipelining DSP48 input will improve performance.
Related violations: <none>

DPIP-2#661 Warning
Input pipelining  
DSP u_pw_unit/u_pw_mac1/p_0_out__40 input u_pw_unit/u_pw_mac1/p_0_out__40/B[17:0] is not pipelined. Pipelining DSP48 input will improve performance.
Related violations: <none>

DPIP-2#662 Warning
Input pipelining  
DSP u_pw_unit/u_pw_mac1/p_0_out__40__0 input u_pw_unit/u_pw_mac1/p_0_out__40__0/B[17:0] is not pipelined. Pipelining DSP48 input will improve performance.
Related violations: <none>

DPIP-2#663 Warning
Input pipelining  
DSP u_pw_unit/u_pw_mac1/p_0_out__40__1 input u_pw_unit/u_pw_mac1/p_0_out__40__1/B[17:0] is not pipelined. Pipelining DSP48 input will improve performance.
Related violations: <none>

DPIP-2#664 Warning
Input pipelining  
DSP u_pw_unit/u_pw_mac1/p_0_out__40__2 input u_pw_unit/u_pw_mac1/p_0_out__40__2/B[17:0] is not pipelined. Pipelining DSP48 input will improve performance.
Related violations: <none>

DPIP-2#665 Warning
Input pipelining  
DSP u_pw_unit/u_pw_mac1/p_0_out__41 input u_pw_unit/u_pw_mac1/p_0_out__41/B[17:0] is not pipelined. Pipelining DSP48 input will improve performance.
Related violations: <none>

DPIP-2#666 Warning
Input pipelining  
DSP u_pw_unit/u_pw_mac1/p_0_out__41__0 input u_pw_unit/u_pw_mac1/p_0_out__41__0/B[17:0] is not pipelined. Pipelining DSP48 input will improve performance.
Related violations: <none>

DPIP-2#667 Warning
Input pipelining  
DSP u_pw_unit/u_pw_mac1/p_0_out__41__1 input u_pw_unit/u_pw_mac1/p_0_out__41__1/B[17:0] is not pipelined. Pipelining DSP48 input will improve performance.
Related violations: <none>

DPIP-2#668 Warning
Input pipelining  
DSP u_pw_unit/u_pw_mac1/p_0_out__41__2 input u_pw_unit/u_pw_mac1/p_0_out__41__2/B[17:0] is not pipelined. Pipelining DSP48 input will improve performance.
Related violations: <none>

DPIP-2#669 Warning
Input pipelining  
DSP u_pw_unit/u_pw_mac1/p_0_out__42 input u_pw_unit/u_pw_mac1/p_0_out__42/A[29:0] is not pipelined. Pipelining DSP48 input will improve performance.
Related violations: <none>

DPIP-2#670 Warning
Input pipelining  
DSP u_pw_unit/u_pw_mac1/p_0_out__42 input u_pw_unit/u_pw_mac1/p_0_out__42/B[17:0] is not pipelined. Pipelining DSP48 input will improve performance.
Related violations: <none>

DPIP-2#671 Warning
Input pipelining  
DSP u_pw_unit/u_pw_mac1/p_0_out__42__0 input u_pw_unit/u_pw_mac1/p_0_out__42__0/B[17:0] is not pipelined. Pipelining DSP48 input will improve performance.
Related violations: <none>

DPIP-2#672 Warning
Input pipelining  
DSP u_pw_unit/u_pw_mac1/p_0_out__42__1 input u_pw_unit/u_pw_mac1/p_0_out__42__1/A[29:0] is not pipelined. Pipelining DSP48 input will improve performance.
Related violations: <none>

DPIP-2#673 Warning
Input pipelining  
DSP u_pw_unit/u_pw_mac1/p_0_out__42__1 input u_pw_unit/u_pw_mac1/p_0_out__42__1/B[17:0] is not pipelined. Pipelining DSP48 input will improve performance.
Related violations: <none>

DPIP-2#674 Warning
Input pipelining  
DSP u_pw_unit/u_pw_mac1/p_0_out__42__2 input u_pw_unit/u_pw_mac1/p_0_out__42__2/B[17:0] is not pipelined. Pipelining DSP48 input will improve performance.
Related violations: <none>

DPIP-2#675 Warning
Input pipelining  
DSP u_pw_unit/u_pw_mac1/p_0_out__43 input u_pw_unit/u_pw_mac1/p_0_out__43/B[17:0] is not pipelined. Pipelining DSP48 input will improve performance.
Related violations: <none>

DPIP-2#676 Warning
Input pipelining  
DSP u_pw_unit/u_pw_mac1/p_0_out__43__0 input u_pw_unit/u_pw_mac1/p_0_out__43__0/B[17:0] is not pipelined. Pipelining DSP48 input will improve performance.
Related violations: <none>

DPIP-2#677 Warning
Input pipelining  
DSP u_pw_unit/u_pw_mac1/p_0_out__43__1 input u_pw_unit/u_pw_mac1/p_0_out__43__1/B[17:0] is not pipelined. Pipelining DSP48 input will improve performance.
Related violations: <none>

DPIP-2#678 Warning
Input pipelining  
DSP u_pw_unit/u_pw_mac1/p_0_out__43__2 input u_pw_unit/u_pw_mac1/p_0_out__43__2/B[17:0] is not pipelined. Pipelining DSP48 input will improve performance.
Related violations: <none>

DPIP-2#679 Warning
Input pipelining  
DSP u_pw_unit/u_pw_mac1/p_0_out__44 input u_pw_unit/u_pw_mac1/p_0_out__44/B[17:0] is not pipelined. Pipelining DSP48 input will improve performance.
Related violations: <none>

DPIP-2#680 Warning
Input pipelining  
DSP u_pw_unit/u_pw_mac1/p_0_out__44__0 input u_pw_unit/u_pw_mac1/p_0_out__44__0/B[17:0] is not pipelined. Pipelining DSP48 input will improve performance.
Related violations: <none>

DPIP-2#681 Warning
Input pipelining  
DSP u_pw_unit/u_pw_mac1/p_0_out__44__1 input u_pw_unit/u_pw_mac1/p_0_out__44__1/B[17:0] is not pipelined. Pipelining DSP48 input will improve performance.
Related violations: <none>

DPIP-2#682 Warning
Input pipelining  
DSP u_pw_unit/u_pw_mac1/p_0_out__44__2 input u_pw_unit/u_pw_mac1/p_0_out__44__2/B[17:0] is not pipelined. Pipelining DSP48 input will improve performance.
Related violations: <none>

DPIP-2#683 Warning
Input pipelining  
DSP u_pw_unit/u_pw_mac1/p_0_out__45 input u_pw_unit/u_pw_mac1/p_0_out__45/B[17:0] is not pipelined. Pipelining DSP48 input will improve performance.
Related violations: <none>

DPIP-2#684 Warning
Input pipelining  
DSP u_pw_unit/u_pw_mac1/p_0_out__45__0 input u_pw_unit/u_pw_mac1/p_0_out__45__0/B[17:0] is not pipelined. Pipelining DSP48 input will improve performance.
Related violations: <none>

DPIP-2#685 Warning
Input pipelining  
DSP u_pw_unit/u_pw_mac1/p_0_out__45__1 input u_pw_unit/u_pw_mac1/p_0_out__45__1/B[17:0] is not pipelined. Pipelining DSP48 input will improve performance.
Related violations: <none>

DPIP-2#686 Warning
Input pipelining  
DSP u_pw_unit/u_pw_mac1/p_0_out__45__2 input u_pw_unit/u_pw_mac1/p_0_out__45__2/B[17:0] is not pipelined. Pipelining DSP48 input will improve performance.
Related violations: <none>

DPIP-2#687 Warning
Input pipelining  
DSP u_pw_unit/u_pw_mac1/p_0_out__46 input u_pw_unit/u_pw_mac1/p_0_out__46/B[17:0] is not pipelined. Pipelining DSP48 input will improve performance.
Related violations: <none>

DPIP-2#688 Warning
Input pipelining  
DSP u_pw_unit/u_pw_mac1/p_0_out__46__0 input u_pw_unit/u_pw_mac1/p_0_out__46__0/B[17:0] is not pipelined. Pipelining DSP48 input will improve performance.
Related violations: <none>

DPIP-2#689 Warning
Input pipelining  
DSP u_pw_unit/u_pw_mac1/p_0_out__46__1 input u_pw_unit/u_pw_mac1/p_0_out__46__1/A[29:0] is not pipelined. Pipelining DSP48 input will improve performance.
Related violations: <none>

DPIP-2#690 Warning
Input pipelining  
DSP u_pw_unit/u_pw_mac1/p_0_out__46__1 input u_pw_unit/u_pw_mac1/p_0_out__46__1/B[17:0] is not pipelined. Pipelining DSP48 input will improve performance.
Related violations: <none>

DPIP-2#691 Warning
Input pipelining  
DSP u_pw_unit/u_pw_mac1/p_0_out__46__2 input u_pw_unit/u_pw_mac1/p_0_out__46__2/B[17:0] is not pipelined. Pipelining DSP48 input will improve performance.
Related violations: <none>

DPIP-2#692 Warning
Input pipelining  
DSP u_pw_unit/u_pw_mac1/p_0_out__47 input u_pw_unit/u_pw_mac1/p_0_out__47/B[17:0] is not pipelined. Pipelining DSP48 input will improve performance.
Related violations: <none>

DPIP-2#693 Warning
Input pipelining  
DSP u_pw_unit/u_pw_mac1/p_0_out__47__0 input u_pw_unit/u_pw_mac1/p_0_out__47__0/B[17:0] is not pipelined. Pipelining DSP48 input will improve performance.
Related violations: <none>

DPIP-2#694 Warning
Input pipelining  
DSP u_pw_unit/u_pw_mac1/p_0_out__47__1 input u_pw_unit/u_pw_mac1/p_0_out__47__1/B[17:0] is not pipelined. Pipelining DSP48 input will improve performance.
Related violations: <none>

DPIP-2#695 Warning
Input pipelining  
DSP u_pw_unit/u_pw_mac1/p_0_out__47__2 input u_pw_unit/u_pw_mac1/p_0_out__47__2/B[17:0] is not pipelined. Pipelining DSP48 input will improve performance.
Related violations: <none>

DPIP-2#696 Warning
Input pipelining  
DSP u_pw_unit/u_pw_mac1/p_0_out__48 input u_pw_unit/u_pw_mac1/p_0_out__48/B[17:0] is not pipelined. Pipelining DSP48 input will improve performance.
Related violations: <none>

DPIP-2#697 Warning
Input pipelining  
DSP u_pw_unit/u_pw_mac1/p_0_out__48__0 input u_pw_unit/u_pw_mac1/p_0_out__48__0/B[17:0] is not pipelined. Pipelining DSP48 input will improve performance.
Related violations: <none>

DPIP-2#698 Warning
Input pipelining  
DSP u_pw_unit/u_pw_mac1/p_0_out__48__1 input u_pw_unit/u_pw_mac1/p_0_out__48__1/B[17:0] is not pipelined. Pipelining DSP48 input will improve performance.
Related violations: <none>

DPIP-2#699 Warning
Input pipelining  
DSP u_pw_unit/u_pw_mac1/p_0_out__48__2 input u_pw_unit/u_pw_mac1/p_0_out__48__2/B[17:0] is not pipelined. Pipelining DSP48 input will improve performance.
Related violations: <none>

DPIP-2#700 Warning
Input pipelining  
DSP u_pw_unit/u_pw_mac1/p_0_out__49 input u_pw_unit/u_pw_mac1/p_0_out__49/B[17:0] is not pipelined. Pipelining DSP48 input will improve performance.
Related violations: <none>

DPIP-2#701 Warning
Input pipelining  
DSP u_pw_unit/u_pw_mac1/p_0_out__49__0 input u_pw_unit/u_pw_mac1/p_0_out__49__0/B[17:0] is not pipelined. Pipelining DSP48 input will improve performance.
Related violations: <none>

DPIP-2#702 Warning
Input pipelining  
DSP u_pw_unit/u_pw_mac1/p_0_out__49__1 input u_pw_unit/u_pw_mac1/p_0_out__49__1/B[17:0] is not pipelined. Pipelining DSP48 input will improve performance.
Related violations: <none>

DPIP-2#703 Warning
Input pipelining  
DSP u_pw_unit/u_pw_mac1/p_0_out__49__2 input u_pw_unit/u_pw_mac1/p_0_out__49__2/B[17:0] is not pipelined. Pipelining DSP48 input will improve performance.
Related violations: <none>

DPIP-2#704 Warning
Input pipelining  
DSP u_pw_unit/u_pw_mac1/p_0_out__4__0 input u_pw_unit/u_pw_mac1/p_0_out__4__0/B[17:0] is not pipelined. Pipelining DSP48 input will improve performance.
Related violations: <none>

DPIP-2#705 Warning
Input pipelining  
DSP u_pw_unit/u_pw_mac1/p_0_out__4__1 input u_pw_unit/u_pw_mac1/p_0_out__4__1/B[17:0] is not pipelined. Pipelining DSP48 input will improve performance.
Related violations: <none>

DPIP-2#706 Warning
Input pipelining  
DSP u_pw_unit/u_pw_mac1/p_0_out__4__2 input u_pw_unit/u_pw_mac1/p_0_out__4__2/B[17:0] is not pipelined. Pipelining DSP48 input will improve performance.
Related violations: <none>

DPIP-2#707 Warning
Input pipelining  
DSP u_pw_unit/u_pw_mac1/p_0_out__5 input u_pw_unit/u_pw_mac1/p_0_out__5/B[17:0] is not pipelined. Pipelining DSP48 input will improve performance.
Related violations: <none>

DPIP-2#708 Warning
Input pipelining  
DSP u_pw_unit/u_pw_mac1/p_0_out__50 input u_pw_unit/u_pw_mac1/p_0_out__50/B[17:0] is not pipelined. Pipelining DSP48 input will improve performance.
Related violations: <none>

DPIP-2#709 Warning
Input pipelining  
DSP u_pw_unit/u_pw_mac1/p_0_out__50__0 input u_pw_unit/u_pw_mac1/p_0_out__50__0/B[17:0] is not pipelined. Pipelining DSP48 input will improve performance.
Related violations: <none>

DPIP-2#710 Warning
Input pipelining  
DSP u_pw_unit/u_pw_mac1/p_0_out__50__1 input u_pw_unit/u_pw_mac1/p_0_out__50__1/A[29:0] is not pipelined. Pipelining DSP48 input will improve performance.
Related violations: <none>

DPIP-2#711 Warning
Input pipelining  
DSP u_pw_unit/u_pw_mac1/p_0_out__50__1 input u_pw_unit/u_pw_mac1/p_0_out__50__1/B[17:0] is not pipelined. Pipelining DSP48 input will improve performance.
Related violations: <none>

DPIP-2#712 Warning
Input pipelining  
DSP u_pw_unit/u_pw_mac1/p_0_out__50__2 input u_pw_unit/u_pw_mac1/p_0_out__50__2/B[17:0] is not pipelined. Pipelining DSP48 input will improve performance.
Related violations: <none>

DPIP-2#713 Warning
Input pipelining  
DSP u_pw_unit/u_pw_mac1/p_0_out__51 input u_pw_unit/u_pw_mac1/p_0_out__51/B[17:0] is not pipelined. Pipelining DSP48 input will improve performance.
Related violations: <none>

DPIP-2#714 Warning
Input pipelining  
DSP u_pw_unit/u_pw_mac1/p_0_out__51__0 input u_pw_unit/u_pw_mac1/p_0_out__51__0/B[17:0] is not pipelined. Pipelining DSP48 input will improve performance.
Related violations: <none>

DPIP-2#715 Warning
Input pipelining  
DSP u_pw_unit/u_pw_mac1/p_0_out__51__1 input u_pw_unit/u_pw_mac1/p_0_out__51__1/B[17:0] is not pipelined. Pipelining DSP48 input will improve performance.
Related violations: <none>

DPIP-2#716 Warning
Input pipelining  
DSP u_pw_unit/u_pw_mac1/p_0_out__52 input u_pw_unit/u_pw_mac1/p_0_out__52/B[17:0] is not pipelined. Pipelining DSP48 input will improve performance.
Related violations: <none>

DPIP-2#717 Warning
Input pipelining  
DSP u_pw_unit/u_pw_mac1/p_0_out__52__0 input u_pw_unit/u_pw_mac1/p_0_out__52__0/B[17:0] is not pipelined. Pipelining DSP48 input will improve performance.
Related violations: <none>

DPIP-2#718 Warning
Input pipelining  
DSP u_pw_unit/u_pw_mac1/p_0_out__52__1 input u_pw_unit/u_pw_mac1/p_0_out__52__1/B[17:0] is not pipelined. Pipelining DSP48 input will improve performance.
Related violations: <none>

DPIP-2#719 Warning
Input pipelining  
DSP u_pw_unit/u_pw_mac1/p_0_out__53 input u_pw_unit/u_pw_mac1/p_0_out__53/B[17:0] is not pipelined. Pipelining DSP48 input will improve performance.
Related violations: <none>

DPIP-2#720 Warning
Input pipelining  
DSP u_pw_unit/u_pw_mac1/p_0_out__53__0 input u_pw_unit/u_pw_mac1/p_0_out__53__0/B[17:0] is not pipelined. Pipelining DSP48 input will improve performance.
Related violations: <none>

DPIP-2#721 Warning
Input pipelining  
DSP u_pw_unit/u_pw_mac1/p_0_out__53__1 input u_pw_unit/u_pw_mac1/p_0_out__53__1/B[17:0] is not pipelined. Pipelining DSP48 input will improve performance.
Related violations: <none>

DPIP-2#722 Warning
Input pipelining  
DSP u_pw_unit/u_pw_mac1/p_0_out__54 input u_pw_unit/u_pw_mac1/p_0_out__54/B[17:0] is not pipelined. Pipelining DSP48 input will improve performance.
Related violations: <none>

DPIP-2#723 Warning
Input pipelining  
DSP u_pw_unit/u_pw_mac1/p_0_out__54__0 input u_pw_unit/u_pw_mac1/p_0_out__54__0/B[17:0] is not pipelined. Pipelining DSP48 input will improve performance.
Related violations: <none>

DPIP-2#724 Warning
Input pipelining  
DSP u_pw_unit/u_pw_mac1/p_0_out__54__1 input u_pw_unit/u_pw_mac1/p_0_out__54__1/B[17:0] is not pipelined. Pipelining DSP48 input will improve performance.
Related violations: <none>

DPIP-2#725 Warning
Input pipelining  
DSP u_pw_unit/u_pw_mac1/p_0_out__55 input u_pw_unit/u_pw_mac1/p_0_out__55/B[17:0] is not pipelined. Pipelining DSP48 input will improve performance.
Related violations: <none>

DPIP-2#726 Warning
Input pipelining  
DSP u_pw_unit/u_pw_mac1/p_0_out__55__0 input u_pw_unit/u_pw_mac1/p_0_out__55__0/B[17:0] is not pipelined. Pipelining DSP48 input will improve performance.
Related violations: <none>

DPIP-2#727 Warning
Input pipelining  
DSP u_pw_unit/u_pw_mac1/p_0_out__55__1 input u_pw_unit/u_pw_mac1/p_0_out__55__1/B[17:0] is not pipelined. Pipelining DSP48 input will improve performance.
Related violations: <none>

DPIP-2#728 Warning
Input pipelining  
DSP u_pw_unit/u_pw_mac1/p_0_out__56 input u_pw_unit/u_pw_mac1/p_0_out__56/B[17:0] is not pipelined. Pipelining DSP48 input will improve performance.
Related violations: <none>

DPIP-2#729 Warning
Input pipelining  
DSP u_pw_unit/u_pw_mac1/p_0_out__56__0 input u_pw_unit/u_pw_mac1/p_0_out__56__0/B[17:0] is not pipelined. Pipelining DSP48 input will improve performance.
Related violations: <none>

DPIP-2#730 Warning
Input pipelining  
DSP u_pw_unit/u_pw_mac1/p_0_out__56__1 input u_pw_unit/u_pw_mac1/p_0_out__56__1/B[17:0] is not pipelined. Pipelining DSP48 input will improve performance.
Related violations: <none>

DPIP-2#731 Warning
Input pipelining  
DSP u_pw_unit/u_pw_mac1/p_0_out__57 input u_pw_unit/u_pw_mac1/p_0_out__57/B[17:0] is not pipelined. Pipelining DSP48 input will improve performance.
Related violations: <none>

DPIP-2#732 Warning
Input pipelining  
DSP u_pw_unit/u_pw_mac1/p_0_out__57__0 input u_pw_unit/u_pw_mac1/p_0_out__57__0/B[17:0] is not pipelined. Pipelining DSP48 input will improve performance.
Related violations: <none>

DPIP-2#733 Warning
Input pipelining  
DSP u_pw_unit/u_pw_mac1/p_0_out__57__1 input u_pw_unit/u_pw_mac1/p_0_out__57__1/B[17:0] is not pipelined. Pipelining DSP48 input will improve performance.
Related violations: <none>

DPIP-2#734 Warning
Input pipelining  
DSP u_pw_unit/u_pw_mac1/p_0_out__58 input u_pw_unit/u_pw_mac1/p_0_out__58/B[17:0] is not pipelined. Pipelining DSP48 input will improve performance.
Related violations: <none>

DPIP-2#735 Warning
Input pipelining  
DSP u_pw_unit/u_pw_mac1/p_0_out__58__0 input u_pw_unit/u_pw_mac1/p_0_out__58__0/B[17:0] is not pipelined. Pipelining DSP48 input will improve performance.
Related violations: <none>

DPIP-2#736 Warning
Input pipelining  
DSP u_pw_unit/u_pw_mac1/p_0_out__58__1 input u_pw_unit/u_pw_mac1/p_0_out__58__1/B[17:0] is not pipelined. Pipelining DSP48 input will improve performance.
Related violations: <none>

DPIP-2#737 Warning
Input pipelining  
DSP u_pw_unit/u_pw_mac1/p_0_out__59 input u_pw_unit/u_pw_mac1/p_0_out__59/B[17:0] is not pipelined. Pipelining DSP48 input will improve performance.
Related violations: <none>

DPIP-2#738 Warning
Input pipelining  
DSP u_pw_unit/u_pw_mac1/p_0_out__59__0 input u_pw_unit/u_pw_mac1/p_0_out__59__0/B[17:0] is not pipelined. Pipelining DSP48 input will improve performance.
Related violations: <none>

DPIP-2#739 Warning
Input pipelining  
DSP u_pw_unit/u_pw_mac1/p_0_out__59__1 input u_pw_unit/u_pw_mac1/p_0_out__59__1/B[17:0] is not pipelined. Pipelining DSP48 input will improve performance.
Related violations: <none>

DPIP-2#740 Warning
Input pipelining  
DSP u_pw_unit/u_pw_mac1/p_0_out__5__0 input u_pw_unit/u_pw_mac1/p_0_out__5__0/B[17:0] is not pipelined. Pipelining DSP48 input will improve performance.
Related violations: <none>

DPIP-2#741 Warning
Input pipelining  
DSP u_pw_unit/u_pw_mac1/p_0_out__5__1 input u_pw_unit/u_pw_mac1/p_0_out__5__1/B[17:0] is not pipelined. Pipelining DSP48 input will improve performance.
Related violations: <none>

DPIP-2#742 Warning
Input pipelining  
DSP u_pw_unit/u_pw_mac1/p_0_out__5__2 input u_pw_unit/u_pw_mac1/p_0_out__5__2/B[17:0] is not pipelined. Pipelining DSP48 input will improve performance.
Related violations: <none>

DPIP-2#743 Warning
Input pipelining  
DSP u_pw_unit/u_pw_mac1/p_0_out__6 input u_pw_unit/u_pw_mac1/p_0_out__6/A[29:0] is not pipelined. Pipelining DSP48 input will improve performance.
Related violations: <none>

DPIP-2#744 Warning
Input pipelining  
DSP u_pw_unit/u_pw_mac1/p_0_out__6 input u_pw_unit/u_pw_mac1/p_0_out__6/B[17:0] is not pipelined. Pipelining DSP48 input will improve performance.
Related violations: <none>

DPIP-2#745 Warning
Input pipelining  
DSP u_pw_unit/u_pw_mac1/p_0_out__60 input u_pw_unit/u_pw_mac1/p_0_out__60/B[17:0] is not pipelined. Pipelining DSP48 input will improve performance.
Related violations: <none>

DPIP-2#746 Warning
Input pipelining  
DSP u_pw_unit/u_pw_mac1/p_0_out__60__0 input u_pw_unit/u_pw_mac1/p_0_out__60__0/B[17:0] is not pipelined. Pipelining DSP48 input will improve performance.
Related violations: <none>

DPIP-2#747 Warning
Input pipelining  
DSP u_pw_unit/u_pw_mac1/p_0_out__60__1 input u_pw_unit/u_pw_mac1/p_0_out__60__1/B[17:0] is not pipelined. Pipelining DSP48 input will improve performance.
Related violations: <none>

DPIP-2#748 Warning
Input pipelining  
DSP u_pw_unit/u_pw_mac1/p_0_out__61 input u_pw_unit/u_pw_mac1/p_0_out__61/B[17:0] is not pipelined. Pipelining DSP48 input will improve performance.
Related violations: <none>

DPIP-2#749 Warning
Input pipelining  
DSP u_pw_unit/u_pw_mac1/p_0_out__61__0 input u_pw_unit/u_pw_mac1/p_0_out__61__0/B[17:0] is not pipelined. Pipelining DSP48 input will improve performance.
Related violations: <none>

DPIP-2#750 Warning
Input pipelining  
DSP u_pw_unit/u_pw_mac1/p_0_out__61__1 input u_pw_unit/u_pw_mac1/p_0_out__61__1/B[17:0] is not pipelined. Pipelining DSP48 input will improve performance.
Related violations: <none>

DPIP-2#751 Warning
Input pipelining  
DSP u_pw_unit/u_pw_mac1/p_0_out__62 input u_pw_unit/u_pw_mac1/p_0_out__62/B[17:0] is not pipelined. Pipelining DSP48 input will improve performance.
Related violations: <none>

DPIP-2#752 Warning
Input pipelining  
DSP u_pw_unit/u_pw_mac1/p_0_out__62__0 input u_pw_unit/u_pw_mac1/p_0_out__62__0/B[17:0] is not pipelined. Pipelining DSP48 input will improve performance.
Related violations: <none>

DPIP-2#753 Warning
Input pipelining  
DSP u_pw_unit/u_pw_mac1/p_0_out__62__1 input u_pw_unit/u_pw_mac1/p_0_out__62__1/B[17:0] is not pipelined. Pipelining DSP48 input will improve performance.
Related violations: <none>

DPIP-2#754 Warning
Input pipelining  
DSP u_pw_unit/u_pw_mac1/p_0_out__63 input u_pw_unit/u_pw_mac1/p_0_out__63/B[17:0] is not pipelined. Pipelining DSP48 input will improve performance.
Related violations: <none>

DPIP-2#755 Warning
Input pipelining  
DSP u_pw_unit/u_pw_mac1/p_0_out__64 input u_pw_unit/u_pw_mac1/p_0_out__64/B[17:0] is not pipelined. Pipelining DSP48 input will improve performance.
Related violations: <none>

DPIP-2#756 Warning
Input pipelining  
DSP u_pw_unit/u_pw_mac1/p_0_out__65 input u_pw_unit/u_pw_mac1/p_0_out__65/B[17:0] is not pipelined. Pipelining DSP48 input will improve performance.
Related violations: <none>

DPIP-2#757 Warning
Input pipelining  
DSP u_pw_unit/u_pw_mac1/p_0_out__66 input u_pw_unit/u_pw_mac1/p_0_out__66/B[17:0] is not pipelined. Pipelining DSP48 input will improve performance.
Related violations: <none>

DPIP-2#758 Warning
Input pipelining  
DSP u_pw_unit/u_pw_mac1/p_0_out__67 input u_pw_unit/u_pw_mac1/p_0_out__67/B[17:0] is not pipelined. Pipelining DSP48 input will improve performance.
Related violations: <none>

DPIP-2#759 Warning
Input pipelining  
DSP u_pw_unit/u_pw_mac1/p_0_out__68 input u_pw_unit/u_pw_mac1/p_0_out__68/B[17:0] is not pipelined. Pipelining DSP48 input will improve performance.
Related violations: <none>

DPIP-2#760 Warning
Input pipelining  
DSP u_pw_unit/u_pw_mac1/p_0_out__69 input u_pw_unit/u_pw_mac1/p_0_out__69/B[17:0] is not pipelined. Pipelining DSP48 input will improve performance.
Related violations: <none>

DPIP-2#761 Warning
Input pipelining  
DSP u_pw_unit/u_pw_mac1/p_0_out__6__0 input u_pw_unit/u_pw_mac1/p_0_out__6__0/B[17:0] is not pipelined. Pipelining DSP48 input will improve performance.
Related violations: <none>

DPIP-2#762 Warning
Input pipelining  
DSP u_pw_unit/u_pw_mac1/p_0_out__6__1 input u_pw_unit/u_pw_mac1/p_0_out__6__1/A[29:0] is not pipelined. Pipelining DSP48 input will improve performance.
Related violations: <none>

DPIP-2#763 Warning
Input pipelining  
DSP u_pw_unit/u_pw_mac1/p_0_out__6__1 input u_pw_unit/u_pw_mac1/p_0_out__6__1/B[17:0] is not pipelined. Pipelining DSP48 input will improve performance.
Related violations: <none>

DPIP-2#764 Warning
Input pipelining  
DSP u_pw_unit/u_pw_mac1/p_0_out__6__2 input u_pw_unit/u_pw_mac1/p_0_out__6__2/B[17:0] is not pipelined. Pipelining DSP48 input will improve performance.
Related violations: <none>

DPIP-2#765 Warning
Input pipelining  
DSP u_pw_unit/u_pw_mac1/p_0_out__7 input u_pw_unit/u_pw_mac1/p_0_out__7/B[17:0] is not pipelined. Pipelining DSP48 input will improve performance.
Related violations: <none>

DPIP-2#766 Warning
Input pipelining  
DSP u_pw_unit/u_pw_mac1/p_0_out__70 input u_pw_unit/u_pw_mac1/p_0_out__70/B[17:0] is not pipelined. Pipelining DSP48 input will improve performance.
Related violations: <none>

DPIP-2#767 Warning
Input pipelining  
DSP u_pw_unit/u_pw_mac1/p_0_out__71 input u_pw_unit/u_pw_mac1/p_0_out__71/B[17:0] is not pipelined. Pipelining DSP48 input will improve performance.
Related violations: <none>

DPIP-2#768 Warning
Input pipelining  
DSP u_pw_unit/u_pw_mac1/p_0_out__72 input u_pw_unit/u_pw_mac1/p_0_out__72/B[17:0] is not pipelined. Pipelining DSP48 input will improve performance.
Related violations: <none>

DPIP-2#769 Warning
Input pipelining  
DSP u_pw_unit/u_pw_mac1/p_0_out__73 input u_pw_unit/u_pw_mac1/p_0_out__73/B[17:0] is not pipelined. Pipelining DSP48 input will improve performance.
Related violations: <none>

DPIP-2#770 Warning
Input pipelining  
DSP u_pw_unit/u_pw_mac1/p_0_out__74 input u_pw_unit/u_pw_mac1/p_0_out__74/B[17:0] is not pipelined. Pipelining DSP48 input will improve performance.
Related violations: <none>

DPIP-2#771 Warning
Input pipelining  
DSP u_pw_unit/u_pw_mac1/p_0_out__75 input u_pw_unit/u_pw_mac1/p_0_out__75/B[17:0] is not pipelined. Pipelining DSP48 input will improve performance.
Related violations: <none>

DPIP-2#772 Warning
Input pipelining  
DSP u_pw_unit/u_pw_mac1/p_0_out__76 input u_pw_unit/u_pw_mac1/p_0_out__76/B[17:0] is not pipelined. Pipelining DSP48 input will improve performance.
Related violations: <none>

DPIP-2#773 Warning
Input pipelining  
DSP u_pw_unit/u_pw_mac1/p_0_out__77 input u_pw_unit/u_pw_mac1/p_0_out__77/B[17:0] is not pipelined. Pipelining DSP48 input will improve performance.
Related violations: <none>

DPIP-2#774 Warning
Input pipelining  
DSP u_pw_unit/u_pw_mac1/p_0_out__7__0 input u_pw_unit/u_pw_mac1/p_0_out__7__0/B[17:0] is not pipelined. Pipelining DSP48 input will improve performance.
Related violations: <none>

DPIP-2#775 Warning
Input pipelining  
DSP u_pw_unit/u_pw_mac1/p_0_out__7__1 input u_pw_unit/u_pw_mac1/p_0_out__7__1/B[17:0] is not pipelined. Pipelining DSP48 input will improve performance.
Related violations: <none>

DPIP-2#776 Warning
Input pipelining  
DSP u_pw_unit/u_pw_mac1/p_0_out__7__2 input u_pw_unit/u_pw_mac1/p_0_out__7__2/B[17:0] is not pipelined. Pipelining DSP48 input will improve performance.
Related violations: <none>

DPIP-2#777 Warning
Input pipelining  
DSP u_pw_unit/u_pw_mac1/p_0_out__8 input u_pw_unit/u_pw_mac1/p_0_out__8/B[17:0] is not pipelined. Pipelining DSP48 input will improve performance.
Related violations: <none>

DPIP-2#778 Warning
Input pipelining  
DSP u_pw_unit/u_pw_mac1/p_0_out__8__0 input u_pw_unit/u_pw_mac1/p_0_out__8__0/B[17:0] is not pipelined. Pipelining DSP48 input will improve performance.
Related violations: <none>

DPIP-2#779 Warning
Input pipelining  
DSP u_pw_unit/u_pw_mac1/p_0_out__8__1 input u_pw_unit/u_pw_mac1/p_0_out__8__1/B[17:0] is not pipelined. Pipelining DSP48 input will improve performance.
Related violations: <none>

DPIP-2#780 Warning
Input pipelining  
DSP u_pw_unit/u_pw_mac1/p_0_out__8__2 input u_pw_unit/u_pw_mac1/p_0_out__8__2/B[17:0] is not pipelined. Pipelining DSP48 input will improve performance.
Related violations: <none>

DPIP-2#781 Warning
Input pipelining  
DSP u_pw_unit/u_pw_mac1/p_0_out__9 input u_pw_unit/u_pw_mac1/p_0_out__9/B[17:0] is not pipelined. Pipelining DSP48 input will improve performance.
Related violations: <none>

DPIP-2#782 Warning
Input pipelining  
DSP u_pw_unit/u_pw_mac1/p_0_out__9__0 input u_pw_unit/u_pw_mac1/p_0_out__9__0/B[17:0] is not pipelined. Pipelining DSP48 input will improve performance.
Related violations: <none>

DPIP-2#783 Warning
Input pipelining  
DSP u_pw_unit/u_pw_mac1/p_0_out__9__1 input u_pw_unit/u_pw_mac1/p_0_out__9__1/B[17:0] is not pipelined. Pipelining DSP48 input will improve performance.
Related violations: <none>

DPIP-2#784 Warning
Input pipelining  
DSP u_pw_unit/u_pw_mac1/p_0_out__9__2 input u_pw_unit/u_pw_mac1/p_0_out__9__2/B[17:0] is not pipelined. Pipelining DSP48 input will improve performance.
Related violations: <none>

DPOP-4#1 Warning
MREG Output pipelining  
DSP u_pw_unit/u_pw_mac0/p_0_out multiplier stage u_pw_unit/u_pw_mac0/p_0_out/P[47:0] is not pipelined (MREG=0). Pipelining the multiplier function will improve performance and will save significant power so it is suggested whenever possible to fully pipeline this function.  If this multiplier was inferred, it is suggested to describe an additional register stage after this function.  If there is no registered adder/accumulator following the multiply function, two pipeline stages are suggested to allow both the MREG and PREG registers to be used.  If the DSP48 was instantiated in the design, it is suggested to set both the MREG and PREG attributes to 1 when performing multiply functions.
Related violations: <none>

DPOP-4#2 Warning
MREG Output pipelining  
DSP u_pw_unit/u_pw_mac0/p_0_out__0 multiplier stage u_pw_unit/u_pw_mac0/p_0_out__0/P[47:0] is not pipelined (MREG=0). Pipelining the multiplier function will improve performance and will save significant power so it is suggested whenever possible to fully pipeline this function.  If this multiplier was inferred, it is suggested to describe an additional register stage after this function.  If there is no registered adder/accumulator following the multiply function, two pipeline stages are suggested to allow both the MREG and PREG registers to be used.  If the DSP48 was instantiated in the design, it is suggested to set both the MREG and PREG attributes to 1 when performing multiply functions.
Related violations: <none>

DPOP-4#3 Warning
MREG Output pipelining  
DSP u_pw_unit/u_pw_mac0/p_0_out__0__0 multiplier stage u_pw_unit/u_pw_mac0/p_0_out__0__0/P[47:0] is not pipelined (MREG=0). Pipelining the multiplier function will improve performance and will save significant power so it is suggested whenever possible to fully pipeline this function.  If this multiplier was inferred, it is suggested to describe an additional register stage after this function.  If there is no registered adder/accumulator following the multiply function, two pipeline stages are suggested to allow both the MREG and PREG registers to be used.  If the DSP48 was instantiated in the design, it is suggested to set both the MREG and PREG attributes to 1 when performing multiply functions.
Related violations: <none>

DPOP-4#4 Warning
MREG Output pipelining  
DSP u_pw_unit/u_pw_mac0/p_0_out__0__1 multiplier stage u_pw_unit/u_pw_mac0/p_0_out__0__1/P[47:0] is not pipelined (MREG=0). Pipelining the multiplier function will improve performance and will save significant power so it is suggested whenever possible to fully pipeline this function.  If this multiplier was inferred, it is suggested to describe an additional register stage after this function.  If there is no registered adder/accumulator following the multiply function, two pipeline stages are suggested to allow both the MREG and PREG registers to be used.  If the DSP48 was instantiated in the design, it is suggested to set both the MREG and PREG attributes to 1 when performing multiply functions.
Related violations: <none>

DPOP-4#5 Warning
MREG Output pipelining  
DSP u_pw_unit/u_pw_mac0/p_0_out__0__2 multiplier stage u_pw_unit/u_pw_mac0/p_0_out__0__2/P[47:0] is not pipelined (MREG=0). Pipelining the multiplier function will improve performance and will save significant power so it is suggested whenever possible to fully pipeline this function.  If this multiplier was inferred, it is suggested to describe an additional register stage after this function.  If there is no registered adder/accumulator following the multiply function, two pipeline stages are suggested to allow both the MREG and PREG registers to be used.  If the DSP48 was instantiated in the design, it is suggested to set both the MREG and PREG attributes to 1 when performing multiply functions.
Related violations: <none>

DPOP-4#6 Warning
MREG Output pipelining  
DSP u_pw_unit/u_pw_mac0/p_0_out__1 multiplier stage u_pw_unit/u_pw_mac0/p_0_out__1/P[47:0] is not pipelined (MREG=0). Pipelining the multiplier function will improve performance and will save significant power so it is suggested whenever possible to fully pipeline this function.  If this multiplier was inferred, it is suggested to describe an additional register stage after this function.  If there is no registered adder/accumulator following the multiply function, two pipeline stages are suggested to allow both the MREG and PREG registers to be used.  If the DSP48 was instantiated in the design, it is suggested to set both the MREG and PREG attributes to 1 when performing multiply functions.
Related violations: <none>

DPOP-4#7 Warning
MREG Output pipelining  
DSP u_pw_unit/u_pw_mac0/p_0_out__10 multiplier stage u_pw_unit/u_pw_mac0/p_0_out__10/P[47:0] is not pipelined (MREG=0). Pipelining the multiplier function will improve performance and will save significant power so it is suggested whenever possible to fully pipeline this function.  If this multiplier was inferred, it is suggested to describe an additional register stage after this function.  If there is no registered adder/accumulator following the multiply function, two pipeline stages are suggested to allow both the MREG and PREG registers to be used.  If the DSP48 was instantiated in the design, it is suggested to set both the MREG and PREG attributes to 1 when performing multiply functions.
Related violations: <none>

DPOP-4#8 Warning
MREG Output pipelining  
DSP u_pw_unit/u_pw_mac0/p_0_out__10__0 multiplier stage u_pw_unit/u_pw_mac0/p_0_out__10__0/P[47:0] is not pipelined (MREG=0). Pipelining the multiplier function will improve performance and will save significant power so it is suggested whenever possible to fully pipeline this function.  If this multiplier was inferred, it is suggested to describe an additional register stage after this function.  If there is no registered adder/accumulator following the multiply function, two pipeline stages are suggested to allow both the MREG and PREG registers to be used.  If the DSP48 was instantiated in the design, it is suggested to set both the MREG and PREG attributes to 1 when performing multiply functions.
Related violations: <none>

DPOP-4#9 Warning
MREG Output pipelining  
DSP u_pw_unit/u_pw_mac0/p_0_out__10__1 multiplier stage u_pw_unit/u_pw_mac0/p_0_out__10__1/P[47:0] is not pipelined (MREG=0). Pipelining the multiplier function will improve performance and will save significant power so it is suggested whenever possible to fully pipeline this function.  If this multiplier was inferred, it is suggested to describe an additional register stage after this function.  If there is no registered adder/accumulator following the multiply function, two pipeline stages are suggested to allow both the MREG and PREG registers to be used.  If the DSP48 was instantiated in the design, it is suggested to set both the MREG and PREG attributes to 1 when performing multiply functions.
Related violations: <none>

DPOP-4#10 Warning
MREG Output pipelining  
DSP u_pw_unit/u_pw_mac0/p_0_out__10__2 multiplier stage u_pw_unit/u_pw_mac0/p_0_out__10__2/P[47:0] is not pipelined (MREG=0). Pipelining the multiplier function will improve performance and will save significant power so it is suggested whenever possible to fully pipeline this function.  If this multiplier was inferred, it is suggested to describe an additional register stage after this function.  If there is no registered adder/accumulator following the multiply function, two pipeline stages are suggested to allow both the MREG and PREG registers to be used.  If the DSP48 was instantiated in the design, it is suggested to set both the MREG and PREG attributes to 1 when performing multiply functions.
Related violations: <none>

DPOP-4#11 Warning
MREG Output pipelining  
DSP u_pw_unit/u_pw_mac0/p_0_out__11 multiplier stage u_pw_unit/u_pw_mac0/p_0_out__11/P[47:0] is not pipelined (MREG=0). Pipelining the multiplier function will improve performance and will save significant power so it is suggested whenever possible to fully pipeline this function.  If this multiplier was inferred, it is suggested to describe an additional register stage after this function.  If there is no registered adder/accumulator following the multiply function, two pipeline stages are suggested to allow both the MREG and PREG registers to be used.  If the DSP48 was instantiated in the design, it is suggested to set both the MREG and PREG attributes to 1 when performing multiply functions.
Related violations: <none>

DPOP-4#12 Warning
MREG Output pipelining  
DSP u_pw_unit/u_pw_mac0/p_0_out__11__0 multiplier stage u_pw_unit/u_pw_mac0/p_0_out__11__0/P[47:0] is not pipelined (MREG=0). Pipelining the multiplier function will improve performance and will save significant power so it is suggested whenever possible to fully pipeline this function.  If this multiplier was inferred, it is suggested to describe an additional register stage after this function.  If there is no registered adder/accumulator following the multiply function, two pipeline stages are suggested to allow both the MREG and PREG registers to be used.  If the DSP48 was instantiated in the design, it is suggested to set both the MREG and PREG attributes to 1 when performing multiply functions.
Related violations: <none>

DPOP-4#13 Warning
MREG Output pipelining  
DSP u_pw_unit/u_pw_mac0/p_0_out__11__1 multiplier stage u_pw_unit/u_pw_mac0/p_0_out__11__1/P[47:0] is not pipelined (MREG=0). Pipelining the multiplier function will improve performance and will save significant power so it is suggested whenever possible to fully pipeline this function.  If this multiplier was inferred, it is suggested to describe an additional register stage after this function.  If there is no registered adder/accumulator following the multiply function, two pipeline stages are suggested to allow both the MREG and PREG registers to be used.  If the DSP48 was instantiated in the design, it is suggested to set both the MREG and PREG attributes to 1 when performing multiply functions.
Related violations: <none>

DPOP-4#14 Warning
MREG Output pipelining  
DSP u_pw_unit/u_pw_mac0/p_0_out__11__2 multiplier stage u_pw_unit/u_pw_mac0/p_0_out__11__2/P[47:0] is not pipelined (MREG=0). Pipelining the multiplier function will improve performance and will save significant power so it is suggested whenever possible to fully pipeline this function.  If this multiplier was inferred, it is suggested to describe an additional register stage after this function.  If there is no registered adder/accumulator following the multiply function, two pipeline stages are suggested to allow both the MREG and PREG registers to be used.  If the DSP48 was instantiated in the design, it is suggested to set both the MREG and PREG attributes to 1 when performing multiply functions.
Related violations: <none>

DPOP-4#15 Warning
MREG Output pipelining  
DSP u_pw_unit/u_pw_mac0/p_0_out__12 multiplier stage u_pw_unit/u_pw_mac0/p_0_out__12/P[47:0] is not pipelined (MREG=0). Pipelining the multiplier function will improve performance and will save significant power so it is suggested whenever possible to fully pipeline this function.  If this multiplier was inferred, it is suggested to describe an additional register stage after this function.  If there is no registered adder/accumulator following the multiply function, two pipeline stages are suggested to allow both the MREG and PREG registers to be used.  If the DSP48 was instantiated in the design, it is suggested to set both the MREG and PREG attributes to 1 when performing multiply functions.
Related violations: <none>

DPOP-4#16 Warning
MREG Output pipelining  
DSP u_pw_unit/u_pw_mac0/p_0_out__12__0 multiplier stage u_pw_unit/u_pw_mac0/p_0_out__12__0/P[47:0] is not pipelined (MREG=0). Pipelining the multiplier function will improve performance and will save significant power so it is suggested whenever possible to fully pipeline this function.  If this multiplier was inferred, it is suggested to describe an additional register stage after this function.  If there is no registered adder/accumulator following the multiply function, two pipeline stages are suggested to allow both the MREG and PREG registers to be used.  If the DSP48 was instantiated in the design, it is suggested to set both the MREG and PREG attributes to 1 when performing multiply functions.
Related violations: <none>

DPOP-4#17 Warning
MREG Output pipelining  
DSP u_pw_unit/u_pw_mac0/p_0_out__12__1 multiplier stage u_pw_unit/u_pw_mac0/p_0_out__12__1/P[47:0] is not pipelined (MREG=0). Pipelining the multiplier function will improve performance and will save significant power so it is suggested whenever possible to fully pipeline this function.  If this multiplier was inferred, it is suggested to describe an additional register stage after this function.  If there is no registered adder/accumulator following the multiply function, two pipeline stages are suggested to allow both the MREG and PREG registers to be used.  If the DSP48 was instantiated in the design, it is suggested to set both the MREG and PREG attributes to 1 when performing multiply functions.
Related violations: <none>

DPOP-4#18 Warning
MREG Output pipelining  
DSP u_pw_unit/u_pw_mac0/p_0_out__12__2 multiplier stage u_pw_unit/u_pw_mac0/p_0_out__12__2/P[47:0] is not pipelined (MREG=0). Pipelining the multiplier function will improve performance and will save significant power so it is suggested whenever possible to fully pipeline this function.  If this multiplier was inferred, it is suggested to describe an additional register stage after this function.  If there is no registered adder/accumulator following the multiply function, two pipeline stages are suggested to allow both the MREG and PREG registers to be used.  If the DSP48 was instantiated in the design, it is suggested to set both the MREG and PREG attributes to 1 when performing multiply functions.
Related violations: <none>

DPOP-4#19 Warning
MREG Output pipelining  
DSP u_pw_unit/u_pw_mac0/p_0_out__13 multiplier stage u_pw_unit/u_pw_mac0/p_0_out__13/P[47:0] is not pipelined (MREG=0). Pipelining the multiplier function will improve performance and will save significant power so it is suggested whenever possible to fully pipeline this function.  If this multiplier was inferred, it is suggested to describe an additional register stage after this function.  If there is no registered adder/accumulator following the multiply function, two pipeline stages are suggested to allow both the MREG and PREG registers to be used.  If the DSP48 was instantiated in the design, it is suggested to set both the MREG and PREG attributes to 1 when performing multiply functions.
Related violations: <none>

DPOP-4#20 Warning
MREG Output pipelining  
DSP u_pw_unit/u_pw_mac0/p_0_out__13__0 multiplier stage u_pw_unit/u_pw_mac0/p_0_out__13__0/P[47:0] is not pipelined (MREG=0). Pipelining the multiplier function will improve performance and will save significant power so it is suggested whenever possible to fully pipeline this function.  If this multiplier was inferred, it is suggested to describe an additional register stage after this function.  If there is no registered adder/accumulator following the multiply function, two pipeline stages are suggested to allow both the MREG and PREG registers to be used.  If the DSP48 was instantiated in the design, it is suggested to set both the MREG and PREG attributes to 1 when performing multiply functions.
Related violations: <none>

DPOP-4#21 Warning
MREG Output pipelining  
DSP u_pw_unit/u_pw_mac0/p_0_out__13__1 multiplier stage u_pw_unit/u_pw_mac0/p_0_out__13__1/P[47:0] is not pipelined (MREG=0). Pipelining the multiplier function will improve performance and will save significant power so it is suggested whenever possible to fully pipeline this function.  If this multiplier was inferred, it is suggested to describe an additional register stage after this function.  If there is no registered adder/accumulator following the multiply function, two pipeline stages are suggested to allow both the MREG and PREG registers to be used.  If the DSP48 was instantiated in the design, it is suggested to set both the MREG and PREG attributes to 1 when performing multiply functions.
Related violations: <none>

DPOP-4#22 Warning
MREG Output pipelining  
DSP u_pw_unit/u_pw_mac0/p_0_out__13__2 multiplier stage u_pw_unit/u_pw_mac0/p_0_out__13__2/P[47:0] is not pipelined (MREG=0). Pipelining the multiplier function will improve performance and will save significant power so it is suggested whenever possible to fully pipeline this function.  If this multiplier was inferred, it is suggested to describe an additional register stage after this function.  If there is no registered adder/accumulator following the multiply function, two pipeline stages are suggested to allow both the MREG and PREG registers to be used.  If the DSP48 was instantiated in the design, it is suggested to set both the MREG and PREG attributes to 1 when performing multiply functions.
Related violations: <none>

DPOP-4#23 Warning
MREG Output pipelining  
DSP u_pw_unit/u_pw_mac0/p_0_out__14 multiplier stage u_pw_unit/u_pw_mac0/p_0_out__14/P[47:0] is not pipelined (MREG=0). Pipelining the multiplier function will improve performance and will save significant power so it is suggested whenever possible to fully pipeline this function.  If this multiplier was inferred, it is suggested to describe an additional register stage after this function.  If there is no registered adder/accumulator following the multiply function, two pipeline stages are suggested to allow both the MREG and PREG registers to be used.  If the DSP48 was instantiated in the design, it is suggested to set both the MREG and PREG attributes to 1 when performing multiply functions.
Related violations: <none>

DPOP-4#24 Warning
MREG Output pipelining  
DSP u_pw_unit/u_pw_mac0/p_0_out__14__0 multiplier stage u_pw_unit/u_pw_mac0/p_0_out__14__0/P[47:0] is not pipelined (MREG=0). Pipelining the multiplier function will improve performance and will save significant power so it is suggested whenever possible to fully pipeline this function.  If this multiplier was inferred, it is suggested to describe an additional register stage after this function.  If there is no registered adder/accumulator following the multiply function, two pipeline stages are suggested to allow both the MREG and PREG registers to be used.  If the DSP48 was instantiated in the design, it is suggested to set both the MREG and PREG attributes to 1 when performing multiply functions.
Related violations: <none>

DPOP-4#25 Warning
MREG Output pipelining  
DSP u_pw_unit/u_pw_mac0/p_0_out__14__1 multiplier stage u_pw_unit/u_pw_mac0/p_0_out__14__1/P[47:0] is not pipelined (MREG=0). Pipelining the multiplier function will improve performance and will save significant power so it is suggested whenever possible to fully pipeline this function.  If this multiplier was inferred, it is suggested to describe an additional register stage after this function.  If there is no registered adder/accumulator following the multiply function, two pipeline stages are suggested to allow both the MREG and PREG registers to be used.  If the DSP48 was instantiated in the design, it is suggested to set both the MREG and PREG attributes to 1 when performing multiply functions.
Related violations: <none>

DPOP-4#26 Warning
MREG Output pipelining  
DSP u_pw_unit/u_pw_mac0/p_0_out__14__2 multiplier stage u_pw_unit/u_pw_mac0/p_0_out__14__2/P[47:0] is not pipelined (MREG=0). Pipelining the multiplier function will improve performance and will save significant power so it is suggested whenever possible to fully pipeline this function.  If this multiplier was inferred, it is suggested to describe an additional register stage after this function.  If there is no registered adder/accumulator following the multiply function, two pipeline stages are suggested to allow both the MREG and PREG registers to be used.  If the DSP48 was instantiated in the design, it is suggested to set both the MREG and PREG attributes to 1 when performing multiply functions.
Related violations: <none>

DPOP-4#27 Warning
MREG Output pipelining  
DSP u_pw_unit/u_pw_mac0/p_0_out__15 multiplier stage u_pw_unit/u_pw_mac0/p_0_out__15/P[47:0] is not pipelined (MREG=0). Pipelining the multiplier function will improve performance and will save significant power so it is suggested whenever possible to fully pipeline this function.  If this multiplier was inferred, it is suggested to describe an additional register stage after this function.  If there is no registered adder/accumulator following the multiply function, two pipeline stages are suggested to allow both the MREG and PREG registers to be used.  If the DSP48 was instantiated in the design, it is suggested to set both the MREG and PREG attributes to 1 when performing multiply functions.
Related violations: <none>

DPOP-4#28 Warning
MREG Output pipelining  
DSP u_pw_unit/u_pw_mac0/p_0_out__15__0 multiplier stage u_pw_unit/u_pw_mac0/p_0_out__15__0/P[47:0] is not pipelined (MREG=0). Pipelining the multiplier function will improve performance and will save significant power so it is suggested whenever possible to fully pipeline this function.  If this multiplier was inferred, it is suggested to describe an additional register stage after this function.  If there is no registered adder/accumulator following the multiply function, two pipeline stages are suggested to allow both the MREG and PREG registers to be used.  If the DSP48 was instantiated in the design, it is suggested to set both the MREG and PREG attributes to 1 when performing multiply functions.
Related violations: <none>

DPOP-4#29 Warning
MREG Output pipelining  
DSP u_pw_unit/u_pw_mac0/p_0_out__15__1 multiplier stage u_pw_unit/u_pw_mac0/p_0_out__15__1/P[47:0] is not pipelined (MREG=0). Pipelining the multiplier function will improve performance and will save significant power so it is suggested whenever possible to fully pipeline this function.  If this multiplier was inferred, it is suggested to describe an additional register stage after this function.  If there is no registered adder/accumulator following the multiply function, two pipeline stages are suggested to allow both the MREG and PREG registers to be used.  If the DSP48 was instantiated in the design, it is suggested to set both the MREG and PREG attributes to 1 when performing multiply functions.
Related violations: <none>

DPOP-4#30 Warning
MREG Output pipelining  
DSP u_pw_unit/u_pw_mac0/p_0_out__15__2 multiplier stage u_pw_unit/u_pw_mac0/p_0_out__15__2/P[47:0] is not pipelined (MREG=0). Pipelining the multiplier function will improve performance and will save significant power so it is suggested whenever possible to fully pipeline this function.  If this multiplier was inferred, it is suggested to describe an additional register stage after this function.  If there is no registered adder/accumulator following the multiply function, two pipeline stages are suggested to allow both the MREG and PREG registers to be used.  If the DSP48 was instantiated in the design, it is suggested to set both the MREG and PREG attributes to 1 when performing multiply functions.
Related violations: <none>

DPOP-4#31 Warning
MREG Output pipelining  
DSP u_pw_unit/u_pw_mac0/p_0_out__16 multiplier stage u_pw_unit/u_pw_mac0/p_0_out__16/P[47:0] is not pipelined (MREG=0). Pipelining the multiplier function will improve performance and will save significant power so it is suggested whenever possible to fully pipeline this function.  If this multiplier was inferred, it is suggested to describe an additional register stage after this function.  If there is no registered adder/accumulator following the multiply function, two pipeline stages are suggested to allow both the MREG and PREG registers to be used.  If the DSP48 was instantiated in the design, it is suggested to set both the MREG and PREG attributes to 1 when performing multiply functions.
Related violations: <none>

DPOP-4#32 Warning
MREG Output pipelining  
DSP u_pw_unit/u_pw_mac0/p_0_out__16__0 multiplier stage u_pw_unit/u_pw_mac0/p_0_out__16__0/P[47:0] is not pipelined (MREG=0). Pipelining the multiplier function will improve performance and will save significant power so it is suggested whenever possible to fully pipeline this function.  If this multiplier was inferred, it is suggested to describe an additional register stage after this function.  If there is no registered adder/accumulator following the multiply function, two pipeline stages are suggested to allow both the MREG and PREG registers to be used.  If the DSP48 was instantiated in the design, it is suggested to set both the MREG and PREG attributes to 1 when performing multiply functions.
Related violations: <none>

DPOP-4#33 Warning
MREG Output pipelining  
DSP u_pw_unit/u_pw_mac0/p_0_out__16__1 multiplier stage u_pw_unit/u_pw_mac0/p_0_out__16__1/P[47:0] is not pipelined (MREG=0). Pipelining the multiplier function will improve performance and will save significant power so it is suggested whenever possible to fully pipeline this function.  If this multiplier was inferred, it is suggested to describe an additional register stage after this function.  If there is no registered adder/accumulator following the multiply function, two pipeline stages are suggested to allow both the MREG and PREG registers to be used.  If the DSP48 was instantiated in the design, it is suggested to set both the MREG and PREG attributes to 1 when performing multiply functions.
Related violations: <none>

DPOP-4#34 Warning
MREG Output pipelining  
DSP u_pw_unit/u_pw_mac0/p_0_out__16__2 multiplier stage u_pw_unit/u_pw_mac0/p_0_out__16__2/P[47:0] is not pipelined (MREG=0). Pipelining the multiplier function will improve performance and will save significant power so it is suggested whenever possible to fully pipeline this function.  If this multiplier was inferred, it is suggested to describe an additional register stage after this function.  If there is no registered adder/accumulator following the multiply function, two pipeline stages are suggested to allow both the MREG and PREG registers to be used.  If the DSP48 was instantiated in the design, it is suggested to set both the MREG and PREG attributes to 1 when performing multiply functions.
Related violations: <none>

DPOP-4#35 Warning
MREG Output pipelining  
DSP u_pw_unit/u_pw_mac0/p_0_out__17 multiplier stage u_pw_unit/u_pw_mac0/p_0_out__17/P[47:0] is not pipelined (MREG=0). Pipelining the multiplier function will improve performance and will save significant power so it is suggested whenever possible to fully pipeline this function.  If this multiplier was inferred, it is suggested to describe an additional register stage after this function.  If there is no registered adder/accumulator following the multiply function, two pipeline stages are suggested to allow both the MREG and PREG registers to be used.  If the DSP48 was instantiated in the design, it is suggested to set both the MREG and PREG attributes to 1 when performing multiply functions.
Related violations: <none>

DPOP-4#36 Warning
MREG Output pipelining  
DSP u_pw_unit/u_pw_mac0/p_0_out__17__0 multiplier stage u_pw_unit/u_pw_mac0/p_0_out__17__0/P[47:0] is not pipelined (MREG=0). Pipelining the multiplier function will improve performance and will save significant power so it is suggested whenever possible to fully pipeline this function.  If this multiplier was inferred, it is suggested to describe an additional register stage after this function.  If there is no registered adder/accumulator following the multiply function, two pipeline stages are suggested to allow both the MREG and PREG registers to be used.  If the DSP48 was instantiated in the design, it is suggested to set both the MREG and PREG attributes to 1 when performing multiply functions.
Related violations: <none>

DPOP-4#37 Warning
MREG Output pipelining  
DSP u_pw_unit/u_pw_mac0/p_0_out__17__1 multiplier stage u_pw_unit/u_pw_mac0/p_0_out__17__1/P[47:0] is not pipelined (MREG=0). Pipelining the multiplier function will improve performance and will save significant power so it is suggested whenever possible to fully pipeline this function.  If this multiplier was inferred, it is suggested to describe an additional register stage after this function.  If there is no registered adder/accumulator following the multiply function, two pipeline stages are suggested to allow both the MREG and PREG registers to be used.  If the DSP48 was instantiated in the design, it is suggested to set both the MREG and PREG attributes to 1 when performing multiply functions.
Related violations: <none>

DPOP-4#38 Warning
MREG Output pipelining  
DSP u_pw_unit/u_pw_mac0/p_0_out__17__2 multiplier stage u_pw_unit/u_pw_mac0/p_0_out__17__2/P[47:0] is not pipelined (MREG=0). Pipelining the multiplier function will improve performance and will save significant power so it is suggested whenever possible to fully pipeline this function.  If this multiplier was inferred, it is suggested to describe an additional register stage after this function.  If there is no registered adder/accumulator following the multiply function, two pipeline stages are suggested to allow both the MREG and PREG registers to be used.  If the DSP48 was instantiated in the design, it is suggested to set both the MREG and PREG attributes to 1 when performing multiply functions.
Related violations: <none>

DPOP-4#39 Warning
MREG Output pipelining  
DSP u_pw_unit/u_pw_mac0/p_0_out__18 multiplier stage u_pw_unit/u_pw_mac0/p_0_out__18/P[47:0] is not pipelined (MREG=0). Pipelining the multiplier function will improve performance and will save significant power so it is suggested whenever possible to fully pipeline this function.  If this multiplier was inferred, it is suggested to describe an additional register stage after this function.  If there is no registered adder/accumulator following the multiply function, two pipeline stages are suggested to allow both the MREG and PREG registers to be used.  If the DSP48 was instantiated in the design, it is suggested to set both the MREG and PREG attributes to 1 when performing multiply functions.
Related violations: <none>

DPOP-4#40 Warning
MREG Output pipelining  
DSP u_pw_unit/u_pw_mac0/p_0_out__18__0 multiplier stage u_pw_unit/u_pw_mac0/p_0_out__18__0/P[47:0] is not pipelined (MREG=0). Pipelining the multiplier function will improve performance and will save significant power so it is suggested whenever possible to fully pipeline this function.  If this multiplier was inferred, it is suggested to describe an additional register stage after this function.  If there is no registered adder/accumulator following the multiply function, two pipeline stages are suggested to allow both the MREG and PREG registers to be used.  If the DSP48 was instantiated in the design, it is suggested to set both the MREG and PREG attributes to 1 when performing multiply functions.
Related violations: <none>

DPOP-4#41 Warning
MREG Output pipelining  
DSP u_pw_unit/u_pw_mac0/p_0_out__18__1 multiplier stage u_pw_unit/u_pw_mac0/p_0_out__18__1/P[47:0] is not pipelined (MREG=0). Pipelining the multiplier function will improve performance and will save significant power so it is suggested whenever possible to fully pipeline this function.  If this multiplier was inferred, it is suggested to describe an additional register stage after this function.  If there is no registered adder/accumulator following the multiply function, two pipeline stages are suggested to allow both the MREG and PREG registers to be used.  If the DSP48 was instantiated in the design, it is suggested to set both the MREG and PREG attributes to 1 when performing multiply functions.
Related violations: <none>

DPOP-4#42 Warning
MREG Output pipelining  
DSP u_pw_unit/u_pw_mac0/p_0_out__18__2 multiplier stage u_pw_unit/u_pw_mac0/p_0_out__18__2/P[47:0] is not pipelined (MREG=0). Pipelining the multiplier function will improve performance and will save significant power so it is suggested whenever possible to fully pipeline this function.  If this multiplier was inferred, it is suggested to describe an additional register stage after this function.  If there is no registered adder/accumulator following the multiply function, two pipeline stages are suggested to allow both the MREG and PREG registers to be used.  If the DSP48 was instantiated in the design, it is suggested to set both the MREG and PREG attributes to 1 when performing multiply functions.
Related violations: <none>

DPOP-4#43 Warning
MREG Output pipelining  
DSP u_pw_unit/u_pw_mac0/p_0_out__19 multiplier stage u_pw_unit/u_pw_mac0/p_0_out__19/P[47:0] is not pipelined (MREG=0). Pipelining the multiplier function will improve performance and will save significant power so it is suggested whenever possible to fully pipeline this function.  If this multiplier was inferred, it is suggested to describe an additional register stage after this function.  If there is no registered adder/accumulator following the multiply function, two pipeline stages are suggested to allow both the MREG and PREG registers to be used.  If the DSP48 was instantiated in the design, it is suggested to set both the MREG and PREG attributes to 1 when performing multiply functions.
Related violations: <none>

DPOP-4#44 Warning
MREG Output pipelining  
DSP u_pw_unit/u_pw_mac0/p_0_out__19__0 multiplier stage u_pw_unit/u_pw_mac0/p_0_out__19__0/P[47:0] is not pipelined (MREG=0). Pipelining the multiplier function will improve performance and will save significant power so it is suggested whenever possible to fully pipeline this function.  If this multiplier was inferred, it is suggested to describe an additional register stage after this function.  If there is no registered adder/accumulator following the multiply function, two pipeline stages are suggested to allow both the MREG and PREG registers to be used.  If the DSP48 was instantiated in the design, it is suggested to set both the MREG and PREG attributes to 1 when performing multiply functions.
Related violations: <none>

DPOP-4#45 Warning
MREG Output pipelining  
DSP u_pw_unit/u_pw_mac0/p_0_out__19__1 multiplier stage u_pw_unit/u_pw_mac0/p_0_out__19__1/P[47:0] is not pipelined (MREG=0). Pipelining the multiplier function will improve performance and will save significant power so it is suggested whenever possible to fully pipeline this function.  If this multiplier was inferred, it is suggested to describe an additional register stage after this function.  If there is no registered adder/accumulator following the multiply function, two pipeline stages are suggested to allow both the MREG and PREG registers to be used.  If the DSP48 was instantiated in the design, it is suggested to set both the MREG and PREG attributes to 1 when performing multiply functions.
Related violations: <none>

DPOP-4#46 Warning
MREG Output pipelining  
DSP u_pw_unit/u_pw_mac0/p_0_out__19__2 multiplier stage u_pw_unit/u_pw_mac0/p_0_out__19__2/P[47:0] is not pipelined (MREG=0). Pipelining the multiplier function will improve performance and will save significant power so it is suggested whenever possible to fully pipeline this function.  If this multiplier was inferred, it is suggested to describe an additional register stage after this function.  If there is no registered adder/accumulator following the multiply function, two pipeline stages are suggested to allow both the MREG and PREG registers to be used.  If the DSP48 was instantiated in the design, it is suggested to set both the MREG and PREG attributes to 1 when performing multiply functions.
Related violations: <none>

DPOP-4#47 Warning
MREG Output pipelining  
DSP u_pw_unit/u_pw_mac0/p_0_out__1__0 multiplier stage u_pw_unit/u_pw_mac0/p_0_out__1__0/P[47:0] is not pipelined (MREG=0). Pipelining the multiplier function will improve performance and will save significant power so it is suggested whenever possible to fully pipeline this function.  If this multiplier was inferred, it is suggested to describe an additional register stage after this function.  If there is no registered adder/accumulator following the multiply function, two pipeline stages are suggested to allow both the MREG and PREG registers to be used.  If the DSP48 was instantiated in the design, it is suggested to set both the MREG and PREG attributes to 1 when performing multiply functions.
Related violations: <none>

DPOP-4#48 Warning
MREG Output pipelining  
DSP u_pw_unit/u_pw_mac0/p_0_out__1__1 multiplier stage u_pw_unit/u_pw_mac0/p_0_out__1__1/P[47:0] is not pipelined (MREG=0). Pipelining the multiplier function will improve performance and will save significant power so it is suggested whenever possible to fully pipeline this function.  If this multiplier was inferred, it is suggested to describe an additional register stage after this function.  If there is no registered adder/accumulator following the multiply function, two pipeline stages are suggested to allow both the MREG and PREG registers to be used.  If the DSP48 was instantiated in the design, it is suggested to set both the MREG and PREG attributes to 1 when performing multiply functions.
Related violations: <none>

DPOP-4#49 Warning
MREG Output pipelining  
DSP u_pw_unit/u_pw_mac0/p_0_out__1__2 multiplier stage u_pw_unit/u_pw_mac0/p_0_out__1__2/P[47:0] is not pipelined (MREG=0). Pipelining the multiplier function will improve performance and will save significant power so it is suggested whenever possible to fully pipeline this function.  If this multiplier was inferred, it is suggested to describe an additional register stage after this function.  If there is no registered adder/accumulator following the multiply function, two pipeline stages are suggested to allow both the MREG and PREG registers to be used.  If the DSP48 was instantiated in the design, it is suggested to set both the MREG and PREG attributes to 1 when performing multiply functions.
Related violations: <none>

DPOP-4#50 Warning
MREG Output pipelining  
DSP u_pw_unit/u_pw_mac0/p_0_out__2 multiplier stage u_pw_unit/u_pw_mac0/p_0_out__2/P[47:0] is not pipelined (MREG=0). Pipelining the multiplier function will improve performance and will save significant power so it is suggested whenever possible to fully pipeline this function.  If this multiplier was inferred, it is suggested to describe an additional register stage after this function.  If there is no registered adder/accumulator following the multiply function, two pipeline stages are suggested to allow both the MREG and PREG registers to be used.  If the DSP48 was instantiated in the design, it is suggested to set both the MREG and PREG attributes to 1 when performing multiply functions.
Related violations: <none>

DPOP-4#51 Warning
MREG Output pipelining  
DSP u_pw_unit/u_pw_mac0/p_0_out__20 multiplier stage u_pw_unit/u_pw_mac0/p_0_out__20/P[47:0] is not pipelined (MREG=0). Pipelining the multiplier function will improve performance and will save significant power so it is suggested whenever possible to fully pipeline this function.  If this multiplier was inferred, it is suggested to describe an additional register stage after this function.  If there is no registered adder/accumulator following the multiply function, two pipeline stages are suggested to allow both the MREG and PREG registers to be used.  If the DSP48 was instantiated in the design, it is suggested to set both the MREG and PREG attributes to 1 when performing multiply functions.
Related violations: <none>

DPOP-4#52 Warning
MREG Output pipelining  
DSP u_pw_unit/u_pw_mac0/p_0_out__20__0 multiplier stage u_pw_unit/u_pw_mac0/p_0_out__20__0/P[47:0] is not pipelined (MREG=0). Pipelining the multiplier function will improve performance and will save significant power so it is suggested whenever possible to fully pipeline this function.  If this multiplier was inferred, it is suggested to describe an additional register stage after this function.  If there is no registered adder/accumulator following the multiply function, two pipeline stages are suggested to allow both the MREG and PREG registers to be used.  If the DSP48 was instantiated in the design, it is suggested to set both the MREG and PREG attributes to 1 when performing multiply functions.
Related violations: <none>

DPOP-4#53 Warning
MREG Output pipelining  
DSP u_pw_unit/u_pw_mac0/p_0_out__20__1 multiplier stage u_pw_unit/u_pw_mac0/p_0_out__20__1/P[47:0] is not pipelined (MREG=0). Pipelining the multiplier function will improve performance and will save significant power so it is suggested whenever possible to fully pipeline this function.  If this multiplier was inferred, it is suggested to describe an additional register stage after this function.  If there is no registered adder/accumulator following the multiply function, two pipeline stages are suggested to allow both the MREG and PREG registers to be used.  If the DSP48 was instantiated in the design, it is suggested to set both the MREG and PREG attributes to 1 when performing multiply functions.
Related violations: <none>

DPOP-4#54 Warning
MREG Output pipelining  
DSP u_pw_unit/u_pw_mac0/p_0_out__20__2 multiplier stage u_pw_unit/u_pw_mac0/p_0_out__20__2/P[47:0] is not pipelined (MREG=0). Pipelining the multiplier function will improve performance and will save significant power so it is suggested whenever possible to fully pipeline this function.  If this multiplier was inferred, it is suggested to describe an additional register stage after this function.  If there is no registered adder/accumulator following the multiply function, two pipeline stages are suggested to allow both the MREG and PREG registers to be used.  If the DSP48 was instantiated in the design, it is suggested to set both the MREG and PREG attributes to 1 when performing multiply functions.
Related violations: <none>

DPOP-4#55 Warning
MREG Output pipelining  
DSP u_pw_unit/u_pw_mac0/p_0_out__21 multiplier stage u_pw_unit/u_pw_mac0/p_0_out__21/P[47:0] is not pipelined (MREG=0). Pipelining the multiplier function will improve performance and will save significant power so it is suggested whenever possible to fully pipeline this function.  If this multiplier was inferred, it is suggested to describe an additional register stage after this function.  If there is no registered adder/accumulator following the multiply function, two pipeline stages are suggested to allow both the MREG and PREG registers to be used.  If the DSP48 was instantiated in the design, it is suggested to set both the MREG and PREG attributes to 1 when performing multiply functions.
Related violations: <none>

DPOP-4#56 Warning
MREG Output pipelining  
DSP u_pw_unit/u_pw_mac0/p_0_out__21__0 multiplier stage u_pw_unit/u_pw_mac0/p_0_out__21__0/P[47:0] is not pipelined (MREG=0). Pipelining the multiplier function will improve performance and will save significant power so it is suggested whenever possible to fully pipeline this function.  If this multiplier was inferred, it is suggested to describe an additional register stage after this function.  If there is no registered adder/accumulator following the multiply function, two pipeline stages are suggested to allow both the MREG and PREG registers to be used.  If the DSP48 was instantiated in the design, it is suggested to set both the MREG and PREG attributes to 1 when performing multiply functions.
Related violations: <none>

DPOP-4#57 Warning
MREG Output pipelining  
DSP u_pw_unit/u_pw_mac0/p_0_out__21__1 multiplier stage u_pw_unit/u_pw_mac0/p_0_out__21__1/P[47:0] is not pipelined (MREG=0). Pipelining the multiplier function will improve performance and will save significant power so it is suggested whenever possible to fully pipeline this function.  If this multiplier was inferred, it is suggested to describe an additional register stage after this function.  If there is no registered adder/accumulator following the multiply function, two pipeline stages are suggested to allow both the MREG and PREG registers to be used.  If the DSP48 was instantiated in the design, it is suggested to set both the MREG and PREG attributes to 1 when performing multiply functions.
Related violations: <none>

DPOP-4#58 Warning
MREG Output pipelining  
DSP u_pw_unit/u_pw_mac0/p_0_out__21__2 multiplier stage u_pw_unit/u_pw_mac0/p_0_out__21__2/P[47:0] is not pipelined (MREG=0). Pipelining the multiplier function will improve performance and will save significant power so it is suggested whenever possible to fully pipeline this function.  If this multiplier was inferred, it is suggested to describe an additional register stage after this function.  If there is no registered adder/accumulator following the multiply function, two pipeline stages are suggested to allow both the MREG and PREG registers to be used.  If the DSP48 was instantiated in the design, it is suggested to set both the MREG and PREG attributes to 1 when performing multiply functions.
Related violations: <none>

DPOP-4#59 Warning
MREG Output pipelining  
DSP u_pw_unit/u_pw_mac0/p_0_out__22 multiplier stage u_pw_unit/u_pw_mac0/p_0_out__22/P[47:0] is not pipelined (MREG=0). Pipelining the multiplier function will improve performance and will save significant power so it is suggested whenever possible to fully pipeline this function.  If this multiplier was inferred, it is suggested to describe an additional register stage after this function.  If there is no registered adder/accumulator following the multiply function, two pipeline stages are suggested to allow both the MREG and PREG registers to be used.  If the DSP48 was instantiated in the design, it is suggested to set both the MREG and PREG attributes to 1 when performing multiply functions.
Related violations: <none>

DPOP-4#60 Warning
MREG Output pipelining  
DSP u_pw_unit/u_pw_mac0/p_0_out__22__0 multiplier stage u_pw_unit/u_pw_mac0/p_0_out__22__0/P[47:0] is not pipelined (MREG=0). Pipelining the multiplier function will improve performance and will save significant power so it is suggested whenever possible to fully pipeline this function.  If this multiplier was inferred, it is suggested to describe an additional register stage after this function.  If there is no registered adder/accumulator following the multiply function, two pipeline stages are suggested to allow both the MREG and PREG registers to be used.  If the DSP48 was instantiated in the design, it is suggested to set both the MREG and PREG attributes to 1 when performing multiply functions.
Related violations: <none>

DPOP-4#61 Warning
MREG Output pipelining  
DSP u_pw_unit/u_pw_mac0/p_0_out__22__1 multiplier stage u_pw_unit/u_pw_mac0/p_0_out__22__1/P[47:0] is not pipelined (MREG=0). Pipelining the multiplier function will improve performance and will save significant power so it is suggested whenever possible to fully pipeline this function.  If this multiplier was inferred, it is suggested to describe an additional register stage after this function.  If there is no registered adder/accumulator following the multiply function, two pipeline stages are suggested to allow both the MREG and PREG registers to be used.  If the DSP48 was instantiated in the design, it is suggested to set both the MREG and PREG attributes to 1 when performing multiply functions.
Related violations: <none>

DPOP-4#62 Warning
MREG Output pipelining  
DSP u_pw_unit/u_pw_mac0/p_0_out__22__2 multiplier stage u_pw_unit/u_pw_mac0/p_0_out__22__2/P[47:0] is not pipelined (MREG=0). Pipelining the multiplier function will improve performance and will save significant power so it is suggested whenever possible to fully pipeline this function.  If this multiplier was inferred, it is suggested to describe an additional register stage after this function.  If there is no registered adder/accumulator following the multiply function, two pipeline stages are suggested to allow both the MREG and PREG registers to be used.  If the DSP48 was instantiated in the design, it is suggested to set both the MREG and PREG attributes to 1 when performing multiply functions.
Related violations: <none>

DPOP-4#63 Warning
MREG Output pipelining  
DSP u_pw_unit/u_pw_mac0/p_0_out__23 multiplier stage u_pw_unit/u_pw_mac0/p_0_out__23/P[47:0] is not pipelined (MREG=0). Pipelining the multiplier function will improve performance and will save significant power so it is suggested whenever possible to fully pipeline this function.  If this multiplier was inferred, it is suggested to describe an additional register stage after this function.  If there is no registered adder/accumulator following the multiply function, two pipeline stages are suggested to allow both the MREG and PREG registers to be used.  If the DSP48 was instantiated in the design, it is suggested to set both the MREG and PREG attributes to 1 when performing multiply functions.
Related violations: <none>

DPOP-4#64 Warning
MREG Output pipelining  
DSP u_pw_unit/u_pw_mac0/p_0_out__23__0 multiplier stage u_pw_unit/u_pw_mac0/p_0_out__23__0/P[47:0] is not pipelined (MREG=0). Pipelining the multiplier function will improve performance and will save significant power so it is suggested whenever possible to fully pipeline this function.  If this multiplier was inferred, it is suggested to describe an additional register stage after this function.  If there is no registered adder/accumulator following the multiply function, two pipeline stages are suggested to allow both the MREG and PREG registers to be used.  If the DSP48 was instantiated in the design, it is suggested to set both the MREG and PREG attributes to 1 when performing multiply functions.
Related violations: <none>

DPOP-4#65 Warning
MREG Output pipelining  
DSP u_pw_unit/u_pw_mac0/p_0_out__23__1 multiplier stage u_pw_unit/u_pw_mac0/p_0_out__23__1/P[47:0] is not pipelined (MREG=0). Pipelining the multiplier function will improve performance and will save significant power so it is suggested whenever possible to fully pipeline this function.  If this multiplier was inferred, it is suggested to describe an additional register stage after this function.  If there is no registered adder/accumulator following the multiply function, two pipeline stages are suggested to allow both the MREG and PREG registers to be used.  If the DSP48 was instantiated in the design, it is suggested to set both the MREG and PREG attributes to 1 when performing multiply functions.
Related violations: <none>

DPOP-4#66 Warning
MREG Output pipelining  
DSP u_pw_unit/u_pw_mac0/p_0_out__23__2 multiplier stage u_pw_unit/u_pw_mac0/p_0_out__23__2/P[47:0] is not pipelined (MREG=0). Pipelining the multiplier function will improve performance and will save significant power so it is suggested whenever possible to fully pipeline this function.  If this multiplier was inferred, it is suggested to describe an additional register stage after this function.  If there is no registered adder/accumulator following the multiply function, two pipeline stages are suggested to allow both the MREG and PREG registers to be used.  If the DSP48 was instantiated in the design, it is suggested to set both the MREG and PREG attributes to 1 when performing multiply functions.
Related violations: <none>

DPOP-4#67 Warning
MREG Output pipelining  
DSP u_pw_unit/u_pw_mac0/p_0_out__24 multiplier stage u_pw_unit/u_pw_mac0/p_0_out__24/P[47:0] is not pipelined (MREG=0). Pipelining the multiplier function will improve performance and will save significant power so it is suggested whenever possible to fully pipeline this function.  If this multiplier was inferred, it is suggested to describe an additional register stage after this function.  If there is no registered adder/accumulator following the multiply function, two pipeline stages are suggested to allow both the MREG and PREG registers to be used.  If the DSP48 was instantiated in the design, it is suggested to set both the MREG and PREG attributes to 1 when performing multiply functions.
Related violations: <none>

DPOP-4#68 Warning
MREG Output pipelining  
DSP u_pw_unit/u_pw_mac0/p_0_out__24__0 multiplier stage u_pw_unit/u_pw_mac0/p_0_out__24__0/P[47:0] is not pipelined (MREG=0). Pipelining the multiplier function will improve performance and will save significant power so it is suggested whenever possible to fully pipeline this function.  If this multiplier was inferred, it is suggested to describe an additional register stage after this function.  If there is no registered adder/accumulator following the multiply function, two pipeline stages are suggested to allow both the MREG and PREG registers to be used.  If the DSP48 was instantiated in the design, it is suggested to set both the MREG and PREG attributes to 1 when performing multiply functions.
Related violations: <none>

DPOP-4#69 Warning
MREG Output pipelining  
DSP u_pw_unit/u_pw_mac0/p_0_out__24__1 multiplier stage u_pw_unit/u_pw_mac0/p_0_out__24__1/P[47:0] is not pipelined (MREG=0). Pipelining the multiplier function will improve performance and will save significant power so it is suggested whenever possible to fully pipeline this function.  If this multiplier was inferred, it is suggested to describe an additional register stage after this function.  If there is no registered adder/accumulator following the multiply function, two pipeline stages are suggested to allow both the MREG and PREG registers to be used.  If the DSP48 was instantiated in the design, it is suggested to set both the MREG and PREG attributes to 1 when performing multiply functions.
Related violations: <none>

DPOP-4#70 Warning
MREG Output pipelining  
DSP u_pw_unit/u_pw_mac0/p_0_out__24__2 multiplier stage u_pw_unit/u_pw_mac0/p_0_out__24__2/P[47:0] is not pipelined (MREG=0). Pipelining the multiplier function will improve performance and will save significant power so it is suggested whenever possible to fully pipeline this function.  If this multiplier was inferred, it is suggested to describe an additional register stage after this function.  If there is no registered adder/accumulator following the multiply function, two pipeline stages are suggested to allow both the MREG and PREG registers to be used.  If the DSP48 was instantiated in the design, it is suggested to set both the MREG and PREG attributes to 1 when performing multiply functions.
Related violations: <none>

DPOP-4#71 Warning
MREG Output pipelining  
DSP u_pw_unit/u_pw_mac0/p_0_out__25 multiplier stage u_pw_unit/u_pw_mac0/p_0_out__25/P[47:0] is not pipelined (MREG=0). Pipelining the multiplier function will improve performance and will save significant power so it is suggested whenever possible to fully pipeline this function.  If this multiplier was inferred, it is suggested to describe an additional register stage after this function.  If there is no registered adder/accumulator following the multiply function, two pipeline stages are suggested to allow both the MREG and PREG registers to be used.  If the DSP48 was instantiated in the design, it is suggested to set both the MREG and PREG attributes to 1 when performing multiply functions.
Related violations: <none>

DPOP-4#72 Warning
MREG Output pipelining  
DSP u_pw_unit/u_pw_mac0/p_0_out__25__0 multiplier stage u_pw_unit/u_pw_mac0/p_0_out__25__0/P[47:0] is not pipelined (MREG=0). Pipelining the multiplier function will improve performance and will save significant power so it is suggested whenever possible to fully pipeline this function.  If this multiplier was inferred, it is suggested to describe an additional register stage after this function.  If there is no registered adder/accumulator following the multiply function, two pipeline stages are suggested to allow both the MREG and PREG registers to be used.  If the DSP48 was instantiated in the design, it is suggested to set both the MREG and PREG attributes to 1 when performing multiply functions.
Related violations: <none>

DPOP-4#73 Warning
MREG Output pipelining  
DSP u_pw_unit/u_pw_mac0/p_0_out__25__1 multiplier stage u_pw_unit/u_pw_mac0/p_0_out__25__1/P[47:0] is not pipelined (MREG=0). Pipelining the multiplier function will improve performance and will save significant power so it is suggested whenever possible to fully pipeline this function.  If this multiplier was inferred, it is suggested to describe an additional register stage after this function.  If there is no registered adder/accumulator following the multiply function, two pipeline stages are suggested to allow both the MREG and PREG registers to be used.  If the DSP48 was instantiated in the design, it is suggested to set both the MREG and PREG attributes to 1 when performing multiply functions.
Related violations: <none>

DPOP-4#74 Warning
MREG Output pipelining  
DSP u_pw_unit/u_pw_mac0/p_0_out__25__2 multiplier stage u_pw_unit/u_pw_mac0/p_0_out__25__2/P[47:0] is not pipelined (MREG=0). Pipelining the multiplier function will improve performance and will save significant power so it is suggested whenever possible to fully pipeline this function.  If this multiplier was inferred, it is suggested to describe an additional register stage after this function.  If there is no registered adder/accumulator following the multiply function, two pipeline stages are suggested to allow both the MREG and PREG registers to be used.  If the DSP48 was instantiated in the design, it is suggested to set both the MREG and PREG attributes to 1 when performing multiply functions.
Related violations: <none>

DPOP-4#75 Warning
MREG Output pipelining  
DSP u_pw_unit/u_pw_mac0/p_0_out__26 multiplier stage u_pw_unit/u_pw_mac0/p_0_out__26/P[47:0] is not pipelined (MREG=0). Pipelining the multiplier function will improve performance and will save significant power so it is suggested whenever possible to fully pipeline this function.  If this multiplier was inferred, it is suggested to describe an additional register stage after this function.  If there is no registered adder/accumulator following the multiply function, two pipeline stages are suggested to allow both the MREG and PREG registers to be used.  If the DSP48 was instantiated in the design, it is suggested to set both the MREG and PREG attributes to 1 when performing multiply functions.
Related violations: <none>

DPOP-4#76 Warning
MREG Output pipelining  
DSP u_pw_unit/u_pw_mac0/p_0_out__26__0 multiplier stage u_pw_unit/u_pw_mac0/p_0_out__26__0/P[47:0] is not pipelined (MREG=0). Pipelining the multiplier function will improve performance and will save significant power so it is suggested whenever possible to fully pipeline this function.  If this multiplier was inferred, it is suggested to describe an additional register stage after this function.  If there is no registered adder/accumulator following the multiply function, two pipeline stages are suggested to allow both the MREG and PREG registers to be used.  If the DSP48 was instantiated in the design, it is suggested to set both the MREG and PREG attributes to 1 when performing multiply functions.
Related violations: <none>

DPOP-4#77 Warning
MREG Output pipelining  
DSP u_pw_unit/u_pw_mac0/p_0_out__26__1 multiplier stage u_pw_unit/u_pw_mac0/p_0_out__26__1/P[47:0] is not pipelined (MREG=0). Pipelining the multiplier function will improve performance and will save significant power so it is suggested whenever possible to fully pipeline this function.  If this multiplier was inferred, it is suggested to describe an additional register stage after this function.  If there is no registered adder/accumulator following the multiply function, two pipeline stages are suggested to allow both the MREG and PREG registers to be used.  If the DSP48 was instantiated in the design, it is suggested to set both the MREG and PREG attributes to 1 when performing multiply functions.
Related violations: <none>

DPOP-4#78 Warning
MREG Output pipelining  
DSP u_pw_unit/u_pw_mac0/p_0_out__26__2 multiplier stage u_pw_unit/u_pw_mac0/p_0_out__26__2/P[47:0] is not pipelined (MREG=0). Pipelining the multiplier function will improve performance and will save significant power so it is suggested whenever possible to fully pipeline this function.  If this multiplier was inferred, it is suggested to describe an additional register stage after this function.  If there is no registered adder/accumulator following the multiply function, two pipeline stages are suggested to allow both the MREG and PREG registers to be used.  If the DSP48 was instantiated in the design, it is suggested to set both the MREG and PREG attributes to 1 when performing multiply functions.
Related violations: <none>

DPOP-4#79 Warning
MREG Output pipelining  
DSP u_pw_unit/u_pw_mac0/p_0_out__27 multiplier stage u_pw_unit/u_pw_mac0/p_0_out__27/P[47:0] is not pipelined (MREG=0). Pipelining the multiplier function will improve performance and will save significant power so it is suggested whenever possible to fully pipeline this function.  If this multiplier was inferred, it is suggested to describe an additional register stage after this function.  If there is no registered adder/accumulator following the multiply function, two pipeline stages are suggested to allow both the MREG and PREG registers to be used.  If the DSP48 was instantiated in the design, it is suggested to set both the MREG and PREG attributes to 1 when performing multiply functions.
Related violations: <none>

DPOP-4#80 Warning
MREG Output pipelining  
DSP u_pw_unit/u_pw_mac0/p_0_out__27__0 multiplier stage u_pw_unit/u_pw_mac0/p_0_out__27__0/P[47:0] is not pipelined (MREG=0). Pipelining the multiplier function will improve performance and will save significant power so it is suggested whenever possible to fully pipeline this function.  If this multiplier was inferred, it is suggested to describe an additional register stage after this function.  If there is no registered adder/accumulator following the multiply function, two pipeline stages are suggested to allow both the MREG and PREG registers to be used.  If the DSP48 was instantiated in the design, it is suggested to set both the MREG and PREG attributes to 1 when performing multiply functions.
Related violations: <none>

DPOP-4#81 Warning
MREG Output pipelining  
DSP u_pw_unit/u_pw_mac0/p_0_out__27__1 multiplier stage u_pw_unit/u_pw_mac0/p_0_out__27__1/P[47:0] is not pipelined (MREG=0). Pipelining the multiplier function will improve performance and will save significant power so it is suggested whenever possible to fully pipeline this function.  If this multiplier was inferred, it is suggested to describe an additional register stage after this function.  If there is no registered adder/accumulator following the multiply function, two pipeline stages are suggested to allow both the MREG and PREG registers to be used.  If the DSP48 was instantiated in the design, it is suggested to set both the MREG and PREG attributes to 1 when performing multiply functions.
Related violations: <none>

DPOP-4#82 Warning
MREG Output pipelining  
DSP u_pw_unit/u_pw_mac0/p_0_out__27__2 multiplier stage u_pw_unit/u_pw_mac0/p_0_out__27__2/P[47:0] is not pipelined (MREG=0). Pipelining the multiplier function will improve performance and will save significant power so it is suggested whenever possible to fully pipeline this function.  If this multiplier was inferred, it is suggested to describe an additional register stage after this function.  If there is no registered adder/accumulator following the multiply function, two pipeline stages are suggested to allow both the MREG and PREG registers to be used.  If the DSP48 was instantiated in the design, it is suggested to set both the MREG and PREG attributes to 1 when performing multiply functions.
Related violations: <none>

DPOP-4#83 Warning
MREG Output pipelining  
DSP u_pw_unit/u_pw_mac0/p_0_out__28 multiplier stage u_pw_unit/u_pw_mac0/p_0_out__28/P[47:0] is not pipelined (MREG=0). Pipelining the multiplier function will improve performance and will save significant power so it is suggested whenever possible to fully pipeline this function.  If this multiplier was inferred, it is suggested to describe an additional register stage after this function.  If there is no registered adder/accumulator following the multiply function, two pipeline stages are suggested to allow both the MREG and PREG registers to be used.  If the DSP48 was instantiated in the design, it is suggested to set both the MREG and PREG attributes to 1 when performing multiply functions.
Related violations: <none>

DPOP-4#84 Warning
MREG Output pipelining  
DSP u_pw_unit/u_pw_mac0/p_0_out__28__0 multiplier stage u_pw_unit/u_pw_mac0/p_0_out__28__0/P[47:0] is not pipelined (MREG=0). Pipelining the multiplier function will improve performance and will save significant power so it is suggested whenever possible to fully pipeline this function.  If this multiplier was inferred, it is suggested to describe an additional register stage after this function.  If there is no registered adder/accumulator following the multiply function, two pipeline stages are suggested to allow both the MREG and PREG registers to be used.  If the DSP48 was instantiated in the design, it is suggested to set both the MREG and PREG attributes to 1 when performing multiply functions.
Related violations: <none>

DPOP-4#85 Warning
MREG Output pipelining  
DSP u_pw_unit/u_pw_mac0/p_0_out__28__1 multiplier stage u_pw_unit/u_pw_mac0/p_0_out__28__1/P[47:0] is not pipelined (MREG=0). Pipelining the multiplier function will improve performance and will save significant power so it is suggested whenever possible to fully pipeline this function.  If this multiplier was inferred, it is suggested to describe an additional register stage after this function.  If there is no registered adder/accumulator following the multiply function, two pipeline stages are suggested to allow both the MREG and PREG registers to be used.  If the DSP48 was instantiated in the design, it is suggested to set both the MREG and PREG attributes to 1 when performing multiply functions.
Related violations: <none>

DPOP-4#86 Warning
MREG Output pipelining  
DSP u_pw_unit/u_pw_mac0/p_0_out__28__2 multiplier stage u_pw_unit/u_pw_mac0/p_0_out__28__2/P[47:0] is not pipelined (MREG=0). Pipelining the multiplier function will improve performance and will save significant power so it is suggested whenever possible to fully pipeline this function.  If this multiplier was inferred, it is suggested to describe an additional register stage after this function.  If there is no registered adder/accumulator following the multiply function, two pipeline stages are suggested to allow both the MREG and PREG registers to be used.  If the DSP48 was instantiated in the design, it is suggested to set both the MREG and PREG attributes to 1 when performing multiply functions.
Related violations: <none>

DPOP-4#87 Warning
MREG Output pipelining  
DSP u_pw_unit/u_pw_mac0/p_0_out__29 multiplier stage u_pw_unit/u_pw_mac0/p_0_out__29/P[47:0] is not pipelined (MREG=0). Pipelining the multiplier function will improve performance and will save significant power so it is suggested whenever possible to fully pipeline this function.  If this multiplier was inferred, it is suggested to describe an additional register stage after this function.  If there is no registered adder/accumulator following the multiply function, two pipeline stages are suggested to allow both the MREG and PREG registers to be used.  If the DSP48 was instantiated in the design, it is suggested to set both the MREG and PREG attributes to 1 when performing multiply functions.
Related violations: <none>

DPOP-4#88 Warning
MREG Output pipelining  
DSP u_pw_unit/u_pw_mac0/p_0_out__29__0 multiplier stage u_pw_unit/u_pw_mac0/p_0_out__29__0/P[47:0] is not pipelined (MREG=0). Pipelining the multiplier function will improve performance and will save significant power so it is suggested whenever possible to fully pipeline this function.  If this multiplier was inferred, it is suggested to describe an additional register stage after this function.  If there is no registered adder/accumulator following the multiply function, two pipeline stages are suggested to allow both the MREG and PREG registers to be used.  If the DSP48 was instantiated in the design, it is suggested to set both the MREG and PREG attributes to 1 when performing multiply functions.
Related violations: <none>

DPOP-4#89 Warning
MREG Output pipelining  
DSP u_pw_unit/u_pw_mac0/p_0_out__29__1 multiplier stage u_pw_unit/u_pw_mac0/p_0_out__29__1/P[47:0] is not pipelined (MREG=0). Pipelining the multiplier function will improve performance and will save significant power so it is suggested whenever possible to fully pipeline this function.  If this multiplier was inferred, it is suggested to describe an additional register stage after this function.  If there is no registered adder/accumulator following the multiply function, two pipeline stages are suggested to allow both the MREG and PREG registers to be used.  If the DSP48 was instantiated in the design, it is suggested to set both the MREG and PREG attributes to 1 when performing multiply functions.
Related violations: <none>

DPOP-4#90 Warning
MREG Output pipelining  
DSP u_pw_unit/u_pw_mac0/p_0_out__29__2 multiplier stage u_pw_unit/u_pw_mac0/p_0_out__29__2/P[47:0] is not pipelined (MREG=0). Pipelining the multiplier function will improve performance and will save significant power so it is suggested whenever possible to fully pipeline this function.  If this multiplier was inferred, it is suggested to describe an additional register stage after this function.  If there is no registered adder/accumulator following the multiply function, two pipeline stages are suggested to allow both the MREG and PREG registers to be used.  If the DSP48 was instantiated in the design, it is suggested to set both the MREG and PREG attributes to 1 when performing multiply functions.
Related violations: <none>

DPOP-4#91 Warning
MREG Output pipelining  
DSP u_pw_unit/u_pw_mac0/p_0_out__2__0 multiplier stage u_pw_unit/u_pw_mac0/p_0_out__2__0/P[47:0] is not pipelined (MREG=0). Pipelining the multiplier function will improve performance and will save significant power so it is suggested whenever possible to fully pipeline this function.  If this multiplier was inferred, it is suggested to describe an additional register stage after this function.  If there is no registered adder/accumulator following the multiply function, two pipeline stages are suggested to allow both the MREG and PREG registers to be used.  If the DSP48 was instantiated in the design, it is suggested to set both the MREG and PREG attributes to 1 when performing multiply functions.
Related violations: <none>

DPOP-4#92 Warning
MREG Output pipelining  
DSP u_pw_unit/u_pw_mac0/p_0_out__2__1 multiplier stage u_pw_unit/u_pw_mac0/p_0_out__2__1/P[47:0] is not pipelined (MREG=0). Pipelining the multiplier function will improve performance and will save significant power so it is suggested whenever possible to fully pipeline this function.  If this multiplier was inferred, it is suggested to describe an additional register stage after this function.  If there is no registered adder/accumulator following the multiply function, two pipeline stages are suggested to allow both the MREG and PREG registers to be used.  If the DSP48 was instantiated in the design, it is suggested to set both the MREG and PREG attributes to 1 when performing multiply functions.
Related violations: <none>

DPOP-4#93 Warning
MREG Output pipelining  
DSP u_pw_unit/u_pw_mac0/p_0_out__2__2 multiplier stage u_pw_unit/u_pw_mac0/p_0_out__2__2/P[47:0] is not pipelined (MREG=0). Pipelining the multiplier function will improve performance and will save significant power so it is suggested whenever possible to fully pipeline this function.  If this multiplier was inferred, it is suggested to describe an additional register stage after this function.  If there is no registered adder/accumulator following the multiply function, two pipeline stages are suggested to allow both the MREG and PREG registers to be used.  If the DSP48 was instantiated in the design, it is suggested to set both the MREG and PREG attributes to 1 when performing multiply functions.
Related violations: <none>

DPOP-4#94 Warning
MREG Output pipelining  
DSP u_pw_unit/u_pw_mac0/p_0_out__3 multiplier stage u_pw_unit/u_pw_mac0/p_0_out__3/P[47:0] is not pipelined (MREG=0). Pipelining the multiplier function will improve performance and will save significant power so it is suggested whenever possible to fully pipeline this function.  If this multiplier was inferred, it is suggested to describe an additional register stage after this function.  If there is no registered adder/accumulator following the multiply function, two pipeline stages are suggested to allow both the MREG and PREG registers to be used.  If the DSP48 was instantiated in the design, it is suggested to set both the MREG and PREG attributes to 1 when performing multiply functions.
Related violations: <none>

DPOP-4#95 Warning
MREG Output pipelining  
DSP u_pw_unit/u_pw_mac0/p_0_out__30 multiplier stage u_pw_unit/u_pw_mac0/p_0_out__30/P[47:0] is not pipelined (MREG=0). Pipelining the multiplier function will improve performance and will save significant power so it is suggested whenever possible to fully pipeline this function.  If this multiplier was inferred, it is suggested to describe an additional register stage after this function.  If there is no registered adder/accumulator following the multiply function, two pipeline stages are suggested to allow both the MREG and PREG registers to be used.  If the DSP48 was instantiated in the design, it is suggested to set both the MREG and PREG attributes to 1 when performing multiply functions.
Related violations: <none>

DPOP-4#96 Warning
MREG Output pipelining  
DSP u_pw_unit/u_pw_mac0/p_0_out__30__0 multiplier stage u_pw_unit/u_pw_mac0/p_0_out__30__0/P[47:0] is not pipelined (MREG=0). Pipelining the multiplier function will improve performance and will save significant power so it is suggested whenever possible to fully pipeline this function.  If this multiplier was inferred, it is suggested to describe an additional register stage after this function.  If there is no registered adder/accumulator following the multiply function, two pipeline stages are suggested to allow both the MREG and PREG registers to be used.  If the DSP48 was instantiated in the design, it is suggested to set both the MREG and PREG attributes to 1 when performing multiply functions.
Related violations: <none>

DPOP-4#97 Warning
MREG Output pipelining  
DSP u_pw_unit/u_pw_mac0/p_0_out__30__1 multiplier stage u_pw_unit/u_pw_mac0/p_0_out__30__1/P[47:0] is not pipelined (MREG=0). Pipelining the multiplier function will improve performance and will save significant power so it is suggested whenever possible to fully pipeline this function.  If this multiplier was inferred, it is suggested to describe an additional register stage after this function.  If there is no registered adder/accumulator following the multiply function, two pipeline stages are suggested to allow both the MREG and PREG registers to be used.  If the DSP48 was instantiated in the design, it is suggested to set both the MREG and PREG attributes to 1 when performing multiply functions.
Related violations: <none>

DPOP-4#98 Warning
MREG Output pipelining  
DSP u_pw_unit/u_pw_mac0/p_0_out__30__2 multiplier stage u_pw_unit/u_pw_mac0/p_0_out__30__2/P[47:0] is not pipelined (MREG=0). Pipelining the multiplier function will improve performance and will save significant power so it is suggested whenever possible to fully pipeline this function.  If this multiplier was inferred, it is suggested to describe an additional register stage after this function.  If there is no registered adder/accumulator following the multiply function, two pipeline stages are suggested to allow both the MREG and PREG registers to be used.  If the DSP48 was instantiated in the design, it is suggested to set both the MREG and PREG attributes to 1 when performing multiply functions.
Related violations: <none>

DPOP-4#99 Warning
MREG Output pipelining  
DSP u_pw_unit/u_pw_mac0/p_0_out__31 multiplier stage u_pw_unit/u_pw_mac0/p_0_out__31/P[47:0] is not pipelined (MREG=0). Pipelining the multiplier function will improve performance and will save significant power so it is suggested whenever possible to fully pipeline this function.  If this multiplier was inferred, it is suggested to describe an additional register stage after this function.  If there is no registered adder/accumulator following the multiply function, two pipeline stages are suggested to allow both the MREG and PREG registers to be used.  If the DSP48 was instantiated in the design, it is suggested to set both the MREG and PREG attributes to 1 when performing multiply functions.
Related violations: <none>

DPOP-4#100 Warning
MREG Output pipelining  
DSP u_pw_unit/u_pw_mac0/p_0_out__31__0 multiplier stage u_pw_unit/u_pw_mac0/p_0_out__31__0/P[47:0] is not pipelined (MREG=0). Pipelining the multiplier function will improve performance and will save significant power so it is suggested whenever possible to fully pipeline this function.  If this multiplier was inferred, it is suggested to describe an additional register stage after this function.  If there is no registered adder/accumulator following the multiply function, two pipeline stages are suggested to allow both the MREG and PREG registers to be used.  If the DSP48 was instantiated in the design, it is suggested to set both the MREG and PREG attributes to 1 when performing multiply functions.
Related violations: <none>

DPOP-4#101 Warning
MREG Output pipelining  
DSP u_pw_unit/u_pw_mac0/p_0_out__31__1 multiplier stage u_pw_unit/u_pw_mac0/p_0_out__31__1/P[47:0] is not pipelined (MREG=0). Pipelining the multiplier function will improve performance and will save significant power so it is suggested whenever possible to fully pipeline this function.  If this multiplier was inferred, it is suggested to describe an additional register stage after this function.  If there is no registered adder/accumulator following the multiply function, two pipeline stages are suggested to allow both the MREG and PREG registers to be used.  If the DSP48 was instantiated in the design, it is suggested to set both the MREG and PREG attributes to 1 when performing multiply functions.
Related violations: <none>

DPOP-4#102 Warning
MREG Output pipelining  
DSP u_pw_unit/u_pw_mac0/p_0_out__31__2 multiplier stage u_pw_unit/u_pw_mac0/p_0_out__31__2/P[47:0] is not pipelined (MREG=0). Pipelining the multiplier function will improve performance and will save significant power so it is suggested whenever possible to fully pipeline this function.  If this multiplier was inferred, it is suggested to describe an additional register stage after this function.  If there is no registered adder/accumulator following the multiply function, two pipeline stages are suggested to allow both the MREG and PREG registers to be used.  If the DSP48 was instantiated in the design, it is suggested to set both the MREG and PREG attributes to 1 when performing multiply functions.
Related violations: <none>

DPOP-4#103 Warning
MREG Output pipelining  
DSP u_pw_unit/u_pw_mac0/p_0_out__32 multiplier stage u_pw_unit/u_pw_mac0/p_0_out__32/P[47:0] is not pipelined (MREG=0). Pipelining the multiplier function will improve performance and will save significant power so it is suggested whenever possible to fully pipeline this function.  If this multiplier was inferred, it is suggested to describe an additional register stage after this function.  If there is no registered adder/accumulator following the multiply function, two pipeline stages are suggested to allow both the MREG and PREG registers to be used.  If the DSP48 was instantiated in the design, it is suggested to set both the MREG and PREG attributes to 1 when performing multiply functions.
Related violations: <none>

DPOP-4#104 Warning
MREG Output pipelining  
DSP u_pw_unit/u_pw_mac0/p_0_out__32__0 multiplier stage u_pw_unit/u_pw_mac0/p_0_out__32__0/P[47:0] is not pipelined (MREG=0). Pipelining the multiplier function will improve performance and will save significant power so it is suggested whenever possible to fully pipeline this function.  If this multiplier was inferred, it is suggested to describe an additional register stage after this function.  If there is no registered adder/accumulator following the multiply function, two pipeline stages are suggested to allow both the MREG and PREG registers to be used.  If the DSP48 was instantiated in the design, it is suggested to set both the MREG and PREG attributes to 1 when performing multiply functions.
Related violations: <none>

DPOP-4#105 Warning
MREG Output pipelining  
DSP u_pw_unit/u_pw_mac0/p_0_out__32__1 multiplier stage u_pw_unit/u_pw_mac0/p_0_out__32__1/P[47:0] is not pipelined (MREG=0). Pipelining the multiplier function will improve performance and will save significant power so it is suggested whenever possible to fully pipeline this function.  If this multiplier was inferred, it is suggested to describe an additional register stage after this function.  If there is no registered adder/accumulator following the multiply function, two pipeline stages are suggested to allow both the MREG and PREG registers to be used.  If the DSP48 was instantiated in the design, it is suggested to set both the MREG and PREG attributes to 1 when performing multiply functions.
Related violations: <none>

DPOP-4#106 Warning
MREG Output pipelining  
DSP u_pw_unit/u_pw_mac0/p_0_out__32__2 multiplier stage u_pw_unit/u_pw_mac0/p_0_out__32__2/P[47:0] is not pipelined (MREG=0). Pipelining the multiplier function will improve performance and will save significant power so it is suggested whenever possible to fully pipeline this function.  If this multiplier was inferred, it is suggested to describe an additional register stage after this function.  If there is no registered adder/accumulator following the multiply function, two pipeline stages are suggested to allow both the MREG and PREG registers to be used.  If the DSP48 was instantiated in the design, it is suggested to set both the MREG and PREG attributes to 1 when performing multiply functions.
Related violations: <none>

DPOP-4#107 Warning
MREG Output pipelining  
DSP u_pw_unit/u_pw_mac0/p_0_out__33 multiplier stage u_pw_unit/u_pw_mac0/p_0_out__33/P[47:0] is not pipelined (MREG=0). Pipelining the multiplier function will improve performance and will save significant power so it is suggested whenever possible to fully pipeline this function.  If this multiplier was inferred, it is suggested to describe an additional register stage after this function.  If there is no registered adder/accumulator following the multiply function, two pipeline stages are suggested to allow both the MREG and PREG registers to be used.  If the DSP48 was instantiated in the design, it is suggested to set both the MREG and PREG attributes to 1 when performing multiply functions.
Related violations: <none>

DPOP-4#108 Warning
MREG Output pipelining  
DSP u_pw_unit/u_pw_mac0/p_0_out__33__0 multiplier stage u_pw_unit/u_pw_mac0/p_0_out__33__0/P[47:0] is not pipelined (MREG=0). Pipelining the multiplier function will improve performance and will save significant power so it is suggested whenever possible to fully pipeline this function.  If this multiplier was inferred, it is suggested to describe an additional register stage after this function.  If there is no registered adder/accumulator following the multiply function, two pipeline stages are suggested to allow both the MREG and PREG registers to be used.  If the DSP48 was instantiated in the design, it is suggested to set both the MREG and PREG attributes to 1 when performing multiply functions.
Related violations: <none>

DPOP-4#109 Warning
MREG Output pipelining  
DSP u_pw_unit/u_pw_mac0/p_0_out__33__1 multiplier stage u_pw_unit/u_pw_mac0/p_0_out__33__1/P[47:0] is not pipelined (MREG=0). Pipelining the multiplier function will improve performance and will save significant power so it is suggested whenever possible to fully pipeline this function.  If this multiplier was inferred, it is suggested to describe an additional register stage after this function.  If there is no registered adder/accumulator following the multiply function, two pipeline stages are suggested to allow both the MREG and PREG registers to be used.  If the DSP48 was instantiated in the design, it is suggested to set both the MREG and PREG attributes to 1 when performing multiply functions.
Related violations: <none>

DPOP-4#110 Warning
MREG Output pipelining  
DSP u_pw_unit/u_pw_mac0/p_0_out__33__2 multiplier stage u_pw_unit/u_pw_mac0/p_0_out__33__2/P[47:0] is not pipelined (MREG=0). Pipelining the multiplier function will improve performance and will save significant power so it is suggested whenever possible to fully pipeline this function.  If this multiplier was inferred, it is suggested to describe an additional register stage after this function.  If there is no registered adder/accumulator following the multiply function, two pipeline stages are suggested to allow both the MREG and PREG registers to be used.  If the DSP48 was instantiated in the design, it is suggested to set both the MREG and PREG attributes to 1 when performing multiply functions.
Related violations: <none>

DPOP-4#111 Warning
MREG Output pipelining  
DSP u_pw_unit/u_pw_mac0/p_0_out__34 multiplier stage u_pw_unit/u_pw_mac0/p_0_out__34/P[47:0] is not pipelined (MREG=0). Pipelining the multiplier function will improve performance and will save significant power so it is suggested whenever possible to fully pipeline this function.  If this multiplier was inferred, it is suggested to describe an additional register stage after this function.  If there is no registered adder/accumulator following the multiply function, two pipeline stages are suggested to allow both the MREG and PREG registers to be used.  If the DSP48 was instantiated in the design, it is suggested to set both the MREG and PREG attributes to 1 when performing multiply functions.
Related violations: <none>

DPOP-4#112 Warning
MREG Output pipelining  
DSP u_pw_unit/u_pw_mac0/p_0_out__34__0 multiplier stage u_pw_unit/u_pw_mac0/p_0_out__34__0/P[47:0] is not pipelined (MREG=0). Pipelining the multiplier function will improve performance and will save significant power so it is suggested whenever possible to fully pipeline this function.  If this multiplier was inferred, it is suggested to describe an additional register stage after this function.  If there is no registered adder/accumulator following the multiply function, two pipeline stages are suggested to allow both the MREG and PREG registers to be used.  If the DSP48 was instantiated in the design, it is suggested to set both the MREG and PREG attributes to 1 when performing multiply functions.
Related violations: <none>

DPOP-4#113 Warning
MREG Output pipelining  
DSP u_pw_unit/u_pw_mac0/p_0_out__34__1 multiplier stage u_pw_unit/u_pw_mac0/p_0_out__34__1/P[47:0] is not pipelined (MREG=0). Pipelining the multiplier function will improve performance and will save significant power so it is suggested whenever possible to fully pipeline this function.  If this multiplier was inferred, it is suggested to describe an additional register stage after this function.  If there is no registered adder/accumulator following the multiply function, two pipeline stages are suggested to allow both the MREG and PREG registers to be used.  If the DSP48 was instantiated in the design, it is suggested to set both the MREG and PREG attributes to 1 when performing multiply functions.
Related violations: <none>

DPOP-4#114 Warning
MREG Output pipelining  
DSP u_pw_unit/u_pw_mac0/p_0_out__34__2 multiplier stage u_pw_unit/u_pw_mac0/p_0_out__34__2/P[47:0] is not pipelined (MREG=0). Pipelining the multiplier function will improve performance and will save significant power so it is suggested whenever possible to fully pipeline this function.  If this multiplier was inferred, it is suggested to describe an additional register stage after this function.  If there is no registered adder/accumulator following the multiply function, two pipeline stages are suggested to allow both the MREG and PREG registers to be used.  If the DSP48 was instantiated in the design, it is suggested to set both the MREG and PREG attributes to 1 when performing multiply functions.
Related violations: <none>

DPOP-4#115 Warning
MREG Output pipelining  
DSP u_pw_unit/u_pw_mac0/p_0_out__35 multiplier stage u_pw_unit/u_pw_mac0/p_0_out__35/P[47:0] is not pipelined (MREG=0). Pipelining the multiplier function will improve performance and will save significant power so it is suggested whenever possible to fully pipeline this function.  If this multiplier was inferred, it is suggested to describe an additional register stage after this function.  If there is no registered adder/accumulator following the multiply function, two pipeline stages are suggested to allow both the MREG and PREG registers to be used.  If the DSP48 was instantiated in the design, it is suggested to set both the MREG and PREG attributes to 1 when performing multiply functions.
Related violations: <none>

DPOP-4#116 Warning
MREG Output pipelining  
DSP u_pw_unit/u_pw_mac0/p_0_out__35__0 multiplier stage u_pw_unit/u_pw_mac0/p_0_out__35__0/P[47:0] is not pipelined (MREG=0). Pipelining the multiplier function will improve performance and will save significant power so it is suggested whenever possible to fully pipeline this function.  If this multiplier was inferred, it is suggested to describe an additional register stage after this function.  If there is no registered adder/accumulator following the multiply function, two pipeline stages are suggested to allow both the MREG and PREG registers to be used.  If the DSP48 was instantiated in the design, it is suggested to set both the MREG and PREG attributes to 1 when performing multiply functions.
Related violations: <none>

DPOP-4#117 Warning
MREG Output pipelining  
DSP u_pw_unit/u_pw_mac0/p_0_out__35__1 multiplier stage u_pw_unit/u_pw_mac0/p_0_out__35__1/P[47:0] is not pipelined (MREG=0). Pipelining the multiplier function will improve performance and will save significant power so it is suggested whenever possible to fully pipeline this function.  If this multiplier was inferred, it is suggested to describe an additional register stage after this function.  If there is no registered adder/accumulator following the multiply function, two pipeline stages are suggested to allow both the MREG and PREG registers to be used.  If the DSP48 was instantiated in the design, it is suggested to set both the MREG and PREG attributes to 1 when performing multiply functions.
Related violations: <none>

DPOP-4#118 Warning
MREG Output pipelining  
DSP u_pw_unit/u_pw_mac0/p_0_out__35__2 multiplier stage u_pw_unit/u_pw_mac0/p_0_out__35__2/P[47:0] is not pipelined (MREG=0). Pipelining the multiplier function will improve performance and will save significant power so it is suggested whenever possible to fully pipeline this function.  If this multiplier was inferred, it is suggested to describe an additional register stage after this function.  If there is no registered adder/accumulator following the multiply function, two pipeline stages are suggested to allow both the MREG and PREG registers to be used.  If the DSP48 was instantiated in the design, it is suggested to set both the MREG and PREG attributes to 1 when performing multiply functions.
Related violations: <none>

DPOP-4#119 Warning
MREG Output pipelining  
DSP u_pw_unit/u_pw_mac0/p_0_out__36 multiplier stage u_pw_unit/u_pw_mac0/p_0_out__36/P[47:0] is not pipelined (MREG=0). Pipelining the multiplier function will improve performance and will save significant power so it is suggested whenever possible to fully pipeline this function.  If this multiplier was inferred, it is suggested to describe an additional register stage after this function.  If there is no registered adder/accumulator following the multiply function, two pipeline stages are suggested to allow both the MREG and PREG registers to be used.  If the DSP48 was instantiated in the design, it is suggested to set both the MREG and PREG attributes to 1 when performing multiply functions.
Related violations: <none>

DPOP-4#120 Warning
MREG Output pipelining  
DSP u_pw_unit/u_pw_mac0/p_0_out__36__0 multiplier stage u_pw_unit/u_pw_mac0/p_0_out__36__0/P[47:0] is not pipelined (MREG=0). Pipelining the multiplier function will improve performance and will save significant power so it is suggested whenever possible to fully pipeline this function.  If this multiplier was inferred, it is suggested to describe an additional register stage after this function.  If there is no registered adder/accumulator following the multiply function, two pipeline stages are suggested to allow both the MREG and PREG registers to be used.  If the DSP48 was instantiated in the design, it is suggested to set both the MREG and PREG attributes to 1 when performing multiply functions.
Related violations: <none>

DPOP-4#121 Warning
MREG Output pipelining  
DSP u_pw_unit/u_pw_mac0/p_0_out__36__1 multiplier stage u_pw_unit/u_pw_mac0/p_0_out__36__1/P[47:0] is not pipelined (MREG=0). Pipelining the multiplier function will improve performance and will save significant power so it is suggested whenever possible to fully pipeline this function.  If this multiplier was inferred, it is suggested to describe an additional register stage after this function.  If there is no registered adder/accumulator following the multiply function, two pipeline stages are suggested to allow both the MREG and PREG registers to be used.  If the DSP48 was instantiated in the design, it is suggested to set both the MREG and PREG attributes to 1 when performing multiply functions.
Related violations: <none>

DPOP-4#122 Warning
MREG Output pipelining  
DSP u_pw_unit/u_pw_mac0/p_0_out__36__2 multiplier stage u_pw_unit/u_pw_mac0/p_0_out__36__2/P[47:0] is not pipelined (MREG=0). Pipelining the multiplier function will improve performance and will save significant power so it is suggested whenever possible to fully pipeline this function.  If this multiplier was inferred, it is suggested to describe an additional register stage after this function.  If there is no registered adder/accumulator following the multiply function, two pipeline stages are suggested to allow both the MREG and PREG registers to be used.  If the DSP48 was instantiated in the design, it is suggested to set both the MREG and PREG attributes to 1 when performing multiply functions.
Related violations: <none>

DPOP-4#123 Warning
MREG Output pipelining  
DSP u_pw_unit/u_pw_mac0/p_0_out__37 multiplier stage u_pw_unit/u_pw_mac0/p_0_out__37/P[47:0] is not pipelined (MREG=0). Pipelining the multiplier function will improve performance and will save significant power so it is suggested whenever possible to fully pipeline this function.  If this multiplier was inferred, it is suggested to describe an additional register stage after this function.  If there is no registered adder/accumulator following the multiply function, two pipeline stages are suggested to allow both the MREG and PREG registers to be used.  If the DSP48 was instantiated in the design, it is suggested to set both the MREG and PREG attributes to 1 when performing multiply functions.
Related violations: <none>

DPOP-4#124 Warning
MREG Output pipelining  
DSP u_pw_unit/u_pw_mac0/p_0_out__37__0 multiplier stage u_pw_unit/u_pw_mac0/p_0_out__37__0/P[47:0] is not pipelined (MREG=0). Pipelining the multiplier function will improve performance and will save significant power so it is suggested whenever possible to fully pipeline this function.  If this multiplier was inferred, it is suggested to describe an additional register stage after this function.  If there is no registered adder/accumulator following the multiply function, two pipeline stages are suggested to allow both the MREG and PREG registers to be used.  If the DSP48 was instantiated in the design, it is suggested to set both the MREG and PREG attributes to 1 when performing multiply functions.
Related violations: <none>

DPOP-4#125 Warning
MREG Output pipelining  
DSP u_pw_unit/u_pw_mac0/p_0_out__37__1 multiplier stage u_pw_unit/u_pw_mac0/p_0_out__37__1/P[47:0] is not pipelined (MREG=0). Pipelining the multiplier function will improve performance and will save significant power so it is suggested whenever possible to fully pipeline this function.  If this multiplier was inferred, it is suggested to describe an additional register stage after this function.  If there is no registered adder/accumulator following the multiply function, two pipeline stages are suggested to allow both the MREG and PREG registers to be used.  If the DSP48 was instantiated in the design, it is suggested to set both the MREG and PREG attributes to 1 when performing multiply functions.
Related violations: <none>

DPOP-4#126 Warning
MREG Output pipelining  
DSP u_pw_unit/u_pw_mac0/p_0_out__37__2 multiplier stage u_pw_unit/u_pw_mac0/p_0_out__37__2/P[47:0] is not pipelined (MREG=0). Pipelining the multiplier function will improve performance and will save significant power so it is suggested whenever possible to fully pipeline this function.  If this multiplier was inferred, it is suggested to describe an additional register stage after this function.  If there is no registered adder/accumulator following the multiply function, two pipeline stages are suggested to allow both the MREG and PREG registers to be used.  If the DSP48 was instantiated in the design, it is suggested to set both the MREG and PREG attributes to 1 when performing multiply functions.
Related violations: <none>

DPOP-4#127 Warning
MREG Output pipelining  
DSP u_pw_unit/u_pw_mac0/p_0_out__38 multiplier stage u_pw_unit/u_pw_mac0/p_0_out__38/P[47:0] is not pipelined (MREG=0). Pipelining the multiplier function will improve performance and will save significant power so it is suggested whenever possible to fully pipeline this function.  If this multiplier was inferred, it is suggested to describe an additional register stage after this function.  If there is no registered adder/accumulator following the multiply function, two pipeline stages are suggested to allow both the MREG and PREG registers to be used.  If the DSP48 was instantiated in the design, it is suggested to set both the MREG and PREG attributes to 1 when performing multiply functions.
Related violations: <none>

DPOP-4#128 Warning
MREG Output pipelining  
DSP u_pw_unit/u_pw_mac0/p_0_out__38__0 multiplier stage u_pw_unit/u_pw_mac0/p_0_out__38__0/P[47:0] is not pipelined (MREG=0). Pipelining the multiplier function will improve performance and will save significant power so it is suggested whenever possible to fully pipeline this function.  If this multiplier was inferred, it is suggested to describe an additional register stage after this function.  If there is no registered adder/accumulator following the multiply function, two pipeline stages are suggested to allow both the MREG and PREG registers to be used.  If the DSP48 was instantiated in the design, it is suggested to set both the MREG and PREG attributes to 1 when performing multiply functions.
Related violations: <none>

DPOP-4#129 Warning
MREG Output pipelining  
DSP u_pw_unit/u_pw_mac0/p_0_out__38__1 multiplier stage u_pw_unit/u_pw_mac0/p_0_out__38__1/P[47:0] is not pipelined (MREG=0). Pipelining the multiplier function will improve performance and will save significant power so it is suggested whenever possible to fully pipeline this function.  If this multiplier was inferred, it is suggested to describe an additional register stage after this function.  If there is no registered adder/accumulator following the multiply function, two pipeline stages are suggested to allow both the MREG and PREG registers to be used.  If the DSP48 was instantiated in the design, it is suggested to set both the MREG and PREG attributes to 1 when performing multiply functions.
Related violations: <none>

DPOP-4#130 Warning
MREG Output pipelining  
DSP u_pw_unit/u_pw_mac0/p_0_out__38__2 multiplier stage u_pw_unit/u_pw_mac0/p_0_out__38__2/P[47:0] is not pipelined (MREG=0). Pipelining the multiplier function will improve performance and will save significant power so it is suggested whenever possible to fully pipeline this function.  If this multiplier was inferred, it is suggested to describe an additional register stage after this function.  If there is no registered adder/accumulator following the multiply function, two pipeline stages are suggested to allow both the MREG and PREG registers to be used.  If the DSP48 was instantiated in the design, it is suggested to set both the MREG and PREG attributes to 1 when performing multiply functions.
Related violations: <none>

DPOP-4#131 Warning
MREG Output pipelining  
DSP u_pw_unit/u_pw_mac0/p_0_out__39 multiplier stage u_pw_unit/u_pw_mac0/p_0_out__39/P[47:0] is not pipelined (MREG=0). Pipelining the multiplier function will improve performance and will save significant power so it is suggested whenever possible to fully pipeline this function.  If this multiplier was inferred, it is suggested to describe an additional register stage after this function.  If there is no registered adder/accumulator following the multiply function, two pipeline stages are suggested to allow both the MREG and PREG registers to be used.  If the DSP48 was instantiated in the design, it is suggested to set both the MREG and PREG attributes to 1 when performing multiply functions.
Related violations: <none>

DPOP-4#132 Warning
MREG Output pipelining  
DSP u_pw_unit/u_pw_mac0/p_0_out__39__0 multiplier stage u_pw_unit/u_pw_mac0/p_0_out__39__0/P[47:0] is not pipelined (MREG=0). Pipelining the multiplier function will improve performance and will save significant power so it is suggested whenever possible to fully pipeline this function.  If this multiplier was inferred, it is suggested to describe an additional register stage after this function.  If there is no registered adder/accumulator following the multiply function, two pipeline stages are suggested to allow both the MREG and PREG registers to be used.  If the DSP48 was instantiated in the design, it is suggested to set both the MREG and PREG attributes to 1 when performing multiply functions.
Related violations: <none>

DPOP-4#133 Warning
MREG Output pipelining  
DSP u_pw_unit/u_pw_mac0/p_0_out__39__1 multiplier stage u_pw_unit/u_pw_mac0/p_0_out__39__1/P[47:0] is not pipelined (MREG=0). Pipelining the multiplier function will improve performance and will save significant power so it is suggested whenever possible to fully pipeline this function.  If this multiplier was inferred, it is suggested to describe an additional register stage after this function.  If there is no registered adder/accumulator following the multiply function, two pipeline stages are suggested to allow both the MREG and PREG registers to be used.  If the DSP48 was instantiated in the design, it is suggested to set both the MREG and PREG attributes to 1 when performing multiply functions.
Related violations: <none>

DPOP-4#134 Warning
MREG Output pipelining  
DSP u_pw_unit/u_pw_mac0/p_0_out__39__2 multiplier stage u_pw_unit/u_pw_mac0/p_0_out__39__2/P[47:0] is not pipelined (MREG=0). Pipelining the multiplier function will improve performance and will save significant power so it is suggested whenever possible to fully pipeline this function.  If this multiplier was inferred, it is suggested to describe an additional register stage after this function.  If there is no registered adder/accumulator following the multiply function, two pipeline stages are suggested to allow both the MREG and PREG registers to be used.  If the DSP48 was instantiated in the design, it is suggested to set both the MREG and PREG attributes to 1 when performing multiply functions.
Related violations: <none>

DPOP-4#135 Warning
MREG Output pipelining  
DSP u_pw_unit/u_pw_mac0/p_0_out__3__0 multiplier stage u_pw_unit/u_pw_mac0/p_0_out__3__0/P[47:0] is not pipelined (MREG=0). Pipelining the multiplier function will improve performance and will save significant power so it is suggested whenever possible to fully pipeline this function.  If this multiplier was inferred, it is suggested to describe an additional register stage after this function.  If there is no registered adder/accumulator following the multiply function, two pipeline stages are suggested to allow both the MREG and PREG registers to be used.  If the DSP48 was instantiated in the design, it is suggested to set both the MREG and PREG attributes to 1 when performing multiply functions.
Related violations: <none>

DPOP-4#136 Warning
MREG Output pipelining  
DSP u_pw_unit/u_pw_mac0/p_0_out__3__1 multiplier stage u_pw_unit/u_pw_mac0/p_0_out__3__1/P[47:0] is not pipelined (MREG=0). Pipelining the multiplier function will improve performance and will save significant power so it is suggested whenever possible to fully pipeline this function.  If this multiplier was inferred, it is suggested to describe an additional register stage after this function.  If there is no registered adder/accumulator following the multiply function, two pipeline stages are suggested to allow both the MREG and PREG registers to be used.  If the DSP48 was instantiated in the design, it is suggested to set both the MREG and PREG attributes to 1 when performing multiply functions.
Related violations: <none>

DPOP-4#137 Warning
MREG Output pipelining  
DSP u_pw_unit/u_pw_mac0/p_0_out__3__2 multiplier stage u_pw_unit/u_pw_mac0/p_0_out__3__2/P[47:0] is not pipelined (MREG=0). Pipelining the multiplier function will improve performance and will save significant power so it is suggested whenever possible to fully pipeline this function.  If this multiplier was inferred, it is suggested to describe an additional register stage after this function.  If there is no registered adder/accumulator following the multiply function, two pipeline stages are suggested to allow both the MREG and PREG registers to be used.  If the DSP48 was instantiated in the design, it is suggested to set both the MREG and PREG attributes to 1 when performing multiply functions.
Related violations: <none>

DPOP-4#138 Warning
MREG Output pipelining  
DSP u_pw_unit/u_pw_mac0/p_0_out__4 multiplier stage u_pw_unit/u_pw_mac0/p_0_out__4/P[47:0] is not pipelined (MREG=0). Pipelining the multiplier function will improve performance and will save significant power so it is suggested whenever possible to fully pipeline this function.  If this multiplier was inferred, it is suggested to describe an additional register stage after this function.  If there is no registered adder/accumulator following the multiply function, two pipeline stages are suggested to allow both the MREG and PREG registers to be used.  If the DSP48 was instantiated in the design, it is suggested to set both the MREG and PREG attributes to 1 when performing multiply functions.
Related violations: <none>

DPOP-4#139 Warning
MREG Output pipelining  
DSP u_pw_unit/u_pw_mac0/p_0_out__40 multiplier stage u_pw_unit/u_pw_mac0/p_0_out__40/P[47:0] is not pipelined (MREG=0). Pipelining the multiplier function will improve performance and will save significant power so it is suggested whenever possible to fully pipeline this function.  If this multiplier was inferred, it is suggested to describe an additional register stage after this function.  If there is no registered adder/accumulator following the multiply function, two pipeline stages are suggested to allow both the MREG and PREG registers to be used.  If the DSP48 was instantiated in the design, it is suggested to set both the MREG and PREG attributes to 1 when performing multiply functions.
Related violations: <none>

DPOP-4#140 Warning
MREG Output pipelining  
DSP u_pw_unit/u_pw_mac0/p_0_out__40__0 multiplier stage u_pw_unit/u_pw_mac0/p_0_out__40__0/P[47:0] is not pipelined (MREG=0). Pipelining the multiplier function will improve performance and will save significant power so it is suggested whenever possible to fully pipeline this function.  If this multiplier was inferred, it is suggested to describe an additional register stage after this function.  If there is no registered adder/accumulator following the multiply function, two pipeline stages are suggested to allow both the MREG and PREG registers to be used.  If the DSP48 was instantiated in the design, it is suggested to set both the MREG and PREG attributes to 1 when performing multiply functions.
Related violations: <none>

DPOP-4#141 Warning
MREG Output pipelining  
DSP u_pw_unit/u_pw_mac0/p_0_out__40__1 multiplier stage u_pw_unit/u_pw_mac0/p_0_out__40__1/P[47:0] is not pipelined (MREG=0). Pipelining the multiplier function will improve performance and will save significant power so it is suggested whenever possible to fully pipeline this function.  If this multiplier was inferred, it is suggested to describe an additional register stage after this function.  If there is no registered adder/accumulator following the multiply function, two pipeline stages are suggested to allow both the MREG and PREG registers to be used.  If the DSP48 was instantiated in the design, it is suggested to set both the MREG and PREG attributes to 1 when performing multiply functions.
Related violations: <none>

DPOP-4#142 Warning
MREG Output pipelining  
DSP u_pw_unit/u_pw_mac0/p_0_out__40__2 multiplier stage u_pw_unit/u_pw_mac0/p_0_out__40__2/P[47:0] is not pipelined (MREG=0). Pipelining the multiplier function will improve performance and will save significant power so it is suggested whenever possible to fully pipeline this function.  If this multiplier was inferred, it is suggested to describe an additional register stage after this function.  If there is no registered adder/accumulator following the multiply function, two pipeline stages are suggested to allow both the MREG and PREG registers to be used.  If the DSP48 was instantiated in the design, it is suggested to set both the MREG and PREG attributes to 1 when performing multiply functions.
Related violations: <none>

DPOP-4#143 Warning
MREG Output pipelining  
DSP u_pw_unit/u_pw_mac0/p_0_out__41 multiplier stage u_pw_unit/u_pw_mac0/p_0_out__41/P[47:0] is not pipelined (MREG=0). Pipelining the multiplier function will improve performance and will save significant power so it is suggested whenever possible to fully pipeline this function.  If this multiplier was inferred, it is suggested to describe an additional register stage after this function.  If there is no registered adder/accumulator following the multiply function, two pipeline stages are suggested to allow both the MREG and PREG registers to be used.  If the DSP48 was instantiated in the design, it is suggested to set both the MREG and PREG attributes to 1 when performing multiply functions.
Related violations: <none>

DPOP-4#144 Warning
MREG Output pipelining  
DSP u_pw_unit/u_pw_mac0/p_0_out__41__0 multiplier stage u_pw_unit/u_pw_mac0/p_0_out__41__0/P[47:0] is not pipelined (MREG=0). Pipelining the multiplier function will improve performance and will save significant power so it is suggested whenever possible to fully pipeline this function.  If this multiplier was inferred, it is suggested to describe an additional register stage after this function.  If there is no registered adder/accumulator following the multiply function, two pipeline stages are suggested to allow both the MREG and PREG registers to be used.  If the DSP48 was instantiated in the design, it is suggested to set both the MREG and PREG attributes to 1 when performing multiply functions.
Related violations: <none>

DPOP-4#145 Warning
MREG Output pipelining  
DSP u_pw_unit/u_pw_mac0/p_0_out__41__1 multiplier stage u_pw_unit/u_pw_mac0/p_0_out__41__1/P[47:0] is not pipelined (MREG=0). Pipelining the multiplier function will improve performance and will save significant power so it is suggested whenever possible to fully pipeline this function.  If this multiplier was inferred, it is suggested to describe an additional register stage after this function.  If there is no registered adder/accumulator following the multiply function, two pipeline stages are suggested to allow both the MREG and PREG registers to be used.  If the DSP48 was instantiated in the design, it is suggested to set both the MREG and PREG attributes to 1 when performing multiply functions.
Related violations: <none>

DPOP-4#146 Warning
MREG Output pipelining  
DSP u_pw_unit/u_pw_mac0/p_0_out__41__2 multiplier stage u_pw_unit/u_pw_mac0/p_0_out__41__2/P[47:0] is not pipelined (MREG=0). Pipelining the multiplier function will improve performance and will save significant power so it is suggested whenever possible to fully pipeline this function.  If this multiplier was inferred, it is suggested to describe an additional register stage after this function.  If there is no registered adder/accumulator following the multiply function, two pipeline stages are suggested to allow both the MREG and PREG registers to be used.  If the DSP48 was instantiated in the design, it is suggested to set both the MREG and PREG attributes to 1 when performing multiply functions.
Related violations: <none>

DPOP-4#147 Warning
MREG Output pipelining  
DSP u_pw_unit/u_pw_mac0/p_0_out__42 multiplier stage u_pw_unit/u_pw_mac0/p_0_out__42/P[47:0] is not pipelined (MREG=0). Pipelining the multiplier function will improve performance and will save significant power so it is suggested whenever possible to fully pipeline this function.  If this multiplier was inferred, it is suggested to describe an additional register stage after this function.  If there is no registered adder/accumulator following the multiply function, two pipeline stages are suggested to allow both the MREG and PREG registers to be used.  If the DSP48 was instantiated in the design, it is suggested to set both the MREG and PREG attributes to 1 when performing multiply functions.
Related violations: <none>

DPOP-4#148 Warning
MREG Output pipelining  
DSP u_pw_unit/u_pw_mac0/p_0_out__42__0 multiplier stage u_pw_unit/u_pw_mac0/p_0_out__42__0/P[47:0] is not pipelined (MREG=0). Pipelining the multiplier function will improve performance and will save significant power so it is suggested whenever possible to fully pipeline this function.  If this multiplier was inferred, it is suggested to describe an additional register stage after this function.  If there is no registered adder/accumulator following the multiply function, two pipeline stages are suggested to allow both the MREG and PREG registers to be used.  If the DSP48 was instantiated in the design, it is suggested to set both the MREG and PREG attributes to 1 when performing multiply functions.
Related violations: <none>

DPOP-4#149 Warning
MREG Output pipelining  
DSP u_pw_unit/u_pw_mac0/p_0_out__42__1 multiplier stage u_pw_unit/u_pw_mac0/p_0_out__42__1/P[47:0] is not pipelined (MREG=0). Pipelining the multiplier function will improve performance and will save significant power so it is suggested whenever possible to fully pipeline this function.  If this multiplier was inferred, it is suggested to describe an additional register stage after this function.  If there is no registered adder/accumulator following the multiply function, two pipeline stages are suggested to allow both the MREG and PREG registers to be used.  If the DSP48 was instantiated in the design, it is suggested to set both the MREG and PREG attributes to 1 when performing multiply functions.
Related violations: <none>

DPOP-4#150 Warning
MREG Output pipelining  
DSP u_pw_unit/u_pw_mac0/p_0_out__42__2 multiplier stage u_pw_unit/u_pw_mac0/p_0_out__42__2/P[47:0] is not pipelined (MREG=0). Pipelining the multiplier function will improve performance and will save significant power so it is suggested whenever possible to fully pipeline this function.  If this multiplier was inferred, it is suggested to describe an additional register stage after this function.  If there is no registered adder/accumulator following the multiply function, two pipeline stages are suggested to allow both the MREG and PREG registers to be used.  If the DSP48 was instantiated in the design, it is suggested to set both the MREG and PREG attributes to 1 when performing multiply functions.
Related violations: <none>

DPOP-4#151 Warning
MREG Output pipelining  
DSP u_pw_unit/u_pw_mac0/p_0_out__43 multiplier stage u_pw_unit/u_pw_mac0/p_0_out__43/P[47:0] is not pipelined (MREG=0). Pipelining the multiplier function will improve performance and will save significant power so it is suggested whenever possible to fully pipeline this function.  If this multiplier was inferred, it is suggested to describe an additional register stage after this function.  If there is no registered adder/accumulator following the multiply function, two pipeline stages are suggested to allow both the MREG and PREG registers to be used.  If the DSP48 was instantiated in the design, it is suggested to set both the MREG and PREG attributes to 1 when performing multiply functions.
Related violations: <none>

DPOP-4#152 Warning
MREG Output pipelining  
DSP u_pw_unit/u_pw_mac0/p_0_out__43__0 multiplier stage u_pw_unit/u_pw_mac0/p_0_out__43__0/P[47:0] is not pipelined (MREG=0). Pipelining the multiplier function will improve performance and will save significant power so it is suggested whenever possible to fully pipeline this function.  If this multiplier was inferred, it is suggested to describe an additional register stage after this function.  If there is no registered adder/accumulator following the multiply function, two pipeline stages are suggested to allow both the MREG and PREG registers to be used.  If the DSP48 was instantiated in the design, it is suggested to set both the MREG and PREG attributes to 1 when performing multiply functions.
Related violations: <none>

DPOP-4#153 Warning
MREG Output pipelining  
DSP u_pw_unit/u_pw_mac0/p_0_out__43__1 multiplier stage u_pw_unit/u_pw_mac0/p_0_out__43__1/P[47:0] is not pipelined (MREG=0). Pipelining the multiplier function will improve performance and will save significant power so it is suggested whenever possible to fully pipeline this function.  If this multiplier was inferred, it is suggested to describe an additional register stage after this function.  If there is no registered adder/accumulator following the multiply function, two pipeline stages are suggested to allow both the MREG and PREG registers to be used.  If the DSP48 was instantiated in the design, it is suggested to set both the MREG and PREG attributes to 1 when performing multiply functions.
Related violations: <none>

DPOP-4#154 Warning
MREG Output pipelining  
DSP u_pw_unit/u_pw_mac0/p_0_out__43__2 multiplier stage u_pw_unit/u_pw_mac0/p_0_out__43__2/P[47:0] is not pipelined (MREG=0). Pipelining the multiplier function will improve performance and will save significant power so it is suggested whenever possible to fully pipeline this function.  If this multiplier was inferred, it is suggested to describe an additional register stage after this function.  If there is no registered adder/accumulator following the multiply function, two pipeline stages are suggested to allow both the MREG and PREG registers to be used.  If the DSP48 was instantiated in the design, it is suggested to set both the MREG and PREG attributes to 1 when performing multiply functions.
Related violations: <none>

DPOP-4#155 Warning
MREG Output pipelining  
DSP u_pw_unit/u_pw_mac0/p_0_out__44 multiplier stage u_pw_unit/u_pw_mac0/p_0_out__44/P[47:0] is not pipelined (MREG=0). Pipelining the multiplier function will improve performance and will save significant power so it is suggested whenever possible to fully pipeline this function.  If this multiplier was inferred, it is suggested to describe an additional register stage after this function.  If there is no registered adder/accumulator following the multiply function, two pipeline stages are suggested to allow both the MREG and PREG registers to be used.  If the DSP48 was instantiated in the design, it is suggested to set both the MREG and PREG attributes to 1 when performing multiply functions.
Related violations: <none>

DPOP-4#156 Warning
MREG Output pipelining  
DSP u_pw_unit/u_pw_mac0/p_0_out__44__0 multiplier stage u_pw_unit/u_pw_mac0/p_0_out__44__0/P[47:0] is not pipelined (MREG=0). Pipelining the multiplier function will improve performance and will save significant power so it is suggested whenever possible to fully pipeline this function.  If this multiplier was inferred, it is suggested to describe an additional register stage after this function.  If there is no registered adder/accumulator following the multiply function, two pipeline stages are suggested to allow both the MREG and PREG registers to be used.  If the DSP48 was instantiated in the design, it is suggested to set both the MREG and PREG attributes to 1 when performing multiply functions.
Related violations: <none>

DPOP-4#157 Warning
MREG Output pipelining  
DSP u_pw_unit/u_pw_mac0/p_0_out__44__1 multiplier stage u_pw_unit/u_pw_mac0/p_0_out__44__1/P[47:0] is not pipelined (MREG=0). Pipelining the multiplier function will improve performance and will save significant power so it is suggested whenever possible to fully pipeline this function.  If this multiplier was inferred, it is suggested to describe an additional register stage after this function.  If there is no registered adder/accumulator following the multiply function, two pipeline stages are suggested to allow both the MREG and PREG registers to be used.  If the DSP48 was instantiated in the design, it is suggested to set both the MREG and PREG attributes to 1 when performing multiply functions.
Related violations: <none>

DPOP-4#158 Warning
MREG Output pipelining  
DSP u_pw_unit/u_pw_mac0/p_0_out__44__2 multiplier stage u_pw_unit/u_pw_mac0/p_0_out__44__2/P[47:0] is not pipelined (MREG=0). Pipelining the multiplier function will improve performance and will save significant power so it is suggested whenever possible to fully pipeline this function.  If this multiplier was inferred, it is suggested to describe an additional register stage after this function.  If there is no registered adder/accumulator following the multiply function, two pipeline stages are suggested to allow both the MREG and PREG registers to be used.  If the DSP48 was instantiated in the design, it is suggested to set both the MREG and PREG attributes to 1 when performing multiply functions.
Related violations: <none>

DPOP-4#159 Warning
MREG Output pipelining  
DSP u_pw_unit/u_pw_mac0/p_0_out__45 multiplier stage u_pw_unit/u_pw_mac0/p_0_out__45/P[47:0] is not pipelined (MREG=0). Pipelining the multiplier function will improve performance and will save significant power so it is suggested whenever possible to fully pipeline this function.  If this multiplier was inferred, it is suggested to describe an additional register stage after this function.  If there is no registered adder/accumulator following the multiply function, two pipeline stages are suggested to allow both the MREG and PREG registers to be used.  If the DSP48 was instantiated in the design, it is suggested to set both the MREG and PREG attributes to 1 when performing multiply functions.
Related violations: <none>

DPOP-4#160 Warning
MREG Output pipelining  
DSP u_pw_unit/u_pw_mac0/p_0_out__45__0 multiplier stage u_pw_unit/u_pw_mac0/p_0_out__45__0/P[47:0] is not pipelined (MREG=0). Pipelining the multiplier function will improve performance and will save significant power so it is suggested whenever possible to fully pipeline this function.  If this multiplier was inferred, it is suggested to describe an additional register stage after this function.  If there is no registered adder/accumulator following the multiply function, two pipeline stages are suggested to allow both the MREG and PREG registers to be used.  If the DSP48 was instantiated in the design, it is suggested to set both the MREG and PREG attributes to 1 when performing multiply functions.
Related violations: <none>

DPOP-4#161 Warning
MREG Output pipelining  
DSP u_pw_unit/u_pw_mac0/p_0_out__45__1 multiplier stage u_pw_unit/u_pw_mac0/p_0_out__45__1/P[47:0] is not pipelined (MREG=0). Pipelining the multiplier function will improve performance and will save significant power so it is suggested whenever possible to fully pipeline this function.  If this multiplier was inferred, it is suggested to describe an additional register stage after this function.  If there is no registered adder/accumulator following the multiply function, two pipeline stages are suggested to allow both the MREG and PREG registers to be used.  If the DSP48 was instantiated in the design, it is suggested to set both the MREG and PREG attributes to 1 when performing multiply functions.
Related violations: <none>

DPOP-4#162 Warning
MREG Output pipelining  
DSP u_pw_unit/u_pw_mac0/p_0_out__45__2 multiplier stage u_pw_unit/u_pw_mac0/p_0_out__45__2/P[47:0] is not pipelined (MREG=0). Pipelining the multiplier function will improve performance and will save significant power so it is suggested whenever possible to fully pipeline this function.  If this multiplier was inferred, it is suggested to describe an additional register stage after this function.  If there is no registered adder/accumulator following the multiply function, two pipeline stages are suggested to allow both the MREG and PREG registers to be used.  If the DSP48 was instantiated in the design, it is suggested to set both the MREG and PREG attributes to 1 when performing multiply functions.
Related violations: <none>

DPOP-4#163 Warning
MREG Output pipelining  
DSP u_pw_unit/u_pw_mac0/p_0_out__46 multiplier stage u_pw_unit/u_pw_mac0/p_0_out__46/P[47:0] is not pipelined (MREG=0). Pipelining the multiplier function will improve performance and will save significant power so it is suggested whenever possible to fully pipeline this function.  If this multiplier was inferred, it is suggested to describe an additional register stage after this function.  If there is no registered adder/accumulator following the multiply function, two pipeline stages are suggested to allow both the MREG and PREG registers to be used.  If the DSP48 was instantiated in the design, it is suggested to set both the MREG and PREG attributes to 1 when performing multiply functions.
Related violations: <none>

DPOP-4#164 Warning
MREG Output pipelining  
DSP u_pw_unit/u_pw_mac0/p_0_out__46__0 multiplier stage u_pw_unit/u_pw_mac0/p_0_out__46__0/P[47:0] is not pipelined (MREG=0). Pipelining the multiplier function will improve performance and will save significant power so it is suggested whenever possible to fully pipeline this function.  If this multiplier was inferred, it is suggested to describe an additional register stage after this function.  If there is no registered adder/accumulator following the multiply function, two pipeline stages are suggested to allow both the MREG and PREG registers to be used.  If the DSP48 was instantiated in the design, it is suggested to set both the MREG and PREG attributes to 1 when performing multiply functions.
Related violations: <none>

DPOP-4#165 Warning
MREG Output pipelining  
DSP u_pw_unit/u_pw_mac0/p_0_out__46__1 multiplier stage u_pw_unit/u_pw_mac0/p_0_out__46__1/P[47:0] is not pipelined (MREG=0). Pipelining the multiplier function will improve performance and will save significant power so it is suggested whenever possible to fully pipeline this function.  If this multiplier was inferred, it is suggested to describe an additional register stage after this function.  If there is no registered adder/accumulator following the multiply function, two pipeline stages are suggested to allow both the MREG and PREG registers to be used.  If the DSP48 was instantiated in the design, it is suggested to set both the MREG and PREG attributes to 1 when performing multiply functions.
Related violations: <none>

DPOP-4#166 Warning
MREG Output pipelining  
DSP u_pw_unit/u_pw_mac0/p_0_out__46__2 multiplier stage u_pw_unit/u_pw_mac0/p_0_out__46__2/P[47:0] is not pipelined (MREG=0). Pipelining the multiplier function will improve performance and will save significant power so it is suggested whenever possible to fully pipeline this function.  If this multiplier was inferred, it is suggested to describe an additional register stage after this function.  If there is no registered adder/accumulator following the multiply function, two pipeline stages are suggested to allow both the MREG and PREG registers to be used.  If the DSP48 was instantiated in the design, it is suggested to set both the MREG and PREG attributes to 1 when performing multiply functions.
Related violations: <none>

DPOP-4#167 Warning
MREG Output pipelining  
DSP u_pw_unit/u_pw_mac0/p_0_out__47 multiplier stage u_pw_unit/u_pw_mac0/p_0_out__47/P[47:0] is not pipelined (MREG=0). Pipelining the multiplier function will improve performance and will save significant power so it is suggested whenever possible to fully pipeline this function.  If this multiplier was inferred, it is suggested to describe an additional register stage after this function.  If there is no registered adder/accumulator following the multiply function, two pipeline stages are suggested to allow both the MREG and PREG registers to be used.  If the DSP48 was instantiated in the design, it is suggested to set both the MREG and PREG attributes to 1 when performing multiply functions.
Related violations: <none>

DPOP-4#168 Warning
MREG Output pipelining  
DSP u_pw_unit/u_pw_mac0/p_0_out__47__0 multiplier stage u_pw_unit/u_pw_mac0/p_0_out__47__0/P[47:0] is not pipelined (MREG=0). Pipelining the multiplier function will improve performance and will save significant power so it is suggested whenever possible to fully pipeline this function.  If this multiplier was inferred, it is suggested to describe an additional register stage after this function.  If there is no registered adder/accumulator following the multiply function, two pipeline stages are suggested to allow both the MREG and PREG registers to be used.  If the DSP48 was instantiated in the design, it is suggested to set both the MREG and PREG attributes to 1 when performing multiply functions.
Related violations: <none>

DPOP-4#169 Warning
MREG Output pipelining  
DSP u_pw_unit/u_pw_mac0/p_0_out__47__1 multiplier stage u_pw_unit/u_pw_mac0/p_0_out__47__1/P[47:0] is not pipelined (MREG=0). Pipelining the multiplier function will improve performance and will save significant power so it is suggested whenever possible to fully pipeline this function.  If this multiplier was inferred, it is suggested to describe an additional register stage after this function.  If there is no registered adder/accumulator following the multiply function, two pipeline stages are suggested to allow both the MREG and PREG registers to be used.  If the DSP48 was instantiated in the design, it is suggested to set both the MREG and PREG attributes to 1 when performing multiply functions.
Related violations: <none>

DPOP-4#170 Warning
MREG Output pipelining  
DSP u_pw_unit/u_pw_mac0/p_0_out__47__2 multiplier stage u_pw_unit/u_pw_mac0/p_0_out__47__2/P[47:0] is not pipelined (MREG=0). Pipelining the multiplier function will improve performance and will save significant power so it is suggested whenever possible to fully pipeline this function.  If this multiplier was inferred, it is suggested to describe an additional register stage after this function.  If there is no registered adder/accumulator following the multiply function, two pipeline stages are suggested to allow both the MREG and PREG registers to be used.  If the DSP48 was instantiated in the design, it is suggested to set both the MREG and PREG attributes to 1 when performing multiply functions.
Related violations: <none>

DPOP-4#171 Warning
MREG Output pipelining  
DSP u_pw_unit/u_pw_mac0/p_0_out__48 multiplier stage u_pw_unit/u_pw_mac0/p_0_out__48/P[47:0] is not pipelined (MREG=0). Pipelining the multiplier function will improve performance and will save significant power so it is suggested whenever possible to fully pipeline this function.  If this multiplier was inferred, it is suggested to describe an additional register stage after this function.  If there is no registered adder/accumulator following the multiply function, two pipeline stages are suggested to allow both the MREG and PREG registers to be used.  If the DSP48 was instantiated in the design, it is suggested to set both the MREG and PREG attributes to 1 when performing multiply functions.
Related violations: <none>

DPOP-4#172 Warning
MREG Output pipelining  
DSP u_pw_unit/u_pw_mac0/p_0_out__48__0 multiplier stage u_pw_unit/u_pw_mac0/p_0_out__48__0/P[47:0] is not pipelined (MREG=0). Pipelining the multiplier function will improve performance and will save significant power so it is suggested whenever possible to fully pipeline this function.  If this multiplier was inferred, it is suggested to describe an additional register stage after this function.  If there is no registered adder/accumulator following the multiply function, two pipeline stages are suggested to allow both the MREG and PREG registers to be used.  If the DSP48 was instantiated in the design, it is suggested to set both the MREG and PREG attributes to 1 when performing multiply functions.
Related violations: <none>

DPOP-4#173 Warning
MREG Output pipelining  
DSP u_pw_unit/u_pw_mac0/p_0_out__48__1 multiplier stage u_pw_unit/u_pw_mac0/p_0_out__48__1/P[47:0] is not pipelined (MREG=0). Pipelining the multiplier function will improve performance and will save significant power so it is suggested whenever possible to fully pipeline this function.  If this multiplier was inferred, it is suggested to describe an additional register stage after this function.  If there is no registered adder/accumulator following the multiply function, two pipeline stages are suggested to allow both the MREG and PREG registers to be used.  If the DSP48 was instantiated in the design, it is suggested to set both the MREG and PREG attributes to 1 when performing multiply functions.
Related violations: <none>

DPOP-4#174 Warning
MREG Output pipelining  
DSP u_pw_unit/u_pw_mac0/p_0_out__48__2 multiplier stage u_pw_unit/u_pw_mac0/p_0_out__48__2/P[47:0] is not pipelined (MREG=0). Pipelining the multiplier function will improve performance and will save significant power so it is suggested whenever possible to fully pipeline this function.  If this multiplier was inferred, it is suggested to describe an additional register stage after this function.  If there is no registered adder/accumulator following the multiply function, two pipeline stages are suggested to allow both the MREG and PREG registers to be used.  If the DSP48 was instantiated in the design, it is suggested to set both the MREG and PREG attributes to 1 when performing multiply functions.
Related violations: <none>

DPOP-4#175 Warning
MREG Output pipelining  
DSP u_pw_unit/u_pw_mac0/p_0_out__49 multiplier stage u_pw_unit/u_pw_mac0/p_0_out__49/P[47:0] is not pipelined (MREG=0). Pipelining the multiplier function will improve performance and will save significant power so it is suggested whenever possible to fully pipeline this function.  If this multiplier was inferred, it is suggested to describe an additional register stage after this function.  If there is no registered adder/accumulator following the multiply function, two pipeline stages are suggested to allow both the MREG and PREG registers to be used.  If the DSP48 was instantiated in the design, it is suggested to set both the MREG and PREG attributes to 1 when performing multiply functions.
Related violations: <none>

DPOP-4#176 Warning
MREG Output pipelining  
DSP u_pw_unit/u_pw_mac0/p_0_out__49__0 multiplier stage u_pw_unit/u_pw_mac0/p_0_out__49__0/P[47:0] is not pipelined (MREG=0). Pipelining the multiplier function will improve performance and will save significant power so it is suggested whenever possible to fully pipeline this function.  If this multiplier was inferred, it is suggested to describe an additional register stage after this function.  If there is no registered adder/accumulator following the multiply function, two pipeline stages are suggested to allow both the MREG and PREG registers to be used.  If the DSP48 was instantiated in the design, it is suggested to set both the MREG and PREG attributes to 1 when performing multiply functions.
Related violations: <none>

DPOP-4#177 Warning
MREG Output pipelining  
DSP u_pw_unit/u_pw_mac0/p_0_out__49__1 multiplier stage u_pw_unit/u_pw_mac0/p_0_out__49__1/P[47:0] is not pipelined (MREG=0). Pipelining the multiplier function will improve performance and will save significant power so it is suggested whenever possible to fully pipeline this function.  If this multiplier was inferred, it is suggested to describe an additional register stage after this function.  If there is no registered adder/accumulator following the multiply function, two pipeline stages are suggested to allow both the MREG and PREG registers to be used.  If the DSP48 was instantiated in the design, it is suggested to set both the MREG and PREG attributes to 1 when performing multiply functions.
Related violations: <none>

DPOP-4#178 Warning
MREG Output pipelining  
DSP u_pw_unit/u_pw_mac0/p_0_out__49__2 multiplier stage u_pw_unit/u_pw_mac0/p_0_out__49__2/P[47:0] is not pipelined (MREG=0). Pipelining the multiplier function will improve performance and will save significant power so it is suggested whenever possible to fully pipeline this function.  If this multiplier was inferred, it is suggested to describe an additional register stage after this function.  If there is no registered adder/accumulator following the multiply function, two pipeline stages are suggested to allow both the MREG and PREG registers to be used.  If the DSP48 was instantiated in the design, it is suggested to set both the MREG and PREG attributes to 1 when performing multiply functions.
Related violations: <none>

DPOP-4#179 Warning
MREG Output pipelining  
DSP u_pw_unit/u_pw_mac0/p_0_out__4__0 multiplier stage u_pw_unit/u_pw_mac0/p_0_out__4__0/P[47:0] is not pipelined (MREG=0). Pipelining the multiplier function will improve performance and will save significant power so it is suggested whenever possible to fully pipeline this function.  If this multiplier was inferred, it is suggested to describe an additional register stage after this function.  If there is no registered adder/accumulator following the multiply function, two pipeline stages are suggested to allow both the MREG and PREG registers to be used.  If the DSP48 was instantiated in the design, it is suggested to set both the MREG and PREG attributes to 1 when performing multiply functions.
Related violations: <none>

DPOP-4#180 Warning
MREG Output pipelining  
DSP u_pw_unit/u_pw_mac0/p_0_out__4__1 multiplier stage u_pw_unit/u_pw_mac0/p_0_out__4__1/P[47:0] is not pipelined (MREG=0). Pipelining the multiplier function will improve performance and will save significant power so it is suggested whenever possible to fully pipeline this function.  If this multiplier was inferred, it is suggested to describe an additional register stage after this function.  If there is no registered adder/accumulator following the multiply function, two pipeline stages are suggested to allow both the MREG and PREG registers to be used.  If the DSP48 was instantiated in the design, it is suggested to set both the MREG and PREG attributes to 1 when performing multiply functions.
Related violations: <none>

DPOP-4#181 Warning
MREG Output pipelining  
DSP u_pw_unit/u_pw_mac0/p_0_out__4__2 multiplier stage u_pw_unit/u_pw_mac0/p_0_out__4__2/P[47:0] is not pipelined (MREG=0). Pipelining the multiplier function will improve performance and will save significant power so it is suggested whenever possible to fully pipeline this function.  If this multiplier was inferred, it is suggested to describe an additional register stage after this function.  If there is no registered adder/accumulator following the multiply function, two pipeline stages are suggested to allow both the MREG and PREG registers to be used.  If the DSP48 was instantiated in the design, it is suggested to set both the MREG and PREG attributes to 1 when performing multiply functions.
Related violations: <none>

DPOP-4#182 Warning
MREG Output pipelining  
DSP u_pw_unit/u_pw_mac0/p_0_out__5 multiplier stage u_pw_unit/u_pw_mac0/p_0_out__5/P[47:0] is not pipelined (MREG=0). Pipelining the multiplier function will improve performance and will save significant power so it is suggested whenever possible to fully pipeline this function.  If this multiplier was inferred, it is suggested to describe an additional register stage after this function.  If there is no registered adder/accumulator following the multiply function, two pipeline stages are suggested to allow both the MREG and PREG registers to be used.  If the DSP48 was instantiated in the design, it is suggested to set both the MREG and PREG attributes to 1 when performing multiply functions.
Related violations: <none>

DPOP-4#183 Warning
MREG Output pipelining  
DSP u_pw_unit/u_pw_mac0/p_0_out__50 multiplier stage u_pw_unit/u_pw_mac0/p_0_out__50/P[47:0] is not pipelined (MREG=0). Pipelining the multiplier function will improve performance and will save significant power so it is suggested whenever possible to fully pipeline this function.  If this multiplier was inferred, it is suggested to describe an additional register stage after this function.  If there is no registered adder/accumulator following the multiply function, two pipeline stages are suggested to allow both the MREG and PREG registers to be used.  If the DSP48 was instantiated in the design, it is suggested to set both the MREG and PREG attributes to 1 when performing multiply functions.
Related violations: <none>

DPOP-4#184 Warning
MREG Output pipelining  
DSP u_pw_unit/u_pw_mac0/p_0_out__50__0 multiplier stage u_pw_unit/u_pw_mac0/p_0_out__50__0/P[47:0] is not pipelined (MREG=0). Pipelining the multiplier function will improve performance and will save significant power so it is suggested whenever possible to fully pipeline this function.  If this multiplier was inferred, it is suggested to describe an additional register stage after this function.  If there is no registered adder/accumulator following the multiply function, two pipeline stages are suggested to allow both the MREG and PREG registers to be used.  If the DSP48 was instantiated in the design, it is suggested to set both the MREG and PREG attributes to 1 when performing multiply functions.
Related violations: <none>

DPOP-4#185 Warning
MREG Output pipelining  
DSP u_pw_unit/u_pw_mac0/p_0_out__50__1 multiplier stage u_pw_unit/u_pw_mac0/p_0_out__50__1/P[47:0] is not pipelined (MREG=0). Pipelining the multiplier function will improve performance and will save significant power so it is suggested whenever possible to fully pipeline this function.  If this multiplier was inferred, it is suggested to describe an additional register stage after this function.  If there is no registered adder/accumulator following the multiply function, two pipeline stages are suggested to allow both the MREG and PREG registers to be used.  If the DSP48 was instantiated in the design, it is suggested to set both the MREG and PREG attributes to 1 when performing multiply functions.
Related violations: <none>

DPOP-4#186 Warning
MREG Output pipelining  
DSP u_pw_unit/u_pw_mac0/p_0_out__50__2 multiplier stage u_pw_unit/u_pw_mac0/p_0_out__50__2/P[47:0] is not pipelined (MREG=0). Pipelining the multiplier function will improve performance and will save significant power so it is suggested whenever possible to fully pipeline this function.  If this multiplier was inferred, it is suggested to describe an additional register stage after this function.  If there is no registered adder/accumulator following the multiply function, two pipeline stages are suggested to allow both the MREG and PREG registers to be used.  If the DSP48 was instantiated in the design, it is suggested to set both the MREG and PREG attributes to 1 when performing multiply functions.
Related violations: <none>

DPOP-4#187 Warning
MREG Output pipelining  
DSP u_pw_unit/u_pw_mac0/p_0_out__51 multiplier stage u_pw_unit/u_pw_mac0/p_0_out__51/P[47:0] is not pipelined (MREG=0). Pipelining the multiplier function will improve performance and will save significant power so it is suggested whenever possible to fully pipeline this function.  If this multiplier was inferred, it is suggested to describe an additional register stage after this function.  If there is no registered adder/accumulator following the multiply function, two pipeline stages are suggested to allow both the MREG and PREG registers to be used.  If the DSP48 was instantiated in the design, it is suggested to set both the MREG and PREG attributes to 1 when performing multiply functions.
Related violations: <none>

DPOP-4#188 Warning
MREG Output pipelining  
DSP u_pw_unit/u_pw_mac0/p_0_out__51__0 multiplier stage u_pw_unit/u_pw_mac0/p_0_out__51__0/P[47:0] is not pipelined (MREG=0). Pipelining the multiplier function will improve performance and will save significant power so it is suggested whenever possible to fully pipeline this function.  If this multiplier was inferred, it is suggested to describe an additional register stage after this function.  If there is no registered adder/accumulator following the multiply function, two pipeline stages are suggested to allow both the MREG and PREG registers to be used.  If the DSP48 was instantiated in the design, it is suggested to set both the MREG and PREG attributes to 1 when performing multiply functions.
Related violations: <none>

DPOP-4#189 Warning
MREG Output pipelining  
DSP u_pw_unit/u_pw_mac0/p_0_out__51__1 multiplier stage u_pw_unit/u_pw_mac0/p_0_out__51__1/P[47:0] is not pipelined (MREG=0). Pipelining the multiplier function will improve performance and will save significant power so it is suggested whenever possible to fully pipeline this function.  If this multiplier was inferred, it is suggested to describe an additional register stage after this function.  If there is no registered adder/accumulator following the multiply function, two pipeline stages are suggested to allow both the MREG and PREG registers to be used.  If the DSP48 was instantiated in the design, it is suggested to set both the MREG and PREG attributes to 1 when performing multiply functions.
Related violations: <none>

DPOP-4#190 Warning
MREG Output pipelining  
DSP u_pw_unit/u_pw_mac0/p_0_out__52 multiplier stage u_pw_unit/u_pw_mac0/p_0_out__52/P[47:0] is not pipelined (MREG=0). Pipelining the multiplier function will improve performance and will save significant power so it is suggested whenever possible to fully pipeline this function.  If this multiplier was inferred, it is suggested to describe an additional register stage after this function.  If there is no registered adder/accumulator following the multiply function, two pipeline stages are suggested to allow both the MREG and PREG registers to be used.  If the DSP48 was instantiated in the design, it is suggested to set both the MREG and PREG attributes to 1 when performing multiply functions.
Related violations: <none>

DPOP-4#191 Warning
MREG Output pipelining  
DSP u_pw_unit/u_pw_mac0/p_0_out__52__0 multiplier stage u_pw_unit/u_pw_mac0/p_0_out__52__0/P[47:0] is not pipelined (MREG=0). Pipelining the multiplier function will improve performance and will save significant power so it is suggested whenever possible to fully pipeline this function.  If this multiplier was inferred, it is suggested to describe an additional register stage after this function.  If there is no registered adder/accumulator following the multiply function, two pipeline stages are suggested to allow both the MREG and PREG registers to be used.  If the DSP48 was instantiated in the design, it is suggested to set both the MREG and PREG attributes to 1 when performing multiply functions.
Related violations: <none>

DPOP-4#192 Warning
MREG Output pipelining  
DSP u_pw_unit/u_pw_mac0/p_0_out__52__1 multiplier stage u_pw_unit/u_pw_mac0/p_0_out__52__1/P[47:0] is not pipelined (MREG=0). Pipelining the multiplier function will improve performance and will save significant power so it is suggested whenever possible to fully pipeline this function.  If this multiplier was inferred, it is suggested to describe an additional register stage after this function.  If there is no registered adder/accumulator following the multiply function, two pipeline stages are suggested to allow both the MREG and PREG registers to be used.  If the DSP48 was instantiated in the design, it is suggested to set both the MREG and PREG attributes to 1 when performing multiply functions.
Related violations: <none>

DPOP-4#193 Warning
MREG Output pipelining  
DSP u_pw_unit/u_pw_mac0/p_0_out__53 multiplier stage u_pw_unit/u_pw_mac0/p_0_out__53/P[47:0] is not pipelined (MREG=0). Pipelining the multiplier function will improve performance and will save significant power so it is suggested whenever possible to fully pipeline this function.  If this multiplier was inferred, it is suggested to describe an additional register stage after this function.  If there is no registered adder/accumulator following the multiply function, two pipeline stages are suggested to allow both the MREG and PREG registers to be used.  If the DSP48 was instantiated in the design, it is suggested to set both the MREG and PREG attributes to 1 when performing multiply functions.
Related violations: <none>

DPOP-4#194 Warning
MREG Output pipelining  
DSP u_pw_unit/u_pw_mac0/p_0_out__53__0 multiplier stage u_pw_unit/u_pw_mac0/p_0_out__53__0/P[47:0] is not pipelined (MREG=0). Pipelining the multiplier function will improve performance and will save significant power so it is suggested whenever possible to fully pipeline this function.  If this multiplier was inferred, it is suggested to describe an additional register stage after this function.  If there is no registered adder/accumulator following the multiply function, two pipeline stages are suggested to allow both the MREG and PREG registers to be used.  If the DSP48 was instantiated in the design, it is suggested to set both the MREG and PREG attributes to 1 when performing multiply functions.
Related violations: <none>

DPOP-4#195 Warning
MREG Output pipelining  
DSP u_pw_unit/u_pw_mac0/p_0_out__53__1 multiplier stage u_pw_unit/u_pw_mac0/p_0_out__53__1/P[47:0] is not pipelined (MREG=0). Pipelining the multiplier function will improve performance and will save significant power so it is suggested whenever possible to fully pipeline this function.  If this multiplier was inferred, it is suggested to describe an additional register stage after this function.  If there is no registered adder/accumulator following the multiply function, two pipeline stages are suggested to allow both the MREG and PREG registers to be used.  If the DSP48 was instantiated in the design, it is suggested to set both the MREG and PREG attributes to 1 when performing multiply functions.
Related violations: <none>

DPOP-4#196 Warning
MREG Output pipelining  
DSP u_pw_unit/u_pw_mac0/p_0_out__54 multiplier stage u_pw_unit/u_pw_mac0/p_0_out__54/P[47:0] is not pipelined (MREG=0). Pipelining the multiplier function will improve performance and will save significant power so it is suggested whenever possible to fully pipeline this function.  If this multiplier was inferred, it is suggested to describe an additional register stage after this function.  If there is no registered adder/accumulator following the multiply function, two pipeline stages are suggested to allow both the MREG and PREG registers to be used.  If the DSP48 was instantiated in the design, it is suggested to set both the MREG and PREG attributes to 1 when performing multiply functions.
Related violations: <none>

DPOP-4#197 Warning
MREG Output pipelining  
DSP u_pw_unit/u_pw_mac0/p_0_out__54__0 multiplier stage u_pw_unit/u_pw_mac0/p_0_out__54__0/P[47:0] is not pipelined (MREG=0). Pipelining the multiplier function will improve performance and will save significant power so it is suggested whenever possible to fully pipeline this function.  If this multiplier was inferred, it is suggested to describe an additional register stage after this function.  If there is no registered adder/accumulator following the multiply function, two pipeline stages are suggested to allow both the MREG and PREG registers to be used.  If the DSP48 was instantiated in the design, it is suggested to set both the MREG and PREG attributes to 1 when performing multiply functions.
Related violations: <none>

DPOP-4#198 Warning
MREG Output pipelining  
DSP u_pw_unit/u_pw_mac0/p_0_out__54__1 multiplier stage u_pw_unit/u_pw_mac0/p_0_out__54__1/P[47:0] is not pipelined (MREG=0). Pipelining the multiplier function will improve performance and will save significant power so it is suggested whenever possible to fully pipeline this function.  If this multiplier was inferred, it is suggested to describe an additional register stage after this function.  If there is no registered adder/accumulator following the multiply function, two pipeline stages are suggested to allow both the MREG and PREG registers to be used.  If the DSP48 was instantiated in the design, it is suggested to set both the MREG and PREG attributes to 1 when performing multiply functions.
Related violations: <none>

DPOP-4#199 Warning
MREG Output pipelining  
DSP u_pw_unit/u_pw_mac0/p_0_out__55 multiplier stage u_pw_unit/u_pw_mac0/p_0_out__55/P[47:0] is not pipelined (MREG=0). Pipelining the multiplier function will improve performance and will save significant power so it is suggested whenever possible to fully pipeline this function.  If this multiplier was inferred, it is suggested to describe an additional register stage after this function.  If there is no registered adder/accumulator following the multiply function, two pipeline stages are suggested to allow both the MREG and PREG registers to be used.  If the DSP48 was instantiated in the design, it is suggested to set both the MREG and PREG attributes to 1 when performing multiply functions.
Related violations: <none>

DPOP-4#200 Warning
MREG Output pipelining  
DSP u_pw_unit/u_pw_mac0/p_0_out__55__0 multiplier stage u_pw_unit/u_pw_mac0/p_0_out__55__0/P[47:0] is not pipelined (MREG=0). Pipelining the multiplier function will improve performance and will save significant power so it is suggested whenever possible to fully pipeline this function.  If this multiplier was inferred, it is suggested to describe an additional register stage after this function.  If there is no registered adder/accumulator following the multiply function, two pipeline stages are suggested to allow both the MREG and PREG registers to be used.  If the DSP48 was instantiated in the design, it is suggested to set both the MREG and PREG attributes to 1 when performing multiply functions.
Related violations: <none>

DPOP-4#201 Warning
MREG Output pipelining  
DSP u_pw_unit/u_pw_mac0/p_0_out__55__1 multiplier stage u_pw_unit/u_pw_mac0/p_0_out__55__1/P[47:0] is not pipelined (MREG=0). Pipelining the multiplier function will improve performance and will save significant power so it is suggested whenever possible to fully pipeline this function.  If this multiplier was inferred, it is suggested to describe an additional register stage after this function.  If there is no registered adder/accumulator following the multiply function, two pipeline stages are suggested to allow both the MREG and PREG registers to be used.  If the DSP48 was instantiated in the design, it is suggested to set both the MREG and PREG attributes to 1 when performing multiply functions.
Related violations: <none>

DPOP-4#202 Warning
MREG Output pipelining  
DSP u_pw_unit/u_pw_mac0/p_0_out__56 multiplier stage u_pw_unit/u_pw_mac0/p_0_out__56/P[47:0] is not pipelined (MREG=0). Pipelining the multiplier function will improve performance and will save significant power so it is suggested whenever possible to fully pipeline this function.  If this multiplier was inferred, it is suggested to describe an additional register stage after this function.  If there is no registered adder/accumulator following the multiply function, two pipeline stages are suggested to allow both the MREG and PREG registers to be used.  If the DSP48 was instantiated in the design, it is suggested to set both the MREG and PREG attributes to 1 when performing multiply functions.
Related violations: <none>

DPOP-4#203 Warning
MREG Output pipelining  
DSP u_pw_unit/u_pw_mac0/p_0_out__56__0 multiplier stage u_pw_unit/u_pw_mac0/p_0_out__56__0/P[47:0] is not pipelined (MREG=0). Pipelining the multiplier function will improve performance and will save significant power so it is suggested whenever possible to fully pipeline this function.  If this multiplier was inferred, it is suggested to describe an additional register stage after this function.  If there is no registered adder/accumulator following the multiply function, two pipeline stages are suggested to allow both the MREG and PREG registers to be used.  If the DSP48 was instantiated in the design, it is suggested to set both the MREG and PREG attributes to 1 when performing multiply functions.
Related violations: <none>

DPOP-4#204 Warning
MREG Output pipelining  
DSP u_pw_unit/u_pw_mac0/p_0_out__56__1 multiplier stage u_pw_unit/u_pw_mac0/p_0_out__56__1/P[47:0] is not pipelined (MREG=0). Pipelining the multiplier function will improve performance and will save significant power so it is suggested whenever possible to fully pipeline this function.  If this multiplier was inferred, it is suggested to describe an additional register stage after this function.  If there is no registered adder/accumulator following the multiply function, two pipeline stages are suggested to allow both the MREG and PREG registers to be used.  If the DSP48 was instantiated in the design, it is suggested to set both the MREG and PREG attributes to 1 when performing multiply functions.
Related violations: <none>

DPOP-4#205 Warning
MREG Output pipelining  
DSP u_pw_unit/u_pw_mac0/p_0_out__57 multiplier stage u_pw_unit/u_pw_mac0/p_0_out__57/P[47:0] is not pipelined (MREG=0). Pipelining the multiplier function will improve performance and will save significant power so it is suggested whenever possible to fully pipeline this function.  If this multiplier was inferred, it is suggested to describe an additional register stage after this function.  If there is no registered adder/accumulator following the multiply function, two pipeline stages are suggested to allow both the MREG and PREG registers to be used.  If the DSP48 was instantiated in the design, it is suggested to set both the MREG and PREG attributes to 1 when performing multiply functions.
Related violations: <none>

DPOP-4#206 Warning
MREG Output pipelining  
DSP u_pw_unit/u_pw_mac0/p_0_out__57__0 multiplier stage u_pw_unit/u_pw_mac0/p_0_out__57__0/P[47:0] is not pipelined (MREG=0). Pipelining the multiplier function will improve performance and will save significant power so it is suggested whenever possible to fully pipeline this function.  If this multiplier was inferred, it is suggested to describe an additional register stage after this function.  If there is no registered adder/accumulator following the multiply function, two pipeline stages are suggested to allow both the MREG and PREG registers to be used.  If the DSP48 was instantiated in the design, it is suggested to set both the MREG and PREG attributes to 1 when performing multiply functions.
Related violations: <none>

DPOP-4#207 Warning
MREG Output pipelining  
DSP u_pw_unit/u_pw_mac0/p_0_out__57__1 multiplier stage u_pw_unit/u_pw_mac0/p_0_out__57__1/P[47:0] is not pipelined (MREG=0). Pipelining the multiplier function will improve performance and will save significant power so it is suggested whenever possible to fully pipeline this function.  If this multiplier was inferred, it is suggested to describe an additional register stage after this function.  If there is no registered adder/accumulator following the multiply function, two pipeline stages are suggested to allow both the MREG and PREG registers to be used.  If the DSP48 was instantiated in the design, it is suggested to set both the MREG and PREG attributes to 1 when performing multiply functions.
Related violations: <none>

DPOP-4#208 Warning
MREG Output pipelining  
DSP u_pw_unit/u_pw_mac0/p_0_out__58 multiplier stage u_pw_unit/u_pw_mac0/p_0_out__58/P[47:0] is not pipelined (MREG=0). Pipelining the multiplier function will improve performance and will save significant power so it is suggested whenever possible to fully pipeline this function.  If this multiplier was inferred, it is suggested to describe an additional register stage after this function.  If there is no registered adder/accumulator following the multiply function, two pipeline stages are suggested to allow both the MREG and PREG registers to be used.  If the DSP48 was instantiated in the design, it is suggested to set both the MREG and PREG attributes to 1 when performing multiply functions.
Related violations: <none>

DPOP-4#209 Warning
MREG Output pipelining  
DSP u_pw_unit/u_pw_mac0/p_0_out__58__0 multiplier stage u_pw_unit/u_pw_mac0/p_0_out__58__0/P[47:0] is not pipelined (MREG=0). Pipelining the multiplier function will improve performance and will save significant power so it is suggested whenever possible to fully pipeline this function.  If this multiplier was inferred, it is suggested to describe an additional register stage after this function.  If there is no registered adder/accumulator following the multiply function, two pipeline stages are suggested to allow both the MREG and PREG registers to be used.  If the DSP48 was instantiated in the design, it is suggested to set both the MREG and PREG attributes to 1 when performing multiply functions.
Related violations: <none>

DPOP-4#210 Warning
MREG Output pipelining  
DSP u_pw_unit/u_pw_mac0/p_0_out__58__1 multiplier stage u_pw_unit/u_pw_mac0/p_0_out__58__1/P[47:0] is not pipelined (MREG=0). Pipelining the multiplier function will improve performance and will save significant power so it is suggested whenever possible to fully pipeline this function.  If this multiplier was inferred, it is suggested to describe an additional register stage after this function.  If there is no registered adder/accumulator following the multiply function, two pipeline stages are suggested to allow both the MREG and PREG registers to be used.  If the DSP48 was instantiated in the design, it is suggested to set both the MREG and PREG attributes to 1 when performing multiply functions.
Related violations: <none>

DPOP-4#211 Warning
MREG Output pipelining  
DSP u_pw_unit/u_pw_mac0/p_0_out__59 multiplier stage u_pw_unit/u_pw_mac0/p_0_out__59/P[47:0] is not pipelined (MREG=0). Pipelining the multiplier function will improve performance and will save significant power so it is suggested whenever possible to fully pipeline this function.  If this multiplier was inferred, it is suggested to describe an additional register stage after this function.  If there is no registered adder/accumulator following the multiply function, two pipeline stages are suggested to allow both the MREG and PREG registers to be used.  If the DSP48 was instantiated in the design, it is suggested to set both the MREG and PREG attributes to 1 when performing multiply functions.
Related violations: <none>

DPOP-4#212 Warning
MREG Output pipelining  
DSP u_pw_unit/u_pw_mac0/p_0_out__59__0 multiplier stage u_pw_unit/u_pw_mac0/p_0_out__59__0/P[47:0] is not pipelined (MREG=0). Pipelining the multiplier function will improve performance and will save significant power so it is suggested whenever possible to fully pipeline this function.  If this multiplier was inferred, it is suggested to describe an additional register stage after this function.  If there is no registered adder/accumulator following the multiply function, two pipeline stages are suggested to allow both the MREG and PREG registers to be used.  If the DSP48 was instantiated in the design, it is suggested to set both the MREG and PREG attributes to 1 when performing multiply functions.
Related violations: <none>

DPOP-4#213 Warning
MREG Output pipelining  
DSP u_pw_unit/u_pw_mac0/p_0_out__59__1 multiplier stage u_pw_unit/u_pw_mac0/p_0_out__59__1/P[47:0] is not pipelined (MREG=0). Pipelining the multiplier function will improve performance and will save significant power so it is suggested whenever possible to fully pipeline this function.  If this multiplier was inferred, it is suggested to describe an additional register stage after this function.  If there is no registered adder/accumulator following the multiply function, two pipeline stages are suggested to allow both the MREG and PREG registers to be used.  If the DSP48 was instantiated in the design, it is suggested to set both the MREG and PREG attributes to 1 when performing multiply functions.
Related violations: <none>

DPOP-4#214 Warning
MREG Output pipelining  
DSP u_pw_unit/u_pw_mac0/p_0_out__5__0 multiplier stage u_pw_unit/u_pw_mac0/p_0_out__5__0/P[47:0] is not pipelined (MREG=0). Pipelining the multiplier function will improve performance and will save significant power so it is suggested whenever possible to fully pipeline this function.  If this multiplier was inferred, it is suggested to describe an additional register stage after this function.  If there is no registered adder/accumulator following the multiply function, two pipeline stages are suggested to allow both the MREG and PREG registers to be used.  If the DSP48 was instantiated in the design, it is suggested to set both the MREG and PREG attributes to 1 when performing multiply functions.
Related violations: <none>

DPOP-4#215 Warning
MREG Output pipelining  
DSP u_pw_unit/u_pw_mac0/p_0_out__5__1 multiplier stage u_pw_unit/u_pw_mac0/p_0_out__5__1/P[47:0] is not pipelined (MREG=0). Pipelining the multiplier function will improve performance and will save significant power so it is suggested whenever possible to fully pipeline this function.  If this multiplier was inferred, it is suggested to describe an additional register stage after this function.  If there is no registered adder/accumulator following the multiply function, two pipeline stages are suggested to allow both the MREG and PREG registers to be used.  If the DSP48 was instantiated in the design, it is suggested to set both the MREG and PREG attributes to 1 when performing multiply functions.
Related violations: <none>

DPOP-4#216 Warning
MREG Output pipelining  
DSP u_pw_unit/u_pw_mac0/p_0_out__5__2 multiplier stage u_pw_unit/u_pw_mac0/p_0_out__5__2/P[47:0] is not pipelined (MREG=0). Pipelining the multiplier function will improve performance and will save significant power so it is suggested whenever possible to fully pipeline this function.  If this multiplier was inferred, it is suggested to describe an additional register stage after this function.  If there is no registered adder/accumulator following the multiply function, two pipeline stages are suggested to allow both the MREG and PREG registers to be used.  If the DSP48 was instantiated in the design, it is suggested to set both the MREG and PREG attributes to 1 when performing multiply functions.
Related violations: <none>

DPOP-4#217 Warning
MREG Output pipelining  
DSP u_pw_unit/u_pw_mac0/p_0_out__6 multiplier stage u_pw_unit/u_pw_mac0/p_0_out__6/P[47:0] is not pipelined (MREG=0). Pipelining the multiplier function will improve performance and will save significant power so it is suggested whenever possible to fully pipeline this function.  If this multiplier was inferred, it is suggested to describe an additional register stage after this function.  If there is no registered adder/accumulator following the multiply function, two pipeline stages are suggested to allow both the MREG and PREG registers to be used.  If the DSP48 was instantiated in the design, it is suggested to set both the MREG and PREG attributes to 1 when performing multiply functions.
Related violations: <none>

DPOP-4#218 Warning
MREG Output pipelining  
DSP u_pw_unit/u_pw_mac0/p_0_out__60 multiplier stage u_pw_unit/u_pw_mac0/p_0_out__60/P[47:0] is not pipelined (MREG=0). Pipelining the multiplier function will improve performance and will save significant power so it is suggested whenever possible to fully pipeline this function.  If this multiplier was inferred, it is suggested to describe an additional register stage after this function.  If there is no registered adder/accumulator following the multiply function, two pipeline stages are suggested to allow both the MREG and PREG registers to be used.  If the DSP48 was instantiated in the design, it is suggested to set both the MREG and PREG attributes to 1 when performing multiply functions.
Related violations: <none>

DPOP-4#219 Warning
MREG Output pipelining  
DSP u_pw_unit/u_pw_mac0/p_0_out__60__0 multiplier stage u_pw_unit/u_pw_mac0/p_0_out__60__0/P[47:0] is not pipelined (MREG=0). Pipelining the multiplier function will improve performance and will save significant power so it is suggested whenever possible to fully pipeline this function.  If this multiplier was inferred, it is suggested to describe an additional register stage after this function.  If there is no registered adder/accumulator following the multiply function, two pipeline stages are suggested to allow both the MREG and PREG registers to be used.  If the DSP48 was instantiated in the design, it is suggested to set both the MREG and PREG attributes to 1 when performing multiply functions.
Related violations: <none>

DPOP-4#220 Warning
MREG Output pipelining  
DSP u_pw_unit/u_pw_mac0/p_0_out__60__1 multiplier stage u_pw_unit/u_pw_mac0/p_0_out__60__1/P[47:0] is not pipelined (MREG=0). Pipelining the multiplier function will improve performance and will save significant power so it is suggested whenever possible to fully pipeline this function.  If this multiplier was inferred, it is suggested to describe an additional register stage after this function.  If there is no registered adder/accumulator following the multiply function, two pipeline stages are suggested to allow both the MREG and PREG registers to be used.  If the DSP48 was instantiated in the design, it is suggested to set both the MREG and PREG attributes to 1 when performing multiply functions.
Related violations: <none>

DPOP-4#221 Warning
MREG Output pipelining  
DSP u_pw_unit/u_pw_mac0/p_0_out__61 multiplier stage u_pw_unit/u_pw_mac0/p_0_out__61/P[47:0] is not pipelined (MREG=0). Pipelining the multiplier function will improve performance and will save significant power so it is suggested whenever possible to fully pipeline this function.  If this multiplier was inferred, it is suggested to describe an additional register stage after this function.  If there is no registered adder/accumulator following the multiply function, two pipeline stages are suggested to allow both the MREG and PREG registers to be used.  If the DSP48 was instantiated in the design, it is suggested to set both the MREG and PREG attributes to 1 when performing multiply functions.
Related violations: <none>

DPOP-4#222 Warning
MREG Output pipelining  
DSP u_pw_unit/u_pw_mac0/p_0_out__61__0 multiplier stage u_pw_unit/u_pw_mac0/p_0_out__61__0/P[47:0] is not pipelined (MREG=0). Pipelining the multiplier function will improve performance and will save significant power so it is suggested whenever possible to fully pipeline this function.  If this multiplier was inferred, it is suggested to describe an additional register stage after this function.  If there is no registered adder/accumulator following the multiply function, two pipeline stages are suggested to allow both the MREG and PREG registers to be used.  If the DSP48 was instantiated in the design, it is suggested to set both the MREG and PREG attributes to 1 when performing multiply functions.
Related violations: <none>

DPOP-4#223 Warning
MREG Output pipelining  
DSP u_pw_unit/u_pw_mac0/p_0_out__61__1 multiplier stage u_pw_unit/u_pw_mac0/p_0_out__61__1/P[47:0] is not pipelined (MREG=0). Pipelining the multiplier function will improve performance and will save significant power so it is suggested whenever possible to fully pipeline this function.  If this multiplier was inferred, it is suggested to describe an additional register stage after this function.  If there is no registered adder/accumulator following the multiply function, two pipeline stages are suggested to allow both the MREG and PREG registers to be used.  If the DSP48 was instantiated in the design, it is suggested to set both the MREG and PREG attributes to 1 when performing multiply functions.
Related violations: <none>

DPOP-4#224 Warning
MREG Output pipelining  
DSP u_pw_unit/u_pw_mac0/p_0_out__62 multiplier stage u_pw_unit/u_pw_mac0/p_0_out__62/P[47:0] is not pipelined (MREG=0). Pipelining the multiplier function will improve performance and will save significant power so it is suggested whenever possible to fully pipeline this function.  If this multiplier was inferred, it is suggested to describe an additional register stage after this function.  If there is no registered adder/accumulator following the multiply function, two pipeline stages are suggested to allow both the MREG and PREG registers to be used.  If the DSP48 was instantiated in the design, it is suggested to set both the MREG and PREG attributes to 1 when performing multiply functions.
Related violations: <none>

DPOP-4#225 Warning
MREG Output pipelining  
DSP u_pw_unit/u_pw_mac0/p_0_out__62__0 multiplier stage u_pw_unit/u_pw_mac0/p_0_out__62__0/P[47:0] is not pipelined (MREG=0). Pipelining the multiplier function will improve performance and will save significant power so it is suggested whenever possible to fully pipeline this function.  If this multiplier was inferred, it is suggested to describe an additional register stage after this function.  If there is no registered adder/accumulator following the multiply function, two pipeline stages are suggested to allow both the MREG and PREG registers to be used.  If the DSP48 was instantiated in the design, it is suggested to set both the MREG and PREG attributes to 1 when performing multiply functions.
Related violations: <none>

DPOP-4#226 Warning
MREG Output pipelining  
DSP u_pw_unit/u_pw_mac0/p_0_out__62__1 multiplier stage u_pw_unit/u_pw_mac0/p_0_out__62__1/P[47:0] is not pipelined (MREG=0). Pipelining the multiplier function will improve performance and will save significant power so it is suggested whenever possible to fully pipeline this function.  If this multiplier was inferred, it is suggested to describe an additional register stage after this function.  If there is no registered adder/accumulator following the multiply function, two pipeline stages are suggested to allow both the MREG and PREG registers to be used.  If the DSP48 was instantiated in the design, it is suggested to set both the MREG and PREG attributes to 1 when performing multiply functions.
Related violations: <none>

DPOP-4#227 Warning
MREG Output pipelining  
DSP u_pw_unit/u_pw_mac0/p_0_out__63 multiplier stage u_pw_unit/u_pw_mac0/p_0_out__63/P[47:0] is not pipelined (MREG=0). Pipelining the multiplier function will improve performance and will save significant power so it is suggested whenever possible to fully pipeline this function.  If this multiplier was inferred, it is suggested to describe an additional register stage after this function.  If there is no registered adder/accumulator following the multiply function, two pipeline stages are suggested to allow both the MREG and PREG registers to be used.  If the DSP48 was instantiated in the design, it is suggested to set both the MREG and PREG attributes to 1 when performing multiply functions.
Related violations: <none>

DPOP-4#228 Warning
MREG Output pipelining  
DSP u_pw_unit/u_pw_mac0/p_0_out__64 multiplier stage u_pw_unit/u_pw_mac0/p_0_out__64/P[47:0] is not pipelined (MREG=0). Pipelining the multiplier function will improve performance and will save significant power so it is suggested whenever possible to fully pipeline this function.  If this multiplier was inferred, it is suggested to describe an additional register stage after this function.  If there is no registered adder/accumulator following the multiply function, two pipeline stages are suggested to allow both the MREG and PREG registers to be used.  If the DSP48 was instantiated in the design, it is suggested to set both the MREG and PREG attributes to 1 when performing multiply functions.
Related violations: <none>

DPOP-4#229 Warning
MREG Output pipelining  
DSP u_pw_unit/u_pw_mac0/p_0_out__65 multiplier stage u_pw_unit/u_pw_mac0/p_0_out__65/P[47:0] is not pipelined (MREG=0). Pipelining the multiplier function will improve performance and will save significant power so it is suggested whenever possible to fully pipeline this function.  If this multiplier was inferred, it is suggested to describe an additional register stage after this function.  If there is no registered adder/accumulator following the multiply function, two pipeline stages are suggested to allow both the MREG and PREG registers to be used.  If the DSP48 was instantiated in the design, it is suggested to set both the MREG and PREG attributes to 1 when performing multiply functions.
Related violations: <none>

DPOP-4#230 Warning
MREG Output pipelining  
DSP u_pw_unit/u_pw_mac0/p_0_out__66 multiplier stage u_pw_unit/u_pw_mac0/p_0_out__66/P[47:0] is not pipelined (MREG=0). Pipelining the multiplier function will improve performance and will save significant power so it is suggested whenever possible to fully pipeline this function.  If this multiplier was inferred, it is suggested to describe an additional register stage after this function.  If there is no registered adder/accumulator following the multiply function, two pipeline stages are suggested to allow both the MREG and PREG registers to be used.  If the DSP48 was instantiated in the design, it is suggested to set both the MREG and PREG attributes to 1 when performing multiply functions.
Related violations: <none>

DPOP-4#231 Warning
MREG Output pipelining  
DSP u_pw_unit/u_pw_mac0/p_0_out__67 multiplier stage u_pw_unit/u_pw_mac0/p_0_out__67/P[47:0] is not pipelined (MREG=0). Pipelining the multiplier function will improve performance and will save significant power so it is suggested whenever possible to fully pipeline this function.  If this multiplier was inferred, it is suggested to describe an additional register stage after this function.  If there is no registered adder/accumulator following the multiply function, two pipeline stages are suggested to allow both the MREG and PREG registers to be used.  If the DSP48 was instantiated in the design, it is suggested to set both the MREG and PREG attributes to 1 when performing multiply functions.
Related violations: <none>

DPOP-4#232 Warning
MREG Output pipelining  
DSP u_pw_unit/u_pw_mac0/p_0_out__68 multiplier stage u_pw_unit/u_pw_mac0/p_0_out__68/P[47:0] is not pipelined (MREG=0). Pipelining the multiplier function will improve performance and will save significant power so it is suggested whenever possible to fully pipeline this function.  If this multiplier was inferred, it is suggested to describe an additional register stage after this function.  If there is no registered adder/accumulator following the multiply function, two pipeline stages are suggested to allow both the MREG and PREG registers to be used.  If the DSP48 was instantiated in the design, it is suggested to set both the MREG and PREG attributes to 1 when performing multiply functions.
Related violations: <none>

DPOP-4#233 Warning
MREG Output pipelining  
DSP u_pw_unit/u_pw_mac0/p_0_out__69 multiplier stage u_pw_unit/u_pw_mac0/p_0_out__69/P[47:0] is not pipelined (MREG=0). Pipelining the multiplier function will improve performance and will save significant power so it is suggested whenever possible to fully pipeline this function.  If this multiplier was inferred, it is suggested to describe an additional register stage after this function.  If there is no registered adder/accumulator following the multiply function, two pipeline stages are suggested to allow both the MREG and PREG registers to be used.  If the DSP48 was instantiated in the design, it is suggested to set both the MREG and PREG attributes to 1 when performing multiply functions.
Related violations: <none>

DPOP-4#234 Warning
MREG Output pipelining  
DSP u_pw_unit/u_pw_mac0/p_0_out__6__0 multiplier stage u_pw_unit/u_pw_mac0/p_0_out__6__0/P[47:0] is not pipelined (MREG=0). Pipelining the multiplier function will improve performance and will save significant power so it is suggested whenever possible to fully pipeline this function.  If this multiplier was inferred, it is suggested to describe an additional register stage after this function.  If there is no registered adder/accumulator following the multiply function, two pipeline stages are suggested to allow both the MREG and PREG registers to be used.  If the DSP48 was instantiated in the design, it is suggested to set both the MREG and PREG attributes to 1 when performing multiply functions.
Related violations: <none>

DPOP-4#235 Warning
MREG Output pipelining  
DSP u_pw_unit/u_pw_mac0/p_0_out__6__1 multiplier stage u_pw_unit/u_pw_mac0/p_0_out__6__1/P[47:0] is not pipelined (MREG=0). Pipelining the multiplier function will improve performance and will save significant power so it is suggested whenever possible to fully pipeline this function.  If this multiplier was inferred, it is suggested to describe an additional register stage after this function.  If there is no registered adder/accumulator following the multiply function, two pipeline stages are suggested to allow both the MREG and PREG registers to be used.  If the DSP48 was instantiated in the design, it is suggested to set both the MREG and PREG attributes to 1 when performing multiply functions.
Related violations: <none>

DPOP-4#236 Warning
MREG Output pipelining  
DSP u_pw_unit/u_pw_mac0/p_0_out__6__2 multiplier stage u_pw_unit/u_pw_mac0/p_0_out__6__2/P[47:0] is not pipelined (MREG=0). Pipelining the multiplier function will improve performance and will save significant power so it is suggested whenever possible to fully pipeline this function.  If this multiplier was inferred, it is suggested to describe an additional register stage after this function.  If there is no registered adder/accumulator following the multiply function, two pipeline stages are suggested to allow both the MREG and PREG registers to be used.  If the DSP48 was instantiated in the design, it is suggested to set both the MREG and PREG attributes to 1 when performing multiply functions.
Related violations: <none>

DPOP-4#237 Warning
MREG Output pipelining  
DSP u_pw_unit/u_pw_mac0/p_0_out__7 multiplier stage u_pw_unit/u_pw_mac0/p_0_out__7/P[47:0] is not pipelined (MREG=0). Pipelining the multiplier function will improve performance and will save significant power so it is suggested whenever possible to fully pipeline this function.  If this multiplier was inferred, it is suggested to describe an additional register stage after this function.  If there is no registered adder/accumulator following the multiply function, two pipeline stages are suggested to allow both the MREG and PREG registers to be used.  If the DSP48 was instantiated in the design, it is suggested to set both the MREG and PREG attributes to 1 when performing multiply functions.
Related violations: <none>

DPOP-4#238 Warning
MREG Output pipelining  
DSP u_pw_unit/u_pw_mac0/p_0_out__70 multiplier stage u_pw_unit/u_pw_mac0/p_0_out__70/P[47:0] is not pipelined (MREG=0). Pipelining the multiplier function will improve performance and will save significant power so it is suggested whenever possible to fully pipeline this function.  If this multiplier was inferred, it is suggested to describe an additional register stage after this function.  If there is no registered adder/accumulator following the multiply function, two pipeline stages are suggested to allow both the MREG and PREG registers to be used.  If the DSP48 was instantiated in the design, it is suggested to set both the MREG and PREG attributes to 1 when performing multiply functions.
Related violations: <none>

DPOP-4#239 Warning
MREG Output pipelining  
DSP u_pw_unit/u_pw_mac0/p_0_out__71 multiplier stage u_pw_unit/u_pw_mac0/p_0_out__71/P[47:0] is not pipelined (MREG=0). Pipelining the multiplier function will improve performance and will save significant power so it is suggested whenever possible to fully pipeline this function.  If this multiplier was inferred, it is suggested to describe an additional register stage after this function.  If there is no registered adder/accumulator following the multiply function, two pipeline stages are suggested to allow both the MREG and PREG registers to be used.  If the DSP48 was instantiated in the design, it is suggested to set both the MREG and PREG attributes to 1 when performing multiply functions.
Related violations: <none>

DPOP-4#240 Warning
MREG Output pipelining  
DSP u_pw_unit/u_pw_mac0/p_0_out__72 multiplier stage u_pw_unit/u_pw_mac0/p_0_out__72/P[47:0] is not pipelined (MREG=0). Pipelining the multiplier function will improve performance and will save significant power so it is suggested whenever possible to fully pipeline this function.  If this multiplier was inferred, it is suggested to describe an additional register stage after this function.  If there is no registered adder/accumulator following the multiply function, two pipeline stages are suggested to allow both the MREG and PREG registers to be used.  If the DSP48 was instantiated in the design, it is suggested to set both the MREG and PREG attributes to 1 when performing multiply functions.
Related violations: <none>

DPOP-4#241 Warning
MREG Output pipelining  
DSP u_pw_unit/u_pw_mac0/p_0_out__73 multiplier stage u_pw_unit/u_pw_mac0/p_0_out__73/P[47:0] is not pipelined (MREG=0). Pipelining the multiplier function will improve performance and will save significant power so it is suggested whenever possible to fully pipeline this function.  If this multiplier was inferred, it is suggested to describe an additional register stage after this function.  If there is no registered adder/accumulator following the multiply function, two pipeline stages are suggested to allow both the MREG and PREG registers to be used.  If the DSP48 was instantiated in the design, it is suggested to set both the MREG and PREG attributes to 1 when performing multiply functions.
Related violations: <none>

DPOP-4#242 Warning
MREG Output pipelining  
DSP u_pw_unit/u_pw_mac0/p_0_out__74 multiplier stage u_pw_unit/u_pw_mac0/p_0_out__74/P[47:0] is not pipelined (MREG=0). Pipelining the multiplier function will improve performance and will save significant power so it is suggested whenever possible to fully pipeline this function.  If this multiplier was inferred, it is suggested to describe an additional register stage after this function.  If there is no registered adder/accumulator following the multiply function, two pipeline stages are suggested to allow both the MREG and PREG registers to be used.  If the DSP48 was instantiated in the design, it is suggested to set both the MREG and PREG attributes to 1 when performing multiply functions.
Related violations: <none>

DPOP-4#243 Warning
MREG Output pipelining  
DSP u_pw_unit/u_pw_mac0/p_0_out__75 multiplier stage u_pw_unit/u_pw_mac0/p_0_out__75/P[47:0] is not pipelined (MREG=0). Pipelining the multiplier function will improve performance and will save significant power so it is suggested whenever possible to fully pipeline this function.  If this multiplier was inferred, it is suggested to describe an additional register stage after this function.  If there is no registered adder/accumulator following the multiply function, two pipeline stages are suggested to allow both the MREG and PREG registers to be used.  If the DSP48 was instantiated in the design, it is suggested to set both the MREG and PREG attributes to 1 when performing multiply functions.
Related violations: <none>

DPOP-4#244 Warning
MREG Output pipelining  
DSP u_pw_unit/u_pw_mac0/p_0_out__76 multiplier stage u_pw_unit/u_pw_mac0/p_0_out__76/P[47:0] is not pipelined (MREG=0). Pipelining the multiplier function will improve performance and will save significant power so it is suggested whenever possible to fully pipeline this function.  If this multiplier was inferred, it is suggested to describe an additional register stage after this function.  If there is no registered adder/accumulator following the multiply function, two pipeline stages are suggested to allow both the MREG and PREG registers to be used.  If the DSP48 was instantiated in the design, it is suggested to set both the MREG and PREG attributes to 1 when performing multiply functions.
Related violations: <none>

DPOP-4#245 Warning
MREG Output pipelining  
DSP u_pw_unit/u_pw_mac0/p_0_out__77 multiplier stage u_pw_unit/u_pw_mac0/p_0_out__77/P[47:0] is not pipelined (MREG=0). Pipelining the multiplier function will improve performance and will save significant power so it is suggested whenever possible to fully pipeline this function.  If this multiplier was inferred, it is suggested to describe an additional register stage after this function.  If there is no registered adder/accumulator following the multiply function, two pipeline stages are suggested to allow both the MREG and PREG registers to be used.  If the DSP48 was instantiated in the design, it is suggested to set both the MREG and PREG attributes to 1 when performing multiply functions.
Related violations: <none>

DPOP-4#246 Warning
MREG Output pipelining  
DSP u_pw_unit/u_pw_mac0/p_0_out__7__0 multiplier stage u_pw_unit/u_pw_mac0/p_0_out__7__0/P[47:0] is not pipelined (MREG=0). Pipelining the multiplier function will improve performance and will save significant power so it is suggested whenever possible to fully pipeline this function.  If this multiplier was inferred, it is suggested to describe an additional register stage after this function.  If there is no registered adder/accumulator following the multiply function, two pipeline stages are suggested to allow both the MREG and PREG registers to be used.  If the DSP48 was instantiated in the design, it is suggested to set both the MREG and PREG attributes to 1 when performing multiply functions.
Related violations: <none>

DPOP-4#247 Warning
MREG Output pipelining  
DSP u_pw_unit/u_pw_mac0/p_0_out__7__1 multiplier stage u_pw_unit/u_pw_mac0/p_0_out__7__1/P[47:0] is not pipelined (MREG=0). Pipelining the multiplier function will improve performance and will save significant power so it is suggested whenever possible to fully pipeline this function.  If this multiplier was inferred, it is suggested to describe an additional register stage after this function.  If there is no registered adder/accumulator following the multiply function, two pipeline stages are suggested to allow both the MREG and PREG registers to be used.  If the DSP48 was instantiated in the design, it is suggested to set both the MREG and PREG attributes to 1 when performing multiply functions.
Related violations: <none>

DPOP-4#248 Warning
MREG Output pipelining  
DSP u_pw_unit/u_pw_mac0/p_0_out__7__2 multiplier stage u_pw_unit/u_pw_mac0/p_0_out__7__2/P[47:0] is not pipelined (MREG=0). Pipelining the multiplier function will improve performance and will save significant power so it is suggested whenever possible to fully pipeline this function.  If this multiplier was inferred, it is suggested to describe an additional register stage after this function.  If there is no registered adder/accumulator following the multiply function, two pipeline stages are suggested to allow both the MREG and PREG registers to be used.  If the DSP48 was instantiated in the design, it is suggested to set both the MREG and PREG attributes to 1 when performing multiply functions.
Related violations: <none>

DPOP-4#249 Warning
MREG Output pipelining  
DSP u_pw_unit/u_pw_mac0/p_0_out__8 multiplier stage u_pw_unit/u_pw_mac0/p_0_out__8/P[47:0] is not pipelined (MREG=0). Pipelining the multiplier function will improve performance and will save significant power so it is suggested whenever possible to fully pipeline this function.  If this multiplier was inferred, it is suggested to describe an additional register stage after this function.  If there is no registered adder/accumulator following the multiply function, two pipeline stages are suggested to allow both the MREG and PREG registers to be used.  If the DSP48 was instantiated in the design, it is suggested to set both the MREG and PREG attributes to 1 when performing multiply functions.
Related violations: <none>

DPOP-4#250 Warning
MREG Output pipelining  
DSP u_pw_unit/u_pw_mac0/p_0_out__8__0 multiplier stage u_pw_unit/u_pw_mac0/p_0_out__8__0/P[47:0] is not pipelined (MREG=0). Pipelining the multiplier function will improve performance and will save significant power so it is suggested whenever possible to fully pipeline this function.  If this multiplier was inferred, it is suggested to describe an additional register stage after this function.  If there is no registered adder/accumulator following the multiply function, two pipeline stages are suggested to allow both the MREG and PREG registers to be used.  If the DSP48 was instantiated in the design, it is suggested to set both the MREG and PREG attributes to 1 when performing multiply functions.
Related violations: <none>

DPOP-4#251 Warning
MREG Output pipelining  
DSP u_pw_unit/u_pw_mac0/p_0_out__8__1 multiplier stage u_pw_unit/u_pw_mac0/p_0_out__8__1/P[47:0] is not pipelined (MREG=0). Pipelining the multiplier function will improve performance and will save significant power so it is suggested whenever possible to fully pipeline this function.  If this multiplier was inferred, it is suggested to describe an additional register stage after this function.  If there is no registered adder/accumulator following the multiply function, two pipeline stages are suggested to allow both the MREG and PREG registers to be used.  If the DSP48 was instantiated in the design, it is suggested to set both the MREG and PREG attributes to 1 when performing multiply functions.
Related violations: <none>

DPOP-4#252 Warning
MREG Output pipelining  
DSP u_pw_unit/u_pw_mac0/p_0_out__8__2 multiplier stage u_pw_unit/u_pw_mac0/p_0_out__8__2/P[47:0] is not pipelined (MREG=0). Pipelining the multiplier function will improve performance and will save significant power so it is suggested whenever possible to fully pipeline this function.  If this multiplier was inferred, it is suggested to describe an additional register stage after this function.  If there is no registered adder/accumulator following the multiply function, two pipeline stages are suggested to allow both the MREG and PREG registers to be used.  If the DSP48 was instantiated in the design, it is suggested to set both the MREG and PREG attributes to 1 when performing multiply functions.
Related violations: <none>

DPOP-4#253 Warning
MREG Output pipelining  
DSP u_pw_unit/u_pw_mac0/p_0_out__9 multiplier stage u_pw_unit/u_pw_mac0/p_0_out__9/P[47:0] is not pipelined (MREG=0). Pipelining the multiplier function will improve performance and will save significant power so it is suggested whenever possible to fully pipeline this function.  If this multiplier was inferred, it is suggested to describe an additional register stage after this function.  If there is no registered adder/accumulator following the multiply function, two pipeline stages are suggested to allow both the MREG and PREG registers to be used.  If the DSP48 was instantiated in the design, it is suggested to set both the MREG and PREG attributes to 1 when performing multiply functions.
Related violations: <none>

DPOP-4#254 Warning
MREG Output pipelining  
DSP u_pw_unit/u_pw_mac0/p_0_out__9__0 multiplier stage u_pw_unit/u_pw_mac0/p_0_out__9__0/P[47:0] is not pipelined (MREG=0). Pipelining the multiplier function will improve performance and will save significant power so it is suggested whenever possible to fully pipeline this function.  If this multiplier was inferred, it is suggested to describe an additional register stage after this function.  If there is no registered adder/accumulator following the multiply function, two pipeline stages are suggested to allow both the MREG and PREG registers to be used.  If the DSP48 was instantiated in the design, it is suggested to set both the MREG and PREG attributes to 1 when performing multiply functions.
Related violations: <none>

DPOP-4#255 Warning
MREG Output pipelining  
DSP u_pw_unit/u_pw_mac0/p_0_out__9__1 multiplier stage u_pw_unit/u_pw_mac0/p_0_out__9__1/P[47:0] is not pipelined (MREG=0). Pipelining the multiplier function will improve performance and will save significant power so it is suggested whenever possible to fully pipeline this function.  If this multiplier was inferred, it is suggested to describe an additional register stage after this function.  If there is no registered adder/accumulator following the multiply function, two pipeline stages are suggested to allow both the MREG and PREG registers to be used.  If the DSP48 was instantiated in the design, it is suggested to set both the MREG and PREG attributes to 1 when performing multiply functions.
Related violations: <none>

DPOP-4#256 Warning
MREG Output pipelining  
DSP u_pw_unit/u_pw_mac0/p_0_out__9__2 multiplier stage u_pw_unit/u_pw_mac0/p_0_out__9__2/P[47:0] is not pipelined (MREG=0). Pipelining the multiplier function will improve performance and will save significant power so it is suggested whenever possible to fully pipeline this function.  If this multiplier was inferred, it is suggested to describe an additional register stage after this function.  If there is no registered adder/accumulator following the multiply function, two pipeline stages are suggested to allow both the MREG and PREG registers to be used.  If the DSP48 was instantiated in the design, it is suggested to set both the MREG and PREG attributes to 1 when performing multiply functions.
Related violations: <none>

DPOP-4#257 Warning
MREG Output pipelining  
DSP u_pw_unit/u_pw_mac1/p_0_out multiplier stage u_pw_unit/u_pw_mac1/p_0_out/P[47:0] is not pipelined (MREG=0). Pipelining the multiplier function will improve performance and will save significant power so it is suggested whenever possible to fully pipeline this function.  If this multiplier was inferred, it is suggested to describe an additional register stage after this function.  If there is no registered adder/accumulator following the multiply function, two pipeline stages are suggested to allow both the MREG and PREG registers to be used.  If the DSP48 was instantiated in the design, it is suggested to set both the MREG and PREG attributes to 1 when performing multiply functions.
Related violations: <none>

DPOP-4#258 Warning
MREG Output pipelining  
DSP u_pw_unit/u_pw_mac1/p_0_out__0 multiplier stage u_pw_unit/u_pw_mac1/p_0_out__0/P[47:0] is not pipelined (MREG=0). Pipelining the multiplier function will improve performance and will save significant power so it is suggested whenever possible to fully pipeline this function.  If this multiplier was inferred, it is suggested to describe an additional register stage after this function.  If there is no registered adder/accumulator following the multiply function, two pipeline stages are suggested to allow both the MREG and PREG registers to be used.  If the DSP48 was instantiated in the design, it is suggested to set both the MREG and PREG attributes to 1 when performing multiply functions.
Related violations: <none>

DPOP-4#259 Warning
MREG Output pipelining  
DSP u_pw_unit/u_pw_mac1/p_0_out__0__0 multiplier stage u_pw_unit/u_pw_mac1/p_0_out__0__0/P[47:0] is not pipelined (MREG=0). Pipelining the multiplier function will improve performance and will save significant power so it is suggested whenever possible to fully pipeline this function.  If this multiplier was inferred, it is suggested to describe an additional register stage after this function.  If there is no registered adder/accumulator following the multiply function, two pipeline stages are suggested to allow both the MREG and PREG registers to be used.  If the DSP48 was instantiated in the design, it is suggested to set both the MREG and PREG attributes to 1 when performing multiply functions.
Related violations: <none>

DPOP-4#260 Warning
MREG Output pipelining  
DSP u_pw_unit/u_pw_mac1/p_0_out__0__1 multiplier stage u_pw_unit/u_pw_mac1/p_0_out__0__1/P[47:0] is not pipelined (MREG=0). Pipelining the multiplier function will improve performance and will save significant power so it is suggested whenever possible to fully pipeline this function.  If this multiplier was inferred, it is suggested to describe an additional register stage after this function.  If there is no registered adder/accumulator following the multiply function, two pipeline stages are suggested to allow both the MREG and PREG registers to be used.  If the DSP48 was instantiated in the design, it is suggested to set both the MREG and PREG attributes to 1 when performing multiply functions.
Related violations: <none>

DPOP-4#261 Warning
MREG Output pipelining  
DSP u_pw_unit/u_pw_mac1/p_0_out__0__2 multiplier stage u_pw_unit/u_pw_mac1/p_0_out__0__2/P[47:0] is not pipelined (MREG=0). Pipelining the multiplier function will improve performance and will save significant power so it is suggested whenever possible to fully pipeline this function.  If this multiplier was inferred, it is suggested to describe an additional register stage after this function.  If there is no registered adder/accumulator following the multiply function, two pipeline stages are suggested to allow both the MREG and PREG registers to be used.  If the DSP48 was instantiated in the design, it is suggested to set both the MREG and PREG attributes to 1 when performing multiply functions.
Related violations: <none>

DPOP-4#262 Warning
MREG Output pipelining  
DSP u_pw_unit/u_pw_mac1/p_0_out__1 multiplier stage u_pw_unit/u_pw_mac1/p_0_out__1/P[47:0] is not pipelined (MREG=0). Pipelining the multiplier function will improve performance and will save significant power so it is suggested whenever possible to fully pipeline this function.  If this multiplier was inferred, it is suggested to describe an additional register stage after this function.  If there is no registered adder/accumulator following the multiply function, two pipeline stages are suggested to allow both the MREG and PREG registers to be used.  If the DSP48 was instantiated in the design, it is suggested to set both the MREG and PREG attributes to 1 when performing multiply functions.
Related violations: <none>

DPOP-4#263 Warning
MREG Output pipelining  
DSP u_pw_unit/u_pw_mac1/p_0_out__10 multiplier stage u_pw_unit/u_pw_mac1/p_0_out__10/P[47:0] is not pipelined (MREG=0). Pipelining the multiplier function will improve performance and will save significant power so it is suggested whenever possible to fully pipeline this function.  If this multiplier was inferred, it is suggested to describe an additional register stage after this function.  If there is no registered adder/accumulator following the multiply function, two pipeline stages are suggested to allow both the MREG and PREG registers to be used.  If the DSP48 was instantiated in the design, it is suggested to set both the MREG and PREG attributes to 1 when performing multiply functions.
Related violations: <none>

DPOP-4#264 Warning
MREG Output pipelining  
DSP u_pw_unit/u_pw_mac1/p_0_out__10__0 multiplier stage u_pw_unit/u_pw_mac1/p_0_out__10__0/P[47:0] is not pipelined (MREG=0). Pipelining the multiplier function will improve performance and will save significant power so it is suggested whenever possible to fully pipeline this function.  If this multiplier was inferred, it is suggested to describe an additional register stage after this function.  If there is no registered adder/accumulator following the multiply function, two pipeline stages are suggested to allow both the MREG and PREG registers to be used.  If the DSP48 was instantiated in the design, it is suggested to set both the MREG and PREG attributes to 1 when performing multiply functions.
Related violations: <none>

DPOP-4#265 Warning
MREG Output pipelining  
DSP u_pw_unit/u_pw_mac1/p_0_out__10__1 multiplier stage u_pw_unit/u_pw_mac1/p_0_out__10__1/P[47:0] is not pipelined (MREG=0). Pipelining the multiplier function will improve performance and will save significant power so it is suggested whenever possible to fully pipeline this function.  If this multiplier was inferred, it is suggested to describe an additional register stage after this function.  If there is no registered adder/accumulator following the multiply function, two pipeline stages are suggested to allow both the MREG and PREG registers to be used.  If the DSP48 was instantiated in the design, it is suggested to set both the MREG and PREG attributes to 1 when performing multiply functions.
Related violations: <none>

DPOP-4#266 Warning
MREG Output pipelining  
DSP u_pw_unit/u_pw_mac1/p_0_out__10__2 multiplier stage u_pw_unit/u_pw_mac1/p_0_out__10__2/P[47:0] is not pipelined (MREG=0). Pipelining the multiplier function will improve performance and will save significant power so it is suggested whenever possible to fully pipeline this function.  If this multiplier was inferred, it is suggested to describe an additional register stage after this function.  If there is no registered adder/accumulator following the multiply function, two pipeline stages are suggested to allow both the MREG and PREG registers to be used.  If the DSP48 was instantiated in the design, it is suggested to set both the MREG and PREG attributes to 1 when performing multiply functions.
Related violations: <none>

DPOP-4#267 Warning
MREG Output pipelining  
DSP u_pw_unit/u_pw_mac1/p_0_out__11 multiplier stage u_pw_unit/u_pw_mac1/p_0_out__11/P[47:0] is not pipelined (MREG=0). Pipelining the multiplier function will improve performance and will save significant power so it is suggested whenever possible to fully pipeline this function.  If this multiplier was inferred, it is suggested to describe an additional register stage after this function.  If there is no registered adder/accumulator following the multiply function, two pipeline stages are suggested to allow both the MREG and PREG registers to be used.  If the DSP48 was instantiated in the design, it is suggested to set both the MREG and PREG attributes to 1 when performing multiply functions.
Related violations: <none>

DPOP-4#268 Warning
MREG Output pipelining  
DSP u_pw_unit/u_pw_mac1/p_0_out__11__0 multiplier stage u_pw_unit/u_pw_mac1/p_0_out__11__0/P[47:0] is not pipelined (MREG=0). Pipelining the multiplier function will improve performance and will save significant power so it is suggested whenever possible to fully pipeline this function.  If this multiplier was inferred, it is suggested to describe an additional register stage after this function.  If there is no registered adder/accumulator following the multiply function, two pipeline stages are suggested to allow both the MREG and PREG registers to be used.  If the DSP48 was instantiated in the design, it is suggested to set both the MREG and PREG attributes to 1 when performing multiply functions.
Related violations: <none>

DPOP-4#269 Warning
MREG Output pipelining  
DSP u_pw_unit/u_pw_mac1/p_0_out__11__1 multiplier stage u_pw_unit/u_pw_mac1/p_0_out__11__1/P[47:0] is not pipelined (MREG=0). Pipelining the multiplier function will improve performance and will save significant power so it is suggested whenever possible to fully pipeline this function.  If this multiplier was inferred, it is suggested to describe an additional register stage after this function.  If there is no registered adder/accumulator following the multiply function, two pipeline stages are suggested to allow both the MREG and PREG registers to be used.  If the DSP48 was instantiated in the design, it is suggested to set both the MREG and PREG attributes to 1 when performing multiply functions.
Related violations: <none>

DPOP-4#270 Warning
MREG Output pipelining  
DSP u_pw_unit/u_pw_mac1/p_0_out__11__2 multiplier stage u_pw_unit/u_pw_mac1/p_0_out__11__2/P[47:0] is not pipelined (MREG=0). Pipelining the multiplier function will improve performance and will save significant power so it is suggested whenever possible to fully pipeline this function.  If this multiplier was inferred, it is suggested to describe an additional register stage after this function.  If there is no registered adder/accumulator following the multiply function, two pipeline stages are suggested to allow both the MREG and PREG registers to be used.  If the DSP48 was instantiated in the design, it is suggested to set both the MREG and PREG attributes to 1 when performing multiply functions.
Related violations: <none>

DPOP-4#271 Warning
MREG Output pipelining  
DSP u_pw_unit/u_pw_mac1/p_0_out__12 multiplier stage u_pw_unit/u_pw_mac1/p_0_out__12/P[47:0] is not pipelined (MREG=0). Pipelining the multiplier function will improve performance and will save significant power so it is suggested whenever possible to fully pipeline this function.  If this multiplier was inferred, it is suggested to describe an additional register stage after this function.  If there is no registered adder/accumulator following the multiply function, two pipeline stages are suggested to allow both the MREG and PREG registers to be used.  If the DSP48 was instantiated in the design, it is suggested to set both the MREG and PREG attributes to 1 when performing multiply functions.
Related violations: <none>

DPOP-4#272 Warning
MREG Output pipelining  
DSP u_pw_unit/u_pw_mac1/p_0_out__12__0 multiplier stage u_pw_unit/u_pw_mac1/p_0_out__12__0/P[47:0] is not pipelined (MREG=0). Pipelining the multiplier function will improve performance and will save significant power so it is suggested whenever possible to fully pipeline this function.  If this multiplier was inferred, it is suggested to describe an additional register stage after this function.  If there is no registered adder/accumulator following the multiply function, two pipeline stages are suggested to allow both the MREG and PREG registers to be used.  If the DSP48 was instantiated in the design, it is suggested to set both the MREG and PREG attributes to 1 when performing multiply functions.
Related violations: <none>

DPOP-4#273 Warning
MREG Output pipelining  
DSP u_pw_unit/u_pw_mac1/p_0_out__12__1 multiplier stage u_pw_unit/u_pw_mac1/p_0_out__12__1/P[47:0] is not pipelined (MREG=0). Pipelining the multiplier function will improve performance and will save significant power so it is suggested whenever possible to fully pipeline this function.  If this multiplier was inferred, it is suggested to describe an additional register stage after this function.  If there is no registered adder/accumulator following the multiply function, two pipeline stages are suggested to allow both the MREG and PREG registers to be used.  If the DSP48 was instantiated in the design, it is suggested to set both the MREG and PREG attributes to 1 when performing multiply functions.
Related violations: <none>

DPOP-4#274 Warning
MREG Output pipelining  
DSP u_pw_unit/u_pw_mac1/p_0_out__12__2 multiplier stage u_pw_unit/u_pw_mac1/p_0_out__12__2/P[47:0] is not pipelined (MREG=0). Pipelining the multiplier function will improve performance and will save significant power so it is suggested whenever possible to fully pipeline this function.  If this multiplier was inferred, it is suggested to describe an additional register stage after this function.  If there is no registered adder/accumulator following the multiply function, two pipeline stages are suggested to allow both the MREG and PREG registers to be used.  If the DSP48 was instantiated in the design, it is suggested to set both the MREG and PREG attributes to 1 when performing multiply functions.
Related violations: <none>

DPOP-4#275 Warning
MREG Output pipelining  
DSP u_pw_unit/u_pw_mac1/p_0_out__13 multiplier stage u_pw_unit/u_pw_mac1/p_0_out__13/P[47:0] is not pipelined (MREG=0). Pipelining the multiplier function will improve performance and will save significant power so it is suggested whenever possible to fully pipeline this function.  If this multiplier was inferred, it is suggested to describe an additional register stage after this function.  If there is no registered adder/accumulator following the multiply function, two pipeline stages are suggested to allow both the MREG and PREG registers to be used.  If the DSP48 was instantiated in the design, it is suggested to set both the MREG and PREG attributes to 1 when performing multiply functions.
Related violations: <none>

DPOP-4#276 Warning
MREG Output pipelining  
DSP u_pw_unit/u_pw_mac1/p_0_out__13__0 multiplier stage u_pw_unit/u_pw_mac1/p_0_out__13__0/P[47:0] is not pipelined (MREG=0). Pipelining the multiplier function will improve performance and will save significant power so it is suggested whenever possible to fully pipeline this function.  If this multiplier was inferred, it is suggested to describe an additional register stage after this function.  If there is no registered adder/accumulator following the multiply function, two pipeline stages are suggested to allow both the MREG and PREG registers to be used.  If the DSP48 was instantiated in the design, it is suggested to set both the MREG and PREG attributes to 1 when performing multiply functions.
Related violations: <none>

DPOP-4#277 Warning
MREG Output pipelining  
DSP u_pw_unit/u_pw_mac1/p_0_out__13__1 multiplier stage u_pw_unit/u_pw_mac1/p_0_out__13__1/P[47:0] is not pipelined (MREG=0). Pipelining the multiplier function will improve performance and will save significant power so it is suggested whenever possible to fully pipeline this function.  If this multiplier was inferred, it is suggested to describe an additional register stage after this function.  If there is no registered adder/accumulator following the multiply function, two pipeline stages are suggested to allow both the MREG and PREG registers to be used.  If the DSP48 was instantiated in the design, it is suggested to set both the MREG and PREG attributes to 1 when performing multiply functions.
Related violations: <none>

DPOP-4#278 Warning
MREG Output pipelining  
DSP u_pw_unit/u_pw_mac1/p_0_out__13__2 multiplier stage u_pw_unit/u_pw_mac1/p_0_out__13__2/P[47:0] is not pipelined (MREG=0). Pipelining the multiplier function will improve performance and will save significant power so it is suggested whenever possible to fully pipeline this function.  If this multiplier was inferred, it is suggested to describe an additional register stage after this function.  If there is no registered adder/accumulator following the multiply function, two pipeline stages are suggested to allow both the MREG and PREG registers to be used.  If the DSP48 was instantiated in the design, it is suggested to set both the MREG and PREG attributes to 1 when performing multiply functions.
Related violations: <none>

DPOP-4#279 Warning
MREG Output pipelining  
DSP u_pw_unit/u_pw_mac1/p_0_out__14 multiplier stage u_pw_unit/u_pw_mac1/p_0_out__14/P[47:0] is not pipelined (MREG=0). Pipelining the multiplier function will improve performance and will save significant power so it is suggested whenever possible to fully pipeline this function.  If this multiplier was inferred, it is suggested to describe an additional register stage after this function.  If there is no registered adder/accumulator following the multiply function, two pipeline stages are suggested to allow both the MREG and PREG registers to be used.  If the DSP48 was instantiated in the design, it is suggested to set both the MREG and PREG attributes to 1 when performing multiply functions.
Related violations: <none>

DPOP-4#280 Warning
MREG Output pipelining  
DSP u_pw_unit/u_pw_mac1/p_0_out__14__0 multiplier stage u_pw_unit/u_pw_mac1/p_0_out__14__0/P[47:0] is not pipelined (MREG=0). Pipelining the multiplier function will improve performance and will save significant power so it is suggested whenever possible to fully pipeline this function.  If this multiplier was inferred, it is suggested to describe an additional register stage after this function.  If there is no registered adder/accumulator following the multiply function, two pipeline stages are suggested to allow both the MREG and PREG registers to be used.  If the DSP48 was instantiated in the design, it is suggested to set both the MREG and PREG attributes to 1 when performing multiply functions.
Related violations: <none>

DPOP-4#281 Warning
MREG Output pipelining  
DSP u_pw_unit/u_pw_mac1/p_0_out__14__1 multiplier stage u_pw_unit/u_pw_mac1/p_0_out__14__1/P[47:0] is not pipelined (MREG=0). Pipelining the multiplier function will improve performance and will save significant power so it is suggested whenever possible to fully pipeline this function.  If this multiplier was inferred, it is suggested to describe an additional register stage after this function.  If there is no registered adder/accumulator following the multiply function, two pipeline stages are suggested to allow both the MREG and PREG registers to be used.  If the DSP48 was instantiated in the design, it is suggested to set both the MREG and PREG attributes to 1 when performing multiply functions.
Related violations: <none>

DPOP-4#282 Warning
MREG Output pipelining  
DSP u_pw_unit/u_pw_mac1/p_0_out__14__2 multiplier stage u_pw_unit/u_pw_mac1/p_0_out__14__2/P[47:0] is not pipelined (MREG=0). Pipelining the multiplier function will improve performance and will save significant power so it is suggested whenever possible to fully pipeline this function.  If this multiplier was inferred, it is suggested to describe an additional register stage after this function.  If there is no registered adder/accumulator following the multiply function, two pipeline stages are suggested to allow both the MREG and PREG registers to be used.  If the DSP48 was instantiated in the design, it is suggested to set both the MREG and PREG attributes to 1 when performing multiply functions.
Related violations: <none>

DPOP-4#283 Warning
MREG Output pipelining  
DSP u_pw_unit/u_pw_mac1/p_0_out__15 multiplier stage u_pw_unit/u_pw_mac1/p_0_out__15/P[47:0] is not pipelined (MREG=0). Pipelining the multiplier function will improve performance and will save significant power so it is suggested whenever possible to fully pipeline this function.  If this multiplier was inferred, it is suggested to describe an additional register stage after this function.  If there is no registered adder/accumulator following the multiply function, two pipeline stages are suggested to allow both the MREG and PREG registers to be used.  If the DSP48 was instantiated in the design, it is suggested to set both the MREG and PREG attributes to 1 when performing multiply functions.
Related violations: <none>

DPOP-4#284 Warning
MREG Output pipelining  
DSP u_pw_unit/u_pw_mac1/p_0_out__15__0 multiplier stage u_pw_unit/u_pw_mac1/p_0_out__15__0/P[47:0] is not pipelined (MREG=0). Pipelining the multiplier function will improve performance and will save significant power so it is suggested whenever possible to fully pipeline this function.  If this multiplier was inferred, it is suggested to describe an additional register stage after this function.  If there is no registered adder/accumulator following the multiply function, two pipeline stages are suggested to allow both the MREG and PREG registers to be used.  If the DSP48 was instantiated in the design, it is suggested to set both the MREG and PREG attributes to 1 when performing multiply functions.
Related violations: <none>

DPOP-4#285 Warning
MREG Output pipelining  
DSP u_pw_unit/u_pw_mac1/p_0_out__15__1 multiplier stage u_pw_unit/u_pw_mac1/p_0_out__15__1/P[47:0] is not pipelined (MREG=0). Pipelining the multiplier function will improve performance and will save significant power so it is suggested whenever possible to fully pipeline this function.  If this multiplier was inferred, it is suggested to describe an additional register stage after this function.  If there is no registered adder/accumulator following the multiply function, two pipeline stages are suggested to allow both the MREG and PREG registers to be used.  If the DSP48 was instantiated in the design, it is suggested to set both the MREG and PREG attributes to 1 when performing multiply functions.
Related violations: <none>

DPOP-4#286 Warning
MREG Output pipelining  
DSP u_pw_unit/u_pw_mac1/p_0_out__15__2 multiplier stage u_pw_unit/u_pw_mac1/p_0_out__15__2/P[47:0] is not pipelined (MREG=0). Pipelining the multiplier function will improve performance and will save significant power so it is suggested whenever possible to fully pipeline this function.  If this multiplier was inferred, it is suggested to describe an additional register stage after this function.  If there is no registered adder/accumulator following the multiply function, two pipeline stages are suggested to allow both the MREG and PREG registers to be used.  If the DSP48 was instantiated in the design, it is suggested to set both the MREG and PREG attributes to 1 when performing multiply functions.
Related violations: <none>

DPOP-4#287 Warning
MREG Output pipelining  
DSP u_pw_unit/u_pw_mac1/p_0_out__16 multiplier stage u_pw_unit/u_pw_mac1/p_0_out__16/P[47:0] is not pipelined (MREG=0). Pipelining the multiplier function will improve performance and will save significant power so it is suggested whenever possible to fully pipeline this function.  If this multiplier was inferred, it is suggested to describe an additional register stage after this function.  If there is no registered adder/accumulator following the multiply function, two pipeline stages are suggested to allow both the MREG and PREG registers to be used.  If the DSP48 was instantiated in the design, it is suggested to set both the MREG and PREG attributes to 1 when performing multiply functions.
Related violations: <none>

DPOP-4#288 Warning
MREG Output pipelining  
DSP u_pw_unit/u_pw_mac1/p_0_out__16__0 multiplier stage u_pw_unit/u_pw_mac1/p_0_out__16__0/P[47:0] is not pipelined (MREG=0). Pipelining the multiplier function will improve performance and will save significant power so it is suggested whenever possible to fully pipeline this function.  If this multiplier was inferred, it is suggested to describe an additional register stage after this function.  If there is no registered adder/accumulator following the multiply function, two pipeline stages are suggested to allow both the MREG and PREG registers to be used.  If the DSP48 was instantiated in the design, it is suggested to set both the MREG and PREG attributes to 1 when performing multiply functions.
Related violations: <none>

DPOP-4#289 Warning
MREG Output pipelining  
DSP u_pw_unit/u_pw_mac1/p_0_out__16__1 multiplier stage u_pw_unit/u_pw_mac1/p_0_out__16__1/P[47:0] is not pipelined (MREG=0). Pipelining the multiplier function will improve performance and will save significant power so it is suggested whenever possible to fully pipeline this function.  If this multiplier was inferred, it is suggested to describe an additional register stage after this function.  If there is no registered adder/accumulator following the multiply function, two pipeline stages are suggested to allow both the MREG and PREG registers to be used.  If the DSP48 was instantiated in the design, it is suggested to set both the MREG and PREG attributes to 1 when performing multiply functions.
Related violations: <none>

DPOP-4#290 Warning
MREG Output pipelining  
DSP u_pw_unit/u_pw_mac1/p_0_out__16__2 multiplier stage u_pw_unit/u_pw_mac1/p_0_out__16__2/P[47:0] is not pipelined (MREG=0). Pipelining the multiplier function will improve performance and will save significant power so it is suggested whenever possible to fully pipeline this function.  If this multiplier was inferred, it is suggested to describe an additional register stage after this function.  If there is no registered adder/accumulator following the multiply function, two pipeline stages are suggested to allow both the MREG and PREG registers to be used.  If the DSP48 was instantiated in the design, it is suggested to set both the MREG and PREG attributes to 1 when performing multiply functions.
Related violations: <none>

DPOP-4#291 Warning
MREG Output pipelining  
DSP u_pw_unit/u_pw_mac1/p_0_out__17 multiplier stage u_pw_unit/u_pw_mac1/p_0_out__17/P[47:0] is not pipelined (MREG=0). Pipelining the multiplier function will improve performance and will save significant power so it is suggested whenever possible to fully pipeline this function.  If this multiplier was inferred, it is suggested to describe an additional register stage after this function.  If there is no registered adder/accumulator following the multiply function, two pipeline stages are suggested to allow both the MREG and PREG registers to be used.  If the DSP48 was instantiated in the design, it is suggested to set both the MREG and PREG attributes to 1 when performing multiply functions.
Related violations: <none>

DPOP-4#292 Warning
MREG Output pipelining  
DSP u_pw_unit/u_pw_mac1/p_0_out__17__0 multiplier stage u_pw_unit/u_pw_mac1/p_0_out__17__0/P[47:0] is not pipelined (MREG=0). Pipelining the multiplier function will improve performance and will save significant power so it is suggested whenever possible to fully pipeline this function.  If this multiplier was inferred, it is suggested to describe an additional register stage after this function.  If there is no registered adder/accumulator following the multiply function, two pipeline stages are suggested to allow both the MREG and PREG registers to be used.  If the DSP48 was instantiated in the design, it is suggested to set both the MREG and PREG attributes to 1 when performing multiply functions.
Related violations: <none>

DPOP-4#293 Warning
MREG Output pipelining  
DSP u_pw_unit/u_pw_mac1/p_0_out__17__1 multiplier stage u_pw_unit/u_pw_mac1/p_0_out__17__1/P[47:0] is not pipelined (MREG=0). Pipelining the multiplier function will improve performance and will save significant power so it is suggested whenever possible to fully pipeline this function.  If this multiplier was inferred, it is suggested to describe an additional register stage after this function.  If there is no registered adder/accumulator following the multiply function, two pipeline stages are suggested to allow both the MREG and PREG registers to be used.  If the DSP48 was instantiated in the design, it is suggested to set both the MREG and PREG attributes to 1 when performing multiply functions.
Related violations: <none>

DPOP-4#294 Warning
MREG Output pipelining  
DSP u_pw_unit/u_pw_mac1/p_0_out__17__2 multiplier stage u_pw_unit/u_pw_mac1/p_0_out__17__2/P[47:0] is not pipelined (MREG=0). Pipelining the multiplier function will improve performance and will save significant power so it is suggested whenever possible to fully pipeline this function.  If this multiplier was inferred, it is suggested to describe an additional register stage after this function.  If there is no registered adder/accumulator following the multiply function, two pipeline stages are suggested to allow both the MREG and PREG registers to be used.  If the DSP48 was instantiated in the design, it is suggested to set both the MREG and PREG attributes to 1 when performing multiply functions.
Related violations: <none>

DPOP-4#295 Warning
MREG Output pipelining  
DSP u_pw_unit/u_pw_mac1/p_0_out__18 multiplier stage u_pw_unit/u_pw_mac1/p_0_out__18/P[47:0] is not pipelined (MREG=0). Pipelining the multiplier function will improve performance and will save significant power so it is suggested whenever possible to fully pipeline this function.  If this multiplier was inferred, it is suggested to describe an additional register stage after this function.  If there is no registered adder/accumulator following the multiply function, two pipeline stages are suggested to allow both the MREG and PREG registers to be used.  If the DSP48 was instantiated in the design, it is suggested to set both the MREG and PREG attributes to 1 when performing multiply functions.
Related violations: <none>

DPOP-4#296 Warning
MREG Output pipelining  
DSP u_pw_unit/u_pw_mac1/p_0_out__18__0 multiplier stage u_pw_unit/u_pw_mac1/p_0_out__18__0/P[47:0] is not pipelined (MREG=0). Pipelining the multiplier function will improve performance and will save significant power so it is suggested whenever possible to fully pipeline this function.  If this multiplier was inferred, it is suggested to describe an additional register stage after this function.  If there is no registered adder/accumulator following the multiply function, two pipeline stages are suggested to allow both the MREG and PREG registers to be used.  If the DSP48 was instantiated in the design, it is suggested to set both the MREG and PREG attributes to 1 when performing multiply functions.
Related violations: <none>

DPOP-4#297 Warning
MREG Output pipelining  
DSP u_pw_unit/u_pw_mac1/p_0_out__18__1 multiplier stage u_pw_unit/u_pw_mac1/p_0_out__18__1/P[47:0] is not pipelined (MREG=0). Pipelining the multiplier function will improve performance and will save significant power so it is suggested whenever possible to fully pipeline this function.  If this multiplier was inferred, it is suggested to describe an additional register stage after this function.  If there is no registered adder/accumulator following the multiply function, two pipeline stages are suggested to allow both the MREG and PREG registers to be used.  If the DSP48 was instantiated in the design, it is suggested to set both the MREG and PREG attributes to 1 when performing multiply functions.
Related violations: <none>

DPOP-4#298 Warning
MREG Output pipelining  
DSP u_pw_unit/u_pw_mac1/p_0_out__18__2 multiplier stage u_pw_unit/u_pw_mac1/p_0_out__18__2/P[47:0] is not pipelined (MREG=0). Pipelining the multiplier function will improve performance and will save significant power so it is suggested whenever possible to fully pipeline this function.  If this multiplier was inferred, it is suggested to describe an additional register stage after this function.  If there is no registered adder/accumulator following the multiply function, two pipeline stages are suggested to allow both the MREG and PREG registers to be used.  If the DSP48 was instantiated in the design, it is suggested to set both the MREG and PREG attributes to 1 when performing multiply functions.
Related violations: <none>

DPOP-4#299 Warning
MREG Output pipelining  
DSP u_pw_unit/u_pw_mac1/p_0_out__19 multiplier stage u_pw_unit/u_pw_mac1/p_0_out__19/P[47:0] is not pipelined (MREG=0). Pipelining the multiplier function will improve performance and will save significant power so it is suggested whenever possible to fully pipeline this function.  If this multiplier was inferred, it is suggested to describe an additional register stage after this function.  If there is no registered adder/accumulator following the multiply function, two pipeline stages are suggested to allow both the MREG and PREG registers to be used.  If the DSP48 was instantiated in the design, it is suggested to set both the MREG and PREG attributes to 1 when performing multiply functions.
Related violations: <none>

DPOP-4#300 Warning
MREG Output pipelining  
DSP u_pw_unit/u_pw_mac1/p_0_out__19__0 multiplier stage u_pw_unit/u_pw_mac1/p_0_out__19__0/P[47:0] is not pipelined (MREG=0). Pipelining the multiplier function will improve performance and will save significant power so it is suggested whenever possible to fully pipeline this function.  If this multiplier was inferred, it is suggested to describe an additional register stage after this function.  If there is no registered adder/accumulator following the multiply function, two pipeline stages are suggested to allow both the MREG and PREG registers to be used.  If the DSP48 was instantiated in the design, it is suggested to set both the MREG and PREG attributes to 1 when performing multiply functions.
Related violations: <none>

DPOP-4#301 Warning
MREG Output pipelining  
DSP u_pw_unit/u_pw_mac1/p_0_out__19__1 multiplier stage u_pw_unit/u_pw_mac1/p_0_out__19__1/P[47:0] is not pipelined (MREG=0). Pipelining the multiplier function will improve performance and will save significant power so it is suggested whenever possible to fully pipeline this function.  If this multiplier was inferred, it is suggested to describe an additional register stage after this function.  If there is no registered adder/accumulator following the multiply function, two pipeline stages are suggested to allow both the MREG and PREG registers to be used.  If the DSP48 was instantiated in the design, it is suggested to set both the MREG and PREG attributes to 1 when performing multiply functions.
Related violations: <none>

DPOP-4#302 Warning
MREG Output pipelining  
DSP u_pw_unit/u_pw_mac1/p_0_out__19__2 multiplier stage u_pw_unit/u_pw_mac1/p_0_out__19__2/P[47:0] is not pipelined (MREG=0). Pipelining the multiplier function will improve performance and will save significant power so it is suggested whenever possible to fully pipeline this function.  If this multiplier was inferred, it is suggested to describe an additional register stage after this function.  If there is no registered adder/accumulator following the multiply function, two pipeline stages are suggested to allow both the MREG and PREG registers to be used.  If the DSP48 was instantiated in the design, it is suggested to set both the MREG and PREG attributes to 1 when performing multiply functions.
Related violations: <none>

DPOP-4#303 Warning
MREG Output pipelining  
DSP u_pw_unit/u_pw_mac1/p_0_out__1__0 multiplier stage u_pw_unit/u_pw_mac1/p_0_out__1__0/P[47:0] is not pipelined (MREG=0). Pipelining the multiplier function will improve performance and will save significant power so it is suggested whenever possible to fully pipeline this function.  If this multiplier was inferred, it is suggested to describe an additional register stage after this function.  If there is no registered adder/accumulator following the multiply function, two pipeline stages are suggested to allow both the MREG and PREG registers to be used.  If the DSP48 was instantiated in the design, it is suggested to set both the MREG and PREG attributes to 1 when performing multiply functions.
Related violations: <none>

DPOP-4#304 Warning
MREG Output pipelining  
DSP u_pw_unit/u_pw_mac1/p_0_out__1__1 multiplier stage u_pw_unit/u_pw_mac1/p_0_out__1__1/P[47:0] is not pipelined (MREG=0). Pipelining the multiplier function will improve performance and will save significant power so it is suggested whenever possible to fully pipeline this function.  If this multiplier was inferred, it is suggested to describe an additional register stage after this function.  If there is no registered adder/accumulator following the multiply function, two pipeline stages are suggested to allow both the MREG and PREG registers to be used.  If the DSP48 was instantiated in the design, it is suggested to set both the MREG and PREG attributes to 1 when performing multiply functions.
Related violations: <none>

DPOP-4#305 Warning
MREG Output pipelining  
DSP u_pw_unit/u_pw_mac1/p_0_out__1__2 multiplier stage u_pw_unit/u_pw_mac1/p_0_out__1__2/P[47:0] is not pipelined (MREG=0). Pipelining the multiplier function will improve performance and will save significant power so it is suggested whenever possible to fully pipeline this function.  If this multiplier was inferred, it is suggested to describe an additional register stage after this function.  If there is no registered adder/accumulator following the multiply function, two pipeline stages are suggested to allow both the MREG and PREG registers to be used.  If the DSP48 was instantiated in the design, it is suggested to set both the MREG and PREG attributes to 1 when performing multiply functions.
Related violations: <none>

DPOP-4#306 Warning
MREG Output pipelining  
DSP u_pw_unit/u_pw_mac1/p_0_out__2 multiplier stage u_pw_unit/u_pw_mac1/p_0_out__2/P[47:0] is not pipelined (MREG=0). Pipelining the multiplier function will improve performance and will save significant power so it is suggested whenever possible to fully pipeline this function.  If this multiplier was inferred, it is suggested to describe an additional register stage after this function.  If there is no registered adder/accumulator following the multiply function, two pipeline stages are suggested to allow both the MREG and PREG registers to be used.  If the DSP48 was instantiated in the design, it is suggested to set both the MREG and PREG attributes to 1 when performing multiply functions.
Related violations: <none>

DPOP-4#307 Warning
MREG Output pipelining  
DSP u_pw_unit/u_pw_mac1/p_0_out__20 multiplier stage u_pw_unit/u_pw_mac1/p_0_out__20/P[47:0] is not pipelined (MREG=0). Pipelining the multiplier function will improve performance and will save significant power so it is suggested whenever possible to fully pipeline this function.  If this multiplier was inferred, it is suggested to describe an additional register stage after this function.  If there is no registered adder/accumulator following the multiply function, two pipeline stages are suggested to allow both the MREG and PREG registers to be used.  If the DSP48 was instantiated in the design, it is suggested to set both the MREG and PREG attributes to 1 when performing multiply functions.
Related violations: <none>

DPOP-4#308 Warning
MREG Output pipelining  
DSP u_pw_unit/u_pw_mac1/p_0_out__20__0 multiplier stage u_pw_unit/u_pw_mac1/p_0_out__20__0/P[47:0] is not pipelined (MREG=0). Pipelining the multiplier function will improve performance and will save significant power so it is suggested whenever possible to fully pipeline this function.  If this multiplier was inferred, it is suggested to describe an additional register stage after this function.  If there is no registered adder/accumulator following the multiply function, two pipeline stages are suggested to allow both the MREG and PREG registers to be used.  If the DSP48 was instantiated in the design, it is suggested to set both the MREG and PREG attributes to 1 when performing multiply functions.
Related violations: <none>

DPOP-4#309 Warning
MREG Output pipelining  
DSP u_pw_unit/u_pw_mac1/p_0_out__20__1 multiplier stage u_pw_unit/u_pw_mac1/p_0_out__20__1/P[47:0] is not pipelined (MREG=0). Pipelining the multiplier function will improve performance and will save significant power so it is suggested whenever possible to fully pipeline this function.  If this multiplier was inferred, it is suggested to describe an additional register stage after this function.  If there is no registered adder/accumulator following the multiply function, two pipeline stages are suggested to allow both the MREG and PREG registers to be used.  If the DSP48 was instantiated in the design, it is suggested to set both the MREG and PREG attributes to 1 when performing multiply functions.
Related violations: <none>

DPOP-4#310 Warning
MREG Output pipelining  
DSP u_pw_unit/u_pw_mac1/p_0_out__20__2 multiplier stage u_pw_unit/u_pw_mac1/p_0_out__20__2/P[47:0] is not pipelined (MREG=0). Pipelining the multiplier function will improve performance and will save significant power so it is suggested whenever possible to fully pipeline this function.  If this multiplier was inferred, it is suggested to describe an additional register stage after this function.  If there is no registered adder/accumulator following the multiply function, two pipeline stages are suggested to allow both the MREG and PREG registers to be used.  If the DSP48 was instantiated in the design, it is suggested to set both the MREG and PREG attributes to 1 when performing multiply functions.
Related violations: <none>

DPOP-4#311 Warning
MREG Output pipelining  
DSP u_pw_unit/u_pw_mac1/p_0_out__21 multiplier stage u_pw_unit/u_pw_mac1/p_0_out__21/P[47:0] is not pipelined (MREG=0). Pipelining the multiplier function will improve performance and will save significant power so it is suggested whenever possible to fully pipeline this function.  If this multiplier was inferred, it is suggested to describe an additional register stage after this function.  If there is no registered adder/accumulator following the multiply function, two pipeline stages are suggested to allow both the MREG and PREG registers to be used.  If the DSP48 was instantiated in the design, it is suggested to set both the MREG and PREG attributes to 1 when performing multiply functions.
Related violations: <none>

DPOP-4#312 Warning
MREG Output pipelining  
DSP u_pw_unit/u_pw_mac1/p_0_out__21__0 multiplier stage u_pw_unit/u_pw_mac1/p_0_out__21__0/P[47:0] is not pipelined (MREG=0). Pipelining the multiplier function will improve performance and will save significant power so it is suggested whenever possible to fully pipeline this function.  If this multiplier was inferred, it is suggested to describe an additional register stage after this function.  If there is no registered adder/accumulator following the multiply function, two pipeline stages are suggested to allow both the MREG and PREG registers to be used.  If the DSP48 was instantiated in the design, it is suggested to set both the MREG and PREG attributes to 1 when performing multiply functions.
Related violations: <none>

DPOP-4#313 Warning
MREG Output pipelining  
DSP u_pw_unit/u_pw_mac1/p_0_out__21__1 multiplier stage u_pw_unit/u_pw_mac1/p_0_out__21__1/P[47:0] is not pipelined (MREG=0). Pipelining the multiplier function will improve performance and will save significant power so it is suggested whenever possible to fully pipeline this function.  If this multiplier was inferred, it is suggested to describe an additional register stage after this function.  If there is no registered adder/accumulator following the multiply function, two pipeline stages are suggested to allow both the MREG and PREG registers to be used.  If the DSP48 was instantiated in the design, it is suggested to set both the MREG and PREG attributes to 1 when performing multiply functions.
Related violations: <none>

DPOP-4#314 Warning
MREG Output pipelining  
DSP u_pw_unit/u_pw_mac1/p_0_out__21__2 multiplier stage u_pw_unit/u_pw_mac1/p_0_out__21__2/P[47:0] is not pipelined (MREG=0). Pipelining the multiplier function will improve performance and will save significant power so it is suggested whenever possible to fully pipeline this function.  If this multiplier was inferred, it is suggested to describe an additional register stage after this function.  If there is no registered adder/accumulator following the multiply function, two pipeline stages are suggested to allow both the MREG and PREG registers to be used.  If the DSP48 was instantiated in the design, it is suggested to set both the MREG and PREG attributes to 1 when performing multiply functions.
Related violations: <none>

DPOP-4#315 Warning
MREG Output pipelining  
DSP u_pw_unit/u_pw_mac1/p_0_out__22 multiplier stage u_pw_unit/u_pw_mac1/p_0_out__22/P[47:0] is not pipelined (MREG=0). Pipelining the multiplier function will improve performance and will save significant power so it is suggested whenever possible to fully pipeline this function.  If this multiplier was inferred, it is suggested to describe an additional register stage after this function.  If there is no registered adder/accumulator following the multiply function, two pipeline stages are suggested to allow both the MREG and PREG registers to be used.  If the DSP48 was instantiated in the design, it is suggested to set both the MREG and PREG attributes to 1 when performing multiply functions.
Related violations: <none>

DPOP-4#316 Warning
MREG Output pipelining  
DSP u_pw_unit/u_pw_mac1/p_0_out__22__0 multiplier stage u_pw_unit/u_pw_mac1/p_0_out__22__0/P[47:0] is not pipelined (MREG=0). Pipelining the multiplier function will improve performance and will save significant power so it is suggested whenever possible to fully pipeline this function.  If this multiplier was inferred, it is suggested to describe an additional register stage after this function.  If there is no registered adder/accumulator following the multiply function, two pipeline stages are suggested to allow both the MREG and PREG registers to be used.  If the DSP48 was instantiated in the design, it is suggested to set both the MREG and PREG attributes to 1 when performing multiply functions.
Related violations: <none>

DPOP-4#317 Warning
MREG Output pipelining  
DSP u_pw_unit/u_pw_mac1/p_0_out__22__1 multiplier stage u_pw_unit/u_pw_mac1/p_0_out__22__1/P[47:0] is not pipelined (MREG=0). Pipelining the multiplier function will improve performance and will save significant power so it is suggested whenever possible to fully pipeline this function.  If this multiplier was inferred, it is suggested to describe an additional register stage after this function.  If there is no registered adder/accumulator following the multiply function, two pipeline stages are suggested to allow both the MREG and PREG registers to be used.  If the DSP48 was instantiated in the design, it is suggested to set both the MREG and PREG attributes to 1 when performing multiply functions.
Related violations: <none>

DPOP-4#318 Warning
MREG Output pipelining  
DSP u_pw_unit/u_pw_mac1/p_0_out__22__2 multiplier stage u_pw_unit/u_pw_mac1/p_0_out__22__2/P[47:0] is not pipelined (MREG=0). Pipelining the multiplier function will improve performance and will save significant power so it is suggested whenever possible to fully pipeline this function.  If this multiplier was inferred, it is suggested to describe an additional register stage after this function.  If there is no registered adder/accumulator following the multiply function, two pipeline stages are suggested to allow both the MREG and PREG registers to be used.  If the DSP48 was instantiated in the design, it is suggested to set both the MREG and PREG attributes to 1 when performing multiply functions.
Related violations: <none>

DPOP-4#319 Warning
MREG Output pipelining  
DSP u_pw_unit/u_pw_mac1/p_0_out__23 multiplier stage u_pw_unit/u_pw_mac1/p_0_out__23/P[47:0] is not pipelined (MREG=0). Pipelining the multiplier function will improve performance and will save significant power so it is suggested whenever possible to fully pipeline this function.  If this multiplier was inferred, it is suggested to describe an additional register stage after this function.  If there is no registered adder/accumulator following the multiply function, two pipeline stages are suggested to allow both the MREG and PREG registers to be used.  If the DSP48 was instantiated in the design, it is suggested to set both the MREG and PREG attributes to 1 when performing multiply functions.
Related violations: <none>

DPOP-4#320 Warning
MREG Output pipelining  
DSP u_pw_unit/u_pw_mac1/p_0_out__23__0 multiplier stage u_pw_unit/u_pw_mac1/p_0_out__23__0/P[47:0] is not pipelined (MREG=0). Pipelining the multiplier function will improve performance and will save significant power so it is suggested whenever possible to fully pipeline this function.  If this multiplier was inferred, it is suggested to describe an additional register stage after this function.  If there is no registered adder/accumulator following the multiply function, two pipeline stages are suggested to allow both the MREG and PREG registers to be used.  If the DSP48 was instantiated in the design, it is suggested to set both the MREG and PREG attributes to 1 when performing multiply functions.
Related violations: <none>

DPOP-4#321 Warning
MREG Output pipelining  
DSP u_pw_unit/u_pw_mac1/p_0_out__23__1 multiplier stage u_pw_unit/u_pw_mac1/p_0_out__23__1/P[47:0] is not pipelined (MREG=0). Pipelining the multiplier function will improve performance and will save significant power so it is suggested whenever possible to fully pipeline this function.  If this multiplier was inferred, it is suggested to describe an additional register stage after this function.  If there is no registered adder/accumulator following the multiply function, two pipeline stages are suggested to allow both the MREG and PREG registers to be used.  If the DSP48 was instantiated in the design, it is suggested to set both the MREG and PREG attributes to 1 when performing multiply functions.
Related violations: <none>

DPOP-4#322 Warning
MREG Output pipelining  
DSP u_pw_unit/u_pw_mac1/p_0_out__23__2 multiplier stage u_pw_unit/u_pw_mac1/p_0_out__23__2/P[47:0] is not pipelined (MREG=0). Pipelining the multiplier function will improve performance and will save significant power so it is suggested whenever possible to fully pipeline this function.  If this multiplier was inferred, it is suggested to describe an additional register stage after this function.  If there is no registered adder/accumulator following the multiply function, two pipeline stages are suggested to allow both the MREG and PREG registers to be used.  If the DSP48 was instantiated in the design, it is suggested to set both the MREG and PREG attributes to 1 when performing multiply functions.
Related violations: <none>

DPOP-4#323 Warning
MREG Output pipelining  
DSP u_pw_unit/u_pw_mac1/p_0_out__24 multiplier stage u_pw_unit/u_pw_mac1/p_0_out__24/P[47:0] is not pipelined (MREG=0). Pipelining the multiplier function will improve performance and will save significant power so it is suggested whenever possible to fully pipeline this function.  If this multiplier was inferred, it is suggested to describe an additional register stage after this function.  If there is no registered adder/accumulator following the multiply function, two pipeline stages are suggested to allow both the MREG and PREG registers to be used.  If the DSP48 was instantiated in the design, it is suggested to set both the MREG and PREG attributes to 1 when performing multiply functions.
Related violations: <none>

DPOP-4#324 Warning
MREG Output pipelining  
DSP u_pw_unit/u_pw_mac1/p_0_out__24__0 multiplier stage u_pw_unit/u_pw_mac1/p_0_out__24__0/P[47:0] is not pipelined (MREG=0). Pipelining the multiplier function will improve performance and will save significant power so it is suggested whenever possible to fully pipeline this function.  If this multiplier was inferred, it is suggested to describe an additional register stage after this function.  If there is no registered adder/accumulator following the multiply function, two pipeline stages are suggested to allow both the MREG and PREG registers to be used.  If the DSP48 was instantiated in the design, it is suggested to set both the MREG and PREG attributes to 1 when performing multiply functions.
Related violations: <none>

DPOP-4#325 Warning
MREG Output pipelining  
DSP u_pw_unit/u_pw_mac1/p_0_out__24__1 multiplier stage u_pw_unit/u_pw_mac1/p_0_out__24__1/P[47:0] is not pipelined (MREG=0). Pipelining the multiplier function will improve performance and will save significant power so it is suggested whenever possible to fully pipeline this function.  If this multiplier was inferred, it is suggested to describe an additional register stage after this function.  If there is no registered adder/accumulator following the multiply function, two pipeline stages are suggested to allow both the MREG and PREG registers to be used.  If the DSP48 was instantiated in the design, it is suggested to set both the MREG and PREG attributes to 1 when performing multiply functions.
Related violations: <none>

DPOP-4#326 Warning
MREG Output pipelining  
DSP u_pw_unit/u_pw_mac1/p_0_out__24__2 multiplier stage u_pw_unit/u_pw_mac1/p_0_out__24__2/P[47:0] is not pipelined (MREG=0). Pipelining the multiplier function will improve performance and will save significant power so it is suggested whenever possible to fully pipeline this function.  If this multiplier was inferred, it is suggested to describe an additional register stage after this function.  If there is no registered adder/accumulator following the multiply function, two pipeline stages are suggested to allow both the MREG and PREG registers to be used.  If the DSP48 was instantiated in the design, it is suggested to set both the MREG and PREG attributes to 1 when performing multiply functions.
Related violations: <none>

DPOP-4#327 Warning
MREG Output pipelining  
DSP u_pw_unit/u_pw_mac1/p_0_out__25 multiplier stage u_pw_unit/u_pw_mac1/p_0_out__25/P[47:0] is not pipelined (MREG=0). Pipelining the multiplier function will improve performance and will save significant power so it is suggested whenever possible to fully pipeline this function.  If this multiplier was inferred, it is suggested to describe an additional register stage after this function.  If there is no registered adder/accumulator following the multiply function, two pipeline stages are suggested to allow both the MREG and PREG registers to be used.  If the DSP48 was instantiated in the design, it is suggested to set both the MREG and PREG attributes to 1 when performing multiply functions.
Related violations: <none>

DPOP-4#328 Warning
MREG Output pipelining  
DSP u_pw_unit/u_pw_mac1/p_0_out__25__0 multiplier stage u_pw_unit/u_pw_mac1/p_0_out__25__0/P[47:0] is not pipelined (MREG=0). Pipelining the multiplier function will improve performance and will save significant power so it is suggested whenever possible to fully pipeline this function.  If this multiplier was inferred, it is suggested to describe an additional register stage after this function.  If there is no registered adder/accumulator following the multiply function, two pipeline stages are suggested to allow both the MREG and PREG registers to be used.  If the DSP48 was instantiated in the design, it is suggested to set both the MREG and PREG attributes to 1 when performing multiply functions.
Related violations: <none>

DPOP-4#329 Warning
MREG Output pipelining  
DSP u_pw_unit/u_pw_mac1/p_0_out__25__1 multiplier stage u_pw_unit/u_pw_mac1/p_0_out__25__1/P[47:0] is not pipelined (MREG=0). Pipelining the multiplier function will improve performance and will save significant power so it is suggested whenever possible to fully pipeline this function.  If this multiplier was inferred, it is suggested to describe an additional register stage after this function.  If there is no registered adder/accumulator following the multiply function, two pipeline stages are suggested to allow both the MREG and PREG registers to be used.  If the DSP48 was instantiated in the design, it is suggested to set both the MREG and PREG attributes to 1 when performing multiply functions.
Related violations: <none>

DPOP-4#330 Warning
MREG Output pipelining  
DSP u_pw_unit/u_pw_mac1/p_0_out__25__2 multiplier stage u_pw_unit/u_pw_mac1/p_0_out__25__2/P[47:0] is not pipelined (MREG=0). Pipelining the multiplier function will improve performance and will save significant power so it is suggested whenever possible to fully pipeline this function.  If this multiplier was inferred, it is suggested to describe an additional register stage after this function.  If there is no registered adder/accumulator following the multiply function, two pipeline stages are suggested to allow both the MREG and PREG registers to be used.  If the DSP48 was instantiated in the design, it is suggested to set both the MREG and PREG attributes to 1 when performing multiply functions.
Related violations: <none>

DPOP-4#331 Warning
MREG Output pipelining  
DSP u_pw_unit/u_pw_mac1/p_0_out__26 multiplier stage u_pw_unit/u_pw_mac1/p_0_out__26/P[47:0] is not pipelined (MREG=0). Pipelining the multiplier function will improve performance and will save significant power so it is suggested whenever possible to fully pipeline this function.  If this multiplier was inferred, it is suggested to describe an additional register stage after this function.  If there is no registered adder/accumulator following the multiply function, two pipeline stages are suggested to allow both the MREG and PREG registers to be used.  If the DSP48 was instantiated in the design, it is suggested to set both the MREG and PREG attributes to 1 when performing multiply functions.
Related violations: <none>

DPOP-4#332 Warning
MREG Output pipelining  
DSP u_pw_unit/u_pw_mac1/p_0_out__26__0 multiplier stage u_pw_unit/u_pw_mac1/p_0_out__26__0/P[47:0] is not pipelined (MREG=0). Pipelining the multiplier function will improve performance and will save significant power so it is suggested whenever possible to fully pipeline this function.  If this multiplier was inferred, it is suggested to describe an additional register stage after this function.  If there is no registered adder/accumulator following the multiply function, two pipeline stages are suggested to allow both the MREG and PREG registers to be used.  If the DSP48 was instantiated in the design, it is suggested to set both the MREG and PREG attributes to 1 when performing multiply functions.
Related violations: <none>

DPOP-4#333 Warning
MREG Output pipelining  
DSP u_pw_unit/u_pw_mac1/p_0_out__26__1 multiplier stage u_pw_unit/u_pw_mac1/p_0_out__26__1/P[47:0] is not pipelined (MREG=0). Pipelining the multiplier function will improve performance and will save significant power so it is suggested whenever possible to fully pipeline this function.  If this multiplier was inferred, it is suggested to describe an additional register stage after this function.  If there is no registered adder/accumulator following the multiply function, two pipeline stages are suggested to allow both the MREG and PREG registers to be used.  If the DSP48 was instantiated in the design, it is suggested to set both the MREG and PREG attributes to 1 when performing multiply functions.
Related violations: <none>

DPOP-4#334 Warning
MREG Output pipelining  
DSP u_pw_unit/u_pw_mac1/p_0_out__26__2 multiplier stage u_pw_unit/u_pw_mac1/p_0_out__26__2/P[47:0] is not pipelined (MREG=0). Pipelining the multiplier function will improve performance and will save significant power so it is suggested whenever possible to fully pipeline this function.  If this multiplier was inferred, it is suggested to describe an additional register stage after this function.  If there is no registered adder/accumulator following the multiply function, two pipeline stages are suggested to allow both the MREG and PREG registers to be used.  If the DSP48 was instantiated in the design, it is suggested to set both the MREG and PREG attributes to 1 when performing multiply functions.
Related violations: <none>

DPOP-4#335 Warning
MREG Output pipelining  
DSP u_pw_unit/u_pw_mac1/p_0_out__27 multiplier stage u_pw_unit/u_pw_mac1/p_0_out__27/P[47:0] is not pipelined (MREG=0). Pipelining the multiplier function will improve performance and will save significant power so it is suggested whenever possible to fully pipeline this function.  If this multiplier was inferred, it is suggested to describe an additional register stage after this function.  If there is no registered adder/accumulator following the multiply function, two pipeline stages are suggested to allow both the MREG and PREG registers to be used.  If the DSP48 was instantiated in the design, it is suggested to set both the MREG and PREG attributes to 1 when performing multiply functions.
Related violations: <none>

DPOP-4#336 Warning
MREG Output pipelining  
DSP u_pw_unit/u_pw_mac1/p_0_out__27__0 multiplier stage u_pw_unit/u_pw_mac1/p_0_out__27__0/P[47:0] is not pipelined (MREG=0). Pipelining the multiplier function will improve performance and will save significant power so it is suggested whenever possible to fully pipeline this function.  If this multiplier was inferred, it is suggested to describe an additional register stage after this function.  If there is no registered adder/accumulator following the multiply function, two pipeline stages are suggested to allow both the MREG and PREG registers to be used.  If the DSP48 was instantiated in the design, it is suggested to set both the MREG and PREG attributes to 1 when performing multiply functions.
Related violations: <none>

DPOP-4#337 Warning
MREG Output pipelining  
DSP u_pw_unit/u_pw_mac1/p_0_out__27__1 multiplier stage u_pw_unit/u_pw_mac1/p_0_out__27__1/P[47:0] is not pipelined (MREG=0). Pipelining the multiplier function will improve performance and will save significant power so it is suggested whenever possible to fully pipeline this function.  If this multiplier was inferred, it is suggested to describe an additional register stage after this function.  If there is no registered adder/accumulator following the multiply function, two pipeline stages are suggested to allow both the MREG and PREG registers to be used.  If the DSP48 was instantiated in the design, it is suggested to set both the MREG and PREG attributes to 1 when performing multiply functions.
Related violations: <none>

DPOP-4#338 Warning
MREG Output pipelining  
DSP u_pw_unit/u_pw_mac1/p_0_out__27__2 multiplier stage u_pw_unit/u_pw_mac1/p_0_out__27__2/P[47:0] is not pipelined (MREG=0). Pipelining the multiplier function will improve performance and will save significant power so it is suggested whenever possible to fully pipeline this function.  If this multiplier was inferred, it is suggested to describe an additional register stage after this function.  If there is no registered adder/accumulator following the multiply function, two pipeline stages are suggested to allow both the MREG and PREG registers to be used.  If the DSP48 was instantiated in the design, it is suggested to set both the MREG and PREG attributes to 1 when performing multiply functions.
Related violations: <none>

DPOP-4#339 Warning
MREG Output pipelining  
DSP u_pw_unit/u_pw_mac1/p_0_out__28 multiplier stage u_pw_unit/u_pw_mac1/p_0_out__28/P[47:0] is not pipelined (MREG=0). Pipelining the multiplier function will improve performance and will save significant power so it is suggested whenever possible to fully pipeline this function.  If this multiplier was inferred, it is suggested to describe an additional register stage after this function.  If there is no registered adder/accumulator following the multiply function, two pipeline stages are suggested to allow both the MREG and PREG registers to be used.  If the DSP48 was instantiated in the design, it is suggested to set both the MREG and PREG attributes to 1 when performing multiply functions.
Related violations: <none>

DPOP-4#340 Warning
MREG Output pipelining  
DSP u_pw_unit/u_pw_mac1/p_0_out__28__0 multiplier stage u_pw_unit/u_pw_mac1/p_0_out__28__0/P[47:0] is not pipelined (MREG=0). Pipelining the multiplier function will improve performance and will save significant power so it is suggested whenever possible to fully pipeline this function.  If this multiplier was inferred, it is suggested to describe an additional register stage after this function.  If there is no registered adder/accumulator following the multiply function, two pipeline stages are suggested to allow both the MREG and PREG registers to be used.  If the DSP48 was instantiated in the design, it is suggested to set both the MREG and PREG attributes to 1 when performing multiply functions.
Related violations: <none>

DPOP-4#341 Warning
MREG Output pipelining  
DSP u_pw_unit/u_pw_mac1/p_0_out__28__1 multiplier stage u_pw_unit/u_pw_mac1/p_0_out__28__1/P[47:0] is not pipelined (MREG=0). Pipelining the multiplier function will improve performance and will save significant power so it is suggested whenever possible to fully pipeline this function.  If this multiplier was inferred, it is suggested to describe an additional register stage after this function.  If there is no registered adder/accumulator following the multiply function, two pipeline stages are suggested to allow both the MREG and PREG registers to be used.  If the DSP48 was instantiated in the design, it is suggested to set both the MREG and PREG attributes to 1 when performing multiply functions.
Related violations: <none>

DPOP-4#342 Warning
MREG Output pipelining  
DSP u_pw_unit/u_pw_mac1/p_0_out__28__2 multiplier stage u_pw_unit/u_pw_mac1/p_0_out__28__2/P[47:0] is not pipelined (MREG=0). Pipelining the multiplier function will improve performance and will save significant power so it is suggested whenever possible to fully pipeline this function.  If this multiplier was inferred, it is suggested to describe an additional register stage after this function.  If there is no registered adder/accumulator following the multiply function, two pipeline stages are suggested to allow both the MREG and PREG registers to be used.  If the DSP48 was instantiated in the design, it is suggested to set both the MREG and PREG attributes to 1 when performing multiply functions.
Related violations: <none>

DPOP-4#343 Warning
MREG Output pipelining  
DSP u_pw_unit/u_pw_mac1/p_0_out__29 multiplier stage u_pw_unit/u_pw_mac1/p_0_out__29/P[47:0] is not pipelined (MREG=0). Pipelining the multiplier function will improve performance and will save significant power so it is suggested whenever possible to fully pipeline this function.  If this multiplier was inferred, it is suggested to describe an additional register stage after this function.  If there is no registered adder/accumulator following the multiply function, two pipeline stages are suggested to allow both the MREG and PREG registers to be used.  If the DSP48 was instantiated in the design, it is suggested to set both the MREG and PREG attributes to 1 when performing multiply functions.
Related violations: <none>

DPOP-4#344 Warning
MREG Output pipelining  
DSP u_pw_unit/u_pw_mac1/p_0_out__29__0 multiplier stage u_pw_unit/u_pw_mac1/p_0_out__29__0/P[47:0] is not pipelined (MREG=0). Pipelining the multiplier function will improve performance and will save significant power so it is suggested whenever possible to fully pipeline this function.  If this multiplier was inferred, it is suggested to describe an additional register stage after this function.  If there is no registered adder/accumulator following the multiply function, two pipeline stages are suggested to allow both the MREG and PREG registers to be used.  If the DSP48 was instantiated in the design, it is suggested to set both the MREG and PREG attributes to 1 when performing multiply functions.
Related violations: <none>

DPOP-4#345 Warning
MREG Output pipelining  
DSP u_pw_unit/u_pw_mac1/p_0_out__29__1 multiplier stage u_pw_unit/u_pw_mac1/p_0_out__29__1/P[47:0] is not pipelined (MREG=0). Pipelining the multiplier function will improve performance and will save significant power so it is suggested whenever possible to fully pipeline this function.  If this multiplier was inferred, it is suggested to describe an additional register stage after this function.  If there is no registered adder/accumulator following the multiply function, two pipeline stages are suggested to allow both the MREG and PREG registers to be used.  If the DSP48 was instantiated in the design, it is suggested to set both the MREG and PREG attributes to 1 when performing multiply functions.
Related violations: <none>

DPOP-4#346 Warning
MREG Output pipelining  
DSP u_pw_unit/u_pw_mac1/p_0_out__29__2 multiplier stage u_pw_unit/u_pw_mac1/p_0_out__29__2/P[47:0] is not pipelined (MREG=0). Pipelining the multiplier function will improve performance and will save significant power so it is suggested whenever possible to fully pipeline this function.  If this multiplier was inferred, it is suggested to describe an additional register stage after this function.  If there is no registered adder/accumulator following the multiply function, two pipeline stages are suggested to allow both the MREG and PREG registers to be used.  If the DSP48 was instantiated in the design, it is suggested to set both the MREG and PREG attributes to 1 when performing multiply functions.
Related violations: <none>

DPOP-4#347 Warning
MREG Output pipelining  
DSP u_pw_unit/u_pw_mac1/p_0_out__2__0 multiplier stage u_pw_unit/u_pw_mac1/p_0_out__2__0/P[47:0] is not pipelined (MREG=0). Pipelining the multiplier function will improve performance and will save significant power so it is suggested whenever possible to fully pipeline this function.  If this multiplier was inferred, it is suggested to describe an additional register stage after this function.  If there is no registered adder/accumulator following the multiply function, two pipeline stages are suggested to allow both the MREG and PREG registers to be used.  If the DSP48 was instantiated in the design, it is suggested to set both the MREG and PREG attributes to 1 when performing multiply functions.
Related violations: <none>

DPOP-4#348 Warning
MREG Output pipelining  
DSP u_pw_unit/u_pw_mac1/p_0_out__2__1 multiplier stage u_pw_unit/u_pw_mac1/p_0_out__2__1/P[47:0] is not pipelined (MREG=0). Pipelining the multiplier function will improve performance and will save significant power so it is suggested whenever possible to fully pipeline this function.  If this multiplier was inferred, it is suggested to describe an additional register stage after this function.  If there is no registered adder/accumulator following the multiply function, two pipeline stages are suggested to allow both the MREG and PREG registers to be used.  If the DSP48 was instantiated in the design, it is suggested to set both the MREG and PREG attributes to 1 when performing multiply functions.
Related violations: <none>

DPOP-4#349 Warning
MREG Output pipelining  
DSP u_pw_unit/u_pw_mac1/p_0_out__2__2 multiplier stage u_pw_unit/u_pw_mac1/p_0_out__2__2/P[47:0] is not pipelined (MREG=0). Pipelining the multiplier function will improve performance and will save significant power so it is suggested whenever possible to fully pipeline this function.  If this multiplier was inferred, it is suggested to describe an additional register stage after this function.  If there is no registered adder/accumulator following the multiply function, two pipeline stages are suggested to allow both the MREG and PREG registers to be used.  If the DSP48 was instantiated in the design, it is suggested to set both the MREG and PREG attributes to 1 when performing multiply functions.
Related violations: <none>

DPOP-4#350 Warning
MREG Output pipelining  
DSP u_pw_unit/u_pw_mac1/p_0_out__3 multiplier stage u_pw_unit/u_pw_mac1/p_0_out__3/P[47:0] is not pipelined (MREG=0). Pipelining the multiplier function will improve performance and will save significant power so it is suggested whenever possible to fully pipeline this function.  If this multiplier was inferred, it is suggested to describe an additional register stage after this function.  If there is no registered adder/accumulator following the multiply function, two pipeline stages are suggested to allow both the MREG and PREG registers to be used.  If the DSP48 was instantiated in the design, it is suggested to set both the MREG and PREG attributes to 1 when performing multiply functions.
Related violations: <none>

DPOP-4#351 Warning
MREG Output pipelining  
DSP u_pw_unit/u_pw_mac1/p_0_out__30 multiplier stage u_pw_unit/u_pw_mac1/p_0_out__30/P[47:0] is not pipelined (MREG=0). Pipelining the multiplier function will improve performance and will save significant power so it is suggested whenever possible to fully pipeline this function.  If this multiplier was inferred, it is suggested to describe an additional register stage after this function.  If there is no registered adder/accumulator following the multiply function, two pipeline stages are suggested to allow both the MREG and PREG registers to be used.  If the DSP48 was instantiated in the design, it is suggested to set both the MREG and PREG attributes to 1 when performing multiply functions.
Related violations: <none>

DPOP-4#352 Warning
MREG Output pipelining  
DSP u_pw_unit/u_pw_mac1/p_0_out__30__0 multiplier stage u_pw_unit/u_pw_mac1/p_0_out__30__0/P[47:0] is not pipelined (MREG=0). Pipelining the multiplier function will improve performance and will save significant power so it is suggested whenever possible to fully pipeline this function.  If this multiplier was inferred, it is suggested to describe an additional register stage after this function.  If there is no registered adder/accumulator following the multiply function, two pipeline stages are suggested to allow both the MREG and PREG registers to be used.  If the DSP48 was instantiated in the design, it is suggested to set both the MREG and PREG attributes to 1 when performing multiply functions.
Related violations: <none>

DPOP-4#353 Warning
MREG Output pipelining  
DSP u_pw_unit/u_pw_mac1/p_0_out__30__1 multiplier stage u_pw_unit/u_pw_mac1/p_0_out__30__1/P[47:0] is not pipelined (MREG=0). Pipelining the multiplier function will improve performance and will save significant power so it is suggested whenever possible to fully pipeline this function.  If this multiplier was inferred, it is suggested to describe an additional register stage after this function.  If there is no registered adder/accumulator following the multiply function, two pipeline stages are suggested to allow both the MREG and PREG registers to be used.  If the DSP48 was instantiated in the design, it is suggested to set both the MREG and PREG attributes to 1 when performing multiply functions.
Related violations: <none>

DPOP-4#354 Warning
MREG Output pipelining  
DSP u_pw_unit/u_pw_mac1/p_0_out__30__2 multiplier stage u_pw_unit/u_pw_mac1/p_0_out__30__2/P[47:0] is not pipelined (MREG=0). Pipelining the multiplier function will improve performance and will save significant power so it is suggested whenever possible to fully pipeline this function.  If this multiplier was inferred, it is suggested to describe an additional register stage after this function.  If there is no registered adder/accumulator following the multiply function, two pipeline stages are suggested to allow both the MREG and PREG registers to be used.  If the DSP48 was instantiated in the design, it is suggested to set both the MREG and PREG attributes to 1 when performing multiply functions.
Related violations: <none>

DPOP-4#355 Warning
MREG Output pipelining  
DSP u_pw_unit/u_pw_mac1/p_0_out__31 multiplier stage u_pw_unit/u_pw_mac1/p_0_out__31/P[47:0] is not pipelined (MREG=0). Pipelining the multiplier function will improve performance and will save significant power so it is suggested whenever possible to fully pipeline this function.  If this multiplier was inferred, it is suggested to describe an additional register stage after this function.  If there is no registered adder/accumulator following the multiply function, two pipeline stages are suggested to allow both the MREG and PREG registers to be used.  If the DSP48 was instantiated in the design, it is suggested to set both the MREG and PREG attributes to 1 when performing multiply functions.
Related violations: <none>

DPOP-4#356 Warning
MREG Output pipelining  
DSP u_pw_unit/u_pw_mac1/p_0_out__31__0 multiplier stage u_pw_unit/u_pw_mac1/p_0_out__31__0/P[47:0] is not pipelined (MREG=0). Pipelining the multiplier function will improve performance and will save significant power so it is suggested whenever possible to fully pipeline this function.  If this multiplier was inferred, it is suggested to describe an additional register stage after this function.  If there is no registered adder/accumulator following the multiply function, two pipeline stages are suggested to allow both the MREG and PREG registers to be used.  If the DSP48 was instantiated in the design, it is suggested to set both the MREG and PREG attributes to 1 when performing multiply functions.
Related violations: <none>

DPOP-4#357 Warning
MREG Output pipelining  
DSP u_pw_unit/u_pw_mac1/p_0_out__31__1 multiplier stage u_pw_unit/u_pw_mac1/p_0_out__31__1/P[47:0] is not pipelined (MREG=0). Pipelining the multiplier function will improve performance and will save significant power so it is suggested whenever possible to fully pipeline this function.  If this multiplier was inferred, it is suggested to describe an additional register stage after this function.  If there is no registered adder/accumulator following the multiply function, two pipeline stages are suggested to allow both the MREG and PREG registers to be used.  If the DSP48 was instantiated in the design, it is suggested to set both the MREG and PREG attributes to 1 when performing multiply functions.
Related violations: <none>

DPOP-4#358 Warning
MREG Output pipelining  
DSP u_pw_unit/u_pw_mac1/p_0_out__31__2 multiplier stage u_pw_unit/u_pw_mac1/p_0_out__31__2/P[47:0] is not pipelined (MREG=0). Pipelining the multiplier function will improve performance and will save significant power so it is suggested whenever possible to fully pipeline this function.  If this multiplier was inferred, it is suggested to describe an additional register stage after this function.  If there is no registered adder/accumulator following the multiply function, two pipeline stages are suggested to allow both the MREG and PREG registers to be used.  If the DSP48 was instantiated in the design, it is suggested to set both the MREG and PREG attributes to 1 when performing multiply functions.
Related violations: <none>

DPOP-4#359 Warning
MREG Output pipelining  
DSP u_pw_unit/u_pw_mac1/p_0_out__32 multiplier stage u_pw_unit/u_pw_mac1/p_0_out__32/P[47:0] is not pipelined (MREG=0). Pipelining the multiplier function will improve performance and will save significant power so it is suggested whenever possible to fully pipeline this function.  If this multiplier was inferred, it is suggested to describe an additional register stage after this function.  If there is no registered adder/accumulator following the multiply function, two pipeline stages are suggested to allow both the MREG and PREG registers to be used.  If the DSP48 was instantiated in the design, it is suggested to set both the MREG and PREG attributes to 1 when performing multiply functions.
Related violations: <none>

DPOP-4#360 Warning
MREG Output pipelining  
DSP u_pw_unit/u_pw_mac1/p_0_out__32__0 multiplier stage u_pw_unit/u_pw_mac1/p_0_out__32__0/P[47:0] is not pipelined (MREG=0). Pipelining the multiplier function will improve performance and will save significant power so it is suggested whenever possible to fully pipeline this function.  If this multiplier was inferred, it is suggested to describe an additional register stage after this function.  If there is no registered adder/accumulator following the multiply function, two pipeline stages are suggested to allow both the MREG and PREG registers to be used.  If the DSP48 was instantiated in the design, it is suggested to set both the MREG and PREG attributes to 1 when performing multiply functions.
Related violations: <none>

DPOP-4#361 Warning
MREG Output pipelining  
DSP u_pw_unit/u_pw_mac1/p_0_out__32__1 multiplier stage u_pw_unit/u_pw_mac1/p_0_out__32__1/P[47:0] is not pipelined (MREG=0). Pipelining the multiplier function will improve performance and will save significant power so it is suggested whenever possible to fully pipeline this function.  If this multiplier was inferred, it is suggested to describe an additional register stage after this function.  If there is no registered adder/accumulator following the multiply function, two pipeline stages are suggested to allow both the MREG and PREG registers to be used.  If the DSP48 was instantiated in the design, it is suggested to set both the MREG and PREG attributes to 1 when performing multiply functions.
Related violations: <none>

DPOP-4#362 Warning
MREG Output pipelining  
DSP u_pw_unit/u_pw_mac1/p_0_out__32__2 multiplier stage u_pw_unit/u_pw_mac1/p_0_out__32__2/P[47:0] is not pipelined (MREG=0). Pipelining the multiplier function will improve performance and will save significant power so it is suggested whenever possible to fully pipeline this function.  If this multiplier was inferred, it is suggested to describe an additional register stage after this function.  If there is no registered adder/accumulator following the multiply function, two pipeline stages are suggested to allow both the MREG and PREG registers to be used.  If the DSP48 was instantiated in the design, it is suggested to set both the MREG and PREG attributes to 1 when performing multiply functions.
Related violations: <none>

DPOP-4#363 Warning
MREG Output pipelining  
DSP u_pw_unit/u_pw_mac1/p_0_out__33 multiplier stage u_pw_unit/u_pw_mac1/p_0_out__33/P[47:0] is not pipelined (MREG=0). Pipelining the multiplier function will improve performance and will save significant power so it is suggested whenever possible to fully pipeline this function.  If this multiplier was inferred, it is suggested to describe an additional register stage after this function.  If there is no registered adder/accumulator following the multiply function, two pipeline stages are suggested to allow both the MREG and PREG registers to be used.  If the DSP48 was instantiated in the design, it is suggested to set both the MREG and PREG attributes to 1 when performing multiply functions.
Related violations: <none>

DPOP-4#364 Warning
MREG Output pipelining  
DSP u_pw_unit/u_pw_mac1/p_0_out__33__0 multiplier stage u_pw_unit/u_pw_mac1/p_0_out__33__0/P[47:0] is not pipelined (MREG=0). Pipelining the multiplier function will improve performance and will save significant power so it is suggested whenever possible to fully pipeline this function.  If this multiplier was inferred, it is suggested to describe an additional register stage after this function.  If there is no registered adder/accumulator following the multiply function, two pipeline stages are suggested to allow both the MREG and PREG registers to be used.  If the DSP48 was instantiated in the design, it is suggested to set both the MREG and PREG attributes to 1 when performing multiply functions.
Related violations: <none>

DPOP-4#365 Warning
MREG Output pipelining  
DSP u_pw_unit/u_pw_mac1/p_0_out__33__1 multiplier stage u_pw_unit/u_pw_mac1/p_0_out__33__1/P[47:0] is not pipelined (MREG=0). Pipelining the multiplier function will improve performance and will save significant power so it is suggested whenever possible to fully pipeline this function.  If this multiplier was inferred, it is suggested to describe an additional register stage after this function.  If there is no registered adder/accumulator following the multiply function, two pipeline stages are suggested to allow both the MREG and PREG registers to be used.  If the DSP48 was instantiated in the design, it is suggested to set both the MREG and PREG attributes to 1 when performing multiply functions.
Related violations: <none>

DPOP-4#366 Warning
MREG Output pipelining  
DSP u_pw_unit/u_pw_mac1/p_0_out__33__2 multiplier stage u_pw_unit/u_pw_mac1/p_0_out__33__2/P[47:0] is not pipelined (MREG=0). Pipelining the multiplier function will improve performance and will save significant power so it is suggested whenever possible to fully pipeline this function.  If this multiplier was inferred, it is suggested to describe an additional register stage after this function.  If there is no registered adder/accumulator following the multiply function, two pipeline stages are suggested to allow both the MREG and PREG registers to be used.  If the DSP48 was instantiated in the design, it is suggested to set both the MREG and PREG attributes to 1 when performing multiply functions.
Related violations: <none>

DPOP-4#367 Warning
MREG Output pipelining  
DSP u_pw_unit/u_pw_mac1/p_0_out__34 multiplier stage u_pw_unit/u_pw_mac1/p_0_out__34/P[47:0] is not pipelined (MREG=0). Pipelining the multiplier function will improve performance and will save significant power so it is suggested whenever possible to fully pipeline this function.  If this multiplier was inferred, it is suggested to describe an additional register stage after this function.  If there is no registered adder/accumulator following the multiply function, two pipeline stages are suggested to allow both the MREG and PREG registers to be used.  If the DSP48 was instantiated in the design, it is suggested to set both the MREG and PREG attributes to 1 when performing multiply functions.
Related violations: <none>

DPOP-4#368 Warning
MREG Output pipelining  
DSP u_pw_unit/u_pw_mac1/p_0_out__34__0 multiplier stage u_pw_unit/u_pw_mac1/p_0_out__34__0/P[47:0] is not pipelined (MREG=0). Pipelining the multiplier function will improve performance and will save significant power so it is suggested whenever possible to fully pipeline this function.  If this multiplier was inferred, it is suggested to describe an additional register stage after this function.  If there is no registered adder/accumulator following the multiply function, two pipeline stages are suggested to allow both the MREG and PREG registers to be used.  If the DSP48 was instantiated in the design, it is suggested to set both the MREG and PREG attributes to 1 when performing multiply functions.
Related violations: <none>

DPOP-4#369 Warning
MREG Output pipelining  
DSP u_pw_unit/u_pw_mac1/p_0_out__34__1 multiplier stage u_pw_unit/u_pw_mac1/p_0_out__34__1/P[47:0] is not pipelined (MREG=0). Pipelining the multiplier function will improve performance and will save significant power so it is suggested whenever possible to fully pipeline this function.  If this multiplier was inferred, it is suggested to describe an additional register stage after this function.  If there is no registered adder/accumulator following the multiply function, two pipeline stages are suggested to allow both the MREG and PREG registers to be used.  If the DSP48 was instantiated in the design, it is suggested to set both the MREG and PREG attributes to 1 when performing multiply functions.
Related violations: <none>

DPOP-4#370 Warning
MREG Output pipelining  
DSP u_pw_unit/u_pw_mac1/p_0_out__34__2 multiplier stage u_pw_unit/u_pw_mac1/p_0_out__34__2/P[47:0] is not pipelined (MREG=0). Pipelining the multiplier function will improve performance and will save significant power so it is suggested whenever possible to fully pipeline this function.  If this multiplier was inferred, it is suggested to describe an additional register stage after this function.  If there is no registered adder/accumulator following the multiply function, two pipeline stages are suggested to allow both the MREG and PREG registers to be used.  If the DSP48 was instantiated in the design, it is suggested to set both the MREG and PREG attributes to 1 when performing multiply functions.
Related violations: <none>

DPOP-4#371 Warning
MREG Output pipelining  
DSP u_pw_unit/u_pw_mac1/p_0_out__35 multiplier stage u_pw_unit/u_pw_mac1/p_0_out__35/P[47:0] is not pipelined (MREG=0). Pipelining the multiplier function will improve performance and will save significant power so it is suggested whenever possible to fully pipeline this function.  If this multiplier was inferred, it is suggested to describe an additional register stage after this function.  If there is no registered adder/accumulator following the multiply function, two pipeline stages are suggested to allow both the MREG and PREG registers to be used.  If the DSP48 was instantiated in the design, it is suggested to set both the MREG and PREG attributes to 1 when performing multiply functions.
Related violations: <none>

DPOP-4#372 Warning
MREG Output pipelining  
DSP u_pw_unit/u_pw_mac1/p_0_out__35__0 multiplier stage u_pw_unit/u_pw_mac1/p_0_out__35__0/P[47:0] is not pipelined (MREG=0). Pipelining the multiplier function will improve performance and will save significant power so it is suggested whenever possible to fully pipeline this function.  If this multiplier was inferred, it is suggested to describe an additional register stage after this function.  If there is no registered adder/accumulator following the multiply function, two pipeline stages are suggested to allow both the MREG and PREG registers to be used.  If the DSP48 was instantiated in the design, it is suggested to set both the MREG and PREG attributes to 1 when performing multiply functions.
Related violations: <none>

DPOP-4#373 Warning
MREG Output pipelining  
DSP u_pw_unit/u_pw_mac1/p_0_out__35__1 multiplier stage u_pw_unit/u_pw_mac1/p_0_out__35__1/P[47:0] is not pipelined (MREG=0). Pipelining the multiplier function will improve performance and will save significant power so it is suggested whenever possible to fully pipeline this function.  If this multiplier was inferred, it is suggested to describe an additional register stage after this function.  If there is no registered adder/accumulator following the multiply function, two pipeline stages are suggested to allow both the MREG and PREG registers to be used.  If the DSP48 was instantiated in the design, it is suggested to set both the MREG and PREG attributes to 1 when performing multiply functions.
Related violations: <none>

DPOP-4#374 Warning
MREG Output pipelining  
DSP u_pw_unit/u_pw_mac1/p_0_out__35__2 multiplier stage u_pw_unit/u_pw_mac1/p_0_out__35__2/P[47:0] is not pipelined (MREG=0). Pipelining the multiplier function will improve performance and will save significant power so it is suggested whenever possible to fully pipeline this function.  If this multiplier was inferred, it is suggested to describe an additional register stage after this function.  If there is no registered adder/accumulator following the multiply function, two pipeline stages are suggested to allow both the MREG and PREG registers to be used.  If the DSP48 was instantiated in the design, it is suggested to set both the MREG and PREG attributes to 1 when performing multiply functions.
Related violations: <none>

DPOP-4#375 Warning
MREG Output pipelining  
DSP u_pw_unit/u_pw_mac1/p_0_out__36 multiplier stage u_pw_unit/u_pw_mac1/p_0_out__36/P[47:0] is not pipelined (MREG=0). Pipelining the multiplier function will improve performance and will save significant power so it is suggested whenever possible to fully pipeline this function.  If this multiplier was inferred, it is suggested to describe an additional register stage after this function.  If there is no registered adder/accumulator following the multiply function, two pipeline stages are suggested to allow both the MREG and PREG registers to be used.  If the DSP48 was instantiated in the design, it is suggested to set both the MREG and PREG attributes to 1 when performing multiply functions.
Related violations: <none>

DPOP-4#376 Warning
MREG Output pipelining  
DSP u_pw_unit/u_pw_mac1/p_0_out__36__0 multiplier stage u_pw_unit/u_pw_mac1/p_0_out__36__0/P[47:0] is not pipelined (MREG=0). Pipelining the multiplier function will improve performance and will save significant power so it is suggested whenever possible to fully pipeline this function.  If this multiplier was inferred, it is suggested to describe an additional register stage after this function.  If there is no registered adder/accumulator following the multiply function, two pipeline stages are suggested to allow both the MREG and PREG registers to be used.  If the DSP48 was instantiated in the design, it is suggested to set both the MREG and PREG attributes to 1 when performing multiply functions.
Related violations: <none>

DPOP-4#377 Warning
MREG Output pipelining  
DSP u_pw_unit/u_pw_mac1/p_0_out__36__1 multiplier stage u_pw_unit/u_pw_mac1/p_0_out__36__1/P[47:0] is not pipelined (MREG=0). Pipelining the multiplier function will improve performance and will save significant power so it is suggested whenever possible to fully pipeline this function.  If this multiplier was inferred, it is suggested to describe an additional register stage after this function.  If there is no registered adder/accumulator following the multiply function, two pipeline stages are suggested to allow both the MREG and PREG registers to be used.  If the DSP48 was instantiated in the design, it is suggested to set both the MREG and PREG attributes to 1 when performing multiply functions.
Related violations: <none>

DPOP-4#378 Warning
MREG Output pipelining  
DSP u_pw_unit/u_pw_mac1/p_0_out__36__2 multiplier stage u_pw_unit/u_pw_mac1/p_0_out__36__2/P[47:0] is not pipelined (MREG=0). Pipelining the multiplier function will improve performance and will save significant power so it is suggested whenever possible to fully pipeline this function.  If this multiplier was inferred, it is suggested to describe an additional register stage after this function.  If there is no registered adder/accumulator following the multiply function, two pipeline stages are suggested to allow both the MREG and PREG registers to be used.  If the DSP48 was instantiated in the design, it is suggested to set both the MREG and PREG attributes to 1 when performing multiply functions.
Related violations: <none>

DPOP-4#379 Warning
MREG Output pipelining  
DSP u_pw_unit/u_pw_mac1/p_0_out__37 multiplier stage u_pw_unit/u_pw_mac1/p_0_out__37/P[47:0] is not pipelined (MREG=0). Pipelining the multiplier function will improve performance and will save significant power so it is suggested whenever possible to fully pipeline this function.  If this multiplier was inferred, it is suggested to describe an additional register stage after this function.  If there is no registered adder/accumulator following the multiply function, two pipeline stages are suggested to allow both the MREG and PREG registers to be used.  If the DSP48 was instantiated in the design, it is suggested to set both the MREG and PREG attributes to 1 when performing multiply functions.
Related violations: <none>

DPOP-4#380 Warning
MREG Output pipelining  
DSP u_pw_unit/u_pw_mac1/p_0_out__37__0 multiplier stage u_pw_unit/u_pw_mac1/p_0_out__37__0/P[47:0] is not pipelined (MREG=0). Pipelining the multiplier function will improve performance and will save significant power so it is suggested whenever possible to fully pipeline this function.  If this multiplier was inferred, it is suggested to describe an additional register stage after this function.  If there is no registered adder/accumulator following the multiply function, two pipeline stages are suggested to allow both the MREG and PREG registers to be used.  If the DSP48 was instantiated in the design, it is suggested to set both the MREG and PREG attributes to 1 when performing multiply functions.
Related violations: <none>

DPOP-4#381 Warning
MREG Output pipelining  
DSP u_pw_unit/u_pw_mac1/p_0_out__37__1 multiplier stage u_pw_unit/u_pw_mac1/p_0_out__37__1/P[47:0] is not pipelined (MREG=0). Pipelining the multiplier function will improve performance and will save significant power so it is suggested whenever possible to fully pipeline this function.  If this multiplier was inferred, it is suggested to describe an additional register stage after this function.  If there is no registered adder/accumulator following the multiply function, two pipeline stages are suggested to allow both the MREG and PREG registers to be used.  If the DSP48 was instantiated in the design, it is suggested to set both the MREG and PREG attributes to 1 when performing multiply functions.
Related violations: <none>

DPOP-4#382 Warning
MREG Output pipelining  
DSP u_pw_unit/u_pw_mac1/p_0_out__37__2 multiplier stage u_pw_unit/u_pw_mac1/p_0_out__37__2/P[47:0] is not pipelined (MREG=0). Pipelining the multiplier function will improve performance and will save significant power so it is suggested whenever possible to fully pipeline this function.  If this multiplier was inferred, it is suggested to describe an additional register stage after this function.  If there is no registered adder/accumulator following the multiply function, two pipeline stages are suggested to allow both the MREG and PREG registers to be used.  If the DSP48 was instantiated in the design, it is suggested to set both the MREG and PREG attributes to 1 when performing multiply functions.
Related violations: <none>

DPOP-4#383 Warning
MREG Output pipelining  
DSP u_pw_unit/u_pw_mac1/p_0_out__38 multiplier stage u_pw_unit/u_pw_mac1/p_0_out__38/P[47:0] is not pipelined (MREG=0). Pipelining the multiplier function will improve performance and will save significant power so it is suggested whenever possible to fully pipeline this function.  If this multiplier was inferred, it is suggested to describe an additional register stage after this function.  If there is no registered adder/accumulator following the multiply function, two pipeline stages are suggested to allow both the MREG and PREG registers to be used.  If the DSP48 was instantiated in the design, it is suggested to set both the MREG and PREG attributes to 1 when performing multiply functions.
Related violations: <none>

DPOP-4#384 Warning
MREG Output pipelining  
DSP u_pw_unit/u_pw_mac1/p_0_out__38__0 multiplier stage u_pw_unit/u_pw_mac1/p_0_out__38__0/P[47:0] is not pipelined (MREG=0). Pipelining the multiplier function will improve performance and will save significant power so it is suggested whenever possible to fully pipeline this function.  If this multiplier was inferred, it is suggested to describe an additional register stage after this function.  If there is no registered adder/accumulator following the multiply function, two pipeline stages are suggested to allow both the MREG and PREG registers to be used.  If the DSP48 was instantiated in the design, it is suggested to set both the MREG and PREG attributes to 1 when performing multiply functions.
Related violations: <none>

DPOP-4#385 Warning
MREG Output pipelining  
DSP u_pw_unit/u_pw_mac1/p_0_out__38__1 multiplier stage u_pw_unit/u_pw_mac1/p_0_out__38__1/P[47:0] is not pipelined (MREG=0). Pipelining the multiplier function will improve performance and will save significant power so it is suggested whenever possible to fully pipeline this function.  If this multiplier was inferred, it is suggested to describe an additional register stage after this function.  If there is no registered adder/accumulator following the multiply function, two pipeline stages are suggested to allow both the MREG and PREG registers to be used.  If the DSP48 was instantiated in the design, it is suggested to set both the MREG and PREG attributes to 1 when performing multiply functions.
Related violations: <none>

DPOP-4#386 Warning
MREG Output pipelining  
DSP u_pw_unit/u_pw_mac1/p_0_out__38__2 multiplier stage u_pw_unit/u_pw_mac1/p_0_out__38__2/P[47:0] is not pipelined (MREG=0). Pipelining the multiplier function will improve performance and will save significant power so it is suggested whenever possible to fully pipeline this function.  If this multiplier was inferred, it is suggested to describe an additional register stage after this function.  If there is no registered adder/accumulator following the multiply function, two pipeline stages are suggested to allow both the MREG and PREG registers to be used.  If the DSP48 was instantiated in the design, it is suggested to set both the MREG and PREG attributes to 1 when performing multiply functions.
Related violations: <none>

DPOP-4#387 Warning
MREG Output pipelining  
DSP u_pw_unit/u_pw_mac1/p_0_out__39 multiplier stage u_pw_unit/u_pw_mac1/p_0_out__39/P[47:0] is not pipelined (MREG=0). Pipelining the multiplier function will improve performance and will save significant power so it is suggested whenever possible to fully pipeline this function.  If this multiplier was inferred, it is suggested to describe an additional register stage after this function.  If there is no registered adder/accumulator following the multiply function, two pipeline stages are suggested to allow both the MREG and PREG registers to be used.  If the DSP48 was instantiated in the design, it is suggested to set both the MREG and PREG attributes to 1 when performing multiply functions.
Related violations: <none>

DPOP-4#388 Warning
MREG Output pipelining  
DSP u_pw_unit/u_pw_mac1/p_0_out__39__0 multiplier stage u_pw_unit/u_pw_mac1/p_0_out__39__0/P[47:0] is not pipelined (MREG=0). Pipelining the multiplier function will improve performance and will save significant power so it is suggested whenever possible to fully pipeline this function.  If this multiplier was inferred, it is suggested to describe an additional register stage after this function.  If there is no registered adder/accumulator following the multiply function, two pipeline stages are suggested to allow both the MREG and PREG registers to be used.  If the DSP48 was instantiated in the design, it is suggested to set both the MREG and PREG attributes to 1 when performing multiply functions.
Related violations: <none>

DPOP-4#389 Warning
MREG Output pipelining  
DSP u_pw_unit/u_pw_mac1/p_0_out__39__1 multiplier stage u_pw_unit/u_pw_mac1/p_0_out__39__1/P[47:0] is not pipelined (MREG=0). Pipelining the multiplier function will improve performance and will save significant power so it is suggested whenever possible to fully pipeline this function.  If this multiplier was inferred, it is suggested to describe an additional register stage after this function.  If there is no registered adder/accumulator following the multiply function, two pipeline stages are suggested to allow both the MREG and PREG registers to be used.  If the DSP48 was instantiated in the design, it is suggested to set both the MREG and PREG attributes to 1 when performing multiply functions.
Related violations: <none>

DPOP-4#390 Warning
MREG Output pipelining  
DSP u_pw_unit/u_pw_mac1/p_0_out__39__2 multiplier stage u_pw_unit/u_pw_mac1/p_0_out__39__2/P[47:0] is not pipelined (MREG=0). Pipelining the multiplier function will improve performance and will save significant power so it is suggested whenever possible to fully pipeline this function.  If this multiplier was inferred, it is suggested to describe an additional register stage after this function.  If there is no registered adder/accumulator following the multiply function, two pipeline stages are suggested to allow both the MREG and PREG registers to be used.  If the DSP48 was instantiated in the design, it is suggested to set both the MREG and PREG attributes to 1 when performing multiply functions.
Related violations: <none>

DPOP-4#391 Warning
MREG Output pipelining  
DSP u_pw_unit/u_pw_mac1/p_0_out__3__0 multiplier stage u_pw_unit/u_pw_mac1/p_0_out__3__0/P[47:0] is not pipelined (MREG=0). Pipelining the multiplier function will improve performance and will save significant power so it is suggested whenever possible to fully pipeline this function.  If this multiplier was inferred, it is suggested to describe an additional register stage after this function.  If there is no registered adder/accumulator following the multiply function, two pipeline stages are suggested to allow both the MREG and PREG registers to be used.  If the DSP48 was instantiated in the design, it is suggested to set both the MREG and PREG attributes to 1 when performing multiply functions.
Related violations: <none>

DPOP-4#392 Warning
MREG Output pipelining  
DSP u_pw_unit/u_pw_mac1/p_0_out__3__1 multiplier stage u_pw_unit/u_pw_mac1/p_0_out__3__1/P[47:0] is not pipelined (MREG=0). Pipelining the multiplier function will improve performance and will save significant power so it is suggested whenever possible to fully pipeline this function.  If this multiplier was inferred, it is suggested to describe an additional register stage after this function.  If there is no registered adder/accumulator following the multiply function, two pipeline stages are suggested to allow both the MREG and PREG registers to be used.  If the DSP48 was instantiated in the design, it is suggested to set both the MREG and PREG attributes to 1 when performing multiply functions.
Related violations: <none>

DPOP-4#393 Warning
MREG Output pipelining  
DSP u_pw_unit/u_pw_mac1/p_0_out__3__2 multiplier stage u_pw_unit/u_pw_mac1/p_0_out__3__2/P[47:0] is not pipelined (MREG=0). Pipelining the multiplier function will improve performance and will save significant power so it is suggested whenever possible to fully pipeline this function.  If this multiplier was inferred, it is suggested to describe an additional register stage after this function.  If there is no registered adder/accumulator following the multiply function, two pipeline stages are suggested to allow both the MREG and PREG registers to be used.  If the DSP48 was instantiated in the design, it is suggested to set both the MREG and PREG attributes to 1 when performing multiply functions.
Related violations: <none>

DPOP-4#394 Warning
MREG Output pipelining  
DSP u_pw_unit/u_pw_mac1/p_0_out__4 multiplier stage u_pw_unit/u_pw_mac1/p_0_out__4/P[47:0] is not pipelined (MREG=0). Pipelining the multiplier function will improve performance and will save significant power so it is suggested whenever possible to fully pipeline this function.  If this multiplier was inferred, it is suggested to describe an additional register stage after this function.  If there is no registered adder/accumulator following the multiply function, two pipeline stages are suggested to allow both the MREG and PREG registers to be used.  If the DSP48 was instantiated in the design, it is suggested to set both the MREG and PREG attributes to 1 when performing multiply functions.
Related violations: <none>

DPOP-4#395 Warning
MREG Output pipelining  
DSP u_pw_unit/u_pw_mac1/p_0_out__40 multiplier stage u_pw_unit/u_pw_mac1/p_0_out__40/P[47:0] is not pipelined (MREG=0). Pipelining the multiplier function will improve performance and will save significant power so it is suggested whenever possible to fully pipeline this function.  If this multiplier was inferred, it is suggested to describe an additional register stage after this function.  If there is no registered adder/accumulator following the multiply function, two pipeline stages are suggested to allow both the MREG and PREG registers to be used.  If the DSP48 was instantiated in the design, it is suggested to set both the MREG and PREG attributes to 1 when performing multiply functions.
Related violations: <none>

DPOP-4#396 Warning
MREG Output pipelining  
DSP u_pw_unit/u_pw_mac1/p_0_out__40__0 multiplier stage u_pw_unit/u_pw_mac1/p_0_out__40__0/P[47:0] is not pipelined (MREG=0). Pipelining the multiplier function will improve performance and will save significant power so it is suggested whenever possible to fully pipeline this function.  If this multiplier was inferred, it is suggested to describe an additional register stage after this function.  If there is no registered adder/accumulator following the multiply function, two pipeline stages are suggested to allow both the MREG and PREG registers to be used.  If the DSP48 was instantiated in the design, it is suggested to set both the MREG and PREG attributes to 1 when performing multiply functions.
Related violations: <none>

DPOP-4#397 Warning
MREG Output pipelining  
DSP u_pw_unit/u_pw_mac1/p_0_out__40__1 multiplier stage u_pw_unit/u_pw_mac1/p_0_out__40__1/P[47:0] is not pipelined (MREG=0). Pipelining the multiplier function will improve performance and will save significant power so it is suggested whenever possible to fully pipeline this function.  If this multiplier was inferred, it is suggested to describe an additional register stage after this function.  If there is no registered adder/accumulator following the multiply function, two pipeline stages are suggested to allow both the MREG and PREG registers to be used.  If the DSP48 was instantiated in the design, it is suggested to set both the MREG and PREG attributes to 1 when performing multiply functions.
Related violations: <none>

DPOP-4#398 Warning
MREG Output pipelining  
DSP u_pw_unit/u_pw_mac1/p_0_out__40__2 multiplier stage u_pw_unit/u_pw_mac1/p_0_out__40__2/P[47:0] is not pipelined (MREG=0). Pipelining the multiplier function will improve performance and will save significant power so it is suggested whenever possible to fully pipeline this function.  If this multiplier was inferred, it is suggested to describe an additional register stage after this function.  If there is no registered adder/accumulator following the multiply function, two pipeline stages are suggested to allow both the MREG and PREG registers to be used.  If the DSP48 was instantiated in the design, it is suggested to set both the MREG and PREG attributes to 1 when performing multiply functions.
Related violations: <none>

DPOP-4#399 Warning
MREG Output pipelining  
DSP u_pw_unit/u_pw_mac1/p_0_out__41 multiplier stage u_pw_unit/u_pw_mac1/p_0_out__41/P[47:0] is not pipelined (MREG=0). Pipelining the multiplier function will improve performance and will save significant power so it is suggested whenever possible to fully pipeline this function.  If this multiplier was inferred, it is suggested to describe an additional register stage after this function.  If there is no registered adder/accumulator following the multiply function, two pipeline stages are suggested to allow both the MREG and PREG registers to be used.  If the DSP48 was instantiated in the design, it is suggested to set both the MREG and PREG attributes to 1 when performing multiply functions.
Related violations: <none>

DPOP-4#400 Warning
MREG Output pipelining  
DSP u_pw_unit/u_pw_mac1/p_0_out__41__0 multiplier stage u_pw_unit/u_pw_mac1/p_0_out__41__0/P[47:0] is not pipelined (MREG=0). Pipelining the multiplier function will improve performance and will save significant power so it is suggested whenever possible to fully pipeline this function.  If this multiplier was inferred, it is suggested to describe an additional register stage after this function.  If there is no registered adder/accumulator following the multiply function, two pipeline stages are suggested to allow both the MREG and PREG registers to be used.  If the DSP48 was instantiated in the design, it is suggested to set both the MREG and PREG attributes to 1 when performing multiply functions.
Related violations: <none>

DPOP-4#401 Warning
MREG Output pipelining  
DSP u_pw_unit/u_pw_mac1/p_0_out__41__1 multiplier stage u_pw_unit/u_pw_mac1/p_0_out__41__1/P[47:0] is not pipelined (MREG=0). Pipelining the multiplier function will improve performance and will save significant power so it is suggested whenever possible to fully pipeline this function.  If this multiplier was inferred, it is suggested to describe an additional register stage after this function.  If there is no registered adder/accumulator following the multiply function, two pipeline stages are suggested to allow both the MREG and PREG registers to be used.  If the DSP48 was instantiated in the design, it is suggested to set both the MREG and PREG attributes to 1 when performing multiply functions.
Related violations: <none>

DPOP-4#402 Warning
MREG Output pipelining  
DSP u_pw_unit/u_pw_mac1/p_0_out__41__2 multiplier stage u_pw_unit/u_pw_mac1/p_0_out__41__2/P[47:0] is not pipelined (MREG=0). Pipelining the multiplier function will improve performance and will save significant power so it is suggested whenever possible to fully pipeline this function.  If this multiplier was inferred, it is suggested to describe an additional register stage after this function.  If there is no registered adder/accumulator following the multiply function, two pipeline stages are suggested to allow both the MREG and PREG registers to be used.  If the DSP48 was instantiated in the design, it is suggested to set both the MREG and PREG attributes to 1 when performing multiply functions.
Related violations: <none>

DPOP-4#403 Warning
MREG Output pipelining  
DSP u_pw_unit/u_pw_mac1/p_0_out__42 multiplier stage u_pw_unit/u_pw_mac1/p_0_out__42/P[47:0] is not pipelined (MREG=0). Pipelining the multiplier function will improve performance and will save significant power so it is suggested whenever possible to fully pipeline this function.  If this multiplier was inferred, it is suggested to describe an additional register stage after this function.  If there is no registered adder/accumulator following the multiply function, two pipeline stages are suggested to allow both the MREG and PREG registers to be used.  If the DSP48 was instantiated in the design, it is suggested to set both the MREG and PREG attributes to 1 when performing multiply functions.
Related violations: <none>

DPOP-4#404 Warning
MREG Output pipelining  
DSP u_pw_unit/u_pw_mac1/p_0_out__42__0 multiplier stage u_pw_unit/u_pw_mac1/p_0_out__42__0/P[47:0] is not pipelined (MREG=0). Pipelining the multiplier function will improve performance and will save significant power so it is suggested whenever possible to fully pipeline this function.  If this multiplier was inferred, it is suggested to describe an additional register stage after this function.  If there is no registered adder/accumulator following the multiply function, two pipeline stages are suggested to allow both the MREG and PREG registers to be used.  If the DSP48 was instantiated in the design, it is suggested to set both the MREG and PREG attributes to 1 when performing multiply functions.
Related violations: <none>

DPOP-4#405 Warning
MREG Output pipelining  
DSP u_pw_unit/u_pw_mac1/p_0_out__42__1 multiplier stage u_pw_unit/u_pw_mac1/p_0_out__42__1/P[47:0] is not pipelined (MREG=0). Pipelining the multiplier function will improve performance and will save significant power so it is suggested whenever possible to fully pipeline this function.  If this multiplier was inferred, it is suggested to describe an additional register stage after this function.  If there is no registered adder/accumulator following the multiply function, two pipeline stages are suggested to allow both the MREG and PREG registers to be used.  If the DSP48 was instantiated in the design, it is suggested to set both the MREG and PREG attributes to 1 when performing multiply functions.
Related violations: <none>

DPOP-4#406 Warning
MREG Output pipelining  
DSP u_pw_unit/u_pw_mac1/p_0_out__42__2 multiplier stage u_pw_unit/u_pw_mac1/p_0_out__42__2/P[47:0] is not pipelined (MREG=0). Pipelining the multiplier function will improve performance and will save significant power so it is suggested whenever possible to fully pipeline this function.  If this multiplier was inferred, it is suggested to describe an additional register stage after this function.  If there is no registered adder/accumulator following the multiply function, two pipeline stages are suggested to allow both the MREG and PREG registers to be used.  If the DSP48 was instantiated in the design, it is suggested to set both the MREG and PREG attributes to 1 when performing multiply functions.
Related violations: <none>

DPOP-4#407 Warning
MREG Output pipelining  
DSP u_pw_unit/u_pw_mac1/p_0_out__43 multiplier stage u_pw_unit/u_pw_mac1/p_0_out__43/P[47:0] is not pipelined (MREG=0). Pipelining the multiplier function will improve performance and will save significant power so it is suggested whenever possible to fully pipeline this function.  If this multiplier was inferred, it is suggested to describe an additional register stage after this function.  If there is no registered adder/accumulator following the multiply function, two pipeline stages are suggested to allow both the MREG and PREG registers to be used.  If the DSP48 was instantiated in the design, it is suggested to set both the MREG and PREG attributes to 1 when performing multiply functions.
Related violations: <none>

DPOP-4#408 Warning
MREG Output pipelining  
DSP u_pw_unit/u_pw_mac1/p_0_out__43__0 multiplier stage u_pw_unit/u_pw_mac1/p_0_out__43__0/P[47:0] is not pipelined (MREG=0). Pipelining the multiplier function will improve performance and will save significant power so it is suggested whenever possible to fully pipeline this function.  If this multiplier was inferred, it is suggested to describe an additional register stage after this function.  If there is no registered adder/accumulator following the multiply function, two pipeline stages are suggested to allow both the MREG and PREG registers to be used.  If the DSP48 was instantiated in the design, it is suggested to set both the MREG and PREG attributes to 1 when performing multiply functions.
Related violations: <none>

DPOP-4#409 Warning
MREG Output pipelining  
DSP u_pw_unit/u_pw_mac1/p_0_out__43__1 multiplier stage u_pw_unit/u_pw_mac1/p_0_out__43__1/P[47:0] is not pipelined (MREG=0). Pipelining the multiplier function will improve performance and will save significant power so it is suggested whenever possible to fully pipeline this function.  If this multiplier was inferred, it is suggested to describe an additional register stage after this function.  If there is no registered adder/accumulator following the multiply function, two pipeline stages are suggested to allow both the MREG and PREG registers to be used.  If the DSP48 was instantiated in the design, it is suggested to set both the MREG and PREG attributes to 1 when performing multiply functions.
Related violations: <none>

DPOP-4#410 Warning
MREG Output pipelining  
DSP u_pw_unit/u_pw_mac1/p_0_out__43__2 multiplier stage u_pw_unit/u_pw_mac1/p_0_out__43__2/P[47:0] is not pipelined (MREG=0). Pipelining the multiplier function will improve performance and will save significant power so it is suggested whenever possible to fully pipeline this function.  If this multiplier was inferred, it is suggested to describe an additional register stage after this function.  If there is no registered adder/accumulator following the multiply function, two pipeline stages are suggested to allow both the MREG and PREG registers to be used.  If the DSP48 was instantiated in the design, it is suggested to set both the MREG and PREG attributes to 1 when performing multiply functions.
Related violations: <none>

DPOP-4#411 Warning
MREG Output pipelining  
DSP u_pw_unit/u_pw_mac1/p_0_out__44 multiplier stage u_pw_unit/u_pw_mac1/p_0_out__44/P[47:0] is not pipelined (MREG=0). Pipelining the multiplier function will improve performance and will save significant power so it is suggested whenever possible to fully pipeline this function.  If this multiplier was inferred, it is suggested to describe an additional register stage after this function.  If there is no registered adder/accumulator following the multiply function, two pipeline stages are suggested to allow both the MREG and PREG registers to be used.  If the DSP48 was instantiated in the design, it is suggested to set both the MREG and PREG attributes to 1 when performing multiply functions.
Related violations: <none>

DPOP-4#412 Warning
MREG Output pipelining  
DSP u_pw_unit/u_pw_mac1/p_0_out__44__0 multiplier stage u_pw_unit/u_pw_mac1/p_0_out__44__0/P[47:0] is not pipelined (MREG=0). Pipelining the multiplier function will improve performance and will save significant power so it is suggested whenever possible to fully pipeline this function.  If this multiplier was inferred, it is suggested to describe an additional register stage after this function.  If there is no registered adder/accumulator following the multiply function, two pipeline stages are suggested to allow both the MREG and PREG registers to be used.  If the DSP48 was instantiated in the design, it is suggested to set both the MREG and PREG attributes to 1 when performing multiply functions.
Related violations: <none>

DPOP-4#413 Warning
MREG Output pipelining  
DSP u_pw_unit/u_pw_mac1/p_0_out__44__1 multiplier stage u_pw_unit/u_pw_mac1/p_0_out__44__1/P[47:0] is not pipelined (MREG=0). Pipelining the multiplier function will improve performance and will save significant power so it is suggested whenever possible to fully pipeline this function.  If this multiplier was inferred, it is suggested to describe an additional register stage after this function.  If there is no registered adder/accumulator following the multiply function, two pipeline stages are suggested to allow both the MREG and PREG registers to be used.  If the DSP48 was instantiated in the design, it is suggested to set both the MREG and PREG attributes to 1 when performing multiply functions.
Related violations: <none>

DPOP-4#414 Warning
MREG Output pipelining  
DSP u_pw_unit/u_pw_mac1/p_0_out__44__2 multiplier stage u_pw_unit/u_pw_mac1/p_0_out__44__2/P[47:0] is not pipelined (MREG=0). Pipelining the multiplier function will improve performance and will save significant power so it is suggested whenever possible to fully pipeline this function.  If this multiplier was inferred, it is suggested to describe an additional register stage after this function.  If there is no registered adder/accumulator following the multiply function, two pipeline stages are suggested to allow both the MREG and PREG registers to be used.  If the DSP48 was instantiated in the design, it is suggested to set both the MREG and PREG attributes to 1 when performing multiply functions.
Related violations: <none>

DPOP-4#415 Warning
MREG Output pipelining  
DSP u_pw_unit/u_pw_mac1/p_0_out__45 multiplier stage u_pw_unit/u_pw_mac1/p_0_out__45/P[47:0] is not pipelined (MREG=0). Pipelining the multiplier function will improve performance and will save significant power so it is suggested whenever possible to fully pipeline this function.  If this multiplier was inferred, it is suggested to describe an additional register stage after this function.  If there is no registered adder/accumulator following the multiply function, two pipeline stages are suggested to allow both the MREG and PREG registers to be used.  If the DSP48 was instantiated in the design, it is suggested to set both the MREG and PREG attributes to 1 when performing multiply functions.
Related violations: <none>

DPOP-4#416 Warning
MREG Output pipelining  
DSP u_pw_unit/u_pw_mac1/p_0_out__45__0 multiplier stage u_pw_unit/u_pw_mac1/p_0_out__45__0/P[47:0] is not pipelined (MREG=0). Pipelining the multiplier function will improve performance and will save significant power so it is suggested whenever possible to fully pipeline this function.  If this multiplier was inferred, it is suggested to describe an additional register stage after this function.  If there is no registered adder/accumulator following the multiply function, two pipeline stages are suggested to allow both the MREG and PREG registers to be used.  If the DSP48 was instantiated in the design, it is suggested to set both the MREG and PREG attributes to 1 when performing multiply functions.
Related violations: <none>

DPOP-4#417 Warning
MREG Output pipelining  
DSP u_pw_unit/u_pw_mac1/p_0_out__45__1 multiplier stage u_pw_unit/u_pw_mac1/p_0_out__45__1/P[47:0] is not pipelined (MREG=0). Pipelining the multiplier function will improve performance and will save significant power so it is suggested whenever possible to fully pipeline this function.  If this multiplier was inferred, it is suggested to describe an additional register stage after this function.  If there is no registered adder/accumulator following the multiply function, two pipeline stages are suggested to allow both the MREG and PREG registers to be used.  If the DSP48 was instantiated in the design, it is suggested to set both the MREG and PREG attributes to 1 when performing multiply functions.
Related violations: <none>

DPOP-4#418 Warning
MREG Output pipelining  
DSP u_pw_unit/u_pw_mac1/p_0_out__45__2 multiplier stage u_pw_unit/u_pw_mac1/p_0_out__45__2/P[47:0] is not pipelined (MREG=0). Pipelining the multiplier function will improve performance and will save significant power so it is suggested whenever possible to fully pipeline this function.  If this multiplier was inferred, it is suggested to describe an additional register stage after this function.  If there is no registered adder/accumulator following the multiply function, two pipeline stages are suggested to allow both the MREG and PREG registers to be used.  If the DSP48 was instantiated in the design, it is suggested to set both the MREG and PREG attributes to 1 when performing multiply functions.
Related violations: <none>

DPOP-4#419 Warning
MREG Output pipelining  
DSP u_pw_unit/u_pw_mac1/p_0_out__46 multiplier stage u_pw_unit/u_pw_mac1/p_0_out__46/P[47:0] is not pipelined (MREG=0). Pipelining the multiplier function will improve performance and will save significant power so it is suggested whenever possible to fully pipeline this function.  If this multiplier was inferred, it is suggested to describe an additional register stage after this function.  If there is no registered adder/accumulator following the multiply function, two pipeline stages are suggested to allow both the MREG and PREG registers to be used.  If the DSP48 was instantiated in the design, it is suggested to set both the MREG and PREG attributes to 1 when performing multiply functions.
Related violations: <none>

DPOP-4#420 Warning
MREG Output pipelining  
DSP u_pw_unit/u_pw_mac1/p_0_out__46__0 multiplier stage u_pw_unit/u_pw_mac1/p_0_out__46__0/P[47:0] is not pipelined (MREG=0). Pipelining the multiplier function will improve performance and will save significant power so it is suggested whenever possible to fully pipeline this function.  If this multiplier was inferred, it is suggested to describe an additional register stage after this function.  If there is no registered adder/accumulator following the multiply function, two pipeline stages are suggested to allow both the MREG and PREG registers to be used.  If the DSP48 was instantiated in the design, it is suggested to set both the MREG and PREG attributes to 1 when performing multiply functions.
Related violations: <none>

DPOP-4#421 Warning
MREG Output pipelining  
DSP u_pw_unit/u_pw_mac1/p_0_out__46__1 multiplier stage u_pw_unit/u_pw_mac1/p_0_out__46__1/P[47:0] is not pipelined (MREG=0). Pipelining the multiplier function will improve performance and will save significant power so it is suggested whenever possible to fully pipeline this function.  If this multiplier was inferred, it is suggested to describe an additional register stage after this function.  If there is no registered adder/accumulator following the multiply function, two pipeline stages are suggested to allow both the MREG and PREG registers to be used.  If the DSP48 was instantiated in the design, it is suggested to set both the MREG and PREG attributes to 1 when performing multiply functions.
Related violations: <none>

DPOP-4#422 Warning
MREG Output pipelining  
DSP u_pw_unit/u_pw_mac1/p_0_out__46__2 multiplier stage u_pw_unit/u_pw_mac1/p_0_out__46__2/P[47:0] is not pipelined (MREG=0). Pipelining the multiplier function will improve performance and will save significant power so it is suggested whenever possible to fully pipeline this function.  If this multiplier was inferred, it is suggested to describe an additional register stage after this function.  If there is no registered adder/accumulator following the multiply function, two pipeline stages are suggested to allow both the MREG and PREG registers to be used.  If the DSP48 was instantiated in the design, it is suggested to set both the MREG and PREG attributes to 1 when performing multiply functions.
Related violations: <none>

DPOP-4#423 Warning
MREG Output pipelining  
DSP u_pw_unit/u_pw_mac1/p_0_out__47 multiplier stage u_pw_unit/u_pw_mac1/p_0_out__47/P[47:0] is not pipelined (MREG=0). Pipelining the multiplier function will improve performance and will save significant power so it is suggested whenever possible to fully pipeline this function.  If this multiplier was inferred, it is suggested to describe an additional register stage after this function.  If there is no registered adder/accumulator following the multiply function, two pipeline stages are suggested to allow both the MREG and PREG registers to be used.  If the DSP48 was instantiated in the design, it is suggested to set both the MREG and PREG attributes to 1 when performing multiply functions.
Related violations: <none>

DPOP-4#424 Warning
MREG Output pipelining  
DSP u_pw_unit/u_pw_mac1/p_0_out__47__0 multiplier stage u_pw_unit/u_pw_mac1/p_0_out__47__0/P[47:0] is not pipelined (MREG=0). Pipelining the multiplier function will improve performance and will save significant power so it is suggested whenever possible to fully pipeline this function.  If this multiplier was inferred, it is suggested to describe an additional register stage after this function.  If there is no registered adder/accumulator following the multiply function, two pipeline stages are suggested to allow both the MREG and PREG registers to be used.  If the DSP48 was instantiated in the design, it is suggested to set both the MREG and PREG attributes to 1 when performing multiply functions.
Related violations: <none>

DPOP-4#425 Warning
MREG Output pipelining  
DSP u_pw_unit/u_pw_mac1/p_0_out__47__1 multiplier stage u_pw_unit/u_pw_mac1/p_0_out__47__1/P[47:0] is not pipelined (MREG=0). Pipelining the multiplier function will improve performance and will save significant power so it is suggested whenever possible to fully pipeline this function.  If this multiplier was inferred, it is suggested to describe an additional register stage after this function.  If there is no registered adder/accumulator following the multiply function, two pipeline stages are suggested to allow both the MREG and PREG registers to be used.  If the DSP48 was instantiated in the design, it is suggested to set both the MREG and PREG attributes to 1 when performing multiply functions.
Related violations: <none>

DPOP-4#426 Warning
MREG Output pipelining  
DSP u_pw_unit/u_pw_mac1/p_0_out__47__2 multiplier stage u_pw_unit/u_pw_mac1/p_0_out__47__2/P[47:0] is not pipelined (MREG=0). Pipelining the multiplier function will improve performance and will save significant power so it is suggested whenever possible to fully pipeline this function.  If this multiplier was inferred, it is suggested to describe an additional register stage after this function.  If there is no registered adder/accumulator following the multiply function, two pipeline stages are suggested to allow both the MREG and PREG registers to be used.  If the DSP48 was instantiated in the design, it is suggested to set both the MREG and PREG attributes to 1 when performing multiply functions.
Related violations: <none>

DPOP-4#427 Warning
MREG Output pipelining  
DSP u_pw_unit/u_pw_mac1/p_0_out__48 multiplier stage u_pw_unit/u_pw_mac1/p_0_out__48/P[47:0] is not pipelined (MREG=0). Pipelining the multiplier function will improve performance and will save significant power so it is suggested whenever possible to fully pipeline this function.  If this multiplier was inferred, it is suggested to describe an additional register stage after this function.  If there is no registered adder/accumulator following the multiply function, two pipeline stages are suggested to allow both the MREG and PREG registers to be used.  If the DSP48 was instantiated in the design, it is suggested to set both the MREG and PREG attributes to 1 when performing multiply functions.
Related violations: <none>

DPOP-4#428 Warning
MREG Output pipelining  
DSP u_pw_unit/u_pw_mac1/p_0_out__48__0 multiplier stage u_pw_unit/u_pw_mac1/p_0_out__48__0/P[47:0] is not pipelined (MREG=0). Pipelining the multiplier function will improve performance and will save significant power so it is suggested whenever possible to fully pipeline this function.  If this multiplier was inferred, it is suggested to describe an additional register stage after this function.  If there is no registered adder/accumulator following the multiply function, two pipeline stages are suggested to allow both the MREG and PREG registers to be used.  If the DSP48 was instantiated in the design, it is suggested to set both the MREG and PREG attributes to 1 when performing multiply functions.
Related violations: <none>

DPOP-4#429 Warning
MREG Output pipelining  
DSP u_pw_unit/u_pw_mac1/p_0_out__48__1 multiplier stage u_pw_unit/u_pw_mac1/p_0_out__48__1/P[47:0] is not pipelined (MREG=0). Pipelining the multiplier function will improve performance and will save significant power so it is suggested whenever possible to fully pipeline this function.  If this multiplier was inferred, it is suggested to describe an additional register stage after this function.  If there is no registered adder/accumulator following the multiply function, two pipeline stages are suggested to allow both the MREG and PREG registers to be used.  If the DSP48 was instantiated in the design, it is suggested to set both the MREG and PREG attributes to 1 when performing multiply functions.
Related violations: <none>

DPOP-4#430 Warning
MREG Output pipelining  
DSP u_pw_unit/u_pw_mac1/p_0_out__48__2 multiplier stage u_pw_unit/u_pw_mac1/p_0_out__48__2/P[47:0] is not pipelined (MREG=0). Pipelining the multiplier function will improve performance and will save significant power so it is suggested whenever possible to fully pipeline this function.  If this multiplier was inferred, it is suggested to describe an additional register stage after this function.  If there is no registered adder/accumulator following the multiply function, two pipeline stages are suggested to allow both the MREG and PREG registers to be used.  If the DSP48 was instantiated in the design, it is suggested to set both the MREG and PREG attributes to 1 when performing multiply functions.
Related violations: <none>

DPOP-4#431 Warning
MREG Output pipelining  
DSP u_pw_unit/u_pw_mac1/p_0_out__49 multiplier stage u_pw_unit/u_pw_mac1/p_0_out__49/P[47:0] is not pipelined (MREG=0). Pipelining the multiplier function will improve performance and will save significant power so it is suggested whenever possible to fully pipeline this function.  If this multiplier was inferred, it is suggested to describe an additional register stage after this function.  If there is no registered adder/accumulator following the multiply function, two pipeline stages are suggested to allow both the MREG and PREG registers to be used.  If the DSP48 was instantiated in the design, it is suggested to set both the MREG and PREG attributes to 1 when performing multiply functions.
Related violations: <none>

DPOP-4#432 Warning
MREG Output pipelining  
DSP u_pw_unit/u_pw_mac1/p_0_out__49__0 multiplier stage u_pw_unit/u_pw_mac1/p_0_out__49__0/P[47:0] is not pipelined (MREG=0). Pipelining the multiplier function will improve performance and will save significant power so it is suggested whenever possible to fully pipeline this function.  If this multiplier was inferred, it is suggested to describe an additional register stage after this function.  If there is no registered adder/accumulator following the multiply function, two pipeline stages are suggested to allow both the MREG and PREG registers to be used.  If the DSP48 was instantiated in the design, it is suggested to set both the MREG and PREG attributes to 1 when performing multiply functions.
Related violations: <none>

DPOP-4#433 Warning
MREG Output pipelining  
DSP u_pw_unit/u_pw_mac1/p_0_out__49__1 multiplier stage u_pw_unit/u_pw_mac1/p_0_out__49__1/P[47:0] is not pipelined (MREG=0). Pipelining the multiplier function will improve performance and will save significant power so it is suggested whenever possible to fully pipeline this function.  If this multiplier was inferred, it is suggested to describe an additional register stage after this function.  If there is no registered adder/accumulator following the multiply function, two pipeline stages are suggested to allow both the MREG and PREG registers to be used.  If the DSP48 was instantiated in the design, it is suggested to set both the MREG and PREG attributes to 1 when performing multiply functions.
Related violations: <none>

DPOP-4#434 Warning
MREG Output pipelining  
DSP u_pw_unit/u_pw_mac1/p_0_out__49__2 multiplier stage u_pw_unit/u_pw_mac1/p_0_out__49__2/P[47:0] is not pipelined (MREG=0). Pipelining the multiplier function will improve performance and will save significant power so it is suggested whenever possible to fully pipeline this function.  If this multiplier was inferred, it is suggested to describe an additional register stage after this function.  If there is no registered adder/accumulator following the multiply function, two pipeline stages are suggested to allow both the MREG and PREG registers to be used.  If the DSP48 was instantiated in the design, it is suggested to set both the MREG and PREG attributes to 1 when performing multiply functions.
Related violations: <none>

DPOP-4#435 Warning
MREG Output pipelining  
DSP u_pw_unit/u_pw_mac1/p_0_out__4__0 multiplier stage u_pw_unit/u_pw_mac1/p_0_out__4__0/P[47:0] is not pipelined (MREG=0). Pipelining the multiplier function will improve performance and will save significant power so it is suggested whenever possible to fully pipeline this function.  If this multiplier was inferred, it is suggested to describe an additional register stage after this function.  If there is no registered adder/accumulator following the multiply function, two pipeline stages are suggested to allow both the MREG and PREG registers to be used.  If the DSP48 was instantiated in the design, it is suggested to set both the MREG and PREG attributes to 1 when performing multiply functions.
Related violations: <none>

DPOP-4#436 Warning
MREG Output pipelining  
DSP u_pw_unit/u_pw_mac1/p_0_out__4__1 multiplier stage u_pw_unit/u_pw_mac1/p_0_out__4__1/P[47:0] is not pipelined (MREG=0). Pipelining the multiplier function will improve performance and will save significant power so it is suggested whenever possible to fully pipeline this function.  If this multiplier was inferred, it is suggested to describe an additional register stage after this function.  If there is no registered adder/accumulator following the multiply function, two pipeline stages are suggested to allow both the MREG and PREG registers to be used.  If the DSP48 was instantiated in the design, it is suggested to set both the MREG and PREG attributes to 1 when performing multiply functions.
Related violations: <none>

DPOP-4#437 Warning
MREG Output pipelining  
DSP u_pw_unit/u_pw_mac1/p_0_out__4__2 multiplier stage u_pw_unit/u_pw_mac1/p_0_out__4__2/P[47:0] is not pipelined (MREG=0). Pipelining the multiplier function will improve performance and will save significant power so it is suggested whenever possible to fully pipeline this function.  If this multiplier was inferred, it is suggested to describe an additional register stage after this function.  If there is no registered adder/accumulator following the multiply function, two pipeline stages are suggested to allow both the MREG and PREG registers to be used.  If the DSP48 was instantiated in the design, it is suggested to set both the MREG and PREG attributes to 1 when performing multiply functions.
Related violations: <none>

DPOP-4#438 Warning
MREG Output pipelining  
DSP u_pw_unit/u_pw_mac1/p_0_out__5 multiplier stage u_pw_unit/u_pw_mac1/p_0_out__5/P[47:0] is not pipelined (MREG=0). Pipelining the multiplier function will improve performance and will save significant power so it is suggested whenever possible to fully pipeline this function.  If this multiplier was inferred, it is suggested to describe an additional register stage after this function.  If there is no registered adder/accumulator following the multiply function, two pipeline stages are suggested to allow both the MREG and PREG registers to be used.  If the DSP48 was instantiated in the design, it is suggested to set both the MREG and PREG attributes to 1 when performing multiply functions.
Related violations: <none>

DPOP-4#439 Warning
MREG Output pipelining  
DSP u_pw_unit/u_pw_mac1/p_0_out__50 multiplier stage u_pw_unit/u_pw_mac1/p_0_out__50/P[47:0] is not pipelined (MREG=0). Pipelining the multiplier function will improve performance and will save significant power so it is suggested whenever possible to fully pipeline this function.  If this multiplier was inferred, it is suggested to describe an additional register stage after this function.  If there is no registered adder/accumulator following the multiply function, two pipeline stages are suggested to allow both the MREG and PREG registers to be used.  If the DSP48 was instantiated in the design, it is suggested to set both the MREG and PREG attributes to 1 when performing multiply functions.
Related violations: <none>

DPOP-4#440 Warning
MREG Output pipelining  
DSP u_pw_unit/u_pw_mac1/p_0_out__50__0 multiplier stage u_pw_unit/u_pw_mac1/p_0_out__50__0/P[47:0] is not pipelined (MREG=0). Pipelining the multiplier function will improve performance and will save significant power so it is suggested whenever possible to fully pipeline this function.  If this multiplier was inferred, it is suggested to describe an additional register stage after this function.  If there is no registered adder/accumulator following the multiply function, two pipeline stages are suggested to allow both the MREG and PREG registers to be used.  If the DSP48 was instantiated in the design, it is suggested to set both the MREG and PREG attributes to 1 when performing multiply functions.
Related violations: <none>

DPOP-4#441 Warning
MREG Output pipelining  
DSP u_pw_unit/u_pw_mac1/p_0_out__50__1 multiplier stage u_pw_unit/u_pw_mac1/p_0_out__50__1/P[47:0] is not pipelined (MREG=0). Pipelining the multiplier function will improve performance and will save significant power so it is suggested whenever possible to fully pipeline this function.  If this multiplier was inferred, it is suggested to describe an additional register stage after this function.  If there is no registered adder/accumulator following the multiply function, two pipeline stages are suggested to allow both the MREG and PREG registers to be used.  If the DSP48 was instantiated in the design, it is suggested to set both the MREG and PREG attributes to 1 when performing multiply functions.
Related violations: <none>

DPOP-4#442 Warning
MREG Output pipelining  
DSP u_pw_unit/u_pw_mac1/p_0_out__50__2 multiplier stage u_pw_unit/u_pw_mac1/p_0_out__50__2/P[47:0] is not pipelined (MREG=0). Pipelining the multiplier function will improve performance and will save significant power so it is suggested whenever possible to fully pipeline this function.  If this multiplier was inferred, it is suggested to describe an additional register stage after this function.  If there is no registered adder/accumulator following the multiply function, two pipeline stages are suggested to allow both the MREG and PREG registers to be used.  If the DSP48 was instantiated in the design, it is suggested to set both the MREG and PREG attributes to 1 when performing multiply functions.
Related violations: <none>

DPOP-4#443 Warning
MREG Output pipelining  
DSP u_pw_unit/u_pw_mac1/p_0_out__51 multiplier stage u_pw_unit/u_pw_mac1/p_0_out__51/P[47:0] is not pipelined (MREG=0). Pipelining the multiplier function will improve performance and will save significant power so it is suggested whenever possible to fully pipeline this function.  If this multiplier was inferred, it is suggested to describe an additional register stage after this function.  If there is no registered adder/accumulator following the multiply function, two pipeline stages are suggested to allow both the MREG and PREG registers to be used.  If the DSP48 was instantiated in the design, it is suggested to set both the MREG and PREG attributes to 1 when performing multiply functions.
Related violations: <none>

DPOP-4#444 Warning
MREG Output pipelining  
DSP u_pw_unit/u_pw_mac1/p_0_out__51__0 multiplier stage u_pw_unit/u_pw_mac1/p_0_out__51__0/P[47:0] is not pipelined (MREG=0). Pipelining the multiplier function will improve performance and will save significant power so it is suggested whenever possible to fully pipeline this function.  If this multiplier was inferred, it is suggested to describe an additional register stage after this function.  If there is no registered adder/accumulator following the multiply function, two pipeline stages are suggested to allow both the MREG and PREG registers to be used.  If the DSP48 was instantiated in the design, it is suggested to set both the MREG and PREG attributes to 1 when performing multiply functions.
Related violations: <none>

DPOP-4#445 Warning
MREG Output pipelining  
DSP u_pw_unit/u_pw_mac1/p_0_out__51__1 multiplier stage u_pw_unit/u_pw_mac1/p_0_out__51__1/P[47:0] is not pipelined (MREG=0). Pipelining the multiplier function will improve performance and will save significant power so it is suggested whenever possible to fully pipeline this function.  If this multiplier was inferred, it is suggested to describe an additional register stage after this function.  If there is no registered adder/accumulator following the multiply function, two pipeline stages are suggested to allow both the MREG and PREG registers to be used.  If the DSP48 was instantiated in the design, it is suggested to set both the MREG and PREG attributes to 1 when performing multiply functions.
Related violations: <none>

DPOP-4#446 Warning
MREG Output pipelining  
DSP u_pw_unit/u_pw_mac1/p_0_out__52 multiplier stage u_pw_unit/u_pw_mac1/p_0_out__52/P[47:0] is not pipelined (MREG=0). Pipelining the multiplier function will improve performance and will save significant power so it is suggested whenever possible to fully pipeline this function.  If this multiplier was inferred, it is suggested to describe an additional register stage after this function.  If there is no registered adder/accumulator following the multiply function, two pipeline stages are suggested to allow both the MREG and PREG registers to be used.  If the DSP48 was instantiated in the design, it is suggested to set both the MREG and PREG attributes to 1 when performing multiply functions.
Related violations: <none>

DPOP-4#447 Warning
MREG Output pipelining  
DSP u_pw_unit/u_pw_mac1/p_0_out__52__0 multiplier stage u_pw_unit/u_pw_mac1/p_0_out__52__0/P[47:0] is not pipelined (MREG=0). Pipelining the multiplier function will improve performance and will save significant power so it is suggested whenever possible to fully pipeline this function.  If this multiplier was inferred, it is suggested to describe an additional register stage after this function.  If there is no registered adder/accumulator following the multiply function, two pipeline stages are suggested to allow both the MREG and PREG registers to be used.  If the DSP48 was instantiated in the design, it is suggested to set both the MREG and PREG attributes to 1 when performing multiply functions.
Related violations: <none>

DPOP-4#448 Warning
MREG Output pipelining  
DSP u_pw_unit/u_pw_mac1/p_0_out__52__1 multiplier stage u_pw_unit/u_pw_mac1/p_0_out__52__1/P[47:0] is not pipelined (MREG=0). Pipelining the multiplier function will improve performance and will save significant power so it is suggested whenever possible to fully pipeline this function.  If this multiplier was inferred, it is suggested to describe an additional register stage after this function.  If there is no registered adder/accumulator following the multiply function, two pipeline stages are suggested to allow both the MREG and PREG registers to be used.  If the DSP48 was instantiated in the design, it is suggested to set both the MREG and PREG attributes to 1 when performing multiply functions.
Related violations: <none>

DPOP-4#449 Warning
MREG Output pipelining  
DSP u_pw_unit/u_pw_mac1/p_0_out__53 multiplier stage u_pw_unit/u_pw_mac1/p_0_out__53/P[47:0] is not pipelined (MREG=0). Pipelining the multiplier function will improve performance and will save significant power so it is suggested whenever possible to fully pipeline this function.  If this multiplier was inferred, it is suggested to describe an additional register stage after this function.  If there is no registered adder/accumulator following the multiply function, two pipeline stages are suggested to allow both the MREG and PREG registers to be used.  If the DSP48 was instantiated in the design, it is suggested to set both the MREG and PREG attributes to 1 when performing multiply functions.
Related violations: <none>

DPOP-4#450 Warning
MREG Output pipelining  
DSP u_pw_unit/u_pw_mac1/p_0_out__53__0 multiplier stage u_pw_unit/u_pw_mac1/p_0_out__53__0/P[47:0] is not pipelined (MREG=0). Pipelining the multiplier function will improve performance and will save significant power so it is suggested whenever possible to fully pipeline this function.  If this multiplier was inferred, it is suggested to describe an additional register stage after this function.  If there is no registered adder/accumulator following the multiply function, two pipeline stages are suggested to allow both the MREG and PREG registers to be used.  If the DSP48 was instantiated in the design, it is suggested to set both the MREG and PREG attributes to 1 when performing multiply functions.
Related violations: <none>

DPOP-4#451 Warning
MREG Output pipelining  
DSP u_pw_unit/u_pw_mac1/p_0_out__53__1 multiplier stage u_pw_unit/u_pw_mac1/p_0_out__53__1/P[47:0] is not pipelined (MREG=0). Pipelining the multiplier function will improve performance and will save significant power so it is suggested whenever possible to fully pipeline this function.  If this multiplier was inferred, it is suggested to describe an additional register stage after this function.  If there is no registered adder/accumulator following the multiply function, two pipeline stages are suggested to allow both the MREG and PREG registers to be used.  If the DSP48 was instantiated in the design, it is suggested to set both the MREG and PREG attributes to 1 when performing multiply functions.
Related violations: <none>

DPOP-4#452 Warning
MREG Output pipelining  
DSP u_pw_unit/u_pw_mac1/p_0_out__54 multiplier stage u_pw_unit/u_pw_mac1/p_0_out__54/P[47:0] is not pipelined (MREG=0). Pipelining the multiplier function will improve performance and will save significant power so it is suggested whenever possible to fully pipeline this function.  If this multiplier was inferred, it is suggested to describe an additional register stage after this function.  If there is no registered adder/accumulator following the multiply function, two pipeline stages are suggested to allow both the MREG and PREG registers to be used.  If the DSP48 was instantiated in the design, it is suggested to set both the MREG and PREG attributes to 1 when performing multiply functions.
Related violations: <none>

DPOP-4#453 Warning
MREG Output pipelining  
DSP u_pw_unit/u_pw_mac1/p_0_out__54__0 multiplier stage u_pw_unit/u_pw_mac1/p_0_out__54__0/P[47:0] is not pipelined (MREG=0). Pipelining the multiplier function will improve performance and will save significant power so it is suggested whenever possible to fully pipeline this function.  If this multiplier was inferred, it is suggested to describe an additional register stage after this function.  If there is no registered adder/accumulator following the multiply function, two pipeline stages are suggested to allow both the MREG and PREG registers to be used.  If the DSP48 was instantiated in the design, it is suggested to set both the MREG and PREG attributes to 1 when performing multiply functions.
Related violations: <none>

DPOP-4#454 Warning
MREG Output pipelining  
DSP u_pw_unit/u_pw_mac1/p_0_out__54__1 multiplier stage u_pw_unit/u_pw_mac1/p_0_out__54__1/P[47:0] is not pipelined (MREG=0). Pipelining the multiplier function will improve performance and will save significant power so it is suggested whenever possible to fully pipeline this function.  If this multiplier was inferred, it is suggested to describe an additional register stage after this function.  If there is no registered adder/accumulator following the multiply function, two pipeline stages are suggested to allow both the MREG and PREG registers to be used.  If the DSP48 was instantiated in the design, it is suggested to set both the MREG and PREG attributes to 1 when performing multiply functions.
Related violations: <none>

DPOP-4#455 Warning
MREG Output pipelining  
DSP u_pw_unit/u_pw_mac1/p_0_out__55 multiplier stage u_pw_unit/u_pw_mac1/p_0_out__55/P[47:0] is not pipelined (MREG=0). Pipelining the multiplier function will improve performance and will save significant power so it is suggested whenever possible to fully pipeline this function.  If this multiplier was inferred, it is suggested to describe an additional register stage after this function.  If there is no registered adder/accumulator following the multiply function, two pipeline stages are suggested to allow both the MREG and PREG registers to be used.  If the DSP48 was instantiated in the design, it is suggested to set both the MREG and PREG attributes to 1 when performing multiply functions.
Related violations: <none>

DPOP-4#456 Warning
MREG Output pipelining  
DSP u_pw_unit/u_pw_mac1/p_0_out__55__0 multiplier stage u_pw_unit/u_pw_mac1/p_0_out__55__0/P[47:0] is not pipelined (MREG=0). Pipelining the multiplier function will improve performance and will save significant power so it is suggested whenever possible to fully pipeline this function.  If this multiplier was inferred, it is suggested to describe an additional register stage after this function.  If there is no registered adder/accumulator following the multiply function, two pipeline stages are suggested to allow both the MREG and PREG registers to be used.  If the DSP48 was instantiated in the design, it is suggested to set both the MREG and PREG attributes to 1 when performing multiply functions.
Related violations: <none>

DPOP-4#457 Warning
MREG Output pipelining  
DSP u_pw_unit/u_pw_mac1/p_0_out__55__1 multiplier stage u_pw_unit/u_pw_mac1/p_0_out__55__1/P[47:0] is not pipelined (MREG=0). Pipelining the multiplier function will improve performance and will save significant power so it is suggested whenever possible to fully pipeline this function.  If this multiplier was inferred, it is suggested to describe an additional register stage after this function.  If there is no registered adder/accumulator following the multiply function, two pipeline stages are suggested to allow both the MREG and PREG registers to be used.  If the DSP48 was instantiated in the design, it is suggested to set both the MREG and PREG attributes to 1 when performing multiply functions.
Related violations: <none>

DPOP-4#458 Warning
MREG Output pipelining  
DSP u_pw_unit/u_pw_mac1/p_0_out__56 multiplier stage u_pw_unit/u_pw_mac1/p_0_out__56/P[47:0] is not pipelined (MREG=0). Pipelining the multiplier function will improve performance and will save significant power so it is suggested whenever possible to fully pipeline this function.  If this multiplier was inferred, it is suggested to describe an additional register stage after this function.  If there is no registered adder/accumulator following the multiply function, two pipeline stages are suggested to allow both the MREG and PREG registers to be used.  If the DSP48 was instantiated in the design, it is suggested to set both the MREG and PREG attributes to 1 when performing multiply functions.
Related violations: <none>

DPOP-4#459 Warning
MREG Output pipelining  
DSP u_pw_unit/u_pw_mac1/p_0_out__56__0 multiplier stage u_pw_unit/u_pw_mac1/p_0_out__56__0/P[47:0] is not pipelined (MREG=0). Pipelining the multiplier function will improve performance and will save significant power so it is suggested whenever possible to fully pipeline this function.  If this multiplier was inferred, it is suggested to describe an additional register stage after this function.  If there is no registered adder/accumulator following the multiply function, two pipeline stages are suggested to allow both the MREG and PREG registers to be used.  If the DSP48 was instantiated in the design, it is suggested to set both the MREG and PREG attributes to 1 when performing multiply functions.
Related violations: <none>

DPOP-4#460 Warning
MREG Output pipelining  
DSP u_pw_unit/u_pw_mac1/p_0_out__56__1 multiplier stage u_pw_unit/u_pw_mac1/p_0_out__56__1/P[47:0] is not pipelined (MREG=0). Pipelining the multiplier function will improve performance and will save significant power so it is suggested whenever possible to fully pipeline this function.  If this multiplier was inferred, it is suggested to describe an additional register stage after this function.  If there is no registered adder/accumulator following the multiply function, two pipeline stages are suggested to allow both the MREG and PREG registers to be used.  If the DSP48 was instantiated in the design, it is suggested to set both the MREG and PREG attributes to 1 when performing multiply functions.
Related violations: <none>

DPOP-4#461 Warning
MREG Output pipelining  
DSP u_pw_unit/u_pw_mac1/p_0_out__57 multiplier stage u_pw_unit/u_pw_mac1/p_0_out__57/P[47:0] is not pipelined (MREG=0). Pipelining the multiplier function will improve performance and will save significant power so it is suggested whenever possible to fully pipeline this function.  If this multiplier was inferred, it is suggested to describe an additional register stage after this function.  If there is no registered adder/accumulator following the multiply function, two pipeline stages are suggested to allow both the MREG and PREG registers to be used.  If the DSP48 was instantiated in the design, it is suggested to set both the MREG and PREG attributes to 1 when performing multiply functions.
Related violations: <none>

DPOP-4#462 Warning
MREG Output pipelining  
DSP u_pw_unit/u_pw_mac1/p_0_out__57__0 multiplier stage u_pw_unit/u_pw_mac1/p_0_out__57__0/P[47:0] is not pipelined (MREG=0). Pipelining the multiplier function will improve performance and will save significant power so it is suggested whenever possible to fully pipeline this function.  If this multiplier was inferred, it is suggested to describe an additional register stage after this function.  If there is no registered adder/accumulator following the multiply function, two pipeline stages are suggested to allow both the MREG and PREG registers to be used.  If the DSP48 was instantiated in the design, it is suggested to set both the MREG and PREG attributes to 1 when performing multiply functions.
Related violations: <none>

DPOP-4#463 Warning
MREG Output pipelining  
DSP u_pw_unit/u_pw_mac1/p_0_out__57__1 multiplier stage u_pw_unit/u_pw_mac1/p_0_out__57__1/P[47:0] is not pipelined (MREG=0). Pipelining the multiplier function will improve performance and will save significant power so it is suggested whenever possible to fully pipeline this function.  If this multiplier was inferred, it is suggested to describe an additional register stage after this function.  If there is no registered adder/accumulator following the multiply function, two pipeline stages are suggested to allow both the MREG and PREG registers to be used.  If the DSP48 was instantiated in the design, it is suggested to set both the MREG and PREG attributes to 1 when performing multiply functions.
Related violations: <none>

DPOP-4#464 Warning
MREG Output pipelining  
DSP u_pw_unit/u_pw_mac1/p_0_out__58 multiplier stage u_pw_unit/u_pw_mac1/p_0_out__58/P[47:0] is not pipelined (MREG=0). Pipelining the multiplier function will improve performance and will save significant power so it is suggested whenever possible to fully pipeline this function.  If this multiplier was inferred, it is suggested to describe an additional register stage after this function.  If there is no registered adder/accumulator following the multiply function, two pipeline stages are suggested to allow both the MREG and PREG registers to be used.  If the DSP48 was instantiated in the design, it is suggested to set both the MREG and PREG attributes to 1 when performing multiply functions.
Related violations: <none>

DPOP-4#465 Warning
MREG Output pipelining  
DSP u_pw_unit/u_pw_mac1/p_0_out__58__0 multiplier stage u_pw_unit/u_pw_mac1/p_0_out__58__0/P[47:0] is not pipelined (MREG=0). Pipelining the multiplier function will improve performance and will save significant power so it is suggested whenever possible to fully pipeline this function.  If this multiplier was inferred, it is suggested to describe an additional register stage after this function.  If there is no registered adder/accumulator following the multiply function, two pipeline stages are suggested to allow both the MREG and PREG registers to be used.  If the DSP48 was instantiated in the design, it is suggested to set both the MREG and PREG attributes to 1 when performing multiply functions.
Related violations: <none>

DPOP-4#466 Warning
MREG Output pipelining  
DSP u_pw_unit/u_pw_mac1/p_0_out__58__1 multiplier stage u_pw_unit/u_pw_mac1/p_0_out__58__1/P[47:0] is not pipelined (MREG=0). Pipelining the multiplier function will improve performance and will save significant power so it is suggested whenever possible to fully pipeline this function.  If this multiplier was inferred, it is suggested to describe an additional register stage after this function.  If there is no registered adder/accumulator following the multiply function, two pipeline stages are suggested to allow both the MREG and PREG registers to be used.  If the DSP48 was instantiated in the design, it is suggested to set both the MREG and PREG attributes to 1 when performing multiply functions.
Related violations: <none>

DPOP-4#467 Warning
MREG Output pipelining  
DSP u_pw_unit/u_pw_mac1/p_0_out__59 multiplier stage u_pw_unit/u_pw_mac1/p_0_out__59/P[47:0] is not pipelined (MREG=0). Pipelining the multiplier function will improve performance and will save significant power so it is suggested whenever possible to fully pipeline this function.  If this multiplier was inferred, it is suggested to describe an additional register stage after this function.  If there is no registered adder/accumulator following the multiply function, two pipeline stages are suggested to allow both the MREG and PREG registers to be used.  If the DSP48 was instantiated in the design, it is suggested to set both the MREG and PREG attributes to 1 when performing multiply functions.
Related violations: <none>

DPOP-4#468 Warning
MREG Output pipelining  
DSP u_pw_unit/u_pw_mac1/p_0_out__59__0 multiplier stage u_pw_unit/u_pw_mac1/p_0_out__59__0/P[47:0] is not pipelined (MREG=0). Pipelining the multiplier function will improve performance and will save significant power so it is suggested whenever possible to fully pipeline this function.  If this multiplier was inferred, it is suggested to describe an additional register stage after this function.  If there is no registered adder/accumulator following the multiply function, two pipeline stages are suggested to allow both the MREG and PREG registers to be used.  If the DSP48 was instantiated in the design, it is suggested to set both the MREG and PREG attributes to 1 when performing multiply functions.
Related violations: <none>

DPOP-4#469 Warning
MREG Output pipelining  
DSP u_pw_unit/u_pw_mac1/p_0_out__59__1 multiplier stage u_pw_unit/u_pw_mac1/p_0_out__59__1/P[47:0] is not pipelined (MREG=0). Pipelining the multiplier function will improve performance and will save significant power so it is suggested whenever possible to fully pipeline this function.  If this multiplier was inferred, it is suggested to describe an additional register stage after this function.  If there is no registered adder/accumulator following the multiply function, two pipeline stages are suggested to allow both the MREG and PREG registers to be used.  If the DSP48 was instantiated in the design, it is suggested to set both the MREG and PREG attributes to 1 when performing multiply functions.
Related violations: <none>

DPOP-4#470 Warning
MREG Output pipelining  
DSP u_pw_unit/u_pw_mac1/p_0_out__5__0 multiplier stage u_pw_unit/u_pw_mac1/p_0_out__5__0/P[47:0] is not pipelined (MREG=0). Pipelining the multiplier function will improve performance and will save significant power so it is suggested whenever possible to fully pipeline this function.  If this multiplier was inferred, it is suggested to describe an additional register stage after this function.  If there is no registered adder/accumulator following the multiply function, two pipeline stages are suggested to allow both the MREG and PREG registers to be used.  If the DSP48 was instantiated in the design, it is suggested to set both the MREG and PREG attributes to 1 when performing multiply functions.
Related violations: <none>

DPOP-4#471 Warning
MREG Output pipelining  
DSP u_pw_unit/u_pw_mac1/p_0_out__5__1 multiplier stage u_pw_unit/u_pw_mac1/p_0_out__5__1/P[47:0] is not pipelined (MREG=0). Pipelining the multiplier function will improve performance and will save significant power so it is suggested whenever possible to fully pipeline this function.  If this multiplier was inferred, it is suggested to describe an additional register stage after this function.  If there is no registered adder/accumulator following the multiply function, two pipeline stages are suggested to allow both the MREG and PREG registers to be used.  If the DSP48 was instantiated in the design, it is suggested to set both the MREG and PREG attributes to 1 when performing multiply functions.
Related violations: <none>

DPOP-4#472 Warning
MREG Output pipelining  
DSP u_pw_unit/u_pw_mac1/p_0_out__5__2 multiplier stage u_pw_unit/u_pw_mac1/p_0_out__5__2/P[47:0] is not pipelined (MREG=0). Pipelining the multiplier function will improve performance and will save significant power so it is suggested whenever possible to fully pipeline this function.  If this multiplier was inferred, it is suggested to describe an additional register stage after this function.  If there is no registered adder/accumulator following the multiply function, two pipeline stages are suggested to allow both the MREG and PREG registers to be used.  If the DSP48 was instantiated in the design, it is suggested to set both the MREG and PREG attributes to 1 when performing multiply functions.
Related violations: <none>

DPOP-4#473 Warning
MREG Output pipelining  
DSP u_pw_unit/u_pw_mac1/p_0_out__6 multiplier stage u_pw_unit/u_pw_mac1/p_0_out__6/P[47:0] is not pipelined (MREG=0). Pipelining the multiplier function will improve performance and will save significant power so it is suggested whenever possible to fully pipeline this function.  If this multiplier was inferred, it is suggested to describe an additional register stage after this function.  If there is no registered adder/accumulator following the multiply function, two pipeline stages are suggested to allow both the MREG and PREG registers to be used.  If the DSP48 was instantiated in the design, it is suggested to set both the MREG and PREG attributes to 1 when performing multiply functions.
Related violations: <none>

DPOP-4#474 Warning
MREG Output pipelining  
DSP u_pw_unit/u_pw_mac1/p_0_out__60 multiplier stage u_pw_unit/u_pw_mac1/p_0_out__60/P[47:0] is not pipelined (MREG=0). Pipelining the multiplier function will improve performance and will save significant power so it is suggested whenever possible to fully pipeline this function.  If this multiplier was inferred, it is suggested to describe an additional register stage after this function.  If there is no registered adder/accumulator following the multiply function, two pipeline stages are suggested to allow both the MREG and PREG registers to be used.  If the DSP48 was instantiated in the design, it is suggested to set both the MREG and PREG attributes to 1 when performing multiply functions.
Related violations: <none>

DPOP-4#475 Warning
MREG Output pipelining  
DSP u_pw_unit/u_pw_mac1/p_0_out__60__0 multiplier stage u_pw_unit/u_pw_mac1/p_0_out__60__0/P[47:0] is not pipelined (MREG=0). Pipelining the multiplier function will improve performance and will save significant power so it is suggested whenever possible to fully pipeline this function.  If this multiplier was inferred, it is suggested to describe an additional register stage after this function.  If there is no registered adder/accumulator following the multiply function, two pipeline stages are suggested to allow both the MREG and PREG registers to be used.  If the DSP48 was instantiated in the design, it is suggested to set both the MREG and PREG attributes to 1 when performing multiply functions.
Related violations: <none>

DPOP-4#476 Warning
MREG Output pipelining  
DSP u_pw_unit/u_pw_mac1/p_0_out__60__1 multiplier stage u_pw_unit/u_pw_mac1/p_0_out__60__1/P[47:0] is not pipelined (MREG=0). Pipelining the multiplier function will improve performance and will save significant power so it is suggested whenever possible to fully pipeline this function.  If this multiplier was inferred, it is suggested to describe an additional register stage after this function.  If there is no registered adder/accumulator following the multiply function, two pipeline stages are suggested to allow both the MREG and PREG registers to be used.  If the DSP48 was instantiated in the design, it is suggested to set both the MREG and PREG attributes to 1 when performing multiply functions.
Related violations: <none>

DPOP-4#477 Warning
MREG Output pipelining  
DSP u_pw_unit/u_pw_mac1/p_0_out__61 multiplier stage u_pw_unit/u_pw_mac1/p_0_out__61/P[47:0] is not pipelined (MREG=0). Pipelining the multiplier function will improve performance and will save significant power so it is suggested whenever possible to fully pipeline this function.  If this multiplier was inferred, it is suggested to describe an additional register stage after this function.  If there is no registered adder/accumulator following the multiply function, two pipeline stages are suggested to allow both the MREG and PREG registers to be used.  If the DSP48 was instantiated in the design, it is suggested to set both the MREG and PREG attributes to 1 when performing multiply functions.
Related violations: <none>

DPOP-4#478 Warning
MREG Output pipelining  
DSP u_pw_unit/u_pw_mac1/p_0_out__61__0 multiplier stage u_pw_unit/u_pw_mac1/p_0_out__61__0/P[47:0] is not pipelined (MREG=0). Pipelining the multiplier function will improve performance and will save significant power so it is suggested whenever possible to fully pipeline this function.  If this multiplier was inferred, it is suggested to describe an additional register stage after this function.  If there is no registered adder/accumulator following the multiply function, two pipeline stages are suggested to allow both the MREG and PREG registers to be used.  If the DSP48 was instantiated in the design, it is suggested to set both the MREG and PREG attributes to 1 when performing multiply functions.
Related violations: <none>

DPOP-4#479 Warning
MREG Output pipelining  
DSP u_pw_unit/u_pw_mac1/p_0_out__61__1 multiplier stage u_pw_unit/u_pw_mac1/p_0_out__61__1/P[47:0] is not pipelined (MREG=0). Pipelining the multiplier function will improve performance and will save significant power so it is suggested whenever possible to fully pipeline this function.  If this multiplier was inferred, it is suggested to describe an additional register stage after this function.  If there is no registered adder/accumulator following the multiply function, two pipeline stages are suggested to allow both the MREG and PREG registers to be used.  If the DSP48 was instantiated in the design, it is suggested to set both the MREG and PREG attributes to 1 when performing multiply functions.
Related violations: <none>

DPOP-4#480 Warning
MREG Output pipelining  
DSP u_pw_unit/u_pw_mac1/p_0_out__62 multiplier stage u_pw_unit/u_pw_mac1/p_0_out__62/P[47:0] is not pipelined (MREG=0). Pipelining the multiplier function will improve performance and will save significant power so it is suggested whenever possible to fully pipeline this function.  If this multiplier was inferred, it is suggested to describe an additional register stage after this function.  If there is no registered adder/accumulator following the multiply function, two pipeline stages are suggested to allow both the MREG and PREG registers to be used.  If the DSP48 was instantiated in the design, it is suggested to set both the MREG and PREG attributes to 1 when performing multiply functions.
Related violations: <none>

DPOP-4#481 Warning
MREG Output pipelining  
DSP u_pw_unit/u_pw_mac1/p_0_out__62__0 multiplier stage u_pw_unit/u_pw_mac1/p_0_out__62__0/P[47:0] is not pipelined (MREG=0). Pipelining the multiplier function will improve performance and will save significant power so it is suggested whenever possible to fully pipeline this function.  If this multiplier was inferred, it is suggested to describe an additional register stage after this function.  If there is no registered adder/accumulator following the multiply function, two pipeline stages are suggested to allow both the MREG and PREG registers to be used.  If the DSP48 was instantiated in the design, it is suggested to set both the MREG and PREG attributes to 1 when performing multiply functions.
Related violations: <none>

DPOP-4#482 Warning
MREG Output pipelining  
DSP u_pw_unit/u_pw_mac1/p_0_out__62__1 multiplier stage u_pw_unit/u_pw_mac1/p_0_out__62__1/P[47:0] is not pipelined (MREG=0). Pipelining the multiplier function will improve performance and will save significant power so it is suggested whenever possible to fully pipeline this function.  If this multiplier was inferred, it is suggested to describe an additional register stage after this function.  If there is no registered adder/accumulator following the multiply function, two pipeline stages are suggested to allow both the MREG and PREG registers to be used.  If the DSP48 was instantiated in the design, it is suggested to set both the MREG and PREG attributes to 1 when performing multiply functions.
Related violations: <none>

DPOP-4#483 Warning
MREG Output pipelining  
DSP u_pw_unit/u_pw_mac1/p_0_out__63 multiplier stage u_pw_unit/u_pw_mac1/p_0_out__63/P[47:0] is not pipelined (MREG=0). Pipelining the multiplier function will improve performance and will save significant power so it is suggested whenever possible to fully pipeline this function.  If this multiplier was inferred, it is suggested to describe an additional register stage after this function.  If there is no registered adder/accumulator following the multiply function, two pipeline stages are suggested to allow both the MREG and PREG registers to be used.  If the DSP48 was instantiated in the design, it is suggested to set both the MREG and PREG attributes to 1 when performing multiply functions.
Related violations: <none>

DPOP-4#484 Warning
MREG Output pipelining  
DSP u_pw_unit/u_pw_mac1/p_0_out__64 multiplier stage u_pw_unit/u_pw_mac1/p_0_out__64/P[47:0] is not pipelined (MREG=0). Pipelining the multiplier function will improve performance and will save significant power so it is suggested whenever possible to fully pipeline this function.  If this multiplier was inferred, it is suggested to describe an additional register stage after this function.  If there is no registered adder/accumulator following the multiply function, two pipeline stages are suggested to allow both the MREG and PREG registers to be used.  If the DSP48 was instantiated in the design, it is suggested to set both the MREG and PREG attributes to 1 when performing multiply functions.
Related violations: <none>

DPOP-4#485 Warning
MREG Output pipelining  
DSP u_pw_unit/u_pw_mac1/p_0_out__65 multiplier stage u_pw_unit/u_pw_mac1/p_0_out__65/P[47:0] is not pipelined (MREG=0). Pipelining the multiplier function will improve performance and will save significant power so it is suggested whenever possible to fully pipeline this function.  If this multiplier was inferred, it is suggested to describe an additional register stage after this function.  If there is no registered adder/accumulator following the multiply function, two pipeline stages are suggested to allow both the MREG and PREG registers to be used.  If the DSP48 was instantiated in the design, it is suggested to set both the MREG and PREG attributes to 1 when performing multiply functions.
Related violations: <none>

DPOP-4#486 Warning
MREG Output pipelining  
DSP u_pw_unit/u_pw_mac1/p_0_out__66 multiplier stage u_pw_unit/u_pw_mac1/p_0_out__66/P[47:0] is not pipelined (MREG=0). Pipelining the multiplier function will improve performance and will save significant power so it is suggested whenever possible to fully pipeline this function.  If this multiplier was inferred, it is suggested to describe an additional register stage after this function.  If there is no registered adder/accumulator following the multiply function, two pipeline stages are suggested to allow both the MREG and PREG registers to be used.  If the DSP48 was instantiated in the design, it is suggested to set both the MREG and PREG attributes to 1 when performing multiply functions.
Related violations: <none>

DPOP-4#487 Warning
MREG Output pipelining  
DSP u_pw_unit/u_pw_mac1/p_0_out__67 multiplier stage u_pw_unit/u_pw_mac1/p_0_out__67/P[47:0] is not pipelined (MREG=0). Pipelining the multiplier function will improve performance and will save significant power so it is suggested whenever possible to fully pipeline this function.  If this multiplier was inferred, it is suggested to describe an additional register stage after this function.  If there is no registered adder/accumulator following the multiply function, two pipeline stages are suggested to allow both the MREG and PREG registers to be used.  If the DSP48 was instantiated in the design, it is suggested to set both the MREG and PREG attributes to 1 when performing multiply functions.
Related violations: <none>

DPOP-4#488 Warning
MREG Output pipelining  
DSP u_pw_unit/u_pw_mac1/p_0_out__68 multiplier stage u_pw_unit/u_pw_mac1/p_0_out__68/P[47:0] is not pipelined (MREG=0). Pipelining the multiplier function will improve performance and will save significant power so it is suggested whenever possible to fully pipeline this function.  If this multiplier was inferred, it is suggested to describe an additional register stage after this function.  If there is no registered adder/accumulator following the multiply function, two pipeline stages are suggested to allow both the MREG and PREG registers to be used.  If the DSP48 was instantiated in the design, it is suggested to set both the MREG and PREG attributes to 1 when performing multiply functions.
Related violations: <none>

DPOP-4#489 Warning
MREG Output pipelining  
DSP u_pw_unit/u_pw_mac1/p_0_out__69 multiplier stage u_pw_unit/u_pw_mac1/p_0_out__69/P[47:0] is not pipelined (MREG=0). Pipelining the multiplier function will improve performance and will save significant power so it is suggested whenever possible to fully pipeline this function.  If this multiplier was inferred, it is suggested to describe an additional register stage after this function.  If there is no registered adder/accumulator following the multiply function, two pipeline stages are suggested to allow both the MREG and PREG registers to be used.  If the DSP48 was instantiated in the design, it is suggested to set both the MREG and PREG attributes to 1 when performing multiply functions.
Related violations: <none>

DPOP-4#490 Warning
MREG Output pipelining  
DSP u_pw_unit/u_pw_mac1/p_0_out__6__0 multiplier stage u_pw_unit/u_pw_mac1/p_0_out__6__0/P[47:0] is not pipelined (MREG=0). Pipelining the multiplier function will improve performance and will save significant power so it is suggested whenever possible to fully pipeline this function.  If this multiplier was inferred, it is suggested to describe an additional register stage after this function.  If there is no registered adder/accumulator following the multiply function, two pipeline stages are suggested to allow both the MREG and PREG registers to be used.  If the DSP48 was instantiated in the design, it is suggested to set both the MREG and PREG attributes to 1 when performing multiply functions.
Related violations: <none>

DPOP-4#491 Warning
MREG Output pipelining  
DSP u_pw_unit/u_pw_mac1/p_0_out__6__1 multiplier stage u_pw_unit/u_pw_mac1/p_0_out__6__1/P[47:0] is not pipelined (MREG=0). Pipelining the multiplier function will improve performance and will save significant power so it is suggested whenever possible to fully pipeline this function.  If this multiplier was inferred, it is suggested to describe an additional register stage after this function.  If there is no registered adder/accumulator following the multiply function, two pipeline stages are suggested to allow both the MREG and PREG registers to be used.  If the DSP48 was instantiated in the design, it is suggested to set both the MREG and PREG attributes to 1 when performing multiply functions.
Related violations: <none>

DPOP-4#492 Warning
MREG Output pipelining  
DSP u_pw_unit/u_pw_mac1/p_0_out__6__2 multiplier stage u_pw_unit/u_pw_mac1/p_0_out__6__2/P[47:0] is not pipelined (MREG=0). Pipelining the multiplier function will improve performance and will save significant power so it is suggested whenever possible to fully pipeline this function.  If this multiplier was inferred, it is suggested to describe an additional register stage after this function.  If there is no registered adder/accumulator following the multiply function, two pipeline stages are suggested to allow both the MREG and PREG registers to be used.  If the DSP48 was instantiated in the design, it is suggested to set both the MREG and PREG attributes to 1 when performing multiply functions.
Related violations: <none>

DPOP-4#493 Warning
MREG Output pipelining  
DSP u_pw_unit/u_pw_mac1/p_0_out__7 multiplier stage u_pw_unit/u_pw_mac1/p_0_out__7/P[47:0] is not pipelined (MREG=0). Pipelining the multiplier function will improve performance and will save significant power so it is suggested whenever possible to fully pipeline this function.  If this multiplier was inferred, it is suggested to describe an additional register stage after this function.  If there is no registered adder/accumulator following the multiply function, two pipeline stages are suggested to allow both the MREG and PREG registers to be used.  If the DSP48 was instantiated in the design, it is suggested to set both the MREG and PREG attributes to 1 when performing multiply functions.
Related violations: <none>

DPOP-4#494 Warning
MREG Output pipelining  
DSP u_pw_unit/u_pw_mac1/p_0_out__70 multiplier stage u_pw_unit/u_pw_mac1/p_0_out__70/P[47:0] is not pipelined (MREG=0). Pipelining the multiplier function will improve performance and will save significant power so it is suggested whenever possible to fully pipeline this function.  If this multiplier was inferred, it is suggested to describe an additional register stage after this function.  If there is no registered adder/accumulator following the multiply function, two pipeline stages are suggested to allow both the MREG and PREG registers to be used.  If the DSP48 was instantiated in the design, it is suggested to set both the MREG and PREG attributes to 1 when performing multiply functions.
Related violations: <none>

DPOP-4#495 Warning
MREG Output pipelining  
DSP u_pw_unit/u_pw_mac1/p_0_out__71 multiplier stage u_pw_unit/u_pw_mac1/p_0_out__71/P[47:0] is not pipelined (MREG=0). Pipelining the multiplier function will improve performance and will save significant power so it is suggested whenever possible to fully pipeline this function.  If this multiplier was inferred, it is suggested to describe an additional register stage after this function.  If there is no registered adder/accumulator following the multiply function, two pipeline stages are suggested to allow both the MREG and PREG registers to be used.  If the DSP48 was instantiated in the design, it is suggested to set both the MREG and PREG attributes to 1 when performing multiply functions.
Related violations: <none>

DPOP-4#496 Warning
MREG Output pipelining  
DSP u_pw_unit/u_pw_mac1/p_0_out__72 multiplier stage u_pw_unit/u_pw_mac1/p_0_out__72/P[47:0] is not pipelined (MREG=0). Pipelining the multiplier function will improve performance and will save significant power so it is suggested whenever possible to fully pipeline this function.  If this multiplier was inferred, it is suggested to describe an additional register stage after this function.  If there is no registered adder/accumulator following the multiply function, two pipeline stages are suggested to allow both the MREG and PREG registers to be used.  If the DSP48 was instantiated in the design, it is suggested to set both the MREG and PREG attributes to 1 when performing multiply functions.
Related violations: <none>

DPOP-4#497 Warning
MREG Output pipelining  
DSP u_pw_unit/u_pw_mac1/p_0_out__73 multiplier stage u_pw_unit/u_pw_mac1/p_0_out__73/P[47:0] is not pipelined (MREG=0). Pipelining the multiplier function will improve performance and will save significant power so it is suggested whenever possible to fully pipeline this function.  If this multiplier was inferred, it is suggested to describe an additional register stage after this function.  If there is no registered adder/accumulator following the multiply function, two pipeline stages are suggested to allow both the MREG and PREG registers to be used.  If the DSP48 was instantiated in the design, it is suggested to set both the MREG and PREG attributes to 1 when performing multiply functions.
Related violations: <none>

DPOP-4#498 Warning
MREG Output pipelining  
DSP u_pw_unit/u_pw_mac1/p_0_out__74 multiplier stage u_pw_unit/u_pw_mac1/p_0_out__74/P[47:0] is not pipelined (MREG=0). Pipelining the multiplier function will improve performance and will save significant power so it is suggested whenever possible to fully pipeline this function.  If this multiplier was inferred, it is suggested to describe an additional register stage after this function.  If there is no registered adder/accumulator following the multiply function, two pipeline stages are suggested to allow both the MREG and PREG registers to be used.  If the DSP48 was instantiated in the design, it is suggested to set both the MREG and PREG attributes to 1 when performing multiply functions.
Related violations: <none>

DPOP-4#499 Warning
MREG Output pipelining  
DSP u_pw_unit/u_pw_mac1/p_0_out__75 multiplier stage u_pw_unit/u_pw_mac1/p_0_out__75/P[47:0] is not pipelined (MREG=0). Pipelining the multiplier function will improve performance and will save significant power so it is suggested whenever possible to fully pipeline this function.  If this multiplier was inferred, it is suggested to describe an additional register stage after this function.  If there is no registered adder/accumulator following the multiply function, two pipeline stages are suggested to allow both the MREG and PREG registers to be used.  If the DSP48 was instantiated in the design, it is suggested to set both the MREG and PREG attributes to 1 when performing multiply functions.
Related violations: <none>

DPOP-4#500 Warning
MREG Output pipelining  
DSP u_pw_unit/u_pw_mac1/p_0_out__76 multiplier stage u_pw_unit/u_pw_mac1/p_0_out__76/P[47:0] is not pipelined (MREG=0). Pipelining the multiplier function will improve performance and will save significant power so it is suggested whenever possible to fully pipeline this function.  If this multiplier was inferred, it is suggested to describe an additional register stage after this function.  If there is no registered adder/accumulator following the multiply function, two pipeline stages are suggested to allow both the MREG and PREG registers to be used.  If the DSP48 was instantiated in the design, it is suggested to set both the MREG and PREG attributes to 1 when performing multiply functions.
Related violations: <none>

DPOP-4#501 Warning
MREG Output pipelining  
DSP u_pw_unit/u_pw_mac1/p_0_out__77 multiplier stage u_pw_unit/u_pw_mac1/p_0_out__77/P[47:0] is not pipelined (MREG=0). Pipelining the multiplier function will improve performance and will save significant power so it is suggested whenever possible to fully pipeline this function.  If this multiplier was inferred, it is suggested to describe an additional register stage after this function.  If there is no registered adder/accumulator following the multiply function, two pipeline stages are suggested to allow both the MREG and PREG registers to be used.  If the DSP48 was instantiated in the design, it is suggested to set both the MREG and PREG attributes to 1 when performing multiply functions.
Related violations: <none>

DPOP-4#502 Warning
MREG Output pipelining  
DSP u_pw_unit/u_pw_mac1/p_0_out__7__0 multiplier stage u_pw_unit/u_pw_mac1/p_0_out__7__0/P[47:0] is not pipelined (MREG=0). Pipelining the multiplier function will improve performance and will save significant power so it is suggested whenever possible to fully pipeline this function.  If this multiplier was inferred, it is suggested to describe an additional register stage after this function.  If there is no registered adder/accumulator following the multiply function, two pipeline stages are suggested to allow both the MREG and PREG registers to be used.  If the DSP48 was instantiated in the design, it is suggested to set both the MREG and PREG attributes to 1 when performing multiply functions.
Related violations: <none>

DPOP-4#503 Warning
MREG Output pipelining  
DSP u_pw_unit/u_pw_mac1/p_0_out__7__1 multiplier stage u_pw_unit/u_pw_mac1/p_0_out__7__1/P[47:0] is not pipelined (MREG=0). Pipelining the multiplier function will improve performance and will save significant power so it is suggested whenever possible to fully pipeline this function.  If this multiplier was inferred, it is suggested to describe an additional register stage after this function.  If there is no registered adder/accumulator following the multiply function, two pipeline stages are suggested to allow both the MREG and PREG registers to be used.  If the DSP48 was instantiated in the design, it is suggested to set both the MREG and PREG attributes to 1 when performing multiply functions.
Related violations: <none>

DPOP-4#504 Warning
MREG Output pipelining  
DSP u_pw_unit/u_pw_mac1/p_0_out__7__2 multiplier stage u_pw_unit/u_pw_mac1/p_0_out__7__2/P[47:0] is not pipelined (MREG=0). Pipelining the multiplier function will improve performance and will save significant power so it is suggested whenever possible to fully pipeline this function.  If this multiplier was inferred, it is suggested to describe an additional register stage after this function.  If there is no registered adder/accumulator following the multiply function, two pipeline stages are suggested to allow both the MREG and PREG registers to be used.  If the DSP48 was instantiated in the design, it is suggested to set both the MREG and PREG attributes to 1 when performing multiply functions.
Related violations: <none>

DPOP-4#505 Warning
MREG Output pipelining  
DSP u_pw_unit/u_pw_mac1/p_0_out__8 multiplier stage u_pw_unit/u_pw_mac1/p_0_out__8/P[47:0] is not pipelined (MREG=0). Pipelining the multiplier function will improve performance and will save significant power so it is suggested whenever possible to fully pipeline this function.  If this multiplier was inferred, it is suggested to describe an additional register stage after this function.  If there is no registered adder/accumulator following the multiply function, two pipeline stages are suggested to allow both the MREG and PREG registers to be used.  If the DSP48 was instantiated in the design, it is suggested to set both the MREG and PREG attributes to 1 when performing multiply functions.
Related violations: <none>

DPOP-4#506 Warning
MREG Output pipelining  
DSP u_pw_unit/u_pw_mac1/p_0_out__8__0 multiplier stage u_pw_unit/u_pw_mac1/p_0_out__8__0/P[47:0] is not pipelined (MREG=0). Pipelining the multiplier function will improve performance and will save significant power so it is suggested whenever possible to fully pipeline this function.  If this multiplier was inferred, it is suggested to describe an additional register stage after this function.  If there is no registered adder/accumulator following the multiply function, two pipeline stages are suggested to allow both the MREG and PREG registers to be used.  If the DSP48 was instantiated in the design, it is suggested to set both the MREG and PREG attributes to 1 when performing multiply functions.
Related violations: <none>

DPOP-4#507 Warning
MREG Output pipelining  
DSP u_pw_unit/u_pw_mac1/p_0_out__8__1 multiplier stage u_pw_unit/u_pw_mac1/p_0_out__8__1/P[47:0] is not pipelined (MREG=0). Pipelining the multiplier function will improve performance and will save significant power so it is suggested whenever possible to fully pipeline this function.  If this multiplier was inferred, it is suggested to describe an additional register stage after this function.  If there is no registered adder/accumulator following the multiply function, two pipeline stages are suggested to allow both the MREG and PREG registers to be used.  If the DSP48 was instantiated in the design, it is suggested to set both the MREG and PREG attributes to 1 when performing multiply functions.
Related violations: <none>

DPOP-4#508 Warning
MREG Output pipelining  
DSP u_pw_unit/u_pw_mac1/p_0_out__8__2 multiplier stage u_pw_unit/u_pw_mac1/p_0_out__8__2/P[47:0] is not pipelined (MREG=0). Pipelining the multiplier function will improve performance and will save significant power so it is suggested whenever possible to fully pipeline this function.  If this multiplier was inferred, it is suggested to describe an additional register stage after this function.  If there is no registered adder/accumulator following the multiply function, two pipeline stages are suggested to allow both the MREG and PREG registers to be used.  If the DSP48 was instantiated in the design, it is suggested to set both the MREG and PREG attributes to 1 when performing multiply functions.
Related violations: <none>

DPOP-4#509 Warning
MREG Output pipelining  
DSP u_pw_unit/u_pw_mac1/p_0_out__9 multiplier stage u_pw_unit/u_pw_mac1/p_0_out__9/P[47:0] is not pipelined (MREG=0). Pipelining the multiplier function will improve performance and will save significant power so it is suggested whenever possible to fully pipeline this function.  If this multiplier was inferred, it is suggested to describe an additional register stage after this function.  If there is no registered adder/accumulator following the multiply function, two pipeline stages are suggested to allow both the MREG and PREG registers to be used.  If the DSP48 was instantiated in the design, it is suggested to set both the MREG and PREG attributes to 1 when performing multiply functions.
Related violations: <none>

DPOP-4#510 Warning
MREG Output pipelining  
DSP u_pw_unit/u_pw_mac1/p_0_out__9__0 multiplier stage u_pw_unit/u_pw_mac1/p_0_out__9__0/P[47:0] is not pipelined (MREG=0). Pipelining the multiplier function will improve performance and will save significant power so it is suggested whenever possible to fully pipeline this function.  If this multiplier was inferred, it is suggested to describe an additional register stage after this function.  If there is no registered adder/accumulator following the multiply function, two pipeline stages are suggested to allow both the MREG and PREG registers to be used.  If the DSP48 was instantiated in the design, it is suggested to set both the MREG and PREG attributes to 1 when performing multiply functions.
Related violations: <none>

DPOP-4#511 Warning
MREG Output pipelining  
DSP u_pw_unit/u_pw_mac1/p_0_out__9__1 multiplier stage u_pw_unit/u_pw_mac1/p_0_out__9__1/P[47:0] is not pipelined (MREG=0). Pipelining the multiplier function will improve performance and will save significant power so it is suggested whenever possible to fully pipeline this function.  If this multiplier was inferred, it is suggested to describe an additional register stage after this function.  If there is no registered adder/accumulator following the multiply function, two pipeline stages are suggested to allow both the MREG and PREG registers to be used.  If the DSP48 was instantiated in the design, it is suggested to set both the MREG and PREG attributes to 1 when performing multiply functions.
Related violations: <none>

DPOP-4#512 Warning
MREG Output pipelining  
DSP u_pw_unit/u_pw_mac1/p_0_out__9__2 multiplier stage u_pw_unit/u_pw_mac1/p_0_out__9__2/P[47:0] is not pipelined (MREG=0). Pipelining the multiplier function will improve performance and will save significant power so it is suggested whenever possible to fully pipeline this function.  If this multiplier was inferred, it is suggested to describe an additional register stage after this function.  If there is no registered adder/accumulator following the multiply function, two pipeline stages are suggested to allow both the MREG and PREG registers to be used.  If the DSP48 was instantiated in the design, it is suggested to set both the MREG and PREG attributes to 1 when performing multiply functions.
Related violations: <none>


