Copyright 1986-2022 Xilinx, Inc. All Rights Reserved.
-----------------------------------------------------------------------------------------------------------------------------------------------------------------------------------------------------------
| Tool Version      : Vivado v.2022.2 (win64) Build 3671981 Fri Oct 14 05:00:03 MDT 2022
| Date              : Tue Apr 14 03:53:01 2026
| Host              : LAPTOP-92N761HV running 64-bit major release  (build 9200)
| Command           : report_timing_summary -max_paths 10 -report_unconstrained -file top_timing_summary_routed.rpt -pb top_timing_summary_routed.pb -rpx top_timing_summary_routed.rpx -warn_on_violation
| Design            : top
| Device            : xck26-sfvc784
| Speed File        : -2LV  PRODUCTION 1.30 05-15-2022
| Temperature Grade : C
-----------------------------------------------------------------------------------------------------------------------------------------------------------------------------------------------------------

Timing Summary Report

------------------------------------------------------------------------------------------------
| Timer Settings
| --------------
------------------------------------------------------------------------------------------------

  Enable Multi Corner Analysis               :  Yes
  Enable Pessimism Removal                   :  Yes
  Pessimism Removal Resolution               :  Nearest Common Node
  Enable Input Delay Default Clock           :  No
  Enable Preset / Clear Arcs                 :  No
  Disable Flight Delays                      :  No
  Ignore I/O Paths                           :  No
  Timing Early Launch at Borrowing Latches   :  No
  Borrow Time for Max Delay Exceptions       :  Yes
  Merge Timing Exceptions                    :  Yes

  Corner  Analyze    Analyze    
  Name    Max Paths  Min Paths  
  ------  ---------  ---------  
  Slow    Yes        Yes        
  Fast    Yes        Yes        


------------------------------------------------------------------------------------------------
| Report Methodology
| ------------------
------------------------------------------------------------------------------------------------

Rule       Severity  Description                    Violations  
---------  --------  -----------------------------  ----------  
DPIR-2     Warning   Asynchronous driver check      9216        
TIMING-16  Warning   Large setup violation          1000        
TIMING-18  Warning   Missing input or output delay  132         

Note: This report is based on the most recent report_methodology run and may not be up-to-date. Run report_methodology on the current design for the latest report.



check_timing report

Table of Contents
-----------------
1. checking no_clock (0)
2. checking constant_clock (0)
3. checking pulse_width_clock (0)
4. checking unconstrained_internal_endpoints (0)
5. checking no_input_delay (66)
6. checking no_output_delay (66)
7. checking multiple_clock (0)
8. checking generated_clocks (0)
9. checking loops (0)
10. checking partial_input_delay (0)
11. checking partial_output_delay (0)
12. checking latch_loops (0)

1. checking no_clock (0)
------------------------
 There are 0 register/latch pins with no clock.


2. checking constant_clock (0)
------------------------------
 There are 0 register/latch pins with constant_clock.


3. checking pulse_width_clock (0)
---------------------------------
 There are 0 register/latch pins which need pulse_width check


4. checking unconstrained_internal_endpoints (0)
------------------------------------------------
 There are 0 pins that are not constrained for maximum delay.

 There are 0 pins that are not constrained for maximum delay due to constant clock.


5. checking no_input_delay (66)
-------------------------------
 There are 66 input ports with no input delay specified. (HIGH)

 There are 0 input ports with no input delay but user has a false path constraint.


6. checking no_output_delay (66)
--------------------------------
 There are 66 ports with no output delay specified. (HIGH)

 There are 0 ports with no output delay but user has a false path constraint

 There are 0 ports with no output delay but with a timing clock defined on it or propagating through it


7. checking multiple_clock (0)
------------------------------
 There are 0 register/latch pins with multiple clocks.


8. checking generated_clocks (0)
--------------------------------
 There are 0 generated clocks that are not connected to a clock source.


9. checking loops (0)
---------------------
 There are 0 combinational loops in the design.


10. checking partial_input_delay (0)
------------------------------------
 There are 0 input ports with partial input delay specified.


11. checking partial_output_delay (0)
-------------------------------------
 There are 0 ports with partial output delay specified.


12. checking latch_loops (0)
----------------------------
 There are 0 combinational latch loops in the design through latch input



------------------------------------------------------------------------------------------------
| Design Timing Summary
| ---------------------
------------------------------------------------------------------------------------------------

    WNS(ns)      TNS(ns)  TNS Failing Endpoints  TNS Total Endpoints      WHS(ns)      THS(ns)  THS Failing Endpoints  THS Total Endpoints     WPWS(ns)     TPWS(ns)  TPWS Failing Endpoints  TPWS Total Endpoints  
    -------      -------  ---------------------  -------------------      -------      -------  ---------------------  -------------------     --------     --------  ----------------------  --------------------  
     -4.104  -515520.938                 301838               464352        0.045        0.000                      0               464352        0.000        0.000                       0                 91257  


Timing constraints are not met.


------------------------------------------------------------------------------------------------
| Clock Summary
| -------------
------------------------------------------------------------------------------------------------

Clock  Waveform(ns)         Period(ns)      Frequency(MHz)
-----  ------------         ----------      --------------
clk    {0.000 1.000}        2.000           500.000         


------------------------------------------------------------------------------------------------
| Intra Clock Table
| -----------------
------------------------------------------------------------------------------------------------

Clock             WNS(ns)      TNS(ns)  TNS Failing Endpoints  TNS Total Endpoints      WHS(ns)      THS(ns)  THS Failing Endpoints  THS Total Endpoints     WPWS(ns)     TPWS(ns)  TPWS Failing Endpoints  TPWS Total Endpoints  
-----             -------      -------  ---------------------  -------------------      -------      -------  ---------------------  -------------------     --------     --------  ----------------------  --------------------  
clk                -4.104  -515520.938                 301838               464352        0.045        0.000                      0               464352        0.000        0.000                       0                 91257  


------------------------------------------------------------------------------------------------
| Inter Clock Table
| -----------------
------------------------------------------------------------------------------------------------

From Clock    To Clock          WNS(ns)      TNS(ns)  TNS Failing Endpoints  TNS Total Endpoints      WHS(ns)      THS(ns)  THS Failing Endpoints  THS Total Endpoints  
----------    --------          -------      -------  ---------------------  -------------------      -------      -------  ---------------------  -------------------  


------------------------------------------------------------------------------------------------
| Other Path Groups Table
| -----------------------
------------------------------------------------------------------------------------------------

Path Group    From Clock    To Clock          WNS(ns)      TNS(ns)  TNS Failing Endpoints  TNS Total Endpoints      WHS(ns)      THS(ns)  THS Failing Endpoints  THS Total Endpoints  
----------    ----------    --------          -------      -------  ---------------------  -------------------      -------      -------  ---------------------  -------------------  


------------------------------------------------------------------------------------------------
| User Ignored Path Table
| -----------------------
------------------------------------------------------------------------------------------------

Path Group    From Clock    To Clock    
----------    ----------    --------    


------------------------------------------------------------------------------------------------
| Unconstrained Path Table
| ------------------------
------------------------------------------------------------------------------------------------

Path Group    From Clock    To Clock    
----------    ----------    --------    
(none)                                    
(none)        clk                         
(none)                      clk           


------------------------------------------------------------------------------------------------
| Timing Details
| --------------
------------------------------------------------------------------------------------------------


---------------------------------------------------------------------------------------------------
From Clock:  clk
  To Clock:  clk

Setup :       301838  Failing Endpoints,  Worst Slack       -4.104ns,  Total Violation  -515520.922ns
Hold  :            0  Failing Endpoints,  Worst Slack        0.045ns,  Total Violation        0.000ns
PW    :            0  Failing Endpoints,  Worst Slack        0.000ns,  Total Violation        0.000ns
---------------------------------------------------------------------------------------------------


Max Delay Paths
--------------------------------------------------------------------------------------
Slack (VIOLATED) :        -4.104ns  (required time - arrival time)
  Source:                 u_rd_fsm_control/o_stage_reg[0]/C
                            (rising edge-triggered cell FDRE clocked by clk  {rise@0.000ns fall@1.000ns period=2.000ns})
  Destination:            u_fsm_line_buffer0/LB_GEN[2].lb_inst/line_reg_r3_192_255_105_111/RAMC/I
                            (rising edge-triggered cell RAMD64E clocked by clk  {rise@0.000ns fall@1.000ns period=2.000ns})
  Path Group:             clk
  Path Type:              Setup (Max at Slow Process Corner)
  Requirement:            2.000ns  (clk rise@2.000ns - clk rise@0.000ns)
  Data Path Delay:        5.950ns  (logic 0.666ns (11.194%)  route 5.284ns (88.806%))
  Logic Levels:           4  (LUT2=1 LUT6=3)
  Clock Path Skew:        0.018ns (DCD - SCD + CPR)
    Destination Clock Delay (DCD):    0.059ns = ( 2.059 - 2.000 ) 
    Source Clock Delay      (SCD):    0.041ns
    Clock Pessimism Removal (CPR):    0.000ns
  Clock Uncertainty:      0.035ns  ((TSJ^2 + TIJ^2)^1/2 + DJ) / 2 + PE
    Total System Jitter     (TSJ):    0.071ns
    Total Input Jitter      (TIJ):    0.000ns
    Discrete Jitter          (DJ):    0.000ns
    Phase Error              (PE):    0.000ns

    Location             Delay type                Incr(ns)  Path(ns)    Netlist Resource(s)
  -------------------------------------------------------------------    -------------------
                         (clock clk rise edge)        0.000     0.000 r  
                                                      0.000     0.000 r  i_clk (IN)
                         net (fo=94970, unset)        0.041     0.041    u_rd_fsm_control/i_clk
    SLICE_X56Y139        FDRE                                         r  u_rd_fsm_control/o_stage_reg[0]/C
  -------------------------------------------------------------------    -------------------
    SLICE_X56Y139        FDRE (Prop_DFF2_SLICEL_C_Q)
                                                      0.115     0.156 f  u_rd_fsm_control/o_stage_reg[0]/Q
                         net (fo=2400, routed)        0.702     0.858    u_fsm_line_buffer0/LB_GEN[1].lb_inst/line_reg_r1_0_63_0_6_i_17[0]
    SLICE_X51Y130        LUT6 (Prop_F6LUT_SLICEL_I0_O)
                                                      0.224     1.082 r  u_fsm_line_buffer0/LB_GEN[1].lb_inst/line_reg_r1_0_63_49_55_i_65/O
                         net (fo=128, routed)         1.110     2.192    mem_4/bank_gen[1].u_mem_bank/line_reg_r1_0_63_70_76_i_8
    SLICE_X47Y90         LUT6 (Prop_C6LUT_SLICEL_I0_O)
                                                      0.187     2.379 r  mem_4/bank_gen[1].u_mem_bank/line_reg_r1_0_63_105_111_i_31/O
                         net (fo=1, routed)           0.596     2.975    mem_0/bank_gen[13].u_mem_bank/line_reg_r1_0_63_105_111_i_3_3
    SLICE_X46Y123        LUT6 (Prop_D6LUT_SLICEL_I4_O)
                                                      0.057     3.032 r  mem_0/bank_gen[13].u_mem_bank/line_reg_r1_0_63_105_111_i_10/O
                         net (fo=1, routed)           0.657     3.689    mem_0/bank_gen[13].u_mem_bank/top_ds0_pixel[107]
    SLICE_X41Y140        LUT2 (Prop_E6LUT_SLICEM_I0_O)
                                                      0.083     3.772 r  mem_0/bank_gen[13].u_mem_bank/line_reg_r1_0_63_105_111_i_3/O
                         net (fo=60, routed)          2.218     5.991    u_fsm_line_buffer0/LB_GEN[2].lb_inst/line_reg_r3_192_255_105_111/DIC
    SLICE_X13Y215        RAMD64E                                      r  u_fsm_line_buffer0/LB_GEN[2].lb_inst/line_reg_r3_192_255_105_111/RAMC/I
  -------------------------------------------------------------------    -------------------

                         (clock clk rise edge)        2.000     2.000 r  
                                                      0.000     2.000 r  i_clk (IN)
                         net (fo=94970, unset)        0.059     2.059    u_fsm_line_buffer0/LB_GEN[2].lb_inst/line_reg_r3_192_255_105_111/WCLK
    SLICE_X13Y215        RAMD64E                                      r  u_fsm_line_buffer0/LB_GEN[2].lb_inst/line_reg_r3_192_255_105_111/RAMC/CLK
                         clock pessimism              0.000     2.059    
                         clock uncertainty           -0.035     2.024    
    SLICE_X13Y215        RAMD64E (Setup_C6LUT_SLICEM_CLK_I)
                                                     -0.137     1.887    u_fsm_line_buffer0/LB_GEN[2].lb_inst/line_reg_r3_192_255_105_111/RAMC
  -------------------------------------------------------------------
                         required time                          1.887    
                         arrival time                          -5.991    
  -------------------------------------------------------------------
                         slack                                 -4.104    

Slack (VIOLATED) :        -4.084ns  (required time - arrival time)
  Source:                 u_rd_fsm_control/o_stage_reg[0]/C
                            (rising edge-triggered cell FDRE clocked by clk  {rise@0.000ns fall@1.000ns period=2.000ns})
  Destination:            u_fsm_line_buffer0/LB_GEN[2].lb_inst/line_reg_r2_0_63_105_111/RAMC/I
                            (rising edge-triggered cell RAMD64E clocked by clk  {rise@0.000ns fall@1.000ns period=2.000ns})
  Path Group:             clk
  Path Type:              Setup (Max at Slow Process Corner)
  Requirement:            2.000ns  (clk rise@2.000ns - clk rise@0.000ns)
  Data Path Delay:        5.930ns  (logic 0.666ns (11.232%)  route 5.264ns (88.768%))
  Logic Levels:           4  (LUT2=1 LUT6=3)
  Clock Path Skew:        0.018ns (DCD - SCD + CPR)
    Destination Clock Delay (DCD):    0.059ns = ( 2.059 - 2.000 ) 
    Source Clock Delay      (SCD):    0.041ns
    Clock Pessimism Removal (CPR):    0.000ns
  Clock Uncertainty:      0.035ns  ((TSJ^2 + TIJ^2)^1/2 + DJ) / 2 + PE
    Total System Jitter     (TSJ):    0.071ns
    Total Input Jitter      (TIJ):    0.000ns
    Discrete Jitter          (DJ):    0.000ns
    Phase Error              (PE):    0.000ns

    Location             Delay type                Incr(ns)  Path(ns)    Netlist Resource(s)
  -------------------------------------------------------------------    -------------------
                         (clock clk rise edge)        0.000     0.000 r  
                                                      0.000     0.000 r  i_clk (IN)
                         net (fo=94970, unset)        0.041     0.041    u_rd_fsm_control/i_clk
    SLICE_X56Y139        FDRE                                         r  u_rd_fsm_control/o_stage_reg[0]/C
  -------------------------------------------------------------------    -------------------
    SLICE_X56Y139        FDRE (Prop_DFF2_SLICEL_C_Q)
                                                      0.115     0.156 f  u_rd_fsm_control/o_stage_reg[0]/Q
                         net (fo=2400, routed)        0.702     0.858    u_fsm_line_buffer0/LB_GEN[1].lb_inst/line_reg_r1_0_63_0_6_i_17[0]
    SLICE_X51Y130        LUT6 (Prop_F6LUT_SLICEL_I0_O)
                                                      0.224     1.082 r  u_fsm_line_buffer0/LB_GEN[1].lb_inst/line_reg_r1_0_63_49_55_i_65/O
                         net (fo=128, routed)         1.110     2.192    mem_4/bank_gen[1].u_mem_bank/line_reg_r1_0_63_70_76_i_8
    SLICE_X47Y90         LUT6 (Prop_C6LUT_SLICEL_I0_O)
                                                      0.187     2.379 r  mem_4/bank_gen[1].u_mem_bank/line_reg_r1_0_63_105_111_i_31/O
                         net (fo=1, routed)           0.596     2.975    mem_0/bank_gen[13].u_mem_bank/line_reg_r1_0_63_105_111_i_3_3
    SLICE_X46Y123        LUT6 (Prop_D6LUT_SLICEL_I4_O)
                                                      0.057     3.032 r  mem_0/bank_gen[13].u_mem_bank/line_reg_r1_0_63_105_111_i_10/O
                         net (fo=1, routed)           0.657     3.689    mem_0/bank_gen[13].u_mem_bank/top_ds0_pixel[107]
    SLICE_X41Y140        LUT2 (Prop_E6LUT_SLICEM_I0_O)
                                                      0.083     3.772 r  mem_0/bank_gen[13].u_mem_bank/line_reg_r1_0_63_105_111_i_3/O
                         net (fo=60, routed)          2.199     5.971    u_fsm_line_buffer0/LB_GEN[2].lb_inst/line_reg_r2_0_63_105_111/DIC
    SLICE_X20Y227        RAMD64E                                      r  u_fsm_line_buffer0/LB_GEN[2].lb_inst/line_reg_r2_0_63_105_111/RAMC/I
  -------------------------------------------------------------------    -------------------

                         (clock clk rise edge)        2.000     2.000 r  
                                                      0.000     2.000 r  i_clk (IN)
                         net (fo=94970, unset)        0.059     2.059    u_fsm_line_buffer0/LB_GEN[2].lb_inst/line_reg_r2_0_63_105_111/WCLK
    SLICE_X20Y227        RAMD64E                                      r  u_fsm_line_buffer0/LB_GEN[2].lb_inst/line_reg_r2_0_63_105_111/RAMC/CLK
                         clock pessimism              0.000     2.059    
                         clock uncertainty           -0.035     2.024    
    SLICE_X20Y227        RAMD64E (Setup_C6LUT_SLICEM_CLK_I)
                                                     -0.137     1.887    u_fsm_line_buffer0/LB_GEN[2].lb_inst/line_reg_r2_0_63_105_111/RAMC
  -------------------------------------------------------------------
                         required time                          1.887    
                         arrival time                          -5.971    
  -------------------------------------------------------------------
                         slack                                 -4.084    

Slack (VIOLATED) :        -4.084ns  (required time - arrival time)
  Source:                 u_rd_fsm_control/o_stage_reg[0]/C
                            (rising edge-triggered cell FDRE clocked by clk  {rise@0.000ns fall@1.000ns period=2.000ns})
  Destination:            u_fsm_line_buffer0/LB_GEN[2].lb_inst/line_reg_r2_192_255_105_111/RAMC/I
                            (rising edge-triggered cell RAMD64E clocked by clk  {rise@0.000ns fall@1.000ns period=2.000ns})
  Path Group:             clk
  Path Type:              Setup (Max at Slow Process Corner)
  Requirement:            2.000ns  (clk rise@2.000ns - clk rise@0.000ns)
  Data Path Delay:        5.930ns  (logic 0.666ns (11.232%)  route 5.264ns (88.768%))
  Logic Levels:           4  (LUT2=1 LUT6=3)
  Clock Path Skew:        0.018ns (DCD - SCD + CPR)
    Destination Clock Delay (DCD):    0.059ns = ( 2.059 - 2.000 ) 
    Source Clock Delay      (SCD):    0.041ns
    Clock Pessimism Removal (CPR):    0.000ns
  Clock Uncertainty:      0.035ns  ((TSJ^2 + TIJ^2)^1/2 + DJ) / 2 + PE
    Total System Jitter     (TSJ):    0.071ns
    Total Input Jitter      (TIJ):    0.000ns
    Discrete Jitter          (DJ):    0.000ns
    Phase Error              (PE):    0.000ns

    Location             Delay type                Incr(ns)  Path(ns)    Netlist Resource(s)
  -------------------------------------------------------------------    -------------------
                         (clock clk rise edge)        0.000     0.000 r  
                                                      0.000     0.000 r  i_clk (IN)
                         net (fo=94970, unset)        0.041     0.041    u_rd_fsm_control/i_clk
    SLICE_X56Y139        FDRE                                         r  u_rd_fsm_control/o_stage_reg[0]/C
  -------------------------------------------------------------------    -------------------
    SLICE_X56Y139        FDRE (Prop_DFF2_SLICEL_C_Q)
                                                      0.115     0.156 f  u_rd_fsm_control/o_stage_reg[0]/Q
                         net (fo=2400, routed)        0.702     0.858    u_fsm_line_buffer0/LB_GEN[1].lb_inst/line_reg_r1_0_63_0_6_i_17[0]
    SLICE_X51Y130        LUT6 (Prop_F6LUT_SLICEL_I0_O)
                                                      0.224     1.082 r  u_fsm_line_buffer0/LB_GEN[1].lb_inst/line_reg_r1_0_63_49_55_i_65/O
                         net (fo=128, routed)         1.110     2.192    mem_4/bank_gen[1].u_mem_bank/line_reg_r1_0_63_70_76_i_8
    SLICE_X47Y90         LUT6 (Prop_C6LUT_SLICEL_I0_O)
                                                      0.187     2.379 r  mem_4/bank_gen[1].u_mem_bank/line_reg_r1_0_63_105_111_i_31/O
                         net (fo=1, routed)           0.596     2.975    mem_0/bank_gen[13].u_mem_bank/line_reg_r1_0_63_105_111_i_3_3
    SLICE_X46Y123        LUT6 (Prop_D6LUT_SLICEL_I4_O)
                                                      0.057     3.032 r  mem_0/bank_gen[13].u_mem_bank/line_reg_r1_0_63_105_111_i_10/O
                         net (fo=1, routed)           0.657     3.689    mem_0/bank_gen[13].u_mem_bank/top_ds0_pixel[107]
    SLICE_X41Y140        LUT2 (Prop_E6LUT_SLICEM_I0_O)
                                                      0.083     3.772 r  mem_0/bank_gen[13].u_mem_bank/line_reg_r1_0_63_105_111_i_3/O
                         net (fo=60, routed)          2.199     5.971    u_fsm_line_buffer0/LB_GEN[2].lb_inst/line_reg_r2_192_255_105_111/DIC
    SLICE_X20Y229        RAMD64E                                      r  u_fsm_line_buffer0/LB_GEN[2].lb_inst/line_reg_r2_192_255_105_111/RAMC/I
  -------------------------------------------------------------------    -------------------

                         (clock clk rise edge)        2.000     2.000 r  
                                                      0.000     2.000 r  i_clk (IN)
                         net (fo=94970, unset)        0.059     2.059    u_fsm_line_buffer0/LB_GEN[2].lb_inst/line_reg_r2_192_255_105_111/WCLK
    SLICE_X20Y229        RAMD64E                                      r  u_fsm_line_buffer0/LB_GEN[2].lb_inst/line_reg_r2_192_255_105_111/RAMC/CLK
                         clock pessimism              0.000     2.059    
                         clock uncertainty           -0.035     2.024    
    SLICE_X20Y229        RAMD64E (Setup_C6LUT_SLICEM_CLK_I)
                                                     -0.137     1.887    u_fsm_line_buffer0/LB_GEN[2].lb_inst/line_reg_r2_192_255_105_111/RAMC
  -------------------------------------------------------------------
                         required time                          1.887    
                         arrival time                          -5.971    
  -------------------------------------------------------------------
                         slack                                 -4.084    

Slack (VIOLATED) :        -4.069ns  (required time - arrival time)
  Source:                 u_rd_fsm_control/o_stage_reg[0]/C
                            (rising edge-triggered cell FDRE clocked by clk  {rise@0.000ns fall@1.000ns period=2.000ns})
  Destination:            u_fsm_line_buffer0/LB_GEN[2].lb_inst/line_reg_r1_64_127_105_111/RAMC/I
                            (rising edge-triggered cell RAMD64E clocked by clk  {rise@0.000ns fall@1.000ns period=2.000ns})
  Path Group:             clk
  Path Type:              Setup (Max at Slow Process Corner)
  Requirement:            2.000ns  (clk rise@2.000ns - clk rise@0.000ns)
  Data Path Delay:        5.915ns  (logic 0.666ns (11.260%)  route 5.249ns (88.740%))
  Logic Levels:           4  (LUT2=1 LUT6=3)
  Clock Path Skew:        0.018ns (DCD - SCD + CPR)
    Destination Clock Delay (DCD):    0.059ns = ( 2.059 - 2.000 ) 
    Source Clock Delay      (SCD):    0.041ns
    Clock Pessimism Removal (CPR):    0.000ns
  Clock Uncertainty:      0.035ns  ((TSJ^2 + TIJ^2)^1/2 + DJ) / 2 + PE
    Total System Jitter     (TSJ):    0.071ns
    Total Input Jitter      (TIJ):    0.000ns
    Discrete Jitter          (DJ):    0.000ns
    Phase Error              (PE):    0.000ns

    Location             Delay type                Incr(ns)  Path(ns)    Netlist Resource(s)
  -------------------------------------------------------------------    -------------------
                         (clock clk rise edge)        0.000     0.000 r  
                                                      0.000     0.000 r  i_clk (IN)
                         net (fo=94970, unset)        0.041     0.041    u_rd_fsm_control/i_clk
    SLICE_X56Y139        FDRE                                         r  u_rd_fsm_control/o_stage_reg[0]/C
  -------------------------------------------------------------------    -------------------
    SLICE_X56Y139        FDRE (Prop_DFF2_SLICEL_C_Q)
                                                      0.115     0.156 f  u_rd_fsm_control/o_stage_reg[0]/Q
                         net (fo=2400, routed)        0.702     0.858    u_fsm_line_buffer0/LB_GEN[1].lb_inst/line_reg_r1_0_63_0_6_i_17[0]
    SLICE_X51Y130        LUT6 (Prop_F6LUT_SLICEL_I0_O)
                                                      0.224     1.082 r  u_fsm_line_buffer0/LB_GEN[1].lb_inst/line_reg_r1_0_63_49_55_i_65/O
                         net (fo=128, routed)         1.110     2.192    mem_4/bank_gen[1].u_mem_bank/line_reg_r1_0_63_70_76_i_8
    SLICE_X47Y90         LUT6 (Prop_C6LUT_SLICEL_I0_O)
                                                      0.187     2.379 r  mem_4/bank_gen[1].u_mem_bank/line_reg_r1_0_63_105_111_i_31/O
                         net (fo=1, routed)           0.596     2.975    mem_0/bank_gen[13].u_mem_bank/line_reg_r1_0_63_105_111_i_3_3
    SLICE_X46Y123        LUT6 (Prop_D6LUT_SLICEL_I4_O)
                                                      0.057     3.032 r  mem_0/bank_gen[13].u_mem_bank/line_reg_r1_0_63_105_111_i_10/O
                         net (fo=1, routed)           0.657     3.689    mem_0/bank_gen[13].u_mem_bank/top_ds0_pixel[107]
    SLICE_X41Y140        LUT2 (Prop_E6LUT_SLICEM_I0_O)
                                                      0.083     3.772 r  mem_0/bank_gen[13].u_mem_bank/line_reg_r1_0_63_105_111_i_3/O
                         net (fo=60, routed)          2.184     5.956    u_fsm_line_buffer0/LB_GEN[2].lb_inst/line_reg_r1_64_127_105_111/DIC
    SLICE_X8Y191         RAMD64E                                      r  u_fsm_line_buffer0/LB_GEN[2].lb_inst/line_reg_r1_64_127_105_111/RAMC/I
  -------------------------------------------------------------------    -------------------

                         (clock clk rise edge)        2.000     2.000 r  
                                                      0.000     2.000 r  i_clk (IN)
                         net (fo=94970, unset)        0.059     2.059    u_fsm_line_buffer0/LB_GEN[2].lb_inst/line_reg_r1_64_127_105_111/WCLK
    SLICE_X8Y191         RAMD64E                                      r  u_fsm_line_buffer0/LB_GEN[2].lb_inst/line_reg_r1_64_127_105_111/RAMC/CLK
                         clock pessimism              0.000     2.059    
                         clock uncertainty           -0.035     2.024    
    SLICE_X8Y191         RAMD64E (Setup_C6LUT_SLICEM_CLK_I)
                                                     -0.137     1.887    u_fsm_line_buffer0/LB_GEN[2].lb_inst/line_reg_r1_64_127_105_111/RAMC
  -------------------------------------------------------------------
                         required time                          1.887    
                         arrival time                          -5.956    
  -------------------------------------------------------------------
                         slack                                 -4.069    

Slack (VIOLATED) :        -4.059ns  (required time - arrival time)
  Source:                 u_rd_fsm_control/o_stage_reg[2]/C
                            (rising edge-triggered cell FDRE clocked by clk  {rise@0.000ns fall@1.000ns period=2.000ns})
  Destination:            u_fsm_line_buffer0/LB_GEN[2].lb_inst/line_reg_r2_0_63_217_223/RAMA/I
                            (rising edge-triggered cell RAMD64E clocked by clk  {rise@0.000ns fall@1.000ns period=2.000ns})
  Path Group:             clk
  Path Type:              Setup (Max at Slow Process Corner)
  Requirement:            2.000ns  (clk rise@2.000ns - clk rise@0.000ns)
  Data Path Delay:        5.904ns  (logic 0.658ns (11.145%)  route 5.246ns (88.855%))
  Logic Levels:           4  (LUT2=1 LUT6=3)
  Clock Path Skew:        0.017ns (DCD - SCD + CPR)
    Destination Clock Delay (DCD):    0.059ns = ( 2.059 - 2.000 ) 
    Source Clock Delay      (SCD):    0.042ns
    Clock Pessimism Removal (CPR):    0.000ns
  Clock Uncertainty:      0.035ns  ((TSJ^2 + TIJ^2)^1/2 + DJ) / 2 + PE
    Total System Jitter     (TSJ):    0.071ns
    Total Input Jitter      (TIJ):    0.000ns
    Discrete Jitter          (DJ):    0.000ns
    Phase Error              (PE):    0.000ns

    Location             Delay type                Incr(ns)  Path(ns)    Netlist Resource(s)
  -------------------------------------------------------------------    -------------------
                         (clock clk rise edge)        0.000     0.000 r  
                                                      0.000     0.000 r  i_clk (IN)
                         net (fo=94970, unset)        0.042     0.042    u_rd_fsm_control/i_clk
    SLICE_X52Y144        FDRE                                         r  u_rd_fsm_control/o_stage_reg[2]/C
  -------------------------------------------------------------------    -------------------
    SLICE_X52Y144        FDRE (Prop_HFF_SLICEL_C_Q)
                                                      0.113     0.155 f  u_rd_fsm_control/o_stage_reg[2]/Q
                         net (fo=2717, routed)        0.947     1.102    u_fsm_line_buffer0/LB_GEN[1].lb_inst/line_reg_r1_0_63_0_6_i_17[2]
    SLICE_X55Y98         LUT6 (Prop_G6LUT_SLICEL_I5_O)
                                                      0.226     1.328 r  u_fsm_line_buffer0/LB_GEN[1].lb_inst/line_reg_r1_0_63_147_153_i_60/O
                         net (fo=64, routed)          0.892     2.220    mem_0/bank_gen[11].u_mem_bank/line_reg_r1_0_63_252_255_i_5_0
    SLICE_X44Y78         LUT6 (Prop_H6LUT_SLICEL_I2_O)
                                                      0.137     2.357 r  mem_0/bank_gen[11].u_mem_bank/line_reg_r1_0_63_217_223_i_16/O
                         net (fo=1, routed)           0.810     3.167    mem_0/bank_gen[15].u_mem_bank/line_reg_r1_0_63_217_223_i_1_0
    SLICE_X40Y100        LUT6 (Prop_G6LUT_SLICEM_I1_O)
                                                      0.082     3.249 r  mem_0/bank_gen[15].u_mem_bank/line_reg_r1_0_63_217_223_i_8/O
                         net (fo=1, routed)           0.660     3.909    mem_0/bank_gen[15].u_mem_bank/top_ds0_pixel[217]
    SLICE_X37Y140        LUT2 (Prop_F5LUT_SLICEM_I0_O)
                                                      0.100     4.009 r  mem_0/bank_gen[15].u_mem_bank/line_reg_r1_0_63_217_223_i_1/O
                         net (fo=60, routed)          1.937     5.946    u_fsm_line_buffer0/LB_GEN[2].lb_inst/line_reg_r2_0_63_217_223/DIA
    SLICE_X7Y178         RAMD64E                                      r  u_fsm_line_buffer0/LB_GEN[2].lb_inst/line_reg_r2_0_63_217_223/RAMA/I
  -------------------------------------------------------------------    -------------------

                         (clock clk rise edge)        2.000     2.000 r  
                                                      0.000     2.000 r  i_clk (IN)
                         net (fo=94970, unset)        0.059     2.059    u_fsm_line_buffer0/LB_GEN[2].lb_inst/line_reg_r2_0_63_217_223/WCLK
    SLICE_X7Y178         RAMD64E                                      r  u_fsm_line_buffer0/LB_GEN[2].lb_inst/line_reg_r2_0_63_217_223/RAMA/CLK
                         clock pessimism              0.000     2.059    
                         clock uncertainty           -0.035     2.024    
    SLICE_X7Y178         RAMD64E (Setup_A6LUT_SLICEM_CLK_I)
                                                     -0.137     1.887    u_fsm_line_buffer0/LB_GEN[2].lb_inst/line_reg_r2_0_63_217_223/RAMA
  -------------------------------------------------------------------
                         required time                          1.887    
                         arrival time                          -5.946    
  -------------------------------------------------------------------
                         slack                                 -4.059    

Slack (VIOLATED) :        -4.046ns  (required time - arrival time)
  Source:                 u_rd_fsm_control/o_stage_reg[3]/C
                            (rising edge-triggered cell FDRE clocked by clk  {rise@0.000ns fall@1.000ns period=2.000ns})
  Destination:            u_fsm_line_buffer0/LB_GEN[2].lb_inst/line_reg_r3_192_255_238_244/RAMB/I
                            (rising edge-triggered cell RAMD64E clocked by clk  {rise@0.000ns fall@1.000ns period=2.000ns})
  Path Group:             clk
  Path Type:              Setup (Max at Slow Process Corner)
  Requirement:            2.000ns  (clk rise@2.000ns - clk rise@0.000ns)
  Data Path Delay:        5.892ns  (logic 0.834ns (14.155%)  route 5.058ns (85.845%))
  Logic Levels:           4  (LUT2=1 LUT6=3)
  Clock Path Skew:        0.018ns (DCD - SCD + CPR)
    Destination Clock Delay (DCD):    0.059ns = ( 2.059 - 2.000 ) 
    Source Clock Delay      (SCD):    0.041ns
    Clock Pessimism Removal (CPR):    0.000ns
  Clock Uncertainty:      0.035ns  ((TSJ^2 + TIJ^2)^1/2 + DJ) / 2 + PE
    Total System Jitter     (TSJ):    0.071ns
    Total Input Jitter      (TIJ):    0.000ns
    Discrete Jitter          (DJ):    0.000ns
    Phase Error              (PE):    0.000ns

    Location             Delay type                Incr(ns)  Path(ns)    Netlist Resource(s)
  -------------------------------------------------------------------    -------------------
                         (clock clk rise edge)        0.000     0.000 r  
                                                      0.000     0.000 r  i_clk (IN)
                         net (fo=94970, unset)        0.041     0.041    u_rd_fsm_control/i_clk
    SLICE_X56Y139        FDRE                                         r  u_rd_fsm_control/o_stage_reg[3]/C
  -------------------------------------------------------------------    -------------------
    SLICE_X56Y139        FDRE (Prop_CFF2_SLICEL_C_Q)
                                                      0.115     0.156 f  u_rd_fsm_control/o_stage_reg[3]/Q
                         net (fo=1717, routed)        0.793     0.949    u_fsm_line_buffer0/LB_GEN[1].lb_inst/line_reg_r1_0_63_0_6_i_17[3]
    SLICE_X52Y107        LUT6 (Prop_D6LUT_SLICEL_I1_O)
                                                      0.221     1.170 r  u_fsm_line_buffer0/LB_GEN[1].lb_inst/line_reg_r1_0_63_147_153_i_61/O
                         net (fo=64, routed)          1.134     2.305    mem_0/bank_gen[11].u_mem_bank/line_reg_r1_0_63_252_255_i_5_1
    SLICE_X46Y65         LUT6 (Prop_F6LUT_SLICEL_I5_O)
                                                      0.224     2.529 r  mem_0/bank_gen[11].u_mem_bank/line_reg_r1_0_63_238_244_i_22/O
                         net (fo=1, routed)           0.389     2.918    mem_0/bank_gen[15].u_mem_bank/line_reg_r1_0_63_238_244_i_2_0
    SLICE_X42Y77         LUT6 (Prop_F6LUT_SLICEL_I1_O)
                                                      0.136     3.054 r  mem_0/bank_gen[15].u_mem_bank/line_reg_r1_0_63_238_244_i_9/O
                         net (fo=1, routed)           0.626     3.680    mem_0/bank_gen[15].u_mem_bank/top_ds0_pixel[239]
    SLICE_X38Y117        LUT2 (Prop_A6LUT_SLICEM_I0_O)
                                                      0.138     3.818 r  mem_0/bank_gen[15].u_mem_bank/line_reg_r1_0_63_238_244_i_2/O
                         net (fo=60, routed)          2.115     5.933    u_fsm_line_buffer0/LB_GEN[2].lb_inst/line_reg_r3_192_255_238_244/DIB
    SLICE_X10Y189        RAMD64E                                      r  u_fsm_line_buffer0/LB_GEN[2].lb_inst/line_reg_r3_192_255_238_244/RAMB/I
  -------------------------------------------------------------------    -------------------

                         (clock clk rise edge)        2.000     2.000 r  
                                                      0.000     2.000 r  i_clk (IN)
                         net (fo=94970, unset)        0.059     2.059    u_fsm_line_buffer0/LB_GEN[2].lb_inst/line_reg_r3_192_255_238_244/WCLK
    SLICE_X10Y189        RAMD64E                                      r  u_fsm_line_buffer0/LB_GEN[2].lb_inst/line_reg_r3_192_255_238_244/RAMB/CLK
                         clock pessimism              0.000     2.059    
                         clock uncertainty           -0.035     2.024    
    SLICE_X10Y189        RAMD64E (Setup_B6LUT_SLICEM_CLK_I)
                                                     -0.137     1.887    u_fsm_line_buffer0/LB_GEN[2].lb_inst/line_reg_r3_192_255_238_244/RAMB
  -------------------------------------------------------------------
                         required time                          1.887    
                         arrival time                          -5.933    
  -------------------------------------------------------------------
                         slack                                 -4.046    

Slack (VIOLATED) :        -4.038ns  (required time - arrival time)
  Source:                 u_rd_fsm_control/o_stage_reg[0]/C
                            (rising edge-triggered cell FDRE clocked by clk  {rise@0.000ns fall@1.000ns period=2.000ns})
  Destination:            u_fsm_line_buffer0/LB_GEN[2].lb_inst/line_reg_r3_64_127_105_111/RAMC/I
                            (rising edge-triggered cell RAMD64E clocked by clk  {rise@0.000ns fall@1.000ns period=2.000ns})
  Path Group:             clk
  Path Type:              Setup (Max at Slow Process Corner)
  Requirement:            2.000ns  (clk rise@2.000ns - clk rise@0.000ns)
  Data Path Delay:        5.883ns  (logic 0.666ns (11.320%)  route 5.217ns (88.680%))
  Logic Levels:           4  (LUT2=1 LUT6=3)
  Clock Path Skew:        0.018ns (DCD - SCD + CPR)
    Destination Clock Delay (DCD):    0.059ns = ( 2.059 - 2.000 ) 
    Source Clock Delay      (SCD):    0.041ns
    Clock Pessimism Removal (CPR):    0.000ns
  Clock Uncertainty:      0.035ns  ((TSJ^2 + TIJ^2)^1/2 + DJ) / 2 + PE
    Total System Jitter     (TSJ):    0.071ns
    Total Input Jitter      (TIJ):    0.000ns
    Discrete Jitter          (DJ):    0.000ns
    Phase Error              (PE):    0.000ns

    Location             Delay type                Incr(ns)  Path(ns)    Netlist Resource(s)
  -------------------------------------------------------------------    -------------------
                         (clock clk rise edge)        0.000     0.000 r  
                                                      0.000     0.000 r  i_clk (IN)
                         net (fo=94970, unset)        0.041     0.041    u_rd_fsm_control/i_clk
    SLICE_X56Y139        FDRE                                         r  u_rd_fsm_control/o_stage_reg[0]/C
  -------------------------------------------------------------------    -------------------
    SLICE_X56Y139        FDRE (Prop_DFF2_SLICEL_C_Q)
                                                      0.115     0.156 f  u_rd_fsm_control/o_stage_reg[0]/Q
                         net (fo=2400, routed)        0.702     0.858    u_fsm_line_buffer0/LB_GEN[1].lb_inst/line_reg_r1_0_63_0_6_i_17[0]
    SLICE_X51Y130        LUT6 (Prop_F6LUT_SLICEL_I0_O)
                                                      0.224     1.082 r  u_fsm_line_buffer0/LB_GEN[1].lb_inst/line_reg_r1_0_63_49_55_i_65/O
                         net (fo=128, routed)         1.110     2.192    mem_4/bank_gen[1].u_mem_bank/line_reg_r1_0_63_70_76_i_8
    SLICE_X47Y90         LUT6 (Prop_C6LUT_SLICEL_I0_O)
                                                      0.187     2.379 r  mem_4/bank_gen[1].u_mem_bank/line_reg_r1_0_63_105_111_i_31/O
                         net (fo=1, routed)           0.596     2.975    mem_0/bank_gen[13].u_mem_bank/line_reg_r1_0_63_105_111_i_3_3
    SLICE_X46Y123        LUT6 (Prop_D6LUT_SLICEL_I4_O)
                                                      0.057     3.032 r  mem_0/bank_gen[13].u_mem_bank/line_reg_r1_0_63_105_111_i_10/O
                         net (fo=1, routed)           0.657     3.689    mem_0/bank_gen[13].u_mem_bank/top_ds0_pixel[107]
    SLICE_X41Y140        LUT2 (Prop_E6LUT_SLICEM_I0_O)
                                                      0.083     3.772 r  mem_0/bank_gen[13].u_mem_bank/line_reg_r1_0_63_105_111_i_3/O
                         net (fo=60, routed)          2.152     5.924    u_fsm_line_buffer0/LB_GEN[2].lb_inst/line_reg_r3_64_127_105_111/DIC
    SLICE_X13Y214        RAMD64E                                      r  u_fsm_line_buffer0/LB_GEN[2].lb_inst/line_reg_r3_64_127_105_111/RAMC/I
  -------------------------------------------------------------------    -------------------

                         (clock clk rise edge)        2.000     2.000 r  
                                                      0.000     2.000 r  i_clk (IN)
                         net (fo=94970, unset)        0.059     2.059    u_fsm_line_buffer0/LB_GEN[2].lb_inst/line_reg_r3_64_127_105_111/WCLK
    SLICE_X13Y214        RAMD64E                                      r  u_fsm_line_buffer0/LB_GEN[2].lb_inst/line_reg_r3_64_127_105_111/RAMC/CLK
                         clock pessimism              0.000     2.059    
                         clock uncertainty           -0.035     2.024    
    SLICE_X13Y214        RAMD64E (Setup_C6LUT_SLICEM_CLK_I)
                                                     -0.137     1.887    u_fsm_line_buffer0/LB_GEN[2].lb_inst/line_reg_r3_64_127_105_111/RAMC
  -------------------------------------------------------------------
                         required time                          1.887    
                         arrival time                          -5.924    
  -------------------------------------------------------------------
                         slack                                 -4.038    

Slack (VIOLATED) :        -4.035ns  (required time - arrival time)
  Source:                 u_rd_fsm_control/o_stage_reg[3]/C
                            (rising edge-triggered cell FDRE clocked by clk  {rise@0.000ns fall@1.000ns period=2.000ns})
  Destination:            u_fsm_line_buffer0/LB_GEN[2].lb_inst/line_reg_r3_64_127_224_230/RAMB/I
                            (rising edge-triggered cell RAMD64E clocked by clk  {rise@0.000ns fall@1.000ns period=2.000ns})
  Path Group:             clk
  Path Type:              Setup (Max at Slow Process Corner)
  Requirement:            2.000ns  (clk rise@2.000ns - clk rise@0.000ns)
  Data Path Delay:        5.881ns  (logic 0.758ns (12.889%)  route 5.123ns (87.111%))
  Logic Levels:           4  (LUT2=1 LUT6=3)
  Clock Path Skew:        0.018ns (DCD - SCD + CPR)
    Destination Clock Delay (DCD):    0.059ns = ( 2.059 - 2.000 ) 
    Source Clock Delay      (SCD):    0.041ns
    Clock Pessimism Removal (CPR):    0.000ns
  Clock Uncertainty:      0.035ns  ((TSJ^2 + TIJ^2)^1/2 + DJ) / 2 + PE
    Total System Jitter     (TSJ):    0.071ns
    Total Input Jitter      (TIJ):    0.000ns
    Discrete Jitter          (DJ):    0.000ns
    Phase Error              (PE):    0.000ns

    Location             Delay type                Incr(ns)  Path(ns)    Netlist Resource(s)
  -------------------------------------------------------------------    -------------------
                         (clock clk rise edge)        0.000     0.000 r  
                                                      0.000     0.000 r  i_clk (IN)
                         net (fo=94970, unset)        0.041     0.041    u_rd_fsm_control/i_clk
    SLICE_X56Y139        FDRE                                         r  u_rd_fsm_control/o_stage_reg[3]/C
  -------------------------------------------------------------------    -------------------
    SLICE_X56Y139        FDRE (Prop_CFF2_SLICEL_C_Q)
                                                      0.115     0.156 f  u_rd_fsm_control/o_stage_reg[3]/Q
                         net (fo=1717, routed)        0.873     1.029    u_fsm_line_buffer0/LB_GEN[1].lb_inst/line_reg_r1_0_63_0_6_i_17[3]
    SLICE_X52Y98         LUT6 (Prop_F6LUT_SLICEL_I1_O)
                                                      0.224     1.253 r  u_fsm_line_buffer0/LB_GEN[1].lb_inst/line_reg_r1_0_63_147_153_i_64/O
                         net (fo=65, routed)          1.019     2.271    mem_4/bank_gen[3].u_mem_bank/line_reg_r1_0_63_252_255_i_5
    SLICE_X46Y71         LUT6 (Prop_H6LUT_SLICEL_I0_O)
                                                      0.227     2.498 r  mem_4/bank_gen[3].u_mem_bank/line_reg_r1_0_63_224_230_i_25/O
                         net (fo=1, routed)           0.830     3.328    mem_0/bank_gen[15].u_mem_bank/line_reg_r1_0_63_224_230_i_2_3
    SLICE_X42Y112        LUT6 (Prop_C6LUT_SLICEL_I4_O)
                                                      0.136     3.464 r  mem_0/bank_gen[15].u_mem_bank/line_reg_r1_0_63_224_230_i_9/O
                         net (fo=1, routed)           0.659     4.123    mem_0/bank_gen[15].u_mem_bank/top_ds0_pixel[225]
    SLICE_X35Y135        LUT2 (Prop_C6LUT_SLICEM_I0_O)
                                                      0.056     4.179 r  mem_0/bank_gen[15].u_mem_bank/line_reg_r1_0_63_224_230_i_2/O
                         net (fo=60, routed)          1.743     5.922    u_fsm_line_buffer0/LB_GEN[2].lb_inst/line_reg_r3_64_127_224_230/DIB
    SLICE_X12Y191        RAMD64E                                      r  u_fsm_line_buffer0/LB_GEN[2].lb_inst/line_reg_r3_64_127_224_230/RAMB/I
  -------------------------------------------------------------------    -------------------

                         (clock clk rise edge)        2.000     2.000 r  
                                                      0.000     2.000 r  i_clk (IN)
                         net (fo=94970, unset)        0.059     2.059    u_fsm_line_buffer0/LB_GEN[2].lb_inst/line_reg_r3_64_127_224_230/WCLK
    SLICE_X12Y191        RAMD64E                                      r  u_fsm_line_buffer0/LB_GEN[2].lb_inst/line_reg_r3_64_127_224_230/RAMB/CLK
                         clock pessimism              0.000     2.059    
                         clock uncertainty           -0.035     2.024    
    SLICE_X12Y191        RAMD64E (Setup_B6LUT_SLICEM_CLK_I)
                                                     -0.137     1.887    u_fsm_line_buffer0/LB_GEN[2].lb_inst/line_reg_r3_64_127_224_230/RAMB
  -------------------------------------------------------------------
                         required time                          1.887    
                         arrival time                          -5.922    
  -------------------------------------------------------------------
                         slack                                 -4.035    

Slack (VIOLATED) :        -4.035ns  (required time - arrival time)
  Source:                 u_rd_fsm_control/o_stage_reg[3]/C
                            (rising edge-triggered cell FDRE clocked by clk  {rise@0.000ns fall@1.000ns period=2.000ns})
  Destination:            u_fsm_line_buffer0/LB_GEN[2].lb_inst/line_reg_r3_128_191_238_244/RAMB/I
                            (rising edge-triggered cell RAMD64E clocked by clk  {rise@0.000ns fall@1.000ns period=2.000ns})
  Path Group:             clk
  Path Type:              Setup (Max at Slow Process Corner)
  Requirement:            2.000ns  (clk rise@2.000ns - clk rise@0.000ns)
  Data Path Delay:        5.881ns  (logic 0.834ns (14.182%)  route 5.047ns (85.818%))
  Logic Levels:           4  (LUT2=1 LUT6=3)
  Clock Path Skew:        0.018ns (DCD - SCD + CPR)
    Destination Clock Delay (DCD):    0.059ns = ( 2.059 - 2.000 ) 
    Source Clock Delay      (SCD):    0.041ns
    Clock Pessimism Removal (CPR):    0.000ns
  Clock Uncertainty:      0.035ns  ((TSJ^2 + TIJ^2)^1/2 + DJ) / 2 + PE
    Total System Jitter     (TSJ):    0.071ns
    Total Input Jitter      (TIJ):    0.000ns
    Discrete Jitter          (DJ):    0.000ns
    Phase Error              (PE):    0.000ns

    Location             Delay type                Incr(ns)  Path(ns)    Netlist Resource(s)
  -------------------------------------------------------------------    -------------------
                         (clock clk rise edge)        0.000     0.000 r  
                                                      0.000     0.000 r  i_clk (IN)
                         net (fo=94970, unset)        0.041     0.041    u_rd_fsm_control/i_clk
    SLICE_X56Y139        FDRE                                         r  u_rd_fsm_control/o_stage_reg[3]/C
  -------------------------------------------------------------------    -------------------
    SLICE_X56Y139        FDRE (Prop_CFF2_SLICEL_C_Q)
                                                      0.115     0.156 f  u_rd_fsm_control/o_stage_reg[3]/Q
                         net (fo=1717, routed)        0.793     0.949    u_fsm_line_buffer0/LB_GEN[1].lb_inst/line_reg_r1_0_63_0_6_i_17[3]
    SLICE_X52Y107        LUT6 (Prop_D6LUT_SLICEL_I1_O)
                                                      0.221     1.170 r  u_fsm_line_buffer0/LB_GEN[1].lb_inst/line_reg_r1_0_63_147_153_i_61/O
                         net (fo=64, routed)          1.134     2.305    mem_0/bank_gen[11].u_mem_bank/line_reg_r1_0_63_252_255_i_5_1
    SLICE_X46Y65         LUT6 (Prop_F6LUT_SLICEL_I5_O)
                                                      0.224     2.529 r  mem_0/bank_gen[11].u_mem_bank/line_reg_r1_0_63_238_244_i_22/O
                         net (fo=1, routed)           0.389     2.918    mem_0/bank_gen[15].u_mem_bank/line_reg_r1_0_63_238_244_i_2_0
    SLICE_X42Y77         LUT6 (Prop_F6LUT_SLICEL_I1_O)
                                                      0.136     3.054 r  mem_0/bank_gen[15].u_mem_bank/line_reg_r1_0_63_238_244_i_9/O
                         net (fo=1, routed)           0.626     3.680    mem_0/bank_gen[15].u_mem_bank/top_ds0_pixel[239]
    SLICE_X38Y117        LUT2 (Prop_A6LUT_SLICEM_I0_O)
                                                      0.138     3.818 r  mem_0/bank_gen[15].u_mem_bank/line_reg_r1_0_63_238_244_i_2/O
                         net (fo=60, routed)          2.104     5.922    u_fsm_line_buffer0/LB_GEN[2].lb_inst/line_reg_r3_128_191_238_244/DIB
    SLICE_X8Y188         RAMD64E                                      r  u_fsm_line_buffer0/LB_GEN[2].lb_inst/line_reg_r3_128_191_238_244/RAMB/I
  -------------------------------------------------------------------    -------------------

                         (clock clk rise edge)        2.000     2.000 r  
                                                      0.000     2.000 r  i_clk (IN)
                         net (fo=94970, unset)        0.059     2.059    u_fsm_line_buffer0/LB_GEN[2].lb_inst/line_reg_r3_128_191_238_244/WCLK
    SLICE_X8Y188         RAMD64E                                      r  u_fsm_line_buffer0/LB_GEN[2].lb_inst/line_reg_r3_128_191_238_244/RAMB/CLK
                         clock pessimism              0.000     2.059    
                         clock uncertainty           -0.035     2.024    
    SLICE_X8Y188         RAMD64E (Setup_B6LUT_SLICEM_CLK_I)
                                                     -0.137     1.887    u_fsm_line_buffer0/LB_GEN[2].lb_inst/line_reg_r3_128_191_238_244/RAMB
  -------------------------------------------------------------------
                         required time                          1.887    
                         arrival time                          -5.922    
  -------------------------------------------------------------------
                         slack                                 -4.035    

Slack (VIOLATED) :        -4.035ns  (required time - arrival time)
  Source:                 u_rd_fsm_control/o_stage_reg[0]/C
                            (rising edge-triggered cell FDRE clocked by clk  {rise@0.000ns fall@1.000ns period=2.000ns})
  Destination:            u_fsm_line_buffer0/LB_GEN[2].lb_inst/line_reg_r2_128_191_105_111/RAMC/I
                            (rising edge-triggered cell RAMD64E clocked by clk  {rise@0.000ns fall@1.000ns period=2.000ns})
  Path Group:             clk
  Path Type:              Setup (Max at Slow Process Corner)
  Requirement:            2.000ns  (clk rise@2.000ns - clk rise@0.000ns)
  Data Path Delay:        5.881ns  (logic 0.666ns (11.326%)  route 5.215ns (88.674%))
  Logic Levels:           4  (LUT2=1 LUT6=3)
  Clock Path Skew:        0.018ns (DCD - SCD + CPR)
    Destination Clock Delay (DCD):    0.059ns = ( 2.059 - 2.000 ) 
    Source Clock Delay      (SCD):    0.041ns
    Clock Pessimism Removal (CPR):    0.000ns
  Clock Uncertainty:      0.035ns  ((TSJ^2 + TIJ^2)^1/2 + DJ) / 2 + PE
    Total System Jitter     (TSJ):    0.071ns
    Total Input Jitter      (TIJ):    0.000ns
    Discrete Jitter          (DJ):    0.000ns
    Phase Error              (PE):    0.000ns

    Location             Delay type                Incr(ns)  Path(ns)    Netlist Resource(s)
  -------------------------------------------------------------------    -------------------
                         (clock clk rise edge)        0.000     0.000 r  
                                                      0.000     0.000 r  i_clk (IN)
                         net (fo=94970, unset)        0.041     0.041    u_rd_fsm_control/i_clk
    SLICE_X56Y139        FDRE                                         r  u_rd_fsm_control/o_stage_reg[0]/C
  -------------------------------------------------------------------    -------------------
    SLICE_X56Y139        FDRE (Prop_DFF2_SLICEL_C_Q)
                                                      0.115     0.156 f  u_rd_fsm_control/o_stage_reg[0]/Q
                         net (fo=2400, routed)        0.702     0.858    u_fsm_line_buffer0/LB_GEN[1].lb_inst/line_reg_r1_0_63_0_6_i_17[0]
    SLICE_X51Y130        LUT6 (Prop_F6LUT_SLICEL_I0_O)
                                                      0.224     1.082 r  u_fsm_line_buffer0/LB_GEN[1].lb_inst/line_reg_r1_0_63_49_55_i_65/O
                         net (fo=128, routed)         1.110     2.192    mem_4/bank_gen[1].u_mem_bank/line_reg_r1_0_63_70_76_i_8
    SLICE_X47Y90         LUT6 (Prop_C6LUT_SLICEL_I0_O)
                                                      0.187     2.379 r  mem_4/bank_gen[1].u_mem_bank/line_reg_r1_0_63_105_111_i_31/O
                         net (fo=1, routed)           0.596     2.975    mem_0/bank_gen[13].u_mem_bank/line_reg_r1_0_63_105_111_i_3_3
    SLICE_X46Y123        LUT6 (Prop_D6LUT_SLICEL_I4_O)
                                                      0.057     3.032 r  mem_0/bank_gen[13].u_mem_bank/line_reg_r1_0_63_105_111_i_10/O
                         net (fo=1, routed)           0.657     3.689    mem_0/bank_gen[13].u_mem_bank/top_ds0_pixel[107]
    SLICE_X41Y140        LUT2 (Prop_E6LUT_SLICEM_I0_O)
                                                      0.083     3.772 r  mem_0/bank_gen[13].u_mem_bank/line_reg_r1_0_63_105_111_i_3/O
                         net (fo=60, routed)          2.149     5.922    u_fsm_line_buffer0/LB_GEN[2].lb_inst/line_reg_r2_128_191_105_111/DIC
    SLICE_X20Y228        RAMD64E                                      r  u_fsm_line_buffer0/LB_GEN[2].lb_inst/line_reg_r2_128_191_105_111/RAMC/I
  -------------------------------------------------------------------    -------------------

                         (clock clk rise edge)        2.000     2.000 r  
                                                      0.000     2.000 r  i_clk (IN)
                         net (fo=94970, unset)        0.059     2.059    u_fsm_line_buffer0/LB_GEN[2].lb_inst/line_reg_r2_128_191_105_111/WCLK
    SLICE_X20Y228        RAMD64E                                      r  u_fsm_line_buffer0/LB_GEN[2].lb_inst/line_reg_r2_128_191_105_111/RAMC/CLK
                         clock pessimism              0.000     2.059    
                         clock uncertainty           -0.035     2.024    
    SLICE_X20Y228        RAMD64E (Setup_C6LUT_SLICEM_CLK_I)
                                                     -0.137     1.887    u_fsm_line_buffer0/LB_GEN[2].lb_inst/line_reg_r2_128_191_105_111/RAMC
  -------------------------------------------------------------------
                         required time                          1.887    
                         arrival time                          -5.922    
  -------------------------------------------------------------------
                         slack                                 -4.035    





Min Delay Paths
--------------------------------------------------------------------------------------
Slack (MET) :             0.045ns  (arrival time - required time)
  Source:                 u_fsm_line_buffer1/LB_GEN[0].lb_inst/wrPntr_reg[3]_rep/C
                            (rising edge-triggered cell FDRE clocked by clk  {rise@0.000ns fall@1.000ns period=2.000ns})
  Destination:            u_fsm_line_buffer1/LB_GEN[0].lb_inst/line_reg_r3_192_255_126_132/RAMA/WADR3
                            (rising edge-triggered cell RAMD64E clocked by clk  {rise@0.000ns fall@1.000ns period=2.000ns})
  Path Group:             clk
  Path Type:              Hold (Min at Fast Process Corner)
  Requirement:            0.000ns  (clk rise@0.000ns - clk rise@0.000ns)
  Data Path Delay:        0.178ns  (logic 0.084ns (47.085%)  route 0.094ns (52.915%))
  Logic Levels:           0  
  Clock Path Skew:        0.043ns (DCD - SCD - CPR)
    Destination Clock Delay (DCD):    0.057ns
    Source Clock Delay      (SCD):    0.014ns
    Clock Pessimism Removal (CPR):    -0.000ns

    Location             Delay type                Incr(ns)  Path(ns)    Netlist Resource(s)
  -------------------------------------------------------------------    -------------------
                         (clock clk rise edge)        0.000     0.000 r  
                                                      0.000     0.000 r  i_clk (IN)
                         net (fo=94970, unset)        0.014     0.014    u_fsm_line_buffer1/LB_GEN[0].lb_inst/i_clk
    SLICE_X15Y26         FDRE                                         r  u_fsm_line_buffer1/LB_GEN[0].lb_inst/wrPntr_reg[3]_rep/C
  -------------------------------------------------------------------    -------------------
    SLICE_X15Y26         FDRE (Prop_AFF_SLICEL_C_Q)
                                                      0.084     0.098 r  u_fsm_line_buffer1/LB_GEN[0].lb_inst/wrPntr_reg[3]_rep/Q
                         net (fo=951, routed)         0.094     0.192    u_fsm_line_buffer1/LB_GEN[0].lb_inst/line_reg_r3_192_255_126_132/ADDRH3
    SLICE_X17Y29         RAMD64E                                      r  u_fsm_line_buffer1/LB_GEN[0].lb_inst/line_reg_r3_192_255_126_132/RAMA/WADR3
  -------------------------------------------------------------------    -------------------

                         (clock clk rise edge)        0.000     0.000 r  
                                                      0.000     0.000 r  i_clk (IN)
                         net (fo=94970, unset)        0.057     0.057    u_fsm_line_buffer1/LB_GEN[0].lb_inst/line_reg_r3_192_255_126_132/WCLK
    SLICE_X17Y29         RAMD64E                                      r  u_fsm_line_buffer1/LB_GEN[0].lb_inst/line_reg_r3_192_255_126_132/RAMA/CLK
                         clock pessimism              0.000     0.057    
    SLICE_X17Y29         RAMD64E (Hold_A6LUT_SLICEM_CLK_WADR3)
                                                      0.090     0.147    u_fsm_line_buffer1/LB_GEN[0].lb_inst/line_reg_r3_192_255_126_132/RAMA
  -------------------------------------------------------------------
                         required time                         -0.147    
                         arrival time                           0.192    
  -------------------------------------------------------------------
                         slack                                  0.045    

Slack (MET) :             0.045ns  (arrival time - required time)
  Source:                 u_fsm_line_buffer1/LB_GEN[0].lb_inst/wrPntr_reg[3]_rep/C
                            (rising edge-triggered cell FDRE clocked by clk  {rise@0.000ns fall@1.000ns period=2.000ns})
  Destination:            u_fsm_line_buffer1/LB_GEN[0].lb_inst/line_reg_r3_192_255_126_132/RAMB/WADR3
                            (rising edge-triggered cell RAMD64E clocked by clk  {rise@0.000ns fall@1.000ns period=2.000ns})
  Path Group:             clk
  Path Type:              Hold (Min at Fast Process Corner)
  Requirement:            0.000ns  (clk rise@0.000ns - clk rise@0.000ns)
  Data Path Delay:        0.178ns  (logic 0.084ns (47.085%)  route 0.094ns (52.915%))
  Logic Levels:           0  
  Clock Path Skew:        0.043ns (DCD - SCD - CPR)
    Destination Clock Delay (DCD):    0.057ns
    Source Clock Delay      (SCD):    0.014ns
    Clock Pessimism Removal (CPR):    -0.000ns

    Location             Delay type                Incr(ns)  Path(ns)    Netlist Resource(s)
  -------------------------------------------------------------------    -------------------
                         (clock clk rise edge)        0.000     0.000 r  
                                                      0.000     0.000 r  i_clk (IN)
                         net (fo=94970, unset)        0.014     0.014    u_fsm_line_buffer1/LB_GEN[0].lb_inst/i_clk
    SLICE_X15Y26         FDRE                                         r  u_fsm_line_buffer1/LB_GEN[0].lb_inst/wrPntr_reg[3]_rep/C
  -------------------------------------------------------------------    -------------------
    SLICE_X15Y26         FDRE (Prop_AFF_SLICEL_C_Q)
                                                      0.084     0.098 r  u_fsm_line_buffer1/LB_GEN[0].lb_inst/wrPntr_reg[3]_rep/Q
                         net (fo=951, routed)         0.094     0.192    u_fsm_line_buffer1/LB_GEN[0].lb_inst/line_reg_r3_192_255_126_132/ADDRH3
    SLICE_X17Y29         RAMD64E                                      r  u_fsm_line_buffer1/LB_GEN[0].lb_inst/line_reg_r3_192_255_126_132/RAMB/WADR3
  -------------------------------------------------------------------    -------------------

                         (clock clk rise edge)        0.000     0.000 r  
                                                      0.000     0.000 r  i_clk (IN)
                         net (fo=94970, unset)        0.057     0.057    u_fsm_line_buffer1/LB_GEN[0].lb_inst/line_reg_r3_192_255_126_132/WCLK
    SLICE_X17Y29         RAMD64E                                      r  u_fsm_line_buffer1/LB_GEN[0].lb_inst/line_reg_r3_192_255_126_132/RAMB/CLK
                         clock pessimism              0.000     0.057    
    SLICE_X17Y29         RAMD64E (Hold_B6LUT_SLICEM_CLK_WADR3)
                                                      0.090     0.147    u_fsm_line_buffer1/LB_GEN[0].lb_inst/line_reg_r3_192_255_126_132/RAMB
  -------------------------------------------------------------------
                         required time                         -0.147    
                         arrival time                           0.192    
  -------------------------------------------------------------------
                         slack                                  0.045    

Slack (MET) :             0.045ns  (arrival time - required time)
  Source:                 u_fsm_line_buffer1/LB_GEN[0].lb_inst/wrPntr_reg[3]_rep/C
                            (rising edge-triggered cell FDRE clocked by clk  {rise@0.000ns fall@1.000ns period=2.000ns})
  Destination:            u_fsm_line_buffer1/LB_GEN[0].lb_inst/line_reg_r3_192_255_126_132/RAMC/WADR3
                            (rising edge-triggered cell RAMD64E clocked by clk  {rise@0.000ns fall@1.000ns period=2.000ns})
  Path Group:             clk
  Path Type:              Hold (Min at Fast Process Corner)
  Requirement:            0.000ns  (clk rise@0.000ns - clk rise@0.000ns)
  Data Path Delay:        0.178ns  (logic 0.084ns (47.085%)  route 0.094ns (52.915%))
  Logic Levels:           0  
  Clock Path Skew:        0.043ns (DCD - SCD - CPR)
    Destination Clock Delay (DCD):    0.057ns
    Source Clock Delay      (SCD):    0.014ns
    Clock Pessimism Removal (CPR):    -0.000ns

    Location             Delay type                Incr(ns)  Path(ns)    Netlist Resource(s)
  -------------------------------------------------------------------    -------------------
                         (clock clk rise edge)        0.000     0.000 r  
                                                      0.000     0.000 r  i_clk (IN)
                         net (fo=94970, unset)        0.014     0.014    u_fsm_line_buffer1/LB_GEN[0].lb_inst/i_clk
    SLICE_X15Y26         FDRE                                         r  u_fsm_line_buffer1/LB_GEN[0].lb_inst/wrPntr_reg[3]_rep/C
  -------------------------------------------------------------------    -------------------
    SLICE_X15Y26         FDRE (Prop_AFF_SLICEL_C_Q)
                                                      0.084     0.098 r  u_fsm_line_buffer1/LB_GEN[0].lb_inst/wrPntr_reg[3]_rep/Q
                         net (fo=951, routed)         0.094     0.192    u_fsm_line_buffer1/LB_GEN[0].lb_inst/line_reg_r3_192_255_126_132/ADDRH3
    SLICE_X17Y29         RAMD64E                                      r  u_fsm_line_buffer1/LB_GEN[0].lb_inst/line_reg_r3_192_255_126_132/RAMC/WADR3
  -------------------------------------------------------------------    -------------------

                         (clock clk rise edge)        0.000     0.000 r  
                                                      0.000     0.000 r  i_clk (IN)
                         net (fo=94970, unset)        0.057     0.057    u_fsm_line_buffer1/LB_GEN[0].lb_inst/line_reg_r3_192_255_126_132/WCLK
    SLICE_X17Y29         RAMD64E                                      r  u_fsm_line_buffer1/LB_GEN[0].lb_inst/line_reg_r3_192_255_126_132/RAMC/CLK
                         clock pessimism              0.000     0.057    
    SLICE_X17Y29         RAMD64E (Hold_C6LUT_SLICEM_CLK_WADR3)
                                                      0.090     0.147    u_fsm_line_buffer1/LB_GEN[0].lb_inst/line_reg_r3_192_255_126_132/RAMC
  -------------------------------------------------------------------
                         required time                         -0.147    
                         arrival time                           0.192    
  -------------------------------------------------------------------
                         slack                                  0.045    

Slack (MET) :             0.045ns  (arrival time - required time)
  Source:                 u_fsm_line_buffer1/LB_GEN[0].lb_inst/wrPntr_reg[3]_rep/C
                            (rising edge-triggered cell FDRE clocked by clk  {rise@0.000ns fall@1.000ns period=2.000ns})
  Destination:            u_fsm_line_buffer1/LB_GEN[0].lb_inst/line_reg_r3_192_255_126_132/RAMD/WADR3
                            (rising edge-triggered cell RAMD64E clocked by clk  {rise@0.000ns fall@1.000ns period=2.000ns})
  Path Group:             clk
  Path Type:              Hold (Min at Fast Process Corner)
  Requirement:            0.000ns  (clk rise@0.000ns - clk rise@0.000ns)
  Data Path Delay:        0.178ns  (logic 0.084ns (47.085%)  route 0.094ns (52.915%))
  Logic Levels:           0  
  Clock Path Skew:        0.043ns (DCD - SCD - CPR)
    Destination Clock Delay (DCD):    0.057ns
    Source Clock Delay      (SCD):    0.014ns
    Clock Pessimism Removal (CPR):    -0.000ns

    Location             Delay type                Incr(ns)  Path(ns)    Netlist Resource(s)
  -------------------------------------------------------------------    -------------------
                         (clock clk rise edge)        0.000     0.000 r  
                                                      0.000     0.000 r  i_clk (IN)
                         net (fo=94970, unset)        0.014     0.014    u_fsm_line_buffer1/LB_GEN[0].lb_inst/i_clk
    SLICE_X15Y26         FDRE                                         r  u_fsm_line_buffer1/LB_GEN[0].lb_inst/wrPntr_reg[3]_rep/C
  -------------------------------------------------------------------    -------------------
    SLICE_X15Y26         FDRE (Prop_AFF_SLICEL_C_Q)
                                                      0.084     0.098 r  u_fsm_line_buffer1/LB_GEN[0].lb_inst/wrPntr_reg[3]_rep/Q
                         net (fo=951, routed)         0.094     0.192    u_fsm_line_buffer1/LB_GEN[0].lb_inst/line_reg_r3_192_255_126_132/ADDRH3
    SLICE_X17Y29         RAMD64E                                      r  u_fsm_line_buffer1/LB_GEN[0].lb_inst/line_reg_r3_192_255_126_132/RAMD/WADR3
  -------------------------------------------------------------------    -------------------

                         (clock clk rise edge)        0.000     0.000 r  
                                                      0.000     0.000 r  i_clk (IN)
                         net (fo=94970, unset)        0.057     0.057    u_fsm_line_buffer1/LB_GEN[0].lb_inst/line_reg_r3_192_255_126_132/WCLK
    SLICE_X17Y29         RAMD64E                                      r  u_fsm_line_buffer1/LB_GEN[0].lb_inst/line_reg_r3_192_255_126_132/RAMD/CLK
                         clock pessimism              0.000     0.057    
    SLICE_X17Y29         RAMD64E (Hold_D6LUT_SLICEM_CLK_WADR3)
                                                      0.090     0.147    u_fsm_line_buffer1/LB_GEN[0].lb_inst/line_reg_r3_192_255_126_132/RAMD
  -------------------------------------------------------------------
                         required time                         -0.147    
                         arrival time                           0.192    
  -------------------------------------------------------------------
                         slack                                  0.045    

Slack (MET) :             0.045ns  (arrival time - required time)
  Source:                 u_fsm_line_buffer1/LB_GEN[0].lb_inst/wrPntr_reg[3]_rep/C
                            (rising edge-triggered cell FDRE clocked by clk  {rise@0.000ns fall@1.000ns period=2.000ns})
  Destination:            u_fsm_line_buffer1/LB_GEN[0].lb_inst/line_reg_r3_192_255_126_132/RAME/WADR3
                            (rising edge-triggered cell RAMD64E clocked by clk  {rise@0.000ns fall@1.000ns period=2.000ns})
  Path Group:             clk
  Path Type:              Hold (Min at Fast Process Corner)
  Requirement:            0.000ns  (clk rise@0.000ns - clk rise@0.000ns)
  Data Path Delay:        0.178ns  (logic 0.084ns (47.085%)  route 0.094ns (52.915%))
  Logic Levels:           0  
  Clock Path Skew:        0.043ns (DCD - SCD - CPR)
    Destination Clock Delay (DCD):    0.057ns
    Source Clock Delay      (SCD):    0.014ns
    Clock Pessimism Removal (CPR):    -0.000ns

    Location             Delay type                Incr(ns)  Path(ns)    Netlist Resource(s)
  -------------------------------------------------------------------    -------------------
                         (clock clk rise edge)        0.000     0.000 r  
                                                      0.000     0.000 r  i_clk (IN)
                         net (fo=94970, unset)        0.014     0.014    u_fsm_line_buffer1/LB_GEN[0].lb_inst/i_clk
    SLICE_X15Y26         FDRE                                         r  u_fsm_line_buffer1/LB_GEN[0].lb_inst/wrPntr_reg[3]_rep/C
  -------------------------------------------------------------------    -------------------
    SLICE_X15Y26         FDRE (Prop_AFF_SLICEL_C_Q)
                                                      0.084     0.098 r  u_fsm_line_buffer1/LB_GEN[0].lb_inst/wrPntr_reg[3]_rep/Q
                         net (fo=951, routed)         0.094     0.192    u_fsm_line_buffer1/LB_GEN[0].lb_inst/line_reg_r3_192_255_126_132/ADDRH3
    SLICE_X17Y29         RAMD64E                                      r  u_fsm_line_buffer1/LB_GEN[0].lb_inst/line_reg_r3_192_255_126_132/RAME/WADR3
  -------------------------------------------------------------------    -------------------

                         (clock clk rise edge)        0.000     0.000 r  
                                                      0.000     0.000 r  i_clk (IN)
                         net (fo=94970, unset)        0.057     0.057    u_fsm_line_buffer1/LB_GEN[0].lb_inst/line_reg_r3_192_255_126_132/WCLK
    SLICE_X17Y29         RAMD64E                                      r  u_fsm_line_buffer1/LB_GEN[0].lb_inst/line_reg_r3_192_255_126_132/RAME/CLK
                         clock pessimism              0.000     0.057    
    SLICE_X17Y29         RAMD64E (Hold_E6LUT_SLICEM_CLK_WADR3)
                                                      0.090     0.147    u_fsm_line_buffer1/LB_GEN[0].lb_inst/line_reg_r3_192_255_126_132/RAME
  -------------------------------------------------------------------
                         required time                         -0.147    
                         arrival time                           0.192    
  -------------------------------------------------------------------
                         slack                                  0.045    

Slack (MET) :             0.045ns  (arrival time - required time)
  Source:                 u_fsm_line_buffer1/LB_GEN[0].lb_inst/wrPntr_reg[3]_rep/C
                            (rising edge-triggered cell FDRE clocked by clk  {rise@0.000ns fall@1.000ns period=2.000ns})
  Destination:            u_fsm_line_buffer1/LB_GEN[0].lb_inst/line_reg_r3_192_255_126_132/RAMF/WADR3
                            (rising edge-triggered cell RAMD64E clocked by clk  {rise@0.000ns fall@1.000ns period=2.000ns})
  Path Group:             clk
  Path Type:              Hold (Min at Fast Process Corner)
  Requirement:            0.000ns  (clk rise@0.000ns - clk rise@0.000ns)
  Data Path Delay:        0.178ns  (logic 0.084ns (47.085%)  route 0.094ns (52.915%))
  Logic Levels:           0  
  Clock Path Skew:        0.043ns (DCD - SCD - CPR)
    Destination Clock Delay (DCD):    0.057ns
    Source Clock Delay      (SCD):    0.014ns
    Clock Pessimism Removal (CPR):    -0.000ns

    Location             Delay type                Incr(ns)  Path(ns)    Netlist Resource(s)
  -------------------------------------------------------------------    -------------------
                         (clock clk rise edge)        0.000     0.000 r  
                                                      0.000     0.000 r  i_clk (IN)
                         net (fo=94970, unset)        0.014     0.014    u_fsm_line_buffer1/LB_GEN[0].lb_inst/i_clk
    SLICE_X15Y26         FDRE                                         r  u_fsm_line_buffer1/LB_GEN[0].lb_inst/wrPntr_reg[3]_rep/C
  -------------------------------------------------------------------    -------------------
    SLICE_X15Y26         FDRE (Prop_AFF_SLICEL_C_Q)
                                                      0.084     0.098 r  u_fsm_line_buffer1/LB_GEN[0].lb_inst/wrPntr_reg[3]_rep/Q
                         net (fo=951, routed)         0.094     0.192    u_fsm_line_buffer1/LB_GEN[0].lb_inst/line_reg_r3_192_255_126_132/ADDRH3
    SLICE_X17Y29         RAMD64E                                      r  u_fsm_line_buffer1/LB_GEN[0].lb_inst/line_reg_r3_192_255_126_132/RAMF/WADR3
  -------------------------------------------------------------------    -------------------

                         (clock clk rise edge)        0.000     0.000 r  
                                                      0.000     0.000 r  i_clk (IN)
                         net (fo=94970, unset)        0.057     0.057    u_fsm_line_buffer1/LB_GEN[0].lb_inst/line_reg_r3_192_255_126_132/WCLK
    SLICE_X17Y29         RAMD64E                                      r  u_fsm_line_buffer1/LB_GEN[0].lb_inst/line_reg_r3_192_255_126_132/RAMF/CLK
                         clock pessimism              0.000     0.057    
    SLICE_X17Y29         RAMD64E (Hold_F6LUT_SLICEM_CLK_WADR3)
                                                      0.090     0.147    u_fsm_line_buffer1/LB_GEN[0].lb_inst/line_reg_r3_192_255_126_132/RAMF
  -------------------------------------------------------------------
                         required time                         -0.147    
                         arrival time                           0.192    
  -------------------------------------------------------------------
                         slack                                  0.045    

Slack (MET) :             0.045ns  (arrival time - required time)
  Source:                 u_fsm_line_buffer1/LB_GEN[0].lb_inst/wrPntr_reg[3]_rep/C
                            (rising edge-triggered cell FDRE clocked by clk  {rise@0.000ns fall@1.000ns period=2.000ns})
  Destination:            u_fsm_line_buffer1/LB_GEN[0].lb_inst/line_reg_r3_192_255_126_132/RAMG/WADR3
                            (rising edge-triggered cell RAMD64E clocked by clk  {rise@0.000ns fall@1.000ns period=2.000ns})
  Path Group:             clk
  Path Type:              Hold (Min at Fast Process Corner)
  Requirement:            0.000ns  (clk rise@0.000ns - clk rise@0.000ns)
  Data Path Delay:        0.178ns  (logic 0.084ns (47.085%)  route 0.094ns (52.915%))
  Logic Levels:           0  
  Clock Path Skew:        0.043ns (DCD - SCD - CPR)
    Destination Clock Delay (DCD):    0.057ns
    Source Clock Delay      (SCD):    0.014ns
    Clock Pessimism Removal (CPR):    -0.000ns

    Location             Delay type                Incr(ns)  Path(ns)    Netlist Resource(s)
  -------------------------------------------------------------------    -------------------
                         (clock clk rise edge)        0.000     0.000 r  
                                                      0.000     0.000 r  i_clk (IN)
                         net (fo=94970, unset)        0.014     0.014    u_fsm_line_buffer1/LB_GEN[0].lb_inst/i_clk
    SLICE_X15Y26         FDRE                                         r  u_fsm_line_buffer1/LB_GEN[0].lb_inst/wrPntr_reg[3]_rep/C
  -------------------------------------------------------------------    -------------------
    SLICE_X15Y26         FDRE (Prop_AFF_SLICEL_C_Q)
                                                      0.084     0.098 r  u_fsm_line_buffer1/LB_GEN[0].lb_inst/wrPntr_reg[3]_rep/Q
                         net (fo=951, routed)         0.094     0.192    u_fsm_line_buffer1/LB_GEN[0].lb_inst/line_reg_r3_192_255_126_132/ADDRH3
    SLICE_X17Y29         RAMD64E                                      r  u_fsm_line_buffer1/LB_GEN[0].lb_inst/line_reg_r3_192_255_126_132/RAMG/WADR3
  -------------------------------------------------------------------    -------------------

                         (clock clk rise edge)        0.000     0.000 r  
                                                      0.000     0.000 r  i_clk (IN)
                         net (fo=94970, unset)        0.057     0.057    u_fsm_line_buffer1/LB_GEN[0].lb_inst/line_reg_r3_192_255_126_132/WCLK
    SLICE_X17Y29         RAMD64E                                      r  u_fsm_line_buffer1/LB_GEN[0].lb_inst/line_reg_r3_192_255_126_132/RAMG/CLK
                         clock pessimism              0.000     0.057    
    SLICE_X17Y29         RAMD64E (Hold_G6LUT_SLICEM_CLK_WADR3)
                                                      0.090     0.147    u_fsm_line_buffer1/LB_GEN[0].lb_inst/line_reg_r3_192_255_126_132/RAMG
  -------------------------------------------------------------------
                         required time                         -0.147    
                         arrival time                           0.192    
  -------------------------------------------------------------------
                         slack                                  0.045    

Slack (MET) :             0.045ns  (arrival time - required time)
  Source:                 u_fsm_line_buffer1/LB_GEN[0].lb_inst/wrPntr_reg[3]_rep/C
                            (rising edge-triggered cell FDRE clocked by clk  {rise@0.000ns fall@1.000ns period=2.000ns})
  Destination:            u_fsm_line_buffer1/LB_GEN[0].lb_inst/line_reg_r3_192_255_126_132/RAMH/WADR3
                            (rising edge-triggered cell RAMD64E clocked by clk  {rise@0.000ns fall@1.000ns period=2.000ns})
  Path Group:             clk
  Path Type:              Hold (Min at Fast Process Corner)
  Requirement:            0.000ns  (clk rise@0.000ns - clk rise@0.000ns)
  Data Path Delay:        0.178ns  (logic 0.084ns (47.085%)  route 0.094ns (52.915%))
  Logic Levels:           0  
  Clock Path Skew:        0.043ns (DCD - SCD - CPR)
    Destination Clock Delay (DCD):    0.057ns
    Source Clock Delay      (SCD):    0.014ns
    Clock Pessimism Removal (CPR):    -0.000ns

    Location             Delay type                Incr(ns)  Path(ns)    Netlist Resource(s)
  -------------------------------------------------------------------    -------------------
                         (clock clk rise edge)        0.000     0.000 r  
                                                      0.000     0.000 r  i_clk (IN)
                         net (fo=94970, unset)        0.014     0.014    u_fsm_line_buffer1/LB_GEN[0].lb_inst/i_clk
    SLICE_X15Y26         FDRE                                         r  u_fsm_line_buffer1/LB_GEN[0].lb_inst/wrPntr_reg[3]_rep/C
  -------------------------------------------------------------------    -------------------
    SLICE_X15Y26         FDRE (Prop_AFF_SLICEL_C_Q)
                                                      0.084     0.098 r  u_fsm_line_buffer1/LB_GEN[0].lb_inst/wrPntr_reg[3]_rep/Q
                         net (fo=951, routed)         0.094     0.192    u_fsm_line_buffer1/LB_GEN[0].lb_inst/line_reg_r3_192_255_126_132/ADDRH3
    SLICE_X17Y29         RAMD64E                                      r  u_fsm_line_buffer1/LB_GEN[0].lb_inst/line_reg_r3_192_255_126_132/RAMH/WADR3
  -------------------------------------------------------------------    -------------------

                         (clock clk rise edge)        0.000     0.000 r  
                                                      0.000     0.000 r  i_clk (IN)
                         net (fo=94970, unset)        0.057     0.057    u_fsm_line_buffer1/LB_GEN[0].lb_inst/line_reg_r3_192_255_126_132/WCLK
    SLICE_X17Y29         RAMD64E                                      r  u_fsm_line_buffer1/LB_GEN[0].lb_inst/line_reg_r3_192_255_126_132/RAMH/CLK
                         clock pessimism              0.000     0.057    
    SLICE_X17Y29         RAMD64E (Hold_H6LUT_SLICEM_CLK_WADR3)
                                                      0.090     0.147    u_fsm_line_buffer1/LB_GEN[0].lb_inst/line_reg_r3_192_255_126_132/RAMH
  -------------------------------------------------------------------
                         required time                         -0.147    
                         arrival time                           0.192    
  -------------------------------------------------------------------
                         slack                                  0.045    

Slack (MET) :             0.048ns  (arrival time - required time)
  Source:                 u_receptor/o_addr4_reg[0]/C
                            (rising edge-triggered cell FDRE clocked by clk  {rise@0.000ns fall@1.000ns period=2.000ns})
  Destination:            u_bias_mem/gen_point_banks[0].u_point_core/ram_reg_0_63_0_6/RAMA/WADR0
                            (rising edge-triggered cell RAMD64E clocked by clk  {rise@0.000ns fall@1.000ns period=2.000ns})
  Path Group:             clk
  Path Type:              Hold (Min at Fast Process Corner)
  Requirement:            0.000ns  (clk rise@0.000ns - clk rise@0.000ns)
  Data Path Delay:        0.177ns  (logic 0.086ns (48.688%)  route 0.091ns (51.312%))
  Logic Levels:           0  
  Clock Path Skew:        0.043ns (DCD - SCD - CPR)
    Destination Clock Delay (DCD):    0.057ns
    Source Clock Delay      (SCD):    0.014ns
    Clock Pessimism Removal (CPR):    -0.000ns

    Location             Delay type                Incr(ns)  Path(ns)    Netlist Resource(s)
  -------------------------------------------------------------------    -------------------
                         (clock clk rise edge)        0.000     0.000 r  
                                                      0.000     0.000 r  i_clk (IN)
                         net (fo=94970, unset)        0.014     0.014    u_receptor/i_clk
    SLICE_X55Y229        FDRE                                         r  u_receptor/o_addr4_reg[0]/C
  -------------------------------------------------------------------    -------------------
    SLICE_X55Y229        FDRE (Prop_DFF2_SLICEL_C_Q)
                                                      0.086     0.100 r  u_receptor/o_addr4_reg[0]/Q
                         net (fo=368, routed)         0.091     0.191    u_bias_mem/gen_point_banks[0].u_point_core/ram_reg_0_63_0_6/ADDRH0
    SLICE_X58Y230        RAMD64E                                      r  u_bias_mem/gen_point_banks[0].u_point_core/ram_reg_0_63_0_6/RAMA/WADR0
  -------------------------------------------------------------------    -------------------

                         (clock clk rise edge)        0.000     0.000 r  
                                                      0.000     0.000 r  i_clk (IN)
                         net (fo=94970, unset)        0.057     0.057    u_bias_mem/gen_point_banks[0].u_point_core/ram_reg_0_63_0_6/WCLK
    SLICE_X58Y230        RAMD64E                                      r  u_bias_mem/gen_point_banks[0].u_point_core/ram_reg_0_63_0_6/RAMA/CLK
                         clock pessimism              0.000     0.057    
    SLICE_X58Y230        RAMD64E (Hold_A6LUT_SLICEM_CLK_WADR0)
                                                      0.086     0.143    u_bias_mem/gen_point_banks[0].u_point_core/ram_reg_0_63_0_6/RAMA
  -------------------------------------------------------------------
                         required time                         -0.143    
                         arrival time                           0.191    
  -------------------------------------------------------------------
                         slack                                  0.048    

Slack (MET) :             0.048ns  (arrival time - required time)
  Source:                 u_receptor/o_addr4_reg[0]/C
                            (rising edge-triggered cell FDRE clocked by clk  {rise@0.000ns fall@1.000ns period=2.000ns})
  Destination:            u_bias_mem/gen_point_banks[0].u_point_core/ram_reg_0_63_0_6/RAMB/WADR0
                            (rising edge-triggered cell RAMD64E clocked by clk  {rise@0.000ns fall@1.000ns period=2.000ns})
  Path Group:             clk
  Path Type:              Hold (Min at Fast Process Corner)
  Requirement:            0.000ns  (clk rise@0.000ns - clk rise@0.000ns)
  Data Path Delay:        0.177ns  (logic 0.086ns (48.688%)  route 0.091ns (51.312%))
  Logic Levels:           0  
  Clock Path Skew:        0.043ns (DCD - SCD - CPR)
    Destination Clock Delay (DCD):    0.057ns
    Source Clock Delay      (SCD):    0.014ns
    Clock Pessimism Removal (CPR):    -0.000ns

    Location             Delay type                Incr(ns)  Path(ns)    Netlist Resource(s)
  -------------------------------------------------------------------    -------------------
                         (clock clk rise edge)        0.000     0.000 r  
                                                      0.000     0.000 r  i_clk (IN)
                         net (fo=94970, unset)        0.014     0.014    u_receptor/i_clk
    SLICE_X55Y229        FDRE                                         r  u_receptor/o_addr4_reg[0]/C
  -------------------------------------------------------------------    -------------------
    SLICE_X55Y229        FDRE (Prop_DFF2_SLICEL_C_Q)
                                                      0.086     0.100 r  u_receptor/o_addr4_reg[0]/Q
                         net (fo=368, routed)         0.091     0.191    u_bias_mem/gen_point_banks[0].u_point_core/ram_reg_0_63_0_6/ADDRH0
    SLICE_X58Y230        RAMD64E                                      r  u_bias_mem/gen_point_banks[0].u_point_core/ram_reg_0_63_0_6/RAMB/WADR0
  -------------------------------------------------------------------    -------------------

                         (clock clk rise edge)        0.000     0.000 r  
                                                      0.000     0.000 r  i_clk (IN)
                         net (fo=94970, unset)        0.057     0.057    u_bias_mem/gen_point_banks[0].u_point_core/ram_reg_0_63_0_6/WCLK
    SLICE_X58Y230        RAMD64E                                      r  u_bias_mem/gen_point_banks[0].u_point_core/ram_reg_0_63_0_6/RAMB/CLK
                         clock pessimism              0.000     0.057    
    SLICE_X58Y230        RAMD64E (Hold_B6LUT_SLICEM_CLK_WADR0)
                                                      0.086     0.143    u_bias_mem/gen_point_banks[0].u_point_core/ram_reg_0_63_0_6/RAMB
  -------------------------------------------------------------------
                         required time                         -0.143    
                         arrival time                           0.191    
  -------------------------------------------------------------------
                         slack                                  0.048    





Pulse Width Checks
--------------------------------------------------------------------------------------
Clock Name:         clk
Waveform(ns):       { 0.000 1.000 }
Period(ns):         2.000
Sources:            { i_clk }

Check Type        Corner  Lib Pin      Reference Pin  Required(ns)  Actual(ns)  Slack(ns)  Location       Pin
Min Period        n/a     URAM288/CLK  n/a            2.000         2.000       0.000      URAM288_X0Y45  mem_0/bank_gen[0].u_mem_bank/ram_reg_uram_0/CLK
Min Period        n/a     URAM288/CLK  n/a            2.000         2.000       0.000      URAM288_X0Y44  mem_0/bank_gen[10].u_mem_bank/ram_reg_uram_0/CLK
Min Period        n/a     URAM288/CLK  n/a            2.000         2.000       0.000      URAM288_X0Y20  mem_0/bank_gen[11].u_mem_bank/ram_reg_uram_0/CLK
Min Period        n/a     URAM288/CLK  n/a            2.000         2.000       0.000      URAM288_X0Y55  mem_0/bank_gen[12].u_mem_bank/ram_reg_uram_0/CLK
Min Period        n/a     URAM288/CLK  n/a            2.000         2.000       0.000      URAM288_X0Y16  mem_0/bank_gen[13].u_mem_bank/ram_reg_uram_0/CLK
Min Period        n/a     URAM288/CLK  n/a            2.000         2.000       0.000      URAM288_X0Y38  mem_0/bank_gen[14].u_mem_bank/ram_reg_uram_0/CLK
Min Period        n/a     URAM288/CLK  n/a            2.000         2.000       0.000      URAM288_X0Y29  mem_0/bank_gen[15].u_mem_bank/ram_reg_uram_0/CLK
Min Period        n/a     URAM288/CLK  n/a            2.000         2.000       0.000      URAM288_X0Y12  mem_0/bank_gen[1].u_mem_bank/ram_reg_uram_0/CLK
Min Period        n/a     URAM288/CLK  n/a            2.000         2.000       0.000      URAM288_X0Y48  mem_0/bank_gen[2].u_mem_bank/ram_reg_uram_0/CLK
Min Period        n/a     URAM288/CLK  n/a            2.000         2.000       0.000      URAM288_X0Y17  mem_0/bank_gen[3].u_mem_bank/ram_reg_uram_0/CLK
Low Pulse Width   Slow    URAM288/CLK  n/a            0.800         1.000       0.200      URAM288_X0Y45  mem_0/bank_gen[0].u_mem_bank/ram_reg_uram_0/CLK
Low Pulse Width   Fast    URAM288/CLK  n/a            0.800         1.000       0.200      URAM288_X0Y45  mem_0/bank_gen[0].u_mem_bank/ram_reg_uram_0/CLK
Low Pulse Width   Slow    URAM288/CLK  n/a            0.800         1.000       0.200      URAM288_X0Y44  mem_0/bank_gen[10].u_mem_bank/ram_reg_uram_0/CLK
Low Pulse Width   Fast    URAM288/CLK  n/a            0.800         1.000       0.200      URAM288_X0Y44  mem_0/bank_gen[10].u_mem_bank/ram_reg_uram_0/CLK
Low Pulse Width   Slow    URAM288/CLK  n/a            0.800         1.000       0.200      URAM288_X0Y20  mem_0/bank_gen[11].u_mem_bank/ram_reg_uram_0/CLK
Low Pulse Width   Fast    URAM288/CLK  n/a            0.800         1.000       0.200      URAM288_X0Y20  mem_0/bank_gen[11].u_mem_bank/ram_reg_uram_0/CLK
Low Pulse Width   Slow    URAM288/CLK  n/a            0.800         1.000       0.200      URAM288_X0Y55  mem_0/bank_gen[12].u_mem_bank/ram_reg_uram_0/CLK
Low Pulse Width   Fast    URAM288/CLK  n/a            0.800         1.000       0.200      URAM288_X0Y55  mem_0/bank_gen[12].u_mem_bank/ram_reg_uram_0/CLK
Low Pulse Width   Slow    URAM288/CLK  n/a            0.800         1.000       0.200      URAM288_X0Y16  mem_0/bank_gen[13].u_mem_bank/ram_reg_uram_0/CLK
Low Pulse Width   Fast    URAM288/CLK  n/a            0.800         1.000       0.200      URAM288_X0Y16  mem_0/bank_gen[13].u_mem_bank/ram_reg_uram_0/CLK
High Pulse Width  Slow    URAM288/CLK  n/a            0.800         1.000       0.200      URAM288_X0Y45  mem_0/bank_gen[0].u_mem_bank/ram_reg_uram_0/CLK
High Pulse Width  Fast    URAM288/CLK  n/a            0.800         1.000       0.200      URAM288_X0Y45  mem_0/bank_gen[0].u_mem_bank/ram_reg_uram_0/CLK
High Pulse Width  Slow    URAM288/CLK  n/a            0.800         1.000       0.200      URAM288_X0Y44  mem_0/bank_gen[10].u_mem_bank/ram_reg_uram_0/CLK
High Pulse Width  Fast    URAM288/CLK  n/a            0.800         1.000       0.200      URAM288_X0Y44  mem_0/bank_gen[10].u_mem_bank/ram_reg_uram_0/CLK
High Pulse Width  Slow    URAM288/CLK  n/a            0.800         1.000       0.200      URAM288_X0Y20  mem_0/bank_gen[11].u_mem_bank/ram_reg_uram_0/CLK
High Pulse Width  Fast    URAM288/CLK  n/a            0.800         1.000       0.200      URAM288_X0Y20  mem_0/bank_gen[11].u_mem_bank/ram_reg_uram_0/CLK
High Pulse Width  Slow    URAM288/CLK  n/a            0.800         1.000       0.200      URAM288_X0Y55  mem_0/bank_gen[12].u_mem_bank/ram_reg_uram_0/CLK
High Pulse Width  Fast    URAM288/CLK  n/a            0.800         1.000       0.200      URAM288_X0Y55  mem_0/bank_gen[12].u_mem_bank/ram_reg_uram_0/CLK
High Pulse Width  Slow    URAM288/CLK  n/a            0.800         1.000       0.200      URAM288_X0Y16  mem_0/bank_gen[13].u_mem_bank/ram_reg_uram_0/CLK
High Pulse Width  Fast    URAM288/CLK  n/a            0.800         1.000       0.200      URAM288_X0Y16  mem_0/bank_gen[13].u_mem_bank/ram_reg_uram_0/CLK



--------------------------------------------------------------------------------------
Path Group:  (none)
From Clock:  
  To Clock:  

Max Delay            65 Endpoints
Min Delay            65 Endpoints
--------------------------------------------------------------------------------------


Max Delay Paths
--------------------------------------------------------------------------------------
Slack:                    inf
  Source:                 m_axis_tready
                            (input port)
  Destination:            m_axis_tdata[50]
                            (output port)
  Path Group:             (none)
  Path Type:              Max at Slow Process Corner
  Data Path Delay:        2.316ns  (logic 0.272ns (11.744%)  route 2.044ns (88.256%))
  Logic Levels:           2  (LUT6=2)

    Location             Delay type                Incr(ns)  Path(ns)    Netlist Resource(s)
  -------------------------------------------------------------------    -------------------
                                                      0.000     0.000 r  m_axis_tready (IN)
                         net (fo=0)                   0.000     0.000    mem_1/bank_gen[0].u_mem_bank/m_axis_tready
    SLICE_X54Y123        LUT6 (Prop_H6LUT_SLICEM_I4_O)
                                                      0.084     0.084 r  mem_1/bank_gen[0].u_mem_bank/m_axis_tvalid_INST_0_i_1/O
                         net (fo=65, routed)          2.044     2.128    mem_1/bank_gen[0].u_mem_bank/o_stage_reg[2]
    SLICE_X49Y141        LUT6 (Prop_B6LUT_SLICEL_I0_O)
                                                      0.188     2.316 r  mem_1/bank_gen[0].u_mem_bank/m_axis_tdata[50]_INST_0/O
                         net (fo=0)                   0.000     2.316    m_axis_tdata[50]
                                                                      r  m_axis_tdata[50] (OUT)
  -------------------------------------------------------------------    -------------------

Slack:                    inf
  Source:                 m_axis_tready
                            (input port)
  Destination:            m_axis_tdata[34]
                            (output port)
  Path Group:             (none)
  Path Type:              Max at Slow Process Corner
  Data Path Delay:        2.315ns  (logic 0.234ns (10.106%)  route 2.081ns (89.894%))
  Logic Levels:           2  (LUT6=2)

    Location             Delay type                Incr(ns)  Path(ns)    Netlist Resource(s)
  -------------------------------------------------------------------    -------------------
                                                      0.000     0.000 r  m_axis_tready (IN)
                         net (fo=0)                   0.000     0.000    mem_1/bank_gen[0].u_mem_bank/m_axis_tready
    SLICE_X54Y123        LUT6 (Prop_H6LUT_SLICEM_I4_O)
                                                      0.084     0.084 r  mem_1/bank_gen[0].u_mem_bank/m_axis_tvalid_INST_0_i_1/O
                         net (fo=65, routed)          2.081     2.165    mem_1/bank_gen[0].u_mem_bank/o_stage_reg[2]
    SLICE_X49Y144        LUT6 (Prop_C6LUT_SLICEL_I0_O)
                                                      0.150     2.315 r  mem_1/bank_gen[0].u_mem_bank/m_axis_tdata[34]_INST_0/O
                         net (fo=0)                   0.000     2.315    m_axis_tdata[34]
                                                                      r  m_axis_tdata[34] (OUT)
  -------------------------------------------------------------------    -------------------

Slack:                    inf
  Source:                 m_axis_tready
                            (input port)
  Destination:            m_axis_tdata[8]
                            (output port)
  Path Group:             (none)
  Path Type:              Max at Slow Process Corner
  Data Path Delay:        2.287ns  (logic 0.308ns (13.465%)  route 1.979ns (86.535%))
  Logic Levels:           2  (LUT6=2)

    Location             Delay type                Incr(ns)  Path(ns)    Netlist Resource(s)
  -------------------------------------------------------------------    -------------------
                                                      0.000     0.000 r  m_axis_tready (IN)
                         net (fo=0)                   0.000     0.000    mem_1/bank_gen[0].u_mem_bank/m_axis_tready
    SLICE_X54Y123        LUT6 (Prop_H6LUT_SLICEM_I4_O)
                                                      0.084     0.084 r  mem_1/bank_gen[0].u_mem_bank/m_axis_tvalid_INST_0_i_1/O
                         net (fo=65, routed)          1.979     2.063    mem_1/bank_gen[0].u_mem_bank/o_stage_reg[2]
    SLICE_X49Y140        LUT6 (Prop_F6LUT_SLICEL_I0_O)
                                                      0.224     2.287 r  mem_1/bank_gen[0].u_mem_bank/m_axis_tdata[8]_INST_0/O
                         net (fo=0)                   0.000     2.287    m_axis_tdata[8]
                                                                      r  m_axis_tdata[8] (OUT)
  -------------------------------------------------------------------    -------------------

Slack:                    inf
  Source:                 m_axis_tready
                            (input port)
  Destination:            m_axis_tdata[11]
                            (output port)
  Path Group:             (none)
  Path Type:              Max at Slow Process Corner
  Data Path Delay:        2.275ns  (logic 0.237ns (10.418%)  route 2.038ns (89.582%))
  Logic Levels:           2  (LUT6=2)

    Location             Delay type                Incr(ns)  Path(ns)    Netlist Resource(s)
  -------------------------------------------------------------------    -------------------
                                                      0.000     0.000 r  m_axis_tready (IN)
                         net (fo=0)                   0.000     0.000    mem_1/bank_gen[0].u_mem_bank/m_axis_tready
    SLICE_X54Y123        LUT6 (Prop_H6LUT_SLICEM_I4_O)
                                                      0.084     0.084 r  mem_1/bank_gen[0].u_mem_bank/m_axis_tvalid_INST_0_i_1/O
                         net (fo=65, routed)          2.038     2.122    mem_1/bank_gen[0].u_mem_bank/o_stage_reg[2]
    SLICE_X49Y141        LUT6 (Prop_H6LUT_SLICEL_I0_O)
                                                      0.153     2.275 r  mem_1/bank_gen[0].u_mem_bank/m_axis_tdata[11]_INST_0/O
                         net (fo=0)                   0.000     2.275    m_axis_tdata[11]
                                                                      r  m_axis_tdata[11] (OUT)
  -------------------------------------------------------------------    -------------------

Slack:                    inf
  Source:                 m_axis_tready
                            (input port)
  Destination:            m_axis_tdata[3]
                            (output port)
  Path Group:             (none)
  Path Type:              Max at Slow Process Corner
  Data Path Delay:        2.226ns  (logic 0.305ns (13.699%)  route 1.921ns (86.301%))
  Logic Levels:           2  (LUT6=2)

    Location             Delay type                Incr(ns)  Path(ns)    Netlist Resource(s)
  -------------------------------------------------------------------    -------------------
                                                      0.000     0.000 r  m_axis_tready (IN)
                         net (fo=0)                   0.000     0.000    mem_1/bank_gen[0].u_mem_bank/m_axis_tready
    SLICE_X54Y123        LUT6 (Prop_H6LUT_SLICEM_I4_O)
                                                      0.084     0.084 r  mem_1/bank_gen[0].u_mem_bank/m_axis_tvalid_INST_0_i_1/O
                         net (fo=65, routed)          1.921     2.005    mem_1/bank_gen[0].u_mem_bank/o_stage_reg[2]
    SLICE_X49Y140        LUT6 (Prop_D6LUT_SLICEL_I0_O)
                                                      0.221     2.226 r  mem_1/bank_gen[0].u_mem_bank/m_axis_tdata[3]_INST_0/O
                         net (fo=0)                   0.000     2.226    m_axis_tdata[3]
                                                                      r  m_axis_tdata[3] (OUT)
  -------------------------------------------------------------------    -------------------

Slack:                    inf
  Source:                 m_axis_tready
                            (input port)
  Destination:            m_axis_tdata[30]
                            (output port)
  Path Group:             (none)
  Path Type:              Max at Slow Process Corner
  Data Path Delay:        2.225ns  (logic 0.235ns (10.560%)  route 1.990ns (89.440%))
  Logic Levels:           2  (LUT6=2)

    Location             Delay type                Incr(ns)  Path(ns)    Netlist Resource(s)
  -------------------------------------------------------------------    -------------------
                                                      0.000     0.000 r  m_axis_tready (IN)
                         net (fo=0)                   0.000     0.000    mem_1/bank_gen[0].u_mem_bank/m_axis_tready
    SLICE_X54Y123        LUT6 (Prop_H6LUT_SLICEM_I4_O)
                                                      0.084     0.084 r  mem_1/bank_gen[0].u_mem_bank/m_axis_tvalid_INST_0_i_1/O
                         net (fo=65, routed)          1.990     2.074    mem_1/bank_gen[0].u_mem_bank/o_stage_reg[2]
    SLICE_X49Y142        LUT6 (Prop_G6LUT_SLICEL_I0_O)
                                                      0.151     2.225 r  mem_1/bank_gen[0].u_mem_bank/m_axis_tdata[30]_INST_0/O
                         net (fo=0)                   0.000     2.225    m_axis_tdata[30]
                                                                      r  m_axis_tdata[30] (OUT)
  -------------------------------------------------------------------    -------------------

Slack:                    inf
  Source:                 m_axis_tready
                            (input port)
  Destination:            m_axis_tdata[2]
                            (output port)
  Path Group:             (none)
  Path Type:              Max at Slow Process Corner
  Data Path Delay:        2.206ns  (logic 0.234ns (10.609%)  route 1.972ns (89.391%))
  Logic Levels:           2  (LUT6=2)

    Location             Delay type                Incr(ns)  Path(ns)    Netlist Resource(s)
  -------------------------------------------------------------------    -------------------
                                                      0.000     0.000 r  m_axis_tready (IN)
                         net (fo=0)                   0.000     0.000    mem_1/bank_gen[0].u_mem_bank/m_axis_tready
    SLICE_X54Y123        LUT6 (Prop_H6LUT_SLICEM_I4_O)
                                                      0.084     0.084 r  mem_1/bank_gen[0].u_mem_bank/m_axis_tvalid_INST_0_i_1/O
                         net (fo=65, routed)          1.972     2.056    mem_1/bank_gen[0].u_mem_bank/o_stage_reg[2]
    SLICE_X49Y143        LUT6 (Prop_C6LUT_SLICEL_I0_O)
                                                      0.150     2.206 r  mem_1/bank_gen[0].u_mem_bank/m_axis_tdata[2]_INST_0/O
                         net (fo=0)                   0.000     2.206    m_axis_tdata[2]
                                                                      r  m_axis_tdata[2] (OUT)
  -------------------------------------------------------------------    -------------------

Slack:                    inf
  Source:                 m_axis_tready
                            (input port)
  Destination:            m_axis_tdata[19]
                            (output port)
  Path Group:             (none)
  Path Type:              Max at Slow Process Corner
  Data Path Delay:        2.138ns  (logic 0.165ns (7.716%)  route 1.973ns (92.284%))
  Logic Levels:           2  (LUT6=2)

    Location             Delay type                Incr(ns)  Path(ns)    Netlist Resource(s)
  -------------------------------------------------------------------    -------------------
                                                      0.000     0.000 r  m_axis_tready (IN)
                         net (fo=0)                   0.000     0.000    mem_1/bank_gen[0].u_mem_bank/m_axis_tready
    SLICE_X54Y123        LUT6 (Prop_H6LUT_SLICEM_I4_O)
                                                      0.084     0.084 r  mem_1/bank_gen[0].u_mem_bank/m_axis_tvalid_INST_0_i_1/O
                         net (fo=65, routed)          1.973     2.057    mem_1/bank_gen[0].u_mem_bank/o_stage_reg[2]
    SLICE_X49Y142        LUT6 (Prop_D6LUT_SLICEL_I0_O)
                                                      0.081     2.138 r  mem_1/bank_gen[0].u_mem_bank/m_axis_tdata[19]_INST_0/O
                         net (fo=0)                   0.000     2.138    m_axis_tdata[19]
                                                                      r  m_axis_tdata[19] (OUT)
  -------------------------------------------------------------------    -------------------

Slack:                    inf
  Source:                 m_axis_tready
                            (input port)
  Destination:            m_axis_tdata[45]
                            (output port)
  Path Group:             (none)
  Path Type:              Max at Slow Process Corner
  Data Path Delay:        2.133ns  (logic 0.237ns (11.113%)  route 1.896ns (88.887%))
  Logic Levels:           2  (LUT6=2)

    Location             Delay type                Incr(ns)  Path(ns)    Netlist Resource(s)
  -------------------------------------------------------------------    -------------------
                                                      0.000     0.000 r  m_axis_tready (IN)
                         net (fo=0)                   0.000     0.000    mem_1/bank_gen[0].u_mem_bank/m_axis_tready
    SLICE_X54Y123        LUT6 (Prop_H6LUT_SLICEM_I4_O)
                                                      0.084     0.084 r  mem_1/bank_gen[0].u_mem_bank/m_axis_tvalid_INST_0_i_1/O
                         net (fo=65, routed)          1.896     1.980    mem_1/bank_gen[0].u_mem_bank/o_stage_reg[2]
    SLICE_X49Y138        LUT6 (Prop_H6LUT_SLICEL_I0_O)
                                                      0.153     2.133 r  mem_1/bank_gen[0].u_mem_bank/m_axis_tdata[45]_INST_0/O
                         net (fo=0)                   0.000     2.133    m_axis_tdata[45]
                                                                      r  m_axis_tdata[45] (OUT)
  -------------------------------------------------------------------    -------------------

Slack:                    inf
  Source:                 m_axis_tready
                            (input port)
  Destination:            m_axis_tdata[55]
                            (output port)
  Path Group:             (none)
  Path Type:              Max at Slow Process Corner
  Data Path Delay:        2.125ns  (logic 0.140ns (6.587%)  route 1.985ns (93.413%))
  Logic Levels:           2  (LUT6=2)

    Location             Delay type                Incr(ns)  Path(ns)    Netlist Resource(s)
  -------------------------------------------------------------------    -------------------
                                                      0.000     0.000 r  m_axis_tready (IN)
                         net (fo=0)                   0.000     0.000    mem_1/bank_gen[0].u_mem_bank/m_axis_tready
    SLICE_X54Y123        LUT6 (Prop_H6LUT_SLICEM_I4_O)
                                                      0.084     0.084 r  mem_1/bank_gen[0].u_mem_bank/m_axis_tvalid_INST_0_i_1/O
                         net (fo=65, routed)          1.985     2.069    mem_1/bank_gen[0].u_mem_bank/o_stage_reg[2]
    SLICE_X49Y142        LUT6 (Prop_F6LUT_SLICEL_I0_O)
                                                      0.056     2.125 r  mem_1/bank_gen[0].u_mem_bank/m_axis_tdata[55]_INST_0/O
                         net (fo=0)                   0.000     2.125    m_axis_tdata[55]
                                                                      r  m_axis_tdata[55] (OUT)
  -------------------------------------------------------------------    -------------------





Min Delay Paths
--------------------------------------------------------------------------------------
Slack:                    inf
  Source:                 m_axis_tready
                            (input port)
  Destination:            m_axis_tdata[13]
                            (output port)
  Path Group:             (none)
  Path Type:              Min at Fast Process Corner
  Data Path Delay:        0.261ns  (logic 0.059ns (22.640%)  route 0.202ns (77.360%))
  Logic Levels:           2  (LUT6=2)

    Location             Delay type                Incr(ns)  Path(ns)    Netlist Resource(s)
  -------------------------------------------------------------------    -------------------
                                                      0.000     0.000 r  m_axis_tready (IN)
                         net (fo=0)                   0.000     0.000    mem_1/bank_gen[0].u_mem_bank/m_axis_tready
    SLICE_X54Y123        LUT6 (Prop_H6LUT_SLICEM_I4_O)
                                                      0.038     0.038 r  mem_1/bank_gen[0].u_mem_bank/m_axis_tvalid_INST_0_i_1/O
                         net (fo=65, routed)          0.202     0.240    mem_1/bank_gen[0].u_mem_bank/o_stage_reg[2]
    SLICE_X52Y141        LUT6 (Prop_C6LUT_SLICEL_I0_O)
                                                      0.021     0.261 r  mem_1/bank_gen[0].u_mem_bank/m_axis_tdata[13]_INST_0/O
                         net (fo=0)                   0.000     0.261    m_axis_tdata[13]
                                                                      r  m_axis_tdata[13] (OUT)
  -------------------------------------------------------------------    -------------------

Slack:                    inf
  Source:                 m_axis_tready
                            (input port)
  Destination:            m_axis_tdata[57]
                            (output port)
  Path Group:             (none)
  Path Type:              Min at Fast Process Corner
  Data Path Delay:        0.316ns  (logic 0.115ns (36.364%)  route 0.201ns (63.636%))
  Logic Levels:           2  (LUT6=2)

    Location             Delay type                Incr(ns)  Path(ns)    Netlist Resource(s)
  -------------------------------------------------------------------    -------------------
                                                      0.000     0.000 r  m_axis_tready (IN)
                         net (fo=0)                   0.000     0.000    mem_1/bank_gen[0].u_mem_bank/m_axis_tready
    SLICE_X54Y123        LUT6 (Prop_H6LUT_SLICEM_I4_O)
                                                      0.038     0.038 r  mem_1/bank_gen[0].u_mem_bank/m_axis_tvalid_INST_0_i_1/O
                         net (fo=65, routed)          0.201     0.239    mem_1/bank_gen[0].u_mem_bank/o_stage_reg[2]
    SLICE_X52Y141        LUT6 (Prop_H6LUT_SLICEL_I0_O)
                                                      0.077     0.316 r  mem_1/bank_gen[0].u_mem_bank/m_axis_tdata[57]_INST_0/O
                         net (fo=0)                   0.000     0.316    m_axis_tdata[57]
                                                                      r  m_axis_tdata[57] (OUT)
  -------------------------------------------------------------------    -------------------

Slack:                    inf
  Source:                 m_axis_tready
                            (input port)
  Destination:            m_axis_tdata[16]
                            (output port)
  Path Group:             (none)
  Path Type:              Min at Fast Process Corner
  Data Path Delay:        0.318ns  (logic 0.128ns (40.232%)  route 0.190ns (59.768%))
  Logic Levels:           2  (LUT6=2)

    Location             Delay type                Incr(ns)  Path(ns)    Netlist Resource(s)
  -------------------------------------------------------------------    -------------------
                                                      0.000     0.000 r  m_axis_tready (IN)
                         net (fo=0)                   0.000     0.000    mem_1/bank_gen[0].u_mem_bank/m_axis_tready
    SLICE_X54Y123        LUT6 (Prop_H6LUT_SLICEM_I4_O)
                                                      0.038     0.038 r  mem_1/bank_gen[0].u_mem_bank/m_axis_tvalid_INST_0_i_1/O
                         net (fo=65, routed)          0.190     0.228    mem_1/bank_gen[0].u_mem_bank/o_stage_reg[2]
    SLICE_X51Y135        LUT6 (Prop_F6LUT_SLICEL_I0_O)
                                                      0.090     0.318 r  mem_1/bank_gen[0].u_mem_bank/m_axis_tdata[16]_INST_0/O
                         net (fo=0)                   0.000     0.318    m_axis_tdata[16]
                                                                      r  m_axis_tdata[16] (OUT)
  -------------------------------------------------------------------    -------------------

Slack:                    inf
  Source:                 m_axis_tready
                            (input port)
  Destination:            m_axis_tdata[56]
                            (output port)
  Path Group:             (none)
  Path Type:              Min at Fast Process Corner
  Data Path Delay:        0.320ns  (logic 0.059ns (18.454%)  route 0.261ns (81.546%))
  Logic Levels:           2  (LUT6=2)

    Location             Delay type                Incr(ns)  Path(ns)    Netlist Resource(s)
  -------------------------------------------------------------------    -------------------
                                                      0.000     0.000 r  m_axis_tready (IN)
                         net (fo=0)                   0.000     0.000    mem_1/bank_gen[0].u_mem_bank/m_axis_tready
    SLICE_X54Y123        LUT6 (Prop_H6LUT_SLICEM_I4_O)
                                                      0.038     0.038 r  mem_1/bank_gen[0].u_mem_bank/m_axis_tvalid_INST_0_i_1/O
                         net (fo=65, routed)          0.261     0.299    mem_1/bank_gen[0].u_mem_bank/o_stage_reg[2]
    SLICE_X51Y141        LUT6 (Prop_C6LUT_SLICEL_I0_O)
                                                      0.021     0.320 r  mem_1/bank_gen[0].u_mem_bank/m_axis_tdata[56]_INST_0/O
                         net (fo=0)                   0.000     0.320    m_axis_tdata[56]
                                                                      r  m_axis_tdata[56] (OUT)
  -------------------------------------------------------------------    -------------------

Slack:                    inf
  Source:                 m_axis_tready
                            (input port)
  Destination:            m_axis_tdata[41]
                            (output port)
  Path Group:             (none)
  Path Type:              Min at Fast Process Corner
  Data Path Delay:        0.332ns  (logic 0.128ns (38.526%)  route 0.204ns (61.474%))
  Logic Levels:           2  (LUT6=2)

    Location             Delay type                Incr(ns)  Path(ns)    Netlist Resource(s)
  -------------------------------------------------------------------    -------------------
                                                      0.000     0.000 r  m_axis_tready (IN)
                         net (fo=0)                   0.000     0.000    mem_1/bank_gen[0].u_mem_bank/m_axis_tready
    SLICE_X54Y123        LUT6 (Prop_H6LUT_SLICEM_I4_O)
                                                      0.038     0.038 r  mem_1/bank_gen[0].u_mem_bank/m_axis_tvalid_INST_0_i_1/O
                         net (fo=65, routed)          0.204     0.242    mem_1/bank_gen[0].u_mem_bank/o_stage_reg[2]
    SLICE_X52Y141        LUT6 (Prop_B6LUT_SLICEL_I0_O)
                                                      0.090     0.332 r  mem_1/bank_gen[0].u_mem_bank/m_axis_tdata[41]_INST_0/O
                         net (fo=0)                   0.000     0.332    m_axis_tdata[41]
                                                                      r  m_axis_tdata[41] (OUT)
  -------------------------------------------------------------------    -------------------

Slack:                    inf
  Source:                 m_axis_tready
                            (input port)
  Destination:            m_axis_tdata[46]
                            (output port)
  Path Group:             (none)
  Path Type:              Min at Fast Process Corner
  Data Path Delay:        0.341ns  (logic 0.058ns (17.029%)  route 0.283ns (82.971%))
  Logic Levels:           2  (LUT6=2)

    Location             Delay type                Incr(ns)  Path(ns)    Netlist Resource(s)
  -------------------------------------------------------------------    -------------------
                                                      0.000     0.000 r  m_axis_tready (IN)
                         net (fo=0)                   0.000     0.000    mem_1/bank_gen[0].u_mem_bank/m_axis_tready
    SLICE_X54Y123        LUT6 (Prop_H6LUT_SLICEM_I4_O)
                                                      0.038     0.038 r  mem_1/bank_gen[0].u_mem_bank/m_axis_tvalid_INST_0_i_1/O
                         net (fo=65, routed)          0.283     0.321    mem_1/bank_gen[0].u_mem_bank/o_stage_reg[2]
    SLICE_X51Y141        LUT6 (Prop_G6LUT_SLICEL_I0_O)
                                                      0.020     0.341 r  mem_1/bank_gen[0].u_mem_bank/m_axis_tdata[46]_INST_0/O
                         net (fo=0)                   0.000     0.341    m_axis_tdata[46]
                                                                      r  m_axis_tdata[46] (OUT)
  -------------------------------------------------------------------    -------------------

Slack:                    inf
  Source:                 m_axis_tready
                            (input port)
  Destination:            m_axis_tdata[42]
                            (output port)
  Path Group:             (none)
  Path Type:              Min at Fast Process Corner
  Data Path Delay:        0.342ns  (logic 0.059ns (17.272%)  route 0.283ns (82.728%))
  Logic Levels:           2  (LUT6=2)

    Location             Delay type                Incr(ns)  Path(ns)    Netlist Resource(s)
  -------------------------------------------------------------------    -------------------
                                                      0.000     0.000 r  m_axis_tready (IN)
                         net (fo=0)                   0.000     0.000    mem_1/bank_gen[0].u_mem_bank/m_axis_tready
    SLICE_X54Y123        LUT6 (Prop_H6LUT_SLICEM_I4_O)
                                                      0.038     0.038 r  mem_1/bank_gen[0].u_mem_bank/m_axis_tvalid_INST_0_i_1/O
                         net (fo=65, routed)          0.283     0.321    mem_1/bank_gen[0].u_mem_bank/o_stage_reg[2]
    SLICE_X51Y141        LUT6 (Prop_H6LUT_SLICEL_I0_O)
                                                      0.021     0.342 r  mem_1/bank_gen[0].u_mem_bank/m_axis_tdata[42]_INST_0/O
                         net (fo=0)                   0.000     0.342    m_axis_tdata[42]
                                                                      r  m_axis_tdata[42] (OUT)
  -------------------------------------------------------------------    -------------------

Slack:                    inf
  Source:                 m_axis_tready
                            (input port)
  Destination:            m_axis_tdata[51]
                            (output port)
  Path Group:             (none)
  Path Type:              Min at Fast Process Corner
  Data Path Delay:        0.354ns  (logic 0.105ns (29.694%)  route 0.249ns (70.306%))
  Logic Levels:           2  (LUT6=2)

    Location             Delay type                Incr(ns)  Path(ns)    Netlist Resource(s)
  -------------------------------------------------------------------    -------------------
                                                      0.000     0.000 r  m_axis_tready (IN)
                         net (fo=0)                   0.000     0.000    mem_1/bank_gen[0].u_mem_bank/m_axis_tready
    SLICE_X54Y123        LUT6 (Prop_H6LUT_SLICEM_I4_O)
                                                      0.038     0.038 r  mem_1/bank_gen[0].u_mem_bank/m_axis_tvalid_INST_0_i_1/O
                         net (fo=65, routed)          0.249     0.287    mem_1/bank_gen[0].u_mem_bank/o_stage_reg[2]
    SLICE_X50Y141        LUT6 (Prop_C6LUT_SLICEL_I0_O)
                                                      0.067     0.354 r  mem_1/bank_gen[0].u_mem_bank/m_axis_tdata[51]_INST_0/O
                         net (fo=0)                   0.000     0.354    m_axis_tdata[51]
                                                                      r  m_axis_tdata[51] (OUT)
  -------------------------------------------------------------------    -------------------

Slack:                    inf
  Source:                 m_axis_tready
                            (input port)
  Destination:            m_axis_tdata[40]
                            (output port)
  Path Group:             (none)
  Path Type:              Min at Fast Process Corner
  Data Path Delay:        0.358ns  (logic 0.128ns (35.794%)  route 0.230ns (64.206%))
  Logic Levels:           2  (LUT6=2)

    Location             Delay type                Incr(ns)  Path(ns)    Netlist Resource(s)
  -------------------------------------------------------------------    -------------------
                                                      0.000     0.000 r  m_axis_tready (IN)
                         net (fo=0)                   0.000     0.000    mem_1/bank_gen[0].u_mem_bank/m_axis_tready
    SLICE_X54Y123        LUT6 (Prop_H6LUT_SLICEM_I4_O)
                                                      0.038     0.038 r  mem_1/bank_gen[0].u_mem_bank/m_axis_tvalid_INST_0_i_1/O
                         net (fo=65, routed)          0.230     0.268    mem_1/bank_gen[0].u_mem_bank/o_stage_reg[2]
    SLICE_X52Y140        LUT6 (Prop_G6LUT_SLICEL_I0_O)
                                                      0.090     0.358 r  mem_1/bank_gen[0].u_mem_bank/m_axis_tdata[40]_INST_0/O
                         net (fo=0)                   0.000     0.358    m_axis_tdata[40]
                                                                      r  m_axis_tdata[40] (OUT)
  -------------------------------------------------------------------    -------------------

Slack:                    inf
  Source:                 m_axis_tready
                            (input port)
  Destination:            m_axis_tdata[20]
                            (output port)
  Path Group:             (none)
  Path Type:              Min at Fast Process Corner
  Data Path Delay:        0.358ns  (logic 0.075ns (20.964%)  route 0.283ns (79.036%))
  Logic Levels:           2  (LUT6=2)

    Location             Delay type                Incr(ns)  Path(ns)    Netlist Resource(s)
  -------------------------------------------------------------------    -------------------
                                                      0.000     0.000 r  m_axis_tready (IN)
                         net (fo=0)                   0.000     0.000    mem_1/bank_gen[0].u_mem_bank/m_axis_tready
    SLICE_X54Y123        LUT6 (Prop_H6LUT_SLICEM_I4_O)
                                                      0.038     0.038 r  mem_1/bank_gen[0].u_mem_bank/m_axis_tvalid_INST_0_i_1/O
                         net (fo=65, routed)          0.283     0.321    mem_1/bank_gen[0].u_mem_bank/o_stage_reg[2]
    SLICE_X49Y141        LUT6 (Prop_C6LUT_SLICEL_I0_O)
                                                      0.037     0.358 r  mem_1/bank_gen[0].u_mem_bank/m_axis_tdata[20]_INST_0/O
                         net (fo=0)                   0.000     0.358    m_axis_tdata[20]
                                                                      r  m_axis_tdata[20] (OUT)
  -------------------------------------------------------------------    -------------------





--------------------------------------------------------------------------------------
Path Group:  (none)
From Clock:  clk
  To Clock:  

Max Delay            66 Endpoints
Min Delay            66 Endpoints
--------------------------------------------------------------------------------------


Max Delay Paths
--------------------------------------------------------------------------------------
Slack:                    inf
  Source:                 mem_1/bank_gen[1].u_mem_bank/ram_reg_uram_0/CLK
                            (rising edge-triggered cell URAM288 clocked by clk  {rise@0.000ns fall@1.000ns period=2.000ns})
  Destination:            m_axis_tdata[21]
                            (output port)
  Path Group:             (none)
  Path Type:              Max at Slow Process Corner
  Data Path Delay:        3.741ns  (logic 1.193ns (31.893%)  route 2.548ns (68.107%))
  Logic Levels:           1  (LUT6=1)
  Clock Uncertainty:      0.025ns  ((TSJ^2 + TIJ^2)^1/2 + DJ) / 2 + PE
    Total System Jitter     (TSJ):    0.050ns
    Total Input Jitter      (TIJ):    0.000ns
    Discrete Jitter          (DJ):    0.000ns
    Phase Error              (PE):    0.000ns

    Location             Delay type                Incr(ns)  Path(ns)    Netlist Resource(s)
  -------------------------------------------------------------------    -------------------
                         (clock clk rise edge)        0.000     0.000 r  
                                                      0.000     0.000 r  i_clk (IN)
                         net (fo=94970, unset)        0.117     0.117    mem_1/bank_gen[1].u_mem_bank/i_clk
    URAM288_X0Y18        URAM288                                      r  mem_1/bank_gen[1].u_mem_bank/ram_reg_uram_0/CLK
  -------------------------------------------------------------------    -------------------
    URAM288_X0Y18        URAM288 (Prop_URAM_288K_INST_URAM288_CLK_DOUT_A[21])
                                                      1.057     1.174 r  mem_1/bank_gen[1].u_mem_bank/ram_reg_uram_0/DOUT_A[21]
                         net (fo=2, routed)           2.548     3.722    mem_1/bank_gen[0].u_mem_bank/m_axis_tdata[63]_2[21]
    SLICE_X49Y139        LUT6 (Prop_C6LUT_SLICEL_I4_O)
                                                      0.136     3.858 r  mem_1/bank_gen[0].u_mem_bank/m_axis_tdata[21]_INST_0/O
                         net (fo=0)                   0.000     3.858    m_axis_tdata[21]
                                                                      r  m_axis_tdata[21] (OUT)
  -------------------------------------------------------------------    -------------------

Slack:                    inf
  Source:                 mem_1/bank_gen[1].u_mem_bank/ram_reg_uram_0/CLK
                            (rising edge-triggered cell URAM288 clocked by clk  {rise@0.000ns fall@1.000ns period=2.000ns})
  Destination:            m_axis_tdata[25]
                            (output port)
  Path Group:             (none)
  Path Type:              Max at Slow Process Corner
  Data Path Delay:        3.717ns  (logic 1.162ns (31.265%)  route 2.555ns (68.735%))
  Logic Levels:           1  (LUT6=1)
  Clock Uncertainty:      0.025ns  ((TSJ^2 + TIJ^2)^1/2 + DJ) / 2 + PE
    Total System Jitter     (TSJ):    0.050ns
    Total Input Jitter      (TIJ):    0.000ns
    Discrete Jitter          (DJ):    0.000ns
    Phase Error              (PE):    0.000ns

    Location             Delay type                Incr(ns)  Path(ns)    Netlist Resource(s)
  -------------------------------------------------------------------    -------------------
                         (clock clk rise edge)        0.000     0.000 r  
                                                      0.000     0.000 r  i_clk (IN)
                         net (fo=94970, unset)        0.117     0.117    mem_1/bank_gen[1].u_mem_bank/i_clk
    URAM288_X0Y18        URAM288                                      r  mem_1/bank_gen[1].u_mem_bank/ram_reg_uram_0/CLK
  -------------------------------------------------------------------    -------------------
    URAM288_X0Y18        URAM288 (Prop_URAM_288K_INST_URAM288_CLK_DOUT_A[25])
                                                      0.938     1.055 r  mem_1/bank_gen[1].u_mem_bank/ram_reg_uram_0/DOUT_A[25]
                         net (fo=2, routed)           2.555     3.610    mem_1/bank_gen[0].u_mem_bank/m_axis_tdata[63]_2[25]
    SLICE_X49Y139        LUT6 (Prop_B6LUT_SLICEL_I4_O)
                                                      0.224     3.834 r  mem_1/bank_gen[0].u_mem_bank/m_axis_tdata[25]_INST_0/O
                         net (fo=0)                   0.000     3.834    m_axis_tdata[25]
                                                                      r  m_axis_tdata[25] (OUT)
  -------------------------------------------------------------------    -------------------

Slack:                    inf
  Source:                 mem_1/bank_gen[1].u_mem_bank/ram_reg_uram_0/CLK
                            (rising edge-triggered cell URAM288 clocked by clk  {rise@0.000ns fall@1.000ns period=2.000ns})
  Destination:            m_axis_tdata[45]
                            (output port)
  Path Group:             (none)
  Path Type:              Max at Slow Process Corner
  Data Path Delay:        3.645ns  (logic 1.253ns (34.379%)  route 2.392ns (65.621%))
  Logic Levels:           1  (LUT6=1)
  Clock Uncertainty:      0.025ns  ((TSJ^2 + TIJ^2)^1/2 + DJ) / 2 + PE
    Total System Jitter     (TSJ):    0.050ns
    Total Input Jitter      (TIJ):    0.000ns
    Discrete Jitter          (DJ):    0.000ns
    Phase Error              (PE):    0.000ns

    Location             Delay type                Incr(ns)  Path(ns)    Netlist Resource(s)
  -------------------------------------------------------------------    -------------------
                         (clock clk rise edge)        0.000     0.000 r  
                                                      0.000     0.000 r  i_clk (IN)
                         net (fo=94970, unset)        0.117     0.117    mem_1/bank_gen[1].u_mem_bank/i_clk
    URAM288_X0Y18        URAM288                                      r  mem_1/bank_gen[1].u_mem_bank/ram_reg_uram_0/CLK
  -------------------------------------------------------------------    -------------------
    URAM288_X0Y18        URAM288 (Prop_URAM_288K_INST_URAM288_CLK_DOUT_A[45])
                                                      1.026     1.143 r  mem_1/bank_gen[1].u_mem_bank/ram_reg_uram_0/DOUT_A[45]
                         net (fo=2, routed)           2.392     3.535    mem_1/bank_gen[0].u_mem_bank/m_axis_tdata[63]_2[45]
    SLICE_X49Y138        LUT6 (Prop_H6LUT_SLICEL_I4_O)
                                                      0.227     3.762 r  mem_1/bank_gen[0].u_mem_bank/m_axis_tdata[45]_INST_0/O
                         net (fo=0)                   0.000     3.762    m_axis_tdata[45]
                                                                      r  m_axis_tdata[45] (OUT)
  -------------------------------------------------------------------    -------------------

Slack:                    inf
  Source:                 mem_1/bank_gen[0].u_mem_bank/ram_reg_uram_0/CLK
                            (rising edge-triggered cell URAM288 clocked by clk  {rise@0.000ns fall@1.000ns period=2.000ns})
  Destination:            m_axis_tdata[22]
                            (output port)
  Path Group:             (none)
  Path Type:              Max at Slow Process Corner
  Data Path Delay:        3.509ns  (logic 1.174ns (33.459%)  route 2.335ns (66.541%))
  Logic Levels:           1  (LUT6=1)
  Clock Uncertainty:      0.025ns  ((TSJ^2 + TIJ^2)^1/2 + DJ) / 2 + PE
    Total System Jitter     (TSJ):    0.050ns
    Total Input Jitter      (TIJ):    0.000ns
    Discrete Jitter          (DJ):    0.000ns
    Phase Error              (PE):    0.000ns

    Location             Delay type                Incr(ns)  Path(ns)    Netlist Resource(s)
  -------------------------------------------------------------------    -------------------
                         (clock clk rise edge)        0.000     0.000 r  
                                                      0.000     0.000 r  i_clk (IN)
                         net (fo=94970, unset)        0.117     0.117    mem_1/bank_gen[0].u_mem_bank/i_clk
    URAM288_X0Y53        URAM288                                      r  mem_1/bank_gen[0].u_mem_bank/ram_reg_uram_0/CLK
  -------------------------------------------------------------------    -------------------
    URAM288_X0Y53        URAM288 (Prop_URAM_288K_INST_URAM288_CLK_DOUT_A[22])
                                                      1.036     1.153 r  mem_1/bank_gen[0].u_mem_bank/ram_reg_uram_0/DOUT_A[22]
                         net (fo=2, routed)           2.335     3.488    mem_1/bank_gen[0].u_mem_bank/i_clk_0[22]
    SLICE_X48Y140        LUT6 (Prop_B6LUT_SLICEL_I5_O)
                                                      0.138     3.626 r  mem_1/bank_gen[0].u_mem_bank/m_axis_tdata[22]_INST_0/O
                         net (fo=0)                   0.000     3.626    m_axis_tdata[22]
                                                                      r  m_axis_tdata[22] (OUT)
  -------------------------------------------------------------------    -------------------

Slack:                    inf
  Source:                 mem_1/bank_gen[1].u_mem_bank/ram_reg_uram_0/CLK
                            (rising edge-triggered cell URAM288 clocked by clk  {rise@0.000ns fall@1.000ns period=2.000ns})
  Destination:            m_axis_tdata[28]
                            (output port)
  Path Group:             (none)
  Path Type:              Max at Slow Process Corner
  Data Path Delay:        3.500ns  (logic 1.192ns (34.056%)  route 2.308ns (65.944%))
  Logic Levels:           1  (LUT6=1)
  Clock Uncertainty:      0.025ns  ((TSJ^2 + TIJ^2)^1/2 + DJ) / 2 + PE
    Total System Jitter     (TSJ):    0.050ns
    Total Input Jitter      (TIJ):    0.000ns
    Discrete Jitter          (DJ):    0.000ns
    Phase Error              (PE):    0.000ns

    Location             Delay type                Incr(ns)  Path(ns)    Netlist Resource(s)
  -------------------------------------------------------------------    -------------------
                         (clock clk rise edge)        0.000     0.000 r  
                                                      0.000     0.000 r  i_clk (IN)
                         net (fo=94970, unset)        0.117     0.117    mem_1/bank_gen[1].u_mem_bank/i_clk
    URAM288_X0Y18        URAM288                                      r  mem_1/bank_gen[1].u_mem_bank/ram_reg_uram_0/CLK
  -------------------------------------------------------------------    -------------------
    URAM288_X0Y18        URAM288 (Prop_URAM_288K_INST_URAM288_CLK_DOUT_A[28])
                                                      1.040     1.157 r  mem_1/bank_gen[1].u_mem_bank/ram_reg_uram_0/DOUT_A[28]
                         net (fo=2, routed)           2.308     3.465    mem_1/bank_gen[0].u_mem_bank/m_axis_tdata[63]_2[28]
    SLICE_X48Y140        LUT6 (Prop_A6LUT_SLICEL_I4_O)
                                                      0.152     3.617 r  mem_1/bank_gen[0].u_mem_bank/m_axis_tdata[28]_INST_0/O
                         net (fo=0)                   0.000     3.617    m_axis_tdata[28]
                                                                      r  m_axis_tdata[28] (OUT)
  -------------------------------------------------------------------    -------------------

Slack:                    inf
  Source:                 mem_1/bank_gen[0].u_mem_bank/ram_reg_uram_0/CLK
                            (rising edge-triggered cell URAM288 clocked by clk  {rise@0.000ns fall@1.000ns period=2.000ns})
  Destination:            m_axis_tdata[36]
                            (output port)
  Path Group:             (none)
  Path Type:              Max at Slow Process Corner
  Data Path Delay:        3.481ns  (logic 0.982ns (28.213%)  route 2.499ns (71.787%))
  Logic Levels:           1  (LUT6=1)
  Clock Uncertainty:      0.025ns  ((TSJ^2 + TIJ^2)^1/2 + DJ) / 2 + PE
    Total System Jitter     (TSJ):    0.050ns
    Total Input Jitter      (TIJ):    0.000ns
    Discrete Jitter          (DJ):    0.000ns
    Phase Error              (PE):    0.000ns

    Location             Delay type                Incr(ns)  Path(ns)    Netlist Resource(s)
  -------------------------------------------------------------------    -------------------
                         (clock clk rise edge)        0.000     0.000 r  
                                                      0.000     0.000 r  i_clk (IN)
                         net (fo=94970, unset)        0.117     0.117    mem_1/bank_gen[0].u_mem_bank/i_clk
    URAM288_X0Y53        URAM288                                      r  mem_1/bank_gen[0].u_mem_bank/ram_reg_uram_0/CLK
  -------------------------------------------------------------------    -------------------
    URAM288_X0Y53        URAM288 (Prop_URAM_288K_INST_URAM288_CLK_DOUT_A[36])
                                                      0.899     1.016 r  mem_1/bank_gen[0].u_mem_bank/ram_reg_uram_0/DOUT_A[36]
                         net (fo=2, routed)           2.499     3.515    mem_1/bank_gen[0].u_mem_bank/i_clk_0[36]
    SLICE_X50Y140        LUT6 (Prop_B6LUT_SLICEL_I5_O)
                                                      0.083     3.598 r  mem_1/bank_gen[0].u_mem_bank/m_axis_tdata[36]_INST_0/O
                         net (fo=0)                   0.000     3.598    m_axis_tdata[36]
                                                                      r  m_axis_tdata[36] (OUT)
  -------------------------------------------------------------------    -------------------

Slack:                    inf
  Source:                 mem_1/bank_gen[1].u_mem_bank/ram_reg_uram_0/CLK
                            (rising edge-triggered cell URAM288 clocked by clk  {rise@0.000ns fall@1.000ns period=2.000ns})
  Destination:            m_axis_tdata[50]
                            (output port)
  Path Group:             (none)
  Path Type:              Max at Slow Process Corner
  Data Path Delay:        3.446ns  (logic 1.089ns (31.603%)  route 2.357ns (68.397%))
  Logic Levels:           1  (LUT6=1)
  Clock Uncertainty:      0.025ns  ((TSJ^2 + TIJ^2)^1/2 + DJ) / 2 + PE
    Total System Jitter     (TSJ):    0.050ns
    Total Input Jitter      (TIJ):    0.000ns
    Discrete Jitter          (DJ):    0.000ns
    Phase Error              (PE):    0.000ns

    Location             Delay type                Incr(ns)  Path(ns)    Netlist Resource(s)
  -------------------------------------------------------------------    -------------------
                         (clock clk rise edge)        0.000     0.000 r  
                                                      0.000     0.000 r  i_clk (IN)
                         net (fo=94970, unset)        0.117     0.117    mem_1/bank_gen[1].u_mem_bank/i_clk
    URAM288_X0Y18        URAM288                                      r  mem_1/bank_gen[1].u_mem_bank/ram_reg_uram_0/CLK
  -------------------------------------------------------------------    -------------------
    URAM288_X0Y18        URAM288 (Prop_URAM_288K_INST_URAM288_CLK_DOUT_A[50])
                                                      1.031     1.148 r  mem_1/bank_gen[1].u_mem_bank/ram_reg_uram_0/DOUT_A[50]
                         net (fo=2, routed)           2.357     3.505    mem_1/bank_gen[0].u_mem_bank/m_axis_tdata[63]_2[50]
    SLICE_X49Y141        LUT6 (Prop_B6LUT_SLICEL_I4_O)
                                                      0.058     3.563 r  mem_1/bank_gen[0].u_mem_bank/m_axis_tdata[50]_INST_0/O
                         net (fo=0)                   0.000     3.563    m_axis_tdata[50]
                                                                      r  m_axis_tdata[50] (OUT)
  -------------------------------------------------------------------    -------------------

Slack:                    inf
  Source:                 mem_1/bank_gen[0].u_mem_bank/ram_reg_uram_0/CLK
                            (rising edge-triggered cell URAM288 clocked by clk  {rise@0.000ns fall@1.000ns period=2.000ns})
  Destination:            m_axis_tdata[30]
                            (output port)
  Path Group:             (none)
  Path Type:              Max at Slow Process Corner
  Data Path Delay:        3.395ns  (logic 1.058ns (31.159%)  route 2.337ns (68.841%))
  Logic Levels:           1  (LUT6=1)
  Clock Uncertainty:      0.025ns  ((TSJ^2 + TIJ^2)^1/2 + DJ) / 2 + PE
    Total System Jitter     (TSJ):    0.050ns
    Total Input Jitter      (TIJ):    0.000ns
    Discrete Jitter          (DJ):    0.000ns
    Phase Error              (PE):    0.000ns

    Location             Delay type                Incr(ns)  Path(ns)    Netlist Resource(s)
  -------------------------------------------------------------------    -------------------
                         (clock clk rise edge)        0.000     0.000 r  
                                                      0.000     0.000 r  i_clk (IN)
                         net (fo=94970, unset)        0.117     0.117    mem_1/bank_gen[0].u_mem_bank/i_clk
    URAM288_X0Y53        URAM288                                      r  mem_1/bank_gen[0].u_mem_bank/ram_reg_uram_0/CLK
  -------------------------------------------------------------------    -------------------
    URAM288_X0Y53        URAM288 (Prop_URAM_288K_INST_URAM288_CLK_DOUT_A[30])
                                                      0.921     1.038 r  mem_1/bank_gen[0].u_mem_bank/ram_reg_uram_0/DOUT_A[30]
                         net (fo=2, routed)           2.337     3.375    mem_1/bank_gen[0].u_mem_bank/i_clk_0[30]
    SLICE_X49Y142        LUT6 (Prop_G6LUT_SLICEL_I5_O)
                                                      0.137     3.512 r  mem_1/bank_gen[0].u_mem_bank/m_axis_tdata[30]_INST_0/O
                         net (fo=0)                   0.000     3.512    m_axis_tdata[30]
                                                                      r  m_axis_tdata[30] (OUT)
  -------------------------------------------------------------------    -------------------

Slack:                    inf
  Source:                 mem_1/bank_gen[1].u_mem_bank/ram_reg_uram_0/CLK
                            (rising edge-triggered cell URAM288 clocked by clk  {rise@0.000ns fall@1.000ns period=2.000ns})
  Destination:            m_axis_tdata[27]
                            (output port)
  Path Group:             (none)
  Path Type:              Max at Slow Process Corner
  Data Path Delay:        3.338ns  (logic 1.227ns (36.761%)  route 2.111ns (63.239%))
  Logic Levels:           1  (LUT6=1)
  Clock Uncertainty:      0.025ns  ((TSJ^2 + TIJ^2)^1/2 + DJ) / 2 + PE
    Total System Jitter     (TSJ):    0.050ns
    Total Input Jitter      (TIJ):    0.000ns
    Discrete Jitter          (DJ):    0.000ns
    Phase Error              (PE):    0.000ns

    Location             Delay type                Incr(ns)  Path(ns)    Netlist Resource(s)
  -------------------------------------------------------------------    -------------------
                         (clock clk rise edge)        0.000     0.000 r  
                                                      0.000     0.000 r  i_clk (IN)
                         net (fo=94970, unset)        0.117     0.117    mem_1/bank_gen[1].u_mem_bank/i_clk
    URAM288_X0Y18        URAM288                                      r  mem_1/bank_gen[1].u_mem_bank/ram_reg_uram_0/CLK
  -------------------------------------------------------------------    -------------------
    URAM288_X0Y18        URAM288 (Prop_URAM_288K_INST_URAM288_CLK_DOUT_A[27])
                                                      1.040     1.157 r  mem_1/bank_gen[1].u_mem_bank/ram_reg_uram_0/DOUT_A[27]
                         net (fo=2, routed)           2.111     3.268    mem_1/bank_gen[0].u_mem_bank/m_axis_tdata[63]_2[27]
    SLICE_X48Y140        LUT6 (Prop_F6LUT_SLICEL_I4_O)
                                                      0.187     3.455 r  mem_1/bank_gen[0].u_mem_bank/m_axis_tdata[27]_INST_0/O
                         net (fo=0)                   0.000     3.455    m_axis_tdata[27]
                                                                      r  m_axis_tdata[27] (OUT)
  -------------------------------------------------------------------    -------------------

Slack:                    inf
  Source:                 u_rd_fsm_control/o_stage_reg[1]/C
                            (rising edge-triggered cell FDRE clocked by clk  {rise@0.000ns fall@1.000ns period=2.000ns})
  Destination:            m_axis_tdata[34]
                            (output port)
  Path Group:             (none)
  Path Type:              Max at Slow Process Corner
  Data Path Delay:        3.371ns  (logic 0.493ns (14.624%)  route 2.878ns (85.376%))
  Logic Levels:           2  (LUT6=2)
  Clock Uncertainty:      0.025ns  ((TSJ^2 + TIJ^2)^1/2 + DJ) / 2 + PE
    Total System Jitter     (TSJ):    0.050ns
    Total Input Jitter      (TIJ):    0.000ns
    Discrete Jitter          (DJ):    0.000ns
    Phase Error              (PE):    0.000ns

    Location             Delay type                Incr(ns)  Path(ns)    Netlist Resource(s)
  -------------------------------------------------------------------    -------------------
                         (clock clk rise edge)        0.000     0.000 r  
                                                      0.000     0.000 r  i_clk (IN)
                         net (fo=94970, unset)        0.043     0.043    u_rd_fsm_control/i_clk
    SLICE_X54Y127        FDRE                                         r  u_rd_fsm_control/o_stage_reg[1]/C
  -------------------------------------------------------------------    -------------------
    SLICE_X54Y127        FDRE (Prop_DFF2_SLICEM_C_Q)
                                                      0.115     0.158 f  u_rd_fsm_control/o_stage_reg[1]/Q
                         net (fo=1657, routed)        0.797     0.955    mem_1/bank_gen[0].u_mem_bank/ena_pipes_reg[2]_1[1]
    SLICE_X54Y123        LUT6 (Prop_H6LUT_SLICEM_I2_O)
                                                      0.228     1.183 r  mem_1/bank_gen[0].u_mem_bank/m_axis_tvalid_INST_0_i_1/O
                         net (fo=65, routed)          2.081     3.264    mem_1/bank_gen[0].u_mem_bank/o_stage_reg[2]
    SLICE_X49Y144        LUT6 (Prop_C6LUT_SLICEL_I0_O)
                                                      0.150     3.414 r  mem_1/bank_gen[0].u_mem_bank/m_axis_tdata[34]_INST_0/O
                         net (fo=0)                   0.000     3.414    m_axis_tdata[34]
                                                                      r  m_axis_tdata[34] (OUT)
  -------------------------------------------------------------------    -------------------





Min Delay Paths
--------------------------------------------------------------------------------------
Slack:                    inf
  Source:                 u_receptor/s_axis_tready_reg/C
                            (rising edge-triggered cell FDSE clocked by clk  {rise@0.000ns fall@1.000ns period=2.000ns})
  Destination:            s_axis_tready
                            (output port)
  Path Group:             (none)
  Path Type:              Min at Fast Process Corner
  Data Path Delay:        0.086ns  (logic 0.086ns (100.000%)  route 0.000ns (0.000%))
  Logic Levels:           0  
  Clock Uncertainty:      0.025ns  ((TSJ^2 + TIJ^2)^1/2 + DJ) / 2 + PE
    Total System Jitter     (TSJ):    0.050ns
    Total Input Jitter      (TIJ):    0.000ns
    Discrete Jitter          (DJ):    0.000ns
    Phase Error              (PE):    0.000ns

    Location             Delay type                Incr(ns)  Path(ns)    Netlist Resource(s)
  -------------------------------------------------------------------    -------------------
                         (clock clk rise edge)        0.000     0.000 r  
                                                      0.000     0.000 r  i_clk (IN)
                         net (fo=94970, unset)        0.014     0.014    u_receptor/i_clk
    SLICE_X55Y230        FDSE                                         r  u_receptor/s_axis_tready_reg/C
  -------------------------------------------------------------------    -------------------
    SLICE_X55Y230        FDSE (Prop_DFF2_SLICEL_C_Q)
                                                      0.086     0.100 r  u_receptor/s_axis_tready_reg/Q
                         net (fo=30, unset)           0.000     0.100    s_axis_tready
                                                                      r  s_axis_tready (OUT)
  -------------------------------------------------------------------    -------------------

Slack:                    inf
  Source:                 mem_1/bank_gen[2].u_mem_bank/ena_pipes_reg[1]_srl2_srlopt/C
                            (rising edge-triggered cell FDRE clocked by clk  {rise@0.000ns fall@1.000ns period=2.000ns})
  Destination:            m_axis_tdata[57]
                            (output port)
  Path Group:             (none)
  Path Type:              Min at Fast Process Corner
  Data Path Delay:        0.288ns  (logic 0.121ns (41.974%)  route 0.167ns (58.026%))
  Logic Levels:           1  (LUT6=1)
  Clock Uncertainty:      0.025ns  ((TSJ^2 + TIJ^2)^1/2 + DJ) / 2 + PE
    Total System Jitter     (TSJ):    0.050ns
    Total Input Jitter      (TIJ):    0.000ns
    Discrete Jitter          (DJ):    0.000ns
    Phase Error              (PE):    0.000ns

    Location             Delay type                Incr(ns)  Path(ns)    Netlist Resource(s)
  -------------------------------------------------------------------    -------------------
                         (clock clk rise edge)        0.000     0.000 r  
                                                      0.000     0.000 r  i_clk (IN)
                         net (fo=94970, unset)        0.014     0.014    mem_1/bank_gen[2].u_mem_bank/i_clk
    SLICE_X54Y123        FDRE                                         r  mem_1/bank_gen[2].u_mem_bank/ena_pipes_reg[1]_srl2_srlopt/C
  -------------------------------------------------------------------    -------------------
    SLICE_X54Y123        FDRE (Prop_GFF_SLICEM_C_Q)
                                                      0.083     0.097 r  mem_1/bank_gen[2].u_mem_bank/ena_pipes_reg[1]_srl2_srlopt/Q
                         net (fo=66, routed)          0.167     0.264    mem_1/bank_gen[0].u_mem_bank/m_axis_tdata[63]_0[1]
    SLICE_X52Y141        LUT6 (Prop_H6LUT_SLICEL_I1_O)
                                                      0.038     0.302 r  mem_1/bank_gen[0].u_mem_bank/m_axis_tdata[57]_INST_0/O
                         net (fo=0)                   0.000     0.302    m_axis_tdata[57]
                                                                      r  m_axis_tdata[57] (OUT)
  -------------------------------------------------------------------    -------------------

Slack:                    inf
  Source:                 mem_1/bank_gen[2].u_mem_bank/ena_pipes_reg[1]_srl2_srlopt/C
                            (rising edge-triggered cell FDRE clocked by clk  {rise@0.000ns fall@1.000ns period=2.000ns})
  Destination:            m_axis_tdata[32]
                            (output port)
  Path Group:             (none)
  Path Type:              Min at Fast Process Corner
  Data Path Delay:        0.316ns  (logic 0.120ns (37.960%)  route 0.196ns (62.040%))
  Logic Levels:           1  (LUT6=1)
  Clock Uncertainty:      0.025ns  ((TSJ^2 + TIJ^2)^1/2 + DJ) / 2 + PE
    Total System Jitter     (TSJ):    0.050ns
    Total Input Jitter      (TIJ):    0.000ns
    Discrete Jitter          (DJ):    0.000ns
    Phase Error              (PE):    0.000ns

    Location             Delay type                Incr(ns)  Path(ns)    Netlist Resource(s)
  -------------------------------------------------------------------    -------------------
                         (clock clk rise edge)        0.000     0.000 r  
                                                      0.000     0.000 r  i_clk (IN)
                         net (fo=94970, unset)        0.014     0.014    mem_1/bank_gen[2].u_mem_bank/i_clk
    SLICE_X54Y123        FDRE                                         r  mem_1/bank_gen[2].u_mem_bank/ena_pipes_reg[1]_srl2_srlopt/C
  -------------------------------------------------------------------    -------------------
    SLICE_X54Y123        FDRE (Prop_GFF_SLICEM_C_Q)
                                                      0.083     0.097 r  mem_1/bank_gen[2].u_mem_bank/ena_pipes_reg[1]_srl2_srlopt/Q
                         net (fo=66, routed)          0.196     0.293    mem_1/bank_gen[0].u_mem_bank/m_axis_tdata[63]_0[1]
    SLICE_X52Y144        LUT6 (Prop_D6LUT_SLICEL_I1_O)
                                                      0.037     0.330 r  mem_1/bank_gen[0].u_mem_bank/m_axis_tdata[32]_INST_0/O
                         net (fo=0)                   0.000     0.330    m_axis_tdata[32]
                                                                      r  m_axis_tdata[32] (OUT)
  -------------------------------------------------------------------    -------------------

Slack:                    inf
  Source:                 mem_1/bank_gen[2].u_mem_bank/ena_pipes_reg[1]_srl2_srlopt/C
                            (rising edge-triggered cell FDRE clocked by clk  {rise@0.000ns fall@1.000ns period=2.000ns})
  Destination:            m_axis_tdata[40]
                            (output port)
  Path Group:             (none)
  Path Type:              Min at Fast Process Corner
  Data Path Delay:        0.320ns  (logic 0.103ns (32.162%)  route 0.217ns (67.838%))
  Logic Levels:           1  (LUT6=1)
  Clock Uncertainty:      0.025ns  ((TSJ^2 + TIJ^2)^1/2 + DJ) / 2 + PE
    Total System Jitter     (TSJ):    0.050ns
    Total Input Jitter      (TIJ):    0.000ns
    Discrete Jitter          (DJ):    0.000ns
    Phase Error              (PE):    0.000ns

    Location             Delay type                Incr(ns)  Path(ns)    Netlist Resource(s)
  -------------------------------------------------------------------    -------------------
                         (clock clk rise edge)        0.000     0.000 r  
                                                      0.000     0.000 r  i_clk (IN)
                         net (fo=94970, unset)        0.014     0.014    mem_1/bank_gen[2].u_mem_bank/i_clk
    SLICE_X54Y123        FDRE                                         r  mem_1/bank_gen[2].u_mem_bank/ena_pipes_reg[1]_srl2_srlopt/C
  -------------------------------------------------------------------    -------------------
    SLICE_X54Y123        FDRE (Prop_GFF_SLICEM_C_Q)
                                                      0.083     0.097 r  mem_1/bank_gen[2].u_mem_bank/ena_pipes_reg[1]_srl2_srlopt/Q
                         net (fo=66, routed)          0.217     0.314    mem_1/bank_gen[0].u_mem_bank/m_axis_tdata[63]_0[1]
    SLICE_X52Y140        LUT6 (Prop_G6LUT_SLICEL_I1_O)
                                                      0.020     0.334 r  mem_1/bank_gen[0].u_mem_bank/m_axis_tdata[40]_INST_0/O
                         net (fo=0)                   0.000     0.334    m_axis_tdata[40]
                                                                      r  m_axis_tdata[40] (OUT)
  -------------------------------------------------------------------    -------------------

Slack:                    inf
  Source:                 mem_1/bank_gen[2].u_mem_bank/ena_pipes_reg[1]_srl2_srlopt/C
                            (rising edge-triggered cell FDRE clocked by clk  {rise@0.000ns fall@1.000ns period=2.000ns})
  Destination:            m_axis_tdata[46]
                            (output port)
  Path Group:             (none)
  Path Type:              Min at Fast Process Corner
  Data Path Delay:        0.332ns  (logic 0.120ns (36.180%)  route 0.212ns (63.820%))
  Logic Levels:           1  (LUT6=1)
  Clock Uncertainty:      0.025ns  ((TSJ^2 + TIJ^2)^1/2 + DJ) / 2 + PE
    Total System Jitter     (TSJ):    0.050ns
    Total Input Jitter      (TIJ):    0.000ns
    Discrete Jitter          (DJ):    0.000ns
    Phase Error              (PE):    0.000ns

    Location             Delay type                Incr(ns)  Path(ns)    Netlist Resource(s)
  -------------------------------------------------------------------    -------------------
                         (clock clk rise edge)        0.000     0.000 r  
                                                      0.000     0.000 r  i_clk (IN)
                         net (fo=94970, unset)        0.014     0.014    mem_1/bank_gen[2].u_mem_bank/i_clk
    SLICE_X54Y123        FDRE                                         r  mem_1/bank_gen[2].u_mem_bank/ena_pipes_reg[1]_srl2_srlopt/C
  -------------------------------------------------------------------    -------------------
    SLICE_X54Y123        FDRE (Prop_GFF_SLICEM_C_Q)
                                                      0.083     0.097 r  mem_1/bank_gen[2].u_mem_bank/ena_pipes_reg[1]_srl2_srlopt/Q
                         net (fo=66, routed)          0.212     0.309    mem_1/bank_gen[0].u_mem_bank/m_axis_tdata[63]_0[1]
    SLICE_X51Y141        LUT6 (Prop_G6LUT_SLICEL_I1_O)
                                                      0.037     0.346 r  mem_1/bank_gen[0].u_mem_bank/m_axis_tdata[46]_INST_0/O
                         net (fo=0)                   0.000     0.346    m_axis_tdata[46]
                                                                      r  m_axis_tdata[46] (OUT)
  -------------------------------------------------------------------    -------------------

Slack:                    inf
  Source:                 mem_1/bank_gen[2].u_mem_bank/ena_pipes_reg[1]_srl2_srlopt/C
                            (rising edge-triggered cell FDRE clocked by clk  {rise@0.000ns fall@1.000ns period=2.000ns})
  Destination:            m_axis_tdata[42]
                            (output port)
  Path Group:             (none)
  Path Type:              Min at Fast Process Corner
  Data Path Delay:        0.333ns  (logic 0.121ns (36.372%)  route 0.212ns (63.628%))
  Logic Levels:           1  (LUT6=1)
  Clock Uncertainty:      0.025ns  ((TSJ^2 + TIJ^2)^1/2 + DJ) / 2 + PE
    Total System Jitter     (TSJ):    0.050ns
    Total Input Jitter      (TIJ):    0.000ns
    Discrete Jitter          (DJ):    0.000ns
    Phase Error              (PE):    0.000ns

    Location             Delay type                Incr(ns)  Path(ns)    Netlist Resource(s)
  -------------------------------------------------------------------    -------------------
                         (clock clk rise edge)        0.000     0.000 r  
                                                      0.000     0.000 r  i_clk (IN)
                         net (fo=94970, unset)        0.014     0.014    mem_1/bank_gen[2].u_mem_bank/i_clk
    SLICE_X54Y123        FDRE                                         r  mem_1/bank_gen[2].u_mem_bank/ena_pipes_reg[1]_srl2_srlopt/C
  -------------------------------------------------------------------    -------------------
    SLICE_X54Y123        FDRE (Prop_GFF_SLICEM_C_Q)
                                                      0.083     0.097 r  mem_1/bank_gen[2].u_mem_bank/ena_pipes_reg[1]_srl2_srlopt/Q
                         net (fo=66, routed)          0.212     0.309    mem_1/bank_gen[0].u_mem_bank/m_axis_tdata[63]_0[1]
    SLICE_X51Y141        LUT6 (Prop_H6LUT_SLICEL_I1_O)
                                                      0.038     0.347 r  mem_1/bank_gen[0].u_mem_bank/m_axis_tdata[42]_INST_0/O
                         net (fo=0)                   0.000     0.347    m_axis_tdata[42]
                                                                      r  m_axis_tdata[42] (OUT)
  -------------------------------------------------------------------    -------------------

Slack:                    inf
  Source:                 mem_1/bank_gen[2].u_mem_bank/ena_pipes_reg[1]_srl2_srlopt/C
                            (rising edge-triggered cell FDRE clocked by clk  {rise@0.000ns fall@1.000ns period=2.000ns})
  Destination:            m_axis_tdata[37]
                            (output port)
  Path Group:             (none)
  Path Type:              Min at Fast Process Corner
  Data Path Delay:        0.348ns  (logic 0.104ns (29.917%)  route 0.244ns (70.083%))
  Logic Levels:           1  (LUT6=1)
  Clock Uncertainty:      0.025ns  ((TSJ^2 + TIJ^2)^1/2 + DJ) / 2 + PE
    Total System Jitter     (TSJ):    0.050ns
    Total Input Jitter      (TIJ):    0.000ns
    Discrete Jitter          (DJ):    0.000ns
    Phase Error              (PE):    0.000ns

    Location             Delay type                Incr(ns)  Path(ns)    Netlist Resource(s)
  -------------------------------------------------------------------    -------------------
                         (clock clk rise edge)        0.000     0.000 r  
                                                      0.000     0.000 r  i_clk (IN)
                         net (fo=94970, unset)        0.014     0.014    mem_1/bank_gen[2].u_mem_bank/i_clk
    SLICE_X54Y123        FDRE                                         r  mem_1/bank_gen[2].u_mem_bank/ena_pipes_reg[1]_srl2_srlopt/C
  -------------------------------------------------------------------    -------------------
    SLICE_X54Y123        FDRE (Prop_GFF_SLICEM_C_Q)
                                                      0.083     0.097 r  mem_1/bank_gen[2].u_mem_bank/ena_pipes_reg[1]_srl2_srlopt/Q
                         net (fo=66, routed)          0.244     0.341    mem_1/bank_gen[0].u_mem_bank/m_axis_tdata[63]_0[1]
    SLICE_X50Y140        LUT6 (Prop_A6LUT_SLICEL_I1_O)
                                                      0.021     0.362 r  mem_1/bank_gen[0].u_mem_bank/m_axis_tdata[37]_INST_0/O
                         net (fo=0)                   0.000     0.362    m_axis_tdata[37]
                                                                      r  m_axis_tdata[37] (OUT)
  -------------------------------------------------------------------    -------------------

Slack:                    inf
  Source:                 mem_1/bank_gen[2].u_mem_bank/ena_pipes_reg[1]_srl2_srlopt/C
                            (rising edge-triggered cell FDRE clocked by clk  {rise@0.000ns fall@1.000ns period=2.000ns})
  Destination:            m_axis_tdata[6]
                            (output port)
  Path Group:             (none)
  Path Type:              Min at Fast Process Corner
  Data Path Delay:        0.364ns  (logic 0.151ns (41.503%)  route 0.213ns (58.497%))
  Logic Levels:           1  (LUT6=1)
  Clock Uncertainty:      0.025ns  ((TSJ^2 + TIJ^2)^1/2 + DJ) / 2 + PE
    Total System Jitter     (TSJ):    0.050ns
    Total Input Jitter      (TIJ):    0.000ns
    Discrete Jitter          (DJ):    0.000ns
    Phase Error              (PE):    0.000ns

    Location             Delay type                Incr(ns)  Path(ns)    Netlist Resource(s)
  -------------------------------------------------------------------    -------------------
                         (clock clk rise edge)        0.000     0.000 r  
                                                      0.000     0.000 r  i_clk (IN)
                         net (fo=94970, unset)        0.014     0.014    mem_1/bank_gen[2].u_mem_bank/i_clk
    SLICE_X54Y123        FDRE                                         r  mem_1/bank_gen[2].u_mem_bank/ena_pipes_reg[1]_srl2_srlopt/C
  -------------------------------------------------------------------    -------------------
    SLICE_X54Y123        FDRE (Prop_GFF_SLICEM_C_Q)
                                                      0.083     0.097 r  mem_1/bank_gen[2].u_mem_bank/ena_pipes_reg[1]_srl2_srlopt/Q
                         net (fo=66, routed)          0.213     0.310    mem_1/bank_gen[0].u_mem_bank/m_axis_tdata[63]_0[1]
    SLICE_X55Y138        LUT6 (Prop_H6LUT_SLICEL_I1_O)
                                                      0.068     0.378 r  mem_1/bank_gen[0].u_mem_bank/m_axis_tdata[6]_INST_0/O
                         net (fo=0)                   0.000     0.378    m_axis_tdata[6]
                                                                      r  m_axis_tdata[6] (OUT)
  -------------------------------------------------------------------    -------------------

Slack:                    inf
  Source:                 mem_1/bank_gen[1].u_mem_bank/ena_pipes_reg[1]_srl2_srlopt/C
                            (rising edge-triggered cell FDRE clocked by clk  {rise@0.000ns fall@1.000ns period=2.000ns})
  Destination:            m_axis_tdata[63]
                            (output port)
  Path Group:             (none)
  Path Type:              Min at Fast Process Corner
  Data Path Delay:        0.365ns  (logic 0.151ns (41.392%)  route 0.214ns (58.608%))
  Logic Levels:           1  (LUT6=1)
  Clock Uncertainty:      0.025ns  ((TSJ^2 + TIJ^2)^1/2 + DJ) / 2 + PE
    Total System Jitter     (TSJ):    0.050ns
    Total Input Jitter      (TIJ):    0.000ns
    Discrete Jitter          (DJ):    0.000ns
    Phase Error              (PE):    0.000ns

    Location             Delay type                Incr(ns)  Path(ns)    Netlist Resource(s)
  -------------------------------------------------------------------    -------------------
                         (clock clk rise edge)        0.000     0.000 r  
                                                      0.000     0.000 r  i_clk (IN)
                         net (fo=94970, unset)        0.014     0.014    mem_1/bank_gen[1].u_mem_bank/i_clk
    SLICE_X54Y123        FDRE                                         r  mem_1/bank_gen[1].u_mem_bank/ena_pipes_reg[1]_srl2_srlopt/C
  -------------------------------------------------------------------    -------------------
    SLICE_X54Y123        FDRE (Prop_CFF2_SLICEM_C_Q)
                                                      0.083     0.097 r  mem_1/bank_gen[1].u_mem_bank/ena_pipes_reg[1]_srl2_srlopt/Q
                         net (fo=66, routed)          0.214     0.311    mem_1/bank_gen[0].u_mem_bank/m_axis_tdata[63]_0[0]
    SLICE_X49Y135        LUT6 (Prop_B6LUT_SLICEL_I2_O)
                                                      0.068     0.379 r  mem_1/bank_gen[0].u_mem_bank/m_axis_tdata[63]_INST_0/O
                         net (fo=0)                   0.000     0.379    m_axis_tdata[63]
                                                                      r  m_axis_tdata[63] (OUT)
  -------------------------------------------------------------------    -------------------

Slack:                    inf
  Source:                 mem_1/bank_gen[2].u_mem_bank/ena_pipes_reg[1]_srl2_srlopt/C
                            (rising edge-triggered cell FDRE clocked by clk  {rise@0.000ns fall@1.000ns period=2.000ns})
  Destination:            m_axis_tdata[15]
                            (output port)
  Path Group:             (none)
  Path Type:              Min at Fast Process Corner
  Data Path Delay:        0.366ns  (logic 0.121ns (33.098%)  route 0.245ns (66.902%))
  Logic Levels:           1  (LUT6=1)
  Clock Uncertainty:      0.025ns  ((TSJ^2 + TIJ^2)^1/2 + DJ) / 2 + PE
    Total System Jitter     (TSJ):    0.050ns
    Total Input Jitter      (TIJ):    0.000ns
    Discrete Jitter          (DJ):    0.000ns
    Phase Error              (PE):    0.000ns

    Location             Delay type                Incr(ns)  Path(ns)    Netlist Resource(s)
  -------------------------------------------------------------------    -------------------
                         (clock clk rise edge)        0.000     0.000 r  
                                                      0.000     0.000 r  i_clk (IN)
                         net (fo=94970, unset)        0.014     0.014    mem_1/bank_gen[2].u_mem_bank/i_clk
    SLICE_X54Y123        FDRE                                         r  mem_1/bank_gen[2].u_mem_bank/ena_pipes_reg[1]_srl2_srlopt/C
  -------------------------------------------------------------------    -------------------
    SLICE_X54Y123        FDRE (Prop_GFF_SLICEM_C_Q)
                                                      0.083     0.097 r  mem_1/bank_gen[2].u_mem_bank/ena_pipes_reg[1]_srl2_srlopt/Q
                         net (fo=66, routed)          0.245     0.342    mem_1/bank_gen[0].u_mem_bank/m_axis_tdata[63]_0[1]
    SLICE_X50Y142        LUT6 (Prop_B6LUT_SLICEL_I1_O)
                                                      0.038     0.380 r  mem_1/bank_gen[0].u_mem_bank/m_axis_tdata[15]_INST_0/O
                         net (fo=0)                   0.000     0.380    m_axis_tdata[15]
                                                                      r  m_axis_tdata[15] (OUT)
  -------------------------------------------------------------------    -------------------





--------------------------------------------------------------------------------------
Path Group:  (none)
From Clock:  
  To Clock:  clk

Max Delay         78856 Endpoints
Min Delay         78856 Endpoints
--------------------------------------------------------------------------------------


Max Delay Paths
--------------------------------------------------------------------------------------
Slack:                    inf
  Source:                 s_axis_tvalid
                            (input port)
  Destination:            u_receptor/o_data_reg[38]_replica/CE
                            (rising edge-triggered cell FDRE clocked by clk  {rise@0.000ns fall@1.000ns period=2.000ns})
  Path Group:             (none)
  Path Type:              Setup (Max at Slow Process Corner)
  Data Path Delay:        4.126ns  (logic 0.083ns (2.011%)  route 4.043ns (97.989%))
  Logic Levels:           1  (LUT6=1)
  Clock Path Skew:        0.029ns (DCD - SCD + CPR)
    Destination Clock Delay (DCD):    0.029ns
    Source Clock Delay      (SCD):    0.000ns
    Clock Pessimism Removal (CPR):    0.000ns
  Clock Uncertainty:      0.025ns  ((TSJ^2 + TIJ^2)^1/2 + DJ) / 2 + PE
    Total System Jitter     (TSJ):    0.050ns
    Total Input Jitter      (TIJ):    0.000ns
    Discrete Jitter          (DJ):    0.000ns
    Phase Error              (PE):    0.000ns

    Location             Delay type                Incr(ns)  Path(ns)    Netlist Resource(s)
  -------------------------------------------------------------------    -------------------
                                                      0.000     0.000 r  s_axis_tvalid (IN)
                         net (fo=17, unset)           0.000     0.000    u_receptor/s_axis_tvalid
    SLICE_X55Y230        LUT6 (Prop_H6LUT_SLICEL_I4_O)
                                                      0.083     0.083 r  u_receptor/counter[63]_i_1/O
                         net (fo=131, routed)         4.043     4.126    u_receptor/counter[63]_i_1_n_0
    SLICE_X44Y102        FDRE                                         r  u_receptor/o_data_reg[38]_replica/CE
  -------------------------------------------------------------------    -------------------

                         (clock clk rise edge)        0.000     0.000 r  
                                                      0.000     0.000 r  i_clk (IN)
                         net (fo=94970, unset)        0.029     0.029    u_receptor/i_clk
    SLICE_X44Y102        FDRE                                         r  u_receptor/o_data_reg[38]_replica/C

Slack:                    inf
  Source:                 s_axis_tvalid
                            (input port)
  Destination:            u_receptor/o_data_reg[54]_replica/CE
                            (rising edge-triggered cell FDRE clocked by clk  {rise@0.000ns fall@1.000ns period=2.000ns})
  Path Group:             (none)
  Path Type:              Setup (Max at Slow Process Corner)
  Data Path Delay:        4.126ns  (logic 0.083ns (2.011%)  route 4.043ns (97.989%))
  Logic Levels:           1  (LUT6=1)
  Clock Path Skew:        0.029ns (DCD - SCD + CPR)
    Destination Clock Delay (DCD):    0.029ns
    Source Clock Delay      (SCD):    0.000ns
    Clock Pessimism Removal (CPR):    0.000ns
  Clock Uncertainty:      0.025ns  ((TSJ^2 + TIJ^2)^1/2 + DJ) / 2 + PE
    Total System Jitter     (TSJ):    0.050ns
    Total Input Jitter      (TIJ):    0.000ns
    Discrete Jitter          (DJ):    0.000ns
    Phase Error              (PE):    0.000ns

    Location             Delay type                Incr(ns)  Path(ns)    Netlist Resource(s)
  -------------------------------------------------------------------    -------------------
                                                      0.000     0.000 r  s_axis_tvalid (IN)
                         net (fo=17, unset)           0.000     0.000    u_receptor/s_axis_tvalid
    SLICE_X55Y230        LUT6 (Prop_H6LUT_SLICEL_I4_O)
                                                      0.083     0.083 r  u_receptor/counter[63]_i_1/O
                         net (fo=131, routed)         4.043     4.126    u_receptor/counter[63]_i_1_n_0
    SLICE_X44Y102        FDRE                                         r  u_receptor/o_data_reg[54]_replica/CE
  -------------------------------------------------------------------    -------------------

                         (clock clk rise edge)        0.000     0.000 r  
                                                      0.000     0.000 r  i_clk (IN)
                         net (fo=94970, unset)        0.029     0.029    u_receptor/i_clk
    SLICE_X44Y102        FDRE                                         r  u_receptor/o_data_reg[54]_replica/C

Slack:                    inf
  Source:                 s_axis_tvalid
                            (input port)
  Destination:            u_receptor/o_data_reg[57]_replica/CE
                            (rising edge-triggered cell FDRE clocked by clk  {rise@0.000ns fall@1.000ns period=2.000ns})
  Path Group:             (none)
  Path Type:              Setup (Max at Slow Process Corner)
  Data Path Delay:        4.126ns  (logic 0.083ns (2.011%)  route 4.043ns (97.989%))
  Logic Levels:           1  (LUT6=1)
  Clock Path Skew:        0.029ns (DCD - SCD + CPR)
    Destination Clock Delay (DCD):    0.029ns
    Source Clock Delay      (SCD):    0.000ns
    Clock Pessimism Removal (CPR):    0.000ns
  Clock Uncertainty:      0.025ns  ((TSJ^2 + TIJ^2)^1/2 + DJ) / 2 + PE
    Total System Jitter     (TSJ):    0.050ns
    Total Input Jitter      (TIJ):    0.000ns
    Discrete Jitter          (DJ):    0.000ns
    Phase Error              (PE):    0.000ns

    Location             Delay type                Incr(ns)  Path(ns)    Netlist Resource(s)
  -------------------------------------------------------------------    -------------------
                                                      0.000     0.000 r  s_axis_tvalid (IN)
                         net (fo=17, unset)           0.000     0.000    u_receptor/s_axis_tvalid
    SLICE_X55Y230        LUT6 (Prop_H6LUT_SLICEL_I4_O)
                                                      0.083     0.083 r  u_receptor/counter[63]_i_1/O
                         net (fo=131, routed)         4.043     4.126    u_receptor/counter[63]_i_1_n_0
    SLICE_X44Y102        FDRE                                         r  u_receptor/o_data_reg[57]_replica/CE
  -------------------------------------------------------------------    -------------------

                         (clock clk rise edge)        0.000     0.000 r  
                                                      0.000     0.000 r  i_clk (IN)
                         net (fo=94970, unset)        0.029     0.029    u_receptor/i_clk
    SLICE_X44Y102        FDRE                                         r  u_receptor/o_data_reg[57]_replica/C

Slack:                    inf
  Source:                 s_axis_tvalid
                            (input port)
  Destination:            u_receptor/o_data_reg[57]/CE
                            (rising edge-triggered cell FDRE clocked by clk  {rise@0.000ns fall@1.000ns period=2.000ns})
  Path Group:             (none)
  Path Type:              Setup (Max at Slow Process Corner)
  Data Path Delay:        3.798ns  (logic 0.083ns (2.185%)  route 3.715ns (97.815%))
  Logic Levels:           1  (LUT6=1)
  Clock Path Skew:        0.029ns (DCD - SCD + CPR)
    Destination Clock Delay (DCD):    0.029ns
    Source Clock Delay      (SCD):    0.000ns
    Clock Pessimism Removal (CPR):    0.000ns
  Clock Uncertainty:      0.025ns  ((TSJ^2 + TIJ^2)^1/2 + DJ) / 2 + PE
    Total System Jitter     (TSJ):    0.050ns
    Total Input Jitter      (TIJ):    0.000ns
    Discrete Jitter          (DJ):    0.000ns
    Phase Error              (PE):    0.000ns

    Location             Delay type                Incr(ns)  Path(ns)    Netlist Resource(s)
  -------------------------------------------------------------------    -------------------
                                                      0.000     0.000 r  s_axis_tvalid (IN)
                         net (fo=17, unset)           0.000     0.000    u_receptor/s_axis_tvalid
    SLICE_X55Y230        LUT6 (Prop_H6LUT_SLICEL_I4_O)
                                                      0.083     0.083 r  u_receptor/counter[63]_i_1/O
                         net (fo=131, routed)         3.715     3.798    u_receptor/counter[63]_i_1_n_0
    SLICE_X42Y128        FDRE                                         r  u_receptor/o_data_reg[57]/CE
  -------------------------------------------------------------------    -------------------

                         (clock clk rise edge)        0.000     0.000 r  
                                                      0.000     0.000 r  i_clk (IN)
                         net (fo=94970, unset)        0.029     0.029    u_receptor/i_clk
    SLICE_X42Y128        FDRE                                         r  u_receptor/o_data_reg[57]/C

Slack:                    inf
  Source:                 s_axis_tvalid
                            (input port)
  Destination:            u_receptor/o_data_reg[54]/CE
                            (rising edge-triggered cell FDRE clocked by clk  {rise@0.000ns fall@1.000ns period=2.000ns})
  Path Group:             (none)
  Path Type:              Setup (Max at Slow Process Corner)
  Data Path Delay:        3.275ns  (logic 0.083ns (2.534%)  route 3.192ns (97.466%))
  Logic Levels:           1  (LUT6=1)
  Clock Path Skew:        0.029ns (DCD - SCD + CPR)
    Destination Clock Delay (DCD):    0.029ns
    Source Clock Delay      (SCD):    0.000ns
    Clock Pessimism Removal (CPR):    0.000ns
  Clock Uncertainty:      0.025ns  ((TSJ^2 + TIJ^2)^1/2 + DJ) / 2 + PE
    Total System Jitter     (TSJ):    0.050ns
    Total Input Jitter      (TIJ):    0.000ns
    Discrete Jitter          (DJ):    0.000ns
    Phase Error              (PE):    0.000ns

    Location             Delay type                Incr(ns)  Path(ns)    Netlist Resource(s)
  -------------------------------------------------------------------    -------------------
                                                      0.000     0.000 r  s_axis_tvalid (IN)
                         net (fo=17, unset)           0.000     0.000    u_receptor/s_axis_tvalid
    SLICE_X55Y230        LUT6 (Prop_H6LUT_SLICEL_I4_O)
                                                      0.083     0.083 r  u_receptor/counter[63]_i_1/O
                         net (fo=131, routed)         3.192     3.275    u_receptor/counter[63]_i_1_n_0
    SLICE_X47Y121        FDRE                                         r  u_receptor/o_data_reg[54]/CE
  -------------------------------------------------------------------    -------------------

                         (clock clk rise edge)        0.000     0.000 r  
                                                      0.000     0.000 r  i_clk (IN)
                         net (fo=94970, unset)        0.029     0.029    u_receptor/i_clk
    SLICE_X47Y121        FDRE                                         r  u_receptor/o_data_reg[54]/C

Slack:                    inf
  Source:                 s_axis_tvalid
                            (input port)
  Destination:            u_receptor/o_data_reg[38]/CE
                            (rising edge-triggered cell FDRE clocked by clk  {rise@0.000ns fall@1.000ns period=2.000ns})
  Path Group:             (none)
  Path Type:              Setup (Max at Slow Process Corner)
  Data Path Delay:        3.021ns  (logic 0.083ns (2.748%)  route 2.938ns (97.252%))
  Logic Levels:           1  (LUT6=1)
  Clock Path Skew:        0.029ns (DCD - SCD + CPR)
    Destination Clock Delay (DCD):    0.029ns
    Source Clock Delay      (SCD):    0.000ns
    Clock Pessimism Removal (CPR):    0.000ns
  Clock Uncertainty:      0.025ns  ((TSJ^2 + TIJ^2)^1/2 + DJ) / 2 + PE
    Total System Jitter     (TSJ):    0.050ns
    Total Input Jitter      (TIJ):    0.000ns
    Discrete Jitter          (DJ):    0.000ns
    Phase Error              (PE):    0.000ns

    Location             Delay type                Incr(ns)  Path(ns)    Netlist Resource(s)
  -------------------------------------------------------------------    -------------------
                                                      0.000     0.000 r  s_axis_tvalid (IN)
                         net (fo=17, unset)           0.000     0.000    u_receptor/s_axis_tvalid
    SLICE_X55Y230        LUT6 (Prop_H6LUT_SLICEL_I4_O)
                                                      0.083     0.083 r  u_receptor/counter[63]_i_1/O
                         net (fo=131, routed)         2.938     3.021    u_receptor/counter[63]_i_1_n_0
    SLICE_X47Y125        FDRE                                         r  u_receptor/o_data_reg[38]/CE
  -------------------------------------------------------------------    -------------------

                         (clock clk rise edge)        0.000     0.000 r  
                                                      0.000     0.000 r  i_clk (IN)
                         net (fo=94970, unset)        0.029     0.029    u_receptor/i_clk
    SLICE_X47Y125        FDRE                                         r  u_receptor/o_data_reg[38]/C

Slack:                    inf
  Source:                 i_rst_n
                            (input port)
  Destination:            u_fsm_line_buffer0/LB_GEN[2].lb_inst/line_reg_r3_64_127_133_139/RAMA/WE
                            (rising edge-triggered cell RAMD64E clocked by clk  {rise@0.000ns fall@1.000ns period=2.000ns})
  Path Group:             (none)
  Path Type:              Setup (Max at Slow Process Corner)
  Data Path Delay:        2.564ns  (logic 0.286ns (11.153%)  route 2.278ns (88.847%))
  Logic Levels:           2  (LUT3=1 LUT6=1)
  Clock Path Skew:        0.059ns (DCD - SCD + CPR)
    Destination Clock Delay (DCD):    0.059ns
    Source Clock Delay      (SCD):    0.000ns
    Clock Pessimism Removal (CPR):    0.000ns
  Clock Uncertainty:      0.025ns  ((TSJ^2 + TIJ^2)^1/2 + DJ) / 2 + PE
    Total System Jitter     (TSJ):    0.050ns
    Total Input Jitter      (TIJ):    0.000ns
    Discrete Jitter          (DJ):    0.000ns
    Phase Error              (PE):    0.000ns

    Location             Delay type                Incr(ns)  Path(ns)    Netlist Resource(s)
  -------------------------------------------------------------------    -------------------
                                                      0.000     0.000 r  i_rst_n (IN)
                         net (fo=42160, unset)        0.000     0.000    u_fsm_line_buffer0/LB_GEN[2].lb_inst/i_rst_n
    SLICE_X23Y182        LUT3 (Prop_A6LUT_SLICEL_I0_O)
                                                      0.137     0.137 r  u_fsm_line_buffer0/LB_GEN[2].lb_inst/wrPntr[7]_i_2__1_comp_1/O
                         net (fo=1, routed)           0.559     0.696    u_fsm_line_buffer0/LB_GEN[2].lb_inst/i_vld02_out_repN_1
    SLICE_X21Y181        LUT6 (Prop_F6LUT_SLICEM_I5_O)
                                                      0.149     0.845 r  u_fsm_line_buffer0/LB_GEN[2].lb_inst/line_reg_r1_64_127_0_6_i_1__1_comp/O
                         net (fo=888, routed)         1.719     2.564    u_fsm_line_buffer0/LB_GEN[2].lb_inst/line_reg_r3_64_127_133_139/WE
    SLICE_X8Y223         RAMD64E                                      r  u_fsm_line_buffer0/LB_GEN[2].lb_inst/line_reg_r3_64_127_133_139/RAMA/WE
  -------------------------------------------------------------------    -------------------

                         (clock clk rise edge)        0.000     0.000 r  
                                                      0.000     0.000 r  i_clk (IN)
                         net (fo=94970, unset)        0.059     0.059    u_fsm_line_buffer0/LB_GEN[2].lb_inst/line_reg_r3_64_127_133_139/WCLK
    SLICE_X8Y223         RAMD64E                                      r  u_fsm_line_buffer0/LB_GEN[2].lb_inst/line_reg_r3_64_127_133_139/RAMA/CLK

Slack:                    inf
  Source:                 i_rst_n
                            (input port)
  Destination:            u_fsm_line_buffer0/LB_GEN[2].lb_inst/line_reg_r3_64_127_133_139/RAMB/WE
                            (rising edge-triggered cell RAMD64E clocked by clk  {rise@0.000ns fall@1.000ns period=2.000ns})
  Path Group:             (none)
  Path Type:              Setup (Max at Slow Process Corner)
  Data Path Delay:        2.564ns  (logic 0.286ns (11.153%)  route 2.278ns (88.847%))
  Logic Levels:           2  (LUT3=1 LUT6=1)
  Clock Path Skew:        0.059ns (DCD - SCD + CPR)
    Destination Clock Delay (DCD):    0.059ns
    Source Clock Delay      (SCD):    0.000ns
    Clock Pessimism Removal (CPR):    0.000ns
  Clock Uncertainty:      0.025ns  ((TSJ^2 + TIJ^2)^1/2 + DJ) / 2 + PE
    Total System Jitter     (TSJ):    0.050ns
    Total Input Jitter      (TIJ):    0.000ns
    Discrete Jitter          (DJ):    0.000ns
    Phase Error              (PE):    0.000ns

    Location             Delay type                Incr(ns)  Path(ns)    Netlist Resource(s)
  -------------------------------------------------------------------    -------------------
                                                      0.000     0.000 r  i_rst_n (IN)
                         net (fo=42160, unset)        0.000     0.000    u_fsm_line_buffer0/LB_GEN[2].lb_inst/i_rst_n
    SLICE_X23Y182        LUT3 (Prop_A6LUT_SLICEL_I0_O)
                                                      0.137     0.137 r  u_fsm_line_buffer0/LB_GEN[2].lb_inst/wrPntr[7]_i_2__1_comp_1/O
                         net (fo=1, routed)           0.559     0.696    u_fsm_line_buffer0/LB_GEN[2].lb_inst/i_vld02_out_repN_1
    SLICE_X21Y181        LUT6 (Prop_F6LUT_SLICEM_I5_O)
                                                      0.149     0.845 r  u_fsm_line_buffer0/LB_GEN[2].lb_inst/line_reg_r1_64_127_0_6_i_1__1_comp/O
                         net (fo=888, routed)         1.719     2.564    u_fsm_line_buffer0/LB_GEN[2].lb_inst/line_reg_r3_64_127_133_139/WE
    SLICE_X8Y223         RAMD64E                                      r  u_fsm_line_buffer0/LB_GEN[2].lb_inst/line_reg_r3_64_127_133_139/RAMB/WE
  -------------------------------------------------------------------    -------------------

                         (clock clk rise edge)        0.000     0.000 r  
                                                      0.000     0.000 r  i_clk (IN)
                         net (fo=94970, unset)        0.059     0.059    u_fsm_line_buffer0/LB_GEN[2].lb_inst/line_reg_r3_64_127_133_139/WCLK
    SLICE_X8Y223         RAMD64E                                      r  u_fsm_line_buffer0/LB_GEN[2].lb_inst/line_reg_r3_64_127_133_139/RAMB/CLK

Slack:                    inf
  Source:                 i_rst_n
                            (input port)
  Destination:            u_fsm_line_buffer0/LB_GEN[2].lb_inst/line_reg_r3_64_127_133_139/RAMC/WE
                            (rising edge-triggered cell RAMD64E clocked by clk  {rise@0.000ns fall@1.000ns period=2.000ns})
  Path Group:             (none)
  Path Type:              Setup (Max at Slow Process Corner)
  Data Path Delay:        2.564ns  (logic 0.286ns (11.153%)  route 2.278ns (88.847%))
  Logic Levels:           2  (LUT3=1 LUT6=1)
  Clock Path Skew:        0.059ns (DCD - SCD + CPR)
    Destination Clock Delay (DCD):    0.059ns
    Source Clock Delay      (SCD):    0.000ns
    Clock Pessimism Removal (CPR):    0.000ns
  Clock Uncertainty:      0.025ns  ((TSJ^2 + TIJ^2)^1/2 + DJ) / 2 + PE
    Total System Jitter     (TSJ):    0.050ns
    Total Input Jitter      (TIJ):    0.000ns
    Discrete Jitter          (DJ):    0.000ns
    Phase Error              (PE):    0.000ns

    Location             Delay type                Incr(ns)  Path(ns)    Netlist Resource(s)
  -------------------------------------------------------------------    -------------------
                                                      0.000     0.000 r  i_rst_n (IN)
                         net (fo=42160, unset)        0.000     0.000    u_fsm_line_buffer0/LB_GEN[2].lb_inst/i_rst_n
    SLICE_X23Y182        LUT3 (Prop_A6LUT_SLICEL_I0_O)
                                                      0.137     0.137 r  u_fsm_line_buffer0/LB_GEN[2].lb_inst/wrPntr[7]_i_2__1_comp_1/O
                         net (fo=1, routed)           0.559     0.696    u_fsm_line_buffer0/LB_GEN[2].lb_inst/i_vld02_out_repN_1
    SLICE_X21Y181        LUT6 (Prop_F6LUT_SLICEM_I5_O)
                                                      0.149     0.845 r  u_fsm_line_buffer0/LB_GEN[2].lb_inst/line_reg_r1_64_127_0_6_i_1__1_comp/O
                         net (fo=888, routed)         1.719     2.564    u_fsm_line_buffer0/LB_GEN[2].lb_inst/line_reg_r3_64_127_133_139/WE
    SLICE_X8Y223         RAMD64E                                      r  u_fsm_line_buffer0/LB_GEN[2].lb_inst/line_reg_r3_64_127_133_139/RAMC/WE
  -------------------------------------------------------------------    -------------------

                         (clock clk rise edge)        0.000     0.000 r  
                                                      0.000     0.000 r  i_clk (IN)
                         net (fo=94970, unset)        0.059     0.059    u_fsm_line_buffer0/LB_GEN[2].lb_inst/line_reg_r3_64_127_133_139/WCLK
    SLICE_X8Y223         RAMD64E                                      r  u_fsm_line_buffer0/LB_GEN[2].lb_inst/line_reg_r3_64_127_133_139/RAMC/CLK

Slack:                    inf
  Source:                 i_rst_n
                            (input port)
  Destination:            u_fsm_line_buffer0/LB_GEN[2].lb_inst/line_reg_r3_64_127_133_139/RAMD/WE
                            (rising edge-triggered cell RAMD64E clocked by clk  {rise@0.000ns fall@1.000ns period=2.000ns})
  Path Group:             (none)
  Path Type:              Setup (Max at Slow Process Corner)
  Data Path Delay:        2.564ns  (logic 0.286ns (11.153%)  route 2.278ns (88.847%))
  Logic Levels:           2  (LUT3=1 LUT6=1)
  Clock Path Skew:        0.059ns (DCD - SCD + CPR)
    Destination Clock Delay (DCD):    0.059ns
    Source Clock Delay      (SCD):    0.000ns
    Clock Pessimism Removal (CPR):    0.000ns
  Clock Uncertainty:      0.025ns  ((TSJ^2 + TIJ^2)^1/2 + DJ) / 2 + PE
    Total System Jitter     (TSJ):    0.050ns
    Total Input Jitter      (TIJ):    0.000ns
    Discrete Jitter          (DJ):    0.000ns
    Phase Error              (PE):    0.000ns

    Location             Delay type                Incr(ns)  Path(ns)    Netlist Resource(s)
  -------------------------------------------------------------------    -------------------
                                                      0.000     0.000 r  i_rst_n (IN)
                         net (fo=42160, unset)        0.000     0.000    u_fsm_line_buffer0/LB_GEN[2].lb_inst/i_rst_n
    SLICE_X23Y182        LUT3 (Prop_A6LUT_SLICEL_I0_O)
                                                      0.137     0.137 r  u_fsm_line_buffer0/LB_GEN[2].lb_inst/wrPntr[7]_i_2__1_comp_1/O
                         net (fo=1, routed)           0.559     0.696    u_fsm_line_buffer0/LB_GEN[2].lb_inst/i_vld02_out_repN_1
    SLICE_X21Y181        LUT6 (Prop_F6LUT_SLICEM_I5_O)
                                                      0.149     0.845 r  u_fsm_line_buffer0/LB_GEN[2].lb_inst/line_reg_r1_64_127_0_6_i_1__1_comp/O
                         net (fo=888, routed)         1.719     2.564    u_fsm_line_buffer0/LB_GEN[2].lb_inst/line_reg_r3_64_127_133_139/WE
    SLICE_X8Y223         RAMD64E                                      r  u_fsm_line_buffer0/LB_GEN[2].lb_inst/line_reg_r3_64_127_133_139/RAMD/WE
  -------------------------------------------------------------------    -------------------

                         (clock clk rise edge)        0.000     0.000 r  
                                                      0.000     0.000 r  i_clk (IN)
                         net (fo=94970, unset)        0.059     0.059    u_fsm_line_buffer0/LB_GEN[2].lb_inst/line_reg_r3_64_127_133_139/WCLK
    SLICE_X8Y223         RAMD64E                                      r  u_fsm_line_buffer0/LB_GEN[2].lb_inst/line_reg_r3_64_127_133_139/RAMD/CLK





Min Delay Paths
--------------------------------------------------------------------------------------
Slack:                    inf
  Source:                 s_axis_tdata[0]
                            (input port)
  Destination:            u_receptor/o_data_reg[0]/D
                            (rising edge-triggered cell FDRE clocked by clk  {rise@0.000ns fall@1.000ns period=2.000ns})
  Path Group:             (none)
  Path Type:              Hold (Min at Slow Process Corner)
  Data Path Delay:        0.000ns  (logic 0.000ns (0.000%)  route 0.000ns (0.000%))
  Logic Levels:           0  
  Clock Path Skew:        0.042ns (DCD - SCD - CPR)
    Destination Clock Delay (DCD):    0.042ns
    Source Clock Delay      (SCD):    0.000ns
    Clock Pessimism Removal (CPR):    -0.000ns

    Location             Delay type                Incr(ns)  Path(ns)    Netlist Resource(s)
  -------------------------------------------------------------------    -------------------
                                                      0.000     0.000 r  s_axis_tdata[0] (IN)
                         net (fo=0)                   0.000     0.000    u_receptor/s_axis_tdata[0]
    SLICE_X50Y154        FDRE                                         r  u_receptor/o_data_reg[0]/D
  -------------------------------------------------------------------    -------------------

                         (clock clk rise edge)        0.000     0.000 r  
                                                      0.000     0.000 r  i_clk (IN)
                         net (fo=94970, unset)        0.042     0.042    u_receptor/i_clk
    SLICE_X50Y154        FDRE                                         r  u_receptor/o_data_reg[0]/C

Slack:                    inf
  Source:                 s_axis_tdata[10]
                            (input port)
  Destination:            u_receptor/o_data_reg[10]/D
                            (rising edge-triggered cell FDRE clocked by clk  {rise@0.000ns fall@1.000ns period=2.000ns})
  Path Group:             (none)
  Path Type:              Hold (Min at Slow Process Corner)
  Data Path Delay:        0.000ns  (logic 0.000ns (0.000%)  route 0.000ns (0.000%))
  Logic Levels:           0  
  Clock Path Skew:        0.043ns (DCD - SCD - CPR)
    Destination Clock Delay (DCD):    0.043ns
    Source Clock Delay      (SCD):    0.000ns
    Clock Pessimism Removal (CPR):    -0.000ns

    Location             Delay type                Incr(ns)  Path(ns)    Netlist Resource(s)
  -------------------------------------------------------------------    -------------------
                                                      0.000     0.000 r  s_axis_tdata[10] (IN)
                         net (fo=0)                   0.000     0.000    u_receptor/s_axis_tdata[10]
    SLICE_X53Y226        FDRE                                         r  u_receptor/o_data_reg[10]/D
  -------------------------------------------------------------------    -------------------

                         (clock clk rise edge)        0.000     0.000 r  
                                                      0.000     0.000 r  i_clk (IN)
                         net (fo=94970, unset)        0.043     0.043    u_receptor/i_clk
    SLICE_X53Y226        FDRE                                         r  u_receptor/o_data_reg[10]/C

Slack:                    inf
  Source:                 s_axis_tdata[11]
                            (input port)
  Destination:            u_receptor/o_data_reg[11]/D
                            (rising edge-triggered cell FDRE clocked by clk  {rise@0.000ns fall@1.000ns period=2.000ns})
  Path Group:             (none)
  Path Type:              Hold (Min at Slow Process Corner)
  Data Path Delay:        0.000ns  (logic 0.000ns (0.000%)  route 0.000ns (0.000%))
  Logic Levels:           0  
  Clock Path Skew:        0.041ns (DCD - SCD - CPR)
    Destination Clock Delay (DCD):    0.041ns
    Source Clock Delay      (SCD):    0.000ns
    Clock Pessimism Removal (CPR):    -0.000ns

    Location             Delay type                Incr(ns)  Path(ns)    Netlist Resource(s)
  -------------------------------------------------------------------    -------------------
                                                      0.000     0.000 r  s_axis_tdata[11] (IN)
                         net (fo=0)                   0.000     0.000    u_receptor/s_axis_tdata[11]
    SLICE_X56Y215        FDRE                                         r  u_receptor/o_data_reg[11]/D
  -------------------------------------------------------------------    -------------------

                         (clock clk rise edge)        0.000     0.000 r  
                                                      0.000     0.000 r  i_clk (IN)
                         net (fo=94970, unset)        0.041     0.041    u_receptor/i_clk
    SLICE_X56Y215        FDRE                                         r  u_receptor/o_data_reg[11]/C

Slack:                    inf
  Source:                 s_axis_tdata[12]
                            (input port)
  Destination:            u_receptor/o_data_reg[12]/D
                            (rising edge-triggered cell FDRE clocked by clk  {rise@0.000ns fall@1.000ns period=2.000ns})
  Path Group:             (none)
  Path Type:              Hold (Min at Slow Process Corner)
  Data Path Delay:        0.000ns  (logic 0.000ns (0.000%)  route 0.000ns (0.000%))
  Logic Levels:           0  
  Clock Path Skew:        0.041ns (DCD - SCD - CPR)
    Destination Clock Delay (DCD):    0.041ns
    Source Clock Delay      (SCD):    0.000ns
    Clock Pessimism Removal (CPR):    -0.000ns

    Location             Delay type                Incr(ns)  Path(ns)    Netlist Resource(s)
  -------------------------------------------------------------------    -------------------
                                                      0.000     0.000 r  s_axis_tdata[12] (IN)
                         net (fo=0)                   0.000     0.000    u_receptor/s_axis_tdata[12]
    SLICE_X50Y209        FDRE                                         r  u_receptor/o_data_reg[12]/D
  -------------------------------------------------------------------    -------------------

                         (clock clk rise edge)        0.000     0.000 r  
                                                      0.000     0.000 r  i_clk (IN)
                         net (fo=94970, unset)        0.041     0.041    u_receptor/i_clk
    SLICE_X50Y209        FDRE                                         r  u_receptor/o_data_reg[12]/C

Slack:                    inf
  Source:                 s_axis_tdata[13]
                            (input port)
  Destination:            u_receptor/o_data_reg[13]/D
                            (rising edge-triggered cell FDRE clocked by clk  {rise@0.000ns fall@1.000ns period=2.000ns})
  Path Group:             (none)
  Path Type:              Hold (Min at Slow Process Corner)
  Data Path Delay:        0.000ns  (logic 0.000ns (0.000%)  route 0.000ns (0.000%))
  Logic Levels:           0  
  Clock Path Skew:        0.043ns (DCD - SCD - CPR)
    Destination Clock Delay (DCD):    0.043ns
    Source Clock Delay      (SCD):    0.000ns
    Clock Pessimism Removal (CPR):    -0.000ns

    Location             Delay type                Incr(ns)  Path(ns)    Netlist Resource(s)
  -------------------------------------------------------------------    -------------------
                                                      0.000     0.000 r  s_axis_tdata[13] (IN)
                         net (fo=0)                   0.000     0.000    u_receptor/s_axis_tdata[13]
    SLICE_X53Y229        FDRE                                         r  u_receptor/o_data_reg[13]/D
  -------------------------------------------------------------------    -------------------

                         (clock clk rise edge)        0.000     0.000 r  
                                                      0.000     0.000 r  i_clk (IN)
                         net (fo=94970, unset)        0.043     0.043    u_receptor/i_clk
    SLICE_X53Y229        FDRE                                         r  u_receptor/o_data_reg[13]/C

Slack:                    inf
  Source:                 s_axis_tdata[14]
                            (input port)
  Destination:            u_receptor/o_data_reg[14]/D
                            (rising edge-triggered cell FDRE clocked by clk  {rise@0.000ns fall@1.000ns period=2.000ns})
  Path Group:             (none)
  Path Type:              Hold (Min at Slow Process Corner)
  Data Path Delay:        0.000ns  (logic 0.000ns (0.000%)  route 0.000ns (0.000%))
  Logic Levels:           0  
  Clock Path Skew:        0.043ns (DCD - SCD - CPR)
    Destination Clock Delay (DCD):    0.043ns
    Source Clock Delay      (SCD):    0.000ns
    Clock Pessimism Removal (CPR):    -0.000ns

    Location             Delay type                Incr(ns)  Path(ns)    Netlist Resource(s)
  -------------------------------------------------------------------    -------------------
                                                      0.000     0.000 r  s_axis_tdata[14] (IN)
                         net (fo=0)                   0.000     0.000    u_receptor/s_axis_tdata[14]
    SLICE_X54Y232        FDRE                                         r  u_receptor/o_data_reg[14]/D
  -------------------------------------------------------------------    -------------------

                         (clock clk rise edge)        0.000     0.000 r  
                                                      0.000     0.000 r  i_clk (IN)
                         net (fo=94970, unset)        0.043     0.043    u_receptor/i_clk
    SLICE_X54Y232        FDRE                                         r  u_receptor/o_data_reg[14]/C

Slack:                    inf
  Source:                 s_axis_tdata[15]
                            (input port)
  Destination:            u_receptor/o_data_reg[15]/D
                            (rising edge-triggered cell FDRE clocked by clk  {rise@0.000ns fall@1.000ns period=2.000ns})
  Path Group:             (none)
  Path Type:              Hold (Min at Slow Process Corner)
  Data Path Delay:        0.000ns  (logic 0.000ns (0.000%)  route 0.000ns (0.000%))
  Logic Levels:           0  
  Clock Path Skew:        0.041ns (DCD - SCD - CPR)
    Destination Clock Delay (DCD):    0.041ns
    Source Clock Delay      (SCD):    0.000ns
    Clock Pessimism Removal (CPR):    -0.000ns

    Location             Delay type                Incr(ns)  Path(ns)    Netlist Resource(s)
  -------------------------------------------------------------------    -------------------
                                                      0.000     0.000 r  s_axis_tdata[15] (IN)
                         net (fo=0)                   0.000     0.000    u_receptor/s_axis_tdata[15]
    SLICE_X51Y173        FDRE                                         r  u_receptor/o_data_reg[15]/D
  -------------------------------------------------------------------    -------------------

                         (clock clk rise edge)        0.000     0.000 r  
                                                      0.000     0.000 r  i_clk (IN)
                         net (fo=94970, unset)        0.041     0.041    u_receptor/i_clk
    SLICE_X51Y173        FDRE                                         r  u_receptor/o_data_reg[15]/C

Slack:                    inf
  Source:                 s_axis_tdata[16]
                            (input port)
  Destination:            u_receptor/o_data_reg[16]/D
                            (rising edge-triggered cell FDRE clocked by clk  {rise@0.000ns fall@1.000ns period=2.000ns})
  Path Group:             (none)
  Path Type:              Hold (Min at Slow Process Corner)
  Data Path Delay:        0.000ns  (logic 0.000ns (0.000%)  route 0.000ns (0.000%))
  Logic Levels:           0  
  Clock Path Skew:        0.042ns (DCD - SCD - CPR)
    Destination Clock Delay (DCD):    0.042ns
    Source Clock Delay      (SCD):    0.000ns
    Clock Pessimism Removal (CPR):    -0.000ns

    Location             Delay type                Incr(ns)  Path(ns)    Netlist Resource(s)
  -------------------------------------------------------------------    -------------------
                                                      0.000     0.000 r  s_axis_tdata[16] (IN)
                         net (fo=0)                   0.000     0.000    u_receptor/s_axis_tdata[16]
    SLICE_X50Y172        FDRE                                         r  u_receptor/o_data_reg[16]/D
  -------------------------------------------------------------------    -------------------

                         (clock clk rise edge)        0.000     0.000 r  
                                                      0.000     0.000 r  i_clk (IN)
                         net (fo=94970, unset)        0.042     0.042    u_receptor/i_clk
    SLICE_X50Y172        FDRE                                         r  u_receptor/o_data_reg[16]/C

Slack:                    inf
  Source:                 s_axis_tdata[17]
                            (input port)
  Destination:            u_receptor/o_data_reg[17]/D
                            (rising edge-triggered cell FDRE clocked by clk  {rise@0.000ns fall@1.000ns period=2.000ns})
  Path Group:             (none)
  Path Type:              Hold (Min at Slow Process Corner)
  Data Path Delay:        0.000ns  (logic 0.000ns (0.000%)  route 0.000ns (0.000%))
  Logic Levels:           0  
  Clock Path Skew:        0.041ns (DCD - SCD - CPR)
    Destination Clock Delay (DCD):    0.041ns
    Source Clock Delay      (SCD):    0.000ns
    Clock Pessimism Removal (CPR):    -0.000ns

    Location             Delay type                Incr(ns)  Path(ns)    Netlist Resource(s)
  -------------------------------------------------------------------    -------------------
                                                      0.000     0.000 r  s_axis_tdata[17] (IN)
                         net (fo=0)                   0.000     0.000    u_receptor/s_axis_tdata[17]
    SLICE_X49Y203        FDRE                                         r  u_receptor/o_data_reg[17]/D
  -------------------------------------------------------------------    -------------------

                         (clock clk rise edge)        0.000     0.000 r  
                                                      0.000     0.000 r  i_clk (IN)
                         net (fo=94970, unset)        0.041     0.041    u_receptor/i_clk
    SLICE_X49Y203        FDRE                                         r  u_receptor/o_data_reg[17]/C

Slack:                    inf
  Source:                 s_axis_tdata[18]
                            (input port)
  Destination:            u_receptor/o_data_reg[18]/D
                            (rising edge-triggered cell FDRE clocked by clk  {rise@0.000ns fall@1.000ns period=2.000ns})
  Path Group:             (none)
  Path Type:              Hold (Min at Slow Process Corner)
  Data Path Delay:        0.000ns  (logic 0.000ns (0.000%)  route 0.000ns (0.000%))
  Logic Levels:           0  
  Clock Path Skew:        0.041ns (DCD - SCD - CPR)
    Destination Clock Delay (DCD):    0.041ns
    Source Clock Delay      (SCD):    0.000ns
    Clock Pessimism Removal (CPR):    -0.000ns

    Location             Delay type                Incr(ns)  Path(ns)    Netlist Resource(s)
  -------------------------------------------------------------------    -------------------
                                                      0.000     0.000 r  s_axis_tdata[18] (IN)
                         net (fo=0)                   0.000     0.000    u_receptor/s_axis_tdata[18]
    SLICE_X49Y205        FDRE                                         r  u_receptor/o_data_reg[18]/D
  -------------------------------------------------------------------    -------------------

                         (clock clk rise edge)        0.000     0.000 r  
                                                      0.000     0.000 r  i_clk (IN)
                         net (fo=94970, unset)        0.041     0.041    u_receptor/i_clk
    SLICE_X49Y205        FDRE                                         r  u_receptor/o_data_reg[18]/C





