
*** Running vivado
    with args -log top.vds -m64 -product Vivado -mode batch -messageDb vivado.pb -notrace -source top.tcl



****** Vivado v2022.2 (64-bit)
  **** SW Build 3671981 on Fri Oct 14 05:00:03 MDT 2022
  **** IP Build 3669848 on Fri Oct 14 08:30:02 MDT 2022
    ** Copyright 1986-2022 Xilinx, Inc. All Rights Reserved.

source top.tcl -notrace
create_project: Time (s): cpu = 00:00:08 ; elapsed = 00:00:09 . Memory (MB): peak = 509.156 ; gain = 75.645
Command: read_checkpoint -auto_incremental -incremental E:/A_IP_Stega/IP_Stega/IP_Stega.srcs/utils_1/imports/synth_1/top.dcp
INFO: [Vivado 12-5825] Read reference checkpoint from E:/A_IP_Stega/IP_Stega/IP_Stega.srcs/utils_1/imports/synth_1/top.dcp for incremental synthesis
INFO: [Vivado 12-7989] Please ensure there are no constraint changes
Command: synth_design -top top -part xck26-sfvc784-2LV-c
Starting synth_design
Attempting to get a license for feature 'Synthesis' and/or device 'xck26'
INFO: [Common 17-349] Got license for feature 'Synthesis' and/or device 'xck26'
INFO: [Device 21-403] Loading part xck26-sfvc784-2LV-c
INFO: [Synth 8-7079] Multithreading enabled for synth_design using a maximum of 2 processes.
INFO: [Synth 8-7078] Launching helper process for spawning children vivado processes
INFO: [Synth 8-7075] Helper process launched with PID 11508
INFO: [Synth 8-11241] undeclared symbol 'REGCCE', assumed default net type 'wire' [E:/Xilinx/Vivado/2022.2/data/verilog/src/unimacro/BRAM_SINGLE_MACRO.v:2170]
---------------------------------------------------------------------------------
Starting RTL Elaboration : Time (s): cpu = 00:00:08 ; elapsed = 00:00:09 . Memory (MB): peak = 1880.539 ; gain = 332.355
---------------------------------------------------------------------------------
INFO: [Synth 8-6157] synthesizing module 'top' [E:/A_IP_Stega/IP_Stega/IP_Stega.srcs/sources_1/new/top.v:25]
INFO: [Synth 8-6157] synthesizing module 'receptor' [E:/A_IP_Stega/IP_Stega/IP_Stega.srcs/sources_1/new/receptor.v:25]
	Parameter DATA_W bound to: 64 - type: integer 
	Parameter ADDR_W bound to: 64 - type: integer 
INFO: [Synth 8-6155] done synthesizing module 'receptor' (0#1) [E:/A_IP_Stega/IP_Stega/IP_Stega.srcs/sources_1/new/receptor.v:25]
WARNING: [Synth 8-689] width (8) of port connection 'o_addr1' does not match port width (60) of module 'receptor' [E:/A_IP_Stega/IP_Stega/IP_Stega.srcs/sources_1/new/top.v:277]
WARNING: [Synth 8-689] width (10) of port connection 'o_addr2' does not match port width (62) of module 'receptor' [E:/A_IP_Stega/IP_Stega/IP_Stega.srcs/sources_1/new/top.v:278]
WARNING: [Synth 8-689] width (12) of port connection 'o_addr3' does not match port width (64) of module 'receptor' [E:/A_IP_Stega/IP_Stega/IP_Stega.srcs/sources_1/new/top.v:279]
WARNING: [Synth 8-689] width (6) of port connection 'o_addr4' does not match port width (58) of module 'receptor' [E:/A_IP_Stega/IP_Stega/IP_Stega.srcs/sources_1/new/top.v:280]
INFO: [Synth 8-6157] synthesizing module 'depth_mem' [E:/A_IP_Stega/IP_Stega/IP_Stega.srcs/sources_1/new/depth_mem.v:25]
	Parameter ADDR_W bound to: 8 - type: integer 
	Parameter DATA_W bound to: 64 - type: integer 
	Parameter NUM_BANKS bound to: 9 - type: integer 
	Parameter LATENCY bound to: 1 - type: integer 
INFO: [Synth 8-6157] synthesizing module 'depth_inst' [E:/A_IP_Stega/IP_Stega/IP_Stega.srcs/sources_1/new/depth_inst.v:23]
	Parameter ADDR_W bound to: 8 - type: integer 
	Parameter DATA_W bound to: 64 - type: integer 
	Parameter LATENCY bound to: 1 - type: integer 
INFO: [Synth 8-6155] done synthesizing module 'depth_inst' (0#1) [E:/A_IP_Stega/IP_Stega/IP_Stega.srcs/sources_1/new/depth_inst.v:23]
INFO: [Synth 8-6155] done synthesizing module 'depth_mem' (0#1) [E:/A_IP_Stega/IP_Stega/IP_Stega.srcs/sources_1/new/depth_mem.v:25]
INFO: [Synth 8-6157] synthesizing module 'point_mem' [E:/A_IP_Stega/IP_Stega/IP_Stega.srcs/sources_1/new/point_mem.v:25]
	Parameter ADDR_W bound to: 10 - type: integer 
	Parameter DATA_W bound to: 64 - type: integer 
	Parameter NUM_BANKS bound to: 16 - type: integer 
	Parameter LATENCY bound to: 1 - type: integer 
INFO: [Synth 8-6157] synthesizing module 'point_inst' [E:/A_IP_Stega/IP_Stega/IP_Stega.srcs/sources_1/new/point_inst.v:23]
	Parameter ADDR_W bound to: 10 - type: integer 
	Parameter DATA_W bound to: 64 - type: integer 
	Parameter LATENCY bound to: 1 - type: integer 
	Parameter RAM_STYLE bound to: block - type: string 
INFO: [Synth 8-6155] done synthesizing module 'point_inst' (0#1) [E:/A_IP_Stega/IP_Stega/IP_Stega.srcs/sources_1/new/point_inst.v:23]
INFO: [Synth 8-6155] done synthesizing module 'point_mem' (0#1) [E:/A_IP_Stega/IP_Stega/IP_Stega.srcs/sources_1/new/point_mem.v:25]
INFO: [Synth 8-6157] synthesizing module 'point_mem__parameterized0' [E:/A_IP_Stega/IP_Stega/IP_Stega.srcs/sources_1/new/point_mem.v:25]
	Parameter ADDR_W bound to: 6 - type: integer 
	Parameter DATA_W bound to: 16 - type: integer 
	Parameter NUM_BANKS bound to: 16 - type: integer 
	Parameter LATENCY bound to: 1 - type: integer 
	Parameter RAM_STYLE bound to: distributed - type: string 
INFO: [Synth 8-6157] synthesizing module 'point_inst__parameterized0' [E:/A_IP_Stega/IP_Stega/IP_Stega.srcs/sources_1/new/point_inst.v:23]
	Parameter ADDR_W bound to: 6 - type: integer 
	Parameter DATA_W bound to: 16 - type: integer 
	Parameter LATENCY bound to: 1 - type: integer 
	Parameter RAM_STYLE bound to: distributed - type: string 
INFO: [Synth 8-6155] done synthesizing module 'point_inst__parameterized0' (0#1) [E:/A_IP_Stega/IP_Stega/IP_Stega.srcs/sources_1/new/point_inst.v:23]
INFO: [Synth 8-6155] done synthesizing module 'point_mem__parameterized0' (0#1) [E:/A_IP_Stega/IP_Stega/IP_Stega.srcs/sources_1/new/point_mem.v:25]
WARNING: [Synth 8-689] width (10) of port connection 'i_wr_addr' does not match port width (6) of module 'point_mem__parameterized0' [E:/A_IP_Stega/IP_Stega/IP_Stega.srcs/sources_1/new/top.v:335]
WARNING: [Synth 8-689] width (6) of port connection 'o_data_vld_all' does not match port width (1) of module 'point_mem__parameterized0' [E:/A_IP_Stega/IP_Stega/IP_Stega.srcs/sources_1/new/top.v:341]
INFO: [Synth 8-6157] synthesizing module 'rd_select' [E:/A_IP_Stega/IP_Stega/IP_Stega.srcs/sources_1/new/rd_select.v:23]
	Parameter ADDRESS_DATA bound to: 12 - type: integer 
INFO: [Synth 8-6155] done synthesizing module 'rd_select' (0#1) [E:/A_IP_Stega/IP_Stega/IP_Stega.srcs/sources_1/new/rd_select.v:23]
INFO: [Synth 8-6157] synthesizing module 'mem_img' [E:/A_IP_Stega/IP_Stega/IP_Stega.srcs/sources_1/new/mem_img.v:24]
	Parameter ADDR_W bound to: 12 - type: integer 
	Parameter ADDR_R bound to: 14 - type: integer 
	Parameter DATA_W bound to: 64 - type: integer 
	Parameter NUM_BANKS bound to: 6 - type: integer 
	Parameter SUB_W bound to: 16 - type: integer 
	Parameter LATENCY bound to: 3 - type: integer 
INFO: [Synth 8-6155] done synthesizing module 'mem_img' (0#1) [E:/A_IP_Stega/IP_Stega/IP_Stega.srcs/sources_1/new/mem_img.v:24]
INFO: [Synth 8-6157] synthesizing module 'mem_banks_inst' [E:/A_IP_Stega/IP_Stega/IP_Stega.srcs/sources_1/new/mem_banks_inst.v:25]
	Parameter ADDR_W bound to: 12 - type: integer 
	Parameter DATA_W bound to: 64 - type: integer 
	Parameter NUM_BANKS bound to: 16 - type: integer 
	Parameter LATENCY bound to: 3 - type: integer 
INFO: [Synth 8-6157] synthesizing module 'mem_inst' [E:/A_IP_Stega/IP_Stega/IP_Stega.srcs/sources_1/new/mem_inst.v:23]
	Parameter ADDR_W bound to: 12 - type: integer 
	Parameter DATA_W bound to: 64 - type: integer 
	Parameter LATENCY bound to: 3 - type: integer 
INFO: [Synth 8-6155] done synthesizing module 'mem_inst' (0#1) [E:/A_IP_Stega/IP_Stega/IP_Stega.srcs/sources_1/new/mem_inst.v:23]
INFO: [Synth 8-6155] done synthesizing module 'mem_banks_inst' (0#1) [E:/A_IP_Stega/IP_Stega/IP_Stega.srcs/sources_1/new/mem_banks_inst.v:25]
INFO: [Synth 8-6157] synthesizing module 'stega_mem_interface' [E:/A_IP_Stega/IP_Stega/IP_Stega.srcs/sources_1/new/mem_stega.v:23]
	Parameter ADDR_W bound to: 12 - type: integer 
	Parameter DATA_W bound to: 64 - type: integer 
	Parameter NUM_BANKS bound to: 3 - type: integer 
INFO: [Synth 8-6155] done synthesizing module 'stega_mem_interface' (0#1) [E:/A_IP_Stega/IP_Stega/IP_Stega.srcs/sources_1/new/mem_stega.v:23]
INFO: [Synth 8-6157] synthesizing module 'mux_mem1' [E:/A_IP_Stega/IP_Stega/IP_Stega.srcs/sources_1/new/mem_stega.v:81]
	Parameter ADDR bound to: 12 - type: integer 
INFO: [Synth 8-6155] done synthesizing module 'mux_mem1' (0#1) [E:/A_IP_Stega/IP_Stega/IP_Stega.srcs/sources_1/new/mem_stega.v:81]
INFO: [Synth 8-6157] synthesizing module 'mem_banks_inst__parameterized0' [E:/A_IP_Stega/IP_Stega/IP_Stega.srcs/sources_1/new/mem_banks_inst.v:25]
	Parameter ADDR_W bound to: 12 - type: integer 
	Parameter DATA_W bound to: 64 - type: integer 
	Parameter NUM_BANKS bound to: 8 - type: integer 
	Parameter LATENCY bound to: 3 - type: integer 
INFO: [Synth 8-6155] done synthesizing module 'mem_banks_inst__parameterized0' (0#1) [E:/A_IP_Stega/IP_Stega/IP_Stega.srcs/sources_1/new/mem_banks_inst.v:25]
INFO: [Synth 8-6157] synthesizing module 'data_select0' [E:/A_IP_Stega/IP_Stega/IP_Stega.srcs/sources_1/new/data_select.v:198]
INFO: [Synth 8-6155] done synthesizing module 'data_select0' (0#1) [E:/A_IP_Stega/IP_Stega/IP_Stega.srcs/sources_1/new/data_select.v:198]
INFO: [Synth 8-6157] synthesizing module 'data_select1' [E:/A_IP_Stega/IP_Stega/IP_Stega.srcs/sources_1/new/data_select.v:456]
INFO: [Synth 8-6155] done synthesizing module 'data_select1' (0#1) [E:/A_IP_Stega/IP_Stega/IP_Stega.srcs/sources_1/new/data_select.v:456]
INFO: [Synth 8-6157] synthesizing module 'rd_fsm_control' [E:/A_IP_Stega/IP_Stega/IP_Stega.srcs/sources_1/new/fsm_control.v:23]
INFO: [Synth 8-6155] done synthesizing module 'rd_fsm_control' (0#1) [E:/A_IP_Stega/IP_Stega/IP_Stega.srcs/sources_1/new/fsm_control.v:23]
INFO: [Synth 8-6157] synthesizing module 'weight_bias_control' [E:/A_IP_Stega/IP_Stega/IP_Stega.srcs/sources_1/new/weight_bias_control.v:23]
	Parameter ADDRESS_WEIGHT bound to: 14 - type: integer 
	Parameter ADDRESS_BIAS bound to: 6 - type: integer 
INFO: [Synth 8-226] default block is never used [E:/A_IP_Stega/IP_Stega/IP_Stega.srcs/sources_1/new/weight_bias_control.v:373]
INFO: [Synth 8-6155] done synthesizing module 'weight_bias_control' (0#1) [E:/A_IP_Stega/IP_Stega/IP_Stega.srcs/sources_1/new/weight_bias_control.v:23]
WARNING: [Synth 8-689] width (8) of port connection 'o_dweight_rd_addr' does not match port width (12) of module 'weight_bias_control' [E:/A_IP_Stega/IP_Stega/IP_Stega.srcs/sources_1/new/top.v:651]
WARNING: [Synth 8-689] width (10) of port connection 'o_pweight_rd_addr' does not match port width (14) of module 'weight_bias_control' [E:/A_IP_Stega/IP_Stega/IP_Stega.srcs/sources_1/new/top.v:653]
INFO: [Synth 8-6157] synthesizing module 'fsm_line_buffer' [E:/A_IP_Stega/IP_Stega/IP_Stega.srcs/sources_1/new/fsm_line_buffer.v:395]
	Parameter DATA_IN_W bound to: 256 - type: integer 
	Parameter KERNEL_W bound to: 2304 - type: integer 
INFO: [Synth 8-6157] synthesizing module 'line_buffer' [E:/A_IP_Stega/IP_Stega/IP_Stega.srcs/sources_1/new/line_buffer.v:67]
INFO: [Synth 8-6155] done synthesizing module 'line_buffer' (0#1) [E:/A_IP_Stega/IP_Stega/IP_Stega.srcs/sources_1/new/line_buffer.v:67]
INFO: [Synth 8-6155] done synthesizing module 'fsm_line_buffer' (0#1) [E:/A_IP_Stega/IP_Stega/IP_Stega.srcs/sources_1/new/fsm_line_buffer.v:395]
INFO: [Synth 8-6157] synthesizing module 'wr_fsm_control' [E:/A_IP_Stega/IP_Stega/IP_Stega.srcs/sources_1/new/input_selection.v:377]
	Parameter DATA_COMPUTED_W bound to: 512 - type: integer 
	Parameter ADDR_URAM_W bound to: 12 - type: integer 
	Parameter ADDR_STEGA_W bound to: 14 - type: integer 
INFO: [Synth 8-155] case statement is not full and has no default [E:/A_IP_Stega/IP_Stega/IP_Stega.srcs/sources_1/new/input_selection.v:599]
INFO: [Synth 8-155] case statement is not full and has no default [E:/A_IP_Stega/IP_Stega/IP_Stega.srcs/sources_1/new/input_selection.v:629]
INFO: [Synth 8-6155] done synthesizing module 'wr_fsm_control' (0#1) [E:/A_IP_Stega/IP_Stega/IP_Stega.srcs/sources_1/new/input_selection.v:377]
INFO: [Synth 8-6157] synthesizing module 'Depthwise_Core_Top' [E:/A_IP_Stega/IP_Stega/IP_Stega.srcs/sources_1/new/depthwise_core_top.v:24]
INFO: [Synth 8-6157] synthesizing module 'MAC_9DSP' [E:/A_IP_Stega/IP_Stega/IP_Stega.srcs/sources_1/new/mac_9dsp.v:24]
INFO: [Synth 8-6155] done synthesizing module 'MAC_9DSP' (0#1) [E:/A_IP_Stega/IP_Stega/IP_Stega.srcs/sources_1/new/mac_9dsp.v:24]
INFO: [Synth 8-6157] synthesizing module 'Post_Processor' [E:/A_IP_Stega/IP_Stega/IP_Stega.srcs/sources_1/new/post_processor.v:26]
INFO: [Synth 8-6155] done synthesizing module 'Post_Processor' (0#1) [E:/A_IP_Stega/IP_Stega/IP_Stega.srcs/sources_1/new/post_processor.v:26]
INFO: [Synth 8-6155] done synthesizing module 'Depthwise_Core_Top' (0#1) [E:/A_IP_Stega/IP_Stega/IP_Stega.srcs/sources_1/new/depthwise_core_top.v:24]
INFO: [Synth 8-6157] synthesizing module 'mux_mode' [E:/A_IP_Stega/IP_Stega/IP_Stega.srcs/sources_1/new/top.v:882]
INFO: [Synth 8-6155] done synthesizing module 'mux_mode' (0#1) [E:/A_IP_Stega/IP_Stega/IP_Stega.srcs/sources_1/new/top.v:882]
WARNING: [Synth 8-689] width (1) of port connection 'mux_out_vld' does not match port width (256) of module 'mux_mode' [E:/A_IP_Stega/IP_Stega/IP_Stega.srcs/sources_1/new/top.v:793]
INFO: [Synth 8-6157] synthesizing module 'pw_top' [E:/A_IP_Stega/IP_Stega/IP_Stega.srcs/sources_1/new/pw_top.v:1]
	Parameter DATA_WIDTH bound to: 16 - type: integer 
	Parameter IN_CHANNELS bound to: 16 - type: integer 
	Parameter OUT_CHANNELS bound to: 16 - type: integer 
INFO: [Synth 8-6157] synthesizing module 'weight_buffer' [E:/A_IP_Stega/IP_Stega/IP_Stega.srcs/sources_1/new/weight_buffer.v:2]
	Parameter CLUSTER_SIZE bound to: 256 - type: integer 
	Parameter NUM_CLUSTERS bound to: 16 - type: integer 
	Parameter INPUT_WIDTH bound to: 4096 - type: integer 
	Parameter CHUNK_WIDTH bound to: 256 - type: integer 
INFO: [Synth 8-6155] done synthesizing module 'weight_buffer' (0#1) [E:/A_IP_Stega/IP_Stega/IP_Stega.srcs/sources_1/new/weight_buffer.v:2]
INFO: [Synth 8-6157] synthesizing module 'pw_mac' [E:/A_IP_Stega/IP_Stega/IP_Stega.srcs/sources_1/new/pw_mac.v:153]
	Parameter DATA_WIDTH bound to: 16 - type: integer 
	Parameter IN_CHANNELS bound to: 16 - type: integer 
	Parameter OUT_CHANNELS bound to: 16 - type: integer 
INFO: [Synth 8-6155] done synthesizing module 'pw_mac' (0#1) [E:/A_IP_Stega/IP_Stega/IP_Stega.srcs/sources_1/new/pw_mac.v:153]
INFO: [Synth 8-6157] synthesizing module 'pw0_pw1_adder' [E:/A_IP_Stega/IP_Stega/IP_Stega.srcs/sources_1/new/pw0_pw1_adder.v:1]
	Parameter DATA_WIDTH bound to: 16 - type: integer 
	Parameter CHANNELS bound to: 16 - type: integer 
INFO: [Synth 8-6155] done synthesizing module 'pw0_pw1_adder' (0#1) [E:/A_IP_Stega/IP_Stega/IP_Stega.srcs/sources_1/new/pw0_pw1_adder.v:1]
INFO: [Synth 8-6157] synthesizing module 'psum_fifo' [E:/A_IP_Stega/IP_Stega/IP_Stega.srcs/sources_1/new/psum_fifo.v:1]
	Parameter MAX_PTR bound to: 4096 - type: integer 
	Parameter DATA_WIDTH bound to: 16 - type: integer 
	Parameter OC bound to: 16 - type: integer 
INFO: [Synth 8-6155] done synthesizing module 'psum_fifo' (0#1) [E:/A_IP_Stega/IP_Stega/IP_Stega.srcs/sources_1/new/psum_fifo.v:1]
INFO: [Synth 8-6157] synthesizing module 'psum_adder_pw' [E:/A_IP_Stega/IP_Stega/IP_Stega.srcs/sources_1/new/psum_adder.v:1]
	Parameter DATA_WIDTH bound to: 16 - type: integer 
	Parameter CHANNELS bound to: 16 - type: integer 
INFO: [Synth 8-6155] done synthesizing module 'psum_adder_pw' (0#1) [E:/A_IP_Stega/IP_Stega/IP_Stega.srcs/sources_1/new/psum_adder.v:1]
INFO: [Synth 8-6157] synthesizing module 'bias_buffer' [E:/A_IP_Stega/IP_Stega/IP_Stega.srcs/sources_1/new/bias_buffer.v:1]
	Parameter DATA_WIDTH bound to: 16 - type: integer 
	Parameter CHANNELS bound to: 16 - type: integer 
INFO: [Synth 8-6155] done synthesizing module 'bias_buffer' (0#1) [E:/A_IP_Stega/IP_Stega/IP_Stega.srcs/sources_1/new/bias_buffer.v:1]
INFO: [Synth 8-6157] synthesizing module 'relu_output' [E:/A_IP_Stega/IP_Stega/IP_Stega.srcs/sources_1/new/relu_output.v:1]
	Parameter DATA_WIDTH bound to: 16 - type: integer 
	Parameter CHANNELS bound to: 16 - type: integer 
INFO: [Synth 8-6155] done synthesizing module 'relu_output' (0#1) [E:/A_IP_Stega/IP_Stega/IP_Stega.srcs/sources_1/new/relu_output.v:1]
INFO: [Synth 8-6157] synthesizing module 'count_stage_done' [E:/A_IP_Stega/IP_Stega/IP_Stega.srcs/sources_1/new/count_stage_done.v:8]
INFO: [Synth 8-6155] done synthesizing module 'count_stage_done' (0#1) [E:/A_IP_Stega/IP_Stega/IP_Stega.srcs/sources_1/new/count_stage_done.v:8]
INFO: [Synth 8-6155] done synthesizing module 'pw_top' (0#1) [E:/A_IP_Stega/IP_Stega/IP_Stega.srcs/sources_1/new/pw_top.v:1]
INFO: [Synth 8-6157] synthesizing module 'wr_data_select' [E:/A_IP_Stega/IP_Stega/IP_Stega.srcs/sources_1/new/wr_data_select.v:23]
	Parameter BANK4_W bound to: 256 - type: integer 
	Parameter BANK8_W bound to: 512 - type: integer 
	Parameter BANK16_W bound to: 1024 - type: integer 
	Parameter ADDER_W bound to: 48 - type: integer 
INFO: [Synth 8-6155] done synthesizing module 'wr_data_select' (0#1) [E:/A_IP_Stega/IP_Stega/IP_Stega.srcs/sources_1/new/wr_data_select.v:23]
INFO: [Synth 8-6157] synthesizing module 'mem2_to_adder' [E:/A_IP_Stega/IP_Stega/IP_Stega.srcs/sources_1/new/wr_data_select.v:142]
INFO: [Synth 8-6155] done synthesizing module 'mem2_to_adder' (0#1) [E:/A_IP_Stega/IP_Stega/IP_Stega.srcs/sources_1/new/wr_data_select.v:142]
WARNING: [Synth 8-689] width (48) of port connection 'o_data' does not match port width (49) of module 'mem2_to_adder' [E:/A_IP_Stega/IP_Stega/IP_Stega.srcs/sources_1/new/top.v:855]
INFO: [Synth 8-6157] synthesizing module 'adder_tree' [E:/A_IP_Stega/IP_Stega/IP_Stega.srcs/sources_1/new/adder_tree.v:23]
	Parameter WIDTH bound to: 16 - type: integer 
	Parameter NUM_CH bound to: 3 - type: integer 
INFO: [Synth 8-6155] done synthesizing module 'adder_tree' (0#1) [E:/A_IP_Stega/IP_Stega/IP_Stega.srcs/sources_1/new/adder_tree.v:23]
INFO: [Synth 8-6157] synthesizing module 'stream_out' [E:/A_IP_Stega/IP_Stega/IP_Stega.srcs/sources_1/new/wr_data_select.v:105]
INFO: [Synth 8-6155] done synthesizing module 'stream_out' (0#1) [E:/A_IP_Stega/IP_Stega/IP_Stega.srcs/sources_1/new/wr_data_select.v:105]
INFO: [Synth 8-6155] done synthesizing module 'top' (0#1) [E:/A_IP_Stega/IP_Stega/IP_Stega.srcs/sources_1/new/top.v:25]
WARNING: [Synth 8-6014] Unused sequential element sub_addr_pipe_reg[1][0] was removed.  [E:/A_IP_Stega/IP_Stega/IP_Stega.srcs/sources_1/new/mem_img.v:80]
WARNING: [Synth 8-6014] Unused sequential element sub_addr_pipe_reg[2][0] was removed.  [E:/A_IP_Stega/IP_Stega/IP_Stega.srcs/sources_1/new/mem_img.v:80]
WARNING: [Synth 8-6014] Unused sequential element sub_addr_pipe_reg[3][0] was removed.  [E:/A_IP_Stega/IP_Stega/IP_Stega.srcs/sources_1/new/mem_img.v:80]
WARNING: [Synth 8-6014] Unused sequential element sub_addr_pipe_reg[4][0] was removed.  [E:/A_IP_Stega/IP_Stega/IP_Stega.srcs/sources_1/new/mem_img.v:80]
WARNING: [Synth 8-6014] Unused sequential element sub_addr_pipe_reg[5][0] was removed.  [E:/A_IP_Stega/IP_Stega/IP_Stega.srcs/sources_1/new/mem_img.v:80]
WARNING: [Synth 8-6014] Unused sequential element sub_addr_pipe_reg[1][1] was removed.  [E:/A_IP_Stega/IP_Stega/IP_Stega.srcs/sources_1/new/mem_img.v:111]
WARNING: [Synth 8-6014] Unused sequential element sub_addr_pipe_reg[1][2] was removed.  [E:/A_IP_Stega/IP_Stega/IP_Stega.srcs/sources_1/new/mem_img.v:111]
WARNING: [Synth 8-6014] Unused sequential element sub_addr_pipe_reg[2][1] was removed.  [E:/A_IP_Stega/IP_Stega/IP_Stega.srcs/sources_1/new/mem_img.v:111]
WARNING: [Synth 8-6014] Unused sequential element sub_addr_pipe_reg[2][2] was removed.  [E:/A_IP_Stega/IP_Stega/IP_Stega.srcs/sources_1/new/mem_img.v:111]
WARNING: [Synth 8-6014] Unused sequential element sub_addr_pipe_reg[3][1] was removed.  [E:/A_IP_Stega/IP_Stega/IP_Stega.srcs/sources_1/new/mem_img.v:111]
WARNING: [Synth 8-6014] Unused sequential element sub_addr_pipe_reg[3][2] was removed.  [E:/A_IP_Stega/IP_Stega/IP_Stega.srcs/sources_1/new/mem_img.v:111]
WARNING: [Synth 8-6014] Unused sequential element sub_addr_pipe_reg[4][1] was removed.  [E:/A_IP_Stega/IP_Stega/IP_Stega.srcs/sources_1/new/mem_img.v:111]
WARNING: [Synth 8-6014] Unused sequential element sub_addr_pipe_reg[4][2] was removed.  [E:/A_IP_Stega/IP_Stega/IP_Stega.srcs/sources_1/new/mem_img.v:111]
WARNING: [Synth 8-6014] Unused sequential element sub_addr_pipe_reg[5][1] was removed.  [E:/A_IP_Stega/IP_Stega/IP_Stega.srcs/sources_1/new/mem_img.v:111]
WARNING: [Synth 8-6014] Unused sequential element sub_addr_pipe_reg[5][2] was removed.  [E:/A_IP_Stega/IP_Stega/IP_Stega.srcs/sources_1/new/mem_img.v:111]
WARNING: [Synth 8-6014] Unused sequential element rd_sel_pipe_reg[1] was removed.  [E:/A_IP_Stega/IP_Stega/IP_Stega.srcs/sources_1/new/fsm_line_buffer.v:542]
WARNING: [Synth 8-6014] Unused sequential element pipe_mem_swap_reg was removed.  [E:/A_IP_Stega/IP_Stega/IP_Stega.srcs/sources_1/new/input_selection.v:500]
WARNING: [Synth 8-3848] Net top_done in module/entity top does not have driver. [E:/A_IP_Stega/IP_Stega/IP_Stega.srcs/sources_1/new/top.v:77]
WARNING: [Synth 8-7129] Port i_data[255] in module mem2_to_adder is either unconnected or has no load
WARNING: [Synth 8-7129] Port i_data[254] in module mem2_to_adder is either unconnected or has no load
WARNING: [Synth 8-7129] Port i_data[253] in module mem2_to_adder is either unconnected or has no load
WARNING: [Synth 8-7129] Port i_data[252] in module mem2_to_adder is either unconnected or has no load
WARNING: [Synth 8-7129] Port i_data[251] in module mem2_to_adder is either unconnected or has no load
WARNING: [Synth 8-7129] Port i_data[250] in module mem2_to_adder is either unconnected or has no load
WARNING: [Synth 8-7129] Port i_data[249] in module mem2_to_adder is either unconnected or has no load
WARNING: [Synth 8-7129] Port i_data[248] in module mem2_to_adder is either unconnected or has no load
WARNING: [Synth 8-7129] Port i_data[247] in module mem2_to_adder is either unconnected or has no load
WARNING: [Synth 8-7129] Port i_data[246] in module mem2_to_adder is either unconnected or has no load
WARNING: [Synth 8-7129] Port i_data[245] in module mem2_to_adder is either unconnected or has no load
WARNING: [Synth 8-7129] Port i_data[244] in module mem2_to_adder is either unconnected or has no load
WARNING: [Synth 8-7129] Port i_data[243] in module mem2_to_adder is either unconnected or has no load
WARNING: [Synth 8-7129] Port i_data[242] in module mem2_to_adder is either unconnected or has no load
WARNING: [Synth 8-7129] Port i_data[241] in module mem2_to_adder is either unconnected or has no load
WARNING: [Synth 8-7129] Port i_data[240] in module mem2_to_adder is either unconnected or has no load
WARNING: [Synth 8-7129] Port i_data[191] in module mem2_to_adder is either unconnected or has no load
WARNING: [Synth 8-7129] Port i_data[190] in module mem2_to_adder is either unconnected or has no load
WARNING: [Synth 8-7129] Port i_data[189] in module mem2_to_adder is either unconnected or has no load
WARNING: [Synth 8-7129] Port i_data[188] in module mem2_to_adder is either unconnected or has no load
WARNING: [Synth 8-7129] Port i_data[187] in module mem2_to_adder is either unconnected or has no load
WARNING: [Synth 8-7129] Port i_data[186] in module mem2_to_adder is either unconnected or has no load
WARNING: [Synth 8-7129] Port i_data[185] in module mem2_to_adder is either unconnected or has no load
WARNING: [Synth 8-7129] Port i_data[184] in module mem2_to_adder is either unconnected or has no load
WARNING: [Synth 8-7129] Port i_data[183] in module mem2_to_adder is either unconnected or has no load
WARNING: [Synth 8-7129] Port i_data[182] in module mem2_to_adder is either unconnected or has no load
WARNING: [Synth 8-7129] Port i_data[181] in module mem2_to_adder is either unconnected or has no load
WARNING: [Synth 8-7129] Port i_data[180] in module mem2_to_adder is either unconnected or has no load
WARNING: [Synth 8-7129] Port i_data[179] in module mem2_to_adder is either unconnected or has no load
WARNING: [Synth 8-7129] Port i_data[178] in module mem2_to_adder is either unconnected or has no load
WARNING: [Synth 8-7129] Port i_data[177] in module mem2_to_adder is either unconnected or has no load
WARNING: [Synth 8-7129] Port i_data[176] in module mem2_to_adder is either unconnected or has no load
WARNING: [Synth 8-7129] Port i_data[127] in module mem2_to_adder is either unconnected or has no load
WARNING: [Synth 8-7129] Port i_data[126] in module mem2_to_adder is either unconnected or has no load
WARNING: [Synth 8-7129] Port i_data[125] in module mem2_to_adder is either unconnected or has no load
WARNING: [Synth 8-7129] Port i_data[124] in module mem2_to_adder is either unconnected or has no load
WARNING: [Synth 8-7129] Port i_data[123] in module mem2_to_adder is either unconnected or has no load
WARNING: [Synth 8-7129] Port i_data[122] in module mem2_to_adder is either unconnected or has no load
WARNING: [Synth 8-7129] Port i_data[121] in module mem2_to_adder is either unconnected or has no load
WARNING: [Synth 8-7129] Port i_data[120] in module mem2_to_adder is either unconnected or has no load
WARNING: [Synth 8-7129] Port i_data[119] in module mem2_to_adder is either unconnected or has no load
WARNING: [Synth 8-7129] Port i_data[118] in module mem2_to_adder is either unconnected or has no load
WARNING: [Synth 8-7129] Port i_data[117] in module mem2_to_adder is either unconnected or has no load
WARNING: [Synth 8-7129] Port i_data[116] in module mem2_to_adder is either unconnected or has no load
WARNING: [Synth 8-7129] Port i_data[115] in module mem2_to_adder is either unconnected or has no load
WARNING: [Synth 8-7129] Port i_data[114] in module mem2_to_adder is either unconnected or has no load
WARNING: [Synth 8-7129] Port i_data[113] in module mem2_to_adder is either unconnected or has no load
WARNING: [Synth 8-7129] Port i_data[112] in module mem2_to_adder is either unconnected or has no load
WARNING: [Synth 8-7129] Port i_data[63] in module mem2_to_adder is either unconnected or has no load
WARNING: [Synth 8-7129] Port i_data[62] in module mem2_to_adder is either unconnected or has no load
WARNING: [Synth 8-7129] Port i_data[61] in module mem2_to_adder is either unconnected or has no load
WARNING: [Synth 8-7129] Port i_data[60] in module mem2_to_adder is either unconnected or has no load
WARNING: [Synth 8-7129] Port i_data[59] in module mem2_to_adder is either unconnected or has no load
WARNING: [Synth 8-7129] Port i_data[58] in module mem2_to_adder is either unconnected or has no load
WARNING: [Synth 8-7129] Port i_data[57] in module mem2_to_adder is either unconnected or has no load
WARNING: [Synth 8-7129] Port i_data[56] in module mem2_to_adder is either unconnected or has no load
WARNING: [Synth 8-7129] Port i_data[55] in module mem2_to_adder is either unconnected or has no load
WARNING: [Synth 8-7129] Port i_data[54] in module mem2_to_adder is either unconnected or has no load
WARNING: [Synth 8-7129] Port i_data[53] in module mem2_to_adder is either unconnected or has no load
WARNING: [Synth 8-7129] Port i_data[52] in module mem2_to_adder is either unconnected or has no load
WARNING: [Synth 8-7129] Port i_data[51] in module mem2_to_adder is either unconnected or has no load
WARNING: [Synth 8-7129] Port i_data[50] in module mem2_to_adder is either unconnected or has no load
WARNING: [Synth 8-7129] Port i_data[49] in module mem2_to_adder is either unconnected or has no load
WARNING: [Synth 8-7129] Port i_data[48] in module mem2_to_adder is either unconnected or has no load
WARNING: [Synth 8-7129] Port i_rst_n in module wr_data_select is either unconnected or has no load
WARNING: [Synth 8-7129] Port i_config_max_line_out[7] in module line_buffer is either unconnected or has no load
WARNING: [Synth 8-7129] Port i_config_max_line_out[6] in module line_buffer is either unconnected or has no load
WARNING: [Synth 8-7129] Port i_config_max_line_out[5] in module line_buffer is either unconnected or has no load
WARNING: [Synth 8-7129] Port i_config_max_line_out[4] in module line_buffer is either unconnected or has no load
WARNING: [Synth 8-7129] Port i_config_max_line_out[3] in module line_buffer is either unconnected or has no load
WARNING: [Synth 8-7129] Port i_config_max_line_out[2] in module line_buffer is either unconnected or has no load
WARNING: [Synth 8-7129] Port i_config_max_line_out[1] in module line_buffer is either unconnected or has no load
WARNING: [Synth 8-7129] Port i_config_max_line_out[0] in module line_buffer is either unconnected or has no load
WARNING: [Synth 8-7129] Port i_mem_img_data[95] in module data_select1 is either unconnected or has no load
WARNING: [Synth 8-7129] Port i_mem_img_data[94] in module data_select1 is either unconnected or has no load
WARNING: [Synth 8-7129] Port i_mem_img_data[93] in module data_select1 is either unconnected or has no load
WARNING: [Synth 8-7129] Port i_mem_img_data[92] in module data_select1 is either unconnected or has no load
WARNING: [Synth 8-7129] Port i_mem_img_data[91] in module data_select1 is either unconnected or has no load
WARNING: [Synth 8-7129] Port i_mem_img_data[90] in module data_select1 is either unconnected or has no load
WARNING: [Synth 8-7129] Port i_mem_img_data[89] in module data_select1 is either unconnected or has no load
WARNING: [Synth 8-7129] Port i_mem_img_data[88] in module data_select1 is either unconnected or has no load
WARNING: [Synth 8-7129] Port i_mem_img_data[87] in module data_select1 is either unconnected or has no load
WARNING: [Synth 8-7129] Port i_mem_img_data[86] in module data_select1 is either unconnected or has no load
WARNING: [Synth 8-7129] Port i_mem_img_data[85] in module data_select1 is either unconnected or has no load
WARNING: [Synth 8-7129] Port i_mem_img_data[84] in module data_select1 is either unconnected or has no load
WARNING: [Synth 8-7129] Port i_mem_img_data[83] in module data_select1 is either unconnected or has no load
WARNING: [Synth 8-7129] Port i_mem_img_data[82] in module data_select1 is either unconnected or has no load
WARNING: [Synth 8-7129] Port i_mem_img_data[81] in module data_select1 is either unconnected or has no load
WARNING: [Synth 8-7129] Port i_mem_img_data[80] in module data_select1 is either unconnected or has no load
WARNING: [Synth 8-7129] Port i_mem_img_data[79] in module data_select1 is either unconnected or has no load
WARNING: [Synth 8-7129] Port i_mem_img_data[78] in module data_select1 is either unconnected or has no load
WARNING: [Synth 8-7129] Port i_mem_img_data[77] in module data_select1 is either unconnected or has no load
WARNING: [Synth 8-7129] Port i_mem_img_data[76] in module data_select1 is either unconnected or has no load
WARNING: [Synth 8-7129] Port i_mem_img_data[75] in module data_select1 is either unconnected or has no load
WARNING: [Synth 8-7129] Port i_mem_img_data[74] in module data_select1 is either unconnected or has no load
WARNING: [Synth 8-7129] Port i_mem_img_data[73] in module data_select1 is either unconnected or has no load
WARNING: [Synth 8-7129] Port i_mem_img_data[72] in module data_select1 is either unconnected or has no load
WARNING: [Synth 8-7129] Port i_mem_img_data[71] in module data_select1 is either unconnected or has no load
WARNING: [Synth 8-7129] Port i_mem_img_data[70] in module data_select1 is either unconnected or has no load
WARNING: [Synth 8-7129] Port i_mem_img_data[69] in module data_select1 is either unconnected or has no load
INFO: [Common 17-14] Message 'Synth 8-7129' appears 100 times and further instances of the messages will be disabled. Use the Tcl command set_msg_config to change the current settings.
---------------------------------------------------------------------------------
Finished RTL Elaboration : Time (s): cpu = 00:00:17 ; elapsed = 00:00:18 . Memory (MB): peak = 2142.297 ; gain = 594.113
---------------------------------------------------------------------------------
---------------------------------------------------------------------------------
Start Handling Custom Attributes
---------------------------------------------------------------------------------
---------------------------------------------------------------------------------
Finished Handling Custom Attributes : Time (s): cpu = 00:00:17 ; elapsed = 00:00:18 . Memory (MB): peak = 2142.297 ; gain = 594.113
---------------------------------------------------------------------------------
---------------------------------------------------------------------------------
Finished RTL Optimization Phase 1 : Time (s): cpu = 00:00:17 ; elapsed = 00:00:18 . Memory (MB): peak = 2142.297 ; gain = 594.113
---------------------------------------------------------------------------------
Netlist sorting complete. Time (s): cpu = 00:00:03 ; elapsed = 00:00:03 . Memory (MB): peak = 2178.242 ; gain = 0.000
INFO: [Project 1-570] Preparing netlist for logic optimization

Processing XDC Constraints
Initializing timing engine
Parsing XDC File [E:/A_IP_Stega/IP_Stega/IP_Stega.srcs/constrs_1/new/constraints.xdc]
create_clock: Time (s): cpu = 00:00:05 ; elapsed = 00:00:06 . Memory (MB): peak = 2692.082 ; gain = 32.090
Finished Parsing XDC File [E:/A_IP_Stega/IP_Stega/IP_Stega.srcs/constrs_1/new/constraints.xdc]
Completed Processing XDC Constraints

Netlist sorting complete. Time (s): cpu = 00:00:00 ; elapsed = 00:00:00.054 . Memory (MB): peak = 2692.082 ; gain = 0.000
INFO: [Project 1-111] Unisim Transformation Summary:
No Unisim elements were transformed.

Constraint Validation Runtime : Time (s): cpu = 00:00:04 ; elapsed = 00:00:03 . Memory (MB): peak = 2732.535 ; gain = 40.453
INFO: [Synth 8-11241] undeclared symbol 'REGCCE', assumed default net type 'wire' [E:/Xilinx/Vivado/2022.2/data/verilog/src/unimacro/BRAM_SINGLE_MACRO.v:2170]
---------------------------------------------------------------------------------
Finished Constraint Validation : Time (s): cpu = 00:01:06 ; elapsed = 00:01:06 . Memory (MB): peak = 2733.195 ; gain = 1185.012
---------------------------------------------------------------------------------
---------------------------------------------------------------------------------
Start Loading Part and Timing Information
---------------------------------------------------------------------------------
Loading part: xck26-sfvc784-2LV-c
INFO: [Synth 8-6742] Reading net delay rules and data
WARNING: [Synth 8-6702] IncrSynth : Design change found in an area of the design that prevents previous synthesis information being used, Reverting to default synthesis
---------------------------------------------------------------------------------
Finished Doing Graph Differ : Time (s): cpu = 00:01:10 ; elapsed = 00:01:10 . Memory (MB): peak = 2733.195 ; gain = 1185.012
---------------------------------------------------------------------------------
---------------------------------------------------------------------------------
Finished Preparing Guide Design : Time (s): cpu = 00:01:10 ; elapsed = 00:01:10 . Memory (MB): peak = 2733.195 ; gain = 1185.012
---------------------------------------------------------------------------------
INFO: [Synth 8-802] inferred FSM for state register 'loading_stage_reg' in module 'receptor'
INFO: [Synth 8-802] inferred FSM for state register 'addr_stage_reg' in module 'rd_fsm_control'
INFO: [Synth 8-802] inferred FSM for state register 'depth_stage_reg' in module 'weight_bias_control'
INFO: [Synth 8-802] inferred FSM for state register 'point_stage_reg' in module 'weight_bias_control'
INFO: [Synth 8-802] inferred FSM for state register 'bias_stage_reg' in module 'weight_bias_control'
WARNING: [Synth 8-3936] Found unconnected internal register 'tmp_wr_addr_reg' and it is trimmed from '14' to '12' bits. [E:/A_IP_Stega/IP_Stega/IP_Stega.srcs/sources_1/new/input_selection.v:597]
---------------------------------------------------------------------------------------------------
                   State |                     New Encoding |                Previous Encoding 
---------------------------------------------------------------------------------------------------
              LOAD_DEPTH |                            00001 |                              000
              LOAD_POINT |                            00010 |                              001
               LOAD_BIAS |                            00100 |                              010
              LOAD_IMAGE |                            01000 |                              011
                 COMPUTE |                            10000 |                              100
---------------------------------------------------------------------------------------------------
INFO: [Synth 8-3354] encoded FSM with state register 'loading_stage_reg' using encoding 'one-hot' in module 'receptor'
INFO: [Synth 8-7030] Implemented Non-Cascaded Block Ram (cascade_height = 1) of width 36 for RAM "point_inst:/ram_reg"
INFO: [Synth 8-7030] Implemented Non-Cascaded Block Ram (cascade_height = 1) of width 28 for RAM "point_inst:/ram_reg"
INFO: [Synth 8-5780] Default cascade height of 8 will be used for URAM '"mem_img:/bank0_reg"'.
INFO: [Synth 8-5780] Default cascade height of 8 will be used for URAM '"mem_img:/bank1_reg"'.
INFO: [Synth 8-5780] Default cascade height of 8 will be used for URAM '"mem_img:/bank2_reg"'.
INFO: [Synth 8-5780] Default cascade height of 8 will be used for URAM '"mem_img:/bank3_reg"'.
INFO: [Synth 8-5780] Default cascade height of 8 will be used for URAM '"mem_img:/bank4_reg"'.
INFO: [Synth 8-5780] Default cascade height of 8 will be used for URAM '"mem_img:/bank5_reg"'.
INFO: [Synth 8-5780] Default cascade height of 8 will be used for URAM '"mem_inst:/ram_reg"'.
---------------------------------------------------------------------------------------------------
                   State |                     New Encoding |                Previous Encoding 
---------------------------------------------------------------------------------------------------
                    INIT |                       0000000001 |                      00000000000
             LOAD_WEIGHT |                       0000000010 |                      00000000010
               L_PADDING |                       0000000100 |                      00000000100
             PRE_PADDING |                       0000001000 |                      00000001000
            NONE_PADDING |                       0000010000 |                      00000100000
            POST_PADDING |                       0000100000 |                      00000010000
               TRANS_M_C |                       0001000000 |                      01000000000
                MEM_SWAP |                       0010000000 |                      00100000000
                IN_LAYER |                       0100000000 |                      00001000000
              NEXT_STAGE |                       1000000000 |                      00010000000
---------------------------------------------------------------------------------------------------
INFO: [Synth 8-3354] encoded FSM with state register 'addr_stage_reg' using encoding 'one-hot' in module 'rd_fsm_control'
---------------------------------------------------------------------------------------------------
                   State |                     New Encoding |                Previous Encoding 
---------------------------------------------------------------------------------------------------
                    IDLE |                               00 |                               00
                 LOAD_S1 |                               01 |                               01
                 LOAD_S2 |                               10 |                               10
               LOAD_DONE |                               11 |                               11
---------------------------------------------------------------------------------------------------
INFO: [Synth 8-3354] encoded FSM with state register 'point_stage_reg' using encoding 'sequential' in module 'weight_bias_control'
---------------------------------------------------------------------------------------------------
                   State |                     New Encoding |                Previous Encoding 
---------------------------------------------------------------------------------------------------
                    IDLE |                               00 |                               00
                 LOAD_S1 |                               01 |                               01
                 LOAD_S2 |                               10 |                               10
               LOAD_DONE |                               11 |                               11
---------------------------------------------------------------------------------------------------
INFO: [Synth 8-3354] encoded FSM with state register 'bias_stage_reg' using encoding 'sequential' in module 'weight_bias_control'
---------------------------------------------------------------------------------------------------
                   State |                     New Encoding |                Previous Encoding 
---------------------------------------------------------------------------------------------------
                    IDLE |                               00 |                               00
                 LOAD_S1 |                               01 |                               01
                 LOAD_S2 |                               10 |                               10
               LOAD_DONE |                               11 |                               11
---------------------------------------------------------------------------------------------------
INFO: [Synth 8-3354] encoded FSM with state register 'depth_stage_reg' using encoding 'sequential' in module 'weight_bias_control'
INFO: [Synth 8-5555] Implemented Block Ram Cascade chain of height 4 and width 36 for RAM "psum_fifo:/mem_reg"
INFO: [Synth 8-5555] Implemented Block Ram Cascade chain of height 4 and width 36 for RAM "psum_fifo:/mem_reg"
INFO: [Synth 8-5555] Implemented Block Ram Cascade chain of height 4 and width 36 for RAM "psum_fifo:/mem_reg"
INFO: [Synth 8-5555] Implemented Block Ram Cascade chain of height 4 and width 36 for RAM "psum_fifo:/mem_reg"
INFO: [Synth 8-5555] Implemented Block Ram Cascade chain of height 4 and width 36 for RAM "psum_fifo:/mem_reg"
INFO: [Synth 8-5555] Implemented Block Ram Cascade chain of height 4 and width 36 for RAM "psum_fifo:/mem_reg"
INFO: [Synth 8-5555] Implemented Block Ram Cascade chain of height 4 and width 36 for RAM "psum_fifo:/mem_reg"
INFO: [Synth 8-7030] Implemented Non-Cascaded Block Ram (cascade_height = 1) of width 4 for RAM "psum_fifo:/mem_reg"
---------------------------------------------------------------------------------
Finished RTL Optimization Phase 2 : Time (s): cpu = 00:01:25 ; elapsed = 00:01:26 . Memory (MB): peak = 2733.195 ; gain = 1185.012
---------------------------------------------------------------------------------


Incremental Synthesis Report Summary:

1. Incremental synthesis run: no

   Reason for not running incremental synthesis : Design change found in an area of the design that prevents previous synthesis information being used


INFO: [Synth 8-7130] Flow is switching to default flow due to incremental criteria not met. If you would like to alter this behaviour and have the flow terminate instead, please set the following parameter config_implementation {autoIncr.Synth.RejectBehavior Terminate}
---------------------------------------------------------------------------------
Start RTL Component Statistics 
---------------------------------------------------------------------------------
Detailed RTL Component Info : 
+---Adders : 
	   2 Input   64 Bit       Adders := 1     
	   3 Input   36 Bit       Adders := 32    
	   2 Input   36 Bit       Adders := 320   
	   2 Input   34 Bit       Adders := 64    
	   2 Input   33 Bit       Adders := 384   
	   2 Input   32 Bit       Adders := 9     
	   3 Input   32 Bit       Adders := 3     
	   2 Input   17 Bit       Adders := 3     
	   2 Input   16 Bit       Adders := 80    
	   2 Input   14 Bit       Adders := 2     
	   3 Input   14 Bit       Adders := 1     
	   2 Input   13 Bit       Adders := 2     
	   2 Input   12 Bit       Adders := 8     
	   3 Input   12 Bit       Adders := 1     
	   3 Input    8 Bit       Adders := 10    
	   2 Input    8 Bit       Adders := 59    
	   2 Input    6 Bit       Adders := 1     
	   2 Input    5 Bit       Adders := 4     
	   3 Input    4 Bit       Adders := 4     
	   2 Input    4 Bit       Adders := 3     
	   2 Input    3 Bit       Adders := 13    
	   2 Input    2 Bit       Adders := 5     
+---Registers : 
	             4096 Bit    Registers := 2     
	             2304 Bit    Registers := 2     
	              512 Bit    Registers := 1     
	              256 Bit    Registers := 46    
	              192 Bit    Registers := 1     
	               64 Bit    Registers := 217   
	               62 Bit    Registers := 1     
	               60 Bit    Registers := 1     
	               58 Bit    Registers := 1     
	               48 Bit    Registers := 2     
	               36 Bit    Registers := 288   
	               34 Bit    Registers := 64    
	               33 Bit    Registers := 384   
	               32 Bit    Registers := 64    
	               17 Bit    Registers := 3     
	               16 Bit    Registers := 1139  
	               14 Bit    Registers := 3     
	               13 Bit    Registers := 2     
	               12 Bit    Registers := 14    
	               10 Bit    Registers := 4     
	                9 Bit    Registers := 1     
	                8 Bit    Registers := 53    
	                6 Bit    Registers := 2     
	                5 Bit    Registers := 6     
	                4 Bit    Registers := 5     
	                3 Bit    Registers := 12    
	                2 Bit    Registers := 9     
	                1 Bit    Registers := 264   
+---RAMs : 
	            1024K Bit	(4096 X 256 bit)          RAMs := 2     
	             256K Bit	(4096 X 64 bit)          RAMs := 62    
	              64K Bit	(1024 X 64 bit)          RAMs := 16    
	              16K Bit	(256 X 64 bit)          RAMs := 9     
+---Muxes : 
	   2 Input 4096 Bit        Muxes := 2     
	   4 Input 4096 Bit        Muxes := 4     
	  12 Input 1024 Bit        Muxes := 1     
	   2 Input  512 Bit        Muxes := 1     
	  12 Input  512 Bit        Muxes := 5     
	   2 Input  256 Bit        Muxes := 16    
	  14 Input  256 Bit        Muxes := 1     
	   5 Input  256 Bit        Muxes := 1     
	   4 Input   64 Bit        Muxes := 3     
	   2 Input   64 Bit        Muxes := 11    
	   5 Input   64 Bit        Muxes := 2     
	  12 Input   48 Bit        Muxes := 1     
	   2 Input   48 Bit        Muxes := 1     
	   2 Input   36 Bit        Muxes := 32    
	   2 Input   16 Bit        Muxes := 762   
	   3 Input   16 Bit        Muxes := 83    
	   4 Input   16 Bit        Muxes := 6     
	  15 Input   16 Bit        Muxes := 1     
	  13 Input   16 Bit        Muxes := 1     
	   5 Input   16 Bit        Muxes := 2     
	   2 Input   14 Bit        Muxes := 2     
	  10 Input   14 Bit        Muxes := 2     
	   5 Input   13 Bit        Muxes := 2     
	   2 Input   13 Bit        Muxes := 2     
	  12 Input   13 Bit        Muxes := 2     
	  13 Input   13 Bit        Muxes := 1     
	   2 Input   12 Bit        Muxes := 13    
	   4 Input   12 Bit        Muxes := 3     
	  12 Input   12 Bit        Muxes := 8     
	  13 Input   12 Bit        Muxes := 4     
	  10 Input   10 Bit        Muxes := 1     
	   2 Input   10 Bit        Muxes := 9     
	   2 Input    9 Bit        Muxes := 1     
	   5 Input    9 Bit        Muxes := 1     
	   2 Input    8 Bit        Muxes := 8     
	  15 Input    8 Bit        Muxes := 2     
	  12 Input    8 Bit        Muxes := 3     
	  11 Input    8 Bit        Muxes := 1     
	  13 Input    8 Bit        Muxes := 4     
	  10 Input    8 Bit        Muxes := 2     
	   5 Input    8 Bit        Muxes := 2     
	  11 Input    6 Bit        Muxes := 1     
	   2 Input    6 Bit        Muxes := 2     
	  13 Input    6 Bit        Muxes := 1     
	   5 Input    6 Bit        Muxes := 1     
	   2 Input    5 Bit        Muxes := 5     
	  13 Input    5 Bit        Muxes := 2     
	   5 Input    5 Bit        Muxes := 1     
	   4 Input    4 Bit        Muxes := 7     
	  11 Input    4 Bit        Muxes := 1     
	  13 Input    4 Bit        Muxes := 1     
	   2 Input    4 Bit        Muxes := 4     
	  10 Input    4 Bit        Muxes := 1     
	   2 Input    3 Bit        Muxes := 32    
	   3 Input    3 Bit        Muxes := 2     
	   4 Input    3 Bit        Muxes := 4     
	  12 Input    3 Bit        Muxes := 1     
	  13 Input    3 Bit        Muxes := 4     
	   5 Input    3 Bit        Muxes := 1     
	   2 Input    2 Bit        Muxes := 14    
	   3 Input    2 Bit        Muxes := 2     
	   4 Input    2 Bit        Muxes := 6     
	  10 Input    2 Bit        Muxes := 1     
	  13 Input    2 Bit        Muxes := 1     
	   2 Input    1 Bit        Muxes := 106   
	   4 Input    1 Bit        Muxes := 33    
	   3 Input    1 Bit        Muxes := 2     
	  12 Input    1 Bit        Muxes := 1     
	  10 Input    1 Bit        Muxes := 18    
	  13 Input    1 Bit        Muxes := 1     
	   5 Input    1 Bit        Muxes := 11    
---------------------------------------------------------------------------------
Finished RTL Component Statistics 
---------------------------------------------------------------------------------
---------------------------------------------------------------------------------
Start Part Resource Summary
---------------------------------------------------------------------------------
Part Resources:
DSPs: 1248 (col length:96)
BRAMs: 288 (col length: RAMB18 96 RAMB36 48)
---------------------------------------------------------------------------------
Finished Part Resource Summary
---------------------------------------------------------------------------------
---------------------------------------------------------------------------------
Start Cross Boundary and Area Optimization
---------------------------------------------------------------------------------
DSP Report: Generating DSP p_reg_reg[7], operation Mode is: (A2*B2)'.
DSP Report: register w_in_reg[7] is absorbed into DSP p_reg_reg[7].
DSP Report: register p_in_reg[7] is absorbed into DSP p_reg_reg[7].
DSP Report: register p_reg_reg[7] is absorbed into DSP p_reg_reg[7].
DSP Report: register prod_reg[7] is absorbed into DSP p_reg_reg[7].
DSP Report: operator p_0_out is absorbed into DSP p_reg_reg[7].
DSP Report: Generating DSP p_reg_reg[6], operation Mode is: (A2*B2)'.
DSP Report: register w_in_reg[6] is absorbed into DSP p_reg_reg[6].
DSP Report: register p_in_reg[6] is absorbed into DSP p_reg_reg[6].
DSP Report: register p_reg_reg[6] is absorbed into DSP p_reg_reg[6].
DSP Report: register prod_reg[6] is absorbed into DSP p_reg_reg[6].
DSP Report: operator p_0_out is absorbed into DSP p_reg_reg[6].
DSP Report: Generating DSP p_reg_reg[5], operation Mode is: (A2*B2)'.
DSP Report: register w_in_reg[5] is absorbed into DSP p_reg_reg[5].
DSP Report: register p_in_reg[5] is absorbed into DSP p_reg_reg[5].
DSP Report: register p_reg_reg[5] is absorbed into DSP p_reg_reg[5].
DSP Report: register prod_reg[5] is absorbed into DSP p_reg_reg[5].
DSP Report: operator p_0_out is absorbed into DSP p_reg_reg[5].
DSP Report: Generating DSP p_reg_reg[4], operation Mode is: (A2*B2)'.
DSP Report: register w_in_reg[4] is absorbed into DSP p_reg_reg[4].
DSP Report: register p_in_reg[4] is absorbed into DSP p_reg_reg[4].
DSP Report: register p_reg_reg[4] is absorbed into DSP p_reg_reg[4].
DSP Report: register prod_reg[4] is absorbed into DSP p_reg_reg[4].
DSP Report: operator p_0_out is absorbed into DSP p_reg_reg[4].
DSP Report: Generating DSP p_reg_reg[8], operation Mode is: (A2*B2)'.
DSP Report: register w_in_reg[8] is absorbed into DSP p_reg_reg[8].
DSP Report: register p_in_reg[8] is absorbed into DSP p_reg_reg[8].
DSP Report: register p_reg_reg[8] is absorbed into DSP p_reg_reg[8].
DSP Report: register prod_reg[8] is absorbed into DSP p_reg_reg[8].
DSP Report: operator p_0_out is absorbed into DSP p_reg_reg[8].
DSP Report: Generating DSP p_reg_reg[3], operation Mode is: (A2*B2)'.
DSP Report: register w_in_reg[3] is absorbed into DSP p_reg_reg[3].
DSP Report: register p_in_reg[3] is absorbed into DSP p_reg_reg[3].
DSP Report: register p_reg_reg[3] is absorbed into DSP p_reg_reg[3].
DSP Report: register prod_reg[3] is absorbed into DSP p_reg_reg[3].
DSP Report: operator p_0_out is absorbed into DSP p_reg_reg[3].
DSP Report: Generating DSP p_reg_reg[2], operation Mode is: (A2*B2)'.
DSP Report: register w_in_reg[2] is absorbed into DSP p_reg_reg[2].
DSP Report: register p_in_reg[2] is absorbed into DSP p_reg_reg[2].
DSP Report: register p_reg_reg[2] is absorbed into DSP p_reg_reg[2].
DSP Report: register prod_reg[2] is absorbed into DSP p_reg_reg[2].
DSP Report: operator p_0_out is absorbed into DSP p_reg_reg[2].
DSP Report: Generating DSP p_reg_reg[1], operation Mode is: (A2*B2)'.
DSP Report: register w_in_reg[1] is absorbed into DSP p_reg_reg[1].
DSP Report: register p_in_reg[1] is absorbed into DSP p_reg_reg[1].
DSP Report: register p_reg_reg[1] is absorbed into DSP p_reg_reg[1].
DSP Report: register prod_reg[1] is absorbed into DSP p_reg_reg[1].
DSP Report: operator p_0_out is absorbed into DSP p_reg_reg[1].
DSP Report: Generating DSP p_reg_reg[0], operation Mode is: (A2*B2)'.
DSP Report: register w_in_reg[0] is absorbed into DSP p_reg_reg[0].
DSP Report: register p_in_reg[0] is absorbed into DSP p_reg_reg[0].
DSP Report: register p_reg_reg[0] is absorbed into DSP p_reg_reg[0].
DSP Report: register prod_reg[0] is absorbed into DSP p_reg_reg[0].
DSP Report: operator p_0_out is absorbed into DSP p_reg_reg[0].
DSP Report: Generating DSP p_reg_reg[7], operation Mode is: (A2*B2)'.
DSP Report: register w_in_reg[7] is absorbed into DSP p_reg_reg[7].
DSP Report: register p_in_reg[7] is absorbed into DSP p_reg_reg[7].
DSP Report: register p_reg_reg[7] is absorbed into DSP p_reg_reg[7].
DSP Report: register prod_reg[7] is absorbed into DSP p_reg_reg[7].
DSP Report: operator p_0_out is absorbed into DSP p_reg_reg[7].
DSP Report: Generating DSP p_reg_reg[6], operation Mode is: (A2*B2)'.
DSP Report: register w_in_reg[6] is absorbed into DSP p_reg_reg[6].
DSP Report: register p_in_reg[6] is absorbed into DSP p_reg_reg[6].
DSP Report: register p_reg_reg[6] is absorbed into DSP p_reg_reg[6].
DSP Report: register prod_reg[6] is absorbed into DSP p_reg_reg[6].
DSP Report: operator p_0_out is absorbed into DSP p_reg_reg[6].
DSP Report: Generating DSP p_reg_reg[5], operation Mode is: (A2*B2)'.
DSP Report: register w_in_reg[5] is absorbed into DSP p_reg_reg[5].
DSP Report: register p_in_reg[5] is absorbed into DSP p_reg_reg[5].
DSP Report: register p_reg_reg[5] is absorbed into DSP p_reg_reg[5].
DSP Report: register prod_reg[5] is absorbed into DSP p_reg_reg[5].
DSP Report: operator p_0_out is absorbed into DSP p_reg_reg[5].
DSP Report: Generating DSP p_reg_reg[4], operation Mode is: (A2*B2)'.
DSP Report: register w_in_reg[4] is absorbed into DSP p_reg_reg[4].
DSP Report: register p_in_reg[4] is absorbed into DSP p_reg_reg[4].
DSP Report: register p_reg_reg[4] is absorbed into DSP p_reg_reg[4].
DSP Report: register prod_reg[4] is absorbed into DSP p_reg_reg[4].
DSP Report: operator p_0_out is absorbed into DSP p_reg_reg[4].
DSP Report: Generating DSP p_reg_reg[8], operation Mode is: (A2*B2)'.
DSP Report: register w_in_reg[8] is absorbed into DSP p_reg_reg[8].
DSP Report: register p_in_reg[8] is absorbed into DSP p_reg_reg[8].
DSP Report: register p_reg_reg[8] is absorbed into DSP p_reg_reg[8].
DSP Report: register prod_reg[8] is absorbed into DSP p_reg_reg[8].
DSP Report: operator p_0_out is absorbed into DSP p_reg_reg[8].
DSP Report: Generating DSP p_reg_reg[3], operation Mode is: (A2*B2)'.
DSP Report: register w_in_reg[3] is absorbed into DSP p_reg_reg[3].
DSP Report: register p_in_reg[3] is absorbed into DSP p_reg_reg[3].
DSP Report: register p_reg_reg[3] is absorbed into DSP p_reg_reg[3].
DSP Report: register prod_reg[3] is absorbed into DSP p_reg_reg[3].
DSP Report: operator p_0_out is absorbed into DSP p_reg_reg[3].
DSP Report: Generating DSP p_reg_reg[2], operation Mode is: (A2*B2)'.
DSP Report: register w_in_reg[2] is absorbed into DSP p_reg_reg[2].
DSP Report: register p_in_reg[2] is absorbed into DSP p_reg_reg[2].
DSP Report: register p_reg_reg[2] is absorbed into DSP p_reg_reg[2].
DSP Report: register prod_reg[2] is absorbed into DSP p_reg_reg[2].
DSP Report: operator p_0_out is absorbed into DSP p_reg_reg[2].
DSP Report: Generating DSP p_reg_reg[1], operation Mode is: (A2*B2)'.
DSP Report: register w_in_reg[1] is absorbed into DSP p_reg_reg[1].
DSP Report: register p_in_reg[1] is absorbed into DSP p_reg_reg[1].
DSP Report: register p_reg_reg[1] is absorbed into DSP p_reg_reg[1].
DSP Report: register prod_reg[1] is absorbed into DSP p_reg_reg[1].
DSP Report: operator p_0_out is absorbed into DSP p_reg_reg[1].
DSP Report: Generating DSP p_reg_reg[0], operation Mode is: (A2*B2)'.
DSP Report: register w_in_reg[0] is absorbed into DSP p_reg_reg[0].
DSP Report: register p_in_reg[0] is absorbed into DSP p_reg_reg[0].
DSP Report: register p_reg_reg[0] is absorbed into DSP p_reg_reg[0].
DSP Report: register prod_reg[0] is absorbed into DSP p_reg_reg[0].
DSP Report: operator p_0_out is absorbed into DSP p_reg_reg[0].
DSP Report: Generating DSP p_reg_reg[7], operation Mode is: (A2*B2)'.
DSP Report: register w_in_reg[7] is absorbed into DSP p_reg_reg[7].
DSP Report: register p_in_reg[7] is absorbed into DSP p_reg_reg[7].
DSP Report: register p_reg_reg[7] is absorbed into DSP p_reg_reg[7].
DSP Report: register prod_reg[7] is absorbed into DSP p_reg_reg[7].
DSP Report: operator p_0_out is absorbed into DSP p_reg_reg[7].
DSP Report: Generating DSP p_reg_reg[6], operation Mode is: (A2*B2)'.
DSP Report: register w_in_reg[6] is absorbed into DSP p_reg_reg[6].
DSP Report: register p_in_reg[6] is absorbed into DSP p_reg_reg[6].
DSP Report: register p_reg_reg[6] is absorbed into DSP p_reg_reg[6].
DSP Report: register prod_reg[6] is absorbed into DSP p_reg_reg[6].
DSP Report: operator p_0_out is absorbed into DSP p_reg_reg[6].
DSP Report: Generating DSP p_reg_reg[5], operation Mode is: (A2*B2)'.
DSP Report: register w_in_reg[5] is absorbed into DSP p_reg_reg[5].
DSP Report: register p_in_reg[5] is absorbed into DSP p_reg_reg[5].
DSP Report: register p_reg_reg[5] is absorbed into DSP p_reg_reg[5].
DSP Report: register prod_reg[5] is absorbed into DSP p_reg_reg[5].
DSP Report: operator p_0_out is absorbed into DSP p_reg_reg[5].
DSP Report: Generating DSP p_reg_reg[4], operation Mode is: (A2*B2)'.
DSP Report: register w_in_reg[4] is absorbed into DSP p_reg_reg[4].
DSP Report: register p_in_reg[4] is absorbed into DSP p_reg_reg[4].
DSP Report: register p_reg_reg[4] is absorbed into DSP p_reg_reg[4].
DSP Report: register prod_reg[4] is absorbed into DSP p_reg_reg[4].
DSP Report: operator p_0_out is absorbed into DSP p_reg_reg[4].
DSP Report: Generating DSP p_reg_reg[8], operation Mode is: (A2*B2)'.
DSP Report: register w_in_reg[8] is absorbed into DSP p_reg_reg[8].
DSP Report: register p_in_reg[8] is absorbed into DSP p_reg_reg[8].
DSP Report: register p_reg_reg[8] is absorbed into DSP p_reg_reg[8].
DSP Report: register prod_reg[8] is absorbed into DSP p_reg_reg[8].
DSP Report: operator p_0_out is absorbed into DSP p_reg_reg[8].
DSP Report: Generating DSP p_reg_reg[3], operation Mode is: (A2*B2)'.
DSP Report: register w_in_reg[3] is absorbed into DSP p_reg_reg[3].
DSP Report: register p_in_reg[3] is absorbed into DSP p_reg_reg[3].
DSP Report: register p_reg_reg[3] is absorbed into DSP p_reg_reg[3].
DSP Report: register prod_reg[3] is absorbed into DSP p_reg_reg[3].
DSP Report: operator p_0_out is absorbed into DSP p_reg_reg[3].
DSP Report: Generating DSP p_reg_reg[2], operation Mode is: (A2*B2)'.
DSP Report: register w_in_reg[2] is absorbed into DSP p_reg_reg[2].
DSP Report: register p_in_reg[2] is absorbed into DSP p_reg_reg[2].
DSP Report: register p_reg_reg[2] is absorbed into DSP p_reg_reg[2].
DSP Report: register prod_reg[2] is absorbed into DSP p_reg_reg[2].
DSP Report: operator p_0_out is absorbed into DSP p_reg_reg[2].
DSP Report: Generating DSP p_reg_reg[1], operation Mode is: (A2*B2)'.
DSP Report: register w_in_reg[1] is absorbed into DSP p_reg_reg[1].
DSP Report: register p_in_reg[1] is absorbed into DSP p_reg_reg[1].
DSP Report: register p_reg_reg[1] is absorbed into DSP p_reg_reg[1].
DSP Report: register prod_reg[1] is absorbed into DSP p_reg_reg[1].
DSP Report: operator p_0_out is absorbed into DSP p_reg_reg[1].
DSP Report: Generating DSP p_reg_reg[0], operation Mode is: (A2*B2)'.
DSP Report: register w_in_reg[0] is absorbed into DSP p_reg_reg[0].
DSP Report: register p_in_reg[0] is absorbed into DSP p_reg_reg[0].
DSP Report: register p_reg_reg[0] is absorbed into DSP p_reg_reg[0].
DSP Report: register prod_reg[0] is absorbed into DSP p_reg_reg[0].
DSP Report: operator p_0_out is absorbed into DSP p_reg_reg[0].
DSP Report: Generating DSP p_reg_reg[7], operation Mode is: (A2*B2)'.
DSP Report: register w_in_reg[7] is absorbed into DSP p_reg_reg[7].
DSP Report: register p_in_reg[7] is absorbed into DSP p_reg_reg[7].
DSP Report: register p_reg_reg[7] is absorbed into DSP p_reg_reg[7].
DSP Report: register prod_reg[7] is absorbed into DSP p_reg_reg[7].
DSP Report: operator p_0_out is absorbed into DSP p_reg_reg[7].
DSP Report: Generating DSP p_reg_reg[6], operation Mode is: (A2*B2)'.
DSP Report: register w_in_reg[6] is absorbed into DSP p_reg_reg[6].
DSP Report: register p_in_reg[6] is absorbed into DSP p_reg_reg[6].
DSP Report: register p_reg_reg[6] is absorbed into DSP p_reg_reg[6].
DSP Report: register prod_reg[6] is absorbed into DSP p_reg_reg[6].
DSP Report: operator p_0_out is absorbed into DSP p_reg_reg[6].
DSP Report: Generating DSP p_reg_reg[5], operation Mode is: (A2*B2)'.
DSP Report: register w_in_reg[5] is absorbed into DSP p_reg_reg[5].
DSP Report: register p_in_reg[5] is absorbed into DSP p_reg_reg[5].
DSP Report: register p_reg_reg[5] is absorbed into DSP p_reg_reg[5].
DSP Report: register prod_reg[5] is absorbed into DSP p_reg_reg[5].
DSP Report: operator p_0_out is absorbed into DSP p_reg_reg[5].
DSP Report: Generating DSP p_reg_reg[4], operation Mode is: (A2*B2)'.
DSP Report: register w_in_reg[4] is absorbed into DSP p_reg_reg[4].
DSP Report: register p_in_reg[4] is absorbed into DSP p_reg_reg[4].
DSP Report: register p_reg_reg[4] is absorbed into DSP p_reg_reg[4].
DSP Report: register prod_reg[4] is absorbed into DSP p_reg_reg[4].
DSP Report: operator p_0_out is absorbed into DSP p_reg_reg[4].
DSP Report: Generating DSP p_reg_reg[8], operation Mode is: (A2*B2)'.
DSP Report: register w_in_reg[8] is absorbed into DSP p_reg_reg[8].
DSP Report: register p_in_reg[8] is absorbed into DSP p_reg_reg[8].
DSP Report: register p_reg_reg[8] is absorbed into DSP p_reg_reg[8].
DSP Report: register prod_reg[8] is absorbed into DSP p_reg_reg[8].
DSP Report: operator p_0_out is absorbed into DSP p_reg_reg[8].
DSP Report: Generating DSP p_reg_reg[3], operation Mode is: (A2*B2)'.
DSP Report: register w_in_reg[3] is absorbed into DSP p_reg_reg[3].
DSP Report: register p_in_reg[3] is absorbed into DSP p_reg_reg[3].
DSP Report: register p_reg_reg[3] is absorbed into DSP p_reg_reg[3].
DSP Report: register prod_reg[3] is absorbed into DSP p_reg_reg[3].
DSP Report: operator p_0_out is absorbed into DSP p_reg_reg[3].
DSP Report: Generating DSP p_reg_reg[2], operation Mode is: (A2*B2)'.
DSP Report: register w_in_reg[2] is absorbed into DSP p_reg_reg[2].
DSP Report: register p_in_reg[2] is absorbed into DSP p_reg_reg[2].
DSP Report: register p_reg_reg[2] is absorbed into DSP p_reg_reg[2].
DSP Report: register prod_reg[2] is absorbed into DSP p_reg_reg[2].
DSP Report: operator p_0_out is absorbed into DSP p_reg_reg[2].
DSP Report: Generating DSP p_reg_reg[1], operation Mode is: (A2*B2)'.
DSP Report: register w_in_reg[1] is absorbed into DSP p_reg_reg[1].
DSP Report: register p_in_reg[1] is absorbed into DSP p_reg_reg[1].
DSP Report: register p_reg_reg[1] is absorbed into DSP p_reg_reg[1].
DSP Report: register prod_reg[1] is absorbed into DSP p_reg_reg[1].
DSP Report: operator p_0_out is absorbed into DSP p_reg_reg[1].
DSP Report: Generating DSP p_reg_reg[0], operation Mode is: (A2*B2)'.
DSP Report: register w_in_reg[0] is absorbed into DSP p_reg_reg[0].
DSP Report: register p_in_reg[0] is absorbed into DSP p_reg_reg[0].
DSP Report: register p_reg_reg[0] is absorbed into DSP p_reg_reg[0].
DSP Report: register prod_reg[0] is absorbed into DSP p_reg_reg[0].
DSP Report: operator p_0_out is absorbed into DSP p_reg_reg[0].
DSP Report: Generating DSP p_reg_reg[7], operation Mode is: (A2*B2)'.
DSP Report: register w_in_reg[7] is absorbed into DSP p_reg_reg[7].
DSP Report: register p_in_reg[7] is absorbed into DSP p_reg_reg[7].
DSP Report: register p_reg_reg[7] is absorbed into DSP p_reg_reg[7].
DSP Report: register prod_reg[7] is absorbed into DSP p_reg_reg[7].
DSP Report: operator p_0_out is absorbed into DSP p_reg_reg[7].
DSP Report: Generating DSP p_reg_reg[6], operation Mode is: (A2*B2)'.
DSP Report: register w_in_reg[6] is absorbed into DSP p_reg_reg[6].
DSP Report: register p_in_reg[6] is absorbed into DSP p_reg_reg[6].
DSP Report: register p_reg_reg[6] is absorbed into DSP p_reg_reg[6].
DSP Report: register prod_reg[6] is absorbed into DSP p_reg_reg[6].
DSP Report: operator p_0_out is absorbed into DSP p_reg_reg[6].
DSP Report: Generating DSP p_reg_reg[5], operation Mode is: (A2*B2)'.
DSP Report: register w_in_reg[5] is absorbed into DSP p_reg_reg[5].
DSP Report: register p_in_reg[5] is absorbed into DSP p_reg_reg[5].
DSP Report: register p_reg_reg[5] is absorbed into DSP p_reg_reg[5].
DSP Report: register prod_reg[5] is absorbed into DSP p_reg_reg[5].
DSP Report: operator p_0_out is absorbed into DSP p_reg_reg[5].
DSP Report: Generating DSP p_reg_reg[4], operation Mode is: (A2*B2)'.
DSP Report: register w_in_reg[4] is absorbed into DSP p_reg_reg[4].
DSP Report: register p_in_reg[4] is absorbed into DSP p_reg_reg[4].
DSP Report: register p_reg_reg[4] is absorbed into DSP p_reg_reg[4].
DSP Report: register prod_reg[4] is absorbed into DSP p_reg_reg[4].
DSP Report: operator p_0_out is absorbed into DSP p_reg_reg[4].
DSP Report: Generating DSP p_reg_reg[8], operation Mode is: (A2*B2)'.
DSP Report: register w_in_reg[8] is absorbed into DSP p_reg_reg[8].
DSP Report: register p_in_reg[8] is absorbed into DSP p_reg_reg[8].
DSP Report: register p_reg_reg[8] is absorbed into DSP p_reg_reg[8].
DSP Report: register prod_reg[8] is absorbed into DSP p_reg_reg[8].
DSP Report: operator p_0_out is absorbed into DSP p_reg_reg[8].
DSP Report: Generating DSP p_reg_reg[3], operation Mode is: (A2*B2)'.
DSP Report: register w_in_reg[3] is absorbed into DSP p_reg_reg[3].
DSP Report: register p_in_reg[3] is absorbed into DSP p_reg_reg[3].
DSP Report: register p_reg_reg[3] is absorbed into DSP p_reg_reg[3].
DSP Report: register prod_reg[3] is absorbed into DSP p_reg_reg[3].
DSP Report: operator p_0_out is absorbed into DSP p_reg_reg[3].
DSP Report: Generating DSP p_reg_reg[2], operation Mode is: (A2*B2)'.
DSP Report: register w_in_reg[2] is absorbed into DSP p_reg_reg[2].
DSP Report: register p_in_reg[2] is absorbed into DSP p_reg_reg[2].
DSP Report: register p_reg_reg[2] is absorbed into DSP p_reg_reg[2].
DSP Report: register prod_reg[2] is absorbed into DSP p_reg_reg[2].
DSP Report: operator p_0_out is absorbed into DSP p_reg_reg[2].
DSP Report: Generating DSP p_reg_reg[1], operation Mode is: (A2*B2)'.
DSP Report: register w_in_reg[1] is absorbed into DSP p_reg_reg[1].
DSP Report: register p_in_reg[1] is absorbed into DSP p_reg_reg[1].
DSP Report: register p_reg_reg[1] is absorbed into DSP p_reg_reg[1].
DSP Report: register prod_reg[1] is absorbed into DSP p_reg_reg[1].
DSP Report: operator p_0_out is absorbed into DSP p_reg_reg[1].
DSP Report: Generating DSP p_reg_reg[0], operation Mode is: (A2*B2)'.
DSP Report: register w_in_reg[0] is absorbed into DSP p_reg_reg[0].
DSP Report: register p_in_reg[0] is absorbed into DSP p_reg_reg[0].
DSP Report: register p_reg_reg[0] is absorbed into DSP p_reg_reg[0].
DSP Report: register prod_reg[0] is absorbed into DSP p_reg_reg[0].
DSP Report: operator p_0_out is absorbed into DSP p_reg_reg[0].
DSP Report: Generating DSP mult_reg_pipe_reg[6][15], operation Mode is: (A2*B2)'.
DSP Report: register weight_reg_reg[6][15] is absorbed into DSP mult_reg_pipe_reg[6][15].
DSP Report: register feature_reg_reg[15] is absorbed into DSP mult_reg_pipe_reg[6][15].
DSP Report: register mult_reg_pipe_reg[6][15] is absorbed into DSP mult_reg_pipe_reg[6][15].
DSP Report: register mult_reg_reg[6][15] is absorbed into DSP mult_reg_pipe_reg[6][15].
DSP Report: operator p_0_out is absorbed into DSP mult_reg_pipe_reg[6][15].
DSP Report: Generating DSP mult_reg_pipe_reg[6][14], operation Mode is: (A2*B2)'.
DSP Report: register weight_reg_reg[6][14] is absorbed into DSP mult_reg_pipe_reg[6][14].
DSP Report: register feature_reg_reg[14] is absorbed into DSP mult_reg_pipe_reg[6][14].
DSP Report: register mult_reg_pipe_reg[6][14] is absorbed into DSP mult_reg_pipe_reg[6][14].
DSP Report: register mult_reg_reg[6][14] is absorbed into DSP mult_reg_pipe_reg[6][14].
DSP Report: operator p_0_out is absorbed into DSP mult_reg_pipe_reg[6][14].
DSP Report: Generating DSP mult_reg_pipe_reg[6][13], operation Mode is: (A2*B2)'.
DSP Report: register weight_reg_reg[6][13] is absorbed into DSP mult_reg_pipe_reg[6][13].
DSP Report: register feature_reg_reg[13] is absorbed into DSP mult_reg_pipe_reg[6][13].
DSP Report: register mult_reg_pipe_reg[6][13] is absorbed into DSP mult_reg_pipe_reg[6][13].
DSP Report: register mult_reg_reg[6][13] is absorbed into DSP mult_reg_pipe_reg[6][13].
DSP Report: operator p_0_out is absorbed into DSP mult_reg_pipe_reg[6][13].
DSP Report: Generating DSP mult_reg_pipe_reg[6][12], operation Mode is: (A2*B2)'.
DSP Report: register weight_reg_reg[6][12] is absorbed into DSP mult_reg_pipe_reg[6][12].
DSP Report: register feature_reg_reg[12] is absorbed into DSP mult_reg_pipe_reg[6][12].
DSP Report: register mult_reg_pipe_reg[6][12] is absorbed into DSP mult_reg_pipe_reg[6][12].
DSP Report: register mult_reg_reg[6][12] is absorbed into DSP mult_reg_pipe_reg[6][12].
DSP Report: operator p_0_out is absorbed into DSP mult_reg_pipe_reg[6][12].
DSP Report: Generating DSP mult_reg_pipe_reg[11][15], operation Mode is: (A2*B2)'.
DSP Report: register weight_reg_reg[11][15] is absorbed into DSP mult_reg_pipe_reg[11][15].
DSP Report: register feature_reg_reg[15] is absorbed into DSP mult_reg_pipe_reg[11][15].
DSP Report: register mult_reg_pipe_reg[11][15] is absorbed into DSP mult_reg_pipe_reg[11][15].
DSP Report: register mult_reg_reg[11][15] is absorbed into DSP mult_reg_pipe_reg[11][15].
DSP Report: operator p_0_out is absorbed into DSP mult_reg_pipe_reg[11][15].
DSP Report: Generating DSP mult_reg_pipe_reg[11][14], operation Mode is: (A2*B2)'.
DSP Report: register weight_reg_reg[11][14] is absorbed into DSP mult_reg_pipe_reg[11][14].
DSP Report: register feature_reg_reg[14] is absorbed into DSP mult_reg_pipe_reg[11][14].
DSP Report: register mult_reg_pipe_reg[11][14] is absorbed into DSP mult_reg_pipe_reg[11][14].
DSP Report: register mult_reg_reg[11][14] is absorbed into DSP mult_reg_pipe_reg[11][14].
DSP Report: operator p_0_out is absorbed into DSP mult_reg_pipe_reg[11][14].
DSP Report: Generating DSP mult_reg_pipe_reg[11][13], operation Mode is: (A2*B2)'.
DSP Report: register weight_reg_reg[11][13] is absorbed into DSP mult_reg_pipe_reg[11][13].
DSP Report: register feature_reg_reg[13] is absorbed into DSP mult_reg_pipe_reg[11][13].
DSP Report: register mult_reg_pipe_reg[11][13] is absorbed into DSP mult_reg_pipe_reg[11][13].
DSP Report: register mult_reg_reg[11][13] is absorbed into DSP mult_reg_pipe_reg[11][13].
DSP Report: operator p_0_out is absorbed into DSP mult_reg_pipe_reg[11][13].
DSP Report: Generating DSP mult_reg_pipe_reg[11][12], operation Mode is: (A2*B2)'.
DSP Report: register weight_reg_reg[11][12] is absorbed into DSP mult_reg_pipe_reg[11][12].
DSP Report: register feature_reg_reg[12] is absorbed into DSP mult_reg_pipe_reg[11][12].
DSP Report: register mult_reg_pipe_reg[11][12] is absorbed into DSP mult_reg_pipe_reg[11][12].
DSP Report: register mult_reg_reg[11][12] is absorbed into DSP mult_reg_pipe_reg[11][12].
DSP Report: operator p_0_out is absorbed into DSP mult_reg_pipe_reg[11][12].
DSP Report: Generating DSP mult_reg_pipe_reg[7][15], operation Mode is: (A2*B2)'.
DSP Report: register weight_reg_reg[7][15] is absorbed into DSP mult_reg_pipe_reg[7][15].
DSP Report: register feature_reg_reg[15] is absorbed into DSP mult_reg_pipe_reg[7][15].
DSP Report: register mult_reg_pipe_reg[7][15] is absorbed into DSP mult_reg_pipe_reg[7][15].
DSP Report: register mult_reg_reg[7][15] is absorbed into DSP mult_reg_pipe_reg[7][15].
DSP Report: operator p_0_out is absorbed into DSP mult_reg_pipe_reg[7][15].
DSP Report: Generating DSP mult_reg_pipe_reg[7][14], operation Mode is: (A2*B2)'.
DSP Report: register weight_reg_reg[7][14] is absorbed into DSP mult_reg_pipe_reg[7][14].
DSP Report: register feature_reg_reg[14] is absorbed into DSP mult_reg_pipe_reg[7][14].
DSP Report: register mult_reg_pipe_reg[7][14] is absorbed into DSP mult_reg_pipe_reg[7][14].
DSP Report: register mult_reg_reg[7][14] is absorbed into DSP mult_reg_pipe_reg[7][14].
DSP Report: operator p_0_out is absorbed into DSP mult_reg_pipe_reg[7][14].
DSP Report: Generating DSP mult_reg_pipe_reg[7][13], operation Mode is: (A2*B2)'.
DSP Report: register weight_reg_reg[7][13] is absorbed into DSP mult_reg_pipe_reg[7][13].
DSP Report: register feature_reg_reg[13] is absorbed into DSP mult_reg_pipe_reg[7][13].
DSP Report: register mult_reg_pipe_reg[7][13] is absorbed into DSP mult_reg_pipe_reg[7][13].
DSP Report: register mult_reg_reg[7][13] is absorbed into DSP mult_reg_pipe_reg[7][13].
DSP Report: operator p_0_out is absorbed into DSP mult_reg_pipe_reg[7][13].
DSP Report: Generating DSP mult_reg_pipe_reg[7][12], operation Mode is: (A2*B2)'.
DSP Report: register weight_reg_reg[7][12] is absorbed into DSP mult_reg_pipe_reg[7][12].
DSP Report: register feature_reg_reg[12] is absorbed into DSP mult_reg_pipe_reg[7][12].
DSP Report: register mult_reg_pipe_reg[7][12] is absorbed into DSP mult_reg_pipe_reg[7][12].
DSP Report: register mult_reg_reg[7][12] is absorbed into DSP mult_reg_pipe_reg[7][12].
DSP Report: operator p_0_out is absorbed into DSP mult_reg_pipe_reg[7][12].
DSP Report: Generating DSP mult_reg_pipe_reg[5][15], operation Mode is: (A2*B2)'.
DSP Report: register weight_reg_reg[5][15] is absorbed into DSP mult_reg_pipe_reg[5][15].
DSP Report: register feature_reg_reg[15] is absorbed into DSP mult_reg_pipe_reg[5][15].
DSP Report: register mult_reg_pipe_reg[5][15] is absorbed into DSP mult_reg_pipe_reg[5][15].
DSP Report: register mult_reg_reg[5][15] is absorbed into DSP mult_reg_pipe_reg[5][15].
DSP Report: operator p_0_out is absorbed into DSP mult_reg_pipe_reg[5][15].
DSP Report: Generating DSP mult_reg_pipe_reg[5][14], operation Mode is: (A2*B2)'.
DSP Report: register weight_reg_reg[5][14] is absorbed into DSP mult_reg_pipe_reg[5][14].
DSP Report: register feature_reg_reg[14] is absorbed into DSP mult_reg_pipe_reg[5][14].
DSP Report: register mult_reg_pipe_reg[5][14] is absorbed into DSP mult_reg_pipe_reg[5][14].
DSP Report: register mult_reg_reg[5][14] is absorbed into DSP mult_reg_pipe_reg[5][14].
DSP Report: operator p_0_out is absorbed into DSP mult_reg_pipe_reg[5][14].
DSP Report: Generating DSP mult_reg_pipe_reg[5][13], operation Mode is: (A2*B2)'.
DSP Report: register weight_reg_reg[5][13] is absorbed into DSP mult_reg_pipe_reg[5][13].
DSP Report: register feature_reg_reg[13] is absorbed into DSP mult_reg_pipe_reg[5][13].
DSP Report: register mult_reg_pipe_reg[5][13] is absorbed into DSP mult_reg_pipe_reg[5][13].
DSP Report: register mult_reg_reg[5][13] is absorbed into DSP mult_reg_pipe_reg[5][13].
DSP Report: operator p_0_out is absorbed into DSP mult_reg_pipe_reg[5][13].
DSP Report: Generating DSP mult_reg_pipe_reg[5][12], operation Mode is: (A2*B2)'.
DSP Report: register weight_reg_reg[5][12] is absorbed into DSP mult_reg_pipe_reg[5][12].
DSP Report: register feature_reg_reg[12] is absorbed into DSP mult_reg_pipe_reg[5][12].
DSP Report: register mult_reg_pipe_reg[5][12] is absorbed into DSP mult_reg_pipe_reg[5][12].
DSP Report: register mult_reg_reg[5][12] is absorbed into DSP mult_reg_pipe_reg[5][12].
DSP Report: operator p_0_out is absorbed into DSP mult_reg_pipe_reg[5][12].
DSP Report: Generating DSP mult_reg_pipe_reg[14][15], operation Mode is: (A2*B2)'.
DSP Report: register weight_reg_reg[14][15] is absorbed into DSP mult_reg_pipe_reg[14][15].
DSP Report: register feature_reg_reg[15] is absorbed into DSP mult_reg_pipe_reg[14][15].
DSP Report: register mult_reg_pipe_reg[14][15] is absorbed into DSP mult_reg_pipe_reg[14][15].
DSP Report: register mult_reg_reg[14][15] is absorbed into DSP mult_reg_pipe_reg[14][15].
DSP Report: operator p_0_out is absorbed into DSP mult_reg_pipe_reg[14][15].
DSP Report: Generating DSP mult_reg_pipe_reg[14][14], operation Mode is: (A2*B2)'.
DSP Report: register weight_reg_reg[14][14] is absorbed into DSP mult_reg_pipe_reg[14][14].
DSP Report: register feature_reg_reg[14] is absorbed into DSP mult_reg_pipe_reg[14][14].
DSP Report: register mult_reg_pipe_reg[14][14] is absorbed into DSP mult_reg_pipe_reg[14][14].
DSP Report: register mult_reg_reg[14][14] is absorbed into DSP mult_reg_pipe_reg[14][14].
DSP Report: operator p_0_out is absorbed into DSP mult_reg_pipe_reg[14][14].
DSP Report: Generating DSP mult_reg_pipe_reg[14][13], operation Mode is: (A2*B2)'.
DSP Report: register weight_reg_reg[14][13] is absorbed into DSP mult_reg_pipe_reg[14][13].
DSP Report: register feature_reg_reg[13] is absorbed into DSP mult_reg_pipe_reg[14][13].
DSP Report: register mult_reg_pipe_reg[14][13] is absorbed into DSP mult_reg_pipe_reg[14][13].
DSP Report: register mult_reg_reg[14][13] is absorbed into DSP mult_reg_pipe_reg[14][13].
DSP Report: operator p_0_out is absorbed into DSP mult_reg_pipe_reg[14][13].
DSP Report: Generating DSP mult_reg_pipe_reg[14][12], operation Mode is: (A2*B2)'.
DSP Report: register weight_reg_reg[14][12] is absorbed into DSP mult_reg_pipe_reg[14][12].
DSP Report: register feature_reg_reg[12] is absorbed into DSP mult_reg_pipe_reg[14][12].
DSP Report: register mult_reg_pipe_reg[14][12] is absorbed into DSP mult_reg_pipe_reg[14][12].
DSP Report: register mult_reg_reg[14][12] is absorbed into DSP mult_reg_pipe_reg[14][12].
DSP Report: operator p_0_out is absorbed into DSP mult_reg_pipe_reg[14][12].
DSP Report: Generating DSP mult_reg_pipe_reg[4][15], operation Mode is: (A2*B2)'.
DSP Report: register weight_reg_reg[4][15] is absorbed into DSP mult_reg_pipe_reg[4][15].
DSP Report: register feature_reg_reg[15] is absorbed into DSP mult_reg_pipe_reg[4][15].
DSP Report: register mult_reg_pipe_reg[4][15] is absorbed into DSP mult_reg_pipe_reg[4][15].
DSP Report: register mult_reg_reg[4][15] is absorbed into DSP mult_reg_pipe_reg[4][15].
DSP Report: operator p_0_out is absorbed into DSP mult_reg_pipe_reg[4][15].
DSP Report: Generating DSP mult_reg_pipe_reg[4][14], operation Mode is: (A2*B2)'.
DSP Report: register weight_reg_reg[4][14] is absorbed into DSP mult_reg_pipe_reg[4][14].
DSP Report: register feature_reg_reg[14] is absorbed into DSP mult_reg_pipe_reg[4][14].
DSP Report: register mult_reg_pipe_reg[4][14] is absorbed into DSP mult_reg_pipe_reg[4][14].
DSP Report: register mult_reg_reg[4][14] is absorbed into DSP mult_reg_pipe_reg[4][14].
DSP Report: operator p_0_out is absorbed into DSP mult_reg_pipe_reg[4][14].
DSP Report: Generating DSP mult_reg_pipe_reg[4][13], operation Mode is: (A2*B2)'.
DSP Report: register weight_reg_reg[4][13] is absorbed into DSP mult_reg_pipe_reg[4][13].
DSP Report: register feature_reg_reg[13] is absorbed into DSP mult_reg_pipe_reg[4][13].
DSP Report: register mult_reg_pipe_reg[4][13] is absorbed into DSP mult_reg_pipe_reg[4][13].
DSP Report: register mult_reg_reg[4][13] is absorbed into DSP mult_reg_pipe_reg[4][13].
DSP Report: operator p_0_out is absorbed into DSP mult_reg_pipe_reg[4][13].
DSP Report: Generating DSP mult_reg_pipe_reg[4][12], operation Mode is: (A2*B2)'.
DSP Report: register weight_reg_reg[4][12] is absorbed into DSP mult_reg_pipe_reg[4][12].
DSP Report: register feature_reg_reg[12] is absorbed into DSP mult_reg_pipe_reg[4][12].
DSP Report: register mult_reg_pipe_reg[4][12] is absorbed into DSP mult_reg_pipe_reg[4][12].
DSP Report: register mult_reg_reg[4][12] is absorbed into DSP mult_reg_pipe_reg[4][12].
DSP Report: operator p_0_out is absorbed into DSP mult_reg_pipe_reg[4][12].
DSP Report: Generating DSP mult_reg_pipe_reg[10][15], operation Mode is: (A2*B2)'.
DSP Report: register weight_reg_reg[10][15] is absorbed into DSP mult_reg_pipe_reg[10][15].
DSP Report: register feature_reg_reg[15] is absorbed into DSP mult_reg_pipe_reg[10][15].
DSP Report: register mult_reg_pipe_reg[10][15] is absorbed into DSP mult_reg_pipe_reg[10][15].
DSP Report: register mult_reg_reg[10][15] is absorbed into DSP mult_reg_pipe_reg[10][15].
DSP Report: operator p_0_out is absorbed into DSP mult_reg_pipe_reg[10][15].
DSP Report: Generating DSP mult_reg_pipe_reg[10][14], operation Mode is: (A2*B2)'.
DSP Report: register weight_reg_reg[10][14] is absorbed into DSP mult_reg_pipe_reg[10][14].
DSP Report: register feature_reg_reg[14] is absorbed into DSP mult_reg_pipe_reg[10][14].
DSP Report: register mult_reg_pipe_reg[10][14] is absorbed into DSP mult_reg_pipe_reg[10][14].
DSP Report: register mult_reg_reg[10][14] is absorbed into DSP mult_reg_pipe_reg[10][14].
DSP Report: operator p_0_out is absorbed into DSP mult_reg_pipe_reg[10][14].
DSP Report: Generating DSP mult_reg_pipe_reg[10][13], operation Mode is: (A2*B2)'.
DSP Report: register weight_reg_reg[10][13] is absorbed into DSP mult_reg_pipe_reg[10][13].
DSP Report: register feature_reg_reg[13] is absorbed into DSP mult_reg_pipe_reg[10][13].
DSP Report: register mult_reg_pipe_reg[10][13] is absorbed into DSP mult_reg_pipe_reg[10][13].
DSP Report: register mult_reg_reg[10][13] is absorbed into DSP mult_reg_pipe_reg[10][13].
DSP Report: operator p_0_out is absorbed into DSP mult_reg_pipe_reg[10][13].
DSP Report: Generating DSP mult_reg_pipe_reg[10][12], operation Mode is: (A2*B2)'.
DSP Report: register weight_reg_reg[10][12] is absorbed into DSP mult_reg_pipe_reg[10][12].
DSP Report: register feature_reg_reg[12] is absorbed into DSP mult_reg_pipe_reg[10][12].
DSP Report: register mult_reg_pipe_reg[10][12] is absorbed into DSP mult_reg_pipe_reg[10][12].
DSP Report: register mult_reg_reg[10][12] is absorbed into DSP mult_reg_pipe_reg[10][12].
DSP Report: operator p_0_out is absorbed into DSP mult_reg_pipe_reg[10][12].
DSP Report: Generating DSP mult_reg_pipe_reg[3][15], operation Mode is: (A2*B2)'.
DSP Report: register weight_reg_reg[3][15] is absorbed into DSP mult_reg_pipe_reg[3][15].
DSP Report: register feature_reg_reg[15] is absorbed into DSP mult_reg_pipe_reg[3][15].
DSP Report: register mult_reg_pipe_reg[3][15] is absorbed into DSP mult_reg_pipe_reg[3][15].
DSP Report: register mult_reg_reg[3][15] is absorbed into DSP mult_reg_pipe_reg[3][15].
DSP Report: operator p_0_out is absorbed into DSP mult_reg_pipe_reg[3][15].
DSP Report: Generating DSP mult_reg_pipe_reg[3][14], operation Mode is: (A2*B2)'.
DSP Report: register weight_reg_reg[3][14] is absorbed into DSP mult_reg_pipe_reg[3][14].
DSP Report: register feature_reg_reg[14] is absorbed into DSP mult_reg_pipe_reg[3][14].
DSP Report: register mult_reg_pipe_reg[3][14] is absorbed into DSP mult_reg_pipe_reg[3][14].
DSP Report: register mult_reg_reg[3][14] is absorbed into DSP mult_reg_pipe_reg[3][14].
DSP Report: operator p_0_out is absorbed into DSP mult_reg_pipe_reg[3][14].
DSP Report: Generating DSP mult_reg_pipe_reg[3][13], operation Mode is: (A2*B2)'.
DSP Report: register weight_reg_reg[3][13] is absorbed into DSP mult_reg_pipe_reg[3][13].
DSP Report: register feature_reg_reg[13] is absorbed into DSP mult_reg_pipe_reg[3][13].
DSP Report: register mult_reg_pipe_reg[3][13] is absorbed into DSP mult_reg_pipe_reg[3][13].
DSP Report: register mult_reg_reg[3][13] is absorbed into DSP mult_reg_pipe_reg[3][13].
DSP Report: operator p_0_out is absorbed into DSP mult_reg_pipe_reg[3][13].
DSP Report: Generating DSP mult_reg_pipe_reg[3][12], operation Mode is: (A2*B2)'.
DSP Report: register weight_reg_reg[3][12] is absorbed into DSP mult_reg_pipe_reg[3][12].
DSP Report: register feature_reg_reg[12] is absorbed into DSP mult_reg_pipe_reg[3][12].
DSP Report: register mult_reg_pipe_reg[3][12] is absorbed into DSP mult_reg_pipe_reg[3][12].
DSP Report: register mult_reg_reg[3][12] is absorbed into DSP mult_reg_pipe_reg[3][12].
DSP Report: operator p_0_out is absorbed into DSP mult_reg_pipe_reg[3][12].
DSP Report: Generating DSP mult_reg_pipe_reg[8][15], operation Mode is: (A2*B2)'.
DSP Report: register weight_reg_reg[8][15] is absorbed into DSP mult_reg_pipe_reg[8][15].
DSP Report: register feature_reg_reg[15] is absorbed into DSP mult_reg_pipe_reg[8][15].
DSP Report: register mult_reg_pipe_reg[8][15] is absorbed into DSP mult_reg_pipe_reg[8][15].
DSP Report: register mult_reg_reg[8][15] is absorbed into DSP mult_reg_pipe_reg[8][15].
DSP Report: operator p_0_out is absorbed into DSP mult_reg_pipe_reg[8][15].
DSP Report: Generating DSP mult_reg_pipe_reg[8][14], operation Mode is: (A2*B2)'.
DSP Report: register weight_reg_reg[8][14] is absorbed into DSP mult_reg_pipe_reg[8][14].
DSP Report: register feature_reg_reg[14] is absorbed into DSP mult_reg_pipe_reg[8][14].
DSP Report: register mult_reg_pipe_reg[8][14] is absorbed into DSP mult_reg_pipe_reg[8][14].
DSP Report: register mult_reg_reg[8][14] is absorbed into DSP mult_reg_pipe_reg[8][14].
DSP Report: operator p_0_out is absorbed into DSP mult_reg_pipe_reg[8][14].
DSP Report: Generating DSP mult_reg_pipe_reg[8][13], operation Mode is: (A2*B2)'.
DSP Report: register weight_reg_reg[8][13] is absorbed into DSP mult_reg_pipe_reg[8][13].
DSP Report: register feature_reg_reg[13] is absorbed into DSP mult_reg_pipe_reg[8][13].
DSP Report: register mult_reg_pipe_reg[8][13] is absorbed into DSP mult_reg_pipe_reg[8][13].
DSP Report: register mult_reg_reg[8][13] is absorbed into DSP mult_reg_pipe_reg[8][13].
DSP Report: operator p_0_out is absorbed into DSP mult_reg_pipe_reg[8][13].
DSP Report: Generating DSP mult_reg_pipe_reg[8][12], operation Mode is: (A2*B2)'.
DSP Report: register weight_reg_reg[8][12] is absorbed into DSP mult_reg_pipe_reg[8][12].
DSP Report: register feature_reg_reg[12] is absorbed into DSP mult_reg_pipe_reg[8][12].
DSP Report: register mult_reg_pipe_reg[8][12] is absorbed into DSP mult_reg_pipe_reg[8][12].
DSP Report: register mult_reg_reg[8][12] is absorbed into DSP mult_reg_pipe_reg[8][12].
DSP Report: operator p_0_out is absorbed into DSP mult_reg_pipe_reg[8][12].
DSP Report: Generating DSP mult_reg_pipe_reg[15][15], operation Mode is: (A2*B2)'.
DSP Report: register weight_reg_reg[15][15] is absorbed into DSP mult_reg_pipe_reg[15][15].
DSP Report: register feature_reg_reg[15] is absorbed into DSP mult_reg_pipe_reg[15][15].
DSP Report: register mult_reg_pipe_reg[15][15] is absorbed into DSP mult_reg_pipe_reg[15][15].
DSP Report: register mult_reg_reg[15][15] is absorbed into DSP mult_reg_pipe_reg[15][15].
DSP Report: operator p_0_out is absorbed into DSP mult_reg_pipe_reg[15][15].
DSP Report: Generating DSP mult_reg_pipe_reg[15][14], operation Mode is: (A2*B2)'.
DSP Report: register weight_reg_reg[15][14] is absorbed into DSP mult_reg_pipe_reg[15][14].
DSP Report: register feature_reg_reg[14] is absorbed into DSP mult_reg_pipe_reg[15][14].
DSP Report: register mult_reg_pipe_reg[15][14] is absorbed into DSP mult_reg_pipe_reg[15][14].
DSP Report: register mult_reg_reg[15][14] is absorbed into DSP mult_reg_pipe_reg[15][14].
DSP Report: operator p_0_out is absorbed into DSP mult_reg_pipe_reg[15][14].
DSP Report: Generating DSP mult_reg_pipe_reg[15][13], operation Mode is: (A2*B2)'.
DSP Report: register weight_reg_reg[15][13] is absorbed into DSP mult_reg_pipe_reg[15][13].
DSP Report: register feature_reg_reg[13] is absorbed into DSP mult_reg_pipe_reg[15][13].
DSP Report: register mult_reg_pipe_reg[15][13] is absorbed into DSP mult_reg_pipe_reg[15][13].
DSP Report: register mult_reg_reg[15][13] is absorbed into DSP mult_reg_pipe_reg[15][13].
DSP Report: operator p_0_out is absorbed into DSP mult_reg_pipe_reg[15][13].
DSP Report: Generating DSP mult_reg_pipe_reg[15][12], operation Mode is: (A2*B2)'.
DSP Report: register weight_reg_reg[15][12] is absorbed into DSP mult_reg_pipe_reg[15][12].
DSP Report: register feature_reg_reg[12] is absorbed into DSP mult_reg_pipe_reg[15][12].
DSP Report: register mult_reg_pipe_reg[15][12] is absorbed into DSP mult_reg_pipe_reg[15][12].
DSP Report: register mult_reg_reg[15][12] is absorbed into DSP mult_reg_pipe_reg[15][12].
DSP Report: operator p_0_out is absorbed into DSP mult_reg_pipe_reg[15][12].
DSP Report: Generating DSP mult_reg_pipe_reg[2][15], operation Mode is: (A2*B2)'.
DSP Report: register weight_reg_reg[2][15] is absorbed into DSP mult_reg_pipe_reg[2][15].
DSP Report: register feature_reg_reg[15] is absorbed into DSP mult_reg_pipe_reg[2][15].
DSP Report: register mult_reg_pipe_reg[2][15] is absorbed into DSP mult_reg_pipe_reg[2][15].
DSP Report: register mult_reg_reg[2][15] is absorbed into DSP mult_reg_pipe_reg[2][15].
DSP Report: operator p_0_out is absorbed into DSP mult_reg_pipe_reg[2][15].
DSP Report: Generating DSP mult_reg_pipe_reg[2][14], operation Mode is: (A2*B2)'.
DSP Report: register weight_reg_reg[2][14] is absorbed into DSP mult_reg_pipe_reg[2][14].
DSP Report: register feature_reg_reg[14] is absorbed into DSP mult_reg_pipe_reg[2][14].
DSP Report: register mult_reg_pipe_reg[2][14] is absorbed into DSP mult_reg_pipe_reg[2][14].
DSP Report: register mult_reg_reg[2][14] is absorbed into DSP mult_reg_pipe_reg[2][14].
DSP Report: operator p_0_out is absorbed into DSP mult_reg_pipe_reg[2][14].
DSP Report: Generating DSP mult_reg_pipe_reg[2][13], operation Mode is: (A2*B2)'.
DSP Report: register weight_reg_reg[2][13] is absorbed into DSP mult_reg_pipe_reg[2][13].
DSP Report: register feature_reg_reg[13] is absorbed into DSP mult_reg_pipe_reg[2][13].
DSP Report: register mult_reg_pipe_reg[2][13] is absorbed into DSP mult_reg_pipe_reg[2][13].
DSP Report: register mult_reg_reg[2][13] is absorbed into DSP mult_reg_pipe_reg[2][13].
DSP Report: operator p_0_out is absorbed into DSP mult_reg_pipe_reg[2][13].
DSP Report: Generating DSP mult_reg_pipe_reg[2][12], operation Mode is: (A2*B2)'.
DSP Report: register weight_reg_reg[2][12] is absorbed into DSP mult_reg_pipe_reg[2][12].
DSP Report: register feature_reg_reg[12] is absorbed into DSP mult_reg_pipe_reg[2][12].
DSP Report: register mult_reg_pipe_reg[2][12] is absorbed into DSP mult_reg_pipe_reg[2][12].
DSP Report: register mult_reg_reg[2][12] is absorbed into DSP mult_reg_pipe_reg[2][12].
DSP Report: operator p_0_out is absorbed into DSP mult_reg_pipe_reg[2][12].
DSP Report: Generating DSP mult_reg_pipe_reg[13][15], operation Mode is: (A2*B2)'.
DSP Report: register weight_reg_reg[13][15] is absorbed into DSP mult_reg_pipe_reg[13][15].
DSP Report: register feature_reg_reg[15] is absorbed into DSP mult_reg_pipe_reg[13][15].
DSP Report: register mult_reg_pipe_reg[13][15] is absorbed into DSP mult_reg_pipe_reg[13][15].
DSP Report: register mult_reg_reg[13][15] is absorbed into DSP mult_reg_pipe_reg[13][15].
DSP Report: operator p_0_out is absorbed into DSP mult_reg_pipe_reg[13][15].
DSP Report: Generating DSP mult_reg_pipe_reg[13][14], operation Mode is: (A2*B2)'.
DSP Report: register weight_reg_reg[13][14] is absorbed into DSP mult_reg_pipe_reg[13][14].
DSP Report: register feature_reg_reg[14] is absorbed into DSP mult_reg_pipe_reg[13][14].
DSP Report: register mult_reg_pipe_reg[13][14] is absorbed into DSP mult_reg_pipe_reg[13][14].
DSP Report: register mult_reg_reg[13][14] is absorbed into DSP mult_reg_pipe_reg[13][14].
DSP Report: operator p_0_out is absorbed into DSP mult_reg_pipe_reg[13][14].
DSP Report: Generating DSP mult_reg_pipe_reg[13][13], operation Mode is: (A2*B2)'.
DSP Report: register weight_reg_reg[13][13] is absorbed into DSP mult_reg_pipe_reg[13][13].
DSP Report: register feature_reg_reg[13] is absorbed into DSP mult_reg_pipe_reg[13][13].
DSP Report: register mult_reg_pipe_reg[13][13] is absorbed into DSP mult_reg_pipe_reg[13][13].
DSP Report: register mult_reg_reg[13][13] is absorbed into DSP mult_reg_pipe_reg[13][13].
DSP Report: operator p_0_out is absorbed into DSP mult_reg_pipe_reg[13][13].
DSP Report: Generating DSP mult_reg_pipe_reg[13][12], operation Mode is: (A2*B2)'.
DSP Report: register weight_reg_reg[13][12] is absorbed into DSP mult_reg_pipe_reg[13][12].
DSP Report: register feature_reg_reg[12] is absorbed into DSP mult_reg_pipe_reg[13][12].
DSP Report: register mult_reg_pipe_reg[13][12] is absorbed into DSP mult_reg_pipe_reg[13][12].
DSP Report: register mult_reg_reg[13][12] is absorbed into DSP mult_reg_pipe_reg[13][12].
DSP Report: operator p_0_out is absorbed into DSP mult_reg_pipe_reg[13][12].
DSP Report: Generating DSP mult_reg_pipe_reg[12][15], operation Mode is: (A2*B2)'.
DSP Report: register weight_reg_reg[12][15] is absorbed into DSP mult_reg_pipe_reg[12][15].
DSP Report: register feature_reg_reg[15] is absorbed into DSP mult_reg_pipe_reg[12][15].
DSP Report: register mult_reg_pipe_reg[12][15] is absorbed into DSP mult_reg_pipe_reg[12][15].
DSP Report: register mult_reg_reg[12][15] is absorbed into DSP mult_reg_pipe_reg[12][15].
DSP Report: operator p_0_out is absorbed into DSP mult_reg_pipe_reg[12][15].
DSP Report: Generating DSP mult_reg_pipe_reg[12][14], operation Mode is: (A2*B2)'.
DSP Report: register weight_reg_reg[12][14] is absorbed into DSP mult_reg_pipe_reg[12][14].
DSP Report: register feature_reg_reg[14] is absorbed into DSP mult_reg_pipe_reg[12][14].
DSP Report: register mult_reg_pipe_reg[12][14] is absorbed into DSP mult_reg_pipe_reg[12][14].
DSP Report: register mult_reg_reg[12][14] is absorbed into DSP mult_reg_pipe_reg[12][14].
DSP Report: operator p_0_out is absorbed into DSP mult_reg_pipe_reg[12][14].
DSP Report: Generating DSP mult_reg_pipe_reg[12][13], operation Mode is: (A2*B2)'.
DSP Report: register weight_reg_reg[12][13] is absorbed into DSP mult_reg_pipe_reg[12][13].
DSP Report: register feature_reg_reg[13] is absorbed into DSP mult_reg_pipe_reg[12][13].
DSP Report: register mult_reg_pipe_reg[12][13] is absorbed into DSP mult_reg_pipe_reg[12][13].
DSP Report: register mult_reg_reg[12][13] is absorbed into DSP mult_reg_pipe_reg[12][13].
DSP Report: operator p_0_out is absorbed into DSP mult_reg_pipe_reg[12][13].
DSP Report: Generating DSP mult_reg_pipe_reg[12][12], operation Mode is: (A2*B2)'.
DSP Report: register weight_reg_reg[12][12] is absorbed into DSP mult_reg_pipe_reg[12][12].
DSP Report: register feature_reg_reg[12] is absorbed into DSP mult_reg_pipe_reg[12][12].
DSP Report: register mult_reg_pipe_reg[12][12] is absorbed into DSP mult_reg_pipe_reg[12][12].
DSP Report: register mult_reg_reg[12][12] is absorbed into DSP mult_reg_pipe_reg[12][12].
DSP Report: operator p_0_out is absorbed into DSP mult_reg_pipe_reg[12][12].
DSP Report: Generating DSP mult_reg_pipe_reg[15][5], operation Mode is: (A2*B2)'.
DSP Report: register weight_reg_reg[15][5] is absorbed into DSP mult_reg_pipe_reg[15][5].
DSP Report: register feature_reg_reg[5] is absorbed into DSP mult_reg_pipe_reg[15][5].
DSP Report: register mult_reg_pipe_reg[15][5] is absorbed into DSP mult_reg_pipe_reg[15][5].
DSP Report: register mult_reg_reg[15][5] is absorbed into DSP mult_reg_pipe_reg[15][5].
DSP Report: operator p_0_out is absorbed into DSP mult_reg_pipe_reg[15][5].
DSP Report: Generating DSP mult_reg_pipe_reg[9][15], operation Mode is: (A2*B2)'.
DSP Report: register weight_reg_reg[9][15] is absorbed into DSP mult_reg_pipe_reg[9][15].
DSP Report: register feature_reg_reg[15] is absorbed into DSP mult_reg_pipe_reg[9][15].
DSP Report: register mult_reg_pipe_reg[9][15] is absorbed into DSP mult_reg_pipe_reg[9][15].
DSP Report: register mult_reg_reg[9][15] is absorbed into DSP mult_reg_pipe_reg[9][15].
DSP Report: operator p_0_out is absorbed into DSP mult_reg_pipe_reg[9][15].
DSP Report: Generating DSP mult_reg_pipe_reg[9][14], operation Mode is: (A2*B2)'.
DSP Report: register weight_reg_reg[9][14] is absorbed into DSP mult_reg_pipe_reg[9][14].
DSP Report: register feature_reg_reg[14] is absorbed into DSP mult_reg_pipe_reg[9][14].
DSP Report: register mult_reg_pipe_reg[9][14] is absorbed into DSP mult_reg_pipe_reg[9][14].
DSP Report: register mult_reg_reg[9][14] is absorbed into DSP mult_reg_pipe_reg[9][14].
DSP Report: operator p_0_out is absorbed into DSP mult_reg_pipe_reg[9][14].
DSP Report: Generating DSP mult_reg_pipe_reg[9][13], operation Mode is: (A2*B2)'.
DSP Report: register weight_reg_reg[9][13] is absorbed into DSP mult_reg_pipe_reg[9][13].
DSP Report: register feature_reg_reg[13] is absorbed into DSP mult_reg_pipe_reg[9][13].
DSP Report: register mult_reg_pipe_reg[9][13] is absorbed into DSP mult_reg_pipe_reg[9][13].
DSP Report: register mult_reg_reg[9][13] is absorbed into DSP mult_reg_pipe_reg[9][13].
DSP Report: operator p_0_out is absorbed into DSP mult_reg_pipe_reg[9][13].
DSP Report: Generating DSP mult_reg_pipe_reg[9][12], operation Mode is: (A2*B2)'.
DSP Report: register weight_reg_reg[9][12] is absorbed into DSP mult_reg_pipe_reg[9][12].
DSP Report: register feature_reg_reg[12] is absorbed into DSP mult_reg_pipe_reg[9][12].
DSP Report: register mult_reg_pipe_reg[9][12] is absorbed into DSP mult_reg_pipe_reg[9][12].
DSP Report: register mult_reg_reg[9][12] is absorbed into DSP mult_reg_pipe_reg[9][12].
DSP Report: operator p_0_out is absorbed into DSP mult_reg_pipe_reg[9][12].
DSP Report: Generating DSP mult_reg_pipe_reg[1][15], operation Mode is: (A2*B2)'.
DSP Report: register weight_reg_reg[1][15] is absorbed into DSP mult_reg_pipe_reg[1][15].
DSP Report: register feature_reg_reg[15] is absorbed into DSP mult_reg_pipe_reg[1][15].
DSP Report: register mult_reg_pipe_reg[1][15] is absorbed into DSP mult_reg_pipe_reg[1][15].
DSP Report: register mult_reg_reg[1][15] is absorbed into DSP mult_reg_pipe_reg[1][15].
DSP Report: operator p_0_out is absorbed into DSP mult_reg_pipe_reg[1][15].
DSP Report: Generating DSP mult_reg_pipe_reg[1][14], operation Mode is: (A2*B2)'.
DSP Report: register weight_reg_reg[1][14] is absorbed into DSP mult_reg_pipe_reg[1][14].
DSP Report: register feature_reg_reg[14] is absorbed into DSP mult_reg_pipe_reg[1][14].
DSP Report: register mult_reg_pipe_reg[1][14] is absorbed into DSP mult_reg_pipe_reg[1][14].
DSP Report: register mult_reg_reg[1][14] is absorbed into DSP mult_reg_pipe_reg[1][14].
DSP Report: operator p_0_out is absorbed into DSP mult_reg_pipe_reg[1][14].
DSP Report: Generating DSP mult_reg_pipe_reg[1][13], operation Mode is: (A2*B2)'.
DSP Report: register weight_reg_reg[1][13] is absorbed into DSP mult_reg_pipe_reg[1][13].
DSP Report: register feature_reg_reg[13] is absorbed into DSP mult_reg_pipe_reg[1][13].
DSP Report: register mult_reg_pipe_reg[1][13] is absorbed into DSP mult_reg_pipe_reg[1][13].
DSP Report: register mult_reg_reg[1][13] is absorbed into DSP mult_reg_pipe_reg[1][13].
DSP Report: operator p_0_out is absorbed into DSP mult_reg_pipe_reg[1][13].
DSP Report: Generating DSP mult_reg_pipe_reg[1][12], operation Mode is: (A2*B2)'.
DSP Report: register weight_reg_reg[1][12] is absorbed into DSP mult_reg_pipe_reg[1][12].
DSP Report: register feature_reg_reg[12] is absorbed into DSP mult_reg_pipe_reg[1][12].
DSP Report: register mult_reg_pipe_reg[1][12] is absorbed into DSP mult_reg_pipe_reg[1][12].
DSP Report: register mult_reg_reg[1][12] is absorbed into DSP mult_reg_pipe_reg[1][12].
DSP Report: operator p_0_out is absorbed into DSP mult_reg_pipe_reg[1][12].
DSP Report: Generating DSP mult_reg_pipe_reg[0][15], operation Mode is: (A2*B2)'.
DSP Report: register weight_reg_reg[0][15] is absorbed into DSP mult_reg_pipe_reg[0][15].
DSP Report: register feature_reg_reg[15] is absorbed into DSP mult_reg_pipe_reg[0][15].
DSP Report: register mult_reg_pipe_reg[0][15] is absorbed into DSP mult_reg_pipe_reg[0][15].
DSP Report: register mult_reg_reg[0][15] is absorbed into DSP mult_reg_pipe_reg[0][15].
DSP Report: operator p_0_out is absorbed into DSP mult_reg_pipe_reg[0][15].
DSP Report: Generating DSP mult_reg_pipe_reg[0][14], operation Mode is: (A2*B2)'.
DSP Report: register weight_reg_reg[0][14] is absorbed into DSP mult_reg_pipe_reg[0][14].
DSP Report: register feature_reg_reg[14] is absorbed into DSP mult_reg_pipe_reg[0][14].
DSP Report: register mult_reg_pipe_reg[0][14] is absorbed into DSP mult_reg_pipe_reg[0][14].
DSP Report: register mult_reg_reg[0][14] is absorbed into DSP mult_reg_pipe_reg[0][14].
DSP Report: operator p_0_out is absorbed into DSP mult_reg_pipe_reg[0][14].
DSP Report: Generating DSP mult_reg_pipe_reg[0][13], operation Mode is: (A2*B2)'.
DSP Report: register weight_reg_reg[0][13] is absorbed into DSP mult_reg_pipe_reg[0][13].
DSP Report: register feature_reg_reg[13] is absorbed into DSP mult_reg_pipe_reg[0][13].
DSP Report: register mult_reg_pipe_reg[0][13] is absorbed into DSP mult_reg_pipe_reg[0][13].
DSP Report: register mult_reg_reg[0][13] is absorbed into DSP mult_reg_pipe_reg[0][13].
DSP Report: operator p_0_out is absorbed into DSP mult_reg_pipe_reg[0][13].
DSP Report: Generating DSP mult_reg_pipe_reg[0][12], operation Mode is: (A2*B2)'.
DSP Report: register weight_reg_reg[0][12] is absorbed into DSP mult_reg_pipe_reg[0][12].
DSP Report: register feature_reg_reg[12] is absorbed into DSP mult_reg_pipe_reg[0][12].
DSP Report: register mult_reg_pipe_reg[0][12] is absorbed into DSP mult_reg_pipe_reg[0][12].
DSP Report: register mult_reg_reg[0][12] is absorbed into DSP mult_reg_pipe_reg[0][12].
DSP Report: operator p_0_out is absorbed into DSP mult_reg_pipe_reg[0][12].
DSP Report: Generating DSP mult_reg_pipe_reg[9][7], operation Mode is: (A2*B2)'.
DSP Report: register weight_reg_reg[9][7] is absorbed into DSP mult_reg_pipe_reg[9][7].
DSP Report: register feature_reg_reg[7] is absorbed into DSP mult_reg_pipe_reg[9][7].
DSP Report: register mult_reg_pipe_reg[9][7] is absorbed into DSP mult_reg_pipe_reg[9][7].
DSP Report: register mult_reg_reg[9][7] is absorbed into DSP mult_reg_pipe_reg[9][7].
DSP Report: operator p_0_out is absorbed into DSP mult_reg_pipe_reg[9][7].
DSP Report: Generating DSP mult_reg_pipe_reg[9][6], operation Mode is: (A2*B2)'.
DSP Report: register weight_reg_reg[9][6] is absorbed into DSP mult_reg_pipe_reg[9][6].
DSP Report: register feature_reg_reg[6] is absorbed into DSP mult_reg_pipe_reg[9][6].
DSP Report: register mult_reg_pipe_reg[9][6] is absorbed into DSP mult_reg_pipe_reg[9][6].
DSP Report: register mult_reg_reg[9][6] is absorbed into DSP mult_reg_pipe_reg[9][6].
DSP Report: operator p_0_out is absorbed into DSP mult_reg_pipe_reg[9][6].
DSP Report: Generating DSP mult_reg_pipe_reg[9][4], operation Mode is: (A2*B2)'.
DSP Report: register weight_reg_reg[9][4] is absorbed into DSP mult_reg_pipe_reg[9][4].
DSP Report: register feature_reg_reg[4] is absorbed into DSP mult_reg_pipe_reg[9][4].
DSP Report: register mult_reg_pipe_reg[9][4] is absorbed into DSP mult_reg_pipe_reg[9][4].
DSP Report: register mult_reg_reg[9][4] is absorbed into DSP mult_reg_pipe_reg[9][4].
DSP Report: operator p_0_out is absorbed into DSP mult_reg_pipe_reg[9][4].
DSP Report: Generating DSP mult_reg_pipe_reg[9][3], operation Mode is: (A2*B2)'.
DSP Report: register weight_reg_reg[9][3] is absorbed into DSP mult_reg_pipe_reg[9][3].
DSP Report: register feature_reg_reg[3] is absorbed into DSP mult_reg_pipe_reg[9][3].
DSP Report: register mult_reg_pipe_reg[9][3] is absorbed into DSP mult_reg_pipe_reg[9][3].
DSP Report: register mult_reg_reg[9][3] is absorbed into DSP mult_reg_pipe_reg[9][3].
DSP Report: operator p_0_out is absorbed into DSP mult_reg_pipe_reg[9][3].
DSP Report: Generating DSP mult_reg_pipe_reg[9][2], operation Mode is: (A2*B2)'.
DSP Report: register weight_reg_reg[9][2] is absorbed into DSP mult_reg_pipe_reg[9][2].
DSP Report: register feature_reg_reg[2] is absorbed into DSP mult_reg_pipe_reg[9][2].
DSP Report: register mult_reg_pipe_reg[9][2] is absorbed into DSP mult_reg_pipe_reg[9][2].
DSP Report: register mult_reg_reg[9][2] is absorbed into DSP mult_reg_pipe_reg[9][2].
DSP Report: operator p_0_out is absorbed into DSP mult_reg_pipe_reg[9][2].
DSP Report: Generating DSP mult_reg_pipe_reg[9][1], operation Mode is: (A2*B2)'.
DSP Report: register weight_reg_reg[9][1] is absorbed into DSP mult_reg_pipe_reg[9][1].
DSP Report: register feature_reg_reg[1] is absorbed into DSP mult_reg_pipe_reg[9][1].
DSP Report: register mult_reg_pipe_reg[9][1] is absorbed into DSP mult_reg_pipe_reg[9][1].
DSP Report: register mult_reg_reg[9][1] is absorbed into DSP mult_reg_pipe_reg[9][1].
DSP Report: operator p_0_out is absorbed into DSP mult_reg_pipe_reg[9][1].
DSP Report: Generating DSP mult_reg_pipe_reg[9][0], operation Mode is: (A2*B2)'.
DSP Report: register weight_reg_reg[9][0] is absorbed into DSP mult_reg_pipe_reg[9][0].
DSP Report: register feature_reg_reg[0] is absorbed into DSP mult_reg_pipe_reg[9][0].
DSP Report: register mult_reg_pipe_reg[9][0] is absorbed into DSP mult_reg_pipe_reg[9][0].
DSP Report: register mult_reg_reg[9][0] is absorbed into DSP mult_reg_pipe_reg[9][0].
DSP Report: operator p_0_out is absorbed into DSP mult_reg_pipe_reg[9][0].
DSP Report: Generating DSP mult_reg_pipe_reg[6][3], operation Mode is: (A2*B2)'.
DSP Report: register weight_reg_reg[6][3] is absorbed into DSP mult_reg_pipe_reg[6][3].
DSP Report: register feature_reg_reg[3] is absorbed into DSP mult_reg_pipe_reg[6][3].
DSP Report: register mult_reg_pipe_reg[6][3] is absorbed into DSP mult_reg_pipe_reg[6][3].
DSP Report: register mult_reg_reg[6][3] is absorbed into DSP mult_reg_pipe_reg[6][3].
DSP Report: operator p_0_out is absorbed into DSP mult_reg_pipe_reg[6][3].
DSP Report: Generating DSP mult_reg_pipe_reg[6][2], operation Mode is: (A2*B2)'.
DSP Report: register weight_reg_reg[6][2] is absorbed into DSP mult_reg_pipe_reg[6][2].
DSP Report: register feature_reg_reg[2] is absorbed into DSP mult_reg_pipe_reg[6][2].
DSP Report: register mult_reg_pipe_reg[6][2] is absorbed into DSP mult_reg_pipe_reg[6][2].
DSP Report: register mult_reg_reg[6][2] is absorbed into DSP mult_reg_pipe_reg[6][2].
DSP Report: operator p_0_out is absorbed into DSP mult_reg_pipe_reg[6][2].
DSP Report: Generating DSP mult_reg_pipe_reg[6][1], operation Mode is: (A2*B2)'.
DSP Report: register weight_reg_reg[6][1] is absorbed into DSP mult_reg_pipe_reg[6][1].
DSP Report: register feature_reg_reg[1] is absorbed into DSP mult_reg_pipe_reg[6][1].
DSP Report: register mult_reg_pipe_reg[6][1] is absorbed into DSP mult_reg_pipe_reg[6][1].
DSP Report: register mult_reg_reg[6][1] is absorbed into DSP mult_reg_pipe_reg[6][1].
DSP Report: operator p_0_out is absorbed into DSP mult_reg_pipe_reg[6][1].
DSP Report: Generating DSP mult_reg_pipe_reg[6][0], operation Mode is: (A2*B2)'.
DSP Report: register weight_reg_reg[6][0] is absorbed into DSP mult_reg_pipe_reg[6][0].
DSP Report: register feature_reg_reg[0] is absorbed into DSP mult_reg_pipe_reg[6][0].
DSP Report: register mult_reg_pipe_reg[6][0] is absorbed into DSP mult_reg_pipe_reg[6][0].
DSP Report: register mult_reg_reg[6][0] is absorbed into DSP mult_reg_pipe_reg[6][0].
DSP Report: operator p_0_out is absorbed into DSP mult_reg_pipe_reg[6][0].
DSP Report: Generating DSP mult_reg_pipe_reg[10][5], operation Mode is: (A2*B2)'.
DSP Report: register weight_reg_reg[10][5] is absorbed into DSP mult_reg_pipe_reg[10][5].
DSP Report: register feature_reg_reg[5] is absorbed into DSP mult_reg_pipe_reg[10][5].
DSP Report: register mult_reg_pipe_reg[10][5] is absorbed into DSP mult_reg_pipe_reg[10][5].
DSP Report: register mult_reg_reg[10][5] is absorbed into DSP mult_reg_pipe_reg[10][5].
DSP Report: operator p_0_out is absorbed into DSP mult_reg_pipe_reg[10][5].
DSP Report: Generating DSP mult_reg_pipe_reg[10][4], operation Mode is: (A2*B2)'.
DSP Report: register weight_reg_reg[10][4] is absorbed into DSP mult_reg_pipe_reg[10][4].
DSP Report: register feature_reg_reg[4] is absorbed into DSP mult_reg_pipe_reg[10][4].
DSP Report: register mult_reg_pipe_reg[10][4] is absorbed into DSP mult_reg_pipe_reg[10][4].
DSP Report: register mult_reg_reg[10][4] is absorbed into DSP mult_reg_pipe_reg[10][4].
DSP Report: operator p_0_out is absorbed into DSP mult_reg_pipe_reg[10][4].
DSP Report: Generating DSP mult_reg_pipe_reg[13][7], operation Mode is: (A2*B2)'.
DSP Report: register weight_reg_reg[13][7] is absorbed into DSP mult_reg_pipe_reg[13][7].
DSP Report: register feature_reg_reg[7] is absorbed into DSP mult_reg_pipe_reg[13][7].
DSP Report: register mult_reg_pipe_reg[13][7] is absorbed into DSP mult_reg_pipe_reg[13][7].
DSP Report: register mult_reg_reg[13][7] is absorbed into DSP mult_reg_pipe_reg[13][7].
DSP Report: operator p_0_out is absorbed into DSP mult_reg_pipe_reg[13][7].
DSP Report: Generating DSP mult_reg_pipe_reg[13][6], operation Mode is: (A2*B2)'.
DSP Report: register weight_reg_reg[13][6] is absorbed into DSP mult_reg_pipe_reg[13][6].
DSP Report: register feature_reg_reg[6] is absorbed into DSP mult_reg_pipe_reg[13][6].
DSP Report: register mult_reg_pipe_reg[13][6] is absorbed into DSP mult_reg_pipe_reg[13][6].
DSP Report: register mult_reg_reg[13][6] is absorbed into DSP mult_reg_pipe_reg[13][6].
DSP Report: operator p_0_out is absorbed into DSP mult_reg_pipe_reg[13][6].
DSP Report: Generating DSP mult_reg_pipe_reg[13][5], operation Mode is: (A2*B2)'.
DSP Report: register weight_reg_reg[13][5] is absorbed into DSP mult_reg_pipe_reg[13][5].
DSP Report: register feature_reg_reg[5] is absorbed into DSP mult_reg_pipe_reg[13][5].
DSP Report: register mult_reg_pipe_reg[13][5] is absorbed into DSP mult_reg_pipe_reg[13][5].
DSP Report: register mult_reg_reg[13][5] is absorbed into DSP mult_reg_pipe_reg[13][5].
DSP Report: operator p_0_out is absorbed into DSP mult_reg_pipe_reg[13][5].
DSP Report: Generating DSP mult_reg_pipe_reg[13][4], operation Mode is: (A2*B2)'.
DSP Report: register weight_reg_reg[13][4] is absorbed into DSP mult_reg_pipe_reg[13][4].
DSP Report: register feature_reg_reg[4] is absorbed into DSP mult_reg_pipe_reg[13][4].
DSP Report: register mult_reg_pipe_reg[13][4] is absorbed into DSP mult_reg_pipe_reg[13][4].
DSP Report: register mult_reg_reg[13][4] is absorbed into DSP mult_reg_pipe_reg[13][4].
DSP Report: operator p_0_out is absorbed into DSP mult_reg_pipe_reg[13][4].
DSP Report: Generating DSP mult_reg_pipe_reg[13][3], operation Mode is: (A2*B2)'.
DSP Report: register weight_reg_reg[13][3] is absorbed into DSP mult_reg_pipe_reg[13][3].
DSP Report: register feature_reg_reg[3] is absorbed into DSP mult_reg_pipe_reg[13][3].
DSP Report: register mult_reg_pipe_reg[13][3] is absorbed into DSP mult_reg_pipe_reg[13][3].
DSP Report: register mult_reg_reg[13][3] is absorbed into DSP mult_reg_pipe_reg[13][3].
DSP Report: operator p_0_out is absorbed into DSP mult_reg_pipe_reg[13][3].
DSP Report: Generating DSP mult_reg_pipe_reg[13][2], operation Mode is: (A2*B2)'.
DSP Report: register weight_reg_reg[13][2] is absorbed into DSP mult_reg_pipe_reg[13][2].
DSP Report: register feature_reg_reg[2] is absorbed into DSP mult_reg_pipe_reg[13][2].
DSP Report: register mult_reg_pipe_reg[13][2] is absorbed into DSP mult_reg_pipe_reg[13][2].
DSP Report: register mult_reg_reg[13][2] is absorbed into DSP mult_reg_pipe_reg[13][2].
DSP Report: operator p_0_out is absorbed into DSP mult_reg_pipe_reg[13][2].
DSP Report: Generating DSP mult_reg_pipe_reg[13][1], operation Mode is: (A2*B2)'.
DSP Report: register weight_reg_reg[13][1] is absorbed into DSP mult_reg_pipe_reg[13][1].
DSP Report: register feature_reg_reg[1] is absorbed into DSP mult_reg_pipe_reg[13][1].
DSP Report: register mult_reg_pipe_reg[13][1] is absorbed into DSP mult_reg_pipe_reg[13][1].
DSP Report: register mult_reg_reg[13][1] is absorbed into DSP mult_reg_pipe_reg[13][1].
DSP Report: operator p_0_out is absorbed into DSP mult_reg_pipe_reg[13][1].
DSP Report: Generating DSP mult_reg_pipe_reg[13][0], operation Mode is: (A2*B2)'.
DSP Report: register weight_reg_reg[13][0] is absorbed into DSP mult_reg_pipe_reg[13][0].
DSP Report: register feature_reg_reg[0] is absorbed into DSP mult_reg_pipe_reg[13][0].
DSP Report: register mult_reg_pipe_reg[13][0] is absorbed into DSP mult_reg_pipe_reg[13][0].
DSP Report: register mult_reg_reg[13][0] is absorbed into DSP mult_reg_pipe_reg[13][0].
DSP Report: operator p_0_out is absorbed into DSP mult_reg_pipe_reg[13][0].
DSP Report: Generating DSP mult_reg_pipe_reg[12][3], operation Mode is: (A2*B2)'.
DSP Report: register weight_reg_reg[12][3] is absorbed into DSP mult_reg_pipe_reg[12][3].
DSP Report: register feature_reg_reg[3] is absorbed into DSP mult_reg_pipe_reg[12][3].
DSP Report: register mult_reg_pipe_reg[12][3] is absorbed into DSP mult_reg_pipe_reg[12][3].
DSP Report: register mult_reg_reg[12][3] is absorbed into DSP mult_reg_pipe_reg[12][3].
DSP Report: operator p_0_out is absorbed into DSP mult_reg_pipe_reg[12][3].
DSP Report: Generating DSP mult_reg_pipe_reg[12][2], operation Mode is: (A2*B2)'.
DSP Report: register weight_reg_reg[12][2] is absorbed into DSP mult_reg_pipe_reg[12][2].
DSP Report: register feature_reg_reg[2] is absorbed into DSP mult_reg_pipe_reg[12][2].
DSP Report: register mult_reg_pipe_reg[12][2] is absorbed into DSP mult_reg_pipe_reg[12][2].
DSP Report: register mult_reg_reg[12][2] is absorbed into DSP mult_reg_pipe_reg[12][2].
DSP Report: operator p_0_out is absorbed into DSP mult_reg_pipe_reg[12][2].
DSP Report: Generating DSP mult_reg_pipe_reg[12][1], operation Mode is: (A2*B2)'.
DSP Report: register weight_reg_reg[12][1] is absorbed into DSP mult_reg_pipe_reg[12][1].
DSP Report: register feature_reg_reg[1] is absorbed into DSP mult_reg_pipe_reg[12][1].
DSP Report: register mult_reg_pipe_reg[12][1] is absorbed into DSP mult_reg_pipe_reg[12][1].
DSP Report: register mult_reg_reg[12][1] is absorbed into DSP mult_reg_pipe_reg[12][1].
DSP Report: operator p_0_out is absorbed into DSP mult_reg_pipe_reg[12][1].
DSP Report: Generating DSP mult_reg_pipe_reg[12][0], operation Mode is: (A2*B2)'.
DSP Report: register weight_reg_reg[12][0] is absorbed into DSP mult_reg_pipe_reg[12][0].
DSP Report: register feature_reg_reg[0] is absorbed into DSP mult_reg_pipe_reg[12][0].
DSP Report: register mult_reg_pipe_reg[12][0] is absorbed into DSP mult_reg_pipe_reg[12][0].
DSP Report: register mult_reg_reg[12][0] is absorbed into DSP mult_reg_pipe_reg[12][0].
DSP Report: operator p_0_out is absorbed into DSP mult_reg_pipe_reg[12][0].
DSP Report: Generating DSP mult_reg_pipe_reg[11][3], operation Mode is: (A2*B2)'.
DSP Report: register weight_reg_reg[11][3] is absorbed into DSP mult_reg_pipe_reg[11][3].
DSP Report: register feature_reg_reg[3] is absorbed into DSP mult_reg_pipe_reg[11][3].
DSP Report: register mult_reg_pipe_reg[11][3] is absorbed into DSP mult_reg_pipe_reg[11][3].
DSP Report: register mult_reg_reg[11][3] is absorbed into DSP mult_reg_pipe_reg[11][3].
DSP Report: operator p_0_out is absorbed into DSP mult_reg_pipe_reg[11][3].
DSP Report: Generating DSP mult_reg_pipe_reg[11][2], operation Mode is: (A2*B2)'.
DSP Report: register weight_reg_reg[11][2] is absorbed into DSP mult_reg_pipe_reg[11][2].
DSP Report: register feature_reg_reg[2] is absorbed into DSP mult_reg_pipe_reg[11][2].
DSP Report: register mult_reg_pipe_reg[11][2] is absorbed into DSP mult_reg_pipe_reg[11][2].
DSP Report: register mult_reg_reg[11][2] is absorbed into DSP mult_reg_pipe_reg[11][2].
DSP Report: operator p_0_out is absorbed into DSP mult_reg_pipe_reg[11][2].
DSP Report: Generating DSP mult_reg_pipe_reg[11][1], operation Mode is: (A2*B2)'.
DSP Report: register weight_reg_reg[11][1] is absorbed into DSP mult_reg_pipe_reg[11][1].
DSP Report: register feature_reg_reg[1] is absorbed into DSP mult_reg_pipe_reg[11][1].
DSP Report: register mult_reg_pipe_reg[11][1] is absorbed into DSP mult_reg_pipe_reg[11][1].
DSP Report: register mult_reg_reg[11][1] is absorbed into DSP mult_reg_pipe_reg[11][1].
DSP Report: operator p_0_out is absorbed into DSP mult_reg_pipe_reg[11][1].
DSP Report: Generating DSP mult_reg_pipe_reg[11][0], operation Mode is: (A2*B2)'.
DSP Report: register weight_reg_reg[11][0] is absorbed into DSP mult_reg_pipe_reg[11][0].
DSP Report: register feature_reg_reg[0] is absorbed into DSP mult_reg_pipe_reg[11][0].
DSP Report: register mult_reg_pipe_reg[11][0] is absorbed into DSP mult_reg_pipe_reg[11][0].
DSP Report: register mult_reg_reg[11][0] is absorbed into DSP mult_reg_pipe_reg[11][0].
DSP Report: operator p_0_out is absorbed into DSP mult_reg_pipe_reg[11][0].
DSP Report: Generating DSP mult_reg_pipe_reg[14][7], operation Mode is: (A2*B2)'.
DSP Report: register weight_reg_reg[14][7] is absorbed into DSP mult_reg_pipe_reg[14][7].
DSP Report: register feature_reg_reg[7] is absorbed into DSP mult_reg_pipe_reg[14][7].
DSP Report: register mult_reg_pipe_reg[14][7] is absorbed into DSP mult_reg_pipe_reg[14][7].
DSP Report: register mult_reg_reg[14][7] is absorbed into DSP mult_reg_pipe_reg[14][7].
DSP Report: operator p_0_out is absorbed into DSP mult_reg_pipe_reg[14][7].
DSP Report: Generating DSP mult_reg_pipe_reg[14][6], operation Mode is: (A2*B2)'.
DSP Report: register weight_reg_reg[14][6] is absorbed into DSP mult_reg_pipe_reg[14][6].
DSP Report: register feature_reg_reg[6] is absorbed into DSP mult_reg_pipe_reg[14][6].
DSP Report: register mult_reg_pipe_reg[14][6] is absorbed into DSP mult_reg_pipe_reg[14][6].
DSP Report: register mult_reg_reg[14][6] is absorbed into DSP mult_reg_pipe_reg[14][6].
DSP Report: operator p_0_out is absorbed into DSP mult_reg_pipe_reg[14][6].
DSP Report: Generating DSP mult_reg_pipe_reg[14][5], operation Mode is: (A2*B2)'.
DSP Report: register weight_reg_reg[14][5] is absorbed into DSP mult_reg_pipe_reg[14][5].
DSP Report: register feature_reg_reg[5] is absorbed into DSP mult_reg_pipe_reg[14][5].
DSP Report: register mult_reg_pipe_reg[14][5] is absorbed into DSP mult_reg_pipe_reg[14][5].
DSP Report: register mult_reg_reg[14][5] is absorbed into DSP mult_reg_pipe_reg[14][5].
DSP Report: operator p_0_out is absorbed into DSP mult_reg_pipe_reg[14][5].
DSP Report: Generating DSP mult_reg_pipe_reg[14][4], operation Mode is: (A2*B2)'.
DSP Report: register weight_reg_reg[14][4] is absorbed into DSP mult_reg_pipe_reg[14][4].
DSP Report: register feature_reg_reg[4] is absorbed into DSP mult_reg_pipe_reg[14][4].
DSP Report: register mult_reg_pipe_reg[14][4] is absorbed into DSP mult_reg_pipe_reg[14][4].
DSP Report: register mult_reg_reg[14][4] is absorbed into DSP mult_reg_pipe_reg[14][4].
DSP Report: operator p_0_out is absorbed into DSP mult_reg_pipe_reg[14][4].
DSP Report: Generating DSP mult_reg_pipe_reg[14][3], operation Mode is: (A2*B2)'.
DSP Report: register weight_reg_reg[14][3] is absorbed into DSP mult_reg_pipe_reg[14][3].
DSP Report: register feature_reg_reg[3] is absorbed into DSP mult_reg_pipe_reg[14][3].
DSP Report: register mult_reg_pipe_reg[14][3] is absorbed into DSP mult_reg_pipe_reg[14][3].
DSP Report: register mult_reg_reg[14][3] is absorbed into DSP mult_reg_pipe_reg[14][3].
DSP Report: operator p_0_out is absorbed into DSP mult_reg_pipe_reg[14][3].
DSP Report: Generating DSP mult_reg_pipe_reg[14][2], operation Mode is: (A2*B2)'.
DSP Report: register weight_reg_reg[14][2] is absorbed into DSP mult_reg_pipe_reg[14][2].
DSP Report: register feature_reg_reg[2] is absorbed into DSP mult_reg_pipe_reg[14][2].
DSP Report: register mult_reg_pipe_reg[14][2] is absorbed into DSP mult_reg_pipe_reg[14][2].
DSP Report: register mult_reg_reg[14][2] is absorbed into DSP mult_reg_pipe_reg[14][2].
DSP Report: operator p_0_out is absorbed into DSP mult_reg_pipe_reg[14][2].
DSP Report: Generating DSP mult_reg_pipe_reg[14][1], operation Mode is: (A2*B2)'.
DSP Report: register weight_reg_reg[14][1] is absorbed into DSP mult_reg_pipe_reg[14][1].
DSP Report: register feature_reg_reg[1] is absorbed into DSP mult_reg_pipe_reg[14][1].
DSP Report: register mult_reg_pipe_reg[14][1] is absorbed into DSP mult_reg_pipe_reg[14][1].
DSP Report: register mult_reg_reg[14][1] is absorbed into DSP mult_reg_pipe_reg[14][1].
DSP Report: operator p_0_out is absorbed into DSP mult_reg_pipe_reg[14][1].
DSP Report: Generating DSP mult_reg_pipe_reg[14][0], operation Mode is: (A2*B2)'.
DSP Report: register weight_reg_reg[14][0] is absorbed into DSP mult_reg_pipe_reg[14][0].
DSP Report: register feature_reg_reg[0] is absorbed into DSP mult_reg_pipe_reg[14][0].
DSP Report: register mult_reg_pipe_reg[14][0] is absorbed into DSP mult_reg_pipe_reg[14][0].
DSP Report: register mult_reg_reg[14][0] is absorbed into DSP mult_reg_pipe_reg[14][0].
DSP Report: operator p_0_out is absorbed into DSP mult_reg_pipe_reg[14][0].
DSP Report: Generating DSP mult_reg_pipe_reg[15][7], operation Mode is: (A2*B2)'.
DSP Report: register weight_reg_reg[15][7] is absorbed into DSP mult_reg_pipe_reg[15][7].
DSP Report: register feature_reg_reg[7] is absorbed into DSP mult_reg_pipe_reg[15][7].
DSP Report: register mult_reg_pipe_reg[15][7] is absorbed into DSP mult_reg_pipe_reg[15][7].
DSP Report: register mult_reg_reg[15][7] is absorbed into DSP mult_reg_pipe_reg[15][7].
DSP Report: operator p_0_out is absorbed into DSP mult_reg_pipe_reg[15][7].
DSP Report: Generating DSP mult_reg_pipe_reg[15][6], operation Mode is: (A2*B2)'.
DSP Report: register weight_reg_reg[15][6] is absorbed into DSP mult_reg_pipe_reg[15][6].
DSP Report: register feature_reg_reg[6] is absorbed into DSP mult_reg_pipe_reg[15][6].
DSP Report: register mult_reg_pipe_reg[15][6] is absorbed into DSP mult_reg_pipe_reg[15][6].
DSP Report: register mult_reg_reg[15][6] is absorbed into DSP mult_reg_pipe_reg[15][6].
DSP Report: operator p_0_out is absorbed into DSP mult_reg_pipe_reg[15][6].
DSP Report: Generating DSP mult_reg_pipe_reg[15][3], operation Mode is: (A2*B2)'.
DSP Report: register weight_reg_reg[15][3] is absorbed into DSP mult_reg_pipe_reg[15][3].
DSP Report: register feature_reg_reg[3] is absorbed into DSP mult_reg_pipe_reg[15][3].
DSP Report: register mult_reg_pipe_reg[15][3] is absorbed into DSP mult_reg_pipe_reg[15][3].
DSP Report: register mult_reg_reg[15][3] is absorbed into DSP mult_reg_pipe_reg[15][3].
DSP Report: operator p_0_out is absorbed into DSP mult_reg_pipe_reg[15][3].
DSP Report: Generating DSP mult_reg_pipe_reg[15][2], operation Mode is: (A2*B2)'.
DSP Report: register weight_reg_reg[15][2] is absorbed into DSP mult_reg_pipe_reg[15][2].
DSP Report: register feature_reg_reg[2] is absorbed into DSP mult_reg_pipe_reg[15][2].
DSP Report: register mult_reg_pipe_reg[15][2] is absorbed into DSP mult_reg_pipe_reg[15][2].
DSP Report: register mult_reg_reg[15][2] is absorbed into DSP mult_reg_pipe_reg[15][2].
DSP Report: operator p_0_out is absorbed into DSP mult_reg_pipe_reg[15][2].
DSP Report: Generating DSP mult_reg_pipe_reg[15][1], operation Mode is: (A2*B2)'.
DSP Report: register weight_reg_reg[15][1] is absorbed into DSP mult_reg_pipe_reg[15][1].
DSP Report: register feature_reg_reg[1] is absorbed into DSP mult_reg_pipe_reg[15][1].
DSP Report: register mult_reg_pipe_reg[15][1] is absorbed into DSP mult_reg_pipe_reg[15][1].
DSP Report: register mult_reg_reg[15][1] is absorbed into DSP mult_reg_pipe_reg[15][1].
DSP Report: operator p_0_out is absorbed into DSP mult_reg_pipe_reg[15][1].
DSP Report: Generating DSP mult_reg_pipe_reg[15][0], operation Mode is: (A2*B2)'.
DSP Report: register weight_reg_reg[15][0] is absorbed into DSP mult_reg_pipe_reg[15][0].
DSP Report: register feature_reg_reg[0] is absorbed into DSP mult_reg_pipe_reg[15][0].
DSP Report: register mult_reg_pipe_reg[15][0] is absorbed into DSP mult_reg_pipe_reg[15][0].
DSP Report: register mult_reg_reg[15][0] is absorbed into DSP mult_reg_pipe_reg[15][0].
DSP Report: operator p_0_out is absorbed into DSP mult_reg_pipe_reg[15][0].
DSP Report: Generating DSP mult_reg_pipe_reg[12][7], operation Mode is: (A2*B2)'.
DSP Report: register weight_reg_reg[12][7] is absorbed into DSP mult_reg_pipe_reg[12][7].
DSP Report: register feature_reg_reg[7] is absorbed into DSP mult_reg_pipe_reg[12][7].
DSP Report: register mult_reg_pipe_reg[12][7] is absorbed into DSP mult_reg_pipe_reg[12][7].
DSP Report: register mult_reg_reg[12][7] is absorbed into DSP mult_reg_pipe_reg[12][7].
DSP Report: operator p_0_out is absorbed into DSP mult_reg_pipe_reg[12][7].
DSP Report: Generating DSP mult_reg_pipe_reg[12][6], operation Mode is: (A2*B2)'.
DSP Report: register weight_reg_reg[12][6] is absorbed into DSP mult_reg_pipe_reg[12][6].
DSP Report: register feature_reg_reg[6] is absorbed into DSP mult_reg_pipe_reg[12][6].
DSP Report: register mult_reg_pipe_reg[12][6] is absorbed into DSP mult_reg_pipe_reg[12][6].
DSP Report: register mult_reg_reg[12][6] is absorbed into DSP mult_reg_pipe_reg[12][6].
DSP Report: operator p_0_out is absorbed into DSP mult_reg_pipe_reg[12][6].
DSP Report: Generating DSP mult_reg_pipe_reg[12][5], operation Mode is: (A2*B2)'.
DSP Report: register weight_reg_reg[12][5] is absorbed into DSP mult_reg_pipe_reg[12][5].
DSP Report: register feature_reg_reg[5] is absorbed into DSP mult_reg_pipe_reg[12][5].
DSP Report: register mult_reg_pipe_reg[12][5] is absorbed into DSP mult_reg_pipe_reg[12][5].
DSP Report: register mult_reg_reg[12][5] is absorbed into DSP mult_reg_pipe_reg[12][5].
DSP Report: operator p_0_out is absorbed into DSP mult_reg_pipe_reg[12][5].
DSP Report: Generating DSP mult_reg_pipe_reg[12][4], operation Mode is: (A2*B2)'.
DSP Report: register weight_reg_reg[12][4] is absorbed into DSP mult_reg_pipe_reg[12][4].
DSP Report: register feature_reg_reg[4] is absorbed into DSP mult_reg_pipe_reg[12][4].
DSP Report: register mult_reg_pipe_reg[12][4] is absorbed into DSP mult_reg_pipe_reg[12][4].
DSP Report: register mult_reg_reg[12][4] is absorbed into DSP mult_reg_pipe_reg[12][4].
DSP Report: operator p_0_out is absorbed into DSP mult_reg_pipe_reg[12][4].
DSP Report: Generating DSP mult_reg_pipe_reg[10][7], operation Mode is: (A2*B2)'.
DSP Report: register weight_reg_reg[10][7] is absorbed into DSP mult_reg_pipe_reg[10][7].
DSP Report: register feature_reg_reg[7] is absorbed into DSP mult_reg_pipe_reg[10][7].
DSP Report: register mult_reg_pipe_reg[10][7] is absorbed into DSP mult_reg_pipe_reg[10][7].
DSP Report: register mult_reg_reg[10][7] is absorbed into DSP mult_reg_pipe_reg[10][7].
DSP Report: operator p_0_out is absorbed into DSP mult_reg_pipe_reg[10][7].
DSP Report: Generating DSP mult_reg_pipe_reg[10][6], operation Mode is: (A2*B2)'.
DSP Report: register weight_reg_reg[10][6] is absorbed into DSP mult_reg_pipe_reg[10][6].
DSP Report: register feature_reg_reg[6] is absorbed into DSP mult_reg_pipe_reg[10][6].
DSP Report: register mult_reg_pipe_reg[10][6] is absorbed into DSP mult_reg_pipe_reg[10][6].
DSP Report: register mult_reg_reg[10][6] is absorbed into DSP mult_reg_pipe_reg[10][6].
DSP Report: operator p_0_out is absorbed into DSP mult_reg_pipe_reg[10][6].
DSP Report: Generating DSP mult_reg_pipe_reg[10][3], operation Mode is: (A2*B2)'.
DSP Report: register weight_reg_reg[10][3] is absorbed into DSP mult_reg_pipe_reg[10][3].
DSP Report: register feature_reg_reg[3] is absorbed into DSP mult_reg_pipe_reg[10][3].
DSP Report: register mult_reg_pipe_reg[10][3] is absorbed into DSP mult_reg_pipe_reg[10][3].
DSP Report: register mult_reg_reg[10][3] is absorbed into DSP mult_reg_pipe_reg[10][3].
DSP Report: operator p_0_out is absorbed into DSP mult_reg_pipe_reg[10][3].
DSP Report: Generating DSP mult_reg_pipe_reg[10][2], operation Mode is: (A2*B2)'.
DSP Report: register weight_reg_reg[10][2] is absorbed into DSP mult_reg_pipe_reg[10][2].
DSP Report: register feature_reg_reg[2] is absorbed into DSP mult_reg_pipe_reg[10][2].
DSP Report: register mult_reg_pipe_reg[10][2] is absorbed into DSP mult_reg_pipe_reg[10][2].
DSP Report: register mult_reg_reg[10][2] is absorbed into DSP mult_reg_pipe_reg[10][2].
DSP Report: operator p_0_out is absorbed into DSP mult_reg_pipe_reg[10][2].
DSP Report: Generating DSP mult_reg_pipe_reg[10][1], operation Mode is: (A2*B2)'.
DSP Report: register weight_reg_reg[10][1] is absorbed into DSP mult_reg_pipe_reg[10][1].
DSP Report: register feature_reg_reg[1] is absorbed into DSP mult_reg_pipe_reg[10][1].
DSP Report: register mult_reg_pipe_reg[10][1] is absorbed into DSP mult_reg_pipe_reg[10][1].
DSP Report: register mult_reg_reg[10][1] is absorbed into DSP mult_reg_pipe_reg[10][1].
DSP Report: operator p_0_out is absorbed into DSP mult_reg_pipe_reg[10][1].
DSP Report: Generating DSP mult_reg_pipe_reg[10][0], operation Mode is: (A2*B2)'.
DSP Report: register weight_reg_reg[10][0] is absorbed into DSP mult_reg_pipe_reg[10][0].
DSP Report: register feature_reg_reg[0] is absorbed into DSP mult_reg_pipe_reg[10][0].
DSP Report: register mult_reg_pipe_reg[10][0] is absorbed into DSP mult_reg_pipe_reg[10][0].
DSP Report: register mult_reg_reg[10][0] is absorbed into DSP mult_reg_pipe_reg[10][0].
DSP Report: operator p_0_out is absorbed into DSP mult_reg_pipe_reg[10][0].
DSP Report: Generating DSP mult_reg_pipe_reg[11][7], operation Mode is: (A2*B2)'.
DSP Report: register weight_reg_reg[11][7] is absorbed into DSP mult_reg_pipe_reg[11][7].
DSP Report: register feature_reg_reg[7] is absorbed into DSP mult_reg_pipe_reg[11][7].
DSP Report: register mult_reg_pipe_reg[11][7] is absorbed into DSP mult_reg_pipe_reg[11][7].
DSP Report: register mult_reg_reg[11][7] is absorbed into DSP mult_reg_pipe_reg[11][7].
DSP Report: operator p_0_out is absorbed into DSP mult_reg_pipe_reg[11][7].
DSP Report: Generating DSP mult_reg_pipe_reg[11][6], operation Mode is: (A2*B2)'.
DSP Report: register weight_reg_reg[11][6] is absorbed into DSP mult_reg_pipe_reg[11][6].
DSP Report: register feature_reg_reg[6] is absorbed into DSP mult_reg_pipe_reg[11][6].
DSP Report: register mult_reg_pipe_reg[11][6] is absorbed into DSP mult_reg_pipe_reg[11][6].
DSP Report: register mult_reg_reg[11][6] is absorbed into DSP mult_reg_pipe_reg[11][6].
DSP Report: operator p_0_out is absorbed into DSP mult_reg_pipe_reg[11][6].
DSP Report: Generating DSP mult_reg_pipe_reg[11][5], operation Mode is: (A2*B2)'.
DSP Report: register weight_reg_reg[11][5] is absorbed into DSP mult_reg_pipe_reg[11][5].
DSP Report: register feature_reg_reg[5] is absorbed into DSP mult_reg_pipe_reg[11][5].
DSP Report: register mult_reg_pipe_reg[11][5] is absorbed into DSP mult_reg_pipe_reg[11][5].
DSP Report: register mult_reg_reg[11][5] is absorbed into DSP mult_reg_pipe_reg[11][5].
DSP Report: operator p_0_out is absorbed into DSP mult_reg_pipe_reg[11][5].
DSP Report: Generating DSP mult_reg_pipe_reg[11][4], operation Mode is: (A2*B2)'.
DSP Report: register weight_reg_reg[11][4] is absorbed into DSP mult_reg_pipe_reg[11][4].
DSP Report: register feature_reg_reg[4] is absorbed into DSP mult_reg_pipe_reg[11][4].
DSP Report: register mult_reg_pipe_reg[11][4] is absorbed into DSP mult_reg_pipe_reg[11][4].
DSP Report: register mult_reg_reg[11][4] is absorbed into DSP mult_reg_pipe_reg[11][4].
DSP Report: operator p_0_out is absorbed into DSP mult_reg_pipe_reg[11][4].
DSP Report: Generating DSP mult_reg_pipe_reg[8][7], operation Mode is: (A2*B2)'.
DSP Report: register weight_reg_reg[8][7] is absorbed into DSP mult_reg_pipe_reg[8][7].
DSP Report: register feature_reg_reg[7] is absorbed into DSP mult_reg_pipe_reg[8][7].
DSP Report: register mult_reg_pipe_reg[8][7] is absorbed into DSP mult_reg_pipe_reg[8][7].
DSP Report: register mult_reg_reg[8][7] is absorbed into DSP mult_reg_pipe_reg[8][7].
DSP Report: operator p_0_out is absorbed into DSP mult_reg_pipe_reg[8][7].
DSP Report: Generating DSP mult_reg_pipe_reg[8][6], operation Mode is: (A2*B2)'.
DSP Report: register weight_reg_reg[8][6] is absorbed into DSP mult_reg_pipe_reg[8][6].
DSP Report: register feature_reg_reg[6] is absorbed into DSP mult_reg_pipe_reg[8][6].
DSP Report: register mult_reg_pipe_reg[8][6] is absorbed into DSP mult_reg_pipe_reg[8][6].
DSP Report: register mult_reg_reg[8][6] is absorbed into DSP mult_reg_pipe_reg[8][6].
DSP Report: operator p_0_out is absorbed into DSP mult_reg_pipe_reg[8][6].
DSP Report: Generating DSP mult_reg_pipe_reg[8][5], operation Mode is: (A2*B2)'.
DSP Report: register weight_reg_reg[8][5] is absorbed into DSP mult_reg_pipe_reg[8][5].
DSP Report: register feature_reg_reg[5] is absorbed into DSP mult_reg_pipe_reg[8][5].
DSP Report: register mult_reg_pipe_reg[8][5] is absorbed into DSP mult_reg_pipe_reg[8][5].
DSP Report: register mult_reg_reg[8][5] is absorbed into DSP mult_reg_pipe_reg[8][5].
DSP Report: operator p_0_out is absorbed into DSP mult_reg_pipe_reg[8][5].
DSP Report: Generating DSP mult_reg_pipe_reg[8][4], operation Mode is: (A2*B2)'.
DSP Report: register weight_reg_reg[8][4] is absorbed into DSP mult_reg_pipe_reg[8][4].
DSP Report: register feature_reg_reg[4] is absorbed into DSP mult_reg_pipe_reg[8][4].
DSP Report: register mult_reg_pipe_reg[8][4] is absorbed into DSP mult_reg_pipe_reg[8][4].
DSP Report: register mult_reg_reg[8][4] is absorbed into DSP mult_reg_pipe_reg[8][4].
DSP Report: operator p_0_out is absorbed into DSP mult_reg_pipe_reg[8][4].
DSP Report: Generating DSP mult_reg_pipe_reg[8][3], operation Mode is: (A2*B2)'.
DSP Report: register weight_reg_reg[8][3] is absorbed into DSP mult_reg_pipe_reg[8][3].
DSP Report: register feature_reg_reg[3] is absorbed into DSP mult_reg_pipe_reg[8][3].
DSP Report: register mult_reg_pipe_reg[8][3] is absorbed into DSP mult_reg_pipe_reg[8][3].
DSP Report: register mult_reg_reg[8][3] is absorbed into DSP mult_reg_pipe_reg[8][3].
DSP Report: operator p_0_out is absorbed into DSP mult_reg_pipe_reg[8][3].
DSP Report: Generating DSP mult_reg_pipe_reg[8][2], operation Mode is: (A2*B2)'.
DSP Report: register weight_reg_reg[8][2] is absorbed into DSP mult_reg_pipe_reg[8][2].
DSP Report: register feature_reg_reg[2] is absorbed into DSP mult_reg_pipe_reg[8][2].
DSP Report: register mult_reg_pipe_reg[8][2] is absorbed into DSP mult_reg_pipe_reg[8][2].
DSP Report: register mult_reg_reg[8][2] is absorbed into DSP mult_reg_pipe_reg[8][2].
DSP Report: operator p_0_out is absorbed into DSP mult_reg_pipe_reg[8][2].
DSP Report: Generating DSP mult_reg_pipe_reg[8][1], operation Mode is: (A2*B2)'.
DSP Report: register weight_reg_reg[8][1] is absorbed into DSP mult_reg_pipe_reg[8][1].
DSP Report: register feature_reg_reg[1] is absorbed into DSP mult_reg_pipe_reg[8][1].
DSP Report: register mult_reg_pipe_reg[8][1] is absorbed into DSP mult_reg_pipe_reg[8][1].
DSP Report: register mult_reg_reg[8][1] is absorbed into DSP mult_reg_pipe_reg[8][1].
DSP Report: operator p_0_out is absorbed into DSP mult_reg_pipe_reg[8][1].
DSP Report: Generating DSP mult_reg_pipe_reg[8][0], operation Mode is: (A2*B2)'.
DSP Report: register weight_reg_reg[8][0] is absorbed into DSP mult_reg_pipe_reg[8][0].
DSP Report: register feature_reg_reg[0] is absorbed into DSP mult_reg_pipe_reg[8][0].
DSP Report: register mult_reg_pipe_reg[8][0] is absorbed into DSP mult_reg_pipe_reg[8][0].
DSP Report: register mult_reg_reg[8][0] is absorbed into DSP mult_reg_pipe_reg[8][0].
DSP Report: operator p_0_out is absorbed into DSP mult_reg_pipe_reg[8][0].
DSP Report: Generating DSP mult_reg_pipe_reg[7][7], operation Mode is: (A2*B2)'.
DSP Report: register weight_reg_reg[7][7] is absorbed into DSP mult_reg_pipe_reg[7][7].
DSP Report: register feature_reg_reg[7] is absorbed into DSP mult_reg_pipe_reg[7][7].
DSP Report: register mult_reg_pipe_reg[7][7] is absorbed into DSP mult_reg_pipe_reg[7][7].
DSP Report: register mult_reg_reg[7][7] is absorbed into DSP mult_reg_pipe_reg[7][7].
DSP Report: operator p_0_out is absorbed into DSP mult_reg_pipe_reg[7][7].
DSP Report: Generating DSP mult_reg_pipe_reg[7][6], operation Mode is: (A2*B2)'.
DSP Report: register weight_reg_reg[7][6] is absorbed into DSP mult_reg_pipe_reg[7][6].
DSP Report: register feature_reg_reg[6] is absorbed into DSP mult_reg_pipe_reg[7][6].
DSP Report: register mult_reg_pipe_reg[7][6] is absorbed into DSP mult_reg_pipe_reg[7][6].
DSP Report: register mult_reg_reg[7][6] is absorbed into DSP mult_reg_pipe_reg[7][6].
DSP Report: operator p_0_out is absorbed into DSP mult_reg_pipe_reg[7][6].
DSP Report: Generating DSP mult_reg_pipe_reg[7][5], operation Mode is: (A2*B2)'.
DSP Report: register weight_reg_reg[7][5] is absorbed into DSP mult_reg_pipe_reg[7][5].
DSP Report: register feature_reg_reg[5] is absorbed into DSP mult_reg_pipe_reg[7][5].
DSP Report: register mult_reg_pipe_reg[7][5] is absorbed into DSP mult_reg_pipe_reg[7][5].
DSP Report: register mult_reg_reg[7][5] is absorbed into DSP mult_reg_pipe_reg[7][5].
DSP Report: operator p_0_out is absorbed into DSP mult_reg_pipe_reg[7][5].
DSP Report: Generating DSP mult_reg_pipe_reg[7][4], operation Mode is: (A2*B2)'.
DSP Report: register weight_reg_reg[7][4] is absorbed into DSP mult_reg_pipe_reg[7][4].
DSP Report: register feature_reg_reg[4] is absorbed into DSP mult_reg_pipe_reg[7][4].
DSP Report: register mult_reg_pipe_reg[7][4] is absorbed into DSP mult_reg_pipe_reg[7][4].
DSP Report: register mult_reg_reg[7][4] is absorbed into DSP mult_reg_pipe_reg[7][4].
DSP Report: operator p_0_out is absorbed into DSP mult_reg_pipe_reg[7][4].
DSP Report: Generating DSP mult_reg_pipe_reg[7][3], operation Mode is: (A2*B2)'.
DSP Report: register weight_reg_reg[7][3] is absorbed into DSP mult_reg_pipe_reg[7][3].
DSP Report: register feature_reg_reg[3] is absorbed into DSP mult_reg_pipe_reg[7][3].
DSP Report: register mult_reg_pipe_reg[7][3] is absorbed into DSP mult_reg_pipe_reg[7][3].
DSP Report: register mult_reg_reg[7][3] is absorbed into DSP mult_reg_pipe_reg[7][3].
DSP Report: operator p_0_out is absorbed into DSP mult_reg_pipe_reg[7][3].
DSP Report: Generating DSP mult_reg_pipe_reg[7][2], operation Mode is: (A2*B2)'.
DSP Report: register weight_reg_reg[7][2] is absorbed into DSP mult_reg_pipe_reg[7][2].
DSP Report: register feature_reg_reg[2] is absorbed into DSP mult_reg_pipe_reg[7][2].
DSP Report: register mult_reg_pipe_reg[7][2] is absorbed into DSP mult_reg_pipe_reg[7][2].
DSP Report: register mult_reg_reg[7][2] is absorbed into DSP mult_reg_pipe_reg[7][2].
DSP Report: operator p_0_out is absorbed into DSP mult_reg_pipe_reg[7][2].
DSP Report: Generating DSP mult_reg_pipe_reg[7][1], operation Mode is: (A2*B2)'.
DSP Report: register weight_reg_reg[7][1] is absorbed into DSP mult_reg_pipe_reg[7][1].
DSP Report: register feature_reg_reg[1] is absorbed into DSP mult_reg_pipe_reg[7][1].
DSP Report: register mult_reg_pipe_reg[7][1] is absorbed into DSP mult_reg_pipe_reg[7][1].
DSP Report: register mult_reg_reg[7][1] is absorbed into DSP mult_reg_pipe_reg[7][1].
DSP Report: operator p_0_out is absorbed into DSP mult_reg_pipe_reg[7][1].
DSP Report: Generating DSP mult_reg_pipe_reg[7][0], operation Mode is: (A2*B2)'.
DSP Report: register weight_reg_reg[7][0] is absorbed into DSP mult_reg_pipe_reg[7][0].
DSP Report: register feature_reg_reg[0] is absorbed into DSP mult_reg_pipe_reg[7][0].
DSP Report: register mult_reg_pipe_reg[7][0] is absorbed into DSP mult_reg_pipe_reg[7][0].
DSP Report: register mult_reg_reg[7][0] is absorbed into DSP mult_reg_pipe_reg[7][0].
DSP Report: operator p_0_out is absorbed into DSP mult_reg_pipe_reg[7][0].
DSP Report: Generating DSP mult_reg_pipe_reg[6][7], operation Mode is: (A2*B2)'.
DSP Report: register weight_reg_reg[6][7] is absorbed into DSP mult_reg_pipe_reg[6][7].
DSP Report: register feature_reg_reg[7] is absorbed into DSP mult_reg_pipe_reg[6][7].
DSP Report: register mult_reg_pipe_reg[6][7] is absorbed into DSP mult_reg_pipe_reg[6][7].
DSP Report: register mult_reg_reg[6][7] is absorbed into DSP mult_reg_pipe_reg[6][7].
DSP Report: operator p_0_out is absorbed into DSP mult_reg_pipe_reg[6][7].
DSP Report: Generating DSP mult_reg_pipe_reg[6][6], operation Mode is: (A2*B2)'.
DSP Report: register weight_reg_reg[6][6] is absorbed into DSP mult_reg_pipe_reg[6][6].
DSP Report: register feature_reg_reg[6] is absorbed into DSP mult_reg_pipe_reg[6][6].
DSP Report: register mult_reg_pipe_reg[6][6] is absorbed into DSP mult_reg_pipe_reg[6][6].
DSP Report: register mult_reg_reg[6][6] is absorbed into DSP mult_reg_pipe_reg[6][6].
DSP Report: operator p_0_out is absorbed into DSP mult_reg_pipe_reg[6][6].
DSP Report: Generating DSP mult_reg_pipe_reg[5][7], operation Mode is: (A2*B2)'.
DSP Report: register weight_reg_reg[5][7] is absorbed into DSP mult_reg_pipe_reg[5][7].
DSP Report: register feature_reg_reg[7] is absorbed into DSP mult_reg_pipe_reg[5][7].
DSP Report: register mult_reg_pipe_reg[5][7] is absorbed into DSP mult_reg_pipe_reg[5][7].
DSP Report: register mult_reg_reg[5][7] is absorbed into DSP mult_reg_pipe_reg[5][7].
DSP Report: operator p_0_out is absorbed into DSP mult_reg_pipe_reg[5][7].
DSP Report: Generating DSP mult_reg_pipe_reg[5][6], operation Mode is: (A2*B2)'.
DSP Report: register weight_reg_reg[5][6] is absorbed into DSP mult_reg_pipe_reg[5][6].
DSP Report: register feature_reg_reg[6] is absorbed into DSP mult_reg_pipe_reg[5][6].
DSP Report: register mult_reg_pipe_reg[5][6] is absorbed into DSP mult_reg_pipe_reg[5][6].
DSP Report: register mult_reg_reg[5][6] is absorbed into DSP mult_reg_pipe_reg[5][6].
DSP Report: operator p_0_out is absorbed into DSP mult_reg_pipe_reg[5][6].
DSP Report: Generating DSP mult_reg_pipe_reg[5][5], operation Mode is: (A2*B2)'.
DSP Report: register weight_reg_reg[5][5] is absorbed into DSP mult_reg_pipe_reg[5][5].
DSP Report: register feature_reg_reg[5] is absorbed into DSP mult_reg_pipe_reg[5][5].
DSP Report: register mult_reg_pipe_reg[5][5] is absorbed into DSP mult_reg_pipe_reg[5][5].
DSP Report: register mult_reg_reg[5][5] is absorbed into DSP mult_reg_pipe_reg[5][5].
DSP Report: operator p_0_out is absorbed into DSP mult_reg_pipe_reg[5][5].
DSP Report: Generating DSP mult_reg_pipe_reg[5][4], operation Mode is: (A2*B2)'.
DSP Report: register weight_reg_reg[5][4] is absorbed into DSP mult_reg_pipe_reg[5][4].
DSP Report: register feature_reg_reg[4] is absorbed into DSP mult_reg_pipe_reg[5][4].
DSP Report: register mult_reg_pipe_reg[5][4] is absorbed into DSP mult_reg_pipe_reg[5][4].
DSP Report: register mult_reg_reg[5][4] is absorbed into DSP mult_reg_pipe_reg[5][4].
DSP Report: operator p_0_out is absorbed into DSP mult_reg_pipe_reg[5][4].
DSP Report: Generating DSP mult_reg_pipe_reg[5][3], operation Mode is: (A2*B2)'.
DSP Report: register weight_reg_reg[5][3] is absorbed into DSP mult_reg_pipe_reg[5][3].
DSP Report: register feature_reg_reg[3] is absorbed into DSP mult_reg_pipe_reg[5][3].
DSP Report: register mult_reg_pipe_reg[5][3] is absorbed into DSP mult_reg_pipe_reg[5][3].
DSP Report: register mult_reg_reg[5][3] is absorbed into DSP mult_reg_pipe_reg[5][3].
DSP Report: operator p_0_out is absorbed into DSP mult_reg_pipe_reg[5][3].
DSP Report: Generating DSP mult_reg_pipe_reg[5][2], operation Mode is: (A2*B2)'.
DSP Report: register weight_reg_reg[5][2] is absorbed into DSP mult_reg_pipe_reg[5][2].
DSP Report: register feature_reg_reg[2] is absorbed into DSP mult_reg_pipe_reg[5][2].
DSP Report: register mult_reg_pipe_reg[5][2] is absorbed into DSP mult_reg_pipe_reg[5][2].
DSP Report: register mult_reg_reg[5][2] is absorbed into DSP mult_reg_pipe_reg[5][2].
DSP Report: operator p_0_out is absorbed into DSP mult_reg_pipe_reg[5][2].
DSP Report: Generating DSP mult_reg_pipe_reg[5][1], operation Mode is: (A2*B2)'.
DSP Report: register weight_reg_reg[5][1] is absorbed into DSP mult_reg_pipe_reg[5][1].
DSP Report: register feature_reg_reg[1] is absorbed into DSP mult_reg_pipe_reg[5][1].
DSP Report: register mult_reg_pipe_reg[5][1] is absorbed into DSP mult_reg_pipe_reg[5][1].
DSP Report: register mult_reg_reg[5][1] is absorbed into DSP mult_reg_pipe_reg[5][1].
DSP Report: operator p_0_out is absorbed into DSP mult_reg_pipe_reg[5][1].
DSP Report: Generating DSP mult_reg_pipe_reg[5][0], operation Mode is: (A2*B2)'.
DSP Report: register weight_reg_reg[5][0] is absorbed into DSP mult_reg_pipe_reg[5][0].
DSP Report: register feature_reg_reg[0] is absorbed into DSP mult_reg_pipe_reg[5][0].
DSP Report: register mult_reg_pipe_reg[5][0] is absorbed into DSP mult_reg_pipe_reg[5][0].
DSP Report: register mult_reg_reg[5][0] is absorbed into DSP mult_reg_pipe_reg[5][0].
DSP Report: operator p_0_out is absorbed into DSP mult_reg_pipe_reg[5][0].
DSP Report: Generating DSP mult_reg_pipe_reg[4][7], operation Mode is: (A2*B2)'.
DSP Report: register weight_reg_reg[4][7] is absorbed into DSP mult_reg_pipe_reg[4][7].
DSP Report: register feature_reg_reg[7] is absorbed into DSP mult_reg_pipe_reg[4][7].
DSP Report: register mult_reg_pipe_reg[4][7] is absorbed into DSP mult_reg_pipe_reg[4][7].
DSP Report: register mult_reg_reg[4][7] is absorbed into DSP mult_reg_pipe_reg[4][7].
DSP Report: operator p_0_out is absorbed into DSP mult_reg_pipe_reg[4][7].
DSP Report: Generating DSP mult_reg_pipe_reg[4][6], operation Mode is: (A2*B2)'.
DSP Report: register weight_reg_reg[4][6] is absorbed into DSP mult_reg_pipe_reg[4][6].
DSP Report: register feature_reg_reg[6] is absorbed into DSP mult_reg_pipe_reg[4][6].
DSP Report: register mult_reg_pipe_reg[4][6] is absorbed into DSP mult_reg_pipe_reg[4][6].
DSP Report: register mult_reg_reg[4][6] is absorbed into DSP mult_reg_pipe_reg[4][6].
DSP Report: operator p_0_out is absorbed into DSP mult_reg_pipe_reg[4][6].
DSP Report: Generating DSP mult_reg_pipe_reg[4][5], operation Mode is: (A2*B2)'.
DSP Report: register weight_reg_reg[4][5] is absorbed into DSP mult_reg_pipe_reg[4][5].
DSP Report: register feature_reg_reg[5] is absorbed into DSP mult_reg_pipe_reg[4][5].
DSP Report: register mult_reg_pipe_reg[4][5] is absorbed into DSP mult_reg_pipe_reg[4][5].
DSP Report: register mult_reg_reg[4][5] is absorbed into DSP mult_reg_pipe_reg[4][5].
DSP Report: operator p_0_out is absorbed into DSP mult_reg_pipe_reg[4][5].
DSP Report: Generating DSP mult_reg_pipe_reg[4][4], operation Mode is: (A2*B2)'.
DSP Report: register weight_reg_reg[4][4] is absorbed into DSP mult_reg_pipe_reg[4][4].
DSP Report: register feature_reg_reg[4] is absorbed into DSP mult_reg_pipe_reg[4][4].
DSP Report: register mult_reg_pipe_reg[4][4] is absorbed into DSP mult_reg_pipe_reg[4][4].
DSP Report: register mult_reg_reg[4][4] is absorbed into DSP mult_reg_pipe_reg[4][4].
DSP Report: operator p_0_out is absorbed into DSP mult_reg_pipe_reg[4][4].
DSP Report: Generating DSP mult_reg_pipe_reg[4][3], operation Mode is: (A2*B2)'.
DSP Report: register weight_reg_reg[4][3] is absorbed into DSP mult_reg_pipe_reg[4][3].
DSP Report: register feature_reg_reg[3] is absorbed into DSP mult_reg_pipe_reg[4][3].
DSP Report: register mult_reg_pipe_reg[4][3] is absorbed into DSP mult_reg_pipe_reg[4][3].
DSP Report: register mult_reg_reg[4][3] is absorbed into DSP mult_reg_pipe_reg[4][3].
DSP Report: operator p_0_out is absorbed into DSP mult_reg_pipe_reg[4][3].
DSP Report: Generating DSP mult_reg_pipe_reg[4][2], operation Mode is: (A2*B2)'.
DSP Report: register weight_reg_reg[4][2] is absorbed into DSP mult_reg_pipe_reg[4][2].
DSP Report: register feature_reg_reg[2] is absorbed into DSP mult_reg_pipe_reg[4][2].
DSP Report: register mult_reg_pipe_reg[4][2] is absorbed into DSP mult_reg_pipe_reg[4][2].
DSP Report: register mult_reg_reg[4][2] is absorbed into DSP mult_reg_pipe_reg[4][2].
DSP Report: operator p_0_out is absorbed into DSP mult_reg_pipe_reg[4][2].
DSP Report: Generating DSP mult_reg_pipe_reg[4][1], operation Mode is: (A2*B2)'.
DSP Report: register weight_reg_reg[4][1] is absorbed into DSP mult_reg_pipe_reg[4][1].
DSP Report: register feature_reg_reg[1] is absorbed into DSP mult_reg_pipe_reg[4][1].
DSP Report: register mult_reg_pipe_reg[4][1] is absorbed into DSP mult_reg_pipe_reg[4][1].
DSP Report: register mult_reg_reg[4][1] is absorbed into DSP mult_reg_pipe_reg[4][1].
DSP Report: operator p_0_out is absorbed into DSP mult_reg_pipe_reg[4][1].
DSP Report: Generating DSP mult_reg_pipe_reg[4][0], operation Mode is: (A2*B2)'.
DSP Report: register weight_reg_reg[4][0] is absorbed into DSP mult_reg_pipe_reg[4][0].
DSP Report: register feature_reg_reg[0] is absorbed into DSP mult_reg_pipe_reg[4][0].
DSP Report: register mult_reg_pipe_reg[4][0] is absorbed into DSP mult_reg_pipe_reg[4][0].
DSP Report: register mult_reg_reg[4][0] is absorbed into DSP mult_reg_pipe_reg[4][0].
DSP Report: operator p_0_out is absorbed into DSP mult_reg_pipe_reg[4][0].
DSP Report: Generating DSP mult_reg_pipe_reg[3][7], operation Mode is: (A2*B2)'.
DSP Report: register weight_reg_reg[3][7] is absorbed into DSP mult_reg_pipe_reg[3][7].
DSP Report: register feature_reg_reg[7] is absorbed into DSP mult_reg_pipe_reg[3][7].
DSP Report: register mult_reg_pipe_reg[3][7] is absorbed into DSP mult_reg_pipe_reg[3][7].
DSP Report: register mult_reg_reg[3][7] is absorbed into DSP mult_reg_pipe_reg[3][7].
DSP Report: operator p_0_out is absorbed into DSP mult_reg_pipe_reg[3][7].
DSP Report: Generating DSP mult_reg_pipe_reg[3][6], operation Mode is: (A2*B2)'.
DSP Report: register weight_reg_reg[3][6] is absorbed into DSP mult_reg_pipe_reg[3][6].
DSP Report: register feature_reg_reg[6] is absorbed into DSP mult_reg_pipe_reg[3][6].
DSP Report: register mult_reg_pipe_reg[3][6] is absorbed into DSP mult_reg_pipe_reg[3][6].
DSP Report: register mult_reg_reg[3][6] is absorbed into DSP mult_reg_pipe_reg[3][6].
DSP Report: operator p_0_out is absorbed into DSP mult_reg_pipe_reg[3][6].
DSP Report: Generating DSP mult_reg_pipe_reg[3][5], operation Mode is: (A2*B2)'.
DSP Report: register weight_reg_reg[3][5] is absorbed into DSP mult_reg_pipe_reg[3][5].
DSP Report: register feature_reg_reg[5] is absorbed into DSP mult_reg_pipe_reg[3][5].
DSP Report: register mult_reg_pipe_reg[3][5] is absorbed into DSP mult_reg_pipe_reg[3][5].
DSP Report: register mult_reg_reg[3][5] is absorbed into DSP mult_reg_pipe_reg[3][5].
DSP Report: operator p_0_out is absorbed into DSP mult_reg_pipe_reg[3][5].
DSP Report: Generating DSP mult_reg_pipe_reg[3][4], operation Mode is: (A2*B2)'.
DSP Report: register weight_reg_reg[3][4] is absorbed into DSP mult_reg_pipe_reg[3][4].
DSP Report: register feature_reg_reg[4] is absorbed into DSP mult_reg_pipe_reg[3][4].
DSP Report: register mult_reg_pipe_reg[3][4] is absorbed into DSP mult_reg_pipe_reg[3][4].
DSP Report: register mult_reg_reg[3][4] is absorbed into DSP mult_reg_pipe_reg[3][4].
DSP Report: operator p_0_out is absorbed into DSP mult_reg_pipe_reg[3][4].
DSP Report: Generating DSP mult_reg_pipe_reg[3][3], operation Mode is: (A2*B2)'.
DSP Report: register weight_reg_reg[3][3] is absorbed into DSP mult_reg_pipe_reg[3][3].
DSP Report: register feature_reg_reg[3] is absorbed into DSP mult_reg_pipe_reg[3][3].
DSP Report: register mult_reg_pipe_reg[3][3] is absorbed into DSP mult_reg_pipe_reg[3][3].
DSP Report: register mult_reg_reg[3][3] is absorbed into DSP mult_reg_pipe_reg[3][3].
DSP Report: operator p_0_out is absorbed into DSP mult_reg_pipe_reg[3][3].
DSP Report: Generating DSP mult_reg_pipe_reg[3][2], operation Mode is: (A2*B2)'.
DSP Report: register weight_reg_reg[3][2] is absorbed into DSP mult_reg_pipe_reg[3][2].
DSP Report: register feature_reg_reg[2] is absorbed into DSP mult_reg_pipe_reg[3][2].
DSP Report: register mult_reg_pipe_reg[3][2] is absorbed into DSP mult_reg_pipe_reg[3][2].
DSP Report: register mult_reg_reg[3][2] is absorbed into DSP mult_reg_pipe_reg[3][2].
DSP Report: operator p_0_out is absorbed into DSP mult_reg_pipe_reg[3][2].
DSP Report: Generating DSP mult_reg_pipe_reg[3][1], operation Mode is: (A2*B2)'.
DSP Report: register weight_reg_reg[3][1] is absorbed into DSP mult_reg_pipe_reg[3][1].
DSP Report: register feature_reg_reg[1] is absorbed into DSP mult_reg_pipe_reg[3][1].
DSP Report: register mult_reg_pipe_reg[3][1] is absorbed into DSP mult_reg_pipe_reg[3][1].
DSP Report: register mult_reg_reg[3][1] is absorbed into DSP mult_reg_pipe_reg[3][1].
DSP Report: operator p_0_out is absorbed into DSP mult_reg_pipe_reg[3][1].
DSP Report: Generating DSP mult_reg_pipe_reg[3][0], operation Mode is: (A2*B2)'.
DSP Report: register weight_reg_reg[3][0] is absorbed into DSP mult_reg_pipe_reg[3][0].
DSP Report: register feature_reg_reg[0] is absorbed into DSP mult_reg_pipe_reg[3][0].
DSP Report: register mult_reg_pipe_reg[3][0] is absorbed into DSP mult_reg_pipe_reg[3][0].
DSP Report: register mult_reg_reg[3][0] is absorbed into DSP mult_reg_pipe_reg[3][0].
DSP Report: operator p_0_out is absorbed into DSP mult_reg_pipe_reg[3][0].
DSP Report: Generating DSP mult_reg_pipe_reg[2][7], operation Mode is: (A2*B2)'.
DSP Report: register weight_reg_reg[2][7] is absorbed into DSP mult_reg_pipe_reg[2][7].
DSP Report: register feature_reg_reg[7] is absorbed into DSP mult_reg_pipe_reg[2][7].
DSP Report: register mult_reg_pipe_reg[2][7] is absorbed into DSP mult_reg_pipe_reg[2][7].
DSP Report: register mult_reg_reg[2][7] is absorbed into DSP mult_reg_pipe_reg[2][7].
DSP Report: operator p_0_out is absorbed into DSP mult_reg_pipe_reg[2][7].
DSP Report: Generating DSP mult_reg_pipe_reg[2][6], operation Mode is: (A2*B2)'.
DSP Report: register weight_reg_reg[2][6] is absorbed into DSP mult_reg_pipe_reg[2][6].
DSP Report: register feature_reg_reg[6] is absorbed into DSP mult_reg_pipe_reg[2][6].
DSP Report: register mult_reg_pipe_reg[2][6] is absorbed into DSP mult_reg_pipe_reg[2][6].
DSP Report: register mult_reg_reg[2][6] is absorbed into DSP mult_reg_pipe_reg[2][6].
DSP Report: operator p_0_out is absorbed into DSP mult_reg_pipe_reg[2][6].
DSP Report: Generating DSP mult_reg_pipe_reg[2][5], operation Mode is: (A2*B2)'.
DSP Report: register weight_reg_reg[2][5] is absorbed into DSP mult_reg_pipe_reg[2][5].
DSP Report: register feature_reg_reg[5] is absorbed into DSP mult_reg_pipe_reg[2][5].
DSP Report: register mult_reg_pipe_reg[2][5] is absorbed into DSP mult_reg_pipe_reg[2][5].
DSP Report: register mult_reg_reg[2][5] is absorbed into DSP mult_reg_pipe_reg[2][5].
DSP Report: operator p_0_out is absorbed into DSP mult_reg_pipe_reg[2][5].
DSP Report: Generating DSP mult_reg_pipe_reg[2][4], operation Mode is: (A2*B2)'.
DSP Report: register weight_reg_reg[2][4] is absorbed into DSP mult_reg_pipe_reg[2][4].
DSP Report: register feature_reg_reg[4] is absorbed into DSP mult_reg_pipe_reg[2][4].
DSP Report: register mult_reg_pipe_reg[2][4] is absorbed into DSP mult_reg_pipe_reg[2][4].
DSP Report: register mult_reg_reg[2][4] is absorbed into DSP mult_reg_pipe_reg[2][4].
DSP Report: operator p_0_out is absorbed into DSP mult_reg_pipe_reg[2][4].
DSP Report: Generating DSP mult_reg_pipe_reg[2][3], operation Mode is: (A2*B2)'.
DSP Report: register weight_reg_reg[2][3] is absorbed into DSP mult_reg_pipe_reg[2][3].
DSP Report: register feature_reg_reg[3] is absorbed into DSP mult_reg_pipe_reg[2][3].
DSP Report: register mult_reg_pipe_reg[2][3] is absorbed into DSP mult_reg_pipe_reg[2][3].
DSP Report: register mult_reg_reg[2][3] is absorbed into DSP mult_reg_pipe_reg[2][3].
DSP Report: operator p_0_out is absorbed into DSP mult_reg_pipe_reg[2][3].
DSP Report: Generating DSP mult_reg_pipe_reg[2][2], operation Mode is: (A2*B2)'.
DSP Report: register weight_reg_reg[2][2] is absorbed into DSP mult_reg_pipe_reg[2][2].
DSP Report: register feature_reg_reg[2] is absorbed into DSP mult_reg_pipe_reg[2][2].
DSP Report: register mult_reg_pipe_reg[2][2] is absorbed into DSP mult_reg_pipe_reg[2][2].
DSP Report: register mult_reg_reg[2][2] is absorbed into DSP mult_reg_pipe_reg[2][2].
DSP Report: operator p_0_out is absorbed into DSP mult_reg_pipe_reg[2][2].
DSP Report: Generating DSP mult_reg_pipe_reg[2][1], operation Mode is: (A2*B2)'.
DSP Report: register weight_reg_reg[2][1] is absorbed into DSP mult_reg_pipe_reg[2][1].
DSP Report: register feature_reg_reg[1] is absorbed into DSP mult_reg_pipe_reg[2][1].
DSP Report: register mult_reg_pipe_reg[2][1] is absorbed into DSP mult_reg_pipe_reg[2][1].
DSP Report: register mult_reg_reg[2][1] is absorbed into DSP mult_reg_pipe_reg[2][1].
DSP Report: operator p_0_out is absorbed into DSP mult_reg_pipe_reg[2][1].
DSP Report: Generating DSP mult_reg_pipe_reg[2][0], operation Mode is: (A2*B2)'.
DSP Report: register weight_reg_reg[2][0] is absorbed into DSP mult_reg_pipe_reg[2][0].
DSP Report: register feature_reg_reg[0] is absorbed into DSP mult_reg_pipe_reg[2][0].
DSP Report: register mult_reg_pipe_reg[2][0] is absorbed into DSP mult_reg_pipe_reg[2][0].
DSP Report: register mult_reg_reg[2][0] is absorbed into DSP mult_reg_pipe_reg[2][0].
DSP Report: operator p_0_out is absorbed into DSP mult_reg_pipe_reg[2][0].
DSP Report: Generating DSP mult_reg_pipe_reg[1][7], operation Mode is: (A2*B2)'.
DSP Report: register weight_reg_reg[1][7] is absorbed into DSP mult_reg_pipe_reg[1][7].
DSP Report: register feature_reg_reg[7] is absorbed into DSP mult_reg_pipe_reg[1][7].
DSP Report: register mult_reg_pipe_reg[1][7] is absorbed into DSP mult_reg_pipe_reg[1][7].
DSP Report: register mult_reg_reg[1][7] is absorbed into DSP mult_reg_pipe_reg[1][7].
DSP Report: operator p_0_out is absorbed into DSP mult_reg_pipe_reg[1][7].
DSP Report: Generating DSP mult_reg_pipe_reg[1][6], operation Mode is: (A2*B2)'.
DSP Report: register weight_reg_reg[1][6] is absorbed into DSP mult_reg_pipe_reg[1][6].
DSP Report: register feature_reg_reg[6] is absorbed into DSP mult_reg_pipe_reg[1][6].
DSP Report: register mult_reg_pipe_reg[1][6] is absorbed into DSP mult_reg_pipe_reg[1][6].
DSP Report: register mult_reg_reg[1][6] is absorbed into DSP mult_reg_pipe_reg[1][6].
DSP Report: operator p_0_out is absorbed into DSP mult_reg_pipe_reg[1][6].
DSP Report: Generating DSP mult_reg_pipe_reg[1][5], operation Mode is: (A2*B2)'.
DSP Report: register weight_reg_reg[1][5] is absorbed into DSP mult_reg_pipe_reg[1][5].
DSP Report: register feature_reg_reg[5] is absorbed into DSP mult_reg_pipe_reg[1][5].
DSP Report: register mult_reg_pipe_reg[1][5] is absorbed into DSP mult_reg_pipe_reg[1][5].
DSP Report: register mult_reg_reg[1][5] is absorbed into DSP mult_reg_pipe_reg[1][5].
DSP Report: operator p_0_out is absorbed into DSP mult_reg_pipe_reg[1][5].
DSP Report: Generating DSP mult_reg_pipe_reg[1][4], operation Mode is: (A2*B2)'.
DSP Report: register weight_reg_reg[1][4] is absorbed into DSP mult_reg_pipe_reg[1][4].
DSP Report: register feature_reg_reg[4] is absorbed into DSP mult_reg_pipe_reg[1][4].
DSP Report: register mult_reg_pipe_reg[1][4] is absorbed into DSP mult_reg_pipe_reg[1][4].
DSP Report: register mult_reg_reg[1][4] is absorbed into DSP mult_reg_pipe_reg[1][4].
DSP Report: operator p_0_out is absorbed into DSP mult_reg_pipe_reg[1][4].
DSP Report: Generating DSP mult_reg_pipe_reg[1][3], operation Mode is: (A2*B2)'.
DSP Report: register weight_reg_reg[1][3] is absorbed into DSP mult_reg_pipe_reg[1][3].
DSP Report: register feature_reg_reg[3] is absorbed into DSP mult_reg_pipe_reg[1][3].
DSP Report: register mult_reg_pipe_reg[1][3] is absorbed into DSP mult_reg_pipe_reg[1][3].
DSP Report: register mult_reg_reg[1][3] is absorbed into DSP mult_reg_pipe_reg[1][3].
DSP Report: operator p_0_out is absorbed into DSP mult_reg_pipe_reg[1][3].
DSP Report: Generating DSP mult_reg_pipe_reg[1][2], operation Mode is: (A2*B2)'.
DSP Report: register weight_reg_reg[1][2] is absorbed into DSP mult_reg_pipe_reg[1][2].
DSP Report: register feature_reg_reg[2] is absorbed into DSP mult_reg_pipe_reg[1][2].
DSP Report: register mult_reg_pipe_reg[1][2] is absorbed into DSP mult_reg_pipe_reg[1][2].
DSP Report: register mult_reg_reg[1][2] is absorbed into DSP mult_reg_pipe_reg[1][2].
DSP Report: operator p_0_out is absorbed into DSP mult_reg_pipe_reg[1][2].
DSP Report: Generating DSP mult_reg_pipe_reg[1][1], operation Mode is: (A2*B2)'.
DSP Report: register weight_reg_reg[1][1] is absorbed into DSP mult_reg_pipe_reg[1][1].
DSP Report: register feature_reg_reg[1] is absorbed into DSP mult_reg_pipe_reg[1][1].
DSP Report: register mult_reg_pipe_reg[1][1] is absorbed into DSP mult_reg_pipe_reg[1][1].
DSP Report: register mult_reg_reg[1][1] is absorbed into DSP mult_reg_pipe_reg[1][1].
DSP Report: operator p_0_out is absorbed into DSP mult_reg_pipe_reg[1][1].
DSP Report: Generating DSP mult_reg_pipe_reg[1][0], operation Mode is: (A2*B2)'.
DSP Report: register weight_reg_reg[1][0] is absorbed into DSP mult_reg_pipe_reg[1][0].
DSP Report: register feature_reg_reg[0] is absorbed into DSP mult_reg_pipe_reg[1][0].
DSP Report: register mult_reg_pipe_reg[1][0] is absorbed into DSP mult_reg_pipe_reg[1][0].
DSP Report: register mult_reg_reg[1][0] is absorbed into DSP mult_reg_pipe_reg[1][0].
DSP Report: operator p_0_out is absorbed into DSP mult_reg_pipe_reg[1][0].
DSP Report: Generating DSP mult_reg_pipe_reg[0][7], operation Mode is: (A2*B2)'.
DSP Report: register weight_reg_reg[0][7] is absorbed into DSP mult_reg_pipe_reg[0][7].
DSP Report: register feature_reg_reg[7] is absorbed into DSP mult_reg_pipe_reg[0][7].
DSP Report: register mult_reg_pipe_reg[0][7] is absorbed into DSP mult_reg_pipe_reg[0][7].
DSP Report: register mult_reg_reg[0][7] is absorbed into DSP mult_reg_pipe_reg[0][7].
DSP Report: operator p_0_out is absorbed into DSP mult_reg_pipe_reg[0][7].
DSP Report: Generating DSP mult_reg_pipe_reg[0][6], operation Mode is: (A2*B2)'.
DSP Report: register weight_reg_reg[0][6] is absorbed into DSP mult_reg_pipe_reg[0][6].
DSP Report: register feature_reg_reg[6] is absorbed into DSP mult_reg_pipe_reg[0][6].
DSP Report: register mult_reg_pipe_reg[0][6] is absorbed into DSP mult_reg_pipe_reg[0][6].
DSP Report: register mult_reg_reg[0][6] is absorbed into DSP mult_reg_pipe_reg[0][6].
DSP Report: operator p_0_out is absorbed into DSP mult_reg_pipe_reg[0][6].
DSP Report: Generating DSP mult_reg_pipe_reg[0][5], operation Mode is: (A2*B2)'.
DSP Report: register weight_reg_reg[0][5] is absorbed into DSP mult_reg_pipe_reg[0][5].
DSP Report: register feature_reg_reg[5] is absorbed into DSP mult_reg_pipe_reg[0][5].
DSP Report: register mult_reg_pipe_reg[0][5] is absorbed into DSP mult_reg_pipe_reg[0][5].
DSP Report: register mult_reg_reg[0][5] is absorbed into DSP mult_reg_pipe_reg[0][5].
DSP Report: operator p_0_out is absorbed into DSP mult_reg_pipe_reg[0][5].
DSP Report: Generating DSP mult_reg_pipe_reg[0][4], operation Mode is: (A2*B2)'.
DSP Report: register weight_reg_reg[0][4] is absorbed into DSP mult_reg_pipe_reg[0][4].
DSP Report: register feature_reg_reg[4] is absorbed into DSP mult_reg_pipe_reg[0][4].
DSP Report: register mult_reg_pipe_reg[0][4] is absorbed into DSP mult_reg_pipe_reg[0][4].
DSP Report: register mult_reg_reg[0][4] is absorbed into DSP mult_reg_pipe_reg[0][4].
DSP Report: operator p_0_out is absorbed into DSP mult_reg_pipe_reg[0][4].
DSP Report: Generating DSP mult_reg_pipe_reg[0][3], operation Mode is: (A2*B2)'.
DSP Report: register weight_reg_reg[0][3] is absorbed into DSP mult_reg_pipe_reg[0][3].
DSP Report: register feature_reg_reg[3] is absorbed into DSP mult_reg_pipe_reg[0][3].
DSP Report: register mult_reg_pipe_reg[0][3] is absorbed into DSP mult_reg_pipe_reg[0][3].
DSP Report: register mult_reg_reg[0][3] is absorbed into DSP mult_reg_pipe_reg[0][3].
DSP Report: operator p_0_out is absorbed into DSP mult_reg_pipe_reg[0][3].
DSP Report: Generating DSP mult_reg_pipe_reg[0][2], operation Mode is: (A2*B2)'.
DSP Report: register weight_reg_reg[0][2] is absorbed into DSP mult_reg_pipe_reg[0][2].
DSP Report: register feature_reg_reg[2] is absorbed into DSP mult_reg_pipe_reg[0][2].
DSP Report: register mult_reg_pipe_reg[0][2] is absorbed into DSP mult_reg_pipe_reg[0][2].
DSP Report: register mult_reg_reg[0][2] is absorbed into DSP mult_reg_pipe_reg[0][2].
DSP Report: operator p_0_out is absorbed into DSP mult_reg_pipe_reg[0][2].
DSP Report: Generating DSP mult_reg_pipe_reg[0][1], operation Mode is: (A2*B2)'.
DSP Report: register weight_reg_reg[0][1] is absorbed into DSP mult_reg_pipe_reg[0][1].
DSP Report: register feature_reg_reg[1] is absorbed into DSP mult_reg_pipe_reg[0][1].
DSP Report: register mult_reg_pipe_reg[0][1] is absorbed into DSP mult_reg_pipe_reg[0][1].
DSP Report: register mult_reg_reg[0][1] is absorbed into DSP mult_reg_pipe_reg[0][1].
DSP Report: operator p_0_out is absorbed into DSP mult_reg_pipe_reg[0][1].
DSP Report: Generating DSP mult_reg_pipe_reg[0][0], operation Mode is: (A2*B2)'.
DSP Report: register weight_reg_reg[0][0] is absorbed into DSP mult_reg_pipe_reg[0][0].
DSP Report: register feature_reg_reg[0] is absorbed into DSP mult_reg_pipe_reg[0][0].
DSP Report: register mult_reg_pipe_reg[0][0] is absorbed into DSP mult_reg_pipe_reg[0][0].
DSP Report: register mult_reg_reg[0][0] is absorbed into DSP mult_reg_pipe_reg[0][0].
DSP Report: operator p_0_out is absorbed into DSP mult_reg_pipe_reg[0][0].
INFO: [Synth 8-4471] merging register 'LB_GEN[3].lb_inst/max_line_in_p1_reg[7:0]' into 'LB_GEN[4].lb_inst/max_line_in_p1_reg[7:0]' [E:/A_IP_Stega/IP_Stega/IP_Stega.srcs/sources_1/new/line_buffer.v:97]
INFO: [Synth 8-4471] merging register 'LB_GEN[2].lb_inst/max_line_in_p1_reg[7:0]' into 'LB_GEN[4].lb_inst/max_line_in_p1_reg[7:0]' [E:/A_IP_Stega/IP_Stega/IP_Stega.srcs/sources_1/new/line_buffer.v:97]
INFO: [Synth 8-4471] merging register 'LB_GEN[1].lb_inst/max_line_in_p1_reg[7:0]' into 'LB_GEN[4].lb_inst/max_line_in_p1_reg[7:0]' [E:/A_IP_Stega/IP_Stega/IP_Stega.srcs/sources_1/new/line_buffer.v:97]
INFO: [Synth 8-4471] merging register 'LB_GEN[0].lb_inst/max_line_in_p1_reg[7:0]' into 'LB_GEN[4].lb_inst/max_line_in_p1_reg[7:0]' [E:/A_IP_Stega/IP_Stega/IP_Stega.srcs/sources_1/new/line_buffer.v:97]
INFO: [Synth 8-4471] merging register 'LB_GEN[3].lb_inst/max_line_out_p1_reg[7:0]' into 'LB_GEN[4].lb_inst/max_line_out_p1_reg[7:0]' [E:/A_IP_Stega/IP_Stega/IP_Stega.srcs/sources_1/new/line_buffer.v:98]
INFO: [Synth 8-4471] merging register 'LB_GEN[2].lb_inst/max_line_out_p1_reg[7:0]' into 'LB_GEN[4].lb_inst/max_line_out_p1_reg[7:0]' [E:/A_IP_Stega/IP_Stega/IP_Stega.srcs/sources_1/new/line_buffer.v:98]
INFO: [Synth 8-4471] merging register 'LB_GEN[1].lb_inst/max_line_out_p1_reg[7:0]' into 'LB_GEN[4].lb_inst/max_line_out_p1_reg[7:0]' [E:/A_IP_Stega/IP_Stega/IP_Stega.srcs/sources_1/new/line_buffer.v:98]
INFO: [Synth 8-4471] merging register 'LB_GEN[0].lb_inst/max_line_out_p1_reg[7:0]' into 'LB_GEN[4].lb_inst/max_line_out_p1_reg[7:0]' [E:/A_IP_Stega/IP_Stega/IP_Stega.srcs/sources_1/new/line_buffer.v:98]
DSP Report: Generating DSP p_reg_reg[7], operation Mode is: (A2*B2)'.
DSP Report: register w_in_reg[7] is absorbed into DSP p_reg_reg[7].
DSP Report: register p_in_reg[7] is absorbed into DSP p_reg_reg[7].
DSP Report: register p_reg_reg[7] is absorbed into DSP p_reg_reg[7].
DSP Report: register prod_reg[7] is absorbed into DSP p_reg_reg[7].
DSP Report: operator p_0_out is absorbed into DSP p_reg_reg[7].
DSP Report: Generating DSP p_reg_reg[6], operation Mode is: (A2*B2)'.
DSP Report: register w_in_reg[6] is absorbed into DSP p_reg_reg[6].
DSP Report: register p_in_reg[6] is absorbed into DSP p_reg_reg[6].
DSP Report: register p_reg_reg[6] is absorbed into DSP p_reg_reg[6].
DSP Report: register prod_reg[6] is absorbed into DSP p_reg_reg[6].
DSP Report: operator p_0_out is absorbed into DSP p_reg_reg[6].
DSP Report: Generating DSP p_reg_reg[5], operation Mode is: (A2*B2)'.
DSP Report: register w_in_reg[5] is absorbed into DSP p_reg_reg[5].
DSP Report: register p_in_reg[5] is absorbed into DSP p_reg_reg[5].
DSP Report: register p_reg_reg[5] is absorbed into DSP p_reg_reg[5].
DSP Report: register prod_reg[5] is absorbed into DSP p_reg_reg[5].
DSP Report: operator p_0_out is absorbed into DSP p_reg_reg[5].
DSP Report: Generating DSP p_reg_reg[4], operation Mode is: (A2*B2)'.
DSP Report: register w_in_reg[4] is absorbed into DSP p_reg_reg[4].
DSP Report: register p_in_reg[4] is absorbed into DSP p_reg_reg[4].
DSP Report: register p_reg_reg[4] is absorbed into DSP p_reg_reg[4].
DSP Report: register prod_reg[4] is absorbed into DSP p_reg_reg[4].
DSP Report: operator p_0_out is absorbed into DSP p_reg_reg[4].
DSP Report: Generating DSP p_reg_reg[8], operation Mode is: (A2*B2)'.
DSP Report: register w_in_reg[8] is absorbed into DSP p_reg_reg[8].
DSP Report: register p_in_reg[8] is absorbed into DSP p_reg_reg[8].
DSP Report: register p_reg_reg[8] is absorbed into DSP p_reg_reg[8].
DSP Report: register prod_reg[8] is absorbed into DSP p_reg_reg[8].
DSP Report: operator p_0_out is absorbed into DSP p_reg_reg[8].
DSP Report: Generating DSP p_reg_reg[3], operation Mode is: (A2*B2)'.
DSP Report: register w_in_reg[3] is absorbed into DSP p_reg_reg[3].
DSP Report: register p_in_reg[3] is absorbed into DSP p_reg_reg[3].
DSP Report: register p_reg_reg[3] is absorbed into DSP p_reg_reg[3].
DSP Report: register prod_reg[3] is absorbed into DSP p_reg_reg[3].
DSP Report: operator p_0_out is absorbed into DSP p_reg_reg[3].
DSP Report: Generating DSP p_reg_reg[2], operation Mode is: (A2*B2)'.
DSP Report: register w_in_reg[2] is absorbed into DSP p_reg_reg[2].
DSP Report: register p_in_reg[2] is absorbed into DSP p_reg_reg[2].
DSP Report: register p_reg_reg[2] is absorbed into DSP p_reg_reg[2].
DSP Report: register prod_reg[2] is absorbed into DSP p_reg_reg[2].
DSP Report: operator p_0_out is absorbed into DSP p_reg_reg[2].
DSP Report: Generating DSP p_reg_reg[1], operation Mode is: (A2*B2)'.
DSP Report: register w_in_reg[1] is absorbed into DSP p_reg_reg[1].
DSP Report: register p_in_reg[1] is absorbed into DSP p_reg_reg[1].
DSP Report: register p_reg_reg[1] is absorbed into DSP p_reg_reg[1].
DSP Report: register prod_reg[1] is absorbed into DSP p_reg_reg[1].
DSP Report: operator p_0_out is absorbed into DSP p_reg_reg[1].
DSP Report: Generating DSP p_reg_reg[0], operation Mode is: (A2*B2)'.
DSP Report: register w_in_reg[0] is absorbed into DSP p_reg_reg[0].
DSP Report: register p_in_reg[0] is absorbed into DSP p_reg_reg[0].
DSP Report: register p_reg_reg[0] is absorbed into DSP p_reg_reg[0].
DSP Report: register prod_reg[0] is absorbed into DSP p_reg_reg[0].
DSP Report: operator p_0_out is absorbed into DSP p_reg_reg[0].
DSP Report: Generating DSP p_reg_reg[7], operation Mode is: (A2*B2)'.
DSP Report: register w_in_reg[7] is absorbed into DSP p_reg_reg[7].
DSP Report: register p_in_reg[7] is absorbed into DSP p_reg_reg[7].
DSP Report: register p_reg_reg[7] is absorbed into DSP p_reg_reg[7].
DSP Report: register prod_reg[7] is absorbed into DSP p_reg_reg[7].
DSP Report: operator p_0_out is absorbed into DSP p_reg_reg[7].
DSP Report: Generating DSP p_reg_reg[6], operation Mode is: (A2*B2)'.
DSP Report: register w_in_reg[6] is absorbed into DSP p_reg_reg[6].
DSP Report: register p_in_reg[6] is absorbed into DSP p_reg_reg[6].
DSP Report: register p_reg_reg[6] is absorbed into DSP p_reg_reg[6].
DSP Report: register prod_reg[6] is absorbed into DSP p_reg_reg[6].
DSP Report: operator p_0_out is absorbed into DSP p_reg_reg[6].
DSP Report: Generating DSP p_reg_reg[5], operation Mode is: (A2*B2)'.
DSP Report: register w_in_reg[5] is absorbed into DSP p_reg_reg[5].
DSP Report: register p_in_reg[5] is absorbed into DSP p_reg_reg[5].
DSP Report: register p_reg_reg[5] is absorbed into DSP p_reg_reg[5].
DSP Report: register prod_reg[5] is absorbed into DSP p_reg_reg[5].
DSP Report: operator p_0_out is absorbed into DSP p_reg_reg[5].
DSP Report: Generating DSP p_reg_reg[4], operation Mode is: (A2*B2)'.
DSP Report: register w_in_reg[4] is absorbed into DSP p_reg_reg[4].
DSP Report: register p_in_reg[4] is absorbed into DSP p_reg_reg[4].
DSP Report: register p_reg_reg[4] is absorbed into DSP p_reg_reg[4].
DSP Report: register prod_reg[4] is absorbed into DSP p_reg_reg[4].
DSP Report: operator p_0_out is absorbed into DSP p_reg_reg[4].
DSP Report: Generating DSP p_reg_reg[8], operation Mode is: (A2*B2)'.
DSP Report: register w_in_reg[8] is absorbed into DSP p_reg_reg[8].
DSP Report: register p_in_reg[8] is absorbed into DSP p_reg_reg[8].
DSP Report: register p_reg_reg[8] is absorbed into DSP p_reg_reg[8].
DSP Report: register prod_reg[8] is absorbed into DSP p_reg_reg[8].
DSP Report: operator p_0_out is absorbed into DSP p_reg_reg[8].
DSP Report: Generating DSP p_reg_reg[3], operation Mode is: (A2*B2)'.
DSP Report: register w_in_reg[3] is absorbed into DSP p_reg_reg[3].
DSP Report: register p_in_reg[3] is absorbed into DSP p_reg_reg[3].
DSP Report: register p_reg_reg[3] is absorbed into DSP p_reg_reg[3].
DSP Report: register prod_reg[3] is absorbed into DSP p_reg_reg[3].
DSP Report: operator p_0_out is absorbed into DSP p_reg_reg[3].
DSP Report: Generating DSP p_reg_reg[2], operation Mode is: (A2*B2)'.
DSP Report: register w_in_reg[2] is absorbed into DSP p_reg_reg[2].
DSP Report: register p_in_reg[2] is absorbed into DSP p_reg_reg[2].
DSP Report: register p_reg_reg[2] is absorbed into DSP p_reg_reg[2].
DSP Report: register prod_reg[2] is absorbed into DSP p_reg_reg[2].
DSP Report: operator p_0_out is absorbed into DSP p_reg_reg[2].
DSP Report: Generating DSP p_reg_reg[1], operation Mode is: (A2*B2)'.
DSP Report: register w_in_reg[1] is absorbed into DSP p_reg_reg[1].
DSP Report: register p_in_reg[1] is absorbed into DSP p_reg_reg[1].
DSP Report: register p_reg_reg[1] is absorbed into DSP p_reg_reg[1].
DSP Report: register prod_reg[1] is absorbed into DSP p_reg_reg[1].
DSP Report: operator p_0_out is absorbed into DSP p_reg_reg[1].
DSP Report: Generating DSP p_reg_reg[0], operation Mode is: (A2*B2)'.
DSP Report: register w_in_reg[0] is absorbed into DSP p_reg_reg[0].
DSP Report: register p_in_reg[0] is absorbed into DSP p_reg_reg[0].
DSP Report: register p_reg_reg[0] is absorbed into DSP p_reg_reg[0].
DSP Report: register prod_reg[0] is absorbed into DSP p_reg_reg[0].
DSP Report: operator p_0_out is absorbed into DSP p_reg_reg[0].
DSP Report: Generating DSP p_reg_reg[7], operation Mode is: (A2*B2)'.
DSP Report: register w_in_reg[7] is absorbed into DSP p_reg_reg[7].
DSP Report: register p_in_reg[7] is absorbed into DSP p_reg_reg[7].
DSP Report: register p_reg_reg[7] is absorbed into DSP p_reg_reg[7].
DSP Report: register prod_reg[7] is absorbed into DSP p_reg_reg[7].
DSP Report: operator p_0_out is absorbed into DSP p_reg_reg[7].
DSP Report: Generating DSP p_reg_reg[6], operation Mode is: (A2*B2)'.
DSP Report: register w_in_reg[6] is absorbed into DSP p_reg_reg[6].
DSP Report: register p_in_reg[6] is absorbed into DSP p_reg_reg[6].
DSP Report: register p_reg_reg[6] is absorbed into DSP p_reg_reg[6].
DSP Report: register prod_reg[6] is absorbed into DSP p_reg_reg[6].
DSP Report: operator p_0_out is absorbed into DSP p_reg_reg[6].
DSP Report: Generating DSP p_reg_reg[5], operation Mode is: (A2*B2)'.
DSP Report: register w_in_reg[5] is absorbed into DSP p_reg_reg[5].
DSP Report: register p_in_reg[5] is absorbed into DSP p_reg_reg[5].
DSP Report: register p_reg_reg[5] is absorbed into DSP p_reg_reg[5].
DSP Report: register prod_reg[5] is absorbed into DSP p_reg_reg[5].
DSP Report: operator p_0_out is absorbed into DSP p_reg_reg[5].
DSP Report: Generating DSP p_reg_reg[4], operation Mode is: (A2*B2)'.
DSP Report: register w_in_reg[4] is absorbed into DSP p_reg_reg[4].
DSP Report: register p_in_reg[4] is absorbed into DSP p_reg_reg[4].
DSP Report: register p_reg_reg[4] is absorbed into DSP p_reg_reg[4].
DSP Report: register prod_reg[4] is absorbed into DSP p_reg_reg[4].
DSP Report: operator p_0_out is absorbed into DSP p_reg_reg[4].
DSP Report: Generating DSP p_reg_reg[8], operation Mode is: (A2*B2)'.
DSP Report: register w_in_reg[8] is absorbed into DSP p_reg_reg[8].
DSP Report: register p_in_reg[8] is absorbed into DSP p_reg_reg[8].
DSP Report: register p_reg_reg[8] is absorbed into DSP p_reg_reg[8].
DSP Report: register prod_reg[8] is absorbed into DSP p_reg_reg[8].
DSP Report: operator p_0_out is absorbed into DSP p_reg_reg[8].
DSP Report: Generating DSP p_reg_reg[3], operation Mode is: (A2*B2)'.
DSP Report: register w_in_reg[3] is absorbed into DSP p_reg_reg[3].
DSP Report: register p_in_reg[3] is absorbed into DSP p_reg_reg[3].
DSP Report: register p_reg_reg[3] is absorbed into DSP p_reg_reg[3].
DSP Report: register prod_reg[3] is absorbed into DSP p_reg_reg[3].
DSP Report: operator p_0_out is absorbed into DSP p_reg_reg[3].
DSP Report: Generating DSP p_reg_reg[2], operation Mode is: (A2*B2)'.
DSP Report: register w_in_reg[2] is absorbed into DSP p_reg_reg[2].
DSP Report: register p_in_reg[2] is absorbed into DSP p_reg_reg[2].
DSP Report: register p_reg_reg[2] is absorbed into DSP p_reg_reg[2].
DSP Report: register prod_reg[2] is absorbed into DSP p_reg_reg[2].
DSP Report: operator p_0_out is absorbed into DSP p_reg_reg[2].
DSP Report: Generating DSP p_reg_reg[1], operation Mode is: (A2*B2)'.
DSP Report: register w_in_reg[1] is absorbed into DSP p_reg_reg[1].
DSP Report: register p_in_reg[1] is absorbed into DSP p_reg_reg[1].
DSP Report: register p_reg_reg[1] is absorbed into DSP p_reg_reg[1].
DSP Report: register prod_reg[1] is absorbed into DSP p_reg_reg[1].
DSP Report: operator p_0_out is absorbed into DSP p_reg_reg[1].
DSP Report: Generating DSP p_reg_reg[0], operation Mode is: (A2*B2)'.
DSP Report: register w_in_reg[0] is absorbed into DSP p_reg_reg[0].
DSP Report: register p_in_reg[0] is absorbed into DSP p_reg_reg[0].
DSP Report: register p_reg_reg[0] is absorbed into DSP p_reg_reg[0].
DSP Report: register prod_reg[0] is absorbed into DSP p_reg_reg[0].
DSP Report: operator p_0_out is absorbed into DSP p_reg_reg[0].
DSP Report: Generating DSP p_reg_reg[7], operation Mode is: (A2*B2)'.
DSP Report: register w_in_reg[7] is absorbed into DSP p_reg_reg[7].
DSP Report: register p_in_reg[7] is absorbed into DSP p_reg_reg[7].
DSP Report: register p_reg_reg[7] is absorbed into DSP p_reg_reg[7].
DSP Report: register prod_reg[7] is absorbed into DSP p_reg_reg[7].
DSP Report: operator p_0_out is absorbed into DSP p_reg_reg[7].
DSP Report: Generating DSP p_reg_reg[6], operation Mode is: (A2*B2)'.
DSP Report: register w_in_reg[6] is absorbed into DSP p_reg_reg[6].
DSP Report: register p_in_reg[6] is absorbed into DSP p_reg_reg[6].
DSP Report: register p_reg_reg[6] is absorbed into DSP p_reg_reg[6].
DSP Report: register prod_reg[6] is absorbed into DSP p_reg_reg[6].
DSP Report: operator p_0_out is absorbed into DSP p_reg_reg[6].
DSP Report: Generating DSP p_reg_reg[5], operation Mode is: (A2*B2)'.
DSP Report: register w_in_reg[5] is absorbed into DSP p_reg_reg[5].
DSP Report: register p_in_reg[5] is absorbed into DSP p_reg_reg[5].
DSP Report: register p_reg_reg[5] is absorbed into DSP p_reg_reg[5].
DSP Report: register prod_reg[5] is absorbed into DSP p_reg_reg[5].
DSP Report: operator p_0_out is absorbed into DSP p_reg_reg[5].
DSP Report: Generating DSP p_reg_reg[4], operation Mode is: (A2*B2)'.
DSP Report: register w_in_reg[4] is absorbed into DSP p_reg_reg[4].
DSP Report: register p_in_reg[4] is absorbed into DSP p_reg_reg[4].
DSP Report: register p_reg_reg[4] is absorbed into DSP p_reg_reg[4].
DSP Report: register prod_reg[4] is absorbed into DSP p_reg_reg[4].
DSP Report: operator p_0_out is absorbed into DSP p_reg_reg[4].
DSP Report: Generating DSP p_reg_reg[8], operation Mode is: (A2*B2)'.
DSP Report: register w_in_reg[8] is absorbed into DSP p_reg_reg[8].
DSP Report: register p_in_reg[8] is absorbed into DSP p_reg_reg[8].
DSP Report: register p_reg_reg[8] is absorbed into DSP p_reg_reg[8].
DSP Report: register prod_reg[8] is absorbed into DSP p_reg_reg[8].
DSP Report: operator p_0_out is absorbed into DSP p_reg_reg[8].
DSP Report: Generating DSP p_reg_reg[3], operation Mode is: (A2*B2)'.
DSP Report: register w_in_reg[3] is absorbed into DSP p_reg_reg[3].
DSP Report: register p_in_reg[3] is absorbed into DSP p_reg_reg[3].
DSP Report: register p_reg_reg[3] is absorbed into DSP p_reg_reg[3].
DSP Report: register prod_reg[3] is absorbed into DSP p_reg_reg[3].
DSP Report: operator p_0_out is absorbed into DSP p_reg_reg[3].
DSP Report: Generating DSP p_reg_reg[2], operation Mode is: (A2*B2)'.
DSP Report: register w_in_reg[2] is absorbed into DSP p_reg_reg[2].
DSP Report: register p_in_reg[2] is absorbed into DSP p_reg_reg[2].
DSP Report: register p_reg_reg[2] is absorbed into DSP p_reg_reg[2].
DSP Report: register prod_reg[2] is absorbed into DSP p_reg_reg[2].
DSP Report: operator p_0_out is absorbed into DSP p_reg_reg[2].
DSP Report: Generating DSP p_reg_reg[1], operation Mode is: (A2*B2)'.
DSP Report: register w_in_reg[1] is absorbed into DSP p_reg_reg[1].
DSP Report: register p_in_reg[1] is absorbed into DSP p_reg_reg[1].
DSP Report: register p_reg_reg[1] is absorbed into DSP p_reg_reg[1].
DSP Report: register prod_reg[1] is absorbed into DSP p_reg_reg[1].
DSP Report: operator p_0_out is absorbed into DSP p_reg_reg[1].
DSP Report: Generating DSP p_reg_reg[0], operation Mode is: (A2*B2)'.
DSP Report: register w_in_reg[0] is absorbed into DSP p_reg_reg[0].
DSP Report: register p_in_reg[0] is absorbed into DSP p_reg_reg[0].
DSP Report: register p_reg_reg[0] is absorbed into DSP p_reg_reg[0].
DSP Report: register prod_reg[0] is absorbed into DSP p_reg_reg[0].
DSP Report: operator p_0_out is absorbed into DSP p_reg_reg[0].
DSP Report: Generating DSP p_reg_reg[7], operation Mode is: (A2*B2)'.
DSP Report: register w_in_reg[7] is absorbed into DSP p_reg_reg[7].
DSP Report: register p_in_reg[7] is absorbed into DSP p_reg_reg[7].
DSP Report: register p_reg_reg[7] is absorbed into DSP p_reg_reg[7].
DSP Report: register prod_reg[7] is absorbed into DSP p_reg_reg[7].
DSP Report: operator p_0_out is absorbed into DSP p_reg_reg[7].
DSP Report: Generating DSP p_reg_reg[6], operation Mode is: (A2*B2)'.
DSP Report: register w_in_reg[6] is absorbed into DSP p_reg_reg[6].
DSP Report: register p_in_reg[6] is absorbed into DSP p_reg_reg[6].
DSP Report: register p_reg_reg[6] is absorbed into DSP p_reg_reg[6].
DSP Report: register prod_reg[6] is absorbed into DSP p_reg_reg[6].
DSP Report: operator p_0_out is absorbed into DSP p_reg_reg[6].
DSP Report: Generating DSP p_reg_reg[5], operation Mode is: (A2*B2)'.
DSP Report: register w_in_reg[5] is absorbed into DSP p_reg_reg[5].
DSP Report: register p_in_reg[5] is absorbed into DSP p_reg_reg[5].
DSP Report: register p_reg_reg[5] is absorbed into DSP p_reg_reg[5].
DSP Report: register prod_reg[5] is absorbed into DSP p_reg_reg[5].
DSP Report: operator p_0_out is absorbed into DSP p_reg_reg[5].
DSP Report: Generating DSP p_reg_reg[4], operation Mode is: (A2*B2)'.
DSP Report: register w_in_reg[4] is absorbed into DSP p_reg_reg[4].
DSP Report: register p_in_reg[4] is absorbed into DSP p_reg_reg[4].
DSP Report: register p_reg_reg[4] is absorbed into DSP p_reg_reg[4].
DSP Report: register prod_reg[4] is absorbed into DSP p_reg_reg[4].
DSP Report: operator p_0_out is absorbed into DSP p_reg_reg[4].
DSP Report: Generating DSP p_reg_reg[8], operation Mode is: (A2*B2)'.
DSP Report: register w_in_reg[8] is absorbed into DSP p_reg_reg[8].
DSP Report: register p_in_reg[8] is absorbed into DSP p_reg_reg[8].
DSP Report: register p_reg_reg[8] is absorbed into DSP p_reg_reg[8].
DSP Report: register prod_reg[8] is absorbed into DSP p_reg_reg[8].
DSP Report: operator p_0_out is absorbed into DSP p_reg_reg[8].
DSP Report: Generating DSP p_reg_reg[3], operation Mode is: (A2*B2)'.
DSP Report: register w_in_reg[3] is absorbed into DSP p_reg_reg[3].
DSP Report: register p_in_reg[3] is absorbed into DSP p_reg_reg[3].
DSP Report: register p_reg_reg[3] is absorbed into DSP p_reg_reg[3].
DSP Report: register prod_reg[3] is absorbed into DSP p_reg_reg[3].
DSP Report: operator p_0_out is absorbed into DSP p_reg_reg[3].
DSP Report: Generating DSP p_reg_reg[2], operation Mode is: (A2*B2)'.
DSP Report: register w_in_reg[2] is absorbed into DSP p_reg_reg[2].
DSP Report: register p_in_reg[2] is absorbed into DSP p_reg_reg[2].
DSP Report: register p_reg_reg[2] is absorbed into DSP p_reg_reg[2].
DSP Report: register prod_reg[2] is absorbed into DSP p_reg_reg[2].
DSP Report: operator p_0_out is absorbed into DSP p_reg_reg[2].
DSP Report: Generating DSP p_reg_reg[1], operation Mode is: (A2*B2)'.
DSP Report: register w_in_reg[1] is absorbed into DSP p_reg_reg[1].
DSP Report: register p_in_reg[1] is absorbed into DSP p_reg_reg[1].
DSP Report: register p_reg_reg[1] is absorbed into DSP p_reg_reg[1].
DSP Report: register prod_reg[1] is absorbed into DSP p_reg_reg[1].
DSP Report: operator p_0_out is absorbed into DSP p_reg_reg[1].
DSP Report: Generating DSP p_reg_reg[0], operation Mode is: (A2*B2)'.
DSP Report: register w_in_reg[0] is absorbed into DSP p_reg_reg[0].
DSP Report: register p_in_reg[0] is absorbed into DSP p_reg_reg[0].
DSP Report: register p_reg_reg[0] is absorbed into DSP p_reg_reg[0].
DSP Report: register prod_reg[0] is absorbed into DSP p_reg_reg[0].
DSP Report: operator p_0_out is absorbed into DSP p_reg_reg[0].
DSP Report: Generating DSP p_reg_reg[7], operation Mode is: (A2*B2)'.
DSP Report: register w_in_reg[7] is absorbed into DSP p_reg_reg[7].
DSP Report: register p_in_reg[7] is absorbed into DSP p_reg_reg[7].
DSP Report: register p_reg_reg[7] is absorbed into DSP p_reg_reg[7].
DSP Report: register prod_reg[7] is absorbed into DSP p_reg_reg[7].
DSP Report: operator p_0_out is absorbed into DSP p_reg_reg[7].
DSP Report: Generating DSP p_reg_reg[6], operation Mode is: (A2*B2)'.
DSP Report: register w_in_reg[6] is absorbed into DSP p_reg_reg[6].
DSP Report: register p_in_reg[6] is absorbed into DSP p_reg_reg[6].
DSP Report: register p_reg_reg[6] is absorbed into DSP p_reg_reg[6].
DSP Report: register prod_reg[6] is absorbed into DSP p_reg_reg[6].
DSP Report: operator p_0_out is absorbed into DSP p_reg_reg[6].
DSP Report: Generating DSP p_reg_reg[5], operation Mode is: (A2*B2)'.
DSP Report: register w_in_reg[5] is absorbed into DSP p_reg_reg[5].
DSP Report: register p_in_reg[5] is absorbed into DSP p_reg_reg[5].
DSP Report: register p_reg_reg[5] is absorbed into DSP p_reg_reg[5].
DSP Report: register prod_reg[5] is absorbed into DSP p_reg_reg[5].
DSP Report: operator p_0_out is absorbed into DSP p_reg_reg[5].
DSP Report: Generating DSP p_reg_reg[4], operation Mode is: (A2*B2)'.
DSP Report: register w_in_reg[4] is absorbed into DSP p_reg_reg[4].
DSP Report: register p_in_reg[4] is absorbed into DSP p_reg_reg[4].
DSP Report: register p_reg_reg[4] is absorbed into DSP p_reg_reg[4].
DSP Report: register prod_reg[4] is absorbed into DSP p_reg_reg[4].
DSP Report: operator p_0_out is absorbed into DSP p_reg_reg[4].
DSP Report: Generating DSP p_reg_reg[8], operation Mode is: (A2*B2)'.
DSP Report: register w_in_reg[8] is absorbed into DSP p_reg_reg[8].
DSP Report: register p_in_reg[8] is absorbed into DSP p_reg_reg[8].
DSP Report: register p_reg_reg[8] is absorbed into DSP p_reg_reg[8].
DSP Report: register prod_reg[8] is absorbed into DSP p_reg_reg[8].
DSP Report: operator p_0_out is absorbed into DSP p_reg_reg[8].
DSP Report: Generating DSP p_reg_reg[3], operation Mode is: (A2*B2)'.
DSP Report: register w_in_reg[3] is absorbed into DSP p_reg_reg[3].
DSP Report: register p_in_reg[3] is absorbed into DSP p_reg_reg[3].
DSP Report: register p_reg_reg[3] is absorbed into DSP p_reg_reg[3].
DSP Report: register prod_reg[3] is absorbed into DSP p_reg_reg[3].
DSP Report: operator p_0_out is absorbed into DSP p_reg_reg[3].
DSP Report: Generating DSP p_reg_reg[2], operation Mode is: (A2*B2)'.
DSP Report: register w_in_reg[2] is absorbed into DSP p_reg_reg[2].
DSP Report: register p_in_reg[2] is absorbed into DSP p_reg_reg[2].
DSP Report: register p_reg_reg[2] is absorbed into DSP p_reg_reg[2].
DSP Report: register prod_reg[2] is absorbed into DSP p_reg_reg[2].
DSP Report: operator p_0_out is absorbed into DSP p_reg_reg[2].
DSP Report: Generating DSP p_reg_reg[1], operation Mode is: (A2*B2)'.
DSP Report: register w_in_reg[1] is absorbed into DSP p_reg_reg[1].
DSP Report: register p_in_reg[1] is absorbed into DSP p_reg_reg[1].
DSP Report: register p_reg_reg[1] is absorbed into DSP p_reg_reg[1].
DSP Report: register prod_reg[1] is absorbed into DSP p_reg_reg[1].
DSP Report: operator p_0_out is absorbed into DSP p_reg_reg[1].
DSP Report: Generating DSP p_reg_reg[0], operation Mode is: (A2*B2)'.
DSP Report: register w_in_reg[0] is absorbed into DSP p_reg_reg[0].
DSP Report: register p_in_reg[0] is absorbed into DSP p_reg_reg[0].
DSP Report: register p_reg_reg[0] is absorbed into DSP p_reg_reg[0].
DSP Report: register prod_reg[0] is absorbed into DSP p_reg_reg[0].
DSP Report: operator p_0_out is absorbed into DSP p_reg_reg[0].
DSP Report: Generating DSP p_reg_reg[7], operation Mode is: (A2*B2)'.
DSP Report: register w_in_reg[7] is absorbed into DSP p_reg_reg[7].
DSP Report: register p_in_reg[7] is absorbed into DSP p_reg_reg[7].
DSP Report: register p_reg_reg[7] is absorbed into DSP p_reg_reg[7].
DSP Report: register prod_reg[7] is absorbed into DSP p_reg_reg[7].
DSP Report: operator p_0_out is absorbed into DSP p_reg_reg[7].
DSP Report: Generating DSP p_reg_reg[6], operation Mode is: (A2*B2)'.
DSP Report: register w_in_reg[6] is absorbed into DSP p_reg_reg[6].
DSP Report: register p_in_reg[6] is absorbed into DSP p_reg_reg[6].
DSP Report: register p_reg_reg[6] is absorbed into DSP p_reg_reg[6].
DSP Report: register prod_reg[6] is absorbed into DSP p_reg_reg[6].
DSP Report: operator p_0_out is absorbed into DSP p_reg_reg[6].
DSP Report: Generating DSP p_reg_reg[5], operation Mode is: (A2*B2)'.
DSP Report: register w_in_reg[5] is absorbed into DSP p_reg_reg[5].
DSP Report: register p_in_reg[5] is absorbed into DSP p_reg_reg[5].
DSP Report: register p_reg_reg[5] is absorbed into DSP p_reg_reg[5].
DSP Report: register prod_reg[5] is absorbed into DSP p_reg_reg[5].
DSP Report: operator p_0_out is absorbed into DSP p_reg_reg[5].
DSP Report: Generating DSP p_reg_reg[4], operation Mode is: (A2*B2)'.
DSP Report: register w_in_reg[4] is absorbed into DSP p_reg_reg[4].
DSP Report: register p_in_reg[4] is absorbed into DSP p_reg_reg[4].
DSP Report: register p_reg_reg[4] is absorbed into DSP p_reg_reg[4].
DSP Report: register prod_reg[4] is absorbed into DSP p_reg_reg[4].
DSP Report: operator p_0_out is absorbed into DSP p_reg_reg[4].
DSP Report: Generating DSP p_reg_reg[8], operation Mode is: (A2*B2)'.
DSP Report: register w_in_reg[8] is absorbed into DSP p_reg_reg[8].
DSP Report: register p_in_reg[8] is absorbed into DSP p_reg_reg[8].
DSP Report: register p_reg_reg[8] is absorbed into DSP p_reg_reg[8].
DSP Report: register prod_reg[8] is absorbed into DSP p_reg_reg[8].
DSP Report: operator p_0_out is absorbed into DSP p_reg_reg[8].
DSP Report: Generating DSP p_reg_reg[3], operation Mode is: (A2*B2)'.
DSP Report: register w_in_reg[3] is absorbed into DSP p_reg_reg[3].
DSP Report: register p_in_reg[3] is absorbed into DSP p_reg_reg[3].
DSP Report: register p_reg_reg[3] is absorbed into DSP p_reg_reg[3].
DSP Report: register prod_reg[3] is absorbed into DSP p_reg_reg[3].
DSP Report: operator p_0_out is absorbed into DSP p_reg_reg[3].
DSP Report: Generating DSP p_reg_reg[2], operation Mode is: (A2*B2)'.
DSP Report: register w_in_reg[2] is absorbed into DSP p_reg_reg[2].
DSP Report: register p_in_reg[2] is absorbed into DSP p_reg_reg[2].
DSP Report: register p_reg_reg[2] is absorbed into DSP p_reg_reg[2].
DSP Report: register prod_reg[2] is absorbed into DSP p_reg_reg[2].
DSP Report: operator p_0_out is absorbed into DSP p_reg_reg[2].
DSP Report: Generating DSP p_reg_reg[1], operation Mode is: (A2*B2)'.
DSP Report: register w_in_reg[1] is absorbed into DSP p_reg_reg[1].
DSP Report: register p_in_reg[1] is absorbed into DSP p_reg_reg[1].
DSP Report: register p_reg_reg[1] is absorbed into DSP p_reg_reg[1].
DSP Report: register prod_reg[1] is absorbed into DSP p_reg_reg[1].
DSP Report: operator p_0_out is absorbed into DSP p_reg_reg[1].
DSP Report: Generating DSP p_reg_reg[0], operation Mode is: (A2*B2)'.
DSP Report: register w_in_reg[0] is absorbed into DSP p_reg_reg[0].
DSP Report: register p_in_reg[0] is absorbed into DSP p_reg_reg[0].
DSP Report: register p_reg_reg[0] is absorbed into DSP p_reg_reg[0].
DSP Report: register prod_reg[0] is absorbed into DSP p_reg_reg[0].
DSP Report: operator p_0_out is absorbed into DSP p_reg_reg[0].
DSP Report: Generating DSP p_reg_reg[7], operation Mode is: (A2*B2)'.
DSP Report: register w_in_reg[7] is absorbed into DSP p_reg_reg[7].
DSP Report: register p_in_reg[7] is absorbed into DSP p_reg_reg[7].
DSP Report: register p_reg_reg[7] is absorbed into DSP p_reg_reg[7].
DSP Report: register prod_reg[7] is absorbed into DSP p_reg_reg[7].
DSP Report: operator p_0_out is absorbed into DSP p_reg_reg[7].
DSP Report: Generating DSP p_reg_reg[6], operation Mode is: (A2*B2)'.
DSP Report: register w_in_reg[6] is absorbed into DSP p_reg_reg[6].
DSP Report: register p_in_reg[6] is absorbed into DSP p_reg_reg[6].
DSP Report: register p_reg_reg[6] is absorbed into DSP p_reg_reg[6].
DSP Report: register prod_reg[6] is absorbed into DSP p_reg_reg[6].
DSP Report: operator p_0_out is absorbed into DSP p_reg_reg[6].
DSP Report: Generating DSP p_reg_reg[5], operation Mode is: (A2*B2)'.
DSP Report: register w_in_reg[5] is absorbed into DSP p_reg_reg[5].
DSP Report: register p_in_reg[5] is absorbed into DSP p_reg_reg[5].
DSP Report: register p_reg_reg[5] is absorbed into DSP p_reg_reg[5].
DSP Report: register prod_reg[5] is absorbed into DSP p_reg_reg[5].
DSP Report: operator p_0_out is absorbed into DSP p_reg_reg[5].
DSP Report: Generating DSP p_reg_reg[4], operation Mode is: (A2*B2)'.
DSP Report: register w_in_reg[4] is absorbed into DSP p_reg_reg[4].
DSP Report: register p_in_reg[4] is absorbed into DSP p_reg_reg[4].
DSP Report: register p_reg_reg[4] is absorbed into DSP p_reg_reg[4].
DSP Report: register prod_reg[4] is absorbed into DSP p_reg_reg[4].
DSP Report: operator p_0_out is absorbed into DSP p_reg_reg[4].
DSP Report: Generating DSP p_reg_reg[8], operation Mode is: (A2*B2)'.
DSP Report: register w_in_reg[8] is absorbed into DSP p_reg_reg[8].
DSP Report: register p_in_reg[8] is absorbed into DSP p_reg_reg[8].
DSP Report: register p_reg_reg[8] is absorbed into DSP p_reg_reg[8].
DSP Report: register prod_reg[8] is absorbed into DSP p_reg_reg[8].
DSP Report: operator p_0_out is absorbed into DSP p_reg_reg[8].
DSP Report: Generating DSP p_reg_reg[3], operation Mode is: (A2*B2)'.
DSP Report: register w_in_reg[3] is absorbed into DSP p_reg_reg[3].
DSP Report: register p_in_reg[3] is absorbed into DSP p_reg_reg[3].
DSP Report: register p_reg_reg[3] is absorbed into DSP p_reg_reg[3].
DSP Report: register prod_reg[3] is absorbed into DSP p_reg_reg[3].
DSP Report: operator p_0_out is absorbed into DSP p_reg_reg[3].
DSP Report: Generating DSP p_reg_reg[2], operation Mode is: (A2*B2)'.
DSP Report: register w_in_reg[2] is absorbed into DSP p_reg_reg[2].
DSP Report: register p_in_reg[2] is absorbed into DSP p_reg_reg[2].
DSP Report: register p_reg_reg[2] is absorbed into DSP p_reg_reg[2].
DSP Report: register prod_reg[2] is absorbed into DSP p_reg_reg[2].
DSP Report: operator p_0_out is absorbed into DSP p_reg_reg[2].
DSP Report: Generating DSP p_reg_reg[1], operation Mode is: (A2*B2)'.
DSP Report: register w_in_reg[1] is absorbed into DSP p_reg_reg[1].
DSP Report: register p_in_reg[1] is absorbed into DSP p_reg_reg[1].
DSP Report: register p_reg_reg[1] is absorbed into DSP p_reg_reg[1].
DSP Report: register prod_reg[1] is absorbed into DSP p_reg_reg[1].
DSP Report: operator p_0_out is absorbed into DSP p_reg_reg[1].
DSP Report: Generating DSP p_reg_reg[0], operation Mode is: (A2*B2)'.
DSP Report: register w_in_reg[0] is absorbed into DSP p_reg_reg[0].
DSP Report: register p_in_reg[0] is absorbed into DSP p_reg_reg[0].
DSP Report: register p_reg_reg[0] is absorbed into DSP p_reg_reg[0].
DSP Report: register prod_reg[0] is absorbed into DSP p_reg_reg[0].
DSP Report: operator p_0_out is absorbed into DSP p_reg_reg[0].
DSP Report: Generating DSP p_reg_reg[7], operation Mode is: (A2*B2)'.
DSP Report: register w_in_reg[7] is absorbed into DSP p_reg_reg[7].
DSP Report: register p_in_reg[7] is absorbed into DSP p_reg_reg[7].
DSP Report: register p_reg_reg[7] is absorbed into DSP p_reg_reg[7].
DSP Report: register prod_reg[7] is absorbed into DSP p_reg_reg[7].
DSP Report: operator p_0_out is absorbed into DSP p_reg_reg[7].
DSP Report: Generating DSP p_reg_reg[6], operation Mode is: (A2*B2)'.
DSP Report: register w_in_reg[6] is absorbed into DSP p_reg_reg[6].
DSP Report: register p_in_reg[6] is absorbed into DSP p_reg_reg[6].
DSP Report: register p_reg_reg[6] is absorbed into DSP p_reg_reg[6].
DSP Report: register prod_reg[6] is absorbed into DSP p_reg_reg[6].
DSP Report: operator p_0_out is absorbed into DSP p_reg_reg[6].
DSP Report: Generating DSP p_reg_reg[5], operation Mode is: (A2*B2)'.
DSP Report: register w_in_reg[5] is absorbed into DSP p_reg_reg[5].
DSP Report: register p_in_reg[5] is absorbed into DSP p_reg_reg[5].
DSP Report: register p_reg_reg[5] is absorbed into DSP p_reg_reg[5].
DSP Report: register prod_reg[5] is absorbed into DSP p_reg_reg[5].
DSP Report: operator p_0_out is absorbed into DSP p_reg_reg[5].
DSP Report: Generating DSP p_reg_reg[4], operation Mode is: (A2*B2)'.
DSP Report: register w_in_reg[4] is absorbed into DSP p_reg_reg[4].
DSP Report: register p_in_reg[4] is absorbed into DSP p_reg_reg[4].
DSP Report: register p_reg_reg[4] is absorbed into DSP p_reg_reg[4].
DSP Report: register prod_reg[4] is absorbed into DSP p_reg_reg[4].
DSP Report: operator p_0_out is absorbed into DSP p_reg_reg[4].
DSP Report: Generating DSP p_reg_reg[8], operation Mode is: (A2*B2)'.
DSP Report: register w_in_reg[8] is absorbed into DSP p_reg_reg[8].
DSP Report: register p_in_reg[8] is absorbed into DSP p_reg_reg[8].
DSP Report: register p_reg_reg[8] is absorbed into DSP p_reg_reg[8].
DSP Report: register prod_reg[8] is absorbed into DSP p_reg_reg[8].
DSP Report: operator p_0_out is absorbed into DSP p_reg_reg[8].
DSP Report: Generating DSP p_reg_reg[3], operation Mode is: (A2*B2)'.
DSP Report: register w_in_reg[3] is absorbed into DSP p_reg_reg[3].
DSP Report: register p_in_reg[3] is absorbed into DSP p_reg_reg[3].
DSP Report: register p_reg_reg[3] is absorbed into DSP p_reg_reg[3].
DSP Report: register prod_reg[3] is absorbed into DSP p_reg_reg[3].
DSP Report: operator p_0_out is absorbed into DSP p_reg_reg[3].
DSP Report: Generating DSP p_reg_reg[2], operation Mode is: (A2*B2)'.
DSP Report: register w_in_reg[2] is absorbed into DSP p_reg_reg[2].
DSP Report: register p_in_reg[2] is absorbed into DSP p_reg_reg[2].
DSP Report: register p_reg_reg[2] is absorbed into DSP p_reg_reg[2].
DSP Report: register prod_reg[2] is absorbed into DSP p_reg_reg[2].
DSP Report: operator p_0_out is absorbed into DSP p_reg_reg[2].
DSP Report: Generating DSP p_reg_reg[1], operation Mode is: (A2*B2)'.
DSP Report: register w_in_reg[1] is absorbed into DSP p_reg_reg[1].
DSP Report: register p_in_reg[1] is absorbed into DSP p_reg_reg[1].
DSP Report: register p_reg_reg[1] is absorbed into DSP p_reg_reg[1].
DSP Report: register prod_reg[1] is absorbed into DSP p_reg_reg[1].
DSP Report: operator p_0_out is absorbed into DSP p_reg_reg[1].
DSP Report: Generating DSP p_reg_reg[0], operation Mode is: (A2*B2)'.
DSP Report: register w_in_reg[0] is absorbed into DSP p_reg_reg[0].
DSP Report: register p_in_reg[0] is absorbed into DSP p_reg_reg[0].
DSP Report: register p_reg_reg[0] is absorbed into DSP p_reg_reg[0].
DSP Report: register prod_reg[0] is absorbed into DSP p_reg_reg[0].
DSP Report: operator p_0_out is absorbed into DSP p_reg_reg[0].
DSP Report: Generating DSP p_reg_reg[7], operation Mode is: (A2*B2)'.
DSP Report: register w_in_reg[7] is absorbed into DSP p_reg_reg[7].
DSP Report: register p_in_reg[7] is absorbed into DSP p_reg_reg[7].
DSP Report: register p_reg_reg[7] is absorbed into DSP p_reg_reg[7].
DSP Report: register prod_reg[7] is absorbed into DSP p_reg_reg[7].
DSP Report: operator p_0_out is absorbed into DSP p_reg_reg[7].
DSP Report: Generating DSP p_reg_reg[6], operation Mode is: (A2*B2)'.
DSP Report: register w_in_reg[6] is absorbed into DSP p_reg_reg[6].
DSP Report: register p_in_reg[6] is absorbed into DSP p_reg_reg[6].
DSP Report: register p_reg_reg[6] is absorbed into DSP p_reg_reg[6].
DSP Report: register prod_reg[6] is absorbed into DSP p_reg_reg[6].
DSP Report: operator p_0_out is absorbed into DSP p_reg_reg[6].
DSP Report: Generating DSP p_reg_reg[5], operation Mode is: (A2*B2)'.
DSP Report: register w_in_reg[5] is absorbed into DSP p_reg_reg[5].
DSP Report: register p_in_reg[5] is absorbed into DSP p_reg_reg[5].
DSP Report: register p_reg_reg[5] is absorbed into DSP p_reg_reg[5].
DSP Report: register prod_reg[5] is absorbed into DSP p_reg_reg[5].
DSP Report: operator p_0_out is absorbed into DSP p_reg_reg[5].
DSP Report: Generating DSP p_reg_reg[4], operation Mode is: (A2*B2)'.
DSP Report: register w_in_reg[4] is absorbed into DSP p_reg_reg[4].
DSP Report: register p_in_reg[4] is absorbed into DSP p_reg_reg[4].
DSP Report: register p_reg_reg[4] is absorbed into DSP p_reg_reg[4].
DSP Report: register prod_reg[4] is absorbed into DSP p_reg_reg[4].
DSP Report: operator p_0_out is absorbed into DSP p_reg_reg[4].
DSP Report: Generating DSP p_reg_reg[8], operation Mode is: (A2*B2)'.
DSP Report: register w_in_reg[8] is absorbed into DSP p_reg_reg[8].
DSP Report: register p_in_reg[8] is absorbed into DSP p_reg_reg[8].
DSP Report: register p_reg_reg[8] is absorbed into DSP p_reg_reg[8].
DSP Report: register prod_reg[8] is absorbed into DSP p_reg_reg[8].
DSP Report: operator p_0_out is absorbed into DSP p_reg_reg[8].
DSP Report: Generating DSP p_reg_reg[3], operation Mode is: (A2*B2)'.
DSP Report: register w_in_reg[3] is absorbed into DSP p_reg_reg[3].
DSP Report: register p_in_reg[3] is absorbed into DSP p_reg_reg[3].
DSP Report: register p_reg_reg[3] is absorbed into DSP p_reg_reg[3].
DSP Report: register prod_reg[3] is absorbed into DSP p_reg_reg[3].
DSP Report: operator p_0_out is absorbed into DSP p_reg_reg[3].
DSP Report: Generating DSP p_reg_reg[2], operation Mode is: (A2*B2)'.
DSP Report: register w_in_reg[2] is absorbed into DSP p_reg_reg[2].
DSP Report: register p_in_reg[2] is absorbed into DSP p_reg_reg[2].
DSP Report: register p_reg_reg[2] is absorbed into DSP p_reg_reg[2].
DSP Report: register prod_reg[2] is absorbed into DSP p_reg_reg[2].
DSP Report: operator p_0_out is absorbed into DSP p_reg_reg[2].
DSP Report: Generating DSP p_reg_reg[1], operation Mode is: (A2*B2)'.
DSP Report: register w_in_reg[1] is absorbed into DSP p_reg_reg[1].
DSP Report: register p_in_reg[1] is absorbed into DSP p_reg_reg[1].
DSP Report: register p_reg_reg[1] is absorbed into DSP p_reg_reg[1].
DSP Report: register prod_reg[1] is absorbed into DSP p_reg_reg[1].
DSP Report: operator p_0_out is absorbed into DSP p_reg_reg[1].
DSP Report: Generating DSP p_reg_reg[0], operation Mode is: (A2*B2)'.
DSP Report: register w_in_reg[0] is absorbed into DSP p_reg_reg[0].
DSP Report: register p_in_reg[0] is absorbed into DSP p_reg_reg[0].
DSP Report: register p_reg_reg[0] is absorbed into DSP p_reg_reg[0].
DSP Report: register prod_reg[0] is absorbed into DSP p_reg_reg[0].
DSP Report: operator p_0_out is absorbed into DSP p_reg_reg[0].
DSP Report: Generating DSP p_reg_reg[7], operation Mode is: (A2*B2)'.
DSP Report: register w_in_reg[7] is absorbed into DSP p_reg_reg[7].
DSP Report: register p_in_reg[7] is absorbed into DSP p_reg_reg[7].
DSP Report: register p_reg_reg[7] is absorbed into DSP p_reg_reg[7].
DSP Report: register prod_reg[7] is absorbed into DSP p_reg_reg[7].
DSP Report: operator p_0_out is absorbed into DSP p_reg_reg[7].
DSP Report: Generating DSP p_reg_reg[6], operation Mode is: (A2*B2)'.
DSP Report: register w_in_reg[6] is absorbed into DSP p_reg_reg[6].
DSP Report: register p_in_reg[6] is absorbed into DSP p_reg_reg[6].
DSP Report: register p_reg_reg[6] is absorbed into DSP p_reg_reg[6].
DSP Report: register prod_reg[6] is absorbed into DSP p_reg_reg[6].
DSP Report: operator p_0_out is absorbed into DSP p_reg_reg[6].
DSP Report: Generating DSP p_reg_reg[5], operation Mode is: (A2*B2)'.
DSP Report: register w_in_reg[5] is absorbed into DSP p_reg_reg[5].
DSP Report: register p_in_reg[5] is absorbed into DSP p_reg_reg[5].
DSP Report: register p_reg_reg[5] is absorbed into DSP p_reg_reg[5].
DSP Report: register prod_reg[5] is absorbed into DSP p_reg_reg[5].
DSP Report: operator p_0_out is absorbed into DSP p_reg_reg[5].
DSP Report: Generating DSP p_reg_reg[4], operation Mode is: (A2*B2)'.
DSP Report: register w_in_reg[4] is absorbed into DSP p_reg_reg[4].
DSP Report: register p_in_reg[4] is absorbed into DSP p_reg_reg[4].
DSP Report: register p_reg_reg[4] is absorbed into DSP p_reg_reg[4].
DSP Report: register prod_reg[4] is absorbed into DSP p_reg_reg[4].
DSP Report: operator p_0_out is absorbed into DSP p_reg_reg[4].
DSP Report: Generating DSP p_reg_reg[8], operation Mode is: (A2*B2)'.
DSP Report: register w_in_reg[8] is absorbed into DSP p_reg_reg[8].
DSP Report: register p_in_reg[8] is absorbed into DSP p_reg_reg[8].
DSP Report: register p_reg_reg[8] is absorbed into DSP p_reg_reg[8].
DSP Report: register prod_reg[8] is absorbed into DSP p_reg_reg[8].
DSP Report: operator p_0_out is absorbed into DSP p_reg_reg[8].
DSP Report: Generating DSP p_reg_reg[3], operation Mode is: (A2*B2)'.
DSP Report: register w_in_reg[3] is absorbed into DSP p_reg_reg[3].
DSP Report: register p_in_reg[3] is absorbed into DSP p_reg_reg[3].
DSP Report: register p_reg_reg[3] is absorbed into DSP p_reg_reg[3].
DSP Report: register prod_reg[3] is absorbed into DSP p_reg_reg[3].
DSP Report: operator p_0_out is absorbed into DSP p_reg_reg[3].
DSP Report: Generating DSP p_reg_reg[2], operation Mode is: (A2*B2)'.
DSP Report: register w_in_reg[2] is absorbed into DSP p_reg_reg[2].
DSP Report: register p_in_reg[2] is absorbed into DSP p_reg_reg[2].
DSP Report: register p_reg_reg[2] is absorbed into DSP p_reg_reg[2].
DSP Report: register prod_reg[2] is absorbed into DSP p_reg_reg[2].
DSP Report: operator p_0_out is absorbed into DSP p_reg_reg[2].
DSP Report: Generating DSP p_reg_reg[1], operation Mode is: (A2*B2)'.
DSP Report: register w_in_reg[1] is absorbed into DSP p_reg_reg[1].
DSP Report: register p_in_reg[1] is absorbed into DSP p_reg_reg[1].
DSP Report: register p_reg_reg[1] is absorbed into DSP p_reg_reg[1].
DSP Report: register prod_reg[1] is absorbed into DSP p_reg_reg[1].
DSP Report: operator p_0_out is absorbed into DSP p_reg_reg[1].
DSP Report: Generating DSP p_reg_reg[0], operation Mode is: (A2*B2)'.
DSP Report: register w_in_reg[0] is absorbed into DSP p_reg_reg[0].
DSP Report: register p_in_reg[0] is absorbed into DSP p_reg_reg[0].
DSP Report: register p_reg_reg[0] is absorbed into DSP p_reg_reg[0].
DSP Report: register prod_reg[0] is absorbed into DSP p_reg_reg[0].
DSP Report: operator p_0_out is absorbed into DSP p_reg_reg[0].
INFO: [Synth 8-5544] ROM "p_2_out0" won't be mapped to Block RAM because address size (2) smaller than threshold (5)
INFO: [Synth 8-5544] ROM "p_2_out0" won't be mapped to Block RAM because address size (2) smaller than threshold (5)
INFO: [Synth 8-4471] merging register 'feature_reg_reg[8][15:0]' into 'feature_reg_reg[8][15:0]' [E:/A_IP_Stega/IP_Stega/IP_Stega.srcs/sources_1/new/pw_mac.v:227]
INFO: [Synth 8-4471] merging register 'feature_reg_reg[9][15:0]' into 'feature_reg_reg[9][15:0]' [E:/A_IP_Stega/IP_Stega/IP_Stega.srcs/sources_1/new/pw_mac.v:227]
INFO: [Synth 8-4471] merging register 'feature_reg_reg[10][15:0]' into 'feature_reg_reg[10][15:0]' [E:/A_IP_Stega/IP_Stega/IP_Stega.srcs/sources_1/new/pw_mac.v:227]
INFO: [Synth 8-4471] merging register 'feature_reg_reg[11][15:0]' into 'feature_reg_reg[11][15:0]' [E:/A_IP_Stega/IP_Stega/IP_Stega.srcs/sources_1/new/pw_mac.v:227]
INFO: [Synth 8-4471] merging register 'feature_reg_reg[10][15:0]' into 'feature_reg_reg[10][15:0]' [E:/A_IP_Stega/IP_Stega/IP_Stega.srcs/sources_1/new/pw_mac.v:227]
INFO: [Synth 8-4471] merging register 'feature_reg_reg[9][15:0]' into 'feature_reg_reg[9][15:0]' [E:/A_IP_Stega/IP_Stega/IP_Stega.srcs/sources_1/new/pw_mac.v:227]
INFO: [Synth 8-4471] merging register 'feature_reg_reg[8][15:0]' into 'feature_reg_reg[8][15:0]' [E:/A_IP_Stega/IP_Stega/IP_Stega.srcs/sources_1/new/pw_mac.v:227]
INFO: [Synth 8-4471] merging register 'feature_reg_reg[11][15:0]' into 'feature_reg_reg[11][15:0]' [E:/A_IP_Stega/IP_Stega/IP_Stega.srcs/sources_1/new/pw_mac.v:227]
INFO: [Synth 8-4471] merging register 'feature_reg_reg[8][15:0]' into 'feature_reg_reg[8][15:0]' [E:/A_IP_Stega/IP_Stega/IP_Stega.srcs/sources_1/new/pw_mac.v:227]
INFO: [Synth 8-4471] merging register 'feature_reg_reg[9][15:0]' into 'feature_reg_reg[9][15:0]' [E:/A_IP_Stega/IP_Stega/IP_Stega.srcs/sources_1/new/pw_mac.v:227]
INFO: [Synth 8-4471] merging register 'feature_reg_reg[10][15:0]' into 'feature_reg_reg[10][15:0]' [E:/A_IP_Stega/IP_Stega/IP_Stega.srcs/sources_1/new/pw_mac.v:227]
INFO: [Synth 8-4471] merging register 'feature_reg_reg[11][15:0]' into 'feature_reg_reg[11][15:0]' [E:/A_IP_Stega/IP_Stega/IP_Stega.srcs/sources_1/new/pw_mac.v:227]
INFO: [Synth 8-4471] merging register 'feature_reg_reg[11][15:0]' into 'feature_reg_reg[11][15:0]' [E:/A_IP_Stega/IP_Stega/IP_Stega.srcs/sources_1/new/pw_mac.v:227]
INFO: [Synth 8-4471] merging register 'feature_reg_reg[10][15:0]' into 'feature_reg_reg[10][15:0]' [E:/A_IP_Stega/IP_Stega/IP_Stega.srcs/sources_1/new/pw_mac.v:227]
INFO: [Synth 8-4471] merging register 'feature_reg_reg[11][15:0]' into 'feature_reg_reg[11][15:0]' [E:/A_IP_Stega/IP_Stega/IP_Stega.srcs/sources_1/new/pw_mac.v:227]
INFO: [Synth 8-4471] merging register 'feature_reg_reg[10][15:0]' into 'feature_reg_reg[10][15:0]' [E:/A_IP_Stega/IP_Stega/IP_Stega.srcs/sources_1/new/pw_mac.v:227]
INFO: [Synth 8-4471] merging register 'feature_reg_reg[9][15:0]' into 'feature_reg_reg[9][15:0]' [E:/A_IP_Stega/IP_Stega/IP_Stega.srcs/sources_1/new/pw_mac.v:227]
INFO: [Synth 8-4471] merging register 'feature_reg_reg[8][15:0]' into 'feature_reg_reg[8][15:0]' [E:/A_IP_Stega/IP_Stega/IP_Stega.srcs/sources_1/new/pw_mac.v:227]
INFO: [Synth 8-4471] merging register 'feature_reg_reg[8][15:0]' into 'feature_reg_reg[8][15:0]' [E:/A_IP_Stega/IP_Stega/IP_Stega.srcs/sources_1/new/pw_mac.v:227]
INFO: [Synth 8-4471] merging register 'feature_reg_reg[9][15:0]' into 'feature_reg_reg[9][15:0]' [E:/A_IP_Stega/IP_Stega/IP_Stega.srcs/sources_1/new/pw_mac.v:227]
INFO: [Synth 8-4471] merging register 'feature_reg_reg[10][15:0]' into 'feature_reg_reg[10][15:0]' [E:/A_IP_Stega/IP_Stega/IP_Stega.srcs/sources_1/new/pw_mac.v:227]
INFO: [Synth 8-4471] merging register 'feature_reg_reg[11][15:0]' into 'feature_reg_reg[11][15:0]' [E:/A_IP_Stega/IP_Stega/IP_Stega.srcs/sources_1/new/pw_mac.v:227]
INFO: [Synth 8-4471] merging register 'feature_reg_reg[8][15:0]' into 'feature_reg_reg[8][15:0]' [E:/A_IP_Stega/IP_Stega/IP_Stega.srcs/sources_1/new/pw_mac.v:227]
INFO: [Synth 8-4471] merging register 'feature_reg_reg[9][15:0]' into 'feature_reg_reg[9][15:0]' [E:/A_IP_Stega/IP_Stega/IP_Stega.srcs/sources_1/new/pw_mac.v:227]
INFO: [Synth 8-4471] merging register 'feature_reg_reg[10][15:0]' into 'feature_reg_reg[10][15:0]' [E:/A_IP_Stega/IP_Stega/IP_Stega.srcs/sources_1/new/pw_mac.v:227]
INFO: [Synth 8-4471] merging register 'feature_reg_reg[11][15:0]' into 'feature_reg_reg[11][15:0]' [E:/A_IP_Stega/IP_Stega/IP_Stega.srcs/sources_1/new/pw_mac.v:227]
INFO: [Synth 8-4471] merging register 'feature_reg_reg[9][15:0]' into 'feature_reg_reg[9][15:0]' [E:/A_IP_Stega/IP_Stega/IP_Stega.srcs/sources_1/new/pw_mac.v:227]
INFO: [Synth 8-4471] merging register 'feature_reg_reg[11][15:0]' into 'feature_reg_reg[11][15:0]' [E:/A_IP_Stega/IP_Stega/IP_Stega.srcs/sources_1/new/pw_mac.v:227]
INFO: [Synth 8-4471] merging register 'feature_reg_reg[10][15:0]' into 'feature_reg_reg[10][15:0]' [E:/A_IP_Stega/IP_Stega/IP_Stega.srcs/sources_1/new/pw_mac.v:227]
INFO: [Synth 8-4471] merging register 'feature_reg_reg[9][15:0]' into 'feature_reg_reg[9][15:0]' [E:/A_IP_Stega/IP_Stega/IP_Stega.srcs/sources_1/new/pw_mac.v:227]
INFO: [Synth 8-4471] merging register 'feature_reg_reg[8][15:0]' into 'feature_reg_reg[8][15:0]' [E:/A_IP_Stega/IP_Stega/IP_Stega.srcs/sources_1/new/pw_mac.v:227]
INFO: [Synth 8-4471] merging register 'feature_reg_reg[8][15:0]' into 'feature_reg_reg[8][15:0]' [E:/A_IP_Stega/IP_Stega/IP_Stega.srcs/sources_1/new/pw_mac.v:227]
INFO: [Synth 8-4471] merging register 'feature_reg_reg[11][15:0]' into 'feature_reg_reg[11][15:0]' [E:/A_IP_Stega/IP_Stega/IP_Stega.srcs/sources_1/new/pw_mac.v:227]
INFO: [Synth 8-4471] merging register 'feature_reg_reg[10][15:0]' into 'feature_reg_reg[10][15:0]' [E:/A_IP_Stega/IP_Stega/IP_Stega.srcs/sources_1/new/pw_mac.v:227]
INFO: [Synth 8-4471] merging register 'feature_reg_reg[9][15:0]' into 'feature_reg_reg[9][15:0]' [E:/A_IP_Stega/IP_Stega/IP_Stega.srcs/sources_1/new/pw_mac.v:227]
INFO: [Synth 8-4471] merging register 'feature_reg_reg[8][15:0]' into 'feature_reg_reg[8][15:0]' [E:/A_IP_Stega/IP_Stega/IP_Stega.srcs/sources_1/new/pw_mac.v:227]
INFO: [Synth 8-4471] merging register 'feature_reg_reg[11][15:0]' into 'feature_reg_reg[11][15:0]' [E:/A_IP_Stega/IP_Stega/IP_Stega.srcs/sources_1/new/pw_mac.v:227]
INFO: [Synth 8-4471] merging register 'feature_reg_reg[10][15:0]' into 'feature_reg_reg[10][15:0]' [E:/A_IP_Stega/IP_Stega/IP_Stega.srcs/sources_1/new/pw_mac.v:227]
INFO: [Synth 8-4471] merging register 'feature_reg_reg[9][15:0]' into 'feature_reg_reg[9][15:0]' [E:/A_IP_Stega/IP_Stega/IP_Stega.srcs/sources_1/new/pw_mac.v:227]
INFO: [Synth 8-4471] merging register 'feature_reg_reg[8][15:0]' into 'feature_reg_reg[8][15:0]' [E:/A_IP_Stega/IP_Stega/IP_Stega.srcs/sources_1/new/pw_mac.v:227]
INFO: [Synth 8-4471] merging register 'feature_reg_reg[8][15:0]' into 'feature_reg_reg[8][15:0]' [E:/A_IP_Stega/IP_Stega/IP_Stega.srcs/sources_1/new/pw_mac.v:227]
INFO: [Synth 8-4471] merging register 'feature_reg_reg[9][15:0]' into 'feature_reg_reg[9][15:0]' [E:/A_IP_Stega/IP_Stega/IP_Stega.srcs/sources_1/new/pw_mac.v:227]
INFO: [Synth 8-4471] merging register 'feature_reg_reg[10][15:0]' into 'feature_reg_reg[10][15:0]' [E:/A_IP_Stega/IP_Stega/IP_Stega.srcs/sources_1/new/pw_mac.v:227]
INFO: [Synth 8-4471] merging register 'feature_reg_reg[11][15:0]' into 'feature_reg_reg[11][15:0]' [E:/A_IP_Stega/IP_Stega/IP_Stega.srcs/sources_1/new/pw_mac.v:227]
INFO: [Synth 8-4471] merging register 'feature_reg_reg[8][15:0]' into 'feature_reg_reg[8][15:0]' [E:/A_IP_Stega/IP_Stega/IP_Stega.srcs/sources_1/new/pw_mac.v:227]
INFO: [Synth 8-4471] merging register 'feature_reg_reg[9][15:0]' into 'feature_reg_reg[9][15:0]' [E:/A_IP_Stega/IP_Stega/IP_Stega.srcs/sources_1/new/pw_mac.v:227]
INFO: [Synth 8-4471] merging register 'feature_reg_reg[10][15:0]' into 'feature_reg_reg[10][15:0]' [E:/A_IP_Stega/IP_Stega/IP_Stega.srcs/sources_1/new/pw_mac.v:227]
INFO: [Synth 8-4471] merging register 'feature_reg_reg[11][15:0]' into 'feature_reg_reg[11][15:0]' [E:/A_IP_Stega/IP_Stega/IP_Stega.srcs/sources_1/new/pw_mac.v:227]
INFO: [Synth 8-4471] merging register 'feature_reg_reg[11][15:0]' into 'feature_reg_reg[11][15:0]' [E:/A_IP_Stega/IP_Stega/IP_Stega.srcs/sources_1/new/pw_mac.v:227]
INFO: [Synth 8-4471] merging register 'feature_reg_reg[10][15:0]' into 'feature_reg_reg[10][15:0]' [E:/A_IP_Stega/IP_Stega/IP_Stega.srcs/sources_1/new/pw_mac.v:227]
INFO: [Synth 8-4471] merging register 'feature_reg_reg[9][15:0]' into 'feature_reg_reg[9][15:0]' [E:/A_IP_Stega/IP_Stega/IP_Stega.srcs/sources_1/new/pw_mac.v:227]
INFO: [Synth 8-4471] merging register 'feature_reg_reg[8][15:0]' into 'feature_reg_reg[8][15:0]' [E:/A_IP_Stega/IP_Stega/IP_Stega.srcs/sources_1/new/pw_mac.v:227]
INFO: [Synth 8-4471] merging register 'feature_reg_reg[8][15:0]' into 'feature_reg_reg[8][15:0]' [E:/A_IP_Stega/IP_Stega/IP_Stega.srcs/sources_1/new/pw_mac.v:227]
INFO: [Synth 8-4471] merging register 'feature_reg_reg[9][15:0]' into 'feature_reg_reg[9][15:0]' [E:/A_IP_Stega/IP_Stega/IP_Stega.srcs/sources_1/new/pw_mac.v:227]
INFO: [Synth 8-4471] merging register 'feature_reg_reg[4][15:0]' into 'feature_reg_reg[4][15:0]' [E:/A_IP_Stega/IP_Stega/IP_Stega.srcs/sources_1/new/pw_mac.v:227]
INFO: [Synth 8-4471] merging register 'feature_reg_reg[5][15:0]' into 'feature_reg_reg[5][15:0]' [E:/A_IP_Stega/IP_Stega/IP_Stega.srcs/sources_1/new/pw_mac.v:227]
INFO: [Synth 8-4471] merging register 'feature_reg_reg[11][15:0]' into 'feature_reg_reg[11][15:0]' [E:/A_IP_Stega/IP_Stega/IP_Stega.srcs/sources_1/new/pw_mac.v:227]
INFO: [Synth 8-4471] merging register 'feature_reg_reg[11][15:0]' into 'feature_reg_reg[11][15:0]' [E:/A_IP_Stega/IP_Stega/IP_Stega.srcs/sources_1/new/pw_mac.v:227]
INFO: [Synth 8-4471] merging register 'feature_reg_reg[10][15:0]' into 'feature_reg_reg[10][15:0]' [E:/A_IP_Stega/IP_Stega/IP_Stega.srcs/sources_1/new/pw_mac.v:227]
INFO: [Synth 8-4471] merging register 'feature_reg_reg[9][15:0]' into 'feature_reg_reg[9][15:0]' [E:/A_IP_Stega/IP_Stega/IP_Stega.srcs/sources_1/new/pw_mac.v:227]
INFO: [Synth 8-4471] merging register 'feature_reg_reg[8][15:0]' into 'feature_reg_reg[8][15:0]' [E:/A_IP_Stega/IP_Stega/IP_Stega.srcs/sources_1/new/pw_mac.v:227]
INFO: [Synth 8-4471] merging register 'feature_reg_reg[10][15:0]' into 'feature_reg_reg[10][15:0]' [E:/A_IP_Stega/IP_Stega/IP_Stega.srcs/sources_1/new/pw_mac.v:227]
DSP Report: Generating DSP mult_reg_pipe_reg[9][11], operation Mode is: (A2*B2)'.
DSP Report: register weight_reg_reg[9][11] is absorbed into DSP mult_reg_pipe_reg[9][11].
DSP Report: register feature_reg_reg[11] is absorbed into DSP mult_reg_pipe_reg[9][11].
DSP Report: register mult_reg_pipe_reg[9][11] is absorbed into DSP mult_reg_pipe_reg[9][11].
DSP Report: register mult_reg_reg[9][11] is absorbed into DSP mult_reg_pipe_reg[9][11].
DSP Report: operator p_0_out is absorbed into DSP mult_reg_pipe_reg[9][11].
DSP Report: Generating DSP mult_reg_pipe_reg[9][10], operation Mode is: (A2*B2)'.
DSP Report: register weight_reg_reg[9][10] is absorbed into DSP mult_reg_pipe_reg[9][10].
DSP Report: register feature_reg_reg[10] is absorbed into DSP mult_reg_pipe_reg[9][10].
DSP Report: register mult_reg_pipe_reg[9][10] is absorbed into DSP mult_reg_pipe_reg[9][10].
DSP Report: register mult_reg_reg[9][10] is absorbed into DSP mult_reg_pipe_reg[9][10].
DSP Report: operator p_0_out is absorbed into DSP mult_reg_pipe_reg[9][10].
DSP Report: Generating DSP mult_reg_pipe_reg[9][9], operation Mode is: (A2*B2)'.
DSP Report: register weight_reg_reg[9][9] is absorbed into DSP mult_reg_pipe_reg[9][9].
DSP Report: register feature_reg_reg[9] is absorbed into DSP mult_reg_pipe_reg[9][9].
DSP Report: register mult_reg_pipe_reg[9][9] is absorbed into DSP mult_reg_pipe_reg[9][9].
DSP Report: register mult_reg_reg[9][9] is absorbed into DSP mult_reg_pipe_reg[9][9].
DSP Report: operator p_0_out is absorbed into DSP mult_reg_pipe_reg[9][9].
DSP Report: Generating DSP mult_reg_pipe_reg[9][8], operation Mode is: (A2*B2)'.
DSP Report: register weight_reg_reg[9][8] is absorbed into DSP mult_reg_pipe_reg[9][8].
DSP Report: register feature_reg_reg[8] is absorbed into DSP mult_reg_pipe_reg[9][8].
DSP Report: register mult_reg_pipe_reg[9][8] is absorbed into DSP mult_reg_pipe_reg[9][8].
DSP Report: register mult_reg_reg[9][8] is absorbed into DSP mult_reg_pipe_reg[9][8].
DSP Report: operator p_0_out is absorbed into DSP mult_reg_pipe_reg[9][8].
DSP Report: Generating DSP mult_reg_pipe_reg[9][5], operation Mode is: (A2*B2)'.
DSP Report: register weight_reg_reg[9][5] is absorbed into DSP mult_reg_pipe_reg[9][5].
DSP Report: register feature_reg_reg[5] is absorbed into DSP mult_reg_pipe_reg[9][5].
DSP Report: register mult_reg_pipe_reg[9][5] is absorbed into DSP mult_reg_pipe_reg[9][5].
DSP Report: register mult_reg_reg[9][5] is absorbed into DSP mult_reg_pipe_reg[9][5].
DSP Report: operator p_0_out is absorbed into DSP mult_reg_pipe_reg[9][5].
DSP Report: Generating DSP mult_reg_pipe_reg[15][11], operation Mode is: (A2*B2)'.
DSP Report: register weight_reg_reg[15][11] is absorbed into DSP mult_reg_pipe_reg[15][11].
DSP Report: register feature_reg_reg[11] is absorbed into DSP mult_reg_pipe_reg[15][11].
DSP Report: register mult_reg_pipe_reg[15][11] is absorbed into DSP mult_reg_pipe_reg[15][11].
DSP Report: register mult_reg_reg[15][11] is absorbed into DSP mult_reg_pipe_reg[15][11].
DSP Report: operator p_0_out is absorbed into DSP mult_reg_pipe_reg[15][11].
DSP Report: Generating DSP mult_reg_pipe_reg[15][10], operation Mode is: (A2*B2)'.
DSP Report: register weight_reg_reg[15][10] is absorbed into DSP mult_reg_pipe_reg[15][10].
DSP Report: register feature_reg_reg[10] is absorbed into DSP mult_reg_pipe_reg[15][10].
DSP Report: register mult_reg_pipe_reg[15][10] is absorbed into DSP mult_reg_pipe_reg[15][10].
DSP Report: register mult_reg_reg[15][10] is absorbed into DSP mult_reg_pipe_reg[15][10].
DSP Report: operator p_0_out is absorbed into DSP mult_reg_pipe_reg[15][10].
DSP Report: Generating DSP mult_reg_pipe_reg[15][9], operation Mode is: (A2*B2)'.
DSP Report: register weight_reg_reg[15][9] is absorbed into DSP mult_reg_pipe_reg[15][9].
DSP Report: register feature_reg_reg[9] is absorbed into DSP mult_reg_pipe_reg[15][9].
DSP Report: register mult_reg_pipe_reg[15][9] is absorbed into DSP mult_reg_pipe_reg[15][9].
DSP Report: register mult_reg_reg[15][9] is absorbed into DSP mult_reg_pipe_reg[15][9].
DSP Report: operator p_0_out is absorbed into DSP mult_reg_pipe_reg[15][9].
DSP Report: Generating DSP mult_reg_pipe_reg[15][8], operation Mode is: (A2*B2)'.
DSP Report: register weight_reg_reg[15][8] is absorbed into DSP mult_reg_pipe_reg[15][8].
DSP Report: register feature_reg_reg[8] is absorbed into DSP mult_reg_pipe_reg[15][8].
DSP Report: register mult_reg_pipe_reg[15][8] is absorbed into DSP mult_reg_pipe_reg[15][8].
DSP Report: register mult_reg_reg[15][8] is absorbed into DSP mult_reg_pipe_reg[15][8].
DSP Report: operator p_0_out is absorbed into DSP mult_reg_pipe_reg[15][8].
DSP Report: Generating DSP mult_reg_pipe_reg[14][11], operation Mode is: (A2*B2)'.
DSP Report: register weight_reg_reg[14][11] is absorbed into DSP mult_reg_pipe_reg[14][11].
DSP Report: register feature_reg_reg[11] is absorbed into DSP mult_reg_pipe_reg[14][11].
DSP Report: register mult_reg_pipe_reg[14][11] is absorbed into DSP mult_reg_pipe_reg[14][11].
DSP Report: register mult_reg_reg[14][11] is absorbed into DSP mult_reg_pipe_reg[14][11].
DSP Report: operator p_0_out is absorbed into DSP mult_reg_pipe_reg[14][11].
DSP Report: Generating DSP mult_reg_pipe_reg[14][10], operation Mode is: (A2*B2)'.
DSP Report: register weight_reg_reg[14][10] is absorbed into DSP mult_reg_pipe_reg[14][10].
DSP Report: register feature_reg_reg[10] is absorbed into DSP mult_reg_pipe_reg[14][10].
DSP Report: register mult_reg_pipe_reg[14][10] is absorbed into DSP mult_reg_pipe_reg[14][10].
DSP Report: register mult_reg_reg[14][10] is absorbed into DSP mult_reg_pipe_reg[14][10].
DSP Report: operator p_0_out is absorbed into DSP mult_reg_pipe_reg[14][10].
DSP Report: Generating DSP mult_reg_pipe_reg[14][9], operation Mode is: (A2*B2)'.
DSP Report: register weight_reg_reg[14][9] is absorbed into DSP mult_reg_pipe_reg[14][9].
DSP Report: register feature_reg_reg[9] is absorbed into DSP mult_reg_pipe_reg[14][9].
DSP Report: register mult_reg_pipe_reg[14][9] is absorbed into DSP mult_reg_pipe_reg[14][9].
DSP Report: register mult_reg_reg[14][9] is absorbed into DSP mult_reg_pipe_reg[14][9].
DSP Report: operator p_0_out is absorbed into DSP mult_reg_pipe_reg[14][9].
DSP Report: Generating DSP mult_reg_pipe_reg[14][8], operation Mode is: (A2*B2)'.
DSP Report: register weight_reg_reg[14][8] is absorbed into DSP mult_reg_pipe_reg[14][8].
DSP Report: register feature_reg_reg[8] is absorbed into DSP mult_reg_pipe_reg[14][8].
DSP Report: register mult_reg_pipe_reg[14][8] is absorbed into DSP mult_reg_pipe_reg[14][8].
DSP Report: register mult_reg_reg[14][8] is absorbed into DSP mult_reg_pipe_reg[14][8].
DSP Report: operator p_0_out is absorbed into DSP mult_reg_pipe_reg[14][8].
DSP Report: Generating DSP mult_reg_pipe_reg[13][11], operation Mode is: (A2*B2)'.
DSP Report: register weight_reg_reg[13][11] is absorbed into DSP mult_reg_pipe_reg[13][11].
DSP Report: register feature_reg_reg[11] is absorbed into DSP mult_reg_pipe_reg[13][11].
DSP Report: register mult_reg_pipe_reg[13][11] is absorbed into DSP mult_reg_pipe_reg[13][11].
DSP Report: register mult_reg_reg[13][11] is absorbed into DSP mult_reg_pipe_reg[13][11].
DSP Report: operator p_0_out is absorbed into DSP mult_reg_pipe_reg[13][11].
DSP Report: Generating DSP mult_reg_pipe_reg[13][10], operation Mode is: (A2*B2)'.
DSP Report: register weight_reg_reg[13][10] is absorbed into DSP mult_reg_pipe_reg[13][10].
DSP Report: register feature_reg_reg[10] is absorbed into DSP mult_reg_pipe_reg[13][10].
DSP Report: register mult_reg_pipe_reg[13][10] is absorbed into DSP mult_reg_pipe_reg[13][10].
DSP Report: register mult_reg_reg[13][10] is absorbed into DSP mult_reg_pipe_reg[13][10].
DSP Report: operator p_0_out is absorbed into DSP mult_reg_pipe_reg[13][10].
DSP Report: Generating DSP mult_reg_pipe_reg[13][9], operation Mode is: (A2*B2)'.
DSP Report: register weight_reg_reg[13][9] is absorbed into DSP mult_reg_pipe_reg[13][9].
DSP Report: register feature_reg_reg[9] is absorbed into DSP mult_reg_pipe_reg[13][9].
DSP Report: register mult_reg_pipe_reg[13][9] is absorbed into DSP mult_reg_pipe_reg[13][9].
DSP Report: register mult_reg_reg[13][9] is absorbed into DSP mult_reg_pipe_reg[13][9].
DSP Report: operator p_0_out is absorbed into DSP mult_reg_pipe_reg[13][9].
DSP Report: Generating DSP mult_reg_pipe_reg[13][8], operation Mode is: (A2*B2)'.
DSP Report: register weight_reg_reg[13][8] is absorbed into DSP mult_reg_pipe_reg[13][8].
DSP Report: register feature_reg_reg[8] is absorbed into DSP mult_reg_pipe_reg[13][8].
DSP Report: register mult_reg_pipe_reg[13][8] is absorbed into DSP mult_reg_pipe_reg[13][8].
DSP Report: register mult_reg_reg[13][8] is absorbed into DSP mult_reg_pipe_reg[13][8].
DSP Report: operator p_0_out is absorbed into DSP mult_reg_pipe_reg[13][8].
DSP Report: Generating DSP mult_reg_pipe_reg[11][11], operation Mode is: (A2*B2)'.
DSP Report: register weight_reg_reg[11][11] is absorbed into DSP mult_reg_pipe_reg[11][11].
DSP Report: register feature_reg_reg[11] is absorbed into DSP mult_reg_pipe_reg[11][11].
DSP Report: register mult_reg_pipe_reg[11][11] is absorbed into DSP mult_reg_pipe_reg[11][11].
DSP Report: register mult_reg_reg[11][11] is absorbed into DSP mult_reg_pipe_reg[11][11].
DSP Report: operator p_0_out is absorbed into DSP mult_reg_pipe_reg[11][11].
DSP Report: Generating DSP mult_reg_pipe_reg[11][10], operation Mode is: (A2*B2)'.
DSP Report: register weight_reg_reg[11][10] is absorbed into DSP mult_reg_pipe_reg[11][10].
DSP Report: register feature_reg_reg[10] is absorbed into DSP mult_reg_pipe_reg[11][10].
DSP Report: register mult_reg_pipe_reg[11][10] is absorbed into DSP mult_reg_pipe_reg[11][10].
DSP Report: register mult_reg_reg[11][10] is absorbed into DSP mult_reg_pipe_reg[11][10].
DSP Report: operator p_0_out is absorbed into DSP mult_reg_pipe_reg[11][10].
DSP Report: Generating DSP mult_reg_pipe_reg[11][9], operation Mode is: (A2*B2)'.
DSP Report: register weight_reg_reg[11][9] is absorbed into DSP mult_reg_pipe_reg[11][9].
DSP Report: register feature_reg_reg[9] is absorbed into DSP mult_reg_pipe_reg[11][9].
DSP Report: register mult_reg_pipe_reg[11][9] is absorbed into DSP mult_reg_pipe_reg[11][9].
DSP Report: register mult_reg_reg[11][9] is absorbed into DSP mult_reg_pipe_reg[11][9].
DSP Report: operator p_0_out is absorbed into DSP mult_reg_pipe_reg[11][9].
DSP Report: Generating DSP mult_reg_pipe_reg[11][8], operation Mode is: (A2*B2)'.
DSP Report: register weight_reg_reg[11][8] is absorbed into DSP mult_reg_pipe_reg[11][8].
DSP Report: register feature_reg_reg[8] is absorbed into DSP mult_reg_pipe_reg[11][8].
DSP Report: register mult_reg_pipe_reg[11][8] is absorbed into DSP mult_reg_pipe_reg[11][8].
DSP Report: register mult_reg_reg[11][8] is absorbed into DSP mult_reg_pipe_reg[11][8].
DSP Report: operator p_0_out is absorbed into DSP mult_reg_pipe_reg[11][8].
DSP Report: Generating DSP mult_reg_pipe_reg[8][11], operation Mode is: (A2*B2)'.
DSP Report: register weight_reg_reg[8][11] is absorbed into DSP mult_reg_pipe_reg[8][11].
DSP Report: register feature_reg_reg[11] is absorbed into DSP mult_reg_pipe_reg[8][11].
DSP Report: register mult_reg_pipe_reg[8][11] is absorbed into DSP mult_reg_pipe_reg[8][11].
DSP Report: register mult_reg_reg[8][11] is absorbed into DSP mult_reg_pipe_reg[8][11].
DSP Report: operator p_0_out is absorbed into DSP mult_reg_pipe_reg[8][11].
DSP Report: Generating DSP mult_reg_pipe_reg[8][10], operation Mode is: (A2*B2)'.
DSP Report: register weight_reg_reg[8][10] is absorbed into DSP mult_reg_pipe_reg[8][10].
DSP Report: register feature_reg_reg[10] is absorbed into DSP mult_reg_pipe_reg[8][10].
DSP Report: register mult_reg_pipe_reg[8][10] is absorbed into DSP mult_reg_pipe_reg[8][10].
DSP Report: register mult_reg_reg[8][10] is absorbed into DSP mult_reg_pipe_reg[8][10].
DSP Report: operator p_0_out is absorbed into DSP mult_reg_pipe_reg[8][10].
DSP Report: Generating DSP mult_reg_pipe_reg[8][9], operation Mode is: (A2*B2)'.
DSP Report: register weight_reg_reg[8][9] is absorbed into DSP mult_reg_pipe_reg[8][9].
DSP Report: register feature_reg_reg[9] is absorbed into DSP mult_reg_pipe_reg[8][9].
DSP Report: register mult_reg_pipe_reg[8][9] is absorbed into DSP mult_reg_pipe_reg[8][9].
DSP Report: register mult_reg_reg[8][9] is absorbed into DSP mult_reg_pipe_reg[8][9].
DSP Report: operator p_0_out is absorbed into DSP mult_reg_pipe_reg[8][9].
DSP Report: Generating DSP mult_reg_pipe_reg[8][8], operation Mode is: (A2*B2)'.
DSP Report: register weight_reg_reg[8][8] is absorbed into DSP mult_reg_pipe_reg[8][8].
DSP Report: register feature_reg_reg[8] is absorbed into DSP mult_reg_pipe_reg[8][8].
DSP Report: register mult_reg_pipe_reg[8][8] is absorbed into DSP mult_reg_pipe_reg[8][8].
DSP Report: register mult_reg_reg[8][8] is absorbed into DSP mult_reg_pipe_reg[8][8].
DSP Report: operator p_0_out is absorbed into DSP mult_reg_pipe_reg[8][8].
DSP Report: Generating DSP mult_reg_pipe_reg[7][11], operation Mode is: (A2*B2)'.
DSP Report: register weight_reg_reg[7][11] is absorbed into DSP mult_reg_pipe_reg[7][11].
DSP Report: register feature_reg_reg[11] is absorbed into DSP mult_reg_pipe_reg[7][11].
DSP Report: register mult_reg_pipe_reg[7][11] is absorbed into DSP mult_reg_pipe_reg[7][11].
DSP Report: register mult_reg_reg[7][11] is absorbed into DSP mult_reg_pipe_reg[7][11].
DSP Report: operator p_0_out is absorbed into DSP mult_reg_pipe_reg[7][11].
DSP Report: Generating DSP mult_reg_pipe_reg[7][10], operation Mode is: (A2*B2)'.
DSP Report: register weight_reg_reg[7][10] is absorbed into DSP mult_reg_pipe_reg[7][10].
DSP Report: register feature_reg_reg[10] is absorbed into DSP mult_reg_pipe_reg[7][10].
DSP Report: register mult_reg_pipe_reg[7][10] is absorbed into DSP mult_reg_pipe_reg[7][10].
DSP Report: register mult_reg_reg[7][10] is absorbed into DSP mult_reg_pipe_reg[7][10].
DSP Report: operator p_0_out is absorbed into DSP mult_reg_pipe_reg[7][10].
DSP Report: Generating DSP mult_reg_pipe_reg[7][9], operation Mode is: (A2*B2)'.
DSP Report: register weight_reg_reg[7][9] is absorbed into DSP mult_reg_pipe_reg[7][9].
DSP Report: register feature_reg_reg[9] is absorbed into DSP mult_reg_pipe_reg[7][9].
DSP Report: register mult_reg_pipe_reg[7][9] is absorbed into DSP mult_reg_pipe_reg[7][9].
DSP Report: register mult_reg_reg[7][9] is absorbed into DSP mult_reg_pipe_reg[7][9].
DSP Report: operator p_0_out is absorbed into DSP mult_reg_pipe_reg[7][9].
DSP Report: Generating DSP mult_reg_pipe_reg[7][8], operation Mode is: (A2*B2)'.
DSP Report: register weight_reg_reg[7][8] is absorbed into DSP mult_reg_pipe_reg[7][8].
DSP Report: register feature_reg_reg[8] is absorbed into DSP mult_reg_pipe_reg[7][8].
DSP Report: register mult_reg_pipe_reg[7][8] is absorbed into DSP mult_reg_pipe_reg[7][8].
DSP Report: register mult_reg_reg[7][8] is absorbed into DSP mult_reg_pipe_reg[7][8].
DSP Report: operator p_0_out is absorbed into DSP mult_reg_pipe_reg[7][8].
DSP Report: Generating DSP mult_reg_pipe_reg[6][11], operation Mode is: (A2*B2)'.
DSP Report: register weight_reg_reg[6][11] is absorbed into DSP mult_reg_pipe_reg[6][11].
DSP Report: register feature_reg_reg[11] is absorbed into DSP mult_reg_pipe_reg[6][11].
DSP Report: register mult_reg_pipe_reg[6][11] is absorbed into DSP mult_reg_pipe_reg[6][11].
DSP Report: register mult_reg_reg[6][11] is absorbed into DSP mult_reg_pipe_reg[6][11].
DSP Report: operator p_0_out is absorbed into DSP mult_reg_pipe_reg[6][11].
DSP Report: Generating DSP mult_reg_pipe_reg[6][10], operation Mode is: (A2*B2)'.
DSP Report: register weight_reg_reg[6][10] is absorbed into DSP mult_reg_pipe_reg[6][10].
DSP Report: register feature_reg_reg[10] is absorbed into DSP mult_reg_pipe_reg[6][10].
DSP Report: register mult_reg_pipe_reg[6][10] is absorbed into DSP mult_reg_pipe_reg[6][10].
DSP Report: register mult_reg_reg[6][10] is absorbed into DSP mult_reg_pipe_reg[6][10].
DSP Report: operator p_0_out is absorbed into DSP mult_reg_pipe_reg[6][10].
DSP Report: Generating DSP mult_reg_pipe_reg[6][9], operation Mode is: (A2*B2)'.
DSP Report: register weight_reg_reg[6][9] is absorbed into DSP mult_reg_pipe_reg[6][9].
DSP Report: register feature_reg_reg[9] is absorbed into DSP mult_reg_pipe_reg[6][9].
DSP Report: register mult_reg_pipe_reg[6][9] is absorbed into DSP mult_reg_pipe_reg[6][9].
DSP Report: register mult_reg_reg[6][9] is absorbed into DSP mult_reg_pipe_reg[6][9].
DSP Report: operator p_0_out is absorbed into DSP mult_reg_pipe_reg[6][9].
DSP Report: Generating DSP mult_reg_pipe_reg[6][8], operation Mode is: (A2*B2)'.
DSP Report: register weight_reg_reg[6][8] is absorbed into DSP mult_reg_pipe_reg[6][8].
DSP Report: register feature_reg_reg[8] is absorbed into DSP mult_reg_pipe_reg[6][8].
DSP Report: register mult_reg_pipe_reg[6][8] is absorbed into DSP mult_reg_pipe_reg[6][8].
DSP Report: register mult_reg_reg[6][8] is absorbed into DSP mult_reg_pipe_reg[6][8].
DSP Report: operator p_0_out is absorbed into DSP mult_reg_pipe_reg[6][8].
DSP Report: Generating DSP mult_reg_pipe_reg[5][11], operation Mode is: (A2*B2)'.
DSP Report: register weight_reg_reg[5][11] is absorbed into DSP mult_reg_pipe_reg[5][11].
DSP Report: register feature_reg_reg[11] is absorbed into DSP mult_reg_pipe_reg[5][11].
DSP Report: register mult_reg_pipe_reg[5][11] is absorbed into DSP mult_reg_pipe_reg[5][11].
DSP Report: register mult_reg_reg[5][11] is absorbed into DSP mult_reg_pipe_reg[5][11].
DSP Report: operator p_0_out is absorbed into DSP mult_reg_pipe_reg[5][11].
DSP Report: Generating DSP mult_reg_pipe_reg[5][10], operation Mode is: (A2*B2)'.
DSP Report: register weight_reg_reg[5][10] is absorbed into DSP mult_reg_pipe_reg[5][10].
DSP Report: register feature_reg_reg[10] is absorbed into DSP mult_reg_pipe_reg[5][10].
DSP Report: register mult_reg_pipe_reg[5][10] is absorbed into DSP mult_reg_pipe_reg[5][10].
DSP Report: register mult_reg_reg[5][10] is absorbed into DSP mult_reg_pipe_reg[5][10].
DSP Report: operator p_0_out is absorbed into DSP mult_reg_pipe_reg[5][10].
DSP Report: Generating DSP mult_reg_pipe_reg[5][9], operation Mode is: (A2*B2)'.
DSP Report: register weight_reg_reg[5][9] is absorbed into DSP mult_reg_pipe_reg[5][9].
DSP Report: register feature_reg_reg[9] is absorbed into DSP mult_reg_pipe_reg[5][9].
DSP Report: register mult_reg_pipe_reg[5][9] is absorbed into DSP mult_reg_pipe_reg[5][9].
DSP Report: register mult_reg_reg[5][9] is absorbed into DSP mult_reg_pipe_reg[5][9].
DSP Report: operator p_0_out is absorbed into DSP mult_reg_pipe_reg[5][9].
DSP Report: Generating DSP mult_reg_pipe_reg[5][8], operation Mode is: (A2*B2)'.
DSP Report: register weight_reg_reg[5][8] is absorbed into DSP mult_reg_pipe_reg[5][8].
DSP Report: register feature_reg_reg[8] is absorbed into DSP mult_reg_pipe_reg[5][8].
DSP Report: register mult_reg_pipe_reg[5][8] is absorbed into DSP mult_reg_pipe_reg[5][8].
DSP Report: register mult_reg_reg[5][8] is absorbed into DSP mult_reg_pipe_reg[5][8].
DSP Report: operator p_0_out is absorbed into DSP mult_reg_pipe_reg[5][8].
DSP Report: Generating DSP mult_reg_pipe_reg[4][11], operation Mode is: (A2*B2)'.
DSP Report: register weight_reg_reg[4][11] is absorbed into DSP mult_reg_pipe_reg[4][11].
DSP Report: register feature_reg_reg[11] is absorbed into DSP mult_reg_pipe_reg[4][11].
DSP Report: register mult_reg_pipe_reg[4][11] is absorbed into DSP mult_reg_pipe_reg[4][11].
DSP Report: register mult_reg_reg[4][11] is absorbed into DSP mult_reg_pipe_reg[4][11].
DSP Report: operator p_0_out is absorbed into DSP mult_reg_pipe_reg[4][11].
DSP Report: Generating DSP mult_reg_pipe_reg[4][10], operation Mode is: (A2*B2)'.
DSP Report: register weight_reg_reg[4][10] is absorbed into DSP mult_reg_pipe_reg[4][10].
DSP Report: register feature_reg_reg[10] is absorbed into DSP mult_reg_pipe_reg[4][10].
DSP Report: register mult_reg_pipe_reg[4][10] is absorbed into DSP mult_reg_pipe_reg[4][10].
DSP Report: register mult_reg_reg[4][10] is absorbed into DSP mult_reg_pipe_reg[4][10].
DSP Report: operator p_0_out is absorbed into DSP mult_reg_pipe_reg[4][10].
DSP Report: Generating DSP mult_reg_pipe_reg[4][9], operation Mode is: (A2*B2)'.
DSP Report: register weight_reg_reg[4][9] is absorbed into DSP mult_reg_pipe_reg[4][9].
DSP Report: register feature_reg_reg[9] is absorbed into DSP mult_reg_pipe_reg[4][9].
DSP Report: register mult_reg_pipe_reg[4][9] is absorbed into DSP mult_reg_pipe_reg[4][9].
DSP Report: register mult_reg_reg[4][9] is absorbed into DSP mult_reg_pipe_reg[4][9].
DSP Report: operator p_0_out is absorbed into DSP mult_reg_pipe_reg[4][9].
DSP Report: Generating DSP mult_reg_pipe_reg[4][8], operation Mode is: (A2*B2)'.
DSP Report: register weight_reg_reg[4][8] is absorbed into DSP mult_reg_pipe_reg[4][8].
DSP Report: register feature_reg_reg[8] is absorbed into DSP mult_reg_pipe_reg[4][8].
DSP Report: register mult_reg_pipe_reg[4][8] is absorbed into DSP mult_reg_pipe_reg[4][8].
DSP Report: register mult_reg_reg[4][8] is absorbed into DSP mult_reg_pipe_reg[4][8].
DSP Report: operator p_0_out is absorbed into DSP mult_reg_pipe_reg[4][8].
DSP Report: Generating DSP mult_reg_pipe_reg[3][11], operation Mode is: (A2*B2)'.
DSP Report: register weight_reg_reg[3][11] is absorbed into DSP mult_reg_pipe_reg[3][11].
DSP Report: register feature_reg_reg[11] is absorbed into DSP mult_reg_pipe_reg[3][11].
DSP Report: register mult_reg_pipe_reg[3][11] is absorbed into DSP mult_reg_pipe_reg[3][11].
DSP Report: register mult_reg_reg[3][11] is absorbed into DSP mult_reg_pipe_reg[3][11].
DSP Report: operator p_0_out is absorbed into DSP mult_reg_pipe_reg[3][11].
DSP Report: Generating DSP mult_reg_pipe_reg[3][10], operation Mode is: (A2*B2)'.
DSP Report: register weight_reg_reg[3][10] is absorbed into DSP mult_reg_pipe_reg[3][10].
DSP Report: register feature_reg_reg[10] is absorbed into DSP mult_reg_pipe_reg[3][10].
DSP Report: register mult_reg_pipe_reg[3][10] is absorbed into DSP mult_reg_pipe_reg[3][10].
DSP Report: register mult_reg_reg[3][10] is absorbed into DSP mult_reg_pipe_reg[3][10].
DSP Report: operator p_0_out is absorbed into DSP mult_reg_pipe_reg[3][10].
DSP Report: Generating DSP mult_reg_pipe_reg[3][9], operation Mode is: (A2*B2)'.
DSP Report: register weight_reg_reg[3][9] is absorbed into DSP mult_reg_pipe_reg[3][9].
DSP Report: register feature_reg_reg[9] is absorbed into DSP mult_reg_pipe_reg[3][9].
DSP Report: register mult_reg_pipe_reg[3][9] is absorbed into DSP mult_reg_pipe_reg[3][9].
DSP Report: register mult_reg_reg[3][9] is absorbed into DSP mult_reg_pipe_reg[3][9].
DSP Report: operator p_0_out is absorbed into DSP mult_reg_pipe_reg[3][9].
DSP Report: Generating DSP mult_reg_pipe_reg[3][8], operation Mode is: (A2*B2)'.
DSP Report: register weight_reg_reg[3][8] is absorbed into DSP mult_reg_pipe_reg[3][8].
DSP Report: register feature_reg_reg[8] is absorbed into DSP mult_reg_pipe_reg[3][8].
DSP Report: register mult_reg_pipe_reg[3][8] is absorbed into DSP mult_reg_pipe_reg[3][8].
DSP Report: register mult_reg_reg[3][8] is absorbed into DSP mult_reg_pipe_reg[3][8].
DSP Report: operator p_0_out is absorbed into DSP mult_reg_pipe_reg[3][8].
DSP Report: Generating DSP mult_reg_pipe_reg[2][11], operation Mode is: (A2*B2)'.
DSP Report: register weight_reg_reg[2][11] is absorbed into DSP mult_reg_pipe_reg[2][11].
DSP Report: register feature_reg_reg[11] is absorbed into DSP mult_reg_pipe_reg[2][11].
DSP Report: register mult_reg_pipe_reg[2][11] is absorbed into DSP mult_reg_pipe_reg[2][11].
DSP Report: register mult_reg_reg[2][11] is absorbed into DSP mult_reg_pipe_reg[2][11].
DSP Report: operator p_0_out is absorbed into DSP mult_reg_pipe_reg[2][11].
DSP Report: Generating DSP mult_reg_pipe_reg[2][10], operation Mode is: (A2*B2)'.
DSP Report: register weight_reg_reg[2][10] is absorbed into DSP mult_reg_pipe_reg[2][10].
DSP Report: register feature_reg_reg[10] is absorbed into DSP mult_reg_pipe_reg[2][10].
DSP Report: register mult_reg_pipe_reg[2][10] is absorbed into DSP mult_reg_pipe_reg[2][10].
DSP Report: register mult_reg_reg[2][10] is absorbed into DSP mult_reg_pipe_reg[2][10].
DSP Report: operator p_0_out is absorbed into DSP mult_reg_pipe_reg[2][10].
DSP Report: Generating DSP mult_reg_pipe_reg[2][9], operation Mode is: (A2*B2)'.
DSP Report: register weight_reg_reg[2][9] is absorbed into DSP mult_reg_pipe_reg[2][9].
DSP Report: register feature_reg_reg[9] is absorbed into DSP mult_reg_pipe_reg[2][9].
DSP Report: register mult_reg_pipe_reg[2][9] is absorbed into DSP mult_reg_pipe_reg[2][9].
DSP Report: register mult_reg_reg[2][9] is absorbed into DSP mult_reg_pipe_reg[2][9].
DSP Report: operator p_0_out is absorbed into DSP mult_reg_pipe_reg[2][9].
DSP Report: Generating DSP mult_reg_pipe_reg[2][8], operation Mode is: (A2*B2)'.
DSP Report: register weight_reg_reg[2][8] is absorbed into DSP mult_reg_pipe_reg[2][8].
DSP Report: register feature_reg_reg[8] is absorbed into DSP mult_reg_pipe_reg[2][8].
DSP Report: register mult_reg_pipe_reg[2][8] is absorbed into DSP mult_reg_pipe_reg[2][8].
DSP Report: register mult_reg_reg[2][8] is absorbed into DSP mult_reg_pipe_reg[2][8].
DSP Report: operator p_0_out is absorbed into DSP mult_reg_pipe_reg[2][8].
DSP Report: Generating DSP mult_reg_pipe_reg[1][11], operation Mode is: (A2*B2)'.
DSP Report: register weight_reg_reg[1][11] is absorbed into DSP mult_reg_pipe_reg[1][11].
DSP Report: register feature_reg_reg[11] is absorbed into DSP mult_reg_pipe_reg[1][11].
DSP Report: register mult_reg_pipe_reg[1][11] is absorbed into DSP mult_reg_pipe_reg[1][11].
DSP Report: register mult_reg_reg[1][11] is absorbed into DSP mult_reg_pipe_reg[1][11].
DSP Report: operator p_0_out is absorbed into DSP mult_reg_pipe_reg[1][11].
DSP Report: Generating DSP mult_reg_pipe_reg[1][10], operation Mode is: (A2*B2)'.
DSP Report: register weight_reg_reg[1][10] is absorbed into DSP mult_reg_pipe_reg[1][10].
DSP Report: register feature_reg_reg[10] is absorbed into DSP mult_reg_pipe_reg[1][10].
DSP Report: register mult_reg_pipe_reg[1][10] is absorbed into DSP mult_reg_pipe_reg[1][10].
DSP Report: register mult_reg_reg[1][10] is absorbed into DSP mult_reg_pipe_reg[1][10].
DSP Report: operator p_0_out is absorbed into DSP mult_reg_pipe_reg[1][10].
DSP Report: Generating DSP mult_reg_pipe_reg[1][9], operation Mode is: (A2*B2)'.
DSP Report: register weight_reg_reg[1][9] is absorbed into DSP mult_reg_pipe_reg[1][9].
DSP Report: register feature_reg_reg[9] is absorbed into DSP mult_reg_pipe_reg[1][9].
DSP Report: register mult_reg_pipe_reg[1][9] is absorbed into DSP mult_reg_pipe_reg[1][9].
DSP Report: register mult_reg_reg[1][9] is absorbed into DSP mult_reg_pipe_reg[1][9].
DSP Report: operator p_0_out is absorbed into DSP mult_reg_pipe_reg[1][9].
DSP Report: Generating DSP mult_reg_pipe_reg[1][8], operation Mode is: (A2*B2)'.
DSP Report: register weight_reg_reg[1][8] is absorbed into DSP mult_reg_pipe_reg[1][8].
DSP Report: register feature_reg_reg[8] is absorbed into DSP mult_reg_pipe_reg[1][8].
DSP Report: register mult_reg_pipe_reg[1][8] is absorbed into DSP mult_reg_pipe_reg[1][8].
DSP Report: register mult_reg_reg[1][8] is absorbed into DSP mult_reg_pipe_reg[1][8].
DSP Report: operator p_0_out is absorbed into DSP mult_reg_pipe_reg[1][8].
DSP Report: Generating DSP mult_reg_pipe_reg[0][11], operation Mode is: (A2*B2)'.
DSP Report: register weight_reg_reg[0][11] is absorbed into DSP mult_reg_pipe_reg[0][11].
DSP Report: register feature_reg_reg[11] is absorbed into DSP mult_reg_pipe_reg[0][11].
DSP Report: register mult_reg_pipe_reg[0][11] is absorbed into DSP mult_reg_pipe_reg[0][11].
DSP Report: register mult_reg_reg[0][11] is absorbed into DSP mult_reg_pipe_reg[0][11].
DSP Report: operator p_0_out is absorbed into DSP mult_reg_pipe_reg[0][11].
DSP Report: Generating DSP mult_reg_pipe_reg[0][10], operation Mode is: (A2*B2)'.
DSP Report: register weight_reg_reg[0][10] is absorbed into DSP mult_reg_pipe_reg[0][10].
DSP Report: register feature_reg_reg[10] is absorbed into DSP mult_reg_pipe_reg[0][10].
DSP Report: register mult_reg_pipe_reg[0][10] is absorbed into DSP mult_reg_pipe_reg[0][10].
DSP Report: register mult_reg_reg[0][10] is absorbed into DSP mult_reg_pipe_reg[0][10].
DSP Report: operator p_0_out is absorbed into DSP mult_reg_pipe_reg[0][10].
DSP Report: Generating DSP mult_reg_pipe_reg[0][9], operation Mode is: (A2*B2)'.
DSP Report: register weight_reg_reg[0][9] is absorbed into DSP mult_reg_pipe_reg[0][9].
DSP Report: register feature_reg_reg[9] is absorbed into DSP mult_reg_pipe_reg[0][9].
DSP Report: register mult_reg_pipe_reg[0][9] is absorbed into DSP mult_reg_pipe_reg[0][9].
DSP Report: register mult_reg_reg[0][9] is absorbed into DSP mult_reg_pipe_reg[0][9].
DSP Report: operator p_0_out is absorbed into DSP mult_reg_pipe_reg[0][9].
DSP Report: Generating DSP mult_reg_pipe_reg[0][8], operation Mode is: (A2*B2)'.
DSP Report: register weight_reg_reg[0][8] is absorbed into DSP mult_reg_pipe_reg[0][8].
DSP Report: register feature_reg_reg[8] is absorbed into DSP mult_reg_pipe_reg[0][8].
DSP Report: register mult_reg_pipe_reg[0][8] is absorbed into DSP mult_reg_pipe_reg[0][8].
DSP Report: register mult_reg_reg[0][8] is absorbed into DSP mult_reg_pipe_reg[0][8].
DSP Report: operator p_0_out is absorbed into DSP mult_reg_pipe_reg[0][8].
DSP Report: Generating DSP mult_reg_pipe_reg[12][11], operation Mode is: (A2*B2)'.
DSP Report: register weight_reg_reg[12][11] is absorbed into DSP mult_reg_pipe_reg[12][11].
DSP Report: register feature_reg_reg[11] is absorbed into DSP mult_reg_pipe_reg[12][11].
DSP Report: register mult_reg_pipe_reg[12][11] is absorbed into DSP mult_reg_pipe_reg[12][11].
DSP Report: register mult_reg_reg[12][11] is absorbed into DSP mult_reg_pipe_reg[12][11].
DSP Report: operator p_0_out is absorbed into DSP mult_reg_pipe_reg[12][11].
DSP Report: Generating DSP mult_reg_pipe_reg[12][10], operation Mode is: (A2*B2)'.
DSP Report: register weight_reg_reg[12][10] is absorbed into DSP mult_reg_pipe_reg[12][10].
DSP Report: register feature_reg_reg[10] is absorbed into DSP mult_reg_pipe_reg[12][10].
DSP Report: register mult_reg_pipe_reg[12][10] is absorbed into DSP mult_reg_pipe_reg[12][10].
DSP Report: register mult_reg_reg[12][10] is absorbed into DSP mult_reg_pipe_reg[12][10].
DSP Report: operator p_0_out is absorbed into DSP mult_reg_pipe_reg[12][10].
DSP Report: Generating DSP mult_reg_pipe_reg[12][9], operation Mode is: (A2*B2)'.
DSP Report: register weight_reg_reg[12][9] is absorbed into DSP mult_reg_pipe_reg[12][9].
DSP Report: register feature_reg_reg[9] is absorbed into DSP mult_reg_pipe_reg[12][9].
DSP Report: register mult_reg_pipe_reg[12][9] is absorbed into DSP mult_reg_pipe_reg[12][9].
DSP Report: register mult_reg_reg[12][9] is absorbed into DSP mult_reg_pipe_reg[12][9].
DSP Report: operator p_0_out is absorbed into DSP mult_reg_pipe_reg[12][9].
DSP Report: Generating DSP mult_reg_pipe_reg[12][8], operation Mode is: (A2*B2)'.
DSP Report: register weight_reg_reg[12][8] is absorbed into DSP mult_reg_pipe_reg[12][8].
DSP Report: register feature_reg_reg[8] is absorbed into DSP mult_reg_pipe_reg[12][8].
DSP Report: register mult_reg_pipe_reg[12][8] is absorbed into DSP mult_reg_pipe_reg[12][8].
DSP Report: register mult_reg_reg[12][8] is absorbed into DSP mult_reg_pipe_reg[12][8].
DSP Report: operator p_0_out is absorbed into DSP mult_reg_pipe_reg[12][8].
DSP Report: Generating DSP mult_reg_pipe_reg[15][4], operation Mode is: (A2*B2)'.
DSP Report: register weight_reg_reg[15][4] is absorbed into DSP mult_reg_pipe_reg[15][4].
DSP Report: register feature_reg_reg[4] is absorbed into DSP mult_reg_pipe_reg[15][4].
DSP Report: register mult_reg_pipe_reg[15][4] is absorbed into DSP mult_reg_pipe_reg[15][4].
DSP Report: register mult_reg_reg[15][4] is absorbed into DSP mult_reg_pipe_reg[15][4].
DSP Report: operator p_0_out is absorbed into DSP mult_reg_pipe_reg[15][4].
DSP Report: Generating DSP mult_reg_pipe_reg[10][11], operation Mode is: (A2*B2)'.
DSP Report: register weight_reg_reg[10][11] is absorbed into DSP mult_reg_pipe_reg[10][11].
DSP Report: register feature_reg_reg[11] is absorbed into DSP mult_reg_pipe_reg[10][11].
DSP Report: register mult_reg_pipe_reg[10][11] is absorbed into DSP mult_reg_pipe_reg[10][11].
DSP Report: register mult_reg_reg[10][11] is absorbed into DSP mult_reg_pipe_reg[10][11].
DSP Report: operator p_0_out is absorbed into DSP mult_reg_pipe_reg[10][11].
DSP Report: Generating DSP mult_reg_pipe_reg[10][10], operation Mode is: (A2*B2)'.
DSP Report: register weight_reg_reg[10][10] is absorbed into DSP mult_reg_pipe_reg[10][10].
DSP Report: register feature_reg_reg[10] is absorbed into DSP mult_reg_pipe_reg[10][10].
DSP Report: register mult_reg_pipe_reg[10][10] is absorbed into DSP mult_reg_pipe_reg[10][10].
DSP Report: register mult_reg_reg[10][10] is absorbed into DSP mult_reg_pipe_reg[10][10].
DSP Report: operator p_0_out is absorbed into DSP mult_reg_pipe_reg[10][10].
DSP Report: Generating DSP mult_reg_pipe_reg[10][9], operation Mode is: (A2*B2)'.
DSP Report: register weight_reg_reg[10][9] is absorbed into DSP mult_reg_pipe_reg[10][9].
DSP Report: register feature_reg_reg[9] is absorbed into DSP mult_reg_pipe_reg[10][9].
DSP Report: register mult_reg_pipe_reg[10][9] is absorbed into DSP mult_reg_pipe_reg[10][9].
DSP Report: register mult_reg_reg[10][9] is absorbed into DSP mult_reg_pipe_reg[10][9].
DSP Report: operator p_0_out is absorbed into DSP mult_reg_pipe_reg[10][9].
DSP Report: Generating DSP mult_reg_pipe_reg[10][8], operation Mode is: (A2*B2)'.
DSP Report: register weight_reg_reg[10][8] is absorbed into DSP mult_reg_pipe_reg[10][8].
DSP Report: register feature_reg_reg[8] is absorbed into DSP mult_reg_pipe_reg[10][8].
DSP Report: register mult_reg_pipe_reg[10][8] is absorbed into DSP mult_reg_pipe_reg[10][8].
DSP Report: register mult_reg_reg[10][8] is absorbed into DSP mult_reg_pipe_reg[10][8].
DSP Report: operator p_0_out is absorbed into DSP mult_reg_pipe_reg[10][8].
DSP Report: Generating DSP mult_reg_pipe_reg[6][5], operation Mode is: (A2*B2)'.
DSP Report: register weight_reg_reg[6][5] is absorbed into DSP mult_reg_pipe_reg[6][5].
DSP Report: register feature_reg_reg[5] is absorbed into DSP mult_reg_pipe_reg[6][5].
DSP Report: register mult_reg_pipe_reg[6][5] is absorbed into DSP mult_reg_pipe_reg[6][5].
DSP Report: register mult_reg_reg[6][5] is absorbed into DSP mult_reg_pipe_reg[6][5].
DSP Report: operator p_0_out is absorbed into DSP mult_reg_pipe_reg[6][5].
DSP Report: Generating DSP mult_reg_pipe_reg[6][4], operation Mode is: (A2*B2)'.
DSP Report: register weight_reg_reg[6][4] is absorbed into DSP mult_reg_pipe_reg[6][4].
DSP Report: register feature_reg_reg[4] is absorbed into DSP mult_reg_pipe_reg[6][4].
DSP Report: register mult_reg_pipe_reg[6][4] is absorbed into DSP mult_reg_pipe_reg[6][4].
DSP Report: register mult_reg_reg[6][4] is absorbed into DSP mult_reg_pipe_reg[6][4].
DSP Report: operator p_0_out is absorbed into DSP mult_reg_pipe_reg[6][4].
INFO: [Synth 8-3886] merging instance 'tree_lvl2_reg[0][2][35]' (FDRE) to 'tree_lvl2_reg[0][2][34]'
INFO: [Synth 8-3886] merging instance 'tree_lvl2_reg[0][2][34]' (FDRE) to 'tree_lvl2_reg[0][2][33]'
INFO: [Synth 8-3886] merging instance 'tree_lvl2_reg[1][2][35]' (FDRE) to 'tree_lvl2_reg[1][2][34]'
INFO: [Synth 8-3886] merging instance 'tree_lvl2_reg[1][2][34]' (FDRE) to 'tree_lvl2_reg[1][2][33]'
INFO: [Synth 8-3886] merging instance 'tree_lvl2_reg[2][2][35]' (FDRE) to 'tree_lvl2_reg[2][2][34]'
INFO: [Synth 8-3886] merging instance 'tree_lvl2_reg[2][2][34]' (FDRE) to 'tree_lvl2_reg[2][2][33]'
INFO: [Synth 8-3886] merging instance 'tree_lvl2_reg[3][2][35]' (FDRE) to 'tree_lvl2_reg[3][2][34]'
INFO: [Synth 8-3886] merging instance 'tree_lvl2_reg[3][2][34]' (FDRE) to 'tree_lvl2_reg[3][2][33]'
INFO: [Synth 8-3886] merging instance 'tree_lvl2_reg[4][2][35]' (FDRE) to 'tree_lvl2_reg[4][2][34]'
INFO: [Synth 8-3886] merging instance 'tree_lvl2_reg[4][2][34]' (FDRE) to 'tree_lvl2_reg[4][2][33]'
INFO: [Synth 8-3886] merging instance 'tree_lvl2_reg[5][2][35]' (FDRE) to 'tree_lvl2_reg[5][2][34]'
INFO: [Synth 8-3886] merging instance 'tree_lvl2_reg[5][2][34]' (FDRE) to 'tree_lvl2_reg[5][2][33]'
INFO: [Synth 8-3886] merging instance 'tree_lvl2_reg[6][2][35]' (FDRE) to 'tree_lvl2_reg[6][2][34]'
INFO: [Synth 8-3886] merging instance 'tree_lvl2_reg[6][2][34]' (FDRE) to 'tree_lvl2_reg[6][2][33]'
INFO: [Synth 8-3886] merging instance 'tree_lvl2_reg[7][2][35]' (FDRE) to 'tree_lvl2_reg[7][2][34]'
INFO: [Synth 8-3886] merging instance 'tree_lvl2_reg[7][2][34]' (FDRE) to 'tree_lvl2_reg[7][2][33]'
INFO: [Synth 8-3886] merging instance 'tree_lvl2_reg[8][2][35]' (FDRE) to 'tree_lvl2_reg[8][2][34]'
INFO: [Synth 8-3886] merging instance 'tree_lvl2_reg[8][2][34]' (FDRE) to 'tree_lvl2_reg[8][2][33]'
INFO: [Synth 8-3886] merging instance 'tree_lvl2_reg[11][2][35]' (FDRE) to 'tree_lvl2_reg[11][2][34]'
INFO: [Synth 8-3886] merging instance 'tree_lvl2_reg[11][2][34]' (FDRE) to 'tree_lvl2_reg[11][2][33]'
INFO: [Synth 8-3886] merging instance 'tree_lvl2_reg[13][2][35]' (FDRE) to 'tree_lvl2_reg[13][2][34]'
INFO: [Synth 8-3886] merging instance 'tree_lvl2_reg[13][2][34]' (FDRE) to 'tree_lvl2_reg[13][2][33]'
INFO: [Synth 8-3886] merging instance 'tree_lvl2_reg[14][2][35]' (FDRE) to 'tree_lvl2_reg[14][2][34]'
INFO: [Synth 8-3886] merging instance 'tree_lvl2_reg[14][2][34]' (FDRE) to 'tree_lvl2_reg[14][2][33]'
INFO: [Synth 8-3886] merging instance 'tree_lvl2_reg[15][2][35]' (FDRE) to 'tree_lvl2_reg[15][2][34]'
INFO: [Synth 8-3886] merging instance 'tree_lvl2_reg[15][2][34]' (FDRE) to 'tree_lvl2_reg[15][2][33]'
INFO: [Synth 8-3886] merging instance 'tree_lvl2_reg[9][2][35]' (FDRE) to 'tree_lvl2_reg[9][2][34]'
INFO: [Synth 8-3886] merging instance 'tree_lvl2_reg[9][2][34]' (FDRE) to 'tree_lvl2_reg[9][2][33]'
INFO: [Synth 8-3886] merging instance 'tree_lvl2_reg[12][1][35]' (FDRE) to 'tree_lvl2_reg[12][1][33]'
INFO: [Synth 8-3886] merging instance 'tree_lvl2_reg[12][1][33]' (FDRE) to 'tree_lvl2_reg[12][1][34]'
INFO: [Synth 8-3886] merging instance 'tree_lvl2_reg[6][1][33]' (FDRE) to 'tree_lvl2_reg[6][1][34]'
INFO: [Synth 8-3886] merging instance 'tree_lvl2_reg[6][1][34]' (FDRE) to 'tree_lvl2_reg[6][1][35]'
INFO: [Synth 8-3886] merging instance 'tree_lvl2_reg[10][2][35]' (FDRE) to 'tree_lvl2_reg[10][2][33]'
INFO: [Synth 8-3886] merging instance 'tree_lvl2_reg[10][2][33]' (FDRE) to 'tree_lvl2_reg[10][2][34]'
INFO: [Synth 8-5546] ROM "current_max_depth" won't be mapped to RAM because it is too sparse
INFO: [Synth 8-5546] ROM "current_max_depth" won't be mapped to RAM because it is too sparse
INFO: [Synth 8-5546] ROM "current_max_depth" won't be mapped to RAM because it is too sparse
INFO: [Synth 8-5546] ROM "current_max_depth" won't be mapped to RAM because it is too sparse
INFO: [Synth 8-5555] Implemented Block Ram Cascade chain of height 4 and width 36 for RAM "u_psum_fifo0/mem_reg"
INFO: [Synth 8-5555] Implemented Block Ram Cascade chain of height 4 and width 36 for RAM "u_psum_fifo0/mem_reg"
INFO: [Synth 8-5555] Implemented Block Ram Cascade chain of height 4 and width 36 for RAM "u_psum_fifo0/mem_reg"
INFO: [Synth 8-5555] Implemented Block Ram Cascade chain of height 4 and width 36 for RAM "u_psum_fifo0/mem_reg"
INFO: [Synth 8-5555] Implemented Block Ram Cascade chain of height 4 and width 36 for RAM "u_psum_fifo0/mem_reg"
INFO: [Synth 8-5555] Implemented Block Ram Cascade chain of height 4 and width 36 for RAM "u_psum_fifo0/mem_reg"
INFO: [Synth 8-5555] Implemented Block Ram Cascade chain of height 4 and width 36 for RAM "u_psum_fifo0/mem_reg"
INFO: [Synth 8-7030] Implemented Non-Cascaded Block Ram (cascade_height = 1) of width 4 for RAM "u_psum_fifo0/mem_reg"
INFO: [Synth 8-5555] Implemented Block Ram Cascade chain of height 4 and width 36 for RAM "u_psum_fifo1/mem_reg"
INFO: [Synth 8-5555] Implemented Block Ram Cascade chain of height 4 and width 36 for RAM "u_psum_fifo1/mem_reg"
INFO: [Synth 8-5555] Implemented Block Ram Cascade chain of height 4 and width 36 for RAM "u_psum_fifo1/mem_reg"
INFO: [Synth 8-5555] Implemented Block Ram Cascade chain of height 4 and width 36 for RAM "u_psum_fifo1/mem_reg"
INFO: [Synth 8-5555] Implemented Block Ram Cascade chain of height 4 and width 36 for RAM "u_psum_fifo1/mem_reg"
INFO: [Synth 8-5555] Implemented Block Ram Cascade chain of height 4 and width 36 for RAM "u_psum_fifo1/mem_reg"
INFO: [Synth 8-5555] Implemented Block Ram Cascade chain of height 4 and width 36 for RAM "u_psum_fifo1/mem_reg"
INFO: [Synth 8-7030] Implemented Non-Cascaded Block Ram (cascade_height = 1) of width 4 for RAM "u_psum_fifo1/mem_reg"
INFO: [Synth 8-5544] ROM "r_wr_addr_limit" won't be mapped to Block RAM because address size (4) smaller than threshold (5)
INFO: [Synth 8-5544] ROM "r_wr_addr_t_limit" won't be mapped to Block RAM because address size (4) smaller than threshold (5)
INFO: [Synth 8-5544] ROM "o_wr_mem2_ena" won't be mapped to Block RAM because address size (2) smaller than threshold (5)
INFO: [Synth 8-5544] ROM "o_wr_mem4_ena" won't be mapped to Block RAM because address size (4) smaller than threshold (5)
INFO: [Synth 8-5544] ROM "u_stega_bridge/o_gen_wr_data" won't be mapped to Block RAM because address size (2) smaller than threshold (5)
INFO: [Synth 8-5544] ROM "u_stega_bridge/wr_buffer" won't be mapped to Block RAM because address size (2) smaller than threshold (5)
INFO: [Common 17-14] Message 'Synth 8-7129' appears 100 times and further instances of the messages will be disabled. Use the Tcl command set_msg_config to change the current settings.
INFO: [Synth 8-7030] Implemented Non-Cascaded Block Ram (cascade_height = 1) of width 36 for RAM "u_point_mem/gen_point_banks[0].u_point_core/ram_reg"
INFO: [Synth 8-7030] Implemented Non-Cascaded Block Ram (cascade_height = 1) of width 28 for RAM "u_point_mem/gen_point_banks[0].u_point_core/ram_reg"
INFO: [Synth 8-7030] Implemented Non-Cascaded Block Ram (cascade_height = 1) of width 36 for RAM "u_point_mem/gen_point_banks[1].u_point_core/ram_reg"
INFO: [Synth 8-7030] Implemented Non-Cascaded Block Ram (cascade_height = 1) of width 28 for RAM "u_point_mem/gen_point_banks[1].u_point_core/ram_reg"
INFO: [Synth 8-7030] Implemented Non-Cascaded Block Ram (cascade_height = 1) of width 36 for RAM "u_point_mem/gen_point_banks[2].u_point_core/ram_reg"
INFO: [Synth 8-7030] Implemented Non-Cascaded Block Ram (cascade_height = 1) of width 28 for RAM "u_point_mem/gen_point_banks[2].u_point_core/ram_reg"
INFO: [Synth 8-7030] Implemented Non-Cascaded Block Ram (cascade_height = 1) of width 36 for RAM "u_point_mem/gen_point_banks[3].u_point_core/ram_reg"
INFO: [Synth 8-7030] Implemented Non-Cascaded Block Ram (cascade_height = 1) of width 28 for RAM "u_point_mem/gen_point_banks[3].u_point_core/ram_reg"
INFO: [Synth 8-7030] Implemented Non-Cascaded Block Ram (cascade_height = 1) of width 36 for RAM "u_point_mem/gen_point_banks[4].u_point_core/ram_reg"
INFO: [Synth 8-7030] Implemented Non-Cascaded Block Ram (cascade_height = 1) of width 28 for RAM "u_point_mem/gen_point_banks[4].u_point_core/ram_reg"
INFO: [Synth 8-7030] Implemented Non-Cascaded Block Ram (cascade_height = 1) of width 36 for RAM "u_point_mem/gen_point_banks[5].u_point_core/ram_reg"
INFO: [Synth 8-7030] Implemented Non-Cascaded Block Ram (cascade_height = 1) of width 28 for RAM "u_point_mem/gen_point_banks[5].u_point_core/ram_reg"
INFO: [Synth 8-7030] Implemented Non-Cascaded Block Ram (cascade_height = 1) of width 36 for RAM "u_point_mem/gen_point_banks[6].u_point_core/ram_reg"
INFO: [Synth 8-7030] Implemented Non-Cascaded Block Ram (cascade_height = 1) of width 28 for RAM "u_point_mem/gen_point_banks[6].u_point_core/ram_reg"
INFO: [Synth 8-7030] Implemented Non-Cascaded Block Ram (cascade_height = 1) of width 36 for RAM "u_point_mem/gen_point_banks[7].u_point_core/ram_reg"
INFO: [Synth 8-7030] Implemented Non-Cascaded Block Ram (cascade_height = 1) of width 28 for RAM "u_point_mem/gen_point_banks[7].u_point_core/ram_reg"
INFO: [Synth 8-7030] Implemented Non-Cascaded Block Ram (cascade_height = 1) of width 36 for RAM "u_point_mem/gen_point_banks[8].u_point_core/ram_reg"
INFO: [Synth 8-7030] Implemented Non-Cascaded Block Ram (cascade_height = 1) of width 28 for RAM "u_point_mem/gen_point_banks[8].u_point_core/ram_reg"
INFO: [Synth 8-7030] Implemented Non-Cascaded Block Ram (cascade_height = 1) of width 36 for RAM "u_point_mem/gen_point_banks[9].u_point_core/ram_reg"
INFO: [Synth 8-7030] Implemented Non-Cascaded Block Ram (cascade_height = 1) of width 28 for RAM "u_point_mem/gen_point_banks[9].u_point_core/ram_reg"
INFO: [Synth 8-7030] Implemented Non-Cascaded Block Ram (cascade_height = 1) of width 36 for RAM "u_point_mem/gen_point_banks[10].u_point_core/ram_reg"
INFO: [Synth 8-7030] Implemented Non-Cascaded Block Ram (cascade_height = 1) of width 28 for RAM "u_point_mem/gen_point_banks[10].u_point_core/ram_reg"
INFO: [Synth 8-7030] Implemented Non-Cascaded Block Ram (cascade_height = 1) of width 36 for RAM "u_point_mem/gen_point_banks[11].u_point_core/ram_reg"
INFO: [Synth 8-7030] Implemented Non-Cascaded Block Ram (cascade_height = 1) of width 28 for RAM "u_point_mem/gen_point_banks[11].u_point_core/ram_reg"
INFO: [Synth 8-7030] Implemented Non-Cascaded Block Ram (cascade_height = 1) of width 36 for RAM "u_point_mem/gen_point_banks[12].u_point_core/ram_reg"
INFO: [Synth 8-7030] Implemented Non-Cascaded Block Ram (cascade_height = 1) of width 28 for RAM "u_point_mem/gen_point_banks[12].u_point_core/ram_reg"
INFO: [Synth 8-7030] Implemented Non-Cascaded Block Ram (cascade_height = 1) of width 36 for RAM "u_point_mem/gen_point_banks[13].u_point_core/ram_reg"
INFO: [Synth 8-7030] Implemented Non-Cascaded Block Ram (cascade_height = 1) of width 28 for RAM "u_point_mem/gen_point_banks[13].u_point_core/ram_reg"
INFO: [Synth 8-7030] Implemented Non-Cascaded Block Ram (cascade_height = 1) of width 36 for RAM "u_point_mem/gen_point_banks[14].u_point_core/ram_reg"
INFO: [Synth 8-7030] Implemented Non-Cascaded Block Ram (cascade_height = 1) of width 28 for RAM "u_point_mem/gen_point_banks[14].u_point_core/ram_reg"
INFO: [Synth 8-7030] Implemented Non-Cascaded Block Ram (cascade_height = 1) of width 36 for RAM "u_point_mem/gen_point_banks[15].u_point_core/ram_reg"
INFO: [Synth 8-7030] Implemented Non-Cascaded Block Ram (cascade_height = 1) of width 28 for RAM "u_point_mem/gen_point_banks[15].u_point_core/ram_reg"
INFO: [Synth 8-5780] Default cascade height of 8 will be used for URAM '"top__GCB0/u_img_mem/bank0_reg"'.
INFO: [Synth 8-5780] Default cascade height of 8 will be used for URAM '"top__GCB0/u_img_mem/bank1_reg"'.
INFO: [Synth 8-5780] Default cascade height of 8 will be used for URAM '"top__GCB0/u_img_mem/bank2_reg"'.
INFO: [Synth 8-5780] Default cascade height of 8 will be used for URAM '"top__GCB0/u_img_mem/bank3_reg"'.
INFO: [Synth 8-5780] Default cascade height of 8 will be used for URAM '"top__GCB0/u_img_mem/bank4_reg"'.
INFO: [Synth 8-5780] Default cascade height of 8 will be used for URAM '"top__GCB0/u_img_mem/bank5_reg"'.
INFO: [Synth 8-5780] Default cascade height of 8 will be used for URAM '"top__GCB0/mem_0/bank_gen[0].u_mem_bank/ram_reg"'.
INFO: [Synth 8-5780] Default cascade height of 8 will be used for URAM '"top__GCB0/mem_0/bank_gen[1].u_mem_bank/ram_reg"'.
INFO: [Synth 8-5780] Default cascade height of 8 will be used for URAM '"top__GCB0/mem_0/bank_gen[2].u_mem_bank/ram_reg"'.
INFO: [Synth 8-5780] Default cascade height of 8 will be used for URAM '"top__GCB0/mem_0/bank_gen[3].u_mem_bank/ram_reg"'.
INFO: [Synth 8-5780] Default cascade height of 8 will be used for URAM '"top__GCB0/mem_0/bank_gen[4].u_mem_bank/ram_reg"'.
INFO: [Synth 8-5780] Default cascade height of 8 will be used for URAM '"top__GCB0/mem_0/bank_gen[5].u_mem_bank/ram_reg"'.
INFO: [Synth 8-5780] Default cascade height of 8 will be used for URAM '"top__GCB0/mem_0/bank_gen[6].u_mem_bank/ram_reg"'.
INFO: [Synth 8-5780] Default cascade height of 8 will be used for URAM '"top__GCB0/mem_0/bank_gen[7].u_mem_bank/ram_reg"'.
INFO: [Synth 8-5780] Default cascade height of 8 will be used for URAM '"top__GCB0/mem_0/bank_gen[8].u_mem_bank/ram_reg"'.
INFO: [Synth 8-5780] Default cascade height of 8 will be used for URAM '"top__GCB0/mem_0/bank_gen[9].u_mem_bank/ram_reg"'.
INFO: [Synth 8-5780] Default cascade height of 8 will be used for URAM '"top__GCB0/mem_0/bank_gen[10].u_mem_bank/ram_reg"'.
INFO: [Synth 8-5780] Default cascade height of 8 will be used for URAM '"top__GCB0/mem_0/bank_gen[11].u_mem_bank/ram_reg"'.
INFO: [Synth 8-5780] Default cascade height of 8 will be used for URAM '"top__GCB0/mem_0/bank_gen[12].u_mem_bank/ram_reg"'.
INFO: [Synth 8-5780] Default cascade height of 8 will be used for URAM '"top__GCB0/mem_0/bank_gen[13].u_mem_bank/ram_reg"'.
INFO: [Synth 8-5780] Default cascade height of 8 will be used for URAM '"top__GCB0/mem_0/bank_gen[14].u_mem_bank/ram_reg"'.
INFO: [Synth 8-5780] Default cascade height of 8 will be used for URAM '"top__GCB0/mem_0/bank_gen[15].u_mem_bank/ram_reg"'.
INFO: [Synth 8-5780] Default cascade height of 8 will be used for URAM '"top__GCB0/mem_1/bank_gen[0].u_mem_bank/ram_reg"'.
INFO: [Synth 8-5780] Default cascade height of 8 will be used for URAM '"top__GCB0/mem_1/bank_gen[1].u_mem_bank/ram_reg"'.
INFO: [Synth 8-5780] Default cascade height of 8 will be used for URAM '"top__GCB0/mem_1/bank_gen[2].u_mem_bank/ram_reg"'.
INFO: [Synth 8-5780] Default cascade height of 8 will be used for URAM '"top__GCB0/mem_1/bank_gen[3].u_mem_bank/ram_reg"'.
INFO: [Synth 8-5780] Default cascade height of 8 will be used for URAM '"top__GCB0/mem_1/bank_gen[4].u_mem_bank/ram_reg"'.
INFO: [Synth 8-5780] Default cascade height of 8 will be used for URAM '"top__GCB0/mem_1/bank_gen[5].u_mem_bank/ram_reg"'.
INFO: [Synth 8-5780] Default cascade height of 8 will be used for URAM '"top__GCB0/mem_1/bank_gen[6].u_mem_bank/ram_reg"'.
INFO: [Synth 8-5780] Default cascade height of 8 will be used for URAM '"top__GCB0/mem_1/bank_gen[7].u_mem_bank/ram_reg"'.
INFO: [Synth 8-5780] Default cascade height of 8 will be used for URAM '"top__GCB0/mem_2/bank_gen[0].u_mem_bank/ram_reg"'.
INFO: [Synth 8-5780] Default cascade height of 8 will be used for URAM '"top__GCB0/mem_2/bank_gen[1].u_mem_bank/ram_reg"'.
INFO: [Synth 8-5780] Default cascade height of 8 will be used for URAM '"top__GCB0/mem_2/bank_gen[2].u_mem_bank/ram_reg"'.
INFO: [Synth 8-5780] Default cascade height of 8 will be used for URAM '"top__GCB0/mem_2/bank_gen[3].u_mem_bank/ram_reg"'.
INFO: [Synth 8-5780] Default cascade height of 8 will be used for URAM '"top__GCB0/mem_2/bank_gen[4].u_mem_bank/ram_reg"'.
INFO: [Synth 8-5780] Default cascade height of 8 will be used for URAM '"top__GCB0/mem_2/bank_gen[5].u_mem_bank/ram_reg"'.
INFO: [Synth 8-5780] Default cascade height of 8 will be used for URAM '"top__GCB0/mem_2/bank_gen[6].u_mem_bank/ram_reg"'.
INFO: [Synth 8-5780] Default cascade height of 8 will be used for URAM '"top__GCB0/mem_2/bank_gen[7].u_mem_bank/ram_reg"'.
INFO: [Synth 8-5780] Default cascade height of 8 will be used for URAM '"top__GCB0/mem_3/bank_gen[0].u_mem_bank/ram_reg"'.
INFO: [Synth 8-5780] Default cascade height of 8 will be used for URAM '"top__GCB0/mem_3/bank_gen[1].u_mem_bank/ram_reg"'.
INFO: [Synth 8-5780] Default cascade height of 8 will be used for URAM '"top__GCB0/mem_3/bank_gen[2].u_mem_bank/ram_reg"'.
INFO: [Synth 8-5780] Default cascade height of 8 will be used for URAM '"top__GCB0/mem_3/bank_gen[3].u_mem_bank/ram_reg"'.
INFO: [Synth 8-5780] Default cascade height of 8 will be used for URAM '"top__GCB0/mem_3/bank_gen[4].u_mem_bank/ram_reg"'.
INFO: [Synth 8-5780] Default cascade height of 8 will be used for URAM '"top__GCB0/mem_3/bank_gen[5].u_mem_bank/ram_reg"'.
INFO: [Synth 8-5780] Default cascade height of 8 will be used for URAM '"top__GCB0/mem_3/bank_gen[6].u_mem_bank/ram_reg"'.
INFO: [Synth 8-5780] Default cascade height of 8 will be used for URAM '"top__GCB0/mem_3/bank_gen[7].u_mem_bank/ram_reg"'.
INFO: [Synth 8-5780] Default cascade height of 8 will be used for URAM '"top__GCB0/mem_4/bank_gen[0].u_mem_bank/ram_reg"'.
INFO: [Synth 8-5780] Default cascade height of 8 will be used for URAM '"top__GCB0/mem_4/bank_gen[1].u_mem_bank/ram_reg"'.
INFO: [Synth 8-5780] Default cascade height of 8 will be used for URAM '"top__GCB0/mem_4/bank_gen[2].u_mem_bank/ram_reg"'.
INFO: [Synth 8-5780] Default cascade height of 8 will be used for URAM '"top__GCB0/mem_4/bank_gen[3].u_mem_bank/ram_reg"'.
INFO: [Synth 8-5780] Default cascade height of 8 will be used for URAM '"top__GCB0/mem_4/bank_gen[4].u_mem_bank/ram_reg"'.
INFO: [Synth 8-5780] Default cascade height of 8 will be used for URAM '"top__GCB0/mem_4/bank_gen[5].u_mem_bank/ram_reg"'.
INFO: [Synth 8-5780] Default cascade height of 8 will be used for URAM '"top__GCB0/mem_4/bank_gen[6].u_mem_bank/ram_reg"'.
INFO: [Synth 8-5780] Default cascade height of 8 will be used for URAM '"top__GCB0/mem_4/bank_gen[7].u_mem_bank/ram_reg"'.
INFO: [Synth 8-5780] Default cascade height of 8 will be used for URAM '"top__GCB0/mem_5/bank_gen[0].u_mem_bank/ram_reg"'.
INFO: [Synth 8-5780] Default cascade height of 8 will be used for URAM '"top__GCB0/mem_5/bank_gen[1].u_mem_bank/ram_reg"'.
INFO: [Synth 8-5780] Default cascade height of 8 will be used for URAM '"top__GCB0/mem_5/bank_gen[2].u_mem_bank/ram_reg"'.
INFO: [Synth 8-5780] Default cascade height of 8 will be used for URAM '"top__GCB0/mem_5/bank_gen[3].u_mem_bank/ram_reg"'.
INFO: [Synth 8-5780] Default cascade height of 8 will be used for URAM '"top__GCB0/mem_5/bank_gen[4].u_mem_bank/ram_reg"'.
INFO: [Synth 8-5780] Default cascade height of 8 will be used for URAM '"top__GCB0/mem_5/bank_gen[5].u_mem_bank/ram_reg"'.
INFO: [Synth 8-5780] Default cascade height of 8 will be used for URAM '"top__GCB0/mem_5/bank_gen[6].u_mem_bank/ram_reg"'.
INFO: [Synth 8-5780] Default cascade height of 8 will be used for URAM '"top__GCB0/mem_5/bank_gen[7].u_mem_bank/ram_reg"'.
INFO: [Synth 8-5780] Default cascade height of 8 will be used for URAM '"top__GCB0/u_img_mem/bank0_reg"'.
INFO: [Synth 8-5780] Default cascade height of 8 will be used for URAM '"top__GCB0/u_img_mem/bank1_reg"'.
INFO: [Synth 8-5780] Default cascade height of 8 will be used for URAM '"top__GCB0/u_img_mem/bank2_reg"'.
INFO: [Synth 8-5780] Default cascade height of 8 will be used for URAM '"top__GCB0/u_img_mem/bank3_reg"'.
INFO: [Synth 8-5780] Default cascade height of 8 will be used for URAM '"top__GCB0/u_img_mem/bank4_reg"'.
INFO: [Synth 8-5780] Default cascade height of 8 will be used for URAM '"top__GCB0/u_img_mem/bank5_reg"'.
INFO: [Synth 8-5780] Default cascade height of 8 will be used for URAM '"top__GCB0/mem_0/bank_gen[0].u_mem_bank/ram_reg"'.
INFO: [Synth 8-5780] Default cascade height of 8 will be used for URAM '"top__GCB0/mem_0/bank_gen[1].u_mem_bank/ram_reg"'.
INFO: [Synth 8-5780] Default cascade height of 8 will be used for URAM '"top__GCB0/mem_0/bank_gen[2].u_mem_bank/ram_reg"'.
INFO: [Synth 8-5780] Default cascade height of 8 will be used for URAM '"top__GCB0/mem_0/bank_gen[3].u_mem_bank/ram_reg"'.
INFO: [Synth 8-5780] Default cascade height of 8 will be used for URAM '"top__GCB0/mem_0/bank_gen[4].u_mem_bank/ram_reg"'.
INFO: [Synth 8-5780] Default cascade height of 8 will be used for URAM '"top__GCB0/mem_0/bank_gen[5].u_mem_bank/ram_reg"'.
INFO: [Synth 8-5780] Default cascade height of 8 will be used for URAM '"top__GCB0/mem_0/bank_gen[6].u_mem_bank/ram_reg"'.
INFO: [Synth 8-5780] Default cascade height of 8 will be used for URAM '"top__GCB0/mem_0/bank_gen[7].u_mem_bank/ram_reg"'.
INFO: [Synth 8-5780] Default cascade height of 8 will be used for URAM '"top__GCB0/mem_0/bank_gen[8].u_mem_bank/ram_reg"'.
INFO: [Synth 8-5780] Default cascade height of 8 will be used for URAM '"top__GCB0/mem_0/bank_gen[9].u_mem_bank/ram_reg"'.
INFO: [Synth 8-5780] Default cascade height of 8 will be used for URAM '"top__GCB0/mem_0/bank_gen[10].u_mem_bank/ram_reg"'.
INFO: [Synth 8-5780] Default cascade height of 8 will be used for URAM '"top__GCB0/mem_0/bank_gen[11].u_mem_bank/ram_reg"'.
INFO: [Synth 8-5780] Default cascade height of 8 will be used for URAM '"top__GCB0/mem_0/bank_gen[12].u_mem_bank/ram_reg"'.
INFO: [Synth 8-5780] Default cascade height of 8 will be used for URAM '"top__GCB0/mem_0/bank_gen[13].u_mem_bank/ram_reg"'.
INFO: [Synth 8-5780] Default cascade height of 8 will be used for URAM '"top__GCB0/mem_0/bank_gen[14].u_mem_bank/ram_reg"'.
INFO: [Synth 8-5780] Default cascade height of 8 will be used for URAM '"top__GCB0/mem_0/bank_gen[15].u_mem_bank/ram_reg"'.
INFO: [Synth 8-5780] Default cascade height of 8 will be used for URAM '"top__GCB0/mem_1/bank_gen[0].u_mem_bank/ram_reg"'.
INFO: [Synth 8-5780] Default cascade height of 8 will be used for URAM '"top__GCB0/mem_1/bank_gen[1].u_mem_bank/ram_reg"'.
INFO: [Synth 8-5780] Default cascade height of 8 will be used for URAM '"top__GCB0/mem_1/bank_gen[2].u_mem_bank/ram_reg"'.
INFO: [Synth 8-5780] Default cascade height of 8 will be used for URAM '"top__GCB0/mem_1/bank_gen[3].u_mem_bank/ram_reg"'.
INFO: [Synth 8-5780] Default cascade height of 8 will be used for URAM '"top__GCB0/mem_1/bank_gen[4].u_mem_bank/ram_reg"'.
INFO: [Synth 8-5780] Default cascade height of 8 will be used for URAM '"top__GCB0/mem_1/bank_gen[5].u_mem_bank/ram_reg"'.
INFO: [Synth 8-5780] Default cascade height of 8 will be used for URAM '"top__GCB0/mem_1/bank_gen[6].u_mem_bank/ram_reg"'.
INFO: [Synth 8-5780] Default cascade height of 8 will be used for URAM '"top__GCB0/mem_1/bank_gen[7].u_mem_bank/ram_reg"'.
INFO: [Synth 8-5780] Default cascade height of 8 will be used for URAM '"top__GCB0/mem_2/bank_gen[0].u_mem_bank/ram_reg"'.
INFO: [Common 17-14] Message 'Synth 8-5780' appears 100 times and further instances of the messages will be disabled. Use the Tcl command set_msg_config to change the current settings.
INFO: [Common 17-14] Message 'Synth 8-5780' appears 100 times and further instances of the messages will be disabled. Use the Tcl command set_msg_config to change the current settings.
INFO: [Synth 8-6776] UltraRAM "top__GCB0/u_img_mem/bank0_reg": Pipeline stages found = 2; Recommended pipeline stages =0, Maximum pipeline stages = 2
INFO: [Synth 8-5814] Pipeline result for URAM ("top__GCB0/u_img_mem/bank0_reg"): Matrix size= (1 cols x 1 rows) | Pipeline stages => ( available = 2, absorbed = 2 )
INFO: [Synth 8-6776] UltraRAM "top__GCB0/u_img_mem/bank1_reg": Pipeline stages found = 2; Recommended pipeline stages =0, Maximum pipeline stages = 2
INFO: [Synth 8-5814] Pipeline result for URAM ("top__GCB0/u_img_mem/bank1_reg"): Matrix size= (1 cols x 1 rows) | Pipeline stages => ( available = 2, absorbed = 2 )
INFO: [Synth 8-6776] UltraRAM "top__GCB0/u_img_mem/bank2_reg": Pipeline stages found = 2; Recommended pipeline stages =0, Maximum pipeline stages = 2
INFO: [Synth 8-5814] Pipeline result for URAM ("top__GCB0/u_img_mem/bank2_reg"): Matrix size= (1 cols x 1 rows) | Pipeline stages => ( available = 2, absorbed = 2 )
INFO: [Synth 8-6776] UltraRAM "top__GCB0/u_img_mem/bank3_reg": Pipeline stages found = 2; Recommended pipeline stages =0, Maximum pipeline stages = 2
INFO: [Synth 8-5814] Pipeline result for URAM ("top__GCB0/u_img_mem/bank3_reg"): Matrix size= (1 cols x 1 rows) | Pipeline stages => ( available = 2, absorbed = 2 )
INFO: [Synth 8-6776] UltraRAM "top__GCB0/u_img_mem/bank4_reg": Pipeline stages found = 2; Recommended pipeline stages =0, Maximum pipeline stages = 2
INFO: [Synth 8-5814] Pipeline result for URAM ("top__GCB0/u_img_mem/bank4_reg"): Matrix size= (1 cols x 1 rows) | Pipeline stages => ( available = 2, absorbed = 2 )
INFO: [Synth 8-6776] UltraRAM "top__GCB0/u_img_mem/bank5_reg": Pipeline stages found = 2; Recommended pipeline stages =0, Maximum pipeline stages = 2
INFO: [Synth 8-5814] Pipeline result for URAM ("top__GCB0/u_img_mem/bank5_reg"): Matrix size= (1 cols x 1 rows) | Pipeline stages => ( available = 2, absorbed = 2 )
INFO: [Synth 8-6776] UltraRAM "top__GCB0/mem_0/bank_gen[0].u_mem_bank/ram_reg": Pipeline stages found = 2; Recommended pipeline stages =0, Maximum pipeline stages = 2
INFO: [Synth 8-5814] Pipeline result for URAM ("top__GCB0/mem_0/bank_gen[0].u_mem_bank/ram_reg"): Matrix size= (1 cols x 1 rows) | Pipeline stages => ( available = 2, absorbed = 2 )
INFO: [Synth 8-6776] UltraRAM "top__GCB0/mem_0/bank_gen[1].u_mem_bank/ram_reg": Pipeline stages found = 2; Recommended pipeline stages =0, Maximum pipeline stages = 2
INFO: [Synth 8-5814] Pipeline result for URAM ("top__GCB0/mem_0/bank_gen[1].u_mem_bank/ram_reg"): Matrix size= (1 cols x 1 rows) | Pipeline stages => ( available = 2, absorbed = 2 )
INFO: [Synth 8-6776] UltraRAM "top__GCB0/mem_0/bank_gen[2].u_mem_bank/ram_reg": Pipeline stages found = 2; Recommended pipeline stages =0, Maximum pipeline stages = 2
INFO: [Synth 8-5814] Pipeline result for URAM ("top__GCB0/mem_0/bank_gen[2].u_mem_bank/ram_reg"): Matrix size= (1 cols x 1 rows) | Pipeline stages => ( available = 2, absorbed = 2 )
INFO: [Synth 8-6776] UltraRAM "top__GCB0/mem_0/bank_gen[3].u_mem_bank/ram_reg": Pipeline stages found = 2; Recommended pipeline stages =0, Maximum pipeline stages = 2
INFO: [Synth 8-5814] Pipeline result for URAM ("top__GCB0/mem_0/bank_gen[3].u_mem_bank/ram_reg"): Matrix size= (1 cols x 1 rows) | Pipeline stages => ( available = 2, absorbed = 2 )
INFO: [Synth 8-6776] UltraRAM "top__GCB0/mem_0/bank_gen[4].u_mem_bank/ram_reg": Pipeline stages found = 2; Recommended pipeline stages =0, Maximum pipeline stages = 2
INFO: [Synth 8-5814] Pipeline result for URAM ("top__GCB0/mem_0/bank_gen[4].u_mem_bank/ram_reg"): Matrix size= (1 cols x 1 rows) | Pipeline stages => ( available = 2, absorbed = 2 )
INFO: [Synth 8-6776] UltraRAM "top__GCB0/mem_0/bank_gen[5].u_mem_bank/ram_reg": Pipeline stages found = 2; Recommended pipeline stages =0, Maximum pipeline stages = 2
INFO: [Synth 8-5814] Pipeline result for URAM ("top__GCB0/mem_0/bank_gen[5].u_mem_bank/ram_reg"): Matrix size= (1 cols x 1 rows) | Pipeline stages => ( available = 2, absorbed = 2 )
INFO: [Synth 8-6776] UltraRAM "top__GCB0/mem_0/bank_gen[6].u_mem_bank/ram_reg": Pipeline stages found = 2; Recommended pipeline stages =0, Maximum pipeline stages = 2
INFO: [Synth 8-5814] Pipeline result for URAM ("top__GCB0/mem_0/bank_gen[6].u_mem_bank/ram_reg"): Matrix size= (1 cols x 1 rows) | Pipeline stages => ( available = 2, absorbed = 2 )
INFO: [Synth 8-6776] UltraRAM "top__GCB0/mem_0/bank_gen[7].u_mem_bank/ram_reg": Pipeline stages found = 2; Recommended pipeline stages =0, Maximum pipeline stages = 2
INFO: [Synth 8-5814] Pipeline result for URAM ("top__GCB0/mem_0/bank_gen[7].u_mem_bank/ram_reg"): Matrix size= (1 cols x 1 rows) | Pipeline stages => ( available = 2, absorbed = 2 )
INFO: [Synth 8-6776] UltraRAM "top__GCB0/mem_0/bank_gen[8].u_mem_bank/ram_reg": Pipeline stages found = 2; Recommended pipeline stages =0, Maximum pipeline stages = 2
INFO: [Synth 8-5814] Pipeline result for URAM ("top__GCB0/mem_0/bank_gen[8].u_mem_bank/ram_reg"): Matrix size= (1 cols x 1 rows) | Pipeline stages => ( available = 2, absorbed = 2 )
INFO: [Synth 8-6776] UltraRAM "top__GCB0/mem_0/bank_gen[9].u_mem_bank/ram_reg": Pipeline stages found = 2; Recommended pipeline stages =0, Maximum pipeline stages = 2
INFO: [Synth 8-5814] Pipeline result for URAM ("top__GCB0/mem_0/bank_gen[9].u_mem_bank/ram_reg"): Matrix size= (1 cols x 1 rows) | Pipeline stages => ( available = 2, absorbed = 2 )
INFO: [Synth 8-6776] UltraRAM "top__GCB0/mem_0/bank_gen[10].u_mem_bank/ram_reg": Pipeline stages found = 2; Recommended pipeline stages =0, Maximum pipeline stages = 2
INFO: [Synth 8-5814] Pipeline result for URAM ("top__GCB0/mem_0/bank_gen[10].u_mem_bank/ram_reg"): Matrix size= (1 cols x 1 rows) | Pipeline stages => ( available = 2, absorbed = 2 )
INFO: [Synth 8-6776] UltraRAM "top__GCB0/mem_0/bank_gen[11].u_mem_bank/ram_reg": Pipeline stages found = 2; Recommended pipeline stages =0, Maximum pipeline stages = 2
INFO: [Synth 8-5814] Pipeline result for URAM ("top__GCB0/mem_0/bank_gen[11].u_mem_bank/ram_reg"): Matrix size= (1 cols x 1 rows) | Pipeline stages => ( available = 2, absorbed = 2 )
INFO: [Synth 8-6776] UltraRAM "top__GCB0/mem_0/bank_gen[12].u_mem_bank/ram_reg": Pipeline stages found = 2; Recommended pipeline stages =0, Maximum pipeline stages = 2
INFO: [Synth 8-5814] Pipeline result for URAM ("top__GCB0/mem_0/bank_gen[12].u_mem_bank/ram_reg"): Matrix size= (1 cols x 1 rows) | Pipeline stages => ( available = 2, absorbed = 2 )
INFO: [Synth 8-6776] UltraRAM "top__GCB0/mem_0/bank_gen[13].u_mem_bank/ram_reg": Pipeline stages found = 2; Recommended pipeline stages =0, Maximum pipeline stages = 2
INFO: [Synth 8-5814] Pipeline result for URAM ("top__GCB0/mem_0/bank_gen[13].u_mem_bank/ram_reg"): Matrix size= (1 cols x 1 rows) | Pipeline stages => ( available = 2, absorbed = 2 )
INFO: [Synth 8-6776] UltraRAM "top__GCB0/mem_0/bank_gen[14].u_mem_bank/ram_reg": Pipeline stages found = 2; Recommended pipeline stages =0, Maximum pipeline stages = 2
INFO: [Synth 8-5814] Pipeline result for URAM ("top__GCB0/mem_0/bank_gen[14].u_mem_bank/ram_reg"): Matrix size= (1 cols x 1 rows) | Pipeline stages => ( available = 2, absorbed = 2 )
INFO: [Synth 8-6776] UltraRAM "top__GCB0/mem_0/bank_gen[15].u_mem_bank/ram_reg": Pipeline stages found = 2; Recommended pipeline stages =0, Maximum pipeline stages = 2
INFO: [Synth 8-5814] Pipeline result for URAM ("top__GCB0/mem_0/bank_gen[15].u_mem_bank/ram_reg"): Matrix size= (1 cols x 1 rows) | Pipeline stages => ( available = 2, absorbed = 2 )
INFO: [Synth 8-6776] UltraRAM "top__GCB0/mem_1/bank_gen[0].u_mem_bank/ram_reg": Pipeline stages found = 2; Recommended pipeline stages =0, Maximum pipeline stages = 2
INFO: [Synth 8-5814] Pipeline result for URAM ("top__GCB0/mem_1/bank_gen[0].u_mem_bank/ram_reg"): Matrix size= (1 cols x 1 rows) | Pipeline stages => ( available = 2, absorbed = 2 )
INFO: [Synth 8-6776] UltraRAM "top__GCB0/mem_1/bank_gen[1].u_mem_bank/ram_reg": Pipeline stages found = 2; Recommended pipeline stages =0, Maximum pipeline stages = 2
INFO: [Synth 8-5814] Pipeline result for URAM ("top__GCB0/mem_1/bank_gen[1].u_mem_bank/ram_reg"): Matrix size= (1 cols x 1 rows) | Pipeline stages => ( available = 2, absorbed = 2 )
INFO: [Synth 8-6776] UltraRAM "top__GCB0/mem_1/bank_gen[2].u_mem_bank/ram_reg": Pipeline stages found = 2; Recommended pipeline stages =0, Maximum pipeline stages = 2
INFO: [Synth 8-5814] Pipeline result for URAM ("top__GCB0/mem_1/bank_gen[2].u_mem_bank/ram_reg"): Matrix size= (1 cols x 1 rows) | Pipeline stages => ( available = 2, absorbed = 2 )
INFO: [Synth 8-6776] UltraRAM "top__GCB0/mem_1/bank_gen[3].u_mem_bank/ram_reg": Pipeline stages found = 2; Recommended pipeline stages =0, Maximum pipeline stages = 2
INFO: [Synth 8-5814] Pipeline result for URAM ("top__GCB0/mem_1/bank_gen[3].u_mem_bank/ram_reg"): Matrix size= (1 cols x 1 rows) | Pipeline stages => ( available = 2, absorbed = 2 )
INFO: [Synth 8-6776] UltraRAM "top__GCB0/mem_1/bank_gen[4].u_mem_bank/ram_reg": Pipeline stages found = 2; Recommended pipeline stages =0, Maximum pipeline stages = 2
INFO: [Synth 8-5814] Pipeline result for URAM ("top__GCB0/mem_1/bank_gen[4].u_mem_bank/ram_reg"): Matrix size= (1 cols x 1 rows) | Pipeline stages => ( available = 2, absorbed = 2 )
INFO: [Synth 8-6776] UltraRAM "top__GCB0/mem_1/bank_gen[5].u_mem_bank/ram_reg": Pipeline stages found = 2; Recommended pipeline stages =0, Maximum pipeline stages = 2
INFO: [Synth 8-5814] Pipeline result for URAM ("top__GCB0/mem_1/bank_gen[5].u_mem_bank/ram_reg"): Matrix size= (1 cols x 1 rows) | Pipeline stages => ( available = 2, absorbed = 2 )
INFO: [Synth 8-6776] UltraRAM "top__GCB0/mem_1/bank_gen[6].u_mem_bank/ram_reg": Pipeline stages found = 2; Recommended pipeline stages =0, Maximum pipeline stages = 2
INFO: [Synth 8-5814] Pipeline result for URAM ("top__GCB0/mem_1/bank_gen[6].u_mem_bank/ram_reg"): Matrix size= (1 cols x 1 rows) | Pipeline stages => ( available = 2, absorbed = 2 )
INFO: [Synth 8-6776] UltraRAM "top__GCB0/mem_1/bank_gen[7].u_mem_bank/ram_reg": Pipeline stages found = 2; Recommended pipeline stages =0, Maximum pipeline stages = 2
INFO: [Synth 8-5814] Pipeline result for URAM ("top__GCB0/mem_1/bank_gen[7].u_mem_bank/ram_reg"): Matrix size= (1 cols x 1 rows) | Pipeline stages => ( available = 2, absorbed = 2 )
INFO: [Synth 8-6776] UltraRAM "top__GCB0/mem_2/bank_gen[0].u_mem_bank/ram_reg": Pipeline stages found = 2; Recommended pipeline stages =0, Maximum pipeline stages = 2
INFO: [Synth 8-5814] Pipeline result for URAM ("top__GCB0/mem_2/bank_gen[0].u_mem_bank/ram_reg"): Matrix size= (1 cols x 1 rows) | Pipeline stages => ( available = 2, absorbed = 2 )
INFO: [Synth 8-6776] UltraRAM "top__GCB0/mem_2/bank_gen[1].u_mem_bank/ram_reg": Pipeline stages found = 2; Recommended pipeline stages =0, Maximum pipeline stages = 2
INFO: [Synth 8-5814] Pipeline result for URAM ("top__GCB0/mem_2/bank_gen[1].u_mem_bank/ram_reg"): Matrix size= (1 cols x 1 rows) | Pipeline stages => ( available = 2, absorbed = 2 )
INFO: [Synth 8-6776] UltraRAM "top__GCB0/mem_2/bank_gen[2].u_mem_bank/ram_reg": Pipeline stages found = 2; Recommended pipeline stages =0, Maximum pipeline stages = 2
INFO: [Synth 8-5814] Pipeline result for URAM ("top__GCB0/mem_2/bank_gen[2].u_mem_bank/ram_reg"): Matrix size= (1 cols x 1 rows) | Pipeline stages => ( available = 2, absorbed = 2 )
INFO: [Synth 8-6776] UltraRAM "top__GCB0/mem_2/bank_gen[3].u_mem_bank/ram_reg": Pipeline stages found = 2; Recommended pipeline stages =0, Maximum pipeline stages = 2
INFO: [Synth 8-5814] Pipeline result for URAM ("top__GCB0/mem_2/bank_gen[3].u_mem_bank/ram_reg"): Matrix size= (1 cols x 1 rows) | Pipeline stages => ( available = 2, absorbed = 2 )
INFO: [Synth 8-6776] UltraRAM "top__GCB0/mem_2/bank_gen[4].u_mem_bank/ram_reg": Pipeline stages found = 2; Recommended pipeline stages =0, Maximum pipeline stages = 2
INFO: [Synth 8-5814] Pipeline result for URAM ("top__GCB0/mem_2/bank_gen[4].u_mem_bank/ram_reg"): Matrix size= (1 cols x 1 rows) | Pipeline stages => ( available = 2, absorbed = 2 )
INFO: [Synth 8-6776] UltraRAM "top__GCB0/mem_2/bank_gen[5].u_mem_bank/ram_reg": Pipeline stages found = 2; Recommended pipeline stages =0, Maximum pipeline stages = 2
INFO: [Synth 8-5814] Pipeline result for URAM ("top__GCB0/mem_2/bank_gen[5].u_mem_bank/ram_reg"): Matrix size= (1 cols x 1 rows) | Pipeline stages => ( available = 2, absorbed = 2 )
INFO: [Synth 8-6776] UltraRAM "top__GCB0/mem_2/bank_gen[6].u_mem_bank/ram_reg": Pipeline stages found = 2; Recommended pipeline stages =0, Maximum pipeline stages = 2
INFO: [Synth 8-5814] Pipeline result for URAM ("top__GCB0/mem_2/bank_gen[6].u_mem_bank/ram_reg"): Matrix size= (1 cols x 1 rows) | Pipeline stages => ( available = 2, absorbed = 2 )
INFO: [Synth 8-6776] UltraRAM "top__GCB0/mem_2/bank_gen[7].u_mem_bank/ram_reg": Pipeline stages found = 2; Recommended pipeline stages =0, Maximum pipeline stages = 2
INFO: [Synth 8-5814] Pipeline result for URAM ("top__GCB0/mem_2/bank_gen[7].u_mem_bank/ram_reg"): Matrix size= (1 cols x 1 rows) | Pipeline stages => ( available = 2, absorbed = 2 )
INFO: [Synth 8-6776] UltraRAM "top__GCB0/mem_3/bank_gen[0].u_mem_bank/ram_reg": Pipeline stages found = 2; Recommended pipeline stages =0, Maximum pipeline stages = 2
INFO: [Synth 8-5814] Pipeline result for URAM ("top__GCB0/mem_3/bank_gen[0].u_mem_bank/ram_reg"): Matrix size= (1 cols x 1 rows) | Pipeline stages => ( available = 2, absorbed = 2 )
INFO: [Synth 8-6776] UltraRAM "top__GCB0/mem_3/bank_gen[1].u_mem_bank/ram_reg": Pipeline stages found = 2; Recommended pipeline stages =0, Maximum pipeline stages = 2
INFO: [Synth 8-5814] Pipeline result for URAM ("top__GCB0/mem_3/bank_gen[1].u_mem_bank/ram_reg"): Matrix size= (1 cols x 1 rows) | Pipeline stages => ( available = 2, absorbed = 2 )
INFO: [Synth 8-6776] UltraRAM "top__GCB0/mem_3/bank_gen[2].u_mem_bank/ram_reg": Pipeline stages found = 2; Recommended pipeline stages =0, Maximum pipeline stages = 2
INFO: [Synth 8-5814] Pipeline result for URAM ("top__GCB0/mem_3/bank_gen[2].u_mem_bank/ram_reg"): Matrix size= (1 cols x 1 rows) | Pipeline stages => ( available = 2, absorbed = 2 )
INFO: [Synth 8-6776] UltraRAM "top__GCB0/mem_3/bank_gen[3].u_mem_bank/ram_reg": Pipeline stages found = 2; Recommended pipeline stages =0, Maximum pipeline stages = 2
INFO: [Synth 8-5814] Pipeline result for URAM ("top__GCB0/mem_3/bank_gen[3].u_mem_bank/ram_reg"): Matrix size= (1 cols x 1 rows) | Pipeline stages => ( available = 2, absorbed = 2 )
INFO: [Synth 8-6776] UltraRAM "top__GCB0/mem_3/bank_gen[4].u_mem_bank/ram_reg": Pipeline stages found = 2; Recommended pipeline stages =0, Maximum pipeline stages = 2
INFO: [Synth 8-5814] Pipeline result for URAM ("top__GCB0/mem_3/bank_gen[4].u_mem_bank/ram_reg"): Matrix size= (1 cols x 1 rows) | Pipeline stages => ( available = 2, absorbed = 2 )
INFO: [Synth 8-6776] UltraRAM "top__GCB0/mem_3/bank_gen[5].u_mem_bank/ram_reg": Pipeline stages found = 2; Recommended pipeline stages =0, Maximum pipeline stages = 2
INFO: [Synth 8-5814] Pipeline result for URAM ("top__GCB0/mem_3/bank_gen[5].u_mem_bank/ram_reg"): Matrix size= (1 cols x 1 rows) | Pipeline stages => ( available = 2, absorbed = 2 )
INFO: [Synth 8-6776] UltraRAM "top__GCB0/mem_3/bank_gen[6].u_mem_bank/ram_reg": Pipeline stages found = 2; Recommended pipeline stages =0, Maximum pipeline stages = 2
INFO: [Synth 8-5814] Pipeline result for URAM ("top__GCB0/mem_3/bank_gen[6].u_mem_bank/ram_reg"): Matrix size= (1 cols x 1 rows) | Pipeline stages => ( available = 2, absorbed = 2 )
INFO: [Synth 8-6776] UltraRAM "top__GCB0/mem_3/bank_gen[7].u_mem_bank/ram_reg": Pipeline stages found = 2; Recommended pipeline stages =0, Maximum pipeline stages = 2
INFO: [Synth 8-5814] Pipeline result for URAM ("top__GCB0/mem_3/bank_gen[7].u_mem_bank/ram_reg"): Matrix size= (1 cols x 1 rows) | Pipeline stages => ( available = 2, absorbed = 2 )
INFO: [Synth 8-6776] UltraRAM "top__GCB0/mem_4/bank_gen[0].u_mem_bank/ram_reg": Pipeline stages found = 2; Recommended pipeline stages =0, Maximum pipeline stages = 2
INFO: [Synth 8-5814] Pipeline result for URAM ("top__GCB0/mem_4/bank_gen[0].u_mem_bank/ram_reg"): Matrix size= (1 cols x 1 rows) | Pipeline stages => ( available = 2, absorbed = 2 )
INFO: [Synth 8-6776] UltraRAM "top__GCB0/mem_4/bank_gen[1].u_mem_bank/ram_reg": Pipeline stages found = 2; Recommended pipeline stages =0, Maximum pipeline stages = 2
INFO: [Synth 8-5814] Pipeline result for URAM ("top__GCB0/mem_4/bank_gen[1].u_mem_bank/ram_reg"): Matrix size= (1 cols x 1 rows) | Pipeline stages => ( available = 2, absorbed = 2 )
INFO: [Synth 8-6776] UltraRAM "top__GCB0/mem_4/bank_gen[2].u_mem_bank/ram_reg": Pipeline stages found = 2; Recommended pipeline stages =0, Maximum pipeline stages = 2
INFO: [Synth 8-5814] Pipeline result for URAM ("top__GCB0/mem_4/bank_gen[2].u_mem_bank/ram_reg"): Matrix size= (1 cols x 1 rows) | Pipeline stages => ( available = 2, absorbed = 2 )
INFO: [Synth 8-6776] UltraRAM "top__GCB0/mem_4/bank_gen[3].u_mem_bank/ram_reg": Pipeline stages found = 2; Recommended pipeline stages =0, Maximum pipeline stages = 2
INFO: [Synth 8-5814] Pipeline result for URAM ("top__GCB0/mem_4/bank_gen[3].u_mem_bank/ram_reg"): Matrix size= (1 cols x 1 rows) | Pipeline stages => ( available = 2, absorbed = 2 )
INFO: [Synth 8-6776] UltraRAM "top__GCB0/mem_4/bank_gen[4].u_mem_bank/ram_reg": Pipeline stages found = 2; Recommended pipeline stages =0, Maximum pipeline stages = 2
INFO: [Synth 8-5814] Pipeline result for URAM ("top__GCB0/mem_4/bank_gen[4].u_mem_bank/ram_reg"): Matrix size= (1 cols x 1 rows) | Pipeline stages => ( available = 2, absorbed = 2 )
INFO: [Synth 8-6776] UltraRAM "top__GCB0/mem_4/bank_gen[5].u_mem_bank/ram_reg": Pipeline stages found = 2; Recommended pipeline stages =0, Maximum pipeline stages = 2
INFO: [Synth 8-5814] Pipeline result for URAM ("top__GCB0/mem_4/bank_gen[5].u_mem_bank/ram_reg"): Matrix size= (1 cols x 1 rows) | Pipeline stages => ( available = 2, absorbed = 2 )
INFO: [Synth 8-6776] UltraRAM "top__GCB0/mem_4/bank_gen[6].u_mem_bank/ram_reg": Pipeline stages found = 2; Recommended pipeline stages =0, Maximum pipeline stages = 2
INFO: [Synth 8-5814] Pipeline result for URAM ("top__GCB0/mem_4/bank_gen[6].u_mem_bank/ram_reg"): Matrix size= (1 cols x 1 rows) | Pipeline stages => ( available = 2, absorbed = 2 )
INFO: [Synth 8-6776] UltraRAM "top__GCB0/mem_4/bank_gen[7].u_mem_bank/ram_reg": Pipeline stages found = 2; Recommended pipeline stages =0, Maximum pipeline stages = 2
INFO: [Synth 8-5814] Pipeline result for URAM ("top__GCB0/mem_4/bank_gen[7].u_mem_bank/ram_reg"): Matrix size= (1 cols x 1 rows) | Pipeline stages => ( available = 2, absorbed = 2 )
INFO: [Synth 8-6776] UltraRAM "top__GCB0/mem_5/bank_gen[0].u_mem_bank/ram_reg": Pipeline stages found = 2; Recommended pipeline stages =0, Maximum pipeline stages = 2
INFO: [Synth 8-5814] Pipeline result for URAM ("top__GCB0/mem_5/bank_gen[0].u_mem_bank/ram_reg"): Matrix size= (1 cols x 1 rows) | Pipeline stages => ( available = 2, absorbed = 2 )
INFO: [Synth 8-6776] UltraRAM "top__GCB0/mem_5/bank_gen[1].u_mem_bank/ram_reg": Pipeline stages found = 2; Recommended pipeline stages =0, Maximum pipeline stages = 2
INFO: [Synth 8-5814] Pipeline result for URAM ("top__GCB0/mem_5/bank_gen[1].u_mem_bank/ram_reg"): Matrix size= (1 cols x 1 rows) | Pipeline stages => ( available = 2, absorbed = 2 )
INFO: [Synth 8-6776] UltraRAM "top__GCB0/mem_5/bank_gen[2].u_mem_bank/ram_reg": Pipeline stages found = 2; Recommended pipeline stages =0, Maximum pipeline stages = 2
INFO: [Synth 8-5814] Pipeline result for URAM ("top__GCB0/mem_5/bank_gen[2].u_mem_bank/ram_reg"): Matrix size= (1 cols x 1 rows) | Pipeline stages => ( available = 2, absorbed = 2 )
INFO: [Synth 8-6776] UltraRAM "top__GCB0/mem_5/bank_gen[3].u_mem_bank/ram_reg": Pipeline stages found = 2; Recommended pipeline stages =0, Maximum pipeline stages = 2
INFO: [Synth 8-5814] Pipeline result for URAM ("top__GCB0/mem_5/bank_gen[3].u_mem_bank/ram_reg"): Matrix size= (1 cols x 1 rows) | Pipeline stages => ( available = 2, absorbed = 2 )
INFO: [Synth 8-6776] UltraRAM "top__GCB0/mem_5/bank_gen[4].u_mem_bank/ram_reg": Pipeline stages found = 2; Recommended pipeline stages =0, Maximum pipeline stages = 2
INFO: [Synth 8-5814] Pipeline result for URAM ("top__GCB0/mem_5/bank_gen[4].u_mem_bank/ram_reg"): Matrix size= (1 cols x 1 rows) | Pipeline stages => ( available = 2, absorbed = 2 )
INFO: [Synth 8-6776] UltraRAM "top__GCB0/mem_5/bank_gen[5].u_mem_bank/ram_reg": Pipeline stages found = 2; Recommended pipeline stages =0, Maximum pipeline stages = 2
INFO: [Synth 8-5814] Pipeline result for URAM ("top__GCB0/mem_5/bank_gen[5].u_mem_bank/ram_reg"): Matrix size= (1 cols x 1 rows) | Pipeline stages => ( available = 2, absorbed = 2 )
INFO: [Synth 8-6776] UltraRAM "top__GCB0/mem_5/bank_gen[6].u_mem_bank/ram_reg": Pipeline stages found = 2; Recommended pipeline stages =0, Maximum pipeline stages = 2
INFO: [Synth 8-5814] Pipeline result for URAM ("top__GCB0/mem_5/bank_gen[6].u_mem_bank/ram_reg"): Matrix size= (1 cols x 1 rows) | Pipeline stages => ( available = 2, absorbed = 2 )
INFO: [Synth 8-6776] UltraRAM "top__GCB0/mem_5/bank_gen[7].u_mem_bank/ram_reg": Pipeline stages found = 2; Recommended pipeline stages =0, Maximum pipeline stages = 2
INFO: [Synth 8-5814] Pipeline result for URAM ("top__GCB0/mem_5/bank_gen[7].u_mem_bank/ram_reg"): Matrix size= (1 cols x 1 rows) | Pipeline stages => ( available = 2, absorbed = 2 )
INFO: [Synth 8-3886] merging instance 'u_wr_ctrl/tmp_wr_addr_reg[0]' (FDE) to 'u_wr_ctrl/tmp_wr_addr_reg[1]'
INFO: [Synth 8-3886] merging instance 'u_wr_ctrl/tmp_wr_addr_reg[1]' (FDE) to 'u_wr_ctrl/tmp_wr_addr_reg[2]'
INFO: [Synth 8-3886] merging instance 'u_wr_ctrl/tmp_wr_addr_reg[2]' (FDE) to 'u_wr_ctrl/tmp_wr_addr_reg[3]'
INFO: [Synth 8-3886] merging instance 'u_wr_ctrl/tmp_wr_addr_reg[3]' (FDE) to 'u_wr_ctrl/tmp_wr_addr_reg[4]'
INFO: [Synth 8-3886] merging instance 'u_wr_ctrl/tmp_wr_addr_reg[4]' (FDE) to 'u_wr_ctrl/tmp_wr_addr_reg[5]'
INFO: [Synth 8-3886] merging instance 'u_wr_ctrl/tmp_wr_addr_reg[5]' (FDE) to 'u_wr_ctrl/tmp_wr_addr_reg[6]'
INFO: [Synth 8-3886] merging instance 'u_wr_ctrl/tmp_wr_addr_reg[6]' (FDE) to 'u_wr_ctrl/tmp_wr_addr_reg[7]'
INFO: [Synth 8-3333] propagating constant 1 across sequential element (u_wr_ctrl/\tmp_wr_addr_reg[7] )
INFO: [Synth 8-3886] merging instance 'u_wr_ctrl/tmp_wr_addr_reg[8]' (FDE) to 'u_wr_ctrl/tmp_wr_addr_reg[9]'
INFO: [Synth 8-3886] merging instance 'u_wr_ctrl/o_wr_mem_stega_addr_reg[12]' (FDRE) to 'u_wr_ctrl/o_wr_mem_stega_addr_reg[13]'
INFO: [Synth 8-3333] propagating constant 0 across sequential element (u_wr_ctrl/\o_wr_mem_stega_addr_reg[13] )
INFO: [Synth 8-3886] merging instance 'u_wr_ctrl/o_wr_mem_stega_ena_reg[0]' (FDRE) to 'u_wr_ctrl/o_wr_mem_stega_ena_reg[1]'
INFO: [Synth 8-3886] merging instance 'u_wr_ctrl/o_wr_mem_stega_ena_reg[1]' (FDRE) to 'u_wr_ctrl/o_wr_mem_stega_ena_reg[2]'
INFO: [Synth 8-3886] merging instance 'u_wr_ctrl/o_wr_mem5_ena_reg[0]' (FDRE) to 'u_wr_ctrl/o_wr_mem5_ena_reg[1]'
INFO: [Synth 8-3886] merging instance 'u_wr_ctrl/o_wr_mem5_ena_reg[1]' (FDRE) to 'u_wr_ctrl/o_wr_mem5_ena_reg[2]'
INFO: [Synth 8-3886] merging instance 'u_wr_ctrl/o_wr_mem5_ena_reg[2]' (FDRE) to 'u_wr_ctrl/o_wr_mem5_ena_reg[3]'
INFO: [Synth 8-3886] merging instance 'u_wr_ctrl/o_wr_mem5_ena_reg[4]' (FDRE) to 'u_wr_ctrl/o_wr_mem5_ena_reg[5]'
INFO: [Synth 8-3886] merging instance 'u_wr_ctrl/o_wr_mem5_ena_reg[5]' (FDRE) to 'u_wr_ctrl/o_wr_mem5_ena_reg[6]'
INFO: [Synth 8-3886] merging instance 'u_wr_ctrl/o_wr_mem5_ena_reg[6]' (FDRE) to 'u_wr_ctrl/o_wr_mem5_ena_reg[7]'
INFO: [Synth 8-3886] merging instance 'u_wr_ctrl/o_wr_mem4_ena_reg[0]' (FDRE) to 'u_wr_ctrl/o_wr_mem4_ena_reg[1]'
INFO: [Synth 8-3886] merging instance 'u_wr_ctrl/o_wr_mem4_ena_reg[1]' (FDRE) to 'u_wr_ctrl/o_wr_mem4_ena_reg[2]'
INFO: [Synth 8-3886] merging instance 'u_wr_ctrl/o_wr_mem4_ena_reg[2]' (FDRE) to 'u_wr_ctrl/o_wr_mem4_ena_reg[3]'
INFO: [Synth 8-3886] merging instance 'u_wr_ctrl/o_wr_mem4_ena_reg[3]' (FDRE) to 'u_wr_ctrl/o_wr_mem4_ena_reg[4]'
INFO: [Synth 8-3886] merging instance 'u_wr_ctrl/o_wr_mem4_ena_reg[4]' (FDRE) to 'u_wr_ctrl/o_wr_mem4_ena_reg[5]'
INFO: [Synth 8-3886] merging instance 'u_wr_ctrl/o_wr_mem4_ena_reg[5]' (FDRE) to 'u_wr_ctrl/o_wr_mem4_ena_reg[6]'
INFO: [Synth 8-3886] merging instance 'u_wr_ctrl/o_wr_mem4_ena_reg[6]' (FDRE) to 'u_wr_ctrl/o_wr_mem4_ena_reg[7]'
INFO: [Synth 8-3886] merging instance 'u_wr_ctrl/o_wr_mem3_ena_reg[0]' (FDRE) to 'u_wr_ctrl/o_wr_mem3_ena_reg[1]'
INFO: [Synth 8-3886] merging instance 'u_wr_ctrl/o_wr_mem3_ena_reg[1]' (FDRE) to 'u_wr_ctrl/o_wr_mem3_ena_reg[2]'
INFO: [Synth 8-3886] merging instance 'u_wr_ctrl/o_wr_mem3_ena_reg[2]' (FDRE) to 'u_wr_ctrl/o_wr_mem3_ena_reg[3]'
INFO: [Synth 8-3886] merging instance 'u_wr_ctrl/o_wr_mem3_ena_reg[4]' (FDRE) to 'u_wr_ctrl/o_wr_mem3_ena_reg[5]'
INFO: [Synth 8-3886] merging instance 'u_wr_ctrl/o_wr_mem3_ena_reg[5]' (FDRE) to 'u_wr_ctrl/o_wr_mem3_ena_reg[6]'
INFO: [Synth 8-3886] merging instance 'u_wr_ctrl/o_wr_mem3_ena_reg[6]' (FDRE) to 'u_wr_ctrl/o_wr_mem3_ena_reg[7]'
INFO: [Synth 8-3886] merging instance 'u_wr_ctrl/o_wr_mem2_ena_reg[4]' (FDRE) to 'u_wr_ctrl/o_wr_mem2_ena_reg[5]'
INFO: [Synth 8-3886] merging instance 'u_wr_ctrl/o_wr_mem2_ena_reg[5]' (FDRE) to 'u_wr_ctrl/o_wr_mem2_ena_reg[6]'
INFO: [Synth 8-3886] merging instance 'u_wr_ctrl/o_wr_mem2_ena_reg[6]' (FDRE) to 'u_wr_ctrl/o_wr_mem2_ena_reg[7]'
INFO: [Synth 8-3886] merging instance 'u_wr_ctrl/o_wr_mem1_ena_reg[0]' (FDRE) to 'u_wr_ctrl/o_wr_mem1_ena_reg[1]'
INFO: [Synth 8-3886] merging instance 'u_wr_ctrl/o_wr_mem1_ena_reg[1]' (FDRE) to 'u_wr_ctrl/o_wr_mem1_ena_reg[2]'
INFO: [Synth 8-3886] merging instance 'u_wr_ctrl/o_wr_mem1_ena_reg[2]' (FDRE) to 'u_wr_ctrl/o_wr_mem1_ena_reg[3]'
INFO: [Synth 8-3886] merging instance 'u_wr_ctrl/o_wr_mem1_ena_reg[4]' (FDRE) to 'u_wr_ctrl/o_wr_mem1_ena_reg[5]'
INFO: [Synth 8-3886] merging instance 'u_wr_ctrl/o_wr_mem1_ena_reg[5]' (FDRE) to 'u_wr_ctrl/o_wr_mem1_ena_reg[6]'
INFO: [Synth 8-3886] merging instance 'u_wr_ctrl/o_wr_mem1_ena_reg[6]' (FDRE) to 'u_wr_ctrl/o_wr_mem1_ena_reg[7]'
INFO: [Synth 8-3886] merging instance 'u_wr_ctrl/o_wr_mem0_ena_reg[0]' (FDRE) to 'u_wr_ctrl/o_wr_mem0_ena_reg[1]'
INFO: [Synth 8-3886] merging instance 'u_wr_ctrl/o_wr_mem0_ena_reg[1]' (FDRE) to 'u_wr_ctrl/o_wr_mem0_ena_reg[2]'
INFO: [Synth 8-3886] merging instance 'u_wr_ctrl/o_wr_mem0_ena_reg[2]' (FDRE) to 'u_wr_ctrl/o_wr_mem0_ena_reg[3]'
INFO: [Synth 8-3886] merging instance 'u_wr_ctrl/o_wr_mem0_ena_reg[4]' (FDRE) to 'u_wr_ctrl/o_wr_mem0_ena_reg[5]'
INFO: [Synth 8-3886] merging instance 'u_wr_ctrl/o_wr_mem0_ena_reg[5]' (FDRE) to 'u_wr_ctrl/o_wr_mem0_ena_reg[6]'
INFO: [Synth 8-3886] merging instance 'u_wr_ctrl/o_wr_mem0_ena_reg[6]' (FDRE) to 'u_wr_ctrl/o_wr_mem0_ena_reg[7]'
INFO: [Synth 8-3886] merging instance 'u_wr_ctrl/o_wr_mem0_ena_reg[8]' (FDRE) to 'u_wr_ctrl/o_wr_mem0_ena_reg[9]'
INFO: [Synth 8-3886] merging instance 'u_wr_ctrl/o_wr_mem0_ena_reg[9]' (FDRE) to 'u_wr_ctrl/o_wr_mem0_ena_reg[10]'
INFO: [Synth 8-3886] merging instance 'u_wr_ctrl/o_wr_mem0_ena_reg[10]' (FDRE) to 'u_wr_ctrl/o_wr_mem0_ena_reg[11]'
INFO: [Synth 8-3886] merging instance 'u_wr_ctrl/o_wr_mem0_ena_reg[12]' (FDRE) to 'u_wr_ctrl/o_wr_mem0_ena_reg[13]'
INFO: [Synth 8-3886] merging instance 'u_wr_ctrl/o_wr_mem0_ena_reg[13]' (FDRE) to 'u_wr_ctrl/o_wr_mem0_ena_reg[14]'
INFO: [Synth 8-3886] merging instance 'u_wr_ctrl/o_wr_mem0_ena_reg[14]' (FDRE) to 'u_wr_ctrl/o_wr_mem0_ena_reg[15]'
INFO: [Synth 8-5544] ROM "depth_loop" won't be mapped to Block RAM because address size (4) smaller than threshold (5)
INFO: [Synth 8-5544] ROM "point_loop" won't be mapped to Block RAM because address size (4) smaller than threshold (5)
INFO: [Synth 8-5544] ROM "bias_loop" won't be mapped to Block RAM because address size (4) smaller than threshold (5)
INFO: [Synth 8-5544] ROM "depth_base_addr" won't be mapped to Block RAM because address size (4) smaller than threshold (5)
INFO: [Synth 8-5544] ROM "point_base_addr" won't be mapped to Block RAM because address size (4) smaller than threshold (5)
INFO: [Synth 8-5544] ROM "bias_base_addr" won't be mapped to Block RAM because address size (4) smaller than threshold (5)
INFO: [Synth 8-5544] ROM "mem_sel" won't be mapped to Block RAM because address size (4) smaller than threshold (5)
INFO: [Synth 8-5544] ROM "max_lic" won't be mapped to Block RAM because address size (4) smaller than threshold (5)
INFO: [Synth 8-5544] ROM "max_loc" won't be mapped to Block RAM because address size (4) smaller than threshold (5)
INFO: [Synth 8-5544] ROM "o_config_max_line_in" won't be mapped to Block RAM because address size (4) smaller than threshold (5)
INFO: [Synth 8-5544] ROM "max_address_p" won't be mapped to Block RAM because address size (4) smaller than threshold (5)
INFO: [Synth 8-5544] ROM "o_config_max_line_out" won't be mapped to Block RAM because address size (4) smaller than threshold (5)
INFO: [Common 17-14] Message 'Synth 8-7129' appears 100 times and further instances of the messages will be disabled. Use the Tcl command set_msg_config to change the current settings.
---------------------------------------------------------------------------------
Finished Cross Boundary and Area Optimization : Time (s): cpu = 00:02:05 ; elapsed = 00:02:21 . Memory (MB): peak = 2733.195 ; gain = 1185.012
---------------------------------------------------------------------------------
---------------------------------------------------------------------------------
Start ROM, RAM, DSP, Shift Register and Retiming Reporting
---------------------------------------------------------------------------------

Ultra RAM: Preliminary Mapping Report (see note below)
+------------+---------------------------------------+------------------------+---+---+------------------------+---+---+------------------+---------+--------------+--------------------------+-------------+
|Module Name | RTL Object                            | PORT A (Depth x Width) | W | R | PORT B (Depth x Width) | W | R | Ports driving FF | URAM288 | Matrix Shape | FF provided for Pipeline | FF absorbed | 
+------------+---------------------------------------+------------------------+---+---+------------------------+---+---+------------------+---------+--------------+--------------------------+-------------+
|top__GCB0   | u_img_mem/bank0_reg                   | 4 K x 64               |   | R | 4 K x 64               | W |   | Port A and B     | 1       | 1x1          | 2                        | 2           | 
|top__GCB0   | u_img_mem/bank1_reg                   | 4 K x 64               |   | R | 4 K x 64               | W |   | Port A and B     | 1       | 1x1          | 2                        | 2           | 
|top__GCB0   | u_img_mem/bank2_reg                   | 4 K x 64               |   | R | 4 K x 64               | W |   | Port A and B     | 1       | 1x1          | 2                        | 2           | 
|top__GCB0   | u_img_mem/bank3_reg                   | 4 K x 64               |   | R | 4 K x 64               | W |   | Port A and B     | 1       | 1x1          | 2                        | 2           | 
|top__GCB0   | u_img_mem/bank4_reg                   | 4 K x 64               |   | R | 4 K x 64               | W |   | Port A and B     | 1       | 1x1          | 2                        | 2           | 
|top__GCB0   | u_img_mem/bank5_reg                   | 4 K x 64               |   | R | 4 K x 64               | W |   | Port A and B     | 1       | 1x1          | 2                        | 2           | 
|top__GCB0   | mem_0/bank_gen[0].u_mem_bank/ram_reg  | 4 K x 64               |   | R | 4 K x 64               | W |   | Port A and B     | 1       | 1x1          | 2                        | 2           | 
|top__GCB0   | mem_0/bank_gen[1].u_mem_bank/ram_reg  | 4 K x 64               |   | R | 4 K x 64               | W |   | Port A and B     | 1       | 1x1          | 2                        | 2           | 
|top__GCB0   | mem_0/bank_gen[2].u_mem_bank/ram_reg  | 4 K x 64               |   | R | 4 K x 64               | W |   | Port A and B     | 1       | 1x1          | 2                        | 2           | 
|top__GCB0   | mem_0/bank_gen[3].u_mem_bank/ram_reg  | 4 K x 64               |   | R | 4 K x 64               | W |   | Port A and B     | 1       | 1x1          | 2                        | 2           | 
|top__GCB0   | mem_0/bank_gen[4].u_mem_bank/ram_reg  | 4 K x 64               |   | R | 4 K x 64               | W |   | Port A and B     | 1       | 1x1          | 2                        | 2           | 
|top__GCB0   | mem_0/bank_gen[5].u_mem_bank/ram_reg  | 4 K x 64               |   | R | 4 K x 64               | W |   | Port A and B     | 1       | 1x1          | 2                        | 2           | 
|top__GCB0   | mem_0/bank_gen[6].u_mem_bank/ram_reg  | 4 K x 64               |   | R | 4 K x 64               | W |   | Port A and B     | 1       | 1x1          | 2                        | 2           | 
|top__GCB0   | mem_0/bank_gen[7].u_mem_bank/ram_reg  | 4 K x 64               |   | R | 4 K x 64               | W |   | Port A and B     | 1       | 1x1          | 2                        | 2           | 
|top__GCB0   | mem_0/bank_gen[8].u_mem_bank/ram_reg  | 4 K x 64               |   | R | 4 K x 64               | W |   | Port A and B     | 1       | 1x1          | 2                        | 2           | 
|top__GCB0   | mem_0/bank_gen[9].u_mem_bank/ram_reg  | 4 K x 64               |   | R | 4 K x 64               | W |   | Port A and B     | 1       | 1x1          | 2                        | 2           | 
|top__GCB0   | mem_0/bank_gen[10].u_mem_bank/ram_reg | 4 K x 64               |   | R | 4 K x 64               | W |   | Port A and B     | 1       | 1x1          | 2                        | 2           | 
|top__GCB0   | mem_0/bank_gen[11].u_mem_bank/ram_reg | 4 K x 64               |   | R | 4 K x 64               | W |   | Port A and B     | 1       | 1x1          | 2                        | 2           | 
|top__GCB0   | mem_0/bank_gen[12].u_mem_bank/ram_reg | 4 K x 64               |   | R | 4 K x 64               | W |   | Port A and B     | 1       | 1x1          | 2                        | 2           | 
|top__GCB0   | mem_0/bank_gen[13].u_mem_bank/ram_reg | 4 K x 64               |   | R | 4 K x 64               | W |   | Port A and B     | 1       | 1x1          | 2                        | 2           | 
|top__GCB0   | mem_0/bank_gen[14].u_mem_bank/ram_reg | 4 K x 64               |   | R | 4 K x 64               | W |   | Port A and B     | 1       | 1x1          | 2                        | 2           | 
|top__GCB0   | mem_0/bank_gen[15].u_mem_bank/ram_reg | 4 K x 64               |   | R | 4 K x 64               | W |   | Port A and B     | 1       | 1x1          | 2                        | 2           | 
|top__GCB0   | mem_1/bank_gen[0].u_mem_bank/ram_reg  | 4 K x 64               |   | R | 4 K x 64               | W |   | Port A and B     | 1       | 1x1          | 2                        | 2           | 
|top__GCB0   | mem_1/bank_gen[1].u_mem_bank/ram_reg  | 4 K x 64               |   | R | 4 K x 64               | W |   | Port A and B     | 1       | 1x1          | 2                        | 2           | 
|top__GCB0   | mem_1/bank_gen[2].u_mem_bank/ram_reg  | 4 K x 64               |   | R | 4 K x 64               | W |   | Port A and B     | 1       | 1x1          | 2                        | 2           | 
|top__GCB0   | mem_1/bank_gen[3].u_mem_bank/ram_reg  | 4 K x 64               |   | R | 4 K x 64               | W |   | Port A and B     | 1       | 1x1          | 2                        | 2           | 
|top__GCB0   | mem_1/bank_gen[4].u_mem_bank/ram_reg  | 4 K x 64               |   | R | 4 K x 64               | W |   | Port A and B     | 1       | 1x1          | 2                        | 2           | 
|top__GCB0   | mem_1/bank_gen[5].u_mem_bank/ram_reg  | 4 K x 64               |   | R | 4 K x 64               | W |   | Port A and B     | 1       | 1x1          | 2                        | 2           | 
|top__GCB0   | mem_1/bank_gen[6].u_mem_bank/ram_reg  | 4 K x 64               |   | R | 4 K x 64               | W |   | Port A and B     | 1       | 1x1          | 2                        | 2           | 
|top__GCB0   | mem_1/bank_gen[7].u_mem_bank/ram_reg  | 4 K x 64               |   | R | 4 K x 64               | W |   | Port A and B     | 1       | 1x1          | 2                        | 2           | 
|top__GCB0   | mem_2/bank_gen[0].u_mem_bank/ram_reg  | 4 K x 64               |   | R | 4 K x 64               | W |   | Port A and B     | 1       | 1x1          | 2                        | 2           | 
|top__GCB0   | mem_2/bank_gen[1].u_mem_bank/ram_reg  | 4 K x 64               |   | R | 4 K x 64               | W |   | Port A and B     | 1       | 1x1          | 2                        | 2           | 
|top__GCB0   | mem_2/bank_gen[2].u_mem_bank/ram_reg  | 4 K x 64               |   | R | 4 K x 64               | W |   | Port A and B     | 1       | 1x1          | 2                        | 2           | 
|top__GCB0   | mem_2/bank_gen[3].u_mem_bank/ram_reg  | 4 K x 64               |   | R | 4 K x 64               | W |   | Port A and B     | 1       | 1x1          | 2                        | 2           | 
|top__GCB0   | mem_2/bank_gen[4].u_mem_bank/ram_reg  | 4 K x 64               |   | R | 4 K x 64               | W |   | Port A and B     | 1       | 1x1          | 2                        | 2           | 
|top__GCB0   | mem_2/bank_gen[5].u_mem_bank/ram_reg  | 4 K x 64               |   | R | 4 K x 64               | W |   | Port A and B     | 1       | 1x1          | 2                        | 2           | 
|top__GCB0   | mem_2/bank_gen[6].u_mem_bank/ram_reg  | 4 K x 64               |   | R | 4 K x 64               | W |   | Port A and B     | 1       | 1x1          | 2                        | 2           | 
|top__GCB0   | mem_2/bank_gen[7].u_mem_bank/ram_reg  | 4 K x 64               |   | R | 4 K x 64               | W |   | Port A and B     | 1       | 1x1          | 2                        | 2           | 
|top__GCB0   | mem_3/bank_gen[0].u_mem_bank/ram_reg  | 4 K x 64               |   | R | 4 K x 64               | W |   | Port A and B     | 1       | 1x1          | 2                        | 2           | 
|top__GCB0   | mem_3/bank_gen[1].u_mem_bank/ram_reg  | 4 K x 64               |   | R | 4 K x 64               | W |   | Port A and B     | 1       | 1x1          | 2                        | 2           | 
|top__GCB0   | mem_3/bank_gen[2].u_mem_bank/ram_reg  | 4 K x 64               |   | R | 4 K x 64               | W |   | Port A and B     | 1       | 1x1          | 2                        | 2           | 
|top__GCB0   | mem_3/bank_gen[3].u_mem_bank/ram_reg  | 4 K x 64               |   | R | 4 K x 64               | W |   | Port A and B     | 1       | 1x1          | 2                        | 2           | 
|top__GCB0   | mem_3/bank_gen[4].u_mem_bank/ram_reg  | 4 K x 64               |   | R | 4 K x 64               | W |   | Port A and B     | 1       | 1x1          | 2                        | 2           | 
|top__GCB0   | mem_3/bank_gen[5].u_mem_bank/ram_reg  | 4 K x 64               |   | R | 4 K x 64               | W |   | Port A and B     | 1       | 1x1          | 2                        | 2           | 
|top__GCB0   | mem_3/bank_gen[6].u_mem_bank/ram_reg  | 4 K x 64               |   | R | 4 K x 64               | W |   | Port A and B     | 1       | 1x1          | 2                        | 2           | 
|top__GCB0   | mem_3/bank_gen[7].u_mem_bank/ram_reg  | 4 K x 64               |   | R | 4 K x 64               | W |   | Port A and B     | 1       | 1x1          | 2                        | 2           | 
|top__GCB0   | mem_4/bank_gen[0].u_mem_bank/ram_reg  | 4 K x 64               |   | R | 4 K x 64               | W |   | Port A and B     | 1       | 1x1          | 2                        | 2           | 
|top__GCB0   | mem_4/bank_gen[1].u_mem_bank/ram_reg  | 4 K x 64               |   | R | 4 K x 64               | W |   | Port A and B     | 1       | 1x1          | 2                        | 2           | 
|top__GCB0   | mem_4/bank_gen[2].u_mem_bank/ram_reg  | 4 K x 64               |   | R | 4 K x 64               | W |   | Port A and B     | 1       | 1x1          | 2                        | 2           | 
|top__GCB0   | mem_4/bank_gen[3].u_mem_bank/ram_reg  | 4 K x 64               |   | R | 4 K x 64               | W |   | Port A and B     | 1       | 1x1          | 2                        | 2           | 
|top__GCB0   | mem_4/bank_gen[4].u_mem_bank/ram_reg  | 4 K x 64               |   | R | 4 K x 64               | W |   | Port A and B     | 1       | 1x1          | 2                        | 2           | 
|top__GCB0   | mem_4/bank_gen[5].u_mem_bank/ram_reg  | 4 K x 64               |   | R | 4 K x 64               | W |   | Port A and B     | 1       | 1x1          | 2                        | 2           | 
|top__GCB0   | mem_4/bank_gen[6].u_mem_bank/ram_reg  | 4 K x 64               |   | R | 4 K x 64               | W |   | Port A and B     | 1       | 1x1          | 2                        | 2           | 
|top__GCB0   | mem_4/bank_gen[7].u_mem_bank/ram_reg  | 4 K x 64               |   | R | 4 K x 64               | W |   | Port A and B     | 1       | 1x1          | 2                        | 2           | 
|top__GCB0   | mem_5/bank_gen[0].u_mem_bank/ram_reg  | 4 K x 64               |   | R | 4 K x 64               | W |   | Port A and B     | 1       | 1x1          | 2                        | 2           | 
|top__GCB0   | mem_5/bank_gen[1].u_mem_bank/ram_reg  | 4 K x 64               |   | R | 4 K x 64               | W |   | Port A and B     | 1       | 1x1          | 2                        | 2           | 
|top__GCB0   | mem_5/bank_gen[2].u_mem_bank/ram_reg  | 4 K x 64               |   | R | 4 K x 64               | W |   | Port A and B     | 1       | 1x1          | 2                        | 2           | 
|top__GCB0   | mem_5/bank_gen[3].u_mem_bank/ram_reg  | 4 K x 64               |   | R | 4 K x 64               | W |   | Port A and B     | 1       | 1x1          | 2                        | 2           | 
|top__GCB0   | mem_5/bank_gen[4].u_mem_bank/ram_reg  | 4 K x 64               |   | R | 4 K x 64               | W |   | Port A and B     | 1       | 1x1          | 2                        | 2           | 
|top__GCB0   | mem_5/bank_gen[5].u_mem_bank/ram_reg  | 4 K x 64               |   | R | 4 K x 64               | W |   | Port A and B     | 1       | 1x1          | 2                        | 2           | 
|top__GCB0   | mem_5/bank_gen[6].u_mem_bank/ram_reg  | 4 K x 64               |   | R | 4 K x 64               | W |   | Port A and B     | 1       | 1x1          | 2                        | 2           | 
|top__GCB0   | mem_5/bank_gen[7].u_mem_bank/ram_reg  | 4 K x 64               |   | R | 4 K x 64               | W |   | Port A and B     | 1       | 1x1          | 2                        | 2           | 
+------------+---------------------------------------+------------------------+---+---+------------------------+---+---+------------------+---------+--------------+--------------------------+-------------+

Note: The table above is a preliminary report that shows the Ultra RAMs at the current stage of the synthesis flow. Some Ultra RAMs may be reimplemented as non Ultra RAM primitives later in the synthesis flow. Multiple instantiated Ultra RAMs are reported only once. Fields "FF provided for Pipeline" and "FF absorbed" respectively indicate number of registers available for pipelining and number of registers absorbed in the URAM matrix for pipelining. 

Block RAM: Preliminary Mapping Report (see note below)
+-------------+------------------------------------------+------------------------+---+---+------------------------+---+---+------------------+--------+--------+-----------------+
|Module Name  | RTL Object                               | PORT A (Depth x Width) | W | R | PORT B (Depth x Width) | W | R | Ports driving FF | RAMB18 | RAMB36 | Cascade Heights | 
+-------------+------------------------------------------+------------------------+---+---+------------------------+---+---+------------------+--------+--------+-----------------+
|u_psum_fifo0 | mem_reg                                  | 4 K x 256(READ_FIRST)  | W |   | 4 K x 256(WRITE_FIRST) |   | R | Port A and B     | 1      | 28     | 4,4,4,4,4,4,4,1 | 
|u_psum_fifo1 | mem_reg                                  | 4 K x 256(READ_FIRST)  | W |   | 4 K x 256(WRITE_FIRST) |   | R | Port A and B     | 1      | 28     | 4,4,4,4,4,4,4,1 | 
|u_depth_mem  | gen_depth_banks[0].u_depth_core/ram_reg  | 256 x 64(READ_FIRST)   | W |   | 256 x 64(WRITE_FIRST)  |   | R | Port A and B     | 0      | 1      |                 | 
|u_depth_mem  | gen_depth_banks[1].u_depth_core/ram_reg  | 256 x 64(READ_FIRST)   | W |   | 256 x 64(WRITE_FIRST)  |   | R | Port A and B     | 0      | 1      |                 | 
|u_depth_mem  | gen_depth_banks[2].u_depth_core/ram_reg  | 256 x 64(READ_FIRST)   | W |   | 256 x 64(WRITE_FIRST)  |   | R | Port A and B     | 0      | 1      |                 | 
|u_depth_mem  | gen_depth_banks[3].u_depth_core/ram_reg  | 256 x 64(READ_FIRST)   | W |   | 256 x 64(WRITE_FIRST)  |   | R | Port A and B     | 0      | 1      |                 | 
|u_depth_mem  | gen_depth_banks[4].u_depth_core/ram_reg  | 256 x 64(READ_FIRST)   | W |   | 256 x 64(WRITE_FIRST)  |   | R | Port A and B     | 0      | 1      |                 | 
|u_depth_mem  | gen_depth_banks[5].u_depth_core/ram_reg  | 256 x 64(READ_FIRST)   | W |   | 256 x 64(WRITE_FIRST)  |   | R | Port A and B     | 0      | 1      |                 | 
|u_depth_mem  | gen_depth_banks[6].u_depth_core/ram_reg  | 256 x 64(READ_FIRST)   | W |   | 256 x 64(WRITE_FIRST)  |   | R | Port A and B     | 0      | 1      |                 | 
|u_depth_mem  | gen_depth_banks[7].u_depth_core/ram_reg  | 256 x 64(READ_FIRST)   | W |   | 256 x 64(WRITE_FIRST)  |   | R | Port A and B     | 0      | 1      |                 | 
|u_depth_mem  | gen_depth_banks[8].u_depth_core/ram_reg  | 256 x 64(READ_FIRST)   | W |   | 256 x 64(WRITE_FIRST)  |   | R | Port A and B     | 0      | 1      |                 | 
|u_point_mem  | gen_point_banks[0].u_point_core/ram_reg  | 1 K x 64(READ_FIRST)   | W |   | 1 K x 64(WRITE_FIRST)  |   | R | Port A and B     | 0      | 2      | 1,1             | 
|u_point_mem  | gen_point_banks[1].u_point_core/ram_reg  | 1 K x 64(READ_FIRST)   | W |   | 1 K x 64(WRITE_FIRST)  |   | R | Port A and B     | 0      | 2      | 1,1             | 
|u_point_mem  | gen_point_banks[2].u_point_core/ram_reg  | 1 K x 64(READ_FIRST)   | W |   | 1 K x 64(WRITE_FIRST)  |   | R | Port A and B     | 0      | 2      | 1,1             | 
|u_point_mem  | gen_point_banks[3].u_point_core/ram_reg  | 1 K x 64(READ_FIRST)   | W |   | 1 K x 64(WRITE_FIRST)  |   | R | Port A and B     | 0      | 2      | 1,1             | 
|u_point_mem  | gen_point_banks[4].u_point_core/ram_reg  | 1 K x 64(READ_FIRST)   | W |   | 1 K x 64(WRITE_FIRST)  |   | R | Port A and B     | 0      | 2      | 1,1             | 
|u_point_mem  | gen_point_banks[5].u_point_core/ram_reg  | 1 K x 64(READ_FIRST)   | W |   | 1 K x 64(WRITE_FIRST)  |   | R | Port A and B     | 0      | 2      | 1,1             | 
|u_point_mem  | gen_point_banks[6].u_point_core/ram_reg  | 1 K x 64(READ_FIRST)   | W |   | 1 K x 64(WRITE_FIRST)  |   | R | Port A and B     | 0      | 2      | 1,1             | 
|u_point_mem  | gen_point_banks[7].u_point_core/ram_reg  | 1 K x 64(READ_FIRST)   | W |   | 1 K x 64(WRITE_FIRST)  |   | R | Port A and B     | 0      | 2      | 1,1             | 
|u_point_mem  | gen_point_banks[8].u_point_core/ram_reg  | 1 K x 64(READ_FIRST)   | W |   | 1 K x 64(WRITE_FIRST)  |   | R | Port A and B     | 0      | 2      | 1,1             | 
|u_point_mem  | gen_point_banks[9].u_point_core/ram_reg  | 1 K x 64(READ_FIRST)   | W |   | 1 K x 64(WRITE_FIRST)  |   | R | Port A and B     | 0      | 2      | 1,1             | 
|u_point_mem  | gen_point_banks[10].u_point_core/ram_reg | 1 K x 64(READ_FIRST)   | W |   | 1 K x 64(WRITE_FIRST)  |   | R | Port A and B     | 0      | 2      | 1,1             | 
|u_point_mem  | gen_point_banks[11].u_point_core/ram_reg | 1 K x 64(READ_FIRST)   | W |   | 1 K x 64(WRITE_FIRST)  |   | R | Port A and B     | 0      | 2      | 1,1             | 
|u_point_mem  | gen_point_banks[12].u_point_core/ram_reg | 1 K x 64(READ_FIRST)   | W |   | 1 K x 64(WRITE_FIRST)  |   | R | Port A and B     | 0      | 2      | 1,1             | 
|u_point_mem  | gen_point_banks[13].u_point_core/ram_reg | 1 K x 64(READ_FIRST)   | W |   | 1 K x 64(WRITE_FIRST)  |   | R | Port A and B     | 0      | 2      | 1,1             | 
|u_point_mem  | gen_point_banks[14].u_point_core/ram_reg | 1 K x 64(READ_FIRST)   | W |   | 1 K x 64(WRITE_FIRST)  |   | R | Port A and B     | 0      | 2      | 1,1             | 
|u_point_mem  | gen_point_banks[15].u_point_core/ram_reg | 1 K x 64(READ_FIRST)   | W |   | 1 K x 64(WRITE_FIRST)  |   | R | Port A and B     | 0      | 2      | 1,1             | 
+-------------+------------------------------------------+------------------------+---+---+------------------------+---+---+------------------+--------+--------+-----------------+

Note: The table above is a preliminary report that shows the Block RAMs at the current stage of the synthesis flow. Some Block RAMs may be reimplemented as non Block RAM primitives later in the synthesis flow. Multiple instantiated Block RAMs are reported only once. 

Distributed RAM: Preliminary Mapping Report (see note below)
+----------------------+------------------------------------------+----------------+----------------------+----------------+
|Module Name           | RTL Object                               | Inference      | Size (Depth x Width) | Primitives     | 
+----------------------+------------------------------------------+----------------+----------------------+----------------+
|fsm_line_buffer__GBM3 | LB_GEN[4].lb_inst/line_reg               | User Attribute | 256 x 256            | RAM64M8 x 444  | 
|fsm_line_buffer__GBM3 | LB_GEN[3].lb_inst/line_reg               | User Attribute | 256 x 256            | RAM64M8 x 444  | 
|fsm_line_buffer__GBM3 | LB_GEN[2].lb_inst/line_reg               | User Attribute | 256 x 256            | RAM64M8 x 444  | 
|fsm_line_buffer__GBM3 | LB_GEN[1].lb_inst/line_reg               | User Attribute | 256 x 256            | RAM64M8 x 444  | 
|fsm_line_buffer__GBM3 | LB_GEN[0].lb_inst/line_reg               | User Attribute | 256 x 256            | RAM64M8 x 444  | 
|u_bias_mem            | gen_point_banks[0].u_point_core/ram_reg  | User Attribute | 64 x 16              | RAM64M8 x 3    | 
|u_bias_mem            | gen_point_banks[1].u_point_core/ram_reg  | User Attribute | 64 x 16              | RAM64M8 x 3    | 
|u_bias_mem            | gen_point_banks[2].u_point_core/ram_reg  | User Attribute | 64 x 16              | RAM64M8 x 3    | 
|u_bias_mem            | gen_point_banks[3].u_point_core/ram_reg  | User Attribute | 64 x 16              | RAM64M8 x 3    | 
|u_bias_mem            | gen_point_banks[4].u_point_core/ram_reg  | User Attribute | 64 x 16              | RAM64M8 x 3    | 
|u_bias_mem            | gen_point_banks[5].u_point_core/ram_reg  | User Attribute | 64 x 16              | RAM64M8 x 3    | 
|u_bias_mem            | gen_point_banks[6].u_point_core/ram_reg  | User Attribute | 64 x 16              | RAM64M8 x 3    | 
|u_bias_mem            | gen_point_banks[7].u_point_core/ram_reg  | User Attribute | 64 x 16              | RAM64M8 x 3    | 
|u_bias_mem            | gen_point_banks[8].u_point_core/ram_reg  | User Attribute | 64 x 16              | RAM64M8 x 3    | 
|u_bias_mem            | gen_point_banks[9].u_point_core/ram_reg  | User Attribute | 64 x 16              | RAM64M8 x 3    | 
|u_bias_mem            | gen_point_banks[10].u_point_core/ram_reg | User Attribute | 64 x 16              | RAM64M8 x 3    | 
|u_bias_mem            | gen_point_banks[11].u_point_core/ram_reg | User Attribute | 64 x 16              | RAM64M8 x 3    | 
|u_bias_mem            | gen_point_banks[12].u_point_core/ram_reg | User Attribute | 64 x 16              | RAM64M8 x 3    | 
|u_bias_mem            | gen_point_banks[13].u_point_core/ram_reg | User Attribute | 64 x 16              | RAM64M8 x 3    | 
|u_bias_mem            | gen_point_banks[14].u_point_core/ram_reg | User Attribute | 64 x 16              | RAM64M8 x 3    | 
|u_bias_mem            | gen_point_banks[15].u_point_core/ram_reg | User Attribute | 64 x 16              | RAM64M8 x 3    | 
+----------------------+------------------------------------------+----------------+----------------------+----------------+

Note: The table above is a preliminary report that shows the Distributed RAMs at the current stage of the synthesis flow. Some Distributed RAMs may be reimplemented as non Distributed RAM primitives later in the synthesis flow. Multiple instantiated RAMs are reported only once.

DSP: Preliminary Mapping Report (see note below. The ' indicates corresponding REG is set)
+------------+-------------+--------+--------+--------+--------+--------+------+------+------+------+-------+------+------+
|Module Name | DSP Mapping | A Size | B Size | C Size | D Size | P Size | AREG | BREG | CREG | DREG | ADREG | MREG | PREG | 
+------------+-------------+--------+--------+--------+--------+--------+------+------+------+------+-------+------+------+
|MAC_9DSP    | (A2*B2)'    | 16     | 16     | -      | -      | 32     | 1    | 1    | -    | -    | -     | 1    | 1    | 
|MAC_9DSP    | (A2*B2)'    | 16     | 16     | -      | -      | 32     | 1    | 1    | -    | -    | -     | 1    | 1    | 
|MAC_9DSP    | (A2*B2)'    | 16     | 16     | -      | -      | 32     | 1    | 1    | -    | -    | -     | 1    | 1    | 
|MAC_9DSP    | (A2*B2)'    | 16     | 16     | -      | -      | 32     | 1    | 1    | -    | -    | -     | 1    | 1    | 
|MAC_9DSP    | (A2*B2)'    | 16     | 16     | -      | -      | 32     | 1    | 1    | -    | -    | -     | 1    | 1    | 
|MAC_9DSP    | (A2*B2)'    | 16     | 16     | -      | -      | 32     | 1    | 1    | -    | -    | -     | 1    | 1    | 
|MAC_9DSP    | (A2*B2)'    | 16     | 16     | -      | -      | 32     | 1    | 1    | -    | -    | -     | 1    | 1    | 
|MAC_9DSP    | (A2*B2)'    | 16     | 16     | -      | -      | 32     | 1    | 1    | -    | -    | -     | 1    | 1    | 
|MAC_9DSP    | (A2*B2)'    | 16     | 16     | -      | -      | 32     | 1    | 1    | -    | -    | -     | 1    | 1    | 
|MAC_9DSP    | (A2*B2)'    | 16     | 16     | -      | -      | 32     | 1    | 1    | -    | -    | -     | 1    | 1    | 
|MAC_9DSP    | (A2*B2)'    | 16     | 16     | -      | -      | 32     | 1    | 1    | -    | -    | -     | 1    | 1    | 
|MAC_9DSP    | (A2*B2)'    | 16     | 16     | -      | -      | 32     | 1    | 1    | -    | -    | -     | 1    | 1    | 
|MAC_9DSP    | (A2*B2)'    | 16     | 16     | -      | -      | 32     | 1    | 1    | -    | -    | -     | 1    | 1    | 
|MAC_9DSP    | (A2*B2)'    | 16     | 16     | -      | -      | 32     | 1    | 1    | -    | -    | -     | 1    | 1    | 
|MAC_9DSP    | (A2*B2)'    | 16     | 16     | -      | -      | 32     | 1    | 1    | -    | -    | -     | 1    | 1    | 
|MAC_9DSP    | (A2*B2)'    | 16     | 16     | -      | -      | 32     | 1    | 1    | -    | -    | -     | 1    | 1    | 
|MAC_9DSP    | (A2*B2)'    | 16     | 16     | -      | -      | 32     | 1    | 1    | -    | -    | -     | 1    | 1    | 
|MAC_9DSP    | (A2*B2)'    | 16     | 16     | -      | -      | 32     | 1    | 1    | -    | -    | -     | 1    | 1    | 
|MAC_9DSP    | (A2*B2)'    | 16     | 16     | -      | -      | 32     | 1    | 1    | -    | -    | -     | 1    | 1    | 
|MAC_9DSP    | (A2*B2)'    | 16     | 16     | -      | -      | 32     | 1    | 1    | -    | -    | -     | 1    | 1    | 
|MAC_9DSP    | (A2*B2)'    | 16     | 16     | -      | -      | 32     | 1    | 1    | -    | -    | -     | 1    | 1    | 
|MAC_9DSP    | (A2*B2)'    | 16     | 16     | -      | -      | 32     | 1    | 1    | -    | -    | -     | 1    | 1    | 
|MAC_9DSP    | (A2*B2)'    | 16     | 16     | -      | -      | 32     | 1    | 1    | -    | -    | -     | 1    | 1    | 
|MAC_9DSP    | (A2*B2)'    | 16     | 16     | -      | -      | 32     | 1    | 1    | -    | -    | -     | 1    | 1    | 
|MAC_9DSP    | (A2*B2)'    | 16     | 16     | -      | -      | 32     | 1    | 1    | -    | -    | -     | 1    | 1    | 
|MAC_9DSP    | (A2*B2)'    | 16     | 16     | -      | -      | 32     | 1    | 1    | -    | -    | -     | 1    | 1    | 
|MAC_9DSP    | (A2*B2)'    | 16     | 16     | -      | -      | 32     | 1    | 1    | -    | -    | -     | 1    | 1    | 
|MAC_9DSP    | (A2*B2)'    | 16     | 16     | -      | -      | 32     | 1    | 1    | -    | -    | -     | 1    | 1    | 
|MAC_9DSP    | (A2*B2)'    | 16     | 16     | -      | -      | 32     | 1    | 1    | -    | -    | -     | 1    | 1    | 
|MAC_9DSP    | (A2*B2)'    | 16     | 16     | -      | -      | 32     | 1    | 1    | -    | -    | -     | 1    | 1    | 
|MAC_9DSP    | (A2*B2)'    | 16     | 16     | -      | -      | 32     | 1    | 1    | -    | -    | -     | 1    | 1    | 
|MAC_9DSP    | (A2*B2)'    | 16     | 16     | -      | -      | 32     | 1    | 1    | -    | -    | -     | 1    | 1    | 
|MAC_9DSP    | (A2*B2)'    | 16     | 16     | -      | -      | 32     | 1    | 1    | -    | -    | -     | 1    | 1    | 
|MAC_9DSP    | (A2*B2)'    | 16     | 16     | -      | -      | 32     | 1    | 1    | -    | -    | -     | 1    | 1    | 
|MAC_9DSP    | (A2*B2)'    | 16     | 16     | -      | -      | 32     | 1    | 1    | -    | -    | -     | 1    | 1    | 
|MAC_9DSP    | (A2*B2)'    | 16     | 16     | -      | -      | 32     | 1    | 1    | -    | -    | -     | 1    | 1    | 
|MAC_9DSP    | (A2*B2)'    | 16     | 16     | -      | -      | 32     | 1    | 1    | -    | -    | -     | 1    | 1    | 
|MAC_9DSP    | (A2*B2)'    | 16     | 16     | -      | -      | 32     | 1    | 1    | -    | -    | -     | 1    | 1    | 
|MAC_9DSP    | (A2*B2)'    | 16     | 16     | -      | -      | 32     | 1    | 1    | -    | -    | -     | 1    | 1    | 
|MAC_9DSP    | (A2*B2)'    | 16     | 16     | -      | -      | 32     | 1    | 1    | -    | -    | -     | 1    | 1    | 
|MAC_9DSP    | (A2*B2)'    | 16     | 16     | -      | -      | 32     | 1    | 1    | -    | -    | -     | 1    | 1    | 
|MAC_9DSP    | (A2*B2)'    | 16     | 16     | -      | -      | 32     | 1    | 1    | -    | -    | -     | 1    | 1    | 
|MAC_9DSP    | (A2*B2)'    | 16     | 16     | -      | -      | 32     | 1    | 1    | -    | -    | -     | 1    | 1    | 
|MAC_9DSP    | (A2*B2)'    | 16     | 16     | -      | -      | 32     | 1    | 1    | -    | -    | -     | 1    | 1    | 
|MAC_9DSP    | (A2*B2)'    | 16     | 16     | -      | -      | 32     | 1    | 1    | -    | -    | -     | 1    | 1    | 
|pw_mac      | (A2*B2)'    | 16     | 16     | -      | -      | 32     | 1    | 1    | -    | -    | -     | 1    | 1    | 
|pw_mac      | (A2*B2)'    | 16     | 16     | -      | -      | 32     | 1    | 1    | -    | -    | -     | 1    | 1    | 
|pw_mac      | (A2*B2)'    | 16     | 16     | -      | -      | 32     | 1    | 1    | -    | -    | -     | 1    | 1    | 
|pw_mac      | (A2*B2)'    | 16     | 16     | -      | -      | 32     | 1    | 1    | -    | -    | -     | 1    | 1    | 
|pw_mac      | (A2*B2)'    | 16     | 16     | -      | -      | 32     | 1    | 1    | -    | -    | -     | 1    | 1    | 
|pw_mac      | (A2*B2)'    | 16     | 16     | -      | -      | 32     | 1    | 1    | -    | -    | -     | 1    | 1    | 
|pw_mac      | (A2*B2)'    | 16     | 16     | -      | -      | 32     | 1    | 1    | -    | -    | -     | 1    | 1    | 
|pw_mac      | (A2*B2)'    | 16     | 16     | -      | -      | 32     | 1    | 1    | -    | -    | -     | 1    | 1    | 
|pw_mac      | (A2*B2)'    | 16     | 16     | -      | -      | 32     | 1    | 1    | -    | -    | -     | 1    | 1    | 
|pw_mac      | (A2*B2)'    | 16     | 16     | -      | -      | 32     | 1    | 1    | -    | -    | -     | 1    | 1    | 
|pw_mac      | (A2*B2)'    | 16     | 16     | -      | -      | 32     | 1    | 1    | -    | -    | -     | 1    | 1    | 
|pw_mac      | (A2*B2)'    | 16     | 16     | -      | -      | 32     | 1    | 1    | -    | -    | -     | 1    | 1    | 
|pw_mac      | (A2*B2)'    | 16     | 16     | -      | -      | 32     | 1    | 1    | -    | -    | -     | 1    | 1    | 
|pw_mac      | (A2*B2)'    | 16     | 16     | -      | -      | 32     | 1    | 1    | -    | -    | -     | 1    | 1    | 
|pw_mac      | (A2*B2)'    | 16     | 16     | -      | -      | 32     | 1    | 1    | -    | -    | -     | 1    | 1    | 
|pw_mac      | (A2*B2)'    | 16     | 16     | -      | -      | 32     | 1    | 1    | -    | -    | -     | 1    | 1    | 
|pw_mac      | (A2*B2)'    | 16     | 16     | -      | -      | 32     | 1    | 1    | -    | -    | -     | 1    | 1    | 
|pw_mac      | (A2*B2)'    | 16     | 16     | -      | -      | 32     | 1    | 1    | -    | -    | -     | 1    | 1    | 
|pw_mac      | (A2*B2)'    | 16     | 16     | -      | -      | 32     | 1    | 1    | -    | -    | -     | 1    | 1    | 
|pw_mac      | (A2*B2)'    | 16     | 16     | -      | -      | 32     | 1    | 1    | -    | -    | -     | 1    | 1    | 
|pw_mac      | (A2*B2)'    | 16     | 16     | -      | -      | 32     | 1    | 1    | -    | -    | -     | 1    | 1    | 
|pw_mac      | (A2*B2)'    | 16     | 16     | -      | -      | 32     | 1    | 1    | -    | -    | -     | 1    | 1    | 
|pw_mac      | (A2*B2)'    | 16     | 16     | -      | -      | 32     | 1    | 1    | -    | -    | -     | 1    | 1    | 
|pw_mac      | (A2*B2)'    | 16     | 16     | -      | -      | 32     | 1    | 1    | -    | -    | -     | 1    | 1    | 
|pw_mac      | (A2*B2)'    | 16     | 16     | -      | -      | 32     | 1    | 1    | -    | -    | -     | 1    | 1    | 
|pw_mac      | (A2*B2)'    | 16     | 16     | -      | -      | 32     | 1    | 1    | -    | -    | -     | 1    | 1    | 
|pw_mac      | (A2*B2)'    | 16     | 16     | -      | -      | 32     | 1    | 1    | -    | -    | -     | 1    | 1    | 
|pw_mac      | (A2*B2)'    | 16     | 16     | -      | -      | 32     | 1    | 1    | -    | -    | -     | 1    | 1    | 
|pw_mac      | (A2*B2)'    | 16     | 16     | -      | -      | 32     | 1    | 1    | -    | -    | -     | 1    | 1    | 
|pw_mac      | (A2*B2)'    | 16     | 16     | -      | -      | 32     | 1    | 1    | -    | -    | -     | 1    | 1    | 
|pw_mac      | (A2*B2)'    | 16     | 16     | -      | -      | 32     | 1    | 1    | -    | -    | -     | 1    | 1    | 
|pw_mac      | (A2*B2)'    | 16     | 16     | -      | -      | 32     | 1    | 1    | -    | -    | -     | 1    | 1    | 
|pw_mac      | (A2*B2)'    | 16     | 16     | -      | -      | 32     | 1    | 1    | -    | -    | -     | 1    | 1    | 
|pw_mac      | (A2*B2)'    | 16     | 16     | -      | -      | 32     | 1    | 1    | -    | -    | -     | 1    | 1    | 
|pw_mac      | (A2*B2)'    | 16     | 16     | -      | -      | 32     | 1    | 1    | -    | -    | -     | 1    | 1    | 
|pw_mac      | (A2*B2)'    | 16     | 16     | -      | -      | 32     | 1    | 1    | -    | -    | -     | 1    | 1    | 
|pw_mac      | (A2*B2)'    | 16     | 16     | -      | -      | 32     | 1    | 1    | -    | -    | -     | 1    | 1    | 
|pw_mac      | (A2*B2)'    | 16     | 16     | -      | -      | 32     | 1    | 1    | -    | -    | -     | 1    | 1    | 
|pw_mac      | (A2*B2)'    | 16     | 16     | -      | -      | 32     | 1    | 1    | -    | -    | -     | 1    | 1    | 
|pw_mac      | (A2*B2)'    | 16     | 16     | -      | -      | 32     | 1    | 1    | -    | -    | -     | 1    | 1    | 
|pw_mac      | (A2*B2)'    | 16     | 16     | -      | -      | 32     | 1    | 1    | -    | -    | -     | 1    | 1    | 
|pw_mac      | (A2*B2)'    | 16     | 16     | -      | -      | 32     | 1    | 1    | -    | -    | -     | 1    | 1    | 
|pw_mac      | (A2*B2)'    | 16     | 16     | -      | -      | 32     | 1    | 1    | -    | -    | -     | 1    | 1    | 
|pw_mac      | (A2*B2)'    | 16     | 16     | -      | -      | 32     | 1    | 1    | -    | -    | -     | 1    | 1    | 
|pw_mac      | (A2*B2)'    | 16     | 16     | -      | -      | 32     | 1    | 1    | -    | -    | -     | 1    | 1    | 
|pw_mac      | (A2*B2)'    | 16     | 16     | -      | -      | 32     | 1    | 1    | -    | -    | -     | 1    | 1    | 
|pw_mac      | (A2*B2)'    | 16     | 16     | -      | -      | 32     | 1    | 1    | -    | -    | -     | 1    | 1    | 
|pw_mac      | (A2*B2)'    | 16     | 16     | -      | -      | 32     | 1    | 1    | -    | -    | -     | 1    | 1    | 
|pw_mac      | (A2*B2)'    | 16     | 16     | -      | -      | 32     | 1    | 1    | -    | -    | -     | 1    | 1    | 
|pw_mac      | (A2*B2)'    | 16     | 16     | -      | -      | 32     | 1    | 1    | -    | -    | -     | 1    | 1    | 
|pw_mac      | (A2*B2)'    | 16     | 16     | -      | -      | 32     | 1    | 1    | -    | -    | -     | 1    | 1    | 
|pw_mac      | (A2*B2)'    | 16     | 16     | -      | -      | 32     | 1    | 1    | -    | -    | -     | 1    | 1    | 
|pw_mac      | (A2*B2)'    | 16     | 16     | -      | -      | 32     | 1    | 1    | -    | -    | -     | 1    | 1    | 
|pw_mac      | (A2*B2)'    | 16     | 16     | -      | -      | 32     | 1    | 1    | -    | -    | -     | 1    | 1    | 
|pw_mac      | (A2*B2)'    | 16     | 16     | -      | -      | 32     | 1    | 1    | -    | -    | -     | 1    | 1    | 
|pw_mac      | (A2*B2)'    | 16     | 16     | -      | -      | 32     | 1    | 1    | -    | -    | -     | 1    | 1    | 
|pw_mac      | (A2*B2)'    | 16     | 16     | -      | -      | 32     | 1    | 1    | -    | -    | -     | 1    | 1    | 
|pw_mac      | (A2*B2)'    | 16     | 16     | -      | -      | 32     | 1    | 1    | -    | -    | -     | 1    | 1    | 
|pw_mac      | (A2*B2)'    | 16     | 16     | -      | -      | 32     | 1    | 1    | -    | -    | -     | 1    | 1    | 
|pw_mac      | (A2*B2)'    | 16     | 16     | -      | -      | 32     | 1    | 1    | -    | -    | -     | 1    | 1    | 
|pw_mac      | (A2*B2)'    | 16     | 16     | -      | -      | 32     | 1    | 1    | -    | -    | -     | 1    | 1    | 
|pw_mac      | (A2*B2)'    | 16     | 16     | -      | -      | 32     | 1    | 1    | -    | -    | -     | 1    | 1    | 
|pw_mac      | (A2*B2)'    | 16     | 16     | -      | -      | 32     | 1    | 1    | -    | -    | -     | 1    | 1    | 
|pw_mac      | (A2*B2)'    | 16     | 16     | -      | -      | 32     | 1    | 1    | -    | -    | -     | 1    | 1    | 
|pw_mac      | (A2*B2)'    | 16     | 16     | -      | -      | 32     | 1    | 1    | -    | -    | -     | 1    | 1    | 
|pw_mac      | (A2*B2)'    | 16     | 16     | -      | -      | 32     | 1    | 1    | -    | -    | -     | 1    | 1    | 
|pw_mac      | (A2*B2)'    | 16     | 16     | -      | -      | 32     | 1    | 1    | -    | -    | -     | 1    | 1    | 
|pw_mac      | (A2*B2)'    | 16     | 16     | -      | -      | 32     | 1    | 1    | -    | -    | -     | 1    | 1    | 
|pw_mac      | (A2*B2)'    | 16     | 16     | -      | -      | 32     | 1    | 1    | -    | -    | -     | 1    | 1    | 
|pw_mac      | (A2*B2)'    | 16     | 16     | -      | -      | 32     | 1    | 1    | -    | -    | -     | 1    | 1    | 
|pw_mac      | (A2*B2)'    | 16     | 16     | -      | -      | 32     | 1    | 1    | -    | -    | -     | 1    | 1    | 
|pw_mac      | (A2*B2)'    | 16     | 16     | -      | -      | 32     | 1    | 1    | -    | -    | -     | 1    | 1    | 
|pw_mac      | (A2*B2)'    | 16     | 16     | -      | -      | 32     | 1    | 1    | -    | -    | -     | 1    | 1    | 
|pw_mac      | (A2*B2)'    | 16     | 16     | -      | -      | 32     | 1    | 1    | -    | -    | -     | 1    | 1    | 
|pw_mac      | (A2*B2)'    | 16     | 16     | -      | -      | 32     | 1    | 1    | -    | -    | -     | 1    | 1    | 
|pw_mac      | (A2*B2)'    | 16     | 16     | -      | -      | 32     | 1    | 1    | -    | -    | -     | 1    | 1    | 
|pw_mac      | (A2*B2)'    | 16     | 16     | -      | -      | 32     | 1    | 1    | -    | -    | -     | 1    | 1    | 
|pw_mac      | (A2*B2)'    | 16     | 16     | -      | -      | 32     | 1    | 1    | -    | -    | -     | 1    | 1    | 
|pw_mac      | (A2*B2)'    | 16     | 16     | -      | -      | 32     | 1    | 1    | -    | -    | -     | 1    | 1    | 
|pw_mac      | (A2*B2)'    | 16     | 16     | -      | -      | 32     | 1    | 1    | -    | -    | -     | 1    | 1    | 
|pw_mac      | (A2*B2)'    | 16     | 16     | -      | -      | 32     | 1    | 1    | -    | -    | -     | 1    | 1    | 
|pw_mac      | (A2*B2)'    | 16     | 16     | -      | -      | 32     | 1    | 1    | -    | -    | -     | 1    | 1    | 
|pw_mac      | (A2*B2)'    | 16     | 16     | -      | -      | 32     | 1    | 1    | -    | -    | -     | 1    | 1    | 
|pw_mac      | (A2*B2)'    | 16     | 16     | -      | -      | 32     | 1    | 1    | -    | -    | -     | 1    | 1    | 
|pw_mac      | (A2*B2)'    | 16     | 16     | -      | -      | 32     | 1    | 1    | -    | -    | -     | 1    | 1    | 
|pw_mac      | (A2*B2)'    | 16     | 16     | -      | -      | 32     | 1    | 1    | -    | -    | -     | 1    | 1    | 
|pw_mac      | (A2*B2)'    | 16     | 16     | -      | -      | 32     | 1    | 1    | -    | -    | -     | 1    | 1    | 
|pw_mac      | (A2*B2)'    | 16     | 16     | -      | -      | 32     | 1    | 1    | -    | -    | -     | 1    | 1    | 
|pw_mac      | (A2*B2)'    | 16     | 16     | -      | -      | 32     | 1    | 1    | -    | -    | -     | 1    | 1    | 
|pw_mac      | (A2*B2)'    | 16     | 16     | -      | -      | 32     | 1    | 1    | -    | -    | -     | 1    | 1    | 
|pw_mac      | (A2*B2)'    | 16     | 16     | -      | -      | 32     | 1    | 1    | -    | -    | -     | 1    | 1    | 
|pw_mac      | (A2*B2)'    | 16     | 16     | -      | -      | 32     | 1    | 1    | -    | -    | -     | 1    | 1    | 
|pw_mac      | (A2*B2)'    | 16     | 16     | -      | -      | 32     | 1    | 1    | -    | -    | -     | 1    | 1    | 
|pw_mac      | (A2*B2)'    | 16     | 16     | -      | -      | 32     | 1    | 1    | -    | -    | -     | 1    | 1    | 
|pw_mac      | (A2*B2)'    | 16     | 16     | -      | -      | 32     | 1    | 1    | -    | -    | -     | 1    | 1    | 
|pw_mac      | (A2*B2)'    | 16     | 16     | -      | -      | 32     | 1    | 1    | -    | -    | -     | 1    | 1    | 
|pw_mac      | (A2*B2)'    | 16     | 16     | -      | -      | 32     | 1    | 1    | -    | -    | -     | 1    | 1    | 
|pw_mac      | (A2*B2)'    | 16     | 16     | -      | -      | 32     | 1    | 1    | -    | -    | -     | 1    | 1    | 
|pw_mac      | (A2*B2)'    | 16     | 16     | -      | -      | 32     | 1    | 1    | -    | -    | -     | 1    | 1    | 
|pw_mac      | (A2*B2)'    | 16     | 16     | -      | -      | 32     | 1    | 1    | -    | -    | -     | 1    | 1    | 
|pw_mac      | (A2*B2)'    | 16     | 16     | -      | -      | 32     | 1    | 1    | -    | -    | -     | 1    | 1    | 
|pw_mac      | (A2*B2)'    | 16     | 16     | -      | -      | 32     | 1    | 1    | -    | -    | -     | 1    | 1    | 
|pw_mac      | (A2*B2)'    | 16     | 16     | -      | -      | 32     | 1    | 1    | -    | -    | -     | 1    | 1    | 
|pw_mac      | (A2*B2)'    | 16     | 16     | -      | -      | 32     | 1    | 1    | -    | -    | -     | 1    | 1    | 
|pw_mac      | (A2*B2)'    | 16     | 16     | -      | -      | 32     | 1    | 1    | -    | -    | -     | 1    | 1    | 
|pw_mac      | (A2*B2)'    | 16     | 16     | -      | -      | 32     | 1    | 1    | -    | -    | -     | 1    | 1    | 
|pw_mac      | (A2*B2)'    | 16     | 16     | -      | -      | 32     | 1    | 1    | -    | -    | -     | 1    | 1    | 
|pw_mac      | (A2*B2)'    | 16     | 16     | -      | -      | 32     | 1    | 1    | -    | -    | -     | 1    | 1    | 
|pw_mac      | (A2*B2)'    | 16     | 16     | -      | -      | 32     | 1    | 1    | -    | -    | -     | 1    | 1    | 
|pw_mac      | (A2*B2)'    | 16     | 16     | -      | -      | 32     | 1    | 1    | -    | -    | -     | 1    | 1    | 
|pw_mac      | (A2*B2)'    | 16     | 16     | -      | -      | 32     | 1    | 1    | -    | -    | -     | 1    | 1    | 
|pw_mac      | (A2*B2)'    | 16     | 16     | -      | -      | 32     | 1    | 1    | -    | -    | -     | 1    | 1    | 
|pw_mac      | (A2*B2)'    | 16     | 16     | -      | -      | 32     | 1    | 1    | -    | -    | -     | 1    | 1    | 
|pw_mac      | (A2*B2)'    | 16     | 16     | -      | -      | 32     | 1    | 1    | -    | -    | -     | 1    | 1    | 
|pw_mac      | (A2*B2)'    | 16     | 16     | -      | -      | 32     | 1    | 1    | -    | -    | -     | 1    | 1    | 
|pw_mac      | (A2*B2)'    | 16     | 16     | -      | -      | 32     | 1    | 1    | -    | -    | -     | 1    | 1    | 
|pw_mac      | (A2*B2)'    | 16     | 16     | -      | -      | 32     | 1    | 1    | -    | -    | -     | 1    | 1    | 
|pw_mac      | (A2*B2)'    | 16     | 16     | -      | -      | 32     | 1    | 1    | -    | -    | -     | 1    | 1    | 
|pw_mac      | (A2*B2)'    | 16     | 16     | -      | -      | 32     | 1    | 1    | -    | -    | -     | 1    | 1    | 
|pw_mac      | (A2*B2)'    | 16     | 16     | -      | -      | 32     | 1    | 1    | -    | -    | -     | 1    | 1    | 
|pw_mac      | (A2*B2)'    | 16     | 16     | -      | -      | 32     | 1    | 1    | -    | -    | -     | 1    | 1    | 
|pw_mac      | (A2*B2)'    | 16     | 16     | -      | -      | 32     | 1    | 1    | -    | -    | -     | 1    | 1    | 
|pw_mac      | (A2*B2)'    | 16     | 16     | -      | -      | 32     | 1    | 1    | -    | -    | -     | 1    | 1    | 
|pw_mac      | (A2*B2)'    | 16     | 16     | -      | -      | 32     | 1    | 1    | -    | -    | -     | 1    | 1    | 
|pw_mac      | (A2*B2)'    | 16     | 16     | -      | -      | 32     | 1    | 1    | -    | -    | -     | 1    | 1    | 
|pw_mac      | (A2*B2)'    | 16     | 16     | -      | -      | 32     | 1    | 1    | -    | -    | -     | 1    | 1    | 
|pw_mac      | (A2*B2)'    | 16     | 16     | -      | -      | 32     | 1    | 1    | -    | -    | -     | 1    | 1    | 
|pw_mac      | (A2*B2)'    | 16     | 16     | -      | -      | 32     | 1    | 1    | -    | -    | -     | 1    | 1    | 
|pw_mac      | (A2*B2)'    | 16     | 16     | -      | -      | 32     | 1    | 1    | -    | -    | -     | 1    | 1    | 
|pw_mac      | (A2*B2)'    | 16     | 16     | -      | -      | 32     | 1    | 1    | -    | -    | -     | 1    | 1    | 
|pw_mac      | (A2*B2)'    | 16     | 16     | -      | -      | 32     | 1    | 1    | -    | -    | -     | 1    | 1    | 
|pw_mac      | (A2*B2)'    | 16     | 16     | -      | -      | 32     | 1    | 1    | -    | -    | -     | 1    | 1    | 
|pw_mac      | (A2*B2)'    | 16     | 16     | -      | -      | 32     | 1    | 1    | -    | -    | -     | 1    | 1    | 
|pw_mac      | (A2*B2)'    | 16     | 16     | -      | -      | 32     | 1    | 1    | -    | -    | -     | 1    | 1    | 
|pw_mac      | (A2*B2)'    | 16     | 16     | -      | -      | 32     | 1    | 1    | -    | -    | -     | 1    | 1    | 
|pw_mac      | (A2*B2)'    | 16     | 16     | -      | -      | 32     | 1    | 1    | -    | -    | -     | 1    | 1    | 
|pw_mac      | (A2*B2)'    | 16     | 16     | -      | -      | 32     | 1    | 1    | -    | -    | -     | 1    | 1    | 
|pw_mac      | (A2*B2)'    | 16     | 16     | -      | -      | 32     | 1    | 1    | -    | -    | -     | 1    | 1    | 
|pw_mac      | (A2*B2)'    | 16     | 16     | -      | -      | 32     | 1    | 1    | -    | -    | -     | 1    | 1    | 
|pw_mac      | (A2*B2)'    | 16     | 16     | -      | -      | 32     | 1    | 1    | -    | -    | -     | 1    | 1    | 
|pw_mac      | (A2*B2)'    | 16     | 16     | -      | -      | 32     | 1    | 1    | -    | -    | -     | 1    | 1    | 
|pw_mac      | (A2*B2)'    | 16     | 16     | -      | -      | 32     | 1    | 1    | -    | -    | -     | 1    | 1    | 
|pw_mac      | (A2*B2)'    | 16     | 16     | -      | -      | 32     | 1    | 1    | -    | -    | -     | 1    | 1    | 
|pw_mac      | (A2*B2)'    | 16     | 16     | -      | -      | 32     | 1    | 1    | -    | -    | -     | 1    | 1    | 
|pw_mac      | (A2*B2)'    | 16     | 16     | -      | -      | 32     | 1    | 1    | -    | -    | -     | 1    | 1    | 
|pw_mac      | (A2*B2)'    | 16     | 16     | -      | -      | 32     | 1    | 1    | -    | -    | -     | 1    | 1    | 
|pw_mac      | (A2*B2)'    | 16     | 16     | -      | -      | 32     | 1    | 1    | -    | -    | -     | 1    | 1    | 
|pw_mac      | (A2*B2)'    | 16     | 16     | -      | -      | 32     | 1    | 1    | -    | -    | -     | 1    | 1    | 
|pw_mac      | (A2*B2)'    | 16     | 16     | -      | -      | 32     | 1    | 1    | -    | -    | -     | 1    | 1    | 
|pw_mac      | (A2*B2)'    | 16     | 16     | -      | -      | 32     | 1    | 1    | -    | -    | -     | 1    | 1    | 
|pw_mac      | (A2*B2)'    | 16     | 16     | -      | -      | 32     | 1    | 1    | -    | -    | -     | 1    | 1    | 
|pw_mac      | (A2*B2)'    | 16     | 16     | -      | -      | 32     | 1    | 1    | -    | -    | -     | 1    | 1    | 
|pw_mac      | (A2*B2)'    | 16     | 16     | -      | -      | 32     | 1    | 1    | -    | -    | -     | 1    | 1    | 
|pw_mac      | (A2*B2)'    | 16     | 16     | -      | -      | 32     | 1    | 1    | -    | -    | -     | 1    | 1    | 
|pw_mac      | (A2*B2)'    | 16     | 16     | -      | -      | 32     | 1    | 1    | -    | -    | -     | 1    | 1    | 
|pw_mac      | (A2*B2)'    | 16     | 16     | -      | -      | 32     | 1    | 1    | -    | -    | -     | 1    | 1    | 
|pw_mac      | (A2*B2)'    | 16     | 16     | -      | -      | 32     | 1    | 1    | -    | -    | -     | 1    | 1    | 
|pw_mac      | (A2*B2)'    | 16     | 16     | -      | -      | 32     | 1    | 1    | -    | -    | -     | 1    | 1    | 
|pw_mac      | (A2*B2)'    | 16     | 16     | -      | -      | 32     | 1    | 1    | -    | -    | -     | 1    | 1    | 
|pw_mac      | (A2*B2)'    | 16     | 16     | -      | -      | 32     | 1    | 1    | -    | -    | -     | 1    | 1    | 
|pw_mac      | (A2*B2)'    | 16     | 16     | -      | -      | 32     | 1    | 1    | -    | -    | -     | 1    | 1    | 
|pw_mac      | (A2*B2)'    | 16     | 16     | -      | -      | 32     | 1    | 1    | -    | -    | -     | 1    | 1    | 
|pw_mac      | (A2*B2)'    | 16     | 16     | -      | -      | 32     | 1    | 1    | -    | -    | -     | 1    | 1    | 
|pw_mac      | (A2*B2)'    | 16     | 16     | -      | -      | 32     | 1    | 1    | -    | -    | -     | 1    | 1    | 
|pw_mac      | (A2*B2)'    | 16     | 16     | -      | -      | 32     | 1    | 1    | -    | -    | -     | 1    | 1    | 
|pw_mac      | (A2*B2)'    | 16     | 16     | -      | -      | 32     | 1    | 1    | -    | -    | -     | 1    | 1    | 
|pw_mac      | (A2*B2)'    | 16     | 16     | -      | -      | 32     | 1    | 1    | -    | -    | -     | 1    | 1    | 
|pw_mac      | (A2*B2)'    | 16     | 16     | -      | -      | 32     | 1    | 1    | -    | -    | -     | 1    | 1    | 
|pw_mac      | (A2*B2)'    | 16     | 16     | -      | -      | 32     | 1    | 1    | -    | -    | -     | 1    | 1    | 
|pw_mac      | (A2*B2)'    | 16     | 16     | -      | -      | 32     | 1    | 1    | -    | -    | -     | 1    | 1    | 
|pw_mac      | (A2*B2)'    | 16     | 16     | -      | -      | 32     | 1    | 1    | -    | -    | -     | 1    | 1    | 
|pw_mac      | (A2*B2)'    | 16     | 16     | -      | -      | 32     | 1    | 1    | -    | -    | -     | 1    | 1    | 
|pw_mac      | (A2*B2)'    | 16     | 16     | -      | -      | 32     | 1    | 1    | -    | -    | -     | 1    | 1    | 
|pw_mac      | (A2*B2)'    | 16     | 16     | -      | -      | 32     | 1    | 1    | -    | -    | -     | 1    | 1    | 
|pw_mac      | (A2*B2)'    | 16     | 16     | -      | -      | 32     | 1    | 1    | -    | -    | -     | 1    | 1    | 
|pw_mac      | (A2*B2)'    | 16     | 16     | -      | -      | 32     | 1    | 1    | -    | -    | -     | 1    | 1    | 
|pw_mac      | (A2*B2)'    | 16     | 16     | -      | -      | 32     | 1    | 1    | -    | -    | -     | 1    | 1    | 
|pw_mac      | (A2*B2)'    | 16     | 16     | -      | -      | 32     | 1    | 1    | -    | -    | -     | 1    | 1    | 
|pw_mac      | (A2*B2)'    | 16     | 16     | -      | -      | 32     | 1    | 1    | -    | -    | -     | 1    | 1    | 
|pw_mac      | (A2*B2)'    | 16     | 16     | -      | -      | 32     | 1    | 1    | -    | -    | -     | 1    | 1    | 
|pw_mac      | (A2*B2)'    | 16     | 16     | -      | -      | 32     | 1    | 1    | -    | -    | -     | 1    | 1    | 
|pw_mac      | (A2*B2)'    | 16     | 16     | -      | -      | 32     | 1    | 1    | -    | -    | -     | 1    | 1    | 
|pw_mac      | (A2*B2)'    | 16     | 16     | -      | -      | 32     | 1    | 1    | -    | -    | -     | 1    | 1    | 
|pw_mac      | (A2*B2)'    | 16     | 16     | -      | -      | 32     | 1    | 1    | -    | -    | -     | 1    | 1    | 
|pw_mac      | (A2*B2)'    | 16     | 16     | -      | -      | 32     | 1    | 1    | -    | -    | -     | 1    | 1    | 
|pw_mac      | (A2*B2)'    | 16     | 16     | -      | -      | 32     | 1    | 1    | -    | -    | -     | 1    | 1    | 
|pw_mac      | (A2*B2)'    | 16     | 16     | -      | -      | 32     | 1    | 1    | -    | -    | -     | 1    | 1    | 
|pw_mac      | (A2*B2)'    | 16     | 16     | -      | -      | 32     | 1    | 1    | -    | -    | -     | 1    | 1    | 
|MAC_9DSP    | (A2*B2)'    | 16     | 16     | -      | -      | 32     | 1    | 1    | -    | -    | -     | 1    | 1    | 
|MAC_9DSP    | (A2*B2)'    | 16     | 16     | -      | -      | 32     | 1    | 1    | -    | -    | -     | 1    | 1    | 
|MAC_9DSP    | (A2*B2)'    | 16     | 16     | -      | -      | 32     | 1    | 1    | -    | -    | -     | 1    | 1    | 
|MAC_9DSP    | (A2*B2)'    | 16     | 16     | -      | -      | 32     | 1    | 1    | -    | -    | -     | 1    | 1    | 
|MAC_9DSP    | (A2*B2)'    | 16     | 16     | -      | -      | 32     | 1    | 1    | -    | -    | -     | 1    | 1    | 
|MAC_9DSP    | (A2*B2)'    | 16     | 16     | -      | -      | 32     | 1    | 1    | -    | -    | -     | 1    | 1    | 
|MAC_9DSP    | (A2*B2)'    | 16     | 16     | -      | -      | 32     | 1    | 1    | -    | -    | -     | 1    | 1    | 
|MAC_9DSP    | (A2*B2)'    | 16     | 16     | -      | -      | 32     | 1    | 1    | -    | -    | -     | 1    | 1    | 
|MAC_9DSP    | (A2*B2)'    | 16     | 16     | -      | -      | 32     | 1    | 1    | -    | -    | -     | 1    | 1    | 
|MAC_9DSP    | (A2*B2)'    | 16     | 16     | -      | -      | 32     | 1    | 1    | -    | -    | -     | 1    | 1    | 
|MAC_9DSP    | (A2*B2)'    | 16     | 16     | -      | -      | 32     | 1    | 1    | -    | -    | -     | 1    | 1    | 
|MAC_9DSP    | (A2*B2)'    | 16     | 16     | -      | -      | 32     | 1    | 1    | -    | -    | -     | 1    | 1    | 
|MAC_9DSP    | (A2*B2)'    | 16     | 16     | -      | -      | 32     | 1    | 1    | -    | -    | -     | 1    | 1    | 
|MAC_9DSP    | (A2*B2)'    | 16     | 16     | -      | -      | 32     | 1    | 1    | -    | -    | -     | 1    | 1    | 
|MAC_9DSP    | (A2*B2)'    | 16     | 16     | -      | -      | 32     | 1    | 1    | -    | -    | -     | 1    | 1    | 
|MAC_9DSP    | (A2*B2)'    | 16     | 16     | -      | -      | 32     | 1    | 1    | -    | -    | -     | 1    | 1    | 
|MAC_9DSP    | (A2*B2)'    | 16     | 16     | -      | -      | 32     | 1    | 1    | -    | -    | -     | 1    | 1    | 
|MAC_9DSP    | (A2*B2)'    | 16     | 16     | -      | -      | 32     | 1    | 1    | -    | -    | -     | 1    | 1    | 
|MAC_9DSP    | (A2*B2)'    | 16     | 16     | -      | -      | 32     | 1    | 1    | -    | -    | -     | 1    | 1    | 
|MAC_9DSP    | (A2*B2)'    | 16     | 16     | -      | -      | 32     | 1    | 1    | -    | -    | -     | 1    | 1    | 
|MAC_9DSP    | (A2*B2)'    | 16     | 16     | -      | -      | 32     | 1    | 1    | -    | -    | -     | 1    | 1    | 
|MAC_9DSP    | (A2*B2)'    | 16     | 16     | -      | -      | 32     | 1    | 1    | -    | -    | -     | 1    | 1    | 
|MAC_9DSP    | (A2*B2)'    | 16     | 16     | -      | -      | 32     | 1    | 1    | -    | -    | -     | 1    | 1    | 
|MAC_9DSP    | (A2*B2)'    | 16     | 16     | -      | -      | 32     | 1    | 1    | -    | -    | -     | 1    | 1    | 
|MAC_9DSP    | (A2*B2)'    | 16     | 16     | -      | -      | 32     | 1    | 1    | -    | -    | -     | 1    | 1    | 
|MAC_9DSP    | (A2*B2)'    | 16     | 16     | -      | -      | 32     | 1    | 1    | -    | -    | -     | 1    | 1    | 
|MAC_9DSP    | (A2*B2)'    | 16     | 16     | -      | -      | 32     | 1    | 1    | -    | -    | -     | 1    | 1    | 
|MAC_9DSP    | (A2*B2)'    | 16     | 16     | -      | -      | 32     | 1    | 1    | -    | -    | -     | 1    | 1    | 
|MAC_9DSP    | (A2*B2)'    | 16     | 16     | -      | -      | 32     | 1    | 1    | -    | -    | -     | 1    | 1    | 
|MAC_9DSP    | (A2*B2)'    | 16     | 16     | -      | -      | 32     | 1    | 1    | -    | -    | -     | 1    | 1    | 
|MAC_9DSP    | (A2*B2)'    | 16     | 16     | -      | -      | 32     | 1    | 1    | -    | -    | -     | 1    | 1    | 
|MAC_9DSP    | (A2*B2)'    | 16     | 16     | -      | -      | 32     | 1    | 1    | -    | -    | -     | 1    | 1    | 
|MAC_9DSP    | (A2*B2)'    | 16     | 16     | -      | -      | 32     | 1    | 1    | -    | -    | -     | 1    | 1    | 
|MAC_9DSP    | (A2*B2)'    | 16     | 16     | -      | -      | 32     | 1    | 1    | -    | -    | -     | 1    | 1    | 
|MAC_9DSP    | (A2*B2)'    | 16     | 16     | -      | -      | 32     | 1    | 1    | -    | -    | -     | 1    | 1    | 
|MAC_9DSP    | (A2*B2)'    | 16     | 16     | -      | -      | 32     | 1    | 1    | -    | -    | -     | 1    | 1    | 
|MAC_9DSP    | (A2*B2)'    | 16     | 16     | -      | -      | 32     | 1    | 1    | -    | -    | -     | 1    | 1    | 
|MAC_9DSP    | (A2*B2)'    | 16     | 16     | -      | -      | 32     | 1    | 1    | -    | -    | -     | 1    | 1    | 
|MAC_9DSP    | (A2*B2)'    | 16     | 16     | -      | -      | 32     | 1    | 1    | -    | -    | -     | 1    | 1    | 
|MAC_9DSP    | (A2*B2)'    | 16     | 16     | -      | -      | 32     | 1    | 1    | -    | -    | -     | 1    | 1    | 
|MAC_9DSP    | (A2*B2)'    | 16     | 16     | -      | -      | 32     | 1    | 1    | -    | -    | -     | 1    | 1    | 
|MAC_9DSP    | (A2*B2)'    | 16     | 16     | -      | -      | 32     | 1    | 1    | -    | -    | -     | 1    | 1    | 
|MAC_9DSP    | (A2*B2)'    | 16     | 16     | -      | -      | 32     | 1    | 1    | -    | -    | -     | 1    | 1    | 
|MAC_9DSP    | (A2*B2)'    | 16     | 16     | -      | -      | 32     | 1    | 1    | -    | -    | -     | 1    | 1    | 
|MAC_9DSP    | (A2*B2)'    | 16     | 16     | -      | -      | 32     | 1    | 1    | -    | -    | -     | 1    | 1    | 
|MAC_9DSP    | (A2*B2)'    | 16     | 16     | -      | -      | 32     | 1    | 1    | -    | -    | -     | 1    | 1    | 
|MAC_9DSP    | (A2*B2)'    | 16     | 16     | -      | -      | 32     | 1    | 1    | -    | -    | -     | 1    | 1    | 
|MAC_9DSP    | (A2*B2)'    | 16     | 16     | -      | -      | 32     | 1    | 1    | -    | -    | -     | 1    | 1    | 
|MAC_9DSP    | (A2*B2)'    | 16     | 16     | -      | -      | 32     | 1    | 1    | -    | -    | -     | 1    | 1    | 
|MAC_9DSP    | (A2*B2)'    | 16     | 16     | -      | -      | 32     | 1    | 1    | -    | -    | -     | 1    | 1    | 
|MAC_9DSP    | (A2*B2)'    | 16     | 16     | -      | -      | 32     | 1    | 1    | -    | -    | -     | 1    | 1    | 
|MAC_9DSP    | (A2*B2)'    | 16     | 16     | -      | -      | 32     | 1    | 1    | -    | -    | -     | 1    | 1    | 
|MAC_9DSP    | (A2*B2)'    | 16     | 16     | -      | -      | 32     | 1    | 1    | -    | -    | -     | 1    | 1    | 
|MAC_9DSP    | (A2*B2)'    | 16     | 16     | -      | -      | 32     | 1    | 1    | -    | -    | -     | 1    | 1    | 
|MAC_9DSP    | (A2*B2)'    | 16     | 16     | -      | -      | 32     | 1    | 1    | -    | -    | -     | 1    | 1    | 
|MAC_9DSP    | (A2*B2)'    | 16     | 16     | -      | -      | 32     | 1    | 1    | -    | -    | -     | 1    | 1    | 
|MAC_9DSP    | (A2*B2)'    | 16     | 16     | -      | -      | 32     | 1    | 1    | -    | -    | -     | 1    | 1    | 
|MAC_9DSP    | (A2*B2)'    | 16     | 16     | -      | -      | 32     | 1    | 1    | -    | -    | -     | 1    | 1    | 
|MAC_9DSP    | (A2*B2)'    | 16     | 16     | -      | -      | 32     | 1    | 1    | -    | -    | -     | 1    | 1    | 
|MAC_9DSP    | (A2*B2)'    | 16     | 16     | -      | -      | 32     | 1    | 1    | -    | -    | -     | 1    | 1    | 
|MAC_9DSP    | (A2*B2)'    | 16     | 16     | -      | -      | 32     | 1    | 1    | -    | -    | -     | 1    | 1    | 
|MAC_9DSP    | (A2*B2)'    | 16     | 16     | -      | -      | 32     | 1    | 1    | -    | -    | -     | 1    | 1    | 
|MAC_9DSP    | (A2*B2)'    | 16     | 16     | -      | -      | 32     | 1    | 1    | -    | -    | -     | 1    | 1    | 
|MAC_9DSP    | (A2*B2)'    | 16     | 16     | -      | -      | 32     | 1    | 1    | -    | -    | -     | 1    | 1    | 
|MAC_9DSP    | (A2*B2)'    | 16     | 16     | -      | -      | 32     | 1    | 1    | -    | -    | -     | 1    | 1    | 
|MAC_9DSP    | (A2*B2)'    | 16     | 16     | -      | -      | 32     | 1    | 1    | -    | -    | -     | 1    | 1    | 
|MAC_9DSP    | (A2*B2)'    | 16     | 16     | -      | -      | 32     | 1    | 1    | -    | -    | -     | 1    | 1    | 
|MAC_9DSP    | (A2*B2)'    | 16     | 16     | -      | -      | 32     | 1    | 1    | -    | -    | -     | 1    | 1    | 
|MAC_9DSP    | (A2*B2)'    | 16     | 16     | -      | -      | 32     | 1    | 1    | -    | -    | -     | 1    | 1    | 
|MAC_9DSP    | (A2*B2)'    | 16     | 16     | -      | -      | 32     | 1    | 1    | -    | -    | -     | 1    | 1    | 
|MAC_9DSP    | (A2*B2)'    | 16     | 16     | -      | -      | 32     | 1    | 1    | -    | -    | -     | 1    | 1    | 
|MAC_9DSP    | (A2*B2)'    | 16     | 16     | -      | -      | 32     | 1    | 1    | -    | -    | -     | 1    | 1    | 
|MAC_9DSP    | (A2*B2)'    | 16     | 16     | -      | -      | 32     | 1    | 1    | -    | -    | -     | 1    | 1    | 
|MAC_9DSP    | (A2*B2)'    | 16     | 16     | -      | -      | 32     | 1    | 1    | -    | -    | -     | 1    | 1    | 
|MAC_9DSP    | (A2*B2)'    | 16     | 16     | -      | -      | 32     | 1    | 1    | -    | -    | -     | 1    | 1    | 
|MAC_9DSP    | (A2*B2)'    | 16     | 16     | -      | -      | 32     | 1    | 1    | -    | -    | -     | 1    | 1    | 
|MAC_9DSP    | (A2*B2)'    | 16     | 16     | -      | -      | 32     | 1    | 1    | -    | -    | -     | 1    | 1    | 
|MAC_9DSP    | (A2*B2)'    | 16     | 16     | -      | -      | 32     | 1    | 1    | -    | -    | -     | 1    | 1    | 
|MAC_9DSP    | (A2*B2)'    | 16     | 16     | -      | -      | 32     | 1    | 1    | -    | -    | -     | 1    | 1    | 
|MAC_9DSP    | (A2*B2)'    | 16     | 16     | -      | -      | 32     | 1    | 1    | -    | -    | -     | 1    | 1    | 
|MAC_9DSP    | (A2*B2)'    | 16     | 16     | -      | -      | 32     | 1    | 1    | -    | -    | -     | 1    | 1    | 
|MAC_9DSP    | (A2*B2)'    | 16     | 16     | -      | -      | 32     | 1    | 1    | -    | -    | -     | 1    | 1    | 
|MAC_9DSP    | (A2*B2)'    | 16     | 16     | -      | -      | 32     | 1    | 1    | -    | -    | -     | 1    | 1    | 
|MAC_9DSP    | (A2*B2)'    | 16     | 16     | -      | -      | 32     | 1    | 1    | -    | -    | -     | 1    | 1    | 
|MAC_9DSP    | (A2*B2)'    | 16     | 16     | -      | -      | 32     | 1    | 1    | -    | -    | -     | 1    | 1    | 
|MAC_9DSP    | (A2*B2)'    | 16     | 16     | -      | -      | 32     | 1    | 1    | -    | -    | -     | 1    | 1    | 
|MAC_9DSP    | (A2*B2)'    | 16     | 16     | -      | -      | 32     | 1    | 1    | -    | -    | -     | 1    | 1    | 
|MAC_9DSP    | (A2*B2)'    | 16     | 16     | -      | -      | 32     | 1    | 1    | -    | -    | -     | 1    | 1    | 
|MAC_9DSP    | (A2*B2)'    | 16     | 16     | -      | -      | 32     | 1    | 1    | -    | -    | -     | 1    | 1    | 
|MAC_9DSP    | (A2*B2)'    | 16     | 16     | -      | -      | 32     | 1    | 1    | -    | -    | -     | 1    | 1    | 
|MAC_9DSP    | (A2*B2)'    | 16     | 16     | -      | -      | 32     | 1    | 1    | -    | -    | -     | 1    | 1    | 
|MAC_9DSP    | (A2*B2)'    | 16     | 16     | -      | -      | 32     | 1    | 1    | -    | -    | -     | 1    | 1    | 
|MAC_9DSP    | (A2*B2)'    | 16     | 16     | -      | -      | 32     | 1    | 1    | -    | -    | -     | 1    | 1    | 
|MAC_9DSP    | (A2*B2)'    | 16     | 16     | -      | -      | 32     | 1    | 1    | -    | -    | -     | 1    | 1    | 
|MAC_9DSP    | (A2*B2)'    | 16     | 16     | -      | -      | 32     | 1    | 1    | -    | -    | -     | 1    | 1    | 
|MAC_9DSP    | (A2*B2)'    | 16     | 16     | -      | -      | 32     | 1    | 1    | -    | -    | -     | 1    | 1    | 
|MAC_9DSP    | (A2*B2)'    | 16     | 16     | -      | -      | 32     | 1    | 1    | -    | -    | -     | 1    | 1    | 
|MAC_9DSP    | (A2*B2)'    | 16     | 16     | -      | -      | 32     | 1    | 1    | -    | -    | -     | 1    | 1    | 
|MAC_9DSP    | (A2*B2)'    | 16     | 16     | -      | -      | 32     | 1    | 1    | -    | -    | -     | 1    | 1    | 
|pw_mac      | (A2*B2)'    | 16     | 16     | -      | -      | 32     | 1    | 1    | -    | -    | -     | 1    | 1    | 
|pw_mac      | (A2*B2)'    | 16     | 16     | -      | -      | 32     | 1    | 1    | -    | -    | -     | 1    | 1    | 
|pw_mac      | (A2*B2)'    | 16     | 16     | -      | -      | 32     | 1    | 1    | -    | -    | -     | 1    | 1    | 
|pw_mac      | (A2*B2)'    | 16     | 16     | -      | -      | 32     | 1    | 1    | -    | -    | -     | 1    | 1    | 
|pw_mac      | (A2*B2)'    | 16     | 16     | -      | -      | 32     | 1    | 1    | -    | -    | -     | 1    | 1    | 
|pw_mac      | (A2*B2)'    | 16     | 16     | -      | -      | 32     | 1    | 1    | -    | -    | -     | 1    | 1    | 
|pw_mac      | (A2*B2)'    | 16     | 16     | -      | -      | 32     | 1    | 1    | -    | -    | -     | 1    | 1    | 
|pw_mac      | (A2*B2)'    | 16     | 16     | -      | -      | 32     | 1    | 1    | -    | -    | -     | 1    | 1    | 
|pw_mac      | (A2*B2)'    | 16     | 16     | -      | -      | 32     | 1    | 1    | -    | -    | -     | 1    | 1    | 
|pw_mac      | (A2*B2)'    | 16     | 16     | -      | -      | 32     | 1    | 1    | -    | -    | -     | 1    | 1    | 
|pw_mac      | (A2*B2)'    | 16     | 16     | -      | -      | 32     | 1    | 1    | -    | -    | -     | 1    | 1    | 
|pw_mac      | (A2*B2)'    | 16     | 16     | -      | -      | 32     | 1    | 1    | -    | -    | -     | 1    | 1    | 
|pw_mac      | (A2*B2)'    | 16     | 16     | -      | -      | 32     | 1    | 1    | -    | -    | -     | 1    | 1    | 
|pw_mac      | (A2*B2)'    | 16     | 16     | -      | -      | 32     | 1    | 1    | -    | -    | -     | 1    | 1    | 
|pw_mac      | (A2*B2)'    | 16     | 16     | -      | -      | 32     | 1    | 1    | -    | -    | -     | 1    | 1    | 
|pw_mac      | (A2*B2)'    | 16     | 16     | -      | -      | 32     | 1    | 1    | -    | -    | -     | 1    | 1    | 
|pw_mac      | (A2*B2)'    | 16     | 16     | -      | -      | 32     | 1    | 1    | -    | -    | -     | 1    | 1    | 
|pw_mac      | (A2*B2)'    | 16     | 16     | -      | -      | 32     | 1    | 1    | -    | -    | -     | 1    | 1    | 
|pw_mac      | (A2*B2)'    | 16     | 16     | -      | -      | 32     | 1    | 1    | -    | -    | -     | 1    | 1    | 
|pw_mac      | (A2*B2)'    | 16     | 16     | -      | -      | 32     | 1    | 1    | -    | -    | -     | 1    | 1    | 
|pw_mac      | (A2*B2)'    | 16     | 16     | -      | -      | 32     | 1    | 1    | -    | -    | -     | 1    | 1    | 
|pw_mac      | (A2*B2)'    | 16     | 16     | -      | -      | 32     | 1    | 1    | -    | -    | -     | 1    | 1    | 
|pw_mac      | (A2*B2)'    | 16     | 16     | -      | -      | 32     | 1    | 1    | -    | -    | -     | 1    | 1    | 
|pw_mac      | (A2*B2)'    | 16     | 16     | -      | -      | 32     | 1    | 1    | -    | -    | -     | 1    | 1    | 
|pw_mac      | (A2*B2)'    | 16     | 16     | -      | -      | 32     | 1    | 1    | -    | -    | -     | 1    | 1    | 
|pw_mac      | (A2*B2)'    | 16     | 16     | -      | -      | 32     | 1    | 1    | -    | -    | -     | 1    | 1    | 
|pw_mac      | (A2*B2)'    | 16     | 16     | -      | -      | 32     | 1    | 1    | -    | -    | -     | 1    | 1    | 
|pw_mac      | (A2*B2)'    | 16     | 16     | -      | -      | 32     | 1    | 1    | -    | -    | -     | 1    | 1    | 
|pw_mac      | (A2*B2)'    | 16     | 16     | -      | -      | 32     | 1    | 1    | -    | -    | -     | 1    | 1    | 
|pw_mac      | (A2*B2)'    | 16     | 16     | -      | -      | 32     | 1    | 1    | -    | -    | -     | 1    | 1    | 
|pw_mac      | (A2*B2)'    | 16     | 16     | -      | -      | 32     | 1    | 1    | -    | -    | -     | 1    | 1    | 
|pw_mac      | (A2*B2)'    | 16     | 16     | -      | -      | 32     | 1    | 1    | -    | -    | -     | 1    | 1    | 
|pw_mac      | (A2*B2)'    | 16     | 16     | -      | -      | 32     | 1    | 1    | -    | -    | -     | 1    | 1    | 
|pw_mac      | (A2*B2)'    | 16     | 16     | -      | -      | 32     | 1    | 1    | -    | -    | -     | 1    | 1    | 
|pw_mac      | (A2*B2)'    | 16     | 16     | -      | -      | 32     | 1    | 1    | -    | -    | -     | 1    | 1    | 
|pw_mac      | (A2*B2)'    | 16     | 16     | -      | -      | 32     | 1    | 1    | -    | -    | -     | 1    | 1    | 
|pw_mac      | (A2*B2)'    | 16     | 16     | -      | -      | 32     | 1    | 1    | -    | -    | -     | 1    | 1    | 
|pw_mac      | (A2*B2)'    | 16     | 16     | -      | -      | 32     | 1    | 1    | -    | -    | -     | 1    | 1    | 
|pw_mac      | (A2*B2)'    | 16     | 16     | -      | -      | 32     | 1    | 1    | -    | -    | -     | 1    | 1    | 
|pw_mac      | (A2*B2)'    | 16     | 16     | -      | -      | 32     | 1    | 1    | -    | -    | -     | 1    | 1    | 
|pw_mac      | (A2*B2)'    | 16     | 16     | -      | -      | 32     | 1    | 1    | -    | -    | -     | 1    | 1    | 
|pw_mac      | (A2*B2)'    | 16     | 16     | -      | -      | 32     | 1    | 1    | -    | -    | -     | 1    | 1    | 
|pw_mac      | (A2*B2)'    | 16     | 16     | -      | -      | 32     | 1    | 1    | -    | -    | -     | 1    | 1    | 
|pw_mac      | (A2*B2)'    | 16     | 16     | -      | -      | 32     | 1    | 1    | -    | -    | -     | 1    | 1    | 
|pw_mac      | (A2*B2)'    | 16     | 16     | -      | -      | 32     | 1    | 1    | -    | -    | -     | 1    | 1    | 
|pw_mac      | (A2*B2)'    | 16     | 16     | -      | -      | 32     | 1    | 1    | -    | -    | -     | 1    | 1    | 
|pw_mac      | (A2*B2)'    | 16     | 16     | -      | -      | 32     | 1    | 1    | -    | -    | -     | 1    | 1    | 
|pw_mac      | (A2*B2)'    | 16     | 16     | -      | -      | 32     | 1    | 1    | -    | -    | -     | 1    | 1    | 
|pw_mac      | (A2*B2)'    | 16     | 16     | -      | -      | 32     | 1    | 1    | -    | -    | -     | 1    | 1    | 
|pw_mac      | (A2*B2)'    | 16     | 16     | -      | -      | 32     | 1    | 1    | -    | -    | -     | 1    | 1    | 
|pw_mac      | (A2*B2)'    | 16     | 16     | -      | -      | 32     | 1    | 1    | -    | -    | -     | 1    | 1    | 
|pw_mac      | (A2*B2)'    | 16     | 16     | -      | -      | 32     | 1    | 1    | -    | -    | -     | 1    | 1    | 
|pw_mac      | (A2*B2)'    | 16     | 16     | -      | -      | 32     | 1    | 1    | -    | -    | -     | 1    | 1    | 
|pw_mac      | (A2*B2)'    | 16     | 16     | -      | -      | 32     | 1    | 1    | -    | -    | -     | 1    | 1    | 
|pw_mac      | (A2*B2)'    | 16     | 16     | -      | -      | 32     | 1    | 1    | -    | -    | -     | 1    | 1    | 
|pw_mac      | (A2*B2)'    | 16     | 16     | -      | -      | 32     | 1    | 1    | -    | -    | -     | 1    | 1    | 
|pw_mac      | (A2*B2)'    | 16     | 16     | -      | -      | 32     | 1    | 1    | -    | -    | -     | 1    | 1    | 
|pw_mac      | (A2*B2)'    | 16     | 16     | -      | -      | 32     | 1    | 1    | -    | -    | -     | 1    | 1    | 
|pw_mac      | (A2*B2)'    | 16     | 16     | -      | -      | 32     | 1    | 1    | -    | -    | -     | 1    | 1    | 
|pw_mac      | (A2*B2)'    | 16     | 16     | -      | -      | 32     | 1    | 1    | -    | -    | -     | 1    | 1    | 
|pw_mac      | (A2*B2)'    | 16     | 16     | -      | -      | 32     | 1    | 1    | -    | -    | -     | 1    | 1    | 
|pw_mac      | (A2*B2)'    | 16     | 16     | -      | -      | 32     | 1    | 1    | -    | -    | -     | 1    | 1    | 
|pw_mac      | (A2*B2)'    | 16     | 16     | -      | -      | 32     | 1    | 1    | -    | -    | -     | 1    | 1    | 
|pw_mac      | (A2*B2)'    | 16     | 16     | -      | -      | 32     | 1    | 1    | -    | -    | -     | 1    | 1    | 
|pw_mac      | (A2*B2)'    | 16     | 16     | -      | -      | 32     | 1    | 1    | -    | -    | -     | 1    | 1    | 
|pw_mac      | (A2*B2)'    | 16     | 16     | -      | -      | 32     | 1    | 1    | -    | -    | -     | 1    | 1    | 
|pw_mac      | (A2*B2)'    | 16     | 16     | -      | -      | 32     | 1    | 1    | -    | -    | -     | 1    | 1    | 
|pw_mac      | (A2*B2)'    | 16     | 16     | -      | -      | 32     | 1    | 1    | -    | -    | -     | 1    | 1    | 
+------------+-------------+--------+--------+--------+--------+--------+------+------+------+------+-------+------+------+

Note: The table above is a preliminary report that shows the DSPs inferred at the current stage of the synthesis flow. Some DSP may be reimplemented as non DSP primitives later in the synthesis flow. Multiple instantiated DSPs are reported only once.
---------------------------------------------------------------------------------
Finished ROM, RAM, DSP, Shift Register and Retiming Reporting
---------------------------------------------------------------------------------
---------------------------------------------------------------------------------
Start Applying XDC Timing Constraints
---------------------------------------------------------------------------------
---------------------------------------------------------------------------------
Finished Applying XDC Timing Constraints : Time (s): cpu = 00:02:28 ; elapsed = 00:02:45 . Memory (MB): peak = 2919.727 ; gain = 1371.543
---------------------------------------------------------------------------------
---------------------------------------------------------------------------------
Start Timing Optimization
---------------------------------------------------------------------------------
INFO: [Synth 8-5556] The block RAM "i_0/u_point_mem/gen_point_banks[0].u_point_core/ram_reg" may be mapped as a cascade chain, because it is not timing critical.
INFO: [Synth 8-7030] Implemented Non-Cascaded Block Ram (cascade_height = 1) of width 36 for RAM "i_0/u_point_mem/gen_point_banks[0].u_point_core/ram_reg"
INFO: [Synth 8-7030] Implemented Non-Cascaded Block Ram (cascade_height = 1) of width 28 for RAM "i_0/u_point_mem/gen_point_banks[0].u_point_core/ram_reg"
INFO: [Synth 8-5556] The block RAM "i_0/u_point_mem/gen_point_banks[1].u_point_core/ram_reg" may be mapped as a cascade chain, because it is not timing critical.
INFO: [Synth 8-7030] Implemented Non-Cascaded Block Ram (cascade_height = 1) of width 36 for RAM "i_0/u_point_mem/gen_point_banks[1].u_point_core/ram_reg"
INFO: [Synth 8-7030] Implemented Non-Cascaded Block Ram (cascade_height = 1) of width 28 for RAM "i_0/u_point_mem/gen_point_banks[1].u_point_core/ram_reg"
INFO: [Synth 8-5556] The block RAM "i_0/u_point_mem/gen_point_banks[2].u_point_core/ram_reg" may be mapped as a cascade chain, because it is not timing critical.
INFO: [Synth 8-7030] Implemented Non-Cascaded Block Ram (cascade_height = 1) of width 36 for RAM "i_0/u_point_mem/gen_point_banks[2].u_point_core/ram_reg"
INFO: [Synth 8-7030] Implemented Non-Cascaded Block Ram (cascade_height = 1) of width 28 for RAM "i_0/u_point_mem/gen_point_banks[2].u_point_core/ram_reg"
INFO: [Synth 8-5556] The block RAM "i_0/u_point_mem/gen_point_banks[3].u_point_core/ram_reg" may be mapped as a cascade chain, because it is not timing critical.
INFO: [Synth 8-7030] Implemented Non-Cascaded Block Ram (cascade_height = 1) of width 36 for RAM "i_0/u_point_mem/gen_point_banks[3].u_point_core/ram_reg"
INFO: [Synth 8-7030] Implemented Non-Cascaded Block Ram (cascade_height = 1) of width 28 for RAM "i_0/u_point_mem/gen_point_banks[3].u_point_core/ram_reg"
INFO: [Synth 8-5556] The block RAM "i_0/u_point_mem/gen_point_banks[4].u_point_core/ram_reg" may be mapped as a cascade chain, because it is not timing critical.
INFO: [Synth 8-7030] Implemented Non-Cascaded Block Ram (cascade_height = 1) of width 36 for RAM "i_0/u_point_mem/gen_point_banks[4].u_point_core/ram_reg"
INFO: [Synth 8-7030] Implemented Non-Cascaded Block Ram (cascade_height = 1) of width 28 for RAM "i_0/u_point_mem/gen_point_banks[4].u_point_core/ram_reg"
INFO: [Synth 8-5556] The block RAM "i_0/u_point_mem/gen_point_banks[5].u_point_core/ram_reg" may be mapped as a cascade chain, because it is not timing critical.
INFO: [Synth 8-7030] Implemented Non-Cascaded Block Ram (cascade_height = 1) of width 36 for RAM "i_0/u_point_mem/gen_point_banks[5].u_point_core/ram_reg"
INFO: [Synth 8-7030] Implemented Non-Cascaded Block Ram (cascade_height = 1) of width 28 for RAM "i_0/u_point_mem/gen_point_banks[5].u_point_core/ram_reg"
INFO: [Synth 8-5556] The block RAM "i_0/u_point_mem/gen_point_banks[6].u_point_core/ram_reg" may be mapped as a cascade chain, because it is not timing critical.
INFO: [Synth 8-7030] Implemented Non-Cascaded Block Ram (cascade_height = 1) of width 36 for RAM "i_0/u_point_mem/gen_point_banks[6].u_point_core/ram_reg"
INFO: [Synth 8-7030] Implemented Non-Cascaded Block Ram (cascade_height = 1) of width 28 for RAM "i_0/u_point_mem/gen_point_banks[6].u_point_core/ram_reg"
INFO: [Synth 8-5556] The block RAM "i_0/u_point_mem/gen_point_banks[7].u_point_core/ram_reg" may be mapped as a cascade chain, because it is not timing critical.
INFO: [Synth 8-7030] Implemented Non-Cascaded Block Ram (cascade_height = 1) of width 36 for RAM "i_0/u_point_mem/gen_point_banks[7].u_point_core/ram_reg"
INFO: [Synth 8-7030] Implemented Non-Cascaded Block Ram (cascade_height = 1) of width 28 for RAM "i_0/u_point_mem/gen_point_banks[7].u_point_core/ram_reg"
INFO: [Synth 8-5556] The block RAM "i_0/u_point_mem/gen_point_banks[8].u_point_core/ram_reg" may be mapped as a cascade chain, because it is not timing critical.
INFO: [Synth 8-7030] Implemented Non-Cascaded Block Ram (cascade_height = 1) of width 36 for RAM "i_0/u_point_mem/gen_point_banks[8].u_point_core/ram_reg"
INFO: [Synth 8-7030] Implemented Non-Cascaded Block Ram (cascade_height = 1) of width 28 for RAM "i_0/u_point_mem/gen_point_banks[8].u_point_core/ram_reg"
INFO: [Synth 8-5556] The block RAM "i_0/u_point_mem/gen_point_banks[9].u_point_core/ram_reg" may be mapped as a cascade chain, because it is not timing critical.
INFO: [Synth 8-7030] Implemented Non-Cascaded Block Ram (cascade_height = 1) of width 36 for RAM "i_0/u_point_mem/gen_point_banks[9].u_point_core/ram_reg"
INFO: [Synth 8-7030] Implemented Non-Cascaded Block Ram (cascade_height = 1) of width 28 for RAM "i_0/u_point_mem/gen_point_banks[9].u_point_core/ram_reg"
INFO: [Synth 8-5556] The block RAM "i_0/u_point_mem/gen_point_banks[10].u_point_core/ram_reg" may be mapped as a cascade chain, because it is not timing critical.
INFO: [Synth 8-7030] Implemented Non-Cascaded Block Ram (cascade_height = 1) of width 36 for RAM "i_0/u_point_mem/gen_point_banks[10].u_point_core/ram_reg"
INFO: [Synth 8-7030] Implemented Non-Cascaded Block Ram (cascade_height = 1) of width 28 for RAM "i_0/u_point_mem/gen_point_banks[10].u_point_core/ram_reg"
INFO: [Synth 8-5556] The block RAM "i_0/u_point_mem/gen_point_banks[11].u_point_core/ram_reg" may be mapped as a cascade chain, because it is not timing critical.
INFO: [Synth 8-7030] Implemented Non-Cascaded Block Ram (cascade_height = 1) of width 36 for RAM "i_0/u_point_mem/gen_point_banks[11].u_point_core/ram_reg"
INFO: [Synth 8-7030] Implemented Non-Cascaded Block Ram (cascade_height = 1) of width 28 for RAM "i_0/u_point_mem/gen_point_banks[11].u_point_core/ram_reg"
INFO: [Synth 8-5556] The block RAM "i_0/u_point_mem/gen_point_banks[12].u_point_core/ram_reg" may be mapped as a cascade chain, because it is not timing critical.
INFO: [Synth 8-7030] Implemented Non-Cascaded Block Ram (cascade_height = 1) of width 36 for RAM "i_0/u_point_mem/gen_point_banks[12].u_point_core/ram_reg"
INFO: [Synth 8-7030] Implemented Non-Cascaded Block Ram (cascade_height = 1) of width 28 for RAM "i_0/u_point_mem/gen_point_banks[12].u_point_core/ram_reg"
INFO: [Synth 8-5556] The block RAM "i_0/u_point_mem/gen_point_banks[13].u_point_core/ram_reg" may be mapped as a cascade chain, because it is not timing critical.
INFO: [Synth 8-7030] Implemented Non-Cascaded Block Ram (cascade_height = 1) of width 36 for RAM "i_0/u_point_mem/gen_point_banks[13].u_point_core/ram_reg"
INFO: [Synth 8-7030] Implemented Non-Cascaded Block Ram (cascade_height = 1) of width 28 for RAM "i_0/u_point_mem/gen_point_banks[13].u_point_core/ram_reg"
INFO: [Synth 8-5556] The block RAM "i_0/u_point_mem/gen_point_banks[14].u_point_core/ram_reg" may be mapped as a cascade chain, because it is not timing critical.
INFO: [Synth 8-7030] Implemented Non-Cascaded Block Ram (cascade_height = 1) of width 36 for RAM "i_0/u_point_mem/gen_point_banks[14].u_point_core/ram_reg"
INFO: [Synth 8-7030] Implemented Non-Cascaded Block Ram (cascade_height = 1) of width 28 for RAM "i_0/u_point_mem/gen_point_banks[14].u_point_core/ram_reg"
INFO: [Synth 8-5556] The block RAM "i_0/u_point_mem/gen_point_banks[15].u_point_core/ram_reg" may be mapped as a cascade chain, because it is not timing critical.
INFO: [Synth 8-7030] Implemented Non-Cascaded Block Ram (cascade_height = 1) of width 36 for RAM "i_0/u_point_mem/gen_point_banks[15].u_point_core/ram_reg"
INFO: [Synth 8-7030] Implemented Non-Cascaded Block Ram (cascade_height = 1) of width 28 for RAM "i_0/u_point_mem/gen_point_banks[15].u_point_core/ram_reg"
INFO: [Synth 8-5556] The block RAM "u_pw_unit/i_0/u_psum_fifo0/mem_reg" may be mapped as a cascade chain, because it is not timing critical.
INFO: [Synth 8-5555] Implemented Block Ram Cascade chain of height 4 and width 36 for RAM "u_pw_unit/i_0/u_psum_fifo0/mem_reg"
INFO: [Synth 8-5555] Implemented Block Ram Cascade chain of height 4 and width 36 for RAM "u_pw_unit/i_0/u_psum_fifo0/mem_reg"
INFO: [Synth 8-5555] Implemented Block Ram Cascade chain of height 4 and width 36 for RAM "u_pw_unit/i_0/u_psum_fifo0/mem_reg"
INFO: [Synth 8-5555] Implemented Block Ram Cascade chain of height 4 and width 36 for RAM "u_pw_unit/i_0/u_psum_fifo0/mem_reg"
INFO: [Synth 8-5555] Implemented Block Ram Cascade chain of height 4 and width 36 for RAM "u_pw_unit/i_0/u_psum_fifo0/mem_reg"
INFO: [Synth 8-5555] Implemented Block Ram Cascade chain of height 4 and width 36 for RAM "u_pw_unit/i_0/u_psum_fifo0/mem_reg"
INFO: [Synth 8-5555] Implemented Block Ram Cascade chain of height 4 and width 36 for RAM "u_pw_unit/i_0/u_psum_fifo0/mem_reg"
INFO: [Synth 8-7030] Implemented Non-Cascaded Block Ram (cascade_height = 1) of width 4 for RAM "u_pw_unit/i_0/u_psum_fifo0/mem_reg"
INFO: [Synth 8-5556] The block RAM "u_pw_unit/i_0/u_psum_fifo1/mem_reg" may be mapped as a cascade chain, because it is not timing critical.
INFO: [Synth 8-5555] Implemented Block Ram Cascade chain of height 4 and width 36 for RAM "u_pw_unit/i_0/u_psum_fifo1/mem_reg"
INFO: [Synth 8-5555] Implemented Block Ram Cascade chain of height 4 and width 36 for RAM "u_pw_unit/i_0/u_psum_fifo1/mem_reg"
INFO: [Synth 8-5555] Implemented Block Ram Cascade chain of height 4 and width 36 for RAM "u_pw_unit/i_0/u_psum_fifo1/mem_reg"
INFO: [Synth 8-5555] Implemented Block Ram Cascade chain of height 4 and width 36 for RAM "u_pw_unit/i_0/u_psum_fifo1/mem_reg"
INFO: [Synth 8-5555] Implemented Block Ram Cascade chain of height 4 and width 36 for RAM "u_pw_unit/i_0/u_psum_fifo1/mem_reg"
INFO: [Synth 8-5555] Implemented Block Ram Cascade chain of height 4 and width 36 for RAM "u_pw_unit/i_0/u_psum_fifo1/mem_reg"
INFO: [Synth 8-5555] Implemented Block Ram Cascade chain of height 4 and width 36 for RAM "u_pw_unit/i_0/u_psum_fifo1/mem_reg"
INFO: [Synth 8-7030] Implemented Non-Cascaded Block Ram (cascade_height = 1) of width 4 for RAM "u_pw_unit/i_0/u_psum_fifo1/mem_reg"
---------------------------------------------------------------------------------
Finished Timing Optimization : Time (s): cpu = 00:03:04 ; elapsed = 00:03:23 . Memory (MB): peak = 3208.539 ; gain = 1660.355
---------------------------------------------------------------------------------
---------------------------------------------------------------------------------
Start ROM, RAM, DSP, Shift Register and Retiming Reporting
---------------------------------------------------------------------------------

Ultra RAM: Final Mapping Report (see note below)
+------------+---------------------------------------+------------------------+---+---+------------------------+---+---+------------------+---------+--------------+--------------------------+-------------+
|Module Name | RTL Object                            | PORT A (Depth x Width) | W | R | PORT B (Depth x Width) | W | R | Ports driving FF | URAM288 | Matrix Shape | FF provided for Pipeline | FF absorbed | 
+------------+---------------------------------------+------------------------+---+---+------------------------+---+---+------------------+---------+--------------+--------------------------+-------------+
|top__GCB0   | u_img_mem/bank0_reg                   | 4 K x 64               |   | R | 4 K x 64               | W |   | Port A and B     | 1       | 1x1          | 2                        | 2           | 
|top__GCB0   | u_img_mem/bank1_reg                   | 4 K x 64               |   | R | 4 K x 64               | W |   | Port A and B     | 1       | 1x1          | 2                        | 2           | 
|top__GCB0   | u_img_mem/bank2_reg                   | 4 K x 64               |   | R | 4 K x 64               | W |   | Port A and B     | 1       | 1x1          | 2                        | 2           | 
|top__GCB0   | u_img_mem/bank3_reg                   | 4 K x 64               |   | R | 4 K x 64               | W |   | Port A and B     | 1       | 1x1          | 2                        | 2           | 
|top__GCB0   | u_img_mem/bank4_reg                   | 4 K x 64               |   | R | 4 K x 64               | W |   | Port A and B     | 1       | 1x1          | 2                        | 2           | 
|top__GCB0   | u_img_mem/bank5_reg                   | 4 K x 64               |   | R | 4 K x 64               | W |   | Port A and B     | 1       | 1x1          | 2                        | 2           | 
|top__GCB0   | mem_0/bank_gen[0].u_mem_bank/ram_reg  | 4 K x 64               |   | R | 4 K x 64               | W |   | Port A and B     | 1       | 1x1          | 2                        | 2           | 
|top__GCB0   | mem_0/bank_gen[1].u_mem_bank/ram_reg  | 4 K x 64               |   | R | 4 K x 64               | W |   | Port A and B     | 1       | 1x1          | 2                        | 2           | 
|top__GCB0   | mem_0/bank_gen[2].u_mem_bank/ram_reg  | 4 K x 64               |   | R | 4 K x 64               | W |   | Port A and B     | 1       | 1x1          | 2                        | 2           | 
|top__GCB0   | mem_0/bank_gen[3].u_mem_bank/ram_reg  | 4 K x 64               |   | R | 4 K x 64               | W |   | Port A and B     | 1       | 1x1          | 2                        | 2           | 
|top__GCB0   | mem_0/bank_gen[4].u_mem_bank/ram_reg  | 4 K x 64               |   | R | 4 K x 64               | W |   | Port A and B     | 1       | 1x1          | 2                        | 2           | 
|top__GCB0   | mem_0/bank_gen[5].u_mem_bank/ram_reg  | 4 K x 64               |   | R | 4 K x 64               | W |   | Port A and B     | 1       | 1x1          | 2                        | 2           | 
|top__GCB0   | mem_0/bank_gen[6].u_mem_bank/ram_reg  | 4 K x 64               |   | R | 4 K x 64               | W |   | Port A and B     | 1       | 1x1          | 2                        | 2           | 
|top__GCB0   | mem_0/bank_gen[7].u_mem_bank/ram_reg  | 4 K x 64               |   | R | 4 K x 64               | W |   | Port A and B     | 1       | 1x1          | 2                        | 2           | 
|top__GCB0   | mem_0/bank_gen[8].u_mem_bank/ram_reg  | 4 K x 64               |   | R | 4 K x 64               | W |   | Port A and B     | 1       | 1x1          | 2                        | 2           | 
|top__GCB0   | mem_0/bank_gen[9].u_mem_bank/ram_reg  | 4 K x 64               |   | R | 4 K x 64               | W |   | Port A and B     | 1       | 1x1          | 2                        | 2           | 
|top__GCB0   | mem_0/bank_gen[10].u_mem_bank/ram_reg | 4 K x 64               |   | R | 4 K x 64               | W |   | Port A and B     | 1       | 1x1          | 2                        | 2           | 
|top__GCB0   | mem_0/bank_gen[11].u_mem_bank/ram_reg | 4 K x 64               |   | R | 4 K x 64               | W |   | Port A and B     | 1       | 1x1          | 2                        | 2           | 
|top__GCB0   | mem_0/bank_gen[12].u_mem_bank/ram_reg | 4 K x 64               |   | R | 4 K x 64               | W |   | Port A and B     | 1       | 1x1          | 2                        | 2           | 
|top__GCB0   | mem_0/bank_gen[13].u_mem_bank/ram_reg | 4 K x 64               |   | R | 4 K x 64               | W |   | Port A and B     | 1       | 1x1          | 2                        | 2           | 
|top__GCB0   | mem_0/bank_gen[14].u_mem_bank/ram_reg | 4 K x 64               |   | R | 4 K x 64               | W |   | Port A and B     | 1       | 1x1          | 2                        | 2           | 
|top__GCB0   | mem_0/bank_gen[15].u_mem_bank/ram_reg | 4 K x 64               |   | R | 4 K x 64               | W |   | Port A and B     | 1       | 1x1          | 2                        | 2           | 
|top__GCB0   | mem_1/bank_gen[0].u_mem_bank/ram_reg  | 4 K x 64               |   | R | 4 K x 64               | W |   | Port A and B     | 1       | 1x1          | 2                        | 2           | 
|top__GCB0   | mem_1/bank_gen[1].u_mem_bank/ram_reg  | 4 K x 64               |   | R | 4 K x 64               | W |   | Port A and B     | 1       | 1x1          | 2                        | 2           | 
|top__GCB0   | mem_1/bank_gen[2].u_mem_bank/ram_reg  | 4 K x 64               |   | R | 4 K x 64               | W |   | Port A and B     | 1       | 1x1          | 2                        | 2           | 
|top__GCB0   | mem_1/bank_gen[3].u_mem_bank/ram_reg  | 4 K x 64               |   | R | 4 K x 64               | W |   | Port A and B     | 1       | 1x1          | 2                        | 2           | 
|top__GCB0   | mem_1/bank_gen[4].u_mem_bank/ram_reg  | 4 K x 64               |   | R | 4 K x 64               | W |   | Port A and B     | 1       | 1x1          | 2                        | 2           | 
|top__GCB0   | mem_1/bank_gen[5].u_mem_bank/ram_reg  | 4 K x 64               |   | R | 4 K x 64               | W |   | Port A and B     | 1       | 1x1          | 2                        | 2           | 
|top__GCB0   | mem_1/bank_gen[6].u_mem_bank/ram_reg  | 4 K x 64               |   | R | 4 K x 64               | W |   | Port A and B     | 1       | 1x1          | 2                        | 2           | 
|top__GCB0   | mem_1/bank_gen[7].u_mem_bank/ram_reg  | 4 K x 64               |   | R | 4 K x 64               | W |   | Port A and B     | 1       | 1x1          | 2                        | 2           | 
|top__GCB0   | mem_2/bank_gen[0].u_mem_bank/ram_reg  | 4 K x 64               |   | R | 4 K x 64               | W |   | Port A and B     | 1       | 1x1          | 2                        | 2           | 
|top__GCB0   | mem_2/bank_gen[1].u_mem_bank/ram_reg  | 4 K x 64               |   | R | 4 K x 64               | W |   | Port A and B     | 1       | 1x1          | 2                        | 2           | 
|top__GCB0   | mem_2/bank_gen[2].u_mem_bank/ram_reg  | 4 K x 64               |   | R | 4 K x 64               | W |   | Port A and B     | 1       | 1x1          | 2                        | 2           | 
|top__GCB0   | mem_2/bank_gen[3].u_mem_bank/ram_reg  | 4 K x 64               |   | R | 4 K x 64               | W |   | Port A and B     | 1       | 1x1          | 2                        | 2           | 
|top__GCB0   | mem_2/bank_gen[4].u_mem_bank/ram_reg  | 4 K x 64               |   | R | 4 K x 64               | W |   | Port A and B     | 1       | 1x1          | 2                        | 2           | 
|top__GCB0   | mem_2/bank_gen[5].u_mem_bank/ram_reg  | 4 K x 64               |   | R | 4 K x 64               | W |   | Port A and B     | 1       | 1x1          | 2                        | 2           | 
|top__GCB0   | mem_2/bank_gen[6].u_mem_bank/ram_reg  | 4 K x 64               |   | R | 4 K x 64               | W |   | Port A and B     | 1       | 1x1          | 2                        | 2           | 
|top__GCB0   | mem_2/bank_gen[7].u_mem_bank/ram_reg  | 4 K x 64               |   | R | 4 K x 64               | W |   | Port A and B     | 1       | 1x1          | 2                        | 2           | 
|top__GCB0   | mem_3/bank_gen[0].u_mem_bank/ram_reg  | 4 K x 64               |   | R | 4 K x 64               | W |   | Port A and B     | 1       | 1x1          | 2                        | 2           | 
|top__GCB0   | mem_3/bank_gen[1].u_mem_bank/ram_reg  | 4 K x 64               |   | R | 4 K x 64               | W |   | Port A and B     | 1       | 1x1          | 2                        | 2           | 
|top__GCB0   | mem_3/bank_gen[2].u_mem_bank/ram_reg  | 4 K x 64               |   | R | 4 K x 64               | W |   | Port A and B     | 1       | 1x1          | 2                        | 2           | 
|top__GCB0   | mem_3/bank_gen[3].u_mem_bank/ram_reg  | 4 K x 64               |   | R | 4 K x 64               | W |   | Port A and B     | 1       | 1x1          | 2                        | 2           | 
|top__GCB0   | mem_3/bank_gen[4].u_mem_bank/ram_reg  | 4 K x 64               |   | R | 4 K x 64               | W |   | Port A and B     | 1       | 1x1          | 2                        | 2           | 
|top__GCB0   | mem_3/bank_gen[5].u_mem_bank/ram_reg  | 4 K x 64               |   | R | 4 K x 64               | W |   | Port A and B     | 1       | 1x1          | 2                        | 2           | 
|top__GCB0   | mem_3/bank_gen[6].u_mem_bank/ram_reg  | 4 K x 64               |   | R | 4 K x 64               | W |   | Port A and B     | 1       | 1x1          | 2                        | 2           | 
|top__GCB0   | mem_3/bank_gen[7].u_mem_bank/ram_reg  | 4 K x 64               |   | R | 4 K x 64               | W |   | Port A and B     | 1       | 1x1          | 2                        | 2           | 
|top__GCB0   | mem_4/bank_gen[0].u_mem_bank/ram_reg  | 4 K x 64               |   | R | 4 K x 64               | W |   | Port A and B     | 1       | 1x1          | 2                        | 2           | 
|top__GCB0   | mem_4/bank_gen[1].u_mem_bank/ram_reg  | 4 K x 64               |   | R | 4 K x 64               | W |   | Port A and B     | 1       | 1x1          | 2                        | 2           | 
|top__GCB0   | mem_4/bank_gen[2].u_mem_bank/ram_reg  | 4 K x 64               |   | R | 4 K x 64               | W |   | Port A and B     | 1       | 1x1          | 2                        | 2           | 
|top__GCB0   | mem_4/bank_gen[3].u_mem_bank/ram_reg  | 4 K x 64               |   | R | 4 K x 64               | W |   | Port A and B     | 1       | 1x1          | 2                        | 2           | 
|top__GCB0   | mem_4/bank_gen[4].u_mem_bank/ram_reg  | 4 K x 64               |   | R | 4 K x 64               | W |   | Port A and B     | 1       | 1x1          | 2                        | 2           | 
|top__GCB0   | mem_4/bank_gen[5].u_mem_bank/ram_reg  | 4 K x 64               |   | R | 4 K x 64               | W |   | Port A and B     | 1       | 1x1          | 2                        | 2           | 
|top__GCB0   | mem_4/bank_gen[6].u_mem_bank/ram_reg  | 4 K x 64               |   | R | 4 K x 64               | W |   | Port A and B     | 1       | 1x1          | 2                        | 2           | 
|top__GCB0   | mem_4/bank_gen[7].u_mem_bank/ram_reg  | 4 K x 64               |   | R | 4 K x 64               | W |   | Port A and B     | 1       | 1x1          | 2                        | 2           | 
|top__GCB0   | mem_5/bank_gen[0].u_mem_bank/ram_reg  | 4 K x 64               |   | R | 4 K x 64               | W |   | Port A and B     | 1       | 1x1          | 2                        | 2           | 
|top__GCB0   | mem_5/bank_gen[1].u_mem_bank/ram_reg  | 4 K x 64               |   | R | 4 K x 64               | W |   | Port A and B     | 1       | 1x1          | 2                        | 2           | 
|top__GCB0   | mem_5/bank_gen[2].u_mem_bank/ram_reg  | 4 K x 64               |   | R | 4 K x 64               | W |   | Port A and B     | 1       | 1x1          | 2                        | 2           | 
|top__GCB0   | mem_5/bank_gen[3].u_mem_bank/ram_reg  | 4 K x 64               |   | R | 4 K x 64               | W |   | Port A and B     | 1       | 1x1          | 2                        | 2           | 
|top__GCB0   | mem_5/bank_gen[4].u_mem_bank/ram_reg  | 4 K x 64               |   | R | 4 K x 64               | W |   | Port A and B     | 1       | 1x1          | 2                        | 2           | 
|top__GCB0   | mem_5/bank_gen[5].u_mem_bank/ram_reg  | 4 K x 64               |   | R | 4 K x 64               | W |   | Port A and B     | 1       | 1x1          | 2                        | 2           | 
|top__GCB0   | mem_5/bank_gen[6].u_mem_bank/ram_reg  | 4 K x 64               |   | R | 4 K x 64               | W |   | Port A and B     | 1       | 1x1          | 2                        | 2           | 
|top__GCB0   | mem_5/bank_gen[7].u_mem_bank/ram_reg  | 4 K x 64               |   | R | 4 K x 64               | W |   | Port A and B     | 1       | 1x1          | 2                        | 2           | 
+------------+---------------------------------------+------------------------+---+---+------------------------+---+---+------------------+---------+--------------+--------------------------+-------------+


Block RAM: Final Mapping Report
+---------------------------+------------------------------------------+------------------------+---+---+------------------------+---+---+------------------+--------+--------+-----------------+
|Module Name                | RTL Object                               | PORT A (Depth x Width) | W | R | PORT B (Depth x Width) | W | R | Ports driving FF | RAMB18 | RAMB36 | Cascade Heights | 
+---------------------------+------------------------------------------+------------------------+---+---+------------------------+---+---+------------------+--------+--------+-----------------+
|u_pw_unit/i_0/u_psum_fifo0 | mem_reg                                  | 4 K x 256(READ_FIRST)  | W |   | 4 K x 256(WRITE_FIRST) |   | R | Port A and B     | 1      | 28     | 4,4,4,4,4,4,4,1 | 
|u_pw_unit/i_0/u_psum_fifo1 | mem_reg                                  | 4 K x 256(READ_FIRST)  | W |   | 4 K x 256(WRITE_FIRST) |   | R | Port A and B     | 1      | 28     | 4,4,4,4,4,4,4,1 | 
|u_depth_mem                | gen_depth_banks[0].u_depth_core/ram_reg  | 256 x 64(READ_FIRST)   | W |   | 256 x 64(WRITE_FIRST)  |   | R | Port A and B     | 0      | 1      |                 | 
|u_depth_mem                | gen_depth_banks[1].u_depth_core/ram_reg  | 256 x 64(READ_FIRST)   | W |   | 256 x 64(WRITE_FIRST)  |   | R | Port A and B     | 0      | 1      |                 | 
|u_depth_mem                | gen_depth_banks[2].u_depth_core/ram_reg  | 256 x 64(READ_FIRST)   | W |   | 256 x 64(WRITE_FIRST)  |   | R | Port A and B     | 0      | 1      |                 | 
|u_depth_mem                | gen_depth_banks[3].u_depth_core/ram_reg  | 256 x 64(READ_FIRST)   | W |   | 256 x 64(WRITE_FIRST)  |   | R | Port A and B     | 0      | 1      |                 | 
|u_depth_mem                | gen_depth_banks[4].u_depth_core/ram_reg  | 256 x 64(READ_FIRST)   | W |   | 256 x 64(WRITE_FIRST)  |   | R | Port A and B     | 0      | 1      |                 | 
|u_depth_mem                | gen_depth_banks[5].u_depth_core/ram_reg  | 256 x 64(READ_FIRST)   | W |   | 256 x 64(WRITE_FIRST)  |   | R | Port A and B     | 0      | 1      |                 | 
|u_depth_mem                | gen_depth_banks[6].u_depth_core/ram_reg  | 256 x 64(READ_FIRST)   | W |   | 256 x 64(WRITE_FIRST)  |   | R | Port A and B     | 0      | 1      |                 | 
|u_depth_mem                | gen_depth_banks[7].u_depth_core/ram_reg  | 256 x 64(READ_FIRST)   | W |   | 256 x 64(WRITE_FIRST)  |   | R | Port A and B     | 0      | 1      |                 | 
|u_depth_mem                | gen_depth_banks[8].u_depth_core/ram_reg  | 256 x 64(READ_FIRST)   | W |   | 256 x 64(WRITE_FIRST)  |   | R | Port A and B     | 0      | 1      |                 | 
|i_0/u_point_mem            | gen_point_banks[0].u_point_core/ram_reg  | 1 K x 64(READ_FIRST)   | W |   | 1 K x 64(WRITE_FIRST)  |   | R | Port A and B     | 0      | 2      | 1,1             | 
|i_0/u_point_mem            | gen_point_banks[1].u_point_core/ram_reg  | 1 K x 64(READ_FIRST)   | W |   | 1 K x 64(WRITE_FIRST)  |   | R | Port A and B     | 0      | 2      | 1,1             | 
|i_0/u_point_mem            | gen_point_banks[2].u_point_core/ram_reg  | 1 K x 64(READ_FIRST)   | W |   | 1 K x 64(WRITE_FIRST)  |   | R | Port A and B     | 0      | 2      | 1,1             | 
|i_0/u_point_mem            | gen_point_banks[3].u_point_core/ram_reg  | 1 K x 64(READ_FIRST)   | W |   | 1 K x 64(WRITE_FIRST)  |   | R | Port A and B     | 0      | 2      | 1,1             | 
|i_0/u_point_mem            | gen_point_banks[4].u_point_core/ram_reg  | 1 K x 64(READ_FIRST)   | W |   | 1 K x 64(WRITE_FIRST)  |   | R | Port A and B     | 0      | 2      | 1,1             | 
|i_0/u_point_mem            | gen_point_banks[5].u_point_core/ram_reg  | 1 K x 64(READ_FIRST)   | W |   | 1 K x 64(WRITE_FIRST)  |   | R | Port A and B     | 0      | 2      | 1,1             | 
|i_0/u_point_mem            | gen_point_banks[6].u_point_core/ram_reg  | 1 K x 64(READ_FIRST)   | W |   | 1 K x 64(WRITE_FIRST)  |   | R | Port A and B     | 0      | 2      | 1,1             | 
|i_0/u_point_mem            | gen_point_banks[7].u_point_core/ram_reg  | 1 K x 64(READ_FIRST)   | W |   | 1 K x 64(WRITE_FIRST)  |   | R | Port A and B     | 0      | 2      | 1,1             | 
|i_0/u_point_mem            | gen_point_banks[8].u_point_core/ram_reg  | 1 K x 64(READ_FIRST)   | W |   | 1 K x 64(WRITE_FIRST)  |   | R | Port A and B     | 0      | 2      | 1,1             | 
|i_0/u_point_mem            | gen_point_banks[9].u_point_core/ram_reg  | 1 K x 64(READ_FIRST)   | W |   | 1 K x 64(WRITE_FIRST)  |   | R | Port A and B     | 0      | 2      | 1,1             | 
|i_0/u_point_mem            | gen_point_banks[10].u_point_core/ram_reg | 1 K x 64(READ_FIRST)   | W |   | 1 K x 64(WRITE_FIRST)  |   | R | Port A and B     | 0      | 2      | 1,1             | 
|i_0/u_point_mem            | gen_point_banks[11].u_point_core/ram_reg | 1 K x 64(READ_FIRST)   | W |   | 1 K x 64(WRITE_FIRST)  |   | R | Port A and B     | 0      | 2      | 1,1             | 
|i_0/u_point_mem            | gen_point_banks[12].u_point_core/ram_reg | 1 K x 64(READ_FIRST)   | W |   | 1 K x 64(WRITE_FIRST)  |   | R | Port A and B     | 0      | 2      | 1,1             | 
|i_0/u_point_mem            | gen_point_banks[13].u_point_core/ram_reg | 1 K x 64(READ_FIRST)   | W |   | 1 K x 64(WRITE_FIRST)  |   | R | Port A and B     | 0      | 2      | 1,1             | 
|i_0/u_point_mem            | gen_point_banks[14].u_point_core/ram_reg | 1 K x 64(READ_FIRST)   | W |   | 1 K x 64(WRITE_FIRST)  |   | R | Port A and B     | 0      | 2      | 1,1             | 
|i_0/u_point_mem            | gen_point_banks[15].u_point_core/ram_reg | 1 K x 64(READ_FIRST)   | W |   | 1 K x 64(WRITE_FIRST)  |   | R | Port A and B     | 0      | 2      | 1,1             | 
+---------------------------+------------------------------------------+------------------------+---+---+------------------------+---+---+------------------+--------+--------+-----------------+


Distributed RAM: Final Mapping Report
+----------------------+------------------------------------------+----------------+----------------------+----------------+
|Module Name           | RTL Object                               | Inference      | Size (Depth x Width) | Primitives     | 
+----------------------+------------------------------------------+----------------+----------------------+----------------+
|fsm_line_buffer__GBM3 | LB_GEN[4].lb_inst/line_reg               | User Attribute | 256 x 256            | RAM64M8 x 444  | 
|fsm_line_buffer__GBM3 | LB_GEN[3].lb_inst/line_reg               | User Attribute | 256 x 256            | RAM64M8 x 444  | 
|fsm_line_buffer__GBM3 | LB_GEN[2].lb_inst/line_reg               | User Attribute | 256 x 256            | RAM64M8 x 444  | 
|fsm_line_buffer__GBM3 | LB_GEN[1].lb_inst/line_reg               | User Attribute | 256 x 256            | RAM64M8 x 444  | 
|fsm_line_buffer__GBM3 | LB_GEN[0].lb_inst/line_reg               | User Attribute | 256 x 256            | RAM64M8 x 444  | 
|u_bias_mem            | gen_point_banks[0].u_point_core/ram_reg  | User Attribute | 64 x 16              | RAM64M8 x 3    | 
|u_bias_mem            | gen_point_banks[1].u_point_core/ram_reg  | User Attribute | 64 x 16              | RAM64M8 x 3    | 
|u_bias_mem            | gen_point_banks[2].u_point_core/ram_reg  | User Attribute | 64 x 16              | RAM64M8 x 3    | 
|u_bias_mem            | gen_point_banks[3].u_point_core/ram_reg  | User Attribute | 64 x 16              | RAM64M8 x 3    | 
|u_bias_mem            | gen_point_banks[4].u_point_core/ram_reg  | User Attribute | 64 x 16              | RAM64M8 x 3    | 
|u_bias_mem            | gen_point_banks[5].u_point_core/ram_reg  | User Attribute | 64 x 16              | RAM64M8 x 3    | 
|u_bias_mem            | gen_point_banks[6].u_point_core/ram_reg  | User Attribute | 64 x 16              | RAM64M8 x 3    | 
|u_bias_mem            | gen_point_banks[7].u_point_core/ram_reg  | User Attribute | 64 x 16              | RAM64M8 x 3    | 
|u_bias_mem            | gen_point_banks[8].u_point_core/ram_reg  | User Attribute | 64 x 16              | RAM64M8 x 3    | 
|u_bias_mem            | gen_point_banks[9].u_point_core/ram_reg  | User Attribute | 64 x 16              | RAM64M8 x 3    | 
|u_bias_mem            | gen_point_banks[10].u_point_core/ram_reg | User Attribute | 64 x 16              | RAM64M8 x 3    | 
|u_bias_mem            | gen_point_banks[11].u_point_core/ram_reg | User Attribute | 64 x 16              | RAM64M8 x 3    | 
|u_bias_mem            | gen_point_banks[12].u_point_core/ram_reg | User Attribute | 64 x 16              | RAM64M8 x 3    | 
|u_bias_mem            | gen_point_banks[13].u_point_core/ram_reg | User Attribute | 64 x 16              | RAM64M8 x 3    | 
|u_bias_mem            | gen_point_banks[14].u_point_core/ram_reg | User Attribute | 64 x 16              | RAM64M8 x 3    | 
|u_bias_mem            | gen_point_banks[15].u_point_core/ram_reg | User Attribute | 64 x 16              | RAM64M8 x 3    | 
+----------------------+------------------------------------------+----------------+----------------------+----------------+

---------------------------------------------------------------------------------
Finished ROM, RAM, DSP, Shift Register and Retiming Reporting
---------------------------------------------------------------------------------
---------------------------------------------------------------------------------
Start Technology Mapping
---------------------------------------------------------------------------------
INFO: [Synth 8-4765] Removing register instance (\gen_depth_banks[7].u_depth_core/ena_pipes_reg[0] ) from module (depth_mem) as it is equivalent to (\gen_depth_banks[8].u_depth_core/ena_pipes_reg[0] ) and driving same net [E:/A_IP_Stega/IP_Stega/IP_Stega.srcs/sources_1/new/depth_inst.v:53]
INFO: [Synth 8-4765] Removing register instance (\gen_depth_banks[5].u_depth_core/ena_pipes_reg[0] ) from module (depth_mem) as it is equivalent to (\gen_depth_banks[8].u_depth_core/ena_pipes_reg[0] ) and driving same net [E:/A_IP_Stega/IP_Stega/IP_Stega.srcs/sources_1/new/depth_inst.v:53]
INFO: [Synth 8-4765] Removing register instance (\gen_depth_banks[3].u_depth_core/ena_pipes_reg[0] ) from module (depth_mem) as it is equivalent to (\gen_depth_banks[8].u_depth_core/ena_pipes_reg[0] ) and driving same net [E:/A_IP_Stega/IP_Stega/IP_Stega.srcs/sources_1/new/depth_inst.v:53]
INFO: [Synth 8-4765] Removing register instance (\gen_depth_banks[1].u_depth_core/ena_pipes_reg[0] ) from module (depth_mem) as it is equivalent to (\gen_depth_banks[8].u_depth_core/ena_pipes_reg[0] ) and driving same net [E:/A_IP_Stega/IP_Stega/IP_Stega.srcs/sources_1/new/depth_inst.v:53]
INFO: [Synth 8-4765] Removing register instance (\gen_depth_banks[0].u_depth_core/ena_pipes_reg[0] ) from module (depth_mem) as it is equivalent to (\gen_depth_banks[8].u_depth_core/ena_pipes_reg[0] ) and driving same net [E:/A_IP_Stega/IP_Stega/IP_Stega.srcs/sources_1/new/depth_inst.v:53]
INFO: [Synth 8-4765] Removing register instance (\gen_depth_banks[2].u_depth_core/ena_pipes_reg[0] ) from module (depth_mem) as it is equivalent to (\gen_depth_banks[8].u_depth_core/ena_pipes_reg[0] ) and driving same net [E:/A_IP_Stega/IP_Stega/IP_Stega.srcs/sources_1/new/depth_inst.v:53]
INFO: [Synth 8-4765] Removing register instance (\gen_depth_banks[4].u_depth_core/ena_pipes_reg[0] ) from module (depth_mem) as it is equivalent to (\gen_depth_banks[8].u_depth_core/ena_pipes_reg[0] ) and driving same net [E:/A_IP_Stega/IP_Stega/IP_Stega.srcs/sources_1/new/depth_inst.v:53]
INFO: [Synth 8-4765] Removing register instance (\gen_depth_banks[6].u_depth_core/ena_pipes_reg[0] ) from module (depth_mem) as it is equivalent to (\gen_depth_banks[8].u_depth_core/ena_pipes_reg[0] ) and driving same net [E:/A_IP_Stega/IP_Stega/IP_Stega.srcs/sources_1/new/depth_inst.v:53]
INFO: [Synth 8-4765] Removing register instance (\gen_point_banks[14].u_point_core/ena_pipes_reg[0] ) from module (point_mem) as it is equivalent to (\gen_point_banks[15].u_point_core/ena_pipes_reg[0] ) and driving same net [E:/A_IP_Stega/IP_Stega/IP_Stega.srcs/sources_1/new/point_inst.v:54]
INFO: [Synth 8-4765] Removing register instance (\gen_point_banks[12].u_point_core/ena_pipes_reg[0] ) from module (point_mem) as it is equivalent to (\gen_point_banks[15].u_point_core/ena_pipes_reg[0] ) and driving same net [E:/A_IP_Stega/IP_Stega/IP_Stega.srcs/sources_1/new/point_inst.v:54]
INFO: [Synth 8-4765] Removing register instance (\gen_point_banks[10].u_point_core/ena_pipes_reg[0] ) from module (point_mem) as it is equivalent to (\gen_point_banks[15].u_point_core/ena_pipes_reg[0] ) and driving same net [E:/A_IP_Stega/IP_Stega/IP_Stega.srcs/sources_1/new/point_inst.v:54]
INFO: [Synth 8-4765] Removing register instance (\gen_point_banks[8].u_point_core/ena_pipes_reg[0] ) from module (point_mem) as it is equivalent to (\gen_point_banks[15].u_point_core/ena_pipes_reg[0] ) and driving same net [E:/A_IP_Stega/IP_Stega/IP_Stega.srcs/sources_1/new/point_inst.v:54]
INFO: [Synth 8-4765] Removing register instance (\gen_point_banks[6].u_point_core/ena_pipes_reg[0] ) from module (point_mem) as it is equivalent to (\gen_point_banks[15].u_point_core/ena_pipes_reg[0] ) and driving same net [E:/A_IP_Stega/IP_Stega/IP_Stega.srcs/sources_1/new/point_inst.v:54]
INFO: [Synth 8-4765] Removing register instance (\gen_point_banks[4].u_point_core/ena_pipes_reg[0] ) from module (point_mem) as it is equivalent to (\gen_point_banks[15].u_point_core/ena_pipes_reg[0] ) and driving same net [E:/A_IP_Stega/IP_Stega/IP_Stega.srcs/sources_1/new/point_inst.v:54]
INFO: [Synth 8-4765] Removing register instance (\gen_point_banks[2].u_point_core/ena_pipes_reg[0] ) from module (point_mem) as it is equivalent to (\gen_point_banks[15].u_point_core/ena_pipes_reg[0] ) and driving same net [E:/A_IP_Stega/IP_Stega/IP_Stega.srcs/sources_1/new/point_inst.v:54]
INFO: [Synth 8-4765] Removing register instance (\gen_point_banks[0].u_point_core/ena_pipes_reg[0] ) from module (point_mem) as it is equivalent to (\gen_point_banks[15].u_point_core/ena_pipes_reg[0] ) and driving same net [E:/A_IP_Stega/IP_Stega/IP_Stega.srcs/sources_1/new/point_inst.v:54]
INFO: [Synth 8-4765] Removing register instance (\gen_point_banks[1].u_point_core/ena_pipes_reg[0] ) from module (point_mem) as it is equivalent to (\gen_point_banks[15].u_point_core/ena_pipes_reg[0] ) and driving same net [E:/A_IP_Stega/IP_Stega/IP_Stega.srcs/sources_1/new/point_inst.v:54]
INFO: [Synth 8-4765] Removing register instance (\gen_point_banks[3].u_point_core/ena_pipes_reg[0] ) from module (point_mem) as it is equivalent to (\gen_point_banks[15].u_point_core/ena_pipes_reg[0] ) and driving same net [E:/A_IP_Stega/IP_Stega/IP_Stega.srcs/sources_1/new/point_inst.v:54]
INFO: [Synth 8-4765] Removing register instance (\gen_point_banks[5].u_point_core/ena_pipes_reg[0] ) from module (point_mem) as it is equivalent to (\gen_point_banks[15].u_point_core/ena_pipes_reg[0] ) and driving same net [E:/A_IP_Stega/IP_Stega/IP_Stega.srcs/sources_1/new/point_inst.v:54]
INFO: [Synth 8-4765] Removing register instance (\gen_point_banks[7].u_point_core/ena_pipes_reg[0] ) from module (point_mem) as it is equivalent to (\gen_point_banks[15].u_point_core/ena_pipes_reg[0] ) and driving same net [E:/A_IP_Stega/IP_Stega/IP_Stega.srcs/sources_1/new/point_inst.v:54]
INFO: [Synth 8-4765] Removing register instance (\gen_point_banks[9].u_point_core/ena_pipes_reg[0] ) from module (point_mem) as it is equivalent to (\gen_point_banks[15].u_point_core/ena_pipes_reg[0] ) and driving same net [E:/A_IP_Stega/IP_Stega/IP_Stega.srcs/sources_1/new/point_inst.v:54]
INFO: [Synth 8-4765] Removing register instance (\gen_point_banks[11].u_point_core/ena_pipes_reg[0] ) from module (point_mem) as it is equivalent to (\gen_point_banks[15].u_point_core/ena_pipes_reg[0] ) and driving same net [E:/A_IP_Stega/IP_Stega/IP_Stega.srcs/sources_1/new/point_inst.v:54]
INFO: [Synth 8-4765] Removing register instance (\gen_point_banks[13].u_point_core/ena_pipes_reg[0] ) from module (point_mem) as it is equivalent to (\gen_point_banks[15].u_point_core/ena_pipes_reg[0] ) and driving same net [E:/A_IP_Stega/IP_Stega/IP_Stega.srcs/sources_1/new/point_inst.v:54]
INFO: [Synth 8-4765] Removing register instance (\gen_point_banks[14].u_point_core/ena_pipes_reg[0] ) from module (point_mem__parameterized0) as it is equivalent to (\gen_point_banks[15].u_point_core/ena_pipes_reg[0] ) and driving same net [E:/A_IP_Stega/IP_Stega/IP_Stega.srcs/sources_1/new/point_inst.v:54]
INFO: [Synth 8-4765] Removing register instance (\gen_point_banks[12].u_point_core/ena_pipes_reg[0] ) from module (point_mem__parameterized0) as it is equivalent to (\gen_point_banks[15].u_point_core/ena_pipes_reg[0] ) and driving same net [E:/A_IP_Stega/IP_Stega/IP_Stega.srcs/sources_1/new/point_inst.v:54]
INFO: [Synth 8-4765] Removing register instance (\gen_point_banks[10].u_point_core/ena_pipes_reg[0] ) from module (point_mem__parameterized0) as it is equivalent to (\gen_point_banks[15].u_point_core/ena_pipes_reg[0] ) and driving same net [E:/A_IP_Stega/IP_Stega/IP_Stega.srcs/sources_1/new/point_inst.v:54]
INFO: [Synth 8-4765] Removing register instance (\gen_point_banks[8].u_point_core/ena_pipes_reg[0] ) from module (point_mem__parameterized0) as it is equivalent to (\gen_point_banks[15].u_point_core/ena_pipes_reg[0] ) and driving same net [E:/A_IP_Stega/IP_Stega/IP_Stega.srcs/sources_1/new/point_inst.v:54]
INFO: [Synth 8-4765] Removing register instance (\gen_point_banks[6].u_point_core/ena_pipes_reg[0] ) from module (point_mem__parameterized0) as it is equivalent to (\gen_point_banks[15].u_point_core/ena_pipes_reg[0] ) and driving same net [E:/A_IP_Stega/IP_Stega/IP_Stega.srcs/sources_1/new/point_inst.v:54]
INFO: [Synth 8-4765] Removing register instance (\gen_point_banks[4].u_point_core/ena_pipes_reg[0] ) from module (point_mem__parameterized0) as it is equivalent to (\gen_point_banks[15].u_point_core/ena_pipes_reg[0] ) and driving same net [E:/A_IP_Stega/IP_Stega/IP_Stega.srcs/sources_1/new/point_inst.v:54]
INFO: [Synth 8-4765] Removing register instance (\gen_point_banks[2].u_point_core/ena_pipes_reg[0] ) from module (point_mem__parameterized0) as it is equivalent to (\gen_point_banks[15].u_point_core/ena_pipes_reg[0] ) and driving same net [E:/A_IP_Stega/IP_Stega/IP_Stega.srcs/sources_1/new/point_inst.v:54]
INFO: [Synth 8-4765] Removing register instance (\gen_point_banks[0].u_point_core/ena_pipes_reg[0] ) from module (point_mem__parameterized0) as it is equivalent to (\gen_point_banks[15].u_point_core/ena_pipes_reg[0] ) and driving same net [E:/A_IP_Stega/IP_Stega/IP_Stega.srcs/sources_1/new/point_inst.v:54]
INFO: [Synth 8-4765] Removing register instance (\gen_point_banks[1].u_point_core/ena_pipes_reg[0] ) from module (point_mem__parameterized0) as it is equivalent to (\gen_point_banks[15].u_point_core/ena_pipes_reg[0] ) and driving same net [E:/A_IP_Stega/IP_Stega/IP_Stega.srcs/sources_1/new/point_inst.v:54]
INFO: [Synth 8-4765] Removing register instance (\gen_point_banks[3].u_point_core/ena_pipes_reg[0] ) from module (point_mem__parameterized0) as it is equivalent to (\gen_point_banks[15].u_point_core/ena_pipes_reg[0] ) and driving same net [E:/A_IP_Stega/IP_Stega/IP_Stega.srcs/sources_1/new/point_inst.v:54]
INFO: [Synth 8-4765] Removing register instance (\gen_point_banks[5].u_point_core/ena_pipes_reg[0] ) from module (point_mem__parameterized0) as it is equivalent to (\gen_point_banks[15].u_point_core/ena_pipes_reg[0] ) and driving same net [E:/A_IP_Stega/IP_Stega/IP_Stega.srcs/sources_1/new/point_inst.v:54]
INFO: [Synth 8-4765] Removing register instance (\gen_point_banks[7].u_point_core/ena_pipes_reg[0] ) from module (point_mem__parameterized0) as it is equivalent to (\gen_point_banks[15].u_point_core/ena_pipes_reg[0] ) and driving same net [E:/A_IP_Stega/IP_Stega/IP_Stega.srcs/sources_1/new/point_inst.v:54]
INFO: [Synth 8-4765] Removing register instance (\gen_point_banks[9].u_point_core/ena_pipes_reg[0] ) from module (point_mem__parameterized0) as it is equivalent to (\gen_point_banks[15].u_point_core/ena_pipes_reg[0] ) and driving same net [E:/A_IP_Stega/IP_Stega/IP_Stega.srcs/sources_1/new/point_inst.v:54]
INFO: [Synth 8-4765] Removing register instance (\gen_point_banks[11].u_point_core/ena_pipes_reg[0] ) from module (point_mem__parameterized0) as it is equivalent to (\gen_point_banks[15].u_point_core/ena_pipes_reg[0] ) and driving same net [E:/A_IP_Stega/IP_Stega/IP_Stega.srcs/sources_1/new/point_inst.v:54]
INFO: [Synth 8-4765] Removing register instance (\gen_point_banks[13].u_point_core/ena_pipes_reg[0] ) from module (point_mem__parameterized0) as it is equivalent to (\gen_point_banks[15].u_point_core/ena_pipes_reg[0] ) and driving same net [E:/A_IP_Stega/IP_Stega/IP_Stega.srcs/sources_1/new/point_inst.v:54]
INFO: [Synth 8-7052] The timing for the instance i_0/u_depth_mem/gen_depth_banks[0].u_depth_core/ram_reg (implemented as a Block RAM) might be sub-optimal as no optional output register could be merged into the ram block. Providing additional output register may help in improving timing.
INFO: [Synth 8-7052] The timing for the instance i_0/u_depth_mem/gen_depth_banks[1].u_depth_core/ram_reg (implemented as a Block RAM) might be sub-optimal as no optional output register could be merged into the ram block. Providing additional output register may help in improving timing.
INFO: [Synth 8-7052] The timing for the instance i_0/u_depth_mem/gen_depth_banks[2].u_depth_core/ram_reg (implemented as a Block RAM) might be sub-optimal as no optional output register could be merged into the ram block. Providing additional output register may help in improving timing.
INFO: [Synth 8-7052] The timing for the instance i_0/u_depth_mem/gen_depth_banks[3].u_depth_core/ram_reg (implemented as a Block RAM) might be sub-optimal as no optional output register could be merged into the ram block. Providing additional output register may help in improving timing.
INFO: [Synth 8-7052] The timing for the instance i_0/u_depth_mem/gen_depth_banks[4].u_depth_core/ram_reg (implemented as a Block RAM) might be sub-optimal as no optional output register could be merged into the ram block. Providing additional output register may help in improving timing.
INFO: [Synth 8-7052] The timing for the instance i_0/u_depth_mem/gen_depth_banks[5].u_depth_core/ram_reg (implemented as a Block RAM) might be sub-optimal as no optional output register could be merged into the ram block. Providing additional output register may help in improving timing.
INFO: [Synth 8-7052] The timing for the instance i_0/u_depth_mem/gen_depth_banks[6].u_depth_core/ram_reg (implemented as a Block RAM) might be sub-optimal as no optional output register could be merged into the ram block. Providing additional output register may help in improving timing.
INFO: [Synth 8-7052] The timing for the instance i_0/u_depth_mem/gen_depth_banks[7].u_depth_core/ram_reg (implemented as a Block RAM) might be sub-optimal as no optional output register could be merged into the ram block. Providing additional output register may help in improving timing.
INFO: [Synth 8-7052] The timing for the instance i_0/u_depth_mem/gen_depth_banks[8].u_depth_core/ram_reg (implemented as a Block RAM) might be sub-optimal as no optional output register could be merged into the ram block. Providing additional output register may help in improving timing.
INFO: [Synth 8-7052] The timing for the instance i_0/u_point_mem/gen_point_banks[0].u_point_core/ram_reg_bram_0 (implemented as a Block RAM) might be sub-optimal as no optional output register could be merged into the ram block. Providing additional output register may help in improving timing.
INFO: [Synth 8-7052] The timing for the instance i_0/u_point_mem/gen_point_banks[0].u_point_core/ram_reg_bram_1 (implemented as a Block RAM) might be sub-optimal as no optional output register could be merged into the ram block. Providing additional output register may help in improving timing.
INFO: [Synth 8-7052] The timing for the instance i_0/u_point_mem/gen_point_banks[1].u_point_core/ram_reg_bram_0 (implemented as a Block RAM) might be sub-optimal as no optional output register could be merged into the ram block. Providing additional output register may help in improving timing.
INFO: [Synth 8-7052] The timing for the instance i_0/u_point_mem/gen_point_banks[1].u_point_core/ram_reg_bram_1 (implemented as a Block RAM) might be sub-optimal as no optional output register could be merged into the ram block. Providing additional output register may help in improving timing.
INFO: [Synth 8-7052] The timing for the instance i_0/u_point_mem/gen_point_banks[2].u_point_core/ram_reg_bram_0 (implemented as a Block RAM) might be sub-optimal as no optional output register could be merged into the ram block. Providing additional output register may help in improving timing.
INFO: [Synth 8-7052] The timing for the instance i_0/u_point_mem/gen_point_banks[2].u_point_core/ram_reg_bram_1 (implemented as a Block RAM) might be sub-optimal as no optional output register could be merged into the ram block. Providing additional output register may help in improving timing.
INFO: [Synth 8-7052] The timing for the instance i_0/u_point_mem/gen_point_banks[3].u_point_core/ram_reg_bram_0 (implemented as a Block RAM) might be sub-optimal as no optional output register could be merged into the ram block. Providing additional output register may help in improving timing.
INFO: [Synth 8-7052] The timing for the instance i_0/u_point_mem/gen_point_banks[3].u_point_core/ram_reg_bram_1 (implemented as a Block RAM) might be sub-optimal as no optional output register could be merged into the ram block. Providing additional output register may help in improving timing.
INFO: [Synth 8-7052] The timing for the instance i_0/u_point_mem/gen_point_banks[4].u_point_core/ram_reg_bram_0 (implemented as a Block RAM) might be sub-optimal as no optional output register could be merged into the ram block. Providing additional output register may help in improving timing.
INFO: [Synth 8-7052] The timing for the instance i_0/u_point_mem/gen_point_banks[4].u_point_core/ram_reg_bram_1 (implemented as a Block RAM) might be sub-optimal as no optional output register could be merged into the ram block. Providing additional output register may help in improving timing.
INFO: [Synth 8-7052] The timing for the instance i_0/u_point_mem/gen_point_banks[5].u_point_core/ram_reg_bram_0 (implemented as a Block RAM) might be sub-optimal as no optional output register could be merged into the ram block. Providing additional output register may help in improving timing.
INFO: [Synth 8-7052] The timing for the instance i_0/u_point_mem/gen_point_banks[5].u_point_core/ram_reg_bram_1 (implemented as a Block RAM) might be sub-optimal as no optional output register could be merged into the ram block. Providing additional output register may help in improving timing.
INFO: [Synth 8-7052] The timing for the instance i_0/u_point_mem/gen_point_banks[6].u_point_core/ram_reg_bram_0 (implemented as a Block RAM) might be sub-optimal as no optional output register could be merged into the ram block. Providing additional output register may help in improving timing.
INFO: [Synth 8-7052] The timing for the instance i_0/u_point_mem/gen_point_banks[6].u_point_core/ram_reg_bram_1 (implemented as a Block RAM) might be sub-optimal as no optional output register could be merged into the ram block. Providing additional output register may help in improving timing.
INFO: [Synth 8-7052] The timing for the instance i_0/u_point_mem/gen_point_banks[7].u_point_core/ram_reg_bram_0 (implemented as a Block RAM) might be sub-optimal as no optional output register could be merged into the ram block. Providing additional output register may help in improving timing.
INFO: [Synth 8-7052] The timing for the instance i_0/u_point_mem/gen_point_banks[7].u_point_core/ram_reg_bram_1 (implemented as a Block RAM) might be sub-optimal as no optional output register could be merged into the ram block. Providing additional output register may help in improving timing.
INFO: [Synth 8-7052] The timing for the instance i_0/u_point_mem/gen_point_banks[8].u_point_core/ram_reg_bram_0 (implemented as a Block RAM) might be sub-optimal as no optional output register could be merged into the ram block. Providing additional output register may help in improving timing.
INFO: [Synth 8-7052] The timing for the instance i_0/u_point_mem/gen_point_banks[8].u_point_core/ram_reg_bram_1 (implemented as a Block RAM) might be sub-optimal as no optional output register could be merged into the ram block. Providing additional output register may help in improving timing.
INFO: [Synth 8-7052] The timing for the instance i_0/u_point_mem/gen_point_banks[9].u_point_core/ram_reg_bram_0 (implemented as a Block RAM) might be sub-optimal as no optional output register could be merged into the ram block. Providing additional output register may help in improving timing.
INFO: [Synth 8-7052] The timing for the instance i_0/u_point_mem/gen_point_banks[9].u_point_core/ram_reg_bram_1 (implemented as a Block RAM) might be sub-optimal as no optional output register could be merged into the ram block. Providing additional output register may help in improving timing.
INFO: [Synth 8-7052] The timing for the instance i_0/u_point_mem/gen_point_banks[10].u_point_core/ram_reg_bram_0 (implemented as a Block RAM) might be sub-optimal as no optional output register could be merged into the ram block. Providing additional output register may help in improving timing.
INFO: [Synth 8-7052] The timing for the instance i_0/u_point_mem/gen_point_banks[10].u_point_core/ram_reg_bram_1 (implemented as a Block RAM) might be sub-optimal as no optional output register could be merged into the ram block. Providing additional output register may help in improving timing.
INFO: [Synth 8-7052] The timing for the instance i_0/u_point_mem/gen_point_banks[11].u_point_core/ram_reg_bram_0 (implemented as a Block RAM) might be sub-optimal as no optional output register could be merged into the ram block. Providing additional output register may help in improving timing.
INFO: [Synth 8-7052] The timing for the instance i_0/u_point_mem/gen_point_banks[11].u_point_core/ram_reg_bram_1 (implemented as a Block RAM) might be sub-optimal as no optional output register could be merged into the ram block. Providing additional output register may help in improving timing.
INFO: [Synth 8-7052] The timing for the instance i_0/u_point_mem/gen_point_banks[12].u_point_core/ram_reg_bram_0 (implemented as a Block RAM) might be sub-optimal as no optional output register could be merged into the ram block. Providing additional output register may help in improving timing.
INFO: [Synth 8-7052] The timing for the instance i_0/u_point_mem/gen_point_banks[12].u_point_core/ram_reg_bram_1 (implemented as a Block RAM) might be sub-optimal as no optional output register could be merged into the ram block. Providing additional output register may help in improving timing.
INFO: [Synth 8-7052] The timing for the instance i_0/u_point_mem/gen_point_banks[13].u_point_core/ram_reg_bram_0 (implemented as a Block RAM) might be sub-optimal as no optional output register could be merged into the ram block. Providing additional output register may help in improving timing.
INFO: [Synth 8-7052] The timing for the instance i_0/u_point_mem/gen_point_banks[13].u_point_core/ram_reg_bram_1 (implemented as a Block RAM) might be sub-optimal as no optional output register could be merged into the ram block. Providing additional output register may help in improving timing.
INFO: [Synth 8-7052] The timing for the instance i_0/u_point_mem/gen_point_banks[14].u_point_core/ram_reg_bram_0 (implemented as a Block RAM) might be sub-optimal as no optional output register could be merged into the ram block. Providing additional output register may help in improving timing.
INFO: [Synth 8-7052] The timing for the instance i_0/u_point_mem/gen_point_banks[14].u_point_core/ram_reg_bram_1 (implemented as a Block RAM) might be sub-optimal as no optional output register could be merged into the ram block. Providing additional output register may help in improving timing.
INFO: [Synth 8-7052] The timing for the instance i_0/u_point_mem/gen_point_banks[15].u_point_core/ram_reg_bram_0 (implemented as a Block RAM) might be sub-optimal as no optional output register could be merged into the ram block. Providing additional output register may help in improving timing.
INFO: [Synth 8-7052] The timing for the instance i_0/u_point_mem/gen_point_banks[15].u_point_core/ram_reg_bram_1 (implemented as a Block RAM) might be sub-optimal as no optional output register could be merged into the ram block. Providing additional output register may help in improving timing.
---------------------------------------------------------------------------------
Finished Technology Mapping : Time (s): cpu = 00:04:29 ; elapsed = 00:04:59 . Memory (MB): peak = 3220.141 ; gain = 1671.957
---------------------------------------------------------------------------------
---------------------------------------------------------------------------------
Start IO Insertion
---------------------------------------------------------------------------------
---------------------------------------------------------------------------------
Start Flattening Before IO Insertion
---------------------------------------------------------------------------------
---------------------------------------------------------------------------------
Finished Flattening Before IO Insertion
---------------------------------------------------------------------------------
---------------------------------------------------------------------------------
Start Final Netlist Cleanup
---------------------------------------------------------------------------------
INFO: [Synth 8-7052] The timing for the instance u_depth_mem/gen_depth_banks[0].u_depth_core/ram_reg (implemented as a Block RAM) might be sub-optimal as no optional output register could be merged into the ram block. Providing additional output register may help in improving timing.
INFO: [Synth 8-7052] The timing for the instance u_depth_mem/gen_depth_banks[1].u_depth_core/ram_reg (implemented as a Block RAM) might be sub-optimal as no optional output register could be merged into the ram block. Providing additional output register may help in improving timing.
INFO: [Synth 8-7052] The timing for the instance u_depth_mem/gen_depth_banks[2].u_depth_core/ram_reg (implemented as a Block RAM) might be sub-optimal as no optional output register could be merged into the ram block. Providing additional output register may help in improving timing.
INFO: [Synth 8-7052] The timing for the instance u_depth_mem/gen_depth_banks[3].u_depth_core/ram_reg (implemented as a Block RAM) might be sub-optimal as no optional output register could be merged into the ram block. Providing additional output register may help in improving timing.
INFO: [Synth 8-7052] The timing for the instance u_depth_mem/gen_depth_banks[4].u_depth_core/ram_reg (implemented as a Block RAM) might be sub-optimal as no optional output register could be merged into the ram block. Providing additional output register may help in improving timing.
INFO: [Synth 8-7052] The timing for the instance u_depth_mem/gen_depth_banks[5].u_depth_core/ram_reg (implemented as a Block RAM) might be sub-optimal as no optional output register could be merged into the ram block. Providing additional output register may help in improving timing.
INFO: [Synth 8-7052] The timing for the instance u_depth_mem/gen_depth_banks[6].u_depth_core/ram_reg (implemented as a Block RAM) might be sub-optimal as no optional output register could be merged into the ram block. Providing additional output register may help in improving timing.
INFO: [Synth 8-7052] The timing for the instance u_depth_mem/gen_depth_banks[7].u_depth_core/ram_reg (implemented as a Block RAM) might be sub-optimal as no optional output register could be merged into the ram block. Providing additional output register may help in improving timing.
INFO: [Synth 8-7052] The timing for the instance u_depth_mem/gen_depth_banks[8].u_depth_core/ram_reg (implemented as a Block RAM) might be sub-optimal as no optional output register could be merged into the ram block. Providing additional output register may help in improving timing.
INFO: [Synth 8-7052] The timing for the instance u_point_mem/gen_point_banks[0].u_point_core/ram_reg_bram_0 (implemented as a Block RAM) might be sub-optimal as no optional output register could be merged into the ram block. Providing additional output register may help in improving timing.
INFO: [Synth 8-7052] The timing for the instance u_point_mem/gen_point_banks[0].u_point_core/ram_reg_bram_1 (implemented as a Block RAM) might be sub-optimal as no optional output register could be merged into the ram block. Providing additional output register may help in improving timing.
INFO: [Synth 8-7052] The timing for the instance u_point_mem/gen_point_banks[1].u_point_core/ram_reg_bram_0 (implemented as a Block RAM) might be sub-optimal as no optional output register could be merged into the ram block. Providing additional output register may help in improving timing.
INFO: [Synth 8-7052] The timing for the instance u_point_mem/gen_point_banks[1].u_point_core/ram_reg_bram_1 (implemented as a Block RAM) might be sub-optimal as no optional output register could be merged into the ram block. Providing additional output register may help in improving timing.
INFO: [Synth 8-7052] The timing for the instance u_point_mem/gen_point_banks[2].u_point_core/ram_reg_bram_0 (implemented as a Block RAM) might be sub-optimal as no optional output register could be merged into the ram block. Providing additional output register may help in improving timing.
INFO: [Synth 8-7052] The timing for the instance u_point_mem/gen_point_banks[2].u_point_core/ram_reg_bram_1 (implemented as a Block RAM) might be sub-optimal as no optional output register could be merged into the ram block. Providing additional output register may help in improving timing.
INFO: [Synth 8-7052] The timing for the instance u_point_mem/gen_point_banks[3].u_point_core/ram_reg_bram_0 (implemented as a Block RAM) might be sub-optimal as no optional output register could be merged into the ram block. Providing additional output register may help in improving timing.
INFO: [Synth 8-7052] The timing for the instance u_point_mem/gen_point_banks[3].u_point_core/ram_reg_bram_1 (implemented as a Block RAM) might be sub-optimal as no optional output register could be merged into the ram block. Providing additional output register may help in improving timing.
INFO: [Synth 8-7052] The timing for the instance u_point_mem/gen_point_banks[4].u_point_core/ram_reg_bram_0 (implemented as a Block RAM) might be sub-optimal as no optional output register could be merged into the ram block. Providing additional output register may help in improving timing.
INFO: [Synth 8-7052] The timing for the instance u_point_mem/gen_point_banks[4].u_point_core/ram_reg_bram_1 (implemented as a Block RAM) might be sub-optimal as no optional output register could be merged into the ram block. Providing additional output register may help in improving timing.
INFO: [Synth 8-7052] The timing for the instance u_point_mem/gen_point_banks[5].u_point_core/ram_reg_bram_0 (implemented as a Block RAM) might be sub-optimal as no optional output register could be merged into the ram block. Providing additional output register may help in improving timing.
INFO: [Synth 8-7052] The timing for the instance u_point_mem/gen_point_banks[5].u_point_core/ram_reg_bram_1 (implemented as a Block RAM) might be sub-optimal as no optional output register could be merged into the ram block. Providing additional output register may help in improving timing.
INFO: [Synth 8-7052] The timing for the instance u_point_mem/gen_point_banks[6].u_point_core/ram_reg_bram_0 (implemented as a Block RAM) might be sub-optimal as no optional output register could be merged into the ram block. Providing additional output register may help in improving timing.
INFO: [Synth 8-7052] The timing for the instance u_point_mem/gen_point_banks[6].u_point_core/ram_reg_bram_1 (implemented as a Block RAM) might be sub-optimal as no optional output register could be merged into the ram block. Providing additional output register may help in improving timing.
INFO: [Synth 8-7052] The timing for the instance u_point_mem/gen_point_banks[7].u_point_core/ram_reg_bram_0 (implemented as a Block RAM) might be sub-optimal as no optional output register could be merged into the ram block. Providing additional output register may help in improving timing.
INFO: [Synth 8-7052] The timing for the instance u_point_mem/gen_point_banks[7].u_point_core/ram_reg_bram_1 (implemented as a Block RAM) might be sub-optimal as no optional output register could be merged into the ram block. Providing additional output register may help in improving timing.
INFO: [Synth 8-7052] The timing for the instance u_point_mem/gen_point_banks[8].u_point_core/ram_reg_bram_0 (implemented as a Block RAM) might be sub-optimal as no optional output register could be merged into the ram block. Providing additional output register may help in improving timing.
INFO: [Synth 8-7052] The timing for the instance u_point_mem/gen_point_banks[8].u_point_core/ram_reg_bram_1 (implemented as a Block RAM) might be sub-optimal as no optional output register could be merged into the ram block. Providing additional output register may help in improving timing.
INFO: [Synth 8-7052] The timing for the instance u_point_mem/gen_point_banks[9].u_point_core/ram_reg_bram_0 (implemented as a Block RAM) might be sub-optimal as no optional output register could be merged into the ram block. Providing additional output register may help in improving timing.
INFO: [Synth 8-7052] The timing for the instance u_point_mem/gen_point_banks[9].u_point_core/ram_reg_bram_1 (implemented as a Block RAM) might be sub-optimal as no optional output register could be merged into the ram block. Providing additional output register may help in improving timing.
INFO: [Synth 8-7052] The timing for the instance u_point_mem/gen_point_banks[10].u_point_core/ram_reg_bram_0 (implemented as a Block RAM) might be sub-optimal as no optional output register could be merged into the ram block. Providing additional output register may help in improving timing.
INFO: [Synth 8-7052] The timing for the instance u_point_mem/gen_point_banks[10].u_point_core/ram_reg_bram_1 (implemented as a Block RAM) might be sub-optimal as no optional output register could be merged into the ram block. Providing additional output register may help in improving timing.
INFO: [Synth 8-7052] The timing for the instance u_point_mem/gen_point_banks[11].u_point_core/ram_reg_bram_0 (implemented as a Block RAM) might be sub-optimal as no optional output register could be merged into the ram block. Providing additional output register may help in improving timing.
INFO: [Synth 8-7052] The timing for the instance u_point_mem/gen_point_banks[11].u_point_core/ram_reg_bram_1 (implemented as a Block RAM) might be sub-optimal as no optional output register could be merged into the ram block. Providing additional output register may help in improving timing.
INFO: [Synth 8-7052] The timing for the instance u_point_mem/gen_point_banks[12].u_point_core/ram_reg_bram_0 (implemented as a Block RAM) might be sub-optimal as no optional output register could be merged into the ram block. Providing additional output register may help in improving timing.
INFO: [Synth 8-7052] The timing for the instance u_point_mem/gen_point_banks[12].u_point_core/ram_reg_bram_1 (implemented as a Block RAM) might be sub-optimal as no optional output register could be merged into the ram block. Providing additional output register may help in improving timing.
INFO: [Synth 8-7052] The timing for the instance u_point_mem/gen_point_banks[13].u_point_core/ram_reg_bram_0 (implemented as a Block RAM) might be sub-optimal as no optional output register could be merged into the ram block. Providing additional output register may help in improving timing.
INFO: [Synth 8-7052] The timing for the instance u_point_mem/gen_point_banks[13].u_point_core/ram_reg_bram_1 (implemented as a Block RAM) might be sub-optimal as no optional output register could be merged into the ram block. Providing additional output register may help in improving timing.
INFO: [Synth 8-7052] The timing for the instance u_point_mem/gen_point_banks[14].u_point_core/ram_reg_bram_0 (implemented as a Block RAM) might be sub-optimal as no optional output register could be merged into the ram block. Providing additional output register may help in improving timing.
INFO: [Synth 8-7052] The timing for the instance u_point_mem/gen_point_banks[14].u_point_core/ram_reg_bram_1 (implemented as a Block RAM) might be sub-optimal as no optional output register could be merged into the ram block. Providing additional output register may help in improving timing.
INFO: [Synth 8-7052] The timing for the instance u_point_mem/gen_point_banks[15].u_point_core/ram_reg_bram_0 (implemented as a Block RAM) might be sub-optimal as no optional output register could be merged into the ram block. Providing additional output register may help in improving timing.
INFO: [Synth 8-7052] The timing for the instance u_point_mem/gen_point_banks[15].u_point_core/ram_reg_bram_1 (implemented as a Block RAM) might be sub-optimal as no optional output register could be merged into the ram block. Providing additional output register may help in improving timing.
---------------------------------------------------------------------------------
Finished Final Netlist Cleanup
---------------------------------------------------------------------------------
---------------------------------------------------------------------------------
Finished IO Insertion : Time (s): cpu = 00:05:06 ; elapsed = 00:05:37 . Memory (MB): peak = 3395.574 ; gain = 1847.391
---------------------------------------------------------------------------------
---------------------------------------------------------------------------------
Start Renaming Generated Instances
---------------------------------------------------------------------------------
---------------------------------------------------------------------------------
Finished Renaming Generated Instances : Time (s): cpu = 00:05:07 ; elapsed = 00:05:38 . Memory (MB): peak = 3395.574 ; gain = 1847.391
---------------------------------------------------------------------------------
---------------------------------------------------------------------------------
Start Rebuilding User Hierarchy
---------------------------------------------------------------------------------
---------------------------------------------------------------------------------
Finished Rebuilding User Hierarchy : Time (s): cpu = 00:06:21 ; elapsed = 00:06:52 . Memory (MB): peak = 3690.262 ; gain = 2142.078
---------------------------------------------------------------------------------
---------------------------------------------------------------------------------
Start Renaming Generated Ports
---------------------------------------------------------------------------------
---------------------------------------------------------------------------------
Finished Renaming Generated Ports : Time (s): cpu = 00:06:22 ; elapsed = 00:06:54 . Memory (MB): peak = 3690.262 ; gain = 2142.078
---------------------------------------------------------------------------------
---------------------------------------------------------------------------------
Start Handling Custom Attributes
---------------------------------------------------------------------------------
---------------------------------------------------------------------------------
Finished Handling Custom Attributes : Time (s): cpu = 00:06:31 ; elapsed = 00:07:03 . Memory (MB): peak = 3690.262 ; gain = 2142.078
---------------------------------------------------------------------------------
---------------------------------------------------------------------------------
Start Renaming Generated Nets
---------------------------------------------------------------------------------
---------------------------------------------------------------------------------
Finished Renaming Generated Nets : Time (s): cpu = 00:06:32 ; elapsed = 00:07:04 . Memory (MB): peak = 3690.262 ; gain = 2142.078
---------------------------------------------------------------------------------
---------------------------------------------------------------------------------
Start ROM, RAM, DSP, Shift Register and Retiming Reporting
---------------------------------------------------------------------------------

Static Shift Register Report:
+---------------+-----------------------------------------------+--------+-------+--------------+--------------------+-------------------+--------+---------+
|Module Name    | RTL Name                                      | Length | Width | Reset Signal | Pull out first Reg | Pull out last Reg | SRL16E | SRLC32E | 
+---------------+-----------------------------------------------+--------+-------+--------------+--------------------+-------------------+--------+---------+
|pw_top         | last_pipe_reg[9]                              | 10     | 1     | YES          | NO                 | YES               | 1      | 0       | 
|pw_top         | mode_pipe_reg[6]                              | 7      | 1     | YES          | NO                 | YES               | 1      | 0       | 
|pw_top         | first_pipe_reg[6]                             | 7      | 1     | YES          | NO                 | YES               | 1      | 0       | 
|rd_fsm_control | padding_pipes_reg[2]                          | 3      | 1     | NO           | NO                 | YES               | 1      | 0       | 
|top            | mem_1/bank_gen[0].u_mem_bank/ena_pipes_reg[2] | 3      | 5     | NO           | NO                 | YES               | 5      | 0       | 
|top            | u_img_mem/sub_addr_pipe_reg[0][2][1]          | 3      | 2     | NO           | NO                 | YES               | 2      | 0       | 
|top            | u_img_mem/ena_pipes_reg[2][2]                 | 3      | 2     | NO           | NO                 | YES               | 2      | 0       | 
|top            | mem_0/bank_gen[3].u_mem_bank/ena_pipes_reg[2] | 3      | 4     | NO           | NO                 | YES               | 4      | 0       | 
|top            | mem_2/bank_gen[0].u_mem_bank/ena_pipes_reg[2] | 3      | 5     | NO           | NO                 | YES               | 5      | 0       | 
|top            | mem_3/bank_gen[3].u_mem_bank/ena_pipes_reg[2] | 3      | 2     | NO           | NO                 | YES               | 2      | 0       | 
|top            | mem_4/bank_gen[7].u_mem_bank/ena_pipes_reg[2] | 3      | 1     | NO           | NO                 | YES               | 1      | 0       | 
|top            | mem_5/bank_gen[7].u_mem_bank/ena_pipes_reg[2] | 3      | 1     | NO           | NO                 | YES               | 1      | 0       | 
+---------------+-----------------------------------------------+--------+-------+--------------+--------------------+-------------------+--------+---------+

---------------------------------------------------------------------------------
Finished ROM, RAM, DSP, Shift Register and Retiming Reporting
---------------------------------------------------------------------------------
---------------------------------------------------------------------------------
Start Writing Synthesis Report
---------------------------------------------------------------------------------

DSP Final Report (the ' indicates corresponding REG is set)
+------------+--------------+--------+--------+--------+--------+--------+------+------+------+------+-------+------+------+
|Module Name | DSP Mapping  | A Size | B Size | C Size | D Size | P Size | AREG | BREG | CREG | DREG | ADREG | MREG | PREG | 
+------------+--------------+--------+--------+--------+--------+--------+------+------+------+------+-------+------+------+
|MAC_9DSP    | ((A'*B'')')' | 30     | 18     | -      | -      | 32     | 1    | 2    | -    | -    | -     | 1    | 1    | 
|MAC_9DSP    | ((A'*B'')')' | 30     | 18     | -      | -      | 32     | 1    | 2    | -    | -    | -     | 1    | 1    | 
|MAC_9DSP    | ((A'*B'')')' | 30     | 18     | -      | -      | 32     | 1    | 2    | -    | -    | -     | 1    | 1    | 
|MAC_9DSP    | ((A'*B'')')' | 30     | 18     | -      | -      | 32     | 1    | 2    | -    | -    | -     | 1    | 1    | 
|MAC_9DSP    | ((A'*B'')')' | 30     | 18     | -      | -      | 32     | 1    | 2    | -    | -    | -     | 1    | 1    | 
|MAC_9DSP    | ((A'*B'')')' | 30     | 18     | -      | -      | 32     | 1    | 2    | -    | -    | -     | 1    | 1    | 
|MAC_9DSP    | ((A'*B'')')' | 30     | 18     | -      | -      | 32     | 1    | 2    | -    | -    | -     | 1    | 1    | 
|MAC_9DSP    | ((A'*B'')')' | 30     | 18     | -      | -      | 32     | 1    | 2    | -    | -    | -     | 1    | 1    | 
|MAC_9DSP    | ((A'*B'')')' | 30     | 18     | -      | -      | 32     | 1    | 2    | -    | -    | -     | 1    | 1    | 
|MAC_9DSP    | ((A'*B'')')' | 30     | 18     | -      | -      | 32     | 1    | 2    | -    | -    | -     | 1    | 1    | 
|MAC_9DSP    | ((A'*B'')')' | 30     | 18     | -      | -      | 32     | 1    | 2    | -    | -    | -     | 1    | 1    | 
|MAC_9DSP    | ((A'*B'')')' | 30     | 18     | -      | -      | 32     | 1    | 2    | -    | -    | -     | 1    | 1    | 
|MAC_9DSP    | ((A'*B'')')' | 30     | 18     | -      | -      | 32     | 1    | 2    | -    | -    | -     | 1    | 1    | 
|MAC_9DSP    | ((A'*B'')')' | 30     | 18     | -      | -      | 32     | 1    | 2    | -    | -    | -     | 1    | 1    | 
|MAC_9DSP    | ((A'*B'')')' | 30     | 18     | -      | -      | 32     | 1    | 2    | -    | -    | -     | 1    | 1    | 
|MAC_9DSP    | ((A'*B'')')' | 30     | 18     | -      | -      | 32     | 1    | 2    | -    | -    | -     | 1    | 1    | 
|MAC_9DSP    | ((A'*B'')')' | 30     | 18     | -      | -      | 32     | 1    | 2    | -    | -    | -     | 1    | 1    | 
|MAC_9DSP    | ((A'*B'')')' | 30     | 18     | -      | -      | 32     | 1    | 2    | -    | -    | -     | 1    | 1    | 
|MAC_9DSP    | ((A'*B'')')' | 30     | 18     | -      | -      | 32     | 1    | 2    | -    | -    | -     | 1    | 1    | 
|MAC_9DSP    | ((A'*B'')')' | 30     | 18     | -      | -      | 32     | 1    | 2    | -    | -    | -     | 1    | 1    | 
|MAC_9DSP    | ((A'*B'')')' | 30     | 18     | -      | -      | 32     | 1    | 2    | -    | -    | -     | 1    | 1    | 
|MAC_9DSP    | ((A'*B'')')' | 30     | 18     | -      | -      | 32     | 1    | 2    | -    | -    | -     | 1    | 1    | 
|MAC_9DSP    | ((A'*B'')')' | 30     | 18     | -      | -      | 32     | 1    | 2    | -    | -    | -     | 1    | 1    | 
|MAC_9DSP    | ((A'*B'')')' | 30     | 18     | -      | -      | 32     | 1    | 2    | -    | -    | -     | 1    | 1    | 
|MAC_9DSP    | ((A'*B'')')' | 30     | 18     | -      | -      | 32     | 1    | 2    | -    | -    | -     | 1    | 1    | 
|MAC_9DSP    | ((A'*B'')')' | 30     | 18     | -      | -      | 32     | 1    | 2    | -    | -    | -     | 1    | 1    | 
|MAC_9DSP    | ((A'*B'')')' | 30     | 18     | -      | -      | 32     | 1    | 2    | -    | -    | -     | 1    | 1    | 
|MAC_9DSP    | ((A'*B'')')' | 30     | 18     | -      | -      | 32     | 1    | 2    | -    | -    | -     | 1    | 1    | 
|MAC_9DSP    | ((A'*B'')')' | 30     | 18     | -      | -      | 32     | 1    | 2    | -    | -    | -     | 1    | 1    | 
|MAC_9DSP    | ((A'*B'')')' | 30     | 18     | -      | -      | 32     | 1    | 2    | -    | -    | -     | 1    | 1    | 
|MAC_9DSP    | ((A'*B'')')' | 30     | 18     | -      | -      | 32     | 1    | 2    | -    | -    | -     | 1    | 1    | 
|MAC_9DSP    | ((A'*B'')')' | 30     | 18     | -      | -      | 32     | 1    | 2    | -    | -    | -     | 1    | 1    | 
|MAC_9DSP    | ((A'*B'')')' | 30     | 18     | -      | -      | 32     | 1    | 2    | -    | -    | -     | 1    | 1    | 
|MAC_9DSP    | ((A'*B'')')' | 30     | 18     | -      | -      | 32     | 1    | 2    | -    | -    | -     | 1    | 1    | 
|MAC_9DSP    | ((A'*B'')')' | 30     | 18     | -      | -      | 32     | 1    | 2    | -    | -    | -     | 1    | 1    | 
|MAC_9DSP    | ((A'*B'')')' | 30     | 18     | -      | -      | 32     | 1    | 2    | -    | -    | -     | 1    | 1    | 
|MAC_9DSP    | ((A'*B'')')' | 30     | 18     | -      | -      | 32     | 1    | 2    | -    | -    | -     | 1    | 1    | 
|MAC_9DSP    | ((A'*B'')')' | 30     | 18     | -      | -      | 32     | 1    | 2    | -    | -    | -     | 1    | 1    | 
|MAC_9DSP    | ((A'*B'')')' | 30     | 18     | -      | -      | 32     | 1    | 2    | -    | -    | -     | 1    | 1    | 
|MAC_9DSP    | ((A'*B'')')' | 30     | 18     | -      | -      | 32     | 1    | 2    | -    | -    | -     | 1    | 1    | 
|MAC_9DSP    | ((A'*B'')')' | 30     | 18     | -      | -      | 32     | 1    | 2    | -    | -    | -     | 1    | 1    | 
|MAC_9DSP    | ((A'*B'')')' | 30     | 18     | -      | -      | 32     | 1    | 2    | -    | -    | -     | 1    | 1    | 
|MAC_9DSP    | ((A'*B'')')' | 30     | 18     | -      | -      | 32     | 1    | 2    | -    | -    | -     | 1    | 1    | 
|MAC_9DSP    | ((A'*B'')')' | 30     | 18     | -      | -      | 32     | 1    | 2    | -    | -    | -     | 1    | 1    | 
|MAC_9DSP    | ((A'*B'')')' | 30     | 18     | -      | -      | 32     | 1    | 2    | -    | -    | -     | 1    | 1    | 
|MAC_9DSP    | ((A'*B'')')' | 30     | 18     | -      | -      | 32     | 1    | 2    | -    | -    | -     | 1    | 1    | 
|MAC_9DSP    | ((A'*B'')')' | 30     | 18     | -      | -      | 32     | 1    | 2    | -    | -    | -     | 1    | 1    | 
|MAC_9DSP    | ((A'*B'')')' | 30     | 18     | -      | -      | 32     | 1    | 2    | -    | -    | -     | 1    | 1    | 
|MAC_9DSP    | ((A'*B'')')' | 30     | 18     | -      | -      | 32     | 1    | 2    | -    | -    | -     | 1    | 1    | 
|MAC_9DSP    | ((A'*B'')')' | 30     | 18     | -      | -      | 32     | 1    | 2    | -    | -    | -     | 1    | 1    | 
|MAC_9DSP    | ((A'*B'')')' | 30     | 18     | -      | -      | 32     | 1    | 2    | -    | -    | -     | 1    | 1    | 
|MAC_9DSP    | ((A'*B'')')' | 30     | 18     | -      | -      | 32     | 1    | 2    | -    | -    | -     | 1    | 1    | 
|MAC_9DSP    | ((A'*B'')')' | 30     | 18     | -      | -      | 32     | 1    | 2    | -    | -    | -     | 1    | 1    | 
|MAC_9DSP    | ((A'*B'')')' | 30     | 18     | -      | -      | 32     | 1    | 2    | -    | -    | -     | 1    | 1    | 
|MAC_9DSP    | ((A'*B'')')' | 30     | 18     | -      | -      | 32     | 1    | 2    | -    | -    | -     | 1    | 1    | 
|MAC_9DSP    | ((A'*B'')')' | 30     | 18     | -      | -      | 32     | 1    | 2    | -    | -    | -     | 1    | 1    | 
|MAC_9DSP    | ((A'*B'')')' | 30     | 18     | -      | -      | 32     | 1    | 2    | -    | -    | -     | 1    | 1    | 
|MAC_9DSP    | ((A'*B'')')' | 30     | 18     | -      | -      | 32     | 1    | 2    | -    | -    | -     | 1    | 1    | 
|MAC_9DSP    | ((A'*B'')')' | 30     | 18     | -      | -      | 32     | 1    | 2    | -    | -    | -     | 1    | 1    | 
|MAC_9DSP    | ((A'*B'')')' | 30     | 18     | -      | -      | 32     | 1    | 2    | -    | -    | -     | 1    | 1    | 
|MAC_9DSP    | ((A'*B'')')' | 30     | 18     | -      | -      | 32     | 1    | 2    | -    | -    | -     | 1    | 1    | 
|MAC_9DSP    | ((A'*B'')')' | 30     | 18     | -      | -      | 32     | 1    | 2    | -    | -    | -     | 1    | 1    | 
|MAC_9DSP    | ((A'*B'')')' | 30     | 18     | -      | -      | 32     | 1    | 2    | -    | -    | -     | 1    | 1    | 
|MAC_9DSP    | ((A'*B'')')' | 30     | 18     | -      | -      | 32     | 1    | 2    | -    | -    | -     | 1    | 1    | 
|MAC_9DSP    | ((A'*B'')')' | 30     | 18     | -      | -      | 32     | 1    | 2    | -    | -    | -     | 1    | 1    | 
|MAC_9DSP    | ((A'*B'')')' | 30     | 18     | -      | -      | 32     | 1    | 2    | -    | -    | -     | 1    | 1    | 
|MAC_9DSP    | ((A'*B'')')' | 30     | 18     | -      | -      | 32     | 1    | 2    | -    | -    | -     | 1    | 1    | 
|MAC_9DSP    | ((A'*B'')')' | 30     | 18     | -      | -      | 32     | 1    | 2    | -    | -    | -     | 1    | 1    | 
|MAC_9DSP    | ((A'*B'')')' | 30     | 18     | -      | -      | 32     | 1    | 2    | -    | -    | -     | 1    | 1    | 
|MAC_9DSP    | ((A'*B'')')' | 30     | 18     | -      | -      | 32     | 1    | 2    | -    | -    | -     | 1    | 1    | 
|MAC_9DSP    | ((A'*B'')')' | 30     | 18     | -      | -      | 32     | 1    | 2    | -    | -    | -     | 1    | 1    | 
|MAC_9DSP    | ((A'*B'')')' | 30     | 18     | -      | -      | 32     | 1    | 2    | -    | -    | -     | 1    | 1    | 
|MAC_9DSP    | ((A'*B'')')' | 30     | 18     | -      | -      | 32     | 1    | 2    | -    | -    | -     | 1    | 1    | 
|MAC_9DSP    | ((A'*B'')')' | 30     | 18     | -      | -      | 32     | 1    | 2    | -    | -    | -     | 1    | 1    | 
|MAC_9DSP    | ((A'*B'')')' | 30     | 18     | -      | -      | 32     | 1    | 2    | -    | -    | -     | 1    | 1    | 
|MAC_9DSP    | ((A'*B'')')' | 30     | 18     | -      | -      | 32     | 1    | 2    | -    | -    | -     | 1    | 1    | 
|MAC_9DSP    | ((A'*B'')')' | 30     | 18     | -      | -      | 32     | 1    | 2    | -    | -    | -     | 1    | 1    | 
|MAC_9DSP    | ((A'*B'')')' | 30     | 18     | -      | -      | 32     | 1    | 2    | -    | -    | -     | 1    | 1    | 
|MAC_9DSP    | ((A'*B'')')' | 30     | 18     | -      | -      | 32     | 1    | 2    | -    | -    | -     | 1    | 1    | 
|MAC_9DSP    | ((A'*B'')')' | 30     | 18     | -      | -      | 32     | 1    | 2    | -    | -    | -     | 1    | 1    | 
|MAC_9DSP    | ((A'*B'')')' | 30     | 18     | -      | -      | 32     | 1    | 2    | -    | -    | -     | 1    | 1    | 
|MAC_9DSP    | ((A'*B'')')' | 30     | 18     | -      | -      | 32     | 1    | 2    | -    | -    | -     | 1    | 1    | 
|MAC_9DSP    | ((A'*B'')')' | 30     | 18     | -      | -      | 32     | 1    | 2    | -    | -    | -     | 1    | 1    | 
|MAC_9DSP    | ((A'*B'')')' | 30     | 18     | -      | -      | 32     | 1    | 2    | -    | -    | -     | 1    | 1    | 
|MAC_9DSP    | ((A'*B'')')' | 30     | 18     | -      | -      | 32     | 1    | 2    | -    | -    | -     | 1    | 1    | 
|MAC_9DSP    | ((A'*B'')')' | 30     | 18     | -      | -      | 32     | 1    | 2    | -    | -    | -     | 1    | 1    | 
|MAC_9DSP    | ((A'*B'')')' | 30     | 18     | -      | -      | 32     | 1    | 2    | -    | -    | -     | 1    | 1    | 
|MAC_9DSP    | ((A'*B'')')' | 30     | 18     | -      | -      | 32     | 1    | 2    | -    | -    | -     | 1    | 1    | 
|MAC_9DSP    | ((A'*B'')')' | 30     | 18     | -      | -      | 32     | 1    | 2    | -    | -    | -     | 1    | 1    | 
|MAC_9DSP    | ((A'*B'')')' | 30     | 18     | -      | -      | 32     | 1    | 2    | -    | -    | -     | 1    | 1    | 
|MAC_9DSP    | ((A'*B'')')' | 30     | 18     | -      | -      | 32     | 1    | 2    | -    | -    | -     | 1    | 1    | 
|MAC_9DSP    | ((A'*B'')')' | 30     | 18     | -      | -      | 32     | 1    | 2    | -    | -    | -     | 1    | 1    | 
|MAC_9DSP    | ((A'*B'')')' | 30     | 18     | -      | -      | 32     | 1    | 2    | -    | -    | -     | 1    | 1    | 
|MAC_9DSP    | ((A'*B'')')' | 30     | 18     | -      | -      | 32     | 1    | 2    | -    | -    | -     | 1    | 1    | 
|MAC_9DSP    | ((A'*B'')')' | 30     | 18     | -      | -      | 32     | 1    | 2    | -    | -    | -     | 1    | 1    | 
|MAC_9DSP    | ((A'*B'')')' | 30     | 18     | -      | -      | 32     | 1    | 2    | -    | -    | -     | 1    | 1    | 
|MAC_9DSP    | ((A'*B'')')' | 30     | 18     | -      | -      | 32     | 1    | 2    | -    | -    | -     | 1    | 1    | 
|MAC_9DSP    | ((A'*B'')')' | 30     | 18     | -      | -      | 32     | 1    | 2    | -    | -    | -     | 1    | 1    | 
|MAC_9DSP    | ((A'*B'')')' | 30     | 18     | -      | -      | 32     | 1    | 2    | -    | -    | -     | 1    | 1    | 
|MAC_9DSP    | ((A'*B'')')' | 30     | 18     | -      | -      | 32     | 1    | 2    | -    | -    | -     | 1    | 1    | 
|MAC_9DSP    | ((A'*B'')')' | 30     | 18     | -      | -      | 32     | 1    | 2    | -    | -    | -     | 1    | 1    | 
|MAC_9DSP    | ((A'*B'')')' | 30     | 18     | -      | -      | 32     | 1    | 2    | -    | -    | -     | 1    | 1    | 
|MAC_9DSP    | ((A'*B'')')' | 30     | 18     | -      | -      | 32     | 1    | 2    | -    | -    | -     | 1    | 1    | 
|MAC_9DSP    | ((A'*B'')')' | 30     | 18     | -      | -      | 32     | 1    | 2    | -    | -    | -     | 1    | 1    | 
|MAC_9DSP    | ((A'*B'')')' | 30     | 18     | -      | -      | 32     | 1    | 2    | -    | -    | -     | 1    | 1    | 
|MAC_9DSP    | ((A'*B'')')' | 30     | 18     | -      | -      | 32     | 1    | 2    | -    | -    | -     | 1    | 1    | 
|MAC_9DSP    | ((A'*B'')')' | 30     | 18     | -      | -      | 32     | 1    | 2    | -    | -    | -     | 1    | 1    | 
|MAC_9DSP    | ((A'*B'')')' | 30     | 18     | -      | -      | 32     | 1    | 2    | -    | -    | -     | 1    | 1    | 
|MAC_9DSP    | ((A'*B'')')' | 30     | 18     | -      | -      | 32     | 1    | 2    | -    | -    | -     | 1    | 1    | 
|MAC_9DSP    | ((A'*B'')')' | 30     | 18     | -      | -      | 32     | 1    | 2    | -    | -    | -     | 1    | 1    | 
|MAC_9DSP    | ((A'*B'')')' | 30     | 18     | -      | -      | 32     | 1    | 2    | -    | -    | -     | 1    | 1    | 
|MAC_9DSP    | ((A'*B'')')' | 30     | 18     | -      | -      | 32     | 1    | 2    | -    | -    | -     | 1    | 1    | 
|MAC_9DSP    | ((A'*B'')')' | 30     | 18     | -      | -      | 32     | 1    | 2    | -    | -    | -     | 1    | 1    | 
|MAC_9DSP    | ((A'*B'')')' | 30     | 18     | -      | -      | 32     | 1    | 2    | -    | -    | -     | 1    | 1    | 
|MAC_9DSP    | ((A'*B'')')' | 30     | 18     | -      | -      | 32     | 1    | 2    | -    | -    | -     | 1    | 1    | 
|MAC_9DSP    | ((A'*B'')')' | 30     | 18     | -      | -      | 32     | 1    | 2    | -    | -    | -     | 1    | 1    | 
|MAC_9DSP    | ((A'*B'')')' | 30     | 18     | -      | -      | 32     | 1    | 2    | -    | -    | -     | 1    | 1    | 
|MAC_9DSP    | ((A'*B'')')' | 30     | 18     | -      | -      | 32     | 1    | 2    | -    | -    | -     | 1    | 1    | 
|MAC_9DSP    | ((A'*B'')')' | 30     | 18     | -      | -      | 32     | 1    | 2    | -    | -    | -     | 1    | 1    | 
|MAC_9DSP    | ((A'*B'')')' | 30     | 18     | -      | -      | 32     | 1    | 2    | -    | -    | -     | 1    | 1    | 
|MAC_9DSP    | ((A'*B'')')' | 30     | 18     | -      | -      | 32     | 1    | 2    | -    | -    | -     | 1    | 1    | 
|MAC_9DSP    | ((A'*B'')')' | 30     | 18     | -      | -      | 32     | 1    | 2    | -    | -    | -     | 1    | 1    | 
|MAC_9DSP    | ((A'*B'')')' | 30     | 18     | -      | -      | 32     | 1    | 2    | -    | -    | -     | 1    | 1    | 
|MAC_9DSP    | ((A'*B'')')' | 30     | 18     | -      | -      | 32     | 1    | 2    | -    | -    | -     | 1    | 1    | 
|MAC_9DSP    | ((A'*B'')')' | 30     | 18     | -      | -      | 32     | 1    | 2    | -    | -    | -     | 1    | 1    | 
|MAC_9DSP    | ((A'*B'')')' | 30     | 18     | -      | -      | 32     | 1    | 2    | -    | -    | -     | 1    | 1    | 
|MAC_9DSP    | ((A'*B'')')' | 30     | 18     | -      | -      | 32     | 1    | 2    | -    | -    | -     | 1    | 1    | 
|MAC_9DSP    | ((A'*B'')')' | 30     | 18     | -      | -      | 32     | 1    | 2    | -    | -    | -     | 1    | 1    | 
|MAC_9DSP    | ((A'*B'')')' | 30     | 18     | -      | -      | 32     | 1    | 2    | -    | -    | -     | 1    | 1    | 
|MAC_9DSP    | ((A'*B'')')' | 30     | 18     | -      | -      | 32     | 1    | 2    | -    | -    | -     | 1    | 1    | 
|MAC_9DSP    | ((A'*B'')')' | 30     | 18     | -      | -      | 32     | 1    | 2    | -    | -    | -     | 1    | 1    | 
|MAC_9DSP    | ((A'*B'')')' | 30     | 18     | -      | -      | 32     | 1    | 2    | -    | -    | -     | 1    | 1    | 
|MAC_9DSP    | ((A'*B'')')' | 30     | 18     | -      | -      | 32     | 1    | 2    | -    | -    | -     | 1    | 1    | 
|MAC_9DSP    | ((A'*B'')')' | 30     | 18     | -      | -      | 32     | 1    | 2    | -    | -    | -     | 1    | 1    | 
|MAC_9DSP    | ((A'*B'')')' | 30     | 18     | -      | -      | 32     | 1    | 2    | -    | -    | -     | 1    | 1    | 
|MAC_9DSP    | ((A'*B'')')' | 30     | 18     | -      | -      | 32     | 1    | 2    | -    | -    | -     | 1    | 1    | 
|MAC_9DSP    | ((A'*B'')')' | 30     | 18     | -      | -      | 32     | 1    | 2    | -    | -    | -     | 1    | 1    | 
|MAC_9DSP    | ((A'*B'')')' | 30     | 18     | -      | -      | 32     | 1    | 2    | -    | -    | -     | 1    | 1    | 
|MAC_9DSP    | ((A'*B'')')' | 30     | 18     | -      | -      | 32     | 1    | 2    | -    | -    | -     | 1    | 1    | 
|MAC_9DSP    | ((A'*B'')')' | 30     | 18     | -      | -      | 32     | 1    | 2    | -    | -    | -     | 1    | 1    | 
|MAC_9DSP    | ((A'*B'')')' | 30     | 18     | -      | -      | 32     | 1    | 2    | -    | -    | -     | 1    | 1    | 
|MAC_9DSP    | ((A'*B'')')' | 30     | 18     | -      | -      | 32     | 1    | 2    | -    | -    | -     | 1    | 1    | 
|MAC_9DSP    | ((A'*B'')')' | 30     | 18     | -      | -      | 32     | 1    | 2    | -    | -    | -     | 1    | 1    | 
|MAC_9DSP    | ((A'*B'')')' | 30     | 18     | -      | -      | 32     | 1    | 2    | -    | -    | -     | 1    | 1    | 
|MAC_9DSP    | ((A'*B'')')' | 30     | 18     | -      | -      | 32     | 1    | 2    | -    | -    | -     | 1    | 1    | 
|MAC_9DSP    | ((A'*B'')')' | 30     | 18     | -      | -      | 32     | 1    | 2    | -    | -    | -     | 1    | 1    | 
|MAC_9DSP    | ((A'*B'')')' | 30     | 18     | -      | -      | 32     | 1    | 2    | -    | -    | -     | 1    | 1    | 
|MAC_9DSP    | ((A'*B'')')' | 30     | 18     | -      | -      | 32     | 1    | 2    | -    | -    | -     | 1    | 1    | 
|MAC_9DSP    | ((A'*B'')')' | 30     | 18     | -      | -      | 32     | 1    | 2    | -    | -    | -     | 1    | 1    | 
|MAC_9DSP    | ((A'*B'')')' | 30     | 18     | -      | -      | 32     | 1    | 2    | -    | -    | -     | 1    | 1    | 
|MAC_9DSP    | ((A'*B'')')' | 30     | 18     | -      | -      | 32     | 1    | 2    | -    | -    | -     | 1    | 1    | 
|MAC_9DSP    | ((A'*B'')')' | 30     | 18     | -      | -      | 32     | 1    | 2    | -    | -    | -     | 1    | 1    | 
|MAC_9DSP    | ((A'*B'')')' | 30     | 18     | -      | -      | 32     | 1    | 2    | -    | -    | -     | 1    | 1    | 
|MAC_9DSP    | ((A'*B'')')' | 30     | 18     | -      | -      | 32     | 1    | 2    | -    | -    | -     | 1    | 1    | 
|MAC_9DSP    | ((A'*B'')')' | 30     | 18     | -      | -      | 32     | 1    | 2    | -    | -    | -     | 1    | 1    | 
|MAC_9DSP    | ((A'*B'')')' | 30     | 18     | -      | -      | 32     | 1    | 2    | -    | -    | -     | 1    | 1    | 
|MAC_9DSP    | ((A'*B'')')' | 30     | 18     | -      | -      | 32     | 1    | 2    | -    | -    | -     | 1    | 1    | 
|MAC_9DSP    | ((A'*B'')')' | 30     | 18     | -      | -      | 32     | 1    | 2    | -    | -    | -     | 1    | 1    | 
|MAC_9DSP    | ((A'*B'')')' | 30     | 18     | -      | -      | 32     | 1    | 2    | -    | -    | -     | 1    | 1    | 
|MAC_9DSP    | ((A'*B'')')' | 30     | 18     | -      | -      | 32     | 1    | 2    | -    | -    | -     | 1    | 1    | 
|MAC_9DSP    | ((A'*B'')')' | 30     | 18     | -      | -      | 32     | 1    | 2    | -    | -    | -     | 1    | 1    | 
|MAC_9DSP    | ((A'*B'')')' | 30     | 18     | -      | -      | 32     | 1    | 2    | -    | -    | -     | 1    | 1    | 
|MAC_9DSP    | ((A'*B'')')' | 30     | 18     | -      | -      | 32     | 1    | 2    | -    | -    | -     | 1    | 1    | 
|MAC_9DSP    | ((A'*B'')')' | 30     | 18     | -      | -      | 32     | 1    | 2    | -    | -    | -     | 1    | 1    | 
|MAC_9DSP    | ((A'*B'')')' | 30     | 18     | -      | -      | 32     | 1    | 2    | -    | -    | -     | 1    | 1    | 
|MAC_9DSP    | ((A'*B'')')' | 30     | 18     | -      | -      | 32     | 1    | 2    | -    | -    | -     | 1    | 1    | 
|MAC_9DSP    | ((A'*B'')')' | 30     | 18     | -      | -      | 32     | 1    | 2    | -    | -    | -     | 1    | 1    | 
|MAC_9DSP    | ((A'*B'')')' | 30     | 18     | -      | -      | 32     | 1    | 2    | -    | -    | -     | 1    | 1    | 
|MAC_9DSP    | ((A'*B'')')' | 30     | 18     | -      | -      | 32     | 1    | 2    | -    | -    | -     | 1    | 1    | 
|MAC_9DSP    | ((A'*B'')')' | 30     | 18     | -      | -      | 32     | 1    | 2    | -    | -    | -     | 1    | 1    | 
|MAC_9DSP    | ((A'*B'')')' | 30     | 18     | -      | -      | 32     | 1    | 2    | -    | -    | -     | 1    | 1    | 
|MAC_9DSP    | ((A'*B'')')' | 30     | 18     | -      | -      | 32     | 1    | 2    | -    | -    | -     | 1    | 1    | 
|MAC_9DSP    | ((A'*B'')')' | 30     | 18     | -      | -      | 32     | 1    | 2    | -    | -    | -     | 1    | 1    | 
|MAC_9DSP    | ((A'*B'')')' | 30     | 18     | -      | -      | 32     | 1    | 2    | -    | -    | -     | 1    | 1    | 
|MAC_9DSP    | ((A'*B'')')' | 30     | 18     | -      | -      | 32     | 1    | 2    | -    | -    | -     | 1    | 1    | 
|MAC_9DSP    | ((A'*B'')')' | 30     | 18     | -      | -      | 32     | 1    | 2    | -    | -    | -     | 1    | 1    | 
|MAC_9DSP    | ((A'*B'')')' | 30     | 18     | -      | -      | 32     | 1    | 2    | -    | -    | -     | 1    | 1    | 
|MAC_9DSP    | ((A'*B'')')' | 30     | 18     | -      | -      | 32     | 1    | 2    | -    | -    | -     | 1    | 1    | 
|MAC_9DSP    | ((A'*B'')')' | 30     | 18     | -      | -      | 32     | 1    | 2    | -    | -    | -     | 1    | 1    | 
|MAC_9DSP    | ((A'*B'')')' | 30     | 18     | -      | -      | 32     | 1    | 2    | -    | -    | -     | 1    | 1    | 
|MAC_9DSP    | ((A'*B'')')' | 30     | 18     | -      | -      | 32     | 1    | 2    | -    | -    | -     | 1    | 1    | 
|MAC_9DSP    | ((A'*B'')')' | 30     | 18     | -      | -      | 32     | 1    | 2    | -    | -    | -     | 1    | 1    | 
|MAC_9DSP    | ((A'*B'')')' | 30     | 18     | -      | -      | 32     | 1    | 2    | -    | -    | -     | 1    | 1    | 
|MAC_9DSP    | ((A'*B'')')' | 30     | 18     | -      | -      | 32     | 1    | 2    | -    | -    | -     | 1    | 1    | 
|MAC_9DSP    | ((A'*B'')')' | 30     | 18     | -      | -      | 32     | 1    | 2    | -    | -    | -     | 1    | 1    | 
|MAC_9DSP    | ((A'*B'')')' | 30     | 18     | -      | -      | 32     | 1    | 2    | -    | -    | -     | 1    | 1    | 
|MAC_9DSP    | ((A'*B'')')' | 30     | 18     | -      | -      | 32     | 1    | 2    | -    | -    | -     | 1    | 1    | 
|MAC_9DSP    | ((A'*B'')')' | 30     | 18     | -      | -      | 32     | 1    | 2    | -    | -    | -     | 1    | 1    | 
|MAC_9DSP    | ((A'*B'')')' | 30     | 18     | -      | -      | 32     | 1    | 2    | -    | -    | -     | 1    | 1    | 
|MAC_9DSP    | ((A'*B'')')' | 30     | 18     | -      | -      | 32     | 1    | 2    | -    | -    | -     | 1    | 1    | 
|MAC_9DSP    | ((A'*B'')')' | 30     | 18     | -      | -      | 32     | 1    | 2    | -    | -    | -     | 1    | 1    | 
|MAC_9DSP    | ((A'*B'')')' | 30     | 18     | -      | -      | 32     | 1    | 2    | -    | -    | -     | 1    | 1    | 
|MAC_9DSP    | ((A'*B'')')' | 30     | 18     | -      | -      | 32     | 1    | 2    | -    | -    | -     | 1    | 1    | 
|MAC_9DSP    | ((A'*B'')')' | 30     | 18     | -      | -      | 32     | 1    | 2    | -    | -    | -     | 1    | 1    | 
|MAC_9DSP    | ((A'*B'')')' | 30     | 18     | -      | -      | 32     | 1    | 2    | -    | -    | -     | 1    | 1    | 
|MAC_9DSP    | ((A'*B'')')' | 30     | 18     | -      | -      | 32     | 1    | 2    | -    | -    | -     | 1    | 1    | 
|MAC_9DSP    | ((A'*B'')')' | 30     | 18     | -      | -      | 32     | 1    | 2    | -    | -    | -     | 1    | 1    | 
|MAC_9DSP    | ((A'*B'')')' | 30     | 18     | -      | -      | 32     | 1    | 2    | -    | -    | -     | 1    | 1    | 
|MAC_9DSP    | ((A'*B'')')' | 30     | 18     | -      | -      | 32     | 1    | 2    | -    | -    | -     | 1    | 1    | 
|MAC_9DSP    | ((A'*B'')')' | 30     | 18     | -      | -      | 32     | 1    | 2    | -    | -    | -     | 1    | 1    | 
|MAC_9DSP    | ((A'*B'')')' | 30     | 18     | -      | -      | 32     | 1    | 2    | -    | -    | -     | 1    | 1    | 
|MAC_9DSP    | ((A'*B'')')' | 30     | 18     | -      | -      | 32     | 1    | 2    | -    | -    | -     | 1    | 1    | 
|MAC_9DSP    | ((A'*B'')')' | 30     | 18     | -      | -      | 32     | 1    | 2    | -    | -    | -     | 1    | 1    | 
|MAC_9DSP    | ((A'*B'')')' | 30     | 18     | -      | -      | 32     | 1    | 2    | -    | -    | -     | 1    | 1    | 
|MAC_9DSP    | ((A'*B'')')' | 30     | 18     | -      | -      | 32     | 1    | 2    | -    | -    | -     | 1    | 1    | 
|MAC_9DSP    | ((A'*B'')')' | 30     | 18     | -      | -      | 32     | 1    | 2    | -    | -    | -     | 1    | 1    | 
|MAC_9DSP    | ((A'*B'')')' | 30     | 18     | -      | -      | 32     | 1    | 2    | -    | -    | -     | 1    | 1    | 
|MAC_9DSP    | ((A'*B'')')' | 30     | 18     | -      | -      | 32     | 1    | 2    | -    | -    | -     | 1    | 1    | 
|MAC_9DSP    | ((A'*B'')')' | 30     | 18     | -      | -      | 32     | 1    | 2    | -    | -    | -     | 1    | 1    | 
|MAC_9DSP    | ((A'*B'')')' | 30     | 18     | -      | -      | 32     | 1    | 2    | -    | -    | -     | 1    | 1    | 
|MAC_9DSP    | ((A'*B'')')' | 30     | 18     | -      | -      | 32     | 1    | 2    | -    | -    | -     | 1    | 1    | 
|MAC_9DSP    | ((A'*B'')')' | 30     | 18     | -      | -      | 32     | 1    | 2    | -    | -    | -     | 1    | 1    | 
|MAC_9DSP    | ((A'*B'')')' | 30     | 18     | -      | -      | 32     | 1    | 2    | -    | -    | -     | 1    | 1    | 
|MAC_9DSP    | ((A'*B'')')' | 30     | 18     | -      | -      | 32     | 1    | 2    | -    | -    | -     | 1    | 1    | 
|MAC_9DSP    | ((A'*B'')')' | 30     | 18     | -      | -      | 32     | 1    | 2    | -    | -    | -     | 1    | 1    | 
|MAC_9DSP    | ((A'*B'')')' | 30     | 18     | -      | -      | 32     | 1    | 2    | -    | -    | -     | 1    | 1    | 
|MAC_9DSP    | ((A'*B'')')' | 30     | 18     | -      | -      | 32     | 1    | 2    | -    | -    | -     | 1    | 1    | 
|MAC_9DSP    | ((A'*B'')')' | 30     | 18     | -      | -      | 32     | 1    | 2    | -    | -    | -     | 1    | 1    | 
|MAC_9DSP    | ((A'*B'')')' | 30     | 18     | -      | -      | 32     | 1    | 2    | -    | -    | -     | 1    | 1    | 
|MAC_9DSP    | ((A'*B'')')' | 30     | 18     | -      | -      | 32     | 1    | 2    | -    | -    | -     | 1    | 1    | 
|MAC_9DSP    | ((A'*B'')')' | 30     | 18     | -      | -      | 32     | 1    | 2    | -    | -    | -     | 1    | 1    | 
|MAC_9DSP    | ((A'*B'')')' | 30     | 18     | -      | -      | 32     | 1    | 2    | -    | -    | -     | 1    | 1    | 
|MAC_9DSP    | ((A'*B'')')' | 30     | 18     | -      | -      | 32     | 1    | 2    | -    | -    | -     | 1    | 1    | 
|MAC_9DSP    | ((A'*B'')')' | 30     | 18     | -      | -      | 32     | 1    | 2    | -    | -    | -     | 1    | 1    | 
|MAC_9DSP    | ((A'*B'')')' | 30     | 18     | -      | -      | 32     | 1    | 2    | -    | -    | -     | 1    | 1    | 
|MAC_9DSP    | ((A'*B'')')' | 30     | 18     | -      | -      | 32     | 1    | 2    | -    | -    | -     | 1    | 1    | 
|MAC_9DSP    | ((A'*B'')')' | 30     | 18     | -      | -      | 32     | 1    | 2    | -    | -    | -     | 1    | 1    | 
|MAC_9DSP    | ((A'*B'')')' | 30     | 18     | -      | -      | 32     | 1    | 2    | -    | -    | -     | 1    | 1    | 
|MAC_9DSP    | ((A'*B'')')' | 30     | 18     | -      | -      | 32     | 1    | 2    | -    | -    | -     | 1    | 1    | 
|MAC_9DSP    | ((A'*B'')')' | 30     | 18     | -      | -      | 32     | 1    | 2    | -    | -    | -     | 1    | 1    | 
|MAC_9DSP    | ((A'*B'')')' | 30     | 18     | -      | -      | 32     | 1    | 2    | -    | -    | -     | 1    | 1    | 
|MAC_9DSP    | ((A'*B'')')' | 30     | 18     | -      | -      | 32     | 1    | 2    | -    | -    | -     | 1    | 1    | 
|MAC_9DSP    | ((A'*B'')')' | 30     | 18     | -      | -      | 32     | 1    | 2    | -    | -    | -     | 1    | 1    | 
|MAC_9DSP    | ((A'*B'')')' | 30     | 18     | -      | -      | 32     | 1    | 2    | -    | -    | -     | 1    | 1    | 
|MAC_9DSP    | ((A'*B'')')' | 30     | 18     | -      | -      | 32     | 1    | 2    | -    | -    | -     | 1    | 1    | 
|MAC_9DSP    | ((A'*B'')')' | 30     | 18     | -      | -      | 32     | 1    | 2    | -    | -    | -     | 1    | 1    | 
|MAC_9DSP    | ((A'*B'')')' | 30     | 18     | -      | -      | 32     | 1    | 2    | -    | -    | -     | 1    | 1    | 
|MAC_9DSP    | ((A'*B'')')' | 30     | 18     | -      | -      | 32     | 1    | 2    | -    | -    | -     | 1    | 1    | 
|MAC_9DSP    | ((A'*B'')')' | 30     | 18     | -      | -      | 32     | 1    | 2    | -    | -    | -     | 1    | 1    | 
|MAC_9DSP    | ((A'*B'')')' | 30     | 18     | -      | -      | 32     | 1    | 2    | -    | -    | -     | 1    | 1    | 
|MAC_9DSP    | ((A'*B'')')' | 30     | 18     | -      | -      | 32     | 1    | 2    | -    | -    | -     | 1    | 1    | 
|MAC_9DSP    | ((A'*B'')')' | 30     | 18     | -      | -      | 32     | 1    | 2    | -    | -    | -     | 1    | 1    | 
|MAC_9DSP    | ((A'*B'')')' | 30     | 18     | -      | -      | 32     | 1    | 2    | -    | -    | -     | 1    | 1    | 
|MAC_9DSP    | ((A'*B'')')' | 30     | 18     | -      | -      | 32     | 1    | 2    | -    | -    | -     | 1    | 1    | 
|MAC_9DSP    | ((A'*B'')')' | 30     | 18     | -      | -      | 32     | 1    | 2    | -    | -    | -     | 1    | 1    | 
|MAC_9DSP    | ((A'*B'')')' | 30     | 18     | -      | -      | 32     | 1    | 2    | -    | -    | -     | 1    | 1    | 
|MAC_9DSP    | ((A'*B'')')' | 30     | 18     | -      | -      | 32     | 1    | 2    | -    | -    | -     | 1    | 1    | 
|MAC_9DSP    | ((A'*B'')')' | 30     | 18     | -      | -      | 32     | 1    | 2    | -    | -    | -     | 1    | 1    | 
|MAC_9DSP    | ((A'*B'')')' | 30     | 18     | -      | -      | 32     | 1    | 2    | -    | -    | -     | 1    | 1    | 
|MAC_9DSP    | ((A'*B'')')' | 30     | 18     | -      | -      | 32     | 1    | 2    | -    | -    | -     | 1    | 1    | 
|MAC_9DSP    | ((A'*B'')')' | 30     | 18     | -      | -      | 32     | 1    | 2    | -    | -    | -     | 1    | 1    | 
|MAC_9DSP    | ((A'*B'')')' | 30     | 18     | -      | -      | 32     | 1    | 2    | -    | -    | -     | 1    | 1    | 
|MAC_9DSP    | ((A'*B'')')' | 30     | 18     | -      | -      | 32     | 1    | 2    | -    | -    | -     | 1    | 1    | 
|MAC_9DSP    | ((A'*B'')')' | 30     | 18     | -      | -      | 32     | 1    | 2    | -    | -    | -     | 1    | 1    | 
|MAC_9DSP    | ((A'*B'')')' | 30     | 18     | -      | -      | 32     | 1    | 2    | -    | -    | -     | 1    | 1    | 
|MAC_9DSP    | ((A'*B'')')' | 30     | 18     | -      | -      | 32     | 1    | 2    | -    | -    | -     | 1    | 1    | 
|MAC_9DSP    | ((A'*B'')')' | 30     | 18     | -      | -      | 32     | 1    | 2    | -    | -    | -     | 1    | 1    | 
|MAC_9DSP    | ((A'*B'')')' | 30     | 18     | -      | -      | 32     | 1    | 2    | -    | -    | -     | 1    | 1    | 
|MAC_9DSP    | ((A'*B'')')' | 30     | 18     | -      | -      | 32     | 1    | 2    | -    | -    | -     | 1    | 1    | 
|MAC_9DSP    | ((A'*B'')')' | 30     | 18     | -      | -      | 32     | 1    | 2    | -    | -    | -     | 1    | 1    | 
|MAC_9DSP    | ((A'*B'')')' | 30     | 18     | -      | -      | 32     | 1    | 2    | -    | -    | -     | 1    | 1    | 
|MAC_9DSP    | ((A'*B'')')' | 30     | 18     | -      | -      | 32     | 1    | 2    | -    | -    | -     | 1    | 1    | 
|MAC_9DSP    | ((A'*B'')')' | 30     | 18     | -      | -      | 32     | 1    | 2    | -    | -    | -     | 1    | 1    | 
|MAC_9DSP    | ((A'*B'')')' | 30     | 18     | -      | -      | 32     | 1    | 2    | -    | -    | -     | 1    | 1    | 
|MAC_9DSP    | ((A'*B'')')' | 30     | 18     | -      | -      | 32     | 1    | 2    | -    | -    | -     | 1    | 1    | 
|MAC_9DSP    | ((A'*B'')')' | 30     | 18     | -      | -      | 32     | 1    | 2    | -    | -    | -     | 1    | 1    | 
|MAC_9DSP    | ((A'*B'')')' | 30     | 18     | -      | -      | 32     | 1    | 2    | -    | -    | -     | 1    | 1    | 
|MAC_9DSP    | ((A'*B'')')' | 30     | 18     | -      | -      | 32     | 1    | 2    | -    | -    | -     | 1    | 1    | 
|MAC_9DSP    | ((A'*B'')')' | 30     | 18     | -      | -      | 32     | 1    | 2    | -    | -    | -     | 1    | 1    | 
|MAC_9DSP    | ((A'*B'')')' | 30     | 18     | -      | -      | 32     | 1    | 2    | -    | -    | -     | 1    | 1    | 
|MAC_9DSP    | ((A'*B'')')' | 30     | 18     | -      | -      | 32     | 1    | 2    | -    | -    | -     | 1    | 1    | 
|MAC_9DSP    | ((A'*B'')')' | 30     | 18     | -      | -      | 32     | 1    | 2    | -    | -    | -     | 1    | 1    | 
|MAC_9DSP    | ((A'*B'')')' | 30     | 18     | -      | -      | 32     | 1    | 2    | -    | -    | -     | 1    | 1    | 
|MAC_9DSP    | ((A'*B'')')' | 30     | 18     | -      | -      | 32     | 1    | 2    | -    | -    | -     | 1    | 1    | 
|MAC_9DSP    | ((A'*B'')')' | 30     | 18     | -      | -      | 32     | 1    | 2    | -    | -    | -     | 1    | 1    | 
|MAC_9DSP    | ((A'*B'')')' | 30     | 18     | -      | -      | 32     | 1    | 2    | -    | -    | -     | 1    | 1    | 
|MAC_9DSP    | ((A'*B'')')' | 30     | 18     | -      | -      | 32     | 1    | 2    | -    | -    | -     | 1    | 1    | 
|MAC_9DSP    | ((A'*B'')')' | 30     | 18     | -      | -      | 32     | 1    | 2    | -    | -    | -     | 1    | 1    | 
|MAC_9DSP    | ((A'*B'')')' | 30     | 18     | -      | -      | 32     | 1    | 2    | -    | -    | -     | 1    | 1    | 
|MAC_9DSP    | ((A'*B'')')' | 30     | 18     | -      | -      | 32     | 1    | 2    | -    | -    | -     | 1    | 1    | 
|MAC_9DSP    | ((A'*B'')')' | 30     | 18     | -      | -      | 32     | 1    | 2    | -    | -    | -     | 1    | 1    | 
|MAC_9DSP    | ((A'*B'')')' | 30     | 18     | -      | -      | 32     | 1    | 2    | -    | -    | -     | 1    | 1    | 
|MAC_9DSP    | ((A'*B'')')' | 30     | 18     | -      | -      | 32     | 1    | 2    | -    | -    | -     | 1    | 1    | 
|MAC_9DSP    | ((A'*B'')')' | 30     | 18     | -      | -      | 32     | 1    | 2    | -    | -    | -     | 1    | 1    | 
|MAC_9DSP    | ((A'*B'')')' | 30     | 18     | -      | -      | 32     | 1    | 2    | -    | -    | -     | 1    | 1    | 
|MAC_9DSP    | ((A'*B'')')' | 30     | 18     | -      | -      | 32     | 1    | 2    | -    | -    | -     | 1    | 1    | 
|MAC_9DSP    | ((A'*B'')')' | 30     | 18     | -      | -      | 32     | 1    | 2    | -    | -    | -     | 1    | 1    | 
|MAC_9DSP    | ((A'*B'')')' | 30     | 18     | -      | -      | 32     | 1    | 2    | -    | -    | -     | 1    | 1    | 
|pw_mac      | ((A'*B')')'  | 30     | 0      | -      | -      | 32     | 1    | 1    | -    | -    | -     | 1    | 1    | 
|pw_mac      | ((A'*B')')'  | 30     | 0      | -      | -      | 32     | 1    | 1    | -    | -    | -     | 1    | 1    | 
|pw_mac      | ((A'*B')')'  | 30     | 0      | -      | -      | 32     | 1    | 1    | -    | -    | -     | 1    | 1    | 
|pw_mac      | ((A'*B')')'  | 30     | 0      | -      | -      | 32     | 1    | 1    | -    | -    | -     | 1    | 1    | 
|pw_mac      | ((A'*B')')'  | 30     | 0      | -      | -      | 32     | 1    | 1    | -    | -    | -     | 1    | 1    | 
|pw_mac      | ((A'*B')')'  | 30     | 0      | -      | -      | 32     | 1    | 1    | -    | -    | -     | 1    | 1    | 
|pw_mac      | ((A'*B')')'  | 30     | 0      | -      | -      | 32     | 1    | 1    | -    | -    | -     | 1    | 1    | 
|pw_mac      | ((A'*B')')'  | 30     | 0      | -      | -      | 32     | 1    | 1    | -    | -    | -     | 1    | 1    | 
|pw_mac      | ((A'*B')')'  | 30     | 0      | -      | -      | 32     | 1    | 1    | -    | -    | -     | 1    | 1    | 
|pw_mac      | ((A'*B')')'  | 30     | 0      | -      | -      | 32     | 1    | 1    | -    | -    | -     | 1    | 1    | 
|pw_mac      | ((A'*B')')'  | 30     | 0      | -      | -      | 32     | 1    | 1    | -    | -    | -     | 1    | 1    | 
|pw_mac      | ((A'*B')')'  | 30     | 0      | -      | -      | 32     | 1    | 1    | -    | -    | -     | 1    | 1    | 
|pw_mac      | ((A'*B')')'  | 30     | 0      | -      | -      | 32     | 1    | 1    | -    | -    | -     | 1    | 1    | 
|pw_mac      | ((A'*B')')'  | 30     | 0      | -      | -      | 32     | 1    | 1    | -    | -    | -     | 1    | 1    | 
|pw_mac      | ((A'*B')')'  | 30     | 0      | -      | -      | 32     | 1    | 1    | -    | -    | -     | 1    | 1    | 
|pw_mac      | ((A'*B')')'  | 30     | 0      | -      | -      | 32     | 1    | 1    | -    | -    | -     | 1    | 1    | 
|pw_mac      | ((A'*B')')'  | 30     | 0      | -      | -      | 32     | 1    | 1    | -    | -    | -     | 1    | 1    | 
|pw_mac      | ((A'*B')')'  | 30     | 0      | -      | -      | 32     | 1    | 1    | -    | -    | -     | 1    | 1    | 
|pw_mac      | ((A'*B')')'  | 30     | 0      | -      | -      | 32     | 1    | 1    | -    | -    | -     | 1    | 1    | 
|pw_mac      | ((A'*B')')'  | 30     | 0      | -      | -      | 32     | 1    | 1    | -    | -    | -     | 1    | 1    | 
|pw_mac      | ((A'*B')')'  | 30     | 0      | -      | -      | 32     | 1    | 1    | -    | -    | -     | 1    | 1    | 
|pw_mac      | ((A'*B')')'  | 30     | 0      | -      | -      | 32     | 1    | 1    | -    | -    | -     | 1    | 1    | 
|pw_mac      | ((A'*B')')'  | 30     | 0      | -      | -      | 32     | 1    | 1    | -    | -    | -     | 1    | 1    | 
|pw_mac      | ((A'*B')')'  | 30     | 0      | -      | -      | 32     | 1    | 1    | -    | -    | -     | 1    | 1    | 
|pw_mac      | ((A'*B')')'  | 30     | 0      | -      | -      | 32     | 1    | 1    | -    | -    | -     | 1    | 1    | 
|pw_mac      | ((A'*B')')'  | 30     | 0      | -      | -      | 32     | 1    | 1    | -    | -    | -     | 1    | 1    | 
|pw_mac      | ((A'*B')')'  | 30     | 0      | -      | -      | 32     | 1    | 1    | -    | -    | -     | 1    | 1    | 
|pw_mac      | ((A'*B')')'  | 30     | 0      | -      | -      | 32     | 1    | 1    | -    | -    | -     | 1    | 1    | 
|pw_mac      | ((A'*B')')'  | 30     | 0      | -      | -      | 32     | 1    | 1    | -    | -    | -     | 1    | 1    | 
|pw_mac      | ((A'*B')')'  | 30     | 0      | -      | -      | 32     | 1    | 1    | -    | -    | -     | 1    | 1    | 
|pw_mac      | ((A'*B')')'  | 30     | 0      | -      | -      | 32     | 1    | 1    | -    | -    | -     | 1    | 1    | 
|pw_mac      | ((A'*B')')'  | 30     | 0      | -      | -      | 32     | 1    | 1    | -    | -    | -     | 1    | 1    | 
|pw_mac      | ((A'*B')')'  | 30     | 0      | -      | -      | 32     | 1    | 1    | -    | -    | -     | 1    | 1    | 
|pw_mac      | ((A'*B')')'  | 30     | 0      | -      | -      | 32     | 1    | 1    | -    | -    | -     | 1    | 1    | 
|pw_mac      | ((A'*B')')'  | 30     | 0      | -      | -      | 32     | 1    | 1    | -    | -    | -     | 1    | 1    | 
|pw_mac      | ((A'*B')')'  | 30     | 0      | -      | -      | 32     | 1    | 1    | -    | -    | -     | 1    | 1    | 
|pw_mac      | ((A'*B')')'  | 30     | 0      | -      | -      | 32     | 1    | 1    | -    | -    | -     | 1    | 1    | 
|pw_mac      | ((A'*B')')'  | 30     | 0      | -      | -      | 32     | 1    | 1    | -    | -    | -     | 1    | 1    | 
|pw_mac      | ((A'*B')')'  | 30     | 0      | -      | -      | 32     | 1    | 1    | -    | -    | -     | 1    | 1    | 
|pw_mac      | ((A'*B')')'  | 30     | 0      | -      | -      | 32     | 1    | 1    | -    | -    | -     | 1    | 1    | 
|pw_mac      | ((A'*B')')'  | 30     | 0      | -      | -      | 32     | 1    | 1    | -    | -    | -     | 1    | 1    | 
|pw_mac      | ((A'*B'')')' | 30     | 18     | -      | -      | 32     | 1    | 2    | -    | -    | -     | 1    | 1    | 
|pw_mac      | ((A'*B'')')' | 30     | 18     | -      | -      | 32     | 1    | 2    | -    | -    | -     | 1    | 1    | 
|pw_mac      | ((A'*B'')')' | 30     | 18     | -      | -      | 32     | 1    | 2    | -    | -    | -     | 1    | 1    | 
|pw_mac      | ((A'*B'')')' | 30     | 18     | -      | -      | 32     | 1    | 2    | -    | -    | -     | 1    | 1    | 
|pw_mac      | ((A'*B'')')' | 30     | 18     | -      | -      | 32     | 1    | 2    | -    | -    | -     | 1    | 1    | 
|pw_mac      | ((A'*B'')')' | 30     | 18     | -      | -      | 32     | 1    | 2    | -    | -    | -     | 1    | 1    | 
|pw_mac      | ((A'*B'')')' | 30     | 18     | -      | -      | 32     | 1    | 2    | -    | -    | -     | 1    | 1    | 
|pw_mac      | ((A'*B'')')' | 30     | 18     | -      | -      | 32     | 1    | 2    | -    | -    | -     | 1    | 1    | 
|pw_mac      | ((A'*B'')')' | 30     | 18     | -      | -      | 32     | 1    | 2    | -    | -    | -     | 1    | 1    | 
|pw_mac      | ((A'*B'')')' | 30     | 18     | -      | -      | 32     | 1    | 2    | -    | -    | -     | 1    | 1    | 
|pw_mac      | ((A'*B'')')' | 30     | 18     | -      | -      | 32     | 1    | 2    | -    | -    | -     | 1    | 1    | 
|pw_mac      | ((A'*B'')')' | 30     | 18     | -      | -      | 32     | 1    | 2    | -    | -    | -     | 1    | 1    | 
|pw_mac      | ((A'*B'')')' | 30     | 18     | -      | -      | 32     | 1    | 2    | -    | -    | -     | 1    | 1    | 
|pw_mac      | ((A'*B'')')' | 30     | 18     | -      | -      | 32     | 1    | 2    | -    | -    | -     | 1    | 1    | 
|pw_mac      | ((A'*B'')')' | 30     | 18     | -      | -      | 32     | 1    | 2    | -    | -    | -     | 1    | 1    | 
|pw_mac      | ((A'*B'')')' | 30     | 18     | -      | -      | 32     | 1    | 2    | -    | -    | -     | 1    | 1    | 
|pw_mac      | ((A'*B')')'  | 30     | 0      | -      | -      | 32     | 1    | 1    | -    | -    | -     | 1    | 1    | 
|pw_mac      | ((A'*B')')'  | 30     | 0      | -      | -      | 32     | 1    | 1    | -    | -    | -     | 1    | 1    | 
|pw_mac      | ((A'*B')')'  | 30     | 0      | -      | -      | 32     | 1    | 1    | -    | -    | -     | 1    | 1    | 
|pw_mac      | ((A'*B')')'  | 30     | 0      | -      | -      | 32     | 1    | 1    | -    | -    | -     | 1    | 1    | 
|pw_mac      | ((A'*B')')'  | 30     | 0      | -      | -      | 32     | 1    | 1    | -    | -    | -     | 1    | 1    | 
|pw_mac      | ((A'*B')')'  | 30     | 0      | -      | -      | 32     | 1    | 1    | -    | -    | -     | 1    | 1    | 
|pw_mac      | ((A'*B')')'  | 30     | 0      | -      | -      | 32     | 1    | 1    | -    | -    | -     | 1    | 1    | 
|pw_mac      | ((A'*B')')'  | 30     | 0      | -      | -      | 32     | 1    | 1    | -    | -    | -     | 1    | 1    | 
|pw_mac      | ((A'*B')')'  | 30     | 0      | -      | -      | 32     | 1    | 1    | -    | -    | -     | 1    | 1    | 
|pw_mac      | ((A'*B')')'  | 30     | 0      | -      | -      | 32     | 1    | 1    | -    | -    | -     | 1    | 1    | 
|pw_mac      | ((A'*B')')'  | 30     | 0      | -      | -      | 32     | 1    | 1    | -    | -    | -     | 1    | 1    | 
|pw_mac      | ((A'*B')')'  | 30     | 0      | -      | -      | 32     | 1    | 1    | -    | -    | -     | 1    | 1    | 
|pw_mac      | ((A'*B')')'  | 30     | 0      | -      | -      | 32     | 1    | 1    | -    | -    | -     | 1    | 1    | 
|pw_mac      | ((A'*B')')'  | 30     | 0      | -      | -      | 32     | 1    | 1    | -    | -    | -     | 1    | 1    | 
|pw_mac      | ((A'*B')')'  | 30     | 0      | -      | -      | 32     | 1    | 1    | -    | -    | -     | 1    | 1    | 
|pw_mac      | ((A'*B')')'  | 30     | 0      | -      | -      | 32     | 1    | 1    | -    | -    | -     | 1    | 1    | 
|pw_mac      | ((A'*B')')'  | 30     | 0      | -      | -      | 32     | 1    | 1    | -    | -    | -     | 1    | 1    | 
|pw_mac      | ((A'*B')')'  | 30     | 0      | -      | -      | 32     | 1    | 1    | -    | -    | -     | 1    | 1    | 
|pw_mac      | ((A'*B')')'  | 30     | 0      | -      | -      | 32     | 1    | 1    | -    | -    | -     | 1    | 1    | 
|pw_mac      | ((A'*B')')'  | 30     | 0      | -      | -      | 32     | 1    | 1    | -    | -    | -     | 1    | 1    | 
|pw_mac      | ((A'*B')')'  | 30     | 0      | -      | -      | 32     | 1    | 1    | -    | -    | -     | 1    | 1    | 
|pw_mac      | ((A'*B')')'  | 30     | 0      | -      | -      | 32     | 1    | 1    | -    | -    | -     | 1    | 1    | 
|pw_mac      | ((A'*B')')'  | 30     | 0      | -      | -      | 32     | 1    | 1    | -    | -    | -     | 1    | 1    | 
|pw_mac      | ((A'*B')')'  | 30     | 0      | -      | -      | 32     | 1    | 1    | -    | -    | -     | 1    | 1    | 
|pw_mac      | ((A'*B')')'  | 30     | 0      | -      | -      | 32     | 1    | 1    | -    | -    | -     | 1    | 1    | 
|pw_mac      | ((A'*B')')'  | 30     | 0      | -      | -      | 32     | 1    | 1    | -    | -    | -     | 1    | 1    | 
|pw_mac      | ((A'*B')')'  | 30     | 0      | -      | -      | 32     | 1    | 1    | -    | -    | -     | 1    | 1    | 
|pw_mac      | ((A'*B')')'  | 30     | 0      | -      | -      | 32     | 1    | 1    | -    | -    | -     | 1    | 1    | 
|pw_mac      | ((A'*B')')'  | 30     | 0      | -      | -      | 32     | 1    | 1    | -    | -    | -     | 1    | 1    | 
|pw_mac      | ((A'*B')')'  | 30     | 0      | -      | -      | 32     | 1    | 1    | -    | -    | -     | 1    | 1    | 
|pw_mac      | ((A'*B')')'  | 30     | 0      | -      | -      | 32     | 1    | 1    | -    | -    | -     | 1    | 1    | 
|pw_mac      | ((A'*B')')'  | 30     | 0      | -      | -      | 32     | 1    | 1    | -    | -    | -     | 1    | 1    | 
|pw_mac      | ((A'*B')')'  | 30     | 0      | -      | -      | 32     | 1    | 1    | -    | -    | -     | 1    | 1    | 
|pw_mac      | ((A'*B')')'  | 30     | 0      | -      | -      | 32     | 1    | 1    | -    | -    | -     | 1    | 1    | 
|pw_mac      | ((A'*B')')'  | 30     | 0      | -      | -      | 32     | 1    | 1    | -    | -    | -     | 1    | 1    | 
|pw_mac      | ((A'*B')')'  | 30     | 0      | -      | -      | 32     | 1    | 1    | -    | -    | -     | 1    | 1    | 
|pw_mac      | ((A'*B')')'  | 30     | 0      | -      | -      | 32     | 1    | 1    | -    | -    | -     | 1    | 1    | 
|pw_mac      | ((A'*B')')'  | 30     | 0      | -      | -      | 32     | 1    | 1    | -    | -    | -     | 1    | 1    | 
|pw_mac      | ((A'*B')')'  | 30     | 0      | -      | -      | 32     | 1    | 1    | -    | -    | -     | 1    | 1    | 
|pw_mac      | ((A'*B'')')' | 30     | 18     | -      | -      | 32     | 1    | 2    | -    | -    | -     | 1    | 1    | 
|pw_mac      | ((A'*B'')')' | 30     | 18     | -      | -      | 32     | 1    | 2    | -    | -    | -     | 1    | 1    | 
|pw_mac      | ((A'*B'')')' | 30     | 18     | -      | -      | 32     | 1    | 2    | -    | -    | -     | 1    | 1    | 
|pw_mac      | ((A'*B'')')' | 30     | 18     | -      | -      | 32     | 1    | 2    | -    | -    | -     | 1    | 1    | 
|pw_mac      | ((A'*B')')'  | 30     | 0      | -      | -      | 32     | 1    | 1    | -    | -    | -     | 1    | 1    | 
|pw_mac      | ((A'*B')')'  | 30     | 0      | -      | -      | 32     | 1    | 1    | -    | -    | -     | 1    | 1    | 
|pw_mac      | ((A'*B')')'  | 30     | 0      | -      | -      | 32     | 1    | 1    | -    | -    | -     | 1    | 1    | 
|pw_mac      | ((A'*B')')'  | 30     | 0      | -      | -      | 32     | 1    | 1    | -    | -    | -     | 1    | 1    | 
|pw_mac      | ((A'*B')')'  | 30     | 0      | -      | -      | 32     | 1    | 1    | -    | -    | -     | 1    | 1    | 
|pw_mac      | ((A'*B')')'  | 30     | 0      | -      | -      | 32     | 1    | 1    | -    | -    | -     | 1    | 1    | 
|pw_mac      | ((A'*B')')'  | 30     | 0      | -      | -      | 32     | 1    | 1    | -    | -    | -     | 1    | 1    | 
|pw_mac      | ((A'*B')')'  | 30     | 0      | -      | -      | 32     | 1    | 1    | -    | -    | -     | 1    | 1    | 
|pw_mac      | ((A'*B'')')' | 30     | 18     | -      | -      | 32     | 1    | 2    | -    | -    | -     | 1    | 1    | 
|pw_mac      | ((A'*B'')')' | 30     | 18     | -      | -      | 32     | 1    | 2    | -    | -    | -     | 1    | 1    | 
|pw_mac      | ((A'*B'')')' | 30     | 18     | -      | -      | 32     | 1    | 2    | -    | -    | -     | 1    | 1    | 
|pw_mac      | ((A'*B'')')' | 30     | 18     | -      | -      | 32     | 1    | 2    | -    | -    | -     | 1    | 1    | 
|pw_mac      | ((A'*B')')'  | 30     | 0      | -      | -      | 32     | 1    | 1    | -    | -    | -     | 1    | 1    | 
|pw_mac      | ((A'*B')')'  | 30     | 0      | -      | -      | 32     | 1    | 1    | -    | -    | -     | 1    | 1    | 
|pw_mac      | ((A'*B')')'  | 30     | 0      | -      | -      | 32     | 1    | 1    | -    | -    | -     | 1    | 1    | 
|pw_mac      | ((A'*B')')'  | 30     | 0      | -      | -      | 32     | 1    | 1    | -    | -    | -     | 1    | 1    | 
|pw_mac      | ((A'*B')')'  | 30     | 0      | -      | -      | 32     | 1    | 1    | -    | -    | -     | 1    | 1    | 
|pw_mac      | ((A'*B')')'  | 30     | 0      | -      | -      | 32     | 1    | 1    | -    | -    | -     | 1    | 1    | 
|pw_mac      | ((A'*B')')'  | 30     | 0      | -      | -      | 32     | 1    | 1    | -    | -    | -     | 1    | 1    | 
|pw_mac      | ((A'*B')')'  | 30     | 0      | -      | -      | 32     | 1    | 1    | -    | -    | -     | 1    | 1    | 
|pw_mac      | ((A'*B')')'  | 30     | 0      | -      | -      | 32     | 1    | 1    | -    | -    | -     | 1    | 1    | 
|pw_mac      | ((A'*B')')'  | 30     | 0      | -      | -      | 32     | 1    | 1    | -    | -    | -     | 1    | 1    | 
|pw_mac      | ((A'*B')')'  | 30     | 0      | -      | -      | 32     | 1    | 1    | -    | -    | -     | 1    | 1    | 
|pw_mac      | ((A'*B')')'  | 30     | 0      | -      | -      | 32     | 1    | 1    | -    | -    | -     | 1    | 1    | 
|pw_mac      | ((A'*B')')'  | 30     | 0      | -      | -      | 32     | 1    | 1    | -    | -    | -     | 1    | 1    | 
|pw_mac      | ((A'*B'')')' | 30     | 18     | -      | -      | 32     | 1    | 2    | -    | -    | -     | 1    | 1    | 
|pw_mac      | ((A'*B'')')' | 30     | 18     | -      | -      | 32     | 1    | 2    | -    | -    | -     | 1    | 1    | 
|pw_mac      | ((A'*B'')')' | 30     | 18     | -      | -      | 32     | 1    | 2    | -    | -    | -     | 1    | 1    | 
|pw_mac      | ((A'*B'')')' | 30     | 18     | -      | -      | 32     | 1    | 2    | -    | -    | -     | 1    | 1    | 
|pw_mac      | ((A'*B'')')' | 30     | 18     | -      | -      | 32     | 1    | 2    | -    | -    | -     | 1    | 1    | 
|pw_mac      | ((A'*B'')')' | 30     | 18     | -      | -      | 32     | 1    | 2    | -    | -    | -     | 1    | 1    | 
|pw_mac      | ((A'*B'')')' | 30     | 18     | -      | -      | 32     | 1    | 2    | -    | -    | -     | 1    | 1    | 
|pw_mac      | ((A'*B'')')' | 30     | 18     | -      | -      | 32     | 1    | 2    | -    | -    | -     | 1    | 1    | 
|pw_mac      | ((A'*B')')'  | 30     | 0      | -      | -      | 32     | 1    | 1    | -    | -    | -     | 1    | 1    | 
|pw_mac      | ((A'*B')')'  | 30     | 0      | -      | -      | 32     | 1    | 1    | -    | -    | -     | 1    | 1    | 
|pw_mac      | ((A'*B')')'  | 30     | 0      | -      | -      | 32     | 1    | 1    | -    | -    | -     | 1    | 1    | 
|pw_mac      | ((A'*B')')'  | 30     | 0      | -      | -      | 32     | 1    | 1    | -    | -    | -     | 1    | 1    | 
|pw_mac      | ((A'*B')')'  | 30     | 0      | -      | -      | 32     | 1    | 1    | -    | -    | -     | 1    | 1    | 
|pw_mac      | ((A'*B')')'  | 30     | 0      | -      | -      | 32     | 1    | 1    | -    | -    | -     | 1    | 1    | 
|pw_mac      | ((A'*B')')'  | 30     | 0      | -      | -      | 32     | 1    | 1    | -    | -    | -     | 1    | 1    | 
|pw_mac      | ((A'*B')')'  | 30     | 0      | -      | -      | 32     | 1    | 1    | -    | -    | -     | 1    | 1    | 
|pw_mac      | ((A'*B')')'  | 30     | 0      | -      | -      | 32     | 1    | 1    | -    | -    | -     | 1    | 1    | 
|pw_mac      | ((A'*B')')'  | 30     | 0      | -      | -      | 32     | 1    | 1    | -    | -    | -     | 1    | 1    | 
|pw_mac      | ((A'*B')')'  | 30     | 0      | -      | -      | 32     | 1    | 1    | -    | -    | -     | 1    | 1    | 
|pw_mac      | ((A'*B')')'  | 30     | 0      | -      | -      | 32     | 1    | 1    | -    | -    | -     | 1    | 1    | 
|pw_mac      | ((A'*B')')'  | 30     | 0      | -      | -      | 32     | 1    | 1    | -    | -    | -     | 1    | 1    | 
|pw_mac      | ((A'*B')')'  | 30     | 0      | -      | -      | 32     | 1    | 1    | -    | -    | -     | 1    | 1    | 
|pw_mac      | ((A'*B')')'  | 30     | 0      | -      | -      | 32     | 1    | 1    | -    | -    | -     | 1    | 1    | 
|pw_mac      | ((A'*B')')'  | 30     | 0      | -      | -      | 32     | 1    | 1    | -    | -    | -     | 1    | 1    | 
|pw_mac      | ((A'*B')')'  | 30     | 0      | -      | -      | 32     | 1    | 1    | -    | -    | -     | 1    | 1    | 
|pw_mac      | ((A'*B')')'  | 30     | 0      | -      | -      | 32     | 1    | 1    | -    | -    | -     | 1    | 1    | 
|pw_mac      | ((A'*B')')'  | 30     | 0      | -      | -      | 32     | 1    | 1    | -    | -    | -     | 1    | 1    | 
|pw_mac      | ((A'*B')')'  | 30     | 0      | -      | -      | 32     | 1    | 1    | -    | -    | -     | 1    | 1    | 
|pw_mac      | ((A'*B')')'  | 30     | 0      | -      | -      | 32     | 1    | 1    | -    | -    | -     | 1    | 1    | 
|pw_mac      | ((A'*B')')'  | 30     | 0      | -      | -      | 32     | 1    | 1    | -    | -    | -     | 1    | 1    | 
|pw_mac      | ((A'*B')')'  | 30     | 0      | -      | -      | 32     | 1    | 1    | -    | -    | -     | 1    | 1    | 
|pw_mac      | ((A'*B')')'  | 30     | 0      | -      | -      | 32     | 1    | 1    | -    | -    | -     | 1    | 1    | 
|pw_mac      | ((A'*B')')'  | 30     | 0      | -      | -      | 32     | 1    | 1    | -    | -    | -     | 1    | 1    | 
|pw_mac      | ((A'*B')')'  | 30     | 0      | -      | -      | 32     | 1    | 1    | -    | -    | -     | 1    | 1    | 
|pw_mac      | ((A'*B')')'  | 30     | 0      | -      | -      | 32     | 1    | 1    | -    | -    | -     | 1    | 1    | 
|pw_mac      | ((A'*B')')'  | 30     | 0      | -      | -      | 32     | 1    | 1    | -    | -    | -     | 1    | 1    | 
|pw_mac      | ((A'*B')')'  | 30     | 0      | -      | -      | 32     | 1    | 1    | -    | -    | -     | 1    | 1    | 
|pw_mac      | ((A'*B')')'  | 30     | 0      | -      | -      | 32     | 1    | 1    | -    | -    | -     | 1    | 1    | 
|pw_mac      | ((A'*B')')'  | 30     | 0      | -      | -      | 32     | 1    | 1    | -    | -    | -     | 1    | 1    | 
|pw_mac      | ((A'*B')')'  | 30     | 0      | -      | -      | 32     | 1    | 1    | -    | -    | -     | 1    | 1    | 
|pw_mac      | ((A'*B')')'  | 30     | 0      | -      | -      | 32     | 1    | 1    | -    | -    | -     | 1    | 1    | 
|pw_mac      | ((A'*B')')'  | 30     | 0      | -      | -      | 32     | 1    | 1    | -    | -    | -     | 1    | 1    | 
|pw_mac      | ((A'*B')')'  | 30     | 0      | -      | -      | 32     | 1    | 1    | -    | -    | -     | 1    | 1    | 
|pw_mac      | ((A'*B')')'  | 30     | 0      | -      | -      | 32     | 1    | 1    | -    | -    | -     | 1    | 1    | 
|pw_mac      | ((A'*B')')'  | 30     | 0      | -      | -      | 32     | 1    | 1    | -    | -    | -     | 1    | 1    | 
|pw_mac      | ((A'*B')')'  | 30     | 0      | -      | -      | 32     | 1    | 1    | -    | -    | -     | 1    | 1    | 
|pw_mac      | ((A'*B')')'  | 30     | 0      | -      | -      | 32     | 1    | 1    | -    | -    | -     | 1    | 1    | 
|pw_mac      | ((A'*B')')'  | 30     | 0      | -      | -      | 32     | 1    | 1    | -    | -    | -     | 1    | 1    | 
|pw_mac      | ((A'*B')')'  | 30     | 0      | -      | -      | 32     | 1    | 1    | -    | -    | -     | 1    | 1    | 
|pw_mac      | ((A'*B')')'  | 30     | 0      | -      | -      | 32     | 1    | 1    | -    | -    | -     | 1    | 1    | 
|pw_mac      | ((A'*B')')'  | 30     | 0      | -      | -      | 32     | 1    | 1    | -    | -    | -     | 1    | 1    | 
|pw_mac      | ((A'*B')')'  | 30     | 0      | -      | -      | 32     | 1    | 1    | -    | -    | -     | 1    | 1    | 
|pw_mac      | ((A'*B')')'  | 30     | 0      | -      | -      | 32     | 1    | 1    | -    | -    | -     | 1    | 1    | 
|pw_mac      | ((A'*B')')'  | 30     | 0      | -      | -      | 32     | 1    | 1    | -    | -    | -     | 1    | 1    | 
|pw_mac      | ((A'*B')')'  | 30     | 0      | -      | -      | 32     | 1    | 1    | -    | -    | -     | 1    | 1    | 
|pw_mac      | ((A'*B')')'  | 30     | 0      | -      | -      | 32     | 1    | 1    | -    | -    | -     | 1    | 1    | 
|pw_mac      | ((A'*B')')'  | 30     | 0      | -      | -      | 32     | 1    | 1    | -    | -    | -     | 1    | 1    | 
|pw_mac      | ((A'*B')')'  | 30     | 0      | -      | -      | 32     | 1    | 1    | -    | -    | -     | 1    | 1    | 
|pw_mac      | ((A'*B')')'  | 30     | 0      | -      | -      | 32     | 1    | 1    | -    | -    | -     | 1    | 1    | 
|pw_mac      | ((A'*B')')'  | 30     | 0      | -      | -      | 32     | 1    | 1    | -    | -    | -     | 1    | 1    | 
|pw_mac      | ((A'*B')')'  | 30     | 0      | -      | -      | 32     | 1    | 1    | -    | -    | -     | 1    | 1    | 
|pw_mac      | ((A'*B')')'  | 30     | 0      | -      | -      | 32     | 1    | 1    | -    | -    | -     | 1    | 1    | 
|pw_mac      | ((A'*B')')'  | 30     | 0      | -      | -      | 32     | 1    | 1    | -    | -    | -     | 1    | 1    | 
|pw_mac      | ((A'*B')')'  | 30     | 0      | -      | -      | 32     | 1    | 1    | -    | -    | -     | 1    | 1    | 
|pw_mac      | ((A'*B')')'  | 30     | 0      | -      | -      | 32     | 1    | 1    | -    | -    | -     | 1    | 1    | 
|pw_mac      | ((A'*B')')'  | 30     | 0      | -      | -      | 32     | 1    | 1    | -    | -    | -     | 1    | 1    | 
|pw_mac      | ((A'*B')')'  | 30     | 0      | -      | -      | 32     | 1    | 1    | -    | -    | -     | 1    | 1    | 
|pw_mac      | ((A'*B')')'  | 30     | 0      | -      | -      | 32     | 1    | 1    | -    | -    | -     | 1    | 1    | 
|pw_mac      | ((A'*B')')'  | 30     | 0      | -      | -      | 32     | 1    | 1    | -    | -    | -     | 1    | 1    | 
|pw_mac      | ((A'*B')')'  | 30     | 0      | -      | -      | 32     | 1    | 1    | -    | -    | -     | 1    | 1    | 
|pw_mac      | ((A'*B')')'  | 30     | 0      | -      | -      | 32     | 1    | 1    | -    | -    | -     | 1    | 1    | 
|pw_mac      | ((A'*B')')'  | 30     | 0      | -      | -      | 32     | 1    | 1    | -    | -    | -     | 1    | 1    | 
|pw_mac      | ((A'*B')')'  | 30     | 0      | -      | -      | 32     | 1    | 1    | -    | -    | -     | 1    | 1    | 
|pw_mac      | ((A'*B')')'  | 30     | 0      | -      | -      | 32     | 1    | 1    | -    | -    | -     | 1    | 1    | 
|pw_mac      | ((A'*B')')'  | 30     | 0      | -      | -      | 32     | 1    | 1    | -    | -    | -     | 1    | 1    | 
|pw_mac      | ((A'*B')')'  | 30     | 0      | -      | -      | 32     | 1    | 1    | -    | -    | -     | 1    | 1    | 
|pw_mac      | ((A'*B')')'  | 30     | 0      | -      | -      | 32     | 1    | 1    | -    | -    | -     | 1    | 1    | 
|pw_mac      | ((A'*B')')'  | 30     | 0      | -      | -      | 32     | 1    | 1    | -    | -    | -     | 1    | 1    | 
|pw_mac      | ((A'*B')')'  | 30     | 0      | -      | -      | 32     | 1    | 1    | -    | -    | -     | 1    | 1    | 
|pw_mac      | ((A'*B')')'  | 30     | 0      | -      | -      | 32     | 1    | 1    | -    | -    | -     | 1    | 1    | 
|pw_mac      | ((A'*B')')'  | 30     | 0      | -      | -      | 32     | 1    | 1    | -    | -    | -     | 1    | 1    | 
|pw_mac      | ((A'*B')')'  | 30     | 0      | -      | -      | 32     | 1    | 1    | -    | -    | -     | 1    | 1    | 
|pw_mac      | ((A'*B')')'  | 30     | 0      | -      | -      | 32     | 1    | 1    | -    | -    | -     | 1    | 1    | 
|pw_mac      | ((A'*B')')'  | 30     | 0      | -      | -      | 32     | 1    | 1    | -    | -    | -     | 1    | 1    | 
|pw_mac      | ((A'*B')')'  | 30     | 0      | -      | -      | 32     | 1    | 1    | -    | -    | -     | 1    | 1    | 
|pw_mac      | ((A'*B')')'  | 30     | 0      | -      | -      | 32     | 1    | 1    | -    | -    | -     | 1    | 1    | 
|pw_mac      | ((A'*B')')'  | 30     | 0      | -      | -      | 32     | 1    | 1    | -    | -    | -     | 1    | 1    | 
|pw_mac      | ((A'*B')')'  | 30     | 0      | -      | -      | 32     | 1    | 1    | -    | -    | -     | 1    | 1    | 
|pw_mac      | ((A'*B')')'  | 30     | 0      | -      | -      | 32     | 1    | 1    | -    | -    | -     | 1    | 1    | 
|pw_mac      | ((A'*B')')'  | 30     | 0      | -      | -      | 32     | 1    | 1    | -    | -    | -     | 1    | 1    | 
|pw_mac      | ((A'*B')')'  | 30     | 0      | -      | -      | 32     | 1    | 1    | -    | -    | -     | 1    | 1    | 
|pw_mac      | ((A'*B')')'  | 30     | 0      | -      | -      | 32     | 1    | 1    | -    | -    | -     | 1    | 1    | 
|pw_mac      | ((A'*B')')'  | 30     | 0      | -      | -      | 32     | 1    | 1    | -    | -    | -     | 1    | 1    | 
|pw_mac      | ((A'*B')')'  | 30     | 0      | -      | -      | 32     | 1    | 1    | -    | -    | -     | 1    | 1    | 
|pw_mac      | ((A'*B')')'  | 30     | 0      | -      | -      | 32     | 1    | 1    | -    | -    | -     | 1    | 1    | 
|pw_mac      | ((A'*B')')'  | 30     | 0      | -      | -      | 32     | 1    | 1    | -    | -    | -     | 1    | 1    | 
|pw_mac      | ((A'*B')')'  | 30     | 0      | -      | -      | 32     | 1    | 1    | -    | -    | -     | 1    | 1    | 
|pw_mac      | ((A'*B')')'  | 30     | 0      | -      | -      | 32     | 1    | 1    | -    | -    | -     | 1    | 1    | 
|pw_mac      | ((A'*B')')'  | 30     | 0      | -      | -      | 32     | 1    | 1    | -    | -    | -     | 1    | 1    | 
|pw_mac      | ((A'*B'')')' | 30     | 18     | -      | -      | 32     | 1    | 2    | -    | -    | -     | 1    | 1    | 
|pw_mac      | ((A'*B'')')' | 30     | 18     | -      | -      | 32     | 1    | 2    | -    | -    | -     | 1    | 1    | 
|pw_mac      | ((A'*B'')')' | 30     | 18     | -      | -      | 32     | 1    | 2    | -    | -    | -     | 1    | 1    | 
|pw_mac      | ((A'*B'')')' | 30     | 18     | -      | -      | 32     | 1    | 2    | -    | -    | -     | 1    | 1    | 
|pw_mac      | ((A'*B'')')' | 30     | 18     | -      | -      | 32     | 1    | 2    | -    | -    | -     | 1    | 1    | 
|pw_mac      | ((A'*B'')')' | 30     | 18     | -      | -      | 32     | 1    | 2    | -    | -    | -     | 1    | 1    | 
|pw_mac      | ((A'*B'')')' | 30     | 18     | -      | -      | 32     | 1    | 2    | -    | -    | -     | 1    | 1    | 
|pw_mac      | ((A'*B'')')' | 30     | 18     | -      | -      | 32     | 1    | 2    | -    | -    | -     | 1    | 1    | 
|pw_mac      | ((A'*B'')')' | 30     | 18     | -      | -      | 32     | 1    | 2    | -    | -    | -     | 1    | 1    | 
|pw_mac      | ((A'*B'')')' | 30     | 18     | -      | -      | 32     | 1    | 2    | -    | -    | -     | 1    | 1    | 
|pw_mac      | ((A'*B'')')' | 30     | 18     | -      | -      | 32     | 1    | 2    | -    | -    | -     | 1    | 1    | 
|pw_mac      | ((A'*B'')')' | 30     | 18     | -      | -      | 32     | 1    | 2    | -    | -    | -     | 1    | 1    | 
|pw_mac      | ((A'*B'')')' | 30     | 18     | -      | -      | 32     | 1    | 2    | -    | -    | -     | 1    | 1    | 
|pw_mac      | ((A'*B'')')' | 30     | 18     | -      | -      | 32     | 1    | 2    | -    | -    | -     | 1    | 1    | 
|pw_mac      | ((A'*B'')')' | 30     | 18     | -      | -      | 32     | 1    | 2    | -    | -    | -     | 1    | 1    | 
|pw_mac      | ((A'*B'')')' | 30     | 18     | -      | -      | 32     | 1    | 2    | -    | -    | -     | 1    | 1    | 
|pw_mac      | ((A'*B'')')' | 30     | 18     | -      | -      | 32     | 1    | 2    | -    | -    | -     | 1    | 1    | 
|pw_mac      | ((A'*B'')')' | 30     | 18     | -      | -      | 32     | 1    | 2    | -    | -    | -     | 1    | 1    | 
|pw_mac      | ((A'*B'')')' | 30     | 18     | -      | -      | 32     | 1    | 2    | -    | -    | -     | 1    | 1    | 
|pw_mac      | ((A'*B'')')' | 30     | 18     | -      | -      | 32     | 1    | 2    | -    | -    | -     | 1    | 1    | 
|pw_mac      | ((A'*B'')')' | 30     | 18     | -      | -      | 32     | 1    | 2    | -    | -    | -     | 1    | 1    | 
|pw_mac      | ((A'*B'')')' | 30     | 18     | -      | -      | 32     | 1    | 2    | -    | -    | -     | 1    | 1    | 
|pw_mac      | ((A'*B'')')' | 30     | 18     | -      | -      | 32     | 1    | 2    | -    | -    | -     | 1    | 1    | 
|pw_mac      | ((A'*B'')')' | 30     | 18     | -      | -      | 32     | 1    | 2    | -    | -    | -     | 1    | 1    | 
|pw_mac      | ((A'*B'')')' | 30     | 18     | -      | -      | 32     | 1    | 2    | -    | -    | -     | 1    | 1    | 
|pw_mac      | ((A'*B'')')' | 30     | 18     | -      | -      | 32     | 1    | 2    | -    | -    | -     | 1    | 1    | 
|pw_mac      | ((A'*B'')')' | 30     | 18     | -      | -      | 32     | 1    | 2    | -    | -    | -     | 1    | 1    | 
|pw_mac      | ((A'*B'')')' | 30     | 18     | -      | -      | 32     | 1    | 2    | -    | -    | -     | 1    | 1    | 
|pw_mac      | ((A'*B'')')' | 30     | 18     | -      | -      | 32     | 1    | 2    | -    | -    | -     | 1    | 1    | 
|pw_mac      | ((A'*B'')')' | 30     | 18     | -      | -      | 32     | 1    | 2    | -    | -    | -     | 1    | 1    | 
|pw_mac      | ((A'*B'')')' | 30     | 18     | -      | -      | 32     | 1    | 2    | -    | -    | -     | 1    | 1    | 
|pw_mac      | ((A'*B'')')' | 30     | 18     | -      | -      | 32     | 1    | 2    | -    | -    | -     | 1    | 1    | 
|pw_mac      | ((A'*B')')'  | 30     | 0      | -      | -      | 32     | 1    | 1    | -    | -    | -     | 1    | 1    | 
|pw_mac      | ((A'*B')')'  | 30     | 0      | -      | -      | 32     | 1    | 1    | -    | -    | -     | 1    | 1    | 
|pw_mac      | ((A'*B')')'  | 30     | 0      | -      | -      | 32     | 1    | 1    | -    | -    | -     | 1    | 1    | 
|pw_mac      | ((A'*B')')'  | 30     | 0      | -      | -      | 32     | 1    | 1    | -    | -    | -     | 1    | 1    | 
|pw_mac      | ((A'*B')')'  | 30     | 0      | -      | -      | 32     | 1    | 1    | -    | -    | -     | 1    | 1    | 
|pw_mac      | ((A'*B')')'  | 30     | 0      | -      | -      | 32     | 1    | 1    | -    | -    | -     | 1    | 1    | 
|pw_mac      | ((A'*B')')'  | 30     | 0      | -      | -      | 32     | 1    | 1    | -    | -    | -     | 1    | 1    | 
|pw_mac      | ((A'*B')')'  | 30     | 0      | -      | -      | 32     | 1    | 1    | -    | -    | -     | 1    | 1    | 
|pw_mac      | ((A'*B')')'  | 30     | 0      | -      | -      | 32     | 1    | 1    | -    | -    | -     | 1    | 1    | 
|pw_mac      | ((A'*B')')'  | 30     | 0      | -      | -      | 32     | 1    | 1    | -    | -    | -     | 1    | 1    | 
|pw_mac      | ((A'*B')')'  | 30     | 0      | -      | -      | 32     | 1    | 1    | -    | -    | -     | 1    | 1    | 
|pw_mac      | ((A'*B')')'  | 30     | 0      | -      | -      | 32     | 1    | 1    | -    | -    | -     | 1    | 1    | 
|pw_mac      | ((A'*B')')'  | 30     | 0      | -      | -      | 32     | 1    | 1    | -    | -    | -     | 1    | 1    | 
|pw_mac      | ((A'*B')')'  | 30     | 0      | -      | -      | 32     | 1    | 1    | -    | -    | -     | 1    | 1    | 
|pw_mac      | ((A'*B')')'  | 30     | 0      | -      | -      | 32     | 1    | 1    | -    | -    | -     | 1    | 1    | 
|pw_mac      | ((A'*B')')'  | 30     | 0      | -      | -      | 32     | 1    | 1    | -    | -    | -     | 1    | 1    | 
|pw_mac      | ((A'*B')')'  | 30     | 0      | -      | -      | 32     | 1    | 1    | -    | -    | -     | 1    | 1    | 
|pw_mac      | ((A'*B')')'  | 30     | 0      | -      | -      | 32     | 1    | 1    | -    | -    | -     | 1    | 1    | 
|pw_mac      | ((A'*B')')'  | 30     | 0      | -      | -      | 32     | 1    | 1    | -    | -    | -     | 1    | 1    | 
|pw_mac      | ((A'*B')')'  | 30     | 0      | -      | -      | 32     | 1    | 1    | -    | -    | -     | 1    | 1    | 
|pw_mac      | ((A'*B')')'  | 30     | 0      | -      | -      | 32     | 1    | 1    | -    | -    | -     | 1    | 1    | 
|pw_mac      | ((A'*B')')'  | 30     | 0      | -      | -      | 32     | 1    | 1    | -    | -    | -     | 1    | 1    | 
|pw_mac      | ((A'*B')')'  | 30     | 0      | -      | -      | 32     | 1    | 1    | -    | -    | -     | 1    | 1    | 
|pw_mac      | ((A'*B')')'  | 30     | 0      | -      | -      | 32     | 1    | 1    | -    | -    | -     | 1    | 1    | 
|pw_mac      | ((A'*B')')'  | 30     | 0      | -      | -      | 32     | 1    | 1    | -    | -    | -     | 1    | 1    | 
|pw_mac      | ((A'*B')')'  | 30     | 0      | -      | -      | 32     | 1    | 1    | -    | -    | -     | 1    | 1    | 
|pw_mac      | ((A'*B')')'  | 30     | 0      | -      | -      | 32     | 1    | 1    | -    | -    | -     | 1    | 1    | 
|pw_mac      | ((A'*B')')'  | 30     | 0      | -      | -      | 32     | 1    | 1    | -    | -    | -     | 1    | 1    | 
|pw_mac      | ((A'*B')')'  | 30     | 0      | -      | -      | 32     | 1    | 1    | -    | -    | -     | 1    | 1    | 
|pw_mac      | ((A'*B')')'  | 30     | 0      | -      | -      | 32     | 1    | 1    | -    | -    | -     | 1    | 1    | 
|pw_mac      | ((A'*B')')'  | 30     | 0      | -      | -      | 32     | 1    | 1    | -    | -    | -     | 1    | 1    | 
|pw_mac      | ((A'*B')')'  | 30     | 0      | -      | -      | 32     | 1    | 1    | -    | -    | -     | 1    | 1    | 
|pw_mac      | ((A'*B')')'  | 30     | 0      | -      | -      | 32     | 1    | 1    | -    | -    | -     | 1    | 1    | 
|pw_mac      | ((A'*B')')'  | 30     | 0      | -      | -      | 32     | 1    | 1    | -    | -    | -     | 1    | 1    | 
|pw_mac      | ((A'*B')')'  | 30     | 0      | -      | -      | 32     | 1    | 1    | -    | -    | -     | 1    | 1    | 
|pw_mac      | ((A'*B')')'  | 30     | 0      | -      | -      | 32     | 1    | 1    | -    | -    | -     | 1    | 1    | 
|pw_mac      | ((A'*B')')'  | 30     | 0      | -      | -      | 32     | 1    | 1    | -    | -    | -     | 1    | 1    | 
|pw_mac      | ((A'*B')')'  | 30     | 0      | -      | -      | 32     | 1    | 1    | -    | -    | -     | 1    | 1    | 
|pw_mac      | ((A'*B')')'  | 30     | 0      | -      | -      | 32     | 1    | 1    | -    | -    | -     | 1    | 1    | 
|pw_mac      | ((A'*B')')'  | 30     | 0      | -      | -      | 32     | 1    | 1    | -    | -    | -     | 1    | 1    | 
|pw_mac      | ((A'*B')')'  | 30     | 0      | -      | -      | 32     | 1    | 1    | -    | -    | -     | 1    | 1    | 
|pw_mac      | ((A'*B'')')' | 30     | 18     | -      | -      | 32     | 1    | 2    | -    | -    | -     | 1    | 1    | 
|pw_mac      | ((A'*B'')')' | 30     | 18     | -      | -      | 32     | 1    | 2    | -    | -    | -     | 1    | 1    | 
|pw_mac      | ((A'*B'')')' | 30     | 18     | -      | -      | 32     | 1    | 2    | -    | -    | -     | 1    | 1    | 
|pw_mac      | ((A'*B'')')' | 30     | 18     | -      | -      | 32     | 1    | 2    | -    | -    | -     | 1    | 1    | 
|pw_mac      | ((A'*B'')')' | 30     | 18     | -      | -      | 32     | 1    | 2    | -    | -    | -     | 1    | 1    | 
|pw_mac      | ((A'*B'')')' | 30     | 18     | -      | -      | 32     | 1    | 2    | -    | -    | -     | 1    | 1    | 
|pw_mac      | ((A'*B'')')' | 30     | 18     | -      | -      | 32     | 1    | 2    | -    | -    | -     | 1    | 1    | 
|pw_mac      | ((A'*B'')')' | 30     | 18     | -      | -      | 32     | 1    | 2    | -    | -    | -     | 1    | 1    | 
|pw_mac      | ((A'*B'')')' | 30     | 18     | -      | -      | 32     | 1    | 2    | -    | -    | -     | 1    | 1    | 
|pw_mac      | ((A'*B'')')' | 30     | 18     | -      | -      | 32     | 1    | 2    | -    | -    | -     | 1    | 1    | 
|pw_mac      | ((A'*B'')')' | 30     | 18     | -      | -      | 32     | 1    | 2    | -    | -    | -     | 1    | 1    | 
|pw_mac      | ((A'*B'')')' | 30     | 18     | -      | -      | 32     | 1    | 2    | -    | -    | -     | 1    | 1    | 
|pw_mac      | ((A'*B'')')' | 30     | 18     | -      | -      | 32     | 1    | 2    | -    | -    | -     | 1    | 1    | 
|pw_mac      | ((A'*B'')')' | 30     | 18     | -      | -      | 32     | 1    | 2    | -    | -    | -     | 1    | 1    | 
|pw_mac      | ((A'*B'')')' | 30     | 18     | -      | -      | 32     | 1    | 2    | -    | -    | -     | 1    | 1    | 
|pw_mac      | ((A'*B'')')' | 30     | 18     | -      | -      | 32     | 1    | 2    | -    | -    | -     | 1    | 1    | 
|pw_mac      | ((A'*B')')'  | 30     | 0      | -      | -      | 32     | 1    | 1    | -    | -    | -     | 1    | 1    | 
|pw_mac      | ((A'*B')')'  | 30     | 0      | -      | -      | 32     | 1    | 1    | -    | -    | -     | 1    | 1    | 
|pw_mac      | ((A'*B')')'  | 30     | 0      | -      | -      | 32     | 1    | 1    | -    | -    | -     | 1    | 1    | 
|pw_mac      | ((A'*B')')'  | 30     | 0      | -      | -      | 32     | 1    | 1    | -    | -    | -     | 1    | 1    | 
|pw_mac      | ((A'*B')')'  | 30     | 0      | -      | -      | 32     | 1    | 1    | -    | -    | -     | 1    | 1    | 
|pw_mac      | ((A'*B')')'  | 30     | 0      | -      | -      | 32     | 1    | 1    | -    | -    | -     | 1    | 1    | 
|pw_mac      | ((A'*B')')'  | 30     | 0      | -      | -      | 32     | 1    | 1    | -    | -    | -     | 1    | 1    | 
|pw_mac      | ((A'*B')')'  | 30     | 0      | -      | -      | 32     | 1    | 1    | -    | -    | -     | 1    | 1    | 
|pw_mac      | ((A'*B')')'  | 30     | 0      | -      | -      | 32     | 1    | 1    | -    | -    | -     | 1    | 1    | 
|pw_mac      | ((A'*B')')'  | 30     | 0      | -      | -      | 32     | 1    | 1    | -    | -    | -     | 1    | 1    | 
|pw_mac      | ((A'*B')')'  | 30     | 0      | -      | -      | 32     | 1    | 1    | -    | -    | -     | 1    | 1    | 
|pw_mac      | ((A'*B')')'  | 30     | 0      | -      | -      | 32     | 1    | 1    | -    | -    | -     | 1    | 1    | 
|pw_mac      | ((A'*B')')'  | 30     | 0      | -      | -      | 32     | 1    | 1    | -    | -    | -     | 1    | 1    | 
|pw_mac      | ((A'*B')')'  | 30     | 0      | -      | -      | 32     | 1    | 1    | -    | -    | -     | 1    | 1    | 
|pw_mac      | ((A'*B')')'  | 30     | 0      | -      | -      | 32     | 1    | 1    | -    | -    | -     | 1    | 1    | 
|pw_mac      | ((A'*B')')'  | 30     | 0      | -      | -      | 32     | 1    | 1    | -    | -    | -     | 1    | 1    | 
|pw_mac      | ((A'*B')')'  | 30     | 0      | -      | -      | 32     | 1    | 1    | -    | -    | -     | 1    | 1    | 
|pw_mac      | ((A'*B')')'  | 30     | 0      | -      | -      | 32     | 1    | 1    | -    | -    | -     | 1    | 1    | 
|pw_mac      | ((A'*B')')'  | 30     | 0      | -      | -      | 32     | 1    | 1    | -    | -    | -     | 1    | 1    | 
|pw_mac      | ((A'*B')')'  | 30     | 0      | -      | -      | 32     | 1    | 1    | -    | -    | -     | 1    | 1    | 
|pw_mac      | ((A'*B')')'  | 30     | 0      | -      | -      | 32     | 1    | 1    | -    | -    | -     | 1    | 1    | 
|pw_mac      | ((A'*B')')'  | 30     | 0      | -      | -      | 32     | 1    | 1    | -    | -    | -     | 1    | 1    | 
|pw_mac      | ((A'*B')')'  | 30     | 0      | -      | -      | 32     | 1    | 1    | -    | -    | -     | 1    | 1    | 
|pw_mac      | ((A'*B')')'  | 30     | 0      | -      | -      | 32     | 1    | 1    | -    | -    | -     | 1    | 1    | 
|pw_mac      | ((A'*B')')'  | 30     | 0      | -      | -      | 32     | 1    | 1    | -    | -    | -     | 1    | 1    | 
|pw_mac      | ((A'*B')')'  | 30     | 0      | -      | -      | 32     | 1    | 1    | -    | -    | -     | 1    | 1    | 
|pw_mac      | ((A'*B')')'  | 30     | 0      | -      | -      | 32     | 1    | 1    | -    | -    | -     | 1    | 1    | 
|pw_mac      | ((A'*B')')'  | 30     | 0      | -      | -      | 32     | 1    | 1    | -    | -    | -     | 1    | 1    | 
|pw_mac      | ((A'*B')')'  | 30     | 0      | -      | -      | 32     | 1    | 1    | -    | -    | -     | 1    | 1    | 
|pw_mac      | ((A'*B')')'  | 30     | 0      | -      | -      | 32     | 1    | 1    | -    | -    | -     | 1    | 1    | 
|pw_mac      | ((A'*B')')'  | 30     | 0      | -      | -      | 32     | 1    | 1    | -    | -    | -     | 1    | 1    | 
|pw_mac      | ((A'*B')')'  | 30     | 0      | -      | -      | 32     | 1    | 1    | -    | -    | -     | 1    | 1    | 
|pw_mac      | ((A'*B')')'  | 30     | 0      | -      | -      | 32     | 1    | 1    | -    | -    | -     | 1    | 1    | 
|pw_mac      | ((A'*B')')'  | 30     | 0      | -      | -      | 32     | 1    | 1    | -    | -    | -     | 1    | 1    | 
|pw_mac      | ((A'*B')')'  | 30     | 0      | -      | -      | 32     | 1    | 1    | -    | -    | -     | 1    | 1    | 
|pw_mac      | ((A'*B')')'  | 30     | 0      | -      | -      | 32     | 1    | 1    | -    | -    | -     | 1    | 1    | 
|pw_mac      | ((A'*B')')'  | 30     | 0      | -      | -      | 32     | 1    | 1    | -    | -    | -     | 1    | 1    | 
|pw_mac      | ((A'*B')')'  | 30     | 0      | -      | -      | 32     | 1    | 1    | -    | -    | -     | 1    | 1    | 
|pw_mac      | ((A'*B')')'  | 30     | 0      | -      | -      | 32     | 1    | 1    | -    | -    | -     | 1    | 1    | 
|pw_mac      | ((A'*B'')')' | 30     | 18     | -      | -      | 32     | 1    | 2    | -    | -    | -     | 1    | 1    | 
|pw_mac      | ((A'*B'')')' | 30     | 18     | -      | -      | 32     | 1    | 2    | -    | -    | -     | 1    | 1    | 
|pw_mac      | ((A'*B'')')' | 30     | 18     | -      | -      | 32     | 1    | 2    | -    | -    | -     | 1    | 1    | 
|pw_mac      | ((A'*B'')')' | 30     | 18     | -      | -      | 32     | 1    | 2    | -    | -    | -     | 1    | 1    | 
|pw_mac      | ((A'*B')')'  | 30     | 0      | -      | -      | 32     | 1    | 1    | -    | -    | -     | 1    | 1    | 
|pw_mac      | ((A'*B')')'  | 30     | 0      | -      | -      | 32     | 1    | 1    | -    | -    | -     | 1    | 1    | 
|pw_mac      | ((A'*B')')'  | 30     | 0      | -      | -      | 32     | 1    | 1    | -    | -    | -     | 1    | 1    | 
|pw_mac      | ((A'*B')')'  | 30     | 0      | -      | -      | 32     | 1    | 1    | -    | -    | -     | 1    | 1    | 
|pw_mac      | ((A'*B')')'  | 30     | 0      | -      | -      | 32     | 1    | 1    | -    | -    | -     | 1    | 1    | 
|pw_mac      | ((A'*B')')'  | 30     | 0      | -      | -      | 32     | 1    | 1    | -    | -    | -     | 1    | 1    | 
|pw_mac      | ((A'*B')')'  | 30     | 0      | -      | -      | 32     | 1    | 1    | -    | -    | -     | 1    | 1    | 
|pw_mac      | ((A'*B')')'  | 30     | 0      | -      | -      | 32     | 1    | 1    | -    | -    | -     | 1    | 1    | 
|pw_mac      | ((A'*B'')')' | 30     | 18     | -      | -      | 32     | 1    | 2    | -    | -    | -     | 1    | 1    | 
|pw_mac      | ((A'*B'')')' | 30     | 18     | -      | -      | 32     | 1    | 2    | -    | -    | -     | 1    | 1    | 
|pw_mac      | ((A'*B'')')' | 30     | 18     | -      | -      | 32     | 1    | 2    | -    | -    | -     | 1    | 1    | 
|pw_mac      | ((A'*B'')')' | 30     | 18     | -      | -      | 32     | 1    | 2    | -    | -    | -     | 1    | 1    | 
|pw_mac      | ((A'*B')')'  | 30     | 0      | -      | -      | 32     | 1    | 1    | -    | -    | -     | 1    | 1    | 
|pw_mac      | ((A'*B')')'  | 30     | 0      | -      | -      | 32     | 1    | 1    | -    | -    | -     | 1    | 1    | 
|pw_mac      | ((A'*B')')'  | 30     | 0      | -      | -      | 32     | 1    | 1    | -    | -    | -     | 1    | 1    | 
|pw_mac      | ((A'*B')')'  | 30     | 0      | -      | -      | 32     | 1    | 1    | -    | -    | -     | 1    | 1    | 
|pw_mac      | ((A'*B')')'  | 30     | 0      | -      | -      | 32     | 1    | 1    | -    | -    | -     | 1    | 1    | 
|pw_mac      | ((A'*B')')'  | 30     | 0      | -      | -      | 32     | 1    | 1    | -    | -    | -     | 1    | 1    | 
|pw_mac      | ((A'*B')')'  | 30     | 0      | -      | -      | 32     | 1    | 1    | -    | -    | -     | 1    | 1    | 
|pw_mac      | ((A'*B')')'  | 30     | 0      | -      | -      | 32     | 1    | 1    | -    | -    | -     | 1    | 1    | 
|pw_mac      | ((A'*B')')'  | 30     | 0      | -      | -      | 32     | 1    | 1    | -    | -    | -     | 1    | 1    | 
|pw_mac      | ((A'*B')')'  | 30     | 0      | -      | -      | 32     | 1    | 1    | -    | -    | -     | 1    | 1    | 
|pw_mac      | ((A'*B')')'  | 30     | 0      | -      | -      | 32     | 1    | 1    | -    | -    | -     | 1    | 1    | 
|pw_mac      | ((A'*B')')'  | 30     | 0      | -      | -      | 32     | 1    | 1    | -    | -    | -     | 1    | 1    | 
|pw_mac      | ((A'*B')')'  | 30     | 0      | -      | -      | 32     | 1    | 1    | -    | -    | -     | 1    | 1    | 
|pw_mac      | ((A'*B'')')' | 30     | 18     | -      | -      | 32     | 1    | 2    | -    | -    | -     | 1    | 1    | 
|pw_mac      | ((A'*B'')')' | 30     | 18     | -      | -      | 32     | 1    | 2    | -    | -    | -     | 1    | 1    | 
|pw_mac      | ((A'*B'')')' | 30     | 18     | -      | -      | 32     | 1    | 2    | -    | -    | -     | 1    | 1    | 
|pw_mac      | ((A'*B'')')' | 30     | 18     | -      | -      | 32     | 1    | 2    | -    | -    | -     | 1    | 1    | 
|pw_mac      | ((A'*B'')')' | 30     | 18     | -      | -      | 32     | 1    | 2    | -    | -    | -     | 1    | 1    | 
|pw_mac      | ((A'*B'')')' | 30     | 18     | -      | -      | 32     | 1    | 2    | -    | -    | -     | 1    | 1    | 
|pw_mac      | ((A'*B'')')' | 30     | 18     | -      | -      | 32     | 1    | 2    | -    | -    | -     | 1    | 1    | 
|pw_mac      | ((A'*B'')')' | 30     | 18     | -      | -      | 32     | 1    | 2    | -    | -    | -     | 1    | 1    | 
|pw_mac      | ((A'*B')')'  | 30     | 0      | -      | -      | 32     | 1    | 1    | -    | -    | -     | 1    | 1    | 
|pw_mac      | ((A'*B')')'  | 30     | 0      | -      | -      | 32     | 1    | 1    | -    | -    | -     | 1    | 1    | 
|pw_mac      | ((A'*B')')'  | 30     | 0      | -      | -      | 32     | 1    | 1    | -    | -    | -     | 1    | 1    | 
|pw_mac      | ((A'*B')')'  | 30     | 0      | -      | -      | 32     | 1    | 1    | -    | -    | -     | 1    | 1    | 
|pw_mac      | ((A'*B')')'  | 30     | 0      | -      | -      | 32     | 1    | 1    | -    | -    | -     | 1    | 1    | 
|pw_mac      | ((A'*B')')'  | 30     | 0      | -      | -      | 32     | 1    | 1    | -    | -    | -     | 1    | 1    | 
|pw_mac      | ((A'*B')')'  | 30     | 0      | -      | -      | 32     | 1    | 1    | -    | -    | -     | 1    | 1    | 
|pw_mac      | ((A'*B')')'  | 30     | 0      | -      | -      | 32     | 1    | 1    | -    | -    | -     | 1    | 1    | 
|pw_mac      | ((A'*B')')'  | 30     | 0      | -      | -      | 32     | 1    | 1    | -    | -    | -     | 1    | 1    | 
|pw_mac      | ((A'*B')')'  | 30     | 0      | -      | -      | 32     | 1    | 1    | -    | -    | -     | 1    | 1    | 
|pw_mac      | ((A'*B')')'  | 30     | 0      | -      | -      | 32     | 1    | 1    | -    | -    | -     | 1    | 1    | 
|pw_mac      | ((A'*B')')'  | 30     | 0      | -      | -      | 32     | 1    | 1    | -    | -    | -     | 1    | 1    | 
|pw_mac      | ((A'*B')')'  | 30     | 0      | -      | -      | 32     | 1    | 1    | -    | -    | -     | 1    | 1    | 
|pw_mac      | ((A'*B')')'  | 30     | 0      | -      | -      | 32     | 1    | 1    | -    | -    | -     | 1    | 1    | 
|pw_mac      | ((A'*B')')'  | 30     | 0      | -      | -      | 32     | 1    | 1    | -    | -    | -     | 1    | 1    | 
|pw_mac      | ((A'*B')')'  | 30     | 0      | -      | -      | 32     | 1    | 1    | -    | -    | -     | 1    | 1    | 
|pw_mac      | ((A'*B')')'  | 30     | 0      | -      | -      | 32     | 1    | 1    | -    | -    | -     | 1    | 1    | 
|pw_mac      | ((A'*B')')'  | 30     | 0      | -      | -      | 32     | 1    | 1    | -    | -    | -     | 1    | 1    | 
|pw_mac      | ((A'*B')')'  | 30     | 0      | -      | -      | 32     | 1    | 1    | -    | -    | -     | 1    | 1    | 
|pw_mac      | ((A'*B')')'  | 30     | 0      | -      | -      | 32     | 1    | 1    | -    | -    | -     | 1    | 1    | 
|pw_mac      | ((A'*B')')'  | 30     | 0      | -      | -      | 32     | 1    | 1    | -    | -    | -     | 1    | 1    | 
|pw_mac      | ((A'*B')')'  | 30     | 0      | -      | -      | 32     | 1    | 1    | -    | -    | -     | 1    | 1    | 
|pw_mac      | ((A'*B')')'  | 30     | 0      | -      | -      | 32     | 1    | 1    | -    | -    | -     | 1    | 1    | 
|pw_mac      | ((A'*B')')'  | 30     | 0      | -      | -      | 32     | 1    | 1    | -    | -    | -     | 1    | 1    | 
|pw_mac      | ((A'*B')')'  | 30     | 0      | -      | -      | 32     | 1    | 1    | -    | -    | -     | 1    | 1    | 
|pw_mac      | ((A'*B')')'  | 30     | 0      | -      | -      | 32     | 1    | 1    | -    | -    | -     | 1    | 1    | 
|pw_mac      | ((A'*B')')'  | 30     | 0      | -      | -      | 32     | 1    | 1    | -    | -    | -     | 1    | 1    | 
|pw_mac      | ((A'*B')')'  | 30     | 0      | -      | -      | 32     | 1    | 1    | -    | -    | -     | 1    | 1    | 
|pw_mac      | ((A'*B')')'  | 30     | 0      | -      | -      | 32     | 1    | 1    | -    | -    | -     | 1    | 1    | 
|pw_mac      | ((A'*B')')'  | 30     | 0      | -      | -      | 32     | 1    | 1    | -    | -    | -     | 1    | 1    | 
|pw_mac      | ((A'*B')')'  | 30     | 0      | -      | -      | 32     | 1    | 1    | -    | -    | -     | 1    | 1    | 
|pw_mac      | ((A'*B')')'  | 30     | 0      | -      | -      | 32     | 1    | 1    | -    | -    | -     | 1    | 1    | 
|pw_mac      | ((A'*B')')'  | 30     | 0      | -      | -      | 32     | 1    | 1    | -    | -    | -     | 1    | 1    | 
|pw_mac      | ((A'*B')')'  | 30     | 0      | -      | -      | 32     | 1    | 1    | -    | -    | -     | 1    | 1    | 
|pw_mac      | ((A'*B')')'  | 30     | 0      | -      | -      | 32     | 1    | 1    | -    | -    | -     | 1    | 1    | 
|pw_mac      | ((A'*B')')'  | 30     | 0      | -      | -      | 32     | 1    | 1    | -    | -    | -     | 1    | 1    | 
|pw_mac      | ((A'*B')')'  | 30     | 0      | -      | -      | 32     | 1    | 1    | -    | -    | -     | 1    | 1    | 
|pw_mac      | ((A'*B')')'  | 30     | 0      | -      | -      | 32     | 1    | 1    | -    | -    | -     | 1    | 1    | 
|pw_mac      | ((A'*B')')'  | 30     | 0      | -      | -      | 32     | 1    | 1    | -    | -    | -     | 1    | 1    | 
|pw_mac      | ((A'*B')')'  | 30     | 0      | -      | -      | 32     | 1    | 1    | -    | -    | -     | 1    | 1    | 
|pw_mac      | ((A'*B')')'  | 30     | 0      | -      | -      | 32     | 1    | 1    | -    | -    | -     | 1    | 1    | 
|pw_mac      | ((A'*B')')'  | 30     | 0      | -      | -      | 32     | 1    | 1    | -    | -    | -     | 1    | 1    | 
|pw_mac      | ((A'*B')')'  | 30     | 0      | -      | -      | 32     | 1    | 1    | -    | -    | -     | 1    | 1    | 
|pw_mac      | ((A'*B')')'  | 30     | 0      | -      | -      | 32     | 1    | 1    | -    | -    | -     | 1    | 1    | 
|pw_mac      | ((A'*B')')'  | 30     | 0      | -      | -      | 32     | 1    | 1    | -    | -    | -     | 1    | 1    | 
|pw_mac      | ((A'*B')')'  | 30     | 0      | -      | -      | 32     | 1    | 1    | -    | -    | -     | 1    | 1    | 
|pw_mac      | ((A'*B')')'  | 30     | 0      | -      | -      | 32     | 1    | 1    | -    | -    | -     | 1    | 1    | 
|pw_mac      | ((A'*B')')'  | 30     | 0      | -      | -      | 32     | 1    | 1    | -    | -    | -     | 1    | 1    | 
|pw_mac      | ((A'*B')')'  | 30     | 0      | -      | -      | 32     | 1    | 1    | -    | -    | -     | 1    | 1    | 
|pw_mac      | ((A'*B')')'  | 30     | 0      | -      | -      | 32     | 1    | 1    | -    | -    | -     | 1    | 1    | 
|pw_mac      | ((A'*B')')'  | 30     | 0      | -      | -      | 32     | 1    | 1    | -    | -    | -     | 1    | 1    | 
|pw_mac      | ((A'*B')')'  | 30     | 0      | -      | -      | 32     | 1    | 1    | -    | -    | -     | 1    | 1    | 
|pw_mac      | ((A'*B')')'  | 30     | 0      | -      | -      | 32     | 1    | 1    | -    | -    | -     | 1    | 1    | 
|pw_mac      | ((A'*B')')'  | 30     | 0      | -      | -      | 32     | 1    | 1    | -    | -    | -     | 1    | 1    | 
|pw_mac      | ((A'*B')')'  | 30     | 0      | -      | -      | 32     | 1    | 1    | -    | -    | -     | 1    | 1    | 
|pw_mac      | ((A'*B')')'  | 30     | 0      | -      | -      | 32     | 1    | 1    | -    | -    | -     | 1    | 1    | 
|pw_mac      | ((A'*B')')'  | 30     | 0      | -      | -      | 32     | 1    | 1    | -    | -    | -     | 1    | 1    | 
|pw_mac      | ((A'*B')')'  | 30     | 0      | -      | -      | 32     | 1    | 1    | -    | -    | -     | 1    | 1    | 
|pw_mac      | ((A'*B')')'  | 30     | 0      | -      | -      | 32     | 1    | 1    | -    | -    | -     | 1    | 1    | 
|pw_mac      | ((A'*B')')'  | 30     | 0      | -      | -      | 32     | 1    | 1    | -    | -    | -     | 1    | 1    | 
|pw_mac      | ((A'*B')')'  | 30     | 0      | -      | -      | 32     | 1    | 1    | -    | -    | -     | 1    | 1    | 
|pw_mac      | ((A'*B')')'  | 30     | 0      | -      | -      | 32     | 1    | 1    | -    | -    | -     | 1    | 1    | 
|pw_mac      | ((A'*B')')'  | 30     | 0      | -      | -      | 32     | 1    | 1    | -    | -    | -     | 1    | 1    | 
|pw_mac      | ((A'*B')')'  | 30     | 0      | -      | -      | 32     | 1    | 1    | -    | -    | -     | 1    | 1    | 
|pw_mac      | ((A'*B')')'  | 30     | 0      | -      | -      | 32     | 1    | 1    | -    | -    | -     | 1    | 1    | 
|pw_mac      | ((A'*B')')'  | 30     | 0      | -      | -      | 32     | 1    | 1    | -    | -    | -     | 1    | 1    | 
|pw_mac      | ((A'*B')')'  | 30     | 0      | -      | -      | 32     | 1    | 1    | -    | -    | -     | 1    | 1    | 
|pw_mac      | ((A'*B')')'  | 30     | 0      | -      | -      | 32     | 1    | 1    | -    | -    | -     | 1    | 1    | 
|pw_mac      | ((A'*B')')'  | 30     | 0      | -      | -      | 32     | 1    | 1    | -    | -    | -     | 1    | 1    | 
|pw_mac      | ((A'*B')')'  | 30     | 0      | -      | -      | 32     | 1    | 1    | -    | -    | -     | 1    | 1    | 
|pw_mac      | ((A'*B')')'  | 30     | 0      | -      | -      | 32     | 1    | 1    | -    | -    | -     | 1    | 1    | 
|pw_mac      | ((A'*B')')'  | 30     | 0      | -      | -      | 32     | 1    | 1    | -    | -    | -     | 1    | 1    | 
|pw_mac      | ((A'*B')')'  | 30     | 0      | -      | -      | 32     | 1    | 1    | -    | -    | -     | 1    | 1    | 
|pw_mac      | ((A'*B')')'  | 30     | 0      | -      | -      | 32     | 1    | 1    | -    | -    | -     | 1    | 1    | 
|pw_mac      | ((A'*B')')'  | 30     | 0      | -      | -      | 32     | 1    | 1    | -    | -    | -     | 1    | 1    | 
|pw_mac      | ((A'*B')')'  | 30     | 0      | -      | -      | 32     | 1    | 1    | -    | -    | -     | 1    | 1    | 
|pw_mac      | ((A'*B')')'  | 30     | 0      | -      | -      | 32     | 1    | 1    | -    | -    | -     | 1    | 1    | 
|pw_mac      | ((A'*B')')'  | 30     | 0      | -      | -      | 32     | 1    | 1    | -    | -    | -     | 1    | 1    | 
|pw_mac      | ((A'*B')')'  | 30     | 0      | -      | -      | 32     | 1    | 1    | -    | -    | -     | 1    | 1    | 
|pw_mac      | ((A'*B')')'  | 30     | 0      | -      | -      | 32     | 1    | 1    | -    | -    | -     | 1    | 1    | 
|pw_mac      | ((A'*B')')'  | 30     | 0      | -      | -      | 32     | 1    | 1    | -    | -    | -     | 1    | 1    | 
|pw_mac      | ((A'*B')')'  | 30     | 0      | -      | -      | 32     | 1    | 1    | -    | -    | -     | 1    | 1    | 
|pw_mac      | ((A'*B')')'  | 30     | 0      | -      | -      | 32     | 1    | 1    | -    | -    | -     | 1    | 1    | 
|pw_mac      | ((A'*B')')'  | 30     | 0      | -      | -      | 32     | 1    | 1    | -    | -    | -     | 1    | 1    | 
|pw_mac      | ((A'*B')')'  | 30     | 0      | -      | -      | 32     | 1    | 1    | -    | -    | -     | 1    | 1    | 
|pw_mac      | ((A'*B')')'  | 30     | 0      | -      | -      | 32     | 1    | 1    | -    | -    | -     | 1    | 1    | 
|pw_mac      | ((A'*B')')'  | 30     | 0      | -      | -      | 32     | 1    | 1    | -    | -    | -     | 1    | 1    | 
|pw_mac      | ((A'*B')')'  | 30     | 0      | -      | -      | 32     | 1    | 1    | -    | -    | -     | 1    | 1    | 
|pw_mac      | ((A'*B')')'  | 30     | 0      | -      | -      | 32     | 1    | 1    | -    | -    | -     | 1    | 1    | 
|pw_mac      | ((A'*B')')'  | 30     | 0      | -      | -      | 32     | 1    | 1    | -    | -    | -     | 1    | 1    | 
|pw_mac      | ((A'*B')')'  | 30     | 0      | -      | -      | 32     | 1    | 1    | -    | -    | -     | 1    | 1    | 
|pw_mac      | ((A'*B'')')' | 30     | 18     | -      | -      | 32     | 1    | 2    | -    | -    | -     | 1    | 1    | 
|pw_mac      | ((A'*B'')')' | 30     | 18     | -      | -      | 32     | 1    | 2    | -    | -    | -     | 1    | 1    | 
|pw_mac      | ((A'*B'')')' | 30     | 18     | -      | -      | 32     | 1    | 2    | -    | -    | -     | 1    | 1    | 
|pw_mac      | ((A'*B'')')' | 30     | 18     | -      | -      | 32     | 1    | 2    | -    | -    | -     | 1    | 1    | 
|pw_mac      | ((A'*B'')')' | 30     | 18     | -      | -      | 32     | 1    | 2    | -    | -    | -     | 1    | 1    | 
|pw_mac      | ((A'*B'')')' | 30     | 18     | -      | -      | 32     | 1    | 2    | -    | -    | -     | 1    | 1    | 
|pw_mac      | ((A'*B'')')' | 30     | 18     | -      | -      | 32     | 1    | 2    | -    | -    | -     | 1    | 1    | 
|pw_mac      | ((A'*B'')')' | 30     | 18     | -      | -      | 32     | 1    | 2    | -    | -    | -     | 1    | 1    | 
|pw_mac      | ((A'*B'')')' | 30     | 18     | -      | -      | 32     | 1    | 2    | -    | -    | -     | 1    | 1    | 
|pw_mac      | ((A'*B'')')' | 30     | 18     | -      | -      | 32     | 1    | 2    | -    | -    | -     | 1    | 1    | 
|pw_mac      | ((A'*B'')')' | 30     | 18     | -      | -      | 32     | 1    | 2    | -    | -    | -     | 1    | 1    | 
|pw_mac      | ((A'*B'')')' | 30     | 18     | -      | -      | 32     | 1    | 2    | -    | -    | -     | 1    | 1    | 
|pw_mac      | ((A'*B'')')' | 30     | 18     | -      | -      | 32     | 1    | 2    | -    | -    | -     | 1    | 1    | 
|pw_mac      | ((A'*B'')')' | 30     | 18     | -      | -      | 32     | 1    | 2    | -    | -    | -     | 1    | 1    | 
|pw_mac      | ((A'*B'')')' | 30     | 18     | -      | -      | 32     | 1    | 2    | -    | -    | -     | 1    | 1    | 
|pw_mac      | ((A'*B'')')' | 30     | 18     | -      | -      | 32     | 1    | 2    | -    | -    | -     | 1    | 1    | 
|pw_mac      | ((A'*B'')')' | 30     | 18     | -      | -      | 32     | 1    | 2    | -    | -    | -     | 1    | 1    | 
|pw_mac      | ((A'*B'')')' | 30     | 18     | -      | -      | 32     | 1    | 2    | -    | -    | -     | 1    | 1    | 
|pw_mac      | ((A'*B'')')' | 30     | 18     | -      | -      | 32     | 1    | 2    | -    | -    | -     | 1    | 1    | 
|pw_mac      | ((A'*B'')')' | 30     | 18     | -      | -      | 32     | 1    | 2    | -    | -    | -     | 1    | 1    | 
|pw_mac      | ((A'*B'')')' | 30     | 18     | -      | -      | 32     | 1    | 2    | -    | -    | -     | 1    | 1    | 
|pw_mac      | ((A'*B'')')' | 30     | 18     | -      | -      | 32     | 1    | 2    | -    | -    | -     | 1    | 1    | 
|pw_mac      | ((A'*B'')')' | 30     | 18     | -      | -      | 32     | 1    | 2    | -    | -    | -     | 1    | 1    | 
|pw_mac      | ((A'*B'')')' | 30     | 18     | -      | -      | 32     | 1    | 2    | -    | -    | -     | 1    | 1    | 
|pw_mac      | ((A'*B'')')' | 30     | 18     | -      | -      | 32     | 1    | 2    | -    | -    | -     | 1    | 1    | 
|pw_mac      | ((A'*B'')')' | 30     | 18     | -      | -      | 32     | 1    | 2    | -    | -    | -     | 1    | 1    | 
|pw_mac      | ((A'*B'')')' | 30     | 18     | -      | -      | 32     | 1    | 2    | -    | -    | -     | 1    | 1    | 
|pw_mac      | ((A'*B'')')' | 30     | 18     | -      | -      | 32     | 1    | 2    | -    | -    | -     | 1    | 1    | 
|pw_mac      | ((A'*B'')')' | 30     | 18     | -      | -      | 32     | 1    | 2    | -    | -    | -     | 1    | 1    | 
|pw_mac      | ((A'*B'')')' | 30     | 18     | -      | -      | 32     | 1    | 2    | -    | -    | -     | 1    | 1    | 
|pw_mac      | ((A'*B'')')' | 30     | 18     | -      | -      | 32     | 1    | 2    | -    | -    | -     | 1    | 1    | 
|pw_mac      | ((A'*B'')')' | 30     | 18     | -      | -      | 32     | 1    | 2    | -    | -    | -     | 1    | 1    | 
+------------+--------------+--------+--------+--------+--------+--------+------+------+------+------+-------+------+------+


Report BlackBoxes: 
+-+--------------+----------+
| |BlackBox name |Instances |
+-+--------------+----------+
+-+--------------+----------+

Report Cell Usage: 
+------+----------------+------+
|      |Cell            |Count |
+------+----------------+------+
|1     |BUFG            |     1|
|2     |CARRY8          |  4273|
|3     |DSP_ALU         |   800|
|4     |DSP_A_B_DATA    |   800|
|6     |DSP_C_DATA      |   800|
|7     |DSP_MULTIPLIER  |   800|
|8     |DSP_M_DATA      |   800|
|9     |DSP_OUTPUT      |   800|
|10    |DSP_PREADD      |   800|
|11    |DSP_PREADD_DATA |   800|
|12    |LUT1            |  1743|
|13    |LUT2            | 24883|
|14    |LUT3            |  7087|
|15    |LUT4            |  4643|
|16    |LUT5            |  2159|
|17    |LUT6            | 17602|
|18    |RAM64M          |    16|
|19    |RAM64M8         |  4472|
|20    |RAMB18E2        |     2|
|21    |RAMB36E2        |    97|
|26    |SRL16E          |    26|
|27    |URAM288         |    62|
|28    |FDCE            |   351|
|29    |FDRE            | 44140|
|30    |FDSE            |   489|
|31    |IBUF            |    68|
|32    |OBUF            |    66|
+------+----------------+------+
---------------------------------------------------------------------------------
Finished Writing Synthesis Report : Time (s): cpu = 00:06:33 ; elapsed = 00:07:04 . Memory (MB): peak = 3690.262 ; gain = 2142.078
---------------------------------------------------------------------------------
Synthesis finished with 0 errors, 0 critical warnings and 202 warnings.
Synthesis Optimization Runtime : Time (s): cpu = 00:05:36 ; elapsed = 00:06:31 . Memory (MB): peak = 3690.262 ; gain = 1551.180
Synthesis Optimization Complete : Time (s): cpu = 00:06:33 ; elapsed = 00:07:09 . Memory (MB): peak = 3690.262 ; gain = 2142.078
INFO: [Project 1-571] Translating synthesized netlist
Netlist sorting complete. Time (s): cpu = 00:00:03 ; elapsed = 00:00:03 . Memory (MB): peak = 3789.277 ; gain = 0.000
INFO: [Netlist 29-17] Analyzing 9630 Unisim elements for replacement
INFO: [Netlist 29-28] Unisim Transformation completed in 19 CPU seconds
INFO: [Project 1-570] Preparing netlist for logic optimization
INFO: [Opt 31-138] Pushed 0 inverter(s) to 0 load pin(s).
Netlist sorting complete. Time (s): cpu = 00:00:00 ; elapsed = 00:00:00.076 . Memory (MB): peak = 4329.117 ; gain = 0.000
INFO: [Project 1-111] Unisim Transformation Summary:
  A total of 5357 instances were transformed.
  BUFG => BUFGCE: 1 instance 
  DSP48E2 => DSP48E2 (DSP_ALU, DSP_A_B_DATA, DSP_C_DATA, DSP_MULTIPLIER, DSP_M_DATA, DSP_OUTPUT, DSP_PREADD, DSP_PREADD_DATA): 800 instances
  IBUF => IBUF (IBUFCTRL, INBUF): 68 instances
  RAM64M => RAM64M (RAMD64E(x4)): 16 instances
  RAM64M8 => RAM64M8 (RAMD64E(x8)): 4472 instances

Synth Design complete, checksum: 65c32f33
INFO: [Common 17-83] Releasing license: Synthesis
765 Infos, 130 Warnings, 0 Critical Warnings and 0 Errors encountered.
synth_design completed successfully
synth_design: Time (s): cpu = 00:07:54 ; elapsed = 00:08:33 . Memory (MB): peak = 4329.117 ; gain = 3796.059
INFO: [Common 17-1381] The checkpoint 'E:/A_IP_Stega/IP_Stega/IP_Stega.runs/synth_1/top.dcp' has been generated.
write_checkpoint: Time (s): cpu = 00:00:31 ; elapsed = 00:00:22 . Memory (MB): peak = 4329.117 ; gain = 0.000
INFO: [runtcl-4] Executing : report_utilization -file top_utilization_synth.rpt -pb top_utilization_synth.pb
INFO: [Common 17-206] Exiting Vivado at Thu Apr 16 01:06:16 2026...
