00090b0b00090b0b00080a0a000a0c0c
000b0e0f00090b0c00090b0b00090b0b
000f1112000c1011000c1011000d1011
000e121300181b1c001b1d1e00151617
00070b0c00060a0b00080c0d000b0f10
000b0f1000090d0e00070b0c00070b0c
000b0f10000b0f10000a0f0e000c1211
00131718000f1415000e1213000c1011
00101516001014150012141500141617
00161a1b0014191a0011151600101516
0015191d00171a1e00191c1d001a1c1c
00191c2000181b1f00171b1e00171c1f
001a1f1e001a1f1f00181c1d00181b1e
0024252700232526001d212000191e1d
001f2227001e2225001d222300212425
0023232300202121001f2123001f2327
00202424001f24250022262800222326
00212527002123260022242500212425
00282e340031343c0024272b00222627
00222327001d21220021262700262c30
00202425002023260021242600232427
002322240024242600232526001f2425
00131716000e1213000e1213001b1e1f
001a1c1d001b1d1e00181a1b00151818
0017191900181a1a00181a1b00191b1c
00121617001216170014181800151918
00141819001215180010141600111516
001b1c1c001719190012141500141718
002c363a001b2023001c1f1f001e1d1d
00b6c2ca00b3bec600abb8be00849196
00b6c5ce00b6c5ce00b6c5ce00b6c4cd
00b9cad300b6c7d000b5c4cd00b6c5ce
00121414001214140011131300121414
001b1d1e0017191a0015171700131515
0029292b0025262700212324001e1f20
001b1d1e001d1d1f00242325002a292b
00161a1b001c1e1f00202223001f2122
00101415000f1314000f131400101415
00151718001719190015171700111615
00101314001214150014161700151718
000f1314000f12130010121300101314
0015191a0015191a0013171800111516
00171a1d001c1f23001e212400191e1f
00101317000e1214000f131300131718
00151b1e0012181c00151b200015191e
002124290023262b001c212400151b1e
002a2f35002d333800272d3100202529
0026282c0026292d0025292e0024282e
001d2122002025270022252800232529
001b1e21001a1c1e001c1e20001e2122
00292f36002a2e3500272b2f001f2224
001d2024001c21220021262800262c30
001b1e1f001f2225001c212500191d22
001315180017191c00181a1c0017191a
00131616000f1213000b0f10000f1314
00161819001618190014161700141616
0014161600141617001618190017191a
00111516001317180014181900121716
0013171900111417000f1314000f1314
00202020001b1d1d0015171800141819
002e383c001b21240020232300232424
00b6c2ca00b1bdc500aab8be00879399
00b7c6cf00b6c5ce00b6c5ce00b6c4cd
00b8c9d200b5c5ce00b5c4cd00b7c6cf
00252727002426260025272700252727
00232526002426270025272700262828
003b3a3c0038383a002c2c2e00252527
0031313300272527002d2b2d00363436
003a3c3d003b3d3e0037393a0037393a
00353839003336370031353600333536
003a3a3a003e3e3e003d3e3e00393c3c
00343637003637380037373900393939
00262a2b003133340033353600323435
001b1e1e001b1d1d001e202100202425
0025282800202326001b1f22001b2021
0021252a001c1f21001e212000242726
00343b4600373f4900333b45002b323a
002227300020263000252b36002b333e
003c434d00373e48002f373f00272e36
00393e4700373c4600333842003b414c
002e3438002c3237002d3137002f323a
002b2e3200292b2e002c2e32002f3237
002b313a00252a3300282d3300282d31
00292d32002e33370030363b002a3037
0025272b002c3036002b3239002b3239
000f131700191d21001e202400202124
001416160013151600101213000b0e0f
00121415001416170017191a00161818
000d0f0f000f11110010121300131516
000b0e10000b0f11000b0f10000b0f10
00121617000f1216000c1011000b0f10
00242424001e1f1f0014171700121617
003d474b001f262800272b2b00292a2a
00b5c1c900b1bdc500aab8be00909ca2
00b7c6cf00b6c5ce00b5c4cd00b6c4cd
00b3c4cd00b2c3cc00b5c4cd00b7c6cf
00242626002325250024262600242626
001c1e1f001e2021001f212100232525
002f2e3000262527001f2022001c1e1f
003a393b00282729002b2a2c00323133
003d3f4000393b3b00383a3a003d3e3e
00393b3b00383a3a003a3c3c003b3d3d
003e3e3e0041414100404141003d3f3f
002b2d2d003333330034353500393939
003638390030323300292b2c00262829
00252525002a2a2a003434340037393a
0021222200202123001b1e1f00202324
0031363f002b2f350024282a00222425
004a53630047516100424c5900353f4a
0038414e00444e5c004b5464004f5869
0038404e00333b490037404c00333c48
003a4351003d4654003b4452003e4756
002c333c0030384200353b47003a3f4c
00272d3400282c33002b3037002c3139
00242c38001e2632001e2530002a3139
0030363f002e353e0028303a00262d39
0032374100333842002a313a00293039
0026292c00363a3f00383c43003c4047
00161818001618190017191a001f2223
001a1c1d001c1e1f00191b1c00171919
001a1c1d0016181900181a1b00191b1c
000e1114001014150011151600181c1d
0012161700101317000e1213000d1112
0014141400111313000d1010000e1213
00495358001b22240016191900151616
00b6c2ca00b1bdc500aab7be0099a6ac
00b7c6ce00b8c7ce00b7c7ce00b7c5cd
00b4c5ce00b4c5ce00b4c4cd00b7c6cf
00222424002224240021232300212323
00212425002123240021232300222424
0023242600202223001f222300202425
00272929001e2021001c1e1f00212324
00292b2b002b2d2d002b2d2d002b2c2c
00242626002224250022242500252727
00292b2b002729290024262600242626
001f212100262828002f3030002f3131
00252728001e2021001d1f20001d1f20
003b3b3b00414141003e3e3e00343435
003c3d40003c3c3e003b3c3c00383939
00353f4c003a424c003f454c003d4044
004c576a004d596a004955650035414f
00556171005b687800576375004d586c
00424c5e0046506100424c5d004a5565
0037425300303c4d00313d4e00374254
003f49580037435200343d4f00363f50
00252d3800242b36002d34410038404e
00222c3c001b2634001d27350027303d
00222b36002d36440026303f00212a3a
003b44530031394700272e38001c242b
003c3e3f003d404400383e48003a4250
00151717001618190025272800393b3c
0026282900262829001c1e1f00171919
0021232400222425001f2122001f2122
00191d20001f2324001f2324001d2021
00161a1b0015191c00181c1d00191d1e
0014141400131515000f111200101415
005b65690020272a000c0f0f000e0e0e
00b8c3cb00b1bec500abb8bf009facb2
00b8c6ce00b9c7cf00bac7cf00b9c6ce
00b4c5ce00b4c5ce00b5c4cd00b7c6cf
002224240021232300202222001f2121
00232526002224250023252500222424
001f2324002124250021252600222627
00222626001c2021001a1e1f001f2223
00262829002628290027292a00262728
00262829002527280025272700252728
00262828002426270024272800252829
001e22220022252500292b2b00282a2a
00232426002224250023252500242627
002a2c2e002e2f30002e2f300029282a
00323740002f323a002b2d31002b2c2d
003a45580037415100343d4a00343b46
005c6a7c004b586a00384456003a4658
004c596c004f5d7000556376005d6b7e
003d485b004b5669004c586a004b5769
00293649002f3c4f0037435600394458
003c495b00303e50002c394e002c374b
002b3543002e364500323a4b00343e50
00303c4e00293646002b3747002f3b4a
00232d3a00232e3e002a3547002d394b
00313d4f00353f4e00323a4500272f38
003232330032353a002e3541002d3848
001517170013151600232526002f3031
0027292a0025272800212324001b1d1d
002e3031002e3031002b2d2e00292b2c
0022252900272a2e002b2f3100282c2d
00191d1e001c1f220020242600222627
00252525002022220016181900161a1b
00727c81002d3436001a1e1e00222323
00b9c6ce00b4c1c800afbdc300a5b2b8
00b8c6ce00b9c6ce00b9c6ce00bac7cf
00b3c4cd00b4c4cd00b5c4cd00b7c6ce
00212323002022220020222200202222
00242627002325260023252500222424
002426270025292a0024282900232728
00252829001f2122001d1f20001f2122
0026282900262829002628290027292a
0027292a00282a2b00292b2c0027292a
00282a2b00282a2b0028292b0027292a
00262929002a2c2c002a2b2c0028292a
002d2f30002c2e2e002b2d2d00282d2c
002c2f33002c2e30002d2f31002e3031
002630400028313f002d343e002c3238
00414d6000424e600036435400303c4d
005361740047556800404b5f00434e62
003d4a6100435167004c5a7000546276
0039455700323d5100354255003b495d
002e3b4f003641550034405200394557
004b596c0044526700404d6200354257
002d36450028304100232b3d00293346
00374153003541510033405000323d4e
0029344100242f3f002b354800353e52
002e3948002c374600323b49002c3441
00282b2e00292d3500272e3900283341
00171919000f131400191d1e0025282a
001c1e1f001c1e1f00212324001f2121
001e2021001f212200202223001f2122
0015181c0016191d001c2021001d2122
001d2122001d2124001d202200181c1d
00303131002a2c2c001d1f20001a1e1f
00747f8300353c3e002d3131002e2f2f
00b9c6ce00b5c2ca00afbdc400a7b4ba
00b8c6ce00b9c6ce00b8c5cd00b8c6cd
00b3c4cd00b4c4cd00b4c4cc00b7c6ce
00212323002022220020222200202222
00242728002426270024262600222424
002527280027292a0026282900242728
00252829001f2122001d1f2000202324
0026282900262829002628290027292a
00272b2c00282b2c00282a2b0027292a
002a2a2c002a2a2c002a2a2c00292b2c
002e2f2f002d2d2d002828290029292a
002d2f30002d2f2f002d2e2e002b2e2e
002d333a002a2e3300292c2f002b2e2f
0028374a00263445002834430029333e
00465265004552650037465a002f3e52
00515f720047526600455066004e596f
00434e680047546d00435066004d5b6e
003d485a002e3a4e00334155003f4c62
0036415400424e6000424c5e003d485a
0059677b005361750049566a00424e61
003038480021293a001e263900343f52
00262e3f00222d3c00273242002d3748
002a3341001d2636001c2437002f3649
0036414e002d3847002e3848002b3444
002e32380033384200383f4a0037414c
001a1e1e0015181900181b1d00272a2d
00202123002021230022242500212323
001c1e1f001e20210020222300202223
0014171a0015181c00181c1e001b1f20
00191d1e00171a1d00161b1c0015191a
00262626001f21210015171800161a1b
006e797d00282f32001c2020001f1f1f
00b7c5cd00b4c1c900afbcc300a8b5bb
00b9c7ce00b9c6ce00b9c6cd00b8c7cd
00b4c5ce00b5c6cf00b4c4cd00b8c7cf
00212424002022220020222200202222
00242728002326270022272600212625
00242627002628290026282900262829
00252829001e2223001b1e1f001f2122
0027292a0027292a0027292a0027292a
0027292b0027292a0026282900262829
002628290027292a0026272b0027282b
0033353500313334002b2d2e00252728
00292c2d002b2d2e002a2b2b002e2e2f
002e3746002f3641002c3136002a2d30
003543570034425500323f50002f3c4b
004551660047546800425065003d4b60
0039455800313e51003f4d6200445069
003c4960003f4b630038425a00394459
004e5a6f00445167003c4a5f003d4b60
00434d600039435600414b5f004b566a
004a5970004c5a700043506400475366
003a44550027314400222d4200324057
00232a3a0020293a00313c4e003d495b
002a3343001e2637001a2133002d3546
0036415300313c4f00323d4f0030394b
0032374100353c4900373f4d00374152
001f2122001c1d2000202125002c2e34
00212324002123250023252600232424
001d2021001f21220020222300202223
00161a1d00171a1e00181c1e001b1e1f
00171c1c00161b1a00161b1b00161b1b
0020201f001a1c1c0014171700161a1a
0069757900242b2e00181b1b001b1918
00b6c6cc00b4c1c900afbcc400a8b6bc
00b9c7ce00b9c6ce00b9c6ce00b8c7ce
00b4c5ce00b4c5ce00b5c5cc00b9c8cf
00212424002123230020222200202222
00252829002327280022272700212625
00242627002527280027292a0026292a
00252829001e2122001c1f2000212324
00282a2b00282a2b0027292a0027292a
0027292b00282a2b00282a2b0027292a
00262829002628290026282a0027282c
0033353600333536002b2d2e00262829
00282c32002a2e32002c2f3200303234
002b3648002a3342002f353f002b3037
00414f64003d4b5e0035435500313e4f
00414e650047546a0042506600404e64
00232f41002d394b0038465a00364359
003d4a60003e4a61002e395000253045
003f4b61003d4a5f003b495c003b485c
0038425500323b4f0026304500323d52
003442590038465b0036435700343f53
0045506300242f43001a273c00233047
00242c3e0027314300394557004f5c6f
00313c50002e384b002c35480031394c
00333e5100343f5300323d5100354054
002e343e00323a47002e3746002e384a
00212526001a1e21001c202500282d33
001f23230022242400272929002a2d2d
001e2021001e20210020222300202223
00171a1d00181b1f00191d1e001b1f20
00171c1c00161a1b00151a1900161a1b
00212121001b1c1c0017191900161a1b
006f7b7f002e3739002d2f30002a2829
00b9c7cd00b4c1c900afbdc400aab8be
00b7c7ce00b8c6ce00b7c6cf00b8c7cf
00b3c4cd00b4c5ce00b5c5cc00b8c8cf
00222424002123230020222200202222
00252829002327280022272700222726
00242627002628290027292a0027292a
00242829001f2122001c1e1f00212324
0027292a002628290025272800262829
0026282a00282a2b00282a2b0027292a
0027292a00282a2b0027292a0026282b
002a2c2d00282a2b00282a2b00262829
002e343e002c333a002d333700313537
00323e4f002a344300262d3a002e343f
00404e62003543560035435500394658
00364358003f4c620043516600425065
001d2a3b00253142002e3a4c00344054
0035435900424e640038445a00273246
002e394f003641560038445800364256
00293449002d384c00283349001f2b41
002733490029364b0028364b00243045
00485669002633470019253900182338
003f485c0035405300313c50004a576b
0037435900364358003e495e00434d61
002c364700303b4e00303d5200344157
00353b47002f3542002e3543002b3442
002a2e330023272e0020252e00303640
001f2325002024250022252700292c2f
001d1f20001d1f20001f212200202224
00171a1d00181b1f00191d1e001b1f20
00171b1c00161a1b00151a1a00161a1b
00212121001a1b1c0017191a00161a1b
007f8b9100323b3e00292c2d002c2b2b
00b8c6cd00b4c1c900b0bec500acb9c1
00b8c8cf00b7c7ce00b7c6cf00b8c7cf
00b2c3cc00b5c6cf00b4c4cc00b8c8cf
00222424002123230020222200202222
00242829002226270022272600222625
00242627002628290026282900262829
0025272800202223001d1f20001f2122
0027292a0027292a002628290027292a
0027292a0027292a0026282900262829
0027292a00282a2b0027292a00262829
00242728002527280025272800262829
00363c4800363d450032383c00292e2e
0040495800303844002e354100313743
003a46580038435500404c5c00465262
002c374b00374256003b475a003d495c
00212c3e0016203100212c3e00293446
002b384d0038455b003e4b5f003a4759
001e293f00202b40002c374b00374256
002330460027344a002e3a5000202c42
00212a3e002b364a00273349001f2c42
0048556a003643580018233700121c30
0026304300222b3f00202a3d00343f51
0033405600404d6200364157002b354a
00323a4800343f500033405500313f55
002d333f002f3440002f343f002c323e
0024282d00282c36002b313c00333945
0021232500212325002224260023262a
001c1f20001d1f20001f212200202224
00171a1d00181b1e00191d1e001a1e1f
00181b1d00171a1c0015191a00161a1b
001d1e1e00181a1b001618190015191a
0085929800343c400020242500212323
00b8c6cd00b4c1c900b1bec600acb9c1
00b8c8cf00b7c6cf00b7c6cf00b8c7cf
00b3c4cd00b7c8d100b4c4cc00b8c8cf
00222424002022220020222200202222
00242829002327280022272700222625
00232526002527280025272800262829
00252728001f2122001e2021001f2122
0027292a0027292a0027292a0027292a
002628290027292a002628290027292a
002628290027292a0027292a00262829
00222325002022230025272800262829
003d444e003a4047002b303300252828
003a414c00343a4400343a43003e434e
003841500038414f003a4352004a5361
00212b3d002f384a00384152003e4758
0029354800162234001d2839001e293a
00263348002e3b5100313f52003e4a5c
001b263e00131e34001b263b0029354a
0027334b002531490029354d00253149
00222b40002e394e002e3b51002a374e
002e3a4e003f4c60002d374b00252f42
00232d3f0020273a00171f31001b2436
0028344700384357003f4a5e002b3448
0032384400323b4a002f3b4d002c394d
002e343f00363a46003438420032353f
0021262800272d34002c333b002b323d
00222323002324240022252400212526
001c1f20001d1f20001f212200202223
0016191d00171a1d00181c1d001a1d1e
00171b1d00161a1c0015191a00161a1b
001e1f1f00191b1c0015181900141819
008a969c00374145001f252600222323
00b8c6cd00b4c1c900b0bdc500aab8bf
00b8c8cf00b8c7d000b8c7d000b8c7d0
00b4c5ce00b5c6cf00b3c4cc00b8c8cf
00222524002123230020222200202222
00242829002327280022272700222726
0022242500252728002628290025292a
00262829001f2122001c1e1f001d1f20
0027292a00282a2b00282a2b0027292a
002628290027292a0027292a0027292a
0027292a0027292a0027292a00262829
00262729002325260026282900262829
003a404b00363c43002c303400262828
00353b4600323841002c313b003a3f4a
00353d4a003038450039424f00414955
001b243600272f40002b344300383f4f
002d384d00202b40001b273a00162133
00222e4500202d43001f2d4100334054
001f2a450017223b0015203800263148
00202d47001e2a4400212c4700232e49
0029334800303b5200323e56002c3952
001823360029344800323b4f002b3448
00353d5000252c3f001c243500192234
001d273900202a3c002d374900364052
00303643002b33420027314200222d3f
00313745003b414e003a3f4c003a3f4b
002a2f3500262c35002b313d00313946
0020212400212325002326280026292d
001b1e1f001d1f20001e202100202223
0016191d00171a1d00181c1d00191d1e
00171a1c00161a1b0015191a0015191a
001f2020001a1c1c0015181900141819
008d9aa0003a44480021272900222425
00b8c6cd00b4c1c900aebbc300abb9c0
00b8c8d000b8c7d000b8c7d000b8c7cf
00b3c5cd00b6c7d000b3c3cc00b8c7d0
00222524002123230021232300202222
00242829002428290023282800222726
00232526002628290025292a0025292a
0027292a00222425001e2021001f2122
0027292a00282a2b00282a2b0027292a
0027292a00282a2b00282a2b00282a2b
00282a2b00282a2b0027292a0027292a
00333438002e303100292b2c00282a2b
00313a46003e465000343a41002e3136
00353d4b00323a4700323b4700373f4c
002f3746002a324100333b4a0037404e
00182235001f293b002c344500343b4b
002531480028334b001f2a4000152133
001c26400018243a0019273b00253247
00212c49001d2844001b264100222d47
0028345000202c48001f2b4700222d4a
001f2a4200222e4800293650002c3953
00111a2c00192335001f2a3e00263147
00252e4200252e420019213400121a2d
001c26380017213300151e3200182135
00323a4b00252f4000242e3f001c2738
002e35470030384800363e4e003b4353
002c323d0032394700363d4e0031384b
001e21280025272f002e313a0030343e
001c1e1f001d1f20001e2021001e2023
0016191c0016191d00171b1d00191c1d
00171b1c00161a1b001418190015191a
001e1f1f001a1c1c0015171800141718
008d9da2003e4a4e001e2427001e2122
00b8c6cd00b4c1c900afbcc400a9b8bf
00b8c7d000b8c7d000b9c8d100b9c8d1
00b2c5cd00b6c7d000b3c4cd00b8c8d1
00222524002123230021232300202222
0025292a002428290023282700222726
002324260025292a0025292a0025292a
00282a2b00242627001e2021001f2122
0027292a0027292a0027292a00262829
00282a2b00282a2b0027292a0027292a
0028292c0027292a0026292a0026282a
0032343900313235002e2f31002b2c2f
00333e4d003e4855003b414d0030333c
00313a4a002d374600323c4a00323c4c
002b334400242d3e002c3646002f3949
001c273a00212a3d00262f4100283042
00202b450026314c001e2a42001c283d
001d27420018243c001b283e00222f46
002c375500232e4c0025304d00242f4b
002b3753002c3855002c385500303b59
001f2b44001f2c4600222f4900293550
0011192b00111b2d00141f33001c273e
0015203500172137001a233800182134
00212b3e001d273c00202a3f001b253b
002c384b00242e410027314300212b3d
002d374a002f394d002f394d002e394d
00222934002a3340002e374800343e50
0023272c002c3137002b2f3700262b33
001b1e1f001d1f20001d1f20001e2123
0015191c00171a1d00181b1d00191c1d
00171b1c00161a1b0014181900141819
001d1d1d001a1b1c0015171800141718
0095a4aa00465357001c2326001c1f20
00b8c6ce00b4c1c800afbcc400a9b8bf
00b8c7d000b8c7d000b9c8d100b9c8d1
00b4c6ce00bacbd400b6c6cf00b8c8d1
00232525002123230021232300202222
0027292a002628290026282900242727
002626280027292a0027292a0027292a
00262a2b00232526001e202100212324
0027292a002628290027292a0027292a
0027292b00282a2b00282a2b00282a2b
0027282b002529280025292a0025282c
002d333b002e3235002c2d30002b2a2f
002933400030394500343c49002a303d
00202b39001f283700262e3e00252d3d
00283043001e283a00222e4000273343
00232c41001f273b0021283c00252c40
0027334e00242f4b00202c4600232d47
0027315000212c4a001e2a47001f2c47
00303c5d002c37570029345500283352
00293653002e3b5a0037446300333f60
0017213a001b2641001f2b460027334f
0010192d000e182b0010192e00121b32
0019223900141d3400151d3400141c32
001a233a001e273d001e273d001e263d
002e3a4f0029344a00253147001e2940
002d3748002b374900303c51002c394f
0022272e002e3540002e384600303b4c
00222527002427290025282a00202428
00191d1e001b1e1f0020222300222526
0015191a00161a1b00181c1d00181c1d
00171b1c00161a1b001418190015191a
001d1d1e001a1c1c0016181900141819
0098a7ad0047565b001a2023001b1d1e
00b8c6ce00b5c1c900afbdc400abb9bf
00b9c8d100b9c8d100bac9d200b9c8d1
00b7c6ce00c0cfd800b9c8d100b8c7d0
00232525002224240022242400212323
0027292a002628290026282900252727
0025262700262828002628290027292a
0025282900222425001f212200202122
0027292a0027292a0027292a0027292a
0027292b0027292a0027292a0027292a
00272928002629270027292a0027272d
00252d390031363f00292b310026272b
00242c360027303900333b4800272f3d
001b263400212a3a00272e3d00262d3a
0020283b001a2335001b2838001a2736
0025304a00252e4600252d4400222a3f
002a3757002532510025325100293452
00344063002d395b0027345500253353
0039456a00364166002e3a5e00303a5d
002a375800303c60003d486c003f4b6f
00151f39001a2440001f2a4700283351
00141d3500121a3100111a3100101a33
00141e3700151f3800141d3600141f36
001a253e00151f390016203900151e38
00333e52002e374c00212b42001d2841
002f394a002d394b00303d50002f3c51
00282c33002a303b00232b3800242e3d
0025292c0023272a0023262a0023262b
00191d1e001a1e1f001e212200252829
0015191a00161a1b00181c1d00181c1d
00171b1c00161a1b001418190015191a
001c1d1d001a1c1d0015171800141819
009aaab0004f5e63001d2326001a1c1d
00b8c6ce00b5c1c900afbdc400aab8be
00b9c8d100bac9d200bac9d200b9c8d1
00b6c5ce00becdd600b8c7d000b8c7d0
00242626002325250022242400212323
0027292a002628290025272800242627
0023252500252728002729290027292a
0026292a00222525001f2121001f2121
00282a2b00282a2b0027292a0027292a
00282a2b00282a2b00282a2b00282a2b
00262a26002829270029292a0029292c
002932410028303e00282f3700242929
002c333b002b333c002b343e00313a47
00232e3e002b354500303846002f3440
001b2236001b2335001c2737001c2939
002b395b00232f4d00232e4800222b42
00324167003241670033426800303f64
003e4a71003241660031406500354469
0044507900424d770038446d003d4870
003440660039466e003d49720047527c
001f294600202a4800252f4f002e395b
00212a4500222b4500202944001d2542
0015203d0015203c001b2641001c2742
001b2643001722400015203e0017213e
00263043002b344700242d4300202b44
002e384a0027334500242f4300263043
0023293200252c3700272e3c00303847
0021262c00242930002a2d35002c3037
00191d1e001b1f21001e2021001f2124
0015191a00161a1b00171b1c00181c1d
00171b1c00161a1b001418190015191a
001b1c1c00191b1c0015171800141718
009caab000546267001c212500171919
00b9c7ce00b7c2ca00b0bec400acb9bf
00b9c8d100b9c8d100bbc8d200bbc8d1
00b4c5ce00b6c7d000b5c5ce00b9c8d1
00242627002325250022242400212323
0027292a002628290026282900252728
0024262600262828002628290027292a
00262a2b00232526001f212100212323
00282a2b0027292a0027292a00272a2b
00292b2c00292b2c00282a2b00282a2b
00262b280028292a0029292b00292b2b
00313a45002e3543002d353f00242a2c
002f3843002b333d002a313a002d343e
001b2432002029370028313f002f3644
001c233900171f32001b2334001c2535
0041537c00314266002e3b5b00242e48
0044547f0042537f0042527e00435481
0046557f0041517b003e4e780044547d
0057659200505d8b004c5985004e5b87
00424f7900475580004f5c880055628f
002f395a002b355800313d61003e4a70
002a3453002d375600283252002b3556
00232f5000222d4e00273352002c3756
00283558002734580027325600243052
002d354800293144002831480028324e
00313b4d002a354900222d4000283144
00282f3a0029313e00323b4a00363f4f
0023262b00262a31002c3138002f343d
001a1d21001e21240021222600212327
0015181c0016191d00181b1e00191c20
00171b1c00161a1b0014181900141819
001e1e1f001a1c1d0016181900141819
009fadb30059666c001e2427001c1d1d
00b9c7cf00b8c3cb00b1bfc500adbac0
00b9c8d100bbc8d100bcc9d100bbc8d0
00b3c4cd00b6c7d000b5c6cf00b9c8d1
00252727002325250022242500222424
0027292a0027292a0027292a00262829
00252727002628280025292a0026292a
00262a2b00222425001e202000202222
0027292a0027292a00282a2b00272a2b
00282b2c00282a2b00282a2b00282a2b
0025292d0027282c0026282b00272c2b
00262d32002e353f00363e4800293035
00273243002b3541002c333b002c3035
00171b2700191f2b001e273600232e3e
00242c4700192135001921320019202f
00516694004d608b0043537800323d5d
00526492005465960052659400556799
005e6d9b005c6c990053639100546492
006f7eac006675a30063729f00606f9d
00596692005d6c980062719f006776a4
00404b71003e497100445078004f5c85
003e486c003f496d00394368003e486e
0037456b003643680036436700394569
0033416a003747700037466f0036456c
001f2639001d253b0026314c002d3a5c
002e384b002731430019233500182033
0029324000313b4c00353f5200333f51
002325290026292f00282c3400272e39
001a1d20001c1f23001f212500212226
0016191d00171a1d00181b1f00191c20
00171b1c00161a1b001418190015191a
00222222001c1d1e0016181900141819
009fadb30059666c00272c2f00262727
00b9c7cf00b8c3cb00b1bfc500acbac0
00bbc8d000bbc8d000bdc8d000bbc8d0
00b4c5ce00bacbd400b6c7cf00b9c8d1
00252728002325260021232400212324
0027292a00282a2b0027292a00262829
00252727002729290025292a0025292a
00262a2b00242627001f212100202222
00282a2b00282a2b00292b2c00282a2b
00272a2b00282a2b00282a2b00292b2c
00282a310028292f0026292b00242a2a
0024282c0022293000303942002c323a
00263244002d3747002f3641002a2f35
001518230010152100161f2d001e2a3b
0035415f00202a4200151d3000222836
006278a8006074a2005e6f9a004f5e83
006375a4006375a5006477a700677bac
007484b3007484b3007080af00697aa9
007f8fbd007d8cbb007c8cba007786b4
006f7ea9007181ad007483b0007989b7
00596590005b679300606d9a006977a4
004e5a8400515c8500525e880057628c
004b5b86004c5a840048568000495780
00425381004354820042528000445581
001d253a001f29440029375900374871
00232e400020293b001b2336001a2134
00313b4b003e4a5d00354256002b384c
002122250022252a0022272f00232a37
00191d1f001c1f20001e2021001f2122
00161a1b00171b1c00181c1d00191d1e
00171b1c00161a1b001418190015191a
00222323001c1d1e0017191a00141819
009fadb3005b686e002e3337002b2d2d
00b9c7ce00b7c3cb00b1bfc500abb9bf
00bac8cf00bbc8cf00bcc8cf00bcc8cf
00b4c4cd00b9c8d100b7c6ce00b9c8cf
002426270021232400202223001f2122
0026292a0027292a0026282900252728
00242727002428290025292a0025292a
00282a2b00242627001e202100202223
00282a2b00282a2b00292b2c00292b2c
0027292b00282a2b00282a2b00292b2c
0025282e0028282b0027292a0025282a
002d303900232930002b333c002e343c
00262f40003a4153003a425200323a46
001b202d000e1420000f182300192230
00556386003f4a65002b324700212637
007286b5006f83b3006e80af006677a1
007889b8007688b7007385b4007486b6
008695c5008594c5008393c3007d8ebd
008b9bca008e9ecd008c9cca008a99c8
008292c0008291bf008291bf008595c4
007582b0007785b4007987b6007d8cbb
0063719e006875a3006e7ba9007380ad
005a6a99005c6b9a005c6b9a005d6c99
004b5f90004f6394004f629200546596
001d253e002a36560038497300445889
001d2537001a2234001a213400192034
003d495a003c485b002a364a001f2b3e
001f22260020252b00242a3500303948
001a1e1f001b1f20001d1f20001e2022
00161a1b00171b1c00191d1e001a1e1f
00161a1b00161a1b0015191a0015191a
001f1f1f001c1d1e00181b1c00141819
00a1b0b6005e6c71002b313400232525
00b9c7ce00b7c2ca00b0bec500abbac0
00bac7cd00bbc7cd00bbc7cd00bbc8ce
00b3c3ca00b7c5cd00b7c5cd00bac8cf
002225250020222300202223001f2122
0026292a00282a2b00282a2b00252728
002426270025292a00262a2b0026292a
00272a2b00232627001e2021001d1f20
0027292a0027292a00282a2b00282a2b
0026282a0027292a00282a2b0027292a
00282b2e00282929002829290027292b
00393d4c00303640002c353b002e343a
00212836002f3748003e485b00404a5b
00252c3d00161e2b0019202b00212733
006c7da300606d8c004b536b0030374a
007d8ebe007a8ebe00798dbc007587b4
008595c4008595c4008494c3008090bf
008f9ecf008b9bcc008999ca008797c7
0092a1d10095a5d40094a4d30093a3d3
008e9ecd008c9ccb008c9ccb008d9dcd
008996c6008a98c8008a98c9008d9bcb
007684b4007e8cbc008390c0008694c4
007080b1007181b1007180b1007281b1
00566a9e005a6ea1005e70a300687aac
002e3753003f4c72004a5d8c004d6297
001f2739001a223300171e300021283d
00303b4d002c384a0027324400273143
001d212700232932002a323f00323b4b
001b1f20001b1f20001d2021001e2023
00161a1b00171b1c00191d1e001a1e1f
00161a1b00161a1b0016191b0015191a
001d1f1f001c1e1e00191c1d00141819
00a5b5bb006a787e00272e31001e2021
00b8c6cd00b6c3ca00b1bfc500acbac1
00bbc8ce00bbc7cd00bbc8ce00bbc8cd
00b4c1c900b8c5cd00b7c5cc00bcc9cf
001e2222001b201f00191e1d00181d1c
00262a2b002a2d2e00282c2d00232728
001c2021002226270025292a00262a2b
00222526001f232400222526001a1e1f
00262829002427280025282900242829
0027292900282a2b00292b2c00282a2b
00292c300025282b0025272800272828
00434c5f0039404e002d313800282b2f
001f273400262e3d002f384900414b5c
00323a4f00222a3b002029370029313e
007788b0007181a400616d8c00404b65
008495c5008395c4008295c3007d90bc
008998cb008998ca008998c9008696c6
0090a1d30090a0d4008c9cd0008a9acc
009aa8d90099a7d80097a6d70094a4d5
0095a5d50093a3d40096a5d50096a5d6
0097a2d20098a3d30099a4d40098a5d4
008593c6008a98cb008e9bce00929ed0
007f8fbe007f8ebe00808fc0008190c2
006276a900697aad006f80b2007a8aba
003f4c70004f5f8e00566a9c005b70a4
00242e4200242b3d00262e40002a344c
00252e40002a3547002a364800283447
0021242b00262c36002c34420031394a
001b1f20001b1f20001c1f22001d2025
00161a1b00171b1c00191d1e001a1e1f
0016191c00161a1d0015191c0016191c
001d1f1f001c1e1e00191b1c00141819
00a6b5bd00707f8500283033001d2122
00b8c6cd00b6c3ca00b2bfc500abbac1
00bac8ce00bac7cd00bac7cd00b9c7ce
00b1c0c900b6c5cc00b6c4cc00bac8ce
000e1312000b100f00090e0d000a0f0e
00131617001c2021001b1e1f00151919
00111314001012130010131400101213
0013161600141617001b1d1e0017191a
00222425001c1e1f00171b1c00141819
00292b2c0027292a0026282900252728
00212429002124270025272800292a2a
003c47590041495800373c460024272d
00333b4900222a390021293a002a3344
00303a5100242c3f001e263700323a49
007e8fba007c8bb3007582a50056617f
008697c8008596c7008799c8008294c2
008d9bd0008c9bcf008a99cc008998ca
0090a0d40092a2d7008d9dd2008d9dd1
009da9db009aa7d90099a7d90096a4d7
009eaddc009ba9da009aa7d8009ba7d9
009ea8d900a1acdc00a2aede00a1aedd
008f9dd100919ed20094a1d40099a4d6
008897c8008b9acb008b9acc008d9bce
007386b9007889bc007c8dbe008493c4
0051608a00586a9b005e73a600687db0
002f394c002b344600232d420036415e
00252f4200313b4d00333d4f00323d50
0022252c00242a34002b334200232c3e
001a1e1f001b1f20001d202400202327
0015191a00171b1c00181c1d00181c1d
0015191b00171b1c0015191a0015191a
001d2020001c1e1e00181a1b00141718
00a6b5bd0072818700283033001e2223
00b9c6cd00b6c2c900b1bec400aab9c1
00bbc9cf00bac8ce00b9c7cd00bac8cf
00b0c0c800b4c4cb00b6c4cc00bbc8cf
00111414000f11110010131200121515
00111313001013130012141400131616
001a1c1d001b1d1e001a1c1d00161819
001a1c1c00161818001a1c1c001a1c1d
002527280024262700222526001c2021
002a2c2d002c2e2f002b2d2e00282a2b
0026292d002b2d2e002e2e2e00282a2b
002b3546003a445500424b5900313740
00373e4d003a425100262e3d00232d3d
004e587300313a510021293c001d2536
007e90bd007f8fb9007e8cb100707c9e
008697ca008092c4008194c6007e91c0
008e9ed3008d9dd2008a9ace008899cc
0094a2d70094a2d7008e9cd1008c9bd0
009faadc009eaadd009da9dd009aa7dc
00a1aede00a1addd00a0abdb009fa9da
00a1acde00a4b0e000a3b0e000a1afde
0094a1d50095a2d60098a5d9009ca7d9
008c9bcd00919fd30092a0d40094a2d6
007c8fc2007e90c3008192c4008898c9
005a6c9a005d71a5006a7fb300778cbd
0037405200283146002f3a5500515f83
002b364a00333d5100333c5000384155
001f232900202630001f283700212c3f
0015191a00181c1d001c1f22001f2226
00131718001418190015191a0015191a
0015191a00161a1b0014181900131718
001d1f20001a1c1d0017191a00131617
00a8b6bf0073828800273033001d2122
00bac7ce00b7c4ca00b1bec400abbac1
00bbc9cf00bbc9cf00bac8ce00bac8cf
00b1c0c800b4c3cb00b6c3cb00bbc9cf
00252727002325250024262600252727
002d2f2f002729290027292900292b2b
002e303100383a3b0037393a00343637
002f313200252727001d1f1f00212324
00232526002527280027292a002e3031
0024262700292b2c002a2c2d00252728
002f333900303132002f30300026292b
0029324300293446003c475800424b57
0022293900454d5b003d455500283242
006a749300444d6900323a5100242b3e
007f90bf007f90bb008090b7007b89ac
008596c9007f91c4008093c6008093c4
008c9cd1008c9cd1008898cd008597cb
0097a5da0094a1d700909ed5008e9cd4
00a0abdd009ca8dc009aa7db009ba9de
00a3afde00a3aede00a3adde00a1abdd
00a2addf00a0aedf00a1afdf00a1afdf
0098a5d90099a5d9009da9dd00a1ace0
008d9cd00093a1d50094a2d70096a4d9
008093c6008394c7008697ca008a9bce
005e72a500657ab000768bbe007f93c4
00333b4d002a344c00465374005e6e9a
00344056003d475b00475064004a5265
00171b1f001c232c00212c3b002a364a
00171b1c0015191a0014181a0015181b
000e121300111516001317180015191a
001317180014181900101415000f1313
00141617001618190015171800111516
00a7b5be0074838a00242d3000141819
00bac7ce00b8c5cb00b4c0c600abbbc2
00bac8ce00b8c6cc00b9c7cd00bac8ce
00b0bfc800b4c4cb00b5c2ca00bac8cf
00242626002426260025272700262828
00383a3a002d2f2f002b2d2d00262828
002b2d2e0030323300353738003b3d3e
003b3d3d002e3030001c1e1e00232525
001c1e1f001f212200292b2c00343637
0017191a0017191a00181a1b00191b1c
00343a42001e212400181b1c00171a1e
0028324200232f41002a374a00444e5d
0031394a00394150004e566700374152
007782a5005e688800414a6400394055
007b8ebe007c8eba007f8fb7007f8db2
008496c8008396c8008295c8007e92c5
008b9ad1008a9acf008496cb008597cb
0098a6db0096a3da0093a1d9008f9ed6
009eaadc009aa7db0097a6da0097a7dc
00a4b0df00a4b0e000a4b0e000a2addf
00a1acde00a0adde00a3b1e200a4b2e1
009ca8dc009eaade009faade00a1ace0
008e9cd10093a1d60097a5da0099a7db
008193c5008495c9008a9ace008d9bd0
006276ae006f83ba007b90c3007e92c3
0030384d003b4764005a6a92006072a5
003a475c0039445900444d61003d4559
00171b2100212833002a354600334154
0015191a001216170011151600131619
00121618001216180013171800141819
001317180015191a0010141500101515
000e10110011131400111314000f1314
00a9b7c0007a898f00252d31000c1011
00b9c6ce00b8c5cb00b4c1c700adbcc3
00b9c7cd00b8c6cc00b9c7cd00bac7ce
00b1c0c900b3c2ca00b4c1c900bac7ce
00222424002123230022242400212323
00272929002022230024262600232525
002b2d2e002b2d2e0030323300353738
00313333002a2c2c0021232300252727
00262829002a2c2d002f313200313334
00191c1d00181b1c00191b1c001d1f20
00424b570030363d001d202400191c20
00303c4d00222f41001f2c3f00374354
003940520039415200465061004b5668
007c89ae006d799b00515b77003c445b
007a8ebf007a8cb9007f8fb8008090b5
008596ca008496ca007e90c500798dc1
008b9ad2008898cf008394c9008395c9
0093a2d70093a0d600909ed5008d9cd4
009da9dd009ba7dc0097a5da0094a4d9
00a3afdf00a4b0e000a2aede009faadc
009ea9db00a0acdd00a1adde00a2aede
009ca7db009ea9dc009faadd009ea9db
0093a0d50097a5d90099a7da009aa7db
008394c8008897cc008b9acf008d9acf
00667bb3007488bd007c90c3007e91c4
0040496300556285006071a0005e72a8
002a384b0037425500434c60003f485d
001a1f2800272f3c00303b4c002a384b
0012151600111516001317180015181b
0014171b001316190012161700121516
00161a1b00171b1c0013171800141819
00111314001315160014161700111516
00a8b7c00078878e00242c30000c1012
00b9c6ce00b8c5cb00b5c2c800aebdc4
00bac8ce00b8c6cc00b8c6cc00b9c7ce
00b1c0c900b4c3cb00b4c2ca00b9c7cd
00252727002426260023252500222424
002325260026282900282a2b00252728
002b2d2e002b2d2e002b2d2e0027292a
00323435003436370027292a0027292a
002d2f30002c2e2f002d2f30002f3132
0026292a002528290027292a002a2c2d
003d495a003d45530030363c00282b2e
003f4b5e0027334600202d3f00273446
00374053003e475900444f61004d586b
007a89b000707ea100616d8a00434d64
007789bd007788b8007a8ab5007c8bb3
008393c9008192c8007b8dc4007487be
008d9cd4008c9bd2008999cf008496cb
0093a3d80091a0d6008e9dd4008d9cd4
009ea9dd009ca7db0098a5d90096a3d8
00a2aede00a2aede00a2abdd00a2abdd
00a0abdd00a2adde00a3aedf00a4aede
009da9dc009ea9db009faadd00a0abdd
009aa6db009ba8dc009aa8da009daadc
008696cb008a98cd008b98ce00919dd3
006c80b600768abe007a8cc2008091c7
00515d7c00606f98005e70a3005f73ab
00303c4e003c465900454e6200455168
00282d3a002a334300293446002a3749
001e20210023252600282a2b00282a2e
0016181b001416190015171900181a1b
00181c1e00191d1f00161a1b00171a1c
001d1f1f0017191a0014161700111516
00a7b6bf0078868d002a3236001a1e1f
00b9c6cd00b8c5cb00b5c1c700acbcc3
00bac8ce00b9c7cd00b8c6cc00b9c7cd
00b1c0c900b5c4cc00b6c3cb00bac8ce
00262828002527270024262600222424
00292b2c00292b2c00292b2c0027292a
002c2e2f002e3031002d2f30002b2d2e
002e30310027292a0024262700282a2b
002c2e2f002b2d2f002a2c2d002d2f30
002c3031002b2e2f002a2e2f002c2e2f
002f3c4f003b465600373e4800313439
003e4c5f002f3c4e00202d3e00202e40
003f495d003c465900414d6000465265
007585ae006f7ea3006a769500545e77
00798ac0007889ba007787b3007484ae
008594cc00808fc8007c8dc6007b8bc4
008d9cd4008d9cd4008b9bd0008797cd
0096a5da0093a3d8008f9ed4008e9cd4
00a3ace000a0a9dd009da8db009aa6da
00a3acde00a4aedf00a5aee000a6aedf
00a2adde00a4afdf00a5afdf00a4aedf
009ea9db009ea9db00a0abdd00a0acdd
0098a4da009aa6da009ba8da009dabdb
008897cd008b99ce008f9bd200929ed4
007184ba00798cc0007c8ec4008393cb
00626e930060709e005b6da4006074ac
00303b4c003c465900475267004d5872
00272e3d00242e3f00273244002a3648
0021232400202223002023250025282e
0016181c0017181c00191b1c001c1e1f
00171b1e00191c2000181b1e0016191d
0031333300232526001b1e1f00141819
00a9b7c0007a8990003942460035393a
00b9c7ce00b9c6cc00b6c2c800aebec5
00bac8ce00bac8ce00bac8ce00bac7ce
00b2c1ca00b6c5cc00b7c4cc00bac8ce
00272929002527270024262600232525
002c2e2f002b2d2e002a2c2d00282a2b
002c2e2f002d2f30002d2f30002d2e31
002c2e2f0027292a002325260027292a
002c2e2f002c2d30002a2c2e002c2e2f
002d3034002d2f30002c2e2e002b2d2e
00293548002e38490037404e00313841
003c485b00334153002a384900223042
00404c64003a465a003e4a5d003a4559
007383ad006f7ea5006a789b00596583
007b8cc0007788b8007484b1007283ad
008494cc007e8fc8007d8ec6007d8ec5
008d9cd4008b9ad200889acf008799ce
009aa7da0096a4d80093a2d700919fd4
00a4aede00a1acdd00a0acdd009fabdc
00a4aede00a5afdf00a5afdf00a5afdf
00a1aedc00a2aedd00a4b0de00a4afde
00a1abdc00a3aede00a4aede00a2aedd
0097a3d90099a5d9009da8db00a1abdd
008a98cd008b99ce00909dd30094a0d6
007487be007b8bc200808ec6008694cb
0064739e005a6c9e00586ca2006175ad
002933450037425600505a7300596483
00212a3a001f2b3d0025304200242e40
001b1d1d001c1e1f001d222500262b33
0016191d0016191d00171a1d001a1c1d
00171b1c00191c1e00181c1d00171a1c
00272929002426260020222300181b1c
00aab7c10076868d00343e42002a2e2f
00bac7ce00b8c6cc00b5c3c900b1bec6
00bac8ce00bac8ce00b9c7cd00bac8ce
00b1c1c800b6c6cd00b7c5cc00b9c6ce
0027292a002527280024262600232525
002c2e30002b2d2e002a2c2d00282a2b
002a2c2d002c2e2f002d2f31002e2f32
002c2e2f00292b2c0025272800262829
002c2e2f002b2d30002b2d2e002c2e2f
0031353a002f3133002c2e2f002c2e2e
00333e5100333d4f00343e4d0039414c
00333e5100333f51002d3a4a00283648
0046526c0038455a003f4a5d003e495d
00707faa006d7ca5006b789d00636e8e
007b8cbf007788b8007384b1007080ab
008494cb008091c8007e8fc6007d8fc5
008b9ad2008797cf008394cb008495cb
009aa8d90098a5d90096a4d90092a1d6
00a2acdc00a0abdb009fabdb009fabdc
00a2acdc00a3addd00a5afdf00a4aede
00a2addc00a3addc00a4aedd00a2acdc
00a1abdc00a3adde00a5afdf00a5b0df
0096a2d80099a5d9009da8db009faadc
008b99ce008c9acf008f9cd20095a2d7
00788ac2008291c7008291c7008695cc
006373a000596b9e00576ba2006679b2
002b354800404b60004e5973005e6a8b
001e293a001d293b001d283a001f293b
00191b1c001b1d1f001d212700222933
00171a1d0016191d00171a1d00191b1c
00171b1c00191d1e00181c1d00171b1c
001b1d1d001d1f1f001f212100191b1c
00a8b5be0075868c002e393d001d2021
00bbc7cd00b7c6cc00b4c2c900b3bec6
00bac7ce00b9c7cd00b9c7cd00b9c7cd
00b0c0c700b6c5cc00b7c4cc00b7c4cc
00262829002527280024262600232525
002c2e2f002b2d2e002a2c2d00282a2b
00282a2b002b2d2e002d2f31002d2e32
002a2c2d002a2c2d0024262700242627
002b2d2e002c2d30002b2d2e00292b2c
0040454b00323539002d3031002c2f2f
00384455003f4a5c00404a5a003f4854
003a44570028334400293646002c394a
004e5b760038455b003c475b00465164
006e7eaa006d7ba6006b78a000697697
007b8dc0007788b8007283b1007080ac
008293c8008091c7007f90c6007e90c5
008c9ad2008695cd008292ca008292ca
009dabdc009aa8db0097a4d90092a0d5
00a3addd00a2addd00a1addd00a2aedf
00a2abdc00a3acdd00a2acdc00a2acdc
00a1abdb00a3addc00a2acdb00a2acdc
009fa8db00a0aadb00a1abdc00a3addc
0093a0d50097a3d80099a6d9009ca8da
008998cd008b99ce008e9bd100929fd5
007b8cc4008595ca008393c8008797cc
005f6f9f0056699d00586ca3006a7db5
00293447004a556c004f597600667296
001c2738001d293b00121c2e001b2537
001b1d1e001c1e220021242b00232a35
00171b1d00171a1e00181b1e001a1c1d
00181b1c00191d1e00181c1e00181b1e
001d1f1f001e2020001e202100191b1c
00a6b4bd0085969c00374246001e2122
00bac7cd00b5c5cb00b3c1c800b1bec6
00b8c6cc00b9c7cd00b8c6cc00b9c7cd
00b3c3ca00b5c4cb00b6c4cb00b4c1c9
0027292a002527280024262600222424
002c2d2f002b2d2e002a2c2d00282a2b
00282a2b002b2d2e002d2f30002d2e31
002c2e2f00292b2c0022242500252728
002a2c2e002b2c2f002b2d2f002c2e2f
003e444c0035393d002d3133002c2e2f
00344051003e4a5c0044506000495360
00464f61002b3444001f2a3900293445
00586481003a465e003a455a00404b5f
006d7daa006c7ba7006b78a2006b779a
00798cbf007284b5006f7fae006e7eab
008093c7008092c7008092c7007f91c6
008d9bd3008796ce008494cc008092c9
009ba8d90097a4d80096a2d80092a0d6
00a3addd00a2addd00a0acdc009eabdb
009fa8d9009fa9da00a0a9db00a1abdb
009ea8d8009fa9d9009ea8d8009da7d7
009da6da009fa7da009ea8da009fa9d9
00909dd300929fd40096a3d70099a6d9
008996cd008a97cf008b98d0008f9dd2
007b8cc4008595ca008595ca008796cd
0059699b0053669c005c70a8006b7eb6
002f3a4f0046516a004d587800657299
001d283900162133000f192b00182235
001c1e20001d1f240023272e00202733
00181b1c00181c1d00181b1f00191d1e
00181b1c00191d1e00181c1f00181b1e
001e2020001e2020001d1f2000191b1c
00a6b5be00899aa000374346001f2324
00b8c6cc00b5c5cb00b2c1c800b0bec5
00bbc9cf00b9c7cd00b9c7cd00b9c7cd
00b2c2c900b5c4cc00b8c6cd00bcc9d1
00262829002527280024262600232525
002c2e30002c2e2f002a2c2d00282a2b
002a2c2d002b2d2e002d2e30002d2e31
002e3031002c2e2f0024262700282a2b
002b2b2d002b2b2d002c2d2e002d2f30
00444c550031363c002e3135002b2d2e
002f394a003e485900424c5d004d5764
0047506200343d4c001c27350025303f
005f6b8a00424d67003a455b00424d61
006a7aa8006a79a7006b79a3006a769c
00798cbf007285b6006d7fae006b7baa
007e91c5008093c7008193c8008193c7
008a99d0008594cc008091c9007e90c6
0098a4d50093a1d200929fd3008f9dd3
009ca6d7009ca7d70099a5d5009aa6d6
009aa3d5009ca5d7009ca5d7009ca6d7
009da7d7009ca6d6009ba5d50099a3d4
0097a1d5009aa2d7009ca4d8009ca5d7
008c99d1008e9cd100919ed20094a0d5
008694cc008794cc008794cd008a97cf
007b8cc4008494c9008392c8008392ca
005667990053679d005f73ac006e81ba
00354055003d486300515e7f0062719a
00202a3b00141e3000101a2c00151f31
001c1e20001f22260021252e001f2632
00191b1c00181c1d00191c1e00191d1e
00171b1c00191d1e00181b1f00181b1e
001d1f1f001c1e1e001b1d1e00181b1c
00a8b7c0008a9aa10039454900202425
00b9c7cd00b5c5cb00b3c3c900b0bec5
00bac8ce00b9c7cd00b9c7cd00bac8ce
00b2c2c900b5c4cb00b7c4cc00bac7cf
0027292a002527280023252500222424
002d2f30002c2e2f002a2c2d00282a2b
002a2c2d002c2e2f002d2f30002d2e31
002c2e2f002b2d2e0022242500262829
002d2c2e002d2c2e002c2d2e002c2e2f
0051596300394047002d3136002d2f31
003038490039415200434b5a004a5360
004b5667003e485800273240002a3543
00606c8c0047526c003f4a6000444f63
006878a7006979a7006b79a4006b779d
007587bc007083b6006d7faf00697aa9
007d90c3007b8dc2007e91c6007b8fc3
008a98cd008494c9007f90c6007d8fc4
0098a3d40095a1d200919ed1008d9acf
009ca5d70099a4d50096a2d20097a3d3
009aa3d6009aa2d5009aa3d5009ca5d7
009aa3d50099a2d5009aa3d5009ba4d6
00949ed400949ed400969fd40097a0d5
008b98d0008e9bd300919dd300909cd2
008391cb00818fc9008593cd008693cd
00798ac3008392ca008291c900808fc8
005466990055689f006275ae006e81ba
003e485e003b4763005b698d0061719b
0028314100192335000e1628001c2538
001d1f2000202326001d222a00212934
00191b1c00181c1d00191d1e001a1e1f
00181b1c001a1d2000191c2000181b1e
001e2020001d1f1f001b1d1e00181a1b
00aab9c2008d9da4003c474b00212526
00bac7cd00b5c5cb00b3c2c800b1bdc5
00bac8ce00b9c7cd00b9c7cd00bac8ce
00b2c2c900b5c4cb00b7c4cc00b9c6ce
0027292a002426270022242400212323
002c2e2f002b2d2e002a2c2d00282a2b
002a2c2d002b2d2e002c2e30002d2e31
002c2e2f002b2d2e0021232400252728
002e2e30002e2e2f002b2d2e002b2d2e
00434c5700464d55002f3438002c2f30
003f4756003f46550039404f003b4350
004f5a6d003a4656002c38460036404d
00667292004a55700037425900424d61
006779a6006879a6006978a4006b779f
007186ba006d81b300697dad006779a8
007c8ec3007c8ec300788cc3007589c0
008897cb008393c8007d8fc4007b8dc2
0097a4d30096a3d300929fd1008c9acd
009aa4d6009aa5d7009aa6d60099a5d5
009da5da009ca4d9009ca4d8009ba4d6
009aa3d8009ca4d9009da5d9009ea6da
00939cd500939dd500949ed40096a0d6
008995cf008d99d2008f9ad300919cd4
007f8fca007f8fca008392cd008593cd
007a8bc3008291c900808fc8007e8ec9
004f63960054699f006478b0006f82bb
003c475c003e4c6800627296005e709c
002e3746001b2436000e162800293144
001e2021001e2224001f242b00252d37
00191b1c00181c1d00191d1e001b1f20
00181b1d001a1d2000181b1f00171a1e
001e2020001c1e1f001b1d1e00181a1b
00acb8c2008f9fa6003f494d00212526
00bbc7cd00b6c6cc00b4c3c900b3bec6
00bac7ce00b9c7cd00b9c7cd00bac8ce
00b3c3ca00b5c5cc00b8c5cd00b9c6ce
00262829002426270023252500212323
002b2d2e002b2d2e002a2c2d00282a2b
00292b2c002a2c2d002b2d2f002c2d30
002c2e2f002b2d2e0023252600242627
0036363800313132002c2d2f002b2d2e
00353d4a00444c54003e434800333637
00424b590040475600353c4900333a46
004c596c00364454002936440036404e
006774950059648000434e64003b475a
006578a5006778a5006876a30069769e
007286ba006d80b300687cac006577a6
007c8ec4007e8fc700788cc3007589bf
008795ca008393c8007f90c5007c8ec3
0095a1d00095a0d100919ed0008b99cc
0099a3d50098a3d50098a4d50097a3d3
0099a1d50099a1d60099a1d50099a2d5
00949dd200979fd400989fd400979ed3
009199d3008f98d2008f99d100929cd2
008995cf008d98d2008d98d1008e98d1
007a8bc6007c8cc7007f8fca008492cd
007b8cc400808fc7007e8cc6007b8bc6
004d629400566ba000667ab2006f82bb
003a465c0047547100617197005a6c99
00333c4b00151f3000151f3000384154
001e2121001e2224001d2328002a323d
00191b1d00181c1d00191d1e001b1f20
00171b1c00191c1f00171a1e00171a1e
001f2021001a1c1d00191b1c00171a1b
00acb9c20092a2a900424d5100222526
00b9c7cd00b6c5cb00b5c2c900b3bec6
00bac8ce00bac8ce00b9c7cd00bac8ce
00b4c3cb00b5c5cc00b7c6cd00b8c5cd
00262829002426260023252500222424
002b2d2f002b2d2e00292b2c0027292a
00292b2c002a2c2d002b2e2f002b2e31
002c2e30002a2c2d0021232400222425
002e2f32002d2e30002d2d30002e2d30
002f364000373d440043474c00303336
00354150003a445300323b48002e3640
004753650039455700283646002c3948
0065729600576481004d586f00404b5d
006073a2006474a3006675a10068769e
007287bb006b7fb300687bae006477a6
007e8fc8007c90c700778cc100758abf
008393c8008292c7008090c5007e8ec4
0096a1d200939ed1008b98cc008593c7
0098a1d30097a2d30096a2d20095a2d2
009ca3d5009ca3d6009ca3d7009ca4d7
0095a0d40098a0d5009aa1d4009aa1d4
009199d2008f97d100909ad100949ed4
008894cf008c98d2008d99d2008e98d1
007c8dc6007f8fca008191cc008593ce
007a8cc4007f8fc7007c8cc6007e8cc6
004c5f9200596da000687db2007285bc
003d4862004a5876005f709600556696
00272f3f00141e2d001d283a00455064
001d2021001c2021001c2327002e3541
00181b1e00191d1d001a1e1e001b1e20
00171b1c00191d1e00181c1d00171b1d
00202021001b1d1e00191b1c00161a1b
00abbac30095a8ae0044525500242727
00b9c6ce00b6c4ca00b5c1c900b1bcc5
00b9c7ce00b9c7cd00b8c6cc00b9c7ce
00b5c3cb00b5c5cc00b5c6cc00b6c6cc
0027292a002527270023252500222424
002c2d2f002c2e2f00292b2c0027292a
00292b2c002a2d2e002a2e2f002b2e2f
002d2e30002b2d2e0022242500222425
002c2d2f002b2d2e002c2d2f002e2e30
002e343b002e333a0040434900323539
00313d4d003c465400353e4b002e3740
00465164003e4a5c0028364600293646
0062709500535f7e004a566d004a5568
005e70a00060719f0064749f0065749c
007287bd006d81b600687bae006276a6
007f90c9007b8fc600788dc100768bbf
008796cc008595ca008393c8008191c8
009aa4d60098a3d500909dd1008a99cd
009ba4d70099a2d40097a2d40098a3d5
009ea5d7009ea5d7009ca3d6009ba3d7
0096a0d3009aa3d5009da4d5009fa5d7
00949bd200929ad000939dd200939ed2
008995cf008e99d3008e99d100919ad1
007d8ec7008090cb008391cc008693ce
007c8ec7007e8fc8007d8dc800808fc9
004b5f9200596da100687db3007285bd
00424e6800546381005f6f9600546696
001e2536001e273600243041003f4a60
001d1f22001c2121001d232700303642
00181b1e00191d1d001a1e1e001b1e21
00171b1c00191d1e00181c1d00181b1d
001f1f20001b1d1e00191c1d00161a1b
00a9bac30095a7ad00444f5200242727
00bac6ce00b4c3ca00b0c1c800acbbc4
00b9c7cd00bac6cc00b8c6cc00b8c6ce
00b5c3ca00b3c3ca00b5c6cc00b6c7cc
00262829002426260022242400212323
002b2d30002b2d2f00292b2c00282a2b
00292b2c002a2d2e002a2e2f002a2e2f
002d2f30002b2d2e0026282900242627
002c2d2f002b2d2e002c2d2f002c2e2f
0030363b002e33370030333700313336
002f394a003c4553003a424f00323a43
004a5468004450620025334300212e3e
005d6b8f00525e7d0047536c00424c60
005b6e9e005d6e9c0061719c00617098
007186bc006c80b500677aad005e72a2
007e90c8007a8ec500788cc100758abe
008b9ace008797cb008494c9008292c8
009ea7d9009aa5d700929fd2008f9cd0
00a1a8dc00a0a6db00a1a8db009fa8da
00a0a7d900a2a9db00a2a9dc009fa5da
009ca5d600a0a8d900a2a9da00a3a8d9
009da4d7009ba3d6009ca5d7009aa3d4
00919cd600969fd80099a2d9009ba3d8
008292cc008393cd008795d0008a96d1
007889c3007e8ec800808fca00818fcb
00495e9100596da200667ab1007083bc
00414d67004c5b790059698f00526493
001f2637001f2a39002b3748003e495f
001d1f22001c2121001d2427002e3340
00181b1e00191d1d001a1e1e001b1e21
00171b1c00191d1e00181c1d00181b1d
001f1f21001c1e1f001a1c1d00161a1b
00a9bbc30092a2a800434d5100232627
00b8c5cf00b0c3cb00a7bdc500a7bac3
00b9c7cd00bac6cc00b8c6cc00b7c6ce
00b5c3ca00b3c3ca00b5c6cd00b6c6cc
00252728002325260022242400202323
00282a2d00292b2e00292b2c00282a2b
00272a2a00272b2c00272b2c00272a2c
002c2f2f00292b2c0026282800262828
002b2d2f002b2d2e002b2d2e002b2d2e
00303338002e3135002c2e32002e3031
00242e3f0038414f003e465200323941
004853670048546600253243001b2838
0059688c004f5d7c0046526c003f4a60
005d709f005e709d0064749e0064739a
007186bb006b80b400677aad006074a5
007f90c8007c90c500798ec200768bbf
00909ed2008a9acd008696cb008293c9
009fa7d9009da7d80096a1d300929fd1
00a3a8dd00a2a7dc00a4a9de00a2a8db
00a2a9db00a1a8da00a3a9dc00a1a7dc
009fa7d800a1a8d900a3a8da00a4a9da
00a0a7d900a0a8d900a0a7d9009ea6d6
00949ed70099a1d8009da5da009fa6da
008393cd008493cd008a97d2008e99d3
007a8bc4007f8fc9008391cc008593ce
00495e9100586da100677bb1007285bd
0044506b00505f7c005a6b8f00506291
00252d3e00192334002c384a0039445b
001d1f22001c2121001d2327002b313d
00181b1e00191d1d001a1e1e001a1e20
00171b1c00191d1e00181c1d00171b1c
001f1f21001d1e1f001a1c1d00161a1b
00abbac30096a5ac00444f5300212526
00b1c2cd00aabfc900a5b8c300a7b8c3
00b9c7cd00bac7cd00b9c7cd00b5c6cd
00b4c2ca00b3c3ca00b6c6cd00b6c6cc
00212425001e2223001c2120001c2120
001d2024001f22250023262800232728
002125250021252600202425001e2223
002c2f3000292b2c0022242500232526
002b2d2e002a2c2d002a2d2d002a2e2e
002d3033002d2f31002c2e2f002b2d2e
00202a3b0037405000434b5800353b43
00414c6000495769002a3648001c2839
005a6a8e004e5d7c0049557000404c62
005b6f9e0060729f006576a000647499
007186ba006b80b400677aac006276a5
008192c9008092c7007b90c300778cbf
00919ed0008c9bcd00899acd008595ca
00a2a9da009da7d7009aa4d40095a0d2
00a5a9de00a4a8dd00a5a9de00a6aade
00a4aadc00a3a9db00a4a9dc00a6aadd
00a4aadb00a5a9dc00a2a6d900a1a5d8
00a3aadc00a3a9db00a3a9db00a3a9db
0096a0d7009aa1d8009fa5da00a3a9dc
008796ce008896cf008d99d200919bd5
007a8bc2008191c9008593cb008997ce
004a5e9100596da000687db1007386bb
0045516c0051607d0057678c00526492
002c3445001e2839002f3b4e00434e66
001d1e22001c2121001d232600282e3b
00181b1e00191d1d001a1e1e001a1d20
00181c1d001a1e1f00181c1d00171b1d
001f2021001d1e1f00191c1d0016191a
00adbbc40092a3aa003f4c5000202527
009eb5c000a1b7c100afbec800b1bbc5
00b9c6ce00bbc7ce00b9c7cd00b0c1c8
00b5c3ca00b4c4cb00b7c7ce00b5c5cc
00181c1d00171b1c00181d1d001a1f1e
00171a1d0016191d0016191d00171b1c
00222627001d212200191d1e00171b1c
002d2f30002c2e2f0024272800272a2b
002b2d2f002c2e2f002b2e2e002a2e2d
002d3033002b2e2e002a2c2d002b2d2e
00202a3c00333c4c00484f5c003e444d
00465268004d5b6e00333f5100232f40
0056678a004f5e7c004956710049566c
005b6f9f005e709e0062739d005c6d93
007186b9006d80b300667aab006175a4
008394c8008092c5007c90c100768bbd
00929ecf008d9bcc008a9acd008696ca
00a2a9d900a0a8d8009da5d40096a0d0
00a4a8dc00a5a9dc00a5a9dc00a4a8da
00a4a9da00a4a8db00a5a9dc00a5a9dc
00a4a9db00a4a8db00a2a6d900a1a5d8
00a6aadd00a4a8db00a4a8db00a4a9db
0096a0d7009ca3d9009fa5da00a2a8db
008c9ad0008c9ad1008e9ad200929dd5
007b8dc2008392c7008997cc008b99ce
004c5f9100596c9f00697caf007487ba
0045516d004c5a790052638900506290
00303849001f293a00343f520048546c
001d1e22001c2021001d2327002d3340
00181b1f00191c1e00191d1f001a1c20
00181c1d001a1e1f00181c1d00171b1d
00202022001d1f20001b1d1e00161a1b
00adb9c20086979e0039464a00212527
0099afb900a5b8c200b4c1ca00b6bec8
00b9c6ce00bac6ce00b8c6cc00b1c2c8
00b6c3cb00b6c5cc00b7c7ce00b7c6ce
00121617001317180013171800161a1b
00191c2000191c200015181c00121617
00181c1d00181c1d00191d1e00191c1e
002c2d2f002a2c2e001d212200191d1e
002b2c30002b2d2e002b2d2e002b2d2e
00303536002a2d2d002a2c2d002b2c2f
00222c3e00363e4f00454c5900444a52
0047546a004451650035415300243042
004c5d7f004655730047546f004a576d
00596d9c005d6f9d0060729c00586a8f
007286b8006b7eb1006679aa006173a3
008594c8008193c4007b8fbf00778bbc
0096a1d100909dce008b99cd008797ca
00a3a9d800a1a7d6009da5d4009aa2d2
00a3a7da00a4a8db00a5abdc00a3a8d9
00a3a8d900a4a8db00a4a8db00a4a8db
00a6abdc00a4a9da00a3a9da00a0a6d7
00a2a7d900a4a8db00a5a9db00a7acdd
009aa3da009da5db00a0a6dc00a1a7dc
008c9ace008f9dd200909cd200959fd6
007c8dc1008493c6008997c9008c9acb
004b5d91005a6ca1006a7cb1007385ba
0047537000475676004b5c83004c5e8e
002a3242001c27370038435600434f68
001c1d21001b2020001d2327002c323f
00171a1e00181c1d00191d1f00191c21
00171b1c00191d1e00181c1d00171b1d
00212022001d1f20001b1e1f00171b1c
00acbac10084939900343e4200242528
00afbec800b0c0c900b2c0c800b3bec6
00bbc6cf00bbc6ce00b9c5cd00b5c4cb
00bac7cf00b5c3cb00b6c6cd00b7c5cd
00171b1c00161a1b00171b1c0015191a
001f222600202326001f2225001a1e1f
001b1f20001a1e1f001a1e1f001c1f23
002a2b2e00272a2c001e2223001d2122
002c2d31002b2d30002b2d2f002a2c2e
00373c3d002e3232002d3032002d2f32
00252f4100394152004b525f004a5058
004b586d0039465a00323e5000333f51
004b5d7f0040506e0042506a004d5a71
00586b9b005c6f9d0060729c00596b91
007286b7006c7eb100697bab006375a4
008695c8008192c3007c8fbe00788cbc
00959ecf00909ccd008a98cc008897cb
00a1a7d6009fa5d4009da4d20099a1d0
009ea2d600a0a5d700a1a8d800a0a7d7
00a2a7d900a1a5d900a1a5d900a1a5d9
00a5acdb00a4abda00a4abda00a1a8d8
009ea5d700a2a7d900a4a9da00a5abdb
00969fd50099a0d70099a1d6009da4d8
008c99cc008e9bcf00909cd100929cd1
007e8ec3008593c7008895c8008a98ca
004b5d94005c6da5006a7cb2007484ba
003b46650039486900475981004a5d8e
00232b3b001b253400404b5f00414c67
001b1c20001a1e1e001c232600292e3b
00161a1e00171b1d00181c1f00191c20
00171b1c00191d1e00171b1c00161a1c
00212022001d1e1f001b1e1f00181c1d
00aabac10086949a00363e4300252529
00b9c1cb00b3c1c900aebfc500adbdc4
00bcc6cf00bcc6cf00bac6ce00b8c4cb
00b9c6ce00b5c2ca00b7c6ce00b8c5ce
001d202100191d1e00191d1e0016191a
002125260025282a00292d2e00232728
00242829002326270022252600212324
0023272800222627001d212200232728
00292c2e00292c3000292b2f0026282c
00414649002f3334002a2d2e00282c2d
0027314300313a4b004e5663004c525b
004d5a6f00384458002a344700353f51
004b5c7f003f4e6c003c4b65004a576f
005b6c9c005a6d9d005e719f005b6d96
007587b8007182b3006c7cad006475a4
008998c8008596c5007f91c0007b8dbd
00949ecd00909acd008d99cc008b98ca
009ba2d1009ba1cf009aa3cf0098a1cf
00979cd40099a0d500969ed00097a0d0
009ea4d6009ba2d600999ed500959ad2
009fa8d700a1aad800a2aad800a1a8d7
00999fd3009da3d7009fa6d8009fa7d8
009299d000939ad200939bd000969dd1
008c97c800909bcd00909bcd009098cd
007f8ec2008593c6008693c6008794c6
004d6095005e70a6006a7cb1007485b9
00323d5c0037456800495a8500485d8e
0021293a0019243300465367003f4b67
001b1d1f001a1f1e001c232600282f3b
0015191d00161a1c00171b1e00181b20
00171b1c00191c1e00171a1d0016191d
001d1f20001c1e1f001b1f2000181c1d
00acb9c20088979e0037424600202326
00bac5cd00b6c3ca00b2c0c700b0bdc4
00bcc7cf00bcc7cf00bbc7ce00b9c6cc
00b9c5cd00b5c2ca00b6c6cd00b7c4cc
0025272800232526001f2223001d1f20
002d2f300031333400303233002a2c2d
00292d2e002e3031002e3031002e3031
001418190014181900181c1d00232728
001e2021001c1e20001a1b1f00181a1e
002e3235001f2122001b1e1f001c1e1f
002a3446002c354500474f5c0040464e
004553690038445800263043002f394b
00495a7d003846640031405b003a4962
005e709e005a6c9b005c6e9c005a6d95
007c8abc007584b6006d7eae006577a5
008e98ca008e99ca008793c400818fbf
00919ccb008f99ca008c97c8008d98c8
008d96c700909ac800929ec900939eca
008e95cf008b94cd008690c7008792c8
009aa2d40098a0d4009098ce008b92cc
0099a0d2009ba1d4009da2d6009fa4d7
009298cc00959ccf00969ed000979ed0
008a93c700878fc5008991c6008d95c8
008a95c4008f99c8008d97c7008d97c8
00808fbf008693c4008794c4008893c4
00546696006575a7007181b2007a89ba
0028355100364467004e5e87004d608b
00232c3b00182535003a485f0034425d
001b1d2000191e1e001b22270029303d
0015181c0015191b00161a1d00181b20
00171b1c00181c1e00171a1e0016191d
00181a1b00181b1c00191c1d00181c1d
00adbac4008fa0a7003d4a4e001b2023
00bac6ce00b8c4cc00b4c1c900b2bec7
00bcc7cf00bcc6cf00bbc6cd00b9c6cc
00bac5cd00b5c2ca00b6c6cd00b7c4cc
002c2e2f002c2e2e00282a2a00222424
0036383900383a3b0035373800303233
00333637003638390036383900363839
00161a1b000e121300181b1c002b2e2f
0034363700292b2c00212324001e2023
0036393c003032330033353600393b3c
00303a4c002d354500464d58003f444b
003f4e63002f3b4f00253042002c3648
004c5c7f0034426100293852002d3d56
006073a0005b6e9c00596c99005a6b94
00828ebe007785b5006e7fad006679a5
008d98c8008d99c8008b95c5008893c2
008692c2008a95c6008b96c6008d97c7
007c87bd007e8abd00808cbc00818ebd
007f8bc400808cc5007a87be007884bc
00949cd100919bcf008792c8007e8ac1
008e98cb008f99cc00939bd000979dd3
00848dc3008690c5008792c6008a94c8
00737fb2006f7bb0007480b5007e89be
00828ebc008591bd00808cb9007a86b6
008391c0008896c6008694c400818ebd
00586896006777a5007686b4007f8ebd
00202f4800364368004e5c8c004e5f8f
00202538001a223600303c52002c3c52
00191b1e00171c1d001d232a00282e3d
0015181c0014191a0015191c0016191e
00171b1c00191d1e00171b1e0016191d
00111415001013140013171800181c1d
00acbac30092a3ab0043505600161b1e
00b9c4cd00b8c4cd00b4c1c900b2bdc7
00bcc7cf00bbc5ce00bac5cd00b9c5cc
00bac5cd00b4c1c900b6c5cd00b7c4cc
002d2f2f002d2f2f002c2e2e002a2c2c
003b3d3e003b3d3e0037393a002e3031
003133340035373800383a3b00393b3c
00292b2c001c1e1f00212324002c2e2f
002f3132003234350035373800333536
003e4043004042430040424300343637
00333d4f002c3443003c434c003c4146
00344258002b384b00232d4000273143
005060840033405f002330490026344b
006174a3005f72a2005b6d9c00586994
00838dbd007a87b8007080af006678a7
008794c2008896c3008a96c3008a94c3
006e7aac007a85b700848dbe008792c1
00606ca6005f6ba3005f6ca0006774a6
007885bd007582b9006e7bb2006671aa
008790cc00858fc900808cc5007a86bf
007e8bc000808bc300838dc7008991cc
00707fb5007383b8007585ba007d8bc0
00546295005462970059689d006675aa
0066739f0065729e005a699500556392
0066729b006a76a000727da8006f7aa5
005360880056638a005c699000626f97
001e2b4200404a6c00515c88004f5c88
001f233600161e3000202b4100253248
0017181c001115170013192100262b3c
0012151900131818001418190014171c
00181c1d00191d1f0016191d0013161a
00090c0d00070b0c000e121300161a1b
00aab8c2008ea0a8004452580011171a
00b9c3cd00b6c2cc00b3bfc900b1bcc6
00bbc6cf00bbc5ce00bac5cd00bac4cd
00b9c4cc00b4c1c900b6c5cd00b7c4cd
002b2d2d002d2f2f002d2f2f002c2e2e
0034363700333536002e3031002a2c2d
002a2c2d002c2e2f0031333400343637
0036383900292b2c0024262700252728
002b2d2e0034363700383a3b003a3c3d
00282a2c00292b2c00292b2c00252728
00343c4d002b3240002e343d00282c30
002f3b4f0028344700242e4000263042
005260870035415f001f2a4100283448
006073a1005f71a3005b6d9f00566594
00878ebd00818aba007683b1006777a4
007882af00818bb7008891bc008e94c1
005863930066709f006e78a600747daa
004f5b920046538700425081004c5988
006e7ab0006773a8005f699e00565f96
007883be00747fb900717db500707cb4
00727fb300707db4007380b9007783be
0058629500636ea2006b77a9007380b3
0038416c003f48750040497700495482
00434b72003d466c00343e6300333c63
004c5577004c55780049527500475073
002f385700323c5b003d476600485172
001f263d00373c5300333955002d3652
00161e2f000e1a280017223500222b43
0017191c000e12150014192200212638
0016191c0015191a0015191a00171a1e
00181c1d001a1e2000181b1e00181b1f
00070a0c00090d0e000f131400121617
00aab8c30090a1aa0045525800141a1d
00b9c3cd00b6c1cc00b2bec800b1bcc6
00bac5cf00bac5cd00bac5cd00b8c4cd
00b9c4cc00b3c0c800b7c6cd00b6c3cd
002a2d2d002a2d2d002b2d2d002c2e2e
002b2d2e002a2c2d002a2c2d00292c2d
0026282900272b2c002a2d2e002a2e2f
00393b3c003133340026282900212324
0027292a002d2f300035373800383a3b
00212226001f2022001e202100212324
002d3546003239460032373e0024272b
00273142001e27390021293b00232b3e
00515e8700394462001c263b00232c3d
0062719a0061719f005e6e9f00556494
00595e85005b63890064709300677597
004e537b00585c83005e6388005b5f85
003b4770003f497300414b7300454e75
0045517f00424f7c003d4a74003b4771
004d59840045517b00424d7400454f77
00656f9e00636d9c005c689600576390
004d567d0057618900616c9600666f9c
00343b6600383f6900424b72004b547b
002f396400333b69002a3362002d3763
00434d7800333d66002b365e002a355d
006878a20061719b00596893004d5b87
004f5c820064739b006e7da5006e7da7
0016192c000f1227001b213b00363f60
00111829000f192500212b3a0022283c
001618190014191a001f252e001f2537
00191c2000161a1b00161a1b00181b1e
001a1f20001c2122001c1f23001d2024
000d1112000f13140014181900171b1c
00adbbc40099a9b20044505600191e21
00b8c2cd00b5c0cb00b2bec800b2bcc6
00b9c4ce00bac4ce00b9c4cd00b7c3cd
00b9c4cc00b2c0c700b6c5cd00b5c3cc
00262a2b002428290023272800242829
00282c2d00282c2d00282c2d00282c2d
002225260024282900262a2b00282c2d
00353738003436370026292a00202324
002427280023252600262829002d3031
002b2c30002b2c30002a2c2d0026292a
002b344400383f4c0032363d002c2e31
001d2636001a2233001c23340022293b
004f5e88003a4665001a243900192332
004a5271005c688f00606f9c00576796
00424a6a00323855002a304800454c62
00515d8900545f8a00535e85004d577a
00343e66003a446c00465078004e5981
003b4370003a446e0037426a00353f67
00333e6400313b64002d376000353d68
003a41550039425a00343f5c002f3a5b
00262c44003c40540045495a00404456
00232d5d0026305c002933580028304e
00252e5a00262d5c00262e5d00262e5c
00313d6b0028325f00242f5900242f59
005868940051628d0045558200394876
00586591005d6b97005a6995005c6c97
00070a170015192f00454d7100535f89
00161a2c003137440070778300272c38
00191b1c002d32330031373f001f2637
00131519001115170011151600111418
00181d1e001a1e2000191c200015181c
001c202100161a1b0015191a00161b1c
00adbac40094a4ab003d484d0022262a
00b6c1cd00b3c0c900b2bec800b2bdc7
00b7c3cd00b8c3cd00b7c3cd00b6c2cc
00b9c4cc00b0bfc600b3c3ca00b2c1ca
0025292a002327280021252600202425
00282c2d00282c2d00272b2d00272b2c
002226270024282900262a2b00272b2d
0026282a002b2e2f00272a2b00222627
00252829002427280022262700222627
002a2d30002b2e32002b2d3100272b2c
00272f3d0039404b002c303600292c2e
00131b2800131a2800161c2b00171e2d
0055648a00404d68001b253600151e2b
00191e38002a324f005a668b005d6c95
00636e950060698f00535c7f003e4666
004b5681004f5b840059658d00677299
002f366200333a670039426f00414b78
002f3563002c335f002b325d002d345e
00313a6200343c6900343b6a00323867
001114200010142500151a3400283053
00080d1f000e13210011162300101520
00202855002128530021294d00141b37
00262d5900242a570023295600222955
00303b6b002e3867002b35600028315c
004b5886004452800038467400313e6d
004d58850049548200485582004d5a88
0003080e0021273c004c567a00505d85
00141a2900424a55007c838d001d2329
0017181b00272b2d002f343c00222939
00111318001113170011141700121518
0013181900181d1e00161b1d0013161a
00353839002a2e2f00191d1e000f1415
00adbac3008e9ca4003c464a00363a3c
00b5c1cc00b2c0ca00b3bfc800b2bcc6
00b7c3cd00b7c3cd00b6c2cc00b6c2cc
00b8c5cd00b0c0c700b1c2c900b2c1ca
0024282b002226270020242500202425
00282c2d00282c2d00272a2d0026292c
002327280024282900272b2c00282b2f
0027292c002b2d2e00282a2b00242627
00272b2c00262a2b002428290025282a
0026292d0026292d00272a2d00262a2b
002328330035384300282d3000262a2b
001f242e00141a2300161b2600131924
00424d5f00262f3b00171d2400292d35
003d455f000c10230028304800515c75
00545d880056608a005c658d00656e92
003e4a770044507c004a557f00505a85
0032386400333b690035407000374473
002a315c0029305a002c325b002e355e
00323d640031386300313662002e345f
0003070b0004070f001a1e3700343e61
0003080d0003060a0001060e0002060c
001f264c0022274d0023284c00151c33
00282f5600232a5300202851001e274f
00303c6b00313c68002d3860002b345a
0039467400333f6f002f3b6c002e3a6b
00444b74003a426d003a436e003c4975
00090c12002a314600485274004e577b
00171c2a003f465000767d86001c222a
0023232a0032353a003c414b002f3343
0014171c0016181c0016181d00161c20
0015191a00181c1d00171b1d0016191d
002d2f30002d2f300023262700141718
00adbac30092a2a900444f5300313536
00b6c1ca00b3c0c900b3bfc800b1bcc6
00b8c5cd00b9c4cd00b7c3cd00b6c1cb
00b9c6ce00b1c1c800b5c5cc00b4c4cb
0024282b0022262700202425001f2324
00282c2d00272a2c0025282c0025282c
002023240024282900272b2c00272a2e
00282a2d002a2c2d00252728001d1f20
00262a2b00262a2b0025292a0026292b
0025282c0026292c00262a2b00262a2b
00242a34002e333b00262c2d0025292a
002429320010141f00111422001a1f2b
001b212800070d1300090f1200353b41
00525b760013162500101422002e3642
00454f7800434d75004b547a00576084
00394370003e4876003f497700424c78
00282d4f002e355a00333c630038416c
00222a4f001e2649001f254600222848
00343e63002f375e002a315800272f53
000207100003050f001f243a003a4567
0003070c000306110004091900050a17
001e24450021264700252b4b00171d31
00191f3c001b2040001b2245001d2346
001b2344001a233f0019213b00161d37
002f3766002c346100272d580021274f
00374165002e385f002f386300323b69
000b0e160033395100464f7300464f72
002f344600282f3b00484f5900141a24
002a2c330035394500454a5d004c5067
00171b1d00191b1f001a1c21001d2527
0015181900171b1c00191d1e00171b1e
001a1c1d001e2021001c1e1f00171a1b
00afbbc50099a9b000424e52001c2122
00b8c3cc00b4c2ca00b3c0c900b3bec7
00b8c5cd00bac5cd00b8c4ce00b7c3cd
00b8c6ce00b0c0c700b6c6cd00b5c5cc
0024272b0021252600202425001f2324
00272b2d00262a2b0026292d0026292d
0021252600262a2b00262a2b00272a2e
0027282b00282a2b00222425001c1f20
0025292a0025292a0024282900242829
0025282b0025292b00262a2b0025292a
0029303f002f364000272c2e00252829
00272d3700191d2a001f233500242a3c
001a1f2100080e13000d1519003b464c
004b547100171a27000e1219002a3034
003a446f003a436c0040496e004a5375
0029305200323a620039416c0038436f
000d1424001118280019203400212841
00212849001b213e00161c33000e1527
00353e63002d355b0026305500242d4f
0012172e0003051600181e30003a4563
0005071400141833002d355300303751
001c203d001e264200262d490014182a
001b20330015173100161935001a1d3a
000b111e000b121d00181e2900161b29
00252b530019203f00141a2f000d1423
002e39610029345e002d3662002f3662
000c0f1800353c5500444d73003f4970
003e425b002b3244001d253300101723
002c3035003a4157004b537300484e6e
00191d1d001b1c20001b1e21001d2625
0015191a00181c1d00191d1e00191c1e
00191b1c001c1e1f001b1d1e00191b1c
00b0bdc60097a7ae003f4c4f001b2021
00b8c4cd00b4c3cb00b4c1ca00b4bec8
00bac7cf00bac6ce00b8c4cc00b9c4ce
00b7c4cc00aebec500b4c4cb00b5c5cc
0024272a0021252600202425001f2324
00282c2d00272b2c00272a2e0026292d
0025292a00262a2b00272a2c00272a2e
0026282b0027292b0023252600232627
00242829002428290024282900242829
0025282a0025292a0025292a00242829
0039405c004c5269002d323c0026292b
002b323f002e3442002a2f4400272e47
00262b3500101725001f28330036414c
0048506c001b1f2b0010161c002b3139
00363f6a00374069003d456900444c6d
00151c3100181f3c00262e5200333b65
001217210010141d00171c2500101521
00252952001f22450025294200181e2e
00383f6700343c6300323b62002f365e
00474e71000c0e26000e1426003b4462
000f11290040476f00737fa8007e88ad
001f2241001f284500252e47000d1120
002d2f44001d1e3800171835001b1d3a
00151a2400161c24001d222d00232736
00171c4100131734001b1e3200191c2a
00313c64002a355e002a335d00222852
000f132000373f5b00434d77003d4871
00252b4b00232b4200262f41001f2837
001f252d0040496d0048518400313a66
001a1d1c001a1a21001b1d21001a2120
0015191a00181c1d00191d1f00191c1e
001d1f20001d1f20001c1e1f00191b1c
00b0bcc60099a9b0004a565a00212526
00b8c5cd00b4c4cb00b4c1c900b4bec8
00bbc8d000bbc7cf00b9c6ce00b9c6ce
00b6c3cb00aebdc400b2c2c900b4c4cb
0025282b002226270020242500202425
00282c2e00272b2d0026292d0026292d
00282c2d0025292a00262a2b00282b2e
0027282b0027292a002426270027292a
0025292a0025292a0025292a00242829
00262a2c00262a2b0025292a0025292a
00444b79006065910040445b00272930
00272e410031394a00363e5500343d5f
0046506800444e690039435900273244
0048506a001f23310017202e003a4559
00323a5e00363f62003c446500444c6b
0025294000151b3700141c3c00222a4e
00202332001d202d001f212e001f2130
00272a59002a2c5600363959002a2d44
0041487200424a74003c447100303564
00747ea800242847000910230039425f
0027284d006e78a7008e9cca00929eca
002a2e4f002a335500242c4700080c1d
0033365700292b4e001f2144001f2243
0030334d003438500034395100353a56
001e224b002d2f560034335900323354
003a466e002f396300232b5500181f49
00131829003b44640047527e00424e79
00242c50002029440026314800323b50
001d232f0040497b00384285002c366b
001a1c1d00191a2200191b2100191f20
0015181900181c1d00191d1f00191d1f
002a2c2d00232526001d1f20001a1c1d
00afbbc50095a4ab0047525600282c2e
00b8c5cd00b6c5cc00b6c3cc00b5c0ca
00bac7cf00bcc7cf00bac7cf00b8c5cd
00b7c4cc00afbec500b2c2c900b5c4cb
0025282b0021252600202425001f2324
00292d2e00282b2d0026292d00272a2e
001e222300262a2b00262a2c00282b2e
0028292c00282a2b00232526001c1e1f
00262a2b0025292a0025292a0025282c
0025292b00262a2b00262a2b00262a2b
0030387900575d9a004a4f6f00252831
002d364e00263045002d375500293362
00505d83005460850047517000323d57
004c556f001f233600303a54004d5a7d
0026304e00333e5c003e486800485273
00363960002b305600242c4e00202949
00373c57003539540032365100373a59
003b4070003c416d0042486d00424867
004b5580004e5783004a4f80003f4475
008692c10041486e00080d2400323a59
00515482008d98c90096a3d50097a2d4
0040456a003d456b00212845000d0f29
004c517d00434774003f436d0041456c
00545b84005a628a005a628a00535a84
00343c6600454b76004f538000535784
00414c7900333e6a00242e5900252e59
00161b32003f486d004a57850046537e
00232b5200222d4b002e3954003d4660
00202436003a437e001d2974001c2561
001a1c1d00191a21001a1b20001a1d21
0015181900181c1d00191d1f00191c1f
00292b2c00222425001c1e1f001a1c1d
00aebac40089979f003c464a002a2d2e
00b7c4cc00b6c5cc00b6c3cb00b5c1c9
00b9c7ce00bbc6ce00b9c6ce00b7c4cc
00b7c3cd00afbfc600b4c4cb00b5c5cc
002225290021242600202425001f2324
00282b2d00272b2c0026292d0026292d
001e21220025292a00272b2c00272b2e
0028292d00292b2c00232526001c1e1f
00262a2b00262a2b0026292d0026292d
00262a2b00272b2c00262a2b00262a2b
00111c6800373f8400444a6d00252a32
00333e59002b375100242e55001b2662
0055628f0059668f00505c7e003c4765
004f5975001f243c00424a6e0053608c
002c365a0035426400435174004e5c7e
004a518100474d7c0041487300353e64
00555c8700545b8600535986004c5380
004e54880052578b00555c8c00585f8d
00505f870054618900575b8c00525889
008997c7005e68930011173400262e4d
007a82b30095a1d30099a2d80095a0d5
004e567d004a54790018203e0026294f
005e659600595f8e00545a840051587f
006671a0006c77a6006b76a500646d9e
00505c8800535f8c005a649300606a9a
00495884004757820045537e004b5882
001c213d00444f77004a598800495783
00283359002f3b59003d48670047506f
00212539003943830016227000192360
00181c1d00181b1f001a1c1e001a1c22
0015181900171b1c00191d1f00181b1e
00212324001f2122001c1e1f001a1c1d
00b1bdc7008e9ca3003841460027292b
00b8c4cc00b6c4cb00b6c3cb00b5c0c8
00bac7cf00bbc6ce00b8c5cd00b8c5cd
00b8c4ce00b0bfc800b6c5cd00b7c6ce
002225280021252600202425001f2324
00272b2c00262a2b0026292d0024272b
001f232400262a2b00292c2e00282b2e
0028292d00292b2c00252728001e2122
00262a2b0026292c0026292c0026282c
0025292b0025292b0026292b00262a2c
00121e6e002a357c00434c7000252b32
0035415e003a4564003b457400273375
005a6694005c69920054608300414e6e
004d5978001f2542004f567f005a6595
00495282004d59850052618a00526489
00606d9d005e6a9a005a659500545d8e
006973a5006974a4006874a300636f9e
005c63980060669d00656da200656ea1
00546489005c6a910061659300606695
008896c800707cad00242b4c0019203f
008b97c80097a3d5009ba1d900949fd5
005e658d004a567900131d3a00515786
005d6595005b618e005d638c005c638a
00616f9f00616f9f00606d9e005e6899
005b6a9a005c6a9a005a6897005c6b9a
00566796005e6e9f006170a0005c6c9c
00252b4a0047527a00515e8f0052618f
002c375c0034415f00424f6f004b5579
001f2436003a44830015226f0016215b
00171b1d00181c1e00191d1e001a1c22
0015191a00171b1c00191d1e00181b1e
00202223001e2021001c1e1f001b1d1e
00b1bcc60096a3ab00474f540026282a
00b8c4cc00b6c3cb00b6c2ca00b6c0c9
00b9c6ce00bac6cd00b8c5cd00b7c4cc
00b9c5ce00b1bfc800b6c5ce00b6c6cd
002428290022272600202524001f2423
00282c2d00272b2c00262a2b0025292a
002224250026282900282a2b00272b2c
0027292a00292b2c0025272800212324
0026292b00262a2b0026292b0026292b
0024282b0024272b0025282b0025282c
001c287700323c87004c557e00272b36
003a4664003d4567004a558500364585
005b6a96005c689000515c81003f4e6e
00545e8200232b4b0059628a005c6999
005a6899005b6a98005d6d98005c6b94
006777a5006474a4006170a0005e6c9d
00717eaf006f7dae006f7ead006b7ba9
00696fa1006a71a4006d75a900717caf
00545b800067729b0066709a0069709c
008694cc00737fb300464f7500131838
008c98ce009ca6d9009ca5d70096a2d5
006a719c0039436600243254006d7aaa
005d64900060669000666e9500686f98
005866960054629300546092005a6392
006676a6006271a0005d6c9a005b6a98
005d6ca0006675a9006b7aad006a7aab
002c3657003e4667005a619000576599
002f365e0034406000425174004b5882
001e243100424b84001f2b76001f2760
00181b2000171c1f00181c20001a1d20
0015191a00171a1e001a1c2000191b1f
00202223001f2223001c2021001a1e1f
00afbbc4009aa8af0049525600242729
00b6c2cc00b4c3cb00b5c1c900b5c0c8
00b8c6cd00bac6cc00b7c4cc00b7c3cc
00b8c4cd00b0bdc700b3c2cc00b5c4cd
002428290022262700202524001f2423
00282c2d00272b2c00262a2b00262a2c
002326270024282900262a2b00272b2c
0027292a00292b2c0025272800222425
0025292a00262a2b00262a2b00262a2b
0023262b0023262a0024272b0025282c
0026347f003a468b004d577c00262b36
0037425f00424a6e00515b9000415091
005a6a9700586790004e5980003d496a
00535c80002e3859005d6791005e6b9c
006575a2006574a1006673a00066729e
006a7aac006979aa006879a8006777a5
00707eaf006e7cad006d7cac006e7dae
00676f9d00656d9d006771a2006f7bab
003d4564006f7ba1006e79a5006e78a3
008793cc00707cb300656e9c00252c4d
008a95cd009fa7da009fa7d70097a3d6
005f688c00232c4f00545e89007480b6
00626b96006f77a100747da600727ba5
005865980053609300566294005b6594
00707ead006a77a8006673a400616da0
006470a2006a77a8007281b0007584b2
003944670037415800646b8f0061699b
002b345e003640660048547e004e5a8b
001c222c00404a7e002c388100253068
00171a1e00161b1d00171b1f00191c1f
0015191a00171a1e00191c2000191b1f
0021232400212324001e2122001b1f20
00adb9c2007f8d9400343e4200242729
00b5c1cb00b3c2ca00b3c0c800b3bec6
00b8c5cd00b9c6cc00b7c4cc00b6c2cc
00b8c3cb00afbbc500b2c1cc00b4c3cd
002427290022262700202525001f2423
00282b2d00282b2e00272a2d0025292c
002024250025292a00262a2b00272b2d
00282a2b002a2c2d00252728001c1f20
0025292a0025292a0025292a0025292a
0024272c0024272b0024272b0025282b
00324089004652900046517100222731
002e3a57004049700059629b004a589b
005b6b990056659100515d85003f4969
00444b7000394369005f6c99005e6d9d
00707eac006d7aa9006b77a8006a74a2
006c7aad006e7cae00707fae00707fad
006975a6006a77a8006c79ab006d7bac
00717ba800676f9e00656d9e006671a1
00242e4900616d8d00717ea8007985b0
008690c9006c78b1006f7aae00545c83
008891c900a0a7d800a1a8d70099a3d6
002f3b590039426700747baf00737db8
00737ca6007982a9007681a800667297
006873a500646fa1006671a1006b75a2
007987b5007280af006b79aa006a77a7
006b749f006d77a3007782af007a87b4
004c56850030395800565d7900666d91
0028356200303a64003f4975004c578c
00181e28003c45740037448a0025316d
00171a1c00171b1c00171c1d00191c1e
0014181a00161a1d00181b1f00171a1e
00202224001f2122001d1f2000191d1e
00acb8c20084929900353f4300242729
00b5c1cb00b2c1c900b3c0c800b3bec6
00b8c6cd00b9c5cc00b7c3cb00b6c2cc
00b7c3cb00b0bcc600b2c2cd00b6c5ce
0024272a0022252700202425001f2423
00282b2f00282b2e00272a2e0025292c
001f23240025292a00262a2b00272a2e
00292a2d00292c2e00242829001d2122
0025292a0025292a0025292a00262a2b
0025282c0024272b0025282c0025282c
00414d950055609a00424c660021272f
00293355003c46730058639f00515ea4
005a699700556492004f5b840040486a
00363b61004c5680005f6e9d005f6d9d
007680b100757dad00727ba7006a709a
007281b2007482b5007482b4007581b2
0068729f006d77a300727eaa007380ad
007d84b200787fae007077a5006a729f
00343c5d00313c5900667294007a85ae
00828bc2006c7bb0006f7db000757dab
00848ec5009ca3d300a1a7d70096a0d2
00232f500068719d00777eb700717bb7
007a81a500767fa0005b678700303d5d
006d75a1006b739f006c759f00737ba2
00757ea9007983af00747faa006f7aa4
004b516c005e6482006d739600686f97
004f5c91004f598700373e630039405c
00283567002f396700414b76004c5a89
00171c25003a436b00475296002a3574
00171b1b00181b1c00171b1d00181c1f
0015191a00161a1d00181b1f00171a1e
001f2123001e2021001c1e1f00191d1e
00aebac4009babb2004651550024282b
00b5c1cb00b3c2c900b3c0c800b3bec6
00b8c5cd00b9c5cb00b7c4cc00b6c2cc
00b7c2cb00adbac400b1c1cc00b6c5ce
0024272b0021252700202525001f2423
00282b2f00272a2e00272a2e0026292d
002024250025292a00272b2d00282b2f
00292b2e00292c2e00262a2b00202425
0025292b00262a2b00262a2b00272a2c
0023272b0024272b0024272b0025282c
004a559e005b649b00343b510021262c
0029315e003f4a7e005964a1005662a7
005866960053639000505c85003e456a
00373e64005e6a98005d6c9c005b6a9a
007c83af00777ca40072779900515476
007483b0007482b0007380ae00767fad
006a749e006d77a300717ca800727fab
006b759c007a84ab007680a700707aa3
00636793001d254800313c5b00576084
00818bbf007180b400707fb0007b83b3
00838fc3009ca4d500a0a7d800939dcf
00495381007079ae00717ab3006f7bb3
00494c6900454968002f335600222950
00454763004449640042476400434765
00494e6e00525474004c4d6d00474867
00454b750042476f00343a5e00353b5d
004c5e8f00576697005e689a00575f8d
00303c75002e37680047517a004a5a87
00171a24002f3657004e579700333c80
00161a1c00181b1d00171b1d00191c1f
0015191b00161a1d00191c2000181b1e
001d1e20001c1e1f001d1f20001a1e1f
00acb9c3009fafb6004854590022262a
00b5c1cb00b3c2ca00b3c0c800b2bdc6
00b8c5cd00bac6cc00b8c5cd00b7c3cd
00b6c2ca00abb8c200aebdc900b3c2cb
0025282a0021252600202524001e2322
00282c2e00282b2f00282b2f00272a2e
002125260025292b00282b2e00282b2f
00292b2e002b2c3000282a2b00222627
0025292a00262a2b00272b2c00272a2c
0023262a0023262a0024272a0024272b
005761a70058609000282d3d0022262a
00323a7000434f8a005864a4005b66aa
005765950053618e004e5a8100384069
00626996006470a2005d6c9d005a6a99
00515672004b506d003e416200484b71
006a6e92006366880054587600494f6a
005a5f7f00656a8b00676d9000666d90
003f47660049506e00414765004c5170
007378aa00464d7b002b355b002d3558
00828dbe007684b7007180af00757faf
008591c4009ea5d600a3a9da00959ed0
0058649b006a74ac006d79ae00717fb3
0050597e00576086004f5983003b4876
00474e7500495177004b557b004c567b
004e578b00414a7a003f487500424a74
00646fa700636da5005b659c00576197
004a5d8d00546497005b66a100606ca6
003f498400323a6d0046507c00485885
00181a2300202740004f57920040498d
00161a1c00191a1e00181b1d00191b1f
00161a1b0016191d00191c2000181b1f
00171819001a1c1d001d1f20001b1f20
00adbac3009dadb400424e54001d2125
00b5c1cb00b2c1ca00b2bfc800b2bcc6
00b8c5cd00bac6cd00b9c6ce00b7c3cd
00b8c3cb00afbbc500b0bfcb00b4c2cc
002428290022262700202524001e2322
00282c2e00282c2d00282c2d00272b2c
002224250026292b00282b2f00292c2f
002a2b2f002b2c300027292b00222425
0027282c0027292c00282a2d00292a2e
0025262900252729002628290026282a
00636dab004a52780021262f00232529
0040498300414d8e005460a300606aac
0055639300535f8a004a557b003d4773
00646fa300616ba0005d6a9b005a6998
00454d7a00565f8f00636c9d006773a5
0041476e0042477000404670003f4671
00454a700043486d003f466a003e466b
0060679300555b86004b5079004a4f76
006c77aa00536192003f4c7b004f5586
00868ec3007885b600717fae00707cad
008994c8009fa5d600a7acdc0099a0d4
005e6aa3006c78ab00707eae007785b8
006875a400586595004553860045558b
00717baf00737fb1007783b5007380b0
00545f9e0055609d005c67a2006671a8
005b6aa2005a67a10056639f0055609f
004b598f005463980058669e005768a1
004f5997003b437c00485280004c5a88
00191b20001b213100495184004e5698
00161a1c0019191e00171b1c00181b1d
00161a1c00171a1d00191c2000181b1f
0023232500222123001d1f20001b1f20
00adb9c3009eadb5004c585e0025282c
00b5c1cb00b2c0c900b2bfc700b1bcc6
00b8c6cd00bac6cc00b8c5cd00b7c3cc
00b8c4cc00b2bec800b2c1cd00b5c4cd
002428290022262600202524001f2323
00282c2d00292d2e00282c2d00262a2b
002124250027292a00292a2e00282a2e
002a2b2f002a2c2f0027292a00222526
0027292c0027292c0028292d002a2b2f
00252628002527280027292a0027292a
006872a900373e5a0021252900232528
005b66a000505c9e005762a6006670b0
005462910056628b00465176004b5784
00606ca4005d669d005e699b00586696
005f68a300636ba600656da7006770a9
00535d9700515c9700545d9900555e99
00646ca4005e669f00555e9700545d97
005a639c00626da400656ea600656ea5
006574a700576b9c0048588d004d5691
008b91ca007c87b8007380af006b77ab
00949ccf00a0a6d500a8addb009ca1d6
006774aa00717dad007582b100848fc3
005d699e00515e920048578e0056659e
006b76af006a76ae006874ab006571a8
0052609c005966a1005f6aa600626da7
005566a1005565a10053629f00515f9c
004d598b005560960058659d005668a0
005c64a500494e91004c5689004d5d86
00191c1d00181d2600424875005f67a6
00161a1c00181a1d00171a1a00181b1c
00161a1b00171a1d00191c2000171b1e
002c2c2e00252526001e2021001a1e1f
00adb9c300a2b1ba0057646b002d3235
00b5c1cb00b2c0c900b2bfc700b1bcc6
00b8c5cd00b9c5cc00b6c3cb00b6c2cc
00b8c4cc00b1bdc700b3c2cc00b5c4cd
0025272a002426270022252500212424
00292c2d002a2c2d002a2b2f00282a2d
002124260026292c00282b2f00282b2e
00292c2f00282c2d0024282900202425
00272b2c00272b2c00272b2c00292c2e
00242627002628290027292a0027292a
00696f9f002d30420022232900222527
006e79b1006972b000646dae006f79b6
0055628e0056648b0046527a0055618e
005e6aa0005e689e005b669a00586595
0058629e005a639f00606aa300626ca3
00525c99004d5795004f5a9600525c98
005d68a5005d67a3005a649f0057619d
005b66a0005d68a3005e69a4005d67a4
00626fa400616fa5005b689e005a659d
008f95ca00848bbf007881b3006570a4
009ba1d200a0a6d500a5aada009ca1d4
006572a9006e79ac007c86b7008f97c8
005a679f0056649c0055649c005b69a1
00616da8005c67a2005f6aa400606ca6
005966a1005b68a2005e69a400616ca6
0055649e0054639e005765a0005965a1
004c5b8a00505d9300515f980052639c
00676db000555c9c004c568c004b5a86
00181b1e00181c2400444870006d72b0
00161a1d00181a1c00181a1b00181b1f
00181a1c00171a1d00191c2000171b1f
00242627001f2121001e2020001c1e1f
00adb9c500a4b4bd00617279002c3437
00b5c1cb00b2c0c900b2bfc800b0bdc7
00b7c6cc00b7c5cb00b5c2cb00b4c2cc
00b5c1c700acb8c100b4c3cc00b6c6ce
002225290022262700202425001f2223
00282c2e00282c2d00282a2e0025282c
002024250025282b00282b2f00292c2f
00292d300025292a001f2324001d2122
00272b2c00282c2d00272b2c00292d2f
002427280027292a00282a2b00282a2b
005d638b00292c3a0026272b00232728
00727eb4006e77b4006e77b7006e76b3
005765900058678d004e5a8400596492
005c689d0058649a0057629600566292
0057619c0057619c005d67a000606aa0
005c65a20057619d0056619b0056609b
00656eaa00656ea900656ea800616aa4
00727cb4006d75af006871ac00676fab
005d689d00616da3006874aa006f7bb1
009198cb008b92c4007d87b800646fa1
00a0a6d600a2a9d8009ea5d6009aa1d2
005b679d006974a700838dbd0098a0cf
006572ab006573ab005d6ba30056649b
00656fab00646faa006672ac006672ac
0057639d0059659f005e6aa400626da8
0053619c0055639e005764a0005965a1
004c5b8a004f5c9300505d9800505f99
006d74b600636baa00555f95004e5d8b
00171a1f00181b230045486c006f74b0
00161a1d00171a1c00181a1b00171a1f
00181a1c00171a1d00191c2000171b20
001d2021001d1f1f001b1d1d001c1e1f
00adb8c400a0b0b9006c7f8500293235
00b5c0ca00b2c0c900b1bfc700afbdc6
00b7c5cd00b7c5cc00b5c3cb00b4c1cc
00b9c5cb00b1bec600b4c3cc00b7c6ce
001b1f22001c202100181c1d00141819
00202426001e2223001c1f22001b1e22
00202425002024260022252900212428
00202425001b1f200015191a001d2122
002225280023262a00202327001f2226
0026272b0025262a0026272a0025262a
004f5675002a2d36002c2c3100292c2d
00717db3006c76b3006d75b600696fab
005866910057668d00505c8700616c9b
0059659a0055619700555f9400566292
0059649f0059639f005c659e005c679d
00626ba700606aa5005f6aa5005a659f
007178b3007177b2006c74ae00686faa
007e86bd007a81b900757cb600767cb7
005a65980058649a006875aa007883b9
009198ca008e96c700838dbd006c77a9
009ea5d5009ea5d500969dcf00929bcd
005f6b9e007680b2008a93c30098a0cf
006d7ab2006b78b0005c69a100505d93
006c77b1006d78b200707bb500717cb6
0056629c005a66a000636fa9006773ad
004e5c9700505e990055629d0057639e
004f5d8d004e5c9300525f9a00515f99
00646cad00727bb8005d699f0051608e
00171b1e00181b2300444869007076b1
0015191d00171a1c00171a1b00171b1e
00181a1b00171a1d00191c2000171b1f
001a1d1e001d1f1f001c1e1f001c1e1f
00acb7c300a5b5be00788b91002b3337
00b4c0ca00b1bfc800b1bec700aebcc5
00b7c4cd00b7c4cc00b5c3cb00b4c1cb
00bbc7ce00b4c2c900b6c5ce00b7c6cf
0014171b001418190015191a00171a1b
001d202100161a1b0012151900131519
00292d2e0024282900212428001f2226
00141719000e12130011151600222627
00292c300026292d0023262a001c1f23
002b2c3000292a2e00292a2e002b2c30
00434960002c2f36002e2e33002d2d31
00717cb300717ab800696fb200696ca6
0056648f00526089004b588400646e9f
00566298005561970053609400556292
005d67a30056609c0059629c005a649b
006971ad00656ea900616ca600606ba5
007a81bc00787fba00757bb6006e75b0
008189c1007f86bf007f86c0008086c1
005e699d00535f95006672a9007a85bc
008e96c7008b94c400838ebe007580b1
0098a0d100969fd0008d97c9008993c6
00737fb1007e88b9008a94c400969ece
00717cb5006b76af0058649c00515e94
006e79b300707bb500727db700727db7
0057639e005f6aa5006470aa006773ad
004d5b9700505e990055639e0056639f
004e5d8c004d5a90004e5a95004f5d97
006971b1006f78b5005f6ba1004e5d8b
00191c2000181b220043466300787eb6
0015191c0016191c00161a1b00181d1f
00191b1c00171b1c00191c2000181b1f
00181c1d001b1d1e001d1f20001d1f20
00acb8c300a7b6c00074878e002d353a
00b4c0ca00b1bfc800b1bec700aebcc5
00b7c4cc00b7c4cc00b5c3cb00b4c1cb
00bac6cc00b4c1c900b5c4cd00b7c6cf
002e2f32002c2e2f00292b2c00262829
00313334002c2e30002b2c30002a2b2f
002f3334003034350030333700313438
00191b1d00131617001d1f2000272b2c
00383b3f0035383c002d303400222529
002d2e3200323337003334380037383c
00383d4e002d3136002d2f34002c2c32
00777fba006972b1006064a700696ba0
0054638c004f5e86004e5b89006b75aa
00556097005460960053609300566391
005b65a100565f9b0057609b00576099
006c74b0006971ac00626ca600616ba6
007a82be00757db800727ab6006e76b2
007f87c2007d85c0007d85c0007d84c0
006b78aa0059659b006a75ad007985bd
00868fc200818bbb007784b200737faf
008b94c7008a94c800838dc200838ec3
007d89bc007681b300818bbd008a93c5
006f7ab4006772ac00546099005f6ba2
006e79b4006f7ab400747eb900747fb9
005f6aa600646faa00626ea8006773ad
00475591004b59950054629d005966a2
004e5c8c0049568d004b5893004e5c96
00737ab800616ca70057639a004e5d8c
00191c1f00181a2100393d56007b80b5
0015191b0016171b0016191a00161b1d
00181c1d00181c1d001a1d2100181b1f
00161b1d0016191b00191c1d001c1e1f
00adb8c400a6b6bf0073868d002e363b
00b4bfc900b1c0c900b1bec600aebcc5
00b7c3cc00b6c3cc00b5c2ca00b4c1ca
00bac6cd00b3c0c800b3c1ca00b5c3cd
003a3a3e0037373900313132002e2e30
00353638003a3a3c0038383b0038383c
00292d2e00292d2e002b2f31002d3033
002c2e30002224250023252600292b2c
00272a2e00292c30002c2f3300303336
00292a2e0027282c0025262a0025272b
002c303d00262a2d0026282c0028292e
007076b400676fad006b71af005d5e8a
0052618a00515f8800505c8c006973aa
00525d9600515d9300515e910053618f
0058629e00545e9a00555f9a00535e97
006a72ad006870ab005f69a3005c67a1
007981bd007179b4006f79b5006b74b0
007b85c0007f88c4008088c4007c84c0
006d7aad006874aa006a75ad007580ba
007882b700747fb1006875a5006976a7
007781b700747eb5006f7ab200747fb7
006e7bb0006571a600717cb1007882b8
006a74b0005e69a50054609a006a77ae
006c77b200707ab600707ab6006e78b4
005a67a200606ba7006470aa006470aa
0045538f00475592004f5d980052609b
004c5b8b0047548c00495792004a5994
00767db800646ca70055609500505f8e
001d1f24001d1f240034394c00787cae
0016191b0017181c001b1c1f001b1f20
001a1e1f001a1e1f001b1f2000191d1e
00161a1e001013170013171800181c1d
00adb8c400a8b7c1007b8d940030393d
00b2bdc700afbdc600afbdc500aebcc5
00b6c3cc00b6c2cb00b4c0ca00b3c0ca
00bac6cd00b2bfc700b1c0ca00b5c3ce
002f3033002c2d2f002628290027282a
002d2f3100303233002f313400303135
00272b2c00272b2c00262a2c00292c2f
00393c3d002e3031002527280026292a
0025282c0026292d002e31350037393d
002c2d31002a2b2f0028292d0027292d
002b2c3700282b2e00282b2d002c2e31
00676ca9006f77b3007278b0004a4c6d
00505f88004c5a85004e5a8a005e669e
004f5a93004d5890004f5d8f0051608d
00555f9b00545e9c00525c9800515c96
006b73ae006871ac005d68a10056619b
007b83be00757db800707bb5006c77b1
007781bc007b85c1007f87c2007e85c0
005c699d006471a7006b77b000747fb9
006d77ae006974a8005e6c9d00596798
00636ea7005d68a2005d68a2006570aa
004e5b93004e5c930059649c005e69a2
00606ba9005863a00055609c005a66a0
006a76b1006a75b2006772b0006671af
0054629d005964a000636ea9006873ae
0045539000465491004a5893004d5b96
004757880044528b0042528e0045558f
00767cb6006870a900535e92004d5b8b
0022232800232329002d2f41006c6fa0
001c1f21001f1f230023242800212626
001e2223002024250020242500202425
00191d21001215190014181a001c2021
00aebac500a8b7c10074878d002f383c
00b2bdc700b0bec700b1bfc700afbcc6
00b6c2cc00b6c2cb00b4c0ca00b3c0ca
00bac6cc00b2bfc700afbdc800b4c2ce
0026292c002427290022262700212425
00272a2c00292c2e00282b2e00282b2f
00282b2c00292d2e00282c2e00272a2e
002e3032002e30310027292a00252728
0026292d0026292d00282b2f002a2d30
0031333700323337002d2e3200282a2e
002d2f36002e3233002d323200303234
00696fa900757db6006a70a000373a50
004756800045537e004e5a8a005d669d
00505a9300505b9200515f9000505f8c
00525c9900515b98004e5894004f5994
006770aa00636da7005b669f00545f99
007980b900757eb600727cb3006b75ae
007681bc007d86c1007c84bf007e85be
00404d820059659c00717db5007581ba
0059629b00535f940043508300334072
0048528c0049538e0048528c004b5691
0028336d00202d640035407800414b84
005a64a3005964a100535e9a003f4a85
006772ae00646fad00626eac005e69a8
0054629d0056619d005d69a4006571ab
0042518e00485693004c5a9500515f9a
00445383004251880041518c003f508b
007a7fb9007279b2005e679c004b5989
001d1f220020202500232535005b5d8a
001a1d1e001a1b1e001b1c20001a1e1f
001c20210022262700212526001e2223
001e232600171b1e00181c1d001b1f20
00adb9c500a7b6bf0061737a00273035
00b4c0ca00b4c1ca00b2c0c800afbcc6
00b5c1cb00b5c1cb00b4c0ca00b3c0ca
00bac6cc00b2bfc800aebcc700b3c1cd
0025282b002327280022262700202425
00282b2e00292c2f00272a2e00272a2e
0022252600282c2d00292c2f00282b2f
00292b2e002f3134002a2c2d001e2021
0025282c0025282c0026292d00272a2e
00292b2f00292c3000272a2e0026282c
002a2c2f002c2e31002b2e32002a2d31
00747fb400797fb40055597d002b2e39
0042517f0043537f00586595006b75a9
004f5892004f5a8d00515f8b0052618c
00505c96004d5994004c5793004e5894
00646ea7005e69a20059649d00546099
007a82b9007781b700727bb4006b75ae
007883bc007b85bf007c84bf007d84bd
00343d75005e669f007a83bb007985bc
003e477f00394278001f275d00192158
0031397000333d7200313b7100313c74
001a2158000a114200101748002a3066
00606aa5006a73ac00616ba40039427c
00656eab00606aa9005e69a7005b67a3
0053609a0056639c005f6ba4006470a9
003e4d8c0041508e0049589400505e99
0042538000425388003f4f8a003b4b89
007174ac007a7fb900636aa200485686
001d1f20001f21260023243400454568
001b202000191b1d00191a1e001b1d1e
0015191a0021252600212627001e2325
00252a2d00222527001a1e1f00141819
00acbac500a9b8c100748189002b353a
00b3bfc900b3c0c900b2bfc800afbcc6
00b6c2cc00b7c3cb00b4c1c900b4c0ca
00b9c6cc00b3bfc900adbcc700b4c2cd
0024272b002226280022262700202425
00292c3000292c3000282b2f0026292d
001f222300262a2b00272a2e00282b2f
0027282c002b2d3000292c2d001d2021
0024272b0025282c0025282c0025282c
0025282c0026292d0026292d0025282c
0026282a0026272b0024282b0024272b
007b82bc006a709c00353a500025282d
004b5b86004b5a88005b659a007279b3
004a588e004a5989004b5a88004d5c89
00505c96004d5993004e5995004c5893
00626da600606ba4005e6aa20058649d
007a84b9007782b700727cb4006973ad
007983bc007a83bd007c83be007a82ba
003f437d00686fa700828abf00808abe
0030386f0030376f00292f67002a2e68
00242a5e00242c5d00242e5d00273164
002528610014184c00121749001e2256
00767fae00848cb9007a82b200545a90
00616ba8005d68a7005a64a2005f6aa1
004f5d97005c69a100616ea6006470aa
003c4b89003f4e8c0045559000475590
003e4e8000415088003e4d87003a4b86
00505388006f74b3005c64a300435287
001d1f1f001d20220020222b00272841
001a1e1f00191c1e001a1c1f001d1f20
00141819001e2223001d2223001a1e21
00292e310023272800161a1b00111516
00acbac500abbac300828e9600333c41
00b3bfc900b3bfc800b1bec600afbbc5
00b7c3cd00b9c4cc00b6c2cb00b4c1ca
00bac6cd00b3bfc900acbcc700b4c2ce
0024272b0022262800212526001f2324
00282b2f00272a2e00272a2e0026292d
002024250025292a00272a2e00282b2f
0024272b0026292c0025282a001e2223
0023262a0023262a0023262a0024272b
0024272b0024272b0025282c0024272b
0026272a0025282a002327290023272a
006b6ea90044496a00242a330025292a
004a5c83004b5a8a0058619f00686faf
0049598d0049588a0045538400475784
00515d97004c5892004c5892004c5892
006571a800626da6005c68a10059669e
007c86bb007681b600707bb2006a75ae
007d87be007c84bd007b82bb007c84bb
0050548f006f74ab00838cbd00848fbe
002e346800373d73003a3e77003d417b
00242a56002026520020285200242d59
005a5e8f003b406e00323863002d325f
00a8b1d300b5bddc00a7add2008b90be
006370ab005d6aa6005f6aa3007f88b6
004f5d97005c6aa3006170a8006875ae
003e4d8a003e4e8b0042528d00465590
003c4c7f00404e86003c4b84003b4b86
002b305500575b9d005259a4003e4e88
001d201f001e2120001d2123001c1f2b
00171b1d00171a1e00191a1f001c1e20
0015191a001c2021001b202100171c1f
00252a2d00191d1f0014181900121617
00acbac400acbac30083909700313b3f
00b3c0ca00b2bec800b0bdc500afbbc5
00b6c3cd00b8c3cc00b5c2ca00b5c1cb
00b9c5cc00b3bfc900adbcc800b5c3cf
0023262a002327280021252600202425
00282b2f00272a2e00272a2e0025282c
002024250025292a00282b2f00292c30
002225290024272a00212527001d2122
0024272b0023262a002225290023262a
0023262a002225290024272b0024272b
0027292d0025282c0024272c0023272a
00494d7b00292e40002a3032002b2d30
00495c83004a5a8e00505b9f005861a1
004b588e004d5b8c0049558600404f7b
00525f97004e5b93004c5891004c5892
006672a800626ea50059669d0055629a
007681b500707cb0006d79af006874ac
00848dc0007f87bd007b83ba007a83b9
006569a2007a80b5008891c0008a95c1
00393f6c00353a6b004145790052568d
007d84a7006f759a00585f850040476e
00b2bade00a8afd0009aa1c2008f96b7
00c4cee900c5cfe800bfc7e600bbc3e7
006372ab006370a8007b87b600b0b9de
00506099005c6ca4005f6ea6006171a7
003b4b8800404f8b00465691004c5c96
003b4c7b003e4e80003e4d85003a4a85
001a20300034386b003d428900384781
001e2020001e212000212323001d2123
00171b1c00171b1d00181a1f001b1c20
00161a1b001b1f20001a1f2000171c1e
00262b2e00191d1e00161a1b0015191a
00adbcc500aebbc50088949b00343d42
00b3c0cb00b2bfc900b1bdc600afbcc5
00b6c2cc00b7c2cb00b4c1c900b4c0ca
00b9c5cc00b2bec800acbbc700b4c2ce
0024272b0023262800212526001f2324
00282b2f00272a2e00272a2e0026292d
002024250026292b00292c3000292c30
0023262a0024272a00202426001d2122
0023262a0023262a002225290023262a
0023262a0023262a0023262a0023262a
0026292d0023262c0024262e0024272a
00252b430020262e0026292e002b2b32
0043547e0049568a00414a860038416f
004b5a8f004b5a8a00465383003a4977
00546299004d5b920048558d004a578f
006470a6005f6ca1005d6ba00059679d
007582b600717eb1006e7ab0006974ac
008790c1007f88bc007c86bb007b86ba
007075ab007f86ba008992c1008c96c3
009299bf00626991004b517e005c6193
00c3c9e800bcc3e500b4badd00a8afd1
00c1cae800c2cbe700c3cbe700c6cde8
00c3ceea00c2cde900c0cae800bfcae9
006776aa007381b000a2aed400bec8e7
0054669e005768a0006071a6006475a8
003b4b860041518c00485993004d5e98
003b4979003746780032437b00364981
00191c2100191e32001e264d002d3a6a
001c1d20001d1f21001e2022001c1e20
00161b1b00161a1c00171a1e001a1b20
0015191a001a1e1f001a1f2000171c1e
00262b2e00181c1d00171b1c00161a1b
00b0bec700b1bdc70088949a00353f43
00b2c0cb00b2bfc900b1bdc700b1bdc7
00b5c2cc00b7c3cb00b4c1c900b4c0ca
00b8c4cb00b2bfc800abbac600b3c1cd
0024272b0023262800212526001f2324
00292c3000282b2f00272a2e0026292d
001f23240024272a00272a2e00292c30
0023282b0024282c0025292c00202426
0023262a0023262a002225290023262a
0023262a0023262a0023262a0023262a
0023252a0022252b0022252c0023262a
001e2527001e22260022222b0025242c
0043537600313e5d00202a41001c262e
00495b8f00495d8b003f517f003d4d78
00536398004f5d920047548b0047558c
006572a700616fa4005f6da2005a699e
007684b6007381b300707cb1006b77ad
008591c100808cbe007b87ba007986ba
006f76aa007d85b800858fbf008a95c2
00b6bfdf00a7b0d300848cb40069709f
00bfc5e300bec4e600bdc4e700bbc2e3
00b7bfe000bbc1e200bec4e200bec5e0
00bbc7e500b6c3e300b6c2e200b5c1df
006d7baa0096a3ca00b4bfe000bac6e3
005669a000596ca1005e71a4006373a4
00384a820041518b00495b950051639c
003d4b78003242770030427b0033477c
001c1d1d00191e2000161f2d002a3557
00191b20001b1c21001b1c21001b1c1f
00161b1b00171b1b00171b1d00181b1f
0015191a001a1e1f001a1e1f00171c1e
0022262a00171b1c00181b1c00171b1c
00b0bec700afbcc50085919700343c40
00b2c0cb00b2bec800b1bdc700b2bec8
00b6c2cc00b7c3cb00b4c1c900b5c1cb
00b8c4cb00b2bfc800a9b8c400b3c1cc
0024282b0022262800202425001f2324
00272a2f00272a2e00272a2e0026292d
002023270023262a00272a2e00282b2f
0022262a0024272b0026292d00212428
0023262a0023262a002225290022252a
00222529002225290023262a0023262a
0022252a0022262b0023262a0024252a
00222626002123290022212900222329
00455376002c374d0020253300222329
0047598c004b5e8d004455840042527e
00516095004e5c910049568c0048578c
006775aa006270a500616fa4005a6a9f
007281b2007180b1006f7cb0006e7bb0
008391c000818fc0007987b8007583b6
006a73a500757fb3007e89bb008490bf
00b4bddf00b0b9dc00a0a9d0007d86b2
00b1b9d600aeb5d800aeb5db00b3bbdd
00b8bfde00bcc3e200c0c6e300bcc3dd
00b2bfdf00aebbdc00afbad900b2bcda
008d9cc400adbadd00b4bfe000b4bfde
005d71a7006176aa006074a5006677a5
0036477f0041528a004d5f98005569a1
003d4a74002f40740032437d0036477e
001a1e1e001a1e20001c2129002f3851
00181b1f00191b2000191c20001a1d1f
00161a1c00161a1b00161a1b00171b1d
00181a1b00191d1e001a1d1f00181b1e
001d212500191b1c00191c1d001a1c1d
00afbbc500b0bbc400838d94002e363a
00b1bfca00b2bec800b3bdc700b1bdc7
00b6c2cc00b6c2ca00b3c0c800b4c0ca
00b8c3cb00b2bfc800a9b8c400b3c1cc
0024272a0022252700202425001f2324
0026292d00272a2e00272a2e0026292d
00202326002326290026292e00272a2f
0022262b0024272b0025282c00202327
0023262a0023262a0023262a0022252a
0022252a002225290022252900222529
0021252900212629002226280024252a
002223290022222a0022232800212326
00455571002c37440021252d0024232c
004b598e004e5c8e004858860043547c
004f5f94004d5b90004a588d004a588d
006877ab006473a7005e6ea30056669b
007281b2007381b3006f7db0006e7baf
007887b6007c8cbb007987b8007482b4
00727cad006b75a800707cad007583b3
00abb2d900a9b2d900a1a9d300919ac7
00b8c1db00aeb6d800a7aed500a4abd2
00bfc7e100bfc9e200c0cae200bfc9df
00b1bddc00b5c2de00bac4e100bfc6e3
00abb9db00b2bede00aeb9db00adb7d8
005e73a8006377aa00687baa008596c0
0034457c00405288004a5d950054689f
0036426c00314376003041790033437b
00171c2100181a22001c1e25002d3349
00181c1d00171b1d00181c1e00191d1e
0017191d00161a1c00171b1b00171c1d
00181a1b001a1c1d001a1d1f00181b1f
001d202300191b1d00191b1c00191c1d
00aebbc500aebac400848f96002c3439
00b0bec900b1bdc700b2bdc700b0bcc6
00b4c2cc00b5c2ca00b3bfc800b2bfc9
00b8c3ca00b3c0c900a9b9c500b2c1cc
0023262a0022252800202426001f2324
0026292d0026292d0026292d0025282c
00212325002327280026292b00272a2e
0023252c0023262b0024272b00212325
0023262b0023262b0023262b0023262b
0022252a0022252a0022252a0023262a
00212528002225290022252800222529
00202329002123290020232800212428
003e4a66003237430021232800212329
004c5c8e004d5c8b00435380003a4b73
004f5f94004c5b900045568900445588
006778a9006374a6005d6ea10055659a
00707fb000707fb2006c7caf006a7aae
006575a6006e7eaf007281b2007281b2
00878ebb006872a2005d6b9c005d6ea0
00a0a6d000a0a6d2009da3ce00969cc8
00bbc7df00b8c2dd00b1b9d800a4abcf
00b7beda00b9c1dd00b4bdd900b6c1db
00bcc7e100c0cbe300c0c7e300bac0de
00b3c0dc00b1bdda00b1bbda00b6c1de
006075aa00677baa007e8fb600a6b5d5
0036487a0045568b00495b920052659d
00343e6400334275002f407800324478
00181c20001a1c21001b1e2500262d3f
00181b1f00181b1f00181b1f00181c1f
0016191d0016191d00171a1e00171b1e
00161a1b00181c1e001a1d2000181b1f
001a1e2200171a1d00181b1c00181b1c
00acbac400adb9c300859098002a3438
00b0bec900b0bdc700b0bcc500aebbc4
00b3c1cb00b4c0ca00b4c0c900b2bec9
00b8c3ca00b3c0c900a9b9c400b0c0cb
0023262a0022252800202426001f2324
0026292d0026292d0025282d0024272b
00202223002427290026292c0025282c
0024272d0024272c0024272a001f2122
0023262b0023262b0023262b0023262b
0022252a0022252a0022252a0023262b
00212428002124280021242800222529
0020232800202328002124290022252a
0037415c00262a36001f2126001f2227
004a5b8b004a5988003d4e79003a4a71
004c5c910048588c0042538400475889
006879aa006273a500596a9d00526396
006b7cae006b7caf006a7cb000687baf
00526596005a6c9d006071a2006a7bac
00a1a3cf008289b500596595004c5c8f
00aeb5d400a4a9cf009ea1cc009fa1cc
00b5beda00bec7e000bdc5db00b7c0d6
00bac0de00bec4e200b7bfdd00acb5d1
00bbc5dd00b9c3db00b7bfdb00b5bdda
00b0bbd600b4bfdb00b9c4e000bac5e0
006779aa007587b1009dabcd00aebbd7
0033467a003f5186004f619500586a9d
00323c5e00334173002e3f7700324479
00181c1e001a1b1f00191d23001d2433
00181b1f00181b1f00181b1f00181b1f
0016191d0016191d00171a1e00171a1e
00161a1b00181c1d001a1d2100181b1f
001b1e2200191a1e00171b1c00171b1c
00adbbc400acb8c200909ba300353f43
00b0bec900b0bdc700afbcc400aebbc4
00b2c1cb00b4c0ca00b4c0ca00b2bec9
00b8c3ca00b2bfc800a8b8c300b0c0cb
0023262a0022252900212426001f2324
0026292d0026292d0025282d0024272b
001d1f20002023270024272b0025282d
0024272c0024272b00212428001c1e20
0023262b0024272c0024272c0024272c
0022252a002124290022252a0022252a
00222529002124280021242800212428
001f2227001f2227002124290022252a
00333c5400232732001e2126001e2126
0048598a0044548300364671003e4c71
0049598c0045568900455687004b5c8c
006274a5005c6d9f00556699004f6093
006478a9006579ac006277ab006376ab
003f548300485e8d00506595005e72a2
00aaa8d2009ea1cb00757dab00495787
00c0c8da00b8bed800acaed100a0a0c7
00b0b7d300b8bfd900c1c8dd00c3cbdb
00bbc1e100bcc2e000b9c0dc00b2b9d5
00bbc5de00bec8e000bfc7e300bcc4e1
00b6c0db00b7c2dd00b4beda00b5c0da
006b7aa600929fc500abb7d600b0bbd5
00304378003e5084004c5d8e005a6a99
002e3958002f3e6f002d3d7500314378
00181c1d00191c1d00181c1f001b232e
00171a1e00181b1f00181b1f00181b1f
0016191d0016191d0016191d0016191d
0015191a00171b1d001a1d2100181b1f
001c1e2200191a1e00191c1d00181c1d
00adbbc400acb8c2009ba6ae00404a4e
00b0bdc900b0bcc600b0bcc500afbcc5
00b2c1ca00b3c0ca00b3bfc900b2bfc9
00b7c2c900b2bfc800a7b7c300afbfca
0023262a002225290021252600202425
0026292d0026292d0026292d0025282c
001b1e22001f22270024272c0026292d
0024272b0023262a00222529001d2022
0023262b0023262b0023262b0024272c
002124290022252a0022252a0022252a
0022252a002124290021242900212429
001f2227001f22270020232800212429
002c3449001f232d001f2227001e2126
00435585003d4f7d002f3f69003d4a6b
004a5b8d004556870045578700455988
005e70a1005a6b9c0053649600506194
006074a5006176a8005e72a7005b6fa3
003347740031477500455c8a00566c9b
00a9a9ce00a7a8d100969dc70063709c
00c4cbde00c2c8dd00bcc0d900afb0cf
00b1bad300b0b8d200b8bed700c1c7dd
00bac2e100b8c0de00b6bfda00b3bdd6
00c1cae300c2cbe600c0c9e400bdc5e3
00b5bfda00b6c0db00b9c2dd00bdc6e1
008b97bd00aab6d800b2bddb00b6c0da
002f4073003d4d7b00525f8b0067749c
002a354f002b3866002f3d7400304177
00191c1e00191c1d00191b1e00192029
00171a1e00181b1f00181b1f00181b1f
00161a1e0016191d0016191d00171a1e
00161a1b00181c1e001a1d2100181b1f
001d1f23001a1b1f001c1e20001a1d1e
00acbbc400acb9c2009da8b000444d52
00b0bdc900b0bcc600b0bdc500afbcc6
00b2c0ca00b3bfc900b3bfc900b2bec8
00b7c2c900b2bfc800a7b7c200afbfca
0024272b002326290021252700202425
0026292d0026292d0026292e0025282c
001b1e22001e21260023262b0025282d
0023262b0023262a0023262a001f2226
0023262b0022252a0022252a0023262b
00202328002124290022252a0022252a
00202328002124290021242900212429
001e2126001d2025001d2025001e2126
00272c3e001d202a001e2126001e2126
003d4f7e003345730034456d003c4866
004b5d8d0044568600415483003d5180
005d6fa000596a9b004e5f9000506192
005e72a2006074a7005e71a5005b6da1
004355800030446f003e5380004f6493
00aeb2ce00a5aacb009ea5cc008592bb
00bac2da00c1c9df00c1c8dd00babfd7
00b5c0da00b4bed700b6bed700b6bdd8
00b2bcdb00b5bede00b7c1e000b7c1de
00c1cae500c0c9e400bbc4e000b6bfdb
00b8c2dd00bdc6e100c0cae200c1cbe4
00b2bdde00b4c0e000b3bedc00b2bdd9
00414f7c0067749c008c96bb00a5b0d2
00242d45002e3962002d3b6d00303e70
00181c1d00191b1e00191b1e00191e27
00171a1e00181b1f00181b1f00181b1f
00171a1e0016191d0016191d00171a1e
00161a1b00181c1d001a1d2100171c1f
001d1f23001b1c20001a1c1d00171b1c
00acbbc400acb9c2009ca8af003f494d
00b0bdc900b0bcc600b0bcc500afbbc5
00b1c0c900b3bfc900b3bfc900b1bec8
00b7c3ca00b1bec700a7b6c200afbfcb
0024272b0023262a00212527001f2324
0025292d0026292d0026292e0025282c
001b1e22001d20240023262a0024272c
0021252a0022252a0025282c00222529
0022252a002124290022252a0021252a
0021242900212429002124290022252a
001f2227002023280021242900212429
001e2126001d2025001d2025001e2126
00292d3a001e2028001d2026001e2125
00354776002e3f6d0032426800333c56
00465787003c4f7e003b4f7e003a4d7d
00596b9a0058699900516291004c5e8d
0055689800586b9d005c6ea1005b6c9f
003b4c750033456f00394b7700455886
00b4bcd200a8b0cb009099bc006c79a1
00b1bbd300b2bcd500bbc4dd00bbc3da
00b4bfdd00b7c3dc00b9c5db00b7c2d9
00a5afce00a4aed100acb4da00b1bade
00bbc4e000b8c0dd00b6bfdb00b1bad6
00bdc8e300bec9e200becae200bdc8e2
00b5c2df00b1bfdc00b3c0dd00b8c4e0
009da8ce00b2bedf00b9c4e300b8c3e0
00262d41003640630046507d00737faa
00171b1d00191b1e001a1b1f00181b23
00181b1f00181b1f00181b1f00181b1f
00161a1d0016191d00171a1e00171a1e
00161a1b00171b1d001a1e2200171c1f
001d2024001a1c1f00191b1d00171b1c
00acbac300abb7c100919ca400363f44
00afbcc800afbcc600afbbc400aebac4
00b2c1ca00b3c0c900b3bfc900b1bec8
00b7c3ca00b2bfc800a7b7c300aebeca
0024272b002326290021252600202425
0026292d00272a2e00272a2f0026292d
001c1f23001d20240023262a0024282d
001f2229002023290024272c0023262a
00202328002023280021242900212429
0022242a002124290021242900202328
001f2227002023280021242900212429
001d2025001d2025001e2126001e2126
00262833001e2027001d2126001d2023
00324372002d3e6c0034426800282f46
0044568400394b7a0035497900384a7b
0052659300536492004f608e00495c89
004b5f8e005367970054689a00536698
0028395f002f40680033456f003f527f
00b6bed600acb4d0008c96b900455178
00b4bfd700adb8d200adb7d200b6bfd9
00acb7d700b2bdda00b7c3db00b7c3da
00b0bad800aab3d400a1abcd00a5afd1
00b5bddb00b7bfdd00bcc4e100b8c0dd
00c0cbe600bdc9e200bac5de00b7c2dd
00b3c1dd00b7c5e100bcc9e300c0cce5
00bac5e600b8c3e100b5c0dc00b3c0db
00212536005e6684009fa8cc00b7c2e5
00171b1d00191a1f001c191f001a1a23
00171a1e00171a1e00181b1f00181b1f
00161a1e0016191d00171a1e00171a1e
00161a1b00171b1d001b1f2200181d20
001d2024001b1c1f001a1c1d00181c1d
00a9b8c100a7b3bc00909ba3003a4347
00afbcc800aebbc500aebac300adb9c3
00b2c1ca00b2bfc900b2bec800b1bdc7
00b6c2c900b2bfc800a7b7c300aebeca
0024272b0023262a0021252700202425
00262a2d00272a2e0026292e0025282d
001d2024001e21250023272a0025292d
0021242a0023262c0024272d00222529
0023262b0022252a0021242900212429
00202328002124290022252a0022252a
001e2126001f2227001e2126001f2128
001c1f24001d2025001e2126001e2126
0022232c001d1f26001c2025001d1f23
0031416f0029386500323e620023293d
003d4f7d003749790030447400344677
004f63900051618f00455583003c4f7c
003e5381004b5f8f004b6090004c6191
002b3b610026375f002c3e6800344874
00b1b8d700acb4d500a0a9cd0068759a
00b4bfd900b0bcd500a9b4ce00abb5d1
00b0bad800acb5d400aeb7d500b1bcd8
00b3bcd900b3bcd800b5bfd900b5bfda
00b7bedd00b5bcdc00bac0df00b8bfdc
00bbc6e100bac7df00bcc8e000bbc6e1
00bac8e400bdcbe500c1cde600c0cbe3
00b7c2e000b4bfdd00b5c1dc00b7c5df
003c3f52009fa7c200bcc5e400bbc5e3
00171b1e00181a1e001a181f00191922
00171a1e00171a1e00171a1e00181b1f
00161a1d0016191c0016191d0016191d
00161a1b00171b1c001a1e2000171c1f
001d2024001b1c1f001a1c1e00181c1d
00a8b7c000a6b2bc00919ca400364045
00aebbc700aebac400adb9c200acb8c2
00b1c0c900b3bfc900b2bec800b0bcc7
00b7c2ca00b2bfc800a7b7c200aebec9
0024272b0023262a0021242700202327
0026282e0026292e0025282d0025282d
001d2024001e21250023262b0025282d
0026292e0024272c0025282c00212428
0024272b0024272c0025282c0025282c
002124280023262a0023262a0023262a
001f2227001e2126001f2227001f2227
001d2025001c1f24001d2025001e2126
001e2027001c1e26001d1e27001d1f26
002b3e690026345d00293150001c2030
0035477600334574002d3f6f00304272
00495e8a00435683003b4e7b00384b78
00394b76004355820040548200415785
0034446a0022325a0023355d002d3e68
00a3adcd00a4adcf009ea8cc007f8cb0
00acb6d400afbad600acb8d400a6b0ce
00bcc2dd00b6bdda00aeb4d400abb2d3
00b1b8d500b5bcd800bbc2dc00bec4de
00b5bcdc00adb4d600acb4d500aeb6d6
00b6c1dd00bbc7e000bfcae200bdc6e1
00becce700becbe600b9c6e100b5c1dc
00b7c1e000b7c1df00b9c6e000bdcbe4
0061668300afb8d600b6c2de00b6c1de
00161a1e00171b1c00181b1e00181d26
00171b1c00171b1c00171b1c00171b1d
00161a1c0016191b00161a1b00161a1b
00171b1c00171b1c00181d1e00161b1e
001d2125001a1c1e001b1d1e00191c1d
00aab6c000a7b3bd0096a3ab00404b52
00afbbc700aebac600aebac400adb9c3
00b1c0ca00b3bfc900b1bdc700b0bcc8
00b7c2cb00b2bec800a7b7c200adbdc9
0025282c0023262a0021242800212428
0025282d0024272c0025282d0026292e
001c1f24001d20250022242a0025282d
0024272c0023262b0023262b00202327
0026292d0025282c0024272c0024272b
0022252a0023262b0024272c0025282d
00202328002023280022252a0022252a
001e2027001f2127001e2126001f2227
001d2025001c1e25001d1f26001d2026
0030416c002a365a001e263e001a1e29
002f416f002f4170002d3f6f002e4070
00495d89003c4f7b00374a7700384b78
003243690037497000394d76003f5580
003a486e0026375c002133580025365c
00a1abc9009ea8c80098a2c500828eb3
00a5add000aab3d400afb8d700aab4d2
00b8bfdc00b7bedc00b1b7d800aab0d4
00acb5d400b1bad900b4bcdb00b7bedd
00b4bdda00aeb5d500aab0d300a9b1d3
00b5c0df00b9c3e100bac5e000b9c3dd
00b6c4e100b2bfdd00aebbda00b1bddb
00b5c0df00b7c2e000b9c6e300b9c7e3
00757c9a00a7b2d100b1bedb00b7c2df
00161a1e00181b1b00181c1e001d242e
00161a1b00171b1c00171b1c00171a1d
00161a1b00161a1b00161a1b00161a1b
00171b1c00161a1b00171c1d00161b1e
001e2226001a1c1d001b1d1e001a1c1d
00aab6c000a7b3bd0098a5ad00475259
00b0bcc800aebac600adb9c400acb8c2
00b3c1cb00b4c0ca00b3bfc900b1bdc9
00b7c2ca00b3c0ca00a7b7c200acbcc8
00272a2e0020232700212428001f2226
0024272c0025282d00272a2f00292c30
001b1e23001d20260023252c0023262c
001d1f27001b1d2400181b200015181d
002124290022252a0023262b00212429
001e2227001f2328001f232800202429
001c1f24001d2025001c1f24001e2126
001a1c2400191b2300171a2100191b21
001d2025001e2126001f2226001c1f25
002f3c67002f3a56001e2734001b2027
00314471002c3f6c002c3f6d00304170
00415580003b4e790033467100334672
002c3c610031426800354770003a4e78
003f4c7200203055002232570027375a
00a0abc80097a3c200909bbe007c88ae
009ca1cb009fa5cc00a8b1d300a9b4d2
00a9b1d200aab2d300a8add300a2a7d0
009fa9cd009ca7cb00a0aace00a5aed0
00adb7d500a8b0d200a4accf00a0a9cd
00b2bddd00b4bfdd00b6c1dd00b2bdd9
00adbcdc00adbadb00afbbdc00b1bddc
00b5c1e200b6c3e200b5c3e200b1bfdf
00757d9c009eabcb00acbad900b3bfde
0017191e00181a1b00161a1e001f2532
0016191d00171a1e00171a1e00171a1e
0016191d0015181c0015181c0016191d
00191c1d00161a1b00181c1e00161b1e
00202327001b1d1e001b1d1e001b1d1e
00aab6c000a7b3bd009ba8b000545e66
00b0bcc800aebac600adb9c400acb8c2
00b2c1ca00b4c0ca00b3bfc900b2beca
00b7c3cb00b4c1cb00a8b7c300acbcc7
0015181c001114180012151900121519
0010131800111419001215190015181c
0013161a001114190012151a00101318
001e21260013161b000d1015000d1014
0023262b00272a2f00272a2f0024272c
0013171c00161a1f00191d22001c2025
00111419001114190011141900111419
0013151d0011131b000f1118000f1217
001f2127001f2227001e222500161a20
0030396300293247001d252a001d2126
0030426e002d406c00283b680030416f
003548730030426c0030426c002c3e69
002e3d6100303f650031426b0030436e
0046507a001d295100223156002c3c5f
00a0acca008f9dbe00828eb400747ea8
009498c7008f96bf00a0a8cc00a7b2d0
0099a2c5009aa2c700969cc700959ac8
00838eb700838eb5008892b800919abe
009ca7c700909bc000858fb6007c86af
00b1bddc00b0bcda00afbad700a6b2ce
00afbcdc00b0bcdc00b2bfdc00b3bfdb
00b3bee000b2bfdf00b1bede00b0bddc
00707a9b0091a0c200a0afcf00adbada
0018191d00181a1b0014171d001c2334
0016191d00171a1e00171a1e0017191d
0015181c0015181c0015181c0015181c
001b1e1f00171a1b00181c1e00181b1f
00212429001b1d1e001b1d1e001c1e1f
00aab6c000a8b4be009facb4005d686f
00afbbc700aebac600adb9c400acb8c2
00b2c1ca00b3c0c900b2bec800b1bdc8
00b7c3cb00b4c1cb00a7b6c200abbbc6
00181b1f001a1d2100181a1e00171a1e
001215190014161a0014171b0014171b
0014181a001a1d1f00191d200015181c
00292c300022252800121618000f1214
001f22270026292e00292c3100282b30
00171b2000161a1f0016191e00191c21
0016191e00171a1f00191c2100181b20
001c1e26001c1e2500181b200016191e
0014151e0013161b0013171a00161921
002d3358001c23330014191c0015161c
00263861002a3c66002d406c002d3d6a
00293b62002c3d65002e3e66002a3b64
002b3a5b002a385c002a3960002a3b62
00454e78001e2950001d2b4f002c3b5c
009caac9008797ba007682ab006c75a3
008c92c100858cb6009199bd00a1accb
00868eb4008b91ba00888fba008c92bf
005a6587006c75980071799e007a82a8
008995b8007c87ad0069749d0049547b
00b1bdda00adb9d600a6b2ce0096a3c2
00b2bddb00b3bfdb00b4c2db00b4c1d9
00afbadb00b2bddc00b2bedb00b2bddb
00737fa000899abc0094a3c600a4b1d2
0017181c0016191a0012171e00252d42
0015181c0015181c0015181c0016181d
0016191d0015181c0015181c0015181c
00212324001a1d1e00191c1e00181b1f
0022272b001d1f21001d1f2000212324
00abb7c100a9b5bf00a1aeb6005f6a72
00b0bcc800afbbc600adb9c400acb8c2
00b2c1cb00b3bfc900b1bdc800b0bcc8
00b7c2ca00b4c0ca00a6b5c100abbbc6
002e2f33002e2f33002c2d31002b2d30
00292a2e002d2e32002d2e32002c2d31
00262a2b0031353600303335002a2d2f
003337390035383a00292d2e001d2122
0025282d00282b3000292c31002e3136
00282b30002a2c3200292c3100272a2f
00282b2f00282b3000272a2f00282a2f
00292b3200282b3000272a2f00272a2f
0021202a002124280023272a0026272f
002c314f00202431001c1f22001f1f26
0024355c0020315b00293b6600273761
002232560025355a0028385e0029395f
002a375900253253002534560028385b
004f587f00212d5100202f5100273657
00929fc100808eb400717ca6006f75a3
007f87b4007d83af00868eb300929cbd
005c6086006f739b007a80a9008088b2
00161d2e002d3349003e4360004e5275
007982a900687195004c5674001b243a
00aab8d300a0aecb0095a2c3008792b7
00b5c0dc00b6c1de00b6c2de00b1bfd9
00acb7d700b1bcda00b2bdd900b3bfda
007f8eae00899bbd008e9dc100a0adcf
0010131700101517000f141f0038415a
00111418001013170011141800101317
0014171b001114180011141800121519
001e212200181b1c00171b1c0016191d
0024292e002124250020232400252728
00abb7c100a9b5bf00a2afb70058636a
00afbbc700afbbc700aebac400acb8c2
00b1c0ca00b3bfc900b1bdc700b0bcc8
00b6c2ca00b3c0ca00a5b5c100aabac5
0037393b003133350031333500303233
0032343600393b3d003c3e3f00393b3c
002c3031003438390034373a00313438
00323539002f3336002e313300292c2e
0034373c0032353a0033363b0032353a
003b3b41003c3c42003d3d43003a3b41
002e3034002f32360034373b0037393e
0032343a0032353a00313439002f3237
00303037002f32350030343600323239
0031374d002d3038002e2f3400302e36
001d2c52001e2e5800273862002a385e
00212f510022305200223053001f2d52
002d385e002531550026345700233255
0061679000273057002531580027335a
008a95b9007d89af007279a100797ca7
006e74a4007579a800888bb5008f95ba
001e223c00424768005d638a00686f9b
000104090004060f000b0d1b00121428
0050577800383d56001a1f2e00040810
0096a5c9008796b9007582a600646d91
00b1bbda00adb7d900a7b3d700a1add2
00aab4d400b0bbd700b3bed900b4bfda
008898b900889cbe008d9cc1009eabcc
000c1015000b101400181e2d0056607d
000d1014000e1115000e1115000d1015
00101317000e1115000d1014000d1014
0015191a00131718001418190014171b
001f252900181c1d00181c1d001a1e1f
00acb8c200a8b4be00a1aeb60058646b
00aebac600aebac600aebac400adb9c3
00b1c0c900b3c0ca00b1bdc700b1bdc8
00b6c1c900b3c0ca00a6b5c100a9b9c5
0031333500292b2c0027292b0027292a
00323437003a3c3f003c3d400037393b
00252629002a2c2f002e3034002c2f33
002b2c31002e2f34002e30340028292d
0025282c002225290023262b00262a2e
0036363b0034333800303136002c2d32
002022260020212600282a2e00313236
002e2e350030303600333438002a2c30
0028292f00282b2e002b2e2f002f3035
002c324200262a300027282d0027262e
001c2a5000202e580024345e002d3b60
001e2b4d0023305100222f52001b284c
006b74a100616a9600515b85002d3960
007578a5005b628f005f689500636e9b
008c96b9007f88ac007c80a7007f7fa9
005a5e92006f71a3008687b3009397be
0005081100191e3300363a5e004a4e7d
00070508000606070002050600010407
0010152400080c160006070d00070709
006a75a500525e88003a4565001f283e
00a7b2d300a1aad10099a3cd00848ebc
00a6b1d100acb8d400afbad600aebad7
008b9ebd00879bbd008b9abf009ba8c9
00181b20001b2026002c334500717c9a
001b1e22001a1d2100191c2000181b1f
00181b1f00171a1e00181b1f001b1e22
00181c1d00171b1c00171b1d0016191c
00252b2f00171b1c00161a1b00191c1d
00abb7c100a8b4be00a2afb700657178
00b0bcc800aebac600adb9c300acb8c2
00b1c0c900b4c0ca00b2bec800b1bdc9
00b5c1c900b4c0ca00a7b6c200a9b9c4
0027282c002627290023252900212528
002b2d32002e3136002c2f3400292c30
00232327002122250023262b0025292f
0023252b0023252b0025282d00232529
0024262d0023252c0021242a0022252a
0024252c0024252c0023252c0024262d
0020242c0022252e0026282f0025272c
0020243a0021263700252b3500232831
001b2240001d243f001d243a001d2337
00222c47001b253b001a223c001b223e
001b274c00222f58002937620032416a
00444f760024305300202d51001e2b4e
00969fce00939dcb008b95c3007580ab
007c7fb1007e83b5008e96c500949ecc
008e96ba00838bac008689ae008281ad
0041477b005c629600797eac008a91b9
000406080004071200141730002c3158
000c0b0f000b0c0e00070b0a00060908
00070a11000c0f14000d1014000a0c0f
00858eb400646d8c002e344900080c19
00a6afd000a6aed300a3acd10099a2c8
00a3afce00a6b2d000a8b4d000a9b4d2
008ca1be00889bbb008d99bf009ba5c8
0027292b002a2e3800454d66008290af
001e212500202125001f202400232528
001e2224001f2224001e2125001e2125
001a1e1f00161b1e001c2124001f2327
00363d41002d30330024272800212425
00aab6c000a9b5bf00a2b0b9007b8890
00b1bdc900b0bcc800aebac500abb7c2
00b1bfcb00b4c0ca00b3bfc900b3bfc9
00b6c1c900b4c0ca00a8b6c200a8b8c4
0027272d0025272c0022262900202526
00272c3100272b2f00262b2d0026282d
0023262b0023272c0023272d00262a31
0025252d0023242c0022252b0022252a
0024252e002626300027252f0026242d
001a2232001d232e0021242b0024262c
0022305800212b4e001f2943001b2438
0023398500263c7f00263b7200253766
001b379a001e3995001e398c001e3786
00273e7e00213884001c358f001c3598
001826490023305b0029396a0031467f
007a86b3003a476d001e2b4e001f2e4d
009da4d40099a1cf00969ecb00919bc7
00767bab007a80b0009499c9009ba1d2
00777ea8008287af008589b2007f83af
00282d56003e437600575e94006a73a2
00090b0f0004060f0003061600111631
0015161c0013151b000e1216000b0f12
00181a23001b1e2400161a1f0013151a
008993b2005b617c0023273900121420
00adb7d700aab3d5009ea6c900959ebf
00a1adcc00a5b1cd00a8b4d000acb7d4
008da1bf008a9bbb008f9bbf0099a4c6
001d1e20001f2432005b6581008b9cbb
001a1d20001b1c20001b1d20001c1d1f
001b2021001a1e1f001a1d2000191d20
0015191b00111618001a1f22001f2326
0040484c002d313400222526001d1f20
00aab6c000a9b5bf00a3b2bb008c99a1
00afbbc700afbbc700aebac500acb8c2
00b0beca00b3bfc900b2bec800b0bcc6
00b6c0c800b3c0c900a7b5c000a7b6c3
0025282c0025272c0025262900242526
0027293200272a3000262b2d00262a2c
0025282b00282a2f0025282d0026292f
0024272e0024272d0023262b0022262a
001d242f001f242d0022262e0023262e
00294381001f3464001a2b4a001b2639
002c56c6003359c1003156b300284b9b
002046bf00274fc5002954c8002a55c8
000b2aac000c2cad000f31b000163ab7
003052b0002346b0001434ab000d2cab
001626480025325f002c407900304c97
007e8bbe004e5a8100232e4f00182745
009da2d2009ba1d000949dcb008c97c6
00737aa8007d83b200979bcb009ea2d2
00555c8b007c81ad008289b3007b84ae
000b0f24001a1f4400252e6000333c70
000f1118000a0c140005081100030714
0023232a001f202900191b240014161e
002c2e3800282a340020232b00202328
0068708e00343a52002a2d3e00272935
00acb6d600a2abcd00949dbf008890b1
00a2b0cc00a8b4cf00abb8d300aeb9d6
008e9ebf00909dbe00919ebf0098a7c6
001b1c20002a3042007986a30090a2c2
00181c1d00181c1d00181b1d00191c1d
00191c1f00181b1f00171a1e00181c1d
001317180011161700161b1e001a1d21
003a4246001d212400191b1e00181a1b
00abb7c100a9b5bf00a5b3bd00909da5
00afbbc700aebac600adb9c300abb7c1
00b0bec900b2bec800b0bcc600aebac5
00b6c0c800b3c0c900a5b3bf00a5b5c1
0024292c0022282a0022262900222528
00252a2c00272a2c00262a2d0026292d
001e25260022292c0023282c0025292e
00222332002526300025282e00222729
00294078001e2c51001a243c001c2234
003765df003764d500365fc2002f519f
002153dd002456df002a5ce2003162e4
000c30bb00153ec8001d4bd3002051da
000e2fb2000a28b2000a25b2000926b3
002a52be002751c200234bc100173cb7
00132147001b2758002b4180003051a6
006978ab00424d71001c244200121e3e
009499c9008e95c9008691c5007b87bd
005f649600868aba00989eca009a9fcb
00444a7e0068709f007881ae0067719e
000305100004091e0010183d00242b5d
00191b2000131319000c0e1500080a12
002e2c33002b2a310025252c001f2027
00393b460030323c00292b35002a2b33
00454a67003d4158003b3e4f003b3c4a
00aab3d500a1a9cc00939bbe007980a1
00a6b3cf00abb8d200aebbd600afbad8
008f9cc00098a2c50099a8c6009daecb
001b1d2500444d63008898b6008ea0c1
00171b1c00171b1c00171b1c00181c1e
00191c2000171a1e00171a1d00161a1c
0015191a0014191a00161a1d00191c20
0030383c00171b1f00181a1e00181a1b
00aab6c000a8b4be00a6b3bc00839098
00aebac600adb9c500acb8c200abb7c1
00afbdc900b1bdc700b0bcc600aebac6
00b6c0c800b4c0ca00a7b5c100a7b7c4
0023292b002229290022272b0022242d
00242b2f00252930002628310025282f
001f232900242a2f0023282d0023292e
001f2c4f001d253c002126350022252d
003a6be2003c66ca003352a100273d77
002c5eec002e61ec003064eb00366beb
001c4edc001b50dd001e54df002458e4
000827b7000c30c0001842d0001c4bda
001e49c700153ac000102fba000a27b4
002755c4002254c8002455c9002253ca
00121d4900202b6000354b8c003558b1
004453800029335300161c3a0010193d
008187bc00757db6006772ab0058669c
007275ab00888cbd008e94c0008a90be
0031376d0048518700586195005d6498
0006071300020414000c0f2c001e2350
002a2a2b001f1f2500171621000e0d1a
00333035003633350037353500343231
00393b460031333d002e2f3800303037
00464a65004a4d62004546560042434f
00a4adcf009aa1c600848aaf00595f7f
00a9b5d100acb7d300abb7d300a9b3d2
00929fc1009ea8c9009faeca00a2b2cd
001f233200626c88008d9fbe00899dbc
00171b1c00171b1d00181b1f00181b21
00181b1f00171a1e00171a1c00171b1c
00171b1c0015191b00161a1d00191c20
002c333900181c2000181b1e00181a1c
00a9b5bf00a7b3bd00a4b1ba007b878f
00acb9c500acb8c400acb8c300aab6c0
00b1bfcb00b1bdc800afbbc600aebac6
00b7c0c900b4c0cb00a9b6c300a9b9c6
0022282d0023292b0025262b0027232b
0026293200282933002727310025272f
001b2841001d2739001e263400212632
003b69c5002f539f002b447c00203157
003369f300396ff0003e75ec003e73e0
00275eea002a62ee002c65f3002f67f5
001447d800164ada001c51e1002457e8
001231c2000e2fc100173fd0001745d7
002958d0002655d1001d49cd00153dc7
002656c8002255ce002556cf002758cf
00131c4d0028346f003c539700385ab4
001f2c510021294600151b3b000e163d
00636ca400535d95003f4c7f00283664
006c71a300747aab00737aac006d75aa
0018204d00283065003d447a00575d8f
00070a190002041700050922000b1133
003534340025272f001a1a2b00121225
003a36360045403d0049443d00423f38
003536400031323b0030303600343135
004f526900484a5c00434451003c3e48
00949cbe007b81a5004f5477003e4361
00abb5d100acb6d200aab5d100a3adcb
0096a4c3009fa9c900a0adca00a4b3cd
002d3549007d8aa8008d9fbf00899cba
00171b1c00181c1e00181b2000171a22
00181b1f00171a1e00161a1c00171b1c
00181c1d00161a1c00171a1e00191c20
00333b4100191d2200191c1f00191b1c
00a8b4be00a6b2bc00a5b1bb00838f98
00abb8c500aab7c400abb7c400a9b5c1
00b1bfcb00b0bdc700afbbc500adbac6
00b7c0c900b5c1cb00a9b7c400a8b8c5
0024272f0022262e0023262b00242527
00212e4a0020293b002328320025282f
003865bf002f539e00314a8300263660
003776f2003d78ee003e76e3003d70d5
002c67f3002f6af300326ef4003472f4
00275ceb002861ef002963f3002a65f3
001c49dd001d4de0002052e5002457ea
001f4cd4001743d0001845d5001946d9
00275cd400275dd600255bd8002256d7
002959ca002458d0002558d200265ad3
00172455002e3d7d004157a1003e5db8
0019224300171f3d0010193a00101b41
00434e8000424e7900343f66001a2348
005b6593005f689c005a629a00515a92
00131b4200282f5d0040477700515b88
00090f24000b112900101733000e1636
003434360025283400191f330011172d
003f3b39004d4741004e473f0045403b
0030323a002f2f3400312f3200363233
004d516400444755003e404a0035373f
008189a900606787003b405e00484c66
00afb8d300afb8d200a6b0cb0097a1be
0099a9c5009eaac900a3aecc00a9b6d0
00505c74008c9bba008a9bbc008d9ebd
00161b1c00171b1f00171b20001a1f29
00181b1f00171a1e00161a1c00171b1c
00181c1d00171b1c00171b1d00191c20
003b434900191d2200191b1f00191b1c
00a7b3bf00a6b2bc00a4b0ba008f9ba4
00aab7c500a9b6c400aab5c300a9b5c2
00b0becb00b1bdc900b0bcc600adbac6
00b7c0c900b5c1cb00a9b7c400a7b7c4
002526310026242e0024252d0022252a
003e68bc003052920020385d001f293c
003c78f3003e79ef004278e4004374d6
003270f5003774f5003b77f5003b77f4
002a65f2002b66f3002e68f400306cf4
00245bea00275fed002a62ee002a65f0
001c4fe2001c50e2001e52e3002257e7
002860e000255ce1002055e1001c4fe1
00275cda00285edc00295edd00285fdf
002a58cf002559d5002659d600265bd8
001d2c5e003a4c8d00455da9003e5cba
0020274600111b39000c163800162248
00273457003e4b660037415d002a2f50
004f5c8b004d588e00464f8900374273
001e224e002e335f003e487400465481
00131b39001a23430021294e00202750
002f2e35002025360017203800111c37
0045413d004b443e004b433d00413b39
002c2e34002d2c3000323030003c3736
004b4d5c003f414c0033353e002d3037
008189a5006d739100565c7600545a6f
00b0bad200adb6cf00a2acc500919ab5
009babc6009facc900a8b2d000aeb8d2
007b8aa7008fa1c0008999ba0093a3c1
00171a1e00171a1f00171a25002e3649
00171b1f0017191d00161a1b00171b1c
00181c1d00171b1c00181c1d00191c20
003f474d00181d2200181a1e00191b1c
00aab5c100a8b4c000a6b1bd0097a1aa
00aab7c500a9b7c400abb6c300abb6c2
00afbdc900b0bdc800afbbc600adb9c6
00b7c1c900b4c0cb00a9b6c300a6b5c2
00233258002126360024262e0021252a
004179ef004279e8003d6fce00305295
003877f8003879f6003a7af4003d7af3
002f6cf2003370f4003573f6003776f7
002d67f0002d67f1002e68f1002d6af1
00245be800255eea002962ed002c65ee
001e53e2001d51e0001e52e2002156e6
002a63e5002b63e8002960e800245ae5
00275edb002960dc002a60df002861e5
002856cf00255ad800285bd800285cda
00232f660040539000455fa6003b59b8
001d274500121d39000e193900121d47
0029334c003e495d0039435b00222b49
00424e7e00454e80003f467600343c60
0031366400313865003c467200404d7a
00222d53002a345a00353d64003a416b
00222732001a1f38001c2346001a2548
00504941004a423c00413c3700353536
002b2b3200302e30003934330047403c
0042454c00363840002a2d3600292a34
00777f9a00606783005b6178004f5462
00aeb8ce00a9b1c900a0a7c0008f96af
009dabc800a4afcb00abb4cf00afb8d1
008a9dbe008ea0be008d9ebd0095a4c4
00161a1e00181a23001c224100556891
00171c1f001a191f00161a1d00161a1d
00181b1c00171a1b00181c1e00181d20
00454e5200191e2300171b2000181a1e
00abb5c100a8b4c300a8b3c000a0aab3
00aab8c700a9b7c400acb7c200acb6c0
00adbcc800afbdc700afbcc600aebac6
00b6c1ca00b5c1cc00a9b6c400a5b3c1
00426eca002f4b87001c2e4e0018263b
003b7bf7003d7bf6003e7bf400427aed
003576f8003778f8003a7af8003b7bf8
002e6af2002f6cf300306ff6003373f7
002e68f0002e69f2002d69f1002c69f1
00245ae700265fea002962ee002c65f0
00255ce7002156e3001e52e1002055e4
002b64e7002b65e8002a63e8002960e9
002860dd002a62dd002a62e0002962e6
00234fcd002359d800285cda002a5edc
002e3a7500435896004761a8003a57b7
001e2848001e274700101b3d00111c4c
001d243d00333b5200313b54001b2642
00404a78004c567c003b4564002b334e
00444d770038436d00384472003a4676
00343f660039436b00444c76004a527c
001e28420019224a00252c5500283259
004f4a42004a443b003e3b3800383f4a
002c2b310034313200413c38004f4843
003b3e43002c2f350027293200292932
00707691006168810054596d00424652
00aeb7cc00a9afc6009da2bb00888da7
009daac700a4b0cb00adb7cf00b0b8d0
008b9fbf008b9cb90090a1be0096a5c3
00151a2100121f3e003a519100738ebf
00181c1e00191a2100141a2000151a20
001b1b1c00171a1a00161b1d00171d21
00474f54001b1e22001a1b1f001a1a1d
00a5b4bf00a7b4bf00a6b5be009faeb5
00adb8c700acb6c600abb5c500a7b5c2
00acbbc800afbdc800b0bcc600aebac6
00b6c0ca00b5c1cc00aab7c500a5b3c0
00437ff500457eea003b6bc800315aaa
003b7bf9003c7df9003e7df900407ef7
003372f8003575fa003878fa003a79fa
002e69f3002e6af4002e6cf600306ff6
002c67f2002d69f3002b69f1002c69f2
002057e400265eeb002a62ee002b64f1
002a61ea00285fea00245ae7001d54e1
002b65e6002c66e8002b64e9002b63ea
002860e0002962e1002a63e2002964e5
00224ccb00235adb00265edc002a5fde
003d4c8c004c61a2004e67ae003e58b7
001f2848001f284a001a244c001b265c
0020263f00272d4b00293350001f2b46
004e577d00626b86004f596b00363f51
0045537b00414f78003d4a77003e4a77
00404a740046507a004a557e0048557d
0026366400212e61002e38630035406a
004b483f00444239004244470048566f
00302f31003b3835004b453f00524c44
0032353a0026293000272731002a2a30
006c728c005b617400434754003d3f48
00aeb5cb00a6acc100969cb3008187a1
00a3aecb00a9b3ce00adb7cf00b0b8cf
008d9fbd0090a0bd0096a5c2009caac6
00142346002e4991005679c8007e98c4
00161924001117270010182d00101d33
00191c1c00171a1c00171a2000181b24
00484e52001a1e2100191c1f00191b1d
00a4b5bd00a6b3bc00a8b4bc00a2aeb4
00acb9c600a9b7c500a8b6c400a4b6c0
00abbac700aebcc800afbcc600adb9c5
00b5bfc900b4c0cc00aab7c500a5b2c0
003e7ffb003f7ffb004281f9004481f3
003978fc003a7afc003d7cfb003e7efb
00306ef7003371f9003574fa003877fc
002e69f4002d6bf5002f6df7002f6df6
002b66f2002b68f3002b69f3002c6af4
002159e600235be9002860ed002963ef
002a63ea002962eb002962ec00255de9
002c66e6002c66e8002c65e8002b64e9
002860e3002963e3002c65e3002b66e3
002147c7002358dc00255edf00295fe0
00455796004f64a6005067ae00425bb4
001d2546001c2549001e2a56002c3a72
00242942001e24450026304f001c2744
004c5371005b627800535c6b00474e5e
0042517b00424f790045517a00495479
0047537f00495882004958800045557e
001d2f6a002a396e0035456e00424e79
0047433c003e403d004c586500384a70
003734330045413b00514c4300504b42
00292d320025272f00292830002e2c30
00666d8300454c5a00383d4400373a40
00a6acc3009ca3b8008b93a900798099
00a6b1cd00abb4cf00aab2cb00a9b1c8
0092a2bf0097a5c20099a6c3009eaac6
002f5dba00406ed7005e81cf00879ac3
0019274e002138710027458e002851a4
00171b22001219250010192a00151f38
00444c5400171c2200171a2000181b20
00abb2c100a8b3be00a7b3bf009da8b5
00acb9c500a8b8c200a9b6c300abb4c4
00aab9c600afbdc900aebbc700adb9c6
00b3bec700b5c0cb00abb7c500a3b1be
003e7dfe00417efc004180fb003f81fb
003676fc00397afc003b7cfd003b7dfe
002e6df700306ff7003271f9003473fa
002e6af4002e6bf5002d6bf5002e6cf6
002964f0002966f1002a67f3002b69f4
002860ed00265fec00265eeb002761ed
002b65eb002b65ec002a64eb002862eb
002d68e6002d67e8002d67e9002b66ea
002861e3002963e4002a65e4002c67e4
001f42be002355db00255ee1002860e2
004c5f9d005368a8005268ac00475fb3
00161e41001e284e00263362003a4a82
002c314c00232b480029325000182242
0051577200545a6f00575d6f004e5468
00414e7900454f77004e577900545c79
004b5c8500485a83004556800043527d
002d3d76003c4e79003f5177004a5b82
00433f3c00424b52005065810025376a
00413c37004e494100534e43004e473f
0024272d0026272e002b2a2e00353131
005057690031384000363c3e00303337
009ba1b800919bae00838ea100717a90
00a7b1cb00aab3cc00a7afc600a0a7be
0097a5c2009ba8c5009ba8c400a0abc7
003270e8003e74df006885c6008b9bbe
003b6dd6003b73e0003e73e8003871eb
0016264d001d356b002a489000355db5
003f4b6000111c3200131d340016223d
00abb3c200a6b4bf00a5b5be0099a6b2
00acb9c700aab8c400abb6c200acb4c3
00acbcc900afbeca00afbcc800aebac7
00b3bdc600b5c0cb00adb8c500a4b1bf
003d7bff003c7dff003b80fd003c82fa
003474fa003575fb003878fd003c79fe
002e6df7002f6ef6003170f8003272f9
002d69f4002d6af5002d6bf5002d6bf5
002762ee002863ef002a66f2002a67f3
002a63ed002a65f0002964ef002661ed
002d68ed002c67ed002b66ec002a64eb
002c67e5002d68e8002e68e9002c67ea
002963e3002964e4002a65e5002c67e5
001c3bb2002352d700255de2002960e4
005366a200556aa7005569ab004c61b0
00172046001c2750002f3c6e004b5b95
002f36510027304c00242e4c00172143
004b516c005f657e004c526b003a3f59
00465177004c56750049526e00515973
004b5e840045578100404f7c003e4a76
00475683004b5e8100475a80004c5f84
003e3f43004f60770038517d0022346f
004b453d00544e4400514a410047413c
0023262b0028282d00302e30003d3835
00363c47003035390034393a00272a2d
009199b0008993a8007c879b00626b7c
00aab4cc00aab2ca00a5adc3009ba3b9
0097a7c4009ca9c6009da9c500a2adc8
003972ea004a79d7007391c1008c9fbf
003573f8003374f4003471f3003672f1
00396cda003970e5003a74f0003773f5
004668a7002d519f003259b3003865c9
00a8b4c300a5b5c2009bb2c70083a1c7
00abb9c600aab9c200aab8c100a9b5c3
00acbcc900afbeca00afbdc900adbbc7
00b2bcc500b4bec900abb7c400a4b2bf
003879ff00387bff003a7dff003c7ffe
003272fb003474fb003576fb003677fc
002e6cf7002e6df800306ff9003170fa
002a67f3002a67f3002c69f5002d6bf7
002964f0002863ef002a64f2002a65f3
002a65ed002a66ee002c68f1002b66f1
002e69ee002e68ee002c67ec002b66ec
002e68e7002e68e8002f69ea002e69ec
002a64e4002966e4002b66e6002d67e8
001a36a700204ed200245be3002b60e6
00586ba4005a6daa00576aab004c60ab
0017204a001a265300324074004e5d97
002d355100262e4d00283153001c2549
004d567000535b770041486400373e58
004b5575004d5773004c5571004a536e
0046598000394a720035426a003b4569
0055648b0050608500495b84004a5d84
00434e5b004c6189002238740031437c
00544d4300544d43004b453e003f3d3b
0024262b002c2b2e003833340048413c
002a2e320037373a0030313200242629
00919aaf00838da400717a8e00454c58
00a6b0c800a5adc400a0a9bd0098a2b6
0099a7c4009aa8c4009da9c500a2adc8
003a72ed00567dd2007e97be0092a3bf
002e6bf6002e6af400306df4003373f4
002a67f3002967f3002a67f4002d69f6
003c79f2003875f600326ff5002c69f3
00a6b3c50092a9cd006890d6004980e8
00acb8c700aab8c300a9b9c000a9b6c1
00adbdca00afbfcb00aebcc800acbac7
00b1bac300b4bec900abb7c400a4b1bf
003677fe003879ff00397afe00397cff
003170fa003272fa003374fc003375fd
002e6bf7002f6df900306efa00306ff9
002865f3002966f4002b68f6002d6af7
002e6af4002c67f3002963f0002963f1
002b67ed002a67ed002b67ef002d69f2
002f6aee002e69ee002d68ed002c68ed
002f69e9002f6aea00306bec00306bed
002c65e5002a66e4002b67e7002e68e9
001d36a0001c47cb002459e4002b60e8
005b6ea6005d6fac00596bab004f61a9
001b25540024316200414f87005665a0
00252d4c00313a5900222c4d00192348
00424d67005a647d003a425c00313955
004a5470004c5471004e587500535d7a
00323f6800212d52002f3a5a003d4764
0056678d004e5e8600485b8400445581
0051637a0034487e0024367900455687
0059504700524a400045403b003e4144
0029292b00312e2f00403b3900514a43
00302f30003f3a3b00333032002a2a2b
008b95ab007c849b005b6174002d3038
00a2acc300a1a9c0009aa4b800949fb3
0097a5c2009aa8c5009ca8c3009faac3
003c6feb00647fcc008798be0091a1bc
002761ef002a5fe700346ce8003572f3
002460f100225ff0002360f0002663f2
003272f9003272fd002c6bfb002763f4
0093aece00658ad8004174e5003471f0
00abb8c700abb6c700abb7c200a6b7bf
00adbbc800b1bfcc00afbdc900acb9c6
00b1bac300b4bec900abb7c400a2afbd
003374fe003677ff003879ff00397bff
00306ffa003071fb003172fc003273fe
00306af700306cf8002e6cf8002d6df8
002865f2002966f4002a67f5002d68f7
002e6af2002f6cf5002d6af4002a67f2
002c68ee002c69ef002c69ef002d6af1
00306bee002f6aee002e69ee002c68ee
00306aeb00316bec002f6cec002f6bed
002d63ea002c66e7002b68e7002c68ea
001f349000183ec6002457e3002a60e9
005d70a9005e71ac005a6da9005263a5
002735660039487d004a5b9300586aa3
002d345300323b5a00212c4d001d2a51
0047506c005f6682003c415e002a2f4e
00444d6c0048516f00545e7b00555f7c
00161e3f001b2444002e3758003c4666
0058678c004c61860043577d002c375e
00455a8600233675003644810056618c
00574e44004e453c003e3d3b00465162
00504a4a003f3a3600433d3800534d45
00453c3b00574e4b005f5855005c5856
007f8ba2006e75890048495500373437
009da8be009ba5bb00949fb4008d98ad
0093a2c10098a6c2009aa7c0009ca9bf
004971dc007189c1008c9cbd008fa0bf
00345dd600546fcb006d8ad9004f76e1
002764f600215df300255df1002c5fe7
002f6cf1002f6ef7003071fd002e6bfb
00769cd8004576df003771f1003373f2
00aab8c600abb5c800a9b4c8009ab0cb
00acb8c600b3bfcb00b2bcc900adb8c6
00b2bcc400b3bec900a9b6c300a1afbd
003273fe003374fe003676fe003879fe
002f6ef9003070fa003171fc003172fd
002f6af7002f6bf7002e6cf8002d6ef9
002d6af6002b68f4002a68f4002d6af6
002e6bf2002e6bf3002f6df500306ef7
002d6aef002d6af0002d6af0002e6bf1
00306cee002f6bef002d6aef002c69ef
00306aeb00316bec00306ded00306cee
002c65eb002e67e9002e68e9002f68eb
001f2c80001537b7002455df002860e8
005f72ab006072ac005a6ca7005161a1
00313f7300405085004e609600586aa2
00242c4b002731540026325b00273463
004a526f00545a7700343a5700262d4a
00394264003f486900525d7d00495373
0009102d00151c3b00283152003b4468
0057668d0049598000263357000e1737
002c427c00283b77004959880058678e
004a443b00444039003d424a004e5f7d
006f6a6800595251003f3a3500403b35
004d4543005e5653006e676400746f6c
00727c9200565d6d0044454d004a4647
0096a2b800919cb2008a95ab00808ba1
0096a1c10096a2be0099a6be0099a6bc
005675c4007f90bb00979fbf0096a1c1
004e518d006b638300787a98005a6fb3
00306dfc002f65f2003860d7003e57aa
002b68ed002963ec00306cf6003472fe
00467ce4003776ed003172f100306ff2
0099aed40092aad500809dd600638cdc
00a8b8c800abbcd100a4b8d1009db1d0
00afbbc300b1bdc800a8b6c200a0afbc
003172fd003273fd003574fe003777ff
002e6df7002f6efa003070fb003171fc
002e6bf7002e6bf7002f6cf8002e6cf8
00336ff900326ffa002c6cf5002d6bf5
002f6bf3002e6cf4002f6df500306ef6
002e6bf0002e6bf1002d6af0002e6bf2
00316def00306cef002e6cef002e6bf0
00306aec00316bec00306ded00306ded
002a64ea002e67ea002f68ea003069ed
00212b77001733a9002554da002660e7
006173ac006072ac005b6da80052609d
00425085004f60930058689e005d6fa6
00242e5000212c540026326300364378
003e4563003f456300373d5b002b3452
00323a5e003d4668004b5578004c5679
000a102c001017370029325400394265
00506085002f385b000e143200060e28
00213877003a4c7d005466890055698b
0034322a00383b3a00465368003e5581
0067626000554f5000403c39002e2c27
0045403d004e4946005d585500686361
0059607400363b48003b3d4300464445
008f9bb3008793ab00808aa200747d95
0098a3c00096a2bd0096a2ba0094a1b7
005b73af008895b7009ca6c2009aa6c3
0073667500756974003e3a5a003c4f94
003a72f8004065d200404f8c0056556e
002b65ef002860e900295eed002e69f7
003576f6003173f5003070f4002e6bf4
005186ea004d84ef00467ef1003d79f4
0093acd30083a6dc006e9ae0005c8ee3
00a9b7c900adbbd000a3b3ca0095a8c5
003172fd003273fe003574fe003676ff
002e6cf8002f6df9002f6efa003070fb
002e6df7002e6cf7002f6cf8002f6df9
00336ff7003371f9003272fa00306ff9
002e6cf4002f6df500306ef600306ef6
002e6cf0002f6cf2002f6cf2002f6cf2
00316def002f6def002f6def002f6df1
00316bed00306bed00306ded00316dee
002b63eb002e67ed003069ec00316aee
00222b7200152d9700224fd200265ee6
006273ab006273ac005b6ba500515e99
00505f930058699c005c6ca1006072a7
002f3b6400303d6b003643770044528a
00444c6d003b4263002c345800283257
0031395b002f375a00444d72004c567b
000f132f00171c3a002c3354002e3658
003c4c6d00171e3d0011123100090c29
002b3d7a004958830057668900546689
0026252100373f48004c5e8300283e79
00403c3a00423e3d0034313100282624
00201d1c001e1a1900221e1d002f2b2a
00373b4b0022242e002d2f33002c2c2b
008994ae007e89a400727d9800626b84
009ea9c3009ba6bf0096a3ba00909cb4
006678ae0097a0c000a3aec900a0aec7
00887d7d006b6a7b002f3975003d5bb4
00416cd90054609a0073687a006d5b58
002c67f0002760ea002459ea00285fea
003371fa00316ef6002f6cf4002e6bf3
003a7bf9003776fd003472fe003371fd
005086e6004782ee003e7df3003a7cf8
00819ed5007f9fdd006e96de005a89de
003071fc003272fd003473ff003675ff
00306df900306df9002f6efa00306ffb
003473fc00316efa002f6cf800316efa
00326ff7003372f9003474fc003574fc
002f6df4002f6df500306ef600316ff7
00306ef200316ef300316ef400306df3
00316ef0002f6def00306ef000306ef1
002f6cee00316cef00316def00316def
002a60eb002f66ee002e6aed002d6bed
00232c6c00122383001d46ca002054e0
006475ac006372ab005d6ba500505d96
00556498005c6d9f005e6fa2006274a8
0038457500404f8000455588004e5e92
00394266002c355c002a335e00313b6a
00282f4e00262e4f00343c6000424b70
00121533002026440029304e002b3352
002c39590019204100101236000e1031
003d4a7e00515c8500586288004a557b
00191a1a00364053003a4d7f00243778
001513100023201e00252424001c1b1c
00151413001816150015131200130f0e
001d1f2d0013151b0016181a00121312
00848faa0076819d0066718d004f576f
00a4afc600a0acc20098a5bb008f9bb4
007482ae00a0a8c800a6b0cb00a5b3c8
00543f3e003c3d58003853a4004665b9
00586cad00948da0008c70730066463f
002864ee002862ef00295eea003661d8
00306efc002d69f7002966f3002865f1
003575fe003273fe002e71ff002e70ff
003b7dfd003a7bfe003978fe003777fe
004984f2004581f4003e7ff7003b7efa
003171fc003373fe003573ff003574ff
00316efa00316ffb00316ffb00306ffb
003571fb002f6af6002f6cf800306df9
003270f8003372f9003473fb003673fd
002f6ef400316ff600316ff700316ff8
00316ff300316ff3003270f400306ef4
00316ef000306ef000306ef000306ef1
00306cf100316df100316def00326ef0
002559e5002a5fe9002d68ed002c6bef
00262f680012227700254dce002759e6
006575aa006372a7005e6ca300515d94
0056659900596a9d005d6ea1006373a7
004350840048578a004b5c8d00516093
003b456e00323c6900394475003d497e
0020274700202749002a325700434c73
00121838001a214100202748001e2547
001a2446001c264a00141c4100121839
004a557f00525e83004e5a7f00263054
00100f1300111a2f00202f670031417c
00161513001511120013141200131215
00242221001e1c1c001d1b1a001b1918
0015162100090a0e000e0e0e001d1d1c
00828da900727c9a00646f8b00484f66
00a9b2c800a2adc20096a3b9008e99b3
008490b000a3adc500a9b4ca00aab6cb
004f3536002d2a48003c5097004d5f99
00a8a9bf00b2a3a400815e56006a453b
002560f1002a5eee003763e0005c72bd
00336ffe002f6bfb002967f6002564f3
003474fe003374fe003174fd003272fe
00377aff003779ff003676ff003475ff
003e80fd003c7ffe00397eff00387cff
003271fb003272fd003473ff003573ff
00316efa00326ffb00316ffb003271fc
00275eeb00255dea00306df900306efa
003271fb003373fc003673fd003871fc
003170f6003270f7003270f8003270f9
003270f4003270f4003371f500316ff5
003270f2003270f200316ff200316ff3
00306bf100326df200326df200336ef1
00295fea00285ce800275ee6002c66ed
00343a6a0018287000234bc500285ce7
006575a8006371a6005f6ca100535d91
005464970057689b005e6fa2006374a7
0047578b004b598d004f5d9100516094
0035416f00384474003e4b7f00435286
001d254a00242b51002c345c0039436f
00171f46001b234b001e264e00171f45
0017204b00111b460017234b001a244a
004d5b80004c59820034416d00141e49
000e0c10000910250024316300424e7d
001d1c1b001a1717000e110d000e0e11
004e4b4a003c393900292726001e1f1d
001517200009090b00121111003c3938
007d87a400707a980067708d004b5269
00a8b1c700a0abbf0094a0b7008995af
00969fbc00a9b2c700b1b8ca00afb5cd
00483739001f1927002d3051006b7194
00c0b4b7008d736c007e5c4e00714d43
002863f3003462e600546ec9008f92b1
003271fe003070fa002f6cf7002b67f6
003574ff003575fc003475fb003272fd
003579fe003679fe003476fe003375fe
003a7eff00387eff00377dff00367bff
003372fc003171fc003472fe003573ff
003270fc00326ffb003170fb003372fc
00164bd8002b62ef00336ffb003170fc
003171fb003372fc003671fd002e66f2
003270f7003270f8003371f9003272f9
003371f4003371f4003371f5003170f6
00326ff2003270f2003270f4003371f5
002a63ea00316cf100326df200336ef3
002961ec002f62ee002e62eb00285fe7
0053577f00253472001f48bc00265ee5
006474a7006371a500606da100586192
0059699d005b6c9f006071a4006374a7
004b5b8d004d5b8f00525f960056639b
00394676003d4b7c00414f830047588a
001e254f002a315b00323a6700333e6d
001c26530020295600242e5b001c2550
001a20590018205400192555001e295a
00495882003d4a8000222d670019225b
000e0a0d000d122500313c65004b567c
00272626001e1a1b000d100d000c0c0d
0045403f0058555500504e4d00353634
001d1f280009090a0012100f002b2726
0075809d006c76940067708d00575d73
00a5aec3009ca7bb00919db400838ea8
00a2aac300acb5cb00afb8cb00aeb5cc
00342224001c171f004a516600868faa
00886f700077544c00714d400064403c
002966ee004670de007b8abf008e8b96
003172fd002f72f8002f6ff8002c69f8
003574fe003575fa003674fa003472fc
003678fc003677fc003477fc003375fd
003a7dff00387cff00377bff00367afe
00538092008a917900ab9e6700b1a464
0048a0c2004995c100438cb7003b80a8
0066b9d60062b5d40059b1d0004ea9c9
00299cc40035a5c9004cb2d3005eb9d7
00147ab7002788be003396c600309cc6
000b69b3000b6bb2000c6db600096fb5
00091835000d3361001760a0000d67b1
0007162d000a142d000a152f0009152e
00163e66000b2246000f1d3d000a1c38
000a244b001a3963001f4e790012426e
000e1a3500091732000b224800071f45
000a1c3d000a1f4400071e44000d2240
0011264b00081328000c1629000a1a3a
000f2350000c2048000a1e420010234d
000c2951000e2955000f254e000b2049
000e2955000e2a580009274e000b2244
00113568001234680012346500113561
000f3162000d2e5d00102d5c000c295b
003674a7002a6499001641760012386a
003373a6001e568600194776001e5081
0015345f0013345d001f4e7a003773a7
001b38680012305f0014326100183666
00859bb500445c7c0020396300122d5c
00aac0d600aac1d500a8c0d400a5bdd2
00acc2d400aac2d600aac2d600aac2d6
00aec4d600adc3d500adc3d500acc2d4
00b0c7d600afc6d600afc6d600aec5d5
00b9cdd800b8cbd800b4c9d600b1c8d7
00b3c9d500b4cad600b6ccd800b9cdd8
00b3c8d700b3c8d700b3c8d700b3c9d5
00b0c7d600b1c8d700b3c8d700b3c8d7
00b1c5d600b1c7d700afc6d500aec5d4
0054818f008b917600a89d6600afa362
004aa2c6004a97c400448db9003b81a8
0068bbda0064b7d7005cb4d40051accd
002998c30039a5cb0050b4d50061bbda
001178b5001f84ba002d8dbf002a91bf
000a65ae000b68b0000d6bb2000d6fb3
0006133000041a40000d3d71001260a2
0009162f000c142c000a142c0008152c
0010345a000f264a000a1837000d1e3a
000c264a000f2c54001f4872001a446f
000e142d000b183100102a4d00092346
000b2146000a2046000b1e41000d1c37
000a183500051426000a172e000d1e40
00102854000a1e47000d224a0011264d
0013315b00102a56000c254d000b234c
001734620012325f0009254e000e294f
001641730011396c001a3f7000123562
000e306300102f6000103060000c3162
002b65970024588c00144277000f366a
002a6290001d4b790018447300306797
000c2750001738640034639400336a9c
00132e5b00112e5c00112d5b000c2751
004f6380002e436600162e580017315e
00abc0d600aac0d600a6bdd3008da3ba
00aac2d600aac2d600aac2d600aac2d6
00aec4d600adc3d500adc3d500adc3d5
00b0c7d600afc6d600afc6d600aec5d5
00bacdd900b8cbd800b4c9d600b1c8d6
00b4cad600b4cad600b6cbd800b9ccd9
00b3c8d700b3c8d700b3c8d700b3c9d5
00b1c8d700b1c8d700b2c8d700b3c8d7
00b3c7d800b1c6d700acc3d300afc6d5
0059848e008d937300a89e6500ada262
0048a0c6004897c500428dba003c83a8
0061b7d8005eb4d50058b1d3004faacd
002692be003da6cd0053b4d7005eb8d8
000e7ab8001684b9001d82b4001b82b4
000b5a9f000c64ac000d69af000c6eb1
000a152f000b153200041a3e000a3e71
000c1530000b132c000c142900091429
000d2b4f000e244600081836000c1935
000e2546000e284e0016335a00173963
000f1528000a1930000b2648000b2243
000d244b000c2043000c1b3700081529
000a13260007152600091b37000d2145
00142f580008204c000f2954000f2143
000f2d5c000d27530009244c00102a53
00123664000e305d000b2c570012335f
00204f8100143f7200153e6e00133968
0014376b0014376a00133c6d001f4e7f
002b6193002c5f92001744780010376c
00143b650011386500194a7900235a8b
0018315b002347770015407200184471
00122b55000e2852000d244c000e244a
00354768001e3157001c325b00142d58
00aac0d600a8bfd5008fa4bd00526682
00aac2d600aac2d600aac2d600aac2d6
00aec4d600adc3d500adc3d500adc3d5
00afc6d600afc6d600afc6d600aec5d5
00b9cdd800b7cbd700b4c9d600b0c7d6
00b4cad600b4cad600b7cbd800b9ccd9
00b3c8d700b2c7d600b3c8d600b3c9d5
00b0c7d600b0c7d600b0c7d600b1c8d7
00b0c4d600afc4d500adc4d400b0c7d6
005f858b0090947000a79e6400aba262
00439dc5004192c1003d8ab8003b82a6
0058b1d30054afd2004faccf0048a6ca
002894c10040a7cf0051b1d40057b3d4
001086c2001a96c9001b91c1001b87ba
000b427b000f5da4000c64ae000b6fb3
0009152a000c152c0008122d00051d44
000e17320009132c000c132a000c1328
00092142000d1f3f00071834000e1834
000b1e3e000d2547000a1e4200122c53
000c1726000a1c3500082248000d2043
00102244000c19340009162800071723
000c1424000d172d000d2142000d2346
00122c57000d2c5a00102c5600091530
000d2f5f000d2954000b244d0016315c
00133e6c000c325e00123a6600173a6a
002350820018437400154373001d4a79
001941760017447800255c8d00295f90
00336a9a002e5f8e001b487900144074
00102e55001e4571001f528200276192
00183361000f31620012346200102f54
000f2750000f254b000f234700152a4f
0026375b002d3e650020355e00132b54
00a8bfd60097aec700596d8a00344667
00aac2d600aac2d600a9c1d500a9c1d5
00aec4d600adc3d500acc2d400abc2d6
00afc6d600afc6d600afc6d600aec5d5
00b8ccd700b7cbd700b3c8d600b0c7d6
00b3c9d500b5cad600b7cbd800b9ccd9
00b2c7d600b2c7d600b3c8d700b3c8d7
00b0c6d500b0c7d600afc6d500b0c6d5
00abc1d300acc2d400acc3d400aec5d5
006486870092966d00a69f6400a9a263
003e9bc4003b90be003888b6003b81a3
0051afd2004eaed1004aabcf0044a5c9
0035a2cc0046acd30050b1d40052b1d2
00118ec7001ca5d50021a7d300279fcb
0006254d00104e8e000c61ab000770b4
00081426000b152b000b122d0008132e
000d17300008132c0008122b000a1329
000a1d3a000b1c39000a1933000f1933
000b1c3a000d2241000b1c3d000c1f42
0009182a000b213e00142e57000d2045
000a1830000a1527000c162200091822
000a142600101d39000f2142000b1d3c
000926530013336200091c40000a1226
00133969000f2c5700122c56001d3c68
001e4c7b001c487400224f7d00204578
0016417200204f7e0024598800265887
0026598b002f699a003371a1002e6495
00235988001f507d001f507e00235485
00112e5800143c6b002357890031699a
000f295600112b55000d2448000c2447
0012274d00112449000f244900112953
0039496e0030426700192e540011284f
00a0b8d100637a9500304563002a3d5f
00aac2d600aac2d600aac1d600a8c0d5
00adc4d600abc3d500abc3d500abc2d6
00afc6d600afc6d600aec5d500aec5d5
00b8cbd800b7cad700b3c8d600b0c7d6
00b3c9d500b5cad600b7cbd800b8cbd8
00b1c7d600afc6d500b0c6d500b2c7d6
00aec5d500afc6d500aec5d400afc6d5
00a5bdd100a8c0d200adc4d500afc6d6
006b89850094986b00a59f6400a7a265
003e9cc7003992bf003687b6003c82a3
0050b2d4004cb0d40048abd10044a6cc
003dacd3004bb2d70052b3d60053b3d5
00168fc6001da6d40024acd6002daad2
0006183400083064000f599d000c6fb1
00091427000b112a000c143000071329
000d19310007122b0007122c00061429
000c1a36000b1932000c1830000b152d
000c1d3a0010244000112242000a1b3a
000b1b3600112749001b355e000b2146
0008142500081425000c162500091626
000b162b000f2240000d1b3a0009152d
001a3e6b00142d570008132e000c1323
00183f6c0016345f0023487300123662
002455820028578200295987001f4c7c
00214f7d002d638f002a628f002b5f8e
003a76a400417dad00376fa000275787
00164674001c517d00235884003c73a1
000b2854001c4574002b5a8a001b4877
0011264d000f1e3d000e1e3d000f2549
0013274a0012264b00102951000c254f
002f3e6100273559001a2d5100162b4e
007f95b000364b6800293d5c00374869
00aac2d600a9c1d500a9c0d600a7bed5
00acc4d500abc3d500abc3d500aac2d6
00afc6d600afc6d600aec5d500aec5d5
00b8cbd800b7cad700b3c8d600b0c7d6
00b1c7d500b4c9d600b8cbd800b9ccd9
00b1c8d700b0c7d600b0c6d500b1c7d6
00acc2d300acc2d200aec5d500b0c7d6
00a6c1d500a4bed100a9c1d300aac1d2
00708b8300979a6a00a49f6400a5a065
003f9ec9003994c1003588b6003d83a2
0050b3d6004ab0d40047acd30044a6ce
0042b0d5004eb4d60054b6d70055b6d6
001f8cc20027a1ce002ba9d20033acd3
0007142c00081d42000c427700176fab
00091329000b1129000a142b0009162c
0013223b0009122d0009122a0007142a
000b1733000c172d000b162d000c172e
000a1937000d223e00172b4900061833
000e24490016305500142f5500092144
000812210008162e000a183200091a34
000d1b320011223e0009142e000a1225
001e436e000c1e3f000a1227000c1426
0011335c001d3f6a00204c7a0018416e
00255784002c5e8900346694002a5d8a
002e618c0020588100265d8a00316897
00427da900386d9b0023518100204e7b
001a4672002558850037719d004580ad
0014325f001f426d0012325d000e2f5b
000c1b3900101c3900132343000c2248
0013264b0012284e000e254a000f2346
002f3b5b002c3759002432540016284a
00475b78002c3e5d0035476600313f5f
00a9c1d500a9c0d600a8bfd50093a9c1
00abc3d500aac2d400aac2d400aac2d5
00afc6d600aec5d500aec4d600adc4d6
00b8cbd800b6cad700b3c8d700b0c7d7
00b2c8d600b3c8d500b8cbd800b9ccd9
00b0c7d600b1c8d700b0c7d600b1c8d7
00aec5d500afc4d400afc3d400afc5d5
009fbdd20097b4c700a0b9cd00abc2d4
00738c8100969a6a00a09f6800a1a06a
003e9ec9003794c0003387b6003f83a2
0050b4d60048afd30044aad10042a6ce
0046b2d5004eb5d50054b7d50055b7d7
002b8bc100349dcb0034a6d0003bacd4
0009142d000915300005274d00195f93
000a122a00091327000813260009152d
0011203a0008112c000c1228000b1328
000a1530000b172b000c132b000b162d
000c1a36000e203b0017304e00061730
000d2a5500122e55000e284a000d2241
0008132800112447000f234700102b4f
0009182c0009122a000a132a000b1627
00183a6000091830000b1223000a1527
001b4168003e6b97001f4778002d5987
001e507c002e638d00285b89001e4e79
002a5c8600164670002c5f8b002b628f
00376995001d487600133b690023517d
001c406b00275a87003a75a200356c99
00112e57000e2850000d264c00132f56
00101d3600122141000c2044000e254c
0013274f0010254b00102241000f1d35
00333c5b00323c5900293555001a294c
003242610037456500313d5d00323c5b
00a9c1d500a8c0d500a3bad000647992
00abc3d500aac2d400aac2d400aac2d6
00aec5d500aec4d600adc4d500adc3d5
00b7cbd800b6cad700b3c8d700b0c7d7
00b4c8d800b6c8d600b7cad700b7ccd8
00aec5d400b1c8d700b1c8d700b1c7d6
00adc3d500adc2d300adc1d200adc3d3
008eadc40093b2c7009fbacf00a8c1d4
00748d8100939e77009ca883009fa784
00399cc8003593be003086b5004381a1
0050b4d60048afd30041aad0003ca5ce
0046b3d6004bb5d6004fb6d70052b7d7
002c80b000379ecc0038a6d0003fadd5
000d162e0009122c00051935000b3860
000b1228000913270008132700091328
000d192f00071129000b1228000b1227
000a142b000a162b000b1228000b1529
000b1932000f1d37001428450009152c
000d2b52000d2952000d2649000b203c
000b1e3e0014345c00132e580013325c
0007102200081127000f1c3700081731
00132a4b00071125000d1123000a1325
002d618a002c5d8a00255281002c5785
00214f7e0028577e002b5e88001a4774
0012335f00103560002b5782001d4876
0018406b0012325e00193e690019426c
001b436b00234f7b00224e7c001c4775
00092044000f22450011264a0017375c
0012203d000e1f420013264d0010254c
0014244b00102143000d1e39000e1d37
00373d5a00353f5700273452001e2e53
003c4966003845630037405e003b4160
00aac1d500a9bfd4008499b1003f4f6b
00adc2d600acc1d600acc1d600aac1d5
00adc5d600acc4d600acc4d500acc3d4
00b5cbd800b4cad900b1c8d800b0c6d7
00b7c7d800b8c9d700b7cbd800b4cdd8
00a9c1d200abc4d400afc6d700b2c6d7
0096afc400a1b9cd00a7bfd100a7bed0
006987a300708da8007592ab0086a0b7
0077908a009ba99a00a4b4ae00a4b0a9
00369bc7003291bd002d84b30046819e
004db3d60047afd30041a9d0003ba3cd
0046b3d90049b4d8004db5d8004fb5d7
001d5c8400349cc80037a7d1003eb1d5
000c152b000a152d0008132f00071f40
000b1226000a1327000a132700091327
00081328000b132a000a1327000b1226
000c162b0008142a000c1327000b1327
000e1c35000e1b36000e203e00091329
000b2b51000b2b55000e2a4f000b1c37
00152e510012345b0017356100163562
0009132700142c4a00172f52000a1b39
0005152e000a1022000c1121000b1020
002e628e0023537f002351810023446e
001e4773001e456f001c4670001e4d7a
000d28500016335c001e3e66000d2d57
000c2b53001430570018385e00103056
00133760001739660013325f000f2f5b
000a1e3f0010214200122548000e2b51
000f1f3f001323470014254a000d2044
00132144000f1e3d000f203b0011213d
00323850002f3a55002736560017284a
0037425d003d465f003c456100333b56
00aac1d6009fb5cb005567820033425f
00acc2d600acc1d600abc1d600a9c1d5
00acc4d600acc4d600acc4d500abc3d5
00b6cbd800b4c9d800b1c8d700afc6d7
00b3c8d700b5c9d600b8cbd900b9ccd8
00a0bad000a7c0d400acc3d600aec4d5
004a6584006984a000849db70093abc3
00304f7100314f70002d496a00344f6f
007c948e009fb2ac00a8bdc600a4b6be
00349ac600308dc0002c81b40049809a
0045b1d40042acd1003ea8ce0038a2cb
0047b6db0047b4d90047b4d80047b4d6
000b3151002a83ad003aaad30042b4d7
000a1427000a162b000b132f000a1732
000b1226000b1327000a142800091327
00081327000b1329000a1226000b1226
000b142900081329000b1226000a1225
000c1933000b1a36000b1c3b00071228
000f3058000e3159000c284c000b1932
0019365a000f3358001b3f6c00153564
000f203900224468001a3a63000a1f41
000612230009112000091021000c1325
001f4978001e49750028507c00122b4a
0017365c00264a7600133964002b5f8d
000c234600172e51000e2347000e294d
000d2447000f284a0010284a000d2346
00132e5700142e59000e2550000d234b
000a1c3a000d1d3c000e20420010284d
0017264700142446000b1b3d00091a39
0013213d0013203c0014233f0012223f
003f475c00303b59001d2b4b00162745
00343d580040466000333c5700343d53
00aac1d8007387a00034456200303f5c
00acc1d600abc0d500a9c1d500a9c1d6
00aec5d600abc3d500abc2d500aac2d4
00b6cad700b3c9d700b0c7d600afc6d6
00acc4d200b0c6d300b7c9d800bacad9
00758eab0090a9c200a1bbcf00a6c0d0
00172c490024395700364c6b00516989
004f6b910038547800233d5d00172e4c
007c93860095ac9c009eb6b40099b0b1
00329ac5002a8bbe00277fb2004d8198
003faed3003da9d0003ca6ce0038a1cb
004bbadc0048b8da0045b6d80041b2d5
00082039001b587e0042abd2004ab8db
00091426000d172c000c152e0008152c
000b1226000b1226000b1428000b1428
000a132700091125000b1226000b1226
000a132700091327000b1225000b1224
000b1933000c1c38000f1f3d00081228
0010305900133259000b2343000c1a32
0012305600133c62001d4a7300133563
00152b4a001d3d630013355e000c254b
0009111e000a1120000b11270009152f
001b3e6c001e4370001f3e62000b1c34
0010294b000e2c5500163e6900255380
000c1f3e00112342000d1c3c000d2141
000e1e3e000a1e3d000b1d3d000d1c3c
00182d55000d2049000f224900102245
000e1d39000e1d3a000c1d3e0012264b
00142345000c1b3b000b1936000d1a36
00142139001c284200172542001a294a
003d465e00303956001f2a450014233d
00313a5800363f5d0025304900353e53
009cb1cc0040526f00293857002b3958
00abc1d500aac1d400a8c0d400aac1d8
00aec4d600adc3d500acc1d600abc1d5
00b4cad800b3c9d700b0c7d600afc6d6
00abbfd100afc1d200b1c5d600b1c8d8
00253a57004b637e00819cb300a2bace
002f3a510026334c001b2a4600172947
00496386004b61810051617d00455169
00778b9200849a970088a0a500829ca3
003095c5002588bc00227db1004b7ea0
003baad40038a4d20037a0d000349ccc
004dbbde004ab9dd0045b6db003fb0d8
000a193200103555003891b7004fbbe0
000b14290012182d00171e340008152c
000b1225000a1125000b1327000b1428
000b1326000a1125000b1225000b1225
00091225000a1226000a1224000a1223
000a1833000c1c37000f1f3d00081127
0013335e000e2c4f00091c37000a1730
001231580015426a00143e67000d3059
00142e5200112f55000b294f000c264b
000a101e000c1123000d112a00071534
0020426d001e3f680012274300081226
000b1f3f000c2449001b3d6900163660
00101e3d000d1a38000f1b39000e1d3b
000c1937000a193700091936000d1a3a
000b1e43000b1f44000f2345000e1f3e
00101d37000b1834000b1b3a00102144
000b1a3a000b1937000c193400111d37
002430460028344d00222e4c00152344
003c435e00313850001f28400016213a
00293357001d2b4c00222e4600323a53
00687d99001e3050001f2f4e00212f4e
00aac1d600aac2d400a8c1d500aac0d8
00aec4d600acc2d500acc1d600abc0d6
00b0c6d500b2c7d700b0c7d700aec5d6
0095abc200a9bdd200abc1d200abc3d1
001c28400014253f00253b550059708a
00313b4f0031394e00333a4f002f374e
003f53700032446000313f5800354157
004e7aab005380ac005082af004d82ad
002083c300177bbb001274b5003074b1
002797ce002391cc00218dc9002089c6
003eadd9003aa9d80035a4d6002d9dd2
000b1530000e244000226186003fa5ce
000c132900111529001f253800101932
000b1225000c1326000b1226000c1328
000a1124000a1124000a1124000a1124
00091224000a112400091123000a1123
000b1732000b1935000a173500091126
001c3e6700112e4d00091930000b1630
0016365e00204b750015385f00143258
00142d5300153059000e2448000d2547
00091122000d1126000c132b00081633
00102d540011294b000b172d00060f1f
000b1d3b00132b4f00112b52000c264d
000d1937000c1634000d1935000c1935
000c183400091632000d1b38000e1c3a
0008183b000c1f4100132746000a1b37
000d1733000a1733000d1d3a000c1c3b
000b1936000c1935000d1934000f1a35
002c374e0027334e001c2746000c1939
003d405900303447001e283e00242e45
001c2a4e001d2c4b0029344e00363e5a
002e42600014254800172646001f2e4d
00a9c0d600a9c1d500a8c1d50094aac2
00abc3d500aac2d600a9c1d500abc0d6
00abc1d200acc2d300adc4d500acc4d6
00394c67008298af00a2bacc00aac2d3
00232c3f00212a40001b264000172742
0030374e0032384d002d344700242d3f
002a456700253d5d002538540029364e
001565b6001365b6001066b6001166b4
00096bbd00066abb000368ba000c66b9
000a71bd000970bc000870bc00086ebc
001c7cbc00167abe001277bf000d73bd
000f18310008162f00113458001e699b
000e152a000d152800151e30001b233b
000a1124000d1427000b1226000e1529
000a1123000a1124000a1124000a1124
000a1123000a11230008112300091122
0009152f00111f39000d1936000a1225
001e3f6600091f3a0009162d000b162f
001c3f69001e466f0013315700102d51
00182e570011274e000f204200142d51
000a1225000c132600081227000b1c38
00132b4d000c1b3600080e1f00081020
000b1a3900142a4d00081e3e000c2346
00091733000b1733000b1530000b1631
000c1631000b1833000e1c38000b1936
00091636000c1c3c000d1e3b00091531
000b1533000c1b37000a1b3700091735
000c1933000d1a33000c1933000e1834
0019263f001a264200121d3c000d1836
0033364a002a2f4000242e4400202c43
00172845001b2a46002d375400363c56
00142848000f1f4200152444001a2a46
00a8bfd600a8c0d500a5bed3005e748e
00aac2d500a9c1d500a9c1d500aac0d6
00a6bdd100abc1d500a9c0d200aac2d4
001f28420024334d0049617800839eb3
00252e40001d25390020253c00242a42
0026344d002934480031394e0031394c
002a4e78002e4d74002a4264002c3e5a
00055fb700025eb800015cb700065cb5
000663bc000663bc000561bc000560ba
00045eb8000560b9000661ba000662ba
000952a1000556ae000659b200055ab6
00131d34000b152f000d1c3d000f3b6f
000e1729000b1729000a172a00152034
000b1225000c1326000f162a000c1227
000a1023000a1124000a112400091023
00091122000a11230008112300091122
0007122b00101d37000e193300091124
0019335700091430000a18300009152d
00193c690011365d000d2c5100112d51
0013264e0009183a0010234000102d54
000e1326000812230006132700102242
00132745000511250009101e000d1222
000f2140000c1e3f000b1c3a000e203f
0007142f000a152f000b142d000a1730
000b132e000e1a35000b1833000b1732
000d1835000e1b39000a1734000c1430
000c1738000c1c3900061833000b1835
000c1931000b1930000b183300091533
00131f3c00121d3b00101b39000d1935
0031354600282f4200262f440014203a
000b1b33001b284300333b57002e3246
000c1e3e000b1b3d00132140000f1d37
00a8c0d600a7bfd50093acc300364b67
00a8c0d300aac2d600aac1d600a8c0d5
006e849b009fb6cd00a8c0d500a6bfd2
00192238001b263d0016263f00324760
00393c4e0030364800272e41001d2639
0022334f00253047002a334500343b4c
002b527a00264a72002a486c00283f60
00065ab500055ab4000458b4000459b3
000760bb00075fba00065cb800055bb6
00035eba000561b8000760b900075fbb
000c468e000653ae000856b400095ab8
0016223800101c3500091531000f2952
000e152900101b2f000d172a00111a2e
000a1124000c13260011182c000c1326
00091021000b1223000a112400091023
00081122000911220009102200091022
0008132c000c17310009142a00081123
000e1e3e0009132e000c183500081329
0015366000112b50000922450011284e
000a1737000c1b3a00091e3f00123056
000a112100091325000b162e00111e3b
000a172f00060f1e000a111f000b1120
00102443000a1837000a1737000e1d3c
000b142a000a142a0007132d000a1b37
000d1631000b1732000b1631000b152d
000b1935000b1a36000b1632000e1630
00152447001020400012213d00111f3b
000b1930000a1932000b1a3600111f3f
00111c3b00111c3a000e1a36000d1a34
00282e4100272e4500161f370015203b
00101b370029334e002c3249002a2e41
000c183500121f3a000d1b37000d1732
00a8bfd400a3bcd4006c84a300182a4c
00a2bcd000a8bed300aac1d500a8c1d4
002a3e57006279930094adc500a0bbd1
0023283b001a2134001822360019283e
00252d40002a3043002e3346002c3143
0024324c001a283f0017263a001d2a3e
002e547a001b3e63001a3456001d2f4d
000755b1000655b0000756b0000656af
00085cb800075ab6000657b2000655b1
00055db700065db800075cb800085bb7
00103d7b000a53ab000758b500085ab6
0017213700142037000a163000071a3c
000d142800161e3100161d300010172b
000a1124000b1225000d1427000f1629
00091021000a1122000a1124000a1124
00081021000911220008102100091022
000a142d000d18320006112600071123
000a1631000a162f000b163100081227
000f2a4f000c20410006193c0014284d
000a1632000f1e3c000e244500163155
000b122200091125000e18300008122e
000b15270008101e0009111f000a1020
00091935000a1632000e193500101c36
000b1328000912290008142e000e1e3a
000d17310008132e000c1731000a132b
00091531000815300009122c000d142c
00111f3f000c1937000a1530000a1631
000a1630000b1934000d1b3800142342
00131e3c00111c3a000d1935000c1933
001b233700151f370018223c0014203c
0019244100252f4a00232a40001e2438
000e173500101b3500091630000c1632
00a8bfd40097afc9003f5676000d1c3d
00a2bbd100a1bbd000a8bfd400acc0d5
00101d34001d2e46005168800094acc4
002e3244002a3042001e263800131e31
00182236001e253900262b3e002e3244
0015233a001323390010213700111f35
0024476a001a3657001a2d4c001c2b45
0008479e0007479d0007479c0005469b
00094fa700094da600084aa3000748a0
000a51a900094fab000a4dad000a4ea9
000e2a5d00124b9b000c52af000b52ac
00131a2f00182138000e1a3200041230
000e162900131a2d00192033000d1629
000a1124000a1124000c132600131b2e
00091021000a1122000a1124000a1124
00091021000910210009102100091022
000e19320009152d0007112600080f22
000812280009152a00061229000a1127
000a1c3b000616310012204200152446
0009142f000b1a3500142747000f2346
000a1022000a1226000913290009132c
000912210008111f0009102000091021
0007122c0006112c000b162e000f1729
000912290009122a000d1833000b1733
0009132b000a142d0009132d000a132b
000c1632000a142e000c142b000c142a
0009142f0008132d000b152e000d1731
000a163100101b3700131f3d000d1a39
001c274400111c38000d1833000b1732
001821370019243e001c284400172440
001d2945001c2741001d253c001c2338
000d1533000a152f000a162f000f1b37
00a4bdd30087a1bd0023375500081332
0092aec4009eb9d000a4bcd200aabfd5
00181f3100161f340018273d0051697e
0024293800242a3900272e3d0021293a
0017223600172034001d243700252a3c
00102238001323390012203700131f36
00233b5c0020365500162a460012253d
000529700005296f0004286d0002266b
0006307a00062e7800062d7500062b72
0006368200073382000630830004317e
0006173a000b306e0009398800073886
0011172b001d253b00101c33000a132d
00131c2f0011172a001a203300131c2e
00091023000a1124000c132600141c2e
0009102100091021000a1123000a1124
000a0f21000b0f210009102100091023
0018233a0009152b0007102400091023
000a13250007112200091427000c0f27
0008122b0007112700111c3b000a142f
0005122900101d37000e1e3b00091837
000b1124000a1125000a132700081227
0008111e000811200009101f000d1325
00081029000a1732000812280009101e
0009112a000d172f000f1a340008122d
000b152c000a132b0009132b0009112a
000e16330009122c000b132b000b1329
000c162f000d162e000f1630000d1530
000c173300101b37000f1a38000a1533
0019244000101a36000c1732000a1530
001d253b00222d46001d2844001e2945
001b28410017213800191f35001a2034
000b122f000b142e000d172f0014213c
009ebbd200758fac001323400009112d
005670850090abc200a0b9d100a3bdd4
00292d3c00262a3a00141d300015273b
00232939002a2f3e00262b3a00222938
00111e3300151f33001c253700232a3b
00102038001220360012203500121f35
00182d50001f355500142744000f223b
0005185100061850000618500006184f
00031b55000419540004195300051852
00041f5900051e5800041b5700021c57
0005152b00071d4600051e5a00041f5e
001115280019203500192439000e172d
001820310013182a00171e2f00171f31
000a1124000a1124000c1326000f1729
0009102100091021000a1123000a1124
000b0f21000b10210009102100091021
000d182f0005102600081024000a1022
000911200008122100091324000c0f26
00090f24000b1224000a132c00080f25
000e192f000f1a32000b18320006112b
000a1023000b1124000b132600060f23
0009111e00081021000b1121000e1325
000d17310012203c000510250009111e
0009122b00101932000b152d00071028
000a142c000b142b000b132a00091129
000d15310008112b0009132b0009132b
000c162d000a142c000b142e000c1531
000f1a35000f1a36000d1834000c1632
00151f3900111a35000c1732000c1732
00333a4e00323b51002b344c00242e47
0016213800151d310014182b00252a3d
000a112c000b122b000d162e00111e39
0097b5cd004a627d0006132d000a1029
00202f4300577085008ba7be009bb9d0
0022283400222836001d243300121b2e
0021293900282e3d00242a3700232936
00111e3300131e3200141e3000172031
00121d3600101d33000f1e32000f1e31
0032537600263d600016254500101b37
00061749000617480007174800071748
0004184b0004174a0005164a0005164a
0008184a00091948000918490006184b
0005152b00081635000b18480009174e
00161c2d0011182c001c263a00131e33
001c2334001a203100181f2e00232b3b
000b1225000a1124000b1225000d1427
000a1122000a1122000a1123000a1124
00091021000910210009102100091021
0008112700070f240009102300091021
000a11200008112200091020000a0f24
000a1021000c1223000a102400080f23
000c172d000a152d000b152b00071024
00091023000b112400090f22000a1327
000a112000091021000b1222000b1122
000f19340008142d0005102300091120
0009132b000e172f000a132900070f25
000a132b000b1329000b122900091129
0009122c000a112a0009132b0009132c
000c142c000b142d000a1530000b1631
00101b36000e1935000c1531000c152f
00161f3700111b34000d1832000c1732
003c4154003a4155002d3449001f273c
00111a2e00111729001a1e2e003a3d4f
000b1229000b1229000d162e00101c35
008da9c40034466100060f28000a1026
00171f30001f2e41005973890083a3bb
001a222f0020283500262c39001d2231
00141c2d001b22320021283600202734
00101c3000121d3100141f3100141e30
00111c35000d192f000e1c2f000e1c2f
002a4c6f002742640021335300192542
00061543000515430006154300061543
00061644000616430006164300061643
00081543000716440008164400061645
000a16300009142e000c183e00091443
001c2334000e162800161e3100152035
00181e2e001c2332001a202f00282d3d
000b1225000b1225000a1124000e1528
000a1122000a112200091023000a1124
00081021000910210009102100091021
00080f23000910240009102300091122
000a102100090f21000a0f22000a1024
00091121000a1123000a101f00080f20
0009132a000a152c0007112400081020
000910230009102200090f21000a1226
000a1021000b0f21000a112300081021
0008122800070f210009102000081021
00081229000a152c0009112600081023
00091029000c1229000c132800091128
000a1329000c1429000b132a0009122b
000c132b000b142c000a152f0008132c
000f1a35000a1530000c162f000c152d
001a233a000e1831000f1a3500101b36
00393c500033384d00292e4200262d41
00121a2e000e132500252739003c3e50
000b1225000b12270010183100111c33
007f99b40025324c00091027000b1125
0021223000161b2d002031460066839a
001c2333001f263400212935002c303c
00131d2f00151d2e001b2231001b2231
00111b2e00111a2e00121c3000131d30
00122037000e1a30000e192c000f1a2d
0018315200142b4b0013274600172843
00051441000313410004144200041341
0007143f000715410007154100051441
000714380005153c0006153c0006153d
000d162e000914290009183400081438
00222a3a00101829000e162900151f35
00131829001b243200171d2c00222736
000b1225000c1326000b1225000d1427
000a1122000a1122000a1123000b1225
00071021000810210009102100091021
00090f22000910230008102200081123
00081022000a0e20000a0f2200081022
0009112100090f210009101e00080f1e
0009122900051025000710210008111f
0007102100091122000a112200091024
00090e21000c10220009112300071122
000a1225000b101d000c111e00091022
0008122a0009142a00081024000b1224
000a1129000e152c000b122700091228
000c13270011172b000d142a000b122a
000d132a000c152d000a152c000a142a
000f1a34000c1830000e182f000a132a
00131c3200121d3500141f3a00121d38
00313448002e314500303447001f2539
000e1629000f1528002f324500373a4d
000b1224000c1227000e1730000e182e
005e728d0019233c000b1227000b1226
002d2c3800232435000e1a2e002f445c
00222538001f26360018212c0020242e
00151e3000171f30001b2333001c2132
000f192c00111a2e0010192d00101a2d
000c1a30000c192e000f182d0010182c
00182e4b000c1f3b000c1b36000e1c35
0006143d0004133d0004133c0004133c
00071337000714390007143a0006133b
00061232000614310008143200071434
000c172d0009162a0008162d00081433
00282e3f00131a2b000c13260010192e
0011172a00141a2c00171c2d001d2131
000a1124000d1427000c1326000e1528
000a1122000a112200091023000b1225
00090f2200091021000a112200091020
00080f2200090f2200080f2200091124
00080f2100080e1f0009102200081021
000a112200080f2000080f1f00091020
00081023000710220007102000091120
000810210008102100080f2000091022
00091021000a11220009112200081021
000b1124000a1020000a102000091021
000c142b000a122700091023000b1225
000a1229000b132a00091127000c142b
000c13270010172c000c1229000d142b
000c152b000b152b000c152c000b1329
000d183200101b33000d162d000b142b
00141e3300121e360016223d00111d39
002a2f42002d3043002d314300141e32
000b122400111a2e00282e420033374a
000b1226000b1226000d162b000e162a
001e2b41000f182e000e172d00091126
001a1d2c0024273900151d30000f1c2f
001e223400222939001e263400131a27
00171f3000182031001a2131001c2332
00111a2d00121c2e00121b2d00131b2d
000d172c000d172b000e172c000f182c
000d1b34000d1a33000d182f000d172d
00071336000612360006133600071436
00051233000512330006133500061336
00071336000513320005133200041233
000a152a000816290006132900091534
001c213200141b2c000c1326000b1428
00131a2d000f15280012182a00181d2e
000c1326000c1326000d1427000c1326
000a1122000a112300091023000c1326
00090f2200090f21000b1223000c1322
0009102200080f2200091023000a1124
00080f2000070e1f0009102100080f21
00080f2000080f2000080f2000091021
00080f20000810210008102100091122
00091122000810210008102100091122
00091021000a11220009102100080f20
00091023000a1022000a102200091021
000e142b000b1226000a1124000a1124
00091128000c142b00091128000d142b
000a1328000c142a000c132a000b132a
000d152c000c142b000d162c000b1328
000d1832000c162d000c142b000d152c
00141e35000f1a3400131f3a000e1a36
00282d41002d30440020263900111b32
000e142700141d3300252d41002a2f43
000b1225000b1225000d1427000c1325
000b1528000b1428000a1326000a1125
001217260015192b00181e3100121b2e
001f2435001a21300018202e00171f2d
00141b2e00171e2f0019202f00171e2d
000d172a000f192b00111a2c0012192c
000d162a000d162a000e172a000e172b
000c1830000c162e000c162b000c152a
00061232000612310007133000081330
00061437000513340005123300051233
000b1b3f0008193e0005173c0004143b
000a1529000a16280006132900091635
00151c2d00141b2d000b1225000a1327
00141b2e00121a2b000f162700141b2c
000f1629000c1326000c1326000c1326
000b1223000b122400091023000c1326
000a102300091022000b1223000e1525
00080f2200080f22000b1225000a1023
00080f2000080f200009102100080f20
00080f2000080f2000080f2000080f20
00070e1f00080f200009102100091021
00091122000910210009102100080f20
000a1122000a11220009102100091021
00091023000a1023000a102200091021
000b1226000b1225000a112400091123
000b1327000d1429000d1329000f162b
000b1429000b1329000b142b000a132a
000d152c000c142a000d162b000a1327
000d1831000c142b000e162d000d152c
00131d340016213a0015213c000e1a35
00282c4200262a3f00161d3200101c34
0011172b0019213800272e440022273c
000b1324000b1324000c1426000a1123
000b1527000a1324000b1224000b1324
00171d2c0010152500131b2c00182133
00171c2d001e2534001b23310019202f
00131a2c00141b2c00171e2f00181e2f
000d1729000e1729000f182a00131a2d
000e1528000d1528000d1629000d1729
000d182e000d172d000c1429000d1528
0004133500051333000613300006132f
00091b430008193e0007173c00051539
000d1e44000b1f4a00091d4900081b47
00091527000915270007132900071533
00151c2d0011182b000c132600091326
0011182b00121a2b000e15260012192a
0010172a000d1427000c1326000b1225
000c1324000c1325000b1224000b1225
000a1023000a1123000a1123000c1425
0009102200080f220009102300091023
00080f20000910210009102100080f20
00080f2000080f2000080f2000080f20
00080f20000910210009102100091021
000910210009102100080f2000080f20
000a11220009102100091021000a1122
000a1023000a102300090f2200090f21
00091023000a1023000a1023000b1124
000b1327000b1227000f162a000e1529
000b1429000a1229000a152b000a142a
000d152c000c152a000d162a000a1327
000c162d000d162b0010192d000f172e
001a243b001e29410014203a00101b35
00272a3f001d213600151e34000e1b32
0012182c00181f35001b2339001c2236
000c1324000b1324000b1324000b1224
00121b2c000b1324000c1324000b1324
00171e2d00131a29000e1626001b2334
00181f2e00171e2d001d243300141b29
0012192c00181e3000151b2d00161d2e
000c1627000e1628000e15280010172a
000d1427000d1427000d1427000c1628
000c162a000d162a000d1428000d1427
0007183f0007173c0005153800051335
00081e4b00081c4900081b4700071943
000b1e43000a204d00091f4f00091f4d
00081425000a1426000913270005132e
00151c2d000f1629000d152800091325
000d152700141c2d00101728000e1526
000f1629000e1528000e1528000c1326
000b122300101728000c1425000a1124
000a1023000a1023000b1324000d1425
0009102200090f22000a1023000a1023
00080f2000080f200009102100080f20
00080f2000080f2000080f2000091021
00080f20000910210009102100080f20
00091021000910210009102100091021
000b112300091021000a112200091021
000a1023000b112400090f22000d1426
000b1225000e1427000b1124000b1124
000b1327000d1428000f162a000d1427
000c152a000c142b000b162c000b142a
000e172b000f172b0011192d000b1327
000d172c0010182b00151c31000e162d
001d283f001a263e00142039000e1931
0025283b0022263a00161f36000f1b32
0010172a00171f3200151d31001f2639
000c1324000b1223000a1223000c1325
000f1728000e1627000c1324000c1324
00161e2d00111a28000f1826000d1425
00161d2c00151c2b00131a2900151c2b
0011182b00141b2d00161d2e00141b2b
000d1526000e1527000e1528000f1629
000d1326000d1426000d1427000d1527
000d162a000d1428000d1427000d1326
00081a4600081943000718400006173d
00071e4c00071d4b00071c4a00071b47
00071b3d00081e4c00071e4e00081e4c
00081324000a1324000a132500041229
0011172a000c1326000e152800091224
000c142500131a2b00111829000e1526
000d1427000d14270010172a000d1427
000b12220012192900101729000c1325
000a1023000a1124000c1326000c1325
000a102300090f22000a1023000b1124
00091021000910210009102100091021
00080f2000080f2000080f2000091021
00091021000910210009102100080f20
00091021000910210009102100091021
00090f2200091021000a112200091021
000c1225000b1124000b1124000c1225
000b1225000c1225000b1124000b1124
000d1428000f162a000f162a0011182b
000f162a000d152c0010182f000d152c
000f182c000f172b0011182c000d1428
000f182c00161d3000131a2e0010182d
0018233b001a263e00121e36000d182e
002c2d3e002e31440018213800111d34
0010182a00161d2f00171e3100242b3c
000b1223000b1223000a1223000b1324
000d1424000e1526000d1424000d1424
00131c2a000e1725000f172600101626
00141b2a00141b2a00171c2b00131a29
000f162700131a2b0011182900111827
000c1425000e1527000d1426000d1426
000d1425000d1425000c1326000c1326
000c1528000d1427000c1326000d1326
00071a4400071942000719410006193f
00071c4600061b4600061b4600071b45
0005183700061c4800051c4900071c46
00081223000a1223000c132400061226
000f1528000f1629000e1528000a1225
000c13250011182900111829000e1426
000d1427000e15280011182b000e1529
000c13220010172800121a2b000d1427
000b1225000a1124000b1225000e1527
000a1123000b1124000a1023000d1427
00091021000910210009102100091021
0009102100080f200009102100091021
00091021000910210009102100080f20
0009102100080f200009102100091021
000a1023000a1123000a1022000a1122
000c1225000d132600101629000a1023
000b1225000b1225000b1125000b1125
000f162b00131a2e0011182b000d1427
0012192d00161d3300161d34000f162c
000f182c000d15290011182c000f162a
00131c2e00181f3100171e3200161d32
001d273f0018243c000e1a32000e192d
002f2e3f002c2d400010173000131d35
0011182b0011172900171e31002c3144
000b1222000b1223000b1323000b1324
000c1322000c1322000c1322000b1221
00131d2b0017223000131b2900121827
00131b2a00151b2a00161b2a00121928
000e1526000e152500131a2900121928
000c1325000d1526000d1526000d1426
000d1425000c1425000d1427000c1326
000c1327000d1326000c1325000c1324
0007183f0006173e0007183e0006183d
00071a4100061a400006194000061940
00051532000a1e4900061c4900081b43
00071122000a1122000c132200071223
000c1325000c1325000d1427000b1224
000e1526000e15260012192a000d1326
000f16290011182c0011182b0011182b
000f16260010182800151d2e0011182a
000e1427000a1224000a1124000e1527
000a1123000a1123000a1123000c1225
000a1122000a112200091021000a1122
000910210009102100091021000a1122
00091021000a11220009102100080f20
00091021000910210009102100091021
000a1124000b1124000b1123000b1123
000e1528000f1528000c1225000a1023
000c1326000c1326000b1226000d1327
00141a3000131a2d000f1629000c1326
00141a2e0021273c00181e350010162d
000e172b0010182c0010172b000e1629
00151d2f001a213200171f310010182c
00222b4300142038000d193000101b2e
003030410026273b000f152e001c243c
000d1527000e1426001b223600262b3e
000c1322000a1221000a1322000b1323
000e1623000b1320000d1422000b1220
00101a28001d273500171f2e00101624
00131b29001b202f0014192800151b2a
000d1425000d14230010172600151c2b
000b1225000c1326000d1526000e1526
000d1425000c1325000c1325000c1326
000e1528000c1326000c1325000c1325
0006183e0007183d0007173d0007173c
00091a44000719410005183e0005183e
0005132e000c204a00071f4e00091c48
00081220000b1120000a131f00081221
000a1122000b1223000a1123000a1223
00141b2d000c13240010172800101628
000f1728001921320012192b00151b2d
00151a2a0010172700141b2c0011192a
000c1327000a1426000b132400101727
000b1124000c1224000c1324000c1225
000a1223000a1123000a1122000a1123
0009112100091021000a1122000a1122
000a1122000a1122000a11220009101f
000a1122000b1223000a1123000a1123
000a1125000b1125000b1124000b1123
00151b2c00191d2f000b1123000b1225
000b1327000c1528000c1527000d1528
00191f3300131a2d000e1529000b1428
00171d300020253800181c3200161b32
0011182c0011192c000f172b0010182a
001d2232001e2535000f182b000f182d
00232b4100111d3500111d3400151d30
0024283a00181c3200181d3300262d41
000c1423000d13260021263a00212739
000b1222000b1323000a1223000c1424
000d1423000d1523000d1423000b1221
00131a2a00101929001a213100101624
00161d2c00191f2c001d223000161c2b
000d1425000d1425000c132400101728
000c1326000c1326000d1426000e1526
000c1325000c1325000c1325000c1324
000f1629000d1427000c1327000c1326
00071b4100081a400007183f0006173e
00071e4900061d4700041a4300051a41
0004122c000a20470007224f000a1f4d
00081220000a111f000a121e00081222
000a1121000b12230009112200091222
001a2032000c1324000d1425000e1526
000d152600171e2f001017280014192a
00161c2b0012192a00161d2e00131b2c
000b1226000c1529000b1324000f1525
000b1225000b1224000c1324000d1326
000a1224000b1224000b1124000b1124
000a112200091122000a122300091123
000a1023000a1123000a1122000a1121
000a1122000b1223000a1123000b1124
000c1226000c1327000b1125000b1124
001c22340011172a000c1225000b1226
000d1429000f162a000f1629000e1628
001d233600131a2d000e1529000f162a
001c223500202537001b1f32001b2035
00141b2f0011192d000f182d00182031
00272a3900161d2d00111b2d0010182d
00262c4100151e3400172136001a1f31
0023273900181b31001f2238002e3346
000c12210013182a0025293c00202436
000b1221000a1122000a1223000b1324
000c1322000e1524000d1423000c1322
00192030000e162700151c2b00151a29
00151c2b00151b28001c202e001e2332
000e1526000d1425000d1425000c1425
000b1225000b1225000b1324000d1425
000c1225000c1324000c1425000b1324
000f182d000c1429000c1428000b1225
00071c4500081c4300081a410007193f
0007214d0005204c0007204a00071e47
0003102900071d420007224e0009214e
0008111f0009101e0009111e00081221
000a1120000a1120000a112000091120
0020263700111829000b1223000c1324
001219290019203100151a2b0014182a
00191e300015192b00131a2b001a2131
000b13270010192d000c1326000e1525
000c1327000c1326000c1326000e1528
000b1225000b1225000a1125000b1225
000b1124000a1224000b1224000a1224
000a1124000b1224000a1123000a1223
000b1224000b1225000a1124000a1124
000f162a000f162a000b1225000b1225
001a2033000c1326000d1427000c1327
0010162a0012182c0010162900131a2d
001f25380011172b0011172b0012182c
001a2032001d2232001c20330023283b
00171e3200131c3000111a3000172032
00282a3a00161d2d00131c2e00131b2f
00282b3e001a2134001921330025283a
001f2234001d1e330028293e00323447
000c1221001b1f310024273a00212435
000b1221000a1120000a1121000c1323
000e1524000c1322000c1322000c1322
00181f2e001219290010172600181e2b
000e152400141a2700181e2b001c222f
000e1526000d1425000c1324000d1424
000b1225000b1224000b1324000c1324
000c1324000c1323000b1324000b1425
00101c34000c172e000c152a000d1426
00071c4500071b4200071a4000071a40
00071f4a0009224c000c244d000a2049
000610280007193c00071f4800091e49
0009111f0008101e0008111e00091220
000b1221000a11200009101f0009101f
001b22320012192a0009101f000b1222
00161b2b001c2131001a1f2e00151a2b
0014192b001115270012172800191e2e
000c142a000e162c000d1427000d1426
000b1327000e1528000e1427000e1529
000c1326000c1326000c1327000c1327
000b1224000c1225000b1225000c1326
000b1225000b1225000b1224000b1324
000b1225000c1326000b1225000b1225
0010172b000f1629000c1326000c1326
0011162b000f162a000e1529000f1629
0011172a00141a2e00141a2d00141b2e
001a20330012182b00141a2e0013192d
00151b2d00171c2c002226380025293c
001a213400161f3200141d3200182033
001e21310019213100151d2f00171e32
00292b3c00212637001f2535002b2d3d
001d2132001f2134002e304300303243
000e1422001a1f30001f2335001d2131
000d1423000b1221000b1221000b1221
000f1625000c1322000c1322000c1322
00161d2b00101726000f162400101624
000b13210012192600181e2b00161c29
000d14250012192a000e1524000d1322
000b1325000b1324000b1324000b1223
000d1324000b1222000a1323000a1324
000d1d39000b1933000c162d000d1528
00071b4000071a3f0006193e0006193e
00081b4400081c4300071b4200061a40
000910260006153600071c4300091a44
0009111f0008101f0007101e000a1220
0009101f000a11200009101f00080f1e
00161d2d00171e2d0009101f0009101f
00191e2d001e2332001d223100141a29
000f1627001218290010152400131827
000e162d000c152b000d1529000c1225
000c1529000e1629000f1629000e1529
000d1427000d1428000d1428000d1427
000d1326000c1326000c1326000d1427
000c1326000c1326000b1225000c1325
000d1427000d1427000c1326000c1327
00131a2d000f1629000e1528000d1427
000f162a0011182c0011172a0012192c
0012192c00192032001a213400141b2f
00181e3000131a2d00171e3100151c2e
00181d2f001d21310026293a001f2435
001c2233001d243600151e310020273a
00232635001c243400182031001f2537
0031324200262a380022273400292b39
001f253600232639002a2c3e00323343
000f152400161d2d00191e3000171e2d
000b1321000b1221000c1322000b1221
00101825000f1724000c1321000c1321
00151c2900101726000d1322000d1421
000a1120000f172400191e2900141a25
000b12230010172600161b2a000d1321
000b1223000c1324000b1223000c1324
000d1426000c1324000a122300091223
00182b4b000e1e3c000c1832000c162a
0007193e0007193d0006193d0006193c
00091a4000071a3f0007193e0007193e
000a11250007163300071c4100081b42
0008101e0008101f00070f1f0009111f
0009101f0009101f0009101f00080f1e
0012172800202636000c132300080f1e
001c223000212634001f243300141928
000f162800111829000e132200131827
00121a31000c172d000e172b000d1427
000e172b000f172a0010172a000f172b
0011182b000e1528000e1528000e1528
000e1427000f1528001017290012192b
000e1528000d1427000c1326000e1527
0010172a0010172a000e1528000f1629
0019203200131a2c0012192c000f1629
0012182b00141a2d00151c2d00192031
001a2233001f2738001c243500141b2e
001a1f3100181e30001c223300151d2e
001c21330021253400272a3800222635
0025283700252a3a001b213400242b3d
00252837001f2636001c233400232635
00333341002b2e39002c2e39002d2e3b
0023293900262a3c002a2b3d00343544
000e16250011192a00151c2e00131b2a
000c1421000b1221000d1422000b1221
0012182500101825000c1421000c1421
00141a2700131a2800101623000f1522
000a1121000c132100171c2700141924
000c1323000d1222001e223000181d2a
000b1223000b1223000b1223000b1324
000b1529000b1325000b1224000a1223
00354a6d001e315200111f3c000d1932
00081a4000081a3f00081a3e0007193d
00081e4000071c3f00061b3e00071a3f
00091224000517320006214300072144
00090f1d000a0f1f00070f1f0008101e
0009101f00080f1e00080f1e00080f1e
000d1123001b1f310013192a00070e1e
001d2330001a202e001d223100181d2c
00101729000e1526000c132200111724
00131d3300101b31000d162b000c1427
00121a2d00111b2d00131a2d000e172b
00151c2f0011182b0011182b0011182b
0011182900131a2b00141b2c00131b2c
0011182b00101729000f1728000f1728
0012192c00151c2f0012192c0011182b
0021263600181f3000161d2f0012192c
00181f3000192031001d233200212636
0021273600262b3b001a213200171d2f
001d2132002125370021253500191e2d
002125370024273600292c3a00212433
002f2f3c002b2d3b0024273a0024293b
002b2b3a00262b3c00232736002a2a37
00353341002e2e390036343f002e2b38
00272c3c00232538002f2f4000393947
000d1523000e152600141b2d0019202f
000d1522000b1321000d1522000b1221
0011162300121825000e1623000c1421
001418240011172400121825000f1522
000e1525000c132000191d2900191d28
000d1424000e132200161927002c2f3c
000b1222000b1223000e1526000c1425
000d1931000b1428000b1325000b1223
0052678d00405377002435550012203d
00081b4000081a4000071a3f00071a3d
000622410005204000061d3e00071c3f
0007112100082037000a2f4b00072947
00090f1d00090e1f00060e1f00080f1d
00080f1f00080f1e00080f1e00070e1d
000b10210013172900151a2c00080f1f
00171d2a00161c2a00181e2d00141928
000d1426000c1324000c132200101623
00151f340016203500131b2f000d1427
00161e3100161f3100151c30000f182c
001c233400141c2d00131b2c00161d30
00191e2e001e2434001c2233001a2131
00141a2d0012192b00161d2e00141a2a
00171e310019203300181f3100141b2d
002c2f3e00252939001e243600191f31
002429380023283700292c3b00292c3b
00282b39002226340023263600212535
0023253500282a3b00242837001d2130
00272a3b002b2e3d002d2f3e001e1f2e
0035343f00333441002d2f4100262a3a
00393543003334430033344200373541
0035303f0033303c0034303a00312a36
002024330028293b00393749003f3c4b
00111726000e142600161c2e001e2433
000c1420000b1320000c1421000c1321
0011152200111724000f1623000c1421
001519240011172300161c2900141826
00141a29000d13210011162100252933
000f1626000e14230010142200191d2a
000c1221000b1223000c1425000b1324
00121f3a000d172d000b1325000c1322
006b7fa5005b6f940046587b00223150
000a1d3b0009193d0004193e00061b39
0006293d0004243d0007223900091f39
0005101e000b2f3e00114b5b00083948
00080e1d00050f1e00050d1f00090e1e
00080f1e00080f1e00070e1d00070e1d
000a1120000d142300141b2a0009101f
0012172500131827000e1524000d1423
000c1324000c1323000b1221000d1221
001a213400232a3c001f253700101528
001c2235001d253700171e320011182c
00212635001a2031001a2032001b2235
0021232f002e313e002d303e00232735
001a1f3100181c2c002124310021232e
001c2132001e2334001f2434001f2434
003536410034344100292e3d001e2333
002f2f3e002d2e3c0033303d00373742
00272b3700242631002b2c38002a2a37
002c2a3a00292a3a00262a3900212634
0030304000323344002d2d3c00292734
0035333e00323441002f3140002e2e3d
004a424b003e3843003b3843003a3844
0035323f00332e3a003c343e00403740
001e2130002225340035354500313140
00101625000e1424001c213000202535
000b141f000d1521000c1321000b1222
00171925001216220013182500111825
00151a25001419240014182600181c29
00191d2a000f1523000c132000131a26
000f1627000f16260010162500111724
000b1322000c1424000c1324000d1425
0022315000101b34000b1427000b1222
00798caf007184a7006376990048587a
0008203400051d3800031a3900061a38
00052d3d000525380008233400092232
0004101e00113b4b0015606f00074855
000a0d1c00070d1d00070d1f00090d1e
00060d1d00080f1e00060d1c00080e1d
000a112000080f1e00101726000b1222
0012172600111625000d1423000d1425
000c1324000b1223000b1121000b101f
001c2335002d3444002a314200191e30
00232a3a00232a3b001e243600161d2f
00282b3900232736002226360025293a
002727330032333f0034364100272836
00222636001d213000262934002d2e39
00242837002125340025283600292c3b
003a3a44003d3c48002f334100232736
003532400034333f003c3742003e3c46
00282a3600292a34002d2d370035323e
00353240002d2d3d002c2e3d00292d3b
0036354300292a3b00262837002d2c38
003b394600302f3f00353444003b3a47
00484048003d364000403c47003d3b47
002d2d3a0035313d0038303b00403741
001c1f2e001c202f0029293900232434
00101525000e142300191e2d001a202f
000e1620000c141f000e1523000c1323
001c1f2a001317230012162300161c29
00161c2800161a250016192700181b2a
00191d2900161c29000d1523000e1523
000e152600131a29000f162500101623
000b1323000c1425000e1526000d1425
0044547400202c480010192e000c1425
008698b8007d90b1007487aa0066789b
00071f3000031e3200061a38000c1843
00052c3e00051f2f00081c2e000a1d2e
00040f1f0013394e001a6b82000a5469
000a0d1e00080c1c00080d1e00070e1d
00070e1f00070e1f00060d1c00080e1d
000a112100070e1e000c1323000d1425
000e132200101525000c1323000f1626
000c1324000b1221000a1120000a101f
001c213100282f3e002b3243001d2335
002e333f00292e3b00282d3c001a1f2f
003233400030323f002a2b39002e303d
002a2a36002e2e3a0032323e00292a36
00242735001b1d2c002a2c380034353f
002b2c3b002c2d3b00353542002f303e
003f3e48003937430033354200292b3a
003e3a460036333f003f394400403d46
002c2c38002f2c360037343d003e3b44
0034333f002f2f3d002f2f3e002a2b39
003a38430027283700272b3a002c2e39
003a374800343445003d3c4b003b3742
00464049003b3740003b394300373541
00222432002d2d3a00302c380038323d
001d202f001a1e2d00232635001f2130
00121827000f162500171c2b00191f2e
001a1f2a000c131d000e1522000d1423
00171b27001519260013162400171a27
0011182500161a260015182600151927
00181c2800191f2c000d1624000d1523
000e1526001219280011182600111825
000c1325000c1425000e1526000f1627
006679990036446100202a420011182d
008f9fbe008798b9007d90b2007589ac
000718290005182c00081638000b174f
00062e43000417260008152700091628
00050e2000123550002473930015607e
00060d1e00060d1c00060d1c00060e1c
00080f2000060d1e00060d1c00060d1c
0009101f00080e1e00090f20000b1223
000a0f1e000c1120000a1122000b1223
000e1425000a11200009101f000a0f1e
001f222f002c303f00343849001f2336
00363942003739440034364300222432
003434400030303c002a2a370033343f
002d2d39002b2b370028283400252631
00262735001a1d2c00252634002e2f3b
00292937002c2c39003a3a4600343441
00403c460035323e0030303d00262735
003f3c460039353f003f3a43003d3842
002e2c380037323c00433f46003e3a42
002d2e38002f2e3c0030303f002a2a38
00423e48002a2b3900252938002b2e39
0033334700333549003e3f4e003c3943
003a374300302e3a003434400030313f
001b1f2f00212332002f2e3c00302e3b
00181d2c001b213000232635001a1e2e
000e14230011182700181d2c00151b2a
0024273200101521000b131f000a1221
00161d29001419260013162400161826
00131a27001619270014172600111624
00191e2900151b28000f1825000d1624
001017260010172600141c2900141a27
0011182b000c1425000e15270012192a
00798dad005767850028334d001c233a
0094a2bf008e9ebd008598b9007c91b3
00071625000714260007173700092359
0006304b000214270006132700081528
00060d21000e2f4f002c769d001c6389
00050d1d00050e1b00070d1c00070e1d
000a0e2000080c1e00080d1c00070d1c
00090e1d000a0f1f00090e20000b1022
000a0f1e000b101f000b122200080f20
000f1527000a11210009101f000a0f1e
00222430002e303e003b3d4e00222539
0030323b003637410032323e002a2b37
0030313d002c2d3900292935002c2c38
0028293600222331001f212d0022242f
0025273500171b2a0020223000252734
0022243200282836002d2d39002e2f3c
003d3945002f2d3a0031313f00262735
003937410037343e0036333d0034303b
002e2b370039353f003e3c440036343c
002e2f3a00272734002c2c3b002b2a38
00423e49002b2a3900212334002a2c3a
00262d450032395100454a5b0044424d
00252735001f2130002b2d3c002c3041
001a1e2f00181d2c0020223100272938
00161b2a00171e2d001e233200161b2b
000b112000121928001a1f2e00101625
001d1f2a00141823000b121e000b1321
00101724001117240012152300141623
00111825001519260014172500101623
00191c2700181e2a00131a2800101725
00121928001218260013192600171c29
00151c300011182b0011182a00101728
007c90b0007687a500424d6900202740
009ca6c10097a4c1008d9fbe00849ab9
0007162900071427000a214000103667
00103d640008203f00071733000a1a32
00060c21001b3d5e0028739d00175b86
00080c1c00080d1b00090c1c00080e1d
000c102200080d1e00080d1c00080c1c
00090e1d00090e1d00090d1e000a0e20
00090e1d00090e1d0009101f00080f1f
000d142600091021000b1121000a0f1e
0021232f002a2b3a0034364800222539
0022242f002e2f3b0031313f002a2b38
001d202e002124320021233100232532
0021243300171b29001a1e2c001a1e2c
001d223100161b2a001a1f2e001f2332
00202535002b2e3e0026283600292c3a
0034334100222432002d2e3d00232636
002f303b0033323e002728340032303d
002f2e39003a39430030303a00262732
002b2c39002527340023243400262634
002f2e3b00232335001b1d2f00222433
0028324d003a456100464e6200323442
00181d2f00151a2d001f243800272e44
00171c2b00171c2b0015192b001e2133
001c202f00151b2a00171d2c00111827
000b101f00121827001e2231000f1524
00171b26001b202a000c121e000d1321
00121725001318270011152400131624
001117240013192600141a2700101623
0021232d00171b2700141b2800111827
00181f2e00161c2900131926001c202c
0018203500131a2d00151c2d00111829
008598b6008293b00068749000313a53
00a2aac4009ea9c40095a5c2008c9fbd
000817300005162e00092147000d2c61
001c477400122f57000f1f3f0012203d
00050c220020456500307ca400175380
00090d1b00070c1a00090c1b00070e1d
000c112000080d1c00080d1c00080d1c
00090e1d00090e1d00080d1c00090e1e
00090f1c00090f1c00070f1d00070e1d
000d142700080f210009102000090f1e
00191c29002125340025293b001f2538
00151a28002023320027293900222433
0012182700191f2e00171c2c00161b2a
00181e2e000f152500151c2b00121827
001a203000171d2e00161d2d00171e2d
001f263900262c3e00262b3a00272b3b
002e303f001a1f2f002426380022283a
0022263200252734001a1d2b00232432
002b2c36002e2f3900212430001a1e2c
00222534001c202f001d213000252935
0024263700161a2e0012192b00161b2b
0036405f00434f6e004a546d002d3244
00131b2f00121930001b233b00252e49
001b202f00181e2d0011172800151c2f
001c1f2e00151b2a0013192800101726
000c112000141a29001e2130000d1221
0013182300151a230012162100141825
0013172500161a280012162500101623
001117240012182300141a2600141a26
002b2c360021232d00171c2900151b2a
0019202e001d233000141a27001e222e
00242c4200161d3000151b2d00151c2b
008e9fbc008998b4007f8ba7004e5871
00a6aec500a2acc5009ba7c30093a2bf
00101c36000a1d3c000c2352000a1e59
0012365b000b26450017233a00232941
00040d2200153655004085ac0014446e
00080d1c00070e1c00060c1c00060e1f
00090e1d00070c1b00070c1b00070c1b
00080d1c00080d1c00080d1c00080d1c
00080e1c00080e1b00060e1b00070e1c
000d142700090f2100080f20000a0f1e
0013192700181f2e0019203200161d30
000f16270013192a001a1f31001b202f
000d152600121a2b0012192a00101728
00111829000d152600111829000e1627
00181e2f00131b2d00151d2e00111928
001d243b001f263b0023293b00212638
0023273700171e2f001d2234001e263a
00181e2d00171c2b00131928001c1f2f
002326310025283400171c2a00121929
00171d2d00151b2b001a1f2e001a1f2c
001c20320010162a000f172a00131b2b
00414b6d004d587900525b7600272c42
0010182e00131b350019243f002c3754
001c202e00191e2d001016280011192d
00171b2a000f16250010172600101726
000d1221000e142300141726000d1120
000f152100101621000f142000131624
00141724001317250013182600101623
001319260011182300171d2900131924
002c2c36002c2c37001c1f2b00191d2b
0019202d00242a37001c222e001a1e29
00323a51001f253a00151b2d001a202f
0095a2bf008e9bb7008592ad006f7b95
00a7b0c600a5afc600a0acc7009aa7c3
0021254000122a5600122d6a000b2167
00071c3500091a29002a2732003d303f
00050e230008213a00235378000c2a4c
00070c1b000a0e1e00060c1c00050e20
00080d1c00070c1b00070c1b00070c1b
00080d1c00080d1c00070c1b00070c1b
00080d1c00070d1b00080e1b00080e1b
000c132600090f2200070e1f00090e1e
000e1526001016280013192c00141b2e
000d1326000d1426000f152800151b2d
000c1325000f1528000d1326000e1427
000f1627000e1526000d1425000c1324
001a203100131a2b0012192b000e1625
001d2640001c243b001e243a001a2034
00191f3000181d2f00181d32001b233a
00101729001118290010182900131a2a
001d2230001d233200131a2a000e1626
00101829000f162700161c2d00161b2b
001e213500101527000e1627000f1828
004b5376005d65860060647d002b2f47
000f172f001b223c00252f4c003b4464
00181a2900191f2e00111729000e162a
000f1524000c1322000d1425000f1425
000c1120000d1322000c1221000a1120
000f152200101622000e1423000f1524
001619250014182400161a2600131825
00171c290010182500141a2600131824
00262832002c2d380024253000191b28
001e222f0025283600252935001e232e
004c567000252d4400171e30001f2433
009aa4bf0095a1bc008b97b200818da9
00aab1c600a6aec600a3adc8009fa9c4
00292d4500142c61000f2a7300081d6f
00081530000e1a2f002f2a360042333d
000a0e230008152f000d2a52000a1d40
00060c1b00070c1c00070d1c00080e1e
00080d1c00080d1c00070c1b00070c1b
00080d1b00070c1b00070c1b00060b1a
00080d1c00070c1b00070d1a00080d1b
000d1326000a102300070e1f00080d1c
000d1326000b1124000d13260011172a
000c1225000b1124000c122500101629
000c1324000e1526000c1225000d1326
000e1525000d1425000d1425000c1324
00171f32000f1729000f1729000e1626
00242d47001d253e0020284000141b32
00141a2c00151c2f00141b32001b233d
000e1528000d1427000e1628000d1526
00181c2e00171e2e0012192a000c1325
000d1526000d14250010172800111628
00181d32000e1425000c1425000c1425
006d6f89007577930070718b002e324d
0011182f00282e4700363e5d00474e6c
001317250013192900111827000c1427
000b1221000a1120000c1323000e1423
000b101f000e1423000a1120000a1120
0011152200101522000b1320000c1322
0014182300151924001f232e00171b28
001e22300012192700161c2900181c27
00232630002a2b35002a2933001d1f2a
002729350022253000292d3800242934
006a7691002f3851001a2134001a1e2c
009ca5c00098a3be00909cb8008794b0
00abb0c500a6aec500a3acc600a1aac5
002c314b0014295f000c1e6a00081664
000a1f3d00162b480030364b00403846
000c0f22000d153000102851000f284d
00060d1c00060d1d00090e1c00080d1c
00080d1c00080d1c00070c1b00080d1c
00070c1b00070c1b00070c1b00070c1b
00070c1b00070c1b00070c1b00070c1b
00091023000a102300080f2000070d1c
000b1124000a1023000a1023000e1427
000c1225000a1023000b1124000c1225
000b1223000c1324000b1124000c1225
000c1324000d1425000c1324000b1223
00121b33000f182c000c1526000c1425
002b324d00282e4900252e4800121c34
0012182b00131a2f00121a350018213e
000d1426000d1427000e1528000c1426
001016270012192a000f1527000c1325
000c1425000c1324000f1627000e1526
00161e34000a1324000b1223000c1324
00868291008681970086849d00383c59
00141a2f002d3248003f476500595e78
00101524000e142600121927000d1427
000b1221000a1120000b1221000d1322
000b101f000e1322000c1120000a1120
00131724000f1321000d1321000d1221
00161a2500141823001d202b001d202c
0021243100181d2a00181d2a00151a26
002426300024252f002f2f380023242e
0031323e002a2c370024273500262936
007f8ca80046506b001e253a00191d2b
009da6bf009ba4bf00939eb9008b97b3
00adb2c600a7adc400a2abc400a0a9c3
0030497000172f6c000d1962000a135a
00143f63002b577f003b5c8200425877
00071121000c1a370018376100113c62
00070c1d00060c1d00080e1a00070e1b
00070c1b00070c1b00060b1a00070c1b
00060b1a00070c1b00070c1b00070c1b
00080d1c00070c1b00070c1b00070c1b
00080f22000a102300090f2000080d1d
000a102300090f2200090f22000d1326
000b1124000b1124000b1124000a1023
000a1122000b1223000b1223000b1123
000b1223000c1324000b1223000b1223
00111a330010182e000c1524000c1324
0039405b002c304d001f264100172139
000d14280010193100151e3d001b2545
000d1425000d1426000d1427000b1225
000c132400131a2b000d1326000d1326
000c1324000b1324000f1627000d1425
001c2238000c1325000a1222000c1222
00978f9d008c8498008c879d00494c67
00191d320030344800464b66006e7188
000c1123000b122700101627000e1327
000b1220000b1221000a1120000c1222
000c1120000c1120000c121f000b111f
00161924000f1320000f1422000d1221
0015182500121621001c1f2a00232530
002728340021233000171b2800181e29
002728330025272f002a2a3300272832
00292a37002f313b0022243100232534
008695b3005f6b8700262e45001e2132
009da7bf009ba5be00949fba008b98b5
00aeb2c600aaafc600a4abc4009fa8c2
002e619200183d7a00091a6000081c60
001b507900366e9c003972a100396c9a
00051122000a1e3c001a3f6a0010446d
00080b1d00060c1c00080e1b00070e1c
00070c1b00080d1c00070c1b00070c1b
00070c1b00070c1b00070c1b00070c1b
00080d1c00070c1b00070c1b00070c1b
0009102300080f2100070e1f00090e1d
000a1023000a102300080e21000c1225
000a1023000b1124000a1023000a1023
000a1122000b1223000b1223000a1123
000a1023000a1123000a1122000a1122
00111a3500101930000d1527000b1225
003d435e00323653001d243f001c253e
000c132800101932001e294800263052
000c1324000c1425000c1326000b1225
000b122400101629000f1528000d1427
000b1224000a1124000e1527000d1425
00272a3e000c1124000a1021000c1221
0078728600807b90008d899b0063657a
00161931002728410032364f00575871
000b1122000a1225000d1327000e1329
000a111e000a1120000a1120000c1221
000d1221000b101f000c111f000b111e
001c1d280010121e00101421000c121f
00151926001216230017192400252631
0025263100272834001a1d2900171c28
002828340022242d0026283000282932
002628350031333d002a2b3700272836
008998b6007986a40038415b001f2336
009da7bf009ca7bf0095a0bb008d9ab6
00b2b4c900acb0c700a5acc4009fa9c1
002b62940018457b0005276600103f82
001c507b00356b9700356f9e0031699a
00071124000b2041001438650011416d
00080b1d00060c1c00090d1c00080d1e
00060b1a00070c1b00080d1c00070c1b
00070c1b00070c1b00060b1a00070c1b
00070c1b00070c1b00070c1b00070c1b
00080f2100070e1f00060d1d00080d1d
000a1023000a102300080e2100090f22
000b1124000a102300090f22000a1023
000a1122000a1123000b1223000a1123
000a102400090f22000a1123000b1123
000f1934000f1831000b152c00091129
00383f5d002c314f001b233f0018223c
000c1228000e163000212c4c00283457
000c1225000d1326000c1226000b1225
000a1124000b1124000e1427000d1326
000c1326000b1226000b1225000b1225
00232538000b0f22000a1022000a1123
006360790064637b0076758700606276
001b1e3a00302f4d00363653004c4a66
000b122000081322000c1528000c152c
0009101d000a111f000a1120000b1221
000c1220000a101d000c111f000b111e
002829340012142000141724000b111e
001a1f2b001518250017192400252630
0022212b002827330023242f00171c26
002627340020222c001f222a002a2c34
0021243300272933002a2b3600222230
008a98b5008692b100505976001d2339
009da7bf009ca6be0096a1bc00909cb7
00b6b6cc00adb0c800a6acc600a0aac2
002353800014406e00073069000f4c8c
001f507e002b5f8d0029629000285a8a
00081126000e274b00173c69001b4674
00070c1c00060c1b00080c1c000a0d20
00060b1a00070c1b00080d1c00080d1c
00070c1b00060b1a00060b1a00060b1a
00070c1b00070c1b00070c1b00070c1b
00070f2000060d1e00060d1e00080d1c
000a1023000a102300080e2100090f22
000a1023000a1023000a1023000a1023
000a1023000a1023000b1124000b1124
00090f25000a1023000b1124000b1124
0018233f00232e4b001f2b49000f1a36
002d3759002a3352001c2543001b2542
000c1228000d152e001d2848002b385b
000b1226000b1225000b1125000c1225
000a1124000a1223000c1324000c1325
000c1226000d1428000a112500091023
001c2134000a102200091023000b1125
007f7d92006e6e8600696a7f00595e75
00393e5c00545470005f5f790076738a
000c1222000a1328000c152c00171f3c
000a101d000a101e0009101f000a1120
000c122000090f1d000a101d00090f1c
002527310010121e000e121f000c111f
00161c2800171b280015172200252630
001f1d27002a2733002d2e39001b1f29
00212130001e212d00191e270020222a
00171d2e00282b36002d2e3800262532
008c99b5008994b3006f789700272e48
009ea8c0009ba6be0096a1bc00929eb9
00b8b6cd00aeb1c900a7adc700a1abc5
00133c62000f3359000d2c5a000a396b
0026518000255582001d527e001a4772
0007122900113156001b457100224d7b
00060d1b00060d1a00060b1b00080c20
00060b1a00060b1a00070c1b00080d1b
00070c1b00070c1b00060b1a00060b1a
00070c1b00070c1b00070c1b00070c1b
00080f2100070d1e00060d1d00070c1b
000a1023000a102300090f2300090f22
000a1124000b1125000a1023000a1023
000b1124000a1023000a1023000a1125
000a112b000a0f26000b1126000b1125
00333e5c003e4a69003e4a6d00202c4d
0035406500374263003a446400364060
000b1227000d17310017234200344063
000d1429000b1229000a1126000b1225
000a1124000b1224000d1325000b1124
000b112a000d142c000d142a00091025
001e253b00070f2200081025000d122b
009897a7008e8fa60081829b00646b85
00565c7b008181970088869b009997a5
000e152c0011193500101b3700263253
00090f1d00090f1f000a1121000b1224
000e1421000a101d00090f1c00090f1c
0025263100171824000f121f000c121f
001519260016192600141622001e1f29
0026242f002a283200292933001e202a
001e1f2e0023263300181e28001e222b
0010172a002126320032323c002f2d3a
008e9ab6008a95b400808aaa003c4560
009fa9c2009ca5be0097a2bd00929eba
00b6b5cb00aeb0c800a8aec800a2abc5
000d3258000b2c52000e294f000d2a50
002551810025517e001f4c7600184068
0008132a0016375c001f4b7500244f7e
00050c1c00060e1900060d1a00080b1e
00060b1a00060b1a00070c1b00070c1c
00070c1b00060b1a00060b1a00060b1a
00060c1d00060c1d00070c1b00080c1a
00090f2100080d1f00070c1c00070c1c
000a1125000a1124000a0f2500080e23
00091128000b1129000a1125000a1025
000b1125000b11240008112600071128
00171f4000080f2b00091029000b1128
00515a7c0059638200636c8c00475075
004f5b8400636d8f006f789300646d8b
000b142c00101c3c001a274a00404b70
000b122c000e163300081129000a1225
00081129000a1127000d1228000a1127
00151a39000d1533000f1736000a112d
002f3451000910260009132b00171e3e
00a5a4b300a0a2b5009598b0007c849d
006e7693009b97ab00a6a0b000a9a7b3
00152140001f2946001b294800354669
000b1124000a1127000d162f000e1833
000c1121000a0f1e00090f1c00080e1d
0023232f00181926000e111f000b101f
001b1d28001c202b0014172200191b26
0021232e0024252f00322e37002f2b34
002322300020212f00161b2800161a26
00151d3200191e2c003737410036323e
008e9ab7008996b4008390ad0059657f
00a5aac300a1a6c00099a2bd00929fbc
00b9b7cd00afb0c800a9aec700a7acc5
00113055000f2a4f0010284c000f274b
0020508200215080001f4a7600193d65
000812290017376000204b780022507d
00080b1e00080c1c00070b1d00090b1e
00060b1a00060b1a00070c1b00070c1c
00070c1b00060b1a00060b1a00060b1a
00050c1d00050c1d00070c1b00080c1a
00080e2200090e1f00080c1c00070c1c
000a122b0009112a000c132d00080f27
0009112d000d1430000a112c000a112c
000c122c000d122a000c152e00091230
0027314e000d142f000b132c000e162e
00616e8e005a67830059637e004c5575
006c789f00848ba900898fa8007b85a0
001218370018244a002c3b64004c5984
000b133400171f43000c1432000b1029
001320400016203f001c234300081231
00394265001e294b00222e5300121d40
00394166000a1333000c183500303c63
009d9eaf009da0b3009597ae00888eab
006e738c008a889d00918fa1009999a9
001c2a4d002f3b59002e3b5a003d4b69
001d263d001f2843001f2947001c2948
000d1322000a101f00070f1e00091123
0028293500181927000e111f000a1120
001a1b26001b1d2800161823001e202b
001c202b0020212b0035313a00332d37
002929360020202e00181c2a00121824
00232c4400111728002c2c390036343f
00909cb9008a97b5008592b0006c7794
00a9adc500a3a8c1009aa3be0094a0bd
00b9b7ce00b2b3cb00aaaec700a9aec7
00142e550012294d0010274b000f264b
0021518000204e7d001e4874001a3a65
00071129001a376200214a7900224e7c
00070c1c00070c1b00070c1d00070c1e
00060b1a00060b1a00070c1b00070c1c
00070c1a00070c1b00070c1b00060b1a
00070c1b00050c1c00060c1b00070c1a
00070d2400080e2100090d1d00090c1b
000c1536000a143400131e3b000d1733
0011193d000d1638000c153800081133
00151c39000f163300121a3800172044
000d152b000e132c00181e3400222a41
0072788a005e657700252b420011192e
007884a600818aa9007d82a2006e728d
001e2952003644710050608c0063719c
001b264e0028335f00152049000e193e
00465077004f577d00474f7400273156
0068729700515b8000545e8600414973
003a4973001a2b57001f2f5700465584
00383c55004e546c006e728a007b839f
007a7481004140520020243a00282b40
00152245001e294700495067006c6b7c
00384560004956750038446600243254
000f1422000a102000060f22000d192f
002424300017182600101321000b1120
0025252f001e1f2900191b25001e1f2a
00191f29001f212b002a293200312d36
00262732001d202c001e222f00111824
00343e5a0010172c001b1e2d002f303b
00929ebb008d99b7008793b3007783a2
00aaaec600a4a9c2009ca5bf0096a1bd
00b9b6cd00b2b3cb00aaaec600aaaec6
00102c540010284c000e264a000d264b
00234f7b00214c7a001d437100153662
0007132a0019365f00214a7800214d7a
00040c1d00050d1a00050e1c00050e1f
00060b1a00060b1a00060b1a00060c1c
00070c1b00070c1b00070c1b00060b1a
00070c1b00070b1c00070c1b00070c1b
00060f2900070e2300090e2000090d1c
000e1b4200111f4600192a4b00192848
00232f570017244b0017234d0009153e
0040455f00252e4d001420400018234b
000d1428000c122b001e223500515464
00b5a8a5006a6571001e1f3700151b2f
007181a80065739c005f618200938892
004a5a87006b7ba4007483a7007a88ac
00636c8e0057638c003e4e7900394a74
007e81a0009a9ab8009c9bb7008588a4
009199b5008f97b200878dac008587a9
005b648a004c5d890056668d006d7ba4
00181e33000c142a0039394e00767787
0093858a002a2b3c001c2339003a3c4e
0016234700404962007f7e8c00a19498
004858780055668900404f7400213056
00101522000c12230006102600182641
002828340021233000121724000b121f
002e2c36001d1d270020212b001b1b27
001118220020212b0023242d00312c36
00242632001a202b001e222d00111923
004f5a7900141c360010172900242833
0095a0bc008f9ab8008693b3007d89aa
00a9adc500a4a9c1009fa6c00098a2bd
00b7b6cc00b3b3cb00acafc700aaadc5
000d2950000d274b000d254a000d254a
001b4c81001d477b001a3d6e0011315c
0005142c00153363001c488000194c82
00060c1d00070c1c00050d1d00030e1f
00060b1a00060b1a00070c1b00070c1c
00070c1b00070c1b00060b1a00060b1a
00070c1c00070b1d00070c1b00070c1b
000e1b3900050e2700090e2300090d1f
00162853002335600022375c002d3f63
00243461003445710037477500192b56
00606478003c4868002f406400192952
00181b30000c132d001c1f2f00626069
00bdaea9005151630033355200535267
00556a9800505b86008c839500c9b3ac
007786ad00808eb100818faf007585ab
00a3a5bb009399b8007f8bad007684a9
00b1adc200beb5c800c2b7c700bcb5c5
009ba1b700a4abc000a8aac300aeabc4
0076799300687499007583a700858fae
001a2032000c152900413d4c00958d95
008d808600202539001c253e00414151
002d3d6500555f7b0083808e00a69598
00495d7e00506387003b4d74002b3c66
000f1421000c14250006112900263553
002524300020212d00101422000a121f
002e2a35001a1923001f1e28001c1b26
000f16200020202c0025252f00333039
0021253100181f2a001b202b000f1823
00646f92001f2946000b142900171d2b
0098a1bd00929dba008894b400828eb0
00abafc700a4a9c100a0a6c0009ba4bf
00b6b5cc00b3b3cc00afb1ca00acaec6
000b244e000b234b000c234a000d2249
00124c930013418200123269000e2857
0004133100102d6d0014408e00104a95
00090d1a000b0b1c00080b1e00030e1f
00060b1a00060b1a00060b1a00070d1b
00070c1b000a0f1e00070c1b00060b1a
00080d1e00080c1e00070b1d00070c1b
002031540008143100070f2600090e21
0031477000465c84003d547a0041587d
002a3d6c003b4e7c0042568300314671
00646a81003e4e710032446c00253a65
000f132a000a122b00222434006e6a76
00bfb0b1004e4e65001d2443001d2238
00465b8c00767e9a00b3a7ac00d2bab2
00818db2007c89af007182ac00566b9f
00b1afc400a6a7c30099a0bd008e98b9
00bdb4c700c7bac800d0becc00c7bac8
00959bb400a3a9c100aeafc800b6b1c7
009694a100787d9c00717da5007e8aac
000b132d00121b3100635b6700aca0a3
00968a9300343649000e1733000f142d
00374c7a00495a8200747895009b929f
00536787004b6082003f537a00384c78
00101622000d14270009142d00384865
00211f2b00191a26000f1421000a121f
002b2732001c1a2400201f290023222c
000f152000191a25002c2c3600312d37
00181e2b001c233000151b2700131a26
007681a300363f5e000d162d000d1425
009ba2be00949eba008c98b6008390b0
00a9adc500a4aac100a0a7c0009ea5c0
00b3b3cb00b2b2cb00b0b1cb00adaec8
00091f58000a2459000b245200091f47
0011509c000d3d8100092563000b2059
00061231000d256c000e3790000e489e
00070d19000b0c1b00090c1c00050e1d
00070c1b00060b1a00070c1b00070d1a
00070c1b000a0f1e00070c1b00070c1b
00090e2100080c1e00080c1e00070c1b
00405379001927480009122d00080e23
00586f95005f779b00546b920050678d
00324877003b4f7d00465c8600526890
005463840040537c0032447300243b6c
000b112b0011182d004547590072758b
00cabbb70078727e001e213c000f1531
006870a2009696b100b9b0b400d0beb7
007d8bb1007988b1006a7dad005063a0
00a7a7be009fa3c000979fbd008997b9
00c2b9c800ccbeca00d3c0cd00c7bac8
00949cb7009fa5bd00aeafc600b9b4c7
00a29cab009291ac007481aa007c8cb1
001a223c00484c6000a1939e00b5a8b1
009591a500737388002c2f49001d2038
00485e8c004e6090005b6793007b7e9d
00667997006277960053698e00475d87
000e1524000e1429000f193300485673
00201e2a001c1d2900111522000b1320
0028252f001f1e280021202a0023222c
000f1320001315200035333d002e2b34
0011172500181c2b00101524001a1f2d
007e89aa00545d7e00181f3a000b1125
009ca2bf00969fbc00909cb8008895b3
00a7abc300a4aac200a1a8c1009fa6c1
00b1b3cb00b0b1cb00b1b1cb00acadc7
000a2169000c286b000d265d00081d47
000e478b0009357600072264000a1f65
0008133000081e5c00072d7a000c428e
00040c1d00080d1c00080e1c00050e1e
00070c1b00060b1a00070c1b00060d1c
00070c1b00080d1c00070c1b00070c1b
00090f2300090d1f00080c1e00070b1c
0052668e002d3d61000d183600070f27
006f86a8006b81a30061779d005d7299
00344a7900495e8c005b7198006a80a4
004b5f8a00475a8900425386002a4277
002a2e4b00454c62006e728b00626b8d
00cfb9bb00b6a8af006f6c7c00383a57
008486b7008e8eb600a8a4b700c8b9bb
007c8aaf008792b6007482ae00546398
00aaaac2009ea4c1008f9bba008293b5
00c2b9c900cfbfcb00d9c3d000c8bacb
009ea3be00a2a6bf00adaec500b8b3c7
00747b9c008b8fb000717da8008390b5
00706f850088889e00958da5007c7e9c
00727b9e008388a600848097008a8191
00596d950064739e00606d9a00616e98
006f819d006b7f9d0061779900596e95
000c1323000c132900111b36004f5d79
001f1e2a0028293600141826000b1320
002827310020202a0023232d002a2933
00131724000f121e0022212b0027252f
000d122300111424000e142300191e2c
008692b1006c759500323954000b1227
009ca2c00099a1be00939fb9008c99b5
00a7acc300a1a9c000a0a7c100a1a7c3
00aeb1ca00afb0ca00b0afcb00abacc7
0009216b000b2667000c255a00091e46
000b3871000a306f000b276a000b226b
000715380009235900062c6900093872
00040b1d00080d1a00090e1d00060e20
00070c1b00060b1a00070c1b00070c1d
00070c1b00070c1b00070c1b00070c1b
00080f2500090e1f00080d1d00060d1c
005e7299003a4d72001020420006112e
00768bac007387aa00697ea40062779e
00435a87005d749d006a81a5007085a8
00606f99005d6e9c004b6295003b5386
006f6e8a00616b8c005d678e005e6b94
009e96ad00a79bad00a89bac008d8399
006d79ac006b77a900767da9008c8aaa
008590b2008f99bc007785af006073a4
00aeaac4009aa1c0008594b6007e8fb2
00beb7c900d3c1cb00ddc7ce00c6b9ca
00aaaac000a6a9c100acaec400b4b3c6
006b75a3007881a800858fb2009399b6
00908ba5008987a7007c7da6006d73a4
00808aab008488a8008b86a3009a8ea9
005b7397006e80a7007c88ae007f8aae
006c7f9b006e819e00677a9c00657a9d
000b12220009122700101b3b004d5c7a
001a1b2800181a28000f1523000b1221
001c1e28001515210020212c0022222e
00121825000d12200012152000161923
000a1122000c1320000d1521000e1622
008d97b3007f89a50046506c000f1730
009ba1c0009aa0be00969fbb00919bb6
00a6abc3009fa6c0009da5c1009da5c2
00aeafcb00acadc900acadc700a9acc5
00081f6500071f5800091f4900091f3a
0009376a0011366c0017336f0011286e
000b1b4c00122d78000d307c000a3672
00060b1e00070d1a00090f1d00060e23
00060b1a00060b1a00060b1a00060b1c
00070c1b00080d1c00070c1b00070c1b
0009102a00090f2200090d1f00060c1d
0060749d003c5077001b2d54000c193a
00768aad007589ae006d81a800697da6
0050689200657ca2006c82a6007085a8
006c7aa7005c70a2004d669b00476093
009490a9007f84a7007781ab007581ac
009e94b100ae9eb100c0adbb00ab9dab
008b8eb700868cb6008486b3008c88b0
008792b3009097b8008891b6008891ba
00a2a6c200909cbc008194b8008090b4
00bbb6c800ccbec700d2c1c800b7b0c4
00b1abc000aaa9c200acadc400b2b0c4
007a7faf00868ab1009898b600a9a4bc
00a99bb4009c91b3008a86b2007d7eb0
00939bb5009d9eb500a8a1b700afa1b8
006981a6007186ab007f8eb1008a95b3
006e819c006f819f007081a2007186a6
000b12210008112600111c3e004d5c7b
0017182600131624000e1523000b1221
00141823001215200017192400181925
000d1321000d1221000e1320000f141f
00091022000a1220000b1320000a121f
00929ab4008992ab005e6781001b233c
0098a0be0099a0be00979ebb00939ab6
00a5aac2009fa6c1009ba3c00098a0be
00acadca00abacc800abacc600a8acc4
0007206000071d4a00091b3c000a1b36
000b3f850015447c001a417300112f6d
00112a6500113795000f3499000b388e
00070c1c00060e1b0008101e00051026
00070c1b00070c1b00070c1b00070c1b
00070c1b00080d1c00070c1b00060b1a
000b143100090f2400090d2100070d1f
005e739e003f537f00273a650018274c
00748aae007489ae006d82a8006a7fa7
006980a6006b81a5006a80a4006f85a9
00697baa005872a300546fa000556f9c
009893b6008d8db6007e86b200727fac
009e92b200a99bb500b0a0b900a59ab5
008a8fb5008c90b8009490bb009c91b9
008392b3008b95b4008f96b5008a8fb3
00969fbd008695b9007f92b9007f91b7
00bab3c800c7b9c700c9bcc700a9a7bd
00b0adc300aaaac400abaac200b1adc2
00858db9008c93b900999ab900aaa6bf
00938db0008e88b0008a88b3008689b6
00848fb1008d93b4009193b3009493b3
007b8caf007b8cb0007b8baf00808eb1
007285a0007688a6007c8eae007d8fae
000b11200008102600131d4000526181
001216230010152300111827000b1221
000d131e000f131e0010131f00131523
000e1322000b0f20000b101f000b111e
000c1124000c1120000c121f000b111e
00969bb5009096af0078809800343d53
00949ebb00979fbc00979dba00979bb7
00a1a7c0009ca3bf0098a0be00969ebc
00acadc900abacc600a8acc500a6aac3
0007225d00091d4900091a3e00091a3a
001550a8001653970010477e000a336f
000b2e6b000c419d000b36a300103ea7
00090c1d00070c1e00080d2200040f2b
00070c1b00070c1b00070c1b00070c1b
00070c1b00080d1c00080d1c00070c1b
00101a3900080e2500090d2100070d1e
006076a100405785002d426f0027375f
006f86ac007187ae007186ad006c81a9
007489ac006f84a7006f85a9006f86ab
00667cad005b75a6006075a4006a7fa7
007b85b0007d86b2007484b0006c7dac
007c85af007d86af00858bb4007c84ae
008891b5008791b900888cb900878ab8
007f92b5008293b1008c98b6008c94b4
00929bbb008591b8008292bc007f91ba
00b8b0c600c7b8c900c7bac900aca9c2
00a8acc300a5a9c200a8aac200afabc2
008691b8008a95ba00979dbc00a6a8c2
009190b8009291b8009192b8008a8fb7
00888fb5008f91b8009392b8009594ba
008392b1008594b6008292b500818fb3
007889a5007e8eac007e8ead008393af
000c10220008102600151e4200596787
000f1421000e132200151c2b000b1121
000a111e000c121f000d121f00101421
000b101f000b11200009101f000a121f
000f1527000b1120000b111e000b111d
009296af008a8ea6007a819800474f64
00909ab800929bb900959ab8009598b4
009ea4bf0098a0bd00959ebc00939abb
00abacc700a8abc500a4a9c200a1a6c0
000b245b00081c4900081b4a00091b4e
001850a60012529e00094486000a3373
0009316d000b428d000b369000123c9c
00090d1d00070c1e00080c2300051235
00060b1a00070c1b00070c1b00070c1b
00070c1b00070c1b00080d1c00070c1b
00121e3e00090f2600090e2000090d1d
006379a300465d8a00314875002c3f67
007288b0007288b1007387b0006d81aa
007689ab007488ab007389ad007187ad
00687fac006c83ae007587ac007a8cae
006b7fb1006d7faf00687eac00687ead
007588b6007386b5007685b6006f81b3
009196b7008892b600818db7007b8ab7
007d93b8007f94b5008797b7008e98b8
00919aba008693b9007f8eb8007f92ba
00b5adc500c2b4c700beb3c700a6a6c0
00a7abc200a3a8c100a9aac200adaac3
008e94bb00989cbe00aaa7c200b5b1c6
008b8dbb008c8eba008e91bb008b90b9
008d92b7009597bd009797bd009494bd
00929dbb008f9ab9008a96b8008b95b8
007e8ca8008795b2008794b300909db9
000c11230009102700161e4200596586
000b101e000d122100121928000b1223
0008101d0009101e000b111e000c111f
00090f1c00090f1d0008101d000a121f
0010182a0009101f0009101d0009101b
0065698500595e7800474f6700323a50
008893b3008992b1008389a700767a98
0098a0bf00939cbc008e98b9008b94b6
00a7abc400a5a9c300a0a5c0009ca3bf
000d215c00081c4f00071b5c00081b68
000f3982000d3a8b00083181000d2973
000a2e690008386e00083166000d316d
00070e1d00080d1d00080d210006153c
00060b1a00070c1b00070c1b00070c1b
00080d1c00080d1c00080d1c00070c1b
001623440009102700080e1e00090f1c
00677ca600536996003a517e0031456e
007388b0007589b2007285af006d80aa
00778bad00788cb000798db100778bb1
007c91b700889aba008d9cb9007f91af
006b7eb100697cac007084b100758ab6
00798ab5007a89b7007d88b8007885b7
00999dbd00949bbc008c94b900818cb5
008094b9008395b8008a98bb00919bbc
008e9ab9008493b6008092b9008093ba
00b4aec500b7adc100b0aabf00a2a4be
00aaa9c200a7a9c200acabc200ada9c3
00a5a3c300b6afca00c1b8cc00bbb2c5
007e86bb008088b900898ebb009698be
008f96ba008b92ba008a8fbb00878ebd
0097a2bb0095a0bb00939cba00949cbd
00838eab008a94b200919ab80097a1bc
000b1122000a102800181e44005e698a
000b101f000c1120000f1525000b1122
00080f1d00090e1d000a101e000b111e
00090f1a00090f1c00090f1c0008101c
0018203300080f2000080f1d00080f1a
00454d6b00333b58002d3651002f3750
00808bad007e88a9006d7697005d6685
00919cbd008994b7008590b400818db1
00a8abc500a3a7c3009ca3bf0097a0be
000b1c5b00071b5800081e66000c2271
0009296e000a257700091f6f000b1c66
000a2e73000b336a0009315b00092b5b
00050d1d00080e2000070c2500071a4a
00060b1a00070c1b00070c1b00050b1b
00080d1c00070c1b00070c1b00070c1b
001725460008102700070d1d00090d1b
006b7ea700556a960041588500354973
007d8fb6007688b1007283ae006f82ad
00798fb5007a8eb3007b8db2007f91b7
008c9ebd0093a3bd008598b5007a92b5
008991b9009199bd00929cc0008998bc
00949ebc008a98ba008592b800838eb8
00929dbf00979fc000a1a3c000a2a3c0
008798ba008b98ba008e9bbd00909dbe
00929bba008593b5008192b6008395b8
00b6b0c700bab2c600b2acc100a6a7c1
00a9aac600aaaac200acaac200aeadc6
00bfb4c900c3b8cb00bdb7cc00b0aec7
00969ac000999cbf00a3a3c300b4aec6
00a4a5c1009ca1c100979bbf009297bc
00a4a6bf00a9a8c100b0abc400aca9c2
008690ac009197b4009a9fbc00a1a5c0
000910220009112800181f4500616a8c
000a0f1e000d1322000d1423000c1324
00090e1d000a0f1e00090e1d000a0f1e
00080e1b00090e1c00090e1c00080f1b
00313950000c14270009102000090e1c
005a678700515d7b004b56730048526d
007d8aae007b87ab007380a200657294
008794b800808eb3007e8cb2007b8aaf
00a8abc600a1a5c20098a0be00909bbd
00071c5300061c520009205e000e286d
000b2c80000a226d0007175600081953
0010338800113584000d337d000c2e7c
00050e1b00070d2100060e2d000a235f
00060b1a00060b1a00060b1a00060c19
00080d1c00070c1b00060b1a00070c1b
0016244700070f2700080d1e00080c1c
00687aa400576b9700445a8800384c77
007e8eb5007585af007384af006b7eaa
007a8db6007c90b6007d8fb4008192b7
009aa4be00a6abc200949fbb008697bd
00a0a7c4009ea9c5009ca5c300929ebc
00adafc900a9acc700a8acc600a3a9c4
0096a2c1009da6c200a5a8c200aeadc7
00909dbd00919dbc00909fbe008e9fbe
009a9ebd008f98b9008b99ba008c9bbb
00b5b1c700bdb4c900b8b0c600aca9c3
00a6abc600a8abc300a8aac100aeadc5
00c2b7ca00c1b7cb00b6b2cb00aaadc8
00b5b1ca00b4b1ca00b6b3cc00beb7cd
00bcb3c800b6b3ca00b3b0cb00b3afcb
00ada9c300bcb1c700cdbed100c7b9cb
008a91ae00959ab7009c9fbd00a0a3be
00090f2200081027001c234900687092
00090e1d000b1121000a112200091021
00090d1c000b0e1d000b0f1d00090e1d
00090d1b00090d1c00080d1c00080e1c
00606a8500222a42000a112300090e1d
007180a200707e9f006d7a9a00697592
007d8bb0007b8aaf007888ad007385a9
00818eb4007a8bb200798ab1007989af
00a7abc6009ea3c200929cbd008b95b8
00071e4a00081c4400071d49000a2459
000b3f930009296d0007174e00081a4b
00234892001d449200123e99000d449b
00090d1c00070c24000414390012306e
00060b1a00070c1b00070c1b00070c1a
00070c1c00070c1b00070c1b00070c1b
00131f4400080f2100080d1d00060b1c
00667aa4005a6c980043588700324775
008090b6007787b1007283af006b7daa
00788ab3007c8db4008091b6008191b5
00a6aac500a5a8c300949fbe008393b9
00a4abc400a1abc600a1a7c6009ea4c3
00aaadc900a9acc800a8acc400a6adc3
009ba4c5009fa7c500a5aac700a9acc9
008f9bba00939fbc00919ebe00909dbf
009a9fbd00929abb008f99bb008f9bbc
00b5b5cb00b9b4cb00b4afc800a8a6c2
00a6aac400a6aac300a8aac200b4b1c9
00bdb5cb00bbb4ca00b3b1c900a9abc6
00b5b1cb00b3b0c900b6b3cc00bbb5ce
00ccbccd00bdb7cb00b8b2ca00b6b1cb
00aba7c300c4b8c900d2c3cc00d4c2cd
008c91ae00959bb7009a9ebc009c9fbd
000a0f2100071027001d274d006a7294
00090e1d00090f20000a1122000a1021
00080e1b00080e1b00090f1c00090e1c
00080e1900070d1a00080d1d00070d1d
00707fa0003a4463000b132a00090f1d
007d8dae007a8aac007386a8007183a2
007989b100778ab0007a8bb000778cb0
007d8bb3007588b3007888b1007988b1
00a6aac20097a0c3008997bb008590b3
00081c4800081c460005194400051b4a
000e4d9400092f69000b1b4c000b1a48
003b5891002f589300124e9c000d56a4
00090d1a00040c2600051944001b3773
00070c1b00070c1b00070c1b00070c1a
00060b1a00070c1b00070c1b00070c1b
000e1a3b00070c1e00070c1c00050b1b
006378a4005a6c9a00415685002f4371
00798ab2007686b1006f80ac006a7daa
008192ba007e8fb6007c8bb2007a8ab0
00aaabc700a0a4c3008a96b9007e8eb6
00a8afc900a9afcb00a9acc800a8a9c4
00a9acca00a9accb00a8adc900abb1cb
00aba9c900a8a9c600a7aac600a8acc9
00909bba00979fbc009da3c000a6a8c6
00979fbd00909bbb008d99bb008e9bbb
00b4b3cb00b8b4cd00b2afca00a6a7c5
00a6aac400a4a9c300abacc700b5b1cb
00c0b6cb00bab3ca00b0afc800a7aac6
00b3b0cd00b5b1cc00bab4cd00c1b8ce
00dac7d300c8bccf00bbb3cd00b7b2cf
00a7a6c300bfb7c800d8c6cc00ddcacf
009093b0009499b5009a9ebc009da1be
00090f2100060f27001a254c00686f91
00090e1d00090f1e0009102100090f21
00080e1b00070d1a00090f1c00080e1b
00080f1900080d1a000a0d1c000a0c1b
005c6d8d0044516f00111a3300060f1f
006d7a9b005e6c8d005666870058688a
00778ab1007b90b0008393b4007b8baa
007185b1007285b1007687af007687b0
00a2a8c400909bbf00818eb7007987b1
00081b4c00081d5400081b5000081a4b
000b4c9000052c6300091c47000a1942
00314d8800255292001256a1000f5ca7
00050e1900030e240006184400192f6b
00070c1b00070c1b00070c1b00070d1a
00070d1a00070d1a00070d1a00070c1b
0008132f00070c1d00070c1c00070c1a
006175a300556997003f548300273a68
007283ae007485b0007081ac00697ba7
008593bb00818fb6007a89b1007484ae
00aaa9c500999fc1008a96bc008291ba
00abadc900b4b3cd00b6b3ca00b4afc7
00acaecb00aaaccc00adaecd00acadca
00c1b5ce00bbb1ca00b5afc800afaec9
008f99bb00989dbc00a6a4be00bbb3ca
008e9bbb008b9aba008c98b9008b97b9
00b4b2cc00b4b1cc00afadcb009fa4c3
00a4a8c400a3a7c300acadc900b4b1cc
00c2b7ca00bcb6cc00acadc700a1a7c4
00b9b2cc00bcb4cd00c2b9cf00c5bace
00e5ced300cdbcce00bfb5cf00b9b2ce
00a5a6c300b2adc100d8c6cd00ecd7d7
009597b5009a9db9009c9ebc009ea1be
00080e2100040e27001f2a5100717799
00080d1c00080d1d000b102100090f21
00080d1a00070d1a00080e1b00080e1c
00080f1c00070d1b00080d1b00080d19
0030395000262d450010162d00070f20
00191f360012192f00111b33001e2742
007e91b3007b89a9004d5a7f002a344f
006a80af007285b0007589af00778aae
009da4c3008694b9007483b1006b7daf
00061b5400071e640009206200092057
000c449600052c700008225200061b47
00153c8d0010429c001553ac00165bac
00050e1d00020e270007194e000f2b74
00070c1b00070c1b00070c1b00070d1c
00070d1a00070d1a00070d1a00070d1a
00050f2600070c1b00070b1b00080c18
005d71a0004e6593003d52830021315f
006f7fac006e7eac006c7ca9006879a6
008b96bc00838eb6007b89b2007383ae
00a3a4c2008c98bc008d9ac1008b99bf
00b7b0c700c2b7cc00c1b7c900bcb4cb
00b8b4cc00afb0c900b9b5cf00b9b1ca
00c5bacd00ccbdd100cdbcd100c3b7ce
008591b7009299bb00a9a6c000beb3c7
008b9cbe008a99bb008996b9008390b7
00b3b2cd00b0aecb00a7abc9009aa4c4
00a2a7c400a3a8c500aaadca00b1b0cc
00beb6cb00b8b5cc00a9abc6009fa4c2
00c8bbce00cabccf00cdc1d500c5bacf
00e3cdd000d8c2d100c9b9cf00c4b9cf
00a6a6c300b6afc600d8c5cf00e7d2d4
009697b4009d9ebb00a3a2c100a4a4c2
00090e2100050f2800222d5400757a9d
00080d1c00080c1c000b0f21000a0e21
00070d1b00070d1a00080e1b00080d1c
00080f1e00070d1c00070e1b00070f19
0060606c003f3e4e0013152900090f21
002c2d38000e1321000b11260023283c
007d89a70054576e001a1d3b00292939
006a7dae007385b0007a8cb0008795b5
00939ebc007889b300657aac006278ab
000620650006227100092770000a2965
000c399900092f84000b2a6e0008235f
000b429d000c3ba6001340ac001345a8
00090c1f00040e2d000a2664000e3f8f
00070c1b00070c1b00070c1b00090d1d
00080e1a00070d1a00070d1a00070d1a
00040d2000070b1a00070c1a00080c18
00556a99004b6291003b518100182751
006f7fad006d7dab006a7aa8006576a4
008c96ba008891b800808cb5007583b0
009da2c2008b9bc0008a9abe008a99b9
00cdbdcd00d1becd00c2b4c400b1abc2
00c6b9cd00c2bacd00c4baca00cebece
00beb7c800cec0d100d5c1d300cfbcce
007887b300838eb5009d9ebc00b3adc3
008e9ec1008b9abf008592ba007a89b5
00b3b2cc00aeadc900a4aac80098a4c5
00a1a7c400a3aac700a9aecb00b0b2ce
00b2aeca00acacc900a1a5c2009ca3c1
00dcc9d400d3c2d200c7bbd100bab2cc
00dfcbd100d8c3d200ccbdce00d3c3d0
00b0aac600b3acc600cebcce00dccbd1
009595b2009d9cba00a3a0c000a7a4c2
00080d210007102900252f560074799c
00080d1c00080d1c00090d1e00090d20
00080d1b00070d1b00080d1c00080d1c
00090f1e00090d1c000a0c1b00090d1a
007a777d0062606b001f2133000a1022
002c2937000e1322000d1229002e2e41
007e8392008c8589002d2b3e002c2839
006a7dad007b8ab000909ab8008791ad
008999b9006d81ae005b73a6005e74a6
000c2b7900092a79000a2d74000b306c
00082c8b00092986000a287c000c2a77
000c4a9e000d399c000a2d9500092b8c
000a0e2100040f33000b2e71000d4c9b
00070c1b00070c1b00080d1c00090d1d
00080d1a00070d1a00070d1a00070c1b
00050b1d00070c1a00060c1900070c18
00536899004a609100344a7a00101e42
007180ae006b7aa9006979a8006071a0
008c95b8008c95bb00828db5007885b0
009aa1c200909fc4008e9dbf008d9ab8
00d5c1cd00d6c2cf00c4b7c800aca8c1
00cebbce00d2c0d100cebeca00d7c6d0
00b1afc600c0b9cd00c9bbcf00cdbccf
006f80b1007584b0008990b500a1a2c0
00909ec0008c9abf007f8db9007283b3
00b7b3cc00b4b3cd00a7acc90098a3c2
00a2a8c500a5abc800aab0cc00b0b3cd
00a0a2c6009ca1c300979ebe0099a2c0
00d5c4d100c8bacd00b5aec900a9a7c8
00d1c1d100d0bfcf00cebece00d0c1cf
00b1a8c700b9aeca00c3b3ca00ccbed0
009492b000a09ebd00a49fc000a8a3c3
00080d2000070f2800272f57006d7093
00080d1c00080d1c00080c1e00080c1f
00090c1b00070c1b00080d1c00080d1c
00080e1d000a0e1c00090c1b00080c1a
00817c840054526200202339000c1326
000d112b0009132b0013183000555160
00948f9a00baabae0040405600111833
006a80ae008a96b600a6a8c100666e8b
007d8eb600647aa9005c73a5005e73a6
00103382000c307e000b2e71000b2e66
00092578000a247900072170000d2c78
000a42850009367c00072a7200082469
0006102a0005124200082872000c428f
00070c1b00070c1b00080d1c00070e1f
00070c1b00070c1b00070c1b00070c1b
00060a1c00070c1900050c1900060c19
0052669800485d8f002c4072000a1939
007480ad006b79a8006675a6005c6e9f
008e98bb008e97bc008790b7007f89b3
00a0a5c50098a2c500909cc000909bbd
00d1bfcd00cdbecc00c5b8cd00b2afc9
00c8b8d100cfbcd200cdbccd00cfbfcc
009c9dbe00abaac700b4b1cb00bdb5cd
006b7db0007080ae007882af00888eb7
0097a2c1008c9abe007b8bb8006e80b2
00c1b7cf00bbb5ce00aeb0cc009fa9c6
00a3a8c700a9adca00acb0cc00adaec7
009196be00949bc100939cc00099a2c4
00b9b1ca00afabc800a1a1c5009599c0
00c7b7cf00beb3c900c2b5cc00bcb3cb
00ada5c700b4aac900b4acc700beb3cc
009795b3009e9bbb00a29cbf00a7a2c4
00090d1f00080f27002e365d00787a9e
00080d1c00080d1c00080d1c00090d1e
00080c1b00090c1b00070c1b00070c1b
00060f1e00090f1c00070c1c00070c1b
0076758500494b6500292f4c000c162c
001b214300172040004e4c620088838d
00737a9c007e7e9e00646588003c4062
006e84af00939dba00989db8006b769a
007384b4005f74a6005e74a7005d74a7
000c2e7d000c2f7e000a2d6d0008295e
000d2773000b226c00031b5c00072569
0008396700093566000c2e66000c2a65
0009174000091e5b0009246f000c3575
00070c1b00080d1c00080d1c00070e23
00070c1b00070c1b00070c1b00070c1b
00070b1c00070c1900050d1900060c1a
004e62940041578a0021346600071331
007581ae006b7aa9006273a400576a9c
008d97bb008b95ba00868fb600818ab4
00a2a4c400979cc000919bc000909abf
00c7b8cc00bfb3c700c1b5cc00b3afca
00b3accb00bdb2cd00c3b4cc00c7b8cb
008289b300969abf00a5a7c800acaac9
006f7fb200707fb000707daf00707bad
009ba5c1008a98bc007a8ab7007082b4
00d0c1d600c7bdd200b3b2cb00a5acc7
00a6a8c800afaecb00b8b6d000bebad0
008f96be00939cc100919cc10096a0c4
00a0a2c700989cc4008d93bf008a92bd
00bfb2cf00b9b1cc00b8afcc00afabcd
00a8a1c600aca7c600afa9c700b6adcb
009693b2009b98b800a59fc100a7a2c5
000a0e20000a112900343a60007c7da0
00080d1c00090e1d00090e1d00090d1e
00090c1b00090c1b00080c1b00070c1b
00060f1f000c0f1c000b0c1b00090c1b
004c537100384266002431530008152e
005d6490004f5982006365860061647f
007c84ae007d84ad008087ac00787ea6
007285ad00959fbd008893b1007a86ac
006e7fb1005e71a6005e73a9005c74a6
000b227e000b287d000a2c6e0005265e
000c3179000b277300051b6500091d6e
0007356b000b3575000c35700009346b
000a2157000e2f760009266b000b2e68
00070d1a00080d1a00070e1e00060f2a
000a0d1b00080d1c00060c1d00070c1b
00070b1b00070c1900070c1700090d1a
004b619300385187001a2c5e0008112c
00737fae006978a9005c6f9f00536898
008b96bc008590b8007e89b4007d87b5
00a2a4c400959dc000909bc1008e99c0
00b8b0ca00b9b0cb00b8aeca00b0adc9
00a3a5c700aeaccc00bbb3ce00b8b0c8
006775a9008088b400939cbf009da2c3
007382b5007180b300697bb0006276ad
009ca3c0008a95ba007a8ab7007182b4
00e0ccd800d2c3d100bab6cb00a6a9c5
00a7a8c800b4b0cc00c3b9ce00d5c6d4
009098bf00949dc000919bc200979fc5
009299c400888fbe00838abb00888fbd
00b2acca00b2adcb00ada9ca00a1a1c7
00aba6c500afaac900b0accb00afabca
009290ae009b95b500a59fbe00aaa5c4
00080e20000c122b0034385d00777899
00080d1c00080d1c000a0f1e00090d1f
00090c1b00090c1b00070c1b00080d1c
00080f21000b0f1c000a0d1a00080c1a
0045527b0037456d00243153000b1630
00737ca90067719f005d679300535e88
007e88ae007d87af007e86af007d84b0
006e82aa00969fbb00949ab3008089ac
00697aae006072a6006275a8006177a7
000c1c7d000b1f75000c24690009225f
000b3584000c2785000b1c7b000c197a
00093588000b368c000a3a75000a3c6f
00071e590011318300092a7500072e74
00070d1a00080d1b00070d200007112e
00090d1a00080d1b00070b1c00070c1b
00070b1b00070c1900070c1700090d1a
004a5f93002f487f0015265800070f29
006c7aaa006170a200536699004f6396
008a94bb00818bb4007c87b300737eae
009fa2c20098a0c300909bc0008e99c0
00ada8c600aca6c500aea8c800a9a7c6
00a3a5c700a9aacc00b0acce00b0abc9
005a69a2006973a500828eb600989fc2
007185b2007185b300687cae006274ab
009ba0c0008d95ba007e8ab6007484b2
00d7c8d400d1c3d400b9b3cc00a5a5c5
009ea5c600abaeca00bcb7cc00cfc3d2
008f99c300929dc300969dc200949dc2
00828cc0007782b800878bbb009395c2
00a8a5c500a8a6c7009d9ec4009095c0
00ada6c500ada7c700aca8c900aaa7c7
008f8eab009a94b400a19dbb00a4a1bf
00070d1e00080e26002d315400757797
00080d1c00090e1d000b101f00090e1f
00090c1b00090c1b00070c1b00080d1c
0009112400090f1c000a0e1b00080d1a
004b5b860037476f0025335600141f39
007580ac006d7aa8006472a1005a6898
008992b200848db0007f88ae007a84ad
006b7fa900959db900a2a4ba009297b5
006679ad005f72a5006376a7006379a9
00071a6b00081a62000b1c5e000c1e60
000a2d8d00092081000818710006186b
000d43a300093c9d00083a86000c3886
00081c5f00102e8f0010358f00114092
00090d1b00080d1d00070e2500071133
00090d1a00080e1c00070c1b00080d1c
00070b1b00060c1900060c1800090d1a
00485c90002c457b0016275800070e27
006674a7005b6b9f0053659a004f6397
008792b900838db7007c87b3006f7cac
009ea0c3009aa0c300929bc0008c98bd
00a5a2c500a4a2c500a2a2c400a2a3c5
00999cbe00a2a4c700a7a7cc00a7a5c6
00505e9e00666c9d008990b7009096bb
007388b3007284b2006979ad005e6da9
00939cbf008894ba007e8eb8007689b4
00c3b9cb00bcb6cb00ababc7009da3c4
00969fc200a4a9c800b2b0ca00beb6ca
008f9abf00909dc400979dc300959ec1
007a82b700858cba00a4a0c500a8a4c6
00a1a1c4009a9dc3008d94be00818bba
00a7a0c100a8a1c400a9a4c700a6a3c6
00898aa6009895b3009c9ab9009f9dbc
00080d1d00070d23001f244400696c8b
00080d1c00070c1b000e1222000a0e20
00090c1b00090c1b00070c1b00080d1c
000f182d00090f1f00090e1c00080d1b
004c5e8a00394b73002c3d620024324e
007886af006e7daa006575a4005b6b9a
00999db800959cb9008d96b700838fb4
006d80ab00939ab700a9a9be00a2a2bd
006377aa005e72a5006276a8006479aa
00061c5d00071b55000b1c59000a1c66
000a24890009196f0009166100071960
001553aa000b44a7000a3c9d000c3297
000a2068000f318d00134092001a549b
00090d1b00070e200006102a0007143d
00080e1b00080e1c00070c1b00090d1b
00070b1a00060c1900060c1800080d1a
00475b8f0030497e0017295700060e25
006270a50058689e0053649b004f6296
00858fb700808ab5007782b0006d7aab
00a0a1c5009da0c300959dc0008c97bb
00a5a3c900a0a1c700999dc1009da0c3
00979cbe009ca1c300a2a3c900a6a4c8
0049599900817ea600a9a5c0009a9dbf
007585b4007483b6006677b0005267a6
00868ebd007a87b7007286b5007489b6
00b5b0ca00afaecb00a0a4c600939ac1
008c95bc00989dc200aaaac900b2aec9
008e97ba008593bd008894bf008b97bd
00878db6009ea0c000ada7c400a8a5c3
009798be008e93bc00838cb9007b85b5
009e9abe009f9bbf00a09ec2009d9dc1
007b7d9b008d8bac009493b3009999ba
00090d1d00070d230014183a00505474
00080d1c00080d1c000a0e1e00090d1e
00090c1b00090c1b00070c1b00080d1c
00141e3700080e2100080e1d00080d1c
0054689400455882003b4e7400344363
008293b8007689b2006b7eaa006174a2
00a2a3bc009ca0bb00949dba008d9aba
006f81ad008c95b300a8a8bd00a8a8c0
006174a8005e71a5006376a900667aac
00081e57000b204e000c1f5100071d5b
00082170000b1a5e000e195b000a1b5e
00165095000f4699000d3e94000b3287
000e2a64000f377800103e7900144b81
00070d1c00050e2400081534000b1d48
00080e1b00080e1b00080d1b00090d1b
00070c1b00060b1a00070d1a00070d1a
004a5c9000344c800016275400050d22
005d6ca30055669d00516299004f6095
00848db7007a84b200717dae006775aa
009fa0c4009d9fc300979cc0008c95b9
00a3a3c9009fa1c700999ec3009b9ec3
009b9fbe00989dbe00999bc100a1a1c5
005a649a00a99ebb00b5acc000a4a3c0
006d78af006d78b2006172af004f65a3
00707bb2005f6ea5005a6ca2006474a8
00a3a4c8009d9fc5008f95bd008088b5
007a85b600848cb9009398bf009fa0c5
009ea1c3008a91bb00767eae00717bac
009394bc00a5a3c300aba8c500a7a6c4
008d92b900878db700828ab7008289b7
009193b8009496ba009697bb009497bb
006b6e8d007e7ea0008989ab009092b5
00090c1e00080d26000f1437003a4061
00090e1d00080d1c000a0f1f000c1021
00090c1b00090c1b00070c1b00080d1c
001d28420009102500090d1f00090d1c
005d729c004f638d00475b82003f4f71
008597b8007b90b4007185ac00687da6
00a6a5bf009ea0bc00969dbb008e9bb9
007082ad008792b1009fa3b900a5a6be
005d6ea4005c6da3006576aa006a7cac
00091f4a000c2146000d214400081f42
0007245800091e4e000c1d4f000b1e51
001544790012417d00123f7b000e326d
0013335e00133a6b00153d6f0015426f
00060d1e00051229000e204300102752
00080f1c00080e1b00080e1b00070e1b
00080c1b00060b1a00070d1a00070d1a
0050609400384f820013244e00040c20
005869a10054669d0055669b00526196
008189b700767fb1006a76aa00616fa7
009698be009699c0009298be008991b8
009b9dc2009b9ec400999cc2009799c0
00a3a4be009b9fbd00989bc0009a9dc0
009394b900b4a9c300afa8c000a7a5c0
006f74a900767baf00747cb100737dad
004756900035457e004e5a91006770a5
008b91bd00828bbb007680b4006773aa
008a93bd008a92bb008d92ba008b8fb7
00a9a8c500a8a6c600a2a3c400979cc3
00a0a0be00a2a4c000a7a8c300aaaac4
008990b700868eb7008a90ba009496bd
00898fb4008d92b6008e93b6008c92b7
005f628300747497008182a500888bae
00090c1f00080d280010153a0034395c
00090e1d00080d1c000b0f1f000c1021
000a0d1c00090c1b00080c1b00070c1b
0027334f000a122800090e20000a0d1d
006377a000556a94004e62890047587b
008897b7007f92b5007489ad006c82a7
00a5a5c100a1a2bf00999fbc00909bb9
007182ad008491b300989eb700a2a5be
0054679f005568a0006375a9006c7cac
000a2042000b1e41000c1f3f000a2039
000e2853000b2348000b2146000b2046
0019416f0017406f00163f6e00153462
0016376300183d6b001a3f6e0019436c
00050e1f000716300011274d00122e5c
00080f1c00070e1b00080e1b00070e1b
00080c1b00060c1c00070d1b00080e1b
0053639700374e80000f204900040c1e
005869a20057689f0058689c00566598
007b82b6006d77ad00636fa7005a69a2
00898fb8008b92bc008990ba00858bb8
009499be00979ac1009496be008d8fb8
00a0a3bf009ba2c0009b9fc100999cc0
00aaa9c200ada8c200a8a7c200a1a1be
008b8cb6009a99bf009d9ebf00a2a3c0
005a5f93007479aa008288b6008487b4
00878cb6007881b4006c76ad00586098
00a7a8c400a9a9c300aaa9c5009a9bbd
00a7a9c400aba8c500aba8c500a4a5c5
00a1a0bf009ca0be00a0a5c000a8aac3
008991b8008b94ba009397bc009c9cbd
00858aae00868caf00898fb200878fb5
00686c8c00747698007c7e9f008386a7
00080c1e00080e290011183c00394162
00080d1c00090e1d000b101f000b1021
000a0d1c00090d1c00090d1c00070c1b
00303c5a00081127000a0f21000a0d1d
006a7ca50060739d0056699200506186
008d9abb008494b7007b8db3007286ad
00a3a4c100a0a3c0009da1be00979fbd
007281ad008591b600969cba00a0a3be
004a639d0049619b005d70a5006a7aa8
000c2041000b1f3f000b1f40000a1e3d
00122a4e000d2644000c2343000c2144
0019436f0018416c00183e6a0017355d
00173b6a0017406d0018406f0018436e
00050f2100081b3800112b5500153566
00080f1c00060f1c00080e1c00070e1c
00090c1c00080d1c00070e1b00090f1c
0058689b00374d7e000b1a4300050c21
005b6ba4005e6ea4005f6fa100606fa0
007279b0006671a9005d69a3005a68a2
00848cb700848ebb008189b8007b81b2
009299be009499c0009395bd00898db7
00969dbd009aa1c1009b9fbf00979bbe
00a4a7bf00a6a6c000a2a3c0009a9ebe
00a19ebf00a6a2c200a6a4c100a2a4be
00afa4c200b0a8c500a09fbd009797b7
00a2a1c1009295b9008a8eb4009393b7
00b1acc600b7b0c700b8b1c800b3aec7
00a8a9c200aaa7c300aba7c400a8a7c2
00a3a0bd00a0a1bc00a2a3be00a8a7c2
008b95bb008e96bb009599b800a09fbc
008589ac00878bae00898fb2008992b7
006e7492007e809f007f81a0008386a6
00070c1e00090f2800131c3e003f4869
00090e1d00080d1d000a0f1f000b0f20
000a0d1c000a0d1c000a0f1d00070c1b
002f3b5a0008102800090f21000a0e1d
007080aa006879a3005f719b0054648a
00949ebe008b99bb008292b8007a8cb3
00a1a4c000a2a5c2009fa4c1009ba1bf
006f7fab008391b700969dbc009ea0be
0046629c003f5c960051679d006475a3
000a2040000b203f000c1f3f000c203e
000e2b4c000a254300092342000a2141
001741720017406f00163e6a0011355d
00174176001743770016417500164274
0007122b0008214d000f336900133c73
00090f1b00050f1e00070e1d00080e1e
00080d20000a0e1c00070e190009101c
0057689a003144760009154100040d2d
006370a6006775a7006978a6006676a3
006974ae00616da7005e6aa400606da5
00858db700818ab7007b84b600747cb2
008f97bc009097bd008e94bb008a91b9
00969cbd00989dbe009a9fc100959abe
00a3a5c000a0a3c0009da1bf00989dbd
00a7a4be00a7a5c000a4a4bf00a2a3bf
00bcb1c600b6aec300aaa6be00a4a2bc
00b5aec600b0abc500b1acc500b8b0c6
00afaac600b6afc600bbb1c400bcb4c6
00aaa8c000a8a8c000a8a8c200a8a7c3
009d9fbc009fa0bd00a3a2be00a6a4bf
008c95ba008f97ba00959ab9009b9dbb
00878bab00868dad008890b2008993b7
00707794008184a0008588a600888aa9
00090c1e0009102700141f4000445073
00090d1f00090d1f000a0e2000090e1d
00080d1c00080e1b00090e1c00070c1b
00303b5d000b122c00080e2200070e1d
007987af006f7fa8006678a20055658b
009aa1bf00949ebe008b97ba008291b6
00a3a5c100a4a7c300a3a6c3009fa4c1
00687bab008191b800969ebd009ea1be
004e649c003c579200435c9500586c9d
0005224a000721460006204200082142
000a2f5f00072956000626520005244e
001347870013448000114279000c396d
00124891001349920012488e0013488b
00071437000a2b67001040880010458e
00080f1d00050f1e00080e1b00080d20
00070d29000a0e21000a0f1c0009101d
0054689a00263b700009194c00091641
006e7aab00707cab00717eab006a78a6
006873ad006570a9006772a9006b76aa
00848bb7007d86b400767fb1007079b0
00929abf009096bd008c92bb008a90ba
009499ba009398b900979cbe00969cc0
00a2a3c000a0a2c100999cbc00959abb
00a8a6bf00a7a6c000a0a1bf009fa1bf
00beb2c400b9b0c500b0abc100a9a6be
00b9b1c700bbb2c900beb3c800c0b4c5
00aba8c100b0abc000bab3c600bdb5c8
00a6a5c000a8a8c000a6a8c000a7a7c0
00959bb8009a9ebb009d9fbd00a1a1be
008d96b8008e96b9009097ba009197b8
008e91af008b90af008c93b4008b93b5
00777d9a008286a100898ca9009091af
00090c1d00080e2500152041004b577b
00090d1e00090d2000090d1f00090e1d
00080d1c00080d1b00070d1a00070c1b
00333d5f000d142d00080e2200070d1d
007e8bb2007383ac00687aa300536389
009fa5c20099a1c000929cbe008895b9
00a6a7c300a7a8c400a7a8c400a4a7c3
006b7dab008493b700949dbb00a0a3c0
0053679e003a548e0037528c004f6498
000b3779000833720005306c00042d68
000f428d000d3d88000c3b84000c3a7f
000c4d9e000d4d9c000d4b96000c4791
00074a9e00084ba000094ca0000a4c9f
00051541000b327b000d44990008479c
0008101f00060f1d000b0f1b000a0e23
0006123900080e2600090e2000091020
004d629800172f6b000d2665000b1d54
007984b0007984b0007380ad006a79a9
006e78af006d78ac006f7bab00747fac
008288b5007c84b3007680b000737bb0
00939abd009196bd008b91bb00888db9
008e94b7008e94b7009198b900939abb
009b9cba009b9dbc009597b9009195b7
00aba7be00a8a5be00a4a2bd00a1a0bd
00bfb4c500b9b0c400b2acc200ada9bf
00b5adc300bab1c800bdb2c500beb3c3
00aaaabd00afadbe00b8b3c400b8b2c6
009c9eba00a0a3bb00a3a5bd00a4a5bd
008993b5009099b900959bbb009b9fbc
008e97b7008b95b8008690b700838eb4
009597b4009295b3009498b6009297b6
007e84a2008387a200888ca8009496b1
00070c1c00070e230017204000505a7e
00090d1e00090d2000090d1f000a0f1e
00070d1c00090f1c00080e1b00070c1b
002f3a5a000b112a00080e2100070e1d
00838eb7007885b0006879a300515f86
00a2a4c1009ca2c200949dbf008c97ba
00a9a8c300adacc600adacc600a8a9c5
007280ab008d97b90097a0be00a2a5c3
0054699f003b548e002e498500455a93
000e4ba1000e4ba0000d499d000b469a
000a4ba3000a4aa3000c4ba3000d4ca2
00084aa400094ca4000a4ba3000a4ba2
0006449e000846a1000847a1000849a4
0006194d00093281000940980006429b
0006101e00060e1c000c0e1c000a102b
000716460007102b00090e2200081020
003d528d000f276c000f2d77000a2061
007f8ab1007a86b0007380ae006574a7
00737daf00757faf007b85b0007f89b0
00848ab7007f87b3007b85b2007782b1
00959cbd009499be009094bd00898eba
00878fb4008991b6008d95b8009199ba
009c9ebb00989bb9009296b6008b91b5
00a9a7bd00a6a4ba00a4a1ba00a09fba
00b8b3c500b0acc100abaac000aaa9bf
00bbafc600bdb2c800bdb3c700bcb3c6
00a6a9c100afafc400b8b4c700bcb3c8
00979db7009ca2ba00a0a3be00a1a4c0
007884ae00808ab2008992b700939ab9
009098b7008b96ba00808eb6007281ab
00989ab5009b9cb8009d9fbb009a9dbb
008186a4008588a300898da7009496af
00070d1c00070c2000171f3e00555e81
00090d1e000a0e2000090e1f000a0f1f
00080d1c00080d1c00070d1b00070c1b
002d37570009102700070d1f00070e1d
00868eb8007984b1006776a3004f5c84
00a4a4c200a0a3c300989fc1008f98bb
00adabc500b2aec800b0adc800aba9c6
007683ad00949cba009ca3c000a4a6c4
00586ca4003e56900028448000374d8a
00094ca8000b4eaa000a4faa00094faa
000748a2000749a2000749a300084ba5
000848a4000748a4000749a5000648a4
0008409a0009429e000844a0000846a3
00061e5c0007318700063a9500084098
0006101d00080f1e00090e2000071339
000717480008122e000910230008101e
002c3f7f000e256d000f2c79000c2063
00808bb0007783ae006f7dae005969a0
007781ae007b84af00858eb400868fb3
00878eb700858db600828cb6007a85b0
00989ebd00989cbf009396bd008d91ba
007c88af007c87b100848eb5008f97ba
009197b5009096b4008a90b100848cb1
009da0b9009a9eb800999dba00959ab9
00b4b2c500aaa9bf00a2a3bc009fa3bb
00c5b4c700c5b6ca00bcb2c800b7b3c8
00a4a5c400aeabc500bdb3ca00c3b4c8
009096b800949cbb00989ebe009da2c2
00727eab00747eac007881ab00848cb2
00939ab9008a95b9007d8cb4006e7ea9
009a9bb5009c9db7009fa0bb009ea1be
008387a4008689a500878ba6009294ad
00060d1c00050b1e00171e3a00596080
00090d1e00090d1f00090e1e000b101f
00080d1c00080d1c00070d1b00070c1b
00262f4e00080f2500080d1f00070e1d
00848cb6007782af006472a1004c5882
00a6a6c400a1a4c4009aa0c2008f96bc
00b1acc600b5b0c900b5b0ca00afacc8
006f7ca8009ba1bd00a4a7c300a8a8c4
005e72aa004258930024407d00283e7e
000749a400084ca600064da600074da7
000842a0000743a0000744a0000746a2
000846a2000846a3000846a3000745a2
000a419b0008419c0006429c0007449f
00092367000b348b000a3993000b3f97
0008101c0009102000050e2500071845
0006143f0007112c000911220009111e
001c2e6c000a1d5e00071c5e00071852
007f89b0007481af006878ad004a5c97
007a84ae00828bb2008b94b7008991b5
008d94ba008a92b900828cb5007984ae
00999ebd009da1c100979abe009196bb
00707eac006e7eac007885af00868fb3
00828db100828cb0008089af007884ae
00979cb9009198b8008c94b600848eb3
00b5afc400aba7c0009e9fba00999db9
00cdbaca00cbbac800c3b6c700bcb4c6
00999cc200a2a1c200b4adc800c5b6ca
007379a8007e84b000868eb7008f96bd
008693ba00808ab6007078a700696f9f
00979dbc008d96b9008593b8008292b8
00979bb4009a9eb7009ea1bb00a0a4c0
008287a200878ca700848aa6008d90ab
00060d1d00050b1c0012173000555a77
000a0e2000090d1f00080d1d000a0f1e
00080c1d00070c1b00070d1b00080d1c
001e274600080f2300090d1d00080d1d
00848eb7007481ae006371a0004b5882
00aba9c700a4a6c6009ba0c3009097bd
00b6b1ca00b7b1ca00b7b1cb00b3aeca
00606ea0009da4c000acacc500b1aec7
006174ad00455995002f498500203778
0007459f000748a100074aa200074aa2
0009419e0009419e0007419d0007439e
0009449d0009459e0008459e0008439f
000c3b94000b3d98000a3f99000a419b
000b205c000e2b7800103283000f388b
000a101e00080f2000050e2700071741
000512300007122900091121000a111e
000f205800041449000613430005133c
007d87b100707eaf005d6fa900374a87
007e88af008790b6008c95b8008990b6
008f97bb008a93b9007f89b3007a84b0
009b9fbe009fa1c1009b9ebf00969bbe
0058699d005a6c9f006878a400838eb2
007987b4007883b1006f7aa9005f6d9e
008a91b9008890b900818ab4007a86b2
00a19cc0009796be009194bc008d92bb
00b7abc700c0b1c900bfb1c900b4a9c3
00717ab0007980b2008c8db900a39dc0
005e639d00595e98005d649b00676fa5
00929ebe008991b800797faf00666aa2
009aa1bf009099ba008d98ba00919dbf
009398b200999eb7009a9fba009da2bf
007b809a008088a3008188a700888ca9
00070e1e00070c1d00090e2400444b64
000c1022000a0f2000090e1e00080e1c
00080c1d00080c1c00080d1c00080d1d
00121c3900090f2200080c1b000a0d1d
00828db600727fad00606e9e0044517c
00aaa9c700a3a5c5009a9fc2008f97bd
00b8b2ca00b8b2cb00b6b0c900b3aeca
0045568f0098a0bf00b2afc700b6b2c6
005f71aa00475b960040579200273d7e
00093f9a000a429d000a44a0000a44a2
000b3a94000a3a95000a3b9600093d98
000a3283000a3589000b378e000c3992
0006236c0008287300092c7800092e7d
000714430006175200071b5a00061f62
0009102000080f220007102700071336
0008132a00081227000811210009101f
00091a4b0006143f000d153700081330
007983b0006a77ad004a5c9b001f3371
00848db3008a93b5008c94b700868eb6
009098bd008790b8007d86b3007b85b2
009a9ebe00a0a2c2009fa1c300999ec0
0050629700576b9d007082ad008995b8
0058649b004f598f00475286004e5c90
006571a9006672a800636ea3005e6ba1
006e72af006a71b000656fad00636eaa
007c79af008681b7008681b7007c7ab2
00515598005e63a3006a6eaa007272ab
006368a6006166a8005b60a3004f5497
009aa4c100919abc008187b3007075ab
00969ebc008e98b7008d98b800949ebe
008a92ad00939ab500959bb700989fbc
006c728c007a829d007d84a5008188a7
00091123000b122500060c2000252c45
000a0e1f00080d1e00090e1d00070d1c
00070b1d00070c1b00070c1b00090d1d
000c143000070d1f00090e1c00090d1c
00828cb7006d7baa005867970036426c
00aba8c700a1a3c400979dc1008f97be
00b8b2ca00b8b2cb00b5afc900b1acc8
00283d7b00848eb000b5b1c700b9b2c7
005969a4004c5f9a004e639c00354c8c
00092c790009307e000a3487000d378e
000722650007236a0008256e00082872
0004184d00041a5200061d590008205e
0006133f000513420004144400041648
000811380008113d0006113e0005133d
00081120000711230006112600081230
000a132b000a1125000911210008111f
00091b4a0007153e000a153700091330
00717cac005d6aa50035448b000e2360
008a92b4008f98b5008a92b8007f87b5
008b94bc007d89b5007a85b3007e88b2
009ea2c000a5a6c400a1a2c100989dc0
007081aa00788cb2008394b7008f9bbb
003e458200474d85005f659700707ba7
00454f9200424c8d00424b8b00424b89
005d61a8005a60a600525aa0004c569a
006465a9006162a8005f61a6005d5fa6
004f529e004245900055599b006367a7
00676caa005e63a7006568ae005d5fa5
009aa5c1009ba4c1008e95ba007d81b2
00909bb9008a98b7008995b700909abc
00828cab008b94b2009096b5009399b8
00464e6f00707796007a80a1007a85a5
000b172f000b1b370007102500111a37
000f112400090d1e00090e1c00060c1b
00060c1c00070c1b00090c1c000c0e1f
000d102700090e1c00060e1b00070c1c
007f87b6006678a7004c5f8e0029315b
00aaa6c600a1a1c400959cc1008b94bd
00b6b1cb00b5b0cb00b3adca00afa9c8
001d367a006976a200afadc400b7b0c9
005363a1005968a2005d6fa400405998
000614440006164a0007185100091b54
00051337000613390005123d00051340
00091137000711370007113800061238
000c1336000b1236000a1236000a1237
000b1238000b1139000a1338000a1436
000b1121000910240009112c000b1333
000b152700091220000a141e000a131d
000c1f4f0007174000081637000c1630
00606eab00445299001c2c7300081c56
008c93b9008d95b700838bb400717bb2
00818ab5007885b2007a85b100828bb4
00a0a6c300a1a6c3009ca0c0009198bd
007e8eb3008395b6008998b800959fbd
00545c9a00626aa100737aa9007984ac
0054589e004f55990051589c0052599c
00575aa30052559d004f52990051559b
00615ea5005c5ba2005859a0005559a1
006d6ab2006b67b0006462a6006564a6
00767bb2005f64a6006062ab006566ae
00949bbb009fa6c2009ca1be008c91b7
008a98b5008c98b8008b96b8008b95b7
007a86a600838cac008b92b2008c97b5
001e2f5300506183006e7899007681a2
00101c39001b345800081831000d1d40
0010142500090e1f00080d1c00060c1c
00060c1b00070c1b000c0f1f000c0f20
000b0d2200090e1c00050d1b00080c1b
007982b3005e71a2003f528100192147
00a7a4c5009fa0c400949ac100868fba
00b6b0c900b3aec900b0abc900aca8c8
0022377f006570a200a7a8c200b5b2c6
005768a1006773aa006270a8003d5295
00091033000611320004113100021131
00061035000811350008113200091132
000a1143000a10410009103e00080f3b
000912440009124400091144000a1245
00081045000911450009124200091344
000911210008102a000b123e000a1245
000c1423000a121f000a122000091120
000e1e4e000f1d49000c1738000d152b
004b5ca100283885000d1d5b000a1a4c
00878eb700838cb7007680af006472ab
007884b1007783b1007c87b200848db5
009ca3c20098a0c0009199bd00848db6
008595b9008393b5008a98b70096a0be
005b67a2006975a9007783af008390b7
00575aa20050569e004f569d00525b9f
00756fb2006e6aaf006b68af006363ac
009080b8008376b000867cb6007d75b3
007470b200887eba00968abe009d8fc0
00898fb9007278b0006266ac006061ac
00949abb00a1a4c200a0a3be00969bb9
008997b4008e99b800909aba008e99b9
007680a2007c86a700828cad008694b1
0016335b00415f8700586b90006f7a9d
00122244003658830011294d00132e58
000a0f1e00090e1e00090e1d00070c1e
00070c1a00070c1b000a0f1e00090e1d
000c0e2200080d1c00070d1d00080d1a
00737eb10053649a002d3d6f000e1637
00a3a3c5009a9cc2008f95be00828bb8
00b4aec800b1acc900ada9c700a7a6c6
003e5291007a86b3009fa3bf00b0adc4
00556598006770a7005863a000364a8c
00091034000911320007113300061132
00101764000c14540008104200070f37
00151b810014197c00141a7800121971
00161d8600161f8800161d8700171d86
0013187b00151a7d00161a7e00181b85
00071232000710450010176700121877
000a12210009122200070f270007102d
000f1a4900131f48000c1633000b1426
0032419000142267000a174a000d1845
007f89b4007580b1006676aa005163a2
007482b1007582b0007c86b200838bb5
00949dbf008f98bd008490b8007987b3
008494b8007f8eb2008694b600919abc
006a77ab007483b0007d8db4008594b9
004b52a0004d549e00555ca1005e66a4
008479bb00736bb600605dab005255a5
009482b800a08ebc00b2a3c9009d90be
006867af00726cb3008279b9008b7cb6
00949ab700888fb7007378b3006668b1
00979fbc009fa3c100a1a4c0009b9fba
008994b2008d98b6008f9bb900919cba
00707a9f007681a5007a86a800828dad
00274e7b003f699600587ba3005c6f95
00192d510045709f0021426f001e406e
0009101d00090f1c00090e1d00080e22
00090d1b00070c1b00060d1c00070e1d
00090d1f00080d1c00070b1d00090d19
006773a90045548c001d295b00070f2a
009d9fc2009399be008a90ba007c85b5
00b2adc800aeabc800a7a7c500a3a4c4
006e82af008492b800959bbd00aaa7c5
006270a400646aa20058629e00596ca5
0007124d00050f3a000710330009102f
00171e9700171e9100151d83000e1868
001818a00018199e00181a9c00191b9a
0017199f00191ba100191aa2001718a1
0015179f00171a9f001919a2001717a1
0013157100161885001518920013169b
000b133d000b1344000e145200101560
000a1743000814400008123a000a1339
001d2872000c164a000c153f000c1641
007681b1006574ad005164a400374792
007280b1007581b1007b85b3007d86b3
008c97bc008692ba007a88b5007381b1
00808fb5007d8cb2007f8eb4008996bb
007784b0007b8ab1008090b4008393b7
00555da9005c63a700676da900737aae
006561ae005957aa005253a6005056a6
008177b4007f75b1007c75b000746eb0
007575b6007471b5007872b3007f77b5
00999db6009499b7008a8ebb007a7db8
00959fba009ba2be009fa3c1009da2bc
00868faf008a95b3008d9ab600929eba
00607098006d7ca1007581a5007e86a9
0034629300366b99006092bd005a7ca5
001e3559004677a600325b8c001c4071
00080e1b00080e1c00080e2000070e27
000a0c1b00080c1c00070d1e00080f1e
00080d1b00080d1c00070b1d00090d19
0056659d0036437c00131c4900060d23
00959bbd008e95bb00848cb800737daf
00aaa8c500a6a6c4009fa2c1009ba0bf
00788db0008191b5008b95b9009ca0bf
006772aa006c73a7006e7aad007084b1
00141c85001219690009114500070e34
001615a10015189c00141d9700141d91
001717a5001718a3001517a1001616a1
001818a7001717a6001717a6001617a6
001818a9001818a8001817aa001717a7
001f18a6001d19a8001a1ba5001819a7
001e1a92001b1994001e1c9b001e1aa0
0011196900191c7c001c1b85001e1a8d
000e174e000a123b000b163c000a154c
006874af005362a7003d4c9b00222d7b
007381b2007480b2007784b5007380b3
008692bb007d8ab6007382b100717fb1
007a89b3007989b3007d8db5008493ba
007c89af007e8cb0007d8db1007e8db3
006d74af006d78ac00747faf007884b0
006669b1006368af00676cb0006b71b1
008883be00827fbc007d7ab8007371b5
008189b7007f82b7008684b9008d88bf
009ea2bc00979bb8009398ba008b92b9
00949fbb0096a0bb0099a1bb009da2bb
007e89aa008590af008b97b300929db9
006081a8005f749a00707ca2007983a7
004073a4004b88b3005b97c100699bc5
00243e6300477ba7004374a500315989
000a0e1c00070d1e00060e2400081431
000a0c1c00080c1d00070d1e000b101f
00090d1b00070c1b00070c1c000a0c1c
004756900029346b000e173c00070d1e
008f97bc00858eb7007782b1006472a6
009ba0bf009ba1c000979ebf00949cbe
00778aae007d8fb2008392b7008f9aba
007480b2007680b0007480b0007383b0
0013179600171b9100161c80000b1466
001813a20017159e0013169b00111698
001816a6001716a6001715a5001814a5
001b19ab001a18aa001917a9001816a7
001b18ad001c18ae001c18ae001a19ad
001d19b2001c1ab0001b1aab001a19ab
001e1cae001d1cae001e1bb1001f19b3
00211ea400221dac00201bae001e1aae
0008123b000c15420012175f001d1d8b
005461a800424e9f00293185000e1657
007480b2007581b400707eb4006372ae
00818eb8007886b4007483b3007380b3
007988b3007a87b3007d8bb5008190b7
007c8ab1007c8cb2007a8bb1007989b1
007a81af007883ae007986b0007a8ab1
007a7fb5007b81b4007d82b3007c82b1
008689b9008588b8008385b7008080b9
008f96b7008a8fb900878cb900868ab8
009ca1bd009a9ebb009499b7009098b5
0098a0bd00959fbb00949eb80097a0ba
007684a6007e8bab008892b000939bb8
006ca0c6005f82a80064769d00727ea3
004f85b3005998be005e9dc00064a2c8
0029456e004b80ac004f89b6004777a5
000b0d1d00080d200008122c000a1a3d
000a0d1d00080c1d00060c1e000a0e1e
000a0e1b00080c1b00090c1b00090c1d
0034447f001e285c000a112f00090e1c
00868fb8007a84b2006976a90054639c
008b97b800909bbd008e98bc008c95bb
007687b1007a8cb3007e8eb4008191b5
007783b1007583b0007380af007581b1
00141599001416970013199300111991
001416a00014169d0013159b0013149a
001718a4001817a3001716a3001716a3
001a18ac001919ab001819a8001718a6
001f1ab2001f1bb2001c1aaf001b19af
001e1cb3001c1bb1001b19b4001c19b2
001e1cb5001f1cb400211ab5002119b6
00241db700211ab7001f19b8001e1ab6
00181868001f1d8000241e9f00251db2
0041519d0029328a00101668000d135a
00727db100707cb2006573ae005263a4
007e8bb7007685b4007583b500737fb2
007886b1007b87b2007e8bb400818fb7
007d8bb3007b8ab4007a8bb3007888b2
008186b3008087b200838cb400818db3
00868ab7008488b5008286b4008287b5
00868bb600868bb600888cb700878ab9
008c95b6008c92b9008b90b900888eb6
009aa0bc009ba0bd00969cba008f97b7
00989eba00979fbb00959fbb00979fbb
007280a4007685a600828cab009196b4
0066a7ca006fa2c6006581a70069789e
005b96bf005fa1c30065a3c20061a4c7
00254471005287b3005796bf00538cb7
000b0d1d000a0e22000e1a370013254c
000a0e1d00080d1d00060b1d000a0e1e
000a0e1a00070c1a00090c1a00090b1d
0029397400151f4d00090f27000a0e1c
007984b1006c78aa005c69a000465692
007e8eb2008390b800838fb700818cb6
007381b1007786b3007a8ab200798cb1
00757eb2007180ad00707eaa00747fae
0013149a001315980011159500111694
001516a10014159d0015169c0014159b
001617a5001516a2001616a2001516a1
001a18ad001918ac001817a9001717a7
00201bb2001f1cb2001c1ab0001b19af
00201db6001e1bb4001d1ab4001e19b2
00231cbc00221aba00221ab900221bb9
00251cbc00251dbe00231cbd00231cbc
002421a8002622b200261fb900261dbc
0028328d00141781001a198c00201f9a
006f7bb3006471b1005564a90044549f
007a88b6007887b6007682b300727fb1
007987b1007c8ab4007f8db7007f8db8
007f8eb4007e8db4007888af007987b1
00858cb500848db4008690b500818fb3
00878bb400868bb400858cb500848cb6
00858bb600868db800878db800878db6
008d98b7008c95b7008a92b700888fb7
009ca1bd009b9ebe00989fbd00929cbb
009198b600969eb70099a0bb009ba2bc
00697aa000727fa3007b85a7008690ae
0062a7c9006aa9cc0072a0c500657fa6
00609fc50064a5c70067a6c80062a4c7
00295381005a92bb005e9ec3005a9ac0
00090d1f00091022000d1a3a00132752
00070c1d00090c1c00070c1b000b0e1f
00090b1b00070d1a00070d1900070b1c
00212e63000e183800090f1e000b0d1b
006b7dab006471a50055629b003a4b86
007182aa007785b2007684b1007382ad
006f7cac007582af007987b1007586ae
00707baf006b7baa00697aa7006d7cab
0013149a0014159a0012149600121694
001615a10016169f0015159d0015169c
001717a7001616a4001617a4001516a2
001b19af001a18ad001816aa001716a8
00201bb4001e1cb2001c1ab0001a18ae
00231eba00211db800201cb600201ab4
00251dbe00241cbd00241cbc00241dbc
00271ec0002820c100261ebf00261ebf
00261fbe002620c100281fc200281ec2
0018188e00221ea0002820ae00261fb6
006472af005461aa00444fa400283092
007886b6007684b5007280b1006e7db2
007e8cb6007e8cb6007e8cb7007c8ab7
00818fb6007b8ab1007886ae007b89b3
008790b6008790b5008791b6008693b7
008b93b9008c94ba008a94ba008792b8
008c93ba008b92b9008a92b9008a92b9
00959ebb00929bba009098bb008e96ba
009ea4bd009da2be009ca4bc0099a2bc
008992b2008f99b400929cb7009aa3bb
00657ea4006f7ba1007380a200808aab
0065a5c80069a7cb006da8cc006d9ec2
0063a2c80066a6c80066a6c90065a5c9
002b5b88005b95bd0062a2c50061a2c6
00080d1f00081021001120400017325e
00070b1d00090c1b00070d1a000a0d1e
00090c1c00070c1900070c1900080b1d
00141e490006102600070e19000a0d1a
006979a7005f6ea2004d5c97002b3973
005d70a0006e80aa007383ad006e7fab
006674a1006c79a8006e7eab00687aa6
006978a6006676a6006072a00062739e
0013149a001314990011139600121595
001616a2001616a00014149d0014159b
001817a9001717a7001516a4001516a3
001b18b1001a18af001917ac001816ab
00201bb5001e1bb4001c19b2001c19b1
00241fbd00231ebb00211cb900211bb7
00271fc100261ebf00251dbd00261ebe
00291fc4002a21c500281fc300281fc2
002921c6002820c600281fc500281dc4
00271fb1002a20ba002c21c0002a20c3
005361a900404ba100242a96001f1c9f
007582b500717eb2006b7bb1006271af
007c8ab5007c8ab6007b8ab6007786b5
00838eb6007b88af007c88b1007f8cb6
008e97ba008d96ba008e97bd008995bb
00919bbe00909abe008d98bb008e98ba
009aa0bf00989dbe00969cbf00939bbe
00a1a6c300a1a6c3009fa4c2009ca1bf
009ca2be009da2c000a0a4c000a0a5c1
00828dad008995b1008c97b200959eb8
006d9abe00657ca2006c7a9f007983a8
006aa7ca006aa8ca0067a8cb006aaacb
0065a4c90066a6c80066a6c80067a6ca
00356593005f9ac10063a3c60064a5c8
00070d1e00070f220016284c00233f6c
00080b1d00090c1b00080c1b00080c1c
00090c1b00070c1800080b1a00090b1e
000a132f00060f1c00070e1800090d1a
006775a50057689e00374683001a2456
0053669b007689af007889af006f7daa
00596896005d6c9b005e6ea00056689c
0061719f005c6b9d0056679800556693
00121399001213980011139500111492
001516a2001516a00014149c0013139b
001918aa001717a8001717a7001516a4
001c19b2001a17b0001816ac001917ac
00211ab7001f1bb6001e1ab5001d19b3
00231dbe00221cbd00221dbb00231bba
00281fc200261ebf00251ebd00261ebe
00291fc5002b21c7002b21c7002920c5
002a23c7002821c500261fc300281ec4
002a20c0002c20c4002d21c7002c22c8
003945a00022259c002420ad002a21ba
00707eb2006a79b1006173af005263a8
007b88b4007888b4007585b3007282b2
00838fb5007f8ab1007f8bb300808db7
00989ebe00929bbc008e99bd008593b8
00979dbd00949bbb00959cbb00969dbc
00abaac300a8a9c400a5a7c3009fa2c0
00aaaac600acacc600acabc400acacc3
00989fbe009ba0c000a0a4c300a5a7c5
007c87a8008792b0008d97b300919ab7
006ba9cb006794b90064789e00717ca3
0068a7c90068a8c90067a8ca0068a9cb
0065a5ca0066a6c80066a6c80066a6ca
00396b9900609cc30062a2c40065a6c9
00060c1d00061126001d365c00284876
00080b1c00090b1b00080b1d00080c1c
00070c1a00070d1800090c1a000a0a1e
000a102100080f1a00080e1900090d1c
00606ea20041538d00222f660010173b
006f7fab008798bb007a8ab1006d7aa9
004a5a89005565930058699c00556499
00536398004e5e9000445286003f4d81
00121399001113970011139500101391
001516a2001416a00013159c0013149b
001917ac001716a8001717a7001516a4
001d1ab3001b18b1001917ae001b19ae
00231bba00201cb800201cb7001e1ab5
00241dc000231cbf00221cbd00261ebe
002920c4002921c200271fbf00261ebe
002b21c7002b21c7002c22c8002a20c6
002822c4002822c4002720c3002a20c6
002a20c5002c22c8002d22c8002c23c7
002124a1002721b9002c22c3002c21c3
006777ad006171ad005262aa00343f9e
007787b2007484b3006e7fb1006c7db0
008591b7008590b600828fb7007f8db7
009ba0c000929bbc008997ba008494b8
00a6a4c100a3a4c1009fa2c0009ea2c0
00b6b1c600b2adc300aca8bf00aaa6c0
00b0acc700b3aec600b6b0c600b7b2c6
00969eba009ca3c000a1a6c300a7aac4
007480a500818aad008d95b3009298b5
0067a8ca006ca7ca00678db30063769e
0064a7c90067a8c90068a8ca0067a7ca
0065a5ca0066a6c80067a7c90065a6ca
003c709d005f9dc30062a3c50064a6c9
00080d1c00051129001c3a6400254b7a
00090c1c00090c1b00090c1d00090c1c
00070d1b00080d1800090c1a00090b1d
000c101d000b0f1b00080d1c00080d1e
004957930029387000151f47000b1228
00929dba008a98b7007583ad00636fa4
005c6f990063779f006678a5006f7ea6
0035437c0033437400303f7200405083
001213990011139700101394000f1390
001516a20013159f0012149b0012149a
001918aa001717a7001617a6001516a4
001d1ab3001c19b1001b19af001a18ad
00241cbb00221dba001f1bb6001e1ab5
00261fc300251ec200241ebf00261fc0
002a21c5002a21c5002921c200271fc1
002d23c9002c22c8002b21c7002b21c7
002922c5002822c600281fc6002c22c9
002a22c9002c22c9002d23ca002c22c8
002a23c0002d24c7002e24c9002d22c9
005b6dab004f5da9002e369e002222a9
007282b1006c7cb0006777af006273ae
008592b900808cb5007987b1007684b1
00969dbf008d98ba008796ba008495b9
00b2acc700aaa7c500a3a4c2009da1c1
00bcb3c900bab1c700b6aec500b6afc7
00acaac400b1acc600b4adc500b9b0c7
00949db70099a3bc009ea5c000a4a8c1
0062779f007481a700858fae008f97b3
0068a8ca0069a8ca006ea5c9006387ae
0064a7c90065a9ca0067a8ca0068a8ca
0066a6c90066a6c80065a7c90064a6ca
004278a600609fc50062a4c60064a5c8
00090d1c0006132d0024487600234d7d
00090c1b000a0e1d000a0c1e00090c1c
00080c1b00090c1a000a0d1a00080c1b
000d101d000a0e1d00070d1d00070c1e
002b3875001b2752000f162d000d1323
009ea7be008895b6006674a40048548e
00788fb200798fb200798bae008f9eb7
003343770044558400576996006a7ea8
0013149a00111396000f1392000e138f
001617a3001517a10013159c0013159b
001a1aab001a1aa900191aa7001718a4
001d1bb2001c1ab1001c1aaf001c1aad
00221bb900201bb7001f1bb6001d1ab4
002720c400261fc300261fc000251dbd
002a20c6002a21c5002a21c5002920c4
002c22c9002d23c9002c22c8002a20c6
002820c7002821c6002b22c9002c22ca
002921c8002b23ca002d22cb002b20c9
002c22c9002d23c8002d23c9002d23ca
004a58ab002b329f002320ad002a21c3
006b7bb0006372ae005f6dae005767ac
00818fb8007987b3007381af007180b2
008e97bd008994bb008492b9008090b7
00b1abc600a7a5c3009c9fc000939abf
00b7b0c900b9b1cb00bab2cb00b6aec8
00a2a5c100a6a6c300aba8c400b1acc7
008e97b400949db9009ba1c000a0a4c1
006183b4006075a6007683aa00868fb0
0068a8ca006aa8ca006ba9cc006ea4cb
0066a7ca0065a7ca0067a8c90068a8ca
0066a6c90066a6c80064a6c80064a6ca
00457daa0061a0c50062a4c60063a5c7
000b0e1e0009193400244e7d001d4979
00080c1a00080c1b00090b1e000a0c1d
00090c1b000a0c1b000a0d1b00070d19
000c0f1e000a0f1d00070e1d00090e1d
001f2a5a0012193400101522000e1322
00919fba0061709c003e4e850028386f
00778fb4007589ad008b9ab600a0acc1
00505f90005a6a9800687ca400758db1
0014169a00111396001013920010138e
001818a5001819a4001719a00015179d
001c1cad001c1cab001a1aa8001919a7
001e1bb3001d1bb2001d1bb0001c1aae
00231cbb00201cb8001f1bb7001f1cb6
002820c5002821c4002520c000251dbd
002b21c7002b21c6002b22c6002a21c5
002b21c7002c22c8002d23c9002b21c7
002a21c7002922c7002c24ca002b22c8
002821c6002b23c9002c22c9002a20c8
002c21c9002d23c9002d23ca002c23c9
00272da1002423af002a23c1002c22c9
00606fab005866a9005360ab004650a8
007c89b7007683b300717fb0006a78af
00848fba00808cb600808cb6007e8cb6
00a8a6c3009fa1c0009298bd008a93bc
00aaa6c500aea9c600aea9c400aca8c3
009ba0c0009ba0c0009d9fbf00a4a2c1
00858db3008b94b400949aba009c9fbf
006386d8005267ba006170ac007780ae
0066a8ca0068a7ca0069a8cc0069a3d6
0067a7ca0068a6ca0068a7ca0066a8c9
0066a6c90065a6c70064a6c70064a7ca
00518ab60063a2c70062a4c60063a6c8
000a0e1e0009193600254f81001f5081
00080d1b00070c1a00090b1e00090c1c
00090c1b000b0c1c00090d1c00060d19
000b101e000a101d00070e1b00080e1b
001019380010122300151923000b1120
007283aa003e4d860024336f001a2b5a
00697daa007e8eb4009ba8c10099a4bf
00546495006171a0006e84aa006f87ad
0014179d0013169900121594000f138d
001a18aa001a19a700181ba3001619a0
001d1bb1001d1baf001d1aae001b18ab
00201bb8001e1bb7001f1cb6001c19b2
00251ec100231cbf00221dbc00221eba
00281fc5002920c5002822c3002721c2
002c22c7002b22c6002b22c6002a20c5
002c22c8002c22c8002d23c9002c22c8
002a22ca002921c8002922c8002b22c9
002a22c7002b21c7002c22c9002b21c8
002b22ca002c23ca002b24c9002a23c7
002421b6002822c2002a22c7002b22c9
005060a3004957a6003942a4002527a1
007481b4006c7aaf006574ac005b6aa8
007e88b5007e88b6007c88b3007a87b5
009b9ebe00949bbe008a92bd00818bb7
00a2a1c200a4a3c200a4a3c200a0a1c1
00969abc00969bbd00989cbf009c9ec0
007780aa00838bb0008d93b6009699bb
004357e6003d4bda004957b6006570aa
0065a7cb0067a7ce0067a2d4005783de
0068a7ca0068a6cb0066a7cb0065a8ca
0066a6c90066a6c90066a6c80066a7c9
00508db70063a3c80062a4c60065a5c7
00060c21000e214000315c8e00275b8d
00090c1c00070c1b00080c1b00080c1c
000a0d1b000b0e1c000a0d1b00080c1b
000a101d000a101d00080e1b00080e1b
00090f1f0015182400121724000a101e
003f51860023316a001d2656000e1735
007788ae0093a1bf0094a2c0007484ac
005d6e9a006779a500667aa6006377a3
001616a30016189f0016179b00131494
001a18af001918aa001819a7001717a5
001f1bb5001e1ab4001d19b4001b18b2
00241eba00221cb800211cb7001f1ab5
002821c500261fc100261ebe00261fbc
002b23c6002a23c7002922c6002922c6
002b21c7002c22c7002c22c7002c23c7
002b21c8002b21c7002d23c9002c22c8
002920c8002921c8002a22c9002c24ca
002a20c6002a20c6002c22c8002b21c8
002c22ca002c22c8002b22c8002b21c7
00291fc4002b21c7002d23cb002c21ca
003e49a0002e369e002222a500261eb9
006875ac00606eaa005461a6004652a0
007a84b5007983b4007480b2006e7bb0
009095bc00888eba008189ba007c86b7
00989bbe009a9cc0009799bf009498bd
008d93b7008e93ba008f94bc009298bd
006b77a000737ca7007f86b1008a8fb4
003243e7002a36d800303db3005b6ba8
0066a8ca0066a1d2005784de003d57e3
0068a8c80068a5cd0067a7ca0066a8c9
0066a6c90065a5c80066a6c90067a7c8
005290b90062a3c80063a3c60066a6c8
00060c22001a2d4d00345e9000346899
00090c1c00070c1b00090d1c00080d1c
000a0d1b000a0d1b000a0d1b000a0d1b
000c121f000a101d00080e1b00080e1b
0011132000171927000f1321000a101e
001e2c620017234d000b142e00080e1d
0091a0bb0091a0bd007282ab003c4c81
0063739f005f72a100596e9d006f82a6
001614a8001715a4001818a20016169c
001d1ab4001b18b0001b19af001816ab
00201ab4001e19b3001e1ab4001d1ab4
00241eb200251db200231cb200211ab3
002620bf00241eba00221cb600211bb3
002822c3002721c300261fc200261fc1
002b21c7002b21c7002b21c6002b23c6
002b21c8002b21c7002b21c7002b21c7
002a22c9002b23ca002a23c9002821c6
002a20c700291fc600291fc6002b21c8
002c22c7002a21c5002920c5002920c5
002a1fc7002c20c8002c20c7002b21c7
0023259e00221eaf00261ebf00291fc5
005561a5004a55a000384297002d3396
00707cb100707cb1006976af005f6aaa
007e83b4007a7fb700747eb400717db2
00888cbb00878bba008389b8008087b6
007e83b0007e84b2007e85b300838bb7
006e7da5006f7aa5006f79a600767ea7
002c3ce4001e2bcd00232eb8005769ad
0068a3d0005b88dc00415be6003545eb
0067a7c90067a6ca0067a8c80068a6ca
0065a5c80065a5c80066a6c90067a7c9
005593bc0063a2c70063a3c50066a6c8
00070c2200192d5000305b8c004378a8
00090c1b00080d1c00090d1d00070c1b
000a0d1c000a0d1c000a0d1c000a0c1b
000d122100080d1c00080d1c00080d1c
0016162400161626000e1120000b101f
00141d450008122900060f18000d111b
0091a1bb007080a80037467a00182659
005b6b9c0054679a006579a3008a9cb8
001916ae001917ac001718a70014169f
001f1aac001e19ae001d19b1001c17b1
001c17a3001c17a4001d19a7001d18a8
0014148f001916950019179a001a169e
00231fb900221fb2001c1da200121490
00231dbf00231ebd00221eba00221eb9
00281fc300281fc300271fc200261ec1
002920c500291fc500291fc5002920c4
002922c7002720c5002821c6002821c6
00281fc500291fc6002b21c8002b21c8
002a22c4002720c300261fc300271fc4
00271ec400281ec4002a20c5002a21c4
00231fb400251dbf00251dc400271fc4
00343c9600282c94001f219700211fa4
00626bac005d66ac00515ca500434d9c
00676dac00646cab00616ba800626eaa
00696fac006a6fac00676fab00666eab
006d71a500696fa3006870a6006970a9
00717fa8007886aa007684a900707aa6
002532d6001523bd00262fc5005160b4
005e89db00445de2003947eb00313ee4
0065a6cb0066a6c90068a7c90069a4cf
0065a5c80065a5c80065a5c80066a6c9
005a97bf0062a2c60063a3c60065a5c8
00070c22001d345a00346293004e86b2
00090b1b00090e1d00080c1d00080c1c
000b0e1d000b0e1d000a0d1c000a0d1c
000b101f00090e1d00080d1c00090d1c
001a1c2a00131522000b111d000a111f
0009112200070f19000a101900141622
006677a0002f3e730016225400111a3d
0052649b005d6f9d007f90b3008697b6
001b18ae001b1aaf001919ac001416a7
001a1796001b189e001d19a6001e19ac
0014168600131484001414880017148d
001f1aa5001c1a9e001919950017188c
00231ebc00241fba00231fb500201cad
002620c0002621bf002521be00241fbd
002720c2002620c1002620c0002721c1
00241cc000241dc000261fc1002720c2
002720c4002720c400261fc300241dc1
00291fc5002a20c6002a20c600281ec4
00251ec200231cc100241dc400261ec5
00261fc300261fc3002720c400251dc1
00251fbf00241dc100251dc300261fc3
001d1f9600201ca600241db700261fbd
003f489300363d92002b309300202590
004a50a3004b53a30049539e00465099
0050579e004c51a000494fa000484fa1
007a83ad006e79a600626da100555f9c
00717ea800798aa6007c8ca8007d89ae
002129c6000f1ba9002630ca004b56bc
004360d7003844e400353de2002b32d6
0065a6cc0067a6cb0068a6cb00649ad0
0065a5c80065a5c80065a5c80065a6ca
005c9ac00062a1c50064a4c60065a5c7
00060d240017345c0034659600548eb8
00090c1a00080d1d00080c1e00090c1c
000a0f1e00090e1d00090e1d000a0d1c
000a0e1d000a0e1d00090d1c000c0f1e
001c202b000d121e000b121e000a121e
00081016000a1019000d101d00181b27
0028386d00131f4f000d153600080d1f
0053689b006e80a900798aae005c6c99
001a19a2001b1ba6001919a9001615ab
00131389001212890013118e00161499
001d1b99001918900018168d0017148b
00241cba00221cb400201cab001f1ca2
00241cc200241dc100251fc000231dbb
002923c1002722c1002620c200251ec2
002a23c5002822c3002822c2002923c3
00251ec2002620c2002923c4002a23c5
00231bbf00211abe00231bbf00241dc1
00271ec300281fc300271ec200251cc0
00241cc200251dc400261ec500251dc4
00241dc000221bbf00221bbf00221ac0
00231bc000231cc000241cc100261ec2
00251eb700251dbb00231abe00231bc0
001d2874002d368f002c2ca300231daf
00272a990027299700262a93001d257e
005761ad00343799002b2e99002a2e99
007c8bac007a8bad007789b1006e7fb4
006e7ba9007a8ca6007d8ea7007f8ca9
001b20ad000d169700252fc900434cc0
002841c100303ada002d32d1002126be
0064a6ca0065a7c90067a7ca005689c8
0065a5c80065a4c90064a4c80064a6c9
005c9bc10063a3c60065a5c70065a5c7
0009102800173b66003c70a0005d99c1
000a0e1c000a0f2000080c1f00090d1d
000c112000080d1c00090e1d00090e1c
000a0e1c000b0e1d000c0f1e000d101f
00151c2500080f1d0009101f000a101d
00090f18000b0f1b0013172300192028
00101b4a000a102d00070b1b000a0d19
006175a1006c7da70051608d00253266
000e13820013158f0018169d001b18a3
00181995001717940013158d000e1281
001c19a7001a18a0001a1a9c001a1998
00201bb9001e19b5001d1ab2001f1bae
00241fbf00211dbc00211dbc00201cba
00261ec000251dc100231cbf00231dbf
002b24c8002a23c6002821c4002721c3
002821c6002922c7002923c6002b24c8
00241dbe00271fc0002a21c5002b23c7
002019ba001f18ba001f19ba00201abb
00251cbf00241cbd00231cb900221bb8
001d18b6001e18b800201abc00231bbf
001f1ab900221bb900211bb700211ab6
00211bbc00201abc001f1aba00201aba
00232b86004047a400464eae002423ae
001c1aa5001b18a5001c1b9f00121a7c
0026269f001e1ba1001d19a4001d1aa8
00798cab007286ad005b6ca9003b43a1
006b79ad00788ca5007e8ea8007f8ea8
00171b95000e1789001f2bc1003943c2
002940c7002c34cf002126b9001a1ea3
0064a6c70065a7ca0065a3d1004c79cf
0064a4c70064a3c90063a5c80064a6c8
005d9dc20065a4c80065a5c70065a5c7
000a132b00163d6a00467dac005e9bc1
000a0e1c000a112200080c1f000a0c1f
00141a2700080e1b000a101d00090f1c
000c0f1d000e111f000d101e000e1220
000e1421000b1020000a0f1f000a0f1d
000a0d1b000c111e0019202900161d27
00070e2800060b1a00090d17000a0d19
005e709e00485787001f2b59000e173e
00121487000f1281000d0f8000121386
0017199d0016189800171a940015178e
001b1ab0001919a900181aa500171aa2
00211dba00201cba001e1ab7001d1bb5
002520c400231ec200221cbf00201dbc
00271dc500281fc4002720c3002621c3
002720c500241dc200241dc200241cc1
002a22c8002921c8002a22c8002922c7
002c24c5002c23c6002c23c8002c23c8
00221cba00231dbe002822c2002a24c4
00211ab7001f18b1001d17ad00201aaf
001c18b0001f1ab5002019b6002019b7
001c19ab001a17a5001a17a2001b17a5
001f1bb5001e1ab6001d1bb1001e1bb0
003632b5003837b300262d9200191d95
001b18af001b17af001d1baa002525a5
001c1aa7001c19aa001c19ae001c19af
006372ac003f499e0025289a001d1ca1
005e6ba600768aa4007d8daa007c8aaf
00171a89000c157a001421b0002630b3
003444da00262dc5001a20a700191c98
0064a5cb0063a1d1005c8ddd004461e1
0064a4c70063a3c90063a4c90063a5c9
00609fc40065a4c90064a4c70064a4c6
000d162f00234b78005790bc005b9abf
000a0e1d000a112300070d20000a0d20
000e142100090f1c000a101d000a0f1d
00101321000a0d1b000d101e00111523
000b1022000b1020000c101e00141725
000b0e1a000e141e00181e2a00111525
00070c1600060d1800070d18000b0e18
003e4d80001a2656000a123600070c20
001517940014169000121687000d127e
00191aa800171aa000171c9900171a97
001f1cb9001c1ab3001a19af001a1aad
002620c200251fc100201bbc001e1aba
002922c9002821c800251fc4002620c4
002b22cb002a22ca002a22c9002a23c9
00271ec4002c22c9002c23ca002b22ca
002a22c600281fc500281ec400261dc3
002b23c9002a23c9002a21c8002921c7
002921c2002c24c5002b23c6002c23c7
00221cbd00231cbd00241cbd00261fbf
00221bb900241dbf00231dbf00221bbd
001b189700191697001b169e002019ab
00201cab001d19ac001b17a200191698
003834c3002f2fb1001118780013147e
002019b2001c17b0002422b3003230bd
001c19ae001b18af001c19b1001d18b1
00292d9f001d1da1001c1aa7001c19ab
004f5f9a007382a6006c7aaa004e57a5
00191986000a126e001017970017229b
00282bc7002527ba00181d9d00191b93
0062a0d1005787dc00415de000303ad4
0064a4c70064a4c90063a4ca0062a4cb
0061a0c50064a4ca0063a4ca0062a4c8
00091431002c537f005e99c0005b9bbf
000c0e1f00090e22000a0f1f000a0e23
000b111e000a0f1d000a0f1d000b0f1d
000d101e000c101d000d122000101522
000a0f1f000a0f1e000b0e1c00121523
000b0f1b0011162400141927000c1222
00080d1400060d1700090d18000c0e18
0017204900070f3000050b1e00070c16
00181b9e001718990014179100131789
001b1aad001a1ba700181ca000171b9e
001e1ab9001c19b5001c1ab4001c1ab2
002821c500261fc300221dc0001f1abb
002a23cb002821c800261fc600261fc5
002b21cc002b22cc002b22cc002b22cc
002d23cb002f24cd002d22cc002c21cb
00241bc200261cc4002a20c8002c22c9
002a23c8002a23c8002921c700251ec3
002d24c8002b22c6002a21c6002b21c7
00241ebf00261fc1002721c3002b23c5
00251dc000221abe00211abe00211bbd
001f17a7002119b100241bb800251ebc
001a189b0016149700191698001d189f
00312ebb00191a8b000e12710019178b
001e18ae00231eb000302fbb003733c4
001d18af001c17af001d18af001e18af
001c1ba6001c1aa9001c18ab001e19af
00435192005d68a800363b9d0021219d
00171a84000b1167000f137a000e1778
002428c4002225b4001a1c9d001a1995
00578bd800405be0002d39d6002128c5
0065a5c90065a5c70063a5c70063a2ce
0061a1c30064a5c50064a5c70063a5c8
0008173600335c86005e9ac1005e9ec3
000c0f2000090f220009101d00091121
000a101d000a0f1e000a0f1e000c101f
000b0f1d000d111f000c121f000c121f
000a0f1e000a0f1d000e111f00131624
000d121e00101524000f1423000a101f
00090d1700070d19000a0e19000a0e18
00040a250004091d00090b18000a0c16
0016189f001a1ba1001a1b9c00161896
001a18ae001a19ab00191aa7001617a2
001e1ab8001c19b5001d1bb5001c1ab3
00231dbe00221dbd00201bbb001f1aba
00241fc300221dc100221cc000221dc0
002921c800271fc600271fc500251ec3
002b22cb002a21ca002b22cc002a22ca
00281fc9002b22cd002b22cc002b22cb
002720c400241dc100241dc200241dc3
002b21c7002b21c8002b21c700291fc5
002721c2002924c3002a25c4002b23c4
00221bbe00211abe00231dbf00241ebf
00261dbb00241cbd00231dbf00201bbe
001b17a0001e19a500211aac00241bb3
00201e9c00090d640016167e001b189a
001b17a8002a25b4003431c1003935c6
001d16ae001d17ad001d17ab001c17a9
001b18a9001b18ab001d18ad001e17af
00262b8a002a2a9f001c1da0001a1aa6
00161b8500111367000f1063000c1166
002e33d7001f24b2001c1c9c001a1995
004264dd00303cdb00252acb00272dd1
0064a4cb0064a5ca0063a3cc005c93d5
0064a3c60064a4c60065a6c60064a5c7
000a1e420039658f005c99c00060a0c5
0011142700080e2400080e2100091125
00080f1e000a0f1f000c1121000e1223
000c111e000b101e000b111e000c1220
00090e1d000b101e0013162400121523
000f1521000c1120000e132200090e1d
000a0c1a00090d1b00080e19000a101a
00060b1800090b17000b0c16000b0b17
001617a20015169e001919a0001d1ca4
001a19af001918ae001918ad001717a8
001c1ab5001c1ab4001c1ab3001b19b2
001e1ab6001e1ab7001f1bb8001d1bb7
001f1cba001e1bb9001e1bb7001e1bb7
00241ebf00241fbe00221dbb00211dbb
002b23ca002820c7002720c600251ec2
002a21cc002a21cc002b22cc002d24cd
00221bbf00241dc3002820c700281fc9
00291fc6002a20c6002a20c600251cc1
002922c6002922c5002b24c6002b21c5
00231cbe00241dbe00261fc0002821c3
00211bbb001e19ba001e1abc001f1bbe
001f19b200251cb900271fbe00261dbd
000f107800090d66001d1995001d1aa8
002120ab00312fbf003632c800322ebc
001b16a7001b16a5001b17a10018159d
001a17a8001c17aa001d17ab001d17ab
00211d9b001d19a6001a1aa6001818a5
00191a8c0013156d000d0d5b00171677
00292ece001b21aa001b1d98001b1995
003545db00272ed2002e30da003437e2
0063a4cd0064a4cc006099d5004c73db
0063a2c90063a2c90064a5c70063a5c9
000f274e004573a1005b96c00060a0c7
00171a2d000a0f22000a0e2200071029
00090f1f000a0f20000f132500121628
000c111e000b111e000d1320000a1120
000a101d000f122000121523000e121f
000b111e000b101f000f1423000a0e1d
000c0d1b000a0d1c00090e1b000c121d
00090d15000a0d15000b0d16000b0d18
001718a5001617a00016169e001716a0
001a1aae001918ae001817ad001718aa
001a18b1001b19b1001a19af001a19af
001d1ab3001b18b1001b19b2001c1ab3
00201db8001f1db8001e1cb6001d1bb5
00221ebb00221eba00211db900201cb8
00251ec300241dc100241dc000231dbd
002b23cc002a22ca002921c9002820c6
00271fc5002921c9002920ca002a21cc
00281fc400261dc200241bbf00251cc1
002a23c8002922c7002a21c7002a20c6
00251ebf002820c1002a22c5002923c6
001f1aba00211abc00211bbf00221cc1
00231cbe00221bbf002019bd001f19ba
000d0d7a00171592001f1aac00211cb7
002e2fb8003334c5003432c5001e1d9e
001714a10018149d0018159a001d1c9e
001a17a5001a16a6001a15a6001914a5
001d1aa2001d17a7001d16a8001a18a5
001b1a8f001315750011136d00201e95
001e22b100181c9f001a1c96001c1a96
002b34cf00252dd0002e33df00272ccb
005891d4005287d4004b74dc003c52df
0061a3c90063a1ce0062a0ce00609cd1
001e3e66005285b2005c98c00060a2c4
001a1c2e000d1020000c0e2000060f2b
00080f1e000d12230010142600111427
000b111e000a101d000d1320000a111f
0011152300101321000e111f000e111f
00090e1d000d1221000b101e000c101e
000b0e1a000a0d1a000b0e1c000c111f
00080c1800080d1700080d1700090e18
001718a5001618a2001717a1001716a0
001818ab001817ab001818aa001718a8
001918ae001818ad001818ad001a1aad
001e1bb3001c1ab1001c1ab1001b1ab0
00201dba00201cba001f1bb8001d1bb6
00231ebd00221dbc00211cbc00211cbb
00241ec000251fc0002520bf00241fbe
002820c700261fc400241dc200241dc1
002b22cb002b22cd002b22cd002a21cc
00231bbd002118bc00271ec3002b22c9
002a22c9002a20c600281fc400271ec3
002b22c4002c23c6002b22c7002a23c7
00211abf00231bc100251cc100261ec1
001e19ba001e19bb001f1abc00211abe
001a159e00221bb500211dbc00201abb
003330c6003432c9002829b100101085
001e18ad00201aaf00211bae002b27b9
001b18a3001a17a4001b16a8001c16aa
001819a5001c17a5001e15a5001a18a4
001c1b9100181988001d1b95001d1ba1
001b1d9d001b1b9a001a1a99001a1b96
00252bc9002731d200232ecc001c23b0
002747d1002744d000384fde00303dd9
005790d2005588d6004874d300375bd2
00365c88005990c4005b95cb005994cf
001f2032000e1021000c0f1f0006122e
000a0f1e000e13240012162700111426
000a101d000c121f000f1423000b1120
0016192700151825000d101e000c0f1d
000b101f000c122000090d1b00101321
00080e18000a0e1a000c101d000a0f1e
00090c1b00080d1a00060e1800070f18
001718a5001617a3001617a10016179f
001716a9001617a8001718a8001719a7
001a19af001919ae001918ae001818ad
001e1bb4001d1ab3001d1bb3001b1ab1
00211dbb00201bb9001f1ab8001e1bb7
00211dbd00201cbc00201cbb00221dbd
00231ebf00221ebd00221ebd00221dbc
00241ec200241fc200241fc100241fc1
002c23cd002c23cd002921ca00271fc6
00231bbd00281ec3002a20c7002b21cb
002922c7002920c300261ebe002119b9
002c23c6002d23c8002c22c8002a23c8
00231ac300241bc400271ec2002a22c3
00221cbb00221dbb00221dbc00231cc0
00211ab2001e19b7001d18b900211abb
003532ca002e2abc0014168b0015138c
00231db7002520b7002e2bbe003735c7
001f19b000211ab300231ab700231bb8
001c1aad001e19ad002119aa001c19ab
001c1a9c001e1c9c00201ca0001e1ba6
001b1c96001d1a99001b189b00181a99
00242dcf00252ed1001d26bc00191ea3
001023c9002337d500303fd600222cc4
003151dc002740d5001c30cd001325c9
003c61ae004370d3003a65d300345ada
001e1e31000c0e20000a0e1e0008173a
000a0f1e000d11210015192800171a2a
000a101d000d132100121726000b101f
00161a2600131623000c0f1d000c0f1d
000f1423000b101e000b0f1c00161925
000b111a000c0f1a000b0f1c000b101e
000e0e1a000a0e1a0008101a00080f1a
001617a5001617a4001618a2001718a0
001716aa001818a800181ba7001719a5
001b1ab0001a19af001918ae001918ad
001e1ab5001d19b4001d1bb3001c1ab3
00201cb8001f1bb7001e1ab6001f1bb6
00201dbb00201dba00201dba00201db8
00221dbe00211cbd00221dbd00201bbb
00241fc000241fc000231ebf00231ebf
002920cb00271ec800261ec400261fc3
002820c2002a20c7002a1fc8002b20cb
002a21c400261fbd001d17b100211bb6
002c22c9002c22c9002d23c9002c23c8
00231cc000251fbf002823c2002a23c4
00251dbd00251cbf00251cc100241cc1
001d1aad001f1db600231cbd00261dc1
003233c1001b199b000e0e74001b1897
00221db5002825b8003736c400383ac5
00201ab3002119b3002118b400211ab5
00211eb300211bb600221bb3001e1bb3
001c1aa200201da3002219a300231baa
001b1b9a001f1a9a001c199b001a1b9c
00222ed700212acf001b1fb400181ba1
001224c2002c3dd8002a33ce002429c8
00152bd4001021c9000c19c1000816b9
00253ebf00203edb00223fdd001b36dc
001b1b3000090d2000080d210009144a
000a0f1e000a0f1e00101423001a1d2e
000a0f1e0011162400121726000a0f1e
00131621000e121e000c0f1d000a0f1d
000f152200090f1c0011142200131722
000c101b000d101b00090f1a000d1521
00131019000e0f19000b101b000a101c
