#
# A fatal error has been detected by the Java Runtime Environment:
#
#  EXCEPTION_ACCESS_VIOLATION (0xc0000005) at pc=0x00007ffb22536fe0, pid=19336, tid=18208
#
# JRE version: OpenJDK Runtime Environment 18.9 (11.0.11+9) (build 11.0.11+9)
# Java VM: OpenJDK 64-Bit Server VM 18.9 (11.0.11+9, mixed mode, tiered, compressed oops, g1 gc, windows-amd64)
# Problematic frame:
# C  0x00007ffb22536fe0
#
# No core dump will be written. Minidumps are not enabled by default on client versions of Windows
#
# If you would like to submit a bug report, please visit:
#   https://bugreport.java.com/bugreport/crash.jsp
# The crash happened outside the Java Virtual Machine in native code.
# See problematic frame for where to report the bug.
#

---------------  S U M M A R Y ------------

Command Line: -Dsun.java2d.pmoffscreen=false -Dhttps.protocols=TLSv1,TLSv1.1,TLSv1.2 -Dsun.java2d.xrender=false -Dsun.java2d.d3d=false -Dsun.awt.nopixfmt=true -Dsun.java2d.dpiaware=true -Dsun.java2d.uiScale.enabled=false -Xverify:none -Dswing.aatext=true -XX:-UsePerfData -Djdk.map.althashing.threshold=512 -XX:StringTableSize=4072 --add-opens=java.desktop/com.sun.awt=ALL-UNNAMED --add-opens=java.desktop/javax.swing.plaf.synth=ALL-UNNAMED --add-opens=java.base/java.nio=ALL-UNNAMED --add-opens=java.desktop/sun.swing=ALL-UNNAMED --add-opens=java.desktop/javax.swing=ALL-UNNAMED --add-opens=java.desktop/javax.swing.tree=ALL-UNNAMED --add-opens=java.desktop/javax.swing.plaf.basic=ALL-UNNAMED --add-opens=java.desktop/javax.swing.plaf.synth=ALL-UNNAMED --add-opens=java.desktop/javax.swing.plaf.basic=ALL-UNNAMED --add-opens=java.desktop/javax.swing=ALL-UNNAMED --add-opens=java.desktop/javax.swing.tree=ALL-UNNAMED --add-opens=java.desktop/java.awt.event=ALL-UNNAMED --add-exports=java.desktop/javax.swing.plaf.synth=ALL-UNNAMED --add-exports=java.base/java.nio=ALL-UNNAMED --add-exports=java.desktop/sun.swing=ALL-UNNAMED --add-exports=java.desktop/javax.swing=ALL-UNNAMED --add-exports=java.desktop/javax.swing.tree=ALL-UNNAMED --add-exports=java.desktop/javax.swing.plaf.basic=ALL-UNNAMED --add-exports=java.desktop/sun.swing=ALL-UNNAMED --add-exports=java.desktop/sun.swing.table=ALL-UNNAMED --add-exports=java.desktop/sun.swing.plaf.synth=ALL-UNNAMED --add-exports=java.desktop/sun.awt.shell=ALL-UNNAMED --add-exports=java.base/sun.security.action=ALL-UNNAMED --add-exports=java.desktop/sun.font=ALL-UNNAMED -XX:NewSize=60m -XX:MaxNewSize=60m -Xms256m -Xmx3072m -Xss5m 

Host: AMD Ryzen 7 6800H with Radeon Graphics         , 16 cores, 15G,  Windows 10 , 64 bit Build 26100 (10.0.26100.7920)
Time: Sun Apr 12 11:59:43 2026 SE Asia Standard Time elapsed time: 10648.299713 seconds (0d 2h 57m 28s)

---------------  T H R E A D  ---------------

Current thread (0x00000270527f5800):  JavaThread "AWT-EventQueue-0" [_thread_in_native, id=18208, stack(0x000000ff2fa00000,0x000000ff2ff00000)]

Stack: [0x000000ff2fa00000,0x000000ff2ff00000],  sp=0x000000ff2fefccb8,  free space=5107k
Native frames: (J=compiled Java code, j=interpreted, Vv=VM code, C=native code)
C  0x00007ffb22536fe0

Java frames: (J=compiled Java code, j=interpreted, Vv=VM code)
J 25782  ui.views.waveform.waveformi.WVExecutive_getWaveObjectTooltip(JJ)Ljava/lang/String; (0 bytes) @ 0x00000270416f5194 [0x00000270416f5140+0x0000000000000054]
J 25221 c1 ui.views.waveform.g.t.E(Ljava/awt/event/MouseEvent;)Ljava/lang/String; (148 bytes) @ 0x000002703d138cfc [0x000002703d1385e0+0x000000000000071c]
J 25220 c1 ui.utils.swing.w.a.aQ(Ljava/awt/event/MouseEvent;)Ljava/lang/String; (164 bytes) @ 0x000002703d135334 [0x000002703d135200+0x0000000000000134]
J 25219 c1 ui.utils.swing.w.a.getToolTipText(Ljava/awt/event/MouseEvent;)Ljava/lang/String; (128 bytes) @ 0x000002703d132334 [0x000002703d1321a0+0x0000000000000194]
J 23871 c1 javax.swing.ToolTipManager$insideTimerAction.actionPerformed(Ljava/awt/event/ActionEvent;)V java.desktop@11.0.11 (159 bytes) @ 0x000002703cf5841c [0x000002703cf58140+0x00000000000002dc]
J 13968 c2 javax.swing.Timer.fireActionPerformed(Ljava/awt/event/ActionEvent;)V java.desktop@11.0.11 (46 bytes) @ 0x0000027041ffe854 [0x0000027041ffe740+0x0000000000000114]
J 13923 c2 javax.swing.Timer$DoPostEvent.run()V java.desktop@11.0.11 (82 bytes) @ 0x0000027041ff2394 [0x0000027041ff20c0+0x00000000000002d4]
J 13803 c2 java.awt.EventQueue$4.run()Ljava/lang/Object; java.desktop@11.0.11 (5 bytes) @ 0x0000027041fcba14 [0x0000027041fcb500+0x0000000000000514]
v  ~StubRoutines::call_stub
J 4006  java.security.AccessController.doPrivileged(Ljava/security/PrivilegedAction;Ljava/security/AccessControlContext;)Ljava/lang/Object; java.base@11.0.11 (0 bytes) @ 0x00000270415f6fb6 [0x00000270415f6f40+0x0000000000000076]
J 13767 c2 java.awt.EventQueue.dispatchEvent(Ljava/awt/AWTEvent;)V java.desktop@11.0.11 (80 bytes) @ 0x0000027041fa66ec [0x0000027041fa63c0+0x000000000000032c]
J 28669 c1 ui.frmwork.a.d.dispatchEvent(Ljava/awt/AWTEvent;)V (42 bytes) @ 0x000002703c0ba134 [0x000002703c0ba020+0x0000000000000114]
J 28668 c1 java.awt.EventDispatchThread.pumpOneEventForFilters(I)V java.desktop@11.0.11 (113 bytes) @ 0x000002703c15513c [0x000002703c1548a0+0x000000000000089c]
J 19140% c2 java.awt.EventDispatchThread.pumpEventsForFilter(ILjava/awt/Conditional;Ljava/awt/EventFilter;)V java.desktop@11.0.11 (47 bytes) @ 0x000002704250f67c [0x000002704250f560+0x000000000000011c]
j  java.awt.EventDispatchThread.pumpEventsForHierarchy(ILjava/awt/Conditional;Ljava/awt/Component;)V+11 java.desktop@11.0.11
j  java.awt.EventDispatchThread.pumpEvents(ILjava/awt/Conditional;)V+4 java.desktop@11.0.11
j  java.awt.EventDispatchThread.pumpEvents(Ljava/awt/Conditional;)V+3 java.desktop@11.0.11
j  java.awt.EventDispatchThread.run()V+9 java.desktop@11.0.11
v  ~StubRoutines::call_stub

siginfo: EXCEPTION_ACCESS_VIOLATION (0xc0000005), data execution prevention violation at address 0x00007ffb22536fe0


Register to memory mapping:

RIP=0x00007ffb22536fe0 points into unknown readable memory: 0x0000000000000001 | 01 00 00 00 00 00 00 00
RAX=0x00007ffb224db9e0 points into unknown readable memory: 0x00007ffb2211c7e0 | e0 c7 11 22 fb 7f 00 00
RBX=0x0000027004d24500 points into unknown readable memory: 0x00007ffb2250e190 | 90 e1 50 22 fb 7f 00 00
RCX=0x0000027014aed1f0 points into unknown readable memory: 0x00007ffb224db9e0 | e0 b9 4d 22 fb 7f 00 00
RDX=0xffffffffffffef60 is an unknown value
RSP=0x000000ff2fefccb8 is pointing into the stack for thread: 0x00000270527f5800
RBP=0x0000000000000c3a is an unknown value
RSI=0x0 is NULL
RDI=0x000000ff2fefcd88 is pointing into the stack for thread: 0x00000270527f5800
R8 =0x00007ffb2254bab0 points into unknown readable memory: 0x00000000005b6e40 | 40 6e 5b 00 00 00 00 00
R9 =0x0 is NULL
R10=0xfefefefefefefeff is an unknown value
R11=0x000000ff2fefcc90 is pointing into the stack for thread: 0x00000270527f5800
R12=0x0 is NULL
R13=0x0000000000000007 is an unknown value
R14=0x00000270527f5b48 points into unknown readable memory: 0x00007ffb65ff7c70 | 70 7c ff 65 fb 7f 00 00
R15=0x00000270527f5800 is a thread


Registers:
RAX=0x00007ffb224db9e0, RBX=0x0000027004d24500, RCX=0x0000027014aed1f0, RDX=0xffffffffffffef60
RSP=0x000000ff2fefccb8, RBP=0x0000000000000c3a, RSI=0x0000000000000000, RDI=0x000000ff2fefcd88
R8 =0x00007ffb2254bab0, R9 =0x0000000000000000, R10=0xfefefefefefefeff, R11=0x000000ff2fefcc90
R12=0x0000000000000000, R13=0x0000000000000007, R14=0x00000270527f5b48, R15=0x00000270527f5800
RIP=0x00007ffb22536fe0, EFLAGS=0x0000000000010206

Top of Stack: (sp=0x000000ff2fefccb8)
0x000000ff2fefccb8:   00007ffb222c0247 0000027070912400
0x000000ff2fefccc8:   0000027004d24500 0000000000000000
0x000000ff2fefccd8:   00007ffb65bc24fc ffffffff00000000
0x000000ff2fefcce8:   000000ff2fefcd00 000000ff00000001
0x000000ff2fefccf8:   fffffffffffffffe 000000ff2fefcd88
0x000000ff2fefcd08:   0000a374f3fc7ba6 00000270527f5800
0x000000ff2fefcd18:   00000270527f5b48 0000027004d24500
0x000000ff2fefcd28:   0000a374f3fc7ba6 0000027004d24500
0x000000ff2fefcd38:   00007ffb22302b51 00000000e8cb6b0b
0x000000ff2fefcd48:   00000270430b2504 000000ff2fefce30
0x000000ff2fefcd58:   0000027064294f80 fffffffffffffffe
0x000000ff2fefcd68:   00007ffb65e7b100 00000000e82c4853
0x000000ff2fefcd78:   0000000000000000 000000000000000f
0x000000ff2fefcd88:   000002700eb67da0 00000000e83a105e
0x000000ff2fefcd98:   000000000000002f 000000000000002f
0x000000ff2fefcda8:   0000a374f3fc7a26 0000000000001f38 

Instructions: (pc=0x00007ffb22536fe0)
0x00007ffb22536ee0:   f8 6e 46 00 d0 6e 46 00 00 00 00 00 00 00 00 00
0x00007ffb22536ef0:   00 00 00 00 00 00 00 00 00 00 00 00 01 00 00 00
0x00007ffb22536f00:   06 00 00 00 10 6f 46 00 00 00 00 00 00 00 00 00
0x00007ffb22536f10:   48 6f 46 00 70 6f 46 00 d0 6c 46 00 f8 6c 46 00
0x00007ffb22536f20:   90 65 46 00 50 6d 46 00 00 00 00 00 00 00 00 00
0x00007ffb22536f30:   00 00 00 00 00 00 00 00 00 00 00 00 00 00 00 00
0x00007ffb22536f40:   00 00 00 00 00 00 00 00 60 bb 5a 00 05 00 00 00
0x00007ffb22536f50:   00 00 00 00 ff ff ff ff 00 00 00 00 40 00 00 00
0x00007ffb22536f60:   f8 6e 46 00 00 00 00 00 00 00 00 00 00 00 00 00
0x00007ffb22536f70:   20 aa 5a 00 04 00 00 00 00 00 00 00 ff ff ff ff
0x00007ffb22536f80:   00 00 00 00 40 00 00 00 98 6f 46 00 00 00 00 00
0x00007ffb22536f90:   00 00 00 00 00 00 00 00 00 00 00 00 01 00 00 00
0x00007ffb22536fa0:   05 00 00 00 b0 6f 46 00 00 00 00 00 00 00 00 00
0x00007ffb22536fb0:   70 6f 46 00 d0 6c 46 00 f8 6c 46 00 90 65 46 00
0x00007ffb22536fc0:   50 6d 46 00 00 00 00 00 00 00 00 00 00 00 00 00
0x00007ffb22536fd0:   00 00 00 00 00 00 00 00 00 00 00 00 00 00 00 00
0x00007ffb22536fe0:   01 00 00 00 00 00 00 00 00 00 00 00 d0 ba 5a 00
0x00007ffb22536ff0:   20 6d 46 00 e0 6f 46 00 00 00 00 00 00 00 00 00
0x00007ffb22537000:   00 00 00 00 00 00 00 00 01 00 00 00 00 00 00 00
0x00007ffb22537010:   00 00 00 00 90 bb 5a 00 30 70 46 00 08 70 46 00
0x00007ffb22537020:   00 00 00 00 00 00 00 00 00 00 00 00 00 00 00 00
0x00007ffb22537030:   00 00 00 00 01 00 00 00 05 00 00 00 48 70 46 00
0x00007ffb22537040:   00 00 00 00 00 00 00 00 78 70 46 00 d0 6c 46 00
0x00007ffb22537050:   f8 6c 46 00 90 65 46 00 50 6d 46 00 00 00 00 00
0x00007ffb22537060:   00 00 00 00 00 00 00 00 00 00 00 00 00 00 00 00
0x00007ffb22537070:   00 00 00 00 00 00 00 00 90 bb 5a 00 04 00 00 00
0x00007ffb22537080:   00 00 00 00 ff ff ff ff 00 00 00 00 40 00 00 00
0x00007ffb22537090:   30 70 46 00 00 00 00 00 00 00 00 00 00 00 00 00
0x00007ffb225370a0:   01 00 00 00 00 00 00 00 00 00 00 00 20 aa 5a 00
0x00007ffb225370b0:   98 6f 46 00 a0 70 46 00 00 00 00 00 00 00 00 00
0x00007ffb225370c0:   00 00 00 00 00 00 00 00 01 00 00 00 00 00 00 00
0x00007ffb225370d0:   00 00 00 00 c0 bb 5a 00 f0 70 46 00 c8 70 46 00 


Stack slot to memory mapping:
stack at sp + 0 slots: 0x00007ffb222c0247 points into unknown readable memory: 48
stack at sp + 1 slots: 0x0000027070912400 points into unknown readable memory: 0x000002701399b9a0 | a0 b9 99 13 70 02 00 00
stack at sp + 2 slots: 0x0000027004d24500 points into unknown readable memory: 0x00007ffb2250e190 | 90 e1 50 22 fb 7f 00 00
stack at sp + 3 slots: 0x0 is NULL
stack at sp + 4 slots: 0x00007ffb65bc24fc jvm.dll
stack at sp + 5 slots: 0xffffffff00000000 is an unknown value
stack at sp + 6 slots: 0x000000ff2fefcd00 is pointing into the stack for thread: 0x00000270527f5800
stack at sp + 7 slots: 0x000000ff00000001 is an unknown value


---------------  P R O C E S S  ---------------

Threads class SMR info:
_java_thread_list=0x000002707811da70, length=38, elements={
0x0000027030c8a800, 0x0000027030f2e800, 0x0000027030f32000, 0x0000027030f55000,
0x0000027030f58000, 0x0000027030f5a000, 0x0000027030f60800, 0x0000027030f62000,
0x0000027030f66000, 0x00000270311d4000, 0x000002702f211800, 0x0000027031189800,
0x000002703105c000, 0x00000270539bf000, 0x00000270527f5800, 0x000002705353d000,
0x0000027052e39800, 0x00000270539c3800, 0x00000270539c2000, 0x00000270628b8000,
0x00000270628b8800, 0x00000270628bc000, 0x00000270628c0000, 0x00000270628bf800,
0x00000270628b6800, 0x00000270628c5000, 0x00000270628c3800, 0x00000270539c3000,
0x00000270539c4800, 0x00000270628c2800, 0x00000270539c8000, 0x00000270628ba800,
0x00000270628bd800, 0x000002706cc1d800, 0x000002706cc1e000, 0x000002706cc1f800,
0x000002706cc20800, 0x00000270628b9800
}

Java Threads: ( => current thread )
  0x0000027030c8a800 JavaThread "main" [_thread_blocked, id=7124, stack(0x000000ff2a500000,0x000000ff2a600000)]
  0x0000027030f2e800 JavaThread "Reference Handler" daemon [_thread_blocked, id=36980, stack(0x000000ff2ac00000,0x000000ff2b100000)]
  0x0000027030f32000 JavaThread "Finalizer" daemon [_thread_blocked, id=3448, stack(0x000000ff2b100000,0x000000ff2b600000)]
  0x0000027030f55000 JavaThread "Signal Dispatcher" daemon [_thread_blocked, id=14120, stack(0x000000ff2b600000,0x000000ff2bb00000)]
  0x0000027030f58000 JavaThread "Attach Listener" daemon [_thread_blocked, id=33888, stack(0x000000ff2bb00000,0x000000ff2c000000)]
  0x0000027030f5a000 JavaThread "Service Thread" daemon [_thread_blocked, id=18184, stack(0x000000ff2c000000,0x000000ff2c500000)]
  0x0000027030f60800 JavaThread "C2 CompilerThread0" daemon [_thread_blocked, id=30844, stack(0x000000ff2c500000,0x000000ff2c600000)]
  0x0000027030f62000 JavaThread "C1 CompilerThread0" daemon [_thread_blocked, id=26164, stack(0x000000ff2c600000,0x000000ff2c700000)]
  0x0000027030f66000 JavaThread "Sweeper thread" daemon [_thread_blocked, id=20228, stack(0x000000ff2c700000,0x000000ff2cc00000)]
  0x00000270311d4000 JavaThread "Common-Cleaner" daemon [_thread_blocked, id=38616, stack(0x000000ff2d000000,0x000000ff2d500000)]
  0x000002702f211800 JavaThread "Java2D Disposer" daemon [_thread_blocked, id=15236, stack(0x000000ff2d600000,0x000000ff2db00000)]
  0x0000027031189800 JavaThread "AWT-Windows" daemon [_thread_in_native, id=13676, stack(0x000000ff2e000000,0x000000ff2e500000)]
  0x000002703105c000 JavaThread "TimerQueue" daemon [_thread_blocked, id=13272, stack(0x000000ff2db00000,0x000000ff2e000000)]
  0x00000270539bf000 JavaThread "AWT-Shutdown" [_thread_blocked, id=23280, stack(0x000000ff2f500000,0x000000ff2fa00000)]
=>0x00000270527f5800 JavaThread "AWT-EventQueue-0" [_thread_in_native, id=18208, stack(0x000000ff2fa00000,0x000000ff2ff00000)]
  0x000002705353d000 JavaThread "Thread-1" [_thread_in_native, id=15420, stack(0x000000ff28e00000,0x000000ff2a200000)]
  0x0000027052e39800 JavaThread "Process Messages Thread" [_thread_blocked, id=27676, stack(0x000000ff30800000,0x000000ff30d00000)]
  0x00000270539c3800 JavaThread "Batik CleanerThread" daemon [_thread_blocked, id=17284, stack(0x000000ff2f000000,0x000000ff2f500000)]
  0x00000270539c2000 JavaThread "SyntheticaCleanerThread" daemon [_thread_blocked, id=14428, stack(0x000000ff31100000,0x000000ff31600000)]
  0x00000270628b8000 JavaThread "Monitor HEventQueue Thread" [_thread_blocked, id=16576, stack(0x000000ff31f00000,0x000000ff32400000)]
  0x00000270628b8800 JavaThread "SyntheticaAnimation 50" daemon [_thread_blocked, id=20408, stack(0x000000ff32400000,0x000000ff32900000)]
  0x00000270628bc000 JavaThread "SyntheticaAnimation 25" daemon [_thread_blocked, id=34708, stack(0x000000ff32b00000,0x000000ff33000000)]
  0x00000270628c0000 JavaThread "SyntheticaAnimation 70" daemon [_thread_blocked, id=29008, stack(0x000000ff31600000,0x000000ff31b00000)]
  0x00000270628bf800 JavaThread "Refresh Filesets Swing Worker Thread" [_thread_blocked, id=35888, stack(0x000000ff33000000,0x000000ff33500000)]
  0x00000270628b6800 JavaThread "hw_ila_monitor" [_thread_blocked, id=18540, stack(0x000000ff2eb00000,0x000000ff2f000000)]
  0x00000270628c5000 JavaThread "pool-2-thread-1" [_thread_blocked, id=16560, stack(0x000000ff33f00000,0x000000ff34400000)]
  0x00000270628c3800 JavaThread "pool-3-thread-1" [_thread_blocked, id=19480, stack(0x000000ff34400000,0x000000ff34900000)]
  0x00000270539c3000 JavaThread "pool-4-thread-1" [_thread_blocked, id=13240, stack(0x000000ff34900000,0x000000ff34e00000)]
  0x00000270539c4800 JavaThread "Update Runs Swing Worker Thread" [_thread_blocked, id=11520, stack(0x000000ff35300000,0x000000ff35800000)]
  0x00000270628c2800 JavaThread "SyntheticaAnimation 50" daemon [_thread_blocked, id=38908, stack(0x000000ff34e00000,0x000000ff35300000)]
  0x00000270539c8000 JavaThread "Image Animator 0" daemon [_thread_blocked, id=35656, stack(0x000000ff35d00000,0x000000ff36200000)]
  0x00000270628ba800 JavaThread "Thread-7665" [_thread_in_native, id=35004, stack(0x000000ff2ce00000,0x000000ff2cf00000)]
  0x00000270628bd800 JavaThread "Thread-7666" [_thread_in_native, id=28172, stack(0x000000ff2e500000,0x000000ff2e600000)]
  0x000002706cc1d800 JavaThread "Thread-10522" [_thread_in_native, id=19472, stack(0x000000ff2e500000,0x000000ff2e600000)]
  0x000002706cc1e000 JavaThread "Thread-10523" [_thread_in_native, id=13364, stack(0x000000ff30000000,0x000000ff30100000)]
  0x000002706cc1f800 JavaThread "Thread-12034" [_thread_in_native, id=25884, stack(0x000000ff30000000,0x000000ff30100000)]
  0x000002706cc20800 JavaThread "Thread-12035" [_thread_in_native, id=22760, stack(0x000000ff2e500000,0x000000ff2e600000)]
  0x00000270628b9800 JavaThread "Relaunch Simulation Thread" [_thread_blocked, id=17300, stack(0x000000ff33500000,0x000000ff33a00000)]

Other Threads:
  0x0000027030f28800 VMThread "VM Thread" [stack: 0x000000ff2ab00000,0x000000ff2ac00000] [id=6516]
  0x000002702e778800 WatcherThread [stack: 0x000000ff2d500000,0x000000ff2d600000] [id=16220]
  0x0000027030c9b000 GCTaskThread "GC Thread#0" [stack: 0x000000ff2a600000,0x000000ff2a700000] [id=24240]
  0x000002702f674800 GCTaskThread "GC Thread#1" [stack: 0x000000ff2e600000,0x000000ff2e700000] [id=37488]
  0x00000270525fa000 GCTaskThread "GC Thread#2" [stack: 0x000000ff2e700000,0x000000ff2e800000] [id=35220]
  0x0000027051ed9800 GCTaskThread "GC Thread#3" [stack: 0x000000ff2e800000,0x000000ff2e900000] [id=33496]
  0x0000027051ca3000 GCTaskThread "GC Thread#4" [stack: 0x000000ff2e900000,0x000000ff2ea00000] [id=36588]
  0x0000027051ca4000 GCTaskThread "GC Thread#5" [stack: 0x000000ff2ea00000,0x000000ff2eb00000] [id=29908]
  0x0000027053541800 GCTaskThread "GC Thread#6" [stack: 0x000000ff30400000,0x000000ff30500000] [id=30104]
  0x0000027053542800 GCTaskThread "GC Thread#7" [stack: 0x000000ff30500000,0x000000ff30600000] [id=24140]
  0x000002705482d800 GCTaskThread "GC Thread#8" [stack: 0x000000ff2cc00000,0x000000ff2cd00000] [id=29360]
  0x0000027030eac800 GCTaskThread "GC Thread#9" [stack: 0x000000ff2cf00000,0x000000ff2d000000] [id=3380]
  0x0000027062581000 GCTaskThread "GC Thread#10" [stack: 0x000000ff30e00000,0x000000ff30f00000] [id=33648]
  0x0000027056e42800 GCTaskThread "GC Thread#11" [stack: 0x000000ff30f00000,0x000000ff31000000] [id=6800]
  0x0000027063e0d000 GCTaskThread "GC Thread#12" [stack: 0x000000ff2a200000,0x000000ff2a300000] [id=21456]
  0x0000027030cdb000 ConcurrentGCThread "G1 Main Marker" [stack: 0x000000ff2a700000,0x000000ff2a800000] [id=35460]
  0x0000027030cdf800 ConcurrentGCThread "G1 Conc#0" [stack: 0x000000ff2a800000,0x000000ff2a900000] [id=24588]
  0x0000027052d57800 ConcurrentGCThread "G1 Conc#1" [stack: 0x000000ff30600000,0x000000ff30700000] [id=30512]
  0x0000027052d5a800 ConcurrentGCThread "G1 Conc#2" [stack: 0x000000ff30700000,0x000000ff30800000] [id=17984]
  0x0000027030dba800 ConcurrentGCThread "G1 Refine#0" [stack: 0x000000ff2a900000,0x000000ff2aa00000] [id=27592]
  0x0000027030dbb800 ConcurrentGCThread "G1 Young RemSet Sampling" [stack: 0x000000ff2aa00000,0x000000ff2ab00000] [id=32096]

Threads with active compile tasks:

VM state:not at safepoint (normal execution)

VM Mutex/Monitor currently owned by a thread: None

Heap address: 0x0000000740000000, size: 3072 MB, Compressed Oops mode: Zero based, Oop shift amount: 3
Narrow klass base: 0x0000000800000000, Narrow klass shift: 0
Compressed class space size: 1073741824 Address: 0x0000000800000000

Heap:
 garbage-first heap   total 315392K, used 215860K [0x0000000740000000, 0x0000000800000000)
  region size 1024K, 48 young (49152K), 1 survivors (1024K)
 Metaspace       used 95651K, capacity 97086K, committed 98564K, reserved 1134592K
  class space    used 11592K, capacity 12189K, committed 12672K, reserved 1048576K
Heap Regions: E=young(eden), S=young(survivor), O=old, HS=humongous(starts), HC=humongous(continues), CS=collection set, F=free, A=archive, TAMS=top-at-mark-start (previous, next)
|   0|0x0000000740000000, 0x0000000740100000, 0x0000000740100000|100%|HS|  |TAMS 0x0000000740100000, 0x0000000740000000| Complete 
|   1|0x0000000740100000, 0x0000000740200000, 0x0000000740200000|100%|HC|  |TAMS 0x0000000740200000, 0x0000000740100000| Complete 
|   2|0x0000000740200000, 0x0000000740300000, 0x0000000740300000|100%|HS|  |TAMS 0x0000000740300000, 0x0000000740200000| Complete 
|   3|0x0000000740300000, 0x0000000740400000, 0x0000000740400000|100%|HS|  |TAMS 0x0000000740400000, 0x0000000740300000| Complete 
|   4|0x0000000740400000, 0x0000000740500000, 0x0000000740500000|100%| O|  |TAMS 0x0000000740500000, 0x0000000740400000| Untracked 
|   5|0x0000000740500000, 0x00000007405fff98, 0x0000000740600000| 99%| O|  |TAMS 0x00000007405fff98, 0x0000000740500000| Untracked 
|   6|0x0000000740600000, 0x00000007406ffff0, 0x0000000740700000| 99%| O|  |TAMS 0x00000007406ffff0, 0x0000000740600000| Untracked 
|   7|0x0000000740700000, 0x0000000740800000, 0x0000000740800000|100%| O|  |TAMS 0x0000000740800000, 0x0000000740700000| Untracked 
|   8|0x0000000740800000, 0x0000000740900000, 0x0000000740900000|100%| O|  |TAMS 0x0000000740900000, 0x0000000740800000| Untracked 
|   9|0x0000000740900000, 0x0000000740a00000, 0x0000000740a00000|100%| O|  |TAMS 0x0000000740a00000, 0x0000000740900000| Untracked 
|  10|0x0000000740a00000, 0x0000000740b00000, 0x0000000740b00000|100%| O|  |TAMS 0x0000000740b00000, 0x0000000740a00000| Untracked 
|  11|0x0000000740b00000, 0x0000000740bfff00, 0x0000000740c00000| 99%| O|  |TAMS 0x0000000740bfff00, 0x0000000740b00000| Untracked 
|  12|0x0000000740c00000, 0x0000000740cffff8, 0x0000000740d00000| 99%| O|  |TAMS 0x0000000740cffff8, 0x0000000740c00000| Untracked 
|  13|0x0000000740d00000, 0x0000000740e00000, 0x0000000740e00000|100%| O|  |TAMS 0x0000000740e00000, 0x0000000740d00000| Untracked 
|  14|0x0000000740e00000, 0x0000000740effff8, 0x0000000740f00000| 99%| O|  |TAMS 0x0000000740effff8, 0x0000000740e00000| Untracked 
|  15|0x0000000740f00000, 0x0000000740fffff0, 0x0000000741000000| 99%| O|  |TAMS 0x0000000740fffff0, 0x0000000740f00000| Untracked 
|  16|0x0000000741000000, 0x0000000741100000, 0x0000000741100000|100%| O|  |TAMS 0x0000000741100000, 0x0000000741000000| Untracked 
|  17|0x0000000741100000, 0x0000000741200000, 0x0000000741200000|100%| O|  |TAMS 0x0000000741200000, 0x0000000741100000| Untracked 
|  18|0x0000000741200000, 0x0000000741300000, 0x0000000741300000|100%| O|  |TAMS 0x0000000741300000, 0x0000000741200000| Untracked 
|  19|0x0000000741300000, 0x0000000741400000, 0x0000000741400000|100%| O|  |TAMS 0x0000000741400000, 0x0000000741300000| Untracked 
|  20|0x0000000741400000, 0x00000007414ffff8, 0x0000000741500000| 99%| O|  |TAMS 0x00000007414ffff8, 0x0000000741400000| Untracked 
|  21|0x0000000741500000, 0x0000000741600000, 0x0000000741600000|100%| O|  |TAMS 0x0000000741600000, 0x0000000741500000| Untracked 
|  22|0x0000000741600000, 0x0000000741700000, 0x0000000741700000|100%| O|  |TAMS 0x0000000741700000, 0x0000000741600000| Untracked 
|  23|0x0000000741700000, 0x00000007417ffff8, 0x0000000741800000| 99%| O|  |TAMS 0x00000007417ffff8, 0x0000000741700000| Untracked 
|  24|0x0000000741800000, 0x00000007418ffff8, 0x0000000741900000| 99%| O|  |TAMS 0x00000007418ffff8, 0x0000000741800000| Untracked 
|  25|0x0000000741900000, 0x00000007419ffff0, 0x0000000741a00000| 99%| O|  |TAMS 0x00000007419ffff0, 0x0000000741900000| Untracked 
|  26|0x0000000741a00000, 0x0000000741affff0, 0x0000000741b00000| 99%| O|  |TAMS 0x0000000741affff0, 0x0000000741a00000| Untracked 
|  27|0x0000000741b00000, 0x0000000741bfffe8, 0x0000000741c00000| 99%| O|  |TAMS 0x0000000741bfffe8, 0x0000000741b00000| Untracked 
|  28|0x0000000741c00000, 0x0000000741d00000, 0x0000000741d00000|100%| O|  |TAMS 0x0000000741d00000, 0x0000000741c00000| Untracked 
|  29|0x0000000741d00000, 0x0000000741dffff8, 0x0000000741e00000| 99%| O|  |TAMS 0x0000000741dffff8, 0x0000000741d00000| Untracked 
|  30|0x0000000741e00000, 0x0000000741effff0, 0x0000000741f00000| 99%| O|  |TAMS 0x0000000741effff0, 0x0000000741e00000| Untracked 
|  31|0x0000000741f00000, 0x0000000741fffff8, 0x0000000742000000| 99%| O|  |TAMS 0x0000000741fffff8, 0x0000000741f00000| Untracked 
|  32|0x0000000742000000, 0x00000007420ffff8, 0x0000000742100000| 99%| O|  |TAMS 0x00000007420ffff8, 0x0000000742000000| Untracked 
|  33|0x0000000742100000, 0x00000007421ffff8, 0x0000000742200000| 99%| O|  |TAMS 0x00000007421ffff8, 0x0000000742100000| Untracked 
|  34|0x0000000742200000, 0x00000007422fffe0, 0x0000000742300000| 99%| O|  |TAMS 0x00000007422fffe0, 0x0000000742200000| Untracked 
|  35|0x0000000742300000, 0x0000000742400000, 0x0000000742400000|100%| O|  |TAMS 0x0000000742400000, 0x0000000742300000| Untracked 
|  36|0x0000000742400000, 0x00000007424ffff8, 0x0000000742500000| 99%| O|  |TAMS 0x00000007424ffff8, 0x0000000742400000| Untracked 
|  37|0x0000000742500000, 0x00000007425ffff8, 0x0000000742600000| 99%| O|  |TAMS 0x00000007425ffff8, 0x0000000742500000| Untracked 
|  38|0x0000000742600000, 0x00000007426ffff8, 0x0000000742700000| 99%| O|  |TAMS 0x00000007426ffff8, 0x0000000742600000| Untracked 
|  39|0x0000000742700000, 0x0000000742800000, 0x0000000742800000|100%| O|  |TAMS 0x0000000742800000, 0x0000000742700000| Untracked 
|  40|0x0000000742800000, 0x00000007428ffff8, 0x0000000742900000| 99%| O|  |TAMS 0x00000007428ffff8, 0x0000000742800000| Untracked 
|  41|0x0000000742900000, 0x00000007429ffff0, 0x0000000742a00000| 99%| O|  |TAMS 0x00000007429ffff0, 0x0000000742900000| Untracked 
|  42|0x0000000742a00000, 0x0000000742b00000, 0x0000000742b00000|100%| O|  |TAMS 0x0000000742b00000, 0x0000000742a00000| Untracked 
|  43|0x0000000742b00000, 0x0000000742bfffe8, 0x0000000742c00000| 99%| O|  |TAMS 0x0000000742bfffe8, 0x0000000742b00000| Untracked 
|  44|0x0000000742c00000, 0x0000000742cffff8, 0x0000000742d00000| 99%| O|  |TAMS 0x0000000742cffff8, 0x0000000742c00000| Untracked 
|  45|0x0000000742d00000, 0x0000000742dfffe8, 0x0000000742e00000| 99%| O|  |TAMS 0x0000000742dfffe8, 0x0000000742d00000| Untracked 
|  46|0x0000000742e00000, 0x0000000742efffb0, 0x0000000742f00000| 99%| O|  |TAMS 0x0000000742efffb0, 0x0000000742e00000| Untracked 
|  47|0x0000000742f00000, 0x0000000742fffff8, 0x0000000743000000| 99%| O|  |TAMS 0x0000000742fffff8, 0x0000000742f00000| Untracked 
|  48|0x0000000743000000, 0x0000000743100000, 0x0000000743100000|100%| O|  |TAMS 0x0000000743100000, 0x0000000743000000| Untracked 
|  49|0x0000000743100000, 0x00000007431fffe8, 0x0000000743200000| 99%| O|  |TAMS 0x00000007431fffe8, 0x0000000743100000| Untracked 
|  50|0x0000000743200000, 0x0000000743300000, 0x0000000743300000|100%| O|  |TAMS 0x0000000743300000, 0x0000000743200000| Untracked 
|  51|0x0000000743300000, 0x00000007433fffe0, 0x0000000743400000| 99%| O|  |TAMS 0x00000007433fffe0, 0x0000000743300000| Untracked 
|  52|0x0000000743400000, 0x00000007434ffff8, 0x0000000743500000| 99%| O|  |TAMS 0x00000007434ffff8, 0x0000000743400000| Untracked 
|  53|0x0000000743500000, 0x00000007435ffff8, 0x0000000743600000| 99%| O|  |TAMS 0x00000007435ffff8, 0x0000000743500000| Untracked 
|  54|0x0000000743600000, 0x00000007436ffff0, 0x0000000743700000| 99%| O|  |TAMS 0x00000007436ffff0, 0x0000000743600000| Untracked 
|  55|0x0000000743700000, 0x0000000743800000, 0x0000000743800000|100%| O|  |TAMS 0x0000000743800000, 0x0000000743700000| Untracked 
|  56|0x0000000743800000, 0x00000007438ffff8, 0x0000000743900000| 99%| O|  |TAMS 0x00000007438ffff8, 0x0000000743800000| Untracked 
|  57|0x0000000743900000, 0x0000000743a00000, 0x0000000743a00000|100%| O|  |TAMS 0x0000000743a00000, 0x0000000743900000| Untracked 
|  58|0x0000000743a00000, 0x0000000743b00000, 0x0000000743b00000|100%|HS|  |TAMS 0x0000000743b00000, 0x0000000743a00000| Complete 
|  59|0x0000000743b00000, 0x0000000743bffff8, 0x0000000743c00000| 99%| O|  |TAMS 0x0000000743bffff8, 0x0000000743b00000| Untracked 
|  60|0x0000000743c00000, 0x0000000743cffff8, 0x0000000743d00000| 99%| O|  |TAMS 0x0000000743cffff8, 0x0000000743c00000| Untracked 
|  61|0x0000000743d00000, 0x0000000743e00000, 0x0000000743e00000|100%| O|  |TAMS 0x0000000743e00000, 0x0000000743d00000| Untracked 
|  62|0x0000000743e00000, 0x0000000743f00000, 0x0000000743f00000|100%| O|  |TAMS 0x0000000743f00000, 0x0000000743e00000| Untracked 
|  63|0x0000000743f00000, 0x0000000743ffffe0, 0x0000000744000000| 99%| O|  |TAMS 0x0000000743ffffe0, 0x0000000743f00000| Untracked 
|  64|0x0000000744000000, 0x00000007440ffff8, 0x0000000744100000| 99%| O|  |TAMS 0x00000007440ffff8, 0x0000000744000000| Untracked 
|  65|0x0000000744100000, 0x0000000744200000, 0x0000000744200000|100%| O|  |TAMS 0x0000000744200000, 0x0000000744100000| Untracked 
|  66|0x0000000744200000, 0x0000000744300000, 0x0000000744300000|100%| O|  |TAMS 0x0000000744300000, 0x0000000744200000| Untracked 
|  67|0x0000000744300000, 0x00000007443ffff0, 0x0000000744400000| 99%| O|  |TAMS 0x00000007443ffff0, 0x0000000744300000| Untracked 
|  68|0x0000000744400000, 0x0000000744500000, 0x0000000744500000|100%| O|  |TAMS 0x0000000744500000, 0x0000000744400000| Untracked 
|  69|0x0000000744500000, 0x00000007445ffff8, 0x0000000744600000| 99%| O|  |TAMS 0x00000007445ffff8, 0x0000000744500000| Untracked 
|  70|0x0000000744600000, 0x0000000744700000, 0x0000000744700000|100%| O|  |TAMS 0x0000000744700000, 0x0000000744600000| Untracked 
|  71|0x0000000744700000, 0x00000007447ffff8, 0x0000000744800000| 99%| O|  |TAMS 0x00000007447ffff8, 0x0000000744700000| Untracked 
|  72|0x0000000744800000, 0x0000000744900000, 0x0000000744900000|100%| O|  |TAMS 0x0000000744900000, 0x0000000744800000| Untracked 
|  73|0x0000000744900000, 0x00000007449ffff0, 0x0000000744a00000| 99%| O|  |TAMS 0x00000007449ffff0, 0x0000000744900000| Untracked 
|  74|0x0000000744a00000, 0x0000000744aff658, 0x0000000744b00000| 99%| O|  |TAMS 0x0000000744aff658, 0x0000000744a00000| Untracked 
|  75|0x0000000744b00000, 0x0000000744bffff8, 0x0000000744c00000| 99%| O|  |TAMS 0x0000000744bffff8, 0x0000000744b00000| Untracked 
|  76|0x0000000744c00000, 0x0000000744d00000, 0x0000000744d00000|100%| O|  |TAMS 0x0000000744d00000, 0x0000000744c00000| Untracked 
|  77|0x0000000744d00000, 0x0000000744dfffe0, 0x0000000744e00000| 99%| O|  |TAMS 0x0000000744dfffe0, 0x0000000744d00000| Untracked 
|  78|0x0000000744e00000, 0x0000000744f00000, 0x0000000744f00000|100%| O|  |TAMS 0x0000000744f00000, 0x0000000744e00000| Untracked 
|  79|0x0000000744f00000, 0x0000000745000000, 0x0000000745000000|100%| O|  |TAMS 0x0000000745000000, 0x0000000744f00000| Untracked 
|  80|0x0000000745000000, 0x00000007450fffe8, 0x0000000745100000| 99%| O|  |TAMS 0x00000007450fffe8, 0x0000000745000000| Untracked 
|  81|0x0000000745100000, 0x0000000745200000, 0x0000000745200000|100%| O|  |TAMS 0x0000000745200000, 0x0000000745100000| Untracked 
|  82|0x0000000745200000, 0x00000007452ffed8, 0x0000000745300000| 99%| O|  |TAMS 0x00000007452ffed8, 0x0000000745200000| Untracked 
|  83|0x0000000745300000, 0x00000007453fffc8, 0x0000000745400000| 99%| O|  |TAMS 0x00000007453fffc8, 0x0000000745300000| Untracked 
|  84|0x0000000745400000, 0x00000007454fff60, 0x0000000745500000| 99%| O|  |TAMS 0x00000007454fff60, 0x0000000745400000| Untracked 
|  85|0x0000000745500000, 0x00000007455fffb8, 0x0000000745600000| 99%| O|  |TAMS 0x00000007455fffb8, 0x0000000745500000| Untracked 
|  86|0x0000000745600000, 0x00000007456ffff8, 0x0000000745700000| 99%| O|  |TAMS 0x00000007456ffff8, 0x0000000745600000| Untracked 
|  87|0x0000000745700000, 0x00000007457ffff8, 0x0000000745800000| 99%| O|  |TAMS 0x00000007457ffff8, 0x0000000745700000| Untracked 
|  88|0x0000000745800000, 0x00000007458ffff0, 0x0000000745900000| 99%| O|  |TAMS 0x00000007458ffff0, 0x0000000745800000| Untracked 
|  89|0x0000000745900000, 0x0000000745a00000, 0x0000000745a00000|100%| O|  |TAMS 0x0000000745a00000, 0x0000000745900000| Untracked 
|  90|0x0000000745a00000, 0x0000000745afc058, 0x0000000745b00000| 98%| O|  |TAMS 0x0000000745afc058, 0x0000000745a00000| Untracked 
|  91|0x0000000745b00000, 0x0000000745c00000, 0x0000000745c00000|100%|HS|  |TAMS 0x0000000745c00000, 0x0000000745b00000| Complete 
|  92|0x0000000745c00000, 0x0000000745d00000, 0x0000000745d00000|100%|HC|  |TAMS 0x0000000745d00000, 0x0000000745c00000| Complete 
|  93|0x0000000745d00000, 0x0000000745e00000, 0x0000000745e00000|100%|HC|  |TAMS 0x0000000745e00000, 0x0000000745d00000| Complete 
|  94|0x0000000745e00000, 0x0000000745f00000, 0x0000000745f00000|100%|HC|  |TAMS 0x0000000745f00000, 0x0000000745e00000| Complete 
|  95|0x0000000745f00000, 0x0000000745fffff8, 0x0000000746000000| 99%| O|  |TAMS 0x0000000745fffff8, 0x0000000745f00000| Untracked 
|  96|0x0000000746000000, 0x00000007460ffff0, 0x0000000746100000| 99%| O|  |TAMS 0x00000007460ffff0, 0x0000000746000000| Untracked 
|  97|0x0000000746100000, 0x00000007461ffff0, 0x0000000746200000| 99%| O|  |TAMS 0x00000007461ffff0, 0x0000000746100000| Untracked 
|  98|0x0000000746200000, 0x0000000746300000, 0x0000000746300000|100%| O|  |TAMS 0x0000000746300000, 0x0000000746200000| Untracked 
|  99|0x0000000746300000, 0x0000000746400000, 0x0000000746400000|100%|HS|  |TAMS 0x0000000746400000, 0x0000000746300000| Untracked 
| 100|0x0000000746400000, 0x00000007464ffff0, 0x0000000746500000| 99%| O|  |TAMS 0x00000007464ffff0, 0x0000000746400000| Untracked 
| 101|0x0000000746500000, 0x00000007465ffff0, 0x0000000746600000| 99%| O|  |TAMS 0x00000007465ffff0, 0x0000000746500000| Untracked 
| 102|0x0000000746600000, 0x00000007466fffe8, 0x0000000746700000| 99%| O|  |TAMS 0x00000007466fffe8, 0x0000000746600000| Untracked 
| 103|0x0000000746700000, 0x00000007467df450, 0x0000000746800000| 87%| O|  |TAMS 0x00000007467df450, 0x0000000746700000| Untracked 
| 104|0x0000000746800000, 0x00000007468dcd10, 0x0000000746900000| 86%| O|  |TAMS 0x00000007468dcd10, 0x0000000746800000| Untracked 
| 105|0x0000000746900000, 0x0000000746a00000, 0x0000000746a00000|100%|HS|  |TAMS 0x0000000746a00000, 0x0000000746900000| Complete 
| 106|0x0000000746a00000, 0x0000000746b00000, 0x0000000746b00000|100%|HC|  |TAMS 0x0000000746b00000, 0x0000000746a00000| Complete 
| 107|0x0000000746b00000, 0x0000000746c00000, 0x0000000746c00000|100%|HC|  |TAMS 0x0000000746c00000, 0x0000000746b00000| Complete 
| 108|0x0000000746c00000, 0x0000000746d00000, 0x0000000746d00000|100%|HC|  |TAMS 0x0000000746d00000, 0x0000000746c00000| Complete 
| 109|0x0000000746d00000, 0x0000000746e00000, 0x0000000746e00000|100%|HC|  |TAMS 0x0000000746e00000, 0x0000000746d00000| Complete 
| 110|0x0000000746e00000, 0x0000000746f00000, 0x0000000746f00000|100%|HC|  |TAMS 0x0000000746f00000, 0x0000000746e00000| Complete 
| 111|0x0000000746f00000, 0x0000000747000000, 0x0000000747000000|100%|HC|  |TAMS 0x0000000747000000, 0x0000000746f00000| Complete 
| 112|0x0000000747000000, 0x0000000747100000, 0x0000000747100000|100%|HC|  |TAMS 0x0000000747100000, 0x0000000747000000| Complete 
| 113|0x0000000747100000, 0x00000007471f06d0, 0x0000000747200000| 93%| O|  |TAMS 0x00000007471f06d0, 0x0000000747100000| Untracked 
| 114|0x0000000747200000, 0x00000007472bb4f0, 0x0000000747300000| 73%| O|  |TAMS 0x00000007472bb4f0, 0x0000000747200000| Untracked 
| 115|0x0000000747300000, 0x00000007473b9a98, 0x0000000747400000| 72%| O|  |TAMS 0x00000007473b9a98, 0x0000000747300000| Untracked 
| 116|0x0000000747400000, 0x0000000747443878, 0x0000000747500000| 26%| O|  |TAMS 0x0000000747443878, 0x0000000747400000| Untracked 
| 117|0x0000000747500000, 0x0000000747535850, 0x0000000747600000| 20%| O|  |TAMS 0x0000000747535850, 0x0000000747500000| Untracked 
| 118|0x0000000747600000, 0x0000000747600000, 0x0000000747700000|  0%| F|  |TAMS 0x0000000747600000, 0x0000000747600000| Untracked 
| 119|0x0000000747700000, 0x0000000747700000, 0x0000000747800000|  0%| F|  |TAMS 0x0000000747700000, 0x0000000747700000| Untracked 
| 120|0x0000000747800000, 0x0000000747900000, 0x0000000747900000|100%|HS|  |TAMS 0x0000000747900000, 0x0000000747800000| Complete 
| 121|0x0000000747900000, 0x0000000747a00000, 0x0000000747a00000|100%|HC|  |TAMS 0x0000000747a00000, 0x0000000747900000| Complete 
| 122|0x0000000747a00000, 0x0000000747a00000, 0x0000000747b00000|  0%| F|  |TAMS 0x0000000747a00000, 0x0000000747a00000| Untracked 
| 123|0x0000000747b00000, 0x0000000747b00000, 0x0000000747c00000|  0%| F|  |TAMS 0x0000000747b00000, 0x0000000747b00000| Untracked 
| 124|0x0000000747c00000, 0x0000000747c00000, 0x0000000747d00000|  0%| F|  |TAMS 0x0000000747c00000, 0x0000000747c00000| Untracked 
| 125|0x0000000747d00000, 0x0000000747d00000, 0x0000000747e00000|  0%| F|  |TAMS 0x0000000747d00000, 0x0000000747d00000| Untracked 
| 126|0x0000000747e00000, 0x0000000747e00000, 0x0000000747f00000|  0%| F|  |TAMS 0x0000000747e00000, 0x0000000747e00000| Untracked 
| 127|0x0000000747f00000, 0x0000000747f00000, 0x0000000748000000|  0%| F|  |TAMS 0x0000000747f00000, 0x0000000747f00000| Untracked 
| 128|0x0000000748000000, 0x0000000748000000, 0x0000000748100000|  0%| F|  |TAMS 0x0000000748000000, 0x0000000748000000| Untracked 
| 129|0x0000000748100000, 0x0000000748100000, 0x0000000748200000|  0%| F|  |TAMS 0x0000000748100000, 0x0000000748100000| Untracked 
| 130|0x0000000748200000, 0x0000000748200000, 0x0000000748300000|  0%| F|  |TAMS 0x0000000748200000, 0x0000000748200000| Untracked 
| 131|0x0000000748300000, 0x0000000748300000, 0x0000000748400000|  0%| F|  |TAMS 0x0000000748300000, 0x0000000748300000| Untracked 
| 132|0x0000000748400000, 0x0000000748400000, 0x0000000748500000|  0%| F|  |TAMS 0x0000000748400000, 0x0000000748400000| Untracked 
| 133|0x0000000748500000, 0x0000000748500000, 0x0000000748600000|  0%| F|  |TAMS 0x0000000748500000, 0x0000000748500000| Untracked 
| 134|0x0000000748600000, 0x0000000748600000, 0x0000000748700000|  0%| F|  |TAMS 0x0000000748600000, 0x0000000748600000| Untracked 
| 135|0x0000000748700000, 0x0000000748700000, 0x0000000748800000|  0%| F|  |TAMS 0x0000000748700000, 0x0000000748700000| Untracked 
| 136|0x0000000748800000, 0x0000000748800000, 0x0000000748900000|  0%| F|  |TAMS 0x0000000748800000, 0x0000000748800000| Untracked 
| 137|0x0000000748900000, 0x0000000748a00000, 0x0000000748a00000|100%|HS|  |TAMS 0x0000000748a00000, 0x0000000748900000| Complete 
| 138|0x0000000748a00000, 0x0000000748b00000, 0x0000000748b00000|100%|HC|  |TAMS 0x0000000748b00000, 0x0000000748a00000| Complete 
| 139|0x0000000748b00000, 0x0000000748c00000, 0x0000000748c00000|100%|HC|  |TAMS 0x0000000748c00000, 0x0000000748b00000| Complete 
| 140|0x0000000748c00000, 0x0000000748d00000, 0x0000000748d00000|100%|HC|  |TAMS 0x0000000748d00000, 0x0000000748c00000| Complete 
| 141|0x0000000748d00000, 0x0000000748e00000, 0x0000000748e00000|100%|HC|  |TAMS 0x0000000748e00000, 0x0000000748d00000| Complete 
| 142|0x0000000748e00000, 0x0000000748f00000, 0x0000000748f00000|100%|HC|  |TAMS 0x0000000748f00000, 0x0000000748e00000| Complete 
| 143|0x0000000748f00000, 0x0000000749000000, 0x0000000749000000|100%|HC|  |TAMS 0x0000000749000000, 0x0000000748f00000| Complete 
| 144|0x0000000749000000, 0x0000000749100000, 0x0000000749100000|100%|HC|  |TAMS 0x0000000749100000, 0x0000000749000000| Complete 
| 145|0x0000000749100000, 0x0000000749200000, 0x0000000749200000|100%|HC|  |TAMS 0x0000000749200000, 0x0000000749100000| Complete 
| 146|0x0000000749200000, 0x0000000749300000, 0x0000000749300000|100%|HC|  |TAMS 0x0000000749300000, 0x0000000749200000| Complete 
| 147|0x0000000749300000, 0x0000000749400000, 0x0000000749400000|100%|HC|  |TAMS 0x0000000749400000, 0x0000000749300000| Complete 
| 148|0x0000000749400000, 0x0000000749500000, 0x0000000749500000|100%|HC|  |TAMS 0x0000000749500000, 0x0000000749400000| Complete 
| 149|0x0000000749500000, 0x0000000749600000, 0x0000000749600000|100%|HC|  |TAMS 0x0000000749600000, 0x0000000749500000| Complete 
| 150|0x0000000749600000, 0x0000000749700000, 0x0000000749700000|100%|HC|  |TAMS 0x0000000749700000, 0x0000000749600000| Complete 
| 151|0x0000000749700000, 0x0000000749800000, 0x0000000749800000|100%|HC|  |TAMS 0x0000000749800000, 0x0000000749700000| Complete 
| 152|0x0000000749800000, 0x0000000749900000, 0x0000000749900000|100%|HC|  |TAMS 0x0000000749900000, 0x0000000749800000| Complete 
| 153|0x0000000749900000, 0x0000000749a00000, 0x0000000749a00000|100%|HC|  |TAMS 0x0000000749a00000, 0x0000000749900000| Complete 
| 154|0x0000000749a00000, 0x0000000749b00000, 0x0000000749b00000|100%|HC|  |TAMS 0x0000000749b00000, 0x0000000749a00000| Complete 
| 155|0x0000000749b00000, 0x0000000749c00000, 0x0000000749c00000|100%|HC|  |TAMS 0x0000000749c00000, 0x0000000749b00000| Complete 
| 156|0x0000000749c00000, 0x0000000749d00000, 0x0000000749d00000|100%|HC|  |TAMS 0x0000000749d00000, 0x0000000749c00000| Complete 
| 157|0x0000000749d00000, 0x0000000749e00000, 0x0000000749e00000|100%|HC|  |TAMS 0x0000000749e00000, 0x0000000749d00000| Complete 
| 158|0x0000000749e00000, 0x0000000749f00000, 0x0000000749f00000|100%|HC|  |TAMS 0x0000000749f00000, 0x0000000749e00000| Complete 
| 159|0x0000000749f00000, 0x000000074a000000, 0x000000074a000000|100%|HC|  |TAMS 0x000000074a000000, 0x0000000749f00000| Complete 
| 160|0x000000074a000000, 0x000000074a100000, 0x000000074a100000|100%|HC|  |TAMS 0x000000074a100000, 0x000000074a000000| Complete 
| 161|0x000000074a100000, 0x000000074a200000, 0x000000074a200000|100%|HC|  |TAMS 0x000000074a200000, 0x000000074a100000| Complete 
| 162|0x000000074a200000, 0x000000074a300000, 0x000000074a300000|100%|HC|  |TAMS 0x000000074a300000, 0x000000074a200000| Complete 
| 163|0x000000074a300000, 0x000000074a400000, 0x000000074a400000|100%|HC|  |TAMS 0x000000074a400000, 0x000000074a300000| Complete 
| 164|0x000000074a400000, 0x000000074a500000, 0x000000074a500000|100%|HC|  |TAMS 0x000000074a500000, 0x000000074a400000| Complete 
| 165|0x000000074a500000, 0x000000074a600000, 0x000000074a600000|100%|HC|  |TAMS 0x000000074a600000, 0x000000074a500000| Complete 
| 166|0x000000074a600000, 0x000000074a700000, 0x000000074a700000|100%|HC|  |TAMS 0x000000074a700000, 0x000000074a600000| Complete 
| 167|0x000000074a700000, 0x000000074a800000, 0x000000074a800000|100%|HC|  |TAMS 0x000000074a800000, 0x000000074a700000| Complete 
| 168|0x000000074a800000, 0x000000074a900000, 0x000000074a900000|100%|HC|  |TAMS 0x000000074a900000, 0x000000074a800000| Complete 
| 169|0x000000074a900000, 0x000000074aa00000, 0x000000074aa00000|100%|HC|  |TAMS 0x000000074aa00000, 0x000000074a900000| Complete 
| 170|0x000000074aa00000, 0x000000074ab00000, 0x000000074ab00000|100%|HC|  |TAMS 0x000000074ab00000, 0x000000074aa00000| Complete 
| 171|0x000000074ab00000, 0x000000074ac00000, 0x000000074ac00000|100%|HC|  |TAMS 0x000000074ac00000, 0x000000074ab00000| Complete 
| 172|0x000000074ac00000, 0x000000074ad00000, 0x000000074ad00000|100%|HC|  |TAMS 0x000000074ad00000, 0x000000074ac00000| Complete 
| 173|0x000000074ad00000, 0x000000074ae00000, 0x000000074ae00000|100%|HC|  |TAMS 0x000000074ae00000, 0x000000074ad00000| Complete 
| 174|0x000000074ae00000, 0x000000074af00000, 0x000000074af00000|100%|HC|  |TAMS 0x000000074af00000, 0x000000074ae00000| Complete 
| 175|0x000000074af00000, 0x000000074b000000, 0x000000074b000000|100%|HC|  |TAMS 0x000000074b000000, 0x000000074af00000| Complete 
| 176|0x000000074b000000, 0x000000074b100000, 0x000000074b100000|100%|HC|  |TAMS 0x000000074b100000, 0x000000074b000000| Complete 
| 177|0x000000074b100000, 0x000000074b200000, 0x000000074b200000|100%|HC|  |TAMS 0x000000074b200000, 0x000000074b100000| Complete 
| 178|0x000000074b200000, 0x000000074b300000, 0x000000074b300000|100%|HC|  |TAMS 0x000000074b300000, 0x000000074b200000| Complete 
| 179|0x000000074b300000, 0x000000074b400000, 0x000000074b400000|100%|HC|  |TAMS 0x000000074b400000, 0x000000074b300000| Complete 
| 180|0x000000074b400000, 0x000000074b500000, 0x000000074b500000|100%|HC|  |TAMS 0x000000074b500000, 0x000000074b400000| Complete 
| 181|0x000000074b500000, 0x000000074b600000, 0x000000074b600000|100%|HC|  |TAMS 0x000000074b600000, 0x000000074b500000| Complete 
| 182|0x000000074b600000, 0x000000074b700000, 0x000000074b700000|100%|HC|  |TAMS 0x000000074b700000, 0x000000074b600000| Complete 
| 183|0x000000074b700000, 0x000000074b800000, 0x000000074b800000|100%|HC|  |TAMS 0x000000074b800000, 0x000000074b700000| Complete 
| 184|0x000000074b800000, 0x000000074b800000, 0x000000074b900000|  0%| F|  |TAMS 0x000000074b800000, 0x000000074b800000| Untracked 
| 185|0x000000074b900000, 0x000000074b900000, 0x000000074ba00000|  0%| F|  |TAMS 0x000000074b900000, 0x000000074b900000| Untracked 
| 186|0x000000074ba00000, 0x000000074ba00000, 0x000000074bb00000|  0%| F|  |TAMS 0x000000074ba00000, 0x000000074ba00000| Untracked 
| 187|0x000000074bb00000, 0x000000074bb00000, 0x000000074bc00000|  0%| F|  |TAMS 0x000000074bb00000, 0x000000074bb00000| Untracked 
| 188|0x000000074bc00000, 0x000000074bc00000, 0x000000074bd00000|  0%| F|  |TAMS 0x000000074bc00000, 0x000000074bc00000| Untracked 
| 189|0x000000074bd00000, 0x000000074bd00000, 0x000000074be00000|  0%| F|  |TAMS 0x000000074bd00000, 0x000000074bd00000| Untracked 
| 190|0x000000074be00000, 0x000000074be00000, 0x000000074bf00000|  0%| F|  |TAMS 0x000000074be00000, 0x000000074be00000| Untracked 
| 191|0x000000074bf00000, 0x000000074bf00000, 0x000000074c000000|  0%| F|  |TAMS 0x000000074bf00000, 0x000000074bf00000| Untracked 
| 192|0x000000074c000000, 0x000000074c000000, 0x000000074c100000|  0%| F|  |TAMS 0x000000074c000000, 0x000000074c000000| Untracked 
| 193|0x000000074c100000, 0x000000074c100000, 0x000000074c200000|  0%| F|  |TAMS 0x000000074c100000, 0x000000074c100000| Untracked 
| 194|0x000000074c200000, 0x000000074c200000, 0x000000074c300000|  0%| F|  |TAMS 0x000000074c200000, 0x000000074c200000| Untracked 
| 195|0x000000074c300000, 0x000000074c300000, 0x000000074c400000|  0%| F|  |TAMS 0x000000074c300000, 0x000000074c300000| Untracked 
| 196|0x000000074c400000, 0x000000074c400000, 0x000000074c500000|  0%| F|  |TAMS 0x000000074c400000, 0x000000074c400000| Untracked 
| 197|0x000000074c500000, 0x000000074c500000, 0x000000074c600000|  0%| F|  |TAMS 0x000000074c500000, 0x000000074c500000| Untracked 
| 198|0x000000074c600000, 0x000000074c600000, 0x000000074c700000|  0%| F|  |TAMS 0x000000074c600000, 0x000000074c600000| Untracked 
| 199|0x000000074c700000, 0x000000074c700000, 0x000000074c800000|  0%| F|  |TAMS 0x000000074c700000, 0x000000074c700000| Untracked 
| 200|0x000000074c800000, 0x000000074c800000, 0x000000074c900000|  0%| F|  |TAMS 0x000000074c800000, 0x000000074c800000| Untracked 
| 201|0x000000074c900000, 0x000000074c900000, 0x000000074ca00000|  0%| F|  |TAMS 0x000000074c900000, 0x000000074c900000| Untracked 
| 202|0x000000074ca00000, 0x000000074ca00000, 0x000000074cb00000|  0%| F|  |TAMS 0x000000074ca00000, 0x000000074ca00000| Untracked 
| 203|0x000000074cb00000, 0x000000074cb00000, 0x000000074cc00000|  0%| F|  |TAMS 0x000000074cb00000, 0x000000074cb00000| Untracked 
| 204|0x000000074cc00000, 0x000000074cc00000, 0x000000074cd00000|  0%| F|  |TAMS 0x000000074cc00000, 0x000000074cc00000| Untracked 
| 205|0x000000074cd00000, 0x000000074cd00000, 0x000000074ce00000|  0%| F|  |TAMS 0x000000074cd00000, 0x000000074cd00000| Untracked 
| 206|0x000000074ce00000, 0x000000074ce00000, 0x000000074cf00000|  0%| F|  |TAMS 0x000000074ce00000, 0x000000074ce00000| Untracked 
| 207|0x000000074cf00000, 0x000000074cf00000, 0x000000074d000000|  0%| F|  |TAMS 0x000000074cf00000, 0x000000074cf00000| Untracked 
| 208|0x000000074d000000, 0x000000074d000000, 0x000000074d100000|  0%| F|  |TAMS 0x000000074d000000, 0x000000074d000000| Untracked 
| 209|0x000000074d100000, 0x000000074d100000, 0x000000074d200000|  0%| F|  |TAMS 0x000000074d100000, 0x000000074d100000| Untracked 
| 210|0x000000074d200000, 0x000000074d200000, 0x000000074d300000|  0%| F|  |TAMS 0x000000074d200000, 0x000000074d200000| Untracked 
| 211|0x000000074d300000, 0x000000074d300000, 0x000000074d400000|  0%| F|  |TAMS 0x000000074d300000, 0x000000074d300000| Untracked 
| 212|0x000000074d400000, 0x000000074d400000, 0x000000074d500000|  0%| F|  |TAMS 0x000000074d400000, 0x000000074d400000| Untracked 
| 213|0x000000074d500000, 0x000000074d500000, 0x000000074d600000|  0%| F|  |TAMS 0x000000074d500000, 0x000000074d500000| Untracked 
| 214|0x000000074d600000, 0x000000074d600000, 0x000000074d700000|  0%| F|  |TAMS 0x000000074d600000, 0x000000074d600000| Untracked 
| 215|0x000000074d700000, 0x000000074d700000, 0x000000074d800000|  0%| F|  |TAMS 0x000000074d700000, 0x000000074d700000| Untracked 
| 216|0x000000074d800000, 0x000000074d800000, 0x000000074d900000|  0%| F|  |TAMS 0x000000074d800000, 0x000000074d800000| Untracked 
| 217|0x000000074d900000, 0x000000074d900000, 0x000000074da00000|  0%| F|  |TAMS 0x000000074d900000, 0x000000074d900000| Untracked 
| 218|0x000000074da00000, 0x000000074da00000, 0x000000074db00000|  0%| F|  |TAMS 0x000000074da00000, 0x000000074da00000| Untracked 
| 219|0x000000074db00000, 0x000000074db00000, 0x000000074dc00000|  0%| F|  |TAMS 0x000000074db00000, 0x000000074db00000| Untracked 
| 220|0x000000074dc00000, 0x000000074dc00000, 0x000000074dd00000|  0%| F|  |TAMS 0x000000074dc00000, 0x000000074dc00000| Untracked 
| 221|0x000000074dd00000, 0x000000074dd00000, 0x000000074de00000|  0%| F|  |TAMS 0x000000074dd00000, 0x000000074dd00000| Untracked 
| 222|0x000000074de00000, 0x000000074de00000, 0x000000074df00000|  0%| F|  |TAMS 0x000000074de00000, 0x000000074de00000| Untracked 
| 223|0x000000074df00000, 0x000000074df00000, 0x000000074e000000|  0%| F|  |TAMS 0x000000074df00000, 0x000000074df00000| Untracked 
| 224|0x000000074e000000, 0x000000074e000000, 0x000000074e100000|  0%| F|  |TAMS 0x000000074e000000, 0x000000074e000000| Untracked 
| 225|0x000000074e100000, 0x000000074e100000, 0x000000074e200000|  0%| F|  |TAMS 0x000000074e100000, 0x000000074e100000| Untracked 
| 226|0x000000074e200000, 0x000000074e200000, 0x000000074e300000|  0%| F|  |TAMS 0x000000074e200000, 0x000000074e200000| Untracked 
| 227|0x000000074e300000, 0x000000074e300000, 0x000000074e400000|  0%| F|  |TAMS 0x000000074e300000, 0x000000074e300000| Untracked 
| 228|0x000000074e400000, 0x000000074e400000, 0x000000074e500000|  0%| F|  |TAMS 0x000000074e400000, 0x000000074e400000| Untracked 
| 229|0x000000074e500000, 0x000000074e500000, 0x000000074e600000|  0%| F|  |TAMS 0x000000074e500000, 0x000000074e500000| Untracked 
| 230|0x000000074e600000, 0x000000074e600000, 0x000000074e700000|  0%| F|  |TAMS 0x000000074e600000, 0x000000074e600000| Untracked 
| 231|0x000000074e700000, 0x000000074e700000, 0x000000074e800000|  0%| F|  |TAMS 0x000000074e700000, 0x000000074e700000| Untracked 
| 232|0x000000074e800000, 0x000000074e800000, 0x000000074e900000|  0%| F|  |TAMS 0x000000074e800000, 0x000000074e800000| Untracked 
| 233|0x000000074e900000, 0x000000074e900000, 0x000000074ea00000|  0%| F|  |TAMS 0x000000074e900000, 0x000000074e900000| Untracked 
| 234|0x000000074ea00000, 0x000000074ea00000, 0x000000074eb00000|  0%| F|  |TAMS 0x000000074ea00000, 0x000000074ea00000| Untracked 
| 235|0x000000074eb00000, 0x000000074eb00000, 0x000000074ec00000|  0%| F|  |TAMS 0x000000074eb00000, 0x000000074eb00000| Untracked 
| 236|0x000000074ec00000, 0x000000074ec00000, 0x000000074ed00000|  0%| F|  |TAMS 0x000000074ec00000, 0x000000074ec00000| Untracked 
| 237|0x000000074ed00000, 0x000000074ed00000, 0x000000074ee00000|  0%| F|  |TAMS 0x000000074ed00000, 0x000000074ed00000| Untracked 
| 238|0x000000074ee00000, 0x000000074ee00000, 0x000000074ef00000|  0%| F|  |TAMS 0x000000074ee00000, 0x000000074ee00000| Untracked 
| 239|0x000000074ef00000, 0x000000074ef00000, 0x000000074f000000|  0%| F|  |TAMS 0x000000074ef00000, 0x000000074ef00000| Untracked 
| 240|0x000000074f000000, 0x000000074f000000, 0x000000074f100000|  0%| F|  |TAMS 0x000000074f000000, 0x000000074f000000| Untracked 
| 241|0x000000074f100000, 0x000000074f100000, 0x000000074f200000|  0%| F|  |TAMS 0x000000074f100000, 0x000000074f100000| Untracked 
| 242|0x000000074f200000, 0x000000074f200000, 0x000000074f300000|  0%| F|  |TAMS 0x000000074f200000, 0x000000074f200000| Untracked 
| 243|0x000000074f300000, 0x000000074f300000, 0x000000074f400000|  0%| F|  |TAMS 0x000000074f300000, 0x000000074f300000| Untracked 
| 244|0x000000074f400000, 0x000000074f400000, 0x000000074f500000|  0%| F|  |TAMS 0x000000074f400000, 0x000000074f400000| Untracked 
| 245|0x000000074f500000, 0x000000074f500000, 0x000000074f600000|  0%| F|  |TAMS 0x000000074f500000, 0x000000074f500000| Untracked 
| 246|0x000000074f600000, 0x000000074f600000, 0x000000074f700000|  0%| F|  |TAMS 0x000000074f600000, 0x000000074f600000| Untracked 
| 247|0x000000074f700000, 0x000000074f737800, 0x000000074f800000| 21%| S|CS|TAMS 0x000000074f700000, 0x000000074f700000| Complete 
| 248|0x000000074f800000, 0x000000074f800000, 0x000000074f900000|  0%| F|  |TAMS 0x000000074f800000, 0x000000074f800000| Untracked 
| 249|0x000000074f900000, 0x000000074f900000, 0x000000074fa00000|  0%| F|  |TAMS 0x000000074f900000, 0x000000074f900000| Untracked 
| 250|0x000000074fa00000, 0x000000074fa00000, 0x000000074fb00000|  0%| F|  |TAMS 0x000000074fa00000, 0x000000074fa00000| Untracked 
| 251|0x000000074fb00000, 0x000000074fb00000, 0x000000074fc00000|  0%| F|  |TAMS 0x000000074fb00000, 0x000000074fb00000| Untracked 
| 252|0x000000074fc00000, 0x000000074fc00000, 0x000000074fd00000|  0%| F|  |TAMS 0x000000074fc00000, 0x000000074fc00000| Untracked 
| 253|0x000000074fd00000, 0x000000074fd00000, 0x000000074fe00000|  0%| F|  |TAMS 0x000000074fd00000, 0x000000074fd00000| Untracked 
| 254|0x000000074fe00000, 0x000000074fe00000, 0x000000074ff00000|  0%| F|  |TAMS 0x000000074fe00000, 0x000000074fe00000| Untracked 
| 255|0x000000074ff00000, 0x000000074ff00000, 0x0000000750000000|  0%| F|  |TAMS 0x000000074ff00000, 0x000000074ff00000| Untracked 
| 256|0x0000000750000000, 0x0000000750000000, 0x0000000750100000|  0%| F|  |TAMS 0x0000000750000000, 0x0000000750000000| Untracked 
| 257|0x0000000750100000, 0x0000000750100000, 0x0000000750200000|  0%| F|  |TAMS 0x0000000750100000, 0x0000000750100000| Untracked 
| 258|0x0000000750200000, 0x0000000750200000, 0x0000000750300000|  0%| F|  |TAMS 0x0000000750200000, 0x0000000750200000| Untracked 
| 259|0x0000000750300000, 0x0000000750300000, 0x0000000750400000|  0%| F|  |TAMS 0x0000000750300000, 0x0000000750300000| Untracked 
| 260|0x0000000750400000, 0x0000000750400000, 0x0000000750500000|  0%| F|  |TAMS 0x0000000750400000, 0x0000000750400000| Untracked 
| 261|0x0000000750500000, 0x00000007505675f8, 0x0000000750600000| 40%| E|  |TAMS 0x0000000750500000, 0x0000000750500000| Complete 
| 262|0x0000000750600000, 0x0000000750700000, 0x0000000750700000|100%| E|CS|TAMS 0x0000000750600000, 0x0000000750600000| Complete 
| 263|0x0000000750700000, 0x0000000750800000, 0x0000000750800000|100%| E|CS|TAMS 0x0000000750700000, 0x0000000750700000| Complete 
| 264|0x0000000750800000, 0x0000000750900000, 0x0000000750900000|100%| E|CS|TAMS 0x0000000750800000, 0x0000000750800000| Complete 
| 265|0x0000000750900000, 0x0000000750a00000, 0x0000000750a00000|100%| E|CS|TAMS 0x0000000750900000, 0x0000000750900000| Complete 
| 266|0x0000000750a00000, 0x0000000750b00000, 0x0000000750b00000|100%| E|CS|TAMS 0x0000000750a00000, 0x0000000750a00000| Complete 
| 267|0x0000000750b00000, 0x0000000750c00000, 0x0000000750c00000|100%| E|CS|TAMS 0x0000000750b00000, 0x0000000750b00000| Complete 
| 268|0x0000000750c00000, 0x0000000750d00000, 0x0000000750d00000|100%| E|CS|TAMS 0x0000000750c00000, 0x0000000750c00000| Complete 
| 269|0x0000000750d00000, 0x0000000750e00000, 0x0000000750e00000|100%| E|CS|TAMS 0x0000000750d00000, 0x0000000750d00000| Complete 
| 270|0x0000000750e00000, 0x0000000750f00000, 0x0000000750f00000|100%| E|CS|TAMS 0x0000000750e00000, 0x0000000750e00000| Complete 
| 271|0x0000000750f00000, 0x0000000751000000, 0x0000000751000000|100%| E|CS|TAMS 0x0000000750f00000, 0x0000000750f00000| Complete 
| 272|0x0000000751000000, 0x0000000751100000, 0x0000000751100000|100%| E|CS|TAMS 0x0000000751000000, 0x0000000751000000| Complete 
| 273|0x0000000751100000, 0x0000000751200000, 0x0000000751200000|100%| E|CS|TAMS 0x0000000751100000, 0x0000000751100000| Complete 
| 274|0x0000000751200000, 0x0000000751300000, 0x0000000751300000|100%| E|CS|TAMS 0x0000000751200000, 0x0000000751200000| Complete 
| 275|0x0000000751300000, 0x0000000751400000, 0x0000000751400000|100%| E|CS|TAMS 0x0000000751300000, 0x0000000751300000| Complete 
| 276|0x0000000751400000, 0x0000000751500000, 0x0000000751500000|100%| E|CS|TAMS 0x0000000751400000, 0x0000000751400000| Complete 
| 277|0x0000000751500000, 0x0000000751600000, 0x0000000751600000|100%| E|CS|TAMS 0x0000000751500000, 0x0000000751500000| Complete 
| 278|0x0000000751600000, 0x0000000751700000, 0x0000000751700000|100%| E|CS|TAMS 0x0000000751600000, 0x0000000751600000| Complete 
| 279|0x0000000751700000, 0x0000000751800000, 0x0000000751800000|100%| E|CS|TAMS 0x0000000751700000, 0x0000000751700000| Complete 
| 280|0x0000000751800000, 0x0000000751900000, 0x0000000751900000|100%| E|CS|TAMS 0x0000000751800000, 0x0000000751800000| Complete 
| 281|0x0000000751900000, 0x0000000751a00000, 0x0000000751a00000|100%| E|CS|TAMS 0x0000000751900000, 0x0000000751900000| Complete 
| 282|0x0000000751a00000, 0x0000000751b00000, 0x0000000751b00000|100%| E|CS|TAMS 0x0000000751a00000, 0x0000000751a00000| Complete 
| 283|0x0000000751b00000, 0x0000000751c00000, 0x0000000751c00000|100%| E|CS|TAMS 0x0000000751b00000, 0x0000000751b00000| Complete 
| 284|0x0000000751c00000, 0x0000000751d00000, 0x0000000751d00000|100%| E|CS|TAMS 0x0000000751c00000, 0x0000000751c00000| Complete 
| 285|0x0000000751d00000, 0x0000000751e00000, 0x0000000751e00000|100%| E|CS|TAMS 0x0000000751d00000, 0x0000000751d00000| Complete 
| 286|0x0000000751e00000, 0x0000000751f00000, 0x0000000751f00000|100%| E|CS|TAMS 0x0000000751e00000, 0x0000000751e00000| Complete 
| 287|0x0000000751f00000, 0x0000000752000000, 0x0000000752000000|100%| E|CS|TAMS 0x0000000751f00000, 0x0000000751f00000| Complete 
| 288|0x0000000752000000, 0x0000000752100000, 0x0000000752100000|100%| E|CS|TAMS 0x0000000752000000, 0x0000000752000000| Complete 
| 289|0x0000000752100000, 0x0000000752200000, 0x0000000752200000|100%| E|CS|TAMS 0x0000000752100000, 0x0000000752100000| Complete 
| 290|0x0000000752200000, 0x0000000752300000, 0x0000000752300000|100%| E|CS|TAMS 0x0000000752200000, 0x0000000752200000| Complete 
| 291|0x0000000752300000, 0x0000000752400000, 0x0000000752400000|100%| E|CS|TAMS 0x0000000752300000, 0x0000000752300000| Complete 
| 292|0x0000000752400000, 0x0000000752500000, 0x0000000752500000|100%| E|CS|TAMS 0x0000000752400000, 0x0000000752400000| Complete 
| 293|0x0000000752500000, 0x0000000752600000, 0x0000000752600000|100%| E|CS|TAMS 0x0000000752500000, 0x0000000752500000| Complete 
| 294|0x0000000752600000, 0x0000000752700000, 0x0000000752700000|100%| E|CS|TAMS 0x0000000752600000, 0x0000000752600000| Complete 
| 295|0x0000000752700000, 0x0000000752800000, 0x0000000752800000|100%| E|CS|TAMS 0x0000000752700000, 0x0000000752700000| Complete 
| 296|0x0000000752800000, 0x0000000752900000, 0x0000000752900000|100%| E|CS|TAMS 0x0000000752800000, 0x0000000752800000| Complete 
| 297|0x0000000752900000, 0x0000000752a00000, 0x0000000752a00000|100%| E|CS|TAMS 0x0000000752900000, 0x0000000752900000| Complete 
| 298|0x0000000752a00000, 0x0000000752b00000, 0x0000000752b00000|100%| E|CS|TAMS 0x0000000752a00000, 0x0000000752a00000| Complete 
| 299|0x0000000752b00000, 0x0000000752c00000, 0x0000000752c00000|100%| E|CS|TAMS 0x0000000752b00000, 0x0000000752b00000| Complete 
| 300|0x0000000752c00000, 0x0000000752d00000, 0x0000000752d00000|100%| E|CS|TAMS 0x0000000752c00000, 0x0000000752c00000| Complete 
| 301|0x0000000752d00000, 0x0000000752e00000, 0x0000000752e00000|100%| E|CS|TAMS 0x0000000752d00000, 0x0000000752d00000| Complete 
| 302|0x0000000752e00000, 0x0000000752f00000, 0x0000000752f00000|100%| E|CS|TAMS 0x0000000752e00000, 0x0000000752e00000| Complete 
| 303|0x0000000752f00000, 0x0000000753000000, 0x0000000753000000|100%| E|CS|TAMS 0x0000000752f00000, 0x0000000752f00000| Complete 
| 304|0x0000000753000000, 0x0000000753100000, 0x0000000753100000|100%| E|CS|TAMS 0x0000000753000000, 0x0000000753000000| Complete 
| 305|0x0000000753100000, 0x0000000753200000, 0x0000000753200000|100%| E|CS|TAMS 0x0000000753100000, 0x0000000753100000| Complete 
| 306|0x0000000753200000, 0x0000000753300000, 0x0000000753300000|100%| E|CS|TAMS 0x0000000753200000, 0x0000000753200000| Complete 
| 307|0x0000000753300000, 0x0000000753400000, 0x0000000753400000|100%| E|CS|TAMS 0x0000000753300000, 0x0000000753300000| Complete 

Card table byte_map: [0x000002702b290000,0x000002702b890000] _byte_map_base: 0x0000027027890000

Marking Bits (Prev, Next): (CMBitMap*) 0x0000027030cce1d0, (CMBitMap*) 0x0000027030cce198
 Prev Bits: [0x000002704b810000, 0x000002704e810000)
 Next Bits: [0x0000027048810000, 0x000002704b810000)

Polling page: 0x0000027023870000

Metaspace:

Usage:
  Non-class:     82.91 MB capacity,    82.09 MB (>99%) used,   624.11 KB ( <1%) free+waste,   213.56 KB ( <1%) overhead. 
      Class:     11.90 MB capacity,    11.32 MB ( 95%) used,   505.08 KB (  4%) free+waste,    91.88 KB ( <1%) overhead. 
       Both:     94.81 MB capacity,    93.41 MB ( 99%) used,     1.10 MB (  1%) free+waste,   305.44 KB ( <1%) overhead. 

Virtual space:
  Non-class space:       84.00 MB reserved,      83.88 MB (>99%) committed 
      Class space:        1.00 GB reserved,      12.38 MB (  1%) committed 
             Both:        1.08 GB reserved,      96.25 MB (  9%) committed 

Chunk freelists:
   Non-Class:  867.00 KB
       Class:  483.00 KB
        Both:  1.32 MB

MaxMetaspaceSize: 17179869184.00 GB
CompressedClassSpaceSize: 1.00 GB

CodeHeap 'non-profiled nmethods': size=119168Kb used=30123Kb max_used=30123Kb free=89044Kb
 bounds [0x00000270413b0000, 0x0000027043120000, 0x0000027048810000]
CodeHeap 'profiled nmethods': size=119168Kb used=55241Kb max_used=55241Kb free=63926Kb
 bounds [0x0000027039f50000, 0x000002703d5e0000, 0x00000270413b0000]
CodeHeap 'non-nmethods': size=7424Kb used=1674Kb max_used=3380Kb free=5749Kb
 bounds [0x0000027039810000, 0x0000027039c00000, 0x0000027039f50000]
 total_blobs=23893 nmethods=22654 adapters=1144
 compilation: enabled
              stopped_count=0, restarted_count=0
 full_count=0

Compilation events (20 events):
Event: 10643.002 Thread 0x0000027030f62000 28759   !   3       sun.java2d.windows.GDIRenderer::doShape (122 bytes)
Event: 10643.002 Thread 0x0000027030f62000 nmethod 28759 0x000002703bf9df90 code [0x000002703bf9e1e0, 0x000002703bf9ebb8]
Event: 10643.002 Thread 0x0000027030f62000 28761       3       sun.awt.dnd.SunDropTargetContextPeer::mapOperation (58 bytes)
Event: 10643.003 Thread 0x0000027030f62000 nmethod 28761 0x000002703bc09410 code [0x000002703bc095c0, 0x000002703bc09878]
Event: 10643.253 Thread 0x0000027030f62000 28762       3       sun.awt.dnd.SunDragSourceContextPeer::dragMotion (11 bytes)
Event: 10643.253 Thread 0x0000027030f62000 nmethod 28762 0x000002703b709f90 code [0x000002703b70a140, 0x000002703b70a268]
Event: 10643.253 Thread 0x0000027030f62000 28763       3       ui.views.waveform.g.m$a::dragOver (15 bytes)
Event: 10643.254 Thread 0x0000027030f62000 nmethod 28763 0x000002703bc78310 code [0x000002703bc784e0, 0x000002703bc78768]
Event: 10643.254 Thread 0x0000027030f62000 28764       3       java.awt.dnd.DragSource::processDragOver (17 bytes)
Event: 10643.254 Thread 0x0000027030f62000 nmethod 28764 0x000002703bb5d510 code [0x000002703bb5d6c0, 0x000002703bb5d8c8]
Event: 10644.321 Thread 0x0000027030f62000 28765       3       java.awt.dnd.DragSourceContext::getDragSource (8 bytes)
Event: 10644.321 Thread 0x0000027030f62000 nmethod 28765 0x000002703b71ba10 code [0x000002703b71bbc0, 0x000002703b71bcf8]
Event: 10644.712 Thread 0x0000027030f60800 28766       4       javax.swing.JTable::columnAtPoint (35 bytes)
Event: 10644.718 Thread 0x0000027030f60800 nmethod 28766 0x000002704311b190 code [0x000002704311b340, 0x000002704311b958]
Event: 10645.220 Thread 0x0000027030f60800 28767       4       ui.views.T.b.d$b::aSw (14 bytes)
Event: 10645.221 Thread 0x0000027030f60800 nmethod 28767 0x000002704311bd10 code [0x000002704311bea0, 0x000002704311bf18]
Event: 10647.469 Thread 0x0000027030f62000 28768       3       javax.swing.DefaultButtonModel::setPressed (125 bytes)
Event: 10647.470 Thread 0x0000027030f62000 nmethod 28768 0x000002703c6d3b90 code [0x000002703c6d3e80, 0x000002703c6d51a8]
Event: 10647.470 Thread 0x0000027030f62000 28769       3       java.awt.KeyboardFocusManager$3::<init> (15 bytes)
Event: 10647.471 Thread 0x0000027030f62000 nmethod 28769 0x000002703bbec890 code [0x000002703bbeca40, 0x000002703bbecc58]

GC Heap History (20 events):
Event: 10634.293 GC heap before
{Heap before GC invocations=1612 (full 429):
 garbage-first heap   total 315392K, used 177272K [0x0000000740000000, 0x0000000800000000)
  region size 1024K, 9 young (9216K), 0 survivors (0K)
 Metaspace       used 95564K, capacity 96990K, committed 98564K, reserved 1134592K
  class space    used 11579K, capacity 12157K, committed 12672K, reserved 1048576K
}
Event: 10634.414 GC heap after
{Heap after GC invocations=1613 (full 430):
 garbage-first heap   total 315392K, used 169149K [0x0000000740000000, 0x0000000800000000)
  region size 1024K, 0 young (0K), 0 survivors (0K)
 Metaspace       used 95564K, capacity 96990K, committed 98564K, reserved 1134592K
  class space    used 11579K, capacity 12157K, committed 12672K, reserved 1048576K
}
Event: 10635.264 GC heap before
{Heap before GC invocations=1613 (full 430):
 garbage-first heap   total 315392K, used 181437K [0x0000000740000000, 0x0000000800000000)
  region size 1024K, 13 young (13312K), 0 survivors (0K)
 Metaspace       used 95568K, capacity 96990K, committed 98564K, reserved 1134592K
  class space    used 11579K, capacity 12157K, committed 12672K, reserved 1048576K
}
Event: 10635.387 GC heap after
{Heap after GC invocations=1614 (full 431):
 garbage-first heap   total 315392K, used 169230K [0x0000000740000000, 0x0000000800000000)
  region size 1024K, 0 young (0K), 0 survivors (0K)
 Metaspace       used 95568K, capacity 96990K, committed 98564K, reserved 1134592K
  class space    used 11579K, capacity 12157K, committed 12672K, reserved 1048576K
}
Event: 10635.529 GC heap before
{Heap before GC invocations=1614 (full 431):
 garbage-first heap   total 315392K, used 171278K [0x0000000740000000, 0x0000000800000000)
  region size 1024K, 3 young (3072K), 0 survivors (0K)
 Metaspace       used 95568K, capacity 96990K, committed 98564K, reserved 1134592K
  class space    used 11579K, capacity 12157K, committed 12672K, reserved 1048576K
}
Event: 10635.644 GC heap after
{Heap after GC invocations=1615 (full 432):
 garbage-first heap   total 315392K, used 169201K [0x0000000740000000, 0x0000000800000000)
  region size 1024K, 0 young (0K), 0 survivors (0K)
 Metaspace       used 95568K, capacity 96990K, committed 98564K, reserved 1134592K
  class space    used 11579K, capacity 12157K, committed 12672K, reserved 1048576K
}
Event: 10635.766 GC heap before
{Heap before GC invocations=1615 (full 432):
 garbage-first heap   total 315392K, used 170225K [0x0000000740000000, 0x0000000800000000)
  region size 1024K, 2 young (2048K), 0 survivors (0K)
 Metaspace       used 95568K, capacity 96990K, committed 98564K, reserved 1134592K
  class space    used 11579K, capacity 12157K, committed 12672K, reserved 1048576K
}
Event: 10635.881 GC heap after
{Heap after GC invocations=1616 (full 433):
 garbage-first heap   total 315392K, used 169134K [0x0000000740000000, 0x0000000800000000)
  region size 1024K, 0 young (0K), 0 survivors (0K)
 Metaspace       used 95568K, capacity 96990K, committed 98564K, reserved 1134592K
  class space    used 11579K, capacity 12157K, committed 12672K, reserved 1048576K
}
Event: 10636.009 GC heap before
{Heap before GC invocations=1616 (full 433):
 garbage-first heap   total 315392K, used 170158K [0x0000000740000000, 0x0000000800000000)
  region size 1024K, 2 young (2048K), 0 survivors (0K)
 Metaspace       used 95571K, capacity 96990K, committed 98564K, reserved 1134592K
  class space    used 11579K, capacity 12157K, committed 12672K, reserved 1048576K
}
Event: 10636.123 GC heap after
{Heap after GC invocations=1617 (full 434):
 garbage-first heap   total 315392K, used 169131K [0x0000000740000000, 0x0000000800000000)
  region size 1024K, 0 young (0K), 0 survivors (0K)
 Metaspace       used 95571K, capacity 96990K, committed 98564K, reserved 1134592K
  class space    used 11579K, capacity 12157K, committed 12672K, reserved 1048576K
}
Event: 10637.563 GC heap before
{Heap before GC invocations=1617 (full 434):
 garbage-first heap   total 315392K, used 171179K [0x0000000740000000, 0x0000000800000000)
  region size 1024K, 3 young (3072K), 0 survivors (0K)
 Metaspace       used 95578K, capacity 96990K, committed 98564K, reserved 1134592K
  class space    used 11579K, capacity 12157K, committed 12672K, reserved 1048576K
}
Event: 10637.685 GC heap after
{Heap after GC invocations=1618 (full 435):
 garbage-first heap   total 315392K, used 168523K [0x0000000740000000, 0x0000000800000000)
  region size 1024K, 0 young (0K), 0 survivors (0K)
 Metaspace       used 95578K, capacity 96990K, committed 98564K, reserved 1134592K
  class space    used 11579K, capacity 12157K, committed 12672K, reserved 1048576K
}
Event: 10638.430 GC heap before
{Heap before GC invocations=1618 (full 435):
 garbage-first heap   total 315392K, used 170571K [0x0000000740000000, 0x0000000800000000)
  region size 1024K, 3 young (3072K), 0 survivors (0K)
 Metaspace       used 95578K, capacity 96990K, committed 98564K, reserved 1134592K
  class space    used 11579K, capacity 12157K, committed 12672K, reserved 1048576K
}
Event: 10638.551 GC heap after
{Heap after GC invocations=1619 (full 436):
 garbage-first heap   total 315392K, used 168515K [0x0000000740000000, 0x0000000800000000)
  region size 1024K, 0 young (0K), 0 survivors (0K)
 Metaspace       used 95578K, capacity 96990K, committed 98564K, reserved 1134592K
  class space    used 11579K, capacity 12157K, committed 12672K, reserved 1048576K
}
Event: 10638.676 GC heap before
{Heap before GC invocations=1619 (full 436):
 garbage-first heap   total 315392K, used 169539K [0x0000000740000000, 0x0000000800000000)
  region size 1024K, 2 young (2048K), 0 survivors (0K)
 Metaspace       used 95578K, capacity 96990K, committed 98564K, reserved 1134592K
  class space    used 11579K, capacity 12157K, committed 12672K, reserved 1048576K
}
Event: 10638.791 GC heap after
{Heap after GC invocations=1620 (full 437):
 garbage-first heap   total 315392K, used 168518K [0x0000000740000000, 0x0000000800000000)
  region size 1024K, 0 young (0K), 0 survivors (0K)
 Metaspace       used 95578K, capacity 96990K, committed 98564K, reserved 1134592K
  class space    used 11579K, capacity 12157K, committed 12672K, reserved 1048576K
}
Event: 10639.021 GC heap before
{Heap before GC invocations=1620 (full 437):
 garbage-first heap   total 315392K, used 169542K [0x0000000740000000, 0x0000000800000000)
  region size 1024K, 2 young (2048K), 0 survivors (0K)
 Metaspace       used 95579K, capacity 96990K, committed 98564K, reserved 1134592K
  class space    used 11579K, capacity 12157K, committed 12672K, reserved 1048576K
}
Event: 10639.146 GC heap after
{Heap after GC invocations=1621 (full 438):
 garbage-first heap   total 315392K, used 168534K [0x0000000740000000, 0x0000000800000000)
  region size 1024K, 0 young (0K), 0 survivors (0K)
 Metaspace       used 95579K, capacity 96990K, committed 98564K, reserved 1134592K
  class space    used 11579K, capacity 12157K, committed 12672K, reserved 1048576K
}
Event: 10645.094 GC heap before
{Heap before GC invocations=1621 (full 438):
 garbage-first heap   total 315392K, used 229974K [0x0000000740000000, 0x0000000800000000)
  region size 1024K, 60 young (61440K), 0 survivors (0K)
 Metaspace       used 95631K, capacity 97054K, committed 98564K, reserved 1134592K
  class space    used 11580K, capacity 12157K, committed 12672K, reserved 1048576K
}
Event: 10645.096 GC heap after
{Heap after GC invocations=1622 (full 438):
 garbage-first heap   total 315392K, used 168756K [0x0000000740000000, 0x0000000800000000)
  region size 1024K, 1 young (1024K), 1 survivors (1024K)
 Metaspace       used 95631K, capacity 97054K, committed 98564K, reserved 1134592K
  class space    used 11580K, capacity 12157K, committed 12672K, reserved 1048576K
}

Deoptimization events (20 events):
Event: 10637.238 Thread 0x00000270527f5800 Uncommon trap: trap_request=0xffffffde fr.pc=0x00000270418acf7c relative=0x00000000000003bc
Event: 10637.238 Thread 0x00000270527f5800 Uncommon trap: reason=class_check action=maybe_recompile pc=0x00000270418acf7c method=java.lang.Throwable.<init>()V @ 24 c2
Event: 10637.238 Thread 0x00000270527f5800 DEOPT PACKING pc=0x00000270418acf7c sp=0x000000ff2fefa740
Event: 10637.238 Thread 0x00000270527f5800 DEOPT UNPACKING pc=0x00000270398368af sp=0x000000ff2fefa6a0 mode 2
Event: 10638.270 Thread 0x00000270527f5800 Uncommon trap: trap_request=0xffffffde fr.pc=0x00000270418acf7c relative=0x00000000000003bc
Event: 10638.270 Thread 0x00000270527f5800 Uncommon trap: reason=class_check action=maybe_recompile pc=0x00000270418acf7c method=java.lang.Throwable.<init>()V @ 24 c2
Event: 10638.270 Thread 0x00000270527f5800 DEOPT PACKING pc=0x00000270418acf7c sp=0x000000ff2fefa740
Event: 10638.270 Thread 0x00000270527f5800 DEOPT UNPACKING pc=0x00000270398368af sp=0x000000ff2fefa6a0 mode 2
Event: 10642.046 Thread 0x00000270527f5800 Uncommon trap: trap_request=0xffffffde fr.pc=0x00000270418acf7c relative=0x00000000000003bc
Event: 10642.046 Thread 0x00000270527f5800 Uncommon trap: reason=class_check action=maybe_recompile pc=0x00000270418acf7c method=java.lang.Throwable.<init>()V @ 24 c2
Event: 10642.046 Thread 0x00000270527f5800 DEOPT PACKING pc=0x00000270418acf7c sp=0x000000ff2fefa770
Event: 10642.046 Thread 0x00000270527f5800 DEOPT UNPACKING pc=0x00000270398368af sp=0x000000ff2fefa6d0 mode 2
Event: 10646.649 Thread 0x00000270527f5800 Uncommon trap: trap_request=0xffffff4d fr.pc=0x0000027043076670 relative=0x0000000000000130
Event: 10646.649 Thread 0x00000270527f5800 Uncommon trap: reason=unstable_if action=reinterpret pc=0x0000027043076670 method=javax.swing.ListSelectionModel.getSelectedIndices()[I @ 15 c2
Event: 10646.649 Thread 0x00000270527f5800 DEOPT PACKING pc=0x0000027043076670 sp=0x000000ff2fef6aa0
Event: 10646.649 Thread 0x00000270527f5800 DEOPT UNPACKING pc=0x00000270398368af sp=0x000000ff2fef6a10 mode 2
Event: 10646.649 Thread 0x00000270527f5800 Uncommon trap: trap_request=0xffffff4d fr.pc=0x0000027043081de4 relative=0x0000000000000204
Event: 10646.649 Thread 0x00000270527f5800 Uncommon trap: reason=unstable_if action=reinterpret pc=0x0000027043081de4 method=com.jidesoft.grid.TableUtils.saveSelection(Lcom/jidesoft/grid/TreeTable;)[Lcom/jidesoft/grid/Row; @ 137 c2
Event: 10646.649 Thread 0x00000270527f5800 DEOPT PACKING pc=0x0000027043081de4 sp=0x000000ff2fef6ad0
Event: 10646.649 Thread 0x00000270527f5800 DEOPT UNPACKING pc=0x00000270398368af sp=0x000000ff2fef6a30 mode 2

Classes redefined (0 events):
No events

Internal exceptions (20 events):
Event: 10587.183 Thread 0x00000270527f5800 Exception <a 'java/io/FileNotFoundException'{0x000000075287c1e0}> (0x000000075287c1e0) thrown at [./src/hotspot/share/prims/jni.cpp, line 615]
Event: 10592.183 Thread 0x00000270527f5800 Exception <a 'java/io/FileNotFoundException'{0x000000074fe0d5c0}> (0x000000074fe0d5c0) thrown at [./src/hotspot/share/prims/jni.cpp, line 615]
Event: 10597.184 Thread 0x00000270527f5800 Exception <a 'java/io/FileNotFoundException'{0x00000007525679f0}> (0x00000007525679f0) thrown at [./src/hotspot/share/prims/jni.cpp, line 615]
Event: 10602.186 Thread 0x00000270527f5800 Exception <a 'java/io/FileNotFoundException'{0x000000074fa5ed90}> (0x000000074fa5ed90) thrown at [./src/hotspot/share/prims/jni.cpp, line 615]
Event: 10607.186 Thread 0x00000270527f5800 Exception <a 'java/io/FileNotFoundException'{0x0000000750ef1308}> (0x0000000750ef1308) thrown at [./src/hotspot/share/prims/jni.cpp, line 615]
Event: 10612.244 Thread 0x00000270527f5800 Exception <a 'java/io/FileNotFoundException'{0x00000007527dc9d0}> (0x00000007527dc9d0) thrown at [./src/hotspot/share/prims/jni.cpp, line 615]
Event: 10613.436 Thread 0x000002706cc21800 Exception <a 'java/lang/InterruptedException'{0x0000000752600050}: sleep interrupted> (0x0000000752600050) thrown at [./src/hotspot/share/prims/jvm.cpp, line 3099]
Event: 10614.254 Thread 0x00000270527f5800 Exception <a 'java/lang/NoSuchMethodError'{0x00000007525f11c8}: 'java.lang.Object java.lang.invoke.DelegatingMethodHandle$Holder.reinvoke_L(java.lang.Object, int, int, java.lang.Object, java.lang.Object, java.lang.Object)'> (0x00000007525f11c8) thrown at [./src/hotspot/share/interpreter/linkResolver.cpp, line 773]
Event: 10617.290 Thread 0x00000270527f5800 Exception <a 'java/io/FileNotFoundException'{0x00000007524562c8}> (0x00000007524562c8) thrown at [./src/hotspot/share/prims/jni.cpp, line 615]
Event: 10618.390 Thread 0x00000270527f5800 Exception <a 'java/lang/NoSuchMethodError'{0x000000074fd7a9b8}: 'java.lang.Object java.lang.invoke.DelegatingMethodHandle$Holder.reinvoke_L(java.lang.Object, java.lang.Object, int, int, java.lang.Object, java.lang.Object, int, java.lang.Object, int, int)'> (0x000000074fd7a9b8) thrown at [./src/hotspot/share/interpreter/linkResolver.cpp, line 773]
Event: 10618.391 Thread 0x00000270527f5800 Exception <a 'java/lang/NoSuchMethodError'{0x000000074fdd9140}: 'java.lang.Object java.lang.invoke.DirectMethodHandle$Holder.invokeSpecial(java.lang.Object, java.lang.Object, int, int, int, java.lang.Object, java.lang.Object, int, java.lang.Object, int, int)'> (0x000000074fdd9140) thrown at [./src/hotspot/share/interpreter/linkResolver.cpp, line 773]
Event: 10618.392 Thread 0x00000270527f5800 Exception <a 'java/lang/NoSuchMethodError'{0x000000074fddcf30}: 'java.lang.Object java.lang.invoke.DelegatingMethodHandle$Holder.reinvoke_L(java.lang.Object, int, int, int, java.lang.Object, java.lang.Object, int, java.lang.Object, int, int)'> (0x000000074fddcf30) thrown at [./src/hotspot/share/interpreter/linkResolver.cpp, line 773]
Event: 10618.506 Thread 0x00000270527f5800 Exception <a 'java/lang/NoSuchMethodError'{0x000000074fcdcf90}: 'void java.lang.invoke.DirectMethodHandle$Holder.invokeSpecial(java.lang.Object, java.lang.Object, int, java.lang.Object)'> (0x000000074fcdcf90) thrown at [./src/hotspot/share/interpreter/linkResolver.cpp, line 773]
Event: 10618.507 Thread 0x00000270527f5800 Exception <a 'java/lang/NoSuchMethodError'{0x000000074fce2788}: 'java.lang.Object java.lang.invoke.DirectMethodHandle$Holder.invokeStatic(java.lang.Object, java.lang.Object, int, java.lang.Object)'> (0x000000074fce2788) thrown at [./src/hotspot/share/interpreter/linkResolver.cpp, line 773]
Event: 10622.191 Thread 0x00000270527f5800 Exception <a 'java/io/FileNotFoundException'{0x0000000750692cf8}> (0x0000000750692cf8) thrown at [./src/hotspot/share/prims/jni.cpp, line 615]
Event: 10627.190 Thread 0x00000270527f5800 Exception <a 'java/io/FileNotFoundException'{0x000000074fbfbd60}> (0x000000074fbfbd60) thrown at [./src/hotspot/share/prims/jni.cpp, line 615]
Event: 10632.190 Thread 0x00000270527f5800 Exception <a 'java/io/FileNotFoundException'{0x00000007533273a8}> (0x00000007533273a8) thrown at [./src/hotspot/share/prims/jni.cpp, line 615]
Event: 10637.191 Thread 0x00000270527f5800 Exception <a 'java/io/FileNotFoundException'{0x0000000753262a88}> (0x0000000753262a88) thrown at [./src/hotspot/share/prims/jni.cpp, line 615]
Event: 10642.192 Thread 0x00000270527f5800 Exception <a 'java/io/FileNotFoundException'{0x0000000753082c70}> (0x0000000753082c70) thrown at [./src/hotspot/share/prims/jni.cpp, line 615]
Event: 10647.194 Thread 0x00000270527f5800 Exception <a 'java/io/FileNotFoundException'{0x00000007508d9b48}> (0x00000007508d9b48) thrown at [./src/hotspot/share/prims/jni.cpp, line 615]

Events (20 events):
Event: 10645.510 Executing VM operation: RevokeBias
Event: 10645.510 Executing VM operation: RevokeBias done
Event: 10645.510 Thread 0x00000270628b7000 Thread exited: 0x00000270628b7000
Event: 10646.255 Thread 0x00000270628b9800 Thread added: 0x00000270628b9800
Event: 10646.261 Thread 0x00000270628b9800 Thread exited: 0x00000270628b9800
Event: 10646.604 loading class ui/views/c/u/b/c
Event: 10646.604 loading class ui/views/c/u/b/c done
Event: 10646.604 loading class ui/views/c/u/b/b
Event: 10646.604 loading class ui/views/c/u/b/b done
Event: 10646.607 Executing VM operation: BulkRevokeBias
Event: 10646.607 Executing VM operation: BulkRevokeBias done
Event: 10646.608 Thread 0x00000270628b9800 Thread added: 0x00000270628b9800
Event: 10646.612 Executing VM operation: RevokeBias
Event: 10646.613 Executing VM operation: RevokeBias done
Event: 10646.614 Executing VM operation: RevokeBias
Event: 10646.614 Executing VM operation: RevokeBias done
Event: 10646.649 loading class com/jidesoft/grid/TableUtils$ColumnSelectionRow
Event: 10646.649 loading class com/jidesoft/grid/TableUtils$ColumnSelectionRow done
Event: 10647.255 Thread 0x00000270628b7000 Thread added: 0x00000270628b7000
Event: 10647.263 Thread 0x00000270628b7000 Thread exited: 0x00000270628b7000


Dynamic libraries:
0x00007ff7a9dd0000 - 0x00007ff7a9e01000 	E:\Xilinx\Vivado\2022.2\bin\unwrapped\win64.o\vivado.exe
0x00007ffc0ed20000 - 0x00007ffc0ef87000 	C:\WINDOWS\SYSTEM32\ntdll.dll
0x00007ffc0d9e0000 - 0x00007ffc0daa9000 	C:\WINDOWS\System32\KERNEL32.DLL
0x00007ffc0b870000 - 0x00007ffc0bc61000 	C:\WINDOWS\System32\KERNELBASE.dll
0x00007ffc0c510000 - 0x00007ffc0c65b000 	C:\WINDOWS\System32\ucrtbase.dll
0x00007ffbee490000 - 0x00007ffbee4ae000 	C:\WINDOWS\SYSTEM32\VCRUNTIME140.dll
0x00007ffbee4b0000 - 0x00007ffbee539000 	C:\WINDOWS\SYSTEM32\MSVCP140.dll
0x00007ffbee480000 - 0x00007ffbee48c000 	C:\WINDOWS\SYSTEM32\VCRUNTIME140_1.dll
0x00007ffc05600000 - 0x00007ffc05618000 	E:\Xilinx\Vivado\2022.2\lib\win64.o\librdi_commonmain.dll
0x00007ffb63730000 - 0x00007ffb64b61000 	E:\Xilinx\Vivado\2022.2\lib\win64.o\librdi_common.dll
0x00007ffbf6840000 - 0x00007ffbf6861000 	E:\Xilinx\Vivado\2022.2\lib\win64.o\libboost_filesystem.dll
0x00007ffc0dd80000 - 0x00007ffc0de3b000 	C:\WINDOWS\System32\ADVAPI32.dll
0x00007ffc0dbb0000 - 0x00007ffc0dd75000 	C:\WINDOWS\System32\USER32.dll
0x00007ffc0bc70000 - 0x00007ffc0bc97000 	C:\WINDOWS\System32\win32u.dll
0x00007ffc0e720000 - 0x00007ffc0e7c9000 	C:\WINDOWS\System32\msvcrt.dll
0x00007ffc0e230000 - 0x00007ffc0e25b000 	C:\WINDOWS\System32\GDI32.dll
0x00007ffc0d360000 - 0x00007ffc0d407000 	C:\WINDOWS\System32\sechost.dll
0x00007ffc0b740000 - 0x00007ffc0b86b000 	C:\WINDOWS\System32\gdi32full.dll
0x00007ffc05c90000 - 0x00007ffc05c99000 	E:\Xilinx\Vivado\2022.2\lib\win64.o\librdi_commonversion.dll
0x00007ffc0cad0000 - 0x00007ffc0cbe8000 	C:\WINDOWS\System32\RPCRT4.dll
0x00007ffc0b600000 - 0x00007ffc0b6a3000 	C:\WINDOWS\System32\msvcp_win.dll
0x00007ffc0cbf0000 - 0x00007ffc0d34f000 	C:\WINDOWS\System32\SHELL32.dll
0x00007ffc0c720000 - 0x00007ffc0c88a000 	C:\WINDOWS\System32\wintypes.dll
0x00007ffc0e8d0000 - 0x00007ffc0ec52000 	C:\WINDOWS\System32\combase.dll
0x00007ffb6e280000 - 0x00007ffb6e435000 	E:\Xilinx\Vivado\2022.2\lib\win64.o\librdi_commonxillic.dll
0x00007ffc0ec60000 - 0x00007ffc0ecd4000 	C:\WINDOWS\System32\WS2_32.dll
0x0000000052d80000 - 0x0000000052eab000 	E:\Xilinx\Vivado\2022.2\lib\win64.o\tcl85t.dll
0x00007ffc0b6b0000 - 0x00007ffc0b731000 	C:\WINDOWS\System32\WINTRUST.dll
0x00007ffb6df10000 - 0x00007ffb6e27e000 	E:\Xilinx\Vivado\2022.2\lib\win64.o\libCOIN-all.dll
0x00007ffc055e0000 - 0x00007ffc055f1000 	E:\Xilinx\Vivado\2022.2\lib\win64.o\libboost_date_time.dll
0x00007ffbf6540000 - 0x00007ffbf65b9000 	E:\Xilinx\Vivado\2022.2\lib\win64.o\libboost_program_options.dll
0x00007ffb6ddf0000 - 0x00007ffb6df04000 	E:\Xilinx\Vivado\2022.2\lib\win64.o\libboost_regex.dll
0x00007ffbfc880000 - 0x00007ffbfc89c000 	E:\Xilinx\Vivado\2022.2\lib\win64.o\libboost_thread.dll
0x00007ffbff840000 - 0x00007ffbff84c000 	E:\Xilinx\Vivado\2022.2\lib\win64.o\libboost_xilinx.dll
0x00007ffb94130000 - 0x00007ffb941b2000 	E:\Xilinx\Vivado\2022.2\lib\win64.o\libhdlpsolve.dll
0x00007ffb786b0000 - 0x00007ffb78755000 	E:\Xilinx\Vivado\2022.2\lib\win64.o\libhdxml.dll
0x00007ffbf6810000 - 0x00007ffbf683a000 	E:\Xilinx\Vivado\2022.2\lib\win64.o\libisl_sysinfo.dll
0x00007ffb951f0000 - 0x00007ffb95255000 	E:\Xilinx\Vivado\2022.2\lib\win64.o\liblmx6.0.dll
0x00007ffbfa4a0000 - 0x00007ffbfa4ba000 	E:\Xilinx\Vivado\2022.2\lib\win64.o\pthreadVC2.dll
0x00007ffbf6520000 - 0x00007ffbf653c000 	E:\Xilinx\Vivado\2022.2\lib\win64.o\librdiconfig.dll
0x00007ffc0d6c0000 - 0x00007ffc0d727000 	C:\WINDOWS\System32\SHLWAPI.dll
0x00007ffc0bca0000 - 0x00007ffc0c504000 	C:\WINDOWS\System32\Windows.Storage.dll
0x00007ffbf6130000 - 0x00007ffbf6151000 	E:\Xilinx\Vivado\2022.2\lib\win64.o\librdizlib.dll
0x00007ffb6dad0000 - 0x00007ffb6dd91000 	E:\Xilinx\Vivado\2022.2\lib\win64.o\xerces-c_3_2.dll
0x00007ffbf7230000 - 0x00007ffbf724a000 	C:\WINDOWS\SYSTEM32\NETAPI32.dll
0x00007ffbf6fa0000 - 0x00007ffbf7228000 	C:\WINDOWS\SYSTEM32\WININET.dll
0x00007ffc060e0000 - 0x00007ffc06207000 	C:\WINDOWS\SYSTEM32\WINHTTP.dll
0x00007ffbf5900000 - 0x00007ffbf5add000 	C:\WINDOWS\SYSTEM32\urlmon.dll
0x00007ffb6d7b0000 - 0x00007ffb6dac6000 	E:\Xilinx\Vivado\2022.2\lib\win64.o\libXil_lmgr11.dll
0x00007ffc0de40000 - 0x00007ffc0df2e000 	C:\WINDOWS\System32\COMDLG32.dll
0x00007ffb627b0000 - 0x00007ffb6372d200 	E:\Xilinx\Vivado\2022.2\lib\win64.o\libisl_iostreams.dll
0x00007ffc0e7d0000 - 0x00007ffc0e8c7000 	C:\WINDOWS\System32\shcore.dll
0x00007ffc0dab0000 - 0x00007ffc0db87000 	C:\WINDOWS\System32\OLEAUT32.dll
0x00007ffc0d730000 - 0x00007ffc0d8c5000 	C:\WINDOWS\System32\ole32.dll
0x00007ffc0c890000 - 0x00007ffc0ca07000 	C:\WINDOWS\System32\CRYPT32.dll
0x00007ffc0b4f0000 - 0x00007ffc0b51a000 	C:\WINDOWS\SYSTEM32\bcrypt.dll
0x00007ffbeda10000 - 0x00007ffbeda1a000 	C:\WINDOWS\SYSTEM32\WSOCK32.dll
0x00007ffbf6100000 - 0x00007ffbf6130000 	C:\WINDOWS\SYSTEM32\VCOMP140.DLL
0x00007ffb51f70000 - 0x00007ffb53e87000 	E:\Xilinx\Vivado\2022.2\lib\win64.o\gurobi90.dll
0x00007ffc0e1b0000 - 0x00007ffc0e222000 	C:\WINDOWS\System32\WLDAP32.dll
0x00007ffc0d9c0000 - 0x00007ffc0d9c8000 	C:\WINDOWS\System32\Normaliz.dll
0x00007ffbf5630000 - 0x00007ffbf58f4000 	C:\WINDOWS\SYSTEM32\iertutil.dll
0x00007ffbf5e10000 - 0x00007ffbf5e28000 	E:\Xilinx\Vivado\2022.2\lib\win64.o\libboost_iostreams.dll
0x00007ffbf5de0000 - 0x00007ffbf5e04000 	E:\Xilinx\Vivado\2022.2\lib\win64.o\libisl_iosutils.dll
0x00007ffbffc30000 - 0x00007ffbffce4000 	C:\WINDOWS\WinSxS\amd64_microsoft.windows.common-controls_6595b64144ccf1df_5.82.26100.8037_none_87ebc5097a2f9e52\COMCTL32.dll
0x00007ffc06230000 - 0x00007ffc06253000 	C:\WINDOWS\SYSTEM32\dhcpcsvc.DLL
0x00007ffc0a9b0000 - 0x00007ffc0a9e2000 	C:\WINDOWS\SYSTEM32\USERENV.dll
0x00007ffbf5600000 - 0x00007ffbf5629000 	C:\WINDOWS\SYSTEM32\srvcli.dll
0x00007ffc09cc0000 - 0x00007ffc09ccd000 	C:\WINDOWS\SYSTEM32\netutils.dll
0x00007ffc0a900000 - 0x00007ffc0a96b000 	C:\WINDOWS\SYSTEM32\MSWSOCK.DLL
0x00007ffc0d630000 - 0x00007ffc0d661000 	C:\WINDOWS\System32\IMM32.DLL
0x00007ffc0ad10000 - 0x00007ffc0ad23000 	C:\WINDOWS\SYSTEM32\MSASN1.dll
0x00007ffc0abf0000 - 0x00007ffc0ac0b000 	C:\WINDOWS\SYSTEM32\CRYPTSP.dll
0x00007ffc0a2f0000 - 0x00007ffc0a329000 	C:\WINDOWS\system32\rsaenh.dll
0x00007ffc0abe0000 - 0x00007ffc0abec000 	C:\WINDOWS\SYSTEM32\CRYPTBASE.dll
0x00007ffc0ca10000 - 0x00007ffc0cab5000 	C:\WINDOWS\System32\bcryptPrimitives.dll
0x00007ffc0e6f0000 - 0x00007ffc0e710000 	C:\WINDOWS\System32\imagehlp.dll
0x00007ffc0a390000 - 0x00007ffc0a3ab000 	C:\WINDOWS\SYSTEM32\kernel.appcore.dll
0x00007ffb6d270000 - 0x00007ffb6d7a3000 	E:\Xilinx\Vivado\2022.2\lib\win64.o\librdi_commontasks.dll
0x00007ffc05c80000 - 0x00007ffc05c8b000 	C:\WINDOWS\SYSTEM32\VERSION.dll
0x00007ffb6cd00000 - 0x00007ffb6d025a00 	E:\Xilinx\Vivado\2022.2\lib\win64.o\librdi_sio.dll
0x00007ffc09e10000 - 0x00007ffc09e43000 	C:\WINDOWS\SYSTEM32\IPHLPAPI.DLL
0x00007ffb655e0000 - 0x00007ffb6612d000 	E:\Xilinx\Vivado\2022.2\tps\win64\jre11.0.11_9\bin\server\jvm.dll
0x00007ffc0d9d0000 - 0x00007ffc0d9d8000 	C:\WINDOWS\System32\PSAPI.DLL
0x00007ffc05c40000 - 0x00007ffc05c75000 	C:\WINDOWS\SYSTEM32\WINMM.dll
0x00007ffc0a630000 - 0x00007ffc0a679000 	C:\WINDOWS\SYSTEM32\SspiCli.dll
0x00007ffbd5bd0000 - 0x00007ffbd5be8000 	C:\WINDOWS\system32\napinsp.dll
0x00007ffc09e50000 - 0x00007ffc09f7a000 	C:\WINDOWS\SYSTEM32\DNSAPI.dll
0x00007ffc0cac0000 - 0x00007ffc0caca000 	C:\WINDOWS\System32\NSI.dll
0x00007ffbd5bb0000 - 0x00007ffbd5bc2000 	C:\WINDOWS\System32\winrnr.dll
0x00007ffbd5aa0000 - 0x00007ffbd5ac2000 	C:\WINDOWS\system32\nlansp_c.dll
0x00007ffbd5a30000 - 0x00007ffbd5a46000 	C:\WINDOWS\system32\wshbth.dll
0x00007ffb4f240000 - 0x00007ffb51f65000 	E:\Xilinx\Vivado\2022.2\lib\win64.o\librdi_tcltasks.dll
0x00007ffbf3a90000 - 0x00007ffbf3ad4000 	E:\Xilinx\Vivado\2022.2\lib\win64.o\libboost_serialization.dll
0x00007ffb6d080000 - 0x00007ffb6d263000 	E:\Xilinx\Vivado\2022.2\lib\win64.o\librdi_board.dll
0x00007ffb622d0000 - 0x00007ffb627ad000 	E:\Xilinx\Vivado\2022.2\lib\win64.o\librdi_bitstream.dll
0x00007ffb78530000 - 0x00007ffb785b0000 	E:\Xilinx\Vivado\2022.2\lib\win64.o\librdi_boarddep.dll
0x00007ffb6c9c0000 - 0x00007ffb6cae7000 	E:\Xilinx\Vivado\2022.2\lib\win64.o\librdi_chipscope.dll
0x00007ffb6caf0000 - 0x00007ffb6ccf2000 	E:\Xilinx\Vivado\2022.2\lib\win64.o\librdi_chipscopeimpl.dll
0x00007ffb65470000 - 0x00007ffb655d5000 	E:\Xilinx\Vivado\2022.2\lib\win64.o\librdi_containers.dll
0x00007ffb4d010000 - 0x00007ffb4f23c000 	E:\Xilinx\Vivado\2022.2\lib\win64.o\librdi_constraints.dll
0x00007ffb34020000 - 0x00007ffb35505000 	E:\Xilinx\Vivado\2022.2\lib\win64.o\librdi_device.dll
0x00007ffb4aa20000 - 0x00007ffb4d005000 	E:\Xilinx\Vivado\2022.2\lib\win64.o\librdi_coregen.dll
0x00007ffb35510000 - 0x00007ffb3751d000 	E:\Xilinx\Vivado\2022.2\lib\win64.o\librdi_designutils.dll
0x00007ffb61f40000 - 0x00007ffb622c3000 	E:\Xilinx\Vivado\2022.2\lib\win64.o\librdi_dlyest.dll
0x00007ffb61860000 - 0x00007ffb61f3b000 	E:\Xilinx\Vivado\2022.2\lib\win64.o\librdi_drc.dll
0x00007ffb74240000 - 0x00007ffb742f4000 	E:\Xilinx\Vivado\2022.2\lib\win64.o\librdi_dsp.dll
0x00007ffb61530000 - 0x00007ffb6185b000 	E:\Xilinx\Vivado\2022.2\lib\win64.o\librdi_guitools.dll
0x00007ffb33980000 - 0x00007ffb34015000 	E:\Xilinx\Vivado\2022.2\lib\win64.o\librdi_filemgmt.dll
0x00007ffb65320000 - 0x00007ffb65467000 	E:\Xilinx\Vivado\2022.2\lib\win64.o\librdi_hip_perf_analysis.dll
0x00007ffb4a760000 - 0x00007ffb4aa1d000 	E:\Xilinx\Vivado\2022.2\lib\win64.o\librdi_hip_devdesign.dll
0x00007ffb82750000 - 0x00007ffb827bb000 	E:\Xilinx\Vivado\2022.2\lib\win64.o\librdi_hdf.dll
0x00007ffb32a60000 - 0x00007ffb3397b000 	E:\Xilinx\Vivado\2022.2\lib\win64.o\librdi_implflow.dll
0x00007ffb322b0000 - 0x00007ffb32a51000 	E:\Xilinx\Vivado\2022.2\lib\win64.o\librdi_lopt.dll
0x00007ffb31470000 - 0x00007ffb322a3000 	E:\Xilinx\Vivado\2022.2\lib\win64.o\librdi_ippcw.dll
0x00007ffb74b50000 - 0x00007ffb74bcd000 	E:\Xilinx\Vivado\2022.2\lib\win64.o\librdi_memoryarray.dll
0x00007ffb306a0000 - 0x00007ffb30e0d000 	E:\Xilinx\Vivado\2022.2\lib\win64.o\librdi_netlist.dll
0x00007ffb30e10000 - 0x00007ffb31465000 	E:\Xilinx\Vivado\2022.2\lib\win64.o\librdi_memdata.dll
0x00007ffb92b30000 - 0x00007ffb92b8b000 	E:\Xilinx\Vivado\2022.2\lib\win64.o\librdi_pfi.dll
0x00007ffb2a840000 - 0x00007ffb2acb0000 	E:\Xilinx\Vivado\2022.2\lib\win64.o\librdi_platform.dll
0x00007ffb2acb0000 - 0x00007ffb2ddd0000 	E:\Xilinx\Vivado\2022.2\lib\win64.o\librdi_place.dll
0x00007ffb297f0000 - 0x00007ffb29f57000 	E:\Xilinx\Vivado\2022.2\lib\win64.o\librdi_project.dll
0x00007ffb2ddd0000 - 0x00007ffb30695000 	E:\Xilinx\Vivado\2022.2\lib\win64.o\librdi_mig.dll
0x00007ffb29f60000 - 0x00007ffb2a834000 	E:\Xilinx\Vivado\2022.2\lib\win64.o\librdi_power.dll
0x00007ffb290b0000 - 0x00007ffb297e5000 	E:\Xilinx\Vivado\2022.2\lib\win64.o\librdi_psta.dll
0x00007ffb28760000 - 0x00007ffb290b0000 	E:\Xilinx\Vivado\2022.2\lib\win64.o\librdi_rsb.dll
0x00007ffb65200000 - 0x00007ffb65319000 	E:\Xilinx\Vivado\2022.2\lib\win64.o\librdi_runsbase.dll
0x00007ffb281f0000 - 0x00007ffb28753000 	E:\Xilinx\Vivado\2022.2\lib\win64.o\librdi_runs.dll

dbghelp: loaded successfully - version: 4.0.5 - missing functions: none
symbol engine: initialized successfully - sym options: 0x614 - pdb path: .;E:\Xilinx\Vivado\2022.2\bin\unwrapped\win64.o;C:\WINDOWS\SYSTEM32;E:\Xilinx\Vivado\2022.2\lib\win64.o;C:\WINDOWS\WinSxS\amd64_microsoft.windows.common-controls_6595b64144ccf1df_5.82.26100.8037_none_87ebc5097a2f9e52;E:\Xilinx\Vivado\2022.2\tps\win64\jre11.0.11_9\bin\server;E:\Xilinx\Vivado\2022.2\tps\win64\python-3.8.3;E:\Xilinx\Vivado\2022.2\tps\win64\jre11.0.11_9\bin;C:\WINDOWS\WinSxS\amd64_microsoft.windows.common-controls_6595b64144ccf1df_6.0.26100.8037_none_3e092faae333b53b

VM Arguments:
jvm_args: -Dsun.java2d.pmoffscreen=false -Dhttps.protocols=TLSv1,TLSv1.1,TLSv1.2 -Dsun.java2d.xrender=false -Dsun.java2d.d3d=false -Dsun.awt.nopixfmt=true -Dsun.java2d.dpiaware=true -Dsun.java2d.uiScale.enabled=false -Xverify:none -Dswing.aatext=true -XX:-UsePerfData -Djdk.map.althashing.threshold=512 -XX:StringTableSize=4072 --add-opens=java.desktop/com.sun.awt=ALL-UNNAMED --add-opens=java.desktop/javax.swing.plaf.synth=ALL-UNNAMED --add-opens=java.base/java.nio=ALL-UNNAMED --add-opens=java.desktop/sun.swing=ALL-UNNAMED --add-opens=java.desktop/javax.swing=ALL-UNNAMED --add-opens=java.desktop/javax.swing.tree=ALL-UNNAMED --add-opens=java.desktop/javax.swing.plaf.basic=ALL-UNNAMED --add-opens=java.desktop/javax.swing.plaf.synth=ALL-UNNAMED --add-opens=java.desktop/javax.swing.plaf.basic=ALL-UNNAMED --add-opens=java.desktop/javax.swing=ALL-UNNAMED --add-opens=java.desktop/javax.swing.tree=ALL-UNNAMED --add-opens=java.desktop/java.awt.event=ALL-UNNAMED --add-exports=java.desktop/javax.swing.plaf.synth=ALL-UNNAMED --add-exports=java.base/java.nio=ALL-UNNAMED --add-exports=java.desktop/sun.swing=ALL-UNNAMED --add-exports=java.desktop/javax.swing=ALL-UNNAMED --add-exports=java.desktop/javax.swing.tree=ALL-UNNAMED --add-exports=java.desktop/javax.swing.plaf.basic=ALL-UNNAMED --add-exports=java.desktop/sun.swing=ALL-UNNAMED --add-exports=java.desktop/sun.swing.table=ALL-UNNAMED --add-exports=java.desktop/sun.swing.plaf.synth=ALL-UNNAMED --add-exports=java.desktop/sun.awt.shell=ALL-UNNAMED --add-exports=java.base/sun.security.action=ALL-UNNAMED --add-exports=java.desktop/sun.font=ALL-UNNAMED -XX:NewSize=60m -XX:MaxNewSize=60m -Xms256m -Xmx3072m -Xss5m 
java_command: <unknown>
java_class_path (initial): E:/Xilinx/Vivado/2022.2\lib\classes\alloy.jar;E:/Xilinx/Vivado/2022.2\lib\classes\asm-9.3.jar;E:/Xilinx/Vivado/2022.2\lib\classes\asm-analysis-9.3.jar;E:/Xilinx/Vivado/2022.2\lib\classes\asm-commons-9.3.jar;E:/Xilinx/Vivado/2022.2\lib\classes\asm-tree-9.3.jar;E:/Xilinx/Vivado/2022.2\lib\classes\autoesl-models.jar;E:/Xilinx/Vivado/2022.2\lib\classes\batik-anim.jar;E:/Xilinx/Vivado/2022.2\lib\classes\batik-awt-util.jar;E:/Xilinx/Vivado/2022.2\lib\classes\batik-bridge.jar;E:/Xilinx/Vivado/2022.2\lib\classes\batik-codec.jar;E:/Xilinx/Vivado/2022.2\lib\classes\batik-css.jar;E:/Xilinx/Vivado/2022.2\lib\classes\batik-dom.jar;E:/Xilinx/Vivado/2022.2\lib\classes\batik-ext.jar;E:/Xilinx/Vivado/2022.2\lib\classes\batik-gui-util.jar;E:/Xilinx/Vivado/2022.2\lib\classes\batik-gvt.jar;E:/Xilinx/Vivado/2022.2\lib\classes\batik-parser.jar;E:/Xilinx/Vivado/2022.2\lib\classes\batik-script.jar;E:/Xilinx/Vivado/2022.2\lib\classes\batik-svg-dom.jar;E:/Xilinx/Vivado/2022.2\lib\classes\batik-svggen.jar;E:/Xilinx/Vivado/2022.2\lib\classes\batik-swing.jar;E:/Xilinx/Vivado/2022.2\lib\classes\batik-transcoder.jar;E:/Xilinx/Vivado/2022.2\lib\classes\batik-util.jar;E:/Xilinx/Vivado/2022.2\lib\classes\batik-xml.jar;E:/Xilinx/Vivado/2022.2\lib\classes\com.fasterxml.jackson.core.jackson-annotations_2.12.1.v20210128-1726.jar;E:/Xilinx/Vivado/2022.2\lib\classes\com.fasterxml.jackson.core.jackson-core_2.12.1.v20210128-1726.jar;E:/Xilinx/Vivado/2022.2\lib\classes\com.fasterxml.jackson.core.jackson-databind_2.12.1.v20210128-1726.jar;E:/Xilinx/Vivado/2022.2\lib\classes\com.google.gson_2.8.7.v20210624-1215.jar;E:/Xilinx/Vivado/2022.2\lib\classes\com.google.guava_30.1.0.v20210127-2300.jar;E:/Xilinx/Vivado/2022.2\lib\classes\com.sigasi.hdt.connection_4.15.0.202201101137.jar;E:/Xilinx/Vivado/2022.2\lib\classes\com.sigasi.hdt.epl_4.15.0.202201101137.jar;E:/Xilinx/Vivado/2022.2\lib\classes\com.sigasi.hdt.project_4.15.0.202201101137.jar;E:/Xilinx/Vivado/2022.2\lib\classes\com.sigasi
Launcher Type: generic

[Global flags]
     bool BytecodeVerificationLocal                = false                                     {product} {command line}
     bool BytecodeVerificationRemote               = false                                     {product} {command line}
     intx CICompilerCount                          = 12                                        {product} {ergonomic}
     uint ConcGCThreads                            = 3                                         {product} {ergonomic}
     uint G1ConcRefinementThreads                  = 13                                        {product} {ergonomic}
   size_t G1HeapRegionSize                         = 1048576                                   {product} {ergonomic}
    uintx GCDrainStackTargetSize                   = 64                                        {product} {ergonomic}
   size_t InitialHeapSize                          = 268435456                                 {product} {command line}
   size_t MarkStackSize                            = 4194304                                   {product} {ergonomic}
   size_t MaxHeapSize                              = 3221225472                                {product} {command line}
   size_t MaxNewSize                               = 62914560                                  {product} {command line}
   size_t MinHeapDeltaBytes                        = 1048576                                   {product} {ergonomic}
   size_t NewSize                                  = 62914560                                  {product} {command line}
    uintx NonNMethodCodeHeapSize                   = 7594288                                {pd product} {ergonomic}
    uintx NonProfiledCodeHeapSize                  = 122031976                              {pd product} {ergonomic}
    uintx ProfiledCodeHeapSize                     = 122031976                              {pd product} {ergonomic}
    uintx ReservedCodeCacheSize                    = 251658240                              {pd product} {ergonomic}
     bool SegmentedCodeCache                       = true                                      {product} {ergonomic}
    uintx StringTableSize                          = 4072                                      {product} {command line}
     intx ThreadStackSize                          = 5120                                   {pd product} {command line}
     bool UseCompressedClassPointers               = true                                 {lp64_product} {ergonomic}
     bool UseCompressedOops                        = true                                 {lp64_product} {ergonomic}
     bool UseG1GC                                  = true                                      {product} {ergonomic}
     bool UseLargePagesIndividualAllocation        = false                                  {pd product} {ergonomic}
     bool UsePerfData                              = false                                     {product} {command line}

Logging:
Log output configuration:
 #0: stdout all=warning uptime,level,tags
 #1: stderr all=off uptime,level,tags

Environment Variables:
JAVA_HOME=C:\Program Files\Java\jdk-17
PATH=E:/Xilinx/Vivado/2022.2\gnuwin\bin;E:/Xilinx/Vivado/2022.2\gnu\microblaze\nt\bin;E:/Xilinx/Vivado/2022.2/bin;E:/Xilinx/Vivado/2022.2/tps/win64/java-cef-95.0.4638.69/bin/lib/win64;E:/Xilinx/Vivado/2022.2/tps/win64/javafx-sdk-11.0.2/lib;E:/Xilinx/Vivado/2022.2/tps/win64/javafx-sdk-11.0.2/bin;E:/Xilinx/Vivado/2022.2/lib/win64.o;E:/Xilinx/Vivado/2022.2/tps/win64/jre11.0.11_9/bin/server;E:/Xilinx/Vivado/2022.2/tps/win64/jre11.0.11_9/bin;E:/Xilinx/Vitis/2022.2/bin;E:/Xilinx/Vivado/2022.2/ids_lite/ISE/bin/nt64;E:/Xilinx/Vivado/2022.2/ids_lite/ISE/lib/nt64;E:/Xilinx/Vitis_HLS/2022.2/bin;C:\ProgramData\miniconda3\condabin;C:\Program Files\NVIDIA GPU Computing Toolkit\CUDA\v12.8\bin;C:\Program Files\NVIDIA GPU Computing Toolkit\CUDA\v12.8\libnvvp;C:\Program Files (x86)\VMware\VMware Player\bin\;C:\Program Files\NVIDIA GPU Computing Toolkit\CUDA\v11.6\bin;C:\Program Files\NVIDIA GPU Computing Toolkit\CUDA\v11.6\libnvvp;C:\Program Files\Common Files\Oracle\Java\javapath;C:\Program Files (x86)\Common Files\Oracle\Java\javapath;C:\msys64\mingw64\bin;C:\Program Files\NVIDIA Corporation\NVIDIA NvDLISR;C:\Program Files\Calibre2\;C:\Windows\System32;C:\Windows\SysWOW64\wbem;C:\Program Files\Cloudflare\Cloudflare WARP\;C:\Users\My Laptop\Desktop\Workspace\cse;C:\Program Files\Git\cmd;C:\Program Files\Java\jdk-17\bin;C:\Program Files (x86)\NVIDIA Corporation\PhysX\Common;C:\Users\My Laptop\AppData\Local\Programs\Python\Python312\Scripts\pip3.12.exe;C:\WINDOWS;C:\WINDOWS\System32\Wbem;C:\WINDOWS\System32\WindowsPowerShell\v1.0\;C:\WINDOWS\System32\OpenSSH\;c:\Users\My Laptop\AppData\Local\Programs\cursor\resources\app\bin;C:\Program Files\Docker\Docker\resources\bin;C:\Users\My Laptop\AppData\Local\nvm;C:\nvm4w\nodejs;C:\Program Files\dotnet\;C:\Program Files (x86)\Windows Kits\10\Windows Performance Toolkit\;C:\Program Files\PuTTY\;C:\Program Files\CMake\bin;C:\ProgramData\chocolatey\bin;C:\Program Files\NVIDIA Corporation\Nsight Compute 2025.1.0\;C:\Program Files\NVIDIA Corporation\
USERNAME=My Laptop
OS=Windows_NT
PROCESSOR_IDENTIFIER=AMD64 Family 25 Model 68 Stepping 1, AuthenticAMD



---------------  S Y S T E M  ---------------

OS: Windows 10 , 64 bit Build 26100 (10.0.26100.7920)
OS uptime: 16 days 23:12 hours
Hyper-V role detected

CPU:total 16 (initial active 16) (16 cores per cpu, 2 threads per core) family 25 model 68 stepping 1 microcode 0xa404101, cmov, cx8, fxsr, mmx, sse, sse2, sse3, ssse3, sse4.1, sse4.2, popcnt, avx, avx2, aes, clmul, mmxext, 3dnowpref, lzcnt, sse4a, ht, tsc, tscinvbit, tscinv, bmi1, bmi2,

Memory: 4k page, system-wide physical 15613M (3481M free)
TotalPageFile size 35069M (AvailPageFile size 15053M)
current process WorkingSet (physical memory assigned to process): 784M, peak: 1078M
current process commit charge ("private bytes"): 1390M, peak: 1867M

vm_info: OpenJDK 64-Bit Server VM (11.0.11+9) for windows-amd64 JRE (11.0.11+9), built on Apr  9 2021 19:32:08 by "" with MS VC++ 15.5 (VS2017)

END.
