fd69fd59fd49fd49
ff33fe02fd92fd71
ff84ff5bffec005c
023e0186008dffdc
01e6019601de022e
015d019e0196016d
018e00f501c6022e
0135011d010d013d
018e0135015d0145
01550145ffbc0024
014d01b6020601d6
00f500cd019e0186
0064009500850095
ffecff23ff03ffbc
01f601fe01550105
ffbc008d01b6018e
01be00cd0034ff73
014d010d019e026e
fd31fd39fdd2ffcc
fd61fd39fd59fd49
02ef02970186ff53
030f030f0317030f
0327032703270317
03270327031f031f
029702ef03170307
017d01ee02260256
006400b500dd010d
fe62fe8bff03ffbc
fee3fecbfeabfe83
ff43ff5bff4bff03
ff13ff3bff3bff33
fe5afe6afe7afeb3
fd69fd51fd49fd41
0044febbfdaafd8a
00640044fff4005c
021e024601c600d5
01de01d601d6020e
022601be020e01ce
016d018e017d025e
015d00ed00950115
018e01ae015d013d
01c601d600b50085
01de01de01fe01e6
01750186019e01b6
00c5014d00f50105
007cff73ff9c00a5
021e01ce01ae018e
fff4019601de01ee
00fd006cfff4ff73
012d019e02560206
fd61fe9300540145
fd59fd29fd39fd39
02ef029f019eff73
030f030f030f0307
0327031703170317
02ff031f03370337
029f02e702f702f7
016d01de021e0256
005400a500d5010d
fe32fe6afefbffb4
fe72fe62fe4afe2a
febbfeb3fe93fe7a
fe72fea3feb3febb
ff13fed3fe83fe4a
fd71fd49fd49fd51
00dd0074fea3fda2
00dd00e500c50054
021e01f60236019e
02460226020e0226
025e024601de022e
014501de01a601f6
0155019600c5009d
016d022e01ee0145
0246021e01ae00fd
021e01fe022e024e
01ce01ee023601c6
012d01ae01c6018e
01050064fff400fd
01c6021e01be01ee
00bd01c6020e027e
011d00b500950014
016d025e024e017d
fec300e5015d0135
fd61fd31fd71fd8a
02f702a701b6ff8c
032f0327031f0317
0347033f0337032f
030f032f0347034f
02af02df02ef0307
016d01de021e025e
0044009500c5010d
fe3afe72ff0bffbc
fe5afe4afe22fe1a
fea3fe93fe7afe6a
fe4afe6afe83fe93
000cffa4ff03fe6a
fdaafd59fd49fd51
00ed0175011dff23
014d00fd010500d5
021601ae019e01be
02b702870216022e
0216020e0236021e
00d501ae0206021e
011d019601650074
0135022e022601a6
02460276022e0196
022e025e02260236
01c6023602870236
01ae01e6026601c6
016500d5006c013d
021e0297025e024e
014d01c6025e028f
0186012500fd0105
01f6029f0206017d
0135018e0196018e
fd8afd61fdb2feeb
030702af01c6ffb4
0347033f03370327
034f033f03470347
033f035f036f0367
02af02df02ff032f
017d01e6021e025e
004c008500c5010d
fe8bfec3ff3bffd4
fefbfebbfe93fe7a
ff63ff84ff73ff43
feebff03ff0bff33
00d5005cff9cff13
ff53fdbafd71fd51
012501a601c60186
0135015d011d00f5
020e01be013d00f5
02a702cf02360236
0226021601f6024e
010d00f502360256
017501d60216014d
018601d6022e01d6
024e025602a7023e
0175029f0276029f
01e60236028f0236
01fe023e0266023e
01c60125006c015d
026602c702560276
018e01ce023e026e
01650145014d013d
0256027e01fe0135
023602060196016d
fdb2fd9aff8c01d6
030f02bf01d6ffdc
033f0347033f0327
0347030f0317031f
0367038803900377
02a702e702ff033f
018601de02160246
004c008500b5010d
fedbff03ff5bffdc
ffdcff53ff0bfee3
006400bd00b50064
ffbcffccffcc0004
010d009d000cffb4
0196ff94fddafd49
016501e601d601ee
00ad015501650105
022e01f601a60105
025602b70297023e
02870236021601fe
019600fd01ee026e
021e0256025601fe
024e019e024e020e
02a7025e02af02df
020e024602cf02e7
01fe023e028f028f
0236024602660236
01d6014500ed01a6
02160276020e0246
01ae01de023e01d6
0196019e01750186
02660256020e015d
0226018e012d0196
fe02ff9401de027e
030702bf01eefffc
031f0337032f031f
033702bf02bf02df
035f03900390037f
02a702e702e702ff
017501be01f60236
002c007c00a50105
fedbfeebff2bffac
0024ff73ff0bfeeb
00b5011d012d00cd
001c002400240054
00e50054ffd4ffd4
0206019eff53fdb2
017d01d601f601ce
00d50054013d0155
022601fe01f601de
01f6026602bf0276
027602af021e01d6
0226018e016d023e
023e028702a70297
02f70236026e0246
02bf028f029f02ef
026e020602ef0317
023e024e028702bf
0276027e02af022e
024e0196015d018e
02460216025602c7
01ce01f6025e01ee
01ee01c601a601be
024e025e019e0145
01e6016500a5010d
0034020602a70287
02f702bf01fe0064
02ff0327031f0317
0337029f026e02a7
0347036f0377036f
02b702ef02e702e7
016d01be01f6023e
fffc0064009d00fd
fe93fea3fedbff73
ffc4ff13fec3fea3
007400d500dd007c
ffecfff4ffe4000c
00bd0004ff5bff8c
01fe02160105fefb
01de01d601be01e6
01860024001c0145
01fe01fe01fe0226
01ae01ce023e025e
02560297028701f6
02a701fe01ae0206
024e027e02a702a7
02df02ff025e0276
02af027e026602e7
02e70226026e0327
0276026e028f02bf
028702bf02cf0236
027601ce01ae018e
025601ee027e02df
01f6023602760266
01c601fe0206020e
027602360165014d
01d6014d00ad0175
025e02c702d7024e
02e702bf022601b6
0307031f031f030f
030f026e025602af
0317035703670357
02b702e702df02c7
018601d601fe0246
ffdc0054009500fd
fe72fe83feb3ff43
ff23feb3fe83fe6a
ffa4ffecfff4ffac
ff6bff8cff7bff73
00bdffecff0bff03
021601ee01c6008d
0155020601d601d6
02060196004c0034
022601fe019e01c6
024e01de01f60226
028f026602bf0236
02ef02a702460216
0287027e02bf02cf
024e030702d7028f
02cf02bf02260246
02cf027e02160297
0276026e022e0287
023e02bf02cf02cf
024e01be01ae01d6
022e01fe026e02a7
01fe01f60287029f
016501d6023e01fe
0287022601750155
01ee00fd016501ce
02bf030f029701de
02e702cf02870287
030f0317030f02ff
02b701fe020e02af
02af0307031f0307
029702cf02bf027e
017d01ce01f6022e
ffe4005c009d010d
fe7afe7afeb3ff43
fef3feb3fe7afe6a
ff33ff63ff73ff43
fefbff3bff3bff23
00b5ffe4fee3fe9b
01e601ee020e01de
00bd01d601d601ee
01d601fe01ce00f5
01fe01ae018e0155
0206020e017501be
023e0236025e0287
02c702d7024e01fe
02b7029702bf0276
01f6020602ef029f
02c702cf024e021e
028702d7024e021e
0287022e02160256
025602af02ef02c7
023601ce01e60246
0226020e02460297
0256026602bf0297
01ae023e027e0246
028701ee01be01b6
013d015d01fe024e
02cf02df021e021e
02f702bf029f0297
030f032f03170307
021e017501be029f
01e60246029f028f
02460266022601ce
018601ce01e601fe
ffec006400a50115
fe93fe9bfedbff53
ff33feebfea3fe8b
ff5bff84ff94ff7b
fefbff4bff5bff4b
00bdfff4fefbfea3
020601de01e6020e
016d01a601f60206
018e01be02460206
0165017d0165014d
025e020e01ce018e
0246027601a60297
024e02df02a7023e
027e026e027e020e
01ee0186020e0276
025602a70256020e
02760297026601fe
02a70236022e0246
0276026e02df0297
026e01c601be0246
022602970287028f
028f022e02b70287
0236027602a702b7
02c7027601f601f6
01550216023e028f
0276028701e601de
030702cf02bf02a7
030f0347033f0327
01b6012501860287
0105019e021e0216
01d601de016d00dd
018601d601de01be
fff40054009d010d
feabfebbfefbff73
ff73ff03fec3fea3
ff9cffd40004ffd4
ff2bff84ff9cff94
00a50004ff3bfedb
01ee01c601b601a6
022601fe01e601be
015d01ae02060226
0175013d014d015d
023e01ee01c6016d
026602a7016d01ce
01e6027e02c7025e
02360266025e0226
02260196017d020e
01fe024e025e021e
0256020e023e0236
023e024e01ee0236
022e023e024e024e
023e017501a6022e
025602a7029f0297
02a7024e027e028f
027e027602a702f7
02e7027e0256021e
021e024602d702f7
0246025e024e019e
02bf02c702c70276
02f703270347030f
01ae01350186025e
00c5018e0216020e
018e016d00ed0074
017501c601c6019e
ffe4004400950105
feb3fecbff03ff73
ff94ff03fec3feab
ffbc000c00440014
ff53ffb4ffc4ffb4
00850004ff63ff0b
01c601b6017d0165
023e022601ce017d
0145019e01e6023e
016d011d011d013d
01ce01ce01a60186
023e028f018e00d5
0145023602cf0287
022e0226020e01e6
024e01ee0155018e
01ee0206021e0236
02b7022e02260256
01c6022e01a60236
025e026e0226021e
021e017d01d60246
0206022e024e0236
02cf024e022e0216
02970287029f02ef
02c702b702b70297
029f028f02ef0307
026602a7026e01d6
02b702cf02cf0226
029f02bf02d70287
01c6017d01a6022e
010d01ae02260216
0186016500fd00b5
015d019e01ae018e
ffdc002c007c00ed
febbfecbff03ff6b
ff8cfefbfec3feab
ffbc000c00440014
ff6bffb4ffccffb4
0054fff4ff73ff23
019601ae0175013d
023e022e01be016d
0105013501860236
00ed00ed00f500e5
011501860186014d
022602a701ce0085
017d01b602460256
01fe020601c601de
023601fe01de016d
01be016501ee01ee
029f026601d601de
01a601c602160216
0236024e022601f6
01f601ce01e601fe
018e01c601ce01a6
02af025e020e01be
02b7027602660287
02ef02ef02e702a7
02a702df030f02f7
027e02e702660206
026e0297029f0226
020602360266026e
01b6019e01a601ce
0145019e01f601ee
015d0155011d0105
013d017501860175
ffc4fffc004c00cd
fed3fedbff0bff63
ffacff1bfee3fecb
ffd4002c0074003c
ff73ffb4ffc4ffc4
0004ffbcff53ff2b
015d01a6014500fd
021e021601960175
009500cd00f501c6
00c5009d00d500b5
009500bd0135012d
021e028f020e004c
01b600d50105020e
0196014d014d01ae
01f6021e01c60186
01d6017d017d018e
02460297022e0196
01d601e6020e01ae
020601de02360236
018e0206021601fe
0135015501c60145
028f0266023601ce
02af028702970297
02e7030702e702a7
02a702d7032f0307
0266030f02870297
01f602d7025e023e
018e01e6025e025e
01550155015d0165
012d0145017d017d
010d010d010d0115
00c501050135012d
ff94ffc4fff40054
fee3fedbff03ff4b
ffe4ff53ff0bfeeb
001c007c00b5007c
ff8cffc4ffd4ffec
ffdcff8cff33ff3b
00ed017d0155010d
020e01e601a60155
004c00640074015d
00a5008d00b50064
00a5005c00cd0115
01c60226023e00cd
018600cd000400cd
0175011d00f5014d
017d01ee0175017d
019e015d014d017d
01c602b7025e01ce
020601b601ce019e
02160175019e0246
0125018e023e021e
015500b5015d010d
02260266022e01de
02d702c70236023e
02cf02ef02cf027e
02cf02af031702d7
02970327022e02af
026e02ff02a7025e
017d021e026e01ce
00cd00bd00ed010d
01050105010500fd
008500a500d500fd
ffbc0034008d00a5
ff5bff7bff4bff43
fec3febbfedbff1b
ffd4ff4bfefbfedb
0014006c0095005c
ff6bffa4ffb4ffcc
ffd4ff6bff0bff13
00cd0125011500cd
01ae017d018e015d
0014000c002c00ad
007c0034002c001c
00a50074fff40095
010d01ce01ce00d5
010500ad0034003c
014d0175010500b5
011d014501c6011d
014501750186013d
01b6023e020601de
01ee01f601e601b6
01fe01ae011d0186
007c00f501ee021e
017d006401050105
02160206023601be
02b702df02260236
02ef02af02b70287
02df02cf02a702b7
02ef034f02460297
02bf02bf02bf0297
018e0266027e01ce
0064005c008d00e5
0115010500d5009d
ffe4003400ad00f5
fe5aff43ffd4ffec
ff23ff23fe93fe02
fe7afe8bfeabfedb
ff6bfefbfea3fe83
ffacfffc0014ffe4
ff13ff3bff4bff63
ffc4ff53fee3fecb
009d009d0085007c
0105012d014d011d
ffd4ffdc00040064
0044ffecffdc000c
00f5013dffa4ffd4
0054012501650125
00ad007400a5001c
00f501b6011d00cd
00fd007c015500d5
015d01250196011d
011d019601d601c6
017d0186017d0115
019e01ae012500dd
00950064016501ae
015d007c00fd0115
024601ce01de01c6
02b702d701d601f6
02ff027602b702a7
02df02f702a702e7
0307032f029702cf
02df02df02cf02b7
01de028f0236027e
00d5008500950105
0186018e01750135
ff6bffec00b5013d
fe12ff33ffd4ffa4
fefbfef3fe3afdaa
fe2afe4afe6afea3
fecbfe8bfe5afe3a
fefbff1bff23ff13
fe93febbfec3fedb
ffc4ff43feb3fe72
00a5007c005c0024
007c00dd00d500fd
ffd4ffe4ffbc004c
000c0004ffa4ffbc
009d01a6ffccff23
fffc007400dd00fd
005c004c006c004c
0095018600fd0105
00a500640085009d
012d00c5015d0125
006c010d01b601a6
00e5010d013500bd
01550186018600bd
00adffc4ffcc00d5
016d00e500f5012d
021e01ce01860196
028f028701be01b6
02bf025e0287026e
029702cf02b70307
02bf031f02b702df
02df02b702e70287
022e02a7025602f7
01d6013500e50165
02260256025e0236
ff73001c011501c6
fe9bffa4fff4ffac
fed3fec3fe2afdea
fe02fe22fe4afe8b
fe6afe42fe22fe0a
fe9bfe93fe9bfe93
fe2afe4afe72fe8b
ffd4ff6bfed3fe5a
00340004ffecffec
000c00ad007c007c
ff94ff7bff6bfffc
ff53ffecff53ff63
0085012d0004fef3
ffbcffb4002c00a5
005400140074004c
00bd013d00cd00ed
009d0044ffbc0034
014500d500dd0115
0024005c012d012d
00c500c500cd00ad
006c00e5015d0105
00bd009dffdcffa4
014d014500dd0105
021601e6018e0135
026e025601ee01ae
027e0256022e0246
026e02560266029f
025602ef027e02a7
02af024e02cf0246
027e028702bf0327
02e7025601ae01de
02d7030f0327031f
ffac00c501d60287
feb3ff6bff94ff63
fee3febbfe52fe2a
fe52fe72fe93febb
fe83fe52fe3afe3a
fe9bfeb3fec3feb3
fe2afe1afe52fe83
ffecffb4ff33fea3
001cff73ff8cffac
ffc40014001cfff4
ff53ff53ff33ff94
fec3ff63ff03fed3
003c00740014fedb
ffbcff7bffe40014
006c001400950034
00bd00ed00ed009d
00c50034ffec0014
00ed0105006c00a5
001cffe4009500cd
008d005c007c0074
ff33ffc4006c00fd
0115010d0095ffc4
014d0175009d008d
018601ee017d00cd
0216020e01d601ae
024601ee01d601be
027602460256022e
026e02b70246028f
028f024602b7029f
029702af02cf0307
0388031f0276024e
036f03a003b003a8
000401650276031f
fe52fe8bfebbfedb
ff84ff4bfec3fe52
ff5bff7bff7bff84
ff23ff03ff0bff2b
ff0bff3bff4bff43
feabfe7afe9bfed3
0024fffcff9cff1b
ffd4ff33ff5bff8c
ff63ffb4fffcff9c
fefbff2bff23ff5b
fe7afebbfefbfeb3
000c001c0024fef3
ffd4ff63ffa4ff9c
0014ffe40074005c
0054007c00bd0054
009d006c000cffc4
007400d5ffecfffc
ffecffd4ffd4ffec
00ad003400340034
ff5bff1bff3b001c
00c500d50095005c
0145016d0064ffe4
015501de014500e5
018601ae01ae0165
01d6015d01b601d6
024602360256021e
02a7028f024e027e
027602660266027e
026e025e02c702bf
03b0035f02bf02af
039803c803e003d8
ffdc014d027e0327
fde2fdcafe02fe8b
004c000cff53fe72
006400740074005c
ffecffec000c003c
ffb4ffdcfff4fff4
ff4bff33ff4bff73
00440024ffecff94
ff9cff0bff1bff53
ff4bff53ffd4ffa4
feabfef3ff0bff63
fe6afe52fec3feb3
ffdcffec0024ff33
ffc4ff2bff3bff7b
fffc003400a5003c
ffbc002c00c50054
002c00950064ffbc
ffd400850004ff84
ffacff6bff63ff9c
ffec002c001c0014
001cff43ff3bff33
005400ad002c0034
014d01a600adffa4
00ed0186010500f5
012d015d011d00fd
017d011d0175019e
020601ce01ee01de
028f02970256026e
029702b702460226
026e027602d702a7
035f031f02a702df
0357039803b003a0
ff23006401ce02c7
fda2fdaafe02fe83
00dd0074ff8cfe5a
00dd00ed00ed00ed
004c006c009d00cd
000c0024003c003c
ffccffbcffccffe4
0044001c000cffec
ff73ff33feabff0b
ff63ff1bff63ff63
feabfec3fe9bfef3
feabfe0afe83feb3
ffb4ffe4fff4ff53
ff8cff23ff2bff5b
ffb4fff40044002c
ffc4fff400ad0095
ffc400a50095ffc4
ff13fffc0054ffa4
ffa4ff63ff0bff1b
ff63ffdc0024000c
0044ff84ff4bff6b
fffc0064000cffac
013501be00a5ff9c
007c00f5010500c5
016500ed0074005c
015500d500dd013d
01fe0186018601be
027602b702160226
025e02c7021e0226
02b702df02d70266
027e025e02af02af
02b702ef02ff02d7
fe6aff53010d022e
fd92fdc2fe52fe7a
010d0095ff84fe4a
00dd00ed010d011d
005c008d00b500d5
000c001c002c003c
00040004fffcfffc
0024ffecffe4fffc
ff23ff33fe7afec3
ff73ff2bff13ff03
fe8bfe83fe5afe93
fee3fe52fe6afe83
ffacffb4ff73ff43
ff8cff6bff63ff43
ffd4ffc4ffd4ffd4
ffccffd4004c007c
ff9c004c0044ff8c
fecbff3bfffcffe4
ff9cff84ff4bfedb
ff7bffa4fff4ffd4
ffe4fffcff53ff63
ffe4ffc40024ff7b
011501ee00d5ffe4
ffec008500b50095
01250095ffec0004
00fd00c500ad008d
015d01450105016d
0256026e01ee01b6
0226029f01fe0216
02af02c7029f01fe
01f6024e02ef02c7
0226022e026e027e
fdf2fed300a501c6
fdbafe1afe83fe5a
010d0085ff7bfe5a
00d500dd010d012d
007c00a500c500d5
fff4000c00240054
002c001cfff4ffe4
0004ffc4ffcc000c
feebff0bfe7afe7a
fee3ff1bfef3fee3
fe5afe4afe32fe32
fef3fe9bfe8bfe52
ff53ffc4ff8cff2b
ffa4ff8cff4bff3b
000cffacffccff8c
ff7bffacffec004c
ff9cffecfff4ff63
feb3fec3ff6bffc4
ff94ff6bff73ff03
ff8cffa4ffb4ffbc
ffb4ffecff9cff7b
ffc4ff7bfff4ffcc
00d5020e013dffd4
ffe4ffec003c0054
00540064ff94ffdc
00bd00d500bd004c
00f5016d00d50125
01d6020601ce018e
022e029f029f01c6
02c702d7027e0206
025602cf030f02f7
017501960276027e
fda2fe62fffc011d
fe0afe62fe7afe1a
00fd0074ff84fe7a
00cd00dd010d012d
009d00bd00c500cd
fffc000c002c006c
003400240004ffec
ffc4ff8cffbc000c
feebfef3febbfe72
fe7aff0bfef3feeb
fe2afe2afe1afdf2
febbfea3fea3fe42
ff2bff9cff5bff13
ff8cff73ff3bff2b
002cffc4ffbcff94
ff73ffccff9cffec
ff5bff94ff9cff63
fea3fe7afe93ff43
ffc4ff8cff6bff03
ffa4ff9cffa4ffd4
ffc4ffe4ffa4ffb4
ffccff6bff7bffec
005401d60196001c
ffecffbcffec001c
ffa4fffcff5bff63
00c500bd00adffec
00c5010500c500b5
018e01c60155013d
01be024e026e01a6
02d702d702970216
028f0307031702d7
007400dd0236028f
fd92fe02ff13000c
fe52fe72fe4afdca
00f5006cff84fe93
00d500dd01050125
00bd00cd00d500d5
000c002400540095
004c003c001c000c
ffbcff8cffb40014
ff03ff0bfea3fe8b
fe22fec3feebfed3
fe2afe02fdeafdc2
feb3fe7afe6afe7a
ff13ff33ff73ff2b
ff33ff23ff4bff1b
ffdcffb4ffb4ff6b
ffb4ff84ff73ff73
fedbff13ff53ff94
feb3fe52fe2afe83
000cffccff84ff33
ffccffacff84ffc4
ffdc0014ff9cff84
ffa4ff8cff73ff7b
0014010d01c6006c
ffb4ff84ff8cffbc
ff73ffa4ffa4ff43
007400850064ffdc
006c005c009d0064
011d015d012500c5
010d01ce023e01de
02c7027e029f0206
023e0317031702a7
004c00c5015d01c6
fd9afdf2fec3ffa4
fe52fe42fe02fdaa
00f50064ff84fea3
00d500dd0105011d
00e500dd00d500dd
0024003c007400b5
004c005400340024
ffc4ff9cffb40004
fedbfed3fe62fe3a
fddafe7afecbfeeb
fe3afdf2fdcafda2
feebfe4afe42fe5a
fed3ff23ff6bff33
feebfedbff13fecb
ff6bff84ff9cff43
fffcffccff3bff3b
fe2afe62fedbff94
fec3fe6afe1afde2
0044001cff73ff1b
ff94ffacff73ffb4
ffcc005cffdcff53
ff73ff8cff73ff73
ffa40064019600d5
ff94ff9cff43ff6b
ff6bff5bff8cff53
003c00440054ffdc
00a500140054001c
00f5010d0115007c
00d501960246019e
02df0276023601a6
0226032f03370297
00b5013501650165
fd9afdfafee3fff4
fe2afdfafdd2fdb2
00e50054ff6bfe93
00d500d500f5010d
00f500ed00dd00d5
003c004c008500c5
004c006400440034
ffccffacffbc000c
fec3feb3fe32fdfa
fd71fdfafe42fea3
fe6afdeafdcafd79
fefbfe7afe02fe3a
fe6afebbff03ff0b
fed3fea3fec3fe9b
ff23ff0bff53ff1b
00240034ff73fefb
fdb2fdcafe42ff23
febbfe83fe3afdea
0054007cffacfef3
ff5bff94ff73ffac
ff9c005c0024ff5b
ff8cff3bff63ff8c
ff23ffdc01150135
ff84ff94ff43ff43
ff5bff43ff84ff8c
fff4ffec0024ffd4
006c002cfffcfff4
013500ad00ed0085
00dd015501ee01c6
0276024601ae01a6
0287031f033f022e
00ed016d01b601ce
fdaafe02ff13002c
fdfafdeafe02fdf2
00d5003cff43fe62
00cd00cd00e500fd
00f500ed00d500d5
0044004c008500c5
005c006c00540044
ffdcffbcffcc000c
fea3fe93fe32fdfa
fd61fda2fdb2fe2a
fe52fe0afdd2fd79
ff03fe5afdcafdf2
fe12fe32fe62fec3
fe8bfe52fe4afe3a
fedbfebbfef3feb3
000c0074ffecff1b
fdcafda2fdcafe8b
fe8bfe72fe6afe2a
002c00dd004cff33
ff03ff9cffa4ffd4
ff4bffd40064ff9c
ffdcfef3fefbff53
ff23ff2b00240115
ff73ff8cff8cff53
ff63ff3bff43ff6b
fffcffacfffcffa4
ffec0044ffacffd4
013d00b500b5007c
00dd00ed01ae018e
01ae01fe01a601b6
026e02ef03270196
010d017d01ce01fe
fddafe02ff130044
fddafe1afe6afe52
00bd0024ff2bfe42
00cd00bd00d500ed
00f500e500cd00cd
0044004c007c00bd
006c00740054003c
ffe4ffccffdc001c
fe72fe7afe4afe32
fd49fd61fd79fdba
fe22fe0afdcafd79
feb3fe62fdaafdb2
fdeafde2fdf2fe6a
fe5afe2afdfafdfa
feb3fe9bfeb3fe83
ffac007c0054ff9c
fe02fdd2fdaafe2a
fea3fe6afe7afe6a
008d00e500ddffb4
ff03ff3bfffc003c
ff63ff6bffec000c
0024fee3fec3ff33
ff4bfef3ff6b0054
ff8cff7bff73ff53
ffa4ff43ff1bff63
fff4ff8cffacffb4
fffcffc4ff63ff6b
012d00c50064005c
00e50105019e0186
00f501e601750125
01be0287030f01be
0115017d01de01fe
fdeafdfafefb003c
fdd2fe42fe9bfe7a
00ad0014ff1bfe2a
00c500b500c500dd
00dd00cd00c500cd
003c0044006c00ad
00640074004c0034
ffdcffc4ffd40024
fe2afe8bfe6afe5a
fd41fd31fd39fd79
fe1afe1afde2fd79
fe62fe6afd92fd8a
fde2fdc2fdbafe02
fe4afe22fdeafdd2
ff1bfe72fe6afe52
ff94007c007cffec
fe72fe0afdcafe12
ff33feabfe9bfea3
00bd0135012d007c
ff7bfee3000c0074
ff8cffb4ff43fffc
002cff4bfeb3fefb
ff6bff53ff2bff9c
ff8cff84ff63ff3b
ff9cff2bff03ff43
ff5bff4bff53ffac
0004ff84ff9cff23
01150095003c0014
00e500fd017d0165
00ed01a601860115
015501ee02ef01f6
010d018e01de01ce
fddafde2fed3001c
fdd2fe2afe83fe62
00a50004ff13fe22
00c500c500bd00d5
00e500cd00c500c5
002c0034006400ad
0064007c00540034
ffdcffc4ffcc001c
fdfafeb3fe72fe52
fd31fd29fd21fd49
fd9afe0afdfafd92
fe1afe12fd92fd61
fdbafda2fd92fdba
fe1afe12fdd2fdc2
ff94feebfe4afe3a
ff6b0044007c0014
feb3fe5afe02fe02
ffecff03feebfee3
00c50145018e010d
0014ff53ff7300c5
ff33ffccffccff84
ffc4fff4fef3fedb
ff5bff84ff5bff33
ff4bff7bff7bff43
ffa4ff33ff03ff03
ff0bff13ff2bff73
ffecff63ffa4ff3b
00ed00950064fffc
00f5010d01a6016d
013d0155016d00fd
0105011d027e01d6
011d018e01c601be
fddafe02fefb0034
fdf2fe0afe3afe2a
0085ffecff03fe3a
00cd00cd00d500c5
00d500cd00c500c5
002c002c005400a5
006c007c005c0034
ffe4ffc4ffd40024
fd9afe7afe42fe3a
fd31fd19fd19fd29
fd71fe2afdb2fda2
fe12fe0afd8afd61
fdaafd82fd79fd9a
fe12fe0afdc2fdb2
ffb4ff43fea3fe1a
fee300240074002c
ff03fea3fe52fe02
0074ff7bff2bff13
012d013d019e016d
ffe40004ff730064
fedbff5b0054fffc
ff530004ff33fe93
ff53ff84ffa4ff7b
feebff33ff6bff6b
ff53ff03feebfef3
fefbfee3fefbff03
ffbcff63ff73ff9c
00bd00950044ffe4
010d010d01c601ae
016d010d011d011d
00dd008501de020e
011d019601ce01ce
fe12fe42ff230044
fe02fe0afe22fe2a
007cffccfef3fe4a
00dd00cd00d500cd
00d500cd00c500cd
002400240054009d
006c007c005c0034
ffdcffc4ffd40024
fd59fe1afe1afe1a
fd41fd11fd19fd21
fd71fe2afd8afda2
fdfafdd2fd82fd51
fda2fd79fd71fd8a
fe0afe0afddafd9a
ffdcff8cff03fe5a
fe72ffb4004c005c
ff43ff13fe9bfe22
0105ffecff4bff6b
013d0186019601ae
007c0044000c0024
fe5afe93001c00e5
ff53ff94ffacfe93
ff3bff5bffccffdc
feebfeebff43ff63
ff2bff0bfed3fee3
ff1bfedbff03fedb
ff84ff53fefbff5b
012d005c008dffdc
00e5010501e60226
01ce0135011d00e5
00a5fff4017501de
015501d6020e01fe
ff1bff53000c00d5
fe9bfec3fee3ff03
007cffccff13fea3
00dd00cd00cd00d5
00cd00cd00c500cd
0014001400440095
0064007c0054002c
ffdcffc4ffd4001c
fd39fddafdfafdfa
fd61fd19fd19fd21
fd59fdf2fdcafdaa
fdeafdc2fd8afd29
fd92fd71fd51fd69
fe12fdeafde2fdba
0004ffacff4bfe93
fe5aff5b00040054
ffb4ff5bff13fe72
0175005cff7bffb4
013501ce01ce01ce
0165010d0074008d
fe3afe12ff1b011d
ff84fefbff5bff13
ff3bff3bffa4000c
fefbfedbff0bff53
fed3ff13fedbfedb
ff53ff2bff33fecb
ff63ff4bfefbfefb
01de007c007c0044
00b5012d01f60276
01b6015d00e500ad
0064ffcc00e501a6
021e027e02a7024e
00e50105016d01ce
003c007400a500c5
0095001cffccffdc
00d500bd00bd00d5
00cd00cd00b500bd
000c000c003c008d
005c007c005c0024
ffd4ffccffcc0014
fd19fd9afdcafe0a
fd61fd21fd11fd21
fd29fdd2fe02fd92
fdd2fdcafd92fd39
fd8afd71fd39fd59
fe32fde2fde2fdda
003cff9cff33febb
fea3ff630004002c
000cffd4ff73fed3
01be00ddffecff9c
014d0206020e01d6
01a601d601ae015d
febbfe02fe1a0004
0004ff4bfefbff3b
ff8cff4bff5bffe4
fefbfed3feebff3b
fec3fed3fedbfed3
ff33ffbcff8cff3b
ffecff3bfefbfeeb
025e0115004400a5
009d015502060297
01ae018600cd00b5
0054ff9c009d01a6
02e703170317025e
0236024e027e02af
019601e602060226
00a5007c00ad011d
00c500ad00ad00cd
00c500c500b500b5
00040004002c0085
005c00740054001c
ffdcffc4ffc4000c
fd11fd71fdc2fde2
fd59fd21fd09fd09
fd21fda2fde2fd61
fd8afdcafdb2fd69
fda2fd69fd51fd51
fe4afde2fdd2fde2
fff4ffccff33feb3
fedbff53000cffec
fff4003c0004ff4b
01e601550054ffdc
01ce01ce023601f6
00f5020e021e01e6
ff03fe7afdd2fe7a
fff4fffcff3bff2b
ff9cffdcff84ff7b
febbfedbfee3fef3
ff33febbfecbff03
fedbff3bff94ffbc
0074ff5bfee3fee3
02c701e6007c001c
006c011501fe02af
01b601b600e50095
004cff8cffe4014d
03570367035f0236
02f70317032f0337
025602af02cf02d7
007c00c5015501ee
00b500a500a500a5
00bd00b5009d00ad
fffcfffc001c0074
005c006c004c000c
ffdcffc4ffbc0004
fd19fd79fdbafdd2
fd51fd39fd19fd19
fd31fd61fd9afd61
fd61fdc2fdf2fd92
fdeafdaafd69fd51
fe4afe02fdb2fdd2
ffacffc4ff53feb3
ff2bff5b00140014
ffd40024004cffe4
020601c600c50064
024e0216022e022e
ff5b01be02660266
ff0bff03fe62fdf2
ff7b0004ffa4fee3
fefbffa4ffe4ff7b
fedbfec3fee3fecb
ffecff1bfebbfee3
fedbfee3ff3bffc4
00440004ff0bfee3
02ff0287016dfffc
009500fd020602cf
01c601ce01350074
0044ffacffb4011d
039803a0036f0216
0337036f03880398
028f02df02ff0317
006400dd019e0236
009d009500a50095
00ad00ad008d0095
fff4fff40014005c
0054006c00440004
ffd4ffc4ffc4000c
fd31fd51fd8afd69
fd49fd39fd29fd31
fd59fd39fd71fd49
fd51fd9afe22fe02
fdc2fdeafdcafd79
fe72fe02fdbafd92
ffecff6bff5bfef3
ffbcff94001c0044
004c00040054004c
02260216014500bd
02af028f027e0266
fe6afff4021e02af
fee3ff43ff23fe93
ff8cff84ffccff6b
fef3ff0bff84ffd4
ff13fefbfedbfeeb
0004001cff23fee3
ff23febbfecbff43
ffd4004cffe4ff43
030702e7023e00c5
00ad00f501fe02d7
01ce01fe018e0074
fff4ff94ffac00fd
03c803c8037f01de
036f038803b003d0
02a7030f033f035f
005c00d501ae024e
007c0085009d0095
0095009d008d008d
fff4fff4000c0044
005c007c00540014
ffccffc4ffc4000c
fd29fd41fd8afd49
fd51fd39fd39fd41
fdd2fd41fd51fd61
fd59fd79fe02fe52
fd8afd9afda2fd79
febbfe4afdf2fdb2
0004ff7bff3bff1b
008dfff4005c0074
00ed00140034006c
024e022e01b600cd
02df02e702cf028f
fefbfee300540226
ffacff94ff9cff63
fff4ffd4ff8cff9c
fefbff23ff23ff6b
ff0bff23fef3fec3
ff8c005cffecff0b
ff6bff1bfea3fefb
005c000c004cffbc
030f031702bf01c6
008d00e501c602c7
01ae022e01e60115
ff9cff43ff73008d
03f003f803b001e6
037f03a803c803e0
02af033f03670367
009d00fd01a6023e
007c0074007c009d
0085009500850085
0004fffc000c003c
005c00740054001c
ffccffc4ffc40004
fd11fd29fd79fd31
fd51fd39fd39fd39
fe12fd79fd49fd82
fd71fd51fdb2fe3a
fdc2fda2fd82fd71
fed3fe9bfe52fe02
008dfff4ff73ff1b
00dd00b5007400b5
013500b5000c009d
025e023e01e600e5
01ee02af02b7028f
0004ffa4ff9c007c
ff63ffbcfff4001c
ff63fff40024ff9c
fef3ff13ff2bff3b
ff23ff23ff33ff03
ff3bffec0024ff84
ff94ff4bff0bfebb
017d004c0054006c
032f031f02f70266
009d00a501a602bf
01b6024e02260196
ff73ff0bff6300c5
03c003c803a0020e
0357039803d003b8
028f031f0337032f
00dd013501a60226
008d006c005c00a5
007c009500850085
0004fffc0004003c
004c006c00540024
ffc4ffbcffbc0004
fd19fd29fd49fd09
fd49fd31fd49fd49
fdfafd92fd61fd79
fda2fd71fd69fe12
fdeafdc2fdcafdb2
ff43fec3fe7afe32
00b50074001cffbc
011d012500dd00ad
00fd0165009500ad
027e025602260135
00c5012501de0276
00440064008d00a5
ffc4ff7bffacfff4
ff43ff84ffe40014
ff33ff03ff13ff13
ff94ff3bff53ff63
ff13ff6bffccffec
007cffc4ff4bff13
024e017d0085005c
030f031f02ef02a7
010d00740145026e
01a60266024e01de
ff73fedbff6b0115
03f003d803b8026e
0357039003b003b8
02870307032f031f
00fd015d01ce0236
0095007c006400ad
007c008d007c007c
0004fff4fffc0034
0044005c0044001c
ffc4ffb4ffb4fff4
fd21fd29fd19fcf1
fd59fd29fd61fd41
fe1afd69fd51fd8a
fdc2fda2fd8afdda
fe1afddafdbafdca
ffe4ff63fef3fe83
00c500a50074003c
013d017d015500ed
00e50196017500bd
01b601f602060186
012d00ed00c50155
0085008d00ed012d
ff9cffe4001c0064
ff23ff3bff63ff53
ffdcffd4ff7bff33
ffecff7bff6bff84
ffacff7bffccfff4
00540074000cffdc
028f023e019600a5
02c7031f02ff02bf
019e00bd00d501de
019e025e02760236
ff5bfe9bff4b016d
03e803f803f002c7
03900388038803e0
027602ff032f036f
00f5016d01de023e
0095008d006c0095
007c008d0085008d
fff4ffecfff40034
003c0054003c0014
ffbcffb4ffb4ffec
fd19fd29fd01fcf1
fd82fd31fd49fd21
fe22fdc2fd31fd69
fdcafda2fd79fdba
fe83fdfafda2fda2
00850014ffacff1b
0145011500dd00bd
010501a601a60175
00f5017d01ee0155
01a601ae01de01ae
02460276024e01fe
01350165018601de
0034005c009d00ed
0024000c000c0014
0034008d00ad0064
00950074001cfffc
004c00440054008d
011d00cd00850064
02a70276021e0196
025e02f702ef02c7
0216013500b50186
01d602360297025e
ff43fe2afee30196
03d003d803e002e7
0390035f034f03c0
025602d7034f0390
005c010501be0206
008d0085004c002c
00850095008d008d
ffdcffd4fff4003c
003400540034fffc
ffb4ffacffa4ffe4
fd19fd31fd21fcf1
fd9afd59fd49fd31
fe0afe12fd61fd59
fd69fd9afd71fd8a
ff0bfe62fdaafd59
00e500ad005cffcc
0186015501250105
0165017d01be01a6
013d0155020e01ee
028f0266024601ee
0226026602970297
01de01ee01ee01f6
016d016d017501b6
0145011d012d013d
0115015d018e017d
014d0165014d012d
00d500fd01050135
01d6018e010d00bd
02bf029f0266021e
01fe02af02ef02d7
025601de00ed012d
021602360266026e
ff6bfe02fe9b019e
03a803b003c002bf
0367033703370388
025e02d703170347
ff5b004c015d01d6
008d006cfff4ff5b
0085009500850085
ffccffc4ffec003c
002c00540034fff4
ffb4ffa4ffa4ffd4
fd11fd31fd31fd09
fd9afd61fd49fd29
fdeafe32fda2fd61
fd39fd51fd71fd82
ff53fe93fdcafd51
00fd00d5008dfffc
01b6018e01650135
021601ce01ce01d6
018e0135020e021e
0276026602460216
01fe0226024e027e
01d601e601e601f6
01ae01be01ae01b6
01be01b601ae01a6
01d601c601ae01c6
01ae01ce01e601d6
019e01ae019e019e
021601fe01e601ae
02bf029f027e025e
015d023602bf02d7
026e0246017d00e5
0246022e025e0266
0034fe22fe6a01b6
037f038803a002f7
03170307032f037f
028702c702e70307
fe32ff9c010501d6
0085003cff84fe6a
007c009500850085
ffc4ffbcffe4003c
002400440024ffec
ffacffacffa4ffcc
fd11fd29fd31fd19
fd79fd49fd41fd11
fdc2fe0afdaafd51
fd39fd41fd69fd9a
ff73febbfdfafd59
013500fd00bd002c
01e601ce019e0165
0216020e01f601fe
01a6012d01fe020e
026e024e0236021e
0206021e02460266
018601b601be01f6
01d601c601b6018e
01ee01d601e601de
01ee01ee01fe01fe
01de01de01ee01ee
01ee01e601ce01d6
024e0216020e0206
029f027e0266025e
011d018602260287
0256026601f60135
02760206027e0246
013dfe72fe5201b6
03670377035f033f
02e70307035f0367
027602d702ef02cf
fd8aff2b00cd01c6
007c000cff13fdd2
007c0095008d0095
ffc4ffb4ffec003c
001c00440024ffec
ffb4ffa4ff94ffcc
fd19fd41fd49fd21
fd61fd59fd69fd21
fd9afdcafd92fd29
fd31fd19fd31fd79
ff8cfec3fe22fd82
0155011d00c50044
01fe01d601b60186
01fe0206020e0206
01be012501d601f6
025e024602460246
01ee01fe022e024e
014d017d01b601de
01250145015d014d
01ae0186016d0135
01ce01ce01be01ae
01d601d601de01e6
020601ee01de01d6
0246021e020e020e
024e0256024e0256
014d0145019e01fe
0206023e022e01ae
025601e601d601f6
0236ff1bfe7201a6
037f037f03880367
02f70327035f0377
027602ef02df02d7
fd69ff0b00ad01be
006cffccfeabfd79
007c0085008d0095
ffb4ffacffe4003c
0014003c001cffdc
ffa4ff9cff8cffbc
fd39fd51fd59fd31
fd51fd79fd82fd29
fd9afd9afd61fd11
fd29fd09fcf9fd59
ff9cfecbfe12fda2
0175013500dd004c
020601de01c6019e
01f601f601fe020e
01d6016501ce01e6
01fe020e023e025e
01ae01b601be01de
009500d501250155
003c007c0085008d
008d007c005c004c
014d012d00f500ad
019e01ae019e0165
01fe01de01d601ce
023602260216020e
01de02160226022e
014d010d012d017d
010d018e01be017d
01a6013d00a500a5
0297ffecff0b0135
037f039803b0037f
0317033f034f035f
024e029f02bf02df
fd59ff03009d019e
004cff7bfe32fd31
0074007c00850085
ff9cff94ffd40034
0004002c0014ffd4
ff9cff94ff7bffac
fd39fd59fd69fd51
fd59fd79fd79fd21
fd92fd8afd61fd19
fd21fcf9fce1fd41
ff94fecbfe0afd9a
018e01550105006c
01fe01e601c601ae
01e601ee01f601fe
01b6018601e601f6
01450175019e01ae
009d00dd00ed010d
ffe4002c005c006c
ff84ff73ffacffc4
ff73ff73ff6bff7b
0095005c002cffc4
014d014500ed00d5
01de01c601ae0186
0216021e02260216
014d01a601de01fe
008d008d00cd010d
ffac0014006c008d
0054002cfffcff9c
030f011dfffc00a5
038803a003b803a0
031f03370347031f
024602a702cf02ef
fd51ff0300a50196
002cff23fdd2fd01
0064006c0074006c
ff84ff84ffc4002c
fffc00240004ffc4
ff94ff8cff7bffa4
fd49fd61fd8afd9a
fd61fd71fd69fd09
fd9afd92fd69fd41
fd39fcf9fce1fd31
ffb4feebfe32fd92
019e0175011d008d
01e601de01c601be
01d601ce01e601de
015d015d01b601d6
00d500fd00fd012d
006c0095009d0095
ff4bffa4fff4004c
feebfed3fef3ff13
fedbfed3fec3feeb
0004ffbcff73ff1b
010d00d500ad0074
01ce01a6016d015d
01f60206021601fe
00d50135019601d6
ffbcffec003c008d
fee3fee3ff2bff6b
fff4ffbcff84ff23
037f01f60004000c
0367039803a803b0
02ff030f0307031f
025602b702ef02ff
fd51fefb00ad01b6
fffcfedbfd8afce1
00540054005c005c
ff6bff73ffbc001c
fff4001c0004ffb4
ff94ff8cff73ff9c
fd8afdbafdf2fe5a
fd69fd82fd79fd49
fd9afd8afd71fd59
fd49fd11fcf1fd39
ffc4fee3fe3afda2
01ae018601350095
01ce01d601de01d6
01be01b601c601c6
017d0196019e01b6
0105010d011d0145
00ed00f500ed0105
ffe40034007400dd
fedbff03ff43ff94
fefbfefbfeb3fea3
ffb4ff6bff3bff03
00cd009d00540014
01c60196014d013d
01d60206020e01f6
005c00bd011d019e
fefbff33ff7bffec
fe9bfe83fe8bfebb
ffe4ffacff33fed3
03a802a7005cffec
037f037f03900398
02f70307032f036f
023e02b702e70307
fd49fef300ad01a6
ffacfe7afd49fcd1
00440044003c0034
ff63ff63ffb40014
ffec0014ffecffa4
ff8cff84ff73ff9c
fe52fe62fe83feeb
fd69fd92fe0afebb
fd92fd8afd69fd41
fd51fd19fcf9fd49
ffe4fef3fe42fdba
01be019e014d00ad
01d601e601ee01de
01a601b601be01c6
01750196019e019e
01350145014d015d
0125011d01150125
00cd00e5010d011d
003c0074008500b5
ffacffa4ffc4ffdc
fffcffccffbcffac
00b5006c00340004
01ce01a601350105
01a60206021601f6
ffe4002c00b50155
fe7afeb3fefbff53
ff2bfeabfe7afe5a
001c001cffe4ff9c
03a00347017d0074
0377036f038803a0
03070327034f035f
01fe025e02c70317
fd41fedb0095018e
ff4bfe12fd11fcc9
0044003c0034000c
ff53ff5bffac000c
ffe40014ffe4ff9c
ff84ff7bff73ff94
ff1bff73ff43ff23
fd79fdbafee3ffd4
fda2fd82fd8afd51
fd61fd29fd01fd59
fff4ff0bfe4afdca
01de01b6016d00cd
01e601f601ee01e6
018e01a601a601c6
0145014d01750186
01250135012d0145
012d013501350125
01250125012d012d
00d500ed010d011d
006c0064009500b5
00440054005c006c
00bd007c004c002c
01de01be014500fd
01a601f6020601ee
ff6bff9400340115
ff23ff13ff13ff2b
003cfff4ffa4ff53
0095009d0085005c
039803b002df0145
036f037f039803a0
02ff02ff0337035f
0226028702ef0307
fd41fecb0085019e
fef3fdb2fce1fcc9
003c00340024ffdc
ff4bff53ffa4000c
ffd40004ffe4ff94
ff7bff84ff6bff8c
ff840064ffd4ff13
fdb2fde2ff1b001c
fdb2fd71fdaafd92
fd71fd39fd29fd82
001cff2bfe52fdc2
01e601c6018600fd
01ee020601fe01f6
017d019601ae01ce
01450145015d017d
012d013d0145013d
01250145014d013d
00a500cd00e500fd
00a50095009d009d
00a500ad00b500b5
006c008d009500a5
00c5008d006c0064
020e01d6017500fd
01a60206021e021e
ff73ff4bffc400cd
ffbcffb4ffbcff9c
001cfffcffccffbc
00f500b50085003c
039003d003670206
0367036f03900390
02ff02ff0337034f
024e029702df030f
fd41fec300740196
fe9bfd51fcb9fcc1
002c00240014ffa4
ff3bff3bff8cfffc
ffd4fffcffd4ff84
ff7bff7bff6bff84
ff8cffe4ff8cfed3
fdeafddafef30014
fdc2fd8afdd2fdc2
fd79fd41fd41fdaa
0054ff63fe7afde2
01ee01de0196010d
01fe0206021e0206
0175019601be01e6
0145014d01550165
0115012d013d013d
001c009d00e50115
fe6afea3ff0bff7b
ff63fefbfeb3fe83
00950064000cffa4
006c008d00a500a5
00dd00a500740064
0236020601a60135
01a60226024e024e
ff94ff8cff84006c
fdaafdfafe7aff0b
fe7afe1afdcafd82
00fd0024ff94fef3
03a803d0039802af
036f03770390037f
02cf02ff02ff034f
0226029702bf02d7
fd39feab005c0175
fe5afd21fca9fcb9
00140014fff4ff63
ff33ff23ff73ffe4
ffc4fff4ffccff7b
ff7bff73ff63ff7b
ff5b002c002cff03
fe42fe02fee3ffac
fde2fdbafe1afe12
fd61fd39fd71fdfa
007cff94fe9bfdda
020e01fe019e0125
0216022e022e0216
018e01b601e60206
012d014501550165
00ad00f50115011d
fe32ff13fff40074
fd19fd51fd01fd61
fe2afe7afdbafd41
002cff9cfeebfe62
0054008d00ad008d
00ed009d005c004c
026e023601be014d
01a60256028f0287
fdeaff1bff84001c
fcf1fce9fd29fd19
fde2fe42fe32fd41
012dff5bfe7afdda
03b803b003a80317
0367037f037f0390
02b702c7030f0367
0206026e029702c7
fd21fe9300540155
fe1afd01fca1fcb1
0004fff4ffccff2b
ff33ff1bff6bffdc
ffbcffe4ffbcff73
ff73ff6bff5bff73
ff730054006cff2b
fea3fe52fed3ff73
fe1afdfafe72fe7a
fd79fd49fdb2fe42
00a5ffb4feabfde2
021601fe01ae014d
022e023e0236021e
01a601ce01fe021e
011d014501650186
002c008d00d500fd
fd92fe2afedbffa4
fd09fcd1fca9fcf9
ff53ffd4fe42fd49
ff9cff0bfec3ff13
0064008d008d002c
00ed009d005c0044
02a7025e01e60165
01be02b702e702cf
fd41fe6aff730004
fd31fcf9fcb1fcd1
fee3ffc4ff6bfdca
01b6ff53fe1afdfa
03d803e003e00357
0390037f039003b0
02cf0307034f0377
020e025602af02c7
fd11fe93006c0175
fde2fcd9fc99fcb1
fff4ffdcffa4fefb
ff33ff13ff6bffd4
ffb4ffdcffbcff7b
ff63ff63ff4bff6b
ffb4005c007cff6b
ff23febbfefbfff4
fe42fe72feebfed3
fd79fd59fdf2fe6a
00d5ffd4fedbfdf2
021601fe01be017d
025602560246022e
01ce0206021e023e
01150155018601b6
ffe4004c009500d5
fe0aff0bfeebff2b
fd29fcc9fcd1fd49
00ad00e5ff5bfd92
ffa4ff63ffbc0054
006c0085005cffec
00fd00ad0074005c
02f70297020e0175
02160327033f0317
fe12ff4bff5b003c
fd49fd11fd19fd61
ffb400340024fe72
021effecfec3ff0b
03f8040003f00367
0390039803e003f0
031f0337035f037f
021e027e02cf02e7
fd01fe9300740196
fdb2fcc9fc99fca9
fff4ffdcff9cfedb
ff33ff1bff6bffd4
ffb4ffe4ffbcff7b
ff5bff5bff4bff6b
0034008d00adffa4
ff94fef3ff2b004c
fe6aff03ff9cff43
fd8afd82fe42fe83
00fdfffcfee3fe1a
022601fe01ce017d
026602660256023e
020e0236024e025e
0125016d01ae01e6
006c00ad00c500dd
ff33ffccff84ffcc
fd82fd49fd71fdea
010500fd0074fe83
00140034005400bd
009d00b5008dffe4
012d00dd008d008d
032f02c7022e0196
029703770388035f
ff6bffbcffc400a5
fe8bfe02fe32fec3
003c00850085ffd4
025600ddffc4ffdc
0400040003e8034f
036703b003f003f0
0327032703470357
023e028f02df030f
fcf1fe6a005c018e
fd9afcc1fca1fcb1
fffcffe4ff9cfed3
ff2bff1bff73ffdc
ffb4ffdcffbcff73
ff4bff53ff4bff63
00ad00e500d5ffdc
ff7bfef3ff8c008d
fe93ff63fff4ff94
fdaafdc2fe83fe7a
010d0024fef3fe12
0226020601d6018e
026e026e02660246
02460256026e026e
01a601d601fe022e
013d01650186018e
00640044004c00c5
ff43fea3ff23ffc4
00fd00f500e5004c
00c500b5009d00cd
0105012d010d00bd
017d012500bd00bd
035702df025e01ce
02ef03a803b80398
0085009d009500f5
0044ffdc001c006c
0034008d00ad008d
02af01c600bd0014
03e803d803980337
0357039003e803e0
030f02ff030f0337
022e02bf02df02ef
fce9fe52003c015d
fd92fcc1fca9fcb1
fffcffecff94fec3
ff2bff1bff6bffdc
ffacffd4ffb4ff63
ff4bff4bff4bff5b
010d013d00f5fffc
ff2bfee3ffd400a5
feb3ffa40014ff8c
fdbafe1afec3fe6a
01050044ff0bfe12
0226020601de0196
02760256021e0246
02760276027e0276
022e0246025e026e
01a601ce01ee0216
00c5011d012d0155
00c5005c00a500ad
00e500ed00e500ed
0135010d00fd00d5
0145015d01650155
01c60175010500f5
03670307029f0226
033f03b003b803a8
00cd00e500c5016d
004c0054008d00a5
008d0054005c006c
02df023e018600f5
03e803d003a00347
035f035f03a803c0
02d702d7031f035f
01de028702af02cf
fcd9fe3a002c013d
fd92fcc9fca9fca9
fffcffe4ff84febb
ff1bff0bff63ffd4
ff9cffccffacff63
ff4bff4bff43ff53
010d014500f50024
ff13ff1bff9c008d
feabfff4fffcff53
fdd2fe93fefbfe5a
011d004cff1bfe0a
021e01ee01ce0196
028f025602060246
029702a702a70297
026e0287029f029f
01e60216023e0256
016d018e019e01ae
00cd00b500dd015d
00f500fd00e500e5
0145011d00fd00f5
01860165015d0155
021601d6017d015d
036f032702d7027e
038803b003b803b0
0125010d00e501f6
00dd00dd00f50105
013d010d00fd00fd
0307027e01ee018e
03f003d003a8035f
0367034f039003c0
02ff02ff031f0367
01e60246026e02b7
fcd9fe320014014d
fd9afcc1fc99fca9
fffcffd4ff73feb3
ff1bff0bff5bffcc
ff84ffc4ffacff5b
ff43ff4bff3bff43
011501550105006c
ff33ff2bffa4008d
feabffd4ff94ff53
fe02fedbff1bfe83
0125004cff0bfe12
021e01de01be018e
0276026602460236
02bf02bf02b7028f
028f02a702b702c7
022602560276027e
01ae01b601d601fe
015d016501650196
013d014501450155
0175015d013d0135
01ae019e016d016d
027e023601ee01ae
035f030f02ef02bf
03a803b003b003b0
01550135012d0276
015d01550155016d
018e0175016d016d
031702af021e01c6
03e003c803b0036f
033f033f036f03b0
031702f7032f0347
0206025e02a702e7
fcc1fe2200140155
fdaafcc9fc81fc89
0004ffd4ff7bfecb
ff13ff0bff53ffc4
ff84ffc4ffb4ff5b
ff33ff3bff33ff3b
011d015d00fd00b5
ffbcff7bffbc009d
feebffacff7bff9c
fe3aff1bff13fe8b
011d003cff03fe2a
020601d601be017d
027e02660246021e
02c702bf02b7028f
02a702af02b702cf
024e027e0297029f
01ce01e60216022e
018e019e019601b6
016d0175018e019e
019e018e01960186
01de01e601ce01a6
02df0297024e01fe
034f0317031702f7
03a003b003b003a8
01750165019602e7
019e0196018e018e
01c601b6019e01a6
030702bf024601de
03b003b003b00367
030703170347037f
02e702f7030f0307
0206027602af02c7
fce1fe3a000c0135
fddafd01fcb1fcb9
fffcffd4ff8cfeeb
ff0bff0bff53ffc4
ff73ffbcffacff5b
ff1bff2bff23ff2b
0125014d00f50105
003cffd4ffec00ad
ff4bffc4ffdcffec
fe7aff5bff13fe93
011d0034ff13fe4a
01fe01d601ae0175
0276025e02360216
02cf02c702af0287
02b702bf02bf02cf
027e029f02af02af
01fe0226023e0266
01c601d601de01f6
01b601a601b601c6
01ce01ae01be01c6
02160216021e01f6
031702d7028f023e
0347032703270327
039003a003b00390
01ae01be01f602ff
01ce01be019e019e
01e601de01be01be
030f02cf026601fe
039803a803a80367
02cf02df02ff0347
02ff02f7031f030f
01e6027602b702df
fdc2fec3002c010d
fea3fe0afdcafdba
ffecffd4ff9cff43
ff03ff0bff53ffbc
ff6bffa4ffa4ff4b
ff13ff23ff1bff23
01450155011d0155
007c0014003400c5
ffcc003c003c002c
febbff84ff13febb
01050034ff3bfe8b
01de01b601960165
02560246022601fe
02c702bf02a70276
02d702cf02cf02cf
029f02a702bf02c7
0236026602870297
01f601fe02060216
01e601de01c601d6
021601de01c601d6
0256025602660246
02f702bf029f026e
035f032f03270327
03a803a803a80390
01de01fe0256031f
01be01a6019e01be
01fe01e601b601b6
031702cf02870226
039003a003a8036f
0297029f02df033f
02ff0307031702c7
01c6025e02b702df
ffdc002400c50125
001c002c001c0004
ffecffd4ffc4ffe4
fef3fefbff5bffbc
ff5bffa4ff94ff33
ff0bff0bff13ff1b
015d01550155019e
009d003c007400ed
0064011500dd0074
ff23ff7bfefbfeeb
010d002cff3bfecb
01ce01ae0196016d
0246022601fe01e6
02af02af0297025e
02e702df02d702bf
029f02bf02df02df
025e027e02a7029f
01f602160226023e
01f601ee01de01de
0246021e020601ee
0287027e0287026e
02cf02a702970287
03770337032702ff
03b003a803980390
02160226028f034f
0196019601a601de
021601fe01ce01a6
030f02cf029f024e
037f039803a00377
0276027602d70337
02bf02cf02ff02c7
01ce025e028f02b7
01ae0175016d015d
015d01f6021e01fe
ffecffd4ffdc0085
feebfefbff5bffc4
ff4bff8cff7bff23
ff03ff13ff13ff13
017d016d019601be
00c5007400bd012d
00a50125013500e5
ff4bff6bff1bff23
00ed000cff33ff0b
01be01b6018e015d
0226020601f601ce
028f027e026e024e
02e702cf02b702a7
02b702cf02e702ef
0276028f02a702af
01fe021e0226024e
01fe01de01d601de
0287026e024e021e
029f028f0297029f
02e702c702af02a7
0388035f0347030f
03c803c003b003a0
022e023e02b70388
018e01a601ce0206
0246021e01d601a6
02df02a7028f027e
0357038803900367
0266026602b70307
02bf02df02ff02b7
01be025e028f02a7
021601be019e0175
01ce029702cf0287
ffecffccffec00c5
fee3fefbff5bffcc
ff43ff84ff63ff13
ff0bff13ff13ff0b
019e018e01be019e
00b5009d010d017d
ffdc003400bd00cd
ff4bff84ff33ff4b
00c5ffe4ff23ff0b
01be01ae0186014d
020601f601ee01ce
026e024e023e022e
02c702af02970287
02bf02c702cf02d7
0297029f029f02a7
020e021e022e025e
022e020e01fe0206
029f0297027e024e
02a7029f02a702a7
030702e702c702b7
03900377035f0327
03f003e003d003b8
023e0256030f03c0
01c601ee0216022e
025e023601fe01c6
02df027e02760287
033703670367033f
0256028702bf02ff
02ef02ff02ff02a7
01a6023e02a702cf
01ae015d01550165
01b6027e02870226
ffe4ffd4ffec00b5
fed3fefbff63ffcc
ff43ff7bff5bff03
ff0bff0bff0bff0b
01c601be01ae00b5
00dd0115017d01ce
ffd4009d00ed010d
ff4bff6bff33ff3b
00b5ffccff1bff03
01ae01960175013d
01e601e601de01c6
023e021e021601fe
029702870276024e
02b702a702af02af
0287029702af02bf
022e024e0276027e
0266024602360236
02c702af029f0287
0287027602a702d7
030f02e702bf02a7
0388037f0377033f
03f803e803d803b8
025e026e035f03e0
0206020e02360256
0256024e022e020e
02c7024e024e025e
0337034f0357031f
025e027e02bf030f
02e7030702e7026e
019e022e028702bf
01050105012d0165
01b6024602160186
ffecffdcffec00a5
fed3ff0bff73ffcc
ff3bff73ff53fefb
fefbff03ff03ff03
01d601e6010dfea3
0175018e019e01be
00cd015d016d017d
ff6bff6bff6bffdc
0095ffb4ff4bff43
019e018e016d0125
01ce01c601be01ae
021601f601e601ce
0266025e0246022e
02a7028f027e027e
029702a702b702a7
024e02660276027e
0297027e026e025e
02cf02bf02af02af
026e0256028f02bf
032702df02af0287
03b8039803770357
03e803e003d003c0
027e02b703a803f0
023e024e025e026e
023e0256024e0236
02af022601ee020e
031703270337030f
0256027602bf02f7
02b702df02cf026e
01a60226024e0287
00dd01150125014d
01be022601c6011d
ffe4ffdcffe400b5
fec3ff03ff63ffc4
ff3bff6bff43feeb
fef3fef3fefbff03
01ee019eff73fd59
0186017d01a601ce
018e01be019e0186
ff94ff84ffa4008d
0064ffccff8cff6b
019e018e01750115
01b6019e019e019e
01fe01ce01be01b6
022e022e0226020e
027e024e024e023e
028f028f02970276
0287028f0297028f
02e702c7029f0287
02c702d702df02e7
022e0236026e02af
030f02af025e0236
03b003a0037f034f
03e003d803d003c8
027e030703d003e8
02660276027e0287
0206022e0246023e
02b7023601a601ae
02ff0307031702ff
024e028702cf02f7
02af02f702d7026e
01ae0206024e026e
010d014d0165016d
01be021601be0115
ffecffe4fff400c5
fec3ff0bff73ffc4
ff33ff63ff3bfee3
fee3fee3fefbfefb
01e6008dfdeafd19
01ae01ae01f60216
015d018e017d017d
ffb4ff8cffdc00a5
00540004ffacffb4
0196017d016d010d
01a6018e018e0196
01ce01b6018e019e
020601fe01de01ce
02560226021e020e
0287027e026e0266
02a702af029f029f
02c702df02c702a7
02bf02e702ff02cf
01de01ee0236027e
02df0297023e01fe
03b003a003670317
03e003e003e003d0
028f035f03d803e0
02760287029f029f
01d601fe0226023e
02af024e01b60196
02e702f702f702d7
0256029f02df0307
02ff02ff02d70276
01be01f6026e02c7
0175019e01b6018e
01be021601d6016d
ffe4ffe4fffc00c5
fed3ff23ff8cffd4
ff2bff5bff33fedb
fedbfee3fef3fef3
011dfeb3fd39fcf9
01c601ce01f601f6
0145016d017501a6
fffcffa4001c00cd
006c0014ffecffe4
0186017d01750105
0196018e0186018e
01ae01960186017d
01e601ce01b601ae
02260206020601ee
0276026e025e023e
02cf02c702af02a7
024e02ef02e702cf
02a702df02ef0287
01c601ae01ee024e
02ff02cf02870236
0398039003670337
03e003d803e003c0
02af038803d003d0
0287029f02b702af
01b601ee021e024e
024e020e01960165
029702a70297027e
022e028702af029f
030f02f702bf0256
01de0216028f02df
019e01b601be01a6
01a6022e0216019e
ffe4ffdcffe400a5
fee3ff3bffa4ffd4
ff23ff4bff2bfedb
fed3fedbfee3feeb
ff4bfdd2fd82fd92
01f601ee01f6014d
016d019601b601de
ffecffcc00a5013d
006c001c0004fffc
018e018e016500fd
01860186018e0196
01a601960186016d
01be01be01ae01ae
021601e601de01c6
026e024e023e022e
02ef02b702b7029f
02b702ff030f02ff
027e02c702ef02ef
01e6019601b6021e
0347031702cf027e
03a0039003880367
03d003d003d003c0
02df038803c003c8
029702af02af029f
017501de022e0266
01d601b6017d013d
023e023e0226020e
023602560256023e
02c702df02cf026e
01c602360276027e
01c601b6019e0186
0186023e024e01ee
ffccffbcffac006c
feebff4bffa4ffc4
ff23ff43ff23fedb
fecbfedbfedbfeeb
ff2300440064007c
021601be00fdff53
01ce01de01f6021e
ffec003c014501d6
006c003c000c0014
018e0196017500fd
018601750186018e
0196018601750175
01b601ae01ae01a6
01f601ce01be01be
029702660246021e
02ff02d702cf02bf
02f7030703170317
026602a702d702ff
01fe0186019e01fe
033702ff02df028f
0388037f037f035f
03b003a803b003a8
02df036f03a003a8
027e0297029f0297
016d01ce0216024e
020e01f601ce0165
02a7029702660246
02260226025e027e
02b702ff02ff028f
01a6020e025e0276
022e01fe01b60175
015d022e0266023e
ff8cff6bff4b0014
fef3ff4bff84ff94
ff13ff3bff0bfed3
fecbfed3fedbfee3
ff84016501750165
0186fffcfe72fe02
021e020e020e0206
003400cd01ae020e
00ad0074005c0064
018e018e017d0125
017501860165017d
01960186016d0165
01b6019e01a6019e
01f601de01ce01b6
029702660236020e
02ef02ef02ef02c7
02f70317030f02f7
0246029702af02df
01ce015d018e01ee
02e702bf02cf0276
032f030702f702ef
036f0377037f0367
027602df03270347
0256029702b7028f
015d01ae01ee0226
021601f601de0196
02e702cf02870246
01c601be0226029f
02ff031f0317028f
01a60206026e02cf
02af026e01ee0196
0135021e02760297
ff43ff13fedbffbc
fedbff23ff53ff53
ff13ff2bfefbfec3
fec3fed3fedbfeeb
ff130064004c0044
fed3fd82fd8afe02
020e021e01f6010d
0095011d01b601f6
00f500bd009d00ad
019e0196017d013d
016d016d0135017d
0196018e016d015d
01ae019e01960196
01fe01e601ce01b6
02870266022e0216
02df02d702df02bf
02ef030702ff02f7
0246028702b702d7
019e013501a60206
02760297029f0256
0276023e02460256
02ff031702ff02c7
01f60206027e02c7
0266029702af028f
012d016d01e60226
01b6019e01860165
027e026e022601e6
018e00fd01350206
02f7030f0307027e
018601de026e02df
028f026e021601ae
010d020e025e026e
fee3feb3fe7aff63
feb3fef3ff03fef3
ff13ff1bfeebfeb3
fecbfed3fed3feeb
fe4afddafd79fd79
fd39fd01fd71fe3a
01ce01be00a5fe8b
00bd00d5016d01b6
011500e500cd00ed
019601a6017d014d
017d0175017d0186
019e0186016d0165
01b601ae019e019e
01f601e601ce01be
0287024e021e01fe
02df02df02cf02af
02cf02cf02e702f7
026e028702a702bf
013d011d01e6025e
01ee022e022e01ee
01be018e019601b6
022e023e021e01f6
01e6013d019601f6
024e027e0287026e
0135014d01be0216
0186016d015d012d
0206021e01ee01b6
020e011500d50165
02cf02df02ef02cf
019e01ce022602af
01ee020601ce01a6
00d501c601ee01de
fe9bfe62fe2aff23
fe9bfec3fecbfeb3
ff0bff13fedbfea3
fed3fed3fed3feeb
fe62fd9afd09fd09
fcf1fce9fd51fe4a
00b5ffdcfe3afd31
00bd0024007c00dd
012500ed00ed011d
019e019e018e0155
018e01860186018e
01960186016d0175
01b601ae0196019e
01f601d601c601b6
026e0246022e020e
02e702cf02b7028f
02cf02df02e702df
02a7029f029702b7
00cd0155023e0297
0145019601ae0165
013d010500cd00dd
015d01650165015d
020e012d00cd011d
0226025e0276026e
017d0145019601e6
01be019e019e018e
01b601f601e601ce
02af01be010d0135
02b702df0327032f
01be01fe020e026e
01150155014d018e
0085016d0155012d
fe72fe1afde2fef3
fe9bfeabfeb3fe9b
ff03ff0bfedbfea3
fec3fecbfecbfee3
fe8bfe02fd61fd59
fd11fd01fd41fe0a
ff6bfe9bfda2fd29
00cd002cffecffbc
011d00f500f50135
019e019e018e015d
017d0196018e019e
0175016d0165016d
01ae01a601960196
01f601ce01b601a6
0256023e02160206
02b702af028f027e
02c702cf02d702c7
02d702cf02b702af
010501e6028702cf
001c00dd010500bd
0085ffb4ff53ff63
00c500e500f500ed
0256021e017d00bd
02260246025e027e
02660175018e01d6
01c601ce0226026e
017d01a601be01ce
030f0266019e0155
02d70307033f0347
01c6020602260276
00f5011500fd015d
0064013501250115
fe62fdf2fdc2fed3
fea3febbfec3fea3
feebfefbfecbfea3
fec3fecbfecbfed3
fe62febbff03ff33
fd51fd39fd51fdc2
ff4bfe7afda2fd51
00bd009d005cffd4
012d00fd00fd0125
019e018e017d0165
017d019e0175018e
0175016d016d0175
019e019e019e0196
01f601d601b601ae
0246022e02160206
0297027e026e025e
02cf02c702bf02af
030702ff02cf02af
01a6023e02c702ff
005c003c006400e5
001c00340064006c
00c50085008d006c
0297028f027601c6
0216024e026e027e
034701fe016501b6
01fe023602cf0327
0186019601b601ee
031702cf023601ae
02b702f7031f031f
012d019602060256
0135013500d500e5
0064011d01350145
fe83fe02fdd2fedb
feb3fecbfee3fed3
fed3fee3febbfea3
feb3fec3febbfec3
fe12fef3004400e5
fd82fd69fd71fdc2
ff9cfea3fde2fd8a
009d00b500ad005c
012d010d0105010d
0196017d016d0165
0186019601860196
018e0175017d018e
019e01a6019e018e
01e601d601c601ae
021e021e020e01f6
02970276024e022e
02c702bf02a702a7
0327030f02ef02c7
01fe028702e7031f
00ad009500f5017d
002c008500bd00bd
0135002cffecfffc
02b702c702a7023e
020e022602560287
03a002a701450196
021e027e030f0367
0135015d01a601e6
0287025601de016d
01a6020602560276
ffb4003c00cd0145
01ae018e00c5000c
006c0155019601be
fe9bfe0afdeafedb
feb3fed3fef3fef3
febbfecbfeb3fe9b
feb3fec3feb3feb3
fe0afea3ffd400e5
fdb2fd82fda2fdfa
ffccfee3fe22fdda
00a500bd00bd0085
012d0115010d0105
0186017d016d0155
017d017d017d018e
017d017d0186018e
018e018e018e0186
01be01b601b601a6
020e01fe01ee01ce
0287026602460226
02df02c702af029f
031f030f02f702e7
023e02a702ff031f
00e50105015501ae
005c00b500e500ed
0165004c001c0044
02cf02e702d70266
01ce0216024e029f
0388033f0196016d
0226028f0307035f
fff40074011d01a6
00bd007c0014ffcc
ff5bffcc005400b5
fdcafdd2fe5afee3
023602060115ff7b
006c019602060246
fe93fe12fdfafedb
feabfed3feebfee3
feb3fec3feabfe93
feb3febbfeabfea3
fe1afe52ff4b0044
fdfafdcafdf2fe1a
fff4ff23fe6afe2a
00d500d500bd0095
0125010d0115010d
018e017d0165014d
017d017501750186
01860175017d017d
0186017501860186
01ae019e01a6019e
01fe01ee01d601b6
0256024e022e0216
02cf02af028f0266
031f030702f702ef
026e02c703070317
012d0145017501ee
009d00bd00ed010d
01be00dd00b500ad
02b702d702e70297
01a6020e0246029f
039803c00287013d
02360307035f0388
fe02fecbffcc00f5
fe7afe12fdc2fdb2
fd19fd71fe02fe72
fd41fca9fcb1fcd9
0287025e017dff8c
003c016d02160266
fe7afe22fe0afec3
feabfec3fed3fec3
feabfebbfea3fe93
fedbfebbfe9bfe9b
fe42fe22fee3fff4
fe42fe2afe32fe5a
000cff63febbfe62
00ed00e500cd008d
01150105010d00fd
017d016d015d013d
016d016d0186018e
017d016d0186017d
0186018e017d017d
01a601a6018e018e
01ee01d601be01ae
0236021e020e01f6
02c7029f02760256
030f030702ff02e7
028f02df02ff0307
0155017d01ce022e
00c500c500fd012d
01ee013500fd00ed
029702bf02d70297
015d01be02260287
03d003f0036f015d
01b6032f03b803d0
fce9fd49fe0aff94
fdd2fd69fd01fcd9
fc78fcb9fd39fdba
fd09fc78fc78fc70
01ee0206013dff3b
ff8c00740135019e
fe6afe4afe3afea3
feabfeb3feabfe83
fea3fec3feb3fe9b
feebfeb3fe9bfe93
fe6afe3afe93ff84
fe7afe42fe0afe72
001cff94ff0bfeab
010d010500e5008d
010d00fd00f500ed
015d016501550135
014d0165016d0165
017d017d018e0175
0186018e017d017d
019e0196018e0196
01de01be01ae019e
023e020601ee01ee
02cf0297025e024e
030702ff02f702df
02af02df02e702e7
018e01be0216025e
00ed00dd0115015d
020e018e014d011d
026e02a702bf027e
0105016501e6023e
03e003d003770196
00440297037f03d0
fce1fce9fd21fdea
fdbafd69fd11fce9
fc68fca9fd29fda2
fcd1fc70fc68fc68
006400b50014fe62
fecbff2bffac000c
fe62fe62fe6afe83
fea3fea3fe9bfe7a
fea3febbfeb3fe9b
fec3fe9bfe8bfe93
fe72fe6afe7aff53
feabfe5afe02fe52
0024ffa4ff53fef3
012d011500dd00a5
010d00ed00e500fd
0165016501550135
0155016d01650165
018e018e018e016d
017d017d017d017d
0196018e01860186
01ce01be019e018e
021601ee01d601ce
02a70287024e022e
02d702d702cf02c7
02b702cf02c702c7
01ce020e02560287
01250115016d01ae
023e01fe01b6015d
0226025e02760266
00a5012d018e01de
03670337020e001c
fe2a00cd027e0327
fd09fd01fd11fd21
fd8afd61fd31fd11
fc60fc99fd09fd71
fcc1fc68fc58fc58
ff13ff5bfefbfdc2
fe72fe93feb3fedb
fe5afe62fe6afe72
fe83fe8bfe7afe62
fe7afe83fe83fe6a
fec3feabfe8bfe72
feabfed3fec3ff5b
ff13feabfe42fe5a
0024ffbcffa4ff53
0135010d00c50095
010d00e500ed0125
0155015d01450125
01550165016d0165
01750186017d015d
0175017d017d017d
0186018e017d0175
01a6019601860186
01f601de01be01a6
0266023e020e01fe
02a7029f02870276
02b702c702af02af
023e027602a702b7
0196018e01ce020e
025e0206020601d6
019e01ee0256027e
ffb400ed0135016d
017d012dff53fda2
fd39fe72000c0105
fd21fd29fd19fd11
fd39fd29fd21fd21
fc58fc78fcc9fd19
fcd9fc70fc50fc50
feebff23fee3fdd2
fe3afe62fe93febb
fe2afe32fe2afe2a
fe22fe32fe2afe2a
fe4afe3afe1afe12
fedbfecbfe9bfe72
ff1bffacffbcffbc
ff9cff53fecbfe9b
0024ffccffdcffb4
013d011500dd008d
00f500e500fd0135
0145012d011d010d
015d015d015d0155
016d01750175015d
01750175017d016d
017d017d01750165
0186017d017d0186
01be01ae01a60196
020601d601ce01be
02560236022e0206
029f02af029f0287
019e01ee0246027e
01be015d012d014d
0186011d014d01b6
011501960256021e
fe3a007400dd00fd
fefbfed3fdd2fcf9
fd59fdbafe52febb
fd19fd29fd31fd31
fce9fcf1fcf9fd09
fc50fc68fc89fcb9
fcf9fc81fc58fc50
feabfefbfed3fdf2
fdcafdfafe42fe72
fdbafdbafdaafdaa
fdb2fdb2fdaafdb2
fe12fdeafdcafdb2
fe8bfe83fe62fe32
ffb40085010d014d
00140004ff6bff03
003cffecfffcffec
013d011500e50095
00f500fd0115013d
012d00fd010500f5
01650155015d014d
016d016d016d016d
016d017501750165
017d016d016d0165
0175016d0175017d
0196019e01960186
017d01750175017d
020601de01a6017d
01a60206022e022e
00a500b500d50125
00cd009d008d0095
005c0064007400b5
008d00fd015500a5
fd19ff73008d009d
fe32fe32fdaafce1
fd82fdcafe12fe2a
fcf1fd19fd39fd59
fcb1fcd1fcd1fce1
fc89fc99fc99fc99
fce9fc89fc60fc68
fdeafe2afe32fda2
fd39fd51fd8afdc2
fd59fd51fd39fd29
fd59fd51fd41fd41
fdc2fdaafd82fd69
fdeafdeafddafdd2
005c014d01d60236
0064008d0034ffbc
005c001400140024
012d011d010d00bd
00fd0115012d0135
0115010d010d00fd
014d0145014d0145
0165016d01650155
015d016d0165015d
016d015d015d015d
0175016d0175016d
0165017d016d0175
012d0135013d014d
0135013d01250115
0054007c00c5011d
0004fff400040024
0004001c0024000c
ff5bff84ffacffcc
003c0014ff9cff53
fcb1fe02001c0064
fe32fe3afdb2fcf1
fd92fdc2fe12fe22
fd01fd59fd9afd9a
fcb1fcb1fcb9fcc9
fd01fd19fcf1fcc9
fcb9fc81fc81fcb9
fcd9fd01fd31fd09
fcd9fcc1fcc1fcd9
fd09fd01fcf1fce1
fd11fd09fcf9fcf9
fd61fd59fd39fd21
fd49fd49fd49fd59
012501be01f60216
00b500f500e5008d
007c005400440074
01450145012500d5
011d0135014d0145
0115010d010d010d
014d01450135012d
0165015d01650155
01650165015d0165
01650155015d0165
0155015d016d0165
014d01550155015d
00a500dd00fd012d
ffa4fff40024004c
ff7bff73ff6bff73
ff43ff43ff53ff73
ff2bff3bff53ff53
feb3ff0bff13ff0b
0014ffd4ff3bfeab
fcb9fd19ff33003c
fe4afe62fdd2fd09
fda2fdc2fe12fe32
fd71fddafe1afdea
fce9fcd9fcf9fd21
fd82fdaafd71fd31
fca9fc99fcc1fd29
fc58fc60fc91fcb1
fcd1fcb1fc81fc70
fce1fcd9fcc9fcd1
fce1fce9fce1fce1
fd11fd01fce1fcd1
fd21fd11fd11fd19
011d01a601ce01be
0135015501650125
0095008d008d00dd
015d0155013500dd
01350145014d0155
010500fd010d0115
014d013d012d0115
015d01650165015d
0165015d01550165
0155015501650175
014d015d015d015d
011d013d01450145
ffdc005400b500ed
ffb4ff94ff43ff7b
0034002c000cffcc
ffbcffe40004001c
ffd4ffbcffb4ffac
ff9cffe4fff4ffe4
000cffecffc4ff84
fcd9fcb9fdcaffcc
fe62fe83fdfafd39
fde2fe02fe42fe4a
fe12fe72fe93fe42
fd69fd71fdaafdd2
fdf2fe0afddafd92
fd01fcf9fd29fd9a
fc81fc91fcb9fcf1
fcf1fce1fcb1fc89
fcc1fcb1fcb1fcc9
fcc1fcd9fcd1fcc9
fd09fce1fcb9fca9
fd69fd29fd19fd19
0175013d01150105
018e01b601c601b6
00b500cd00e50135
01750165014500f5
0145014d015d0175
0105010d01150125
013d0135011500fd
015d015d01550145
015d016501650165
015d015d015d0165
014501550155015d
00dd010d0125013d
00640064007c00ad
0064002c002c005c
010500c500ad0085
006c00ad00cd0105
005c004c00340034
002c0074009d007c
ffecffecfff4ffec
fcf1fcb9fcd9fe8b
fe8bfebbfe32fd59
fe1afe3afe72fe72
fe6afe9bfea3fe52
fdc2fdeafe1afe42
fe2afe22fdeafdb2
fd92fd9afda2fdea
fd01fd01fd11fd51
fd92fda2fd51fd11
fcb1fc99fc99fcf9
fcc1fce1fcd9fcc1
fd29fd01fce1fcc9
fe9bfdfafd9afd51
021601ee019e014d
01b601f6020e0216
00dd00ed012d0186
01860175015500fd
014d015d01750186
01050115011d013d
011d010500ed00f5
015d014d01450135
015d0165015d0155
0165015d015d0155
01350145014d0165
00d500f5011d012d
00bd00bd00b500b5
00b5009d00ad00b5
00dd00c500a500ad
009d00bd00dd00fd
009d0085006c0074
002c0054008d009d
ff43ffec0014002c
fcf1fcc1fca1fd39
febbff03fe6afd61
fe2afe4afe8bfe93
fe83fe9bfe83fe42
fdb2fdf2fe32fe62
fe22fe0afdbafd92
fe1afe1afdfafe0a
fe02fddafdc2fdda
fefbff33fecbfe52
fcb1fca9fce1fdea
fcd9fd09fcf9fcc9
fdf2fd61fd19fcf1
00c50054ffbcfedb
026e0276025e023e
01e60216023e025e
010d0115017501c6
018e017d015500fd
015d017501860186
0115012d01350145
00e500dd00ed00f5
01550145012d0105
015d0165015d0155
015d014d01550155
0125013501450155
00dd00f5010d011d
00cd00d500f500dd
00a500a5009d00ad
008d007c00950095
005c008500a500a5
005c00440044005c
0024ffdc0004003c
fdfaffb4002c0064
fcf9fcd1fcd1fce9
fee3ff2bfe93fd61
fe22fe32fe83feab
fec3fecbfe93fe52
fd69fdaafe0afe72
fe22fdf2fd92fd61
fedbfea3fe4afe2a
ff8cff43ff0bfeeb
008d00c50064ffec
fcc9fce9fdc2ff63
fd9afd79fd39fce9
004cff4bfe7afdfa
027e025601f60145
029702a702a702a7
0226024e0266027e
013d014d01b601fe
018e0186015d0115
016d017d01960196
0125012d013d0145
00c500dd00f50105
013d011d00e500bd
01650155014d0145
01550155015d015d
012501350145014d
00f500fd010d0115
00f501050115010d
008500a500bd00d5
0054006400640074
fff40014002c0044
ffd4ffd4ffd4ffec
005c0004ffb4ffb4
fd79ff2b001c0064
fcf1fcf9fd19fd31
fee3ff43feb3fd59
fdf2fdeafe72feb3
fee3fef3feb3fe5a
fd11fd49fdbafe5a
fe2afde2fd71fd29
ffd4ff53feb3fe52
00d5009500540014
019601ae015d010d
fd09fd71ff1b00bd
0054ffbcfef3fdd2
024e01d6014d00d5
0317030f02f702af
02bf02c702cf02d7
025e0276029702a7
0165018601f6022e
0196018e015d013d
016d017d019601a6
012d012d013d0155
00cd00ed010d0115
00fd00bd0095009d
014d013501350115
014501550155014d
012d013501450135
011d011d01250125
011d012d01350125
009500c500dd00fd
ffe40014003c0074
ff84ff84ff8cffac
ffb4ff9cff84ff73
0095007c002cffcc
fdc2ff6b00dd0064
fce1fd19fd61fd92
ff13ff73feebfd71
fd9afdbafe93fefb
fe93feb3fe6afe02
fcd9fcf9fd61fe02
fe22fdd2fd59fd01
0095ffe4ff1bfe7a
01750155012500e5
01fe01de01a6018e
fe42fe93006c0196
02b7024e019e001c
032f031702f702d7
034703470347033f
02ef02f702ff0307
027e029f02bf02d7
019601d6022e0256
01a6018e0155016d
0175018e019e019e
0135012d0145015d
00dd00f5010d0125
008d007c00a500c5
012d012500f500b5
013d013d013d0135
01350135013d0135
013d0135012d013d
0135013d014d0145
00b500dd01050125
00440064007c009d
00440034001c000c
00440034003c0044
009d00c500a5005c
fe83005c024e0105
fd79fdbafe12fe52
000c003cffa4fe0a
fd59fde2ff4b0004
fe2afe42fe02fdaa
fd49fd39fd61fdc2
fe83fe2afdcafd82
0115007cffacfefb
01ae019e0186015d
021e01ce01ae01ae
0034001c016d0216
037f035f02ff01ee
0377037f036f036f
037f037703770377
030f031703270337
028f02bf02df02f7
01ae0216024e0276
019e017d0165018e
018e01a601ae01ae
01350145014d016d
00e500f50105011d
005c00a500cd00dd
00f500b5006c004c
013d0135011d010d
0145013d01350135
0145014d013d014d
014d014d0155014d
00dd00fd01350155
00ad00bd00bd00c5
00b500ad00a5009d
009d0095009d00ad
00cd00ed010500cd
ffbc017502ff027e
ff23ff43ff84ff94
01ce01ae00cdff6b
fdf2fec30095019e
fe7afe7afe4afe12
fea3fe72fe5afe5a
ffc4ff73ff23feeb
0186012d00a50024
01c601ce01be01ae
022e01de01c601c6
01ce017d021e025e
0377036f036702cf
03b003b003980390
03900388038803a0
031f032f03370347
02af02cf02ef0307
01d60246026e028f
019e0175017d01ae
018e019e01ae01a6
0155015d01650175
00f500fd010d0125
009500cd00dd00e5
005c00240014004c
012d010d00f500ad
01450145013d012d
01450145014d0155
015d015501550145
011d01350155015d
00ed00f500fd010d
00d500d500d500e5
00fd00e500dd00bd
01a600bd011d0125
019602b7036f0390
00a500e501150105
02f702af01b600ad
ff9c002c01a602b7
000c000cfff4ffcc
005c003400140004
011d00e500ad007c
01ce01b6017d014d
01d601d601de01d6
023e01f601d601d6
02b70266028f027e
03880377036f032f
03b803c803b803a0
0388036f036f0398
032f033f034f0390
02cf02e702f70317
01fe0256027602af
01a6017d018e01b6
0186019601a601a6
014d015d0165016d
00fd010501250135
00c500d500e500ed
ffe4ffec0044009d
00f500ad00540004
0145013d012d0115
013d0145014d014d
016d015d014d013d
015d016d0175016d
011501250145015d
00ed00ed00f5010d
013d012d010d00e5
031700fd0115013d
0287032f039803c8
01250145015d019e
037f0347026e0155
00d5015d027e034f
0165014d012500f5
018e0175016d0165
01ce01be01a60196
01ee01de01d601d6
0216020601fe01ee
027e023e021e0216
0337030702e702b7
03a00388037f036f
03a003b803b803b0
036f03570357037f
033f0357038803c8
02e702f70307031f
0226025e027e02b7
01a6018e01a601ce
017d019e01b601b6
0155015d015d016d
0105011d012d013d
00cd00d500e500f5
ffd4003c00a500c5
004cffe4ffbcffbc
01350125010500c5
013d0135013d0135
016d015d01550145
018601860186017d
0125013d0165017d
010d011501150125
0155013d012d0105
03a8023e00f50135
023e02d7030f037f
014d011d01250175
03a8037702c701c6
01a6024603070388
019601750165017d
020e01f601d601be
020e02160216021e
0236021e020e020e
026e025e024e023e
02e702af028f0276
03770357033f0317
0398039803900390
0377039803a803a0
0337032f032f034f
034f038803a803b0
02ef030703170327
02460266028f02c7
01a6019601ae01f6
019601ae01b601a6
014d0155015d016d
01150115011d012d
00cd00d500e500fd
004c00a500b500bd
ff9cff8cff94ffcc
010d00d50064ffe4
0135013d0135011d
0165014d0145012d
017d017d01750175
011d013d016d017d
010d011501150115
0145014d01250115
03b0035f01a600e5
01e601fe02460377
014d011d013d019e
0388034f02af01c6
024e02c7032f037f
0145013d017501de
022601fe01be0175
025e025602460236
02a7028f026e025e
0297029702a702af
0347031702ef02bf
0377036f036f036f
0367036f037f0388
0337035f03670367
030f030f0307030f
037f03c003b003a8
02ef030f031f0337
0256027e029f02c7
019e019e01be0216
019e01ae01a6019e
0145014d015d0175
010d011501150125
00dd00ed00ed00f5
00a500ad00ad00bd
ff7bff8cffd40054
0074ffe4ff94ff7b
013d012d010d00dd
014d013501350135
0155015d0155014d
01050125013d0145
00ed00fd00ed00f5
00dd0115010500e5
03a80390031f011d
01ee0196029f03c8
0105011d017d01ee
02a7026601ce0145
02660287029f02af
0165018e01de022e
025e021e01c6017d
02cf02b7028f026e
02d702e702e702df
02c70297028f02af
037f036f034f0317
0337033f035f0388
02e702ff0317032f
02bf02df02e702df
02cf02c702b702af
03c803d003c003b0
02f70307031f0367
0266028702b702d7
019601a601d6022e
0186019e019e0196
012d0145015d0175
0105011d011d011d
00dd00e500ed00f5
00a500bd00c500cd
ff94fff4006c00a5
ff9cff73ff6bff7b
011500e500850004
013d013d01350125
01150125011d0125
00dd00f501050105
00b500ad00b500cd
00f5009500ad00b5
0388036f039002cf
015d0125031703d0
00bd00ed016d01be
0155013d00f500c5
018e019e017d015d
01fe020601e601b6
02cf028f02460216
02f702ff02f702df
023e027602b702e7
033702e70287023e
039003a00398037f
02cf02ef032f0377
01f60216024e0297
01ee01ee01e601de
0206020601fe01f6
03c003b803b003b0
02f70307034f03b0
027e0287029f02e7
019601a601f6023e
017d018601960196
013d0155015d0175
00fd010501050115
00dd00ed00f500f5
00b500bd00cd00cd
0004008500ad00b5
ff84ff84ff84ffa4
0085000cffbcff94
012d012d011d00dd
00ed01050105011d
009500a500cd00dd
008d0085008d008d
02f70115004c0074
037f035f039803c8
00ad012d036f03d0
00dd0135019e0186
00740085009500ad
0044006c00850074
02a7025e019e00ad
031702ff02e702c7
024e029702cf02ff
01a60145017d01ee
03a0036702ff0256
035f039803a803a8
023e027602c7031f
00f5012d017d01ee
010500fd00e500d5
00b500c500ed00fd
03a0039803a803b8
02ef032703a003b0
0276024e023602df
019601b60206024e
0186018601860186
01350145015d016d
00ed00f501050125
00d500ed00f500f5
00b500bd00bd00c5
008500a500b500b5
ff7bff8cffac001c
ffb4ff9cff8cff7b
00fd00cd00740004
00d500ed00ed0105
005c006c008d00ad
00bd008d007c006c
03c0031f01e6010d
037f039003b003c8
005401c603a803d0
016d01de0206015d
0034007400c50115
ff6bffb4fffc0014
02ff029f017dfffc
027602b702df02ff
00b5012d019e0216
01e6009d001c004c
03a803b0038802ef
02bf030f0347037f
01b601d6021e0276
00ed0105012d017d
00dd00e500dd00dd
fff40034008500bd
0388036f039003b0
02f7036f03a80398
026e026e028702d7
018e01c602160246
0175017d017d0186
0125013501550165
00ed00b500d5010d
00d500dd00dd00e5
00bd00bd00bd00bd
0095009d00ad00b5
ff8cffb4002c0085
ff9cff9cff9cff8c
0095ffecffacffa4
011d012d01860175
01e601b60196014d
02cf02660226020e
03b80390034f02ff
0377037f03a803b0
004c027e03d003c8
01d601fe01a6009d
00ad0115016501ae
ff6bffacfffc0054
0246021e012dffe4
00c5012d018601ee
ffacffc4ffec0044
02b701750044ffcc
0347039003a80357
02060246028f02ef
0186018601a601de
015d0165016d017d
0135014d014d0155
006c00ad00e50115
033f0357037f03a0
0357038803770347
025e028f02af02df
019601d60216023e
0155015d01650175
01250125013d014d
00f500ed00f5010d
00bd00cd00d500e5
00b500b500ad00ad
0095009d00ad00ad
ffbc002c007c008d
ff9cff9cffa4ff94
00fdffd4ff94ff9c
01be01c602760266
0388034702f70266
034f038803a803a8
03b003a8035f031f
035f036f03a003b0
0155031f03d003b8
016d011d0074000c
017d01a601ae0196
00a500dd010d0145
0155017d012500ad
ffe4fff4004400cd
00240014fffcffe4
02f7024e01450074
027602d7031f0327
01b601be01d60216
019e019601a601ae
0186018e0196019e
015d0165016d017d
00ed0105011d0145
030f0347039803b0
0390035f032f02ff
025e027e02af033f
019e01de0216023e
0145014d014d016d
011d011d012d013d
00ed00ed00f50105
00bd00d500cd00d5
00ad00ad00ad00b5
008d009d009d00a5
00340074007c0085
ff9cffa4ffacffcc
01ae0014ff9cffa4
019e01ae026e027e
0367032f02df0256
0327036f03900388
03b803b8036f0317
03570367039003b0
0297037703c003a0
004cffc4ff8c00dd
0135011d00e5009d
017d016d015d0145
019e01ce01be0196
009500a500e50145
0064004c00540074
0266022e018600d5
01ae01e602160246
018e018e0186018e
018e018e01960196
016d01750186018e
012d01450155015d
00ed00f50105011d
030f036703a003a8
0357032702ef02cf
0266028703170367
019e01d60216023e
012d013d0145016d
0105011d011d0125
00cd00dd00e500f5
00ad00b500b500bd
00ad00b500bd00bd
007c008500850095
0064006c006c0064
ff9cff9cffd4002c
01fe006cffc4ffb4
018e019602560287
034f030f02c70236
0317035f037f036f
03c803b803770317
035f035f037f03b0
031f039803b80398
ff53ff0bffe401d6
001cffecffccffa4
00dd0095005c0034
022e020e01be014d
0165019601c60206
009d008d00ad0105
017d018e015d00f5
016501750175017d
0175016d0165015d
017501860186017d
014501550165016d
00fd011501250135
00ad00c500d500e5
03370377038803a0
030f02ef02cf02ef
026e02e70347032f
019e01c601ee022e
01250135013d016d
00fd010d010d010d
00bd00d500d500dd
009500a500a500ad
00ad00ad00ad00a5
005c007400850095
004c003c00440044
ff9cffbc0004003c
022600c5fff4ffc4
0186018e024e027e
0347030702c70236
02ff0357036f0367
03c003b00388031f
036f035f036f03a0
02ff039803b803a0
febbfecb005c020e
ff4bff3bff2bff13
ffc4ff8cff73ff63
01d6016500cd002c
01c601e60206020e
0125013d01650196
0155014d0155012d
0165016501650165
01650165015d015d
016501750175016d
011d013501450155
00cd00dd00fd0105
0064007c008d00ad
03570377038803a8
02df02bf02d7030f
02c7033f032702ff
019601c601ee021e
011d01250135016d
00dd00ed00fd0105
008d00b500cd00cd
009500a500ad00a5
0095009d009d0095
006c007c008d008d
003c003c0044005c
ffbcfffc001c002c
023e00ddffd4ffcc
018e0186023e0287
033f02ff02c7022e
02ff033f035f035f
03b003a803980337
0357034f03670398
02af038803b80398
fe62ff1300cd0206
feebfedbfebbfe8b
ff63ff4bff3bff0b
00fd005cffecff9c
01ee021602060196
017501b601e601de
0165014d01550155
015d01650165016d
0155015d015d0155
013d014d0155014d
00ed010d011d012d
008d00a500c500cd
0014002c003c005c
035f0377039003a8
02af02a702d70337
031f031702ef02c7
019e01be01f60297
010d01150135016d
00cd00d500ed00f5
004c009500b500b5
007c008d009d008d
0085007c007c007c
006400640064007c
001c002c0044005c
ffccffec0004000c
023600c5ff43ffb4
0175016d02360287
032f02f702bf021e
02f70317034f0357
03a003a00390034f
0337031f03570390
0297037703b80390
feabffc4012501fe
ff23fedbfe7afe4a
fff4ffd4ffb4ff73
0044000cfffc0004
021e021e01ae00dd
01a601e6020601f6
017501550155017d
014d0155014d0165
013d014d014d014d
0115011d0125012d
00b500d500ed0105
003c005c007c0095
ffc4ffd4ffec000c
0357037f03a003a0
028f02b70307033f
02f702ef02b70297
019601d60276030f
00f50105012d0165
00b500cd00d500e5
008d009d00a500a5
006c007400850095
006c007400740074
00440044004c005c
ffe4fffc0024003c
ffb4ffc4ffd4ffdc
0236010dfee3ff43
0165014d0226026e
031f02e702af0206
02f702f7033f0347
039803a003900357
035f034703470377
0276035f03b00390
ff7b004c012501ce
0034ffccff53ff1b
00cd00c500b50085
0064007400a500c5
022e01d601250085
01d601fe020e021e
01750165016d01a6
012d013501450155
0115012d01350125
00d500e500f50105
0064008d00ad00bd
ffec000c0034004c
ff6bff7bff9cffc4
034f037703a003a8
02a702df030f0317
02cf02a7027e0276
0196026e02ff02ef
00e500f5011d0155
00ad00c500cd00dd
007c0095009d00a5
0074006c00740085
00640064006c006c
002c0024003c005c
ffc4ffe40004001c
ff8cffbcffc4ffb4
02360155ff1bfe93
0165013d021e0276
030f02df02a70216
030702d703170327
038803900388035f
036f035f033f035f
023e034f03b80398
00c500ed01350196
014d012d00f500cd
0155015d01650165
00ed010d012d0155
01f6015d00dd00cd
01d601de01fe0226
014d0155016501a6
010d0115012d013d
00dd00fd0115010d
0085009d00bd00cd
000c0034005c006c
ff8cffb4ffdcfffc
ff03ff13ff33ff5b
036f0398039803a0
02b702e7030f0337
027e025e025e0276
028702e702cf02af
00d500f501150186
00ad00bd00cd00cd
007400850095009d
00640064006c0074
005c005c0054005c
000c001c00340054
ffacffdcfff4fffc
ff4bff9cffa4ff94
023e01960034fea3
0155012d02060266
02ff02d702a7021e
031702bf02e70317
036f0388037f035f
034f034f0337034f
021e032703b00398
01ae018e018e01a6
01be01ce01d601ce
01a601a601b601be
016d017d01860196
0186010d010d014d
01b601c601f601ee
011d01350155018e
00dd00e500fd010d
009500b500d500dd
002c00440064007c
ffacffccfff40014
ff1bff43ff73ff94
fea3feabfecbfeeb
0398039003880377
02c702f7032f035f
0246023e024e029f
02b7027e026e025e
00d500f501960287
00a500a500ad00c5
0064006c00850095
004c00540064006c
0034003c00440044
fffc000c001c002c
ff84ffbcffd4ffe4
ff53ff6bff8cff84
023e01c6013d0074
0145011d01fe026e
02df02d702a70216
032f02c702b702ef
035f037703770367
031703270337034f
022e032703980388
01fe01ee01e601de
01e601f601fe01fe
01ce01c601d601de
01b601b601be01ce
011d010d014d019e
019e01c601ce0186
00fd012d01550186
0095009d00bd00dd
0044006400850095
ffd4ffe4fffc001c
ff43ff63ff84ffa4
feabfedbff03ff23
fe42fe42fe5afe7a
037f036f03770377
02df0317034f0390
021e0236026e029f
02660256023e022e
00ed01c602af029f
009500a500a500b5
0054005c00740085
0034003c004c005c
001400140024002c
ffdcffe4ffecfffc
ff7bff9cffb4ffc4
ffacfef3ff53ff6b
024601ee016d011d
0155010501f60266
02df02cf02af0226
032f02d7029f02c7
035f0367035f0357
033f032f033f034f
023e032703900377
0206020e020e0206
01f60206020e0206
01ce01c601d601e6
01b601be01ce01ce
00d5010d017d01b6
018e01a601750105
00e5011d01550175
00440054007c00ad
ffe4000c00240034
ff73ff84ff9cffbc
fedbff03ff23ff4b
fe42fe6afea3fec3
fdeafdeafdfafe1a
03670377034f036f
02ff033703770388
022e0256029702b7
0236022602160216
021e02bf0287024e
0085009d00b50115
003c0054006c0074
001c0024002c003c
ffdcfff40004000c
ffacffc4ffc4ffc4
ff63ff7bff8cff9c
ffecfe6afefbff43
0246020e01b6013d
015d00ed01ce024e
02bf02bf02a70236
032702df028f029f
035f0367035f0347
03670347033f0357
023e0307037f037f
01fe0206020e0216
01ee01fe01fe01fe
01b601b601c601de
018e01a601b601b6
009500fd01750196
0186017d011500a5
00bd010501450165
fff40004002c006c
ff84ffacffccffdc
ff23ff33ff43ff63
fe83feabfecbfefb
fdeafe12fe3afe5a
fdbafdbafdb2fdca
03770357035f0388
0307035f0388035f
024e027e02a702e7
021602060206021e
029f02660236021e
007400c5018e0266
002c004400540064
00040014001c0024
ffb4ffccffe4fff4
ff84ff8cff94ffa4
ff33ff43ff53ff6b
0014fe3afe83ff03
0246023e020e017d
017d00cd01960226
02af02bf02b70256
032702e7028f027e
036703670367034f
03880357033f034f
023e02e7035f0367
01ee01fe020e020e
01ce01e601ee01ee
0196019601a601be
015d017d018e0196
006400d501450155
0165013500bd005c
009500e5011d0145
ffacffc4ffe40034
ff2bff5bff73ff8c
febbfed3feebff03
fe22fe4afe72fe9b
fd9afdbafddafdfa
fd9afd82fd79fd82
035f038803c00388
03470377034f0377
0256027602af02f7
01fe01fe02060236
0236021e020e01fe
01150206027e0266
002c003400440074
ffec000400140024
ff8cffa4ffccffe4
ff53ff63ff6bff7b
ff03ff0bff1bff3b
0054fe83fe2afebb
02560256023601ae
01ee011d01b6023e
02bf02e702f702bf
032f02f7029f0287
0357035f03670357
03770367032f0347
024e02ef03370357
01ee01fe02060206
01ae01c601ce01de
016d017501860196
0115013d014d015d
003400ad00fd0105
011d00e50064001c
006400ad00d500fd
ff5bff7bffac0004
fecbfef3ff1bff33
fe4afe62fe72fea3
fdd2fdf2fe12fe32
fd51fd61fd82fda2
fd82fd61fd49fd39
035703a803c0037f
0367034f035f0327
0256028702d7032f
01e601ee01fe023e
01fe01ee01ee01ee
024e025e021e020e
0014002c006c0186
ffccffecfffc001c
ff73ff84ffa4ffbc
ff23ff33ff53ff5b
fed3fee3fef3ff13
00cdff0bfe0afe83
02660256022e01be
024601be02260276
02a702e702ff02df
034f031f02c70287
034f0367036f0367
0398036f032f0337
024e02f7030f035f
01ee01fe020601f6
018e019e01b601d6
013d014d01650175
00d500fd010d011d
000c006c00a500b5
00e500950014ffe4
001c0054009500c5
fefbff2bff6bffcc
fe6afe93febbfedb
fdeafdfafe1afe3a
fd8afdaafdbafdda
fd19fd29fd39fd61
fd79fd41fd29fd11
fd71fd71fd69fd61
febbfdeafdb2fd8a
fe8bfe6aff03ff94
0155009dffa4fef3
00f500a500f50145
009d00cd00bd008d
00b5002400ed0155
0044003c002c0064
00dd007400850054
007c0064fee3ff63
007400d5012500e5
0034fffc00c500ad
ff94ffc4ffa4ffb4
ff2bfe62fe42fef3
012d013d008d0024
fef3ffb400cd00ad
00c5ffd4ff53feab
004c000c00ad017d
fd49fd39fd8aff23
fd82fd61fd71fd59
031702bf01b6ff8c
03470347033f0337
033f033f0347034f
0347035f036f0357
02d702ff0317032f
00dd01ae02360297
fecbfefbff23ffd4
fd61fd71fdc2fe42
fd61fd59fd51fd61
fd92fdcafdcafd8a
fd69fd69fd69fd71
fda2fd82fd61fd51
fd71fd69fd69fd59
ff9cfe7afdc2fda2
ff5bff43ff03ff84
0165018600edffdc
00fd00f500f5013d
016500f5013500ed
009d00bd00a5018e
0064000cffac0034
00d500e5007c0044
00f500fdffe4ffc4
010d010d01250105
00b500b500c500d5
fff4007c001c002c
ffacfeabfec3ffcc
0155010d00e500b5
ff3300c500fd0115
0004ff7bff13feb3
003c00ad017d0125
fd51fe2aff9c0064
fd9afd59fd61fd59
031702cf01ceffb4
033f033f0337032f
03470347034f034f
033703470347033f
02d702ff0317032f
00f501b60236028f
fecbfefbff2bffe4
fd41fd61fdcafe4a
fd29fd31fd29fd39
fd41fd51fd49fd39
fd21fd29fd29fd39
fe9bfe3afdb2fd41
fd82fd69fd69fd59
0004fff4fe72fd92
ffe4ffe4ffc4ff5b
01750145016500bd
016d014d0135015d
01a60186010d0155
0074010d00dd0135
0054009dffdcffbc
00b5016d0105004c
017d014d00dd003c
0165013d0165017d
010d011d015d00f5
005c00e500fd00bd
002cff8cff1b0024
00fd016500fd0115
fffc00f5013501ae
003cffccffbcff53
00850186017d00a5
fe620024005c002c
fd9afd61fd8afd79
031f02d701e6ffcc
034f034f0347033f
032703370347034f
030f030f030f031f
02d7030f031f0317
010d01be022e0287
fecbfef3ff23ffec
fd51fd82fdf2fe62
fd39fd31fd31fd31
fd51fd61fd61fd51
fd31fd31fd41fd49
ffbcff3bfe6afd9a
fda2fd79fd61fd51
000c00b50085fecb
00850014fffcffc4
015500ed00ed0105
01ee01be0145015d
0165015d0175014d
000400f5014d016d
001c009d007cff9c
007c0165014500b5
018601ae015d00d5
017501a60175017d
0105016d01b6016d
00f5012d01ae010d
008dfffcff94006c
015501de01a60186
008500fd019601c6
00a50044001c002c
011501c6012d00a5
008500bd00a50095
fdb2fd71fd8afe72
032702df01f6ffe4
0357035703570347
026e028702cf0327
02660266026e0276
02cf030702e7028f
010d01be021e0276
fed3fee3ff23fff4
fda2fdd2fe2afe8b
fdd2fd8afd79fd82
fe22fe5afe62fe2a
fd9afd9afdaafdda
0074ffdcfedbfe02
ff03fda2fd71fd59
004c00c500ed00ed
0074008d0024fffc
013d00ed007c003c
01ee0216017d0175
01750165013d0196
0054003c018601a6
007c00dd013d007c
00dd011d015d00ed
0196019601de017d
00c501ee01c601ee
012d017501be016d
0145018601ae0186
00ed004cff9c0095
019e01fe019e01b6
00bd0105017501a6
008500640064005c
018601a601250054
015d013d00c5008d
fddafd82ff0b010d
032f02e70206000c
034f035f0357034f
00c500ed01e602d7
00ed00fd010d00f5
02bf02bf023e014d
011501c6021e026e
fec3fedbff1b0004
fdd2fe02fe4afe8b
feabfe12fdcafdc2
ff2bff9cffacff5b
fe02fe02fe32fe9b
00adfffcfefbfe32
00f5ff1bfdaafd59
0095010500fd013d
ffcc007c009d003c
0165012500cd0024
01a6020601de0186
01d601860165014d
00e5004c013d01c6
0135016d0186013d
01a600ed018e013d
01ee01a601e60226
015d01ae022e0236
015d018601be01be
0186019601b60186
010d0074002c00e5
014d01a60155018e
00d5010d017d010d
00bd00c5009500a5
01a6017d0125007c
014d00bd005c00cd
fe1aff43012d01a6
032702df020e0024
032f034f034f0347
febbfeeb00a5026e
ff03ff23ff43ff1b
02af027e0186ffbc
012501d6021e026e
fea3fedbff1b0014
fdcafde2fe12fe5a
fefbfe32fdcafdba
ff840014002cffc4
fe2afe32fe6afeeb
008dffacfeabfe32
014d00e5fedbfd9a
00a500f501250115
ffe4ff7b007c00a5
0165012d011500ed
014501ae020e01be
01c601fe016d0125
017500dd00bd0196
016501ae01d601de
0256019601be0186
020601ce01d60236
01b6015502460266
01a601a601be01ee
01c601ce01fe017d
018e00dd00a500dd
0175013d018e020e
00f5012d01a60125
0125010500dd00d5
018e018600bd0064
011d008dffdc0054
fff4017d01ee01be
031f02d7020e0064
0307033f0347033f
fe1afe520014021e
fe3afe42fe6afe52
02b70287015dff33
012d01de021e026e
fe83fecbff2b0024
fd82fda2fdd2fe2a
fe8bfdd2fd82fd71
ff13ffa4ffc4ff5b
fdf2fdfafe1afe7a
0064ff63fe3afde2
014d015d006cfe9b
010500fd00f5013d
00b5ff53ff4b007c
0135012d012d014d
00fd011d018e019e
01a601e601d60145
01f6015500fd015d
018601ae01e601f6
023e026601c601c6
01f601be019e022e
022e017501b60276
01ce01c601d601fe
01d6020e021e018e
01c6011d010500dd
017d011501b6022e
011d016d01b601a6
01050145013d0135
01b6016500850074
01150095fffc00c5
01be0216022e0196
030f02cf021e0175
0307033f033f032f
fdf2fe02ffdc0206
fdfafe2afe7afe6a
02cf02af017dff23
013501d6020e0266
fe6afec3ff330034
fd59fd79fdb2fe0a
fdc2fd51fd39fd39
fe0afe7afe9bfe52
fd8afd92fda2fdba
0054ff4bfdfafd79
016d013d011dffec
008501450115012d
014500c5ff7bff5b
0155012d00d50105
019e012d01350155
01de01b6020e0186
023601fe01a60175
01ce01c602060216
019e025e023e01ee
021e020e016d018e
021601c6015d01e6
01c601c6017d01ce
01a602260226021e
019e010d010d013d
0155012d01b60206
012d012d01be01ce
0095010d0175012d
01c6015500a50085
012d004400b50125
0206025e01de0125
030702cf023e01f6
03170347033f0327
fe0afe0200140226
fde2fe52febbfea3
02af029f017dff3b
014501d60206024e
fe6afebbff3b004c
fd51fd79fdaafdfa
fd69fd39fd21fd39
fd71fdb2fddafdb2
fd49fd59fd61fd61
004cff4bfe02fd51
0135013d015d012d
fffc0125012d0145
011d013d0105002c
012500dd00c5009d
0155015500b500f5
018e018601ae01d6
0216022e01b60165
020601de020601be
013d014d023e01ee
021e022601960165
01ce021e019e016d
01d60186016d019e
01be0216023e0216
0186011d014d01ae
0155013d018e01ee
0186019601fe01ce
00dd016d01b6017d
01d60135010500f5
008500a5014d01a6
021e022e01650165
02ff0287021601ee
0327034f033f032f
febbfe8b00640246
fe22fecbff6bff6b
025e023e0125ff43
014d01ce01f6021e
fe6afebbff4b005c
fd61fd92fdbafe0a
fd8afd51fd31fd41
fd8afdbafde2fdd2
fd41fd61fd69fd71
004cff63fe22fd51
0165013d013d015d
00b500fd01450155
00d50105018e014d
008500a500950085
01ae015d011500c5
019e01c600f501e6
019e023e021601a6
01ce01be01c6015d
012500b5014d01c6
01ae01fe019e0145
01c601de01be014d
01f601860186019e
01de01ce022e01e6
01be011d011501a6
015d01c601ce01e6
01d60175020601c6
017d01be01de01ee
021e01ce01450145
00a50165018601d6
01c601d6012d0125
02df024e020601f6
032f0357034f0337
0014ffac00ed0276
fed3ffc400a500bd
01e601b600cdff5b
015501c601d601de
fe62feb3ff53006c
fd71fd9afdcafe12
fdc2fd69fd41fd49
fdbafe0afe4afe2a
fd59fd79fd8afd92
003cff7bfe5afd79
01550125010500f5
0175014d013d011d
009500ed014d0175
009500640074008d
018e013d010d00ad
01be01f600bd011d
013501de022e01c6
018601b601a60175
015500bd00a5013d
015501a601a6014d
01ae016501960186
019e019e013d0186
0196019e019e019e
019600c50105018e
019e01d601e601ee
01f601a601de01de
01ce01c601ee0236
024601e601b60175
016d0196022e0246
019601a6019600ed
0256020e01f601be
030f033f034f02ff
014d00c501750276
ffdc00ed01b601ce
018e013d0095ffc4
015501be01c601b6
fe5afea3ff530074
fd71fda2fdcafe0a
fdfafd71fd49fd49
fde2fe4afea3fe7a
fd69fd8afd9afdaa
0024ff7bfe72fd92
0125010d00cd00b5
018e0175012d00dd
007400dd012d018e
008d003c00440064
0115011500ed00bd
018e01de00dd001c
008d0186022e01e6
0165016d014d012d
01750115006c00ad
013d015d01650165
0206017d017501a6
0125017d00f50186
01be01d601860175
016d00dd013501ae
015501750196018e
022601ae0196016d
01e601d601e60236
02360226021e01fe
020601e602460256
01ae01f601c60135
021e0216020e0165
029f02d702d7023e
01b601550196022e
00a5016501ee01fe
0175011d00b5006c
014501ae01ae01a6
fe4afe8bff3b005c
fd71fda2fdd2fe02
fe12fd82fd49fd49
fdf2fe7afed3feab
fd79fd8afda2fdb2
ffecff63fe72fda2
00e5010500c50085
018e017d011d00cd
0024006400c5017d
00040004000c0004
004c00b500ad0074
018e01f60115ffc4
00ad00f5018e01a6
0125013d00fd010d
0165012500f5008d
010d00b5012d011d
01ee01b60125012d
0105012501650165
019e01b60186014d
0145012d0145016d
00e5010d011d00f5
01fe01c60175011d
020e01ce01be01d6
0256025e024e0206
020e0246026e024e
01c6023e01c6016d
01ae01de01ee0165
02060236023601e6
019e0186018e01c6
00fd0155019e01a6
0145010500d500d5
011d01860186016d
fe42fe6aff130034
fd8afdbafde2fe12
fe5afdb2fd69fd69
fe3afecbff2bff03
fd82fd9afdb2fde2
ff9cff1bfe4afd9a
00ad00ed008d003c
016d016500e500c5
ffacffec00240105
ffdcffb4ffecffcc
ffbcffdc004c0044
017501e60155ff7b
00ddfffc003c0155
00bd0074006c00cd
011d014500dd009d
011d00c500c500c5
019601e6017d00e5
01350145015d00fd
0175013d0196018e
00e50165017d016d
008d009d011d00a5
01d601c6019e0135
021601ee01ee01e6
024e026e024e020e
021602460297025e
01b6026601ee0206
01250206019e017d
018601ae01de019e
0135014501450165
00ed00fd0115011d
00ed00c500bd00dd
0085010d011d0105
fe2afe3afeb3ffac
fda2fdcafdeafe0a
feabfdf2fd9afd8a
feabff43ff9cff5b
fd92fdbafde2fe2a
ff73fee3fe22fda2
003400c500950044
015d013500ed009d
ff5bff7bff940085
ffb4ffa4ffbcff73
ffc4ff6bffd4001c
0115016d0186fffc
009dffecff2bfffc
008d003c00040054
00a50115008d0095
00e500a5008d00b5
0115020601ae011d
015d010d011d00e5
018600dd00f50196
007c00ed019e0186
00a5000400ad006c
017501be0196013d
023e022e0196019e
023e0256023e01ee
024e0226027e0236
01e6028f019e0226
019e022e01de0196
015d01ae01ae00fd
008d009500bd00fd
00b500a5008d0085
00540064008d00b5
ff5b001c00640064
fdfafdf2fe12fe9b
fd8afdb2fddafdf2
fe9bfdf2fd92fd79
feabff3bff84ff4b
fd92fdb2fde2fe2a
ff5bfebbfdfafd92
fffc006c0054000c
00f500cd00c5008d
ff2bff23ff43ffd4
ff7bff3bff33ff33
ffd4ff94ff13ff9c
002c00fd0115001c
001cffc4ff4bff5b
006c00950024ffcc
003c006400d50024
008500bd00cd006c
00ed018601550135
0145013d011d00dd
0165010d006c00d5
ffcc004c014d018e
00ddffc40064006c
017d016d019e011d
021e0246018e019e
02660226022e01f6
02460236020e021e
024602b701be0206
01f6020e020601d6
013501ce01b600f5
001c001c005c00bd
00cd00b500850054
ffa4fffc007c00cd
fe2aff23ffacffac
fdc2fdb2fd79fd79
fd61fd8afdb2fdc2
fe1afd9afd69fd59
fe3afeb3feebfeab
fd71fd8afdaafdda
ff5bfeabfdd2fd61
ffccffdcffb4ffa4
004c006c00740044
fef3fef3ff1bff84
ff4bfef3fef3ff1b
001c005cfec3fef3
ff5b004c009d0064
ffc4ff8cffa4ff2b
001400dd0034ffe4
001cff940064ffe4
0095005400c5004c
004400d501150105
00c500c500a50034
00fd00fd006c0014
ffd4ffa400b5010d
00bdffdc00640074
01ae013501450125
02060226012d014d
026e01e6021e0206
0246025e020e025e
025602970206023e
02160236021e01f6
016d01ee016d01a6
00a50044005400bd
0165016d014d010d
ff43ffcc009d012d
fdf2ff13ffacff73
fd8afd82fd39fd41
fd31fd51fd71fd79
fd69fd29fd19fd21
fd82fdbafde2fdc2
fd29fd39fd49fd59
ff63feb3fdd2fd41
ffe4ffbcff8cff3b
ffac0004fff4002c
fef3ff03fed3ff63
ff2bff1bfec3fedb
ffbc00c5fef3fe52
ff0bff9cfffc001c
ff63ff4bff6bff4b
ffac009d001c0014
ffc4ff7bff9cffa4
0054ffe4007c004c
ff94003c00d500c5
000c002c0054ffdc
00ad00c500adffdc
ffe4fefbff130024
00c5004400540085
0186013500ed00f5
01de01d6010d010d
022601c601de01be
0206023e022e027e
020e0276022e024e
021e020e023e01d6
01ae01f6018e021e
01b60105009d010d
021e0256025e022e
ff5b0014011501be
fe72ff84ffccff8c
fd59fd51fd39fd92
fd21fd41fd49fd51
fd21fcf9fcf1fd09
fd21fd39fd59fd51
fd11fd09fd11fd19
ff7bfef3fe32fd79
ff73ff3bff13fefb
ff2bffccff9cffac
febbfe9bfe8bff1b
fe83ff1bfe7afe8b
ff9c004cff43fe42
fed3fedbff4bffbc
ff53ff13ff73ff53
ffd40054ffe4fff4
ffb4ff53fecbff4b
0064fff4fff40034
ff4bff7b00440044
ffdcffdcffe4ffcc
ffbc002c00850024
fffcffe4ff23fef3
009d00a500340054
0175014500ed0095
01c601a6013d0105
01ee01be018e0196
01de01c601de0216
01a6024601ee0216
01f601a602260196
01ee01d601f60256
02df0236016d017d
02ef032703370327
ffac00cd01de0287
fe7aff4bff7bff5b
fd8afd71fd71fdca
fd69fd8afd9afd92
fd61fd31fd31fd49
fd49fd79fda2fd9a
fd59fd11fd21fd31
ff9cff53feb3fdfa
ff5bfeabfebbfec3
fee3ff2bff33ff23
fe83fe7afe5afeb3
fe12feb3fe42fe12
ff5bffa4ff63fe3a
fedbfe9bff03ff2b
ff73ff1bff9cff43
ffd400040004ffac
ffdcff4bfefbff2b
0004001cff84ffbc
ff3bff03ffacffdc
ffa4ff63ff84ff8c
fe83ff0bff9c001c
005c0054ffecff1b
009500b5ffe4ffd4
00e5014500cd001c
016d016d013d0115
01ae0155013d011d
01e601b601ce01a6
01be020e01b601fe
01d6019e020601ee
01f601fe02060236
03980317023e01e6
037f03a803b803c0
0004016d027e032f
fe12fe62fea3fed3
fe5afe22fdeafde2
fe42fe6afe83fe7a
fe02fde2fdeafe1a
fdd2fe0afe32fe2a
fdf2fd8afd8afdaa
ffbcff94ff23fe8b
fefbfe72fe8bfeb3
fe8bfed3ff13febb
fe3afe62fe52fe83
fde2fe22fe52fdfa
ff23ff43ff63fe4a
fefbfe8bfec3febb
ff2bfefbff84ff6b
ff73ffa4ffdcff6b
ffb4ff84ff1bfee3
ff8cfff4ff03ff13
ff0bfef3fef3ff0b
ffc4ff3bff33ff43
fea3fe5afe6aff3b
000c001cffe4ffac
00740095ff94ff1b
00a50125008d0024
00cd0105010d00c5
013d00bd01150125
01ae019e01be018e
01ee01e601b601ee
01be01b601b601d6
01c601ae020e0206
03c8036702870236
03a003d003e003e8
ffd4014d0287033f
fda2fdaafddafe7a
ff2bfeebfe7afdf2
ff03ff2bff43ff43
feb3feabfebbfee3
fe7afeabfecbfec3
fe8bfe4afe4afe62
ffccffa4ff5bfef3
fec3fe4afe5afe8b
fe72fe72feebfebb
fdfafe32fe42fe9b
fdeafdd2fe2afe0a
fefbff0bff43fe7a
feebfe62fe6afea3
ff13ff4bffb4ff5b
fedbff4bffe4ff73
ff43ffa4ff7bfedb
fefbffa4ff1bfe9b
fecbfe93fe93fecb
ff03ff33ff1bff13
ff4bfe7afe62fe52
ff7bffe4ff63ff73
007400bdffc4fec3
002c00bd003c0024
0074009d006c004c
00d5006400bd00dd
016d012d013d0135
01d601e601be01de
01de0206019e016d
01b601c6022e01fe
0377030f0256024e
035f03a003b803a8
ff13005c01d602d7
fd71fd8afddafe62
ff84ff33fea3fdda
ff53ff63ff7bff94
ff03ff0bff23ff3b
fefbff03ff13ff0b
feebfecbfedbfeeb
ffb4ff84ff53ff1b
fea3fe7afdf2fe52
fe9bfe3afe83fe83
fe0afe12fdeafe3a
fe2afd92fdfafe1a
fedbff0bff13fe93
fec3fe5afe5afe83
fed3ff13ff5bff43
feebff1bffd4ffbc
fedbffbcffacfee3
fe42ff23ff6bfebb
febbfe93fe4afe5a
fe7afeebff23ff13
ff5bfea3fe6afe8b
ff1bff84ff2bfecb
004c00d5ffb4feb3
ffb40024002cffec
0095001cffb4ff9c
0095000c0014006c
014d00d500d5010d
01be020e01750186
01ae0216016d016d
01ee0226022601b6
027e0236023e0206
02bf02f702ff02d7
fe52ff4b010d0236
fd71fda2fe22fe52
ff63ff2bfe8bfdd2
ff2bff23ff43ff63
ff0bff13ff23ff2b
ff1bff13ff0bff0b
feebfef3ff03ff1b
ff73ff2bfefbfef3
fe72fe93fdd2fe1a
febbfe5afe42fe3a
fdf2fdeafdcafe02
fe5afddafdeafdf2
fee3fee3fea3fe83
feb3fea3fe93fe7a
fefbfee3feebfeeb
fefbff13ff84ffac
febbff6bff63feab
fe22fe83ff23ff03
feb3feb3fe93fe32
fe8bfeb3fefbfeeb
fef3ff03fe62fe7a
fefbfee3ff43fe9b
0024010dffccfeeb
ff13ffa4ffd4ffbc
004cffc4ff1bff3b
003cfff4ffd4ffb4
009d0085004c00b5
01ae01c6013d00f5
018601fe0145015d
01fe021601e6014d
01de01fe026e0226
0206021e025e0276
fdf2fecb008d01a6
fd92fdf2fe52fe4a
ff23ff03fe7afdda
fee3fee3ff03ff23
feebfee3feebfeeb
fefbfeebfedbfeeb
febbfed3fee3fef3
fef3fea3fe83fe9b
fe42fe6afdeafde2
fe32fe5afe2afe22
fdc2fdb2fda2fdb2
fe6afe22fe12fdca
fe93fef3feb3fe72
fecbfec3fe93fe7a
ff33fed3feebfeab
feabfee3ff23ff84
fed3ff1bff0bfe7a
fe1afe12fea3ff03
feabfe93feb3fe5a
fe9bfeb3fec3fecb
fec3fef3feabfe8b
fed3fe9bff1bfeeb
ffe40125003cfedb
ff03ff0bff5bff73
ff7bff94febbff03
fff40004ffe4ff6b
0024009d00040054
0125014d010500bd
017d01f601e6010d
021e022e01c6014d
022e0276027e023e
010d01550256026e
fdaafe52ffcc00c5
fddafe32fe4afe12
ff03fee3fe83fdf2
fec3fecbfeebff0b
fecbfec3fed3fed3
febbfeabfea3fec3
fe72fe8bfe9bfeab
fe52fe0afe12fe4a
fe32fe52fe22fdea
fdeafe62fe32fe2a
fda2fd9afd92fd79
fe32fe2afe32fdca
fe6afecbfe83fe52
fec3fec3fe93fe7a
ff63fef3feebfec3
fe93ff03fed3ff23
feabfed3febbfe72
fe02fdd2fdeafe93
fedbfeb3feabfe5a
feb3feabfeb3fee3
fedbfef3feb3fec3
fedbfe8bfea3ff0b
ff7300dd00a5ff23
ff03fed3ff03ff33
fec3ff23fe83fe83
fff4ffe4ffd4ff0b
ffe4002cffe4ffdc
00d5010500850064
00f5019601be00f5
022e022e01de014d
023e029f02760206
ffd4005401d60246
fd9afdeafec3ff73
fe0afe42fe32fdca
fefbfee3fe7afe0a
febbfec3fee3fefb
feb3feb3fec3fecb
fe72fe72fe7afe9b
fe52fe62fe62fe72
fe02fdcafddafe22
fe4afe6afe12fe12
fda2fe32fe42fe1a
fdaafd79fd71fd51
fe1afdfafdfafe02
fe5afe6afe9bfe62
fe83fe83feabfe7a
ff1bfeebfeebfeab
fed3feabfeabfeab
fe42fe62fe83feab
fe0afda2fd82fdea
ff13feebfebbfe83
fed3feb3fe7afec3
ff03ff2bfeb3fe9b
feabfea3fe9bfeb3
ff33000400ddff6b
fec3fea3fea3fecb
fe93fec3fec3fe62
ffa4ffacff84fefb
ff84ff7bffb4ff7b
005c008d004cffe4
003400f501860135
022601de01e60135
01ae028f027e01ee
ff53ffdc009d0125
fd9afdd2fe42fecb
fdfafe1afdf2fdaa
fef3fedbfe7afe12
feb3febbfedbfef3
fea3fea3feb3fec3
fe52fe4afe5afe8b
fe5afe62fe5afe5a
fdf2fdcafddafe22
fe2afe2afddafdd2
fd61fe02fe4afe4a
fdc2fd71fd51fd31
fe4afdd2fdd2fdea
fe22fe62feabfe7a
fe42fe3afe83fe32
feabfec3fedbfe83
ff23feebfe5afe6a
fd92fdbafe12feb3
fe0afdb2fd71fd49
ff3bff2bfe9bfe5a
fe9bfea3fe6afea3
ff03ff84fef3fe6a
fe72fea3fea3feb3
fec3ff5b00adffdc
fea3febbfe5afe7a
fe9bfe83feabfe6a
ff5bff6bff7bff0b
ffbcff2bff6bff3b
002c003c0034ff94
ffe400ad017d00f5
023e01ce017500cd
01550287029f01fe
ff6bffec003c0064
fd8afdcafe4afee3
fdcafddafdd2fdaa
fee3fec3fe6afdfa
feb3feb3fecbfee3
feabfeabfeb3fec3
fe4afe42fe52fe83
fe5afe6afe52fe52
fdeafdd2fde2fe2a
fe2afe12fdaafd9a
fd01fd92fde2fe2a
fdf2fd71fd59fd09
fe5afdf2fd8afdd2
fdcafe12fe4afe52
fe1afe02fe32fe0a
fe4afe4afe93fe5a
ff4bff4bfe8bfe22
fd19fd29fd8afe5a
fdf2fdbafd79fd41
ff3bff6bfebbfe1a
fe62fe8bfe5afe93
fedbff84ff3bfe62
fe9bfe62fe9bfedb
fe42feeb002c004c
fe93feabfe5afe5a
fe83fe6afeabfea3
ff1bff0bff4bff03
ff84ff43ff1bff13
0064ffd4000cff9c
ffd40054010d010d
01be018e00ed00c5
019e026e02a70196
ff73ffec0044009d
fd92fdcafe62fef3
fda2fdcafe02fdea
fedbfeb3fe4afdda
feabfea3feb3fed3
febbfeb3feb3febb
fe42fe3afe52fe8b
fe52fe62fe52fe42
fdf2fddafde2fe22
fe22fdfafdaafd8a
fcf1fd41fd69fdd2
fddafd92fd59fd09
fe5afdcafd51fd8a
fd82fd92fdbafe1a
fdc2fda2fdc2fdba
fdfafdeafe2afdea
ff2bff84fefbfe32
fd19fcf9fd19fdd2
fdaafd9afd9afd61
fefbffbcff4bfe42
fe0afe93fe8bfea3
fe93ff03ff73fea3
fefbfe2afe4afeb3
fe3afe52ff3b002c
fe93fea3feabfe72
fe93fe62fe62fe8b
ff1bfed3ff2bfedb
ff03ff63fedbff03
0064ffd4ffccff94
ffccffd400bd00bd
00d5012d00dd00cd
019e024e028700d5
ff84ffec006400e5
fdb2fdcafe6aff03
fd92fe0afe6afe42
fecbfe9bfe32fdba
feabfe9bfea3fec3
fec3feabfeabfebb
fe3afe2afe4afe93
fe62fe62fe52fe42
fdf2fddafdeafe22
fe02fdeafdc2fdba
fce1fd09fd39fd71
fdaafd92fd51fd09
fe12fdd2fd31fd41
fd61fd49fd59fdca
fd92fd71fd61fd79
fdd2fdc2fde2fdba
fecbff84ff63feb3
fd39fd21fd01fd71
fdbafd82fd92fd8a
ff4bffbcffc4febb
fdfafe32fee3ff03
feabfe8bfefbff03
ff43fe22fe22fe9b
fe62fe22fe83ff7b
fea3fe93fe93fe72
fedbfe6afe4afe8b
ff13feb3fedbfef3
ff1bfee3fe93fea3
0044ffdcff73ff73
ffd4ffe4009d009d
000c010500a5003c
011501fe025e00e5
ff8cfffc008d0105
fdc2fdc2fe62ff0b
fd8afe3afea3fe62
feb3fe8bfe22fdb2
fea3fe93fe9bfeb3
febbfeabfea3feab
fe32fe2afe4afe83
fe62fe72fe5afe42
fe02fde2fdf2fe2a
fdbafe02fdeafde2
fce1fce1fce9fd21
fda2fd9afd69fd11
fdcafde2fd29fd29
fd51fd31fd21fd69
fd8afd69fd49fd41
fe62fda2fd92fd8a
fe9bff6bff8cff23
fd79fd29fd11fd59
fe32fda2fd9afdaa
ff840004001cff84
fe62fdc2feebff4b
fec3fedbfe4afedb
ff4bfe8bfe12fe52
fe83fe72fe62fedb
fea3fe9bfe83fe5a
fedbfe62fe42fe72
fe83fe6afe83feeb
ff1bfeabfecbfe5a
001cff9cff43ff23
ffd4ffdc00640064
ffec00ad009d0024
008d013d0236012d
ff8cffec007400c5
fdbafdc2fe5aff03
fd92fe1afe83fe4a
fea3fe7afe1afdb2
feabfea3fe9bfeab
feabfea3fea3feb3
fe2afe22fe42fe83
fe6afe7afe62fe3a
fe02fdeafdeafe32
fd8afe3afdfafdda
fcd9fce1fcd1fcf1
fd31fd92fd8afd29
fd82fd82fd21fd01
fd31fd11fd01fd29
fd59fd59fd29fd31
fedbfe12fd71fd79
fe72ff33ff84ff4b
fdaafd69fd31fd39
fedbfdf2fddafdd2
ff94001c007c000c
feebfe1afe32ff8c
fe8bfef3fecbfe62
feebff23fe32fe3a
fe72fea3fe93fe72
fe72fea3feabfe62
fee3fe72fe52fe42
fe32fe3afe5afeb3
ff03fe83fecbfe6a
ffe4ff8cff63ff03
ffdcffec00850064
0034004c007cfffc
000c003401b60105
ff8cffe4005400a5
fdaafdcafe62ff13
fda2fdeafe2afe02
fe9bfe6afe1afdc2
febbfeabfe9bfea3
fea3fea3fe9bfeb3
fe32fe1afe32fe7a
fe72fe7afe62fe3a
fe0afdf2fdf2fe32
fd31fe02fdd2fdca
fcd9fcc9fcd1fcd1
fd09fdbafd39fd31
fd71fd71fd19fcf9
fd21fd01fd01fd11
fd59fd51fd21fd19
fef3fe6afde2fd69
fdeaff13ff73ff53
fde2fd92fd61fd29
ff53fe5afe0afdf2
fff40024008d0054
febbfebbfe12ff13
fe52fe9bff53fee3
fe8bff23fe6afe02
fe72fe9bfec3febb
fe1afe6afea3fe93
fe93fe52fe32fe3a
fe22fe0afe32fe42
fecbfe83fe93fec3
ff9cff7bff3bfeeb
fff4ffdc00a50095
005c0004001c0014
ffd4ff7b00fd011d
ffbc0004006c00b5
fdeafe0afea3ff53
fdcafe02fe22fe0a
fe93fe62fe1afdda
fec3feabfe9bfea3
feabfeabfea3febb
fe22fe12fe32fe72
fe72fe7afe62fe3a
fdfafdf2fdf2fe32
fcf9fdaafdaafdaa
fce1fcc1fcd1fcd9
fd09fdb2fd11fd31
fd61fd39fd01fce1
fd19fcf9fcf9fd09
fd51fd51fd31fd01
ff03feabfe3afdba
fd79feabff43ff6b
fe0afde2fd92fd31
ffdcfec3fe1afe32
000c007c007c0085
ff4bfeebfe93febb
fdd2fde2ff2bffcc
fe8bfeb3fed3fdea
fe62fe83fef3ff03
fe32fe32fe7afe93
fe62fe52fe1afe3a
fe52fe12fe42fe1a
fe9bfe72fe22fe83
0004ff33ff7bfedb
ffbcffcc00bd0105
00b5002c001cffd4
ffccff0b008500c5
00ad00e501250145
ff03ff3bffc4004c
fe6afeabfedbfeeb
fe7afe62fe4afe42
febbfeb3fea3fe9b
feabfeabfeabfebb
fe1afe0afe2afe72
fe6afe7afe5afe32
fe02fdf2fdf2fe32
fcd9fd71fd8afd9a
fcf9fcc1fcd1fcd9
fce9fd82fd51fd29
fd51fd21fcf9fcb1
fcf9fcf1fcd9fcf9
fd59fd31fd31fd19
ff13feb3fe6afde2
fd59fe42feebff53
fe62fe0afdeafd69
004cff33fe4afe72
000400bd00ad00a5
0044ffc4ff0bff23
fd92fd79fe520014
feb3fe22fe83fe42
fe6afe62febbff23
fe52fe22fe42fe8b
fe0afe52fe22fe3a
fe93fe6afe72fe0a
fe62fe5afe1afe22
00adff4bff5bff33
ff84ffec00cd015d
0095004cffe4ff94
ffb4feebffe40095
01be01e6021601ce
00c500fd0145018e
ffd4002c006c0095
fe83fe9bfeebff63
feb3feb3fea3fe93
feabfeabfe9bfeab
fe12fe02fe22fe6a
fe62fe7afe62fe32
fe02fdfafdf2fe2a
fcc1fd41fd61fdaa
fce9fcc1fcc1fcd9
fcb9fd61fd82fd09
fd39fd29fcf9fcb9
fcf1fce1fcc1fce1
fd79fd29fd29fd29
ff33fe9bfe4afe02
fd8afe32fedbff1b
fea3fe6afe2afda2
0095ffb4feb3fe52
001c00e500e500a5
00ad00b50064000c
fdeafd61fd71ff2b
ff1bfe72fe1afe4a
febbfe6afe72feeb
fe52fe12fe22fe72
fdeafe0afe22fe2a
fe5afeebfebbfe62
fecbfe3afe1afe1a
0135ffe4ff1bff7b
ff5b000c00dd0186
0095006cffc4ff94
ffa4feabff9400ad
020e022e024601ae
0165019601be01ee
006c00c501050135
fe8bfedbff6bfff4
fea3fea3fe9bfe93
fea3feabfe9bfea3
fe12fe02fe1afe62
fe62fe7afe5afe2a
fe0afdf2fdf2fe2a
fcc1fd19fd59fd82
fcd9fcb9fcb9fcc1
fcb9fd39fd61fcd9
fcf1fd21fd11fce1
fd01fcd1fcc9fcd1
fd9afd29fd19fd31
feebfec3fe3afdea
fda2fe02fecbfecb
fe8bfed3feabfe0a
00bd0034ff23fe93
009d0095011500d5
001c0115010d00c5
fe12fdb2fd29fdd2
ff03ff13fe4afe32
fed3ff03fe93fe7a
fe0afe1afe0afe22
fe4afde2fe02fe4a
fe0afe62feabfed3
ff43fe52fe02fe1a
01ae00bdff3bfedb
ff33ffd400d5019e
00a5009dffccff73
ff53fe9bfecb004c
010d0135014d009d
007c00ad00d500f5
ff9cffe400240044
fe8bff13ff7bff94
fe93fe9bfe93fe83
fe9bfe9bfe93fe9b
fe0afdfafe0afe5a
fe62fe72fe52fe22
fe0afdf2fdeafe22
fcc9fd21fd51fd61
fcc9fcc1fcc1fcd1
fcc1fcf9fd21fcd9
fcc9fd11fd41fcf9
fd39fd01fcd9fcc9
fd8afd49fcf9fd19
fe93fea3fe4afdca
fddafdfafec3feeb
fe6afeb3feebfe9b
00f500a5ff94ff23
012d00ed0115011d
fe9300dd0175015d
fe1afe1afdaafd59
fe93ff0bfeabfdf2
fe32fecbfef3fe7a
fe22fdfafe0afdf2
ff0bfe3afdeafe2a
fe02fe02fe5afee3
ff03feebfe1afe1a
01ee0165002cfeab
ff5bffb400d501be
00ad00b5001cff53
fedbfeb3fea3001c
fef3ff1bff4bff23
fe5afe9bfed3feeb
fdeafde2fe12fe32
fe9bff2bff4bfebb
fe83fe83fe83fe83
fe8bfe93fe83fe8b
fe02fdf2fe02fe42
fe62fe72fe5afe22
fe02fdf2fdf2fe2a
fce1fcf9fd21fd01
fcc1fcc1fcd1fce9
fcd9fcc9fd01fcd1
fcc1fce9fd39fd31
fd09fd31fd29fce9
fd8afd39fd09fcd9
fec3fe4afe52fdf2
fe6afe3afecbff0b
fee3fe7afee3ff0b
011500ed000cff7b
0196017d016d0155
fd8aff0b012501a6
fdf2fe4afe3afdaa
fea3fe93fedbfe7a
fe22fe3afea3fee3
fe42fe22fdfafe12
ff23ff33fe4afe1a
fe3afddafe02fe72
fe9bff23fedbfe5a
020e01de011dff94
ff73ffac00c501c6
009d00d50074ff5b
fe93fe9bfea3ffec
fd8afdbafe02fe62
fd11fd39fd71fd82
fd31fcf9fd01fd09
fe9bff5bff73fe8b
fe7afe72fe72fe83
fe7afe8bfe83fe83
fe0afdfafe02fe3a
fe6afe7afe5afe22
fdfafdeafdf2fe22
fcd1fce1fd21fce9
fcc1fcc1fce1fcf1
fd31fcc9fcd1fcd9
fcd1fcd9fd29fd69
fcd1fce1fcf9fce9
fdbafd71fd39fcf9
fec3fe52fe12fe02
ff23fe9bff03ff2b
ff94fe93febbff0b
014d011d0095ff9c
01be01c601b6017d
fddafdc2ff3300fd
febbfe8bfe83fe3a
feebfed3fea3feab
fe32fe5afe52fe83
fe32fe4afe1afdf2
fe9bff5bfefbfe2a
fe6afe2afdc2fe12
ff23fed3ff1bfea3
020e021601ae00a5
ff53ff94008501ae
0074010500cdfff4
fe42fe4afe5aff63
fd71fdb2fdf2fe2a
fce9fd01fd31fd59
fd31fce1fcd9fce1
fea3ff5bff73fe8b
fe6afe6afe6afe9b
fe6afe8bfe83fe83
fe12fe02fe0afe32
fe62fe7afe5afe2a
fdfafdeafdeafe1a
fca9fcc1fd19fce1
fcc9fcc1fcd9fce1
fd51fcf1fcc9fcf1
fcd9fcb9fce9fd49
fd11fce9fcd9fcd1
fdbafda2fd82fd41
ff3bfeabfe32fdea
ff63ff43ff0bff5b
ffe4ff5bfe9bff0b
016d013d00cdffac
00c5019e01b6019e
fedbfe62fe62ff4b
fe62feb3feebff03
fe7aff0bff33fea3
fe22fe42fe62fe6a
fe32fe3afe52fe32
fe3afee3ff2bfe93
fe83fe52fe1afdca
004cff0bff03ff2b
0216021e01f6014d
ff5bff53005c018e
007c011d010d006c
fe12fe1afe4aff9c
fe1afe62fe5afe4a
fce1fcf9fd21fd82
fd21fce1fcf1fce1
feabff53ff6bfe83
fe62fe6afe8bfeb3
fe72fe93fe83fe7a
fe12fe02fe02fe32
fe5afe72fe5afe32
fdf2fde2fde2fe1a
fca1fcb9fce9fcc1
fcd1fcc1fce1fce1
fd21fd01fce9fcf1
fcf1fcd9fcb1fd29
fd29fd09fd11fcf1
fdfafd9afd71fd51
ff53ff13fec3fe62
ff9cffb4ff6bff3b
ffac0024ff2bff13
016d014d00fdffe4
ff94ffec00a5014d
ff33ff3bff5bff73
feb3fe72fea3feeb
fe5afe93feebff13
fe3afe0afe2afe32
fe8bfe32fe5afe6a
fe0afe62fec3fee3
ff5bfebbfe4afe1a
012d0044ff33ff03
01f6022e020601b6
ffccff2bfff40135
00640135012500bd
fe12fdf2fe4affec
001c001cff63fed3
fd61fd41fd59febb
fd41fd31fd71fd69
fecbff6bff7bfe9b
fe72fe83fea3fecb
fe72fe8bfe83fe83
fe0afdfafdfafe2a
fe4afe62fe52fe2a
fdf2fdeafde2fe0a
fca9fcb9fcc1fcb1
fcd9fcb9fcf9fcd1
fd31fcd1fce9fd09
fcf9fd01fcd9fcf1
fd39fd11fd01fd09
fe7afe0afdbafd71
ff5bff3bff0bfed3
ffbc000cffdcff7b
ff940064001cff2b
008500c500bd0024
ffdcffa4ff7b0014
ff53ff43ff9cffdc
feabfeebff0bff4b
fe2afe42fe7afe6a
feb3fea3fe6afe32
feabfe42fe4afe62
fe83fe5afea3fec3
ff1bff43fee3feab
0196011d005cff5b
01ae0226021e01de
006cff73ff84009d
0064012d0155010d
fdeafdb2fe220034
01ae019e007cff43
ff23fe4afe2a0074
fd8afdf2fe8bff33
ff03ff8cff73fe9b
fe8bfe93fea3fedb
fe72fe93fe8bfe8b
fe0afdf2fdfafe32
fe42fe5afe42fe22
fdeafdeafde2fe02
fcb1fcb9fcb1fca9
fcf9fcb9fce1fcc1
fd31fd09fcc1fcf1
fd09fcf9fcd9fce9
fd8afd29fce9fcf1
ff13feabfe4afdea
ffe4ffb4ff6bff43
ff8c002c003c001c
ffa4003c00a5ffec
006c00640085004c
0115015d014500f5
ffdc000400340095
ff13ff33ff6bffac
fefbfedbfee3feeb
feebff3bff8cff53
ff33ff2bfeebfecb
fefbff03ff03ff2b
ffccff73ff23ff03
01be016500fd0064
013d01f6020601e6
00fd000cff730034
00ad010d017d014d
fdc2fd69fdfa0074
0256020e00cdff73
00c5ff8cff230155
fe2aff43006c0125
fed3ff43ff2bfe72
fe93fe93fe83feab
fe7afe8bfe8bfe8b
fdfafdeafdfafe3a
fe42fe5afe42fe1a
fdf2fdeafdd2fe02
fcc1fcd9fcc9fca1
fd09fcd1fce9fce1
fd19fd41fcd1fcc9
fcc1fd01fcf1fcd9
fe0afd92fd01fcc1
ff8cff53ff03fe8b
002cfffcffccffa4
0004001400640054
ffecfffc00c500bd
0165012d010500a5
01150165019e01a6
00d500d500dd00ed
004c0054006c00ad
00340004000c0014
ffdc001c00740085
fffc002c00340004
ffa4ffc4ffd4ffe4
009d003cffb4ff6b
01ce019601550105
00c5019601f601e6
014d00bdffacffdc
00fd011d015d016d
fd9afd41fde200a5
024e01d6007cfedb
017d006c001c0186
ff4b00c5018601e6
fe2afe93fe93fe72
fe8bfe83fe3afe1a
fe7afe83fe7afe7a
fdf2fde2fdf2fe3a
fe3afe5afe42fe12
fdf2fde2fdd2fdfa
fcc1fcd9fcd9fcb1
fd01fce1fcf1fce1
fd01fd41fcf1fcc9
fca9fcc9fcf9fce1
fe42fdcafd39fcd1
ffacff7bff33febb
0074003c0004ffd4
00cd007c008d0095
003cffcc00c50105
01650145012500ed
00fd012501550186
00e500ed00e500ed
00bd00cd00bd00c5
00c500b500b500b5
00a5009d00ad00d5
008500b500dd00c5
009d00ad0095007c
010500d500ad008d
01b601960175014d
000c010501a601ce
0175013d004cff9c
013d012d0155016d
fd92fd01fda200b5
02160155ffbcfe4a
018600c500b501c6
0024015501d601fe
fd39fdcafe12fe9b
fe83fe62fdf2fd61
fe72fe7afe72fe7a
fdeafddafdeafe32
fe32fe4afe3afe12
fdeafdeafddafdf2
fcc9fcd9fcd9fcc1
fcf1fcd9fcf9fcd1
fce9fd31fcf9fcc1
fcb1fcb9fce9fcf1
fe5afde2fd59fcd9
ffc4ff8cff53fee3
00ad007c00440004
00fd00e500c500cd
0054ffcc00bd00f5
0155014d013d0105
00fd0115013d015d
008500ad00b500ed
00dd00d500bd0095
00ed00e500f500ed
00bd00cd00f500fd
00cd00cd00dd00d5
00f500ed00cd00c5
013500ed00e500ed
019601750165015d
ffac002c00ed0165
015d016d00ddfff4
018600fd015d013d
fd79fd01fd8200c5
020e0135ff1bfdf2
0165011d016d01fe
005c018e01e601ae
fcb1fd49fdc2fe8b
fe72fe3afdbafd09
fe6afe72fe72fe7a
fdeafdcafdeafe32
fe32fe4afe32fe0a
fdf2fde2fdd2fdf2
fcc1fce9fcf9fcd9
fce1fce9fd01fcc1
fcd9fd01fcf9fcb1
fcb9fca9fcc9fce9
fe6afde2fd79fd01
fff4ffacff5bfef3
00c500950064002c
00ed00e500ed00dd
0074ffc4009d00e5
013d0145014d0125
00e500f5011d0135
003c006c00ad00d5
0024004400540044
00ad008d0074003c
009500a500a5009d
00b500ad00ad00ad
00f500ed00d500bd
013500fd00e500ed
012d0145014d014d
ffecffec006400cd
010d01450115006c
015d00d500ad00dd
fdc2fd31fd9200ad
020e018effecfe1a
019601b601c601de
005c019601be019e
fc99fd21fd9afe72
fe72fe12fd79fcd1
fe62fe6afe6afe7a
fdd2fdc2fde2fe32
fe2afe42fe2afdfa
fde2fddafdcafde2
fcd1fcf1fd01fce1
fcd9fd09fd09fcb9
fcf1fce9fcd1fca1
fcc1fcb9fca9fce1
fe7afde2fd69fd19
0014ffc4ff6bfefb
00d500ad007c004c
00e500e500e500e5
008d000c009d00d5
00cd00f50135013d
009d009d009d00bd
ff7bffbc00140044
ff3bff73ff7bff7b
ff7bff73ff53ff43
0004fff4ffccff94
0064006c00540024
00ed00d500bd009d
011d010d00ed00ed
00ad00f501150125
000cffccffec003c
000c009500a50044
00a50024ff7bff8c
fdc2fd61fdea003c
019e01f60105feb3
01ce01be0155010d
0034016501c601d6
fc91fd01fd69fe42
fe52fdf2fd49fcb9
fe5afe62fe62fe72
fdc2fdb2fddafe2a
fe1afe32fe22fdf2
fddafdd2fdbafdd2
fce1fd01fd11fce1
fce1fd01fd11fcc1
fcf9fce9fcd1fca9
fcc1fcb1fca1fcd1
fe72fde2fd59fd11
002cffe4ff94ff1b
00dd00b5008d005c
00d500dd00e500e5
0054002c00ad00d5
fffc003c006c006c
ff7bffbcffbcffd4
fec3ff03ff33ff43
fe8bfe6afea3febb
fe62fe72fe62fe8b
ff5bff23ff03feb3
000cfffcffa4ff8c
00d500bd008d0054
010d010500fd00fd
000c007400c500f5
ff6bff5bff8cffbc
feabff23ff63ff73
ff4bff13fedbfe8b
fde2fdb2fe6affac
007401d6015dff53
01be0105ffb4fedb
ffe4015501ee01ee
fc81fce9fd41fdf2
fe3afdcafd21fca1
fe4afe52fe52fe5a
fdbafda2fdd2fe22
fe12fe32fe12fde2
fdd2fddafdb2fdca
fd09fd11fd09fcf1
fce9fcf9fd01fcb9
fd01fce1fcd1fcc9
fcd1fca9fc91fcc1
fe83fdfafd71fd09
003c0004ffacff33
00c500ad008d006c
00c500bd00d500cd
fff4fff4006c00ad
ff73ffa4ffacffd4
ff43ff5bff6bff5b
fe22fe7afecbff1b
fdf2fdd2fdfafe12
fde2fddafdcafdf2
fedbfe93fe52fe12
ffccff8cff63ff3b
00bd0095004c0024
00ed00f500f500dd
ff84fff4006400bd
feb3fecbff0bff3b
fdeafdfafe3afe6a
fef3feabfe72fe1a
fdd2fd9afe12ff03
ff7b01650145ff84
013dffacfdf2fdba
ff94011d01de01e6
fc78fcd1fd21fdc2
fe22fda2fcf9fc89
fe3afe3afe3afe52
fdaafd9afdcafe1a
fe0afe2afe12fdda
fdd2fdcafdaafdc2
fd21fd39fd39fd69
fcf1fcf1fcf1fcc9
fcf9fce1fce1fce1
fcd1fcb1fc99fcc1
fe93fdeafd79fd11
004c0014ffc4ff3b
00ad00a5009d007c
009d009500a500ad
0014002c00540085
ffa4ffacffbcffe4
ffbcffbcffb4ffbc
fec3ff1bff53ffb4
fde2fe0afe4afe8b
fdf2fdf2fdb2fdaa
fe93fe4afe22fdfa
ff8cff63ff1bfee3
00ad00850024fffc
00c500ed00e500cd
ff0bff73ffe40074
fdf2fe1afe52feab
fda2fd92fda2fdca
fed3fe9bfe2afdda
fdc2fd8afdf2feb3
ffe4015d0145ff7b
00bdff3bfe2afe9b
fef300ad01750186
fc78fcc9fd01fd69
fdfafd61fcc9fc81
fe32fe2afe32fe3a
fda2fd9afdc2fe12
fe02fe22fe0afdd2
fdd2fdcafdb2fdc2
fd71fd82fd79fdba
fcf1fce9fd39fdd2
fcf9fce9fce1fcd9
fcd1fcb9fca1fcd9
feabfdf2fd71fd19
0054002cffdcff53
00ad00ad009d0085
007400850095009d
001400340054006c
ffd4ffe4ffecfffc
fffcffecffdcffe4
ffb4ffccfff40004
ff33ff6bff7bffa4
fe9bfe8bfeb3fed3
fedbfeb3feabfe9b
ff6bff2bff03fedb
00bd008d000cffcc
008d00e500ed00d5
fe9bfee3ff73001c
fd79fd9afdd2fe1a
fe2afdb2fd8afd69
feebfefbfedbfe93
fdcafd9afdeafeb3
00a501a60155ff8c
00e5ffbcff13ff9c
fe4affcc00ed0165
fc81fcd1fcf9fd21
fdcafd21fc99fc78
fe2afe22fe22fe22
fda2fd9afdc2fe0a
fe02fe22fe02fdd2
fdcafdc2fdb2fdc2
fddafe32fdf2fdc2
fd01fd01fdcafe93
fd11fcf1fd09fcf1
fcd9fcb9fca9fcf1
feb3fe02fd79fd21
006c0044fffcff6b
00b500b500a5008d
005400740085009d
ffecfffc00340044
ffd4ffdcffd4ffec
000c0004fffcffe4
000c000400140014
ffbcffdcfff40004
ff3bff3bff6bff9c
ff13ff2bff2bff43
ff73ff3bff13ff03
00c500a5001cffc4
007c00d500e500cd
fe32fe52feebffd4
fe02fdeafde2fdfa
ff2bfee3fea3fe52
ff33ff63ff63ff43
fdc2fd79fdcafebb
010d01c60145ff7b
00ddffe4ffb4005c
febb0044015d0175
fc89fcd1fd01fd51
fd9afcf1fc81fc78
fe22fe12fe12fdfa
fd9afd9afdc2fe02
fdf2fe1afe02fdc2
fdc2fdcafdaafdba
fe2afed3fe2afda2
fd19fd21fdfafeab
fd19fce9fd21fd09
fce1fcc1fcb1fd09
fed3fe12fd82fd21
007400540024ffa4
00bd00cd00bd00a5
00440064008500a5
ffe4ffec0004002c
ffe4ffe4ffecffdc
fff400140014fffc
ff94ffb4ffccffdc
ff94ff84ff84ff84
ff63ff73ff7bff94
ff2bff4bff5bff6b
ff84ff53ff43ff2b
010d00bd004cffcc
007c00f5011d011d
fe3afe0afe7aff84
fea3fe9bfe9bfe72
ff1bfef3fed3feb3
ff3bff63ff5bff33
fda2fd59fd92fe8b
015501be00fdff03
0095ffc4ffdc007c
ff5300e5018e0155
fc81fcd1fd01fd92
fd69fcc9fc78fc70
fe1afe12fe02fdda
fd8afd8afdb2fdfa
fdeafe0afdf2fdb2
fdc2fdcafdaafdb2
fe32fe3afdb2fd59
fd29fd09fdc2fe93
fd29fcf9fd31fd19
fce9fcc9fcc1fd31
ff03fe3afd9afd31
0085006c0034ffb4
00cd00d500dd00b5
00440064008d00b5
ffecfffc000c0024
ffccffecffecffec
fefbff6bffa4ffcc
fda2fdcafe1afe72
fe72fe1afdd2fda2
ff63ff3bfeebfe93
ff33ff4bff63ff6b
ffa4ff7bff4bff33
013500ed007c000c
007c011d0155015d
fe7afe4afe32ff2b
fd29fd61fdc2fe2a
fdaafd71fd59fd09
fef3fed3fe5afdea
fd71fd51fd69fe12
01b6018e0054fe32
0044ffc4ffd400d5
ff0b0095011500dd
fc78fcc1fcf1fd69
fd39fca9fc70fc68
fe0afe0afdfafdb2
fd82fd82fdaafdea
fde2fe02fdeafdaa
fdc2fdc2fda2fda2
fdfafe72fe3afd79
fd49fd11fda2fe22
fd41fd01fd49fd41
fcd9fcc9fcf9fd82
ff13fe5afdaafd21
00ad008d003cffb4
00e500ed00ed00c5
005c008500b500d5
ffec0004001c0034
ff5bffacffccffdc
fd69fe02fe9bff03
fcc9fd09fca9fcd9
fd9afdfafd39fcc1
feebfe72fdf2fda2
ff1bff4bff63ff43
ffbcff6bff3bff1b
016d0125009d0024
0085015d01a6019e
fd21fe12fe4afeeb
fcc9fcc1fcf1fcb1
fd49fdeafe0afd19
fea3fe12fd71fd09
fd79fd9afde2fe2a
01be00fdff13fda2
0085002c00a50196
fe3aff8c003c00b5
fc70fcb9fcf9fd29
fd19fc99fc70fc60
fe02fdf2fde2fd9a
fd79fd79fda2fde2
fddafe02fdeafdaa
fdbafdbafd9afda2
fe0afe93fe83fd9a
fd8afd49fd8afdf2
fd61fd29fd79fd79
fcf1fce1fd31fdc2
ff2bfe62fda2fd19
00ad008d003cffd4
00f500fd00ed00cd
007c009d00cd00ed
ffdc000c00340054
fee3ff3bff7bffac
fd01fd61fddafe7a
fce1fcb9fc78fca1
fec3ff6bfdeafcf9
fe4afdd2fdb2fe42
ff23ff43ff33fed3
ffa4ff5bff2bff1b
01b6014d00bd002c
00ad01ce020e01fe
fcd9fdb2fe62fedb
fcf1fcd1fc99fca9
fe32ff53ff33fd82
fec3fdf2fd39fd31
fe93ff3bff63ff03
0175ffccfe1afe02
0115014d01ce0206
fe2aff4b004400c5
fc70fcd1fd21fd41
fd01fc89fc68fc60
fdf2fdeafdcafd79
fd82fd71fda2fdda
fddafe02fdeafdb2
fdbafdb2fd92fda2
fe1afe8bfea3fde2
fdfafd8afda2fe7a
fd69fd79fdcafdaa
fcf1fce9fd71fdda
ff5bfe72fdbafd29
00ad00850044fffc
0115011500f500d5
00a500d500ed010d
ffcc001c005c008d
fe8bfeebff2bff7b
fd69fe42fdf2fe02
fce1fc81fc81fcd9
00040064fef3fd41
fe2afe02fe83ff5b
ff33ff33fef3fe7a
ff9cff5bff3bff2b
020e018e00dd002c
0115024e027e024e
fdaafea3fe5aff0b
fd01fcb1fcb9fd09
fec3ff94ffbcfe2a
ff1bfe6afd92fdfa
ff730024000cff63
006cfe7afdf2fe8b
01fe022e024601e6
fee3002400f50175
fc78fcf1fd39fd9a
fcf1fc89fc60fc60
fdfafdeafdcafd71
fd82fd79fda2fde2
fddafe02fdeafdb2
fdaafdb2fd92fd9a
fe62fea3fedbfe1a
fe5afdb2fdcafec3
fd71fdeafe52fdfa
fcf1fcf9fdaafdd2
ff6bfe8bfdc2fd39
00ad00850054ffec
0125011500fd00dd
00ed010d0125012d
ffe4003c008d00cd
ff13ff53ff7bff94
fe83fee3fe62fe8b
fd29fce1fd01fd61
0064009d002cfe4a
fe72feabff03ffcc
ff73ff73ff33fe6a
ffbcff8cff63ff73
025601be01050044
019e02af02d702a7
fe93fed3fea3ff6b
fe32fd59fd59fdda
ff33ff94ffecff9c
fef3ff2bfe6afebb
ff4bffbcff8cfee3
ff7bfdfafddafe72
024e023601f60115
ff5b00dd01ce022e
fc81fce9fd49fdc2
fce1fc89fc60fc60
fe02fdeafdcafd61
fd82fd79fda2fde2
fddafdfafdeafdb2
fd9afdaafd9afd9a
febbfedbfee3fe4a
fe32fdaafe12feeb
fd82fe32fe93fe2a
fcf9fd29fdd2fdba
ff6bfeabfdcafd31
00ad00850044ffec
012d011d010500dd
0125012d0145013d
007c00bd00f5011d
fffc002c004c005c
ff63ff13ff0bff84
fee3fe22fe83fef3
0014006400850004
ff43ff2bff2bff94
fffc0004ffc4ff63
001cffdcff9cffbc
028701e60135008d
020602e7030f02ef
ff3bff6bff63ffc4
ff7bfed3fee3ff13
ff03ff63ffa4ffcc
fe930004ff94fefb
fe3afe7afe3afde2
ff4bfdbafd8afdda
01b6014501050085
ff0300bd01a601ee
fc81fcf1fd49fd92
fcd9fc78fc58fc60
fe02fdeafdc2fd59
fd79fd79fda2fdda
fdd2fe02fdf2fdaa
fda2fda2fd9afd9a
ff0bff2bfeebfe52
fdd2fd92fe3afecb
fda2fe5afe9bfe12
fd09fd71fe0afd9a
ff63fecbfde2fd31
00a5007c004cfff4
0135010500bd00d5
0155015501550145
011d013d0165016d
007400ad00d500fd
ff8cffdcffec001c
ffd4ff63ff9cff8c
ff9cffccffe4fffc
ffc4ff94ff7bff63
00540054003c0004
0074003cfff4fffc
02970206017d00ed
025e02ff03170307
ff63ff8cff7b0044
fef3fef3ff1bff2b
ff2bff0bff03ff0b
fe7a0085006cffb4
fdc2fdc2fd9afd82
ff84fdaafd61fda2
00ad009d011500f5
fdfaff6b006c00d5
fc78fcf9fd59fd59
fcd9fc78fc50fc58
fdfafdeafdbafd59
fd71fd69fd9afdda
fdcafdfafdeafda2
fd9afda2fd92fd92
ff33ff53fee3fe4a
fdbafdc2fdeafe93
fdaafe72fe6afdd2
fd29fdd2fe2afd8a
ff7bfed3fdf2fd31
008d006c0044fff4
014d010d00ad00cd
0186017d0175015d
0175018e019e0196
00c500fd0135015d
0034004c005c006c
ffacff94ffbc0024
ff73ff94ff9cffbc
ffdcffacff7bff5b
0095007400440004
00e50095004c004c
028f021601ae0155
02a7030703170307
ff9cff9cff8c00c5
ff7bff6bff73ff84
ffe4ffacff8cff94
fec300d500dd005c
fde2fdfafddafdc2
fff4fdeafd79fdb2
00f5016d01c6016d
fd82fe32ff3b004c
fc70fd01fd69fd69
fce1fc81fc58fc58
fdfafdeafdcafd61
fd69fd69fd9afdda
fdc2fdf2fde2fdaa
fd9afd9afd82fd92
ff3bff6bfeebfe72
fdd2fdcafddafe8b
fd9afe3afdf2fdd2
fd51fe12fe3afda2
ff84fed3fde2fd39
008d0054002cffec
013d012500e500bd
01ae01960186014d
019e01b601be01be
010501450175018e
007c008500ad00cd
0024002c002c0064
ffccffe4fffc0014
000cffecffccffbc
00bd00b500640024
014d00fd00b50095
026e01f601be018e
02b702e702ff02ef
ffd4ffc4ffd40145
fffcffecffdcffec
0044001c000c0014
ff230115011500a5
fe4afe8bfe6afe42
002cfe62fde2fe0a
01be01f602260196
fde2feb3fffc011d
fc78fd11fd82fd8a
fcf9fc89fc60fc58
fdfafdeafdd2fd79
fd71fd69fd9afdda
fdcafdeafddafdaa
fd92fd8afd82fd92
ff3bff63fedbfe9b
fe3afe02fdeafe93
fdbafe0afdc2fdfa
fd79fe3afe2afd9a
ff7bfec3fddafd51
0074003c001cffdc
0145011d00ed00ad
01ae019e0186014d
01b601b601be01c6
013d016d019601ae
00a500cd00f50115
004c005c005c0085
001c002c004c005c
0034001c002c0024
00ed00fd00cd0074
019e015d011500ed
025601fe01e601c6
02a702d702ef02cf
000c0004004c01b6
004400340024001c
0085005c004c005c
ff730135013500cd
febbfef3fecbfe9b
001cfeebfe7afe72
020e022601ee014d
fe72ff9400c50196
fc91fd31fda2fdaa
fd19fca9fc81fc78
fdf2fde2fdcafd82
fd79fd69fda2fdda
fdbafde2fdcafda2
fd8afd8afd82fd8a
ff33ff4bfebbfed3
fea3fe3afe0afeab
fdfafe1afe2afe42
fdb2fe72fe2afd9a
ff7bfec3fdeafd69
006c003c0004ffcc
0135010d00dd009d
01b6019e01750145
01be01b601b601c6
0175019601ae01be
00dd01050125014d
008d009d00ad00c5
005c005c00740085
0074004c005c0064
0125012d012d00dd
01de019601550125
0246020601fe01fe
028f02cf02e702b7
004c006c00bd01de
007c005c003c003c
00a50085007c007c
ffbc0145014500ed
fef3ff23fefbfedb
003cff6bfeebfeab
021e01fe01c60145
fee3003c013501c6
fd29fdaafdf2fde2
fda2fd59fd31fd21
fde2fde2fddafdc2
fd69fd61fd9afdca
fdaafdcafdc2fd92
fd8afd79fd71fd82
ff4bff4bfee3ff13
fed3fe52fe42febb
fe5afe9bfe93fe8b
fde2fe9bfe2afdb2
ff63fecbfe1afda2
004c0014ffe4ffa4
011500f500bd007c
01ae018e016d0135
01ce01c601be01be
0196019e01b601c6
0115013d0155016d
00cd00dd00ed00f5
00740085007c00ad
00dd009500640064
0155016501750145
01c60186016d0155
0266021e02160216
02bf02e702e702bf
008d00bd0125020e
0064004c00440064
00bd008d0074006c
ffb4013d0155010d
fecbff0bfefbfeeb
0095ffb4fef3fe83
01be01a601960145
ff0b00740155019e
fecbfee3feabfe32
feb3feebfeebfee3
fdeafdeafe02fe4a
fd59fd59fd8afdca
fdaafdcafdbafd82
fd82fd79fd71fd79
ff6bff4bff2bff63
fed3fe62fe72feeb
fed3ff73ff3bfecb
fe3afe7afe02fdca
ff6bfecbfe12fdda
003c0004ffd4ffac
00fd00d500950064
018e017d01550115
01c601be01b6019e
019601ae01c601c6
01450165017d0186
00e5010501150125
00850085008d00b5
013500f500ad0085
016d0175018e0175
01a6017501750165
027e0226021e01fe
02e702ff02e702bf
00d500f5016d024e
0034002c004c009d
00d500a5006c004c
ff4b0115016d0135
fe5afeb3feb3fe9b
00c5ffa4fe9bfe22
01150115016d0175
febb001c00fd012d
006c0024ff6bfe6a
ffc4006400ad00a5
fdf2fdf2fe22fee3
fd59fd59fd8afdd2
fda2fdc2fdaafd79
fd79fd79fd79fd79
ff8cff6bff7bff84
feebfe7afebbff2b
feebff7bff8cff2b
fe4afe42fe02fdea
ff5bfeabfe1afe12
002c000cffccff9c
00d500ad00850054
01650145011d00fd
01b6019e01860175
01a601be01c601be
0165017d019601a6
00dd0105010d012d
00ad0095009500ad
01860155012500dd
0175016d01860196
01ce019e01960186
028f024e023e020e
03170327030702cf
00fd011d01a60297
002c0044007c00c5
010500bd006c003c
feb300cd0165015d
fe3afe6afe72fe52
008dff84fea3fe3a
012d0165019e015d
fe32ff7b007c00ed
011d00a5ffd4fe83
007c015501ae0186
fe02fdfafe32ff2b
fd51fd51fd8afdda
fd9afdbafda2fd71
fd79fd71fd69fd71
ffacff9cffacff6b
fecbfeabff13ff94
fe1afe83ff0bfefb
fe2afe3afdfafdfa
ff3bfe93fe0afe0a
00240004ffc4ff94
00b5009500740044
0135010500ed00dd
01860175015d0155
01ae01a6019e019e
018e019e01a601ae
00d500f5010d0145
010500e500cd00cd
018e018e016d0135
01750175017d0196
01f601d601a60196
0297025e024e021e
033f0347031f02df
0115013d020e02df
005c008d00bd00ed
012500dd008d005c
fe7a007c01450155
fea3fe72fe72fe3a
0054ffe4ff6bff13
01d6020e01e60145
fdf2feeb00440135
0115008dffc4fe93
00c501be01ee019e
fe0afe02fe3aff43
fd49fd49fd8afde2
fd92fdb2fd9afd61
fd79fd69fd61fd69
ffd4ffccffbcfec3
fee3ff23ffa4fffc
fe32fee3ff1bff13
fe22fe2afdfafde2
ff3bfe7afdf2fde2
0004ffe4ffbcff9c
008500740054002c
00ed00cd00c500a5
013d012d01250105
018e016d0165015d
0186018e019e01ae
0105012d015d0175
0155012d01050105
01b601a601960175
015d014d017501ae
020601ce019e017d
02a7028702660236
0357034f032702ef
0125015d02760317
00b500c500e50105
011d00f500dd00c5
fe83fffc00f5012d
ff13fe83fe4afe2a
006c0064004cffd4
01b601fe01a600ed
fde2fe62ff9c00e5
0095002cff8cfe9b
00dd01c601de0165
fe02fdfafe4aff63
fd49fd51fd92fdea
fd8afda2fd92fd61
fd82fd69fd61fd61
ffecffe4ff53fd82
ff84ff94ffccffec
ff33ffa4ff9cff94
fe3afe22fe12fe6a
ff1bfe5afe12fe1a
ffecffd4ffbcff8c
0054004c0034000c
00b500950085006c
00ed00e500dd00cd
015d012d01150105
017d018e01860175
01350145015d0165
017d01650145013d
01be01b601a6019e
012d011d01550196
020601ae016d0145
02e702af02760246
035f035703370317
014501ae02cf033f
00ed0105011d012d
00dd00dd00e500dd
fe8bffa4007c00c5
ff3bfe83fe42fe32
0095009d00a50014
00cd015d015d00fd
fe0afdfafea3ffdc
005cfffcff84fed3
00fd01c601b60115
fe02fdfafe4aff7b
fd41fd51fd92fdea
fd82fd9afd82fd59
fd71fd61fd61fd61
fffcffb4fe32fce1
ffccffacffb4ffec
fff4001cffe4ffd4
fe52fe32fe32fefb
fee3fe62fe42fe32
ffe4ffd4ffc4ff7b
003c001c000cfffc
008d0074004c0044
009d00a500ad009d
010500c500bd00a5
0155014d0145011d
01650165015d015d
01be019e017d016d
01be01c601c601be
00d500ed012d0186
01d60165010d00dd
030702c70287022e
0357035f034f033f
01650216030f034f
0115012d013d0155
007400a500dd00f5
fe8bff630004004c
ff13fe6afe32fe32
00a500ad0095fffc
00ad015d015d0115
fe83fe12fe9bff9c
000cffdcffd4ff63
010d01b60175009d
fdfafdfafe52ff84
fd41fd59fda2fdea
fd82fd9afd82fd51
fd71fd61fd61fd61
ffe4feebfd39fce1
002400140014000c
ffc4fffcffdcfffc
fe62fe3afe5afefb
fecbfe8bfe52fe5a
ffdcffc4ffb4ff6b
0024000cfff4ffec
004c0044001c0024
005c00640054004c
00c5008d00740064
012d011500fd00e5
016d01750155014d
018601a6019e017d
01ae01ce01d60196
0064008d00f5015d
0196013d00e5008d
030f02c7026601f6
0357036703670347
017d0276032f0357
012501450165016d
004c009500d50105
fe72ff2bffe4002c
fedbfe72fe52fe42
00ad00c50074ffcc
01750196014500e5
ff23fe9bff5b0095
ffccffe40034ffc4
00fd01a60135003c
fdf2fdf2fe42ff84
fd41fd69fdb2fdea
fd79fd92fd79fd49
fd69fd61fd59fd59
ff4bfda2fce9fcf1
00440034000cffdc
ffacffe4ffec0034
fe9bfe42fe8bff1b
fed3fe93fe72fe7a
ffccffc4ffbcff63
0014fffcffdcffdc
002c001400040004
003c003c002c0034
008d006c005c0044
00fd00e500d500ad
018e01750155013d
00f5019e01a60196
018e01b601b60135
003c003400a5012d
01ae0175012500bd
02e702af025601fe
0347034f0357032f
019e029f031f033f
012d014d0175017d
004c008d00cd00fd
fe62fee3ffac000c
fedbfe83fe62fe4a
007c00a5004cff8c
012d012d00cd0074
ff73fef3ff94008d
ffdc001c00740004
00ed01960125003c
fdeafdf2fe3aff73
fd49fd71fdbafde2
fd79fd8afd79fd49
fd61fd59fd51fd59
fe1afd71fd71fd79
0054002cffecff6b
ffc4fffc0024005c
fe72fe4aff03ff8c
fecbfe8bfe7afe83
ffd4ffd4ffacff53
fff4ffe4ffe4ffdc
0024000cfffcffec
0014001c0024002c
0085004c0034001c
00e500bd00a5009d
019e0155014d0125
016501ae01c601b6
0155019601ae019e
00440004005400f5
01f601be016d00fd
02c70297026e022e
03270327031f02ff
01be029702ff0317
012d0155016d016d
0004006400b500ed
fe93fed3ff84ffc4
ff84ff23fec3fe9b
00b500c5007cfff4
006c00d500ed00c5
ffb4ff5bff8cffd4
009d008d008d001c
00d5018e016d00ed
fde2fdeafe22ff53
fd51fd82fdb2fdda
fd79fd82fd69fd49
fd61fd59fd49fd59
fe7a002c005c005c
003cffecff3bfdf2
000c001c004c005c
fe52fe8bff8c001c
fecbfe9bfe7afe83
ffdcffdcffbcff4b
ffecffd4ffdcffd4
000cfffcffecfff4
fffc0004000c0014
006c003400140004
010500d500b5008d
01a601750165013d
01be01c601d601c6
01350175019e01c6
003cffd4002c00c5
01e601a6017500f5
028f02660256021e
02ef02d702d702bf
01ae025e02b702df
0115013d0155015d
ffe40044009d00d5
ff7bff73ff9cffac
00d50074fffcffa4
00f500ed010d00fd
00ed018e01be016d
000c000c005c007c
0165012d00f5005c
00b5019e01be0196
fdcafdc2fdf2ff23
fd51fd82fdaafdc2
fd71fd79fd61fd41
fd59fd59fd51fd59
fefb013d01650155
ffa4fe72fd69fd39
003c002c003c0024
fe62fee3ffe4004c
fefbfecbfeb3feb3
ffdcffd4ffc4ff6b
ffdcffdcffbcffc4
fff4fff4ffecffdc
fff4ffecfffcfffc
005c003c0024fffc
010500d500a5007c
01960196017d0145
01ce01e601d601ae
011d0165018601b6
fff4ff94000c00a5
01750155014d00cd
020e01d601b6019e
0287028702760256
013d01b60216024e
00f50135015d0145
ffb4001c008500cd
ff9cff63ff4bff73
00fd00bd0034ffcc
002c003c009d00dd
01de01fe01b600ed
00340074010d0196
01ee01c6016d00bd
009501a601f601fe
fda2fd92fdaafeeb
fd49fd69fd8afda2
fd71fd71fd51fd31
fd59fd59fd51fd59
fe9b004c005c003c
fda2fca9fce1fd51
0014000cfffcff53
fe83ff0bffcc0024
ff2bfef3fedbfecb
ffecffdcffbcff7b
ffccffbcff7bffc4
fff4ffecffdcffcc
fff4ffe4fff4fff4
005c003c0024fffc
00fd00d500a5007c
0186017d016d013d
01be01ce01be019e
012501550175019e
ffbcff7b002c00c5
00e500f500e5007c
011d00d500cd00cd
01be01d601ae0175
00ad00c5012d017d
00f5012d0155013d
ff84ffe4006400b5
fe83fe52fe32fe93
ffc4ffb4ff33feb3
fe7afebbff23ff84
014d00f50014fefb
004c000c0074011d
01fe01ee019e0115
008d019601e601e6
fd79fd61fd71fec3
fd39fd49fd51fd69
fd61fd71fd59fd29
fd61fd59fd49fd59
fdc2fdbafd8afd79
fc89fc81fce1fd79
ffc4ffa4feebfd71
febbfeb3ff53ffb4
ff4bff1bff03ff13
ffe4ffecffbcff8c
ffdcffccffc4ffd4
fff4ffe4ffd4ffc4
0004fffcfffcfffc
0054003c0024000c
00f500b5008d0064
01750165014d0125
0196019601960196
01550155015d016d
ff6bff84008d012d
002c005c004cfffc
001cffe4ffdcffec
00b500c5009d0064
009dffdc00240074
00f50125013d012d
ff73ffcc003c00b5
fda2fd9afdbafe3a
fe9bfe8bfe32fdc2
fda2fdfafe52fe72
ff23fe93fdbafd61
0085ff73febbff13
01ae01b601750135
0064015d01a6019e
fd49fd31fd49fe9b
fd29fd29fd29fd41
fd69fd71fd49fd29
fd61fd59fd49fd51
fdbafd51fd09fd09
fc81fc89fcc9fd82
feabfe0afcf9fc89
fed3fe0afe52fec3
ff5bff33ff2bff5b
ffecffecffccff94
ffecffe4ffe4ffe4
ffecffdcffccffd4
000c0004fff4fffc
005c003c0024000c
00d500ad00950074
01650145012d00fd
0186018e018e0175
018e017501550165
ff13ffec010d017d
ff63ffa4ffacff73
ff8cff4bff03ff13
ffc4ffd4ffc4ffb4
00c5ffc4ff4bff8c
00e5012501450135
ffb4ffcc0024009d
fdb2fdcafe2afee3
fe4afe4afe22fdda
fd51fddafe42fe62
fd19fd01fce9fd01
00d5ffacfdd2fd11
00f5012500fd0125
000400fd0115010d
fd31fd09fd21fe6a
fd21fd21fd29fd31
fd61fd71fd51fd29
fd51fd59fd59fd51
fdd2fd8afd21fd29
fc99fc99fcb9fd41
fd8afd29fcb1fc99
fecbfe22fdeafdba
ff5bff3bff33ff6b
ffecffe4ffc4ff94
ffdcfff4ffecfffc
ffc4ffc4ffc4ffcc
00040004fff4ffec
005c003c001c0004
00c500b5008d007c
01350125010500ed
01750175016d0155
01c601ae017d0175
ff7b00ad017501be
fe5afef3ff03fedb
feebfe22fdbafdca
ff2bff4bff53ff4b
011500c5000cff3b
00dd010d012d014d
00cd000c001c0085
fe2afe72ff530054
fe83fe62fe62fe3a
fd19fd9afe3afe9b
fcc1fcd9fce1fce1
00e5002cfe42fcd9
00bd00cd009500dd
ffb4009d00cd00dd
fd31fd01fd09fe42
fd29fd29fd39fd41
fd59fd69fd49fd31
fd51fd59fd59fd51
fdaafe1afe72feab
fcb1fcb1fcc9fd19
fd9afd39fcc9fca9
fecbfeb3fe83fdf2
ff63ff43ff4bff63
ffecffccffb4ff9c
ffdcfff4ffd4ffec
ffbcffb4ffbcffcc
fffcfffcfffcffec
00640044001c0004
00bd00ad0095007c
011d00fd00ed00d5
0175015d01550145
01f601e601a6017d
0044011d01b601ee
fed3fe93fea3ff43
fe93febbfef3ff03
ff2bfedbfef3fedb
01650155012d0064
00b500fd012d014d
01de00b50004004c
fedbff73008d017d
feebfecbfeb3feb3
fcf1fd39fe02feb3
fcb1fcd1fcd9fce9
0044ffbcfe42fce9
00d500c500540044
ff8c006400b500e5
fd51fd11fd11fe2a
fd31fd41fd59fd61
fd49fd59fd41fd29
fd49fd59fd51fd51
fd51fe22ff7b0024
fcc9fcc1fce1fd19
fdf2fd51fcf1fcc9
fedbfeebfed3fe83
ff5bff43ff5bff63
ffdcffbcff9cff8c
ffd4ffdcffd4ffe4
ffc4ffb4ffc4ffd4
fff4fffcffecffdc
005c0044001c0004
009d00a5008d0074
012d00f500cd00ad
01750155013d013d
021e020601e6019e
00d5017501de020e
ff63ff33ff8c0024
feabff1bff5bff73
ffacfe83fe4afe62
019601ae018e00fd
009d00c5010d0155
026e0196fffc002c
ff84003c01450216
fef3ff2bff2bff33
fcd9fcd9fd61fe52
fca1fcc1fcd9fcf1
fec3fe6afd79fcb9
010d00fd002cff6b
ff6b007400e5011d
fd61fd19fd11fe02
fd31fd51fd71fd71
fd49fd51fd41fd29
fd49fd59fd49fd49
fd39fdc2fefb002c
fce9fcd9fd01fd49
fe22fd9afd21fd01
feebfefbfeebfea3
ff5bff4bff63ff5b
ffc4ffb4ff9cff7b
ffc4ffb4ffbcffcc
ffb4ffbcffccffd4
ffd4ffccffd4ffc4
00240014000cfff4
008500740064003c
011500e500c5009d
01960165014d013d
0226021601fe01ce
0125019e01fe022e
ffb4ffd40024008d
fefbff63ffa4ffb4
000cfedbfeabfed3
01be01de01ce0145
005c00b5010d017d
02a7026e007c0014
002c00f501b6024e
fe4afeebff53ffa4
fcd9fcb1fcd1fd69
fc78fca9fce1fcf9
fd31fcd9fc91fc60
0135011d003cfebb
ff33006400fd013d
fd51fd29fd19fdda
fd39fd59fd79fd69
fd41fd41fd41fd31
fd49fd59fd49fd39
fd41fd69fe7aff9c
fd21fd09fd41fd61
fe52fde2fd61fd29
ff0bff1bff03fec3
ff53ff43ff6bff5b
ffc4ffb4ff94ff6b
ffbcffacffb4ffbc
ffbcffacffbcffc4
ffc4ffb4ffc4ffc4
000cfffcfff4ffe4
006c0054003c0024
00e500c500a5008d
01960155012d010d
022e021e020601de
015501b602060226
00040024006400dd
ff6bff9cffdcffec
009dffacff7bff7b
01b601de01de017d
003c00b501050175
030f033f01a6fff4
00f50206028f02cf
fd49fe0afecbffbc
fd01fcc1fc91fcb1
fc58fc81fcd9fd19
fcd9fc60fc50fc48
011d0105003cfe9b
fecbfff400ad0105
fd49fd31fd21fda2
fd41fd69fd71fd59
fd39fd49fd41fd31
fd71fd51fd41fd31
fd69fd51fe12ff2b
fd61fd51fd61fd8a
fe7afe12fd9afd59
ff3bff2bff1bfed3
ff43ff43ff63ff53
ffbcffa4ff8cff63
ffb4ffbcffccffc4
ffbcffa4ffb4ffb4
ffbcffbcffbcffbc
000c0004ffdcffcc
006c004c003c0024
00bd009d008d007c
01a6015d011d00f5
021e0216020601de
017501c601f60216
0034006c00bd011d
ff94ffa4ffe40014
00cd000cffc4ffb4
01a601ce01c60175
000c006c00c5014d
03a003c002e70044
011d02af034f0377
fcc1fd09fdb2ff0b
fd41fcf9fcb9fca9
fc60fc91fcf1fd41
fcc9fc60fc58fc50
007c0064ffb4fe4a
fe2aff0bffcc003c
fd41fd31fd29fd79
fd49fd61fd71fd59
fd39fd51fd41fd31
fd82fd51fd41fd31
fd92fd61fdb2feab
fd92fd69fd41fdaa
fe93fe3afde2fd9a
ff63ff4bff33fef3
ff3bff3bff43ff4b
ff9cff94ff84ff53
ff9cffb4ffbcffa4
ffb4ffb4ffbcffb4
ffc4ffccffbcffbc
0004ffecffd4ffd4
005c00340024001c
00c5008d006c0074
01a6015500f500dd
01fe01f601ee01ce
019e01be01d601e6
006c00ad010d0155
ff9cff9cffdc002c
00ed00640014ffd4
016501960196015d
ffd4002c00a5010d
03b803b8032f00ed
fffc026e03570398
fcc9fcc9fce9fd9a
fd51fd11fce1fcd1
fc58fc89fce1fd39
fcb1fc60fc50fc48
ff4bff63fee3fdc2
fdaafe12fe83fef3
fd39fd39fd49fd69
fd41fd61fd69fd59
fd41fd49fd41fd31
fd79fd61fd49fd41
fd9afd71fd82fe62
fda2fd79fd41fda2
feabfe42fe12fdca
ff7bff5bff2bff0b
ff33ff23ff2bff4b
ff94ff8cff73ff53
ffa4ffbcffb4ff9c
ffc4ffc4ffc4ffac
ffbcffbcffbcffbc
ffecffdcffccffc4
003c002c000cfff4
009d0074005c004c
016d013500e500b5
01ce01c601c601a6
01a601be01c601ce
00ad010d0155017d
ffbcffac00040054
011d00cd00740004
00f5013d015d014d
ff9cffec006400b5
030702f701e6ffc4
fe0a00c5025602d7
fce9fcd9fcd9fce9
fd29fd11fcf1fce9
fc60fc78fcc1fd09
fca9fc60fc48fc50
fe42fe6afe2afd69
fd82fdb2fddafe0a
fd41fd41fd51fd61
fd39fd61fd61fd51
fd31fd39fd39fd29
fd79fd71fd51fd39
fdc2fdc2fdaafe4a
fddafdaafd71fd9a
feabfe52fe4afe0a
ff6bff53ff23ff03
ff2bff13ff33ff63
ff84ff84ff6bff43
ffa4ffb4ffb4ff9c
ffacffb4ffacff9c
ffb4ffbcffbcffbc
ffccffccffbcffb4
001c0004ffecffdc
007c0064003c001c
012d00ed00ad008d
0186017d016d014d
01a601b601a6019e
00dd0145019601ae
fffcffec0024006c
00fd00950095004c
005c00c5013d0145
febbff94ffe40034
00ed00a5ff13fd61
fd11fe52ffcc008d
fcf1fcf9fce9fce9
fce9fce9fce1fce9
fc58fc68fc99fcc9
fcb1fc60fc50fc58
fe32fe52fe2afd71
fd71fdaafddafe02
fd31fd29fd21fd39
fd21fd41fd41fd39
fd29fd21fd21fd19
fd82fd71fd59fd41
fe1afe8bfe93fe93
fe4afe22fdcafda2
feabfe5afe6afe4a
ff7bff63ff3bfefb
ff23ff1bff3bff7b
ff84ff53ff4bff3b
ffb4ffb4ffa4ff94
ffa4ffa4ffa4ff9c
ffb4ffb4ffbcffac
ffc4ffbcffb4ffa4
fff4ffe4ffdcffd4
00540034001c000c
00d500a5007c005c
011500fd00fd00d5
0175018e017d015d
ff84001400b50125
ffecff6bff13ff1b
ff8cff23ff73ffec
ffc4005c010d0074
fd92ff4bff84ffa4
fe5afe22fd61fcb1
fd09fd71fe02fe42
fcd9fce9fcf1fcf9
fca9fcb1fcb9fcc9
fc58fc60fc70fc91
fcc1fc68fc50fc50
fe12fe42fe1afd79
fd29fd69fdaafdd2
fcf9fce1fcd9fce9
fcf1fd01fd01fd01
fd09fcf9fcf1fcf1
fd51fd49fd41fd19
feabff73fff4001c
feabfea3fe32fdea
feb3fe6afe83fe7a
ff8cff63ff4bff03
ff33ff43ff5bff8c
ff73ff33ff43ff33
ffbcffacffa4ff8c
ffa4ff9cff9cffac
ffb4ffacffacff9c
ffbcffacffacffa4
ffe4ffccffccffcc
002c002400140004
0044003c0034002c
009d0074004c0034
ffcc005400bd00dd
fe5afe7afeb3ff23
fe62fe3afe42fe52
fe42fe32fe2afe4a
ff2bff9cffc4feb3
fcd1feabff4bff3b
fdaafd82fd19fca1
fd21fd61fdbafdc2
fcb1fce1fd01fd19
fc70fc89fc99fca1
fc60fc70fc70fc70
fcb9fc68fc50fc50
fd82fdb2fda2fd39
fcc9fcf9fd21fd51
fcc9fcb1fc99fca1
fcc1fcc1fcc1fcc9
fce1fcd1fcb9fcb9
fd09fd09fd01fcf1
ff5b006c00e50125
fef3ff13fec3fe7a
fec3fe93fea3feb3
ff8cff84ff63ff1b
ff43ff63ff8cff94
ff63ff5bff53ff43
ffa4ff9cff9cff84
ffa4ff9cff9cff9c
ff9cffa4ff94ff94
ffb4ff9cff9cff9c
ffe4ffccffccffc4
00040004fff4fff4
ffd4ffe4fffcfffc
ff7bff8cff94ffa4
fdfafe4afecbff4b
fe0afdeafddafdda
fd92fdb2fde2fdf2
fd79fd82fd71fd69
fee3fea3fdf2fd79
fc81fd71ff03ff03
fdaafd92fd21fca9
fd39fd51fd9afdb2
fcc9fd11fd49fd49
fc70fc78fc89fca1
fca1fcb1fc99fc81
fc99fc68fc60fc78
fcb1fcc9fce9fcd1
fc91fc91fc91fc99
fc99fc91fc89fc89
fc91fc99fc99fc99
fcb1fca9fc99fc91
fcb1fcb1fca9fcb1
002400ed01250125
ff43ff73ff5bff3b
fedbfecbfecbff03
ffb4ffacff73ff2b
ff7bff94ffb4ffac
ff63ff63ff63ff6b
ff9cff94ff84ff73
ff9cff9cff9cff94
ffa4ff9cff94ff9c
ffacff94ff9cffa4
ffc4ffbcffc4ffb4
ffecffecffdcffdc
ff33ff7bffacffd4
fdb2fe12fe62febb
fd41fd41fd51fd71
fd21fd21fd31fd41
fd01fd09fd19fd21
fd01fd31fd19fcf9
fecbfe7afdbafd21
fc68fc99fe42fef3
fdb2fdb2fd41fca9
fd41fd39fd79fda2
fd21fd82fdb2fd8a
fc99fc99fcb9fce1
fcf9fd09fce1fcb9
fc91fc78fc89fcc1
fc48fc50fc70fc91
fc91fc89fc60fc48
fc89fc81fc81fc91
fc78fc89fc89fc89
fc89fc89fc81fc81
fc99fc91fc89fc89
ffe4008d00cd00c5
ffa4ffccffe4ffc4
fefbff0bff03ff53
ffccffb4ff84ff43
ffa4ffb4ffb4ffb4
ff5bff6bff73ff84
ff84ff7bff73ff6b
ffa4ffa4ff9cff8c
ffacffa4ffa4ffac
ffb4ffb4ffbcffbc
ffc4ffc4ffbcffb4
ffbcffccffccffc4
fe52fee3ff5bff94
fdaafd9afd69fdca
fdf2fdfafdf2fdba
fd49fd79fdaafdca
fd82fd59fd51fd41
fdc2fddafdc2fd92
fec3fea3fe6afe12
fc78fc78fd31feb3
fdc2fdd2fd61fcb1
fd51fd41fd82fdaa
fd79fddafe02fdc2
fcd9fce9fd11fd39
fd39fd41fd19fce9
fcb9fca9fcc1fd09
fc68fc68fc89fcb1
fc99fc99fc70fc68
fc70fc70fc70fc81
fc70fc78fc81fc78
fc89fc81fc78fc70
fcf9fcb1fc91fc91
001cffecffd4ffd4
fffc003c0054004c
ff23ff43ff5bffa4
ffe4ffc4ff9cff53
ffc4ffccffccffdc
ff63ff73ff8cffa4
ff7bff73ff63ff5b
ffb4ffacff94ff84
ffacffb4ffb4ffb4
ffbcffbcffbcffac
ffc4ffc4ffbcffbc
ff84ffa4ffbcffc4
feebfefbff2bff5b
fe32fe22fe62fec3
feb3fe7afe5afe32
fe02fe42fe72febb
fdfafde2fddafdd2
fe4afe5afe52fe1a
fec3febbfed3fe93
fc81fc78fc89fdd2
fdcafdeafd82fcc9
fd59fd61fda2fdb2
fdaafdeafe0afdba
fd01fd21fd51fd71
fd61fd51fd21fd01
fcf9fcf1fcf9fd39
fc99fca1fcb9fce9
fcf1fd09fcd1fc99
fc70fc70fc78fc99
fc70fc70fc70fc78
fca1fc91fc78fc70
fe5afdaafd31fcd1
00ad00850034ffec
0044008d00a500ad
ff53ff6bffacfffc
fff4ffd4ffacff5b
ffdcffecfffc0004
ff73ff84ffa4ffcc
ff73ff5bff4bff63
ffa4ff9cff94ff7b
ffacffb4ffacffa4
ffc4ffbcffb4ffac
ffb4ffb4ffbcffc4
ff84ffa4ffb4ffbc
ff5bff73ff6bff6b
fe83feabfef3ff33
fe6afe52fe32fe4a
fe32fe52fe72fe93
fe22fe12fdfafe0a
fe6afe5afe52fe42
fe52febbfed3fed3
fc91fc81fc78fcc9
fdd2fe0afda2fce1
fd59fd69fdb2fdba
fdbafde2fde2fda2
fce1fd19fd59fd92
fd69fd51fd09fce1
fd21fd29fd29fd49
fd01fcf1fcf9fd11
fde2fe0afdaafd39
fc81fc78fc91fd21
fc89fc81fc81fc89
fd49fcc9fc99fc89
0034ffbcff1bfe2a
0105010500f500cd
007c00bd00dd00f5
ff84ffa4fffc0054
fffcffdcffbcff5b
fff4000c00140014
ff84ffa4ffc4ffdc
ff3bff3bff4bff63
ff94ff84ff6bff4b
ffacffacffa4ff9c
ffbcffacffb4ffac
ffacffacffb4ffbc
ff94ffa4ffb4ffac
ff8cff9cffb4ff9c
fec3feebff13ff4b
fe0afe22fe5afe8b
fdfafe12fe22fe1a
fdf2fddafdd2fde2
feabfe22fe02fdfa
fd49fea3fedbff0b
fc89fc89fc81fc78
fddafe1afdc2fce9
fd41fd51fdaafdc2
fdeafdf2fdcafd82
fcb9fcf1fd49fdaa
fd61fd39fce1fcb1
fd82fd69fd49fd51
fdd2fdaafd8afd8a
fee3ff0bfe9bfe22
fc89fc78fce9fe0a
fd11fcc9fca9fc91
ff5bfe7afdc2fd59
0186015500ed0044
0145014d0155014d
00c500ed01050125
ffbcffdc0044008d
000cfff4ffc4ff84
00140024002c0024
ff9cffb4ffd4ffec
ff13ff3bff5bff73
ff6bff53ff23ff0b
ffb4ffacff9cff84
ffb4ffb4ffbcffb4
ffacffb4ffb4ffb4
ffb4ffb4ffb4ffa4
ffbcffd4ffd4ffc4
fefbff33ff5bff8c
fe3afe72fea3fed3
fde2fdf2fdfafe1a
fdd2fdcafdcafdda
ff23fe93fe02fdca
fce1fe6aff0bff2b
fc89fc89fc91fc99
fdd2fe22fdd2fce9
fd19fd29fd9afdba
fe12fe12fdc2fd61
fc81fcb9fd21fdaa
fd59fd29fcd1fc91
fe0afdc2fd71fd59
fea3fe7afe52fe2a
ff9cff9cff33fedb
fca1fcc1fdc2ff03
ff4bfecbfe12fd31
012d00b50034ffc4
0236021e01ee0196
017d018e0196019e
00fd0115013d015d
fff40024008d00bd
0014fffcffc4ffb4
001c002c00340034
ffbcffc4ffe40004
ff2bff63ff8cff94
ff2bfef3fedbfef3
ff9cff84ff7bff53
ffacffbcffbcffa4
ffb4ffb4ffb4ffa4
ffd4ffccffc4ffbc
ffdcffecffe4ffd4
ff43ff7bffa4ffc4
fe72fea3fecbff13
fdeafdeafe02fe2a
fe32fe22fe1afe02
ff63ff33febbfe4a
fd11fecb0014ff4b
fc89fc99fcb1fcd1
fdeafe3afde2fce1
fcd9fcf9fda2fdda
fde2fdf2fd9afd29
fc68fc89fce1fd71
fd51fd21fcd1fc89
fe7afe12fda2fd69
ff2bff13fef3febb
fffcffc4ff6bff43
fd79fd82fed3ffbc
014d01050064ff13
020e01e601be0196
028f027e025e0236
01ae01be01c601ce
01150145016d018e
001c007400c500ed
0024fffcffc4ffdc
00240034003c002c
ffccffd4fff40014
ff5bff84ffa4ffbc
fecbfecbfefbff33
ff7bff63ff33fef3
ffb4ffb4ffacff8c
ffc4ffb4ffb4ffa4
ffecffdcffd4ffcc
ffdcffe4fff4fff4
ff84ffa4ffbcffcc
ff1bff33ff43ff63
fefbfeebfeebfee3
ff03ff03ff0bff13
ff7bff7bff5bff0b
fd8affbc01d6003c
fcb9fcd9fd09fd29
febbfee3fe5afd29
fca1fd19fe32fea3
fd79fd8afd49fcf1
fc99fc89fcb9fd19
fd69fd39fce9fcb9
fed3fe7afe02fda2
ff53ff4bff33ff13
0004ffa4ff6bff5b
fef3feabffa40024
023e022601b60095
026e0266025e0256
02af029f028f0276
01c601d601ee01f6
013d016d019601b6
003c00ad00ed0115
0014ffecffdc0004
00340044003c0034
ffdcfff4fffc0024
ff7bff94ffb4ffcc
feb3ff0bff3bff5b
ff43fefbfeabfe8b
ffacffa4ff84ff6b
ffccffb4ffb4ffac
ffecffe4ffd4ffd4
ffe4ffecfffcfffc
ffacffc4ffdcffec
ff73ff8cff94ff9c
ff63ff6bff63ff63
ff53ff4bff4bff53
ffd4ffb4ffb4ff73
fe9300fd02d7022e
fd92fdaafdc2fde2
007c004cff6bfe2a
fcf1fdcaff53003c
fd59fd69fd49fd11
fd41fd21fd21fd39
fe0afdd2fd92fd69
ff23fef3fea3fe4a
ff5bff5bff53ff3b
fff4ff94ff6bff5b
0044ffcc0034004c
028f027602360165
02af02af02a7029f
02af0297028f029f
01de01fe02160236
0165018e01be01d6
006400dd010d012d
000cffe4fff4002c
003c003c00440034
000400140014002c
ff8cffa4ffc4ffdc
ff0bff4bff63ff73
feabfe72fe6afeab
ff94ff6bff43ff03
ffb4ffacffa4ff9c
ffdcffd4ffd4ffcc
0014fffcfffcffec
ffdcfff40014001c
ff9cffb4ffccffd4
ff73ff73ff73ff8c
ffacff8cff7bff5b
010dffbcffd4ffc4
0095027e03770377
fe93feb3fecbff0b
021e01ce009dff2b
fdf2fed3008501be
fe3afe42fe2afe02
fe4afe3afe2afe2a
fedbfeb3fe8bfe6a
ff5bff4bff2bff03
ff6bff63ff63ff63
001cffc4ff94ff7b
015d00e500cd008d
02bf0297025e01f6
02cf02df02df02d7
02a70287028702a7
0206021e024602a7
017d01a601ce01ee
008d00f501150155
0014fff4000c003c
003c003c003c002c
fff4000c00140024
ff8cffa4ffd4ffdc
ff43ff63ff73ff84
fe3afe52feabff13
ff53ff03fea3fe5a
ffa4ff9cff84ff7b
ffdcffccffccffbc
001c0004ffecffdc
000c001c002c002c
ffbcffd4fffc0014
ff8cff84ff84ffa4
0004ffdcffa4ff84
02a7fffcffbcfff4
019602df037703a0
ff4bff43ff53ffdc
031f02d701be001c
ff1b001c01ae02bf
ff33ff2bff13fefb
ff33ff23ff2bff23
ff73ff63ff5bff43
ff9cff94ff84ff7b
ffb4ff9cff9cff9c
0095003cfff4ffcc
020e01b6015d00fd
02d702af02870256
02c702e702f702f7
0297027e0276029f
021e0246029702ff
018e01b601de01fe
00c50105012d0165
0014fffc002c005c
002c0044004c0034
fffc000c000c001c
ff94ffbcffccffdc
ff5bff63ff7bff84
fe42feb3ff2bff53
fea3fe3afe12fe22
ff94ff73ff53ff1b
ffccffbcffb4ff9c
0004fff4ffdcffd4
001c00240024001c
ffb4ffd4fffc0024
ff94ff94ff94ffac
000cffecffc4ffa4
03470165ffbcfff4
013d022e029f0337
ffb4ff63ff6bfffc
036f032f023600c5
fff40105023e0317
ff53ff3bff43ff7b
ffb4ffa4ff84ff63
ffc4ffb4ffb4ffb4
000cffecffccffc4
003400240024001c
015d00fd00a5005c
026e023601f601ae
02bf02a70297028f
029702bf02cf02cf
027602660256026e
0236028f02df02ff
019601c601ee020e
00dd0115013d0175
0014000c0034007c
003c004c0044002c
ffecfffc00040014
ffb4ffb4ffbcffcc
ff63ff73ff7bff94
fecbff3bff53ff5b
fdfafdf2fe02fe42
ff6bff33febbfe42
ffb4ffacff9cff8c
ffecffccffc4ffb4
00040004fffcfffc
ff94ffbcfff40004
ff84ff8cff8cff84
ffd4ffccffa4ff94
034702cf00bdffac
00c500f5017d02ff
ffc4ff7bffb4003c
02ff02bf01d600a5
00640135021602bf
ff13ff0bff4bffc4
ffe4ffc4ff8cff3b
001cfffcffe4ffdc
00950074004c0034
00bd009d00a500ad
021601c6016d010d
026602560246023e
024e02560266026e
022e024e025e0256
023e022e0216020e
028702ef02f70307
019e01d601fe0226
00ed0115013d0175
001c001c004c00ad
00440044003c0024
ffdcfff40004001c
ffacffb4ffb4ffbc
ff7bff8cff8cff94
ff33ff4bff5bff6b
fdeafe02fe52fee3
fedbfe52fe02fde2
ffa4ff84ff6bff43
ffbcffacffb4ffb4
ffccffccffc4ffbc
ff6bff8cffacffbc
ff53ff63ff53ff5b
ff63ff73ff6bff53
032f032f028f0014
00bd007401c60337
ff84ff9c002c00c5
01b6015d0095ffec
005400b5011d018e
ff53ff6bffa4fff4
001cfff4ffb4ff73
00ad008d005c0034
00cd00dd00dd00cd
014d00e500b500b5
027e0266022e01c6
01f6020602260256
017d019601c601e6
0175017d01860186
01c601b6018e016d
02f703070307030f
01b601de020e027e
00fd011d0155017d
0014002c006400c5
002c00340034001c
ffc4ffec0004001c
ffa4ffbcffbcffbc
ff84ff84ff8cff94
ff4bff5bff6bff73
fe1afe72fef3ff33
fe0afdeafdeafdfa
ff6bff3bfee3fe6a
ff9cff9cff9cff94
ff7bff84ff73ff84
ff33ff4bff63ff73
ff0bff0bff0bff23
ffccff13ff1bff23
03170307031f0216
005400340266034f
ff63ffb4005c00c5
001cffecff8cff63
ffb4ffccffdc0004
001c000cffdcffac
00b5008d0064003c
010d010500ed00d5
0044008500cd00fd
01f6015d00bd004c
027e02a702970266
014d016d01be0226
0054008500cd011d
0064005c0054004c
00dd00c5009d007c
030f030702f70307
01be01ee025e02ef
010d0115012d017d
0024003c008d00d5
0024002c00340024
ffd4fff40004001c
ff9cffb4ffb4ffbc
ff73ff8cff94ff94
ff53ff5bff63ff6b
fe8bff13ff43ff53
fdfafdfafe02fe22
fee3fe72fe22fe02
ff7bff84ff7bff43
ff4bff53ff53ff6b
fef3ff03ff2bff43
feebfee3fee3feeb
02360014fefbfeeb
02f702ef031f0337
ffbc006402ef034f
ffa4002400c500ad
ff13ff13ff2bff5b
febbfed3fee3ff03
00d5008dffe4ff03
01150115010500ed
007400b500dd00fd
ffbcff5bffa4001c
026e01fe01550085
0216025e028f029f
008500c5012501a6
ff43ff84ffe4004c
ff63ff53ff3bff33
ff84ff7bff84ff7b
02e702e702f70307
01c6022e02c702ef
010d00dd00c50175
0024004c00a500e5
002c0024001c001c
ffd4ffe400040014
ff94ff9cffacffcc
ff73ff8cff94ff94
ff53ff53ff53ff5b
ff13ff43ff53ff53
fdfafe02fe22fe93
fe2afe12fe0afdfa
ff53ff23fed3fe6a
ff33ff4bff53ff6b
fee3feebff0bff23
ff4bff13fefbfeeb
033f029f00fdffbc
02ef03170337033f
ff6b010d0327033f
004c00d5012d0085
fecbfefbff53ffcc
fe1afe42fe6afe9b
010500c5ffd4fe72
006c00b500e500fd
fee3ff53ffbc001c
fff4fe8bfe22fe72
02660256020e014d
013d019e01f60246
fff4001c006c00dd
ff4bff6bffa4ffd4
ff4bff4bff43ff43
febbfee3ff13ff3b
02bf02b702df0307
01f6028f02cf02c7
010500fd01250196
0024005c00bd00e5
00140014000c000c
ffc4ffdcfff4000c
ff94ff53ff73ffac
ff7bff7bff84ff84
ff5bff5bff5bff63
ff3bff4bff4bff53
fe0afe3afebbff1b
fe12fe12fe12fe0a
ff2bfe6afe32fe1a
ffbcffc4003c002c
00ed00b5007c0014
01fe018601350115
033f031702b70236
02ef02ff0327032f
ff8c01de033f0337
00b500f500b5ffc4
ff43ffacfffc005c
fe22fe62fea3fef3
00540044ff84fe62
fee3ff4bffb4000c
fdeafe02fe3afe8b
009dfee3fde2fdda
01de0226022e01c6
007400bd0115017d
fffcfffc001c0044
ffe4ffe4ffecfffc
ffc4ffd4ffdcffe4
ff0bff43ff7bffac
0276029702c702ff
026602af029f026e
00fd012d016d01c6
002c007400bd00d5
0004fffcfffc000c
ffccffd4ffecfffc
ff94ff8cff94ffac
ff63ff73ff7bff84
ff53ff5bff53ff53
ff43ff4bff4bff4b
fe42febbff1bff33
fe12fe12fe1afe12
ffc4fe72fe2afe1a
008500950165015d
02cf028f0216015d
02bf02e702f702f7
032f031f02cf0287
02df02ef031f0337
009d028f0347032f
00340004ff6bff23
000c002c003c0034
ff53ff94ffb4ffdc
ff73ffacff84ff3b
fe02fe2afe83fefb
fe3afe22fe12fe02
00c5ff9cfebbfe5a
0105016d01ae018e
003c0044006400a5
00340034003c0044
001c001c002c003c
fff4fffc0004001c
ff94ffa4ffbcffdc
023e028702df030f
02af028702560226
00f5012d018e0246
0034007400b500dd
fff4fff4fff4000c
ffd4ffdcffdcffec
ff8cff8cff94ffac
ff73ff7bff73ff7b
ff4bff53ff53ff5b
ff3bff4bff3bff43
fec3ff13ff23ff33
fe1afe2afe2afe52
0095fed3fe42fe1a
0074008d0186019e
02d7028f0226016d
02af02df02f702ef
0337032702df0287
02df02e7030f0337
01d602e703470327
ff0bfea3fe7afff4
ffccffb4ff84ff43
00240014fff4ffd4
ffe4001c00340034
fed3fef3ff3bff9c
fe8bfe62fe72fea3
008dffecff4bfee3
004c007c00b500cd
00340034002c0034
0044004c004c0044
001400240034003c
ffd4ffecfff40004
ff9cffa4ffacffbc
0236029f02e702ff
0287024e021601fe
01050145020e0297
002c006c00b500dd
ffd4ffdcffdc0004
ffbcffccffc4ffc4
ff73ff84ff94ffa4
ff6bff63ff5bff63
ff4bff5bff63ff63
ff2bff2bff23ff33
ff03ff13ff13ff1b
fe22fe2afe62fec3
00fdff43fe6afe2a
00540064016d01b6
02cf027e021e0155
028f02cf02e702df
0337032702e7027e
02e702df02ff032f
026603070337031f
fe4afe12fef30105
fec3feabfe8bfe72
ff94ff43ff03fedb
00ad009d005cfffc
ffd4000c004c0095
ff13fef3ff13ff7b
0014ffecffacff5b
0014001c001c001c
003c0034002c001c
003c004c00540044
fff40004001c002c
ffa4ffb4ffd4ffe4
ff73ff7bff84ff94
026602b702df02f7
0236020601e60206
011d01ce02660266
002c005c009d00dd
ffb4ffbcffc4fffc
ffacffb4ffacffa4
ff6bff7bff84ff8c
ff53ff4bff4bff53
ff4bff53ff53ff4b
ff0bff1bff23ff33
feebfee3feebfefb
fe22fe4afea3fedb
012dff9cfe9bfe3a
003c0054015501ae
02bf026e02160145
027602b702cf02cf
032f031f02f70287
02ef02df02ef031f
025602ff03270317
fdeafe12ff9c015d
fe2afe2afe2afe22
fe8bfe5afe42fe32
00850014ff7bfeeb
0064008d00b500bd
ffccffd4fffc003c
0004ffecffdcffcc
00240024001c0014
00340034002c0024
001c0034003c0034
ffccffe4fff40004
ff7bff8cffacffbc
ff33ff43ff4bff63
029702bf02df0307
01ee01ce01e6022e
01ae02460246022e
0024006c00a500e5
ffa4ffacffbcfff4
ff84ff8cff8cff8c
ff33ff63ff7bff84
ff4bff5bff53ff4b
ff33ff3bff43ff3b
ff13ff23ff2bff2b
fee3fee3feebff03
fe4afe8bfebbfed3
0145ffbcfe8bfe5a
003c0044014d01ae
02af025e02060135
0266029f02bf02bf
031f0317030702a7
02d702cf02e7030f
021602ef03270307
fdc2fe830034016d
fdf2fdf2fde2fdc2
fe4afe3afe2afe02
ffbcff23feb3fe6a
00b500d500c50054
002c007400a500b5
002400140004fffc
002c00340034002c
001c002c002c0024
ffe4000400140014
ffa4ffb4ffc4ffd4
ff43ff63ff84ff8c
feebfefbff03ff23
029f02cf02f70307
01be01be01f6025e
022e022601fe01ce
002c006c00c5018e
ff8cff9cffc4fffc
ff7bff7bff7bff84
fef3ff43ff73ff73
ff3bff4bff4bff33
ff1bff23ff23ff2b
ff0bff0bff03ff13
fec3fed3feebff03
fe62fe7afe9bfeab
0145ffbcfe22fe62
002c002c014501ae
029f024e01ee011d
025e027e02b702bf
030f0317030702b7
02b7029702c702ff
01fe02ef032f030f
fe0aff2b0085015d
fe3afe02fdb2fd9a
feebfed3feb3fe72
ff13fedbfedbfee3
010500f5006cff9c
007400bd00dd00ed
0044003c002c002c
002c00340034003c
0004001c001c001c
ffb4ffccffe4ffec
ff73ff84ff94ffa4
fefbff23ff43ff5b
fe9bfeabfebbfedb
02a702df02ff0307
019601ce022e026e
020e01f601b6018e
002c0095016d021e
ff7bff94ffc4fffc
ff6bff7bff73ff73
ff3bff53ff63ff63
ff23ff2bff2bff3b
ff03ff1bff1bff1b
feebfeebfef3fef3
fe9bfeabfec3fedb
fe5afe52fe6afe83
01550014fddafe1a
002c0014012d019e
0287024601de010d
025e025e029f02a7
0307030f02ff02c7
02df02bf02b702e7
01d602df03370317
febbff94006c0115
ff3bfee3fe72fe4a
ffbcffb4ff9cff7b
ff3bff5bff8cffac
011500adffe4ff4b
009d00c500d50105
004c004c003c0054
0014002400340044
ffdcfff4fffc0004
ff84ff9cffb4ffc4
ff33ff4bff63ff6b
feb3fedbfef3ff13
fe4afe5afe72fe93
02a702df030f0317
01a601ee0236025e
01d601a6017d0175
005c015501fe01fe
ff73ff84ffa4ffe4
ff63ff6bff6bff6b
ff3bff4bff5bff6b
ff13ff1bff1bff2b
ff0bff0bff13ff13
fee3fedbfeebff03
fe93fe9bfea3fec3
fe52fe42fe4afe6a
016d0064fe22fd9a
002c0004011d01a6
026e023601d60125
026e0236026e0287
02ff030702f702cf
02f702d702b702cf
019602b7032f0317
ffacffe4004c00cd
0014ffecffbcff9c
00440044003c0034
ffdc000c002c0044
00cd0024ffa4ffac
008d00ad00d50105
003400240024004c
ffec000400140024
ff9cffb4ffccffd4
ff43ff63ff84ff94
fedbfefbff1bff2b
fe62fe83fe9bfebb
fe02fe12fe22fe42
02cf02ff0307030f
01b601fe023e027e
0186015d015d0175
016d01ee01ce01b6
ff6bff84ffb40034
ff5bff63ff73ff6b
ff33ff43ff53ff63
ff03ff13ff13ff23
ff03ff03fefbfefb
fec3fecbfee3fefb
fe72fe8bfe93feab
fe22fe3afe32fe4a
017500adff4bfdba
0014ffe400f50196
025e022601d60125
027e0226023e0276
02e702f702ef02cf
02d702c702b702bf
014d02870327031f
0054004c007400ad
006c006c00740074
008500850085007c
0074008d008d0085
005cffdcffe40034
006c009500cd00cd
ffecffecfffc0034
ffc4ffccffdcffec
ff5bff73ff8cffa4
fefbff13ff33ff4b
fe83fea3fecbfedb
fe0afe2afe4afe62
fdc2fdcafddafdea
02ef02f702f702e7
01d60216026602a7
013d013d014d019e
01a6017d0175015d
ff73ff9c0054015d
ff53ff5bff5bff6b
ff23ff2bff43ff53
fef3ff03ff13ff1b
fedbfeebfeebfeeb
fea3feb3fec3fed3
fe3afe62fe7afe93
fe4afe2afe2afe32
016500d50044ff8c
0004ffcc00e5018e
0236021e01d60115
0297021e020e0246
02d702df02df02d7
02a7029f02af02bf
012d026603070317
008d008d008d00ad
0095009d009d009d
00b500ad00a5009d
00c500c500bd00bd
ffecffdc002c0095
004c0085009d0064
ffb4ffccffec001c
ff7bff8cff9cffb4
ff13ff33ff4bff63
fea3febbfedbfef3
fe32fe4afe6afe8b
fdbafddafdf2fe12
fd82fd82fd92fda2
02e702d702e702e7
01fe023e028702d7
01150135017501b6
0155014d013d0125
ffa4009501960196
ff4bff53ff53ff6b
ff0bff1bff33ff3b
fedbfee3fefbff0b
febbfecbfedbfeeb
fe8bfe8bfe93feab
fe2afe42fe62fe83
fec3fddafe12fe22
016d00fd0074003c
001cffbc00c50175
022e021601d6012d
029f022e01f6021e
02cf02d702cf02c7
02c702af02af02bf
011d024e02f702ff
009d009d00a500b5
00b500bd00bd00ad
00b500b500ad00b5
00cd00d500cd00bd
ffa4ffec006c00bd
0034006c004cffdc
ff84ffacffdc0004
ff2bff43ff5bff73
febbfee3ff03ff1b
fe52fe62fe7afe93
fde2fdfafe12fe32
fd71fd92fdaafdca
fd49fd49fd49fd59
02cf02df02bf02df
0236026e02bf02df
012d015501a601d6
0125011d010d010d
00fd01ae017d0155
ff43ff53ff6bffdc
fefbff13ff2bff33
fec3fecbfedbfeeb
fe9bfeb3fec3fec3
fe62fe72fe72fe83
fe1afe2afe4afe5a
ff0bfd69fddafe12
0175012500bd005c
003cffac009d0165
0216020e01d60145
0297023e01e601f6
02cf02d702cf02b7
02ef02cf02b702c7
0115022602df0307
00b500b500b500c5
00bd00c500c500bd
00a500a500a500ad
00ad00b500ad009d
ff73ffe4007400ad
00340044ffecff7b
ff53ff8cffbcfff4
fee3fef3ff13ff33
fe6afe93feb3fecb
fe02fe12fe1afe3a
fd92fdb2fdcafdea
fd39fd49fd61fd79
fd21fd19fd11fd21
02df02bf02cf02f7
024602a702d702b7
014d018e01c60206
010500fd00fd0115
019601650135011d
ff43ff84005c014d
feebff03ff13ff2b
feabfebbfecbfed3
fe7afe8bfea3feab
fe42fe4afe4afe62
fdfafe12fe22fe3a
ff33fd51fd8afdea
017d0165011d009d
006cffac007c014d
0206021601fe0175
0297024601e601d6
02d702d702d702c7
030f02df02b702c7
0125020602bf02ef
00bd00c500c500d5
00a500bd00c500bd
007c007c008d009d
00640074007c007c
ff53ffd40054006c
00140004ff94ff43
ff2bff63ff9cffd4
fea3feb3fec3fef3
fe22fe4afe62fe7a
fdb2fdcafdd2fdfa
fd49fd61fd79fda2
fd09fd11fd21fd39
fd01fcf1fce9fcf9
02c702ef032f02f7
028f02c702a702cf
0165019601ce0226
00f500f501050135
0125010d00fd00ed
ffec00e5016d0155
fee3fefbff0bff43
fe9bfeb3fec3fed3
fe4afe62fe83fe93
fe22fe32fe3afe4a
fddafdeafe02fe12
ff7bfdb2fd59fdba
01b60196015500d5
00f5000400ad017d
02260246024601ee
029f025601f601de
02d702df02e702d7
031702ef02b702bf
0155022602a702e7
00b500c500cd00dd
007c009500a500ad
0044004c0054006c
000400140034004c
ff3bffc4001c0014
ffdcffbcff43ff0b
ff03ff3bff63ffa4
fe52fe6afe83fec3
fdcafdf2fe12fe32
fd59fd71fd82fdaa
fd09fd19fd31fd49
fcd9fcd9fce9fd01
fcf1fcd9fcd1fcc9
02bf030f032f02ef
02b702a702b7027e
016501ae01fe0266
00dd00dd00fd013d
00ed00d500cd00d5
014d0155011d0105
fed3feebff3b0064
fe7afe9bfeabfecb
fe32fe42fe52fe6a
fdfafe0afe22fe2a
fdbafdd2fde2fdea
ffecfe3afd49fd92
01c6019e015d00e5
015d00b5012d01be
02160256025e021e
02bf027e022601e6
02cf02e702ef02ef
033f030f02b702b7
015d023e028f02ff
00a500b500c500d5
0054006c00850095
000c00140024003c
ffacffc4ffec000c
ff1bff94ffccffbc
ffa4ff6bfefbfed3
fec3feebff23ff6b
fdfafe1afe42fe83
fd79fd92fdbafde2
fd11fd29fd41fd61
fcd9fce9fcf1fd01
fcb1fcb1fcb9fcd1
fcf1fcc9fcb9fcb1
fdaafdaafdaafd9a
fe93fdfafdeafdca
fdfafde2fe9bff3b
00c5000cff03fe52
004cfffc004c00ad
000c0044001cffe4
0014ff73004400c5
ff9cffa4ffb4ffe4
006cfff4ffecffb4
fff4fffcfe8bff0b
fffc00640095004c
ffc4ff84003c0024
ff2bff4bff33ff53
feb3fdf2fddafe93
008d00bd0014ffb4
fe8bff330024fffc
000cff3bfedbfe3a
ff9cff3bffd400ad
fdaafd8afd79feb3
fde2fdaafdaafda2
0347030f0216fff4
037f0377036f0357
037f039003880377
0388037f037f0377
031f0347035f0388
00ad01fe029f02df
fd59fd69fdbafeeb
fd39fd21fd19fd21
fcf1fce1fcf1fd19
fd11fd59fd61fd21
fcb1fcb9fcc9fce1
fd41fd21fce1fcb9
fdbafd92fd8afd9a
ff3bfe52fde2fdf2
fec3feb3fe72fefb
00cd00f50054ff43
0054004c0054009d
00e5006c009d004c
00040014000400fd
ffbcff6bff33ffb4
006c006cffecffa4
006c008dff84ff63
00950095009d0074
0044003c00440064
ff8c0004ffacffc4
ff33fe3afe6aff73
00ad008d006c0044
fecb003c00540064
ff5bfeebfea3fe4a
ff84fff400b50064
fd79fe02ff23ffbc
fdf2fdaafda2fd9a
034f0317022e0014
036f0367035f0357
037f0388036f0367
0377037f0377037f
032703470357036f
00bd0206029702df
fd59fd69fdc2ff0b
fd09fd01fd19fd29
fcc1fcc1fcd9fcf1
fcb9fcd9fce1fcd9
fc89fc89fc91fca1
fe1afdcafd39fcb9
fdc2fd92fd82fd9a
ff84ff8cfe4afdca
ff4bff3bff13feab
00e500bd00dd002c
00d500b5009d00c5
01250105008500bd
ffec007c004c00ad
ffb40004ff5bff4b
004400ed007cffac
00f500d50074ffd4
00e500bd00dd00e5
00a500b500ed007c
fff4006c00850054
ffbcff2bfec3ffcc
005c00d5007c00a5
ff8c006c008d00fd
ff94ff43ff43fee3
ffd400dd00cdfff4
fe22ff8cff8cff63
fde2fda2fdc2fd8a
0357031f02460024
037f036f0367035f
0367036f036f0377
035703670367036f
032f035703470347
00dd0206028f02df
fd61fd69fdcaff2b
fd19fd19fd49fd49
fce9fce1fcf1fd09
fcd9fcf9fd11fd09
fcb1fca1fcb1fcc9
ff2bfebbfdf2fd21
fdc2fdaafd8afd82
ff73001c0014fea3
fffcff73ff53ff1b
00c5006400640085
015d012d00bd00d5
00e500dd00ed00c5
ff8c007400cd00e5
ff840004fffcff2b
000c00ed00bd0024
00fd012d00ed0064
00f5013500ed00ed
00a50105013d00ed
008500b5013d00a5
0024ff9cff3b0014
00b5014d011d010d
0004006c00ed0115
0004ffb4ff9cffb4
0074012d008dfffc
fff40004ffe4ffdc
fddafd9afd9afe3a
0367032f0256003c
0388037f03770377
02b702c70317036f
02af02c702d702cf
0327034f031702c7
00fd0206028702d7
fd79fd71fde2ff4b
fd61fd69fd92fd79
fda2fd59fd51fd59
fddafe2afe3afe02
fd11fd19fd39fd82
fff4ff5bfe62fd79
fed3fdbafd9afd79
ffb40034005c006c
0004000cff9cff63
00ad0064fffcffcc
016d018600ed00ed
00fd00f500bd0115
ffe4ffcc010d0125
ffe4004c00ad0004
0054009d00dd0064
0105010d015d0105
003c017d0155016d
00c50105013d00ed
00d50105013d0115
008dfff4ff4b0034
00f5016501150145
0034007c00d500fd
ffdcffc4ffccffcc
00ed010d007cffac
00b5009500340004
fe02fd8afed3008d
03770337025e0064
037703880388037f
0105013502360317
0125013d01550135
0317031f028f01a6
0125020e027e02cf
fd82fd82fdf2ff7b
fd9afdaafdbafd9a
fe83fddafd92fd92
ff03ff8cffacff4b
fd59fd71fdc2fe52
0034ff7bfe6afd8a
007cfefbfdc2fd79
ffec0085008500a5
ff730014002cffb4
00d5009d005cffc4
0125017d015500fd
015d011500f500d5
007cffe400cd0145
00ad00dd00f500bd
011d006c010d00bd
015d0115015d01a6
00dd012d01b601be
00ed0105013d0135
0115011d01450115
00a5001cffd40085
009d011500cd011d
003c007c00e5006c
00140024fff40004
010d00e50095ffd4
00ad0024ffdc0054
fe3aff1b00bd010d
036f032f025e006c
035f0388037f037f
fef3ff3b00f502a7
ff2bff43ff63ff3b
030f02e701e6001c
01450216027602cf
fd71fd8afe0affa4
fd92fd9afdaafd82
fec3fdeafd82fd79
ff530004002cffac
fd59fd79fde2fe8b
001cff33fe0afd69
00c50095fec3fda2
000c006c00b50095
ff84ff13000c001c
00dd00a500a50085
00d5013d018e013d
014d018e00fd00b5
010d007c0054010d
00e5011d0145015d
01d6011d01450115
0175013d014d01b6
013500e501d601ee
012d011d01350165
0155015d018e010d
0125007c004c0074
00cd00a5010d019e
0054008d0115008d
0085006400440044
01050105003cffd4
008d0014ff6bffe4
ffd4010d014d011d
034f031f0256009d
034703770377036f
fe1afe7a00540266
fe4afe42fe6afe4a
031702df01a6ff7b
01650226027602cf
fd59fd8afe1affcc
fd59fd71fd79fd61
fe52fd82fd31fd31
fed3ff7bffacff3b
fd19fd31fd71fdfa
fff4fee3fd9afd29
00dd00f50024fe72
007c006c007400c5
003cfedbfedbfffc
00bd00b500b500d5
008d00a5010d0125
01350175016500d5
018e00f5009500e5
010d012d0155016d
01b601ee014d0155
016d0135011501ae
01a600fd014501fe
015d013d01450165
0165019e01b6011d
015d00b500a50074
00dd007c013501be
007c00cd012d010d
007c00b500a5009d
013500ed0014fffc
008d0034ff9c0054
0145016d017d00ed
033f030702460175
034f0388037f0367
fdf2fe2a00340266
fe02fe32fe7afe52
031f02e701aeff5b
01750226027602cf
fd41fd82fe3affec
fd39fd59fd51fd49
fd82fd01fce9fd01
fda2fe2afe6afe22
fcc9fcd1fce9fd21
ffecfed3fd79fcd9
00ed00cd00b5ff94
000400bd009500ad
00cd004cfefbfedb
00ed00c5006c0095
012d00b500b500dd
01750145019e0115
01be018e0135010d
015d014d018e0196
011501de01c6017d
01a6018e00e50105
018e014500dd0165
015d014d00fd013d
013501b601be01ae
013500a500a500cd
00bd009d012d018e
0095009d01250135
001c007400cd0085
013d00cd002c000c
00c5ffdc004400a5
015d01b6014d00ad
033f02df0216017d
0347037f0388036f
fe2afe2200340266
fde2fe62feebfecb
030702df01b6ff73
0175022e026e02af
fd31fd71fe62000c
fd39fd51fd41fd39
fd01fcd1fcd1fcf9
fce9fd41fd82fd51
fc99fc99fca9fcc1
ffe4fedbfd8afcb9
00bd00cd00f500c5
ff8400a500ad00c5
00ad00cd008dffac
00b50074005c002c
00e500dd003c007c
01250115013d016d
019e01be01450105
0196016d01960145
00ad00cd01c6017d
01a6019e011500d5
014d019e011d00ed
016d010d00e5011d
014d01a601ce01a6
011d00c500dd013d
00c500b50105016d
00ed010d0165012d
006400dd010500cd
014500ad00850074
0024003c00cd011d
016d018e00e500f5
031f025e01ae014d
0357037703770367
fee3feb30085028f
fe2afedbffa4ff9c
02bf0287015dff73
0186023602660287
fd29fd79fe83002c
fd41fd51fd49fd31
fd11fce1fcd1fcf9
fcf1fd39fd71fd59
fc91fc99fcb1fcc9
ffe4fefbfdaafcc1
00ed00cd00d500f5
003c007c00d500e5
005c0095011d00d5
0014002c001c0014
013d00e5009d004c
0135015d00850175
012d01ce01ae0145
015d0155015500ed
009d003400cd0145
01350175011500bd
0145015d013500d5
018e0115010d011d
016d015d01be017d
015500c500bd0145
00d5013d013d0155
014500ed01750135
00fd012d013d014d
0196014d00d500cd
003c00f501050145
0115013500a500b5
02c701e6016d0145
036f037f037f035f
003cffdc012502c7
feebffdc00c500d5
024602060105ff7b
0196023602560246
fd21fd71fe9b004c
fd41fd59fd51fd39
fd51fcf1fcd9fcf9
fd21fd92fdeafdc2
fca1fca1fcc1fce1
ffdcff13fde2fce1
00e500b5009d008d
010500d500cd00ad
001c007c00dd00fd
0014ffdcfffc0014
011d00c5008d002c
0155018e005400ad
00c5016d01be0165
010d014501350105
00cd0034001c00bd
00cd011d011d00c5
012d00e5011d0115
012d013500cd010d
012d012d012d012d
0135006c00ad0135
010d014d015d0165
016d011d014d014d
01550145015d019e
01c6016d01450105
00fd012501a601b6
00e5010d010d007c
0216017d01450105
03570377037f02ff
0175010501ae02bf
fffc010d01d601e6
01ee019e00cdffdc
01960226023e0216
fd29fd71feab005c
fd39fd49fd49fd31
fd9afd09fce1fcf9
fd51fdeafe5afe32
fca9fcb1fcc9fcf1
ffc4ff13fe02fcf9
00b500a500640044
011d010500bd006c
fffc006c00bd0125
0004ffb4ffbcffdc
00a50095006c0034
012501750074ffb4
001c011501be017d
00ed00fd00dd00bd
00ed008dffec002c
00bd00d500dd00dd
0196010d01050135
00bd0115008d0115
01650165010d00fd
010d008500dd0155
00cd00f50115010d
019e0125010d00e5
01750165016501ae
01b601ae01ae018e
018e016d01be01ce
0105015d014500bd
019e016d015500a5
02e7031702ef020e
01e6019e01d6026e
00dd0196021e022e
01c6017d00f50095
017d020e021e01f6
fd29fd71fea3004c
fd31fd51fd59fd41
fdd2fd29fcf1fd01
fd82fe2afea3fe83
fcb1fcb9fcd1fd01
ff94fefbfe02fd01
007c009d00540014
011d010d00b5005c
ffacfff4005c010d
ff7bff73ff8cff84
ffdc003c002cffec
0115018e00adff53
00440085011d0135
00ad00bd0085009d
00dd009d00640004
009d003400ad00a5
017d014500bd00c5
00a500c500fd00f5
01450145011500d5
00dd00c500ed0115
006c009d00ad0085
0175013d00fd00a5
019e015d0135014d
01e601e601de0196
019e01ce01de01be
012501ae014d00fd
0115012d013d00b5
02360256021e017d
01ce01be01c601fe
012d018e01de01e6
017d0155011d00fd
014d01e601ee01b6
fd39fd61fe7a0024
fd49fd69fd8afd71
fe3afd71fd29fd21
fddafe93ff1bfef3
fcc1fcc9fcf1fd41
ff43feb3fde2fd09
00440085001cffc4
00fd00f5007c005c
ff2bff7bffbc0095
ff5bff2bff63ff4b
ff4bff63ffccffc4
0105016d00e5ff13
006cff84ffbc00dd
0034ffecffec0054
00a500bd004c0014
00ad0054004c0044
012501750115007c
00d500e500fd0095
011d00e5012d011d
007400fd011d011d
0024003c00b5003c
015d013d011d00bd
019e017501750175
01d601fe01de0196
01a601c6020e01d6
011d01de0175018e
0074015500f500dd
01ae01a6018e010d
0155015d017d019e
010d012d014d0155
011500fd00fd0105
00b501650186014d
fd49fd41fe1aff8c
fd59fd82fdaafd8a
fe8bfdbafd51fd39
fe4aff13ff8cff5b
fce1fcf1fd31fd9a
ff13fe83fdbafd19
ffc40054001cffd4
00ed00cd00850034
fee3ff0bff23001c
ff2bff23ff33feeb
ff5bfef3ff53ff94
009500f50115ff94
0024ff73feabff73
fffcffacff84ffdc
002c0085fff4fffc
00740034001c003c
00a50196014500b5
010d00b500b50074
0135007c008d0135
000c008501450135
004cffac0054000c
00fd013d011d00d5
01c601b6011d012d
01c601e601c60175
01d601a601fe01ae
01550206012501b6
00e50175012d00fd
016d01750125004c
00a500ad00f5013d
00d500cd00cd00bd
0074009500cd00e5
ff8c006c00bd009d
fd31fd11fd79fe7a
fd49fd71fd9afd82
fe7afdbafd49fd31
fe52ff0bff6bff3b
fce9fcf9fd41fda2
ff03fe62fd92fd09
ff8cfffcffe4ff9c
008d005c004c0014
febbfeb3fecbff5b
fefbfec3fec3febb
ff73ff2bfe8bff03
ffac007c00a5ffb4
ffa4ff4bfec3fec3
ffdc000cffa4ff4b
ffccffcc002cff8c
001c003c004c0004
007c011500e500c5
00e500d500ad006c
010d00a5fffc0064
ff63ffe400f50135
008dff7b00140004
010d00f5012d00bd
01a601d6011d012d
01ee01ae01ae017d
01d601be0196019e
01a6022e01450196
014d0155014d0135
011d016501050044
00340034007c00e5
00e500cd00a5006c
ffcc002c00b500fd
fe42ff53ffd4ffdc
fd19fce9fcf1fd51
fd29fd51fd71fd59
fddafd51fd11fd11
fde2fe72feabfe72
fcd1fce1fd11fd59
ff03fe5afd79fce9
ff53ff6bff4bff2b
ffe4fffcfffcffcc
fe83fe83fea3ff0b
fedbfe8bfe83febb
ffc40004fe5afe72
fecbffbc0024fff4
ff53ff0bff2bfe9b
ff8c0054ffb4ff6b
ffa4ff0bffccff53
001cffd40044ffdc
ffdc0064009d008d
005400540034ffc4
009d0095fffcffa4
ff7bff53005c00b5
007cffa4001c001c
014500c500d500cd
019601b600bd00e5
01fe016d01a60196
01d601e6019601de
01b6020e018e01ce
017d01860165014d
0135016500bd00fd
00ad0054006400bd
01860186016d012d
ff73fffc00cd015d
fe02ff33ffccff9c
fcf9fcd1fcc1fd11
fcf9fd29fd39fd29
fd09fcc9fcc1fcd1
fd19fd61fd92fd69
fca1fca1fcb9fce1
ff03fe5afd79fcd1
ff73ff4bff1bfebb
ff3bff94ff84ffbc
fe93fe93fe62fefb
fed3febbfe62fe7a
ff5b006cfea3fdfa
fe83ff0bff84ffb4
fef3fedbfef3fed3
ff2b001cffa4ffa4
ff43ff03ff23ff1b
ffc4ff6b000cffc4
ff33ffd40064003c
ffa4ffbcffe4ff7b
004c005c0044ff6b
ffacfec3fecbffcc
0085000c001c003c
012500d50085009d
016d016500a500a5
01ae014d016d014d
019601c601ae01fe
016d01f601b601de
0196016d018e012d
0155016500dd018e
01ce010d009500f5
024e027e0287024e
ff940044013501e6
fe72ff9cfffcffbc
fcd9fcb9fcd1fd69
fce1fd09fd19fd09
fcc9fca1fc99fcb1
fcc1fce9fd09fd01
fc99fc81fc99fca1
ff1bfe9bfdd2fd11
ff13fedbfea3fe83
fec3ff5bff33ff43
fe62fe3afe2afeb3
fe42fecbfe22fe32
ff33ffe4feebfdfa
fe62fe6afedbff4b
fedbfe9bfefbfed3
ff4bffccff63ff7b
ff2bfef3fe6afecb
ffc4ff73ff73ffa4
fef3ff1bffccffac
ff6bff6bff73ff6b
ff53ffbc0014ffac
ffbcffa4fee3fe9b
005c006cfffc0014
012500ed008d003c
0155013500d5009d
0175014501150125
016d014d015d0196
010501c6017501a6
017d010d017d00f5
017d012d014d01ce
02f7023e01650155
0317034703570347
ffe400f501fe02af
fe83ff5bffa4ff8c
fcf9fcd9fd11fdaa
fd21fd41fd49fd31
fd19fce9fce1fcf9
fcf1fd31fd59fd49
fcf1fc99fca9fcc1
ff2bfeebfe5afd9a
fefbfe52fe4afe4a
fe7afebbfec3febb
fe3afe22fe02fe52
fddafe7afe02fdc2
fedbff23fefbfdea
fe83fe4afeb3febb
fee3fe8bff13fec3
ff53ff73ff7bff1b
ff5bfeebfea3feb3
ff63ff9cff0bff2b
fef3feabff3bff4b
ff33fefbff13ff2b
fe1afe9bff2bffac
00140014ff9cfec3
00540085ffb4ff94
008500ed006cffc4
00fd00fd00cd00a5
013500dd00c500a5
0175013d014d0125
01250186013d018e
015d010501650155
016d0145015d01b6
03b00327022e01a6
03a003c003c803d8
0034019602a7034f
fe1afe72fec3fefb
fdb2fd79fd82fdca
fde2fdfafdfafde2
fdbafd92fd92fdb2
fd82fdbafddafdda
fd8afd29fd21fd41
ff53ff23febbfe22
fea3fe1afe32fe52
fe2afe62fea3fe5a
fdfafe1afe02fe32
fdbafdfafe2afdca
fe9bfebbfef3fe02
feabfe52fe83fe52
fe9bfe6afef3feeb
ff03ff2bff5bfee3
ff33ff23fec3fe7a
ff0bff7bfe8bfe8b
fec3feabfea3fe9b
ff5bfed3fecbfeeb
fe3afdeafe02fedb
ffbcffc4ff84ff43
002c005cff5bfed3
004400c5001cffbc
005c0095009d0054
00c50044009d00b5
013d01250145010d
0155015d0145017d
013d011d0115013d
012d00f50165017d
03e00367025e01d6
03b803d803f003f8
fff4017502af035f
fdb2fdb2fdfafe93
fe52fe2afe02fdda
fe72fe7afe7afe6a
fe4afe3afe32fe4a
fe22fe3afe52fe52
fe22fdf2fdf2fe02
ff63ff33fee3fe7a
fe62fdfafe0afe42
fe22fe12fe83fe5a
fdcafdf2fe0afe5a
fdd2fdbafe0afde2
fe72fe83fee3fe42
fea3fe22fe2afe42
fe93fecbff33fee3
fe83feebff7bff03
fed3ff33ff13fe7a
fe93ff33fea3fe22
fe7afe5afe52fe7a
fea3fecbfeb3febb
fee3fe12fe0afdfa
ff23ff84ff0bff0b
001c0074ff84fe72
ffc4004cffc4ffb4
0004002cfffcffe4
005cfff4004c0074
00fd00b500cd00c5
01450165014d016d
0155015d00fd00f5
011d010d017d016d
03900307021601ce
037f03b003c003c0
ff23007c01fe0307
fd79fd92fdeafe6a
fe8bfe62fe22fdb2
fe83fe7afe83fe93
fe83fe83fe7afe72
fe93fe8bfe93fe8b
fe83fe7afe83fe83
ff4bff0bfecbfe9b
fe42fe22fdb2fe1a
fe4afde2fe1afe22
fddafdeafdb2fdfa
fe1afd8afde2fdea
fe5afe83febbfe5a
fe5afe12fe1afe2a
fe6afeabfeebfed3
fea3fed3ff7bff5b
fe7aff43ff3bfe8b
fe02fec3ff03fe62
fe6afe5afe1afe2a
fe22fe8bfec3febb
fefbfe42fe0afe32
febbff23fecbfe6a
ffec007cff63fe5a
ff4bffacffacff6b
0024ffacff43ff3b
0024ffa4ffac0004
00dd00640064009d
0135018600fd0115
0115016d00d500f5
015d017d01860125
0297021601d6016d
02ef0317031f02ff
fe5aff6b013d026e
fd71fdaafe2afe52
fe52fe4afdfafd9a
fe22fe0afe22fe42
fe83fe7afe6afe42
febbfeabfe9bfe8b
fe72fe93feabfebb
ff03fe9bfe62fe5a
fe02fe32fd92fdea
fe7afe1afdfafdda
fdc2fdd2fda2fdc2
fe2afdc2fdcafdc2
fe72fe6afe3afe3a
fe4afe52fe62fe3a
febbfe8bfe83fe72
feabfec3ff43ff7b
fe62ff0bfefbfe4a
fe02fe52feebfeb3
fe72fe72fe62fe0a
fe3afe62feb3fea3
fe8bfe9bfe02fe1a
fea3fe83fee3fe3a
ffac009dff73fe93
fea3ff33ff53ff33
ffc4ff3bfeb3fedb
ffc4ff8cff6bff43
0014000cffdc003c
011d013d00b5006c
00e5016500bd00dd
0165017d015500bd
01fe01be01e60186
0226023e02a702b7
fdfafefb00bd01c6
fd8afe02fe6afe42
fdcafe02fdeafd9a
fd92fd71fd82fda2
fe1afe02fde2fdba
fe83fe7afe5afe3a
fdf2fe22fe5afe7a
fe52fdf2fdcafdd2
fde2fe12fdaafdba
fe02fe2afdf2fdda
fd92fd9afd8afd79
fe3afe0afdfafd9a
fe3afe8bfe5afe22
fe6afe83fe6afe4a
fefbfe8bfe93fe42
fe6afeabfeebff53
fe8bfecbfeb3fe1a
fdfafdf2fe7afecb
fe72fe62fe8bfe32
fe4afe72fe83fe8b
fe6afe9bfe52fe32
fe7afe3afebbfe93
ff6b00b5ffd4fe7a
fea3fe9bfeebfef3
fef3ff0bfe5afeb3
ff73ff8cff7bfefb
ff9c001cff8cffdc
00a500cd007c0034
00ed015d015d008d
01860196013500bd
0256022601fe01b6
012d018602bf02d7
fdbafe7affec00cd
fdd2fe4afe6afe12
fd9afde2fdf2fdba
fd51fd49fd51fd71
fdb2fda2fd8afd69
fe22fe22fdfafdd2
fd79fd92fdcafe02
fd8afd39fd31fd51
fdeafe0afdf2fdca
fdbafe3afe12fdf2
fd79fd82fd79fd41
fe02fe12fe1afd9a
fe3afe83fe2afe0a
fe72fe8bfe7afe62
ff2bfebbfea3fe72
fe62fed3fea3feeb
fe83fe9bfe72fe2a
fde2fdaafdc2fe6a
feabfe8bfe8bfe42
fe72fe6afe72fea3
fe93feb3fe6afe7a
fe83fe32fe52fec3
ff0300740034febb
feabfe72fe9bfecb
fe52feb3fe2afe3a
ff73ff6bff63fe9b
ff5bffa4ff63ff63
005400850004ffdc
006c010d013d0074
01a6019e014d00bd
023e022601de017d
ffbc005c0216027e
fdaafe12fed3ff63
fe0afe5afe52fdd2
fda2fdeafdfafdd2
fd41fd39fd41fd61
fd59fd51fd51fd41
fdb2fdb2fd92fd71
fd21fd29fd51fd82
fd19fcd9fcd1fcf9
fe1afe3afdeafdf2
fd79fe12fe2afdfa
fd79fd69fd59fd21
fdf2fdeafdeafdd2
fe42fe42fe5afe22
fe4afe5afea3fe7a
fed3feabfebbfe83
feabfe8bfe83fe72
fe22fe3afe4afe6a
fde2fd79fd59fdca
feebfecbfeabfe62
feabfe72fe3afe8b
fecbfefbfe83fe6a
fe62fe62fe5afe72
fec3ffa4006cff0b
fe7afe4afe42fe72
fe2afe62fe6afe1a
ff1bff2bff0bfe8b
fefbfeebff33ff03
ffdc0014ffc4ff5b
ffb4007c010500ad
018e0145015500ad
015501e601c60145
ff03ff7b004c00e5
fdaafde2fe3afe93
fe02fe3afe1afdc2
fda2fdeafdfafdea
fd39fd31fd39fd59
fd21fd29fd39fd39
fd49fd49fd39fd21
fcf1fd01fd11fd29
fce9fcb9fca9fcd1
fe02fe02fdbafdb2
fd41fdeafe32fe32
fd9afd61fd41fd09
fe2afdc2fdc2fdba
fe1afe42fe72fe3a
fe1afe1afe7afe32
fe5afe7afeabfe62
fefbfed3fe3afe32
fd79fd9afde2fe7a
fddafd82fd41fd21
ff13ff13fe83fe32
fe7afe62fe1afe62
fedbff5bfed3fe42
fe3afe72fe72fe8b
fe6aff0b004cff84
fe62fe6afe02fe2a
fe32fe22fe52fe1a
fee3fee3fefbfe93
ff33fea3feebfebb
ffacffb4ffacff03
ff63002c00f5006c
019e013500e50044
00c501e601fe0155
fefbff33ff6bffac
fda2fdcafe22fe93
fdd2fdfafdfafdd2
fd9afde2fdeafdd2
fd39fd29fd29fd51
fd19fd31fd49fd41
fd11fd11fd01fcf9
fcf9fd01fd01fd01
fce9fcc1fcb1fcd9
fe02fdeafd8afd79
fce1fd79fdd2fe0a
fdcafd59fd41fce1
fe42fdeafd79fd9a
fdbafdf2fe22fe2a
fdfafde2fe12fdfa
fe0afdf2fe62fe42
ff1bff33fe72fdfa
fcf1fcf9fd59fe22
fdc2fd82fd49fd11
ff03ff53fe9bfdea
fe42fe4afe02fe3a
febbff63ff1bfe42
fe6afe3afe72feb3
fdfafea3ffd40004
fe52fe62fe1afe1a
fe22fe1afe52fe4a
feabfe93fecbfe8b
fef3fec3fea3fea3
ffdcff4bff7bff13
ff4bffcc0085007c
012500e5004c002c
010d01e60226010d
feebff03ff3bffb4
fdbafdcafe2afe8b
fda2fdf2fe3afe1a
fd92fdcafdd2fdaa
fd31fd19fd21fd51
fd29fd49fd51fd49
fcf9fcf9fcf9fd01
fd01fd09fcf9fcf9
fce9fcc9fcc1fcd9
fdfafdd2fd8afd71
fcd1fd31fd51fdb2
fdaafd79fd39fcd9
fe42fdc2fd41fd51
fd59fd71fd9afdfa
fdb2fd82fd8afd8a
fdbafd92fdeafdca
fef3ff6bfef3fe1a
fce1fcc9fce9fd92
fd71fd51fd51fd21
feb3ff8cff0bfdfa
fdeafe52fe22fe3a
fe72fee3ff53fe83
fecbfe02fe22fe8b
fe0afe1afef3fff4
fe42fe62fe72fe3a
fe32fe12fe0afe2a
feb3fe5afeabfe62
fe83fee3fe62fe9b
ffd4ff43ff3bff03
ff33ff4b002c0024
003c008500340024
010501be01fe004c
fedbfefbff53fffc
fdeafdcafe22fe83
fd82fe2afeb3fe83
fd8afdbafdb2fd92
fd39fd21fd21fd51
fd31fd41fd39fd39
fcf9fcf1fd01fd11
fd09fd09fcf9fcf9
fcd9fcb9fcb9fce1
fddafdbafda2fda2
fcb9fcf1fd21fd49
fd79fd69fd31fcd9
fdeafdcafd21fd19
fd31fd29fd39fdaa
fd71fd49fd29fd41
fda2fd71fd92fd82
fe83ff63ff53fe9b
fcf9fce9fcd1fd39
fd79fd39fd41fd39
ff0bff84ff84fe6a
fdd2fdeafe6afe9b
fe8bfe6afed3fedb
ff13fdfafdfafe7a
fe3afdeafe52ff4b
fe5afe5afe62fe4a
fe7afe1afdf2fe2a
feb3fe42fe62fe83
fe9bfe72fe22fe3a
ffb4ff4bfee3fee3
ff3bff5300040004
ff6b005cfff4ff94
0064013d01b60044
feb3feebff7b001c
fdf2fdcafe12fe6a
fd82fe5afeebfea3
fd79fdaafdaafd79
fd31fd19fd21fd41
fd31fd31fd21fd21
fcf9fd01fd09fd19
fd09fd09fcf9fcf1
fcd9fcb9fcb9fce1
fda2fde2fdcafdca
fcb9fcc9fcd9fd11
fd79fd69fd39fce1
fd92fdc2fd19fd09
fd31fd09fcf9fd31
fd39fd31fd19fd19
fe4afd82fd49fd31
fe42ff23ff63ff0b
fd31fce9fce1fd21
fdeafd51fd41fd51
ff3bffc4ffe4ff3b
fe22fd71fe7afedb
febbfeb3fe22feab
ff13fe5afe02fe52
fe52fe3afe2afeb3
fe5afe62fe5afe3a
fe83fe12fdf2fe1a
fe22fe12fe1afe8b
fea3fe3afe5afdf2
ff8cff0bfeb3fea3
ff33ff4bffe4ffe4
ff430004fff4ff73
ffdc008d019e008d
feabfed3ff53ffcc
fddafdd2fe12fe62
fd92fe4afebbfe6a
fd61fda2fdaafd79
fd29fd29fd29fd31
fd29fd31fd39fd29
fcf1fd01fd09fd21
fd09fd11fd01fcf9
fcd9fcc1fcc1fce1
fd71fe22fde2fdc2
fcb1fcc1fcc9fce9
fd01fd59fd51fcf9
fd49fd61fd09fce9
fd11fcf1fce1fcf1
fd11fd19fcf9fd09
fecbfe02fd49fd29
fe1afee3ff43ff2b
fd59fd19fcf9fcf9
fe93fda2fd82fd71
ff3bffdc0044ffcc
feabfdcafdd2ff23
fe83fee3fea3fe22
febbfefbfe22fe3a
fe42fe6afe62fe4a
fe2afe6afe7afe42
fe93fe22fdfafdf2
fdd2fde2fe02fe52
fe93fe1afe62fe02
ff5bfefbfedbfe83
ff3bff5b000cfff4
ff8cffa4ffd4ff53
ff6bff94011d005c
fec3fed3ff33ffa4
fdcafde2fe3afe8b
fdaafe1afe5afe1a
fd49fd92fdbafd9a
fd31fd31fd21fd19
fd29fd39fd41fd31
fcf9fcf9fd01fd19
fd11fd11fd09fcf9
fce1fcc9fcc1fce9
fd21fdf2fdbafdb2
fcb1fcb1fcc1fcc9
fcd9fd82fd09fd09
fd39fd41fcf9fcd9
fcf1fce1fcd9fce1
fd11fd11fce1fce9
fed3fe5afdbafd31
fd8afeb3ff23ff1b
fd82fd41fd11fcd1
ff13fe12fdaafd92
ffa4ffdc00440014
fe6afe62fdaafeab
fe5afe9bff33fe93
fe62ff03fe4afdf2
fe42fe6afea3fe93
fddafe32fe72fe6a
fe42fe02fdf2fdf2
fdcafdbafde2fdf2
fe5afe22fe3afe6a
ff13fee3feb3fe6a
ff53ff53002c002c
ffacff5bff7bff73
ff43fee300540064
ff2bff43ff9cffec
fe0afe2afe93feeb
fdcafe1afe4afe22
fd49fd9afdd2fdca
fd39fd29fd19fd19
fd31fd41fd49fd41
fce9fcf9fd09fd19
fd11fd11fd09fcf9
fcd1fcc9fcc9fcf1
fce9fd92fd92fd9a
fcb9fcb1fcc9fcc9
fcd9fd8afce9fd01
fd21fd01fcd9fcb9
fce1fcc9fcd1fcd9
fd09fd09fcf1fcc9
fecbfe93fe2afd92
fd09fe3afee3ff1b
fda2fd79fd29fcd1
ff9cfe7afdc2fdca
ffb4002400340044
fefbfe9bfe32fe52
fddafdeaff0bff7b
fe6afe93feb3fdda
fe2afe4afec3fedb
fdf2fdf2fe42fe62
fe2afe12fddafdf2
fdfafdc2fdf2fdca
fe22fe0afdcafe32
ff7bfea3feebfe52
ff23ff43004c009d
0004ff84ff7bff33
ff53fe6affdc001c
0064009d00d500d5
ff43ff84ffe40034
fe8bfee3ff1bff2b
fd49fdb2fe12fe4a
fd39fd29fd11fd11
fd31fd41fd49fd39
fce9fcf1fd01fd11
fd09fd11fd09fcf1
fcd9fcc9fcc9fce9
fcc9fd59fd71fd8a
fcd1fca9fcc1fcc9
fcc9fd61fd29fcf9
fd11fce9fcc1fc89
fcc1fcb1fca9fcc1
fd11fce9fcf1fcd1
fed3fe9bfe5afdba
fce1fdcafe72feeb
fdeafd9afd71fce9
0004fee3fdeafdfa
ffa4006c0064005c
fffcff7bfeabfec3
fd8afd69fe22ffcc
fe93fe02fe52fe2a
fe3afe32fe8bfefb
fe1afdeafe0afe52
fdcafe1afdf2fe02
fe42fe1afe22fdba
fdeafdfafdc2fdd2
0034fecbfecbfe9b
feebff63004c00ed
ffecff9cff3bfef3
ff53fe5aff43ffec
01c60216024601be
0105013d0175019e
fffc006c00b500dd
fd69fe0afec3ff5b
fd39fd29fd19fd21
fd31fd41fd41fd39
fce9fce9fcf9fd11
fd09fd11fd11fcf9
fcd1fcc9fcc9fce9
fcb1fd21fd49fd9a
fcc1fca9fcb1fcc9
fc99fd49fd59fcd9
fcf9fce1fcb9fc81
fca9fca1fc89fca9
fd39fce9fce9fce9
fee3fe6afe22fdca
fd11fdbafe52feab
fe2afdf2fdaafd29
0044ff5bfe4afdda
ffc40095009d005c
00740064000cffac
fdd2fd39fd41fef3
fefbfe42fddafe22
fe93fe4afe42febb
fe2afdeafdeafe3a
fdb2fddafdf2fdf2
fe0afe9bfe72fe22
fe52fdd2fdc2fdca
00c5ff6bfe8bfeeb
fec3ff7b0054010d
ffdcffbcff1bfef3
ff4bfe3afef3fff4
02360287029701be
01ae01d601fe021e
009d010d014d017d
fd8afe5aff4b0004
fd41fd29fd19fd29
fd39fd49fd41fd41
fce9fcf1fcf9fd11
fd09fd11fd09fcf9
fcd9fcc9fcc1fce1
fca9fcf9fd41fd71
fcb1fca1fca9fca9
fc91fd21fd39fca1
fca9fcd1fcc9fca9
fcb9fc91fc91fc91
fd59fcf9fcd9fce1
fe8bfe7afdf2fda2
fd29fd8afe4afe52
fe0afe52fe2afd8a
006cffd4feabfe12
0044004c00c5007c
ffe400cd00b5005c
fddafd79fcf9fdaa
fedbfedbfe0afdf2
fea3fedbfe62fe42
fde2fdf2fdd2fdea
fe1afdb2fddafe22
fdb2fe0afe6afe93
fec3fde2fda2fdc2
0145004cfec3fe5a
fe8bff3b004c0125
ffe4ffe4ff1bfecb
fef3fe42fe3aff8c
0145017d0186009d
00bd00f50125013d
ffe4002c006c0095
fd8afe93ff7bffd4
fd39fd31fd21fd29
fd39fd49fd41fd39
fce9fce9fcf1fd11
fd09fd11fd09fcf1
fcd9fcc9fcb9fce1
fca9fd01fd39fd59
fc99fca9fcb1fcb9
fc99fce9fcf9fca1
fc81fcc9fcf1fcb1
fce9fcb9fc91fc81
fd51fd19fcc1fcc9
fe22fe52fdfafd79
fd61fd82fe42fe6a
fdeafe32fe72fe12
009d0044ff1bfe9b
00d5009d00c500c5
fe620095011d00fd
fdd2fddafd79fd39
fe62fee3fe72fdaa
fe02feabfec3fe42
fdfafdd2fdd2fdba
fedbfe12fdcafe02
fdb2fdb2fe1afea3
fe83fe7afdb2fdba
018600fdffbcfe32
feb3ff1b0044013d
ffe4fffcff6bfea3
fe8bfe6afe22ff53
ff3bff6bff84ff23
fe7afebbfefbff23
fe1afe02fe32fe5a
fda2febbff5bff0b
fd31fd29fd29fd39
fd29fd41fd31fd31
fce1fce9fcf9fd09
fd09fd19fd09fcf1
fcd1fcc9fcc9fce9
fcc1fcd9fd09fce9
fca1fca1fca9fcc1
fc91fcb1fcd9fca9
fc68fca9fce9fcc9
fcb1fcd1fcc9fc89
fd39fd01fcd1fca1
fe42fddafdeafd9a
fddafdaafe42fe83
fe5afdfafe62fe83
00c50095ff9cfef3
01350125011d010d
fd41feb300c50145
fdaafe02fdf2fd69
fe7afe6afea3fe3a
fdf2fe0afe7afec3
fe1afe02fddafdea
fefbff13fe2afdfa
fdfafd9afdc2fe32
fe22feabfe6afdfa
018e016500b5ff23
fec3ff03002c013d
ffd4001cffccfeab
fe52fe52fe2aff2b
fd9afdc2fe0afe32
fd19fd49fd79fd8a
fd51fd01fd01fd01
fdc2fefbff84fec3
fd21fd29fd29fd49
fd29fd31fd29fd29
fce1fce1fce9fd01
fd11fd19fd09fcf1
fcd1fcd1fcd1fcf1
fcb1fcd1fd09fcc9
fc99fc99fcb9fcd1
fcd1fc99fca1fca1
fc78fca9fce1fce9
fc78fc81fca9fc99
fd51fd19fce9fca9
fe42fdd2fda2fd92
fe8bfe02fe7afe9b
ff0bfe12fe3afe7a
00fd00c50024ff13
0145015d015d012d
fd92fd69fecb008d
fe6afe3afe2afdea
fec3fea3fe5afe62
fdfafe1afe1afe5a
fe0afe2afdfafdca
fe5aff2bfecbfdfa
fe1afde2fd71fdca
febbfe62feb3fe4a
019601ae014d0044
fea3fee3ffe40115
ffac004c001cff43
fe02fe02fdeafec3
fd82fdcafe0afe02
fce1fcf1fd19fd41
fd41fce1fcd1fcd1
fddaff0bff7bfebb
fd29fd31fd29fd51
fd21fd31fd31fd31
fcf1fce9fce9fd01
fd11fd19fd09fcf1
fcd1fcd1fcd1fcf1
fc91fcb1fd09fcc1
fc99fc99fcb9fcc1
fce9fcb9fc89fca1
fc91fc99fcb1fcd1
fca9fc91fc91fc99
fd31fd21fd09fcd9
feb3fe22fdb2fd61
fedbfec3fe83fed3
ff63fec3fe02fe7a
010d00dd0064ff33
0044011d0145012d
fe83fe0afdfafed3
fe22fe62fe9bfeb3
fe5afee3fefbfe62
fde2fdfafe22fe32
fe02fe1afe32fe02
fdf2fe9bfee3fe4a
fe2afdfafdc2fd71
ffe4fe9bfe9bfed3
01a601c6019e00fd
feabfea3ffac00f5
ffb400640054ffbc
fddafde2fde2fef3
fe42fe8bfe8bfe3a
fce1fcd9fd09fd82
fd41fce1fcd9fcd1
fde2ff03ff73fec3
fd41fd39fd31fd61
fd31fd41fd39fd49
fcf1fce9fce9fd01
fd09fd11fd09fcf9
fcd1fcc9fcc9fce9
fc99fcb1fcd9fcb1
fc99fc99fcc1fcc9
fcb1fcc1fcb1fc99
fca1fcb1fc78fcb1
fcc1fcb1fcc9fcb1
fd71fd19fd01fce1
fecbfe8bfe32fdd2
ff13ff33feebfebb
ff23ff84fe83fe7a
00ed00cd0085ff6b
fefbff5b001c00c5
feb3febbfed3fedb
fe7afe22fe52fe8b
fe32fe6afec3fee3
fdf2fdc2fdeafdfa
fe3afdf2fe1afe2a
fdbafe12fe72fe93
fefbfe62fdeafdba
00cdffd4fec3fea3
018601d601ae015d
ff23fe7aff43008d
ffac007c0074000c
fddafdbafdeaff43
0044003cff9cfedb
fd82fd49fd71fee3
fd79fd49fd69fd71
fdfaff03ff7bfee3
fd51fd51fd49fd82
fd31fd49fd41fd59
fce9fce1fce1fd01
fcf9fd09fcf9fcf1
fcd1fcd1fcc9fcd9
fca1fcb1fcb1fc99
fca9fc91fcc9fcb9
fcc9fc89fcb1fcc9
fca9fcc1fc99fc81
fcd1fcb1fca9fcb1
fe02fda2fd49fd09
fedbfeabfe72fe3a
ff3bff8cff5bfefb
ff03ffd4ff8cfeab
fff4003c0034ffa4
ff4bff0bfeebff7b
fed3fec3ff1bff4b
fe52fe83fe9bfedb
fdeafdfafe32fe1a
fe6afe6afe42fe12
fe42fde2fdf2fe1a
fe22fdeafe32fe52
feabfed3fe7afe42
013d00bdfffcfefb
013501ce01c6018e
ffccfed3fed3ffec
ffb4007c00ad0074
fdb2fd79fdd2ff94
01e601d600cdff63
ff6bfe83fe6a009d
fdc2fe2afebbff6b
fe2aff0bff63fed3
fd59fd59fd59fda2
fd39fd49fd51fd61
fce9fce1fce1fd09
fcf9fcf9fcf1fce9
fcc9fcd1fcc9fce1
fca1fcb1fca1fc99
fcc1fc91fcb9fca9
fcc9fcb9fc89fcb9
fcb9fca1fc89fc91
fd31fcd1fc99fc91
feabfe4afde2fd8a
ff6bff2bfeebfec3
ff0bffb4ffbcff9c
ff1bffb40024ff6b
ffecffdc0004ffc4
00bd00f500dd007c
ffacffccfff4004c
fee3fefbff23ff73
fedbfebbfecbfed3
febbff1bff6bff43
fec3fecbfe9bfe8b
fe93fe83fe8bfeb3
ff5bff03fec3feab
016d011500b5000c
00a5017d01ae019e
006cff7bfecbff7b
000c007400dd00b5
fd92fd29fda2ffdc
0297025e011dff94
013dffecff7b017d
fe52ff8400ad0175
fe0afecbff13fea3
fd51fd61fd61fda2
fd39fd41fd49fd59
fcd9fcd9fce1fd11
fcf9fd01fcf9fce1
fcd1fcd1fcc9fcd9
fca9fcc9fcb9fc91
fcd9fca9fcb9fcc1
fcb9fcd9fc89fca1
fc89fca9fc99fc91
fdc2fd59fcc1fc78
ff23fee3fe8bfe2a
ffc4ff84ff4bff2b
ff84ff94ffe4ffe4
ff6bff8400540044
011500c5008d0024
00f50135016d015d
00c500cd00c500cd
005c005400540095
002c0004001c002c
ffb4fffc005c0074
ffb4ffe4fff4ffcc
ff5bff73ff73ff8c
004cfffcff7bff33
018e015d011d00cd
001c0105019601a6
00dd0044ff0bff23
006c008d00cd00f5
fd69fd01fd8a001c
029f022e00cdfefb
01ee00cd006c01ce
ff73010d01e60236
fd92fe32fe8bfe9b
fd41fd59fd51fd49
fd39fd39fd39fd41
fcd1fcd1fcd9fd11
fcf9fd01fcf9fce1
fcd9fcd1fcc9fcd1
fca9fcc9fcc9fca1
fcd9fcb9fcc9fcb9
fca1fcd9fca1fc99
fc89fc78fca9fca1
fe02fd92fd01fc99
ff3bfefbfeb3fe52
000cffd4ff94ff6b
0054fffc0014002c
ffccff5b005c0095
012d010500c50074
00c500e50115013d
00c500cd00c500c5
00c500cd00ad00ad
00b500ad00b500bd
008d007c008d00b5
005c008d00bd00a5
008d0095006c0054
00dd00bd00ad0085
018601650155012d
ff5b006c012d017d
010d00c5ffbcfeeb
00c500a500cd00f5
fd79fce1fd610044
026e01b60014fe7a
01d6010d010d022e
006c01ce0246023e
fcd1fd9afe1afecb
fd49fd51fd29fcc9
fd29fd31fd31fd39
fcd1fcc9fcd9fd11
fcf1fcf9fcf1fce1
fcd9fce1fcd1fcc9
fcb1fcc9fcc9fcb1
fcd1fcb1fcd1fcb9
fc91fcd1fcb1fc99
fc89fc91fcb1fcb1
fe0afda2fd29fcb1
ff4bff1bfedbfe7a
003c000cffccff8c
0095007c005c005c
ffecff53004c0095
0115010d00f500ad
00bd00dd00fd0115
004c0074008500b5
00cd00bd00ad0074
00d500c500e500dd
00ad00ad00cd00d5
00bd00bd00c500c5
00e500dd00b500ad
00fd00c500cd00e5
0145014501450135
ff1bff94005400ed
00dd00ed005cff73
0105008500dd00bd
fd71fce1fd51005c
026e017dff3bfe0a
01c6017501be0256
00ad01f6024601fe
fc89fd39fdd2fecb
fd41fd49fd09fca9
fd19fd29fd31fd31
fcc9fcd1fce9fd01
fce9fcf9fcf1fcd9
fcd1fcd9fcc1fcc9
fcb1fcd9fce1fcb1
fcb1fcb9fce9fcb1
fc89fca9fcb1fc78
fc91fc89fc91fca9
fe0afd9afd49fcd9
ff73ff33fee3fe8b
005c0024ffe4ffac
0095008d008d0074
000cff5300340095
00f50105010500d5
009d00a500cd00e5
fffc002c0064008d
0004001c002c001c
00850064004c0014
007400740074006c
0095008d00950095
00e500d500bd009d
00f500cd00cd00dd
00dd010d011d011d
ff6bff63ffd4005c
008500bd00a5fffc
00cd004c002c0054
fdbafd01fd41002c
027601ce0014fe4a
01fe020602060246
00bd01ee021601ee
fc89fd19fd9afeb3
fd41fd31fce9fc89
fd11fd19fd29fd29
fcc1fcd1fce9fcf9
fce1fcf1fce9fcd9
fcd1fcd1fcb9fcc1
fcc1fce1fce1fcc1
fca9fce1fcf1fca9
fca1fc99fc99fc78
fc91fc91fc78fca1
fe22fd9afd31fcf1
ff94ff4bfef3fe93
006c0034fffcffc4
0095008d0095008d
001cffa4003c0085
007400a500dd00dd
0044003c003c005c
ff33ff73ffc4fff4
ff03ff3bff43ff43
ff43ff3bff1bff13
ffd4ffbcff9cff63
0034003c0024fff4
00cd00ad00950074
00ed00dd00cd00cd
006400bd00dd00ed
ff9cff53ff73ffdc
ff94001c0034ffe4
0014ffa4ff03ff1b
fd9afd11fd71ffa4
01fe0236014dfefb
0236020e01960175
007c01a601f6020e
fc89fd01fd69fe6a
fd21fd19fcc9fc81
fd01fd11fd21fd21
fcc1fcc9fce1fcf9
fce1fcf1fce9fcd1
fcc1fcc9fcb1fcb1
fcd1fcf1fcf9fcc9
fcc1fce1fcf9fcb1
fcb1fca1fca1fc81
fc91fc81fc70fc99
fe12fd92fd21fce1
ffacff6bff1bfeab
0074003c0004ffd4
008d008d00950095
ffecffc40054008d
ff9cffdc000c000c
ff2bff5bff63ff73
fe83febbfef3fefb
fe52fe3afe6afe83
fe22fe2afe2afe4a
ff23fefbfed3fe83
ffd4ffccff73ff5b
009d0085005c001c
00c500cd00cd00cd
ffd40044008d00b5
ff13ff03ff33ff73
fe52fec3ff0bff23
fed3fea3fe7afe2a
fdbafd69fe02ff2b
00dd021e01c6ffa4
02160145fff4ff3b
003401a6021e0236
fc89fce9fd41fe1a
fd19fd09fcc1fc81
fcf9fd01fd19fd11
fcc1fcc9fce1fcf1
fcd9fce9fce1fcc9
fcc1fcc9fcb9fcb1
fcf1fcf9fcf1fce1
fcd1fce9fcf1fca9
fcc1fca9fca9fcb1
fca1fc81fc70fc91
fe22fda2fd31fcd1
ffbcff8cff33fec3
006c003c000cffec
006c006c00850074
ff7bff84000c0054
ff1bff3bff3bff5b
ff0bff1bff1bff0b
fdfafe42fe9bfeeb
fdcafdaafdcafde2
fda2fd9afd92fdc2
feabfe62fe22fdda
ff94ff5bff33ff0b
0085004c000cffec
00a500ad00bd00ad
ff53ffbc00240074
fe72fe8bfec3fefb
fdb2fdb2fdfafe2a
fe93fe5afe32fdda
fdd2fd69fdcafe9b
ffcc01b601b6ffec
0196fff4fe22fde2
fffc018e023e0236
fc81fcd9fd21fdf2
fd19fd01fcb9fc78
fce9fcf1fd09fd11
fcb9fcc1fcd9fce9
fcd9fce9fce1fcc9
fcc9fcd1fcb9fcb1
fcf9fd11fd11fd51
fcd9fcd9fce1fcb1
fcc1fca9fcb9fcc9
fca1fc91fc81fc99
fe32fd92fd29fcd1
ffccff9cff4bfecb
0054003c00240004
003c00440054005c
ff9cffc4ffec0024
ff53ff4bff43ff6b
ff9cff8cff84ff84
feabff03ff33ff9c
fdc2fdeafe2afe6a
fdbafdc2fd8afd82
fe62fe1afdf2fdc2
ff63ff33fef3feb3
006c003cffe4ffd4
007400a500a50095
fedbff3bffac002c
fdc2fde2fe12fe6a
fd82fd71fd79fd9a
fe83fe52fdf2fdaa
fdd2fd69fda2fe5a
001c01a60196ffdc
012dff9cfe62feb3
ff2b00fd01d601e6
fc70fcc1fd01fd8a
fd01fce9fca9fc70
fce1fce9fd01fd01
fcb1fcb9fcd9fce1
fcd9fcf1fce1fcc1
fcc9fcd1fcb9fcb9
fd51fd59fd41fd82
fcc9fcc9fd21fdc2
fcc1fcb1fcb9fcb9
fca1fc99fc89fca9
fe42fd9afd21fcd9
ffdcffb4ff6bfee3
00540044002c0004
0014002c00440054
ffacffdcfff40004
ff9cff9cff8cff9c
ffe4ffccffbcffbc
ffa4ffbcffe4fff4
ff0bff43ff53ff84
fe62fe5afe83feab
fe9bfe72fe62fe52
ff3bfefbfecbfe9b
0074004cffdcff9c
0044009500ad008d
fe62feabff33ffcc
fd49fd69fd92fdda
fe0afd9afd69fd41
fe9bfeb3fe9bfe6a
fddafd82fd9afe62
00fd01e60196ffdc
013d001cff7bfff4
fe72001c015501ce
fc68fcb9fcf9fd41
fce1fcc9fc91fc68
fce1fce9fd01fcf9
fca9fcb9fcd1fcd9
fce1fce9fcd9fcb9
fcc9fcd1fcb9fcb9
fdb2fdeafda2fd71
fcc9fcc9fdbafe83
fcd9fcb9fcd1fcc9
fca9fc99fc89fcc1
fe42fda2fd29fce1
fff4ffccff84fef3
00640054003c0014
fff400140024004c
ff9cffacffdcffe4
ffb4ffa4ff8cff94
fff4ffe4ffdcffc4
fffc000400040004
ff94ffb4ffd4ffe4
ff03ff03ff3bff6b
fed3fee3feebfefb
ff43ff0bfedbfec3
0085006cffecff9c
002c0085009d0085
fdf2fe1afeabff84
fde2fdbafda2fdb2
fefbfebbfe83fe22
fee3ff1bff23ff13
fdcafd69fda2fe6a
018e021e0196ffbc
0125002c001400d5
fef3009d01c601ce
fc68fcc1fcf9fd71
fcc9fca1fc78fc68
fce1fce1fcf1fce9
fca1fcb9fcd1fce1
fcd1fce9fcd9fcb1
fcc9fcd1fcb9fcb1
fdf2fe6afdcafd41
fcd9fcd1fdd2fe8b
fce9fca9fce9fce1
fcb1fc99fc91fce1
fe5afdb2fd31fce9
fffcffdcffa4ff23
0064006c005c003c
ffec000c002c004c
ff9cffa4ffbcffdc
ffb4ffacffa4ff94
ffccffdcffdcffcc
ff7bffa4ffbcffc4
ff53ff53ff6bff5b
ff43ff3bff43ff63
fef3ff0bff23ff3b
ff53ff23ff13fefb
00cd008d0014ff9c
001c009500c500cd
fdf2fdd2fe3aff1b
fe7afe6afe5afe1a
fed3fecbfecbfe83
fefbff23ff13feeb
fda2fd49fd61fe3a
01c6021e014dff33
00e5fffc003c0105
ff9c011d01e601ce
fc81fcd9fd09fdb2
fcc1fc78fc68fc68
fce9fcd9fce1fce1
fca1fcb1fcc1fcd9
fcd9fcd9fcd1fcb9
fcc9fcc1fcb1fcb9
fdf2fdcafd59fd11
fcf9fcd1fd8afe4a
fcf9fcc1fd01fcf9
fcb9fca1fca9fd09
fe83fdd2fd49fcf9
000cfff4ffbcff33
006c006c007c0054
fffc001c0044005c
ffa4ffb4ffc4ffd4
ff8cff9cffa4ff9c
feb3ff23ff6bff94
fd79fdb2fdf2fe3a
fe3afdfafdbafd71
ff1bfedbfe9bfe62
fefbff0bff2bff33
ff6bff43ff1bff0b
00f500b5003cffcc
000c00b500fd010d
fe42fe22fdfafecb
fcf9fd51fdb2fdf2
fd82fd59fd59fcd1
fe9bfe8bfe22fdca
fd59fd29fd29fde2
020e01d60085fe4a
009d000400240135
ff5300cd01650155
fc78fcc9fcf9fd8a
fca1fc70fc60fc60
fce9fcd9fcd1fcd1
fc99fca9fcb1fcd1
fcd1fcd9fcc9fcb9
fcc1fcb9fca9fcb9
fda2fe0afdeafd61
fd31fce9fd51fdba
fd11fcd9fd29fd19
fca1fca1fcd9fd51
fe93fdeafd51fce1
00340014ffbcff33
008d009d008d0064
000c003c006c0085
ff9cffb4ffccffe4
ff13ff63ff7bff8c
fd59fdeafe83fedb
fcc9fd11fca9fcd1
fd9afe1afd59fcc1
fe9bfe12fdbafd9a
fee3ff0bff23ff03
ff7bff3bff13fef3
012500dd0054ffdc
000c00e501350145
fd09fdeafe12fe83
fcc1fce9fd19fcb1
fd51fdf2fe1afcf9
fe62fdcafd51fd09
fd8afda2fdd2fe2a
02060125ff43fdc2
00d5007400e501d6
fe93ffd400950115
fc70fcc1fd01fd49
fc91fc60fc60fc60
fce1fcd1fcd1fcc1
fc99fca1fca9fcc9
fcd1fcd1fcc1fcb9
fcc1fcb1fca9fcb9
fdaafe22fe32fd79
fd61fd09fd31fd8a
fd31fcf1fd49fd49
fcb9fcb1fd19fd9a
feabfdeafd41fcd1
00340014ffbcff53
00a500ad008d0064
00340054008500a5
ff8cffbcffec000c
fe9bfef3ff33ff63
fce9fd49fdbafe4a
fd11fcd9fc81fc91
ff0bffc4fe32fd19
fe12fd9afdbafe83
fef3ff03feebfe93
ff5bff2bff03fef3
015d01050074ffdc
002c0145019e0196
fce1fdb2fe4afe8b
fd09fd01fcc1fcb9
fe52ff84ff6bfd9a
fecbfdd2fd21fd39
fedbff8cff94ff3b
01b6ffecfe52fe2a
016d01a602160246
fe7aff9400950125
fc68fcd9fd29fd61
fc89fc60fc60fc58
fcd9fcc9fcc9fcb1
fc99fc99fca9fcc1
fcc9fcd1fcc1fcb9
fcb9fcb1fca1fcb1
fdc2fe22fe3afd92
fdaafd31fd41fe2a
fd31fd31fd82fd61
fcb1fcb9fd51fdaa
fed3fe02fd61fcd1
002c000cffc4ff73
00c500b500950064
005c008d00a500bd
ff8cffd400140044
fe5afeb3fefbff43
fd79fe4afdeafdf2
fd09fc99fc81fcd9
005400bdff43fd59
fe0afdeafea3ffac
ff0bfefbfeabfe3a
ff4bff23ff1bff13
01be013d0085ffcc
009d01ce020e01ee
fdcafedbfe6afecb
fd09fcb1fcb1fd01
fee3ffcc0024fe72
ff13fe32fd69fdf2
ffd4009d0064ffa4
00bdfeb3fe22fec3
0256028702970236
ff23006c014501d6
fc78fcf9fd49fdb2
fc89fc60fc60fc58
fcd9fcd1fcd1fcb9
fc99fca1fca9fcc9
fcd1fcd9fcc9fcb9
fcb9fcb9fca1fcb1
fe0afe3afe62fdb2
fdf2fd41fd59fe7a
fd39fd92fdf2fd92
fcb9fcd9fd8afda2
feebfe1afd69fce9
002c0004ffd4ff63
00cd00b50095006c
00a500c500d500dd
ffac000400440085
fefbff2bff4bff63
fea3ff0bfe83fe8b
fd39fcd9fcf1fd69
00a500f5009dfe83
fe5afe8bff130004
ff53ff43feebfe2a
ff63ff4bff43ff5b
020e017500a5ffe4
0125023e026e024e
feb3ff03fe8bfefb
fe42fd59fd51fdda
ff33ffcc0054ffec
feb3fec3fe1afe83
ff94000cffbcfef3
ffccfe1afdf2fe9b
028702760236016d
ffa40125021e0276
fc78fcf9fd61fde2
fc89fc60fc60fc50
fce9fcd9fcd1fcb9
fc99fca1fcb1fcc9
fcd1fcd9fcc9fcb9
fcb9fcb1fca9fcb9
fe4afe62fe5afdea
fdcafd41fd92fe7a
fd39fdbafe0afdaa
fcc9fd09fdbafd8a
fef3fe42fd71fce9
002c000cffccff63
00cd00ad009d0064
00dd00e500ed00e5
004c007c00ad00d5
ffec0014002c0034
ff9cff4bff1bff73
ff43fe6afea3ff1b
003c00b500f50064
ff1bff03ff23ffac
ffdcffccff7bff13
ffacff94ff73ffa4
0246019600dd001c
0196028702bf02a7
ff43ff6bff1bff3b
ffa4fef3feebff13
fef3ff73ffd4fffc
fe5aff8cff23feab
fe62fe8bfe2afdd2
ff8cfdd2fda2fe02
01f60196015500dd
ff43010d01f60226
fc78fd09fd61fdaa
fc89fc58fc50fc50
fce9fcd9fcc9fcb1
fca1fcb1fcb9fcc9
fcd1fcd1fcd1fcb9
fcc1fcb1fca9fcb1
fe93feabfe62fe02
fd82fd51fdbafe4a
fd51fdcafe0afd8a
fcd9fd51fdf2fd69
feebfe62fd92fce9
001cfff4ffc4ff6b
00d500950044005c
010d010500fd00ed
00ed00fd01150125
0064009d00b500d5
ffbc0004ffecfffc
fffcff7bffacffac
ff94ffe4001c0024
ffb4ff73ff63ff5b
00340024fff4ffc4
0004ffe4ffccffe4
025e01be0125007c
020602af02df02c7
ff5bff8cff53ffe4
fef3fefbff1bff1b
ff13fee3feebff03
fe520024000cff7b
fdcafdb2fd79fd69
ffc4fdbafd59fda2
010d0105016d0145
fe2affc400c50125
fc70fd09fd69fd71
fc89fc58fc48fc48
fce1fcd1fcc1fcb1
fca1fc99fcb1fcc9
fcc9fcd1fcc9fcb9
fcc1fca9fc99fca9
fedbfef3fe72fdea
fd92fd9afd9afe3a
fd61fdcafde2fd82
fcf9fdb2fe0afd61
fefbfe72fda2fce9
0004ffccffa4ff5b
00ed0095002c004c
013501350125010d
0135013d0155014d
00ad00e501050125
002c003c00340044
ffb4ff94ffbc002c
ff6bff9cffbcffd4
ffd4ffa4ff6bff53
00640044001cffe4
007c00440014001c
025e01d6015d00f5
024e02bf02e702d7
ffacffa4ff5b006c
ff73ff5bff63ff84
ffb4ff84ff7bff94
fe830085008d0004
fdeafddafda2fd92
003cfe02fd59fda2
015501be020e01c6
fdbafe83ff940095
fc70fd11fd79fd79
fc91fc58fc48fc58
fce1fcc1fcc9fcc1
fca9fc89fca9fcd9
fcc1fcc9fcc9fcb1
fcc1fca9fc99fca9
feebff13fe8bfe12
fdb2fdaafda2fe42
fd59fd9afd79fd92
fd21fde2fe1afd82
ff03fe72fd92fcf1
0004ffbcff84ff53
00dd00ad006c003c
0155014d013d00fd
015d016501750175
00ed01250145014d
006c006c007c009d
002c0034002c005c
ffd4ffec0004001c
0004ffecffccffc4
008d0085003c0014
00e500a50074005c
023e01b601750135
026602af02d702c7
ffdcffb4ff9400e5
fff4ffd4ffccffec
0004ffecfff40014
fec300bd00bd003c
fe62fe52fe12fdea
005cfe72fdcafe12
0216023e025e01d6
fe1afefb003c0165
fc68fd19fd92fd9a
fcb1fc68fc50fc58
fce9fcc9fcd1fcd9
fc99fc78fca1fcd9
fcc1fcc9fcc1fca9
fcb9fc99fc91fca9
fef3ff13fe7afe42
fe22fde2fdbafe52
fd71fd82fd71fdda
fd41fe02fe02fd71
fefbfe62fd8afd09
ffecffa4ff73ff3b
00ed00b500740034
0155014d013500fd
016d016d01750175
0125015d016d016d
009500ad00c500ed
004c00640064007c
002c002c003c004c
0024001c003c003c
00ad00c500a5005c
013500f500c500a5
022601be019e0175
025e02a702cf02af
fffcffdcfffc014d
002c0014000c000c
0034001c00240044
fefb00dd00dd0054
fec3feabfe5afe22
005cfefbfe5afe7a
026e0276021e0186
feb3ffe4011d01f6
fc70fd29fdaafdba
fcb9fc70fc50fc50
fce1fcc9fcd9fcd1
fc89fc68fc99fcd1
fcb9fcc9fcb9fca9
fcb1fc99fc89fca1
fef3ff03fe72fe83
fe8bfe1afdeafe7a
fdaafdb2fdf2fe2a
fd71fe22fdeafd69
fefbfe5afd9afd21
ffe4ff9cff63ff2b
00e500b5006c0024
015d013d012500f5
017d016d016d017d
015d017d0186017d
00cd00ed00fd0125
008d009d00a500bd
0064006400740085
005c003c00540064
00d500ed00fd00bd
0175013500fd00dd
021e01c601b601ae
024e029f02c70297
001c0034005c016d
005400340014000c
00540044004c0064
ff3b00fd00fd007c
fecbfecbfe7afe4a
007cff73febbfe93
0287024e02060186
ff1b008d018e0236
fc91fd49fdcafde2
fcc9fc89fc68fc68
fcc9fcc1fcd1fcd1
fc89fc78fca1fcc9
fcb9fcb9fcb9fca9
fcb9fc99fc89fc99
ff1bff13feabfec3
febbfe32fe2afe9b
fdfafe4afe72fe7a
fda2fe32fddafd71
fedbfe62fdcafd59
ffbcff73ff3bff0b
00b5008d00440004
014d0135011500e5
0196017d0175016d
017d0186018e018e
0105012d013d0155
00cd00d500dd00e5
0064008d009500c5
00cd007400440044
010501250145011d
0165012501150105
023e01e601ce01c6
028702b702bf029f
004c006c00bd01ae
0034001c00140034
007c0054003c0044
ff4300fd011d00b5
fe93fea3fe7afe62
00cdffbcfecbfe62
021601f601de0186
ff4300bd019e01fe
fd31fdcafe22fe1a
fd21fd29fd09fd01
fcc9fcb1fcc9fcf9
fc99fc91fcb1fcc1
fcb1fcc1fcb1fca1
fcb1fc91fc91fca1
ff43ff1bfefbff0b
fecbfe42fe62fedb
fe6aff33ff23febb
fdf2fe02fd9afd79
fedbfe5afdc2fd92
ffa4ff63ff2bff0b
009d0064001cffe4
01350125010500c5
0186017d016d014d
017d019e01a60196
01350155016d016d
00d500f501050115
005c007c00ad00d5
010d00c5007c004c
012501350155014d
0155011d0115010d
024e01f601d601ae
02a702cf02c7029f
00850095010501ee
fffcfffc001c005c
0095006c003c001c
feeb00d5013500e5
fe32fe5afe4afe32
00f5ffc4feabfe1a
016d017501c601b6
fefb005c013d018e
fe1afe83fe93fe3a
fda2fdfafe02fdf2
fcc9fcb1fcc9fd41
fc99fca1fcb9fcc9
fcb1fcb9fca9fc99
fca9fc91fc91fca1
ff73ff43ff53ff33
fee3fe5afeabff23
fe7aff4bff73ff1b
fdfafdc2fd9afd92
fec3fe42fdc2fdd2
ff94ff6bff2bfefb
0064002c0004ffc4
010d00ed00d5009d
0175015d013d0125
018e019e019e018e
0155016d0186018e
00c500e500fd0125
007c00740085009d
015d012500ed00a5
012d012d014d016d
018601550145012d
0266021e01fe01ce
02d702f702df02af
009d00b501450246
ffdc000c003c007c
00cd007c0024fff4
fe4a00850125010d
fe1afe32fe12fdda
00c5ffb4fec3fe32
018e01ae01e601a6
fe62ffc400dd015d
ff23ff53ff2bfe62
fe52ff03ff43ff23
fcd1fcc1fce1fd82
fc89fc99fcb1fcc9
fca9fcb9fca1fc89
fca9fc91fc89fc99
ff84ff6bff7bff0b
feb3fe8bff0bff8c
fdaafe52fee3fee3
fde2fdcafd9afd9a
fea3fe22fdaafdc2
ff84ff5bff23fef3
003c0014ffecffac
00dd00b5009d0074
014d0135011500fd
019601860175016d
017d018e01960196
00bd00dd00fd0135
00dd00ad00950095
0165015d0145010d
0125012d01450165
01b6018e015d013d
0276022e021601e6
03070317030702c7
00ad00d501ae0297
000c0044007c0095
00e5009d003cfffc
fe22002400f50105
fe83fe32fdfafdb2
008d0004ff73fefb
0236023e021e0175
fe1aff3300a501a6
002cfffcff8cfea3
feebfffc0054004c
fcd1fcd1fcf1fdaa
fc70fc81fca9fcc9
fca9fcb1fca1fc81
fcb1fc91fc89fca1
ff9cff9cff73fe52
fea3fef3ffa4ffdc
fdd2fe93fecbfec3
fdc2fdc2fd92fd82
fea3fdfafd82fd82
ff5bff3bff13fefb
000cfff4ffccff94
007c0064005c0034
010500e500d500a5
01750145013d012d
016d017d0186019e
00e501150145015d
0135010500d500cd
01860175016d015d
00fd010501350175
01b6017d013d011d
02870256023601f6
0327031f02ff02cf
00c500f5021602cf
005c0074009d00ad
00d500c5008d004c
fe4affac00ad00e5
ff03fe32fddafdca
008d006c004cffdc
021e024e01ee011d
fe2afea3fff4014d
009d002cff8cfed3
ff63008d00e500f5
fcd9fcd1fd09fdf2
fc81fc78fc99fcc1
fca1fcb1fc99fc91
fcb9fc99fc91fc99
ffb4ffa4fefbfd41
ff33ff53ffacffbc
fecbff3bff3bff33
fdbafdaafdaafe02
fe83fdd2fd92fd9a
ff43ff2bff13feeb
ffdcffc4ffa4ff73
004c002c001cfff4
00bd00a5008d006c
013d011500f500dd
0165017d016d015d
01150125013d0145
0155013d011d010d
0186017d017d0175
00cd00cd0115015d
01be015d011500e5
02bf027e023e01fe
0327031f02ff02e7
00ed014d027602f7
009d00bd00cd00d5
009d00b500ad007c
fe52ff5300340085
ff3bfe42fdeafdea
00b500b500bd0034
011d01a601a6011d
fe42fe32fee30034
0085fff4ff5bfed3
ff84009d00fd00f5
fcd9fcd1fd11fe1a
fc81fc81fc99fcc9
fca1fca9fc91fc89
fcb9fc91fc91fc99
ffc4ff63fdeafcb1
ff84ff6bff6bffb4
ff84ffacff7bff6b
fdc2fdaafdbafe93
fe42fdd2fdc2fdaa
ff43ff33ff1bfed3
ffbcff84ff73ff53
0024fff4ffdcffc4
00640054004c0034
00f500b5009d0085
013d013d0135010d
0135013501450145
017d016d01550145
017d018e0196018e
007c009500dd013d
0196011d00b5007c
02cf028f024601ee
031f0327031f0307
010501b602bf030f
00cd00ed00fd00fd
0044006c00a500ad
fe42ff1bffcc001c
ff1bfe3afdeafdfa
00c500c500ad0024
00fd01a601a6013d
feb3fe52feebfffc
ffccff5bff63ff33
ff8c008d00cd006c
fcd1fcd1fd11fe2a
fc81fc89fca1fcc9
fca1fca9fc99fc89
fcb1fc91fc89fc99
ff84fe8bfd11fcc1
ffecffecffd4ffd4
ff5bff94ff7bff94
fdd2fdaafddafe9b
fe32fdfafdc2fdda
ff33ff23ff13fec3
ff94ff63ff4bff43
ffe4ffccffa4ff9c
001c0014fff4ffe4
00b500740054003c
011d010d00ed00d5
014d014d013d013d
0145016d01750165
016d0196019e0155
001c004400a50115
015d00fd009d0044
02d7028f022e01b6
031f0337033f030f
011d021e02e70317
00dd0105011d0115
0014003c008d00c5
fe32ff03ffbcfffc
fed3fe2afdeafdf2
00ad00ad0064ffd4
01be01de018e00fd
ff53fee3ffac00ed
fec3feb3ff84ffa4
ffac0074004cff8c
fcc9fcd1fd09fe2a
fc81fc89fcb1fcc9
fca1fca9fc99fc89
fcb1fc91fc89fc91
fee3fd51fce1fce9
fffcfffcffd4ff94
ff53ff84ff8cffd4
fe02fdbafe1afec3
fe3afdf2fde2fdda
ff23ff1bff13febb
ff73ff53ff33ff33
ffbcffa4ff84ff73
fffcffe4ffbcffbc
00740054003c0014
00ed00dd00c5009d
0165014d01350125
00bd016d017d0175
014d017d017500fd
0004fffc006400e5
0175014500f50085
02af026e020e01be
03170317031f02f7
0145024602d70307
00ed010d012d0125
000c0034007400c5
fe12feb3ff73ffdc
fe9bfe1afddafde2
004c00540004ff53
0175015d00fd0074
ffbcff43ffe400dd
fe1afe4aff7bffec
ffb4005cfff4feeb
fcc1fcc9fd01fe22
fc81fc89fca9fcc1
fc99fca1fc91fc89
fca9fc91fc81fc91
fde2fd59fd8afda2
fff4ffc4ff6bfefb
ff6bffa4ffc4fff4
fddafdcafe9bff2b
fe22fde2fdcafdd2
ff2bff2bff03feab
ff4bff3bff3bff33
ffacff94ff73ff53
ffd4ffc4ffb4ffb4
006c00340014ffec
00dd00b5009d008d
0175013d0135010d
012d017d019e018e
0115014d016d015d
0024ffd4002400ad
01b6017d013500cd
028f024e021e01de
02ef02ef02ef02d7
015d023e02af02df
00ed011501250115
ffcc001c007400c5
fe02fe5aff13ff73
fee3fe62fe0afdfa
004c0024ffccff53
00c50115011500ad
0014ffc4ffe4003c
febbfebbff8cfffc
ffa40064001cff63
fcc9fcd9fd09fe1a
fc78fc91fca1fcb9
fca1fc99fc89fc81
fca9fc99fc81fc91
fe5a0034007c009d
ffc4ff53fe9bfd8a
ffacffc4ffecfffc
fdb2fe0aff13ffac
fe1afdeafdc2fdd2
ff2bff2bff13fea3
ff43ff2bff33ff33
ff94ff84ff63ff53
ffbcffa4ffa4ff9c
0054001cfff4ffdc
00fd00cd00ad0085
017d0155014d012d
0186019601a60196
00e5012d0165018e
0014ffa4fff4007c
01860155012d00c5
024e021e01fe01be
02b702af02af0297
014d01fe025e029f
00d500f5010d0105
ffac000c006400ad
fe83fe83fedbff3b
ffb4ff4bfedbfeab
0044ffecffe4ffdc
015501d601e60145
006c005c00a500ed
000cffdc00140034
ff9c008d0095005c
fcc1fcd1fd01fe12
fc78fc99fca1fcb1
fc99fc91fc81fc78
fca9fc91fc89fc99
febb01250175018e
ff1bfde2fd11fce9
ffd4ffbcffbcffa4
fdcafe62ff63ffd4
fe42fe02fdeafdfa
ff23ff1bff1bfebb
ff33ff33ff13ff1b
ff84ff6bff4bff3b
ffb4ff94ff94ff8c
004c00240004ffd4
00fd00cd009d006c
0165017501650135
019e01b6019e017d
00c5011d0145017d
ffc4ff63ffcc005c
010d00f500f5008d
01ce01860155012d
0246024e02460226
00dd015501c6020e
00b500ed011500ed
ff7bfffc0054009d
fe62fe32fe52fedb
ffa4ff53fee3fe9b
ff5bff03ff43ff84
0246024e01ee00d5
008500ad014501fe
012500ed00cd009d
ff9c00c501050125
fcb1fcc9fce1fdfa
fc78fc89fc99fca1
fc99fc91fc78fc78
fca1fc99fc89fc91
fe4a003c007c0064
fd41fc81fcc9fd11
ff73ff63ff4bfeb3
fddafe7aff43ff84
fe5afe1afe0afe02
ff2bff33ff13fec3
ff23ff13fed3ff1b
ff8cff73ff4bff23
ffacff94ff8cff8c
003c001cfff4ffcc
00dd00bd008d0064
015d014d01450125
017d019e0196017d
00cd010d0135015d
ff7bff2bffec0085
008500a50095003c
00c5006c00540054
0186019e01750135
005c007400ed0145
00b500ed010d00ed
ff33ffbc00240074
fd82fd69fd49fdd2
fe62fe52fdfafdb2
fdd2fd9afddafe2a
019601350044feeb
008d005c00c5016d
0145014d01450105
ff8c00bd0125012d
fcb1fcd1fce1fdea
fc68fc81fc91fc99
fc89fc91fc81fc70
fca9fca1fc89fc81
fd69fda2fda2fd92
fc38fc68fcc1fd29
fefbfef3fe52fce1
fdfafe02feabfef3
fe72fe32fe2afe42
ff23ff33ff0bfecb
ff33ff23ff1bff23
ff8cff6bff43ff23
ffc4ffacff94ff94
00340014fff4ffd4
00d5009d006c0044
014d013d012d0105
015d015d01750175
00fd010d011d0135
ff2bff43004c00ed
ffc4fffcffecffac
ffc4ff7bff6bff7b
00850095005c0014
004cff94ffe4003c
00ad00dd00ed00dd
fee3ff8c00040074
fcd9fcd9fcd1fd51
fd71fd69fd29fce9
fd21fd09fd21fd49
ff53febbfdd2fd39
00b5ffccff23ff5b
00dd011d012d012d
ff7b008500d500cd
fc99fcc1fcd9fde2
fc70fc78fc81fc89
fc81fc91fc78fc70
fca9fca1fc91fc81
fd59fd21fcf9fd01
fc38fc68fc99fd21
fddafd61fc89fc30
fdfafd39fd8afde2
fe7afe42fe52fe83
ff2bff2bff13fec3
ff43ff33ff33ff33
ff7bff5bff33ff33
ffbcffacff8cff94
003c0014fff4ffcc
00bd0095007c005c
01450125010d00e5
0155015d015d014d
013d012d0115012d
fee3ffcc00dd0145
ff0bff3bff3bff23
ff23fedbfea3feb3
ff94ff9cff7bff53
0064ff6bfefbff4b
009500d500ed00d5
fec3ff73fffc005c
fcd9fce9fd11fdaa
fd39fd39fd19fce9
fcf9fd11fd19fd39
fd19fcf1fcd9fcd9
0115fffcfe1afd39
002c009500c50135
ff1b001c00340034
fc99fcb1fcc1fdba
fc78fc70fc81fc91
fc81fc91fc81fc70
fc99fca1fc99fc89
fd69fd49fcf9fd09
fc60fc70fc78fce1
fcc9fc89fc50fc60
fdfafd59fd19fce9
fe6afe42fe5afea3
ff23ff1bfefbfebb
ff33ff43ff3bff3b
ff4bff43ff2bff23
ffb4ff9cff8cff7b
003c000cffe4ffc4
00ad0095006c005c
0115010500e500cd
013d01450145012d
01750165013d012d
ff530095014d017d
fe1afe9bfeabfe9b
fe7afdbafd69fd82
fedbfeebfeebfedb
00b50054ffacfedb
008d00bd00d500e5
ff63ff7bfff40044
fd11fd49fdeafec3
fd41fd39fd39fd29
fcd9fd01fd29fd49
fca9fcb1fcc9fcd1
012d0054fe5afce1
000c003c005c00f5
feabff84ffc4fffc
fc99fc99fca1fd8a
fc78fc78fc89fc91
fc81fc91fc81fc78
fc99fca1fc99fc89
fd39fdcafe42fe83
fc81fc81fc81fca9
fcf9fca1fc60fc70
fe0afdfafdd2fd49
fe62fe42fe62fe9b
ff1bff03fedbfeab
ff33ff43ff1bff2b
ff3bff2bff2bff2b
ffa4ff94ff8cff73
003c0014ffe4ffc4
009d008d006c005c
00fd00dd00cd00b5
01450135012d011d
01a60196015d0135
0034010d018601a6
fec3fe62fe62ff1b
fe32fe7afecbfee3
febbfe6afe72fe62
00fd00dd00bdffec
006c00b500dd00e5
003cffe4ffc40004
fd8afe02feebffbc
fd82fd69fd69fd71
fcc9fcd1fd21fd69
fca1fcb9fcd9fce9
007cffe4fe5afcf1
fff4000cffd40024
fe2afedbff4bffc4
fca9fc99fc99fd41
fc70fc70fc89fca1
fc81fc89fc81fc70
fc91fca1fc99fc89
fce9fdcaff33ffe4
fc89fc89fc91fcb1
fd59fcc1fc78fc78
fe1afe42fe42fdfa
fe52fe4afe72fe9b
ff03fee3feb3fe93
ff33ff33ff13ff23
ff3bff2bff33ff33
ff94ff8cff7bff5b
0024000cffdcffb4
007c007400640044
010500d500ad008d
0145012d01150115
01d601be019e015d
00bd015d01ae01ce
ff63ff23ff6b0004
fe6afef3ff4bff73
ff33fe12fddafe0a
012d0135010d0085
0054007c00bd00f5
00cd0095ff9cffe4
fe02feb3ffa4005c
fdb2fdd2fdc2fdc2
fcd1fcb9fce9fd69
fc89fca9fcd9fcf1
fed3fe93fda2fcc1
ff94ff94ff03fec3
fdbafe62fed3ff63
fcb1fca1fc89fcf9
fc70fc70fc89fca9
fc78fc89fc89fc78
fc91fca1fc91fc89
fce1fd61fe93ffbc
fc91fc81fcb1fd01
fd79fcf1fc99fca1
fe3afe5afe52fe0a
fe4afe52fe7afe93
feebfedbfeabfe7a
ff23ff13ff03ff03
ff23ff23ff33ff33
ff73ff63ff5bff43
fff4ffdcffc4ffa4
0064004c003c0014
00ed00c500a5007c
016501350125010d
01e601d601b60186
0105016501c601ee
ff9cffbc000c006c
fecbff43ff8cffa4
ff9cfe7afe52fe93
0155016d015500cd
0024007400bd011d
012d0155fff4ffcc
fea3ff5b002c00bd
fd9afdeafe02fe22
fce9fcc1fcb9fd11
fc89fca1fcd1fce9
fcd9fcd9fca9fc89
fedbfedbfe4afd79
fd51fde2fe42feb3
fcb9fcb9fc99fcd1
fc91fc89fca1fcb1
fc81fc89fc89fc89
fc91fca1fc99fc81
fcf1fd09fe02ff13
fcc1fca9fcf1fd19
fd92fd29fcd9fcd9
fe62fe72fe52fe0a
fe32fe42fe83fe93
feebfecbfe93fe62
ff1bff0bfef3fefb
ff23ff13ff23ff23
ff5bff43ff43ff3b
ffccffb4ffa4ff84
00440034001cfff4
00bd00a500850064
015d0125010500dd
01f601de01c6019e
0125017d01ce01f6
ffdc000c004c00bd
ff3bff6bffacffc4
002cff4bff33ff43
015501750175010d
000c006c00b5011d
01de0236010dffac
ff7b0085012d0175
fd19fd79fdc2fe62
fcf9fcc9fca9fcc1
fc70fc91fcd9fd09
fc70fc50fc50fc58
fe1afe2afdd2fd09
fcf9fd69fdaafdf2
fcc9fcd1fcb1fcb9
fca9fca9fcb1fcc1
fc81fc89fc89fc89
fcb9fca1fc91fc81
fd11fce9fda2feab
fcf9fcf1fd11fd39
fdd2fd79fd19fcf1
fe93fe83fe62fe1a
fe22fe3afe7afe93
fee3febbfe7afe42
fefbfefbfefbfefb
ff2bff1bff23ff13
ff4bff4bff3bff33
ffbcffacff7bff63
003c0014fffcffdc
009500740064004c
0165012500e500c5
01e601d601c60196
0135018601be01de
001c004c009500ed
ff6bff73ffbcffec
004cffacff84ff8c
013d0165015d00fd
ffbc0014007400f5
02d7030f026efffc
0004019e026602a7
fcc1fcd1fd21fe3a
fd39fd01fcd9fcd1
fc68fc91fce9fd39
fc78fc58fc48fc50
fd82fd8afd59fcd9
fcc9fd19fd49fd69
fce1fcc9fca9fcb1
fc99fcc1fcd9fce9
fc89fc99fc89fc81
fcd1fca9fca1fc91
fd31fd01fd41fe22
fd29fd09fce1fd49
fdf2fdaafd61fd29
fec3fea3fe7afe3a
fe12fe2afe5afe7a
febbfea3fe6afe2a
fedbfee3feebfed3
ff2bff23ff1bff03
ff4bff53ff33ff33
ffa4ff8cff73ff6b
0024fffcffdcffc4
0095005c00440044
0165011d00c500ad
01c601be01ae0186
01450175018e019e
003c007400bd0105
ff73ff63ffacfff4
006c0004ffd4ffac
00fd012d012500dd
ff8cffcc003c00a5
0337033f02cf00a5
ff5301c602cf031f
fcd1fcb1fc99fd29
fd39fd11fce9fce9
fc60fc81fcd1fd21
fc70fc50fc48fc48
fd31fd49fd29fcc9
fcb9fcc9fcd9fd01
fcd1fcb9fca9fca9
fcb1fcd1fcf1fcf1
fc99fca9fca1fc99
fcb9fca9fca9fca1
fd31fd09fd01fdd2
fd39fd11fcd9fd31
fe02fdb2fd92fd51
fed3feb3fe72fe52
fe12fe12fe3afe83
feabfe8bfe52fe2a
fed3fedbfed3febb
ff2bff23ff23fef3
ff4bff43ff33ff33
ff7bff6bff5bff53
0004ffe4ffc4ff9c
006c0044002c001c
0135010500bd008d
01860186017d015d
014d016d01750186
006400b500fd0125
ff8cff73ffc40014
009500640034ffd4
008d00cd00d500bd
ff53ff9cfffc0044
02b70297018eff73
fdba006c020e028f
fcf1fcd1fcb9fcb9
fd01fcf1fce1fcf1
fc60fc70fcb1fcf1
fc81fc50fc50fc58
fcf9fd09fd09fcc9
fcd9fce9fcd1fce1
fcd9fcb9fca9fca9
fcd1fcf1fcf9fcf1
fc99fca9fcb9fcb1
fcb9fcb9fca9fc99
fd51fd49fd29fdba
fd69fd31fcf1fd19
fdfafdc2fdcafd8a
fecbfeabfe5afe42
fe12fe12fe4afea3
fe8bfe72fe42fe1a
fec3fec3fec3feab
ff13ff13fefbfed3
ff33ff3bff33ff33
ff5bff53ff43ff3b
ffdcffbcff94ff7b
004c002c000cffec
00ed00bd00850064
013d012d011d0105
015d016d015d0155
00ad0105014d015d
ffccffbcfffc0044
008500440054001c
ffe4004400ad00b5
fe83ff5bff8cffbc
00850044febbfd11
fcd9fe12ff7b0034
fcf1fce9fcd9fcc9
fcd1fcc9fcc9fcd9
fc68fc68fc91fcc1
fc81fc58fc58fc68
fd29fd39fd29fcd9
fcd1fcf9fcf9fd09
fcd1fcb9fc99fca1
fcc1fce1fce9fce9
fc91fc91fca9fcb1
fcc1fcc9fcb9fca9
fda2fe1afe12fe12
fdc2fd9afd41fd21
fdfafdbafddafdc2
fed3feabfe6afe3a
fe12fe22fe62febb
fe72fe42fe2afe1a
febbfeb3feabfe93
ff03fefbfee3fecb
ff2bff2bff33ff1b
ff53ff43ff33ff1b
ffacff8cff7bff6b
0014fffcffe4ffcc
0085005c0044002c
00c500a500a50085
011d0135012d010d
ff8cfffc008500dd
ffccff53ff13ff33
ff43feebff43ffcc
ff4bffd4008d0014
fd59ff1bff3bff3b
fde2fdbafd11fc68
fcd1fd29fda2fdca
fcc9fcd1fcd9fcd1
fca1fc99fca9fcb9
fc60fc58fc78fca1
fc89fc60fc60fc68
fd19fd41fd31fce1
fca9fcd9fce1fce9
fcb1fca1fc81fc89
fc91fca9fcb9fcb9
fc78fc70fc89fc91
fca1fcb1fca9fc89
fe32ff03ff84ffb4
fe02fe0afd9afd61
fdfafdcafde2fdda
fedbfea3fe72fe32
fe2afe52fe8bfec3
fe5afe22fe2afe22
febbfeabfe9bfe83
fef3fee3fed3fecb
ff1bff13ff13fefb
ff43ff33ff23ff1b
ff8cff6bff63ff63
ffecffe4ffd4ffbc
fff4fff4fff4fff4
0044001cfff4ffe4
ff9c00140064007c
fe52fe62fe93fefb
fe72fe4afe5afe62
fe12fe1afe2afe5a
fec3ff33ff6bfe7a
fc91fe6aff0bfedb
fd31fd31fce1fc70
fcf1fd21fd59fd49
fc99fcb1fcd9fce9
fc78fc89fc89fc89
fc50fc48fc60fc78
fc89fc58fc50fc48
fcd1fd01fd01fcd1
fc89fcb1fca9fca9
fc99fc89fc78fc70
fc78fc81fc81fc91
fc70fc68fc68fc70
fc78fc81fc81fc78
fedbfff4007c00cd
fe32fe5afe22fdf2
fe02fde2fdf2fdfa
fecbfeabfe83fe42
fe52fe93fecbfee3
fe52fe4afe4afe4a
fea3fe8bfe8bfe72
feebfee3fecbfeab
ff03ff03fef3feeb
ff3bff23ff13ff13
ff8cff63ff5bff53
ffbcffc4ffacffa4
ff7bff9cffacffac
ff33ff43ff4bff53
fdfafe32fea3ff13
fdeafdd2fdcafdda
fdaafdc2fdeafdf2
fd61fd82fd8afd8a
fe7afe52fdc2fd51
fc50fd41fec3feb3
fd39fd39fce9fc78
fd09fd19fd49fd49
fca9fce9fd29fd11
fc60fc68fc70fc81
fc60fc60fc60fc60
fc81fc58fc50fc50
fc68fc81fc99fca1
fc70fc78fc50fc50
fc78fc78fc68fc70
fc60fc60fc60fc70
fc58fc58fc60fc60
fc50fc60fc60fc58
ff94005c008d0095
fe72feabfebbfeab
fe1afe12fe12fe42
fef3fed3fe9bfe5a
fe9bfed3fefbfefb
fe52fe52fe62fe72
fe9bfe83fe62fe5a
fedbfed3febbfea3
ff03fef3fee3feeb
ff2bff13ff13ff1b
ff6bff53ff53ff3b
ff9cffa4ff8cff8c
feebff2bff4bff73
fd9afdf2fe42fe8b
fd61fd61fd61fd71
fd31fd31fd49fd61
fd09fd09fd19fd21
fcf1fd41fd39fd11
fe62fe22fd8afcf9
fc40fc70fe02fe9b
fd41fd49fce9fc68
fd01fcf9fd29fd31
fd01fd61fd92fd59
fc60fc68fc89fcb1
fc89fc91fc78fc78
fc78fc60fc60fc78
fc40fc38fc50fc70
fc60fc70fc40fc30
fc68fc68fc68fc60
fc58fc58fc60fc60
fc48fc40fc48fc50
fc70fc68fc58fc50
ff2bffacffacff6b
fedbff03ff1bff0b
fe3afe52fe4afe93
ff13feebfebbfe7a
fee3ff03ff0bff0b
fe4afe62fe8bfeab
fe72fe62fe4afe42
fecbfebbfeabfe93
ff03feebfed3fee3
ff13ff0bff1bff1b
ff53ff4bff33ff23
ff63ff7bff73ff63
fe2afe8bfee3ff23
fdeafdd2fda2fdda
fe52fe5afe4afe12
fd82fdb2fdf2fe1a
fdbafd92fd8afd79
fdcafe0afe02fdd2
fe42fe4afe32fde2
fc40fc50fd01fe52
fd49fd51fce9fc70
fcf9fce9fd09fd19
fd29fd92fdc2fd71
fc81fc89fcb1fcd9
fcb1fcb9fc99fc89
fc78fc58fc68fc99
fc50fc50fc60fc81
fc68fc78fc58fc48
fc50fc68fc70fc50
fc58fc50fc58fc60
fc48fc38fc38fc40
fcf1fc99fc70fc58
ff43fef3fe93fe5a
ff33ff5bff73ff73
fe62fe8bfe9bfee3
ff2bff03fecbfe93
ff0bff1bff23ff33
fe5afe7afeabfee3
fe5afe4afe42fe3a
febbfeabfe8bfe6a
feebfee3fed3fecb
ff13ff13ff13ff03
ff4bff3bff23ff23
ff2bff4bff53ff5b
fea3feabfec3fef3
fe7afe4afe52fe9b
ff23fee3fecbfe9b
fe62fea3fedbff23
fe42fe32fe2afe2a
fe4afe72fe83fe5a
fe6afe72fe8bfe52
fc60fc68fc68fd82
fd39fd49fcf1fc81
fce1fcf1fd19fd19
fd31fd82fda2fd51
fc99fcb1fcc9fcf9
fcd1fcc1fca1fc89
fc89fc81fc81fcb1
fc50fc60fc78fc91
fc70fc91fc68fc40
fc48fc60fc68fc48
fc60fc58fc68fc60
fc60fc60fc60fc60
fe2afd79fcf9fc91
ffc4ff8cff0bfea3
ff63ff94ffacffbc
fe93feb3feebff33
ff3bff13fedbfe93
ff23ff33ff4bff53
fe7afe9bfed3ff0b
fe32fe2afe2afe52
fe9bfe83fe6afe4a
fedbfecbfebbfeab
ff1bff13ff03fee3
ff3bff2bff1bff1b
ff23ff43ff4bff53
ff03ff33ff23ff13
fe8bfe83fe9bfecb
fec3fe8bfe62fe6a
fea3febbfedbfef3
fe62fe5afe5afe72
fe4afe52fe6afe72
fe12fe7afe9bfe9b
fc60fc60fc40fc81
fd41fd59fd01fc89
fcc1fce1fd21fd21
fd41fd71fd69fd19
fc81fca9fcd9fd11
fce1fcd1fc99fc78
fc81fc91fca1fcc9
fc60fc60fc68fc78
fcd9fcf9fcc1fc70
fc50fc58fc58fc91
fc60fc70fc78fc68
fcf1fc91fc68fc68
ffccff53feb3fdca
001c001cffecffb4
ffa4ffc4ffdcfffc
fecbfee3ff3bff84
ff43ff1bfeebfe9b
ff43ff63ff6bff5b
fea3fedbff03ff2b
fe02fe12fe42fe6a
fe7afe5afe32fe0a
fec3feb3fea3fe93
ff0bfef3feebfed3
ff2bff1bff0bff13
ff33ff43ff43ff33
ff43ff53ff6bff43
fe6afe8bfeabfef3
fe1afe0afe22fe3a
fe2afe4afe52fe3a
fe1afe02fe0afe22
fe62fdf2fdf2fe12
fcf9fe5afe9bfec3
fc50fc40fc38fc38
fd41fd69fd21fc91
fca1fcc9fd21fd29
fd71fd79fd41fce1
fc68fc89fcd1fd29
fce9fcd1fc89fc68
fc89fc89fc99fcc1
fca9fca1fc91fc91
fd51fd69fd21fcd1
fc58fc50fc70fcf9
fcb9fc99fc78fc60
fecbfdf2fd41fcf1
00ed00bd005cffb4
005c006c006c005c
ffec000c0024003c
ff03ff1bff84ffbc
ff53ff2bfef3febb
ff73ff7bff84ff6b
fedbff03ff23ff3b
fdf2fe3afe72fe9b
fe4afe2afdfafdda
feb3fe93fe83fe6a
fef3feebfedbfec3
ff23ff13ff0bff03
ff53ff4bff43ff2b
ff6bff73ff84ff73
fe83fed3ff13ff43
fe02fe1afe32fe52
fdc2fddafddafdea
fdbafdbafdbafdca
febbfe3afdc2fda2
fc89fe02fea3fec3
fc58fc50fc50fc50
fd29fd69fd31fc89
fc91fca9fd01fd19
fd9afd9afd31fcd1
fc48fc60fcb9fd39
fce1fcc9fc89fc50
fca9fc91fc89fca9
fd01fcf1fcd1fcb9
fd9afd9afd49fd11
fc70fc58fcc1fd51
fed3fe62fdb2fce9
007c000cff94ff2b
017d0165013d00e5
009500a500bd00bd
0024004400740085
ff33ff5bffc4ffec
ff5bff33feebfeeb
ff7bff7bff7bff7b
ff0bff1bff3bff63
fe32fe83febbfedb
fe12fde2fdcafde2
fe7afe62fe5afe3a
fed3fed3febbfe9b
ff1bff0bfefbfedb
ff73ff63ff53ff3b
ff6bff7bff94ff9c
feebff3bff63ff6b
fe22fe52fe72feab
fdaafdaafdc2fde2
fde2fdd2fdbafdaa
fefbfed3fe6afe02
fca1fe5affacfeeb
fc50fc68fc70fc68
fd21fd79fd31fc70
fc70fc78fce1fd09
fd92fd92fd29fcb9
fc40fc50fc99fd21
fcc1fcc1fc89fc50
fce9fcc1fc99fca1
fd19fd11fd01fce9
fdb2fd82fd39fd21
fd19fca9fd29fd8a
00cd007cffe4feab
01650145011d00fd
01ee01de01b60196
00d500d500dd00e5
003c006c00a500c5
ff5bffacfffc0014
ff63ff33feebff13
ff84ff8cff84ff6b
ff23ff33ff5bff7b
fe93fecbfef3ff0b
fdb2fdc2fe02fe52
fe52fe3afe0afdca
fec3feb3fe9bfe6a
ff1bfefbfeebfecb
ff84ff73ff53ff43
ff84ff8cffb4ffac
ff43ff63ff73ff84
fee3fef3ff03ff23
fed3fec3feb3feab
feb3feb3feb3fec3
ff1bff1bfefbfebb
fce9ff5b0196fff4
fc30fc58fc78fc78
fdcafdfafd8afc89
fc50fc89fd49fda2
fd21fd29fcd9fc89
fc40fc38fc58fcb9
fca1fc91fc68fc50
fd11fce9fcc1fca1
fd19fd19fd11fd09
fdbafd61fd21fd19
fe42fd41fd79fdca
01a6018601150014
01d601ce01c601be
0236021e020601e6
00fd00f500fd010d
0054009500cd00ed
ff73ffe4001c003c
ff53ff23ff0bff3b
ff9cff9cff8cff7b
ff43ff5bff6bff94
fecbfef3ff13ff2b
fdaafe12fe62fe9b
fe1afddafd92fd71
feabfe93fe6afe3a
ff13fef3fedbfebb
ff84ff73ff53ff3b
ffb4ffbcffb4ff94
ff6bff84ff9cffb4
ff5bff63ff63ff63
ff53ff53ff53ff4b
ff1bff13ff1bff33
ff7bff4bff53ff33
fdd200a502b70206
fca1fca9fcb9fcd9
ff7bff53fe83fd49
fc81fd19fe4aff1b
fca9fcb9fc89fc70
fc78fc60fc58fc78
fcd1fcb9fc91fc89
fd19fd11fcf1fcd9
fd21fd29fd29fd21
fdb2fd59fd29fd19
ff53fe12fddafdfa
01de01be018600c5
021e021e020e01fe
022e021602060216
011d011d0125013d
008d00b500ed0115
ff94000c00340054
ff43ff1bff23ff5b
ffa4ffa4ff9cff73
ff7bff8cff8cff9c
fef3ff0bff33ff4b
fe32fe83feb3fecb
fd9afd69fd71fdc2
fe72fe42fe22fde2
fedbfecbfeb3fe9b
ff73ff53ff33ff13
ffd4ffc4ffb4ff94
ffb4ffc4ffdcffdc
ff9cffacffbcffbc
ff6bff6bff73ff8c
ff84ff4bff43ff43
00c5ff53ff73ff8c
ffdc0236035f035f
fd51fd19fd29fdd2
01650105ffb4fe22
fd09fde2ff9c00f5
fcd9fcd9fce1fcf9
fcd9fcc9fcb9fcc9
fd21fd11fcf9fce1
fd39fd31fd29fd19
fd31fd21fd29fd29
fdcafd71fd51fd41
004cff43fea3fe3a
020601e601be013d
0256026602560236
021e020e020e023e
0135013d011d013d
00ad00dd00fd011d
ffcc002c004c007c
ff43ff23ff3bff7b
ff9cffa4ff94ff73
ff73ff8cff94ff94
ff0bff2bff53ff5b
fe9bfec3fee3fefb
fd49fd79fde2fe5a
fe3afdf2fd9afd59
fec3fe93fe6afe4a
ff5bff43ff23fef3
ffe4ffd4ffb4ff8c
ffdcffecfff4fff4
ffb4ffc4ffecfffc
ff73ff6bff7bff9c
ffa4ff8cff6bff6b
0226ff7bff53ff94
00fd02a703670377
fe02fd9afda2feab
029f023e00f5ff23
fe02ff2300dd022e
fd59fd49fd51fd8a
fd41fd39fd41fd59
fd61fd61fd49fd39
fd59fd51fd41fd51
fd61fd51fd69fd71
fec3fe52fde2fd92
0135007cffc4ff33
0226020601ee01b6
024e025e0266024e
021e02060206022e
01350135010d0105
00c500ed01050125
fffc003c0064009d
ff53ff33ff63ff9c
ff9cffacffa4ff8c
ff7bff8cff8cff8c
ff2bff4bff5bff6b
fedbfeebff03ff13
fd79fe02fe8bfebb
fda2fd49fd31fd49
fe8bfe5afe2afdea
ff3bff1bfef3febb
ffd4ffbcff94ff6b
ffdcffe4fff4ffec
ffa4ffbcffe4fffc
ff73ff7bff84ff9c
ffa4ff8cff7bff73
0226007cff2bff84
008501960206026e
feabfe02fdfafedb
030f02bf018effec
fed3000c0186029f
fd82fd61fd8afe0a
fd61fd61fd79fd8a
fd92fd8afd71fd69
fdaafd8afd79fd82
fdd2fdbafdc2fdd2
004cffacfeebfe3a
01d60175010d00ad
0216020e020e020e
0206021e0226021e
01fe01e601d601e6
012d011500e500bd
00d500fd011d0135
00240054007c00b5
ff53ff43ff6bffc4
ffacffb4ffa4ff84
ff6bff7bff84ff8c
ff53ff53ff53ff63
fef3ff03ff13ff33
fe2afea3fecbfedb
fd29fd21fd39fd92
fe3afe12fdbafd59
ff03fedbfea3fe62
ffa4ff73ff4bff23
ffbcffc4ffccffc4
ff73ff9cffd4ffdc
ff63ff6bff6bff6b
ffa4ff8cff63ff63
018e014dffc4ff3b
ffb4ffdc002c016d
fed3fe4afe5aff13
029f0246011dffc4
ff3b00340155023e
fd82fd69fdb2fe62
fd79fd79fd92fd9a
fde2fdd2fda2fd82
fe22fe0afdeafde2
fe93fe2afe12fe1a
018e00f5002cff4b
01ee01d601c601b6
01b601c601e601f6
018601a601b601a6
01be01a6017d0175
0125010500bd00a5
00dd010d012d012d
0034005c008500b5
ff63ff63ff8cfff4
ffbcffacff94ff84
ff63ff73ff84ff9c
ff43ff53ff4bff53
ff13ff23ff23ff33
feabfecbfee3fef3
fd39fd49fda2fe42
fdc2fd61fd39fd39
feb3fe83fe4afe1a
ff4bff13ff03fedb
ff84ff8cff84ff6b
ff53ff6bff84ff8c
ff2bff3bff3bff3b
ff13ff4bff33ff1b
0135014d011dff3b
ff8cff1300140155
fe4afe42fec3ff84
010d00adffb4fecb
ff03ff8c002c00cd
fdcafdc2fdfafe72
fdb2fdbafdd2fde2
fe4afe32fdf2fdc2
fe52fe52fe52fe52
ffccff03fe7afe4a
020601d6016500ad
016d018601b601ee
00e500fd012d0155
00bd00cd00d500cd
0135011d00ed00c5
011d00e500cd00cd
00d50115011d011d
00440064009500ad
ff63ff73ffac000c
ffa4ff9cff8cff7b
ff4bff6bff84ff94
ff3bff53ff53ff53
ff1bff23ff23ff2b
fed3feebff03ff0b
fd82fddafe62feb3
fd39fd31fd41fd61
fe62fe2afde2fd82
fef3fedbfebbfe9b
ff1bff1bff0bfefb
fefbff13ff23ff23
fed3fed3fedbfeeb
fedbfeabfee3fecb
010d011d015d009d
ff2bfeb300a5015d
fdfafe42ff13ffac
ff2bfef3fe6afe1a
fe5afe8bfebbfefb
fe6afe52fe32fe32
fe32fe2afe4afe72
fe7afe6afe4afe2a
fe22fe1afe4afe6a
013d0054ff6bfea3
01f6021e022601de
009d00d5012d019e
ff9cffcc0014005c
ff9cff94ff8cff8c
00440024ffe4ffb4
00cd00b500bd00dd
00e500fd010d010d
0054005c006400ad
ff73ff84ffd4001c
ff9cff94ff8cff7b
ff63ff73ff84ff9c
ff43ff53ff53ff5b
ff13ff33ff3bff3b
fefbff03ff0bff13
fe0afe9bfedbfef3
fd51fd59fd61fd8a
fdf2fd92fd59fd49
fea3fe93fe83fe4a
fecbfec3feabfeab
fe93fea3fec3fecb
fe83fe83fe83fe8b
00a5ff1bfe6afe6a
00fd01150145015d
fea3fed300fd0145
fe4afed3ffacffbc
fdf2fdf2fdeafe0a
fd92fdb2fdc2fdd2
fec3fea3fe42fdba
fe7afe7afe9bfec3
fe12fe32fe4afe5a
fe72fdbafdb2fdf2
020e018600bdffac
017d01de0226023e
ffbc000c007400f5
fe72feabff03ff6b
fe72fe6afe62fe62
fed3febbfeb3fe9b
008d007c00ad00e5
00dd00e5010500bd
0054001cfff400a5
ff7bff9cffec002c
ffa4ff8cff73ff73
ff73ff6bff84ff94
ff43ff4bff5bff6b
ff1bff33ff4bff4b
ff13ff13ff0bff13
fea3fee3ff03ff0b
fd51fd61fd92fe0a
fd79fd69fd59fd49
fe5afe32fdf2fd9a
fe6afe62fe62fe6a
fe3afe42fe5afe62
fe93fe62fe4afe3a
0165010dffccfee3
00f50135015d015d
fe4aff630115012d
fee3ff94002cffa4
fd92fdd2fe1afe7a
fd19fd49fd61fd79
fea3fe9bfe22fd39
fe12fe32fe52fe83
fd09fd49fd92fdea
ff7bfddafcf9fce1
01f601fe01b600ed
00a5010d017501c6
ff1bff4bffa4001c
fe52fe6afea3fee3
fe42fe42fe4afe4a
fddafe02fe2afe3a
005c0064009d00cd
00b500dd00ad0064
005c0034004c00b5
ff73ffac0004003c
ff8cff8cff7bff73
ff6bff73ff84ff8c
ff33fef3ff13ff4b
ff33ff33ff33ff33
ff13ff1bff13ff1b
fedbfeebfefbff0b
fd79fdc2fe4afeb3
fd79fd79fd79fd71
fe02fda2fd82fd79
fe3afe22feb3fecb
ff9cff73ff13fea3
008d0004ffacffa4
0155013d00f500bd
00fd012d0145013d
fe4a000c012d0125
ff43ffacffb4fed3
fe0afe5afea3feeb
fd11fd61fd9afdd2
fe0afe32fde2fd29
fd29fd69fd9afdc2
fc81fc89fcb9fd01
0074fea3fd39fcb9
015501c601ee019e
ffac0004005c00dd
fef3fefbff1bff53
febbfebbfed3feeb
fe93fe9bfea3feab
fdfafe32fe62fe83
0014004c009500c5
00bd009d003cfff4
003c006c009d00ad
ff7bffbc0014002c
ff7bff73ff63ff6b
ff6bff73ff7bff84
ff3bff2bff2bff4b
ff1bff2bff33ff2b
ff0bff13ff0bff0b
fee3fef3fefbff03
fdc2fe4afebbfedb
fd8afd8afd8afd8a
fe5afda2fd9afda2
fe52fe32ff43ff84
011d00d5004cff63
00ed00fd00fd0115
0145013500e500cd
00ed011501350135
ff3b009d01250115
fecbfec3fe6afe22
feb3fecbfecbfec3
fe0afe4afe72fe9b
fdc2fe0afe0afdea
fc91fca9fcf9fd59
fce9fcc1fca9fc99
00b5ff84fe32fd59
004c00d5013d0145
ff4bff5bff7bffd4
ff1bff23ff23ff33
fee3feebfefbff13
feabfeb3febbfecb
fe62fe7afe8bfea3
ffe4004c00bd00ed
0095002cffccff9c
003c0074008d00c5
ff94ffccfffc001c
ff6bff6bff5bff73
ff6bff73ff6bff73
ff33ff33ff3bff4b
ff2bff33ff2bff2b
ff03ff0bff0bff13
fee3feebfef3fefb
fe52feabfed3fee3
fd92fd9afdaafdda
feebfdbafd8afd9a
fe02fdeaff1bff8c
00f500a5001cff33
00c500dd00e500ed
013d013500ed00bd
00e5010d0125012d
006400e501150105
fdd2fd79fd79fedb
fe62fe4afe22fdf2
fea3fe9bfe8bfe7a
fe6afe93fea3fea3
fd39fd82fde2fe3a
fd59fd01fce9fd01
000cff84feb3fdf2
ff5bffa4fff40024
ff1bff1bff1bff2b
ff13ff23ff2bff2b
fed3fee3fefbff0b
fe8bfe9bfeabfebb
fe6afe62fe72fe83
ffec007400cd00e5
0024ffccff8cff84
005c00640095008d
ffacffd4ffec0014
ff5bff53ff4bff6b
ff53ff6bff5bff53
ff1bff23ff33ff43
ff1bff1bff13ff13
ff03ff13ff1bff1b
fee3fedbfedbfeeb
feabfec3fecbfedb
fd9afdaafdeafe5a
ff3bfdfafd8afd82
fdf2fdeaff13ff9c
00ed00950004ff13
00bd00ed00ed00ed
013d012500f500b5
00ed01050115011d
00ed0105011500fd
fd39fd01fdf2ffd4
fd79fd59fd49fd49
fe12fdd2fdaafd8a
ff03fef3febbfe6a
fe22fe6afeb3fef3
fdf2fda2fd92fdca
ff13ff03fec3fe62
fef3ff0bff0bff13
ff0bfefbfef3feeb
ff03ff1bff2bff1b
feb3fec3fedbfef3
fe62fe7afe93fea3
fe3afe42fe4afe52
0034009500c500dd
ffbcff9cff8cffbc
0044005c00540004
ff9cffc4ffec0024
ff43ff3bff43ff63
ff4bff53ff43ff3b
ff13ff23ff23ff2b
ff03ff03ff03ff0b
ff03ff0bff0bff03
fec3fed3fedbfeeb
fea3feabfeb3fec3
fd9afdd2fe3afe83
ff53fe42fdc2fd9a
fdcafdcafefbff94
00dd0085fff4fef3
00ad00e500e500e5
0125010d00ed00b5
00f501050105010d
00e5010d0115010d
fd09fd19fea3002c
fd11fd11fd19fd29
fd59fd31fd21fd19
fee3fe8bfe12fda2
febbfedbff03ff0b
fe8bfe83fe83feab
fee3fedbfecbfeab
fef3fef3fef3feeb
ff0bfefbfef3feeb
fee3ff03ff13ff0b
fe93feabfeb3fecb
fe42fe4afe6afe7a
fe0afe1afe1afe32
0064009d00c500ed
ff8cff7bffa4fff4
003c002cffdcffb4
ff8cffb4fff4000c
ff33ff33ff3bff63
ff33ff33ff33ff23
fee3ff03ff1bff23
fefbff0bff0bff03
fef3fef3fefbfef3
fed3fedbfeebfeeb
fea3feabfeb3fecb
fdc2fe1afe52fe7a
ff53fe3afd9afdaa
fdb2fdaafecbff7b
00b5005cffccfed3
009500b500bd00c5
011d010500fd00cd
00dd00f500fd00fd
00ad010d011500fd
fcf1fd8aff33003c
fd09fd09fd09fcf9
fd51fd49fd41fd21
fe42fdcafd79fd51
fefbff13ff13febb
fedbff03ff0bff03
ff03fef3fee3fecb
fefbfefbfefbff03
fefbff03ff03fefb
feb3fed3feebfef3
fe72fe8bfe93fe9b
fe22fe2afe4afe5a
fddafdeafdf2fe02
006c00ad00dd0105
ff53ff5bffac001c
0024ffbcff8cff6b
ff84ffacffd4002c
ff1bff23ff3bff63
ff2bff23ff2bff1b
feabfef3ff1bff13
feebfefbff03feeb
fee3fedbfedbfedb
fec3fec3fecbfee3
fe8bfe9bfeabfebb
fdcafe02fe3afe5a
ff43fe1afd19fd9a
fdaafdb2fecbff73
00a5004cffbcfeb3
0095009d00b500bd
010d00fd00ed00dd
00cd00bd00e500f5
009d0115011500f5
fd41fe32ff84003c
fd69fd39fd01fce1
fdfafdf2fddafda2
fdaafd9afdb2fdd2
ff43ff43fec3fe0a
fefbff1bff1bff1b
ff1bff13fef3fee3
fefbff03ff03ff13
fee3fef3fef3fef3
fe83fe9bfec3fed3
fe4afe5afe62fe6a
fde2fdfafe1afe32
fdbafdc2fdc2fdca
007400bd00ed010d
ff23ff6bffdc003c
ffb4ff84ff43ff2b
ff84ffac0004001c
ff0bff13ff43ff73
ff1bff1bff23ff13
fefbff0bff13ff13
fed3fedbfee3fef3
fed3fedbfed3fed3
feabfeb3febbfec3
fe5afe6afe7afe93
fdc2fddafe02fe2a
ff5bfe7afce9fd69
fdaafda2fed3ff73
009d004cffb4feb3
00a5008d00bd00c5
00fd00fd00f500e5
00f500ed00cd00dd
006c00fd011500f5
fdeafe9bff6bfffc
fe5afe12fdbafd92
fec3fecbfebbfe9b
fddafe32fe83feab
ff8cff1bfe4afdc2
fef3ff13ff2bff63
ff23ff13fed3fed3
fee3fef3ff03ff13
feb3fecbfed3fed3
fe52fe6afe93fea3
fe0afe2afe32fe3a
fdb2fdc2fdd2fdf2
fd79fd82fd8afda2
008d00d5010d0115
ff3bff9cfff40034
ff63ff33ff03fefb
ff5bffe4000cffac
ff03ff03ff2bff5b
fefbff13ff23ff13
fefbff0bff0bfefb
fecbfecbfed3feeb
fec3fec3fecbfecb
fea3fea3feabfebb
fe42fe4afe52fe83
fdc2fdd2fddafdfa
ff53feb3fd21fd01
fda2fd9afecbff63
007c0024ffacfecb
009d006c009d00ad
00dd00ed00f500dd
0115011500dd00c5
000c00cd0115010d
febbfeebff43ffa4
ff13fef3fecbfeab
ff33ff3bff3bff33
fe9bff03ff33ff33
ff4bfe93fdfafe22
feebff0bff43ff84
ff03fedbfea3febb
febbfedbfeebfef3
fe7afe83fe93fea3
fe22fe3afe4afe62
fdd2fdeafe02fe0a
fd82fd92fd9afdba
fd31fd41fd59fd69
00b500f501050105
ff63ffb4000c0054
ff13ff0bff03ff13
ffe4ffecff7bff33
fefbfefbfefbff4b
fefbfefbfef3fefb
fef3ff03fef3feeb
febbfeb3febbfed3
febbfebbfeb3feb3
fe8bfe93fea3feb3
fe1afe3afe3afe6a
fd79fdc2fdc2fdd2
ff3bfecbfdf2fce9
fda2fd92feb3ff4b
0064000cffa4fed3
00a5005400740095
00bd00dd00ed00cd
00fd010d00e500b5
ffcc009500fd010d
ff5bff43ff53ff73
ff53ff5bff63ff5b
ff63ff63ff63ff63
ff5bff8cff84ff63
fec3fe42fe62fee3
fec3fef3ff3bff3b
feb3fe8bfe72fe93
fe93fea3feb3febb
fe3afe4afe5afe72
fdf2fe02fe12fe22
fd92fdb2fdcafdda
fd41fd59fd61fd82
fd09fd11fd29fd31
00d500e500e500d5
ff94ffe4003c0085
fed3feebff03ff4b
ff9cff2bfeebfecb
fef3fefbff3bffbc
feebfedbfecbfedb
fecbfedbfeebfeeb
feabfea3feabfeb3
fe93fea3fea3fea3
fe6afe7afe83fe8b
fdeafe1afe2afe5a
fd69fda2fdbafdba
ff2bfed3fea3fe42
fd9afd82fea3ff43
00440004ffa4fecb
00b500540044006c
00ad00cd00d500c5
00c500dd00e500bd
ffa4007400e500fd
ff73ff63ff5bff6b
ff6bff6bff6bff6b
ff84ff7bff7bff73
ffc4ffc4ffa4ff8c
fe4afe5afeebff7b
fea3feebff13fed3
fe62fe52fe52fe72
fe52fe62fe72fe72
fdfafe12fe2afe3a
fdbafdc2fdd2fde2
fd59fd71fd8afda2
fd19fd29fd31fd41
fcf1fcf1fcf9fd09
00c500bd00d500d5
ffc40014006400bd
feabfed3ff0bff4b
ff13feebfebbfea3
fee3ff63ffccff73
fedbfedbfed3fedb
feb3fecbfee3fedb
fe93fe8bfe8bfe9b
fe72fe83fe93fe9b
fe52fe52fe5afe62
fdd2fdfafe0afe3a
fdaafd41fdaafdb2
ff2bfeebfe9bfea3
fdb2fd69fe8bff33
004c000cffacfee3
00b50064002c004c
00b500c500c500b5
00e500ed00ed00c5
ff94006400d500e5
ff63ff53ff53ff63
ff73ff73ff73ff6b
ff94ff84ff84ff7b
ffc4ffb4ffa4ff9c
fe12fe8bff43ffb4
fe93fed3fec3fe5a
fe22fe2afe42fe52
fe1afe22fe2afe32
fdbafddafdf2fe0a
fd79fd82fd92fdaa
fd29fd39fd51fd69
fce9fcf9fd09fd19
fcd1fcd9fcd9fce1
00ad00cd00ad00cd
00040054009d00c5
fed3fefbff43ff7b
fed3feb3fea3fea3
ff8cffb4ff43fef3
fed3fedbfee3ff03
fea3fec3fed3fed3
fe83fe83fe7afe93
fe4afe62fe72fe7a
fe22fe32fe32fe32
fdc2fdeafdeafe0a
fdd2fcc9fd71fd9a
ff43ff23fedbfea3
fdd2fd49fe52ff1b
004c0014ffc4ff0b
00ad006c00240034
00c500cd00cd00a5
0105010d00fd00dd
ff8c004c00bd00e5
ff63ff4bff4bff63
ff73ff7bff7bff73
ff84ff73ff73ff73
ff7bff84ff94ff9c
fe12feabff63ff9c
fe93feb3fe72fe0a
fdf2fe0afe2afe4a
fdeafdeafdf2fdf2
fd92fdaafdc2fdda
fd49fd51fd51fd69
fcf9fd09fd21fd39
fcc1fcd1fce1fce9
fcc9fcc1fcb9fcb9
00c500ad00c500ed
0024008d00bd009d
ff03ff43ff84ffdc
fe93fe8bfe93febb
ff84ff1bfecbfea3
feabfecbff3bffa4
fe9bfeabfeabfeab
fe6afe6afe6afe83
fe22fe3afe52fe62
fdfafe0afe0afe12
fd9afdc2fdc2fdda
fde2fca9fd21fd71
ff5bff73ff43fed3
fe12fd41fe22ff0b
004c002cffecff43
00a5006c0024002c
00dd00e500e500b5
0125011d010500ed
ffac004400ad00d5
ff63ff4bff4bff6b
ff53ff6bff73ff6b
ff63ff53ff53ff53
ff33ff43ff63ff7b
fe1afeb3ff43ff4b
fe8bfe8bfe2afdea
fdd2fdeafe12fe42
fdd2fdcafdb2fdba
fd61fd79fd92fdaa
fd19fd21fd29fd41
fcd1fce1fcf1fd09
fcb1fcb9fcc1fcc9
fcc1fcb1fca1fca9
00b500dd012500f5
007400ad008d00bd
ff13ff4bff9c0004
fe7afe83fe9bfedb
fedbfebbfea3fe7a
fedbff5bff6bff1b
fe93fe93fe7afe83
fe42fe52fe62fe7a
fdfafe12fe32fe42
fdd2fdeafdf2fdf2
fd71fd92fda2fdaa
fe12fcf1fce9fd39
ff9cffacff8cff0b
feb3fdbafe5aff33
00740074004cffcc
00a500740034003c
00ed00f500f500cd
011d012d010500ed
ffdc006c009d00cd
ff5bff53ff53ff73
ff1bff33ff43ff5b
ff1bff13ff13ff13
fee3fefbff13ff2b
fe1afeabff03fef3
fe62fe52fdf2fdc2
fdb2fdd2fde2fe1a
fd9afd92fd79fd92
fd21fd41fd61fd82
fcd9fce1fce9fd09
fcb1fcb9fcc9fcd9
fca1fca1fca9fcb1
fcc1fca9fca1fc99
00ad00fd012500ed
009d008d009d0064
ff0bff5bffcc0044
fe6afe7afea3fee3
fe83fe72fe7afe72
ff84ff43fed3fea3
fe83fe72fe8bff5b
fe0afe2afe42fe6a
fde2fdf2fe0afe12
fda2fdc2fddafdda
fd49fd71fd79fd82
fe7afd82fcd9fd11
ffbcffbcff94ff13
ff3bfe7afee3ff7b
006c008d006c000c
00bd009d00640044
00ed010d010d00e5
01450145010500ed
ffe4007c008500e5
ff5bff4bff4bff6b
feebff0bff23ff4b
fed3fecbfed3fedb
feabfec3fecbfed3
fe02fe7afeb3feab
fe3afe12fdb2fd9a
fd79fd92fdaafdf2
fd51fd49fd41fd59
fcd9fcf1fd19fd41
fca1fcb1fcc1fcd1
fc99fc99fca1fca1
fc91fc91fc91fc99
fcc9fca9fca1fc91
fecbff23ff63ffbc
ff13ff63fed3feab
fe0afe6afe6afe3a
025e0287001cfe52
030f022e028f02f7
03b802e7025e02f7
03f8040003f803f0
03f803f803f803e8
0400040003f803f0
0400040003f003f8
0337037f03d003e8
02cf02e702df0307
02ff02d702c702c7
032f03470347032f
0307030f0327032f
02df02e7030f0317
02c702cf02af02e7
027e02b702d702a7
022e0246025e026e
02060216021e022e
01c601ae01c601e6
01ae01b601be01be
0196019e01a601b6
018e018e01960196
016d016d01750186
012d013d01550165
0125012d012d0135
03a00347027e018e
03c003b003a003a0
03d803d803d803d0
03d803e003e003d8
03d803d803d803d8
ff03ff33ff03ff9c
ff63ff03fe7afec3
fe4afe52fe32fe5a
029f026e001cfe72
0377033f0327033f
03d8035f03370398
03f80400040003f8
04000400040003f8
0400040003f803f8
040003f803e803f0
0337036703c80400
02bf02cf02c702f7
02cf02af02af02b7
03470347032f0307
033f033f034f034f
02a7030f032f034f
02c702e702a70287
029702cf028f02af
027e02660256024e
01e601e6020e024e
01d601be020601ee
01ae01a601b601be
0196018e019e01ae
017d018e01960196
0165016d01750186
0145014d015d0165
012d0135013d013d
039802f7020e015d
03d803c803b803b8
03f803f003f003e8
03f803f8040003f8
03f003f803f803f8
ff03fef3fefbff84
fefbfecbfe5afe8b
fe3afe0afe22fe72
0317028f0054feab
03c803d003c003b0
03c003b803b803e0
03e003f003b80388
03e803f003e803e0
0400040003f003e8
0400040003f80400
031f032f03a003f8
02c702d702cf02ff
021e027602af02b7
02a7028f025e022e
032702ff02e702c7
0256029702c7030f
0266023e025e021e
01e60216023e023e
028f025e02a70276
01b6019e01d60246
01ce01be01e60196
013d011d015d01ce
01a601a6019e017d
0196019e01a601a6
01650175017d0186
0155015d01650165
0135013d0145014d
0357026e019e0145
03e803d803c803b8
0400040003f803f8
0400040004000400
0400040004000400
feebfeb3feabff43
fe8bfe8bfe52fe9b
fe02fe2afe5afe3a
039802d70095feb3
03d003e803e003e0
03a803f003e803e8
03f803f8033702bf
03f0040003f803f0
040003f003d803e8
03f003f803f803f8
03170327037703e0
02df02ef02f70317
01b6024e02a702bf
01c6019e017d018e
01de01e601b601a6
0135015d014501be
01ee0155009d006c
022e01de0276021e
023e021e02870287
017d0236020e0287
0155016501de01d6
00b50085007c016d
01ae01960135010d
01a6019e019e01ae
01750186018e0196
016d016d015d0165
013d0145014d0155
02df01e6015d0145
03e803e003d003a0
0400040004000400
0400040004000400
0400040004000400
fec3fe9bfea3ff03
fe5afe52fe32febb
fe1afe5afe12fde2
03c0032700edfed3
03f003e003e003d8
03b003e803f003f8
0400040003a8032f
0400040004000400
040003f803e803f8
03f8040003f003f8
031f033f037703d0
02df02f7030f0317
01ae023602b702d7
016d016d0196018e
006c01050125016d
0105013d0095005c
01ce017d00a500d5
017d01fe023e01e6
01fe020601ce01a6
027e02cf02a70246
009d011501650216
00140004ffec0054
01a6018600dd00c5
01860196019e019e
0186019e019e0196
016d016501650175
01450145014d015d
0256018e0155014d
03f003d803c8034f
0400040004000400
03f803f803f803f8
03f803f003f803f8
fe7afe52fe93fee3
fe2afe22fe4afed3
fe6afe52fddafdca
03d8036f0186ff1b
040003f003f003e8
03f803e803e80400
03f003f003f803f0
03f003f804000400
03f8040004000400
04000400040003f8
0327037703c003f0
02df02f7031f031f
015501d6029702cf
0145016d0145015d
007c006400e50125
011d010500d500ad
01fe029f01ce0105
017d0186018e01fe
016500fd00fd0135
020e0216013501a6
ffec009d008d0135
009500140034fffc
01ce01de018601ae
0125013501750186
0186019601860165
0165015d015d016d
0155014d0155015d
01d60165015d0155
03e803d0039002d7
04000400040003f8
0400040004000400
03f003f003f80400
fe5afe5afe5afea3
fe0afe1afe3afe83
feb3fe5afdeafdd2
03f003c80256ff7b
03f803f003f803f8
040003f003f003f8
03f003f003e003f0
03f80400040003f0
03f003f804000400
0400040003f803f0
033703b803f80400
02d702bf02e7031f
00cd01b6026e02b7
017d019e016d014d
00fd012501450155
012501050085008d
017501be0236019e
016500c5013d00d5
015d008d01250024
00dd013dffc400c5
fefbffe401150074
ff84ff73000cffd4
01450135011d0095
016d013d01250105
01650165014d012d
015501550155015d
0165015501550155
01960175016d0165
03b003880317024e
03f803f003e003c8
04000400040003f8
0400040004000400
fe3afe5afe3afe72
fe02fe12fe42fe12
feebfe62fdeafde2
03f803f802a7ffdc
03f003d803f00400
0400040003f803f0
03f8040003f00400
0400040003f003e8
03f803f803f80400
0400040003f803f8
034703c8040003f8
02bf01d602460317
019e01e6020e02bf
016501d6021e01d6
014d01e601c60155
001c0024013d011d
ffc4005c0145009d
ff9c00cd020e00c5
012d0105fffcff5b
000c00adff0b0064
ff23009d00e5ffcc
febbfedbffe4000c
0064009d006cff5b
fff4fff4ffa4ffbc
00fd00ed01250085
012d01250115010d
01550145013d012d
01ce01b6019e016d
031702e70287020e
03900377034f0337
03e003d803c003a8
0400040003f803f0
fe0afe1afe12fe52
fe0afe12fe3afdda
ff8cfe62fdf2fdea
03f803e0030f00ed
03f003e003f80400
040003f003e803f8
03f8040003f80400
03f803f803f803f0
040003f804000400
0400040003f803f8
02b703a0040003f8
01e60216029f02bf
019601ae01e60206
013d010501450135
00ad01de029f01ee
ffbc014d0186018e
feebffd4ff84ff33
005c00c500b5ffe4
ff9cffe4ff84fffc
00540044ff2bffbc
004c006cfffc0054
ff84ff73ffd4ff8c
ff7bff7bff2bff73
ff2bff8cff43ff4b
00a500a5ffc4ff43
00c500ad00ad0074
010d00f500e500d5
021e01f60196013d
02a7028f02660236
02ff02df02cf02bf
0367034f032f0317
03c803b803a00388
fde2fdfafdeafe2a
fdfafe1afe0afdba
0074feebfe42fe02
03e803f003c8025e
03f803e803f803f8
040003f803f80400
0400040004000400
03f8040004000400
04000400040003f8
0400040004000400
0256035704000400
0105019e0266025e
019601be016d012d
01d6012d014500b5
008d01be0256026e
013d0125020601be
fecbff5bff23ffa4
00f5ffdcff03fef3
ff03ff63ff63ffb4
ff94ffac0034fed3
00440004fff4ffc4
ff03ff73ff03fefb
ff8cfedbfe9bfed3
0014ff8cff7bffdc
003cff7bffac0024
003c007c013d011d
007c00740064004c
020e01a60105009d
028f026e024e0236
02d702c702b702a7
030f02ff02f702df
033f032f0327031f
fdcafdfafdaafe02
fdfafe2afde2fd92
01b6ffb4ff03fe1a
03f803f003f8034f
040003f003e803e8
040003f003f80400
0400040004000400
03f8040004000400
03f80400040003f0
0400040003f803f0
035703c8040003f8
013d018601ee02bf
017d019e01e601ce
013d01be00d5009d
007c006c00d5017d
ffbcffdc016d00fd
fe62fe32fef30034
0085fff4fe8bfecb
ff6bfefbfebbff84
001c008d0095fef3
00c500e50074006c
ff7bff13fee3ff9c
ffd4ff73ffa4004c
008dff7bff5bffb4
00cdffd4ffe40074
002400fd00ed0186
00440054004c0024
01e60145008d003c
027e0266024e022e
02cf02b702a7028f
0317030702f702df
033f033703370327
fdcafdf2fd8afdc2
fe02fe12fdbafd79
032701550044fe93
03f003f8040003d0
040003f803f003e8
03f803f803f80400
0400040004000400
0400040004000400
03f0040004000400
0400040003f803f0
02bf032703d00400
013501be020e01e6
017d01ee020e027e
01250115004c0074
ff8c0004fff400ed
ff13001400a5ff6b
ffa40014ffacffbc
ff84ff5bff8cff63
ffd4ff43fe9bff9c
ffdc00cdffccff9c
0165fff4ffe4006c
0054ff8cff2bff84
0044011d002c010d
0064ff8cff3bff63
001c002c00b50105
ffc4ff23ff1bffc4
004c004c0024ffe4
01be00f50064003c
0297027e02660236
02c702bf02af02a7
0317030702ef02d7
034f033f032f032f
fdc2fdc2fd71fd92
fe22fe0afdaafd71
03b002ff014dff4b
03f803f8040003f0
03f80400040003f8
0400040003f803f8
0400040004000400
0400040004000400
03f803f003f00400
03f803f803f80400
01ce0145027603c8
0196012d01de01c6
00dd0226017501b6
02060105009d004c
ffb400adfff4016d
ffc4ff53ffb4001c
0054007c00950054
000cff13ff7b006c
ff43feebfeeb003c
fee3ff7b00240014
00d5ff73ff43001c
00640054ff9c0004
008d0105019e01ce
fefbff03fedbfffc
ff5b0014fffcffa4
feebff03ff3bff43
0034000cff9cff2b
0145009500440034
02970276024e01ee
02ef02df02cf02b7
0337032703170307
035f0357034f0347
fdd2fdb2fd8afd9a
fe2afe0afdaafd79
03d803d002a7ffe4
04000400040003f0
040003f803f80400
04000400040003f8
0400040004000400
0400040004000400
040003f803f00400
036703e803f803f8
0155014d01ce0287
01de01f6025601fe
fff401f601350165
02a702b700d5ffcc
016dffbc0064021e
002cfffcffac001c
ff8cffbcffa4ffac
003cffb4005400d5
feabff0bffd4001c
fec3ff03ff73ff43
ff94ff8cffc4ffa4
004c0074ff6bff94
ffe400ed0145012d
fe93fdeafe62ff8c
ffacff73ff43ff3b
ff53ff9c000c004c
001c0024fff4ff94
00ad0034001c000c
0256023602060186
02df02af029f027e
03570337030f02f7
0390037f03770367
fdbafdaafd9afd9a
fe32fe1afdaafd92
03d803e00347002c
040003f803f803f8
0400040004000400
04000400040003f8
0400040004000400
0400040004000400
0400040004000400
0236027e038803f8
00f500d5019e022e
01ae01c6027e0206
fff4012501350135
034f035f010dff6b
025600cd00640246
ff6b00ed005c00ed
ff53ff53fecbfed3
011d0135001cffbc
feeb0034ff2b001c
fea3fea3fefbfef3
fe93ff3b008dff73
004400f500bdff94
ffb40145007c00cd
ff73fde2fe22ffb4
ff73fec3fedbff8c
ffbcfff400740044
ffbc001c0024002c
0074fff4ffccffb4
021601fe01d60155
02870266024e022e
031702e702bf029f
0388036f03570337
fdb2fd92fdaafdb2
fe6afe3afdc2fda2
03f003e8039800a5
03f803f003f80400
0400040004000400
04000400040003f8
0400040004000400
0400040004000400
03f0040004000400
01ce01de025e03b8
016d002c008d011d
00d5019e0145016d
004400bd001c00d5
028f031702870054
010500f500640175
ff6300f50054010d
ffa4001cff63ff73
016d01d600d5004c
ff4b003cff130085
ff33fecbff33ff23
fe9bff33ff63ff53
00e5fff4012dffd4
006c013dffc40095
ff5bfeb3fe12febb
fee3fe22fddafeeb
ffdcff5bff84ff5b
ff5bff8cffa4ffac
0074ffc4ff7bff6b
01fe01f601de0165
023e022e0226020e
02af0287026e024e
0327030702e702c7
fdbafd9afddafdc2
ff33feabfe02fdd2
03f803f003b0013d
040003f8040003f8
0400040004000400
0400040003f803f8
0400040004000400
0400040004000400
03a8040003f803f8
0175026e01e602bf
008d007400bd00ed
009501de00d5004c
019e004cff1b005c
023e02af02cf02ef
010d003c003400d5
006c016d016501ee
00b500040064ff5b
00e5005c01de015d
fe9b0014ff23010d
001cffbcfebbfef3
ffe4fef3ff5bff94
002cff53fefbffe4
00240074ffdcffac
feebfe3afdfafebb
ff2bfe2afd49fe1a
0024ffacff5bff94
ff4bff03ff33ffbc
009d0024ff33feeb
01fe020e01f6017d
02360236022e0206
02760266025e024e
02c702af029f0287
fdc2fda2fe02fdca
005cff43fe42fdea
040003f803e8020e
04000400040003f8
0400040004000400
04000400040003f8
0400040004000400
0400040004000400
03a003f803f80400
0085016d01ae0297
0105003400540135
0155012500d500f5
031f002c002c01de
01f6022e01ce02af
009dff940014003c
0014020e02560256
00f500dd01c6ff5b
00340034012d013d
fedbff63ffd400b5
00140014fe93fedb
ffecff3bff33ffbc
ffbcff5bfe62ff33
ffec004cff8cfea3
fde2fe42fddafed3
ff33ff53fe72fdc2
ff23ff1bfe7afec3
fddaff03ff7bff2b
00d5ffccfec3fdfa
020e020e020601ae
024e024e023e0226
0276026e0266025e
02a7029f0297027e
fdc2fd9afdc2fdba
01de0074fecbfdf2
040003f803e80297
0400040004000400
0400040004000400
0400040004000400
0400040004000400
0400040004000400
03a003f003f80400
018e021e02b70337
016d003cffec0165
014d016d0196015d
029f00ed018601fe
014d0145011501fe
00ed002cff530034
001c01e601c601be
ffd4ffb4014dffac
0004003c0115010d
ff2bfefb008500e5
ff9cfff4ff3bfecb
ff6b0034ffbcff2b
ff53fff4ffecffbc
ffbc00240085ff9c
fe52fec3fe6afefb
febbfe83ff53ff5b
ff5300f50014ff33
fe02fee3ffa4ff3b
010dff3bfe12fe22
02260236020601a6
02660246022e021e
0276026e026e0266
02af029f02970287
fdd2fd92fd8afd82
036f0206ffb4fe3a
040003f803e80377
03f8040003f80400
0400040003f803f8
0400040004000400
0400040004000400
0400040004000400
034f03c803f803f8
02ff02af031f0297
01a600ad016d01c6
008500ed00e500b5
0256022e015d012d
012d010500bd014d
00cdffacfefb00cd
004c015d0175018e
0014ff940034000c
ffe4fec3001c00ad
ff03ff0300640135
ffb40044002cff4b
ff3bff840014ff4b
ffbcfffc0074ff73
004400d500f500ed
ff13ff13ff53fef3
0044ffccffc4ffb4
ff3bff84fffc005c
ff63000cffd4ff33
ff84fe9bfebbfedb
0226021e01ce00a5
025e0256023e021e
0287027e02760266
02af02a7029f028f
fdfafd92fd79fd59
03d8030f00bdfebb
040003f803f003f0
03f803f803f003f8
03f803f803f803f8
0400040004000400
0400040004000400
03f8040004000400
0367037703e003e8
02970276028702cf
01fe016d01e6022e
00f501450145018e
023e01e6008d00f5
017d012500c50135
0085ff8cff8c00ed
ff7b00cd0125014d
009dff6300ad00e5
fff4fe62ff4bffac
ffbcff84006c00ed
0074008dffec002c
ff4bffa4ff3bff94
00ed001cff73feeb
00ad003c0085012d
fe1afdeafe62ff53
fee3feabfe83fe72
fef3fedbff6bfff4
ffa4007c005cffe4
feebff53fefbff53
022e0206012dff2b
025e026e02660246
0297028f02870276
02c702bf02af029f
fe02fd9afd79fd49
03d8036f01beff63
03f803f803f803f8
03f803f803f003f0
03f803f804000400
0400040004000400
0400040004000400
0400040004000400
0317031f03d803f0
02a701f6026e0357
0226020e01ce0287
013d015d01860175
01de01b600a50105
00bd0054007400e5
00cd00ad006400fd
ff130095006c00b5
fffcff6b003c00a5
ff03ff13febbfee3
ff94ff940014ffb4
ffa4ff7bff43ff73
ff03fff40024ffe4
015d0024fecbfea3
005cffcc008d004c
fe93fec3feb3ffd4
fddafdbafdcafde2
ff23fe9bfec3febb
ff0bff94fff4fffc
feebfdf2fe2afefb
0246018e006c0074
0276027e02760266
029f02970287027e
02d702d702bf02b7
fe1afdaafd79fd41
03e80367028f003c
03f803f803f803f8
0400040003f80400
03f803f804000400
0400040004000400
0400040004000400
03f8040004000400
026e02df03c003e0
0276028f030f02ef
02a702bf02cf02df
01ce019601be020e
01d6019e012d017d
0105011500e500fd
008d0155011d014d
ff7300a5003c008d
ffe4ff43ff6b0034
feebfeb3ff0bfebb
ff3bff6bffccff43
0044ffb4ff23ff4b
ff84ffbc000cfff4
01a6023e01050044
0064ff6300c5012d
fe02fe42fe8b0064
fec3fe3afe6afe3a
fe62fe2afe7afeeb
ff0bff03fed3fe42
fd9afd59fe52ff13
0226018e0105ff53
02970287026e0256
02bf02af029f029f
02e702df02d702cf
fe32fdaafd79fd31
03e0034f027e0074
03f803f003f80400
0400040003f80400
03f003f803f803f8
0400040004000400
040003f804000400
03d803f804000400
02360246029f031f
0327034f031f0276
026e0317032702b7
01de01d601ce0246
01ce01ee01d601fe
018601de016d0155
00bd015d018e0145
ffac0024001c00e5
ff84ff6bff8cffd4
ff6bff33ff13ff13
ff84ff6b0014ff73
ffd4000cfffcffac
00bd006c006cffdc
016d0115011d0115
00bdff0bffc400c5
fe02fe02fe93ff5b
ff2bff63fe12fe02
ff1bfe62fdb2fe1a
fe4afe72fe6afef3
fe12fe3afefbfe72
026601fefff4fde2
02a7029f027e026e
02d702c702bf02af
02ff02f702e702df
fe6afdb2fd79fd31
03c8030f02260044
040003f003f00400
040003f004000400
03f803f003f803f8
040003f804000400
03f803e803f00400
031703d003f80400
0226021e02460327
037702d701ce0135
02ff034f032f0357
0246023e026e02af
02360276028f0266
01ce021e022e01ee
017d018e0206017d
fff4ffac000c011d
0024ffa4ffc4ffcc
0064fffcff9cff84
0095000c009d0024
0034ffe400040095
00f500bd00950004
005400c500fd00ed
009dff84ff43ffc4
ff6bff2bff9cff84
ff9cffc4ff63fe93
fdf2fe3afe5aff03
fe6afeabfe5afe12
fee3ff53feebfe5a
027601b6ff13fe62
02af02a70297028f
02ef02df02d702c7
031f0317030f02ff
fe93fdc2fd79fd41
039002af01de0034
040003f803f803f8
03f803e803f803f8
040003f803f003f8
04000400040003f8
040003f803f80400
039003f003f003f8
01a602ef0327031f
026e027e01be011d
02c7028702d702ef
02bf02ff02f702ef
029702cf02bf02b7
0236029f0297023e
02360246024601ce
0095ffdcfffc016d
00fd0085000c0034
016500e500cd006c
0186011d017d0155
0014004c007400f5
007c000400240014
ff73000400ad00bd
00640095ff94ff7b
ffc40044002c005c
ffb4ff33febbfeab
fe6afed3ff0bff53
fed3fea3fe62fe6a
ff1bff4bfe7afe4a
023e007cfef3ff0b
02cf02bf02af0297
030f02ff02ef02d7
033f033f03370327
fe52fdaafd8afd51
0347025e01a60014
0400040003f803e8
040003f003e803e8
03f803f003f80400
04000400040003f8
0400040004000400
0400040003f803f8
00ed013d028f03a8
02e702a702760196
02660297027e0297
031f030702b70276
0337033f031f031f
02bf02ff02c702df
02bf02f702b70266
00f50024008d0216
01e6018e00d5009d
02760216022e01e6
0256024602560266
011d014d0165019e
010500bd00cd011d
00240064006c005c
003c006c000cffdc
00e500ad00e500a5
ffbcff4bfef3001c
ff6bffbcff43ff73
fe4afe6afe4afecb
fec3ff13fe32fdca
019eff94ff23feb3
02df02c702bf0297
032f031f030702ef
0377036f03570347
fe22fd9afd8afd69
02bf020601a6fffc
03f803f003e80390
0400040003f803f8
03f003f004000400
04000400040003f8
03f8040003f803f8
02a7034f03c803e0
01e600b5013d01e6
024602cf033f02c7
029f02af025e024e
032702df02af0287
03b803c803980367
033f03470347036f
02ff0367035f0327
015500ad01c602cf
02cf022601de01ce
035f0357032f0317
02f702ff02f70347
022e02af02e702d7
015d018e01ae01ee
0074006400cd00f5
0095007c007c0034
019e0085005400a5
ff84ffc400950216
fea3ff5b004c0044
feabfe72fe42ff33
fdfafe22fe5afdf2
00b5ff13ff33fe7a
02f702cf02cf026e
036703470327030f
03a8039803880377
fe4afdaafd9afd8a
020e0186015d003c
03b803c003c0031f
03f00400040003e8
03e803f003f80400
03f80400040003f0
0400040003f003e8
018e01b6031703f0
02d7020601ae020e
025e029f03570367
0276023e025602b7
034f031702d702c7
03e003f003c80390
0398039803b003b8
034703a003b00398
01c6019602970357
033f02bf0287025e
03a0039803980377
0367036703770377
029703270367034f
01b601fe023e025e
00e50115019601c6
00cd00e500b500b5
00ad0064fffc0085
00640095015d0186
feeb006c000cff73
fedbfe62fe6afe3a
fe12fea3fe6afe7a
ff7bfe4afe1afdaa
032702cf025e017d
0398037703570337
03d003c803b803a8
fefbfe12fe02fdd2
01be013d011500bd
03e003f003c802e7
03f003f803f003e8
03f003f804000400
04000400040003f8
03f8040003f803f8
0155023e034703a8
0327028701a601ce
03b8037f0398036f
029f027602bf0377
0398035f030702bf
03f003f803d803b0
03c003b803b003d0
039003c803d003c8
027e02a702f703a0
0398036f033702bf
03a803a803a003a0
039803980377037f
034f037f03880377
0256029702f70337
017d01e60216024e
0125016d0115014d
000c003c001c007c
00d5010500e50034
0044ffacff9400cd
febbfe2afe0afefb
fe0afe42fe12ff23
ff53fe8bfdd2fe22
032f023e01fe00a5
03c003a0037f035f
03e803e003e003d0
0034feebfeb3fe42
01b6013d01050145
0400040003a802b7
03f803f003e003f8
03f803f803f803f8
04000400040003f8
03e8040004000400
01550165022e02d7
02c7030702af021e
030f033f032702df
026e025e029702b7
03c80398033f02cf
03f8040003f003e0
03e003d803b803d8
03c803d803e003e8
0327034f038803c8
03b003a0037f033f
03a803b803a803a0
03a803a803a003a8
03570377039003a0
02df02f7033f034f
0206027e028702cf
0196016d01d601d6
0074011500fd0155
0155014501050054
0034ffc400a500e5
fdb2fd8afe7a000c
fe83fe42fe0afe5a
ffa4fe52fdcafe4a
031f025e017dfffc
03e003c803a8037f
03f803f803f803f0
01150044ff84fee3
0196013500ed0135
040003f8037f026e
03f8040003f803f8
03f803f003f003f0
0400040003f803f0
03f003f803f803f8
00ed00f50266035f
029f032f02ef0216
01ce028f02df028f
02b70256021e01b6
03f003d803880327
03f80400040003f0
03f003f003d803f0
03e803e803f003f8
0377039803c003d8
03b0039803900377
03b003a803c003c0
03d003d803c003b0
03a003a803a803c0
0327030f0337037f
029f02af02bf02ef
017d01b60206025e
022e01ce01860196
019e01ae01e60226
006c004c00cd00b5
fdb2fe62ffc4002c
fec3fdfafeb3fed3
ff2bfe5afdeafeb3
036f02c7008d009d
03f803f003d803b0
0400040003f803f8
014d0145007cffcc
016d011500c500d5
03f003f003670246
03f803f003f003e0
03f803f003f003f8
0400040003f003e0
03d803f003f003f8
00b50236031f02e7
01d602c702d701a6
014d01ae023e022e
02e70297027e01ee
03f803f803c00357
03f803f0040003f8
03f803f803f003f8
03f803f803f003f8
038803a003c003e8
03c803a003a80398
03b803a803b003d0
03e003d803c003c8
03a003a803c003d0
031f031f034f037f
02bf02d702ff032f
01a601ee023e027e
011d00d501250175
00d50044002c00e5
ffa4009d007400c5
fe9bff2b002c000c
fe0afe12feebfeab
ff3bfe6afec3ff13
03a002f7013d010d
03f003f803f803e0
04000400040003f8
017d01be0155fff4
016d00e5009500d5
03f803e803570216
03e003e003e803e0
03f803f003e803f0
0400040003f003f0
03f0040004000400
010501de027602cf
01ae019e02260186
015d010501a601de
033702ef0276020e
03e803f803d00377
03f803e8040003f0
03f003f003f803f8
03f803f003f80400
03a003a803d003e8
03d003a003a803a8
03a803b003b803d0
03e803e003d803c8
03a003b003d003d8
031f0337034f037f
02e702f702ff0317
01b601fe024e02c7
00bd00a500f50165
002400ed00d500cd
ffac0074005c0095
fea3ff3b0074ffc4
fda2fdd2fe3afe8b
ffc4fe2afdfafe83
03b803470266014d
03f80400040003f0
04000400040003f8
01c6022601860054
013500c500b5010d
03f803c8031701be
03f803f803f803f8
03f003e803e80400
040003f803f003f0
036703a803b003f0
01450165020e028f
01a6015501550115
01ae00c5010d01d6
032f030f02a701f6
03f003f003b80367
03f803d003f003f8
03f003f003f80400
040003f803f803f8
03e003e803e803e8
03d803a8039803b8
03c803d003d003c8
03e803f003f003e8
03a803c803e803d8
036f038803770390
0307031f032f034f
01de0216027e02e7
008500bd00e50175
009500dd009d0074
fff4006c00c500bd
fedb00540085ff03
fd51fdbafe02fe22
ff0bfda2fd9afe42
03c0035f029f008d
03f803f8040003f0
03f803f803f803f8
01fe025e019e00fd
00fd00d500cd0125
03f803d8031f019e
03e803e003f003f0
03f8040003f003e8
0400040003f003f0
01be01d6026e03c0
00d500cd0085013d
018e00f5005c00dd
019e011500cd01ce
0327031702cf023e
03f803f803c00367
03f803e803f003f8
03f003f003f80400
040003f803f803f8
03d003e803f003f8
03e803d003a803b8
03e803f803f003e8
03f003f8040003f0
03c803e803f803f8
039003a0038803a8
030f031703370367
0246028702a702ff
00c500dd0125019e
00e500ed00b500dd
0044008d008d00ad
ffec00bdff84ff43
fda2fe02fe12fef3
feebfda2fe3afe6a
03d8037f0256006c
03f803f0040003f8
03f003f003f80400
0216026601860165
00f500ed00d50125
040003f8036f01b6
03f803f804000400
03e803f803e803e8
03f803f003d803c8
004c012d024603c0
003c007c0064ffe4
00ed001cffa40004
01860145013d018e
0327030702c7024e
040003f803d0037f
03f803f803f003f8
03f003e804000400
03f803f803f803f0
03e003f003f003f8
03f003f003e803d8
03f0040003f803f0
03f803f0040003f0
03e803f803f80400
037f03a803b803c0
031f0347034f036f
01fe027602d7030f
0105012d015d019e
00b500d500dd00c5
002c00850085010d
ff9cffd4ff5bffcc
fe32fdc2fe83ff6b
fe72fde2fe5afe8b
03d0037f027effe4
03f803f0040003f8
03f803f003f80400
021e0246015d0196
00d500d500e5012d
04000400039801ce
0400040004000400
03f8040004000400
03e003d003a003b0
002400cd024e0398
003c005c00e50064
00b5ffb4ffb4fff4
015d00dd00e5011d
0347031702c70226
03f803f003d00390
03f003f803f003f0
03f003f0040003f8
03f803f803f003f0
03f803f803f803f8
03f803f804000400
03f003e003f803f8
03f003f003f003f0
0400040003f003f0
03a803b003d803e8
0337036703770390
01f6026e02bf0307
01050125017d01ae
00b500d500b50095
fff400c5008d0064
febbfec3ff53ffec
fddafdcafdeafe0a
fe72fdcafe93fdfa
03b803670276ff84
040003f003f803f0
040003f804000400
020e020e014d01be
00ad00ad00e50135
03f803f8037f01ae
04000400040003f8
0400040004000400
03880388037703b8
007c0105024e033f
fffcff8c003c00e5
003cff73ff73ffbc
016d00950034008d
0367033702df023e
03f803f803e803c0
03f803f8040003e8
03f003f003f003f8
03f803f803f003e8
0400040003f803f0
03e003e803f80400
03f003f803f803f0
03f003f003d803e0
03f803f003e003f8
03b003d803f003f8
0347036f039003a0
020e028702e70307
00d5017d0175017d
00b5010500a500d5
007c00d500cd007c
febbfe83ffb4ffec
fdbafddafdf2fe6a
fe42fddafdf2fe2a
03a003170135fe93
040003f803f803e8
040003f003f00400
01de01ce012d01be
0085006c00bd012d
03f00400039801a6
03f80400040003f0
040003f804000400
032f0347034f03c0
01150196025602f7
ffb4ff7b00440145
ffccff7bff3bff73
017500bd00040054
03b8035f02df024e
03f803f8040003e8
03f80400040003f8
03f803f803f003f0
03f80400040003f8
0400040003f803f0
03e803e803f003f8
03f803f803f803f8
040003f803f003e8
03f803f003e803f8
03c003e803f003f0
0347036f039803a0
021e028702c702ff
01250125011d0196
00cd00cd00e500f5
00f500dd001c0074
fe32fecbffecffe4
fdcafd8afe1afe4a
fe0afde2fe62fe72
02ff01b6ffe4fdfa
0400040003f803c0
040003f003f80400
01ce018e011d0196
0044002c007c010d
03f8040003900186
03f80400040003f8
040003f803f80400
02ff031f032703c8
019e021e027e02cf
ff73ff7bffd401ce
ffecffacff5bff2b
0155006cfffcffec
03e8037702f70266
03f003f0040003f8
03f803f8040003f0
03f8040003f803f0
03f803f803f80400
0400040003f803f8
03f803f803f803f8
03f803f003f803f8
0400040004000400
03f803f803f80400
03f003f803f803e8
033f037f03a803d0
022e028702d702ff
009d00ed014501b6
006c007400ed00ed
0044001c0004006c
fddafefbff13ffb4
fdb2fdc2fe12fde2
fe93fe2afe52fdc2
02af02a7008dfebb
03f803f8040003b0
03f003f803f80400
01ae01550125015d
00340014006c0105
03f003f803770165
03f80400040003f8
040003f803f00400
02e70307032703d8
0276027602a702bf
ff84ff53ffa4020e
ffe4ff8cff63ff63
01550024ffbcffcc
03e803a0030f0266
03f8040004000400
03f803f803f803f8
03f003f803f803f0
040003f803f003f8
03f8040003f803f8
040003f8040003f8
03f803f003f803f8
03f803f8040003f8
03f803f803e803f0
03f803f803f803f0
0347039003b803f0
0236029702ef031f
008d00dd016501ee
005400bd00d5009d
ffb4ff84ff73ffc4
fe62fecbfec3ff5b
fdcafdeafe6afdf2
ff43fe6afdcafdd2
03d8035f00bdfff4
040003f8040003e8
03f803f803f803f8
016501050115011d
008d003c00740115
03f003f0037f0196
03f80400040003f8
040003f803e803f8
02d702ef033703f0
027e029702af02b7
ff43ff43ffac020e
ff7bff84ff3bff73
0155000cff63ff8c
03f003c003370276
03f803f8040003f8
0400040003f803f0
03f803f803f80400
0400040003f803f8
03f803f803f80400
03f003f0040003f8
03f003f003f803f8
03f803f8040003f8
03f803f003f003f0
040003f803f803f8
034f03a003d803f8
025e029702f70317
00d5014501b6022e
0054008d00b50074
ffa4ff6bff84ffec
fe72fed3fe9bff73
fdfafe3afe8bfe22
fee3fe6afddafe32
03d8030701aefffc
040003f003f803f8
03f803f803f80400
011d00a500dd00fd
013d0085008500fd
0400040003c80266
03f8040004000400
040003f803f003f0
02cf02df036703f8
02af029f02af02af
ff33ff2bff5301f6
ff03ff13fef3ff33
015d001cff5bff2b
03f003d8035f029f
03f0040003f803f8
03f803f003f803f8
03f8040003f803f8
03f803f803f003e8
040003e803f00400
03e803e803f80400
03f003f003f003f8
03f803f003f803f8
040003f8040003f8
03f803f003f003f8
039003c803f003f0
027e02b70307032f
012501be02260266
ffec001c00440095
ff9cff94ffac002c
fe3afe93fedbff1b
fdfafe5afe02fe7a
fe72fe2afd8afdfa
03e803c80297ffa4
0400040003f80400
0400040004000400
00d5005400bd00ed
01fe00e500ad00e5
0400040003f0031f
03f8040004000400
0400040003f803f8
02c702e7037f0400
028f02a702af02af
ff8cfecbff3301c6
fea3feabfee3ff1b
01a6003cff7bfeeb
040003f003a002e7
03f8040003f80400
040003f803f00400
03f00400040003f8
03e803f003e803e8
03f803f003e803f0
03e003e803f803f8
040003f803f803f0
03f003f003e803f0
03f803f803f803f0
03f003f803f803f0
03b803f003f803f0
02a702d70317034f
017d021e0266028f
ffecffcc001400b5
ff73ff73ffd40004
fe4afe8bfe93feb3
fe02fdeafe62fe93
fe93fe0afe12fdd2
040003f8021e0064
0400040004000400
0400040003f80400
00850014009500e5
02cf014500d500cd
03f8040003f803a0
03f8040004000400
0400040003f803f0
02cf02ef03a00400
0276029f02af02af
ff84fec3fed3017d
fe6afe9bfefbff2b
01e60085ffa4fefb
0400040003c8031f
03f8040003f803f8
03f803f803f803e8
03e803f803f803f8
03f003e803f803f8
03f003f003e003f0
03e003f003e803e0
03e803f003e803e0
03f803e003d003e8
03e803f003f003f0
03f803f003f003f0
03b003f003f003f0
02b702e7031f035f
01ce024e027e0297
ffb4ffa4fffc00dd
ff43ffccff84ffa4
fe93fe83fed3feab
fdb2fddafe42feab
ff4bfef3fec3fdf2
040003b8028701ce
0400040004000400
03f8040003f003f0
0054ffcc005400dd
032701be00dd00a5
03f8040003f803c0
03f8040003f80400
040003e803f003f8
02c702ff03c00400
027e029f02af02a7
ff43ff23ff0b01d6
fe72fe5afeebff2b
021600cdfff4ff43
040003f803d0034f
03f803f803e003e8
03f003f003f803e8
03f0040003e803e8
03f003c803f803f0
03f003e803e803f8
03e003f803e003c0
03d803c003e803e0
03d803d003d003e0
03d003d003d803d0
03f003e803d803e0
03b803e803f803f8
02cf02ff0347036f
02260276028702af
ff9cff9c00640155
ffa4ffe4ff5bffa4
fe72ff03ff23fee3
fd9afe22fe8bfedb
ffacfecbfe52fdd2
040003c003900266
03f803f804000400
03e8040003f803f8
001cff8c001400cd
037f024600d5005c
03f8040003f803e0
0400040003f80400
03f803e003e803f8
02b7032703e00400
0287029702a702a7
fef3ff1bff4301c6
fe93fdfafe2afefb
027e01150044ff7b
03f003f003c0037f
03d803c003c803d8
03c003c803c803d0
03d803e003b003b0
03f803d003e803e0
03e003e803f803f8
03d803e803c803b8
03d003b003c003c8
038803b003b003b0
03d003c003c803a8
03c003c003a003c8
03b803c803c003c8
02d7030f03670390
024e027e028f02af
ff5b0034011501c6
ffc4ff4bff53ff84
fe2afef3ff6bff23
fdbafe12fe93fef3
ff6bfe22fdeafe12
040003f003f80266
0400040004000400
03e8040004000400
ffe4ff53ffc400ad
03a802a700d5001c
03f00400040003e8
03f80400040003f8
040003f803f003f8
02af035f03f80400
0276028f029f029f
fee3ff1bff230186
feebfe1afddafe42
02cf016d0085ffcc
03c803c003980388
035f036f039803a8
036f034f033f0347
03d803a80367035f
03f803d003e003e0
03d003d803d803f0
03b003b0038803a8
0390037f03900398
034f035f034f0377
036f039003b00367
02e7032703370347
03b0039803470307
02c7031703670398
0246026602560287
000400dd019e020e
ffc4ff3bfeebff4b
fe22fe5afeabff5b
fe0afe8bfe0afe22
ff43fea3fe22fe6a
03f003f003e8022e
040003f803f803f8
03f8040003f80400
ffc4ff3bff7b0054
03d802e700d5000c
03f00400040003f0
03f80400040003f0
0400040003f803f8
02c7039004000400
026602870297029f
fedbfefbfed300dd
ff1bfe32fdf2fe22
02af01b600dd001c
0367033f032f030f
02df030f033f034f
02f702d702a702b7
0398035f030f02ff
03e803a003b803a8
03d003d003c003e8
039803b0036f0388
034f036f03880388
0307031703170337
02e702f702ff02f7
01c6024e028702cf
02a7023e01f601ae
02d7031f033f02ff
0236024e026e02a7
00cd018e01ee022e
ff03ff1bff3bffcc
fe83fe9bfedbff9c
fe3afe1afd82fe1a
febbfddafdc2fe12
03f003e803d00155
0400040003f80400
0400040003f80400
ffa4ff13ff3bffe4
03d8030700ddfff4
03f80400040003f8
03f8040004000400
04000400040003f8
02ef03c004000400
025e026e028f02a7
fe83fef3fef300b5
ff94fe6afe0afe22
021e01b601150085
0297023601fe020e
027e0297029f029f
027e025e022e023e
032702e702970297
03a8035f03670357
038803b003d803d0
033f035f033f035f
02e702ef031f032f
01ce021e026e0297
020601f601be01b6
015501be01fe0216
016d017d01750145
029f028f021e019e
0256026602760287
016d01ee020e0236
ff1bffa4ffcc006c
fe7afeebfee3ff1b
fe0afdbafdc2fe7a
fe62fe2afe02fe02
03f003e0038800b5
0400040004000400
0400040004000400
ff6bfef3ff13ff84
03e0033700fdffcc
03f80400040003f0
03f80400040003f8
0400040004000400
031703e003f80400
024e026e027e029f
fe8bfecbfed3009d
fffcfedbfdf2fe1a
00f5014d011d00cd
01de015d00cd007c
0165016d01b601e6
01be018e0165013d
02af026e0236020e
0357030f030702f7
037f03a003d803a0
02bf02ef030f033f
01ae01f6020e0287
ffec0054008d010d
0125014500dd0024
00fd0155012500ed
011d012d0135010d
01e60196016d0155
0246024e024e023e
01d60206021e0236
ff8cffc40044012d
fea3feebfeebff2b
fe0afe22fdfafe72
fe12fe42fdfafe1a
03e803c80337ffd4
04000400040003f8
0400040003f80400
ff23fef3fefbff13
03c802e700adff8c
03f80400040003f0
03f80400040003f8
0400040004000400
034f03f803f00400
023e026e02760297
fe93fefbfe9300b5
004cff33fdeafdca
ff73fffc008d00dd
00b50014ffbcff53
005c00a500dd00d5
006c001400140044
01fe01be017d011d
031702b702a7026e
038803c803c8037f
023e0266027e030f
008500d5013d01ce
fefbff33ff84fff4
00440064fffcff53
004c004c00340034
00a500f5010d00a5
012d00ed00950074
020e01f601fe01b6
01f602060206020e
ff4bff8c00e501be
ff0bff1bff13ff33
fde2fdd2fe32fe93
fe12fe42fe42fe83
03f003e80357ffd4
040003f804000400
03f0040003f803f8
fedbfef3ff0bfef3
03b0029f007cff4b
03f803f803f803f0
03f80400040003f8
0400040003f80400
0390040003f80400
022e025e026e029f
fe83ff53feab010d
007cff9cfe3afdb2
feebff13ffbc0085
ffb4ff4bff0bfef3
ff94ffc4000cffec
ff33fee3ff1bff6b
014500cd005cffc4
02c7027e01ce0196
035f03c003c0032f
01c601d6022602bf
ff9cfff400ad0155
fed3fe9bfecbff33
015d013d005cff43
00bd004c00240064
0074021e03470236
ff8cff6bff8cffdc
01ce013d0064ffcc
01fe01f601ee01fe
ff3b003c014d01de
fed3feb3ff03ff23
fe0afe2afe7afe62
fe22fe42fe8bfe93
03f003f8035fffd4
040003f804000400
03f0040004000400
febbfedbff2bff1b
03880297008dff2b
03f803f803f803f8
03f803f803f803f0
040003f803f00400
03c8040004000400
022e0256026602c7
fe0aff0bfef30135
0064ffccfea3fdba
feabfe93fefbffd4
fee3fec3feabfe9b
ff13ff23feabfed3
fe42fe83fef3ff3b
ffecff53feebfe6a
02af020e00ed003c
033f039003a00317
010d015d020e028f
ff73ff1bff940085
004400a5ffdcffbc
ffe4000c0044002c
020e001cffb4ffbc
006401ce03b003d0
001c000c0014002c
0085ffb4ffdc0004
0226020e01ee01de
ff9c00cd018e01f6
fe7afedbfefbff3b
fe42fe72fea3fe4a
feabfe3afe42fe83
03f003f803570014
040003f804000400
0400040004000400
fec3fed3ff43ff5b
039802bf00adff1b
03f803f803f80400
03f003f0040003f8
040003f803e80400
03f003f804000400
022e024e0266031f
fdc2fe8bff23014d
ff63ff43febbfdd2
fefbfe83fe6afeeb
ff9cff84ff84ff4b
00ad003cfff4ffcc
fe93ff9400c5010d
fe83fe4afe5afe62
02bf01ae0034ff33
036703a8037f031f
fff40125021e02d7
ff73ff84ff6bff73
ff23003cff33ff2b
001cff8cff1bfedb
01d6009500740064
ffd4010d03170357
ffecffbcff6bff5b
ffc400f500a5000c
021e020601ae012d
ffec012501c6020e
fefbff1bfefbff1b
fe52fe72fe72fe72
fe9bfe42fe42fe7a
03e803e8033fffd4
03f803f8040003f0
03f003f004000400
fecbfec3ff2bff94
03c802e700b5ff23
040003f804000400
03f803f804000400
040003f803f00400
0400040004000400
021e0246027e0388
fdaafe1aff1b0145
ffb4ff9cff23fe2a
ff84ff73ff63ffa4
ff63ff84ffbcffac
ffacff9cff73ff73
ffacff84ff84ff9c
fe2afefbff9cff8c
02d70155ff63fe83
037703a0034f0337
ff2b0054021602f7
fe62fe5afeb3ff3b
fefbfebbfe7afe72
008dffccff73ff43
023601b601750125
00ad0165028f02b7
ff63ff4bff6bfff4
005c0115005cffa4
00bdffb4ff23ffdc
0034014501ee01a6
ff7bff1bfed3ff63
fe6afeb3fe8bfeeb
fe83fe12fe22fe72
03d003b80337fff4
04000400040003e0
03e803e803f80400
fecbfeb3feebff84
03f80327009dff2b
0400040004000400
03f8040004000400
040003f803f00400
0400040004000400
023e024e02bf03d0
ff5bfe72fefb015d
ffb4004c00950014
ff4bff2bff03ff13
ff5bff8cff940024
fdf2fe42fe8bff13
fe02fdaafd92fdaa
ffdc003c001cfecb
01ae0044fe9bff53
02cf02df021601d6
ff5b000400dd0216
ff1bfed3fe9bfecb
ff43ff3bff23ff13
fe93fe4afe62ff2b
0115ffe4fef3feab
0175015501a601ae
ffac000c0095010d
000c004cff94ff73
fe32fd21fce9fe93
004c00ed008dff5b
ff4bfefbff03ff9c
fecbfe9bfecbff43
fe7afe2afe32fe9b
0388037702ef000c
0400040003f803b8
04000400040003f8
fed3febbfed3ff43
0400035700a5ff2b
0400040004000400
03f8040004000400
040003f803f00400
0400040003f803f8
022e0246031f03f0
0024ff73fedb014d
ffac003c00bd008d
ffacff03fef3ff23
fefbffb40054012d
fd79fdcafe12fe5a
fd61fd9afd8afd41
0024ff9cff23fdfa
ff53fe52fd9afe6a
00540074ffecffb4
ffccff94fe72ff53
fffc0014ffbcff9c
ffa4ff23ffdc0034
fe0afdfafe8b00a5
ff4bfea3fdeafe3a
01ae0085fffcff6b
00dd01150155019e
ffccfff400140085
fe02fce9fca1fdda
ffa4ff5bff23fea3
ff0bfecbff1bff94
fe72fe83ff1bff43
fe7afe8bfe72feeb
032f032702970014
036703c003b00347
040003f003c00367
fefbfebbfed3ff0b
03f8035700bdff23
03f803f804000400
040003f804000400
040003f803f80400
0400040003f003f8
00950236037703f8
004cff9cfe52ff23
ffb4004400bd00bd
fffcff63ff03ff2b
fe5afeb3ff2bffec
fd82fdf2febbfe9b
fdb2ff03fec3fd79
ff1bff23ff4bfe1a
023e006cfe12fe5a
02c702f702d702b7
005cff6300240236
00b500ad00a5006c
010d002cffdc0085
fdfafe12feb300e5
fe52fe42fe12feeb
0004fee3fed3fecb
019e0175014d010d
ffa40074015d01a6
ff84fd41fcb1fd71
fefbfefbfef3ff7b
ff13fe9bfef3ff1b
fe6afe83fedbff4b
fe72fe72fe93feb3
02c702bf022eff94
01e602f7030f02cf
03d80347020e0135
ff13feebfee3feeb
03f8037f00e5ff1b
03f803f804000400
03f803f803f803f8
0400040004000400
0400040003e803f8
fe52024e03c803f8
009dffa4fd79fd01
ffd4005400e50105
0014000cffb4ffac
fe9bfeb3fed3ff73
fddafe72fff4ff6b
fde2ff3bfe7afd92
fed3003c00b5fe6a
036f010dfe5afed3
037f03d803f003e0
001cff8400ad02a7
00e501a6019600e5
01fe018e0064003c
fda2fe12ff1b015d
fe12fdfafdd2fd9a
fefbfed3ff84ff53
01ae016d00d5fffc
ff7b00d501d601de
ffccfe42fe2afe32
ff1bff2bff23fffc
fea3fec3ff03ff0b
febbfe62ff03ff84
fe6afe5afe3afed3
028702870216ffa4
0186025602760266
031f027e015500c5
ff0bff13ff1bff13
040003900105ff23
03f803f803f80400
03f80400040003f8
0400040004000400
0400040003f003f8
fe2202cf03f80400
00dd0004fd92fcd9
009d00bd00e50115
0014003c006c0095
ff53ff03fee3ff53
fe42ff6b00e5004c
fe52fe4afe0afe02
ff4b016501aeff94
03e001a6fe72fec3
03d803f003f803f8
ff84ff3b004c02bf
0145011501c600d5
0206019e011d0175
fdf2fe9b002401d6
ff13fe52fe12fdf2
ff7bffa4004c0064
014500fd00a5001c
001c00ed01c6019e
ffbc0004001cffe4
ffd4ffbcff9cff73
febbff13ff63ffa4
feebfefbff7bff03
fe22fe42fe1afedb
024e026601e6ff53
01a601fe021e022e
020601de0186014d
ff0bff0bff43ff3b
04000390011dff4b
03f003f803f80400
04000400040003f8
04000400040003f8
03f803f803f80400
fe5a031704000400
00a50004fdaafcf1
015d018e0165012d
fffc007c00e5012d
fff4ff94ff43ff6b
ff84006400c50064
000cfff4ff5bff4b
ffdc0115011500a5
03f802cffee3feab
03f003f003f803f8
ff63ff03003402ef
0155014d011dff8c
00f500fd01150135
ff94001400c5010d
00cd0064fffc0014
0064006400ad00e5
010d0175016500b5
007c011501de017d
00140014fffc000c
ff33ff5bff84ffc4
ff13ff84ff9cff6b
fea3ff23fef3fe93
fe02fe32fe3aff13
022e023e01ceff3b
01b601ce01f6021e
015d01550175019e
ff1bfee3ff3bff5b
040003900105ff53
03f803f803f80400
03f80400040003f8
04000400040003f0
03f003f804000400
ff2b035f03f803f8
00cdffb4fddafd8a
01c601fe020e01ae
ffe400950135019e
005c0044ffccffb4
00850064006c005c
013d015500f500ed
0034014d0155014d
03f803880014fe62
03f003f0040003f8
ff4bfefb00a50317
018601ae011dfecb
00c5010d01450155
00a5007c007c00d5
010d012500b5014d
010d00fd00e50135
01e6021601d60165
0074012501e601d6
004c005c005c003c
fe5aff03ff940004
ff13febbfe12fdd2
fe72ff03fe8bfefb
fe4afe8bfe93feeb
021e022601b6ff0b
019e019601c601f6
01150125015d018e
ff3bfeebff33ff73
03f803b0013dff94
03f803f803f803f8
04000400040003f0
0400040003f803f8
03f803f804000400
01b603d803f803f8
014dffc4feabff4b
01fe021e023e0226
006400bd013d01c6
00d500c5006c0064
010d00ed010d00fd
01d601b60165016d
00340155017501d6
03f803d801b6fe6a
03e003f803f803f8
ff63ffa40196034f
015d015d0105000c
012d0125013d016d
00fd012d00f5012d
013d013d00fd0186
01b60165014d017d
0256024e02260206
00bd019e023e0226
010500cd009d006c
fefbffb4005c00d5
fd92fd9afddafdf2
fe62feb3fe2afdea
ff33fe72feb3fecb
02060216021e0074
0186019601b601d6
0115012d01550175
ff8cff0bff73ff9c
03f803d801ce004c
03f80400040003f8
0400040003f803f8
03f8040003f803f8
03f803f804000400
03b8040003f803f8
01a6000cff7301de
026e026e0266024e
00ed013501ae0246
013d010d00ed008d
01a60196019e017d
020e022e020601de
ffa4012d019e01b6
03f803f002efff4b
03d803f803f80400
ff5b00dd026e0390
0186014d0105009d
014d014d01650196
01a6016501550165
0186019e019e01d6
021e01f601b601a6
0266026602560246
01f601be026e025e
023e01ee01de022e
00ad016501de0226
fdeafe93feb3ff3b
fe8bfdeafd49fd49
0186ff1bff1bfedb
021602ff03570307
0175018e01ae01ce
0125013d014d015d
0004ff23ff9cffc4
040003f0027e0115
03f8040003f803f8
0400040003f80400
03f803f803f803f8
03f003f804000400
03f8040003f803f8
01b6004c0165037f
02df02c7028f025e
014d01b6021e029f
0145012d010d00e5
01a601ae019e016d
013d017501be01c6
ffbc011d015d014d
040003f8037700ad
03c803f803e803f8
ffec01c602df0367
01ae0165018e006c
01ce019e01a601d6
01de01d601de01de
01e601d601c601de
023e0226020601fe
0287029f029f025e
026601e602870297
02c702bf02b702b7
01860226026e0287
fe4afe52ff03003c
fe5afd71fd92fe1a
027e00e5ff4bfeab
02af0317031f02e7
0165017d019601d6
013d014d01550155
005cff1bff6bffec
040003f8032f018e
0400040004000400
0400040004000400
03f80400040003f8
03f003f804000400
03f803f803f003f0
01c600c502df03d8
02f702ef02b7026e
01d6023602b702e7
016d01a6018e018e
01750165012d012d
01960196019e0175
0175014d01750196
03f8040003d0025e
03b003f803e803e0
018602af032f0357
018601de01e600dd
01d601c601ee01d6
023601f601de01e6
0256023602060246
024e0256023e025e
02e702bf02af0287
029701c6027e0307
0307031702ff02f7
01f6026e029702b7
fe5afe32ff1b00c5
fe62fe0afed3fecb
027e01e6006cff3b
02e702a70276026e
0155016501860246
0145015501550155
007cff0bff53fffc
040003f803b8023e
0400040004000400
0400040004000400
04000400040003f8
03f8040004000400
03f003f003f003f8
01b60115032703d0
032f02f702970266
026e02d70317032f
01de020601d601e6
01d601c601ce01ae
0206022e022e01de
024e017d019601fe
03f8040003f80388
03a803f803f803e8
02f7037f035f0347
020e022601ce024e
02560266021e01be
027e025e022e0246
02970266023e025e
02cf02bf02b7029f
02f7033f033702ff
02bf020601c6026e
03170327032702f7
0216025602af02df
fecbfeeb006401b6
ff53ff0bff2bff2b
01c601ee014d0064
02760175008d008d
014d014d01ae02a7
0135015d015d0155
0135ff2bff3bffd4
03f803f803f8035f
03f8040004000400
03f8040004000400
0400040004000400
0400040004000400
03e80400040003f8
004c008d0246030f
02ff02bf02870216
02f703370347031f
027e02af029f0297
02460246022e0226
0256027602560256
032f01f601fe0256
03e8040003f803d0
03a003f003f003f0
03b803e0037f034f
01be0196022e02f7
02c7029f025e0216
031702ff02d702e7
029702c702ff02ff
02b702df02d702af
0246027e0297029f
02ef026e01de0236
030f0337033f0327
0246028702b702c7
ffe40085017d020e
003cff3bff3bff7b
009d017d017500fd
01d6012500ed00b5
01450145025602af
00e5013d01550155
02ef0064ff3bffbc
03f803f0040003f0
0400040004000400
0400040004000400
0400040004000400
0400040003f803f8
03b80400040003f8
ff9c001c00fd01be
02e7029f022e014d
039803a0035f032f
034f037703900377
02df02ff03070317
02e702bf028f02a7
03c00287026602df
03e803f803f003e0
03d003e803e803f0
03e003e803980390
0236025602af0367
01ee020602060226
021601f601c601c6
021601fe01f60206
029f0287025e0236
02d702ef02e702c7
02ff030f030f02f7
02df035f037f0357
024e028f029f027e
009d016d01ae0216
0074ff9cff63ff84
015d00c50145015d
021e021601de01ae
014d019602b7028f
004c00ed013d014d
03e8027efffcff8c
03f803f804000400
04000400040003f8
0400040004000400
04000400040003f8
0400040003f803f8
039803f803f003f8
ffe4004c00ad0135
02af026601fe010d
03d003c003670307
03c803d803d803d8
0347037f03b803c8
03770377034f0327
03f8033f026e0317
03f0040003f803f0
03f803f803f803e8
03f803e803d803e8
02ef02b7032f03c0
0347035703370327
02df02e702e702f7
0357030702df02cf
03b003a003b0037f
03d803c803d803d0
037f0377036703a0
03170388035f032f
025e028f02760297
010d017d01c6020e
012500a5ff9cffd4
021601b600e5017d
0266025601fe01de
014501b602e702b7
ff8c0085011d0145
040003b801de0024
0400040004000400
04000400040003f8
0400040003f803f8
0400040004000400
03f8040004000400
0390040003f803e8
003c009d00e50125
020601e6019e00d5
03c003900327028f
03d803e003d003d0
03c003d803e003e0
036703b803c803b8
040003b802c702d7
03f8040003f803f8
040003f803f003f0
03d003d003e803f8
02ff032703b003e8
03f003b8035f031f
03f003f803f003f8
040003f803f003e8
03f003f8040003f8
03f803f803f803f0
03b003c803b803b0
032f035703470367
026e0276026e02c7
010d019601ee022e
01d6019e00cd0064
0246026601ce017d
029f027e01fe0206
013501f602e702bf
ff2b00640125013d
03f803f0035f01ae
03f803f003f003f8
03f003f803f803f8
03f003f003e803f0
040003f804000400
03f803f803f803f8
03900400040003f8
005400b500dd0115
024601a600f50074
03e803e003980307
03d803e803f003f0
03a803a803a003c0
02f70337037f03a0
040003f803a002ff
03f003f003e803f8
03f803e803f003f0
0357038803e003f8
032f039003d003b0
03b00398034f0317
03f003e803e003d0
03f8040003f803f8
040003f803f803f8
03f803f803f003f8
03c003d803e003d8
032703570377037f
026e0266027602d7
011d01a601f6022e
022e020e01a600ed
028f0297027601fe
02af028f021e0246
014d027e02c7028f
ffd400bd0135013d
03f003f803d802df
03f803f003f003f0
03f803f804000400
03f803f803f003f8
03f803f003f803f8
03f803f803f803f8
038803f803f80400
00340064007c00dd
02cf0226015d006c
039803b803b8034f
037f037f039803a8
0367035f034f036f
02f702ff033f036f
03f803f803d8034f
03f003e003e003f0
040003f003f803f8
02d7032703b803f8
036703980377032f
0377035f03370327
03d003b803a803a8
03f003e803c003c0
040003f003f803f8
03f80400040003f8
03c803d003d803e8
032f035f036f0390
024e0256029702ff
013d018601c60226
01fe021601c60105
02b7029f027e0206
02cf0297021e026e
014d025e02d7029f
00cd012501450145
0400040003f80388
0400040004000400
0400040004000400
0400040004000400
040003f803f803f8
03f803f803f803f8
038803f003e803f8
fffcffdcfff400a5
02c7023601750095
0327033f036f033f
0347033703270317
0327033f033f0347
02df03070317032f
03f803f003e0035f
03f803e803e803f8
03f003c003f00400
02c702ef038803e8
034f0327031f02ff
0367034f0337034f
03a80390037f037f
03e803d003a803a0
03f803d803d003d0
03f803f803e003f8
03a803c803e003f8
030f0327035f0390
023e0266028f02ef
0155017d01be0216
017d01de01a60105
02a7029702af0226
03070297021e026e
01a602c702f702bf
0105012d0155015d
04000400040003e8
04000400040003f8
03e003d803e003f0
03f803f803f003e8
04000400040003f8
0400040004000400
0388040003f80400
ffecff6bff8c007c
029f021e017500ad
02bf02af02bf02e7
03270317030f02f7
031f032f032f032f
02d702ef0307030f
040003f003d00388
03f803f003f00400
03b803c003e003f8
036f030f03370390
0317031f03470377
036f03770367033f
037f0377036f036f
03b803a003900390
03d803d003b803c0
03f003d003c003e0
038803a003c803e8
02c7030703570377
022e0266029702e7
015d0175019601e6
00ad0175016d0115
02a70297028f01be
030f02a70226026e
01de02e702e702b7
009500a501350175
035f030f028f01f6
03e803e803d80398
030702f7033f03c0
034f033f03270317
03b003a003880367
03d003c803c803b8
02f703a003c003d0
fff4ff53ff7b0085
02760216017d00cd
02a7027e0266027e
030f030702ef02cf
031f0337032f0317
031f02bf02f70317
040003f803d803c0
03e803f003f003f8
036f03c003d003e8
03d8034f0307033f
030f038803c803f0
034f033f032702e7
0377038803770367
0398037f03880377
03b003a803c003b8
03c0039803c003d0
0367037703a803b8
02d702ef034f0367
022e026e029f02df
0186019e019601b6
003400c501450135
02b7028f022e015d
02e7028f02260287
0186029f02df0297
00e50014007c00e5
0014ff8cff0bfeb3
02f70266019600b5
023602460297030f
0226022e02360236
0256024e022e021e
027e0276026e025e
004c0145021e026e
000cff63ff9c0054
023e0216017500bd
02a7027e025e022e
0327030702ef02c7
03070337035f034f
037f02a702af02df
03f803f003c803a0
03f003e803e803e8
0317036f03b803e0
03d0033f02cf02d7
030f03c003f803f0
031f030702f702df
03a803b00388033f
03770398039803b0
037f039003a80388
0357036f03900390
033f035f037f0388
02df02df03070327
021e026e029702d7
017d0186018601a6
00ad00850135016d
029f0276024e01a6
02bf02760236029f
00d5025602bf0287
02260085ffacffc4
fe4afe52fe52fe3a
02a7021e005cfec3
0216022e024e027e
01ee020e0216021e
01a601b601c601d6
011d015d016d018e
fe22fe5aff5b0074
ffe4ff5bfff4ffcc
01ee01ee016500b5
026e024e022e01e6
035f034f031f02cf
0307034f035f036f
033702bf027e02b7
03c803c8035f0307
03d0039003c003c8
029702d7033703a8
033f02c70266025e
02bf034f03980388
032f031f02ff02af
03c0038803570337
03b003e003d003d0
035f037f03880398
034f0347034f0347
0327033f0357035f
02af02b702d702ef
0206024e027602bf
017d016d017d018e
010501250186017d
02bf0297027e017d
02af025e025e02cf
ffc401ae02b702cf
034f01f6003cff33
fea3fec3fed3fedb
02df03270175ff4b
022e023602360236
01de01f602060226
019601ae01c601ce
004c011d01650186
fd92fdbafe3aff23
ffecff84004cff13
01a601b6015500c5
02060226020601ae
03670388034f02bf
02cf03070317033f
024e0297027e028f
034f031f026601ce
0327033703570357
01f6021e029f02f7
027e022601ee01de
023e027602a702a7
03470357031f026e
036f034703270327
03b803c803a003b8
034f039003a003a8
033f032703270327
0307031f032f0327
028f029f02b702bf
01de02260266028f
019e017d015d0175
018e020e01e60196
02df02b7028701a6
02a70256027e02ff
ff4b00d5025e02d7
03e0033f01de000c
ff7bff63ff63ff53
011501ee013dfffc
022e022e01c600e5
01de01ee02060226
018e01a601be01ce
ff3b006c0145017d
fdf2fe9bff43ff33
006cffbc0014fe9b
017d0186015d00d5
0266022e01ee01a6
032f0357034702df
028f02af02d702ff
014d01ee0246025e
0297021e012d009d
028f029f029f02a7
00fd016501f6025e
01a6015500dd00ad
01a601ce01fe01e6
034f0357030f022e
030f02f702ef0317
03a003a8036f0327
033f037f03a003b0
02f702ff02ff030f
029f02df02e702ef
027e029f0297027e
01ce021e024e0256
017d016d0175016d
025e026e01f60196
033702a70276023e
0297023e02660347
0024fffc01ae02a7
03f803c8031f01ae
ff73ff3bff0bfecb
009d015500d5ffec
0226021e015d003c
01e601f6020e021e
0186019e01b601ce
fea3ffac010d0175
ff2bffa4ffc4ff4b
00b5001cffecff23
01650155014500ed
02b7024601e601a6
02df02ff02ff02df
0246026e02b702cf
007c016501f60226
01be00d5ff94ff84
01d601ee01ee01ee
ff0b001400e5017d
0095ffb4fe8bfe42
0145014d01650125
0327033f03270266
02af029f02bf02ef
03670347031702b7
030f032f03470367
02bf02ef02f702ff
0266029702b702bf
026e0266023e0246
01ae0206021e023e
0165016d015d016d
0276025e01de0186
035702df028f025e
029f024e027e0367
01c6005c00dd025e
03e803d003a80317
ff33ff53ff53ff2b
007400bd0024ff63
022e0226017d0074
01de01f60206021e
017d019e01b601c6
fee3ffdc00fd015d
ff8cfefbfe9bfebb
00e5007c001c0004
01550135011500f5
0287025601f6019e
029f02a70297028f
01fe0236026e028f
003c016d01be01ce
006cff33fe52fee3
01150145014d0125
ff1bff03ff630044
ffc4ff84ff84ff1b
015d006c003c0014
029f02b702c70276
029f0287027e028f
02e702a7027e029f
030702ff0307030f
029702c702d702e7
023e025e027e0287
023602360226023e
018e01c601ee021e
0165016501450165
0226022601ce016d
032f02f702df027e
02b7027602660347
02ef015d00a501f6
03d003c803c803b0
007400d500fd00ed
0054fff4ff9cffd4
023e024601de00fd
01d601ee0206021e
017d01ae01c601c6
0064014d016d0165
feb3fddafddafeeb
009d00adfff4ffa4
013d011500fd00bd
022e022601ce018e
026e024e0256023e
019e01e6023e027e
00b501e60186017d
fedbfe1afe1afedb
000c006c0074fff4
012d0064ff5bff3b
00c5017501be018e
01b6010d0054003c
01de02260236020e
025e01e601ce01de
027602760276028f
02cf02c702bf02af
02760297027e02af
022e022e0236024e
02360226023e022e
018e01b601ce020e
0165015501550186
023601fe01ee0196
035f030f02ef02cf
0297025e023e031f
0367027601250186
03c803c803c003c0
021e0266027e025e
00dd006400540135
0246026602260186
01e601fe0216022e
019601be01ce01ce
023e027601fe0196
fe9bfe22ff1300fd
007c00a5ffbcff4b
013500ed00dd0095
01e601de019e017d
022602060226020e
0175018601f60226
0165021e01d60175
fde2fdeafe5aff9c
ff33ff8cff23fe3a
0196011d005cff73
0186018e01750165
018e014d013d017d
01c601be01e601c6
01fe0175018e01ce
024e0256024e026e
0266024e024e0256
023e021602260256
01ee01f6021e020e
01fe020e021601fe
016d019e01be01f6
0186016d016d018e
025e01e601ae018e
032702ef02ef02ef
025e0266022e02d7
03a0032f01fe0165
03d003d003b003a8
03470347033f0307
0155016501f602d7
024e026e024e01be
01ee02060216022e
01a601c601de01de
02df029f022e01be
fe7aff94016d02a7
00440024ff03fe7a
011500d500b50064
01a6018e01650155
01e601e601ee01ce
01650145015d01ce
023e02df022601a6
fe22feabff33008d
fef3fe6afe0afdda
011d00f50034ff94
0145012d011d00fd
016d016d017d0165
022e021e020e01d6
0196015d016501d6
02060206023601fe
020e020e01ee020e
01de01ce01e601e6
01c601ee020601de
01d601f601fe01de
016d0196019e01d6
01ae01a601a60175
022e01c601c6019e
02bf02b7028f028f
023e028f02460276
0390036f02a7018e
03c003b003a00390
03a80377035f0347
01ce022e030f03a8
0246026e026e0206
01ee01fe020e022e
01a601b601d601e6
02d7028f023e01d6
ffac01ce02e70317
002cff7bfdfafe0a
010d00d500b5008d
016d015501350125
019e018e01ae0196
013d00f5010d017d
01e602c7023e018e
ffa40034000c00ad
0014ff4bff0bff2b
011d012d00cd0074
018e017500f500e5
015d0155018e016d
024e0246022601b6
017d0155015d01e6
01d601ee01f60186
01de01f601ee01de
01b601a601a60196
01ce01de01d601be
01e601d601ce01ce
0135015d014d01ae
01c601a601be0165
023e01ce01be0196
02bf029f029f02cf
01f60276021e0246
0357034f02cf01b6
0388036703670367
03b003980390037f
028702df035703b0
0246026e0297027e
01ee01f602060226
01ae01a601c601de
02e70287022e01de
01ee0327034f031f
0034ff2bfe3affb4
00fd00c500ad007c
0155013d011500dd
015d016d01550155
00ed00cd01050145
020602460206015d
00e50064001c00c5
00b5003c007c00ad
0145010500d500c5
01be019e013d0115
01650155016d017d
0246027e01fe017d
0175013d016d0226
01d601b601a6018e
01be01ce01d601d6
019e01a601860196
01c601ae017d0186
01ce01a601ce01ce
0105014501450196
01d6018e016d0155
02a7021601ae019e
023e022e02970307
01c6024e024e01de
02ff02f702b70216
0337030f02ff02f7
03b003c003c803c8
03270367038803a0
024e028702bf02e7
01e601f602060226
01ae01a601b601ce
02d7026e021601de
031f035f0347030f
0034ffb4fff401de
00fd00fd00c50054
012d0145010d00d5
0165016501250115
0105013500f50115
018e01c601ee0135
00a5000cffec0095
00dd00bd00f500cd
01960165010500fd
01a601de01ce017d
012d017501860186
024e026601f60155
0135013d01ce0256
01b6019e0175018e
01de01ce01d601de
017d019601be01e6
01ae019601650165
019e019e01b6018e
011d012d01650186
01de01be018e018e
02cf024601b601be
01e601de028702df
018e01e6028f023e
026602660256021e
02df029f026e0266
03e803f003f803f8
039003b003e003e8
025e02bf030f0357
01e601f602060226
01ae019e01ae01ce
02b7025601fe01ce
03670357033702ff
ffe4006c01fe031f
010500cd00a5003c
01150125010500f5
019e01750125011d
013d014d0105013d
013501ce01c6017d
0105006c006400a5
012d012d0105012d
01de01a60155010d
017d01ce01d601ae
013d015d013d0135
020e01fe01f60165
00c50155027e0297
01c601be01c60145
01be01fe01f601fe
01650186019601a6
019e01be019e0165
018601650186017d
01150125016d019e
01d601be01a60186
02af023e01c601c6
0256024602c702cf
00e500fd0236029f
0196015501450155
027e022601c601ae
03d003c803b803b0
03d003d003e803e0
026602cf034f03b8
01de01ee0206022e
01ae019e01ae01c6
028f022e01d601be
0367033f031702df
ffdc013503170377
01150105007c003c
00f500ed00e500fd
0196017d012d0105
009d00dd0115016d
01250196013500d5
016d011500ed00ed
019e0196019601ae
020e01c601b60135
0175016501de01e6
00bd010501050145
01450145016d0105
004c00ed019e0186
01d601ae017500b5
01fe0216021601fe
018e01c6018601ce
01a601ce0196016d
016d014d015d01b6
0125014d019e0196
01de01be01b60196
02b7025e01d601de
028702bf02e702cf
0024003401a60266
006cfffcffbcfffc
01ce015500bd0085
02df02d702bf02a7
02ef02df02ef02ef
023e024e029f02ef
01d601ee02060226
01a6019e01a601be
026e021601c601a6
0357032f02ff02c7
001401ce034f0367
010500f5006c005c
011d012500f500f5
014d0145012d0115
0014004c00ed0125
015d016d00cd003c
01a6018601860186
01f60226021e01de
0226021601ce0196
01be01ae02360266
008d00cd0155017d
00ad00ed00e500b5
0034009500b5006c
01be016d0105006c
021e021e02260206
01b601d601b60216
019e01f601b601a6
0186016d0155018e
0186018601a60196
01e601de01b601be
02bf025e01ce01de
028702d702df02d7
ffbcffac009d0206
feebfe9bfe8bff2b
007cffdcff1bfee3
015500fd00950074
01ce01c601b6018e
020601be019e01b6
01de01e60206021e
01ae01ae01ae01be
025e020e01be019e
0337031f02ef02af
002c01fe033f033f
010d00dd0085004c
0135012501150115
0115010d012d012d
ffacfffc009d010d
016501150085ffe4
0186018e018e017d
0206022601de0196
022e022e01e601a6
0206021e022e0216
01150135019601be
007400ed010d00e5
ffdc006c006c0044
01a601150054ffc4
0216022602260206
020601f601de01f6
019e01d601b601de
0186017d017d019e
016d0196018e0175
01ae01a6019e0175
02ef029701c601ae
029702ff02f702e7
ff1bff1bff5b0155
fde2fdc2fde2fe7a
fec3fe62fddafdca
fe83fe72feabff0b
ff73ff43ff03febb
019600dd001cff9c
01d601ee02060206
01ae01b601ae01be
024e020601b60196
0327030f02e70297
003401de0337033f
00ed00a50074003c
0135010500f500e5
01450155013d0145
ff84ffec007400dd
0034000cffccff94
008d0074006c004c
00f500f500bd00a5
01960175010500e5
014d015d017d017d
010d012501350145
0064009500e500f5
ff94ffec006c008d
010d005cffe4ff94
02260246021e01be
0226021e020e0226
01be01f601d601f6
019e0186018601ae
0196019601960175
0165017d019e01a6
031702c701ce019e
025e02f7030f0317
fe52fe72fe9b0044
fd9afd8afda2fdea
fd9afda2fd8afd8a
fdfafe83fecbfeb3
fd8afd71fdb2fdda
01f6012dffb4fe4a
01de01f60216022e
01a601ae01ae01be
023601fe01b60196
031702ff02cf027e
0014015d02f70337
00dd00ad00740014
014d011d011500ed
017d01b6018e016d
ff33ffec005c0105
feb3fe6afe52feab
002cff7bff94ff4b
00dd00cd005c006c
015d00bd00cd00ed
008500e501250145
000c003c009500bd
ff8cffb4fff4000c
ff13fefbff23ff84
00b5ffccff4bff3b
024e025e023601b6
0226022e020e024e
018601fe020e021e
0196016d018e0175
019601750196018e
018e018e019e01ae
030702c701be019e
017502d703270317
fdcafddafdcafecb
fdaafda2fd9afda2
fd49fd79fd92fd9a
fda2fd79fd41fd09
fddafd61fdfafdfa
026602560165ff9c
01ce01fe0226023e
01a601ae01be01be
022601e601a6018e
030702e702af0266
000c00bd026e032f
00ed00ed0095004c
014d014d012500fd
019e01ce01b60186
ff4bffc4008d014d
fdeafcf9fd51fe83
01250074009dffb4
01fe01c601450175
0276019e0216023e
015501ce022e0276
00fd016d01f6022e
006c004c01250155
fef3fe93feebffcc
0095ff73ff84ffe4
02460276025e01be
022e022e02260236
014d01a601d60226
017501650145014d
018e0175017d0175
017d018601b60196
02ff02b701b60165
ffe4026e02df02df
fd61fd49fd29fd69
fda2fda2fd92fd79
fd51fd69fd82fd92
fd19fd11fcf9fce1
ff73fddafd9afd61
0276029f0266015d
01de0206022e024e
019e01ae01b601c6
021e01de01a60196
02f702d702a7025e
fff4006402360327
0115010d008d003c
01050105010d0155
01d601fe01e601a6
0064ffe4007c0175
fe9bfe3aff3b0085
0186010d016d0034
0246021601e601ee
027e01ee024e026e
01f6022e025e0287
01ae020e0287029f
0155010501ae01de
01450064002400a5
0085fff40095016d
021e025e025e01ae
021601fe02260216
0175018e01de01fe
01750196015d015d
0186016d01750186
0186017d018e018e
02c7028701ae0175
feeb01a6027602af
fd09fd09fd09fd29
fd71fd82fd8afd59
fd82fd71fd69fd71
fdb2fd92fd79fd82
0115fe93fd82fda2
0276029f02b7027e
01ee021602360256
019e01ae01b601ce
020e01d601ae019e
02ef02cf02970256
fff4007c02a7030f
00fd00e5006c0034
00ed00bd00c500fd
0216023e02260196
00ad003c00950175
ffacfffc009d00fd
010500d5010d0014
01c6019601650186
022e01b601d601d6
01a6019e01d60206
015d019e01de020e
00c500e501450165
01ee01c6013d00cd
007c006c012d01ce
0256028f026e018e
01d601de01ee01f6
018e018e01b601b6
01750196018e01a6
018601550165018e
015d018e018e016d
026e0226015d0145
fe7200ad01de023e
fcd1fce9fd01fd11
fd61fd69fd71fd39
fdc2fda2fd79fd69
fdfafdb2fdaafdba
00e5fe62fe22fe7a
027e02a702c702af
01f60216023e0266
019e01a601be01d6
022601ee01c601ae
02ef02c70297025e
ffe4019e030f030f
00e500dd0095001c
010500ad00ed010d
0236024e01ee0186
00dd00ad00dd019e
006c00c5011d00fd
00cd00dd00a5005c
017d0155013500ed
01de01ee01f601be
01a6019e01b601de
015501860186018e
017d016d0165015d
01d601ee01fe01be
00bd00ed018601d6
021e027e0276019e
01be018601750196
0196019601b601ae
0175016501550175
0196016501550175
016d0186014d016d
01ce0196010d012d
fde2ffdc013d0196
fcb1fcb1fcb9fcb9
fd79fd61fd61fd21
fdc2fdd2fdc2fd9a
fdbafdb2fdaafdaa
ffbcfe83fe8bfe12
028f02af02cf0216
01fe021e023e026e
019e01a601c601e6
022601f601ce01ae
02ff02df02af0266
00e502ef0327030f
00ed00cd0074ffdc
00bd00ad00bd00cd
01fe025601de0135
0125011501150196
0186018601550125
01ce0226020e01b6
01e601c601b60175
0276024e023e0226
022602260246026e
01e601e601e601fe
022e020601fe01ee
01e601de01ce01f6
011d014501b6020e
01fe027e026e01d6
01be015501960196
018e017d0175019e
016d015d014d013d
0175015d01450186
01450155013d015d
012500cd00ed013d
fd79ff9400e5014d
fc99fc70fc60fc68
fdbafd82fd59fd09
fdbafdcafde2fde2
fdaafdb2fdb2fda2
ffc4fe9bfe02fdba
029702af02870135
020e0226023e0266
019601a601d601ee
022e01f601c601a6
030702f702c70276
0186032703370327
00d500c5003cffbc
00ad007c00cd00e5
0226021e01a600f5
015d011d015501ce
028f0246021601c6
027e02ff032702e7
022e020601fe01f6
02e702bf029f025e
0276028f02af02af
026e02660276027e
0266025602660266
01f6022601fe01fe
018e019e021e0236
01de024e023e0206
019e018601960186
01a601b6016d0186
0155015501960175
0165012d01250175
010d013501250145
013500b500dd011d
fd61ff9c01150175
fca9fc60fc30fc58
fde2fdbafd79fd21
fdb2fdbafdd2fdea
fd8afd9afd9afd92
ff73fdeafdaafd92
029702af01fe00ad
021602360246025e
018e019e01ce01f6
023601f601be019e
030f02f702c70276
0206031f033f0327
00dd0085001cffe4
00d5009d00cd0105
022601d601750115
01d6016d018e0206
02a7028f02bf026e
026602d7030f02df
020601ee01d6020e
028f0287027e021e
02660266027e0287
0266023602560276
023e020e021e023e
024e027602660256
01f6021e029f0276
01ae0216026e0226
018e015d016d0175
0186019e01ae0196
012d0135015d0175
0145011500e50145
00e501150115012d
0034ffec006400d5
fd09fefb004c0095
fcd9fc60fc38fc50
fddafdd2fdb2fd69
fdaafdbafdd2fdda
fd69fd69fd69fd61
fe93fd82fd82fd79
0297025e00bdffbc
0226023e02560266
018e01ae01d601fe
022e01ee01be019e
031702f702c70276
025602ff033f032f
00dd0054fffc0064
00d500b500e50125
025e019e0135011d
022e01d601e6025e
027602bf02d702a7
01ce023e02360226
0165012500f5014d
021601fe01de019e
01f601be01a601e6
01f601ce01a601be
025601a6018601de
02d702e702cf02c7
0276029f030f030f
01a601e602560276
0155016501550175
0165019e01b60175
013d01350155018e
012d011d00fd014d
00e5011501050105
ff33ff43002400bd
fca1fdd2fee3ff4b
fd41fc99fc50fc48
fdcafdcafdcafdba
fda2fdc2fdd2fdda
fd71fd71fd61fd51
fd82fd61fd71fd79
02760135fed3fdea
0236022e02660287
018e01b601e6020e
023601ee01be0196
0337030702cf0287
029702f703470347
00b5001cffac0145
00ad00bd00cd00bd
025e018e011500bd
02df0216026e02b7
026602bf03070347
017d019e015d01c6
012d010500b500c5
01ee01b601c60196
01be01ae018e01be
01750186017d01a6
028701f60196018e
0317030f02ef02e7
02af02d70317032f
017d01ce023602af
0125015d017501a6
01c601ce01c60165
0165015d01be01ee
011500ed00d5011d
00bd00dd0105010d
ff1bff4bffd40054
fc91fd49fe4afeeb
fdcafd49fcb1fc68
fdcafdcafdd2fdda
fda2fdaafdcafdda
fd61fd61fd51fd49
fd82fd71fd61fd61
01feff8cfdb2fd79
022e023e0276029f
018e01c601e6020e
023601f601b6018e
033f030702bf0276
02bf02ff034f034f
0085fffcffdc0246
007c007c00bd00c5
0236019600cd007c
02df023e026602bf
028f02f70337031f
012d0145015501ee
01860175010d0115
022e02360206018e
01c601ee02260206
01de0186017501c6
02af0276022601ee
0327032f030702ef
02df030f02ef030f
0145014d020e02b7
016d015d015d0196
01ee01be01b6017d
0135012d018601de
00f500cd00d500e5
008d00d50105011d
ff53ff8cffcc002c
fcb1fd19fe2aff03
fdf2fddafd82fcf1
fdd2fdd2fdd2fdda
fddafdd2fdbafdc2
fd61fd59fd49fd39
fdc2fd8afd61fd51
012dfe5afdfafe22
023e02660276028f
018e01c601ee0216
021e01e601ae0186
033702ff02af025e
02ef030f034f0357
0054ff9c00f50317
005c008500ad00ed
01fe012d0074004c
031f02bf02a7029f
030f034f030f0327
017d01ae01ce0226
01960165015d0165
0226021601ee0165
01de021e02560216
026e025601fe0206
02ff029f027e026e
03370357034f0317
02f702f7031f0327
01a601de025602bf
0155013d016501ae
01d601be01c601ae
011d0135016d01d6
00ed010500dd0115
004c00a500dd00cd
ffc4fff4ffdcfffc
fd49fd39fe2aff4b
fde2fdfafdfafdba
fdbafdd2fdd2fdda
fe02fe02fdeafdc2
fd69fd61fd49fd39
ff33fe32fdc2fd8a
003cfea3ff8cfffc
01e601f601e601ce
015d019601b601d6
01e601b60186015d
02f702af02660216
02d702ef03370327
001cffb402360347
005c00dd00d500bd
01ce00b5005c004c
030f02d7026e027e
035f0377033f0317
02260236029702d7
01ce0165017501be
024e0226021e01d6
025e028f026e025e
02a70266022e026e
02cf02b702bf02af
036f035f034f0337
030f0337034f0337
01b601e6025e02af
01b6016d015d017d
01d601de01de01e6
00d50105013d019e
00ad00f500d500d5
0014008500c500b5
ffbcffccff94ff8c
fdcafdcafe72ff53
fddafdf2fe02fdea
fdeafdc2fdcafde2
fe12fe0afe12fe02
feb3fe83fe22fdba
ff9cff5bff13fee3
ff8cff63ff9cffb4
0024000cffecffdc
0074007c00740054
0085007c006c007c
00dd00bd00a5008d
010d010d0125010d
ff8c001c01c601a6
009500fd00ad006c
0145007400240054
02ef02df02660216
034f035f033f031f
029f02df03370327
01ce01b602060266
0287025e023601ee
026e02b702c70287
02bf0287029f0287
029702b7029f02af
03270347032702f7
02e702f7031f0307
017d019e02260276
01b60196015d015d
01ce01be01e601de
00ad00f50155018e
0074008500850085
ffe4003c006c0085
ff13ff23ff43ff73
fddafdfafe5afecb
fddafdeafde2fdd2
fe12fdeafdcafdca
fe12fe12fe1afe12
ff2bff3bff43ff33
ff2bff23ff0bff13
ff13ff23ff13ff13
ff43ff33ff23ff13
ff5bff6bff63ff5b
ff3bff43ff3bff4b
fefbff0bff23ff2b
ff13ff13ff0bff0b
ff23ff0bff3bff23
00a500c50095fffc
0135005c00240085
02e702f7028f019e
0357034f0347031f
032f0357037f036f
022e023e029f02e7
0276028f025e0236
0287029f02a70266
02df02b70297027e
02ff02c7028702af
034f036f034f0327
02c702f7030702df
0155015501de0246
018e01be016d0135
01ae01be01e601c6
007c00bd0145019e
009d005c00540044
ffa4000c004c0085
fe6afec3ff23ff43
fdd2fdeafdfafe22
fddafdd2fdd2fdd2
fe12fe12fe12fdea
fe12fe12fe22fe12
fee3feebfef3fefb
fecbfecbfec3fecb
fedbfee3fec3febb
fef3fee3fee3fedb
fefbfefbff03fefb
fef3fef3feebfeeb
fedbfee3feebfef3
fe8bfe6afe83febb
feb3fe62fe6afe93
00c5009d003cff8c
0095005400340064
02a702af025e01a6
039003a00377030f
03880377037f0367
0276029702ff037f
0266029f028f0266
0276028f028f027e
02bf029f026e0266
0377032f02f702ef
0357038803670367
02a702ff030702df
012d010501be020e
01b601c601a6015d
019601c601be01d6
007400b501050145
00bd006c007c0054
ff63ffe4003c0074
fe12fe83fee3fef3
fde2fddafdd2fdda
fdf2fdd2fdc2fdd2
fe22fe22fe1afe02
fe1afe22fe2afe2a
fea3fea3fea3feab
fe8bfe8bfe83fe93
fe93fe9bfe93fe93
febbfea3fe9bfe9b
febbfecbfecbfec3
fec3febbfeb3feb3
febbfec3fecbfec3
fdfafe32fe72fe9b
fe02fdeafe0afe02
007400a5ffa4feab
004cfff40024006c
028f0276020e01ae
03c803b8037f02d7
03b803b003980390
02bf02df035f0398
027602a7029702bf
0276029f027e02a7
02bf02af0297027e
03b80388033702ff
0337036703b003b8
02d7031f030f0307
0135014501c6022e
01ce018e01960186
012d01ae01b601f6
006c009d00cd00cd
005c0074008d0085
fe93ff940004003c
fddafe0afe6afeab
fddafde2fddafdd2
fe02fdf2fddafdca
fe2afe1afe02fdfa
fe22fe2afe2afe32
fe6afe6afe72fe72
fe62fe5afe5afe62
fe6afe6afe6afe72
fe72fe6afe6afe72
fe9bfe9bfe93fe83
fe9bfe9bfe9bfe9b
fe8bfe9bfea3fea3
fdf2fe22fe52fe72
fd82fd8afd9afdb2
009d0074ff73fe42
002400440034009d
028701fe0186010d
03c803a0034702cf
03b803b0038803c0
02ef0307036703a0
027602b702a702df
022e028702a70287
02cf02a70297026e
03b80398036702f7
0317034f039003b0
02af02c702ff0307
0135015d01be0226
01a60196016d0175
014501b601de01ee
004c005c00b500cd
0034005c00740054
fdcaff73ffd4000c
fdc2fdcafdeafdf2
fdbafdc2fdd2fdca
fe1afe12fe12fdea
fe12fe02fe02fe0a
fe22fe2afe22fe1a
fe42fe4afe5afe5a
fe42fe4afe4afe42
fe42fe42fe4afe42
fe3afe32fe3afe4a
fe72fe6afe5afe4a
fe7afe7afe7afe7a
fe62fe7afe7afe7a
fdd2fe02fe32fe52
fd59fd49fd69fd9a
007c0004ff03fdca
fffc002c008d00ad
02870216018600c5
03d8038802f7029f
0377034f037f03a0
030f0337039003c0
029702c702d702ef
0246024e02a702a7
031702bf02b70287
03b0039003880357
02af02ff034f03a8
0266028702ef02e7
0125013d01c60226
01b601be0186017d
014d01ae01ae01de
001c002c008d00e5
fffc000c002c0044
fdaaffd4ffdcffec
fda2fda2fdbafd9a
fdcafdaafdb2fdb2
fe12fe22fe1afdf2
fe0afe02fdfafe02
fe12fe2afe22fe1a
fe32fe32fe3afe3a
fe1afe1afe2afe32
fe22fe22fe22fe2a
fe12fe12fe12fe1a
fe42fe3afe32fe22
fe5afe5afe5afe4a
fe4afe5afe5afe5a
fdc2fdeafe12fe2a
fd69fd51fd61fd92
0024ff84feabfde2
0014001c009d009d
027e0226018e00a5
03d8037702af0297
037f035f03b803e0
032f034f03a003b8
028f02cf02f70317
028f0266027e0266
030f02f702ef02c7
039003980398036f
027602cf02e7036f
020e027602a70276
011500ed016d01e6
01ce01b601960186
00cd0125015501b6
000c0004008d00b5
ffe4ffe4000c0004
fe1a0095ffa4ffcc
fd69fd82fdbafd82
fdaafda2fd9afd82
fe12fe02fde2fdba
fe1afdfafe02fe12
fdfafe02fe0afe1a
fe12fe12fe0afe0a
fe02fe02fe12fe1a
fdfafe02fe02fe0a
fdf2fdf2fdf2fdf2
fe1afe12fe0afdf2
fe4afe3afe3afe2a
fe3afe3afe42fe42
fdcafde2fe02fe1a
fe32fe02fdd2fdba
ffdcff23fe93fe4a
0024003c00ad0054
020601b6010d003c
03d8036f02a7024e
03a8037703a803c8
0347037703a003b0
02b702e702ff02ff
02cf02a7027e0287
031f0307031f030f
036703900388037f
025602d702bf0327
0216027e027e0266
014500f5014d01c6
016501a60175014d
00ad00fd011d016d
ffbcffe4007c0095
ffccffdcffd4ffec
fe5200c5ff53ffac
fd59fd92fdcafd69
fd8afda2fdaafd79
fdbafda2fda2fd92
fe12fe0afe12fdf2
fde2fdeafe02fe1a
fdeafdeafde2fde2
fdeafdf2fdfafdea
fdeafdeafde2fde2
fddafde2fde2fdf2
fe02fe02fdf2fde2
fe32fe22fe12fe0a
fe3afe32fe32fe2a
fe22fe1afe32fe42
fe5afe5afe42fe3a
ff8cfecbfe3afe22
004c007400640004
021601ce00b5fffc
0390034702a70226
0388038803980390
035703770388037f
02bf02bf02df031f
02e702d702a702af
0337030f02ff030f
0357035f034f034f
024602af02bf0327
01b60256024e023e
018e0125015d018e
01650186019e0155
00b500ed013d018e
ffccffc4ffd40024
ffdc000cfffcfff4
fe3200f5ffccff9c
fd61fdb2fdaafd69
fd79fdaafdc2fd8a
fd61fd8afd8afd61
fe12fdfafdb2fd69
fdc2fdd2fe02fe12
fdd2fdc2fdc2fdc2
fddafde2fddafdd2
fdd2fdcafdcafdd2
fdd2fdd2fdcafdca
fde2fde2fddafdda
fe02fdfafdf2fdea
fe42fe2afe1afe02
fe2afe2afe42fe42
fe22fe42fe4afe4a
ff6bfea3fddafde2
002c001cfffcffc4
01e6012d0074000c
032702b7025e023e
034f031f03570347
031f03670367033f
02af02af02b7030f
02bf02a702af02c7
02ef02d702d702ff
0317030f02ef02ff
024602bf02b702f7
015d01f6021e023e
014d011501050135
0145016d01750155
004c00a5012d0165
0014ffbcff940004
ffb40014004c0024
fdd200c500edffb4
fd8afdcafd82fd59
fd8afdcafdbafd82
fd71fd8afd69fd59
fdcafd69fd29fd39
fdbafde2fe02fe02
fdb2fda2fd9afd9a
fdc2fdcafdc2fdba
fdc2fdbafdbafdb2
fdcafdc2fdbafdb2
fdbafdb2fdbafdca
fdc2fdc2fdc2fdc2
fe02fdf2fdd2fdca
fe12fe12fe22fe12
fdcafe02fe32fe22
ff13ff0bfde2fd8a
000c0004ffd4ff84
0115005cffec0004
02c7024601e601ae
0337031f02ef02b7
02ef0317031f0337
02a7028f02a702c7
02cf029702cf029f
029702af02bf02e7
02ff02e702ef028f
022e01e6024e029f
00ed019601de024e
012d00dd00cd00c5
015d016d0145011d
ffa400340095011d
0024ffecff73ff53
ff8cffd4002c0024
fd8a007c018effe4
fdbafdb2fd61fd41
fdbafddafd9afd61
fd82fd71fd61fd79
fd29fcf9fd29fd69
fddafdeafddafd9a
fda2fd92fd8afd8a
fdaafdaafdaafdaa
fdb2fdb2fdaafdaa
fdb2fdbafdb2fdb2
fd82fd92fd9afda2
fd8afd79fd82fd79
fddafdc2fdaafd9a
fe0afe0afe0afdf2
fd8afdd2fe0afe02
fefbff33fe83fd71
ffdcffbcff9cff2b
0054ffdcff7bffe4
023601f601a601a6
02c702af02870216
02bf02a702a702cf
0297027e0287029f
025e0256027e0276
027602760276025e
027e0266027e0266
01e601c6020e025e
007c00fd015d01a6
00ed00cd006c0054
00dd0115012d0145
ff2bff8c005c00c5
001c002cffccff53
ffa4ff9c00040034
fd59003c01a60044
fdb2fd8afd51fd29
fdd2fdb2fd59fd79
fd71fd69fd69fd9a
fcd9fd19fd69fd79
fdeafdd2fd82fd09
fd92fd82fd82fd82
fda2fda2fd9afda2
fdb2fdb2fdb2fdaa
fd92fd9afdaafdb2
fd59fd71fd82fd92
fd71fd69fd69fd59
fde2fdb2fd92fd79
fdfafe12fe0afdf2
fd71fdaafdd2fdea
fedbfeabff3bfdca
ffc4ff84ff43ff13
002cff94ff5bffac
014d0155013500e5
021e022e01d6017d
026e029f02bf024e
01de022e0256026e
01fe01ee01fe01fe
0216024e020601de
0246021e020e01fe
014d01c601e6021e
004c009d00dd0135
007c00bd007c0044
003400a500d500d5
ff3bff03ff63002c
0044004c0034ffd4
000cffccfff40014
fd21ff8401c6011d
fd92fd61fd41fd21
fdbafd61fd49fdb2
fd59fd61fd79fdb2
fd09fd51fd71fd61
fdcafd82fd11fcd1
fd82fd71fd71fd79
fda2fd9afd8afd92
fdaafdaafdaafda2
fd71fd79fd8afda2
fd59fd69fd69fd79
fd71fd61fd61fd59
fdd2fdaafd92fd71
fe02fe12fe0afdf2
fd71fd8afdc2fdf2
fe8bfe5aff3bfecb
ff5bff43ff3bff2b
ff33ff3bff43ff5b
010500e500bdffe4
01ce01d6014d00f5
023e022e021e01ee
01b6019601fe0216
0186015d01ae01d6
01ae01ae01650186
01fe01ae017d01b6
00ad016d01c601d6
002c003c007400ad
003cfffc0034002c
ffdc0024004c0044
ffc4ff33fedbff43
00440064004c0024
00dd002cffecfffc
fd09fe83018e01ae
fd71fd51fd39fd19
fd69fd29fd9afdaa
fd61fd71fda2fdb2
fd39fd59fd61fd61
fd8afd29fcd9fd01
fd71fd69fd69fd71
fd9afd82fd82fd79
fd71fd79fd82fda2
fd61fd61fd71fd79
fd51fd59fd59fd59
fd69fd69fd61fd59
fdcafdaafd92fd71
fdfafdfafdf2fdda
fdeafd79fdb2fde2
fe3afe0affec005c
ff3bff4bff4bff3b
ff0bff63ff3bff3b
00ad002cffc4ff53
0135010500bd00ad
01c6015d01150135
00f500e5013d0186
01450155018e0186
019e018e010d0105
01ce01a60155018e
006c00e5016501be
002cffdc0034003c
ffecffccffb4ffd4
ff2bffa4ffe40004
002cffccff2bfee3
002c006c006c0054
0125000c0024ffe4
fd01fdb200ad01ae
fd61fd41fd31fd11
fd11fd61fdb2fd71
fd69fd92fdaafd61
fd41fd59fd61fd61
fd39fce9fcf1fd29
fd69fd59fd61fd61
fd8afd82fd8afd71
fd61fd51fd59fd92
fd51fd51fd59fd61
fd59fd59fd51fd51
fd69fd79fd61fd59
fdb2fd9afd8afd69
fddafde2fddafdc2
ff73fd71fd92fdc2
fdb2fe8b009d014d
ff43ff5bff5bff23
ff1bff2bff2bff33
0085ffdcff2bfef3
006c004c0034008d
013d00f500d500ed
0074007400bd010d
00d5011d013d00f5
013d011d00f500dd
0145016d0145013d
003c005c00d50145
ff84ff8cffbcffac
ff8cff7bff2bff63
fedbff1bff7bffa4
0074003cffccff3b
000c0054008d008d
018600340034001c
fd01fd21ff8c01de
fd39fd29fd21fd01
fd41fdaafd79fd51
fd8afd9afd69fd09
fd51fd59fd61fd69
fce9fcd9fd11fd39
fd59fd51fd59fd59
fd79fd71fd71fd69
fd59fd49fd49fd79
fd49fd49fd49fd51
fd61fd59fd51fd49
fd71fd71fd69fd61
fda2fd92fd82fd69
fdbafdc2fdbafdb2
00d5fe2afd69fd92
fda2ff5b01050186
ff4bff73ff73fed3
ff0bff43ff43ff3b
ffdcff5bfec3fedb
ffecffbcffdc0014
0095007c005c0044
0014004c009500b5
007400a500b50064
00c500f500c500a5
00ed00e5012d010d
ff43ff94ffcc0074
ff3bff53ff9cff4b
ff43ff6bff53ff3b
ff5bff03ff23ff43
00bd00740044ffec
00240044008500c5
019600ed001c007c
fcf1fcf9fe52012d
fd21fd19fd11fd01
fd8afd82fd49fd31
fd92fd71fd11fd09
fd51fd59fd61fd71
fcc9fcf1fd21fd39
fd51fd51fd59fd59
fd79fd71fd71fd61
fd51fd41fd41fd71
fd49fd51fd51fd49
fd59fd59fd49fd49
fd61fd61fd69fd61
fd8afd82fd79fd69
fd82fd92fd92fd92
01a6ffb4fd71fd61
fe6a0004010d0145
ff6bff9cff84fe5a
ff2bff73ff6bff4b
ff33fee3fed3fedb
ffc4ff84ff9cffdc
0024ffecff9cff9c
ffbc000cfffc0034
fffc0004ffecffe4
008d00bd00a5003c
0004007400cd00bd
ff23ff03ff1bff6b
ff53ff2bfef3ff2b
ff2bff53ff63ff73
fffcff84ff23ff1b
00ed00c5007c0054
0074004400a500c5
01450175005c00a5
fce1fcf1fd49003c
fd11fd11fd11fcf9
fd82fd59fd39fd21
fd79fd29fd01fd69
fd51fd59fd61fd79
fcd1fd19fd29fd39
fd51fd49fd49fd51
fd71fd69fd69fd59
fd51fd39fd29fd61
fd49fd49fd49fd41
fd69fd59fd49fd41
fd69fd69fd71fd71
fd71fd71fd71fd69
fd59fd69fd71fd71
01550155fe4afd49
fec300c500740175
ffb4ffccff53fe32
ff53ff8cff84ff7b
fed3fecbfee3ff0b
ffa4ff94ff5bff33
ff43ff5bff53ff6b
ff5bffacff73ff7b
ff6bff3bff43ff53
006c007c0014ffac
fec3ff8c002c0024
ff0bfedbfeabfe83
ffacff73ff23fef3
ff33ff53ff7bffac
0085001cffa4ff43
00d500ed00bd0085
00c5005c007400b5
010501ce00bd0095
fce1fcf1fcf1fe83
fd01fd01fd01fcf1
fd69fd51fd31fd11
fd29fd09fd61fd92
fd51fd59fd61fd69
fcf1fd19fd29fd41
fd51fd49fd49fd51
fd69fd69fd61fd59
fd51fd31fd19fd51
fd39fd31fd39fd41
fd69fd59fd51fd49
fd69fd69fd71fd79
fd61fd69fd69fd69
fd41fd49fd51fd59
01b601b6ffdcfd69
ff33001400ed00c5
ffdcffe4ff1bfe1a
ff6bff9cffacffac
fec3feebff0bff4b
ff03fefbfeabfea3
feebfedbfeebff33
ff0bff33fef3ff1b
ff33febbfeb3fec3
ff7bff9cff6bff0b
fe42feb3ff33ff6b
fedbfebbfe8bfe62
ff9cffb4ff8cff2b
ff6bff53ff5bff73
009d005cfff4ffa4
00ad00ed00e500b5
00ed00ad005c0085
0034018e00e5010d
fcd9fcd9fce9fd59
fcf9fcf1fcf9fcf1
fd59fd41fd21fd11
fd39fdaafdc2fd79
fd49fd51fd61fd39
fd01fd19fd31fd41
fdd2fe22fe2afe5a
fdf2fe72fdf2fdca
fcd9fd19fd19fd09
ffcc0004fe42fcf9
0085ff94ffe40054
01ce004cffac0074
040003f803d8031f
0388039803c003f8
034f0347035f0377
027602bf030f0347
00d5012d01ae021e
0074007c009d00ad
006c005c00640074
006c0074006c006c
006c007c0085006c
003c004c004c0054
0004002400440095
fff4004c006c001c
ffb4ffbcffc4ffd4
ff6bff6bff7bff94
ff3bff33ff4bff63
ff13ff13ff23ff33
ff0bff0bff0bff13
fefbfefbff03ff03
fed3fedbfee3feeb
fec3fec3fecbfecb
feabfeb3feb3febb
00ed00a5ffe4fefb
0125011d01150105
013d013d013d012d
014d01450145013d
013d013d0145014d
fe0afe32fddafe3a
fe42fe0afd9afde2
fd19fd11fce9fd31
0004ffdcfe22fd11
00f500b5009500a5
01ce00d500ad0135
040003f003a802df
0398039803c003f0
036f0367036f0388
027e02df032f036f
00cd0115017d01fe
00850095009d00a5
004c005c006c007c
0085007400640054
009d009d008d007c
005c007c0074008d
003c0074009500bd
0064008d001c002c
001cfff4fff4fffc
ff73ff84ffcc0004
ff4bff43ffacffa4
ff1bff1bff33ff3b
ff0bff13ff1bff13
fefbff03ff03ff03
fee3feebfef3fef3
fec3fecbfed3fed3
feabfebbfec3fec3
00f5005cff73fecb
013d012d0125011d
0165015d0155014d
0175016d016d016d
01750175017d017d
fe0afdf2fddafe2a
fddafdd2fd79fd9a
fd11fce1fcf1fd51
0085fff4fe3afd31
0165017d015d0125
014d01350165019e
03f803a8028f018e
039803a003c003e8
03a003880377037f
028702ff03570398
00cd0105015d01e6
007c009500a500ad
ff8cfffc005c007c
ffd4ffacff8cff73
004c003c0014ffe4
004400340044005c
004c004c00bd007c
0054006c004c0014
009d007400dd00c5
ffb4ffbc0004006c
ff5bff53ffa4ff84
ff0bfefbff2bff6b
ff0bff13ff23ff23
fefbff03ff0bff0b
feebfef3fefbfefb
fecbfed3fedbfeeb
feabfebbfecbfecb
00c5ffdcff03feb3
0155013d01350125
017d0175016d015d
019e0196018e0186
01ae01ae01ae01a6
fdfafdb2fd92fdfa
fd69fd82fd71fdaa
fcc1fd01fd39fd21
01150034fe52fd19
01be01de01d6018e
012d01b601d601de
03f80390018e004c
03e003f003f003f0
03c003b0038803a8
0287031f037703b0
00cd00f5014501c6
007c009500a500bd
fefbffac00440074
ff13feebfecbfecb
ff73ff43ff1bff03
ffbcffacff84ffcc
006cffd4ff4bff3b
00d50095013500ad
008d009d01250135
ffd40095006c00d5
ff5bff53ffe4000c
fecbfed3fee3ffac
ff13ff13fee3fef3
fefbff03ff0bff13
feebfeebfef3fefb
fed3fed3fedbfee3
feb3fec3fed3fed3
004cff4bfebbfeab
0155014d013d0105
018e017d0175016d
01c601b601ae019e
01d601ce01ce01c6
fdcafdaafd8afdca
fd39fd49fd51fdd2
fcc1fd29fd01fcc9
01750095fe8bfd09
020e0216021e01c6
020e024e024e022e
040003d0029f018e
0400040004000400
03f003f803e803f8
02c7033f039003d0
00cd00f5015d01fe
009d009d00a500bd
fee3ff94003c007c
ff53ff0bfef3fec3
fed3fefbff3bff9c
ffd4ffdcff33ff23
00ad004cff84ffcc
002c00bd012500cd
00a500c5008d0074
01250196016d010d
ff3bff9cfffc00bd
fe6afe93feabff13
ff3bff4bfedbfee3
ff0bff13ff13ff23
feebfeebfef3ff03
fedbfedbfee3fee3
febbfec3fecbfed3
ffbcfee3feabfeb3
015d0145012d00b5
019601860175016d
01d601c601be01ae
01ee01ee01e601e6
fd92fd69fd8afdba
fd01fd19fd61fdea
fcf1fd09fcc1fca9
01be00f5ff13fd31
02560246025e0216
0390031f02bf027e
03f803f803d003b0
040003f8040003f8
0400040004000400
03a803d803e803f8
00dd016d0246030f
00a500ad00ad00bd
fecbff7b005c009d
0004ffa4fefbfec3
ff43ff13ffdc0034
ffecffa4ff5bff63
00f5019600b5ffe4
00240014002c00c5
002cffb4ff94ffdc
00ed011d005400d5
ff0bff9cff940034
fef3fec3ff33ff33
ffa4fffcffbcffe4
feebfee3ff03ff23
feebfef3fefbff03
fedbfee3fee3fee3
fecbfed3fed3fedb
ff2bfebbfeb3febb
0155013500ed002c
0196017d016d0165
01de01ce01be01a6
01f601f601f601e6
fd71fd79fd61fd82
fce1fd19fd51fd9a
fd11fcf1fcc1fca9
020e0175ffdcfd79
02a7028702870256
03f8038802ff02cf
0400040004000400
0400040004000400
0400040003f80400
0400040004000400
01050226035f03e0
00a50095009500cd
ff0bffd4005c0085
0054004cffe4ff9c
ffbc001c004c0044
0014fffcff3bff23
0034009d0125007c
fffcff5bffdcff73
000cff2bffbcfee3
ffbc005cfedbffdc
fe02fec3ffe4ff3b
fe83fe9bff3bfefb
ff84ff94ff9cff33
ffa4ff6bff3bff1b
fedbfee3ff0bff2b
fed3fee3fee3fedb
fed3fedbfedbfed3
feebfecbfecbfecb
011500e50064ff9c
0175015d0145012d
01c601b601a6018e
01ee01ee01e601d6
fd51fd79fd41fd59
fcd9fd09fd59fd29
fd21fce9fcb9fcc1
024601d60034fda2
030702c702af027e
03f003a0032f0317
04000400040003f8
0400040004000400
0400040004000400
03f8040004000400
0135028703c80400
00b5ffdc001c00dd
0014fffcffd40074
ffcc007400e50095
001400b50054ffb4
fefbff1b002cffc4
fe93ff23fff4ff53
fe7aff9400cdff8c
ffd4ffd4fed3fe5a
fef3ffb4fdf2ff43
fe0aff6bff9cfe7a
fdeafe12ff03ff13
ff0bff5bff4bfe62
feabfed3fe83fe8b
fe93feabff2bfedb
feabfeabfea3fe9b
febbfec3febbfeb3
ff13ff0bfeebfec3
006c003cffd4ff5b
00f500cd00a5008d
017d015d013d0115
01de01ce01be019e
fd21fd39fd29fd41
fce1fce9fd39fcf9
fd69fce1fcb9fcc9
027601fe00b5fe42
032f030702df02a7
03f803c8036f034f
0400040004000400
0400040004000400
0400040004000400
0400040004000400
00bd024e03c803f8
002c001c006c00b5
001cffccffcc001c
ffacff7bffdcffec
ff9c00bd0155006c
fec3002c005c004c
fdfafee3fe5afe3a
ff63ffb4ff84fec3
fe72fedbfe72fefb
ff33ff2bfe2afeb3
ff23ff3bfebbff23
fea3fe9bfedbfe6a
fe42fe72fe2afe7a
fe1afe7afe42fe42
feb3fefbfe4afdea
fe42fe3afe5afe3a
fe7afe72fe62fe52
ff4bff2bfedbfe93
ffdcffc4ffa4ff73
0044001c0004fff4
00bd009d007c005c
014d0135010d00ed
fd01fd19fd09fd29
fcd9fcf9fd09fcd9
fe12fd29fcd9fcc9
029f026e01b6ffc4
035f033f031702df
040003e803b80390
0400040004000400
0400040004000400
03f8040004000400
0400040003f803f8
003401de03b80400
ff5bffa4004c0064
003c002cffccff9c
0085ffb4ffd4ff63
ff630085011d0105
001cffdc00cd008d
fe2afecbfe62feeb
ffecfec3fe02fe22
fe42fe8bfe62febb
fe6afe9bff43fdfa
ff0bfebbfeabfe93
fe12fe9bfe1afdea
fe3afde2fd9afdd2
fefbfe8bfe7afeab
fee3fe7afeabfef3
fdeafe52ff2bff53
fe0afe02fdf2fdf2
ff3bfef3fe72fe1a
ffb4ff9cff84ff63
0004ffecffd4ffc4
004c0034002c0014
00950085006c005c
fce9fd21fcd9fd19
fcd1fd01fce1fcb1
ff3bfd9afd31fcc1
02ff02c70266011d
03a803880357031f
040003f803e803d0
0400040004000400
0400040004000400
040003f804000400
03f8040004000400
0135027e03c80400
ffd4ffccffec00a5
002c004c00a5008d
0014004cff4bff43
ff3bff0bff53000c
fe83fe8b002cffb4
fdbafda2fe4aff5b
ff53fee3fdcafe22
fed3fe3afdc2fe72
fefbff8cffa4fe32
ff7bff7bff0bff1b
fe6afe1afdfafe93
fe9bfe6afe83ff2b
ff5bfe6afe5afe9b
ff73feabfec3ff33
fe32ff4bff5b000c
fdc2fdcafdd2fde2
ff1bfea3fe12fdd2
ff9cff8cff73ff5b
fff4ffdcffbcffac
0044003400240004
0085007c0074005c
fce9fd21fcc9fcf9
fcc1fce9fcc1fc99
00ddfef3fe02fcf1
033f030f02d70216
03e803d00398035f
04000400040003f0
0400040004000400
0400040004000400
0400040004000400
03f8040004000400
00f501d6036703f0
ffec006c005c0014
003c00ad00e50155
ffe4ff9cfec3ff13
fe6afecbfea3ff9c
fe1aff0bff73fe22
feebff33febbfebb
fe62fe7afef3feb3
fefbfe6afdb2fe6a
fed3ffbcfebbfeab
0044feb3feb3ff4b
ff3bfe8bfe52feb3
ff13ffe4ff03ffcc
ff4bfe72fe4afe72
feebff03ff94ffdc
fe42fdeafe02fe9b
fdc2fdcafddafdf2
fee3fe4afde2fdba
ffb4ffa4ff8cff63
fff4ffe4ffd4ffc4
003c001c00140004
008500740064004c
fce1fce9fcc1fce9
fcc1fcd9fcb1fc91
01d600a5fedbfd61
03670337030f02af
040003f803d003a0
0400040004000400
0400040004000400
0400040004000400
0400040004000400
03f8040003f80400
0034ffb4017d0388
005cfffc007c005c
ffbc00ed002c0085
00adffb4ff53ff1b
fe8bff84fecb001c
fedbfe52fea3feeb
ff43ff43ff43ff23
fef3fe42feabff5b
fe3afdfafe0aff1b
fe02fe83fef3feeb
ffdcfe6afe4aff2b
ff2bff3bfec3ff3b
ff43ffac006c008d
fe22fe1afdfafefb
fe3aff03ff13fecb
fd8afde2fe42fe32
fdbafdcafdc2fdaa
fe83fdf2fdbafdb2
ffbcff9cff7bff23
001c000cfff4ffd4
005400440034002c
008d007c006c0064
fce1fcd9fce9fd09
fcb9fcd9fcb1fc99
026e02060044fde2
039003670337030f
0400040003f003d0
04000400040003f8
0400040004000400
0400040004000400
0400040004000400
02ff03c803f003f8
ffdcff9c006c019e
00c500b500f500bd
fefb00cdffe40044
015d0196ffd4fed3
0064fea3ff5b0115
fedbfebbfe93ff0b
fe42fe72fe5afe72
ff13feb3ff2bff73
fda2fe0afee3ff2b
fe12fe32fe52fe22
feabfea3feebfecb
ff03ff43fe62feab
feabff9c001cffec
fda2fd41fdb2fe93
febbfea3fe5afe1a
fddafe3afebbff1b
fdc2fdfafe3afe1a
fe22fdc2fdaafda2
ff7bff63ff33fec3
0004ffdcffb4ff94
00740054003c0024
00b500ad009d008d
fcc1fcc9fd01fd19
fcb1fcd9fcb1fca9
02b702970145fe3a
03c00398035f033f
0400040003f803e8
04000400040003f8
0400040004000400
0400040004000400
0400040004000400
010501be034703f0
ffa4ff5b002400b5
008d0074013d00dd
feeb000cfffc0004
0226024e0004fe62
0125ff7bff13012d
fe0affa4ff2bffa4
fe52fe4afdd2fdda
000c001cfecbfe93
fddaff2bfe1aff2b
fdf2fddafe0afdda
fdcafe8bffbcfeab
ff13ffdcffa4fe93
fe8bfffcff73ffa4
fe83fd49fd82fecb
fe6afde2fde2fe6a
fe72febbff2bff0b
fd9afe32fe7afebb
fdeafd8afd71fd69
ff2bff23ff03fe93
ffa4ff7bff5bff43
002c000cffecffcc
00ad009500740054
fcb9fcb9fd11fd19
fcd1fce9fcb9fcb1
030f02ef020efea3
03e003c8037f0357
04000400040003f8
0400040004000400
0400040004000400
0400040004000400
03e8040004000400
007400bd018e035f
002cfee3ff33ffb4
ffbc007c001c0044
ff1bff9cfef3ff94
015d01d6015dff2b
ffbcff9cff1b003c
fe42ffb4ff03ffb4
febbff43fea3fea3
004c00adff73ff3b
fe32ff2bfdf2ff6b
fe4afde2fe6afe22
fdd2fe7afe83fe6a
ffbcfec3fffcfec3
ff43fffcfedbff9c
feabfe0afd51fdd2
fdcafd39fd01fe0a
fecbfe4afe5afe1a
fdaafe22fe62fe83
fde2fd51fd41fd82
ff1bff0bfefbfea3
ff53ff43ff33ff23
ffbcff9cff84ff6b
003c001cfffcffd4
fcb1fcc9fd39fd09
fd29fd19fcc9fcb9
0347031f025efef3
03f803d003900367
0400040004000400
0400040004000400
0400040004000400
0400040004000400
037703f803f80400
000c011d007401c6
ff6bff5bff8cff94
ff8c00c5ffacff23
006cff33fe02ff43
011d018601ae01ce
fff4ff1bff3bfffc
ff33fffcfff400b5
ffa4ff0bff73fe72
ffacff23007c0014
fda2fefbfdeaffd4
fef3fea3fdd2fe0a
ff13fe2afe7afe8b
fee3fe22fdfafef3
ff33ff84ff13fecb
fe52fd9afd31fdda
fe2afd59fca1fd79
ff0bfeabfe5afe7a
fe1afde2fe22feb3
fe12fde2fd71fd92
ff1bff0bff0bfec3
ff53ff3bff33ff33
ff84ff73ff6bff63
ffccffb4ffa4ff8c
fcb9fcc9fd51fd19
fdf2fd51fcd9fcd1
034f032f02a7ffb4
03f803d803a0036f
040003f803f803f8
0400040004000400
0400040004000400
0400040004000400
034703f003f80400
fef3ffccfff4016d
ffccff0bff13ffd4
0044fffcff8cffb4
021eff1bff1b00dd
00ed011d00c501b6
ff84fe7aff1bff63
fed3009500c50105
ffc4ffb40095fe42
ff13ff23fffcfffc
fdd2fe42fe9bff7b
fedbfeebfd8afde2
feebfe32fe42fecb
fe8bfe2afd61fe3a
fefbff73fecbfdaa
fd21fd92fd09fde2
fe0afe1afd82fd11
fe12fe2afd92fdc2
fd21fe22fe72fe0a
fe4afdb2fd51fd21
ff23ff1bff13fedb
ff5bff4bff33ff23
ff8cff7bff73ff6b
ffacffa4ff9cff94
fcb9fcb1fd09fd19
ff43fe12fd19fcc9
0347031f02af005c
03f803d803a8036f
03f8040004000400
0400040004000400
0400040004000400
0400040004000400
032703d003f803f8
003400b501860256
0034ff13feb30014
003c004c00540014
0196ffd4006c0105
004c0044001c0105
ffbcff03fe3aff3b
fef3007c0024004c
feabfe62ffe4fe6a
ff0bff7300340004
fe02fdcaff3bffbc
fe62fed3fe22fdaa
fe72ff0bfe8bfe0a
fe62feebfef3fedb
fedbff43ff9cfebb
fd8afdf2fd82fe12
fdc2fd82fe72feab
fe5a0004ff13fe3a
fd61fe12fe93fe0a
fedbfdb2fd39fd8a
ff2bff33ff2bff03
ff5bff63ff53ff4b
ff8cff84ff7bff6b
ffb4ffb4ffacff9c
fcc1fca1fcd1fcf1
00f5ff6bfd9afcd1
0337031702a70175
03f803d003980367
0400040004000400
0400040004000400
0400040004000400
0400040004000400
0297036703f00400
01de017501f601a6
0064ff7b0034008d
ff63ffbcff9cff63
013d00dd000c0004
0024ffecffac0044
ff84fe6afdd2ffd4
ff4b002c0004002c
ff03fe4afed3fedb
fefbfe22ff73ffd4
fdc2fdc2ff2b001c
fe8bff1bff03fe12
fe3afe62fef3fe32
fecbfefbff6bfe72
ff63ffd4ffdcffe4
fe32fe32fe6afe12
ff6bfed3feb3fea3
fe4afe93ff1bff8c
fe8bff13feabfe0a
fdfafd71fdd2fe22
ff4bff3bff3bfe93
ff73ff6bff6bff5b
ff9cff94ff8cff84
ffc4ffc4ffb4ffa4
fcc1fca1fcb9fcc1
019e0074fe4afd01
032702ff029f022e
03f003b8037f034f
040003f804000400
0400040004000400
0400040004000400
0400040004000400
0226027e03980400
01550135012d0186
009d0014009500dd
ff9cffe4ffd40024
011d0074ff23ff9c
0064fff4ff9c0014
ff2bfe32fe62ffec
fe9bffccfffc0014
ffb4fe4aff7bffe4
fefbfdb2fea3fee3
fe72fe3aff43ffdc
ff4bff6bfec3feeb
fe32fe83fe12fe62
ffacff13fe93fdfa
ffbcff33ff5bffe4
fd39fd29fd92fe6a
fe1afdf2fdaafd69
fdfafde2fe83ff13
febbff53ff23fedb
fda2fe2afe12fe8b
ff5bff43fedbfd8a
ff8cff73ff63ff63
ffacffa4ff9cff8c
ffd4ffccffc4ffb4
fcb1fca9fca9fca9
01ce00edff1bfd51
030702df02970256
03d8039803670337
03f80400040003f8
0400040004000400
0400040004000400
0400040004000400
01a6020e03b003f8
015d00cd013d0236
00cd00b50074013d
ffc4ffe400140014
00a50024ff1bff94
ff7bfeebff23ff9c
ff5bff33ff1bffdc
fe22ff9cff63ff73
ff1bfe6aff23ffb4
fdf2fe3afddafdf2
fe42fe4afee3fe9b
fe6afe52fe0afe2a
fddafebbfecbfe72
fffcff03fdd2fd9a
ff6bfeb3ff53fef3
fdc2fe02fde2fef3
fd01fd09fd21fd19
fe5afde2fdeafdc2
fe2afe93fefbff23
fda2fd39fdaafe5a
ff5bff03fe42fe8b
ff8cff7bff6bff63
ffb4ffacff9cff94
ffe4ffdcffccffbc
fcb9fcb1fc99fc99
01ce00f5ffe4fe02
02df02b702660246
03b003670347030f
0400040003f803e0
04000400040003f8
0400040004000400
03e8040004000400
011501f6037703b0
0125014501d601ae
01650175017d0196
00340014005c00c5
0064ffccff6bffe4
ff73ff4bff43ff73
ff03ffbcffa4ffec
fe6aff94ff13ff2b
fee3fe3afe4aff33
fdd2fdbafdf2fd9a
fdd2fe12fe93fe1a
fefbfe72fddafdf2
fe22fe5afea3fe93
005400edffb4feeb
ff84fe5aff9c0004
fd41fd71fdb2ff94
fdd2fd61fd9afd69
fda2fd59fd9afdf2
fe32fe42fe12fd82
fcd9fcc9fdb2fe3a
ff5bfeebfebbfdc2
ff9cff8cff7bff6b
ffc4ffb4ffacffa4
fff4ffecffe4ffd4
fcc9fca9fc91fc89
01a600ddffe4fe32
02bf028f025e023e
037f033f031702e7
03f8040003f003c0
0400040004000400
0400040004000400
03a003e804000400
00c500dd016d025e
01ce01ee01ae00fd
011501be01d60165
00140024004400e5
0004ffdcffd40024
ffacffc4ff6bff73
ff0bffacffecff9c
fe8bfeebfeb3ff43
fe5afe3afe42fea3
fe4afe22fdeafdca
fe1afe0afec3fe3a
fe72feb3fea3fe4a
ff2bfebbfecbfe6a
0024ffb4ffb4ffa4
ffccfe0afebbffa4
fd39fd29fdb2fe7a
fe2afe42fd19fd49
fe42fda2fd01fd59
fda2fdbafda2fe1a
fd51fd51fdfafd92
ff7bff6bfe2afcd9
ffacff9cff8cff7b
ffdcffccffbcffb4
000c0004fff4ffec
fce1fc99fc99fc89
0165008dff9cfe0a
029f027602660216
034f032702ef02c7
03f0040003d80390
04000400040003f8
0400040004000400
0266038803f803f8
00cd00dd013d0276
0236017d0054ffbc
018601ee01d601fe
00340044009d010d
000c003c005c0044
ffec0024001cffcc
ff9cffac002cffa4
feb3fe42fe62ff3b
fec3fe42fe6afe83
ff0bfeb3fe52fe22
ff23fe93ff2bfec3
feb3fe72fe93ff23
ff53ff1bff03fe7a
ff03ff53ff73ff53
ff94fe72fe32fe8b
fe52fe0afe7afe6a
fe7afe93fe52fd9a
fd51fd9afd9afe12
fdb2fdeafd8afd61
fdd2fe5afe02fd9a
ff84ff43fd82fd59
ffc4ffacffa4ff8c
fff4ffe4ffd4ffcc
0034002400140004
fcf9fc91fc91fc89
0115002cff6bfe0a
026e0256024601de
032f02ff02c7029f
03f803e803b00367
03f80400040003f8
03f80400040003f8
034703e003f803f8
0044022602a7029f
00ed00f5001cff84
010500dd01450165
007400e500fd0115
004c008500740064
005400a500850014
0034004c004cffdc
ff1bfe42fe2aff73
ff63feebfe7afeb3
ffccff53ff4bfee3
ffecff84ffe4ffbc
fe6afeb3fedbff63
fed3fe6afe8bfe72
fe12fe83ff13ff13
ff43ff73fe5afe32
fe83fefbfee3ff2b
fe9bfe22fdb2fda2
fdc2fe12fe2afe4a
fe1afdeafd9afdba
fe12fe6afdc2fdb2
ff8cfe6afd71fde2
ffd4ffbcffb4ffa4
00140004fff4ffe4
005c004c003c002c
fcc1fc81fc91fc89
00d5ffecff43fdfa
02460226020e019e
02ff02d702b70287
03e003a80367032f
04000400040003f0
03f803f804000400
03e803f803f803f8
ff6bffec01d60367
0165011500f50024
005400a500ad00dd
00dd00c500640034
00e500e500bd00bd
00cd00fd00ad00a5
00a500ed00ad005c
ff53fe5afe9b0004
002cffd4ff2bff0b
00bd00640085003c
009d009d00bd00c5
ff43ff73ff9cffdc
ff53ff0bff13ff53
fea3fec3fec3feab
fef3ff2bfebbfe72
ff8cff43ff8cff53
febbfe42fddafee3
fec3feebfe52fe72
fdb2fdd2fda2fe2a
fddafe52fd8afd49
ff43fe0afdfafdb2
ffecffdcffccffb4
003c002c0014fffc
0085007c006c0054
fca9fc78fc99fc91
0054ff9cff43fdea
020601d601c6013d
02df02af028f025e
03a80367032f02ff
0400040003f803d8
040003f804000400
021e02f703b80400
0064ff2bffcc00d5
00a5015501ee0165
0064008d006c007c
00b50074004c003c
015d015d012500ed
0135013501150125
00d50145013d010d
ffa4febbffac00a5
011d00740044003c
019e01ae018e016d
01250135013d0186
004400cd010d00fd
ff94ffc4ffd4fffc
fed3feabff13ff33
ff33ff23ff13feb3
002cff0bfee3ff3b
fe72fe9bff4300a5
fe0afe93ff5bff43
fe2afdeafd92fe7a
fd51fd9afdd2fd8a
fea3fdcafe2afd9a
0014fffcffe4ffc4
006c00540034001c
00b500a500950085
fcc9fc89fc91fc89
ffb4ff23feebfe22
01ae0196017d00cd
02b7028f026e0226
0367032f02ff02cf
0400040003f803b0
040003f804000400
003c007c029f03e8
013d0074002c00b5
00a5010501de01f6
00140024007c0105
00cd009d0054004c
017d017d0145010d
0165016501650165
011d0175017d0165
fffcff9c007c0125
018600fd00dd00b5
01d601de01e601be
018e01a601be01be
0095012501750165
ffe4002400440054
ff2bff4bffc4fff4
ff53ff7bff3bff23
ff33feebfe83ff03
ff43ff63ffecffec
fe3aff8cfefbfe4a
fe62fdeafdcafd8a
fd82fe12fde2fe0a
fdfafd49fd69fd11
00240004ffb4ff4b
009d007c005c003c
00ed00dd00cd00b5
fd41fcb1fcb9fca1
ff73fee3fea3fe83
029f026601a6008d
0287026e027e0297
031702ef02c702a7
0400040003e80377
03f00400040003f8
ffd400dd026e0367
018e00ed0034005c
023601f6020e01f6
005c006c00dd01be
010d00d5007c004c
0196018e015d012d
016d0165015d0175
0155017d01860175
009d00ad00d5016d
01ae017d014d00ed
01b601be01be01be
01ae01b6019e01a6
0155018e0196018e
007400ad00f5012d
ffbc000c00340064
ff94ffdcff7bff9c
fe93febbfe8bfeeb
ffa4ffd4ff84feb3
ff5bfea3fe6aff9c
fe32fd9afd41fe1a
fd8afdd2fd8afeab
fde2fd82fd19fd8a
002cff73ff7bfeb3
00cd00a50085005c
01350125010d00f5
fe1afd09fd09fcd9
ff63fef3fea3fee3
035702e7018e0054
025e024e027e02e7
02c702af028f026e
040003f803c00327
03d003f804000400
ff94ffd4010d0246
01250165010d0064
017d018e015d0145
00040024009d00f5
0135011500b50054
0196019e018e015d
016d016d014d0175
0175017d01750175
013d014d01650186
019e018e017d014d
01a601be01b601a6
01b601c601c601be
014d0165018601a6
00e500fd01350145
0034009d009500cd
ffe4ffbc000c0004
fefbff8cff53ffac
0014fff4ff9cfedb
ff3bfec3ff8cffbc
fd21fcf1fdaaff23
fdf2fdaafd61fdd2
fe22fd71fd31fdb2
0024ff94ff03fe0a
011500ed00bd0085
017501650155013d
febbfe02fd82fd31
ff3bfef3feabfed3
030f02af013dfffc
023e022e022e027e
027e026e025e024e
040003f0038802d7
03e003f803f80400
ff13ff8c01a602f7
011d01ae01350034
ffdc00a500ed00cd
0044000cffecffa4
0155013d00f500ad
01ae01a6019e0175
01860175016d0196
018e017d01750186
017d018e018e018e
01a6018e018e017d
01a601ae01ce01c6
01ce01de01c601ae
018e0196019e01be
011d0105012d0175
00bd00bd00bd00dd
ffb4ffe4001c006c
00ad003cffd4ffdc
004c003c006c00b5
ff94ff6bffd4ff8c
fd11fdc2fef3ff43
fe12fd59fe02fe3a
fdc2fd8afd49fdea
006cfff4fe22fe83
0155012d010500bd
01c601b6019e017d
fef3feebfe4afdba
ff03fed3fe8bfe8b
02af02660105ffcc
021e020e020e0236
023e0236022e022e
03f003c8033f0297
03c00400040003f8
ff0b0115026e026e
0044013d013d0004
ff2bffa4005c0074
006c00340034ffbc
014d0135010500c5
01be01b6019e0165
01ae0196018601a6
018e018e019601ae
01750186018e018e
01c60196018e0175
019e019601a601c6
01c601b6019e01a6
0186018601ae01b6
00e500ed013d0175
00cd00dd00ed0105
ffd400040044007c
ff8cff33ff73ffbc
ff84fedbfebbff6b
fedbffb4ff63ff8c
fde2fe7aff6bff53
fd61fd69fe32fdf2
fdf2fd9afdfafe62
00a50024feabfeeb
01a60175013500ed
021e020601ee01d6
ff1bff5bff0bfdc2
ff0bfe9bfe5afe8b
0307027e0105ff9c
02560276029702c7
01fe0206021e0236
03d0037702cf022e
038803e003e803e0
ff73004c00ed019e
001c000c009dfffc
ff33fefbffcc0034
00ad0074001cffd4
012d011d00fd00cd
01d601be019e015d
01d601b601b601c6
01ae01a601c601e6
01750186019e01a6
01b60186018e0186
01750186019601b6
01b6019e019e018e
017d018601b601ae
00e50105013d0175
00d500e500e500ed
ffcc0004004c00b5
ff23fef3ff3bff94
feebff94ff6bff4b
fed3ff7bff4bff63
fdfafe93ffdcff13
fd19fd39fda2fdea
fe72fd59fd39fdfa
00cd006cffbcff1b
01fe01be01750125
026e025e0246022e
ff63ffccff3bfe1a
fedbfe83fe7afec3
0347026e00cdff53
033f0367035f035f
020e026e02bf0307
035f0307025e01ee
025e02af02c7032f
ffdcffd4005400fd
0014ffccffd4ffa4
ff94fecbff430034
009500850044ffc4
012d010d00dd00ad
01f601a60196016d
01fe01ee01e601ee
01de01d601e601fe
01a601c601ce01d6
019601750165018e
019e019e019e018e
019e01a601b601ae
017d019e01ce01ae
014501650165017d
00cd00f501050125
ffec0014006c00cd
fed3fefbff13ff94
ff73ff9cff3bfeeb
fefbff53ffacff9c
fe2affa4ffd4fe3a
fcd1fd31fd69fd79
fdb2fd01fd21fdda
00fd009d0004fe52
025e021e01c6015d
02d702bf029f0287
ff9c0004ff4bfebb
fec3fea3fe93fedb
036f029f00e5ff3b
0377039803980398
024e02d7031f034f
02a7027e01ee01ce
ffbcffa4001c01e6
ff4bff2bfeb3ff6b
0004ff73fedbff6b
ff9cff33ff13003c
00850085005c0004
014d011500e500ad
01f601c601a6018e
020e01f601fe01fe
020601f60206020e
018601be01e601fe
018e0175014d0165
01de01ce01b60196
01be01d601ee01e6
018601b601de01de
015d016d015d017d
00d500e5010d013d
004c0085009d00e5
ff13ff1bff53ffb4
ffd4ffbcff5bff5b
ff33ff73ff7bffa4
ff23ffecfeabfe5a
fd11fd69fd69fe3a
fd9afd09fdd2fde2
011500a5ffacfe5a
02bf027e021e0196
0337032f030f02ef
ffbc0014ff33ff1b
febbfeb3fe93fed3
03e00337017dff63
03c803e803e803f0
02970327033f036f
020e01ee019601c6
fe1afeabff8c015d
feabfed3fe83fdea
ff6bfeabfe32fe93
ff8cff6bff8cfffc
008d0074004c0024
016d0135010500cd
01ee01ce01ae0196
020601fe020e020e
02060206020e020e
018e01be01de01fe
0186017501650165
020e020601d6019e
01e601f602260226
019e01be01d601e6
01450155016d0175
00f501250135014d
0004007400d50105
ff63ff7bff94ffbc
ffbcffbcff94ff43
ff1bff6bff84001c
fedbfefbfe7afee3
fda2fd31fdeafebb
fd69fd49fde2fe02
010d009dfffcfe3a
032f02d7025601ae
039803900377035f
ffc4ffecff0bff43
fea3fe9bfe9bfed3
03f8037f01deff94
03f8040003f80400
035703d003d003e8
018e0175014d01fe
fdc2fe32ff94010d
fed3fec3fef3fe2a
ff3bfe4afe52fe9b
ff63ff0bff2bff8c
009d007c0054ffec
01750145010d00dd
01f601d601ae0186
020e02160226020e
020e020e0206020e
01b601d601f6020e
01b60196018e0196
02360216020e01d6
01f6021602360246
01b601c601c601de
01550155017d0196
0115014d015d0165
fffc006400bd00fd
ff73ff84ffbcffcc
ffc4ffc4ff6bff23
fefbffccff94ff84
fe22fe0afe93ff13
fd71fd59fd71fd82
fdc2fd31fe02fd92
010d00a5002cfe62
03980337029701c6
03e803e003d803c0
ffb4ffbcfef3ff6b
fe83fe72fe8bfedb
040003b001feff94
0400040003f80400
03b003f803f803f8
011d011d01250236
fddafe52ffac00c5
feabfe22fe6afe83
fec3fe12fe22fe7a
ff63feb3fe7afefb
00ad00850054fff4
017d0155012500fd
020601de01be018e
023e023e023e0226
020602060216021e
01e601fe02060206
01e601ce01c601c6
023e023e0236020e
01e6020602160236
01b601c601be01d6
0155017d019e01b6
01250145015d015d
000c007c00d500f5
ff4bffdcffb4ff94
ffbcfff4ff63ff6b
ffa4fff4ffe4ff94
fe2afddafefbff1b
fd59fd71fd82fdea
fd8afd21fd49fdc2
01050095ff23fd92
03e0039802d701ce
03f80400040003f0
ff7bff73fedbff6b
fe4afe32fe62fec3
040003b801feff5b
040003f803f80400
03c8040003f003f8
00d500ed010d0266
fe8bfefbffdc0095
fe83fe32fe9bfefb
fe52fe22fe02fe4a
ff5bfed3fe4afebb
00e5008d0034ffec
0175015d013d0115
020e01e601c6019e
026e026e0256023e
020e0226023e0256
021e0226021e020e
022e0216020e0206
024e025e025e024e
01fe020e022e0246
01be01c601ce01ee
0165019601ae01c6
0115012d014d014d
0014006c00a500e5
ffa4ff7bff53ffa4
ffccffb4ffa4ff94
001c0004ff3bff8c
fd9afe22ff2bff13
fd61fd19fd92fdc2
fd39fd39fdd2fe02
0054ff4bfdfafcf1
03f803d8030f01b6
03f80400040003f8
ff53ff33fedbff53
fe1afdfafe32fe9b
040003c80216ff4b
040003f803f80400
03e00400040003f8
00ad00c5011502af
ff2bff940004007c
fe52fe42fe3aff9c
fe72fe52fe32fe0a
ff1bfe7afe52fe5a
010500ad0044ffdc
017d015d0145012d
020601e601ce01ae
026e0266024e0236
020e02260236025e
0236022e022e0216
025e024e023e022e
024e0256025e0266
020e0216022e0246
01c601ce01d601e6
019e01ae01c601be
01150145015d017d
001c007400c500ed
ff0bff3bff73ffbc
ff6bff53ffb4ff8c
ff6bff3bff1bff7b
fd51fe6afe6afeeb
fd41fd41fd79fd51
fda2fd69fdcafd39
002c0024fe7afd61
040003f0036701ee
03f0040004000400
ff33ff03feebff0b
fdf2fddafe22fe9b
040003d80236ff23
0400040004000400
03f00400040003f8
00a500b5012d02ff
0014000400340074
fe6afe1afe1affe4
fe72fe42fe3afe4a
ff0bfe3afe1afe3a
011500d5005cffd4
019601750155013d
020e01ee01ce01b6
024e024e023e0226
02060206020e023e
02160216020e0206
024e0246022e0226
022e0236024e024e
01e601f6020e0226
01c601c601c601ce
01ae01ae01c601be
011d014d016d01ae
0024007c00d500fd
fee3ff1bff84ffec
ff4bff9cff94ff2b
fedbfe9bfe83fecb
fddafe42fe1afe93
fd59fd71fddafd61
fe42fdb2fd39fd49
01e6011dfeb3fe83
0400040003d802ef
03f8040004000400
fefbfeb3fecbfec3
fe2afdf2fe22feab
040003e0026eff43
0400040004000400
03f8040004000400
009500ad01650357
002c0034004c0074
fe2afe12fe2afff4
fe12fe4afe22fe5a
ff0bfe1afdc2fe12
012d00f5007cffd4
019e0186016d014d
020601ee01c601b6
023e023602260216
01fe01f601f6021e
01ee01fe02060206
02160206020601f6
020e021e0226021e
01ce01d601ee0206
01b601b601b601b6
01ce01be01ae01ae
01050155018e01c6
003c006c00c500e5
ff13ff6bffbc001c
ff4bff63ff53feeb
fed3fe8bfe8bfef3
fdeafe42fdf2feb3
fd92fdcafe02fd92
fdfafdbafd51fdba
029f0105ff9cfe8b
03f80400040003a8
04000400040003f8
feb3fe52fe8bfe9b
fec3fe3afe32fe93
03f803f8030f0024
0400040003f80400
0400040004000400
008d00a501be03a0
0074004c0054007c
fe22fe02fdeaffec
fdaafdeafdeafe1a
ff03fe22fdb2fdb2
012d0105008dffec
019e018e016d014d
01d601be01be01ae
020e020e01fe01e6
01e601de01de01e6
01d601d601e601f6
01e601d601de01d6
01f601fe020601fe
01be01c601de01ee
01a601ae01b601b6
01d601be01a601a6
012d017501a601be
0054007c00c500e5
ff43ffc4001c004c
fedbfee3fed3fef3
fedbfec3fec3ff33
fdaafdfafe2afe5a
fd8afdeafd82fdf2
fd71fd82fcf9fd79
0327024600b5fe1a
03f80400040003e0
04000400040003f8
fe7afe1afe7afe8b
ff8cfe83fe52fe83
03f8040003770115
0400040004000400
040003f803f80400
008500b5021603c0
0064005c0064007c
fe7afdaafdd2ffcc
fd61fd9afdeafe0a
ff2bfe22fdb2fd69
013d011500b5000c
018e017d015d0155
01ae019e018e019e
01e601ee01ce01be
01ce01be01c601d6
01de01de01de01de
01be01be01be01c6
01fe01f601fe01d6
01c601de01de01ee
0196019601a601ae
01ce01be01ae019e
0145018e01b601be
006c008500c500ed
ff8c00140054006c
fedbfe8bfe9bfefb
febbfeabfef3ff13
fdb2fde2fde2fe02
fd92fd82fdf2fe12
fd82fd51fd71fd41
039802e7005cfec3
03f803f8040003f0
03f803f804000400
fe3afde2fe62fe9b
0054fec3fe62fe6a
0400040003a001d6
0400040004000400
040003f804000400
008d00cd028f03e0
00540064006c007c
fe6afd9afd71ff84
fd21fd92fe0afe2a
ff4bfe42fdbafd61
012d011500cd0034
015d016501450135
017d016d016d0165
01c601c6019e0186
01b601ae01c601d6
01e601e601ce01ce
019e019e018e019e
01de01de01c601a6
01d601d601c601ee
017d0186019601be
01c601b601ae0196
0145018e01ae01be
0085009d00cd0105
ffcc003c006c0074
fe93fe42fe62ff13
fe93fefbfeabfeab
fdfafdd2fe22fe0a
fd31fd61fdd2fe22
fe22fe2afe1afd59
03d002ef00f5003c
04000400040003f8
03f8040004000400
fe12fdaafe32fea3
00b5ff2bfe6afe52
0400040003b8023e
0400040004000400
0400040004000400
008d0105030703f0
005c006c006c007c
fe22fdf2fda2ffdc
fd21fd51fdfafe22
ff5bfe6afdf2fd9a
011d010d00c50054
012d0125010d0115
0145013d014d013d
01ae01b6016d0145
01a6017d01b601be
01f601ee01de01c6
0186018e01650165
01c6019601ae0196
01ae01ae01b601d6
01860186019e01ae
01b601ae019e01a6
0155019601a601be
00a500bd00f5011d
000c0054006c008d
fe5afe1afea3ff63
feebff03fe6afe9b
fddafe52fe7afe4a
fd09fda2fe1afe52
fe7afe1afdb2fd21
03e0034f026600ed
04000400040003f8
0400040003f80400
fde2fd79fdfafe93
0125ffb4fe6afe0a
03f8040003c00297
0400040004000400
0400040004000400
008d014d035f0400
006c0064006c0074
fdd2fde2fddaffdc
fd39fce9fd39fdf2
ffa4fe9bfe2afdba
010500f500ad0074
00f500d500e500f5
01050105010d0115
01750175011d00fd
01960165019601a6
01c601e601de01be
01650165013d013d
01ae0175017d016d
0175018e01860175
01ae019601a6019e
01750175016501a6
015d016d016d0175
00ad00d5011d0135
0024005c00740095
fdfafe93ff33ffac
fefbfe6afe4afe5a
fd92fe4afecbfe83
fd29fd92fe22fe6a
fe4afd82fd59fd79
03f003a0030700fd
04000400040003f8
0400040003f803f8
fdbafd59fdbafe7a
0175001cfe6afdda
0400040003d802e7
0400040004000400
03f803f804000400
009d01be03980400
005c0064006c0074
fdd2fddafdb2ff9c
fd51fcf1fcf1fd59
ffdcfed3fe4afdda
00fd00e50095006c
00a500ad00cd00e5
00d500bd00a500ad
0155011500c500bd
0196014d018e019e
01b601de01ce01be
015d013d010d012d
0155014d01550155
0165015d01350135
015d0186019e0175
008500b500dd0105
0145013500f500ad
009500d5011d013d
0014004400340064
fe83ff13ff94ffd4
ff0bfe5afdd2fdfa
fd92fdc2fe0afeab
fd79fdfafd82fd9a
fe4afe0afda2fde2
03f003a802f700c5
04000400040003f8
0400040004000400
fdaafd59fd82fe3a
01c60064fe72fdd2
0400040003e8030f
0400040004000400
03f803f804000400
00ad023603c80400
004c005c0064006c
fddafdcafd69fef3
fd71fd01fd09fd41
ffbcff13fe83fe0a
00cd00850054001c
008500a500bd00c5
0085006c004c0064
010d00c50074006c
018e010d015d0155
01b601d601b601be
012d0135010d0135
0145015501550135
011d011d010d012d
00dd00fd010d0115
ff84fffc0034008d
004cffecffb4ff73
009d00d500ed00b5
0024004400540074
ff1bffacffccfff4
fe42fe22fdfafe5a
fdeafdfafe2afee3
fdaafd8afcf1fd8a
fdbafd31fd31fd92
03e8038802bfffd4
03f803f8040003f8
0400040004000400
fda2fd39fd59fdf2
01e60085fe83fdd2
0400040003f0032f
0400040004000400
03f803f004000400
00d502af03e00400
00440044005c006c
fd8afdcafd92fecb
fdcafd29fd11fd39
ff53ff0bfe9bfe4a
000cffacff6bff6b
005c005c003c001c
002c00240004001c
00bd00640014002c
014500cd010500fd
015d019e01c6019e
00d500f500e50125
010500e500ed00d5
ffd4001c008500bd
ffdcffecffd4ffcc
ff4bff9cffccffcc
ff23ff33ff43ff23
007c005cffe4ff53
000c002c004c005c
ff7bffd4ffd4ffe4
fe3afe8bfe5afeab
fddafe3afe2afe4a
fd71fd21fd29fde2
fd51fd71fd61fd79
03c80347024eff1b
03f00400040003f0
03f803f804000400
fd79fd31fd41fdaa
01fe00c5fea3fdb2
0400040003f0033f
0400040003f80400
03f803f004000400
012d032f03f80400
00340044005c0074
fda2fdb2fd79febb
fe0afd8afd09fd49
fe83fecbfe9bfe62
ff73ff03fe8bfe32
ff53ff33ff53ff6b
ffacff8cff6bff3b
0074002cffecffdc
00ed008500a500ad
01450175019e014d
008d00a500bd00ed
ffc4fffc00040064
fe22fe7afeabff2b
ff33ff73ff23fe72
ff4bff8cff43fefb
ff1bff3bff5bff43
ffacff63ff4bff33
fffc000c000cfffc
ffb4ffccffdcffec
fe93fe8bfeabff3b
fdfafe2afe22fe52
fd71fd8afd59fdca
fd09fd9afd59fd8a
039802ff01d6fe42
03f80400040003f0
03f8040004000400
fd49fd39fd39fd51
01ee006cfe5afd8a
0400040003f8034f
0400040004000400
03f003f804000400
01a60390040003f8
00240044004c007c
fdc2fdf2fd39fedb
fe3afdc2fd09fd21
fd69fdcafe32fe72
fe8bfe0afdcafd61
fe7afea3feabfe9b
feabfe5afe62fe8b
ffdcffacff7bff2b
00a5003c005c003c
013d018e017d0125
002c003c004c00cd
febbfefbff53ffd4
fdaafddafe0afe52
fe8bfebbfe6afdea
fef3fecbfe93fe8b
ff33ffb4ffdcff6b
ff3bff0bfec3fec3
ffd4ffd4ffdcffac
ffbcffc4ffc4ffd4
fe3afe2aff23ffa4
fe52fe4afe3afe4a
fd41fd29fd82fdda
fd19fdaafdaafdea
035702c701cefe52
04000400040003e0
0400040004000400
fd21fd39fd49fd31
01d60024fe3afd61
0400040004000367
0400040004000400
03f0040004000400
023e03c8040003f8
001400340044009d
fdb2fe52fd61ff33
fe4afdf2fd21fce9
fd21fd31fd92fe2a
fe02fd9afd69fd51
fe0afe22fe4afe2a
fdbafd79fda2fdea
ff4bfee3fe9bfe2a
004c0014ffacff8c
0115016d014d00b5
ffbcffc4000c0095
fe0afe4afeebff63
fd9afd79fd8afdca
ff8cff63fea3fdca
ffd4fefbfea3fecb
ff9c019e02e701b6
fe42fe3afe5afecb
ffecff7bfecbfe5a
ffb4ffb4ffbcffec
fdfafeb3ff63ffb4
fe0afddafe22fe2a
fd69fd8afdcafda2
fd39fdb2fde2fdf2
02f7025e018efe52
0400040003f803c0
04000400040003f8
fd11fd21fd61fd59
01b60014fe4afd61
040004000400037f
0400040004000400
03f00400040003f8
02c703e0040003f8
001c002c004400d5
fd31fe02fdaaff5b
fe5afe1afd69fcd9
fd19fd09fd49fdd2
fd82fd59fd31fd19
fd9afdb2fd31fd61
fd09fd31fd71fda2
fe32fdbafd71fd19
0034ffb4feebfe62
00f5012501050085
ff33ff63fff40054
fdfafda2fe02fecb
feabff2bfe62fe32
fe0afe2afe72fe72
0155fecbfe02fdfa
ff4b013d03a003b0
feabfeabfecbfef3
fed3fe1afe4afe83
ffccffbcffbcffd4
fe3aff1bff84ffb4
fda2fdfafe12fe3a
fda2fdd2fdf2fd92
fdbafda2fd8afdca
026e01e60135fe8b
0400040003e80367
0400040004000400
fd19fd29fd79fd82
01e6004cfe72fd51
04000400040003a8
0400040003f80400
03f0040004000400
033703f0040003f8
00240034004c0155
fcf1fd92fddaff73
fda2fdb2fd92fcf9
fda2fd51fd31fd61
fe2afe1afe12fdda
ff03fea3fe6afe52
fd61fe3aff23ff4b
fd21fd09fd21fd39
0034ff6bfe52fd9a
010d013d00e5007c
fe62ff53fffc007c
fdf2fe12fdfafdfa
fd49fe7afd92fda2
fe52fdcafd59fd01
011dff3bfeabfe8b
fe4a001402c70327
fe5afe32fdeafdd2
fe02ff4bff03fe72
ffd4ffdcffbcff5b
fe72ff53ffa4ffbc
fe2afe3afe12fe12
fdbafdd2fdbafdba
fda2fdaafd82fdba
01de017500e5fe3a
0400040003b802df
040003f804000400
fd11fd19fd69fdb2
026e00a5fe7afd41
04000400040003c8
0400040004000400
03e8040004000400
039003f8040003e8
00240034007c01f6
fcb1fd29fdd2ff53
fddafdd2fda2fd09
fdeafe02fdf2fdfa
fd92fdaafdeafde2
fdf2fddafdb2fdaa
fe62fe2afe02fe02
fd11fdd2fe52fe3a
0044ff23fdc2fd49
012d014500c50095
fdb2febb000c0095
fcc9fcd1fd21fdaa
fd49fd21fcf1fce1
fef3fe62fe1afdb2
014d007cfffcff84
ff13001401ae01f6
fd9afd8afdbafe4a
fee3ff6bfea3fde2
fefbfe52fe1afee3
feb3ff5bffc4ff94
fec3fe42fddafe52
fdd2fdfafdc2fe3a
fd9afd79fd69fdc2
0145011500c5fe52
03f803c8031f021e
040003f803f803f8
fd11fd19fd41fdb2
02df0115fe72fd49
04000400040003d8
0400040004000400
03f0040004000400
03b803f803f003d8
000c002c00cd028f
fdf2fd39fda2ff5b
fda2fe1afe83fe4a
fd59fd61fd49fd39
fd92fdaafd9afe1a
fcb1fcd9fd01fd71
fd09fcd1fca9fca1
fea3febbfe8bfd82
ff84fe7afd39fe3a
00fd00c5ffbcff84
fdc2fea3ff2b000c
fd79fd31fce1fd11
fdeafdcafd92fd71
fd51fd21fd41fdea
001cfecbfdd2fd82
ff94ffd4008500bd
fde2fe32febbff33
fe93fe93fddafdb2
fd31fc89fc81fdfa
fea3ff03fea3fde2
fe8bfe1afdfafe52
fe1afde2fe12fe8b
fd9afd8afd79fde2
00bd00c50074fe62
0377030f02460145
03f003e803d003a8
fd19fd29fd39fd92
0317017dfe9bfd51
0400040003f803d8
0400040004000400
03f0040004000400
03d003f803d803d0
fff4002c015d0307
fe5afe0afda2ff8c
fd82fdeafe7afe7a
fdbafd29fd31fd41
fd69fdeafe7aff43
fc89fcc9fd01fd11
fca1fcf9fce1fc91
fecbfe02fd92fcd9
fd92fcf1fc78fd51
fe8bfe4afdcafdba
fe02fe6afd31fdc2
fe42fe4afddafdb2
fe83fdaafe12fe5a
fd21fcd9fd69ff9c
fe62fdcafd39fd9a
ffdcff03feebfe8b
ff0bff2bff53ff94
fe2afe2afe52fec3
fcf9fc78fc50fd19
fe32fddafda2fd71
fe3afdeafe12fe4a
fdbafde2fe72fe7a
fd92fddafdb2fe22
0044005c000cfe6a
019e019e012d007c
036f0327028701de
fd39fd29fd41fd61
0327019efec3fd49
040003f803f803d8
040003f804000400
03f00400040003f8
03d803e003c003c8
fecb004c020e035f
fe5afe2afd69fe02
fd82fdfafe83feab
fe22fda2fd41fd41
fd09fd31fd82fe2a
fcb1fd09fdcafd79
fce9fe3afe22fce1
fdaafdb2fe12fd31
ffccfe62fcd9fd51
009500bd00bd0074
fe8bfe0afe3affec
feabfeabfeb3fe8b
0014feabfde2fe72
fd49fd01fd9afffc
fd9afd9afdaafe9b
fe7afdb2fde2fe02
ffb4ff73ff3bff13
fe02fea3ff8cffcc
fe52fc89fc40fca9
fdb2fdaafdaafe5a
fe32fdb2fdeafdfa
fdb2fddafe2afe7a
fd82fdbafdd2fde2
ffd4ffe4ffacfdfa
ff4300240024ffe4
0226014dffbcfeb3
fd49fd41fd39fd39
032701cefef3fd39
040003f803f003d0
0400040004000400
03f0040004000400
03c803c003a003c8
fd11007c02a70390
fe83fe2afcc9fc60
fd82fde2fe62feab
fe2afe22fdcafd9a
fd49fd31fd31fdb2
fce1fd69fee3fe42
fce9fe52fdaafcc1
fd71ff1bffdcfd8a
00edfec3fd21fdc2
012501ee023601d6
fe7afe2afe930024
feabff84ff94ff0b
0105fffcfe62fe1a
fcf9fd09fe0a0085
fd39fd51fd59fd31
fd92fd9afe62fe52
ffa4ff5bfecbfe1a
fdeaff03fff4ffdc
fe83fd11fd29fd31
fdaafdaafdd2ff03
fdc2fd9afdb2fdb2
fdf2fd9afe3afebb
fd79fd9afd71fdea
ff9cffb4ff8cfe12
fee3ff8cff94ff84
0085ffd4fea3fe1a
fd41fd69fd69fd59
032f01deff13fd41
03f803f003e003c0
03f803f803f803f8
03f003f803f803f8
03a80398039003c8
fd21012503070390
fe83fe72fcd9fc68
fe4afe22fe22fe5a
fe12fe52fe7afe8b
fdb2fd39fd01fd79
fcf9fe22ff9cfee3
fd21fd31fcf9fcc9
fdfa004c00bdfe72
01ceff8cfd41fd9a
01ae024e02760246
fe32fdfafe32004c
ff0bfef3ffd4ff3b
00adffc4fef3ff3b
fcf9fd51fed300ad
fdd2fd49fd29fd19
fdc2fdf2fea3fee3
ff33feebfea3fe32
fe5aff1bffccff9c
fdc2fdeafe1afe12
fe1afdf2fde2fdda
fdaafd9afdb2fdfa
fe0afe12fea3fe32
fd31fd82fd49fde2
ff7bff8cff6bfdd2
fee3ff33ff4bff5b
ff53ff13febbfe83
fd49fd61fd9afd82
032701deff2bfd82
03e003d803c803a8
03e803e003e003e0
03e003e803e803e8
03900377038803c0
fd5101c603470390
fe32fe62fce1fc60
ff13fefbfeabfe6a
fdfafe93fefbff1b
fe0afd92fd31fd59
fdf2febbff03fe8b
fe7afe93fdfafdc2
fe52ff84ff84fefb
022600adfd71fd71
01ce025e02a70297
fe62fdbafe220074
ff3bff33ff4bfe42
ff13fec3febbff0b
fe1afe6aff1bff63
ff03fecbfe93febb
fe52fe5afeabfef3
ff03ff6bff63feb3
fe83ff23ffe4ff7b
fdb2fdd2fdd2fdf2
fd8afd92fd82fd8a
fdc2fdfafe12fdea
fdc2fe42fdfafd82
fd19fd71fd69fe1a
ff5bff6bff5bfdc2
fee3ff0bff23ff3b
fec3feabfeb3fec3
fd61fd51fda2fda2
031f01eeff1bfd82
03c003b803a80390
03d003c803c803c0
03d003d003c803d0
036f035f038803b8
fdfa0256035f0388
fe6afe0afce1fca1
ff63ff73ff7bff23
fde2fe93ff23ff63
fe22fe12fdbafdb2
fe7afe5afe4afe2a
ff3bff6bff03feeb
fe7aff63ff5bff43
025e016dfe52fd01
01ce023602af02bf
fe5afda2fe930095
ff84ff9cff5bfdaa
fe9bfeb3fefbff3b
fee3fea3fe8bfedb
ff03ff23fedbff8c
fef3fee3fedbff2b
fff40024ffdcff53
fe5aff23ffe4ffdc
fdf2fe2afe2afe02
fcd9fd31fd69fd9a
fdb2fd71fd01fcb9
fda2fe32fd82fdba
fd51fdcafdc2fdf2
ff43ff53ff5bfd92
fedbfef3ff03ff1b
fe93fe9bfeabfebb
fd79fd59fd92fdaa
031f023eff5bfd9a
03b003a803980377
03b003b003b003b0
03b003b003b003b0
0357034f037f03a0
004402ef035f0367
ff03fdf2fd01fd82
ff8cff9cffbcffac
fe52fe9bff03ff73
fe93fea3fe5afe5a
fea3fe8bfea3fea3
ffbcff8cff1bff03
fe83ff7bff84ffc4
029701f6ff94fcf9
019e021e029702c7
fe2afdfaff6300cd
ff23ff4bff2bfeab
fedbfecbfef3ff33
ff0bff23fed3fef3
ff23ff23fee3ff84
ffacff53ff3bff63
005c007400440004
feb3ffb4004c002c
fe93fe6afe42fe22
fd49fdaafe22fe6a
fcc1fcc9fcf9fcc9
fd82fdd2fd39fd09
fe0afd8afdd2fdca
ff33ff63ffecfedb
fecbfedbfef3ff13
fe7afe93feb3febb
fdb2fd71fdcafdca
031f028f0004fe42
03980390037f0367
0390039003900398
0390039803980398
032f034703770390
024e031f034f0347
ff6bfe02fd51ffd4
ffe4ffd4ffccffbc
feb3fee3ff43ffcc
fed3fec3fecbfe7a
ff53ff33ff23ff03
ffd4ffe4ffb4ff73
fdeaff23ff73ff8c
02df0226009dfd92
016501fe027e02e7
fdf2fecbffd400dd
ff43ff4bff23ff1b
fedbfed3fef3ff2b
ff8cff33ff0bfefb
ff4bff6bff73ffbc
fff4ffb4ff7bff63
00950085006c0034
ffecffdc00a50095
ffecffacffac000c
fed3ff5bffacffdc
fd49fdc2fd9afdca
fdaafd29fcb1fcb9
fffcfdcafe02fdea
ff5b007c012d0125
febbfec3fedbfefb
fe8bfea3feabfeb3
fe12fd79fde2fdd2
031702b700c5ff0b
036f036f035f034f
036f036f03770377
0377037703770377
031f033f03670377
02cf031f032f0327
ff84fe4aff4301be
00540034fff4ffdc
fefbff53ffb40024
febbfec3fec3feab
ff33ff33ff13fed3
fef3ff13ff43ff43
fd9aff03ff33ff03
03070246011dfe6a
013d01ce025602df
fdeaff53002400ad
ff5bff3bff7bfe93
ff4bff23ff33ff7b
ff94ff7bff7bff6b
ff94ff8cff84ffa4
fffcffdcffbcffac
00cd00ad008d0044
0054fffc00d500fd
007c009500a500ad
ff84fffc002c0034
fd8afd61fdcafe9b
fd8afce1fd11fd79
007cff2bfde2fda2
fffc009d00ad008d
feb3fec3fed3ff0b
fe9bfeabfeabfeab
fe62fd61fdb2fdea
030f02d701a6ff9c
035f0357034f033f
035f035f035f035f
0357035703570357
031f033f0357035f
02ff030f031f0317
ff6bfe83008d025e
006c006c0034ffec
ff63ffc4003c006c
feebff33ff1bff1b
fecbfeb3fe8bfe9b
ff43ff1bff13feeb
fecbff03ff5bff63
02ff02760186ff9c
0115018e023602bf
fee3ffd4005c009d
ff4bffd4ffa4fe5a
ff94ff94ffccffb4
fffcffacff94ff94
0014ffecffcc0014
003c0034000c001c
011d00b50095007c
006cffa4008d0155
009500bd00c500c5
ffc4000400140034
fd71fd39fdcafef3
fd69fd61fe2afdfa
0014ffe4fec3fdda
0024ffdcff94ff9c
feabfebbfed3ff84
fe9bfeb3feabfea3
fe93fd49fd82fdfa
030702ef025e0074
0347033f03370327
0347034f034f0347
033f0337033f033f
030f032f033f033f
02ef0307030702ff
ff4bfe62003c01fe
009d0064000cffec
ffc4002c0074008d
ff5bff7bff43ff4b
ff4bff33ff43ff33
ffacffbcffdcff94
ff53feb3ff23ffc4
02f7029f01ce009d
0115018e022e02a7
00040085008d00ad
ffb40004ff4bff7b
003c00540014ff94
005c003c0014002c
00540034001c0044
00a5008500740064
00ed012d011d00ed
007cffacff73004c
008500b500b5009d
ffbcffe4001c0044
fdbafdbafecbff94
fdf2fe12fe62fe42
ff13ffa4ff4bfe8b
ff53fe22fd49fd82
feabfeb3ff13ffe4
fe6afea3fea3fea3
ff7bfd71fd71fdda
02ff02ef02c701ce
03270327031f0317
033703370337032f
031f031f031f0327
0307031f03270327
029f02ef02e702e7
fe2afdeaff2b00c5
0064003c0014ffc4
002c006c008d0074
ffe40004fff4ffdc
ffecffe4ffbcff9c
ffcc000c000c000c
0024fee3ff13ff9c
02e702c701fe011d
012501ae0216028f
00e500fd00dd00d5
ff1bfefbff7b002c
008d00540004ffa4
00f500dd00b500b5
003c007c00cd00dd
00340054005c003c
ffe4001c002c002c
00cd002cff6bffbc
007c00bd00c500cd
fff4001c002c002c
fe6afedbff8cffdc
fe9bfe02fe3afe52
fdc2feebff43fef3
fe5afd82fdaafdba
feabfeb3ffbcffd4
fe12fe7afea3fea3
0165feb3fd69fdca
02ff02ef02df02af
030f030f030f030f
031f031f031f031f
0307030f030f0317
02f7030f030f030f
024602d702d702df
fda2fd82fdcaff23
004c0024ffccff13
009d00ad008d0074
008d00b500cd00ad
0024004c00540064
0014000cffccffdc
00e5ff8cff4bffcc
02d702f70246017d
017d01de01fe0266
010d011500ed0115
ff7bffdcfffc008d
ff33ff3bff2bff4b
ff63ff43ff13ff13
ff4bff33ff3bff53
ffccff9cff7bff5b
003c0054004c0014
00c500d500b5006c
004c00e5010d00ed
fffc001c000cffe4
fed3ff73ff94ffe4
fea3fe0afdfafdfa
fea3fe42feebff33
fe9bfe93feabfec3
fea3feebfffcff94
fd82fe3afe9bfea3
029f00edfe32fdaa
02ef02e702e702e7
030702ff02ff02ff
03070307030f0307
02f702ff03070307
02ef02f702f702f7
020e02d702d702e7
fd9afd29fd01fe3a
ffccffbcff73feb3
008500740034fffc
00fd011500f500cd
000c006400bd00ed
0074004c000cffdc
015d0064ff6b0014
02b702ff027601ce
01de020e02260256
010d0145016d018e
0034002c006400c5
009d009d007c0074
00140024002c004c
00b5005c0024000c
012d011d011d00ed
0135013d015d0155
00ed010500ed010d
007400f500dd00ad
ffecfffcffccffe4
ff43ff8cff94ffc4
ff03feabfdcafe1a
ff94ff5bfe8bff3b
ff1bff13fed3fefb
fe9bfef3000cffac
fcf1fdf2fe8bfea3
02d70266003cfe32
02d702d702df02df
02f702ef02ef02e7
02f702ff02ff02f7
02df02ef02f702ef
02df02e702e702e7
01fe02c702cf02e7
fd82fcf1fcd1fdfa
fec3fee3fee3fe52
004cffecff7bff13
011500f500bd009d
00ad00d500ed010d
007400bd00c500a5
019e0115ffecffe4
02760297024601de
01f6022e023e024e
01050135018e01ae
0044006c00dd0105
015d011500c50085
01a601a60186017d
01ee01ce01ae01a6
01ce01e601f601f6
0145016d019601ae
011d0135010d00ed
008d00bd00ad00dd
fff4ffe4ffcc0024
ff23ff8cffbcffd4
ff8cff73fedbfe8b
ffacfffcff7bff33
ff73ff5bfef3ff23
fea3ff4bffe4ffac
fcd9fddafe83fea3
02df02cf01e6ffcc
02d702df02df02df
02e702df02df02df
02e702ef02ef02ef
02df02e702ef02e7
02d702df02d702d7
020e02bf02bf02cf
fd61fce9fcc9fdfa
ff0bfe83fe0afdc2
00c5008d0024ffac
010500f500e500d5
009d009d009d00dd
0014005c009500a5
01a6017500d5000c
0246024e021e01e6
01e60206022e0236
00a500ed015d019e
008500d5010d00ed
011d00fd00b5007c
01b6019e01750155
01fe01e601de01d6
01fe020602060206
014d017501a601ce
012d013501250115
008500bd00e500ed
fffcffdcffe4003c
ff23ff94ffc4ffe4
ffdcffe4ffacff03
ffc4fff4ffe4ff84
ffa4ff84ff0bff53
fec3ffdcffc4ff73
fd69fe1afe8bfea3
02d702d702760135
02cf02cf02cf02cf
02df02d702d702cf
02df02df02df02df
02d702d702df02df
02cf02d702d702d7
020e02bf02c702c7
fd49fcc9fcb9fdea
ffd4ff43fea3fde2
0095008d007c003c
00b500ad00ad00a5
0074006400640095
0014002c006c008d
01a60175011d006c
020e020e01ee01c6
01ae01be01ee01fe
002c008d0125017d
00bd00ed00c50085
010500d500a5008d
015501450135012d
01be01a6016d015d
01e601de01e601de
0175019e01be01d6
0125011d0125013d
009500c500dd0105
fff4ffec00140064
ff43ff7bffa4ffe4
ff9cffe4ffc4ff23
ffdcffecfff4ff8c
ffdcffacff1bff73
febbffc4ffdcff6b
fe3afe7afe9bfea3
0297028f026e01de
02bf02af029f0297
02df02d702cf02c7
02cf02cf02d702d7
02cf02cf02d702d7
02c702cf02cf02cf
020602b702bf02bf
fd59fca1fca1fde2
0004ff84ff03fe52
002c0024005c005c
0095008d0074004c
005400640074008d
0004003c00640074
019e015d011d0085
01ee01de01b601a6
014d012d018601c6
002c005c00f50155
00a50085007c0064
010d00e500bd00bd
01150105010d011d
016d015501250115
01ae018e017d0165
0175018e018601a6
00f50115012d015d
006c008500cd00f5
ffecfffc00140054
ff63ff7bff9cffe4
ff23ff9cff9cff1b
fff400240064ffe4
002cffc4ff33ff94
ff03001c0004ff9c
fe6afe93fec3fec3
02560236020e01d6
02560246024e025e
0287026e02660266
02af02a7029f028f
02bf02bf02b702b7
02b702bf02bf02bf
01de029f02af02a7
fd71fc91fc91fdca
ffecff73fefbfe5a
fff4ffd4ffec002c
008500850074004c
00640074006c007c
fffc003400640074
018e014d00f5009d
01ee01ce01a601a6
00fd00fd014501b6
00e5008500ad00fd
006c007c00ad00ed
011d012500fd00b5
010500fd00fd010d
01450125010d0105
017d016d01550155
01550145013d016d
00e500fd01250145
0014005c00b500dd
ffdcfff400040044
ff73ff73ff8cffc4
fe4aff2bff5bff23
fffc0024003cff7b
005cfff4ff53ffa4
ff330024fff4ffac
fe1afe3afec3feeb
017d00f5003cff8c
01b601be01ce01c6
012500f50125018e
01b60196016d0145
021e020e01ee01ce
024e02460246022e
013d022602560256
fd82fc89fca1fdea
ffccff5bfef3fe83
0004ffd4ffbcffdc
006c006c0054002c
006c0074006c0064
0034fffc00540074
016d013500e500c5
020601e601ae018e
00d50115014d01ce
015500c5008500bd
005c00cd01250165
00ed00ed00c50064
011d010d00f500ed
01650145013d0125
015d0165018e0186
011d00fd012d0155
00d500dd010d0115
0024004400b500cd
ffe4fffc000c003c
ffa4ffacff94ffa4
fdaafe62ff23ff43
ffe4ffdcff94fecb
0044ffecff53ffac
ff03ffd4fff4ff9c
fe8bfdd2fe2afe93
fe0afd8afd29fcf9
0044ffb4ff13fe7a
ffecffdc00140064
0024000cfffcfff4
006c005c003c002c
00bd00a5009d007c
feeb000400b500cd
fdb2fc99fcc9fdfa
ff9cff73ff03fe93
fff4ffccffb4ff94
006c0054003c0014
005c007400950085
0095ffd4fffc003c
014d010d00b50085
0256020601a60165
009500e5015501fe
012500a5004c005c
002c00d501250135
009d009d008d0054
016d014500ed00a5
017d018e017d0186
013d016501960186
00cd00ed011d0135
00b500cd00e500ed
0044004c008d00ad
ffe4000c00140044
ff9cff9cff94ff94
fe1afe1aff13ff73
ffbcffa4ff84feeb
0014ffc4ff5bffb4
fe9bff9cffe4ffa4
ffd4fe52fd82fdc2
fc99fca1fcb1fcc1
ffd4ff53fde2fcc1
ffccffccffccffdc
ffb4ffb4ffb4ffc4
ff7bff8cff8cffa4
ff33ff5bff63ff73
fd39fd82fe2afed3
fda2fc91fd31fdca
ff53ff5bff03fea3
ffacff9cff94ff53
00850074004cfff4
0054008d00850095
003cffe4ffc4000c
010500cd003cffec
02060186014d012d
0004003c00d501ae
00640014ffdcffe4
ffc4003c0095008d
008d009d008d0014
0165010500a5007c
01be01fe01be018e
01050135015d0196
00cd00e50105010d
00b500b500c500cd
001c0034006c0095
ffdcfffc0004002c
ffa4ff8cff94ff8c
fe72fed3ff73ff8c
ffecffdcffc4fec3
ffe4ff94ff7bffec
fdcaff33ffecfff4
00edffbcfe1afd59
fcd9fce1fcf1fd11
0004002cfec3fd21
ffc4ffbcffb4ffa4
ffacffbcffbcffc4
ff6bff73ff7bff94
fe93ff1bff3bff53
fcf1fd19fd61fdda
fdbafcb9fdd2fd9a
ff33ff3bfefbfea3
ff1bff6bff84ff4b
007c008d004cffc4
0024004c004c005c
ff5bffb4ffbcffe4
00a50034ff73feeb
00dd00c500cd00cd
ff4bff84002c00ad
ffa4ff7bff63ff53
ff63ff73ff8cff9c
00c500d5009dffdc
00bd00950085009d
01d601ee017d0145
00dd010d012d0175
00cd00c500cd00cd
00a500ad00b500a5
000400240054006c
ffc4ffe4fffc000c
ffc4ffacff84ff7b
ff1bffe4fffcffb4
0024fffcffd4feeb
ffccff84ffac003c
fd79fe9bffbc000c
015d00d5ff94fe12
fd61fd51fd51fd61
fe83ff1bfe72fd92
ffc4ffbcff53fe6a
ff9cffa4ffb4ffc4
ff63ff6bff6bff84
fdfafeabff23ff43
fd59fdfafe83fe32
fe22fd19fe0afd71
ff1bff23ff13feab
ff6bff6bff6bff4b
004c0064004cffdc
fffc001400240034
fe62fef3ff7bffc4
fff4ff73fe9bfe02
0004001c002c0024
feabfef3ff6bffcc
fee3fee3feabfe8b
feebfedbfef3feeb
00d500d5008dffa4
00440054006400a5
0196019601050064
01050115012d0165
0095009d009d00bd
005c008d008d008d
0004003400440044
ffb4ffecfff4ffec
ffacffa4ffa4ff7b
fffc00640024ffc4
00c5fff4ffbcff8c
ffacff73ffcc00dd
fe02fdbaff33fff4
017d015d00c5ff73
fd51fd31fd11fcf9
fe2afebbfe32fd92
ffccffbcfef3fdca
ff8cff94ffa4ffbc
ff5bff6bff73ff7b
fdaafe2aff03ff3b
fe72ff03ff1bfe83
fe62fdb2fe52fe1a
ff13ff0bff1bfecb
ffc4ff84ff63ff43
001c002c001cfff4
ffd4fffc001c001c
fda2fe62ff3bff9c
ff3bfe8bfd8afd39
ff53ff7bff84ff73
fd31fddafe72fee3
fe3afdc2fd09fcd1
fe8bfe72fe83fe6a
00c500c500adffdc
001c0024005c008d
011500ed008d0004
00d500dd00e5010d
006c009500a500ad
0044006c007c0074
0014002400140024
ffa4ffe4ffdcffec
ff9cffb4ff94ff7b
0024006c0024ffc4
00ed0024ffbcff94
ffccff73ffc40105
ff43fe02fe83ffbc
0186017d014d009d
fd29fd29fd31fd31
fdf2fe3afdbafd41
ffccffbcff0bfdf2
ff8cff9cffacffb4
ff53ff63ff6bff7b
fdc2fe42fefbff33
feb3fe6afe02fdea
feb3fe4afeb3feeb
ff03ff03ff03feeb
ffa4ff94ff6bff3b
ffecffe4ffc4ffbc
ffa4ffdcfff4fff4
fd79fe93ff2bff6b
fe42fd59fcb1fcc9
fed3ff03fef3fec3
fd31fcf1fd29fe02
fd82fd82fdbafd71
ff0bfe22fddafdb2
00540054004c000c
00440044004c0054
007c003c0014003c
00ad00ad00b500ad
005400850095009d
003400540064005c
000c0014001c003c
ff94ffc4ffd4ffec
ff94ff9cff73ff7b
ffe40034000cffa4
009d001cfffcffcc
0004ff9cff7300ad
005cff0bfe5aff53
01860175016d0125
fe0afe2afe52fe72
fdcafd79fd49fd9a
ffd4ffd4ff5bfe72
ffa4ffb4ffc4ffcc
ff53ff63ff7bff9c
feabff53ff5bff4b
fde2fd41fd19fdb2
fe9bfe9bfe83fe8b
ff03fef3fefbfecb
ff6bff7bff43ff23
ffccff9cff94ff73
ff63ff9cffdcfff4
fe1aff33ff2bff4b
fd29fca1fca1fcd9
fe12fe6afe72fe0a
fef3fe42fd51fd41
fe83ff2bff84ff5b
ff94fef3fe32fe02
ffb4ffd4ffdcffbc
0034ffd4ffc4ffcc
002c0034004c0064
0085006c0064004c
0054006400540085
003c0034002c0034
002c0024003c003c
ff9cffc4ffcc0004
ff84ff7bff7bff9c
fffc0004001cffb4
00b500240034005c
ffdcff84ff63007c
01050024fedbfef3
018601650165015d
ff1bff33ff4bff53
fe32fdc2fdcafe83
ffe4ffe4ff9cfeeb
ffbcffccffdcffe4
ff73ff7bff94ffac
fffc0024ffd4ff7b
fddafd51fde2ff2b
fe93feb3fe7afe6a
ff0bfee3feebfeb3
ff53ff53ff2bff23
ffa4ff73ff7bff5b
ff5bff5bffb4ffbc
feebff94ff9cff5b
fc89fc89fcd1fda2
fd61fdcafd92fcd1
ff53fef3fe5afd92
ff7bff6bff4bff33
ff7bff4bff4bff84
ffc4ffa4ffb4ff94
fffcff8cffacffe4
0014002400340064
003c001c00140014
0024fffc000c003c
0004000400140004
000400140024001c
ff84ffacffccfffc
ffa4ff94ff94ff9c
0014ffecffdcffac
007c001c00440074
ff84ff63ff2b001c
015500d5ff9cfed3
017d0165014d015d
fffcfff4ffecffc4
fe83fe7afef3ffb4
ffecfffcffccff23
ffc4ffd4ffe4ffec
ff8cff94ffacffbc
007c003cffe4ff9c
fd8afe32ffac006c
fe7afe83fe0afdd2
fefbfee3fecbfe8b
ff33ff2bff0bff0b
ff8cff6bff63ff4b
ff6bff43ff43ff8c
ffdc0054ffdcff9c
fcb9fd29fda2feab
fd29fcd1fca9fc99
ff2bfefbfe4afdb2
ff73ff5bff6bff4b
ff8cffa4ffc4ffac
005400240004ffdc
ffacff8cff9c000c
ffe4ffec002c0004
fff4ffecffc4ffec
ffd4ffc4ffe4ffe4
ffccfff4fffcffd4
ffdcfffc0004fff4
ff7bffa4ffacffe4
ffd4ffdcffe4ff94
fff4ffd4fff4ffc4
fff4000400040024
ff6bff7bff13ff73
013d010d002cff13
015d014d0135012d
006c003c001cffe4
fee3ff23ffec006c
fff4fffcffecff6b
ffbcffccffdcffec
ff94ff9cffacffbc
008d002cffdcffa4
fe4affdc00cd00cd
fe7afe22fd39fd51
fefbfee3fedbfebb
ff1bff0bfee3feeb
ff63ff33ff43ff3b
ff63ff13ff13ff63
ff9c002cffecff9c
fe12fe93fe7afee3
fe5afdbafd92fdb2
ff94ff7bfefbfea3
ffd4ffc4ff73ff6b
ffacffb4fff4ffc4
00850064003cffdc
ffacff9cffac002c
ffdc00140014ff9c
ffc4ffb4ffa4ffbc
ffbcffacffacff9c
ffdcffe4ffd4ffbc
fffcffecffe4ffdc
ff4bff63ff53ffc4
fff4ffe4000cff9c
001cffe4ffecffc4
ffccfff4005c00b5
ff43ff8cff0bff3b
00ed00dd0054ff4b
011d010500e500dd
007c005c0054003c
ff7bffc40044008d
ffecfffc0004ffc4
ffbcffccffd4ffdc
ff94ff9cffacffb4
0074000cffccffa4
000400dd00fd00c5
fe8bfdeafd39fe5a
fef3fecbfecbfeb3
ff1bff13fef3fecb
ff43ff2bff13ff1b
ff2bff13ff33ff4b
ffdcffe4ffdcff84
ff3bfedbfe9bff03
ff03fe9bfedbff03
ffccff63ff13ff0b
000c0004ffc4ffac
ffdcffccffd4ffdc
006c009d0024ffcc
ffccffacffd40074
ffecffe4ffe4ffcc
ffa4ffacffb4ffcc
ffd4ffccffa4ff94
ffecffd4ffb4ffc4
fffcffe40004fff4
ff2bff5bff5bffb4
ffecffb4ffacff94
00ad0034ffd4ffbc
ff53ffac006c0105
ff23ff63ff53fee3
00850085004cffa4
00c5008500640074
00b500c500d500dd
0004004c008d00b5
ffe4fff4000c0004
ffbcffccffd4ffdc
ff94ff94ffa4ffac
004cffecffb4ff9c
00e5010500e500a5
fe93fe42fe720004
fef3ff0bfeebfe9b
ff03ff33ff03fecb
ff53ff33feebfee3
ff4bff84ff3bff2b
ff63ff6bffc4ff4b
ff13fea3fe72fecb
ff2bff13ff4bff1b
ffe4ffa4ff3bff3b
000c0044003cffdc
ff94ffe4ffecffec
0074007c002cffbc
ff9cffa4001c0095
ffccffd4ffccfff4
ffd4ffbcffc4ffd4
ffc4ffccffe4ffec
ffecffdcffb4ffbc
ffe4ffecfff4ffcc
ff43ff4bff7bffb4
ffecffdcffbcffcc
00d50064ffd4ffdc
ff1bff73005c00d5
fefbff0bffacff5b
ffe4ffecfff4ffac
00850004ffccffe4
01250145017d0196
007c00b500f5011d
ffdcfffc0024004c
ffacffbcffccffd4
ff8cff84ff9cffac
0024ffccff94ff84
00fd00f500c5007c
fe4afeb3fffc00cd
ff0bfee3fed3fe8b
fefbff1bff0bfefb
ff9cff53fef3fef3
ff8cffacff53ff63
feebff63ff7bff7b
ff53fedbfebbfeb3
ff84ff7bff43ff63
0004ffc4ff7bff43
000c004c00440004
ffc4ffe4ffd4ffcc
005c0054004cffcc
ff6bffa4008500bd
ffd4fff4002cffdc
ffbcffecffe4fff4
ffacffbcffbcffbc
ffe40004ffecffbc
ffd4ffb4ffd4ffc4
ff3bff43ff8cffc4
ffe4ffccffccffbc
00ad004cffe4ffe4
ffccfff4009d00b5
fe5afe52ff63ffdc
ff33ff0bff0bfefb
fffcff7bff33ff43
011d0125012d012d
00c500e501250135
ffccffe4002c008d
ffa4ffb4ffc4ffcc
ff7bff8cff9cff9c
fffcffa4ff63ff63
00ed00cd009d0054
fe22ff4300cd00f5
ff2bff23feb3fe8b
feebfefbfef3ff13
ffacff73ff1bfef3
fefbff5bff84ffac
fed3ff2bfefbfee3
ff6bff33ff03fecb
ffb4ff94ff73ff84
001cffc4ffc4ff5b
fff4ffdc00440034
ff53ffa4ff9cffcc
ffbcffbcffdcff84
ff1bff43ffacffc4
ffecffecffecff6b
0004000c000cfff4
ffccfffcffacffec
fffc0024ffe4ffb4
ffb4ffa4ffb40004
ff53ff73ffbcffc4
ffe4ffc4ffccffc4
00b5006cfff4fff4
0034008d00c500b5
fdb2fdb2feebffcc
fe72fe3afdf2fdda
ff3bfed3fe83fe72
001400140004fffc
ffd4ffe400140024
ff8cff53ff73ffbc
ffa4ffbcffc4ffc4
ff6bff84ff94ff9c
ffdcff7bff43ff43
00e500ad007c0034
fe3affac010500fd
ff1bff1bfea3fe9b
ff23ff33ff0bff13
ff7bff4bff23ff0b
fe93fee3ff7bff8c
ff03ff2bfebbfe72
ff3bff43ff43ff33
ffdcffdcffacff53
00240014ffd4ff94
fff4ffe4007400a5
ff2bff53ffb4ffbc
ff23ff3bff4bff4b
fef3ff0bff03fed3
ffdcffbcff8cff1b
002c002400240004
fff40004ffdc003c
ffec003cfff4ffe4
ffbcffc4ffacffe4
ffb4ffacffbcffbc
fff4ffe4ffccffe4
00c5006cffecfffc
005c00a500c500cd
fd79fd59fe0aff8c
fdaafda2fd71fd69
fe72fe22fdbafd92
fedbfeabfe62fe5a
fee3feebfefbfef3
ff53feebfed3feeb
ffb4ffbcffc4ffac
ff63ff8cff94ff9c
ffc4ff63ff2bff33
00d5009d0064001c
fe3affcc00f500f5
ff23fefbfebbfe8b
ff3bff3bff33ff33
ff53ff1bff23ff23
fe42fea3ff33ff7b
fefbfedbfe72fe12
fecbfedbfeebfef3
ff9cff84ff1bfecb
ffe4ffecffb4ff63
ffb4ffdcfffcfff4
ff4bff43ff73ff7b
fedbff2bff4bff43
fe8bfef3fee3febb
ffdcff7bfee3fe72
003400340034001c
002c00140004001c
ffe4000cffec000c
ffb4ffc4ffc4ffe4
ff9cffb4ff9cff8c
ffbcffacffacff94
00ed009dffe4ffcc
006c00c500d500dd
fd39fd09fd29ff1b
fd61fd71fd51fd29
fdbafdb2fd69fd51
fd01fd09fd49fdba
fd79fd61fd41fd29
ff0bfe62fddafd92
ffacffbcffc4ff9c
ff5bff8cff9cffa4
ffb4ff63ff23ff23
00bd008d00540004
fe52ffb400dd00dd
fefbfebbfeabfe83
ff43ff1bff1bff03
ff7bff5bff2bff2b
fe12fe93ff03ff4b
fde2fdeafdd2fdca
fdfafde2fddafdd2
fe52fe3afe02fdfa
fef3fee3fe83fe5a
fec3fecbff03fefb
fecbfebbfebbfeb3
fea3feabfee3fedb
fe22fe5afec3fed3
ff53fec3fe6afe32
0044005c003cffec
00340034002c004c
fff4001cfff40004
ffb4ffbcffb4ffe4
ffb4ffb4ffa4ff84
ff6bff7bff9cffbc
011500cdffecffbc
003400ad00e50105
fce1fcc1fce1fe52
fd82fd79fd61fd11
fd61fd8afd92fd82
fcf1fd71fdbafdb2
fc81fc81fca1fcc9
ff8cfeebfdc2fcc1
ffa4ffbcffccffcc
ff53ff84ff94ffa4
ff94ff53ff1bff1b
00ad007c003cffe4
fe4aff3b008500bd
fef3fec3fea3fe62
ff53ff33ff33ff0b
ffa4ffacff6bff43
fdc2fe83fee3ff5b
fce1fcd1fcd1fd31
fe4afd8afd8afd51
fecbfeb3fe52fe83
ff1bfe83feb3fedb
fe83fee3ff23ff33
fe0afe42fe93febb
fdc2fdb2fddafe02
fd79fd61fd8afdd2
ff13fe42fdd2fdba
0074007c0054fff4
002c003c002c0074
ffa4001c001c0024
ffacff94ffacff9c
ffb4ff8cff94ff94
ff8cff8cffa4ffbc
00f500c5ffccffac
ff4b008d00f50105
fcc1fc91fc89fd29
fd8afd79fd61fd19
fd69fd82fd9afd9a
fcf1fcd1fcb1fc89
fcc9fc78fce9fd11
fffcffd4ff0bfdd2
ffa4ffb4ffccffec
ff4bff73ff8cff94
ff84ff43ff0bff13
009d0064001cffcc
fe3afe8bfff400ad
ff03fef3febbfe83
ff4bff5bff43ff13
ffacffbcff84ff5b
fdd2fe62ff03ff84
fcb9fc28fc58fd29
ffccff0bff1bfe3a
00d5007c00040054
0135004c00d50115
003c00b50105013d
ffbc003400c5010d
ff23fed3ffa4001c
fd71fd39fd9afe83
ff0bfe12fe0afe4a
007c009500740004
002c003400440064
ff84ffccffec002c
ff8cff84ff6bff7b
ffa4ff8cff8cff8c
ff7bff8cffbcff9c
00d50095ff9cff63
fde2000c009d00b5
fca9fc70fc48fc48
fd92fd82fd61fd19
fd69fd79fd8afd9a
fca1fc99fc89fc89
fddafcd9fcd9fcc9
0004000cffecff33
ffacffb4ffd4fffc
ff3bff6bff84ff9c
ff73ff33ff03ff0b
0085004c0004ffb4
fe22fe2affb4009d
ff2bff23feb3fe72
ff0bff1bff2bff73
ffd4ffdcffa4ff73
fec3fe83fef3ff9c
fd39fce9fd9afe9b
004cffc4001cfec3
012d00dd00c500f5
014d00bd011d014d
00f5011d013d014d
006c00dd016d0196
0014ff9c004400b5
ff6bfeb3fe9bff4b
fef3fe72fef3ffa4
005c0085007cffe4
001c0014004c0054
ffb4ffbc0004000c
ff9cffbcff94ff9c
ff94ff84ff8cff9c
ff7bff73ff8cff8c
007c0064ffa4ff73
fd09ff2bffec0024
fc91fc58fc38fc38
fd8afd82fd61fd11
fd69fd69fd79fd8a
fd19fd09fd01fcf9
fefbfd69fcd9fd11
000400140024fffc
ffbcffccffdcfff4
ff3bff73ff8cffa4
ff63ff2bff03ff13
0074003cfff4ffac
fe1afe42002c008d
ff23ff0bfea3fe72
fefbfee3fef3ff2b
00140024ffecff6b
fef3fec3fefbff8c
fd8afdbafe5afee3
ff3bff0bff4bfe2a
ffecffb4ffa4ffe4
005cffd4fff4fff4
ffe4ffd4fffc0024
ff63ffac000c004c
fe93fea3ff1bff7b
ffe4ffbcff23fea3
fecbfebbff63ffdc
009500bd0095ffbc
fff4000c0024003c
ffccffc4ffd4ffcc
ff9cffc4ffccffec
ff8cff63ff7bffa4
ff53ff6bff73ff6b
fff4fffcff73ff63
fce1fe4aff33ff7b
fc91fc58fc50fc58
fd79fd71fd61fd11
fd69fd69fd61fd71
fd49fd21fd21fd11
fecbfd31fd59fdb2
000c001c0024000c
ffc4ffd4ffec0004
ff3bff6bff8cffac
ff6bff33ff1bff1b
0074002cffe4ffa4
fdfaff5300950095
ff1bff13fedbfe6a
ff1bfee3ff2bff4b
003c0044ffccff6b
ff13ff23ff33ffb4
fddafe3afec3fefb
fe02fe0afdf2fdc2
fe9bfe7afe7afe3a
ff33ff2bff23fedb
fedbfed3fefbff23
fe93feabfeb3febb
ff03fecbfeb3feab
ffdcfff4ffe4ff7b
fef3ff23ffa4ffdc
006400ad0095ffc4
ffecffb4ffb4ffdc
ffdcffccffdcffcc
ffacffacffa4ffc4
ff9cff6bff6bff9c
ff63ff53ff33ff73
ff23ff43ff13ff43
fca9fda2fea3fedb
fc89fc48fc48fc48
fd59fd51fd49fd11
fd49fd69fd71fd69
fd19fd11fd19fd09
fe02fd82fdbafd51
001c002c0034ff9c
ffbcffd4ffec0004
ff33ff63ff94ffb4
ff6bff33ff13ff1b
0074002cffe4ffac
fedb009500a50095
ff2bff0bfebbfe22
fedbfeebff03ff1b
000c005cffccff2b
ff43ff73ff5bffa4
feebfefbfefbff0b
fe5afe9bfebbfecb
fecbfeabfeabfe4a
ffc4ff7bff4bff0b
ff1bff3bff8cffc4
ff23ff13feebfef3
000cffbcff73ff3b
ffd4ffecffe40004
ff3bff63ffc4000c
003c00a5008dfff4
ffecff8cffdcffdc
ffd4ffbcffacffc4
ffa4ffa4ffa4ff94
ff73ff63ff5bffac
ff33ff3bff2bff6b
fe72fe62fed3ff43
fc68fd61fe4afe93
fc78fc38fc28fc30
fd59fd41fd31fcf9
fd29fd41fd59fd61
fd09fcf9fcf9fcf9
fe62fdc2fd51fd29
001c00340024ff1b
ffc4ffd4ffec0004
ff23ff63ff9cffb4
ff6bff2bff0bff0b
006c002cffe4ffac
ff5b00b500a50095
ff1bff0bfe8bfdf2
fecbfebbff1bff2b
0034002cffacfef3
ff4bff4bff84ffcc
ffd4ff94ff8cff6b
ff3bff9cffe4fff4
ff53ff33ff1bfeeb
0074003cfffcff8c
ffb4fff40044005c
0004ffe4ffc4ffb4
0034002c002c0004
ffdc000cfff4ffe4
ff94ff9c00140024
001400740054000c
ffd4ffbcffdcffcc
ffecfff4ffacffbc
ff8cff9cffe4ffcc
ff6bff33ff3bff9c
fefbff23ff1bff4b
feb3fe62fecbff1b
fc68fd79fe83fec3
fc81fc38fc28fc28
fd51fd49fd31fcf1
fd21fd21fd29fd41
fcf9fce1fce9fcf1
fe42fd31fd09fd09
00140024ffc4fefb
ffc4ffd4ffec0004
ff1bff5bff94ffbc
ff63ff2bff03ff03
005c001cffdcffa4
ffbc008d0095007c
ff1bfec3fe6afe0a
fef3fecbff13ff4b
002cffe4ff73ff1b
ff8cff73ff94fff4
ffc4ffc4fffcffd4
ffbcfff4000cffe4
ffacff94ff63ff63
0074006c0054ffc4
0034003c00740085
004c001400240034
ffecfff4002c0024
001c004c003c001c
ffe4fffc006c003c
ffec003c0085001c
ffc4ff94ffa4ffb4
ffd4ffe4ffecffcc
ff63ff73ffa4ffc4
ff5bff2bfefbff6b
fef3ff1bff1bff33
fdf2fdcafe62fee3
fc50fd41fe22fe2a
fc91fc38fc30fc28
fd39fd51fd51fd11
fd19fd21fd29fd31
fce9fce1fce9fce9
fdb2fcf9fcf9fcf1
0014ffe4fecbfe6a
ffccffe4fff4000c
ff0bff53ff9cffbc
ff5bff1bff03fefb
004c000cffccff9c
ffe4005c00850074
ff1bfe9bfe32fe6a
feebfedbff23ff63
0054ffa4ff33ff23
ffbcffacffcc0034
ffa4ffdcfffcffec
ff4bffacff8cff6b
ff4bff1bfed3fee3
00240014ffecff8c
001cffe4ffcc0004
0014ffe4ffbcffdc
0004ffacffbc0004
00850085007c006c
0044004c00b500ad
ffe4001400640064
ff8cff9cff8cffac
ffb4ffdcfff4ffac
ff5bff6bff94ffd4
ff43ff33ff13ff6b
ff03ff2bff0bff0b
fd31fd49fe2afedb
fc38fca9fd41fd49
fcd9fc58fc30fc28
fd41fd41fd49fd41
fd09fd29fd39fd41
fce1fce1fce1fce1
fce1fce1fcf1fce9
fffcff1bfd82fd01
ffd4fff4fffc0004
ff03ff53ff94ffbc
ff5bff23ff0bfefb
004c000cffccff94
00040044007c006c
fef3fe7afde2ff03
fee3fefbff13fefb
0034ff8cff3bfeeb
003cffbc002c0074
ffa4ffe40024007c
ff33ff4bfef3ff33
ff3bff13feb3fea3
0004ffc4ffccff9c
ffe4ffd4ffb4ffdc
ffc4ffccffb4ffcc
004cfff4ffccffd4
00ad00a5008d0095
006c007400ad00c5
ffcc000c005400a5
ff6bffa4ffacffdc
0004000c000cffa4
ff8cff8cfff40024
ff23ff03feebff3b
fee3feebff03ff23
fd41fd61fde2fe7a
fc30fc60fce1fd29
fd31fce1fc78fc40
fd39fd31fd31fd41
fd19fd19fd39fd49
fce1fcd9fcd9fcd9
fce1fcd9fcd9fce9
ffacfe02fcc9fcc9
ffd4fff400040004
ff03ff53ff94ffbc
ff5bff2bff03fef3
00540014ffccff94
00140044007c0074
fecbfe7afe0affcc
fec3fedbff0bfeeb
000cffa4ff03feb3
003cffdc00240074
ffd4001c00640054
fefbff03fef3ff5b
ff9cff84ff13ff03
002c002cfffcff9c
ffec0004003c0014
003cffdcffbcfffc
0074006c004c0034
00a500b5009d008d
008d009d00740095
ff84ff84002400a5
ffbcffa4ff9cffc4
002cfffcfffcffc4
ff5bff63ffbc001c
ff0bfee3fef3ff0b
feabfee3ff0bff3b
fd71fd8afdc2fe3a
fc50fc58fcd9fd49
fd41fd39fd01fc99
fd39fd31fd31fd39
fd59fd41fd29fd31
fcd1fcd1fcd1fcd1
fcf9fce1fcd1fcc9
fefbfcf1fce1fd21
ffdcfff40004fff4
ff03ff53ff94ffbc
ff53ff23ff03feeb
00540024ffd4ff8c
002c004c007c0085
fea3fe02fee3006c
fe72febbfed3ff03
ffdcff43feabfe83
007c004c0064005c
0044007c004c006c
ff53ff63ff53ff84
ffa4ff73ff63ff5b
0004fff4ffd4ff63
000c00340054000c
00b500a5004c0044
00bd0085009500a5
00b500cd00d500ad
009d007c009d00a5
ffcc0004005c009d
ffa4ff84ff9cffd4
001c0004000cfff4
ff53ff6bffa4000c
ff0bff2bff13ff43
fe6afeabfedbfeeb
fdc2fdd2fdbafe02
fcd1fc81fce1fd79
fd41fd39fd39fd21
fd29fd39fd41fd41
fd71fd71fd59fd29
fce9fce1fcd9fcd1
fdf2fd29fcf1fce9
fe62fd41fe22fe83
ffb4ffc4ffccffac
ff0bff53ff84ffa4
ff5bff33ff0bfefb
004c000cffc4ff84
0034004c0095007c
fe93fdf2ffec009d
fe83ff23ff0bff03
ffbcfee3fea3fe83
006c006400240044
007c00950074006c
ffe4ffd400040024
ffc4ff5bff6bff9c
0014ffecfff4ffc4
0085009d005c0034
00d500a5006c00ad
007c009500c500d5
00ed00d500cd00cd
00b500c500cd00ad
ffdc00040064008d
0004ffb4ff94ffa4
0024002c0024002c
ff0bff3bff73ffdc
fedbff2bff0bff0b
fe3afe93fecbfecb
fdc2fdaafd79fda2
fd39fd01fd21fd8a
fd59fd49fd41fd41
fd51fd31fd39fd59
fd79fd71fd71fd69
fdfafddafd8afd31
fe7afe4afe2afe1a
fe7afe62fe83fe8b
fec3feb3feb3feb3
fed3fee3fee3fecb
fecbfec3febbfecb
ff03feebfee3fecb
ff33ff33ff4bff33
fdf2fe62ffd4ff9c
febbff3bfeebfeb3
ff4bfebbfe7afe93
003c00640014ffec
005c006c006c006c
0024004c007c004c
ffa4ff7bffc40014
00440014fff4ffbc
008d00b500a5004c
00d500a500cd00b5
003c0085009500c5
00b500cd00ad0085
00a5009d00bd009d
ffacffcc003c0064
0004ffe4ff9cff9c
00140004002c0024
feebff33ff94ffd4
feabfec3febbfec3
fe32fe6afe8bfeab
fd61fd41fd61fdaa
fd39fd29fd31fd61
fd51fd51fd41fd41
fd71fd59fd39fd41
fd69fd61fd71fd79
fe6afe62fe5afe52
fe5afe5afe62fe72
fe52fe52fe5afe62
fe72fe6afe52fe5a
fe6afe7afe7afe72
fe42fe4afe4afe5a
fdfafe12fe2afe3a
fe1afe1afe02fe02
fdbafddafe2afe22
fed3ff1bfef3fe62
ff53fec3fe93fed3
0044007c004cff7b
004c0054006c0064
0074008500950074
ffe4ffd40014004c
0034004c000cffec
008d008d007c0024
00dd00bd00a5008d
0095007c006c00ad
00e500fd00cd00ad
009d00ad00b50085
ff94ff940004004c
ffdc000cffb4ff7b
fffcfffc001c000c
febbfefbff8cffe4
fed3fe9bfe93fe83
fe12fe4afe72febb
fd31fd49fd92fdaa
fd31fd31fd31fd41
fd31fd29fd39fd39
fd79fd79fd82fd51
fd61fd61fd71fd79
fe32fe32fe42fe5a
fe2afe32fe32fe32
fe32fe32fe3afe3a
fe42fe42fe3afe3a
fe3afe42fe4afe42
fe32fe32fe32fe32
fe0afe1afe22fe32
fddafdaafdbafdea
fd82fd79fdaafdda
ff13fef3feb3fe2a
fecbfed3feb3fec3
0014004c0024ff9c
009500b500a50054
009d008d008d006c
000cfffc002c0095
00340064003c0014
00640074005c004c
00a5008d0064005c
00f500cd00b500cd
00ed010500dd00d5
009500c500bd0085
ff6bff4bffec001c
000c00240004ffb4
ffdcfffcfffc001c
feb3fefbff53ff8c
feebfea3feabfe93
fdcafe1afe62feab
fd39fd61fd8afd82
fd41fd39fd39fd41
fd41fd29fd29fd41
fd8afd8afd8afd61
fd69fd71fd79fd82
fe1afe12fe1afe2a
fe0afe12fe12fe1a
fe12fe1afe1afe12
fe1afe2afe2afe1a
fe2afe2afe2afe22
fe1afe1afe1afe22
fdeafdfafe02fe02
fd49fd79fdb2fdd2
fd29fd29fd49fd49
fec3fedbfe22fd8a
fe93fe72fe9bfec3
001c002cffe4ffac
00e500dd00bd0034
00a500b500ad00ad
0034002400640085
0044006c003c0054
005c00850054007c
00950095007c005c
012500fd00cd00bd
00c500e5011d011d
00c500e500c500ad
ff84ff84fff4003c
001cfff4fffcffe4
ff6bffe4ffec0034
feabfee3ff13ff0b
fe93feabfec3fec3
fd29fddafe22fe6a
fd31fd29fd49fd69
fd41fd49fd41fd39
fd59fd51fd39fd29
fd8afd82fd69fd61
fd71fd79fd79fd82
fdfafdfafe02fe02
fdfafdfafdf2fdfa
fdfafdfafdfafdfa
fdfafe02fe02fe02
fe02fe02fe02fdfa
fdfafdf2fdfafe02
fdc2fddafde2fdea
fd31fd59fd8afdaa
fce1fce9fce1fd01
fee3fecbfe02fd41
fe6afeabfe8bfee3
0044ffd4ff73ff23
00fd00e500ad0044
009d00ad00a50105
0044002c00640085
004c0074004c005c
001c0074007c0054
008d006c006c0054
010500fd00d5007c
00bd00d500fd0105
009d009d00bd00bd
ff8cffa4ffec003c
fff4ffecffccffd4
ff7bffec001c002c
fe9bfea3fef3ff0b
fe62fe93feb3fea3
fcf9fe2afe1afe32
fd19fd21fd31fd31
fd29fd29fd41fd31
fd59fd61fd71fd51
fd71fd61fd69fd61
fd71fd79fd79fd79
fde2fdeafdeafdea
fde2fdeafdeafde2
fddafdd2fde2fde2
fdd2fddafddafde2
fdeafdeafde2fdd2
fddafddafde2fdea
fdaafdc2fdd2fdd2
fd29fd41fd79fd9a
fcc9fcb9fcd1fd01
fec3fe62fdaafcd9
fe4afe8bfed3fef3
0044ffecff7bfeeb
00fd00c500540014
00540044009d00c5
00740064008d00a5
00740095008d007c
0044005400950085
00c50074008d006c
010d00f500f500dd
007400a500d50105
006c007c00d500bd
ff84ff94000c0044
0004001cfff4ffe4
ff84ffecffec0024
fe7afe7afecbff23
fe3afe5afe7afea3
fd29fecbfe3afe1a
fd19fd11fd21fd29
fd39fd11fd21fd21
fd69fd82fd82fd61
fd71fd61fd61fd69
fd69fd79fd71fd71
fdd2fdd2fddafdda
fdcafdcafdcafdd2
fdc2fdc2fdc2fdca
fdc2fdbafdbafdba
fdd2fdcafdcafdc2
fdbafdc2fdd2fdca
fdaafdbafdc2fdc2
fd19fd31fd61fd82
fcd1fcc9fcd9fcf9
fe62fddafd61fd11
fe6afe83fee3fedb
002cfffcff84fed3
00fd00c5000c0014
0064004c00bd00ed
00a5008d00a500ad
007c00ad00b500ad
00950074007c0054
00ad00a500b500a5
00fd0105010500ed
0064009d008d00ed
0034008500ad0074
ff84ff4bffbc0024
001c001c0004fffc
ff0bff63ff9cfffc
fe6afe5afedbff03
fe32fe4afe6afe6a
fdcaffc4fe22fe0a
fd09fcf1fd21fd21
fd21fd19fd01fd01
fd79fd71fd51fd39
fd69fd51fd59fd79
fd69fd61fd59fd69
fdc2fdc2fdbafdba
fdb2fdbafdc2fdca
fdaafdb2fdb2fdb2
fda2fda2fda2fda2
fdb2fdb2fdb2fda2
fdaafdaafdb2fdb2
fd92fda2fdaafdb2
fd11fd29fd49fd71
fd82fd61fd39fd11
fe22fd92fd79fd92
fe83fe9bfefbfe93
ffb4ff94ff13fe7a
00fd00ad0014ffd4
009d007400ad00e5
00bd00bd00b500a5
009d00c500bd00a5
00c500ad007c0074
00ad009d00cd00e5
00e5010501050105
005c00c5007c00c5
005400a5009d007c
ffb4ff53ffa4000c
ffacfff4ffdcffbc
fee3ff2bff53ffa4
fe1afe3afec3fedb
fe22fe3afe32fe4a
fe1a0034fe0afdf2
fcf1fd01fd29fd09
fd01fd11fd21fd01
fd31fd21fd21fd11
fd59fd61fd71fd59
fd51fd51fd59fd69
fda2fda2fd9afd9a
fda2fdaafdb2fda2
fd9afd9afd9afd92
fd92fd92fd9afda2
fd9afda2fd9afd92
fda2fd9afd92fd8a
fd92fd9afda2fd9a
fd61fd61fd79fd8a
fd92fd9afd92fd71
fdeafd69fd59fd79
feb3fecbfeb3fe52
ffe4ffccfee3fe52
00c500a5002cffd4
008d009d00b500b5
00c500b500a50085
008d0085009500bd
00dd00d5009d009d
00c500a500a500dd
00e500dd00d500dd
006400b5009500d5
fffc0095007c006c
ffe4ff7bffb4ffe4
ff9cffc4ffecffac
feebff13ff63ffbc
fe22fe12fe1afe6a
fe22fe5afe4afe42
fde20085fec3fdfa
fcd9fd29fd21fd01
fcf1fd21fd39fd09
fcf1fd19fd11fcf1
fd69fd59fd21fce1
fd31fd41fd61fd69
fd8afd82fd79fd79
fd92fd9afd92fd8a
fd82fd82fd8afd8a
fd8afd8afd82fd82
fd82fd8afd8afd8a
fd8afd82fd82fd82
fda2fd9afd92fd8a
fd69fd71fd92fd9a
fd69fd71fd79fd71
fdd2fd71fd21fd51
fe8bfe6afe4afe12
ffecff5bfecbfe72
0085003c00040014
006c0054009d0095
00a500bd009d005c
0064005c006400ad
00ad009d00a500ad
00950085008500c5
00c500b50095009d
007400cd00a500bd
ffb40044005c006c
ffa4ff73ff63ff94
ff73ffa4ffbcff9c
fe8bfed3ff5bff94
fe62fe0afdf2fe5a
fdeafe4afe8bfe6a
fd71006c001cfe42
fcf9fd41fd11fce9
fd01fd41fd31fcf9
fd09fd21fcf1fce1
fd39fce1fca9fcc1
fd29fd51fd71fd71
fd82fd71fd69fd69
fd82fd82fd82fd82
fd79fd71fd79fd79
fd82fd79fd71fd69
fd69fd69fd71fd82
fd71fd69fd71fd71
fd79fd79fd69fd71
fd61fd71fd8afd82
fd31fd49fd69fd69
fd82fe0afd51fd09
fe6afe4afe22fdda
ff53febbfe62fe72
005cfffcffb4ffa4
006c0074005c002c
008d008d007c0074
005c003400540074
00c5009d00c5007c
0064008500a500cd
00d500b500bd0054
006c0014005c008d
ff53fff40034009d
ff8cff43ff33ff2b
ff8cffacff8cff63
fdf2fe72fed3ff53
fe7afe4afde2fdba
fdd2fe0afe6afe6a
fd29002400fdfebb
fd29fd29fcf9fce9
fd31fd51fd19fcd9
fd19fd01fce9fcf1
fcb9fc89fcb9fcf9
fd39fd59fd59fd29
fd71fd61fd59fd59
fd69fd71fd79fd79
fd69fd69fd69fd71
fd71fd71fd69fd69
fd49fd61fd69fd71
fd49fd49fd49fd41
fd61fd59fd51fd49
fd71fd79fd79fd71
fd11fd31fd59fd69
fd71fe3afdfafcf9
fe3afe02fdeafd8a
febbfe5afe02fe5a
ffecffccff94ffbc
001c0014000cffbc
007c0044002c0034
0044002c00440064
0064005c00740054
00740064006c005c
007c005c007c005c
003c000c00340074
fefbff6bffc40004
ff53ff33fee3fedb
ff1bff5bff7bff9c
fd92fdeafeb3ff13
fe83fe93fe42fdca
fe0afddafe42fe7a
fd09ffec0135ff5b
fd31fd01fcf1fce9
fd49fd31fcd1fd01
fd01fce9fce9fd11
fc89fcc1fd01fd11
fd49fd41fd09fcb1
fd61fd51fd51fd51
fd59fd59fd69fd71
fd69fd69fd61fd59
fd59fd61fd61fd69
fd29fd39fd39fd51
fd31fd31fd39fd29
fd71fd51fd49fd39
fd69fd82fd79fd71
fd01fd29fd41fd59
fd71fd9afe83fd41
fe2afde2fda2fd71
feabfe22fdeafe22
ff3bff5bff5bff2b
ffa4ffccff8cff4b
004c006c006cffec
ffacfff4002c0054
000cfff40004fff4
0024005c0014ffec
007c004c0034001c
ffb40024002c0064
fecbff0bff4bffa4
fee3ff33ff03fed3
fe93fefbff3bff43
fdbafd82fde2fea3
fea3fe9bfe8bfe42
fecbfe12fe1afe62
fcf1ff4301650074
fd11fcf1fce9fce1
fd31fcd9fcc1fd31
fce9fce9fd01fd31
fcb9fcf9fd09fcf9
fd49fd11fca9fc81
fd59fd41fd41fd49
fd59fd59fd59fd61
fd61fd59fd61fd59
fd41fd49fd51fd59
fd29fd39fd31fd39
fd29fd29fd31fd29
fd69fd49fd49fd39
fd79fd8afd79fd71
fd01fd19fd39fd61
fd41fd51fe7afe4a
fdc2fd92fd8afd92
fdbafdcafdcafdda
ff2bff23ff0bfe52
ff94ffacff3bfef3
00340014fffcffbc
ffacff8cfffc000c
ff9cff6bffacffd4
ffdcffd4ff8cffa4
0054000cffccffec
ff23ffcc00040014
febbfeb3feebff23
feb3fe8bfecbfec3
fe4afe8bfebbfeb3
fe32fdaafd61fdc2
fe9bfeabfe93fe8b
ffecfe9bfe1afe52
fcd9fe420135012d
fd01fce9fce1fcd9
fce1fca1fd19fd21
fce9fcf9fd31fd39
fce1fcf9fcf1fce9
fd19fcc1fc81fca9
fd49fd39fd39fd41
fd59fd51fd51fd51
fd39fd31fd41fd59
fd31fd39fd41fd49
fd31fd39fd29fd29
fd29fd31fd29fd29
fd69fd51fd49fd39
fd79fd82fd71fd71
fd92fd11fd39fd61
fd21fd31ff53fff4
fd9afd92fd8afdb2
fd92fde2fdbafdaa
ff0bfe9bfe42fde2
ff43ff23feebfeeb
ffd4ff63ff23ff33
ff2bff13ff5bff9c
ff63ff73ff94ff94
ffe4ffccff43ff3b
002c001cffbcffdc
fef3ff43ff9cfffc
fec3fe5afebbfecb
fe83fe6afe62fe83
fda2fe12fe52fe83
fe83fe3afdb2fd61
fe83fea3febbfebb
008dfec3fe72fe3a
fcd1fd71005c0145
fcf1fcd9fcd9fcd1
fc99fce9fd39fcf9
fcf9fd21fd39fcf1
fce9fcf1fce9fce9
fcd1fc89fc99fcd1
fd49fd31fd31fd31
fd51fd51fd59fd49
fd29fd21fd21fd49
fd31fd31fd31fd31
fd39fd31fd31fd31
fd29fd31fd31fd31
fd59fd49fd41fd31
fd69fd71fd71fd61
ff23fd19fd21fd51
fcc9fde2002c00fd
fd9afd92fd9afdb2
fd9afd9afda2fdaa
ff03fe62fdc2fd8a
febbfea3fe9bfefb
ff6bff23ff0bff23
fedbfed3ff03ff43
ff13ff53ff6bff33
ff8cff6bff43ff2b
ffacffdcffb4ffa4
fedbfedbff3bffa4
fe2afe22fe52fe52
fe12fe12fddafe12
fd61fd9afdf2fe22
feb3fe8bfe42fdc2
fe52fe93fecbfee3
011dff4bfeb3fe62
fcc9fce9ff430186
fce1fcd1fcc9fcc1
fcd1fd39fd09fce1
fd19fd29fcf9fca1
fce9fcf1fce9fcf1
fc91fc81fcb9fcd9
fd39fd29fd31fd29
fd49fd41fd41fd49
fd29fd19fd11fd49
fd29fd29fd29fd29
fd31fd31fd31fd29
fd31fd29fd31fd31
fd51fd51fd41fd39
fd61fd69fd61fd59
0085fddafd09fd31
fce9fedb00ad0135
fd9afd9afdc2fd92
fd82fd9afdaafdaa
fe6afdeafd51fd61
fe62fe3afe62fea3
feebfed3fec3feb3
fea3fec3ff03ff0b
fee3ff13ff23fedb
ff23ff53ff2bff0b
ff5bff43ff9cff84
fe02fe4afe83ff0b
fde2fdfafe52fe12
fdc2fdfafdeafdda
fddafd79fda2fdc2
fef3feb3feabfe5a
fe62fe8bfebbfefb
013d005cfeebfeb3
fcc1fcc9fe1200e5
fcd1fcc9fcc1fcc1
fd29fd29fcf1fce1
fd19fd01fca9fca1
fce9fce9fce9fd01
fc81fca1fcc9fcd9
fd29fd29fd29fd29
fd39fd39fd41fd31
fd29fd11fd11fd41
fd29fd31fd31fd21
fd29fd29fd29fd29
fd31fd31fd39fd31
fd41fd41fd41fd39
fd31fd41fd49fd49
0155ff5bfd21fd11
fddaff9c00b500f5
fdbafdcafdf2fd49
fda2fdbafdbafdaa
fdc2fd71fd59fd59
fe52fe1afe2afe6a
fea3fe72fe32fe2a
fe62fe9bfe83feb3
fe9bfeabfe93fe93
ff03ff3bff2bfecb
fe8bfedbff43ff3b
fde2fddafe02fe3a
fde2fdcafdaafdf2
fda2fdd2fdeafe02
fe62fdeafd9afda2
ff13fef3fecbfeb3
feb3fe8bfedbfeeb
00e50125ff84ff0b
fcb1fcd1fd11fff4
fcd1fcc9fcc1fcb1
fd31fd09fce9fcd9
fd01fcb9fc99fd09
fce9fcf1fce9fd01
fc89fcc1fcd1fcd9
fd21fd19fd19fd21
fd29fd29fd39fd29
fd21fd09fcf9fd31
fd21fd29fd29fd21
fd29fd21fd21fd21
fd39fd39fd39fd31
fd39fd39fd41fd39
fd09fd19fd29fd31
00fd00fdfe02fd01
fe5a006c001c0125
fdf2fe0afdfafd61
fdcafddafdcafdd2
fd61fd51fd59fd82
fe52fe42fdfafdca
fdfafe1afe1afe22
fe12fe5afe22fe22
fe2afe0afe12fe22
fefbff1bfebbfe5a
fd82fe2afec3febb
fdb2fdaafd92fd71
fe22fdf2fdbafda2
fdaafdd2fe0afe2a
fecbfe72fe0afdca
fefbff1bfef3fec3
ff13feabfec3fee3
00b501960044ff63
fcb1fcd1fcc9fe4a
fcd1fcc1fcc1fcb1
fd19fd09fcf1fce1
fcb9fca1fcf9fd39
fce9fcf1fcf9fcf9
fca1fcc1fcd1fcd9
fd21fd19fd19fd21
fd21fd21fd31fd29
fd21fd01fce9fd21
fd19fd11fd19fd21
fd29fd19fd19fd19
fd41fd39fd39fd31
fd31fd39fd39fd41
fcf1fd01fd11fd21
015d015dff94fd21
fedbffc4009d0074
fe1afe2afdd2fd71
fdeafdeafdf2fdfa
fd49fd61fd79fdb2
fdc2fdaafd51fd31
fdc2fdbafdc2fe0a
fdcafdf2fdbafde2
fe0afd92fd92fd9a
fe22fe4afe2afdda
fd21fd82fddafe0a
fd8afd79fd61fd51
fe02fe1afe12fdc2
fdeafddafde2fdea
fecbfeabfe5afe22
fed3ff13ff13fedb
ff53fef3fec3fec3
fff4014d00950034
fcb9fcc9fcc9fd31
fcd1fcc1fcb9fcb1
fd09fcf9fcf1fce1
fcc9fd39fd51fd21
fce1fce9fcf9fcd1
fca9fcc1fcd1fcd9
fd41fd92fd92fd9a
fd59fdeafd79fd39
fc58fc99fc91fc78
fd59fde2fcf9fc48
fdbafd09fd82fdba
fe52fd61fd11fda2
00b500a50034ff43
ff63ff5bffc40064
ff6bff6bff5bff63
fecbff23ff5bff63
fe0afe12fe3afe9b
fddafddafdcafde2
fd39fd92fdbafdc2
fcf9fd01fcf1fcf9
fd01fcd1fcd9fcf1
fd11fd09fcf9fd01
fd09fcf1fd39fdd2
fd49fddafdb2fcf9
fcc9fcc9fcf1fcf1
fcd1fcb9fcd9fcd9
fcb1fcb9fcf9fcf1
fc99fc99fc89fca1
fcb9fcb1fc99fc91
fc91fc89fc99fcb1
fc99fc99fc99fc99
fcb1fca9fc99fc99
fc58fc78fc89fca1
fcf9fcd9fc99fc50
fd01fd01fce9fce1
fd19fd09fd01fcf9
fd21fd21fd21fd19
fd19fd19fd21fd21
fd79fda2fd39fd82
fda2fd82fd21fd51
fc78fc81fc60fc99
fd59fdaafcd9fc48
fde2fdb2fdaafdb2
fe83fdcafdb2fe12
0095007cfffcff13
ff5bff7bffdc0064
ff7bff63ff5bff4b
fee3ff2bff7bff94
fe02fe22fe5afeab
fdbafde2fde2fde2
fd11fd82fdbafdba
fd11fcf9fcd9fcd1
fd11fcf9fcf1fd01
fd59fd39fd21fd11
fd51fdaafe3afe62
fe2afe2afd92fd49
fdc2fd79fd82fd92
fd21fd09fd61fdb2
fc99fcc9fd8afd71
fcb9fc99fca1fcb1
fca9fca1fcb1fcb1
fca1fca1fca9fca9
fc91fc99fc99fc99
fc91fc89fc89fc89
fc78fc89fc89fc91
fce9fcb1fc60fc48
fd11fd09fd01fcf1
fd39fd31fd19fd11
fd49fd41fd41fd39
fd41fd49fd49fd49
fd79fd69fd41fd82
fd41fd49fd01fd19
fc58fc40fc60fcb9
fd8afd92fcd9fc58
fe2afe2afe1afe02
fe2afe1afe3afe4a
fff4ff7bfe8bfe0a
ff94ffd4ffe4fffc
ffb4ff84ff5bff4b
feebff53ffacffd4
fdf2fdfafe2afe83
fddafdeafdeafdea
fca9fd59fdc2fdca
fc99fc81fc70fc60
fce1fce9fcd1fcb9
fe12fdb2fdaafd21
fe0afe62ff4bfed3
fefbfec3fe83fe02
fecbfebbff4bff63
fe1afde2fe2afec3
fd09fd11fdcafdd2
fcf9fcd9fd11fd59
fc89fc99fcb9fcd9
fcb9fcb1fca1fc89
fc91fc99fc99fca1
fc81fc81fc89fc91
fc91fc99fc91fc78
fcc9fc70fc48fc68
fd19fd09fd09fd01
fd49fd41fd29fd21
fd69fd51fd51fd49
fd71fd71fd71fd69
fd69fd31fd01fd51
fcd9fd09fcf9fd29
fc10fc58fca1fc91
fdeafd8afcb1fc38
fe5afe6afe62fe4a
fdeafe5afe8bfe6a
0115ffd4fdb2fd19
00b5013d01250125
0024ffd4ff9c0004
fee3ff63ffbc0004
fdfafdfafe0afe4a
fdeafde2fdd2fdf2
fc81fd39fdbafde2
fc78fc48fc40fc48
fca9fc99fc91fca1
feb3fe4afe2afd71
ff23fea3fe5afe6a
fff4ff94002cff94
ff63ff6bfffc0034
fed3ff2bfecbff9c
fdcafd71fe32fed3
fd49fd82fdb2fe72
fc91fcb9fce9fd41
fc99fca1fca1fc91
fc99fca1fca1fca9
fc89fc99fca1fca1
fc91fc91fc91fc89
fca9fc58fc60fc89
fd11fd09fd11fd01
fd49fd41fd31fd29
fd69fd61fd59fd51
fd8afd8afd82fd71
fd41fd29fd01fd29
fcb1fcd9fce1fd51
fc28fc78fc60fc50
fe22fdaafc99fc20
fe7afe72fe7afe5a
feabfe93fe9bfe6a
02b7014dff2bfe42
028f02e702e702ef
0186017d018e0216
ff03ff8c00240105
fe12fe0afdfafe42
fde2fdf2fe02fe0a
fc68fd09fda2fdda
fd79fce9fc99fc50
fd79fd69fdd2fe32
ff1bfef3fe72fe02
fffcff94fedbff43
ff63ffec0064002c
ffecffdcffbcff9c
007c008500640024
fe3afe8bfef3fffc
fd61fdc2fddafe1a
fd11fd79fd82fdca
fcb1fca9fca9fcc1
fc99fc91fca1fcb1
fc91fca1fca9fca9
fc81fc81fc91fc99
fc91fc60fc89fc99
fd11fd09fd19fce9
fd49fd39fd31fd29
fd79fd71fd61fd59
fd8afd82fd8afd82
fd09fcf1fd09fd21
fc89fca9fcf9fd69
fc58fc58fc28fc40
fe4afdcafcc9fc30
fea3fe83fe93fe8b
00ddff4bfeb3fe8b
035f02bf020e01a6
03270357036f037f
030f03370337031f
0074012501fe02bf
fe0afe12fe72ff4b
fde2fdfafe02fe0a
fc99fd29fdeafe02
ff03fe22fd01fc99
fe9bfe62ff2bff7b
ff3bfed3feb3feb3
001400d5ffecff1b
ff33ff13ff1bffcc
ff6bfea3fec3ff1b
002c0034ffa40034
fe5aff13fee3ff63
fe02fe0afe9bfe7a
fde2fe83fe6afeb3
fd11fce9fcd9fd09
fc89fc99fcb9fcf1
fc91fc91fc99fc99
fc81fc81fc99fca9
fc68fc60fc91fc91
fd19fd19fd11fcb1
fd41fd39fd31fd29
fd79fd71fd61fd51
fd8afd8afd8afd82
fcf1fd01fcd9fce9
fc60fca9fcf1fd19
fc58fc58fc30fc30
fe72fe12fd41fc48
fecbfebbfebbfeab
01eeffc4fee3fec3
03b803a803980347
039003a003d003d0
037f03b803c00390
024602d7033f035f
fdeafe6aff940125
fe02fe02fde2fdf2
fdb2fe02fe0afdea
ff8cff4bfebbfe72
ff1bff7bff7bff6b
ff6bff4bfe93fe6a
ff33ffd4004cff9c
fef3fe6afedbfe7a
ff3bfe3afee3fe0a
fee3ff9cfe3aff3b
fd79fe3aff0bfe42
fdd2fe0afec3fe6a
fe2afe52fe72fe3a
fe5afe2afde2fdb2
fc99fcb9fd11fd82
fc91fc99fca1fc99
fc89fc89fc91fc99
fc40fc50fc70fc81
fd01fcf9fcd1fc70
fd39fd31fd31fd11
fd71fd61fd51fd41
fd8afd8afd82fd79
fcd9fd01fcc9fcc9
fc50fc91fce9fcb1
fc40fc40fc28fc28
fe8bfe42fd51fc28
fed3fedbfed3fea3
0206ffdcff0bfee3
03d803d003d00388
03d003c803d803e0
03d003d803e003e8
031f037703a803b0
fdeafebb008d024e
fea3fddafdc2fe02
fee3fe2afd9afe1a
fefbff94fff4ffb4
ff530004ff73fecb
fe62fe83ff6bfeeb
fdd2fe4afeebfe7a
fdc2fec3ffecfecb
fed3fedbfe1afdba
fe4aff03fd59fe83
fd71fe8bfe93fdd2
fd71fda2fe8bfe83
fe32fe8bfe93fdca
fdc2fe02fdc2fdc2
fca1fcf1fdb2fdaa
fc89fc89fc91fc89
fc91fc81fc81fc89
fc50fc50fc60fc78
fc91fc91fc78fc50
fcd1fcc9fcb9fca9
fd39fd21fd01fce1
fd82fd79fd69fd51
fca9fcc9fcc9fcd1
fc58fc60fcc1fc89
fc40fc18fc20fc40
fe9bfe3afd8afc78
fee3fef3fedbfecb
026e002cff2bff03
03d803d803d803a8
03d803d003d003d8
03e003e803f003f8
035f03c003f003f0
fdc2febb011502a7
fe9bfe4afe22fe0a
ff03fe3afe12fe4a
feebfe93febbfef3
fedb00240095ffa4
fe42ff84ff84ff5b
fd8afe5afdb2fdaa
febbfed3feabfe2a
fdcafe2afdd2fe52
fe5afe6afd92fe1a
fe62fe32fdc2fe52
fe22fe12fe3afdca
fd9afdcafd92fdd2
fd69fdd2fdaafdb2
fd49fdeafd79fd21
fc68fc70fc89fc89
fc70fc68fc60fc60
fc48fc58fc50fc58
fc58fc58fc58fc50
fc70fc58fc60fc60
fcb9fca9fc91fc78
fd19fcf9fce9fcd9
fc89fcb9fcb1fcc9
fc50fc68fc91fc70
fc60fc28fc20fc40
feabfe8bfe2afd31
ff2bff23ff03fedb
02ef00c5ff84ff43
03f003f003f003d8
03e803e803e803f0
03d003d003e003f0
03a003c803d003d8
fd61fe93016d02f7
fe0afe02fe42fde2
ff53fefbfe93fe72
ffacfedbfeb3fe72
fea3ff8cffecfff4
ff2bfebbffd4ffbc
fddafe62fdfafe6a
ff33fe12fd71fdb2
fddafdf2fdc2fe12
fdeafe32fec3fd9a
fe52fdf2fddafdda
fda2fe1afda2fd69
fd8afd59fd39fd61
fe5afe0afdeafdfa
fe02fdd2fe0afe4a
fc40fcd9fdf2fe42
fc38fc38fc30fc38
fc48fc50fc38fc30
fc48fc40fc40fc40
fc60fc58fc60fc58
fc68fc68fc68fc58
fc81fc70fc70fc68
fc78fcc1fc81fcb1
fc40fc70fc68fc50
fcc1fc48fc40fc28
feebfed3fe72fdb2
ff94ff63ff23fef3
0357017d0004ffa4
04000400040003f0
040003f804000400
03f003d803e80400
036f039803b803e8
fe4aff3b016d02e7
febbfe7afe32fe32
ff73ff5bffc4ffbc
feebff4bfe6afe93
fe3afe02fe3afec3
fddafdc2ff4bfebb
fd71fd61fdfafed3
fe83fe62fd51fd82
fe4afdaafd39fdd2
fe7aff1bfee3fdaa
fecbfec3fe72fe7a
fdeafda2fdaafe22
fdeafddafe12fea3
fe8bfdbafdc2fdea
fec3fe0afe12fe72
fcc9fe22fe7aff43
fc10fc18fc38fc58
fc58fc40fc20fc18
fc40fc38fc38fc50
fc58fc50fc50fc48
fc68fc60fc60fc50
fc70fc70fc70fc70
fc89fcc9fc78fc99
fc28fc58fc40fc38
fd82fcc9fc99fc20
ff13fef3fec3fe32
ffecff94ff53ff2b
03b0024e00c5002c
0400040004000400
0400040004000400
0400040003f80400
033f039003c803f8
fec3fed30085025e
feebff3bff03fe4a
ff73ffa4ffe4006c
fedbfeb3fe12fe83
fdeafe42fe0afe9b
fdbafe93fed3fd8a
fe9bfed3fe52fe42
fdb2fe1afe72fe0a
fe62fe02fd69fde2
fe2aff23fdeafdfa
ff8cfdf2fe12fe7a
fe62fdeafdfafe42
fe72ff33fe4afef3
fe62fda2fdbafdea
fe3afe42fec3fef3
fd61fd41fd82fe02
fc18fc30fc78fcd1
fc48fc18fc10fc18
fc58fc58fc60fc60
fc40fc48fc50fc58
fc60fc50fc48fc40
fc70fc60fc60fc60
fc81fc99fc81fc89
fc20fc48fc30fc38
fdeafd8afca9fc40
ff33ff1bff03fe9b
0054ffccffa4ff6b
03d802f7019e00dd
0400040004000400
0400040004000400
03f80400040003f8
032703a803d803f0
fec3fdc2fedb0196
ff6bff0bffacff1b
fed3ffecff2bffa4
ffb4fecbfe83fe52
fe1afeebfe3aff5b
fe52fdb2fe02fe83
febbfe83fe9bfe9b
fe52fddafe22feab
fd9afd79fd92fe7a
fd79fdeafe52fe32
ff13fdbafdbafe72
fe5afe93fe4afec3
fe8bfed3ff94ff9c
fd8afd82fd9afe7a
fd79fe62fe7afe3a
fcf1fd59fdb2fd8a
fc30fc60fca9fce9
fc20fc08fc10fc20
fc60fc60fc60fc40
fc50fc58fc60fc60
fc70fc70fc70fc68
fc68fc60fc60fc70
fc91fc91fc99fca1
fc18fc40fc30fc38
fe5afe4afd51fc78
ff53ff4bff33feeb
00ed003cfff4ffac
03e0036f026e019e
03f803f003f003f0
0400040003f803f8
03f003f804000400
01ce032f03d003f8
fea3fe42feabffd4
ffe4ffe4001cff84
fe3afff4ff0bff5b
00540095fef3fe12
ffb4fdeafec30034
fe32fe02fe02fe7a
fd9afd9afd8afdc2
fe83fe1afe7afea3
fd11fd69fe32fe83
fd9afdb2fdbafd79
fe1afe2afe6afe32
fe3afe93fdf2fe4a
fdcafe9bff33fefb
fd31fce1fd59fdda
fdfafe0afddafdaa
fd01fd79fe1afe6a
fc48fca9fd29fd51
fc18fc10fc20fc28
fc48fc48fc40fc18
fc50fc40fc48fc48
fc70fc78fc68fc60
fc70fc70fc70fc70
fc68fc81fcb1fcb1
fc18fc38fc28fc48
fe93fe93fde2fca9
ff94ff73ff43ff0b
018e00d5005cffe4
03f803b8030f0256
040003f003f003f8
0400040004000400
0400040004000400
ff8400ad02cf03e0
fe83fe3afee3ff4b
ffbcff9c0024ffb4
fe6aff73ff5bff23
00d50115ff13fdca
0024fe93fe420004
fd82fed3fe72fedb
fddafdd2fd31fd49
ff7bff53fe02fde2
fd61fe8bfd92feab
fd82fd69fd82fd51
fd49fe0aff3bfe22
fe52ff03feebfe02
fdaaff13fea3fed3
fe02fcd9fd31fe0a
fdbafd49fd51fdda
fdbafe12fe8bfe52
fc68fd11fd8afdf2
fc20fc10fc20fc30
fc38fc48fc48fc20
fc40fc40fc40fc38
fc58fc58fc48fc38
fc78fc70fc68fc60
fc60fc70fcc1fcc9
fc28fc40fc20fc48
fedbfedbfe8bfcc9
ffccff7bff53ff23
020e015500b5001c
040003d8036f02cf
0400040004000400
0400040004000400
03d0040003f803e8
fefbff5b007402cf
ff43fe12fe3afe93
ff13ffbcff33ff2b
fe8bfefbfe52fed3
002400b5004cfe62
feb3feb3fe5aff4b
fd92fea3fe1afed3
fe32fee3fe2afe1a
ff6bffacfeabfe83
fd92fe83fd71feb3
fdbafd69fdd2fdaa
fd59fdf2fdfafdd2
fef3fde2ff1bfe2a
fe93ff3bfe4aff03
fe32fd82fd09fd51
fd39fcd9fc91fd8a
fe22fd9afda2fd61
fce1fd79fdc2fdf2
fc18fc08fc28fc89
fc58fc60fc60fc38
fc50fc48fc50fc48
fc58fc58fc50fc48
fc78fc60fc50fc50
fc68fc70fcd1fcd9
fc30fc58fc28fc48
ff2bfefbfeb3fcc9
fff4ff94ff5bff53
027e01be0105006c
040003e803a8032f
0400040004000400
0400040004000400
030f03f0040003f0
fe72ff8cfecb007c
febbfea3fec3fe7a
feebfff4fed3fe32
ff94fe7afd82feb3
002c0074009500c5
ff2bfe62fe9bff4b
fe6afedbfef3ffec
feebfe72fee3fdda
feb3fe2aff94ff33
fd11fe5afd51feeb
fe4afdeafd51fdba
fea3fdaafe02fe0a
fe32fd61fd59fe7a
fea3fee3fe8bfe52
fdf2fd09fcd1fd71
fd9afcf9fc50fd21
fe83fe0afdaafdca
fd8afd79fdb2fe32
fc48fcc9fca1fcd1
fc60fc60fc58fc48
fc58fc48fc40fc48
fc50fc50fc58fc50
fc58fc48fc48fc48
fc68fc70fcf9fcd9
fc30fc28fc20fc58
ff3bff03fed3fd11
000cff9cff5bff53
02cf01fe0135008d
0400040003d0036f
0400040004000400
0400040004000400
02bf03e804000400
fdaafe93fe6affdc
ff13fe42fe52fed3
ff8cff13fea3feb3
012dfe6afea30034
002c0044ffe400ad
fecbfdd2fe8bfecb
fe1aff7bffac002c
ff13feebffbcfd82
fe52fe93ff53ff43
fd31fd92fde2fe83
fe22fe0afcf1fd71
fe62fda2fdcafe5a
fddafd8afce9fdca
fea3ff03fe62fd59
fce9fd21fcc1fdb2
fd79fd9afd19fcd1
fda2fdc2fd21fd41
fcc9fdd2fdf2fd79
fc70fca1fcb9fca1
fc48fc40fc70fc78
fc50fc40fc40fc60
fc50fc50fc50fc50
fc50fc50fc50fc50
fc48fc50fcb9fcc1
fca9fc40fc20fc40
ff33fef3feabfd19
000cff9cff4bff4b
02ef021e012d007c
0400040003d80388
0400040004000400
0400040004000400
0216039003f80400
ff33ffb4001c008d
ff73fe4afdfaff3b
ff73ff6bff6bff1b
0095ff0bffcc0034
ffacff94ff6b000c
fef3fe52fdaafeab
fe5aff84ff0bff63
fe02fd8afeebfda2
fe7aff1bffccff6b
fd61fd21fe9bfeeb
fdb2fdfafd82fd31
fdc2fe62fdf2fd69
fdd2fe62fe5afe32
fe52feb3ff0bfe2a
fd11fd59fd21fdba
fd41fce9fdcafe1a
fdc2ff63fe83fdc2
fd21fdb2fdeafd41
fd39fcc9fcc9fd31
fc60fc58fc89fcb9
fc50fc38fc50fc70
fc50fc48fc48fc50
fc60fc60fc58fc58
fc30fc38fc81fc91
fdd2fd11fc40fc18
ff2bfeebfe9bfdd2
ffdcff8cff53ff43
02d701ee00fd0044
03f803e803c80377
0400040004000400
0400040004000400
012d02af03d003f0
00bd003c0085ffdc
ff94fea3ff63ff94
fea3feebfec3fe72
0034fff4ff4bff23
ff84ff33fefbff53
fe9bfdaafd49ff4b
fecbff53ff03ff3b
fe6afd8afe0afe32
fe62fdb2ff0bff5b
fd21fd29fe9bff6b
fde2fe5afe62fd8a
fda2fddafe5afd92
fe2afe62fecbfdd2
feb3ff23ff23ff23
fd9afd92fdfafd92
fedbfe3afe12fe0a
fddafe0afe83fef3
fe4afe8bfe12fd82
fd09fcd9fd61fdf2
fc60fc70fcc1fcc9
fc50fc38fc48fc60
fc50fc50fc48fc48
fc60fc68fc60fc50
fc30fc28fc60fc70
fe72fdb2fc70fc18
ff13fee3fec3feb3
ffa4ff73ff5bff43
029f01ae00bd000c
03f803f003d0035f
0400040004000400
0400040004000400
00cd0175033f03e8
0014000cffe4000c
ffacff13ff8cffbc
fed3ff0bfef3ff2b
002cff73fe42fecb
ffb4ff1bfed3ff43
fe32fd51fdc2ff63
fe1aff1bff2bff33
ff1bfd9afee3ff53
fe5afd11fe32fe7a
fdbafd9afea3ff33
fe93fea3fe02fe3a
fd9afddafd61fdb2
fed3fe42fddafd59
ff03fe72fe83ff03
fcc1fc99fd31fdfa
fdb2fd8afd39fcf1
fda2fd8afe1afe9b
fe52febbfe8bfe5a
fcc9fd82fdb2fe3a
fc60fc91fce1fc78
fc40fc50fc40fc48
fc50fc50fc50fc48
fc68fc60fc58fc50
fc20fc30fc48fc60
febbfe02fcd1fc28
fefbfee3feebff03
ff73ff53ff4bff2b
0246014d007cffe4
0400040003d8033f
0400040004000400
0400040004000400
002400dd034703f0
002cffb4fffc009d
ffd4ffb4ff5b0004
feebff03ff2bff23
ffc4ff1bfe32fec3
feabfdf2fe52fedb
fe62fe42fe62ff2b
fd9aff03feb3feb3
fe72fdc2fe9bff13
fd69fd9afd79fd9a
fd9afdb2fe52fe0a
fdb2fd92fd59fd79
fd49fe2afe1afdba
ff23fe22fd01fce9
fec3fe12fe9bfe22
fd69fdaafdb2fe93
fca1fcb9fcc1fca9
fdbafd61fd8afd61
fd92fdf2fe72fe72
fcc1fcc9fd69fe02
fc78fcb1fcc1fd39
fc58fc60fc50fc48
fc50fc50fc48fc50
fc60fc58fc50fc50
fc10fc40fc40fc58
febbfdf2fd59fc89
fee3fee3fee3ff03
ff5bff33ff23fefb
01ce00c50014ffb4
0400040003c802ff
0400040004000400
03e8040004000400
ff8c00b502e70390
000c0034008d001c
007c007c0074007c
ff2bff0bff63ffd4
ff5bfea3fe62feeb
fe6afe32fe5afe9b
fe12fecbfecbff03
fddafefbfe6afe72
fe3afd9afdb2fe8b
fd51fd21fd79fd29
fd41fd8afe02fd92
fe42fdc2fd31fd51
fd61fdb2fde2fdc2
ff4bffccfe93fdea
febbfda2fedbff1b
fcd9fd09fd69ff0b
fd49fcd9fd19fd01
fd21fce9fd29fd79
fda2fdcafdb2fd01
fc70fc89fd82fde2
fc78fc99fcf9fcc9
fc50fc48fc70fc70
fc58fc50fc50fc58
fc60fc58fc58fc50
fc10fc40fc40fc38
fe83fde2fd61fca9
fecbfedbfeebfeeb
ff43ff1bfeebfecb
0155003cffb4ff73
03f803f803a8029f
0400040004000400
032f03d003f80400
ff33ff23ffec015d
00ad00a5003cff6b
001400bd00bd0044
fec3feebff23ffdc
feb3fe83fe93fedb
fe7afea3fe6afe62
fe1afeb3feebfe7a
fdf2fe42fdfafe7a
fdb2fda2fdb2fe02
fdbafd82fd49fd39
fd61fd59fe12fd9a
fda2fdeafdd2fd82
fe32fde2fdf2fd8a
ff2bfea3fe9bfe8b
ff0bfd61fe0afedb
fcc9fcb1fd59fdea
fd9afd8afc91fcf1
fdb2fd39fcc1fcf9
fd21fd82fd59fd82
fce9fce9fd82fd09
fc70fcc1fcc9fc60
fc38fc48fc50fc60
fc60fc60fc60fc50
fc60fc58fc60fc58
fc10fc30fc48fc20
fe52fdcafd61fc89
fecbfecbfee3fecb
ff1bfef3fed3fecb
00cdffc4ff6bff4b
03f803f80388021e
0400040004000400
0145031f03f003f0
ff2bff5bffe40125
00e5000cfedbfe2a
004c00ad009d00c5
febbfeebff63ffdc
fe8bfeabfedbfec3
fee3ff0bfeebfe72
fe7afe93ff0bfe8b
fe02fd8afd8afe42
fe12fd92fdbafdca
fe5afdfafd9afd71
fe4afdcafe6afe0a
fde2fda2fdbafe42
fe52fe22fe12fda2
fe32fe6afe7afe4a
fef3fdd2fd82fdd2
fdbafd71fdf2fdda
fde2fdeafdbafd19
fce9fd39fd31fd9a
fd41fd92fd31fcf1
fd51fdd2fd82fd19
fc70fcc1fc70fcb9
fc50fc60fc60fc58
fc58fc58fc60fc60
fc68fc60fc60fc58
fc18fc28fc38fc18
fe22fdaafd69fc91
feb3febbfed3feab
feebfecbfebbfeb3
0024ff6bff2bff13
040003e0033f016d
0400040003e803f8
027e039003d003f0
fedb010d01ae016d
ffa4ffa4fedbfe2a
ffacff840004002c
fef3ff6bff9cffc4
fec3fef3fee3fedb
ff53ff94ff43fea3
ff03ff1bff23fec3
fe62fd71fd31fe62
feabfe32fdc2fdf2
ff1bfe9bfe8bfe22
ff13febbff23ff0b
fda2fddafdfafe7a
fddafd71fd9afd9a
fd51fdaafe2afe22
fea3fed3fdb2fd8a
fdc2fe32fe32fe7a
fdf2fd82fd29fd21
fd79fdc2fdb2fdaa
fdbafd8afd39fd61
fd82fde2fd41fd39
fca1fcb1fcb1fd29
fc50fc68fc40fc48
fc58fc60fc60fc58
fc78fc70fc68fc58
fc10fc10fc30fc20
fe1afdb2fd71fc99
fe9bfea3febbfe93
fecbfeb3feabfea3
ffa4ff3bff13fef3
040003d802f700e5
03f803f003d803f0
0357039003b003f0
fe1afea300ad028f
0014fff4ffc4fecb
fee3ff3bff5bff9c
ff3bff2bfeebfec3
ff63ff53ff33ff33
ffc4ffe4ff6bff3b
ff73ffb4ff7bff4b
fe7afd71fd92fee3
ff63ff0bfe5afe32
fff4ff94ffb4ff6b
ffbcffc4ffe4fffc
fe62fe9bfeb3fef3
fe72fe22fe22fe6a
fde2fdfafdf2fdd2
fe42fe83fe12fdca
fea3fe5afeb3fe93
fe0afd92fd41fe4a
fe7afe93fde2fde2
fd61fd79fd49fdd2
fd61fde2fd21fce9
fce9fcf1fd39fd19
fc48fc70fc60fc78
fc58fc58fc60fc50
fc81fc78fc68fc60
fc08fc18fc30fc30
fde2fda2fd79fc89
fe5afe62fe8bfe52
feb3fea3fe9bfe83
ff5bff23fefbfecb
03f803c8028f0064
03e803f003e80400
00d501c602cf03b8
fefbfddafe62ff73
ff5300240095ffe4
fedbff1bff13ff33
ff13fed3febbfea3
ffd4ffd4ff9cff63
0024000cffd4ffbc
ffa4000c0014fff4
feb3fdd2feabff84
002cff84ff4bff43
00bd00c5009d007c
003c0054005c00ad
ff4bffd40014000c
feb3fedbfedbff0b
fdfafddafe3afe62
fe72fe62fe5afdfa
ff2bfe1afe0afe72
fdf2fe1afe72ff94
fdcafe3afecbfea3
fdeafdaafd49fe32
fce1fd39fd82fd39
fd01fd09fd79fd11
fc40fc78fcb9fd11
fc68fc70fc60fc50
fc91fc81fc81fc70
fc18fc20fc28fc28
fd82fd49fd21fca1
fde2fe0afe52fe02
fe9bfe93fe83fe42
ff03fed3feb3fe93
03f003a001eeffdc
03b803f003f80400
fe9bfe9b00dd02ff
ffd4ff43feebff33
ff6bffc400640054
fe93feb3ff0bffa4
ff33fef3feb3febb
fff4ffecffbcff84
00440034001cfff4
ffe4003c0054004c
ff0bfea3ff730004
007cfff4ffccffac
00e500e500e500bd
009d00b500cd00cd
ff94002c007c006c
fef3ff23ff43ff53
fe3afe62fedbff0b
fe83fea3fe62fe42
fe42fe1afdb2fe32
feb3febbff03fed3
fdeaff0bfe52fdb2
fe22fd9afd71fd31
fd29fdcafda2fdca
fd11fca1fcd1fcb1
fc60fcb9fd19fd8a
fc89fc89fc78fc60
fcb1fca9fca1fc99
fc40fc18fc30fc20
fd69fd19fcd9fce1
fe6afe8bfe6afde2
fe8bfe83fe72fe6a
febbfe93fe93fe83
03d003370145ff6b
02d7037703c003d8
fe22fecb002c018e
0044ffd4feebfedb
00d50095007c0054
fed3fef3ff6b0054
ff84ff3bfed3febb
0004fff4ffc4ff94
003c00240004fffc
001c0044004c004c
ffacffacffcc0044
00a500740044ffe4
00cd00c500c500ad
00bd00c500ad00b5
00540095009d0095
ff73ffa4ffe4001c
febbff0bff3bff6b
feb3fef3fe8bfeab
fdc2fdeafdbafe12
fed3fef3fea3fdda
fed3fe22fddafedb
fdf2fd49fce9fdb2
fd31fd8afd49fe6a
fd11fd09fcc1fd39
fc99fcb1fd21fd21
fca1fc91fc89fc78
fcd1fcc1fcb9fcb1
fc99fc10fc40fc30
fd69fd39fce1fd21
febbfebbfe4afdba
fe8bfe72fe62fe7a
fe93fe83fe9bfe8b
0337023e0074ff13
01a6027e030f0347
fdf2fdfafebbff7b
ffa4000cffa4fedb
ffccffe4ffbcffa4
fe93febbff23ff5b
ffa4ff6bff0bfebb
0004fffcffdcffbc
00340024ffecfff4
003400340034003c
00440044004c0054
009d008d00740044
00c500c500bd009d
00cd00cd00c500cd
005c007c009d00bd
ffdcfff400340044
ff33ff94ff8cffc4
fefbfec3ff1bff13
fe1afea3fe72fec3
ff43ff1bfed3fe12
febbfe2afee3fefb
fce1fc99fd41feab
fdaafd69fd31fd9a
fd31fd01fce9fd82
fca9fca9fd09fcc9
fcc1fcb1fca1fc99
fcf1fce9fcd9fcd1
fce9fc89fc60fc60
fd41fd39fcf9fd01
fe7afe7afdfafd71
fe8bfe72fe4afe3a
fe7afe83fe9bfe8b
021600fdffa4febb
00fd01960226025e
fd82fd9afee3ff8c
ff7b0034ffd4feab
fe62ff2bff8cff4b
fecbfe9bfe72fe1a
ffb4ff8cff43ff13
000cfffcffecffc4
00340024fffc0004
0044002c00240034
007c007c00640054
00a5008d00850074
00bd00b500d500bd
00e500e500cd00bd
00ad00ad00b500dd
00040004003c008d
ffb4ffb4ffacffcc
febbfee3ff23ff7b
ffb4ff43fedbfedb
ff94ff7bff9cffcc
ff03fee3ff3bfee3
fcb9fd59fe83febb
fdc2fd11fdc2fdf2
fd11fd11fcd9fdaa
fcb1fca1fc78fd59
fce9fcd9fcc1fca9
fd19fd09fcf9fcf1
fd39fd39fcb9fcb9
fd19fd11fce1fcd1
fe62fe4afddafd51
fe83fe83fe72fe4a
fe72fe8bfe93fe7a
00bd000cff1bfe83
008d00d501250135
fd71fea3ff4bff0b
fecbffe4fffcfeab
fdb2fe52ff23ff13
feebfeabfe9bfe2a
ff94ff73ff53ff33
0004fffcffe4ffbc
00340014fffcfffc
004c003c0034003c
0074006c005c0054
00bd008d008d007c
00a5009500a500c5
00cd00c500b500b5
00ad009500bd00bd
ffdcfffc006400a5
ffb4ffbcffccffec
fec3fef3ff33ff6b
fe9bfe3afe72feb3
fed3fe22fdf2fe93
fe52ff23fec3fedb
fd71fe12ff03fed3
fd09fd19fdeafd8a
fd39fd41fd82fe0a
fcb1fca1fc89fd41
fd21fd09fcd9fcb1
fd51fd41fd39fd29
fd61fd92fd49fc91
fd31fce9fcb9fcd1
ff03fea3fe0afd49
fecbff03ff2bff23
fe4afe6afe8bfeab
ffa4ff4bfec3fe5a
0004000cfffcffe4
fdfafe6afe83feab
febbfebbff53feab
fdd2fdcafeb3feeb
ff33fef3fe8bfe52
ff6bff5bff4bff4b
fffcffe4ffd4ffa4
0024000c0004fffc
004c002c00340034
00740064005c004c
00a50074007c007c
0064006c007c009d
00a5009d00950085
0095008d00ad009d
ffe40014005c0095
ffbcffccffccffdc
fec3feebff33ffa4
fe42fe0afe42fe93
fe32fee3fea3fe83
fe4afee3fe9bfeab
fd8afe2aff6bfea3
fcd1fd01fd59fd82
fd71fcf9fce9fd9a
fcb9fca9fcb9fd11
fd49fd29fd09fcd9
fd9afd8afd71fd59
fd92fdeafd61fc91
fd19fcd1fcd1fd01
ffccff03fe02fd31
0014003c0044002c
feabff13ff6bffd4
feb3feb3fe8bfe72
fedbfeb3fe52fe7a
fe7afe6afe83fe6a
fecbfe83fe8bfe4a
fe5afdc2fe42ff03
ff1bff03febbfe52
ff6bff43ff23ff1b
fffcffb4ffbcff9c
00240014000c0004
0044002c001c0024
008d008500640044
006c004c0044006c
005c005c0064005c
006c007c0074006c
007c009500ad0085
0044006c006c0085
ffbcffe4fffc0024
fee3ff03ff5bffbc
fdfafe22fe22fe93
feb3fee3fe83fe22
fe6afebbfef3fedb
fdcaff33ff5bfdca
fc91fce9fd19fd29
fcd9fca1fcf9fd8a
fcb9fc99fcc1fcb1
fd82fd59fd31fcf9
fdfafde2fdc2fda2
fdb2fe02fd61fd01
fd09fcf9fce9fd09
009dff94fe22fd31
00ad00d500ed00ed
ff1bffbc000c006c
fe52fe7afe62fe7a
fd59fce9fc99fd92
fdcafde2fd59fd8a
fed3fe42fdbafe22
fe62fe2afe22ff1b
ff03ff03fee3fea3
ff7bff43ff23ff13
fffcffc4ffbcffac
001c000c000c0004
0044002c001c001c
0034004400440044
004c003400140024
005c005c0054003c
005c006400640054
005c0085009d0085
006c0074005c006c
ffbcffd400040044
ff43ff6bff84ffcc
fe42fe3afe62feb3
ff1bff0bfea3fe9b
fe9bfecbfec3fee3
fec3ff5bfe12fdd2
fcd1fd11fd01fde2
fcc1fca9fd9afda2
fcb1fcc1fcb9fce1
fdcafd8afd49fcf1
fe3afe3afe22fdfa
fdc2fe02fd49fd39
fd01fd11fce1fcf9
01ee004cfe5afd21
016d020e028f0297
ff2bffdc001c00bd
fe52fe6afe4afe52
fc91fcb1fc89fd9a
fd8afd92fd01fc78
fe52fda2fd41fd92
fe52fe62fe9bfef3
fef3fee3fed3fec3
ff8cff4bff2bff1b
0004ffdcffc4ffac
001c00140024001c
002c002c002c0024
0004000c000c0024
001400140014000c
004c00540044001c
004c003c0054004c
004c005c00640064
004c00540054004c
ffd4000c0024004c
fef3ff53ffb4ffdc
fe93fe9bfea3febb
ff0bff0bfedbfe83
fe83febbfecbff63
fe7afe7afdeafe5a
fd61fcd9fd79fe62
fcc1fce9fd9afdba
fcc9fcd1fd59fd11
fe32fdeafda2fd31
fe93fe9bfe8bfe6a
fdb2fddafd21fd41
fcd9fcf9fce1fcf9
02d700edfe93fd21
02e7034f03900388
ffc4009500ed01e6
fe42fe5afe42fe8b
fc30fc50fcc9fdba
fe02fdaafd49fc78
fe42fd69fd8afdda
fe1afdf2fe42fe8b
fefbfee3fecbfe83
ff94ff4bff23ff23
0004ffecffc4ffa4
002400240034001c
0024002c0024002c
0004fffc000c001c
00140004000c000c
004c003400440024
004c004c00540054
004c004c003c0044
0054004400540054
ffe4002c00440054
fee3ff43ff94ffcc
fe9bfe9bfecbfecb
ff1bff13feb3fe62
fe6aff23fef3fedb
fdd2fdaafe22feab
fd31fd19fd29fd41
fd39fcd1fdc2fd31
fd01fd11fdcafd69
febbfe5afdf2fd79
fef3ff03ff0bfef3
fda2fdb2fd21fd59
fcc1fcd1fcd1fcf9
033f016dfebbfd19
039003b003c003b0
008d016501d602cf
fe22fe42fe4aff03
fc68fc50fce1fdba
fe0afd31fcf1fcf1
fddafd49fd71fdca
fe22fdaafd92fe02
ff03fedbfec3fe8b
ff94ff63ff3bff33
0014fff4ffccff9c
0034003c003c002c
001c002c00240024
0024001c0014000c
0014000400140014
004400440044002c
00540054004c0054
0044003c0034004c
003c0054005c0064
fff40024003c0044
fef3ff5bffacffcc
fe6afefbfec3fe93
ff23ff4bfea3fe9b
ff1bff5bff4bff03
fdeafd9afe9bfeb3
fd19fd41fd51fdb2
fd21fcd9fd39fd79
fcd1fd09fd19fce9
ff7bfedbfe02fd31
ff53ff94ffd4ffcc
fd71fd8afd11fd71
fc89fc99fcb1fce9
037701befedbfce9
03c003c803c803c8
012501fe0256032f
fe22fe3afe52ff5b
fcc1fcc1fd39fdda
fdb2fd31fd29fd29
fd71fd59fd49fd8a
fe22fddafd71fdda
ff2bfee3feabfe83
ff94ff6bff53ff43
0014ffecffd4ffac
0054005400440034
00240034003c0044
004c003c00240014
002c001c0024002c
0054004c00540044
0074007400850074
0044004c0054006c
003400540054005c
fff40014002c0024
ff03ff53ff7bffbc
fecbfe9bfe62fea3
ff43ff13feebfebb
ff9cff7bfeb3fefb
fd41fdd2fed3fea3
fd11fce1fd59fd71
fca1fce9fda2fdba
fcc9fd09fcd1fc48
00c5ffccfe52fd09
001c008d01150125
fd79fd61fd01fd8a
fc78fc89fc91fcc9
036701e6fefbfcd9
03c803d003d803c0
018e0246028f035f
fe1afe2afe6affac
fce9fd41fd8afdea
fd92fd69fcf1fd8a
fd9afd8afd69fd41
fddafd79fd82fd8a
ff1bfee3feabfe6a
ff94ff63ff43ff23
000cffe4ffdcffbc
00440044003c002c
002c003c0034003c
003c002c00240024
0034002c002c0034
006c004c00540044
0074006c007c0085
003c003c004c005c
00540054005c004c
ffec001c002c0044
ff0bff53ff9cffb4
fe4afe62fe83feb3
fecbfeb3ff0bfed3
fefbfebbfe83fed3
fcf9fe0afe02fe8b
fcf9fd09fd41fd01
fd01fd11fd71fcf1
fcc9fd21fcc1fca1
024e012dff23fd51
014501be02660287
fd59fd21fd01fd31
fc70fc89fc99fcd1
031f01a6fefbfce1
03d003c803c803a0
01e6027602c7037f
fe22fe32fe8b0014
fdaafd92fdc2fe02
fda2fd51fce9fdd2
fdaafd82fd82fd8a
fdbafd29fd49fd71
ff0bfeebfea3fe4a
ffacff7bff43ff1b
0014fff4ffd4ffc4
003c004400340024
002c00340024003c
0024001c000c0014
0034002c0034002c
006c005c00540044
005c00640074007c
003c003c003c0044
0054005400540044
ffdc0014002c005c
ff13ff5bff9cffb4
fe22fe3afe83fedb
feabfefbfee3fe72
fe72fe22fdf2fe2a
fd79fddafdb2fe32
fd19fd39fd9afd11
fdaafd51fcd9fd09
fd41fd59fce1fd79
036f02bf00edfe6a
02ff033703770377
fd21fce1fcf1fce9
fc81fc89fc91fcd1
033701e6ff5bfce9
03d803c803c003a8
024602a702f70398
fe32fe42feab0095
fdd2fdcafdeafe12
fd61fd49fd01fdf2
fd59fdaafd82fdb2
fda2fd01fce1fd41
ff0bfefbfea3fe22
ffacff73ff4bff23
000cfff4ffd4ffb4
0054004c003c002c
00340034002c0044
001c001c00140024
002c001c002c0024
0074006c00640044
00640074007c007c
003c003c0044004c
005c004c00440044
ffbc000400340054
ff1bff3bff84ff9c
fe42fe7afeb3ff03
feb3fec3feabfe32
fe6afe12fe02fe5a
fd82fddafd8afe52
fd51fd82fdc2fd41
fd61fd51fce1fd79
fddafd11fd49fd51
03f003c802af000c
03b803e003f003e8
fce9fc99fcd9fce9
fca1fc81fc81fcb9
03b802df0064fd49
03e003f003e803d0
029702c7031f03a8
fe2afe32fedb0105
fe32fe02fe02fe1a
fd61fd39fcb1fdf2
fcf9fd51fd49fd69
fd92fd09fcc9fce9
ff0bfefbfea3fe1a
ffa4ff84ff53ff23
fffcffe4ffd4ffc4
006400640044001c
002c0034003c0044
002c001c0024003c
0034001c002c0034
008d0085007c005c
007c00850095009d
0054005c0064006c
004c0044003c0044
ffd4001400340034
ff2bff4bff84ff94
fe5afecbff03ff23
fe42fe3afe1afe2a
fe72fe4afe42fea3
fd49fd92fdc2fdfa
fd49fda2fd41fda2
fcd9fd29fc91fd29
fe62fd9afd82fca9
03f803f0036f011d
03e003f003f80400
fcb9fc78fcd1fce1
fcd9fc89fc99fcb1
0400037f0115fdca
03e80400040003f0
02c702d7033703b0
fe22fe32ff2b016d
fe2afe22fe0afe22
fdb2fce1fca9fde2
fca9fcf9fd39fd41
fdb2fd09fcd1fca9
ff23ff03feb3fe2a
ffb4ff8cff5bff43
0004ffdcffc4ffcc
007c006c00440024
002c003c00540074
0064005c004c0044
0044003c00440044
00c500b500a5006c
009d00bd00bd00c5
005c005c00740085
0044004c004c004c
ffdc001400240034
ff3bff4bff84ff9c
fe8bff03ff2bff33
fe42fddafdcafe1a
fe52fe32fe72fe83
fd59fd82fd79fd9a
fd49fd39fdaafdba
fce1fd11fd19fce9
fedbfdfafd69fd09
040003f803a0019e
040003f803f80400
fc91fc50fcb1fcc9
fd51fca9fcb1fca9
040003880155fe6a
03e803f803e803f0
02df02d7034703b8
fe2afe32ff9c01d6
fe1afe0afe12fe3a
fd92fce1fc78fdca
fc70fcf9fd61fd51
fdc2fd19fcd1fc99
ff2bff0bfec3fe42
ffb4ffa4ff6bff43
fffcffdcffd4ffc4
008d007c004c0014
003c0044008500a5
00a50095006c0054
0054004c003c0044
00d500d500ad0074
00cd00d500c500ed
005c0064008500ad
004400540064005c
ffdc001c00240034
ff4bff63ff84ffa4
febbff1bff3bff3b
fdf2fd8afd79fe12
fe22fe83fe2afe1a
fdaafd79fdc2fd9a
fce9fd29fd8afdd2
fd41fdcafdb2fcf1
ff4bfe0afd59fdb2
03f8040003b801ee
04000400040003f8
fc89fc38fc99fcc9
fd61fcc9fca1fc99
03f803770186fec3
03f003e803e803f8
02e702d7035f03c8
fe2afe42001c022e
fe22fe02fe0afe3a
fd51fd49fcc9fe2a
fc78fcc9fd59fd61
fdbafd21fce9fcc1
ff3bff1bfecbfe62
ffacff94ff63ff43
ffecffd4ffdcffcc
009d009d003c0004
0044002c008d00b5
00cd00cd00ad0074
005c005c002c0034
00ed00ad00bd0085
00cd00d500dd00fd
006c007c009d00b5
0044005c006c0085
ffe4001c002c003c
ff6bff84ffacffbc
fef3ff2bff33ff53
fdc2fd61fdbafe52
fe72fe8bfdeafe0a
fd8afdfafe22fdda
fce1fd71fddafe12
fd82fdc2fd79fcf9
ff9cfe4afdc2fdca
03f003e803b00206
03f80400040003f8
fc78fc30fc89fce1
fd82fcf9fc89fc70
0400038801beff03
03f803f003f00400
02e702d7036703d0
fe2afe830095026e
fe32fe12fe12fe22
fd19fd31fce9fe1a
fc89fc68fcb1fd49
fdeafd29fd09fcd1
ff43ff1bfebbfe83
ffa4ff7bff5bff4b
ffccffbcffbcffbc
007c006c0004ffd4
00540024008500ad
00bd00ed00d50095
005c004c0014001c
00e500ad00a5007c
009d00cd00bd00bd
0095008500b500ad
000c002c002c007c
ffecffecffe4fff4
ff73ff94ffd4ffdc
ff0bff2bff33ff53
fd59fdc2fe3afe9b
fe8bfdf2fdcafdca
fd49fdfafe72fe1a
fcf9fd59fde2fe2a
fd39fd19fd09fd31
ffb4fe7afdfafdaa
03f803f803b8021e
03f003f804000400
fc70fc28fc68fcd1
fdc2fd19fc78fc70
03f803980206ff5b
03f003f003e803f8
02cf02e7037703d8
fe2afee3011d0297
fe0afe02fe22fe22
fd11fd11fcc1fde2
fc99fc68fc78fcc9
fe2afd69fd29fce9
ff4bff1bfebbfe93
ff84ff7bff63ff4b
ffb4ff9cff73ff73
00540004ffb4ffa4
006c0014007c00a5
00ad00fd00dd00b5
005c002cfff4001c
009d008d007c005c
0074009d005c006c
002c007400b50074
ff1bff63ff8cffb4
ffdcffacff5bff23
ff4bff8cffccffe4
feebff0bfeebff1b
fdb2fe12fe83febb
fe8bfdeafd61fd71
fd41fd69fda2fe3a
fd39fdb2fd41fd51
fd51fd82fd41fdaa
ffb4fe7afe12fdba
03f0040003b0021e
03e00400040003e0
fc58fc28fc40fca9
fe0afd51fc70fc60
03f00398022eff94
03e803f003e803f0
02bf02e7037703d0
fe2aff4b017d02a7
fe12fe12fe32fe2a
fd19fcf9fc89fd59
fca9fc70fc99fcb9
fdfafd8afd41fd01
ff0bfeb3fe7afe42
ff63ff63ff43ff1b
ff73ff63ff3bff43
fff4ffacff53ff53
005cffcc0044005c
00ad00ed00bd00b5
002c0034fffc0024
007400740064003c
fffc003c003c0064
ffa4ffe40014ffec
fe3afe9bfecbff33
fefbfeabfe7afe3a
ff4bff73ff8cff43
fef3ff0bff13ff33
fe2afe83fe9bfec3
fdbafda2fd79fda2
fd9afd9afdc2fe6a
fd59fd39fcb1fd41
fce9fcb1fcd1fd51
ffa4fe7afe2afd49
03f8040003b00216
03e003f8040003f0
fc50fc18fc20fc81
fe32fd69fc70fc50
03e803a00246ffd4
03d803e803e803f8
028f02df037703d0
fe42ffb401be02a7
fe2afe22fe42fe2a
fcd1fd09fcc1fd61
fcd9fc89fc91fca9
fd92fd69fd31fd01
fe62fdfafdcafdc2
ff2bfefbfeb3fe72
ff23ff23fefbff03
ffb4ff5bff03ff13
0014ff8cffecfffc
005400ad00c50095
ffdcfff4ffe4000c
0014fff4fffcffdc
fecbff3bffa4ffdc
feb3fedbfed3febb
fe12fe4afe7afe9b
fdfafe2afe5afe22
ff43ff1bfeabfe22
fee3fef3ff13ff23
fe6afea3fe93febb
fdb2fdf2fdbafdd2
fd82fdd2fdb2fdd2
fd29fcd9fce1fd92
fca1fd01fd01fd29
ff73fe5afe22fd29
0400040003a001ce
0400040004000400
fc40fc20fc28fc78
fe62fdbafc91fc40
03d803a0026e000c
03c803d803d803e0
025e02d7037703c0
fe72002401f60297
fe3afe2afe42fe1a
fcf1fcf1fca9fd51
fd01fcc9fc89fcc9
fd21fd61fd31fd11
fe0afdb2fd51fcf9
fe2afdf2fdf2fe02
feb3fe9bfe72fe3a
ff7bff33fef3fedb
ffacff3bff84ff9c
0034007c0095003c
ff9cffacffbcffd4
fef3ff1bff23ff84
fd49fdbafdeafe62
fe52fe8bfe3afd8a
fe32fe72fe4afe1a
fe32fe7afea3fe62
fe83fe3afe22fe22
fec3fecbfecbfecb
fe8bfe8bfe9bfec3
fe02fde2fde2fe3a
fd92fdbafda2fdd2
fd21fd39fd11fd71
fc70fd29fd01fd29
fef3fe0afdeafca9
040003f803670135
0400040003f003f8
fc38fc40fc38fc50
fe83fd82fc60fc30
03c003980297005c
03b003c803c803c8
022e02c7036f03a8
fecb008d0206025e
fe2afe2afe22fe12
fd19fd29fc68fd61
fd11fcf9fc81fca9
fc81fcc9fd09fd21
fd71fd09fce1fc89
fda2fdb2fda2fd79
fddafd9afd9afdb2
fef3fec3fe93fe5a
ff63fefbff43ff3b
002c007c0054fff4
ff5bff4bff3bffb4
fe0afe52fea3ff13
fd19fd41fd61fd92
fdc2fdf2fda2fd41
fe3afdfafdc2fdba
fe9bff2bff53fecb
fe52fe3afdfafe02
feb3feb3fecbfeab
fe83fe8bfea3febb
fdaafd79fe42fe93
fde2fddafdc2fdca
fcf1fcd9fd29fd79
fc89fd39fd49fd92
fe52fdcafdf2fcd1
03f003c802d70064
03f003e803e003f0
fc28fc50fc50fc48
fe93fd59fc50fc20
03a0038802c700b5
039003a803b003a8
01f602b7035f0388
ff4b00e501fe0216
fe0afe12fe12fe12
fd11fd92fc78fda2
fd19fd01fc78fc68
fc70fc70fc99fcf9
fd21fcc9fc99fc89
fd69fd79fd8afd51
fd29fcf1fd09fd41
fe62fe02fdcafd82
ff03fedbfea3fea3
0004004c0014ff73
ff0bfee3ff03ff7b
fd71fdbafe5afed3
fd01fcc9fce9fd21
fe72fe52fdb2fd19
ff9cfe8bfdfafde2
ff53016502cf019e
fdaafdaafdeafe6a
fee3fe8bfdeafda2
fe7afe8bfea3fedb
fd69fdfafe72fe93
fd9afd61fda2fdaa
fd19fd31fd71fd41
fca9fd49fd8afd9a
fdcafd69fdbafcc9
037f02f701aeff63
03e003d803d803b0
fc30fc40fc60fc60
fe8bfd59fc68fc28
036f037702e70105
036703880390037f
01d6029f0347035f
ffc4012501de01ce
fe0afe0afe12fe4a
fca9fd51fcc1fdca
fd39fd29fcb9fc60
fc78fc68fc89fcd9
fcd9fcc1fc91fc78
fd01fd11fc89fcb1
fca1fcc9fce9fcf9
fd71fd01fce1fca1
fee3fe83fe02fd9a
ffe40004ffbcff23
fe8bfe93ff03ff53
fd59fd01fd71fe42
fdbafe02fd92fd92
fd19fd49fd92fdaa
0125fe52fd49fd19
ff1b012d03a803b0
fe22fe2afe52fe83
fdfafd69fda2fde2
fe9bfe9bfeabfecb
fd9afe4afe7afe93
fd31fd79fd92fdb2
fd51fd79fd8afd21
fd39fd39fd29fd71
fd59fd19fd71fce9
0216013d0024fe83
0357032f02ff029f
fc48fc38fc58fc81
fec3fd8afc91fc20
034f035702e70155
0347035f03670357
01ce02970337033f
002c013d01ae018e
fe0afe12fe12feb3
fc89fcf9fcf9fdda
fcf1fcf9fd09fc99
fcf9fcc1fca9fcd1
fdb2fda2fd92fd51
fe3afdeafdcafdc2
fce9fda2fe72fe7a
fca1fc81fca9fcd1
fedbfe3afd79fcf9
fffc000cff84ff13
fdc2fe93ff1bff8c
fd51fd71fd59fd61
fc78fd59fcc1fd11
fd8afd19fcb1fc60
00b5fe93fdeafdc2
fe02000402bf02f7
fdd2fdbafd79fd69
fd41fe8bfe52fdd2
fec3feebfecbfe7a
fdcafe72fe93fe9b
fdbafdcafd9afd82
fd59fd79fd51fd49
fd31fd41fd29fd59
fd01fce1fd31fc99
0054ff9cfee3fdca
021601ae016500f5
fc50fc28fc48fc99
ff63fdd2fc99fc20
0327030f0297018e
0307031f031f031f
01c6029702f702f7
008501350165015d
fe0afe22fe22ff23
fc50fc91fcd9fda2
fd09fd11fd19fca1
fcf9fd29fd29fd39
fcd9fce9fd19fd09
fd19fd09fce9fcf1
fdaafd51fd39fd29
fcb1fd09fd71fd8a
fee3fdf2fcf1fcd1
fffcffecff53ff2b
fd39fdf2ff13ff7b
fc40fc50fc89fd21
fcb1fc68fc50fc48
fe22fdaafd79fd19
00bdffb4ff23feab
fe6affac016d01ae
fd31fd19fd29fda2
fe32feb3fe02fd59
fe3afde2fdbafe6a
fe02fe72feabfe93
fe52fde2fd71fdba
fd71fda2fd59fdc2
fd41fd29fd19fd79
fcb9fcb9fd31fcc1
ff33fec3fe1afd29
00ad0034ffe4ff9c
fc40fc28fc30fca1
fff4fe42fc91fc30
02e702c7025e0196
02c702df02df02df
01c6026602af02b7
00ad011d0145014d
fdf2fe0afe52ff94
fd49fca9fcb1fd9a
fcb1fd19fd9afd82
fc70fc99fc91fc70
fce1fcd9fc99fd11
fc20fc40fc60fcc1
fc99fc58fc30fc18
fe2afdbafd79fcd9
fe62fd92fcb1fdfa
ffc4ff8cfe8bfe5a
fd21fddafe5aff13
fcd1fc91fc58fc89
fd39fd21fd11fcd1
fcc9fca1fcc9fd31
ffb4fe4afd51fd11
feabff33003c007c
fd49fd8afdf2fe4a
fdfafdf2fd29fd09
fc81fc28fc48fd9a
fddafe12fdaafcf9
fdfafda2fd71fda2
fdc2fd92fda2fe02
fd31fd29fd19fd92
fc91fcb1fd19fce1
fe2afe02fd71fcb9
ff7bff23feb3fe52
fc30fc30fc38fc78
0054febbfcc1fc30
028f027e022e0196
027e028f028f028f
01c602260256026e
00bd00fd01150155
fe22fe0afebbfff4
fd59fd69fce1fe02
fc91fcd9fd51fd59
fcb1fc68fc78fc78
fcd9fd21fd39fdd2
fc30fc50fc78fc91
fc68fcc1fca1fc38
fe32fd09fcb1fc58
fcf9fc78fc38fd09
fdeafdc2fd41fd29
fd49fdd2fcc1fd41
fd71fd8afd41fd01
fda2fce9fd71fd92
fcc1fc89fd09fecb
fe22fd82fd11fd82
fed3fe5afea3fe62
fe2afe42fe5afe8b
fdb2fd82fd8afde2
fc60fc20fc20fcd9
fd49fcd9fcc1fcb9
fdaafd69fd82fd9a
fd61fd8afe0afdf2
fd21fd69fd41fdba
fc91fcb1fcf1fd01
fcd9fcf1fcd9fc89
fe4afdfafd82fd09
fc40fc38fc60fc60
0085feebfcf1fc30
0226022601fe0186
0236023e022e021e
01c601e601fe0216
00c500dd00ed0155
fda2fe32ff430044
fd41fd8afce9fd31
fc99fce1fd41fd61
fd01fca9fc68fc70
fc89fca9fca1fd01
fc68fc91fd29fce1
fc78fde2fdcafc91
fd01fcf1fd69fca9
fe6afd71fc70fce9
ff63ff73ff53fefb
fdbafd59fd61fec3
fdaafdc2fdfafdb2
ff3bfdd2fd19fd8a
fce9fca9fd39ff43
fd61fd69fd8afe7a
fd9afd21fd9afdd2
feabfe6afe32fe0a
fd8afdeafeabfecb
fd9afc38fc18fc78
fcd9fcb1fcd1fdca
fdbafd39fd59fd39
fd49fd79fdd2fe0a
fd09fd49fd61fd79
fc81fc91fcc9fc99
fc20fc78fc89fc81
fd39fcc9fc60fc20
fc48fc60fc68fc40
00adff3bfd19fc20
01d601e601ce016d
01ee01f601e601ce
01b601b601be01de
00bd00b500cd0155
fc60fe62ff9c005c
fd59fd82fc78fc08
fc91fcd1fd39fd69
fd11fd21fce9fcc1
fca9fca9fc81fcc9
fc91fcd1fe12fd79
fc60fd92fd09fc78
fd01fe8bff43fd11
ff0bfd79fc91fd41
ff8cffec0014ffc4
fdc2fd9afdbafee3
fdd2fe9bfea3fe0a
0054ff33fdb2fd71
fca1fca9fda2ffec
fd01fd21fd19fce9
fce9fd11fdfafe02
fe93fe62fdd2fd39
fd49fe32fef3fecb
fdb2fc99fcd9fcc9
fcb9fcb9fcf9fe5a
fd29fcf9fcf1fcc1
fd71fd39fde2fe42
fd01fd31fd11fd8a
fc89fc99fce9fcc9
fc48fc68fc78fc91
fcb9fc60fc20fc20
fc48fc91fc89fc68
00cdff6bfd31fc20
01a601b6019e015d
01b601c601be019e
019e01a601a601b6
00a5009d00bd0145
fc60fed3ffd40054
fd61fdaafc81fc18
fd31fcf1fce9fd19
fd21fd59fd8afd82
fd19fca9fc58fca1
fca9fd9afee3fe2a
fc91fc91fc58fc68
fda2ffec002cfdda
ffc4fdeafc99fd31
000c005c007c003c
fda2fd92fd79ff13
fe5afe22fed3fe3a
ffecfeebfe42febb
fca9fcd1fe42fff4
fd82fd11fce9fcc9
fd31fd61fe1afe6a
fe3afe0afdc2fd61
fd82fe32fed3fe8b
fce1fd29fd69fd41
fcf9fce1fcf1fd09
fcd1fcb9fcc1fcd9
fd92fdb2fe32fd79
fcc9fd21fcf1fd8a
fc78fca1fcf9fc99
fc78fc68fc68fc81
fc78fc70fc68fc60
fc50fc89fc99fc81
00d5ff8cfd49fc50
017d018e017d014d
019601a6019e0186
017501960196018e
008d008d00bd012d
fc81ff4b001c0064
fd11fd79fc70fc10
fdbafda2fd49fd19
fd19fd92fddafde2
fd51fce9fc89fca1
fd61fe1afe42fdc2
fe02fe1afd61fd29
fdc2fef3fed3fe52
0014fedbfca9fd01
0034009500b5007c
fdf2fd51fd59ff1b
fe72fe5afe5afd8a
fe42fddafdfafe62
fdbafddafe6afe93
fe83fe72fe3afe5a
fdaafdaafdf2fe52
fe12fe8bfe7afde2
fdaafe3afee3fe72
fd09fd19fd09fd11
fcc9fcc9fcc9fce9
fcb9fd01fd39fd11
fd51fddafd69fc99
fcb1fd11fd01fdaa
fc81fcb1fd11fca9
fc78fc70fc68fc68
fc50fc48fc68fc78
fc70fc60fc89fc91
00ddffbcfd49fc50
015d016d015d0135
016d017d017d0165
01550175016d016d
0085008d00c50115
fce9ffb40054007c
fd51fd19fc58fc20
fdf2fe02fe1afdd2
fce9fd71fde2fe0a
fd79fd59fce9fcc9
fdc2fdaafda2fd8a
fecbfedbfe32fe12
fdd2feb3fe93fe93
0044ff6bfd51fc99
002c00ad00e500a5
fdfafd19fdaaff1b
fe93febbfe8bfd29
fdd2fde2fe22fe5a
fe62fe0afdf2fe22
fe4afe8bfe52ff0b
fe22fe12fe02fe62
feebff1bfee3fe6a
fd82fe32fee3fed3
fd39fd61fd59fd29
fc60fca1fcc1fce9
fcd9fcb9fc70fc40
fd31fdb2fcd9fce1
fcf1fd59fd49fd82
fc89fcc1fd41fc91
fc81fc89fca1fc91
fc68fc58fc81fc99
fc70fc50fc68fc99
00f50034fd9afc68
013d013d012d011d
013d01450145013d
011d0135013d013d
0095009d00d50105
fe720024004c0064
fde2fd01fc68fca9
fe2afe32fe4afe62
fd51fd79fdc2fe1a
fda2fdb2fd71fd71
fdcafdaafdcafdba
ff13feb3fe2afe22
fddafebbfea3ff0b
007cfff4fe3afc81
0004008d00f500c5
fdb2fd59fe52ff6b
fe32fe6afe72fe32
fe0afdf2fe0afe42
fe52fe5afdfafe22
fe4afe5afe22fecb
feb3fe62fe4afe7a
ff43ff53ff23fef3
fdb2fea3ff33ff13
fdbafd9afd69fd31
fcd1fd01fd41fd82
fc50fc70fca9fc70
fd21fd59fcb1fc81
fd82fd11fd69fd82
fc91fd21fe42fdf2
fc89fc91fc91fc81
fc60fc60fc70fc81
fc91fc60fca1fca1
00f5007cfe22fce1
01250125011d0115
011d011d011d011d
01050115011d011d
008d00ad00d500f5
ffc4003c00640074
fe5afd21fc68fe32
fe72fe62fe62fe7a
fdb2fdcafe02fe6a
fdc2fdc2fddafd8a
fe22fe02fe02fde2
fefbfecbfe7afe5a
fd51fe62fea3fecb
00c50014feebfcc1
ffdc005c00dd00f5
fd41fde2fea3ff7b
fe5afe4afe52fe7a
fe02fe0afe1afe4a
feabfe52fe1afe12
fe5afe83fe9bfee3
feebfebbfe7afe6a
ff6bff63ff4bff1b
fedbfebbff7bff6b
fee3feb3feabfefb
fe2afe72fe9bfec3
fcd9fd59fd41fd51
fd59fce1fc60fc50
ff43fd49fda2fd79
fd39fedbfffc0034
fc81fc89fc89fc99
fc78fc81fc78fc81
fcc9fc70fcc1fc91
00f5009dfecbfd69
011d011d0115010d
0105010d010d010d
00f5010501050105
009500bd00dd00ed
ffe4003c006c007c
fe62fd29fd9aff43
fecbfeb3fe93fe93
fde2fe1afe52fea3
fdb2fdb2fdaafd92
fe02fe0afdf2fdc2
fdeafdfafe12fe12
fcf9fe1afe62fe2a
00f5002cff1bfd31
ffc4003400a500ed
fd21fe32fecbff5b
fe7afe4afeb3fdea
fe72fe5afe62fe9b
feabfe8bfe83fe7a
fe9bfe93fe9bfec3
feebfecbfeabfea3
ffacff94ff73ff2b
ff33fedbffacffd4
ff4bff7bff7bff84
fe9bfee3fefbfefb
fd19fcf1fd41fdea
fd29fca9fcd9fd19
ffa4fe6afd51fd19
fe72ff63ffa4ffac
fc81fc81fc91fd09
fc89fc99fc99fc99
fcf9fc58fca1fc99
00fd00d5ffa4fdc2
0115011d011d010d
00fd010501050115
00ed00f500f500f5
00a500cd00e500ed
0014003c006c0074
fe32fd21fe72ff8c
fecbfedbfec3fe9b
fe22fe62feb3fec3
fddafe0afdeafdea
fdc2fdbafd92fd9a
fe72fe4afe1afdd2
fd71fdc2fe5afe8b
0105005cff53fde2
ffb40014008d00dd
fdf2fe9bff03ff5b
fe6afef3feebfdb2
feabfeb3fedbfebb
ff0bfebbfe9bfe9b
ff03feebfedbff2b
ff13ff0bfeebff03
0004ffa4ff7bff4b
ff3bfe7aff6b002c
ff63ff94ff94ff8c
feabfed3fedbfefb
fd11fcd9fd39fe1a
fcf9fd19fdeafd9a
ff3bfeebfdf2fd49
fee3fec3fe9bfed3
fc81fc78fcb1fdc2
fc70fc89fc91fc99
fd11fc38fc81fcb1
011501050074fe8b
0115011d011d0115
00f500fd010d0115
00ed00ed00ed00ed
00b500d500e500ed
004c00540064007c
fe22fd09fe32ff73
fef3fed3fe93fe9b
fe62feabfed3fedb
fe3afe52fe0afe02
fe42fe2afe3afe1a
fecbfec3fecbfe8b
fdcafd79fdfafec3
012d009dff8cfe9b
ffbc002c009d00f5
fec3ff23ff2bff4b
febbff2bfe8bfe8b
ff3bff4bfefbfe7a
ff6bff43ff0bff23
ff33ff23ff13ff43
ff8cff6bff5bff43
ffdc000cfff4ffbc
ff3bfe83fe62ff43
ff53ff7bff84ff5b
fe8bfeabfeebff13
fd31fd29fe12fe93
fd71fdbafe0afdc2
fe4afebbfe72fde2
fe5afd69fca1fcd9
fc81fc89fd29fe72
fc60fc70fc78fc89
fdeafc48fc68fca1
011d012500fdffec
0115011501150115
01050105010d0115
00ed00ed00ed00f5
00c500d500dd00e5
003c005c006c00a5
fd29fc99fd61fe9b
febbfea3fe9bfe72
fe8bfebbfed3febb
fe9bfeb3fe8bfe62
fecbfebbfe8bfe5a
fe9bfed3fee3fef3
fe3afd71fdbafe52
012500cdffd4fef3
ffc40044009d00f5
ff43ff73ff53ff43
fdfafe0afe7afecb
ff6bff3bfedbfe6a
ffdcffbcff84ff8c
ff03ff4bffa4ffbc
ff2bff43ff33ff0b
fedbff0bff0bff13
ff73feebfe4afeb3
ff43ff73ff73ff6b
feb3fee3ff03fefb
fdb2fe02fe8bfeab
fdf2fd92fddafdca
fd19fe2afe62fe1a
fdc2fd41fd59fd39
fc91fca9fe0afeb3
fc48fc68fc68fc81
ffc4fd59fc40fc91
011d012d012d00cd
010d010d010d010d
010d0105010d010d
00ed00f500fd0105
00cd00d500d500e5
fff40064008500bd
fca1fc58fc78fd61
feabfe9bfe52fdc2
febbfed3febbfebb
feb3fecbfee3fec3
fe9bfebbfeabfe93
fe42fe52fe3afe4a
fed3fde2fdc2fe12
010d00fd002cff4b
fffc0054007c00d5
ff53ff7bff63ff7b
fe42feabfeb3ff03
fe02fe0afdeafe02
fe22fe02fdcafdda
fdfafdf2fe02fe1a
fec3fe83fe4afe1a
ff23ff3bff3bff03
ff63ff84ff6bff43
ff0bff7bff84ff6b
feb3feebfee3feb3
fdfafe6afe6afea3
fdd2fd61fd69fd51
fdf2fd61fe02fe52
fe32fe4afe5afe42
fca1fd09fe7afeab
fc30fc60fc60fc81
00f5ff6bfce1fc58
011d012d013d0115
010d010501050105
010501050105010d
00ed00fd010500fd
00cd00d500d500e5
ffdc007c009d00bd
fc91fc48fc28fcd9
fe42fe42fe02fd61
fe72fe83fe62fe4a
fe6afe8bfe72fe6a
fdf2fe32fe6afe6a
fe7afe52fe12fdc2
ff43fe7afdcafe5a
00ed00fd0064ffa4
004c007c009500bd
ff6bff9cffd40004
ff0bfee3fefbff33
ff2bff3bff1bff1b
fe83fe93fe9bfec3
ff23fed3feabfe93
ffe4ffbcffa4ff6b
0004000c003c002c
ff94ffb4ff9cffcc
ff23ff7bff43ff1b
febbfedbfeabfebb
fe52fe72fe72fe93
fe22fdd2fcf1fd41
feb3fe62fd9afe62
fe9bfea3fe5afe5a
fcb1fd31feabfed3
fc08fc38fc60fc89
013500cdfebbfca9
012d012d012d012d
0125010d00fd010d
010d00fd00fd011d
00ed00f500fd00fd
00d500dd00dd00ed
fffc00a500cd00cd
fc70fc18fc18fcc9
fd39fd79fd82fd01
fe02fdc2fd92fd59
fe93fe6afe32fe2a
fed3fed3feb3feab
fee3ff1bff1bfee3
ff8cfefbfe22fe5a
00ad009d002cffc4
0064009d00ad00a5
ff4bff8cfff40024
ff1bff0bff43ff4b
ffdcffb4ff7bff53
ffc4ffd4ffccffd4
0024fff4ffd4ffc4
005400540054003c
00040024004c0054
ffa4ffd4ffb4ffa4
ff33ff43ff2bff53
fed3fecbfea3feeb
fe1afe6afe8bfeab
fea3fe8bfdeafd92
fedbff13fe93fe42
ff03fee3fe62fe72
fcb1fdaafec3fed3
fc08fc30fc58fc89
012d011d0034fe1a
010d00fd010d011d
013d0125010d0115
01250105010d0135
00fd0105010d010d
00dd00dd00ed00f5
003400dd00f500e5
fc60fc10fc08fcc9
fd79fd31fcd1fc91
febbfe83fe42fdf2
ff2bff13fefbfee3
ff3bff23fefbff1b
feb3fef3ff23ff33
ffacff5bfef3fe8b
0085005c001cffe4
0054007c009d0095
fefbff5bffdc0014
ff1bff3bff4bff2b
ffd4ffc4ff84ff4b
0004fff4fff4ffec
005c003c0024001c
007c007c0074006c
fffc001c004c0064
ffacffc4ffbcffbc
ff2bff4bff63ff63
fedbfec3febbfefb
fe02fe6afe8bfeab
fedbfeebfeabfdf2
fefbff13ff03fe9b
ff43ff13fe72fe9b
fcf1fe83fee3fed3
fc18fc68fc81fc81
013d012500adff53
011d011501250135
012d011d011d012d
01250115011d012d
010d0115011d011d
00dd00e500f500fd
003400cd00dd00dd
fc78fc18fc08fcb9
fe3afddafd61fcc9
fef3feebfedbfe8b
ff5bff43ff33ff23
ff4bff33ff1bff43
fed3feebff13ff3b
ffbcff6bff1bfec3
006c0044001cffec
002c003c006c0074
feb3ff1bffacfff4
ff4bff53ff23feeb
fffcffc4ff84ff4b
000c000400140024
006c004c00140004
007c0085008d008d
0014003c0064006c
ffa4ffacffbcffd4
ff33ff53ff5bff73
fed3fecbfeebff23
fe1afe3afe5afeb3
fe9bfee3febbfe02
fefbff03ff03fe9b
ff8cff33fe72fea3
fcf9fe8bff1bff03
fc38fc91fc99fc81
0095005c0004ff5b
00ed00d500cd00bd
01150105010d010d
011d012d0125011d
010d011d011d011d
00d500ed00f50105
003c00bd00bd00cd
fca1fc18fc08fcd1
fe62fe12fdbafd39
fefbfee3fef3fec3
ff6bff63ff33ff03
ff2bff3bff3bff5b
feb3ff1bff1bff2b
ffb4ff63ff03feb3
0064003c000cffec
ffdcffbc0014004c
fecbfefbff84ffd4
ff53ff1bfefbfeeb
002cffe4ff94ff73
000c000c00240044
006c004c0014fffc
0074006400640064
000c0034003c0064
ff7bff9cffbcffec
ff0bff1bff4bff73
fed3fedbfedbff13
fe3afe3afe62feb3
fe2afea3fe9bfe0a
fef3ff13ff5bfee3
ffdcff43fe7afeab
fd21fed3ff53ff4b
fc30fc78fc99fc89
fee3feabfe7afe3a
ffb4ff84ff63ff2b
00bd008d003cfffc
010500f500dd00cd
00f500f500ed00f5
00d500dd00dd00e5
005400cd00cd00dd
fca1fc08fc08fce1
fe52fdfafdb2fd49
feebfebbfeabfeab
ff73ff73ff53ff2b
ff43ff4bff43ff63
fe83ff0bff2bff3b
ffacff53fed3fea3
0085005c0014fff4
ff9cff9cffec0054
ff5bff13ff53ff9c
ff23ff0bff0bff43
003c001cffccff63
00140014001c002c
005c003c001c0004
006c007c006c0074
fffc000400140044
ff6bff8cffacffdc
fec3ff03ff53ff73
fec3fedbfed3ff03
fe52fe42fe5afe9b
fd61fe52fe72fe2a
feebff13ff33fe7a
000cff6bfe93feb3
fd59fefbff6bff73
fc10fc48fca9fca9
fdaafd69fd09fcb9
fdfafdf2fdfafdda
ff3bfee3fe6afe2a
ffdcffa4ff63ff4b
0044002c0004ffec
006c006c00640054
ffcc00640074007c
fca1fc00fc08fcf9
fe52fdf2fdb2fd69
fef3fec3fe8bfe7a
ff53ff53ff33ff13
ff53ff53ff43ff3b
fe8bfebbff2bff4b
ff94ff43fed3feb3
00c5009d0034ffdc
ff8cffc4000c0085
ffa4ff53ff43ff7b
fee3ff23ff43ff7b
fff4ffdcff94ff0b
002c0014fff4ffec
008d005c00440024
006c007c00b500b5
ffe4ffdc002c005c
ff73ff73ffa4ffbc
fee3fefbff6bff84
febbfedbfedbff03
fe93fe8bfe6afe83
fcf1fdaafe52fe52
feebfee3fea3fdea
ffecff5bfe93fec3
fd69fef3ff8cff63
fc68fc20fc70fca1
fc50fc28fc10fc08
fcb9fca1fca1fc78
fdbafd92fd41fcf9
fe02fde2fdc2fdb2
fe83fe6afe3afe1a
fee3fed3febbfe9b
fdbafe93fefbff03
fcd9fc10fc20fd11
fe4afe1afdcafd79
fedbfec3fea3fe62
ff33ff23ff13feeb
ff3bff4bff53ff43
fec3fe7afeebff23
ff84ff33fecbfe93
013d00ed004cffcc
ff5bffb4003400ed
ff8cff4bff13ff33
feb3ff2bff53ff6b
ff84ff8cff6bff0b
00740034ffc4ff7b
00ad00bd009d009d
004c008500bd00bd
ff9cffe4002c0044
ff63ff7bff9cffac
ff03ff0bff4bff6b
feb3fedbfedbff03
fe8bfe72fe5afe72
fd71fd79fe4afe8b
fedbfecbfeabfe22
ffacff3bfeabfee3
fd51fedbff73ff43
fd01fc40fc18fc48
fc00fc10fc10fc08
fca9fca1fc40fc00
fd69fd71fd49fcf9
fd82fd92fd82fd71
fd92fd82fd79fd82
fd92fd92fd82fd8a
fc81fcb9fd11fd79
fcd9fc10fc81fd11
fe2afe22fdd2fd8a
fe8bfe8bfe8bfe3a
ff3bff33ff13fec3
ff4bff6bff53ff4b
fe72fe83fecbff13
ff63ff1bfe8bfe1a
011d008d0014ffac
fef3ff3bffd400bd
ff1bfeebfebbfec3
fe72fecbff0bff13
ff63ff84ff6bfeeb
006cffe4ff73ff43
0105014500fd00c5
0024005c008d00d5
ffacffdc000c001c
ff6bff73ff84ff9c
fee3fefbff33ff5b
fea3fec3fecbfef3
fe8bfe62fe62fe5a
fdc2fe1afea3fe9b
ff13fefbfee3fdf2
ff7bff0bfecbff23
fcb1fe52ff5bff73
fd92fcf1fc60fc20
fc08fc18fc18fc08
fcd1fd01fc81fc10
fd79fd71fd49fcf1
fd8afd82fd71fd69
fd82fd79fd79fd82
fd41fd71fd59fd69
fc78fcb9fce9fd09
fcd1fc20fcf1fcf1
fe1afe12fdd2fd79
fdfafe62fe7afe42
ff3bff3bfefbfe7a
ff33ff4bff3bff2b
fdc2fe52febbfefb
ff33fec3fe0afd69
ffd4ffbcff9cff63
fe72fe93ff23ff9c
fe93fe7afe72fe72
fe3afe42fe62fe72
ff94ffacff7bfec3
ffbcff7bff63ff6b
0105011d00a5006c
00040044006c00ad
ffbcffbcffd4ffdc
ff63ff73ff84ff8c
fed3fef3ff23ff33
fe8bfea3fecbfedb
fec3fe93fe62fe4a
fe4aff03fefbfebb
ff6bff0bfed3fdfa
ff6bfef3feebff84
fc48fdaaff13ff9c
fe22fd9afcf1fc50
fc28fc10fc18fc08
fc40fc81fc50fc30
fd61fd69fd11fc58
fd79fd79fd79fd71
fd71fd69fd69fd79
fcf9fd51fd69fd69
fce9fd92fe0afd82
fd29fc58fd21fce9
fdfafe02fdeafd82
fe4afe5afe5afe3a
ff1bff23ff03fe9b
ff0bff13ff0bff0b
fd19fdbafe7afed3
febbfe3afd82fcd9
ff03ff1bff2bff13
fdf2fe22fe83fed3
fe0afe0afde2fdd2
fe0afe02fe12fe0a
ffb4ffb4ff7bfeab
ff43ff43ff53ff8c
00b500bd0034ff94
00040024004c008d
ff8cff9cffa4ffc4
ff13ff5bff6bff7b
fedbff03ff13ff0b
fe7afeabfec3febb
fea3fe93fe83fe52
ff2bff73ff13feb3
000cff23fee3feb3
ff3bfedbfefb001c
fc70fcb1fe7aff63
fe72fe12fda2fd01
fc18fc08fc10fc08
fc60fc89fc40fc28
fd51fd59fcf1fc30
fd69fd79fd8afd71
fd59fd59fd59fd71
fce9fd09fd71fd69
fe02fe7afe8bfdf2
fd59fca9fd61fdaa
fdeafde2fdeafdaa
feabfe6afe4afe32
fef3ff03feebfebb
fedbfefbff0bfefb
fca9fd59fe42fe9b
fe42fd9afcb9fc60
fe7afe93fe9bfe9b
fcb1fd51fde2fe3a
fd69fd11fc91fc78
fdf2fddafdd2fda2
ffbcffbcffb4ff03
ff2bff2bff5bff8c
003c0014ffb4ff2b
ffbcffccffe4001c
ff6bff94ffa4ffb4
ff0bff3bff63ff6b
feebfef3fedbfeeb
fe6afeabfeabfebb
fe83fe93fe6afe52
ff43ff6bff03feab
0044ff7bff1bfee3
ff43fee3ff030054
fd09fc89fd8aff03
fe93fe52fe02fda2
fc00fc00fc10fc10
fc38fc68fc30fc08
fd69fd69fd09fc40
fd69fd82fd92fd82
fd59fd59fd61fd69
fcf9fd09fd61fd61
fe2afddafd82fd69
fdb2fd21fdc2fe62
fddafdd2fddafdd2
fe8bfe7afe52fe22
fed3fec3feb3fe9b
feb3fee3feebfee3
fca9fd9afe32fe72
fd92fcb1fc20fc30
fe32fe32fe1afe02
fcc1fc91fce1fd9a
fcf9fd01fd59fd11
fe62fd82fd39fd11
ff5bff63ff73ff43
ff63ff63ff5bff63
ff9cff6bff33ff53
ffa4ff94ffacffb4
ff53ff84ff94ffa4
ff13ff33ff53ff53
fee3feebfeebff0b
fe62fe93fea3febb
fe7afe83fe52fe52
ff03ff2bfee3fe83
fff4ff7bff63ff13
ff63ff13fee3000c
fd82fcd1fce1fe7a
fe83fe7afe52fe0a
fc28fc28fc40fc30
fc08fc08fc08fc10
fd92fd9afd31fc70
fd82fd92fd9afd9a
fd82fd79fd79fd79
fd92fdd2fd92fd71
fd51fcc9fc99fd09
fd92fd71fdb2fdfa
fdd2fdcafddafdb2
fe52fe62fe32fe12
fecbfe93fe93fe6a
fe7afeabfee3fefb
fd29fe22fe32fe6a
fca9fc20fc28fc40
fd82fdbafdbafd71
fe7afddafcf9fcd9
fe0afeabfefbfec3
fef3fe5afda2fd82
fecbfef3ff0bfefb
ff5bff03feebfeeb
ff43ff63ff73ff84
ff84ff6bff63ff5b
ff5bff6bff53ff7b
ff1bff1bff2bff33
ff03ff03ff1bff13
fe72fe8bfe9bfed3
fe6afe62fe5afe72
ff0bfefbfefbfe93
fffcff73ff7bff73
ff2bff03fed3ffd4
fde2fd51fcd1fdca
fe83fe83fe7afe52
fc58fc48fc58fc40
fc20fc08fc08fc30
fdc2fdc2fd49fc91
fdaafdaafda2fdb2
fdaafdaafda2fda2
fe8bfe52fddafd92
fd61fcc1fd19fe1a
fd71fda2fdd2fdf2
fdeafdbafdcafd9a
fe4afe52fe2afe22
feabfe72fe83fe62
fe7afe72fec3fecb
fdcafe5afe8bfe7a
fc20fc20fc60fcf9
fcc9fd41fd11fc68
fecbfe6afdcafcf9
fee3fedbfeb3fe9b
fecbfe9bfeabfeeb
fee3febbfee3fed3
ff23feb3fedbff03
ff33ff53ff63ff84
ff4bff23ff13ff23
ff3bff13ff0bff43
feebfef3ff13ff0b
fee3fefbff03fefb
fe5afe83fea3fedb
fe83fe7afe72fe7a
ff2bfee3feb3fe83
ffa4ff53ff7bff84
febbfeebfea3ff6b
fe32fdcafd31fd49
fe8bfe72fe5afe62
fc68fc40fc40fc30
fc20fc08fc20fc68
fdcafdcafd69fca9
fdc2fdbafdaafdb2
fdcafdc2fdcafdc2
fee3fe5afde2fdb2
fd11fd51fe7aff0b
fd59fd8afd79fd61
fde2fdc2fdb2fd79
fe3afe2afe0afe0a
fe93fe72fe6afe52
fe8bfe62fe5afe9b
fe9bfefbfebbfea3
fc40fcb1fd29fdea
fca9fc60fc38fc20
fea3fe62fda2fd19
feebfedbfed3feab
feb3fed3ff0bff0b
ff63ff33ff23ff03
fed3feb3fecbff2b
fefbff13ff53ff23
ff13ff03fed3fef3
feebfed3feebfef3
fec3feebff03fee3
fec3feebfef3fee3
fe5afe83fe8bfec3
feb3fec3fec3fe72
ff13fecbfecbfe93
ff23ff33ff4bff43
fe6afef3fe93fecb
fe22fe02fda2fd39
fe5afe32fe2afe2a
fc70fc30fc28fc30
fc38fc08fc40fc89
fdcafdc2fd8afce1
fdd2fdb2fda2fdb2
fdcafdcafdcafdd2
fee3fe5afdeafdc2
fd92fe93ff33ff43
fd71fd41fca1fcc9
fdeafdcafdc2fdb2
fe22fe12fdfafdfa
fe62fe32fe4afe42
fe7afe32fe32fe72
fe4afec3feb3fe83
fd71fe0afdfafe12
fdeafd49fd01fd11
ff03fedbfe62fe22
ff3bff3bfeebfeeb
ff03ff03ff43ff1b
ff8cff6bff5bff0b
fed3fecbfed3ff43
feebff23ff33fec3
feebfedbfebbfec3
fed3fecbfec3febb
fedbfeebfee3fedb
feebfee3fedbfed3
fe3afe52fe42feab
fecbfec3feebfe83
ff3bfed3fec3fe93
ff0bff33ff8cffcc
fdfafed3fe72fe83
fdcafdd2fdc2fd41
fdfafddafddafdda
fc68fc58fc58fc50
fc50fc38fc50fc70
fdcafdbafd71fce1
fdc2fdaafda2fdba
fdc2fdcafdc2fdc2
feb3fe42fdf2fdca
fed3ff53ff4bff0b
fd8afd19fc89fd82
fdf2fdc2fdbafdaa
fe2afe1afdfafdca
fe4afe32fe22fe2a
fe42fe32fe52fe62
fe8bfe6afe83fe62
fe93fe4afe02fe1a
fe72fe02fe42fe5a
ff23febbfe7afe72
ff7bff7bff3bff1b
ff2bff1bff2bff3b
ff6bffacff53ff0b
fef3fecbfedbff6b
fefbfefbff03fefb
feb3feb3febbfed3
feebfee3feb3fea3
fee3fee3fec3fed3
fef3fedbfefbfefb
fe22fe5afe5afeab
fec3fe93fe83fe6a
ffa4ff13feb3fe9b
fe9bfedbff6bfffc
fd71fe7afebbfe32
fd69fd82fda2fd59
fdbafd71fd79fd82
fc91fc99fc99fc89
fc68fc70fc81fc89
fdaafd79fd21fcb1
fdbafdb2fdaafdb2
fdc2fdc2fdbafdba
fe8bfe2afde2fdca
ff63ff5bff2bfee3
fd8afd61fd9afed3
fe02fe12fdeafd8a
fe0afe32fe02fdca
fe5afe32fdf2fdf2
fe5afe9bfe4afe42
fe3afdfafe5afe12
fe6afe12fdf2fe0a
fe9bfe72feabfe72
ff43ff0bfea3feab
ff73ffacffa4ff4b
feebff43ff43ff43
ff8cffacff63fefb
fedbfeb3ff0bff94
fedbfee3feebff23
fec3feb3fec3fed3
fed3fed3feebfef3
fee3fee3febbfec3
fedbfee3fefbfed3
fe2afe3afe72fea3
fecbfebbfe93fea3
ffb4ff3bfeb3febb
fe8bfea3ff43ffb4
fd39fe0afefbfecb
fd09fd11fd51fd59
fd82fd09fd01fd31
fcd9fd09fd31fd39
fc81fc99fcc1fcd1
fd79fd39fcd1fc89
fdbafdbafdbafdaa
fdbafdb2fdbafdba
fe6afe0afdc2fdba
ff4bff2bff03fec3
fd39fd9afecbff53
fe12fdf2fdd2fd79
fe02fe22fe1afe02
fe9bfe4afdfafdfa
fe9bfed3fe7afe72
fde2fe1afe2afe3a
fea3fe42fe3afe02
fee3fedbfea3febb
ff73ff33feebfeab
ff73ffb4ffb4ff73
ff33ff5bff43ff33
ff8cff7bff73ff1b
feabfeb3ff7bffcc
fee3ff0bff4bff0b
feabfedbfedbfef3
feb3fecbfec3febb
fee3ff0bfef3fec3
fec3feabfed3fecb
fe2afe2afe7afeb3
fecbfeb3feabfe9b
ff8cff23febbfebb
ff1bff13ff94ffa4
fcf9fd41fe8bff23
fcc1fca9fce9fd21
fd41fcd9fcb9fcd9
fd09fd19fd29fd29
fca1fcb9fcf1fd09
fd39fce9fcb1fca1
fdb2fdbafdbafd92
fdb2fdbafdbafdba
fe42fde2fd9afd9a
ff23fefbfed3fe8b
fd09fdfaff4bff4b
fe42fe32fdc2fd82
fdfafe02fe0afe2a
feb3fe72fe22fe02
fe22fe93febbfecb
fdcafdfafdcafdca
fea3fe72fe4afdfa
ff13fef3fedbfedb
ff8cff33ff2bfebb
ff73ff53ffc4ffb4
fee3ff33ff23ff53
ff0bfef3ff23fefb
fe62fe6afec3ff03
fefbff0bff13fea3
fef3fef3fefbfef3
fed3fefbfea3fedb
fefbff23fee3febb
fea3fea3feb3ff0b
fe2afe52fe9bfeb3
fecbfeabfebbfeb3
ff94ff43fecbfed3
ff53ffacffd4ffb4
fc81fca1fe02fee3
fcc9fcc1fcb1fc99
fcf9fcc9fcb1fcb9
fca1fcc1fcd1fce1
fc58fc60fc81fca1
fcf1fc68fc38fc50
fdaafdb2fdaafd79
fdaafdb2fdb2fdb2
fe1afdc2fd82fd82
ff23feebfea3fe52
fd11fe4aff53ff3b
fe3afe32fdb2fd9a
fe32fe42fe22fe2a
fe9bfe62fe32fe22
fdd2fe2afebbfebb
fde2fdf2fd9afd71
fe83fe7afe6afe32
ff2bff2bff03feb3
ff94ff73ff2bfeeb
ff6bff5bffec0014
feb3fed3ff33ff3b
fe93fe93feb3feeb
fe5afe52fe4afe42
feebfee3fec3fe6a
ff13ff0bff0bfefb
feebfef3fecbff23
fef3ff43fefbfee3
feb3fec3feb3feeb
fe93fe8bfea3feab
fedbfed3fec3fecb
ff9cff4bfec3fedb
ff63ffdcffecffb4
fc50fc48fd39fea3
fd01fd19fcd9fc70
fcd9fcf9fcf1fcd9
fc81fc81fc78fc99
fc70fc70fc81fc78
fcd9fc50fc40fc60
fdaafdb2fda2fd61
fda2fdbafdbafdb2
fe0afdb2fd79fd71
ff13fed3fe8bfe4a
fd11fe52ff3bff23
fe4afe1afdcafd8a
fe42fe52fe4afe52
fe7afe32fe42fe42
fd92fdfafe8bfebb
fdf2fdcafd79fd39
fe3afe3afe2afe0a
feebfedbfe72fe2a
ff5bff5bff13feb3
ff1bff43ff6bff63
feb3feabfee3fee3
fe2afe62fea3febb
fdeafe32fe1afe12
feebfea3fe2afdd2
ff1bff1bff23ff13
ff1bff03fee3fefb
feebff1bfef3ff03
feb3fecbfed3fef3
fe72fea3fe93fe83
fea3fe9bfea3fe7a
ffd4ff84fec3feab
ff53ffec0004ffd4
fc48fc38fc78fe2a
fd51fd71fd21fc81
fd31fd71fd79fd49
fc10fc20fc68fcd9
fc40fc38fc30fc18
fcc1fc48fc28fc40
fdb2fdb2fda2fd59
fda2fdc2fdbafdba
fdfafdb2fd71fd61
fef3feb3fe72fe42
fd29fe42ff2bff13
fe2afddafdbafd71
fe4afe2afe32fe22
fea3fe7afe42fe3a
fd69fdf2fe5afe8b
fd29fd31fd29fd21
fd49fd39fd21fd11
fdc2fd9afd51fd49
fe93fe72fe0afdd2
fe22fe4afe7afe93
fe32fe2afe2afe1a
fdeafdfafe3afe42
fd8afdaafdfafe12
fe6afdfafdc2fda2
ff33ff53ff2bfeeb
ff2bff1bff0bff2b
ff03ff2bfefbff0b
febbfec3fecbfefb
fea3fea3fe9bfe83
fe62fe7afe9bfeab
000cffc4fed3feab
ff1bffb4000c0014
fc50fc38fc50fd8a
fda2fda2fd61fcb9
fdb2fdf2fe0afdd2
fc58fca9fce9fcf1
fc00fc08fc28fc48
fd59fcf1fc60fc10
fdc2fdbafdb2fd9a
fd9afdbafdbafdba
fde2fda2fd69fd61
fec3fe8bfe62fe2a
fd29fddafedbfeeb
fe12fddafdb2fd51
fe5afe3afe4afe2a
fec3fec3fe72fe4a
fd29fddafe3afe9b
fc60fc70fc81fcb9
fd51fc99fcb1fca1
fe0afdeafd8afd9a
febbfe0afe32fe42
fde2fe4afe9bfebb
fd69fd9afdeafe1a
fd31fd41fd59fd61
fd29fcf9fcf9fd31
fe3afd92fd39fd41
ff6bff7bff53fefb
ff13ff23ff0bff5b
fecbff3bff2bff23
febbfea3fecbfebb
feb3fe8bfea3fe9b
fe83fe83fea3febb
fffcffccfec3fea3
fe72ff84fffc0004
fc58fc28fc28fcb1
fdeafdbafd79fcf1
fe12fe1afe3afe22
fc89fc50fc38fc40
fc10fc08fc58fc99
fda2fd71fd09fc60
fdbafda2fda2fdb2
fd92fdb2fdbafdba
fdcafd92fd59fd61
feabfe72fe42fe02
fd19fd41fe6afee3
fe12fe0afdcafd8a
fe4afe6afe5afe32
fed3fed3fe8bfe5a
fd51fdc2fe52fecb
fc50fc08fc40fcd9
feb3fdfafe12fd71
ffc4ff84ff43ff63
009dff8c00340064
ff8cffe40034008d
feebff4bfff4005c
fe5afe0afedbff43
fd19fcd1fd19fdda
fe42fd69fd69fdba
ff94ff9cff6bff0b
ff2bff2bff33ff63
feb3feebfefbff23
feabfea3fe93feab
feabfe93fe93fe9b
fe6afe83fec3feb3
ffecffb4feb3fe5a
fd41ff03ff8cffac
fc60fc28fc28fc20
fdfafdc2fd82fd09
fe3afe3afe32fe22
fc48fc38fc50fc70
fc70fc20fc60fc68
fd92fd69fd59fd09
fdcafdb2fdaafdb2
fd8afdaafdb2fdc2
fdbafd82fd51fd61
fe9bfe6afe3afdf2
fd09fcf1fe3afee3
fe4afe3afdcafd79
fe0afe32fe52fe9b
fef3fee3fea3fe6a
fe32fddafe3afecb
fcd1fcb9fd59fe22
ff33feb3ff1bfdfa
0014ffe40004fffc
0085ffcc00540085
004c00540064008d
ff94ffec008d00e5
ff33fec3ff73ffe4
fed3fe22fe02fe8b
fe1afdbafe3afee3
ff7bff94ff6bfee3
ff13ff0bff4bff5b
fedbfed3ff13ff13
feabfed3febbfec3
fe93fe8bfe93feab
fe83fe72fe7afe72
ffacff7bfe9bfe6a
fc70fe1afee3ff43
fc50fc18fc20fc08
fdfafdc2fd82fd09
fe0afe12fe1afe1a
fca9fc99fca9fca9
fd09fc68fc60fca9
fd79fd51fd49fd51
fdbafdbafdb2fda2
fd8afda2fdb2fdba
fdaafd79fd61fd69
fe8bfe62fe32fdf2
fd01fd01fea3fec3
fe52fe2afdbafd82
fdfafe02fe22fe62
ff23ff1bfed3fe4a
fe4afe02fe22feb3
fd19fd69fde2fe2a
fe5afe3afe83fd8a
ff0bfeebfef3ff1b
ff94fef3ff33ff3b
ff5bff33ff53ff7b
febbfefbff63ffc4
fdf2fe0afe8bfee3
fefbfee3fe72fe02
fde2fdeafe8bfeeb
ffb4ffc4ff84feb3
fef3ff0bff33ff43
feebfedbfee3fedb
feabfedbfeebff13
fe8bfe6afe83feb3
fe62fe8bfe83fe5a
ff33ff0bfe52fe52
fc40fd41fe32febb
fc60fc18fc20fc10
fdfafdc2fd82fd09
fdbafdcafde2fdfa
fcc1fc99fcb1fc91
fd11fc58fcc9fd29
fd82fd61fd59fd69
fda2fdaafdb2fda2
fd82fd9afdaafdaa
fdc2fd92fd79fd79
fe7afe4afe2afdf2
fcd1fdf2feebfeab
fe42fe2afdeafd69
fe22fe02fe52fe83
ff43ff33feabfe4a
fe4afe4afe52fed3
fd31fd92fe02fe22
fd59fd61fd49fd19
fe0afdeafdf2fdaa
fe93fe93fe93fe52
fe83fe72fe83feab
fe12fe32fe42fe6a
fe62fe42fe3afe2a
fec3feebfefbfec3
fe02fe3afebbfedb
ff7bffbcff84feb3
fef3fec3fec3feeb
feebfee3feebfedb
febbfebbfeb3fedb
fea3fe72fe72fea3
fe72fe6afe3afe6a
fe6afe72fe22fe4a
fc20fc91fd61fdea
fc68fc10fc10fc10
fdbafda2fd79fd21
fd31fd71fda2fdba
fcb1fcb1fcb9fc99
fcb1fcd9fd31fcd9
fd92fd82fd92fd41
fd9afdaafdb2fda2
fd82fd92fdaafda2
fdbafd9afd79fd82
fe6afe42fe1afdea
fd79ff0bfee3fe93
fe52fe1afdc2fd09
fddafdfafe2afe4a
ff13ff53feb3fe0a
fe62fe8bfe6afebb
fdaafdcafdeafe1a
fd9afdc2fdbafda2
fe4afe2afe12fdaa
ff3bfef3fec3fe83
feb3fecbff03ff2b
fe83fe8bfe72fe83
ff33fefbfec3fe93
fecbfedbfedbff0b
fe32fe62fec3ff03
ff43ffa4ff6bfed3
fefbfea3feebfeeb
fee3fecbfebbfed3
feb3feb3feabfeab
fe83fe6afe62febb
fe4afe42fe32fe72
fd19fd41fddafe5a
fc00fc20fc81fce9
fc70fc08fc00fc08
fd79fd71fd69fd21
fcd9fcf9fd39fd61
fcc1fca9fcb1fcb1
fd39fd19fcc1fcc1
fd8afd8afdaafd11
fdbafdbafdb2fda2
fd79fd8afda2fdaa
fdbafd9afd79fd79
fe72fe52fe1afdea
fdcafefbfecbfe93
fe32fe12fd82fcc9
fdc2fdcafe3afe5a
ff3bff23fe9bfde2
fe4afe4afe7afed3
fe12fdf2fe1afe42
fe22fe3afe4afe3a
fec3fe9bfe6afe22
ffecffb4ff63fef3
ff1bff73ffacffb4
ff3bff3bff2bff1b
ff3bff4bff4bff33
fecbfef3fecbfed3
fe72fe7afef3ff03
ff13ff5bff33fee3
feebfed3feebfedb
ff0bff0bfec3fed3
fe9bfeabfefbfeeb
fe8bfe52fe52feab
fe22fe32fe32fe6a
fca9fcc9fda2fe3a
fc08fc30fc70fc91
fc70fc18fc00fc00
fd29fd49fd41fd09
fcb9fcb9fcd1fd01
fcb1fc99fc99fc99
fd59fca1fc81fc99
fd79fd92fda2fd79
fdb2fdaafda2fd9a
fd69fd82fd9afdaa
fdbafd9afd79fd71
fe7afe5afe22fde2
fe0afeb3feb3fe93
fe3afdd2fd61fcd9
fdf2fdeafe42fe83
ff23fedbfe6afe12
fe5afe42fe7afeeb
fdf2fdf2fe52fe62
fe6afe4afe32fe0a
ff03feebfeabfe8b
ffe4ffccffa4ff1b
ff7bffacffe4ffe4
ff7bff63ff73ff73
feebff0bff43ff53
fee3ff03feebfee3
fe93fea3ff0bfee3
feebff2bff5bfee3
fedbfeabfebbfec3
fef3ff03ff13feeb
fe72fe8bfec3fee3
fe72fe42fe12fe7a
fe02fe1afe1afe42
fc40fc68fd51fdfa
fc08fc38fc60fc50
fc78fc20fc08fc08
fcf9fd19fd21fcf9
fcd1fcd1fcd9fce1
fca1fca1fca1fc91
fd31fc99fc89fc89
fd82fd82fd21fd79
fda2fd92fd8afd8a
fd69fd79fd9afda2
fdb2fd92fd82fd71
fe83fe52fe1afdda
fe2afe72fea3fe9b
fe52fdaafd31fd39
fdfafe02fe52fea3
ff3bfe93fe2afe22
fe5afe62fe9bff1b
fde2fe0afe2afe42
fe2afe2afdd2fdaa
feabfe7afe2afe12
ff94ff63ff33fee3
ff5bff4bff3bff6b
ff43ff3bff13ff1b
feebfeb3fedbff3b
ff0bff13fefbff13
fed3fecbff23ff1b
fef3ff13ff3bff13
feabfebbfea3fec3
fed3ff03ff1bfecb
fe7afe8bfebbfefb
fe62fe4afe32fe83
fe0afe42fe2afe3a
fc30fc50fd39fdda
fc08fc18fc20fc20
fc99fc38fc08fc08
fcf1fce9fce9fce9
fcd1fcf1fcf9fcf9
fc91fc99fca1fc99
fc91fc91fc99fc91
fd9afd31fc78fc99
fdaafdbafd92fd82
fd69fd79fd8afd92
fdb2fd9afd92fd82
fe8bfe4afe12fdda
fe42fe62feabfea3
fe32fd79fcd1fdba
fdfafe0afe2afe4a
fefbfe6afe32fe02
feb3fe4afed3ff33
fdeafdfafe32fea3
fe4afe32fd92fd9a
feabfe8bfe22fdf2
ff73ff23ff1bfefb
ff4bff33ff1bff43
ff13ff23ff13ff33
ff1bfef3feebff13
ff03ff03ff03ff2b
fee3fecbfefbff1b
fedbff13ff33ff43
fe93fec3fec3feeb
ff2bff33ff23fecb
feabfeabff0bff4b
fe32fe12fe02fe52
fdfafe22fe32fe3a
fc68fc70fcd1fd71
fc08fc08fc30fc48
fcd9fc99fc38fc10
fce9fce1fcd9fce1
fcc1fcc9fcf1fd09
fc91fc89fc81fc81
fc91fc81fc89fc99
fdaafcc9fc38fc78
fd92fda2fd92fd8a
fd51fd69fd71fd82
fdaafd8afd82fd69
fe8bfe5afe1afdd2
fe3afe52fea3fea3
fdeafd71fce1fe42
fe0afe02fe32fe2a
fec3fe7afe0afde2
fe7afe2afe93ff1b
fe2afe4afe83fe7a
fe2afe1afdcafdea
ff03fef3fe7afe52
ff9cff84ff4bfef3
ff4bff6bff94ff73
ff7bff2bff13ff5b
ff33ff5bff53ff53
fef3ff13ff0bff2b
fef3fee3feb3fedb
fe93fe83fef3ff3b
fee3fecbfeb3fed3
ff4bff1bff0bfee3
fe72fe7afed3ff33
fe1afdfafe0afe2a
fdbafe02fe1afe2a
fc38fc50fc99fd29
fc18fc08fc28fc40
fce1fcd9fcb1fc58
fce9fce9fcd9fce1
fce9fce1fcd9fce1
fc91fc91fc81fc78
fc78fc68fc68fc78
fd49fc48fc60fc89
fd92fd9afda2fd92
fd51fd69fd82fd92
fdaafd92fd79fd61
fe8bfe6afe1afdd2
fe32fe4afe93fea3
fdb2fce9fd71fe9b
fdbafdd2fdeafe22
fe93fe2afdc2fdc2
fe8bfe6afeabfee3
fe93fe9bfe5afe7a
fe5afe5afe22fe12
ff03fecbfea3fe7a
ff63ff43ff1bfeb3
ff5bff8cffa4ff5b
ffdcffe4ff84ff8c
ff73ff5bff7bffa4
fef3ff23ff43ff43
fefbfebbfecbfee3
fedbfefbff2bff2b
fec3feabfec3fef3
ff3bff13ff1bff0b
fe6afe83febbff23
fe22fe4afe2afe62
fd82fdd2fdf2fde2
fc48fc78fc99fd09
fc81fc20fc20fc58
fce1fcd9fcd9fcc1
fcd9fce9fcf1fcf1
fd09fd11fcf9fcd9
fca1fca1fc99fc81
fd59fca9fc81fc91
fd01fca9fd79fdaa
fddafde2fdf2fdca
fd71fd9afdaafdba
fdd2fdbafdaafd82
feabfe7afe3afdf2
fe5afe7afecbfecb
fdb2fcd1fe2afebb
fdd2fe4afe32fe1a
fe7afdd2fdbafdc2
fe6afe7afe6afecb
fe9bfe8bfe5afe52
fe9bfe7afe8bfe72
ff0bfe93fe7afe83
ff63ff2bff2bff03
ffc4ffd4ffa4ff7b
ffecffc4ff94ffe4
ff33ff6bffacffcc
ff1bff1bff3bff5b
ff1bfefbff03feeb
feebff03ff3bff23
ff23fee3febbfebb
ff43ff3bff33ff3b
fe32fe62fe8bfefb
fe02fe52fe32fe32
fd61fdc2fdfafdfa
fc70fc81fc89fcc9
fce1fc99fc70fc81
fcf9fce1fcc9fcd9
fcf9fce1fce9fd09
fd09fd01fd09fd09
fdc2fd9afd39fcd1
fdfafde2fdd2fdd2
fdd2fdf2fe1afe0a
fddafdeafdfafdea
fdeafde2fdd2fdc2
fdeafdeafdf2fe02
fe12fe02fdfafde2
fe02fe1afe3afe32
fd11fd59fe62fe4a
fddafe52fe02fdc2
fe22fdbafd92fdc2
fe5afe9bfe72fe83
fe5afe5afe4afe52
fe9bfeb3fed3fe72
fed3fe93fea3febb
ff84ff4bff2bfeeb
ffbcffecffdcff8c
ffe4ffbcffecffdc
fef3ff5bff84ffc4
fee3ff0bff0bff0b
ff1bfef3ff03fedb
fecbfed3ff23ff13
ff1bff03fec3feb3
ff33ff1bff3bff33
fe12fe5afeb3fefb
fde2fdfafdeafdf2
fd41fd8afdbafdea
fc68fc58fc89fcd1
fce9fcd1fc99fc81
fd01fce1fcc9fcd1
fd11fcf9fcd9fcf1
fd01fcf9fd01fd11
fe32fe22fe0afdfa
fe22fe2afe2afe32
fe1afe0afe1afe32
fe1afe2afe2afe3a
fe02fe0afe0afe0a
fdeafdf2fdfafe0a
fdbafdd2fdf2fdfa
fda2fdaafdaafdb2
fcf9fd49fda2fda2
fdf2fe22fe12fd82
fe3afdcafdaafdf2
fe7afecbfebbfe32
fe5afe5afe6afe6a
febbfed3fedbfe9b
fefbfebbfec3feb3
ff6bff84ff3bff13
ffc4ffbcffacff5b
ffe4ffccffbcffb4
ff23ff33ff4bffa4
ff2bff3bff23ff13
ff23ff1bff13fedb
feb3fea3fef3ff0b
fefbff2bfed3fe93
ff23ff23ff33ff1b
fde2fe22feabff0b
fe0afdd2fdcafdba
fd11fd61fd92fde2
fc78fc91fcb9fcc1
fce9fcd9fcb1fc99
fce9fcd1fcd9fcd9
fd09fd11fd19fd01
fcf9fcf9fd09fd09
fe12fe0afe0afe1a
fe22fe2afe1afe12
fe1afe0afe12fe2a
fe22fe1afe12fe2a
fe02fe02fe1afe22
fdfafe02fe02fe02
fde2fdf2fdfafe0a
fd82fd69fd82fdc2
fce1fd21fd79fd82
fe4afe12fdcafd61
fdc2fdeafdd2fde2
fe4afe93fe93fe4a
fe93febbfeb3fe72
febbfea3fea3fe7a
ff13fecbfeabfecb
ff63ff8cff63ff2b
ff9cffa4ff94ff7b
ffa4ff9cff84ff8c
ff5bff5bff73ffa4
ff53ff5bff23ff23
ff2bff3bff2bfefb
fe8bfe52fedbfee3
ff13ff33ff13febb
ff13ff2bff13ff2b
fde2fe22fe7afeb3
fe22fddafdeafdc2
fcf9fd59fd92fdca
fcb1fcc1fcc1fca1
fce9fce1fcd9fcd1
fcf1fcd9fcd9fce9
fd11fd19fd19fd09
fd01fd09fd11fd11
fe12fe12fe22fe2a
fe02fe0afe02fe0a
fe02fe12fe0afe02
fe1afe02fdeafdf2
fdf2fe02fe0afe22
fdeafdeafdeafdf2
fdbafdcafdd2fdd2
fd01fd39fd71fd9a
fcc9fce9fd19fcf9
fdf2fe02fd31fce9
fd8afd92fdcafdf2
fe52fe6afe4afe62
fecbfed3fecbfe52
fe9bfea3fea3fe9b
ff23fedbfecbfea3
ff7bff9cff63ff63
ff9cffbcff8cffac
ff7bff9cff9cff94
ff63ff63ff63ff73
ff43ff53ff6bff5b
ff63ff73ff3bff2b
fe8bfe8bfeebff0b
ff23fefbff03fee3
fea3ff13ff03ff4b
fddafe12fe3afe3a
fdbafddafdf2fdea
fca1fd59fd79fd92
fcd1fca1fca1fcc1
fce1fce9fcf1fcf1
fcf1fcf1fce9fcd9
fd19fd09fcf9fcf1
fd11fd19fd11fd19
fdfafdfafe02fe0a
fe02fe02fdfafdfa
fdeafdf2fdf2fdfa
fdfafdf2fdeafdf2
fde2fdf2fdf2fdf2
fde2fddafddafde2
fd8afdaafdc2fdd2
fd09fd21fd51fd71
fc99fca9fca9fcd1
fdf2fdd2fd31fcc9
fd61fdcafdbafe02
fe9bfe32fdfafdda
fee3fedbfecbfe7a
fe9bfe9bfe9bfef3
ff13fec3febbfea3
ff84ffa4ff63ff5b
ff73ffbcffb4ff8c
ff63ff6bff94ff9c
ff53ff5bff5bff2b
ff4bff5bff5bff53
ff5bff3bff4bff43
fe93feabfee3ff13
fefbfef3fed3fedb
fe9bff03ff23ff3b
fdcafdc2fe12fe1a
fd9afdcafdeafdd2
fcc1fdbafd61fd61
fcc9fcb9fcb9fcd1
fcd9fce9fcf1fce1
fd01fcf9fcf9fcf1
fd11fd01fcf9fcf1
fd09fd11fd11fd19
fde2fdeafdeafdea
fdf2fdfafdf2fde2
fdd2fdcafde2fde2
fdd2fdd2fdd2fdda
fdc2fdd2fdd2fdd2
fdcafdc2fdc2fdca
fd71fd92fdaafdba
fcf1fd09fd39fd59
fc81fc81fc99fcd1
fdd2fd79fcf1fc70
fd49fdaafe02fe0a
fea3fe62fe12fdaa
fef3fecbfe72fe5a
fe5afe42fe93feb3
ff33feebfedbfecb
ffacffbcff94ff63
ff94ff94ffccffb4
ff94ff73ffacffac
ff73ff63ff7bff7b
ff0bff33ff43ff73
ff33ff33ff6bff53
fe93fea3ff0bff2b
ff0bff13feebfedb
fea3ff03ff03ff33
fdaafda2fdf2fe42
fd71fd8afdaafdd2
fd11fe6afd8afd49
fcc9fcb9fcd1fce1
fce9fcd9fcd1fcc9
fd11fd19fd09fcf9
fd01fcf9fcf1fcf9
fd01fd11fd09fd01
fde2fdd2fddafdda
fdd2fdd2fddafde2
fdc2fdc2fdcafdda
fdc2fdc2fdbafdba
fdbafdb2fdbafdba
fdaafdaafdaafdaa
fd69fd8afd92fda2
fce1fcf1fd21fd41
fc91fc81fc91fcc1
fd82fd11fcc1fcb1
fd71fd9afe02fde2
fe9bfe83fe32fdaa
feebfec3fe3afe62
fe7afe5afebbfedb
ff53ff03feebfecb
ffa4ffc4ffb4ff8c
ffd4ffacffb4ff84
ff6bff8cffbcffd4
ff84ff84ff8cff84
ff03ff33ff13ff73
ff13ff4bff53ff13
fe9bfe6afecbff1b
ff1bff0bfee3fee3
fe42fe93febbff0b
fda2fd92fe12fe32
fd61fd71fd9afda2
fdbaff73fd8afd41
fcc1fcb9fcf9fd01
fcd9fcd9fcc9fcb9
fd29fd11fcf1fcd1
fcf9fce9fd01fd21
fcf9fcf9fce9fcf9
fdcafdcafdc2fdba
fdbafdc2fdcafdd2
fdb2fdbafdbafdca
fdb2fdaafdaafdaa
fd9afda2fda2fd9a
fda2fd9afd9afd9a
fd61fd79fd82fd92
fce1fcf9fd19fd39
fd41fd19fcf1fcd1
fd41fce1fce9fd31
fd82fda2fdfafd92
fe32fe32fddafd69
feebfeb3fe42fe2a
feb3fe8bfeabfed3
ff63ff33fefbfec3
ffbcffccffb4ff6b
ffecffd4ff9cff9c
ff6bff7bffccfff4
ff73ff8cff84ff8c
ff03ff6bff23ff63
ff33ff7bff53ff1b
fecbfe72feb3ff0b
feb3feebfecbfeb3
fe1afe62fe7afebb
fd61fd82fe1afe22
fd51fd69fd71fd8a
fe12ffe4fd79fd29
fcb1fcd1fd21fd01
fcc1fcd1fce1fcb9
fce1fcd1fcc9fcc1
fce9fcf9fd29fd11
fce9fce1fce9fcf1
fdaafdaafda2fda2
fdaafdb2fdbafdaa
fda2fda2fdaafdaa
fda2fda2fda2fdaa
fd92fd92fd92fd92
fd92fd92fd92fd8a
fd69fd71fd8afd8a
fd29fd31fd49fd69
fd51fd59fd41fd21
fd01fcc1fcd9fd21
fdb2fdcafda2fd41
fe72fe72fdb2fd41
fec3feb3fe62fe2a
feb3febbfec3feb3
ff7bff43fefbfebb
ffa4ff8cff7bff94
ffecffe4ffacffac
ff7bff7bff9cffdc
ff84ff73ff5bff6b
ff1bff6bff4bff7b
feebff6bff43ff1b
fefbfe9bfebbfee3
feabfed3fef3feb3
fe22fe3afe83fecb
fd61fd61fd79fdc2
fd51fd8afd8afd82
fdda0044fe4afd39
fca1fcf1fd11fd01
fcb1fcd9fcf9fcc9
fca1fcd1fcc9fca9
fd01fd01fce1fca1
fcd1fcd9fcf9fcf9
fd92fd8afd82fd82
fdaafdaafdaafd9a
fd8afd8afd9afda2
fd9afd9afd8afd8a
fd82fd8afd82fd8a
fd82fd82fd82fd82
fd8afd8afd8afd82
fd31fd49fd69fd79
fd29fd39fd31fd21
fcf1fcd1fcb9fd01
fd9afd71fd41fd11
fe8bfe22fdb2fd71
feb3fe6afe4afe7a
feb3fe93fed3febb
ff6bff63ff0bfeb3
ff73ff5bff4bff8c
ffacffa4ffacffac
ff63ff5bff7bffc4
ff7bff63ff43ff53
ff3bff9cff63ff7b
feb3ff33ff3bff43
feb3fe7afe6afe9b
fe83feb3fecbfeb3
fdcafe0afe7afea3
fda2fd51fd41fdaa
fd31fd82fdc2fdaa
fd69003cffccfd9a
fcc1fd01fcf9fce1
fcb9fcf1fcf1fcc1
fcb9fcd9fcb9fca1
fce1fc99fc68fc89
fcc9fce9fd11fd11
fd92fd71fd69fd69
fd9afd9afd9afd92
fd82fd79fd8afd92
fd9afd92fd79fd71
fd71fd71fd71fd8a
fd61fd61fd69fd79
fd69fd71fd61fd61
fd31fd49fd69fd69
fd01fd21fd41fd21
fcb1fd79fcf9fcc9
fd82fd61fd31fcf1
fe12fda2fd69fd92
febbfe5afe22fe2a
fed3fed3fecbfe9b
ff53ff4bff0bfeeb
ff5bff33ff3bff53
ffccffa4ffd4ff8c
ff53ff7bff94ffd4
ff9cff84ff94ff43
ff5bfefbff33ff5b
fe6afefbff33ff8c
fe93fe52fe52fe4a
fe9bfeb3fe93fe72
fd41fdbafe02fe6a
fdaafd8afd21fd01
fd21fd49fda2fda2
fd29001400c5fe2a
fcf1fcf1fce1fcd9
fce1fcf9fcd1fca1
fcd1fcc1fcb1fcb9
fc78fc48fc81fcc1
fce1fd01fd01fcd9
fd82fd61fd59fd59
fd82fd82fd8afd8a
fd71fd71fd79fd79
fd79fd79fd71fd71
fd61fd69fd69fd71
fd39fd39fd41fd51
fd59fd59fd49fd41
fd41fd59fd59fd59
fce9fd11fd31fd29
fca9fdbafdbafcd1
fd61fd31fd19fca9
fdaafd71fd29fd82
fe83fe62fe32fe72
feabfeabfeabfe52
ff4bff13fedbfecb
ff4bff23ff33ff4b
ff84ff84ff9cff7b
ff73ff73ff7bff7b
ff5bff43ff73ff63
ff3bff0bff23ff4b
fe2afe8bfedbff13
fe62fe52fe0afe02
fe32fe62fe7afea3
fce9fd41fdf2fe3a
fdaafdbafd79fd11
fd71fd19fd79fdb2
fd01ffec0125fef3
fd01fcd9fcd9fcc9
fcf9fcd9fc91fcc1
fcc1fcb1fcb9fcd1
fc50fc89fcd1fcd9
fcf9fcf1fcc1fc68
fd71fd51fd51fd51
fd71fd71fd79fd82
fd71fd79fd79fd71
fd61fd61fd69fd71
fd39fd49fd51fd61
fd31fd31fd39fd31
fd69fd51fd41fd31
fd41fd61fd61fd61
fcd9fcf9fd09fd21
fcb1fd19fe42fd29
fd41fd19fcd9fc91
fdcafd59fd19fd39
fe02fe32fe3afe1a
fe62fe8bfe4afe0a
ff3bff4bff43febb
fecbff03ff33ff43
ff4bff3bff43ff2b
ff2bff6bff33ff1b
ff5bff3bff23ff23
fec3ff2bff2bff4b
fe0afe4afe7afec3
fe02fe5afe32fe0a
fdd2fe2afe52fe52
fd09fce1fd39fdea
fdbafdb2fdb2fd79
fe52fd59fd59fd9a
fce9ff43015d0044
fcf9fcd9fcd9fcc9
fce9fc99fc89fd01
fcb1fcb1fcc1fce9
fc89fcc9fcc9fcb9
fcf9fcc9fc68fc40
fd59fd41fd41fd49
fd71fd69fd69fd71
fd69fd69fd79fd71
fd41fd49fd59fd61
fd39fd49fd41fd49
fd31fd29fd31fd29
fd61fd49fd49fd39
fd51fd69fd69fd71
fce1fce1fd01fd31
fca9fcf9fe42fe32
fcd9fcc9fcb9fca9
fce9fd09fd01fcf1
fe1afe1afe12fd59
fe7afe8bfe1afdda
ff3bff13fef3febb
fed3feb3ff13ff1b
fedbfea3fee3ff03
feebfef3febbfed3
ff3bfefbfecbfefb
fe3afed3ff0bff0b
fe02fdfafe22fe4a
fdfafdcafe12fe0a
fda2fdd2fdeafdda
fd82fd01fcb9fd19
fdb2fdbafdb2fdba
ff8cfdfafd59fd79
fcd9fe4201250105
fce9fcd1fcc9fcc9
fca1fc68fce1fd01
fcb1fcb9fce1fce9
fcb1fcc9fcb9fcb1
fcd1fc81fc40fc70
fd49fd39fd39fd41
fd69fd61fd61fd59
fd39fd39fd51fd69
fd31fd39fd41fd49
fd39fd41fd39fd39
fd31fd31fd29fd29
fd69fd59fd51fd49
fd59fd69fd69fd69
fd61fcd9fd11fd41
fca9fcf1ff2bffd4
fcb9fcc1fcb9fcd1
fcc1fd31fcf1fcc9
fe12fdaafd61fd09
fe62fe32fdfafe02
feebfe83fe42fe62
fe62fe4afe8bfebb
fe9bfe9bfebbfebb
ff03fefbfe7afe72
ff23ff13fecbff03
fe2afe72febbff03
fe1afdaafdfafe02
fde2fdcafdbafdda
fd09fd71fda2fdca
fdc2fd82fd01fcc1
fdaafdcafdcafdd2
0044fe52fdb2fd51
fcd1fd71004c011d
fce1fcc9fcc1fcc1
fc60fcc1fd19fce9
fcb9fcd9fcf1fca9
fcb9fcc1fcb1fcb1
fc99fc50fc68fca1
fd41fd29fd31fd31
fd61fd61fd61fd49
fd29fd21fd21fd51
fd29fd29fd29fd31
fd39fd39fd39fd31
fd31fd39fd31fd31
fd61fd59fd59fd41
fd59fd59fd61fd61
fef3fce9fd09fd49
fc78fdc2001400e5
fcb9fcb9fcc1fcf1
fcc9fcd9fcd9fcd1
fe2afd8afcf1fcc1
fe02fddafdcafe2a
fe93fe52fe52fe72
fe32fe22fe4afe72
fe4afe83fe9bfe62
feb3fe9bfe72fe5a
febbfeebfecbfecb
fe3afe2afe72fec3
fd92fd82fdb2fda2
fd8afd92fd41fd79
fcc9fd01fd51fd82
fde2fdc2fd8afd19
fd8afdc2fddafdf2
00f5ff03fe12fd82
fcc9fce9ff3b016d
fcd1fcc1fcb9fcb9
fca9fd21fd01fce1
fcd1fce1fcb1fc60
fcb9fcc1fcb1fcb9
fc60fc58fc91fcb9
fd31fd29fd29fd29
fd59fd49fd49fd41
fd29fd19fd19fd49
fd21fd21fd21fd21
fd39fd31fd29fd21
fd41fd41fd41fd41
fd59fd61fd59fd49
fd51fd59fd51fd59
005cfdb2fcf9fd31
fcb9fed300a50125
fcb9fcc1fcf9fce9
fcb1fcc9fce1fcd9
fda2fd19fc91fc99
fdbafd8afda2fdda
fe22fe12fe12fe0a
fe0afe22fe4afe4a
fe2afe5afe7afe3a
fe42fe7afe52fe4a
fe93fe6afebbfe9b
fd82fdc2fddafe52
fd41fd69fdc2fd8a
fd39fd69fd51fd39
fd31fce1fd01fd21
fe12fde2fde2fdb2
fd9afdc2fdd2fe12
0135002cfe5afdf2
fcb9fcc9fe0a00d5
fcc9fcc1fcb1fcb1
fd09fd19fcf1fcd9
fcd9fcc1fc70fc70
fcb9fcb9fcb9fcc1
fc58fc78fca9fcb9
fd29fd29fd29fd29
fd41fd39fd41fd31
fd21fd11fd11fd41
fd31fd29fd29fd19
fd29fd29fd21fd21
fd41fd41fd49fd41
fd49fd49fd51fd49
fd29fd39fd41fd41
0135ff33fd09fd11
fdbaff9c00bd00e5
fcd9fcf1fd41fcd1
fcd1fce9fce9fcd1
fcf1fca1fc89fc89
fdbafd71fd79fdaa
fdfafdcafd8afd92
fddafe02fde2fe02
fdeafe12fe02fe02
fe32fe6afe62fe1a
fdeafe2afe7afe6a
fd71fd61fd71fda2
fd39fd31fd21fd69
fd09fd31fd49fd51
fdaafd41fcf9fd01
fe32fe1afdf2fdea
fdf2fdbafdfafe0a
00ed00fdff1bfe6a
fcb1fcd1fd11ffec
fcd1fcc1fcb9fcb1
fd19fcf9fcf1fce1
fcc9fc81fc70fce9
fcb9fcc1fcb9fcd1
fc60fc99fcb1fcb1
fd21fd19fd19fd21
fd31fd31fd39fd29
fd21fd09fcf9fd31
fd29fd31fd21fd19
fd31fd21fd21fd19
fd41fd49fd49fd49
fd39fd41fd41fd41
fd01fd19fd29fd31
00e500cdfde2fcf1
fe3a006c002c0125
fd19fd39fd61fd11
fcf9fcf9fce9fcf9
fc91fc81fc91fcb9
fdbafd92fd41fd09
fd69fd82fd79fd92
fd92fdcafd92fd92
fd92fd79fd92fda2
fe4afe62fe12fdba
fd01fda2fe22fe0a
fd39fd29fd19fcf1
fd69fd41fd21fd09
fd21fd39fd59fd71
fdf2fdb2fd61fd29
fe22fe3afe0afde2
fe4afdd2fdf2fe0a
00b5017dfff4fedb
fcb9fcd9fcc9fe4a
fcd1fcc1fcb1fcb9
fd09fd01fcf1fce1
fc91fc70fcd9fd21
fcb9fcc1fcc9fcc9
fc78fc99fca1fca9
fd21fd19fd19fd21
fd29fd29fd31fd29
fd21fd01fce9fd21
fd21fd19fd21fd19
fd31fd21fd21fd19
fd41fd49fd49fd49
fd31fd39fd29fd31
fcf9fd09fd11fd21
014d0135ff73fd11
fec3ffc400ad0074
fd41fd69fd51fd31
fd11fd09fd01fd19
fc89fc99fcb9fcf9
fd21fd09fca1fc78
fd39fd29fd31fd71
fd41fd69fd39fd61
fd71fd01fd11fd21
fd92fdb2fd92fd41
fcc9fd09fd59fd71
fcf1fcf9fcf9fce9
fd41fd59fd59fd19
fd59fd39fd31fd29
fddafdd2fdaafd82
fdfafe32fe2afdea
fe83fe1afdf2fdea
ffdc0135005cffac
fcc1fcd1fcd1fd31
fcd9fcc1fcb1fcb9
fd09fcf9fcf1fce1
fca1fd11fd39fd11
fca1fcb9fcc9fca1
fc81fc91fc99fc99
