fc68fc68fc60fc50
fc68fc70fc70fc68
fc58fc60fc68fc60
fc48fc48fc40fc50
fc81fc89fc81fc68
fc60fc60fc68fc78
fc60fc60fc60fc58
fc78fc70fc60fc68
fc50fc89fc78fc78
fc60fc48fc38fc30
fc38fc48fc38fc48
fc10fc10fc18fc20
fc18fc08fc08fc10
fc50fc28fc10fc18
fc10fc08fc10fc20
fc10fc10fc10fc10
fc10fc10fc10fc10
fc18fc18fc18fc10
fc30fc30fc20fc20
fc20fc18fc18fc20
fca1fc38fc20fc20
fc50fca1fd29fd31
fc30fc30fc38fc40
fc38fc30fc30fc30
fc28fc38fc38fc38
fc38fc30fc30fc38
fc40fc40fc38fc38
fc30fc30fc30fc40
fc48fc48fc48fc30
fc50fc50fc48fc40
fc78fc58fc50fc50
fdc2fd59fcf9fc99
fc78fc70fc70fc58
fc70fc78fc70fc70
fc58fc58fc68fc70
fc50fc48fc40fc50
fc81fc81fc78fc58
fc50fc58fc70fc81
fc50fc50fc48fc48
fc78fc70fc60fc50
fc60fc99fc89fc81
fc50fc40fc38fc38
fc30fc40fc40fc38
fc18fc10fc18fc20
fc28fc18fc20fc18
fcd1fc81fc60fc58
fc10fc10fc10fc30
fc10fc10fc10fc10
fc10fc10fc10fc10
fc18fc18fc18fc10
fc40fc30fc18fc18
fc18fc18fc20fc20
fc48fc20fc20fc18
fc68fc81fcb1fc99
fc28fc28fc20fc38
fc38fc30fc28fc28
fc40fc40fc38fc38
fc30fc38fc30fc38
fc40fc40fc38fc30
fc40fc38fc48fc48
fc38fc50fc58fc48
fc30fc38fc30fc30
fc40fc40fc38fc30
fd31fd01fc89fc48
fc70fc70fc78fc60
fc78fc78fc78fc78
fc60fc60fc70fc70
fc50fc50fc50fc50
fc89fc89fc70fc58
fc50fc60fc81fc89
fc58fc50fc50fc58
fc78fc68fc60fc60
fc68fc99fc99fc89
fc38fc38fc30fc38
fc28fc38fc30fc30
fc18fc18fc18fc20
fc50fca1fc68fc20
fcb1fcb1fca1fc58
fc10fc18fc10fc28
fc10fc10fc10fc10
fc10fc10fc10fc10
fc18fc18fc10fc10
fc20fc18fc18fc18
fc18fc20fc20fc20
fc28fc28fc18fc18
fc30fc60fc60fc50
fc28fc28fc20fc20
fc30fc28fc20fc20
fc38fc38fc30fc30
fc30fc40fc30fc38
fc40fc40fc38fc28
fc58fc48fc50fc48
fc50fc68fc50fc58
fc28fc28fc30fc38
fc28fc28fc28fc28
fcd1fc81fc38fc30
fc78fc78fc70fc60
fc81fc78fc78fc78
fc70fc68fc68fc70
fc50fc50fc58fc60
fc91fc89fc70fc58
fc40fc60fc81fc91
fc48fc48fc48fc48
fc78fc60fc50fc50
fc78fca1fca1fc91
fc30fc28fc28fc38
fc20fc28fc30fc30
fc18fc10fc18fc18
fc70fcd1fc50fc20
fc48fc70fca1fc68
fc10fc18fc18fc18
fc18fc18fc10fc10
fc18fc10fc10fc10
fc18fc18fc10fc10
fc18fc18fc18fc18
fc18fc18fc18fc18
fc28fc20fc18fc18
fc28fc38fc40fc40
fc28fc20fc20fc18
fc28fc20fc20fc20
fc30fc38fc30fc28
fc40fc40fc30fc28
fc28fc28fc30fc48
fc38fc30fc40fc48
fc58fc58fc50fc48
fc20fc20fc30fc40
fc28fc28fc28fc20
fc70fc40fc28fc30
fc78fc78fc68fc68
fc70fc78fc70fc78
fc68fc68fc70fc78
fc48fc48fc58fc60
fc99fc91fc70fc50
fc58fc60fc78fc91
fc60fc60fc60fc60
fc78fc68fc68fc60
fc89fca1fc91fc91
fc40fc30fc28fc40
fc18fc20fc28fc38
fc10fc10fc10fc18
fc40fc30fc18fc10
fc20fc48fc30fc30
fc10fc10fc18fc10
fc10fc18fc10fc10
fc18fc18fc18fc20
fc10fc18fc18fc10
fc18fc18fc10fc10
fc20fc18fc18fc18
fc20fc18fc18fc18
fc18fc20fc38fc40
fc28fc20fc18fc18
fc20fc28fc28fc28
fc30fc30fc28fc20
fc58fc48fc38fc30
fc28fc28fc38fc58
fc30fc30fc40fc48
fc40fc40fc38fc30
fc18fc28fc38fc40
fc28fc28fc28fc20
fc48fc38fc28fc28
fc68fc60fc58fc58
fc60fc60fc60fc60
fc50fc58fc60fc68
fc48fc40fc48fc50
fc70fc78fc60fc48
fc58fc60fc60fc68
fc58fc58fc58fc58
fc68fc58fc58fc58
fc81fc89fc70fc78
fc50fc38fc28fc40
fc18fc18fc20fc50
fc10fc10fc10fc10
fc50fc20fc18fc10
fc10fc20fc18fc40
fc18fc10fc10fc10
fc18fc18fc18fc18
fc18fc18fc18fc28
fc10fc10fc18fc18
fc18fc10fc10fc10
fc28fc18fc18fc18
fc18fc18fc18fc20
fc18fc18fc18fc20
fc20fc18fc18fc18
fc28fc28fc28fc28
fc30fc28fc28fc28
fc48fc50fc48fc38
fc28fc30fc30fc48
fc30fc40fc50fc40
fc40fc48fc30fc28
fc20fc38fc40fc38
fc20fc28fc28fc20
fc28fc28fc28fc20
fc20fc20fc28fc28
fc28fc28fc28fc20
fc28fc28fc28fc28
fc28fc20fc20fc28
fc40fc40fc30fc28
fc28fc38fc30fc40
fc30fc28fc30fc30
fc38fc38fc38fc38
fc50fc48fc40fc40
fc48fc30fc28fc38
fc10fc18fc20fc50
fc10fc10fc10fc10
fd31fc48fc18fc18
fc08fc18fc20fc91
fc20fc18fc10fc10
fc20fc10fc18fc20
fc18fc20fc10fc20
fc10fc10fc10fc10
fc18fc10fc10fc10
fc28fc18fc18fc18
fc18fc18fc18fc20
fc18fc10fc18fc18
fc18fc20fc18fc10
fc28fc28fc28fc20
fc30fc30fc28fc28
fc38fc48fc38fc30
fc30fc38fc40fc38
fc30fc48fc48fc40
fc30fc38fc38fc30
fc28fc40fc38fc30
fc18fc20fc20fc18
fc28fc30fc38fc20
fc30fc40fc30fc28
fc40fc40fc20fc18
fc38fc40fc40fc38
fc30fc30fc30fc30
fc28fc18fc18fc30
fc10fc18fc18fc50
fc20fc18fc18fc18
fc18fc20fc20fc18
fc30fc20fc18fc18
fc20fc20fc18fc28
fc18fc18fc20fc20
fc18fc10fc18fc18
fde2fc68fc30fc28
fc10fc20fc30fd41
fc18fc10fc10fc10
fc18fc10fc18fc18
fc18fc20fc10fc18
fc10fc10fc10fc18
fc18fc10fc10fc10
fc18fc10fc18fc18
fc20fc20fc20fc18
fc20fc18fc10fc18
fc20fc20fc18fc18
fc20fc28fc20fc20
fc30fc30fc28fc20
fc28fc30fc30fc30
fc28fc28fc30fc30
fc30fc30fc28fc28
fc30fc28fc30fc28
fc40fc48fc38fc30
fc18fc18fc20fc20
fc30fc30fc20fc18
fc48fc50fc38fc38
fc50fc50fc20fc20
fc50fc58fc50fc50
fc40fc40fc50fc50
fc20fc10fc20fc38
fc10fc10fc10fc30
fc18fc18fc10fc10
fc18fc18fc18fc20
fc48fc20fc18fc18
fc20fc28fc28fc40
fc10fc10fc18fc20
fc18fc20fc20fc18
fd61fc40fc20fc18
fc18fc20fc38fd41
fc18fc18fc20fc18
fc18fc20fc18fc18
fc20fc20fc18fc18
fc10fc18fc20fc18
fc10fc10fc10fc10
fc10fc10fc10fc10
fc18fc20fc20fc20
fc18fc18fc18fc10
fc20fc30fc30fc20
fc20fc20fc20fc28
fc30fc30fc28fc18
fc28fc30fc38fc30
fc20fc20fc28fc28
fc20fc20fc18fc18
fc28fc20fc20fc20
fc50fc48fc30fc30
fc18fc18fc20fc38
fc40fc30fc18fc18
fc48fc48fc40fc40
fc58fc40fc18fc20
fc58fc58fc58fc60
fc40fc48fc58fc58
fc18fc18fc28fc40
fc10fc10fc18fc28
fc20fc20fc20fc18
fc28fc20fc18fc18
fc48fc20fc38fc38
fc20fc28fc30fc48
fc18fc18fc10fc18
fc18fc20fc20fc20
fc78fc20fc18fc18
fc20fc30fc30fc70
fc30fc30fc38fc28
fc28fc60fc58fc48
fc40fc30fc28fc20
fc18fc28fc28fc18
fc10fc18fc10fc10
fc18fc18fc10fc10
fc10fc18fc28fc20
fc18fc18fc18fc18
fc20fc28fc20fc18
fc20fc20fc28fc20
fc30fc30fc28fc20
fc30fc30fc28fc30
fc30fc30fc28fc28
fc28fc20fc28fc30
fc30fc28fc20fc20
fc50fc40fc28fc30
fc18fc18fc18fc28
fc20fc20fc18fc18
fc40fc40fc40fc40
fc50fc30fc18fc28
fc58fc58fc50fc58
fc30fc40fc50fc58
fc10fc18fc28fc30
fc10fc10fc10fc10
fc28fc28fc28fc20
fc38fc28fc20fc20
fc48fc38fc60fc40
fc20fc30fc40fc50
fc18fc18fc18fc18
fc18fc18fc20fc20
fc28fc18fc18fc18
fc48fc48fc30fc38
fc91fc58fc68fc68
fc70fc89fc81fca1
fc30fc60fc81fc50
fc30fc38fc38fc28
fc18fc18fc18fc20
fc18fc18fc18fc18
fc18fc18fc20fc18
fc10fc10fc18fc18
fc20fc18fc18fc18
fc20fc28fc28fc20
fc30fc30fc30fc28
fc30fc28fc30fc30
fc40fc38fc38fc38
fc30fc38fc40fc40
fc30fc20fc20fc20
fc50fc38fc20fc30
fc20fc20fc28fc40
fc20fc20fc18fc18
fc38fc40fc48fc50
fc48fc30fc18fc30
fc58fc58fc50fc50
fc30fc40fc50fc50
fc10fc18fc28fc30
fc10fc10fc10fc10
fc30fc30fc30fc20
fc50fc30fc30fc30
fc50fc30fc48fc40
fc28fc30fc48fc60
fc18fc18fc18fc18
fc10fc18fc20fc18
fc38fc30fc20fc18
fc91fca9fc81fc50
fcd1fc50fc81fc91
fcc1fca1fc68fce1
fc78fc91fc99fc81
fc58fc78fc68fc70
fc18fc28fc30fc58
fc10fc18fc18fc18
fc20fc28fc28fc18
fc18fc10fc18fc20
fc18fc18fc18fc18
fc28fc28fc28fc18
fc28fc30fc30fc28
fc28fc30fc30fc30
fc38fc38fc38fc30
fc38fc38fc38fc30
fc20fc18fc20fc20
fc48fc38fc28fc28
fc28fc28fc28fc40
fc20fc20fc20fc28
fc40fc40fc50fc68
fc30fc20fc18fc30
fc58fc50fc48fc40
fc38fc38fc40fc48
fc10fc18fc30fc38
fc18fc18fc18fc18
fc68fc70fc68fc40
fc58fc58fc60fc60
fc40fc28fc30fc50
fc28fc30fc50fc60
fc18fc18fc18fc20
fc28fc28fc20fc18
fc68fc60fc48fc28
fc78fcd9fc91fc50
fcb9fc91fcb1fc78
fc99fc70fc81fcc9
fc81fc99fcb1fcb1
fcb1fcb1fc81fc89
fc38fc50fc99fcf1
fc18fc10fc20fc30
fc20fc20fc20fc18
fc20fc18fc18fc20
fc18fc20fc18fc18
fc28fc28fc20fc20
fc28fc28fc20fc20
fc30fc30fc30fc30
fc38fc30fc30fc28
fc60fc58fc40fc30
fc28fc28fc30fc40
fc50fc40fc38fc30
fc28fc28fc30fc48
fc28fc20fc20fc30
fc50fc58fc68fc68
fc38fc20fc18fc40
fc48fc40fc40fc40
fc38fc38fc40fc40
fc10fc20fc30fc38
fc18fc18fc18fc18
fc91fca9fca1fc48
fc68fc81fc89fc89
fc38fc38fc40fc68
fc20fc30fc60fc60
fc20fc20fc20fc18
fc70fc70fc40fc38
fcc9fc91fc60fc50
fc70fc81fca1fce1
fc91fcf9fcb1fc48
fca1fc48fc99fc78
fc89fca9fce1fcd1
fc89fc78fc58fc60
fcd1fc81fc91fcb1
fc18fc18fc48fc81
fc20fc20fc18fc20
fc20fc20fc18fc18
fc20fc20fc20fc20
fc28fc28fc28fc20
fc28fc20fc20fc28
fc48fc38fc28fc28
fc89fc78fc78fc58
fcd9fce9fcc1fc99
fcc9fca1fca1fca9
fc58fc50fc58fcb1
fc20fc30fc30fc48
fc28fc28fc20fc28
fc50fc58fc50fc38
fc38fc18fc28fc48
fc38fc38fc48fc48
fc40fc40fc48fc40
fc10fc28fc38fc38
fc18fc18fc18fc18
fca9fcb1fc99fc38
fc78fc91fca1fca1
fc28fc30fc48fc70
fc18fc20fc40fc50
fc48fc58fc38fc20
fcb9fcc9fc68fc60
fcc1fc89fc81fc99
fc60fc68fcd9fd09
fd49fcf1fc70fc58
fc99fc58fc78fcb1
fc60fc70fce9fd19
fc60fc70fc70fc50
fc99fc81fc78fc70
fc38fc38fc48fc78
fc38fc30fc20fc20
fc18fc18fc20fc28
fc20fc28fc30fc20
fc20fc28fc28fc20
fc20fc20fc20fc20
fcd1fc70fc30fc28
fd09fcf9fcf9fd01
fd29fd41fd49fd29
fd39fcf9fce1fce1
fd01fcf9fce9fd39
fc30fc30fc48fc89
fc20fc28fc28fc28
fc28fc20fc28fc28
fc38fc20fc38fc38
fc40fc40fc48fc48
fc40fc40fc40fc40
fc10fc28fc30fc38
fc10fc18fc10fc10
fcc1fcb9fc89fc28
fc81fc91fca1fca9
fc20fc28fc58fc70
fc20fc30fc38fc30
fc89fc89fc38fc20
fc70fc68fc70fc81
fca1fc78fca9fca9
fc81fca9fd29fd29
fd51fcb1fcb1fcb1
fcb1fcc9fc81fcd9
fc58fc70fcd9fcd9
fc78fc91fc58fc48
fc70fc60fc70fc70
fc89fc99fcb1fca1
fc38fc30fc30fc50
fc18fc18fc20fc30
fc18fc30fc38fc20
fc40fc48fc30fc18
fc28fc20fc20fc28
fd82fd29fc68fc30
fdbafd8afd79fd92
fd92fda2fdc2fdba
fd51fd49fd21fd39
fd59fd49fd31fd41
fc68fc89fcc9fd19
fc20fc28fc38fc58
fc20fc28fc30fc30
fc40fc20fc18fc18
fc58fc48fc48fc48
fc38fc38fc40fc50
fc18fc30fc38fc38
fc18fc10fc18fc10
fcc9fcb9fc91fc20
fc99fca9fcb1fcb9
fc28fc20fc68fc78
fc38fc50fc81fc60
fc70fc70fc81fc30
fc78fc78fc91fcb1
fc81fc89fc68fc50
fcf1fd9afde2fcf9
fd82fd39fd51fd09
fcc1fce1fcd9fd49
fc78fcb1fd11fcc9
fc89fca9fc68fc68
fc68fc58fc68fc58
fcc1fcc1fcf9fc89
fc50fc68fc68fcd1
fc18fc20fc18fc38
fc10fc30fc30fc10
fd69fd9afd01fc48
fca9fc50fc58fcd9
fdb2fdaafd69fd21
fdbafdcafddafdca
fddafdeafddafdca
fe0afdeafdd2fdc2
fda2fdd2fdf2fdfa
fcc9fcd1fd29fd51
fc20fc38fc68fcb9
fc18fc18fc10fc18
fc18fc18fc18fc18
fc50fc48fc40fc38
fc38fc40fc48fc50
fc20fc38fc38fc38
fc18fc10fc18fc10
fcc1fca9fc70fc18
fc91fca1fcb9fcc1
fc28fc20fc70fc78
fc58fc81fca1fc81
fc68fc81fca1fc70
fd09fd09fd09fc89
fd19fce9fcc9fce1
fdc2fe2afdc2fd79
fe0afe12fdfafda2
fd19fd59fd59fdf2
fcf1fd31fd59fcf1
fcb9fca9fc89fcd1
fc89fc78fc50fc68
fca9fcb1fc70fc60
fc50fc68fc99fcb9
fc18fc20fc20fc38
fc91fc38fc18fc18
fe3aff0bfefbfdb2
fda2fcd1fcd1fd49
fdbafdbafe1afe6a
fd9afd82fdbafdd2
fe4afe62fe2afde2
ff1bfedbfecbfe8b
feb3ff03ff4bff63
fd19fd59fdeafe2a
fc28fc40fc89fd01
fc10fc08fc10fc18
fc20fc78fc20fc18
fc48fc38fc30fc18
fc38fc50fc48fc48
fc28fc40fc38fc38
fc18fc18fc18fc18
fcb9fcb1fc68fc18
fc99fcb1fcc1fcc1
fc20fc28fc78fc68
fc81fc81fc91fc70
fc99fc58fc91fc99
fd82fd71fd11fca9
fddafdbafdcafd9a
febbfeabfe62fe42
feebfeebfecbfe93
fdbafdf2fe32feab
fd82fdc2fdb2fd92
fd49fd31fd29fd69
fc58fcb1fc91fce9
fc81fc70fc68fc50
fc81fc89fca9fc89
fc18fc30fc40fc70
fd71fc60fc18fc20
fee3ffacffe4ff33
fdfafd79fd79fe0a
fe3afe2afe12fe0a
fd9afd92fde2fe1a
ff23feebfe93fdf2
00a50044ffd4ff6b
ffd4004c007400c5
fdbafe4afef3ff53
fc40fc58fcb9fd41
fc10fc08fc18fc20
fcb9fce9fc18fc20
fc28fc28fc20fc10
fc40fc50fc48fc38
fc30fc38fc38fc40
fc18fc18fc18fc18
fcb9fcb1fc50fc18
fca9fcc9fcc9fcc9
fc28fc38fc81fc81
fc78fc89fc89fc70
fcc9fca1fc99fc99
fe12fde2fd82fd19
ff0bfec3fe93fe5a
ff8cff6bff43ff33
ffacffbcffa4ff73
fe7afedbff13ff33
fe1afe52fe5afe72
fdc2fdd2fdf2fdfa
fc78fcc1fd11fd59
fc99fc58fc81fca1
fca1fc99fc81fc91
fc18fc48fc68fc91
fdeafc68fc20fc18
ff0bffd4ffe4ff94
fe52fe02fde2fe62
fe0afe22fe2afe1a
fdb2fdd2fe42fe1a
003cffbcfef3fe32
020601ae015500ad
008500dd017d01fe
fec3ff8c001c002c
fc50fc99fd39fdf2
fc10fc08fc18fc20
fd61fcc1fc10fc20
fc30fc50fc48fc58
fc50fc50fc40fc28
fc28fc30fc38fc40
fc18fc18fc10fc18
fcb9fca1fc30fc18
fcd9fce9fcf1fcc9
fc40fc50fc81fcc9
fcb9fcb1fcb1fc91
fd82fd29fcc9fce9
fedbfe72fe0afdc2
ffdcff9cffacff4b
002c001cfffcfffc
001c002c002c0024
ff73ffa4ffa4ffcc
feb3fed3ff03ff63
fe3afe62fe9bfeab
fcd9fd11fd82fde2
fc78fc70fcc9fcf1
fc91fc68fc60fca1
fc30fc60fc99fc91
fda2fc58fc28fc20
ff1b001cffacfedb
fea3fe72fe3afe83
fe0afe12fe12fe3a
fddafdf2fe3afdea
00f50034ff43fe52
02c702cf027601ae
018e0206028f02cf
ffc4007c00b5010d
fc60fd09fe0afecb
fc10fc08fc18fc18
fce1fc50fc18fc18
fcb1fcf1fd11fce9
fc48fc40fc30fc60
fc30fc38fc38fc40
fc10fc10fc10fc18
fcf1fca1fc28fc18
fd09fd11fd29fd31
fc78fc48fc58fcc1
fcf9fcc1fcf9fcd1
fe62fe02fdbafd69
fffcff73ff33fef3
005c004400540054
007c008500950064
0044006c007c007c
fff4000c0004002c
ff43ff53ff73ff9c
febbfecbff03ff33
fd79fdcafe3afe93
fcb1fcd9fd31fd51
fc60fc70fc78fc91
fc58fc70fcd9fc89
fcd9fc48fc30fc50
ff6b0004ffd4fe02
fee3fefbfeabfedb
fdd2fe32fe5afe52
fe1afe42fe1afdc2
01b600edffe4fe83
030f031702cf0256
027602df031f031f
009d010d01450216
fd19fe22ff23ffe4
fc10fc10fc18fc18
fcb1fc68fc28fc10
fcf1fd21fd39fd09
fc28fc20fc50fcb9
fc40fc40fc38fc38
fc18fc18fc10fc20
fd11fc99fc20fc18
fcd1fd31fd49fd61
fcc9fca9fca9fca9
fd51fce1fc91fc89
ff3bfebbfe72fdf2
008d005c000cffb4
009d00a500a5008d
0095008500b500b5
007c00950095009d
001c003c0044005c
ffa4ffa4ffbcffe4
ff1bff2bff5bff8c
fe4afe7afecbff03
fd41fd8afddafe1a
fc70fc91fca9fcd9
fc91fc78fc78fc68
fd09fc70fc38fc78
ffacff9cff4bfdba
ff03ff6bff4bff73
fe0afe52fec3fefb
fe1afe72fe7afe22
02560165ffccfe6a
0327032f030702af
02df0317032f032f
012d015501ce025e
fe9bff53001400bd
fc18fc18fc18fc10
fca1fc68fc30fc18
fce9fcf1fce9fcc9
fc18fc28fc91fcd1
fc48fc48fc30fc28
fc18fc18fc10fc28
fd11fc91fc20fc18
fcc9fd19fd41fd39
fcb1fcd9fd29fd11
fe32fda2fd09fca1
0064ffccff13feab
00e500c50095005c
00d500bd00c500f5
008d007c00ad00c5
0095009500a500a5
002400440054007c
ffccffc4ffecfffc
ff53ff6bff73ffa4
fec3fed3ff03ff43
fdb2fe22fe6afeab
fc78fcb9fcf9fd31
fca1fc58fc60fc91
fe0afd49fc58fca1
ff3bfeebfe1afd61
ff23ff43ff63ff4b
fec3fecbff2bff84
fdb2fe62fef3fecb
02af017dff5bfe02
03170327032f02ff
0307030f031f031f
01be01b6021e02af
ff63003400b50145
fc18fc18fc18fc18
fc68fc48fc28fc18
fcd9fce1fca9fc81
fc20fc38fc58fc89
fc48fc50fc50fc48
fc28fc28fc20fc30
fc99fc58fc28fc28
fcd1fcc1fcb1fca1
fc78fcb1fd09fd19
ff84fea3fdaafce1
00a5008d003c001c
00e500e500dd00c5
00e500d500fd010d
009d008d00bd00dd
00ad00a500f50105
001c0034004c0085
ffccffe4ffe4ffec
ff73ff6bff84ffac
fefbfefbff23ff4b
fe32fe72feabfedb
fca9fcf9fd61fdca
fc70fc58fc68fc91
ff6bfe83fc91fc70
fe6afe2afd71fd9a
fefbff1bfec3fe9b
ff13ff03ff33ff4b
fe1afe72feebff0b
02ef013dff13fe1a
033f03370347035f
02ef02ff0307031f
02060236027e02bf
ffbc007c00ed0196
fc18fc20fc20fc10
fc68fc48fc28fc18
fcd1fce9fcc1fc78
fc40fc68fc48fc68
fc50fc40fc81fc58
fc28fc28fc38fc48
fc99fc38fc20fc28
fcf9fd01fce9fcc1
fd51fcd9fce1fd19
006cffb4ff0bfe02
00ad00ad008d00cd
00dd00cd00dd00cd
010d00e5010500ed
00d5009500cd00f5
00c500a5009d00c5
ffbcffdc000c005c
ffe4ffecffdcffb4
ff94ff7bff9cffc4
ff13ff23ff43ff7b
fe4afea3fedbfefb
fcf1fd41fdb2fe02
fc48fc68fc81fcb9
fefbfd8afc91fc40
fddafdc2fd31fdca
fe1afe4afe2afdf2
ff13fee3feb3fe42
fe62fe62fef3ff4b
032700d5fef3fe62
0347035f03d003d0
02ef02ff031f037f
01ee023e029702d7
ffec006400dd018e
fc20fc20fc20fc10
fc78fc58fc20fc20
fcd1fcc1fc99fc89
fc70fc89fc78fc99
fc48fc50fc99fc70
fc28fc30fc60fc60
fc81fc28fc18fc20
fd01fce9fca1fc89
fe32fd31fcc9fcf1
00640044fff4ff2b
00cd00d500c500bd
00e500e500fd00e5
00f500e500e50115
00ad00b500bd00e5
009d00bd00850095
ff9cffd4001c0064
0014002cffccffa4
ff84ff94ffa4ffd4
ff33ff43ff53ff73
fe62feb3fefbff0b
fd21fd71fdcafe12
fc50fc89fcd1fd01
fd9afcd9fc60fc40
fd61fdeafd29fdb2
fd82fdb2fdc2fd69
feabfe52fe52fdfa
fe8bfe62feebff43
029f0014ff13fea3
037f03b00398034f
02f7031f037f036f
01be0236028702cf
fff4004c00e50155
fc40fc50fc38fc28
fc78fc48fc20fc20
fca9fca1fc89fc89
fc58fc68fc99fca9
fc28fc50fc91fc68
fc28fc20fc20fc20
fc30fc20fc28fc20
fcc9fc81fc38fc30
ff4bfdf2fd01fcc1
008d006c0034fff4
00fd00dd00ed0115
013d00fd013d010d
00cd00ed010d014d
009500a500bd0105
00a500a5008d008d
00140034007400c5
0024002c001c000c
ffa4ffacffbcffe4
ff43ff4bff6bff8c
fe7afec3ff13ff2b
fd51fd82fdd2fe22
fc70fcb9fd01fd29
fd21fca1fc48fc48
fd59fddafd09fd31
fd51fd41fddafd92
fe83fe12fde2fdba
fe93fe9bfebbfed3
01a6ff84fee3fec3
03a00390033f02f7
02ff034703880377
018e0206025e02b7
ffbc001c00d5013d
fc78fc89fc68fc30
fc68fc38fc28fc50
fc81fc78fc70fc81
fc70fc78fc99fc91
fc48fc89fc99fc81
fc28fc18fc10fc18
fc20fc20fc28fc28
fce1fc99fc58fc30
0014ff63fda2fcc1
00ed00a5005c004c
00e500d500dd00dd
01450115011d0105
00dd00e5010d012d
009500ad00c500d5
008d0074007c0085
004c0054009500ad
0024003c003c0034
ffacffccffe4fff4
ff73ff6bff8cff9c
fe72fed3ff1bff5b
fd71fd82fdb2fe02
fca1fce1fd11fd41
fd11fc78fc48fc60
fd69fe2afd51fd19
fd49fd49fdb2fdea
fe22fe12fda2fd9a
fea3fe83fe93fe5a
00d5ff3bfec3feab
035f034f035702d7
02cf02ff032f035f
017d01d6021e0266
ffdc003c00d5013d
fc68fc78fc50fc28
fc58fc38fc30fc40
fc60fc58fc60fc68
fc78fc89fc81fc70
fc48fc89fc81fc89
fc20fc18fc18fc20
fc28fc28fc30fc28
fcd1fc99fc70fc40
0074ffccfe12fcf1
00dd00a5007400ad
00fd00ed00e500e5
0155013d01250115
00fd00fd012d0196
00ad00c500dd00ed
007c006c007c0095
004c005400850085
001c004400240014
ffb4ffc4ffecfff4
ff8cffa4ffa4ffac
fe7afedbff2bff73
fd69fd82fdbafdfa
fcc1fd01fd41fd51
fca1fc58fc58fc89
fd71fe32fd82fcc9
fd69fdaafd9afdea
fdbafd9afd51fd51
feabfebbfe83fdea
0014ff2bfebbfeab
03370347033f0226
027e02d702ff031f
018601be0216024e
004c00ad0125015d
fc28fc38fc28fc20
fc60fc50fc48fc20
fc58fc60fc78fc78
fc78fc60fc50fc58
fc38fc78fc70fc78
fc30fc30fc28fc18
fc40fc40fc28fc28
fd29fca9fc91fc60
00edfffcfeb3fdc2
00dd00c5009500d5
013d014d011500f5
0196019e015d0135
013d0186013d0186
00ad00c500d500fd
006c006c007400ad
0054006c007c0074
001c002c002c002c
ffb4ffc4ffdcffec
ffa4ffc4ffc4ffbc
fe8bfed3ff2bff7b
fd59fd71fdc2fe3a
fcc9fd19fd41fd49
fc58fc60fc70fc99
fd69fe62fd19fc70
fd41fd8afd49fd61
fd71fd29fd09fd01
fe9bfe8bfe6afdda
0014ff63fec3fea3
0327034f02f70175
028f02bf02ef0307
01de01e60236026e
007c0105017d01c6
fc58fc40fc20fc20
fc68fc50fc60fc58
fc70fc78fc81fc81
fc89fc81fc68fc68
fc38fc58fc58fc68
fc48fc81fc81fc38
fc68fc58fc38fc38
fdaafd11fcd9fca1
00cd0014ff3bfe6a
00fd00e500ad00d5
014d014d011d010d
01550165013d013d
0145020601ae0155
00c500d500ed011d
0064006c008500bd
006c008d009d007c
000c00240044004c
ffc4ffdcfff4ffec
ffa4ffd40014fff4
fe8bfedbff2bff7b
fd59fd79fdc2fe32
fcc9fd01fd21fd29
fc60fc78fc89fc99
fd61fecbfd31fc58
fd19fd39fd09fd01
fd51fd21fd01fce9
fe52fe42fdf2fdca
0054ffa4fec3fe52
02ff02f7029f0135
027e029702c702ff
0246024e0266028f
004400f501a60216
fc58fc48fc48fc48
fc70fc58fc58fc58
fc91fc91fc91fc89
fca9fcc1fc99fc91
fc30fc38fc40fc70
fc70fcb1fcc9fc89
fc68fc58fc48fc50
fdbafd21fce9fca9
009d002cff9cfe93
010500ed00bd009d
0135013d012d010d
01b6016d016d0125
014d01b601de01ce
00ed011d015d0186
008500a500c500c5
0095009d009d008d
0004005400850074
ffecffe4ffdcffe4
ffb4ffec00140004
fe8bfeebff33ff84
fd51fd71fdc2fe12
fcd9fcf9fd19fd29
fc70fc89fc99fca9
fd49fe7afd29fc58
fd09fd39fd11fd01
fd61fd51fd21fd01
fdbafd8afd71fd79
004cff9cff0bfe62
02c702bf02870186
027e029702a702bf
023e0287028f028f
ffec0085015501fe
fc48fc40fc50fc58
fc89fc70fc60fc48
fca1fca9fca9fca1
fce9fd01fce1fcb1
fc60fc89fca9fcb1
fc78fc89fcc1fca1
fc70fc58fc40fc50
fd69fd09fcd9fc81
006c0014ff7bfe52
00f500ed00c50095
0175019e011d00f5
018e01c601a601de
022e0236022601ce
01150175017501d6
00bd00bd0105010d
0085008d009500a5
fffc005c0095008d
000cffe4ffc4ffcc
ffbcffec000c0014
fe93feebff33ff73
fd59fd69fdbafe12
fcc1fcf1fd19fd31
fc78fc89fca1fca1
fcf1fd41fcb1fc60
fd19fd21fd29fcf1
fd69fd59fd92fd49
fd8afd29fd39fd71
00adff84fec3fe42
02af029f027601ee
02a702af02970297
01be026e02bf0297
ff03ff73001c00f5
fc30fc30fc40fc38
fd11fd21fcf9fc78
fd11fd09fd09fd09
fcf1fcc9fce1fd11
fd29fd51fd51fd21
fc91fc81fc68fcc1
fc81fc91fc48fc68
fd59fcd9fc81fc70
0074fffcff53fe5a
00f500ed00dd00ad
018601be012d00fd
01e601ee01ae0196
0266027602160246
0155017501be019e
008d00a500ed0135
008d0085006c0085
fffc006400b500a5
000cffe4ffacffb4
ffacffec001c002c
fe83fee3ff0bff5b
fd49fd71fdc2fe2a
fcc1fcf1fd31fd31
fc89fc89fc91fc99
fc91fc70fc58fc70
fcf1fce9fcf9fcc1
fd59fd61fd69fd11
fda2fd39fd51fda2
010dffc4feb3fe1a
0297029f025e01fe
02ef02df0297028f
0024013d020602a7
fdd2fde2fe3afef3
fc91fc48fc48fc40
fd51fd51fd51fd21
fd31fd51fd49fd49
fd29fcd1fcc9fcd1
fd69fd79fd8afd82
fc99fca1fcb9fd51
fc91fca1fc58fc81
fdb2fd01fc70fc50
0085001cff63fe93
00fd00e500d500b5
02060196015d0115
0226020e020601b6
025e0297027e0276
01650186022e0226
009d009d0105012d
008d00640074008d
ffec008500d500bd
0004ffecffacff94
ff84ffc40014001c
fe7afedbff13ff43
fd69fd71fdd2fe32
fcc9fd09fd39fd41
fc81fc91fc99fca9
fc48fc48fc58fc70
fcd9fcd1fcc1fc89
fd92fda2fd92fd61
fdeafd82fd61fdba
00c5ffb4ff13fe83
02a702b7027e01fe
029702cf0297029f
fe9bffd400ad01a6
fd49fd31fd41fda2
fd39fcb9fc60fc58
fd49fd51fd51fd59
fce1fd41fd49fd41
fcd9fcd9fcd1fcb9
fd69fd8afd8afd59
fcd9fd01fd51fd69
fc78fc78fc60fc89
fdcafd21fc99fc81
0095004cff7bfe7a
011d00ed00cd00c5
01f601a6015d0135
025601f6026e01d6
02970297027e025e
01b601be021e0256
00bd00bd0105012d
0085005c007c00a5
fff4009500bd00a5
0004fff4ffb4ff9c
ff53ffa40004001c
fe7afecbfefbff23
fd61fd8afddafe2a
fcd1fd09fd39fd31
fc89fc99fc99fca1
fc48fc48fc60fc78
fd51fcf9fc91fc58
feb3fffc000cfe9b
fe12fdb2fda2fdfa
00b5ff43fea3fe5a
02af02b702cf025e
019e0256029702a7
fe3affbc009d00f5
fcf9fce1fcc1fd11
fd59fd31fcc9fc81
fd59fd59fd59fd51
fcb1fcd9fd31fd49
fcb9fcc1fca9fcb1
fd71fd8afd8afd21
fcf9fd39fd59fd59
fce9fc99fc91fcd1
fdb2fd39fd29fd11
0095003cff84fe8b
011d00f500c500b5
01b6017d0155014d
01de01ae01c6019e
020602bf02d70287
017501c601f60266
00c500bd0105011d
006c0064007c00ad
0014008500b50095
000cffdcffacffb4
ff3bff94fff4001c
fe7afebbfef3ff13
fd71fdaafdeafe3a
fcd9fd11fd31fd49
fc91fc91fc91fc99
fc50fc50fc60fc78
fdd2fd11fcb9fc60
01a601b6019600cd
fe93feabff6b0074
005cfedbfe32fe52
029f028f026601fe
01860206027e0287
fd92fecb002c0135
fc70fc70fc78fcd1
fd49fd59fd31fcb1
fd61fd59fd49fd41
fcb9fcb1fcc1fd29
fcf1fcd9fc91fca1
fd82fd8afd8afd39
fcf9fd49fd41fd61
fd11fcc1fcc9fce9
fdfafdb2fe02fd9a
00950044ff9cfea3
012d010500d500c5
01e6015d015d012d
01ee021e01c601e6
022602b7026601fe
016d01a601be022e
00c500b500d50135
0054006400a500e5
00440095009d008d
fffcffccff94ffa4
ff23ff5bffb4ffec
fe8bfec3fef3ff03
fd82fdaafdeafe3a
fcd1fd11fd39fd59
fc91fc99fc99fc99
fc58fc60fc70fc89
fe62fd29fcd1fc81
012d0155009d00f5
010d00d5010d00fd
014500dd006c0105
016d00bd00ed0145
00f5017501fe021e
fd29fddafec3ffd4
fc81fc68fc70fcb9
fd31fd41fd31fcd9
fd31fd59fd49fd39
fce1fcc9fca9fcc9
fce9fcf1fce9fcf9
fd8afd82fd71fd31
fd09fd31fd21fd69
fd11fca9fcc1fcd1
fe83fe3afdfafdaa
0095006c0004fef3
013d012500e500dd
01d6016d015d012d
0226024e0236021e
01b601fe0236021e
012d018e019601ce
00e500e500c500ed
0034005400a50145
003c008500850074
fffcffccff84ffa4
ff0bff23ff7bffd4
fe8bfec3feebff03
fd92fdc2fdf2fe42
fcd9fd09fd31fd59
fca1fca1fc99fca9
fc60fc68fc89fc99
feb3fd49fcd9fca9
02b7031f018600b5
016d0186018e01fe
02b701c600dd0115
006c01ae029f0317
ff33ff53ff4bff7b
fd19fd92fe1afed3
fd31fc99fc89fcd1
fd31fd29fd21fcd1
fcc1fd09fd39fd41
fcf1fcc1fcc9fcb9
fcd9fcf9fce9fd21
fd82fd71fd39fcc9
fd21fd11fcf9fd61
fd19fcf1fce1fcd9
fe72fdd2fd49fd21
00ad009d001cff2b
014d011d00ed00cd
020e01a60196013d
01ee02a7024e0216
0216022e026e0206
01750155018601f6
011500dd00e500e5
000c005c00a5014d
00440085006c0024
ffdcffc4ff7bffb4
ff13ff23ff4bffa4
fe93fec3fef3ff03
fda2fddafe02fe4a
fcf1fd19fd41fd69
fca9fcb1fcb1fcc9
fc60fc70fc91fca1
fe4afd31fcd1fc81
01ee031f01d6009d
022601fe012d00b5
026e0115008d0175
02af02ef03170317
0095fffc009501e6
fd39fd82fe4a0064
fde2fd09fca9fcf1
fd29fd21fd09fcc1
fca9fca9fcd1fd11
fcf9fcd9fcc1fcb9
fce1fcc1fcb9fce9
fd59fd49fd29fca9
fd39fce9fce1fd41
fcb1fcc1fcb9fd21
fe3afd79fcd9fc91
009d007cffecff53
011d00fd00e500ad
019601a601650125
0226021601fe0216
01ee030f02b7021e
0175018e019601be
012d00dd00bd00dd
001c006c00c5011d
006c0095005c001c
ffd4ffccffa4fffc
ff23ff2bff4bff8c
fe83fec3fef3ff0b
fdaafddafe0afe42
fce9fd31fd69fd82
fcc1fcc1fcb9fcc9
fc68fc89fca1fca9
fdd2fd19fcb1fc60
006c027e025e004c
02e7027601e600b5
020600fd01550276
031f030702ff02e7
0175026e02ef032f
fd8afddafe93005c
fe9bfd9afcf9fd11
fcf9fd11fd01fcb9
fcb1fca9fc99fca9
fd21fd11fcb9fcb9
fcd9fc91fcb9fd01
fd41fd39fd09fca1
fd01fcd1fcd1fd31
fc81fc91fcb1fd01
fe7afdaafcd9fc89
009d0054ffd4ff43
0125010d00f500bd
018e017d0155014d
02360236020e0186
01e60337025e023e
0125014d017d015d
013d00dd00cd00fd
0034008500dd0125
00a500ad0074002c
fffc0004ffe40044
ff4bff53ff73ffa4
fe5afeabfee3ff1b
fdbafde2fe02fe22
fce9fd31fd8afdaa
fcd1fcd1fcc9fcc9
fc81fc91fcc1fcd1
fd8afd01fc91fc68
00e5028f026eff7b
02f702bf021e0266
020601ae022e02e7
033f031f02ef02c7
03070327030f0327
fd82fe5200850266
0085fe3afd39fd19
fc99fcc1fcd9fcb9
fcb1fcb9fca1fc91
fd01fd09fcc9fca1
fcc1fc91fcd9fcf9
fd39fd31fcf9fcb1
fc99fca1fcc9fd31
fc70fc68fc91fcc1
fe7afe02fd21fcb1
00b5005cffbcff03
015d011d00ed00b5
01be014501550135
0256022e01ae01d6
022e02ef026602bf
014d01a601ae01fe
010d00bd00cd00fd
0054009500c500fd
00c500ed008d0044
0004001c002c0085
ff63ff6bff9cffdc
fe5afeb3fef3ff33
fdbafddafe02fe2a
fce9fd21fd82fdba
fce1fcd1fcb9fcc9
fca1fcb9fcd9fcf1
fd8afd19fc99fc78
024602df0196fee3
02cf02ff029702a7
026e026602a7030f
031702ef02cf02a7
02f702f702e702ef
ff6b010502a7031f
0044feb3fe0afe4a
fc91fc81fc81fcc9
fca1fcb9fca9fc99
fcd9fcd9fcc9fca1
fcd1fcd9fcf9fcf1
fd39fd29fd11fce1
fc99fc78fcc1fd39
fcf1fcb9fc70fc91
feabfe6afdcafd51
00ad006cffccfeeb
011d00fd00dd00bd
0186011501250115
01f601f601ae022e
02e702df03270327
014d01fe022e02f7
00dd00c500ed0145
005c008d00b500e5
00f500dd0085004c
ffec0014006c00bd
ff63ff6bffcc0004
fe7afec3ff0bff53
fdcafddafe02fe42
fce1fd19fd79fdca
fd01fce1fcb9fcc1
fca1fcd1fce9fd09
fd92fdc2fd39fc89
031702af0064fe6a
030f035703770398
028f029702bf030f
02af02bf02bf029f
027e029f02a702a7
008501d6027602af
fe8bfe1afe12fedb
fc78fc81fc81fca9
fc99fc99fc89fc78
fce9fcd1fcc9fcb9
fce9fcf9fd09fd01
fd39fd21fd19fd09
fc81fc60fcd1fd41
fdb2fd11fc89fc99
fed3fec3fe32fde2
009d007cffe4ff23
00f500d500d500bd
017d013501150115
01ee01e6019e01ae
0317036f02d70297
01e6023e02ff0307
00dd00fd016d01e6
0074009d00b500e5
012d00d5008d0064
ffdc001c00a50105
ff6bff84ffccffec
fe72fec3ff13ff4b
fde2fdeafdfafe3a
fcf1fd29fd8afdca
fd09fce1fcb9fcc9
fca9fcd9fcf9fd19
fdfafe4afd71fc99
0367021effacfe4a
0307030f033f03a0
02a7029702c7030f
027e028f029f02a7
023e024602760276
ff8c00f501ce0236
fdc2fdc2fde2fe62
fc58fc68fc68fc81
fca1fc70fc58fc50
fd09fcd9fcd1fcc9
fce9fcf1fd09fd19
fd31fd21fd21fd09
fc78fc60fce9fd39
fd49fce1fc89fc99
feebfec3fe0afd71
00a5008d001cff6b
00fd00dd00d500ad
01ae019601150125
023e01e601c601be
02af036f03270276
026602460317025e
00dd013d01960206
008d00a500cd00ed
013500c500850074
fffc005400dd0155
ff7bff9cffc4ffd4
fe7afecbff0bff4b
fdf2fdf2fe02fe32
fce9fd29fd8afdca
fd11fcd1fcc1fcd1
fcc1fce1fd01fd31
fecbfd29fca1fca1
02f701e6ff73fe7a
0317031702f70337
0297027602a70307
027e026e02870287
01d601fe023e0266
febbffcc00dd0196
fdeafdaafdaafe02
fc48fc48fc50fc68
fcb9fc68fc58fc50
fd09fcf1fcd9fce9
fcd1fcc9fce9fd01
fd29fd19fd19fcf9
fc70fc78fd11fd31
fca1fcb1fcb1fca1
fefbfea3fe2afd11
009d00850034ffcc
00fd00f500cd00a5
011d01450145015d
01fe01a6012d016d
024e029701ee0226
0216023e028701f6
00dd012d014d01be
008500c500fd00d5
014500e500ad0074
ffec005400e50155
ff8cffa4ffa4ffac
fe93fefbff3bff6b
fe02fe2afe22fe32
fce1fd31fd8afdb2
fd19fcd1fcd1fcd9
fcb9fcc9fd11fd49
ffecfd01fc91fcb1
02d7012dff2b008d
020e029f02c702ef
028f026e029702bf
0287028702870287
0125018e0206025e
fe42ff03ffe400a5
fea3fdc2fdbafdd2
fc58fc40fc40fc48
fcb9fc60fc68fc70
fcf1fce9fce9fce9
fcc9fcc1fcd1fce1
fd31fd19fd09fce9
fc68fcb1fd29fd31
fc68fc68fcb1fca1
ff5bfe9bfe3afd41
009d00740064004c
00ed00f500d500b5
007400f5012500fd
0145012d00ed00a5
017d01ce01de01ce
01fe0216025601ae
00dd014d01150186
008500cd013d00e5
0155011500cd007c
ffbc003c00b50115
ff9cff94ff9cff8c
fe93feebff3bff7b
fe0afe52fe4afe42
fd09fd51fd92fdc2
fd21fcd9fcd9fce1
fca9fcc1fd11fd39
0024fd29fca1fc99
029f006cffc401be
001c00ed02970317
0276026e0276022e
027e02870287027e
0095010d01be023e
fe1afe7aff84fffc
fee3fe0afdfafe12
fc68fc50fc40fc50
fca9fc58fc68fc78
fcf9fd01fcf1fcd9
fcd9fcd1fcd9fce9
fd29fd19fd11fcf9
fc60fce1fd31fd39
fc68fc58fc81fc68
ffccfecbfe3afd51
00ad0095008d008d
00ed011500e500c5
0085009500ed00ed
011d017500bd008d
015d0115016d012d
01de01e601ae016d
00a500ed00dd013d
006c00bd011500bd
010d00dd009d0054
ffa4003400ad00c5
ff7bff94ff8cff7b
fe6afeabfef3ff4b
fde2fe22fe22fe22
fd29fd49fd69fda2
fd19fce1fcc9fce1
fc91fcc9fd01fd31
00cdfe12fc99fc81
0266008d00ed022e
008501fe03170307
025e025e025e0216
02460266026e026e
006c00cd018601fe
fdeafe3aff4bffec
fe42fdfafdcafdb2
fc68fc50fc48fc58
fca1fc50fc68fc70
fcf9fd09fd09fcd9
fce9fce1fce1fcf1
fd29fd29fd19fcf9
fca1fd01fd29fd31
fca1fcb9fca1fc78
0034ff2bfdf2fd39
009d008d008d008d
009d00bd00b500a5
009d00a5007c009d
000400640085006c
00a5ffd400240014
003c004c003400f5
005c008500640044
009d00cd00e50064
0054008d00b50085
ff8c001c008d005c
ff1bff4bff63ff5b
fe02fe42fe72fed3
fd79fda2fda2fdb2
fd09fd01fd11fd39
fd19fce1fcc1fce9
fc89fcc1fd29fd59
0155fe4afca1fc89
021e00b501ae0266
02af0327031f02e7
022e02360246026e
020602260246023e
004c00c5014d01be
fdc2fe42ff4bffd4
fd71fd39fd31fd69
fc58fc40fc40fc58
fc99fc48fc60fc60
fcf1fcf1fcf9fce1
fce1fcd1fcd9fcf1
fd19fd21fd19fd01
fcc9fd21fd31fd21
fcd1fd01fcc1fc81
0064ff7bfdfafd11
008d008d0085008d
0044008500a5008d
001c000c004c004c
ff94fff400240024
ff33ff43ff5bff4b
ff53ff2bff3bff5b
ffacffccffbcff63
00cd00ed00d50004
ffbc003400a500b5
ff4bfff4005c000c
fe3afe7afebbfef3
fd29fd59fd9afdea
fce9fce1fcf9fd09
fcc1fcc1fcc1fcc9
fd21fcd9fcc1fcc9
fc99fce9fd59fd71
ffccfd9afca1fc89
0206013501de0155
030f0337031f02cf
021602260246029f
01ce01e602060216
002c00a5011d0196
fddafe7aff4bffb4
fdcafdbafdcafdc2
fc58fc40fc40fc60
fc91fc48fc50fc50
fcd9fce1fce9fcd1
fcd1fcc9fcd1fcd9
fd01fd09fd11fd01
fcd9fd19fd19fd01
fcc1fcc9fca9fc99
007cffb4fdeafce9
007c008d009500a5
0004002c00a50095
0014ffec0004fffc
ff4bff94003c002c
fe8bfe9bfef3ff23
feb3fed3fe8bfe72
ff0bfef3ff0bfed3
00cd00dd0095ffa4
ff1bff9c0034009d
fefbffac0024ffc4
fd51fda2fe02fe7a
fca9fcc1fcf1fd11
fca1fc89fc91fc99
fc89fc81fc91fca1
fd29fce9fcb1fc99
fca9fd21fd79fd69
fefbfd19fca9fc99
021e0125010d00b5
0327033f031702b7
01fe0216024602cf
018601b601de01ee
fffc007400e50155
fe0afe9bff2bff7b
ff4bfe93fe2afdf2
fc58fc40fc48fc58
fc68fc38fc48fc50
fcc1fcc9fcb9fca1
fcd9fcd1fcd1fcc1
fce9fcf9fd09fcf9
fcd9fd11fd01fcf9
fc99fca9fcb1fcb1
0064ffd4fde2fcb9
0064006c009d0095
00240014004c0074
000c000cfff4fffc
ff9cffec0044001c
fe8bfec3fee3ff13
fe12fe1afe12fe1a
fe83fe32fe0afe0a
0054004c000cff43
fe93ff03ffac0024
fe5afef3ff84ff4b
fcc1fd01fd49fdca
fc60fc78fc89fc99
fc70fc60fc58fc50
fc68fc68fc81fc81
fd19fcd9fc89fc78
fcb1fd49fd8afd59
fec3fd71fcc1fc99
025600bd0004001c
0327032f030f02c7
02160236027e02ff
0155018e01c601de
ffc4004c00bd012d
fe32feabff23ff4b
003cffdcfef3fe3a
fc60fc48fc58fc58
fc50fc38fc58fc60
fcb1fcb1fcb1fc99
fce1fcd9fcc1fcc1
fce9fce9fd01fce9
fcb1fce1fcf9fcf9
fcb1fcb1fc99fc99
0064ffd4fdb2fcd1
fffc004c0095007c
fed3ff4bffc4ffdc
fe52fe6afe7afe8b
fd82fda2fdb2fe12
fd19fd39fd49fd51
fcf1fce9fce1fce9
fd59fd19fd01fcf9
ff43ff33fe93fdea
fdb2fe1afe9bff23
fd39fd79fde2fdfa
fc68fc81fca1fce1
fc50fc58fc60fc68
fc68fc50fc50fc48
fc58fc60fc68fc70
fcf1fca9fc68fc60
fcb1fd61fd9afd31
ff1bfdf2fcc9fc91
026e005cff63ff8c
032f032f031702df
0236026e02cf030f
0135017d01b601f6
ffc4003c00ad00fd
febbfef3ff2bff5b
00e500adfffcfef3
fc58fc40fc60fc58
fc50fc40fc60fc68
fcc9fcb1fca1fc99
fcd1fce1fce9fcd1
fcf9fcf1fcf1fcf9
fcf1fce9fcf9fcf9
fcb1fcc1fcc1fcf1
ffd4ff5bfd71fca1
febbfea3ff53ffc4
fcb1fd01fd69fe42
fcb9fcb9fcb1fca1
fcd9fce9fcc1fcb1
fc78fc99fca9fcb9
fc58fc48fc58fc58
fc48fc40fc40fc48
fd31fd41fca9fc60
fc70fc89fcb9fcf9
fc50fc58fc70fc70
fc28fc30fc38fc48
fc30fc30fc28fc28
fc40fc40fc40fc38
fc40fc40fc40fc48
fc91fc68fc48fc40
fca1fd11fd11fcc1
ff5bfdfafcb9fc89
02970095ff43ff1b
033f03470337030f
026602af0307032f
014501a601e60226
fffc004c00ad00f5
ff53ff4bff53ffa4
01ae0135006cff9c
fc48fc40fc50fc50
fc60fc50fc60fc50
fcf1fcd9fcb1fc91
fce9fcc1fcd9fcf9
fcf9fd01fce9fd01
fe42fd79fd09fd01
fc99fce9fd69fe0a
fd21fd29fca9fc70
fcd9fc99fce1fd11
fca1fc68fc58fcb1
fd41fd49fd29fcf1
fcf9fd21fd31fd31
fc99fca9fcb9fcd1
fc68fc70fc81fc81
fc40fc60fc40fc50
fc50fc48fc30fc18
fc28fc20fc30fc48
fc28fc20fc20fc28
fc20fc20fc28fc28
fc38fc28fc20fc20
fc50fc68fc70fc58
fc30fc30fc30fc40
fc40fc40fc38fc38
fcc9fc78fc58fc48
ff23fd9afca9fca1
02e70125ff7bff43
03570357035f0357
02a702df031f033f
017d01d6021e025e
003c008500d50125
ff73ff84ffb4fffc
016d01150054ffb4
fc38fc40fc20fc18
fc78fc58fc50fc40
fcd1fcc1fcb1fc99
fcf9fce9fcc1fcb9
fcf9fd01fcf9fce9
ff7bfe4afd39fd11
fce9fd51fea3ff4b
fc58fc60fc50fc70
fc40fc40fc40fc58
fd41fcf9fc91fc40
fd01fd29fd49fd61
fc78fcb1fd01fd01
fc48fc48fc50fc60
fc40fc40fc40fc48
fc38fc68fc40fc40
fc40fc40fc30fc18
fc28fc20fc28fc40
fc38fc30fc40fc38
fc20fc28fc40fc48
fc60fc48fc30fc28
fc50fc68fc78fc78
fc28fc30fc30fc38
fc40fc40fc30fc30
fd11fc60fc40fc40
ff1bfd71fcc1fd49
035f01fe004cff7b
035f0367038803a0
02d7030f0337034f
019e01e602460287
007c00c501150155
ff6bffb4fffc0034
008d003cffacff53
fc30fc60fc30fc28
fc60fc58fc50fc40
fcc1fcd1fcc1fc81
fce1fcf1fcf1fcc9
fd01fd01fd09fcf1
ff2bfe1afd41fd19
fd82fe2aff84ffe4
fcd1fc81fc50fcc1
fc38fc40fc38fc78
fd31fd41fcd1fc48
fcd1fcd1fcd1fcf9
fc30fc48fc78fcb1
fc28fc28fc30fc30
fc28fc28fc28fc28
fc18fc30fc30fc28
fc48fc40fc40fc28
fc20fc38fc48fc60
fc38fc30fc40fc30
fc20fc38fc48fc50
fc28fc28fc28fc28
fc30fc38fc38fc30
fc30fc30fc30fc30
fc38fc40fc38fc38
fd19fc60fc48fc40
fffcfe62fdd2fe83
03c8030701ee00cd
0377039803b803d0
03070337034f0367
01b601fe026602b7
009d00dd01250175
ff94ffdc002c006c
ff5bff4bff5bff73
fc38fc89fca1fc99
fc50fc50fc48fc30
fcf9fcd9fcc1fc91
fcf9fcf1fcf1fd01
fd19fd11fd11fd01
fef3fdb2fd21fd29
fe2afefbff9cff4b
fe02fd01fc60fd19
fc30fc40fc68fd31
fcc1fcc1fc91fc38
fc50fc78fc99fcb1
fc18fc18fc20fc30
fc18fc18fc18fc20
fc20fc20fc18fc20
fc20fc20fc28fc28
fcd1fc50fc38fc38
fc68fcf9fd61fd59
fc38fc20fc28fc28
fc20fc30fc38fc48
fc20fc20fc20fc20
fc28fc20fc20fc20
fc38fc30fc30fc28
fc38fc40fc40fc40
fd09fc60fc48fc40
01450004fecbfebb
03d00367023e019e
03a803d003d803d8
0337035703770388
01ce0226028702e7
00a500e50135017d
ffd40004002c0074
feebff43ff8cffb4
fc48fca1fcb1fcb1
fc50fc58fc48fc28
fd01fcf1fcd1fc89
fd09fd01fcf1fcf9
fcb1fcc9fce1fcf9
ff8cfddafcc9fca1
fe7afedbff94ffcc
fdcafcf9fcd1fda2
fc30fc40fc78fd51
fc40fc48fc70fc30
fc28fc38fc58fc50
fc20fc20fc20fc28
fc20fc20fc20fc20
fc20fc20fc20fc20
fc40fc30fc28fc20
fef3fcd9fc40fc50
fd8aff2b0034007c
fc40fc20fc28fc68
fc20fc20fc28fc38
fc18fc18fc20fc20
fc20fc18fc18fc18
fc38fc30fc28fc28
fc40fc40fc40fc40
fcd9fc60fc48fc48
026600e5fed3fe93
03b80398033702ff
03d803e003d003c0
034f0377039803b8
01d6024602bf031f
008500dd012d017d
ffd4ffd4ffec0034
ff6bff94ffacffcc
fc68fc89fc60fc58
fc40fc50fc40fc28
fca1fca1fca1fc58
fc70fc70fc81fc91
fc40fc50fc68fc70
001cfda2fce9fc70
feebfefbffac003c
fcd9fd19fd69fe4a
fc28fc30fc68fcb9
fc30fc30fc58fc30
fc30fc30fc30fc28
fc30fc38fc40fc38
fc30fc30fc28fc28
fc30fc30fc28fc28
fc58fc38fc38fc28
0196fe52fc81fc60
fe8b0014010501fe
fc38fc20fc28fcd9
fc20fc20fc28fc38
fc20fc20fc20fc20
fc20fc20fc20fc20
fc38fc30fc20fc20
fc48fc40fc40fc38
fce1fc58fc50fc50
008dfe22fe7afe62
03c803f003d80307
03d803d803c003b8
036f039803b803c8
0206027e02f7033f
004c00ad01150186
ffe4ffb4ffb4ffec
ff33ffcc000c000c
fc68fc78fc48fc48
fc38fc50fc38fc28
fc40fc48fc50fc30
fc50fc48fc48fc48
fc70fc60fc58fc58
0024fd71fcf9fcb9
feebff5b003c0085
fdd2fe8bfe12ff0b
fc20fc30fc68fcb9
fc30fc38fc50fc28
fc38fc30fc30fc30
fc30fc38fc40fc40
fc28fc30fc30fc38
fc30fc28fc28fc30
fc50fc48fc48fc30
022e004cfd31fc68
ff23005c011d01ee
fc28fc18fc50fd69
fc20fc20fc30fc38
fc28fc30fc28fc20
fc20fc20fc28fc28
fc38fc30fc28fc28
fc58fc48fc40fc38
fd29fc58fc58fc60
006cfdaafe4afe8b
03e8040003f80398
03c003c803d803f0
03a003c003d003c8
025e02df03370367
000c008d011d01c6
0004ffd4ffb4ffbc
fe32ff33fff4001c
fc78fc81fc60fc48
fc40fc48fc30fc40
fc40fc50fc48fc28
fc48fc40fc40fc40
fc70fc60fc40fc40
0004fd8afcc1fcb1
ff4b003c00ad00ad
ff94ff1bfe6aff5b
fc28fc38fcb1fe12
fc38fc40fc40fc28
fc38fc38fc30fc38
fc30fc38fc38fc40
fc30fc28fc30fc30
fc20fc28fc30fc30
fc48fc50fc60fc40
01fe018efebbfc99
ffa40095013501c6
fc28fc30fcb9fe0a
fc28fc28fc30fc38
fc30fc30fc30fc28
fc28fc30fc30fc38
fc38fc38fc30fc30
fc60fc50fc40fc40
fddafc60fc60fc68
023efe83fdaafeab
03f803f803f003f0
03d003f003f803f8
03c003c803d003c0
02b7031703570388
001c00c50175021e
000cffe4ffccffd4
fe1afed3ff8cfffc
fc70fc81fc89fc70
fc48fc38fc30fc48
fc40fc50fc48fc38
fc40fc38fc38fc40
fc50fc60fc38fc38
ffacfd31fcc9fc81
ffc4008d010500f5
0024ff23fe3aff1b
fc30fc58fdcaffdc
fc48fc50fc40fc38
fc40fc38fc30fc30
fc30fc30fc30fc38
fc30fc28fc28fc28
fc38fc30fc38fc40
fc70fc60fc70fc58
01f601fe0085fd82
ffd400b5014501e6
fc28fc58fd11fe6a
fc28fc30fc28fc28
fc30fc30fc30fc30
fc28fc28fc30fc30
fc48fc40fc38fc30
fc58fc48fc40fc50
fddafc68fc60fc68
03a8004cfd59fdfa
040003f803f003f0
03f803f804000400
03b003b803d003e8
02f7032f03570388
006c012501de0276
ffc4ffccffbcffdc
fe2afed3ff4bff94
fc70fc68fc68fcd1
fc40fc38fc40fc58
fc40fc50fc40fc40
fc48fc40fc48fc40
fc50fc60fc38fc38
ff33fcd1fcb9fc81
004400cd017d0135
003cff5bfe72ff73
fc50fd69ff8c005c
fc58fc60fc40fc20
fc40fc40fc40fc48
fc40fc40fc38fc40
fc30fc30fc38fc40
fc58fc48fc40fc38
fd21fce9fc78fc60
022e023e01ceff84
ffec00dd016d021e
fc30fc89fd51fe9b
fc28fc28fc30fc28
fc38fc38fc38fc30
fc30fc30fc30fc30
fc38fc30fc30fc30
fc60fc48fc40fc40
fd71fc99fc68fca1
03e00165fdaafd41
040003f803f003f8
03f803f803f803f8
03b803e003f803f8
02ff031f032f0398
00d5017d021e029f
ff84ffacffd40024
fe32feebff4bff73
fc70fc68fc68fcf1
fc30fc30fc50fc60
fc40fc40fc38fc48
fc58fc60fc58fc48
fc58fc68fc48fc40
fea3fc78fc81fc68
ff6b0064012d0125
003cffa4fec3ff2b
fdd2ffcc009d006c
fc30fc50fc68fcb1
fc58fc48fc48fc50
fc58fc60fc60fc68
fc40fc40fc40fc48
fc58fc50fc48fc40
ff0bfdeafce9fc60
01f60236022e015d
001400d5015501c6
fc48fcb9fd79fec3
fc30fc38fc38fc28
fc40fc38fc40fc38
fc38fc38fc38fc38
fc30fc28fc30fc38
fc70fc58fc48fc38
fd51fd39fca1fc78
03d00236fe22fd31
03f803f803f003f8
03f003f803f003f0
0337039803d803e8
030f034f0388036f
015501de024e02a7
008500bd00bd00e5
fe72ff3bffa40014
fc70fc68fc38fc58
fc38fc38fc60fc70
fc28fc30fc50fc58
fc60fc68fc60fc40
fc48fc50fc48fc50
fe0afc60fc60fc68
ff03001c012d0105
0044ffe4feebfed3
009d00fd00ed007c
fca1fd41fe6aff8c
fc50fc50fc58fc70
fc50fc60fc60fc60
fc58fc50fc48fc48
fc99fc81fc70fc58
012dff8cfdaafcc9
01fe020e021601fe
002400d5015d01e6
fc81fcd9fda2fef3
fc38fc30fc30fc40
fc30fc38fc38fc38
fc48fc40fc38fc38
fc40fc38fc38fc48
fc99fc70fc60fc50
fd51fe02fdcafd09
03d8025efec3fda2
03f803f803f803f8
03d003f803f803f8
016d01c602a7034f
030f034f02ef01ce
01be023e02bf02f7
01b601ae018e018e
ff4b003400f50186
fc68fc58fc18fc08
fc40fc40fc60fc70
fc30fc48fc68fc68
fc68fc58fc50fc40
fc48fc50fc58fc60
fdb2fc78fc68fc58
ff2bfffc0115009d
0054000cff0bfedb
015d012500f5009d
fe5a000c010d0165
fcc1fcc1fcd1fd49
fc99fca9fcb9fcc9
fc91fc99fc91fc91
fdfafd29fcc9fca1
01ee018e005cff1b
0216022601f601f6
002c00dd018e0216
fca9fd09fdeaff2b
fc30fc30fc48fc70
fc58fc48fc40fc28
fc68fc68fc58fc58
fc81fc78fc70fc70
fd19fcd9fcb1fc99
fd82fe4afe62fda2
03f00347015dfe42
03f803f8040003f8
02b703d003f803f8
014d016d018601ce
0206017501350125
0297030702cf028f
021e020e01ee021e
0105017d01c601ee
fc68fc60fc20fc08
fc40fc38fc50fc68
fc50fc58fc68fc68
fc58fc48fc40fc30
fc40fc50fc58fc60
fd8afc78fc40fc30
ff13ffa400e5008d
004c0014ff53ff8c
016d012d00f50095
006c019601b6019e
fe32fe2afe22fecb
fdd2fdf2fe2afe4a
fe4afe0afdfafdda
00e5ffbcfef3feb3
0206021601e601a6
01e601ee01fe01ee
0054011501ae01f6
fcd9fd61fe62ff7b
fc40fc48fc78fca9
fcb9fc99fc70fc40
fce9fce1fcd1fcc9
fce9fce9fce9fce9
fd49fd11fcf1fce9
fdb2fe52fe6afdc2
03f003e00105fe2a
03f80400040003f8
01f6030703e803e8
00fd00fd012d0186
01b601ce019e012d
029f026e022e01e6
022e026602af02df
0246022e0226021e
fc68fc58fc28fc20
fc50fc38fc58fc68
fc50fc38fc50fc68
fc58fc48fc38fc40
fc38fc40fc50fc50
fd82fc78fc48fc28
ffc4ff9400bd00a5
0064002cff9400dd
016d013500fd00a5
01a601de01be0196
0186017d00ed0145
008d00d5013d0186
0135010500e5009d
01fe019e01650155
020e022e0226021e
020601fe01e601ee
00950125017d01de
fd21fdd2fee3ffec
fc70fc91fcb9fcd9
fd69fd9afd41fc91
fce1fce9fce1fd09
fcf1fcf1fce9fce1
fd69fd51fd21fd01
fdb2fe5afe5afdd2
03f003e801aefe5a
03f00400040003f8
0196021e03a003f0
00fd00fd01350165
035f03b802ff0175
01c601e6026602e7
029f02a7025601f6
02a7025e02460266
fc60fc50fc20fc48
fc68fc48fc68fc68
fc60fc40fc50fc68
fc60fc58fc40fc58
fc30fc48fc50fc60
fd8afc78fc48fc20
009dffdc00a500cd
00740044ffd40165
016d0135010500c5
020e01ee01b60186
030702b7022e023e
01ce0216029f024e
024e022e01f601be
022e0206020601de
02160246024e0246
0206020e020e0206
00bd0125018e01ce
fd79fe72ff630034
fcb9fcd9fcf1fd09
ff3bff3bfe0afcd1
fd09fd59fdd2fe83
fd09fcf9fcf1fcf1
fd92fd69fd39fd19
fd9afe5afe52fde2
03f00398004cfe02
03f80400040003f8
01ee028f039003f8
02e7026e01f601ae
03f003f003e80388
0206031703c803e8
020e017d014d016d
02bf0276027e0276
fc68fc50fc30fc70
fc40fc58fc68fc68
fc78fc60fc58fc48
fc58fc50fc38fc60
fc38fc58fc60fc60
fda2fc78fc38fc20
00e5004400ed00f5
0085003cffd4018e
015d012d00fd00dd
021e020601b6017d
0337027e024e022e
01ee01f602c702ef
018e01fe01a60206
01ee014d010d011d
0206023e022e0226
01fe021602160206
00ad0125019601c6
fdd2feebffc4003c
fcd9fce9fcf1fd21
ffccff43fdc2fcd9
fe62feebff43ffac
fd01fd11fd61fdda
fdbafd71fd39fd11
fd92fe4afe52fdf2
03e002b7fe3afdaa
03f803f803f803f0
03b803e003f803f8
040003f003c803a8
03f803f803f80400
036703e003f803f0
01a6020e02af02b7
02c702bf023601b6
fc68fc48fc40fca9
fc30fc58fc68fc68
fc70fc60fc48fc38
fc50fc38fc40fc68
fc30fc58fc60fc60
fda2fc78fc30fc20
011d00c5017d00dd
00640024ffdc015d
0175012d00f500ad
021e01fe01be019e
0276025e0236021e
019e01fe02760276
005c00ad00dd014d
01ce0105000cffe4
01f6022e0226021e
01e6021602260206
00e5017501b60206
fe22ff33ffec0054
fcc9fcc9fcf9fd51
ff9cfe93fd21fcb1
ff4bff73ff9cffdc
fd41fdc2fe8bfefb
fdd2fd82fd41fd31
fd79fe52fe52fdfa
03e0017dfd8afd69
03f803f003e803e8
03f803f803f803f8
03f803f803f803f8
03f803f803f803f8
03e003f003f803f8
037703c803d803d0
032f02e702b702e7
fc60fc30fc60fcf1
fc28fc50fc58fc58
fc38fc38fc30fc30
fc48fc40fc40fc58
fc40fc50fc50fc50
fcd9fc58fc28fc28
01a6017d0105fefb
0034000cffec012d
0175012d00e50085
020e01f601c6019e
020e01ee02060206
00ed015501fe0216
ff53000c005c00a5
01fe010dff94fef3
01f602160236023e
026e022e0236020e
0105016501b6025e
fe32ff33ffdc0064
fcb9fcc1fd11fd71
ff03fd82fcb1fca1
ff63ff6bffacffc4
fdb2fe32feb3ff2b
fdeafda2fd51fd51
fd59fe52fe52fe12
03d80044fd29fd41
03e003d003d003e0
03f803f803f803f0
03f803f803f803f8
03f803f803f803f8
03f003f803f803f8
03f003e803d803e0
03d003c803d003e0
fc68fc38fc81fd31
fc30fc48fc58fc68
fc20fc18fc30fc40
fc48fc48fc48fc38
fc48fc48fc40fc40
fc78fc40fc20fc20
01d6016dff8cfd51
001cffe4ffd400f5
015d011d00c50064
01ee01ce019e017d
0206020e01d601e6
008d0115020e020e
fec3ff0bff940024
02260145ffdcff23
021602460246023e
031f023e0236021e
00dd014501a60276
fdfafedbffd4007c
fcf1fce9fd29fd82
fdeafcc9fc89fcc1
ff33ff5bff9cff63
fdc2fe2afe83fefb
fe0afdbafd69fd59
fd49fe4afe52fe1a
03d80064fd39fd39
03b803b003c003d0
03f803f803f803d8
03f803f803f803f8
03f803f803f803f8
03f003f003f803f8
03f003f003f003e8
03d803e003e803f0
fc68fc58fcc1fd59
fc28fc40fc50fc68
fc20fc18fc28fc30
fc48fc48fc38fc28
fc40fc50fc48fc48
fc58fc30fc20fc20
01be00fdfe6afcb9
0014ffbcffbc00dd
014500fd00950044
01d601b60196016d
019e01be01b601be
002c00ad01350196
ff1bfe8bfed3ff8c
0236015d008dfff4
0216022602560256
0297023e0236023e
00d50145017d023e
fdcafe9bffb4008d
fd29fd19fd41fd71
fd01fc81fc89fce1
ff0bff3bff3bfe52
fd8afdeafe52fed3
fe22fde2fd82fd59
fd51fe32fe52fe2a
035fff0bfdb2fe3a
03b003a803b003c8
03f803f803f003c8
03f803f803f803f8
03f803f803f803f8
03f003f003f003f8
040003f803e803e0
03d803f003f803f8
fc81fc99fcf1fd59
fc30fc38fc60fc78
fc10fc18fc28fc28
fc40fc40fc28fc18
fc58fc58fc50fc48
fc48fc38fc30fc30
0145fffcfd49fc78
fff4ff94ffa4009d
011d00d50064000c
01a60196017d0145
0155016501750196
ff94002c00b5010d
ffbcfea3fe5afee3
01fe01be013d009d
021e02560256023e
01be01c601de01fe
00b500fd013d018e
fda2fe42ff530024
fd59fd49fd51fd79
fc99fc68fc81fcf1
fefbfef3fe32fd21
fd61fdbafe1afeab
fe42fe02fd9afd59
fdb2fe22fe6afe62
02d7fe02feeb0004
03b803b803b003c0
03f803f803e803c0
03f803f803f803f8
03f803f803f803f8
03f003f003f003f0
040003f803f003f0
0400040004000400
fc68fca9fd09fd41
fc18fc10fc28fc48
fc10fc10fc18fc18
fc38fc38fc28fc18
fc50fc48fc40fc38
fc48fc38fc28fc30
00e5fe72fcb1fc50
ffbcff7bfffc00d5
00fd009d002cffe4
0165015d014d011d
00fd011d013d014d
ff03ffac0044009d
006cff3bfe3afe5a
01ae0276020e0196
019e01d601d601be
00ed00e501250155
002c007400cd00f5
fdcafdfafe8bff6b
fd69fd9afd9afdb2
fc68fc68fc81fcd9
feb3fe12fd21fc99
fd69fd92fdeafe62
fe72fe22fdb2fd61
fd82fe22fe7afe83
037f00d5fe0afdfa
03b803b003c003c0
03f803f003e003c8
03f803f803f803f8
03f003f803f803f8
03f803f003e803e8
03f003f003f803f8
03f003f003f803f8
fc30fca1fcf9fd01
fc20fc18fc10fc10
fc18fc18fc10fc18
fc28fc30fc28fc18
fc48fc40fc38fc28
fc38fc30fc28fc30
fff4fd21fc78fc50
ff73ff84005400ed
00bd006c0014ffd4
011d011d00fd00e5
00ad00e501150125
fe7aff3b000c0054
013d0034fec3fe02
01d60266023e01ee
0034008500ad0105
ffdcff8cff9cffd4
ff3bffc40024002c
fd59fdaafdfafe7a
fd29fd8afd92fd61
fc60fc78fc89fcb1
fdbafd11fc99fc58
fd71fd82fdbafdfa
fe7afe32fdcafd82
fd41fe1afe72fe72
03e803a800f5fd82
03c003c003c003c8
03f803f003e003c8
03f803f803f803f8
03e803f003f803f8
03f803e803e003e0
03e803f003f80400
03d003c803c803e0
fc48fca9fcb1fc70
fc28fc18fc10fc20
fc20fc18fc18fc20
fc30fc38fc28fc20
fc50fc40fc38fc28
fc38fc30fc28fc38
ff13fca1fc48fc48
ff6bff8c007c00cd
007c00340004ffc4
00dd00c5009d009d
005c008d00bd00e5
fdf2fe93ff630004
021600fdffc4fe4a
02c702af02a702af
fdcafe83000c01ae
fe62fd8afd39fd59
fe52fefbff8cff5b
fca9fce1fd71fde2
fcd9fcf9fce9fcb9
fc70fc89fca9fcb9
fce9fc99fc60fc58
fd71fd71fd79fd59
fe72fe4afde2fd8a
fdbafea3fe93fe62
03e003f0034fff1b
03c003c003b803c8
03f803f803e803c8
03f803f803f803f8
03e803f003f803f8
03f003f003e803e0
03b803d803f003f0
03d003c803a803a0
fc78fce9fcc9fc81
fc20fc18fc10fc20
fc20fc20fc20fc28
fc30fc30fc28fc20
fc50fc48fc38fc30
fc30fc28fc28fc30
fed3fc99fc28fc30
ff7bffdc010500f5
005c00240004ffbc
00850064005c0064
0004003c005c007c
fe4afe1afec3ff8c
022e01a6010dffc4
02cf029f02bf02c7
febb004c0165023e
fcf9fcb9fd01fd9a
fd9afe1afe93fe0a
fc70fc60fc91fd11
fcc1fcb9fca9fc89
fc81fc99fca9fcb9
fcb1fc81fc60fc60
fd79fd61fd41fd01
fe62fe42fdfafd9a
ff0bff13fedbfe5a
03e803f803e0021e
03d003c803c003c8
03f803f803f003e0
03f803f803f803f8
03e003e803f803f8
03d803e803e803e0
0377039003b003c0
03d803d803b00388
fcd1fd11fcc1fc78
fc18fc18fc10fc38
fc20fc28fc20fc20
fc20fc20fc20fc20
fc38fc38fc38fc28
fc30fc30fc28fc28
fe6afcd9fc40fc20
ff84ffec00f500ad
004c001cfffcffb4
002c002c0044004c
ff9cfffc00240024
ffbcfe6afe5aff0b
01d60186016d00e5
024e020e025e02af
011d0135012501f6
fd82fe22ff13008d
fc99fce1fd19fd21
fc48fc38fc38fc58
fc99fc91fc81fc68
fc99fca1fca9fcb1
fca1fc70fc60fc78
fd82fd61fd19fcd9
fe62fe42fdf2fdaa
023efe9bfe6afe6a
03e803f803f803f8
03d803c803c003d0
03f803f803f003e8
03f803f803f803f8
03e003e803f003f8
03a003c003d803e0
0377036f03670377
03d803e803d80398
fd01fcf9fcb1fc78
fc10fc18fc28fc81
fc20fc28fc20fc20
fc18fc18fc10fc18
fc20fc28fc20fc18
fc30fc30fc30fc20
fd31fcf9fc70fc28
ff84ff9cffacfef3
004c001cfffcff9c
00040004001c0044
ff53ffc4fffcfffc
00c5ffe4fec3fec3
01b6018e016d0125
01a6017501ae024e
00f500cd00e5012d
fe5afeebff7300e5
fce1fd11fd41fd92
fc50fc40fc58fc99
fc78fc68fc58fc58
fc99fca9fca1fc91
fc78fc68fc78fc81
fd92fd59fcf1fca9
fe62fe42fdeafdb2
0216fef3fe9bfe83
03e003f803f803f8
03e003d003c803d0
03f803f803f003e8
03f803f803f803f8
03d803e003e803f0
0377039003b803d0
0398037f036f0367
03c803e003f003c8
fcf1fcc1fcb1fcc1
fc20fc20fc58fcd9
fc20fc28fc20fc20
fc20fc20fc10fc18
fc20fc28fc28fc28
fc30fc30fc28fc20
fc68fca1fc58fc38
ffb4fec3fd59fcd1
003c001cfff4ffb4
000c001c0024003c
ff3bffa4fff4001c
014500c5fffcff43
01550186018e01d6
00f501450135015d
00a5015d015d00f5
fe22fe9bff430004
febbfebbfe8bfe2a
fc89fcc1fd71fe8b
fc70fc68fc60fc78
fc89fc89fc91fc81
fc68fc70fc78fc81
fda2fd41fcd1fc81
fe5afe4afdfafdc2
00cdfe4afea3fea3
03e803f803f803d0
03e803d003d003d0
03f803f803f003e8
03f003f003f803f8
03c803d803d803e8
037f037f039803b8
03b00388037f0377
03b003d003f003e0
fcc9fc81fc91fcc9
fc28fc30fc99fcf9
fc28fc28fc20fc20
fc28fc28fc18fc18
fc28fc28fc28fc30
fc38fc38fc30fc20
fc50fc50fc38fc40
ffacfe1afc91fc48
001c000cffdcffcc
002c0034002c002c
ff9cffb400040034
012d00f5007cffe4
0115012d011d0175
014501ae01350125
010d013d013d012d
ff94ffbc0014007c
ffe4ffdcffdcffc4
fd92fe72ff53ffd4
fc89fc89fc99fce9
fc78fc99fca9fca1
fc91fc91fc78fc78
fdb2fd29fca9fc70
fe6afe5afe12fdd2
034701ae00adfef3
03e803f803f803e0
03e003d803d003d0
03f803f803f803f0
03e003f003f803f8
03b803d003d003d8
03880388038803a0
03b80390037f0388
039003b003e003e8
fca1fc81fc81fc99
fc38fc70fcd1fcd9
fc28fc28fc20fc28
fc30fc28fc20fc18
fc28fc20fc30fc38
fc40fc40fc30fc20
fc30fc28fc38fc40
ff84fda2fc78fc38
fff4ffecffd4ffd4
004c004c002c001c
ffec00040024003c
00bd00740054000c
010500c500ad00ad
0196019e01650115
015501e601fe01d6
ffc4ffec00140074
ff3bff7bffccffd4
fe62fed3ff1bff43
fcb1fcd1fd29fdba
fc91fcc1fcc1fcb9
fcb1fca9fc89fc78
fdc2fd19fca1fc99
fe8bfe6afe2afde2
03f803f80337ffa4
03e803f003f803f8
03e803e003d803d0
03f803f803f803f0
03d803f003f803f8
03a003c803d003d0
0390039803980390
03c003a00388037f
037f039803c803e0
fc89fc81fc68fc68
fc70fcc9fce1fca9
fc20fc20fc20fc38
fc38fc28fc20fc20
fc20fc20fc30fc38
fc38fc38fc30fc28
fc30fc20fc38fc38
ff23fd29fc68fc48
ffdcffdcffdcffe4
005c005400240004
0014005c00540054
003400340064004c
015500f5007c0034
0186015d016d0165
ffbc002400dd018e
fed3ff0bff53ff84
fe12fe4afed3fefb
fdbafe02fe32fe3a
fce9fd09fd49fd82
fcd1fcd9fce9fce9
fcd9fcb9fc99fc99
fdcafd11fc99fcc1
fecbfe83fe4afdda
03f803f803c000b5
03e803f803f003f8
03e803d803d803d8
03f803f803f003f0
03d003e803f003f8
039803b003c003c8
0390039003980390
03c803b003a00398
0390039003b003d8
fc78fc48fc58fc60
fc68fcb1fce9fcc1
fc28fc28fc28fc38
fc30fc28fc18fc20
fc28fc20fc30fc38
fc38fc38fc30fc28
fc38fc28fc38fc38
fe83fcb9fc48fc38
ffccffdcfff4ffdc
005c005c002cffec
004c00a5007c006c
ffdcfffc006c006c
00fd010d00b5002c
ff94ffec005400a5
fe32fe6afecbff43
fdc2fdeafe12fe12
fd41fd79fdcafde2
fcf9fd19fd31fd39
fcf9fcf1fd09fd09
fd01fd29fd39fd21
fce9fcc1fc99fcc1
fdbafd19fca9fce1
ff13fe9bfe7afde2
03f803f803e00175
03e003f803f003f8
03e003d003d003d8
03f003f803e003e8
03c003d803f003f0
039803a003b803c0
03a803a00390037f
03d003b803b003a8
0398039003a003c8
fc58fc40fc50fc68
fc40fc60fc91fc99
fc28fc28fc28fc38
fc30fc20fc20fc20
fc28fc28fc30fc38
fc30fc30fc30fc28
fc38fc30fc28fc30
fdeafc81fc38fc38
ffc4ffec0004ffa4
0064005c001cffd4
004c008d008d007c
ffa4ff940004003c
ff6bffacfff40004
fe42fe72fec3ff23
fddafdf2fe0afe32
fd79fdaafdcafdca
fd59fd61fd71fd71
fd01fd01fd19fd39
fca9fce1fd39fd29
fd09fd29fd01fcc9
fcf1fcd1fc99fcb9
fdaafd21fcb9fcf1
ff73feabfe9bfdf2
03f803f803f002cf
03e003f003f003f8
03c803c803c803d8
03d003e803c803e0
03c003c003e803d8
037f038803a003c8
03b803c00398036f
03d803d803b803a0
03b00398039803b8
fc48fc50fc60fc68
fc30fc38fc40fc48
fc28fc28fc30fc30
fc30fc20fc20fc20
fc28fc28fc30fc38
fc28fc28fc28fc28
fc38fc28fc20fc28
fd39fc58fc28fc38
ffc400140004ff2b
006c004c000cffbc
005c009d00950085
ff6bff73ffb4000c
fd71fd8afe42ff4b
fea3fe4afdf2fda2
fed3ff0bfeabfeab
fe5afed3fec3fe83
fdfafe42fe3afe22
fd8afd82fd79fda2
fc68fcf1fd69fd79
fcb9fc91fc58fc40
fce9fcc9fca1fca9
fdaafd31fcc9fd01
0085fecbfea3fe12
03f803f003f00388
03d803e003f003f0
03b003b803b803c8
03a003b003b003c8
03c803a803e003b0
0367034f039003d8
03b003c803a8037f
03e003f003d003a8
03b803b003a803b0
fc38fc40fc40fc48
fc20fc20fc28fc30
fc20fc20fc30fc30
fc30fc20fc20fc28
fc28fc28fc30fc38
fc28fc28fc28fc28
fc28fc30fc28fc28
fca9fc38fc20fc28
ffe40034ffecfe7a
00640034ffe4ffac
007400c500ad0085
ff9cffacffd4000c
fce1fd21fe0aff5b
ffacfef3fdfafd39
009d00dd0034ffbc
00340115012d0014
ff23fff4003cff84
fda2fdd2fdeafe1a
fc68fd11fd9afdaa
fc50fc30fc28fc28
fce1fcb1fc99fc81
fdbafd41fce9fcf9
018eff13fea3fe3a
03f803f003f003e0
03d003d003d803e8
03a803a003a003b8
033f035f039803a0
03c8039003e0037f
03570307036703e8
03b803c003b00390
03d803f003f003d0
03b803c003c003c0
fc28fc28fc28fc28
fc30fc28fc20fc28
fc28fc20fc30fc30
fc30fc20fc28fc30
fc30fc28fc30fc38
fc28fc28fc28fc28
fc28fc30fc30fc20
fc60fc28fc28fc20
ffdcfffcff84fd9a
00440014ffccffa4
007c00bd00ad0085
ffe4ff9cffbc0004
feabff4bffcc001c
00e5ff84fe5afe32
01e6020e017d00e5
014d020e028f01c6
002c012d01ce012d
fdd2fe42feabfee3
fc48fcd9fdbafde2
fc48fc38fc30fc28
fcd9fcb1fc91fc78
fdcafd59fcf9fcf9
02dfffd4fecbfe6a
03f803f003f003f8
03a803b003d803f0
03900388039003a8
02b702f7035f036f
03d8038803d8035f
036702af031f03e8
03d803b803b803a8
03e803f003f803f0
03a803b803d003d8
fc18fc18fc20fc20
fc30fc30fc20fc18
fc28fc28fc30fc30
fc30fc20fc30fc28
fc30fc28fc30fc38
fc28fc28fc28fc28
fc20fc30fc30fc20
fc40fc30fc30fc20
ffacff94feb3fcf1
0024fffcffbcff9c
008d009d0095006c
0044ffd4ffcc0024
004c00b500ad007c
01860034ffb40034
0226026e020e015d
019e022e02a70226
0085015d021601ae
fe02feabff63ff94
fc28fc68fd41fdda
fc78fc58fc38fc30
fcd1fcb1fca9fca1
fddafd82fd19fcf9
03b8012dfefbfe7a
03f003f803f003f8
037f03b803e003e0
0367036f03770390
021e026602f7034f
03e803a003d8037f
037f028f029f03d0
03f003c803b803a8
03f003f803f803f8
039803b803d803e8
fc10fc10fc28fc30
fc30fc30fc28fc20
fc28fc28fc28fc30
fc28fc20fc30fc28
fc28fc28fc30fc40
fc28fc28fc20fc28
fc18fc28fc30fc20
fc40fc38fc38fc18
ff7bff23fdbafc89
0004ffecffccffb4
0064007c0064003c
00740024fff40014
00fd012d010500b5
016d013d010500ed
015d022601ce0145
016d01ee02560196
006c014d0206018e
fdd2fe72ff13ff63
fc58fca9fd31fdaa
fcb9fc91fc60fc50
fcd9fcb9fcc1fcc1
fdf2fd92fd49fd11
03f002afff73fea3
03e803f803f803f8
039003b803d003d0
033f0347034f036f
01fe01d6026e0327
03f003c003e003b8
03980297021e0390
040003e803c803b0
03f803f803f803f8
039803b803d803f0
fc10fc10fc28fc40
fc28fc30fc28fc20
fc28fc28fc20fc20
fc28fc20fc28fc28
fc28fc20fc30fc38
fc28fc28fc20fc20
fc10fc28fc30fc20
fc30fc38fc38fc18
ff6bfe83fce1fc50
ffecfff4fff4ffbc
004c005c004c001c
00a50054000c0014
015d0165013d0105
015d014d00fd010d
00e5018601b601b6
0004007400e500b5
ffa4003c00c5004c
ff43ff43ff43ff03
fcf9fdd2feb3ff33
fcd9fcc9fcb1fca9
fce9fcb9fcc1fcd1
fe2afda2fd61fd21
03f003a800adfec3
03e003f003f803f0
03a003a803b803c8
0327030f032f0377
02360155021602d7
03f003e803f003e0
03c002e701b60337
040003f803e803c0
03f803f803f803f8
039803b803e003f0
fc18fc10fc28fc38
fc28fc30fc28fc20
fc28fc20fc20fc20
fc20fc20fc28fc30
fc20fc20fc30fc30
fc28fc28fc20fc18
fc20fc28fc28fc28
fc30fc28fc28fc20
ff23fd9afc68fc30
fff4001cfff4ffb4
002c003c0024000c
00c5005400140014
014d01450165012d
010500cd00e50125
010d019e01e6019e
00e500bd00ed00ed
00f5011d0115010d
ff9c003c00a500cd
fd09fd8afe42feeb
fcf9fd09fd09fcf9
fcf9fcc1fcb9fcd1
fe62fdc2fd82fd31
03f803f80246ff43
03d003e803f003f0
0398039803a803b8
02f702cf0337037f
021e012501d6029f
03e003f803f803f8
03d80337018e02df
03f803f803f803d8
03f803f803f803f8
039803c003e803f8
fc18fc18fc28fc40
fc20fc30fc28fc20
fc18fc18fc18fc20
fc20fc18fc18fc20
fc38fc30fc38fc30
fc20fc20fc30fc40
fc20fc28fc28fc20
fc30fc20fc20fc20
fe7afce9fc60fc40
00040024ffdcff8c
002c002c001cfffc
00c5004c001c001c
0135012d013d011d
008500ad010d0135
01e601e6012500c5
00a5009500a500e5
00bd00ed00cd00c5
feebff94002c008d
fd19fd21fd92fe3a
fd09fd19fd19fd21
fd11fcd9fcc1fce1
febbfdf2fd8afd49
03f803f80367002c
03d003e803f003f0
036f037f03a803b8
027e02c7033f035f
01fe012d01b60297
03d003f803f803e8
03e8036701860287
03f803f803f803f0
03f803f803f803f8
03a003c003e803f8
fc18fc10fc28fc40
fc20fc28fc28fc20
fc18fc20fc20fc20
fc20fc20fc20fc18
fc38fc38fc38fc28
fc20fc20fc28fc30
fc20fc20fc20fc20
fc28fc20fc20fc20
fdaafc91fc70fc40
fffc000cffbcff33
003400140004fff4
0095004400240034
01150115010d00ed
007c00e50105010d
012d00e5006c006c
001c0024005c00c5
0014005c000cfffc
fe2afee3ff9cffdc
fd49fd41fd41fd82
fd09fd21fd21fd31
fd19fcf1fce1fcf1
ff2bfe52fda2fd69
03f803f803e801ae
03c003e003f003f8
035f038803a803b0
026e02e70327034f
0206015501e60246
03b003f803f803d8
03f803880186023e
03f803f803f803f8
03f803f803f803f8
03a003c803e803f8
fc18fc10fc28fc40
fc20fc28fc28fc20
fc20fc20fc20fc20
fc20fc20fc20fc20
fc48fc38fc20fc18
fc18fc18fc30fc50
fc20fc20fc20fc20
fc28fc28fc28fc20
fd21fc81fc60fc30
fff4ffc4ff73fe9b
0034ffecffdcffdc
007c0034002c004c
00fd00dd00e500bd
008d00b500d500f5
004c00340044006c
ff7bff8cffb40024
ff5bffacff5bff4b
fd9afe0afeabff03
fd51fd69fd59fd61
fd19fd29fd29fd39
fd31fcf9fcf9fd01
ffc4feb3fdcafd79
03f803f803f802cf
03c803e003f003f8
036f039003a003b0
029f02d7031f0347
018e018e01de021e
037f03f803f80398
03f803a001a6020e
03f803f803f803f8
03f803f803f803f8
038803d003f003f8
fc18fc10fc28fc40
fc20fc28fc28fc20
fc20fc20fc20fc20
fc18fc18fc18fc20
fc70fc68fc40fc18
fc20fc18fc38fc50
fc28fc28fc20fc20
fc30fc30fc30fc28
fd01fc70fc38fc30
ffc4ff63ff4bfe6a
0004ffdcffd4ffdc
0085005400540054
00d500e500e500b5
009500c500ed00f5
ff8cffa4ffd4003c
fec3fedbff03ff43
fe6afecbfebbfea3
fd49fd51fd9afe02
fd39fd59fd61fd51
fd29fd29fd31fd39
fd51fd01fcf9fd19
00c5ff0bfe0afd8a
03f803f803f80398
03d803e003f003f8
036f039003a003c0
027602cf031f033f
015501c601de023e
035f03f003f8035f
03f803b801d601ee
03f803f803f80400
03f803f803f803f8
033f03b803f003f8
fc18fc10fc28fc38
fc18fc28fc30fc28
fc18fc20fc20fc18
fc18fc18fc18fc18
fc60fc70fc68fc40
fc28fc20fc28fc30
fc30fc28fc28fc28
fc30fc30fc38fc30
fce9fc91fc40fc30
ff63ff33ff63fe22
ffdcffc4ffb4ffac
00b50095006c002c
00d500dd00d500b5
00d5010d012d00fd
fefbff7b00140095
fdd2fdeafe1afe83
fd69fdbafdd2fdc2
fd29fd21fd19fd31
fd31fd39fd39fd29
fd39fd39fd29fd31
fd61fd31fcf1fd11
019eff33fe42fd9a
03f803f803f803f0
03d003e003f803f8
0377039003a803c8
026602d7030f0347
018e01e601f6022e
033703f003f8031f
03f803c801f601c6
03f803f803f80400
03f803f803f003f0
02a7036703d803f0
fc18fc18fc28fc30
fc20fc28fc30fc28
fc20fc20fc20fc18
fc18fc18fc20fc20
fc58fc78fc60fc38
fc30fc30fc28fc30
fc38fc30fc30fc30
fc38fc30fc38fc30
fc81fc58fc40fc48
ff13ff53ff7bfdb2
ffbcffa4ff84ff4b
00ed00ad0054fff4
0135011d00e500ed
00e5010501350135
ff7b000c007400b5
fd09fd61fdf2fec3
fcd9fce9fcf9fce9
fd01fcf1fce1fce1
fd19fd29fd21fd11
fd11fd31fd19fd11
fd69fd59fd11fce9
0256ffacfeabfdc2
03f803f803f003f0
03d803f803f803f8
0377038803a803c8
026e02d703270357
01b601ee01e601fe
030703f003f00276
03f803e0022601b6
03e803f003f803f8
03f003f803e003e0
017d02af038803e0
fc18fc18fc30fc30
fc18fc20fc28fc20
fc20fc28fc28fc18
fc18fc18fc20fc20
fc50fc60fc50fc28
fc38fc38fc30fc38
fc40fc40fc38fc38
fc48fc40fc40fc38
fc78fc50fc38fc50
ff43ffc4ff94fd79
ff94ff73ff33fefb
00d500850014ffb4
0145010d00dd00dd
01050135016d016d
ffe40044009500c5
fe0afea3ff13ff84
fcb9fce1fd11fd69
fcd9fcc1fcb1fca9
fcf1fcf1fcf9fce9
fcd1fd01fd21fd01
fd82fd69fd49fcf9
0327ffe4ff3bfdfa
03f803f803f003f8
03e003f003f803f8
037f039003b803d8
027e02e7032f035f
01fe01ce01ee0206
02ef03e803c8020e
03f803e0022e01ae
03c803d803f803f0
03e003f803e003d0
0074015d02df03a8
fc18fc18fc30fc30
fc30fc28fc20fc20
fc30fc50fc48fc28
fc20fc20fc20fc20
fca9fc81fc40fc20
fc38fc38fc40fc70
fc38fc40fc40fc40
fc58fc48fc40fc40
fc81fc70fc50fc58
ffc4002cff8cfd41
ff43ff13fef3ff3b
00ad0034ffb4ff6b
0155014d00fd00d5
011d017d01d6018e
0044007c00a500d5
ff03ff5bffac000c
fd82fddafe42feab
fcd1fcd9fcf9fd39
fcd9fcc1fcc9fcd9
fce9fce1fd19fd11
fd79fd61fd51fd39
0347ffccff53fe4a
03f803f803f803f8
03f803f803f803f8
037f03a803c003e0
027602e7032f035f
01f601b601ae01ee
02d703e803a001de
03f803e8022e01a6
039003a803e803e8
03c003f003e803c0
0095006401c60327
fc18fc18fc28fc28
fc50fc30fc28fc20
fc28fc58fc60fc40
fc28fc28fc28fc20
fc81fc81fc60fc38
fc40fc38fc40fc68
fc48fc40fc40fc38
fc50fc50fc48fc40
fc78fc70fc60fc58
002c005cff53fd31
feebfeebff3bffac
0064ffc4ff5bff13
016d017d010500b5
012d01a601be016d
00b5014d0115012d
ff63ffac0004005c
feabfecbfefbff3b
fd41fdaafe2afe7a
fcf9fcd1fcd1fd01
fd29fce9fd01fd21
fd69fd39fd41fd59
0357ffccff2bfe8b
03f803f803f803f8
03f003f803f803f8
038803a803c003d8
027e02e7032f0357
01b6018e018e01fe
02cf03e0039801fe
03f003e8022601ae
0367035f03c003d0
036703e003f003d8
0135000c00cd023e
fc18fc20fc28fc28
fc38fc30fc28fc20
fc20fc20fc20fc20
fc30fc30fc38fc28
fc38fc38fc38fc30
fc30fc38fc38fc30
fc48fc40fc40fc30
fc68fc60fc58fc48
fc70fc60fc58fc68
0064005cfefbfd09
fee3ff33ffa40014
ffdcff63ff13fed3
015d010d00ad005c
018e019601450135
012501d601b601b6
00040014005400ad
ff7bff8cffb4ffe4
fe1afe7afef3ff4b
fd49fd31fd79fdc2
fd39fd09fcf9fd29
fd79fd19fd19fd41
0357ffacfef3feab
03f003f003f003f8
03f003f003f003f0
038803b003c803e0
027602e70327035f
01b6017d019e01ee
02bf03d8039801fe
03e803e8021e01a6
037f032f036703a0
02bf03b003f003e8
0246001400540155
fc18fc20fc28fc28
fc48fc30fc28fc20
fc28fc20fc18fc28
fc30fc30fc38fc30
fc40fc40fc38fc38
fc30fc38fc38fc38
fc48fc40fc40fc38
fc60fc60fc60fc58
fc89fc78fc70fc68
007c0054fedbfd09
ff2bff8cffec0044
ff5bfefbfee3fefb
00dd009d002cffe4
01c6018e011d0105
010d01ae018e01ae
0034001c005c00b5
ff94ffcc0004003c
fe5afeabff03ff5b
fd49fd71fdc2fe0a
fd21fd29fd19fd21
fd71fd11fcf9fd19
0357ff8cfe9bfe6a
03f803f803f803f8
03f803f803f803f8
038803b803d003f0
025e02d70317035f
01c601be017501d6
02af03c803a001e6
03b803e002160196
03b80337030f0337
01e6033f03e803f0
03370095fffc00cd
fc18fc20fc18fc18
fc48fc30fc30fc20
fc30fc60fc81fc60
fc30fc40fc48fc38
fc50fc48fc38fc38
fc48fc40fc40fc40
fc68fc60fc60fc50
fc91fc68fc68fc68
fca1fc99fca1fca1
0095003cfe6afce9
ff8cffe40034007c
ff03feebff0bff4b
0085000cffb4ff53
0135011500ed00c5
00e50125010d013d
00240014004c009d
ff94ffd4fffc0024
fe22fe72fedbff43
fd31fd51fd71fdba
fd01fd29fd31fd31
fd61fd11fcf9fcf9
0287ff43fe6afe42
03f003e003b8033f
03f803f803f803f8
037f03b003d003e8
023e02b7030f034f
018e01d6015501ae
029703b0039801c6
036f0398020601a6
03f00398031f0307
0145027e03c803f0
036701d6ffc4005c
fc18fc18fc10fc10
fc48fc40fc38fc30
fc38fc68fc81fc58
fc50fcc9fcc9fc58
fc50fc48fc38fc38
fc60fc60fc58fc58
fc78fc70fc68fc60
fca9fc78fc70fc70
fca9fcc1fcc9fcc9
009d0014fdfafcd1
ffd40024007c00ad
ff0bff13ff4bff9c
0004ffa4ff3bff03
00cd00b5007c004c
008d00b500dd00e5
ffe4ffec003c0074
ff73ffbcffccffdc
fda2fdeafe62fefb
fd29fd21fd41fd69
fd01fd11fd31fd39
fd61fd19fd01fd09
fddafe7afe4afe0a
00b5003cffbcfe42
03f80388029f018e
036f03a003c803e0
021e029702f7033f
012d01be014d0186
028f03a00388019e
033f034701ee01d6
03f803e0036f0317
00c501a6033f03f0
02c7030f0044ffec
fc20fc18fc10fc10
fc48fc48fc48fc40
fc38fc30fc40fc50
fc68fcd9fcf1fc81
fc68fc60fc60fc50
fc60fc60fc58fc60
fc68fc70fc78fc68
fca1fc78fc70fc68
fc78fc91fcb9fcc1
009dfff4fdcafca9
001c007400c500b5
ff23ff5bffa4ffdc
ff5bff2bfefbff03
0044001cffdcffa4
0054006c00740064
ffa4ffac0004003c
fec3ff2bff8cffac
fd41fd69fdc2fe42
fd11fd11fd11fd19
fd09fd01fd19fd19
fd59fd19fd09fd11
fd31fe3afe2afde2
fcf9fce1fcc1fcb9
0287ff9cfdcafd41
035f039803c00390
01f6026e02d7032f
00cd01a6014d0175
0287037f0388016d
034f031701ce020e
03f803f803d8037f
004c012d026603c8
01de0377019effcc
fc20fc18fc10fc10
fc48fc40fc40fc40
fc78fc28fc30fc48
fc50fc58fc89fca1
fc70fc78fc60fc58
fc70fc68fc68fc68
fc70fc70fc78fc81
fc99fc81fc70fc70
fc70fc78fc89fca1
00adffccfd82fc89
007c00c500dd00cd
ff4bff8cffdc0024
fed3fedbfefbff1b
ffa4ff7bff2bff0b
ffe4ffecffe4ffe4
ff6bff73ff84ffb4
fe02fe5afeebff53
fcf1fd11fd31fd82
fd01fd09fd11fcf9
fd11fd09fd01fcf9
fd59fd21fd11fd11
fd21fe22fe1afdc2
fca9fc81fc89fcb9
fe52fd11fcb9fca1
031f02e70266006c
01ee025e02c70317
007c0186014d017d
0276034f03900145
03a8031701fe025e
03e803f803f803e0
ffec00bd01be0337
00cd02cf031f006c
fc20fc10fc10fc10
fc38fc38fc40fc30
fc40fc20fc28fc30
fc48fc40fc38fc40
fc70fc60fc50fc48
fc78fc78fc78fc78
fc70fc70fc70fc78
fc70fc70fc68fc68
fc70fc81fc70fc60
009dff53fd29fc78
00b500dd00e500e5
ff7bffbc0014006c
fecbff03ff2bff4b
fec3fe9bfe83fe9b
ff43ff43ff2bfefb
fed3ff1bff3bff3b
fd51fdb2fe12fe83
fce1fce1fcf9fd09
fd09fd09fd19fd09
fd19fd19fd09fd09
fd49fd19fd19fd09
fd41fe12fe0afdc2
fc81fc68fc89fca9
fd19fca9fc89fc81
fffcfedbfe1afd92
01be01d6018e00a5
005c017d015d0186
026e031f0390014d
03e80307023e02a7
03a003f803f003f0
fffc003c0135024e
001401a6037701ee
fc20fc10fc10fc10
fc30fc30fc30fc28
fc28fc20fc28fc28
fc40fc40fc40fc40
fc60fc50fc48fc40
fc70fc89fc91fc78
fc60fc60fc68fc70
fc60fc68fc68fc68
fc68fc78fc70fc58
0095ff2bfd31fc81
00e500ed010500f5
ffc4001c006c00b5
fef3ff23ff5bff94
fe22fe4afe93fecb
fe62fe52fe22fe0a
fdf2fe4afe83fe83
fcf9fd11fd49fd92
fcf9fcf1fcf9fd01
fd09fd09fd11fd11
fd11fd11fd19fd19
fd41fd21fd19fd11
fd59fdfafdf2fd9a
fc70fc58fc91fcb1
fcc1fc78fc70fc78
fd41fd21fd09fcf9
ff84fe7afdfafd8a
0034013500ed0064
028f030f03b001a6
04000327028702cf
02cf03d803f803f8
00e5fffc00a5019e
ffbc009502b7035f
fc18fc10fc10fc10
fc30fc28fc28fc28
fc20fc20fc20fc28
fc48fc48fc40fc30
fc60fc58fc48fc40
fc58fc58fc60fc60
fc60fc60fc58fc50
fc50fc60fc68fc60
fc78fc70fc68fc58
00a5ff5bfdc2fcc1
00fd010d011500fd
0034007400b500ed
ff6bff84ffbc0004
fe62fec3ff0bff3b
fdeafdd2fdd2fe12
fd59fd79fda2fdca
fd01fd09fd19fd31
fcf9fcf9fcf1fcf1
fd11fd11fd11fd09
fd11fd11fd09fd19
fd39fd29fd29fd21
fd79fdeafde2fd82
fc60fc60fc99fcd1
fc81fc68fc60fc70
fcf1fcd9fcc1fcb9
fd41fd31fd21fd01
fef3fec3fdf2fd9a
028702870287008d
03f8033f02bf02f7
020e034703e803f0
02a7005c003c011d
0074000c01960377
fc18fc10fc10fc10
fc30fc28fc20fc20
fc20fc20fc28fc28
fc58fc68fc48fc28
fc50fc58fc50fc50
fc50fc50fc50fc50
fc60fc58fc50fc50
fc58fc68fc70fc70
fca9fc70fc68fc60
009dffdcfefbfdaa
0115011d011500f5
009d00c500f500fd
fff4000c003c0064
fefbff6bffacffcc
fdcafdeafe2afe93
fd49fd61fd82fda2
fcf1fcf9fd19fd31
fcf1fcf1fcf1fcf1
fd19fd19fd11fd09
fd09fd09fd11fd19
fd39fd31fd41fd29
fdaafde2fdbafd71
fc58fc68fcb1fd19
fc60fc58fc58fc70
fcd1fcc1fcb9fca1
fcf9fcf9fce9fce1
fd39fd11fcf9fcf9
0004feebfe2afd92
03e8030f020e017d
0175026e037f03e8
03a801ce0044008d
02b7007c00b50287
fc10fc10fc10fc10
fc28fc28fc18fc10
fc20fc20fc28fc28
fc91fca9fc48fc20
fc50fc58fc60fc70
fc50fc50fc50fc50
fc68fc58fc58fc58
fc81fc78fc81fc89
fdd2fcc1fc81fc81
008d002cffbcff3b
012d011d010d00dd
00e500f501150135
0064007c00a500c5
ff94ffe4001c004c
fdaafe12fe8bff1b
fd41fd49fd59fd79
fcf9fcf9fd11fd29
fcf9fcf9fcf9fcf9
fd21fd19fd11fd01
fd11fd11fd19fd21
fd41fd39fd39fd29
fdbafdeafdd2fd69
fc50fc78fce1fd61
fc50fc58fc58fc68
fcb9fcb1fca9fc89
fce9fcd9fcd1fcc1
fcf1fcf1fcd9fce1
fd39fd19fd09fcf1
0186001cfe83fdca
00cd01c6029f02cf
032f0367012d0054
03e0026e009d017d
fc10fc10fc10fc10
fc20fc20fc20fc18
fc20fc20fc20fc20
fc81fc68fc30fc20
fc50fc58fc58fc70
fc60fc58fc58fc50
fc68fc68fc70fc68
fc99fc81fc78fc78
ff73fe7afd61fcc9
008500640034ffd4
011d010d00fd00cd
0105010d012d012d
00cd00e500f500fd
00040044008500a5
fe42febbff43ffac
fd21fd39fd79fde2
fce1fce1fcf1fd01
fd01fcf1fce9fce1
fd19fd19fd11fd01
fd19fd19fd19fd21
fd31fd39fd39fd29
fdcafdbafda2fd51
fc48fc81fd09fd9a
fc48fc50fc50fc60
fca1fca1fc99fc68
fcd1fcc1fcb9fca9
fcd9fce1fce1fce1
fcf9fce9fcd9fcc9
fdd2fd51fd21fd01
002c0054ffdcfeab
023603a002c700a5
03f003c801ee00f5
fc18fc10fc10fc10
fc20fc20fc20fc18
fc20fc20fc20fc20
fc58fc38fc20fc20
fc58fc50fc50fc50
fc78fc68fc60fc58
fc91fc70fc78fc81
fd71fcf1fcb9fc78
ffe4ffbcff33fe42
008d009d007c0044
011d011500f500cd
012d013d013d012d
0105011501150115
006c00ad00dd00f5
ff33ff8cffd4001c
fdd2fe32fe8bfed3
fcc1fcd9fcf9fd49
fcf9fce1fcc1fcb9
fd21fd21fd11fd01
fd21fd21fd21fd21
fd29fd39fd41fd39
fdbafd82fd51fd29
fc40fc70fd19fdb2
fc48fc50fc48fc60
fc91fc99fc89fc68
fcc1fcb1fca1fc91
fcd9fcd9fcd1fcc1
fcd9fcd9fcd9fcd9
fd11fcf9fce9fcd9
fe83fdc2fd59fd29
016502b702870004
03f003f8038801b6
fc18fc10fc18fc20
fc18fc18fc18fc18
fc20fc20fc20fc18
fc40fc28fc20fc20
fc58fc58fc50fc48
fc81fc78fc78fc70
fd01fcb1fc78fc89
fec3fe52fdcafcf9
007c001cffb4ff53
00a500c500b500b5
011d011d010500d5
0165015d014d0135
0115011501250145
00b500e5010d0115
ffdc000c003c0064
ff1bff5bff94ffb4
fce1fd51fe02feb3
fd01fcd9fcc1fcc1
fd29fd11fd09fd09
fd29fd29fd29fd29
fd29fd41fd39fd39
fda2fd69fd39fd21
fc48fc60fd29fdb2
fc50fc50fc48fc58
fc99fca1fc91fc81
fcb9fca9fca1fc91
fcc9fcc9fcc9fcc1
fcb9fcc1fcc9fcc1
fce1fcd9fcd1fcc1
fd21fcf1fce9fce1
00cdffc4fe93fdaa
03d003f003e802ef
fc18fc18fc28fc38
fc18fc18fc10fc10
fc20fc28fc18fc18
fc30fc20fc18fc18
fc89fc68fc58fc50
fcd9fd39fd82fd01
fdfafd92fd51fd29
ff1bfecbfe83fe1a
00f500a5fffcff6b
00bd00e500ed00fd
0125011500f500dd
01450145013d012d
01250135013d0145
00cd00fd01150125
0044005c007c009d
000400240034003c
fdc2fea3ff4bffb4
fcf9fce9fce9fd19
fd39fd19fd09fd01
fd29fd39fd39fd39
fd29fd51fd49fd39
fd79fd51fd21fd11
fc48fc50fd09fda2
fc48fc48fc40fc58
fc99fc91fc89fc89
fca9fca1fca1fc99
fcc9fcc9fcb9fcb1
fcb1fcc1fcc9fcc1
fcb9fcb9fcb9fca9
fce1fcd1fcd1fcc1
fe32fd82fd31fd01
0347031701a6ffbc
fc18fc28fc48fc78
fc20fc18fc10fc18
fc20fc28fc20fc20
fc30fc20fc20fc18
fd61fd11fca1fc58
fe4afec3feabfe12
feebfedbfe7afe22
ff5bfeebfed3fed3
0165012d00bd0014
00cd00f501150145
011d010d00f500e5
013d013501350125
0145014d01450135
00dd010d01350145
00740085009d00b5
007c00ad00a5007c
fec3ff4bffcc0034
fd19fd21fd49fdfa
fd31fd21fd19fd11
fd31fd29fd41fd41
fd31fd59fd49fd39
fd49fd21fd11fd19
fc50fc48fcc9fd69
fc58fc40fc40fc50
fc99fc89fc81fc91
fca9fca1fc91fc91
fcc1fcc1fcb1fca9
fcb1fcb9fcb9fcc1
fca9fca9fca9fca1
fcc1fcc9fcb9fcb1
fd31fd01fce1fcc9
00adff5bfe2afd8a
fc20fc48fca9fd21
fc20fc18fc18fc20
fc20fc28fc20fc20
fc50fc30fc28fc28
fe6afe22fd61fc91
ff03ff2bff03feab
fefbfee3febbfec3
007cffb4fec3fe9b
01be01ae014500e5
00e5010d013d018e
011d011d00fd00f5
0125011d0115011d
0155014d013d0125
00f5014501450145
007400a500cd00cd
00b500a5009d006c
feebff6b00040074
fd31fd49fd92fe32
fd31fd21fd19fd21
fd39fd29fd29fd31
fd29fd49fd49fd41
fd19fd09fd01fd19
fc50fc40fc81fd11
fc70fc38fc40fc48
fca9fc91fc89fc99
fcb1fca9fc99fca9
fcb1fcb9fcb1fca9
fca9fca9fcb9fcb9
fca1fca1fca1fca1
fca9fca9fca1fca1
fce1fcc9fcb9fcb1
fde2fd82fd41fd11
fc28fc50fc99fdd2
fc20fc18fc18fc20
fc30fc30fc20fc20
fd11fc89fc40fc28
ff03feebfea3fdfa
fee3ff03fecbfee3
fe4afe62fe8bfea3
013d00d5ffdcfeab
01e601ee01be017d
0115012d015d01be
012d011d010d010d
010d010d010d0125
0135013d012d010d
013501450135012d
007c009500cd00fd
009d008d00850074
feb3ff43fff4006c
fd21fd41fd69fdf2
fd29fd21fd19fd19
fd39fd31fd19fd19
fd29fd49fd49fd39
fd01fcf9fd01fd11
fc40fc48fc50fcc9
fc81fc30fc38fc38
fcb1fc91fc91fc99
fcb1fca9fc99fca9
fcb1fcb9fcb9fcb9
fca1fca9fcb1fcb1
fc99fca1fc99fc99
fca9fca9fc99fca1
fcb9fcb1fca9fca9
fd29fd11fce9fcc9
fc20fc28fc30fd59
fc28fc18fc18fc20
fc38fc38fc28fc28
fe4afd09fcb1fc68
fef3fefbfef3fedb
fe12fe6afe9bfed3
ff53fdf2fde2fdfa
01c6016501050085
0206021e021601f6
0145014d017d01d6
013d0125011d0125
011d011501150125
012d012d012d011d
012d0135012d0135
008500b500f50115
00ad0085006c0064
fe83ff33fff40085
fd31fd39fd59fdca
fd11fd19fd09fd21
fd39fd31fd11fd01
fd21fd31fd41fd39
fce1fcf1fd01fd11
fc40fc40fc38fc78
fc91fc38fc30fc38
fca9fc91fc91fc99
fca9fc99fc99fcb1
fcb1fcb9fcc1fcb9
fca1fca9fca9fca9
fc99fc99fc99fc99
fca1fc99fca9fca1
fcb1fcb1fca9fca1
fcf9fce1fcd1fcb9
fc28fc28fc30fc58
fc28fc20fc18fc20
fca9fc70fc40fc28
fe72fd21fce9fcd1
feb3fe83feb3fee3
fda2fd79fddafe8b
00edff94fdf2fdda
021601d601960155
023e0246024e0236
0155015d019601ee
0135012d011d0145
0125011d010d0125
011d011d0125011d
01150125012d012d
009500bd00e50105
006c004c004c006c
fe42ff13ffe40085
fd41fd49fd59fda2
fd09fd11fd09fd19
fd31fd29fd11fd01
fd19fd29fd39fd29
fc99fce9fd01fd11
fc38fc38fc40fc48
fc91fc50fc28fc30
fca1fc89fc91fc99
fca1fc91fc99fcb1
fcb1fcb9fcb9fcb9
fca1fca1fca1fca1
fc91fc91fc91fc91
fca9fca1fca9fc99
fcb1fcb1fca1fca1
fce9fcd9fcc9fcc1
fc20fc30fc38fc30
fc30fc28fc18fc20
fce9fcd1fca1fc48
fdfafd01fce1fce9
fdf2fe2afe3afe93
fdcafda2fd79fdaa
01750115ff13fdba
024e021601fe01be
024e025e027e027e
0165016d019e01fe
013501350135015d
011d011d0115011d
010d010d01150115
00f50105010d011d
0085009d00c500e5
ffe400140034005c
fdeafe93ff7b0004
fd21fd29fd41fd71
fcf9fd19fd21fd21
fd31fd21fd01fcf1
fd09fd29fd31fd29
fc50fca9fcf9fd09
fc38fc38fc40fc38
fc89fc70fc40fc38
fc99fc81fc91fc99
fca9fc91fca1fca9
fcb1fcb9fcc1fcc1
fca1fca9fca1fca1
fc91fc91fc91fc91
fca9fc99fc99fc91
fca9fca9fca1fca1
fcd1fcc9fcb9fcb1
fc20fc30fc40fc40
fc30fc28fc18fc18
fce9fcd9fca9fc48
fd9afcf1fcd9fce9
fd59fdaafdaafe22
fda2fdb2fdbafd79
01de01b6002cfdca
027e0246021601fe
023e02660287029f
016d017501be01fe
013d014d015d016d
011d011d01250135
011d010d010d0105
00e500fd0125012d
005c008500a500c5
ff5bffa4fff40034
fd69fddafea3ff2b
fd01fd01fd11fd31
fcf1fd09fd21fd21
fd21fd11fcf9fce9
fd01fd21fd31fd29
fc40fc58fcc1fcf9
fc38fc28fc30fc38
fc89fc81fc70fc40
fc91fc81fc89fc99
fca1fc99fca1fca1
fca9fcb9fcb9fcb9
fca9fca9fca1fca1
fc91fc91fc91fc91
fca1fca1fc99fc91
fca1fca1fca1fc99
fcb1fcb9fcb1fca9
fc60fc60fc60fc50
fc60fc68fc68fc60
fc50fc58fc60fc58
fc48fc48fc40fc48
fc89fc81fc78fc60
fc60fc60fc70fc81
fc58fc58fc58fc50
fc70fc68fc58fc60
fc40fc70fc70fc70
fc58fc48fc38fc30
fc38fc48fc40fc50
fc10fc10fc18fc20
fc28fc18fc18fc10
fc50fc28fc10fc20
fc10fc08fc10fc20
fc10fc10fc10fc10
fc10fc10fc10fc10
fc18fc18fc18fc10
fc30fc30fc20fc20
fc20fc18fc18fc20
fcc1fc48fc20fc20
fc60fcc1fd59fd61
fc30fc30fc38fc40
fc38fc30fc30fc30
fc28fc38fc38fc38
fc38fc30fc30fc38
fc40fc40fc38fc38
fc30fc30fc30fc40
fc58fc58fc58fc40
fc60fc60fc58fc50
fc81fc60fc58fc50
fe1afda2fd21fcb1
fc70fc68fc68fc58
fc68fc70fc68fc68
fc50fc50fc60fc68
fc50fc48fc40fc48
fc78fc78fc70fc50
fc50fc58fc70fc78
fc48fc48fc48fc40
fc78fc68fc58fc50
fc50fc78fc70fc70
fc48fc40fc38fc30
fc30fc40fc48fc40
fc18fc10fc18fc20
fc30fc18fc20fc18
fcd1fc81fc60fc58
fc10fc10fc10fc30
fc10fc10fc10fc10
fc10fc10fc10fc10
fc18fc18fc18fc10
fc40fc30fc18fc18
fc18fc18fc20fc20
fc58fc28fc20fc18
fc78fc99fcd1fcb1
fc28fc28fc20fc38
fc38fc30fc28fc28
fc40fc40fc38fc38
fc30fc38fc30fc38
fc40fc40fc38fc30
fc40fc38fc48fc48
fc48fc60fc60fc50
fc40fc48fc40fc40
fc48fc40fc38fc38
fd79fd39fcb1fc58
fc68fc68fc70fc58
fc70fc70fc70fc70
fc58fc58fc68fc68
fc50fc48fc48fc48
fc68fc68fc68fc58
fc50fc60fc78fc68
fc58fc50fc50fc58
fc78fc70fc60fc60
fc50fc78fc81fc78
fc30fc38fc38fc30
fc28fc38fc30fc30
fc18fc18fc18fc20
fc48fc99fc60fc18
fca9fcb1fc99fc50
fc10fc18fc10fc28
fc10fc10fc10fc10
fc10fc10fc10fc10
fc18fc18fc10fc10
fc20fc18fc18fc18
fc18fc20fc20fc20
fc28fc20fc18fc18
fc40fc68fc78fc58
fc28fc28fc20fc28
fc30fc28fc20fc20
fc38fc38fc30fc30
fc30fc40fc30fc38
fc40fc40fc38fc30
fc58fc50fc50fc48
fc58fc70fc50fc60
fc28fc30fc38fc38
fc28fc28fc28fc28
fd01fca1fc50fc38
fc70fc70fc68fc58
fc70fc70fc70fc70
fc68fc60fc60fc68
fc50fc48fc50fc58
fc70fc70fc68fc58
fc50fc60fc68fc70
fc48fc48fc48fc50
fc78fc60fc50fc50
fc60fc81fc78fc81
fc30fc30fc30fc30
fc20fc28fc30fc30
fc10fc10fc18fc18
fc68fcc9fc50fc10
fc40fc68fc99fc68
fc10fc18fc18fc18
fc18fc18fc10fc10
fc18fc10fc10fc10
fc18fc18fc10fc10
fc18fc18fc18fc18
fc18fc18fc18fc18
fc28fc20fc18fc18
fc28fc38fc40fc40
fc28fc20fc20fc20
fc28fc20fc20fc20
fc30fc38fc30fc28
fc40fc40fc30fc28
fc38fc30fc40fc58
fc40fc40fc50fc50
fc58fc58fc50fc48
fc20fc20fc30fc40
fc28fc28fc28fc20
fc91fc50fc30fc30
fc70fc70fc68fc60
fc68fc68fc68fc70
fc60fc60fc68fc70
fc48fc48fc50fc60
fc78fc70fc68fc58
fc68fc60fc68fc78
fc60fc60fc60fc60
fc70fc68fc68fc60
fc70fc81fc78fc78
fc40fc38fc30fc38
fc18fc20fc28fc38
fc10fc10fc10fc18
fc38fc30fc18fc10
fc20fc48fc30fc38
fc10fc10fc18fc10
fc10fc18fc10fc10
fc18fc18fc18fc20
fc10fc18fc18fc10
fc18fc18fc10fc10
fc20fc18fc18fc18
fc28fc18fc18fc18
fc18fc20fc38fc40
fc28fc20fc18fc18
fc20fc28fc28fc28
fc30fc30fc28fc20
fc58fc48fc38fc30
fc30fc38fc48fc68
fc38fc40fc50fc50
fc40fc40fc38fc38
fc18fc28fc38fc40
fc20fc20fc28fc20
fc50fc38fc28fc20
fc60fc60fc58fc58
fc58fc58fc58fc58
fc48fc50fc58fc60
fc48fc40fc48fc50
fc68fc70fc68fc48
fc60fc60fc60fc60
fc58fc58fc58fc58
fc68fc58fc58fc58
fc70fc68fc60fc70
fc50fc38fc38fc40
fc18fc18fc20fc50
fc10fc10fc10fc10
fc48fc20fc10fc10
fc18fc28fc18fc48
fc18fc10fc10fc10
fc18fc18fc18fc18
fc18fc18fc18fc28
fc10fc10fc18fc18
fc18fc10fc10fc10
fc28fc18fc18fc18
fc20fc20fc18fc20
fc18fc18fc20fc28
fc20fc18fc18fc18
fc28fc28fc28fc28
fc30fc28fc28fc28
fc48fc50fc48fc38
fc30fc30fc38fc48
fc30fc40fc50fc48
fc40fc48fc30fc28
fc20fc38fc40fc38
fc18fc28fc28fc20
fc28fc28fc28fc20
fc20fc20fc28fc28
fc20fc20fc20fc20
fc20fc28fc28fc20
fc20fc20fc20fc20
fc48fc40fc30fc18
fc28fc38fc40fc50
fc30fc28fc30fc30
fc38fc38fc38fc38
fc48fc40fc40fc40
fc40fc30fc30fc38
fc10fc18fc20fc50
fc10fc10fc10fc10
fd29fc40fc10fc18
fc10fc18fc18fc81
fc20fc18fc10fc10
fc20fc10fc18fc20
fc18fc20fc10fc20
fc10fc10fc10fc10
fc18fc10fc10fc10
fc28fc18fc18fc18
fc18fc18fc18fc20
fc18fc10fc18fc18
fc18fc20fc18fc10
fc28fc28fc28fc20
fc30fc30fc28fc28
fc38fc48fc38fc30
fc30fc38fc40fc38
fc30fc48fc48fc40
fc30fc38fc38fc30
fc28fc40fc38fc30
fc18fc20fc20fc18
fc28fc30fc38fc20
fc30fc40fc30fc28
fc40fc40fc20fc18
fc38fc40fc40fc40
fc30fc30fc30fc30
fc40fc20fc18fc28
fc18fc18fc28fc68
fc20fc18fc18fc18
fc20fc20fc20fc18
fc30fc20fc18fc20
fc18fc20fc20fc28
fc18fc18fc20fc20
fc18fc10fc18fc18
fdc2fc50fc20fc18
fc10fc18fc20fd21
fc18fc10fc10fc10
fc18fc10fc18fc18
fc18fc20fc10fc18
fc10fc10fc10fc18
fc18fc10fc10fc10
fc18fc10fc18fc18
fc20fc20fc20fc18
fc18fc18fc10fc18
fc20fc20fc18fc18
fc20fc28fc20fc20
fc30fc30fc28fc20
fc28fc30fc30fc30
fc30fc28fc30fc30
fc30fc30fc28fc28
fc30fc28fc30fc28
fc40fc50fc38fc30
fc18fc18fc20fc28
fc30fc30fc20fc18
fc48fc50fc38fc38
fc50fc50fc20fc20
fc48fc50fc58fc58
fc40fc40fc48fc48
fc20fc18fc20fc38
fc10fc10fc10fc40
fc18fc18fc20fc20
fc20fc20fc18fc20
fc48fc20fc18fc18
fc20fc28fc28fc40
fc10fc10fc18fc20
fc18fc20fc20fc18
fd51fc30fc20fc18
fc18fc18fc30fd31
fc18fc18fc20fc18
fc18fc20fc18fc18
fc20fc20fc18fc18
fc10fc18fc20fc18
fc10fc10fc10fc10
fc10fc10fc10fc10
fc18fc20fc20fc20
fc18fc18fc18fc10
fc20fc30fc30fc20
fc20fc20fc20fc28
fc30fc30fc28fc20
fc28fc28fc28fc28
fc28fc28fc30fc38
fc30fc28fc20fc20
fc30fc20fc20fc20
fc60fc60fc38fc38
fc18fc18fc20fc38
fc40fc30fc18fc18
fc48fc48fc40fc40
fc58fc40fc18fc20
fc50fc58fc60fc68
fc40fc48fc50fc50
fc18fc18fc28fc40
fc10fc10fc18fc28
fc20fc20fc20fc18
fc28fc20fc18fc18
fc48fc20fc38fc38
fc20fc28fc30fc48
fc18fc18fc10fc18
fc18fc20fc20fc20
fc70fc18fc18fc18
fc20fc30fc30fc68
fc30fc30fc38fc28
fc28fc60fc58fc48
fc40fc30fc28fc20
fc18fc28fc28fc18
fc10fc18fc10fc10
fc18fc18fc10fc10
fc10fc18fc28fc20
fc18fc18fc18fc18
fc20fc28fc20fc18
fc20fc20fc28fc20
fc30fc30fc28fc20
fc30fc30fc28fc28
fc30fc30fc28fc28
fc28fc20fc28fc30
fc30fc28fc20fc20
fc60fc50fc30fc38
fc18fc18fc18fc28
fc20fc20fc18fc18
fc40fc40fc48fc48
fc50fc30fc18fc28
fc50fc58fc58fc58
fc30fc40fc48fc50
fc10fc18fc28fc30
fc10fc10fc10fc10
fc28fc28fc28fc20
fc38fc28fc20fc20
fc50fc38fc60fc40
fc20fc30fc40fc58
fc18fc18fc18fc18
fc18fc18fc20fc20
fc28fc18fc18fc18
fc48fc48fc30fc38
fc91fc58fc68fc68
fc70fc89fc81fca1
fc30fc60fc81fc50
fc30fc38fc38fc28
fc18fc18fc18fc20
fc18fc18fc18fc18
fc18fc18fc20fc18
fc10fc10fc18fc18
fc20fc18fc18fc18
fc20fc28fc28fc20
fc30fc30fc30fc28
fc30fc28fc30fc30
fc30fc30fc30fc30
fc28fc30fc38fc38
fc30fc20fc20fc20
fc50fc40fc20fc30
fc20fc20fc28fc40
fc20fc20fc18fc18
fc38fc40fc50fc58
fc48fc30fc18fc30
fc50fc58fc58fc50
fc30fc40fc48fc48
fc10fc18fc28fc30
fc10fc10fc10fc10
fc30fc30fc30fc20
fc50fc30fc30fc30
fc58fc38fc58fc50
fc28fc30fc48fc68
fc18fc18fc18fc18
fc10fc18fc20fc18
fc38fc30fc20fc18
fc91fca9fc81fc50
fcd1fc50fc81fc91
fcc1fca1fc68fce1
fc78fc91fc99fc81
fc58fc78fc68fc70
fc18fc28fc30fc58
fc10fc18fc18fc18
fc20fc28fc28fc18
fc18fc10fc18fc20
fc18fc18fc18fc18
fc20fc28fc28fc18
fc28fc30fc30fc28
fc28fc30fc30fc30
fc38fc38fc38fc38
fc38fc40fc38fc30
fc20fc20fc20fc20
fc48fc38fc28fc28
fc28fc28fc28fc40
fc20fc20fc20fc28
fc40fc40fc58fc70
fc30fc20fc18fc30
fc50fc50fc48fc40
fc38fc38fc40fc40
fc10fc18fc30fc38
fc18fc18fc18fc18
fc70fc78fc70fc40
fc58fc60fc68fc70
fc48fc30fc40fc60
fc28fc30fc50fc60
fc18fc18fc18fc20
fc28fc28fc20fc18
fc68fc60fc48fc28
fc78fcd9fc91fc50
fcb1fc91fcb1fc78
fc99fc70fc81fcc9
fc78fc91fca9fca9
fcb1fcb1fc81fc89
fc38fc50fc99fcf1
fc18fc10fc20fc30
fc20fc20fc20fc18
fc20fc18fc18fc20
fc18fc20fc18fc18
fc28fc28fc20fc20
fc28fc28fc20fc18
fc30fc30fc30fc30
fc40fc40fc40fc38
fc68fc60fc50fc40
fc28fc30fc38fc48
fc50fc48fc38fc30
fc28fc28fc30fc48
fc28fc20fc20fc30
fc50fc58fc70fc68
fc38fc20fc18fc40
fc48fc40fc40fc40
fc38fc38fc40fc40
fc10fc20fc30fc38
fc18fc18fc18fc18
fcb1fcc1fcb1fc50
fc70fc91fca1fca9
fc38fc40fc48fc70
fc20fc30fc60fc60
fc20fc20fc20fc18
fc70fc70fc40fc38
fcc9fc91fc60fc50
fc70fc81fca1fce1
fc81fcf1fcb1fc48
fca1fc40fc91fc70
fc78fca1fcd9fcc9
fc89fc78fc58fc60
fcd1fc81fc91fcb1
fc18fc18fc48fc81
fc20fc20fc18fc20
fc20fc20fc18fc18
fc20fc20fc20fc20
fc20fc28fc28fc20
fc28fc20fc20fc18
fc40fc28fc28fc28
fc89fc70fc78fc58
fcc9fce1fcb9fc99
fcc9fc99fc91fca1
fc58fc50fc58fcb1
fc20fc30fc30fc48
fc28fc28fc20fc28
fc50fc58fc50fc38
fc38fc18fc28fc48
fc38fc38fc48fc48
fc40fc40fc48fc40
fc10fc28fc38fc38
fc18fc18fc18fc18
fcd1fcd1fcb1fc48
fc89fca9fcc1fcd1
fc30fc38fc50fc81
fc18fc20fc40fc50
fc48fc58fc38fc20
fcb9fcc9fc68fc60
fcc1fc81fc81fc99
fc60fc68fcd9fd01
fd29fcd9fc68fc58
fc99fc50fc60fc91
fc50fc68fce1fd11
fc60fc70fc70fc50
fc99fc81fc78fc70
fc38fc38fc48fc78
fc38fc30fc20fc20
fc18fc18fc20fc28
fc20fc28fc30fc20
fc20fc28fc28fc20
fc20fc20fc20fc20
fcb1fc58fc30fc20
fcd9fcc9fcd1fcd9
fce1fd09fd11fcf9
fd19fcd1fcb9fcb1
fcf9fce9fcd1fd21
fc30fc30fc48fc89
fc20fc28fc28fc28
fc28fc20fc28fc30
fc30fc18fc38fc30
fc40fc40fc48fc40
fc40fc40fc40fc40
fc10fc28fc30fc38
fc18fc18fc10fc10
fcf1fce1fca1fc38
fc99fcb1fcd1fcd9
fc20fc38fc60fc81
fc20fc30fc40fc30
fc89fc91fc40fc28
fc70fc68fc70fc81
fc99fc70fca9fcb1
fc78fca1fd19fd21
fd21fc89fc99fca1
fca9fcb1fc60fcb1
fc48fc68fcd1fcd1
fc78fc99fc58fc48
fc70fc60fc70fc70
fc89fc99fcb9fca1
fc38fc30fc30fc50
fc20fc18fc20fc30
fc28fc30fc30fc20
fc38fc40fc28fc28
fc28fc20fc20fc28
fd49fd09fc58fc30
fd59fd29fd29fd41
fd29fd31fd49fd51
fd01fcf9fcd1fce9
fd21fd09fce9fcf9
fc68fc89fcc9fd09
fc28fc28fc30fc50
fc18fc20fc30fc40
fc28fc18fc18fc18
fc58fc48fc48fc48
fc38fc38fc40fc50
fc18fc30fc38fc38
fc18fc10fc18fc10
fcf9fcd9fc99fc28
fca9fcc9fce1fcf9
fc30fc38fc78fc89
fc38fc48fc70fc60
fc70fc78fc89fc38
fc70fc68fc91fcb1
fc70fc81fc70fc60
fca9fd59fdaafcd1
fd19fcd9fd09fcd1
fca1fcb9fc99fcf1
fc60fc99fd01fcb1
fc91fcb1fc60fc60
fc68fc50fc68fc68
fcc9fcd1fd11fc91
fc50fc60fc60fcc9
fc20fc20fc18fc38
fc38fc20fc18fc20
fd29fd59fcd9fc60
fc99fc40fc48fcb9
fd51fd61fd41fd09
fd41fd61fd71fd61
fd49fd49fd29fd29
fd59fd49fd39fd31
fd09fd31fd49fd51
fcb9fcc1fcf9fcf1
fc38fc30fc48fc91
fc18fc18fc10fc18
fc28fc20fc18fc18
fc50fc48fc40fc38
fc38fc40fc48fc50
fc20fc38fc38fc38
fc18fc10fc18fc10
fcf1fcc9fc81fc18
fcb1fcd1fcf1fd01
fc38fc38fc89fc91
fc60fc78fc91fc78
fc68fc81fc99fc68
fcf1fcf9fd01fc89
fcd9fcc1fcb1fcd1
fd41fdb2fd51fd21
fd69fd79fd79fd31
fcd9fd01fce9fd61
fcb9fcf1fd19fcb1
fcb1fc99fc68fca9
fc89fc78fc50fc70
fca1fcb1fc81fc70
fc50fc68fc99fcb9
fc20fc20fc20fc38
fc70fc28fc20fc20
fdcafe72fe62fd59
fd79fcb1fcb9fd19
fd39fd41fdcafe2a
fd21fd19fd49fd49
fd71fd92fd61fd41
fe02fddafdcafda2
fdcafe02fe3afe4a
fce9fd09fd61fd71
fc38fc38fc70fcd9
fc10fc18fc10fc10
fc58fca9fc20fc10
fc48fc38fc30fc28
fc38fc50fc48fc48
fc28fc40fc38fc38
fc18fc18fc18fc18
fce9fcc9fc70fc18
fcc9fce9fd01fd09
fc30fc48fca1fc99
fc89fc81fc89fc68
fc99fc58fc81fc89
fd49fd41fcf1fca1
fd51fd41fd71fd49
fde2fddafda2fda2
fdf2fdfafdeafdca
fd31fd51fd79fdd2
fd01fd41fd29fd09
fd11fce9fcd1fd01
fc60fca9fc81fcd1
fc70fc60fc68fc58
fc81fc89fcb1fc89
fc20fc30fc40fc70
fd01fc48fc30fc30
fe62feebff03fe6a
fdaafd41fd51fdd2
fda2fd9afd92fda2
fd29fd21fd59fd82
fdeafde2fdbafd51
ff1bfec3fe6afe12
fe8bfeebfefbff3b
fd49fd92fdfafe2a
fc40fc58fcb1fd21
fc10fc18fc18fc10
fd19fd21fc18fc08
fc28fc28fc20fc28
fc40fc50fc48fc38
fc30fc38fc38fc40
fc18fc18fc18fc18
fce1fcc9fc50fc10
fce9fd09fd11fcf9
fc28fc58fcb1fcc1
fc81fc81fc81fc68
fcb1fc91fc89fc91
fd8afd69fd31fcf1
fe1afdf2fdd2fdaa
fe52fe3afe22fe2a
fe52fe5afe52fe3a
fd8afde2fdfafdfa
fd59fd8afd82fd8a
fd49fd41fd51fd49
fc78fca9fce1fd09
fc91fc50fc81fca1
fca1fc99fc91fc99
fc20fc48fc68fc91
fd69fc30fc28fc30
fe9bff0bff0bfed3
fdeafdaafd92fe12
fd79fd92fda2fda2
fd29fd61fdbafd8a
fec3fe7afdf2fd71
0024ffd4ff94ff03
fef3ff33ffb40024
fdfafe6afebbfebb
fc58fca1fd19fd8a
fc10fc18fc18fc10
fdc2fd01fc10fc08
fc30fc48fc40fc68
fc50fc50fc40fc28
fc28fc30fc38fc40
fc18fc18fc10fc18
fcd9fcb1fc30fc10
fd11fd21fd29fcf9
fc40fc60fca1fd01
fca9fca1fca9fc89
fd39fd01fcb9fce1
fdeafda2fd69fd51
fe8bfe62fe7afe32
fe9bfe8bfe7afe8b
fe83fe8bfe8bfe8b
fe22fe4afe42fe4a
fdaafdc2fde2fe32
fd69fd8afdb2fdb2
fcb1fcc9fd11fd39
fc81fc68fcb1fcd9
fc91fc60fc68fca1
fc38fc60fc99fc91
fd49fc28fc30fc30
fe7aff1bfebbfe4a
fe22fdfafdc2fe0a
fd92fd92fd92fdba
fd39fd69fdc2fd71
ff4bfec3fe22fd79
00bd00c50085ffdc
ffc40034009500cd
fe8bfefbff1bff6b
fc68fce9fda2fe02
fc10fc18fc18fc10
fd21fc78fc18fc10
fca9fce9fd09fcf1
fc48fc40fc30fc60
fc30fc38fc38fc40
fc10fc10fc10fc18
fd09fca9fc28fc18
fd39fd41fd51fd59
fc70fc40fc60fcd9
fcc1fc99fce9fcc9
fdbafd92fd61fd31
febbfe4afe32fe1a
febbfebbfed3fee3
febbfebbfedbfeb3
fe83fea3febbfec3
fe5afe72fe6afe7a
fdfafdfafe0afe2a
fdaafdb2fddafdfa
fd11fd31fd71fd8a
fca9fcb1fce1fcf9
fc60fc60fc70fc89
fc58fc70fcd9fc89
fc91fc28fc40fc50
fe83fe9bfea3fd71
fe52fe6afe1afe4a
fd79fdc2fde2fdca
fd71fdbafdaafd61
ffe4ff5bfeabfda2
0105010d00d50064
007c00dd01150115
ff0bff4bff7b003c
fce9fdaafe52feab
fc10fc10fc18fc18
fcb9fc70fc28fc10
fce9fd11fd29fd01
fc28fc20fc50fcb9
fc40fc40fc38fc38
fc18fc18fc10fc20
fd21fca1fc20fc18
fcf1fd51fd69fd79
fcc1fc91fc91fca1
fce1fc99fc78fc89
fe2afddafdc2fd61
ff13fef3feabfe72
fedbfef3fefbfeeb
fecbfeb3feebfeeb
febbfecbfed3fee3
fe5afe7afe8bfea3
fe1afe1afe32fe4a
fdd2fddafdfafe1a
fd8afd9afdb2fdc2
fd01fd19fd39fd61
fc60fc81fc89fcb9
fc89fc78fc78fc68
fca9fc48fc48fc70
feb3fe32fe3afd31
fe6afed3febbfecb
fdaafddafe3afe62
fd8afdf2fe0afdc2
0054ffc4fe9bfd9a
011d012500fd00a5
00ad00ed0115011d
ff73ff73ffcc0044
fdf2fe72fed3ff2b
fc10fc10fc18fc20
fc89fc60fc30fc18
fcd9fce1fcd9fcb9
fc18fc28fc91fcc9
fc48fc48fc30fc28
fc18fc18fc10fc28
fd21fc91fc20fc18
fcc9fd29fd51fd49
fca9fcc1fd01fcf9
fd82fd31fcd1fc99
fefbfe8bfe0afdc2
ff4bff33fefbfed3
ff0bfefbff0bff3b
fecbfeb3fee3fef3
fec3fecbfeebfef3
fe52fe7afe93feb3
fe2afe22fe42fe4a
fdf2fdf2fdfafe12
fdcafdcafdcafdea
fd41fd69fd82fdaa
fc60fca1fcd1fcf1
fca9fc58fc60fc81
fd8afcf9fc60fca1
fe62fdf2fd71fce9
fe7afeabfed3feb3
fe4afe3afe8bfee3
fd39fdf2fe83fe52
00adffdcfe4afd51
011d012d012d00ed
00ad00c500ed00fd
ffe4ffbcfff4005c
fe52fee3ff1bff7b
fc10fc18fc18fc18
fc60fc40fc28fc18
fcc9fcd9fcb1fc89
fc20fc38fc50fc78
fc48fc50fc48fc40
fc28fc28fc28fc38
fca1fc58fc28fc28
fcc1fcc1fcb9fca9
fc60fc99fcf1fd01
fe62fdc2fd21fca9
ff1bff1bfeebfedb
ff33ff3bff2bff23
ff23ff13ff3bff43
fee3fed3fef3ff13
feebfef3ff4bff5b
fe62fe6afe8bfebb
fe32fe42fe3afe42
fe0afdfafe0afe22
fdd2fdd2fddafdf2
fd79fd92fdaafdca
fca1fcd1fd09fd41
fc70fc50fc60fc89
fecbfe0afc70fc78
fdcafd8afd01fd21
fe6afe93fe42fe12
fe8bfe7afeabfebb
fd92fdfafe72fe8b
015dffecfe22fd71
017d019e01be01e6
009500bd00e50115
fffc000c002c0054
fe6aff03ff3bffac
fc18fc20fc20fc10
fc68fc48fc28fc18
fcc1fce9fcc1fc89
fc40fc60fc38fc58
fc50fc40fc78fc50
fc28fc30fc38fc48
fc99fc38fc20fc28
fcf1fd01fcf9fcc9
fd09fcc1fcd9fd01
ff0bfe83fe1afd69
ff13ff23ff13ff53
ff2bff2bff3bff2b
ff4bff1bff33ff1b
ff33feebff13ff33
ff03fef3fefbff23
fdfafe22fe42fe9b
fe42fe42fe22fdfa
fe1afe02fe1afe32
fde2fde2fdf2fe1a
fd71fdb2fdcafdda
fcc9fcf1fd29fd51
fc48fc60fc78fca9
fe72fd21fc70fc50
fd61fd49fcc9fd61
fda2fdd2fdb2fd79
fe93fe5afe32fdca
fddafde2fe6afec3
020effbcfe1afdca
01be02260327032f
00b500ed015d01fe
ffdc001400540085
fe8bfedbff23ffa4
fc20fc20fc20fc10
fc78fc58fc20fc20
fcc1fcc1fc99fc89
fc70fc89fc68fc89
fc48fc48fc91fc68
fc28fc30fc60fc60
fc81fc28fc18fc20
fd01fcf1fcb1fc91
fd9afcf1fcb9fcf1
fedbfecbfea3fe2a
ff2bff2bff2bff1b
ff43ff43ff5bff3b
ff33ff2bff2bff5b
feebfeebfeebff1b
fedbfefbfed3fedb
fddafe12fe5afe9b
fe62fe72fe0afdda
fe02fe0afe0afe2a
fdfafdfafdfafe02
fd79fdb2fde2fde2
fcc9fcf9fd19fd41
fc50fc81fcb1fcc9
fd41fca1fc60fc48
fd09fd8afcd1fd69
fd19fd49fd59fd19
fe2afddafdeafd8a
fe02fdd2fe52feab
0196ff23fe5afe12
024e02c702af025e
011d015d01fe0216
ffbc0024005c00b5
fe9bfecbff23ff6b
fc40fc50fc38fc28
fc78fc48fc20fc20
fca9fc99fc89fc89
fc58fc68fc99fca9
fc28fc50fc89fc60
fc28fc20fc20fc20
fc30fc20fc28fc20
fcc9fc89fc48fc38
fe5afd61fcc9fcb9
fee3fed3febbfeab
ff43ff2bff3bff63
ff7bff43ff84ff5b
ff03ff23ff3bff73
fecbfed3feebff33
fedbfedbfecbfecb
fe52fe72feb3ff03
fe62fe6afe5afe4a
fe12fe0afe12fe32
fdf2fdeafdf2fe02
fd8afdbafde2fde2
fce1fcf1fd21fd51
fc68fca1fcc9fcd1
fce9fc91fc58fc48
fd11fd71fca9fcf1
fcf1fcd9fd82fd49
fe02fd9afd79fd51
fe12fe12fe2afe3a
00a5feabfe42fe42
0276025601ee01c6
012501ae020e0216
ff940004005400ad
fe52fe9bff13ff53
fc78fc89fc68fc30
fc68fc38fc28fc50
fc81fc78fc70fc81
fc68fc70fc99fc91
fc48fc81fc91fc78
fc28fc18fc10fc18
fc20fc18fc28fc28
fcd1fc99fc68fc38
fecbfe72fd29fca1
ff33ff03fed3fedb
ff23ff1bff23ff2b
ff6bff43ff53ff3b
ff13ff1bff33ff4b
febbfec3fee3fefb
febbfeabfeabfeb3
fe8bfe93fecbfedb
fe62fe7afe7afe72
fe0afe22fe2afe32
fe02fdfafe02fe0a
fd82fdb2fddafdfa
fcf9fcf1fd19fd49
fc89fcc1fcc1fce1
fcf1fc81fc50fc58
fd29fdc2fcf1fce1
fce1fce1fd51fd9a
fdaafd9afd31fd29
fe22fe02fe12fdd2
ffd4fe62fe22fe2a
01f601e6021e01c6
00ed015501ae01ee
ff84ffd400240074
fe6afea3ff0bff53
fc68fc78fc50fc28
fc58fc38fc30fc40
fc60fc58fc60fc68
fc70fc81fc78fc70
fc48fc81fc78fc78
fc20fc18fc18fc20
fc20fc20fc30fc28
fca9fc89fc70fc40
ff03fe9bfd61fca1
ff13ff03fef3ff33
ff33ff2bff23ff1b
ff73ff5bff4bff43
ff33ff43ff73ffd4
febbfecbfedbff0b
feabfe9bfea3feb3
fe7afe8bfeb3feb3
fe5afe83fe62fe52
fe0afe12fe2afe32
fe0afe1afe12fe12
fd82fdaafdd2fe02
fcf1fcf9fd29fd51
fca9fcc9fce9fce1
fc81fc58fc60fc81
fd29fdcafd39fcb1
fd09fd49fd41fd9a
fd49fd29fcf1fce9
fe2afe3afe12fd82
fefbfe4afe1afe22
01ae01de01e600e5
00ad00fd0155018e
ff8cffc4002c006c
fec3fefbff43ff6b
fc28fc38fc28fc20
fc60fc50fc48fc20
fc58fc60fc78fc78
fc70fc58fc50fc58
fc38fc70fc68fc60
fc30fc30fc28fc18
fc40fc30fc28fc30
fce1fc89fc89fc60
ff73fec3fddafd41
fefbff03fef3ff43
ff6bff73ff3bff13
ffc4ffccff8cff63
ff84ffd4ff84ffd4
fedbfee3feebff2b
fe9bfe9bfe93fed3
fe83fe9bfeabfea3
fe5afe6afe6afe6a
fe02fe0afe22fe32
fe1afe2afe22fe0a
fd82fd9afdcafdfa
fcd9fce1fd21fd79
fca1fcd1fce1fcd1
fc40fc58fc78fc91
fd19fe0afcf9fc78
fcf9fd39fcf1fd11
fd09fcc9fcb9fcb1
fe1afe0afdeafd61
fefbfe83fe1afe1a
018e01c6017d001c
00a500ed012d0165
ffdcffec004c0085
fedbff3bff94ffbc
fc50fc40fc20fc20
fc60fc50fc60fc58
fc78fc78fc81fc78
fc78fc78fc60fc68
fc38fc50fc50fc58
fc48fc81fc81fc38
fc60fc50fc38fc40
fd51fce1fcc9fc99
ff4bfedbfe4afdc2
ff03fefbfeebff23
ff7bff6bff33ff13
ffacffacff84ff7b
ffa40074001cffd4
fee3feebff13ff63
fe93fe9bfeabfedb
fe93feabfebbfeab
fe4afe62fe8bfe8b
fe12fe2afe42fe3a
fe0afe3afe62fe3a
fd79fd9afdc2fdfa
fcd1fcd1fd09fd51
fc99fcb1fcc1fcb1
fc58fc70fc91fc99
fd21fe8bfd29fc68
fcd9fcf1fcc9fcc1
fcf9fcd1fcb9fca9
fdcafdbafd69fd41
ff43fed3fe1afdc2
0145015d0125ffec
00bd00ed0115013d
003c005c008500b5
feabff2bffa4fffc
fc50fc48fc48fc48
fc68fc50fc50fc58
fc91fc91fc89fc78
fca9fcb9fc81fc81
fc30fc38fc48fc70
fc70fcb1fcc9fc81
fc58fc58fc48fc48
fd49fce1fcc9fc99
ff03fed3fe8bfdda
ff03ff03fef3fedb
ff84ff7bff3bff0b
002cffdcffb4ff63
ffe40044005c005c
ff0bff33ff9c0004
fea3fecbfee3fee3
feb3febbfebbfeab
fe42fe8bfebbfeab
fe2afe32fe2afe2a
fe12fe3afe52fe3a
fd71fda2fdc2fdf2
fcc9fcd1fcf9fd19
fc99fca1fcb1fcb1
fc68fc81fc91fc91
fd21fe5afd21fc58
fcc9fcf9fce9fcd1
fd01fcf1fcd1fcd9
fd31fd21fd01fd01
ff4bfecbfe52fdba
0105011d010d0034
00c500dd00dd00ed
005400b500c500bd
fe8bfeebff6bfffc
fc48fc40fc50fc58
fc99fc81fc68fc50
fca9fcb9fcb1fca1
fcf9fd01fcd1fca9
fc78fca1fcc1fcc9
fc78fc91fcd1fcb9
fc70fc50fc40fc58
fce9fcc1fcc1fc81
fec3fea3fe62fd8a
fefbff0bfefbfed3
ffdcffecff2bfefb
002c00540004002c
0125012d00f5007c
ff73ffacffb4007c
fedbfedbff23ff43
feabfeabfeb3fec3
fe3afe8bfec3febb
fe3afe2afe0afe12
fe1afe3afe4afe4a
fd61fd9afdc2fdea
fcc9fcc1fce1fd19
fc81fc99fca9fcb1
fc78fc81fc89fc78
fcd9fd29fca9fc60
fce9fce1fcd1fcb9
fd09fd09fd39fd01
fd01fcd1fce1fd09
ff7bfe93fdf2fd8a
00e500f500ed008d
00ed00e500c500c5
fffc009500e500cd
fde2fe32feb3ff53
fc48fc40fc40fc30
fd51fd59fd31fca1
fd29fd39fd39fd39
fd09fcd1fce1fd11
fd69fd8afd79fd41
fc99fc99fc91fcf9
fc89fc81fc40fc70
fcc9fc91fc78fc81
fec3fe7afe2afd8a
fefbff0bff0bfee3
fffc000cff33ff03
00ad00a50044000c
018e01b60125011d
ffccffd4001c0064
feabfec3ff03ff63
feb3feabfe8bfea3
fe3afe8bfed3fedb
fe42fe2afdf2fdfa
fe0afe3afe5afe5a
fd51fd8afd9afdd2
fcb1fcb9fce1fd21
fc70fc91fcb9fca9
fc81fc81fc78fc68
fc81fc68fc58fc70
fcd1fcb1fcb1fc89
fd09fcf9fcf1fcc9
fd01fcc9fcf1fd39
ffc4febbfddafd59
00ad00dd00c5008d
0135011d00bd00a5
febbffa4004c00ed
fcf9fd01fd31fdba
fcc9fc60fc50fc38
fdbafdb2fdaafd69
fd51fd92fda2fdaa
fd29fcc9fcb9fcd9
fdc2fdc2fdbafda2
fc99fca9fce1fd9a
fc91fc91fc50fc89
fd09fcb1fc68fc70
fecbfe93fe22fdaa
ff03ff03ff03feeb
0085ffdcff63ff13
010500e500bd0044
016d01be01a6017d
ffbcfff400bd00fd
feb3feb3ff1bff5b
feb3fe8bfe9bfea3
fe22fea3fef3fedb
fe32fe32fdf2fdda
fde2fe1afe52fe4a
fd41fd82fda2fdba
fcc1fcb1fcf1fd21
fc78fca1fcb9fcb1
fc78fc78fc78fc70
fc48fc40fc58fc70
fcb1fcb1fca9fc78
fd09fcd9fcb9fcd1
fd49fd09fcf1fd41
ff6bfeabfe42fdc2
00ad00d500bd0064
00e5010500ad00a5
fd8afe72ff23000c
fca9fc99fc99fcd1
fd8afce1fc70fc58
fdcafdcafdd2fdca
fcf1fd79fdb2fdc2
fcc9fcb1fcb9fca9
fdbafdd2fdc2fd79
fcc9fd01fd71fdaa
fc68fc58fc58fc91
fd19fcc1fc81fc89
fed3feb3fe32fd82
ff33ff13fefbfeeb
0074ffe4ff53ff33
013500cd01350074
019e01ae01ae0186
fffc004400e5013d
fecbfed3ff23ff4b
feabfe83fe9bfeb3
fe2afebbfee3fec3
fe42fe3afdfafde2
fdc2fe02fe4afe52
fd41fd71fd8afd9a
fcb1fcb9fcf1fd19
fc78fc99fca9fc99
fc78fc78fc70fc70
fc48fc48fc60fc70
fcd1fcd1fc99fc60
fd82fe6afe72fd61
fd79fd21fd01fd19
ff3bfe32fdeafdba
00bd00d5010500b5
ffe4007c009d00a5
fd61fe72ff1bff5b
fc78fc89fc91fca9
fdc2fd79fce9fc89
fdd2fddafddafdd2
fcb1fcf9fd82fdc2
fca9fcb1fca1fca9
fdbafdd2fdc2fd49
fcf1fd39fd71fd8a
fcc1fc81fc89fcd1
fd01fcb9fcd1fce1
fed3fea3fe2afd8a
ff3bff1bfefbfee3
0044ffbcff5bff5b
00ad008d0095004c
010501ee022601a6
ffcc005c00c50145
fed3fed3ff1bff4b
fe9bfe93fe9bfebb
fe52feabfecbfeb3
fe4afe22fdfafdfa
fdbafdfafe42fe52
fd41fd61fd82fd9a
fcb9fcd9fcf9fd21
fc78fc91fca1fca9
fc78fc70fc68fc60
fc50fc48fc58fc70
fce9fcb9fc91fc58
ffa4ff84ff23fea3
fddafdbafe2afecb
fefbfde2fd9afdca
00d500d500b50064
ffe4005c00bd00b5
fd01fdc2fed3ffa4
fc50fc58fc78fc99
fdc2fdaafd61fcd1
fdc2fdcafdd2fdd2
fca9fca9fce9fd82
fd11fcf1fc99fc99
fdbafdcafdcafd79
fd01fd51fd59fd8a
fce9fcb9fcc1fce9
fd49fd19fd79fd31
fed3fea3fe42fd9a
ff4bff33ff03fef3
0085ffacff73ff4b
00ad00fd00a500a5
010501d6019e00fd
ffac001c006400e5
fecbfecbfef3ff63
fe8bfe83febbfeeb
fe83feb3feb3feab
fe3afe1afde2fdea
fda2fdcafe0afe2a
fd51fd71fd8afd92
fcc1fcd1fcf1fd21
fc68fc89fca1fcb1
fc70fc70fc70fc60
fc58fc58fc60fc70
fd11fcb9fca9fc60
fed3fecbfdc2fe3a
ffecff6bff5bfef3
fff4ffdcffac0024
fffcff5bff94fff4
ff6bffec0074009d
fce1fd49fdcafe7a
fc68fc48fc50fc91
fdaafd9afd71fd09
fd79fdb2fdc2fdba
fcc9fcb1fca9fcf1
fd39fd39fd11fd01
fdbafdbafdb2fd79
fd21fd51fd49fd92
fce1fca9fcc1fcd9
fdd2fd92fd59fd31
fed3fecbfe9bfde2
ff63ff53ff13ff13
0074ffc4ff84ff5b
00e5012d011500dd
006c00ed012d00ed
ff53ffdc0004005c
fef3ff03fee3ff0b
fe62fe72feb3ff4b
fe7afea3fe9bfe93
fe3afe1afdd2fdea
fd92fda2fddafe22
fd51fd71fd82fd92
fcc1fce1fcf9fd29
fc78fc81fc89fca1
fc78fc70fc68fc70
fc58fc58fc70fc78
fd49fce1fcc1fc89
005c006cfe8bfdda
ffe4ffccffbc0014
01350085ffbcffcc
ff1b003c01150175
fdfafe1afe12fe3a
fcf1fd39fd71fdca
fcc9fc58fc60fca9
fd8afd82fd69fd11
fce1fd41fd82fd92
fcf1fcb9fca9fca1
fd49fd59fd21fd31
fda2fd9afd69fd11
fd39fd29fd19fd82
fcf1fce9fce1fcd9
fda2fd39fcd9fcd9
fee3fedbfe8bfdfa
ff73ff33ff03fef3
009dffe4ffa4ff63
00f501a6013500e5
00f50125016d00e5
ffb4ff94ffd40095
ff33ff03fefbfef3
fe3afe7afeb3ff5b
fe83fea3fe9bfe5a
fe32fe22fddafe02
fda2fda2fdc2fe02
fd49fd69fd8afd9a
fcc9fcf1fd01fd29
fc89fc91fc99fca1
fc70fc68fc68fc78
fc58fc68fc70fc78
fd31fcc9fca1fc70
ff530014fea3fdf2
007c0004ff0bfe7a
00ddffbcff5b001c
0115014d01650165
febbfe32fee30044
fcd9fd11fd71fedb
fd11fca9fc78fc99
fd69fd69fd51fd09
fca9fcb9fcf1fd49
fd11fcd9fca9fca1
fd51fd29fcf9fd11
fd79fd71fd59fce9
fd41fcf9fce9fd61
fcb1fcc1fcb9fd21
fd59fcd9fc81fc78
fed3fec3fe62fe1a
ff43ff0bfef3fedb
fffcffbcff6bff43
014d010500c500b5
0105026601fe014d
ff9cffd4fffc0064
ff53ff0bfed3fedb
fe4afe8bfed3ff2b
fe9bfeb3fe93fe52
fe22fe2afdf2fe4a
fdb2fdbafdc2fdea
fd49fd71fd8afda2
fcc9fce9fd09fd21
fc78fca9fcb9fcb9
fc81fc70fc68fc70
fc60fc70fc81fc78
fce9fcb1fc78fc58
fda2ff5bff3bfe1a
0125004cff6bfe2a
0074ffa4fff400e5
0135013501350135
ff63006c00ed0135
fd19fd41fd61fe7a
fd69fcd9fc89fca1
fd29fd49fd39fcf1
fca1fca9fca9fcc9
fd39fd11fca9fca1
fd39fcf1fd01fd39
fd59fd61fd31fcd9
fcf9fcd9fcd9fd41
fc91fc99fcb1fcf9
fd8afd01fc81fc78
fedbfea3fe4afe12
ff4bff1bff0bfeeb
ffccff7bff5bff63
0135010500a5ffec
00ed027e018e0175
ff2bff84fff4000c
ff53fefbfee3ff03
fe62fea3feebff2b
fecbfec3fe93fe5a
fe42fe4afe2afe7a
fdd2fdd2fddafe02
fd29fd61fd8afdb2
fcd9fcf1fd09fd19
fc70fc99fcd1fcd9
fc89fc81fc70fc68
fc78fc70fc91fc91
fcc9fca1fc60fc68
fdf2ff7bff9cfdea
010d0074ff5bff94
006c003c0085010d
010d010d010d0105
0105011d00ed00ed
fcd1fd49fef30074
ff23fd39fc99fc91
fcb9fce9fd01fcd9
fc91fca1fc99fc99
fd11fd09fcc1fc89
fd01fce1fd19fd29
fd59fd51fd19fce1
fc91fc99fcc9fd39
fc60fc60fc91fcb9
fd8afd49fcb9fc81
fef3feabfe3afdd2
ff8cff33ff03feeb
fffcff5bff5bff4b
014500cd00240034
0155023601ae0216
ff6bffdc003400dd
ff0bfed3fee3ff13
fe72feabfed3fefb
fedbfefbfe9bfe62
fe42fe5afe62fea3
fdeafdeafe02fe2a
fd39fd71fda2fdca
fcd9fcf9fd19fd29
fc70fc89fcc9fce9
fc89fc70fc60fc68
fc91fc99fca1fca1
fcf1fcd1fc78fc78
ff33fffcff53fdd2
00bd009dffc4ffac
00b500bd00cd010d
00cd00d500dd00d5
00d500cd00a5009d
fdcafeeb005c00ed
feb3fd69fd01fd29
fc99fc99fc99fce1
fc78fc91fc91fc91
fce9fce9fcc1fc81
fcf9fd01fd19fd01
fd59fd49fd29fd01
fc99fc70fcc1fd41
fcb9fc91fc70fc91
fdb2fda2fd39fcf1
fee3febbfe4afdba
ff3bff0bfeebfee3
ffdcff43ff33ff1b
00cd0085001c0095
023e0226027e0276
ffc4009500f5020e
fedbfecbff0bff84
fe7afe9bfec3fee3
ff0bfeebfe93fe62
fe2afe42fe8bfed3
fdeafde2fe2afe4a
fd61fd82fdbafde2
fcf1fcf9fd19fd41
fc68fc81fcc1fcf9
fca1fc78fc58fc60
fc81fca1fca9fcb9
fd21fda2fd39fc78
002c0024fedbfdb2
00ed00f500cd00bd
00c500bd00cd00fd
008500ad00cd00cd
003c005c0064006c
fe9bff5bffec0054
fd39fcf1fd09fd82
fc78fc81fc89fcb9
fc78fc78fc70fc70
fcf1fce1fcc9fc99
fd09fd11fd11fd11
fd51fd41fd31fd21
fc89fc60fcd1fd49
fd59fce1fc81fca1
fdc2fde2fd8afd61
fed3febbfe5afdda
ff0bfedbfedbfee3
fff4ff7bff33ff23
00ad005c0004002c
026602c7022e01a6
00bd0135021e024e
fed3ff03ff9c004c
fe83feabfebbfee3
ff2bfee3fea3fe72
fe1afe4afebbff0b
fdeafdf2fe2afe3a
fd59fd82fdb2fdda
fd09fd01fd11fd39
fc81fc99fcd1fcf9
fca1fc70fc60fc70
fc89fca9fcb1fcc1
fdaafe3afd79fc78
00c50004fea3fdc2
00d500a500a500e5
00c500b500d50105
007c009500bd00cd
000400140054005c
fdfafeebff84ffe4
fcc9fcd1fcf1fd41
fc58fc60fc68fc81
fc91fc60fc50fc48
fd21fcf1fce1fcc1
fcf1fcf9fd01fd21
fd49fd39fd31fd11
fc70fc60fcf1fd51
fd01fcb9fc81fca1
fdcafdd2fd69fd01
fecbfebbfe7afe12
ff1bfee3fed3fecb
0014ffd4ff3bff43
00fd005c00240024
021602ef0276017d
014d013d023601a6
fedbff4bffd4008d
fe8bfea3fed3fef3
ff43fedbfe9bfe7a
fe3afe83feebff53
fdf2fe0afe22fe22
fd59fd8afdaafdd2
fd11fd09fd19fd31
fc81fca1fcd9fcf9
fca1fc68fc60fc78
fca1fca9fcb9fcd9
fea3fd19fc99fc81
00b50034fe93fe22
00d5008d003c009d
00ad00a500cd00f5
0085008500b500b5
ffd40004003c006c
fd79fe3aff03ff94
fcf1fcc9fce1fd11
fc40fc40fc48fc58
fcb9fc68fc58fc48
fd31fd11fcf1fce9
fce1fcd9fcf1fd21
fd41fd31fd21fcf9
fc70fc78fd19fd49
fc78fc99fca9fca1
fdc2fdb2fd8afcc1
febbfeb3fe8bfe5a
ff13fef3fed3febb
ff7bff84ff7bff8c
00d5003cff8cffc4
017d01c600d500fd
00e5010d015d00ed
fedbff3bff940044
fe7afebbff03fed3
ff4bfef3feb3fe72
fe3afe8bfeebff53
fdfafe12fe02fe02
fd69fdb2fdcafdea
fd21fd41fd31fd31
fc78fca9fcd9fce9
fca9fc68fc70fc81
fc99fc99fcc1fce1
ffdcfcd1fc78fca1
00cdffccfe72005c
ffd40014000c007c
00a500ad00cd00b5
008d009d00ad00ad
ff8cffd40024006c
fd29fdbafe72ff23
fd8afce1fd01fd01
fc58fc40fc40fc48
fcc1fc68fc68fc70
fd11fd09fcf1fce9
fcd1fcc1fcd9fd01
fd39fd21fd11fcf1
fc68fcb1fd31fd41
fc58fc70fcb1fca1
fdfafd9afd8afce1
fecbfeb3feabfeab
ff03fefbfedbfecb
ff13ff63ff73ff23
005c001cffb4ff53
0044009d00ad00bd
00bd00ed011d0074
fedbff53ff3bffe4
fe72fed3ff53feeb
ff4bff0bfec3fe6a
fe12fe6afebbff03
fe0afdfafdfafdf2
fd79fdb2fde2fe02
fd31fd69fd51fd39
fc89fcc1fce1fcf1
fcb1fc68fc70fc70
fc91fc89fcb9fcc9
0014fd01fc81fc89
00adff3bff5301ae
fe2afedb006c00fd
009d00ad00ad004c
008d009d00a500ad
ff4bff940004005c
fd31fd71fe5afecb
fdcafd11fd21fd41
fc68fc50fc40fc50
fcb1fc60fc68fc78
fd19fd19fd01fce9
fcd1fcc9fce1fd09
fd31fd21fd19fcf9
fc60fce1fd39fd41
fc58fc60fc78fc68
fe52fdbafd71fce1
febbfeabfeabfebb
ff13ff2bfeebfecb
ff4bff33ff4bff23
007c00bdffd4ff7b
00340004007c0064
009500cd009d0044
fea3feebfef3ff8c
fe72fed3ff2bfec3
ff1bfefbfec3fe6a
fdf2fe5afeb3febb
fe12fe12fdfafde2
fd79fdaafdd2fe02
fd21fd59fd49fd41
fcb1fcc1fcd1fcf1
fca9fc81fc68fc78
fc81fc99fcb1fcc1
00bdfdf2fc89fc81
0095ff7b00ad022e
fea30014011d010d
00ad009d00950044
006400850095009d
ff23ff5bffd40024
fd19fd49fe42fec3
fd59fd29fd09fcf9
fc68fc50fc48fc58
fca9fc50fc68fc70
fd11fd21fd21fcf1
fce1fce1fce9fd11
fd31fd31fd21fd01
fca1fd01fd31fd39
fc89fcb9fc99fc78
fe9bfe02fd29fcc9
feabfea3feb3febb
feebfef3fecbfeab
ff7bff5bff03ff03
ff6bffb4ffacff6b
ff94feebff5bff73
fef3ff2bff1bffdc
fe72feabfea3feab
fe9bfee3ff03fe83
fe6afebbfedbfe93
fdf2fe5afe9bfe62
fdf2fe02fdfafde2
fd51fd8afd9afdda
fce9fd09fd09fd11
fcb1fc99fca9fcb1
fca9fc81fc70fc99
fc81fc91fcc9fce1
0155fe3afc99fc89
006cffc4017d0276
00cd013501350105
009d009d008d00a5
00340064008d008d
fefbff4bff9cffec
fcf9fd61fe42feb3
fc99fc78fc91fcc9
fc58fc40fc40fc58
fca1fc48fc60fc60
fd09fd09fd11fcf9
fce1fcd9fce1fd09
fd21fd29fd21fd01
fcc9fd21fd39fd29
fcb9fcf9fcb9fc81
febbfe32fd29fcb9
fe9bfea3feabfec3
febbfed3fecbfe9b
ff2bfef3ff13fef3
feebff3bff5bff4b
fe4afe72fea3feab
fe3afe2afe3afe6a
fe0afe42fe52fe1a
fecbfef3fef3fe42
fddafe5afebbfeb3
fdd2fe4afe8bfe22
fd71fd82fd92fdaa
fcc1fce1fd19fd51
fc91fc89fca1fca9
fc81fc78fc70fc78
fca1fc81fc78fc91
fc81fcb1fcf9fce9
ffccfd82fc91fc81
0064004c01b60165
012d014d013d00fd
009d0095009500d5
002c0054007c008d
feebff3bff84ffec
fd21fd9afe4afe9b
fcd9fce1fd19fd19
fc58fc40fc40fc60
fc99fc48fc50fc50
fcf1fcf9fd01fce1
fcd1fcc9fcd9fce1
fd09fd11fd19fd01
fcd9fd19fd21fd09
fca9fcb9fca1fc91
febbfe62fd29fca1
fe93feabfeb3fecb
fe8bfe8bfedbfeab
ff0bfebbfeb3fe9b
fe93fed3ff73ff43
fdb2fdc2fe22fe6a
fdcafdfafdbafda2
fda2fdc2fdfafdda
fecbfee3febbfe02
fd61fdf2fe6afeb3
fda2fe2afe83fe0a
fcd9fcf1fd21fd69
fc70fc89fcb1fcc1
fc70fc50fc60fc70
fc68fc60fc68fc78
fca9fc89fc70fc70
fc89fcd9fd09fce1
feebfcf1fc91fc89
008d004400e500bd
014d015d014500f5
008d009500a50105
0014004c007c007c
fed3ff33ff7bffdc
fd39fdb2fe3afe7a
fe0afd79fd39fd19
fc58fc40fc48fc60
fc68fc38fc48fc50
fcc9fcd9fcd9fcb9
fce1fcd1fcd1fcc1
fcf1fd01fd09fcf9
fcd9fd11fd01fd01
fc81fc91fcb1fca9
fe9bfe72fd31fc81
fe93fe93fec3feb3
fe8bfe62fe8bfea3
ff03fed3fea3fe93
fee3ff3bff8cff43
fdd2fdfafe1afe52
fd61fd79fd71fd71
fd71fd59fd51fd61
fe9bfea3fe83fdea
fd21fd8afe12fe72
fd51fdc2fe32fdda
fc89fca1fcc9fd19
fc50fc60fc70fc81
fc60fc50fc50fc48
fc60fc60fc70fc70
fcb1fc89fc60fc58
fc89fcf9fd19fce1
fea3fd49fca9fc89
00cdffe4ffd40024
015d016d014d0115
009d00ad00dd013d
0004004400740074
fec3ff2bff7bffdc
fd49fdc2fe3afe62
feabfe72fdc2fd31
fc60fc48fc58fc60
fc50fc38fc58fc60
fcb1fcb1fcc1fca1
fce9fce1fcc1fcc1
fcf1fcf1fd01fcf1
fcb1fce1fcf9fcf9
fc99fca1fc91fc91
fe93fe6afd09fca9
fe72feabfecbfe9b
fdbafe0afe6afe6a
fdc2fdb2fdc2fdc2
fd09fd31fd59fda2
fcc1fcd1fcd1fcd9
fca9fcb1fca9fcb1
fcd1fcb9fca1fc99
fe4afe42fdb2fd29
fce1fd39fd9afe0a
fcb1fcd9fd29fd29
fc60fc68fc68fc89
fc48fc58fc68fc70
fc58fc50fc48fc48
fc58fc58fc60fc60
fcb1fc89fc60fc58
fc89fd11fd41fcd9
ff03fdcafcb1fc89
00f5ff84ff33ff8c
017d01860175013d
00ad00d5012d0165
fffc0034005c008d
fecbff23ff7bffbc
fdbafe0afe4afe7a
ff13ff13fea3fdd2
fc58fc40fc60fc68
fc50fc40fc60fc68
fcc9fcb1fca1fc99
fcd9fce9fcf1fcd1
fcf9fcf1fcf1fd01
fcc1fce1fd01fcf9
fc99fcb1fca1fcb9
fe5afe2afcf1fc89
fddafd92fe0afe52
fc91fcc1fd01fda2
fc78fc70fc78fc70
fc81fc99fc89fc78
fc58fc60fc68fc70
fc30fc38fc40fc48
fc30fc30fc30fc28
fcf1fd09fc70fc40
fc50fc78fc91fcb1
fc40fc48fc48fc48
fc38fc30fc30fc30
fc30fc30fc30fc38
fc38fc40fc40fc38
fc40fc40fc38fc38
fc78fc68fc50fc50
fc81fcd9fce1fca1
ff43fddafca9fc81
0135ffccff13ff1b
019e01a6019e017d
00cd010d016d018e
00040054007c00a5
fefbff3bff7bffbc
fe4afe52fe6afebb
ffd4ff84ff03fe72
fc40fc38fc58fc68
fc58fc50fc60fc50
fcf1fce1fcb1fc89
fd09fce1fce9fd09
fd01fd09fce9fd09
fd69fd21fd11fd09
fc78fca9fcd1fd39
fcb9fcb9fc78fc60
fca9fc58fc78fca9
fc68fc50fc40fc99
fcc1fcc1fca1fc89
fc99fcb9fcc1fcb9
fc68fc70fc70fc89
fc50fc58fc60fc60
fc30fc30fc40fc48
fc40fc48fc38fc30
fc28fc40fc40fc38
fc28fc30fc30fc28
fc20fc20fc28fc28
fc38fc28fc20fc20
fc50fc58fc50fc48
fc38fc30fc30fc38
fc40fc38fc38fc38
fcb1fc60fc50fc48
ff0bfd71fc99fc99
019e0044ff33ff43
01be01ce01d601e6
01050145018e01ae
0024006c00a500cd
ff23ff63ffa4ffe4
fe72fe83febbfefb
ffbcff94ff0bfea3
fc30fc40fc28fc30
fc70fc58fc50fc40
fcd9fcc9fca9fc99
fd11fd09fcd9fcd1
fd01fd19fd01fcf1
fdeafd82fd11fd09
fcb9fce1fd82fdc2
fc48fc48fc38fc60
fc40fc50fc48fc60
fcc1fca1fc58fc38
fc91fca1fcb9fcd1
fc48fc78fcb1fca9
fc28fc30fc28fc38
fc38fc30fc38fc30
fc38fc40fc38fc38
fc40fc40fc30fc30
fc20fc30fc30fc38
fc40fc28fc20fc18
fc20fc28fc40fc50
fc60fc48fc30fc28
fc48fc58fc60fc68
fc28fc30fc30fc38
fc40fc38fc30fc30
fce9fc50fc40fc48
fef3fd49fc99fd19
01ce00c5ffbcff5b
01e601fe02160236
0135017d01b601de
003c007400c500f5
ff53ff94ffdc0004
fe7afeb3fef3ff2b
ff33ff0bfe9bfe6a
fc30fc68fc38fc38
fc60fc50fc50fc40
fcc9fcd9fcc1fc81
fcf1fd09fd09fce1
fd09fd19fd19fd01
fd61fd31fd01fd01
fd19fd69fdfafe02
fcb9fc78fc40fca1
fc38fc48fc48fc81
fca9fcd1fc91fc30
fc91fc81fc68fc89
fc38fc48fc68fc89
fc20fc20fc28fc30
fc28fc28fc28fc28
fc30fc28fc28fc28
fc40fc38fc30fc30
fc28fc30fc28fc30
fc58fc28fc18fc20
fc20fc38fc48fc60
fc28fc28fc28fc28
fc30fc30fc30fc30
fc30fc30fc30fc30
fc38fc30fc38fc38
fce1fc58fc48fc50
ffccfe2afd71fe02
023601b60135008d
0216023e026e027e
016d01a601d601fe
0044008d00dd011d
ff73ffa4ffdc001c
feb3fee3ff23ff53
fe5afe5afe7afe93
fc48fc99fca9fca1
fc50fc58fc50fc40
fd01fce1fcc9fc91
fd01fcf9fd09fd11
fd19fd21fd31fd19
fd59fd29fd11fd19
fd82fdfafe0afd82
fddafd01fc68fce1
fc30fc40fc60fd21
fc78fc81fc70fc30
fc40fc58fc68fc78
fc28fc28fc28fc28
fc20fc20fc28fc28
fc20fc20fc18fc20
fc28fc28fc20fc28
fc58fc30fc30fc38
fc40fc70fca9fca1
fc58fc28fc20fc28
fc20fc30fc38fc50
fc20fc20fc20fc20
fc28fc20fc20fc20
fc38fc30fc30fc28
fc38fc30fc40fc40
fcc9fc50fc48fc48
011dffdcfe83fe42
0287022e01860155
0246028f02cf02df
01ae01de01fe0216
005400a501050155
ff73ffa4ffe40014
fef3ff13ff23ff4b
fe22fe7afebbfed3
fc68fcc1fcb9fcb1
fc50fc58fc50fc38
fd09fcf9fcd9fc89
fd11fd09fcf9fd01
fcb1fcc9fcf1fcf9
fdfafd71fcd1fca1
fd92fdbafe0afe02
fdaafcf1fcd1fd41
fc30fc38fc68fd31
fc30fc40fc70fc38
fc28fc38fc50fc48
fc20fc20fc20fc28
fc20fc20fc20fc20
fc20fc20fc20fc20
fc30fc28fc28fc28
fdd2fc60fc30fc38
fcd9fdd2fe93fefb
fc30fc18fc28fc40
fc20fc20fc28fc38
fc20fc18fc20fc20
fc20fc18fc20fc20
fc38fc30fc28fc28
fc40fc38fc40fc40
fca1fc50fc50fc50
023e00c5fea3fe3a
030f02e702c702c7
028702cf03170337
01e602060226024e
005c00b5012d0196
ff53ff8cffd40004
fee3fee3fee3ff13
feabfebbfebbfecb
fc99fcc1fc78fc50
fc50fc58fc40fc38
fca9fca9fca1fc58
fc68fc78fc81fc99
fc58fc58fc68fc58
fe22fd09fcd9fc70
fdd2fdbafdfafe0a
fcb1fcd9fd19fd8a
fc30fc30fc60fca9
fc28fc38fc68fc40
fc30fc38fc38fc30
fc20fc28fc30fc30
fc28fc28fc28fc20
fc28fc28fc20fc28
fc40fc38fc30fc30
ffe4fd51fc38fc40
fd61fe32fee3fff4
fc28fc20fc30fc78
fc20fc20fc28fc30
fc20fc20fc20fc20
fc20fc20fc20fc20
fc38fc30fc20fc20
fc48fc38fc40fc38
fca9fc50fc50fc60
0054fdf2fe4afe12
03a803c803b802e7
02d70317034f0388
0206023e0276029f
007c00ed016d01c6
ff1bff63ffac000c
fedbfebbfeb3fed3
fe6afee3fefbfef3
fca9fcb1fc68fc38
fc48fc50fc38fc48
fc40fc48fc50fc30
fc40fc48fc48fc48
fc81fc68fc58fc40
fdfafcd1fce9fca9
fdaafdeafe5afe12
fd39fdd2fd59fdd2
fc28fc30fc60fc89
fc30fc38fc58fc38
fc38fc38fc30fc30
fc20fc28fc40fc40
fc28fc20fc20fc28
fc30fc30fc28fc28
fc48fc40fc38fc30
0014feb3fc89fc48
fda2fe62fefbffcc
fc30fc28fc30fca9
fc20fc20fc30fc38
fc28fc30fc28fc20
fc20fc20fc20fc28
fc38fc30fc28fc28
fc58fc40fc40fc38
fcf9fc48fc58fc70
002cfd69fe1afe52
03e803e803e80388
032f036703a803e0
022e027602cf0307
00cd014d01b601ee
fee3ff43ffb40044
fef3fed3feb3fea3
fd82fe42fed3fefb
fcb1fcb9fc78fc40
fc40fc40fc30fc60
fc40fc50fc48fc28
fc40fc40fc40fc40
fc78fc60fc50fc40
fe12fd19fcb9fca1
fddafea3fea3fe32
fe5afdfafd79fdf2
fc20fc28fc78fd79
fc40fc50fc48fc20
fc38fc30fc30fc38
fc30fc38fc40fc40
fc28fc28fc28fc30
fc30fc30fc28fc28
fc58fc40fc40fc38
ffbcff73fd92fc58
fddafe83ff1bffa4
fc30fc28fc50fce9
fc28fc28fc30fc38
fc30fc30fc30fc30
fc28fc28fc28fc28
fc38fc38fc30fc30
fc60fc40fc40fc40
fdaafc50fc60fc70
0206fe32fd59fe5a
03f803f803f803f0
03a803e003f003f8
024e02970307035f
0125018601de0216
feebff73000c0095
fefbfee3febbfeb3
fd69fdf2fe7afedb
fcb1fca9fc99fc78
fc40fc28fc30fc78
fc40fc50fc48fc38
fc48fc48fc48fc40
fc60fc50fc38fc38
fde2fcc1fcb9fc81
fe22fec3febbfe72
fe8bfdf2fd71fdd2
fc28fc38fd19fe83
fc48fc60fc48fc20
fc30fc30fc40fc48
fc30fc38fc38fc38
fc28fc28fc28fc30
fc40fc38fc28fc20
fc68fc50fc48fc48
ffbcff8cfe93fcc1
fdfafea3ff3bffe4
fc28fc28fc70fd21
fc28fc30fc28fc30
fc30fc30fc30fc30
fc38fc38fc30fc30
fc38fc38fc38fc30
fc58fc40fc40fc48
fdc2fc60fc60fc68
03900014fd21fdc2
03f803f8040003f8
03f003f803f003f0
027e02cf034f03b8
016501b601ee0236
ff33ffcc006400ed
febbfec3fea3feb3
fd59fdeafe4afe83
fca9fc81fc70fcd1
fc40fc28fc48fc89
fc40fc50fc40fc40
fc50fc50fc48fc48
fc60fc48fc38fc38
fda2fc68fca1fc89
fe62fecbff0bfebb
fe93fe1afd92fe12
fc38fcd9fe52febb
fc48fc50fc38fc38
fc38fc38fc40fc48
fc28fc38fc40fc48
fc30fc30fc28fc20
fc50fc40fc38fc30
fc99fcc9fc78fc60
0014ffc4ff63fe02
fe1afec3ff5b0024
fc20fc40fc91fd49
fc28fc28fc30fc28
fc30fc30fc30fc30
fc38fc30fc30fc30
fc40fc40fc40fc40
fc60fc48fc40fc40
fd59fc91fc60fc99
03d8014dfd71fd09
03f803f8040003f8
03f803f804000400
0337038803d803f0
019e01e6021e02cf
ff84002400ad012d
fe62fe93feb3fef3
fd71fe02fe2afe42
fcb1fc81fc70fcf1
fc38fc28fc50fc91
fc40fc40fc38fc48
fc58fc60fc58fc48
fc60fc58fc48fc48
fd51fc38fc78fc70
fd71fe32fea3fecb
fe9bfe42fda2fdaa
fd21fe6afeebfebb
fc58fc40fc38fc70
fc60fc40fc38fc40
fc40fc58fc68fc70
fc40fc48fc48fc40
fc60fc48fc40fc40
fdbafd69fcd1fc70
ffecffc4ff9cff33
fe32febbff3bffc4
fc30fc58fcb1fd61
fc30fc30fc38fc28
fc30fc30fc30fc30
fc30fc28fc28fc30
fc40fc40fc38fc30
fc68fc58fc48fc48
fd21fd11fc81fc60
03c80216fdeafce9
03f803f8040003f8
03f803f804000400
031f039803e803f8
021602a70327033f
fff4008500fd017d
ff33ff73ff6bff84
fdaafe4afe7afec3
fcb1fc89fc48fc60
fc38fc30fc68fca1
fc28fc30fc50fc58
fc68fc68fc60fc40
fc50fc48fc48fc60
fd11fc40fc60fc68
fd11fde2fe9bfedb
fea3fe6afdb2fd59
fefbff0bfef3febb
fc60fcc1fd92fe52
fc50fc48fc38fc40
fc58fc60fc60fc60
fc40fc40fc48fc50
fc58fc48fc40fc38
ff33fe42fce1fc70
ffdcffbcffb4ffa4
fe4afec3ff43ffd4
fc50fc60fcc1fd8a
fc38fc30fc28fc30
fc30fc30fc38fc38
fc30fc28fc30fc38
fc40fc40fc38fc30
fc68fc50fc50fc48
fd01fdbafd82fcd1
03d0023efe83fd51
03f803f803f803f8
03e003f803f803f8
013d01ae02a7035f
02af031f02cf01b6
008d013501ee0266
003c0034001c002c
fe2aff0bffac001c
fca9fc81fc28fc10
fc40fc38fc70fca1
fc30fc48fc68fc68
fc68fc58fc50fc40
fc40fc48fc58fc70
fd01fc68fc68fc48
fd59fdc2fe83fe93
fea3fe8bfddafd79
ff33ff03fef3febb
fd19fe8bff4bff63
fc58fc50fc50fc91
fc48fc48fc48fc50
fc48fc40fc40fc40
fd19fc78fc50fc50
ff9cff8cfeb3fdea
fff4ffecffccffb4
fe5afedbff7b0004
fc60fc78fcf1fdba
fc38fc30fc30fc50
fc48fc40fc40fc30
fc48fc48fc50fc50
fc60fc50fc48fc50
fcc1fc89fc78fc68
fd11fde2fdfafd39
03e8032f0125fdda
03f803f803f003f8
02af03c803f803f8
010d013d016d01c6
01f6015d010500ed
020e02af02970276
008d00a500dd0145
ff73fffc0054006c
fca9fc81fc20fc08
fc48fc38fc60fca1
fc50fc58fc68fc60
fc58fc48fc40fc30
fc40fc50fc58fc60
fcf9fc68fc40fc30
fd41fd71fe5afe9b
fe93fe8bfe22fe2a
ff43ff23fefbfebb
fea3ff9cff94ff73
fd01fcf9fcd1fd39
fcc1fcc9fcf1fd11
fd19fcd1fcc1fcb9
ff23fe32fdaafd8a
ffacffacffa4ffb4
ffd4ffc4ffdcffbc
fe8bff1bff9cffe4
fc60fcb1fd51fe02
fc30fc38fc48fc58
fc50fc48fc40fc30
fc89fc89fc78fc68
fc70fc70fc78fc89
fcd1fc99fc91fc81
fd39fddafdf2fd49
03f003d000c5fdba
040003f803f003f8
01ce02e703e803f8
00f500f501250175
019e01be0186011d
02a7027e023601de
00e5017d023602af
0085007c008d009d
fca9fc81fc30fc20
fc50fc38fc60fc99
fc50fc38fc50fc60
fc58fc48fc38fc40
fc38fc48fc50fc50
fcf9fc50fc38fc28
fdc2fd49fe3afebb
fe9bfe93fe42ff43
ff3bff23fefbfec3
ffccffe4ff94ff63
0054002cff4bff6b
ff1bff6bffdc003c
ff73ff3bff23ff03
ffdcffb4ffacffa4
ffb4ffb4ffd4fffc
ffecffd4ff9cffac
febbff2bff6bffbc
fc78fcf9fdaafe52
fc40fc58fc60fc60
fc89fcd1fcb9fc48
fc81fc78fc60fc60
fc70fc78fc89fc81
fcd9fcc1fca1fc81
fd41fdeafde2fd49
03f003d80165fdea
040003f803f003f8
017d0206039803f8
00fd010501350155
036703b802ff0175
01be01e6026e02f7
01fe026e023e01e6
010500d500dd014d
fc99fc70fc28fc48
fc68fc40fc68fc91
fc60fc38fc50fc60
fc60fc58fc40fc58
fc38fc50fc58fc60
fd09fc50fc38fc20
fe62fd71fe1afed3
fe8bfea3fe72ff94
ff1bff03feebfec3
ffe4ffccff84ff3b
01ee0165005c0014
001c008d014d0125
009d005c0014ffe4
fff40004003c0024
ffacffe4001c0014
ffccffe4ffbcffa4
fee3ff23ff6bff9c
fcc1fd71fe02fe8b
fc60fc81fc78fc78
fdeafe12fd39fc50
fc68fc99fce1fd61
fc70fc68fc68fc60
fd01fcd9fcb1fc91
fd39fdf2fddafd59
03f803880004fd92
03f803f803f003f8
01e6028f038803f8
02c7025e01f601b6
040003f803e00377
01fe031703c803f8
01de014d013d016d
0145014d01de021e
fc99fc60fc20fc48
fc40fc58fc81fc91
fc78fc60fc58fc48
fc58fc50fc38fc60
fc40fc60fc68fc60
fd11fc50fc30fc20
fe9bfdd2fe72fef3
fe8bfe93fe83ffa4
ff13fefbfef3fed3
ffdcffccff8cff43
020e010d0064ffec
00240074019e01de
ff9c0034ffcc000c
ff63ff0bfef3ff0b
ffa4ffecffdcffbc
ffbcffd4ffc4ff9c
fed3ff23ff7bff94
fd01fdaafe3afe83
fc68fc78fc78fc91
fe22fdeafcd1fc50
fd59fdb2fddafe12
fc78fc70fc99fce9
fd29fce1fca9fc91
fd29fddafddafd69
03e802a7fdfafd49
03f803f803f803f8
03b803e003f803f8
03f003e803c803b0
03f803f803f803f8
036703e003f803f0
019e01ee02a702c7
02060246021601be
fc99fc68fc20fc50
fc30fc70fc99fc99
fc70fc60fc48fc38
fc50fc38fc40fc68
fc38fc60fc68fc60
fd29fc58fc30fc20
fedbfe9bff4bff23
fe93fe8bfe83ff6b
ff33fefbfeebfec3
ffd4ffc4ff94ff6b
011500b5002cffd4
ffbc005c01050125
fe62fec3feebff4b
ff4bfebbfe0afde2
ff94ffc4ffacff9c
ffdcffe4ffccffa4
fee3ff53ff9c000c
fd19fdd2fe42fe83
fc68fc60fc78fc99
fe0afd61fc68fc48
fdd2fde2fdfafe32
fca1fce1fd69fda2
fd39fcf1fca9fca1
fd09fde2fddafd69
03e80165fd49fd01
03f803f003e803f0
03f803f803f803f8
03f803f803f803f8
03f803f803f803f8
03e803f003f803f8
037703b803d003d8
02ef02cf02c702ff
fca1fc68fc28fc48
fc30fc78fc91fc89
fc38fc38fc30fc30
fc48fc40fc40fc58
fc50fc58fc50fc50
fc91fc48fc28fc30
ff63ffa4ff4bfdd2
fe93fe8bfe83ff23
ff3bff03fee3feab
ffc4ffbcff9cff6b
00640014ffecffbc
feebff6b003c006c
fd71fe02fe4afe9b
ff7bfed3fdaafd21
ff9cff9cffa4ffa4
00ad0014ffdcffac
fef3ff3bffac009d
fd09fdbafe2afe83
fc60fc68fc81fca1
fdaafca9fc48fc48
fdcafdc2fdfafe2a
fce1fd29fd71fdaa
fd49fd09fcb9fcb1
fcf1fde2fdd2fd82
03d0002cfce1fcd9
03e003d003d003e0
03f803f803f803f0
03f803f803f803f8
03f803f803f803f8
03f003f803f803f8
03e803c803d003e8
03d003d803f003f8
fc99fc68fc38fc40
fc30fc78fc91fc89
fc20fc18fc30fc40
fc48fc48fc48fc38
fc58fc50fc40fc40
fc60fc48fc28fc30
ff9cffbcfe62fcb9
fe8bfe72fe62fefb
ff3bff0bfed3fe9b
ffacff94ff7bff5b
0014000cffc4ffb4
fe7aff13001c001c
fcf1fd29fdaafe22
ff8cfefbfdeafd49
ff9cffc4ffacff94
017d0034ffdcffa4
fecbff1bffa400b5
fcd9fd71fe1afe93
fc78fc78fc91fca1
fcf1fc50fc48fc60
fdbafdd2fe0afdea
fce9fd31fd61fdaa
fd69fd21fcd1fcb9
fce9fde2fddafd92
03d00044fce9fcd9
03c003b003c003d0
03f803f803f803d8
03f803f803f803f8
03f803f803f803f8
03f803f003f803f8
03e003e003f803f8
03f003f803f803f8
fc91fc70fc58fc50
fc30fc70fc81fc81
fc20fc18fc28fc30
fc48fc48fc38fc28
fc50fc50fc48fc48
fc60fc40fc30fc30
ffa4ff63fdb2fc91
fe7afe62fe52fef3
ff33ff03febbfe83
ff94ff7bff6bff4b
ff94ffb4ffacffac
fe2afeabff33ff8c
fd59fcf1fd39fdb2
ff84ff03fe7afe02
ff6bff8cffb4ff94
00a5000cffbcff94
febbff1bff5b0034
fcd1fd39fdeafe93
fc81fc89fca9fca9
fc58fc40fc48fc68
fdaafdd2fde2fd19
fcd1fd09fd41fd92
fd92fd49fce9fcb9
fcf9fdcafde2fdaa
0357feebfd71fde2
03b803b003b003c8
03f803f803f003c8
03f803f803f803f8
03f803f803f803f8
03f803f003f003f8
03f003f803f803f8
03d803f803f803f8
fc89fc89fc70fc58
fc30fc58fc81fc89
fc10fc18fc28fc28
fc40fc40fc28fc18
fc58fc58fc50fc48
fc58fc40fc30fc30
ff63feabfce1fc81
fe62fe52fe42fedb
ff23feebfeabfe6a
ff7bff6bff63ff33
ff53ff63ff73ff8c
fdc2fe52fecbff1b
fdf2fd29fcf1fd39
ff63ff73ff23fe9b
ff5bffa4ffacff84
ff7bff8cff6bff4b
feabfecbfef3ff53
fcd9fd09fda2fe3a
fca1fca9fcc1fcd1
fc38fc40fc40fc68
fd92fdb2fd29fc58
fcc9fce9fd11fd61
fdbafd71fd09fcc9
fd61fdc2fe02fde2
02cffdf2febbffbc
03b803b803a803c0
03f803f803e803c0
03f803f803f803f8
03f803f803f803f8
03f003f003f003f0
03f803f8040003f8
03f003f003f003f8
fc68fc68fc70fc60
fc10fc20fc40fc68
fc10fc10fc18fc18
fc38fc38fc28fc18
fc50fc48fc40fc48
fc50fc38fc28fc30
ff53fd8afc78fc60
fe52fe4afe93ff33
ff0bfecbfe83fe62
ff43ff3bff3bff1b
ff03ff1bff43ff4b
fd69fdf2fe72feb3
fe9bfdaafcd1fce1
ff73006c0014ff9c
ff23ff43ff53ff4b
fedbfee3ff0bff03
fe5afe72feabfee3
fd31fd11fd31fdda
fcc9fcf9fd11fd29
fc38fc40fc50fc68
fd82fd19fc78fc40
fcc9fcd1fd01fd39
fdf2fd92fd21fcd9
fd31fdcafe1afe12
037f00cdfdeafdc2
03b803b003b003c0
03f803f003e003c8
03f803f803f803f8
03f003f803f803f8
03f803f003e803e8
0400040003f803f8
03f003f003f803f8
fc20fc40fc60fc50
fc10fc18fc20fc28
fc18fc18fc10fc18
fc30fc30fc28fc18
fc48fc48fc40fc38
fc38fc30fc28fc30
feabfca9fc50fc50
fe3afe4afed3ff63
fedbfea3fe7afe62
ff13ff13ff03fefb
febbfeebff1bff23
fd01fdaafe4afe7a
ff6bfe7afd49fca9
000400ad0085002c
fe5afe5afe83ff0b
fe42fe02fe1afe3a
fdcafe02fe62fe7a
fcf9fd11fd11fd51
fcb1fd01fd09fcf9
fc40fc50fc60fc60
fcf1fc78fc48fc40
fcd1fcd1fcf9fd29
fe0afdbafd51fcf9
fd01fdcafe1afe12
03e803a800ddfd61
03c003b803b803c8
03f803f003e003c8
03f803f803f803f8
03e803f003f803f8
03f003e803e003e0
03f803f803f803f0
03e003d803d003e0
fc18fc48fc48fc28
fc10fc20fc20fc20
fc20fc18fc18fc18
fc30fc38fc28fc20
fc50fc40fc38fc28
fc30fc30fc28fc38
fdeafc60fc48fc38
fe42fe42fec3ff23
feb3fe8bfe7afe62
fee3fed3fec3fecb
fe83feabfed3feeb
fcb1fd29fdcafe42
0064ff43fe42fd01
0155015d014d0125
fcb9fd19fe620014
fd69fcc1fc99fca1
fd41fdb2fe32fe22
fc60fc91fce1fd11
fc68fc81fc81fc68
fc50fc60fc68fc68
fc78fc60fc48fc50
fce9fcd1fcd9fcc1
fe02fdd2fd71fd19
fd9afe6afe4afe02
03e003f00347ff0b
03c003c003b803c8
03f803f803e803c8
03f803f803f803f8
03e803f003f803f8
03f003f003e803e0
03b803d803f003f0
03d803c803a803a8
fc18fc50fc58fc50
fc20fc20fc20fc18
fc20fc20fc20fc28
fc30fc30fc28fc20
fc50fc48fc38fc30
fc30fc28fc28fc30
fdc2fc60fc28fc30
fe4afe6aff1bff1b
feabfe83fe83fe62
feb3fea3fea3feab
fe42fe6afe8bfeb3
fd09fcc9fd59fdf2
00b5000cff7bfe52
018e019601be019e
fdcaff1b000c00cd
fc70fc50fca1fcf9
fcf1fd41fdb2fd41
fc40fc38fc58fcb1
fc60fc58fc58fc48
fc58fc60fc60fc60
fc60fc58fc50fc50
fd09fcd9fcb1fc89
fdf2fdd2fd8afd41
feebfedbfe8bfdfa
03e803f803e00216
03d003c803c003c8
03f803f803f003e0
03f803f803f803f8
03e003e803f803f8
03d803e803e803e0
0377039003b003c0
03d803d803b00388
fc38fc58fc60fc48
fc20fc20fc20fc18
fc20fc28fc20fc20
fc20fc20fc20fc20
fc38fc38fc38fc28
fc30fc30fc28fc28
fd9afca1fc40fc30
fe42fe72ff1bfef3
fea3fe8bfe93fe62
fe7afe7afe9bfea3
fe02fe3afe6afe83
fe62fd21fd11fd9a
005cffe4ffdcff6b
00ed00d5012d016d
003c001cffd4008d
fcd9fd69fe52ffcc
fc60fc78fc89fc81
fc48fc38fc28fc38
fc58fc58fc58fc48
fc68fc60fc60fc60
fc70fc58fc58fc58
fd21fcf1fcb9fc89
fdf2fdd2fd92fd51
0216fe5afe1afe02
03e803f803f803f0
03d803c803c003d0
03f803f803f003e8
03f803f803f803f8
03e003e803f003f8
03a003c003d803e0
0377036f03670377
03d803e803d80398
fc60fc78fc78fc60
fc20fc28fc18fc30
fc20fc28fc20fc20
fc18fc18fc10fc18
fc20fc28fc20fc18
fc38fc30fc30fc20
fcb1fcd1fc68fc38
fe3afe42fe42fdba
fea3fe8bfe93fe52
fe62fe62fe83fe9b
fdd2fe2afe5afe5a
ff6bfe93fd71fd61
0024fff4ffecffc4
00440024006400e5
0014ffecffccffe4
fd79fde2fe6affec
fc81fc91fcb1fce9
fc40fc30fc38fc68
fc50fc50fc48fc48
fc60fc68fc58fc58
fc60fc58fc58fc60
fd39fd01fcb1fc78
fdf2fdd2fd92fd59
01eefeabfe42fe1a
03e003f803f803f0
03e003d003c803d0
03f803f803f003e8
03f803f803f803f8
03d803e003e803f0
0377039003b803d0
0398037f036f0367
03c803e003f003c8
fc89fca1fcb9fcc1
fc28fc30fc20fc50
fc20fc28fc20fc20
fc20fc20fc10fc18
fc20fc28fc28fc28
fc30fc30fc28fc20
fc38fc81fc50fc38
fe72fdb2fca9fc50
fe93fe8bfe7afe5a
fe5afe72fe83fe9b
fdc2fe1afe4afe5a
fffcff63fe7afdca
fffc002400340095
ffd4002c0014001c
ff8c005c0054ffcc
fd29fd69fdeafebb
fdd2fdc2fd92fd39
fc30fc48fcd9fdca
fc58fc60fc48fc40
fc60fc60fc58fc58
fc50fc68fc58fc60
fd41fcf9fca1fc68
fdf2fdeafda2fd69
00adfe0afe52fe42
03e803f803f803c8
03e803d003d003d0
03f803f803f003e8
03f003f003f803f8
03c803d803d803e8
037f037f039803b8
03b00388037f0377
03b003d003f003e0
fc99fca1fcb1fcd9
fc20fc20fc40fc78
fc28fc28fc20fc20
fc28fc28fc18fc18
fc28fc28fc28fc30
fc38fc38fc30fc20
fc50fc40fc30fc38
fe7afd59fc58fc48
fe8bfe7afe62fe6a
fe5afe7afe83fe93
fe0afe2afe4afe5a
ffecff8cfeebfe4a
ffd4fff4fff40054
ffec00640004ffec
ff94ffd4ffd4ffc4
fde2fde2fe2afec3
fe2afe2afe22fe02
fca9fd31fdcafe2a
fc60fc60fc50fc60
fc60fc68fc68fc60
fc70fc70fc58fc58
fd49fce1fc81fc58
fe02fdf2fdb2fd69
033f018e006cfe9b
03e803f803f803e0
03e003d803d003d0
03f803f803f803f0
03e003f003f803f8
03b803d003d003d8
03880388038803a0
03b80390037f0388
039003b003e003e8
fc91fc91fc99fca9
fc20fc30fc70fc99
fc28fc28fc20fc20
fc30fc28fc20fc18
fc28fc20fc30fc38
fc40fc40fc30fc20
fc38fc28fc38fc38
fe52fd21fc60fc40
fe7afe6afe62fe72
fe72fe8bfe93fe93
fe3afe52fe62fe72
ff84ff1bfedbfe7a
ff7bff63ff7bff8c
ffdcffe4ffbcff7b
ffc400740085003c
fdc2fdf2fe3afeb3
fd61fd92fde2fdda
fd29fd61fd79fd79
fc60fc70fc99fcd9
fc81fc89fc70fc60
fc89fc78fc60fc68
fd51fcc9fc70fc70
fe32fe02fdc2fd71
03f803f0030fff53
03e803f003f803f8
03e803e003d803d0
03f803f803f803f0
03d803f003f803f8
03a003c803d003d0
0390039803980390
03c003a00388037f
037f039803c803e0
fc89fc68fc60fc70
fc48fc58fc78fc89
fc20fc20fc20fc30
fc38fc28fc20fc20
fc20fc20fc30fc38
fc38fc38fc30fc28
fc20fc30fc38fc38
fe0afcc1fc48fc30
fe7afe72fe62fe7a
fe83fe93fe8bfe8b
fe5afe83fe83fe9b
fee3feebff0bfec3
ff73ff43ff0bfee3
ffc4ff84ff7bff6b
fe42feabff5bfffc
fd49fd71fdc2fdfa
fcc9fcf1fd61fd79
fcc1fce9fcf9fce9
fc91fc99fc99fca1
fca1fc91fc89fc89
fca1fc78fc68fc78
fd59fcc1fc60fc91
fe6afe1afde2fd71
03f803f803a00074
03e803f803f003f8
03e803d803d803d8
03f803f803f003f0
03d003e803f003f8
039803b003c003c8
0390039003980390
03c803b003a00398
0390039003b003d8
fc68fc50fc48fc40
fc38fc50fc70fc78
fc28fc28fc28fc30
fc30fc28fc18fc20
fc28fc20fc30fc38
fc38fc38fc30fc28
fc28fc30fc38fc38
fdaafc70fc48fc30
fe72fe72fe6afe72
fe8bfe8bfe7afe7a
fe9bfed3fe9bfe93
fe72fea3ff0bfeeb
ff23ff5bff23feb3
fdeafe2afe83fec3
fd19fd41fd79fdc2
fcb1fcb1fcd9fcf1
fc78fc91fcc1fcc9
fc78fc81fc78fc70
fcc9fca9fc91fc70
fcc1fcd9fce9fce9
fcb1fc91fc70fc91
fd61fcc1fc60fca1
feb3fe1afe0afd8a
03f003f803e0014d
03e003f803f003f8
03e003d003d003d8
03f003f803e003e8
03c003d803f003f0
039803a003b803c0
03a803a00390037f
03d003b803b003a8
0398039003a003c8
fc48fc40fc30fc28
fc30fc28fc40fc50
fc28fc28fc28fc30
fc30fc20fc20fc20
fc28fc28fc30fc38
fc30fc30fc30fc28
fc30fc30fc30fc28
fd41fc50fc40fc38
fe62fe72fe7afe52
fe9bfe8bfe7afe62
fe93feb3fea3fe93
fe42fe32fe9bfeab
fdfafe4afe83fe93
fd01fd21fd51fdaa
fc89fcc1fcd1fce9
fc60fc78fc68fc58
fc60fc68fc68fc48
fc68fc60fc50fc48
fc78fc91fcb9fc81
fcd9fcf9fcd9fca9
fcb9fca9fc78fc99
fd59fcc9fc70fcb1
ff23fe2afe2afd9a
03f003f803f802af
03e003f003f003f8
03c803c803c803d8
03d003e803c803e0
03c003c003e803d8
037f038803a003c8
03b803c00398036f
03d803d803b803a0
03b00398039803b8
fc30fc30fc30fc28
fc30fc30fc30fc30
fc28fc28fc30fc30
fc30fc20fc20fc20
fc28fc28fc30fc38
fc28fc28fc28fc28
fc28fc28fc30fc28
fcc1fc48fc30fc38
fe4afe83fe83fe0a
fea3fe93fe83fe52
fe8bfeabfea3fea3
fe22fe1afe42fe62
fca9fcc1fd39fe0a
fd61fd19fcd1fcb1
fd59fdc2fd49fd39
fd11fdb2fd61fcd9
fcc9fd21fcf9fca9
fc91fc99fc81fc78
fc58fcb1fce9fcb9
fca1fc81fc50fc38
fca9fca1fc81fc91
fd51fcd9fc81fcb1
003cfe5afe32fdb2
03f803f803f8036f
03d803e003f003f0
03b003b803b803c8
03a003b003b003c8
03c803a803e003b0
0367034f039003d8
03b003c803a8037f
03e003f003d003a8
03b803b003a803b0
fc20fc10fc18fc28
fc30fc30fc40fc30
fc20fc20fc30fc30
fc30fc20fc20fc28
fc28fc28fc30fc38
fc28fc28fc28fc28
fc20fc28fc28fc28
fc70fc40fc30fc28
fe52fe8bfe7afd92
fea3fe93fe72fe4a
fe8bfec3febbfeab
fe5afe4afe52fe4a
fc58fc91fd21fe2a
fe83fddafd01fc81
ff7bffe4ff1bfe7a
ff230044003cfedb
fe12ff13ff4bfe42
fcb9fd11fd11fd01
fc50fcc1fd01fcd9
fc50fc38fc30fc28
fca1fc89fc78fc68
fd59fce9fc91fca9
0155feb3fe3afdda
03f80400040003d8
03d003d003d803e8
03a803a003a003b8
033f035f039803a0
03c8039003e0037f
03570307036703e8
03b803c003b00390
03d803f003f003d0
03b803c003c003c0
fc18fc10fc18fc30
fc28fc30fc40fc30
fc28fc20fc30fc30
fc30fc20fc28fc30
fc30fc28fc30fc38
fc28fc28fc28fc28
fc28fc28fc28fc28
fc50fc38fc30fc30
fe52fe72fe4afcf9
fe9bfe8bfe62fe42
fe8bfecbfec3feb3
fe83fe32fe22fe42
fdcafe4afe8bfea3
0014fea3fd61fd39
00fd016d00d50004
007c016d01ee00ed
ff63009d0125003c
fd09fdb2fe12fe0a
fc30fc89fd11fd09
fc40fc30fc28fc20
fc99fc81fc68fc60
fd61fcf9fca1fca9
02bfff84fe6afe02
03f80400040003f0
03a803b003d803f0
03900388039003a8
02b702f7035f036f
03d8038803d8035f
036702af031f03e8
03d803b803b803a8
03e803f003f803f0
03a803b803d003d8
fc18fc10fc28fc38
fc28fc30fc30fc28
fc28fc28fc30fc28
fc30fc20fc30fc28
fc30fc28fc30fc38
fc28fc28fc28fc28
fc30fc28fc28fc30
fc40fc30fc30fc30
fe3afe32fdbafc91
fe8bfe72fe52fe3a
feabfebbfec3feab
febbfe52fe2afe62
ff13ff5bff2bfee3
005cff03fe7afefb
013d0196012d0034
00c5016d01fe016d
ffd400d5016500c5
fd19fdeafeabfec3
fc30fc48fcd1fd29
fc58fc40fc38fc38
fc99fc81fc81fc78
fd79fd29fcc9fca9
03b000fdfeabfe22
03f003f8040003f8
037f03b803e003e0
0367036f03770390
021e026602f7034f
03e803a003d8037f
037f028f029f03d0
03f003c803b803a8
03f003f803f803f8
039803b803d803e8
fc18fc18fc30fc30
fc28fc30fc28fc20
fc28fc28fc28fc30
fc28fc20fc30fc28
fc28fc28fc30fc40
fc28fc28fc20fc28
fc30fc28fc20fc28
fc40fc28fc28fc30
fe22fdfafd11fc68
fe7afe5afe4afe42
fe8bfea3fea3fe8b
fecbfe7afe3afe52
ff9cffacff73ff1b
ffb4ffa4ffa4ff94
001c00c5004cff9c
005c00f5015d007c
ff730074011d008d
fcb1fd59fe02fe52
fc50fc68fc99fcc9
fc81fc68fc50fc50
fc99fc81fc89fc91
fd9afd41fcf9fcc1
03f00297ff3bfe4a
03e803f803f803f8
039003b803d003d0
033f0347034f036f
01fe01d6026e0327
03f003c003e003b8
03980297021e0390
040003e803c803b0
03f803f803f803f8
039803b803d803f0
fc18fc18fc28fc38
fc30fc30fc20fc18
fc28fc28fc20fc28
fc28fc20fc28fc28
fc28fc20fc30fc38
fc28fc28fc20fc20
fc30fc28fc20fc20
fc38fc20fc20fc28
fe2afda2fc81fc50
fe6afe62fe62fe4a
fe7afe93fe8bfe72
fedbfe8bfe42fe52
ffbcffa4ff7bff4b
ffa4ffbcff8cff94
fef3ff94ffd4fff4
fe52fec3ff03feb3
fe12febbff2bfea3
fd8afd8afd8afd59
fc89fd09fd79fda2
fc99fc89fc70fc60
fca1fc78fc81fca1
fde2fd51fd11fcd1
03f80398007cfe7a
03d003e803f803f8
03a003a803b803c0
0327030f032f0377
02360155021602d7
03f003e803f003e0
03c002df01b6032f
040003f803e803c0
03f803f803f803f8
039803b803e003f0
fc18fc18fc28fc38
fc28fc30fc28fc20
fc28fc20fc20fc20
fc20fc20fc28fc30
fc20fc20fc30fc30
fc28fc28fc20fc18
fc28fc28fc28fc28
fc30fc20fc20fc28
fe0afd29fc48fc30
fe72fe7afe62fe3a
fe6afe83fe7afe72
fedbfe72fe4afe52
ff84ff73ff8cff4b
ff5bff1bff2bff6b
ff0bffe400540004
fe62fe32fe52fe83
fe6afeabfe9bfe8b
fd92fde2fe1afe2a
fc99fcd1fd21fd51
fca9fc99fca1fc99
fcb1fc81fc89fca9
fe2afd79fd31fce1
03f803e80226ff0b
03d003e803f80400
0398039803a803b8
02f702cf0337037f
020e012501d6029f
03e003f803f803e8
03d80327018602d7
03f803f803f803d8
03f803f803f803f8
039803c003e803f8
fc18fc18fc28fc40
fc20fc30fc28fc20
fc18fc18fc18fc20
fc20fc18fc18fc20
fc38fc30fc38fc30
fc20fc20fc30fc40
fc20fc28fc28fc20
fc28fc20fc20fc20
fda2fca9fc68fc40
fe83fe93fe6afe3a
fe7afe72fe72fe6a
fedbfe7afe62fe6a
ff63ff53ff5bff3b
fecbfef3ff4bff73
00440074ff94ff0b
fdf2fdeafe2afed3
fe32fe62fe3afe22
fd41fd8afdd2fe02
fcc9fca1fcb9fcf9
fcb9fcb1fcb9fcd1
fcc1fc99fc91fcb1
fe7afdaafd41fd01
03f803f00357fffc
03d003e803f80400
036f037f03a803b8
027e02c7033f035f
01ee012d01b60297
03d003f803f803d8
03e003570175027e
03f803f803f803f0
03f803f803f803f8
03a003c003e803f8
fc18fc10fc28fc40
fc20fc28fc28fc20
fc18fc20fc20fc20
fc20fc20fc20fc18
fc38fc38fc38fc28
fc20fc20fc28fc30
fc20fc20fc20fc20
fc28fc20fc20fc20
fd21fc89fc70fc40
fe83fea3fe6afe1a
fe8bfe6afe6afe6a
febbfe83fe83fe93
ff43ff33ff2bff0b
fecbff23ff43ff43
ff73ff53fec3fea3
fddafdd2fe22fec3
fde2fe2afddafdca
fcf1fd51fdaafdba
fd09fce9fcb9fcb1
fcc9fcd1fcc9fce9
fcd1fca9fca9fcb9
fef3fe02fd51fd21
03f803f003d80186
03c003e003f003f8
035f038803a803b0
026e02e70327034f
01f6014d01e60246
03b003f803f803c8
03f003770175022e
03f803f803f803f8
03f803f803f803f8
03a003c803e803f8
fc18fc10fc28fc40
fc20fc28fc28fc20
fc20fc20fc20fc20
fc20fc20fc20fc20
fc48fc38fc20fc20
fc18fc18fc30fc50
fc20fc20fc20fc20
fc28fc28fc28fc20
fce1fc99fc60fc30
fe7afe72fe4afdd2
fe8bfe5afe52fe62
fea3fe7afe83fea3
ff1bfef3fefbfed3
fecbfef3ff0bff23
fe9bfea3fea3feb3
fd92fd8afdb2fe4a
fd8afdd2fd82fd71
fcc1fcd9fd21fd49
fd11fd21fd01fcd9
fcd9fce1fcd9fce9
fcf1fcb9fcc1fcc9
ff8cfe6afd82fd31
03f803f003f002b7
03c803e003f003f8
036f039003a003b0
029f02d7031f0347
017d018e01de021e
037f03f803f80388
03f80398019601fe
03f803f803f803f8
03f803f803f803f8
038803d003f003f8
fc18fc10fc28fc40
fc20fc28fc28fc20
fc20fc20fc20fc20
fc18fc18fc18fc20
fc70fc70fc48fc20
fc20fc18fc38fc50
fc28fc28fc20fc20
fc30fc30fc30fc28
fcf9fc89fc40fc30
fe62fe32fe3afdd2
fe72fe52fe52fe6a
feabfe8bfea3feab
fefbff0bff0bfedb
fedbfefbff13ff1b
fe1afe32fe5afea3
fd31fd39fd69fdc2
fd11fd59fd39fd19
fce1fcb1fcb1fcd9
fcf1fd19fd19fd09
fce9fce1fce1fce1
fd11fcc1fcb9fcd9
008dfec3fdcafd49
03f803f803f80388
03d803e003f003f8
036f039003a003c0
027602cf031f033f
014501c601de023e
035f03f003f8034f
03f803a801c601de
03f803f803f80400
03f803f803f803f8
033f03b803f003f8
fc18fc10fc28fc38
fc18fc28fc30fc28
fc18fc20fc20fc18
fc18fc18fc18fc18
fc68fc78fc70fc48
fc28fc20fc28fc30
fc30fc28fc28fc28
fc30fc30fc38fc30
fce1fca1fc48fc30
fe2afe0afe62fd9a
fe52fe52fe52fe5a
fedbfecbfecbfe9b
ff03ff13ff1bfef3
fefbff33ff53ff23
fdcafe12fe72febb
fcc9fcd9fd11fd69
fca9fce1fcf1fcd1
fcf1fcd1fca9fc99
fce1fce9fcf9fd01
fcf1fce9fcd9fcd9
fd31fcf1fcb1fcd1
0175fefbfe12fd71
03f803f803f803e0
03d003e003f803f8
0377039003a803c8
026602d7030f0347
017d01e601f6022e
033703f003f0030f
03f803c001e601b6
03f803f803f80400
03f803f803f003f0
02a7036703d803f0
fc18fc18fc28fc30
fc20fc28fc30fc28
fc20fc20fc20fc18
fc18fc18fc20fc20
fc60fc81fc68fc40
fc30fc30fc28fc30
fc38fc30fc30fc30
fc38fc30fc38fc30
fc70fc58fc50fc38
fdfafe3afe7afd39
fe52fe4afe42fe1a
ff23fef3fecbfe7a
ff73ff63ff3bff43
fefbff23ff5bff63
fe0afe62fea3fed3
fc78fca9fd01fd92
fc78fc89fc89fc70
fcb9fcb1fca1fc91
fcc1fcd1fcd9fcd9
fcd1fcf9fcd9fcc9
fd41fd29fcd1fca9
0236ff7bfe8bfda2
03f803f8040003f8
03d803f803f803f8
0377038803a803c8
026e02d703270357
01a601ee01e601fe
030703f003f0026e
03f803d0021601a6
03e803f003f803f8
03f003f803e003e0
017d02af038803e0
fc18fc18fc30fc30
fc18fc20fc28fc20
fc20fc28fc20fc18
fc18fc18fc20fc20
fc58fc68fc58fc28
fc38fc38fc30fc38
fc40fc40fc38fc38
fc40fc40fc40fc38
fc60fc48fc48fc40
fe3afe9bfe83fd09
fe4afe3afe12fdf2
ff23fee3fe9bfe5a
ff8cff5bff43ff3b
ff23ff53ff9cffa4
fe4afe93fecbfeeb
fd29fd92fddafe12
fc60fc70fc91fcd1
fc91fc89fc78fc68
fca9fca9fcb1fcb1
fca1fcd1fce9fcc1
fd61fd41fd11fcb9
0317ffc4ff13fdda
03f803f8040003f8
03e003f003f803f8
037f039003b803d8
027e02e7032f035f
01ee01ce01ee0206
02ef03e803c801fe
03f803d8021e01a6
03d003d803f803f0
03e003f803e003d0
006c015d02d703a8
fc18fc18fc30fc30
fc30fc28fc20fc20
fc30fc48fc38fc28
fc18fc20fc20fc20
fcb1fc89fc48fc28
fc40fc48fc48fc78
fc38fc40fc40fc40
fc50fc48fc40fc40
fc81fc78fc60fc50
fe8bfed3fe72fcf9
fe3afe12fdfafe3a
ff03fea3fe62fe4a
ffa4ffa4ff63ff43
ff63ffcc001cffd4
fe8bfebbfedbff03
fdbafdf2fe22fe62
fcd9fd01fd41fd79
fc78fc78fc89fcb1
fca1fc91fc89fc91
fca9fc99fcd1fcd1
fd49fd39fd29fcf9
0337ffa4ff23fe2a
03f803f803f803f8
03f803f803f803f8
037f03a803c003e0
027602e7032f035f
01e601a601ae01ee
02d703e8039801ce
03f003d8021e018e
039803b803f003e8
03c003f003e803c0
008d005401b60327
fc18fc18fc28fc28
fc50fc30fc28fc20
fc28fc50fc60fc40
fc20fc28fc28fc20
fc78fc81fc60fc38
fc40fc38fc40fc68
fc48fc40fc40fc38
fc50fc50fc48fc40
fc78fc70fc60fc50
fecbfeebfe42fcf1
fe12fdfafe2afe83
fecbfe62fe42fe32
ffacffccff63ff1b
ff94000c0004ffac
fee3ff7bff43ff63
fdd2fdfafe3afe83
fd82fd82fd9afdc2
fcb1fcf1fd41fd71
fcb1fc81fc68fc81
fcf1fcb1fcb9fcd9
fd39fd11fd29fd29
033fff8cfefbfe62
03f803f803f803f8
03f803f803f803f8
038803a803c003d8
027e02e7032f0357
01a6017d018e01fe
02c703e0039001ee
03f003d8020e018e
0377036f03c803d0
036703e003f003d8
011dfffc00bd0236
fc18fc20fc28fc28
fc40fc30fc28fc20
fc10fc20fc28fc38
fc30fc30fc30fc20
fc38fc38fc38fc30
fc30fc38fc38fc30
fc48fc40fc40fc30
fc68fc60fc58fc48
fc70fc68fc60fc60
feebfef3fe02fcc9
fe12fe32fe7afec3
fe8bfe4afe32fe1a
ff84ff4bff03fee3
0004fff4ff84ff5b
ff53000cfff40004
fe42fe4afe7afecb
fdf2fdfafe1afe42
fd39fd71fdb2fdda
fce9fcc1fce1fd09
fd21fcf1fcc1fce1
fd41fcf9fd01fd21
033fff63febbfe83
04000400040003f8
03f8040004000400
038803b003c803e8
027602e70327035f
01a60175019601ee
02b703d8038801ee
03e803d8020e018e
037f032f036703a0
02bf03b003f803f0
0226fff4003c0145
fc18fc20fc28fc28
fc50fc30fc28fc20
fc20fc28fc30fc40
fc38fc30fc38fc28
fc40fc40fc38fc38
fc30fc38fc38fc38
fc48fc40fc40fc38
fc68fc60fc60fc58
fc89fc81fc78fc68
fef3feebfdf2fcd1
fe32fe72fea3fedb
fe6afe32fe22fe32
ff0bfef3feb3fea3
001cffccff43ff1b
ff4bfffcffe40004
fe83fe5afe93fee3
fe0afe2afe5afe8b
fd51fd82fdb2fdda
fcf1fd01fd29fd41
fd19fd11fce9fcd9
fd39fce9fce9fd01
033fff3bfe5afe32
03f803f803f803f8
03f803f803f803f8
038803b803d003f0
025e02d70317035f
01b601b6017501d6
02af03c8039001d6
03b803d002060186
03b80337030f0337
01d6033703f003f8
03170074ffdc00b5
fc18fc20fc18fc18
fc48fc30fc30fc20
fc30fc68fc99fc78
fc40fc48fc48fc38
fc50fc48fc38fc38
fc48fc40fc40fc40
fc68fc60fc60fc50
fc91fc68fc68fc68
fca1fca1fcb9fca9
fefbfed3fdb2fcb9
fe7afea3fec3fef3
fe4afe3afe52fe72
fedbfea3fe8bfe62
ff5bff33ff0bfefb
ff1bff63ff4bff73
fe83fe62fe83fed3
fe12fe3afe4afe72
fd39fd59fd9afdd2
fcf1fd01fd01fd21
fcf1fd09fd09fd01
fd29fce9fcf1fce1
025efef3fe1afe02
03e803d003a8032f
03f003f003f003f0
037f03b003d003e8
023e02b7030f034f
017d01ce015501ae
029703b0038801b6
036f039801f60196
03f00398031f0307
0125026e03c80400
034701b6ffa4003c
fc18fc18fc10fc10
fc50fc40fc38fc30
fc48fc70fc89fc68
fc60fcd9fcd1fc60
fc50fc48fc38fc38
fc60fc60fc58fc58
fc78fc70fc68fc60
fca9fc78fc70fc70
fcb1fcc9fce1fcd1
fefbfec3fd71fcb1
feb3fec3feebfefb
fe4afe52fe8bfebb
febbfe8bfe52fe3a
fefbfeebfed3fecb
febbfedbff03ff03
fe4afe4afe7afea3
fe02fe32fe3afe42
fd09fd11fd51fdb2
fd19fd01fd09fd09
fce1fcf1fd11fd21
fd19fce9fcf1fce9
fdb2fe2afdfafdca
009d001cffa4fe2a
03f00388029f0186
036f03a003c803e0
021e029702f7033f
011d01ae014d0186
028f03a00377018e
033f034701de01c6
03f803e0036f0317
00a50196033f03f0
02b702ff0024ffc4
fc20fc18fc10fc10
fc48fc48fc48fc40
fc60fc48fc50fc50
fc78fcf1fd11fca9
fc70fc60fc60fc50
fc60fc68fc60fc68
fc68fc70fc78fc68
fca9fc81fc78fc68
fc81fc99fcc1fcc9
ff0bfebbfd69fc99
fecbfef3ff1bff13
fe52fe7afeb3fec3
fe83fe62fe42fe4a
feabfeb3fe9bfe9b
fe93feb3feb3fea3
fe2afe22fe52fe7a
fd9afddafe1afe2a
fcf1fce9fd09fd49
fd19fd11fcf1fce1
fcd9fce1fd01fd09
fd09fce1fcf1fce9
fd19fdf2fddafd9a
fce9fcd1fcb1fcb1
0287ff9cfdc2fd39
035f039803c00390
01f6026e02d7032f
00bd0196014d0175
02870377037f015d
034f031701be01fe
03f803f803d8037f
0024010d025603c8
01d60367017dffa4
fc20fc18fc10fc10
fc40fc40fc40fc40
fca1fc40fc38fc40
fc58fc70fca9fcc9
fc78fc81fc68fc60
fc81fc78fc70fc78
fc70fc70fc78fc81
fca1fc81fc78fc70
fc78fc78fc91fca1
ff1bfeabfd39fc91
fef3ff1bff33ff33
fe7afea3febbfecb
fe42fe4afe52fe62
fe7afe83fe52fe62
fe62fe6afe72fe7a
fe22fe12fe12fe32
fd51fd61fdb2fe02
fcd1fcd9fcd9fcf9
fd01fd09fcf9fcd1
fce1fce1fce9fcf1
fd09fce9fce9fce9
fd09fddafdcafd79
fc99fc78fc81fcb1
fe62fd19fcb1fc99
032702f7027e007c
01ee025602c70317
006c0175014d017d
0276034f037f0135
03a8030f01ee024e
03e803f803f803e0
ffbc008d01960327
00c502c703070044
fc20fc10fc10fc10
fc38fc38fc40fc30
fc48fc28fc28fc30
fc50fc48fc40fc48
fc70fc68fc58fc48
fc81fc81fc78fc78
fc70fc70fc70fc78
fc78fc70fc68fc68
fc78fc70fc70fc70
ff13fe5afce1fc89
ff1bff33ff3bff3b
fe8bfeabfedbfefb
fe32fe5afe62fe6a
fe32fe2afe02fe12
fe1afe2afe32fe22
fdcafdfafe12fe02
fcf1fd21fd41fd8a
fcd1fcd9fce1fcd1
fcf1fd01fd11fcf1
fce9fce9fce1fce9
fd01fce9fcf1fce9
fd09fdc2fdbafd71
fc81fc68fc89fca1
fd49fcb9fc89fc81
0034ff2bfe7afdea
01be01d6019e00c5
0044016d015d0186
0276031f037f0135
03e802ff023e02a7
039803f803f803f8
ffcc0004010d023e
ffec0196036f01d6
fc20fc10fc10fc10
fc30fc30fc30fc28
fc28fc20fc28fc28
fc40fc40fc40fc40
fc60fc50fc48fc40
fc70fc89fc91fc78
fc60fc68fc70fc78
fc70fc70fc68fc68
fc70fc60fc68fc70
ff03fe32fce9fc99
ff43ff3bff53ff33
feabfedbff13ff2b
fe3afe4afe6afe8b
fdc2fddafe0afe32
fdd2fddafdd2fdca
fd51fd9afdd2fdda
fce1fce1fcf1fd19
fcf1fce9fcf9fcf9
fd01fd01fd09fd01
fce9fce9fcf9fcf9
fcf9fce1fcf1fcf9
fd19fdb2fda2fd49
fc70fc60fc89fc99
fd01fc89fc70fc70
fdcafdbafdbafd9a
ffc4fed3fe5afdfa
002c012d00f5007c
028f030703a8019e
03e8031f029f02ef
02c703d803f003f8
00b5ffc4006c0175
ff9c007c02a7033f
fc18fc10fc10fc10
fc30fc28fc28fc28
fc20fc20fc20fc28
fc48fc48fc40fc30
fc60fc58fc48fc48
fc58fc58fc60fc60
fc60fc60fc58fc58
fc60fc70fc70fc68
fc81fc60fc60fc68
ff0bfe52fd69fcc1
ff4bff53ff53ff2b
fee3ff0bff33ff4b
fe72fe72fe93fecb
fde2fe22fe52fe6a
fd9afd82fd82fdba
fd29fd41fd59fd79
fd01fd09fd09fd11
fcf9fcf9fd01fcf9
fd11fd19fd11fd09
fcf9fcf9fd01fd09
fcf1fce9fcf9fd01
fd31fda2fd92fd31
fc58fc60fc91fcb1
fcc1fc70fc60fc68
fdb2fdaafd9afd71
fddafdd2fdc2fdba
ff23ff0bfe5afe1a
0297028f029700a5
03f8033702c70317
01ee034703e803f8
027e0034fffc00cd
006cffec01750357
fc18fc10fc10fc10
fc30fc28fc20fc20
fc20fc20fc28fc28
fc60fc68fc48fc28
fc50fc58fc50fc50
fc50fc50fc50fc50
fc70fc58fc50fc50
fc68fc78fc81fc81
fca9fc78fc78fc68
ff03feabfe52fd69
ff5bff63ff5bff3b
ff1bff33ff5bff53
febbfebbfecbfef3
fe3afe8bfebbfebb
fd69fd79fda2fdf2
fd29fd39fd49fd61
fce9fcf9fd09fd19
fcf9fd01fcf9fcf1
fd21fd19fd11fd09
fcf9fcf9fd11fd19
fcf1fcf1fd09fd01
fd61fd92fd69fd19
fc50fc60fc99fce1
fc91fc60fc50fc68
fda2fd92fd82fd41
fdc2fdc2fdbafdb2
fdd2fdcafdcafdca
0044ff43fe9bfe1a
03f80317021e0196
014d0266038803f8
039801ae00040034
02af005c008d025e
fc10fc10fc10fc10
fc28fc28fc18fc10
fc20fc20fc28fc28
fc99fca9fc48fc20
fc50fc58fc60fc70
fc50fc50fc50fc50
fc70fc60fc58fc58
fc89fc81fc91fc91
fdaafcd9fc91fc81
feebfebbfea3fea3
ff7bff63ff63ff33
ff43ff53ff73ff8c
fef3feebff0bff2b
fe9bfed3fefbfefb
fd51fd92fdeafe5a
fd21fd29fd29fd39
fcf1fcf1fcf9fd11
fcf9fcf9fcf9fcf9
fd19fd19fd11fd01
fcf9fd01fd19fd21
fcf9fcf1fd01fcf9
fd69fd9afd79fd11
fc48fc60fcb9fd29
fc70fc50fc50fc60
fd8afd71fd61fd11
fdc2fdb2fdaafd9a
fdbafdcafdc2fdca
fe02fde2fdd2fdba
019e0044fee3fe5a
009d01be02a702df
032f035f0105000c
03d8025600740165
fc10fc10fc10fc10
fc20fc20fc20fc18
fc20fc20fc20fc20
fc89fc70fc30fc20
fc50fc58fc58fc70
fc60fc58fc58fc50
fc70fc78fc70fc68
fc89fc78fc78fc81
fee3fe42fd51fcb9
feebfec3feb3fec3
ff6bff63ff53ff23
ff53ff63ff84ff84
ff2bff3bff43ff43
fed3fefbff23ff23
fdc2fe12fe6afeab
fcf9fd09fd41fd8a
fce1fce1fce1fce9
fcf1fce9fce1fce1
fd11fd19fd11fcf9
fcf1fd01fd11fd11
fce9fcf1fd01fcf9
fd79fd69fd49fd01
fc40fc68fce1fd49
fc68fc50fc50fc60
fd71fd61fd51fcf1
fdbafdaafd9afd82
fdc2fdc2fdbafdba
fdd2fdc2fdc2fdba
fe4afdf2fddafde2
001c005c0004fefb
022e03a002bf008d
03f003c001d600e5
fc18fc10fc10fc10
fc20fc20fc20fc18
fc20fc20fc20fc20
fc58fc38fc20fc20
fc58fc50fc50fc50
fc78fc68fc60fc58
fca1fc78fc81fc81
fd61fce1fcb1fc81
feb3fef3fee3fe2a
fee3feebfed3fec3
ff6bff5bff3bff13
ff6bff7bff8cff73
ff5bff63ff63ff5b
ff13ff33ff4bff53
fe5afe8bfeb3fee3
fd31fd8afdd2fe12
fca1fca1fca9fce1
fcd1fcc1fca9fca9
fd19fd19fd09fcf1
fcf1fcf9fd01fd09
fce1fcf1fd01fd01
fd71fd31fd01fce1
fc40fc60fce9fd61
fc68fc48fc48fc60
fd61fd61fd41fcf1
fda2fd92fd82fd71
fdbafdbafdbafdba
fdc2fdb2fdbafdba
fde2fdd2fdcafdca
fecbfe3afe02fdea
015502b7029f0034
03f003f8038801ae
fc18fc10fc10fc18
fc18fc18fc20fc20
fc20fc20fc20fc18
fc40fc28fc20fc20
fc60fc58fc50fc48
fc81fc78fc81fc70
fd21fcc1fc89fc91
feb3fe52fdeafd19
fed3fecbfefbff0b
feebff0bfeebfedb
ff53ff53ff3bff0b
ff9cff8cff7bff6b
ff63ff63ff73ff8c
ff33ff53ff6bff6b
fea3fecbfeebff0b
fdfafe32fe62fe83
fc78fcc1fd41fdc2
fcd1fcb1fc91fc70
fd19fd09fd01fcf1
fcf1fcf9fd01fd09
fce1fcf9fcf9fcf9
fd59fd21fcf1fcd9
fc48fc58fcf9fd61
fc70fc48fc48fc58
fd59fd51fd31fcf9
fd8afd79fd71fd61
fdb2fdaafdaafd9a
fdb2fdb2fdbafdb2
fdd2fdc2fdbafdb2
fdfafdeafde2fde2
00ddffe4fedbfe32
03b803f003f002ff
fc18fc10fc18fc28
fc18fc18fc20fc20
fc20fc18fc18fc18
fc38fc28fc28fc28
fc99fc68fc58fc50
fce1fd41fd92fd11
fe12fda2fd69fd39
fee3fed3fe9bfe32
ff03fefbfec3feab
ff0bff1bff13fefb
ff63ff5bff3bff23
ff7bff7bff73ff63
ff6bff73ff7bff7b
ff4bff6bff6bff73
fed3fef3ff0bff2b
fe8bfeabfebbfec3
fce9fda2fe22fe62
fcd9fcb1fc91fc89
fd11fd01fcf9fcf1
fce1fcf1fd01fd09
fce9fd09fcf9fce9
fd29fd01fce1fcd1
fc50fc48fcd9fd51
fc78fc48fc38fc50
fd51fd39fd29fd11
fd82fd71fd69fd51
fdaafda2fd9afd92
fdaafdaafdaafda2
fdbafdbafdbafdaa
fdd2fdd2fdd2fdc2
feabfe22fdfafde2
031f031701ce0014
fc18fc18fc48fc81
fc18fc18fc20fc20
fc20fc18fc20fc20
fc30fc28fc28fc28
fd82fd21fca9fc58
fe52fecbfec3fe32
fedbfee3fe9bfe42
febbfea3fecbfed3
ff53ff53ff33fef3
ff23ff33ff33ff43
ff5bff53ff3bff23
ff73ff6bff6bff63
ff8cff8cff7bff6b
ff53ff7bff94ff94
ff03ff1bff2bff3b
fedbff1bff1bff03
fdbafe0afe52fea3
fce9fcc1fcc1fd31
fd09fd01fd01fcf9
fce9fce9fd01fd09
fce9fd11fd01fcf1
fcf9fcd1fcc9fcd1
fc58fc40fc99fd21
fc91fc48fc38fc48
fd51fd31fd31fd21
fd82fd71fd61fd51
fd9afda2fd9afd8a
fd9afda2fd92fd9a
fdb2fdaafdaafda2
fdb2fdbafdb2fdaa
fdf2fde2fddafdc2
00e5ffa4fe93fe22
fc18fc38fcb9fd49
fc20fc20fc20fc20
fc20fc18fc20fc20
fc48fc28fc28fc28
fe7afe32fd79fc99
ff0bff2bff03febb
fed3fedbfed3fee3
ff1bfeb3fe72fe8b
ffb4ffb4ff84ff53
ff2bff4bff5bff8c
ff63ff63ff43ff33
ff63ff5bff63ff63
ff94ff8cff73ff5b
ff5bff9cff94ff8c
ff0bff33ff4bff43
ff0bff13ff13fefb
fdc2fe0afe72fecb
fcf9fce9fcf9fd51
fd01fcf9fcf9fd01
fcf1fce1fce1fcf9
fce1fd01fd01fd01
fcd1fcc1fcb9fcd1
fc50fc40fc60fce1
fcb9fc50fc40fc40
fd61fd41fd39fd31
fd82fd79fd69fd61
fd8afd92fd8afd82
fd8afd92fd9afd92
fd9afd9afd9afd92
fd9afd9afd9afd9a
fdd2fdc2fdb2fdaa
fe8bfe32fe02fdea
fc18fc48fcb9fe12
fc28fc20fc18fc18
fc28fc20fc20fc20
fd01fc78fc40fc30
fefbfeebfeabfe02
fee3ff03fec3fed3
fdfafe52fea3feab
ff7bff33fedbfe2a
ffecfffcffdcffbc
ff43ff53ff84ffcc
ff73ff63ff53ff4b
ff5bff53ff5bff6b
ff73ff73ff6bff53
ff84ff8cff73ff6b
ff13ff23ff3bff63
fefbff03ff03ff03
fd9afdf2fe72fecb
fd01fcf9fce9fd29
fcf1fcf9fcf1fcf1
fcf1fce9fcd1fce1
fce1fd01fd09fd01
fcc1fcb1fcb9fcc9
fc48fc40fc40fca1
fce9fc68fc48fc38
fd69fd49fd41fd39
fd82fd79fd61fd69
fd92fd9afd92fd92
fd82fd92fd92fd8a
fd92fd9afd92fd92
fd92fd8afd92fd9a
fdbafdaafda2fda2
fe1afe02fde2fdca
fc18fc28fc50fd9a
fc28fc28fc18fc10
fc38fc28fc28fc28
fe2afcf1fca9fc70
fedbfee3fedbfecb
fe2afe7afe9bfec3
fe42fda2fe12fe12
ffe4ffacff73ff0b
002c004c0054002c
ff5bff63ff9cffec
ff84ff6bff63ff63
ff6bff63ff5bff6b
ff5bff63ff63ff5b
ff73ff6bff63ff5b
ff0bff33ff53ff6b
ff23ff0bfefbfefb
fd8afdfafe8bfefb
fd11fd01fcf1fd19
fcd9fcf1fce1fd01
fcf9fce9fcd9fcc9
fce1fcf9fd09fd01
fca9fcb9fcc1fcc9
fc38fc40fc38fc60
fd11fc91fc50fc38
fd69fd41fd41fd41
fd79fd69fd69fd71
fd92fd9afd92fd8a
fd8afd8afd92fd8a
fd92fd92fd92fd92
fd8afd82fd8afd92
fdaafda2fda2fd9a
fdfafde2fdcafdba
fc18fc20fc40fc78
fc28fc20fc20fc20
fca9fc70fc48fc30
fe4afd01fce1fcd9
fea3fe6afe9bfec3
fde2fdb2fe02fe93
ff5bfe9bfdc2fe22
0044001cffbcff7b
006c0095009d0074
ff6bff63ffa40004
ff7bff73ff6bff84
ff73ff63ff5bff6b
ff43ff4bff5bff63
ff53ff5bff5bff53
ff13ff2bff3bff4b
ff0bfeebfee3fefb
fd82fe02fe93ff13
fd11fd11fd01fd11
fcd1fce9fce1fcf1
fcf9fce9fcd9fcd1
fcd1fce9fd01fcf9
fc78fcb9fcd1fcd1
fc30fc40fc48fc40
fd31fcc1fc50fc38
fd61fd41fd41fd49
fd71fd61fd59fd71
fd92fd92fd92fd82
fd8afd8afd8afd8a
fd8afd8afd8afd92
fd92fd8afd8afd8a
fdaafdaafda2fd9a
fde2fdc2fdb2fdb2
fc20fc20fc38fc38
fc28fc28fc28fc28
fcf1fcd1fca1fc50
fdd2fce1fcd1fce9
fdf2fe22fe32fe83
fe32fe0afdc2fdca
ffdcffacfe4afdd2
008d005c0024ffec
008500ad00c500b5
ff84ff73ffa4000c
ff7bff7bff84ff9c
ff6bff63ff5bff63
ff33ff43ff4bff5b
ff2bff33ff3bff43
fef3fef3ff13ff33
feabfed3fed3fee3
fd69fdcafe72fecb
fcf9fd09fd11fd29
fcd1fcf1fcf9fcf1
fcf9fce9fcd9fcc9
fcd1fcf1fcf9fcf9
fc40fc89fcc9fcd1
fc30fc38fc48fc40
fd41fcf1fc70fc40
fd59fd41fd41fd51
fd71fd61fd61fd69
fd92fd92fd92fd82
fd82fd92fd8afd8a
fd8afd8afd8afd8a
fd9afd92fd8afd8a
fda2fdaafda2fda2
fdd2fdc2fdb2fdaa
fc20fc20fc30fc30
fc28fc28fc28fc28
fce9fcd9fca9fc48
fd71fcc9fcc9fce9
fd61fda2fd9afe12
fe2afe3afe1afdaa
00340004fef3fdba
00bd009500640044
006c00a500c500cd
ff8cff7bffb4000c
ff6bff7bff94ffa4
ff6bff63ff6bff6b
ff43ff43ff43ff4b
ff1bff3bff53ff5b
fec3fed3fef3ff0b
fe42fe72fe9bfeb3
fd31fd59fddafe2a
fcf1fd01fd11fd29
fcc9fce1fcf9fcf9
fcf9fce9fcd1fcc1
fcc9fce9fd01fcf9
fc38fc40fc99fcc1
fc38fc30fc40fc48
fd49fd09fca9fc40
fd51fd41fd49fd51
fd69fd59fd61fd61
fd8afd92fd8afd79
fd8afd8afd8afd8a
fd8afd8afd8afd8a
fd9afd9afd92fd8a
fdaafda2fdaafda2
fdc2fdbafdb2fdaa
fc50fc50fc48fc40
fc40fc48fc48fc48
fc40fc48fc50fc48
fc38fc38fc30fc38
fc60fc68fc68fc50
fc50fc48fc48fc58
fc38fc48fc48fc40
fc50fc48fc38fc40
fc38fc58fc48fc50
fc30fc38fc38fc28
fc28fc38fc20fc28
fc18fc10fc10fc10
fc10fc08fc10fc18
fc28fc10fc08fc18
fc10fc08fc10fc18
fc10fc10fc10fc10
fc10fc10fc10fc10
fc18fc18fc18fc10
fc30fc28fc10fc18
fc20fc18fc18fc20
fc30fc08fc20fc30
fc38fc50fc91fc91
fc20fc20fc28fc30
fc28fc20fc20fc20
fc18fc28fc28fc28
fc38fc30fc28fc28
fc30fc30fc28fc28
fc20fc20fc20fc30
fc40fc40fc40fc28
fc48fc48fc40fc38
fc50fc38fc30fc30
fcd1fc99fc78fc50
fc50fc50fc50fc40
fc48fc50fc48fc48
fc40fc38fc40fc48
fc40fc38fc30fc38
fc58fc58fc50fc40
fc40fc48fc50fc58
fc30fc38fc38fc30
fc50fc48fc38fc30
fc40fc58fc48fc50
fc28fc30fc38fc30
fc20fc30fc30fc20
fc18fc10fc10fc10
fc18fc08fc10fc18
fca1fc58fc48fc48
fc10fc10fc10fc28
fc10fc10fc10fc10
fc10fc10fc10fc10
fc18fc18fc18fc10
fc40fc30fc10fc10
fc20fc18fc20fc20
fc10fc10fc28fc20
fc48fc38fc48fc30
fc18fc18fc10fc28
fc28fc20fc18fc18
fc30fc30fc28fc28
fc30fc30fc20fc28
fc30fc30fc28fc20
fc30fc28fc38fc38
fc30fc48fc50fc38
fc28fc30fc28fc28
fc20fc28fc28fc20
fc70fc68fc38fc18
fc48fc48fc50fc40
fc48fc50fc48fc50
fc38fc38fc40fc40
fc38fc38fc30fc30
fc50fc50fc48fc38
fc40fc50fc58fc50
fc48fc40fc40fc48
fc58fc48fc40fc48
fc38fc58fc58fc50
fc18fc28fc30fc30
fc18fc28fc20fc18
fc18fc18fc10fc10
fc28fc78fc48fc10
fc81fc81fc78fc38
fc10fc18fc10fc20
fc10fc10fc10fc10
fc10fc10fc10fc10
fc18fc18fc10fc10
fc20fc18fc10fc08
fc18fc20fc20fc20
fc20fc30fc28fc10
fc20fc38fc30fc30
fc18fc18fc10fc10
fc20fc18fc10fc10
fc28fc28fc20fc20
fc30fc38fc20fc28
fc30fc30fc28fc20
fc48fc38fc40fc38
fc48fc58fc40fc48
fc18fc20fc28fc28
fc28fc28fc20fc28
fc58fc28fc18fc28
fc50fc50fc48fc38
fc48fc48fc48fc50
fc40fc40fc38fc40
fc38fc38fc38fc40
fc58fc50fc48fc30
fc38fc50fc50fc58
fc38fc38fc38fc40
fc60fc50fc40fc40
fc48fc60fc58fc58
fc20fc28fc30fc30
fc10fc18fc20fc20
fc10fc10fc18fc18
fc48fca9fc40fc10
fc20fc48fc78fc40
fc10fc18fc18fc10
fc18fc18fc10fc10
fc18fc10fc10fc10
fc18fc18fc10fc10
fc18fc18fc18fc10
fc18fc18fc18fc18
fc38fc30fc20fc10
fc18fc20fc28fc40
fc18fc18fc10fc10
fc18fc18fc10fc10
fc20fc28fc20fc18
fc40fc38fc20fc18
fc28fc20fc28fc40
fc30fc28fc38fc40
fc48fc48fc40fc38
fc10fc10fc20fc30
fc30fc28fc20fc20
fc38fc18fc20fc38
fc58fc58fc48fc48
fc48fc48fc48fc58
fc40fc38fc40fc48
fc40fc38fc40fc40
fc58fc58fc48fc38
fc60fc50fc58fc58
fc50fc50fc50fc58
fc60fc58fc58fc50
fc58fc58fc58fc60
fc30fc30fc30fc38
fc10fc10fc18fc28
fc10fc10fc10fc18
fc10fc10fc10fc18
fc18fc40fc20fc10
fc10fc10fc18fc10
fc10fc18fc10fc10
fc18fc18fc18fc20
fc10fc18fc18fc10
fc18fc18fc10fc10
fc18fc18fc18fc18
fc18fc18fc18fc18
fc20fc18fc30fc30
fc20fc20fc18fc18
fc20fc20fc28fc28
fc20fc20fc20fc20
fc48fc38fc28fc20
fc28fc30fc38fc60
fc30fc38fc48fc48
fc30fc30fc28fc28
fc08fc18fc28fc30
fc20fc18fc18fc10
fc28fc28fc30fc30
fc48fc50fc48fc48
fc38fc38fc38fc48
fc30fc30fc38fc40
fc40fc30fc38fc38
fc48fc58fc48fc40
fc58fc58fc50fc48
fc50fc50fc58fc58
fc58fc48fc50fc48
fc58fc50fc48fc58
fc40fc38fc30fc40
fc18fc18fc20fc48
fc10fc10fc10fc10
fc28fc00fc10fc20
fc20fc28fc08fc20
fc18fc10fc10fc10
fc18fc18fc18fc18
fc18fc18fc18fc28
fc10fc10fc18fc18
fc18fc10fc10fc10
fc20fc18fc18fc18
fc00fc08fc18fc20
fc20fc18fc10fc08
fc20fc18fc18fc18
fc28fc28fc28fc28
fc20fc18fc28fc28
fc38fc40fc38fc28
fc30fc30fc38fc48
fc30fc40fc50fc48
fc30fc38fc28fc18
fc18fc28fc30fc30
fc10fc10fc18fc18
fc18fc28fc28fc20
fc10fc20fc20fc20
fc18fc10fc10fc10
fc10fc18fc18fc18
fc20fc20fc20fc18
fc38fc30fc28fc20
fc28fc38fc38fc38
fc30fc28fc30fc30
fc28fc28fc28fc30
fc38fc30fc30fc38
fc38fc30fc28fc30
fc10fc18fc20fc48
fc10fc10fc10fc10
fcf1fc20fc10fc20
fc18fc18fc08fc60
fc20fc18fc10fc10
fc20fc10fc18fc20
fc18fc20fc10fc20
fc10fc10fc10fc10
fc18fc10fc10fc10
fc18fc08fc18fc18
fc10fc08fc10fc20
fc18fc10fc18fc10
fc18fc20fc18fc10
fc28fc28fc28fc20
fc20fc20fc28fc28
fc28fc38fc28fc20
fc30fc38fc40fc38
fc30fc48fc48fc40
fc30fc38fc38fc28
fc30fc40fc38fc30
fc08fc10fc20fc20
fc18fc30fc38fc18
fc30fc40fc30fc28
fc30fc38fc20fc18
fc30fc30fc38fc30
fc30fc30fc30fc28
fc38fc18fc20fc38
fc18fc18fc20fc60
fc20fc18fc18fc18
fc10fc10fc10fc18
fc20fc10fc10fc20
fc10fc18fc18fc20
fc18fc18fc20fc20
fc18fc10fc18fc18
fd8afc30fc10fc20
fc10fc08fc08fd01
fc18fc10fc10fc10
fc18fc10fc18fc18
fc18fc20fc10fc18
fc10fc10fc10fc18
fc18fc10fc10fc10
fc08fc08fc08fc10
fc28fc20fc10fc08
fc10fc18fc20fc28
fc18fc20fc18fc10
fc20fc20fc20fc20
fc20fc20fc28fc20
fc20fc20fc20fc20
fc30fc28fc30fc30
fc30fc30fc28fc28
fc30fc28fc30fc28
fc40fc50fc38fc30
fc08fc10fc28fc38
fc20fc30fc20fc18
fc38fc40fc30fc28
fc40fc40fc18fc10
fc30fc38fc38fc38
fc30fc30fc38fc38
fc20fc10fc20fc38
fc10fc10fc10fc38
fc18fc18fc18fc18
fc18fc18fc18fc20
fc38fc18fc18fc18
fc20fc28fc18fc30
fc10fc10fc18fc20
fc18fc20fc20fc18
fd29fc18fc18fc28
fc18fc10fc18fd11
fc18fc18fc10fc18
fc18fc20fc18fc18
fc20fc20fc18fc20
fc10fc18fc20fc18
fc10fc10fc10fc10
fc10fc10fc10fc10
fc18fc20fc20fc18
fc18fc18fc20fc18
fc18fc20fc20fc10
fc18fc18fc18fc18
fc28fc28fc28fc20
fc28fc28fc28fc28
fc38fc30fc30fc30
fc18fc20fc20fc30
fc28fc20fc20fc20
fc58fc58fc38fc38
fc18fc18fc20fc40
fc38fc30fc18fc18
fc38fc38fc30fc28
fc48fc38fc08fc18
fc30fc38fc38fc40
fc30fc38fc38fc38
fc18fc18fc28fc38
fc10fc10fc18fc28
fc20fc20fc20fc18
fc28fc20fc18fc18
fc38fc10fc38fc38
fc20fc28fc20fc30
fc18fc18fc10fc18
fc20fc20fc20fc20
fc58fc08fc18fc28
fc28fc30fc20fc48
fc30fc30fc28fc20
fc28fc60fc58fc48
fc40fc30fc28fc28
fc18fc28fc28fc18
fc10fc18fc10fc10
fc18fc18fc10fc10
fc10fc18fc28fc20
fc18fc18fc18fc18
fc20fc28fc20fc18
fc20fc20fc20fc20
fc28fc20fc20fc20
fc20fc20fc18fc20
fc38fc30fc28fc18
fc18fc18fc20fc30
fc30fc28fc20fc20
fc58fc48fc28fc30
fc18fc18fc18fc28
fc20fc20fc18fc18
fc30fc30fc30fc20
fc48fc30fc08fc18
fc30fc38fc38fc38
fc30fc30fc38fc38
fc10fc18fc28fc30
fc10fc10fc10fc10
fc28fc28fc28fc20
fc38fc28fc20fc20
fc38fc28fc60fc40
fc18fc20fc30fc30
fc18fc18fc18fc18
fc18fc18fc20fc20
fc18fc18fc18fc18
fc48fc48fc28fc28
fc91fc48fc58fc58
fc70fc89fc81fca1
fc30fc58fc81fc48
fc30fc38fc38fc28
fc18fc18fc18fc20
fc18fc18fc18fc18
fc18fc18fc20fc18
fc10fc10fc18fc18
fc20fc18fc18fc18
fc20fc28fc28fc20
fc20fc20fc20fc20
fc20fc18fc20fc20
fc38fc30fc28fc28
fc20fc20fc30fc38
fc30fc20fc20fc20
fc50fc38fc20fc30
fc20fc20fc28fc40
fc20fc20fc18fc18
fc28fc30fc28fc30
fc48fc30fc18fc20
fc38fc38fc40fc40
fc30fc30fc38fc38
fc10fc18fc28fc30
fc10fc10fc10fc10
fc30fc28fc28fc20
fc48fc30fc30fc30
fc30fc28fc50fc48
fc18fc20fc38fc48
fc18fc18fc18fc18
fc10fc18fc18fc18
fc38fc30fc20fc18
fc91fca9fc81fc48
fcc1fc40fc70fc81
fcb9fca1fc58fcd1
fc70fc81fc89fc70
fc48fc68fc58fc68
fc18fc28fc30fc58
fc10fc18fc18fc18
fc20fc28fc28fc18
fc18fc10fc18fc20
fc18fc18fc18fc18
fc28fc28fc28fc18
fc18fc20fc20fc18
fc20fc20fc20fc20
fc38fc38fc38fc30
fc28fc28fc28fc30
fc20fc18fc20fc20
fc40fc38fc20fc28
fc28fc28fc28fc40
fc20fc20fc20fc28
fc30fc30fc38fc48
fc30fc20fc18fc30
fc40fc40fc38fc30
fc38fc30fc30fc30
fc10fc18fc30fc38
fc10fc18fc18fc18
fc60fc60fc60fc38
fc48fc50fc58fc58
fc30fc20fc38fc58
fc20fc20fc40fc50
fc18fc18fc18fc20
fc20fc20fc18fc18
fc68fc60fc48fc28
fc70fcd9fc91fc50
fca1fc81fca1fc68
fc91fc68fc70fcb9
fc70fc81fc91fc91
fca1fca1fc81fc89
fc38fc50fc99fcf1
fc18fc10fc20fc30
fc20fc20fc20fc18
fc20fc18fc18fc20
fc18fc20fc18fc18
fc28fc28fc20fc20
fc28fc28fc20fc18
fc20fc28fc30fc28
fc30fc30fc38fc30
fc50fc48fc38fc28
fc18fc18fc28fc30
fc40fc30fc28fc20
fc28fc28fc28fc48
fc28fc20fc20fc30
fc48fc48fc58fc58
fc38fc20fc18fc40
fc38fc30fc30fc38
fc38fc38fc30fc30
fc10fc20fc30fc38
fc18fc18fc18fc18
fc99fca1fc99fc40
fc60fc78fc89fc91
fc28fc38fc48fc70
fc20fc28fc50fc50
fc20fc20fc20fc18
fc60fc60fc38fc30
fcb1fc81fc58fc50
fc70fc78fc91fcd1
fc68fcd1fc99fc38
fc99fc38fc78fc50
fc78fc91fcb9fcb1
fc78fc70fc58fc60
fcd1fc81fc91fcb1
fc18fc18fc48fc81
fc20fc20fc18fc20
fc20fc20fc18fc18
fc20fc20fc20fc20
fc20fc28fc28fc20
fc30fc30fc28fc20
fc28fc18fc20fc30
fc68fc50fc58fc40
fca9fcb9fc91fc70
fca1fc78fc78fc81
fc38fc30fc38fc91
fc20fc20fc20fc38
fc28fc28fc20fc28
fc50fc48fc48fc30
fc38fc18fc28fc48
fc28fc30fc48fc48
fc40fc40fc38fc30
fc10fc28fc38fc38
fc18fc18fc18fc18
fcc9fcc9fca9fc40
fc81fca1fcb9fcc1
fc20fc38fc60fc91
fc18fc20fc30fc40
fc40fc58fc38fc20
fca9fcb9fc58fc50
fc99fc60fc70fc99
fc60fc58fcb9fcd9
fd11fcc1fc58fc48
fc91fc48fc48fc78
fc58fc58fcc1fcf9
fc58fc70fc68fc50
fc91fc70fc70fc60
fc28fc28fc40fc68
fc28fc20fc18fc10
fc10fc10fc10fc18
fc20fc28fc30fc20
fc20fc20fc28fc20
fc20fc20fc20fc18
fc81fc30fc10fc20
fca1fc99fca1fcb1
fcc1fcd1fcd9fcc1
fcf1fcb1fc99fc91
fcd1fcc1fca9fcf9
fc20fc20fc38fc70
fc20fc28fc28fc18
fc20fc20fc20fc28
fc28fc10fc30fc30
fc38fc40fc48fc40
fc38fc40fc30fc30
fc10fc28fc30fc38
fc18fc18fc10fc10
fce1fcd9fc99fc30
fc91fca9fcc1fcc9
fc18fc38fc70fc89
fc20fc28fc28fc20
fc81fc89fc38fc20
fc68fc58fc68fc78
fc70fc50fc99fca9
fc68fc89fce9fce9
fd01fc70fc89fc91
fca1fcb1fc48fc99
fc50fc58fcb1fcb1
fc68fc99fc60fc58
fc60fc50fc68fc60
fc78fc89fca1fc91
fc28fc20fc20fc40
fc10fc10fc10fc20
fc10fc20fc20fc10
fc18fc20fc10fc10
fc18fc20fc10fc10
fd09fcc1fc28fc10
fd11fce9fce9fd09
fcf1fcf9fd09fd09
fcc9fcc9fca1fcb1
fcf1fcd1fcb9fcc9
fc58fc68fca1fce1
fc28fc28fc30fc40
fc08fc10fc20fc30
fc30fc18fc10fc10
fc48fc40fc40fc38
fc30fc30fc30fc40
fc18fc30fc28fc28
fc18fc10fc18fc10
fce9fcd9fca1fc30
fca9fcc1fcd1fce1
fc28fc40fc89fc89
fc30fc30fc48fc38
fc70fc70fc81fc28
fc68fc68fc91fca9
fc58fc81fc68fc48
fc89fd21fd71fca1
fcf9fcc1fcf1fcb9
fca9fcb1fc89fcd9
fc60fc89fce1fc91
fc89fca9fc60fc68
fc60fc50fc60fc58
fcc9fcc1fcf1fc70
fc40fc50fc50fcd1
fc18fc18fc18fc28
fc08fc18fc18fc10
fcc9fcf1fc89fc28
fc70fc30fc28fc89
fd09fd09fcf1fcc9
fce9fd11fd29fd21
fd01fd01fce9fce1
fd01fcf9fcf9fcf9
fcc1fce1fcf1fcf1
fc99fc99fcc9fcb9
fc30fc20fc38fc78
fc10fc08fc08fc10
fc20fc20fc18fc08
fc40fc38fc30fc30
fc28fc30fc38fc40
fc20fc38fc28fc28
fc18fc10fc18fc10
fce1fcc9fc81fc18
fca9fcc1fcd9fce9
fc30fc48fc91fc89
fc58fc60fc70fc58
fc68fc81fc99fc60
fcd9fce9fcf1fc81
fcb1fcb1fc91fca9
fcf1fd59fd01fcd9
fd09fd21fd21fce1
fca1fcc9fca1fd11
fc99fcc9fce9fc78
fc99fc81fc50fc91
fc89fc81fc50fc58
fcb1fcb9fc70fc60
fc40fc58fc91fcb9
fc20fc20fc20fc30
fc48fc30fc18fc10
fd69fdfafdd2fce1
fd29fc78fc89fcd9
fcf9fcf1fd69fdca
fce1fcd1fcf9fd01
fd11fd39fd21fd09
fd92fd71fd71fd49
fd69fda2fdd2fdda
fcb1fcc9fd19fd21
fc38fc28fc50fca9
fc10fc10fc10fc10
fc48fc99fc20fc10
fc38fc28fc20fc18
fc28fc40fc38fc38
fc28fc38fc28fc28
fc18fc18fc18fc18
fcd9fcc1fc68fc10
fcb9fcd1fce9fcf1
fc28fc58fca9fc91
fc81fc70fc68fc50
fc89fc50fc89fc91
fd11fd11fcc9fc81
fd01fd09fd31fd09
fd69fd59fd29fd39
fd69fd71fd71fd49
fcc9fce1fd01fd51
fcb9fcf9fce9fcc1
fce1fcb1fc91fcb9
fc70fcb9fc70fca9
fc81fc68fc68fc60
fc81fc89fca9fc89
fc18fc30fc40fc70
fcc1fc48fc30fc28
fdeafe5afe4afdd2
fd61fcf9fcf9fd69
fd41fd39fd39fd51
fcf1fce1fd09fd29
fd69fd71fd69fd19
fe93fe42fdf2fd9a
fe1afe7afe83feb3
fcf9fd49fd9afdc2
fc50fc48fc81fcc9
fc10fc10fc18fc18
fd01fd19fc18fc10
fc18fc18fc10fc18
fc30fc40fc38fc28
fc30fc38fc28fc30
fc10fc18fc18fc18
fcd1fcc1fc48fc08
fcd9fcf1fcf9fce9
fc28fc60fcb1fcb9
fc68fc70fc70fc58
fc89fc81fc89fc89
fd31fd21fce9fcb1
fdb2fd8afd71fd49
fdb2fd9afd92fdaa
fdcafddafdd2fdb2
fd21fd61fd71fd71
fce1fd11fd19fd31
fd01fcf1fce9fcd1
fc81fca1fcb9fcc1
fc91fc50fc81fca9
fca1fc91fc89fc91
fc20fc48fc68fc91
fd19fc28fc40fc28
fe02fe5afe52fe42
fd79fd39fd29fda2
fd21fd31fd39fd39
fce9fd19fd69fd31
fe32fdfafd92fd31
ff94ff4bff03fe72
fe6afeabff33ff9c
fd9afe12fe4afe3a
fc70fc89fce1fd39
fc10fc10fc18fc18
fdaafcf9fc10fc10
fc20fc38fc30fc58
fc40fc40fc30fc18
fc28fc30fc28fc30
fc10fc18fc10fc18
fcd1fca9fc30fc08
fcf9fd09fd11fce9
fc40fc58fc99fcf9
fc89fc81fc99fc81
fce9fcc9fc91fcb9
fd79fd39fd01fcf1
fe02fddafdfafdba
fdeafddafddafdfa
fdeafdf2fe02fdfa
fda2fdbafdaafdb2
fd11fd29fd59fdba
fd11fd19fd31fd19
fc99fca1fcd1fce1
fc70fc58fca1fcc9
fc91fc60fc58fc91
fc28fc60fc99fc91
fd09fc28fc38fc20
fde2fe7afe22fdda
fda2fd79fd49fd92
fd31fd31fd21fd41
fce1fd11fd69fd19
fec3fe42fdaafd11
002c003cfff4ff43
ff33ff9c000c003c
fe32fe93fe9bfed3
fc68fcd9fd69fdba
fc10fc10fc18fc18
fd19fc78fc18fc10
fca1fce1fcf9fce1
fc38fc30fc20fc50
fc30fc38fc28fc30
fc10fc10fc10fc18
fd01fca9fc28fc18
fd19fd21fd39fd39
fc58fc28fc50fcd1
fc99fc78fcd1fcb9
fd51fd39fd19fcf1
fe2afdc2fdb2fdaa
fe1afe12fe3afe52
fe02fe1afe3afe1a
fdcafdf2fe12fe0a
fdbafdc2fdb2fdc2
fd51fd59fd69fd82
fd31fd29fd49fd59
fcd1fcf1fd11fd19
fc81fc91fcc1fcc9
fc60fc60fc60fc68
fc48fc68fcd9fc89
fc81fc30fc28fc38
fe02fe3afe42fd19
fdcafddafd92fdc2
fcf1fd49fd69fd51
fd01fd49fd39fce9
ff5bfedbfe2afd29
0074007c0044ffd4
fff40054008d0085
feb3fee3fefbffa4
fcc9fd8afe12fe5a
fc10fc10fc18fc18
fcc9fc78fc28fc10
fce9fd19fd31fd01
fc28fc18fc50fcb9
fc40fc38fc28fc28
fc18fc18fc10fc20
fd19fca1fc28fc20
fcc9fd31fd49fd61
fc99fc70fc78fc91
fca9fc70fc58fc68
fdaafd69fd59fd09
fe72fe52fe12fdea
fe2afe3afe4afe4a
fe12fe12fe5afe52
fdeafe02fe0afe1a
fdaafdcafdcafdda
fd82fd71fd82fd92
fd49fd49fd69fd82
fd29fd29fd31fd39
fcd9fce9fd01fd19
fc60fc78fc78fc99
fc78fc68fc78fc68
fc99fc38fc20fc60
fe42fe02fe02fcf1
fdb2fe1afe22fe52
fd11fd51fdaafdc2
fd19fd79fd82fd21
ffc4ff33fe1afd29
008d0095006c0014
002c006c008d008d
ff0bff03ff4bffc4
fdcafe32fe83fecb
fc10fc18fc18fc18
fc99fc68fc30fc18
fce1fce9fce1fcc1
fc18fc28fc91fcd1
fc48fc48fc28fc18
fc18fc18fc10fc28
fd19fc99fc28fc28
fca9fd09fd41fd41
fc81fc99fce9fce1
fd29fcf1fca9fc70
fe72fe12fd92fd59
fe9bfe83fe5afe3a
fe62fe3afe4afe93
fe1afe12fe4afe62
fe12fe12fe32fe32
fdaafdd2fde2fe02
fd92fd79fd92fd92
fd59fd69fd61fd82
fd51fd41fd39fd51
fd11fd29fd39fd49
fc68fc91fcb1fcc9
fc91fc48fc50fc81
fd21fc99fc38fca9
fde2fdb2fd49fcb9
fdc2fde2fe1afe12
fd92fda2fdfafe3a
fcc9fd69fddafd92
0014ff4bfdd2fce9
008d009d009d0064
002400440064006c
ff6bff3bff73ffdc
fe12fe9bfeb3ff0b
fc10fc18fc18fc18
fc68fc48fc28fc18
fcd1fce1fcb1fc89
fc20fc38fc50fc81
fc48fc48fc40fc30
fc30fc38fc30fc40
fcb1fc60fc38fc38
fca1fcb1fcc1fcb9
fc38fc81fcd1fcd9
fdc2fd41fcc1fc70
fe83fe83fe52fe4a
fe93fe9bfe8bfe83
fea3fe7afe8bfeab
fe42fe1afe52fe93
fe2afe32fe9bfeb3
fdcafdd2fde2fe0a
fd92fd9afd9afda2
fd71fd61fd69fd82
fd51fd41fd49fd59
fd21fd21fd31fd41
fc91fcb9fcd9fd01
fc58fc38fc48fc78
fdeafd31fc48fc78
fd49fd51fce1fcd1
fdc2fde2fd92fd61
fddafddafe0afe12
fd09fd59fdc2fdca
00ddff63fd9afcf1
00f5010d012d0165
0014004400640095
ff84ff94ffb4ffdc
fe22feb3fed3ff43
fc18fc20fc20fc10
fc68fc48fc28fc18
fcc9fce9fcc1fc81
fc40fc68fc40fc60
fc50fc38fc70fc48
fc28fc30fc48fc50
fca9fc38fc20fc28
fcc1fce1fcf1fcd9
fcd1fca9fcb1fcc9
fe62fddafd92fd09
fe72fe83fe72febb
fe8bfe83fe93fe83
fed3fe8bfe93fe83
fe9bfe32fe6afeb3
fe4afe32fe42fe7a
fd69fd82fda2fdea
fd9afd9afd82fd59
fd8afd69fd79fd92
fd59fd51fd69fd82
fd11fd31fd41fd41
fca9fcc9fcf9fd09
fc40fc50fc58fc89
fda2fc91fc50fc38
fd01fcf1fc89fce9
fd09fd41fd19fcf1
fdeafdc2fda2fd39
fd49fd39fdbafe0a
0186ff33fd92fd39
015501c602b702bf
0024006400cd017d
ff6bff9cffd4fffc
fe42fe83febbff3b
fc20fc20fc20fc10
fc78fc58fc20fc20
fcc9fcc1fc99fc81
fc70fc89fc70fc91
fc48fc48fc81fc58
fc28fc30fc60fc60
fc81fc20fc10fc20
fcc9fcc9fca1fc89
fd41fcc1fc89fcb1
fe3afe12fdf2fd9a
fe83fe8bfe8bfe8b
fe9bfe93feabfe93
fea3fe8bfe83feb3
fe52fe4afe42fe7a
fe22fe42fe12fe32
fd39fd71fdb2fdea
fdb2fdc2fd61fd39
fd71fd71fd71fd8a
fd61fd69fd69fd71
fd11fd39fd51fd49
fc99fcc1fcd9fcf9
fc58fc78fc91fca1
fca9fc68fc48fc38
fcb9fd11fc78fcd9
fca9fcd9fce1fc99
fd82fd41fd61fd11
fd71fd31fda2fdfa
010dfe93fdcafd82
01ce025e0266021e
007400bd015d018e
ff43ffa4ffd4001c
fe4afe6afebbfef3
fc40fc50fc38fc28
fc78fc48fc20fc20
fca9fc99fc89fc81
fc50fc68fc99fca9
fc28fc48fc78fc50
fc28fc20fc20fc20
fc30fc18fc28fc28
fc99fc60fc38fc38
fde2fd19fc91fc81
fe32fe1afdf2fdfa
fe9bfe83fe93febb
fed3fe9bfedbfeab
fe52fe7afe9bfed3
fe2afe22fe32fe72
fe1afe22fe12fe1a
fda2fdcafe02fe4a
fdaafdb2fd9afd92
fd82fd71fd71fd82
fd51fd51fd61fd69
fd29fd31fd49fd41
fca9fcb9fce1fd01
fc70fc99fc99fca1
fc68fc68fc48fc50
fca9fd01fc60fc78
fca1fc89fd11fcc9
fd59fd09fcf9fcf1
fd82fd79fd8afd92
000cfe12fdaafdaa
01ce01be01750155
008d0105016d017d
ff0bff7bffc4001c
fe0afe32fea3fedb
fc78fc89fc68fc30
fc68fc38fc28fc50
fc81fc78fc70fc78
fc58fc70fc99fc91
fc48fc70fc81fc68
fc28fc18fc10fc18
fc28fc20fc30fc38
fca9fc81fc60fc40
fe32fdfafce9fc78
fe72fe3afe1afe32
fe7afe72fe7afe72
febbfe93fea3fe8b
fe4afe6afe8bfe9b
fdfafe02fe0afe22
fdfafdeafdf2fdf2
fdd2fddafe12fe1a
fdaafdb2fdb2fdb2
fd71fd8afd8afd8a
fd61fd51fd61fd61
fd21fd31fd41fd51
fcc1fcb9fce1fd09
fc70fc99fc91fca9
fc89fc48fc50fc58
fca9fd69fcb9fc81
fca1fc99fce9fd19
fd11fd11fcc9fce1
fd9afd71fd71fd31
ff33fdcafd8afd9a
0145013501650115
005400b5010d014d
fefbff4bff9cffe4
fe22fe42fea3fecb
fc68fc78fc50fc28
fc58fc38fc30fc40
fc60fc58fc58fc58
fc60fc70fc78fc70
fc48fc70fc68fc68
fc28fc18fc18fc20
fc28fc28fc40fc48
fc89fc78fc68fc48
fe62fe1afd09fc78
fe3afe3afe42fe93
fe83fe72fe6afe62
feb3feb3fea3fe93
fe62fe93fecbff0b
fdeafe02fe12fe32
fdeafddafde2fdea
fdbafdc2fdf2fdf2
fda2fdbafd9afd8a
fd61fd71fd82fd79
fd59fd71fd69fd61
fd11fd21fd31fd51
fcc1fcc1fce9fcf9
fc78fc91fca9fca9
fc50fc40fc68fc68
fcc9fd9afd01fc68
fcc1fcf9fce1fd31
fcd1fcc1fc91fca1
fdaafdbafd82fcf1
fe62fda2fd79fd92
010d013d01550054
000c006c00c500fd
fefbff3bff9cffd4
fe83fea3fedbfee3
fc28fc38fc28fc20
fc58fc50fc48fc20
fc58fc60fc68fc68
fc60fc50fc48fc58
fc30fc60fc50fc50
fc30fc30fc28fc18
fc30fc30fc38fc48
fcb9fc70fc78fc58
fedbfe32fd61fce9
fe1afe2afe32fe9b
febbfec3fe7afe52
ff03ff0bfedbfeb3
fecbff43fef3ff0b
fdf2fe12fe2afe62
fddafdd2fdc2fdf2
fdaafdcafde2fde2
fda2fda2fda2fda2
fd59fd69fd79fd79
fd61fd79fd71fd61
fd11fd11fd29fd49
fca9fca9fcc9fd11
fc81fca9fcb1fca9
fc40fc60fc81fc70
fce1fe02fcd1fc50
fcb1fce9fca1fcb9
fcc1fc91fc70fc68
fd92fd8afd71fce9
fe5afddafd79fd82
00f5012d00f5ff94
00040054009500cd
ff4bff63ffbcfff4
fea3feebff2bff3b
fc50fc40fc20fc20
fc58fc50fc60fc58
fc70fc78fc70fc68
fc70fc68fc58fc60
fc38fc48fc40fc38
fc50fc81fc81fc38
fc48fc40fc38fc50
fd19fcc9fca9fc78
feabfe3afdbafd51
fe22fe22fe1afe72
fecbfebbfe6afe3a
feebfeebfecbfec3
ff13fffcff94ff1b
fe02fe22fe6afebb
fdd2fdd2fdd2fdfa
fdcafddafdf2fde2
fd92fda2fdbafdc2
fd61fd71fd82fd79
fd59fd82fdbafd92
fcf9fd11fd21fd41
fca1fc99fca1fcd9
fc81fca1fca1fc91
fc60fc81fc89fc78
fcf9fe93fd29fc60
fc89fca9fc81fc81
fcc1fca1fc81fc60
fd49fd49fd01fcf1
fe9bfe22fd71fd29
00a500ad0074ff3b
000c003c0074009d
ffb4ffd4fff4001c
fe72fee3ff43ff8c
fc40fc38fc40fc48
fc60fc48fc48fc48
fc99fc99fc81fc68
fca9fca9fc68fc70
fc40fc40fc38fc60
fc81fcc1fce1fc99
fc40fc48fc50fc68
fd09fcc1fcb1fc89
fe42fe22fe02fd69
fe2afe32fe1afe0a
fed3feabfe52fe12
ff8cff2bff0bfec3
ff7bffe4ffecffc4
fe32fe7aff03ff84
fde2fdf2fe0afe12
fde2fde2fde2fde2
fd79fdbafddafdda
fd69fd69fd69fd69
fd59fd79fd9afd8a
fcd9fd09fd19fd39
fc89fc89fc99fca9
fc81fc89fc89fc81
fc60fc78fc78fc70
fcf9fe42fd09fc48
fc78fcb1fca1fca1
fcb9fcb9fc91fc81
fcb9fcc1fcb9fcc1
fe9bfe0afd9afd19
006400740054ff73
0014002c003c0054
ffe4002c002c002c
fe42feabff2bffa4
fc48fc40fc48fc48
fca9fc99fc81fc58
fcb9fcd1fcc1fca9
fd09fd01fcc9fca9
fc99fcb1fcd1fcd1
fc78fc91fce1fcd1
fc50fc38fc40fc58
fca9fca1fca9fc68
fdfafdf2fdcafd11
fe1afe2afe1afdfa
ff3bff2bfe52fe12
ff9cffc4ff8cffb4
00ad00bd0074ffec
feabff0bff330004
fe02fe12fe62fe72
fdcafdcafddafdf2
fd82fdc2fdeafde2
fd82fd71fd59fd61
fd59fd79fd92fd92
fcd1fcf9fd19fd31
fc89fc70fc81fca1
fc68fc78fc81fc78
fc68fc70fc68fc58
fcb1fd11fc91fc50
fc99fc99fca1fc91
fcc1fcd1fd01fcc1
fca1fc81fc81fca1
fec3fdd2fd41fd11
0044004c0034ffcc
0054004c002c0024
ff94001c00640034
fdaafdfafe72ff03
fc60fc40fc30fc18
fd8afd9afd61fcc9
fd49fd61fd69fd69
fd21fce1fce9fd21
fd92fdb2fdaafd69
fc81fc89fc99fd09
fc70fc68fc30fc58
fc89fc68fc50fc68
fdfafdcafd8afd01
fdfafe1afe22fe0a
ff5bff53fe62fe0a
001c0004ffa4ff73
011d014d00a5008d
ff13ff33ff8cffe4
fdd2fe0afe52feab
fdbafdcafdb2fdb2
fd82fdcafe02fdfa
fd8afd82fd51fd51
fd49fd71fd92fd9a
fcc1fce9fcf1fd21
fc78fc68fc81fca9
fc60fc70fc89fc68
fc70fc60fc50fc48
fc60fc50fc48fc60
fc89fc81fc89fc70
fcc9fcc9fcc1fc89
fcb1fc78fc89fcd1
fefbfdf2fd29fce1
000400340014ffd4
0095007c001cfffc
fe62ff33ffcc0054
fce1fce1fd01fd79
fcf1fc78fc50fc30
fe1afe0afdfafdaa
fd71fdc2fdeafe02
fd39fcc9fcc1fce9
fdf2fe02fe0afdda
fc89fca9fcf1fdb2
fc89fc81fc38fc68
fcd1fc89fc48fc58
fe02fde2fd79fd19
fdf2fdfafe12fe0a
ffe4ff2bfe8bfe12
006c002c000cff94
01150165013d0105
ff03ff430034008d
fdcafdf2fe72fe9b
fdb2fd92fdaafdba
fd61fdcafe12fdfa
fd82fd82fd51fd29
fd29fd51fd8afd82
fcb9fce1fd01fd11
fc78fc58fc89fca1
fc60fc78fc81fc70
fc60fc58fc58fc58
fc30fc30fc48fc60
fc68fc81fc89fc60
fcb9fca1fc81fc91
fcd1fca1fc99fce9
fea3fdd2fd79fd21
ffec001c0014ffac
005c006c000cfff4
fd49fe12fea3ff84
fca9fc91fc78fca1
fdbafd09fc81fc68
fe3afe3afe32fe1a
fd09fdaafdfafe2a
fcc9fca1fcb9fcb9
fdfafe1afe12fdba
fcd9fd19fd92fdda
fc70fc70fc50fc78
fcd1fc89fc58fc78
fdfafdf2fd82fcf1
fe2afe0afe02fe0a
ffd4ff33fe93fe4a
00a5002c009dffe4
0145015d014d011d
ff2bff84004c00d5
fdfafe02fe5afe9b
fdbafd82fda2fdd2
fd51fdd2fdf2fde2
fd82fd8afd51fd21
fd01fd39fd79fd8a
fcb1fcd9fce9fcf1
fc58fc60fc81fc91
fc58fc70fc70fc50
fc60fc58fc50fc50
fc40fc38fc50fc58
fc91fca1fc78fc50
fd31fe2afe3afd29
fd19fcc1fcb1fcd1
feabfdaafd59fd39
fffc0014004c0004
ff730004000cfffc
fd39fe32febbfef3
fc89fc89fc70fc89
fe02fdb2fd11fcb1
fe32fe42fe3afe2a
fcb1fd11fdbafe1a
fcc1fcb1fc99fca1
fe02fe1afe12fd92
fd01fd59fda2fdca
fcc1fc91fc91fcc1
fca9fc70fc99fcc1
fdeafdd2fd79fcf1
fe42fe22fe0afdf2
ff9cff13fe93fe6a
0014ffdcffecffa4
00ad01a601be012d
ff0bff8cfffc00b5
fdf2fdf2fe52fe93
fdb2fd8afda2fdda
fd71fdbafde2fdd2
fd82fd61fd41fd31
fd01fd39fd79fd8a
fca9fcc9fce9fcf1
fc60fc70fc78fc91
fc58fc68fc68fc60
fc58fc50fc48fc40
fc48fc40fc48fc50
fcb9fc99fc81fc48
ff5bff3bfef3fe8b
fd71fd49fdbafe72
fe7afd69fd21fd59
0034003c002cffe4
ff5bffc400240014
fce1fd9afe8bff3b
fc38fc48fc60fc81
fe12fdf2fda2fd11
fe12fe1afe22fe1a
fc99fca1fd01fdb2
fd49fd19fcb9fc99
fe0afe22fe22fdca
fcf9fd61fd82fdca
fcc9fcb1fcc1fcd9
fcd1fcb1fd21fcf1
fddafdcafd92fd09
fe62fe4afe12fdf2
ffdcff0bfea3fe52
000c0044ffdcffec
009d017d0115005c
ff03ff5bff940044
fdeafdeafe1afe9b
fdaafda2fddafe02
fdaafddafde2fdda
fd79fd59fd21fd21
fcf1fd11fd49fd69
fcb1fcd1fce9fce9
fc68fc60fc68fc89
fc50fc58fc60fc58
fc58fc58fc50fc48
fc40fc48fc50fc58
fcf1fc91fc91fc50
fe8bfe83fd92fe32
ff3bfebbfebbfe7a
ff43ff23fef3ff7b
ff73fed3ff03ff5b
fefbff6bfff4001c
fcc1fd11fd82fe2a
fc40fc30fc48fc81
fdfafdeafdc2fd59
fdaafdeafdfafdfa
fcb9fc91fca1fd09
fda2fd9afd59fd19
fe02fe12fe12fde2
fd11fd51fd61fdc2
fca9fc89fcb9fcc9
fd49fd11fcf1fce9
fdd2fdeafde2fd41
fe8bfe6afe1afe02
ffdcff1bfec3fe83
005c009d0085004c
fff4005c009d005c
fe93ff2bff6bffe4
fe0afe22fe0afe32
fd9afda2fde2fe6a
fdaafdd2fdd2fdd2
fd82fd61fd21fd29
fce1fce9fd21fd61
fca9fcd9fce9fce9
fc68fc70fc70fc91
fc58fc50fc48fc50
fc60fc58fc50fc58
fc48fc48fc60fc60
fd29fcb1fc99fc68
0024002cfe62fdda
ff2bff2bff4bffc4
007cffc4fefbff13
fe93ffa4006400c5
fdbafdd2fdbafdca
fcd1fd01fd21fd79
fca9fc40fc58fca1
fdc2fdbafda2fd51
fcf1fd51fda2fdc2
fd01fca1fc99fca9
fdeafdfafd9afd71
fdcafddafdcafd8a
fd49fd31fd21fd9a
fcc9fcc1fcd1fce9
fd11fcd1fc91fcb1
fde2fdfafdcafd41
fe83fe42fdfafde2
ffe4ff1bfecbfe6a
0054011500a50044
009d00dd0125004c
fee3fedbff330024
fe5afe12fe12fe22
fd79fdaafde2fe9b
fdb2fdd2fdcafd9a
fd71fd71fd31fd49
fcf9fd01fd09fd41
fcb9fcd1fce9fcf1
fc68fc81fc81fc99
fc60fc58fc48fc40
fc58fc58fc50fc60
fc50fc58fc60fc60
fd01fcb1fc91fc58
ff13ffdcfe7afde2
ffbcff63fe9bfe42
002cff0bfea3ff53
0074009500a500a5
fe83fde2fe6affbc
fcc9fcf1fd31fe9b
fcf9fc89fc68fc99
fd92fd9afd8afd41
fc99fcb9fd01fd69
fd39fcf1fcb1fc91
fe12fdd2fd61fd49
fd92fda2fdaafd69
fd49fd01fcf9fd69
fc99fca1fca9fd29
fcc1fc78fc50fc60
fddafddafd92fd59
fe52fe12fdeafdca
ff2bfef3fe7afe52
00c500740014000c
00950236019600c5
fedbff43ff7bffd4
fe83fe12fde2fe0a
fd8afdb2fdfafe6a
fdcafdd2fdbafd92
fd61fd79fd51fd92
fd11fd11fd11fd31
fcb1fcd9fce1fcf9
fc68fc78fc91fc99
fc50fc70fc70fc58
fc68fc60fc58fc60
fc58fc68fc68fc60
fcb1fca9fc78fc48
fd71ff33ff13fde2
0064ffacff03fdf2
ffc4fefbff530034
008d007c0085007c
ff1b0004006c009d
fd01fd19fd29fe32
fd31fcb9fc78fc99
fd41fd79fd71fd31
fc81fc99fca1fce1
fd79fd51fcc1fc78
fdfafd79fd31fd51
fd79fd92fd82fd51
fcf9fcd9fcd9fd51
fc81fc89fca1fcf1
fce9fc99fc58fc70
fddafdc2fd82fd51
fe5afe12fdfafdda
fefbfea3fe62fe8b
00d5006cffdcff3b
0064022e0125010d
fe83ff03ff94ff6b
fe83fe12fdfafe3a
fd9afdcafe0afe62
fe02fdeafdc2fd9a
fd8afd9afd82fdc2
fd31fd31fd31fd49
fc99fcc1fce1fd09
fc78fc81fc89fc89
fc48fc60fc89fc78
fc60fc60fc50fc58
fc70fc68fc81fc78
fc91fc99fc68fc68
fdd2ff53ff6bfd8a
0054ffd4ff03ff63
ffc4ff94ffec0074
006c005c005c005c
0095009d005c0054
fca9fd21feb3000c
fedbfd09fc78fc68
fcc1fd09fd31fd19
fc70fc89fc91fc99
fd41fd41fcd1fc68
fd9afd39fd31fd39
fd71fd82fd61fd41
fc89fc91fcc9fd49
fc48fc48fc81fca9
fce1fcc9fc70fc60
fdf2fdcafd79fd11
fe83fe22fdeafdd2
ff43fe7afe6afe6a
00ed002cff53ff84
00bd01ae015501be
fecbff5bffac0044
fe32fdf2fe12fe52
fdaafddafdfafe22
fe12fe2afdd2fd92
fd92fda2fdaafde2
fd49fd49fd59fd79
fca9fcd9fcf1fd21
fc78fc89fc99fca1
fc50fc50fc81fc81
fc68fc50fc40fc50
fc89fc81fc89fc89
fcb1fcc1fc78fc78
ff13ffc4ff03fd59
000c0004ff6bff7b
001c002c003c0074
001c001c002c002c
0054003c0004fff4
fdc2feeb0044008d
fe93fd59fce9fd09
fc99fca1fcc1fd11
fc60fc78fc78fc89
fcf9fcf1fcc9fc70
fd51fd41fd31fd11
fd71fd71fd61fd41
fc78fc60fcc1fd51
fc81fc70fc58fc89
fd09fd11fcd1fca1
fde2fddafd82fcf9
fe32fdf2fdcafdca
ff4bfe83fe42fe3a
005cffccff43fffc
01f601d60246021e
feeb0004008501b6
fe02fdfafe4afeb3
fda2fdd2fde2fe02
fe2afe22fdc2fd8a
fd82fd8afdc2fdfa
fd41fd39fd82fda2
fcd1fcf1fd09fd29
fc89fc89fca1fcc1
fc48fc48fc70fc91
fc81fc58fc40fc50
fc70fc89fc91fc99
fcd1fd79fd21fc68
ffdcffc4fe52fd31
0044006400640074
00340034003c0064
ffbcfff4001c002c
ffbcffc4ffbcffac
fe72ff53ffd4fffc
fd41fcf9fcf1fd59
fc68fc81fca1fcd9
fc70fc68fc58fc58
fce9fcc9fcc1fca9
fd21fd29fd39fd21
fd71fd61fd59fd49
fc68fc50fcd1fd59
fd11fcb9fc68fc91
fd21fd51fd09fcf9
fdd2fddafd8afd21
fe0afdd2fdc2fdca
ff5bfedbfe52fe3a
002cffacff33ff94
023e02c702260155
fff400b501d60216
fdf2fe42fef3ff8c
fdaafddafddafdf2
fe52fe12fdc2fd92
fd69fd8afde2fe2a
fd39fd41fd79fd82
fcc9fce9fd09fd21
fc99fc91fca1fcb9
fc58fc58fc78fc91
fc89fc58fc48fc58
fc68fc91fca1fca1
fd71fe12fd51fc60
004cff7bfe02fd51
003c002c0044008d
004c003c003c0064
ffacffdc0014003c
ff84ff7bffa4ff94
fdbafecbff53ff8c
fcd1fce1fce9fd01
fc38fc50fc68fc91
fca9fc60fc38fc30
fd21fce1fce1fcd9
fcf1fd09fd31fd39
fd69fd59fd51fd31
fc60fc58fcf9fd61
fcc9fc99fc60fc81
fd21fd39fce1fca1
fdc2fddafdaafd51
fe1afddafdc2fdaa
ff6bff4bfe83fe6a
007cffbcff53ff7b
019e02bf025e012d
00dd00d501ce011d
fdf2fe9bff33ffec
fda2fdcafdeafdea
fe62fe0afdbafd92
fd8afdb2fe02fe6a
fd39fd51fd69fd69
fcc9fcf1fcf9fd19
fca1fc99fca1fcb9
fc58fc60fc78fc91
fc91fc50fc50fc60
fc81fc99fca9fcc1
fe8bfd09fc81fc60
000cff94fe12fdd2
0054002cfffc003c
003c0024002c005c
ffc4ffcc000c002c
ff4bff6bff94ffa4
fd59fe1afecbff33
fce9fcd9fce9fcf9
fc20fc28fc48fc60
fcd1fc70fc48fc30
fd41fd19fd01fd11
fcd9fce1fd09fd39
fd61fd49fd39fd09
fc60fc78fd29fd61
fc58fc89fc91fc81
fd09fd11fd09fc70
fdb2fdc2fdbafd92
fe22fdf2fdc2fda2
fed3fefbfecbfeab
0054ffa4fed3ff03
010501650064007c
0064009d00cd0054
fdeafe8bfef3ff9c
fd92fde2fe12fdd2
fe72fe22fdd2fd8a
fd82fdaafdf2fe62
fd41fd59fd49fd49
fce9fd19fd21fd31
fcb1fcc9fcb9fcb9
fc50fc68fc78fc78
fc99fc58fc60fc68
fc81fc81fcb1fcd1
ffdcfce1fc70fc81
001cff2bfe0a002c
ff63ffc4ffd40014
003400240034002c
ffd4ffec00140024
fefbff33ff7bffb4
fd31fdb2fe3afeab
fd71fce1fd09fd09
fc40fc30fc30fc48
fcc9fc60fc58fc60
fd29fd21fd19fd11
fcd1fcd1fce9fd11
fd49fd31fd21fd01
fc68fcb1fd41fd51
fc48fc60fc91fc91
fd31fd01fd11fca1
fdb2fdb2fdbafdc2
fe0afdfafdc2fdb2
fe7afec3fe9bfe2a
ffbcff7bff0bfeab
ffb4000c0014001c
00140054008dffdc
fdf2fe8bfe8bff3b
fd9afdfafe6afdfa
fe7afe3afddafd82
fd51fd71fdaafe12
fd51fd49fd49fd39
fd01fd31fd39fd51
fcc1fcf1fcc9fcb9
fc60fc81fc99fc99
fca1fc60fc68fc58
fc81fc78fca9fcb9
000cfd01fc78fc70
fff4fec3ff230196
fdcafe83fffc0054
001c002c0034ffe4
ffccffe400040014
feb3feebff5bffa4
fd29fd51fe1afe52
fdb2fd01fd29fd49
fc58fc40fc38fc50
fcb9fc60fc58fc68
fd31fd41fd29fd09
fcd9fcd1fcf1fd21
fd49fd39fd29fd09
fc60fce1fd49fd51
fc48fc50fc60fc60
fd79fd19fd09fca9
fdbafdbafdbafdd2
fe2afe32fdeafdc2
febbfe9bfe93fe42
ffdc000cff2bfee3
ffacff84fffcffe4
ffec0034000cffc4
fdcafe22fe32fed3
fd92fdeafe42fdea
fe42fe1afdd2fd82
fd21fd69fdbafdda
fd61fd69fd51fd29
fcf9fd11fd29fd51
fcc9fcf1fcd9fcc9
fc89fc91fc99fca9
fc99fc70fc60fc60
fc70fc81fc91fca9
00b5fdfafc89fc68
ffe4ff1300850226
fe32ff94007c004c
001c001c0014ffd4
ffacffd4fffc000c
fe93fec3ff33ff7b
fd09fd19fde2fe42
fd49fd21fd11fd01
fc58fc50fc48fc60
fcb9fc58fc68fc60
fd39fd51fd51fd19
fce9fce9fd01fd29
fd49fd49fd41fd11
fca1fd09fd41fd49
fc70fca9fc81fc70
fdc2fd59fcb9fc91
fdbafdc2fdd2fdda
fe12fe02fdd2fdb2
fee3feb3fe4afe32
feebff33ff1bfed3
ff03fe42feb3fedb
fe4afe93fe93ff53
fdb2fdeafde2fdea
fdaafdf2fe22fdb2
fd82fdb2fdd2fdaa
fd11fd61fdb2fd8a
fd59fd61fd59fd21
fcd9fcf9fd01fd39
fca9fcb9fcb1fcb1
fc91fc70fc78fc81
fc91fc70fc58fc78
fc70fc78fca9fcc9
0155fe3afc91fc78
ffc4ff5b015d0276
00340095007c003c
00140004fff40004
ff9cffccfff40004
fe7afec3ff13ff53
fce1fd19fddafe2a
fca1fc89fc99fcc9
fc58fc48fc50fc68
fcb9fc50fc60fc60
fd31fd41fd41fd21
fce9fce1fd01fd21
fd41fd41fd41fd19
fcc9fd21fd41fd41
fc99fcd9fca1fc70
fdc2fd79fcb9fc81
fd9afdaafdaafdba
fddafde2fdd2fd9a
fe83fe3afe52fe22
fe8bfedbfedbfeb3
fdb2fddafe1afe32
fd79fd79fda2fdda
fd59fda2fda2fd59
fdcafe02fe1afd82
fd01fd59fda2fdaa
fd19fd79fdb2fd59
fcf9fcf9fcf1fcf1
fc70fc81fca9fcd9
fc60fc58fc68fc70
fc68fc60fc58fc58
fc91fc70fc60fc68
fc68fc99fcd9fcc9
ffb4fd71fc89fc70
ffb4ffdc0186014d
007400950074002c
00140004ffec001c
ff9cffc4ffec0004
fe7afec3ff0bff6b
fd01fd59fdeafe22
fcd1fce1fd19fd09
fc58fc40fc50fc70
fca9fc48fc50fc50
fd19fd21fd29fd09
fcd9fcd9fcf1fd01
fd21fd29fd31fd11
fcd9fd19fd29fd19
fc89fca1fc91fc81
fdc2fda2fcc1fc70
fd92fda2fd9afdaa
fdcafdb2fdf2fdba
fe6afe1afe1afe02
fe1afe5afeebfeab
fd11fd31fda2fdea
fd09fd41fd11fcf9
fcf9fd29fd59fd29
fdc2fde2fde2fd49
fcc1fd31fd92fdc2
fd01fd59fda2fd49
fc89fc91fca9fcd1
fc58fc68fc81fc81
fc50fc38fc48fc58
fc50fc48fc58fc60
fca1fc81fc58fc50
fc70fcc1fcf1fcd1
febbfcd1fc78fc68
ffccffc4009d0085
008d009d0074001c
000cfffcfff40044
ff8cffc4fff4fffc
fe6afebbff0bff63
fd11fd79fdeafe22
fde2fd51fd11fcf9
fc58fc40fc58fc81
fc68fc38fc48fc50
fce9fcf9fcf1fcc9
fce9fce1fce9fce1
fd01fd11fd19fd09
fcd1fd11fd09fd09
fc58fc70fc99fc91
fdaafdbafcd1fc58
fd82fd92fddafdd2
fdeafda2fd9afd92
fe5afe22fdfafdf2
fe52fe9bfeebfea3
fd41fd69fd92fdd2
fcd9fce9fcf1fcf1
fcd9fcc9fcc9fcd1
fdb2fdc2fdbafd41
fca1fcf9fd59fda2
fcd1fd01fd49fd29
fc60fc68fc78fca9
fc60fc68fc60fc60
fc50fc48fc40fc48
fc48fc50fc60fc60
fca9fc78fc48fc40
fc70fce1fd01fcd1
fe62fd19fc81fc60
fff4ff4bff73ffcc
009d009d00740034
0014000c00240074
ff84ffb4ffdcffe4
fe62fec3ff1bff6b
fd11fd8afdf2fe0a
fe4afe12fd71fcf9
fc60fc50fc68fc78
fc50fc38fc48fc58
fcd1fcc9fcd1fca9
fcf9fcf1fcd9fce1
fd01fd01fd11fcf9
fca1fce1fcf9fd09
fc78fc78fc81fc78
fdaafdbafcb9fc91
fd9afdd2fdfafdca
fd41fd71fdaafd92
fd69fd51fd59fd51
fcd1fd01fd21fd61
fc81fc99fca9fcb1
fc60fc70fc70fc78
fc78fc60fc58fc58
fdb2fdbafd39fcc9
fc89fcb9fcf9fd61
fc89fc70fca9fcc9
fc50fc50fc48fc60
fc58fc58fc50fc58
fc58fc50fc48fc48
fc48fc48fc50fc60
fca9fc78fc50fc48
fc78fd01fd21fcc9
feb3fd9afc91fc68
0004fedbfec3ff33
00a500a50085004c
000c002c006c0095
ff84ffa4ffc4ffe4
fe72fec3ff23ff5b
fd69fdbafdf2fe22
fe8bfe8bfe32fd71
fc50fc48fc70fc81
fc50fc40fc50fc58
fcd9fcc1fca9fc99
fce9fcf9fd01fce9
fd09fd01fcf9fd09
fca9fcc1fcf9fd01
fc81fc89fc89fc99
fd8afd92fcb1fc81
fdb2fd29fd59fd79
fc50fc91fce1fd8a
fc58fc48fc48fc40
fc68fc89fc89fc70
fc38fc48fc58fc60
fc30fc30fc40fc40
fc18fc18fc28fc28
fcc9fce1fc50fc28
fc40fc40fc50fc89
fc38fc28fc30fc40
fc28fc30fc38fc30
fc30fc20fc18fc20
fc38fc40fc38fc30
fc38fc30fc30fc38
fc68fc60fc48fc38
fc70fcc9fcc9fc81
fefbfda2fc89fc70
0034ff13fea3fecb
00b500bd00a5007c
00240054009500ad
ff84ffc4ffe40004
fe9bfedbff1bff53
fdeafdfafe0afe5a
ff3bfef3fe7afdfa
fc38fc40fc68fc81
fc60fc50fc50fc48
fd19fcf9fcc9fc99
fd11fce9fd09fd29
fd11fd19fce1fd09
fd21fcd1fd01fd19
fc60fc89fca1fcf9
fc68fc70fc68fc60
fca9fc48fc48fc58
fc48fc30fc30fc91
fc91fc99fc78fc60
fc99fcb1fcb1fc99
fc50fc58fc58fc78
fc48fc48fc50fc50
fc18fc18fc40fc50
fc48fc30fc30fc38
fc20fc20fc28fc38
fc20fc28fc28fc20
fc20fc20fc28fc20
fc28fc20fc20fc20
fc40fc48fc48fc38
fc30fc30fc28fc30
fc38fc40fc38fc38
fc99fc48fc38fc30
fed3fd39fc68fc81
0085ff7bfec3ff0b
00cd00cd00d500d5
0054008500b500c5
ff9cffd400040024
feabfeebff33ff63
fe0afe2afe5afe8b
ff2bfefbfe7afe1a
fc38fc50fc38fc48
fc78fc48fc40fc30
fd01fce9fcd1fca9
fd21fd19fcf9fcf9
fd19fd29fcf9fd01
fdb2fd41fd09fd29
fca1fcb1fd39fd82
fc40fc38fc38fc50
fc48fc50fc40fc48
fca1fc78fc38fc20
fc60fc70fc99fcb1
fc48fc60fc91fc78
fc20fc20fc18fc28
fc30fc30fc28fc28
fc30fc40fc38fc30
fc48fc38fc28fc30
fc28fc30fc38fc48
fc20fc18fc20fc28
fc20fc28fc40fc40
fc50fc48fc30fc28
fc38fc48fc50fc58
fc28fc30fc30fc28
fc40fc38fc30fc30
fcd1fc38fc30fc38
fed3fd21fc78fd01
00e5001cff6bff2b
00f500f5010d0125
007c00b500dd00ed
ffacffd400140044
fed3ff13ff63ff84
fe12fe52fe8bfeab
fecbfe93fe1afdea
fc40fc81fc58fc50
fc60fc48fc40fc30
fcf1fcf9fce9fc91
fd09fd21fd29fd09
fd21fd29fd11fd11
fd21fd01fd01fd21
fd01fd21fd92fdb2
fc89fc60fc40fc89
fc38fc48fc40fc58
fc99fcb9fc78fc20
fc70fc60fc50fc70
fc30fc30fc48fc60
fc20fc20fc20fc28
fc28fc30fc28fc28
fc38fc48fc20fc10
fc38fc40fc30fc20
fc20fc20fc18fc20
fc30fc28fc38fc30
fc20fc38fc48fc48
fc18fc28fc28fc28
fc28fc28fc20fc20
fc30fc30fc30fc28
fc38fc38fc38fc38
fcc9fc40fc38fc48
ffc4fe22fd61fdf2
013d00f500c50054
0115013d016d0175
00ad00dd00f50105
ffacffdc0024005c
fef3ff23ff5bff8c
fe52fe8bfeb3fecb
fe22fe12fe22fe32
fc68fcc9fcd1fcb9
fc50fc48fc38fc40
fd29fd01fce9fca1
fd19fd19fd29fd39
fd39fd31fd31fd31
fcf9fcd9fd01fd31
fd41fd8afd82fd19
fd51fca1fc58fcd1
fc30fc30fc38fcc9
fc78fc78fc60fc20
fc28fc38fc50fc68
fc20fc20fc18fc18
fc20fc20fc20fc28
fc28fc30fc28fc28
fc38fc40fc20fc18
fc28fc38fc40fc28
fc10fc38fc68fc60
fc30fc20fc28fc18
fc20fc30fc38fc38
fc10fc18fc20fc20
fc28fc20fc20fc18
fc38fc30fc30fc28
fc38fc38fc40fc40
fcb9fc48fc40fc40
00fdffd4fe72fe22
018e015d00e500f5
015501a601d601de
00d500fd01150125
ffacffec003c0085
fef3ff1bff53ff84
fe9bfebbfebbfed3
fe0afe4afe83fe8b
fc99fcf9fce1fcb9
fc50fc40fc40fc48
fd21fd11fcf1fca1
fd29fd21fd19fd21
fcc9fcd9fd01fd19
fd71fd19fcb9fca9
fd31fd29fd8afd9a
fd31fc89fca1fd11
fc30fc28fc38fce1
fc28fc30fc60fc28
fc20fc28fc40fc38
fc28fc28fc28fc20
fc18fc18fc20fc20
fc20fc20fc20fc20
fc30fc28fc18fc28
fd59fc48fc38fc38
fc78fd49fdfafe52
fc40fc38fc28fc18
fc20fc20fc28fc30
fc10fc18fc20fc20
fc20fc18fc20fc20
fc38fc30fc28fc28
fc40fc40fc40fc30
fc91fc40fc48fc48
024600cdfe7afdfa
023e023e02560297
01ae01fe02460256
00ed010d0135016d
ffa4fff4005400b5
fedbff0bff43ff6b
fe9bfe8bfe8bfeab
fe9bfe9bfe8bfe93
fcd9fd09fc99fc50
fc48fc48fc38fc58
fcb9fcb9fcb1fc68
fc78fc89fc91fca9
fc60fc58fc70fc78
fda2fcd1fcd1fc68
fd51fd31fd8afdaa
fc91fc91fcd9fd39
fc38fc30fc48fc89
fc08fc10fc40fc28
fc30fc30fc30fc20
fc28fc30fc38fc30
fc18fc18fc18fc20
fc28fc20fc18fc18
fc30fc18fc18fc38
ff3bfcf9fc20fc40
fcd9fd82fe1aff2b
fc30fc28fc18fc28
fc20fc20fc28fc28
fc10fc20fc20fc20
fc20fc20fc20fc20
fc38fc30fc20fc20
fc48fc38fc40fc30
fc99fc40fc50fc58
0064fdfafe22fdea
035f039803a002df
0226027602c70307
010d0145019601d6
ffc4001c008d00d5
feabfedbff1bff63
fe93fe6afe5afe7a
fe5afecbfecbfebb
fcf1fd01fc81fc28
fc48fc48fc30fc70
fc40fc48fc50fc30
fc48fc48fc48fc48
fc81fc60fc50fc50
fd71fc99fcd9fc99
fd21fd61fdc2fd8a
fd01fd69fce1fd59
fc30fc30fc48fc60
fc18fc20fc40fc30
fc38fc30fc28fc20
fc28fc30fc40fc40
fc28fc28fc28fc30
fc30fc28fc20fc28
fc30fc20fc28fc38
ff53fe1afc40fc30
fd09fd92fe22fef3
fc30fc28fc18fc58
fc20fc20fc28fc38
fc18fc30fc28fc20
fc20fc20fc28fc28
fc38fc30fc28fc28
fc58fc48fc40fc30
fcf1fc50fc58fc68
004cfd69fe02fe32
03e803f803f803a0
029f02ff036f03c0
014d019601fe024e
000c007400cd00fd
fe62febbff1bff9c
fe9bfe72fe42fe32
fd71fe22fe9bfeab
fd09fd09fc91fc28
fc50fc48fc38fc91
fc30fc40fc48fc28
fc40fc40fc38fc38
fc68fc50fc40fc40
fd69fcd9fca1fc81
fd51fdfafdd2fd69
fdaafd49fce9fd69
fc28fc20fc40fd09
fc40fc40fc40fc30
fc38fc30fc28fc28
fc30fc38fc40fc40
fc20fc20fc28fc28
fc28fc28fc28fc28
fc38fc28fc30fc30
fefbfeb3fd11fc28
fd51fdc2fe62fefb
fc20fc18fc30fca1
fc28fc28fc28fc28
fc28fc30fc30fc30
fc28fc28fc28fc30
fc38fc38fc30fc28
fc60fc48fc40fc30
fdb2fc58fc60fc68
0206fe2afd61fe6a
03f003f003f803e8
033f03b003f00400
017d01ce025602cf
005400ad00f5012d
fe6afeebff73ffe4
fe8bfe6afe42fe3a
fd61fddafe42fe83
fd19fd01fcb9fc81
fc58fc38fc48fcc1
fc40fc50fc38fc30
fc48fc40fc40fc40
fc50fc58fc48fc38
fd49fc91fca1fc58
fd82fe02fdeafd9a
fd9afd41fd01fd41
fc38fc30fcb1fdaa
fc48fc40fc28fc20
fc38fc38fc30fc30
fc30fc30fc30fc30
fc18fc10fc18fc20
fc30fc30fc28fc20
fc58fc38fc28fc38
ff03febbfdeafc78
fd61fde2fe7aff33
fc20fc18fc40fcc1
fc30fc30fc28fc28
fc38fc38fc38fc38
fc20fc20fc30fc30
fc40fc38fc28fc20
fc58fc48fc38fc30
fdbafc50fc58fc68
0390001cfd31fdca
040003f803e803e8
03d803f803f803f8
01ce023602d70377
008d00e5011d0175
feb3ff33ffb40024
fe52fe42fe3afe5a
fd71fdd2fe0afe32
fd31fcf9fcb9fd09
fc38fc28fc58fce1
fc40fc48fc30fc30
fc48fc48fc48fc48
fc48fc50fc48fc38
fd21fc40fc89fc68
fdbafe0afe42fdf2
fd9afd61fd19fd79
fc20fc99fd9afda2
fc48fc48fc18fc10
fc30fc28fc30fc38
fc30fc28fc20fc30
fc38fc30fc40fc40
fc40fc40fc40fc40
fc89fcc9fc68fc48
ff3bfec3fe7afd92
fd61fdeafe8bff63
fc18fc28fc58fcd9
fc20fc28fc30fc28
fc28fc28fc28fc28
fc28fc30fc30fc38
fc38fc38fc38fc28
fc70fc48fc38fc30
fd49fc81fc60fca9
03d80155fd71fcf9
03f803f803f003f0
040003f803e803e0
02ef035f03c803f0
00e501350175023e
ff03ff8c00040074
fe0afe12fe42fe93
fd59fdcafdeafe02
fd41fd01fcc9fd39
fc30fc28fc78fcf9
fc40fc38fc28fc38
fc58fc60fc58fc48
fc50fc58fc48fc40
fcf1fc28fc60fc50
fcd1fd69fdd2fe0a
fdaafd79fd19fd11
fcb1fdaafdd2fd9a
fc30fc30fc08fc20
fc50fc40fc38fc38
fc50fc50fc50fc58
fc48fc40fc40fc50
fc40fc40fc48fc50
fd51fd59fcd9fc60
fef3fecbfea3fe6a
fd79fde2fe6afef3
fc20fc40fc70fce9
fc18fc28fc30fc28
fc28fc18fc18fc18
fc30fc30fc40fc40
fc38fc30fc30fc30
fc78fc60fc48fc40
fd11fd09fc89fc70
03d0021efdeafce1
040003f803f003f0
0400040003f803f8
030f039003e80400
0186023602d70317
ff73ffec005400d5
fedbfef3fedbfefb
fd82fe02fe1afe72
fd31fce9fc70fc78
fc50fc48fca9fd11
fc28fc30fc40fc50
fc60fc68fc60fc40
fc50fc48fc48fc50
fca9fc28fc50fc60
fc91fd29fdcafe0a
fdb2fd92fd21fcd1
fe12fddafdbafdb2
fc30fc70fd11fda2
fc40fc38fc30fc28
fc50fc50fc40fc40
fc40fc30fc28fc38
fc38fc40fc48fc48
fe42fdc2fcb9fc50
fee3fee3fecbfe8b
fdaafdfafe72ff03
fc40fc48fc78fd19
fc28fc20fc28fc38
fc30fc30fc30fc28
fc30fc30fc30fc38
fc30fc30fc28fc28
fc70fc58fc48fc38
fcf1fdb2fd82fcd1
03d00246fe83fd41
040003f803f003f8
03d003f804000400
0125019602870347
029702f7029f0186
ffec00ad0196022e
ffd4ffbcff84ff7b
fe32febbff1bff9c
fd19fcc1fc38fc18
fc48fc50fca9fd11
fc30fc48fc58fc58
fc68fc58fc50fc40
fc48fc40fc50fc60
fc91fc58fc58fc48
fce9fd29fdc2fdc2
fda2fda2fd41fd01
fe12fdd2fdcafda2
fcc9fdd2fe52fe52
fc50fc48fc38fc68
fc40fc40fc40fc50
fc28fc18fc18fc30
fcc1fc38fc28fc28
fe8bfe8bfe02fd79
ff1bff23fefbfebb
fdbafe22febbff43
fc58fc60fcb1fd49
fc30fc28fc28fc48
fc48fc48fc48fc30
fc40fc40fc40fc40
fc48fc48fc40fc48
fcb9fc81fc68fc58
fd01fdd2fdf2fd31
03e803370115fdd2
040003f803f803f8
028f03a803e803f0
010d01350155019e
01ee014500ed00d5
01ce027e02760266
0014002c005400dd
ff53ff9cffbcffdc
fd19fcc9fc40fc28
fc28fc30fc91fd01
fc50fc58fc58fc50
fc58fc48fc40fc30
fc48fc40fc50fc60
fca9fc70fc28fc28
fcd1fce9fda2fdc2
fd79fda2fd8afd9a
fe0afdfafde2fd8a
fdc2fe6afe4afe32
fce1fcb9fc78fcc1
fc91fca1fcc9fcf1
fcc1fc89fc81fc81
fe52fd82fd21fd19
fea3fe9bfe9bfebb
fefbfefbff13fedb
fdf2fe72feebff23
fc50fc81fcf9fd82
fc38fc30fc38fc48
fc38fc38fc30fc28
fc89fc78fc60fc50
fc70fc78fc81fc89
fcc1fc89fc81fc70
fd19fdbafddafd31
03f803d800bdfda2
03f803f803f803f8
01be02d703d803f0
010500f5011d0165
019601b601860125
02af027e023601de
007c011501ee0297
001cfffc000c002c
fd11fcb1fc40fc30
fc40fc38fca9fd09
fc50fc38fc40fc50
fc58fc48fc38fc40
fc40fc30fc40fc58
fcb1fc60fc20fc20
fd19fcc1fd92fdea
fd8afdb2fd92fe7a
fe02fe02fde2fda2
fe62fe7afe3afe12
ffb4ff63fe62fe52
fe6afebbff3bffac
fee3feabfe8bfe62
fecbfec3fee3fefb
feb3fec3fecbfec3
ff0bff0bfedbfebb
fe22fe83febbfefb
fc60fcb9fd49fdd2
fc30fc48fc50fc48
fc40fc89fc81fc30
fc68fc50fc38fc30
fc68fc70fc78fc78
fcc9fcb1fc91fc70
fd29fdd2fdcafd31
040003d80155fdd2
03f803f803f803f8
017d020e03a00400
01050105012d0155
035f03b8030f0186
01be01de026602ef
01be0226021601ee
008d004c006c0105
fd09fc99fc20fc30
fc78fc70fcd1fd19
fc60fc38fc40fc58
fc60fc58fc40fc58
fc40fc40fc48fc60
fcd1fc58fc20fc18
fd92fcc9fd71fe1a
fd92fdbafda2fe9b
fdf2fdfafddafdaa
fe83fe6afe1afdda
01350085ff63feeb
ff6bffe400ad008d
fff4ffb4ff5bff23
ff0bff23ff73ff6b
fe9bfef3ff2bff23
ff03ff0bfed3fe93
fe3afe7afebbfee3
fc91fd21fd8afdf2
fc48fc68fc60fc58
fd59fd8afcd9fc20
fc38fc58fca9fd11
fc70fc60fc50fc40
fce9fcc9fca9fc89
fd29fde2fdd2fd49
03f8037ffff4fd82
03f803f803f803f8
01de0287038803f0
02d7026601ee01a6
03f803f803e0036f
01fe030703c003f8
01ae010d0115017d
00dd00f501a60206
fd01fc99fc28fc38
fc48fc91fcf1fd21
fc78fc60fc58fc48
fc58fc50fc38fc60
fc48fc60fc60fc58
fce1fc40fc20fc20
fdb2fd09fdc2fe62
fda2fdb2fda2feab
fdf2fdeafdcafdaa
fe7afe52fe12fdea
01650034ff5bfec3
ff8cffdc010d0145
fed3ff7bff0bff53
fe72fe0afe0afe32
fe72fecbfeebfed3
ff0bff0bfecbfe83
fe2afe83fecbfedb
fcc1fd51fdaafdd2
fc50fc48fc50fc78
fd79fd49fc70fc28
fce9fd31fd51fd79
fc70fc58fc70fca1
fd09fcc1fc91fc81
fd11fdc2fdc2fd49
03e8029ffdf2fd39
03f003f803f803f8
03b803e003f803f8
03f803f003c803a8
03f803f803f803f8
036703e003f803f0
017d01d6029702bf
01e6022601ee019e
fce1fc89fc30fc60
fc38fca1fcf1fcf9
fc70fc60fc48fc38
fc50fc38fc40fc68
fc48fc60fc60fc50
fcf9fc48fc20fc20
fddafdb2fe9bfeab
fd92fdaafdb2fe72
fe02fde2fdcafd9a
fe83fe5afe1afe0a
0054ffdcff3bfebb
fefbff9c0054007c
fd9afde2fe12fe83
fe32fdb2fd11fd11
fe83feb3fea3fe8b
ff23ff13fedbfe9b
fe22fea3fee3ff4b
fcb9fd51fdaafdca
fc68fc48fc48fc68
fd51fcd9fc28fc40
fd61fd61fd59fd71
fc81fca9fd11fd31
fd29fcd1fc89fc81
fd01fdd2fdcafd59
03e00155fd39fcf9
03e803f003e803f0
03f803f803f803f8
03f803f803f803f8
03f803f803f803f8
03e003f003f803f8
036703b803d803d8
02e702b702af02e7
fcc1fc70fc38fc70
fc48fca1fcd9fcd1
fc38fc38fc30fc38
fc48fc40fc40fc58
fc48fc50fc48fc40
fc68fc38fc28fc28
fe62feb3fea3fd71
fd8afda2fdbafe3a
fdfafde2fdc2fd8a
fe83fe62fe2afe02
ff8cff2bfee3fe9b
fe12fe93ff73ffac
fcd1fd39fd82fdf2
fe72fde2fce9fc99
fea3feb3feabfe93
fffcff43feebfeab
fe2afe7afef3ffe4
fc91fd39fd9afdd2
fc70fc58fc60fc60
fd09fc50fc28fc58
fd41fd41fd61fd69
fcb1fcc9fce1fd09
fd41fce9fc99fc91
fcf1fde2fdd2fd71
03d00024fcd9fce1
03e003d003d003e0
03f803f803f803f0
03f803f803f803f8
03f803f803f803f8
03f003f803f803f8
03e803e003e003f0
03d003d003e803e8
fcd1fc78fc48fc70
fc50fca1fcd1fcd9
fc20fc18fc30fc48
fc48fc48fc48fc38
fc50fc50fc40fc40
fc40fc38fc20fc28
fea3fee3fdcafc78
fd92fd9afda2fe12
fdeafdd2fdb2fd8a
fe6afe4afe12fdf2
ff1bfefbfe8bfe6a
fdb2fe3aff4bff43
fc70fc91fd01fd82
fe93fe1afd39fcd1
fea3feebfecbfea3
00d5ff63fed3fe93
fe1afe5afedbfffc
fc89fd09fd9afdf2
fc70fc68fc78fc70
fc81fc20fc40fc60
fd09fd31fd61fd41
fca9fcc1fcc1fcf1
fd61fd09fcb1fc91
fcf1fdeafddafd8a
03d0004cfcf1fce1
03b803b003c003d0
03f803f803f803d8
03f803f803f803f8
03f803f803f803f8
03f803f003f803f8
03e803e803f803f8
03f803f8040003f0
fce9fca1fc70fc68
fc48fc99fcc9fce9
fc20fc18fc28fc30
fc48fc48fc38fc28
fc48fc50fc48fc48
fc48fc38fc28fc28
febbfebbfd41fc60
fd9afd9afd92fe12
fde2fdd2fdb2fd92
fe5afe3afe22fdfa
fe83fe8bfe6afe5a
fd61fdd2fe52fe9b
fcb9fc60fc99fd01
fe72fe0afda2fd51
fe7afeb3fed3fe93
ffd4ff0bfe93fe72
fe0afe62fe83ff53
fca1fce9fd71fdea
fc58fc60fc89fc89
fc20fc30fc48fc50
fd01fd21fd51fcb1
fc91fcb1fcd9fd01
fd82fd39fcc9fc91
fd01fdcafde2fdaa
0357fefbfd82fdf2
03b003a803b003c8
03f803f803f003c8
03f803f803f803f8
03f803f803f803f8
03f003f003f003f8
03f803e803e803e0
03d803f803f803f8
fce9fcc1fc81fc60
fc38fc68fcc1fcf1
fc10fc18fc28fc28
fc40fc40fc28fc18
fc58fc58fc50fc48
fc50fc40fc30fc30
fe93fe32fc91fc68
fdaafd8afd79fe02
fde2fdcafdaafd92
fe42fe2afe2afdfa
fe3afe42fe4afe5a
fcf1fd69fddafe12
fd51fca9fc78fca1
fe62fe83fe4afdd2
fe7afecbfeabfe72
fe7afe6afe4afe3a
fdeafe02fe0afe4a
fcb1fcb9fd19fd8a
fc68fc60fc91fcb1
fc28fc40fc38fc48
fd01fd19fcb9fc28
fc91fcb9fcd1fcf9
fdaafd61fcf1fca9
fd61fdc2fdfafdda
02cffdfafecbffcc
03b803b803b003c0
03f803f803e803c0
03f803f803f803f8
03f803f803f803f8
03f003f003f003f0
03f003e803e803e8
03f803f803f003f0
fc99fc99fc81fc58
fc18fc20fc50fc91
fc10fc10fc18fc18
fc38fc38fc28fc18
fc50fc48fc40fc40
fc50fc38fc28fc30
fea3fd39fc40fc58
fdaafd8afdcafe62
fde2fdbafd9afd9a
fe0afe0afe12fdf2
fdeafe02fe1afe2a
fcc9fd31fd92fdb2
fe02fd21fc70fc89
fe9bff9cff4bfee3
fe52fe6afe62fe52
fdfafdfafe1afe22
fda2fda2fdcafdf2
fd11fcd1fcc1fd39
fca1fcb1fcc9fd09
fc38fc40fc40fc60
fd11fcb9fc40fc28
fca1fca1fcb9fce1
fddafd82fd11fcc1
fd31fdbafe0afdfa
037f00ddfe02fdd2
03b803b003b803c0
03f803f003e003c8
03f803f803f803f8
03f003f803f803f8
03f803f003e803e8
03f803f803f803f8
03f003f003f803f8
fc28fc58fc70fc50
fc10fc10fc10fc20
fc18fc18fc10fc18
fc30fc30fc28fc18
fc48fc48fc38fc30
fc48fc30fc28fc30
fe02fc60fc38fc58
fd8afd9afe0afe8b
fdd2fdaafd92fd9a
fdd2fde2fdeafdea
fdaafdc2fdeafdea
fca1fd11fd8afd8a
feabfdc2fcc9fc60
ff43ffe4ffc4ff6b
fda2fdaafdcafe4a
fdbafd79fd82fd92
fd29fd59fdaafdca
fce1fcf1fcd9fce1
fca1fcc1fcd1fcd1
fc38fc40fc58fc68
fca1fc48fc38fc40
fcb9fc99fca1fcc9
fdf2fda2fd39fce1
fd01fdc2fe0afdf2
03e803b000f5fd71
03c003c003b803c8
03f803f003e003c8
03f803f803f803f8
03e803f003f803f8
03f803e803e003e0
03f8040004000400
03d803d003e003f0
fc18fc40fc40fc18
fc10fc18fc20fc18
fc20fc18fc18fc18
fc30fc38fc28fc20
fc50fc40fc38fc28
fc30fc30fc28fc38
fd59fc30fc48fc40
fd79fd82fdfafe42
fdc2fd9afd9afd92
fdc2fdc2fdc2fdd2
fd82fda2fdb2fdca
fc68fcb1fd11fd59
ff9cfe83fdaafca9
00c500cd00ad0074
fc68fcb9fdeaff7b
fd09fc78fc50fc50
fcd1fd29fda2fda2
fc48fc78fcd1fcd9
fc58fc68fc68fc50
fc48fc48fc58fc58
fc58fc50fc48fc48
fce1fcb9fca1fc89
fdeafdcafd59fd01
fdbafe72fe3afde2
03e003f0034fff1b
03c003c003b803c8
03f803f803e803c8
03f803f803f803f8
03e803f003f803f8
03f003f003e803e0
03c003e003f003f0
03d803c803b003a8
fc20fc58fc58fc40
fc10fc20fc20fc10
fc20fc20fc20fc20
fc30fc30fc28fc20
fc50fc48fc38fc30
fc30fc28fc28fc30
fd49fc40fc20fc20
fd92fdbafe3afe32
fdb2fda2fdaafd92
fdaafd9afd9afdb2
fd59fd71fd8afda2
fca9fc50fcb1fd21
fff4ff4bfedbfdd2
00ed00ed011d00f5
fdaafedbff940044
fc40fc40fc91fce9
fca9fcd1fd29fcc9
fc30fc38fc58fc91
fc50fc50fc50fc40
fc50fc50fc58fc50
fc58fc58fc50fc48
fcf1fcb9fc89fc60
fddafdc2fd71fd19
ff13feebfe7afde2
03e803f803e0021e
03d003c803c003c8
03f803f803f003e0
03f803f803f803f8
03e003e803f803f8
03d803e803e803e0
0377039003b003c0
03d803d803b00388
fc48fc68fc60fc48
fc20fc20fc18fc08
fc20fc28fc20fc20
fc20fc20fc20fc20
fc38fc38fc38fc28
fc30fc30fc28fc28
fd39fc89fc20fc20
fda2fdd2fe3afe22
fda2fda2fdbafd9a
fd8afd82fd92fda2
fd29fd51fd79fd92
fdeafca1fc78fce1
ffacff33ff2bfed3
00440034009500cd
ffe4ffb4ff53fff4
fcb1fd41fe22ff8c
fc40fc48fc50fc48
fc38fc30fc30fc40
fc48fc48fc50fc40
fc58fc50fc58fc58
fc70fc58fc48fc48
fcf9fcc9fc91fc78
fddafdcafd82fd31
022efe62fe0afdea
03e803f803f803f0
03d803c803c003d0
03f803f803f003e8
03f803f803f803f8
03e003e803f003f8
03a003c003d803e0
0377036f03670377
03d803e803d80398
fc68fc81fc78fc70
fc28fc20fc08fc28
fc20fc28fc20fc28
fc18fc18fc10fc18
fc20fc28fc20fc18
fc30fc30fc30fc20
fc81fcb9fc48fc28
fd8afda2fd92fd41
fdaafda2fdc2fd8a
fd79fd69fd82fd92
fd09fd41fd69fd71
fec3fdf2fce1fcb9
ff73ff43ff4bff2b
ffbcff94ffcc0044
ff8cff63ff4bff5b
fd09fd61fdeaff63
fc48fc58fc70fca9
fc30fc18fc18fc38
fc48fc40fc38fc40
fc50fc58fc50fc48
fc60fc50fc40fc40
fd09fcd9fc99fc70
fddafdcafd82fd41
01f6feb3fe3afe0a
03e003f803f803f8
03e003d003c803d0
03f803f803f003e8
03f803f803f803f8
03d803e003e803f0
0377039003b803d0
0398037f036f0367
03c803e003f003c8
fc81fc99fcb1fcd1
fc30fc28fc18fc50
fc20fc28fc20fc28
fc20fc20fc10fc18
fc20fc28fc28fc28
fc30fc30fc28fc20
fc28fc68fc38fc30
fdaafd11fc48fc30
fda2fdb2fdbafd92
fd71fd79fd82fd9a
fcf1fd21fd51fd71
ff23feabfde2fd19
ff43ff6bff8cffe4
ff43ff8cff6bff63
ff0bffecffe4ff53
fc89fcd1fd51fe2a
fd59fd49fd21fcb9
fc40fc38fc99fd59
fc50fc48fc38fc40
fc48fc48fc40fc40
fc58fc58fc48fc48
fd19fcd1fc89fc68
fddafdd2fd92fd51
00adfe12fe52fe32
03e803f803f803c8
03e803d003d003d0
03f803f803f003e8
03f003f003f803f8
03c803d803d803e8
037f037f039803b8
03b00388037f0377
03b003d003f003e0
fc91fc99fca9fcd1
fc28fc20fc38fc81
fc28fc28fc20fc20
fc28fc28fc18fc18
fc28fc20fc28fc30
fc30fc38fc30fc20
fc50fc38fc20fc30
fdaafcd9fc38fc50
fda2fdb2fdaafda2
fd61fd79fd8afd9a
fd31fd21fd39fd59
fefbfebbfe32fd92
ff23ff3bff23ff73
ff3bffbcff53ff3b
fefbff3bff33ff0b
fd49fd51fd92fe22
fd92fd82fd82fd69
fc89fcf9fd69fda2
fc48fc40fc30fc48
fc48fc58fc58fc50
fc68fc58fc48fc50
fd29fcc9fc78fc58
fdeafdd2fd92fd59
032f0186006cfe93
03e803f803f803e0
03e003d803d003d0
03f803f803f803f0
03e003f003f803f8
03b803d003d003d8
03880388038803a0
03b80390037f0388
039003b003e003e8
fc99fc99fc91fc91
fc28fc30fc70fc91
fc28fc28fc20fc20
fc30fc28fc20fc18
fc18fc18fc20fc30
fc30fc30fc20fc10
fc38fc30fc28fc30
fd9afcc9fc58fc40
fd9afda2fda2fdaa
fd59fd82fd92fda2
fd61fd59fd51fd49
fe9bfe32fe02fd9a
febbfe9bfe93fea3
ff3bff43ff03febb
ff43fff4ffe4ff84
fd71fd8afdc2fe3a
fcf9fd29fd69fd61
fce9fd11fd11fd11
fc48fc48fc70fcb9
fc68fc78fc68fc50
fc78fc58fc50fc60
fd41fcc9fc70fc68
fe12fddafda2fd59
03e803f00317ff53
03e803f003f803f0
03e803e003d803d0
03f803f803f803f0
03d803f003f803f8
03a003c803d003d0
0390039803980390
03c003a00388037f
037f039803c803e0
fc91fc78fc60fc50
fc50fc60fc78fc81
fc20fc20fc20fc38
fc30fc28fc20fc20
fc10fc10fc20fc30
fc28fc28fc20fc18
fc28fc40fc28fc30
fd71fc89fc40fc18
fda2fdaafda2fdba
fd61fd82fd92fdaa
fd79fd9afd71fd59
fe12fdfafe0afdca
fe83fe6afe2afe12
ff4bfef3feb3fe83
fdeafe52feebff6b
fcf1fd19fd59fd9a
fc89fca1fcf9fcf9
fc99fcb1fcc1fcc1
fc70fc70fc78fc89
fc91fc81fc81fc78
fc89fc68fc60fc78
fd51fcc1fc68fc81
fe52fdf2fdbafd59
03f003f803b00074
03e803f803f003f8
03e803d803d803d8
03f803f803f003f0
03d003e803f003f8
039803b003c003c8
0390039003980390
03c803b003a00398
0390039003b003d8
fc50fc40fc38fc28
fc48fc50fc70fc68
fc28fc28fc28fc38
fc30fc28fc18fc20
fc20fc20fc20fc28
fc38fc38fc30fc28
fc38fc28fc28fc38
fd21fc28fc30fc38
fdaafdaafda2fdba
fd71fd92fda2fdb2
fda2fdcafd79fd59
fd92fdb2fe0afdea
fe32fe7afe4afdda
fdbafdcafdcafdda
fcc9fcf1fd31fd79
fc81fc81fca9fcb9
fc50fc50fc89fc99
fc78fc68fc78fc78
fca9fc91fc81fc70
fc91fcb1fcd1fcc9
fc99fc81fc58fc81
fd49fcb1fc50fc91
fea3fe12fdf2fd69
040003f003d0013d
03e003f803f003f8
03e003d003d003d8
03f003f803e003e8
03c003d803f003f0
039803a003b803c0
03a803a00390037f
03d003b803b003a8
0398039003a003c8
fc30fc30fc28fc20
fc30fc28fc30fc40
fc28fc28fc28fc38
fc30fc20fc20fc20
fc28fc28fc20fc30
fc30fc30fc30fc28
fc30fc28fc20fc30
fcd1fc18fc28fc48
fd8afd9afdaafda2
fd82fdaafdb2fda2
fd9afdaafd79fd61
fd71fd59fdb2fdc2
fd61fdaafdc2fdc2
fc99fca1fcc9fd11
fc40fc68fc78fc89
fc38fc40fc48fc40
fc40fc28fc38fc38
fc50fc30fc40fc50
fc60fc68fc89fc58
fcb1fcd9fcc1fc91
fca1fc91fc60fc81
fd31fca9fc50fc99
ff13fe2afe12fd79
040003f803e80297
03e003f003f003f8
03c803c803c803d8
03d003e803c803e0
03c003c003e803d8
037f038803a003c8
03b803c00398036f
03d803d803b803a0
03b00398039803b8
fc28fc38fc30fc30
fc30fc20fc18fc18
fc28fc28fc30fc30
fc30fc20fc20fc20
fc28fc28fc20fc30
fc30fc28fc28fc28
fc30fc20fc28fc38
fc70fc20fc20fc48
fd59fd8afdb2fd69
fd82fdaafdbafd82
fd9afd9afd79fd69
fd61fd51fd71fd8a
fc68fc68fcb9fd61
fc89fc60fc58fc68
fcb9fd09fca9fc78
fc99fd09fcd9fc68
fc78fca1fc81fc50
fc68fc58fc50fc60
fc28fc60fc78fc58
fc91fc78fc48fc28
fc99fc89fc78fc81
fd31fcb9fc60fca1
002cfe52fe22fd9a
03f803f803e8035f
03d803e003f003f0
03b003b803b803c8
03a003b003b003c8
03c803a803e003b0
0367034f039003d8
03b003c803a8037f
03e003f003d003a8
03b803b003a803b0
fc20fc20fc28fc28
fc28fc20fc20fc20
fc20fc20fc30fc30
fc30fc20fc20fc28
fc28fc28fc20fc28
fc28fc28fc28fc28
fc18fc20fc30fc38
fc40fc28fc28fc28
fd51fd8afdbafd09
fd82fdaafda2fd69
fd92fda2fd82fd69
fda2fd92fd8afd71
fc38fc48fcb1fd92
fd69fd01fc91fc50
fe5afeb3fe02fd61
fe32ff1bff2bfdda
fd61fe1afe52fd71
fc68fc91fc99fc99
fc30fc78fc89fc58
fc40fc30fc38fc30
fc91fc78fc68fc60
fd31fcc1fc70fc99
0145feb3fe32fdc2
03f803f803f803d0
03d003d003d803e8
03a803a003a003b8
033f035f039803a0
03c8039003e0037f
03570307036703e8
03b803c003b00390
03d803f003f003d0
03b803c003c003c0
fc20fc28fc20fc20
fc28fc20fc20fc20
fc28fc20fc30fc30
fc28fc20fc28fc30
fc30fc28fc20fc28
fc28fc28fc28fc28
fc20fc30fc38fc38
fc38fc30fc30fc28
fd49fd82fda2fc99
fd82fda2fd82fd49
fd79fd8afd82fd79
fdbafd69fd59fd51
fd8afde2fdf2fdf2
ff03fde2fcf1fd09
ffa4000cff8cfed3
ff3bfffc008dffac
fe62ff53ffecff23
fc70fcd9fd41fd51
fc28fc50fcb1fc91
fc28fc30fc40fc40
fc89fc70fc58fc48
fd39fcd9fc91fc99
02b7ff7bfe62fdf2
03f803f803f803f8
03a803b003d803f0
03900388039003a8
02b702f7035f036f
03d8038803d8035f
036702af031f03e8
03d803b803b803a8
03e803f003f803f0
03a803b803d003d8
fc20fc28fc28fc20
fc28fc20fc18fc20
fc28fc28fc30fc30
fc28fc20fc30fc28
fc30fc28fc20fc28
fc28fc28fc28fc28
fc28fc30fc30fc28
fc38fc30fc30fc28
fd31fd61fd41fc58
fd8afd92fd61fd31
fd82fd79fd82fd8a
fdeafd79fd51fd69
fe93febbfe6afe12
ff8cfe6afe0afe93
ffe4004c000cff33
ff5bffe4007c0004
feabff6b0004ff7b
fca1fd21fddafdfa
fc20fc18fc89fcc1
fc38fc30fc40fc40
fc89fc70fc68fc60
fd59fd09fcb9fca1
03a800fdfea3fe12
03f003f803f803f8
037f03b803e003e0
0367036f03770390
021e026602f7034f
03e803a003d8037f
037f028f029f03d0
03f003c803b803a8
03f003f803f803f8
039803b803d803e8
fc20fc28fc28fc10
fc28fc20fc18fc20
fc28fc28fc28fc30
fc28fc20fc30fc28
fc28fc20fc20fc30
fc28fc28fc20fc28
fc38fc38fc28fc18
fc38fc28fc20fc28
fd31fd51fcb9fc40
fd9afd79fd51fd39
fd61fd69fd79fd8a
fdf2fda2fd61fd51
fef3fedbfe93fe3a
ff33ff3bff33ff13
feebffccff94fef3
fef3ff73fff4ff43
fe72ff23ffc4ff33
fc70fcd9fd71fdb2
fc30fc38fc60fc89
fc68fc50fc48fc40
fc89fc68fc70fc70
fd82fd29fce9fcb9
03f0028fff2bfe3a
03e803f803f80400
039003b803d003d0
033f0347034f036f
01fe01d6026e0327
03f003c003e003b8
03980297021e0390
040003e803c803b0
03f803f803f803f8
039803b803d803f0
fc20fc20fc28fc20
fc28fc20fc18fc18
fc28fc28fc20fc28
fc20fc20fc28fc28
fc28fc20fc28fc28
fc20fc28fc20fc20
fc38fc38fc28fc18
fc28fc18fc18fc20
fd51fd29fc50fc40
fd92fd79fd69fd41
fd61fd69fd79fd8a
fdfafdb2fd69fd51
ff03fec3fe83fe52
ff53ff63ff23ff03
fe52ff23ff84ffa4
fd61fdc2fe2afe0a
fd61fdd2fe4afdba
fd69fd41fd39fcf9
fc81fcf1fd61fd8a
fc81fc78fc68fc58
fc91fc60fc68fc70
fdc2fd39fd01fcc1
03f00390006cfe6a
03d803f004000400
03a003a803b803c8
0327030f032f0377
02360155021602d7
03f003e803f003e0
03c002e701b60337
040003f803e803c0
03f803f803f803f8
039803b803e003f0
fc18fc18fc28fc28
fc18fc30fc28fc20
fc28fc20fc20fc20
fc20fc20fc28fc30
fc20fc20fc30fc30
fc28fc28fc20fc18
fc28fc28fc28fc28
fc28fc28fc20fc20
fd61fcf9fc50fc30
fd82fd82fd82fd61
fd61fd71fd71fd79
fdfafd8afd51fd49
fe9bfe72fe8bfe5a
ff03fea3fe93fea3
fecbffac0014ffc4
fe1afdf2fe1afe4a
fe3afe62fe52fe42
fd79fdd2fe12fe1a
fc89fcb9fd01fd39
fc91fc91fc99fc99
fc99fc68fc68fc81
fe0afd51fd11fcc9
03f803e80226ff03
03d003e803f803f8
0398039803a803b8
02f702cf0337037f
0216012501d602a7
03e003f803f803f0
03d8032f018602df
03f803f803f803d8
03f803f803f803f8
039803c003e803f8
fc18fc18fc28fc30
fc18fc30fc28fc20
fc18fc18fc18fc20
fc20fc18fc18fc20
fc38fc30fc38fc30
fc20fc20fc30fc40
fc20fc28fc28fc20
fc28fc20fc20fc20
fd21fca1fc78fc40
fd8afd9afd8afd79
fd69fd71fd79fd79
fde2fd71fd49fd51
fe5afe3afe4afe32
fe3afe3afe7afe72
fffc001cff43feab
fdeafdd2fe0afea3
fe02fe32fe0afe02
fd19fd69fdb2fdda
fca1fc78fc91fce1
fc99fc99fca9fcb9
fcb1fc81fc70fc99
fe6afd92fd21fce1
03f803f8035ffffc
03d003e803f803f8
036f037f03a803b8
027e02c7033f035f
01f6012d01be029f
03d003f803f803e0
03e8035f017d0287
03f803f803f803f0
03f803f803f803f8
03a003c003e803f8
fc18fc10fc20fc30
fc10fc28fc28fc20
fc18fc20fc20fc20
fc20fc20fc20fc18
fc38fc38fc38fc28
fc20fc20fc28fc30
fc20fc20fc20fc20
fc28fc20fc20fc20
fcd1fc89fc81fc48
fd92fdb2fd9afd71
fd79fd69fd71fd79
fdb2fd69fd59fd71
fe2afe22fe22fe02
fe02fe42fe4afe3a
ff2bfefbfe5afe2a
fd92fd92fde2fe83
fd9afde2fd8afd82
fcc9fd29fd79fd79
fcd1fcb9fc99fc99
fca1fca9fca9fcc1
fcb9fc99fc91fca9
fedbfdf2fd41fd09
03f803f003e00186
03c003e003f003f8
035f038803a803b0
026e02e70327034f
01fe014d01ee0256
03b003f803f803d0
03f0037f017d0236
03f803f803f803f8
03f803f803f803f8
03a003c803e803f8
fc18fc10fc28fc30
fc18fc28fc28fc20
fc20fc20fc20fc20
fc20fc20fc20fc20
fc50fc48fc30fc28
fc18fc18fc30fc50
fc20fc20fc20fc20
fc30fc28fc28fc20
fcb9fca9fc70fc40
fd8afd9afd82fd41
fd79fd51fd51fd71
fd9afd61fd69fd92
fe22fe02fe0afdea
fdeafe0afe1afe2a
fe32fe1afdf2fdf2
fd41fd39fd69fdf2
fd41fd8afd31fd29
fca9fcc1fcf9fd09
fcd9fcf9fce9fcd1
fcb1fcb9fca9fcb9
fcd9fca1fca9fcb1
ff84fe62fd79fd21
03f803f803f802b7
03c803e003f003f8
036f039003a003b0
029f02d7031f0347
0186018e01e60226
037f03f803f80390
03f803a0019e0206
03f803f803f803f8
03f803f803f803f8
038803d003f003f8
fc18fc10fc28fc30
fc18fc28fc28fc20
fc20fc20fc20fc20
fc18fc18fc18fc20
fc81fc81fc58fc30
fc20fc18fc38fc58
fc28fc28fc20fc20
fc30fc30fc30fc28
fce1fca1fc48fc38
fd82fd69fd8afd61
fd69fd49fd51fd69
fdbafd92fda2fda2
fe02fe12fe1afdf2
fde2fe0afe22fe22
fda2fd9afd92fdc2
fd01fd01fd19fd61
fcd9fd21fd09fcf1
fcc9fc91fc89fca9
fcc9fcf1fd01fd01
fcc9fcb9fcb1fcb1
fd01fca9fca9fcc9
0095fecbfdc2fd39
03f803f803f80388
03d803e003f003f8
036f039003a003c0
027602cf031f033f
014d01c601e6024e
035f03f003f80357
03f803b001ce01e6
03f803f803f80400
03f803f803f803f8
033f03b803f003f8
fc18fc10fc28fc28
fc10fc20fc30fc28
fc18fc20fc20fc18
fc20fc18fc18fc18
fc78fc89fc81fc58
fc28fc20fc28fc40
fc30fc28fc28fc28
fc30fc30fc38fc30
fcd9fcb1fc58fc30
fd51fd49fdb2fd49
fd51fd51fd59fd69
fdeafde2fdd2fd92
fdf2fe02fe0afdea
fe02fe2afe4afe1a
fd41fd82fdc2fdfa
fc99fc99fcb1fcf1
fc78fcb9fcc9fca9
fcd9fcb9fc89fc70
fcc1fcd1fce1fce9
fcd9fcc9fcb9fcb9
fd19fcd9fc99fcb9
0175fefbfe02fd59
03f803f803f803e8
03d003e003f803f8
0377039003a803c8
026e02d7030f0347
018601e601fe0236
033703f003f80317
03f803c801ee01be
03f803f803f80400
03f803f803f003f0
02a7036703d803f0
fc18fc18fc28fc20
fc10fc20fc30fc28
fc20fc20fc20fc18
fc20fc18fc20fc20
fc70fc91fc81fc58
fc30fc30fc28fc40
fc38fc30fc30fc30
fc38fc30fc38fc30
fc60fc58fc58fc38
fd39fd79fdd2fcf1
fd59fd71fd69fd51
fe2afdfafdc2fd71
fe72fe62fe32fe3a
fe02fe2afe62fe6a
fd61fda2fdcafde2
fc50fc68fca1fd09
fc60fc60fc60fc40
fca9fca1fc91fc78
fcb1fcc1fcb1fcb1
fcb9fcd9fcc1fcb1
fd21fd09fcb9fc91
0236ff73fe72fd8a
03f803f803f803f0
03d803f803f803f8
0377038803a803c8
026e02d703270357
01ae01ee01e6020e
030703f003f0026e
03f803d8021e01ae
03e803f003f803f8
03f003f803e003e0
017d02af038803e0
fc18fc18fc30fc20
fc08fc20fc28fc20
fc28fc30fc28fc18
fc18fc18fc20fc20
fc68fc78fc70fc48
fc38fc38fc38fc48
fc40fc38fc38fc38
fc40fc40fc40fc38
fc48fc38fc50fc38
fd8afdd2fddafcc1
fd69fd79fd61fd49
fe12fdd2fd92fd59
feb3fe72fe52fe42
fe42fe83fecbfed3
fd79fdaafdd2fdea
fce9fd31fd49fd61
fc48fc58fc70fc99
fc70fc70fc60fc50
fc99fc99fc91fc81
fc81fcb9fcd1fcb1
fd41fd21fcf9fca1
030fffbcfefbfdc2
03f803f803f803f8
03e003f003f803f8
037f039003b803d8
027e02e7032f035f
01f601ce01ee020e
02ef03e803c80206
03f803e0022601a6
03c803d803f803f0
03e003f803e003d0
006c015d02d703a8
fc18fc18fc30fc28
fc28fc28fc20fc20
fc50fc70fc48fc18
fc28fc20fc18fc28
fcd1fca1fc50fc30
fc38fc40fc50fc91
fc38fc38fc38fc38
fc40fc48fc40fc40
fc68fc58fc48fc38
fdcafdeafdc2fcb1
fd82fd69fd51fd8a
fdfafda2fd79fd82
fedbfec3fe72fe3a
fe8bfefbff5bff13
fdd2fdeafdfafe1a
fd51fd71fd8afdb2
fca1fcc9fcf9fd29
fc60fc58fc58fc81
fc89fc78fc78fc78
fc99fc89fcb9fcb9
fd31fd21fd09fcd9
0337ff9cff13fe12
03f803f803f803f8
03f80400040003f8
037f03a803c003e0
027e02e7032f035f
01ee01ae01ae01fe
02d703e803a001d6
03f003e002260196
039803b003f003e8
03b003f003e803c0
0095005c01be031f
fc18fc18fc28fc28
fc50fc30fc28fc20
fc30fc70fc68fc38
fc28fc18fc08fc18
fca1fc91fc60fc38
fc30fc38fc50fc78
fc48fc40fc30fc30
fc40fc50fc48fc40
fc68fc60fc58fc50
fdf2fdf2fd92fca9
fd69fd59fd79fdc2
fdd2fd79fd71fd79
fec3fecbfe4afe0a
fed3ff3bff3bfed3
fe42fed3fe93fea3
fd59fd69fda2fde2
fd01fd09fd21fd49
fc78fca9fce1fcf9
fc99fc68fc50fc58
fcd9fc91fc91fcb9
fd21fcf9fd01fcf9
033fff8cfeebfe4a
03f003f003f003f0
03f803f803f003f0
038803a803c003d8
027e02e7032f0357
01ae0186018e0206
02c703e0039001f6
03f003e002160196
036f036703c803d0
035f03e003f003d8
0125000400c5022e
fc18fc20fc28fc28
fc40fc30fc28fc20
fc18fc30fc40fc38
fc30fc20fc10fc10
fc48fc40fc38fc28
fc28fc28fc38fc40
fc48fc40fc38fc30
fc58fc60fc58fc48
fc68fc60fc60fc68
fdfafdf2fd51fc91
fd69fd82fdaafde2
fdaafd82fd79fd69
fe6afe22fddafdc2
ff43ff1bfe9bfe5a
feabff6bff53ff53
fdb2fdaafdcafe1a
fd49fd59fd82fda2
fcd9fcf9fd21fd31
fcc9fc99fca1fcb9
fce9fcb9fc99fcc1
fd31fcd9fcd9fcf1
0347ff6bfeabfe6a
03f803f803f803f8
03f803f803f803f8
038803b003c803e0
027e02e70327035f
01ae017d019e01fe
02bf03d8039001f6
03e803e00216018e
037f032f036703a0
02af03b003f803f0
022efffc0044013d
fc18fc20fc28fc28
fc60fc38fc28fc20
fc28fc38fc48fc50
fc40fc30fc30fc28
fc48fc40fc38fc30
fc28fc28fc30fc38
fc48fc40fc40fc38
fc50fc60fc60fc58
fc70fc68fc60fc50
fdeafdf2fd61fc91
fd9afdaafdb2fdda
fda2fd82fd92fda2
fde2fdcafda2fdaa
ff33fecbfe32fdfa
fe8bff43ff2bff43
fdd2fda2fdd2fe2a
fd71fd92fdaafdca
fcd1fcf1fd21fd49
fcd1fcc9fcd9fcd9
fce9fce1fcc1fcc1
fd29fcd9fcc9fcd1
033fff3bfe4afe22
04000400040003f8
0400040004000400
038803b803d003f0
026602d70317035f
01be01be017501de
02af03c8039801de
03b803d8020e018e
03b80337030f0337
01c6033703f003f8
031f007cffe400ad
fc18fc20fc18fc18
fc60fc40fc38fc20
fc40fc81fcb9fca1
fc48fc50fc58fc48
fc50fc48fc30fc38
fc40fc30fc30fc38
fc68fc60fc60fc50
fc78fc58fc68fc68
fc70fc68fc78fc70
fdeafdf2fd21fc81
fdd2fdcafdc2fdd2
fd9afda2fdc2fdda
fdcafdaafdaafd9a
fe52fe12fdeafdda
fe4afe8bfe72fe93
fdcafda2fdb2fdfa
fd82fd9afd9afdba
fcc9fcd9fd19fd49
fcd9fcd1fcb9fcb9
fcd1fce9fcf1fce9
fd19fce1fcd1fcc1
025efeebfe0afdf2
03e803d003a00327
03f003e803f003f0
037f03b003d003e8
023e02b7030f034f
018601d6015d01be
029703b0039001be
036f039801fe019e
03f00398031f0307
0125027603c803f8
034f01beffac003c
fc20fc18fc10fc10
fc60fc50fc48fc38
fc68fc91fcb1fc89
fc68fcf1fcf1fc81
fc50fc48fc38fc38
fc50fc50fc48fc48
fc78fc70fc68fc60
fc89fc60fc60fc70
fc78fc81fc99fc89
fddafde2fcf9fc89
fde2fddafddafdda
fdbafdbafdeafe02
fdd2fdc2fda2fda2
fddafdd2fdc2fdca
fddafdfafe1afe0a
fd9afd82fda2fdba
fd51fd82fd8afd92
fcc1fcb9fcc9fd09
fcf9fcd9fcc9fcc1
fcc9fcd9fcf1fd01
fd11fce9fcd1fcc9
fdaafe22fdf2fdba
00950014ff8cfe12
03d8036f028f0175
036f03a003c803d8
021e029702f7033f
012501b6014d0196
028f03a0037f0196
033f034701e601ce
03f803e0036f0317
009d0196033f03f0
02bf0307002cffc4
fc20fc18fc10fc10
fc58fc58fc58fc48
fc81fc58fc58fc60
fc78fd09fd39fcd1
fc70fc60fc60fc60
fc58fc60fc58fc60
fc68fc70fc70fc60
fc81fc58fc60fc60
fc58fc60fc99fc99
fdd2fdd2fd01fc81
fde2fdf2fe0afde2
fdbafdd2fdfafdf2
fdc2fdbafda2fdb2
fda2fdb2fdb2fdca
fdb2fdd2fdcafdaa
fd69fd51fd71fd92
fce9fd29fd69fd79
fcd1fcb1fca1fcb1
fcf1fce9fcc9fcc1
fcc9fcc9fcd9fce9
fd01fce1fcd1fcd1
fd09fdeafdcafd92
fd01fce1fcb1fca1
028fffacfddafd51
035f039803c00398
01f6026e02d7032f
00c5019e014d017d
0287037f03880165
034f031701c60206
03f803f803d8037f
001c0115025e03c8
01de036f0186ffa4
fc30fc18fc10fc10
fc50fc50fc50fc48
fcb1fc40fc30fc48
fc48fc78fcc9fcf1
fc70fc78fc68fc60
fc78fc70fc68fc70
fc60fc68fc70fc78
fc81fc60fc58fc60
fc60fc58fc81fc91
fdeafdd2fcd9fc81
fe02fe12fe1afdfa
fdcafde2fdeafdf2
fda2fda2fdaafdba
fd9afdbafdaafdc2
fd82fd92fd92fd9a
fd59fd41fd29fd49
fcd9fcd9fd11fd49
fcd1fcc9fca1fca1
fce1fcf1fce9fcc9
fcd1fcc1fcc1fcd1
fd01fce1fcd1fcd1
fd09fdd2fdbafd71
fcf1fcb1fca9fcc9
feabfd69fd11fcf1
032f0307028f00a5
01ee025602c70317
0074017d014d018e
0276034f0388013d
03a8031701fe025e
03e803f803f803e0
ffbc0095019e0327
00cd02cf03070044
fc20fc10fc10fc10
fc38fc38fc40fc38
fc50fc20fc28fc30
fc48fc48fc48fc58
fc60fc58fc48fc40
fc70fc70fc70fc68
fc68fc68fc70fc78
fc60fc58fc58fc58
fc60fc50fc58fc60
fdfafd9afc89fc70
fe1afe12fe02fdfa
fdc2fddafe02fe12
fd92fdaafdb2fdca
fd9afdaafd92fd92
fd59fd79fd8afd8a
fd19fd31fd39fd31
fcb9fcc9fcc9fcf1
fcc1fcc9fcc9fcb1
fce1fcf1fd01fce9
fcd1fcd1fcd1fcd9
fce9fcd1fcd1fcd1
fd11fdbafdaafd61
fcd1fc89fc99fcb1
fdc2fd21fcf1fce9
0064ff6bfed3fe5a
01d601ee01b600e5
004c0175016d0196
0287032703900135
03f0030f024602b7
039803f803f803f8
ffbcfffc01050236
000401a6037701ce
fc20fc10fc10fc10
fc30fc30fc30fc28
fc28fc20fc28fc28
fc30fc30fc40fc40
fc50fc40fc38fc30
fc60fc78fc81fc68
fc40fc48fc48fc58
fc58fc58fc58fc50
fc60fc48fc48fc48
fde2fd69fc89fc78
fe2afe12fe0afdf2
fdd2fdfafe22fe2a
fd8afd92fdb2fdd2
fd49fd61fd92fd9a
fd61fd79fd71fd59
fce1fd11fd39fd49
fcd1fcb9fcb9fcc9
fcd9fcd9fcf1fcf1
fce1fce9fcf9fcf1
fcc9fcd1fcd9fce1
fce1fcc9fcd1fcd1
fd21fdaafd92fd39
fcb9fc78fc89fca9
fd79fcf1fcd1fcd9
fe4afe42fe32fe0a
000cff2bfebbfe72
003c014d011500ad
028f030703a8019e
03f0031f028702df
02d703e003f803f8
00bdffcc0074017d
ffa4008502af0347
fc18fc10fc10fc10
fc30fc28fc28fc28
fc20fc20fc20fc28
fc28fc30fc38fc30
fc50fc48fc38fc30
fc48fc48fc50fc50
fc50fc48fc40fc38
fc50fc60fc68fc60
fc68fc40fc38fc38
fde2fd71fce9fc91
fe12fe0afe0afdf2
fdf2fe12fe22fe22
fdb2fdaafdc2fdea
fd61fd8afdaafdaa
fd49fd29fd19fd39
fcf9fd01fd11fd31
fcf9fcf9fcf9fcf1
fce9fce9fcf9fcf1
fcf1fcf9fcf9fcf1
fcd1fcd9fcd9fcf1
fcc9fcc1fcd9fcd9
fd39fd9afd82fd19
fca1fc68fc89fcb1
fd31fcd1fcb9fcc9
fe52fe3afe22fde2
fe6afe6afe6afe62
ff6bff6bfecbfe9b
027e0287029f00cd
03e8031f02a702ef
01fe034703e003e8
029f004c001400ed
005cfff40186036f
fc18fc10fc10fc10
fc30fc28fc20fc20
fc18fc20fc28fc28
fc38fc48fc38fc18
fc40fc48fc40fc40
fc40fc40fc40fc40
fc60fc58fc50fc40
fc48fc50fc70fc70
fc68fc50fc50fc50
fde2fdbafdb2fd09
fe0afe12fe1afe02
fe12fe22fe2afe0a
fde2fde2fde2fdea
fdb2fddafde2fdda
fd29fd31fd41fd82
fcf1fcf1fd01fd19
fcd1fcd9fce9fcf9
fcf1fce9fce9fce1
fd09fd09fd01fcf9
fcd9fcd9fcf1fcf9
fcc9fcc9fcd9fce1
fd59fd8afd59fcf9
fc91fc70fc89fce1
fcf9fcb1fca1fcc9
fe1afe12fe0afdc2
fe72fe62fe4afe32
fe52fe6afe7afe83
006cff73fedbfe7a
03f80327023601ae
01450256037703e8
03a801b60004003c
029f006400a5027e
fc10fc10fc10fc10
fc28fc28fc18fc10
fc20fc20fc28fc28
fc70fc89fc38fc10
fc40fc48fc50fc58
fc40fc40fc40fc40
fc68fc50fc48fc40
fc68fc60fc81fc89
fd19fc78fc68fc68
fde2fdc2fdd2fdf2
fe1afe12fe1afe02
fe22fe2afe32fe3a
fdfafdfafdf2fe02
fdf2fdfafdf2fdf2
fd11fd41fd82fdd2
fce9fce9fce9fcf9
fcd9fcd9fcd9fcf1
fce9fce9fce9fce1
fd11fd19fd11fcf9
fce1fcf1fd01fd11
fcd1fcc9fcd1fcd1
fd69fd8afd69fcf1
fc81fc70fca1fd21
fcd1fc99fc99fcb9
fe02fdf2fdf2fd9a
fe5afe42fe2afe0a
fe5afe6afe62fe62
fe83fe72fe62fe52
01ce00a5ff3bfebb
008d01ae02a702ff
032f035700f5fffc
03d8025e008d0175
fc10fc10fc10fc10
fc20fc20fc20fc18
fc20fc20fc20fc20
fc68fc58fc20fc18
fc40fc48fc48fc58
fc50fc48fc48fc40
fc81fc78fc70fc60
fc70fc70fc81fc89
fe0afda2fce1fc70
fdeafdcafdb2fdca
fe1afe1afe12fdfa
fe1afe22fe32fe32
fe0afe12fe12fe12
fdf2fe0afe12fe0a
fd49fd69fd9afdca
fce1fcd9fcf1fd21
fcd9fcd1fcc9fcd9
fcd1fcc9fcd1fcd9
fd01fd11fd09fce9
fcd9fcf1fcf9fd01
fcb1fcb9fcd1fcc9
fd71fd61fd39fcd9
fc78fc68fcc9fd41
fcc9fc89fc89fca9
fe12fe02fde2fd79
fe32fe2afe2afe1a
fe52fe52fe42fe3a
fe7afe6afe62fe5a
feb3fe72fe72fe7a
003c008d003cff53
022603a002b70095
03f803c001de00ed
fc18fc10fc10fc10
fc20fc20fc20fc18
fc20fc20fc20fc20
fc48fc28fc20fc20
fc48fc40fc40fc40
fc68fc58fc50fc48
fc89fc70fc81fc81
fcd9fc81fc68fc58
fdbafe1afdfafd51
fde2fddafdb2fdaa
fe1afe12fe02fdea
fe1afe22fe2afe1a
fe1afe12fe22fe1a
fe12fe32fe3afe2a
fd9afdb2fdbafdd2
fce9fd21fd49fd69
fc91fc89fc78fca1
fcb1fc99fc91fc91
fcf9fcf9fcf1fcd9
fcd1fcd9fce1fce9
fca9fcb9fcc1fcc9
fd69fd29fcf1fcb9
fc70fc60fcd1fd59
fcc1fc81fc81fca9
fe0afdfafdd2fd69
fe32fe22fe1afe12
fe4afe4afe4afe3a
fe42fe3afe4afe52
fe72fe72fe7afe72
ff3bfeb3fe7afe72
015d02d702c7007c
03f003f0037f01a6
fc18fc10fc18fc18
fc18fc18fc18fc18
fc20fc20fc20fc18
fc38fc28fc20fc20
fc40fc48fc40fc38
fc60fc58fc58fc50
fc99fc70fc58fc58
fd71fd39fcf1fc60
fdc2fdc2fdcafdba
fde2fdeafdc2fdc2
fe12fe0afdfafdda
fe32fe2afe1afe12
fe0afe02fe22fe4a
fe2afe4afe5afe3a
fdcafdfafe12fe1a
fd49fd71fd92fdaa
fc40fc60fcc1fd31
fca9fc91fc78fc58
fcf1fce1fcd9fcc9
fcc1fcc9fcd9fcd9
fcb1fcb9fcb9fcc1
fd51fd19fcd9fca9
fc78fc58fce1fd59
fcc1fc81fc81fca1
fdd2fdd2fdbafd79
fe2afe1afdfafde2
fe52fe4afe42fe3a
fe42fe42fe52fe52
fe7afe6afe62fe5a
fe9bfe93fe93fe8b
0105003cff4bfeb3
03b803e003e802ff
fc18fc18fc20fc30
fc18fc18fc18fc18
fc18fc30fc28fc18
fc20fc28fc20fc10
fc48fc50fc48fc38
fc68fcc1fd01fc91
fd29fce1fcd1fc99
fd82fd82fd69fd31
fdcafdc2fd9afd79
fdd2fdf2fdeafdd2
fe1afe12fe02fdf2
fe22fe1afe1afe0a
fe22fe1afe22fe2a
fe3afe52fe4afe3a
fdeafe12fe32fe3a
fd92fdb2fdc2fdda
fc81fcf9fd49fd79
fca1fc81fc60fc48
fce1fcd9fcd1fcc9
fcb1fcc9fcd1fcd9
fca1fcc1fcc1fcb9
fd21fcf1fcc1fc99
fc70fc50fcc9fd41
fcb9fc81fc81fc91
fdd2fdc2fdb2fd8a
fe02fdf2fdeafdd2
fe42fe42fe42fe2a
fe4afe42fe42fe3a
fe5afe5afe5afe52
fe93fe93fe83fe6a
ff23febbfe9bfe8b
030f030f01e60054
fc18fc20fc48fc81
fc18fc18fc18fc18
fc18fc38fc30fc10
fc28fc30fc30fc18
fcb9fca1fc70fc40
fd71fde2fdc2fd41
fdbafdcafda2fd51
fdaafdb2fdf2fdea
fe0afe0afe02fdca
fde2fdf2fdf2fdf2
fe12fe0afe02fdfa
fe1afe12fe12fe0a
fe2afe22fe12fe02
fe22fe3afe52fe42
fe12fe22fe2afe2a
fdd2fe12fe1afe12
fd01fd29fd61fda2
fcb9fc91fc78fcb1
fcd9fcd9fcd9fcd1
fcb1fcb9fcd1fcd9
fcb1fcd1fcc9fcb9
fce1fcc1fca1fc99
fc78fc50fc91fd09
fcd9fc81fc70fc78
fdd2fdbafda2fd8a
fdf2fddafddafdca
fe32fe32fe2afe12
fe42fe32fe2afe2a
fe4afe4afe4afe4a
fe83fe7afe5afe52
fe83fe72fe7afe72
00f5ffdcfef3fea3
fc20fc40fcb1fd41
fc18fc20fc18fc18
fc20fc38fc28fc18
fc28fc38fc38fc28
fd61fd51fcd1fc38
fdeafe0afddafd8a
fe1afdfafdb2fdc2
fe0afde2fdf2fe02
fe5afe6afe3afe1a
fdf2fdf2fdeafe12
fe12fe22fe0afe02
fe02fe02fe02fe0a
fe22fe1afe02fdf2
fe12fe3afe3afe22
fe12fe2afe2afe12
fdfafe0afe12fe0a
fcf9fd11fd69fdc2
fcd1fcb1fca1fcc1
fcd1fcc9fcc9fcc9
fcb9fca9fcb9fcc9
fca9fcc9fcc1fcb9
fca1fc99fc91fca1
fc81fc68fc58fcb1
fd11fc89fc60fc68
fdd2fdb2fdaafd9a
fdeafde2fdd2fdd2
fe12fe1afe12fe02
fe32fe22fe2afe22
fe3afe32fe32fe32
fe5afe4afe42fe3a
fe6afe5afe5afe52
fee3feabfe9bfe8b
fc20fc48fca9fdfa
fc20fc20fc18fc18
fc20fc30fc30fc20
fca9fc68fc40fc20
fde2fdeafdbafd39
fdc2fdd2fd9afdb2
fdeafe32fe02fdb2
fe3afe2afe0afdc2
fe8bfeabfe8bfe5a
fe12fdf2fdf2fe3a
fe2afe2afe1afe22
fdfafdfafdfafe22
fe02fe0afe02fdea
fe2afe22fe0afdfa
fe12fe0afe0afe1a
fdf2fdfafe12fe12
fcf1fd09fd69fdba
fcc9fcc9fca9fcb9
fcc1fcc9fcc1fcc1
fcb9fcb1fca1fcb1
fcb1fcc9fcc1fca9
fc89fc78fc89fca1
fc78fc78fc40fc70
fd49fc99fc58fc58
fdcafdaafdaafdaa
fdeafddafdcafdd2
fe0afe0afe02fe02
fe2afe22fe22fe12
fe32fe2afe22fe22
fe3afe3afe32fe3a
fe62fe5afe4afe3a
fea3fe8bfe62fe62
fc20fc28fc48fd8a
fc28fc20fc18fc18
fc20fc38fc38fc28
fd92fca9fc89fc48
fddafdf2fdeafde2
fd69fd82fd82fda2
fddafdc2fe62fdd2
fe9bfe6afe62fe4a
febbfeebfeebfec3
fe32fe0afe12fe62
fe3afe32fe2afe2a
fe0afe02fe02fe22
fdf2fe02fe0afe0a
fe0afe02fdfafdfa
fe02fe12fe12fe12
fe22fe0afe0afdfa
fcf1fd29fd8afdea
fcd9fcd1fcb1fcb9
fca9fcc1fcb1fcc9
fcb9fcb1fca9fc99
fca9fcb1fcc1fcb1
fc78fc81fc91fca1
fc70fc81fc48fc48
fd82fcc9fc60fc50
fdcafdaafdaafdaa
fdeafdd2fdc2fdd2
fe02fdfafdfafdf2
fe22fe22fe1afe0a
fe22fe22fe22fe22
fe2afe22fe32fe32
fe4afe52fe42fe32
fe72fe5afe42fe42
fc20fc20fc38fc70
fc28fc20fc20fc20
fc91fc70fc50fc30
fd92fca9fcb9fcb1
fdaafd79fda2fdd2
fe22fd79fd49fda2
fe5afe1afe12fec3
fefbfef3fe9bfe5a
fef3ff1bff2bff0b
fe32fe12fe2afe8b
fe32fe2afe1afe3a
fe12fe0afe0afe22
fde2fdf2fe12fe1a
fdeafdf2fdf2fdf2
fe02fdfafdf2fdf2
fe22fe02fdfafe02
fce1fd41fdc2fe32
fcd9fcd1fcb9fca9
fca1fcb9fcb1fcc1
fcc1fcb9fca9fca1
fc99fca1fcb1fcb9
fc60fc91fca1fc99
fc60fc70fc68fc40
fd9afd09fc78fc60
fdc2fda2fdaafdb2
fde2fdcafdbafdd2
fdfafdfafdfafdf2
fe1afe1afe0afdfa
fe22fe22fe1afe12
fe2afe22fe32fe32
fe32fe32fe3afe3a
fe3afe3afe42fe42
fc20fc28fc38fc38
fc28fc28fc20fc20
fcd9fcc9fca9fc48
fd31fc91fcc1fcd9
fd49fd59fd61fdba
ff5bfecbfdeafd71
fe93feabfe22feab
ff4bff3bfef3fea3
fef3ff1bff53ff5b
fe2afe22fe42fe9b
fe32fe32fe22fe42
fe1afe1afe1afe2a
fdd2fde2fdfafe0a
fdcafdcafdcafdda
fdd2fdc2fdcafdd2
fde2fdfafdeafde2
fcf9fd39fdc2fe0a
fcb9fcc9fcd9fce1
fca1fcc1fcc9fcc1
fcc9fcb9fca9fc99
fc81fca1fcb9fcc9
fc48fc78fca9fc91
fc60fc60fc70fc60
fda2fd49fcb1fc70
fdb2fda2fdaafdb2
fdeafdcafdc2fdca
fdfafdfafdfafdf2
fe12fe12fe02fdfa
fe2afe22fe1afe0a
fe2afe22fe2afe2a
fe2afe2afe3afe3a
fe42fe4afe4afe42
fc20fc28fc38fc38
fc28fc28fc20fc20
fcd9fcd1fca9fc38
fcf1fc99fcd9fce9
fd29fd39fd21fd92
ffacff8cfeebfdea
fef3fecbfe62fe72
ff63ff63ff2bfefb
fed3ff0bff53ff73
fe22fe22fe62fe9b
fe32fe3afe3afe3a
fe1afe2afe32fe3a
fddafde2fdeafdf2
fdb2fdc2fde2fdea
fda2fd9afdaafdba
fd79fda2fdaafdaa
fd01fcf9fd41fd79
fca9fcd1fd01fd21
fc99fcb1fcc9fcc1
fcc9fcb9fca1fc91
fc70fc99fcc1fcd1
fc58fc40fc78fc78
fc60fc58fc68fc78
fdaafd69fcf9fc81
fda2fd9afdaafdba
fde2fdcafdc2fdc2
fdfafe02fdfafdf2
fe0afe0afe02fdfa
fe22fe1afe1afe0a
fe2afe2afe32fe2a
fe4afe4afe42fe22
fe6afe52fe42fe42
fc10fc10fc10fc10
fc10fc10fc10fc10
fc08fc08fc08fc10
fc10fc10fc10fc10
fc08fc10fc08fc08
fc00fc08fc08fc08
fc08fc08fc00fc00
fc00fc00fc08fc10
fc18fc10fc18fc10
fc40fc28fc18fc08
fc70fc60fc40fc40
fce1fcc1fca1fc81
fd59fd31fd11fcf9
fd9afd8afd79fd71
fdb2fdaafda2fda2
fd82fd79fd8afda2
fe6afdf2fdaafd92
00440004ff9cff0b
007400850085006c
0054006400740074
0054005c005c0054
002c003c0044004c
002c002c002c002c
001c002400240024
fffc000c0014001c
ffd4ffd4ffdcffe4
ffbcffc4ffccffcc
ffbcffbcffbcffb4
ffb4ffbcffbcffbc
ff73ff8cff94ffa4
ff53ff53ff5bff63
ff33ff3bff3bff43
fc10fc10fc10fc10
fc10fc10fc10fc10
fc08fc08fc08fc10
fc10fc10fc10fc10
fc08fc10fc08fc08
fc00fc08fc08fc08
fc08fc08fc00fc00
fc00fc00fc08fc10
fc20fc10fc08fc00
fc48fc30fc28fc28
fcb1fc99fc89fc78
fd41fd19fcf9fcd1
fddafdbafd9afd69
fe42fe12fdeafde2
fe6afe72fe83fe7a
fdeafe02fe1afe42
fe22fdf2fddafdd2
ff7bff2bfec3fe5a
ff6bff73ff7bff8c
ff2bff43ff5bff63
ff23ff33ff33ff2b
fef3ff13ff1bff23
fecbfed3fed3fedb
febbfec3fec3fec3
fe8bfea3febbfec3
fe62fe6afe7afe7a
fe4afe4afe52fe52
fe42fe42fe3afe42
fe2afe32fe32fe3a
fdeafe02fe0afe1a
fdd2fde2fde2fdea
fdb2fdbafdbafdc2
fc10fc10fc10fc10
fc08fc10fc10fc10
fc08fc08fc08fc08
fc08fc10fc10fc10
fc08fc08fc08fc08
fc00fc08fc08fc08
fc08fc08fc00fc00
fc10fc08fc08fc08
fc30fc20fc18fc10
fc91fc78fc58fc40
fd29fcf9fcd1fcb1
fddafdbafd8afd51
ff4bfefbfe72fe0a
001cffdcff9cff7b
006c008500b50095
ff53ff94ffdc0034
fe0afe2afe6afef3
fe62fe42fe22fe0a
fddafdf2fe0afe3a
fdaafdaafdb2fdc2
fd92fd9afd9afda2
fd69fd79fd82fd8a
fd61fd61fd69fd69
fd51fd59fd61fd59
fd31fd39fd51fd51
fd21fd21fd29fd29
fd09fd11fd19fd21
fd11fd11fd09fd01
fd01fd01fd01fd01
fce9fce9fcf1fcf1
fce1fce1fce1fce1
fcc9fcc9fcc9fcd9
fc10fc10fc10fc10
fc10fc08fc10fc10
fc08fc08fc08fc08
fc08fc08fc10fc10
fc08fc08fc08fc08
fc00fc00fc08fc08
fc08fc08fc08fc00
fc18fc08fc10fc08
fc58fc38fc38fc30
fce1fcc1fc99fc70
fdbafd79fd41fd01
ffa4ff03fe6afe0a
0175013d00c5001c
01e601be019e018e
01b601de01ee01de
017d01ae01d601de
feb3ff33003c0125
fdbafdeafe0afe52
fd31fd39fd69fd9a
fcd9fce1fcf9fd21
fcc1fcc9fcd1fcd1
fcb1fcb1fcb9fcc1
fca9fca9fcb1fcb1
fca1fca9fca9fca1
fc91fc91fc99fca1
fc89fc89fc91fc91
fc78fc81fc81fc81
fc78fc78fc81fc78
fc78fc78fc78fc78
fc70fc78fc78fc78
fc68fc68fc68fc70
fc60fc60fc60fc68
fc08fc10fc10fc10
fc10fc10fc10fc10
fc08fc08fc08fc08
fc08fc08fc10fc10
fc08fc08fc08fc10
fc00fc00fc00fc00
fc08fc08fc08fc08
fc28fc18fc18fc10
fc70fc60fc50fc48
fd49fd01fcc9fca9
ff6bfebbfe4afdc2
01c6017500f5006c
0256024e021e01f6
029f0287026e0266
0266029f028f028f
026e0276029f02af
00ed014d020e0256
fde2fe83ff030034
fd09fd29fd49fd82
fc89fc89fca9fce9
fc60fc68fc78fc81
fc58fc58fc58fc60
fc50fc58fc58fc58
fc58fc50fc58fc50
fc48fc48fc50fc58
fc48fc48fc48fc48
fc40fc40fc40fc40
fc40fc40fc40fc40
fc30fc30fc30fc38
fc38fc38fc30fc30
fc30fc38fc30fc30
fc20fc28fc30fc30
fc10fc10fc10fc10
fc08fc10fc10fc10
fc08fc08fc08fc08
fc08fc08fc10fc10
fc08fc08fc08fc08
fc00fc00fc00fc00
fc10fc00fc08fc08
fc40fc30fc28fc18
fca1fc91fc78fc58
fe42fdbafd39fce9
01de016d00bdff73
029f029f027e021e
02ef0307029702a7
031f031f030702f7
02ff0337030f031f
030f02e703270317
026e028702cf02f7
fffc00fd018e01de
fd11fd49fdbafee3
fc78fc70fc89fcd9
fc38fc48fc50fc60
fc38fc38fc38fc38
fc20fc20fc28fc28
fc30fc28fc20fc20
fc20fc28fc28fc28
fc28fc20fc20fc20
fc20fc20fc20fc28
fc28fc28fc20fc20
fc18fc20fc20fc28
fc28fc20fc20fc18
fc18fc18fc10fc18
fc08fc10fc18fc18
fc10fc10fc10fc10
fc08fc08fc10fc10
fc08fc08fc08fc08
fc08fc10fc10fc10
fc00fc00fc08fc08
fc08fc00fc00fc00
fc10fc08fc08fc10
fc50fc50fc38fc20
fd29fcf1fca9fc68
0105fff4fe7afd92
02cf02a7024601ce
030f030702ef02c7
0367037f030f031f
036f037703770357
035f037f0377036f
036f034f037f035f
0307033f035f0357
026e02a702df02af
fdfaff0b001401a6
fc68fc70fc99fd21
fc28fc38fc40fc50
fc20fc20fc18fc20
fc10fc18fc18fc18
fc18fc10fc10fc10
fc10fc18fc20fc18
fc18fc18fc10fc10
fc08fc10fc08fc10
fc10fc08fc08fc08
fc10fc10fc18fc18
fc18fc10fc10fc10
fc18fc18fc10fc18
fc10fc10fc10fc18
fc08fc10fc10fc10
fc08fc08fc10fc10
fc08fc08fc08fc08
fc08fc10fc10fc10
fc00fc00fc08fc10
fc08fc08fc08fc00
fc18fc18fc10fc10
fc68fc58fc40fc28
fea3fd8afd01fca1
026e01c6010dffb4
035f0337032702e7
0388036f0347035f
039803a0037f0367
039803b003a0037f
039803a0039803a0
03a0039803a803a0
038803b003b803a8
030f032f035f035f
00bd020e029702cf
fc70fc99fd41fec3
fc20fc40fc50fc40
fc10fc08fc00fc08
fc08fc08fc08fc10
fc10fc10fc10fc08
fc00fc10fc18fc10
fc08fc08fc00fc00
fc08fc00fc08fc08
fc08fc08fc08fc08
fc08fc08fc08fc10
fc08fc08fc00fc00
fc08fc08fc08fc08
fc00fc00fc00fc08
fc10fc10fc08fc08
fc08fc08fc08fc10
fc08fc08fc08fc00
fc08fc10fc10fc08
fc00fc08fc08fc18
fc08fc18fc18fc00
fc28fc20fc28fc18
fcc1fc70fc48fc30
00bdff33febbfd8a
032702f702a701ee
039803880357033f
03c8037f039803b8
03c803d803d803d0
03b803c803b803a8
03b003b803c003b8
03c003b803b003a8
03d803d803d803d8
0388038803a803d0
02cf031f035f037f
fc99fd59ffac01c6
fc18fc18fc30fc70
fc18fc18fc08fc10
fc10fc10fc10fc08
fc08fc08fc08fc00
fc08fc00fc08fc08
fc08fc08fc08fc00
fc08fc08fc10fc08
fc08fc10fc08fc08
fc08fc08fc08fc08
fc08fc08fc08fc08
fc08fc08fc00fc00
fc00fc00fc08fc08
fc10fc10fc08fc08
fc08fc08fc08fc08
fc08fc08fc08fc08
fc10fc08fc10fc10
fc08fc20fc20fc08
fc08fc10fc10fc00
fc30fc18fc28fc10
fe1afd11fc60fc30
022e010d005cff63
03c003a80377031f
03a8039803c803d8
03e003d003f003c8
03e003d803f003e8
03b803b803b803c8
03c803d003c803c0
03d003d803d003a8
03f003f003e003e8
03d003d003e003f0
03a0039803a003c8
fe2200b502af036f
fc28fc30fc50fd31
fc18fc10fc18fc18
fc08fc08fc08fc10
fc00fc00fc00fc00
fc08fc08fc08fc08
fc08fc08fc00fc00
fc10fc08fc08fc10
fc08fc08fc08fc08
fc10fc08fc10fc08
fc08fc10fc10fc10
fc08fc08fc00fc00
fc08fc08fc08fc08
fc10fc10fc08fc08
fc08fc00fc08fc10
fc08fc08fc08fc08
fc08fc08fc08fc08
fc00fc08fc08fc00
fc08fc10fc18fc10
fc40fc20fc18fc08
ffd4fe5afd21fc70
035f02b70206010d
03d803d003a00388
03e003e803e803e0
03e8040003f003e0
03e003f803f803e0
03c803c003d003d8
03d803d803e803d0
03d803e803e803d0
03f803f803e803f8
03f003e803f003f8
03b003c803e003e8
017d032f03a80398
fc18fc38fd71ffbc
fc08fc10fc40fc30
fc08fc00fc10fc08
fc08fc08fc08fc00
fc08fc08fc08fc00
fc10fc08fc00fc00
fc00fc08fc08fc00
fc08fc08fc08fc00
fc00fc00fc00fc00
fc00fc00fc00fc00
fc08fc00fc00fc00
fc10fc10fc08fc08
fc08fc08fc08fc08
fc08fc08fc00fc08
fc08fc08fc00fc10
fc08fc08fc08fc08
fc00fc00fc00fc08
fc10fc08fc08fc08
fcf9fc89fc30fc20
01ae000cfe9bfd82
03a0032f02df0256
03d803f003e803e8
0400040003f803e0
03f803f803e803f0
03f803f803f003f0
03e803d803f003d0
03f003f003f803f0
03f003f003f003e8
03f803f003f803f8
03f803e803f80400
03d003e803f80400
036f039003c003d0
fc99fd92006c028f
fc08fc20fc20fc30
fc08fc00fc10fc08
fc00fc08fc08fc00
fc10fc10fc08fc08
fc00fc00fc00fc00
fc00fc00fc00fc00
fc00fc08fc08fc00
fc00fc00fc00fc00
fc08fc08fc00fc00
fc00fc00fc00fc00
fc10fc10fc08fc08
fc08fc08fc08fc10
fc08fc00fc08fc10
fc10fc10fc08fc10
fc10fc08fc08fc10
fc00fc00fc08fc10
fc20fc10fc08fc00
fed3fe0afd01fc50
028701ce00b5ff84
03d003a00357030f
040003f803f003f0
03f80400040003f8
040003f803f003f8
03f803f803f803f8
040003f803f803e0
03f003e803f80400
03f003f803f803f0
03f803f8040003f8
03f803f8040003f8
03f803f803f803f0
03d003b803d803f8
ff13017502df0398
fc08fc30fc28fcb1
fc10fc10fc10fc08
fc08fc08fc08fc10
fc00fc00fc10fc10
fc08fc08fc00fc00
fc00fc08fc00fc00
fc00fc08fc00fc00
fc00fc00fc00fc00
fc00fc00fc08fc08
fc00fc00fc00fc00
fc10fc10fc10fc10
fc10fc10fc10fc10
fc08fc08fc08fc10
fc10fc10fc08fc10
fc08fc08fc08fc10
fc00fc00fc08fc08
fc58fc18fc08fc08
0044ff63fe52fd11
02df026602160196
03f803e003a0032f
040003f803f803f8
03f003f804000400
0400040003f803f8
03f003f804000400
0400040003f803f0
03f803f004000400
03f0040003f003f0
03f003f8040003f8
03f803f803f803f8
040003e803f003e8
03c803e803f80400
01a6030f035f037f
fc28fc81fd19ff13
fc10fc10fc08fc08
fc08fc08fc00fc10
fc00fc00fc10fc10
fc08fc08fc00fc00
fc00fc08fc08fc00
fc00fc08fc08fc08
fc00fc00fc00fc08
fc00fc00fc08fc08
fc08fc00fc00fc00
fc10fc10fc10fc08
fc10fc10fc08fc10
fc08fc00fc08fc10
fc10fc10fc08fc10
fc08fc08fc10fc10
fc00fc08fc18fc08
fd8afc89fc10fc10
01450085ff3bfe8b
035f02c702870216
040003f803e003e0
0400040004000400
0400040004000400
0400040003f803f8
03f003f8040003f8
0400040003f803f8
04000400040003f8
03f803f803f00400
03f80400040003f8
040003f003f00400
03f803e003f803f8
03e8040004000400
02a702d7030f0398
fc70fdda00c5025e
fc10fc08fc08fc18
fc08fc00fc00fc08
fc00fc08fc10fc08
fc00fc00fc00fc00
fc00fc00fc00fc00
fc00fc00fc08fc08
fc08fc08fc00fc08
fc00fc08fc08fc08
fc00fc00fc00fc00
fc08fc08fc08fc08
fc10fc10fc08fc10
fc08fc08fc08fc10
fc08fc10fc08fc10
fc00fc08fc08fc08
fc00fc00fc10fc08
fe6afd71fc70fc10
01be00fd008dff94
03a002f702a70246
03f803f003f803f8
03f803f804000400
03f8040003f803f8
03f00400040003f8
03f803f803f803f8
03f003f803f803f8
03f803e803f803f8
03f003f003f80400
0400040003f803f8
040003f803f80400
03f803e803f80400
03f8040004000400
0347039003c003f8
fd9a007402e7034f
fc10fc08fc10fc58
fc08fc08fc00fc08
fc00fc08fc08fc08
fc00fc00fc00fc00
fc00fc00fc00fc00
fc00fc00fc08fc00
fc08fc08fc08fc00
fc00fc00fc00fc08
fc00fc00fc00fc08
fc08fc08fc08fc00
fc10fc10fc10fc10
fc08fc08fc00fc08
fc08fc08fc08fc08
fc08fc08fc08fc08
fc30fc08fc08fc08
ff7bfe52fd41fc89
022e01ae013d008d
03e8036f02e70206
0400040004000400
03f803f8040003f8
0400040003f803f8
03f0040004000400
03f8040003f803f8
03f803e803e803f0
0400040003f803f8
03f803f0040003f8
0400040003f803f0
04000400040003f8
03f803f804000400
0400040003f80400
038803f004000400
00dd02af0357035f
fc10fc10fc60fdd2
fc08fc18fc00fc08
fc10fc08fc08fc08
fc00fc00fc00fc10
fc00fc00fc00fc00
fc00fc00fc00fc00
fc08fc08fc00fc00
fc10fc10fc08fc08
fc00fc00fc00fc08
fc08fc08fc08fc08
fc08fc08fc08fc08
fc08fc08fc00fc00
fc00fc08fc08fc10
fc08fc08fc00fc08
fc81fc10fc08fc08
0074fff4fec3fd8a
027e024e01be011d
03f803d0036f02cf
0400040004000400
040003f803f803f8
040003f803f80400
0400040003f803f8
03f803f803f80400
040003f803f003f8
03f8040004000400
040003f003f803f8
03f003f803f003f8
03f803f803f803f0
040003f804000400
040003f803f003f8
03f003f803f00400
01ce02e702ff033f
fc10fc50fda2ffd4
fc10fc10fc00fc00
fc10fc08fc08fc08
fc00fc00fc00fc08
fc00fc00fc00fc00
fc00fc00fc00fc00
fc00fc00fc00fc00
fc08fc08fc00fc00
fc08fc00fc00fc00
fc08fc08fc08fc08
fc08fc08fc08fc08
fc10fc10fc08fc08
fc08fc08fc10fc10
fc00fc08fc08fc08
fd8afc50fc10fc08
019e00cdfff4feeb
02c70287024601f6
040003f803c0033f
0400040004000400
03f003f804000400
03f803f803f803f0
0400040003f803f0
0400040003f80400
040003f803f80400
0400040004000400
040003f804000400
03f803f803f803f8
03f803f803f803f8
03f803f803f803f8
03f8040003f803f8
03f803f003f003e0
01050226030703d0
fc38fd01ff03000c
fc08fc10fc08fc08
fc08fc08fc08fc08
fc00fc00fc08fc08
fc00fc00fc00fc00
fc00fc00fc00fc00
fc00fc08fc00fc00
fc08fc00fc00fc00
fc08fc10fc08fc00
fc08fc08fc08fc08
fc08fc08fc08fc08
fc08fc08fc08fc08
fc08fc08fc08fc08
fc08fc08fc08fc10
ff73fd82fc48fc10
0256018e0074001c
032f02e702e702c7
03f803e003c8036f
040003f803f003f0
03f003f8040003f8
03f00400040003f8
03f003f803f803f0
0400040003f803f8
03f803f803f80400
04000400040003f8
040003f803f80400
040003f804000400
0400040003f803f8
03f003f803f80400
04000400040003f0
0400040003f803f0
009d01d603a00400
fc68fdfa004c0095
fc08fc10fc08fc18
fc00fc00fc00fc08
fc08fc08fc10fc08
fc00fc00fc00fc00
fc00fc00fc00fc00
fc08fc08fc08fc00
fc00fc00fc00fc00
fc08fc10fc10fc08
fc00fc08fc08fc08
fc08fc08fc10fc08
fc08fc08fc08fc08
fc08fc08fc08fc08
fc08fc08fc08fc10
ff9cff94fcf1fc20
021e015d0074ffe4
033702d702d702b7
03f803f003e803b0
03f803f803f803f8
03f803f003f80400
03f8040004000400
03e803f8040003f8
03f80400040003f0
03f803f803f80400
040003f803f803f8
0400040004000400
0400040003f80400
03f8040003f803f8
03f803f8040003f8
03f803f804000400
0400040004000400
01de032f04000400
fd61ff73010d018e
fc08fc10fc10fc68
fc08fc08fc00fc08
fc08fc08fc10fc08
fc00fc00fc00fc00
fc08fc00fc00fc00
fc00fc00fc00fc00
fc00fc00fc00fc00
fc08fc08fc00fc00
fc00fc08fc10fc08
fc00fc08fc08fc08
fc08fc10fc08fc08
fc10fc10fc10fc10
fc08fc10fc08fc08
003cffacfdbafc50
02bf024e0186013d
036f031702f702e7
0400040003e803c8
03f803f804000400
040003f803f80400
03f8040004000400
03f803f8040003f8
03f8040004000400
03f8040003f803f8
040003f8040003f8
0400040004000400
0400040004000400
03f803f803f803f8
03f803f8040003f0
040003f804000400
03f003e803f003f8
02f703f0040003f8
ff9400dd016501ee
fc08fc18fc60fd61
fc08fc08fc00fc08
fc10fc00fc08fc00
fc00fc00fc00fc00
fc08fc08fc00fc00
fc08fc08fc08fc00
fc00fc00fc00fc08
fc00fc00fc00fc00
fc00fc08fc10fc10
fc00fc08fc08fc00
fc08fc10fc00fc00
fc10fc10fc10fc08
fc10fc08fc08fc08
02160196ff4bfce1
0287028f020601e6
03a8033f02c70297
03f803f003f003e0
03f80400040003f8
0400040003f803f8
040003f803f003f0
04000400040003f8
03f80400040003f8
03f003f003f003f8
03f803f8040003f8
0400040003f80400
0400040004000400
03f803f003f80400
03f8040003f803f8
040003f803f803f0
03f803f003f003f8
03c803f803f803f8
00b50125019602a7
fc10fc50fd21ff23
fc08fc00fc08fc08
fc08fc08fc00fc08
fc08fc00fc00fc00
fc00fc00fc08fc00
fc08fc00fc00fc00
fc00fc00fc00fc08
fc00fc00fc08fc00
fc00fc08fc00fc00
fc08fc08fc10fc08
fc08fc08fc08fc08
fc08fc08fc08fc08
fc50fc08fc00fc08
014dfff4ff23fdd2
02c7029f01fe0206
03d0036702ef02bf
03f803f803f80400
03f00400040003f8
03f803f8040003f8
03f803f803f003e8
03f003f803f803f0
03f803f803f803f0
03f803f803f00400
03f003f803f80400
040003f803f003f8
040003f803f803f8
03f803f004000400
03f8040003f803f0
040003f803f803e8
04000400040003f8
03f003f803f803f8
016501be022e0357
fc18fc78fe120004
fc08fc08fc08fc08
fc08fc08fc08fc08
fc08fc00fc00fc00
fc08fc00fc08fc08
fc08fc00fc08fc00
fc08fc08fc00fc08
fc00fc00fc08fc00
fc00fc08fc00fc00
fc08fc08fc08fc08
fc08fc08fc08fc08
fc08fc08fc08fc08
fca9fc08fc08fc08
018e009dffbcfe4a
028f0287022601d6
03e0038803070287
03f803f803f803f8
040003f803f803f0
03f8040003f803f8
03f803f803e803e8
03f803f803f803f8
03f003f003f003f8
040003f803f80400
03f8040004000400
03f80400040003f8
0400040003f803f8
040003f003f80400
040003f803f003f8
04000400040003f8
03f8040003f803f8
03f003f003f00400
023e025e032703d8
fc58fd21ff94013d
fc00fc10fc00fc00
fc08fc10fc08fc08
fc08fc00fc00fc00
fc08fc00fc08fc10
fc00fc00fc08fc00
fc08fc08fc00fc08
fc08fc00fc08fc00
fc00fc00fc00fc00
fc08fc08fc08fc08
fc08fc08fc08fc08
fc00fc10fc20fc10
fdaafc40fc10fc10
011d01150064ff84
029f02b7026601d6
03e803a802ef0287
04000400040003f0
040003f804000400
03f0040003e803e0
040003f803f803f8
0400040003f80400
03f803f804000400
03f803f0040003f8
03f8040004000400
03f8040003f803f8
0400040003f80400
040003f003f00400
040003e803f003f8
0400040004000400
03f8040003f803f8
03f003f003f80400
0246028f03a803f0
fca1febb0196024e
fc00fc10fc08fc28
fc00fc08fc08fc00
fc08fc00fc00fc00
fc08fc08fc10fc08
fc08fc08fc08fc08
fc08fc00fc08fc08
fc00fc00fc08fc08
fc08fc08fc08fc08
fc08fc00fc08fc10
fc08fc08fc08fc08
fc10fc10fc18fc08
fecbfca9fc18fc18
01e601de00ed00bd
02d70246021e020e
03f803c8034702ef
0400040004000400
040003f804000400
03f0040003f803f8
04000400040003f8
03f8040003f80400
03f8040004000400
03f803f804000400
04000400040003f8
03f8040003f803f8
03f803f804000400
03f803f003f00400
040003f803f803f8
03f803f804000400
03f803f803f803f0
03f003f004000400
0236030703f003e8
fdaa00d502660256
fc08fc10fc10fc48
fc08fc08fc20fc08
fc00fc00fc08fc08
fc10fc10fc08fc00
fc08fc00fc08fc08
fc08fc08fc08fc08
fc08fc10fc10fc08
fc08fc08fc08fc08
fc08fc08fc08fc08
fc08fc08fc08fc08
fc08fc10fc10fc00
ff8cfd41fc50fc10
0165012d01c6017d
02df02af028701fe
03f803d803770337
0400040004000400
03f803e803f80400
03f003f804000400
03f003f803f803f8
0400040003f803f8
03f803f8040003f8
0400040004000400
04000400040003f0
03f8040003f803f8
03f803f803f80400
03f803f803f80400
0400040004000400
0400040004000400
03e003f003f803f8
03e803f8040003f8
031703c803f803f0
fe6a014d02b702cf
fc10fc20fc18fc70
fc10fc10fc20fc08
fc08fc00fc08fc08
fc10fc10fc10fc08
fc08fc00fc08fc08
fc08fc10fc08fc08
fc08fc08fc08fc00
fc08fc08fc08fc08
fc08fc08fc08fc10
fc08fc08fc10fc10
fc08fc10fc18fc10
0196ff03fca1fc18
017d012d013501f6
02f702df02c7023e
03f803e00390032f
040003f8040003f8
03f803f003e803f8
03f003f003f803f8
03f803f803f003f8
0400040003f803f8
03f803f003f803f8
03f803f804000400
03f80400040003f0
0400040003f803f8
0400040003f80400
03f803f8040003f0
0400040003f803f8
03f803f803f80400
03e003f003f80400
03e003f8040003f8
036f03f003f803e8
002c029f030702ff
fc08fc18fc38fd51
fc18fc10fc10fc08
fc08fc08fc08fc10
fc08fc08fc00fc00
fc08fc00fc08fc08
fc00fc00fc00fc08
fc08fc08fc08fc08
fc08fc08fc08fc08
fc08fc08fc08fc10
fc08fc08fc08fc10
fc18fc10fc08fc08
02a70034fd79fc50
020e00ed004401de
0317031f034702af
03f003f003b00357
03f803f003f803e8
040003f803f803f0
03f803f804000400
03f803f803f00400
040003f803f003f8
03f803f004000400
040003f803f003f8
03f8040003f803f8
03e003f803f803f0
0400040003f803f8
03f8040004000400
0400040003f803f8
0400040003f80400
03e003f804000400
03f803f8040003f0
03c003e803f003f8
026e02af02e70327
fc08fc10fcb9ffec
fc10fc00fc00fc00
fc08fc08fc08fc08
fc08fc08fc08fc08
fc08fc00fc00fc08
fc08fc08fc08fc08
fc00fc08fc08fc08
fc08fc08fc10fc08
fc08fc08fc08fc10
fc08fc08fc10fc08
fc20fc08fc00fc08
020e00ddfeb3fc91
025e01fe020602c7
030f02ef0256022e
03f803f803c80367
040003f003f003f8
040003f8040003f8
040003f803f80400
040003f003e803f8
0400040004000400
03f8040004000400
040003f803f803f8
040003f804000400
03e803f803f003f8
0400040003f80400
040003f8040003f8
0400040004000400
0400040004000400
03f80400040003f0
040003f803f803f0
03e003e003f80400
034f033f031f0347
fc08fc38fe2201de
fc08fc00fc08fc10
fc08fc00fc00fc08
fc10fc10fc08fc08
fc00fc00fc00fc00
fc10fc08fc08fc00
fc00fc00fc00fc08
fc08fc08fc08fc00
fc08fc08fc08fc08
fc10fc08fc10fc10
fc30fc08fc08fc10
016d00d5ffbcfcd1
01860236025601fe
031f031f02d7016d
040003f003d00388
040003f803f00400
03f003f804000400
040003f803e803e8
03f803f003e803f8
040003f8040003f8
040003f003f003f8
03f8040004000400
03f80400040003f8
040003f803f003f0
03f803f803f80400
03f803f003f003f8
03f803f803f803f8
03f8040003f80400
04000400040003f0
0400040003f003f8
03f803f003f80400
02ff02d7032703a8
fc18fc70fed30256
fc00fc00fc08fc20
fc00fc08fc00fc00
fc00fc00fc00fc00
fc00fc00fc00fc00
fc08fc08fc00fc00
fc08fc00fc00fc08
fc08fc00fc00fc08
fc08fc08fc08fc08
fc10fc08fc08fc00
fc58fc10fc08fc10
021e0115000cfdba
015d0074008d016d
0347032f033702a7
040003f803e003b0
03f003f003e803f8
03e803f8040003e8
03f803f803e803e8
03f003f803f003f8
03f003f003f803f8
03f803f003f003f8
03f8040004000400
03f0040003f803f8
0400040003f803e0
03f003e803f80400
040003f803f003f8
03f803f804000400
040003f803f80400
040003f803f803f8
03f803f003f003f8
040003f803e803f8
025602e7036703d8
fc20fc70fe72016d
fc00fc08fc08fc10
fc08fc08fc08fc00
fc00fc00fc00fc08
fc00fc00fc00fc00
fc00fc00fc00fc00
fc00fc00fc00fc00
fc00fc00fc00fc08
fc08fc08fc08fc00
fc08fc08fc08fc08
fc81fc10fc10fc10
00dd0054005cfed3
02bf0196012d00dd
036f032703270327
0400040003f003c0
03e803e003d003f0
03f803f003f803e0
03f803f803f003f8
03f003f803f80400
03f803e803f003f8
03e803f003f803f8
03e803f804000400
03f803f803f803f8
03f80400040003f8
03f803f003f80400
03f8040003f80400
03f003f8040003f8
03f0040004000400
03f803e803f003f0
03f003e804000400
040003f003f003f8
031f036f03a003e0
fc20fc78febb01d6
fc00fc08fc18fc18
fc08fc08fc08fc00
fc00fc00fc00fc00
fc00fc00fc00fc00
fc00fc08fc08fc00
fc00fc00fc08fc00
fc00fc00fc08fc08
fc08fc08fc08fc08
fc08fc08fc08fc08
fcd1fc10fc10fc08
0175021601b60024
03370236011d0064
03a8033f0317030f
03f803f803f803e0
03e803f803e803f0
03f803e803f803e8
03f003f003f80400
03f003e803f803f8
040003f003f803f0
03f003e803f003f8
03e003f803e003e8
040003f803f003e0
03f0040003f80400
0400040003f003f8
03e003f003f80400
03f8040003f803e0
03f00400040003e8
03d803d003e803f0
03f803f803f803f8
040003f003e003f8
034f037f03c003f0
fc30fd2900cd02cf
fc00fc10fc08fc10
fc08fc08fc00fc00
fc00fc00fc00fc00
fc08fc00fc00fc00
fc00fc00fc00fc08
fc00fc00fc08fc08
fc00fc08fc08fc00
fc08fc08fc08fc08
fc08fc10fc10fc08
fd51fc28fc00fc08
010d01b601aefffc
02df02a701de016d
03c00357033f02cf
03f0040003f803e0
03f00400040003e8
03e803f803f803f0
03f003f0040003f8
03e803c803f003f0
03e003d003f003f8
03f803f803f803e8
040003f803d803f0
040003f803e003e8
03f003f003e803f8
03f803f003e803f0
03e803e804000400
0400040003f803f0
03f80400040003e8
03d803d803f003f8
03f803f803f803f0
040003f003e803f8
031f037f03d803f8
fc48fdda016d02ef
fc08fc08fc08fc10
fc08fc08fc08fc08
fc08fc08fc00fc00
fc08fc08fc08fc08
fc00fc00fc08fc08
fc00fc00fc08fc08
fc00fc08fc08fc00
fc10fc10fc08fc08
fc08fc10fc08fc08
fd8afc68fc00fc00
00a5009500bdff7b
031702bf0256019e
03c80377033f031f
03e003f8040003f0
03f003f803f803e0
03f003f803e803f0
04000400040003f0
03e003d803f003f8
03d803b003e003e8
03f003f003e803e8
03f803e803f003f8
03f803f003f00400
03f803f803e803d8
03f003e003e003f0
03d803e804000400
0400040003f803f8
03f003e803f803f0
040003f803f803e8
0400040003f803f8
040003f003e80400
032703a003f00400
fc60fe9b020602df
fc00fc00fc08fc08
fc10fc08fc10fc08
fc08fc08fc00fc00
fc00fc00fc08fc08
fc08fc08fc08fc08
fc08fc08fc08fc08
fc08fc08fc00fc08
fc10fc10fc08fc08
fc00fc08fc08fc10
fe42fcb9fc10fc10
01960155013d0024
0337031702af01fe
03d80398037f0357
03f00400040003f8
03f003e803e003f8
03f803f803e803e0
0400040003f803e0
03e803e003e803e0
03e803d803d803d8
03d803b803f003f0
03f803e003f803f8
03f803f003e803f8
03f803f003e803f0
03f803f803f80400
040003f003f803f8
03f803e803f80400
03e003e003e803e0
03f003f803f003e0
03f803f803f003e8
03f803f003e80400
035703d003f803f0
fc70fe62017d02df
fc08fc10fc00fc08
fc00fc08fc18fc10
fc08fc08fc00fc00
fc08fc08fc08fc08
fc00fc00fc08fc08
fc08fc10fc00fc00
fc08fc00fc00fc08
fc10fc08fc08fc08
fc08fc10fc08fc10
fedbfcd9fc10fc10
01a601860196005c
027e01ee01de01f6
03e803a00377034f
03f803f803f803f0
03e803e003e80400
03f803f003e803e0
03f803f803f803f8
03f803e803f003e8
03f803f803f803f8
03f803e803e803f0
03f0040003f803e8
03f003f803f003e0
03e003f003f003e0
03f803f8040003f0
03f803e803f003f0
040003f804000400
03d003f0040003f8
03f803f003f003e0
03f803f803e003f0
03f803f003f803f0
03a003e003f003f8
fca1ff84021e030f
fc08fc08fc08fc08
fc00fc08fc08fc10
fc08fc08fc00fc00
fc08fc08fc08fc08
fc08fc08fc08fc08
fc00fc08fc00fc08
fc08fc08fc08fc08
fc10fc10fc08fc08
fc08fc08fc08fc08
ff5bfd01fc10fc08
01e600fd00ed00c5
022e01ee01b601de
03f003c003c003a0
03f00400040003f8
040003f803e803f0
03f803f803f803f8
03e803d003f803f8
03f803f0040003f0
0400040003f803f8
03e803f803f00400
03e803f003f803e0
03f003e803f803e8
03f003f8040003e8
03e003e803e803e8
03f803e803f003f0
03e803f003f80400
03f803f803f803e8
03f003f803f803f0
03f803f803f003f8
03e803f803f803e8
03b003d003f003f0
fcc10004020e02ff
fc00fc08fc00fc10
fc00fc08fc08fc08
fc08fc08fc08fc00
fc08fc08fc08fc00
fc00fc00fc08fc08
fc00fc08fc00fc08
fc08fc08fc08fc08
fc10fc10fc08fc00
fc08fc00fc00fc00
0095fd31fc08fc10
0236022601a6013d
029f01b60105014d
03e003c003b803a8
03e803f003f803f0
03f0040003e803e8
03e803f003f803f8
03e803f0040003f8
03f803f8040003e0
0400040003f003f8
03f003f803f803f8
03f803f003f003d8
03f803f803f003f0
03f803f0040003f8
03e803f804000400
03f803e003e803f8
03f003f804000400
03f003f803f803f0
03e003f003f003e0
03e003f003f803f8
03f803f003f803e0
03c803f003f003f0
fd21ff8c01d602ef
fc08fc10fc00fc28
fc08fc08fc08fc08
fc08fc08fc08fc00
fc08fc08fc00fc08
fc00fc00fc08fc08
fc00fc08fc00fc00
fc08fc08fc08fc08
fc10fc10fc00fc00
fc10fc08fc08fc08
005cfd51fc10fc10
0206025e0095ff9c
028f021e01a601de
03f003c803a8034f
03e803d803e803e8
03e0040003f803f0
03f003e003f803e0
03e0040003f803f0
03e803f803f803d8
03f003f803e803e8
03e803f003f80400
040003f803e803e0
03f003f003f803f8
03e803d003f80400
040003f803f803f0
03f803e803e803f8
03f8040003f803f8
03d003d803f003e8
03e803f8040003e8
03e803f803f803f0
03e003e003e803f0
03c003f003f803f8
fd510034021602ef
fc08fc08fc00fc38
fc00fc10fc08fc08
fc08fc08fc08fc00
fc08fc08fc00fc00
fc00fc08fc08fc08
fc08fc08fc00fc00
fc08fc08fc08fc08
fc10fc00fc00fc00
fc08fc10fc18fc18
fee3fe2afc81fc18
01fe016dff53fdaa
02c7023601ce0226
03f803c80390037f
03f803e803e003f0
03f0040003f803f0
03f803f003f803e8
03e803f003f003e8
03e803f803f003e0
03e003f003e803e0
040003f003e803d8
03f003f003f80400
03f803f803e803e8
03e803c803f80400
03f803f803f003f8
03f003f003f80400
03c803d003d003e0
03e003c803d003e0
03f003f8040003f8
040003f803e803f0
03d803f803f80400
03c803e003f803f8
fd11fffc02260327
fc08fc08fc00fc48
fc00fc00fc00fc00
fc08fc08fc08fc00
fc08fc00fc00fc00
fc08fc08fc00fc08
fc08fc08fc00fc00
fc08fc08fc00fc08
fc08fc00fc08fc10
fc08fc08fc18fc10
fe9bff43fdf2fc60
016d01e6008dfe7a
0276018e00a50115
03d803b0036f033f
03f803f803f003e8
03e803f003f803e8
03e803f0040003f8
03f803f803f003e8
03e803f803f003f8
03f003e803f003f8
03f803e003f003e8
03f003f803e803f8
03f803f803e803e0
03f803f003f003f0
03f003f0040003f8
03e80400040003f8
03e003d003f003e8
03e803f803e003f0
03e803f003f803e8
0400040003f003e0
03f0040004000400
03e003e803f803f8
fdaa009d0256034f
fc20fc18fc10fc68
fc00fc08fc08fc10
fc00fc08fc00fc00
fc08fc00fc00fc00
fc00fc00fc08fc08
fc08fc08fc00fc00
fc08fc08fc08fc08
fc08fc08fc10fc10
fc10fc00fc08fc08
fe93ff73ff73fd11
028702b70155feab
031f023e00e50155
03e003c00357036f
03d803f803e803e0
03e803f0040003e0
03e003e003e803f0
03f803f003e803f0
03e803e803f003f8
04000400040003f8
03e003f803f003f8
03f8040003f003e8
03f003f803f803f8
03e803f803f803e8
03e803e803f803e8
03f80400040003f8
0400040003f803f0
03f003f803f80400
03f003f803f003e0
03f8040003f003e8
03f803f003e803e8
03e003e003e003f8
fe4a014d02cf037f
fc18fc08fc10fc89
fc00fc08fc10fc38
fc08fc08fc00fc00
fc08fc00fc08fc08
fc08fc00fc08fc08
fc08fc08fc00fc00
fc08fc00fc08fc08
fc08fc10fc10fc10
fc60fc08fc00fc00
fe83fe8bfedbfe32
0186024601cefe62
028701e6012d0155
03f003d803c00357
03e003f803f803e8
03f003f003f803e8
03f803e003d80400
03e803e803f00400
040003f803f003e8
03f0040003f803f0
03f003f803f003f8
03f003f803f803f8
03f803f803e803d8
03f803f803f80400
03f003f803f003f8
03f003f8040003e8
03f80400040003e8
03f003e803e80400
040003f803f003f8
03f0040003f803f8
03f803e803e003e8
03e803e803f80400
ffac0186025e037f
fc10fc10fc08fcd1
fc00fc00fc18fc18
fc08fc08fc00fc08
fc08fc00fc08fc08
fc08fc00fc08fc08
fc08fc08fc00fc08
fc08fc00fc08fc00
fc08fc10fc10fc00
fcd9fc28fc08fc00
fe1afe5afdaafe8b
00f500ed015dfe5a
033702b7017d00dd
03f003b8037f032f
03f803e803e003e8
03e803f803f803f0
03e803f803f803d8
03f003f003f803f0
03f803f803f003f0
03f0040003f003f0
03e803f003e003f0
03f803e803e803f8
04000400040003f8
03f003f803f003f0
03f0040003f003e8
03f003f003f803e8
03e803f8040003f8
03f003f003f003f8
040003f803f803f8
03f803f803f80400
03f003e803e003f8
03e003f0040003f8
ffb4018602ef0377
fc18fc10fc18fcc9
fc08fc10fc20fc08
fc08fc08fc10fc08
fc08fc08fc08fc08
fc08fc08fc00fc08
fc08fc08fc00fc08
fc08fc08fc08fc08
fc10fc10fc08fc00
fd39fc58fc10fc08
fd51fe22fd61fe32
01150196005cfe0a
0307026e018e011d
03e003b803370307
040003f803f003f0
03e803f003f003f8
03e003f803f003e0
04000400040003e8
03f803f003e803f8
03f8040003f803f8
03f803f003e803f8
03f003e003e003f0
03f803f003f003f8
03e003f803f003f8
03f803f803e803e8
03f803f803f803f0
03f003f803f803e8
03d003e003f003e8
03f803e803e803e8
040003f803f00400
03e803f803d803f0
03f003f803f003e0
00bd020e02a70388
fc08fc10fc58fd41
fc10fc10fc28fc08
fc08fc08fc08fc08
fc08fc08fc08fc08
fc08fc08fc00fc08
fc08fc08fc00fc00
fc08fc08fc08fc08
fc10fc10fc08fc08
fe6afcb9fc18fc18
fd31fd9afdc2fee3
0196012dffbcfe02
03c002f701ae0165
03d803a80367033f
040003f803e003e0
03f003f003e803e8
03f803e803e003f8
03f803f803f803e8
040003f803f803f0
03f8040004000400
03f003f803f803f0
03e003d803f003f8
03f003f003f003e8
03e003f803f803f8
03f803f803e803e0
03f003f803f803f8
040003f803f803f8
03d803e803e803e8
03f003e803f803f8
040003f003f003f0
03f003f803e803f8
03d803e803f003e0
004c016d02c70377
fc08fc18fca9fe22
fc20fc08fc18fc10
fc08fc08fc00fc08
fc08fc08fc08fc08
fc00fc00fc00fc08
fc10fc08fc08fc08
fc08fc08fc08fc08
fc08fc08fc10fc08
ff1bfd61fc40fc08
fe72fdd2fe0afe7a
010d0064ffa4febb
0337024e01f60196
03e803d003a8034f
03f8040003f803f0
03e803f003f803e8
03f803f8040003f0
03e003e803f003f8
040003f803f803e8
03f803f804000400
03f0040004000400
03e803f803f003d8
03e803f803e803e0
03c803f803e803e0
03e003e803e803c8
03f803f803f003f0
03f003f803f803f8
0400040003f803f0
03f003f803f80400
03f803f003f003f0
03e803d804000400
03f003f803f803f8
001c01e6029f0388
fc18fc28fcb9fdd2
fc10fc00fc20fc20
fc08fc08fc08fc08
fc08fc08fc08fc00
fc08fc00fc08fc08
fc08fc08fc10fc08
fc08fc08fc10fc10
fc18fc08fc08fc08
ff7bfe22fc70fc10
fe62feabfdfafdf2
00cd00adff53fe9b
02b7023601960145
03f003d803c0031f
03e803e8040003e8
03e803f003f803f8
03f003f803f003e0
03f803f003e803f8
03e803f003e803f8
03d803d803c803d0
03a003c803e003d8
03b803b803880377
03f003f803d803d8
03e003f003f003e0
03e003f003f803e0
03f0040003f803f0
03f803f803f803f8
03f80400040003e0
03f8040003f803f0
03f803e803e803f8
03e803e803f003f8
040003f803f803f8
008d0236027e0390
fc60fcf9fdeafeb3
fc08fc08fc18fc20
fc10fc10fc08fc08
fc00fc08fc08fc08
fc08fc00fc08fc08
fc08fc08fc08fc10
fc08fc08fc08fc08
fc10fc08fc10fc18
0014febbfc91fc18
fedbfed3fde2fdca
011500cdff84ff7b
031703070256014d
03f803d803980367
03e803e003f803f0
03f003e803e80400
03e803f003d803e0
03f003f003f003e8
03a803e003d803e8
030f030703170367
023e028f02d702f7
02e7028f027e02af
03f003f003c80317
03e803e803f003f8
03e003e803d003f0
03e803f003e803f0
03e003f8040003f0
03f80400040003e8
03f003f803f003f8
03f803e803d803e8
03f803f803e803f8
03f803f803f803f8
013d022e02ef03c0
fdcafeabff84ffbc
fc10fc08fc00fc60
fc10fc10fc00fc08
fc00fc00fc00fc08
fc00fc00fc00fc08
fc10fc08fc08fc08
fc08fc10fc08fc10
fc08fc00fc08fc18
007cfe9bfd29fc60
009dff63fd8afe2a
0175006cff13000c
033f02d702970236
03f003d803c80390
03f003f003f003f0
040003e803e003f8
03e803f803f003f8
03e003e003d003d0
034f037703b803d0
01ce020e02660307
00ed0125012d016d
02160145019e01d6
03d803e003880287
03e003e003f803f8
03e003e803d803f0
03e803e003e803f0
036703b803e803e0
03d003c8036f0347
03f003c003c003d0
03e003e803d803d8
03f003e803f803f8
03e803f003f80400
01b6026602e703a8
fe4aff5bffec007c
fc18fc08fc08fc81
fc10fc08fc00fc08
fc00fc08fc08fc08
fc00fc00fc08fc08
fc08fc08fc08fc08
fc08fc08fc08fc08
fc18fc08fc08fc10
ff73fe32fddafc99
0175ff3bfd59fe3a
015500b5ff6b008d
0390034f02ff0236
03f003f003e803c0
03f803f803f003f0
03f803f803f00400
03e003f803f803f8
037f03b803c803b8
02b7031f031f030f
010501e6025e025e
001c007c008d009d
0165015d00dd00dd
03f003b802f7020e
03c803d803e003f8
03f003d803f003f8
03c003c803e003f0
024e02f7033f036f
02ef02c702bf0256
03d8033702c702c7
03b803d803f803f0
03e003d803d803d0
03f803f803f80400
025602af030f03b8
fde2ff9c00340135
fc18fc18fc28fc99
fc08fc08fc08fc08
fc00fc08fc08fc08
fc08fc00fc00fc08
fc08fc08fc10fc10
fc08fc08fc08fc08
fc10fc08fc00fc10
ffccfec3fcf1fc40
01c6002cffccff7b
019600a5013d01ce
037f037702df01fe
03f003f003e803a8
03f803f0040003f8
03f803f803f80400
03a003e003f003f8
031f036703b803b8
01de02c702ef02e7
012501f6026e01ce
002c004c009d00d5
021e01ce0125007c
03a8034702b70236
03d003c003d803e0
03f803f003f803f8
0327037703a803e8
016501de027602bf
018601860145012d
037702af01e6017d
03d003c803c003b8
03e003d803d003d8
03f803f803f803f8
023e02c7032703d0
ff6b015d014d0196
fc20fc20fc28fce1
fc00fc10fc10fc08
fc00fc08fc08fc08
fc08fc08fc10fc08
fc08fc08fc08fc10
fc08fc08fc00fc08
fc08fc18fc18fc08
02bf0095fd11fc10
02a7034703980357
010d007c01750226
036f0367028f01b6
03d803e803e803a8
03f003f0040003f8
03f003f803f003f0
030703a803c803f8
0216026e02df02bf
01ce02260206020e
022e023e01e6017d
01f601ce01e60216
0266023e01fe019e
035f030f02cf0297
0388035703980390
036703a003c803a0
02b702b7030f0377
0145019e01fe026e
006c003c001c005c
030f023e014500b5
03c003900357035f
03d003d003a803b8
040003f003f803e0
027e02f7036703e8
026e035f022e01e6
fc10fc08fc58feab
fc00fc10fc20fc08
fc00fc08fc08fc08
fc08fc08fc08fc00
fc08fc08fc08fc08
fc08fc08fc08fc08
fc10fc10fc18fc20
03f002c7fe42fc38
035f03f003f803f8
025e02a702b702a7
036702ff03270297
03e803f003f003d8
03f80400040003f0
03f803f803e803e8
01450226030703d8
022e01b601550105
01e6022e023e023e
0256022601ee01a6
028702660236025e
0276028f029f029f
02ef02d702b7029f
03a0034702f702e7
034f039003a80388
01b6019601fe02f7
0135016d0175017d
00d5009d00bd00c5
02160226019600ed
02e702bf025e0246
03a0034f0347032f
0400040003e803d8
02a7032f039803f0
03b003c0025601ee
fc00fc08fcd100fd
fc00fc08fc20fc08
fc00fc00fc00fc08
fc08fc08fc08fc00
fc10fc08fc00fc00
fc08fc08fc08fc08
fc10fc00fc08fc10
03e00357ff9cfc70
03d803f803d803c0
02e702df0337037f
03b80327032f032f
03f003e003d803e0
040003f803f803f0
03f803f803f003f8
010d017d024e0398
02760226015500c5
00ad00fd01750216
ff84ff73ff84001c
00fd0044ff73ff7b
02a702bf0256017d
02970287028f028f
03e803c8035702d7
040003f003f003e8
00d5018602f703d8
012501750186011d
0024ff9cffbc0085
019e01750125009d
02a70226020601e6
034702e702b702e7
03f803f803f003d0
02b7033f03a803f0
038803c802870256
fc10fc10fcf1011d
fc00fc08fc10fc00
fc00fc00fc08fc00
fc08fc08fc00fc00
fc08fc08fc08fc08
fc08fc00fc08fc08
fc10fc08fc08fc08
035f035ffff4fc91
037f02ff02f70307
031702df034f03a8
03b0032702cf033f
03f803e803e803b8
03f003f003f803f8
03f003d803e00400
00dd012d01f6034f
02460226019600f5
fe6aff8c005c0186
fcb1fc91fcb9fd71
ff33fecbfddafcd1
0196013d00b5ffec
027e01fe01fe0206
040003f803c0030f
040003f804000400
00cd028f03e00400
ff9cfffc005400a5
fd31fcb1fcf1fe83
fe52fda2fd41fd11
01ee00e5ffc4ff03
03070246029f0266
03f003e803f003d0
02d7036703c803e0
02f7039002df024e
fc18fc18fcb1000c
fc08fc08fc00fc08
fc00fc08fc08fc08
fc08fc08fc08fc08
fc08fc10fc10fc10
fc08fc08fc08fc08
fc18fc10fc18fc18
037f033fff63fc68
02970266032f0388
034f030f036703b0
03a8037f031f0367
03f003e803e803c8
03f803f003f003f0
03b803a803e003f8
0085005c01860327
0165026602060125
fe1afe6aff130024
fca1fc48fc70fcc9
008d00adff6bfcf9
0115011d0074004c
023e00dd009d00e5
03f803f003c8033f
040003f8040003f8
006402d703f80400
ffb4ffcc003c0074
fc70fc48fce9ff4b
fe6afdeafc81fc48
0034fe7afdbafe62
030f01a601be01ee
03f003f803e803d0
02f7038803d003e0
025e037f034f029f
fc10fc18fc40fe2a
fc08fc08fc00fc08
fc08fc08fc08fc08
fc08fc00fc08fc08
fc00fc08fc10fc10
fc08fc08fc08fc08
fc08fc08fc08fc08
03c80327fe8bfc50
02b70307039803d0
034703470327037f
03c003b80367034f
03f003e003e003e8
03e003e803f00400
03c003e803f003f0
0135018e023e0337
0095020e02560186
009d0044fefbffb4
fd71fdb2fcd1fe62
026601f600ddfe3a
009d00bd009501a6
01fe002c00e500e5
03f003f803d8035f
03f803f003f803f8
00e502f703f803f8
0085ff84ffa40044
fcc1fd21fe9b0095
0095ffb4fd01fc38
ff43fdcafe8b00ed
037f02af023e01be
03f803f003f803e0
034f039803c803f0
013d035f034f031f
fc08fc08fc08fd09
fc10fc08fc08fc08
fc08fc00fc00fc08
fc08fc08fc08fc08
fc08fc08fc10fc08
fc08fc08fc08fc08
fc10fc10fc08fc00
03e002b7fedbfc99
02df0327039003d0
03370357035703a0
03b80388036f030f
03f803f003d003e0
03d803f003f00400
03d003f003f803f0
017d01d6028f034f
01de0216025e01ce
01ae0186017d019e
ffe4ffccff7300f5
0347028f017d008d
0105011d017d0287
01ce006c00f500e5
03d803f803d80377
03f803f8040003e0
0135033704000400
008dffec0034004c
fe1aff3300950105
019600fdff23fdca
0044003400ad01a6
036f02bf023601de
03f803d803e803d0
034f037f03c80400
0024031f032f0357
fc08fc00fc00fca9
fc08fc18fc10fc00
fc08fc00fc00fc00
fc00fc00fc08fc08
fc08fc10fc10fc08
fc08fc08fc08fc08
fc30fc08fc00fc00
03b80125fe83fd71
02bf035f03b803b8
0337035703a80367
03c803a8037f035f
03f803f003e803e0
03e803f003e80400
03e803e803f80400
0246025e02c70377
036f032702ef029f
02bf0327037f0377
020601fe01d6023e
03980327026601de
024e029f02f70398
028701ae017d01d6
03e803f803e00347
03f803f803f003e8
029703c003f80400
018e012d00fd014d
0115015d019e01be
021e01ee019e011d
0297029702bf0256
037f031f02bf02ff
03f803e803e803a0
034f037703c003f0
feeb02e70390033f
fc08fc08fc10fc70
fc08fc18fc18fc08
fc08fc00fc00fc08
fc00fc00fc08fc08
fc08fc08fc10fc08
fc08fc08fc08fc08
fc50fc08fc10fc08
039000c5ff6bfe4a
0337039003b803d0
0337037703b0037f
03d003d003a80367
03e003d803d803c8
03f003f003e003e8
03e803f003f00400
02d7031f037703b8
03f803c0033f02ff
036f03d803e803f8
02d702cf03070307
03c8035f034702e7
02cf032f037703b0
038802d702a7027e
040003f003e803e0
040003f803f80400
039803f003f803f8
028f022e01e60297
0246029f02b70276
02e7028f024e0236
03c803c803a80327
03e803c803b003b8
03e803f803e803d8
033f037703c803d0
fdc2023603880347
fc08fc18fc10fc20
fc00fc10fc20fc08
fc00fc00fc00fc08
fc00fc08fc08fc00
fc00fc08fc08fc08
fc10fc08fc08fc00
fc18fc10fc10fc08
035f0135ff84fd09
036f03a003d003e8
033f038803a003c0
03d803a003a80377
03e003d003d803d8
03f003f803f003f0
03d003e803e803f8
035f038803b803c8
040003e803900357
039803c003e00400
031702ff035f0388
03a0037f03980367
0317032f0347036f
03e803a0036f033f
040003f003f003e0
04000400040003f8
03e803f8040003f8
02e702e7031f03a0
033f0367032f02e7
037702df029f030f
03f8040003f003b8
03e803f803f003d8
03e003f803e003e8
031f036703e003d8
fce10074030f0347
fc00fc10fc10fc08
fc08fc08fc10fc08
fc08fc08fc00fc08
fc00fc08fc08fc00
fc00fc08fc08fc08
fc08fc10fc08fc08
fc10fc20fc18fc18
0256ff8cfd21fc30
038803a003f003c0
03d803a803b803f0
03c003a803a003d0
03f003e003d803b8
03e803f003e803e8
03d803d803e003f8
039803c003e003c0
040003e803d803a0
037703c003e003f0
037f039803a003a0
03a803d003c803b0
03c00390039003b8
03f803f003e003e0
03f803f803e803f0
03f8040003f803f0
03f003f003f003f0
0357038803d803e8
03c8036f033f0337
03d803a003a003c8
03f803f803c803e8
03f003e803f003e0
03e003e803c803f8
031f036703e003f0
fc40fdd2016d02ff
fc08fc10fc08fc08
fc10fc08fc08fc08
fc00fc08fc08fc08
fc00fc08fc08fc00
fc00fc08fc08fc00
fc08fc08fc08fc08
fc08fc08fc10fc20
ffa4fd31fc50fc10
0357039003e802cf
038803b003e80400
0398039003b003b8
03e803e803d803c0
03f003f003e003e8
03e803f803f003f8
03d003d803f803f0
03e803d003f003f0
03b003e003e803e0
03b003a003a003b8
03b003c003e803c8
03f803f003e003d8
03f803f003f803f8
03f003f003e003e8
03f003e803f803f0
03f003f003f803f8
03d003e804000400
03e003b80347037f
03c003d003e803d8
03f8040003e003d8
03f803f004000400
03f803f003d803f0
031f036f03e00400
fc08fc89ff6b0236
fc08fc10fc10fc10
fc08fc00fc00fc08
fc00fc00fc00fc00
fc08fc00fc08fc00
fc08fc00fc08fc08
fc08fc08fc08fc10
fc10fc08fc00fc10
fd8afc99fc30fc10
038803d00390005c
030f03b003e003f8
039803b803b00347
03e803f003e003c0
03f803f003e803f0
03f803f003d803e8
03f803d003f003f8
03f003f004000400
03f803e003d803f0
03d803d803e003f0
03c003a803b803e0
03f003f003f803f0
03e803e003f003f8
03f003f003f803e8
03f003e8040003f8
03f803e003f803f0
03f803f803f80400
03d003a803a803f0
03f803e803e803f8
040003d003e80400
03f803e003f803f8
03f803f003d803f8
02b7036703d803e8
fc08fc28fd290044
fc08fc10fc08fc08
fc08fc08fc00fc08
fc00fc08fc08fc00
fc08fc08fc00fc00
fc08fc08fc08fc00
fc00fc08fc08fc08
fc08fc18fc08fc00
fda2fcc1fc20fc18
03d803d801e6fe52
036f03c803c803f0
03b003c802d7029f
03e803e003e003b8
03e803e003e803f8
03f803f803f803f0
03f803e003e80400
03f803f803f803f8
03d803d803f003f0
03c803d003e803d8
03f003d803b803c8
03f803f803f803f0
03f003f8040003f0
03e803e003f003f0
03f803f003f80400
03f003e003e803f8
03f80400040003f0
03c803d803f803f8
03f003f003e003e0
040003c003d003e8
03f003f803f803f0
03e803e003e00400
0165035703e803d8
fc18fc20fc50fe4a
fc08fc08fc10fc10
fc08fc08fc00fc08
fc08fc08fc08fc08
fc08fc08fc00fc08
fc08fc08fc08fc08
fc00fc08fc08fc08
fc00fc08fc08fc10
fce9fc89fc50fc18
0400034fff5bfd61
035703b003c003f0
03b003a8022e020e
03e803e803d803d8
03d803f803f003e8
03e803e803f803f0
03f803f804000400
03f803f003e803f8
03d003f803f803f8
03e803e003e803d0
04000400040003f8
03f003f803f803f0
03f8040003f803f0
03f803f003f803f0
03f003f003f803f8
03f003e803e803e8
03f00400040003f0
03f8040003e803e8
03f003d803b803e0
03f003f803f803f0
03e803f803f803f8
03e803e003f003f8
ffac02df03d803e8
fc08fc10fc58fcf1
fc10fc08fc08fc00
fc08fc08fc08fc08
fc08fc08fc08fc08
fc08fc08fc08fc08
fc08fc08fc08fc08
fc08fc08fc08fc08
fc00fc00fc08fc08
fcb9fc58fc50fc08
03e001c6fe0afe5a
032f03a803d003f8
03e0038802660236
03f803f003e803e8
03f0040003e803e0
03f003f803f803f8
03f803f803f80400
03f803f003f803f8
0400040003f003f0
03f803f804000400
0400040003f803f8
03f003f003f80400
03e803e003f003f0
03f003f0040003f0
03e803f803f803f8
03f803f803f003e8
03f80400040003f8
03f8040003f803f0
03f803e803f003f8
03f8040004000400
03f803f803f003f8
040003f803f803f0
fe9b022603b803f0
fc00fc18fc40fcc9
fc08fc08fc08fc08
fc08fc08fc08fc08
fc08fc08fc08fc08
fc08fc10fc08fc08
fc08fc08fc08fc08
fc08fc08fc08fc08
fc10fc18fc10fc00
fcd1fc68fc48fc00
035fffe4fe1afe4a
036703f004000400
03e0036f02af026e
03e803e803e803d8
03f0040003f803e0
03f003f003f803f0
03f803f003f80400
040003f803f80400
0400040004000400
03f003e803f00400
0400040003e803e0
03f003f003f803f8
03f803d0039803e0
03e803e803f003f8
040003f803e803f0
03f8040003f80400
03f003c803f003f0
03f803f803f003e8
03f003e003f80400
03f803f804000400
040003f803e003e8
03f803e803e803f8
fd41ffe4033f03f8
fc00fc10fc28fc40
fc08fc08fc08fc00
fc08fc08fc08fc00
fc08fc08fc08fc08
fc08fc10fc08fc08
fc00fc08fc08fc08
fc08fc08fc08fc08
fc20fc18fc00fc00
fd09fc38fc38fc08
024efe42fd71fe52
037703f0040003f8
03d8032f02bf02bf
03f003e003f003e0
03e803f8040003e8
03e803d803f803d8
03f803d003f00400
03f003f803f803f0
040003f803f803f8
03f003e003d803f8
03f8040003f003f0
03c803f803f803f8
03f803d8033f0357
03f003f003e003f0
040003f803f003f0
03f003f804000400
03a8035f03d803e8
03f803f803f803f0
03e803e803f80400
03f003e003f803f8
0400040003e803e8
03f003f003e003f0
fc70fd51016d03f0
fc00fc08fc08fc08
fc08fc08fc08fc00
fc08fc08fc08fc08
fc08fc08fc08fc08
fc00fc00fc08fc00
fc08fc08fc08fc08
fc00fc00fc08fc08
fc20fc08fc00fc08
fcb9fc28fc40fc18
00cdfd9afd11fd09
03a803f0040003d0
03c8033f037f0327
03d803f803f803f8
03d803f803f803e0
03e003d803f003c8
03f803e803f80400
03e803d803d803f0
03f003e803d803f0
03f803f803f003e8
03f803f803f80400
034f040003f003f8
03e803f803a802b7
03e803e803f003e0
040003f803f803f8
03e803f003f003f8
032f035f03e803d8
04000400040003f8
03f003e003f003f8
03e803d803e803e8
03e003f803f003f0
03f803f803e803d0
fc30fcc1009d03c0
fc08fc08fc08fc10
fc00fc08fc08fc08
fc08fc08fc10fc08
fc08fc10fc10fc08
fc08fc08fc00fc00
fc08fc08fc08fc08
fc00fc00fc08fc08
fc18fc08fc00fc08
fc48fc20fc38fc30
ff6bfd69fcd9fc91
03e803f803f80367
03d003880377036f
03e003f803e803f8
03f803e003f803e0
03d003d803f803f0
03f803e803e003f0
03e803d003e803e8
03e803f003e003f0
03f803f8040003f8
03f803f0040003f8
02e703d803f803f8
03f003f803f80398
03e003f003f803e8
03f003f003f803e8
03f803f003f003f0
02d703d8040003f8
040003f803f8037f
03f803f803e803f0
03d803e803f003f0
03d803e803e803f0
03f003f803f803e0
fc20fca1009d0398
fc10fc10fc00fc10
fc08fc10fc10fc08
fc08fc08fc10fc10
fc08fc10fc10fc08
fc00fc08fc08fc08
fc00fc00fc00fc00
fc08fc08fc00fc00
fc08fc00fc08fc18
fc58fc40fc40fc08
fe12fd49fc70fc70
03f803f803e80297
03d003a803a803b8
03e003e803f003f0
03f003d803f003e8
03f803f803e803e0
03e803d003d803e8
03e803e003f003e8
03e003f003e803e0
03f803f803f803f0
03f803e803f80400
0327030f03e803f0
03f0040004000400
03f003e803f803f8
03f803f003f803f0
03f003e803f803f8
034f040003f803e0
0400040003d802bf
0400040003f803f8
03d803d803f00400
03f803e003d803d8
03f00400040003f8
fc28fcd100e50398
fc08fc10fc00fc08
fc08fc08fc00fc08
fc10fc10fc10fc08
fc08fc08fc08fc08
fc08fc08fc10fc08
fc08fc08fc08fc08
fc08fc10fc00fc00
fc08fc08fc08fc10
fc28fc40fc30fc08
fd19fcc1fc81fc40
03f803e003c8016d
03e003e004000400
03f803e803f80400
03e803f003f80400
040003f803e803f0
03f003d803f003f8
03e003e003e803e8
03e003f003f803e0
03f803f803f803e8
040003f803f803f8
03b0025603a003f0
03f803f004000400
03e803f803f80400
03f803e803d803f0
03f803f003e803f8
03f003f803f803f0
03e803f8036702d7
03f0040003f803f0
03e803e803f803d8
03f803f803e003d0
03f003f803f803f8
fc08fcb900d503a8
fc08fc10fc08fc00
fc10fc10fc08fc08
fc10fc10fc08fc00
fc08fc08fc00fc00
fc08fc08fc08fc08
fc08fc08fc08fc08
fc08fc10fc08fc00
fc08fc18fc08fc00
fc18fc50fc30fc20
fc60fc70fc91fc38
03b003b8036fff9c
03f00400040003f8
03f803f8040003f8
03e003f803f003e8
03f003e803d803d8
03f003f003f803e8
03e003e803e803e0
03f003f803f803e0
03f803f8040003f8
0400040003f803f8
03e0020e02b703f0
03d003e804000400
03f803d803f003d8
03f803f803f80400
03f803f003f803f8
040003f003f00400
03f003f002bf02b7
03f003e803d003e8
04000400040003e8
03f003f803d003d8
03f803f003f803f8
fc00fca1009503b0
fc08fc08fc10fc08
fc08fc08fc08fc08
fc10fc08fc08fc00
fc08fc00fc00fc00
fc08fc08fc08fc08
fc00fc08fc08fc00
fc08fc08fc00fc00
fc08fc08fc10fc00
fc38fc38fc08fc08
fc18fc68fc89fc28
03a803e802a7fd8a
03e803e003e803d8
03f003f803f803f0
03f003f003f003f8
03e803d803e803f0
03f003f003f003d8
03e003e803e803f0
03f003f803f803e0
03f803f804000400
03f803f003f803f8
03900196017d0390
03c003b803d003c8
03f803d803f003d0
03f803f803f003f8
03f003f8040003f8
03c803d003d803f8
03e803a801ee022e
03f803e003e803f0
03f803f003e803f8
03f003f003d003f0
03f803f803f003f0
fc08fc99004c03a0
fc08fc18fc10fc08
fc08fc08fc08fc08
fc10fc08fc08fc08
fc00fc08fc00fc08
fc10fc08fc08fc08
fc08fc08fc08fc08
fc08fc08fc00fc08
fc18fc08fc10fc18
fc30fc20fc00fc08
fc40fc28fc40fc30
03f803f0015dfce9
03f003d003d803e0
03e803e803f003e8
040003f003e803f0
03f803e803f803f8
03f003e003e003e0
03f003e803e803f0
03f003e803f003f8
03f803f803f803f8
03e003f003f003f8
025e00f5013d02a7
024e023e02af02d7
03f003c8039002d7
03f003c003e803e8
03e803e003c803e8
02b7030f033703b8
03d8032f01a6019e
03f803f8040003f8
040003f803e80400
03f803f803f00400
03f803f003f803f8
fc08fc81fffc0388
fc00fc10fc08fc08
fc08fc08fc08fc00
fc10fc08fc10fc08
fc08fc08fc00fc08
fc08fc08fc08fc00
fc08fc00fc00fc00
fc08fc08fc08fc08
fc08fc00fc10fc10
fc28fc40fc10fc00
fc48fc30fc40fc30
040003a0ff94fc58
03d803f003f003f8
03e803f003e803e8
03f803f003f003f0
03f003e803f003e8
03e003e003e803f8
03f803f803f003f0
03f803f803e803f8
03f803f003f803e8
037703f003f803f8
016501e601e601de
fea3ff4b00bd0145
039002f70175ff63
03d803a803c003b0
032f03c803c003d0
01be01e6010d018e
03c002b702d70216
03f803f003f803e8
03f8040004000400
03f803f003f803f0
03e803f003f803f8
fc08fc78ffbc0377
fc00fc18fc10fc00
fc00fc08fc08fc00
fc08fc00fc08fc08
fc08fc08fc00fc00
fc08fc10fc08fc08
fc08fc08fc08fc08
fc08fc08fc08fc08
fc08fc00fc08fc10
fc28fc58fc28fc10
fc68fc20fc28fc28
040002f7fdfafc58
03d003f003f00400
03f803f803f803f0
03e003f803f803f0
03f803f803e803d8
03e003f003f803e8
03f803f803f003e0
03f803f804000400
03f003e803f003e8
02c703c003e003f0
024602df028701e6
ffbc005400dd014d
020600cdff94ff73
0327032f031f02b7
014502bf030f0317
029f026e00c5ffec
039002c70347028f
03f803e803e803e0
03f003f8040003f0
03e003e003f003f0
03e803f003f803e8
fc08fc60ff6b0347
fc08fc10fc10fc08
fc00fc00fc00fc08
fc08fc00fc00fc08
fc08fc08fc00fc00
fc10fc10fc08fc08
fc08fc08fc08fc10
fc08fc08fc00fc08
fc10fc00fc08fc10
fc20fc20fc20fc10
fc38fc20fc30fc28
03f801d6fce9fc38
03e803f803e803f8
03f003f003f803f0
03e803f803f003e0
03e803f003e803d8
03f803f003f803e8
03f803f003f003f0
03e803e803f003e8
03f803f003f803e8
0287038803e003f0
032f0398035f02b7
01fe028702ef0297
011d011d011501ae
0216020e01de0155
02760297023e01fe
03a8037702ef02bf
035f0297021602e7
03e803e0040003d8
03f8040003e803e0
03e803f003f003f8
03f003f003f803e0
fc10fc38fe9302ff
fc10fc08fc08fc10
fc08fc00fc08fc10
fc08fc08fc10fc08
fc08fc08fc00fc00
fc10fc00fc08fc08
fc08fc08fc10fc18
fc08fc08fc08fc08
fc10fc08fc00fc08
fc18fc28fc30fc20
fc48fc18fc20fc08
03b80085fc70fc40
03f0040003f003c8
03e003f003f803e8
03f8040003f003e0
03f003f003f003e0
03f003f803f803f8
03f803f803e803e0
03e803e803e803f8
040003f803e003d8
02c7032703b003e0
03a003e003e00367
037f03b803c8037f
0226027e024e02cf
016500cd00a50135
03b803c0030f0226
03f003d003d003d0
034f02af02af03c0
03f003e003f803d0
03f003f003f803f8
03f003f003f803f0
03f003f803f003e0
fc10fc28fdb202b7
fc10fc08fc08fc08
fc08fc08fc08fc08
fc08fc10fc10fc08
fc08fc08fc08fc08
fc08fc00fc00fc08
fc08fc08fc08fc08
fc08fc08fc10fc08
fc08fc08fc10fc00
fc18fc18fc20fc10
fc40fc08fc18fc08
0390ff8cfc30fc48
03e80400040003e8
03d803e8040003e8
03f803f803f003e8
03e803f003f003e8
03e803f803f003e0
03e003f803f003e0
03f803e003e803f8
03e803e003e003f8
034f02f7039803e0
03d003e003d803c8
03e003c003d003d0
02a7031f0317037f
023e013d015501d6
03e003f00388030f
03f003f003f003e0
033f0337036703e0
03e003e803f803c0
03d803e803f803f0
03f803e803f803e0
03f003f803f003f0
fc10fc20fdaa02a7
fc10fc08fc10fc08
fc00fc08fc08fc10
fc10fc10fc08fc08
fc08fc10fc08fc08
fc00fc08fc10fc08
fc08fc00fc00fc00
fc08fc08fc08fc08
fc00fc08fc10fc00
fc08fc08fc00fc00
fc18fc18fc10fc00
0377febbfc30fc40
03e0040004000400
03e803f803f003e8
03e803d803f003e0
03f003f803f80400
040003f003e003e8
03e803f803e003e0
03e803e803e803f8
03d803e803f003e8
03b002ff039803d0
03c803c803e003e8
03f003e803e803e8
0337035f03b003e0
0236019e01de026e
03f803f003c80337
03f003d003f003e8
0377036703a803f0
03d003e803d80388
03f003f803f803e8
040003e003e803f0
03f003f003f003f8
fc08fc38feb30317
fc08fc10fc08fc08
fc00fc08fc08fc10
fc08fc08fc10fc08
fc10fc10fc08fc08
fc00fc08fc08fc08
fc08fc00fc00fc00
fc08fc08fc08fc08
fc00fc00fc00fc00
fc00fc00fc10fc08
fc08fc08fc08fc00
032ffe7afc68fc28
03d8040004000400
03f003f003f003d8
03e003e003f003e8
03f803f803f803f0
03e003f803e803f8
03f803f003d803e8
03e003e803e003f8
03e803e003f803e8
03b80307036703a8
03d003d803f803e8
03f803e003e003f0
0367039803d003e0
022e020e023e02af
03f003e803d00317
03f003e003e803e8
03a8037f03c003f8
03f003e803d003b0
03f803f003e803e8
040003f003f003f8
03f003f003f003f8
fc00fc58ffac036f
fc08fc18fc10fc00
fc00fc08fc08fc08
fc08fc08fc08fc00
fc10fc08fc08fc08
fc00fc00fc08fc08
fc00fc00fc00fc00
fc08fc10fc08fc08
fc08fc00fc00fc00
fc08fc10fc10fc08
fc00fc00fc08fc10
02d7fe0afc30fc10
03d00400040003f8
03f803f803f803b8
03e003f8040003e8
03f803e803f803e8
03e803f003e803f0
03e803e803e803f0
03e003e803e003e8
03e803d003e003e0
03c00367036f03d8
03e803f003f003f8
03e003c003d003f0
03a003a003d803d0
0226026602c7033f
03e003e803c80307
03e003d803d803e0
03a8035703c003f0
03e003d803c003d0
03f003f003d803f0
03f003e003e803f0
03f003f803f803e8
fc08fc68ffac0367
fc08fc10fc10fc00
fc08fc08fc08fc08
fc10fc08fc08fc08
fc10fc08fc08fc08
fc08fc10fc10fc10
fc00fc00fc08fc08
fc08fc10fc08fc08
fc08fc08fc00fc00
fc00fc08fc08fc08
fc08fc10fc08fc00
0155fd09fc10fc08
038803f803f803a0
03e8040003f80357
03f0040003f803f0
03f003e803f803e8
03f003f803f003e0
03f003f003f803f0
03d803f003e803d0
03d803d803e803f0
03e803a8037703e0
03e003e003d003e8
03e003e003d003d8
03e803e003d003e0
034f0347039003c8
03e003e003d80398
03e803e803c003e8
03c0035f03e803e8
03e003d803d803e0
03f003f803e803e8
03e803f003f803e8
03b803e803f003e8
fc18fc40fe2a0216
fc08fc00fc00fc00
fc08fc08fc08fc08
fc08fc08fc08fc08
fc08fc08fc10fc08
fc08fc08fc08fc08
fc08fc00fc00fc00
fc08fc08fc00fc08
fc10fc18fc10fc08
fc08fc10fc08fc08
fc00fc08fc18fc08
fe4afc58fc10fc00
018602ef030f01ae
03e8040003c801a6
03d803e803e803f0
03f003e003f803e0
03f00400040003f8
03f003f003f803f0
03e003f803f803e8
03c803e003f003d8
03d003a803a803c0
03a003c803b803c8
03b803d803b803c0
03f003f003d803d0
03d003c803e003f0
03f003f803f003e8
03e803f803e003e0
03a8033f03f003e0
03e803d803d003d8
03f003e003f003f0
03f80400040003e8
024e03d803f003f0
fc10fc08fc91fecb
fc08fc08fc10fc10
fc08fc10fc10fc10
fc10fc08fc08fc08
fc10fc10fc10fc08
fc00fc00fc00fc08
fc08fc08fc08fc08
fc08fc08fc08fc08
fc00fc08fc08fc08
fc08fc18fc10fc08
fc10fc08fc18fc08
fca9fc28fc18fc08
fdcafe93ff1bfe12
03e803f80390fff4
03d803f003f803f0
03e803e8040003e0
03e803f803f003e8
03d003e803e803f8
03d003f803f803d8
03c003c803c003b8
03e003d803a803b0
039003a0039003b8
03e003d003a8037f
03f003e803f803e8
03f803f003f00400
03f003f803f803f8
03c003e803f003f0
03a0033703b003b8
03f803d803e803f8
03d003e003e003e0
03f003f8040003e0
fffc036f03f003e0
fc10fc08fc18fcd1
fc08fc08fc08fc08
fc10fc10fc08fc08
fc18fc10fc08fc08
fc10fc10fc10fc08
fc08fc00fc08fc08
fc08fc08fc10fc08
fc08fc10fc10fc08
fc10fc10fc00fc00
fc18fc18fc18fc10
fc28fc18fc20fc18
fca9fc78fc40fc30
fcc9fcf9fd39fd01
03e803f00377ff63
03f8040003f803f0
03f003e803f803e8
03e003e003e803e8
03d003f003f003e0
03e803e803f803e0
03c003c803c003d8
03a803c003a803b0
02ef02ef030f036f
03f003b003a00347
0357033703a003d8
03e803f803f003b8
035f0327036703b0
037f03c803f803d0
03770317034f036f
040003f003f003e0
03c803f803e803f0
03e803f0040003e0
fe02028703e003e0
fc08fc08fc18fc40
fc08fc00fc00fc00
fc08fc08fc08fc08
fc10fc18fc10fc08
fc08fc00fc10fc10
fc10fc10fc10fc10
fc10fc10fc08fc10
fc10fc10fc10fc10
fc50fc50fc30fc20
fc70fc68fc50fc40
fc78fc78fc91fc89
fd21fcd1fc78fc70
fca1fce1fd29fd41
03e003d80347fee3
03f003f803f803e8
03f003e003f803e8
03f003f003f803e8
03f803f003f003e8
03e803d003e803f0
03d003c003d803e0
031f0367035f03c0
02df02af02c702ef
02d7034f03370307
01d601b601d6021e
027602c702af0236
021e01c601de0216
0347035f033702cf
035702f703070317
03f003f803f003d8
03f003f003e803e8
03f803f003f803f8
fcf900e503a803f0
fc00fc00fc08fc18
fc00fc00fc08fc08
fc08fc08fc08fc00
fc10fc10fc10fc08
fc10fc08fc08fc08
fc08fc10fc10fc10
fc10fc08fc10fc10
fc10fc10fc10fc10
fc50fc81fc78fc81
fcd9fc60fc30fc28
fd51fd59fd82fd69
fd9afd79fd61fd49
fc81fcf9fd61fd92
03f003d802dffdfa
03e003f803f803f8
03f003f003f803e8
03e803f803f803e8
040003d003e803f0
03c803d803d003e8
03d003d003d803d8
02cf0317036703c8
0266023e021e0226
ff7b00bd01f60266
ff2bfedbfeb3ff3b
ff3bff0bff94ff53
004cff23fed3fefb
022e01f6014d00e5
035f02c702870226
03d803e803e803a8
03f803f003d003d8
040003f803f003f0
fc70ff0b030703f8
fc10fc20fc10fc08
fc00fc18fc20fc18
fc08fc08fc08fc00
fc08fc08fc08fc08
fc08fc08fc08fc08
fc00fc00fc00fc00
fc08fc08fc10fc08
fc08fc10fc10fc10
fc10fc50fca1fcf1
fd29fc68fc18fc08
fdc2fdf2fe0afdd2
fd9afdd2fdeafdca
fc58fcf9fd59fd9a
03e803e801fefd19
03f003f803f803f0
03e003e803e803e8
03e003f803f803e8
040003d803e803e8
03e003e803e003f0
03c803c803e003e8
027602df033703a8
00c5009d00dd01b6
fd92fe0aff9c0054
fe52fe6afe0afe02
fe3afdd2fe32fe1a
fffcfea3fddafdfa
0004ffc4ff530004
039802e701d6008d
03f003e003e003d8
03f003f003d803f8
04000400040003e8
fc60fdb201ce03b8
fc50fc58fc50fc38
fc08fc18fc40fc50
fc08fc08fc08fc00
fc08fc08fc08fc08
fc08fc08fc08fc08
fc08fc00fc08fc08
fc08fc08fc10fc08
fc08fc08fc10fc08
fc08fc28fc91fd01
fe0afd31fc99fc30
fe02fdfafdf2fe3a
fdb2fdc2fdf2fe12
fc50fce1fd49fd8a
03f003a80044fc78
03e003d003e803e0
03e00400040003f8
03f003e803f003f0
03d803e003e803f8
03f003f003d803d8
03c003d803f003e8
018e02af033f0367
002cffe4ffb4001c
fffc003c00a5007c
000c007c00540024
0054001cffe4ffc4
022601a6011d00ad
fffc008500fd01ee
03b802f700e5ff84
03f803e803d803e8
03e803e803e803f0
03e803f003f803f0
fca1fd4100440337
fc48fc48fc70fc91
fc50fc60fc81fc81
fc08fc18fc18fc30
fc08fc08fc08fc08
fc10fc00fc00fc08
fc08fc10fc10fc10
fc08fc08fc08fc10
fc08fc10fc08fc08
fc10fc00fc28fc89
fe42fd61fcb9fc60
fe1afddafde2fe5a
fdb2fdcafdd2fe1a
fc58fce9fd29fd82
03f8031ffea3fc38
03d003c803d803e0
03e80400040003e8
03f803f003f003e8
03d003f003f803e8
03e803f803e803d0
03b003c803d803d8
004401d6032f03b0
02ef02ef027600f5
033f033f032702f7
0307034703470337
033f02f702d702ef
03c003a803880347
03070357037f03b0
03b8027e00b501b6
03f803f003f003e0
03e803f003e803f8
03b803e003e803f8
fd09fd49fedb025e
fc58fc40fc78fcd9
fce1fd19fd21fcc9
fc10fc30fc60fc99
fc08fc00fc00fc08
fc08fc08fc08fc10
fc08fc08fc08fc00
fc00fc08fc08fc08
fc10fc08fc08fc08
fc28fc00fc00fc20
fe3afd59fca9fc81
fe2afe7afe72fe72
fd92fd92fd9afdda
fc81fcf9fd29fd82
03e0024efd49fc28
03e803f003e803f0
03f803f803d003d8
03f803f803e803f0
03f003f803f803f0
03e803f003e803f8
03e003f003e803e8
01b6019e02ff03b0
03f003f003c80347
03e803e803f003f8
03f003f003f803f8
03f003d003e803e8
03f003f803f803f8
03e803f8040003f0
03b8025601960357
03f003e0040003f0
03f803f803e803f0
034f03e803f803f8
fd59fd71fda20095
fc81fc70fc78fce9
fdcafdc2fd69fcd1
fc40fc99fd21fda2
fc10fc18fc18fc18
fc00fc00fc00fc08
fc00fc08fc08fc00
fc00fc08fc10fc08
fc00fc00fc00fc00
fc40fc08fc00fc08
fe02fd59fc89fc78
fe1afeabfe93fe2a
fd82fd49fd51fda2
fc99fce9fd09fd71
03980165fcb9fc18
03e003b803c003c8
040003f003b803c8
03e803f803e803f8
03e803e803f803e8
03f803e003d803e8
03e803f803f803f8
0377029f02970388
03c803c803d803c8
03f8040003f003b8
03f003e803f803f8
03f003f003f803f0
0400040003f003f0
03e803e003f80400
03880256025603d0
03f803e003f803e8
03f803f803f803f0
026e03c803f803f8
fd9afd9afd19fe83
fc58fc60fc60fcd1
fe02fd8afcf1fc68
fce1fd79fe02fe42
fc08fc10fc28fc70
fc08fc08fc08fc00
fc10fc18fc10fc10
fc00fc00fc00fc08
fc08fc08fc00fc00
fc40fc08fc00fc00
fdc2fd49fc78fc38
fdfafe8bfe83fe22
fd59fd11fcf9fd61
fc81fce1fd09fd71
03880085fc68fc10
036f036703900388
03f803f803d803b0
03d803f003f003e8
03e003f0040003e8
03f803b003d003f0
03e003f803f003f8
03e003b002f70337
03a803d803e003e0
03f803e803d8037f
0400040003f803f0
03f803f803f003f0
03e803d003e803e8
03f803d803d003e8
035f0266038803f8
03f803f803f803e8
03f803e003e003f0
005c035703f803f8
fdaafd49fcc1fcf9
fc18fc50fc99fd19
fd79fce9fc60fc18
fd9afdf2fdf2fdda
fc08fc38fc91fd01
fc08fc08fc00fc00
fc10fc10fc10fc10
fc10fc10fc10fc08
fc08fc10fc08fc08
fc38fc18fc00fc08
fdeafd59fc91fc28
fdb2fe6afe8bfe52
fd59fcf9fcc1fd09
fc68fcd1fd09fd61
037fff63fc20fc10
03370357037f036f
03e803c803a00357
03e803e803f003e8
03e803e803f803f0
03e803c803d003e8
039803e803f003e8
03f003e00388034f
03d803f003e803f8
03c803a003c003d0
039803a803900398
0377037703a00388
037f035f035f0367
040003f803c803a0
02d702ff03f003f8
03f003f003f003e0
03f803e803d803e8
fe2a029f03e803f0
fd61fcf9fcd1fc89
fc10fc58fcc9fd51
fcc9fc60fc18fc00
fdfafdf2fd8afd19
fc91fcf9fd71fdc2
fc60fc50fc38fc40
fc81fc81fc70fc70
fc70fc78fc81fc81
fc40fc40fc50fc58
fc40fc30fc08fc08
fdeafd9afce1fc40
fd39fddafe3afe3a
fd39fcf1fcb1fcb9
fc60fcd1fd21fd51
030ffe42fc08fc10
032f0357034f036f
03d80377028702cf
03e003e803f803f0
03e803f003f803e8
03f003d003c803e8
03a003b803e803f0
03f803f003d00390
03e003e003e803f0
0327039003d803e8
02e702ef03070307
02df02f7032f0307
03670347030f030f
03d003e803e803b8
026603a003f003f0
03f803f003f80398
03f803f803f803f8
fd01014d03c003f0
fd01fcd9fcd9fc89
fc18fc81fcf9fd31
fc58fc18fc08fc00
fdbafd92fd41fcc9
fdaafddafe1afe02
fd31fd39fd19fd41
fdb2fda2fd71fd51
fd19fd49fd71fd9a
fce9fce9fcd1fcf1
fc38fc20fc08fc00
fdcafd51fcd1fc60
fcc9fd41fdcafe12
fd21fce9fca1fc81
fc50fcd1fd39fd49
0226fd29fc08fc10
0367037f033f03a0
03b80337029f02f7
03a803c003e803d8
03e803f803d803b8
03f803f803f003f0
037f03b003c803e0
03f003f003f80398
03e003e803f803f0
037703d803f003f0
02ef02f70347033f
02ff030f03170327
03e003d003a8034f
03e003f803f803e8
02c703f003f803f0
03e803e803e0032f
03d803f0040003f8
fca1ff5b033703e0
fcb1fcb1fcb1fc78
fc20fcc1fd39fce9
fc28fc10fc10fc08
fd39fd11fcb1fc48
fe32fe22fdeafd71
fe8bfeabfe9bfe72
fe7afe8bfe83fe83
fe22fe2afe3afe52
fdf2fdfafe02fe1a
fc50fc40fc18fc00
fdbafd39fc91fc60
fc60fca9fd41fdc2
fd19fcb9fc60fc40
fc48fcc9fd21fd49
0105fc99fc10fc18
03b00390037f0390
0398034f03470377
039003b803f003c0
03d003d8037f036f
03d003e803e003d0
033f037f03a803b0
03f003f803d8036f
03e803d803e803f0
03e803f803e003f0
02af02df034f03b8
02af0297028702b7
03e0039003670317
03d803f803e003e8
036f03e803e003d8
03d803e803e002ff
03b803d803f803f0
fcc1fdd201be03c0
fc99fc68fc58fc68
fc58fd39fd39fcc1
fc08fc00fc08fc08
fca1fc60fc40fc10
fdcafda2fd41fcf1
ff0bfefbfeabfe3a
fef3ff03ff0bff0b
fe8bfe8bfea3fec3
fe42fe5afe62fe93
fc30fc30fc18fc00
fd79fd49fca1fc48
fc40fc68fcc1fd39
fcf9fcc1fc60fc48
fc58fcd1fd21fd39
ffb4fc40fc10fc18
03d003770388033f
03b803a003b003c0
039803d803e803c0
03c003b003670367
03a003e003e003a8
032f0327036f0390
03f003f803c0034f
03f803d803e803f0
0390037f03b803f8
037f034f030f0367
03b803a803a00390
03d803d003c803c0
021e035f03c803e8
031f024e013d011d
03e003e803a80317
0398038803c803e8
fcd9fd21ff9c0367
fc91fc60fc58fc81
fce9fd49fce1fcb1
fc08fc00fc00fc28
fc38fc10fc08fc08
fd21fcf9fca1fc70
fe3afe1afdd2fd9a
febbfec3fea3fe5a
fe52fe7afe9bfeb3
fe3afe4afe52fe52
fc38fc30fc18fc00
fd49fd41fce1fc48
fc58fc78fca9fcf1
fcf9fcc9fc70fc50
fc50fcc1fd01fd11
fe8bfc08fc10fc18
03900357038802c7
03b803c003c003a8
03d803c803c003b0
0390037f036f0398
03a003c803b80398
03070307031f0367
03e003e003e80398
03d803e003e803e0
03e803a8039003b8
03f803f803e803e8
03e803f804000400
03f803f003f003f0
fdcaffb402d703e8
0024fe2afd79fd61
03b003a0035f0266
03a0033703a803b8
fcc9fcd9fdf2028f
fc70fc58fc81fc89
fd21fcf1fcb1fc91
fc00fc00fc10fca1
fc08fc00fc00fc00
fca9fc78fc38fc20
fdc2fd9afd41fd11
fe12fdfafe02fdda
fe2afe22fe1afe2a
fe22fe1afe22fe12
fc20fc28fc10fc00
fd19fd41fd19fc70
fc78fc78fca9fcd9
fce1fcc1fc81fc78
fc40fcb1fce1fce9
fd8afc08fc10fc18
03670367033f01fe
03b003b803c80398
03d003d803c803b8
03570347036f03d0
0327031f033f033f
03a8034702f702f7
03e003d003e003e0
03d003e803f003f0
03f803f803f003e8
03e803f803e803f0
03e803e803f003f8
03f003f803f803e0
fcc1fd19ff63031f
fdbafd19fcd1fcb9
0377030f019eff33
03a0032702e70347
fcb1fcd1fd0100a5
fc60fc48fc78fc89
fcd1fcb1fca9fc91
fc00fc08fc78fd09
fc00fc00fc00fc00
fc58fc40fc10fc08
fd31fd09fcd1fca1
fdd2fdaafd8afd69
fdeafdeafdcafdda
fdfafdf2fdeafdd2
fc40fc20fc20fc08
fcf1fd11fd19fcc1
fc78fc78fc78fcb9
fcc9fca9fc70fc78
fc30fc81fca9fcd1
fcb1fc08fc10fc10
034f036f02ff010d
03b003b803d80390
03d803c803b803b8
02ff0327039003e0
02bf02b702af02b7
03e003b8034702cf
03c803e003e003e8
03e803e803f803e8
040003e803e003f0
03f003e803e003f0
03e803d003d803e0
03b003f003f003e8
fc89fc99fd210074
fd11fcd9fca9fc78
02df0165fec3fd69
029f0367029f0297
fca1fcd9fcb9fe32
fc58fc68fc58fc68
fc99fc91fc99fc91
fc00fc40fcd9fcc9
fc00fc08fc08fc08
fc48fc20fc10fc08
fcf9fcb1fc91fc70
fd9afd92fd61fd39
fd9afda2fdb2fdaa
fdcafdc2fdbafdaa
fc89fc28fc20fc10
fcc1fce9fcf1fce9
fc70fc70fc68fc89
fcb1fc91fc60fc68
fc38fc68fca1fcc9
fc50fc08fc18fc20
034f034702c7ffec
03c003c003b00357
03d803c803b803b8
02bf0367038803b0
02bf0246021e0236
03d00398037f0337
03e803f803d803e0
03f003e003f803f0
03f003e803e803e8
03d803d803d803f0
03e803f003e003d8
02e703f003f003d8
fca1fc78fc99fe2a
fcd9fcc9fcb9fca1
01aeff43fd92fcf9
002403570307023e
fc99fce1fca9fcc9
fc48fc50fc58fc58
fc89fc91fc78fc58
fc28fcb9fcb9fc89
fc08fc08fc08fc08
fc48fc28fc18fc08
fcd1fca1fc81fc68
fd69fd41fd21fd11
fd79fd79fd69fd61
fda2fd92fd92fd82
fcd1fc58fc28fc18
fca9fcc1fcd9fce9
fc68fc68fc78fc68
fcb1fcb9fc81fc68
fc38fc70fc99fcb9
fc18fc10fc18fc20
032702ff0276feab
03c003a8036f0307
03a803a003b803c0
02df0367035f037f
027e022601de0246
03b80388034f02ef
03e803f803e003d8
03f803f003f803e0
03e803f804000400
03e803e803e803f0
03f003f803d803e0
021603f803f003f0
fc78fc81fc78fd31
fcc1fcc9fca1fc78
fff4fddafd11fcd1
fdca01fe03370236
fc99fcd1fc91fc89
fc28fc30fc68fc68
fc99fc91fc70fc48
fc99fcc9fc91fc89
fc10fc08fc08fc10
fc20fc08fc10fc10
fca1fc78fc50fc40
fd29fd11fd01fcd9
fd71fd59fd51fd31
fd82fd82fd69fd69
fcc9fc89fc28fc08
fc60fc81fcb1fcc1
fc99fc81fc68fc50
fc91fc89fc68fc70
fc20fc48fc89fc91
fc08fc18fc18fc18
02f702bf01c6fd92
03a00388032f02cf
037f0390039803a0
02df0317032f0367
021e01f60246028f
037702ff028f023e
03d003d003d80398
03f803f003f003d0
03d803e003e003e0
03e803e803e003e8
03e803f003e003e0
01e6040003f003e8
fc81fc81fc58fd19
fcf1fd41fcc1fc89
ff6bfe42fd8afd11
fc91000402bf01a6
fc78fcc1fc99fc89
fc30fc30fc58fc60
fca9fc91fc68fc40
fca9fc78fc81fc99
fc08fc08fc00fc68
fc10fc00fc08fc10
fc99fc68fc40fc28
fd19fd09fd01fcc9
fd59fd41fd41fd29
fd59fd61fd59fd61
fca9fcc9fc70fc08
fc58fc60fc78fc91
fc89fc81fc78fc68
fc70fc60fc68fc68
fc18fc30fc48fc68
fc10fc18fc18fc20
02d702970085fc89
0377035f030f02cf
0377037f036f036f
02a702bf0307034f
018e01de022e024e
027e01ee01ce0196
03c80390038802ff
03e803e003e003c0
03e803e003e803e0
03f003e803d803e8
03f003e803e003e0
028f03f803f803f0
fc50fc38fc40fdb2
fe9bfd51fd09fca1
027e027e022600ed
fc48ff940317027e
fc58fca1fca9fc78
fc48fc30fc28fc48
fc91fc81fc78fc58
fc60fc68fc89fc89
fc08fc00fc38fcb9
fc00fc00fc08fc08
fc91fc70fc40fc20
fd11fd09fce1fcb1
fd41fd49fd41fd21
fd49fd61fd61fd59
fc89fca9fca9fc30
fc70fc50fc50fc60
fc81fc91fc91fc70
fc60fc81fc81fc70
fc20fc40fc38fc60
fc10fc20fc20fc28
02d70256ff0bfc28
036f032702c702df
0367036f0367037f
024e027e02cf0337
018601de01fe01fe
017d014d01350165
03b002ef02760206
03d803c003c803d0
03e003e803e803e0
03e003f003e803e0
03d003d003d003e0
034f03d003e803f0
fc28fc10fc70ff73
02bfffdcfd29fc58
03d00400040003d8
fc68ff13036f037f
fc60fc91fc91fc91
fc40fc20fc28fc48
fc68fc60fc70fc50
fc38fc68fc78fc81
fc08fc20fca1fc70
fc00fc00fc08fc10
fc78fc48fc28fc10
fd01fce9fcb1fc99
fd41fd41fd29fd29
fd61fd59fd59fd59
fc60fc81fc89fc60
fc58fc48fc48fc48
fc68fc60fc50fc50
fc58fc78fc78fc70
fc28fc40fc40fc58
fc20fc20fc20fc30
02bf01c6fdaafc10
033f02e7029f030f
0367039803a00398
01fe024e02cf0337
018e01a601b601ce
01be01a601860186
02e7025601ee01c6
0337032f035f035f
039003c003c00388
03c003d803d803a0
038803c003d003d8
034f03900398037f
fc10fc38fd71015d
039802bfff3bfc70
033f02e7032f03b8
fcb1ff0302f7031f
fc50fc68fc81fcb1
fc30fc38fc30fc38
fc58fc68fc70fc48
fc40fc58fc68fc78
fc18fc99fc89fc28
fc08fc00fc08fc10
fc60fc30fc28fc10
fcd9fcc9fc99fc91
fd39fd39fd19fd01
fd59fd49fd59fd39
fc60fc68fc70fc78
fc48fc58fc58fc60
fc58fc48fc58fc68
fc50fc58fc60fc60
fc28fc48fc48fc48
fc20fc20fc20fc18
028f009dfca9fc18
0297028f029f0307
037f03b0039002df
01fe025e02d70337
01be01d601de01e6
0256021e01d601be
022e02260256025e
026e02a702a7028f
02ef033702df027e
03900377036f0347
0327034f03980388
0276029f02d702e7
fc28fd11ffe401ee
03a803b801a6fd29
011d004c00b5028f
fcc1feeb02870226
fc50fc60fc78fcb9
fc40fc30fc30fc28
fc60fc91fc78fc58
fc70fc70fc89fc78
fc78fca1fc38fc40
fc08fc08fc10fc10
fc50fc38fc20fc10
fcd9fcb1fc99fc81
fd19fd21fd01fcf9
fd49fd49fd39fd29
fc58fc58fc58fc68
fc58fc68fc68fc60
fc60fc60fc48fc60
fc50fc48fc50fc60
fc20fc38fc48fc40
fc28fc20fc20fc18
0256feebfc28fc20
026e027602e702df
03670347024e0175
023e028702ff0357
01fe0206021e021e
0287024602060206
0246029f02b7029f
02160226020601f6
028f027e022e01f6
031f030702df02a7
02460256029702a7
01f601fe01f60226
fd11ffec0216020e
034703e8028ffdc2
ff2bff5bfeeb00ed
fc81fe5a01f6ffe4
fc40fc48fc60fc91
fc40fc30fc20fc30
fc91fc91fc70fc50
fc60fc70fc89fc99
fc99fc40fc38fc40
fc08fc10fc08fc50
fc40fc18fc08fc08
fcb1fc99fc89fc68
fd09fd09fce9fcc9
fd41fd39fd11fd09
fc58fc40fc50fc68
fc60fc50fc68fc58
fc50fc58fc68fc70
fc40fc40fc30fc48
fc20fc38fc38fc38
fc30fc30fc20fc20
019efd69fc10fc20
02a7029f031702c7
02cf01e6005c0196
025602c7031f031f
01f6021e0236021e
029702760256021e
02b702ef02df02a7
01ce01fe02460276
01e601ce01ce01c6
023e024e0236021e
01a601a601de01fe
024e01f6019e0196
002c02bf032702af
021603c002cffedb
ff1bfe6afd21fe83
fc48fd92007cfeeb
fc28fc28fc50fc78
fc38fc28fc18fc28
fcb1fca1fc81fc48
fc68fc70fc89fca9
fc48fc20fc38fc40
fc08fc08fc40fca9
fc40fc10fc00fc00
fcc1fca9fc91fc60
fd01fd09fcf1fcc1
fd29fd21fd01fcf1
fc38fc48fc40fc28
fc60fc58fc70fc48
fc40fc50fc78fc78
fc40fc50fc40fc48
fc38fc40fc30fc48
fc18fc38fc28fc20
0044fc81fc20fc18
02bf02e7031f029f
016dffdc0024024e
025e02a7028f023e
02060226023e0236
029f027e025e022e
02f702ef02c702a7
029702d702f70307
01e6020e022e024e
01c601de01ce01f6
020e020601ee01ce
032702df0297023e
02cf036703880357
017d037f030701ce
ff13fd11fc40fd51
fc30fcf1fff4ff53
fc30fc18fc40fc58
fc30fc30fc38fc30
fcd9fcb9fc68fc38
fc70fc81fca1fcc1
fc30fc30fc28fc50
fc08fc30fcd1fc60
fc28fc10fc08fc08
fcd1fcd1fc89fc60
fcf9fcf9fce9fcd1
fd09fd11fd01fcf1
fc40fc38fc38fc20
fc78fc68fc68fc48
fc70fc78fc78fc78
fc48fc50fc48fc50
fc30fc48fc48fc48
fc20fc18fc28fc38
fe62fc20fc28fc20
02d7031702df021e
ffbcff33014d02bf
021601ee019e0105
020e0226022e0226
02a7027e025e023e
0337030f02d702b7
032703370337033f
026602a702ff030f
0297029f029f02a7
02df02c702bf02af
03a0035f032f02f7
02b7030f039003b0
029f025e014501fe
fec3fc58fc58feb3
fc18fd090044fff4
fc20fc18fc28fc30
fc10fc30fc38fc30
fcc9fca9fc50fc18
fc68fc91fca1fc99
fc20fc38fc30fc58
fc20fcc9fcc1fc18
fc18fc18fc08fc08
fcd1fcc9fc81fc48
fd01fcf1fce9fce1
fd01fd01fcf1fd01
fc50fc28fc30fc28
fc99fc68fc70fc68
fc81fc91fc91fca9
fc38fc48fc60fc68
fc50fc40fc50fc30
fc40fc18fc18fc40
fd09fc10fc28fc30
02ff030f027e0115
ff230044024e02e7
016d013d00c50004
020e01f601d6019e
02c7027e02360226
030f02ff02e702cf
036f034f032f032f
02ef030f036f036f
030f030702ef032f
035f032f031f030f
03b803a0037f0357
014d024e030f03a0
0287ffb4fddaff8c
fef3fd69fe8b014d
fc78fef300a5005c
fc28fc10fc28fc28
fc08fc20fc28fc28
fcc1fcb1fc38fc08
fc78fca1fca9fc99
fc18fc48fc38fc40
fce1fd11fc60fc08
fc10fc08fc08fc20
fcd1fca9fc78fc30
fcf1fce9fcd1fce1
fcf9fcf1fcf9fcf9
fc50fc20fc30fc28
fc78fc81fc70fc70
fc60fc60fc70fc99
fc48fc50fc68fc58
fc48fc40fc28fc28
fc50fc50fc30fc30
fc48fc18fc20fc38
02e702f70226ff3b
016d019e0216023e
00cd007c00dd019e
01ae019e01750125
02b7023601fe01ce
032f0317030f02e7
036f035f033f0337
037f03900388036f
032f0347035f036f
0388036f033f030f
039003a803880377
ff6b0125022e0307
01d6005cfd61fd69
013d01e6021e023e
fe5a00ad009d006c
fc38fc30fc28fc48
fc10fc20fc18fc20
fcb1fc81fc28fc08
fc99fca9fca1fcb1
fc20fc30fc20fc40
fd19fc81fc20fc10
fc20fc08fc10fca9
fcb9fc78fc60fc38
fce1fcd9fcd1fcc9
fcf9fce9fcf9fce1
fc68fc38fc20fc28
fc81fc70fc70fc78
fc58fc68fc81fc99
fc50fc48fc68fc58
fc38fc48fc38fc38
fc40fc58fc78fc28
fc10fc20fc40fc30
00ed02760175fda2
013d00c5ff84fe3a
006c0105020601ce
018e0145013500f5
025e01ce01b601ce
0367034f032702e7
0377036f0357034f
037f039803a8036f
0367035f03670377
0398039003770367
0317037f03880398
fde2ffb400fd020e
01c6016dfefbfcf1
030f02ff027601fe
009d00dd000c00b5
fc20fc10fc20fda2
fc10fc40fc28fc18
fcb9fc70fc18fc00
fca1fc91fca1fcb9
fc18fc20fc28fc48
fc70fc28fc18fc18
fc18fc08fc91fcf1
fcb1fc89fc60fc38
fce9fcd9fcc9fca9
fd01fd01fcf9fce1
fc60fc30fc28fc30
fca1fc78fc68fc68
fc40fc70fc78fc89
fc40fc38fc40fc48
fc20fc38fc58fc40
fc30fc40fc68fc68
fc20fc28fc40fc40
fe8301b6ffd4fc70
007cff2bfcf9fc40
007c0216014500a5
013d00dd007c0004
01f601ce01b6019e
03900367032702a7
037f036f037f0388
0367038803900388
036f0357035f0367
0390036f03670377
01fe0307037f03a0
fd41fe62ffdc0105
0196014d0054fdfa
02bf017d00ed01d6
0115006cfe5200ad
fc18fc10fcf9001c
fc08fc28fc28fc20
fc89fc40fc00fc00
fcb9fcb9fca1fcb1
fc08fc28fc30fc58
fc30fc20fc20fc18
fc08fc60fcd9fc70
fcc1fca9fc68fc20
fce1fcc9fcb9fca9
fce1fce9fcd9fcd9
fc68fc40fc28fc18
fc91fc81fc60fc70
fc28fc60fc78fc89
fc50fc48fc20fc20
fc68fc20fc30fc40
fc40fc50fc58fc68
fc28fc30fc20fc28
fdaa00e5fdfafc10
ff94fddafc40fc38
0186019e012500b5
01050074ffdcfffc
01d601de01a60155
0390035f02e7022e
03a0035f034f0390
03670357036703a0
0347034f036f037f
0377035f034f034f
00f5020e0307035f
fe6afe4afe9bffc4
01e6018e015d001c
0196feb3fe7201b6
00bdfec3fca9ff8c
fc30fcc9ff840135
fc08fc28fc28fc28
fc89fc28fc00fc00
fca9fcb1fc91fca1
fc00fc18fc48fc81
fc28fc28fc30fc10
fc48fca1fc58fc38
fcc9fc91fc60fc20
fcc9fcc9fcc1fcc9
fcb1fcb9fcb1fcc1
fc60fc40fc28fc18
fc70fc78fc68fc68
fc18fc58fc70fc70
fc58fc60fc30fc18
fc68fc58fc28fc40
fc58fc58fc58fc50
fc28fc30fc30fc30
fe93ffbcfca1fc08
0024fe42fcb1fc58
01b6013d01960165
004400140024015d
01de01b6015d00b5
036f033f02970216
0367033703270367
033f0317031f034f
030f0317032f034f
031f032703270317
ff9400b501e602cf
ffa4fefbfee3fec3
026e0226020e014d
00ddfd8afcf9005c
ff8cfd11fc28feab
fc99ff1301450135
fc10fc20fc18fc18
fc68fc10fc00fc00
fca1fca1fca1fca1
fc08fc28fc81fca9
fc20fc20fc18fc08
fc60fc38fc10fc28
fcc1fc78fc58fc28
fcd9fcc9fcc1fcc9
fc81fca1fcb1fcc1
fc60fc48fc38fc10
fc50fc68fc68fc70
fc20fc40fc60fc48
fc58fc70fc58fc30
fc60fc70fc48fc10
fc50fc48fc40fc50
fc18fc38fc50fc28
ff7bfde2fc18fc10
00a5fe62fca9fd09
019e018e01a60196
0044006c00ed020e
018e012d00b5004c
036f0317025e01de
0317031703370377
0307030702c702df
02ff02ef02e702e7
029f02b702e70307
ff13ff53006c01d6
00a5ff73ff73ff5b
012d024e021601ae
005cfdb2fc78fd8a
fdb2fc70fc10fdaa
fe52011d01550064
fc28fc50fc20fc40
fc50fc08fc00fc08
fcc9fcb9fca9fca9
fc18fc30fc81fca9
fc20fc18fc10fc08
fc10fc28fc30fc30
fc91fc60fc60fc20
fcd9fcd9fcc1fcb1
fc48fc91fca9fcc9
fc68fc58fc40fc20
fc60fc81fc68fc70
fc10fc30fc50fc48
fc28fc58fc60fc28
fc38fc20fc20fc10
fc40fc48fc38fc38
fc20fc48fc48fc38
ff9cfce9fc08fc10
005cfda2fcb1fec3
00f501350155015d
00ad00bd0196016d
00dd0074006c0074
034f02e7020e016d
02f703170347035f
02a702b702a702bf
02d702c702af028f
01c60266029f02c7
ffb4ff6bff94008d
016d0054ff3bffbc
fdaa00a5022e01fe
ffacfe4afc99fc99
fc99fc30fc10fcb1
00b5017d00adfe2a
fc40fc58fc48fda2
fc30fc08fc00fc10
fca9fca9fca1fc89
fc18fc30fc70fc89
fc08fc08fc08fc08
fc00fc28fc50fc18
fc81fc58fc58fc28
fcc9fcc1fcb9fcb1
fc18fc48fc70fcb1
fc70fc68fc50fc18
fc70fc91fc89fc78
fc10fc28fc60fc68
fc40fc10fc38fc18
fc40fc28fc18fc50
fc48fc40fc30fc38
fc20fc50fc40fc50
ff23fc91fc10fc18
feb3fc68fd9a0054
008d007c0054005c
0064012502160115
006c008d00dd00b5
032702af01d60115
02bf02c70317033f
025e02870287029f
026e024e024e0256
008501ae021e0246
ffe4003cffbcff9c
01ae0155ff84ff1b
fcd1fd69004c01a6
fe7aff2bfd01fd29
fc40fc30fc18fc38
01650135ff43fcc9
fc28fc30fcf1fffc
fc20fc00fc00fc08
fca1fcb1fcb1fc81
fc28fc48fc89fca1
fc18fc10fc00fc08
fc00fc08fc20fc20
fc91fc89fc50fc18
fc99fcb9fcb1fcb9
fc18fc08fc30fc58
01ae01ae01ae01ae
01ae01ae01ae01ae
01a601a601a601ae
019e019e019e019e
0186018e0196019e
018e018601860186
016d016d017d0186
015d015d0165016d
012d0135013d014d
0115011d012d013d
010d011501150115
010d011501150115
011d011d011d011d
0135012d01250125
012d012d01350135
012d0125011d011d
01c601960165013d
02460236021601f6
025e025602560256
025e025e025e0256
026e0266025e025e
0266026602660266
026e026e02660266
025e026602660266
025e025e025e025e
0266026602660266
025e025e02660266
025e02560256025e
0246024e024e0256
023e02460246023e
02360236023e0246
021e02260226022e
01ae01ae01ae01ae
01ae01ae01ae01ae
01a601a601a601ae
019e019e019e019e
0186018e01960196
018e018601860186
016d016d017d0186
015d015d0165016d
012d013d014d015d
0125012d012d012d
011d012501150115
012d0125011d011d
0135012d012d012d
0145014d01450145
0155014d015d015d
01350135013d0145
0196016d014d013d
020601f601de01be
020602060206020e
01fe01f601f601fe
01fe01fe01fe01fe
01fe01fe01fe01fe
02060206020e0206
01fe01fe020601fe
01f601fe02060206
01ee01ee01f601f6
01e601e601ee01ee
01e601de01d601e6
01ce01d601de01de
01c601c601c601c6
01be01be01c601c6
019e01a601a601ae
01ae01ae01ae01ae
01a601ae01ae01ae
01a601a601a601a6
0196019e019e019e
018e019601960196
018e018601860186
016d016d0175017d
01550155015d0165
012d013d0145014d
0125012501250125
012d012d01250125
01450135012d012d
019e017501550145
01de01de01ce01c6
020601fe020e01fe
01ae01ce01de01fe
01650155015d019e
01be019e01860175
018601860186018e
0175017d017d0186
017d017d017d0175
017d018601860186
018601860186017d
016d0175017d017d
0175017d017d017d
016d016d01750175
0165016d016d016d
015d015d0165015d
015501550155015d
01550155014d014d
014501450145014d
012d01350135013d
01ae01ae01ae01ae
01ae01a601ae01ae
01a601a601a601a6
01960196019e019e
018e019601960196
017d017d01860186
016d016d016d017d
0145014d01550165
0145013d01350135
012d01250125012d
013d013501350135
01be0186015d015d
0246022e021601d6
02870266025e0256
024e026e027e0276
027602870297027e
0175017d01fe026e
013d015d0155015d
01050115011d0125
010d0115010d0105
011501150115010d
011d011d011d011d
012501250125011d
011d01250125011d
012d012501250125
0125012501250125
012d012d012d0125
01250125012d012d
011d011d011d011d
011d011d011d011d
011d011d011d011d
010d011501150115
01a601ae01ae01ae
01ae01ae01ae01ae
01a601a601a601a6
01960196019e019e
0196019601960196
017d017d017d018e
0165016d016d0175
013d0145014d0155
0135012d01350135
012d012d014d014d
01a60175015d0125
024e0236020e020e
028f0266022e023e
02df02af029f02a7
027602af02a702af
02bf02b702c702bf
02360216029f02c7
00fd015d0175021e
00dd0105010500f5
00d500e500dd00d5
00e500dd00e500dd
00f500ed00ed00ed
01050105010500fd
010d0105010d0105
0115010d010d010d
010d010d010d010d
0115010d010d010d
01150115010d0115
0115011501150115
0115011501150115
010d010d0105010d
010d010d010d0105
01ae01ae01ae01ae
01a601ae01ae01ae
01a601a601a601a6
01960196019e019e
018e01960196018e
017d017d017d0186
015d0165016d0175
0135013d01450155
015501350145012d
01350135015d014d
0246025602260175
024e02560256022e
02bf029f020e0246
0327030702d702e7
02cf02ff02df02ff
031702df030f02ef
02e702e70317031f
019e022e025e026e
00d500dd00ed0165
00bd00cd00cd00c5
00d500cd00cd00bd
00e500dd00d500d5
00fd00fd00f500f5
010500fd010500fd
010d010501050105
0105010501050105
010d010501050105
0105010d00fd010d
0105010501050105
0105010501050105
010d010d0105010d
0105010d010d010d
01ae01ae01ae01ae
01a601a601ae01ae
01a601a601a601a6
0196019e019e019e
018e018e018e018e
0175017d01860186
0155015d01650175
01250135013d014d
014d01450135012d
021601de0175014d
0287028f027e024e
0276027e027e0266
02d7028f020e025e
033f0317030702f7
0317033f03470347
032f031703370317
02ff032f0337031f
02bf02d702ef02b7
00f5017501be0276
00bd00d500c500b5
00cd00d500cd00c5
00dd00dd00d500cd
00f500fd00f500e5
00fd00f500f500f5
01050105010500fd
010d010500fd00fd
0115011d0115010d
010d011501150115
010d010d01050105
010d010d010d010d
010d010d0105010d
01050105010d010d
01a601ae01ae01ae
01a601a601ae01ae
01a601a601a601a6
0196019e019e019e
018e019601960196
0175017d017d0186
014d0155015d016d
0125012d01350145
00dd00c500ed011d
023e01f601ae0135
02cf02af02af0276
02bf02bf029f02c7
02e70276023e0276
0327031f032f0317
0337034f034f034f
032f032703370337
0337034f034f033f
0307030f03270317
01be027602bf02cf
00f5010d00dd00ed
00ed00f500ed00cd
00e500dd00dd00dd
00fd00fd00f500ed
0105010500fd00fd
0105010d010d0105
010d010d01050105
011d011501150115
010d0115011d011d
011d0115010d010d
0115011501150115
0115010d01150115
010d010d010d0115
01ae01ae01a601a6
01a601a601a601ae
01a601a601a6019e
0196019e019e019e
01960196018e0196
0175017501750186
0145014d01550175
010d01150125013d
00adfff400d50105
0297028f023e01b6
02d702c702870276
02e702a702cf02ff
02cf02af02af02cf
0327032f031f02e7
0357035703470337
033f033703370347
03670367035f0357
03370337034f0367
02b702e7030f032f
00d500e501ae0246
00d500c500b500d5
00dd00dd00dd00ed
00fd010500f500ed
0115010d010500fd
010d0105010d010d
011d011d010d010d
011d011d011d011d
011d011d011d011d
011d011d011d011d
011d011d011d011d
011d011d0125012d
01150115011d011d
01ae01ae01a601a6
01a601a601a601a6
01a601a601a601a6
019e0196019e019e
01960186017d0196
016d017501750186
013d014d014d0165
00bd00fd011d013d
01650064005c007c
02f702ef02af024e
02e702cf02f70307
02ff02f7032f030f
02b702af02ef030f
0337032702f702cf
036703570347032f
0337034f03570347
037f0377035f035f
035f035f036f037f
031f031f032f034f
0145023602ff0327
00a5009d00850105
00dd00ed00f500d5
00f500f500f500e5
01150115010d00fd
010d0115010d0115
011d011d01150115
0125012501250125
0125011d011d0125
0125011d01250125
0125012501250125
011d011d0125012d
011d011d011d011d
01ae01ae01a601a6
01a6019e01a601ae
01a601a601a601a6
01a6019601960196
018e018e018e01a6
016d01750175017d
01350145015d0165
fffcfffc0095011d
026e01c6014d00a5
030702df029f0297
0337032f032f0317
031f0337033f0337
02af02e703170317
034f032f02ff02bf
0367035703570347
033703570367035f
037f036f0357035f
037f0377037f0388
031703370357036f
01f602d7032f031f
00ad007c00e50186
00e500e5013d0125
00fd00ed00f500ed
011d0115010d0105
011d011d011d0115
0125011d011d011d
012d012d012d0125
012d012d012d012d
01250125012d0125
012d012d0125012d
01250125012d012d
01250125011d011d
01a601a601a601a6
01a601a6019e01a6
019e019e019e01a6
0196019601960196
018e019601960196
016d0175017d017d
00ed01250145015d
00ddff8cff2b0024
0287021e01fe0186
0337032f031702f7
03670367035f033f
032f033f033f034f
02ef0307030f0327
0357032f031f02bf
03670367035f035f
034f035f03670367
036f035f03570357
03880377037f0377
0327032f03570367
02a702d70307031f
009500bd01d60276
00e5011d00fd00cd
00fd00ed00f500e5
0115010d010d0105
01250125011d011d
012d012d01250125
012d012d012d012d
012d01350135012d
012d0125012d012d
012d012d0125012d
0125012d012d012d
01250125011d011d
01a601a601a601ae
01a6019e01a601ae
019e019e019e01ae
019601960196019e
0186018e01960196
0165016d017d0186
ff73003400f5014d
018600c5ffa4ff1b
02ef02a702460206
0367036f034f032f
0367036f03770367
033703370347035f
031f0317031f0327
034f033f032702f7
035f034f034f0357
034f034f03570357
035703570357034f
0377036f036f0367
036703570367036f
02af02e7031f0357
01150246029702b7
00dd013500cd0064
00f500ed00ed00dd
01150115010d00fd
012d012d01250125
012d012d012d0125
012d0135012d012d
012d0135012d012d
012d012d012d012d
012d012d012d012d
0125012d012d012d
0125012501250125
01ae01ae01ae01ae
01a601a601a601ae
019e019e019601a6
019601960196019e
017501860196018e
0145017501750175
ff4bfefbff73008d
01ae013d00dd0085
035f031f029701de
037f037f037f036f
034f03670377037f
033f0347034f0357
0337032f0327031f
033f033f032f0327
034f034703470347
0347034f03470347
034703470347033f
035f035703570357
037703770367034f
02cf0317034f0367
017d028702970276
00e5011d008d00b5
00f500ed00dd00dd
010d010d010500fd
0125012501250125
012d012d0125012d
012d0135012d012d
012d01350135012d
012d012d012d0135
012d0125012d0135
012d012d012d012d
01250125012d012d
01ae01ae01a601ae
01a6019e01a601ae
019e019e0196019e
018e0196019e019e
017d017d017d0186
006c013501750175
002cff5bfe62ff0b
020e0196016d011d
0377035f0307029f
037703770388037f
0357035f0367036f
03370347034f0357
033f033f032f0317
03370337032f0337
034f03470337032f
0337032f0337034f
0347033f03370337
0357034f03470357
036f034703470347
03370367036f036f
01be0206022e02a7
00ed010501be01f6
00fd00e500dd00f5
010d0105010500fd
012d01250125011d
0125012d012d012d
012d012d012d012d
012d012d0135012d
01350135012d0135
012d013501350135
012d012d0125012d
01250125012d012d
01ae01ae01a601ae
01a6019e01a601ae
0196019e0196019e
018e019601960196
017d017d017d018e
fe7a002401450175
00a5ffecff53fe72
0256019601750145
037f0377035f030f
0367037f03880377
034f035703570357
032703470357034f
033f0347032f031f
0337032f0327032f
032f031f032f0337
032703270337033f
0347033f03270327
034f034f034f034f
0357032703470347
036f03770377036f
027e02c7030f0347
010501ae02970287
00f500e500ed00ed
010d00fd00fd00fd
012d0125011d0115
012d012d012d012d
012d012d012d012d
012d012d0135012d
013501350135012d
012d012d012d0135
012d012d012d0135
0125012501250125
01ae01ae01ae01ae
019e019e019e01a6
0196019601960196
018e019601960196
01750186017d0186
fe52fe5affdc0125
011d009d0024ff63
02d70216018e00dd
0377037f03770357
035f035f03670367
0347034f03570357
032f033f034f0347
0327033703270327
03370327031f031f
032f032f0337032f
0327031f032f032f
0337032f03270327
032f03370337032f
03570347034f033f
036f036f03670367
02af03370367036f
01f6027602970276
00ed00ed010500f5
010d00f500fd00fd
0125011d011d011d
012d012d012d0125
012d012d012d012d
012d012d012d012d
01350135012d012d
012501250125012d
012d012d012d012d
011d011d01250125
01a601a601a601a6
019601960196019e
018e01960196019e
01960196018e0196
0125018e018e018e
ff3bfedbfe7affcc
017d014d00c5002c
030f029f021e01a6
036f037703770367
0357034f03570367
033f0347034f0357
0337033f033f0337
03270327031f0327
032f031f031f0327
0327032f032f0327
032f031f03270327
031f031f031f0327
032703170317031f
035f034f033f0337
03570357034f0357
031f035f03670357
0145023e02060236
00dd00bd00a50085
010500fd00fd00f5
011d011d011d0115
0125012d0125011d
0125012d012d012d
012d012d012d0125
012d012d012d012d
011d011d01250125
011d012d01250125
011d011d011d011d
01a601a601a601a6
019e019e019e01a6
01960196019e019e
018e019601960196
00a5016d0186017d
0095ff94feb3feeb
01be0186014500fd
033702f7028f020e
036f036703670367
032f033f0347035f
032f033703370337
0327032f0327031f
031f031703170317
031f031703170317
0317031f0317031f
031f030f03170317
030f0317030f0317
031f0317030f030f
033f033703270327
0347034f034f0347
03370347034f0337
000c012d01ee02df
00cd0054ff94ff4b
010500fd00fd00e5
0115011d01150115
012d0125011d011d
0125012d0125012d
012d012d012d0125
012d0135012d012d
011d0125012d012d
011d012501250125
011d011d011d011d
01a601a601a601a6
0196019601a601a6
0196019601960196
018e018e018e019e
fff400f5016d0186
0145004cff0bff0b
023e020601fe01de
033f02f702af025e
03570357035f0357
0317031f032f033f
031f032f032f0327
02f7030f0317030f
0307030f03070307
02ff030703070307
03170317030f0307
030f02ff0307030f
030f030f030f030f
031f0317030f0307
0327031f0317031f
034703470337032f
032f033f033f0347
ffbc00b502870317
0064ff9cffb4ffb4
010d010500f500dd
01150115010d010d
0125011d0125011d
0125012d012d012d
012d012d012d012d
012d012d0135012d
01250125012d012d
011d012501250125
0115011d011d011d
01a601a601ae01a6
01960196019e01a6
0196019601960196
01960196018e019e
fea300950145018e
01150034ff0bfe6a
023e01fe01fe01ce
033f030f02df029f
0337034703570357
030f02ff03170337
030f031f031f031f
02ef02ff030f0307
02ff0307030f02ff
02ff02ff02ff0307
0317030702ff02ff
030f030703070317
030f030702ff0307
03070317030f0307
03170307030f030f
0337032f03270327
0327034703470347
00e5021e0307031f
fff4ff9c005400b5
010500f500e500c5
010d010d01050105
0125011d0125011d
0125012d012d012d
0135012d01250125
012d012d012d0125
012d012d012d012d
011d011d012d012d
01150115011d011d
019e01a601a601a6
0196019e01a601a6
019e019e019e019e
0196019e01960196
fedbff43009d016d
01d6013d0034ffd4
026e02460236020e
0337031f02e702a7
032f033703470347
031703070307031f
0307030f030f0317
02ff02f703070307
02f702ff02ff0307
02f702ff02ff02f7
030702ff030702ff
030f030f030f0307
0307030f030f030f
02ff02ff02f702ff
02ff02ff030702f7
0327031f03170317
0337034703470337
01ae02df02ff0327
0024001c009500e5
00f500ed00b5003c
010d010500fd00fd
01250115011d0115
0125012d012d012d
0135012d012d0125
013501350135012d
012d012d012d0135
01250125012d012d
0115012501250125
019e01a601a6019e
0196019e019e019e
019e019e019e0196
0186019601960196
0085008d00740135
01ae01550085005c
02cf02a7024e01f6
033f0337030f02e7
031f03270337032f
030702ff02ff030f
02ff02ff02ef02f7
02ff02ff02ff02f7
02ff02ff02ff02ff
02ef02e702ef02f7
02ff02ff030702f7
030f030702ff0307
02ff0307030f0317
02ef02df02ff02ff
02ff02f702ff02ff
031f030f030f02ff
033f032f03370327
029f02f702ff032f
0004002400ad0196
00ed00d5000cffb4
010d010500f500f5
011d011d01150115
012d012d012d012d
012d012d01350125
0135012d012d012d
012d012d012d0135
012d012d0135012d
0125012d012d0125
01a601a601ae01a6
01960196019e01a6
01960196019e019e
0165018e018e018e
ffb4fe9bfefb0095
020e016d00a500a5
02f702cf0276022e
032f0337031f030f
03070327032f0327
02ef02f703070307
02ef02ef02df02df
02ef02f702ef02e7
02ff02f702f702ef
02f702ef02ef0307
02f702ff02ff02ff
0307030702ef02ff
02ff030703070307
02e702df02f702ff
02f702f702ef02ef
031f030f02ff02f7
031f031f031f031f
02f702ff030f031f
006c00ed015d025e
00ed002cff23ff63
010500fd00f500fd
0125011d0115010d
012d012d012d012d
0135012d0135012d
013501350135012d
012d0135012d0135
012d012d01350135
012d0135012d012d
01a601a601a601a6
01960196019601a6
01960196019e019e
01350186017d0196
0034ff33fef3ff94
01d60186010d00ad
02f702bf0276020e
0317032703270317
02ff030703170317
02f702f702e702ef
02df02e702df02e7
02ef02e702e702df
02ff02ef02ef02ef
02ff02ff02ff02ff
02ff030f030702ff
02ff030702ef02ef
02ff030702f702f7
02e702d702e702ff
02f702ef02df02ef
030f0307030702ff
031f0317030f0307
02ff02f7030f0327
016501a6023e02e7
00d5ff94ff8c0054
010500f500f50105
011d01150115010d
0135012d012d012d
0135012d0135013d
0135013501350135
013d01350135013d
0145013d01450135
012d013501350135
01a601a601a601a6
01960196019e01a6
01a60196018e0196
00ed016d017d018e
ffbcffacff2bff8c
01f601ce0135007c
02ef02bf0256021e
031f031f03270307
02f7030703170327
02df02df02cf02cf
02d702cf02df02ef
02e702df02d702d7
02ef02ef02e702e7
02ef02ef02ff02f7
02ff030f02ff02f7
0307030702e702e7
02ff030702ef02f7
02ef02c702d702f7
02f702df02df02ef
0307030702ff02ff
0317030f02ff02f7
02ef02e70317031f
01ae01de029f02ff
006cffb400c50165
010d00f500f500ed
012d012501150115
0135012d012d012d
012d0135013d0135
013d013d013d013d
0145013d013d013d
013d013d0145013d
013d013d013d013d
01a6019e01a601ae
019e019e01a601a6
01960196019601a6
00240115017d018e
004c0064ffa40004
0236018600ed007c
02ef02d702a7028f
03170327031f02ff
02e702f7030f0317
02c702d702cf02cf
02bf02bf02c702c7
02cf02c702bf02bf
02e702e702df02d7
02df02e702ef02f7
0307030f02ff02e7
030702ff02f702f7
02f702f702e702f7
02df02c702cf02ef
02f702e702e702e7
02f702ff02f702f7
02ff02ff02ef02df
02df02df030f030f
01b6023e02e702f7
006c00d5017d01a6
010d00ed00f500e5
012d0125011d011d
013501350135012d
0145013d01350135
013d0135013d013d
0145013d013d013d
0145014d014d0145
0145014d014d014d
01a601a601a601a6
01a601a601a601a6
01960196019e01ae
ff8c004c01650196
ffb4ff7300440064
025e022e01a6008d
02ef02e702cf02d7
031f032f031f0307
02cf02cf02f7030f
02af02bf02c702cf
0297029f02a702af
02c702c702b702a7
02df02d702d702c7
02df02e702ef02ef
02f702f702ef02d7
02f702ff02f702f7
02ef02ef02df02e7
02d702c702cf02e7
02ef02ef02f702ef
02ef02ef02f702f7
02e702ef02ef02ef
02cf02ef0307030f
028f02e702ff02ef
ffdc00d501fe0246
010d00f500f500b5
012d011d01150115
013d01350135012d
014501450145013d
0145014501450145
01450145013d0145
0145014d0145013d
01450145014d014d
01a6019e01a601a6
019e01a601ae01ae
01960196019601a6
00fd0085013d018e
0004ff73ff8c009d
027e025601ee00fd
02df02df02d702bf
031f031f031f02f7
02cf02c702cf02f7
029f02a702bf02bf
028f028f028f0297
02bf02b702af029f
02df02d702cf02c7
02d702e702ef02e7
02df02df02df02d7
02ef02ff02ef02df
02e702ef02d702d7
02df02d702cf02cf
02df02df02d702df
02e702df02e702e7
02e702f702f702f7
02cf02ef03070307
02bf02ff02ef02d7
006c01ce023e0266
010500ed00ed0085
0125011d0115010d
013d013d013d012d
0145013d01450145
014d0145014d014d
014501450145014d
0145014d014d014d
014d014d014d014d
01a601a601a601a6
01a601a601a601a6
018e019e01a601a6
01c6007400c5016d
00c5ff5bfebb00ad
02bf029f02760196
02cf02df02df02d7
02f702ff030702d7
02cf02bf02cf02d7
029f029f02b702bf
02a70297028f02a7
02b702af02af02a7
02cf02c702c702bf
02e702d702d702df
02c702c702cf02df
02af02d702df02c7
02f702e702cf02bf
02df02e702df02df
02df02df02d702d7
02e702df02d702e7
02e702f702ff02f7
02df02e702f702ff
02df02ef02df02d7
01f601ee02660297
010d00e500c5017d
0125012d011d0115
0145013d013d0135
014d014d014d014d
014d014d01550155
014d014d014d014d
0155014d014d014d
014d014d0155015d
01a6019e019e019e
019e01a601ae01a6
019e01a601ae01a6
0125002cfff4010d
013500a500d501e6
029702560165010d
02bf02bf02cf02af
02d702d702e702df
02bf02c702cf02cf
029f0297029f02b7
02b7029f0287029f
02b702b702b702b7
02c702bf02af02af
02e702cf02cf02c7
02b702b702cf02e7
029f02b702b702c7
02e702e702c702b7
02df02d702cf02d7
02df02df02df02ef
02cf02cf02cf02df
02ef02f702ef02d7
02df02e702e702df
02df02df02d702d7
029702b702e702b7
010d00fd012d022e
0135012d0125010d
014d0145013d0135
015501550155014d
0155015501550155
0155014d014d014d
015d0155014d014d
014d014d015d015d
01a6019e019e0196
01a601a601ae01ae
0186019e01a601a6
0064fff4ffec008d
006400f500fd00d5
0276026e01de0054
02c702a7029f028f
02b702b702bf02d7
029f02a702bf02bf
028f0287027e028f
02af02a7028f028f
02a702a702af02af
02b7029702760276
02c702cf02bf02bf
02b702bf02c702d7
02af02a702af02b7
02df02d702bf02bf
02c702c702c702d7
02df02cf02cf02cf
02c702cf02cf02d7
02cf02df02cf02bf
02d702df02cf02cf
02ef02cf02c702d7
021e022602a702e7
010d00fd010d0216
013501250115010d
01450145013d0135
015d0155015d0155
015d015d015d0155
014d01550155015d
015d015d01550155
01550155015d0165
01a601a6019e019e
01ae01a601a6019e
017501a601a601a6
00f50034ffcc005c
004cff33ff230014
02760287026601a6
02cf029f027e026e
027e026e027602bf
0266026602760276
02660276027e027e
028f028f027e0276
025e0256027e0287
029f028f026e025e
02af02b70297028f
02c702bf02af02af
02a702af02b702af
02c702a7028f028f
02b702b702b702c7
02cf02c702c702bf
02af02bf02c702d7
02a702bf02b702af
02cf02d702bf02b7
02cf02a702a702c7
0165023602c702ef
013500e5007c00f5
0135012d01150115
01450145013d0135
015d015501550155
015d015d015d015d
0155015d015d0155
015d015d015d015d
015d015d01650165
01a601a601a6019e
01a601a601a601a6
0165019e01a6019e
ff8cff43ffcc00a5
01a6004cffccff8c
0276025e024e022e
02cf02b70287026e
025e0256024e02a7
0276024602560256
02560276028f0297
023e0276026e0266
022601fe01ee0216
0256026602560236
02a7029f02760266
02bf02af02970297
028702a702a702a7
029702760266026e
029f02a7029f02a7
02a702af02b702af
026e028f02a702b7
0297029f029f0287
02bf02bf02bf02a7
02c702a702af02bf
024602bf02ef02ef
014500dd00640155
013d0135011d011d
014d014d0145013d
015d0155015d0155
015d015d015d015d
015d015d015d015d
015d015d0165015d
016d016501650165
01a601a601a601a6
01a601a601a601a6
016d01a601a6019e
001c00f500e5012d
01fe00cdffb4ff1b
0276024e021e01fe
02bf02a7029f028f
0256026e026e029f
02760246024e0246
0246027e029f0297
0236024602360216
01c6019e01b601fe
02460226020e01e6
028f028f024e0246
029702870276026e
0266027e0276028f
0297027e02560256
02870297029f02a7
029702a702af0297
024e026e027e027e
024e02660276025e
02af02bf02af028f
02cf02af02a702af
029702cf02ef02e7
012501150196022e
0145012d0125011d
014d01450145013d
015d015d015d0155
015d015d015d015d
015d015d015d0165
015d015d01650165
016501650165015d
01a601a601a601a6
01a601ae01ae01a6
012d019e01b601a6
fffc00ad00b50044
01ae0145008d004c
028f0276025601ce
029f02af02af0297
0246027e0287028f
0256024e02460236
023e026e02870287
01ee01de01e601ee
012d011d017501d6
024e021601ce016d
0276025e023e024e
023e0236022e024e
0226022e021e0236
028f025e0226020e
025e026602a702a7
028f02a702a702a7
0236024e0266025e
022e024e02560246
02af02bf0297026e
02d702c702af029f
027e02bf02df02e7
00f500bd015d0226
013d01350125012d
0155014d01450145
015d015d01550155
0165015d0165015d
015d015d01650165
015d015d015d0165
0155015d0165015d
01ae01ae01a601a6
01a601ae01a601a6
0034018601b601ae
ffbcff9cff9cff0b
01de016500ed007c
029f027e0246020e
0276029f02b702b7
022e026e027e0276
024e0236020e0216
02460256026e025e
017d018601c601fe
010500dd013d0165
021601de019e0155
023e0216021e0236
021e021602260256
025e024e021601f6
0276024e0226022e
024602560297028f
026e0276029f029f
01f60206022e0246
025e025e023601fe
02bf02cf029f0276
02d702bf029f02a7
027602bf02e702df
00ed00b5019e0216
0135012d011d0125
0155014d014d0145
01650165015d015d
015d015d01650165
015d016501650165
01650165015d0165
01650165015d0165
01ae01ae01a601a6
019e01a601a601ae
ffac016501ae01ae
009d003cfff4ff2b
020601d6015d00d5
02a7027e025e0226
0276029702b702bf
021e025602760287
0236021e01fe01f6
02360246023e022e
015d016501be01fe
01c601b601ae0175
01be019601ce01de
0236020e020601f6
024e0246023e024e
02870266024e0246
025e026e02760297
0287026602660256
02560256027e0297
01ce01e60216022e
02460256021e01e6
02af02b7028f0266
02cf02a7029702af
029702cf02d702df
00e50014010d022e
01350125011d011d
015d014d0155014d
01650165015d015d
0165016501650165
0165015d01650165
0165016d015d016d
0165015d015d0165
01ae01a601a601a6
01ae01ae01a601ae
ff6b014d01a601ae
0074004c004cff33
0125009d006c0095
0276022601de01c6
0276027e02a70297
0206024e027e028f
0236021e020601e6
0216021e022e0236
021e01e601e601f6
0266026e02660246
01e601f6021e024e
0226022e020601d6
023e02460226020e
0246025e024e022e
0226024e0287027e
025e022e021e0216
029f029f028f028f
01de022e02760287
024e025e0246020e
0297029f02660266
02cf0297028f029f
029f02c702cf02ef
00bd00950186022e
0145012d011d0125
015d014d014d014d
01650165015d015d
0165016501650165
0165016501650165
015d016d016d016d
0165016501650165
01ae01ae01a601a6
01b601ae01ae01b6
ffac017501b601b6
007cffbcffd4ffac
00bd0095003c0054
024e01f601d601e6
025e026e0297028f
02260276027e026e
0246022e021e0216
0226020602360246
025e023e023e022e
027e0287028f026e
01fe023e0256026e
02060216020601de
023e0226022e0206
0256026602660236
022602460266025e
025e02160216021e
02bf02bf02bf02a7
0246025e028f029f
02560276026e0256
026e027e0266026e
02bf028f02870276
0276029f02cf02e7
006c0064011501c6
0145013d01250125
015d014d014d0145
01650165015d015d
0165016501650165
0165015d01650165
015d016d016d016d
0165016501650165
01b601ae01a601ae
01b601b601be01be
00dd019e01b601b6
00a500fd00b5001c
00fd0024ff6bff9c
022601d601be01ce
022e022602660276
0226026e02870266
0256022e0226022e
025e0246025e026e
022e022602560256
023e0256024e023e
0226024e023e0226
022601fe01ee01e6
026e026602460236
0236023e0256025e
025e028f0287026e
0276022e022e0246
02af02bf02bf02a7
0246023e0256027e
0256026e026e0246
023e0256025e025e
02bf028702760256
027602af02c702cf
0074ffac00c50196
0145013501250115
0155014d0145014d
016501650165015d
016d016d016d0175
016d016d016d0175
015d0165016d016d
0165016501650165
01b601b601b601b6
01b601be01b601b6
008d018e01b601b6
00740135ffb4fe83
00ad004cffdc0024
024601f601be0165
024e021602560276
021e0276029f0297
026602260236020e
0226022e022e0266
020e022e024e022e
01f6021e0206020e
0256023601fe01e6
0276026602460246
026e026e026e026e
021e01fe024e0276
0297029f02870256
028f024e02460266
026e0276026e0287
020601de020e023e
025602760287025e
0256026e025e024e
029f0297028f0276
0256029702b702b7
001c000c011501ce
014d013d012d010d
015d0155014d0155
016d01650165015d
01750175016d016d
016d017501750175
01650165016d016d
0165016501650165
01ae01b601ae01b6
01be01be01ae01ae
fe9b00fd01a601b6
005c003cfe9bfce1
00e5004cffec0054
024601fe01b601b6
026602360236025e
0216025e028f028f
026602460236020e
01e601de0206023e
0216024602460216
01ee020601f601fe
0266022601ee01d6
02660276027e0287
0266026e025e0246
021e01de02460276
02af029f0287026e
0287027e0276028f
019e01ae01de024e
01fe0186017d01ae
02660276028f026e
0287026e025e0256
027602af02b70297
026e029702b7029f
ff84ff9c0135021e
014501450135010d
015d015d0155014d
016d016d016d0165
0175016d016d016d
01750175016d0175
01650165016d016d
01650165015d0165
01b601b601ae01ae
01c601be01ae01ae
fe1a003c017d019e
ffdc00bdffb4fdca
008dff94fec3ff5b
01ee01d601ae0175
026602460226021e
01fe022e02760266
0226023e025e0236
01f601ee0206021e
023e026602560236
021601fe02060236
020e01de020e020e
02760276024e0236
02870287026e0256
02560246026e027e
029f02a702a7027e
029702af029f029f
021e01ee0236027e
021602060206022e
02660266027e0256
028f0287026e0256
027e029f0297027e
029f02b702af0287
ffe400440175024e
01650155013500fd
015d0165015d015d
016d0175016d0165
0175016d016d016d
016d016d01750175
01650165016d016d
0165016501650165
01be01b601ae01a6
01be01c601be01b6
fe32ffe4014501ae
00ed016d0074fe02
012d003cff03ff94
0236020e0196018e
0246025e0236022e
020e021e02660256
01f6020e02360246
022e021e021e0216
025e026e025e023e
0246022e0226024e
01f6020e0226023e
027602660246020e
0287028702870287
023e02760287027e
029f0297029f025e
02af02b702af02af
02a7029f029702a7
02160236027e029f
02660266025e0236
028f028f026e0266
0276027e0266024e
029f0297027e026e
ffe400d5020e0287
01650145012d00dd
01650165016d018e
016d0175016d016d
0175016d01750175
0175016d01750175
01650165016d016d
0165015d01650165
01b601b601ae01ae
019e01be01be01be
fe62fffc00d501a6
ffec00cd00c5fdb2
0095ffecff43ff9c
022e021e02060175
025e0287027e0256
02460246025e0266
0216020e02160256
023e024e024e022e
0276027e02560236
02360246024e025e
02260236022e0236
0256025602460236
028f026602460256
024602760297028f
029702970287026e
029f02af02b7029f
029702af02af029f
01e601ee02360297
0276025e023e021e
028f029f02870287
027e026e024e025e
028702660256026e
007c00dd018e0266
0145013d012d00d5
01650165017d0175
01750175016d016d
0175016d01750175
0175016d01750175
0165016d016d0175
0165015d0165015d
01b601ae01b601b6
016d01ae01be01c6
fe02007c00cd0135
ff53ff7b004cfdba
016d00f5ffbcff1b
01fe01a6016d0135
027e027602660246
025602660266025e
01fe022e023e0236
023602660276022e
026e025e0246023e
021e025602660266
0206021e01fe0206
0266022601fe0206
0276025e02660266
024e027e0297028f
028f0297027e0256
0287029702b7029f
027e029f0297027e
017d017d01ce0256
027e024e022e01f6
0287029702970297
027e02560226025e
027e0246023e026e
fffc00ad01e6023e
0145012d010d001c
01650165017d015d
0165016d016d0165
0175017501750175
01750175016d0175
0165016d016d0175
0165016501650165
01b601a601ae01be
0115019601be01c6
fd49003c00e5008d
ff7b0034ff3bfd61
010d0095ffb4ff3b
022601be011500ed
026e026e025e024e
023e023e022e024e
020602260236022e
0246027e028f023e
026e024e022e023e
0246026e0287027e
01e6021602160236
021601ce019e01a6
023e02160226022e
021e024e026e026e
028f027e024e0236
0287028f029f0297
025e027e0287027e
016d0145017501f6
0266021e020601de
028702870287028f
0276023e01e6022e
02970246022e0256
009d01150186024e
013d0145010dffa4
01650165017d0145
016d016501650165
0175017501750175
01750175016d0175
01650165016d016d
0165016501650165
01b601a601ae01b6
00f5017d01c601b6
fd19fecb00d5010d
ffecffc4feabfd79
01d60125ffc4ff6b
01fe01a60135011d
024e024e02160216
02260226021e022e
021e020e021e0236
023e026e026e023e
029f027602460226
028f028f02970297
01ee023e025e0276
0196019e019e01be
01fe01ee01ee01ce
01de020e022e024e
0276025e020601ee
024e025e026e0266
023e026e027e0266
01f601ce019e01ce
0246022e02560246
028f027e0287027e
0276023e0206025e
023e021e0216023e
ffd400440196021e
013d014d012dffec
0165015d01750135
016d016d016d0165
0175017501750175
016d016d016d0175
016d016501650165
0165016501650165
01be01ae01a601ae
00bd010501ae01be
fe4afe7a00ad014d
ff63fefbfebbfe2a
01250034fff4ffbc
020e01ee01be016d
021e023602360236
01f60216021e0206
01fe01fe021e020e
02360246022e022e
024602360226021e
02560226020e021e
01be023e02760276
016d017d0145014d
01de01c60175014d
017d01de01f6020e
01ee01d601ae0186
021602360226020e
024e02560246022e
02a7028f02760246
028702af02c702c7
02b702af0297028f
02660246025e0297
021e02260226024e
ff9400ad014501d6
012d012d00a5ff13
0165015d0165011d
0165016d0175016d
017501750175016d
016d016d01750175
01650165016d0165
01650165016d016d
01ae01b601be01b6
0054002c017d01be
fe12fef3004c00e5
ff03ff4bfe72fe12
006cfff4ff84ff5b
01f601c601ae00f5
01ee0216024e022e
01e601ee01f601f6
01d601fe020e01fe
0297022601ee01e6
0125018601ee027e
01a6012500bd00c5
00dd016501b601be
00440014fff4003c
019e016500bd007c
010d016501ae01be
019e019e019e014d
01b601ce019e019e
0216020e020601f6
02d702b7027e021e
0266028f02b702bf
02a7029702760266
025e026e028f02bf
021e021e022e0246
ffc400dd010d01b6
00d500c50044ff43
0165015d014500cd
016d016d0175016d
016d017501750175
016d016d01750175
016501650165016d
0165016501650165
01be01c601b6019e
00640024011d01b6
fe62ff230024003c
ff53ff63fe93fee3
00dd00f5004cff4b
01fe01a6013d010d
020e020e023e021e
01de01ce01de021e
01b601ce01c601de
026601fe018e017d
003c00f5017d022e
002cff9cff4bff9c
ff3bff8c000c004c
ff23fee3ff43ffcc
011500d5002cff3b
008500ad01050145
01650186012500f5
0145012d00fd0145
01750175018e017d
028f0287023601ce
01e601de01e6024e
02660246020e01ee
0226023602560287
021e022e0226021e
003400c5014d01de
00b50034003cff73
015d0155014500ed
016d0165016d0165
016d016d016d016d
016d016d016d0175
016d016501650165
0165016d0165016d
01b601c601be01a6
00e5006c00bd01a6
ffd4ffbc0004001c
ffc4ff1bfe22ff3b
013500e5009d0044
020601ce01a60165
023e022e020e01fe
01d601ce01fe0246
0145018601a601c6
01ae011500b500ed
001c00ad016d01d6
fedbfebbfecbff84
fe02fe0afe42fe9b
fea3fe32ff0bff53
008d007cffdcfecb
0004002c006c00ad
00ed011d00b50064
009d0064006400a5
0054007400cd00d5
01ae01b6013500a5
016d00ed00d50145
022e01ee018e0165
01ce019e01de023e
022e02260216020e
00950125012d01ce
017d00cd002cffac
014d014d015d015d
01650165016d015d
016d016d01750165
016d016d01750175
0165016501650165
0165016501650165
01b601be01be01ae
004c00c500cd01a6
0085fedbfefb0004
ffbcff53fe62ffb4
01ae0186012d006c
01fe01ee01de01c6
02660246020601e6
01be01d60216025e
00ad0105014d01a6
00e5008d001c0024
ffc4005c00850074
fe3aff03ff53ff3b
fd19fdaafddafdda
fe02fe5afe12fe02
00340024ff5bfe72
ffacffbcffcc0024
0064008d0074001c
ffa4ff5bff9cffec
ff13ff6bff7bff94
003400140004ff73
0145003cffacffe4
022e021601e601a6
017d0145019e021e
023e0216020e0206
010d014d014d01d6
016d012d00340044
014d015d017d0186
0165016d016d015d
016d016d016d016d
016d0165016d0175
01650165016d016d
016501650165015d
01be01b601b601b6
fff400a5008d018e
007cfecbff33ff84
fffcff1bffd4008d
01ce01de013d0054
01ee01ee01ee01ce
02460236022601fe
019e01ce01fe0246
ffec006400ed0175
fffcffa4ff9cffbc
fef30024006c0024
fe52ff2bff84febb
fd21fd51fdbafdfa
fe93fe8bfe0afd61
ff73ff5bfedbfe7a
ff53ff23ff33ff73
ffcc00140014ffcc
fec3feb3fedbff5b
fe12fe3afe7afe83
feabfea3fe42fe12
00ddffd4feebfe8b
0226021e01f60196
013d011d01960216
022601fe01fe01ce
01150175016d01e6
01ae01a600850074
0175017d01550125
016d016d01650165
015d0165016d016d
01650165016d016d
016501650165016d
01650165015d0165
01b601ae01ae01b6
021e01ae015501a6
00ad0175023e024e
ff8cfee3ffcc0074
01e601ee01150024
0206022e024e0206
020e021e02360226
017501b601d601f6
ff7300240095013d
fecbfebbff03ff0b
fefbffacff84ff2b
fef3ff4bfef3fe7a
feabfe62fe72fec3
fe83fe7afe4afe3a
feb3febbfeabfe8b
fe9bfe52fe83feab
fe3afe83ff0bfedb
fe2afdf2fe1afe6a
fda2fdcafdf2fe32
fd39fd01fcd9fcf9
006cff94fe72fd9a
01ae01a601550105
00ad00a500dd0135
021601ee01de015d
016501ce01c6020e
02c7025e00cd00a5
017d0165013d019e
016d015d015d016d
015d0165016d016d
016501650165015d
0165015d01650165
0165016501650165
01b601be01ae01ae
029702c701ce01a6
00f5020e02560276
009500cd00a50064
01c6018e01ce00ed
0246024e0276023e
01d6020e0236023e
01250175019601ae
fdb2fe5aff5b00a5
fee3fe2afdc2fd8a
fefbff8cff94ff4b
ff1bff2bff03feab
fefbfedbfee3fefb
fe6afea3fecbff0b
fe1afe4afe7afe72
ff33fe9bfe02fdf2
fe72fee3ff3bff3b
fd11fcc9fd19fe0a
fd61fd71fd51fd31
fda2fd71fd69fd21
ff3bff3bfe7afdc2
ffe40004ffa4ff63
0044fff400340004
021e01e601b6012d
017501f601e60216
028f01ee00a5007c
016d016501450206
016d015d015d0165
0165016d016d016d
016d016d016d0165
016d0165015d0165
0165016501650165
01ae01b601b601b6
01ae028702260196
012d01a60155013d
00c500240034009d
023601b601be0186
023602360256025e
01a601ee02360236
00cd01250155017d
fdaafddafe830004
fefbfe93fddafd71
fdfafe12fe6afebb
fd21fd51fd61fd92
fdb2fd59fcf9fd11
febbfedbfe83fdf2
fddafe12fe72fe9b
00ed0034fed3fdf2
015d019e0186012d
fc60fd01feeb009d
fd92fdaafd9afd01
fd79fd31fd19fd49
fed3febbfe42fdd2
ff33fef3fefbfeeb
0014ff9cff94ff84
021e01ee01be0125
017501f601e60216
0186017d00ad00ad
0155015d014d01a6
016d016501650165
016d016d0175016d
016d016d016d016d
0165016501650165
0165015d01650165
01b601b601b601be
fe420135021e0186
0044ff13fdcafd31
0105fff4fff40095
026601ce012d019e
020e022e0236023e
017501ce022e022e
009500c5010d015d
fd82fdbafe62ffd4
feabfe9bfe1afd92
fcb9fd01fd31fde2
fc28fc38fc28fc58
fcc1fd09fcb9fc20
fdcafd71fd19fcc1
fe32fdf2fe4afe6a
01ee0125ffd4fea3
028702970287024e
fcb1fe8b00ed0206
fc99fc81fcc1fce9
fcb1fc28fc20fc99
fcc9fc78fc58fc68
fe62fdb2fd39fd19
0044ff5bff6bfedb
0226020e01d6014d
019e01fe0226021e
004400a500d500c5
015501550145013d
01750165016d0165
016d017501750175
016d016d016d016d
0165016d016d016d
0165016501650165
01a601ae01ae01ae
fd69009501be017d
fdeafcc1fcc9fca9
00e50024ffec0074
0276024e016d016d
01f6021e022e023e
015d01b6020e0216
002c007400ed0135
fd41fd19fe22ff9c
fde2fef3fe9bfdca
fcc1fca9fc99fcc1
fc38fc38fc28fc28
fe22ff2bfe62fc60
fd71fd39fca1fcd9
fe32fd11fd51fdaa
021e014d0034ff3b
02d702ef02cf0297
fca9ff3301860276
fd29fc81fcc1fcd9
fc58fc08fc58fdda
fcd1fcd1fc20fc30
fcf1fc40fc38fcf1
0074fecbfe52fe32
023e023601b6014d
01ce023e022e021e
000cff8400440105
015d014d014500e5
01750165016d0165
016d017501750175
016d01650175016d
015d0165016d016d
0165016501650165
01ae01b601b601b6
fe3200cd01250186
fd19fcd9fd09fd19
00640024ff43ff23
029702af01be00fd
01fe021602260266
014d019601e6020e
00ad012501450145
fe32fe8bff1bfffc
fd21fe9bff0bfe5a
fe22fd79fc50fc81
fd19fd69fc48fce9
ffc4008dfffcfdca
fce1fc89fc30fdb2
fe22fc81fda2fd92
02360175006cff94
02df02ef02d702af
fd21ff8c01d602a7
fdfafc68fc58fcc1
fc70fc58fd61fec3
fe3afdcafc50fc08
fc68fc18fc78fe72
00f5ffbcfeb3fe02
022e024e02060196
023602460216020e
009dff6bff94017d
016d01550155010d
016d0165016d0175
016d016d016d0175
016d016d01750175
01650165016d0165
0165016501650165
01be01b601c601c6
fee3004c00ad0175
fcf9fcc9fcd9fd71
009d0054ff5bfeb3
0287028701e600ad
01fe021e021e026e
013d017d01b601ee
010501450165014d
fecbff13ffc4008d
fe0afe83ff33ff03
fe1afd79fd79fda2
ff84fecbfdd2fe62
003c00c5009d003c
fd11fcd1fd11fe72
fe22fd01fdaafd71
02360196006cff9c
02b702c702d7029f
fd590004020e02b7
fd61fc68fc89fc89
fd39fde2fec3fe8b
fe8bfeabfda2fce1
fce1fce1fce9fdea
008dff7bfe9bfe3a
0216021e01fe015d
024602560226020e
00ddffc4ff53018e
0165015d015d0115
016d0165016d016d
0175016d016d016d
01650165016d0175
0165016d016d0165
0165016501650165
01ae01ce01c601c6
ffacff23feeb013d
fcb9fcb1fcc9fdca
00ad0054ff9cfe42
0297027e01f6012d
01ce01f602460287
013d015d017d01a6
015d018e019e016d
fffcffe4002400dd
ffbcff9cffec0024
feb3fed3ff2bff84
0064ffdcff33fecb
0044007c00740044
fedbfedbff13ffe4
fefbfe72fe83feb3
025601ae0085ff7b
02a702c702df02b7
ff0300fd022e02a7
fde2fd59fd21fd8a
ff1bff0bfe93fe42
fe42fedbfefbfeeb
fedbfe7afe62fde2
00a5fff4ff63ff7b
0206021601ee012d
024e0256022e020e
00e500b500bd01be
0165015d01550125
016d015d01650165
0175016d016d0175
01650165016d0175
01650165016d0165
0165016501650165
01b601be01b601c6
006c001c001c0196
fd21fcb1fd11feab
00740024ff5bfe6a
02a7028f0226014d
017d01be02360276
0125013d01350145
012d017501750155
00b500e500e500ed
014d00b50034006c
ff8cffe4001400ed
ffb4ff9cffb4ff53
0064002c0054ffcc
ff9cffb4ffbc0014
0034ffbcffccff84
025e01ae00ed009d
02d702ef02e702bf
008501ae025e02a7
fecbfe3afdf2ff13
ff43ff5bff2bfed3
fed3fed3fec3fef3
009d004cffbcfee3
0145010500c5009d
01fe01f601be0165
023e02260236020e
00fd0115013d01e6
016d014d014d0145
01750165015d0165
016d016d016d0175
0165016d016d016d
015d01650165016d
016d01650165015d
01c601b601be01ce
008500ad016d018e
fd51fcf9fe0affac
003cffdcff33fecb
02970266020e0125
012d019e021e0266
010d010d00ed00ed
008d00e50105010d
0165018e014500c5
01de016d00d500f5
0004005400dd019e
ffa4ff73ffdcfffc
ffe4fffc004c0024
000cffd4ff9cffac
00d500a500ad006c
025e01c601650115
02d702e702d702b7
015d01f6028f02bf
ff6bff33ff840085
000c0004ffb4ff7b
ff9cff2bff03ff9c
01a60145009dffec
01ce01de01b60186
01d601c601b601c6
0226023e025e01fe
00fd00ed013501f6
01650155014d0145
016d016d0165015d
01750175016d0165
016d01750175016d
015d016501650165
0165016d01650165
01be01b601be01c6
009500a5016d01b6
fdcafda2ff8c009d
010d0064fffcffbc
027e024601d60196
011501ce0246026e
00fd00dd00b500d5
00d500ed00fd0115
01d6020601be010d
01e6019601650175
003c00ed017d01c6
0095006c003c0034
ffe4005400b500e5
01050095002c000c
0145017501650135
028f022601ce0175
02df02f702cf02bf
01ae0206028702bf
003c00850105016d
008d001cffdcfffc
004c001c003c006c
020e01ae0105009d
021e0206020601fe
01ae0196018601fe
022e0256023e01de
011d00d501150206
015d015d014d013d
016d016d0165015d
016d0175016d0165
016501750175016d
015d01650165015d
0165016501650165
01be01be01be01b6
ff840014019601c6
fe42fea3009500c5
0074005c00bd006c
024e022602060186
012501d6026e027e
00ed00b5009d00ed
018e017d01350115
0246025e024e01d6
01d601b601e6022e
0105019601c601c6
011d00dd00ad00bd
009500b501250145
01ce01ae015500fd
01ce01ee01f601c6
0276022601de01c6
02d702df02bf02a7
01d601fe027602b7
017501b601d601d6
00b50095002c00c5
00dd0105012500cd
023e01de01750125
023e0246026e0276
01ae01960196020e
02660256024e01ee
013d010d017d022e
015d015d0155014d
0175016d016d0165
016d016d016d016d
0165016d016d016d
0165015d0165015d
016501650165016d
01be01c601c601be
fe6a007c019e01be
ff1b000c00ddff13
ff7b002c00a5009d
0236022601c600a5
016d01f602760276
00d500a500ad0105
022e01be014500fd
02a70287028f025e
0236023602660297
01d601d601e6021e
018e01b601b601c6
015d011501150155
023e0246022e01de
024e024602460246
025e020601f60226
02af02cf02af027e
01ee01de023e027e
021e022e0226021e
00fd00fd014d01ee
01c601ae018e013d
02560186018601c6
0276026e029f02b7
01a6018601a6023e
021e022e0287020e
013501250115019e
01650155014d014d
016d016d016d0165
016d016d016d016d
016501650165016d
0165015d0165015d
015d016501650165
01ce01c601c601c6
fe5a00bd018601be
003c00e5ffa4fd59
ffe4ffecffec0085
023601e60014ff4b
0196023602870276
00ad00a500dd0115
023e01fe01a6010d
02c702a7029f028f
0297029702a702b7
01ce01c60216025e
0135017501c601de
025601e6016d0135
0276027e0297028f
02a7028f0276026e
026602260236027e
02bf02d70297027e
021e01f6022e027e
024e025602870276
018e01fe024e025e
01de01ce01a60175
028f0196018601de
028f02a702bf02d7
01ae018e01c60256
01b6023e028f0216
013d0145010d014d
0165015d0155014d
01750175016d016d
0175017501750175
01650165016d0175
0165016501650165
015d016501650165
01d601c601be01be
fd79ffec016501be
00cd00bdfdc2fcc1
feabff3bffbc00b5
021e018efecbfd69
01ae0256028f0276
00b500f5011d0125
022601ee01a60125
02c702bf02af028f
02bf02af02a702bf
01ee0206023e0297
020601de01ee01ee
02af029f02760246
027e029702af029f
02a7028f026e024e
0287026e027e028f
02cf02df02b7028f
027602460276029f
026e028702a702a7
02760297028f0287
020e01ee01ee0236
02bf026e024e0236
027e02af02bf02cf
01ce01a601ee024e
0186024e0276022e
013d011d01350115
016d0165014d0145
0175017501750175
0175017501750175
01650165016d0175
0165016501650165
0165016501650165
01d601be01be01b6
fd61ff94016d01ce
00fdff73fcd9fdfa
fde2fee300040105
02260145fef3fd29
01e6022e026e024e
0125013d0145014d
021601ee01be017d
02af02af028f026e
02af02a70297029f
0287028f028f02a7
02a70297029f0297
02af02b702a702af
023e026e02a702af
023e01be01b601de
028f0287028f0276
02cf02e702bf02a7
029f028f02bf02bf
0246021e023e0297
02c702b702a7027e
0276027602a702c7
02b702c702c702a7
027e028f027e0297
01f601ce01f60236
016d021e0276022e
0135011d010d013d
0165015d014d0145
017501750175016d
0175017501750175
0165016d016d016d
0165016501650165
0165016501650165
01be01b601c601c6
fdbaff13017501ce
00b5fe12fd31fe0a
fe9bffec00fd015d
01fe00cdfeebfdd2
01a601ce01f601f6
0155015d01750175
01f601b601be019e
026e026e027e0256
0297026e0256025e
02a702b702af02a7
02b702bf02bf02b7
02b702bf02af02b7
01d6026602af02af
01e600c5fffc00cd
029702870266024e
02d702d702a702a7
029702b702cf02d7
014d00c501ae025e
02c702b7028f0216
029f02a702b702af
026e029f02bf02b7
025e0246022e0246
01e601ce01de0226
00a5004c01c6020e
0135011500fd00cd
0165015d014d0145
0175017501750165
0175017501750175
0165016d016d016d
015d016501650165
0165016d01650165
01b601be01c601c6
ff43fed3015d01ce
fffcfd09fcf9fef3
fee3007401650175
0165ff9cfe22fdda
019e0186018e017d
0135014d01860196
0196018e01ce015d
01e601d60226021e
022601f601de01ce
025e025602560246
02af028f0276027e
02b702b702af02af
00bd023602a702af
01e6008dfec3fefb
029f0276023e022e
02e702f702d702b7
025602af02d702e7
ffb4ff53014d0206
02b702a7024e016d
0266029f02bf02bf
01be01ce021e024e
022e021601e601de
01ee01e601ce0206
003cfeab003c0206
0135010d00e500bd
01750165015d014d
0175017501750175
0175017501750175
016d016d016d016d
0165016501650165
016d016d01650165
01be01c601c601c6
0095feeb00fd01be
feb3fca1fd71ffd4
ff0b00a50165013d
00b5fef3fe8bfde2
0186018e01860155
0145015501860196
015d019e01c60145
017d018e01de01d6
015d011d012d0165
021e01d60196018e
029f0287025e0236
02bf02bf029f02af
ff8401be026602a7
023e0186000cfe42
026e024e02560266
02ef02ef02cf0297
021e028702bf02d7
fe9bffdc01be01c6
02a7027e01fe00a5
02760297029f0297
01250125018e0206
01de01ce0186015d
0216020601de01ce
005cff8c008d020e
012d010500dd00ad
016d0165015d014d
01750175017d0175
0175017d017d0175
01750175016d016d
016501650165016d
016d016d01650165
01c601c601c601be
009dfefb00850196
fdc2fcb9fe3200bd
ff9400d5012500ad
009dff33fecbfe7a
016d018601860165
018e0165017d018e
015501b601ce0186
012d0155016d0175
0095006400bd0105
021e01c6012d00d5
02af028f027e0256
02af02af02a702af
fef300b501fe028f
026e023601be007c
0236023602460276
02d702d702af025e
01fe0246029702bf
fee301be02660226
028f023e014dff6b
02bf02c7028f028f
00c5010d01ae024e
019e0186013d00ed
01fe020601ee01b6
005cffec00ed01d6
012500f500dd00a5
0175016d015d014d
01750175017d017d
0175017d017d0175
016d017501750175
016d016d016d016d
0165016d0165016d
01ce01c601c601b6
ffecff84010d018e
fcd1fce9fe3a0064
009500f500bdffbc
00ed00140024001c
015d017501860175
01860175019e0196
01a601de01be017d
00ed010d015d0175
00440024008d00c5
025602060145008d
02b702a702970287
026e0297029f02a7
ffc4ff2b01450216
0276026e0276020e
024e021e025e0297
02d702c7028f0256
022e025e02af02d7
00bd027e027e023e
024e01a60064fe52
02c702bf02a70297
00d50165023602a7
019e0175011d00b5
01d601e601c6019e
0064fffc00fd01be
012500fd00d500ad
01750165015d014d
017d017d0186017d
017501750175017d
01750175017d0175
017501750175016d
0165016d016d016d
01ce01be01c601be
fec3003401a601c6
fc58fd09ff43ffd4
00c5006c005cfecb
0135015501b6014d
017d0165016d0155
018601a601d601ae
01ce01c601b601ae
00b500ed016d01a6
00640034005c008d
028f0246019e00d5
029f029f029f02a7
0216026602870287
011dfe6a001c015d
024e025e027e0266
025e023602360246
029f028f025e025e
02660276028702a7
0246029702870276
01ce010dff84ff6b
027602970287023e
0155020e02a7026e
018e0186012500cd
01ce01d601b6018e
006c000c00fd01ce
012d00fd00dd00ad
017d016d01650155
017d01860186017d
0175017d0175017d
0175017501750175
0175017501750175
0165016d016d016d
01ce01be01c601c6
fed3010501b601c6
fc30fde2007cffdc
ffccfffc005cfdd2
017501f602060105
013d01450145014d
017d01b601ce0165
0196017d0186018e
009500ed015d0175
00cd008d007c0074
02a7027602060155
026e0266028702a7
0196020e02460256
014dfe6afe720095
016d01f6021601f6
022e01de01b6012d
0246025e024e0246
022e02360246024e
0216022e0246025e
01050054fea3ffd4
026e027e023601be
021e02af02cf027e
0175016d011d0135
01de01d601b60196
006c000400dd01e6
0135010500d500ad
017d017501650155
01860186017d017d
0175017d0175017d
017501750175017d
016d01750175017d
01650165016d016d
01be01ce01c601c6
fffc017d01ce01ce
fc48fe5a0064ff9c
001c00fd0044fcc1
015d0175016500b5
00e5011d0135014d
017501ae01ae013d
015d013501650175
00cd00fd0145013d
015500fd00ed00d5
0297027e026601de
024602560287029f
010501a601fe0226
004cfdd2fd19ff94
008500bd00dd00bd
01750135011d0095
01d601d601a60186
018e01ce01fe01de
00cd01150145019e
007cff8cfd92feb3
02660246020e0175
028702bf02af0276
01860165016501de
01be01be01b601a6
005cfffc00bd01be
013d010500d5009d
0175016d015d0155
017d018601860186
017d01860175017d
017d01750175017d
01750175017d017d
01650165016d0175
01be01be01b601be
009d018e01c601c6
fd11fe5affccffbc
019601b6ff7bfca1
012d00d500e5014d
00bd01150125012d
015d017501650105
015d01350145014d
010d011501350145
01e60175014d0135
02870276027e0266
022e024e0266027e
005c014d01be01f6
fe62fcd9fcd9fe52
ff03fecbff13ff0b
007400540004ff6b
00ed00b500b5007c
005c0085009d00dd
fe72ff03ff6b001c
0014fe93fcf1fd29
022601f601c60125
0287028f026e0246
01a6018e01ce024e
01a6019601a601b6
0064000c00c501ae
0135010500d50095
017d0175015d014d
017d0186018e0186
01860186017d017d
01750175017d0175
017501750175017d
016d016d01750175
01c601a6019e01c6
0074017d01c601ce
fe8bffac00740044
023601b6fe62fcb9
01450155014501ee
00b50105011d0115
00dd0105011500cd
015d012d010d00dd
0145013d015d016d
022601b6016d0175
026e026e0266027e
01f601e601fe022e
ff5b00b5017d01de
fd21fdbafd9afd51
fc58fc81fd19fd31
ff8cff23fe32fcd1
000cffdcffd4ff9c
ff13ff73ff84ffd4
fd11fd41fce9fdf2
ff6bfdcafe52fd69
01de019e0145008d
025e025e0246020e
01ae019601ee0256
01ae0196019e01b6
006c000c00a501ae
0135010500cd009d
0186017501650155
0186017d01860186
017d0186017d017d
0175017d017d017d
0175017501750175
0175017501750175
01b6018601a601be
0095015501ae01ce
fffc002c00a500d5
02460145fd51fd9a
017501ce019e020e
00b500ed00fd010d
009d00e500ed00b5
015d012500e5009d
0175018e0196017d
022e01d6018e018e
023602460256025e
0196019e01c601fe
fe32ffac00bd016d
fdeafed3fe93fd92
fc58fc91fcb9fce1
fe12fd41fc68fc38
fed3ff23ff1bfea3
fd31fe2afe42fe72
fdc2fd9afca9fc89
fed3fdc2febbfdba
017d012500a50004
023e020601ce0196
019e018601d6023e
01ae018e019601a6
006c001c009d01ae
012d00fd00cd009d
017d01750165014d
0186017d017d0186
01860186017d017d
017d017d017d0186
017501750175017d
01750175016d0175
0186019e01ce01ce
012500dd012d015d
003400d5013d0175
0226000cfc81fdaa
01b6024601fe0216
008d009d00bd00fd
008500cd00c50085
012d00ed00b50085
01ae01be01960175
020601ce01a601a6
01a601de020e0206
015d01750196018e
fdd2feeb000400cd
ff13ffbcff94fe8b
fdc2fe5afeabfe4a
fd21fd21fcf9fd71
fdd2fe02fddafd39
fdbafdbafd61fd61
ff03fed3fe52fe32
fe9bfd8afd31fdfa
011500b5006cffbc
021601c60155012d
01a6019601be020e
01ae0186018e018e
0064002c006c019e
011d00ed00c5009d
017d0175015d0145
01860186018e0186
01860186017d017d
017d017d01860186
01750175017d0186
0175017501750175
018e01be01de01ce
018e01550125014d
0085012501450186
020eff03fc50fe32
01d6029f026e0226
005c006c00b500ed
00a500d500bd0074
011500cd00a5008d
019e019e01650155
01be01b60196017d
016501a601c601c6
00f501450145014d
fe42fe62ff43002c
ffdc004c0044ff6b
ff53ffccfff4ff8c
fdfafe5afe0afe83
fd39fce1fca9fcf9
ff2bff13fe62fda2
001cffecffdcff94
fe93fdfafe32ff84
00cd0064002cff94
019e015d0135011d
01be01a601a601b6
018e017d0186019e
0064003400240175
010d00e500c5009d
017d017501550135
018e018e018e0186
0186018601860186
017d017d017d0186
0175017501750186
01750175017d0175
01ce01ce01ce01ce
018601a601b601be
00cd01150145016d
0206fe83fcb9ff5b
01be028702bf0287
0044006400bd00fd
00cd00b500ad007c
010d00cd00a500a5
018e0186014d0125
016501ae0186017d
014d015d0186018e
008500e5011d0145
ff2bfe6aff13ffdc
00850095006c001c
003400440064005c
fe7aff23ff3bffb4
fdfafd41fd41fd9a
00240004ff53fea3
00d500c500b50034
fec3fedbff5b0054
00c5009d0044ff94
0125012d01350105
01ce01ae019e015d
017d016d017501a6
005c0034001c0165
010d00e500bd008d
017d016d01550135
0196018e01860186
0186018e0186018e
017d018601860186
017d01750175017d
0175017501750175
01d601ce01ce01d6
018e01be01c601ce
00f5010d013d016d
022efe8bfe1a0064
015d024602a702bf
006c008500ad00cd
00ad00850095006c
012500d500b500d5
01a6018e015d0145
014d01ae017d018e
011d012501350155
002c00a500ed0105
000cfecbff43ffac
00b5009d00c500bd
00cd00e500dd00dd
ff2bff84001c0085
fdfafdaafe02fe62
00cd009dfffcfefb
012d010d013d00c5
ff4bff43ffdc00dd
009500a50024ff5b
010500ed00dd00ad
01d601ae018e014d
016501550165019e
0064002c008d01a6
00fd00dd00b50085
017d016d014d012d
0196018e018e017d
018e018e01860196
017d018601860186
017d0175017d017d
0175017501750175
01d601d601d601d6
019601ae01b601c6
0105011d01450175
0246000c000c00c5
01050226027e028f
008d008500950074
009d007c008d006c
012500cd00c500c5
016d019e0175016d
0155018e018e019e
010d00dd00d5011d
fffc005400cd0105
0044ff03ff3bff84
00cd00f5014d010d
012d010d01050115
ff840004009d00dd
fe0afe62feabfedb
011500c5001cfed3
014d0145016d0115
ffdcff7b00340125
009d007c0004ffb4
011500c5007c0074
01be01ae017d0145
014d013d013d0175
005c001c00e501b6
00f500d500ad007c
017d016501450125
018e018e018e017d
018e018e018e0196
017d017d01860186
017d017d017d017d
0175017d01750175
01d601d601e601d6
0186019e01b601c6
010d012d014d016d
021600ad007c00d5
009d01d60236023e
0095008d007cfffc
007c00850095006c
012d00b500b5009d
01650196016d0155
01250155019e019e
00cd00b5009d00dd
ffe40004006400bd
009dffc4ff6bffb4
011d014501550125
013d00ed0105013d
0034003c009d0105
fe22febbff43ffa4
011500ed005cff0b
0186017501650125
fff4ff6b00740175
0024fffcffd4000c
00ed00a50034003c
018e01860165011d
0125012d01350145
0064001400bd0165
00f500cd00ad0085
017d01650145011d
019e0196018e0186
018e018e01960196
0186018e018e018e
017d0175017d0186
0175017d017d017d
01d601d601e601de
0186019e01be01ce
010d012d014d016d
013d008d00bd00f5
ff6300dd018e01ae
006c00640044ff2b
004c0064006c0064
011d00c500950064
01ae01ae017d014d
00f50135019601b6
009d00ad00950095
ffecfffc00340095
00dd003cffb4fff4
010d0125011d011d
0125011501050125
012d013d00fd011d
ffb4ffbc00340095
0135012d00dd0044
01be019e011d0125
003cff9c00c50175
00340014000c006c
00e50095002c0024
01860186014d012d
00cd010500fd011d
005c00340044008d
00f500dd00ad0085
0175015d013d011d
01960196018e0186
01960196019e0196
0186018e018e0196
017d017d017d017d
017d0186017d017d
01d601de01e601e6
018601ae01c601d6
011d013d0155017d
007400bd00ed0105
fd82ff73003c007c
00140014fff4fdd2
00040014001c0024
010500ad0085002c
01b601a6017d0155
00dd012d018e01b6
008d009d00950095
0014001c004c0064
00d50085004c002c
007400d500e500ed
011d010d00850085
016d0186015d013d
00bd00b500fd012d
0165016d0145015d
016d017d013d0115
fff4ff5300c50155
0064003c004c0085
00cd006c00440054
01550196016d0125
006400e500ed0105
00540054001cffb4
00ed00d500a5007c
016d01550145011d
019e0196018e0186
019e019e019e0196
018e0186018e0196
0186018601860186
017d018601860186
01de01e601e601e6
01a601b601c601ce
0135015d01650196
007400ed0105011d
fc38fce9fd92fef3
ffe4ffc4ffa4fd59
fff4000c001c0014
00b50095007c001c
019e0186014500fd
00c50135018601b6
006c008d0074007c
003c00240014003c
012d011d00b5006c
004c009d00ad00e5
015d00d5003c0004
00fd00c500f5014d
0125015d01860175
00b500c500ed0145
00bd011500f500c5
ffc4ff130004007c
0054002c0074009d
006c002c0034004c
013d018e017d010d
002c00dd00ed00fd
006400640044ffe4
00ed00d500b50085
0175015d01450125
01a6019e0196018e
019e019e019e019e
018e018e0196019e
01860186018e018e
017d0186018e0186
01e601f601ee01f6
01b601be01ce01d6
014d01750186019e
ff7b009d00ed0125
fc10fc10fc40fd59
ffe4ffacff8cfd59
002c0034003c002c
007c005400540024
018e0155013500e5
00dd0165019e01a6
0085006c006c007c
0064004400340064
00dd010500c5007c
ffa4ffcc0014007c
00e5009d0044ffd4
fecbfe62ff4b0044
003c00a500950004
fea3fe3afed3ffac
0004009d00b5ffdc
ff8cff0bff6bffac
0044003c006c0064
003c004c004c004c
014d018e018600dd
001c00bd00ed010d
0085006c005c002c
00fd00e500c5009d
01750165014d012d
01a601a6019e018e
01a6019e01ae01a6
019e019e019e01a6
018e018e01860196
018e018e018e0196
014d019601ce01f6
00ed00fd01050115
001c006c00b500d5
fdb2fee3ff6bffcc
fc08fc10fc30fc89
ffbcff9cff84fd41
001c001c00240004
008d0064007c0044
0196015d014d00f5
0125017501a601ae
009d0054005c0095
00b5007400740095
004400ad009500bd
ff6bff73ffbcffec
fee3ff8cff53ff53
fcf9fce1fd41fdba
fdc2fe62fe0afd51
fd11fcc1fcd9fd11
ff4bff4bfedbfe1a
ff4bfedbfed3ff03
00540064008d003c
008d00740074006c
01450175017d0105
0014006400dd00ed
00ad008d007c0064
010d00ed00cd00bd
0186016d0155013d
01ae01ae01a60196
01b601ae01b601b6
01a601a601ae01ae
019e0196019e019e
019e019e019e019e
fe6aff33001400cd
fe6afe32fe1afe22
fdc2fe22fe83fe9b
fcc9fd21fd51fd79
fc08fc20fc30fc60
ff9cffa4ff5bfcb9
000cfff4ffd4ffcc
00b500b500b5005c
016d015d013500f5
014d014d0186018e
009d0074005400a5
00cd00a5009500bd
ffbc0024007c00d5
fe8bfec3fedbfef3
fc91fd19fd82fe1a
fc78fc81fc50fc68
fc58fc58fc70fc58
fc40fc50fc58fc40
fe3afdd2fce1fc70
ff84feabfe2afdfa
005400850074ffec
00d500a5006c005c
011d01650175012d
004c003400ad00bd
00c500a5009d008d
0125010500dd00cd
0196017d016d014d
01be01be01b601a6
01be01be01be01be
01ae01b601b601b6
01a6019e01ae01ae
01a601ae01ae01ae
fc68fce9fd82fe22
fcd1fc60fc48fc50
fd19fd49fd59fd39
fc91fcd1fd01fd09
fc08fc28fc38fc70
ff6bffacfeb3fc50
0004ffc4ff8cff84
00ad00b500ad0064
01250125011d00ed
015501350155013d
00ed00c5008500c5
00d500b500c500f5
ff3bffbc003400ad
fd11fd31fdb2fe8b
fc00fc08fc30fc89
fc60fc58fc28fc28
fc20fc18fc70fc50
fc10fc10fc08fc10
fcc9fc91fc20fc10
ffb4feb3fdaafce1
00b500b50085002c
00f500cd007c008d
010d018601860145
002c0004003c0064
0034ffecffdc0004
014d012500d5007c
01a60196017d0165
01ce01c601c601b6
01c601c601c601ce
01be01be01c601c6
01b601b601be01b6
01b601b601be01b6
fc28fc50fca9fd11
fd19fc91fc58fc38
fd41fd11fcf1fd29
fc91fcc1fd01fd41
fc08fc20fc40fc68
ff7bff94fdc2fc10
ffccff7bff6bff63
009d00d500b5004c
010500e500e500dd
00f50125012d0125
011d00fd00a500ad
00bd00e500fd010d
fe32ff53fff4003c
fc68fc89fc91fcf1
fc78fc70fc60fc48
fc48fc60fc78fc89
fc58fc40fc30fc40
fce9fcb9fca1fc70
fc99fcb9fcb9fd11
ffecfed3fd09fc50
011d012500cd0074
010d00f500ad00bd
00b501650165013d
feb3ff2bff5bffec
fde2fd82fd82fdf2
00fd005cff84fe93
01be01ae018e0165
01de01d601ce01ce
01d601d601d601d6
01c601ce01ce01ce
01c601c601ce01ce
01c601c601c601c6
fc28fc10fc38fc99
fd51fcc1fc89fc70
fd49fcf1fce1fd41
fc91fcc1fce9fd49
fc20fc20fc28fc58
ff5bff3bfd01fc08
ff63ff73ff6bff53
00c500ed0074ffc4
00fd00d500bd00b5
00d5011d01350115
0125013500fd00b5
008d00d5011d011d
fce1fe42ffac0064
ff1bff2bfee3fd9a
ff23fee3fecbfedb
fe6afebbff0bff3b
feabfdeafddafe72
ff7bff63ff43fefb
fef3ff43ff33ff63
000cfe83fce9fdda
014d0175012500a5
0125010500c500fd
00540125014d013d
fce9fd31fd8aff2b
fc48fc38fc48fc81
ff5bfe52fd71fcb9
01d6019e0125006c
01e601e601e601de
01e601e601de01e6
01de01de01e601de
01d601d601d601d6
01d601d601d601de
fc48fc08fc08fc28
fd49fcc1fc81fca1
fd41fd79fd59fd51
fc89fca9fcc9fd11
fc10fc18fc30fc70
ff6bfefbfc70fc08
ff53ff8cff63ff5b
009d0074ffbcff6b
00e500bd0095009d
00ed010d011500f5
0135012d010500ed
00d5012d0135012d
fe2afdb2ff3b005c
00b500b5008d000c
00b500bd00c500b5
00ed010500ed00e5
00d5008500b500f5
0135013501250105
000c008500dd0125
0004fe52fdaaff5b
0155016d017500e5
011d011d00fd011d
ffcc00dd013d0125
fc91fc99fc68fdf2
fc40fc40fc30fc58
fd9afd21fcd1fc70
01ae00bdff5bfe5a
01ee01f601ee01ee
01fe020601fe01f6
01e601f601f601f6
01ee01ee01e601de
01e601ee01ee01e6
fc70fc10fc00fc08
fd09fcc1fc70fca1
fd21fd82fd51fcf9
fc91fc89fca1fce1
fc08fc18fc20fc68
ffb4ff4bfc60fc08
ff53ff43ff23ff33
0064ffe4ff2bff3b
00950085007c008d
00f500ed00ed00b5
013500f500cd00f5
00dd0135014d0155
001cfecbfec3001c
006400a500fd00ed
0186018600fd005c
01b6019e018e017d
0186018601a601b6
01be01d601be01a6
0064003c00bd0175
ffdcfe62fe93005c
016d01650186010d
01050135014d0145
ff33008500fd010d
fcc1fcb9fc40fcd9
fc40fc58fc48fc60
fd29fcc9fc81fc38
0054feb3fdc2fd71
020e020e01fe0196
020e021e0216020e
020601fe02060206
020602060206020e
01f601fe01fe01fe
fc78fc20fc00fc00
fcd1fcc1fc70fc78
fd01fd49fd31fcf1
fc70fc60fc70fca9
fc10fc20fc30fc58
00adff84fc40fc08
fee3fef3ff03ff43
002cffb4ff3bff13
004c004c005c005c
00dd00d500cd007c
01250064007c00e5
00cd01450165017d
01150074ff7bffd4
000c00f5016d0175
015500d5002cff7b
018e019e019e016d
00f500fd0135016d
007400ad010500fd
00f50014ffe40034
ff8cfe93002c0135
019e018e018600fd
00fd011d015d0165
fe0a001400dd010d
fce9fc91fc20fc28
fc20fc68fc68fc81
fcc1fc70fc20fc08
fe4afd79fd01fcd9
02360206014dffc4
0226022e022e022e
021e021e021e021e
020e021602160216
020602060206020e
fc81fc38fc08fc00
fd19fcf1fc99fc70
fce1fd51fd59fd39
fc78fc60fc58fc81
fc10fc20fc28fc50
01a6fef3fc20fc00
fe83fedbff0bffb4
fff4ff73ff0bfea3
00240014002c0024
00c500ad008d0044
00f50054002c0085
005c0105016d0165
018e0145009d000c
00bd019601de01ce
ffecff6bff9c0004
ffe4001c00240004
ff0bff23ffa4ffcc
feabfebbfefbff03
017d00d5ffecff0b
ff13ffa4011d018e
01960196015d00bd
00f5010501350155
fcd9ff94009d00d5
fcb9fc68fc30fc10
fc18fc58fc70fcb1
fc28fc18fc08fc08
fd51fd11fc99fc50
01d600d5ff23fdd2
01de01fe0216021e
0175017d018601ae
01a601960186017d
01ee01e601d601be
fc91fc60fc10fc00
fd49fd49fcf9fc91
fcc9fd29fd51fd51
fc81fc78fc68fc78
fc10fc18fc20fc60
01f6fe1afc10fc08
fe62fecbff0b0085
ff94ff0bfdfafe12
ffe4ffecfffcfff4
009500850064000c
0105009500540074
0034007400f50135
01ae01ae013d0064
014501ae01ce01b6
fe8bff1b001c00e5
fe12fe4afe83fe8b
fdc2fde2fe42fe3a
fedbfe72fe0afdf2
017d0125008dff9c
ff0b00cd017d01b6
017d0175012d003c
009d00c5010d0135
fc40febb005c007c
fc89fc60fc30fc10
fc28fc78fcb9fcd9
fc08fc00fc08fc08
fd01fca9fc60fc30
fffcfe8bfdb2fd49
001c00a500f500fd
ff1bff2bff53ffac
ff84ff53ff43ff3b
008d005c0004ffbc
fc91fc50fc18fc00
fd51fd21fce1fcb1
fcc1fd01fd49fd71
fc81fc81fc81fc89
fc08fc20fc30fc70
0186fd39fc10fc00
fecbff13ff7301ae
ff3bfebbfe2afe62
ff7bff8cffbcff9c
006c004cfffcffa4
00ed00e500c50095
000c0044008500b5
01c601be016d008d
015d018601a601be
ff1bfffc00bd014d
fdc2fe02fe8bfeb3
fde2fdeafddafdea
003cff94feabfe1a
0175015d012d00cd
ff7b0155019e01ae
012d014500c5ff94
0004004c00ad00ed
fc10fd79fff40014
fc70fc60fc40fc18
fc30fcb1fd09fcc1
fc00fc00fc00fc08
fcb9fc78fc30fc08
fdeafd59fd09fce9
fe72fed3fefbfecb
fdb2fdcafdeafe2a
fdb2fdaafdb2fdb2
fdd2fdd2fdc2fdba
fca9fc81fc38fc08
fd71fd19fca9fca9
fca9fcc9fd19fd71
fc81fc68fc68fc81
fc08fc18fc30fc68
00d5fc99fc08fc00
ff5bff6b005c026e
ff13fedbfedbff13
ff4bff6bff94ff4b
002cfff4ff5bff2b
006c009d009d0064
0004004c00740054
01c6019e012d007c
018e0175018e01be
fffc00c5011d0175
fdbafe12feb3ff63
fde2fda2fd69fda2
00a5ffacfee3fe52
017d019e0175012d
001c014d019e0196
00cd01050095ff53
ff94ffd40044009d
fc18fc78fee3ffdc
fc91fc58fc38fc30
fc58fd11fcf9fcb1
fc08fc08fc00fc00
fc89fc30fc18fc00
fd21fd01fcc1fca9
fe0afe02fdbafd61
fdf2fdfafe0afe0a
fd71fd82fdaafdca
fd19fd39fd39fd69
fca1fc91fc48fc10
fd69fd41fcc1fc91
fca1fcb1fce1fd41
fc89fc89fc78fc91
fc10fc20fc48fc81
ffd4fc48fc00fc00
ff9cffb4014d0297
ff4bff33ff3bff7b
ff6bffacff84ff2b
fff4ffa4ff2bff1b
001c006c00740024
fffcffec001c0024
0175014500cd0034
0196016d01960196
ffcc002400bd016d
fffcff8cff4bff94
00d5008d006c002c
0145012d011d0115
0054017d01960165
0004000cff8cff6b
006c00bd0044ff84
ff84ff63ffe4002c
fc28fc20fd92ffdc
fc81fc68fc40fc28
fce9fd39fcd1fca9
fc00fc08fc08fc30
fc40fc10fc08fc08
fca9fca9fc70fc58
fd49fd39fce9fcd1
fdb2fdbafdaafd69
fd59fd82fdaafdb2
fd31fd41fd49fd51
fca9fc91fc50fc18
fd69fd61fd11fca9
fcb9fcc9fcf1fd29
fc99fc99fc89fc99
fc18fc28fc38fc78
febbfc18fc08fc10
ff840034021e0276
ff63ff6bff7bff7b
ffccffb4ff7bff43
ffb4ff63ff33ff63
fffc002c001cffec
ffccffc4ffb4ffdc
012d00f500d50064
01750196019e016d
0196011d00cd00ed
01ae019e019e01ae
01be01c601e601e6
01ee01e601ee01d6
fd51fe9b00fd01b6
fe7afd82fd49fd21
001400440014ffac
ffbcff23ff94ffcc
fc28fc18fca9ff84
fc70fc68fc48fc30
fd31fcf9fcc1fc99
fc08fc08fc18fcb1
fc10fc08fc08fc08
fc70fc58fc30fc28
fd31fd19fcc1fca9
fd49fd41fd51fd31
fd59fd51fd51fd59
fd41fd39fd41fd41
fc99fc89fc48fc18
fd59fd79fd61fcd9
fcd9fce1fd09fd31
fc81fc91fc91fcb9
fc18fc30fc40fc60
fdc2fc10fc10fc10
ffac01250297020e
ff84ff8cffa4ff8c
ffccffc4ff94ff7b
ff6bff4bff63ffc4
ff94ff73ff94ff8c
008d000cff9cff7b
011500cd00d500cd
01d601d601be016d
024e024e02260206
01d602160216022e
01ee01e601de01ee
0216021e022e0206
fce9fcd1fe4a015d
fd59fd31fd39fd11
ffccffecff53fe0a
000cff33fedbff43
fc28fc38fc30fe72
fc68fc58fc40fc40
fcf9fcd1fcc1fc99
fc08fc10fc91fd29
fc08fc00fc00fc00
fc58fc40fc18fc18
fd01fcf1fcb9fc99
fd59fd41fd29fd21
fd59fd59fd39fd51
fd49fd51fd41fd39
fcb1fc89fc60fc20
fd61fd71fd71fd29
fce9fce9fcf9fd39
fc78fc81fc89fcc1
fc10fc18fc28fc68
fce1fc10fc08fc08
004c01fe02bf0155
ff8cffa4ffa4ffa4
ffd4ff9cff84ff84
ff2bff4bffb4fff4
ff5bff3bff2bff23
00fd00bd0024ff8c
00f500ed0105010d
0236020e01d60165
026e027e025e0256
01ce0206020e022e
01f601a601ae01ae
01d6021e0226020e
fcc1fcc1fcc9ff13
fd49fd01fd01fce1
ff63ff23fe1afd92
ffc4ffd4fee3febb
fc30fc28fc08fd01
fc70fc70fc38fc38
fcd1fcc9fcc1fca9
fc08fc50fd01fcf9
fc08fc00fc00fc00
fc60fc30fc20fc10
fce9fcc1fca9fc91
fd51fd49fd29fd19
fd51fd51fd61fd61
fd59fd59fd51fd51
fd01fc99fc60fc28
fd49fd61fd59fd51
fcd9fcf1fd01fd31
fc81fc89fc89fcb9
fc18fc18fc40fc70
fc70fc10fc10fc10
013d026602a7003c
ff94ffa4ff8cffac
ffd4ff94ff7bff84
ff13ffb4ffbcffd4
ff8cfefbfebbfebb
00e500a50074000c
0135011d00f500f5
023e020601e6018e
023602560256023e
01be01d601fe021e
01de01b601ae0196
00fd01ce01e601be
fcd9fca9fc81fd49
fd59fd21fd11fcf1
fef3fe4afdbafd82
fe420044ff7bfeb3
fc30fc30fc10fc20
fc78fc60fc48fc30
fce1fcd9fcb1fc81
fc30fce9fcf1fcd1
fc00fc00fc00fc08
fc60fc38fc18fc08
fcd9fcc1fca1fc91
fd41fd21fd09fd09
fd69fd69fd61fd51
fd69fd69fd69fd61
fd59fcd1fc78fc38
fd41fd51fd59fd71
fcd9fcf1fd11fd19
fca1fcc1fcc1fcc9
fc20fc40fc60fc81
fc28fc18fc10fc18
020e028f025efeeb
ffb4ffacffa40034
ff94ff7bff94ffa4
ff53ffccff9cff94
ff3bfed3fe83fed3
008500540014ffb4
0135010500bd00a5
01de01ce01c6016d
02060216021601ee
01ae01c601fe0216
01a601ae0175018e
001401a601b601b6
fcc9fcb1fc70fc99
fd21fd21fce9fcc9
fe3afd9afd59fd31
fcb1ff4bffd4ff33
fc30fc40fc18fc00
fc68fc40fc58fc48
fcf9fce1fcb1fc81
fcc9fd11fcd9fce9
fc00fc00fc08fc18
fc38fc10fc08fc00
fcc9fca9fc91fc78
fd31fd21fd19fcf1
fd92fd79fd71fd49
fd82fd82fd71fd79
fd79fd21fc81fc38
fd19fd29fd51fd61
fd01fd09fd09fd09
fca1fcb1fcb1fcd9
fc20fc38fc78fc81
fc20fc20fc20fc20
0287029f01defdc2
ffb4ffcc00040125
ff7bff94ffacffb4
ff73ff8cff6bff6b
fedbfeb3fefbff33
0014ffa4ff3bfef3
00a5007c00740024
0186015d014500dd
01b6019e01960186
0175016d019e01be
019601be016d017d
ffd4019e018e019e
fcb1fcb1fc58fc78
fcc9fd79fd11fcc1
fd69fcd9fc99fc81
fc18fe720014fee3
fc28fc40fc20fc10
fc68fc48fc58fc48
fcf9fce1fcb1fc89
fd11fce1fcd9fcf1
fc00fc08fc10fc91
fc28fc08fc00fc00
fcc1fc99fc70fc50
fd39fd39fd29fcf9
fd8afd71fd71fd49
fd79fd79fd79fd8a
fd82fd8afcf9fc50
fd19fd11fd31fd61
fcf9fd09fd11fd19
fc91fca1fcb9fcd9
fc28fc40fc58fc78
fc28fc28fc38fc30
02c702a700d5fcb9
ffccfffc00c5020e
ff94ffacffc4ffc4
ff4bff33ff3bff6b
fe5afeb3ff03ff13
fefbfe83fe72fe5a
0014ffdcfff4ff84
013500e5009d0034
018e014d013d0155
0165015d0155016d
0196016d014d0145
ffac00e50145017d
fc68fc58fc18fc89
fca1fca9fd31fcc1
fdfafe83feabfdc2
fc18fef30105fe9b
fc28fc28fc10fc20
fc60fc48fc48fc40
fcd9fcc9fcc1fc99
fce1fcd9fcf1fce1
fc08fc10fc68fd11
fc10fc08fc08fc00
fcb1fc91fc60fc30
fd39fd31fd09fcd9
fd79fd79fd69fd49
fd71fd8afd92fd8a
fd79fd8afd69fcb9
fd21fd11fd19fd49
fcf9fd19fd29fd19
fca9fcc9fce1fce1
fc38fc60fc60fc99
fc28fc40fc48fc40
02d70287ff7bfc48
002400ad01d602b7
ffacffccffe40004
fef3ff03ff33ff7b
fe5afebbfee3fee3
fdfafde2fdeafe3a
ffe4ff33fecbfe6a
00b50034fff4fffc
011d00f500e500dd
012d0155013d0125
008d0085009500d5
ff9c000c006c00c5
fc30fc20fc18fd61
fdeafc60fc40fc50
fdbaff8c00a5ffec
fc18fec30155fe32
fc30fc30fc10fc18
fc70fc40fc38fc38
fcc1fcb1fcb9fc99
fcc9fce9fce9fce1
fc08fc40fd09fce9
fc18fc08fc08fc00
fca9fc68fc38fc20
fd39fd29fcf1fcd9
fd8afd82fd61fd51
fd92fd9afd9afda2
fd61fd82fd92fd59
fd01fd01fd21fd41
fce9fce9fce9fcf9
fcb9fce1fce9fce1
fc50fc68fc78fca1
fc38fc48fc48fc58
02bf01f6fe02fc28
008d01be0297030f
ffe400140024004c
fec3fee3ff4bffa4
fe52fe6afe8bfeab
fe2afe32fe32fe4a
ff23fe8bfe22fe0a
ffdcff8cff7bff84
0054005c004c0024
00a500d500dd0085
ff5bffd400040054
ff73ff8cff63ff43
fc18fc10fc60fe42
fcc9fc58fc38fc18
fd71fe9bffbcff0b
fc28fe6affe4fd19
fc28fc20fc10fc20
fc68fc60fc40fc30
fcc1fcc1fcc1fc91
fcc1fce1fce9fce9
fc30fcf1fd01fc99
fc08fc08fc00fc08
fc91fc58fc40fc20
fd19fd09fce1fcd1
fd8afd82fd51fd31
fd9afd92fdaafd92
fd69fd82fd9afda2
fcf1fd11fd31fd51
fce9fce1fcf1fd11
fcc1fcd1fce1fce9
fc58fc78fc89fc99
fc40fc50fc50fc48
02af00edfcd9fc38
00f5028702ff0327
001c004400440014
fed3fef3ff4bffc4
fe72fe8bfe93feb3
feabfe9bfe7afe7a
fe6afe4afe6afe83
ff23ff0bfedbfec3
ff7bffc4ff7bff2b
ffd4ffd4ffe4ffd4
fefbff3bffa4ffac
fed3fedbfedbfebb
fc08fc38fd8afe7a
fc38fc18fc48fc10
ff03ff3bfe9bfd79
fc20fe32ff73fe12
fc30fc20fc10fc28
fc81fc60fc48fc28
fcc9fce9fcd1fca9
fcf9fd01fd09fce9
fcd1fd19fca1fca9
fc08fc08fc00fc18
fc81fc58fc38fc18
fd19fcf1fce1fcc1
fd71fd71fd39fd39
fd92fda2fd92fd8a
fd61fd69fd79fd92
fd11fd29fd41fd59
fcf9fcf9fcf1fd09
fcd1fcd9fce1fcf9
fc60fc81fc99fca9
fc48fc50fc58fc58
028fff73fc50fc40
01ee02e70347030f
fff4ffecff6bff84
fef3ff03ff63ffe4
feb3feb3fecbfedb
fedbfec3feabfebb
fe8bfecbfed3fec3
feb3fe8bfe42fe3a
ff1bff13fec3fe93
ff63ff53ff43ff2b
fe9bfe8bfecbfeeb
fe72fe83fe83fe9b
fc38fd9afeabfe93
fc78fc10fc40fc18
00340125ff43fdda
fc30fe0a0064ff0b
fc28fc18fc10fc28
fc81fc68fc40fc30
fcf9fce1fcc9fc99
fcf1fd01fd09fd09
fd21fcb1fc91fcc1
fc08fc00fc10fc99
fc68fc38fc18fc08
fcf9fce1fcd1fca1
fd71fd69fd39fd11
fdb2fdaafd82fd79
fd49fd39fd49fd59
fd19fd21fd49fd51
fd01fd09fd11fd21
fcc9fcd1fcc9fcf9
fc70fc81fca1fca9
fc50fc68fc68fc70
01f6fe0afc58fc30
02c7031f034f02d7
ff53fec3fe22008d
fee3ff1bff73ff94
feabfec3fed3fec3
fefbfefbfefbfedb
ff0bff23ff0bfee3
fe3afe4afe83fecb
fe62fe42fe32fe2a
febbfecbfeb3fea3
fe1afe12fe42fe72
fec3fe72fe22fe12
fda2ff0bff2bff0b
fc68fc28fc30fc48
01250085fdb2fcc9
fc20fda2003cff9c
fc20fc08fc10fc28
fc78fc60fc40fc38
fd11fcf9fcc9fc91
fcf9fd01fd09fd21
fcc1fc78fca9fcd1
fc08fc08fc68fd29
fc68fc20fc08fc08
fd09fcf1fcd9fc99
fd79fd71fd51fd19
fdbafdaafd8afd82
fd31fd29fd09fcd1
fd19fd29fd69fd49
fcf9fd09fd29fd29
fcd1fce9fce1fcf1
fc89fc89fc91fcb9
fc38fc78fc78fc81
00cdfce9fc68fc48
030f0347033702af
fe32fd49feb301fe
febbfeebfee3fec3
feabfeb3fec3feab
ff0bff0bff0bfee3
ff53ff3bff0bff0b
fed3ff03ff33ff6b
fe42fe6afe7afe8b
fe22fe2afe1afe42
fe7afe83fe5afe2a
ff84ff23fec3fe83
fecbff2bff5bffa4
fc40fc38fc81fdaa
00cdfe3afc50fc10
fc10fd090014001c
fc28fc08fc10fc18
fc68fc60fc58fc40
fd31fd09fca9fc70
fd01fd01fd19fd29
fc81fc91fcb9fce1
fc08fc48fd31fcd9
fc48fc18fc08fc08
fd21fd19fcd1fc91
fd92fd82fd59fd31
fdbafdbafdb2fd9a
fd49fd19fce9fcb1
fd39fd41fd61fd59
fd29fd39fd31fd31
fcd1fce1fcf1fd09
fc91fca1fcb1fcb9
fc40fc40fc70fc91
fee3fc48fc48fc60
0337036702ff0256
fd01fd61008d02d7
fe62fe3afe02fdba
fea3fe9bfe8bfe7a
ff0bfefbfef3fed3
ffa4ff5bff23ff13
ff53ff5bff7bffac
fe9bfedbff1bff23
fedbfed3fecbfed3
ff3bff33ff13fef3
ffe4ff8cff4bff2b
fe72feebff8cfff4
fdaafcc9fcb1fdca
feebfc78fc10fcb1
fc10fce9002cffdc
fc28fc08fc08fc18
fc38fc58fc58fc40
fd19fcf1fc91fc40
fcf1fd09fd11fd01
fc68fca1fcc1fce9
fc30fd09fd31fc70
fc38fc20fc08fc00
fd21fd11fcc9fc81
fdaafd82fd69fd49
fdcafdcafdb2fdba
fd69fd11fce1fcb1
fd51fd39fd71fd82
fd41fd59fd51fd61
fcb1fcd9fd09fd19
fcb1fca1fcb9fca1
fc68fc48fc68fca1
fd59fc50fc48fc58
035f036702cf0175
fd49ff4b022e0347
fdd2fdb2fd8afd59
fe7afe4afe1afdf2
ff23feebfebbfea3
ff73ff43ff2bff23
ff94ff7bff73ff94
ff13ff33ff7bff6b
ff53ff33ff0bff4b
ff84ff53ff53ff53
fffcffd4ffa4ff84
fd79fe5aff33ffd4
ffa4fd39fc20fca1
fe02fd21fe22ff8c
fc50fe72000cff5b
fc28fc00fc10fc18
fc28fc48fc50fc40
fd19fcf9fc70fc28
fd01fd21fd19fcf9
fc70fcc1fcb9fcd1
fd19fd71fcc1fc50
fc38fc10fc00fc28
fd21fce9fcc1fc70
fdaafd82fd59fd59
fdd2fdd2fdd2fdc2
fd59fd11fce1fca9
fd41fd59fd71fd82
fd21fd49fd49fd51
fcc1fce9fd11fd09
fca9fca1fca1fca1
fc91fca1fc81fc81
fc78fc58fc70fc81
03670327026effd4
0186022602ef0307
fd61fd82fefb00dd
fe02fdeafdcafd9a
ff03fe9bfe4afe1a
ff73ff53ff43ff2b
ff8cff8cff84ff84
ff9cffacff9cff84
ff73ff73ff8cffa4
ff94ff53ff4bff63
ffc4ffccffbcffac
fc89fd61fe4aff43
009dfea3fc60fc18
005401c6021601b6
fdf2001cffa4fef3
fc20fc08fc08fc28
fc18fc48fc68fc40
fd21fcd9fc58fc18
fd31fd21fcf9fd09
fc89fca9fca1fcd9
fd82fce9fc81fc68
fc30fc08fc28fcf9
fd19fcc9fca1fc70
fdaafd8afd71fd51
fde2fdd2fde2fdba
fd79fd21fcb9fc91
fd41fd49fd69fd92
fd21fd59fd69fd59
fcd9fcf1fd21fd09
fc78fca9fcb1fcc1
fca9fcc9fce1fc78
fc38fc68fca1fc99
022e02df01befe02
02a7028f0186ffcc
fd39ff3b01f602a7
fdeafd8afd82fd59
fe93fe3afe02fe12
ff8cff6bff43ff0b
ff94ffa4ff94ff84
ffb4ffc4ffccff8c
ff9cff94ffa4ffac
ff8cff73ff6bff8c
ff33ff94ffacffb4
fc28fcb9fd61fe42
016d002cfda2fc18
02b7033702ff027e
0004001cfee3ffac
fc18fc10fc10fd59
fc18fc58fc60fc38
fd29fcc1fc38fc08
fd31fd09fd01fd11
fc81fca1fcb9fcf1
fcf9fc99fc78fc78
fc20fc20fcd1fd79
fd29fce1fca1fc58
fdd2fdaafd71fd41
fe0afe0afe02fde2
fd79fd11fcc1fc89
fd59fd49fd61fd8a
fd09fd61fd71fd59
fcd9fcf1fd01fd09
fc68fc89fcd9fcd1
fcc1fcd9fcf9fcd9
fc50fc81fcb9fcc1
00850266002cfc99
0256015dff23fe4a
fe9b01e6024e0246
fda2fd31fcd9fcb1
fe2afe12fe12fdf2
ff94ff63ff2bfec3
ffa4ff94ffa4ffa4
ffa4ffbcffbcffb4
ff9cff94ffa4ffac
ff7bff53ff53ff73
fe12ff03ff7bff9c
fc08fc38fcb1fd49
01e600f5ff1bfcc1
0307027e024602bf
0064ff6bfd79005c
fc10fc10fce1ffac
fc20fc48fc50fc38
fcf9fc81fc20fc08
fd39fd29fd09fd19
fc68fca1fcd1fd09
fcb9fc91fc68fc60
fc20fca9fd49fcf1
fd39fd11fca9fc40
fdf2fdb2fd69fd49
fe0afe12fe02fdf2
fd92fd29fcb1fc68
fd49fd51fd61fda2
fcf1fd51fd71fd61
fcf1fd11fcf9fce9
fcd1fc68fc91fcb9
fcd1fcf1fcf1fcf9
fc60fc99fcb9fcb9
000c01defe5afc28
01b60054fecbff13
01350276026e027e
fd59fcc9fc68fda2
fe22fe0afde2fdaa
ff8cff5bfeebfe52
ffbcff73ff6bff94
ffacff9cffa4ffd4
ff73ff8cffb4ffc4
ff6bff2bff23ff4b
fd49fe0afee3ff53
fc89fc28fc20fc91
0287020e00f5feab
0256001c000c02a7
ffc4fddafc58ff9c
fc10fc81ff23008d
fc28fc60fc50fc38
fcf1fc58fc10fc08
fd21fd21fd01fd11
fc30fc89fce1fd21
fca9fc89fc58fc30
fc91fd29fce9fca1
fd31fcf9fcb1fc58
fdf2fdc2fd79fd61
fdeafe02fdfafe02
fd8afd31fcc1fc60
fd39fd59fd79fd9a
fcd9fd41fd69fd61
fce9fd31fd11fce1
fcf1fcc1fc68fc91
fcd1fcf1fd01fd01
fc70fca1fcc9fcc9
00dd00e5fce9fc28
01f600bdffacff7b
022e027e02f702cf
fc89fc68fd290054
fe3afdf2fdaafd19
ff5bff43febbfe52
ff7bff43ff2bff63
ff94ff63ff63ff84
ff23ff3bff63ff94
ff03fedbfedbfefb
fc81fd19fdfafecb
fdcafc58fc18fc20
033702e7025e00ad
01befedbfea301ae
fe42fc58fc18fee3
fc50fe9300950014
fc30fc60fc48fc20
fcc1fc38fc08fc00
fd19fd11fd11fd11
fc30fc91fd09fd41
fc89fc60fc28fc10
fcb9fcc1fc99fca1
fd39fce9fcb1fc68
fdfafdc2fd79fd61
fd9afdcafdeafe02
fd9afd41fcd9fc68
fd39fd69fd92fdb2
fcd1fd19fd59fd41
fcd1fd31fd31fcf1
fcf9fce1fc89fc40
fcd1fce1fcf9fd01
fc91fcb9fcd1fcd9
0186ff0bfc40fc30
022e00cdffe4005c
028f02cf02d702af
fc81fcf9ff1b023e
fdd2fd71fd11fca9
ff5bff1bfe8bfe2a
ff33ff2bff3bff63
ff5bff5bff1bff1b
fefbff03ff13ff2b
fe72fe5afe83fec3
fc30fc38fcf1fdfa
ffa4fd11fc58fc60
0276033f02df01de
0155ff6bfeabffa4
fcb9fc10fc10fdf2
fdfa008d0074ff13
fc50fc81fc48fc38
fc99fc18fc08fc10
fd49fd31fd21fd11
fc50fca9fd11fd41
fc81fc38fc08fc10
fc28fc70fca9fcc9
fd49fcf9fcb9fc40
fdfafde2fd9afd69
fd09fd69fdaafdea
fd9afd59fcf9fca9
fd61fd92fd9afdb2
fcb9fd01fd49fd49
fc81fd11fd31fce1
fcc1fc91fc89fc68
fce9fcf1fce9fcd9
fcb9fcc9fcd9fce9
0165fddafc20fc50
02060024ff84015d
026602af029f028f
fcf9fe120135025e
fd21fcb1fcb1fcb9
ff3bfeebfe3afdba
ff33ff4bff5bff5b
ff03ff13ff03ff03
fec3fed3fed3fecb
fdcafe22fe4afe93
fc99fc50fc48fcf1
017dfecbfc78fca1
ff3b01d60317029f
00f500a5ff7bff4b
fc38fc10fc10fce9
004c00adff84fd39
fc89fc99fc50fd79
fc60fc10fc08fc18
fd39fd39fd19fce9
fc68fcc1fd19fd21
fc60fc20fc08fc18
fc08fc40fca9fcb9
fd51fcf1fca9fc40
fde2fde2fdc2fd9a
fc50fcb1fd21fdaa
fdaafd79fd19fca9
fd82fdb2fdbafdb2
fcb1fcf1fd49fd69
fca9fc89fcf1fcc9
fcb1fc99fca9fce9
fd01fcf9fce1fcc1
fcc1fcc9fce1fd09
00cdfd59fc20fc70
00d5ff130014020e
0246023601f601ee
fcc9ff7b026e024e
fcb1fcb9fcf9fcc1
ff1bfeb3fe02fd59
ff1bff13ff43ff43
febbfee3fee3feeb
fe62fe52fe6afe93
fcc9fd82fdf2fe42
fc99fcc9fc58fc30
027600c5fd49fc30
fdeafe32017502c7
ffdc01960014ffdc
fc28fc20fc10fc68
00ed0004fde2fc58
fc99fc91fce1ffac
fc50fc10fc08fc20
fd31fd41fd29fce1
fc91fcf9fd39fd41
fc60fc20fc00fc28
fc10fc08fc58fca9
fd61fd11fcb1fc48
fdb2fdeafddafdca
fc08fc28fca9fd39
02f702f702f70307
02e702ef02ef02ef
02ef02ef02ef02f7
02ef02ef02ef02ef
02df02e702e702e7
02ef02df02df02df
02df02df02e702ef
02bf02cf02d702df
02a702af02b702b7
0297028702870297
0256026e027e028f
024e024e0256024e
024e024e02560256
02360246024e025e
0246023e023e023e
024e0246023e0236
029f027e0266024e
02df02cf02bf02af
02e702ef02e702df
02f702f702e702df
02ff02ff02ff02f7
02ff0307030702ff
0307030702ff02ff
02f702ff02ff02ff
030f030f03070307
030f030f03070307
0307030f030f030f
0307030702ff0307
030702ff02ff02ff
02ff02ff02f702ff
02ef02e702f702ff
02e702e702e702ef
02f702f702f702f7
02ef02ef02ef02ef
02ef02ef02ef02f7
02ef02ef02ef02ef
02df02e702e702e7
02ef02ef02df02df
02df02df02e702ef
02bf02bf02d702df
02a702a702af02b7
02760287029f02a7
026e026e026e026e
024e025e02660276
023e024602560256
023602460246024e
022e0226022e0236
023e023e022e022e
027e026e02560246
02c702a7028f027e
02c702bf02b702bf
02cf02c702c702bf
02df02df02df02d7
02d702df02df02d7
02df02df02d702d7
02d702df02df02d7
02cf02df02e702e7
02cf02cf02d702d7
02d702d702df02df
02cf02cf02c702cf
02c702cf02cf02cf
02bf02c702bf02c7
02b702b702bf02bf
02af02af02a702af
02f702f702f702f7
02ef02ef02f702f7
02ef02ef02ef02ef
02e702ef02ef02ef
02e702e702e702e7
02ef02ef02ef02df
02df02df02e702e7
02b702bf02cf02d7
02af02af02af02b7
02660276028f02a7
0276026e02660266
0216023e02560276
023e022e0216020e
024e0256024e024e
02660256025e0256
0246024e025e0266
024e022e02260246
02970276025e0256
027e027e02760276
029f028f0276026e
029f029f029f029f
029f029f029f029f
02af02a702af02a7
02a702af02a702a7
02a702a702af02af
02a702af02af02af
029f029f02a702a7
02970297029f0297
029f029702970297
0297029702970297
028f028f028f0297
028f02870287028f
02ef02ef02ef02ef
02f702ef02f702f7
02ef02ef02ef02ef
02e702e702ef02ef
02e702e702e702e7
02e702e702ef02ef
02d702df02df02e7
02a702b702bf02c7
0297029f02a702af
025e0266026e027e
022e023e024e0256
02360216020e022e
0276026e025e0226
02af02970287027e
0266026e02760276
02c702cf02d702af
022601fe025602af
023602460236022e
02560256024e023e
0256024602460256
026e026602660256
027e027e02760276
0287027e027e0276
0287028702870287
028f027e02870287
028f028f0297028f
027e027e027e027e
027e027e027e027e
027e027e027e027e
0287028702870287
027e027e027e0287
028702870276027e
02e702ef02ef02ef
02f702f702f702ef
02ef02ef02ef02ef
02e702e702ef02ef
02e702e702e702e7
02e702e702e702ef
02c702d702df02e7
029702a702b702bf
02760287027e027e
0266025602560266
02160216023e023e
0236022e02360256
02660256023e0246
02d702af029f028f
026e02a7029702a7
02d702c702d702c7
0276024e02c702e7
01e6020e01ee025e
023e023e022e0206
022e022602260236
0256024e024e023e
026e026e0266025e
0276026e02660266
027e0276027e0276
027e0276027e027e
028f028f0287027e
028f028f028f0287
028f028f028f028f
0287028702870287
028f0287028f028f
027e0287027e0287
0287028702870287
02ef02ef02ef02ef
02ef02f702f702f7
02ef02ef02ef02ef
02e702e702ef02ef
02ef02e702e702e7
02e702e702e702e7
02bf02c702cf02d7
028f029702a702b7
026e027e028f0287
02260246025e025e
0246026e026601ee
020e021e022e0216
0287026e01ee021e
02ff02e702c702b7
029f02df02c702df
02ef02af02df02bf
02e702cf02ff02ff
021e0287029f0287
0236020601d6020e
024e023e021e022e
025e024e024e0246
02760276026e025e
0276027602760276
027e0276027e027e
028702870287027e
0297028f028f028f
028f028f028f028f
028f028f0287028f
02870287028f028f
028f028f028f028f
027e02870287028f
0287028702870287
02ef02ef02ef02ef
02ef02ef02f702f7
02ef02ef02ef02ef
02e702ef02ef02ef
02ef02ef02e702e7
02df02e702e702e7
02b702bf02c702cf
027e028f029702a7
024e0256025e0276
02360246021e0226
023e024e0246022e
0216022e02360226
0297024601be01f6
0317030702f702cf
02ef031f032f0327
030f02ef030f02e7
02ef0317031f0307
02df02df02e7029f
01f6020e021602b7
0236023e021601ee
0256025e024e023e
026e026e0266025e
027e027e027e0276
0287027e027e027e
028f028f028f0287
029f029f02970297
028f02970287028f
028f028f028f028f
028f028702870287
028702870287028f
027e028702870287
027e027e027e027e
02ef02f702f702f7
02e702e702ef02ef
02ef02ef02ef02ef
02e702ef02ef02ef
02ef02ef02ef02e7
02d702df02ef02f7
029f02af02c702c7
026e027e028f029f
014d017d01fe0256
01de019e0196014d
0297026e02660236
026e027e0276028f
02b7024e0206021e
02ff0307030f02ef
031f033f033f0337
0327031f032f031f
0327033f033f0327
02ff02f7030702f7
01d6023e029702d7
0246023e01de018e
025e026602660236
026e025e025e024e
027e027e02760276
028f02870287027e
028f028f02970287
029f029f0297028f
029f029f029f029f
0297029f029f029f
029f029f02970297
029f029f029f0297
029702970297029f
0297028f028f0297
02f702f702ef02ef
02ef02ef02ef02ef
02ef02ef02ef02e7
02e702ef02ef02ef
02e702e702f702e7
02c702c702e702ff
028702af02cf02bf
021e026602970297
006cfffc015d01e6
021e022e01fe0165
02af02870236021e
02bf028702af02d7
02a702870287029f
031f031f02f702bf
033f034f033f0327
032f032f032f0337
0357034f03470347
032f0327033f0357
0276029f02ef032f
021601ce02360266
0256024e0246024e
027e024e02560256
028f0287027e027e
029f029f0297028f
02970297029f029f
02a702a7029f0297
02a702a702a702a7
02a702af02a702a7
02a702a702a702a7
02a702a702a702a7
02a702a702a702af
02970297029702a7
02f702f702ef02ef
02ef02ef02ef02ef
02ef02ef02ef02ef
02e702e702ef02ef
02cf02f702ff02df
02c702bf02cf02cf
029702bf02bf02bf
012d01f6025e0276
00e5000c002c0074
02c702c7027601ee
02bf029702af02bf
02e702df030f02ef
02a7029702c702ef
032f031702df02b7
0357034f03470327
032f034f03570337
0367035f03470347
035703570367036f
02f702ef02ff0337
01d6028702f702ff
0246023601fe020e
02870256024e025e
028f0287027e027e
029f029f029f0297
029f029f029f029f
02a702a7029f029f
02af02af02af02af
02af02a702a702af
02af02a702af02a7
02a702af02af02af
02a702a702af02af
02970297029702a7
02f702f702ef02ef
02ef02e702ef02f7
02ef02ef02ef02ef
02e702e702e702e7
02c702ef02f702e7
02c702df02e702d7
028f02b702a702c7
ffb40024014d022e
0216016d00d5001c
02df02af025e0246
030f030f02ff02ef
0307031f031f0317
02af02df02ff02f7
033f031f02f702bf
035f035703570337
032f035703670357
0367035f0347034f
036f036f0377036f
02cf02ff0327033f
01d602cf030702c7
024e020e01ee01c6
026e0266029f0297
028f0287028f027e
0297029f029f0297
02a702a702a7029f
02af02a702a702a7
02af02af02af02af
02af02af02af02af
02af02a702af02af
02af02af02a702af
02af02af02af02af
029f029f029702a7
02ef02ef02ef02ef
02ef02ef02e702ef
02e702e702e702ef
02e702e702e702e7
02df02df02e702e7
02bf02d702ef02ef
01de023e028f02bf
003cfefbff030095
024e01de01a60115
030f030702df02b7
034f034f033f031f
031f032f03270337
02ef030703070317
0347032f031702bf
0367036703670357
0347035f036f0367
035f034f034f034f
0367035f03670367
02ff031f03370337
024e028702c702ef
020601de0226022e
0266028f026e0246
028f0287028f027e
028f028f02970297
02af02af02a702a7
02af02af02a702a7
02af02af02af02af
02af02b702b702af
02af02a702af02af
02af02af02a702af
02af02af02af02af
029f029f029702a7
02ef02ef02ef02f7
02ef02e702ef02f7
02ef02ef02e702f7
02f702e702e702ef
02e702df02ef02ff
02af02b702c702df
ff0b005c01d6028f
00fd001cfefbfe8b
0297024601f601ae
03570347031f02e7
035f035f0367035f
032f032f03370357
031f030f031f032f
034f033f031f02f7
035f0357035f0357
0347035f035f035f
034f034f034f0347
035f035f035f035f
036703570347033f
028f029702c70337
01ae026e02660276
0266028f02260196
028f0287027e0276
02970297029f0297
02af02af02af02a7
02af02af02af02a7
02af02b702af02af
02af02b702af02af
02af02af02af02af
02af02af02af02af
02af02af02af02af
029f029f029f02af
02f702f702f702f7
02ef02ef02ef02f7
02ef02ef02e702ef
02ef02e702e702ef
02f7030702ff02f7
026e02c702cf02df
fe8bfe6aff63012d
014d00c5006cffdc
031f02d7024e018e
037f035f034f0337
0347035f0377037f
033f033f0347034f
0337032f0337032f
03470347032f032f
035703570357034f
033f035703570357
033f033f03470337
0357034f034f034f
034f0357035f0347
028f02df0327033f
0155020e024e0236
026e024e016d0115
0287027e0266026e
0297029f02970297
02a702a702af02a7
02af02af02a702af
02af02b702af02af
02af02b702b702af
02af02af02af02b7
02af02a702af02b7
02af02af02af02af
029f029f029f02af
02f702f702ef02f7
02ef02e702ef02f7
02ef02ef02e702ef
02df02e702ef02ef
02f7030702f702d7
00e5024602cf02df
ff8cfecbfdeafec3
01be0135010d008d
035f033702c7024e
039003770367036f
034f035703670377
0337033f0347034f
0337033f032f0327
0347034703370337
035f0357034f033f
033703470347035f
0347033f033f0337
034f0347033f034f
0347032f033f0337
02e7032f03470347
017501a601de025e
025601d601e601c6
027e026e025e0276
029f02970297028f
02af02af02af02a7
02a702af02af02af
02af02af02af02af
02af02af02b702af
02b702b702af02b7
02af02b702b702b7
02af02af02a702af
029f029f029f02af
02f702f702ef02f7
02ef02e702ef02f7
02e702ef02e702ef
02df02e702e702e7
02c702e702ef02df
fe4a009d025602b7
0024ff63fed3fdfa
021e014d012500d5
0357034f032f02df
035f035f03570357
0347034f034f0357
032f03470357034f
033f033f0327031f
0347034703370337
034703370347033f
032f0337034f0357
0347033f032f032f
033f034703470347
0347030f032f032f
0337034f035f035f
0236027602c70307
01de01de026e023e
0276025e025e0236
0297029702970287
02af02af02a7029f
02af02af02af02af
02af02af02af02af
02af02af02b702af
02b702b702b702af
02af02af02af02b7
02af02af02af02b7
029f029f029f02a7
02f702f702ef02ef
02ef02e702e702ef
02e702e702e702e7
02ef02f702e702e7
02bf02e702ef02df
fddafe2a005c022e
00bd0044ffb4fedb
029701d601450085
0347034f03470327
035703470347033f
0347034f034f034f
032f033f034f0347
03370337032f032f
033f033703370337
03470347034f0347
033f033703470347
03370337032f032f
0327033f033f0337
033f032f0337032f
0347034f0347034f
026602ff033f034f
01fe022e024e022e
02660266025601be
028702a7029f0276
02af02a702a7029f
02af02af02af02af
02bf02b702af02af
02af02af02af02bf
02b702b702af02af
02af02af02af02af
02af02af02af02af
0297029f02a702a7
02ef02ef02ef02e7
02e702e702df02e7
02df02e702e702ef
02ef02f702df02e7
025e02f702ef02e7
feb3fe42fe6a005c
012d00f5005cff9c
02df026601e60165
033f033f034f0337
034f03370337033f
033f033f03470357
033f033f033f0337
033f032f032f032f
033703370337033f
033f03470347033f
033f0337033f033f
032703270327032f
031f031703270327
03470337032f032f
03370337032f0337
02e7031f032f033f
00fd01f601c601f6
026e023e0186007c
0287029f0297026e
02a702a702a7029f
02a702af02af02a7
02bf02af02af02af
02af02af02af02bf
02af02af02af02af
02a702a702a702a7
02a702af02a702a7
0297029f02a702a7
02ef02ef02ef02e7
02ef02ef02e702ef
02e702e702ef02ef
02ef02ef02e702e7
0115029f02ef02e7
ffecfeebfe32fec3
017d013500ed0085
030f02cf026601e6
033f033703470347
03270327032f0337
033703370337032f
033f0337032f0327
033f0337031f0327
033f033703370337
0337033f0337033f
033f032f03370337
031f0327031f0327
031703170317031f
032f0327031f031f
0327032f0327032f
03070317030f0317
ffbc00fd01be02af
025e016dffacfed3
0297029702760276
029f02a702a7029f
02af02af02a702a7
02bf02af02a702af
02af02af02af02bf
02af02b702af02af
02a702a702af02af
02a702af02a702a7
029702a702a702a7
02ef02ef02e702e7
02e702e702ef02ef
02e702e702e702e7
02ef02ef02df02ef
ffcc019e028f02df
00b5ffbcfe6afe9b
01fe01be01a60165
031702d7028f022e
032f032703370337
030f0307030f031f
03270337032f0327
031f032f0327031f
032f032f0317031f
03270327032f032f
033f033f0337032f
03370327032f0337
031f031f031f0327
03170317030f0317
030f030f030f0317
031f031f0317030f
03070317031f0317
ff63007c026602f7
018efffcff4bff2b
028f027602760266
029f029f029f029f
02af02a702af02a7
02bf02af02af02af
02af02af02af02bf
02af02af02b702af
02a702a702af02af
02a702af02af02af
028f029702a702a7
02ef02ef02ef02e7
02e702e702ef02ef
02e702e702e702e7
02e702ef02df02ef
fe5200b5022602cf
00a5ffa4fe72fdfa
021601c601be017d
031702ef02b7026e
0317031f032f0327
030f02ef02ff0317
03170327031f031f
0317031f031f0317
0327032703270317
032703270327032f
033f032f03270327
0337032f032f033f
031f03170317031f
02ff030f03170317
030702f702ff02ff
030f030f030f030f
0307031f0327031f
009501de02d702ff
0085ff6bffdc0054
028f026e026e020e
029f029f0297029f
02a702a702af02a7
02bf02af02af02af
02b702af02af02bf
02af02af02af02a7
02af02af02af02af
02a702a702af02af
028f029702a702a7
02e702ef02e702e7
02e702ef02ef02ef
02ef02ef02ef02ef
02f702f702e702e7
fe22fee3013502a7
018600b5ff94ff0b
02560226020e01de
031702ff02bf028f
03070307031f031f
0317030702f70307
030f030f030f030f
031f030f031f0317
031f031f0317031f
031f03270327031f
032f0327032f0327
032f03370337032f
031f031f031f031f
02ef02f702ff030f
02ef02ef02f702e7
030702ff02ff0307
030f031703170317
018602af02c702ef
ffdcff9c005400cd
029f0266022600ed
029f029f0297029f
02af029f02a7029f
02bf02af02af02af
02b702af02af02bf
02b702b702b702af
02af02af02af02b7
02a702a702af02af
028f029f02af02af
02e702ef02e702df
02e702ef02e702e7
02ef02ef02ef02e7
02df02f702e702e7
ff94ffe4007c022e
016500e5ffd4ff6b
02bf029f023e01d6
0317030f02e702d7
02ff02ff03070307
0307030702f702ff
030702ff02e702ef
031f03170317030f
031f031703170317
0307030f0317031f
03270327032f031f
032f032f0327032f
0317031f031f0327
02e702d702ff030f
02ef02ef02ef02ef
030702ef02ef02ef
0307030f030f0317
026e02bf02c702df
ff4bffa4007c017d
0287024600f5ff94
029f0297028f028f
02a702a7029f029f
02c702af02af02af
02af02af02b702bf
02b702af02af02af
02a702af02af02b7
02af02af02af02a7
029702a7029f02a7
02ef02ef02ef02e7
02e702e702e702ef
02e702e702e702ef
029f02ef02e702df
feebfdfafeab0125
01b600fdfff4ffbc
02ff02df027e022e
030f031702ff0307
02e702f702f702f7
02ff02ff02f702ef
02f702ef02df02d7
0307030f030f02f7
031f030f030f0307
0317030f03170327
031f032703270327
0327032703170327
030f031703170317
02df02d702f70307
02ef02ef02e702e7
02ff02ef02e702df
02e702ff03170307
02af02b702cf02df
ffdc009d011d020e
0266014dff43fedb
0297028702870287
02af02af02af02a7
02bf02af02af02af
02b702af02bf02c7
02b702b702b702af
02af02af02af02b7
02af02af02af02a7
029f02a7029f02af
02ef02ef02ef02ef
02e702e702e702ef
02e702e702ef02ef
023602df02f702df
ff7bfe8bfe8bffc4
01b6011d006cfff4
02ef02c70297022e
02f7030703070307
02df02df02ef02f7
02ff02ef02d702d7
02ef02ef02e702ef
0317030f030702ff
030f030702ff0307
0327032703270327
031f032f032f0327
0317031f030f0307
031f0327030f0307
02d702c702df0307
02ef02e702d702e7
02ef02f702f702ef
02f702f702f702ef
02a702af02cf02ef
0105018e02060297
02360064ff43ffbc
029702760276027e
02a702b702af02af
02b702af02af02af
02b702af02b702bf
02b702b702b702b7
02af02a702af02bf
02af02a702af02a7
029f029f029f02a7
02ef02ef02ef02ef
02e702e702ef02ef
02ef02df02e702e7
017d02bf02ff02d7
fefbfef3fe8bff3b
0206015d006cffac
02df02c702760246
02f702ff030702e7
02cf02df02ef02ff
02e702df02bf02af
02ef02df02e702f7
0317030f02f702f7
0317030f03070307
031f03170327031f
0327033703270327
0317031f03070307
0317032703070307
02df02bf02cf02f7
02ef02d702d702e7
02ef02ef02ef02ef
02f702f702df02df
029f029f02d702ef
017501d6029702b7
018efff4004400ed
028f028f028f026e
02af02a70297028f
02b702af02af02af
02af02b702bf02b7
02bf02bf02bf02bf
02af02a702b702bf
02a702a702af02af
02a702a702a702a7
02ef02e702ef02f7
02ef02ef02ef02ef
02ef02e702e702e7
0054022e02e702d7
ff8cffacfeebff73
0246012d003cffb4
02e702d702bf02a7
02e702f702ff02ef
02bf02d702e702e7
02cf02d702c702b7
02df02cf02cf02cf
0307030702ef02df
031703170317030f
030f0317031f0327
0327033703270317
03170317030f030f
030f0317030702ff
02cf02bf02c702f7
02ef02df02df02df
02df02e702e702ef
02df02e702d702bf
028f029702cf02df
019e022602cf029f
0125007c00e5014d
028702970287024e
02af02970297027e
02b702b702b702b7
02c702bf02b702b7
02bf02b702bf02bf
02af02af02b702bf
02af02b702b702af
02af02b702b702b7
02ef02ef02ef02ef
02ef02ef02ef02ef
02e702e702ef02ef
ff6300ed02a702df
fee3fea3ff8cffc4
025e01fe0135ffe4
02e702ef02e702df
02f702ff02ff02ef
02af02a702bf02e7
02b702bf02b702b7
02af02af02b702bf
030702ff02e702c7
0317030f031702ff
0317031f0327031f
03270327031f0307
030f0317030f031f
0307030702ff02f7
02d702bf02c702ef
02ef02e702ef02e7
02d702df02e702ef
02bf02cf02cf02cf
027e02a702bf02cf
026e029f02c7029f
000c005401960216
028f0287026e01e6
02af02af02af028f
02bf02b702b702af
02c702c702c702bf
02bf02bf02bf02bf
02af02b702bf02c7
02af02b702af02a7
02af02af02b702b7
02ef02e702ef02ef
02ef02ef02f702f7
02e702e702f702ff
0085008d022e02e7
ff23fe8bfebbffdc
02a7024e01a60064
02d702e702ef02d7
02f702ff02ff02e7
02a70297029702c7
02a702a702a7029f
02af02a70297029f
02ff02ef02df02bf
0317030f030f0307
030f031f0327031f
030f03170317030f
030f0317030f030f
02f7030702f702ef
02df02d702cf02d7
02df02df02d702df
02c702c702d702df
02bf02cf02cf02cf
027e029f02bf02c7
02a702af02b7029f
002c015d020e025e
0276027e024e013d
02af02bf02bf028f
02bf02bf02bf02b7
02c702bf02bf02bf
02c702bf02c702c7
02af02af02bf02c7
02af02b702b702b7
02b702b702b702b7
02ef02ef02ef02f7
02ef02ef02ef02ef
02ef02ef02ef02f7
014d0014015502b7
0014fe9bfe020004
02e702970236011d
02bf02df02ef02ef
02cf02df02df02b7
029f0287028f029f
02a7029f029f0297
02b7029f029702af
02f702e702d702c7
030f0307030702ff
031f030f030f0317
03070307030f0317
02d702ff030f0307
02ff030702ef02df
02e702ef02d702df
02df02df02d702d7
02cf02c702cf02d7
02b702cf02d702cf
0287029702af02bf
02cf02970297028f
01a6018e022e02af
02660287021601be
02bf02bf02b70287
02c702bf02bf02b7
02c702c702c702c7
02c702bf02c702c7
02b702b702bf02c7
02b702b702b702b7
02b702b702bf02bf
02ef02ef02ef02ef
02e702ef02f702ef
02ef02ef02e702ef
00adffcc0044022e
00a5fff4002c015d
02af023e011d00ad
029702af02d702cf
02a702a702af02a7
028f028f02970297
029f028f02870287
02c702a7028f02a7
02f702e702df02d7
030f02ff02f702f7
031f030f030f030f
02f702f7030f031f
02d702e702ef02ff
02f702ff02ef02df
02ef02d702c702d7
02df02df02df02ef
02b702bf02c702d7
02bf02cf02cf02af
027e0297029f02a7
02b70287027e027e
024e026602af02bf
02760276021e0216
02b702a702af0287
02c702bf02bf02b7
02cf02cf02cf02c7
02cf02c702c702c7
02bf02b702bf02bf
02bf02b702b702b7
02b702b702bf02bf
02ef02ef02e702e7
02ef02ef02f702f7
02d702ef02df02e7
ffdcff84ffdc016d
ffcc002c003c002c
0297023e0175ffe4
028f0287029f02af
027e0276027e028f
0266027602870287
0287027e026e025e
02b702a7028f028f
02df02d702cf02bf
02ff02df02c702bf
030f030f03070307
02f702ff030f030f
02e702ef02ef02ef
02e702ef02df02e7
02d702c702bf02cf
02d702cf02cf02d7
02a702af02bf02cf
029f02bf02af029f
0287028f0287029f
02af027e02760297
01be01de028f02c7
0287024e018601be
02a7029702970297
02bf02bf02bf02b7
02cf02cf02cf02c7
02c702cf02cf02c7
02b702bf02c702cf
02bf02bf02bf02b7
02b702b702bf02c7
02ef02ef02e702e7
02f702ef02ef02e7
02af02ff02df02ef
0044ffa4ff7300e5
ff9cfe6afe6aff5b
0297026e0216012d
028702760276027e
022e02260236027e
0236021e023e0246
0256026e026e0256
028f027e0266025e
02970287029f029f
02e702d702b702af
02f702ff02e702df
0307030702ef02ef
02d702ef02f702ef
02cf02b702b702bf
02b702b702b702c7
02c702c702cf02c7
0287029702a702bf
026e028702870287
0276027e026e0276
0297024e02360266
00f501e6029702c7
029f022e00d50095
02af02a7028f0297
02c702c702bf02b7
02cf02c702c702cf
02c702cf02cf02cf
02b702bf02bf02bf
02bf02bf02bf02bf
02bf02bf02c702c7
02ef02ef02ef02e7
02f702ef02ef02ef
029702f702df02ff
feebfebbff6b00dd
00fdff94ff13fecb
02970256020601a6
0287028f027e0287
020e020e02160266
022e01f602160216
02460266027e0266
0256026e0266024e
025e022e022e0246
029f029f0287026e
02e702e702cf02bf
02ff02ef02df02df
02af02cf02df02e7
02af0297028f029f
029f02a702a702af
02a702b702c702bf
02460266028702a7
02560256025e024e
0266026602760266
027e023e02360256
01de026e02b702bf
029701f6009500ed
02a7029f028f029f
02c702c702bf02b7
02cf02c702c702c7
02c702cf02cf02cf
02bf02bf02bf02bf
02bf02bf02c702bf
02c702c702c702c7
02ef02e702e702e7
02f702ef02ef02ef
026e02df02e702ff
ff9400740074011d
015d0024fefbfe6a
02af024e01de018e
027e0287029702a7
01fe02260236025e
022e01ee020601f6
023e02660287026e
023e023e02360216
01fe01d601e60216
0287025e023e020e
02bf02bf02970297
02cf02bf02af02a7
027e0297029702bf
02af029f02760276
026e027e029f02b7
028f02b702bf029f
0206023602560266
01fe0206021e020e
0266026e025e023e
027e023e022e024e
023e028f02bf02af
027601e6018e01c6
029f028f028f0297
02b702b702af02a7
02bf02bf02bf02b7
02c702cf02cf02cf
02bf02bf02bf02c7
02bf02bf02c702c7
02bf02bf02c702bf
02e702e702e702e7
02f702f702f702ef
01de02c702f702f7
ff6b002c002cfff4
011d00adffdcff9c
02bf026e02160155
0266028702a702af
01ee022e02460256
0216020601f601de
0246025e026e0256
01fe01de01ee01f6
016d015d019e01ee
027e023e01f60196
02a702970276028f
027e026e025e0287
023e024602460266
02a7027e024e0236
0246025602a702b7
027e02a702af02a7
01de01fe02260236
01d601e601ee01e6
0266026e023e0216
0276024602360246
022e028702af02a7
025e0175012d01be
02a7028f0297029f
02b702b702af02af
02bf02bf02b702b7
02c702c702c702bf
02bf02bf02c702c7
02bf02bf02bf02c7
02b702bf02c702bf
02ef02ef02e702e7
02ef02f702ef02ef
008d02af030702f7
ff23ff0bff03fea3
015d00d5005cffdc
02bf027e020601a6
0246027602a702c7
01ce0216023e0246
021601ee01be01be
02560256024e022e
01a601a601c601fe
01450115016d0196
024e020e01be0186
02760256025e026e
0246024e02560287
026602560236021e
0287026e0246024e
022e023e02870297
025e026e029f029f
019601ae01ee021e
020601f601d601a6
02660266023e0216
026e0246022e024e
022e028702a7028f
023e012d013501ae
02a70297029f029f
02bf02b702b702af
02c702c702bf02bf
02bf02bf02c702c7
02bf02c702c702c7
02c702c702bf02c7
02c702c702bf02c7
02f702ef02e702e7
02e702ef02ef02f7
ffbc0287030f02f7
fff4ff9cff53feab
017d013500bd002c
02af026e021e01be
02460276029f02bf
01c601fe0226024e
020601de01a6019e
0246024602260206
0196019e01ce01f6
01de01ce01d6019e
020601ce01f601f6
026e024602460236
0266026602660276
0287026e025e0256
02760287028f02af
0266024e0256025e
02460256027e028f
0175018e01de0206
01ee01ee01c6018e
0246024e02260206
026602360226023e
023e0287028f027e
02060034007c01ae
02a7029f029f028f
02bf02b702bf02b7
02c702c702bf02bf
02c702c702c702c7
02c702bf02c702c7
02c702cf02bf02c7
02c702bf02bf02c7
02f702ef02e702ef
02ef02f702ef02f7
ff43025602ff02f7
ffbcffacffacfe93
008dffe4ffbcffe4
0276021601ae015d
023e02560287028f
01b601f602360256
01fe01e601b6018e
0226021e020e0206
023e020e01f60206
027e0287027e0266
021e022e024e0266
025e026e0246020e
0256026e025e023e
02660276026e0246
0236026602a70297
025602260216021e
029702a7029f028f
018601de023e0266
01fe020601f601be
022e023e0206020e
0266022e021e021e
023e026e026e0276
01be008500e501ae
02af02a7029f027e
02bf02b702b702b7
02c702c702bf02bf
02c702c702c702c7
02c702c702c702c7
02bf02c702c702c7
02c702c702c702c7
02f702f702ef02ef
02f702f702ef02f7
ff5b025e02f702f7
ffb4ff1bff23fef3
000cffccff73ff8c
023e01d6019e0175
0226023e026e027e
01de022e0236022e
020e01ee01ce01be
022601f6020e020e
027e0256024e0236
02af02b702b7028f
023602660287029f
0246025602460216
0256025602660246
027e02870287025e
022e025602870287
026e0226021e021e
02a702bf02cf02bf
01ee020602560276
01fe0216021e020e
020602160206020e
0256022e021601ee
020e0236025e0276
0155004c00850145
02a702a70297026e
02bf02b702b702af
02c702c702bf02bf
02c702c702c702bf
02c702bf02c702c7
02bf02c702c702c7
02c702c702c702c7
02f702f702f702ff
02f702ef02ef02ef
0085025e02ef02ff
ffc4003cfff4ff84
0054ff63fe93febb
020601ae017d0155
01f601f6023e024e
01de022e02460226
020e01ee01d601d6
024e023e024e0236
0246022e0256024e
0266027e025e0256
025e027602660256
026e02460236022e
028f028f0276026e
02660266027e027e
0266029702a70297
028f02460246025e
028f02b702d702c7
01ee01ee021e0246
01f60216021e0206
01c601e601f601fe
02660226020601ce
01ee0236025e026e
013dff84002c00f5
029f02a7029f0266
02b702b702af02af
02bf02c702c702bf
02cf02cf02c702cf
02c702c702cf02cf
02bf02c702c702c7
02c702c702c702c7
02ff02f702f702f7
02f702ff02f702f7
004c024e02ef02f7
ff9c008dff3bfe32
000cff8cff0bff43
020601a6016500e5
020e01de0226023e
01d6022e024e0246
021e01de01e601be
02260236021e022e
021e023e0256022e
0226023e021e021e
0287025e022e021e
029f028f02760276
028f028f0297029f
024e022e026e028f
029f02a70297027e
02af026e02660287
0246026e027e029f
01b6019601ce01fe
01fe021e023e021e
01e6020601f601e6
02360226021601fe
01de02260256024e
00ddffd40074012d
02a702b70297023e
02bf02bf02b702af
02c702c702c702bf
02cf02cf02c702c7
02c702cf02cf02cf
02c702c702c702c7
02c702c702c702c7
02f702f702ef02f7
02ff02ff02f702f7
fe6a017d02b702ef
ff94ff9cfe3afcb9
002cff73ff03ff63
022601be0155012d
021e01fe01fe0236
01d6021602360236
021e01fe01f601ce
01ee01ee01f6020e
022602460246021e
020e022602160216
02970256021e0206
028f02a702af02af
028f029f02970287
024e0216026e029f
02bf02af029f028f
02a70297029702af
019e01c601ee0256
01b601450155019e
01fe0226024e022e
021e021601ee01ee
020e023e023e0226
020602260246022e
0014ff43009501a6
029f02b702a7022e
02bf02bf02b702a7
02c702c702c702bf
02cf02c702c702c7
02cf02cf02c702cf
02c702c702c702c7
02c702c702bf02c7
02f702f702ef02f7
030702ff02ff02f7
fdca0044022e02cf
ff13fff4ff2bfd59
ffd4fecbfdeafe7a
01de019e013d00dd
0216020601f601fe
01b601e60226021e
01ee01f6021601ee
020601ee01ee01ee
023e025e0256023e
02260216021e0246
024e021e023e022e
02a702a70287026e
02a702b7029f028f
02870276028f029f
02b702b702b7029f
02af02cf02c702bf
020601f602360276
01c601be01be01fe
01f60216023e021e
023e0236020e01e6
020e022e02260226
02360236022e0216
003cffdc00e501ee
02bf02bf02af023e
02bf02bf02b702b7
02c702cf02c702bf
02cf02c702c702c7
02c702c702cf02cf
02c702c702c702c7
02c702c702c702c7
02ff02ff02f702ef
02ef02ff02ff02f7
fdd2ffc401a6028f
002400a5ffc4fd82
007cff73fe32febb
021e01d6012d0105
01ee020e01fe020e
01be01de021e020e
01be01c601ee01f6
021e020e01f601e6
0266025e02560236
0266024e024e025e
022e0246024e025e
02a702a70276024e
02a702af02b702b7
02660297029f0297
02bf02af02b70287
02bf02cf02cf02c7
027e0297028f02a7
01ce01e6022e025e
020e0216021e01fe
02460246021601fe
01fe01fe01ee01f6
022e021601fe01fe
00240074017d021e
02b7029f02a7022e
02bf02bf02c702e7
02c702cf02c702c7
02cf02c702cf02cf
02cf02c702cf02cf
02c702c702c702c7
02c702bf02c702c7
02f702ff02f702ef
02b702f702f702f7
fe1200040135024e
ff230014001cfd51
ffccff13fe6afec3
021e01ee019e00dd
02060236023e022e
01e601f602160216
01de01be01be01f6
02260226022601fe
028f027e024e0226
025e026e026e0276
025602660256025e
028f029702760266
02b7029f02870287
026e028f02af02af
02bf02bf02a70297
02af02bf02c702b7
027e02a702b702af
019e019e01f6025e
021e020601fe01e6
0236024602360226
01f601de01ce01ee
021601f601e601ee
00a5007c010501ee
02a7029f028701de
02bf02bf02d702cf
02cf02cf02c702c7
02cf02c702cf02cf
02cf02c702cf02cf
02c702c702c702cf
02c702bf02c702bf
02f702f702ff02ef
027e02e702f702f7
fe0200d5015d01c6
fe93febbffbcfd82
008d000cfee3fe6a
01de016d00fd0085
022e022602260226
01ee020e0226021e
01be01de01de01c6
0226023e023601f6
028702660246022e
0256027e02870287
023e025602360246
028f025e023e0246
029f029f02a7029f
0276029f02a702a7
02af02c702af027e
028f029f02bf02af
0256029702a70297
0135013501960226
022e01fe01e601ae
021e0236023e0246
01ee01c6019601d6
01fe01de01d601e6
ffec0034015d01be
02af029f024600bd
02c702bf02d702b7
02c702cf02cf02c7
02cf02cf02cf02cf
02cf02cf02c702cf
02c702c702c702cf
02c702c702c702c7
02ff02f702f702f7
021e02d702ef02ff
fd5900b501860125
fe9bff84fec3fd21
0034ffacfecbfe5a
01ee0175009d0044
0226022602260226
01de01ee01ee0206
01ce01ce01ce01c6
0236024e024601fe
028f025e02360236
028f02af02b702af
0226024e0256027e
025e021e01f601fe
027602660276026e
025602760287028f
02a702a7027e026e
027e028f02a702a7
022e026602870287
010500ed013501be
020e01d601be018e
02160226022e023e
01de01b60155019e
01fe01c601be01c6
0064007400f501c6
02a702b7021e0004
02c702bf02d70297
02cf02c702c702c7
02cf02cf02cf02cf
02cf02cf02c702cf
02c702c702c702c7
02c702c702c702c7
030702ef02ef02f7
019e02a702e702ef
fd29ff0301860196
ff13ff13fe3afd49
010d0044fedbfe8b
01b6014d00c50085
01f601fe01d601d6
01be01ce01c601c6
01e601be01b601c6
021e023602360206
02af02870256022e
02e702df02cf02bf
022e027e02af02c7
0206020601fe020e
023e023e023e0226
020e022e02560276
027e0276024e0236
02560266027e026e
0206024e0276027e
01a6017d01650196
01ee01e6021e021e
022e022e022e021e
01d601ae018601d6
01a6018e019e01ae
ff8cff9400ed0186
028f02af021e003c
02cf02bf02bf027e
02d702cf02c702c7
02cf02cf02cf02cf
02c702c702c702cf
02cf02c702c702c7
02d702d702d702c7
030702f702ef02ff
011d01ce02c702ef
fe4afe8b015501d6
fe93fe42fe3afe1a
004cff3bfeebfebb
01c60196014d00c5
01c601de01e601de
019601b601c601a6
01b601ae01ce01b6
024e023e020601e6
0246023e02360236
02970256022e021e
020e027e02b702c7
01de01e601b601be
0216020e01ce01ae
019e01e602060226
0226021e021601e6
0236024e024e0246
022e023e024e023e
02af027602560226
02360266029f02bf
025e0266024e023e
01c601ae01de020e
0186018e01a601c6
ff3b0014008d0135
02870266016dff53
02c702b702b70276
02cf02cf02cf02cf
02cf02cf02cf02c7
02cf02c702cf02cf
02c702c702cf02c7
02d702d702cf02cf
030f02ef02ef0317
006c00ad027e02ff
fe1aff1b00ed0186
fe42feb3fe12fe0a
ffa4ff13fe8bfe5a
01a6015d0115003c
01a601c601ee01ce
017d018e01a601ae
0175019601ae019e
02b7023e01ce019e
0135019601f6027e
01ce014d00dd00d5
013d01be02060206
00c5009d008500b5
01de01b6012d00fd
0125016501be01de
01de01f601f601a6
01c601de01ce01de
01f601ee01ee01ee
02cf02af0276020e
02260256028f02b7
024e024602260226
01b601c601fe0236
018e018e01a601b6
ff5b0054006c0115
01de019e00adff2b
02d702bf029f0216
02cf02cf02cf02cf
02c702cf02cf02cf
02cf02c702cf02cf
02c702c702c702cf
02d702c702c702c7
030f02e702ef0307
0054005c02160307
fe62ff6300cd00cd
fe7afec3fe3afecb
000c0014ff53fe5a
0196013500a50054
01be01b601de01be
0165016d018e01ce
0145016501550165
026601f60165012d
005c0115019e022e
0074ffdcff84ffc4
ffcc001c008d00b5
ffc4ff84ffc40044
0165014500bdffd4
009d00bd01250175
018e01ae015d012d
013d012501150165
016d017d019e018e
02660266021e01c6
018e018e01a60216
01fe01e601be019e
017d019601d60216
0186019e01960186
ffa4003400ad013d
015d00bd006cff2b
02cf02b702970216
02cf02c702c702c7
02c702c702c702c7
02c702c702c702cf
02cf02c702c702c7
02c702cf02c702cf
030702df02f702ff
00fd00cd017d02c7
fff4000400bd00a5
fef3fe7afde2ff4b
005cffe4ff9cff53
019e016d013500c5
01de01ce01b60196
0165016d019e01ee
00cd0125013d0155
019600ed0064007c
002c00c5017d01d6
ff33ff0bff03ffa4
fe8bfe93feb3fefb
ff3bfebbff73ffbc
00ed00ed0064ff53
0024004c00ad00fd
0115013d00e5009d
00ad006c007400c5
0064008d00f500f5
01750196012500a5
011500a5009500fd
01ce01a6015d0125
010d0105016d01de
0175018e01750155
ffd40064006400f5
02460155002cff33
02c702af029f0276
02c702bf02bf02bf
02c702c702cf02c7
02c702c702cf02cf
02c702c702c702c7
02c702c702c702c7
030702f702f702ff
0095015501550297
0034fec3ff6b008d
fef3fed3fe12ff6b
010500c5005cff9c
01960186016d0135
020e01e601ae0186
014d017501b60206
002400a500f5013d
00b50034ff9cff84
ffe4007c00a50085
fe83ff43ff84ff6b
fd82fdfafe22fe22
fe7afebbfe6afe5a
008d007cffbcfedb
ffbcffccfffc0064
008d00ad00a5004c
ffdcff9cffc40014
ff0bff63ff94ffb4
000c0014000cff73
0105000cff73ff9c
01de01e601c60175
0095008500fd019e
0186017501550125
007400b500ad010d
022e01ae0024ffcc
02c702af02af0287
02c702c702c702c7
02c702c702cf02c7
02cf02bf02c702cf
02c702c702cf02df
02c702c702c702bf
02f702f7030702ff
000c01150145029f
0004fe72ff0bff7b
ff5bfea3ff5b000c
015d015d00a5ffa4
017d017d01750155
020601de01c60196
012d016d01a601f6
ff63000c008500f5
ffb4ff33ff03ff13
ff3b00540074001c
fe83ff53ffacff03
fd59fd92fdfafe3a
fee3fec3fe3afd92
ffa4ff94ff23fec3
ff4bff23ff4bff94
ffdc00240024ffdc
fef3fed3fee3ff53
fe02fe22fe8bfeab
fe8bfea3fe5afe22
00c5ffacfebbfe5a
01e601fe01d60175
0034002c00bd017d
01750155013d00dd
007400f500dd0135
024e01e60044ffd4
02cf02b7027e0236
02c702cf02c702c7
02bf02c702cf02c7
02c702c702cf02c7
02c702c702d702d7
02c702c702bf02c7
02f702ef030702ff
01ee01ce025602f7
003c014502160226
fedbfe42ff3bfff4
017d015d006cff73
019e01ce01fe01be
01d601d601de01b6
00fd0155018601b6
fef3ffc4001c0095
fe62fe22fe4afe5a
ff43ffd4ff7bff0b
ff13ff5bff23fecb
fea3fe72fea3fefb
fe93fe72fe42fe22
fecbfecbfed3feb3
fe8bfe4afe8bfebb
fe3afeabff0bfed3
fe32fdd2fdeafe42
fd82fd92fdd2fe2a
fd09fce1fcc1fcd9
005cff63fe42fd79
0155016d013500f5
ffa4ffa4000400a5
0175014d01150064
00bd011d0125015d
02d702160044ffec
02cf029f02660287
02c702c702c702cf
02bf02c702c702c7
02c702c702c702bf
02cf02cf02d702cf
02c702c702c702c7
02ff02f702f70307
023e02a7029f02e7
00a5021e023e0216
ffd4000c0004ffc4
0175010d012d0054
01de01f6022e0206
019601c601de01de
00d5011d013d0165
fd41fe0afef3001c
fe7afd8afd09fce9
ff53ffa4ff63fefb
ff3bff4bff23feeb
fecbfeb3fecbff13
fe62fe7afe9bfed3
fe22fe3afe6afe7a
ff2bfe8bfdeafdf2
fe7aff03ff2bff2b
fd01fca1fce9fde2
fd41fd41fd11fd09
fd79fd41fd21fce9
ff23ff1bfe5afda2
ff53ff94ff63ff53
ff3bfecbff23ff43
017d014d00f5003c
00cd014d014d017d
024e018e0014ffcc
02b702bf026e0276
02b702c702cf02b7
02c702c702c702c7
02d702d702c702bf
02d702d702cf02d7
02c702c702c702c7
0307030702ff02f7
015d024e029702bf
00d5018e012d00ed
002cff9cffac0004
01e6013d013500f5
01d601de02160226
0165019e01de01de
009d00e5010d013d
fd19fd51fe12ffb4
fe93fe02fd39fcd1
fe22fe12fe22fe5a
fd71fd92fd82fdba
fdbafd59fce9fd21
fec3fecbfe6afdea
fddafe0afe62fe9b
010d0034fedbfdfa
015501be01ae016d
fc40fcc9febb0074
fd71fd82fd71fcd9
fd71fd29fcf9fd29
fecbfec3fe52fdda
fe8bfe5afe93fec3
ff23fe8bfe7afea3
017d014d00ed0034
00dd015d0155016d
011d010500240024
02bf02bf025601ee
02b702c702bf02af
02c702c702cf02c7
02df02d702c702c7
02d702d702d702d7
02c702bf02c702c7
02e702ff02ff0307
fe5200f5028702af
ffd4feebfe02fd92
0074ff53ff3bffe4
020e016500c50115
01b601d601fe0206
012d017d01ce01ce
0085009500cd0115
fcf9fd49fe1affb4
fe2afdf2fd59fcf1
fcb1fcf9fd01fd92
fc30fc30fc28fc60
fcd9fd41fcd9fc28
fdc2fd59fd01fcb9
fe12fdf2fe5afe7a
021e0155fff4fe93
028702bf02bf028f
fc89fe2a009501e6
fc91fc78fca9fcc1
fcc9fc38fc28fc99
fcc9fc81fc60fc70
fdaafd49fd09fd09
ff5bfe5afe5afde2
017d015500fd006c
0115018e0186015d
0004000c0034003c
02c702af026601d6
02cf02d702bf02b7
02c702cf02cf02c7
02df02d702cf02c7
02cf02df02df02df
02c702c702c702c7
02ef02f702f70307
fdba005c026602bf
fddafd19fd8afd82
003cff5bfefbffac
022e01ee010500f5
019e01c601f6020e
0125016501b601b6
0044006c00cd0105
fcd9fcd9fe02ff9c
fd69fe2afdb2fd19
fcc1fc99fc91fc99
fc58fc38fc30fc30
fe22ff5bfeb3fc89
fd71fd49fca9fcd1
fe1afd39fd79fdc2
0236017d0054ff23
02b702e702df029f
fc78febb01250256
fd41fc78fcc9fcd9
fc68fc20fc91fe22
fcd1fcf1fc30fc20
fc91fc30fc38fcd9
ff94fdc2fd41fd39
019e018e010d009d
015d01d6019e015d
0024ff0bffb40074
02bf02af02a701f6
02cf02e702c702bf
02c702cf02cf02cf
02df02d702d702c7
02cf02d702df02df
02c702c702c702c7
02ff02ff02ef02df
fe7a00bd020e02d7
fd21fd61fdfafdfa
ffccff5bfe5afe6a
025e024e015d008d
019e01b601ee023e
011d015d019601be
00b5011d01250125
fddafe52fef3ffec
fcb1fdeafe3afdc2
fe32fd71fc30fc40
fd69fd92fc60fd11
ff8c0074001cfe02
fcf1fcc1fc60fdaa
fe22fca9fdcafdaa
022e018e0095ff94
02bf02f702f702af
fcc1fef3016d027e
fe42fc78fc58fca1
fc78fc81fdc2ff43
fe22fe12fc70fc00
fc38fc10fc68fe42
000cfea3fd92fd09
019e01ae016d00f5
01d601ee0196016d
00e5ff0bfefb00dd
02bf02b702bf0246
02d702e702cf02cf
02c702c702c702cf
02df02d702cf02cf
02cf02d702df02d7
02c702c702c702c7
02f702f702f702ef
ff03003c0115027e
fd09fd79fdeafe3a
000cffb4feabfe22
025e0236017d003c
01a601c601e60246
010d0145016d01a6
0125014d01550135
fe83fee3ffac008d
fd8afdeafe93fe8b
fe4afd71fd29fd21
fffcff5bfe52fecb
002c00b500c5008d
fd59fd31fd51fe93
fe3afd19fdbafd92
0226019e009dffcc
02b702f70307029f
fce1ff6b01a6028f
fd82fc68fc68fc48
fd79fe52ff5bfeeb
fe5afeabfdc2fd01
fc48fc70fca1fdb2
ffccfe7afd71fd11
018e018e016d00c5
01de01f6019e017d
017dff8cfec300fd
02c702b702970236
02cf02cf02bf02cf
02cf02c702c702c7
02d702d702cf02cf
02d702df02df02d7
02c702c702c702c7
02ef030702ef02ff
ffc4ff03fecb01ee
fcb1fd82fdfafe9b
ffecff7bfec3fd92
027e02460186009d
017d01ae0206026e
010d0115012d0155
017d018601750145
ffc4ffcc002400f5
ff2bff03ff53ffbc
ff13fecbfecbfeeb
013500d50014ff7b
00bd00fd00fd00ed
ff6bff6bff8c0054
ff2bfe8bfe9bfefb
024601a600adffbc
02a702f702f702af
fe6a007c01ee026e
fdf2fd41fce1fd11
ff63ff73feebfe72
fdf2fea3fefbff1b
fd59fd49fd9afd71
ffe4ff0bfe3afe1a
017d016d013d007c
01d601e601ae017d
01be009500240135
02bf02c702970256
02c702bf02bf02cf
02cf02c702c702cf
02d702d702cf02cf
02cf02d702df02d7
02c702c702c702c7
02cf030702ef02ef
007c001400040236
fd11fd92fe2aff4b
ffacff43fe8bfda2
028f025e01ae00a5
013d018601fe0256
00ed00ed00dd00f5
013501650155012d
009d00e500e500f5
00cd002cffc4002c
ffe4ffecffe4008d
00ed00cd009dfff4
01450125015500f5
005c005c005400cd
0064fff400140014
0256018e00dd00bd
02e7033f031f02d7
ffec0135022e0287
ff23fe5afdb2fe93
ff63ff9cff73ff1b
fe6afe9bfeb3fef3
ff2bff03febbfe3a
008d002cffacff43
015d014500fd00ad
01ce01ce01b60165
01f6012d00d5017d
02b702cf02c702a7
02c702c702cf02d7
02c702c702c702cf
02d702d702cf02c7
02cf02cf02d702d7
02cf02c702c702bf
02ef030702ef02d7
0064008d01ae027e
fd69fdcafee3fffc
ff5bff13fe72fe02
026e021e01960085
00f5017d0206024e
00d500c5009d00a5
007400bd00e500ed
016d01ae015500bd
019e0115008d00cd
002c005c00cd017d
00b5006c0085004c
009d00bd01150105
00bd008d004c0054
00fd00dd00ed00dd
026601ae0145010d
030f033f031702cf
00dd0186024602b7
ffacff4bff5b0014
0044005c0004ffbc
ff3bfefbfef3ffa4
00a5003cffacff4b
011d011500bd007c
011d011d0115011d
01ae01ee01f6014d
0246017d01050196
02bf02c702c702af
02c702c702c702c7
02cf02cf02c702c7
02c702cf02cf02c7
02c702cf02d702d7
02c702cf02c702c7
02f70317030f02ef
008d00ed024e02cf
fe12fe5a001400c5
006cffccff53ff13
0256020e0175010d
00dd01a60236024e
00bd008d006c008d
00a500bd00d500ed
01d6021601b600f5
01b6015d012d015d
007400fd017501ae
012500fd00b5008d
008500dd013d0175
018e013500dd00bd
015d018e018e018e
026e01e60186015d
031f0347030702c7
012d018e022e02b7
004c006c00b500e5
009d0054000c0024
ffc4ffc4ffec002c
013500cd0014ffd4
0165014d0135011d
00ed00ed00ed015d
01c6020601e6013d
026601ae012501a6
02bf02bf02b702a7
02cf02cf02c702bf
02c702cf02cf02c7
02c702cf02cf02c7
02bf02c702cf02cf
02c702c702c702c7
0317030f0307030f
000c00dd02b702ef
fe7aff1b00c500ed
0024000c001cffe4
022e01f6019e010d
00ed01b6024e0266
00a5006c005c00a5
01550145010500dd
02260246022e01ae
01a6018601be0216
0135019e01ae01a6
016d012d010d0115
00fd010d0175019e
020e021601de017d
01d601e601fe01f6
025601d6019e01ae
02ff031f02f702af
01550186021e029f
014d0165016d0155
00950095002c00bd
003c008d00b5006c
018e013d00b50054
019e01a601ce01c6
00e500e500ed0175
023601fe01ce013d
0276022602060216
02c702bf02bf02af
02cf02c702c702c7
02c702c702c702c7
02c702c702c702c7
02c702bf02c702cf
02c702c702c702cf
02ff02ef02f70307
ff03017502b702ef
ff0b001c00bdff13
ff43fff4000c001c
021601f6015d002c
014d01e6026e025e
008d0064007400cd
01ee0186010d00bd
02760256025e022e
0216021e02560276
01ee01d601d601f6
019e01be01c601de
019e01550155019e
0256026e027e0226
0236022e023e0256
024601de01d60216
02df030702e70297
0175016d01ee0276
01de01d601c601b6
00bd00c5011d01b6
0125013d012500ed
01ce011500f5010d
01d601e6021e0226
00dd00d500f5019e
01f601fe0206015d
02970287021601c6
02c702bf02b702af
02c702c702c702c7
02c702c702c702c7
02c702c702bf02c7
02c702bf02c702bf
02bf02c702c702c7
02ff02ef02f702ef
fea301ae02b70307
ffec00adff6bfd39
ffa4ffd4ff940024
020601aeffdcfefb
0186022e02760256
006c006400a500f5
020e01c6016d00cd
02970276026e0266
0287028f029f029f
01d601de023e026e
0145017501b601ce
0276020e019e0165
0287028f02af02a7
0287026e025e0276
024e0206021e0276
02e7030702d7029f
01b6019601ee027e
020e020e022e021e
013d01ae020e021e
015d014d012d011d
020e012d010d0155
01ee021e024e025e
00e500cd010d01ae
01a60216022e016d
029f02af023e01de
02c702c702bf02af
02cf02cf02c702c7
02cf02cf02cf02cf
02c702c702c702cf
02c702c702c702c7
02c702c702c702c7
02ff030703070307
fdba00d502a702ef
00850085fd8afcb1
fed3ff7bffcc0064
01ce014dfecbfd92
01ae0256026e023e
007c00b500e5010d
01e601ae016500ed
029f028f027e0266
02bf02af0297029f
01ee021e025e02a7
020e01e601ee01e6
02cf02bf02870246
028702a702bf02b7
02760256024e0256
028f02560266027e
02e7030f02ef02b7
020e01ee022e0287
020e021e023e024e
021e024e024e0236
01be017d016d01ce
026e021e01f601de
01d6021e024e026e
010500e5013d01a6
01c6021e0216019e
02870276027e0206
02cf02c702b702a7
02cf02cf02cf02cf
02cf02cf02cf02cf
02c702c702cf02cf
02c702c702c702c7
02cf02c702c702c7
02f7030702ff0317
fdb2006c02b702df
00adff33fcb9fdea
fe52ff6b004400a5
01c60115ff0bfd92
01d60226023e0206
00dd00f500fd0125
01c601a60175012d
027e027e025e022e
02af02970276026e
027e0287028f029f
02bf02af02a70297
02cf02c702bf02c7
0256028702bf02cf
01fe018e01a601ee
029f02760276024e
02e7031702f702cf
0246023e026e029f
01c601a601ce022e
02870287026e021e
023e021e024e0276
027e0297028f026e
01ce01fe01fe022e
014d01250155018e
01fe0206021601be
028f02870276024e
02c702bf02b702af
02cf02cf02cf02c7
02cf02cf02cf02cf
02c702cf02cf02cf
02c702c702c702c7
02d702cf02c702c7
0307030702df02ef
fe3a000c02a702f7
0034fdbafd01fe02
ff030054010500e5
019e00c5ff33fe3a
018e01ae01b6018e
0105010d012d013d
019e016d016d0145
02460246023e01fe
029f026602360236
02bf02cf02bf02a7
02c702c702c702cf
02d702cf02c702cf
01e6027e02df02e7
01b600bd002400fd
029f0276024e0226
02f7031702df02cf
02460276029702bf
00dd0054013501d6
02970287024e01ae
024e026602870287
020e024e0276026e
01b601b601a601c6
015d012d01350175
018e005401650196
028f02760256021e
02c702c702b702a7
02cf02cf02cf02bf
02cf02cf02cf02cf
02c702cf02cf02c7
02bf02c702c702c7
02d702d702d702c7
0307030f02ef02ef
ffecffd4027602f7
ff6bfcc9fcd1fefb
ff6300a5012d00ed
0105ffd4fec3fe83
015d012d011500e5
00e500fd0135014d
01350125016d0115
01d601a601d601b6
022601fe01de01be
02760287026e023e
02b7029f0276027e
02d702df02c702bf
00fd025602e702ef
01c600adff23ff53
02a7026e022e0216
030f032f030f02cf
01ee026e02b702df
ff4bfedb00b50165
027e027602160115
020e024e027e0287
012d015501be01f6
018e0186014d0145
016d012500fd0145
0165fef3ffec018e
028702660246021e
02cf02c702b702a7
02cf02cf02cf02cf
02cf02cf02cf02cf
02c702c702cf02c7
02c702c702c702c7
02c702c702c702c7
02ff030702ff02f7
0165fff4021e02ef
fe5afc89fda20044
ff9400d5013d00cd
0044ff53ff63febb
011d01350105009d
00ed0105012d0135
0105013d017500fd
0165015d01960186
0165012501350155
0236020e01c6019e
02af029f026e0236
02df02e702cf02bf
000401ee028f02d7
022e01a60074fedb
027e0256024e024e
03170337030f02b7
01ae022e028702cf
fe52ff730145015d
0276025601c6005c
022602460266026e
008500a5013501b6
0135013500e500b5
0186013d010d010d
01b6005c007c019e
028f026e023e0206
02c702c702b702a7
02cf02cf02d702cf
02cf02d702d702cf
02cf02cf02c702c7
02c702c702c702cf
02c702c702c702c7
02ff0307030702f7
01b6001401be02df
fd8afcb1feab019e
000400fd0105003c
0014ff7bff84ff3b
00fd013d01050095
013d010501250125
010d015d017d0145
010d01250135013d
00a5007400b500e5
022e01f6016500f5
02af02a70297025e
02c702df02df02bf
ff8400e5020e02a7
0276025601fe00f5
0256024e02560276
02ef031702f70287
019601f6025e02af
febb015d01f601c6
026e0216012dff4b
026e027e025e026e
001c0085014501e6
00ed00e500950034
01650155012d00f5
01ce012d011d016d
02970276023601ee
02cf02c702b702af
02cf02cf02d702d7
02cf02d702d702cf
02c702cf02cf02cf
02c702c702c702c7
02c702c702c702c7
02ff0307030f02ff
01150095023602c7
fca1fce1fecb0165
00bd00cd005cff43
0064001c005c005c
00ed010500f500b5
013501250145012d
0165018e016d013d
00cd00e5011d013d
0054002c008500ad
024e0216016d00a5
02a702af02af0287
028702bf02df02b7
001cff6301450226
0287029702970246
0256022e025e0287
02ef030702d70276
01ce020e027e02bf
00a50236020601ce
023e01a60064fe72
0287028f02760266
002c00cd01be024e
00ed00cd0064ffec
01350145012d00f5
01b6012501150145
02970266023601f6
02cf02c702b702af
02d702d702df02d7
02cf02cf02cf02d7
02cf02cf02d702cf
02cf02cf02cf02c7
02c702cf02c702c7
02ff030702ff0307
ffe4013502cf02ff
fc50fd49fff400e5
007cfff4ffd4fe6a
00c50115015d00ed
00fd00dd00dd00c5
0135014d016d0145
018e017d0165014d
00bd00dd013d0175
0064003c005c0095
026e023601ae00dd
029702af02bf029f
0226029702b70297
0125fea3004c0175
0266026e0287026e
026e0256023e024e
02c702cf02970276
020e0236026e0297
02160246021e020e
01b60105ff6bff63
024e0266024e0216
00c50186023e0236
00dd00dd00740014
01250145012d00e5
019e010500fd0145
028f024e023601fe
02d702cf02bf02af
02d702df02df02d7
02cf02d702cf02d7
02cf02cf02cf02cf
02cf02cf02cf02cf
02c702cf02c702c7
02ff030f02ff02ff
ffd4021602ff030f
fc50fe7a016d00e5
ff5bff84ffe4fd82
00f5017d015d0054
00cd00c500bd00b5
012d0155015d00fd
0155012d01250125
00b500f50145014d
00cd009d008d0095
027e02560206014d
028702a702bf02a7
01a6023e0276026e
0125fe9bfee300bd
018601ee021601de
024601f601ce015d
025e028f026e024e
01ce01ee0226023e
01b601a601de0206
010d004cfe72ff8c
024e023e01ee019e
019e0236027e0256
00dd00d50085009d
011d012d012500f5
01ae011d010d015d
028f0246022601fe
02d702cf02bf02b7
02df02df02d702d7
02cf02d702cf02d7
02cf02cf02cf02d7
02c702cf02cf02d7
02c702c702c702c7
02ef02ff02ff02ff
00f5029703070317
fc89ff13017d009d
ffb40095fff4fca1
00b500bd0095fffc
0085009d009d00ad
01250155013d00e5
011d00e500fd010d
00e501050125010d
0145010500fd00e5
0276025e025601ce
027602af02cf02a7
011501ce0226024e
0034fe3afdaaffc4
008d00ad00cd00a5
0186013d0115009d
01d601fe01ce019e
010d016501be01ae
004c005c00a50115
008dff8cfd92fe72
0236020601ce015d
020e025602660256
00ed00d500d5015d
010d010d010d010d
01ce011d01050145
028f024e022601fe
02cf02c702b702af
02d702df02df02df
02d702df02cf02d7
02d702cf02cf02d7
02cf02cf02d702d7
02c702c702c702cf
02ef02ef02f702ff
01be02b702f7030f
fd8aff1300b500a5
01650165ff2bfcb9
007cfffc000c00b5
0074007c0074008d
01050125010500bd
011500e500dd00dd
010d01050115010d
01ce016d0145012d
025e024e0266024e
026602a702a7028f
007c017501e6021e
fe7afd92fd92fe93
fee3febbfefbfef3
007c003cffe4ff43
00ed00f5010500ad
ffd40014004c00ad
fe12fe6afec3ff73
002cfecbfd51fd49
01f601be019e011d
0226023602260216
011d00fd013d01de
00fd00e500fd011d
01c600fd00e5011d
028f024e022601fe
02d702cf02b702a7
02d702df02e702df
02df02df02d702d7
02cf02cf02d702cf
02cf02cf02cf02d7
02c702cf02cf02cf
02ff02e702e702ff
01be02b702ef02ff
ff6300a501860165
020e015dfe22fcf1
008d008d00a5018e
0074008d006c0064
008500bd00cd0085
00fd00dd00b5006c
013d01350145013d
021601b601750175
0256024e02460266
021e021e022e0236
ff8c00ed01ae01fe
fd9afe93fe72fdc2
fc58fc81fd21fd49
ff8cff0bfe1afcc1
000c0014001cffcc
fe8bfeebff0bff94
fce1fce9fca1fd8a
ffb4fe3afed3fdca
01a6016d013d00a5
01fe020e01fe01d6
0125010d016501e6
00ed00d500e5011d
01ae012500fd011d
028f0256021e01f6
02d702cf02bf02af
02df02d702df02df
02d702df02d702d7
02cf02d702d702d7
02cf02cf02cf02cf
02cf02cf02cf02cf
02ff02cf02e702ff
01ee029702e702ff
00ed016501ee0216
022600edfd19fdd2
00cd0125011d01ce
006c007c005c0064
003c00ad00ad0064
00fd00d5008d002c
0175017d016d013d
020601c60186018e
022e0236023e023e
01c601d601f6020e
fe7affec00fd019e
fe8bffacff5bfe0a
fc60fcb1fce1fd39
fdfafd39fc78fc48
fee3ff3bff33fe9b
fcd1fdb2fdeafe4a
fdbafd59fc70fc40
ff2bfe4aff4bfe32
0155010500ad0024
01ce01b6018e0165
010500ed014501b6
00d500c500cd00f5
019e013d0125011d
02870256021e01e6
02cf02cf02b702a7
02df02d702d702df
02df02df02d702d7
02d702d702d702df
02cf02cf02cf02d7
02cf02cf02c702cf
02d702df02ff0307
0256022e028702b7
0135021e02970297
01deffccfc78fdfa
012d01b6018e01de
0024002c002c0074
002c007c0074002c
00cd009d0054001c
01b601a601750125
01ce01a6019601a6
01ce01de01fe01e6
01a601be01d601ce
fe32ff230034010d
ffac0085005cff23
fdcafe72fee3fea3
fd61fd71fd39fd92
fdbafe02fdfafd79
fd11fd39fd19fd39
febbfe3afda2fd71
ff03fe0afdaafe3a
00f500ad0085fffc
019e016d011d0105
010500f5011d0186
00cd00a500ad00dd
019e015501150115
027e0246021e01de
02d702c702b702a7
02df02df02e702df
02df02df02d702d7
02d702d702df02df
02cf02cf02d702df
02cf02cf02cf02cf
02df02f702ff02ff
029f0297027e02a7
01860256029f028f
018efeabfc60febb
017d0236021601d6
ffecfffc002c007c
003c0074005c000c
00b5006c0034001c
01b601a6014d0105
017d017d017d0186
019e01be01be01ae
014d018e018e0196
feabfe83ff63007c
006400fd010d0024
ff84ffec0024ffe4
fe9bfec3fe42feb3
fd39fd01fcf1fd79
fe52fe6afe02fd79
ffa4ff23ff03febb
fefbfe6afe93ff8c
00bd0074005cffe4
013d010d00fd00f5
011501050105012d
00b50095009d00e5
019e016d00dd00fd
0266023e021e01de
02d702c702b70297
02e702e702e702df
02df02df02df02df
02d702d702d702df
02cf02cf02cf02df
02cf02cf02d702cf
02ff02ff02ff02ff
02af02cf02e702f7
01ce023602870297
0196fe42fcf9001c
0186025e02760236
ffccffec002c0085
0064004c003c0014
00a5005c002c0034
01a60186012d00dd
011d0165016d0186
018601750175016d
00dd012d0165018e
ffa4fe8bff2b0024
00fd012d013500e5
0085007c00a500c5
feebff8cff9c001c
fe42fd9afd92fdd2
ff8cff6bfee3fe93
007c00340014ffb4
ff23ff33ff940044
00b5009d0074ffec
00cd00dd00f500d5
013d011500f500d5
00a50085009500f5
018e016500c500ed
025e022e020e01ce
02d702c702af028f
02e702e702df02df
02df02e702df02e7
02d702df02df02df
02d702cf02cf02d7
02cf02cf02cf02cf
02ff02ff03070307
02bf02df02ef02f7
01fe024e028f02af
01eefe93feab015d
0145024602760266
fff4000c000c005c
004c001c00240004
00b5005c00340064
01ae017d012500ed
010d015d014d0186
0155013d012d0135
006c00e50135014d
0095ff03ff5bffe4
01250135017d0175
0135013d01450145
ff4bfff400bd011d
fe52fdfafe12fe52
0064003cffbcff13
00c5009500ad004c
ffb4ff8cfff400ad
0085009d0054ffb4
009d00a500ad0095
0155011500dd00b5
008d006c008500ed
018e014d0125010d
0256022e01fe01c6
02cf02bf02a70287
02e702e702e702d7
02e702e702df02e7
02d702df02df02df
02d702cf02d702d7
02cf02cf02cf02cf
0307030703070307
02bf02df02f702f7
0206025e028f029f
0206005400ed01ce
0115023e025e022e
001c0014fffc000c
00440014001c000c
00b5004c0034005c
015d01750125010d
0115013d014d0175
0145010500e50115
002c008d00fd013d
00e5ff6bff63ff9c
013d017d01de01b6
01ae0186016d0175
ff8c00440125016d
fe4afe7afe93fec3
00bd00850024ff13
00dd00d5011500bd
001cffb4004c00f5
00850074002cfff4
008d006400440054
0135010d00bd008d
006c0044005400cd
0186013501550115
024e022601f601be
02c702b702970276
02df02e702df02cf
02e702e702e702e7
02d702d702df02df
02d702d702d702d7
02cf02d702cf02cf
03070307030f0307
02c702e702ef02f7
0216024e026e0297
01e6012d018e01d6
00b50206021601d6
00240014ffecffac
002c002400340014
00bd003400340034
014d015d011d00ed
00e50115015d0175
010d00e500b500cd
000c002c009d00f5
01350034ffacffd4
018601b601d601c6
01ae014d0155018e
002c006c010d017d
fe62fec3ff0bff63
00d500c5006cff4b
01050115012500cd
003cff94005c0125
0024000cfffc003c
00540034fffc0024
00f500dd00a50064
00340024004c008d
0186012d011d00bd
024e021601ee01c6
02c702b702970276
02ef02e702df02d7
02e702e702e702e7
02df02e702e702e7
02d702cf02d702df
02cf02d702d702d7
0307030f030f030f
02cf02df02e702f7
0236024e026e029f
015d014d01c601ee
ffa40115016d0155
ffccffdcffbcff0b
ffecfffc000cfff4
00a50044002c0004
018e016d011d00d5
00bd00fd016d0196
00dd00e500ad0085
000c0024006c00c5
017500b50004001c
016d017d018601a6
0196017d01550165
013d017501550186
ffdcffbcffec004c
010d011500dd006c
0155014d00dd00cd
005cffa4009d0125
0024002c003c0095
003c0024fffc000c
00dd00dd00ad0064
ffecfffc0014004c
017d015d00dd0034
024e020e01e601be
02c702a70287026e
02df02e702df02cf
02e702e702ef02e7
02df02df02df02e7
02d702d702d702d7
02d702df02d702d7
030f0317030f030f
02af02d702e702ff
02360246028f02a7
00ed019601d60206
fdb2ff63000c006c
ff94ff94ff63fdb2
ff9cffb4ffc4ffbc
007400240004ffbc
018e0165011d00dd
00ad00f5015d0196
00bd00cd00ad0085
002c0044007c008d
015d00f500950054
00cd0125013d0165
018e017d00ed00d5
01c601d601b6019e
00fd00c501150175
014d016d015d018e
010d0135010d00dd
002cff7300a500fd
004c004c006400ad
001cfffc0004002c
00ad00ed00c5005c
ffecfffcfff4002c
019e01860125002c
023e01fe01de01d6
02bf029f0287026e
02ef02e702d702cf
02ef02ef02ef02e7
02df02d702df02e7
02df02df02df02df
02d702df02df02df
030f031f0317030f
02af02cf02ef0307
02660266029f02a7
012d01f6020e024e
fc38fcd9fda2ff2b
ff63ff33ff03fd31
ff84ffa4ffbcffa4
001cfffcffecffa4
016d013d00e5007c
009d00fd01550186
009500b5008d006c
005c004c0044005c
0196016d00ed0095
008d00d500f5014d
01c6014d009d0044
01650135016d01be
018e017501ae01de
00a500c5011d01a6
004c00b500bd008d
000cff3bffec0024
0054003c008d00cd
ffc4ffc4ffec001c
006400f500e5003c
00440014ffccffd4
01b60186016500d5
0246021601d601ce
02c702a70287026e
02f702ef02df02d7
02ef02ef02ef02ef
02df02df02e702e7
02df02df02e702df
02d702df02e702df
031f032703270327
02d702f703070317
024e0266029702b7
001c01b601fe0226
fc08fc10fc38fd79
ff5bff03fecbfd11
ffb4ffbcffc4ffa4
ffecffbcffd4ffac
0155010d00cd006c
00b5013501750175
00a5008d00850074
009500740054007c
012d014d010500bd
ffc4ffec004400cd
013d00e500850004
ff73ff23ffe400bd
00c500fd00e5007c
fecbfe83ff2b0024
ff94003c007cffc4
ffc4fefbff23ff53
004c0054008d0095
ffa4ffe40004002c
005400e500e50024
00b50034ffccffcc
01b6019601860145
0246022601d601b6
02c702af028f026e
02f702f702e702d7
02ef02e702f702f7
02ef02ef02ef02ef
02e702e702df02e7
02e702e702e702e7
026602a702df030f
0216022e023e023e
010d016501b601e6
fdcaff7b0024008d
fc10fc18fc10fc60
ff13fec3feabfce9
ffb4ffacffa4ff7b
fffcffd4fff4ffcc
015d011500e5007c
0105014d0175017d
00b5007400640085
00e5009d008d00ad
007400d500bd00f5
ff84ff84ffdc001c
ff5bffe4ffacff8c
fde2fdbafdf2fe62
fe7aff33feebfe3a
fd79fd59fd82fdca
febbfef3fed3fe2a
ff84febbfe7afe83
0054007400a50074
fff40004001c004c
006c00a5009d004c
00ed005c000c000c
01b601a6019e015d
024e023601e601c6
02d702af029f027e
02f702f702ef02df
02f702f702ff02f7
02ef02ef02f702f7
02ef02e702ef02ef
02ef02ef02ef02ef
ff9c005c013501de
ff33ff13ff13ff3b
fe72fedbff3bff5b
fcb9fd51fdbafe0a
fc10fc18fc10fc30
fed3feabfe9bfc89
ff9cff84ff53ff33
0024001c0024ffdc
012d010d00c50074
012d012501550155
00b50095005c0095
00ed00c500b500d5
ffdc0034009d0105
feabfedbfefbff13
fcd9fd79fde2fe4a
fcc1fca1fc78fcc1
fca9fcb9fd11fcc9
fc78fc91fca1fc81
fdbafdaafd09fca1
ffbcfe9bfdeafd8a
00540085008d0034
003c0034002c004c
0054009500850074
013d009d000cfff4
01e601be01be0186
02660256022e021e
02df02c702af028f
02ff02ff02f702ef
02ff02ff02ff02ff
02ef02f702f702f7
02f702ef02f702f7
02f702f702f702f7
fd71fde2fe83ff1b
fd69fd19fd31fd51
fdaafde2fdf2fdc2
fc81fcc1fd29fd82
fc08fc18fc30fc68
fe9bfebbfe2afc40
ff94ff53ff03fedb
001400240024ffe4
00e500d500a5005c
012d0105011d0105
010d00e5008500b5
00e500cd00e50115
ff4bffc4003c00c5
fd29fd41fdc2fe9b
fc10fc18fc48fc99
fc60fc58fc30fc40
fc30fc30fc99fc60
fc18fc10fc00fc10
fca9fc91fc30fc20
fff4fed3fdb2fcd1
00ad00ad009d006c
0064005c004c0085
001c00ad00b50095
011500a5ffccff73
014500ed00fd0105
026e024e020e01be
02ef02df02bf029f
03170317030f02ff
0317031703170317
0307030f030f030f
030f030f030f030f
0307030f030f030f
fd21fd21fd82fe02
fd9afd39fd59fd59
fdaafd92fd71fda2
fc81fca1fd11fd8a
fc00fc10fc38fc60
fea3fea3fd51fc08
ff4bfef3fecbfea3
000c00440024ffcc
00bd008500640044
00b500e500ed00e5
0145011d00a5008d
00cd00ed011d0135
fe3aff4bfffc0054
fc91fca1fca9fd01
fca1fcb1fca9fc81
fc60fc89fca1fcb1
fc60fc50fc48fc58
fcc1fca1fc89fc60
fc81fc99fc89fcb9
0014ff0bfd29fc48
0105010500cd009d
00740085007c00ad
ffa4008500ad007c
ff63ffbcff3bfefb
fe8bfe32fe5afebb
021e01650054ff5b
02ff02f702d7029f
031f031f030f030f
0317031f031f0327
031f031f031f031f
0317031f03270327
031703170317031f
fcf9fc91fcd9fd79
fdbafd51fd82fd92
fd8afd49fd49fdb2
fca9fcd9fd01fd71
fc18fc20fc30fc58
fe6afe4afcb9fc00
fecbfed3fec3fe72
00240054ffecff2b
00b5006c0044002c
009500dd00fd00dd
013d013500ed0095
009d00e5012d0135
fcd9fe32ffa40064
ff6bff7bff2bfdba
ffdcff94ff84ff6b
fedbff5bffc4fff4
fee3fe32fe42fee3
ff2bff3bff33ff13
fe83fed3fed3fef3
0024febbfcf1fd92
013d015d012d00c5
008d0095009500e5
ff2300240085007c
fd31fd71fd71fe4a
fcf1fcd9fcf1fd01
0024feebfdfafd61
030f02e70256016d
032f031f030f030f
031f03270327032f
032f031f03170317
0327033703370337
031f031f031f032f
fd11fc70fc78fcc9
fdc2fd61fd71fdb2
fd92fdd2fdcafdda
fcc1fce9fd09fd51
fc08fc10fc28fc81
fe6afe3afc58fc08
febbfee3feb3fe6a
0004ffe4ff3bfecb
008d00540014000c
00b500cd00d500b5
015d013500f500d5
00d5013d014d0155
fe32fdbaff330044
00c500e500c5002c
017d015d013500fd
01ae01d601d601ce
0155010d015501be
00fd012d01550165
ff7bffec006400cd
004cfe93fd9aff03
013d01650186011d
007c008d00a500f5
febbffdc007c006c
fcb9fcb9fc58fd51
fcf9fd01fce9fcd1
fe1afd82fd49fd19
02cf01b6001cfee3
035f033f03270327
033f03470347034f
0337033f033f0337
0327032703270327
0317031f031f031f
fd49fc91fc40fc40
fda2fd82fd51fd9a
fd92fdeafddafd9a
fce1fcf1fd19fd59
fc08fc08fc20fc99
febbfea3fc50fc18
feabfe93fe52fe3a
ffc4ff5bfea3fe8b
002c000cffecfff4
00b500a5009d005c
016d011500c500c5
00d50145016d0186
0034fedbfec30004
006c00c5011d0105
01e601a600ed003c
0246022e021e0206
01d601d602160246
0165018e01b601de
ffecffb40044011d
003cfe93fe6a000c
014d015d01960145
0054009500d5010d
fe52ff7300340054
fce9fcc9fc38fc99
fce9fd11fcf1fcc9
fd92fd31fcf9fcd1
0135ff4bfe22fdca
0357035f033f02b7
0347034f034f034f
033f034703470347
033f0337032f0337
0337033f033f0337
fd71fcc9fc38fc08
fd82fd82fd31fd59
fd92fdcafdcafda2
fcd1fce9fd21fd59
fc10fc18fc30fca1
ffb4fefbfc40fc18
fe1afe22fe1afe32
ff84ff1bfe93fe52
ffd4ffd4ffccffbc
00a50095006c0014
015d008d006c00ad
00c5014d01750196
01350085ff7bffcc
003c01250196019e
018e00ed0034ff73
01be01d601de01b6
01150105013d0186
001c005400cd00f5
008dff8cff4bffc4
ffe4feb3000c00e5
0175017d0186011d
0044007400d5011d
fd79fefbffec003c
fd21fcb1fc40fc20
fca1fd19fd21fd09
fd61fd09fc99fc68
feabfdb2fd61fd59
0347032f025e0085
0357034f034f034f
033f033f033f0347
035703570357034f
0357035703570357
fd92fd29fc60fc10
fdc2fdaafd49fd49
fd8afde2fdfafdf2
fce9fd01fd29fd51
fc20fc30fc38fc99
00d5fe9bfc10fc10
fdbafdf2fe1afeb3
ff4bfecbfe5afde2
ffb4ffa4ffacff94
009500640024ffd4
010d006c00240054
005400f50155015d
01ce015d009d000c
00ed01be02060216
000cff8cffbc001c
fff400340044002c
ff23ff2bff94ffcc
fe62fe6afebbfefb
010d0044ff53fe9b
ff43ffa400f5013d
015d016d014d00d5
003c006c00bd010d
fc91fe93ff7bffe4
fd21fcb9fc91fc38
fc91fd31fd51fd61
fcb9fc89fc38fc28
fd8afd61fd01fcc9
02ef01ceffd4fe2a
02ff0327033f0347
028f029702a702d7
02d702bf02af029f
031f031702ff02e7
fdaafd71fca9fc30
fdfafe02fdbafd71
fd9afdeafe12fe12
fcf9fd21fd49fd61
fc28fc38fc48fca9
0165fdeafc08fc18
fd92fddafe32ffb4
fef3fe5afd41fd51
ff7bff84ff84ff5b
0064003cfff4ff9c
00f5007c002c003c
002c006400e50115
01ee01ce014d0074
016d01ce01fe01fe
fe9bff33003c010d
fe62fe93fec3feb3
fdf2fe12fe83fe93
fe7afe22fde2fe02
011500cd002cff43
ff0b00ad013d0155
01450145011d0054
ffd4002c009500e5
fc38fdfaff3bff73
fd11fce9fcc9fc60
fcb1fd49fd71fd69
fc48fc18fc08fc20
fd51fd19fcd9fc91
00fdff3bfe12fd8a
00e5018601e60206
ffccffdc000c0064
00440004ffdcffd4
0186015500ed0095
fdaafd79fce1fc50
fe1afde2fdcafdb2
fdbafdf2fe2afe42
fd11fd39fd61fd79
fc20fc30fc68fcd1
0125fd11fc08fc28
fde2fe22fec3010d
fe7afdeafd61fd92
ff13ff23ff33feeb
0024ffecff84ff2b
00c500b500850054
00040034006c009d
01e601ce017d0095
017d01a601ce01e6
ff3b001400dd016d
fe22fe4afec3fedb
fdfafe12fe32fe5a
ffdcff43fe93fe2a
0125013500ed0074
ff7b01250145013d
00e5010d00b5ffac
ff1bff9400240085
fc30fd19feebfefb
fd01fcf9fcd1fc81
fcd1fd71fd9afd41
fc10fc00fc08fc40
fd41fcf1fc91fc40
fe93fe12fdaafd69
fea3ff23ff73ff5b
fdfafe12fe1afe42
fe22fdfafdeafde2
fe93fe8bfe6afe4a
fdcafdaafd19fc78
fe4afdf2fdaafdc2
fdc2fdd2fe1afe5a
fd29fd29fd49fd8a
fc20fc30fc70fce1
0085fc89fc10fc30
fe62fe7affc401ee
fe2afdf2fe0afe42
fee3ff03ff0bfe83
ffd4ff7bfedbfeb3
0054007c00640024
ffec0024004c0034
01c601a601350074
01960186019e01be
005400fd013d017d
fe02fe4afef3ffac
fdfafdcafdbafdfa
005cff84fecbfe5a
013d0155012500dd
000c010d0155014d
007400cd008dff63
fe8bfefbff9c0014
fc50fc58fe0afebb
fd29fce9fca9fc91
fd11fdd2fdb2fd61
fc08fc08fc10fc58
fd21fc99fc40fc08
fde2fdcafd9afd71
fe42fe5afe42fe0a
fe3afe3afe32fe2a
fde2fdd2fde2fe02
fdeafe02fdf2fe02
fdd2fdcafd49fcc9
fe5afe22fdaafda2
fdcafde2fe02fe4a
fd31fd59fd69fdaa
fc48fc58fc99fcf9
ff8cfc48fc30fc40
febbfedb00ad0236
fe62fe52fe83fec3
ff1bff43feebfe62
ff84ff1bfeabfeb3
00040054003cffd4
fffcffccfff4fffc
016d014d00d50044
01b60186019e018e
001c005c00dd0186
005cfff4ffacffe4
00f500c500bd008d
0125010d010d011d
005c013d01550145
0004001cffccffbc
000c007c002cff8c
fe62fe83ff2bff94
fc68fc28fd21feb3
fd31fcf9fcc1fca1
fda2fe02fd8afd69
fc18fc08fc10fc89
fcc9fc38fc08fc08
fdaafd79fd31fd21
fdfafdfafdd2fdd2
fe3afe4afe32fe02
fdfafe0afe1afe2a
fe0afe12fe12fe02
fde2fdd2fd69fd01
fe6afe52fdfafdb2
fdf2fe12fe22fe4a
fd51fd71fd8afdc2
fc60fc78fca1fcf9
fe8bfc28fc50fc58
feb3ff73019e0226
fe8bfea3fedbfedb
ff6bff33fecbfe6a
ff3bfeebfed3ff0b
ffe40014ffdcff8c
ffdcffbcff9cffc4
013500fd00e5007c
019e01b601ae0175
01d6015d0105011d
01fe01fe01ee01ee
01ee01fe02160216
01c601ce01ee01ee
fdeafefb01150196
ff03fe42fe22fdea
ff9cfff4000cfff4
fe8bfe42fecbff1b
fc58fc20fc68fe83
fd21fd01fcd9fca9
fe12fdd2fd8afd51
fc08fc08fc50fd59
fc70fc20fc08fc10
fd82fd31fcd9fcb9
fe0afe02fdcafdc2
fe02fdf2fe0afe02
fe12fe0afe02fe0a
fe12fe0afe12fe02
fdc2fdcafd71fd19
fe7afe7afe5afdea
fe22fe3afe5afe6a
fd49fd71fd9afdea
fc78fc99fcb9fcf1
fda2fc38fc60fc70
fefb009d024601c6
fec3fedbff13fef3
ff63ff2bfedbfeab
fef3fee3ff0bff73
ff6bff43ff53ff23
0095000cff84ff5b
012500dd00dd00d5
01ee01e601ce017d
0297027e024e021e
02260266026e028f
0226021e02160226
0206021e023e0226
fdd2fdc2fed30165
fe4afe2afe1afde2
ff53ffacff9cfeab
fee3fe32fe02feab
fc58fc30fc18fdd2
fd19fd01fce9fcb9
fe12fdcafd9afd69
fc08fc30fd29fe22
fc38fc18fc10fc18
fd69fd21fcb9fc78
fdf2fdeafdcafdaa
fe3afe22fe12fe0a
fe32fe42fe2afe3a
fe1afe22fe1afe12
fddafdbafd82fd31
fe8bfe83fe83fe3a
fe2afe3afe42fe7a
fd41fd69fd92fdf2
fc78fc91fcb9fd09
fce1fc50fc70fc78
ffcc01a602870115
feebfef3ff0bff13
ff5bfefbfecbfecb
feb3fef3ff73ffac
ff1bfee3fecbfeb3
00f500ad0004ff5b
011500fd01050105
024e021601e6017d
02a702a7028f0287
0216023e0246026e
022e01f601ee01ee
01ee022602360236
fdcafddafd9aff7b
fe4afe02fdeafdba
feebff0bfe9bfe62
fecbfecbfe1afe32
fc58fc38fc18fcb9
fd29fd31fce9fcb1
fe02fdc2fdaafd8a
fc28fcc9fdf2fe32
fc10fc08fc08fc08
fd69fd09fca9fc48
fdfafdd2fdc2fda2
fe52fe52fe32fe22
fe4afe52fe6afe72
fe3afe3afe3afe3a
fe2afdc2fd82fd41
fe8bfe8bfe83fe72
fe22fe42fe52fe72
fd49fd71fd92fde2
fc99fca9fcd9fd19
fca9fc70fc81fc99
00f5023602660014
ff13fefbfecbff2b
ff4bfef3fecbfeeb
feb3ff6bff8cff84
ff3bfea3fe5afe62
00cd008d0054ffe4
0145012500f500ed
024e020e01f6019e
026e0287027e025e
01ee0206022e0256
021601fe01de01ce
012d01de01f601e6
fdfafdb2fd59fdfa
fe3afe2afe1afe02
feabfe93fe72fe52
fdb2ff63febbfe1a
fc60fc48fc30fc18
fd41fd39fcf9fca9
fdfafdcafd9afd69
fca1fdc2fe22fe1a
fc08fc00fc00fc10
fd49fcf9fc99fc38
fdfafddafdbafd9a
fe52fe3afe2afe2a
fe62fe62fe5afe5a
fe6afe6afe62fe5a
fe93fe0afda2fd59
fe8bfe9bfe93feab
fe1afe4afe62fe62
fd71fdb2fdc2fdea
fcb9fce9fd11fd39
fca1fca9fca1fcb1
01de02660226ff03
ff3bff0bfeebffc4
ff13fee3fefbff1b
ff1bff9cff63ff43
ff03fe93fe42fea3
007c004c0004ff94
012d010500b5009d
01ee01d601c60165
024e0246022601f6
01f60216024e0266
01d601ee01ae01c6
002c01a601be01ce
fdc2fd92fd31fd21
fe2afe2afdf2fdd2
fe5afe4afe32fe22
fc89fec3ff0bfeb3
fc70fc58fc38fc08
fd39fd29fd11fcc9
fdf2fdcafd9afd61
fd92fe42fe2afe1a
fc08fc00fc10fc58
fcf9fc99fc58fc28
fddafdbafd92fd69
fe52fe42fe32fe0a
fe83fe72fe72fe5a
fe9bfe9bfe7afe72
fed3fe6afdb2fd69
fe6afe93febbfecb
fe52fe62fe62fe5a
fd8afdaafdcafe0a
fcd9fd09fd49fd51
fcd1fcd9fcd9fcd1
0266026e01b6fe22
ff3bff43ff8c00dd
fef3fefbff1bff33
ff63ff6bff2bff03
feb3fe83fed3ff23
fffcff94ff33fee3
009d006c00640014
01860165013d00d5
01f601ce01ae018e
01ce01d60206020e
01be01e601ae01be
ffd40186018e01ae
fd82fd69fcf9fcc9
fdbafe72fe12fdb2
fdcafda2fd49fd39
fc10fe0aff5bfe83
fc78fc50fc28fc10
fd41fd29fd01fcc1
fdfafde2fda2fd69
fe12fe2afe32fe1a
fc10fc18fc50fd31
fcd1fc58fc18fc10
fddafd9afd61fd39
fe62fe5afe4afe1a
fe93fe83fe8bfe72
fea3fea3fe93fe93
fef3fee3fe42fd9a
fe83fe93febbfedb
fe4afe62fe72fe7a
fd9afdb2fde2fe12
fd01fd31fd41fd69
fd01fd01fd09fd01
029f026600cdfd51
ff43ff9c009501e6
ff03ff1bff33ff43
ff5bff1bfef3fef3
fe3afe93fef3ff1b
fedbfe72fe72fe42
0014ffccffd4ff53
012d00dd00950034
01b60175016d016d
01b601ae019601a6
01be01ae0196018e
ffc400e50145018e
fd21fcf1fca1fcd9
fd09fd39fe0afda2
feabff73ffa4fe72
fc08fea30085fea3
fc78fc40fc18fc08
fd49fd29fce9fcc1
fdf2fddafdbafd71
fdfafe22fe3afe02
fc10fc38fcf9fe0a
fcb1fc30fc00fc08
fdcafd9afd59fd19
fe72fe62fe32fdfa
fe93feabfeabfe93
fea3feb3feb3fe9b
ff03ff13fee3fe22
fe9bfe8bfe9bfecb
fe42fe72fe83fe83
fdcafdfafe1afe1a
fd31fd61fd69fdaa
fd11fd29fd31fd31
02b7024eff8cfcf9
ffac007401be02af
ff23ff53ff73ff9c
ff0bfeebfedbff03
fe62fec3feebfef3
fdeafddafdeafe32
ffd4ff13feabfe52
00a5003cfffcfff4
0155011d00f500d5
016d01a601860165
00c500d500e5011d
ff73fff4006c00ed
fcd1fc89fc60fd59
fefbfce9fcc1fcf9
ff03009501b60125
fc20fe7a011dfefb
fc81fc50fc18fc18
fd59fd21fcf1fcc9
fdd2fdb2fda2fd71
fdf2fe22fe1afe02
fc18fca9fe02fe02
fc81fc20fc00fc08
fdbafd82fd41fd01
fe7afe52fe12fdea
feabfebbfeabfea3
febbfebbfebbfebb
feebff13ff03fec3
fe7afe7afe9bfebb
fe2afe42fe42fe62
fddafe12fe22fe22
fd51fd79fd92fdc2
fd21fd39fd39fd51
02a701e6fe52fcf1
003c018602870317
ff6bffb4ffccffe4
fed3fecbfeebff33
fe62fe83fe9bfebb
fe22fe3afe32fe52
ff13fe72fe0afe02
ffd4ff94ff8cff84
007c0074004c001c
00d50105010500ad
ff94000c0044008d
ff13ff63ff73ff73
fc81fc38fc50fdca
fe42fd19fc68fc58
fecbffe400f5007c
fc28fe42001cfe2a
fc78fc40fc18fc28
fd59fd41fd09fcc1
fdd2fdbafdaafd71
fdf2fe1afe0afe02
fc68fdbafe22fdca
fc60fc20fc10fc10
fdb2fd61fd29fce1
fe5afe3afe0afdf2
febbfebbfea3fe93
fec3febbfec3feab
feebff13ff0bff03
fe62fe8bfeabfed3
fe2afe32fe4afe72
fde2fdfafe12fe22
fd61fd92fda2fdba
fd41fd51fd51fd49
02970105fd61fd19
00d5026e03070327
ffbc0004fff4ffb4
fecbfed3ff03ff5b
fe93feabfeb3fecb
feabfe93fe7afe83
fe62fe4afe6afe83
ff33ff2bfef3fecb
ff8cffccff7bff23
0014000c0014fff4
ff03ff4bffd4ffec
fe7afeabfecbfecb
fc28fc38fd49fdfa
fd59fc99fc50fc18
ff94001cffacfe8b
fc28fe0aff9cfe83
fc78fc40fc10fc30
fd79fd49fd19fcb9
fddafdeafdcafda2
fe32fe32fe2afe02
fd69fe2afdeafe02
fc40fc18fc10fc50
fda2fd59fcf9fca1
fe5afe2afe1afdf2
feabfeb3fe93fe93
fecbfed3fec3febb
fee3fefbfeebfefb
fe7afe9bfebbfed3
fe4afe4afe4afe6a
fdeafdfafe12fe3a
fd82fda2fdb2fdc2
fd59fd61fd69fd71
026eff9cfd09fd29
01ee0307036702f7
ff9cffbcff4bff63
fedbfed3ff1bff7b
fecbfed3fee3fee3
fed3feb3fea3febb
fe8bfec3fed3febb
fedbfebbfe6afe4a
ff43ff33fef3fec3
ffacff9cff84ff53
fe9bfea3fefbff2b
fe1afe52fe62fe8b
fc28fd19fdeafdf2
fd19fc89fc60fc18
007c01d6ffd4fdf2
fc30fdca0024feeb
fc81fc38fc10fc28
fd8afd59fd11fcc9
fe0afdfafddafdaa
fe2afe32fe2afe22
fe2afdd2fde2fe22
fc18fc08fc38fd41
fd92fd21fcb1fc58
fe42fe2afe1afde2
feb3feb3fe93fe72
feebfee3febbfeb3
fedbfec3fec3fecb
fe83fe8bfeb3fecb
fe4afe5afe6afe83
fdeafdfafdfafe3a
fd92fdaafdbafdc2
fd59fd8afd8afd92
01defe52fd21fd21
02df0347036702b7
fefbfeabfe3a00ad
fea3fedbff2bff33
feb3fed3fedbfeab
fee3fee3feebfed3
ff0bff13fefbfecb
fe72fe8bfeb3fedb
fea3fe8bfe8bfe83
fefbff0bfef3fee3
fe3afe3afe72fea3
fe32fe22fe02fe1a
fd19fe0afe0afe12
fca1fc91fc60fc38
0186012dfe1afcb9
fc28fd61fffcff94
fc78fc28fc18fc28
fd8afd59fd19fcd9
fe22fe12fdeafdb2
fe32fe32fe22fe32
fe0afdbafdf2fe22
fc00fc20fce9fe3a
fd82fcf9fc78fc28
fe52fe3afe2afdda
fec3fec3feabfe6a
ff03feebfecbfec3
febbfebbfe93fe52
fe83fe93fecbfebb
fe4afe5afe7afe83
fdfafe12fe1afe3a
fdc2fdc2fdc2fdd2
fd49fd9afd9afdaa
00d5fd82fd59fd41
033f035f0337028f
fe12fd59fef3023e
fe7afe9bfe9bfe7a
fea3feb3feb3fe83
fee3fee3fef3fecb
ff53ff2bfee3fed3
ff0bff33ff53ff6b
fe8bfeb3fec3fedb
fe5afe6afe62fe8b
fe8bfe8bfe72fe4a
fec3fea3fe8bfe83
fdbafe02fe6afea3
fc70fc99fc78fd01
0155feb3fc78fc10
fc10fce9ffe4004c
fc89fc30fc20fc20
fd79fd61fd39fce9
fe42fe22fdd2fda2
fe42fe32fe32fe3a
fde2fdf2fdfafe1a
fc18fcb1fe2afe12
fd51fcd9fc60fc20
fe7afe72fe22fdd2
fee3fed3feabfe83
ff03ff0bfefbfee3
febbfe9bfe72fe32
fe93fe9bfebbfec3
fe83fe93fe83fe83
fdfafe1afe32fe52
fdd2fde2fde2fde2
fd61fd59fd9afdc2
ff3bfd41fd82fd8a
0367036f02e70256
fd29fdb200e5031f
fe22fdf2fdc2fd9a
fe8bfe8bfe6afe4a
fed3fecbfedbfebb
ff8cff3bfef3fed3
ff7bff84ff8cffa4
feebff1bff53ff5b
ff03ff13ff13ff23
ff1bff2bff23ff13
ff33ff13ff03fefb
fd29fdaafeb3ff13
fe22fd41fc81fcd1
ff33fca1fc10fcc9
fc28fce9ffd4ffd4
fc89fc40fc20fc28
fd41fd59fd39fce9
fe22fe12fdbafd71
fe32fe42fe2afe12
fdcafe12fe0afe32
fc99fdeafe5afdaa
fd39fcc9fc50fc20
fe83fe6afe12fdaa
fefbfed3febbfe9b
ff13ff13fefbff0b
fedbfe93fe6afe3a
feb3fe93fec3fee3
fea3feb3fea3feb3
fdeafe1afe5afe72
fdeafde2fdf2fdd2
fd92fd61fd82fdd2
fe02fd79fdb2fdaa
0388035f02a70186
fda2ffcc02870367
fda2fd71fd51fd61
fe72fe3afdfafdba
feebfeb3fe93fe8b
ff53ff1bfef3fedb
ffacff94ff84ff84
ff6bff7bffb4ff9c
ff7bff73ff5bffa4
ff5bff4bff63ff7b
ff5bff5bff53ff4b
fc91fd31fe5aff0b
ffb4fd31fc10fc30
fddafd09fe12ff73
fc60fe6affc4ff13
fc91fc38fc30fc30
fd31fd39fd29fce9
fe1afe12fd9afd51
fe52fe52fe2afe02
fddafe1afe0afe2a
fe02febbfdeafd82
fd31fca9fc50fc81
fe8bfe4afe02fd9a
fefbfed3fea3fea3
ff1bff13ff1bff0b
fee3fe93fe62fe22
fe9bfeb3fed3fefb
fe83fe93fe93fea3
fdfafe32fe72fe72
fde2fde2fdd2fdca
fddafddafdaafdaa
fd49fdb2fde2fdd2
03900347025effdc
01be027e0337033f
fd41fd59fecb00dd
fe02fdeafdb2fd69
febbfe5afe22fe0a
ff43ff1bff03fee3
ffa4ffa4ff8cff73
ffecffecffccffa4
ff94ffb4ffd4ffec
ff63ff43ff53ff6b
ff13ff4bff63ff63
fc20fca1fd71fe52
003cfe2afc40fc08
fff4016d01ce016d
fdeaffdcff3bfe7a
fc91fc40fc30fc48
fd11fd29fd31fce9
fe02fdfafd82fd09
fe83fe52fe12fe02
fde2fdf2fdfafe3a
fee3fe4afdbafdb2
fd31fc89fc89fdca
fe6afe0afde2fdb2
ff03fedbfeb3fe9b
ff33ff23ff33ff0b
ff03feabfe3afe02
fe93fea3fecbff03
fe83feabfeb3feb3
fe12fe42fe83fe7a
fdc2fdeafde2fde2
fe02fe12fe1afdaa
fd29fdb2fdfafdf2
025e02f701befe4a
02e702d701be0014
fd69ff5301f602c7
fdd2fd8afd82fd61
fe4afe02fdeafdfa
ff5bff23fef3fec3
ffb4ffb4ff94ff6b
ffecfff4fff4ffac
ffb4ffbcffd4ffe4
ff6bff6bff73ff94
fe62feebff2bff5b
fc10fc40fca9fd69
0135ffd4fd69fc10
026602e702a70226
ffdcffa4fe6aff2b
fc89fc38fc28fd41
fd01fd61fd49fcf1
fe22fdeafd49fcc1
fe83fe3afe22fe1a
fde2fdfafe12fe4a
fe7afe02fdbafdc2
fce1fca9fda2feab
fe83fe32fdeafd79
ff1bfef3fecbfe9b
ff43ff4bff43ff23
fefbfe93fe32fdf2
feb3feabfecbfef3
fe72feb3febbfeb3
fe1afe42fe6afe7a
fdaafdc2fdfafdea
fe1afe22fe2afe12
fd61fdaafdf2fe22
00bd027e0034fd21
02bf01d6ffa4fecb
fedb020e02870297
fd82fd31fd01fcf9
fdd2fdeafe0afde2
ff5bff13fecbfe5a
ffbcffacffacff84
ffdcffecffe4ffd4
ffa4ffacffc4ffdc
ff4bff5bff5bff7b
fd51fe3afecbff23
fc20fc18fc58fcb9
01ee00ddff0bfce1
02a7022601d6028f
0014fee3fd310004
fc99fc38fcd1ff7b
fcf9fd69fd31fcf1
fe12fdaafcf9fc91
fe83fe5afe2afe32
fdbafe0afe32fe52
fe3afe02fdc2fda2
fcd1fd69fe72fe62
fe93fe5afdfafd49
ff23ff03fed3feab
ff4bff4bff3bff2b
ff0bfea3fe1afdc2
feabfeb3fecbff0b
fe62fea3fecbfec3
fe3afe6afe62fe62
fe0afd9afdaafdca
fe2afe3afe22fe22
fd82fdbafdeafe1a
00540206fe83fce1
020e00ddff6bff8c
0165029702a702b7
fd59fcd1fca9fdfa
fdd2fdf2fdeafdba
ff33feebfe72fdea
ffdcff8cff63ff6b
ffe4ffccffccfff4
ff73ff9cffd4fff4
ff13ff1bff2bff43
fcc1fd61fe2afeab
fcc9fc38fc18fc48
029f021e013dff23
01ceff94ff84027e
ff5bfd71fc38ff5b
fca1fca1fefb004c
fd01fd61fd09fcd9
fe22fd71fcb9fc70
fe62fe4afe22fe42
fd79fdeafe42fe5a
fe12fdeafd9afd51
fd82fe32fe32fe22
fe6afe32fdf2fd71
ff2bff13feebfecb
ff3bff4bff43ff3b
ff0bfea3fe1afdb2
fea3fec3fee3ff13
fe4afea3fecbfecb
fe32fe8bfe7afe5a
fe1afddafd82fdaa
fe2afe32fe2afe1a
fd9afde2fe0afe1a
012d0125fd51fcf9
023e013d003cfff4
0266029f031f02f7
fcc1fca1fd8a00a5
fe02fddafdb2fd49
ff03fecbfe3afdea
ff9cff5bff1bff2b
ffccff9cff94ffac
ff33ff53ff8cffc4
fe83feabfed3fef3
fc40fca1fd49fe12
fe12fca9fc70fc28
0347031702cf012d
013dfe62fe1a015d
fdeafc58fc10fea3
fcc9fe930054ffac
fd09fd51fd11fcd9
fdfafd31fc91fc70
fe4afe4afe42fe52
fd59fdeafe62fe62
fdd2fda2fd41fd11
fdc2fdeafdeafdfa
fe7afe12fddafd82
ff4bff23fef3fecb
fef3ff1bff3bff4b
ff1bfebbfe3afdb2
feabfed3ff03ff33
fe4afe83fecbfeb3
fe1afe83fe93fe62
fe22fe0afdaafd61
fe1afe12fe12fe1a
fdb2fe12fe32fe22
01e6ff5bfce1fd19
026e0145006c00c5
02cf0317031f02e7
fcf1fd79ff84027e
fdc2fd71fd29fce9
fefbfeabfe1afdd2
ff4bff2bff23ff2b
ff94ff94ff4bff43
ff03ff1bff33ff53
fdf2fe12fe6afec3
fc48fc18fc78fd59
0004fd79fcf1fcc1
02760377031f024e
011dff5bfe7aff63
fcb9fc68fc30fdd2
fe1a005c000cfea3
fd39fd79fd49fcf1
fdc2fce1fc78fc99
fe72fe72fe5afe52
fd71fdfafe5afe5a
fdaafd51fcf9fd01
fce1fd82fe0afdf2
fe8bfe1afdeafd41
ff5bff4bff0bfedb
fe32fea3fee3ff33
ff2bfed3fe52fdda
fed3ff03ff13ff43
fe22fe6afebbfec3
fdcafe52fe8bfe42
fe02fddafdc2fd8a
fe2afe2afe12fe12
fdf2fe3afe42fe32
01a6fe2afcd1fd49
025600a5000c01be
029702f702df02b7
fd82feb3018e029f
fd29fce1fce9fd09
fedbfe8bfde2fd79
ff3bff3bff33ff1b
ff1bff33ff1bff1b
febbfecbfedbfee3
fd61fddafe22fe7a
fce9fc68fc28fc91
01e6ff43fcf1fd11
ff5301ee034702f7
00cd00ddffa4ff6b
fc89fc78fc60fcf1
0014005cff3bfd21
fd71fd82fd41fdda
fd79fcb1fc70fcd1
fe62fe7afe62fe2a
fd92fe0afe5afe52
fd8afd21fce1fd09
fc78fce9fdd2fdda
fe93fe2afdf2fd39
ff3bff4bff2bff03
fd29fda2fe3afedb
ff33fef3fe6afdda
fef3ff2bff43ff4b
fe22fe62fec3fee3
fde2fdcafe3afe2a
fe12fdf2fdf2fe1a
fe4afe2afe12fe0a
fe0afe42fe42fe52
00f5fda2fcd1fd71
0115ff9c009d0266
0276026601fe01ee
fd59000c02cf028f
fcc9fd09fd51fd11
febbfe52fdb2fd29
ff0bfef3ff13fefb
fec3feebfeebfef3
fe42fe42fe6afe9b
fc89fd39fdc2fe12
fcf9fd11fc70fc18
02bf012dfd92fc81
fe3afe4a01a602f7
ffac01c60064004c
fc89fc68fc48fc78
0074ffb4fdbafca1
fd79fd59fd82ffa4
fd49fc99fc78fcf9
fe5afe83fe7afe1a
fdcafe3afe83fe83
fd9afd19fcd1fd21
fc68fc60fd31fdda
fea3fe4afdfafd49
ff03ff4bff43ff2b
fc99fce9fd9afe5a
