00cd00c5009d008d
006c0064008500b5
00950095008d0074
00a500640054007c
00cd00cd00bd00bd
00a500ad00b500cd
009d00b5009d0074
00540054007c008d
007c008500ad0064
ff4bffc4000c0074
fd39fd8afe0afe7a
fcb1fcd1fca9fcd9
fcb1fc91fca9fcc9
fd29fd31fd59fce1
fc99fcc1fcc9fd11
fc81fc99fc91fc91
fc48fc38fc48fc68
ff8cff13fe02fcc1
0024ffecffd4ffc4
ffe4ffe40004001c
005c004c005c003c
ffecfff40044006c
ff73ffc40034004c
ff63ff33ff13ff2b
fffcffe4ffd4ff94
ffc4fff4001c0014
ff9cffbcffc4ffc4
ffb4ffacff8cff94
fffcffecffccffbc
ff73ff84ffbcfffc
ff3bff5bff84ff8c
fed3fed3feebff1b
00bd00b500950085
0054005c0074009d
008d0095008d005c
00ad006c0054006c
00e500cd00ad00bd
00dd00bd00bd00dd
009d00bd00ad00ad
002c001c005c008d
0064007400540024
fd01fdc2ff1b0014
fcc1fcd1fce1fcf1
fd01fd01fd01fcf9
fd19fd29fd19fd19
fddafd61fd39fcf1
fd01fd92fdbafdd2
fc58fc58fc70fcc9
fc50fc48fc58fc60
fe02fd09fc81fc58
0034ffb4ff53feb3
ffccffcc000c0054
0054004c00340024
ffec0014006c0074
ff73ffd4002c0034
ffb4ff7bff33ff2b
00040004fff4ffcc
ffbcffec000cfffc
ff8cff8cff9cffac
ffccffe4ffc4ffac
ffecffecffdcffd4
ff7bff94ffccfffc
ff2bff4bff8cff94
fedbfedbfef3ff1b
00a500b500b5009d
0064005c00740095
00a500bd008d0064
00a500950074008d
00e500b500850085
00c5008d00a500e5
009d00bd00ad00cd
005c003400240054
ff23000c004c005c
fd71fd31fd49fdd2
fd41fd82fd82fd79
fdc2fdd2fdcafd69
fd8afd8afd9afdca
fd69fd51fd51fd69
fd51fda2fd9afd79
fc58fc50fc91fce9
fc48fc58fc60fc68
fc68fc48fc50fc48
ff84ff03fe22fcf9
ff8cffb4fff4ffec
002c000cffecffcc
001400340074006c
ff73ffd400340034
ffd4ffacff4bff33
0014000cffecffdc
ffc4ffec00140014
ff84ff6bff7bff94
fff4fffcffd4ffac
fff4fffcfff4ffe4
ffacffdc000c0014
ff3bff4bff73ff9c
fedbfee3fefbff23
00ad00ad00ad008d
004c0054008500ad
00f500ed009d005c
00bd00d500c500d5
00cd00bd00ad008d
00b5009500bd00d5
008500ad00cd00ed
0054003c00340044
fdcafe93ff9c0054
fdf2fdc2fe22fdf2
fd69fd9afdd2fde2
fcf1fd51fd82fd59
fcb1fcd1fce9fce1
fca1fc99fc91fc91
fcb9fcc1fc99fc99
fc81fc68fc70fc89
fc50fc48fc68fc70
fc48fc50fc38fc48
fe22fd51fc99fc48
ffb4ff6bff13fedb
ffecffd4ffdcffd4
ffec00240064003c
ff7bffcc0004000c
ffdcff9cff53ff43
ffccffd4ffdcffe4
ffa4ffacffccffe4
ff8cff73ff9cffa4
fff4ffecffccffb4
00140024001cfffc
ffb4fffc0034002c
ff5bff63ff7bff94
fed3feebff0bff3b
00bd00bd00bd00a5
004c006c009500bd
00ed00ed009d0054
00e500f500ed00dd
00c500bd00cd00c5
00ed00e500d500c5
008d00b500ed00fd
ffb4000400140064
fe52fe4afe4afef3
fd9afdcafdfafe02
fd11fd29fd51fd82
fcb9fd01fce1fcf9
fc58fc78fc91fca9
fc70fc70fc58fc48
fc70fc78fc68fc58
fc78fc60fc60fc70
fc81fc91fcc1fc78
fc50fc50fc40fc48
fc91fc58fc50fc48
ff5bfe9bfddafd29
ffe4ff7bff53ff53
ff8cffcc00140024
ff63ff7bff84ff8c
ffa4ff7bff4bff53
ff7bff84ff84ff94
ff9cff84ff8cff84
ff9cff8cffacffb4
ffecffdcffc4ffb4
000c002c002c0014
ffa4ffe40014000c
ff6bff73ff94ff9c
feebff03ff23ff5b
00ed00d500c500b5
005c008500a500d5
00e500c50085004c
00e500dd00cd00dd
00a500ad00c500dd
00dd00e500bd00ad
00a500cd00b500a5
fe12fee3ffac002c
fdaafd9afde2fdea
fd19fd39fd79fd82
fce1fd01fd8afd41
fc78fc99fc89fc91
fc68fc81fc78fc60
fc68fc70fc70fc68
fc78fc70fc60fc50
fc48fc60fc78fc89
fca9fca9fc81fc50
fc58fc60fc58fc81
fc48fc48fc48fc50
fe8bfd9afcc9fc58
ff6bff4bff4bff1b
ff63ffa4ffdcffa4
ff53ff4bff53ff53
ff7bff6bff63ff6b
ff63ff5bff5bff6b
ffacff9cff84ff6b
ffacffb4ffd4ffd4
ffecffdcffc4ffbc
ffb4fffc002c0014
ff94ffacffbcffa4
ff84ff63ff84ffac
feebff03ff3bff7b
010500d500c5009d
006c008d00b500f5
00cd00b5008d0054
00c500c500bd00cd
007c008500a500bd
008500a500ad0095
fffc00850095005c
fda2fde2fe12fee3
fd9afdb2fde2fdaa
fd61fd21fd39fd8a
fca9fd01fd21fd59
fc68fc68fc58fc81
fc99fca9fc89fc78
fc60fc58fc60fc78
fc58fc58fc58fc50
fc58fc70fc68fc60
fce9fcb9fc70fc48
fc58fc58fc68fcd1
fc30fc38fc40fc48
fd41fc89fc40fc30
ff6bff53feebfe12
ff53ffa4ffa4ff7b
ff6bff43ff43ff33
ff9cffa4ff94ff84
ff9cff84ff73ff94
ffdcffd4ffb4ff9c
ffccffd400040004
fff4ffe4ffccffc4
ff7bffbc0004000c
ffb4ffbcff94ff6b
ff9cff7bff8cffbc
ff03ff1bff4bff94
00e500d500c5009d
005c008d00ad00dd
009d0095007c005c
007c0085008d0095
004c004c006c0074
003c0074008d0074
fe3affa400540054
fd82fdcafdb2fd92
fd31fd39fdbafdb2
fd21fd49fd71fd79
fc89fcb1fcd1fcf9
fca1fc89fc78fc81
fca1fca9fc99fc99
fc99fc81fc89fc81
fc70fc81fc81fc91
fc68fc60fc68fc70
fca1fc99fc60fc68
fc58fc50fc89fcc9
fc38fc48fc40fc48
fc68fc30fc28fc30
ff3bfec3fdb2fcd9
ff53ff73ffacff94
ff73ff43ff3bff63
ffdcffecffccffa4
ffecffccffb4ffcc
0004fff4fff4fff4
ffe4fffc0034003c
ffb4ffb4ffb4ffcc
ff84ff9cffccffd4
ffdcfff4ffc4ff84
ffacffacffa4ffc4
ff2bff33ff5bff8c
00b5008d0085006c
005c0085009500ad
007c007c00740064
003c003c00440064
005400440054004c
005c00640074007c
fde2fe52ff4b0004
fdaafd71fd8afd8a
fd01fcf9fd01fd59
fc91fca9fce9fd11
fca1fca9fc81fc89
fce1fcd1fcc9fcc9
fcb1fcc1fcb1fcb9
fc81fc81fc99fca9
fc58fc60fc68fc78
fc91fc91fc89fc60
fcc9fca9fca1fca1
fc60fc78fca1fcc1
fc38fc48fc50fc50
fc30fc28fc30fc30
fe83fd49fc78fc38
ff84ffacff94ff43
ff6bff53ff53ff84
ffdcfffcffecffb4
0004ffd4ffb4ffc4
0024fffc0014001c
fffc002c004c0054
ffb4ffbcffccffe4
ffe4ffbcffb4ffbc
fff4002c0014fff4
ffbcffccffbcffbc
ff33ff2bff43ff73
00850054004c004c
006c008d00ad00ad
008d0074006c0064
00440044004c006c
007c006c0064005c
fff40074006c0085
fd51fd8afddafebb
fd21fd71fd21fcf1
fce1fcf9fd11fcf1
fcd1fcb1fcc9fcb1
fcc1fcc1fcc9fcf1
fc89fc89fc89fc91
fc68fc70fc70fc70
fc81fc70fc68fc70
fc70fc78fc91fcb1
fcb9fc91fc78fc68
fd41fd19fd01fcd1
fc70fc99fd01fd31
fc40fc58fc68fc58
fc38fc28fc30fc38
fd49fc81fc40fc30
ffa4ffc4ff43fe5a
ff84ff63ff73ff73
ffe4000cfffcffb4
000cffe4ffbcffc4
0034000400140024
ffe40014004c0054
ffc4ffb4ffc4ffd4
004c0014ffd4ffcc
000c0054004c004c
ffd4fff4ffdcffd4
ff4bff43ff4bff7b
00a5008d006c0054
007c009d00bd00c5
00ad0074007c006c
0074007400740095
007c006c006c006c
fe7affcc006c0095
fcc1fcf9fd79fd9a
fcd9fd11fd19fce1
fcb9fcb1fcd1fcb9
fcc9fcc1fcd9fce1
fca1fca1fcc1fcc1
fcb9fc91fc78fc60
fc78fc78fca1fcb1
fc78fc68fc70fc68
fca1fc91fc70fc68
fc91fc78fc89fca9
fd79fd82fd41fcd1
fc91fce9fd29fd19
fc38fc48fc60fc68
fc48fc40fc38fc38
fc70fc48fc48fc40
ffd4ff94fe8bfd19
ff43ff3bff63ff8c
fff4fff4ffc4ff84
00440014ffdcffec
004cfffcfffc0014
ffb4ffd400140054
ffacff94ff9cffa4
004c00340004ffdc
000c003c00440044
fff4ffecffc4ffd4
ff53ff5bff7bffbc
00bd00b5008d0074
0085009d00b500c5
00b5009500950085
00ad00b500b500ad
0074007c006c0074
fd9afe6aff94004c
fd09fcd1fd11fd79
fcb9fcd9fd19fd49
fcf1fd01fcb1fcb9
fce9fcd9fcf1fd09
fc89fc99fcb1fcc9
fd01fcd9fcc1fc91
fc81fca9fcf1fd09
fc70fc60fc60fc68
fc70fc68fc70fc68
fc91fc91fca9fc99
fdcafd92fd29fcc1
fce9fd59fd39fd79
fc38fc50fc68fc91
fc40fc48fc40fc30
fc40fc58fc50fc40
ff94febbfd29fc60
ff43ff73ff9cff9c
ffb4ff8cff7bff4b
003c0014ffacffb4
0064001cffec0004
ffc4ffe400040054
ffb4ff94ff94ffa4
0034000cffecffd4
ffd4fffc003c004c
0004ffccff94ff9c
ff53ff63ff8cffdc
00c500ad00950085
00bd00c500c500cd
00e500dd00c500ad
00d500f500fd00ed
006400b500b500a5
fda2fdcafeabff84
fd51fd11fcf1fd01
fcd9fcd1fcb9fcf9
fd39fd09fd11fce1
fcd1fd09fd09fcf1
fcb1fca9fca1fcb1
fca9fcb1fcb1fca9
fc58fc68fc89fc81
fc89fc89fc81fc70
fc68fc78fc99fc99
fca9fcc1fc99fc81
fde2fd51fd31fce9
fd21fd69fd9afe12
fc50fc81fcc9fd29
fc48fc48fc50fc48
fc48fc58fc68fc50
febbfd69fc78fc38
ff4bff84ffccff9c
ff73ff7bff63ff53
fffcffacff63ff63
00a5006c00340024
ffec0014003c0085
ffdcffacffb4ffcc
fff4ffc4ffb4ffc4
ff73ffacfffc001c
ffd4ffd4ff63ff43
ff7bff73ff6bffa4
00c500c500bd00bd
00dd00d500b500c5
0115010500cd00bd
010500f5010d0125
ffc4009d00d500ed
fd21fd49fda2fe83
fcf9fd01fd11fd11
fce1fcc1fcc1fcd9
fd31fd59fd79fd29
fcd1fcc9fce9fd41
fcb9fcc1fcb1fcb1
fc70fc81fca9fcb1
fcc9fcb9fca1fc78
fcb1fcb1fcd1fcd9
fc78fca1fcc1fcd1
fcb9fc91fc81fc78
fd59fd01fce9fcc9
fd69fda2fe0afdfa
fc68fcb9fce9fd19
fc58fc40fc40fc60
fc40fc60fc68fc78
fd8afc99fc60fc50
ff53ff8cffa4fef3
ff53ff53ff43ff43
ffd4ff84ff4bff23
00bd00b5008d0024
000c001c0034007c
ffecffc4ffc4ffec
ffbcff9cffa4ffc4
ff43ff73ffb4ffcc
ffbcffd4ff73ff2b
ffb4ffb4ff8cff94
00c500d500ed00e5
00ad00bd00bd00d5
014500f500ad00a5
012d011d0105013d
feabffcc0085011d
fd39fd31fd8afdb2
fce9fcc9fce9fd29
fd31fcc1fcc9fd09
fd51fd09fd71fd92
fcf9fd09fcf9fd11
fca1fce1fcf1fce1
fcd1fc99fc89fc81
fcd1fcc1fcd1fce1
fcb9fce9fd21fd11
fc89fca9fca1fca9
fc91fc78fc81fc91
fd39fcd9fcb9fcb9
fda2fdfafe0afda2
fc99fcd1fd41fd39
fcc1fc68fc50fc68
fc48fc58fc58fcb9
fc89fc48fc60fc78
ff6bff23febbfd9a
ff5bff43ff3bff63
ffe4ffc4ff73ff53
00ad00a5006c0024
0004000c00240064
ffdcffccffccfff4
ffa4ffacffb4ffbc
ff43ff5bff8cff9c
ffd4ffecffb4ff5b
ffc4ffc4ffbcffcc
00fd00f500ed00d5
00a500c500e50115
016d00ed00a50095
012d01250125014d
fdd2fedb003c00e5
fd9afd79fd8afd8a
fcf9fcd9fce9fd69
fdbafd49fca9fd01
fd51fd31fcc1fd31
fd09fd11fd69fd59
fc68fc78fca1fcf9
fd29fd01fd01fc99
fd01fd01fd19fd41
fcd1fcf9fcc1fcc9
fc60fc60fc81fc99
fcb9fc91fc89fc89
fd79fd01fcd1fcd9
fe22fe52fe2afdea
fcf9fd19fd79fdba
fcc1fcc9fc81fca9
fc70fc48fc60fc78
fc40fc38fc48fc68
fe9bfe32fda2fca9
ff6bff33ff13fefb
001c0004ffc4ff8c
0085006400540054
000c0004000c004c
ffecffecffecfffc
ffb4ffc4ffc4ffdc
ff63ff73ff8cff9c
fff4fff4ffccff84
ff9cffacffdc0004
010d00fd00e500cd
00d500e500fd012d
015d010500bd00bd
00e5011501250155
fda2fe12ffb400ad
fd49fd69fd59fd82
fd41fd01fce9fd19
fd8afddafd39fcc1
fdb2fd49fcd9fcd1
fca9fcf9fd51fd69
fce1fc89fc68fc70
fe1afddafdbafd59
fdbafdc2fe32fe62
fcb1fce9fd49fd9a
fc81fc89fc81fc91
fcc1fc91fc78fc81
fdd2fd51fd01fce9
fe72feebfed3fe7a
fd29fd41fd71fe12
fc81fc81fcb1fce9
fc58fc58fc40fc58
fc48fc48fc48fc50
fe32fd9afce9fc58
ff6bff33feb3fe62
003c0034fffcffa4
004c0034000c001c
000cfffcfff4001c
fffcffe4fff40014
ffb4ffd4ffec0004
ff73ff8cffa4ffac
ffccffccffc4ff8c
ff84ffa4ffd4ffe4
010d012d011500fd
00ed00dd0105012d
012500ed00d500e5
00ad00f501250135
fd79fd9afe52fff4
fd31fd41fd11fd29
fcd9fd39fd01fd09
fd29fddafda2fd41
fdb2fda2fd41fd09
fc60fcc1fd31fd51
fdd2fd61fce1fc58
fe83fe93fe6afe22
fda2fdf2fe32fe6a
fcb9fcd9fcf9fd41
fc91fc99fc91fca9
fcb1fc99fca9fcb1
fdc2fd51fd21fce1
ff0bff73ff63fe8b
fd61fdcafe0afe9b
fca1fca1fca9fd19
fc30fc38fc40fc60
fc50fc50fc50fc40
fdf2fd09fc68fc50
ff43fedbfe72fe5a
00540074001cff94
000cffecffd40004
0004ffdcffdcffe4
0004fff40004001c
ffbcffdcffecfffc
ff4bff53ffa4ffcc
ffc4ffe4ffccff7b
ff8cffa4ffccffd4
013d014d0155013d
00e500e50105013d
0125010500fd00f5
000400b5012d0145
fd39fd41fd59fe8b
fd39fd59fd29fd29
fd31fd19fd51fd21
fd29fd51fd9afdc2
fd9afddafdb2fd61
fcb9fc50fc91fd19
fe5afe3afdfafd69
fe22fe62fe83fe72
fcd1fcf9fd59fdca
fc81fc89fc89fcb9
fca9fc89fc78fc78
fd01fce1fce1fcd1
fe02fdaafd71fd31
ffb4ffbcff23fe72
fdc2fe3afebbff3b
fc99fcf1fd09fd59
fc68fc68fc60fc78
fc48fc50fc68fc58
fd41fc99fc48fc38
fedbfe83fe8bfe22
0024004cffe4ff63
ffe4ffccffacffcc
0004ffecffe4ffdc
00040004fff4000c
ffb4ffecfff40004
ff23ff0bff4bff8c
ffacffc4ffa4ff53
ff6bff73ff9cffb4
017501750175016d
00dd00f501050145
01550125010d00ed
fefb007c0125016d
fd19fd41fd41fdca
fd31fd09fd11fd21
fd82fd21fd51fd51
fd61fd61fd69fde2
fd82fe12fe0afdb2
fe52fd61fc81fca9
fe5afe5afe7afe83
fe02fe2afe62fe62
fd01fd39fd8afdda
fca9fcb9fcb9fcd9
fcb1fc89fc99fc91
fd59fd29fce9fcd1
fe72fe2afe02fdb2
001cfffcff7bff23
fe8bfef3ff94ffdc
fcc9fd09fd82fe02
fca1fcb9fc81fc81
fc48fc58fc91fcb9
fce9fc58fc38fc40
fe72fe72fe6afdb2
ffc4ffc4ffa4ff2b
ffc4ffb4ff94ff9c
001c0014fff4ffd4
0014000cfffc0024
ffcc0014001c001c
ff13ff03ff2bff7b
ffb4ffacff7bff43
ff4bff53ff7bff9c
018601860175016d
011501350135014d
01ae018e014d010d
fe4affb400d50186
fd21fd19fd79fdc2
fd21fce9fcf9fd29
fd61fd61fd61fd61
fdcafd92fd59fd69
fd21fd71fe02fe42
fe52fe5afdaafcf1
fe1afe1afdfafdf2
fdd2fe1afe3afe1a
fce1fcf9fd31fd82
fd31fd09fd09fd01
fd31fd19fd19fd19
fd9afd71fd49fd39
ff33ff03feb3fe2a
0054001cffe4ff84
ffa4ffec00140054
fd21fdbafe62fefb
fcc9fce9fcd1fcb9
fc28fc38fc81fc99
fc81fc28fc28fc30
fe52fea3fe12fd41
ff84ff84ff73fea3
ffb4ffacffa4ff8c
001c000cfff4ffc4
000c001c0024003c
ffe400140014000c
ff0bff0bff33ff8c
ffccffc4ff6bff2b
ff5bff63ff8cffb4
017d019e01960186
014d015d014d015d
01ce01de018e0135
fdd2feb3002c0115
fd61fd39fd59fd92
fd31fd19fd11fd39
fd82fd92fd69fd51
fe52fdd2fd79fda2
fd29fd49fdaafe6a
fe0afdcafdd2fdb2
fddafe12fdf2fe02
fd69fd51fd82fd8a
fdaafd59fd39fd69
ff0bfe9bfe5afe1a
ff23ff23ff33ff1b
fec3fed3febbfee3
001cfff4ffb4ff43
008d0054006c0044
002c0054006400a5
fdeafea3ff7bfffc
fc60fcb1fcf1fd41
fc18fc20fc60fc68
fc30fc20fc18fc18
febbfe7afd92fc89
ff63ff33fe9bfe62
ffacffbcffb4ff8c
001cfffcfff4ffc4
001c00440044003c
ffd4fff4fff4fffc
ff03ff13ff3bff8c
ffccff94ff3bff1b
ff73ff9cffc4ffcc
018e01c601de01ce
0155015501450165
016d01ce01a6014d
fdd2fe2aff5300ad
fdaafd79fd09fd41
fd51fd41fd31fd79
fde2fdb2fd82fd51
fe5afe42fe02fe02
fd41fd41fd9afdf2
fde2fdb2fd71fd71
fd01fd51fdbafe02
fdfafda2fd49fcf9
ff9cff23fed3fe62
006c0024ffe4ffd4
007c009d00ad00b5
0044005c00240034
00ad009d007c005c
011500f500cd00c5
00ad00d500d500f5
fedbff9c003c007c
fc99fcd9fd59fdfa
fc28fc40fc38fc60
fc20fc18fc18fc20
feb3fe0afd09fc50
ff2bfee3fe62febb
ff94ffb4ffb4ff9c
00440004fff4ffb4
0054007400740074
ffc4fffcfffc0014
ff03ff13ff43ff8c
ffacff5bff2bff23
ff94ffc4ffd4ffc4
01be01de01f601f6
0165016d015d0175
00fd0155017d0155
fd79fdf2fe9bffc4
fdd2fda2fd31fd31
fd61fd79fd71fd59
fdc2fdd2fdb2fd61
fe3afe8bfe6afdca
fd19fd29fd59fd69
fdcafdf2fd82fd11
fd8afdaafde2fe12
ff6bfedbfe3afdc2
00c5008d0054ffd4
005c00340034005c
00ad00a500bd0095
00d500d500cd00ad
00ed00dd00cd00d5
014d012d012d012d
01050135014d016d
ff7b0024008500c5
fcc9fd41fdeafeab
fc50fc68fc60fc81
fc20fc18fc18fc28
fe62fdb2fc99fc30
ff1bfe93fe6afeab
ff84ffacff9cff6b
00640014ffe4ff9c
007c00b500c500b5
ffd4000c001c0024
ff0bff1bff53ff8c
ff7bff43ff4bff43
ff9cffacff9cff9c
01ae01be01be01d6
01be01a6018e018e
00540115015d01b6
fd71fddafe32ff03
fd92fdcafd92fd31
fd92fd69fd19fd39
fd8afdb2fdd2fdc2
fdc2fe7afe7afdd2
fd11fd11fd29fd59
fd9afd79fd82fd31
fe9bfe72fe22fdd2
00850024ff94ff13
014d00f500cd00c5
015d014d012d012d
0135018601750155
00ad0085008500bd
013d00fd00bd00bd
017501650186015d
01450175018e019e
fffc007400b50105
fcf9fdaafe6aff4b
fc60fc91fcb9fcc1
fc28fc28fc30fc40
fe6afd19fc60fc20
fefbfe93fe9bfebb
ffa4ffacff84ff3b
006c0024ffdcff8c
006400ad00cd00cd
ffd4ffecfffc000c
ff23ff23ff5bffa4
ff53ff43ff63ff5b
ff7bff73ff7bff73
01a60196018e01be
020e01de01b601ae
ff7b010d014d01ee
fd82fdeafe4afeab
fd39fda2fdd2fd69
fde2fd9afd11fd29
fd9afdeafdf2fde2
fd61fe02fe52fe1a
fdaafd71fd19fd01
fdc2fd71fd29fd29
ffa4ff03fe6afe2a
012d00f5009d003c
01e601e601ae017d
01e601f601f601ee
012d014d01ae01a6
012d011d010500fd
0196016d013d013d
01b601be01be01ae
016d019e01be01ae
006c00b500f5013d
fd71fe2aff43fff4
fc60fca9fcc9fd11
fc30fc40fc40fc48
fdd2fc99fc30fc28
febbfe93feabfecb
0004ffccffa4ff3b
005c0014ffccffdc
002c00640095008d
ffe4ffecfffc0004
ff33ff23ff4bffb4
ff43ff53ff7bff63
ff63ff63ff6bff5b
01a6018e018601a6
021e020601e601c6
ff4b008d015501ae
fdb2fe02fe42feab
fd29fd69fdf2fdaa
fde2fe12fd51fd21
fe1afdfafdeafde2
fd69fd79fe02fe4a
fd61fe12fe32fdc2
fe32fd82fce1fcd1
006c000cff4bfe8b
01e60196014d00cd
02260226022e023e
019e01ce01f60216
0175019e019e0196
01c601ce01ae019e
020601ae01860186
01fe020e020e021e
019e01b601ce01de
00b500dd01150165
fddafeebffd4004c
fca1fcb9fcc1fd21
fc38fc48fc68fc58
fd39fc58fc30fc28
feabfebbfebbfe83
0034000cffbcff2b
00440004fff4004c
00140024003c0034
fff400040024001c
ff3bff33ff53ffac
ff3bff53ff73ff4b
ff63ff53ff53ff53
018e017501750175
01f6021e01f601be
feab001c01750186
fdd2fdfafe1afe42
fd21fd31fdeafdb2
fdf2fdcafd79fd29
fe6afe22fdfafe32
fe12fd92fd82fdf2
fcc1fd11fdd2fe5a
fef3fe32fd9afd19
015500c5001cff8c
01e601f601de01a6
01ce01de01fe020e
01e601ce01b601ce
02260236023e021e
021602160226022e
024e023e020e020e
021e0226023e025e
01b601c601de0206
00d5011d01450186
fe8bff730014008d
fce1fcf9fd11fdaa
fc58fc81fc89fc89
fcc9fc40fc40fc58
fefbff03feebfe0a
005c001cffdcff3b
00640064005c008d
0014001c0024003c
fffc002c003c001c
ff4bff53ff73ffb4
ff3bff3bff4bff53
ff7bff5bff3bff4b
0186017d0175016d
01ae020e01f601ae
fe62ff7b0145016d
fdaafdeafdf2fe52
fd39fd19fd8afd82
fe2afdaafd9afd49
fe1afe52fe12fe2a
fe3afe2afdb2fdba
fd11fcb1fcd9fd79
ffecff63fe8bfde2
01d6018e00cd002c
027602870266022e
027e025e026e025e
028f027602760287
0266027e0256025e
026e024e02360246
02760287027e0276
022e02360256026e
01ae01d601e60216
010d0145017d018e
ff1bffd4005c00dd
fcd1fcf9fd71fe32
fc70fc89fc91fcb9
fc81fc48fc48fc58
ff6bff43feebfd79
0044000cff8cff63
009d00dd00c50074
0054005400440064
0004003c0054004c
ffb4ffb4ffccfff4
ff73ff73ff7bff9c
ff7bff53ff3bff5b
0175016d01960186
019601d601f601b6
fe62fef300ad0196
fd92fdaafdfafe3a
fd71fd51fda2fdda
fe22fdf2fd8afd82
fdcafdeafe22fdda
fd69fe1afe32fdda
fd82fcc9fce1fcf1
0085004cff7bfe62
0266022601ae0105
02e702e702c702b7
02df02cf02cf02c7
02f702df02df02df
028f029f02af02df
029f028702970287
02a702bf02af02a7
021e023e02660287
01d601de01ee0206
0125015d019e01b6
ff73001400ad00fd
fce9fd41fdeafeab
fc60fc78fc89fcc1
fc60fc30fc40fc60
ff7bff6bfea3fd11
00440034ff9cff84
00e5010d00f50085
0095008d00640095
000c002c00640074
fffcffecffec0004
ffb4ffc4ffd4fff4
ff7bff73ff73ff94
018e01a601b601a6
014d019e01ce01b6
fe42fe7a002c017d
fdb2fd9afe3afe62
fd82fd79fd49fdba
fdd2fdf2fd71fdaa
fdb2fdaafe22fe1a
fd69fd39fdd2fdca
fe52fd61fce9fd29
0105007c005cff73
02d70287022e01ae
02ff0307030f02e7
031f0317030f02f7
031f0337033f0337
02af02b702df0307
02b702c702bf02c7
02df02e702cf02a7
0226024e027e02af
01e601ee01ee0206
01450175019e01ce
ffd4006400e5012d
fd29fd9afe52ff0b
fc48fc60fc89fcc9
fc38fc30fc60fc60
ffc4ff33fdeafcd1
0044002cffe4ffc4
00e500e500cd008d
008d008d00b500d5
0004001400540085
ffe4ffdcffe4fffc
ffdc000400140014
ffbcffacffa4ffbc
01d601de01d601d6
0115013501be01d6
fe22fe0aff1300ed
fdcafd8afde2fe32
fd82fd71fd41fd9a
fdcafddafda2fd9a
fddafdcafde2fe3a
fdaafdc2fd69fdc2
ff2bfde2fd09fcf9
018e00f500b5008d
030f02c702760206
0337034f0357033f
03370337032f0327
0327033703570347
02e702e702e7031f
02d702df02f702f7
02ef02f702ef02df
0246027e02af02c7
01f601f602060216
016d019601ae01e6
002400b5010d0155
fd71fe0afeb3ff73
fc58fc68fca1fd01
fc30fc48fc68fc58
ffe4fe9bfd49fca1
001cffd4ffbcffdc
00cd00ad0095004c
0095009d00e500e5
fffc000c00340064
fff4ffe4ffe4fff4
ffec00240044002c
ffc4ffbcffbcffcc
020601f601fe0216
010d012d0206020e
fe1afe02fe830044
fdd2fd8afdc2fe0a
fd8afd69fd71fda2
fdfafdfafdcafd79
fdaafdcafd79fdd2
fd69fe02fdfafda2
0085fedbfd82fcf1
01c6018e011d0105
0337031f02c7022e
0367036f036f0357
034f03470357035f
033f034f034f035f
030f0317031f032f
02df02df030f030f
02e702ef02e702f7
0266028702b702d7
01fe0216021e023e
016d019e01ce01ee
005400d501150145
fdbafe52ff0bffcc
fc60fc89fcd9fd39
fc38fc48fc40fc48
ffecfe6afd21fc70
ffc4ff6bff9cffe4
00a5009d007c000c
00c500ed010500cd
0004001c00340064
001c000cfffc0014
00040054006c004c
ffdcffd4ffc4ffd4
020e02160226021e
009d011d020e0216
fe42fe2afe52ff73
fda2fd9afde2fe62
fd8afd51fd92fd92
fdf2fdbafde2fda2
fdeafddafd9afd71
fd39fdf2fe1afe1a
0105ffecfe32fd11
020601c601ce0155
037f033f030f02b7
037f03a0037f0388
035f0367037f0398
033f034f035f036f
032f032f033f0347
02ef02ef0307030f
02ef030f02f702ef
026e029f02bf02d7
01f6021e02260236
018601be01e601ee
007c00e501350155
fdeafe93ff4b0004
fc68fca1fd01fd61
fc30fc38fc30fc48
ff8cfe0afcd9fc48
ffacff33ff8cffbc
008500540044fff4
00a500d500ed00bd
004c0054006c007c
006400440034005c
00240064006c0064
fff4ffe4ffc4fff4
0216022e022e020e
0024011501be020e
fe8bfe3afe42fedb
fd82fdcafdcafe5a
fd8afd59fd82fd59
fd9afdeafdeafdc2
fdfafdb2fdaafd71
fd31fd8afe4afe3a
00f5009dff13fdd2
026e020601e60186
0390035f032f030f
039003a0037f0390
036f038803980388
035f0367037f036f
032703370347034f
030f030f03170317
03070317030702ff
027e02af02d702df
020e022602260236
019601be01ee01fe
009500fd013d0165
fe1afeabff63002c
fc68fcb9fd21fd92
fc28fc28fc38fc50
ff23fd8afcb1fc38
ff94fefbff4bffa4
008d00540024fff4
008500bd00ed00cd
00c500c500ad008d
00950085006c009d
005c007c0074006c
ffc4ffccffdc0024
01fe021e021e01ee
000400dd017d01ee
fe3afe22fdfafe72
fd82fdfafdeafe42
fdb2fd69fd71fd82
fd61fdbafe12fde2
fdf2fd49fd49fd69
fdaafd79fe12fe52
010500d5ffd4fe93
02bf023e021e01ce
037f036f0357033f
038803980377037f
036f039803880388
036f03880390037f
032f033f0357035f
030f0307031f031f
030f0317030f030f
029702b702d702ef
021e0226023e025e
01a601be01ee01fe
00ad011501550175
fe32fedbff94004c
fc91fce1fd49fdca
fc28fc28fc48fc48
fe8bfd09fc99fc30
ffbcff43ff4bff84
00ad007c002c000c
00b500cd00e500d5
010d0125010500d5
00bd00bd00ad00d5
0074009500850085
ff9cffc4ffe4002c
01fe01fe020e01de
ff530095013d01ee
fe2afe0afdeafe7a
fdb2fe22fdeafe42
fdfafdb2fd92fd9a
fd49fd59fdf2fe32
fe52fdd2fd19fd11
fe42fdd2fdcafe02
01350105002cff03
02ff026e0266020e
03880377037f0357
03a003a003980377
0390039803900398
03770377039003a0
033f03570357035f
030f02ff0327032f
030f031f0317030f
029f02bf02cf02f7
0216021e023e0266
01be01ae01d601f6
00cd013d016d019e
fe42fee3ffa4005c
fca9fcf9fd79fdf2
fc28fc40fc38fc50
fe0afd31fc91fc30
ffc4ff7bff43ff7b
00b5007c000cfff4
00cd00bd00cd00c5
00f5012d012d00f5
00b500cd00bd00bd
008d00ad006c006c
ff9cffbcfff40034
0216021e01fe01ce
feb3006c011d01c6
fe32fe1afe12fe3a
fdc2fe1afdeafe12
fdd2fdbafd8afd8a
fd21fd41fd9afdd2
fe3afe5afd92fd09
fef3fe32fdbafdba
01d600f50044ff8c
032f02d702c7026e
038803880388035f
03a803b003a80398
03980390039003a0
037f03900377037f
034f035f035f0357
030702ff03270337
030703170317030f
028f02b702d702f7
020e02260246025e
01c601ce01e60206
00d50135016d019e
fe6afef3ffac0054
fca9fd11fd9afe02
fc40fc38fc30fc78
fd51fcc9fc78fc30
ffe4ff84ff13ff2b
00850034fff4fffc
00bd00c500c500ad
00d50105010500e5
00b500bd00b500a5
008500a500850085
ff6bff94ffe4003c
02060236022601e6
fe83005c01550186
fe4afe62fdeafe12
fdaafdfafdeafdd2
fdeafddafd9afd92
fd01fd31fd69fdb2
fdf2fe12fdd2fd61
ff2bfe5afe22fdc2
022e011d008dffc4
0327030702cf02a7
0390036703670357
03b003b003a803a0
03a003a003a003b0
037f0388037f0390
034f034f0357036f
031703170327033f
02ff0307030f0317
027602b702df0307
021e02460256025e
01ce01fe01fe020e
00e50145018601ae
fe7aff03ffb4004c
fcc1fd09fda2fe1a
fc48fc20fc40fc89
fce1fce9fc78fc30
0024ff94ff03feb3
0054fffcffe4002c
00a500cd00cd009d
00bd00d500bd00b5
00ad00a50095009d
0074008d0095009d
ff53ff73ffcc002c
01de022e02360206
fe22ff8c00e5015d
fdfafe42fdf2fdea
fd71fe12fe22fdc2
fe22fe3afdfafd92
fd41fd19fd51fd92
fdb2fe1afdbafd92
ff3bfe52fe1afe0a
0266017500adffdc
033f030702a702c7
0388036f0357035f
03a003a003980388
03a803a0039803a8
03880388037f03a0
0347033f035f037f
030f0327032f0347
03070307030f0307
029702c702ef02f7
0226023e0266027e
01d601fe02060216
00d5013d018e01c6
fea3ff33ffcc003c
fc89fd01fdb2fe32
fc48fc20fc58fc91
fd01fcf9fc60fc48
002cffb4ff2bfe72
0044fffcffe4002c
00a500c500ad006c
008d00a5009d0095
008d006c0064006c
005c006c00950095
ff84ff7bffb40014
01b6021e021e020e
fe02fed30085016d
fdd2fde2fe22fdfa
fdd2fe0afe42fdca
fdd2fe0afdd2fd82
fd71fd01fd29fd82
fdc2fd61fd92fd71
ff5bfe8bfe2afe2a
026601c600f50004
0357030f030f02d7
037f037f035f035f
03a0039003900388
03a00398039803a0
0388037f03770398
034f034f03670377
031f031f03370347
02f702ff03070307
029f02bf02ef02f7
0236024e025e028f
01de01fe020e021e
00bd012d018601c6
fed3ff63ffec0044
fc91fd29fdd2fe52
fc38fc28fc70fc78
fd39fd39fc50fc58
ffdcffbcff0bfdca
0014fffcffccfff4
00ad00ad008d0054
009500b500a500ad
0074004400440064
001c003400740095
ffdcffdcffdcfffc
01c6020e023e0226
fe3afeab003c010d
fdcafdcafe2afdf2
fddafdf2fe4afdb2
fd82fdeafdfafdc2
fd31fd39fd11fd51
fdfafd39fd41fd61
ff6bfe5afe02fe3a
029f020601350095
036f032f02ff02ef
037f03770357035f
03b003a003980388
03b003a003a003a0
03880390039003a0
034f035f0367036f
03170317032f034f
030702f703070317
02af02cf02df02ff
024602560266028f
01e601fe020e022e
00a50125017d01be
feebff840004004c
fc91fd39fdeafe6a
fc28fc38fc89fc68
fd59fd59fc68fc50
00040014ff4bfd71
000c001c0014ffec
009d0095007c003c
009500a5008d009d
004c0024004c0074
ffd4ffec0024005c
002c004c0024ffe4
018601e602260226
fdf2fe93fff400e5
fdeafdcafdd2fe02
fdf2fdeafe32fdba
fd8afdbafddafdca
fd31fd51fd29fd49
fe12fd82fd31fd71
ffd4fe83fddafdf2
02bf025e017d00cd
036f033702d702ef
0388039003770367
03b8039803a003a8
03b803b803c003c0
03770388039803a0
033f0357035f035f
030703070317032f
030f02e702ff0317
02af02d702c702e7
025e0266027e028f
01e60206021e0236
00a50125017501c6
fef3ff8c0014004c
fc99fd51fdf2fe7a
fc28fc50fc99fc48
fdd2fd29fc70fc48
00ad008dff63fd51
fffc004c005c0064
00a500a5008d0034
005c0064005c0085
0014fffc0034005c
ffb4ffacffd4000c
008500740044fff4
012d01e601ee020e
fdeafe2aff3300cd
fddafda2fdb2fe22
fdc2fe0afe22fdfa
fd82fd92fdb2fdc2
fda2fd21fd41fd51
fdfafdaafd8afd59
000cfebbfdd2fdba
02c7025e01be00d5
0357034f030f02d7
03a80388037f0377
03b003a803a803c0
03b803a803c003c8
0377037f038803a0
034f03770367035f
03070307031f032f
030702ef02f70307
02af02e702ef02ff
026e028702970297
01ee021602360246
00b50125017d01c6
fef3ff7b00040064
fc91fd51fdf2fe83
fc30fc68fc91fc38
fddafd21fc68fc40
00b500adfed3fd39
001c00740074009d
00a500a500850034
0014003400540085
ffd4ffc4ffd4fffc
ffacffacffbcffbc
00440024001cffdc
016501de01fe01ce
fe0afdeafecb0034
fde2fdaafd82fe0a
fdb2fdfafdfafdf2
fdcafdd2fdc2fdba
fdcafd92fd8afd82
fdb2fde2fdd2fd51
008dff03fdc2fdea
02bf028f02160165
0367034f031f02cf
03a0039803a0037f
03c803c803b803b8
03a803c803d803d8
03900388037703a0
0357037f03670377
02f70307031f032f
030f0307030702f7
02c702e702f7030f
0276028f02870297
01f6021e023e025e
008d0105016d01b6
fec3ff33ffcc002c
fca1fd59fe02fe7a
fc28fc60fc89fc38
fe22fd69fc78fc40
0064003cfe4afd92
0044007c00950074
00ad009d0074003c
fff4001400440085
ffdcffc4ffbcffe4
ff9cffc4ffd4ffdc
ffe4ffd4ffccffa4
0105017d021e01de
fe2afdd2fe7affa4
fdbafde2fd92fe0a
fd92fdf2fdc2fdf2
fda2fdaafdaafd71
fd92fdd2fd61fd69
fdb2fde2fddafd61
0105ffb4fdbafde2
02b7028f025601ee
03670367033f02c7
03b003a803a0037f
03c803d803c803c8
039003a803c003c8
037f037703770388
033f034f03570367
02ef030f031f032f
0307030702ff02ef
02b702d702ef02f7
0266027e02870297
01ee020e022e024e
007400e5014501a6
fe72fee3ff6bfffc
fca1fd49fde2fe4a
fc20fc48fc89fc30
fe12fd51fc81fc40
000cffc4fdeafdd2
005c00850085003c
00b500bd009d002c
000c000c0034007c
003c000cffe40004
ff84ffccffec002c
ffacff9cff94ff73
0085015d01d60216
fe2afddafe2aff03
fd9afddafdcafe0a
fda2fdeafd79fdca
fd92fd79fdaafd9a
fd49fd9afdaafd59
fdcafdd2fdd2fd8a
0196005cfde2fda2
029702b702870276
0388035f033f02e7
0398039803a003a0
03b003b0039003a0
0377037f039003a0
035f035f03570367
0327034f0367035f
02ef02ff031f031f
02ef030702ff02f7
02a702b702e702ff
0246027e029702a7
01d601f60216022e
002400bd012d0186
fdf2fe12fe9bff5b
fca9fd41fdc2fdea
fc30fc48fc68fc28
fe2afd11fc78fc30
002cffdcfd8afe2a
007c00740064003c
009d00c500bd006c
003c004c005c0064
007c00540034003c
ff84ffccfff4003c
ffc4ffc4ff9cff63
ffcc00d501ae0216
fe1afdd2fdb2feab
fdaafdb2fdb2fe02
fd79fdaafdd2fdba
fdbafdaafdbafda2
fd21fd49fd92fd69
fd92fdcafdcafd71
021600bdfe32fd51
02a702a7029f029f
0388036f0347030f
036f034f03670390
038803880367037f
035f035f0388037f
034f035f035f035f
030f0337033f0337
02ef02ff030f030f
02e702e702ff02f7
029f02c702ef02f7
02360266028f029f
01b601ee020e022e
ff13fff400b5015d
fd19fd41fdaafe42
fca9fd31fd69fd31
fc20fc50fc58fc28
fe3afcf9fc81fc30
0064ffe4fde2fe9b
0095007c0064003c
00ad00d500e500bd
005c008d009d009d
004c006400640054
ff94ffe400040014
000c000cffccff7b
ff230095014501ee
fdf2fe02fdf2fe1a
fd71fdc2fdc2fdea
fd92fdc2fdf2fd9a
fd9afde2fdb2fd79
fd61fd31fd69fd41
fd79fda2fdb2fd82
025e0135fe93fd71
02cf028702a70297
03770357033f0317
02d702df02f70337
02e702a7028f029f
02ff02ef02df02df
0327032f032f0307
02df02f7030702ff
02e702f7030f02ef
02df02e702df02e7
029702bf02d702e7
023e02560276028f
00f5015501a6020e
fdaafe83ff9c0074
fd11fd29fd29fd49
fcb1fcf9fcd1fcd9
fc18fc50fc40fc30
fe62fd21fc78fc38
0014ff43fe12febb
00ad008d005c000c
00ed010500f500cd
004c007400ad00cd
ffecfffc000c0024
ffd400140024fff4
0014003c0004ffac
fe62fff400f50186
fe02fe0afde2fe02
fd29fd92fdc2fdba
fd61fd9afdd2fd61
fd71fdaafdc2fd92
fd92fd51fd49fd21
fd79fd92fdaafdc2
027e018efefbfdaa
02f702c702af029f
02bf030703270317
0196017d019601fe
015d0145016501a6
014d015d0125012d
028f02660206019e
028702af02df02c7
02d702df02f702bf
02bf02c702c702cf
027e02a702b702bf
0206022e0256026e
ff5bfffc00bd018e
fcc1fd21fdcafe93
fd51fd49fd09fcc9
fca1fcb1fcc9fd21
fc28fc40fc28fc30
fe4afd21fc91fc48
002cfef3fe3afeeb
00cd00950064002c
00ed00fd00ed00e5
003c005c008500ad
ffacffc4ffc4fffc
000c00140004ffc4
fffc002c000cffe4
fe3aff8c00e500c5
fddafe0afdcafdea
fd51fd9afdb2fd92
fd82fdaafdaafd61
fd59fd9afddafd9a
fda2fd8afd61fd51
fdaafd8afdcafdb2
028701a6fedbfd8a
031f02f702cf02bf
00e5019e0297030f
015d012d00fd00bd
ff7bffc4001c00b5
ff73ffbcff9cff8c
016d00ddfff4ff7b
0246025e027601fe
029f02a7029f025e
0297028f029f02af
0266027e028f028f
015d01ce0216024e
fe3afef3ffc400a5
fcd9fce9fd21fd8a
fdeafde2fdaafd31
fc99fcb1fd59fdda
fc28fc28fc18fc28
fe1afd31fc91fc50
002cfee3fe4afed3
00d500c500b5006c
00cd00d500d500dd
000c003c007c0095
ffb4ffdcffccffd4
001cfffcffdcffbc
ffe4fffcfff4000c
fe3afefb00950064
fdf2fdd2fdc2fe02
fd61fda2fda2fda2
fdb2fd8afd82fd61
fd61fdd2fdc2fd92
fd8afdbafd92fd51
fdaafda2fdcafdb2
029f01d6fed3fd31
02ef032702f702c7
0064004c00fd01e6
0115012d01750135
ffacffd4003c009d
ffacff7bff6bff4b
00ad002cffdcffcc
01ce01d601ce0135
0287026e024601e6
027602870287029f
0246025602760276
008d015501e60226
fe0afe72fefbffb4
fe6afdbafd8afdba
ff4bff9cffccff43
fc91fd29fe22feeb
fc30fc20fc10fc20
fdfafd21fca1fc48
004cff03fea3ff3b
011d011500fd00cd
00dd00f500ed0105
00040044008500a5
ffd4ffdcffdcffe4
004c002c0014ffe4
ffccffd4fff4003c
fe22fe3affbc0085
fe02fdc2fda2fdf2
fd71fde2fdd2fd8a
fdfafd9afd79fd61
fd31fd9afd9afd92
fd71fdc2fda2fd51
fdd2fdf2fdbafdfa
029701eefefbfd19
01ee02d7030f02d7
013d00f500dd00f5
022e022601f60196
017d01b601f60226
0095008d008d0115
00ad009500a500bd
017d0186014d011d
026e024e021601c6
0266025e02660287
021e022e024e024e
fff400a5016d01ce
feabfebbfef3ff53
005cffe4ff53fed3
ffe4005c00a500a5
fcb1fdaafe9bff53
fc38fc30fc10fc20
fde2fd41fcd9fc68
004cff23fee3ff2b
014d0145012500f5
010d01050115012d
0014004c009500d5
003c0014fff4ffec
004c002c00140024
fffcfff4000c005c
fe32fe52ff3b007c
fdeafe02fdd2fe02
fd82fddafdc2fd71
fde2fdaafd92fda2
fd51fda2fdd2fd9a
fdcafdbafdcafd41
fdeafe32fddafe22
02bf01eeff13fd11
01ce026602e702e7
026e021601be019e
033f0347032f02af
02b702d702d702f7
01be020e024e027e
018e019e019e018e
01d601d6019e018e
0266023e022601f6
023e023e025e025e
01d601f6020e0226
ffa4001c009d014d
ffbcff73ff63ff73
00fd00fd00c50044
0004008500d500fd
fce1fde2feabff6b
fc30fc30fc10fc20
fde2fd31fce9fc78
0034fef3ff0bff53
015d0165014500f5
0145013d0145013d
001c005c009500ed
006c004c0004fff4
004c002c002c0044
003c0034003c005c
fe1afe52fe9bfffc
fdd2fe12fde2fdf2
fd8afdbafdcafd92
fdeafdeafd9afdaa
fd49fd69fdd2fd92
fdd2fdbafdd2fd31
fdaafe62fddafde2
02bf01eeff03fcf9
0256029f02c702cf
031f02ff02a7023e
03170347034f033f
02c702d702e702f7
022e02660287029f
020601fe01f601fe
024e022e021e020e
026e025602560256
0236024e025e025e
013d01a601d60216
ff8cffb40004008d
007c000cffbcff94
0135013d013500ed
ffdc005c00c50115
fce9fde2fe9bff2b
fc38fc30fc08fc28
fe02fd39fcf9fc99
001cfedbff0bff3b
0165016d015d010d
0115013d0165013d
0014005c008500c5
0044003c0004fff4
006c004c00340024
004c004c005c0074
fe02fe32fe52ff43
fdb2fe12fe0afdf2
fd8afdd2fe0afdc2
fdbafdc2fd92fdb2
fd49fd51fdbafdba
fdf2fdcafdb2fd92
fdaafe62fda2fdca
02af01e6ff03fd01
02b7029702af02bf
033f0337031702e7
0317031f032f032f
02af02cf02e70307
0236024e025e027e
021e021602160216
028f026e023e022e
0297028702760276
0226024e02760287
00850125017d01de
ff9cff8cff9cffdc
00540024ffecffcc
005c008500bd009d
ff63ffcc000c003c
fce9fdcafe62feeb
fc48fc30fc08fc30
fe22fd59fcf9fcb1
002cff3bff53ff53
015d016501450125
00e501250165013d
000c004c007400ad
002c003c0004ffe4
0064003c001c0004
00440054006c007c
fdf2fe2afe52fed3
fdb2fe2afe2afdd2
fda2fde2fe0afdd2
fdbafdc2fdb2fd92
fd79fd69fd9afdaa
fddafdeafdcafd82
fd8afe3afd8afdd2
02a701e6ff03fd09
02e702d702a70297
03270327030702f7
030f0317032f032f
01ee023e029f02ef
01ce01c601b601c6
01fe01fe01f601e6
029f0276022e020e
02bf02a7029f029f
020e0256028f02af
ffcc008d012d019e
ffb4ff94ff7bff7b
008d003cffbcffac
ff84fffc0074009d
febbfea3fecbff13
fd01fdb2fe1afe8b
fc68fc40fc08fc30
fdf2fd59fd01fca9
ffecff63ff63ff33
015d018601750125
00c5011d0155014d
000c0024005c0095
001c002c000cfff4
002cfffcffe4fff4
007c007c0064004c
fe2afe32fe52fe42
fddafe0afdfafdea
fda2fdd2fe0afdfa
fd9afdb2fdbafd82
fd92fd69fd8afdca
fdd2fdbafdc2fda2
fd79fe2afdc2fdb2
02b701e6ff0bfd01
02e702df02b702a7
030f030f030702e7
01f6026e02b702df
004c00dd014d0165
006cfffcffacffdc
01e601c6016500c5
028f024e01f601de
02f702d702bf02b7
01d6026e02af02df
ff53ffd400a5014d
ff84ffa4ff94ff63
fecbff840014ffd4
fdd2fdd2fdeafe3a
fdc2fd8afdcafdda
fd01fd82fdd2fdf2
fc89fc40fc08fc38
fde2fd41fd19fcd1
ffd4ff63ff3bff3b
0155017d0186014d
00bd0135015d015d
fffc00040044007c
fff4fffcfff4fff4
fffcffccffbcffd4
009d008d006c003c
fe2afe1afe3afe02
fe0afe02fe02fde2
fd9afdaafe0afdfa
fdb2fdc2fdaafd92
fd79fd9afd61fdf2
fde2fd8afdbafd9a
fd69fdfafde2fdca
02bf01d6ff0bfd01
02d702ef02d702b7
02a702df02cf02c7
008d0105015d01f6
fe93fedbff7b0024
fef3fe32fdf2fe42
018600e50004ff73
0276020e01ce01a6
031f030702ff02cf
01fe028f02ef0317
ff13ff6b00340115
ffd4ff6bff94ff4b
fcd9fd79fe3aff7b
fdaafe12fd09fcc9
fd11fcd1fce1fd11
fd09fd69fd79fd61
fc78fc40fc10fc38
fddafd59fd31fcd9
0014ffccff8cff33
016d016d0155014d
00cd013d01550165
fff4001c00540064
ffdcfff4fffcfffc
0004ffdcffbcffc4
00ad00ad007c003c
fdf2fe42fe12fe0a
fe02fe0afddafdda
fd9afda2fe02fe22
fdcafdb2fdc2fdaa
fd61fd82fd49fde2
fdfafdcafda2fd8a
fd82fde2fdfafd9a
02af01b6fef3fd01
02cf02d702df02bf
010501de025e02a7
ff33003400bd00c5
fd11fdfafe4afe22
fe12fe93fe7afd92
00ddffacfebbfe1a
027e01fe01a60165
0347033f032f02ff
020602af030f0347
ff03ff2bffdc00d5
ff6bffccffc4ff84
fc99fe4afe22fe3a
ffe4ff6bfd71fd61
fce9fcb1fcf1fe42
fd09fd69fd59fd29
fc68fc38fc18fc48
fe22fd59fd41fcf9
001cff9cff33fedb
0175015501450135
00cd012501450175
0014002c005c006c
ffe4001c00240014
001cffe4ffc4ffc4
00b5009d00850054
fdd2fe12fe0afe2a
fe1afe12fdd2fdca
fdbafdfafe0afe42
fdd2fdcafdcafdaa
fd9afd79fd71fdc2
fdfafd82fd92fd69
fd82fddafde2fdaa
029f019efeebfd09
02af02c702df02cf
0024010501e6026e
fed3fed3ff3bffc4
fd01fe83ff03fd9a
ffd400cdffb4fe8b
0004fea3fe2afeeb
029f023e01de0145
037f035f0347030f
020602df03370388
ff43ff1bffac00b5
ff94ff84003c000c
fc99fd39fe3a006c
00850004fdf2fd59
fce9fca1fd79ff4b
fd11fd79fd61fd19
fc78fc30fc28fc48
fe6afd51fd31fd19
fffcffecfefbfec3
017500fd01050115
00cd00fd012d0175
002c002c00440085
000c003c00340024
002cffecffbcffc4
008d00740064004c
fdd2fe12fdeafde2
fe4afe0afdfafe02
fdb2fe0afe12fe02
fda2fdc2fdc2fd9a
fdb2fda2fd41fd61
fdc2fd9afdb2fd59
fd79fdf2fdeafda2
02a70196ff03fd19
029702bf02ef02f7
ff2300b501be024e
012d00e5ff53fea3
fd82fd69fe02fea3
011d019e006cfeab
ff73ff3bffd4009d
02e702a70256011d
03c0037f03470317
0236030f037703c0
ffb4ff23ff9c009d
006cfedbffec00b5
fdc2fe2afff401e6
005c00c5ff2bfe0a
fd01fcc1fd9aff33
fd19fd92fd8afd49
fc78fc30fc20fc48
fe52fd39fd19fd09
0044005cff33fe9b
014d00fd00f500f5
00dd011d012d014d
00540044003c007c
fffc002c0054005c
0044fff4ffbcffc4
003c005c005c0064
fdd2fe12fdeafdea
fe3afe12fe1afe32
fd9afdbafdcafdf2
fda2fd79fd82fda2
fd9afd8afd09fd61
fdbafdbafd69fd49
fd8afe62fe5afd79
02af019eff1bfd29
02c702ef03070307
00c5019602160287
02260115fff4ffdc
feabfe8bfefb00bd
011501b6017dffac
fffc004400740064
034f02ff02760125
03c8037f0367033f
02660337039803d8
ffecff3bff9c00bd
ffbcfeebffbc010d
ff43ffa4010d00fd
ffc400ad00c5ffcc
fd69fd49fd9afe6a
fd29fdc2fddafda2
fc78fc40fc28fc40
fdfafd49fd39fce9
009d0095ff94fec3
015d012501050115
00ed0135014d013d
00a5009d00740095
0004001c007400a5
004c000cffe4ffe4
004c006400540064
fde2fdfafe2afe1a
fe2afe12fe0afe02
fdeafdfafde2fdf2
fdb2fd31fda2fdc2
fdd2fdbafd31fd29
fd92fdcafda2fda2
fd41fe0afe62fd8a
02d701beff33fd29
031f0337032f0317
024e02a702cf02f7
00f5005c00740165
ffa4ff84002c0115
ffac006400ed0085
0095001c000cff8c
03880307027601ae
03c0038803770357
02a7034703a003c8
ffdcff5bffc40115
011d00b5009500cd
00e5012d01a6019e
fef3ff7bfffc0064
fdb2fdb2fe32fe8b
fd39fdeafe12fdf2
fca1fc58fc38fc48
fd92fd21fd21fcf9
00b50064ff8cff03
0175012d011d013d
00f50135013d016d
00ed00f500bd00ad
0014002c008500bd
004400240014000c
008500640044004c
fe02fe22fe4afe02
fdf2fe32fe4afe42
fde2fe0afe1afe02
fd82fd19fd59fdca
fdc2fdc2fd82fce9
fd79fdeafde2fdb2
fd11fd9afe02fd92
02e701d6ff5bfd21
033703370337032f
02cf031f033f033f
021601fe020e025e
00e50145016d01f6
005c009500dd00ed
016500f500bd0074
0390032f02a7020e
03a803a00398037f
02e7035f03a003a8
ffbcff8c001c01a6
013d011d00f5008d
01ae01ce01b60186
000c00b5010d0155
fdfafdfafe72ff3b
fd51fe02fe42fe2a
fcd1fc60fc28fc48
fdc2fd09fcf9fce9
00f5005cff84ff4b
013d011d012d0125
010d012d0165016d
010d011d00ed00dd
002c004c00bd00f5
002c0034002c002c
00b5008d004c0024
fdd2fe02fe42fe12
fde2fe22fe52fe7a
fdb2fdeafe22fdda
fd49fd19fd39fdba
fd69fdc2fd69fcd1
fd29fdeafdb2fd79
fd01fd82fe1afd92
02ff01feffa4fd29
034f033f0337033f
0337035f036f035f
02bf02a702bf02ff
021e027e029702c7
0115014d019601f6
01fe017501150105
03a00377030f0287
039803a003a80398
0317037703900398
ffc4ffbc009d022e
016d015501050064
01a601b6018e0186
000c00bd01350186
fe4afe52fe93ff3b
fd61fe2afe7afe6a
fce9fc89fc28fc48
fde2fd49fd21fce1
00cd0034ff63ff0b
0135011d014d011d
011d014501450145
013501450135012d
005c006400c5010d
00340044003c0054
00cd00bd006c0034
fddafdeafe32fe22
fe12fe0afe12fe3a
fdd2fe02fdf2fdaa
fd31fd59fd29fda2
fd8afe0afd92fcc1
fd61fdc2fda2fdb2
fcf1fd9afe32fdfa
0317022effecfd39
0357034f033f033f
035703670377035f
02cf02f70327034f
025e029702c702cf
01ae01ce01fe023e
02cf026601e601a6
039803880357030f
03a003a803a003a0
035703a003a003a8
ffe4001c015502af
01d6019e0115005c
01a601ae01c601de
001c00bd0135017d
febbfee3ff2bff8c
fd69fe5afecbfed3
fcd9fca9fc38fc48
fdcafd41fd41fcd9
008dffe4ff5bfec3
01150135016500fd
014d012d010d013d
0145015d01550155
00a500a500c5010d
0064005400440074
00dd00dd00ad006c
fe1afddafe0afe0a
fddafe12fe1afe0a
fdd2fe2afe32fd8a
fcf9fd49fd79fdaa
fd92fde2fdc2fcc1
fd71fdaafdc2fdea
fce9fd71fdeafe22
0317023e0004fd29
035f035f0347033f
035f0377036f035f
03270337033f035f
02af02f702ff0317
02560246024e0276
0347030f02c70287
03a803a0037f0367
03b803b003a803b0
036f03a003b003c0
0014009d020e0317
020601ae01250074
01e601fe02260226
00bd011d017d01ae
ff5bff94fffc004c
fd71fe83ff1bff4b
fcf1fcb9fc30fc40
fe22fd41fd41fd09
006cffccff7bfeeb
011d00f500fd00bd
014501350115012d
0145013d0105010d
00c500e500fd012d
008d00640044006c
00fd00f500cd009d
fe32fdaafe0afe32
fda2fdfafe12fe2a
fdd2fe0afe12fd92
fce9fd41fd92fdaa
fd59fd9afdcafcd1
fd79fd8afe1afde2
fcf1fd51fdc2fe02
03170246fffcfd29
0377037f0357033f
037f037f037f036f
034f034f036f0377
02ff031f032f0347
030f030702ef02df
03770357032f031f
03c003b003880390
03b803b003b803c0
036f03a803b003b8
003c01150276032f
01ee019e0125006c
0226024e0256023e
0145018e01ce01e6
00040054009d00f5
fd69fea3ff4bffa4
fd29fcb1fc30fc38
fe22fd21fcf9fd09
0085ffc4ff03feeb
00dd00cd00c5007c
01150135011d00fd
0145011500bd00d5
00e5012501450155
00a500740044007c
0115010d00ed00b5
fe42fdf2fdfafe2a
fd92fdc2fdeafe12
fde2fddafdfafda2
fce1fd09fda2fdaa
fd41fdaafe12fcf9
fd92fd79fdd2fda2
fd19fd59fde2fe2a
030f023efff4fd31
03a803a003770337
039803a003a00398
0398039003980390
036f036703770388
0367036f03670367
038803670357035f
03c003b803a00388
03c003c003c003c0
03a803d003c003c0
006c018602b7033f
01e6018600f50064
023e02560256022e
018601be01ee0216
006c00c50105014d
fd61fe93ff4bffdc
fd21fcb9fc28fc28
fe02fd21fd01fcf9
00cdfff4ff43feeb
00bd00bd00d500e5
0115014d013d00f5
013500dd009d00c5
0105014d015d0155
00c500a50064009d
0115011d00fd00bd
fddafe0afe2afe12
fda2fda2fdc2fdba
fe0afdfafdd2fdb2
fcf1fd19fdc2fdc2
fda2fdeafe32fd11
fddafd61fdcafd9a
fd11fd59fe0afe2a
0307022effccfd31
03c803b00388035f
03b803c803b803c8
03a803b003b003b8
0388039003a00398
037f038803880388
0388037f036f0377
03b803b803900388
03c003c803c003c0
03d003e803d003c0
00a501f602df0357
01be015500bd004c
024e0256024e020e
01b601ee020e022e
009500fd014d017d
fd49fe7aff43fffc
fd11fce1fc28fc28
fe12fd29fd29fce1
00d5fff4ffa4feab
00dd00bd00a5009d
012d017501550115
014d00e500bd00cd
010d014d016d0175
00f500cd007400a5
011d012d011500f5
fdeafe42fe2afdfa
fd92fd92fdcafda2
fdf2fe02fdcafdea
fd11fcf9fdd2fdea
fdcafd9afe0afd61
fdbafd79fdd2fdba
fd09fd39fdd2fe12
030f0216ffbcfd19
03d003b80390036f
03e003d803c803d8
03d003d003d003e0
03a003b003c003c8
03900398039803a8
0388038803880388
03c803c803b00398
03c803b803c003d0
03c003c003b803b8
0105024e03070377
018e0115007c003c
025e0256023601e6
01de020e02260236
0095010501550196
fd29fe6aff43000c
fd39fcd1fc20fc28
fdd2fd41fd61fd09
00850004ff9cfea3
00ed00d50095008d
015d0186016d012d
015d012d0125011d
01250155016d017d
00f500e5008d00b5
010d010500f500fd
fe2afe72fe02fdda
fda2fd79fdcafdba
fdfafe3afdeafdfa
fd19fcf1fda2fdda
fddafd8afe0afd8a
fdc2fd82fdbafdd2
fd01fd31fda2fdfa
0317021effbcfd19
03d003c00398035f
03e803d803d003d0
03f003d803d003e0
03b003c003d803d8
039803a8039803b0
0390039003900398
03c803d003c003b0
03c803b003b803c8
03c003b803b003c0
0175028703270390
013d00a5003c0064
025e0256023601d6
01fe022e0236024e
009500fd014d01ae
fcf9fe6aff5b000c
fd29fca1fc20fc18
fdc2fd49fd71fd29
00ad002cffccfec3
010d00f5009500d5
0165015d014d012d
014d01650175016d
0125014d01550165
00e500fd00bd00cd
00c500bd00a500cd
fdd2fe8bfe0afdb2
fdcafd9afde2fdc2
fdfafe3afe0afdd2
fd29fd09fd92fdda
fdbafd69fdf2fd9a
fde2fdaafdaafdea
fd19fd59fda2fdea
02ff021effb4fd11
03b003900377034f
03f803e003c003c0
03f003e803d803f0
03c003b803e803e8
03b803c803c003c0
03880388036f0388
03c003b803a003a0
03c803c803d003c8
03a003a803b003b8
01d602bf0337037f
00850034002c00ad
024e023e01fe015d
0206022e0246025e
009d0105016d01be
fcd1fe52ff530004
fcf1fc89fc20fc08
fdaafd41fd69fd31
00c500adfffcfed3
00fd00dd009d00dd
0145012501250125
01450155015d015d
00f5012501350145
00ed011500ed00bd
008d0085008500c5
fd9afe7afe1afd8a
fdbafd8afdbafdaa
fddafe02fe3afde2
fd59fd29fd79fe02
fdb2fd82fe12fdf2
fdfafdbafd8afda2
fd31fd49fd69fdba
02ef0206ff94fd29
03a00388035f0347
03f003e003c803b0
03f003f003f803f8
03e003e003f003f0
03b803e003e003e8
0317033f03670390
03a003980377032f
03c003c803c803b0
039803b803b803c0
023602f703570377
00340044004c011d
025602160186008d
0216023e02560266
009d0115017501ce
fcb9fe4aff53000c
fcc1fc81fc18fc08
fdbafd21fd59fd19
00e500c5001cfec3
00fd00e500d500f5
0115011d012d012d
00fd011d011d0125
00cd00f5010500fd
00ed00fd00e500c5
0074007c008500cd
fda2fe1afddafd92
fd82fd82fd82fd92
fddafe02fe1afdaa
fd61fd29fd59fdf2
fdb2fd8afe22fe12
fdf2fdb2fd79fdc2
fd29fd51fd71fdb2
02cf01eeff73fd31
03a0037f0357032f
03e003d003c003b8
03e803e803f803f0
03f003f8040003f8
036f03a803c803e0
029702b70327035f
03a0039003900337
03b803c803c003a8
03b003b803b803c0
02660307035f03a0
007c006c007c017d
022601be00c50004
020e023e02460256
00a50125018e01d6
fc91fe32ff6b0024
fcb9fc50fc18fc08
fd71fcf9fd59fd19
010d010d004cfea3
00ed00ad00cd00b5
0135012d012d011d
00cd01050105012d
00cd00cd00dd00d5
00e500fd011500f5
006c0074008d00c5
fdbafdfafe0afd9a
fd79fd59fd59fd82
fde2fe0afe02fd8a
fd71fd21fd82fdf2
fd8afd49fe02fe2a
fdd2fdbafd9afdba
fd01fd59fd8afdc2
02c701ceff4bfd19
0398036f034f0317
03e803d003c003b0
03f003f003f803f0
03d803f804000400
0337035f038803b8
02a70206029f030f
03c803b803a00357
039803a003b803c8
03a0039803980398
02870317035f0398
00ad005c00c501d6
01de0125ffecfff4
01fe022e023e0236
00ad0125018e01d6
fc58fe02ff630024
fd09fc50fc20fc08
fd59fcf1fd59fd21
00f501350054feab
00d500bd00bd00cd
0135011d01050115
00cd00ed00f50125
00dd00cd00d500dd
00d500f500fd00fd
006c006c008d00bd
fdbafe1afe42fd82
fd51fd31fd19fd8a
fde2fdf2fe22fd82
fd9afd59fdb2fdf2
fd92fd69fdd2fe32
fdbafd92fd8afda2
fcf1fd41fd9afdd2
02bf019eff13fcf9
038803670337030f
03e803d803c803b0
03f80400040003e8
03b803d803e80400
02ef032703670398
027e018e01a6026e
03e003d803a8033f
03a8039803a803d0
039803b003a00388
029f031f03670377
008d005c010501fe
016d005cff530004
02060226021e01e6
00a50115017d01c6
fc40fddaff5b0014
fce9fc50fc18fc08
fd82fd01fd8afd41
011d014d008dfedb
00e500dd00cd00ed
0135013d0125011d
00d500fd01050125
00ed00dd00dd00d5
00dd00d500dd00ed
0095009500a500dd
fd92fe0afe6afdb2
fd51fd41fd31fd8a
fde2fd92fdeafda2
fddafd8afdaafdfa
fdd2fd79fdbafe22
fdb2fd92fd92fdda
fd01fd21fd71fda2
029f017dfeebfcf9
0388035f032f02f7
03e803e803c803b0
03f803f803f003d8
039803b803d003e8
025602f7033f036f
022e016d00c5016d
03e003b8038802d7
03d003c803d003e8
03a803e803b803b8
02a702ff032f0357
00440044011d021e
00bdff84ff03ffcc
01ee01f601de018e
00950105017501b6
fc30fdaaff4b000c
fcd9fc58fc18fc00
fd92fd41fdb2fd41
01350135007cfeeb
0125011500fd00cd
013d014d01550145
00dd011501250135
010500ed00e500e5
00dd00c500e5010d
00dd00e500dd00ed
fd71fe0afe8bfdd2
fd82fd59fd79fd9a
fe02fdf2fdbafd71
fdcafd92fd8afe0a
fdd2fd8afdb2fe12
fdeafda2fd8afdba
fce9fd09fd49fd82
027e0165fec3fd21
03770347032702ef
03d803c803b803a8
03e003e803f003e0
036f039803b803c8
0186027602ef032f
0287020e011d009d
03a00367031702a7
03b003c803d003b8
039003b8039803b0
029f02ef0327033f
ffec00240105021e
000cff03fef3ff94
01ce01c6019e0115
008500f50155019e
fc20fd69ff2b0004
fce1fc60fc20fc08
fdbafda2fdc2fd39
014d01450064fecb
01550155014d0105
01350145013d0145
00dd00fd011d0135
00f500f500fd00f5
00d500bd00dd0105
00fd010500fd00ed
fd71fdfafec3fe3a
fd8afd49fd61fd82
fdf2fde2fdb2fd49
fdc2fdaafd82fe02
fdc2fd9afdaafe4a
fdb2fd69fd69fd92
fd01fd11fd31fd79
02760155fe83fd01
03670337030702cf
03d803b003980390
03c803c803d003e0
034f0367038803b0
00c501a6027602ff
02ef02b70236011d
032702df02cf02e7
035f0357034f0347
035f0367035f035f
026e02cf03170337
ff9cffcc00ad01ce
ff84fedbff13ff6b
01a601a6016500b5
006c00d5013d018e
fc10fd11feebffec
fcb9fc50fc18fc08
fd9afd59fdbafd51
013d015d005cfe83
013d0165016500fd
00fd0105010d0145
00b500cd00ed00fd
00ed00d500dd00d5
00d500d500f50105
00ed00ed00ed00ed
fd69fdb2febbff0b
fd82fd41fd41fd8a
fde2fd92fdcafd51
fdf2fdb2fdeafe22
fdf2fdcafdc2fe93
fdaafdaafdb2fdb2
fd01fd21fd51fd92
0256011dfe4afcf9
034f031f02d702c7
03c003a0037f0367
03a803a803b003c8
02f7032f035f0388
011500dd01be0287
02ff030702d7023e
027602b702ef02f7
0256021e020e0216
031f030f02e702af
021e029702d702ff
ff73ff6bfff4012d
ff3bff03ff3bff63
0186016d0115004c
005400c50125016d
fc10fcb9fe93ffc4
fcd9fc68fc20fc10
fd82fd21fdeafd9a
0105012d008dfec3
011d015d01650115
00c500b500dd011d
00bd00d500f500dd
00d500a5009d00b5
00dd00d500ed00f5
00ad00ad00c500e5
fd79fde2feabffa4
fd51fd29fd41fd8a
fdf2fd8afdfafd71
fe12fdd2fdfafdca
fdeafdbafdc2fe83
fdeafe02fdaafd71
fcf1fd29fd79fdda
022e00cdfe2afce1
033702ff02bf02bf
0398037f03670357
03900398039803a8
028f02f7032f0367
021e00e500dd01de
031f032f02ff02bf
029702bf02ff0317
01e601d601de022e
02bf028702560216
01750236027602a7
ff33ff23ff2b0004
ff5bff4bff3bff33
0165013d00c50004
001c009d010d0145
fc08fc68fe12ff84
fce1fc81fc30fc10
fdaafd11fe1afdaa
00ad00d500bdff5b
011d013d013500fd
00ad009d00d50105
00c500cd00f500d5
00950054005c009d
00dd00cd00bd00b5
004c007c00ad00dd
fd41fdcafe8bffdc
fd19fd39fd29fd59
fdaafd79fdb2fd41
fe2afdf2fdc2fd8a
fdf2fdeafdeafe83
fdeafe22fd8afd51
fce9fd41fd82fde2
01fe0074fe2afcc9
032702ef02bf02a7
037703670357033f
0357036f037f037f
020e029f02ff033f
029f020600cd00fd
03370337031702e7
029f02df03270327
01c601c601ee0256
022e01fe019e01a6
0014015501ce0206
ff03fef3fedbfefb
ff8cff63ff3bff0b
013d011500a5ffec
ffe4006c00e5011d
fc08fc30fd92ff13
fcd1fc91fc40fc18
fd92fcf9fe0afd79
005c00b50074ff13
0125013d012d00fd
009d009500bd0105
00b500cd00ed00d5
0054003c0054008d
00d500bd008d0064
002c006c009d00bd
fd51fdc2fe42ffc4
fd41fd31fd39fd69
fdaafd8afd8afd82
fe5afdbafdcafdba
fe0afe12fe02fe93
fdd2fe22fdb2fd69
fd01fd69fd79fdd2
01c6fffcfde2fcb1
031702d702af027e
035f034f0337032f
031f03470367035f
014d022e02a702e7
02e7029f01ee00b5
03570347032f02ff
02af02e703070347
00cd014501de025e
00ad00a5005c00a5
ff0bffcc004c0054
fee3fef3feebfee3
ff8cff4bff1bfef3
01150105008dffe4
ff94003c00ad00f5
fc08fc10fd19feab
fcc9fc91fc58fc28
fd8afd09fdd2fd49
003400c50085fefb
012d0135013500f5
009d00a500c50115
00a500d500ed00e5
002c003c0054007c
009d0074004c002c
00440054007400a5
fda2fdd2fe5aff94
fd59fd11fd11fd61
fdcafd61fdbafdba
fe1afda2fdc2fde2
fddafdeafdbafe4a
fdcafe32fdc2fd51
fd09fd79fd82fdc2
017dff94fd61fca9
02ef02d702b70246
0347033703270317
02ef0317033f033f
00cd0186024e02b7
030f02e702a701be
03470347033f030f
0307030f0307032f
0216026602b702f7
01750175019e01e6
ffec001c007c0105
ff13ff3bff5bff94
ff73ff23feebfee3
010500f50085ffec
ff43fff4008500dd
fc08fc08fca9fe42
fcc9fc99fc89fc38
fd9afd09fdc2fd19
008d00dd00edff8c
013d0145013d0105
009d00a500d5011d
00ad00dd00d500d5
0004003c0064007c
005c003c002c000c
0044003c004c006c
fdc2fddafe2affb4
fd79fd19fcf9fd19
fd82fd39fdd2fdb2
fdeafda2fdb2fdaa
fd59fdcafd92fdd2
fdcafdeafd8afd49
fd21fdaafdaafdd2
0145ff3bfd59fcb9
02e702cf02a7021e
0327031f030f02ff
02c702ef0317031f
0165010501fe0287
030f02ff02cf027e
0327034703270307
0347035f033f031f
029f02b702df0347
024e02760297029f
00b500d5011d01c6
ff4bff7bffe4004c
ff43ff0bfef3fefb
00fd00f5008dfffc
fee3ffa4004c00b5
fc10fc00fc58fdca
fcd9fca9fcb1fc50
fde2fd29fd79fd21
00b5008d00adff8c
01550135012d00c5
0095008d00e5012d
009d00c500cd00c5
00140044007c0085
002c0024003c0024
003c0034002c003c
fdaafdeafe4affd4
fd51fd19fcf9fd09
fd82fd29fde2fdaa
fdcafd9afdb2fd8a
fd71fdf2fdb2fdd2
fdbafdc2fda2fdb2
fd21fda2fdb2fdc2
00f5fedbfd59fcc1
02df02cf027601ee
0307030f02f702ef
02c702ef0307030f
024e015501d6026e
02e702df02cf02c7
030f02ef02c702d7
0307033f032f02ff
028f028f02b702cf
025e02970297027e
007c00ad014501f6
ff2bff63ffcc001c
ff2bff03fecbfedb
010d010d00a5fffc
fe9bff6b003400ad
fc20fc00fc30fd51
fcc1fcc1fcc9fc81
fe6afd71fd41fd09
00d5004400b5ffe4
0155013d012500b5
00ad00ad00f50135
007c00b500cd00ad
002400340074007c
000c0024004c003c
000c001400140004
fd8afddafe5aff43
fd29fd11fd09fd21
fd61fd01fd8afd92
fddafdcafda2fd61
fd9afdeafdeafdfa
fdc2fd9afdbafdaa
fd39fdc2fda2fdca
00a5fe62fd29fcd9
02c702af026601de
030702ff02ef02e7
02bf02e70307030f
029701f601e6028f
02660297028f0287
028f0256020e0216
01e6021602460297
026601ee01ee01c6
01fe025e027e027e
ff2bffcc00f501a6
fe1afe6afed3ff03
ff5bfefbfe72fe32
010d013500d50034
fe3aff33fffc008d
fc40fc10fc10fcc9
fcb1fcc1fce1fca9
feabfd92fd71fcf9
014500b50095fffc
0165016d01250105
00bd00c5010d0135
007c009d00cd00b5
0024002c00740095
000c002c004c003c
ffdc000c0024fffc
fd61fdf2fe42fed3
fd31fd41fd21fd51
fd61fce9fd61fd9a
fde2fdeafdb2fd41
fd82fe02fe12fdd2
fde2fd9afdb2fda2
fd31fdc2fd8afdc2
005cfe0afd01fcf1
02bf028f025601b6
030702f702e702e7
02e702f70317031f
026e0256021602a7
0105017d01ee0216
01be018e010500b5
00a500bd012501b6
01a600e5006c005c
01150145018e01c6
fe83fee3ffd4009d
fd61fd39fe93fedb
ff8cfee3fe3afdda
00ed0165011d00a5
fdcafeebffac0024
fc70fc18fc10fc70
fcc1fce1fcf9fcc1
fedbfd79fd69fcf9
014500c500540004
015d01450115014d
00ad00dd011d013d
007c008d00b500bd
003400340074009d
003400540064005c
ffdc001c00340024
fd71fdfafe1afe7a
fd49fd79fd29fd51
fd29fcc9fd69fd92
fe02fdf2fdb2fd69
fd69fdfafe1afdd2
fdfafde2fddafdc2
fd29fdbafd69fdb2
fff4fdcafcf1fcf9
02b7028f022e0175
02ff02ef02df02df
02ff0307031f0327
02060256024602b7
ff33ffc4008d011d
0196013500cdff8c
028701e601e6023e
023601c6015501ee
0135011d01be021e
ffbcffa4003400e5
fdfafd71ffac006c
ffbcff0bfee3fec3
00ad017d016d00dd
fd41fe83ff63ffbc
fc89fc30fc08fc30
fce1fcf9fd21fcf1
fee3fd49fd61fd09
015500bdfffcfff4
015d0125010d014d
008d00e5011d0145
0085008500b500c5
0024002c0074008d
0064005400540054
ffec001c004c005c
fd82fe1afe1afe0a
fd59fd61fd79fd49
fd29fcc9fd31fdaa
fe0afdd2fde2fd61
fd59fdcafdbafdc2
fdeafe2afdc2fdb2
fd29fdb2fd41fd9a
ff94fd8afcd1fcd9
02bf027e02060135
030702e702c702c7
030f0317032f032f
0186024e029702e7
fee3ff43ffb4001c
02d7029f026effac
033702c7035f03a8
037702bf02c7035f
0287021e02cf0398
0115010d01a602b7
fedbfe12003c01ae
0024ff63ffacffa4
0054017501b6012d
fcc1fe0aff13ff8c
fca9fc60fc18fc10
fcf1fd09fd19fd11
fec3fd41fd59fcf1
016501050004ffec
0145012501250145
00bd00dd010d012d
0095008d00ad00dd
002400240064008d
006400540064005c
ffecfff4001c004c
fd9afe12fe32fde2
fd61fd51fd71fd79
fd69fd19fd49fdd2
fdf2fdd2fdcafd71
fd51fdf2fd71fdb2
fdc2fe2afddafdc2
fd21fd9afd41fd82
ff23fd51fcb1fcc9
02c7026e01de00fd
02f702d702c702cf
032f032703170317
012d023e02bf030f
00cd00ad006c001c
0398039802c700bd
03e0037f03e003f0
03f8036f03900400
037f030f036703e8
0155023e02660347
ffc4ff1300440186
005cff6bff9cffd4
fffc013501e6017d
fc60fd82fe9bff5b
fcd9fca1fc30fc08
fd19fd21fd09fcd9
feabfd41fd21fcf1
0165011dfffcffe4
011d011500f50135
00fd00e501150145
009500a500bd00ed
0034002c0054007c
004c006c00850074
ffecfff4fffc0024
fd92fdf2fe5afdfa
fdaafd92fd71fd8a
fd41fd31fd71fda2
fde2fdaafda2fd31
fd82fe02fd71fdaa
fda2fe3afdfafdda
fd21fdaafd39fd59
fe7afd01fca1fcb9
02af024e01a60095
02f702d702b702cf
032f0337030f0307
011d022e02bf030f
020e0216016d006c
031702ff02d7026e
03e0037703d803e0
03f003d003e80400
03a00367036f03d0
00cd025602af034f
006c008500bd007c
0095ffa4ff73ffcc
ffbc00e501be019e
fc20fcf9fe22fef3
fcf1fcc1fc48fc08
fd19fcf9fd11fcd9
fecbfd49fd29fd11
016d010d000cfffc
012d01250145013d
0135013d014d015d
00c500e500fd012d
004c004c008d009d
0064009500b5009d
ffdcfffcfffc0024
fdb2fdf2fe8bfe02
fddafd92fde2fe0a
fd29fd11fd71fdaa
fdeafd8afd79fd61
fd8afd9afd79fd9a
fda2fe0afde2fdea
fd21fd71fd21fd51
fe02fcc9fc70fcb1
028f0226016d003c
02ef02c702b702b7
031f032702ff02ef
0145022e02af02f7
02bf0297020600cd
02b702df030702b7
0388023603a00377
03f803c003e003f8
03c0035f037703c8
014d017d024e0367
002400f50196017d
00b5ffbcff6bff84
ff5b007c01750196
fc08fc89fdb2fe7a
fcf9fcd9fc89fc10
fcf9fcf9fd11fce9
fee3fd51fd09fce9
015500d5ffe40034
016d013d0186016d
0145013d017d0175
00f5012d0135013d
008d00ad00e500f5
008500a500c500c5
fff4000c00240054
fdcafe02fe93fe02
fe0afd92fdfafe2a
fd21fd29fd71fdfa
fe22fd82fd61fd71
fd71fd61fdbafd9a
fdbafdf2fdb2fdda
fcf9fd69fd41fd61
fd8afca1fc50fca1
025601f6012dffbc
02df02cf02bf029f
030702ff02ef02d7
01ae023e02af02ef
02e702cf0276019e
033f0357032f02f7
032702cf0347034f
03c8030f031f0367
02f7023e03070390
027e021e023602df
ff7b005c0186022e
00bdffc4ff6bff4b
fee3001c010d016d
fc08fc40fd39fe12
fce1fd09fcb1fc28
fcf1fd19fd09fce1
ff1bfd69fcf9fcc1
016501150034fffc
0196018e01a60196
014d01350155018e
01250165016d014d
00bd00dd010d011d
008d00bd00bd00bd
fffc00140034005c
fddafe52fe93fe5a
fe12fd82fdf2fd9a
fd51fd39fd49fdc2
fdc2fd79fd8afd9a
fd69fd82fddafd69
fdbafdd2fd9afd9a
fcf1fd82fd49fd69
fd29fc99fc50fc99
022e01be00d5ff03
02c702d702c7027e
02ef02f702d702c7
021e0256029f02d7
0307030702b7022e
036f035f03170307
0367039803980377
034f032f031f033f
02f7026e02af0307
028f02e702df030f
ff63ffa400ad01d6
00a5ffc4ff84ff63
fe6aff8c0095010d
fc08fc18fca9fda2
fce1fd09fcc9fc38
fcf1fd31fcf1fce1
ff53fdbafd01fcc1
0165014500e50004
019e017d01a601ae
0155013d013d01a6
0155018601960175
00cd00ed011d0135
008500bd00cd00cd
000c00340044005c
fdeafe62fe6afe4a
fe0afda2fdf2fdba
fd82fd31fd51fdaa
fda2fd82fd71fd69
fd69fdaafe0afd69
fdb2fdb2fda2fda2
fd09fd82fd59fd82
fcd9fc81fc68fca1
0206016d004cfe5a
02af02bf029f025e
02cf02d702b702af
02660266029702bf
032f031f02cf0276
031f031f032f0317
03c003880377036f
03670357039803d8
0327030f031f0347
01de028702e7032f
ff6bff94ffec00ed
006cffbcff73ff43
fe0afee3ffdc007c
fc18fc08fc40fd21
fcf1fce9fce9fc68
fce1fd21fcf1fd21
ff73fdd2fce1fcb9
0175014500d50064
019e019e018601ae
016d016d017d01b6
0165017d01960186
00ed011d014d0165
008d00d500f500dd
00340044004c0064
fddafe22fe4afe32
fe3afdeafe1afe2a
fd59fd31fd71fdf2
fda2fd8afd49fd71
fd61fdbafe3afd82
fdbafdaafda2fdda
fd39fdeafdb2fdaa
fc89fc89fc91fca1
01d60125ffacfdb2
02970297026e0246
02bf02af02a70297
02a7028f02af02bf
033f031f02d70297
0357035703370307
034f034f0327033f
033f032f0357035f
02a702af02ef033f
010501ae022e0287
ff6bffccfffc003c
0004ffa4ff63ff4b
fdaafe62ff23ffcc
fc28fc00fc10fca9
fce1fd11fd01fca1
fcc1fcf9fd21fd41
ff53fddafcd9fcc1
0175013500bd00cd
019e0186018e019e
016d018e01ae01ae
015d016d017d0175
010d012d014d015d
00bd00ed00fd00f5
004c005c00640085
fdf2fe1afe8bfe7a
fe3afe3afe02fe3a
fd79fd59fd61fde2
fd92fd69fd31fd71
fd69fdb2fdfafd92
fdaafda2fdcafdca
fd41fe22fdeafdba
fc68fc70fcb1fc91
018e00adfecbfcf1
028f027602460206
02af029f029f029f
02d702af02d702c7
0337031702e702d7
035f03370327031f
032f0347032f034f
02cf02e702ff02ff
020e023e027602a7
00ed0145019601ee
ff84ffbc004c0074
ff73ff5bff53ff63
fd19fdf2fea3ff2b
fc40fc08fc08fc40
fcf1fd21fd11fca9
fcc1fce9fd49fd21
ff94fdf2fcf1fcb1
0165011500f500dd
0196019e01b601be
016d018e01be01b6
0155015d01550145
012d013d014d014d
00d5010d011d011d
007c007c0085009d
fe32fe22fe93feb3
fe52fe6afe22fe3a
fdb2fd9afd41fdba
fdb2fd82fd19fd8a
fdaafda2fdd2fdaa
fdd2fddafdeafdd2
fd59fe02fe12fdfa
fc50fc70fca9fc91
013d000cfdf2fc99
028f0276022e01d6
02b70297029702a7
02df02cf02e702cf
0337031f02ff02f7
03270327032f033f
032703370337033f
02a702df0307031f
01ae01f6022e0256
0135017501960196
ff9cffac003c00b5
ff0bff1bff43ff84
fc91fd92fe42febb
fc58fc10fc08fc18
fce1fd09fd11fcb9
fcc1fce1fd09fd09
ff8cfe0afcf9fcb1
01a60125012500e5
019e01ce01d601be
014d018601a601b6
0145015501350115
013d013d013d012d
00c5010d012d012d
0095008d007c0085
fe3afe52feabfeeb
fe72fe22fe52fe32
fd92fd92fd41fdda
fdb2fd69fd29fdb2
fdcafda2fdd2fdc2
fdf2fe02fddafdea
fd59fe02fdfafe1a
fc40fc99fca1fca1
00adff13fd29fc81
02870256020e019e
02c702a7029f02af
02df02e702ef02cf
0317031702ff02ef
031f0327032f032f
034703270317030f
02af02d702ef032f
01ee020e023e0266
012d018e01de01d6
ffbcffe4002c0095
fec3feebff3bff9c
fc30fd11fdf2fe6a
fc78fc20fc08fc08
fd01fcf9fd39fcf1
fcb9fcc9fcf1fcf9
ff9cfe8bfcf9fcb1
01ae0155010d00c5
019e01b6019e0186
0145017d019e01ae
015d0165013d0125
014d013501350145
009500bd00dd0115
00a5006c00540064
fe32fe8bfea3febb
fe02fe52fe6afe2a
fd59fd92fd51fdaa
fdaafd71fd39fd61
fdf2fd9afdd2fdc2
fde2fe02fdc2fe12
fd51fdeafdeafe02
fc50fcb1fc91fcb9
fffcfe02fc99fc60
0276023e01ce012d
02cf02c702970287
02df02ef030702df
0317031702ff02ef
032f033f03270327
02ff030f03170317
0256028f02c702ef
01ce01d601ee022e
013d018e019601be
ffec001c005c00c5
fe7afecbff33ffb4
fc08fc81fd79fe1a
fc99fc30fc10fc00
fd19fd11fd19fd01
fcb9fcc1fcf1fcf1
002cfe93fd01fcc9
01a6014d00c500b5
01ae019e0196018e
014d0155018601ae
016d0165015d013d
01250125013d0155
0064007c009500dd
0074004400540054
fe22fe8bfe83febb
fe2afea3fe83fe32
fd41fdc2fd79fd92
fd69fd69fd49fd59
fde2fd79fdd2fd79
fde2fe0afdb2fe2a
fd49fdbafdd2fdea
fc60fcb1fca1fcb9
ff0bfd09fc50fc50
025601fe017500ad
02cf02c7029f026e
02d702f7030702e7
0317030f030702e7
0337033f032f031f
030f03170337032f
022e026e02af02f7
01e601b601d6020e
019e01ee01f60216
0044005c00950115
fe32fea3ff53ffec
fc08fc28fcf1fdc2
fcd1fc60fc18fc00
fcf9fd11fd01fd21
fcc9fcd1fcc9fd21
000cfeb3fd11fcb1
01c6017d011d00c5
0175015501650186
014d014d01750186
01650165016d0165
00f50115013d014d
004c006c007c00b5
0054004c0064004c
fe52fe4afec3feeb
fe5afe52fe7afe42
fd39fd92fd9afda2
fd79fd51fd41fd59
fd9afd51fdc2fd8a
fde2fdfafd92fe0a
fd69fdc2fdd2fdf2
fc58fcb9fcb9fcc9
fdbafc68fc40fc58
020e01b6010dffd4
02cf02bf028f025e
02ef02ff02df02df
0317030f02ff02ff
0337034703370317
033703370337032f
028f02bf02d70317
024e0236024e026e
01be0216024e026e
0095008d00d5013d
fdeafe8bff8c0034
fc08fc18fc68fd41
fce1fc70fc20fc08
fcf1fd09fcf1fd19
fcb9fcb9fcb1fcf1
002cfeebfd51fcb1
01ce0186014d00ed
016d0125014d019e
013d014501550165
014d014501550155
00d500f5011d0135
0064007c009d00bd
0044004c005c0064
fe5afe52fed3fed3
fe4afe32fe6afe5a
fd41fd8afd82fdaa
fd82fd71fd49fd8a
fd69fd31fdc2fda2
fdeafe12fd79fdd2
fd61fd9afdbafe02
fc70fcb9fcb9fcd1
fcb1fc40fc48fc60
01de01450054fe72
02bf02af026e023e
030702ef02d702c7
031f0317030f030f
0327032f0327031f
033f033f0337031f
02f702ff03170337
029f028f02b702cf
01c6021e025e029f
00bd00c500fd016d
fdaafe7affa40064
fc08fc08fc20fcc1
fcf1fc89fc28fc08
fcc1fce9fcf1fd11
fca9fcc9fcb9fcb9
0085ff2bfda2fcc1
018e016d017d0135
016d014d014d016d
01150135014d015d
012d01150115011d
00cd00ed011d012d
0074009500b500c5
00040024003c005c
fe93fe93fecbfee3
fe1afe42fe42fe7a
fd49fd92fd82fdaa
fd8afd79fd79fd79
fd29fcf9fd92fdaa
fdeafe22fd9afdc2
fd41fd71fdaafe12
fc89fcb9fcc1fcb9
fc40fc48fc58fc60
0175007cfeb3fce1
028f027602560206
02ef02d702c702a7
0327032f031702f7
031f032f032f032f
034f0337031f0317
030f030f0337034f
02af02af02d702d7
01d60226024e0287
00d500cd010d017d
fd41fe52ff8c0085
fc00fc08fc08fc48
fcf9fc99fc30fc10
fca9fd01fcf1fd01
fca1fcd9fcb9fc91
00edff6bfdeafcd1
0145014d016d0135
017d0165014d014d
0115012d01450165
010d0105010500fd
00d500ed00fd0105
00640085009d00ad
ffdcfffc00140034
fe62fe72febbfedb
fe2afe8bfe6afe8b
fd49fdaafd82fda2
fd9afd51fd71fd69
fd39fcf1fd61fd8a
fdd2fdeafd9afdba
fd51fd79fdc2fde2
fc81fcc1fcc9fcb1
fc30fc58fc58fc68
0085fed3fcf9fc40
0256023602060186
02c702b702a70276
032f031f030702df
032f034f034f0347
0357032f03170327
02ef0317033f034f
02a702bf02df02d7
01ee022e0256027e
00cd00bd00f5018e
fcc9fe22ff730085
fc00fc00fc08fc10
fce9fca9fc50fc10
fc99fce1fd09fcf1
fca9fcd9fcc1fc99
0125001cfe6afcf1
011d0155015d010d
0196016d014d0135
013d0145014d016d
010d010501050125
008500b500bd00e5
001c003c005c005c
ffe4000400140014
fe2afe3afec3ff03
fdfafe83fe83fe6a
fdbafdcafd9afd8a
fd8afd49fd8afd9a
fd59fd19fd49fd82
fdf2fdeafd79fdc2
fd61fd92fdeafe12
fc68fcb9fcc9fcb1
fc60fc68fc50fc68
fe83fcf1fc60fc48
021e01ce015d005c
028f0276026e024e
031f02ff02e702af
034f035f034f032f
033f033703370347
02ff03270347034f
028f029702c702df
0206023e02460287
00b500cd01050186
fc58fdaaff430054
fc00fc00fc00fc08
fcd1fc91fc50fc10
fc99fc99fcd1fcd9
fcc9fce9fcd9fcb1
0135ffd4fec3fd41
01250155013d010d
019e01750165011d
015d014d01650196
012501350145015d
002c006c00a500ed
000c000c00240014
fffc001c0024001c
fe62fe62feb3ff43
fdf2fe7afe6afe72
fdeafdc2fdb2fd61
fd51fd49fd41fd79
fd31fd29fd31fd82
fe0afe2afdaafdc2
fd19fd8afdc2fe02
fc91fcc1fcd1fca9
fc81fc60fc50fc78
fcf1fc99fc68fc70
01b6011dffe4fe1a
02660256023e020e
02ff02d702a70287
035f0357033f0327
033f032f0347036f
031f033f03370337
0276028f02a702d7
02060246024e0276
008d00d50115017d
fc18fd21feeb000c
fc08fc00fc00fc00
fcd1fca1fc60fc10
fcc1fca1fcf1fcf1
fcc1fcf1fcf1fcc1
0115ffdcff53fd8a
012d016d015d0135
019e016501650135
0165014d017d01ae
0135014d016d017d
0024005c00cd010d
002c0024001c001c
ffec0014002c0034
fe1afe5afea3ff1b
fdfafe52fe72fe3a
fdaafdc2fde2fd59
fd39fd61fd31fd82
fd11fd19fd29fd82
fe1afe1afdaafd9a
fd09fda2fdc2fdfa
fca1fcd9fcc9fcb1
fc78fc60fc78fc99
fcc9fca1fc91fc89
009dff23fdcafd11
022e020601d60175
02cf02970276024e
0367034f032f02f7
034f0357035f036f
02df030f030f0307
024e0266029702af
020e024e0256025e
005c00bd00fd0175
fc08fc99fe62ffb4
fc08fc00fc00fc00
fcc1fcb9fc68fc20
fcd1fca1fcc9fce1
fcb1fcc9fcf1fcc1
00e5004cff63fd82
0175019601a60186
019e0175016d0155
0165015d017d01ae
01450135015d016d
0044008500f5013d
00440044003c0044
ffec000c00240044
fe3afe5afeabfef3
fde2fe7afea3fe83
fdb2fdb2fe0afd79
fd31fd41fd29fd69
fd41fd09fd21fd79
fdeafdd2fdc2fd8a
fd11fdb2fd92fe02
fcb9fce9fcd1fcc1
fc70fc78fca9fcf9
fcd9fcc9fcc1fc99
fed3fdeafd71fd19
01c6018e0105000c
02760236022e0206
033f031f02e702b7
035f03570347034f
02c702ef031f034f
021e023602660297
01e60236022e021e
001c009d00fd014d
fc08fc38fd92ff3b
fc10fc08fc08fc08
fcc9fcb9fc78fc38
fcb1fcb1fcc9fce9
fc99fcc1fce9fcb9
00b50064ff84fd9a
018e016d01ae0196
01b6019601750186
0165017d018e01a6
015d013501450155
0064009d00f50145
003c0044004c005c
fffcfffc001c003c
fe52fe6afe9bff03
fdfafe52fee3fe93
fda2fdcafe12fdba
fd41fd71fd41fd61
fd69fd19fd21fd79
fdb2fdc2fdaafd59
fd19fdbafd8afdf2
fd11fd21fce1fcc9
fca1fcb1fcc1fd09
fd11fd11fcd9fca1
fe62fdfafd8afd41
00e50044ff73fed3
01e601c601a60175
030702df028f022e
031f030f033f032f
02af02d70317032f
01d601d6021e0276
018e01f6021601fe
ffa4004c00c50105
fc08fc18fcb1fe7a
fc20fc08fc00fc00
fcc9fcb9fc78fc40
fcb1fcb9fce1fce9
fc91fcb9fce9fcc1
008d0054ffbcfdba
019e016501750175
01ae019e019601ae
016d0196019e01ae
014d012501150135
007400b500f5012d
005c005c0054005c
000c001c003c005c
fe42fe7afe93ff1b
fde2fe32fef3feab
fde2fdeafe42fdc2
fd82fdcafd61fd71
fdcafd41fcf1fd79
fd9afddafdb2fd8a
fd41fdaafda2fda2
fd21fd39fcf1fce9
fcc9fcc9fcd1fd01
fd61fd41fcf9fce1
fe8bfe12fdaafd71
ffbcff5bff1bfee3
0145011500b5002c
029f024e01d6016d
02ff02e702ef02d7
026e029702cf02ef
019e017501be0216
013d01c601e601d6
fee3ffd40064008d
fc10fc10fc28fd39
fc20fc08fc00fc08
fcd9fcb9fc91fc48
fcc9fcb9fce1fce1
fc99fc81fce9fcc9
00bd009d0034fdba
01be01a60155017d
01ae018e01ae01ce
016d01a601b601b6
0135011d00f5011d
009500dd010d011d
005c0054005c0054
002c004c005c0074
fe42fe72fec3ff33
fdfafe5afebbfe7a
fe22fdeafe32fde2
fdaafd9afd61fd92
fdeafd31fcb1fd82
fddafe02fdcafd8a
fd51fd9afd69fd92
fd11fd29fd29fd11
fce9fd01fd01fd21
fd9afd41fcf9fcd9
fe9bfe2afdcafd9a
ffacff7bff53fefb
0054fffcffb4ffb4
01ae011500a50085
02bf02b7029f024e
0216023e0266029f
0155011d015d01be
00fd015501960196
fd82fef3ffdc0074
fc18fc10fc00fc40
fc38fc10fc08fc10
fce9fcb9fc99fc58
fcf1fcc1fcd9fce9
fc89fc50fcb9fce1
0105005cffd4fdd2
01d601b601650186
01ae0175017d01d6
0165019e01c601ce
013d012500fd011d
008500dd010d012d
0044003c00440044
001c0034004c0054
fe7afed3fed3ff2b
fe0afe62fe6afe83
fde2fdf2fde2fdc2
fda2fd59fd71fd82
fe1afd39fca9fd79
fdf2fdcafd92fd8a
fd51fdaafd79fdb2
fd41fd31fd49fd21
fd21fd31fd31fd61
fd8afd29fd01fd09
fe9bfe42fdf2fdf2
ffdcff94ff63fefb
ffdcfffcfffcfffc
0024ffbcffccffdc
02460226019e00ed
019e01ce02060236
00e500c500f5014d
003400a500dd010d
fc58fd61fe9bff8c
fc18fc18fc08fc08
fc40fc18fc10fc10
fd01fcc1fc99fc58
fd09fcf9fce1fd11
fc99fc50fc81fce1
00dd003cffacfe02
01be01a601750165
01a6018e01b601ce
0155017d01b601be
016d01550135013d
004c00ad01150155
004c002c002c0034
0014002c00540064
fe9bfeb3fe7afeab
fdf2fe5afe3afe6a
fdd2fdf2fdb2fdca
fdb2fd51fd79fd8a
fe2afd51fcc9fd79
fdeafde2fd71fd8a
fd41fd92fd92fdd2
fd39fd31fd69fd39
fd51fd61fd59fd59
fd79fd41fd39fd41
fec3fe5afe2afdfa
0004ffbcff63ff23
0034004400440034
ff94ffbcffe4001c
01150074ffdcffa4
00dd0115012d0145
001c002c004c008d
fea3ff53ffacfffc
fc18fc40fcc9fdba
fc10fc18fc10fc08
fc40fc28fc18fc10
fd31fce1fc99fc68
fd11fd19fcf1fd11
fca1fc60fc58fcc1
00ad0004ff94fe0a
01b601960186012d
015d016d01c601d6
011d015d0175016d
019601860155012d
0034007c010d0165
00540044004c0044
002c005400740074
fe93fec3fed3fed3
fdfafe6afe4afe5a
fdf2fde2fdaafe22
fd82fd61fd9afd59
fdf2fd51fcc1fd8a
fdbafdfafda2fd9a
fd29fd8afda2fdb2
fd49fd31fd71fd21
fd82fd82fd71fd71
fdaafd8afd79fd71
fedbfe7afe42fdf2
002cffdcff8cff2b
006c006c006c004c
fffc0034004c005c
ff43ff43ff7bffac
fefbff23ff4bff53
fdb2fde2fe42feab
fc89fce9fd49fd82
fc10fc10fc18fc40
fc18fc28fc30fc10
fc48fc30fc20fc20
fd51fd19fca9fc81
fd09fd21fd09fcf1
fca9fc58fc50fc68
00c5ffdcffd4fe32
016d01a601750115
00fd0125019e01ae
00fd00fd00fd00e5
019e01a6018e0145
0085009500e5014d
005c007c00a5009d
0064007c00740064
fe5afeebfefbfedb
fe0afe72fe4afe32
fde2fdeafddafe3a
fd82fd79fda2fd69
fe1afd59fcb9fd79
fdbafdeafdb2fdc2
fd41fda2fdb2fd92
fd49fd59fd92fd21
fdaafdaafd92fd9a
fde2fdb2fda2fda2
fee3fe93fe4afe12
002cffdcff8cff2b
009d009500850064
005c0085008d008d
febbff4bffcc001c
fc89fd01fd92fe22
fc18fc20fc38fc58
fc08fc10fc10fc18
fc08fc08fc10fc20
fc20fc30fc30fc10
fc70fc48fc28fc20
fd09fd31fcd1fca1
fcc1fd49fd29fd01
fcc9fc68fc50fc40
00a5001cffccfe6a
0196019e018e013d
00dd0105015d017d
010d00d500dd00cd
018601b601b6017d
00fd00ed00dd012d
0064009500d500ed
005c007c0074006c
fe5afec3fed3fefb
fdf2fe6afe72fe22
fdd2fdf2fe0afe4a
fd61fd82fdcafda2
fe3afda2fcb9fd61
fdeafde2fe02fdc2
fd59fd9afda2fd59
fd41fd61fda2fd39
fdcafdbafd9afd79
fe02fddafdc2fdca
feebfec3fe83fe3a
0034ffd4ff7bff33
00bd00ad009d0074
006c0085009500a5
fe93ff53ffdc004c
fc10fc68fd11fdca
fc00fc00fc00fc08
fc18fc10fc18fc08
fc08fc10fc20fc48
fc30fc30fc40fc10
fcb1fc58fc38fc30
fd11fd09fd01fcd1
fc68fd31fd69fd29
fd09fc81fc50fc50
010500b5001cfed3
01a601b601b60186
00fd00c500fd0165
013d011d01050105
016d018e019e0175
01050105010d0135
008500a500d500fd
0074007c00640074
fe32fec3febbfeeb
fe12fe83feabfe1a
fdd2fe0afe0afe5a
fd8afda2fde2fdda
fdf2fd9afcb9fd39
fddafddafe32fd9a
fd61fd79fdc2fd61
fd51fd79fdaafd19
fddafdbafd9afd79
fe1afe02fdfafdea
fefbfedbfea3fe52
002cffdcff9cff3b
00bd00a50095006c
006c0085008d00b5
fe52ff2bffc4003c
fc08fc20fcb1fd79
fc00fc00fc00fc00
fc20fc10fc10fc08
fc10fc10fc20fc40
fc38fc48fc58fc18
fce9fcd1fc70fc38
fd29fd11fd49fd09
fc48fcc9fd71fd71
fd19fc91fc50fc50
016d0085001cfedb
019e01ce01ce01a6
011d00a500bd0155
0196018e017d0155
015d0155017d0186
00fd00ed010d013d
00ad00bd00d500e5
007c007400540085
fe52fefbfef3fefb
fdbafe32fe93fe1a
fe02fe22fdeafe3a
fdc2fdbafd9afde2
fdfafdb2fcd1fd59
fddafdc2fe22fdb2
fd79fd61fde2fd92
fd49fd71fd92fd09
fddafdc2fdb2fd71
fe32fe1afe12fdf2
ff13fedbfea3fe62
0034fff4ff94ff4b
00ad00ad008d0064
005c0085009d00ad
fdfafedbff8c001c
fc08fc08fc58fd19
fc00fc00fc00fc00
fc30fc10fc10fc08
fc10fc18fc20fc50
fc48fc58fc48fc28
fce9fce9fc99fc50
fd61fd19fd39fd31
fc38fc58fd01fdaa
fd39fca9fc50fc40
015d007cffd4fef3
01ce01ee01d601a6
00fd00a500e5017d
01c601b6019e0145
016501550175019e
00dd00e50105013d
009d00b500c500bd
0095007400540074
fe3afed3fed3fec3
fdaafe12feabfe2a
fe5afe52fe0afe1a
fda2fd9afd8afe1a
fddafdbafcf9fdba
fddafddafe1afd9a
fda2fd69fdfafd71
fd39fd82fd9afd01
fdd2fdd2fdbafd71
fe52fe3afe1afdf2
ff0bfedbfebbfe8b
002cffe4ff8cff43
009d009d006c003c
0024005c008d0095
fd92fe6aff2bffc4
fc00fc00fc28fcc1
fc08fc00fc00fc00
fc48fc20fc10fc10
fc10fc20fc28fc58
fc58fc50fc60fc40
fce1fcd1fcd1fc81
fdaafd59fd39fd31
fc40fc48fc91fd82
fd8afcc1fc60fc48
013d00a5ffe4ffbc
01f6020601c601ae
00f500fd011d019e
01c601ae01750105
0186017d018601ae
00cd00dd0105014d
00ad00c500c500b5
009d007c005c007c
fe3afed3fed3fe93
fdf2fe1afeabfe1a
fe4afe5afe0afe5a
fdd2fdd2fd9afe02
fe02fd9afcf1fdda
fddafe0afe3afdba
fdbafd49fda2fd11
fd31fd61fd8afd19
fdfafdd2fda2fd69
fe5afe42fe22fe02
ff13feebfebbfe93
0014ffbcff73ff43
007c006c00440024
ffd4002400540074
fd19fddafeabff5b
fc00fc00fc10fc70
fc08fc00fc00fc00
fc58fc28fc18fc10
fc18fc18fc28fc40
fc70fc60fc70fc68
fd29fcb9fcc9fcb1
fd69fd71fd11fd21
fc50fc48fc50fcc9
fe12fce9fc81fc48
0155008d0024ffbc
01fe0206019e0196
010d0125016501a6
01b6019e0175012d
017d0175018e01a6
00d500f5013d0165
00a500bd00bd00b5
00ad007400640085
fe5afecbfecbfe93
fe2afe12feabfe12
fe2afe52fe02fe3a
fe1afdeafd79fdaa
fdeafd69fce9fdd2
fdfafe42fe42fde2
fdc2fd49fd79fd51
fd39fd69fdaafd49
fdfafdcafd92fd51
fe5afe4afe2afe1a
ff0bfeebfebbfe7a
ffe4ffa4ff63ff3b
0044003c002c0004
ff7bffdc0014003c
fcc9fd71fe3afef3
fc00fc00fc08fc38
fc10fc00fc00fc00
fc78fc50fc20fc18
fc30fc10fc28fc38
fc91fc60fc78fca1
fd21fcd9fcd9fcd9
fcf1fd21fd01fce1
fc58fc40fc48fc68
fe32fd41fc91fc50
017500c50085ffec
01f601e60186018e
013d015d019601c6
019601960196016d
013d0145016d018e
00ed010d014d0155
009d00b500b500c5
009d005c00640085
fe32fe93fec3fe83
fe62fe12fe4afe0a
fe12fe42fe12fe2a
fe2afe02fd49fdc2
fdcafd41fcc9fdaa
fdb2fe3afe3afe0a
fdc2fd41fd9afd79
fd59fd69fd69fd71
fde2fdcafd92fd51
fe72fe5afe22fe12
fefbfedbfebbfe83
ffbcff94ff4bff2b
001400140004ffdc
ff2bff8cffd40004
fc78fd21fddafe93
fc00fc00fc00fc10
fc18fc08fc00fc00
fc81fc78fc30fc20
fc50fc18fc30fc48
fcc9fc78fc81fcb9
fcd1fcc9fcc1fcf1
fc91fcc9fce1fcc1
fc58fc48fc48fc50
fe3afd82fc89fc60
017d01050085ffdc
01de01ce017501b6
015d018e018e01c6
018e01a60186014d
0135013d0165017d
0115013501450155
00b500cd00c500d5
005c00540054007c
fdfafe72fed3fe93
fe52fe22fe42fe02
fddafe32fe0afe2a
fdc2fe02fd59fd92
fdc2fd82fcd9fd71
fd9afe4afe12fe2a
fd8afd49fdbafd21
fd79fd51fd21fd79
fdf2fdc2fd92fd59
fe6afe4afe2afe12
ff0bfedbfeb3fe8b
ffacff6bff3bff33
ffe4fff4ffdcffcc
fef3ff63ffacffd4
fc38fcd9fd92fe52
fc00fc00fc00fc08
fc20fc10fc08fc00
fc70fc81fc48fc40
fc89fc20fc38fc58
fcd9fc91fc81fca9
fc99fca9fcb9fce9
fc50fcb9fcd1fcb9
fc58fc58fc40fc58
fe9bfddafca1fc78
0196011d0074ffb4
01c601b6017501b6
01650186017d018e
01a601ae019e015d
015d01860196019e
0135015d01550155
00bd00ed00dd00d5
004c00540054007c
fe1afeb3febbfe93
fe22fe62fe7afe22
fe1afe52fde2fe02
fdb2fdfafd69fd8a
fdcafdbafce9fd71
fdc2fe6afe0afe32
fd51fd41fdeafd39
fd59fd51fd31fdca
fdeafdbafd92fd71
fe5afe3afe22fe12
fef3fedbfea3fe83
ff94ff53ff3bff1b
ffb4ffc4ffccffb4
fec3ff4bff8cffa4
fc18fca1fd69fe2a
fc00fc00fc00fc00
fc28fc18fc08fc00
fc70fc81fc58fc50
fca9fc30fc30fc81
fcd9fca9fc99fcc1
fc99fc91fcb1fcc9
fc40fca1fcc1fcc1
fc50fc58fc48fc40
fe9bfdd2fca9fc68
018600fd00cdffec
01c601be018e0186
0155017d0196019e
01a601b601b6017d
019601be01b601a6
014d0175016d017d
00a500e500d500d5
003c003400340064
0014000cfff4ffec
ffd4ffd4ffe4fffc
ffecffdcffccffc4
ffecffbcffb4ffdc
00140014fffcfffc
ffdcffe4fffc0014
ffd4fff4ffecffcc
ffa4ffacffccffd4
ffdcffd4ffecffa4
fec3ff33ff7bffd4
fd29fd59fdbafe12
fcd1fcf1fcc9fce9
fce1fcc1fce1fd09
fd8afd8afdb2fd21
fcb1fcf1fd01fd59
fc60fc89fc89fc99
fc48fc38fc48fc60
ff03fea3fdb2fca9
ff73ff3bff33ff2b
ff33ff43ff6bff7b
ffa4ff9cff9cff7b
ff53ff4bff8cffb4
ff03ff33ff8cff9c
feebfecbfeb3fed3
ff5bff4bff43ff1b
ff23ff4bff7bff6b
ff03ff23ff23ff23
ff23ff1bff03ff03
ff63ff53ff3bff2b
fee3fefbff2bff63
fec3fecbfeebfeeb
fe7afe7afe93feb3
0004fffcffecffe4
ffbcffbcffccffe4
ffdcffdcffccffa4
ffecffb4ffacffcc
0034001cfffcfffc
001cfffc0004002c
ffd4ffecfffc0004
ff8cff7bffacffcc
ffc4ffdcffbcff8c
fcf1fd79fe9bff73
fd09fd01fd01fd01
fd61fd61fd61fd49
fd69fd71fd79fd82
fe4afdd2fdaafd51
fd39fddafe12fe32
fc60fc68fc89fcf1
fc50fc50fc58fc60
fdaafcc9fc58fc48
ff84ff13fed3fe52
ff2bff33ff6bffa4
ffa4ff9cff84ff6b
ff53ff73ffb4ffbc
ff03ff43ff84ff7b
ff33ff03fecbfecb
ff53ff63ff53ff3b
ff13ff3bff5bff4b
fef3fef3ff03ff13
ff3bff4bff33ff13
ff4bff4bff3bff3b
fee3ff03ff33ff63
feb3fec3fef3fef3
fe83fe83fe9bfeb3
ffecfffcfffcffec
ffbcffbcffccffdc
ffecffecffccffac
ffe4ffe4ffc4ffd4
00340004ffd4ffcc
0004ffccffec0034
ffe4fffcfff40014
ffacff8cff84ffac
fecbff8cffb4ffb4
fdc2fd71fd69fdc2
fdb2fdf2fdf2fde2
fe4afe62fe4afdda
fddafddafe02fe4a
fdc2fdb2fdb2fdc2
fd92fdeafdeafdd2
fc70fc70fcb9fd19
fc58fc68fc70fc78
fc58fc50fc58fc50
fee3fe7afddafce1
fefbff2bff53ff43
ff84ff6bff4bff2b
ff7bff94ffbcffac
ff03ff43ff8cff84
ff4bff2bfed3fecb
ff63ff63ff4bff43
ff1bff3bff63ff63
fef3fedbfeebff03
ff4bff5bff33ff13
ff43ff4bff43ff43
ff0bff3bff6bff6b
fec3fec3fedbfefb
fe83fe8bfe9bfebb
ffecffecfff4ffdc
ffacffb4ffd4ffec
002c001cffdcffa4
fff400140014001c
001c0004ffecffcc
ffecffd4fffc001c
ffecffecfff4001c
ffacff9cffacffbc
fe0afe8bff43ffc4
fe72fe42fe9bfe5a
fdc2fe12fe62fe72
fd51fdaafdd2fda2
fcd1fcf1fd21fd31
fcb9fcb9fcb1fcb9
fcd1fce1fcc1fcb9
fc91fc70fc78fc99
fc70fc60fc89fc89
fc58fc68fc50fc60
fdb2fd01fc78fc50
ff23feebfe93fe62
ff4bff43ff4bff43
ff5bff84ffbcff8c
ff03ff43ff73ff73
ff5bff23fee3fedb
ff3bff43ff4bff53
ff03ff13ff3bff4b
fefbfeebff0bff13
ff43ff43ff2bff1b
ff63ff73ff6bff53
ff1bff53ff8cff84
fedbfedbfee3fef3
fe7afe93fea3fecb
000400040004fff4
ffacffc4ffe40004
001c001cffdcff9c
001c003400340024
000c0004000c000c
001c0014000c0004
ffdcffe40024003c
ff6bffa4ff9cffd4
fecbfeabfe8bff03
fe0afe3afe72fe83
fd49fd82fdb2fdfa
fd01fd41fd11fd21
fc58fc81fca9fcd1
fc68fc70fc60fc58
fc78fc81fc78fc68
fc70fc58fc60fc78
fc99fcb1fce9fc99
fc60fc60fc50fc58
fc68fc40fc40fc48
fed3fe2afd92fcf9
ff53ff03fedbfed3
ff03ff33ff73ff8c
fef3ff0bff0bff0b
ff2bff0bfee3fee3
ff0bff13ff0bff1b
ff13ff03ff13ff13
ff0bfefbff1bff2b
ff3bff2bff23ff1b
ff5bff7bff84ff63
fef3ff33ff6bff5b
fee3fee3fefbfefb
fe93fea3febbfee3
0034001c000cfffc
ffbcffccffec0024
0014fffcffccffac
002c0024001c0024
ffecfff4000c0024
001c001cfffcffec
ffec00040004000c
fe42fee3ff63ffa4
fe1afe12fe72fe6a
fd82fda2fdeafdf2
fd19fd59fdf2fdba
fc99fcb9fca9fcb9
fc70fc89fc81fc81
fc78fc81fc89fc89
fc91fc91fc89fc78
fc58fc68fc89fca1
fcc9fcc9fca9fc68
fc58fc60fc68fc91
fc50fc48fc40fc40
fe22fd51fca9fc58
fef3fee3feebfeb3
feebff13ff43ff13
fef3feebfefbfef3
ff0bfefbfef3ff0b
ff0bfefbfefbff03
ff2bff23ff13ff0b
ff13ff1bff3bff43
ff43ff3bff2bff23
ff0bff5bff84ff6b
feebff03ff1bfefb
fef3fecbfef3ff0b
fe93fe9bfec3fefb
004c001c0004ffdc
ffc4ffd4fffc003c
fffcfff4ffd4ffbc
00140014000c000c
ffd4ffe4fffc0014
ffd4fff4fff4ffe4
ff8cffecfffcffcc
fe02fe32fe2afebb
fe0afe2afe5afe12
fdb2fd69fd8afde2
fcd9fd41fd69fdaa
fc91fc91fc81fca9
fcb9fcc1fca1fc91
fc78fc81fc99fcb1
fc78fc81fc81fc81
fc60fc81fc81fc81
fd11fcd9fc78fc50
fc58fc68fc91fcf9
fc38fc38fc40fc48
fd01fc68fc40fc40
fefbff03fea3fdc2
fedbff1bff13fef3
fefbfee3feebfed3
ff23ff2bff1bff1b
ff2bff1bff0bff23
ff43ff43ff2bff23
ff33ff3bff63ff63
ff5bff4bff33ff2b
fee3ff1bff5bff63
ff13ff1bfefbfed3
ff0bfedbfeebff1b
fe9bfeabfed3ff0b
002c00140004ffdc
ffb4ffd4fff40024
ffe4ffdcffd4ffbc
ffd4ffd4ffdcffdc
ffb4ffbcffd4ffd4
ff94ffd4fff4ffdc
fe3aff53ffd4ffac
fdeafe3afe1afdd2
fd82fd92fe1afe12
fd41fd71fda2fdba
fcb9fce1fd01fd21
fca9fc91fc91fca1
fcb9fcb9fca9fca1
fcc1fcb9fcc1fcb1
fc81fc91fca9fcb9
fc58fc58fc68fc81
fcd9fcb1fc68fc60
fc60fc70fcc1fd09
fc38fc40fc50fc58
fc50fc30fc28fc30
fed3fe7afd71fcb1
fedbfeebff1bff0b
fefbfed3fed3fef3
ff53ff63ff43ff2b
ff63ff43ff2bff43
ff43ff43ff53ff63
ff4bff53ff8cff8c
ff2bff23ff23ff3b
feebff03ff2bff33
ff43ff63ff33fefb
ff1bff0bff03ff23
febbfebbfedbfefb
fffcffdcffd4ffc4
ffbcffe4ffecfffc
ffd4ffd4ffd4ffc4
ff9cff94ff9cffbc
ffbcff9cffb4ffac
ffbcffccfff4ffec
fe2afe6aff13ff84
fe0afddafdf2fdf2
fd31fd29fd41fdb2
fcb1fcc9fd11fd39
fcc9fcd1fcb1fcb1
fce9fce9fce1fce9
fcb9fcc9fcc1fcc9
fcb1fca9fcc1fcc1
fc70fc81fc91fca9
fc89fc91fc81fc70
fce9fcb1fc99fc91
fc70fc99fce1fcf9
fc38fc50fc60fc68
fc30fc30fc30fc38
fe2afd21fc68fc38
feebff13ff03fecb
fef3fee3fee3fefb
ff5bff6bff5bff23
ff6bff43ff2bff43
ff63ff53ff73ff8c
ff63ff84ff94ff9c
ff23ff23ff33ff53
ff43ff1bff1bff23
ff4bff84ff73ff53
ff23ff2bff13ff1b
febbfec3fecbfef3
ffd4ffacffacffac
ffc4ffecfffcfffc
ffdcffc4ffc4ffb4
ffa4ff9cff9cffbc
ffc4ffb4ffacffac
ff7bffdcffc4ffd4
fdb2fddafe02fea3
fd59fdaafd69fd51
fd19fd31fd51fd31
fcf9fcd9fcf1fcd9
fce1fce1fce9fd11
fcb9fcb1fca9fcb9
fc81fc99fca9fca1
fca9fc89fc89fc81
fc78fc91fcb1fcd1
fcb9fc91fc78fc70
fd51fd19fcf9fcc9
fc91fcc1fd31fd59
fc50fc70fc89fc70
fc48fc38fc40fc48
fd09fc68fc40fc40
ff0bff33fecbfe02
ff03fef3fefbfeeb
ff53ff6bff5bff1b
ff63ff3bff23ff33
ff7bff5bff73ff84
ff53ff73ffa4ff9c
ff3bff2bff3bff4b
ff9cff63ff2bff3b
ff53ff9cff94ff94
ff3bff4bff2bff2b
fecbfecbfecbfef3
fff4ffe4ffccffac
ffc4ffe4000c0014
fff4ffc4ffccffb4
ffccffc4ffbcffd4
ffbcffbcffccffc4
fe5aff63ffccffd4
fd19fd51fddafde2
fd01fd41fd69fd39
fcf9fcf9fd21fcf9
fcf1fcf1fd19fd21
fcc1fcc1fce1fce1
fcf9fcc1fca1fc89
fca1fcc1fcf9fd09
fc89fc78fc81fc89
fca9fc99fc78fc89
fc91fc78fc91fcb1
fd69fd71fd29fcc9
fcb9fd11fd49fd29
fc58fc70fc91fc91
fc50fc48fc50fc50
fc60fc48fc50fc50
ff43ff13fe32fce1
fecbfed3fee3fefb
ff43ff3bff23fefb
ff8cff5bff33ff4b
ff94ff5bff5bff6b
ff23ff3bff6bffa4
ff23ff1bff1bff1b
ff94ff7bff4bff3b
ff5bff84ff7bff84
ff53ff3bff23ff3b
fec3fecbfef3ff2b
0004fffcffecffd4
ffc4ffdcfff4000c
fff4ffdcffdcffbc
00040004fff4ffec
ffd4ffdcffd4ffdc
fde2fe6aff43ffc4
fd41fd01fd69fdda
fcf9fd21fd79fd9a
fd41fd49fd01fd09
fd29fd11fd39fd59
fcb1fcc1fce1fd01
fd31fd09fcf1fcb9
fca9fce9fd39fd51
fc78fc70fc70fc89
fc78fc70fc78fc78
fc99fca1fcb9fca9
fdaafd71fd11fcb9
fd19fd71fd41fd69
fc58fc81fc99fcc1
fc40fc50fc50fc50
fc50fc68fc60fc48
ff13fe52fcf1fc50
fedbff03ff13ff0b
ff13fef3fef3fed3
ff8cff63ff13ff23
ffacff6bff43ff63
ff33ff43ff5bffa4
ff23ff0bff0bff13
ff7bff5bff3bff33
ff2bff43ff84ff94
ff63ff33ff03ff0b
febbfecbff03ff4b
0004fff4fff4ffe4
fffc00040004000c
001c00140004ffec
001c003c003c0024
ffdc0004000c0004
fe0afe1afebbff43
fd69fd29fd29fd69
fd21fd21fd11fd39
fd92fd61fd61fd31
fd19fd49fd59fd41
fce1fce1fce1fcf9
fcb9fcc9fcd1fcc9
fc78fc89fcb1fca9
fca1fca9fca1fc91
fc70fc89fca9fca1
fcb9fcd1fca9fc91
fdb2fd29fd19fce1
fd41fd79fd82fdea
fc70fca1fce9fd51
fc40fc48fc58fc58
fc60fc70fc78fc50
fe4afd21fc60fc48
fedbff03ff3bff0b
fef3ff03fef3feeb
ff63ff1bfeebfefb
ffdcffb4ff8cff7b
ff4bff63ff84ffc4
ff3bff13ff1bff33
ff5bff23ff13ff2b
fee3ff0bff53ff7b
ff43ff43fee3fecb
fee3feebfee3ff0b
00040004000c000c
001c0014fff40004
0044004c0014fffc
003c0024003c0054
ff5bffec00040024
fd82fda2fde2fe7a
fd19fd31fd59fd69
fd29fd01fd01fd01
fd8afdb2fdcafd79
fd11fd09fd39fda2
fce1fcf9fcf9fcf9
fc78fc99fcc1fcd1
fce9fcc9fcb9fc81
fcd9fce1fd01fd01
fc81fca9fcd1fce9
fcc9fca1fc91fc81
fd21fce9fcd9fcc1
fd79fd92fde2fdc2
fc89fcd9fd09fd41
fc48fc40fc50fc70
fc68fc81fc78fc78
fd49fc78fc60fc68
fee3ff03ff13fe7a
fefbfefbfef3feeb
ff3bff03feebfed3
ffecffecffdcff7b
ff5bff63ff73ffac
ff43ff1bff23ff4b
ff23ff03ff0bff2b
feb3fedbff23ff3b
ff23ff43fef3feb3
ff1bff23fefbfefb
0004000c002c0024
fff4fffcfff4000c
007c0034fffcfff4
0054003c00240064
fe9bff6bffcc003c
fd82fd82fdd2fde2
fd29fd11fd39fd71
fd82fd01fcf1fd39
fdaafd61fdc2fdea
fd31fd49fd49fd71
fcc9fd09fd19fd19
fcf1fcc9fcb1fca9
fd01fcf1fcf9fd01
fcf1fd29fd61fd49
fca9fcc9fcc1fcc9
fca1fc89fc91fca9
fd09fcc9fcb1fcb1
fd9afdcafdcafd59
fcc9fd01fd69fd51
fcc9fc70fc70fc99
fc68fc70fc68fcb9
fc78fc48fc70fc99
fef3feabfe4afd51
ff03fef3feebff03
ff43ff3bff0bfefb
ffd4ffdcffb4ff7b
ff63ff5bff63ff94
ff3bff23ff2bff53
ff0bff13ff1bff2b
fec3fecbfefbff0b
ff2bff4bff23fedb
ff2bff33ff2bff2b
002c002c002c001c
ffec000400240044
00950034fff4ffe4
004c00440044006c
fe1afed3ffcc001c
fde2fdcafde2fdea
fd49fd21fd29fd9a
fe2afda2fce1fd49
fdaafd8afd11fd8a
fd41fd51fdbafdb2
fca1fca1fcc1fd11
fd82fd59fd59fcd9
fd51fd59fd69fd9a
fd11fd39fd09fd19
fc81fc89fcb1fcc9
fcc1fca1fc99fca1
fd51fcf9fcd1fcd9
fdfafe0afdd2fda2
fd41fd59fda2fdc2
fcd9fce1fcb1fce9
fc81fc58fc70fc81
fc40fc40fc50fc78
fe2afddafd69fc99
ff03fedbfec3fe9b
ff6bff63ff3bff13
ffb4ffacffa4ffac
ff63ff5bff5bff8c
ff4bff43ff53ff63
ff1bff2bff2bff43
fedbfee3fef3ff03
ff3bff43ff2bfef3
ff03ff0bff3bff53
003c002c002c001c
001c00240034005c
007c004c00140004
0014004c004c0064
fe0afe4aff7b0004
fdc2fdcafda2fde2
fd82fd31fd19fd69
fdf2fe52fda2fd11
fe12fdaafd31fd21
fcc1fd29fd9afdd2
fd51fcc1fc78fc78
fec3fe83fe5afde2
fe22fe32feb3fef3
fcd9fd21fd92fdf2
fc99fca9fca9fcb9
fcc1fc99fc81fc91
fd9afd31fce9fcd9
fe1afe7afe6afe22
fd61fd61fd71fdf2
fc91fc99fcd1fd11
fc60fc70fc68fc81
fc48fc50fc48fc50
fdeafd69fcd9fc58
fefbfec3fe52fe0a
ff8cff84ff5bff23
ff94ff7bff6bff7b
ff73ff5bff53ff6b
ff4bff43ff53ff73
ff2bff3bff4bff63
fedbfefbff1bff23
ff2bff23ff2bfefb
fefbff13ff33ff43
003c005c005c0044
0034002400340054
005c003c0024001c
0004002c004c004c
fde2fde2fe5aff9c
fda2fda2fd61fd8a
fd21fd82fd51fd69
fd82fe3afe0afd9a
fe1afe0afda2fd61
fc78fce1fd69fdaa
fe62fdcafd29fc81
ff2bff3bff13febb
fdf2fe5afec3ff0b
fcc1fcf9fd39fd92
fca9fca9fc99fcb1
fca9fca1fcb1fcc1
fd61fd11fcf1fcc1
fe7afee3fedbfe1a
fd69fdbafdd2fe3a
fcc9fcc1fcb9fd21
fc38fc40fc58fc81
fc58fc58fc50fc40
fdbafce9fc60fc50
fed3fe6afe0afe0a
ffa4ffc4ff7bff0b
ff53ff4bff3bff63
ff63ff3bff3bff3b
ff5bff53ff63ff84
ff33ff43ff4bff5b
febbfed3ff23ff4b
ff23ff43ff3bfeeb
ff03ff1bff2bff33
005c007c00850074
00240014002c005c
006c0054003c0024
ffa4fffc004c006c
fd9afd9afd92fe9b
fd8afdaafd82fd82
fd8afd79fdb2fd8a
fd71fda2fdfafe2a
fdfafe4afe22fdd2
fcf1fc81fcd1fd69
fefbfed3fe83fdda
febbfefbff2bff1b
fd11fd49fdc2fe42
fc78fca1fcb9fcf1
fca9fc81fc70fc70
fce1fcc9fcd9fcd1
fd8afd49fd29fd01
fef3ff03fe7afdda
fd82fdd2fe32fe93
fcc9fd09fcf9fd29
fc78fc78fc70fc91
fc50fc60fc70fc60
fd11fc81fc48fc40
fe6afe12fe32fdda
ff8cffb4ff4bfedb
ff43ff33ff1bff33
ff63ff4bff43ff3b
ff63ff63ff53ff6b
ff2bff53ff53ff53
feabfe9bfedbff0b
ff0bff2bff0bfecb
fee3feebff0bff13
0095009d009d009d
000c0024002c0064
008d005c002c0014
feebffec004c0095
fd69fd8afd92fe1a
fd79fd59fd71fd79
fdfafd92fdbafda2
fdb2fdb2fdd2fe5a
fde2fe83fe8bfe32
fec3fdc2fcd9fcf9
ff0bff13ff23ff23
fe83feb3fefbff03
fd21fd61fdcafe2a
fca9fcc1fcd1fcf1
fcb1fc89fc99fc91
fd19fcf9fcc9fcc1
fddafdb2fd9afd69
ff3bff1bfeabfe62
fdeafe2afec3fefb
fce1fcf9fd39fd8a
fcb9fcd9fca1fca1
fc50fc68fca9fcd9
fcc9fc50fc40fc40
fdfafe02fe12fd71
ff3bff3bff1bfea3
ff2bff1bff03ff0b
ff7bff73ff53ff3b
ff73ff6bff5bff84
ff43ff7bff7bff6b
feb3fea3fec3ff03
ff13ff1bfeebfebb
febbfecbfeebff03
00ad00ad009d0095
004400540054006c
00cd009d0064003c
fe7aff63001400a5
fd59fd51fdc2fe22
fd69fd49fd61fd82
fddafdd2fdc2fdaa
fe4afe0afdd2fde2
fd8afddafe7afecb
fef3fef3fe2afd51
feb3fec3fe9bfe9b
fe2afe83feb3fea3
fcd1fcf9fd51fdc2
fcf1fcd9fce1fce9
fd11fcf9fd01fcf9
fd49fd29fd09fd09
fe7afe62fe22fdb2
ff53ff23fefbfeab
feb3feebff0bff43
fd01fd59fdcafe32
fcf9fd21fd01fcd9
fc28fc40fc99fcc1
fc68fc28fc28fc30
fdeafe42fdcafd11
ff03ff0bfefbfe2a
ff2bff1bff13ff03
ff73ff6bff5bff2b
ff6bff7bff84ff8c
ff53ff73ff73ff53
feb3feb3fecbff13
ff2bff2bfee3feb3
fecbfed3fefbff1b
009d00b500ad009d
0074007c0074007c
00d500dd00a50064
fe2afeb3ffb4004c
fdaafd71fda2fdf2
fd8afd82fd79fd9a
fdf2fe02fdbafd92
fef3fe6afdf2fe12
fd8afdaafe0afee3
feb3fe6afe5afe22
fe42fe93fe83fe9b
fd79fd71fdbafdda
fd51fd21fd29fd79
fe5afdfafdcafdaa
fe8bfe83fe8bfe72
fe22fe3afe2afe4a
ff3bff2bfef3fe93
ff63ff3bff6bff53
ff0bff23ff33ff6b
fd82fdfafe93feeb
fc99fcd9fd11fd39
fc10fc20fc78fca1
fc28fc20fc18fc10
fe52fe22fd51fc70
fefbfed3fe42fdf2
ff2bff2bff23ff13
ff6bff5bff5bff33
ff6bff94ff94ff8c
ff3bff5bff53ff4b
feabfeb3fed3ff0b
ff33ff0bfec3feab
fee3ff0bff33ff2b
00ad00dd00ed00d5
006c007c006c007c
008d00dd00bd0074
fe3afe72ff4b002c
fe0afddafd59fda2
fdc2fdaafd92fdda
fe4afe22fdeafdb2
ff03fedbfe6afe62
fda2fd9afdf2fe62
fe6afe32fde2fdd2
fd39fda2fe2afe83
fdbafd71fd31fd09
fedbfe83fe5afe0a
ff63ff23fefbfefb
ff7bff94ff94ff9c
ff4bff5bff2bff3b
ffa4ff94ff73ff5b
ffccffbcffacffac
ff53ff7bff73ff8c
fe22feabff1bff33
fcb9fcd9fd31fda2
fc28fc48fc58fc81
fc20fc18fc10fc10
fe5afdc2fce1fc40
fecbfe93fe1afe5a
ff0bff23ff13ff1b
ff8cff63ff5bff23
ff9cffbcffb4ffb4
ff2bff5bff5bff6b
feb3febbfed3fefb
ff13fee3fec3fecb
fefbff2bff33ff23
00d500f500fd00fd
007c008d0074008d
0044007400a5006c
fdeafe72feebff84
fe3afe12fd92fd8a
fde2fde2fdcafdb2
fe32fe52fe32fdda
fed3ff1bfed3fe32
fd69fd82fdb2fdd2
fe22fe4afddafd61
fd92fde2fe3afe7a
fed3fe6afdeafd9a
ff9cff7bff63ff0b
ff2bff03ff13ff3b
ff94ff84ff94ff63
ffbcffb4ffb4ff9c
ffccffb4ffa4ffb4
ffe4ffdcffecfffc
ff9cffc4ffccffec
fe9bff13ff4bff63
fcd1fd21fd82fe0a
fc50fc78fc81fca1
fc20fc18fc18fc28
fe0afd71fc81fc30
fec3fe4afe1afe52
fef3ff13ff03feeb
ffa4ff6bff4bff0b
ffb4ffecfff4ffe4
ff3bff6bff7bff73
febbfec3fedbfefb
fef3fecbfee3feeb
fefbff0bff03ff03
00c500d500dd00f5
00d500c500ad00ad
ffd4004c007c00c5
fddafe62fea3fefb
fdeafe32fdf2fd8a
fe0afddafd82fd92
fe12fe2afe4afe42
fe32fefbff0bfe62
fd71fd69fd79fdaa
fdb2fda2fdc2fd82
fe62fe6afe42fdf2
ffa4ff6bfefbfeb3
ffecffb4ffacffc4
ffdcffd4ffc4ffcc
fff4003c0024fff4
ff8cff63ff63ff94
fffcffc4ff94ff94
fffcfffc002c000c
ffc4fff40004001c
feebff43ff63ff9c
fcf9fd69fdd2fe6a
fc78fcb1fce1fce1
fc28fc20fc30fc50
fe1afce9fc58fc28
fea3fe4afe42fe62
ff0bff13fef3fed3
ffacff7bff43fefb
ffacffec000cfff4
ff3bff4bff5bff63
fed3fec3feebff1b
fed3fed3ff03fefb
fedbfedbfeebfeeb
00c500b500ad00dd
011d00e500c500cd
ff33005c006c00ed
fde2fe6afecbfed3
fd92fe02fe32fdd2
fe6afe12fd79fd8a
fe2afe6afe6afe72
fdd2fe8bfeebfebb
fdeafdc2fd71fd69
fdcafd82fd41fd59
ff1bfeabfe42fe12
000cfff4ffb4ff84
005c006c004c003c
00540064006c0064
ffc4ffe40044002c
fff4ffd4ffb4ffa4
00340014fff4fff4
002400340044003c
ffe4000c002c001c
ff33ff6bff8cffcc
fd41fdb2fe72fee3
fc89fcc9fce1fd11
fc30fc40fc50fc70
fd92fc78fc30fc38
fe62fe42fe52fe72
ff6bff33ff1bfecb
ffa4ff6bff33ff43
ff84ffb4ffdcffd4
ff4bff4bff5bff63
fedbfec3fedbff2b
fecbfeebff13fefb
fed3fecbfeebfee3
00bd00ad00ad00cd
012d010d00ed00e5
ff43000c006c00ad
fe12fe6afec3ff0b
fd8afdcafe62fe1a
fe72fe8bfdc2fd82
feabfe8bfe7afe7a
fddafdfafe93feeb
fd82fe52fe9bfe3a
fe2afd79fcd9fcd1
ff9cff73fee3fe52
009d005c002cffcc
008d009500ad00cd
001c004c00740095
fff4001c0014000c
00540054003c002c
007c00340014001c
00540064006c008d
000c0014002c003c
ff63ff7bff9cffe4
fd69fe2afecbff13
fcd9fcd1fcb1fce9
fc38fc50fc89fc99
fd11fc50fc30fc30
fe3afe62fe62fe3a
ff94ff73ff2bfeab
ff9cff63ff4bffa4
ff7bff84ff94ff8c
ff5bff6bff84ff7b
fedbfecbfedbff1b
fed3feebff0bfee3
fed3fecbfedbfee3
00a50095009d009d
0105012500fd00d5
feebffc400a5008d
fe32fe62fea3fedb
fd82fd92fe52fe2a
fe83fe4afdeafd92
fefbfeb3fe93fed3
fe72fe0afe12fe8b
fcd9fd49fe2afecb
feb3fdfafd69fd01
00640004ff8cff23
009d00b500a50085
00540064008d00ad
00640064004c005c
009d00ad00ad008d
0085007c009d00ad
00ad00a50085008d
0064006c008500ad
00240024003c005c
ff7bffb4ffd40004
fddafe8bfef3ff43
fd11fcf9fcd9fd39
fc58fc99fcb1fcc9
fcb9fc40fc40fc58
fe7afe93fe8bfdca
ffa4ff7bff4bfeb3
ffc4ffb4ff9cffc4
ff7bff7bff7bff9c
ff63ff8cffa4ff84
fedbfedbfeebff23
fed3fed3fee3fee3
fefbfedbfec3fedb
009d009d009d0095
00bd0115010500c5
fedbff5300950074
fe0afe42fe83ff03
fd9afd8afdfafdf2
fec3fe2afe0afdb2
feabfedbfeabfecb
fe93fea3fe3afe42
fd19fcd9fd19fdca
ff53feebfe32fdb2
00bd00a50004ff8c
01250135011500f5
011500fd01150115
00fd00f50105011d
00e500fd00d500cd
00d500ad00a500c5
00cd00f500fd00f5
007c008500ad00bd
0034004c0054007c
ffb4ffdc0014001c
fe4afed3ff3bff94
fce1fcd1fd09fd92
fc81fca9fcb9fcd9
fc81fc48fc38fc58
fedbfec3fe83fd41
ff8cff6bfef3fecb
ffdc000cffecff8c
ffa4ffa4ff94ffac
ff63ff9cffb4ffa4
ff2bff2bff33ff5b
fefbfef3fefbff1b
fef3fed3fec3fee3
008d008d00bd00ad
009d00dd010d00cd
feebfefb002c00ad
fdf2fe12fe8bfee3
fdd2fdbafe12fe42
feb3fe6afdfafdea
fe42fe6afeb3fe72
fdbafe83feabfe52
fd61fcc9fd01fd21
ff9cff84fee3fe0a
0135010d00ad000c
01960196016d0165
0175016d017d0186
014d014d0155016d
011d012501250145
011500fd0115010d
0105012d01250125
008d009d00bd00e5
0064005c0064007c
ffc4fff40034004c
fe8bff03ff84ffbc
fcd1fcf1fd59fdea
fc70fc99fc99fcc1
fc60fc30fc38fc60
fee3fee3fe4afce1
ff73ff84ff03feeb
000400340014ffac
ffd4ffccffacffcc
ff6bff8cffb4ffc4
ff6bff53ff53ff6b
ff2bff3bff43ff63
fef3feebfeebff0b
00a500c500dd00cd
006400b500e500cd
fec3feb3ffdc00b5
fe12fe0afebbfef3
fddafddafdbafe22
fe62fe72fde2fe02
fe22fe1afea3feb3
fdbafdaafe4afe3a
fdeafd39fcf1fd59
fff4ff84ff8cfed3
01ae016d010d008d
01d601d601d601b6
01c601ce01ce01c6
018601ae01d601d6
013d0135014d0165
0125013d01450155
0135014d014d0135
009d00bd00dd0105
006c00740064007c
ffd40004002c005c
fed3ff3bff9cffc4
fce9fd31fdb2fe32
fc58fc70fc78fca1
fc38fc28fc58fc60
ff2bfeabfd92fca9
ff73ff7bff43ff2b
0004000cfffcffbc
ffdcffccffe4fffc
ff63ff73ffa4ffd4
ff43ff3bff43ff5b
ff4bff6bff6bff6b
ff23ff13ff0bff2b
00ed00f500f500f5
0034004c00d500ed
fea3fe62feeb0044
fe32fe02fe62feb3
fde2fddafdb2fe02
fe52fe5afe0afdfa
fe3afe32fe52fec3
fe0afe3afddafe32
fe83fd9afd01fd31
0074ffecffbcffac
021601c6015d00ed
023e0256025e0246
0206020e020e021e
01b601de021e021e
017d016501550186
0155015d017d018e
014d016501650165
00c500ed010d0125
0074006c007c008d
ffec00140034005c
ff03ff73ffacffdc
fd21fd8afdfafe8b
fc60fc68fc89fcc9
fc28fc40fc58fc58
ff43fe1afcf9fc81
ff63ff2bff23ff43
ffe4ffdcffdcff94
ffdcffdc000c0004
ff5bff6bff8cffb4
ff4bff3bff43ff53
ff43ff73ff8cff73
ff1bff23ff23ff2b
011500f501150135
004c004401150125
feabfe6afe83ffdc
fe42fdf2fe3afe9b
fdfafdeafde2fe02
fe72fe72fe42fdf2
fe1afe3afdeafe4a
fdcafe7afe7afe1a
ffacfe6afd61fd19
00b5005c000c0004
023e021601b60115
028f029f028f0276
023602460266027e
01ee0206021e023e
01b601ae01a601b6
0175017501ae01b6
015d0175017d018e
00f5010d01250145
006c0085009d00c5
000c002c004c005c
ff2bff94ffd4ffec
fd41fdc2fe3afed3
fc68fc81fcb9fcf1
fc38fc48fc40fc50
ff5bfe0afce1fc60
ff3bfee3ff03ff4b
ffccffd4ffccff6b
00040014002cffec
ff63ff73ff8cffbc
ff63ff53ff53ff6b
ff4bff8cffa4ff8c
ff2bff33ff33ff33
01250115012d0145
fffc003c01150135
fedbfe9bfe72ff43
fe12fe0afe52feeb
fe02fdd2fe02fdf2
fe62fe32fe5afe1a
fe6afe52fe0afde2
fd8afe6afeabfea3
0024ff6bfe0afd29
00dd0085009d003c
028f023601fe019e
02bf02d702af02af
025e028702af02cf
01fe02160236025e
01e601de01de01e6
0196019e01be01c6
01750196018e018e
0105012d0145015d
006c009d00ad00cd
0024004c00640064
ff53ffacffec0004
fd61fdf2fe7afefb
fc70fc91fcc9fd09
fc30fc38fc30fc50
ff0bfdbafcb1fc40
ff33feb3fefbff23
ffacff94ff94ff5b
ffd4fffc0014ffe4
ff94ff9cffb4ffb4
ffa4ff8cff7bffa4
ff6bff9cffa4ff9c
ff3bff43ff2bff4b
0125012d01350125
ffa4004c00cd0125
ff13febbfe8bfedb
fdfafe42fe3afedb
fe02fdd2fdf2fdca
fe02fe5afe5afe3a
fe83fe32fe1afdd2
fd71fdf2fedbfed3
0014000cfed3fdda
013500cd0095005c
02af025e021e01ee
02df02e702b702bf
028702b702cf02cf
022e023e0266026e
01ee01ee01fe0206
01c601d601de01de
019601a601a601ae
011d014d016d0175
009500bd00bd00dd
003c0054007c0085
ff63ffb4fff40014
fd8afdfafe8bff23
fc68fc99fcd9fd21
fc28fc28fc38fc50
feb3fd41fc91fc30
ff1bfe83fec3ff23
ffbcff9cff7bff5b
ffb4ffec001cfff4
fffcfff4ffdcffbc
ffc4ffb4ffa4ffd4
ff9cffacffa4ff9c
ff13ff2bff3bff7b
010d012501250105
ffac002400950105
fec3fe93fe52fea3
fe02fe7afe62fec3
fe2afde2fde2fdfa
fdbafe22fe83fe5a
fe8bfdcafdbafdca
fddafddafe93feeb
0024003cff8cfe8b
017d011500c5009d
02a7027e024e021e
02e702e702bf02b7
029702cf02cf02d7
024e026e0287028f
01fe0206021e0226
01de01de01f601f6
01ae01be01be01c6
014d016d017d0196
00bd00c500ed0115
004c005c00850095
ff7bffcc000c0024
fd92fe12feabff3b
fc78fca9fce9fd49
fc28fc28fc48fc40
fe2afcd1fc81fc30
ff3bfecbfed3ff13
fff4ffccff84ff73
ffdcfffc001c000c
00340044001cfff4
ffe4ffdcffd4fffc
ffacffc4ffb4ffb4
fefbff23ff43ff7b
010d010d011500f5
ff2bfffc005c00fd
fea3fe83fe5afecb
fe3afea3fe62febb
fe72fe2afe02fe12
fda2fdc2fe5afeab
feebfe52fd8afd71
fe6afe2afe4afe9b
005c006cffdcfef3
01c6014d011d00e5
02af028f0276023e
02f702f702e702b7
02bf02df02e702ef
025e026e029f02bf
0216022e022e0236
01e601de0206020e
01be01ce01c601c6
01650186018601a6
00c500cd0105012d
00640054007c009d
ff9cfff400240044
fd9afe12febbff53
fc91fcb9fd09fd59
fc28fc40fc38fc50
fdc2fd09fc81fc30
ff43ff03fecbff0b
fffcffd4ff6bff63
fff4ffec000c000c
000c004c003c000c
ffe4fff4ffe4ffdc
ffc4ffd4ff9cff9c
ff03ff2bff53ff84
0125012d010500d5
feabffec004c00d5
feabfe93fe8bfe9b
fe3afe93fe62fe93
fe4afe32fe02fdfa
fd79fd9afe0afe4a
febbfed3fe02fd71
ff13fe83fe32fe4a
00ed004cffe4ff63
01f601a601860145
02af0297028f024e
02f702f702ef02cf
02cf02d702d702ef
02760297029702a7
022e023e0246024e
01de01de02060216
01be01c601c601c6
015d018e019e01b6
00c500e501150135
006c0074008d00b5
ffacfff40024004c
fdb2fe22febbff4b
fc99fcd1fd21fd69
fc40fc38fc30fc78
fd19fcb1fc70fc28
ff5bff03fea3fed3
ffdcff94ff5bff63
ffecfff4fffcffec
fffc002c00240004
ffdcffe4ffdcffcc
ffc4ffccffacffb4
fed3fefbff4bff8c
01250145012d00e5
fe9bfff400850095
fec3fedbfe5afe72
fe1afe6afe62fe4a
fe5afe52fe12fe02
fd61fd92fddafe22
fe62fe83fe42fdca
ff43feabfe8bfe3a
012d006c0014ff7b
01f601be018e0186
02af0276026e0246
02ef02e702df02c7
02cf02df02d702e7
02870297029f02b7
022e0236023e0266
01ee01f601fe0216
01b601b601be01c6
014d018e01ae01c6
00dd010d012d013d
00640095009d00bd
ffbc000c003c005c
fdc2fe32fecbff43
fca9fcd9fd29fd82
fc48fc20fc40fc89
fcb9fcd9fc78fc30
ff8cff0bfe93fe62
ffb4ff5bff4bff9c
ffd40004000cffec
ffec0004ffecffe4
ffd4ffccffc4ffcc
ffacffb4ffbcffcc
fec3feebff2bff84
00ed013d0135010d
fe5aff3b00240064
fe72feb3fe6afe52
fde2fe8bfeabfe4a
fe9bfeb3fe72fe0a
fd9afd71fdb2fdf2
fe0afe7afe2afe02
ff3bfe9bfe7afe6a
014d00ad001cff7b
020e019e015d0196
02a7027e025e024e
02cf02c702bf02af
02df02d702c702d7
02970297029f02c7
0226022e02560287
01de01fe0206021e
01be01b601be01b6
0175019e01be01ce
00e50115013d015d
006c009d00a500cd
ffb400040044006c
fdeafe5afee3ff33
fc81fcc9fd39fd92
fc38fc20fc58fc91
fcd9fce1fc60fc48
ffa4ff33fecbfe32
ffa4ff63ff4bffa4
ffdcfffcfff4ffbc
ffd4ffecffdcffdc
ffbcff94ff94ffac
ff9cff9cffbcffbc
fefbfef3ff1bff6b
00b501250125010d
fe5afeb3ffec008d
fe4afe52fe93fe72
fe42fe8bfed3fe4a
fe42fe8bfe4afdfa
fdc2fd49fd71fdd2
fe1afdc2fdfafdda
ff1bfeb3fe9bfe9b
015500e5004cff84
020e01b601c601a6
029f02970266024e
02c702bf02c702b7
02d702c702bf02cf
028f029f02a702d7
022e023602660287
01ee01fe021e0236
01b601b601be01c6
018601a601c601be
00f50125013d0175
008500ad00bd00e5
ff9cfffc003c006c
fe22fe93fefbff3b
fc70fcc9fd49fdaa
fc30fc30fc81fc81
fd01fd09fc58fc50
ff53ff4bfeabfd92
ff73ff63ff43ff6b
fff4fff4ffdcffac
ffdcfff4ffe4fff4
ff9cff73ff84ffa4
ff6bff7bffacffbc
ff43ff43ff43ff53
00cd01150145012d
fe9bfeabffc40034
fe3afe3afe9bfe6a
fe4afe72fed3fe32
fdf2fe6afe6afe32
fd82fd8afd51fdaa
fe5afdaafdb2fdc2
ff13fe6afe6afeb3
017501150074fffc
023e01ee01ae01ae
02af028f025e024e
02ef02df02df02c7
02e702d702df02e7
029702af02c702e7
023e02460266027e
01f601fe0226023e
01c601b601d601ee
019e01ae01b601c6
010d012d01450175
009500b500cd00ed
ff9400040054007c
fe3afebbff13ff43
fc70fcd9fd59fdca
fc28fc40fca9fc70
fd19fd29fc70fc50
ff63ff84fee3fd39
ff6bff84ff7bff53
ffe4ffdcffccff9c
ffe4fff4ffd4ffe4
ff94ff6bff9cffc4
ff33ff3bff73ffa4
ff7bff94ff7bff43
009500e5012d013d
fe62feabff940024
fe5afe3afe42fe7a
fe62fe6afec3fe32
fdfafe2afe4afe2a
fd8afda2fd79fda2
fe72fdeafda2fdda
ff5bfe72fe1afe5a
016d013d009d001c
025e02060186018e
02c702b7027e025e
031702f702f702f7
02ff03070317031f
028702a702c702e7
023e025602660276
01f601fe0216022e
01d601b601d601f6
019e01b6019e01b6
012d0145015d0175
00ad00c500dd00fd
ffb4001c00640095
fe42fec3ff23ff53
fc70fce9fd61fdda
fc28fc60fcb1fc48
fda2fd09fc78fc48
ffe4ffdcfeebfd19
ff6bffb4ffb4ffac
ffe4ffecffdcff94
ffbcffc4ffb4ffd4
ff73ff5bff94ffbc
ff1bff13ff3bff6b
ffb4ffacff8cff53
004c00e500f50125
fe6afe6aff0b0034
fe4afe02fe1afe9b
fe32fe83feabfe7a
fdf2fe02fe0afe1a
fe0afd82fd9afdb2
fe62fe1afdfafdca
ff73fe72fde2fe0a
0165012500b5fffc
026e023e01ce016d
02f702b702970287
03370327031f0327
030f0307032f0347
028f02a702c702f7
0256027e02760276
01f602060226023e
01d601c601d601ee
019601c601c601ce
014d0165017d0186
00c500e5010d011d
ffc4002c0074009d
fe3afea3ff23ff73
fc68fcf1fd69fde2
fc30fc70fca9fc30
fdb2fd11fc70fc40
ffecffecfe5afd09
ff84ffccffc4ffe4
ffe4ffe4ffd4ff94
ff7bff94ffacffd4
ff3bff2bff3bff63
ff1bff23ff2bff2b
ff84ff6bff73ff43
00a500e5010500ed
fe8bfe42fed3ffd4
fe52fe0afde2fe7a
fe22fe7afe8bfe7a
fe3afe42fe22fe12
fe42fe02fde2fde2
fe22fe52fe32fdc2
ffc4fe7afda2fe2a
015d014500f5005c
028f025601ee0175
030702d702bf029f
0367036703470337
03170337035f0377
02a702af02bf02ff
026e0287027e0297
01f60206023e024e
01e601e601ee01e6
01ae01ce01de01de
015501750175018e
00d500fd011d013d
ffa40014006c009d
fe12fe6afef3ff4b
fc70fcf9fd79fdea
fc28fc68fc99fc38
fe02fd61fc81fc40
ffacff9cfdf2fd71
ffa4ffd4ffdcffb4
ffecffdcffbcff94
ff5bff73ffa4ffd4
ff53ff3bff2bff4b
ff23ff4bff43ff43
ff43ff33ff43ff2b
006c0095011d00ed
fe9bfe3afeb3ff7b
fe2afe42fdf2fe72
fdfafe72fe52fe72
fe12fe2afe12fdca
fe0afe42fdc2fdd2
fe22fe42fe32fdd2
000cfef3fd71fe1a
016d014d011d00cd
02970276022e018e
0327030702df02af
037f039003770367
030703370367037f
02af02af02c702f7
025e0266026e028f
01ee021e02460256
01e601ee01ee01e6
01ae01c601d601d6
014d016d017d0196
00dd00f501150135
ffa40004004c0095
fde2fe3afeabff33
fc78fcf1fd71fdd2
fc30fc50fc91fc28
fdf2fd49fc81fc48
ff6bff3bfda2fdaa
ffb4ffd4ffd4ff94
fffc0004ffe4ff7b
ff63ff6bff94ffcc
ff9cff73ff4bff63
ff13ff53ff5bff8c
ff23ff13ff1bff03
000c007c00d5011d
fe83fe3afe8bff0b
fe12fe32fe2afe6a
fe12fe62fe0afe52
fe02fdf2fe1afdfa
fdcafe0afe0afdc2
fe3afe32fe22fdfa
0085ff7bfd71fdca
017501860145013d
02af027e024e01de
0327030702f702d7
03770377034f034f
02f7030f033f0367
028f02af02bf02d7
024e0266027e027e
01ee021602460256
01ce01ee01f601ee
01ae01b601d601de
013d0175019601a6
00d500ed010d012d
ff73ffec00440085
fd8afd92fe02febb
fc81fcf1fd69fd8a
fc40fc50fc70fc20
fdf2fd09fc81fc48
ff94ff3bfd39fdf2
ffc4ffc4ffbcff9c
ffec000cfffcffb4
ff9cff9cffacffb4
ffccffacff84ff9c
ff0bff43ff5bff94
ff2bff33ff1bfef3
ff7b001400b50125
fe6afe3afe1afed3
fe22fe12fe12fe5a
fde2fe22fe62fe42
fe2afe1afe2afe0a
fd9afdb2fdeafdd2
fdfafe2afe1afde2
00f5ffc4fda2fd69
019e018601650155
02af0287025e0216
031702cf02c702c7
034f034f03270337
02df02f7032f0347
028702b702c702d7
0236025602560256
01ee0216023e023e
01ce01ce01f601f6
01a601d601e601e6
012d0165018e019e
00bd00fd010d012d
fe83ff4bffe4006c
fcd9fcf1fd41fdd2
fc78fcf9fd29fcf1
fc30fc60fc60fc18
fdfafcf9fc99fc50
ffc4ff43fd8afe4a
ffccffccffbcffa4
fff4000c0014fff4
ffb4ffdcffecffe4
ff9cffacffb4ffac
ff13ff5bff6bff6b
ff53ff5bff33fef3
ff0b000c00850105
fe62fe52fe52fe62
fde2fe2afe1afe4a
fdf2fe32fe6afe1a
fdf2fe42fe22fdf2
fdd2fd9afdc2fd9a
fde2fe02fe02fdda
013d004cfdf2fd69
01d601750186015d
029f0276024e021e
028f0276026e027e
029f025e024e0266
0287028f02870297
0256027e0297027e
01fe02160226021e
01ee01fe021e020e
01ce01ce01d601e6
018e01be01d601d6
0135014501650175
001c007400bd0115
fd61fe12ff03ffac
fce9fcf9fcf1fd11
fc81fcd1fcb9fcb9
fc30fc58fc38fc18
fe22fd09fc99fc60
ff6bfecbfdc2fe6a
ffe4ffd4ffbcff63
0014002c0014fff4
ff9cffbcffecfffc
ff53ff63ff73ff84
ff3bff7bff94ff5b
ff53ff8cff5bff0b
fe6aff9c004400a5
fe6afe62fe3afe52
fd9afdf2fe22fe12
fdcafe02fe42fdda
fdc2fe02fe32fe02
fe02fdb2fda2fd71
fde2fdfafe02fe1a
015d00a5fe4afd92
01f601b6018e0165
01fe022e02360216
015d012d011d015d
012d0115013d017d
00e5011500ed00f5
01be01ae0165011d
018e01b601e601d6
01ee01f601fe01c6
019e019e01b601ce
016d019e01b601ae
01150125012d014d
fecbff5b000400b5
fc99fce9fd71fe1a
fd19fd01fcd9fca9
fc78fc89fc99fcf9
fc40fc50fc20fc18
fe0afd19fcb1fc70
ff84fe8bfdeafe9b
000cffe4ffc4ff84
001c002c001c0014
ff9cffacffc4ffe4
ff23ff3bff3bff5b
ff6bff73ff63ff2b
ff43ff84ff63ff43
fe72ff5b004cfff4
fe3afe6afe2afe4a
fdbafdf2fe12fdea
fde2fe12fe1afdd2
fdb2fdfafe42fe0a
fe12fde2fdbafdaa
fe12fdf2fe2afe1a
016500bdfe1afd61
021601de01a60186
003c00d501b60216
013500ed008d0024
ff5bff9cfffc0095
ff13ff73ff63ff63
00ad002cff5bff03
0135015d01860115
01be01be01a6014d
016d0155017501a6
014d016d017d0175
007c00cd00f50125
fde2fe8bff43ffec
fca9fcc1fcf9fd59
fd8afd82fd49fcf1
fc70fc70fd09fd79
fc40fc38fc18fc18
fde2fd31fcb9fc70
ff8cfe72fdfafe83
000c000c0004ffc4
000c0014000c0014
ff7bff9cffc4ffd4
ff23ff4bff3bff43
ff7bff5bff3bff1b
ff43ff5bff53ff6b
fe9bfefb0014ffbc
fe4afe42fe2afe62
fdd2fdfafe02fdf2
fe1afdfafdf2fdd2
fdc2fe32fe2afe02
fdf2fe12fdeafdb2
fe12fe1afe3afe22
017500ddfe0afd09
01de020e01d6018e
ffc4ff84001400e5
00dd00ed011500ad
ff53ff84fffc0064
ff23ff03ff03feeb
fff4ff73ff33ff33
00bd00d500e5005c
018e017d013d00cd
013d013d014d017d
012d01450165014d
ffbc005400c500fd
fdbafe12fe83ff13
fe02fd69fd49fd79
febbff03ff33febb
fc70fcd9fdb2fe62
fc40fc30fc18fc18
fdcafd29fcd1fc70
ffa4fe83fe3afeeb
0044004400340014
00140024001c002c
ff73ffa4ffd4ffec
ff33ff4bff4bff53
ffacff8cff6bff3b
ff2bff33ff53ff9c
fe9bfe62ff6bfff4
fe62fe3afe12fe5a
fddafe3afe32fde2
fe6afe0afdeafdd2
fd92fdfafdfafdfa
fde2fe1afdfafdaa
fe3afe72fe3afe72
017500edfe22fce1
00dd01be01ee01a6
009d002cfff4fff4
01d601de0196011d
00cd011d016d01b6
ffccffccffdc0064
ffdcffccffdcffec
00640085006c004c
0165013d010500ad
0125011501250155
00fd010d012d0125
ff1bffac005c00b5
fe2afe32fe62fe9b
ffa4ff43feb3fe3a
ff2bff8cffccffd4
fc91fd51fe0afe9b
fc48fc40fc18fc18
fdbafd51fd09fc91
ffa4fe9bfe7afecb
0064005c003c001c
003c002c00340044
ff7bffa4ffdc000c
ff9cff7bff5bff5b
ffa4ff7bff73ff84
ff5bff53ff6bffac
feabfe9bff23001c
fe52fe7afe42fe6a
fde2fe32fe22fdd2
fe52fe1afe02fe0a
fdb2fe02fe32fdfa
fe32fe12fe22fda2
fe52feabfe52fe9b
01a600f5fe32fcc9
00cd015501d601ce
01c6014500cd009d
02af02c702af021e
01b601e601fe0246
00a50105014d0175
00850095008d0074
00c500cd00ad0095
0145011d010500d5
00fd00f5011d0135
00b500dd00ed00fd
fec3ff23ff9c0034
fef3feb3fe93fe9b
00040014ffdcff5b
ff2bff94ffd4fffc
fcb1fd82fe1afeab
fc40fc40fc18fc18
fdb2fd51fd21fca1
ff8cfe62fe8bfeeb
006c00740054000c
006c005c005c004c
ff7bffb4ffdc0024
ffb4ff9cff63ff63
ff9cff7bff8cff9c
ff9cff8cff8cffac
fe7afeb3feb3ffb4
fe42fe83fe4afe52
fde2fe1afe2afdfa
fe5afe5afe0afe02
fdaafdcafe32fdf2
fe32fe1afe3afda2
fe02fedbfe52fe52
01b600f5fe22fca9
0155019e01ce01ce
025e022601b6013d
025e029f02af028f
019e01b601d60216
00dd012501550175
00b500a5009d00a5
011d00f500e500c5
013d012d012d012d
00f50105011d012d
001c008d00bd00ed
fe9bfebbfefbff73
ff73ff1bfed3feab
003400340024ffdc
ff03ff73ffcc0014
fcb1fd79fe02fe7a
fc58fc50fc10fc18
fddafd61fd39fcc1
ff6bfe4afe83fecb
0074007c006c002c
0034005c0074004c
ff7bffb4ffccfffc
ff8cff8cff63ff63
ffb4ff9cff94ff7b
ff9cff9cffa4ffb4
fe5afea3fe8bff2b
fe2afe7afe6afe52
fde2fe32fe6afe2a
fe2afe32fdfafe0a
fdb2fdaafe12fe12
fe5afe32fe2afdfa
fdf2fed3fe1afe42
01ae00e5fe1afca9
01be01a601c601ce
026e0256021e01ee
022e024e025e0266
0175019e01c601fe
00c500e5010d013d
0095008d009500a5
013d010500c500a5
015d015d014d0145
00e5010d014d015d
ff63000c005c00ad
feb3fe9bfe9bfec3
ff43ff23fefbfed3
ff7bff9cffb4ff84
fe93fef3ff2bff5b
fcb1fd51fdd2fe32
fc60fc48fc10fc20
fdfafd71fd39fce1
ff6bfe9bfebbfee3
0074007c005c0044
000c004c007c005c
ff7bffacffc4ffec
ff84ff94ff6bff5b
ffacff94ff7bff63
ff8cff9cffa4ffac
fe4afe93fea3ff0b
fe1afe9bfe93fe3a
fe02fe3afe62fe2a
fe2afe32fe22fdf2
fddafdc2fdf2fe0a
fe52fe62fe42fdea
fdb2feb3fe02fe3a
01a600e5fe32fca9
01f601e601c601b6
0236022e020601fe
01de0206021e023e
00d5012d017501a6
0074006c007c0095
0085008d00a50095
012d00f500a50085
017d016d015d014d
00cd012d01650175
febbff840014005c
fed3feb3fe8bfe62
ffacff5bfee3fecb
fee3ff6bffacffbc
fdfafdfafe22fe6a
fcb9fd31fd8afdd2
fc89fc48fc10fc20
fdc2fd69fd39fcf1
ff2bfebbfecbfec3
006c00950085003c
fffc00440074005c
ff73ff8cffbcffe4
ff7bff8cff73ff5b
ff84ff63ff53ff5b
ffacffb4ffa4ff94
fe83fe93feb3fe9b
fe4afe7afe6afe4a
fe02fe32fe6afe52
fe0afe22fe22fde2
fdf2fdcafde2fe3a
fe4afe32fe32fe0a
fd9afea3fe32fe12
01be00edfe42fc99
01ce01ce01b601be
01d601e601f601e6
00bd0105015d01ae
ff730014006c0064
ff6bff23feebff23
005c00640024ff94
011500c5006c0054
01c601a60186015d
00a5014d019601b6
fe5afeebff9c001c
fea3fea3fe93fe52
fe7aff13ff84ff13
fd71fdaafdaafde2
fd41fd21fd71fd79
fcb9fd11fd49fd61
fca1fc48fc10fc28
fdbafd59fd59fd21
ff13febbfea3fec3
005c0085008d0064
fff4005c007c0064
ff63ff6bffa4ffd4
ff53ff63ff5bff5b
ff5bff3bff33ff43
ffc4ffc4ffb4ff8c
fe8bfe7afe9bfe62
fe7afe72fe72fe42
fe0afe1afe7afe6a
fe1afe1afe0afdfa
fdeafe0afdd2fe62
fe52fdfafe2afe0a
fd8afe72fe5afe2a
01ce00e5fe42fc99
018e01ae01c601ce
0125017d019e0196
ffbcffdcfff4007c
fe2afe8bff23ffa4
fe6afdf2fdc2fde2
002cffc4ff13feb3
0105008d0044002c
020e01f601d6017d
00cd017501e60206
fe22fe83ff33fff4
ff33fe93fe9bfe5a
fcc9fd92fe2aff03
fdc2fe2afcf9fcb9
fcd9fcc1fcc1fd09
fcc1fd09fd21fd09
fc91fc48fc10fc20
fdb2fd71fd79fd29
ff53ff23fef3fecb
007400740064006c
000400640074006c
ff5bff84ffb4ffbc
ff43ff5bff63ff63
ff63ff43ff33ff33
ffd4ffdcffc4ff8c
fe52fea3fe72fe6a
fe7afe7afe4afe42
fe0afe12fe83fea3
fe2afe0afe1afe1a
fdd2fdf2fdbafe52
fe62fe3afe12fdfa
fda2fe5afe72fe02
01c600c5fe32fc99
0155017501b601c6
ffb4007400f5012d
febbff5bff9cffa4
fcf1fe22fe4afde2
fdfafec3fe8bfd51
ffa4fecbfe2afdca
010d007c002cfffc
025e0246021e01be
00dd01ae02260256
fe12fe42fedbffb4
ff13ff2bfecbfe9b
fcd9fecbfe83fe62
0064ffa4fd41fd79
fcc9fcc1fcf1fe8b
fcc1fd21fd19fcf1
fc89fc40fc10fc28
fe02fd79fd8afd41
ff53fee3fea3fe7a
007c0064005c0054
0004004400640085
ff73ff8cffbcffc4
ff53ff84ff8cff7b
ff7bff4bff3bff3b
ffdcffccffc4ffa4
fe32fe72fe6afe93
fe9bfe8bfe42fe32
fe2afe6afe8bfec3
fe2afe22fe22fe1a
fe0afdeafde2fe2a
fe52fde2fdf2fdda
fda2fe52fe62fe0a
01b600b5fe22fca1
010d016501ae01c6
ff1bffac004c00b5
fecbfe7afe7afee3
fd21fefbff33fd82
003c0175ffecfe5a
fedbfddafda2febb
013d00c5006cffdc
02a7027e024601de
00e501d6025602af
fe42fe32febbff94
ff8cfee3ff2bfefb
fca9fd49fe7200f5
00d5fffcfd79fd39
fcc9fca1fd59ff63
fcc9fd39fd29fce9
fca9fc48fc20fc28
fe4afd71fd79fd61
ff33ff33fe62fe5a
007c00140024003c
000400240044007c
ff8cff8cffa4ffd4
ff7bffa4ff9cff8c
ff8cff53ff33ff43
ffbcffacffa4ff94
fe32fe72fe4afe4a
fec3fe8bfe6afe62
fe22fe7afe83fe83
fdfafe1afe22fdfa
fe22fe12fdaafdc2
fe1afdf2fe1afdca
fd8afe62fe62fe02
01b600a5fe32fca9
00fd016d01c601e6
fe3aff6300140085
016500e5fed3fdfa
fd29fd49fdcafe72
017d023e008dfe32
fe62fe52ff030044
01a6013500ddffbc
02ef02af025e01fe
010d020602a702f7
fe93fe2afea3ff84
0054fe22feebff94
fd51fdbafffc0236
003400adfee3fdc2
fcc9fc99fd59ff03
fcd9fd39fd39fd01
fca9fc48fc20fc28
fe3afd61fd61fd51
ff7bffa4fea3fe3a
00540014001c0024
000c00440044005c
ffa4ff8cff84ffbc
ff6bff94ffb4ffb4
ff94ff5bff33ff3b
ff84ff9cff9cffa4
fe32fe7afe5afe5a
febbfe93fe8bfe9b
fe02fe2afe3afe6a
fe02fdd2fde2fe02
fe0afdf2fd69fdba
fe12fe1afddafdba
fd92fec3fecbfdd2
01be00adfe4afcb1
013d019e01ee0206
ffb40034007400d5
020e00adff23ff03
fe0afde2fe830095
0115021601beff73
fed3ff13ff63ffcc
022601ae0105ffc4
02f702b70297024e
013d022e02c7031f
fec3fe42feabff9c
ff43fe42fecbffdc
febbff3300a50074
ff6b008d00a5ff84
fd01fd01fd41fe0a
fce1fd51fd69fd39
fcb1fc60fc30fc28
fdeafd71fd82fd31
ffccffdcfefbfe6a
0074003c002c003c
0014005400640054
ffe4ffd4ffacffcc
ff6bff7bffc4ffec
ff9cff63ff53ff5b
ff94ffacff94ffa4
fe42fe5afe9bfe8b
feabfe93fe7afe62
fe4afe5afe42fe5a
fe0afd92fe02fe22
fe42fe1afd92fd79
fdf2fe2afe12fe12
fd41fe5afecbfde2
01e600c5fe52fca9
01b601f60216021e
00f50135014d017d
0064ffbcffb4004c
ff4bff23ffd400ad
ff1b0004009d003c
ff63ff0bff03feb3
027601ce01050034
02ef02af02a7026e
016d023602c7030f
feabfe5afec3ffec
000cffacff7bff84
ffe4004400a50064
fe4afedbff2bff73
fd39fd49fdb2fdfa
fcf1fd71fd8afd69
fcd1fc78fc40fc30
fd79fd59fd69fd41
ffe4ffa4fef3feab
008d004c0044006c
001c005400540085
001c0024fff4ffe4
ff7bff84ffd4fffc
ff9cff84ff7bff7b
ffd4ffacff8cff94
fe62fe83feabfe6a
fe6afea3febbfeb3
fe42fe6afe7afe6a
fdcafd71fdb2fe2a
fe2afe1afddafd29
fde2fe32fe42fe22
fd11fddafe7afe0a
01f600ddfe6afca9
021e0226022e0236
015d01ae01e6020e
011d00f500e50105
001c008500ad0125
ff33ff84ffdc0004
fff4ff9cff6bff3b
0297020e0135006c
02c702a70297027e
017d022e02b702d7
fea3fe83fefb004c
ffd4ffc4ffb4ff53
0044005c003c0004
ff1bffa4ffd4fffc
fd69fd61fdc2fe6a
fd01fd8afdb2fd92
fd01fc89fc30fc30
fdaafd31fd49fd31
002cffb4fef3fee3
005c003c004c004c
002c004c007c0085
0034003c0014000c
ff84ff9cfffc0024
ff8cff94ff8cff84
ffecffd4ff94ff84
fe42fe62fea3fe72
fe52fe93fec3feeb
fe1afe52fe83fe42
fd92fd69fd92fe1a
fdcafe22fdc2fd01
fd9afe3afe0afdea
fcf9fdbafe9bfe1a
020600fdfeabfcb1
024e024e0246024e
01ce020602360246
016d0145013d0175
00cd013501550186
ff8cffd40024008d
0064ffdcff84ff73
02b7027601c60105
02af028f028f0297
019e0246029f02bf
fea3fea3ff6300b5
ffecffecffbcff33
0024002cfffcfff4
fefbff8cffec001c
fdb2fdb2fdd2fe5a
fd09fdb2fdeafdda
fd21fca9fc38fc30
fdbafd79fd71fd29
000cff8cfed3fe9b
005c00440074003c
0034005c005c0064
0054005c00540044
ffacffacfffc0034
ff94ffa4ff94ffa4
fffcffecffacff84
fe4afe4afe93fe83
fe83fe7afe83feab
fe3afe6afe62fe1a
fd71fda2fd82fe02
fdeafe6afdf2fd01
fdd2fe12fdfafe22
fce9fdd2feabfe8b
02160125feebfcb9
02660266024e024e
0216023e02660266
017d019e01b601de
00d50125015d0175
fffc001c004c0095
014d00d5004cfffc
02b702af025601d6
029f0287027e0297
01ee027e02af02b7
fecbfee3ffe4011d
005c0034ffc4ff23
002c0024003c0054
ff03ff84ffe40014
fe1afe32fe5afe9b
fd19fddafe32fe32
fd01fcd1fc48fc28
fd9afd69fd8afd21
ffc4ff3bfed3fe52
0044006400950034
006c004c002c005c
005c006c0064006c
ffecffdcfff4002c
ffb4ffacff9cffc4
fffc0004ffdcffac
fe8bfe42fe72fe6a
fe52fe83fe8bfe7a
fe42fe9bfeabfe02
fd31fd92fdcafe0a
fdeafe42fe22fd01
fde2fe02fe1afe52
fce1fdaafe62feb3
020e0125ff03fcb1
027e027e025e0246
0256027e0287027e
01f6020e02160236
011d017d019601ce
00bd00ad00ad00d5
01f601a6015d00fd
02bf02bf028f024e
02af028f027e029f
0216028f02bf02c7
feebff3b006c0175
008d0044ffd4ff33
006c008500ad00ad
ff9cffec00240044
feabfed3ff1bff53
fd19fdfafe7afe9b
fd19fcd9fc48fc20
fdf2fd61fd8afd49
ffacff23feebfe83
0054003400440004
006c005c00340054
0064005c002c0034
fff400140024004c
ffccffacff94ffbc
000c0014fff4ffcc
fea3fe1afe72fe93
fe12fe6afe7afe9b
fe42fe83fe93fe12
fd29fd8afde2fe0a
fdb2fdf2fe2afd09
fdeafde2fe72fe42
fce9fd8afe32fe83
020e012dfefbfca9
02a702a7026e0246
028f02a702af02a7
021e0236025e026e
0165018e01be01fe
019e018e016d0155
023e020e01e601be
02bf02bf0287026e
02af028f029702a7
022e02a702c702bf
ff03ff9400c5018e
007c003cffd4ff33
00b500e500e500c5
001c004c00740085
ff33ff7bffacffe4
fd11fe12fe9bfee3
fd59fcd9fc48fc20
fdfafd41fd41fd41
ffc4ff23fe72fe83
002400140014ffc4
0044005c0044002c
006c003cfffc0014
0004003c005c006c
ffdcffbcff8cffc4
001c001c000cffdc
feabfe52fe5afe8b
fe02fe32fe52fe72
fe52fe5afe7afe1a
fd21fd59fdf2fe0a
fd9afe02fe7afd39
fe02fdd2fe2afe02
fd19fd92fe52fea3
02060135fef3fcb9
02df02c70287023e
02bf02d702d702d7
0266027e0297029f
01ee01ee020e023e
01fe020601f601ee
0246022602060206
02bf02af027e025e
02bf02b702af02b7
028702d702d702cf
ff23fffc011d01ce
0085003cffb4ff2b
00dd00f500ed00c5
005c008500a500c5
ff84ffcc00040034
fd09fe02fe93ff13
fd59fce9fc40fc18
fdd2fd39fd49fd31
0014ff4bfebbfe7a
fffc000400240034
003c007400640024
005c000cffe40004
001c005c006c006c
fffcffecffacffdc
001c0024001cffe4
fe3afe6afe8bfe72
fe02fe02fe22fe1a
fe7afe7afe52fe22
fd41fd69fe22fe2a
fdf2fe42fea3fd61
fe52fdbafe22fdfa
fd19fd92fe72fea3
02060125fedbfcc1
02ff02d70297025e
02ef02ff02ff02ff
029702af02bf02d7
02360246025e0266
023602360236023e
023e022e02260226
02c702af02760256
02cf02d702cf02cf
02c702e702d702df
ff4b0064015d020e
006c0014ff94ff1b
00fd00fd00f500ad
007c00ad00cd00e5
ff94fff400340054
fcf1fde2fe83ff1b
fd59fd11fc40fc18
fddafd41fd71fd21
001cff53ff1bfe42
000cfffcffecffec
004c008d007c003c
00640004ffec0004
002c006400740085
001c0004ffbcffdc
00240034002c0014
fe4afeabfe8bfe5a
fdf2fdf2fe2afe02
fe62fe72fe3afe5a
fd61fd49fe32fe5a
fe2afdfafe7afdb2
fe2afddafe32fe1a
fd11fd71fe32fe83
020e011dfecbfca9
02f702cf0297025e
03170317030f030f
02b702c702d702f7
0276027e028f02a7
025e026e0287028f
024e0246023e0246
02e702cf0297026e
02d702cf02e702f7
02c702cf02c702d7
ff9c00bd01960246
004cffe4ff5bff13
010d010500e50095
009d00d500fd00fd
ff8cffec00340064
fcd9fdcafe72ff23
fd71fcf9fc38fc18
fda2fd61fda2fd41
ffd4ff63ff13fe3a
001c0014ffd4ffe4
006c009d0085004c
006c003c00440034
004c006c007c0085
001c0014ffccfff4
0014001400140014
fe8bfee3fe72fe3a
fe0afdd2fe1afe0a
fe6afeabfe5afe6a
fd69fd41fe02fe42
fe32fdeafe6afdda
fe32fdf2fe2afe3a
fd01fd69fdfafe6a
020e0125fecbfca9
02d702b70287024e
0327031f030702f7
030702f702ef030f
02af02b702df02e7
0266028f029f02b7
0266024e0246024e
02ef02df02a70276
02c702b702cf02f7
02c702cf02bf02bf
fffc00fd01be025e
fffcff73ff1bff2b
0125010500dd007c
00bd00ed010d0125
ff94ffe40024007c
fcb9fdcafe83ff2b
fd49fcb1fc30fc18
fda2fd61fdaafd69
fffcff84ff3bfe6a
002c001cffcc000c
007c00740064004c
0054006c0085007c
004c0064006c0074
0004002cffecfffc
ffecffe4ffccffec
fe32fef3fe6afe0a
fe2afdf2fe32fe1a
fe6afeabfe7afe3a
fd79fd59fdf2fe42
fe1afdcafe52fdea
fe52fe1afe1afe52
fd09fd82fdf2fe5a
01ee0115febbfca1
02af027e025e0236
0347031f02f702d7
035f034f0337034f
02f702ff033f034f
028702b702cf02f7
023e02560246025e
02df02b702660236
029f02b702d702e7
028702a70297028f
006c014d01ce023e
ff4bff13ff13ff7b
011d00fd00ad000c
00bd00ed01150135
ff9cffec0044008d
fc99fdbafe8bff2b
fd11fc91fc20fc10
fd92fd59fda2fd69
000cfffcff6bfe72
0024000cffd4000c
005c0044004c004c
005c006c00740074
0024004c0054005c
00140044001cffec
ffc4ffb4ffb4fff4
fdfafedbfe72fdda
fe1afde2fe02fdfa
fe4afe6afe9bfe4a
fda2fd79fddafe62
fe12fde2fe6afe42
fe6afe22fdeafe02
fd21fd71fdc2fe2a
01de00fdfe9bfcb9
0297026e023e0226
034f031702ef02bf
03a00390037f036f
033f035703880398
028f02bf02f7032f
01a601fe02460276
028f0266021601ae
028f02a702a7029f
026e029f028f027e
00f501a601f6022e
ff0bff23ff33fffc
011d00d50044ff53
00d5010d01250135
ff94fffc0054009d
fc81fdbafe8bff23
fce1fc89fc20fc08
fd9afd39fd92fd59
002c000cff84fe62
002c001c001c003c
003c004400540054
002400440044004c
fffc00240034002c
001c002c000cffe4
ffb4ffb4ffbcfffc
fdfafe72fe2afdda
fde2fdd2fdc2fdda
fe3afe62fe7afe02
fdbafd79fdb2fe52
fe12fdeafe7afe6a
fe62fe22fddafe22
fd19fd79fdcafe12
01b600ddfe72fcc1
0297025e022e020e
031f02ff02df02bf
03a803900388034f
0357037f03a803b8
0246029702e70327
00f5013501d6022e
02560236022601ae
02a702a7028f026e
028f02a702a7029f
013501c6020e025e
ff5bff4bff5b005c
00dd006cff7bfed3
00dd010d0115011d
ffa40004006400a5
fc68fdaafea3ff43
fce1fc58fc18fc08
fd51fd11fd92fd59
0044004cffacfe3a
001cfff40014fffc
005c00540054004c
000c00340034005c
0004000c0024001c
0014002400340014
ffacffb4ffccfff4
fe0afe5afe5afde2
fddafdaafd9afdc2
fe42fe6afe5afde2
fdcafd71fde2fe52
fdeafdaafe5afe83
fe42fe1afdfafe1a
fcf1fd79fddafe1a
019e00bdfe52fca9
02870256022601ee
031f02f702df02b7
03b00398037f034f
0327037703b003c8
01fe024e029f02df
00e50044010501a6
02870256022601be
029f0297028f028f
029f02b702b702a7
014d01ce0226026e
ff8cff43ff9c009d
0085ffccfe9bfecb
00cd00fd010d00f5
ff9c0004006400a5
fc40fd92fe9bff33
fd39fc58fc10fc08
fd39fd09fd9afd71
00240074ffacfe42
0004fffc0004000c
0064004400340044
0014002c00240054
0024001400240024
0004001c00240024
ffb4ffacffccfff4
fe0afe7afe93fdd2
fdb2fd82fd61fdd2
fe42fe52fe72fdd2
fdf2fdbafe12fe62
fdeafdc2fe2afe8b
fe12fdf2fde2fe02
fcf1fd69fdeafe32
018e008dfe1afc91
02760246021601de
032702ff02df02b7
03b003b00388034f
02ef0337036f03a8
018e02060256029f
00c5ffccffe400dd
02c70297021e018e
029f0297029f02c7
02bf02ef02cf02af
015501d60236026e
ff6bff33ffd400b5
0014ff03fe12fedb
00d500f500e500ad
ff8cfff40054009d
fc30fd71fe93ff1b
fd21fc58fc10fc10
fd51fd19fdcafd92
004c0085ffdcfe62
0014000c0004001c
005c005c0054004c
0024003c00340044
0024002400240024
0004fffc0004001c
ffd4ffccffdc000c
fdf2fe6afec3fe02
fdb2fd92fd79fdda
fe52fdf2fe3afdf2
fe3afdeafe1afe6a
fe2afddafe12fe83
fe0afdf2fdf2fe2a
fd01fd51fdc2fe02
017d006cfdf2fc99
02760246020e01ce
031f030f02e702b7
037f0377036f0337
02a702e7031f035f
00cd018e01fe024e
0095ffdcff2bffd4
02d7027601fe0125
02cf02cf02ef02ff
02ef034f02e702c7
015d01be0206025e
ff3bff33ffe400cd
ff73fe4afddafebb
00bd00c500a50044
ff7bffec00540095
fc20fd41fe83ff13
fd11fc60fc10fc08
fd69fd59fdf2fd92
005c0064ffccfe72
004c003c0024fff4
00640074007c0064
00240044004c005c
002c002c002c002c
0004ffec0004002c
000c000c00040014
fdcafe6afee3fe12
fddafdaafdc2fdf2
fe6afe52fe12fdc2
fe2afdfafdf2fe7a
fe22fdeafe0afe6a
fe4afe02fde2fe0a
fce9fd31fd92fde2
01550044fdd2fcd1
026e022e020601c6
030702ef02d702af
0327033f03470327
0246029702d702ff
ffe400d5017d01ee
011500adffb4ff1b
0276021e0196010d
02a702bf02c702a7
02c702ff02a7029f
014d019e01fe023e
fef3ff13ffd400cd
fedbfde2fdeafe9b
00a5009d006cffd4
ff73ffdc003c007c
fc10fd09fe6aff03
fd19fc68fc18fc08
fd92fdbafe0afd8a
006c006cffbcfe5a
007c00740074002c
005c006c006c006c
001c002c004c005c
001c002c003c0034
0004ffe4fffc0024
001c0024001c0014
fdb2fe4aff1bfe52
fde2fda2fdaafdd2
fe52fe42fe0afd9a
fe22fe0afde2fe6a
fe1afdfafe02fea3
fe12fdcafdcafdf2
fd19fd41fd69fdd2
014d000cfdb2fcd9
0256021601de01ae
02e702cf02b70297
02cf02ff030f0307
01e6024e028702a7
ff4b001c00e5016d
01a6017d00edffc4
01be017d01750196
01fe01ee01de01d6
0246025e02360216
011d016d01b601f6
fea3febbff7b008d
fe72fdd2fe1afe7a
008d0085003cff8c
ff5bffcc002c006c
fc00fcd1fe52feeb
fce1fc60fc20fc08
fd69fd79fe12fd9a
006c0085ffb4fe1a
0064008d00850024
0034003c004c007c
fffc000c00340034
0014000c00140014
0004fffc00140024
000c00140014001c
fd9afdfaff0bff0b
fdd2fd92fd82fdca
fe42fdf2fe2afdaa
fe5afe1afe4afe83
fe52fe22fe1afefb
fe0afe0afe12fe12
fd21fd59fd8afdea
012dffdcfd8afcd1
023e01f601ae01a6
02c702bf0297026e
029702bf02cf02cf
017d01ee02460266
ffb4ff5b002400dd
01ce01ce019600f5
0105015501ae01c6
00e500a500850095
01f601e6019e014d
00d50135016501a6
fe93fe6afedbfffc
fe32fe0afe52fe83
0064004cffecff2b
ff4bffb400140054
fc00fc89fe0afed3
fd01fc81fc28fc08
fd51fd39fe42fdea
003c0054ffe4fe5a
0044007c0085003c
00040004002c005c
fffc001c00340024
0014ffe4ffdcfffc
000c000400140024
ffdcffe4fffc0014
fda2fe22feebff8c
fda2fd71fd71fdc2
fe52fdeafe5afdd2
fe83fe42fe6afe2a
fe4afe1afe2afef3
fe4afe5afe0afdd2
fd09fd61fdb2fe32
010dff94fd71fcc9
021e01ce019601a6
0297028f02760256
026e02970297028f
00fd018e01ee022e
00cdff6bff4b0034
0206020e01d60186
014d018e01e60206
008d007c008500d5
017d014d00fd00ad
003400cd01050145
fe72fe4afe3afef3
fe5afe62fe6afe6a
0044001cffacfef3
ff1bff94fff40034
fc00fc48fda2fea3
fd09fc99fc38fc08
fd71fd21fe6afdf2
ffec00040014fef3
0044005c005c0024
fffcffec001c003c
0004000c00340014
ffdcffa4ffacffec
000cfffcfffcfffc
ff9cffbcffec000c
fd69fe02fec3ffb4
fd71fd79fd59fd8a
fe0afddafe12fda2
fe9bfe62fe2afdea
fe52fe42fe5afef3
fe52fe83fdeafdb2
fcf9fd79fdbafe32
00d5ff43fd8afcb1
020601b6018e018e
026e026e0256022e
022e0266026e025e
005400fd018601ee
016d00adff4bff5b
024e0246021e01d6
017d01ce0236024e
0085008500ad011d
00fd00c5005c004c
feeb0014007c00c5
fe4afe2afdfafe0a
fe9bfe8bfe72fe52
001cfffcff94fee3
feebff63ffcc0004
fc08fc20fd39fe52
fcf9fcb1fc50fc10
fd49fd01fe5afdba
ffa4ffecffccfea3
004c00540054002c
fffcfff4000c003c
0004000c002c0014
ffb4ffa4ffacffe4
0004fffcffdcffc4
ff94ffc4ffe4fff4
fd79fdfafe7aff9c
fd92fd79fd69fda2
fe0afdeafdeafde2
fecbfe2afe2afe1a
fe6afe72fe6aff03
fe3afe83fe0afdba
fd09fda2fdbafe22
00a5fee3fd59fc99
01e601a6017d0165
0256024e022e0216
01f602460256024e
ff94006c00fd0186
01de016d008dff33
028f027e0256021e
017501c60206025e
ff73ffdc00740105
ff6bff63ff13ff4b
fdf2feabff13ff1b
fe22fe1afe02fdea
feabfe7afe52fe32
fffcfff4ff84fef3
feabff3bffa4ffdc
fc08fc10fcd1fe02
fcf9fcb1fc70fc20
fd39fd11fe22fd92
ff7bfff4ffdcfe83
005400540054002c
fffc0004001c0054
fff40014002c0024
ff94ffa4ffb4ffdc
ffe4ffccffacff94
ffacffb4ffc4ffe4
fdd2fe1afe9bff6b
fda2fd59fd51fda2
fe1afdbafe12fe12
fe8bfe0afe1afe32
fe2afe4afe2afebb
fe2afe93fe1afd9a
fd19fdb2fdc2fe12
005cfe8bfcf1fc99
01be019e0186012d
0236022e021601f6
01c601fe02260236
ff3bffcc00a5014d
021e01d601750064
0256026e0266022e
017501ae01c6020e
005c00a500fd014d
ffd4ffccfff4003c
fe93feb3fefbff73
fe2afe3afe42fe5a
fe9bfe4afe12fe0a
ffe4ffdcff7bff03
fe6aff0bff7bffcc
fc08fc08fc78fdb2
fcf9fcc1fca1fc30
fd49fd09fe02fd59
ffe4001c003cff13
0064006400640044
fff40004002c005c
fff4002c00140014
ff73ffa4ffccffd4
ffbcffa4ff94ff7b
ffacff9cffacffcc
fe02fe2afe7affac
fdc2fd69fd41fd69
fdd2fd8afe2afe0a
fe5afe02fe0afdfa
fd9afe1afdfafe42
fe22fe42fddafd8a
fd29fde2fdeafe22
001cfe3afce9fca9
01a6018e01750105
020e020e01f601d6
018e01ce01f60206
001cff7b005c0115
021e01fe01c60165
01ee021e020e0206
018e01d601e601e6
008d00ad00e50165
003c004c007c0095
ff0bff0bff43ffcc
fe32fe42fe93fedb
fe72fe2afe12fe02
ffe4ffdcff8cff0b
fe2afec3ff53ffac
fc18fc10fc40fd51
fd09fcd1fcc1fc48
fd92fd29fdbafd61
000cffd4000cff13
007c0054005c000c
ffecffe4002c005c
ffec001400140004
ff84ffacffe4ffdc
ff94ff8cffa4ff8c
ff9cff9cff94ffa4
fdf2fe42fea3ffdc
fd9afd69fd41fd59
fdc2fd79fe32fe02
fe3afdfafe02fdd2
fdb2fe42fe12fe42
fe12fe1afdf2fdf2
fd31fddafdf2fe0a
ffccfdeafcf9fcb1
019e018e014500c5
01ee01ee01de01be
018601b601d601ee
0135fff4004c0105
01ce01d601ce01ce
0186015d015d0196
014501b601ce01a6
0085008500b500e5
0024004c005c0064
fedbfee3ff43ffd4
fe0afe1afe6afe9b
fe62fe2afde2fdda
fff4fff4ffacff13
fdf2fe9bff43ffa4
fc28fc10fc20fcf1
fcf9fce9fce1fc81
fe0afd69fd82fd49
0024ff8c000cff5b
007400640054fff4
fff4fff400340064
ffcc000c001cfff4
ff8cff9cffd4ffdc
ff7bff94ffb4ffa4
ff6bff7bff7bff73
fdcafe3afeabff63
fd69fd61fd51fd61
fd92fd31fdd2fde2
fe42fe32fdfafdaa
fddafe3afe4afe5a
fe1afdeafe0afdea
fd59fe02fddafe12
ff84fda2fcd1fcc1
0186016d0125009d
01ee01de01c601ae
018601ce01e601e6
017500a500740125
010d0145015d0175
00b5006c0044008d
002c008500ad00e5
0085001cfff4fff4
ffdc0034005c0085
fdf2fe52fef3ff73
fd31fd79fdc2fdca
fe83fe22fd92fd49
fffc002cffd4ff43
fdb2fe72ff0bff84
fc48fc10fc08fc91
fce1fcf1fd09fcc1
fe3afd82fdaafd31
0074fffcffecff5b
008d009500540034
fffc000400440064
ffd4fffc001cfff4
ff94ff94ffccffe4
ff73ff9cffb4ffa4
ff53ff73ff8cff63
fda2fe52fe93ff03
fd71fd92fd69fd8a
fd92fd19fda2fdea
fe42fe4afe12fd92
fdcafe52fe72fe32
fe3afdeafe02fde2
fd59fe0afdc2fe12
ff3bfd59fcb1fcd1
017d014d0115006c
01de01c601ae01a6
01ae01e601fe01f6
013d010500a50145
ff8c0014009d00cd
ffccffb4ff53ff1b
ff4bff4bff84ffc4
fffcff6bfee3ff03
ff43ff63ffa4ffdc
fd79fdcafe42fec3
fca9fca9fdeafde2
feabfe22fd79fd11
ffe40064001cffb4
fd51fe42fecbff23
fc89fc20fc08fc48
fcf1fd11fd29fce1
fe72fd69fd9afd31
006c000cffacff5b
0085006c00340074
fff4002c0054006c
ffdcffec000cfffc
ffacffa4ffd4ffec
ff9cffb4ffccffc4
ff53ff84ff9cff84
fdbafe5afe72feab
fd92fdcafd71fd8a
fd61fcf9fdaafde2
fe62fe52fe12fdb2
fdbafe4afe72fe32
fe52fe3afe2afe12
fd49fe02fdaafe02
fee3fd29fca1fcd9
0175014d00f50034
01d601be01a6019e
01ce01ee01fe01f6
00d5010d00e5015d
fdc2fe5aff5b0004
000cffccff84fe32
01de00fd00c500d5
00ed00b500540145
000cffd4005c00b5
fef3fef3ff33ffc4
fcf9fcd1ff3bffcc
fedbfe3afdfafda2
ffb4007c0064ffdc
fce9fdf2fe9bfecb
fca1fc38fc08fc18
fd09fd19fd41fd11
fe7afd39fd8afd39
0085000cff5bff53
00850054002c007c
ffdc002c00640074
ffe4ffe40014001c
ff9cff9cffdcffec
ffc4ffb4ffb4ffb4
ff5bff84ffb4ffbc
fdcafe7afe7afe3a
fda2fdbafdc2fd82
fd61fcf9fd79fe02
fe6afe32fe42fdb2
fdaafe1afe0afe22
fe42fe83fe12fe02
fd41fdfafd8afdea
fe93fcf9fc89fcb9
017d013d00cd0004
01d601a601860186
01e601fe020601f6
005c0105013d019e
fdaafdf2fe8bff23
020e01f601cefec3
02c7021602c7031f
02e701fe01ee02ef
0206016d020e02f7
00a5009d010d022e
fd61fcf9ffbc016d
ff3bfe8bfea3fe42
ff6b007c00ad0024
fc89fd9afe6afeb3
fcc9fc78fc20fc08
fd19fd29fd39fd31
fe62fd31fd82fd21
0095004cff63ff53
0074005400540074
000c00240054006c
fff4ffec000c002c
ff9cff94ffc4ffec
ffbcffb4ffb4ffbc
ff5bff6bff84ffac
fdeafe7afe9bfe2a
fdb2fdaafdcafdba
fda2fd49fd9afe2a
fe52fe32fe2afdba
fda2fe42fdc2fe0a
fe1afe83fe32fe12
fd41fddafd8afdd2
fe3afcd9fc78fcb1
0186012d00a5ffd4
01be019e0186018e
0206020e01ee01de
fff400f5017501d6
ff3bff4bff43fefb
034f033f020eff73
03b8032703b003e0
03e00337033703e0
035702b7031f03c8
010d020e0226030f
fe32fd8aff630145
ff73fe8bfe9bfe93
ff23004400e5007c
fc40fd31fe12fe9b
fd01fcc1fc38fc08
fd39fd41fd29fd09
fe4afd31fd41fd19
0095006cff5bff4b
004c00440024005c
0044002c005c0074
ffec0004000c0034
ff9cff8cffb4ffd4
ff9cffbcffd4ffc4
ff5bff63ff63ff84
fdeafe62fec3fe3a
fdfafdfafdcafdd2
fd71fd61fdc2fdfa
fe3afe0afe02fd79
fddafe52fdc2fdfa
fdfafe93fe5afe3a
fd41fde2fd71fda2
fdb2fca9fc81fcb1
016d0115006cff7b
01c6019e017d018e
0216021e01e601de
ffd400e5018601e6
0024009d0044ff4b
028701e601150054
03b8032f03c803c0
03f803d803d803e8
0398033f036703d0
0044023602a70347
fea3fe7aff2bffa4
ffa4fea3fe72fe8b
fef3000400cd00a5
fc10fcc1fdaafe4a
fd21fce1fc58fc10
fd39fd21fd41fd09
fe6afd39fd41fd21
009d0054ff73ff73
005c0054006c0064
006c006c007c008d
000c003400440064
ffacffa4ffd4ffe4
ffb4ffdcfff4ffec
ff4bff73ff63ff84
fe0afe6afef3fe52
fe32fe02fe42fe52
fd61fd51fdc2fe0a
fe42fdeafddafdaa
fdeafdeafdcafdf2
fdfafe62fe42fe4a
fd39fdb2fd51fda2
fd49fc89fc68fca9
014500ed003cff23
01ae018601750175
0206020e01e601ce
ffec00dd017d01de
0115012d00bdff9c
013d00dd00c500a5
0317015502d7029f
03e8039803a803c0
03880327034f03b0
ffdc00b501d60317
fe5afec3ff63ff9c
ffacfeb3fe62fe4a
fe9bffa4008d009d
fc08fc68fd49fdda
fd29fcf9fc91fc10
fd21fd31fd49fd19
fe83fd41fd21fcf9
007c001cff4bffa4
009d006c00a5008d
0064006400a5009d
003c006c00640064
ffe4fff4001c0024
ffd4ffec000c0014
ff6bff84ff8cffb4
fe2afe72fefbfe5a
fe62fe02fe6afe83
fd59fd69fdc2fe4a
fe72fde2fdc2fdc2
fdd2fdbafe0afdea
fe12fe4afe0afe3a
fd11fd9afd79fdaa
fcf9fc78fc48fca1
011500b50004feb3
019e017d016d0155
01e601e601d601be
004400e5017501ce
0186017d011d0044
0145014d013d0155
01b600bd013d017d
032f020e01ee023e
0216014d021e02df
0004002400ad01d6
fe22fe62ff0bff84
ffacfecbfe8bfe62
fe3aff4b002c0074
fc08fc28fcf1fd92
fd11fd29fcc1fc30
fd19fd59fd49fd11
febbfd51fd09fcd9
008d0054ff9cff73
00bd00ad00bd00ad
005c004c007c00b5
004c008d008d006c
000c001c00340044
ffdc000400040004
ff6bff84ff9cffbc
fe3afeb3ff03fecb
fe6afdf2fe62fe0a
fd9afd79fd8afe0a
fe1afdcafde2fde2
fdc2fdd2fe22fdaa
fe1afe32fdfafdfa
fd09fdb2fd8afdb2
fcd1fc78fc48fc99
00d5006cffb4fe3a
017d016d015d0125
01be01c601ae0196
00ad00ed013d0196
01c601c6016500cd
0196019e018601ae
014d017d018e0196
013500f500e5012d
00cd001c005400d5
fff40044005c00cd
fe4afe0afe72ff3b
ffb4fecbfe9bfe83
fddafec3ffb4002c
fc08fc08fc81fd51
fd11fd31fce9fc48
fd11fd59fd21fd09
feebfd82fd09fce1
00850074003cff7b
00ad008d00b500bd
00640054005400b5
006c009d00a50085
0014002400440054
ffdc0004000c000c
ff6bff9cffacffc4
fe4afec3fecbfebb
fe6afe12fe6afe2a
fdcafd71fd92fdfa
fdfafddafdc2fdba
fdcafdfafe5afdb2
fe0afe12fe02fe02
fd21fdb2fd9afdca
fc99fc68fc60fca9
00ad001cff43fdc2
01550155013d010d
018e019e0186016d
00ed00f501350175
01f601d6016d00fd
018601a601de01de
021601a6018601ae
00c500f501960236
005c002c002c006c
ff5bffbc000c006c
fe72fe42fe12feab
ff94fed3fe93fe6a
fd8afe32ff0bffac
fc10fc00fc28fce1
fd19fd11fd09fc78
fd01fd41fd19fd49
ff03fd92fcd9fcd1
008d0074002cffd4
00a500a5008d00bd
00850085008d00bd
0074008d00b500a5
0024004c0074007c
ffe40024002c0014
ff94ffa4ffb4ffc4
fe3afe83feb3fea3
fea3fe5afe9bfe9b
fd9afd71fdbafe42
fdf2fddafd92fdb2
fdbafe12fe8bfdd2
fe1afe0afe02fe3a
fd51fe1afdf2fdea
fc58fc68fc81fca1
007cffd4fec3fd41
0135012d012500f5
0186017501550145
011d011d01550186
01fe01c60155010d
01ee020e020601de
011d014d016d01a6
0034006c00e5010d
ffbcffa4ffd4002c
febbff0bff5bffac
fe8bfeb3fe83fe62
ff43fedbfe93fe8b
fd41fdcafe62ff0b
fc28fc00fc08fc70
fd09fd39fd21fcb9
fce1fd19fd49fd69
fee3fd92fcc9fcd1
0085005cfffc0034
00a5008d009500a5
008d009d00bd00b5
0074008d00a5009d
003c0054006c007c
000c0034002c001c
ffacffbcffc4ffdc
fe5afe7afef3feeb
fea3feb3fe83feb3
fdc2fda2fdb2fe32
fde2fdbafd82fdb2
fdc2fe12fe52fde2
fe0afe02fe2afe2a
fd61fe4afe2afe0a
fc48fc58fca9fc99
002cff73fe12fcb1
0115010d00f500ad
01750155013d0125
014d0145017d0186
01fe01b6016d0145
021e020e01fe01fe
0105018e01be01e6
ffc4fffc003c006c
ff5bff6bff94ffb4
ff03ff03ff23ff53
fea3fec3ff23ff0b
fec3fea3fe83fe93
fcd1fd82fe02fe83
fc48fc08fc08fc20
fd19fd49fd31fcc9
fcd9fd09fd71fd49
ff13fdaafce1fcc9
007400340034003c
009d00a500bd00c5
008500a500c500bd
006c007c007c006c
004c006400640064
0024004c0044003c
ffdcffdcffdcfff4
fea3fe83ff03ff2b
febbfee3feabfebb
fe02fdeafd92fe1a
fdfafdc2fd59fdca
fe0afe02fe22fdfa
fe2afe3afe42fe32
fd79fe2afe5afe4a
fc40fc60fca9fca1
ffe4fefbfd59fc68
00fd010500dd0074
016d0145012d011d
0165016d018e0186
01fe01ce019e0186
01e601ee01f60206
018e01ee01fe01f6
0044009d00e5012d
ff7bffb4ffe4fffc
ffc4ffccffbcff84
febbfebbff2bff8c
fe62fe62fe7afea3
fc60fd31fdc2fe22
fc68fc18fc08fc00
fd11fd39fd41fcd9
fcd1fd01fd31fd39
ff03fdb2fce1fcc9
00ad0044005c003c
00a500d500dd00c5
006c009d00bd00bd
0064007c005c003c
00640064005c0044
0014004c00540054
fff4ffecffd4ffd4
feabfebbff1bff63
fedbfea3fedbfeb3
fde2fde2fda2fe3a
fdfafdaafd69fdf2
fe2afdfafe22fe0a
fe4afe5afe32fe42
fd79fe32fe42fe6a
fc40fc91fca1fca9
ff7bfe42fcc9fc60
00fd00e500ad0044
016d0145012d0125
01860186019e0186
01de01d601b6019e
01ce01de01ee01f6
01d601e601d601b6
00c5011d0155019e
0034005c007c008d
fffc00440064002c
fed3fedbff13ff7b
fe22fe3afe7afec3
fc18fcd1fd82fdda
fc91fc30fc08fc00
fd31fd29fd61fd11
fcc9fce9fd19fd21
ff0bfe2afce1fcc1
00bd006c003c0014
00a500bd00a50095
006c009500b500bd
0074008d0064004c
007c005c0054005c
ffe4000400140044
fff4ffc4ffb4ffbc
fea3ff03ff23ff43
fe62fec3feebfeab
fdaafde2fdaafe0a
fdeafdb2fd79fda2
fe4afdf2fe22fe02
fe3afe5afe1afe6a
fd71fe1afe3afe62
fc50fcb1fc91fcc1
fefbfd79fc68fc50
00f500cd0064ffdc
016d015d0125010d
019e01a601ae0186
01ce01ce01be01ae
01de01ee01de01de
01c601c601ce01de
00a500dd01350196
003c006400740085
fff4003c0034002c
fef3ff03ff2bff94
fde2fe2afe8bfee3
fc08fc58fd21fd9a
fcb1fc40fc10fc00
fd49fd41fd41fd29
fcd1fce1fd11fd19
ff9cfe3afce9fcd9
00b50064fff4fffc
00b500a500a500a5
0074007c00a500bd
0085007c00850064
005c005400640074
ffbcffc4ffdc001c
ffc4ffa4ffb4ffb4
fea3ff03ff13ff53
fe8bff13ff03feb3
fd9afe12fdd2fdf2
fdaafdaafd8afda2
fe32fdcafe12fdba
fe3afe62fe0afe8b
fd69fdeafe22fe4a
fc60fca9fca1fcc9
fe42fcb9fc48fc48
00ed00950014ff7b
015d0155012d010d
01a601be01b60186
01d601ce01ce01a6
01e601ee01e601de
01de01f601fe01f6
00ad00d5011d018e
0054004c005c0074
002c0074006c0074
ff4bff3bff53ffc4
fdaafe12feabff23
fc00fc10fcb1fd51
fcf1fc68fc18fc00
fd21fd39fd29fd49
fce1fce9fce9fd49
ff73fe52fd01fcc1
00cd00950044000c
008d006c007c009d
006c00740095009d
008500850095008d
0034004c00640074
ffacffbcffccfffc
ffacffacffc4ffac
fec3fec3ff3bff7b
fecbfed3fefbfec3
fd9afdf2fdf2fdfa
fdc2fd9afd8afdaa
fdf2fda2fe02fdca
fe42fe5afdeafe62
fd8afe0afe22fe4a
fc48fcb1fcb9fcd9
fd39fc40fc30fc38
00bd005cffc4fedb
014d0145012d0115
01be01be01860165
01ee01ee01d601be
01d601e601e601de
020e0216020e01ee
00fd012d015d01c6
00bd00bd00cd00d5
004c009500b500c5
ff94ff6bff94ffe4
fd71fdf2fecbff53
fc00fc00fc48fd09
fd11fc89fc28fc08
fd11fd31fd19fd49
fce1fcd9fcd1fd11
ff8cfe7afd31fcc1
00d50095006c0024
008d004c007400bd
0064006c007c0085
0074006c007c007c
00140024004c005c
ffbcffc4ffe4fffc
ffa4ffacffbcffc4
fecbfec3ff4bff5b
fec3feb3feebfedb
fd9afdeafdd2fdf2
fdcafdbafd8afdd2
fdbafd82fe02fde2
fe4afe72fddafe22
fd82fde2fe0afe62
fc60fcb1fcb9fce1
fc70fc30fc30fc38
0095000cff53fdca
014d0135010d00e5
01be019e017d0165
0206020601ee01ce
01d601de01e601f6
02160226020e01de
016d018e01be01f6
010d010d01250135
005c009d00bd00f5
ffacff8cffac000c
fd39fde2fedbff6b
fc00fc00fc10fc99
fd11fca9fc30fc10
fce1fd19fd21fd39
fcc9fce9fcd9fcd9
ffdcfeabfd71fcc9
0095007c009d0064
009500740074008d
003c005c00740085
005c003c00440044
000c00240054005c
ffd4ffe40004000c
ff6bff84ffa4ffbc
ff03ff03ff43ff6b
fe8bfec3fec3fefb
fda2fdeafdd2fdf2
fdd2fdc2fdbafdba
fd79fd49fdd2fdea
fe4afe83fdfafe12
fd69fdb2fdfafe72
fc70fcb1fcc1fcc9
fc28fc38fc38fc38
003cff84fe12fc91
012d010d00e5009d
0186017d016d0145
021e021e01fe01be
01ee01fe02060216
022e021e01ee01de
019e01be01fe022e
0125012d0145014d
0064009500b500f5
ffb4ff8cffbc001c
fcf1fdcafec3ff84
fc00fc00fc00fc30
fd21fcb9fc40fc10
fcc9fd29fd21fd31
fcb9fcf1fcd9fcb1
0034feebfdb2fcd1
005c00740095005c
00a5008500740074
00440054006c008d
003c00340034002c
0024002c003c003c
ffc4ffe4fffc000c
ff4bff63ff7bff9c
fed3fee3ff33ff63
fea3ff0bfeebff0b
fdaafe02fdd2fdf2
fde2fd9afda2fdaa
fd8afd31fda2fdca
fe32fe4afdfafe0a
fd71fdbafe12fe42
fc70fcb9fcc9fcb9
fc28fc38fc38fc50
ff8cfe2afca9fc28
00f500d500ad0044
0165015d014d011d
0226020e01e6019e
02160236022e0236
023601fe01d601ee
019e01de021e0236
011d0135014d0155
0074009d00c500ed
ff94ff6bff9c0024
fc91fdaafeabff73
fc00fc00fc08fc08
fd09fcc1fc60fc18
fcb9fd01fd39fd19
fcb1fce9fce1fcb9
005cff8cfe12fcd9
0044007c00850034
00ad008d006c005c
0064006c0074008d
003c003400340054
ffe40004000c002c
ff8cffa4ffc4ffc4
ff5bff7bff84ff8c
fea3feabff33ff84
fe72fefbfefbfee3
fe12fe22fdeafdd2
fdcafd92fdbafdda
fdaafd59fd8afdc2
fe52fe4afddafe1a
fd79fdcafe3afe72
fc60fcb1fcc1fcb1
fc38fc40fc30fc60
fde2fc99fc38fc30
00cd00950044ff73
014d0135012500fd
020601e601c60175
023e024e022e0216
021601fe01f60216
01a601ee02260236
010d01150145016d
008d00c500cd010d
ff7bff7bff9c0014
fc38fd51fe8bff4b
fc00fc00fc08fc08
fcf9fca9fc68fc20
fcb9fcb9fd01fd09
fcc9fcf1fcf1fcd1
005cff33fe6afd19
004c007c005c0024
00b5008d007c0044
00850074007c00ad
0054005c0074008d
ff94ffccfff4002c
ff7bff7bff8cff7b
ff73ff94ff9cff94
fed3fecbff2bffbc
fe6afef3fee3feeb
fe3afe1afe02fdaa
fd92fd79fd69fdba
fd82fd69fd71fdc2
fe6afe8bfdfafe1a
fd31fdbafe0afe62
fc89fcb9fcc1fca9
fc40fc38fc38fc78
fc99fc58fc48fc50
008d001cff13fd82
01350125010d00d5
01d601b6017d014d
0256023e022601fe
021601fe0216024e
01be01fe0216021e
010501150135016d
008d00d500e50105
ff5bff7bffac000c
fc08fce1fe4aff1b
fc08fc00fc00fc00
fcf9fcc1fc70fc20
fce1fcc1fd19fd19
fcc1fcf9fd01fcd9
0034ff33feebfd51
004c0095006c003c
00a5006c007c0054
008d0074009500b5
00640074009d00a5
ff8cffbc00140044
ffa4ff94ff94ff8c
ff63ff8cffa4ffac
fe8bfecbff0bff94
fe6afecbfeebfeb3
fdfafe1afe32fdaa
fd79fd92fd59fdba
fd61fd61fd69fdc2
fe7afe7afdfafdea
fd21fdd2fe12fe52
fc99fcd1fcb9fcb1
fc40fc38fc50fc81
fc81fc68fc68fc60
ffb4fe72fd41fcb1
00f500dd00bd006c
019e0165013d0115
025e022e01fe01be
022e022e024e026e
018601d601f601f6
00dd00f5012d0155
009500e500fd00fd
ff43ff6bff84fff4
fc00fc68fde2fedb
fc08fc00fc00fc00
fce1fcd1fc78fc30
fcf1fcc1fce9fd01
fcb1fcd9fd01fce1
fffcff8cfeebfd49
009500ad00b50085
00a5007c008d007c
008d0085009500b5
006c005c0085009d
ffacffdc003c0064
ffbcffacffacffac
ff63ff84ff9cffbc
feabfecbff13ff63
fe52fef3ff1bfefb
fe02fe0afe5afdca
fd79fd71fd51fdaa
fd8afd51fd61fdba
fe4afe32fe12fdda
fd21fdeafde2fe5a
fca1fce1fcc9fcc1
fc40fc48fc70fcc1
fc91fc81fc89fc68
fe1afd59fcf9fcc1
009d007c0014ff33
0135010500f500cd
022e01f601ae016d
024602460246025e
016d01b6020e0246
00bd00c50105013d
006c00d500e500d5
ff13ff53ff84ffcc
fc00fc18fd21fe7a
fc10fc00fc00fc00
fce9fcd1fc89fc40
fcd1fcd1fce9fd09
fc99fcd1fcf9fcd1
ffc4ff9cfefbfd59
00ad008d00b5008d
00b500a5008d00a5
008d009d009d00ad
007c005c006c0085
ffc4fff4003c0074
ffa4ffa4ffacffbc
ff73ff73ff8cffa4
febbfee3ff13ff5b
fe62fedbff73ff0b
fdf2fe2afe72fe0a
fd82fdb2fd71fda2
fdbafd61fd61fdb2
fe0afe22fe0afdba
fd31fdeafddafe3a
fcd9fd11fcf1fcd1
fc60fc70fc81fcc9
fcb9fcc9fc99fc68
fdaafd59fd01fcd1
fff4ff63fe9bfe02
00bd00a5008d005c
01d6019e014d00f5
01fe01fe022e0216
0145018601de020e
0085007400b50105
001c009500b500a5
feb3ff13ff63ff9c
fc08fc08fc70fde2
fc20fc08fc00fc00
fcd9fcc1fc89fc50
fcd1fcd9fd01fd09
fc89fcc1fcf1fcd9
ffacff9cff2bfd69
00ad008500850085
00b500b500b500bd
008d00a5009d00a5
00740054003c005c
ffbcfff400340064
ffacffacffacffb4
ff7bff8cff9cffb4
fea3fef3ff0bff6b
fe4afebbff8cff1b
fe32fe4afe9bfe12
fdc2fe0afd8afdb2
fe1afd8afd31fdaa
fdf2fe3afe12fde2
fd59fde2fde2fdea
fce1fd21fd09fcf1
fc78fc78fc91fcc1
fd01fcf9fcb9fc99
fdcafd69fd19fcf1
fedbfe83fe42fe12
0034000cffbcff43
0165011500a5004c
01be01b601ce01ae
00e501150165018e
0044001c004c0095
ffcc00540074007c
fe32fec3ff23ff2b
fc10fc08fc10fce9
fc20fc08fc00fc08
fcf9fcd1fca1fc58
fce9fce1fd01fd01
fc89fc89fcf1fce1
ffe4ffe4ff94fd61
00bd00c5005c0085
00bd00a500bd00d5
008d00b500ad00ad
005c003c00240044
ffe40024004c0054
ffbcffacffb4ffb4
ff94ffb4ffbcffcc
fea3feebff33ff7b
fe62fee3ff53feeb
fe7afe4afe93fe3a
fdf2fddafd8afdd2
fe3afd71fcf1fdba
fe32fe62fe2afdea
fd69fdd2fdaafdd2
fcc9fd19fd39fd21
fc91fc99fca9fcd1
fd31fce9fcb1fc91
fdd2fd82fd39fd19
fec3fe8bfe62fe1a
ff53ff03fec3fec3
008dfffcff94ff7b
014d0155014d010d
00a500c500f50125
0014ffdc000c0054
ffa4fffc003c004c
fd19fe2afed3ff43
fc10fc10fc08fc28
fc40fc18fc08fc10
fd09fcd9fca9fc68
fd11fcf1fd01fd11
fc78fc58fcc9fcf9
0024ff9cff33fd79
00bd00c5006c0085
00cd008d008500cd
008d00b500cd00d5
005c00440024004c
ffe4002c004c0054
ffa4ffa4ffa4ffac
ff84ff94ffacffb4
fedbff43ff43ff6b
fe6afeebff03fef3
fe42fe52fe42fe1a
fdeafd9afda2fdc2
fe6afd82fce1fdaa
fe4afe2afdf2fdea
fd69fde2fdbafdfa
fcf9fd21fd61fd31
fcb1fcc1fcc9fd09
fd11fcc1fca1fca1
fddafd9afd59fd69
fed3fe9bfe72fe22
fedbfeebfee3fee3
ff33fed3fee3fee3
00dd00d50064ffcc
0044006c00a500c5
ffc4ff94ffacfffc
ff23ff73ffacffe4
fc30fcf1fdf2feb3
fc10fc18fc10fc08
fc48fc20fc10fc10
fd21fce1fcb9fc70
fd29fd29fd11fd49
fc89fc58fc91fd01
0004ff84ff1bfdba
00ad00b5007c006c
00c500a500bd00c5
007c009d00c500d5
007c006c00540064
ffbc0004004c0074
ffb4ff94ff94ff9c
ff73ff8cffb4ffc4
fefbff23feebfeeb
fe4afee3fecbfedb
fe32fe62fe12fe1a
fdfafd92fdb2fdca
fe7afd92fd01fdaa
fe42fe42fdd2fde2
fd59fdcafde2fe12
fce9fd21fd82fd49
fcd1fcd9fce1fce9
fcf9fcc9fcc1fcc1
fdfafdaafd8afd61
feebfeb3fe72fe42
ff23ff2bff23ff13
feabfecbfef3ff1b
ffe4ff6bfeebfec3
ffacffe4fff4000c
ff2bff23ff2bff5b
fdfafe7afec3ff13
fc08fc20fc89fd51
fc10fc18fc10fc08
fc50fc38fc18fc10
fd61fd09fcc1fc89
fd31fd49fd29fd51
fc99fc60fc68fcd9
fff4ff5bff13fdca
00ad00ad00a5004c
007c008d00cd00cd
0044007c008d0085
00a5008d006c004c
ff9cffd400440085
ffbcffacffb4ffac
ff8cffb4ffd4ffdc
fef3ff33ff43ff13
fe52fef3fedbfecb
fe4afe4afe0afe72
fdcafda2fddafd9a
fe42fd92fd01fdba
fe0afe5afe02fdf2
fd39fdc2fdf2fdfa
fcf9fd21fd79fd31
fcf9fd01fcf9fd01
fd11fcf9fcf1fce9
fe0afdc2fd92fd49
ff13fecbfe93fe4a
ff4bff4bff4bff33
fef3ff13ff33ff43
fe5afe5afe9bfec3
fe4afe6afe7afe72
fd41fd61fdaafe02
fc50fca1fce9fd21
fc10fc10fc18fc30
fc20fc28fc18fc08
fc58fc40fc20fc20
fd79fd41fcd9fca1
fd29fd51fd49fd39
fca1fc58fc50fc70
000cff3bff53fdf2
007400cd009d0034
0024004c00ad00a5
00240024001c0004
00ad00b500a5005c
ffdcffdc00140064
ffbcffd4fff4fff4
ffc4ffdcffd4ffc4
feabff5bff5bff0b
fe6afefbfed3fe9b
fe42fe52fe3afe93
fdcafdc2fdeafdba
fe6afd9afcf1fdaa
fe0afe42fe12fe1a
fd51fddafe02fdd2
fd01fd41fda2fd29
fd19fd21fd19fd31
fd39fd11fd09fd11
fe12fdc2fd9afd61
ff13fed3fe93fe4a
ff73ff6bff63ff4b
ff2bff53ff5bff63
fdeafe52fec3fefb
fc58fcb1fd19fd82
fc10fc10fc18fc30
fc08fc08fc08fc08
fc10fc18fc18fc20
fc30fc30fc20fc08
fc81fc50fc28fc20
fd49fd61fcf9fcc1
fce1fd79fd69fd51
fcb9fc68fc50fc48
ffdcff6bff33fe12
009500bd00ad0054
00140034007c0085
003400040004fff4
009d00c500bd008d
003c001c0004004c
ffc4ffe40014002c
ffbcffdcffd4ffcc
feabff33ff33ff2b
fe52feebfefbfe8b
fe32fe5afe72fea3
fdaafdc2fe12fdf2
fe8bfde2fcf9fd9a
fe3afe3afe62fe1a
fd79fdd2fdf2fdaa
fd01fd51fdb2fd41
fd39fd31fd21fd19
fd49fd29fd29fd39
fe1afdfafdc2fd82
ff1bfecbfe8bfe52
ff8cff73ff6bff43
ff4bff5bff63ff7b
fdd2fe62fecbff2b
fc08fc40fcc9fd51
fc08fc00fc00fc00
fc10fc08fc08fc00
fc18fc18fc20fc30
fc38fc30fc38fc10
fcd1fc70fc40fc30
fd51fd41fd29fcf1
fc78fd59fdb2fd71
fce9fc78fc50fc50
0034fffcff73fe62
00a500c500c50095
003c00040024007c
00640044002c003c
0085009d00a50085
0034002c002c0054
ffdcffec000c002c
ffc4ffdcffc4ffcc
fe93ff33ff23ff13
fe6afefbff23fe83
fe32fe6afe7afecb
fdc2fde2fe2afe3a
fe4afde2fd01fd8a
fe32fe4afe93fdea
fd9afdb2fe1afdba
fd19fd61fdbafd29
fd41fd31fd29fd19
fd61fd51fd51fd49
fe22fe02fdd2fd8a
ff13fedbfeb3fe6a
ff8cff7bff6bff4b
ff53ff63ff6bff84
fdaafe42febbff2b
fc00fc10fc91fd21
fc00fc00fc00fc00
fc20fc08fc08fc08
fc10fc18fc20fc40
fc38fc48fc58fc20
fd19fcf1fc78fc38
fd69fd41fd71fd39
fc48fce1fdb2fdba
fce9fc89fc58fc50
0085ffbcff6bfe5a
00a500d500d500a5
004cffecffec006c
00a5009d008d0074
0074006c0085008d
002c001c002c005c
fffc0004000c001c
ffc4ffccffb4ffdc
febbff73ff5bff2b
fe12fea3ff03fe83
fe62fe8bfe5afeab
fdfafdfafdeafe3a
fe52fe02fd11fdaa
fe2afe32fe8bfe0a
fdaafd9afe3afdea
fd11fd59fd9afd19
fd41fd39fd39fd19
fd82fd69fd61fd51
fe42fe0afdd2fd9a
ff1bfef3feb3fe7a
ff84ff8cff6bff43
ff4bff6bff7bff84
fd59fe02fe8bff13
fc00fc08fc40fcd1
fc00fc00fc00fc00
fc30fc10fc10fc08
fc10fc18fc20fc50
fc48fc58fc48fc28
fd19fd09fca9fc50
fd9afd49fd61fd69
fc38fc58fd31fdea
fd01fca1fc58fc48
0074ffa4ff23fe6a
00dd00f500d500a5
002cffe40014009d
00cd00bd00a50064
007c006c008500ad
000c0014002c0064
ffecfffcfffcfffc
ffdcffccffb4ffd4
fe9bff4bff33fef3
fe12fe93ff2bfe8b
febbfec3fe7afe8b
fddafddafddafe7a
fe3afe0afd39fe0a
fe2afe42fe7afdea
fddafd9afe4afdc2
fcf9fd61fdaafd19
fd41fd49fd41fd19
fd9afd8afd69fd51
fe32fe02fde2fdba
ff13fee3feabfe6a
ff7bff7bff4bff23
ff1bff43ff73ff73
fd11fdb2fe4afed3
fc00fc00fc18fc89
fc08fc00fc00fc00
fc48fc20fc10fc10
fc18fc20fc28fc58
fc60fc50fc70fc50
fd11fcf9fce9fc91
fddafd8afd61fd59
fc38fc40fca9fdba
fd49fcb1fc60fc50
004cffd4ff33ff2b
0105010d00c500ad
001c002c004400bd
00cd00b5007c001c
00ad0095009d00bd
fffc000c00340074
fff4fffc0004fff4
ffecffdcffbcffd4
fe9bff43ff33fec3
fe62fe9bff2bfe83
feb3fecbfe7afecb
fe1afe12fde2fe5a
fe6afdeafd29fe22
fe2afe72fe9bfe0a
fdf2fd79fdf2fd61
fcf1fd39fd9afd39
fd61fd49fd31fd11
fda2fd82fd71fd59
fe32fe12fde2fdc2
fefbfebbfe8bfe62
ff63ff53ff2bff0b
fedbff1bff3bff5b
fcb9fd41fde2fe7a
fc00fc00fc08fc48
fc08fc00fc00fc00
fc58fc28fc20fc10
fc28fc20fc28fc40
fc81fc70fc81fc78
fd59fce1fce9fcc9
fd92fda2fd39fd51
fc48fc40fc50fce9
fdc2fcd1fc81fc50
0064ffb4ff6bff23
0105010d009d0095
00340054008d00c5
00bd00a500850044
0095009500a500bd
0004001c0064008d
ffecffecfffcfff4
fffcffd4ffc4ffdc
febbff33ff13feb3
fe93fe9bff33fe72
fe9bfecbfe6afe9b
fe6afe32fdbafdfa
fe52fdb2fd19fe1a
fe42fea3fea3fe32
fdfafd79fdcafda2
fcf1fd39fdb2fd69
fd61fd49fd29fcf9
fda2fd92fd79fd71
fe2afe0afdeafdba
fedbfeabfe7afe5a
ff2bff23ff1bfef3
fe8bfedbff0bff2b
fc89fcf9fd8afe22
fc00fc00fc00fc20
fc10fc00fc00fc00
fc89fc58fc30fc20
fc40fc20fc30fc38
fca9fc78fc91fcb9
fd51fcf9fcf9fcf1
fd11fd49fd31fd11
fc58fc38fc40fc78
fddafd29fc91fc60
0085ffecffc4ff4b
00fd00ed00850095
005c008d00bd00d5
009d009d00a5007c
0054005c0085009d
001c002c0074007c
ffdcffe4fffc000c
ffecffbcffc4ffd4
fe8bfefbfefbfe8b
fecbfe9bfecbfe6a
fe83febbfe7afe7a
fe8bfe52fd92fe12
fe32fd8afcf9fdf2
fdf2fe9bfe9bfe5a
fdfafd69fddafdc2
fd09fd31fd71fd8a
fd51fd49fd29fcf9
fdbafda2fd71fd61
fe1afdfafdeafdca
febbfea3fe6afe52
ff03ff03fef3fed3
fe42fe9bfed3fefb
fc50fcc1fd41fdca
fc08fc08fc00fc08
fc18fc08fc00fc08
fc91fc89fc40fc30
fc68fc28fc38fc50
fce1fc91fc99fcd1
fcf1fce9fce1fd11
fca9fcf1fd01fce1
fc68fc40fc40fc58
fdd2fd51fc91fc70
008d002cffb4ff33
00e500d5007400bd
007c00ad00a500cd
009500ad00950064
004c005400740085
003c00540064006c
fff400040004001c
ffacffacffb4ffcc
fe52fecbff03fe9b
febbfeb3fecbfe62
fe4afeb3fe6afe72
fe22fe52fd9afdea
fe2afdcafd09fdba
fddafeb3fe72fe7a
fdc2fd82fe02fd69
fd21fd19fd21fd92
fd59fd41fd29fd01
fdb2fd92fd71fd69
fe2afe02fdeafdca
febbfe8bfe5afe5a
fed3feebfedbfed3
fe12fe72febbfecb
fc20fc91fd09fd8a
fc08fc00fc00fc00
fc28fc10fc08fc00
fc81fc91fc58fc48
fca9fc30fc48fc60
fd01fcb1fca1fcc9
fcb9fcc9fcd9fd11
fc68fcd1fce9fcc9
fc68fc58fc40fc58
fe22fda2fca1fc91
00ad0044ffa4fef3
00c500bd007c00bd
008d00a5008d0095
00ad00b500a50074
006c008d009d00a5
0054007c006c006c
fff400240024001c
ffa4ffb4ffb4ffcc
fe6aff03fedbfe8b
fe8bfeebfefbfe83
fe93fed3fe42fe4a
fe1afe4afda2fde2
fe2afe02fd19fdba
fe0afecbfe6afe8b
fd92fd71fe32fd82
fd01fd19fd31fde2
fd59fd41fd29fd19
fda2fd82fd71fd61
fe1afe02fddafdca
fea3fe72fe6afe42
feb3fecbfecbfebb
fde2fe62fe9bfea3
fc08fc68fce9fd61
fc00fc00fc00fc00
fc28fc18fc08fc00
fc81fc91fc68fc60
fcc1fc48fc40fc81
fd01fcc9fcb9fce1
fcb1fcb1fcd9fcf1
fc48fca9fcd1fcd1
fc68fc60fc48fc40
fe1afd9afca9fc81
009d0014fff4ff2b
00c500c50095008d
006c0095009d009d
00ad00bd00bd008d
009d00c500bd00ad
0074008d0085008d
ffdc0014001c001c
ff9cff94ff8cffac
ffccffbcff8cff84
ff7bff7bff9cffbc
ff63ff6bff73ff7b
ffacff73ff5bff63
ffa4ffa4ff9cffac
ff7bff7bff8cff9c
ff9cffacff94ff73
ff63ff73ff8cff94
ff6bff63ff8cff53
fea3fefbff23ff6b
fd21fd41fda2fdf2
fce9fd09fcd9fce9
fce1fcc1fce1fd09
fd92fd92fdb2fd29
fcb9fcf9fd11fd69
fc68fc81fc81fca1
fc48fc48fc60fc78
fecbfe72fd9afc91
ff0bfedbfeebfef3
fefbfefbff03ff03
ff2bff2bff3bff33
ff0bff03ff2bff43
fee3fefbff3bff43
feb3fe93fe93febb
ff23ff13ff0bfee3
feebff1bff43ff33
fecbfeebfeebfeeb
fec3fecbfeb3fec3
fef3feebfed3fecb
fea3fea3fec3feeb
fe8bfe93fea3fe9b
fe5afe5afe72fe8b
ffccffbcff94ff8c
ff73ff73ff94ffb4
ff6bff6bff7bff6b
ffacff73ff53ff5b
ffc4ffacff94ffac
ffbcff9cff9cffb4
ff94ffacffa4ffac
ff53ff43ff73ff94
ff5bff6bff63ff43
fcf1fd69fe6aff2b
fd01fcf9fce9fcf1
fd79fd79fd71fd51
fd82fd92fd8afd92
fe5afde2fdbafd69
fd41fde2fe1afe3a
fc58fc60fc89fcf9
fc50fc50fc60fc60
fd82fca1fc40fc38
ff23fecbfe93fe1a
feebfeebff13ff43
ff33ff2bff23ff23
ff0bff2bff5bff4b
fed3ff03ff33ff23
fef3fecbfea3feab
ff13ff1bff1bfefb
fee3ff03ff2bff0b
febbfebbfecbfedb
fee3fefbfee3fedb
feebfefbfef3feeb
fea3feabfecbfef3
fe7afe83feabfeab
fe62fe62fe72fe8b
ffacffbcffb4ffa4
ff84ff84ff94ffa4
ff84ff94ff84ff7b
ff94ff8cff6bff73
ffccffa4ff7bff7b
ffa4ff6bff8cffcc
ffa4ffacff9cffbc
ff73ff53ff4bff6b
fea3ff5bff6bff73
fdcafd71fd59fdaa
fdc2fe02fdfafdea
fe6afe7afe62fdea
fdf2fdf2fe1afe62
fdd2fdc2fdc2fdda
fda2fdfafdfafde2
fc70fc78fcb9fd29
fc58fc58fc60fc68
fc40fc38fc50fc50
feabfe4afdaafcb9
fec3feebff13ff03
ff1bff03fef3fee3
ff33ff4bff6bff4b
fec3ff03ff3bff2b
ff0bfef3feabfe9b
ff23ff1bff0bfefb
fee3ff0bff2bff23
febbfea3feb3fecb
fefbff03feebfedb
fee3fefbfef3feeb
feb3fed3fef3fefb
fe8bfe83fe93feb3
fe62fe6afe7afe8b
ff9cff9cffa4ff84
ff73ff7bff94ffac
ffc4ffc4ff94ff73
ff94ffb4ffacffac
ffb4ffa4ff8cff73
ff94ff6bff94ffbc
ff94ff9cff9cffc4
ff84ff63ff6bff6b
fe0afe72ff23ff9c
fe7afe52feb3fe6a
fddafe22fe72fe83
fd61fdc2fdeafdc2
fcd9fd01fd31fd39
fcb9fcb1fcb1fcb9
fce9fd01fce1fcd1
fc91fc81fc89fcb1
fc78fc60fc89fc78
fc50fc60fc58fc68
fd9afce9fc60fc40
fefbfebbfe62fe3a
fef3feebfefbff0b
ff1bff3bff63ff33
fed3ff0bff2bff33
ff23fef3febbfeb3
fefbff03ff0bff1b
fedbfee3ff03ff13
fec3feb3fee3feeb
fee3feebfee3fedb
fef3ff0bfefbfedb
feabfedbff03fefb
fea3fe9bfeabfea3
fe5afe72fe7afe9b
ff9cff9cffa4ff8c
ff6bff84ff94ffa4
ffacffbcff8cff5b
ffacffc4ffc4ffb4
ff9cff94ffa4ff9c
ffbcffb4ffa4ff94
ff8cff94ffbcffd4
ff43ff73ff6bff94
fed3feabfe83fef3
fe22fe5afe8bfe8b
fd59fd8afdcafe0a
fd01fd49fd19fd31
fc50fc81fcb1fcd9
fc70fc68fc50fc48
fc89fc99fc99fc81
fc70fc58fc68fc81
fcb1fcc9fcf1fca1
fc50fc58fc58fc68
fc50fc38fc40fc48
febbfe12fd69fcd9
ff0bfebbfe9bfea3
fec3fefbff2bff3b
fed3fee3fedbfedb
ff03fee3fec3fecb
fed3fed3fedbfeeb
feebfee3fee3fee3
fed3fec3feebfefb
fedbfedbfedbfee3
fefbff1bff0bfeeb
fea3fed3ff03fef3
fea3feabfec3feb3
fe6afe72fe8bfeab
ffbcffa4ff9cff94
ff84ff8cff94ffb4
ffacff9cff7bff6b
ffb4ffb4ffacffb4
ff8cff94ffa4ffb4
ffbcffbcffa4ff94
ffbcffc4ffa4ff9c
fe22fec3ff43ff84
fe3afe2afe7afe5a
fd82fdb2fe02fe12
fd11fd51fdfafdc2
fc99fcb1fca9fcb1
fc78fc99fc99fc91
fc89fc91fc91fc89
fc91fc99fc89fc81
fc50fc58fc81fc99
fcd9fcd9fcb9fc78
fc50fc58fc68fca1
fc40fc48fc48fc48
fe12fd41fc91fc40
febbfeabfebbfe93
feb3fedbff03fedb
fedbfecbfedbfecb
feebfedbfedbfeeb
fed3fecbfecbfee3
ff03fefbfee3fed3
fedbfee3ff03ff03
fef3fef3fee3feeb
fed3ff1bff2bff03
feb3fecbfedbfec3
feb3fe93feabfec3
fe62fe6afe8bfebb
ffd4ffb4ffa4ff8c
ff94ff9cffa4ffcc
ffa4ff9cff94ff84
ffacffacffacffb4
ff84ff8cff9cffac
ff84ffa4ffb4ff9c
ff73ffbcffacff73
fe0afe32fe22fea3
fe3afe4afe62fe12
fda2fd71fda2fe12
fcd1fd41fd79fdb2
fca1fc91fc78fca1
fcc9fcd1fcb9fca9
fc99fc99fca9fcc1
fc81fc81fc89fc89
fc60fc78fc78fc78
fd21fce1fc89fc58
fc58fc68fc91fd01
fc38fc38fc40fc48
fcf9fc68fc38fc38
fed3fedbfe83fdb2
fea3fee3fee3fecb
fee3fec3fecbfeab
fefbff03fef3feeb
fef3feebfee3ff03
ff0bff13fef3feeb
feebfeebff13ff13
ff0bff0bfefbfeeb
feabfeebff1bff13
fecbfecbfeabfe93
fec3fe9bfea3fed3
fe6afe72fe9bfec3
ffc4ffb4ffb4ff9c
ff8cff9cffacffc4
ff8cff8cff9cff94
ff7bff84ff94ff9c
ff7bff73ff8cff84
ff53ff94ffbcff9c
fe1aff33ffa4ff7b
fe12fe52fe1afdca
fd8afd9afe2afe2a
fd61fd8afdbafdca
fcb9fce9fd19fd39
fcc9fcb1fc99fca9
fcc1fcc1fcb1fcb9
fcd9fcc9fcc1fcb9
fc91fca1fcb9fcc9
fc60fc68fc78fc89
fcd9fca9fc60fc58
fc68fc81fcc9fd19
fc40fc48fc48fc48
fc50fc30fc38fc40
febbfe5afd61fca1
fea3feb3fef3feeb
fed3feb3feb3fed3
ff1bff23ff0bfef3
ff23ff13ff0bff23
ff0bff0bff1bff23
fefbfefbff23ff2b
fee3fee3fee3feeb
fea3fec3fee3feeb
fecbfee3febbfe8b
fecbfec3febbfed3
fe8bfe8bfe9bfebb
ffacff8cff94ff8c
ff8cffacffa4ffa4
ff8cff84ff94ff94
ff63ff63ff6bff84
ff84ff63ff7bff73
ff7bff7bffacffac
fe22fe52fefbff6b
fe1afdeafdfafdfa
fd41fd41fd51fdba
fcc9fce9fd29fd51
fce1fcd9fcb9fcb9
fd09fd01fcf9fd01
fcc9fcd9fcd9fce9
fcc9fcc1fcc9fcc9
fc89fc99fca9fcc1
fc89fc91fc91fc81
fce1fc99fc78fc81
fc78fcb1fcf9fd09
fc40fc50fc58fc60
fc30fc30fc30fc38
fe12fd09fc60fc30
feb3fee3fed3feab
fed3fed3fecbfed3
ff13ff1bff0bfeeb
ff2bff0bfefbff13
ff13ff03ff23ff33
ff0bff1bff23ff2b
feebfeebfefbff03
feebfed3fedbfeeb
fedbff0bfefbfee3
fed3fed3fecbfecb
fe93fe93fe93feb3
ff7bff63ff73ff7b
ff8cffa4ffb4ffac
ff9cff7bff8cff8c
ff6bff73ff73ff84
ff94ff8cff7bff6b
ff5bffa4ff7bff94
fdb2fdcafde2fe8b
fd69fdc2fd82fd59
fd29fd49fd61fd41
fd11fcf1fd09fcf1
fcf9fcf9fd01fd19
fcd1fcc9fcc1fcd1
fc89fca1fca9fcb1
fcc1fc99fc91fc91
fc91fca9fcc9fce9
fcb1fc91fc78fc78
fd39fcf1fcd1fcb1
fc99fcd9fd49fd59
fc48fc68fc91fc78
fc40fc30fc38fc40
fcf1fc58fc40fc38
fed3fefbfe9bfde2
feebfee3fedbfeb3
ff13ff2bff1bfeeb
ff23ff03feebff03
ff33ff13ff2bff33
ff03ff1bff3bff33
ff03fef3ff03ff0b
ff2bff0bfeebfefb
feebff23ff13ff1b
fee3fef3fed3fedb
fe93fe93fe93feab
ffacff9cff94ff84
ff8cff9cffb4ffc4
ffa4ff73ff8cff84
ff84ff8cff84ff94
ff84ff94ff8cff73
fe5aff43ff84ff84
fd21fd51fdcafdd2
fd19fd59fd71fd41
fd09fd01fd29fd09
fd09fd09fd29fd31
fcd9fcd9fcf9fcf9
fcf9fcd1fcb9fca1
fca9fcb9fce9fd01
fc99fc89fc89fc91
fcb9fca9fc91fc91
fc81fc78fc91fcc1
fd41fd41fd01fca9
fcc9fd21fd49fd11
fc50fc70fc91fc99
fc40fc40fc48fc48
fc50fc48fc50fc48
fef3fed3fe02fcc9
feabfeb3febbfec3
ff1bff1bfef3fecb
ff4bff23ff03ff1b
ff53ff13ff13ff23
fee3fef3ff13ff4b
fef3feebfef3fee3
ff13ff1bff03ff03
fefbff13fefbfefb
fef3fedbfed3fee3
fe8bfe93feb3fedb
ffc4ffbcffb4ff9c
ff7bff8cffa4ffbc
ff94ff7bff84ff7b
ffa4ffacffa4ff94
ff94ff9cff84ff7b
fdeafe5aff0bff73
fd59fd21fd69fde2
fd01fd29fd79fdaa
fd49fd59fd09fd19
fd39fd21fd41fd61
fcc9fcd9fcf1fd11
fd31fd09fcf9fcd1
fcb1fce9fd31fd49
fc89fc81fc78fc91
fc89fc81fc89fc81
fc89fc89fcb1fca1
fd61fd31fce1fc99
fd21fd71fd21fd31
fc60fc81fc99fcd1
fc38fc40fc48fc48
fc48fc70fc58fc38
fecbfe1afcd1fc40
feb3fedbfedbfed3
fef3fed3fecbfeab
ff53ff33fee3fefb
ff53ff13fef3ff13
fef3fefbfefbff3b
fef3fed3fed3fedb
ff03fefbfef3ff03
fee3fee3ff0bff0b
ff0bfedbfeb3fec3
fe83fe93fec3ff03
ffb4ffb4ffacff9c
ffacffb4ffb4ffbc
ffa4ff9cff9cff94
ffacffccffd4ffbc
ff94ffbcffb4ff9c
fe12fe1afe9bff13
fd92fd51fd41fd71
fd21fd29fd19fd49
fd9afd71fd71fd41
fd21fd59fd61fd49
fcf9fcf9fcf1fd09
fcc9fcd1fcd9fce1
fc81fc91fcb1fcb9
fcb1fcb1fca9fc99
fc81fc91fca1fca9
fca1fcb9fca1fc89
fd61fce9fce9fcc1
fd39fd59fd39fd9a
fc78fca9fcf1fd59
fc40fc48fc58fc50
fc68fc78fc70fc48
fe1afcf9fc48fc38
feb3fed3ff0bfedb
fedbfeebfedbfecb
ff2bfef3fecbfedb
ff6bff43ff23ff2b
ff03ff0bff23ff5b
ff03fedbfee3fefb
feebfecbfedbff03
feb3fecbff03ff13
fef3fef3fea3fe93
feb3feb3feabfecb
ffb4ffb4ffbcffb4
ffbcffbcff9cffac
ffc4ffc4ffa4ff9c
ffc4ffacffc4ffdc
ff33ffb4ffbcffc4
fd8afdaafdeafe6a
fd39fd51fd69fd79
fd39fd11fd09fd19
fd9afdc2fddafd8a
fd21fd19fd41fda2
fcf9fd09fd09fd01
fc89fcb1fcd9fce9
fcf9fce1fcd1fca1
fce9fcf1fd09fd01
fc91fcb9fcc9fce9
fcb1fc99fc89fc81
fcd9fcb1fcb9fca9
fd51fd59fd82fd61
fc91fce1fd09fd39
fc50fc40fc50fc78
fc68fc81fc70fc78
fd31fc68fc50fc60
febbfed3fef3fe62
fedbfee3fedbfec3
ff03fedbfed3fec3
ff6bff73ff73ff2b
ff1bff13ff1bff43
ff0bfedbfedbff03
fed3fec3fedbff03
fe9bfebbfee3fef3
fed3fef3feb3fe8b
fee3fee3febbfeb3
ffa4ffb4ffccffc4
ff94ff9cff94ffb4
fffcffbcff94ff94
ffd4ffccffb4fff4
fe93ff43ff7bffcc
fd92fd8afddafdf2
fd39fd21fd41fd82
fd9afd19fd11fd51
fdb2fd71fdd2fdfa
fd49fd59fd51fd79
fcd9fd21fd31fd21
fd09fce1fcc9fcc1
fd11fd09fd11fd19
fcf9fd39fd69fd59
fcb1fcd1fcb9fcc9
fc91fc81fc89fca9
fcc9fca1fc99fca1
fd59fd69fd59fcf9
fcc9fd01fd61fd39
fcd1fc81fc70fc99
fc60fc68fc60fcc1
fc68fc48fc68fc91
fecbfe7afe2afd41
fedbfed3fed3fee3
ff0bff13fee3fed3
ff5bff63ff53ff2b
ff1bff0bff13ff33
fefbfedbfeebff13
fedbfee3fee3fef3
fea3feabfed3fedb
fecbfef3fee3feb3
fee3fee3fedbfed3
ffccffc4ffbcffa4
ff8cffa4ffbcffe4
001cffbcff94ff8c
ffdcffe4ffe40004
fe2afec3ff7bffa4
fdf2fddafdf2fe02
fd51fd31fd39fdb2
fe3afdb2fcf9fd59
fdbafd9afd21fd9a
fd49fd59fdcafdc2
fcb1fca9fcc9fd19
fd92fd69fd69fcf1
fd59fd61fd71fdaa
fd21fd49fd11fd21
fc89fc91fca9fcc9
fcb9fc99fc99fca9
fd01fcc9fcb9fcc9
fda2fd92fd51fd31
fd39fd49fd92fda2
fce1fcf1fcb1fce9
fc78fc50fc68fc89
fc48fc48fc50fc68
fe02fdb2fd49fc89
fedbfebbfea3fe7a
ff33ff33ff03fedb
ff4bff3bff4bff5b
ff2bff13ff03ff33
ff0bff0bff13ff2b
fef3fefbfeebff03
feb3fec3fed3fee3
fedbfee3feebfec3
feabfeb3feebfef3
ffd4ffc4ffbcffac
ffb4ffb4ffccfff4
ffecffb4ff9cffac
ffb4ffecffecfff4
fe12fe3aff3bffb4
fdc2fddafdc2fdfa
fd92fd49fd31fd71
fdfafe52fdaafd21
fe3afdc2fd39fd29
fcc1fd31fdaafde2
fd51fcc9fc81fc78
fedbfe9bfe6afdf2
fe2afe42fec3ff13
fcf1fd39fda2fe02
fca1fcb1fca9fcb9
fcb1fc89fc81fca1
fd21fce9fcc9fcc9
fda2fdfafddafd9a
fd69fd51fd59fdb2
fc89fc91fcc9fd19
fc50fc58fc50fc68
fc58fc50fc48fc40
fdc2fd49fcc9fc50
fedbfeabfe32fdda
ff43ff3bff1bfee3
ff3bff33ff23ff33
ff2bff13ff03ff23
ff0bff03ff13ff2b
fef3fefbff0bff1b
feb3fedbfef3fef3
fed3fecbfed3feb3
fe9bfeb3fee3fef3
ffd4ffecffecffd4
ffc4ffb4ffccffec
ffd4ffacffa4ffbc
ffacffccfff4ffe4
fdeafddafe3aff63
fda2fda2fd69fd92
fd39fd92fd59fd71
fd92fe42fe12fdaa
fe3afe22fdb2fd71
fc81fcf1fd82fdca
fe72fddafd39fc91
ff43ff5bff2bfedb
fe02fe72fedbff23
fcc9fcf9fd39fd9a
fca9fca1fc91fca9
fc99fc99fcb1fcc9
fcf1fcc1fcc9fca9
fdf2fe52fe4afd9a
fd51fd8afd8afdda
fcc9fcc1fca9fd11
fc30fc40fc58fc81
fc60fc58fc50fc40
fd9afcc9fc58fc50
feb3fe52fdeafde2
ff63ff84ff3bfed3
ff0bff0bff03ff2b
ff1bfef3fef3fef3
ff13ff0bff1bff33
fef3ff0bff03ff13
fe9bfeb3fefbff13
fecbfef3feebfeab
feb3fecbfee3fedb
ffec0004000cfffc
ffb4ffacffc4fffc
fff4ffd4ffbcffac
ff5bffacffec0004
fda2fda2fd92fe7a
fd92fda2fd79fd8a
fd9afd82fdc2fd92
fd8afdbafe0afe32
fe02fe52fe32fde2
fd09fc91fce9fd79
ff1bfef3fe9bfdfa
fecbff13ff43ff33
fd21fd59fdcafe52
fc81fc99fcb9fcf1
fc99fc78fc70fc68
fcb1fca9fcc1fcc1
fd21fd01fce9fcd1
fe52fe5afde2fd61
fd29fd61fdaafdfa
fce1fd11fcd9fcf1
fc81fc91fc89fca9
fc50fc60fc78fc70
fcf1fc68fc40fc48
fe4afdfafe12fdba
ff4bff73ff13feab
ff03fef3fee3ff03
ff1bff03fefbff03
ff2bff2bff13ff23
fef3ff13ff0bff13
fe8bfe72feabfed3
feb3fedbfed3fe9b
fea3feabfebbfebb
0024002400240014
ff9cffb4ffbcfff4
fffcffe4ffbcff9c
fec3ffacffe40004
fd71fd9afda2fe12
fd8afd59fd61fd71
fe02fd9afdc2fdb2
fddafdd2fde2fe62
fde2fe8bfea3fe52
fed3fdd2fce1fd01
ff2bff33ff43ff3b
fe93fed3ff13ff1b
fd21fd69fdcafe32
fca9fcc1fcc9fcf1
fca1fc91fca9fc99
fcd9fcc1fc99fca9
fd69fd59fd49fd11
fe72fe5afe02fde2
fd59fd92fe1afe3a
fce9fce1fcf1fd19
fcd1fcf1fcb9fcb1
fc50fc60fcb1fce9
fcb1fc40fc40fc50
fddafdeafdfafd59
ff03ff03feebfe83
fefbfeebfedbfee3
ff33ff2bff1bff03
ff33ff33ff1bff3b
ff0bff3bff33ff2b
fe93fe83fe93fecb
febbfed3febbfe9b
fe93fe8bfe9bfeab
002c00240014000c
ffccffecffe4fffc
001c000cffecffc4
fe6aff3bffa4fffc
fd69fd69fdd2fe22
fd92fd51fd51fd79
fdf2fdeafdd2fdc2
fe5afe22fdeafdfa
fd8afdeafe93feeb
ff0bfefbfe22fd49
fec3fed3feabfea3
fe3afe93fecbfebb
fcc1fcf9fd51fdc2
fcc9fca9fcb9fcc9
fce9fcd9fce1fcd1
fcf1fce9fcd1fce1
fde2fddafda2fd39
fe6afe4afe3afe0a
fdfafe2afe42fe72
fcd9fd09fd49fd82
fd11fd29fd01fcc1
fc20fc40fca1fcd9
fc60fc28fc28fc38
fdc2fe22fdbafd01
fedbfedbfed3fe0a
fef3fef3fefbfee3
ff23ff23ff1bfefb
ff23ff33ff33ff33
ff23ff3bff2bff13
fe93fe93fe9bfedb
fedbfef3febbfe9b
fea3fe9bfeabfec3
0014002c001c000c
fffc000cfffcfffc
002c003c001cffec
fe3afe9bff5bffbc
fdbafd8afdaafdf2
fdbafd9afd79fd9a
fe0afe1afddafdba
fefbfe7afe0afe2a
fd8afdbafe2aff0b
fec3fe72fe5afe22
fe4afe9bfe83fea3
fd79fd79fdc2fde2
fd11fd01fd11fd61
fdcafd79fd61fd51
fe0afdf2fdf2fdd2
fd9afdcafdbafdda
fe72fe62fe32fde2
fe72fe52fe8bfe83
fe2afe42fe52fe8b
fd21fd71fddafe12
fca1fcc9fcf1fd01
fc08fc20fc81fca9
fc28fc20fc18fc18
fe32fe02fd41fc60
fecbfea3fe1afde2
fefbff13ff13fef3
ff13ff13ff1bff03
ff13ff33ff2bff23
ff0bff1bff0bff03
fe93fe9bfeb3fee3
fef3fed3fe9bfe93
feabfecbfee3fee3
001c004c0054003c
fffcfff4ffe4fffc
fffc003c002cfffc
fe52fe72ff13ffc4
fe12fdeafd61fda2
fdd2fdb2fd92fdda
fe62fe3afe02fdd2
ff13fef3fe93fe83
fdaafdaafe12fe7a
fe7afe42fdeafdd2
fd39fdaafe3afe93
fd82fd49fd19fcf9
fe52fe12fdf2fdaa
fe8bfe5afe4afe5a
fea3feabfeabfeab
fe72fe93fe62fe6a
feabfea3fe8bfe7a
fed3fec3feabfeab
fe62fe83fe83fe9b
fda2fe02fe4afe4a
fcb1fcb9fd01fd59
fc18fc48fc58fc89
fc20fc18fc10fc18
fe3afdaafcc9fc40
fea3fe62fdf2fe4a
feebff0bff13ff03
ff33ff1bff23fefb
ff3bff4bff43ff4b
fefbff23ff1bff1b
fe9bfe9bfebbfedb
fedbfeabfe93fea3
feb3fee3feebfee3
003c005c005c005c
fffc0004fff40004
ffe4ffe40004ffe4
fe02fe83fee3ff5b
fe42fe1afda2fd9a
fde2fdeafdd2fdc2
fe4afe62fe4afdea
fee3ff33fefbfe52
fd71fd92fdc2fdda
fe3afe5afde2fd69
fd79fde2fe4afe93
fe52fe0afda2fd69
fed3feb3fea3fe5a
fe42fe1afe32fe62
fea3fe9bfea3fe72
feb3febbfec3feab
feb3fea3fea3feb3
fee3fed3fedbfee3
fe93febbfec3feeb
fdfafe4afe6afe72
fcc1fcf1fd41fdaa
fc48fc78fc89fca1
fc28fc20fc18fc18
fdfafd59fc70fc30
fe9bfe1afdf2fe3a
fed3fefbfefbfed3
ff43ff23ff1bfee3
ff53ff73ff7bff73
ff0bff33ff33ff2b
fea3feb3febbfedb
febbfe9bfeb3fec3
feb3fec3fec3fecb
00240034002c0044
003c0024000c000c
ff8cffccffe4002c
fdeafe7afeb3feeb
fdeafe32fe02fda2
fe1afde2fd82fd92
fe22fe42fe62fe52
fe3aff03ff13fe72
fd69fd69fd8afdc2
fdc2fdaafdc2fd71
fe0afe3afe32fdfa
fecbfeabfe6afe42
feebfeb3febbfee3
fecbfecbfebbfec3
feebff2bff0bfed3
fe9bfe72fe72fe93
feebfec3fe93fe9b
feebfeebff13fefb
feb3fedbfee3fef3
fe22fe62fe72fe93
fcc9fd19fd61fdda
fc70fcb9fce9fcd9
fc28fc20fc30fc40
fe0afcd9fc48fc28
fe83fe2afe32fe4a
fee3feebfebbfea3
ff43ff2bff0bfed3
ff4bff73ff94ff84
ff03ff13ff1bff23
febbfea3febbfeeb
fea3fea3fed3fed3
fe93fe9bfeb3feb3
001c000c00040034
0074003c00240024
fefbffecffd4004c
fdfafe8bfee3fed3
fd8afe02fe42fdea
fe7afe1afd79fd8a
fe3afe83fe83fe83
fdd2fe8bfeebfec3
fdeafdcafd82fd71
fdc2fd71fd39fd59
fea3fe52fe0afdfa
ff13ff13fefbfeeb
ff3bff43ff3bff33
ff1bff33ff43ff43
febbfecbff13fefb
fefbfed3febbfea3
ff23ff03feebfefb
ff0bff1bff23ff23
fedbfef3ff13fefb
fe5afe83fe9bfec3
fd01fd41fddafe2a
fc81fcc1fcd9fcf9
fc30fc40fc50fc60
fd82fc68fc28fc30
fe42fe2afe42fe5a
ff33fefbfedbfe9b
ff43ff23fefbff0b
ff2bff53ff7bff73
ff13ff03ff13ff1b
fec3fea3feb3fef3
fea3febbfee3fed3
fe93fe93feabfeab
002c001c00140034
007c006c0044003c
ff23ffacffdc0004
fe22fe8bfee3ff13
fd8afdd2fe6afe32
fe83fea3fdcafd82
febbfe9bfe8bfe83
fde2fdfafe9bfef3
fd92fe62fea3fe42
fdeafd51fcc9fce1
fee3fee3fe72fe02
ff84ff53ff3bfef3
ff53ff53ff7bffb4
fedbff13ff3bff53
fee3ff03feebfedb
ff43ff43ff2bff1b
ff5bff1bff03ff0b
ff33ff43ff4bff63
ff03ff03ff1bff1b
fe7afe93feabfedb
fd09fda2fe12fe42
fcb9fcb1fc99fcb1
fc38fc48fc81fc81
fcf9fc40fc28fc28
fe22fe4afe4afe1a
ff43ff23fef3fe83
ff53ff1bff0bff5b
ff2bff3bff4bff43
ff1bff1bff2bff23
feb3fe9bfea3fedb
fea3febbfedbfec3
fe9bfe93fea3feb3
0014000c00140014
004c007c005c0034
fedbff840024ffd4
fe42fe83fec3fee3
fd8afd9afe62fe3a
fe93fe5afdf2fd92
ff1bfed3feabfedb
fe7afe12fe22fe9b
fce9fd59fe3afed3
fe42fdaafd41fd01
ff63ff2bfedbfe9b
ff63ff84ff84ff73
ff0bff1bff53ff7b
ff33ff33ff1bff1b
ff84ff84ff84ff63
ff63ff5bff73ff8c
ff84ff7bff5bff6b
ff43ff4bff63ff8c
ff1bff13ff23ff4b
fe8bfebbfecbfef3
fd61fde2fe22fe5a
fcf1fcd1fca9fcf1
fc60fc91fca1fca9
fca1fc38fc40fc58
fe5afe7afe72fdaa
ff43ff23ff13fe8b
ff73ff53ff43ff5b
ff23ff33ff33ff53
ff1bff33ff33ff1b
feb3feabfeb3fee3
fe9bfea3feb3feb3
fec3feabfe9bfeab
000c00140014000c
0004006c005c002c
fed3ff2b0024ffcc
fe22fe5afe93ff0b
fdaafd92fe02fe0a
fecbfe3afe12fdc2
fec3fefbfec3fedb
fea3feabfe4afe5a
fd09fce1fd21fdd2
fec3fe7afde2fd8a
ffa4ff9cff2bfed3
fff40004fff4ffd4
ffccffb4ffd4ffdc
ffdcffccffdcffe4
ffb4ffccffacffa4
ffa4ff84ff7bff9c
ffa4ffccffccffc4
ff5bff63ff84ff9c
ff13ff2bff3bff63
feb3fed3ff03ff0b
fdc2fe1afe5afe9b
fcc1fcb1fcd9fd39
fc78fc99fca1fcb9
fc68fc48fc40fc60
feb3fe9bfe6afd29
ff23ff13febbfeab
ff84ffa4ff7bff1b
ff4bff4bff33ff53
ff1bff3bff4bff33
fefbfef3fefbff13
fec3febbfec3fee3
fecbfea3fe8bfeab
fffc000400340024
fffc003c006c003c
fefbfeebffd4001c
fe0afe22fe8bfeeb
fde2fdcafe22fe62
fec3fe83fe0afdfa
fe5afe83fecbfe83
fdcafe93febbfe6a
fd31fcb9fd09fd31
fee3fee3fe6afdba
001c0004ffc4ff43
0074007c0064005c
002c001c003c0054
001c001c002c002c
fffc00040004001c
ffecffd4fff4fff4
ffe40014000c0004
ff63ff7bff9cffbc
ff4bff53ff53ff6b
febbfeebff2bff3b
fdeafe3afe93feb3
fcb1fcd1fd19fd79
fc68fc89fc81fca1
fc58fc30fc38fc60
feabfeabfe2afcd9
ff1bff43fecbfeb3
ff94ffb4ff94ff33
ff73ff63ff3bff5b
ff23ff33ff4bff5b
ff2bff1bff13ff23
fee3fef3fefbff1b
febbfeb3feb3fecb
0014003400440034
ffd400240054003c
fee3feabff94002c
fe32fe0afebbff03
fdf2fdfafdcafe42
fe72fe8bfdfafe22
fe3afe32febbfebb
fdcafdb2fe52fe52
fda2fd11fce9fd69
ff1bfebbfeebfe5a
00ad006c0024ffb4
00c500dd00e500c5
0095009500a500b5
0064008d00ad00a5
002c00240034004c
0024002c003c0044
002c004c00440024
ff84ffa4ffccfff4
ff5bff63ff5bff73
fecbfefbff23ff4b
fe22fe5afeabfecb
fcb9fcf9fd51fdaa
fc50fc58fc60fc89
fc38fc28fc58fc60
fedbfe62fd71fca9
ff2bff43ff13feeb
ff84ff84ff7bff53
ff6bff63ff6bff73
ff1bff1bff4bff73
fefbfef3ff03ff13
fefbff13ff13ff13
feebfedbfecbfedb
005c005c0054004c
ffbcffc40044005c
fecbfe6afeb3ffd4
fe4afe02fe5afec3
fdfafdf2fdc2fe1a
fe6afe72fe2afe1a
fe52fe4afe6afed3
fe0afe42fdf2fe4a
fe12fd59fcf1fd31
ff84ff03fefbff13
012500cd006cfffc
014d016d01860165
00fd010d011d0135
00a500cd010d010d
0074005c00440074
0064006400850085
0054006c00740074
ffbcffe400040024
ff63ff63ff73ff84
fef3ff0bff2bff53
fe42fe9bfec3feeb
fce1fd31fd82fdea
fc58fc58fc68fca1
fc28fc48fc60fc58
feebfdcafcd9fc89
ff2bff03fef3fefb
ff6bff63ff6bff33
ff73ff6bff8cff7b
ff13ff1bff3bff5b
fef3fef3fef3ff0b
feebff13ff23ff13
fee3fedbfedbfedb
007c005400640085
ffe4ffb4006c0085
fedbfe7afe62ff8c
fe5afdfafe4afeb3
fe12fdeafdeafe12
fe83fe8bfe5afe0a
fe2afe42fdf2fe52
fdcafe8bfe9bfe3a
fef3fe12fd59fd19
ffbcff6bff3bff33
016d012d00b50014
01ce01d601d601ae
015d0175019e01be
00e501050125014d
00b500a5009d00ad
006c007400ad00b5
006c00850085008d
ffec0004002c0054
ff63ff7bff94ffb4
ff0bff23ff43ff53
fe62febbfee3fef3
fce9fd49fdaafe22
fc70fc70fc91fcb1
fc38fc48fc48fc58
ff13fdcafcc9fc60
ff0bfebbfed3ff0b
ff63ff73ff73ff1b
ff94ff94ff9cff73
ff1bff2bff43ff63
ff1bff13ff0bff23
fee3ff1bff33ff23
feebfeebfee3fed3
008d006c0074008d
ffacffb4006c008d
ff03febbfe6aff0b
fe2afe1afe5aff03
fe12fdd2fe0afe02
fe7afe4afe72fe32
fe83fe5afe12fdea
fd92fe7afec3fec3
ff5bfeebfddafd21
ffdcff94ffbcff5b
01be0155010d009d
01fe021e01f601e6
019601be01f60216
01050125014d017d
00ed00e500d500dd
00a500a500cd00d5
009500b500a5009d
00040034005c0074
ff6bff9cffacffcc
ff23ff43ff63ff63
fe83fed3ff03ff0b
fd09fd71fdd2fe42
fc78fc78fc99fcc1
fc30fc38fc30fc58
fed3fd8afc99fc38
ff0bfe8bfec3feeb
ff4bff43ff4bff1b
ff63ff73ff84ff63
ff3bff43ff5bff5b
ff4bff33ff23ff4b
fef3ff13ff23ff33
fefbfefbfedbfee3
00950085007c0074
ff6bffd4002c0085
ff33fed3fe93fec3
fe22fe5afe42fef3
fe1afde2fe02fdda
fe12fe72fe72fe52
fe93fe3afe22fde2
fd79fe0afef3fef3
ff4bff6bfe7afdc2
0034ffd4ff94ff73
01e60186013d00fd
0226022e02060206
01c601fe0216021e
014d01650196019e
010500fd0105010d
00e500ed00f500fd
00c500d500cd00cd
003400640085009d
ffa4ffc4ffccffec
ff33ff4bff73ff84
fe9bfee3ff0bff1b
fd29fd82fdeafe62
fc68fc89fca1fcd9
fc28fc28fc38fc50
fe7afd11fc78fc28
fefbfe62fea3feeb
ff53ff4bff43ff2b
ff43ff63ff84ff63
ff8cff8cff73ff53
ff5bff4bff33ff63
ff1bff1bff1bff23
fed3fee3fee3ff0b
0074007c006c0054
ff84ffc4fffc006c
fedbfebbfe72fea3
fe22fe93fe6afecb
fe42fdfafdfafe0a
fdcafe32fe93fe72
fe93fdd2fdcafde2
fddafdeafeabff0b
ff5bff73ff0bfe62
007c0014ffb4ffb4
01ee01b601750135
0226022e020601fe
01e6021e0226022e
017d01ae01ce01de
012501250135014d
010d010d011d011d
00e500f500ed00f5
006c008d00ad00c5
ffccffe4000c0034
ff4bff5bff8cff9c
feb3ff03ff23ff2b
fd31fd9afe0afe83
fc78fc99fcb9fcf9
fc28fc28fc48fc48
fdfafca1fc68fc28
ff23feb3feb3feeb
ff7bff7bff53ff4b
ff73ff73ff84ff73
ffb4ffc4ffa4ff73
ff5bff5bff53ff7b
ff2bff33ff23ff33
febbfedbfeebff0b
0074005c005c0044
ff13ffa4ffd4006c
febbfeabfe7afedb
fe52febbfe72fec3
fe8bfe42fe1afe22
fdb2fdcafe6afec3
fef3fe52fd92fd82
fe5afe2afe5afebb
ff94ffa4ff4bfeb3
00cd00440004fff4
01fe01ce019e0155
0246024602360206
02160236023e023e
019e01b601ee020e
0145015d0155016d
011d010d01350135
00f5010501050105
008d00ad00bd00dd
ffdcfff4002c005c
ff63ff53ff7bffac
fed3ff2bff43ff5b
fd31fd92fe1afe93
fc81fc99fcd1fd01
fc28fc40fc38fc50
fd92fcd9fc70fc28
ff23fee3feb3fef3
ff8cff8cff3bff3b
ff7bff63ff6bff7b
ff84ffbcffacff84
ff4bff5bff4bff4b
ff3bff3bff03ff13
fec3fee3fefbff13
0085007c0054002c
fe93ff94ffc40044
fec3feabfea3feb3
fe52feabfe7afea3
fe62fe4afe1afe12
fd82fdaafe12fe5a
fed3fedbfe0afd79
feebfe7afe3afe62
0004ff7bff43ff0b
00f5009500740044
01fe01d601ae0165
0246024e0246021e
0226022e022e0236
01b601de01e601fe
015d017d017d0186
011d011501350145
00f5010501050105
008d00bd00cd00ed
ffdc000c00440064
ff73ff7bff9cffcc
fee3ff23ff43ff5b
fd41fd9afe1afe8b
fc81fca9fcd9fd01
fc40fc38fc28fc68
fcf1fc89fc60fc28
ff2bfedbfe83feb3
ff7bff53ff2bff33
ff73ff6bff73ff73
ff73ffa4ff9cff84
ff53ff5bff53ff43
ff3bff3bff1bff33
fea3fec3fef3ff1b
0074008d007c0044
fe7aff9cfffcfff4
fedbfee3fe6afe83
fe2afe83fe8bfe72
fe72fe6afe2afe1a
fd61fd92fde2fe32
fe7afe8bfe4afdd2
ff0bfe93fe93fe52
0014ff8cff6bff03
00e500a5008d006c
01fe01ae018e015d
023e0236022e021e
022e022e02260236
01c601de01e6020e
015d017d018e01ae
011d0125012d0145
00ed00f500fd0105
007c00bd00e500fd
fffc0034005c006c
ff7bffacffb4ffd4
feebff33ff5bff6b
fd59fdaafe1afe83
fc91fca1fcd9fd11
fc48fc20fc38fc78
fc91fcb9fc68fc38
ff53fedbfe72fe42
ff63ff23ff13ff5b
ff5bff7bff8cff73
ff73ff8cff73ff6b
ff5bff53ff4bff53
ff23ff23ff33ff53
fea3feb3fee3ff13
00440085008d006c
fe3afeebffa4ffcc
fe8bfebbfe72fe5a
fdeafea3fec3fe62
feabfecbfe8bfe1a
fda2fd71fdbafe0a
fe2afe8bfe2afe02
fef3fe83fe8bfe83
0024ffd4ff6bfeeb
00f500850054006c
01ee01ae017d015d
021e021e02160206
022e0226020e021e
01d601de01f6021e
015d017501a601d6
0115012d013d0155
00fd00f500fd00f5
00a500cd00ed00fd
000c003c0064008d
ff84ffb4ffc4ffec
fee3ff2bff63ff84
fd71fdd2fe3afe6a
fc60fc91fce1fd21
fc40fc20fc50fc89
fcb9fcc1fc58fc48
ff63fefbfea3fe12
ff53ff2bff13ff5b
ff5bff7bff73ff5b
ff63ff7bff73ff63
ff53ff33ff2bff3b
ff1bff0bff33ff43
fec3febbfedbff0b
0014007400850085
fe62fe8bff8cfffc
fe52fe5afeabfe83
fe5afe9bfedbfe4a
fe4afe93fe62fe12
fdcafd61fd82fde2
fe2afdc2fe02fdda
febbfe93feabfeab
00440004ff94fee3
010d00a500ad0085
01de01be01860165
02160206020e01fe
02360216020e0216
01de01ee01fe022e
016d017d01ae01ce
0135013d0155016d
00ed00f50105010d
00b500cd00f500f5
0024004c007400ad
ffacffccffe40004
fed3ff23ff63ff94
fd9afdfafe5afe83
fc58fc91fcf1fd39
fc20fc30fc91fc81
fce9fcf9fc50fc40
ff2bff23fea3fd92
ff2bff2bff0bff3b
ff73ff7bff6bff4b
ff73ff94ff84ff84
ff43ff13ff23ff43
ff03ff03ff33ff4b
feebfef3fef3fef3
0024006c00ad00a5
feabfe9bff73ffbc
fe42fe42fea3fe72
fe62fe83fee3fe3a
fdf2fe6afe83fe4a
fd8afd9afd69fdb2
fe62fdaafdbafdc2
feabfe4afe72fec3
006c0024ffa4ff53
013d00dd0095008d
01e601be017d0165
023e022e02260206
024e023602360236
01ee020602260246
0186019601b601c6
0145014d0165017d
01050105011d0135
00cd00e500e500fd
003c005c007c00b5
ffccffe4fffc001c
fed3ff33ff7bffac
fdc2fe2afe83fe9b
fc58fca1fd01fd61
fc28fc50fcb9fc70
fd09fd19fc68fc48
ff1bff3bfec3fd29
ff23ff43ff3bff0b
ff63ff6bff6bff4b
ff84ff8cff63ff73
ff3bff1bff43ff63
fedbfeebff23ff43
ff0bff2bff1bfeeb
fffc0044008d00a5
fe72fea3ff5bffbc
fe62fe42fe4afe83
fe7afe83fed3fe4a
fe02fe32fe52fe42
fd9afdb2fd8afdb2
fe7afdf2fdaafdda
fed3fe42fe2afe72
0054003cffb4ff5b
0175010d00740074
01fe01e601a6017d
027e0256024e023e
026e0276027e0287
01e6020e023e0256
018601a601be01ce
0145014d015d0175
011d0105012d0145
00d500f500dd00fd
00640074009d00b5
ffdcfff4000c002c
fefbff53ff94ffcc
fdd2fe42fea3feb3
fc58fcb1fd09fd69
fc30fc70fcc9fc50
fd82fcf9fc89fc58
ff73ff6bfeabfcf1
ff1bff63ff5bff4b
ff6bff7bff7bff4b
ff63ff5bff43ff5b
ff2bff13ff4bff63
fedbfedbff03ff2b
ff4bff43ff33ff03
ffcc004c004c0085
fe72fe5afee3ffe4
fe52fe0afe22fe9b
fe4afe9bfebbfe8b
fdfafe0afe1afe2a
fe1afd92fdaafdc2
fe6afe22fe02fdca
fed3fe32fdeafe1a
0044000cffbcff23
0196015500c50054
024e01fe01ce01be
02bf02a70297028f
028f028f02b702c7
01f6021e023e0276
01ae01d601ce01d6
014d015d017d018e
012d012d0135014d
00e5011501150125
007c00a500bd00cd
fff4001c003c004c
ff13ff73ffacffdc
fdd2fe32fe9bfedb
fc48fcb9fd19fd82
fc40fc91fcc1fc38
fd8afcf9fc81fc50
ff73ff84fe12fcd9
ff33ff73ff53ff6b
ff6bff7bff73ff4b
ff3bff43ff53ff6b
ff03fef3ff03ff23
feebfef3fef3fef3
ff1bff0bff1bff0b
003c0054005c0044
fe83fe42febbff94
fe5afe1afde2fe6a
fe3afe8bfe9bfe8b
fe42fe4afe2afe22
fe42fe0afdf2fdf2
fe22fe5afe4afdca
ff03fe22fd9afe32
003c0024ffe4ff6b
01d6018600f50064
027e0246021e01f6
0317030702e702bf
02a702d70307031f
021e022e023e0287
01c601e601e60206
014d0165018e019e
014d01450155014d
00fd011d012d0135
009500b500bd00d5
0014003c005c007c
ff03ff63ffacffdc
fdb2fe02fe83fecb
fc50fcc1fd39fd9a
fc38fc89fcb1fc30
fddafd41fc81fc48
ff53ff4bfdbafd49
ff4bff6bff73ff43
ff7bff6bff63ff43
ff2bff33ff5bff73
ff1bff03fef3ff13
fef3ff13ff0bff03
feebfeebff03fef3
000c000c007c004c
fe9bfe42fea3ff4b
fe42fe52fdf2fe62
fe0afe83fe62fe8b
fe22fe2afe1afdda
fe12fe52fddafdea
fe1afe5afe52fde2
ff23fe72fd51fe0a
0054002c0004ffbc
01f601be014d0085
02bf028f025e021e
033f034f032f0307
02a702e7031f0337
0226022e02560287
01b601ce01e60206
014d017d019e01ae
0145014d0155014d
00f5010d01250135
009d00bd00c500dd
002c004400640085
ff1bff5bff94ffdc
fd9afdeafe52fecb
fc58fcc9fd39fd92
fc30fc60fca1fc20
fdd2fd31fc81fc40
ff2bfefbfd82fd9a
ff4bff6bff6bff2b
ff84ff94ff7bff13
ff33ff2bff43ff6b
ff5bff33ff1bff33
feebff1bff13ff3b
fedbfedbfeebfed3
ffb4fffc003c0085
fe83fe4afe8bfeeb
fe22fe42fe2afe6a
fe1afe6afe12fe62
fe1afe02fe22fe0a
fdcafe1afe2afde2
fe2afe42fe42fe02
ff6bfed3fd41fdaa
0064006400240014
022601d6017d00e5
02c7029702870256
033f0337030702f7
029f02cf0307032f
020602260246026e
01a601d601f601fe
014d0175019e01a6
012d014d015d0155
00ed00fd01250135
008500bd00dd00ed
002c004400640074
ff0bff63ffa4ffe4
fd61fd69fdd2fe72
fc60fcd1fd39fd61
fc38fc58fc78fc18
fddafcf1fc81fc38
ff4bff03fd19fde2
ff53ff5bff63ff4b
ff73ff8cff84ff3b
ff53ff53ff4bff4b
ff6bff53ff3bff53
fee3ff0bff13ff3b
feebfefbfef3fecb
ff33ff940024008d
fe6afe42fe1afebb
fe32fe1afe1afe5a
fdeafe22fe62fe52
fe42fe32fe32fe12
fda2fdcafe0afdf2
fdeafe32fe32fdea
ffc4ff0bfd59fd41
0095006c0044002c
022601ee019e0135
02b7025e0256024e
030f030f02df02e7
028702b702ff030f
01fe022e024e0266
019601be01ce01d6
014d0175018e0196
012d012d015d0155
00e50115012d0135
007400ad00d500e5
001c004c00640074
fe42fee3ff63ffdc
fcc1fce1fd29fda2
fc60fcd9fd01fcd1
fc28fc58fc60fc10
fde2fce1fc91fc40
ff73ff03fd69fe3a
ff63ff6bff73ff63
ff7bff94ff9cff7b
ff5bff7bff73ff73
ff2bff43ff53ff53
fee3ff1bff23ff0b
ff03ff23ff03fecb
feebffa4fff4007c
fe62fe52fe52fe6a
fdeafe32fe22fe4a
fe02fe3afe72fe1a
fe02fe52fe2afdfa
fddafda2fddafdb2
fddafe02fe02fdf2
0014ff6bfd92fd51
00e50074006c0034
021e01de01960145
0236021e01fe0206
0266021601fe0206
022e0246023e024e
01be01ee02160216
0155016d0186018e
014d016d017d0165
011d012d01350145
00cd00fd011d0125
0074009500b500c5
ff8cffd4000c005c
fd41fddafeabff3b
fcc9fce1fce1fd01
fc78fcb9fc91fc99
fc28fc50fc38fc18
fe12fd19fca1fc58
ff33fe93fd9afe4a
ff7bff73ff7bff2b
ffa4ffbcffa4ff7b
ff53ff63ff7bff84
ff0bff1bff2bff43
ff03ff43ff43ff03
feebff33ff13fed3
fe5aff43ffc40034
fe6afe5afe3afe62
fda2fdfafe22fe12
fdd2fe12fe4afdda
fdd2fe12fe3afe0a
fe0afdbafdb2fd82
fddafdfafe02fe32
0034ffb4fddafd82
010d00b5006c003c
017d0196017d013d
00fd00c500a500dd
00f500cd00ed0125
008d00cd00a500bd
011d011500e500b5
00e5010d01450135
013d014d0155011d
00ed00f5010d0125
00a500d500f500f5
0064006c0074008d
fe6afeebff7b0014
fc91fcd9fd49fde2
fd01fcf1fcc1fc99
fc70fc70fc78fcd1
fc38fc48fc20fc10
fdf2fd21fcc9fc68
ff4bfe5afdc2fe72
ff9cff84ff7bff43
ffa4ffb4ffa4ff9c
ff5bff5bff63ff73
feebff03ff03ff2b
ff33ff3bff2bfef3
feebff33ff1bff0b
fe62ff13ffecff9c
fe3afe5afe2afe52
fdcafe02fe12fdf2
fdf2fe1afe22fdda
fdc2fe02fe52fe12
fe1afdf2fdcafdb2
fe0afdf2fe2afe32
0034ffbcfd9afd49
012d00e5008d005c
ffbc004c0105014d
00f500a50034ffbc
ff3bff7bffcc0054
fed3ff3bff3bff43
0014ffa4feebfea3
008500ad00dd006c
00fd010500ed009d
00c500ad00c500f5
0085009d00b500b5
ffe4001400240054
fdc2fe52feebff73
fc99fcb1fce9fd41
fd61fd59fd21fcd1
fc58fc58fce9fd51
fc40fc30fc18fc10
fdcafd39fcc9fc78
ff43fe3afdd2fe5a
ff94ff94ff9cff6b
ff94ff94ff84ff8c
ff43ff53ff6bff6b
fef3ff1bff1bff23
ff3bff23ff03fef3
ff03ff1bff1bff2b
fe8bfedbffe4ff6b
fe52fe3afe2afe6a
fddafe0afe02fdfa
fe22fe02fdfafdda
fdc2fe3afe2afe02
fe02fe22fdf2fdba
fe12fe22fe42fe3a
004cffe4fd82fce9
010d012500c5006c
ff5bff0bff73002c
00a500ad00d5005c
ff2bff53ffbc0024
fee3fed3fee3fec3
ff6bff0bfecbfee3
000c00240034ffb4
00cd00c50085001c
0085008d009500c5
00540074009d008d
ff2bffa4ffec001c
fdaafdeafe3afea3
fdc2fd41fd29fd59
fe7afebbfedbfe6a
fc58fcc9fd8afe2a
fc40fc28fc10fc08
fdaafd31fce9fc78
ff53fe52fe12fec3
ffbcffbcffb4ffa4
ff9cffa4ff94ffa4
ff3bff5bff73ff84
ff03ff13ff23ff33
ff53ff43ff33ff0b
fef3fef3ff03ff4b
fe93fe62ff4bffbc
fe62fe3afe12fe5a
fde2fe4afe3afde2
fe72fe12fdf2fdda
fd9afdfafdfafdfa
fdeafe2afe0afdb2
fe42fe83fe42fe83
0054fff4fd9afcc1
002400e500fd009d
002cffbcff5bff43
016d017d013d00bd
005c009d00ed0145
ff53ff53ff6bfffc
ff43ff3bff53ff73
ffb4ffccffb4ff94
009d0085004cfffc
005c0054005c008d
0024003c005c005c
fe93ff03ff94ffdc
fde2fdeafe0afe2a
ff23fecbfe4afdda
fecbff1bff3bff4b
fc78fd29fde2fe62
fc40fc38fc10fc10
fd9afd61fd21fc99
ff3bfe62fe4afe9b
ffd4ffd4ffbcff9c
ffc4ffacff9cffb4
ff43ff5bff73ff9c
ff53ff3bff23ff2b
ff33ff23ff33ff43
ff0bfefbff0bff43
feabfea3ff0bffdc
fe52fe83fe42fe6a
fdf2fe42fe22fdd2
fe5afe22fe0afe1a
fdbafe02fe32fdfa
fe42fe22fe32fdb2
fe5afed3fe6afeb3
008dfffcfdaafca1
0014008d00ed00d5
015500cd003cfff4
022e025e024601ae
01050135015d01b6
ffd4002c007400bd
ffc4ffccffc4ffb4
fffcfffcffdcffc4
007c005c00440014
0034003400540064
ffdcfffc0014002c
fe32fe83fee3ff6b
fe72fe32fe22fe1a
ff5bff6bff33febb
febbff0bff33ff4b
fc99fd59fde2fe62
fc40fc38fc10fc10
fd92fd59fd39fcb1
ff1bfe1afe5afeb3
ffccffdcffc4ff94
fff4ffd4ffccffac
ff43ff63ff73ffac
ff5bff53ff2bff2b
ff33ff23ff43ff53
ff2bff1bff23ff43
fe83fec3fea3ff73
fe42fe8bfe52fe52
fdf2fe22fe2afdfa
fe62fe62fe12fe12
fdbafdcafe32fdf2
fe4afe2afe42fdaa
fe12fefbfe6afe6a
00b5000cfd9afc89
008d00c500e500dd
01ce018e01050085
01d602260236020e
00dd00fd012d017d
ffec002c0064009d
ffccffc4ffacffb4
0044001c0004ffe4
006c0054005c0054
00240034004c005c
ff43ffacffdc0014
fe12fe1afe52febb
fed3fe83fe42fe22
ff84ff84ff63ff1b
fe8bfee3ff23ff5b
fc99fd51fdc2fe22
fc50fc48fc08fc10
fdaafd61fd49fcc9
fefbfdfafe4afe93
ffd4ffdcffdcffac
ffbcffd4ffe4ffac
ff4bff6bff6bff84
ff33ff3bff2bff2b
ff53ff43ff4bff33
ff2bff2bff3bff53
fe6afeb3fe83fef3
fe2afe8bfe72fe52
fdf2fe3afe6afe2a
fe32fe3afe0afe1a
fdbafdb2fe1afe1a
fe72fe4afe3afe0a
fe12fef3fe3afe5a
00b50004fd9afc89
00dd00c500dd00dd
01c601a60155011d
017d01ae01c601ae
00a500c500ed013d
ffdc000c0034006c
ffacffa4ffacffb4
005c001cffd4ffb4
00740074006c005c
0014004400740085
fe9bff33ff84ffd4
fe2afe0afdfafe1a
fe93fe83fe62fe4a
fedbfef3ff03fecb
fe2afe72fe93fec3
fc91fd21fd8afdda
fc60fc48fc08fc10
fdd2fd71fd49fce9
fef3fe42fe7afeab
ffccffd4ffc4ffbc
ff8cffc4ffe4ffb4
ff4bff73ff6bff7b
ff33ff4bff33ff23
ff5bff4bff43ff23
ff0bff2bff43ff53
fe5afe93fea3fefb
fe1afe9bfe93fe42
fe02fe42fe6afe32
fe32fe32fe22fdfa
fdeafdd2fe02fe12
fe6afe7afe5afe02
fdcafebbfe0afe5a
00bd000cfda2fc81
0115010d00ed00d5
017d017d0145012d
010d0155017d0175
0004003c007c00cd
ff9cffacffb4ffd4
ff84ff84ff94ff9c
0044fffcffa4ff7b
0095008d007c0064
fff400640095009d
fe1afed3ff4bff84
fe32fe12fdfafde2
ff1bfed3fe62fe3a
fe72fee3ff33ff2b
fdbafd9afdb2fe0a
fc91fcf9fd49fd9a
fc91fc58fc08fc10
fdaafd69fd49fcf9
feb3fe4afe72fe8b
ffc4ffecffe4ffac
ff9cffd4ffe4ffbc
ff4bff5bff6bff8c
ff3bff4bff3bff2b
ff2bff1bff1bff23
ff33ff3bff33ff33
fe93fe93feabfe93
fe3afe72fe6afe52
fe02fe32fe72fe62
fe12fe2afe22fde2
fe02fddafdf2fe42
fe62fe4afe4afe22
fda2feabfe42fe3a
00cd0014fdb2fc78
00e500e500d500cd
01050105010d00f5
fff4004c00a500dd
ff0bff8cffbcffa4
fecbfea3fe62fe93
ff4bff5bff33fecb
0024ffd4ff73ff53
00ed00d500a5006c
ffb4007400bd00d5
fdbafe42fedbff33
fdf2fdfafe02fdd2
fe52fedbff1bfe72
fd61fd8afd79fdb2
fd09fcf1fd31fd51
fc91fcd9fd11fd29
fca9fc58fc08fc10
fda2fd59fd69fd21
fe9bfe4afe52fe8b
ffb4ffe4ffecffcc
ffa4ffecffecffbc
ff3bff3bff63ff84
ff23ff2bff2bff2b
ff03fef3fefbff1b
ff43ff4bff43ff23
fe8bfe7afe9bfe62
fe7afe72fe72fe42
fe0afe1afe83fe72
fe22fe2afe12fdfa
fdf2fe12fddafe6a
fe6afe12fe42fe1a
fd9afe8bfe72fe5a
00d5000cfdb2fc70
008500ad00c500cd
003c007c0095008d
ff4bff2bff13ffa4
fdf2fe4afedbff4b
fe2afdeafdaafda2
ff23fef3fe83fe3a
0014ff9cff5bff43
014d012d00fd0095
ffe400a50115012d
fd8afdeafe83ff1b
feabfdfafe0afdca
fcd9fd8afe02feb3
fde2fe62fd09fcb9
fca1fcb1fcc9fd01
fca1fcd9fce1fcd1
fc99fc58fc18fc18
fd9afd71fd82fd29
fedbfebbfea3fe8b
ffccffdcffd4ffdc
ffa4ffecffdcffc4
ff33ff53ff7bff6b
ff13ff23ff2bff33
ff0bff03fefbff0b
ff53ff63ff53ff23
fe52fea3fe72fe6a
fe7afe7afe4afe42
fe0afe1afe83fea3
fe3afe1afe2afe1a
fddafdfafdc2fe5a
fe83fe52fe2afe02
fdb2fe72fe8bfe2a
00c5ffe4fda2fc70
0024004c009500b5
fec3ff73ffdc0004
fe6afecbfecbfeab
fcd9fe12fe2afdaa
fdf2feebfea3fd31
fec3fe3afddafd8a
0034ff9cff53ff23
01ae0196015500dd
000400dd015d0196
fd82fdcafe42fef3
fee3fecbfe4afe0a
fd21ff03feabfe5a
00a5ffe4fd61fda2
fcc1fca9fd09feb3
fca9fcf1fce1fcc9
fc91fc50fc20fc20
fdeafd79fd9afd51
fedbfe7afe42fe42
ffe4ffd4ffd4ffd4
ff9cffc4ffc4ffdc
ff43ff5bff84ff73
ff23ff4bff53ff4b
ff2bff0bff0bff13
ff5bff53ff53ff3b
fe32fe72fe6afe93
fe9bfe93fe42fe32
fe2afe72fe8bfec3
fe3afe32fe32fe1a
fe12fdf2fdeafe32
fe7afe02fe0afde2
fdb2fe6afe7afe3a
00adffccfd92fc78
ffcc0024008500b5
fe52fed3ff43ff84
fea3fe4afe02fe2a
fd21ff0bff33fd61
00440196000cfe42
fe4afda2fdaafebb
006cfff4ff9cff1b
021601de018e0115
001c011501ae0206
fdbafdcafe3afee3
ff8cfeabfea3fe42
fca9fd69fea300fd
00dd000cfd71fd11
fcd1fc81fd71ff94
fca9fd01fce9fcc1
fcb1fc50fc30fc20
fe32fd71fd82fd71
febbfecbfe02fe22
ffecff8cffa4ffbc
ff9cff9cffa4ffe4
ff4bff53ff6bff84
ff43ff6bff5bff43
ff3bff13ff03ff13
ff43ff33ff3bff33
fe32fe72fe4afe4a
fecbfe8bfe6afe62
fe22fe7afe8bfe83
fe0afe2afe22fdfa
fe2afe12fdaafdca
fe3afe12fe2afdd2
fda2fe72fe7afe32
00a5ffb4fd9afc89
ffac001c009d00d5
fd9afea3ff2bff63
015d00d5fea3fd9a
fd21fd29fda2fe72
01650236008dfe22
fdeafe2aff13003c
00e50074000cfef3
0266020e01b6014d
003c0155020e026e
fe1afdcafe32fed3
0044fdd2fe52fee3
fce9fd9a00140246
002c00bdfee3fd71
fcb1fc81fd71ff1b
fcb1fd09fcf1fcd1
fcb1fc58fc30fc20
fe22fd61fd69fd59
ff03ff2bfe3afdfa
ffc4ff8cff94ff9c
ffacffbcffb4ffc4
ff5bff53ff43ff73
ff33ff53ff63ff5b
ff43ff13fefbff0b
ff13ff33ff33ff43
fe32fe7afe5afe5a
fecbfe9bfe8bfe9b
fe02fe2afe42fe6a
fe0afde2fde2fe02
fe12fdfafd69fdc2
fe3afe32fde2fdc2
fda2fed3fee3fdfa
009dffb4fdb2fc89
000c006c00bd00e5
fefbff6bff94ffc4
01fe007cfedbfe83
fdd2fd82fe42008d
00fd01f6019eff4b
fe5afedbff4bffbc
017500ed0034fefb
026e022601f601a6
006c01750236029f
fe3afddafe2afee3
feebfdcafe32ff33
fe9bff0300740044
ff9400ad00b5ff7b
fce1fcd9fd29fe1a
fcb9fd21fd29fd01
fcb1fc68fc30fc18
fdcafd71fd8afd39
ff4bff63fe9bfe2a
ffe4ffbcffa4ffac
ffb4ffd4ffd4ffc4
ff94ff94ff6bff7b
ff3bff33ff63ff8c
ff43ff23ff1bff23
ff33ff43ff33ff4b
fe42fe5afe9bfe8b
feb3fe9bfe83fe62
fe4afe5afe42fe62
fe12fd9afe02fe22
fe4afe2afd92fd82
fe12fe3afe1afe1a
fd51fe6afee3fe0a
00cdffccfdb2fc81
00a500d500ed00f5
001c0054005c0074
000cff4bff2bff9c
ff23ff03ffcc0085
feebffe400740014
febbfe7afe93fe62
01d60115003cff63
025e0226020e01d6
008d0175022e0287
fe1afddafe32ff2b
ff53feebfec3feeb
ff73ffbc001cffdc
fe32fe93fedbff23
fd11fd21fd71fdca
fcc1fd31fd49fd31
fcd1fc78fc40fc18
fd51fd49fd71fd49
ff63ff33fe8bfe62
0004ffc4ffbcffdc
ffb4ffdcffccfff4
ffc4ffccffa4ff8c
ff43ff33ff6bff94
ff43ff3bff3bff43
ff6bff43ff2bff3b
fe62fe83feabfe6a
fe6afea3febbfeb3
fe42fe6afe7afe6a
fddafd71fdb2fe2a
fe42fe3afde2fd39
fdf2fe5afe5afe42
fd11fdf2fe8bfe2a
00f5fff4fdcafc68
00fd010d01150125
007400c500ed00f5
0085003c00040014
ffc4003c005c00ad
febbff13ff63ff8c
ff2bfee3fec3feb3
01fe015d007cffa4
022e020e01fe01ee
009d016502060236
fe0afe0afe6aff8c
ff0bff03fefbfeab
ff7bff94ff84ff43
feabff0bff2bff4b
fd39fd31fd82fe12
fcd1fd41fd61fd49
fd01fc91fc30fc18
fd79fd31fd51fd31
ffa4ff53feabfea3
ffc4ff9cffc4ffcc
ffb4ffd40004fffc
ffbcffc4ff9cff8c
ff4bff53ff94ffb4
ff3bff53ff43ff3b
ff73ff5bff23ff1b
fe42fe62fea3fe72
fe52fe93fec3feeb
fe1afe52fe83fe42
fda2fd71fd92fe1a
fde2fe32fdcafd19
fd9afe4afe22fe02
fd01fdd2feb3fe32
010d0014fe02fc70
0145013d01350145
00dd011d0145014d
00a50064003c006c
0024008d00a500cd
feebff2bff84ffe4
ffacff23fecbfecb
020e01ce01250054
01fe01de01de01ee
00bd017d01fe021e
fe12fe22fec3ffec
ff2bff33ff03fe83
ff4bff4bff2bff2b
fe7afee3ff2bff53
fd69fd69fd82fdf2
fcd9fd61fd8afd82
fd21fcc1fc38fc20
fd8afd79fd79fd21
ff94ff33fe93fe62
ffc4ffacffecffcc
ffb4ffecffecffe4
ffc4ffc4ffb4ffb4
ff63ff5bff8cffb4
ff43ff63ff4bff53
ff73ff63ff33ff1b
fe4afe4afe93fe83
fe83fe7afe83feab
fe3afe6afe62fe1a
fd82fdaafd82fe02
fdf2fe72fdf2fd01
fddafe22fe0afe2a
fcf1fdeafec3fea3
010d002cfe3afc68
017501650145013d
012501550186017d
0085009d00b500dd
ffe4002400640085
ff23ff43ff7bffbc
008d000cff7bff2b
0206020601ae012d
01e601be01b601d6
010501be02160226
fe2afe4aff330044
ff94ff73ff03fe72
ff4bff4bff63ff7b
fe62febbff0bff33
fdbafdcafde2fe0a
fce1fd8afdcafdca
fd11fce9fc48fc20
fd79fd69fd92fd21
ff53feebfe93fe22
ffbcffdc001cffc4
ffecffdcffbcffe4
ffb4ffc4ffc4ffd4
ff94ff7bff7bff9c
ff5bff63ff53ff6b
ff63ff6bff53ff3b
fe8bfe42fe72fe6a
fe52fe83fe8bfe7a
fe42fe9bfeabfdfa
fd41fda2fdd2fe12
fdfafe4afe22fd11
fdf2fe12fe2afe62
fce1fdbafe72fec3
00fd0024fe4afc60
01ae0196015d0135
016d019e01b601ae
00fd011501250145
001c0074009500d5
ffc4ffacffb4ffdc
012d00d50074000c
01fe021601e601a6
01f601c601b601d6
013501d60226023e
fe4afe93ffa40095
ffbcff7bff13fe8b
ff94ffa4ffccffcc
fed3ff0bff3bff5b
fe32fe4afe83fe9b
fce9fda2fe0afe2a
fd31fcf1fc48fc20
fdd2fd61fd92fd49
ff3bfed3feb3fe4a
ffd4ffb4ffd4ff94
ffe4ffdcffbcffdc
ffbcffbcff9cffb4
ff8cff9cff9cffac
ff6bff53ff3bff53
ff6bff6bff63ff53
fea3fe1afe72fe93
fe12fe6afe7afe9b
fe3afe83fe8bfe0a
fd39fd9afdeafe0a
fdcafe02fe3afd29
fe02fe02fe8bfe62
fcf1fda2fe3afe93
00f50024fe42fc58
01ee01ce0175013d
01b601d601ee01ee
01350155017d018e
007c00a500cd0115
009d0085006c005c
01860145010500c5
020e020e01de01c6
020e01e601de01e6
016501fe022e0236
fe6afedbffe400b5
ffacff73ff23fe8b
ffdcfffcfffcffe4
ff4bff6bff8cffa4
feb3fedbfefbff1b
fce1fdbafe32fe72
fd69fce9fc50fc18
fddafd49fd49fd41
ff53fed3fe3afe4a
ffacffa4ffa4ff53
ffbcffd4ffc4ffb4
ffd4ffc4ff8cffa4
ff84ffb4ffc4ffd4
ff73ff53ff2bff53
ff7bff7bff6bff53
feabfe52fe5afe8b
fe02fe32fe52fe72
fe4afe52fe72fe1a
fd31fd61fdfafe0a
fdbafe1afe93fd59
fe1afdf2fe4afe22
fd21fdaafe5afeb3
00ed002cfe42fc70
021e01ee019e0145
01ee02160226021e
0186019e01b601c6
010d010d01250155
0115011d010d0105
018e0165013d012d
021e020601d601a6
0226021e020e020e
01de02460246023e
fe8bff33002c00fd
ffb4ff73ff03fe8b
0004001c000cffe4
ff7bff9cffc4ffec
fefbff2bff4bff63
fce1fdb2fe2afea3
fd61fcf9fc48fc18
fdb2fd39fd51fd31
ffa4ff03fe7afe4a
ff94ff9cffbcffc4
ffbcffe4ffd4ffac
ffd4ff9cff84ffac
ff94ffbcffccffdc
ff7bff7bff3bff63
ff7bff84ff73ff53
fe3afe6afe8bfe72
fe02fe02fe22fe1a
fe7afe72fe4afe22
fd49fd71fe22fe2a
fe02fe52feabfd71
fe62fddafe32fe0a
fd21fdaafe7afeab
00f50024fe32fc78
023e01fe01ae0165
023602460246024e
01b601d601f60216
0155015d01750186
016d016d0165015d
017d016d0165016d
022e021601ce0196
022e0236022e0236
023e027602460236
febbff9c00640145
ff9cff53fee3fe83
0034002c001cffd4
ffa4ffdcfffc001c
ff1bff5bff84ff8c
fcd1fd9afe22febb
fd51fd21fc50fc18
fdbafd49fd82fd21
ffb4ff0bfee3fe0a
ffacffacff8cff7b
ffccfffcffe4ffc4
ffdcff94ff84ff9c
ffa4ffccffd4ffec
ff9cff94ff43ff63
ff94ff94ff8cff7b
fe4afeabfe8bfe5a
fdf2fdf2fe2afe02
fe62fe72fe3afe5a
fd69fd51fe3afe5a
fe2afdfafe7afdba
fe32fdeafe3afe22
fd11fd8afe3afe8b
01050024fe22fc68
022e01f601b6016d
027602660256024e
01f60216022e025e
019e01a601be01d6
01a601ae01b601b6
017d01860196019e
0256023e01f601ae
022e0226023e025e
02460256022e0226
ff03ffec00ad0186
ff7bff2bfebbfe83
004c003c000cffc4
ffcc0004002c003c
ff13ff5bff8cffa4
fcb9fd92fe22febb
fd71fd09fc48fc10
fd82fd61fdb2fd41
ff6bff13fedbfe0a
ffb4ffbcff73ff6b
ffe4000cfff4ffd4
ffccffacffc4ffbc
ffbcffdcffdcffe4
ff9cff9cff53ff73
ff9cff8cff7bff84
fe8bfee3fe72fe3a
fdfafdd2fe22fe12
fe6afeabfe5afe62
fd71fd49fe02fe42
fe32fdeafe6afdea
fe4afe02fe2afe3a
fcf9fd71fe0afe72
00f5001cfe32fc78
020601de019e014d
029f0276024e0226
025e025e0256027e
01f601fe02260236
01ce01e601ee01fe
0196019e01ae01be
0246023e01fe01be
0226020e0226024e
021e022e021e0216
ff4b003400f501a6
ff43fed3fe83fe9b
006400440014ffb4
fff4002c004c0064
ff03ff4bff84ffbc
fca9fd9afe32feb3
fd59fcb9fc30fc10
fd92fd61fdbafd69
ff8cff23fef3fe3a
ffc4ffbcff63ff9c
fff4fff4ffe4ffd4
ffbcffccffecffec
ffc4ffe4ffdcffdc
ff94ffb4ff84ff8c
ff84ff6bff4bff73
fe32fef3fe6afe02
fe22fdf2fe3afe22
fe6afeabfe7afe32
fd82fd61fdf2fe42
fe1afdcafe5afdfa
fe6afe22fe1afe52
fcf9fd8afe0afe62
00d50004fe2afc70
01e601a6016d0135
02c7027e023e020e
02e702df02c702df
0266027e02c702d7
01ee0216022e0256
0165018e019e01be
022e01fe01960155
01ee01fe02260236
01e6020601f601e6
ffb4008d011d0196
fe9bfe72fe7afee3
005c0034ffe4ff43
000c0034005c0074
ff0bff53ffa4ffd4
fc91fd9afe32feb3
fd21fca1fc20fc08
fd8afd61fdb2fd71
ff9cff9cff1bfe4a
ffacff94ff5bff94
ffccffb4ffc4ffcc
ffccffdcffe4ffe4
ff9cffc4ffd4ffd4
ffa4ffccffa4ff7b
ff63ff4bff3bff7b
fdfafed3fe6afdd2
fe12fde2fe0afe02
fe4afe6afe9bfe42
fdb2fd82fddafe62
fe12fde2fe72fe52
fe72fe2afdf2fe02
fd11fd79fdcafe32
00c5ffecfe12fc91
01ce019e01550125
02cf0276023601fe
0357033f0327030f
02d702ff0337034f
01ee022e026e02af
00b5011d017d01c6
01d6019e012d00ad
01ce01de01e601e6
01ce020601e601ce
003c00e5014d018e
fe62fe83fe93ff53
006c000cff7bfe93
002400540074008d
ff0bff63ffb4fff4
fc78fd92fe32feab
fcf1fc91fc20fc08
fd92fd49fda2fd69
ffbcffacff33fe32
ffacff9cff9cffbc
ffacffb4ffccffd4
ffa4ffbcffbcffbc
ff84ffacffbcffb4
ffa4ffacff94ff73
ff63ff53ff53ff84
fdfafe72fe22fdd2
fddafddafdd2fdea
fe3afe62fe7afe0a
fdc2fd82fdb2fe52
fe12fdeafe8bfe7a
fe6afe2afddafe22
fd09fd8afdd2fe1a
009dffe4fdf2fc99
01ce018e0145010d
029f025e022e0206
03670347031f02df
02e7032f0367037f
019e0206025602a7
000400540105016d
01860165014500c5
01e601d601b60196
01fe020e01f601e6
007c0115017501ce
febbfeb3fec3ffac
003cffbcfed3fe2a
002c0064006c0074
ff23ff7bffccfffc
fc58fd8afe52fecb
fce9fc68fc18fc08
fd49fd21fda2fd69
ffdcffe4ff63fe0a
ffa4ff73ffa4ff8c
ffd4ffccffd4ffd4
ff9cffbcffbcffdc
ff94ff9cffb4ffac
ff9cff9cffb4ff9c
ff6bff63ff63ff7b
fe12fe4afe52fdda
fddafdb2fdaafdd2
fe42fe6afe62fdea
fdd2fd79fde2fe52
fdeafdaafe62fe93
fe4afe2afdfafe1a
fce9fd8afde2fe22
008dffc4fdd2fc81
01b60175013d00e5
02970256022601ee
03770347030f02d7
02b7031703670390
014d01ae020e026e
0004ff73004400ed
01c6019e016500ed
01d601c601be01c6
020e021e020601de
00a5012d018e01de
fef3feabfefbfff4
ffe4ff33fe02fe2a
002c005400640054
ff23ff84ffd40004
fc30fd61fe52fecb
fd39fc60fc18fc08
fd31fd19fda2fd79
ffb40004ff5bfe12
ff9cff8cff94ffa4
ffecffd4ffccffdc
ffa4ffbcffbcffdc
ffacffa4ffb4ffb4
ff7bff94ff9cff9c
ff6bff5bff63ff7b
fe12fe6afe83fdba
fdb2fd8afd71fde2
fe42fe52fe7afdda
fdf2fdbafe12fe62
fdf2fdcafe3afe93
fe22fdfafdeafe02
fce1fd79fdf2fe3a
0085ff94fd9afc68
019e0165011d00d5
029f025e022601e6
03670357031f02df
026e02c70317035f
00d5014501ae020e
ffe4ff03ff2b0024
022e01f6016d00bd
01e601d601ee021e
0236025e022e01f6
00ad0135019e01de
fef3feb3ff330004
ff84fe7afd92fe5a
002c004c0044000c
ff1bff73ffc40004
fc20fd49fe42febb
fd21fc60fc18fc08
fd49fd19fdd2fd9a
ffcc000cff84fe32
ffa4ffa4ff94ffac
ffecfff4ffecffe4
ffb4ffccffbcffd4
ffacffacffb4ffb4
ff7bff73ff7bff94
ff73ff6bff6bff8c
fdeafe5afeabfdea
fdb2fd9afd82fde2
fe52fdf2fe42fdfa
fe3afdeafe1afe6a
fe2afddafe22fe93
fe12fdf2fdf2fe32
fcf9fd51fdc2fe02
006cff6bfd71fc78
019e0155010500b5
02970266022601de
0317030702f702b7
01fe025602a702ef
000400c5013501a6
ffbcff0bfe72ff0b
024601d601450054
0236023602560266
027e02d7025e022e
00ad011d017501de
fecbfeb3ff4b001c
feebfdc2fd59fe4a
001c001cfffcffac
ff0bff63ffc4fff4
fc18fd21fe32feb3
fd11fc68fc18fc00
fd51fd59fdfafd9a
ffccffe4ff6bfe3a
ffd4ffc4ffacff7b
ffdcffecfffcffec
ffb4ffdcffdcffd4
ffacffacffb4ffbc
ff7bff63ff94ffb4
ffa4ff9cff8cff8c
fdc2fe5afecbfdfa
fde2fdb2fdcafdf2
fe6afe52fe12fdca
fe2afdfafdf2fe7a
fe2afdeafe1afe83
fe4afe02fdeafe12
fcf1fd31fd92fde2
0044ff53fd59fcb1
0186013d00f500ad
02760246021601d6
029702af02b7028f
018601d6022e0266
ff1b000c00b5012d
003cffdcfef3fe52
01c6015d00cd003c
0236023e022e01fe
0256028f022e021e
009d0105016d01be
fe8bfe9bff3b001c
fe4afd61fd71fe32
fffcfff4ffc4ff3b
ff03ff53ffa4ffd4
fc08fcf1fe2afeab
fd19fc70fc20fc00
fd79fdbafe12fd92
ffdcffecff4bfe1a
ffecffe4ffecffa4
ffd4ffe4ffe4ffe4
ffacffbcffccffd4
ff9cffa4ffc4ffc4
ff7bff5bff84ffac
ffb4ffb4ff9cff94
fdc2fe4aff0bfe4a
fdf2fda2fda2fdca
fe52fe42fe0afda2
fe22fe0afde2fe6a
fe1afdfafe12feb3
fe12fdcafdcafdea
fd29fd41fd69fde2
003cff3bfd39fcb9
016d011d00c50085
023e021e01f601be
022e024e025e025e
012d018601ce01fe
fe8bff5b001c00ad
00c5009d0014fefb
00f500ad009500b5
015d013d012d011d
01b601c60196016d
007c00cd011d015d
fe4afe52fef3fff4
fdeafd61fdbafe22
ffdcffd4ff94feeb
feebff4bff94ffcc
fc00fcb9fe1afe9b
fcf1fc68fc20fc08
fd49fd71fe0afda2
ffe4000cff43fdd2
ffdcfff4fff4ff9c
ffc4ffd4ffdc0004
ff8cff9cffbcffc4
ff9cff8cff9cffa4
ff84ff73ff94ffa4
ffacffacff9cff9c
fdaafdfafef3fefb
fde2fd9afd82fdd2
fe42fdf2fe2afdaa
fe5afe1afe4afe83
fe52fe2afe2aff0b
fe12fe0afe12fe12
fd29fd59fd92fe02
001cff13fd11fcb9
015500f5008d007c
021e01fe01ce0196
01ee021602260226
00c5012d018601b6
fef3fe9bff63001c
00ed00f500c5002c
002c007c00cd00e5
002cffecffc4ffcc
012d011d00dd0085
0034008500ad00ed
fe32fdfafe62ff7b
fdb2fda2fdf2fe22
ffbcff9cff53fe93
fef3ff3bff84ffb4
fc00fc78fddafe8b
fd11fc81fc28fc08
fd29fd31fe3afdf2
ffb4ffe4ff7bfe12
ffc4ffecfff4ffb4
ffa4ff9cffc4ffec
ff94ffacffccffbc
ffa4ff7bff73ff8c
ff8cff7bff9cffb4
ff84ff7bff8cff9c
fdb2fe22fed3ff73
fdb2fd82fd79fdd2
fe52fdeafe5afdd2
fe83fe42fe6afe2a
fe4afe22fe3aff03
fe5afe62fe0afdd2
fd11fd61fdc2fe42
ffecfecbfd01fca1
012d00c500740074
01de01ce019e0175
01be01e601ee01ee
003c00cd01250175
000cfeabfe8bff7b
01350145010d00bd
005c00ad010d0135
ffccffbcffacffe4
00b50085003cfff4
ffac003c005c008d
fe0afde2fdd2fe8b
fdeafdf2fdfafdfa
ff9cff73ff0bfe62
fec3ff13ff63ff8c
fc00fc38fd71fe62
fd19fc99fc30fc08
fd49fd19fe6afe02
ff6bff94ffb4fea3
ffccffd4ffd4ffa4
ffa4ff9cffc4ffdc
ffacffacffd4ffbc
ff8cff4bff4bff8c
ff94ff8cff8cff9c
ff4bff63ff7bff94
fd79fdfafea3ff9c
fd79fd8afd69fda2
fe0afddafe12fda2
fe9bfe62fe2afdea
fe52fe52fe62fefb
fe62fe8bfdeafdb2
fcf9fd79fdcafe4a
ffbcfe8bfd29fc91
010d00ad006c005c
01ae019e0175013d
016d01ae01be01b6
ff9c004400cd012d
00b5ffecfe93feab
019601960165011d
008500ed01650186
ffccffbcffcc0024
004c0014ffb4ffa4
fe93ffa4ffec001c
fde2fdc2fda2fdb2
fe32fe22fe02fde2
ff6bff53fef3fe52
fe93feebff3bff5b
fc00fc18fd09fe12
fd09fca9fc40fc10
fd31fd01fe52fdca
ff2bff84ff6bfe5a
ffdcffd4ffd4ffb4
ffb4ffbcffc4ffdc
ffb4ffb4ffccffc4
ff7bff63ff6bff9c
ff9cff9cff84ff7b
ff53ff73ff84ff8c
fd8afdfafe5aff84
fda2fd8afd82fdb2
fe0afdeafdeafde2
fed3fe2afe32fe1a
fe6afe7afe7aff0b
fe4afe93fe1afdc2
fd01fda2fdcafe32
ff8cfe3afd09fc81
00dd0085005c0034
017d0165013d0115
0125016d018e0186
fedbffbc004400bd
012500b5ffdcfe7a
01f601d601a60165
009d0105015501be
fed3ff2bffb4002c
fedbfed3fe83febb
fdaafe42fe93fe83
fdc2fdc2fdc2fda2
fe42fe12fdeafdca
ff3bff33fedbfe5a
fe5afed3ff13ff2b
fc08fc08fcb1fdca
fd01fca9fc58fc20
fd21fd09fe22fda2
ff0bff8cff7bfe3a
ffdcffd4ffd4ffb4
ffb4ffccffd4ffec
ffb4ffccffd4ffd4
ff63ff73ff7bff9c
ff8cff73ff6bff63
ff7bff73ff73ff8c
fdeafe1afe7aff5b
fdaafd69fd61fdb2
fe22fdbafe1afe1a
fe8bfe0afe22fe3a
fe32fe4afe2afec3
fe42fea3fe22fdaa
fd09fdaafdd2fe22
ff53fdf2fcb9fc81
00a5007c005cfffc
014d013d011500e5
00e50125014d015d
fe7aff13ffe4007c
015d010d00b5ffac
01d601de01be017d
00ed0125015501a6
ffe40024007400bd
ff63ff53ff7bffb4
fe52fe5afe93fefb
fdeafe0afe12fe2a
fe2afdf2fdc2fdc2
ff13ff0bfec3fe5a
fe22fe9bfeebff0b
fc18fc00fc60fd79
fcf9fcb9fc89fc30
fd29fd09fe02fd61
ff73ffb4ffdcfec3
ffe4ffdcffe4ffcc
ffacffb4ffd4fff4
ffb4ffd4ffbcffbc
ff43ff73ff94ff9c
ff73ff63ff5bff43
ff73ff63ff63ff84
fe1afe2afe62ff8c
fdcafd71fd51fd79
fddafd92fe32fe0a
fe5afe02fe12fe02
fdaafe22fdfafe4a
fe2afe52fde2fd9a
fd19fddafdfafe2a
ff1bfdc2fcd1fca1
008d006c004cffd4
011d010d00e500bd
00ad00e5011d0125
ff4bfec3ff9c0044
0145011d00ed008d
017d0196016d014d
013d0186019e018e
003c005c008d0115
000c001c00340034
feebfee3ff0bff9c
fe1afe32fe72febb
fdfafddafdd2fde2
ff03ff03fec3fe5a
fde2fe5afebbfee3
fc20fc08fc28fd21
fd09fcc1fcb1fc50
fd69fd19fdbafd71
ff94ff63ffa4febb
fff4ffccffe4ff9c
ff9cff9cffd4fff4
ff9cffbcffb4ffac
ff4bff73ffa4ff94
ff63ff5bff73ff5b
ff63ff63ff53ff73
fe0afe4afe8bffc4
fda2fd69fd49fd69
fdd2fd82fe3afe0a
fe3afdfafe0afde2
fdbafe4afe12fe42
fe22fe2afdfafe02
fd21fdd2fdfafe12
fedbfd8afcf1fcb1
007c006c001cff9c
00fd00ed00c5009d
009d00cd00ed00fd
0054ff23ff8c002c
00ed00ed00dd00dd
011d00dd00b500cd
0115017d01960165
003c0044007c00b5
003c005c004c002c
fedbfee3ff4bffdc
fe0afe1afe5afe8b
fddafddafdb2fdd2
ff13ff13fed3fe5a
fdb2fe32fea3fedb
fc28fc08fc10fcc9
fcf9fce1fcd1fc78
fde2fd59fd79fd51
ffacff1bff9cff0b
ffecffd4ffd4ff84
ffa4ffa4ffccffe4
ff84ffb4ffbcff9c
ff53ff63ff8cff8c
ff53ff63ff84ff6b
ff2bff43ff4bff43
fddafe3afe9bff53
fd79fd69fd59fd71
fdaafd49fddafdea
fe42fe32fe02fdb2
fdeafe42fe4afe5a
fe2afdfafe12fdfa
fd51fdfafdeafe1a
feb3fd41fcc9fcd1
0064004c0004ff8c
00ed00cd00a5008d
009d00dd00fd00fd
006cffb4ff94004c
002c0064006c006c
0064fff4ffa4ffb4
000c004c006c00a5
0044ffe4ffdcffdc
0004004c0064005c
fdfafe62ff13ff9c
fd51fd79fda2fdc2
fdfafdeafd79fd59
ff2bff43fef3fe83
fd79fe0afe6afec3
fc48fc10fc00fc78
fce9fcf1fd09fcc1
fe12fd61fda2fd41
fff4ff7bff7bff13
fff40004ffd4ffbc
ffccffbcffdcffd4
ff94ffb4ffd4ffac
ff5bff5bff8cff9c
ff43ff63ff7bff73
ff1bff43ff5bff33
fdb2fe52fe8bfef3
fd82fd9afd61fd9a
fdaafd31fdb2fdf2
fe42fe4afe12fd9a
fddafe5afe72fe32
fe4afdfafe0afdf2
fd51fe02fddafe1a
fe7afcf9fca1fcd9
005c002cfffcff6b
00e500b500950085
00c500ed010d010d
0034000cffc4006c
fef3ff73ffccffdc
ff9cff5bfedbfe93
ff3bff43ff7bffc4
ffe4ff5bfedbfef3
ff63ff84ffacffd4
fd82fdcafe52fedb
fcc1fc91fdbafdda
fe12fddafd61fd19
ff1bff73ff33fee3
fd19fdd2fe2afe7a
fc81fc20fc00fc40
fcf9fd11fd29fce1
fe42fd51fd9afd41
ffecff8cff43ff13
fff4ffe4ffbc0004
ffb4ffd4ffecffec
ff94ffa4ffb4ffac
ff73ff6bff8cffa4
ff63ff7bff94ff8c
ff1bff53ff6bff53
fdcafe5afe6afe9b
fda2fdd2fd71fd9a
fd71fd11fdbafdea
fe62fe52fe12fdc2
fdc2fe52fe72fe32
fe62fe4afe32fe1a
fd41fe02fdc2fe0a
fe2afcc9fc91fcd9
0054002cffdcff3b
00d500ad008d007c
00e500fd010d010d
ffcc000cfffc007c
fd8afdf2feabff1b
ffe4ff8cff3bfdfa
01be00ed00bd00d5
00ed00ad004c0125
000cffd4005400a5
ff03fee3ff2bffc4
fd21fcc1ff03ffb4
fe32fde2fddafdb2
fefbff8cff73ff0b
fcc1fd9afe12fe3a
fca9fc38fc08fc10
fd11fd21fd49fd19
fe52fd21fd82fd41
0004ff94fefbff13
0014ffdcffbc0004
ff7bffccfff40004
ff94ff8cffa4ffac
ff63ff63ff8cff94
ff8cff73ff6bff7b
ff33ff5bff84ff8c
fdd2fe83fe6afe2a
fdb2fdbafdc2fd92
fd71fd11fd82fe02
fe6afe32fe42fdba
fdb2fe22fe12fe22
fe52fe93fe1afe0a
fd31fdfafd9afdf2
fdf2fca1fc70fcb1
005c0024ffbcff0b
00cd009d006c0064
00fd010d011d010d
ff5b0004005400bd
fd8afdaafe02fe4a
01d601be0196fea3
029f020602a702ef
02cf01ee01e602cf
01ee015501f602cf
009d008500fd0216
fdaafd11ff8c0145
fe83fe1afe72fe5a
febbff94ffb4ff43
fc70fd51fdfafe32
fcd1fc70fc18fc00
fd19fd31fd41fd39
fe3afd19fd71fd21
000cffd4ff03ff1b
000cffe4ffdcfffc
ff9cffb4ffe4fffc
ff9cff94ffa4ffbc
ff63ff5bff7bff9c
ff7bff6bff6bff7b
ff3bff3bff53ff73
fdfafe83fe9bfe1a
fdbafdaafdc2fdca
fdb2fd61fda2fe32
fe52fe32fe2afdc2
fdaafe4afdcafe0a
fe22fe93fe3afe1a
fd29fddafd9afde2
fdb2fc91fc60fc99
006c001cffa4fefb
00b50085006c0074
011d011d010500f5
ff03fff4008500ed
ff23fef3febbfe4a
0317030701eeff6b
038802ff037f03a8
03c00317031f03b0
032f029702f70398
00ed01e6020602f7
fe62fdbaff53010d
feabfe0afe52fe83
fe8bff73fff4ff9c
fc30fcf9fdbafe3a
fd01fcc1fc38fc08
fd31fd41fd31fd09
fe2afd19fd31fd11
0014fff4fefbff13
ffdcffccffacffdc
ffc4ffacffe4000c
ff94ffacffa4ffc4
ff6bff5bff6bff7b
ff53ff6bff7bff7b
ff3bff33ff33ff43
fdfafe62febbfe3a
fe02fdfafdc2fdda
fd8afd71fdcafe02
fe42fe0afe02fd82
fddafe5afdcafe02
fe0afea3fe5afe3a
fd29fdeafd8afdb2
fd49fc78fc68fc99
005c000cff7bfeab
00bd007c005c0074
0125012d00fd00ed
fedbffe4008d00fd
ffec001cff94fe8b
026601e6013d006c
0398031703980390
03e803c003c003c8
036f031f033703b0
001c01fe027e0327
fecbfebbff3bff94
fedbfe22fe1afe62
fe7aff3bffe4ffbc
fc08fc99fd71fe02
fd21fce9fc58fc10
fd39fd21fd41fd09
fe4afd19fd29fd19
0024ffe4ff1bff33
ffd4ffccffe4ffdc
ffe4ffecfffc000c
ffacffccffccffec
ff73ff63ff84ff7b
ff63ff84ff94ff94
ff2bff3bff2bff3b
fe1afe6afef3fe4a
fe32fdf2fe32fe5a
fd71fd61fdcafe0a
fe4afdeafddafdb2
fdeafdf2fdd2fdfa
fe02fe72fe42fe4a
fd29fdb2fd69fda2
fd01fc70fc58fc99
0034fff4ff4bfe62
00a5006c005c005c
0115011d00f500dd
fef3ffdc008500ed
009d0074ffe4feab
0145010500f50095
02ef014502c70287
03e0038803880398
036f02ff032f0398
ffec00ad01ce030f
fe6afef3ff94ffcc
fef3fe32fdfafe0a
fe32fef3ffa4ffbc
fc08fc48fd21fda2
fd29fd01fc99fc18
fd19fd29fd49fd19
fe62fd21fd01fcf1
0004ffb4fef3ff73
fffcffcc00140004
ffe4ffdc000c0004
ffc4ffecffdcffdc
ff8cff94ffacffb4
ff7bff8cff9cffac
ff33ff4bff53ff6b
fe32fe7afefbfe52
fe62fdfafe52fe83
fd69fd79fdcafe52
fe7afde2fdc2fdca
fdd2fdc2fe12fdf2
fe1afe52fe12fe3a
fd01fda2fd8afdaa
fcc9fc68fc40fc91
0004ffbcff1bfe0a
0085006400540044
00f500f500e500bd
ff43ffe4007400d5
00d5008d0014ff33
013d014d012d00f5
01b600ed01650186
0327021e01f60236
02260155022e02df
0064007400f501f6
fe02fe72ff43ffdc
fef3fe42fe12fe02
fddafeabff5bff94
fc10fc18fcd1fd61
fd11fd31fcd1fc38
fd09fd51fd49fd19
fe93fd31fcf1fcd1
000cffe4ff3bff3b
000c000c00240024
ffe4ffccffe4000c
ffc4fffcfff4ffd4
ff9cffa4ffb4ffbc
ff7bff94ff9cff9c
ff33ff53ff63ff73
fe3afeb3ff03fecb
fe6afdf2fe52fdfa
fda2fd8afd9afe1a
fe22fdd2fde2fdf2
fdcafddafe32fdba
fe1afe32fdfafdfa
fd01fdb2fd92fdba
fca9fc68fc40fc89
ffc4ff5bfed3fdaa
005c004c00440014
00cd00d500b50095
ff94ffdc0044009d
00f500d5005cffb4
0186016d01250105
018601ae01ae0196
015d012d0125016d
010d006c009d010d
003c00a500b50115
fe12fe02fe9bff84
fefbfe42fe2afe22
fd92fe42fefbff5b
fc08fc08fc70fd29
fd29fd49fd01fc58
fd09fd61fd31fd21
fec3fd71fcf9fcd1
ffecfff4ffccff33
000cffec0014001c
ffe4ffd4ffcc001c
ffdcfffc0004ffec
ff9cffa4ffbcffc4
ff84ff9cffacffa4
ff33ff63ff6bff73
fe4afec3fecbfebb
fe6afe1afe6afe22
fddafd82fda2fe02
fe02fddafdcafdc2
fdcafe02fe62fdba
fe12fe12fe02fe02
fd21fdb2fdaafdd2
fc78fc58fc58fca1
ffa4ff23fe83fd49
003c00340024fffc
009d00a50085006c
ffccffe40034007c
010d00d5005cffdc
013d012d012d0105
021601ae0186018e
00f5011d01ae023e
00a50074007400ad
ff8c0004005c00b5
fe22fe12fe0afec3
feebfe4afe22fe02
fd51fdcafe72fef3
fc18fc00fc28fcc9
fd31fd29fd11fc81
fd01fd49fd31fd61
fedbfd82fcd1fcc9
ffecffe4ffb4ff84
00040004ffec0014
fffcfff4fffc001c
ffe4ffec000c0004
ffacffd4ffecffec
ff8cffbcffc4ffa4
ff53ff63ff6bff6b
fe3afe83feb3fea3
feabfe62fe9bfe9b
fdaafd82fdcafe4a
fdfafde2fd9afdc2
fdbafe1afe93fdda
fe1afe0afe02fe3a
fd59fe1afe02fdfa
fc48fc60fc81fca9
ff84ff03fe2afcf1
0034001c0004ffe4
007c006c00540034
0004000c00440074
00fd00b5003cffe4
0165014d011d00e5
0125013d012d0145
006c00950105012d
ffecffdc0004005c
fec3ff33ff94ffec
fe32fe62fe4afe4a
feabfe52fe1afe1a
fd11fd71fdeafe6a
fc28fc00fc08fc60
fd21fd49fd29fcc1
fce1fd21fd61fd82
feabfd79fcb9fcd1
ffe4ffccff8cffdc
fffcffe4ffecfffc
fff4000c0024001c
ffdcffe4fffcfff4
ffbcffd4ffe4ffec
ffacffc4ffb4ffa4
ff63ff73ff7bff84
fe5afe7afef3feeb
feb3fec3fe83feb3
fdd2fdaafdbafe3a
fdeafdc2fd8afdc2
fdc2fe12fe52fdea
fe0afe02fe2afe2a
fd69fe5afe3afe12
fc38fc60fca9fc99
ff43febbfd9afc70
00140004ffd4ff9c
0054003c002c001c
002c00240064006c
00e5009d00540024
014d012500fd00e5
00d50135013d014d
ffdc00040044006c
ff7bff84ffa4ffc4
feebff0bff3bff6b
fe3afe5afebbfebb
fe42fe2afe12fe2a
fcb9fd41fdaafe12
fc40fc08fc08fc18
fd29fd51fd39fcc1
fce1fd11fd8afd59
fee3fd92fcd1fcc1
ffd4ffa4ffbcffdc
fff4fffc0014001c
fff4000c0024001c
ffd4ffd4ffd4ffc4
ffdcffe4ffe4ffdc
ffbcffd4ffc4ffbc
ff8cff8cff8cff9c
fea3fe83ff03ff23
fecbfef3feabfebb
fe0afdf2fd9afe22
fe02fdd2fd69fdda
fe0afe02fe2afe02
fe32fe42fe52fe3a
fd82fe3afe62fe52
fc38fc68fca9fca9
ff03fe6afd01fc38
fff4fff4ffb4ff5b
0054002c001c0014
004400440074006c
00f500b500850064
010500f500ed00fd
00fd0135013d012d
fff40044008d00c5
ff43ff73ffa4ffb4
ff53ff73ff6bff4b
fe42fe32fe9bff03
fdf2fdf2fe0afe42
fc60fd11fd82fdc2
fc60fc18fc10fc08
fd11fd39fd41fcd9
fcd9fd09fd39fd39
fec3fd9afcd1fcc1
000cffb4ffe4ffdc
fffc002c0034001c
ffdc000c001c001c
ffd4ffdcffc4ffa4
ffecffe4ffd4ffbc
ffb4ffdcffe4ffd4
ff9cff94ff84ff7b
feabfebbff1bff63
feebfeabfedbfeb3
fdeafdeafda2fe3a
fe0afdbafd79fe02
fe2afe02fe2afe12
fe5afe6afe42fe52
fd82fe32fe4afe72
fc38fc91fca1fcb9
feabfdd2fc91fc40
ffe4ffd4ff9cff33
0054002c001c0014
005c006c007c0064
00e500cd00a5007c
00e500ed00ed00ed
0115010d00fd00dd
001c006c009d00e5
ff8cffacffd4ffe4
ff33ff7bffacff84
fe4afe4afe72fecb
fdc2fdd2fe0afe4a
fc18fcb9fd59fd9a
fc89fc30fc18fc10
fd31fd29fd69fd19
fcd1fce9fd19fd21
fecbfe0afcd1fcc1
001cffdcffbcffb4
0004001c0004ffec
ffdc00040024001c
ffe4fff4ffccffb4
0004ffdcffccffcc
ff94ffa4ffacffd4
ff9cff73ff6bff73
fea3ff03ff23ff43
fe72fecbfee3fea3
fdb2fdeafdb2fe0a
fdfafdc2fd8afdb2
fe52fdf2fe2afe12
fe4afe6afe2afe7a
fd79fe1afe3afe62
fc48fcb1fc91fcc1
fe52fd29fc50fc40
ffdcffc4ff6bfeeb
0054004c0014fffc
0074008d0095006c
00dd00cd009d0085
00e500ed00dd00dd
00cd00d500dd00e5
ffcc0004004c00a5
ff6bff7bff8cffa4
ff0bff53ff53ff5b
fe6afe6afe83fecb
fd9afdcafe1afe6a
fc00fc48fcf9fd59
fcb1fc40fc20fc10
fd49fd41fd59fd39
fcc9fcd9fd11fd19
ff53fe12fcd9fcd1
0014ffd4ff73ff94
002400040004fffc
ffecfff4001c0034
fff4ffecfff4ffdc
ffe4ffd4ffdcffec
ff7bff7bff7bffb4
ff6bff53ff73ff7b
fea3ff03ff13ff4b
fe93ff13fef3feab
fda2fe1afddafdf2
fdbafdb2fd9afdb2
fe3afdd2fe22fdca
fe4afe72fe1afe93
fd69fdeafe1afe4a
fc58fca9fca1fcc1
fdbafc89fc48fc50
ffccff94ff33feab
0044003c001cfff4
007c00a5009d006c
00cd00cd00ad007c
00e500e500dd00d5
00e500f5010500fd
ffbcffdc002c009d
ff84ff63ff7bff94
ff53ff94ff9cffac
febbfe93fea3fefb
fd69fdbafe3afe9b
fc08fc08fc89fd21
fcf1fc70fc28fc10
fd29fd51fd41fd61
fcd9fce1fce1fd41
ff23fe32fce9fcb9
00340004ffbcff94
fffcffdcffec000c
fff4fffc000c000c
fffcfffc000c0004
ffbcffccffe4ffec
ff73ff7bff7bff9c
ff5bff63ff84ff73
fed3fed3ff53ff7b
fecbfec3feebfebb
fd9afdf2fdfafe02
fdc2fd9afd92fdb2
fdfafdaafe12fdda
fe42fe62fdf2fe6a
fd92fe02fe2afe4a
fc48fca9fcb9fcd1
fce9fc38fc48fc58
ff9cff4bfeebfe42
00340024001cfffc
00a500b5007c005c
00dd00dd00b500a5
00d500dd00e500dd
0125012d012500f5
00140044007400e5
ffd4ffd4ffecfffc
ff73ffb4ffd4ffec
feebfebbfeebff2b
fd41fd9afe52feb3
fc08fc00fc30fce1
fd11fc91fc38fc18
fd19fd39fd31fd59
fcc9fcc1fcc9fd11
ff33fe5afd21fcb9
0044fffcffd4ffa4
fff4ffbcffe40034
ffdcffecffecffec
ffecffe4fff4fff4
ff9cffacffc4ffd4
ff7bff73ff8cff9c
ff6bff73ff84ff84
fedbfedbff63ff63
febbfeabfee3fed3
fda2fdeafddafe02
fdcafdb2fd9afdda
fdc2fd8afe12fdf2
fe4afe72fddafe2a
fd82fddafe12fe62
fc50fca1fcb9fce1
fc40fc28fc30fc38
ff73ff13fea3fd61
00340014ffecffcc
00a5008d00740054
010500f500dd00bd
00d500e500ed00fd
013d0145011d00e5
009500ad00e50125
001c0024004c005c
ff84ffbcffdc0014
fefbfee3fefbff4b
fd11fd92fe5afed3
fc00fc00fc08fc81
fd19fcb1fc38fc18
fce9fd19fd29fd49
fcb1fcd9fcd1fcd1
ff84fe83fd59fcc1
0014ffec0004ffdc
fffcffdcffec000c
ffb4ffd4ffdcffec
ffd4ffbcffbcffbc
ffa4ffb4ffdcffd4
ff8cff8cffacffac
ff3bff4bff6bff84
ff0bff1bff5bff84
fe8bfebbfebbfefb
fdaafdeafddafe02
fdcafdbafdcafdca
fd82fd51fde2fdfa
fe4afe83fdfafe1a
fd69fdb2fe02fe72
fc60fca1fcc1fcc1
fc18fc28fc28fc28
ff3bfec3fda2fc60
000cffecffccff8c
00740064005c0034
0125011d00f500ad
00fd010d01150125
015d013d010500ed
00d500ed01350165
0044004c006c007c
ff84ffbcffd4001c
ff03fed3fefbff53
fcc1fd79fe4afeeb
fc00fc00fc00fc28
fd19fcb1fc38fc10
fcd1fd29fd21fd31
fcb1fcf1fcd1fca9
ffd4feabfd92fcc1
ffdcffdcfffcffdc
000cfffcffecffec
ffbcffccffe4fff4
ffbcffb4ffb4ffb4
ffc4ffccffccffc4
ff84ff9cffacffb4
ff1bff33ff4bff63
fee3fefbff5bff94
fea3ff0bfeebff0b
fdaafe02fddafe02
fddafd92fdbafdba
fd92fd41fdb2fdd2
fe32fe4afdfafe12
fd71fdbafe1afe42
fc60fca9fcc9fcb9
fc20fc20fc18fc30
fecbfdaafc70fc18
ffccffb4ffacff5b
005400440034fffc
012d011500e5009d
013d015d0155014d
0175012d00f5010d
00dd0125016d0186
004c00640085008d
ff94ffccffec0014
fef3feb3fed3ff4b
fc70fd59fe42fee3
fc00fc00fc00fc08
fd01fcb9fc58fc10
fcb9fcf9fd29fd09
fcb9fcf9fce1fcb9
ffecff3bfdf2fcd1
ffbcfff4fffcffac
001cfffcffecffd4
ffe4ffe4ffdcfff4
ffc4ffb4ffbcffdc
ff94ffacffa4ffb4
ff53ff6bff84ff7b
ff23ff43ff53ff53
feabfecbff6bffd4
fe72ff13ff0bfeeb
fe1afe2afdf2fde2
fdcafd8afdd2fdea
fdb2fd69fd9afdd2
fe52fe4afddafe22
fd82fdcafe42fe72
fc50fca1fcc1fcb9
fc28fc20fc18fc50
fd69fc50fc18fc18
ffa4ff8cff6bfecb
00440014fffcffcc
011500ed00bd0074
0175017d015d0135
0165013501250145
00fd014d018e019e
004c005c008d00b5
ffbcfff4fffc0044
fedbfec3fedbff4b
fc28fd11fe2afecb
fc00fc00fc00fc00
fcf1fca1fc60fc18
fcb1fcb1fcf1fcf9
fcd1fd01fd01fcd1
ffdcfed3fe32fd09
ffc4fff4ffdcff9c
0024fffcfff4ffbc
0004ffecffec0014
ffd4ffdcfffc0014
ff5bff7bff94ffbc
ff4bff43ff53ff43
ff3bff5bff63ff5b
fee3fef3ff7b0034
fe6aff03fefbff03
fe42fe22fe0afdba
fd92fd79fd82fdca
fd8afd79fd82fdca
fe6afe8bfe02fe22
fd39fdbafe12fe62
fc81fca9fcc9fcb1
fc28fc18fc20fc68
fc58fc30fc20fc28
ff84ff3bfe7afd21
00340014fff4ffbc
00e500ad006c0044
019e017501550125
016d013d014d0186
01150165018e018e
004c005c007c00b5
ffc4000c0024004c
fec3fecbfeebff3b
fc08fcb1fdf2fea3
fc08fc00fc00fc00
fcf9fcb9fc68fc18
fcd9fcb9fd11fd11
fcc9fd09fd09fcd9
ffa4febbfeb3fd49
ffbc000cffecffac
000cffdcffecffcc
0004ffe4fffc001c
ffdcffec0014002c
ff53ff6bffb4ffcc
ff6bff5bff5bff53
ff2bff53ff6bff73
fe9bfeebff73002c
fe6afedbff03fecb
fe02fe22fe3afdb2
fd79fd92fd71fdca
fd69fd69fd79fdd2
fe7afe7afe02fdf2
fd29fdd2fe1afe52
fc81fcc1fcc1fcb1
fc30fc30fc38fc68
fc58fc40fc38fc40
feebfdcafcd1fc70
ffdcffd4ffc4ff84
00a500540024fff4
01ae016d012d00dd
01860175018e01be
00d5013d0175016d
0034004c0085009d
ffd4001c003c004c
feb3fecbfed3ff33
fc10fc50fd9afe62
fc08fc00fc00fc08
fce9fcd9fc70fc28
fcf1fcc1fcf1fd01
fca9fcd9fcf9fcd9
ff5bff0bfeabfd41
fff400140024ffec
0004ffe4fff4ffe4
fff4ffecfff40014
ffe4ffccfffc0014
ff7bff94ffdcfff4
ff84ff7bff73ff7b
ff2bff4bff63ff84
feb3fee3ff730014
fe52fefbff33ff03
fe0afe0afe62fdd2
fd71fd79fd69fdba
fd9afd59fd69fdca
fe4afe32fe1afde2
fd31fdeafdeafe5a
fc89fcd1fcd1fcc9
fc40fc48fc60fca1
fc68fc50fc58fc50
fd82fcd9fca9fc81
ff84ff73ff33fe72
003cfff4ffdcffac
0175012d00d5008d
01a60186018601a6
00ad010d017d01be
0014001c004c007c
ffb40014001c001c
fe93febbfedbff1b
fc20fc18fcf1fe12
fc08fc00fc00fc08
fcf9fce1fc91fc40
fcd9fcd9fcf9fd11
fc91fcd1fcf9fcd1
ff23ff1bfeb3fd41
0004ffe4001cfff4
0014fffcffec000c
fff4fffcfffc000c
fff4ffccffdcfff4
ff94ffa4ffd4fff4
ff73ff7bff7bff94
ff33ff3bff5bff73
fec3fee3ff4b002c
fe6afed3ff73ff13
fdfafe2afe72fe12
fd92fdc2fd8afdb2
fdc2fd61fd61fdba
fe12fe22fe0afdba
fd41fdfafde2fe42
fcc9fd01fce9fce1
fc50fc58fc68fcb9
fc89fca1fc78fc50
fd09fcd1fca1fc81
ff13fe8bfdd2fd49
ffccffacff8cff63
00fd00c5006c000c
0155014501650145
006c00bd012d0165
ffc4ffb4ffe40024
ff63ffd4fff4ffe4
fe4afe8bfed3fef3
fc20fc08fc50fd9a
fc20fc08fc00fc10
fce9fcd1fc89fc48
fcd9fce1fd11fd21
fc89fcc9fd01fce1
ff1bff23fedbfd41
000cffdcffdcffdc
0014000c000c0024
fff4000c0004000c
fffcffdcffbcffcc
ff84ffa4ffc4ffdc
ff7bff7bff84ff8c
ff3bff53ff63ff84
fec3ff03ff5b006c
fe52feabff8cff33
fe3afe4afe9bfe1a
fdd2fe1afda2fdc2
fe22fd92fd31fdaa
fdfafe3afe12fdea
fd71fdf2fdf2fdfa
fcd9fd19fd01fd01
fc60fc58fc78fcb1
fcc9fcd1fca1fc81
fd21fce1fca9fca1
fe0afdaafd71fd51
ff5bff33feebfe72
007c0034ffc4ff6b
00fd00e500f500d5
000c004c009d00d5
ff94ff63ff8cffc4
ff13ff9cffbcffbc
fdf2fe5afe8bfe7a
fc18fc10fc10fcc9
fc20fc08fc00fc10
fd01fcd9fca1fc50
fcf1fce9fd19fd19
fc89fc99fd01fcf1
ff63ff84ff5bfd39
0024001cffb4ffec
0014fffc001c0034
ffec000c00140014
ffe4ffccffacffbc
ffacffd4ffd4ffcc
ff84ff84ff8cff84
ff5bff7bff84ff94
fed3ff23ffac00ad
fe6afed3ff53ff0b
fe83fe4afe93fe42
fdfafdeafda2fde2
fe42fd82fcf9fdba
fe32fe62fe2afdea
fd82fde2fdbafde2
fcc1fd01fd31fd29
fc70fc81fc99fcc1
fcf1fcb9fc81fc68
fd29fce9fcb9fcb9
fde2fdb2fd92fd59
fe83fe32fdfafe02
ffc4ff33fecbfeab
007c008d00850044
ffccffec001c005c
ff5bff23ff4bff84
fee3ff33ff73ff8c
fd01fde2fe4afe93
fc10fc18fc18fc30
fc40fc18fc08fc10
fd11fce1fca9fc60
fd19fcf1fd19fd29
fc81fc68fcd1fd01
ffacff4bff03fd61
0024001cffccfff4
001cffdcffdc0024
fff4000c00340034
ffccffbcffacffcc
ffacffd4ffd4ffc4
ff73ff73ff7bff7b
ff4bff5bff73ff7b
ff13ff7bffc400a5
fe72fedbff03ff13
fe42fe52fe42fe22
fdfafdaafdbafdd2
fe72fd92fcf1fdba
fe4afe2afdf2fdea
fd71fdf2fdcafe02
fce9fd01fd49fd31
fc89fc99fca9fcf9
fcc9fc81fc70fc78
fd19fcf1fcd1fcf9
fdf2fdb2fd92fd51
fdfafe02fe02fe02
fe7afe1afe1afe0a
000c000cffa4ff13
ff73ffa4ffccffec
ff13fee3feebff2b
fe7afec3fef3ff23
fc28fcc9fd9afe32
fc08fc20fc20fc18
fc48fc20fc10fc10
fd29fce1fcb1fc68
fd31fd29fd21fd59
fc89fc60fc99fd09
ff9cff43fef3fda2
00140014ffdcffe4
00240004001c0024
ffec000c003c0044
ffe4ffdcffdcfff4
ff7bffa4ffd4ffe4
ff84ff63ff63ff6b
ff2bff53ff7bff8c
ff23ff53ff630024
fe5afedbfed3fef3
fe32fe62fe12fe2a
fe0afda2fdcafdda
fe83fda2fd11fdc2
fe42fe42fdd2fdea
fd69fddafdeafe22
fcd9fd09fd69fd41
fc99fca9fcb9fcd1
fc91fc81fc89fc99
fd39fd09fd01fce9
fe02fdcafd92fd71
fe22fe22fe1afe12
fdeafdf2fe0afe22
ff23feb3fe3afe12
ff0bff33ff33ff4b
feb3feabfe9bfebb
fda2fe12fe52fe93
fc08fc10fc70fd19
fc08fc18fc10fc08
fc48fc30fc18fc08
fd61fd11fcc1fc81
fd39fd49fd39fd59
fc91fc60fc68fce1
ff84ff13feebfdaa
0014000c0004ffc4
fffcfffc003c003c
ffcc000c001c000c
0004fff4ffecffdc
ff4bff73ffccfff4
ff84ff73ff73ff6b
ff43ff73ff9cff9c
ff1bff63ffbc004c
fe62feebfed3fee3
fe52fe4afe0afe7a
fddafdb2fdeafdaa
fe4afda2fd11fdd2
fe1afe5afe02fdfa
fd49fdd2fdfafe0a
fce1fd01fd61fd29
fcb9fcc1fcc1fcd9
fca9fca9fca9fcb1
fd51fd21fd09fcd9
fe22fdeafdb2fd82
fe3afe3afe42fe32
fe02fe12fe2afe2a
fdb2fdb2fdeafe0a
fde2fdeafdf2fdda
fd11fd29fd69fdb2
fc48fc81fcb9fce9
fc00fc08fc18fc30
fc18fc18fc10fc00
fc50fc38fc20fc20
fd92fd51fcd9fc99
fd31fd51fd59fd41
fc91fc58fc58fc81
ff9cfeebff1bfdca
ffd40024fffcffac
ffb4ffd4002c0024
ffb4ffc4ffbcffa4
00140014000cffdc
ff7bff7bffa4ffe4
ff84ff8cffacff94
ff7bff94ff8cff8c
fee3ff9cfffc0074
fe6afeebfecbfeab
fe42fe52fe3afe9b
fddafdd2fdf2fdc2
fe72fdaafd01fdc2
fe1afe4afe12fe22
fd61fdeafe0afde2
fce1fd21fd82fd29
fcd9fce1fce1fd01
fcd1fcb9fcc9fcd1
fd61fd31fd19fcf1
fe22fdeafdb2fd82
fe52fe5afe5afe52
fe42fe52fe4afe42
fd61fdaafdfafe2a
fc30fc78fcc9fd11
fc08fc08fc10fc20
fc10fc08fc00fc00
fc10fc10fc18fc28
fc28fc30fc28fc10
fc81fc48fc28fc20
fd59fd71fd01fcc9
fce9fd79fd79fd59
fca9fc68fc50fc58
ff6bff13fefbfde2
fffc0014000cffcc
ffacffbcfffc0004
ffbcff9cffa4ff94
fffc001c00240004
ffc4ffb4ff9cffd4
ff7bff8cffb4ffc4
ff63ff8cff8cff84
fef3ff8cfff400b5
fe52fedbfef3fea3
fe32fe5afe72feab
fdbafdd2fe1afdfa
fe93fdf2fd09fdb2
fe4afe4afe6afe22
fd82fde2fdfafdb2
fcd1fd29fd9afd49
fce9fce9fce1fce1
fce1fcd1fcd9fcf1
fd71fd61fd41fd11
fe22fdeafdbafd92
fe72fe5afe5afe3a
fe6afe7afe72fe6a
fd59fdb2fdeafe3a
fc08fc38fca1fcf9
fc00fc10fc10fc08
fc10fc00fc00fc00
fc18fc18fc18fc28
fc30fc38fc40fc20
fcd9fc70fc40fc30
fd61fd51fd41fd01
fc81fd61fdb2fd82
fcd9fc81fc50fc58
ffb4ff94ff2bfe2a
000c001c001cfffc
ffccff8cff9cffec
ffe4ffccffc4ffcc
fff4fff40004ffec
ffb4ffbcffc4ffdc
ff84ff84ff9cffb4
ff6bff84ff7bff84
fec3ff9cffec009d
fe7aff03ff33fe93
fe32fe72fe83fedb
fdd2fdf2fe32fe3a
fe4afdf2fd09fd92
fe3afe4afe9bfdf2
fd9afdb2fe1afdba
fce9fd49fdb2fd31
fcf9fcf1fce9fce1
fcf1fce9fcf1fcf9
fd71fd61fd49fd11
fe32fe02fdeafdaa
fe7afe6afe6afe52
fe6afe72fe6afe7a
fd39fdaafdf2fe42
fc10fc10fc60fcd1
fc00fc00fc00fc08
fc20fc08fc08fc08
fc10fc10fc20fc38
fc38fc48fc58fc20
fd29fd01fc81fc38
fd69fd49fd8afd49
fc48fcd9fdaafdc2
fcd9fc91fc68fc60
ffecff43ff13fe1a
0004002c002cfffc
ffdcff73ff73ffe4
001400040004fffc
ffecffd4ffe4fff4
ffb4ffa4ffb4ffdc
ff94ff94ff94ffa4
ff63ff73ff63ff84
feebffd4001c00a5
fe22feb3ff1bfe93
fe62fe93fe6afebb
fe0afe0afdf2fe42
fe5afe0afd21fdb2
fe32fe32fe8bfe0a
fdbafd9afe3afdea
fce9fd41fd9afd31
fcf9fcf9fd01fce1
fd11fd01fcf9fcf9
fd8afd61fd41fd21
fe42fe22fdf2fdc2
fe7afe83fe6afe52
fe5afe72fe7afe7a
fd01fd82fddafe32
fc10fc08fc20fc89
fc00fc00fc00fc00
fc30fc10fc10fc08
fc10fc18fc20fc50
fc48fc58fc48fc28
fd31fd19fcb1fc50
fd9afd49fd79fd79
fc38fc58fd31fdf2
fcf1fca9fc60fc58
ffdcff2bfebbfe2a
003c004c002cfffc
ffbcff73ff9c000c
002c001c0014ffe4
fffcffdcffe40004
ffa4ffacffb4ffdc
ff84ff84ff84ff8c
ff7bff73ff6bff7b
fed3ffa4fff4005c
fe1afe9bff43feab
febbfecbfe83fe9b
fdf2fdeafde2fe7a
fe42fe12fd49fe12
fe32fe42fe7afdf2
fdeafdaafe52fdca
fcd9fd51fdb2fd31
fcf1fd09fd09fce1
fd29fd21fd01fcf9
fd82fd61fd59fd41
fe3afe1afdeafdb2
fe72fe7afe5afe3a
fe3afe52fe72fe72
fcc9fd41fda2fe02
fc10fc00fc08fc50
fc08fc00fc00fc00
fc48fc20fc10fc10
fc10fc20fc28fc58
fc58fc50fc68fc48
fd21fd01fce9fc89
fddafd8afd79fd71
fc40fc40fca9fdb2
fd39fcb9fc70fc60
ffb4ff53fec3fedb
00640064001c000c
ffacffbcffc4002c
002c0014ffecff94
00240004fffc0014
ff94ffa4ffbcffec
ff8cff94ff94ff8c
ff84ff84ff73ff7b
fedbffa40004001c
fe62fe9bff4bfeb3
feb3fed3fe8bfedb
fe2afe22fdeafe5a
fe6afdf2fd41fe32
fe32fe72fe9bfe12
fe0afd92fdfafd71
fcd1fd29fda2fd51
fd19fd11fd01fce1
fd31fd21fd09fd01
fd8afd71fd59fd49
fe22fdf2fddafdb2
fe62fe52fe3afe22
fe02fe3afe52fe62
fc89fce9fd59fdc2
fc10fc00fc00fc28
fc08fc00fc00fc00
fc58fc28fc20fc10
fc20fc18fc28fc40
fc78fc68fc78fc70
fd59fce9fce9fcc1
fd92fda2fd41fd51
fc48fc30fc50fce9
fdaafcd9fc91fc60
ffccff2bfef3fecb
0064006cfff4fff4
ffbcffdc0004002c
001c0004ffecffbc
0014fffc00040014
ff9cffacffec0004
ff84ff84ff94ff94
ff9cff7bff73ff84
fef3ff9c00040024
fe93fe9bff4bfea3
fe9bfed3fe7afeb3
fe72fe42fdcafe02
fe52fdc2fd31fe2a
fe52feabfea3fe3a
fe12fd92fdd2fdb2
fcd1fd29fdbafd82
fd21fd09fcf9fcd9
fd31fd21fd11fd19
fd82fd69fd59fd41
fe02fde2fdcafdb2
fe3afe32fe32fe12
fdcafe0afe2afe3a
fc70fcb9fd19fd8a
fc10fc00fc00fc10
fc10fc00fc00fc08
fc81fc50fc28fc18
fc38fc18fc28fc38
fca1fc70fc89fcb1
fd49fd01fcf1fce9
fd11fd51fd31fd11
fc58fc30fc40fc78
fdc2fd21fca1fc68
ffecff5bff4bfeeb
005c004cffe4fff4
ffe4000c00240034
fffcfffc000cfffc
ffccffc4ffe4fffc
ffacffbcfffcfff4
ff7bff7bff8cffa4
ff94ff63ff7bff84
febbff6300140024
fed3fe93fed3fea3
fe83febbfe8bfe9b
fe8bfe5afda2fe1a
fe32fd92fd11fdfa
fe02fea3fe9bfe62
fe12fd82fdeafdca
fce9fd29fd79fda2
fd09fd09fcf9fcd9
fd49fd31fd09fd09
fd71fd59fd59fd49
fdeafde2fdbafdaa
fe22fe1afe12fdf2
fd92fddafe02fe22
fc48fc99fce9fd41
fc00fc00fc00fc08
fc18fc08fc00fc00
fc89fc81fc38fc28
fc60fc20fc38fc48
fcd9fc89fc91fcc9
fce9fce1fcd9fd09
fcb1fcf1fd01fce1
fc60fc38fc40fc50
fdb2fd41fc89fc81
ffecff94ff3bfecb
00440034ffd4001c
fffc0024000c002c
fff4000cfff4ffdc
ffbcffbcffd4ffe4
ffc4ffccffdcffdc
ff8cff94ff9cffac
ff63ff6bff6bff7b
fe83ff3300440054
fecbfea3fec3fe9b
fe4afeb3fe7afe9b
fe2afe5afdaafdea
fe2afdd2fd21fdca
fdeafeb3fe72fe83
fdd2fd8afe0afd71
fd09fd11fd21fdaa
fd09fd01fcf9fcd9
fd39fd21fd09fd09
fd82fd61fd51fd49
fdeafdcafdaafdaa
fdfafe0afe02fdf2
fd71fdc2fdfafe02
fc20fc70fcc1fd21
fc00fc00fc00fc10
fc28fc10fc08fc00
fc78fc89fc50fc48
fca1fc28fc40fc60
fcf9fca9fc99fcc1
fcb1fcc1fcd1fd01
fc70fcd9fce1fcc1
fc60fc50fc40fc60
fdf2fd8afc99fc91
000cffacff1bfe8b
0024001cffdc001c
fffc001cffecffec
0014001c000cffdc
ffdcfffc0004000c
ffccffecffdcffdc
ff8cffacffb4ffac
ff63ff73ff6bff73
fe93ff7b002c0054
fea3fedbfef3feb3
fe93fed3fe52fe72
fe1afe52fdb2fde2
fe32fe0afd31fdca
fe12fecbfe6afe93
fd92fd79fe3afd8a
fce9fd09fd31fdf2
fd09fd01fcf1fce9
fd21fd11fd01fd01
fd71fd61fd49fd41
fdd2fdb2fdb2fd92
fddafdeafdf2fdea
fd59fdbafde2fdda
fc18fc50fca9fd01
fc00fc00fc00fc10
fc28fc18fc08fc00
fc78fc89fc60fc58
fcb9fc40fc38fc81
fcf9fcc1fcb1fcd9
fca9fca9fcc9fce9
fc58fcb1fcc9fcc9
fc60fc58fc48fc48
fdeafd79fc99fc78
fffcff84ff6bfec3
002c002cfff4ffec
ffec00140004fffc
001c001c001cfffc
000c0034002c0014
ffdcffecffe4ffec
ff73ffa4ffacffac
ff63ff5bff4bff5b
fdbafdcafdcafdc2
fdbafdb2fdb2fdb2
fdbafdb2fdb2fdc2
fdbafdc2fdc2fdc2
fdd2fdcafdcafdc2
fdf2fdf2fdf2fdea
fddafddafddafdda
fdcafdcafdd2fdca
fdfafdf2fdeafdda
fdeafdeafdeafdf2
fdf2fdfafdf2fdea
fdf2fdf2fdf2fdf2
fdeafe02fdfafdf2
fde2fddafddafde2
fdfafdfafdeafdda
fe4afe5afe22fdfa
fd69fd69fd9afde2
fdcafdaafd71fd71
0004ff94fec3fe2a
0155009d004c0034
01ae01b601fe01ce
ffe4ffc400640145
fee3ff03ff43ff53
0004ffccff43fefb
026e01d60165006c
020e0246027e02c7
0135018e01b601a6
030f023e0186016d
02af0226011d01d6
0044004400bd026e
026e0246015d0125
02bf026e02af01d6
fdbafdbafdc2fdc2
fdbafdbafdbafdb2
fdc2fdb2fdb2fdc2
fdc2fdc2fdc2fdca
fdd2fdcafdc2fdc2
fdeafdf2fdeafde2
fddafddafddafde2
fdcafdd2fdd2fdd2
fdfafdfafdeafdda
fdeafdeafdeafdf2
fdeafdf2fdf2fdf2
fdeafdf2fdeafdea
fdfafe02fdfafdea
fdf2fde2fddafdea
fe0afdeafdeafdfa
fdd2fe62fe6afe52
fd61fd71fd79fd8a
fdf2fdaafd59fd39
ff94ff84fefbfe52
009500a50064fffc
001c00cd012d00dd
ff2bff84ff63ffac
ffbcff73fefbfec3
ffb4ffacffc4ffcc
028701860074fffc
01ae019e023602b7
01e60196018e01ae
026e01fe02060216
0266023601350256
004c009d016d02b7
02b70226015500a5
02bf02af02460226
fdbafdc2fdc2fdca
fdc2fdc2fdbafdb2
fdcafdc2fdc2fdc2
fdc2fdc2fdbafdca
fdd2fdcafdcafdca
fdeafdeafde2fdda
fdd2fdd2fddafde2
fdd2fdd2fdd2fdd2
fdfafdf2fdeafde2
fde2fdeafdfafdfa
fde2fdeafdf2fdea
fde2fde2fde2fde2
fe0afe02fdf2fdea
fdfafde2fde2fdfa
fe52fe02fe02fe0a
fd82fdd2fe32fe83
fd39fd59fd82fd92
fe1afdbafd59fd41
ff7bff03fe8bfe62
ffccff94ff84ffc4
01be00f500340004
fffc00cd017501d6
004c00cd00850034
0074002c00040034
02b7020e00f5008d
010d012501b6028f
01b60125015d0135
0276029702a702a7
020e026e01de01ae
00a5011502260297
029f020e00bd0095
0297024601fe0297
fdbafdbafdc2fdc2
fdcafdc2fdbafdba
fdcafdc2fdc2fdca
fdcafdcafdcafdd2
fdcafdcafdcafdca
fdeafdeafde2fdd2
fdd2fdd2fdd2fdda
fddafdd2fdd2fdd2
fdf2fdeafdeafde2
fde2fdeafdf2fdf2
fdeafdeafde2fde2
fdd2fddafddafde2
fe0afe02fdeafdda
fdeafde2fde2fdfa
fe83fe6afe1afdf2
fd79fd92fdb2fe0a
fd21fd29fd39fd71
fdc2fddafdbafd51
ff13ff13fea3fe12
000cff5bff53ff43
00dd00e5012d00dd
017d015d01050125
003c00dd016d01ce
00ed012d00e5006c
027e01ee00fd00bd
010d014501ae022e
021601c6016d00e5
032f026602760236
023e02ff028f02df
00e5019e02af021e
02b702060095001c
0236023602a7023e
fdb2fdb2fdbafdc2
fdc2fdbafdbafdba
fdc2fdc2fdbafdc2
fdcafdcafdc2fdca
fdd2fdd2fdd2fdda
fde2fde2fddafdd2
fdc2fdcafdcafdda
fddafddafddafdd2
fde2fde2fddafdda
fddafddafde2fde2
fdeafdeafde2fde2
fddafde2fde2fde2
fdf2fdf2fddafdd2
fdeafdeafde2fdea
fe1afe83fe52fe02
fd61fd82fd8afdc2
fd49fd29fd31fd51
fde2fd92fd92fd92
ff13fea3fe93fe6a
00cdffe4ff7bff3b
01d601be012500fd
020e023e0216020e
007c0024002c00fd
008d00d5010d00bd
022e01e6013500b5
01f601de02260236
02b7023e023e01fe
031f031f02df029f
02d702df0357031f
018e022e026601ee
0287020e014500c5
01be0256021601c6
fdb2fdbafdbafdc2
fdc2fdbafdbafdb2
fdc2fdbafdbafdba
fdd2fdcafdc2fdc2
fdd2fdd2fdd2fdda
fde2fdeafde2fdda
fdcafdc2fdc2fdd2
fdd2fddafddafdca
fddafdd2fdcafdca
fddafddafddafdda
fde2fde2fdeafde2
fddafdeafdeafde2
fddafddafdd2fdd2
fe12fdf2fde2fde2
fdd2fe1afe6afe62
fd61fd69fd8afdba
fd59fd69fd41fd39
fe0afdc2fd59fd49
ff23ff03feabfe3a
00d5002cff7bff3b
01de01a600f500f5
00ad018601e601de
0004ffe40034004c
00dd00d5010500ad
0256021e01ce0125
02b702d702bf02bf
02b702b702f702f7
034f0327034f0307
028f031f03670337
01d6027e01ee024e
01f601b601c600fd
02260226019e020e
fdb2fdbafdbafdba
fdc2fdc2fdbafdba
fdbafdb2fdbafdb2
fddafdcafdbafdc2
fdd2fdd2fddafdda
fddafde2fde2fdda
fdd2fdcafdcafdd2
fdd2fdd2fdd2fdd2
fdd2fdcafdcafdca
fddafdd2fdd2fdd2
fdeafdeafdeafdea
fddafdeafdeafdea
fdd2fdcafdd2fdd2
fe6afe22fdfafdda
fdb2fdd2fe42fe9b
fd41fd61fd79fdaa
fd29fd49fd59fd51
fe22fdd2fd92fd49
ff33fef3fe9bfe52
00c5003cff63ff23
01c601d601ae019e
00d5010d0175019e
006c003c0034006c
017501f60186009d
0276024601b6018e
02870297027e0266
02ff02f702f702bf
034f0347030f031f
02d702f70317032f
01ee02b7024602ef
01d601d601c60165
018e018e02260236
fdbafdbafdbafdc2
fdc2fdc2fdc2fdba
fdbafdaafdb2fdb2
fdcafdc2fdbafdba
fddafdd2fdd2fdca
fddafde2fde2fde2
fdd2fdcafdcafdd2
fdd2fdd2fdd2fdd2
fdd2fdcafdcafdd2
fddafdd2fdcafdd2
fdeafdf2fdf2fde2
fddafde2fdeafdf2
fde2fddafde2fdda
fe83fe62fe1afdf2
fda2fdbafe12fe6a
fd51fd49fd61fd8a
fd51fd21fd19fd61
fe0afdeafdcafd8a
fed3feb3fe83fe42
015d00edffd4ff2b
01150165012d0135
00dd011d015d017d
00fd010500d5007c
01f602970246018e
026601d601b601fe
02b702ef031f028f
028f028f029702cf
028f02a7029f0236
02ef02c7025e0256
01fe02ef03170337
01b601d601e601e6
00f50125027e0206
fdbafdc2fdc2fdca
fdc2fdb2fdbafdba
fdbafdbafdb2fdb2
fdc2fdc2fdbafdb2
fde2fdd2fdcafdca
fdd2fddafde2fde2
fdd2fdd2fdd2fdda
fddafdd2fdcafdd2
fde2fddafddafde2
fddafde2fde2fde2
fde2fde2fde2fde2
fddafddafdeafdea
fdfafde2fddafdda
fe72fe72fe52fe1a
fd82fdd2fdfafe32
fd51fd59fd51fd71
fd92fd79fd41fd29
fe02fdb2fdbafda2
ff03fe8bfe4afe4a
004c0074004cffac
011500e500d500bd
0186019601960145
01860145013501a6
028f02a702970206
021e0216021e0256
030702e702e7026e
02e702cf02ff0327
023602060297028f
02af022601f6024e
026602f7034702c7
01ce01fe021e0226
013d0206022e01de
fdbafdc2fdcafdca
fdc2fdbafdbafdb2
fdbafdbafdbafdba
fdc2fdc2fdc2fdb2
fddafdd2fdcafdca
fddafde2fde2fdda
fdd2fdd2fdd2fdda
fdd2fdd2fdcafdca
fde2fde2fddafde2
fdeafdeafdeafdea
fdeafde2fddafdda
fdd2fddafddafde2
fe02fdeafdd2fdd2
fe52fe5afe5afe32
fd8afda2fdfafe1a
fd31fd51fd71fd71
fd71fd71fd71fd41
fe12fddafd8afd71
fefbfeabfe52fe2a
00950004ffccff6b
018e013500e5007c
01d601ee020e021e
01e6019601250155
02cf02af02760246
021e023e027e02b7
0287027e025e024e
0367030f030702b7
024602cf0337034f
01960175019601d6
02f7034702ef01f6
01de01f6020e0256
01c60216023601d6
fdc2fdcafdcafdc2
fdc2fdbafdbafdba
fdbafdbafdbafdba
fdcafdc2fdc2fdba
fdd2fdd2fdd2fdd2
fddafddafddafdda
fdcafdd2fdd2fde2
fdd2fdcafdc2fdca
fddafddafdcafdca
fddafde2fdeafde2
fdeafdf2fdeafdea
fdcafdd2fddafde2
fe22fdfafddafdca
fe32fe62fe62fe42
fd92fdaafdd2fe1a
fd51fd51fd79fd82
fd39fd41fd31fd39
fdd2fdd2fd9afd49
fed3fe83fe62fe1a
000c0044ffd4ff43
01be013500ad003c
02060246025e01ee
021e020e01ae019e
031702df0276025e
02e7031f02f702ff
02b702b7028f02c7
02f7028f02660297
015d025602ef030f
0085013500e500a5
02ef03270155ff9c
024e01fe022e0276
018601f6023e0206
fdcafdcafdc2fdc2
fdc2fdbafdc2fdc2
fdbafdb2fdbafdba
fdcafdc2fdc2fdba
fdcafdcafdd2fdd2
fdd2fddafddafdd2
fdd2fdd2fdd2fdda
fdcafdcafdcafdca
fde2fdd2fdc2fdca
fde2fddafdeafdf2
fdeafdfafdeafde2
fdcafdcafddafde2
fe42fe0afdeafde2
fe12fe3afe62fe5a
fdb2fdbafddafe02
fd41fd39fd31fd82
fd39fd09fd21fd39
fdeafdcafd9afd82
ff13fec3fe5afe1a
ffe4ff9cffacff73
017d015d012500b5
0145018e023601fe
023e01ee01a6018e
030702cf02d702ef
030703070307030f
0276029702af02ef
021602360236024e
016d019e01ee01f6
ffe400b500ed00ad
0297027e007cff5b
024e02a702cf025e
01be024601f6020e
fdcafdcafdc2fdba
fdc2fdbafdc2fdc2
fdbafdbafdbafdba
fdcafdc2fdbafdc2
fdcafdcafdcafdd2
fdcafdd2fddafdd2
fddafddafdd2fdd2
fdcafdd2fdd2fdd2
fde2fddafdc2fdca
fddafddafde2fde2
fdeafdfafdeafde2
fddafdd2fde2fdea
fe62fe32fe02fdf2
fe02fe0afe7afe8b
fd8afdb2fdd2fdfa
fd51fd49fd49fd41
fd51fd21fcf9fd11
fdd2fdb2fd82fd59
ff0bfec3fe9bfe3a
0044ffa4ff23ff3b
01ae013d00f5009d
017d01a601b6020e
026e022601fe0186
0367030f02f7031f
0307032f034f0337
029702c702c702ef
020e0236023e026e
01d60196018e01b6
011d0175016501e6
031f01c6ff8c009d
0236029f029f02d7
0256022e021e01de
fdcafdd2fdc2fdb2
fdc2fdbafdc2fdc2
fdbafdbafdbafdba
fdcafdc2fdbafdc2
fdcafdcafdcafdca
fddafdd2fddafdca
fde2fde2fddafdd2
fdd2fddafddafde2
fde2fddafddafdd2
fdd2fddafde2fdea
fde2fde2fde2fdda
fde2fde2fde2fdea
fe8bfe5afe22fdea
fe0afdfafe4afea3
fd51fd79fda2fdda
fd29fd51fd69fd69
fd39fd41fd31fcf9
fe22fdaafd8afd69
fefbfebbfe6afe7a
0074002cff53fefb
021e01d6014d00ed
017501ce01d601e6
0287025e0236020e
037f031f0317031f
03770390036f0367
02cf02e702ff0347
0276025e023e027e
014501b601ee021e
0034011501450155
02c70125ff4bfeb3
02af01ee01fe02ef
020602360287020e
fdd2fdcafdc2fdba
fdc2fdc2fdc2fdca
fdc2fdc2fdbafdba
fdc2fdc2fdbafdba
fdcafdcafdc2fdc2
fddafde2fddafdd2
fde2fde2fde2fdd2
fdd2fddafddafde2
fde2fde2fddafde2
fdd2fde2fdeafdf2
fdeafde2fddafdd2
fddafdeafdfafdea
fe93fe6afe3afdfa
fdfafe22fe1afe72
fd69fd59fd8afdb2
fd11fd49fd71fd79
fd59fd29fd31fd49
fe62fe1afd9afd71
fee3feb3fe5afe32
00ad003cffc4ff53
017d01e601be0145
01fe01be0165015d
02af0266028f0246
03570357032f033f
03a00398037f0388
02f702f7034f03a0
0287025e027602c7
0165015501e60256
feeb00bd01ae01e6
00e50004ff1bfdfa
01b60186023601e6
01fe0226024e0266
fdcafdcafdc2fdc2
fdc2fdc2fdc2fdca
fdc2fdc2fdbafdba
fdc2fdc2fdc2fdc2
fdcafdc2fdc2fdc2
fddafddafddafdd2
fde2fde2fde2fdda
fde2fdd2fddafdda
fdeafde2fde2fde2
fddafdeafdeafdf2
fddafddafdd2fdd2
fdf2fde2fdfafdea
fe8bfe7afe3afe1a
fdaafe12fe42fe4a
fd8afd92fd79fd92
fd51fd29fd41fd69
fd61fd49fd19fd21
fe12fe2afe02fd92
ff43fed3fe72fe2a
01050074ffd4ff7b
016d014501650165
02af022e020e01b6
02f7027e02d702f7
0367033f03170347
03b003c803d00388
0347036703c003b8
026602a702bf031f
029f01be016501ce
003401650196025e
000cff43fecbfefb
01ee021e02360135
0206020e0256027e
fdc2fdc2fdc2fdc2
fdc2fdc2fdc2fdca
fdc2fdcafdc2fdba
fdc2fdcafdcafdca
fdc2fdc2fdbafdc2
fdcafdc2fdc2fdc2
fddafde2fde2fdda
fddafdd2fdd2fdd2
fdeafde2fdeafde2
fddafdeafdeafdf2
fdeafddafde2fdd2
fe2afde2fde2fe02
fe6afe83fe4afe3a
fd92fdb2fe3afe52
fd82fd9afd9afd79
fd11fd49fd39fd49
fd9afd59fd49fd19
fe22fe1afe02fdea
ff43ff1bfed3fe62
00c5007c002cff84
022601a6017d0125
035702bf0276023e
02ff02c7030f0347
0398034f03670357
03f003e803d00390
039003c003d003e8
02a702df0327034f
02af025e021e0236
016501fe028f02af
ff8cfefbff940054
022e0287014d007c
01de020601e601b6
fdbafdb2fdc2fdc2
fdc2fdc2fdcafdc2
fdcafdc2fdc2fdc2
fdcafdcafdcafdc2
fdc2fdc2fdbafdc2
fdcafdc2fdc2fdc2
fddafde2fde2fdda
fddafdd2fdd2fdd2
fdeafddafddafdda
fddafde2fdeafdf2
fdf2fdeafde2fdd2
fe3afe0afdeafe02
fe5afe6afe6afe42
fda2fdaafdcafe52
fd39fd8afdbafdba
fd19fd09fd39fd21
fdd2fd9afd71fd51
fe3afe02fddafdda
ff63ff03fee3fea3
00bd005c005c001c
0216020601ce012d
0367031702bf024e
033f02ef0327036f
03a8038803a80398
03e003e003d003b8
03e003e803e803e8
036f0357036f03b0
036f037703770388
024e028f03170398
ff7bffe400b5015d
02a70256009dffd4
019e01e6017d0165
fdbafdbafdc2fdc2
fdc2fdcafdd2fdc2
fdc2fdc2fdc2fdca
fdcafdcafdcafdc2
fdc2fdc2fdbafdc2
fdcafdcafdcafdca
fdd2fddafddafdd2
fddafddafdd2fdd2
fde2fdd2fdd2fdda
fddafddafde2fdea
fdfafdeafddafdca
fe2afe2afe02fdfa
fe7afe62fe7afe42
fdbafdaafda2fe02
fd21fd41fdb2fdea
fd51fd29fd09fd39
fdcafdbafd92fd71
fe6afe22fde2fdd2
000cff43fed3febb
011d008d007c0074
0246020601ee019e
0347031f02ef02bf
03470317033f03a0
0377036f03880390
03d003d003d003a8
03f803f003e803e8
03e003f003e003f8
03e803e003f803f8
029702b7032f03c8
000c010d017d01f6
023e01350014ff5b
00f5016d01d6026e
fdc2fdbafdbafdc2
fdcafdc2fdcafdc2
fdc2fdc2fdc2fdca
fdc2fdcafdcafdc2
fdc2fdbafdbafdc2
fdcafdd2fdd2fdca
fdd2fdd2fdd2fdd2
fddafddafddafdd2
fdeafdd2fdd2fdd2
fdd2fddafde2fdea
fdf2fdf2fdd2fdca
fe22fe4afe22fdf2
fe42fe62fe7afe42
fdeafdbafdb2fdaa
fd59fd49fd59fdba
fd8afd79fd51fd31
fdbafd9afda2fda2
fea3fe62fe02fdc2
0034fff4ff5bfebb
019e010500850074
02c7028f01fe01d6
03670347031f0307
030f033f032f036f
0347032f036f0357
03d003c803880347
03e803e803d803f8
03e003f803d803d0
03d003f0040003f8
02df034f036f03b0
0085015501be0206
00b5ffbcfedbff43
00d5015501de021e
fdc2fdbafdbafdc2
fdc2fdcafdcafdc2
fdc2fdc2fdc2fdc2
fdc2fdcafdcafdc2
fdcafdc2fdbafdba
fdd2fdd2fdd2fdd2
fdd2fdd2fdd2fdd2
fddafde2fddafdda
fdeafddafdd2fdd2
fdd2fde2fdeafdf2
fdf2fdeafdcafdca
fe2afe4afe42fdfa
fe02fe6afe6afe6a
fdd2fdf2fdb2fdc2
fd79fda2fd79fd71
fd9afd8afda2fd8a
fdb2fd79fd71fd71
feebfec3fe52fdea
0074003cffecff4b
01be0165010500dd
032f030f029f01d6
036f035f031f0317
03070337032f0317
032f0337036f0337
03d003b003270327
03f003e803e003e8
03e003f803d003c8
038803d8040003f0
032f036f03a003b8
00dd01ce01c60266
fe5afe2afe3affac
00dd011dff53fea3
fdc2fdbafdc2fdc2
fdc2fdcafdd2fdc2
fdc2fdc2fdc2fdc2
fdbafdbafdc2fdc2
fdd2fdc2fdbafdba
fdd2fdd2fdd2fdda
fddafddafddafdd2
fddafddafddafdda
fdeafddafddafdda
fdd2fde2fdeafdf2
fdf2fde2fdcafdca
fe52fe3afe42fe0a
fdeafe4afe72fe7a
fdbafe02fde2fde2
fdbafdd2fde2fd9a
fd61fd82fda2fdba
fdfafd9afd82fd79
ff5bff03febbfe42
00ad0044002cffdc
021e01be0186014d
033f031702ff0287
0357035f032f034f
03270327032f034f
030f031f03770317
03b0037f031f0347
03f803e803e003d0
03c803e803b003d8
03c003e803f803d0
0337036f03c803b8
017502e702a702e7
fe02fdf2fedb0054
010dff73fdf2fea3
fdc2fdbafdbafdc2
fdcafdcafdd2fdc2
fdc2fdcafdcafdc2
fdbafdc2fdc2fdba
fdd2fdcafdbafdba
fdd2fdd2fdd2fdd2
fdd2fddafddafdda
fddafddafddafdda
fdeafddafddafdd2
fddafde2fdf2fdfa
fdf2fddafdd2fdda
fe72fe32fe42fe3a
fe02fe02fe5afe6a
fdc2fdf2fe2afdfa
fdb2fdb2fdfafe02
fd8afd71fd82fdaa
fe62fdfafdaafda2
004cff94ff1bfec3
013d00ad00640095
028f021e024e021e
030f02ff02f702cf
03670327031f033f
03470327037f0390
02b70347035f033f
03a80377033f032f
03e803c003e003a8
03b803e803c003e8
03c003c803c003b0
033f035f037703b8
021e02ef0337035f
fe42fedb002400c5
ff94fdfafe62ff63
fdc2fdb2fdbafdc2
fdcafdcafdcafdc2
fdbafdcafdcafdc2
fdb2fdbafdbafdba
fdcafdcafdc2fdba
fdd2fdd2fdcafdd2
fdd2fdd2fdd2fdca
fdd2fdd2fdcafdd2
fdf2fddafddafdd2
fddafde2fdf2fdfa
fe0afddafddafdda
fe7afe3afe2afe5a
fe0afe0afe32fe7a
fe22fe02fe4afe3a
fd82fd9afdb2fde2
fdcafdaafd79fd71
feebfe83fe0afdc2
00f500a5ffecff53
0236017d010d00dd
029f025e025602cf
032f030702cf02af
0390032f02c70317
0337034f037f0390
030f0357035f0367
036f035f032f0347
03e003d003e0035f
03d003e803d803e8
037f03a803a803b0
03470307032f0367
023e02ef031f034f
fecbffb400ad00dd
fea3fe0aff23ff7b
fdc2fdbafdbafdc2
fdcafdcafdc2fdca
fdbafdcafdcafdca
fdb2fdb2fdb2fdb2
fdcafdcafdc2fdba
fdcafdc2fdcafdca
fdcafdd2fdd2fdca
fdd2fdd2fdcafdd2
fde2fddafddafdd2
fddafde2fdeafdea
fe1afdf2fddafdd2
fe83fe52fe12fe52
fe52fe3afe3afe93
fdf2fe2afe1afe4a
fd61fd8afdb2fdc2
fdbafdc2fdaafd71
ff8cff0bfe93fe12
00fd00b500d50044
02bf023e01fe0186
02af02660226029f
03170317030702d7
0377034f02f702ef
032f035f036f0377
03570347037f0357
037f0357033f0317
03b003c803a0033f
03f003d803b003c0
030f033f034f03a8
02a7029f02cf02e7
01c6028f02d702e7
00540004006c00c5
fea3fe9bff03ff4b
fdc2fdbafdbafdba
fdcafdcafdcafdc2
fdbafdcafdcafdca
fdb2fdaafdb2fdb2
fdcafdcafdbafdba
fdc2fdc2fdcafdca
fdcafdd2fdd2fdca
fdcafdcafdd2fdda
fddafddafddafdd2
fdd2fddafde2fde2
fe42fdfafddafdca
fe7afe5afe2afe2a
fe5afe52fe5afe72
fdcafe22fe2afe22
fd8afd79fdaafdd2
fe22fdd2fdc2fdb2
008dffbcff23feab
01ee016d013d0145
029f027e027e024e
02df02af025e0276
030f02df02e702e7
035f03470317030f
0357035f03670357
035f033f03880377
034f034f033f030f
0377037f033f035f
03b803a003b00390
02af02f702ef0367
025e022e027e0266
01650256027e025e
01ae010d002c00e5
fe52fe8bfea3ffbc
fdc2fdc2fdbafdb2
fdc2fdc2fdc2fdc2
fdbafdc2fdc2fdc2
fdbafdb2fdbafdb2
fdc2fdc2fdbafdba
fdcafdcafdc2fdc2
fdcafdd2fddafdd2
fdd2fdd2fdd2fdd2
fdd2fdd2fdd2fdd2
fdcafddafddafdda
fe4afe02fdd2fdca
fe6afe6afe52fe22
fe32fe52fe42fe5a
fdbafe02fe42fe12
fddafda2fd92fdc2
fef3fe9bfe0afdda
018600f5001cff73
02a7025601c6017d
02870287029702b7
02bf02c702a70287
030f030702d702c7
034703370317030f
03770377035f0347
0367037f03a00390
033f0357031f0327
033f03470327037f
031f035f035f031f
027602b702c70317
01c6019e020e0216
014d0206021601c6
0115009d0044009d
fe6afe0afe6affcc
fdbafdc2fdc2fdba
fdc2fdbafdc2fdc2
fdc2fdc2fdc2fdc2
fdc2fdc2fdc2fdba
fdc2fdcafdc2fdc2
fdd2fdcafdbafdc2
fdd2fddafddafdda
fdd2fdd2fdd2fdd2
fdd2fdd2fdd2fdd2
fdcafdd2fddafdd2
fe52fe22fdcafdca
fe5afe7afe72fe3a
fe22fe4afe52fe42
fde2fde2fe32fe52
fe3afe1afdf2fdd2
ff8cff1bfedbfe9b
0186017501350064
02cf02c702760216
02a702a7029702a7
02d702d702cf02c7
0317031f030702e7
03270327031f030f
03a8039003670337
039803b003b003b0
035f034f030f0357
02d70327033f033f
02ef0357033702b7
0226026e028702c7
01450155018e019e
010d019e01650125
003c005cfffc0044
fe1afd9afe6aff73
fdbafdc2fdc2fdc2
fdc2fdbafdbafdc2
fdc2fdcafdc2fdc2
fdcafdcafdcafdc2
fdd2fdd2fdd2fdd2
fdcafdcafdc2fdca
fdd2fddafde2fdda
fdd2fdd2fdd2fdd2
fdcafdd2fdd2fdca
fdd2fde2fde2fdd2
fe4afe2afdd2fdc2
fe4afe72fe7afe6a
fe4afe0afe52fe5a
fdfafe32fe2afe52
fe83fe1afe02fdea
00cdffc4ff43fefb
024e01ae01750165
029702bf02b70297
02bf02cf02df029f
02e702f702f702cf
030702ff02ef02f7
031f030702ef02f7
03980388035f032f
03a803a803b803a8
036f032703270388
02af033f034f0347
02cf02ff02e702b7
01d601ee0236025e
00b500f50115016d
00d5010500ad00c5
001cffa4ff9c0014
fd49fd79fe6aff3b
fdc2fdcafdcafdc2
fdc2fdbafdbafdc2
fdc2fdc2fdc2fdba
fdd2fdcafdcafdca
fddafde2fddafdd2
fdd2fdd2fdcafdd2
fdd2fde2fdeafdda
fdd2fddafddafdd2
fdcafdd2fdd2fdca
fdd2fddafddafdca
fe42fe42fdeafdc2
fe6afe7afe7afe6a
fe22fdf2fe1afe7a
fdeafe1afdfafe0a
fef3fe93fe32fe0a
016500e5ffecff5b
029f026601be015d
02a702a702af029f
02f702e702f702cf
030f030f030f0307
030f030702ff0307
030f030f02ef02ff
03a003770347031f
03a803a803b00398
0357033f03770390
02ff0347034f0377
028f02a7028702a7
018e01b601ce0216
0024008d00cd0125
00740044fffc0044
ff84ff23ff53ffec
fcf1fdb2fe83fefb
fdbafdc2fdcafdc2
fdbafdbafdb2fdba
fdcafdcafdc2fdc2
fdd2fdcafdd2fdca
fddafddafdd2fdd2
fddafddafdd2fdda
fde2fde2fdeafde2
fddafde2fde2fdda
fdc2fdcafdcafdca
fdcafdd2fdd2fdc2
fe4afe4afe1afdc2
feb3fe83fe83fe72
fe1afe12fdcafe3a
fe1afe12fe22fdfa
ff7bff0bfeabfe62
0145013500dd001c
029f027e024e01de
02f702b7028f029f
0337030f02ff02ff
031f031703170337
02f702ff02ff030f
02ff02ff030f030f
036f03570337030f
0388039803a80388
035f036f03980390
02ef03270337033f
022602460256027e
010d014501a60226
ff73ffd4006c00b5
ffbcffa4ff5bff6b
fecbfef3fef3ff94
fd21fd9afdf2fe72
fdbafdc2fdc2fdc2
fdbafdb2fdb2fdb2
fdd2fdcafdbafdc2
fdd2fdd2fdd2fdd2
fdd2fdd2fdd2fdca
fde2fddafddafdda
fde2fde2fde2fde2
fde2fdeafdeafde2
fdc2fdc2fdcafdda
fdcafdd2fdcafdca
fe52fe52fe52fdda
feb3fedbfeabfe83
fe12fe22fddafdca
fe62fe3afe2afe12
002cff84fefbfeab
01de0135011d00dd
02970287026e023e
02ff02ef02bf029f
0347032f0327030f
032f032703270337
030f030702ff0307
02f702ff030f0307
03770357032f030f
0390038803a0037f
037703a003a00398
02e7030f0317033f
01fe01de0236026e
006c00b5017501de
ff0bff6bff9c002c
ff3bff3bfec3feb3
fee3ff03fe83ff3b
fd79fdaafdbafe62
fdb2fdbafdc2fdc2
fdb2fdb2fdb2fdaa
fdd2fdcafdbafdba
fdd2fddafdd2fdd2
fdcafdcafdcafdd2
fddafdd2fdd2fdd2
fdeafdeafde2fde2
fdf2fe02fdfafdea
fdc2fdcafdd2fde2
fdcafdd2fdc2fdc2
fe5afe5afe72fe02
fe52ff03fecbfe93
fe2afe1afdfafdaa
fe9bfe5afe42fe3a
00c50034ffacff1b
022601c6012d010d
029702760266024e
030f02ff02e702c7
0347033f0337031f
0327033f033f0337
030f030702ef0307
0317030702ff02ff
036703570337031f
03880390037f036f
038803980390037f
02b702ff030f033f
01ae01ee01f60256
ffec0085013d019e
fec3ff3bff5bffbc
fe6afea3fe6afe4a
fe7aff13fe7afedb
fd49fda2fdcafe52
fdbafdbafdc2fdc2
fdb2fdb2fdaafdb2
fdcafdc2fdbafdb2
fdd2fddafdcafdc2
fdc2fdc2fdc2fdd2
fdd2fdd2fdcafdca
fdeafdeafddafdda
fdfafe02fdfafdf2
fdc2fdcafddafdea
fddafdd2fdc2fdba
fe8bfe72fe72fe3a
fde2fedbfeebfe9b
fe52fe42fe2afdda
ff43fea3fe62fe62
00fd00b5003cffcc
023e021e01b60135
02af02870266024e
0317030702ff02df
034f03470347032f
032f03470347033f
02f702ff031f032f
030702ef02ef02f7
035f0347033f0317
036f036f035f0367
0357036703770377
02a702d70307032f
018601c601d60266
00140085010d012d
fea3febbff13ff94
fe22fe22fdf2fe2a
fdc2ff1bfe93fe52
fd19fda2fdc2fe12
fdc2fdc2fdc2fdc2
fdbafdb2fdb2fdba
fdbafdb2fdb2fdba
fdcafdcafdc2fdba
fdc2fdc2fdcafdd2
fdcafdc2fdc2fdc2
fdeafde2fde2fdd2
fdf2fdf2fdfafdf2
fdc2fdcafddafde2
fdf2fdcafdc2fdba
feabfe62fe62fe62
fdbafe72ff03feeb
fe83fe6afe52fe32
ffecff43fe9bfe83
011d00d500ad004c
021e021e01ee0196
02cf02a702760236
0327031f030702e7
034f034f034f033f
0337032f032f033f
030702ff031f032f
030702ff02ef02ff
03470337033f031f
034f034f035f034f
031f0337034f0347
026e02a702e70307
017d018e01e60266
002c009500c500f5
fe72fe8bfee3ff94
fdeafdd2fdb2fe32
fd61fe4afea3fe12
fd21fdc2fdb2fdca
fdc2fdc2fdc2fdc2
fdbafdbafdbafdba
fdb2fdb2fdbafdba
fdc2fdc2fdbafdb2
fdbafdc2fdcafdd2
fdcafdbafdc2fdc2
fdf2fdeafde2fdda
fddafde2fdeafdf2
fdbafdcafdd2fdda
fe0afdcafdc2fdba
fecbfe6afe52fe6a
fe1afe22fefbfefb
fea3fe9bfe62fe62
0064fff4ff4bfe9b
016d010500d500a5
0226020e01e601be
02cf02af028f0256
032f031702f702e7
0357034f034f0347
0337033703370347
03070307032f0337
02f702f702e702f7
0327031f031702f7
03270317032f032f
02ef030f031f031f
026e02bf02df02ef
017d018601ee021e
ffec0044004c00c5
fe32fe9bfedbff7b
fdbafd9afdc2fe0a
fd29fdd2fecbfda2
fd49fdaafd92fd9a
fdc2fdcafdc2fdc2
fdbafdbafdc2fdc2
fdb2fdb2fdbafdc2
fdc2fdc2fdbafdb2
fdcafdcafdd2fdca
fdd2fdc2fdc2fdc2
fdeafde2fddafdd2
fddafde2fde2fde2
fdbafdcafdd2fdd2
fe1afdd2fdc2fdba
fee3fe9bfe52fe52
fe83fe1afeb3ff0b
feb3fec3fe9bfe8b
00ad0074fff4ff3b
019e015500fd00bd
024e021601de01c6
02d702b702870266
031f02ff02f702e7
0337033f032f0337
0337033f03370337
0307031f033f0337
02ef02ef02e702f7
02ff030f02ef02f7
02ff02e702ef02f7
02ef02e702cf02ff
025e02a702cf02e7
010d015501e601f6
ff9c00040024009d
fe12feabff03ff53
fd59fd9afddafdc2
fcf9fd92fe7afdaa
fd61fd92fda2fd71
fdcafdc2fdbafdba
fdcafdc2fdc2fdca
fdb2fdb2fdbafdc2
fdbafdbafdbafdba
fdcafdd2fdd2fdd2
fdcafdcafdc2fdc2
fddafdd2fdd2fdca
fdd2fddafddafdda
fdb2fdcafdc2fdc2
fe32fde2fdc2fdba
feebfed3fe72fe62
febbfe83fe52ff03
ff23fed3fedbfeab
00cd00ad005cffe4
01a60196016d012d
025e022e01d601b6
02bf02a702870266
030702f702ef02df
031f031f031f0317
0337032f032f031f
0317032f032f032f
02df02df02ef030f
02ef02e702e702ef
02d702df02d702df
02cf02cf02c702cf
025e028f02af02bf
010d015d01d601f6
ff63ffb4fff40085
fe6afee3fee3fefb
fd41fd9afda2fdc2
fce1fdaafdeafdfa
fd79fd82fdb2fd69
fdcafdcafdc2fdba
fdcafdcafdcafdca
fdbafdbafdbafdc2
fdbafdbafdbafdba
fdcafdd2fdcafdca
fdcafdcafdc2fdca
fdd2fdcafdcafdca
fdc2fdd2fddafdda
fdaafdbafdc2fdba
fe4afe0afdcafdba
ff0bfeebfec3fe62
febbfec3fe62fed3
ffccfef3fee3fee3
013d00f500bd006c
01a601ae019e0175
0266022e01ee01be
02b7029702870266
02ef02df02d702bf
0307030f030702f7
0327030f030702ff
0307031f0327032f
02df02df02f702ff
02df02d702e702e7
02bf02cf02cf02df
028f029f02b702bf
022e02760287029f
011d015d01d6021e
ff53ff7bffdc007c
fe6afeabfe9bfefb
fd92fd69fd82fdca
fcd9fd8afd69fde2
fd71fd71fda2fd51
fdc2fdc2fdc2fdba
fdc2fdcafdcafdc2
fdb2fdb2fdbafdc2
fdbafdb2fdb2fdb2
fdcafdcafdcafdca
fddafdd2fdcafdca
fdd2fdcafdcafdca
fdc2fdcafdd2fdda
fdb2fdbafdc2fdba
fe72fe22fdd2fdba
ff03feebfefbfe9b
fec3fecbfe93fe9b
003cff5bfea3feeb
017d015d010d00c5
01ae01ae019e0186
0256022601fe01c6
02a7027e026e026e
02c702bf02af029f
02ef02ef02e702d7
030f0307030702ef
02ef03070307030f
02ef02e702ef02e7
02cf02cf02d702ef
02b702bf02cf02cf
029702a702af02bf
0246026602660287
00fd013d017d01fe
ff4bff7bffe40074
fe6afe7afea3fefb
fda2fd59fd92fe02
fcf9fd82fd19fdca
fd49fd69fd61fd21
fdbafdbafdbafdb2
fdc2fdc2fdbafdba
fdb2fdb2fdb2fdba
fdbafdb2fdb2fdb2
fdc2fdcafdc2fdc2
fde2fddafddafdd2
fdd2fdd2fdd2fdd2
fdc2fdcafdd2fdd2
fdb2fdb2fdbafdc2
fe9bfe2afde2fdb2
fef3fefbff0bfefb
feebfed3feebfe9b
0074ffbcfe8bfe7a
01a6018e015d0105
01b601ae01a6019e
0246021e020601d6
0297026e0266025e
02b7029f027e0287
02df02cf02d702cf
030f030f030f02f7
02ef030703070307
02e702e702e702e7
02c702cf02d702ef
02b702af02b702c7
0287029f029f02af
024e022e02560266
011d0145017d0206
ff5bff94000c008d
fe42fe7afebbfef3
fd49fdbafde2fe2a
fd09fcd9fd09fd51
fd41fd59fd19fcf1
fdbafdb2fdb2fdb2
fdbafdbafdbafdc2
fdb2fdbafdbafdba
fdbafdb2fdb2fdb2
fdd2fdcafdbafdba
fdeafdeafde2fdda
fdd2fdd2fdd2fdda
fdbafdcafdcafdca
fdaafdaafdbafdba
feabfe3afdfafdb2
feebff13ff13ff2b
febbfedbff03fee3
0095ffdcff13fe32
01a6018e0186013d
01be01ae01ae01a6
0236020e01e601de
0276024e0246023e
02b7029702760276
02ef02df02e702d7
02ff030703070307
02ef02ff02ff02ff
02e702e702e702e7
02b702cf02d702df
02bf02b702af02af
027e0297029f02af
0236022e023e025e
0125014d01b6023e
ff2bffbc003c00ad
fe2afe62feb3ff03
fd69fe0afe6afe2a
fd09fcc9fd29fce9
fd49fd39fce1fcf1
fdbafdbafdc2fdc2
fdc2fdbafdc2fdc2
fdb2fdbafdb2fdba
fdbafdb2fdb2fdb2
fddafdcafdc2fdc2
fdeafdf2fde2fdda
fdcafdd2fdd2fdd2
fdbafdcafdd2fdca
fda2fdb2fdbafdba
febbfe5afe0afdba
ff1bff3bff0bff3b
fe7afecbfefbff33
009dffe4ff33fea3
019e019e018e0145
01b60196019601ae
022601f601de01ce
025e0216020e0226
02c702a7027e026e
0307030702ff02ef
030f03270327031f
02ef02ef02f702f7
02d702df02e702ef
02a702b702c702d7
02a702a702bf02a7
027e02870297029f
023e025e0256025e
0145013d01c6023e
ff2bffec006c00dd
fdeafe62fed3fee3
fd9afdeafdfafe0a
fd21fd19fd41fd29
fd39fd19fcc9fd01
fdbafdbafdcafdca
fdbafdbafdc2fdba
fdb2fdbafdbafdba
fdbafdb2fdaafdb2
fddafdcafdc2fdc2
fde2fdeafdeafde2
fdcafdd2fdd2fdda
fdc2fdcafdcafdca
fdaafdaafdb2fdba
fed3fe72fe32fdca
ff1bff33fefbff23
fe5afecbfee3ff1b
009dffecff1bfe72
01b601ae0186012d
01b6019e019601ae
01fe01ce01ce01d6
024601c601be01e6
02c702af02760236
030702ff02f702ef
02f702ef02ff02ff
02e702e702ef02e7
02bf02c702e702f7
028f0287029f02bf
02af02b702b702a7
0276028f0297029f
028702870276025e
0135015501fe0256
ff73fff4009d012d
fec3feb3fe9bfedb
fdaafdaafd82fde2
fd11fd21fd21fd41
fd11fd01fce9fd29
fdc2fdc2fdcafdca
fdb2fdbafdc2fdba
fdb2fdb2fdb2fdb2
fdbafdbafdb2fdb2
fddafdcafdc2fdba
fdeafdf2fdf2fde2
fdcafdd2fddafde2
fdc2fdcafdcafdca
fdaafdaafdaafdb2
fef3fe8bfe3afde2
ff0bff0bff13ff0b
fdc2fe6aff13ff03
006cff9cfeb3fdf2
01c601b6015500f5
01b6019e01a601be
0196019e01ce01d6
01d60165016d0186
028f0266024601c6
02af02a702b702a7
0287028702870287
02a70287027e028f
028f02af02cf02c7
0276027e028f02a7
02a702a7029f028f
02760276029f029f
02af029f027e027e
015501c6026e029f
ffac002400e5014d
fe32fe62feabff13
fd41fd92fe3afe0a
fce9fcf9fd19fd51
fd11fcd1fce9fd11
fdbafdbafdc2fdca
fdbafdb2fdbafdba
fdbafdb2fdb2fdba
fdbafdbafdbafdba
fdd2fdbafdbafdba
fde2fdeafdeafde2
fdd2fddafdd2fdda
fdc2fdcafdcafdd2
fdb2fdaafdb2fdba
fef3fea3fe52fe0a
ff1bfecbff23fed3
fd92fdcafee3ff13
000cff4bfebbfdfa
01d60196010d0095
01c601a601ae01d6
010d016d019e01d6
012500f501250125
018601550145015d
01d601e6020601e6
01e601ee01ce01ce
01ce018e01b601ce
0287026e02560226
026e027e02970297
028f02970287027e
02870276026e0287
02c702b7028f0287
017d026e02d702d7
fff4009501150155
fdfafe12feb3ff63
fcf1fd31fda2fdd2
fd11fd19fd19fd11
fd09fca9fce1fce1
fdb2fdbafdc2fdca
fdbafdbafdbafdba
fdbafdb2fdb2fdba
fdbafdb2fdb2fdba
fdd2fdc2fdbafdb2
fddafde2fde2fdda
fddafde2fddafdd2
fdc2fdcafddafdda
fdc2fda2fdaafdb2
ff0bfeb3fe5afe0a
ff43fee3ff23ff13
fdd2fdaafe83ff4b
fffcff63fec3fe52
01d6015d00cd005c
01be019601a601e6
01050125019601ce
00cd00b500b500dd
002c005400a500dd
00ad00b500bd006c
00cd00c500d500bd
012d00f500d500dd
020e01e601860155
0266027602660246
0266026e02660256
0276027e02660266
02ef02c7028f0276
020602e702ff02ff
005400f501450196
fdeafe2afea3ff7b
fce9fd31fd79fdda
fcd9fcd1fca1fcb9
fcd9fca9fcf1fcc1
fdb2fdbafdc2fdca
fdb2fdb2fdb2fdb2
fdc2fdbafdb2fdb2
fdbafdbafdbafdc2
fdcafdc2fdbafdba
fddafddafdd2fdca
fdeafdeafde2fdda
fdbafdcafddafde2
fde2fdaafdb2fdb2
ff1bfec3fe72fe3a
ff73ff1bff43ff1b
ff33fe93fe52ff3b
005c000cff9cff84
01be012d00cd0074
01b6018e01ae01ee
00ed014d01ae01ce
00bd00c500a500bd
002c005c009d00bd
ff8cffa4ff9cffd4
0004ffacffa4ff73
00fd00cd009d007c
017d015d01350135
023e022601ee01ae
024e0256025e0256
026e02660256024e
02e702bf02970266
02af03170317030f
006c00fd01ae0206
fdfafe52fee3ffb4
fd39fd69fd71fdaa
fc78fc89fc81fce1
fcb1fcb1fce9fc81
fdb2fdbafdbafdc2
fdb2fdb2fdaafdb2
fdcafdbafdb2fdaa
fdc2fdc2fdc2fdca
fdcafdd2fdcafdc2
fdd2fdd2fdd2fdca
fdfafdeafdeafde2
fdbafdcafddafdf2
fdfafdbafdbafdb2
ff13fee3fea3fe72
ff6bff23ff2bff0b
00adff9cfe32fe8b
015501550115010d
01b60145011d012d
01ae019601ce01f6
010d0165019e01c6
00c500cd00c500ad
001400b500e500cd
ff3bff2bff43ff73
0054ffe4ff94ff5b
010500d500bd00a5
015d0105010d010d
021e01d60196018e
023e024e024e0236
022e023e023e023e
02d702af0287024e
02e7030f031f0307
008d0165020e0256
fe1afea3ff3bffdc
fd19fd41fd79fdba
fc99fcd9fcc1fce1
fca9fcc9fcc1fc50
fdb2fdbafdc2fdca
fdaafdb2fdaafdaa
fdcafdc2fdbafdaa
fdcafdcafdcafdd2
fdcafdd2fdd2fdca
fddafdcafdcafdca
fdfafdeafdf2fdea
fdbafdc2fdd2fdea
fdf2fdbafdbafdb2
ff1bfef3feb3fe62
ff3bff63ff33ff2b
0105ffccfdc2fd82
01e601d601be017d
01ce01be01f601fe
01a601a601ce01e6
0175018601a601ae
010d010d011d0125
00d5011d013d012d
ffb4ff9cffec0024
00bd00b50054fff4
00fd00fd00ed00dd
012d015501250115
01ee01ce01750145
02360226021e020e
020e020602160226
02d702a702760246
02ff031f030f02ef
00fd01e6024e02a7
fe5afecbff63000c
fd71fdc2fddafdfa
fca9fcf1fcf1fd29
fc91fcd9fca9fc38
fdb2fdbafdc2fdca
fda2fdaafdaafdaa
fdcafdc2fdbafdaa
fdcafdd2fddafdd2
fdcafdd2fdd2fdd2
fddafdcafdc2fdc2
fdeafde2fde2fdda
fdbafdc2fdc2fdda
fdfafdcafdbafdb2
fefbfef3feabfe62
fecbff9cff33ff2b
00f5ff2bfd09fcc9
01de01de01de01ae
01e60226021e01f6
019601a601c601ce
0196017d0196019e
0175015d014d0186
017d0196019e0196
00d500d5012d014d
011d012500fd00d5
0145013d010d00fd
0145014d012d014d
018e016501450125
020e01ee01ee01c6
020601de01d601f6
02af02760246022e
031f0327030f02e7
015d01fe028702f7
fe9bff23ffb40085
fdb2fdc2fe02fe3a
fcc1fd51fd69fd8a
fcb1fcd9fca9fc50
fdbafdc2fdc2fdc2
fdaafdaafda2fdaa
fdcafdc2fdb2fdaa
fdd2fddafde2fdd2
fdd2fdd2fdd2fdd2
fdd2fdcafdcafdca
fdd2fddafdd2fdda
fdb2fdbafdbafdca
fdfafdd2fdc2fdb2
ff13ff0bfecbfe72
fe0aff8cff43ff2b
003cfdbafca1fc91
01fe01de01de018e
0206020e01f601fe
0175019e01c601c6
015d0165016d0175
0186017d01650165
01b601be01be01b6
01860186018e01a6
016d015d016d017d
013d014d015d015d
0125013d01450135
01550125010500f5
01b60196016d016d
01f601ce0196018e
029f025e02260206
032f031702f702c7
0175022602c7031f
feebff8c003c011d
fdcafdfafe42fe62
fcb1fd49fd59fd79
fcf1fcd1fc89fc50
fdc2fdc2fdc2fdc2
fdb2fdb2fdaafdb2
fdcafdbafdaafdb2
fdd2fddafddafdd2
fdcafdd2fdcafdca
fdcafdcafdd2fdd2
fdc2fdc2fdcafdca
fdaafdb2fdbafdc2
fe12fdd2fdc2fdaa
ff23ff1bfed3fe6a
fd61ff5bff63ff3b
fea3fca1fc89fc91
020e01e601b60115
02060206020e0216
0165019601ae01de
01350145014d015d
015d0145013d0135
01b601b601a6018e
018e01b601b601ae
0175017d01960196
013501450165016d
00f50125013d0135
010d00f500dd00dd
013d013d0125011d
01ce01c6018e0165
02870246021601f6
031f02ff02e702bf
01d6027602ff031f
ff4bffec00a5016d
fd41fd92fe32febb
fc89fd21fd41fd29
fce1fcb9fc78fc38
fdc2fdc2fdc2fdc2
fdbafdb2fdb2fdba
fdc2fdb2fdaafdb2
fdcafdcafdd2fdca
fdd2fdd2fdc2fdca
fdcafdcafdd2fdd2
fdc2fdc2fdc2fdba
fda2fdaafdaafdba
fe2afddafdcafdaa
ff03ff1bfedbfe7a
fd21ff03ff6bff1b
fd11fc60fc89fc99
01fe01d60165fff4
022e0226020e020e
015d018e019e01fe
00ed010d0125013d
010d00e500dd00dd
01ae01960175015d
01b601ce01ce01be
016d0175017d019e
012501450155016d
00e500ed010d0115
00d500cd00e500ed
0115010d011500ed
01a601860165014d
026e023e020e01ce
02ff02e702c702a7
022602bf02ff0307
fffc002400bd01ae
fd9afe12fe62ff2b
fc99fd11fd19fce9
fcd1fcc1fc81fc60
fdc2fdcafdc2fdc2
fdb2fdb2fdbafdba
fdbafdb2fdb2fdba
fdcafdc2fdc2fdc2
fdcafdc2fdc2fdc2
fdc2fdcafdd2fdca
fdc2fdc2fdbafdba
fda2fdaafdaafdba
fe1afde2fdc2fdaa
fef3ff23fee3fe7a
fce1fe93ff94ff33
fc91fc50fc60fc81
017d0135009dfebb
020e01f601ce01ae
016d01a601a60206
00ad00d5010d0135
00ad007c009500a5
018e01750135010d
01ce01ce01ce01b6
017d019e01b601c6
0125013d01550175
00cd00dd00ed0115
00ad00b500c500c5
00fd00d500cd00bd
0196015d013d0115
0266023601f601c6
02f702df02af0287
023e02e702ff02f7
ffdc005c011501e6
fdfafe32fed3ffa4
fd51fd71fd8afd92
fcd9fd19fd69fd51
fdc2fdcafdc2fdc2
fdb2fdb2fdbafdba
fdbafdbafdbafdba
fdcafdd2fdcafdc2
fdcafdcafdcafdca
fdbafdc2fdcafdca
fdbafdbafdbafdba
fda2fdaafdaafdb2
fe0afdeafdc2fdaa
ff03ff1bfee3fe72
fcb9fe42ffb4ff63
fc89fc48fc48fc70
01450115008dfe9b
0186016d013d0135
018601ae0186019e
008500ad00f5013d
004c0034004c0064
01650145010500c5
01b6019e017d016d
019e01b601c601ce
013d014d015d016d
00e500f501150125
008d009500ad00cd
00d500bd009d008d
0186015d012d00f5
0276023601e601ae
02e702d702bf029f
023602cf02f702e7
002400cd016d01e6
fe42fec3ff2bff84
fe3afe2afe4afdfa
fd21fdbafefbff0b
fdc2fdc2fdc2fdca
fdb2fdb2fdb2fdba
fdc2fdc2fdbafdb2
fddafddafdcafdc2
fdcafdd2fdd2fdda
fdc2fdc2fdcafdd2
fdb2fdb2fdb2fdba
fdaafdaafda2fdaa
fe22fdf2fdd2fdaa
fef3ff03fee3fe5a
fcb1fe12ff94ff7b
fc70fc40fc50fc78
ffd4ffb4ff2bfdaa
00ed0085ff9cffbc
019601be015500ed
0044008d00e5013d
ffd4ffd40004002c
00bd010500c50044
018e0155012500c5
019601a601ae01a6
012d014501650175
00e500f501050115
006c0074009500c5
00bd0095007c007c
019e0175012d00f5
0276024e020601ce
02e702c702b7029f
025602af02cf02df
007c012d01a601e6
febbff13ff7bffdc
ff73fecbfeabfea3
fd69fe4aff6bffd4
fdbafdc2fdc2fdca
fdb2fdaafdb2fdba
fdc2fdbafdbafdba
fde2fddafdcafdca
fdcafdd2fddafde2
fdbafdc2fdcafdd2
fdaafdaafdb2fdb2
fda2fdaafda2fda2
fe2afdfafddafdaa
fee3fefbfedbfe52
fcc1fe1aff84ffa4
fc81fc58fc58fc81
fe02fd9afd29fcc9
ffe4feebfe3afe3a
01c601e601450034
000c006400cd0155
ff94ffa4ffccffec
ff8c007c0054ffd4
013500f5003cff23
012d0145014d0145
008d00cd0105011d
00850085007c007c
005c005c006c007c
00d500950074005c
01b60186014d011d
0276024e022e020e
02d702bf02af0297
023e029f02a702bf
0095012d01ae01f6
fedbff0bff730004
ff73ff53ff03fedb
fd71fe72ff63ff7b
fdb2fdbafdc2fdc2
fdbafdbafdbafdba
fdcafdc2fdc2fdc2
fddafdd2fdcafdca
fdcafdd2fddafdda
fdbafdc2fdcafdca
fda2fdaafdb2fdb2
fda2fda2fda2fda2
fe2afdfafde2fdb2
ff03fefbfee3fe4a
fcd9fe42ff73ffa4
fcb1fc89fc70fc91
fdd2fd61fd19fcd1
ff73fe9bfe32fe32
01d601fe019e0064
ffe4003c00c50165
ff63ff84ffacffbc
fea3ffb4000cffac
00b50014fe93fdf2
007c007c008500ad
0014004c005c0054
ffc4ffdcffecfffc
000c000cffecffcc
011500a500440014
01ee01c601b60175
027e0266024e0226
02b702a702a7029f
0206028f02a702af
0095012d01ee01f6
fef3ff13ff84001c
ff1bff03fefbff13
fd9afe32ff33ff7b
fdb2fdbafdbafdba
fdc2fdc2fdc2fdba
fdc2fdcafdcafdca
fdd2fdd2fdcafdc2
fdcafdcafdd2fdd2
fdbafdc2fdcafdca
fda2fdaafdb2fdb2
fda2fda2fda2fda2
fe1afdfafde2fdba
fefbfee3feebfe52
fd11fe62ff73ffa4
fd39fcd1fc91fc91
fdfafdfafdeafdb2
ffc4ff0bfeb3fe62
0216021601f600e5
ffcc0044011d0196
ff43ff5bff84ffb4
fee3ff73ff9cff6b
fefbfe1afdaafe22
0024001cffdcff94
ffcc000c001cffec
fe9bfe8bfee3ff53
001cffb4ff63fef3
01ae016500fd007c
022e022e020601d6
028f0276026e024e
02b7027e0287029f
01e60256029702b7
006c00fd01f601fe
fee3ff23ff84000c
ff3bfecbfeabfec3
fda2fdeafebbff5b
fdbafdbafdb2fdba
fdcafdc2fdc2fdc2
fdc2fdc2fdc2fdc2
fdcafdcafdc2fdba
fdd2fdd2fdcafdc2
fdb2fdc2fdcafdd2
fdaafdb2fdb2fdb2
fda2fda2fda2fda2
fe22fdfafde2fdc2
feebfecbfeebfe52
fd79fe8bff53ff94
fdfafd01fc78fca9
fea3fed3fed3fe9b
0044ff9cfee3feab
02a702a7024e015d
ffcc008501b60236
ff2bff53ff8cff94
fef3ff3bff43ff2b
fd61fd71fdc2fe52
fe72fe1afdc2fd8a
fea3ff03ff2bff13
ff2bfe8bfe2afe52
016d0095fffcff9c
024e0246020601e6
0256024e02460246
028f028f027e026e
029f029f027e0287
01e6022e025e0297
006c010501ee01ee
fea3ff0bff8c001c
ff0bfec3fe7afe8b
fd79fd82fe1afefb
fdc2fdc2fdbafdba
fdbafdc2fdc2fdc2
fdbafdbafdbafdba
fdcafdc2fdc2fdba
fddafdd2fdcafdc2
fdbafdcafdd2fdda
fdaafdb2fdb2fdb2
fdaafd9afda2fda2
fe1afde2fde2fdca
febbfea3fefbfe5a
fda2febbff43ff8c
febbfd79fc89fcd1
ff7bff7bff73ff43
00cd0034ffd4ff94
033f031f02bf01fe
000400fd020e0297
ff3bff63ffacffbc
fedbfefbff1bff23
fd51fdbafe42fed3
fdb2fd69fd61fd69
fe93feabfe8bfe7a
ffbcff33ff23fef3
025601ee014d0085
029f029f0276026e
027e026e027e028f
028f02870287027e
027e028f028f029f
01e6023e0236025e
008d012d01e601ce
feabfee3ff6b000c
fe8bfe7afeb3fe93
fd92fd82fda2fe42
fdc2fdc2fdbafdb2
fdb2fdbafdbafdba
fdb2fdbafdbafdb2
fdd2fdd2fdcafdba
fddafdd2fdcafdca
fdb2fdc2fdcafdd2
fdaafdb2fdb2fdba
fdbafda2fd9afda2
fe0afdd2fde2fdd2
fe93fe7aff03fe6a
fde2fecbff1bff7b
ff73fe2afcc9fcd9
000cfffcfffcffd4
013d00ad005c0034
0377034f030f026e
009d01a6029f0327
ff5bff84ffb4fff4
fef3ff1bff23ff23
fe12fe83fee3ff0b
fe62fe0afdc2fdda
fefbfefbfec3fec3
00cdffecff6bfedb
028f02660206018e
02b702bf02a7028f
0297028f029f0287
02970297028f0297
025e0266026e028f
01c6022e024e0236
009d013501e601c6
fed3fee3ff53ffe4
fe32fe6afec3fedb
fda2fd8afd79fdba
fdc2fdc2fdbafdb2
fdb2fdb2fdbafdc2
fdbafdbafdb2fdaa
fddafddafdd2fdc2
fddafddafdd2fdd2
fdbafdc2fdcafdda
fda2fdb2fdb2fdba
fdb2fdaafd9afda2
fe02fddafddafdca
feb3fe5aff03fe7a
fe22fed3ff1bff53
001cfefbfd19fd11
008d007400740054
01a600ed00cd00ad
035f035f033f02bf
0125024603070347
ff5bff84ffbc003c
ff33ff53ff4bff23
ff1bff43ff3bff1b
fe3afe4afe5afebb
ff13fed3fe8bfe72
01e60135003cff5b
02bf029f0256022e
02c702cf02c702c7
029702af02af02a7
0276028f028f0287
0256026e0266026e
019e0206024e023e
009d012d01ce01c6
ff0bff13ff53ffcc
fddafe8bfed3fef3
fdb2fda2fd92fd8a
fdb2fdaafdb2fdb2
fdb2fdb2fdb2fdba
fdc2fdc2fdbafdb2
fddafde2fde2fdca
fddafddafdd2fdd2
fdc2fdc2fdcafdda
fda2fda2fdb2fdc2
fdb2fdb2fda2fd9a
fe0afde2fddafdd2
fec3fe4aff03fe83
fe4afee3ff33ff53
0095ffb4fdaafd79
00cd00bd00dd00bd
021e013d00f500fd
0367036f033702ef
018e029f034f035f
ff7bff9c000400cd
ff7bff6bff63ff6b
ff94ff94ff63ff4b
ff03ff33ff43ff53
002cffacff63ff33
025601fe017500dd
02af02a702870276
02bf02cf02bf02cf
02870287029f02af
027e027e027e026e
024e025e02760266
019e01ee0226023e
008d012d01a601c6
ff2bff1bff5bffd4
fde2febbfeebfef3
fdbafdaafd71fd59
fdaafda2fdb2fdb2
fdbafdbafdb2fdb2
fdcafdc2fdbafdba
fddafde2fddafdd2
fdd2fdd2fdcafdd2
fdc2fdcafdcafdd2
fda2fda2fdbafdc2
fdbafdaafdaafda2
fe02fdeafde2fdda
feb3fe32fef3fe83
fe52fee3ff1bff4b
00fd004cfe22fdba
00f500f500ed00fd
0276018600ed00e5
03670357032f02ff
01ee030703670357
ffacffe4006c012d
ff94ff94ff94ff9c
ffecffc4ff84ff8c
ffc4ffdcffd4ffdc
014d00cd0054ffec
0256023e021601a6
02af02b702a70287
0297029f02a702a7
02660276027e028f
0256026e027e025e
022e021e023e024e
01b601de0216021e
00a5012d017501ae
ff23ff1bff63ffdc
fdf2fef3ff2bff13
fda2fd8afd51fd39
fdaafdaafdaafdb2
fdc2fdc2fdbafdb2
fddafdd2fdcafdc2
fddafddafddafdda
fdcafdc2fdc2fdca
fdcafdd2fdcafdd2
fdaafdaafdbafdc2
fdcafda2fdaafdba
fe12fdeafde2fdea
fe62fe22fefbfe83
fe5afecbff03ff23
014500bdfe6afdf2
011d0115010d0135
029701ae010d00fd
03670357032f030f
0266031f035f033f
ffcc003c00e50196
ffbcffb4ffb4ff9c
002cffe4ffd4ffd4
006c004c002c0034
019e017d015500cd
025e025e024601ee
02870297029f028f
026e027e028f027e
026e027602760287
0266026e026e0256
0216021e02160236
01c601de02060206
00ad0145016d01be
ff0bff4bff7bfffc
fe22ff2bff5bff1b
fd9afd61fd31fd39
fdaafdb2fdb2fdb2
fdc2fdc2fdbafdba
fddafddafdd2fdca
fdcafdd2fddafde2
fdcafdc2fdcafdc2
fdcafdd2fdcafdd2
fdbafdb2fdbafdc2
fddafdc2fdb2fdc2
fe22fdf2fddafde2
fe1afe22ff13fe83
fe4afebbfed3feeb
015d00cdfe83fde2
0125012d01350155
02b70216013d00fd
0367035f033f0307
02f7034703670357
000c007c013d020e
ffe4ffd4ffe4ffec
004c002c00140004
011500cd008d006c
01f601ce01be0145
02760276025e0236
0266024e0256026e
027e027602660266
0266026e026e0287
02460236024e025e
0216021e02260246
01b601ce01ee01fe
00d5013d017501b6
ff0bff53ffb40054
fe52ff4bff63ff2b
fd9afd69fd41fd59
fdb2fdb2fdb2fdb2
fdc2fdbafdc2fdba
fddafddafddafdca
fdcafdc2fdcafdda
fdcafdcafdcafdc2
fdc2fdcafdcafdca
fdb2fdb2fdbafdc2
fdcafdb2fdaafdb2
fe3afdfafddafdda
fe2afe42ff1bfe93
fe3afe9bfeabfeab
014d00d5fe62fdc2
00f5010d013d014d
02cf0266017500ed
0377037f0357030f
034703570357036f
006c00e501ae02af
000c0004000c002c
006c00540034001c
0196015500cd009d
01f601be01c60186
0246025e0266023e
02460226021e023e
02760256024e024e
0256025e024e026e
01f60226024e024e
02060216022e0226
01ae01be01de01ee
0105014501750196
ff33ffa4003c00ad
fe0aff33ff63ff3b
fdaafd8afd59fd49
fdbafdb2fdb2fdb2
fdbafdb2fdbafdb2
fddafddafddafdca
fdc2fdc2fdc2fdd2
fdc2fdcafdcafdc2
fdc2fdc2fdc2fdc2
fdb2fdb2fdbafdba
fdd2fda2fd9afdaa
fe4afe02fde2fdda
fdeafe3aff13feab
fe2afe62fe93fe5a
015500cdfe4afdd2
00ed011d013d0145
030702af01f600f5
039803980377034f
033f0347035f037f
00a5014d025e02ff
002c00340034005c
0085006c005c003c
01ae017d012500bd
020601d601de01ae
021e02360236022e
0226022e022e0226
02460236022e0226
023e024602360256
020e02260236022e
01f6020e01fe01de
019e01a601d601e6
012501550165015d
ff94003400b500d5
fd9afe8bff4bff4b
fe0afdfafdeafd92
fdc2fdbafdb2fdb2
fdbafdbafdbafdb2
fdd2fddafdd2fdca
fdcafdcafdc2fdca
fdbafdc2fdcafdca
fdbafdbafdbafdba
fda2fdb2fdbafdb2
fdd2fdaafd92fda2
fe5afe12fde2fde2
fdf2fe3afefbfeb3
fe32fe62fe7afe5a
016d00cdfe32fdd2
011d013501450155
034702d70256017d
03b003a003a8037f
032f0357037f03a0
010501f602d70317
004400440064008d
00dd00a5007c0054
01c60196018e0145
01ee01de01e601d6
01f601fe0216020e
01f6020e020e020e
0226021602160206
02260236022e0216
0206021601fe0216
01ce01e601d601d6
0175019601b601be
011d0145013d0155
000c009d00bd00c5
fe02fde2fecbff63
fe22fe5afebbfe83
fdbafdb2fdb2fdb2
fdbafdbafdbafdba
fdcafdd2fdcafdc2
fdcafdcafdcafdca
fdbafdbafdc2fdca
fdb2fdbafdbafdba
fda2fdbafdbafdba
fddafdb2fd9afd9a
fe62fe4afe2afdfa
fdf2fe5afef3fe93
fe42fe72fe62fe1a
017500e5fe4afe02
015d0155015d016d
036f0307029f020e
03d003c803c003a0
033f036f039803b0
0196027602e70317
0074008d00b500e5
016d013d00f500a5
01e601ee01ce0196
01e601ee01de01de
01ee01ee01ee01d6
01de01e601de01e6
0216020601f601e6
020e021e020e0206
01f6020601fe01f6
01ae01ae01c601ee
0165018e018e019e
0115014d014d0165
005400cd009d00c5
ff1bfeabfe9bff5b
fe1afe93ff63ff94
fdbafdbafdb2fdba
fdc2fdbafdbafdb2
fdcafdd2fdcafdc2
fdd2fdd2fdd2fdd2
fdbafdc2fdc2fdca
fdbafdbafdbafdba
fdd2fdcafdbafdb2
fe72fe02fdc2fdba
fe5afe2afe3afe52
fe0afe7afee3fe72
fe3afe62fe5afe02
018e00cdfe62fe32
01b6016501750186
037f033f02f7027e
03d003e003d003a0
0337035f039003b0
023602a702cf030f
0115012d011d0165
019e01ae01750145
01fe021601f601be
01ce020601fe01ee
01ce01de01be01be
01d601d601d601d6
020601ee01de01de
01d601ee01fe0206
01d601de01ee01e6
018e018e01a601c6
0165017d017d0186
0115015d015d015d
005400bd00b500fd
ffe4ff9cff0bff33
fe32febbffa4fffc
fdbafdbafdb2fdba
fdc2fdbafdbafdba
fdcafdcafdcafdc2
fdd2fddafddafdd2
fdbafdc2fdc2fdca
fdbafdc2fdc2fdba
fdbafdaafdb2fdba
fe22fe0afdeafdba
fe62fe22fdfafdf2
fe12fe7afee3fe5a
fe12fe4afe42fde2
019e009dfe62fe2a
023e01960196019e
03a8036f033702c7
03e003f803f803e0
031f033f037703b0
0246027e02c702ef
01b601ae018601de
01b601c601ae019e
020e0226021e01de
01e6020e020e0216
01be01d601c601ce
01de01d601c601be
01ee01ee01ee01e6
01d601ce01d601e6
01b601ce01e601e6
01650175018601ae
01550165015d0165
010d01450155015d
003c009d00e5010d
ffdcffd4ff5bff43
fe6afef3ff6bffac
fdbafdbafdb2fdb2
fdbafdbafdc2fdc2
fdcafdc2fdc2fdc2
fdd2fdd2fdd2fdd2
fdc2fdc2fdc2fdca
fdbafdc2fdbafdb2
fd9afda2fdaafdba
fddafddafdb2fd92
fe62fe3afe12fde2
fe22fe83fef3fe5a
fe02fe42fe2afde2
01ae005cfe52fe02
027e01e6019e01ae
03b8039003570307
03c803f003f803e0
031f032703570390
022e027e02cf02f7
01e601ee01c601f6
01e601be01be01ce
0216022e022e01fe
020e020e0216020e
01de01ee01e601f6
01ce01de01ce01d6
01d601e601e601d6
01d601c601c601c6
01a601ae01ce01ee
014501450175019e
0145016d01550135
00f50125011d013d
0034008d00e5010d
fff4ffecff8cff5b
fec3ff2bff73ffac
fdc2fdbafdb2fdb2
fdbafdbafdc2fdc2
fdcafdcafdcafdc2
fdd2fdd2fdd2fdd2
fdc2fdc2fdcafdd2
fdb2fdbafdbafdba
fd9afda2fdaafdb2
fdd2fdcafdaafd92
fe5afe4afe1afdea
fe32fe93fef3fe6a
fdeafe22fe22fdf2
01b6000cfe02fdba
02af021e01be01be
03a8037703470307
03b803e003e803c8
03880377036f037f
020e02b7030f0367
01e601de01ce01be
020601de01e601d6
022e021602260216
0216020e02160216
01e601de01e601fe
01ce01c601d601de
01b601c601d601d6
01de01ce01c601be
019e019e01b601e6
015501450165017d
012d014d01450135
00fd0125010d0115
002c008d00bd00f5
fffcffecffb4ff6b
ff03ff63ffa4ffe4
fdbafdbafdb2fdb2
fdbafdbafdc2fdba
fdcafdcafdcafdba
fdd2fdd2fdd2fdd2
fdc2fdc2fdcafdd2
fdaafdb2fdb2fdb2
fd9afda2fda2fdaa
fde2fdd2fdb2fd92
fe62fe52fe2afe0a
fe32fea3fee3fe5a
fde2fe12fe2afe0a
01aeffacfdbafdaa
0297021e01ce01ce
0377033f031702df
03a0039803a00388
03d803e803d003c0
022e02ef035f0398
01c601be01ae01ae
01f601ee01de01c6
021e01fe021e020e
01fe020e0206020e
01d601d601d601ee
01d601be01c601d6
019e01a601b601c6
01c601be01a6019e
0186018e018601b6
0155016501750175
014d01650165015d
0105011d0125013d
003c009d00bd00d5
ffbcffe4ffd4ff8c
ff2bff84ffdcffe4
fdbafdbafdbafdb2
fdb2fdbafdbafdba
fdd2fdd2fdcafdba
fdd2fdd2fdd2fdd2
fdc2fdc2fdc2fdca
fdaafdaafdb2fdb2
fd9afda2fda2fda2
fe12fdf2fdcafdaa
fe6afe6afe2afe2a
fe32febbfedbfe42
fde2fe2afe42fe1a
0186ff1bfd8afdaa
026601fe01d601de
032f030f02ef02bf
0367034f0347033f
03d803d003b00398
02360307037f03b8
01ce01c601a601be
01ee01de01d601ce
020e01fe020601f6
01f60206020601fe
01e601de01de01e6
01be01c601ae01c6
01a60186017d01a6
019e01a60186018e
017d017d018e0196
0155015501750186
016d016d0165015d
00ed00f5011d0155
0034009d00c500d5
fffc00240004ffb4
ff33ffb40014000c
fdbafdb2fdb2fdb2
fdb2fdbafdbafdba
fdcafdcafdc2fdba
fdc2fdcafdd2fdca
fdc2fdc2fdc2fdc2
fdaafdb2fdb2fdba
fd9afda2fda2fd9a
fe22fe1afe02fdca
fe52fe6afe22fe22
fe3afecbfeabfdfa
fddafe4afe52fe22
0155fe93fd92fdca
022601ee01e601ee
02b702b702a70266
02ef02cf02b702b7
03b80390034f031f
023602e7035703a0
01ce01be01b601be
01de01d601ce01ce
020601ee01e601e6
01ee01fe01fe01fe
01c601c601de01e6
01a601be01be01be
019e019e0196018e
0186018601750186
01750186019e018e
017d016501750175
015d0165015d016d
00e500c500f50135
001c008d009500bd
007c0085003cffcc
ff1bffbc0034005c
fdb2fdb2fdaafdb2
fdbafdbafdbafdba
fdbafdc2fdc2fdba
fdbafdc2fdc2fdc2
fdc2fdbafdbafdba
fda2fdb2fdb2fdba
fdcafdaafd9afd9a
fe12fe2afe2afdfa
fe32fe4afdfafe02
fe42feebfe72fdba
fdeafe52fe52fe22
0115fe22fdbafdda
0236020601f601fe
0226024e02360236
0297024601fe01fe
035f0347031f02d7
022602cf03170357
01be01be01ce019e
01ce01de01d601c6
01fe01e601ee01f6
01ee01ee01f601fe
01b601be01de01d6
0196019e01b601b6
017d019601a6019e
017d017d017d017d
018e01860186018e
017d019e018e0186
015d014d01550175
00bd00a500c5012d
fff40085007c0085
00bd00ad0064ffcc
fe42ff6300240085
fdbafdb2fdb2fdaa
fdc2fdbafdbafdc2
fdaafdb2fdbafdc2
fdbafdbafdb2fdb2
fdbafdbafdbafdba
fda2fdaafdb2fdba
fde2fdc2fdb2fda2
fdf2fe12fe3afe12
fe3afe3afdcafdd2
fe62ff03fe1afdaa
fe0afe5afe42fe32
00adfe02fddafdfa
024601fe01e601f6
01ce01f6020e0236
024601fe01ae01ae
02f702e702cf028f
01de02a702d702ef
01c601de01de017d
01ce01ce01c601c6
01ee01de01fe01ee
01d601d601de01ee
01be01ae01be01c6
018e018e019e01be
017501860196018e
0165015d015d016d
0196017d0175016d
01a6019e01b6019e
013d015d016d0196
007c00b500e5011d
ffc4006c00950064
0095006c0004ff6b
fcc9fdfaff73004c
fdbafdbafdaafda2
fdc2fdc2fdcafdc2
fdaafdaafdb2fdc2
fdbafdb2fdaafda2
fdb2fdb2fdbafdba
fdaafdaafdaafdb2
fe1afdd2fdc2fdc2
fdc2fdf2fe1afe32
fe3afe32fdaafda2
fe8bff1bfe0afdba
fe0afe52fe32fe42
0004fddafde2fdfa
023601e601ee01ee
01b601fe0236025e
01fe01d601ce01be
028f029f02870236
017d023e027e027e
01ce01e601ce0186
01c601c601be01c6
01de01d601de01ce
01ce01d601d601de
01b601ae01b601c6
0196017d0186019e
01650175018e0196
0165015d0155016d
017d016501650175
01a601a601ae019e
0135015d018e0196
008500cd00e50115
ff430024006c006c
fedbfec3fe6afe7a
fc50fcb1fd8afe83
fdc2fdc2fdb2fdb2
fdc2fdcafdd2fdca
fda2fda2fdaafdba
fdc2fdb2fdaafdaa
fdb2fdcafdc2fdba
fddafdeafdc2fdb2
fe2afe1afdeafdd2
fd8afdcafdfafe1a
fe32fe3afd9afd71
fec3ff2bfe0afdda
fe2afe62fe4afe5a
ff84fddafdeafe0a
01c601ce01ee01d6
01fe023e02660236
00b500a5011501ae
026e01ce014500e5
01b6019e021e0266
01c601fe021e020e
01ce01c601c601be
01d601de01ce01c6
01ce01c601ce01d6
01a601ae01b601c6
01860175016d0186
0155016d017d018e
0165017501650165
0196017d0175017d
01a601b601b601a6
01450165016d018e
007c009d00d500f5
fedbffcc0034004c
fd41fd49fd69fdfa
fc40fc68fcb9fd19
fdc2fdbafdbafdba
fdf2fdeafdcafdca
fdb2fdb2fdc2fdda
fdcafdc2fdbafdba
fe22fdf2fdcafdca
fe02fe0afe1afe1a
fe1afe22fdfafdf2
fd69fd92fdcafdfa
fe22fe42fda2fd59
feebff0bfdfafde2
fe32fe62fe5afe62
fedbfe02fe0afe32
018601ce01ee0186
022e023601e6017d
015d017d018601de
015d00c500e5013d
025e019e011d0186
01e60226025e025e
01ce01ce01c601c6
01ce01d601c601c6
01be01c601c601ce
0186018e01a601be
016d0175017d0186
0165015d0165016d
016d016501650155
01ae01860196018e
019e01b601be01b6
011d0155016d0186
0044006400ad00d5
fe5aff53ffec0024
fd19fd41fd59fdc2
fc48fc70fc99fce1
fdbafdbafdbafdb2
fdfafdd2fdc2fdba
fdeafdfafe1afe22
fdf2fddafdd2fdca
fe4afe42fe3afe12
fdf2fe12fe5afe72
fe02fe22fe0afdf2
fd49fd69fd92fdd2
fe1afe42fd8afd51
ff2bfedbfddafde2
fe42fe7afe72fe7a
fe62fe12fe1afe42
019601ce01e60105
01e60165013d015d
01e601fe022e022e
00d500f50145019e
029f026e015d00e5
01fe022602560276
01b601a601b601ce
01c601ce01c601c6
01ae01be01c601c6
01650175018e01a6
015501750186016d
014d014d015d0155
0165016d0165014d
01ae0186018e0186
01ae01a601c601c6
01050145016d018e
001c0044008d00cd
fe0afefbffccfff4
fd31fd69fd79fd92
fc48fc81fcb1fce9
fdbafdbafdc2fdc2
fdcafdc2fdc2fdba
fe32fe1afdeafdda
fe12fe12fe1afe1a
fddafdfafe22fe22
fe32fe5afe32fde2
fdf2fe2afe02fe02
fd41fd51fd71fdb2
fe22fe4afd71fd51
ff53fe8bfdaafdd2
fe6afe83fe7afeb3
fe22fdfafe42fe3a
01ae01c601d60024
019e0135014d0175
01ee020602260206
00fd0115015d01be
02560276021e0155
021e0236023e0256
01ae01ae01c601e6
01c601be01ae01b6
019e01b601b601be
0165017d018e0196
0155015d01750165
013d01450155014d
0165015d014d013d
019e0186017d0186
0196019601b601b6
00f50145016d017d
fff40024006c00b5
fdeafe93ff8cffe4
fd41fd82fd8afd82
fc40fc81fcc9fd01
fdbafdbafdbafdba
fdcafdcafdc2fdba
fdd2fdd2fdd2fdd2
fe32fe3afdfafdea
fddafdeafe02fe02
fe72fe02fde2fde2
fdeafe6afe3afe7a
fd49fd59fd61fd9a
fe2afe12fd59fd51
ff6bfe3afd9afda2
fe8bfe93fe83feeb
fdfafe2afe42fe22
019e01be0186ff1b
0196013d0155017d
020601e601f601de
0135013d018601d6
027e029f028f01ce
021e023602460256
01ae01be01e60206
01be01a601a601ae
01a601ae01ae01be
01650175017d0196
015501550165016d
013d014d01450145
01550155014d0135
018e018e01860175
016d018e01a6019e
00c5010d0135015d
ffd4000c004c008d
fddafe52ff53ffb4
fd59fd9afda2fda2
fc58fc81fcc9fd11
fdc2fdc2fdcafdca
fdcafdcafdcafdc2
fdd2fdcafddafdd2
fddafdfafe02fdf2
fdcafdf2fdf2fdda
fddafdbafdaafdaa
fde2fe9bfeb3fe62
fd51fd69fd59fd82
fe32fddafd41fd39
ff73fe0afd61fd71
feb3fea3fe93ff33
fe1afe62fe52fe42
01a601be00e5fe4a
01860155014d017d
01f601de01d601a6
01960145019601e6
027e02a702a70246
021e023e023e024e
01b601d601f6020e
0196016d018e019e
01a601ae01b601ae
01650175017d019e
014d014d015d0165
013501450135013d
014d014d012d011d
018e0186017d0165
01550175018e0186
008d00d5010d013d
ffb4ffe4002c0064
fde2fe42ff23ff9c
fd71fdbafdd2fdca
fc81fc81fcc9fd31
fdd2fdcafdcafdca
fe1afdeafde2fdda
fdfafde2fdeafe1a
fdd2fdd2fddafdea
fdeafdeafddafdda
fdcafdc2fdb2fdb2
fdfafe7afe12fe02
fd51fd71fd51fd79
fe2afd8afd29fd29
ff53fdb2fd39fd59
fedbfeb3fecbff73
fe62fe7afe4afe6a
01be01ce0004fdfa
0165015d0155017d
01b6018e01750155
02360186017d01be
0266028f02a7028f
01fe02260236023e
01c601de01e601ee
01750175019601a6
01ae01b601b6019e
016d017501860196
0145014d0155015d
01450145013d013d
015d0145013d012d
0186017501750165
0145016d01750175
005400a500f5011d
ffa4ffbc0004003c
fdf2fe2afedbff6b
fd92fdcafdeafde2
fc91fc91fcc1fd39
fdbafdc2fdc2fdca
ff03fe72fdfafdba
fdfafe12fe5aff1b
fdc2fdbafdcafde2
fdf2fdcafddafdd2
fdd2fdcafdeafe32
fdf2fe6afe0afe32
fd61fd8afd61fd79
fe22fd29fd11fd39
ff23fd82fd29fd92
fedbfebbff13ff9c
fe93fe52fe4afebb
01c60186ff33fe22
017d0175016d0196
0145010d00f5012d
029f0236018e015d
024e0276029f02b7
01d601ee020e0226
01c601ce01ce01de
0175017d019601a6
01a601ae019e018e
016d017d01860196
0135013d014d0155
0135013d0145013d
01550145013d0135
015d016501650165
01250145015d0155
003c008500bd00fd
ff94ffacffdc002c
fdfafe22fe93ff33
fda2fde2fdfafdfa
fca1fcb1fcd1fd31
fda2fdb2fdcafdd2
ffacfe93fdf2fdaa
fe2afecbff53ffcc
fdb2fdc2fdeafdfa
fddafddafde2fdca
fdf2fe0afe6afe2a
fddafdf2fe42fe52
fd71fd9afd51fd61
fe12fd21fd21fd39
fecbfd71fd41fe12
feebfee3ff4bffa4
fe62fe32fe62ff03
01ee011dfe93fe4a
01d601be01a601ce
010500f5011d0186
02970297020e015d
0236023e027e0297
01ce01de01f6022e
01ae01ce01c601d6
017d0196019601a6
01a6019e018e017d
0165016d018601a6
013501350155015d
0135013501350135
013d0135011d012d
014d014d0155014d
00fd010d0125013d
003c005c008500d5
ff73ff9cffbc0004
fe12fe1afe5afef3
fda2fdfafe1afe0a
fca1fcc1fcf1fd41
fdc2fdcafdcafdca
012dffecfeabfdc2
ff3b004c00ed019e
fde2fe0afe3afe9b
fdfafdeafddafde2
fe6afeabfe72fe0a
fe1afe62fedbfe7a
fd59fddafd9afd9a
fdbafd11fd19fd29
fecbfd9afdaafe6a
fef3ff33ff6bff8c
fe2afe2afea3ff2b
01ee0034fe5afe6a
021e020601e60206
0196019601b601fe
0246022e020e01d6
022e026e02760246
01ce01ce01f60216
01be01ce01be01be
018601a601be01c6
019e0196018e0186
016d0186018e019e
014501450165016d
0135012d013d013d
01250125011d012d
012d01250135012d
00dd00f500f50105
00240044006400a5
ff2bff7bffacffdc
fe22fe2afe4afebb
fdb2fe0afe32fe2a
fca9fcb1fcf1fd49
fe3afdeafdcafdba
0044ff7bfefbfe72
01fe024e01e600e5
ff23ffa4ffe400fd
fe42fe22fe52fea3
ffacfeabfe3afe3a
ffa4ff63fee3ff2b
fdbafeabfe42feeb
fd9afd49fd59fd59
fed3fe1afe52febb
ff1bff53ff9cff73
fe22fe5afefbff23
01a6ff2bfe62fe6a
0226021602160226
01ee01e601fe021e
01de01e601e601f6
020e022e020e01ee
01be01b601be01e6
01d601c601be01be
01ae01b601ce01ce
0196019601960196
017d0186018e018e
0145014d016d017d
012d012d01350145
010d011501150125
0105010d010d0115
00ad00cd00d500ed
fffc0034005c0085
ff0bff53ff94ffc4
fe42fe3afe5afe9b
fdc2fe1afe42fe52
fcb1fcb9fcf1fd41
ff03fe8bfe3afe0a
014d018601750024
02cf01ee01050145
01ee026e02c70327
0004006c00fd0165
ff53feb3fec3ff3b
001cff73ffc4009d
ff4b005c006c00a5
ff23ff33fed3fed3
ff8cff4bff6bff9c
ff43ff73ffdcffbc
fe32feabff33ff23
00adfe7afe6afe52
019e015d0206023e
01f601f601f601de
01be01ce01d601ee
01d601d601d601d6
01b601ae01ae01b6
01ee01e601ce01be
01de01de01de01de
019601a601a601be
0186017d017d018e
014d0155015d0175
012501350135014d
01050115011d011d
00dd00ed00fd0105
008d00a500b500c5
ffdc000c00440074
feebff33ff73ffb4
fe6afe5afe62fe93
fdbafe2afe52fe62
fcc9fcc9fce9fd51
007c0014ffbc0004
02f7029f01a6012d
03a003a0034f031f
036f033f035f037f
027602b702e70337
00ed0145015501be
016d017501ee0165
016d017d011d00fd
01ae015d011d016d
00a5010d01050145
ff53ffa4ffec0004
fe6afefbff3bff4b
ff2bfe0afe52fe42
00b5011d021601d6
015500ed0074006c
00d500e501350125
00e500dd00fd00e5
0064008d00bd00dd
010500640034003c
01de01f601fe01be
019601ae01b601be
0186018601860196
01450155015d016d
012d0135012d0145
00fd0105011d0115
00cd00dd00f500fd
007c008d009d00ad
ffd4fffc003c0064
fee3ff23ff5bff8c
fe83fe7afe7afe9b
fdb2fe22fe5afe72
fcd9fcd9fcf9fd51
001cff9cff03fee3
0226023601c600b5
03c003b003470276
03c003b803a803a0
02cf03070347037f
02260276029f02c7
028f02bf02760216
01fe020e020e0236
022e01ee01ee0216
00c50165016501ae
ff94ffc4ff9cffb4
feb3ff23ff5bff7b
fe3afe12fe52fe5a
00f50175020e0095
ffec0004003400ad
ff7bff6bffb4ffbc
ff84ff94ff9cff94
ff0bff4bff63ff73
ffb4ff3bff0bff0b
01f6020e01b60095
01a601b601ce01ce
017d019601960196
014d0155016d0175
012d0135013d014d
010501150125011d
00c500cd00dd00f5
006c0085008d00a5
ffbcfffc002c004c
fee3ff1bff53ff84
fe93fe93fe93fea3
fdc2fe22fe62fe83
fce1fce1fd09fd59
ffacfef3fe83fe52
0196010d00cd005c
03b8036f030f025e
03e003a8039003a8
02e70327039003c8
02df02f702e702d7
031702c702c702cf
0236028f029f02cf
00ed011d01b6021e
fff400640064009d
ffc4ff9cff3bff3b
ff0bff5bff84ff8c
fe0afe3afe5afe93
014501ae0125fec3
005c007c008500c5
0014fff4003c005c
ffb4ffd40004000c
ff6bffa4ffacffb4
003cffd4ff94ff84
020601de015500a5
01ae01be01ee0206
01860196019e01a6
014d0155016d0175
013d013d013d014d
00fd010d01150125
00bd00cd00dd00f5
005c007c0085009d
ffb4fff40014002c
fee3ff23ff4bff7b
fe9bfea3feabfeb3
fdc2fe22fe6afe9b
fcf1fcf1fd11fd59
fe8bfe2afe12fdfa
021600c5ff8cfeab
03c003a0034702e7
039803b803e003e0
03170357036f03a0
02cf02cf02d702af
02a702bf028f02c7
023e026e028f029f
fefbffe400d501de
fe1afe42fe7afe62
ffc4ff5bfed3fe93
ff5bff84ff84ffbc
fe1afe7afe93fefb
019e0165ff0bfdfa
00c500b5008d0155
0085008d00ad00ed
003c00140004003c
ffecfff4fffc001c
00b50064002c0004
01de017d013500f5
01ce01f6020e0206
018e019601a601be
015d016d017d0186
01450145014d0155
0105011d01250135
00bd00cd00d500ed
005400640085009d
ffacffe4000c002c
fef3ff23ff4bff7b
febbfebbfebbfecb
fdcafe22fe7afeab
fce9fcf1fd11fd51
fdcafdbafdc2fdca
021600f5ff84fe0a
02cf02bf02af027e
029f02af02e702ff
02af028f029f029f
02a702cf030702d7
029702a702af0276
00c501c6023e024e
fda2fdf2fe7aff8c
fdbafddafda2fd79
ff94ff03fed3fe32
ff6bff7bffbcffe4
fe5afeabfef3ff53
019effb4fdd2fde2
013d015d016d01be
0115012d01250145
00ed00dd00a500d5
005400540054009d
011d00fd00c5007c
01ae017501550145
01ee020e020601de
019601a601b601c6
0175018601860186
01550155015d016d
0105011d012d0145
00b500d500e500f5
003c005c0074009d
ffa4ffd4fff4001c
ff03ff2bff43ff7b
fec3fecbfed3fee3
fdd2fe32fe7afebb
fcd1fd01fd11fd61
fdaafdaafdbafdc2
0034ffd4fefbfdda
019e012500740064
01d601e601b601b6
02af026601f60196
0297029702af02d7
01d6028f02bf02b7
fe2aff0b002400d5
fd69fd61fd82fdc2
fde2fdf2fd82fd59
ff94ff03ff03fe32
ff94ffbc0004fffc
fea3fefbff4bff6b
0085fe0afda2fdfa
01c601ce01ee01ce
0186019601860196
013d015501650165
00dd00c500cd00fd
0155014d01450115
019e018e01750165
01ee01f601ce01ae
01a601b601be01ce
0186018e018e018e
015d0165016d0175
010d01250135014d
00b500cd00e500f5
00340054005c008d
ffa4ffccffec000c
ff1bff33ff5bff84
fed3fee3feebff03
fdc2fe3afe72feb3
fcd1fcf9fd29fd69
fdcafdb2fdbafdc2
010d0095ff33fe0a
013501be016500f5
00bd00a500ad00ad
02ef02bf025601be
0276029f02d70307
00bd019e01b60216
fe1afe83ff0bff94
fd9afdbafdb2fdd2
fdeafe12fd82fd79
ff73ff33feebfe32
ffccfff40004ffe4
fefbff3bff63ff9c
fec3fdaafdc2fe52
01fe020e01fe013d
01ee01d601d601d6
015d017501a601ce
018e01750165014d
0175017d019e019e
0196018e01750165
01de01ce01ae0196
01b601c601ce01d6
018e0196019e01a6
016d016d01860186
0125012d013d015d
00ad00cd00e50105
002c004c00640085
ffb4ffdcfff40004
ff3bff53ff73ff94
fee3fefbff13ff23
fdaafe2afe83feb3
fcc9fd01fd49fd61
fe6afe22fe0afdfa
01d60145ffecfefb
ff13ffe400ed01de
01b600a5ffe4ff6b
02af02e702c70276
01ae024602660287
000c00bd00cd010d
fdb2fe1afe9bff2b
fd9afdc2fdbafd9a
fe12fddafd82fd79
ff43ff2bfec3fe1a
fff4fffcfff4ff9c
ff2bff53ffb4ffd4
fe22fdcafe22fed3
022e022601beff6b
0216020e02160216
01ae019601be01fe
01d601de01ee01d6
017d018601ae01ce
017d0175016d0175
01c601a6019e018e
01be01ce01ce01ce
019e019e019e01b6
016d0175018e0196
01250135013d015d
00ad00d500ed010d
003c00540074008d
ffc4ffe4fffc0014
ff4bff5bff84ffa4
fefbff13ff23ff3b
fd9afe0afe8bfec3
fce1fd09fd51fd79
ff63fe6afe12fdea
00f5019600d50074
fe5afe3afec3ffb4
0266018600f5ffd4
02df02d702cf028f
01c6025e0276029f
fff40155026601f6
fdb2fdeafe42ff13
fdaafdcafdd2fdb2
fe12fdb2fd9afd92
ff53ff1bfe9bfe12
ffdcfff4ffdcff84
ff63ffa4ffd4ffdc
fe2afe02fe93ff23
024602160044fe0a
01ee01fe022e023e
01f601ce01de01e6
01f601fe02160216
018e019601ae01ce
015d015d01750186
019e0196017d0175
01b601b601b601a6
018e018e019e01b6
016d017d018e018e
0125013d01550165
00c500dd00ed010d
004400740085009d
ffccffe400040024
ff53ff6bff84ffac
ff03ff23ff3bff4b
fdaafe02fe7afedb
fce9fd11fd69fda2
0095ffdcfeabfe32
fec30044014d00a5
fe32fddafdc2fe02
022601de013dff8c
025602b702ef027e
029702660276026e
009d00b5017d0266
fdf2fe22fe72ff8c
fddafddafdf2fdda
fe22fdd2fddafdfa
ff43ff03fea3fe6a
ffd40004ffb4ff4b
ffc4ffe4ffd4ffac
fe4afe72feebff63
02160145fea3fdea
01ae01be01fe021e
018e016d017d01a6
01de01f601de01b6
018e019601ae01ce
0165016d016d017d
017d01750175016d
019e019e0196018e
0196019601a601a6
01750186018e0196
012d013d0155015d
00dd00ed00f50115
004c007c009500ad
ffd4ffe40004002c
ff6bff7bff8cffac
ff03ff33ff4bff5b
fdbafdeafe6afedb
fce9fd01fd69fdba
ff43ffacffbcfeeb
fddafe42ff3b0014
003cfe72fdc2fdc2
028f023e018e0145
025601e6026602bf
01ee029f02e702d7
016d013d007c00e5
fdf2fe2afe9bfff4
fe0afe0afe12fdea
fe1afdeafe12fe1a
ff3bfef3fed3fe83
ffdcffd4ff7bff33
ffdc0004ffb4ff9c
fe72fec3ff5bffac
01d6fff4fe32fe12
01b601b601e601f6
015d0155018601ae
019e019e0196016d
017d0186019e01b6
015d016501650175
0175016d01650165
0196018e0186017d
018e018e01960196
0175017d017d018e
0125013d015d016d
00dd00f500fd0115
0054007c009d00bd
ffd4ffec000c0034
ff7bff94ff9cffb4
ff1bff43ff5bff6b
fdf2fdeafe62fed3
fcf9fcf9fd41fdaa
ffdcfe9bff3bffb4
fdbafdf2fdf2fed3
0115ffa4fe62fdc2
02af0297022601a6
02d7025601c60216
00f50196028702df
011d01c6015500b5
fe0afe32feabffac
fe32fe2afe52fe1a
fe52fe52fe6afe5a
ff2bfeebfeebfec3
ffdcffacff53ff33
ffc4ff94ff5bffa4
fec3ff4bff6bff94
015dfed3fe32fe2a
01be01be01d601ee
0165016501a601be
017d017501750165
016d01650175018e
01650165015d0165
0175016d01650155
0186018601750175
018e018e017d0186
0165016d01860186
011d013d015d016d
00dd00ed01050115
005c007c009500c5
ffd4fff400140034
ff84ff94ffa4ffc4
ff2bff4bff63ff84
fe12fdfafe4afed3
fcf9fcf9fd29fda2
ff03ff3bfe7aff43
fdaafdcafdc2fde2
0105ffe4ff3bfdea
01c6025601fe016d
02cf02cf027e01ae
01960125013d01ee
0095018e025e0206
fe0afe2afeabff94
fe32fe22fe5afe3a
fe4afe52fe62fe5a
ff13feebfecbfe8b
ffc4ff7bff1bff33
ff53ff33ff5bffcc
ff3bff23ff3bff7b
0074fe83fe9bfef3
01d601d601e601ee
018601ae01ce01ce
015d0175015d0155
015d014d015d016d
0165016501550155
01750175016d015d
017d0175016d016d
019601960186018e
016501750186018e
0125014501550165
00dd00ed0105011d
005c008500a500c5
ffe4fffc001c003c
ff94ffa4ffb4ffd4
ff23ff53ff73ff84
fe1afe1afe52fed3
fcf1fd09fd11fda2
fe1aff3bfe93feb3
fdaafdaafdbafdc2
00adffd4fea3fe02
015d01e601fe0115
01ae025e029f0276
02cf02360196013d
0085012d01de029f
fe12fe1afe7aff63
fe6afe52fe5afe22
fe42fe42fe6afe9b
fefbfef3fec3fe72
ff73ff2bfefbff33
ff0bff1bff84ffb4
fecbfedbfecbfef3
ff73feabfec3feab
01fe020601ee01a6
01a601de01fe01fe
017d018601650165
014d0155016d017d
016d015d014d014d
016d016d0165016d
0175017501750175
0186018e01860186
015d0175017d0186
012d01450155015d
00e5010501150125
006c009500a500bd
ffecfffc002c0054
ffa4ffbcffbcffdc
ff13ff53ff84ff8c
fe1afe2afe4afecb
fcf1fd19fd11fd9a
fddafef3fed3fe8b
fddafdb2fdbafdba
005c000cff03fe52
028f01ee01be017d
016d0186022602a7
036f02e702b7027e
00a500fd01c602df
fe12fe2afe93ff9c
fe5afe42fe32fdfa
fe12fe0afe3afe83
fedbfee3febbfe4a
ff1bfed3fefbff1b
feebff4bff84ff7b
fe5afe3afe72fedb
fe3afe12fe2afe42
0236022e02060095
01ce01fe020e0226
01a601a6019601a6
015501650186019e
016d015d015d0155
017d017501750175
016d01750186017d
0175017d01750175
014d0165016d0175
0135014501550155
00e500fd011d0135
007c009500ad00c5
fff40004002c005c
ffacffc4ffd4ffdc
ff0bff43ff7bff94
fe02fe32fe42feb3
fcf1fd41fd09fd61
fdcafe7afebbfe1a
fdeafdbafdbafdba
00fd0004ff03fe22
02bf02d701e601a6
02f7025601e60246
0327030702af033f
00bd008d00e50236
fe0afe2afebbfff4
fe72fe52fe32fe12
fe22fe42fe42fe72
feebfee3fe93fe1a
fee3febbff13ff13
ff13ff5bff73ff2b
fde2fe1afe9bfecb
fd8afddafdfafdc2
024602360186fecb
01fe0216021e022e
01be01c601ae01be
016d0186019e01b6
016d015d0175016d
017d018601860186
016d0175017d017d
016d01750175016d
014501550165016d
0135014501550155
00ed0105011d0135
008500a500c500dd
fffc001400240054
ffbcffccffdcffe4
ff03ff43ff73ff94
fdf2fe1afe32fe93
fcc9fd39fd29fd39
fdb2fe1afeb3fe02
fdd2fdcafdb2fdb2
00d5ff8cfea3fdea
020602df02ef01f6
039003a802d701ce
0155024602af034f
0095002cffdc0064
fe02fe52feebfffc
fe62fe62fe5afe2a
fe32fe4afe62fe5a
ff03fef3fe8bfe3a
fe9bfebbfeebfeeb
ff1bff53ff3bfeeb
fdfafe4afe62feb3
fd71fddafdcafd8a
023e01deff94fd71
022e022e02360236
01de01de01de020e
019601a601b601c6
01860186018e0196
01860186018e018e
01750175017d017d
016d016d0175017d
015d015d01650165
012d013d014d0155
00f50105011d012d
008d00ad00d500ed
00040024003c0064
ffbcffdcfff4fffc
fee3ff43ff6bff9c
fddafe1afe4afe7a
fcb1fd21fd41fd31
fdb2fe0afea3fe02
fdbafde2fdb2fdaa
0165ffa4fe83fdea
015d0246030f02c7
037703a003670236
006401a602d7037f
00740014ffc4ffec
fdf2fe8bff1bfffc
fe4afe4afe42fe02
fe02fe22fe62fe4a
fedbfed3fe7afe2a
fe83feb3fec3febb
ff1bff4bfee3febb
fe3afe42fe62fed3
fd71fdd2fdc2fdaa
01de000cfda2fd29
023e02360236022e
01de01ee021e0246
01be01c601d601d6
01a601ae01be01be
01960196018e019e
0196018e018e018e
016d017d01750186
015d0165016d0165
01350145014d0155
00fd01150125012d
008d00ad00cd00f5
000c002c004c006c
ffccffec00040004
fec3ff1bff63ff9c
fdc2fe1afe62fe72
fca1fd01fd41fd21
fdfafe22fe0afdfa
fdbafde2fdcafdba
02d700bdfe8bfe0a
01b6016d0236031f
037f036f034f029f
0044018e029f0317
007cfffcffbcffd4
fdf2fe93ff33000c
fe6afe93fe62fe02
fe22fe42fe72fe62
fee3fef3feb3fe5a
fe9bfe83fe93fec3
ff13fecbfe62fe6a
fe0afe52feb3fef3
fd71fdd2fde2fdd2
ffc4fda2fd21fd31
022e022e0216018e
01f6021e0226022e
01e601ee01fe01f6
01be01c601de01de
01ae01ae01a601b6
01b601be01be01ae
01750186018e0196
0165016d017d017d
013d01550155015d
011501250125012d
009500ad00cd00ed
00240034004c006c
ffc4ffe40004001c
feb3ff03ff53ff94
fd9afe0afe52fe62
fcf1fcc9fd11fd29
ff1bfe42fdfafe2a
fde2fe1afde2fe02
03370297fffcfe62
02af01ce017d024e
03a80388031f02e7
002c01c602760317
00850014ff94ff84
fdfafe93ff33fffc
fe72fe83fe42fdf2
fe22fe42fe83fe72
ff13fee3fea3fe52
fe6afe3afe7afedb
febbfe42fe12fe62
fdf2fe52febbfee3
fd71fdbafdd2fd9a
fd61fd09fd01fd29
01f60186005cfeab
021e022602160216
01fe020602060206
01c601de01f601fe
01ce01c601b601be
01b601c601ce01ce
0186018e019e019e
0175017d01860196
0145014d0165016d
011501350135013d
009d00bd00d500f5
003c004c005c0085
ffbcffe400040024
fe9bff03ff43ff8c
fd79fe0afe32fe42
fd69fce1fce9fd41
fe8bfdcafdbafdca
fe0afe32fdeafe52
0246032702dffffc
02f702d701a601c6
0377037702ff02a7
ffdc015501ce02af
0064fff4ff7bff63
fe0afeabff53001c
fe9bfe7afe32fdfa
fe52fe8bfeabfe9b
ff0bfed3fe9bfe4a
fdfafe1afe7afee3
fe0afdd2fde2fe1a
fdf2fe62fe93fe93
fd69fd9afdaafd79
fce1fce1fce1fd19
ff63fe42fd69fd01
0196015500fd0054
01de01de01ce01b6
01c601ce01de01e6
01d601e601de01de
01be01c601c601ce
0196019e019601ae
017d018601860196
0155015d016d017d
0115012501350145
00a500c500dd00f5
004400640074008d
ffbcffe4001c002c
fe83feebff3bff7b
fd71fe02fe2afe2a
fdbafd41fd01fd59
fdcafdb2fda2fda2
ffbcfe52fdd2fdda
01ce0236032702af
030f036702b701de
0317033702cf027e
ff6bffcc00a5023e
005cffacff6bff53
fe12fe9bff530044
fe93fe6afe22fdf2
fe4afe8bfecbfecb
feebfeb3fe9bfe62
fdcafe1afe8bfeeb
fd71fd92fd9afdba
fdf2fe52fe22fde2
fd71fd92fda2fd79
fcc1fcd1fce9fd19
fcf1fcb9fcb9fcb9
fe62fdf2fd82fd31
fffcff7bff43feeb
01c601b6015d00d5
01ce01d601de01de
01ae01b601be01c6
019e01a601a601ae
018e018e018e0196
0155016501750186
011d012d013d014d
00a500c500e500fd
003c005c008d009d
ffc4ffec00140024
fe62fedbff43ff7b
fd82fe0afe32fe1a
fd9afd71fd21fd59
fdbafdb2fda2fda2
028fff84fddafdba
01ce025e02af0367
03270377036702af
02af02c702a7026e
ff13ff3b005401fe
004cffacff4bff0b
fe1afe9bff3b001c
fe62fe52fe12fdf2
fe52fe93fed3febb
fe9bfe52fe52fe32
fd92fde2fe7afebb
fd49fd49fd49fd8a
fdd2fdf2fd92fd49
fd49fd79fd9afd8a
fcc1fcc1fce1fcf9
fcb1fcb1fca1fca9
fca1fca1fca1fca9
fe22fd41fce1fcb1
015d01250064ff6b
01d601c601a6017d
01be01be01c601ce
01b601b601b601b6
01ae01b601ae01ae
0165016d01860196
01250145014d0155
00bd00cd00e50105
00440064008500a5
ffbcffec000c002c
fe62fec3ff3bff8c
fdaafdf2fe42fe22
fd9afd61fd29fd59
fdbafdaafdaafda2
03a0022efed3fdca
022e020e02ff0327
02b703770388032f
018602560256021e
ff0bff03ff6b004c
0024ffbcff63ff23
fe52feabff7b003c
fe6afe72fe52fe22
fe6afecbff03fee3
fe83fe4afe42fe3a
fd69fdd2fe9bfed3
fd39fd01fd09fd51
fd92fd92fd41fd31
fd09fd41fd79fd71
fcc9fcc9fce9fcd9
fca9fcb9fcb1fcb9
fc89fc99fca9fc99
fde2fd01fca1fc89
014500f5001cff13
01d601ae0186014d
01d601d601e601ee
01d601d601c601c6
01ae01c601ce01ce
01750186019e01ae
0125014501450155
00c500dd00ed0105
005c006c008d00a5
ffc4ffec00140034
fe5afebbff2bff8c
fdaafe02fe52fe32
fe0afda2fd39fd19
fdc2fdbafdb2fdb2
035f03a00186fe83
02cf021e0276035f
0266034703900347
003401be0206020e
fee3ff03ff0bff4b
002cff84ff23fef3
fe52fecbffcc0074
fea3fe7afe42fe0a
fe62febbfeb3fe9b
fe8bfe3afe0afe22
fd49fda2fe93feeb
fd09fce9fce9fd19
fd61fd59fd19fd09
fcc9fd09fd59fd59
fcc9fcd1fcd9fcc9
fcb1fca9fcb9fcb1
fc91fcb1fcb9fca1
fda2fd01fcb1fca1
012500b5ffe4fecb
01be01960175014d
01e601de01e601de
01de01de01de01e6
01be01c601c601d6
0175018e01a601b6
011d0145014d015d
00cd00ed00fd0105
005c0074009500ad
ffbcffdc000c0024
fe52feabff13ff84
fd92fddafe3afe3a
fe2afe32fd9afd19
fe4afdcafdbafdba
031f038803a00135
031f02bf025e02ef
028f02e7034f034f
ff9400ed01c601f6
febbfec3fedbff33
0034ffacff03fecb
fe62feebffbc005c
feb3fe42fe02fe0a
feb3fecbfea3fe9b
fe7afe02fdf2fe72
fd49fd69fdf2fe9b
fd11fd09fd09fd19
fd61fd49fd01fcf9
fcb1fce1fd41fd69
fcc1fcd1fcd1fcc9
fca9fcb1fca1fcb1
fc91fcb9fcc1fca9
fd71fd01fcc1fca1
0115007cffb4fe8b
01ae0186016d0155
01e601d601d601c6
01d601de01ee01e6
01be01c601ce01d6
017d018e01a601be
012d0145015d0175
00cd00ed010d011d
004c0074009d00ad
ffb4ffdc000c0024
fe3afeb3fefbff6b
fd79fdc2fe1afe3a
fe4afdeafddafd71
00b5fe4afddafdc2
032f033703c00367
0327033f031f031f
029f02cf032f031f
ff730085017d01c6
fecbfea3fecbff23
fff4ffacff3bfefb
fe9bff1bffd4003c
feb3fe1afdd2fe1a
fee3fedbfef3fecb
fe6afe02fe12fe8b
fd41fd59fd82fe3a
fd29fd31fd21fd11
fd51fd49fd29fd21
fcd1fcd1fd11fd39
fcb9fcc9fcd1fcd9
fca9fcb9fca1fcb1
fc91fcb1fcc9fcb1
fd51fd11fcd9fca1
00f5005cff6bfe32
019e017d01650145
01e601de01de01b6
01de01de01f601f6
01ce01d601d601de
018e01a601b601ce
0145015d0165017d
00dd00fd0115012d
0054007c009d00bd
ffa4ffc4ffec0034
fe32fea3ff0bff53
fd51fdaafe02fe3a
fe93fdeafdcafd92
035700fdff13fdf2
035f034703a003e0
02f7035f03980390
028f02a702bf02ff
ffac0085015d01ce
fed3fe9bfecbff13
ffecff63ff13ff1b
fe83ff33fffc003c
fe72fe0afddafe0a
fea3feb3ff0bfebb
fdf2fdbafddafe5a
fd41fd49fd39fd9a
fd09fd11fd19fd01
fd21fd31fd11fcf9
fce9fcc9fcf1fd21
fcc1fcc1fce9fcf1
fcb1fcc1fcb9fcb1
fca9fcc1fcc9fcc1
fd41fd19fce1fca9
00cd002cff23fdf2
018e0175015d012d
01de01de01c601a6
01d601de01ee01e6
01d601de01d601d6
018e01a601be01c6
014d016d017d0186
00e5010501250135
005c0085009d00bd
ff9cffc4ffec0034
fe32fe93ff03ff43
fd79fd92fdeafe4a
fee3fe52fdb2fdca
03f803c0028fffac
03a0034f03a003e0
02ff033f03c803e0
02bf02cf029f02ff
ffc400ad012d01a6
fe9bfe83fea3ff03
ffe4ff43ff03fedb
fe7aff03ffdc0044
fe72fe12fdfafe32
fe93fedbff03feab
fd92fd92fdbafe62
fd39fd49fd49fd59
fce9fcf9fd11fd09
fd19fd19fcf9fce9
fd09fce1fcd1fd09
fcc9fcd9fcf1fcf9
fcb9fcc9fcc1fcb1
fcb9fce1fce9fce1
fd59fd21fce1fcb9
0095ffdcfedbfdca
018e0175014d010d
01d601c601b6019e
01ce01ee01de01d6
01ce01d601d601ce
01a601ae01b601c6
0155016d01860196
00e501050125014d
0064008d00a500c5
ff7bffbcffec003c
fe4afe93fefbff43
fdcafd9afde2fe3a
feebfeb3fe02fdca
03f0040003f802f7
03b80337035f03d8
02c7033703d003f0
02a702ff02df02cf
ffdc00dd00f5013d
feb3fea3fe9bff13
ffb4ff33ff03fec3
fe93ff23ffec0024
fe72fe42fe32fe52
fe93ff03feebfea3
fd69fd8afdbafe62
fd41fd51fd82fd79
fcf9fcf9fd21fd41
fd21fd29fd01fcf1
fd09fcf1fcd1fce9
fcc9fcf1fcf9fd09
fcb9fcc9fce1fcc9
fce1fcf1fd01fcd9
fd82fd21fce1fcc9
004cff73fe83fdc2
01860175014500ed
01be01a601a6019e
01d601de01ce01ce
01ce01de01d601ce
01b601ae01ae01c6
0165016d017d0196
00ed010d012d0155
0074009d00b500cd
ff7bffacfffc004c
fe4afe93fefbff4b
fde2fdaafdb2fe1a
ff03febbfe8bfdf2
03f80400040003f0
03b80347033f03d8
02a7032703c803e0
025602a702cf02bf
002c00f500bd00e5
fed3feabfe9bff3b
ffacff13fee3fecb
fecbff63fff40014
fe7afe42fe2afe62
fe7afedbfedbfea3
fd59fd71fdb2fe42
fd49fd69fda2fd92
fd19fd11fd29fd69
fd21fd21fd21fcf9
fd01fd09fce9fce1
fcd9fcf1fd01fd19
fcc9fcc9fce9fce1
fcf1fd09fcf1fcd9
fd79fd29fcf9fcf1
fff4ff0bfe3afdca
01750155012500b5
01ae019e01960196
01d601d601ce01c6
01ce01d601ce01ce
01ae01b601b601be
016d0175017d0196
00fd011d0135015d
008500a500cd00e5
ff84ffac0004004c
fe4afe83fef3ff53
fdf2fdbafd9afdfa
ff33ff03fe9bfe42
03f80400040003f8
03b00347031703c8
02af02ef037f03c0
01ee024e025e027e
006401050044005c
fed3fea3fecbff53
ffbcff2bfeabfec3
fee3ff53ffec0034
fe7afe42fe42fe83
feb3feebfecbfe8b
fd61fd79fdb2fe4a
fd61fd82fdc2fd9a
fd31fd31fd31fd49
fd31fd39fd29fd21
fd19fd11fd09fd01
fcf1fcf9fcf1fd21
fcd1fcc9fcf1fcf9
fd01fcf9fcf1fcf1
fd82fd41fd19fd29
ff9cfebbfe1afdc2
0165014500f50064
01a601a601960186
01ce01ce01c601ae
01ce01c601c601ce
01a601b601b601be
0165017501860196
01050135013d014d
007400ad00d500fd
ff8cffbc000c0044
fe42fe72fedbff53
fe02fdbafdc2fdfa
ffdcff4bfec3fe7a
03f00400040003f8
03b8033702df0398
027602af032703a0
016d01ee020e022e
009500e5001cfff4
fed3fe93fee3ff94
ffb4ff23fed3fedb
fefbff84ffec0034
fe8bfe2afe4afeab
febbfedbfeabfea3
fd71fd82fda2fe22
fd8afd92fdbafdaa
fd39fd39fd31fd41
fd29fd31fd39fd49
fd29fd29fd29fd21
fd11fd09fcf9fd01
fcc9fcb1fcf9fd09
fcf1fce1fcf1fce1
fd9afd51fd41fd31
ff53fe72fe0afdc2
015d012500b5001c
01ae019601860175
01c601b601a601a6
01b601c601be01ce
019601a601a601ae
015d01650186018e
011d013d014d014d
007c00b500e50105
ff9cffd4000c004c
fe32fe72fec3ff33
fe52fdd2fddafdfa
0044ffa4ff3bfed3
03d80400040003f8
037f030f02b70357
0236026e02ff0377
00e50155018e01e6
00c500d50004ffcc
feabfeabff13ffe4
ff94ff0bfecbfec3
fefbff8400040044
fe52fe12fe32feab
fe42fe83fe93fe83
fd79fd8afdb2fdda
fd69fda2fdc2fdb2
fd31fd49fd21fd21
fd19fd19fd59fd79
fd29fd49fd41fd31
fd21fd31fd01fcf1
fcc9fcb1fce1fd09
fcf1fcd9fce1fce1
fdb2fd79fd51fd21
ff13fe6afe02fdba
014500fd0085ffdc
019e0186017d0175
01b601ae019e01a6
01b601be01be01b6
0196019e01a601a6
016d016d01860196
0125013d014d0155
008500bd00e500fd
ff73ffd400040044
fe32fe7afea3ff33
fe83fe4afdf2fdea
000cffccff8cff23
fd8afd92fd92fd8a
fd92fd8afd8afd8a
fd8afd92fd8afd9a
fd92fd9afda2fd92
fdaafdaafdaafda2
fdbafdbafdbafdb2
fdbafdbafdbafdba
fda2fdaafdb2fdaa
fdc2fdbafdb2fda2
fdb2fdb2fdb2fdba
fdbafdc2fdbafdb2
fdbafdbafdbafdba
fdc2fdc2fdc2fdba
fdb2fdbafdc2fdc2
fdaafdaafdbafdba
fd69fdb2fdc2fdaa
fce1fcd9fce9fd19
fd19fcf9fcd1fcd9
fed3fe7afdd2fd59
004cff7bff1bfefb
00a500cd011500dd
fe93fe72ff23001c
fdbafdb2fdeafe12
fea3fe5afdeafdd2
017d00ad0014ff0b
00d50135019e01ee
fffc00540085006c
0206012d005c0034
01c6010dfff400bd
ff2bff43ffcc0196
0145010d001cffdc
01fe018e01c600d5
fd92fd92fd92fd8a
fd92fd92fd92fd8a
fd8afd92fd8afd9a
fd9afd9afda2fd92
fdaafdaafda2fda2
fdbafdbafdb2fdaa
fdbafdbafdbafdc2
fdaafdb2fdb2fdb2
fdc2fdc2fdb2fda2
fdb2fdb2fdb2fdba
fdb2fdbafdbafdba
fdb2fdbafdb2fdb2
fdc2fdc2fdbafdb2
fdbafdbafdc2fdca
fdbafdbafdc2fdba
fd21fdaafdcafdd2
fcd9fcd1fcc9fce1
fd29fd01fcd1fcb9
fe72fe72fdfafd61
ff73ff84ff43fed3
fef3ffac000cffc4
fe32fe8bfe62fe9b
fe9bfe5afdeafdc2
fe62fe42fe5afe8b
01a60054ff03fe8b
0044004c012501de
00ed0074003c003c
016d010d011d0135
017d012500140155
ff33ff94007c01de
019600ed0024ff53
01e601ce0155013d
fd92fd9afd9afd92
fd9afd9afd92fd8a
fd92fda2fd9afd9a
fd9afd9afd9afd92
fdb2fdaafdaafdaa
fdbafdb2fdaafdaa
fdb2fdb2fdbafdc2
fdb2fdb2fdb2fdb2
fdc2fdbafdb2fdaa
fdaafdb2fdc2fdc2
fdaafdb2fdbafdb2
fdaafdb2fdaafdaa
fdc2fdb2fdaafdb2
fdc2fdc2fdc2fdca
fde2fdc2fdc2fdc2
fce9fd11fd61fdd2
fcb9fcc1fce9fd01
fd51fd11fcd9fcc9
fe4afdeafd82fd82
fec3fe72fe4afe8b
00dd001cff3bff03
ff03ffbc006400dd
ff1bffbcff8cff4b
ff5bfeebfe9bfee3
01de00f5ff9cff3b
ffc4ffbc006c019e
00adfff4fffcffc4
019e01be01c601c6
0125016d00d500cd
ff9c000c013501b6
01be0115ffa4ff73
01be016d013501c6
fd92fd92fd9afd9a
fda2fd9afd92fd92
fd92fd9afd9afda2
fda2fda2fdaafd9a
fdaafdaafdaafdaa
fdbafdb2fdb2fdb2
fdb2fdb2fdb2fdba
fdb2fdb2fdb2fdb2
fdbafdbafdb2fdb2
fdaafdb2fdbafdc2
fdb2fdb2fdaafdaa
fdb2fdb2fdbafdb2
fdc2fdbafdbafdba
fdbafdc2fdc2fdca
fdd2fdeafdc2fdba
fce1fce1fcf1fd49
fcb9fcc1fcb9fcd9
fd09fd29fd19fcd1
fdd2fdeafdaafd31
ff03fe42fe22fe02
ffe4ffe4002cffe4
0095007c002c0044
fecbff7b004c00e5
ff9cfff4ffacff13
019e00d5ff94ff3b
ffbcffcc00440125
011500a5002cff94
026e019e019e014d
0155020601a6021e
fff4009501b6013d
02360155ff94ff2b
015d018e020e0196
fd8afd8afd92fd9a
fd9afd92fd92fd92
fd92fd9afd92fd9a
fda2fda2fda2fd92
fdb2fdb2fdb2fdba
fdc2fdc2fdbafdb2
fda2fdaafdaafdba
fdbafdbafdbafdb2
fdc2fdc2fdb2fdb2
fdb2fdb2fdbafdc2
fdb2fdb2fdaafdaa
fdc2fdc2fdc2fdba
fdc2fdbafdbafdc2
fdbafdc2fdc2fdc2
fd41fdc2fddafdca
fcc9fce9fce1fd01
fce1fcc1fcb9fcc1
fd19fcd9fce9fd11
fdfafd9afd92fd71
ffb4febbfe52fe1a
00ed00cd0024fff4
010d014d01250125
fefbfebbfee3ffdc
ff03ff6bffacff43
012d00c5ffbcff03
00cd009500e5011d
01d60155014500f5
027e0276022601d6
01ee01ee027e027e
00a501350175010d
0216016d0064ffe4
00d501b6016d0135
fd8afd92fd92fd9a
fd92fd92fd92fd8a
fd8afd9afd92fd8a
fdaafda2fd9afd92
fdb2fdb2fdb2fdb2
fdc2fdcafdc2fdba
fdaafda2fda2fdb2
fdb2fdb2fdbafdaa
fdbafdb2fdaafdaa
fdb2fdbafdbafdba
fdbafdb2fdb2fdb2
fdbafdcafdcafdc2
fdb2fdb2fdbafdba
fdbafdbafdbafdba
fd09fd59fdd2fdf2
fce1fcd9fce9fd01
fce9fcf1fcd1fcc9
fd29fd09fcc9fcd1
fe02fdeafdaafd41
ffbcff0bfe62fe1a
00fd00bd0004fff4
ff63006400dd00ed
fe83fe72febbfedb
ff63ff7bffb4ff43
012d00e50064ff94
01de01de01ae019e
01ee01f6022e0236
02760246026e0226
01ae023e02970287
00ed019601050175
0155010500f50014
012d014500dd0175
fd8afd92fd92fd92
fd92fd92fd92fd92
fd8afd92fd92fd8a
fdb2fda2fd9afd8a
fdb2fdb2fdb2fdb2
fdbafdc2fdc2fdba
fdaafda2fda2fdaa
fdaafdaafdaafdaa
fdb2fdaafdaafdaa
fdb2fdb2fdb2fdb2
fdc2fdb2fdb2fdb2
fdbafdcafdcafdca
fdb2fdaafdb2fdb2
fdeafdc2fdb2fdb2
fd09fd21fd8afdea
fcd1fcd9fce1fd01
fcb1fcd1fce9fce9
fd31fd09fcf9fcc9
fe12fde2fdaafd69
ffccff2bfe42fdea
00b500d500bd00ad
ff7bffcc004c0085
ff03fedbfecbfef3
003c00e50064ff53
015500ed003c0014
01a601a6017d0165
021e0216020601d6
02660256021e022e
0206020e023e025e
010501d6016d0226
0135012501050085
00ad00a50186019e
fd92fd92fd92fd9a
fd92fd92fd8afd92
fd8afd8afd8afd8a
fda2fd9afd92fd8a
fdbafdaafdaafda2
fdbafdc2fdc2fdc2
fdaafdaafda2fdaa
fdaafdaafdaafdaa
fdb2fdaafdaafdaa
fdbafdb2fdaafdb2
fdc2fdbafdbafdb2
fdbafdcafdc2fdd2
fdb2fdaafdaafdb2
fdd2fddafdc2fdba
fd11fd11fd41fd9a
fcd9fcc9fce1fcf9
fcd9fcb1fca9fce1
fd29fd11fd11fcf1
fdc2fdaafd8afd49
003cffc4febbfe0a
0004004c00040004
ff9cffdc003c0074
ffa4ffa4ff9cff53
00e501ae0165006c
013d0085006400dd
02060216022e0196
019e01b601c6021e
01be01c6019e012d
021e01de0175017d
012d0216024e0276
012d0145014d012d
0034007c01f6018e
fd92fd9afd9afda2
fd8afd8afd8afd92
fd92fd92fd8afd8a
fda2fda2fd9afd8a
fdc2fdb2fda2fda2
fdbafdbafdc2fdc2
fdb2fdaafdb2fdb2
fdb2fdb2fdaafdb2
fdaafdaafdaafdb2
fdaafdaafdaafdb2
fdc2fdbafdbafdba
fdbafdc2fdcafdca
fdbafdbafdbafdb2
fdaafdcafdd2fdca
fce9fd19fd29fd61
fcd1fce1fcd9fce9
fd01fcf1fcb9fca1
fd31fcf9fd01fcf9
fe02fd9afd61fd61
fef3ff23ff1bfe93
000cffacff8cff73
0054007c00ad0064
003cfff4ffec006c
019e01c601ae00ed
00ed00e501050155
021601e601d6014d
024e021e021e0226
014d012501be01de
01b6012d01150165
01ce0246029701f6
01550175018e018e
0074016501be0175
fd92fd9afda2fda2
fd92fd92fd92fd8a
fd92fd92fd92fd92
fda2fda2fd9afd8a
fdbafdb2fda2fda2
fdbafdc2fdc2fdba
fdb2fdb2fdb2fdba
fdaafdb2fdaafdaa
fdaafdb2fdaafdaa
fdb2fdbafdbafdb2
fdcafdc2fdb2fdba
fdb2fdbafdbafdc2
fdbafdb2fdb2fdaa
fd79fdaafdcafdca
fcf9fd09fd39fd39
fcb9fcd1fce1fcd9
fcd9fce9fce9fcc1
fd51fd21fcd9fcd1
fdf2fdc2fd71fd49
ff43feb3fe9bfe52
007c0004ffacff53
009d00ed01250125
00b50044ffcc0004
01ee01c6018e013d
00fd012d017d01c6
018e017d0145012d
02a7023e021e01c6
013d01de026e0297
0064003c007400cd
02460287021e00ed
018e0196019e01ee
00ed016501b6018e
fd9afda2fda2fd9a
fd92fd92fd92fd92
fd92fd92fd92fd92
fdaafda2fd9afd92
fdb2fdb2fdaafdaa
fdbafdbafdbafdba
fdaafdb2fdb2fdc2
fdb2fdaafda2fdaa
fdbafdb2fdaafda2
fdb2fdbafdc2fdc2
fdcafdc2fdbafdb2
fdaafdb2fdbafdc2
fdd2fdb2fdb2fdaa
fd59fda2fdcafdc2
fcf1fd09fd11fd41
fcd1fcc1fce1fce9
fcb1fcb9fcb9fcc9
fd11fd21fcf9fcb9
fdbafd82fd71fd39
fecbfefbfe9bfe1a
0095000cff7bff0b
00e5013d014500cd
00f500c5004c003c
022e020601960165
01d60226020e021e
01ce01be018601be
01f6018e018601d6
0024014d02160236
ff53ffccff6bff3b
025e027e0064fe6a
021e01be01f60246
00bd013501be01d6
fda2fda2fd9afd9a
fd92fd92fd9afd9a
fd92fd8afd92fd8a
fdaafda2fd9afd92
fdaafdaafdaafdaa
fdb2fdbafdbafdb2
fdb2fdb2fdb2fdba
fdaafdaafdaafdaa
fdc2fdb2fda2fda2
fdb2fdbafdcafdd2
fdcafdc2fdb2fdb2
fdaafdaafdbafdc2
fdd2fdb2fdaafdb2
fd39fd69fdbafdca
fd09fcf1fd11fd39
fcb1fcb1fcb1fcf1
fcc1fc91fca9fcb9
fd29fd21fd09fcf9
fde2fdaafd61fd39
fe93fe52fe62fe3a
004c000cffc4ff4b
000c006c013500fd
011d009d003c001c
021e01f601fe0206
020e0216021e022e
0175019601a601ee
01150135013d015d
005c009d00fd00f5
febbff5bff8cff73
01fe01d6ffacfe5a
022602a702a701ce
016501de019e01ce
fda2fda2fd9afd92
fd92fd92fd9afd9a
fd92fd92fd92fd8a
fdaafda2fd92fd9a
fdaafdaafda2fdaa
fdaafdaafdb2fdb2
fdbafdbafdb2fdb2
fdaafdb2fdb2fdb2
fdc2fdbafda2fda2
fdb2fdbafdc2fdc2
fdcafdcafdb2fdaa
fdbafdb2fdc2fdca
fddafdcafdb2fdb2
fd29fd31fdaafdda
fcd9fcf1fd11fd39
fcc1fcc1fcc1fcb1
fcd9fcb9fc91fca1
fd09fd01fce9fcd1
fdc2fd9afd8afd49
feebfe52fdd2fdea
0064ffccff7bff2b
000c004c009d00f5
016500f500a5001c
0276022602160236
021602460266024e
019601c601c601f6
01250145014d016d
00cd009d00a500c5
000c002c003400c5
028f010dfecbffc4
0226029f025e024e
021601d601b6019e
fda2fdaafd9afd8a
fd8afd92fd9afd9a
fd92fd92fd92fd92
fda2fd9afd92fd9a
fdaafdaafda2fda2
fdaafda2fda2fdaa
fdc2fdc2fdbafdb2
fdb2fdbafdbafdc2
fdc2fdbafdbafdaa
fdaafdbafdc2fdca
fdc2fdc2fdbafdaa
fdbafdc2fdc2fdca
fdeafddafdc2fdaa
fd39fd21fd71fde2
fcb9fcd9fcf1fd11
fcb1fcc9fcc9fcd1
fcc1fcd1fcc9fc91
fd49fce1fce1fcd9
fdb2fd92fd59fd79
fef3febbfdeafd92
00e50095ffd4ff63
ffe400440064008d
018e014d011500cd
027e0226022e0236
028f02af028f0287
01de01f6020e0266
017d01550135017d
003c00cd011d0145
ff2bffdc00140044
02360044fe5afdda
029f01b6017d0276
019601e6023e01de
fdaafda2fd9afd92
fd92fd9afd9afda2
fd9afd9afd92fd92
fda2fd9afd92fd92
fdaafda2fd9afd9a
fda2fdaafda2fd9a
fdc2fdc2fdc2fdb2
fdb2fdbafdbafdc2
fdc2fdc2fdbafdba
fdaafdbafdcafdd2
fdcafdc2fdb2fdaa
fda2fdbafdcafdc2
fddafdd2fdcafdaa
fd29fd49fd39fda2
fcd9fcc9fce9fcf9
fca1fcc1fcd9fcd9
fcd9fcb1fcc9fce1
fd61fd41fce1fcd9
fda2fd8afd41fd19
ff0bfeabfe4afdf2
0014008d0044ffb4
00c50054ffd4ffc4
01be017501a60155
0256025e02460256
02d702cf02b702af
02160226027602cf
018e0186019e01de
0074003c00b5013d
fdf2ff8c00a50125
fffcfef3fe0afd11
01ae014d01ae013d
015d019e01e60246
fdaafda2fd9afd9a
fd92fd9afda2fda2
fd9afd9afd92fd92
fda2fda2fd9afd9a
fdaafda2fd9afd9a
fda2fda2fda2fd9a
fdbafdbafdbafdb2
fdbafdb2fdbafdba
fdc2fdc2fdc2fdc2
fdb2fdc2fdcafdca
fdbafdbafdb2fdb2
fdaafdaafdcafdc2
fdcafdd2fdbafdba
fcf1fd41fd61fd69
fce1fce1fcd1fcf9
fcd1fca1fcb9fcd9
fcd1fcd1fca9fcb1
fd01fd41fd29fce9
fe02fda2fd51fd09
ff43fecbfe52fe22
ffccff9cffd4ffcc
01c6011500cd0044
0206019601fe022e
026e023e02260256
030f032f031702b7
028702b7030f0317
016501d601fe024e
01c6009d00040085
ff530064009d01b6
ff1bfe3afdb2fe02
01ae01c6019e004c
0165017d01fe0256
fdaafda2fd9afda2
fd9afd9afda2fdaa
fd9afda2fd9afd92
fd9afda2fda2fda2
fd9afd9afd92fd9a
fda2fd9afd9afd9a
fdb2fdb2fdb2fdaa
fdbafdb2fdb2fdb2
fdbafdbafdcafdc2
fdbafdcafdcafdc2
fdb2fdb2fdaafdb2
fdb2fdb2fdc2fdc2
fda2fddafdc2fdba
fce9fcf1fd61fd79
fce1fce9fce9fcd9
fc99fcc1fca9fca9
fcf1fcc1fcc9fca9
fd11fd21fd19fd11
fdeafdd2fd9afd39
fee3febbfe9bfe1a
00dd0034ffecff73
02a701e60175010d
020e01de023e0287
02a70266027e0276
03770367032702b7
02ef034f036f0367
01c6020e026602a7
01c60165012d0145
008d013501ce01ee
fe9bfdf2fe7aff63
01be01e60074ff84
014d0165015d015d
fda2fd9afd9afd9a
fda2fda2fda2fdaa
fda2fd9afd9afd9a
fda2fda2fda2fd9a
fd9afd9afd92fd9a
fda2fd9afd9afd9a
fdaafdaafdaafda2
fdb2fdb2fdb2fdb2
fdb2fdb2fdbafdba
fdbafdc2fdcafdc2
fdbafdb2fdaafdaa
fdbafdc2fdc2fdca
fd92fdc2fddafdba
fcf1fcf1fd01fd79
fca9fce1fcf1fce9
fca9fc99fcc9fca9
fd09fce9fcd1fcc1
fd21fd01fcf1fcf9
fdf2fdaafda2fd79
fed3fe7afea3fe8b
00d500b5005cff84
0297025601de013d
024e01fe024e02a7
02af029702bf02af
0367034f030f02b7
039003b803b8037f
02ef02c702e7033f
02df0307031f031f
017501ce026e02ef
fe6afed3ff9c005c
022e01aeffbcfecb
00ed010d00ad00d5
fda2fda2fd9afd9a
fda2fda2fdaafdaa
fd9afd9afd9afda2
fda2fda2fda2fd9a
fd9afd9afd92fd9a
fda2fda2fda2fda2
fdaafdaafda2fda2
fdb2fdb2fdb2fdb2
fdb2fdb2fdb2fdba
fdbafdbafdc2fdba
fdcafdb2fdb2fdb2
fdc2fdc2fdbafdd2
fdaafd9afddafdc2
fcf9fcf9fce9fd39
fca9fca9fcf9fd11
fcc9fca9fca1fcd1
fcf9fcf1fcd9fcc9
fd49fd09fce1fce9
fe6afdcafd82fd82
ff43fea3fe9bfeab
013500cd008d0014
0266023e020e01ce
02560226026602cf
02760276029f029f
033f0337030702b7
03d803e803b80388
03b003b803a803c0
038803b003e803e0
01c6020e028f0337
feebfff4006400fd
01960074ff3bfe4a
ffec005400f501ce
fdaafda2fd92fd9a
fda2fd9afdaafdaa
fd9afd9afd9afda2
fd9afda2fda2fd9a
fd9afd92fd92fd9a
fda2fdaafdaafda2
fdb2fdb2fdaafdaa
fdbafdbafdbafdb2
fdb2fdb2fdb2fdb2
fdb2fdbafdc2fdba
fdcafdb2fdb2fdb2
fdc2fdc2fdcafdd2
fd61fd8afdd2fdca
fd19fcf9fd01fce1
fcd1fcb9fcc1fd01
fcd9fcd1fcb9fca1
fce1fcd9fce1fce9
fd59fd31fcf1fcd1
fe42fe22fdcafd69
ffccff2bfeabfe8b
01f6018e00bd0054
029f025e0236022e
021e024e025602a7
0246023602760266
0327031f02bf026e
03c003c00388037f
03a803b80390037f
036703b003e003d8
022602b702ef033f
ff6b004c00c5012d
ffecfeebfe02fe42
ff94001400e50165
fdaafd9afd92fd9a
fd9afda2fda2fdaa
fd9afd9afd9afd9a
fd9afda2fda2fd9a
fda2fd9afd92fd92
fdaafdaafdaafdaa
fdb2fdb2fdaafdaa
fdb2fdc2fdbafdba
fdb2fdb2fdb2fdb2
fdb2fdc2fdc2fdba
fdc2fdbafdb2fdaa
fdc2fdbafdd2fdd2
fd19fd82fda2fdda
fd01fd21fcf9fcf9
fcc9fcf9fcd9fcc1
fce1fcd1fce1fcd1
fcd1fcc1fcc1fcc9
fd69fd69fd29fce9
fe7afe5afe22fdaa
0034ffb4ff2bfee3
026e0236018e007c
029f029702560256
0216024602560246
022e023602760246
02ff02cf023e023e
03b803a00367033f
037f037f033f033f
0317039003d803c0
028f02e7032f0367
ffdc00e500f501ae
fd8afd69fd69fea3
ffa4ffe4fe4afdc2
fdaafda2fd9afd9a
fd9afda2fdaafdaa
fd9afd9afd9afd9a
fd92fd92fd9afd9a
fdaafd9afd92fd92
fdaafdaafdaafdb2
fdbafdbafdb2fdaa
fdb2fdbafdbafdba
fdb2fdb2fdbafdba
fdb2fdc2fdc2fdba
fdc2fdbafdb2fdaa
fdd2fdaafdcafdc2
fd01fd59fd9afdc2
fcd9fd29fd19fd11
fce1fcf9fd11fcc9
fcc1fcd1fce1fcf1
fcf9fcc1fcc9fcd1
fdc2fd8afd61fd11
fed3fe62fe42fe0a
00cd0044ffecff8c
027e023601f6015d
027e0297027602a7
02360236024e027e
01f60216027e0226
02cf0276020e0246
03c00390034f0317
034f0357031f0367
0337037703b0036f
029702cf0347033f
0085021601ee023e
fd31fd11fde2ff4b
ffd4fe62fd09fdc2
fdaafda2fd92fd9a
fda2fda2fdaafda2
fd9afda2fda2fda2
fd92fd9afd9afd92
fdaafda2fd92fd92
fdaafdaafdaafdaa
fdb2fdb2fdb2fdb2
fdbafdbafdbafdba
fdbafdb2fdbafdb2
fdbafdc2fdcafdc2
fdbafdc2fdbafdb2
fddafdbafdc2fdc2
fd19fd19fd79fd92
fce1fd09fd41fd11
fcf1fce1fd21fd21
fcd1fcb9fcc9fcf1
fd31fcf9fcc9fcd9
feb3fe02fd92fd59
ff94fed3fe8bfedb
013d00e5011d00bd
0246020601de01ae
02970246024e0287
024e023e02a702c7
019e0236026e0246
02c7026602260236
03900337033f02f7
031f034f033f0388
030703270337031f
028f029f02c7030f
013d0226028f02b7
fd61fde2ff03ffb4
fe5afd21fda2fe83
fda2fd9afd92fd9a
fda2fda2fda2fdaa
fda2fdaafdaafdaa
fd9afda2fda2fd9a
fda2fda2fd9afd92
fdaafdaafda2fdaa
fdb2fdaafdaafdaa
fdb2fdb2fdaafdb2
fdc2fdbafdbafdb2
fdbafdc2fdcafdc2
fdc2fdc2fdbafdb2
fdcafdcafdb2fdd2
fd21fd21fd41fd92
fd39fd11fd51fd49
fce9fcf1fce9fd09
fce1fcd9fcb9fcc9
fd79fd41fcf9fcc9
ff43ff03fe4afdc2
00e50004ff73ff2b
016d012d01250196
0246021601be0186
02b7024601de022e
023e026602af02c7
01fe024e025e026e
029f026e022e025e
034f030f031f0297
0317033703370357
02b702ef02f702ff
0287022e025e0297
014d0226026e02a7
fe12fedbff7bffa4
fd8afd51fe5afe93
fd9afd9afd9afd9a
fda2fda2fd9afda2
fda2fda2fdaafdaa
fd8afd92fd92fd9a
fda2fda2fd9afd92
fda2fd9afda2fda2
fda2fdaafdaafda2
fdaafdaafdaafdaa
fdc2fdbafdbafdb2
fdbafdc2fdcafdca
fdc2fdbafdb2fdb2
fdbafde2fdaafdc2
fd51fd39fd41fd9a
fd09fd39fd19fd49
fcc1fcd9fcf1fce9
fcc1fce1fce9fcc9
fde2fd92fd51fcf9
ff5bff13ff23fe8b
0196011500bd001c
0186012d00ed016d
021e0226020601c6
02970266020e01fe
023e026e02870297
025e02560287025e
029f026e023e0206
02f702f702c7025e
033f033702ff0307
022e0266028702ef
01c601ae01de01f6
00c501ae02060216
ffccff4bff53ff9c
fdb2fdd2fe2afe72
fd9afd92fd92fd92
fda2fda2fda2fd9a
fda2fda2fda2fda2
fd8afd82fd92fd9a
fda2fda2fd92fd92
fd9afd9afda2fda2
fda2fdaafdaafda2
fdaafda2fdaafdb2
fdbafdbafdbafdb2
fdb2fdbafdc2fdc2
fdcafdaafdaafdaa
fd9afdc2fdb2fdaa
fd51fd49fd51fd71
fce9fd39fd31fd21
fcc9fcc1fce1fcf9
fd01fcd9fcd9fce9
ff0bfe42fdb2fd61
00a5ffe4ffa4ffb4
01650155015d0125
01d60186011d012d
020e01e601e601ee
0276025e021e0216
026e02760276026e
026e02560297028f
0266025e022e01ee
0297029702460266
02f702e702ef02b7
01b6020602060297
01550115016d0165
005c01550186015d
00fd002cff03ffc4
fd61fdcafdcafed3
fd9afd9afd92fd8a
fd9afd9afd9afd9a
fda2fd9afd9afd9a
fd92fd8afd92fd9a
fd9afd9afd92fd92
fda2fda2fd9afd9a
fda2fdaafdb2fdaa
fdaafdaafdaafdaa
fdb2fdb2fdb2fdb2
fdaafdbafdbafdba
fdc2fdaafd9afda2
fd71fdaafdbafda2
fd29fd49fd39fd59
fcd9fd19fd51fd11
fcf9fcd1fcc9fcf1
fda2fd69fcf9fce9
0024ff8cfea3fdf2
01860125007c001c
0155016501750196
01be01b6017d014d
020601fe01ce01c6
024e023e021e020e
02a7029702760256
027602a702c702bf
024e0256020e020e
0246024602160276
0246028f027e0226
016d01ae01ce022e
0085005c00dd00fd
002c00e500ed0095
001cff6bfef3ff6b
fd8afd51fd92fecb
fd92fd9afd9afd92
fd9afd92fd9afd9a
fda2fda2fd9afd9a
fd9afd9afd9afda2
fd9afda2fd9afd9a
fdaafda2fd92fd9a
fdaafdb2fdb2fdb2
fdaafdaafdaafdaa
fdb2fdb2fdb2fdb2
fdaafdb2fdbafdb2
fdc2fdb2fd9afda2
fd61fd92fdcafdba
fd21fd41fd49fd39
fd01fd01fd49fd59
fd31fd29fd11fcf9
fe1afdbafd92fd71
002c0004ffc4fed3
01be01c6017500f5
019601860165017d
01c601c601be01b6
020e020601ee01d6
022e022602160206
02e702b7027e023e
02af02df02e702ef
025e02460206024e
01d6022602360236
0206026e023e01b6
01050155017d01c6
ffdcffec00340074
ffcc00640014ffc4
ff23ff1bfe9bfefb
fd61fcf1fd92fe72
fd92fd9afd9afd9a
fd9afd92fd92fd9a
fdaafda2fd9afd9a
fda2fda2fda2fdaa
fdaafdaafdaafdaa
fda2fda2fd9afda2
fdaafdb2fdbafdb2
fdaafdaafdaafdaa
fdaafdb2fdb2fdaa
fdb2fdc2fdc2fdb2
fdbafdb2fda2fda2
fd49fd79fdc2fdda
fd51fd09fd51fd51
fd11fd41fd41fd69
fd49fd09fd01fcf9
ff4bfe4afdd2fda2
01250044fff4fff4
018601ae01ae017d
01be01b601ae0175
01d601ee01fe01d6
01ee01e601d601de
022601fe01de01e6
02d702af02760236
02cf02d702f702f7
0276022e022e0297
01a6024e0256024e
01d6020e01de01a6
00a500c50115014d
ff3bff73ffac0024
ff84ffbcff53ff5b
ff13fe8bfe5afec3
fcd1fce1fd82fe22
fd9afda2fda2fd9a
fd9afd92fd92fd9a
fdaafda2fd9afd92
fdaafda2fda2fdb2
fdb2fdbafdb2fdaa
fdaafdaafda2fdaa
fdaafdbafdc2fdb2
fdaafdb2fdb2fdaa
fda2fdaafdb2fdaa
fdb2fdbafdbafdaa
fdb2fdbafda2fda2
fd59fd71fdaafdca
fd39fd01fd21fd79
fcf1fd21fd11fd21
fd9afd59fd11fcf9
ffecff6bfe72fdf2
017501350074fff4
0196017d0186017d
01d601c601de01ce
0206020e020e01fe
01f601ee01f601fe
0216020601de01ee
02cf029f025e0236
02d702d702e702cf
02660246028f02bf
01ee02560266028f
0175019e016d018e
003c0074009d00f5
feabff13ff5bffc4
ff2bff03feabfedb
fe8bfe22fe32feab
fca1fd21fda2fdf2
fd92fd9afda2fd9a
fd92fd92fd8afd92
fdb2fda2fd9afd9a
fdaafda2fdaafdb2
fdb2fdb2fdaafdaa
fdb2fdb2fdaafdb2
fdbafdbafdc2fdba
fdb2fdbafdbafdb2
fd9afda2fda2fda2
fda2fdaafdaafd9a
fdb2fdbafdaafd9a
fd9afd79fd9afdba
fd39fd31fce9fd41
fd09fd09fd29fd09
fe02fda2fd61fd31
ffecffc4ff6bfe9b
017d016d012d009d
01d6019e0165016d
021601ee01ee01f6
020e020e021e022e
01ee01f601f60206
020601fe01fe01fe
028f027602560226
02b702c702d702a7
026e027602b702c7
01de023602560256
00fd011d0125014d
ff94ffdc004c00e5
fe1afe6aff03ff43
fe7afe6afe22fe1a
fdcafdf2fdeafe72
fcb9fd01fd31fd82
fd92fd9afd9afd9a
fd92fd8afd8afd8a
fdb2fda2fd92fd9a
fdaafdaafdaafdba
fdb2fdb2fdaafda2
fdbafdb2fdb2fdb2
fdbafdbafdbafdba
fdbafdc2fdc2fdba
fd9afd9afda2fdb2
fda2fdaafda2fdaa
fdb2fdb2fdbafda2
fd8afdbafd9afdba
fd29fd41fcf9fce1
fd39fd19fd21fd21
fea3fe12fdaafd61
00a5ffdcffb4ff5b
017501650155012d
01de01ce01a60186
023e0216020e01fe
0206021e02360246
0206020601f60206
01fe0206020601f6
0287026e02460226
02b702af02bf0297
028702a702bf02cf
01c6021e022e0256
00b500a500ed0125
fee3ff2bfffc0074
fdc2fe12fe3afebb
fe0afe0afd92fd8a
fdeafe02fd82fe3a
fcf9fd11fd09fd8a
fd8afd92fd9afd9a
fd8afd8afd8afd82
fdaafda2fd92fd92
fdaafdb2fdaafdaa
fdaafdaafdaafd9a
fdbafdb2fdb2fdb2
fdc2fdc2fdbafdba
fdc2fdcafdc2fdca
fd9afd9afdaafdba
fda2fdaafdaafdaa
fdc2fdb2fdd2fdb2
fd41fdcafdaafdca
fd29fd29fd21fcd1
fd49fd21fd29fd39
ff4bfec3fe52fdca
010d008dffdcff9c
017d0155014d0135
01ee01d601ce01b6
0246022e021e0206
0216022e02360236
0216020e01f60206
021e020e01fe0206
0287026e024e0236
029702a702970287
029702b702af029f
01ae020e021e0256
004c009d00ad011d
fe7aff03ffc4002c
fda2fdf2fdfafe5a
fd61fd8afd51fd31
fda2fe42fd92fdea
fcd9fd01fd21fd79
fd92fd92fd9afd9a
fd8afd8afd82fd8a
fda2fd9afd92fd8a
fdaafdb2fda2fd9a
fda2fda2fda2fda2
fdb2fdaafdaafdaa
fdc2fdc2fdb2fdb2
fdcafdd2fdd2fdd2
fd9afd9afdb2fdba
fda2fdaafdaafda2
fddafdc2fdd2fdca
fcf1fdc2fdcafdc2
fd39fd41fd41fd09
fde2fd51fd39fd49
ff94ff4bfee3fe6a
012500ed0074ffd4
0196016d013d012d
01ee01e601e601c6
0246023e022e0216
022e023e023e0236
01fe020602160226
021601f601f601fe
0276025e0256022e
027e027e026e0287
026e027602870287
019601de02160246
001c006c0095013d
fea3ff13ff8cffac
fd82fd92fdc2fe32
fd31fd29fcf1fd19
fd11fe6afdc2fd71
fca9fd01fd21fd49
fd9afd9afd9afd9a
fd92fd8afd8afd92
fd9afd92fd8afd92
fda2fda2fda2fda2
fd9afd9afda2fda2
fda2fda2fd9afd9a
fdcafdbafdbafdaa
fdc2fdcafddafdd2
fd9afd9afdaafdba
fdaafdaafdaafda2
fdd2fdb2fdc2fdda
fcf1fd82fdeafde2
fd59fd51fd59fd51
fe7afdeafd51fd51
ffbcff73ff3bfedb
00f500ed00b50044
01ae017d014d010d
020e020601ee01ce
0246024602360226
022e022602260236
020e020602160226
020e020601f60206
02560246024e022e
0256025e026e025e
0226023e02560246
015d01ae01f6020e
0004002c00a50145
fec3ff23ff43ff6b
fd51fd71fdaafe2a
fd11fd01fcd9fd31
fcc9fdb2fdf2fd49
fca9fd21fd19fd11
fd9afd9afd9afd9a
fd92fd92fd92fd92
fd9afd9afd92fd92
fd92fd9afda2fd9a
fd92fd9afda2fda2
fda2fd92fd9afd9a
fdcafdc2fdbafdb2
fdbafdc2fdcafdca
fd9afd92fda2fdb2
fdc2fdaafdaafda2
fdd2fdc2fdbafdd2
fd49fd31fde2fdca
fd61fd69fd49fd69
fef3fe8bfdeafd41
002cffacff63ff33
00f500dd00bd008d
01ae01860155011d
020e01f601d601c6
024e023e0236022e
022e022e022e023e
020602060226022e
01fe01fe01ee01fe
02360226021e01fe
022e021e0236023e
01e60206021e021e
016501be01d601e6
fffc002400b50105
fe8bfedbfecbff3b
fd29fd8afdaafe2a
fd01fce1fcf9fd21
fca9fd49fe3afcf9
fcc9fd11fcf1fcf1
fd9afda2fd9afd9a
fd92fd92fd9afd9a
fd9afd9afd9afd9a
fd92fd9afda2fd9a
fda2fda2fda2fd9a
fdaafd9afd9afd9a
fdc2fdbafdbafdaa
fdb2fdc2fdc2fdc2
fd92fd92fda2fdaa
fdc2fd9afd9afd9a
fddafdeafdc2fdc2
fd8afd19fd82fdca
fd59fd79fd69fd69
ff3bfefbfe83fdd2
006c0004ff9cff53
011500e500b5009d
01b60186014d012d
01f601d601ce01be
022e02260216020e
022e0236022e022e
020e021e0236022e
01fe01f601ee01fe
0206021601f601fe
020601ee01f601fe
01d601d601be01f6
014d019601be01ce
ff84ffec00a500d5
fe4afe9bfea3ff03
fd19fd8afdcafe1a
fcc1fce9fd09fce9
fc91fd19fe02fd11
fcd9fcf9fd01fce1
fda2fd9afd92fd92
fda2fd9afd9afda2
fd9afd9afd9afd9a
fd92fd92fda2fd9a
fda2fdaafdaafd9a
fda2fda2fd9afd9a
fdb2fdaafdb2fdaa
fdaafdbafdbafdba
fd92fd92fda2fda2
fdcafda2fd92fd92
fdd2fe02fdd2fdca
fd92fd69fd29fdc2
fdc2fd8afda2fd71
ff6bff3bfee3fe72
007400540024ffdc
012d010500b50095
0196017501550135
01ce01be01be01b6
0206020601f601e6
022e022602260216
021e022602260226
01ee01e601f60216
01f601ee01ee01f6
01de01e601de01e6
01a601b601ae01c6
013d0175018e0196
ff84ffec008500bd
fe12fe52fe72fefb
fd79fdbafdaafdca
fca9fce1fcd1fce9
fc81fd31fd79fd69
fcf1fcf1fd21fce9
fda2fda2fd9afd92
fda2fda2fda2fda2
fd92fd92fd92fd9a
fd92fd92fd9afd9a
fda2fdaafda2fd9a
fdaafda2fd9afda2
fdb2fdaafdb2fdb2
fd9afdaafdb2fdb2
fd8afd92fda2fda2
fdd2fdbafd8afd8a
fde2fdf2fdf2fdba
fd82fda2fd49fdaa
fe6afda2fd9afd92
ffecff84ff43fef3
0074007c006c0044
0145010500cd008d
0186016d0155013d
01ae01a6019e0196
01e601ee01d601be
020e01fe01ee01e6
020e0216021e0226
01ee01ee01fe0206
01e601de01ee01ee
01c601d601d601e6
015d0175019e01b6
010501550155016d
ff94ffe4006c00c5
fe02fe12fe5afef3
fd69fd82fd69fdc2
fcf1fcb9fcb9fce9
fc89fd21fd01fd49
fce1fce1fd11fcd9
fda2fd9afd9afd9a
fd9afda2fda2fd9a
fd8afd8afd92fd9a
fd92fd8afd8afd8a
fda2fda2fda2fd9a
fdb2fdaafda2fda2
fdb2fdb2fdb2fdb2
fd9afda2fdaafdb2
fd8afd9afda2fda2
fde2fdc2fd8afd8a
fde2fdd2fe0afde2
fd79fdaafd82fd79
fedbfe0afd59fda2
003cfffcff94ff4b
007c007c0074005c
012d00fd00d50095
0175015501450145
0186017d01750165
01ce01be01b60196
01f601ee01ee01d6
01f601fe01fe01fe
01fe01f601f601ee
01d601d601e601f6
01b601c601ce01d6
015d017d019601ae
010501250125014d
ff73ffbc000c009d
fdf2fe12fe6afefb
fd51fd61fd71fdba
fd01fcb1fcc9fd09
fca9fd21fcb1fd31
fcb1fcd9fcd1fca1
fda2fd9afd9afd9a
fda2fda2fda2fda2
fd92fd92fd92fd9a
fd92fd8afd8afd92
fd9afda2fd9afd9a
fdc2fdbafdb2fdaa
fdaafdaafdaafdba
fda2fdaafdb2fdaa
fd92fd92fd9afd9a
fe02fdbafda2fd92
fdd2fde2fe12fe2a
fd9afd9afdcafd79
ff13fe72fd59fd51
005c002cfff4ff94
0085006c006c0064
010d00f500dd00ad
01650135012d012d
0175015d013d014d
01be01ae01a60196
01f601fe01ee01d6
01f6020601f601f6
01f601f601f601f6
01ce01de01ee01f6
01a601a601be01ce
0155017501860196
00e500c500fd0125
ff84ffbc000c00ad
fdf2fe22fe93ff0b
fd31fd61fd9afdba
fcc1fd09fd11fd31
fcb9fc99fca1fcd9
fcb9fcc9fcb1fc91
fda2fd9afd9afd9a
fda2fda2fda2fda2
fd92fd9afd9afd9a
fd92fd8afd8afd8a
fdaafda2fd92fd92
fdcafdcafdbafdb2
fdaafdaafdaafdba
fda2fdaafdaafdaa
fd92fd8afd9afda2
fe02fdcafdb2fd92
fdbafdf2fe0afe4a
fd71fda2fddafdaa
ff2bfe93fddafd11
00740054002cffcc
0085006c006c0074
00fd00e500cd00bd
014d011d011d010d
018e016d014d014d
01de01ce01c601b6
01f601fe01f601f6
01fe0206020601fe
01f601fe01f601f6
01be01de01e601ee
01a601a601a601ae
0145016d017d0196
00c500bd00e50115
ff7bffa4002400c5
fdcafe4afec3ff13
fd39fd61fd92fdca
fcc9fd39fd82fd41
fcb1fc78fcb9fc81
fcc1fcb9fc99fca1
fd9afd92fd9afd9a
fd9afd9afd9afd9a
fd92fd9afd92fd9a
fd92fd8afd8afd8a
fdb2fda2fd9afd9a
fdcafdd2fdbafdb2
fda2fdaafdaafdba
fda2fdaafdb2fdaa
fd8afd8afd9afda2
fe0afddafdbafd92
fdcafe0afdfafe52
fd59fda2fdc2fdea
ff23fe8bfe02fd82
008d0074003cffd4
007c006400640085
00e500bd00bd00ad
013500dd00d500e5
01be019e016d014d
01ee01f601ee01de
0206020e02160206
01fe01fe02060206
01ee01f601f601fe
01b601c601d601e6
018e019601ae01ae
0145015d0175017d
00d500fd01050115
ff84ff73003400bd
fddafe7afeebff23
fd19fd61fdb2fd9a
fcd9fd09fd19fd39
fcd1fcb9fcc9fca9
fcc1fcb9fc89fcc1
fd92fd92fda2fda2
fd9afd9afd9afd92
fd8afd9afd9afd9a
fd92fd8afd82fd8a
fdb2fda2fda2fda2
fdcafdcafdc2fdba
fda2fdaafdaafdc2
fdaafdaafdaafdaa
fd82fd82fd92fda2
fe12fdeafddafd92
fdc2fdfafde2fe32
fd69fdc2fdb2fdca
ff2bfea3fe0afd79
00a5007c002cffb4
007c005c005c007c
009d0085009d00a5
010500740054007c
01b6019e01550105
020601fe01fe01f6
01ee01e601f601f6
01f601ee01ee01ee
01de01de01fe020e
019e018e01ae01ce
0196019e01a601a6
013d015d016d017d
012d01350135011d
ff6bff94006c00e5
fe0afe72fefbff63
fdf2fdbafd71fd82
fce9fce9fcc9fd21
fcc9fcc9fca1fca1
fcb9fca1fc89fcd1
fd9afd9afda2fda2
fd92fd92fd9afd92
fd8afd8afd8afd92
fd92fd92fd8afd8a
fdb2fda2fdaafda2
fdcafdcafdcafdba
fdaafdb2fdbafdc2
fdaafda2fda2fda2
fd8afd82fd82fd9a
fe22fdeafddafdaa
fdaafdd2fdfafe12
fcf1fd79fdeafdba
ff03fe6afdc2fd21
00950064ffecff7b
0074004c0054007c
000c003400850095
0064ffe4ffdcffec
015d012d0105006c
01a601a601b6019e
0175017d017d017d
018e016d015d016d
01ae01c601d601c6
0175017d019601ae
018e018e018e0186
0135014501750186
016d015501350135
ff8c002400fd014d
fe22fe7aff13ff7b
fd51fd61fd79fdb2
fcc9fd09fd92fd49
fc91fc91fc99fcb9
fcb9fc70fc78fcb1
fd92fd92fd9afda2
fd92fd8afd92fd92
fd92fd8afd8afd92
fd92fd92fd92fd92
fdaafda2fda2fda2
fdcafdcafdc2fdba
fdb2fdbafdb2fdc2
fdaafdaafda2fdaa
fd82fd82fd8afda2
fe1afdfafde2fdc2
fdcafd8afdfafdca
fcd9fce1fdbafdd2
feabfe22fdc2fd29
008d0034ff94ff1b
00740054005c0085
ff7bfffc0044008d
ffa4ff5bff84ff7b
002cfff4ffd4ffdc
008d009d00bd0095
009d00a50085007c
008d0044006c0085
018e0165013500f5
015d016d01860196
017d017d0175016d
014d014d0155016d
018e01750145013d
ffcc00fd018601a6
fe6afee3ff4bff94
fd11fd09fd82fe02
fc99fcc1fcf9fd01
fca9fc91fca1fca1
fca1fc50fc91fc99
fd8afd92fd9afda2
fd92fd92fd92fd92
fd92fd8afd8afd92
fd92fd8afd8afd92
fdaafdaafda2fd9a
fdc2fdbafdbafdb2
fdbafdc2fdbafdba
fdaafdaafdb2fdb2
fd92fd82fd92fd9a
fe22fdfafddafdc2
fdf2fd9afdf2fdf2
fd09fcb1fd51fe02
fe9bfe32fdbafd71
0085fffcff53feeb
00850054006c009d
ff6bffb4003c008d
ff43ff23ff23ff3b
febbfedbff2bff5b
ff33ff43ff3bfef3
ff53ff43ff5bff4b
ffc4ff84ff6bff73
00dd00a50034fffc
014d015d014d0125
015501550155014d
013d0155014d015d
01be01860145012d
0085019601ce01d6
fecbff4bff8cffe4
fcf1fd11fd69fe1a
fc81fca1fcc1fd01
fc91fc70fc58fc68
fc81fc60fca1fc89
fd8afd92fd9afda2
fd8afd8afd8afd8a
fd9afd92fd8afd8a
fd92fd92fd92fd9a
fda2fda2fda2fd9a
fdb2fdb2fdaafda2
fdc2fdcafdcafdc2
fda2fda2fdb2fdba
fdaafd82fd92fd9a
fe2afe0afdeafde2
fe22fdd2fdfafdf2
fe3afd79fd19fdea
ff03fecbfe6afe7a
006cffccff5bff13
00850054007c00ad
ff5bffdc005c008d
ff3bff3bff1bff33
febbfeebff2bff3b
fe3afe52fe32fe6a
feabfe52fe52fe2a
ff84ff53ff23ff13
001cffecffbcffb4
012500f500bd0074
01450145014d013d
0135013d013d0145
01ae017d0155011d
014d01ce01e601d6
fee3ff63001c007c
fd01fd31fd9afe42
fca9fcc1fcb1fcd1
fc58fc58fc58fc91
fc70fc78fc99fc50
fd8afd92fd92fd9a
fd8afd8afd82fd8a
fda2fd9afd92fd8a
fd9afd9afd9afda2
fda2fdaafda2fda2
fdaafdaafdaafda2
fdcafdcafdcafdc2
fd9afda2fdb2fdc2
fdd2fd9afd8afd9a
fe22fe22fdfafdfa
fe02fde2fdcafdf2
ff53fe4afd11fd51
0004ffe4ffc4ffd4
005cffe4ffc4ffe4
0064004c008500ad
ff94fffc00440074
ff4bff43ff3bff23
fe93ff3bff7bff63
fe0afdf2fdfafe12
fef3fe8bfe5afe2a
ff94ff6bff43ff33
ffe4ff8cff94ff9c
00ed0095003c0024
011d012d012d0115
00fd0115011d011d
01a60175014d0115
01a601d601e601ce
feebffd400a50105
fd19fd71fddafe52
fc89fca1fcc9fce9
fc68fc89fc68fc89
fc60fc81fc78fc30
fd8afd92fd9afda2
fd82fd8afd82fd82
fda2fd9afd92fd8a
fda2fda2fda2fdaa
fda2fdaafdaafda2
fdb2fda2fda2fda2
fdc2fdc2fdd2fdca
fd92fd9afda2fdba
fdc2fd92fd82fd9a
fe12fe1afe0afdea
fddafe02fddafdfa
ff84fe6afcf1fcb1
00a500740064001c
0074006400ad00c5
0054005c008d00a5
000400240044005c
ff94ff84ff94ffa4
ff63ffb4ffdcffc4
fe6afe5afe9bfecb
ff43ff43fefbfeab
ff9cff9cff84ff63
ffb4ffe4ffbcffb4
00ad0074000cffcc
00f500ed00e500cd
00d500cd00e500f5
019e016d0135010d
01c601e601d601b6
ff53005c00e50165
fd39fd8afdfafe83
fcc9fd01fd09fd09
fc78fc91fc70fcb9
fc60fc99fc78fc28
fd8afd92fd9afda2
fd79fd82fd82fd82
fda2fd9afd92fd82
fda2fdaafdb2fdaa
fda2fdaafdaafdaa
fdb2fda2fd9afd9a
fdbafdbafdc2fdba
fd92fd9afd9afdaa
fdcafda2fd8afd9a
fdeafe22fe02fdea
fd92fe1afdd2fde2
ff73fdfafc91fc68
00ad00ad008d0034
009d00e500e500b5
003c0054008d0095
002c001c00340044
0004ffd4ffcc0004
001c003c0044002c
ff73ff7bffccffec
ff9cffa4ff84ff63
ffecffdcff9cff8c
ffd4ffe4ffccffec
0024fff4ffccffb4
00bd0095008d005c
00c5008d008d00ad
01750135010500e5
01e601ee01c6019e
ffcc0085013501b6
fd69fdcafe42fefb
fce9fce9fd19fd31
fc89fcd9fcc9fce1
fc81fc99fc81fc38
fd92fd9afd9afd9a
fd82fd82fd79fd82
fda2fd9afd8afd82
fdaafdb2fdbafdaa
fdaafdaafdaafdaa
fdaafda2fda2fda2
fdaafdb2fdb2fdb2
fd8afd92fd92fda2
fdc2fdaafd92fd92
fdfafe22fe12fdf2
fd19fe1afdcafdea
feebfcf1fc48fc40
00d500c500950004
00d500dd00c500bd
0024004c007c008d
fffcfffc000c0014
0014fff4ffe4ffec
00640074006c004c
000c0024003c0054
ffe4ffdcffecfff4
ffd4ffdcffe4ffe4
ffacffccffd4ffcc
ffccff9cff84ff7b
003c001cffecffdc
0095006c002c0024
0155011500dd00b5
01f601d601ae017d
fffc00cd018601ee
fdb2fe32fec3ff94
fd01fd21fd51fd51
fc78fcc1fca9fcc9
fca9fc81fc50fc38
fd9afd9afd9afd9a
fd8afd8afd82fd8a
fda2fd92fd82fd8a
fdaafdb2fdb2fdaa
fda2fdaafda2fda2
fda2fda2fdaafdaa
fd9afd9afdaafdaa
fd82fd8afd92fd9a
fddafdb2fd9afd8a
fdfafe2afe12fdea
fcb1fdfafde2fdf2
fdc2fc40fc30fc30
00e500cd0074ffac
00d500e500dd00dd
0004003c005c009d
ffc4ffd4ffdcffec
ffe4ffc4ffbcffc4
006400640054002c
002c005400640064
fffc0004001c001c
ffacffc4ffdcffec
ff73ffa4ffbcffac
ff6bff53ff4bff4b
ffb4ffacff84ff73
006400540004ffdc
013d00fd00c50095
01e601b6019e0175
006c012d01c601f6
fe12fe8bff2bfffc
fca1fcd9fd51fdaa
fc58fcb1fcb1fca1
fca1fc70fc48fc30
fd9afd9afd9afd9a
fd92fd8afd8afd92
fd9afd8afd82fd8a
fda2fda2fdaafda2
fdaafdaafd9afda2
fdaafdaafdb2fdaa
fd9afd9afda2fda2
fd8afd82fd82fd92
fdf2fdbafd9afd92
fdcafe2afe12fdf2
fc78fdb2fe02fdd2
fc99fc30fc40fc38
00bd00950014feb3
00ed00ed00d500c5
ffec0024004400ad
ff73ff94ffacffc4
ff9cff63ff5bff63
00440034001cfffc
0064007c00740064
fffc0014001c0044
ff94ffb4ffc4ffe4
ff4bff5bff7bff84
ff2bff2bff3bff43
ff6bff63ff63ff3b
00340004ffccffa4
011d00e500ad006c
01be019e017d0155
00d5018601ce01d6
feb3febbff4b003c
fcf9fd51fd71fe12
fc70fcb1fc99fc78
fc99fc81fc58fc58
fd9afda2fd9afd9a
fd8afd8afd92fd92
fd92fd8afd8afd92
fdaafda2fd9afd9a
fdb2fdaafdaafdaa
fdaafdaafdb2fdb2
fd9afd9afd9afda2
fd8afd82fd82fd92
fddafdbafd9afd92
fdaafe2afe22fdfa
fc58fd51fe2afdd2
fc38fc28fc38fc40
001cffbcff33fda2
00b5009d007c005c
ffec0034004c00b5
ff33ff53ff8cffb4
ff4bff03ff0bff1b
00040004ffdcffb4
008d0074006c0044
000c0034005c0085
ff94ffacffd4fff4
ff23ff3bff53ff7b
ff0bff13ff13ff0b
ff3bff23ff23ff1b
001cffccff8cff53
011500dd0095005c
01ae01860165013d
00f501ae01ce01be
fe7afee3ff9c007c
fd29fd41fdbafe62
fce1fcc9fcd9fcf1
fc81fcb1fd09fcf9
fd9afda2fd9afd9a
fd8afd8afd92fd92
fd92fd92fd92fd92
fdaafdb2fda2fd9a
fdb2fdb2fdb2fdb2
fda2fdaafdb2fdb2
fd92fd92fd9afda2
fd8afd82fd82fd8a
fdd2fdcafda2fd92
fdbafe12fe1afdf2
fc48fd01fe2afdfa
fc38fc28fc38fc50
ffd4ff8cff33fdaa
003c0024fff4ffec
001400440024004c
ff0bff33ff6bffbc
fefbfecbfecbfee3
ffccffccffacff73
0074003c000cffdc
0024004c0074008d
ffb4ffccffdcffec
ff3bff4bff7bff94
fef3fefbff03ff1b
ff23ff13fefbfefb
0004ffbcff73ff33
012500dd008d0044
019e018e01750155
00e5019601c601ae
fe93ff43fff4007c
fd39fda2fde2fe12
fd71fd31fd49fd09
fc91fd01fe42fe4a
fd9afd9afd9afda2
fd8afd8afd8afd92
fd9afd9afd92fd8a
fdb2fdb2fda2fd9a
fdaafdb2fdaafdb2
fd9afd9afda2fdaa
fd8afd8afd8afd92
fd8afd82fd79fd82
fdf2fdd2fdaafd92
fdb2fdeafe0afdf2
fc40fce1fe02fe12
fc40fc20fc30fc58
fea3fe83fe3afd09
ffecff9cfea3feab
0054006cfff4ffa4
fee3ff13ff63ffe4
febbfea3fea3feb3
ff1bff84ff6bff1b
0034ffecff94ff1b
0014003c0054005c
ffacffccffe4ffec
ff53ff6bff84ff94
fee3fee3fefbff23
ff2bff0bfef3fef3
001cffdcff94ff5b
012d00fd00ad0064
019601860175014d
00f5016d019e0196
feebff9c002c0085
fd92fddafe1afe5a
fe72fdcafd92fd79
fca9fd59fe52febb
fd92fd9afd9afda2
fd8afd82fd8afd92
fd9afd92fd92fd92
fdbafdb2fda2fda2
fda2fdaafdb2fdba
fd92fd9afda2fdaa
fd82fd82fd8afd8a
fd82fd82fd79fd79
fdfafddafdb2fd92
fd9afddafe02fdea
fc48fce9fde2fe32
fc58fc30fc30fc58
fd19fcc9fca1fc81
fee3fe0afd61fd59
009500a5ffecfeeb
feabfee3ff53000c
fe8bfe83fe83fe83
fe1aff13ff0bfeb3
ffd4ff94fed3fdc2
ffa4ffc4ffd4ffe4
ff13ff4bff84ff94
ff13ff13ff0bff03
fec3fecbfeebff0b
ff6bff1bfeebfebb
004c000cffdcffac
0135010500d500a5
017d017d016d0145
00cd014d016d0175
ff0bffa40034008d
fdaafdcafe12fe83
fe52fe4afdeafdaa
fca9fd79fe2afe42
fd8afd92fd9afd9a
fd92fd92fd92fd92
fda2fd9afd9afd9a
fdb2fdaafda2fda2
fda2fdaafdb2fdb2
fd92fd9afda2fda2
fd79fd82fd8afd8a
fd82fd79fd79fd79
fdf2fde2fdbafd9a
fdbafdd2fdfafde2
fc48fd01fddafe2a
fc70fc50fc48fc60
fd01fcb1fc99fc81
fe52fdaafd59fd59
00b500cd0054ff23
fe83fecbff63002c
fe62fe6afe7afe62
fd79fe7afee3fe9b
ff6bfeebfd79fce1
ff13ff0bff1bff4b
feb3fee3feebfeeb
fe7afe8bfe9bfea3
fe72fe83fe83fe7a
ffccff43fec3fe7a
009d007c006c002c
013d011d010500dd
015501650165014d
00850135015d0155
ff0bffa400740085
fdcafdd2fe22fea3
fdeafdf2fddafde2
fcc9fd31fdeafe2a
fd8afd92fd92fd92
fd9afd9afd9afd92
fd9afda2fda2fda2
fdaafdaafda2fd9a
fda2fda2fdaafdaa
fd92fd9afda2fda2
fd79fd82fd8afd8a
fd82fd79fd79fd79
fdeafde2fdc2fda2
fdaafdbafdfafde2
fc60fd11fdcafe1a
fcb1fc70fc58fc50
fd01fd01fd09fce9
fe9bfdf2fdbafd69
00fd00ed00b5ffa4
fe62fee3ffd4006c
fe4afe42fe4afe5a
fddafe62fe93fe62
fdf2fd29fcc1fd39
ff03ff03fecbfe83
fe93fedbfeebfebb
fd61fd59fdaafe1a
feb3fe52fe0afdaa
008d0034ffbcff1b
00fd010500e500bd
013d012d012d0115
01550135013d014d
005400e5013d014d
fedbff73007c0085
fdbafddafe22fe93
fe02fdbafd92fda2
fcd1fcf1fd82fe12
fd92fd92fd8afd92
fda2fd9afd9afd9a
fd9afd9afd9afd9a
fda2fda2fd9afd92
fdaafdaafda2fd9a
fd8afd9afda2fdaa
fd82fd8afd8afd8a
fd79fd79fd79fd79
fdf2fdeafdc2fda2
fd9afd9afdf2fdda
fc99fd19fda2fdfa
fd11fc68fc30fc50
fd71fd8afd82fd61
fefbfe5afdbafd82
0196018e0115001c
fe52ff2b008d011d
fe32fe42fe52fe3a
fe02fe4afe4afe32
fca9fca1fce1fd69
fdb2fd69fd19fcd9
fd92fe02fe3afe2a
fdfafd61fd01fd31
004cff5bfeabfe42
01550155010d00dd
013d013d01450145
0145014501450145
01350155013d012d
004400ad00f5012d
feebff8400740074
fd79fdc2fe2afea3
fdf2fdb2fd79fd79
fcb9fc99fd09fdda
fd9afd9afd92fd92
fd92fd9afd9afd9a
fd92fd92fd92fd92
fda2fd9afd9afd92
fdb2fdaafda2fd9a
fd92fda2fdaafdb2
fd82fd8afd8afd8a
fd82fd71fd79fd79
fdf2fde2fdc2fda2
fd71fd79fdfafdda
fc99fd39fd9afdfa
fd92fcb1fc28fc60
fe2afe22fe12fde2
ff63fed3fe83fe42
023e020e019600ad
fe8bffb401050196
fe3afe42fe62fe52
fdeafe12fe22fe2a
fca1fce1fd51fdca
fd21fcf1fce1fcd1
fd8afdc2fdaafdb2
fe7afdfafdf2fdca
016500dd000cff33
01ae01be01a60196
015d0165017d0196
01450145014d014d
010d013d01450145
004400bd00cd00e5
ff0bffac0064004c
fd82fda2fe02fe93
fd8afd82fdbafd82
fcc1fc99fca9fd49
fd9afd9afd92fd8a
fd8afd92fd92fd92
fd8afd92fd92fd8a
fdaafdaafda2fd92
fdc2fdbafdb2fdaa
fd9afdaafdb2fdba
fd82fd8afd8afd92
fd92fd79fd71fd79
fddafddafdcafdb2
fd51fd49fdf2fde2
fcb9fd39fd79fdea
fdfafd21fc50fc50
fea3fe8bfe7afe52
ffc4ff3bfeebfec3
027e024601e60115
ff23007401ae0236
fe52fe52fe5afe72
fdeafe12fe2afe2a
fd21fd82fdd2fdea
fdaafd59fd01fcf9
fddafdeafdcafdda
ff8cfea3fe2afda2
01a6016d00f5006c
01c601d601ce01b6
0165016d018e017d
014d014d01550165
00ed011501250135
002400ad00e500c5
ff0bffac0064003c
fda2fd9afdeafe6a
fd49fd71fdbafdc2
fcb9fca1fc91fcd1
fd9afd9afd92fd8a
fd8afd8afd92fd9a
fd92fd92fd8afd82
fdb2fdb2fdaafd9a
fdc2fdc2fdbafdba
fda2fda2fdb2fdc2
fd79fd8afd8afd9a
fd92fd82fd71fd79
fddafddafdcafdb2
fd69fd29fdf2fdea
fce1fd39fd79fdba
fe7afdbafc70fc60
ff03fedbfecbfe9b
0044ff84ff5bff2b
026e0256020e0165
ffb40125021e025e
fe52fe52fe52feab
fe1afe42fe42fe22
fddafe0afe12fe02
fd41fd49fd41fd8a
fdcafd9afd69fd59
00bdfff4fef3fe12
01c601ae01650135
01ce01d601ce01d6
015d017d018e018e
012d014501450145
00e5010d01150115
fff4008500e500cd
ff0bffa400440034
fdd2fdcafdf2fe52
fcf1fd92fdc2fdca
fcb1fcb1fca9fca9
fd9afd92fd92fd8a
fd8afd92fd9afd9a
fd9afd9afd92fd8a
fdb2fdbafdbafda2
fdbafdc2fdbafdba
fd9afd9afdaafdb2
fd79fd79fd8afd9a
fd92fd8afd82fd79
fddafde2fdcafdba
fd69fd19fe02fdd2
fcf1fd51fd79fdaa
fedbfe3afca9fc81
ff43ff13ff23feeb
00c5ffd4ff7bff7b
026e025601f6018e
002c017d0256026e
fe62fe72fe9bff2b
fe5afe6afe5afe5a
fe3afe4afe32fe32
fdc2fdeafdeafdf2
fecbfe52fe12fde2
013d00d5003cff94
01b601ae018e017d
01a601be01ae01c6
0135013d0165017d
013d013d01350125
00e500fd011d011d
fff4005400b500d5
fefbffa4001c0034
fdfafddafdfafe5a
fd09fdbafddafdd2
fcb9fcc1fca1fc91
fd92fd8afd8afd8a
fd92fd92fd9afd9a
fda2fd9afd92fd92
fdb2fdbafdb2fdaa
fdbafdbafdb2fdb2
fd9afda2fda2fdb2
fd79fd79fd92fd9a
fd9afd82fd8afd82
fdcafde2fddafdc2
fd51fd01fdf2fdc2
fce9fd49fd69fda2
ff33febbfcf9fc99
ff5bff4bff2bff33
011d0024ff73ff5b
0266022e01ee01ae
00bd01fe0266025e
fe83fe9bff03ffac
fe7afe83fe8bfe8b
fe8bfe72fe4afe6a
fe6afe7afe6afe72
ffecff6bfefbfe93
0135010d00d50054
019601a601960175
0165016d017d0196
010d01250135014d
0115012d012d010d
00c500c500e50105
0014004c009500b5
ff1bff9cffe40024
fdfafde2fe0afe6a
fd09fdf2fe1afe02
fcc1fcc1fc91fc68
fd92fd92fd82fd8a
fd9afd9afd9afd9a
fdb2fdaafda2fd9a
fdb2fdb2fdb2fdb2
fdb2fdaafdaafdaa
fda2fdaafda2fdaa
fd82fd82fd92fd9a
fda2fd79fd8afd9a
fdd2fddafddafdda
fd01fcf1fdeafdc2
fce1fd31fd59fd82
ff73ff13fd31fcc1
ff73ff53ff43ff6b
0155005cffa4ff73
025e022e01f601c6
015d0226025e023e
fe7afecbff7b0054
fe9bfe9bfe9bfe72
febbfe93fe93feab
ff03fedbfeb3fec3
0034000cffecff63
0125012500f5008d
014d015501650155
012d013d014d0145
011d012d012d0135
010d01150115010d
00bd00c500bd00ed
0034005c009d00ad
ff33ffc4ffec0034
fdfafe12fe32fe93
fd29fe1afe4afe1a
fcc9fca9fc81fc70
fd92fd92fd92fd92
fd9afd9afda2fd9a
fdb2fdb2fdaafda2
fda2fdaafdb2fdba
fdaafdaafdb2fdaa
fda2fdaafda2fdaa
fd92fd8afd92fd9a
fdb2fd9afd92fd9a
fdcafddafdcafdca
fcd1fcf1fdfafdc2
fcd9fd31fd39fd61
ff8cff23fd41fca9
ff63ff5bff73ff9c
017d00c5ffccff6b
02560246021601ce
01fe024e02660256
fea3feebffdc00fd
feb3fea3feabfeab
fed3fec3fec3fec3
ff94ff43ff03fee3
007c00540044ffcc
011d011d00fd00cd
010500f500f50115
0135012d011d010d
011d011d011d012d
00d500cd00f50115
00bd00c500cd00e5
003c0064009500b5
ff5bffc4fffc0034
fdfafe2afe6afeeb
fd61fe3afe52fe32
fcb1fca9fc99fca1
fd8afd92fd92fd9a
fda2fd9afd9afd92
fdb2fdb2fdb2fdaa
fda2fd9afda2fdb2
fdb2fdb2fdb2fdaa
fd9afda2fda2fdaa
fd8afd8afd92fda2
fdaafd8afd82fd8a
fdcafddafdd2fdc2
fce9fd01fe02fdd2
fcd9fd21fd29fd41
ff9cff43fd39fc99
ff3bff3bff73ffa4
01960125001cff63
026e0266023601de
025e026e0266026e
feebff53006401be
feb3feb3feb3fed3
fee3fedbfecbfec3
0004ffbcff3bff0b
007c0034003c0004
00d500e500ed00bd
00cd00a500a500cd
011500fd00ed00dd
00f500fd00f5010d
007c00ad00e500f5
00ad00bd00d500c5
0034005c008d00a5
ff94ffcc0004002c
fe22fe7afefbff4b
fd19fe22fe4afe22
fca1fca9fca1fc91
fd92fd8afd92fd9a
fda2fd9afd92fd8a
fdb2fdb2fdb2fdaa
fda2fd9afd9afdaa
fdaafdb2fdb2fdaa
fda2fda2fd9afda2
fd8afd8afd92fd9a
fdb2fd8afd79fd82
fdcafdeafddafdc2
fcb1fd01fdf2fde2
fcd1fcf9fd29fd11
ffbcff4bfd31fcb9
ff43ff53ff73ffa4
01c6017d00bdff8c
0297028f025e021e
02560256026e028f
ff23ffdc012d0216
feb3fec3febbfedb
fef3fedbfed3febb
001cfff4ff94ff2b
007c004c004c0014
009500ad00ad00a5
009d00a5009d009d
00dd00cd00bd00a5
00d500d500cd00ed
009d00ad00bd00bd
009d00a5009d0074
0024003c007c0095
ffb4ffdcffecfff4
fe7aff13ff73ff73
fc99fd79fe1afe12
fcd9fce1fcf1fca1
fd9afd92fd9afd9a
fda2fd9afd92fd8a
fdaafdb2fdaafda2
fda2fda2fd9afda2
fda2fdaafdb2fdb2
fd9afd9afd92fd92
fd8afd8afd92fd92
fdb2fd92fd79fd82
fdcafdeafddafdc2
fcc1fd01fddafdea
fcd9fd01fd11fd19
ffdcff5bfd21fcc1
ff8cff73ff84ffb4
020601a60135002c
02c7029f028f0256
023e0266029702b7
ff8400b501d6021e
feb3feb3fecbfeeb
ff43ff03fee3feb3
0044000c0004ffb4
005c0044004c0044
005c0064007c0074
006c0085007c0085
00bd00ad0095007c
00ad00bd00b500ad
009d009d0085008d
006c00740064006c
ffec001c004c005c
ffa4ffccffc4ffdc
fef3ff73ff73ff63
fcc1fcb9fda2fe32
fcf1fd19fd61fd39
fd92fd8afd92fd9a
fda2fda2fd92fd92
fda2fdaafda2fd9a
fda2fda2fda2fda2
fda2fda2fdaafdb2
fd92fd9afd92fd9a
fd82fd92fd92fd92
fdc2fd9afd79fd79
fdd2fe22fe22fdda
fcb9fd11fdd2fde2
fce9fd09fd01fcd9
ffecff6bfd29fce1
ffe4ffacffacffd4
023601de018e00dd
02ef02df02b7027e
0236027e02af02df
0024015d01ee0216
fedbfefbff0bff3b
ffc4ff94ff43fefb
006c0074004c0004
004c005400440044
00440044003c003c
005c00640054005c
00a50095007c0064
007c009500950095
008d009d007c0064
003c002c004c007c
ffd4000c001c002c
ffa4ffd4ffd4ffdc
ff33ff9cff5bff63
fdaafd71fd71fe32
fce9fd41fddafe02
fd92fd92fd8afd92
fd9afd9afd92fd8a
fda2fdaafda2fd9a
fdaafdaafdaafdaa
fd92fd9afd9afda2
fd92fd9afd92fd92
fd9afd9afd92fd92
fe42fdcafd82fd79
fdcafdeafe22fe3a
fcc1fd19fdcafde2
fce1fd11fd19fcd1
0004ff5bfd21fce9
008dffd4ffc4fff4
026e020601ce0175
02ff030f02df029f
0236025e029f02cf
00f5019e01ce01fe
ff9cff94ff7bffe4
fffc0014ffe4ffc4
009500ad0085002c
003c007400740064
002c002c00240024
005c0054004c003c
008d007c006c006c
004c006400740085
007400740074005c
000c000c0024005c
ffec0004fffc0004
ffacffe4ffe4ffe4
ff33ff94ff6bff9c
fe72fe52fddafe12
fcf1fd71fe32fe83
fd92fd92fd8afd92
fd9afd92fd92fd92
fda2fda2fda2fd9a
fdaafdb2fdb2fdaa
fd92fd9afd9afda2
fd92fd9afd9afd92
fd82fd79fd8afd92
fdf2fddafdb2fd82
fdcafdd2fde2fdda
fcc1fd11fdcafdd2
fcc9fd01fd11fcb1
001cff33fd19fce9
0125001cfff40014
02a70236020601ce
030703370347030f
020e022e026e02bf
0115016d01b601de
003c002400040074
0014002c0024002c
00a500bd00a5004c
0054007c00850095
002c00440034003c
005c00540034002c
006c0074006c0074
004c0044004c005c
004c0064006c0064
ffdcfffc00140044
ffdcffe4ffd4ffdc
ffa4ffccffdcffec
ff1bff6bffa4ffb4
fe7afe83fe1afe12
fd29fdaafe12fe42
fd92fd92fd8afd8a
fd92fd92fd9afd9a
fda2fd9afd9afd9a
fdaafdaafdaafdaa
fd9afd9afd9afda2
fd92fd9afd92fd8a
fd71fd71fd82fd92
fdc2fdbafd92fd69
fdcafddafdeafdd2
fcd1fd21fde2fdd2
fcd1fd09fcf9fcb1
0034fef3fd19fcd9
0165007c001c002c
02b70256022601fe
02e7032f0357031f
0216020e023e0287
00f5015d01be01ee
0064006c005c009d
0044002400340054
00a500c500ad006c
008d00950095008d
005c006c00640074
004c005c004c0044
004c005c005c005c
004c003c0034003c
003c004400540064
ffccffd4000c0034
ffccfff4ffdcffb4
ff8cffacffa4ffc4
ff03ff53ff9cffb4
fe8bfe93fe32fe12
fd71fdd2fe12fe4a
fd9afd92fd8afd8a
fd92fd92fd9afd9a
fda2fda2fda2fd9a
fdaafdaafdaafdaa
fd9afd9afda2fdaa
fd8afd92fd92fd92
fd71fd79fd82fd8a
fdd2fdc2fd9afd71
fdc2fddafdeafde2
fcd1fd31fdf2fdda
fcd1fcf9fcf1fcb9
003cfebbfce1fca9
018e00bd004c004c
029f023e021601f6
02b702ff031f02ff
028702660246025e
00cd017d01fe0276
005c0064006c0074
0064003c00540054
00ad009d00a50085
00ad00a5009d009d
00740074007c008d
0044004400540064
0024003c004c004c
004c0034002c0024
003c0034003c005c
ffdcffdcfffc0024
ffb4ffd4ffccffbc
ff94ffacff94ff9c
fef3ff4bff73ff9c
fe93fe8bfe5afe1a
fd8afde2fe2afe72
fd92fd92fd8afd8a
fd92fd92fd9afd92
fda2fda2fda2fd92
fdaafdaafdaafdaa
fd9afd9afda2fdaa
fd82fd8afd8afd8a
fd71fd79fd79fd82
fddafdcafda2fd79
fdb2fdcafdf2fdf2
fcd1fd41fdeafdc2
fcd9fce9fcf1fcc9
0044fe6afcb1fca9
016d00c5006c0074
0256020601de01be
027e028f029f028f
02e702df02a7028f
00e501b6024e02af
003c0044004c0054
00540044004c003c
009d0085009d0074
009500a5009d0095
0064006c006c008d
004c00340044005c
000c0014002c0034
00340024000c0004
001c0024000c002c
ffecfffc001c001c
ffd4ffecfff4ffec
ff9cffa4ffacffc4
ff03ff6bff73ff7b
fe3afe7afe83fe42
fd82fde2fe42fe5a
fd92fd92fd92fd8a
fd8afd92fd92fd92
fdaafdaafda2fd92
fdaafdaafdaafdaa
fd9afd9afd9afda2
fd82fd82fd8afd8a
fd79fd79fd79fd79
fdf2fddafdb2fd82
fda2fdbafdd2fdf2
fcd1fd51fddafda2
fcc9fcf1fcf9fcc9
003cfdfafc91fcb9
012500ad0085008d
01f601d601b6017d
0226021602060206
02df02cf027e0256
00e501d6026602bf
004c0044002c0054
0044002c0034003c
008d007c0074005c
008d009d009d008d
006c00740074007c
0034003c002c0044
0014fff4ffec0014
000c000cffecfff4
0014000c0014000c
fffcfffc001c002c
fff40004fffcfffc
ff84ff84ffa4ffdc
ff0bff6bff8cff84
fe62fea3fe93fe62
fd82fe02fe62fe62
fd92fd8afd8afd8a
fd8afd92fd92fd92
fda2fda2fd9afd92
fd9afda2fdaafda2
fd9afd9afd9afd9a
fd82fd8afd8afd92
fd79fd82fd79fd79
fdf2fdeafdcafd9a
fd82fda2fdb2fdd2
fcd9fd61fdb2fd51
fcb9fcf9fcf9fcd1
0024fd82fca1fcc9
00dd009d0095009d
01750175015d011d
019e0175014d014d
029f026e020e01c6
00e501c602460287
004c002c001c0034
003c001c0024003c
007c0064005c0054
007c008d00950085
00440044005c0064
00140034003c003c
000c00140004fff4
fff4ffecffd4ffec
000c001400240004
0024000c001c001c
ffecfffcfff40014
ff7bff5bff8cffc4
fee3ff63ff5bff6b
febbfee3feabfe62
fd82fe1afe7afe9b
fd8afd8afd82fd8a
fd92fd92fd92fd92
fd92fd9afd9afd92
fd92fd9afd9afd9a
fd9afd92fd92fd92
fd79fd8afd8afd92
fd9afd82fd79fd79
fdc2fdeafdeafdc2
fd59fd82fd71fd92
fce1fd92fd82fd11
fcb9fcf9fcf1fcc9
ffecfd19fcb9fcd1
00e500b500a500ad
00cd010500f500ed
013d00e5008d007c
0226020601c60175
00d501ae01ee021e
0044002c00140004
002c002c0034003c
0074005c006c0064
006c0074007c0085
002c00340054005c
0004001400340034
fff4000c001c0004
ffecffe4ffdcffe4
00240014fffc0004
002c004c00440034
fff4ffe4fff4001c
ff6bff3bff5bffbc
fec3ff63ff4bff3b
feebfee3feb3fe4a
fd01fdf2fe7afeb3
fd92fd92fd8afd82
fd9afd92fd92fd9a
fd82fd8afd92fd9a
fd9afd9afd92fd8a
fd92fd92fd92fd92
fd79fd82fd8afd92
fdaafd9afd82fd79
fd8afdc2fdeafdda
fd61fd71fd31fd49
fd01fdb2fd49fd01
fcd1fd01fce1fcd1
ff8cfcf1fcc1fcd9
011500bd009d00b5
004c00a500dd010d
00e500b5003c001c
019e018e0165011d
006c015501860196
00440054003cffd4
0034002c00340044
006c00640085006c
0064006c00740085
003c002c003c0054
0014001400240044
fff4000c001c0014
ffdcffd4ffd4ffe4
002c0004ffecffe4
006c006c0074003c
ffd4fff40014004c
ff2bff4bff6bffa4
fe9bff5bff6bff2b
fecbfebbfe6afe02
fc50fd09fe02fe8b
fd92fd92fd92fd8a
fd9afd9afd9afd9a
fd82fd82fd8afd92
fd9afd9afd92fd79
fd8afd8afd92fd92
fd82fd82fd82fd8a
fdd2fd9afd8afd8a
fd41fd79fdbafdda
fd59fd71fd09fd09
fd21fdcafd39fd11
fcc9fd01fcd9fcd9
feebfcc9fcc9fcd1
010d00a500b500bd
004400ad0105013d
0085004c00340024
010d011500f500b5
ffcc00a5010500fd
004c005c004cffec
001c001c0034004c
0064005c0064003c
005c006c006c0074
0034002c0034004c
001c0004000c0024
ffecfffc0014001c
ffe4ffdcffd4ffdc
0024fff4ffe4ffec
0074007400640044
ffc4fff4002c0054
ff33ff63ff6bff94
fe32ff13ff4bff3b
fda2fd9afd39fd49
fc30fc38fca1fd51
fd9afd9afd9afd9a
fd8afd9afda2fd9a
fd79fd79fd82fd8a
fda2fd9afd92fd82
fd82fda2fd9afd92
fda2fdb2fd92fd82
fddafdd2fda2fd8a
fd01fd41fd82fdb2
fd51fd79fcf9fce1
fd51fdeafd39fd29
fce9fd11fce1fce9
fe62fcb9fcc1fcd9
008d008d00b500ad
00a500f5012500fd
fec3feb3ff4b0034
00bdfffcff5bfefb
ffecffb4005400b5
005c007c00a50085
0014001c003c004c
0064005400440024
0054005c005c006c
001c001c00340044
000cfffcffec000c
ffdcfff400040014
ffecfff4ffdcffd4
003c000cfff4fff4
006c007c006c0054
ffccffec0004003c
ff2bff3bff5bff6b
fddafecbff1bff23
fc99fca1fc99fcf1
fc30fc40fc58fc78
fd9afd92fd9afda2
fdbafdb2fd92fd92
fd82fd79fd8afda2
fda2fd9afd92fd8a
fdeafdbafd92fd9a
fdbafdbafdd2fdda
fdc2fddafdb2fdaa
fce1fd09fd51fd92
fd49fd82fd11fcd1
fd79fddafd39fd31
fce1fd01fce9fce9
fdb2fcd1fcd1fcf9
002c007c00ad005c
00d500e5008d0024
ff94ffacffd40064
ff43feb3ff0bff7b
00c5ffa4fefbff7b
008d00bd00ed00ed
001c002c00440064
006400540034001c
0044004c005c0064
fff4fffc001c0034
fff4fffcfff4fffc
ffe4ffe4ffecfff4
ffecffecffdcffbc
005c00240014000c
0054007400740064
ffa4ffdcfff40024
ff03ff03ff33ff4b
fd69fe52fedbff03
fca1fcb1fc99fcd1
fc30fc48fc60fc81
fd92fd92fd9afd9a
fdc2fd9afd8afd92
fda2fdb2fddafdda
fdbafda2fd9afd8a
fdfafe02fdf2fdd2
fd9afdaafe02fe22
fdaafdd2fdc2fdaa
fcd1fcf1fd29fd69
fd41fd82fd09fcd9
fdb2fdd2fd29fd39
fce9fd09fd01fcf9
fd31fcd9fce1fcf9
0024007400adffcc
0095fffcffccffec
006c00a500ed00f5
feb3ff1bffb4001c
012d00bdff4bfeab
009d00d500fd0115
00240034005c007c
0054004c00340024
00340044005c005c
ffccffe4fffc001c
ffd4ffecfffcffe4
ffccffd4ffdcffdc
fff4fffcffdcffbc
004c001c000c0004
0054005c007c0064
ff84ffbcffec0024
fedbfeebff1bff4b
fd21fe02fec3fed3
fca9fcb9fca9fcc1
fc38fc48fc60fc89
fd92fd92fd9afd9a
fd9afd9afd92fd92
fdeafddafda2fd9a
fdcafdcafdd2fdd2
fd8afdaafdd2fdda
fddafdfafde2fd92
fd92fddafdbafdba
fcd9fce1fd01fd49
fd51fd92fd01fce1
fde2fda2fd11fd29
fd01fd11fcf9fd21
fce9fcc1fcf9fce1
00440074009dfeeb
0044ffbcffc4fff4
00bd00fd011d00d5
fef3ff5bffec0074
00f5011d007cff43
00bd00ed01050105
00340054007c009d
004c0034001c002c
0024003c004c0054
ffd4ffecfffc0014
ffccffccffe4ffd4
ffbcffccffccffc4
fffcffecffc4ffb4
002c000cfff40004
003c004c005c0054
ff73ffc4ffe4000c
fec3fed3ff03ff3b
fd01fd9afe83fecb
fcb9fcc1fcb9fcc1
fc40fc50fc70fc99
fd92fd92fd92fd92
fda2fda2fd9afd92
fd92fd9afd9afd9a
fdeafdf2fdbafda2
fd92fda2fdbafdba
fe2afdbafda2fda2
fd79fe02fddafe22
fce1fcf1fcf1fd21
fd59fd59fcf1fcf1
fe0afd79fd19fd09
fd19fd11fcf9fd51
fcb9fce1fcf1fcc9
0064009d0064fdea
0034ffc4ffcc000c
00ed00e500dd009d
ff7bff9c000c0095
0125015d0145004c
00cd00ed010d010d
004c007400a500ad
00340004000c002c
002c003400440054
ffd4ffe4fff40014
ffc4ffc4ffd4ffdc
ffb4ffc4ffbcffbc
ffecffe4ffc4ffac
00140004fffcfff4
000c003c004c0034
ff4bff8cffb4ffe4
feabfec3fef3ff23
fcf1fd59fe4afe9b
fcb9fcd9fcd1fcd9
fc40fc50fc81fca9
fd9afd9afda2fda2
fdaafdaafdaafd9a
fda2fd9afda2fda2
fda2fdb2fdc2fdba
fd92fdb2fdbafda2
fdaafd92fd8afd82
fd61fe22fe4afe0a
fce1fcf1fce1fd09
fd69fd39fce9fcd9
fe2afd69fcf9fce1
fd39fd19fd01fda2
fcd1fd11fcf9fce1
008500b5ffd4fd21
0024ffe4ffdc002c
00ed00cd00ad0064
005cffd4001c00a5
014501650196015d
00dd00f500ed010d
0054009500b500bd
ffe4ffacffdc0014
002c00340044002c
ffd4ffe4ffec0014
ffb4ffbcffbcffc4
ffa4ffb4ffa4ffac
ffdcffdcffacff94
000cfff4ffecffe4
fff400140024001c
ff1bff5bff8cffbc
fe8bfea3fed3ff03
fce9fd49fe1afe83
fcb9fce9fcf1fcd9
fc40fc48fc81fcb1
fda2fda2fda2fda2
fde2fdb2fdaafda2
fdcafdb2fda2fdd2
fdaafda2fda2fdba
fdc2fdbafda2fdaa
fd9afd92fd92fd8a
fd8afe0afdbafdc2
fcd9fcf9fce1fd11
fd59fd11fcd9fcd1
fe1afd29fcf1fce1
fd51fd09fd29fde2
fd09fd21fcf9fd01
009d00b5feebfcd1
ffecffecfff40044
007400440014ffdc
01150034001c006c
0145017d01b601b6
00b500d500ed010d
0064008d00a500ad
ffacffacfff4002c
0024002c002cfff4
ffc4ffe4fffc000c
ffa4ffa4ffacffb4
ff9cff9cff94ff94
ffe4ffc4ffb4ff94
fffcffecffecffec
ffccfffc000c0004
fee3ff2bff7bffa4
fe7afe83feb3fedb
fcf9fd31fddafe52
fcd9fce9fd01fcf1
fc60fc58fc78fcb1
fd9afd9afd9afda2
fe93fe1afdbafd92
fdb2fdd2fe0afea3
fdaafdb2fdaafdaa
fdc2fd9afdb2fdaa
fd92fd8afdb2fdf2
fd69fdeafdaafdea
fcf1fd19fcf9fd01
fd61fcc1fcc1fce1
fe02fd09fcd1fd01
fd41fd09fd71fe22
fd41fcf9fce9fd41
00ad006cfe12fcf9
fffc000400140064
ff9cff73ff5bff9c
019e010d002cffc4
013d0165018e01ae
00ad00cd00f5010d
007400740074008d
ff9cffbc0014004c
001c001c0004ffd4
ffccffe4fffc0014
ff8cff8cff9cffac
ff8cff94ff9cff8c
ffdcffbcffacff94
ffd4ffdcffe4ffec
ffacffd4ffe4ffdc
fed3ff0bff43ff84
fe6afe72fe9bfed3
fd09fd29fd9afe2a
fce9fd01fd11fd11
fc78fc78fc89fca9
fd92fd8afd9afd92
fefbfe1afdaafd8a
fdcafe4afeabff13
fda2fd9afda2fdaa
fd9afdaafdbafdaa
fd92fdb2fe1afde2
fd41fd69fdd2fdfa
fd11fd29fcd1fcd9
fd79fcc9fcd1fce1
fdd2fd09fcd1fd59
fd41fd29fdb2fe3a
fd21fcd1fcf9fd82
00cdfffcfd69fd21
00340044005400a5
ff1bff03ff2bffa4
017d01550085ff94
012d012d016d017d
009d00bd00dd011d
0064007c00740085
ffbcfff4002c0054
001c000cfff4ffd4
ffc4ffdcfff4001c
ff7bff84ff9cffa4
ff8cff8cff8cff84
ffb4ffa4ff8cff84
ffc4ffccffdcffd4
ff84ff94ffacffc4
fedbfef3ff1bff63
fe5afe6afe7afebb
fd21fd29fd69fdf2
fce9fd19fd31fd21
fc70fc81fc99fcb9
fd8afd9afd92fd92
005cff53fe42fd82
fe93ff7b000400c5
fd9afdaafdc2fe12
fdaafdaafda2fda2
fe0afe4afe1afdb2
fd79fdcafe5afe0a
fcf1fd61fd11fcf9
fd39fcc9fcd1fcd1
fde2fd19fd09fd92
fd31fd82fdeafe32
fce1fcc9fd31fd92
00d5ff0bfd21fd29
006c0085008d00dd
ff8cff8cffa4000c
00bd007c0034ffdc
010d0135012d00ed
00a500a500d500fd
005c0074008d009d
fffc00240054005c
000c0004fffcfff4
ffccffe4fffc000c
ff8cff8cffa4ffac
ff8cff84ff94ff84
ff9cff94ff8cff8c
ffa4ffa4ffb4ffac
ff6bff7bff7bff84
fed3feebff03ff33
fe1afe4afe7afe9b
fd31fd39fd59fdba
fd01fd29fd49fd41
fc68fc68fc91fcc1
fdcafd92fd8afd92
ff63febbfe62fdf2
013d01960115fffc
feb3ff2bff4b0044
fddafdc2fdf2fe3a
ff3bfe42fdd2fdca
fefbfec3fe42fe9b
fd39fe0afd9afe42
fd01fce9fcf9fcf1
fdcafd59fd71fdb2
fd59fdb2fe2afe1a
fcd9fce9fd69fd71
008dfe0afd29fd21
006c007400b500fd
ffdcfff40024005c
ffecffdcffd4ffe4
00a5009d005c001c
009500850085009d
007c007c009d00a5
0034004c0074006c
0004001400140014
ffdcffe4fffcfffc
ff94ff9cffacffbc
ff84ff84ff8cff8c
ff84ff84ff7bff84
ff8cff94ff8cff8c
ff43ff53ff5bff73
feb3feebff03ff1b
fdf2fe2afe62fe8b
fd51fd49fd51fd92
fd09fd41fd51fd61
fc60fc68fc89fcb9
fe62fe0afdf2fdea
007c00bd00c5ff73
0216012d00440085
015d01de0226026e
ff6bffd4006c00d5
feabfe1afe22fea3
ff5bfeb3ff03ffd4
fe8bff8cff94ffd4
fe5afe93fe3afe2a
fe42fe3afe4afe6a
fd8afddafe6afe52
fcd1fd31fd8afd59
ff9cfd59fd29fcf1
ffb4ffb4009d0115
ffecffecfff4ffec
ffb4ffccffdcffec
0004ffecffd4ffcc
0044002400140004
009d008d007c0064
00640074008d008d
0014002400240044
ffe4ffe4ffec0004
ffa4ffa4ffacffc4
ff7bff8cff8cffa4
ff73ff84ff7bff73
ff63ff73ff73ff7b
ff23ff3bff4bff53
fe9bfecbfef3ff13
fdd2fe0afe42fe7a
fd69fd59fd59fd8a
fd01fd49fd61fd71
fc78fc81fc89fcc9
ffccff84ff5bffbc
021601ce00e5006c
02df02df028f0256
02c7026e027e02a7
01a601f6022e0287
ffec0054007400dd
0085009500f50064
005c006c000c0004
008d00640024005c
ff23ffacffb4fff4
fda2fe1afe72fe8b
fcf1fd69fd82fd82
fe22fce9fd09fcd1
feabff6300ad00ad
fef3fe7afe02fe12
febbfed3ff13feeb
feb3fea3fec3feb3
fe9bfe9bfeb3fec3
ff7bfecbfe93fe8b
007c009d00a5005c
00140034003c004c
ffe4fff4fff40004
ffa4ffacffbcffcc
ff84ff8cff84ffa4
ff6bff73ff73ff6b
ff53ff5bff6bff6b
ff13ff23ff3bff43
fe8bfeb3fee3ff0b
fdcafe02fe2afe5a
fd79fd71fd71fd8a
fd01fd41fd69fd79
fc81fc81fc99fcc9
ff6bff0bfe8bfe83
0115014500edffe4
02c702d702460165
02f702cf02c702af
01ce021e026602bf
0105015d018601b6
019601c6016d00f5
00c500dd00ed012d
00cd009d009d00c5
ff43fff4000c004c
fde2fe42fe3afe3a
fd29fd79fd9afdb2
fd31fce9fd09fce1
fee3ffc400b5ff7b
fd11fd39fd92fe42
fd09fce9fd11fcf1
fd11fd19fd19fd11
fd29fd49fd39fd21
fde2fd59fd29fd31
00bd00c5004cfef3
0024004c006c007c
ffec000c00040004
ffacffb4ffd4ffdc
ff7bff8cff94ffac
ff73ff7bff7bff7b
ff4bff53ff5bff63
ff13ff23ff33ff3b
fe7afeabfed3fef3
fdc2fdf2fe22fe52
fd8afd8afd82fd92
fd09fd41fd69fd8a
fc89fc89fca1fcc9
ff0bfe7afe2afe12
0064fff4ffd4ff94
02ef027601f6012d
02ff02d702cf02e7
01ce0226028f02ef
01e6020601ce01b6
022601d601de01de
0115018601ae01e6
ff9cffbc007c00f5
fefbff84ff73ff7b
fe22fe32fe0afe12
fd71fd92fdbafdd2
fcf9fd09fcf9fd11
ff4b003c001cfdd2
fd92fdd2fe0afe7a
fd51fd31fd69fd8a
fd71fd69fd82fd71
fd82fdb2fda2fd92
fe5afddafd8afd79
00e500a5ffecfefb
003c006400ad00d5
00040014001c0024
ffbcffc4ffdcffe4
ff8cff8cff94ffb4
ff73ff7bff84ff8c
ff4bff53ff5bff6b
ff03ff23ff23ff33
fe72feabfecbfee3
fdcafdfafe22fe4a
fd92fd92fd9afda2
fcf9fd39fd69fd92
fc81fc91fcb1fcc9
fe1afdd2fdd2fdc2
0105ffd4fec3fe12
033f02d7027e01f6
02df031703670377
02260276028f02cf
01d601c601ce01b6
01be01ce01ae01fe
0145017d019601ae
fe0afedbffc400d5
fd59fd9afdbafd8a
fe32fe12fdbafd9a
fda2fdb2fdbafe0a
fcf9fd29fd19fd59
ffe40024fe2afd01
fe3afe52fe5aff5b
fde2fdeafe12fe52
fe02fdcafda2fdc2
fdeafdf2fdf2fdf2
fee3fe7afe2afe02
00ad0034ffc4ff5b
006c00ad00d500dd
000c0014002c0044
ffccffe4ffecfff4
ff9cffa4ffbcffc4
ff7bff94ff94ff9c
ff43ff53ff5bff6b
ff03ff0bff1bff33
fe72fe9bfec3fee3
fdd2fdfafe22fe4a
fdaafdaafdaafdba
fd01fd31fd71fda2
fc78fc99fca9fcc9
fd92fd92fd8afd8a
012d002cfef3fdaa
01ee01ce01ce01a6
019e01c60216022e
0196018601ae01a6
01b601ce020e01e6
01a601ce01c6018e
ffcc00d5014d0155
fd09fd39fd9afe83
fd01fd29fd09fce1
fe22fdc2fdbafd51
fda2fdb2fdf2fe32
fd19fd31fd59fd92
0024fe9bfcf1fcd9
fee3ff2bff73fffc
feabfebbfeb3fed3
fecbfeabfe72fe83
fe4afe3afe42fe83
ff7bff33feebfe93
00640014ffe4ffbc
00a500d500dd00ad
000400240044006c
ffec00040004fff4
ffb4ffc4ffd4ffdc
ff7bff94ffa4ffb4
ff4bff63ff6bff7b
fef3ff03ff1bff3b
fe6afe93feabfed3
fde2fe02fe1afe4a
fdbafdbafdbafdd2
fd09fd41fd79fdba
fc68fc99fca1fcd1
fd92fd9afd92fd8a
ff5bff23fe7afd9a
00a50024ff8cff94
00ad00d500c500d5
01ae016500ed006c
01a601a601be01e6
009d017d01ae01a6
fd31fdeafedbff7b
fce9fcd1fcc9fce9
fd09fd31fce1fcd1
fe2afdbafddafd49
fdb2fe02fe52fe5a
fd41fd61fd8afd92
ff4bfd11fcb9fcd9
ffa4ffdc003c005c
ff4bff53ff4bff5b
feebff0bff2bff3b
feebfeabfe9bfebb
ffd4ffbcff9cff5b
0034001c0004ffec
00c500cd00a5006c
001c003c005c008d
0004000c000c000c
ffd4ffd4ffe4fff4
ff94ffa4ffb4ffc4
ff4bff5bff73ff7b
feebff0bff0bff33
fe72fe93feb3fed3
fdf2fe0afe32fe52
fdc2fdcafdd2fdda
fcf9fd51fd82fdb2
fc70fc91fca9fcd1
fd9afd92fd8afd82
0024ffccfe9bfdb2
005400cd008d0024
ffccffb4ffdcffd4
020601ce016500cd
013d018e01ce020e
ff4b0024002c009d
fd59fd71fdaafe22
fd01fd19fd19fd39
fd21fd71fd01fcf9
fe0afdeafdc2fd49
fdf2fe4afe5afe4a
fd71fd82fd9afdc2
fda2fcb1fcb9fd11
0004003c0074ffe4
ffd4ffc4ffc4ffcc
fef3ff1bff63ffa4
ffdcff94ff43fefb
0014000c001c000c
002c001c00040004
00bd00a5007c004c
00340054007c00a5
0014001c0024002c
ffe4ffec0004000c
ffacffb4ffc4ffdc
ff4bff63ff73ff8c
feebff0bff0bff2b
fe83feabfebbfed3
fe0afe22fe42fe62
fdd2fddafdeafdfa
fce9fd49fd8afdb2
fc70fc91fcc1fcc1
fdfafddafdcafdba
00e5006cff2bfe6a
fe4aff13001400f5
00e5ffd4ff1bfea3
019e01e601c6018e
005c0105011d0145
feebff84ff73ffb4
fd39fd69fdc2fe22
fd11fd39fd59fd51
fd61fd51fd19fd09
fddafdeafdc2fd61
fe2afe5afe5afe12
fd79fd9afdf2fe02
fd01fcc1fcf9fd59
0064008d004cfe2a
fffc00040024003c
ffc4ff94ffa4ffd4
006c0064004c000c
0024002c004c0064
0014000400140014
009d007c0064003c
00540074009500a5
00240024002c003c
ffecfffc0014001c
ffacffbcffc4ffe4
ff4bff63ff73ff94
fef3ff0bff1bff33
fe93feb3fecbfedb
fe1afe2afe52fe72
fde2fdf2fe02fe1a
fcd9fd29fd92fdba
fc81fc91fcc1fcc1
febbfdf2fdbafda2
001c00c50004ffac
fdd2fdcafe32fefb
018600a5001cff23
01b6019e01960175
00c5014d015d017d
ff4300a501c60145
fd69fda2fde2fe7a
fd79fd8afd9afd79
fdb2fd69fd71fd79
fdeafdfafddafda2
fe2afe4afe52fe12
fd92fdeafe22fe1a
fd01fcd9fd41fd79
00e500d5ff23fcf9
0004003c009500c5
006c0014fff4ffe4
00b500c500cd00b5
001c003c005c0085
0004000400140014
006c005c0044002c
005c0074007c0074
0024001c002c004c
fff4000400140024
ffacffc4ffdcffec
ff53ff63ff73ff94
ff03ff1bff33ff43
fe9bfeb3fed3feeb
fe22fe3afe52fe7a
fde2fe02fe12fe2a
fcd9fd29fd79fdc2
fc81fc99fcc1fce1
ffccff3bfe32fdd2
fe22ff8c007cffd4
fdbafda2fd82fd92
010d00c50034fec3
014d019601c60165
021601c601be0196
003c002c00e501d6
fde2fe1afe5aff53
fdfafdfafdfafdca
fe02fdbafde2fe12
fdf2fe02fe22fe3a
fe22fe5afe32fde2
fdeafe2afe32fe0a
fd11fd21fd69fda2
00e50024fda2fce9
ffe40014008500d5
ffc4ff94ff9cffc4
00b500ad006c000c
001c003c005c0085
00140014000c0014
004400340024001c
004c00540054004c
002c002c0034003c
fffc00140024002c
ffb4ffc4ffdcffec
ff6bff7bff7bff9c
ff0bff2bff43ff4b
fe9bfeb3fed3fef3
fe3afe4afe5afe72
fde2fe0afe22fe2a
fcd9fd01fd71fdc2
fc89fc78fcc1fcf1
fea3ff13ff33fe5a
fd79fdd2feabff7b
ff6bfe0afd8afd71
018e013d008d0044
018600d5013501a6
016d023e027e0246
015500e5fff40034
fe02fe32fea3ffec
fe32fe32fe32fe02
fe12fdeafe22fe3a
fe0afe1afe72fe72
fe42fe3afe02fdda
fe12fe5afe1afe02
fd31fd49fdb2fde2
00adfecbfd19fcf9
fffcfffc005400a5
ff73ff73ffacffdc
0044001cffdcff94
00040014003c005c
fffcfffcfff4fffc
001c000c000c0004
003c003c00240024
0024002c00340034
000c0014001c002c
ffb4ffccffe4fff4
ff6bff84ff8cff9c
ff13ff2bff43ff5b
fe93feb3fedbfefb
fe42fe52fe5afe6a
fdeafe12fe2afe3a
fce9fce9fd71fdb2
fc91fc81fcb1fce1
ff5bfe22febbff33
fd79fd9afd92fe62
004cff23fe0afd8a
0196019e011d00a5
026e01be00d500ed
0064010d021e028f
011d01a601050034
fe1afe3afeb3ffb4
fe52fe4afe72fe32
fe52fe5afe72fe72
fe12fe22fe8bfeb3
fe4afe22fde2fdda
fe32fe0afdcafe12
fd59fdc2fdcafdea
0034fd9afcf9fce9
001c0014005400a5
ff84ff94ffd4fffc
0004ffdcffacff84
ffecffec0004001c
fff4fff4ffe4ffe4
000c000c0004fff4
002c00240014000c
002c002c001c0024
0004000c00240024
ffacffccffecfffc
ff6bff7bff94ffa4
ff1bff2bff43ff63
fe93febbfed3fefb
fe52fe52fe62fe72
fdfafe22fe32fe52
fd01fcf9fd59fdb2
fc89fc81fca1fcd9
fea3fedbfe12fee3
fd79fd92fd79fd8a
004cff43fecbfdb2
00c5014d00e50074
0276027e020600ed
014500a500c50196
00ad0196024e01d6
fe1afe2afeabff9c
fe52fe42fe7afe52
fe4afe5afe6afe72
fe0afe3afe72fe7a
fe3afe02fdb2fdf2
fdf2fdc2fdd2fe3a
fdbafd9afdbafe0a
ff43fd31fd41fd9a
004c005c007c00b5
ffb4ffe400140024
ffd4ffc4ff8cff73
ffd4ffccffdcffec
fffcffecffd4ffd4
000400040004fff4
001c0014000c0004
003400340024002c
fffc00140024002c
ffb4ffd4ffe4fffc
ff73ff7bff94ffac
ff1bff3bff53ff6b
fe93feb3fedbfefb
fe62fe62fe6afe83
fdfafe2afe4afe52
fd09fd11fd49fdb2
fc81fc99fc89fcd9
fdd2fef3fe42fe6a
fd82fd79fd82fd82
ffdcff2bfe2afdba
00bd00e500e50024
012501f6026e023e
02cf020e013d00cd
0095014501ee02af
fe22fe22fe83ff6b
fe8bfe72fe72fe32
fe42fe4afe72feb3
fe12fe5afe83fe6a
fe02fdcafdaafe0a
fdaafdb2fe02fe2a
fd69fd79fd69fd92
fe52fd59fd69fd59
0085009d00a5007c
ffe40034006c0074
ffe4ffc4ff8cff8c
ffc4ffccffe4fff4
fff4ffe4ffc4ffc4
fffcfffcfff4fffc
001c0014000c0004
0024002c002c002c
fffc0014001c0024
ffbcffd4ffe4fff4
ff7bff94ffa4ffb4
ff1bff43ff53ff6b
fe9bfeb3fedbff03
fe7afe83fe7afe8b
fde2fe2afe5afe62
fd19fd11fd39fda2
fc91fc99fc78fce1
fd9afeabfe8bfe42
fdaafd8afd82fd82
ff7bff53fe8bfe02
0256013d00bd0085
010d012501de028f
037702f7029f022e
00a500fd01d602ef
fe1afe32fe9bff94
fe7afe5afe4afe12
fe12fe12fe42fe9b
fe0afe6afe7afe3a
fdcafd92fdc2fe0a
fd71fdd2fe12fe0a
fd39fd11fd29fd79
fd29fcd9fcf1fd21
00c500cd00cdff8c
00240074009500b5
000cfff4ffccffe4
ffc4ffdcfffc0014
fff4ffdcffccffcc
000c0004fffc0004
00140014000c000c
001400240024001c
fff40004000c0014
ffc4ffd4ffe4ffec
ff84ff9cffacffc4
ff1bff3bff5bff73
fea3feb3fed3fefb
fe83fe8bfe83fe8b
fde2fe1afe52fe6a
fd11fd11fd31fd92
fca1fcc1fc78fcb9
fd92fe32fe72fdda
fdbafd8afd8afd8a
002cff53fe83fdda
02af0287012500c5
02ef0226018e0206
0327031f02c70337
00ad008500dd0236
fe12fe32fec3ffec
fe8bfe6afe42fe2a
fe22fe4afe4afe8b
fe4afe8bfe72fe12
fdbafd92fdfafe22
fd92fddafe0afde2
fce9fd09fd59fd69
fc99fcb9fce1fcc9
00e500e5006cfdda
006c00a500bd00d5
0034002c0004001c
ffe4fffc001c0034
ffecffdcffe4ffdc
fffc0004000c0004
000c0014000c000c
0014001c0024001c
ffecfff40004000c
ffc4ffd4ffe4ffec
ff8cffa4ffb4ffc4
ff1bff43ff6bff7b
feabfec3fec3fef3
fe83fe8bfe8bfe93
fddafe12fe42fe62
fd09fcf9fd29fd71
fc70fca9fca1fca1
fd8afde2fe7afdca
fdaafda2fd8afd8a
0024fee3fe2afdb2
01ee02cf029f015d
03a003a802b7019e
0165024e02b70357
008d001cffcc0064
fdfafe5afef30004
fe7afe7afe72fe32
fe2afe4afe62fe6a
fe7afeabfe7afe3a
fd82fdaafdeafe12
fdaafde2fdeafdba
fcf1fd31fd31fd61
fc99fcd1fcc9fca9
00f500adfea3fcb1
00b500dd00e500e5
0064005400540085
00140024003c0054
fffcfffc00040014
00040004000c000c
001c0014000c000c
00140014001c002c
ffecfff4fffc0004
ffbcffbcffdcffe4
ff94ffa4ffb4ffbc
ff1bff43ff63ff84
feb3fed3fedbfefb
fe7afe93fe9bfe9b
fdb2fe12fe32fe62
fcf9fd01fd39fd61
fc50fc91fcb9fca1
fd92fde2fe72fdd2
fd8afdbafd8afd8a
00d5ff03fe22fdb2
01350236030f0287
038803b803880236
0074019e02d70388
0074000cffccfff4
fdeafe8bff33000c
fe62fe62fe5afe02
fdfafe2afe6afe62
fe62fe9bfe6afe2a
fd82fdbafdd2fe02
fdbafdfafda2fd9a
fd19fd19fd31fd82
fca9fcd9fcc9fcc1
00bdff0bfcd1fc81
00d500e500f500f5
0074007c009d00c5
004400540064006c
0024002c003c0044
00140014000c001c
003c0034001c0014
001400240024003c
ffecfff4fffc0004
ffc4ffc4ffd4ffe4
ff94ffacffb4ffc4
ff1bff3bff5bff84
fec3fedbfef3ff03
fe7afe9bfeabfeab
fd92fde2fe2afe5a
fcf1fd09fd41fd51
fc50fc81fcc1fc91
fdcafdeafddafdc2
fd9afdb2fd8afd8a
028f004cfe32fdd2
0196015502360317
03980390036f02a7
0054019602a70327
00950014ffccffe4
fdf2fe93ff3b0024
fe8bfeabfe72fe02
fe22fe4afe7afe7a
fe9bfecbfea3fe52
fda2fdaafdeafe52
fdbafd9afd49fd61
fcf9fd19fd59fd82
fca9fce1fce9fce9
fed3fce1fc81fc89
00d500e500dd006c
007c009d00ad00c5
0074007c0085008d
004c005c0074007c
003c003c00340044
00540054004c003c
001c0034003c0044
fff4fffc000c0014
ffdcffe4ffe4ffe4
ffa4ffbcffc4ffd4
ff23ff3bff5bff7b
fed3fee3feebff0b
fe7afe93feabfecb
fd79fdcafe1afe5a
fcd1fd09fd31fd39
fc89fc60fca9fc99
fee3fe0afdc2fdea
fdb2fde2fda2fdc2
032f027effc4fe22
02b701be015d023e
03c803b0033f02ff
004401de028f032f
009d0024ffa4ff94
fdf2fe93ff3b000c
fe93fea3fe52fdea
fe22fe4afe8bfe8b
fedbfebbfe93fe4a
fd79fd79fdfafe8b
fd82fd29fd11fd69
fce1fd19fd61fd8a
fca1fcd1fce9fcb1
fca1fc68fc78fc89
00c50064ff53fdba
00ad00b500b500c5
009d00a500ad00b5
0064007c0095009d
007c006c005c0064
005c006c0074007c
002400340044004c
0004000c001c0024
fff4fff4fffcfffc
ffa4ffccffdcffe4
ff2bff4bff63ff84
feebfefbff03ff13
fe72fe93feb3fed3
fd69fdcafe0afe5a
fcb9fd19fd21fd31
fcd9fc68fc78fcb1
fe52fd92fd92fda2
fddafe02fdb2fe1a
024e034702d7ffcc
031f02df019601ae
03980398031f02c7
fff4016d01e602c7
007c0004ff94ff73
fe02feabff53001c
febbfe9bfe3afdf2
fe5afe8bfeb3feb3
feebfec3fe8bfe42
fd29fd79fe12feab
fd01fce1fcf9fd39
fce1fd41fd69fd71
fca9fcc1fcc9fca1
fc58fc60fc68fc81
fe8bfd79fcb1fc58
006c003cffecff5b
0085008d008d0085
008d00950095008d
009d009d00950095
006c007c00850095
003c0044003c0054
00240024002c002c
fffc0004000c0014
ffa4ffbcffdcfff4
ff33ff53ff6bff84
fef3ff0bff13ff1b
fe6afe93fecbfedb
fd51fdb2fe02fe42
fcb1fd19fd31fd21
fd01fca1fc70fcc1
fd92fd82fd79fd82
ff9cfe32fdaafda2
01c6024e034702af
0327038802d701d6
032f034f02e70297
ff9cffec00bd0256
006cffbcff8cff73
fe0afe93ff530044
feb3fe8bfe2afdea
fe4afe83fecbfee3
fedbfeabfe93fe5a
fd19fd92fe3afec3
fca9fcd1fcd1fcf1
fce9fd49fd21fcf9
fcb1fcc1fcc9fca1
fc50fc60fc70fc89
fc70fc48fc58fc58
fdb2fd49fce9fca1
feb3fe62fe4afe12
00740054fffcff6b
0085008500850085
0064006c0074007c
0044004c004c0054
003c003c00340034
000c0014001c002c
ffacffccffe4fffc
ff33ff53ff6bff8c
feebff03ff23ff2b
fe72fe9bfec3fed3
fd31fda2fe02fe32
fcc1fd29fd31fd09
fcd9fcc9fc91fcc1
fd82fd8afd82fd82
0287ff6bfdb2fd92
01b6025e02cf0388
0327039803a002af
02c702df02c7027e
ff43ff6b007c021e
005cffccff7bff3b
fe12fe93ff3b001c
fe83fe6afe22fdea
fe52fe8bfed3fecb
fe93fe4afe4afe32
fcf9fd71fe42fea3
fcb1fcb1fca1fcd1
fce1fd01fcb9fc99
fc99fcb9fcc9fcb1
fc58fc50fc68fc68
fc60fc60fc60fc60
fc58fc50fc50fc58
fd09fc89fc68fc58
ffb4ff6bfebbfdf2
0074005c002cfff4
0074006c006c0074
00640064006c006c
0064006c0064005c
001c00240034004c
ffb4ffdcffec0004
ff3bff4bff6bff94
feebff03ff1bff33
fe6afe9bfebbfecb
fd29fd8afdfafe3a
fce9fcf9fd29fcf9
fcd1fcb1fc91fcb9
fd92fd8afd92fd8a
03a0022efec3fda2
022e0216030f033f
02c7039803b0033f
019e026e026e0236
ff33ff2bff940064
003cffdcff94ff53
fe4afea3ff6b0044
fe8bfe8bfe5afe1a
fe62fec3ff03fef3
fe72fe3afe3afe3a
fcd9fd69fe5afeb3
fcc1fc89fc81fcb9
fcb9fcc1fc99fca9
fc70fc99fcb9fca1
fc58fc58fc70fc58
fc58fc68fc68fc58
fc48fc58fc58fc50
fce1fc70fc58fc58
ff73ff13fe5afda2
0064002cffecffac
0095008d008d0085
008d008d008d0095
0074007c00850085
002c003c00540064
ffb4ffd4ffec000c
ff43ff5bff73ff8c
fef3ff03ff13ff2b
fe72fe93feb3fed3
fd21fd82fddafe3a
fce9fd01fd31fd01
fd31fce9fca1fc78
fd9afd92fd92fd92
037703b80186fe62
02ff024602870377
0287035f03b00377
004c01d6021e022e
ff13ff33ff33ff6b
003cffa4ff5bff2b
fe4afec3ffbc0074
febbfe8bfe42fe02
fe5afeb3feb3fea3
fe7afe22fdf2fe12
fcb9fd31fe52fed3
fca9fc89fc70fc89
fca1fca1fc89fc91
fc50fc78fca9fc91
fc58fc60fc70fc58
fc58fc58fc68fc58
fc40fc60fc68fc50
fcb1fc70fc58fc50
ff63feebfe32fd61
0044000cffd4ff9c
00b500a50095007c
00ad00ad00ad00bd
008500950095009d
002c0044005c0074
ffa4ffd4ffec0014
ff53ff73ff7bff84
feebff03ff1bff33
fe6afe8bfeabfec3
fd19fd69fdc2fe3a
fcc9fce1fd21fd11
fd29fd59fcf9fc81
fe2afd9afd9afda2
034703b003a8012d
035702e7026e02ff
02b702ff03770388
ffac010501d60216
feebfeebfefbff53
0044ffd4ff3bff03
fe5afee3ffb4005c
fecbfe52fdfafe02
feabfebbfea3fe9b
fe6afdeafdd2fe62
fcb9fcf1fdaafe7a
fcb1fca1fc91fc89
fcb1fca9fc70fc81
fc58fc68fca9fcb1
fc60fc60fc68fc68
fc60fc68fc58fc68
fc40fc68fc70fc58
fc89fc70fc60fc48
ff53feabfe0afd31
002cfff4ffbcff94
00b5009d00850064
00a500b500c500c5
00850095009d00a5
00340044005c0074
ffb4ffccffec0014
ff53ff73ff8cff9c
fedbff03ff23ff33
fe6afe8bfeb3febb
fd09fd61fdaafe22
fcc9fce9fd11fd21
fd29fcf9fd29fcd1
00a5fe1afdb2fda2
034f035f03e00377
035f035f0337032f
02b702e70357035f
ff8c008d018601de
fef3fed3fef3ff3b
0004ffccff6bff2b
fe83ff0bffd4003c
fecbfe22fdd2fe0a
fed3fed3fefbfee3
fe5afdf2fdfafe7a
fca9fcc1fd21fe12
fca9fcb1fc99fc81
fc99fca1fc91fc99
fc60fc60fc91fc99
fc68fc60fc58fc60
fc58fc70fc58fc60
fc50fc60fc70fc60
fc91fc81fc60fc50
ff23fe7afdcafd01
0014ffe4ffbcff84
009500850074003c
00ad00ad00b500ad
0085009500a500ad
00340054006c0085
ffc4ffd4ffec000c
ff63ff84ff9cffac
fedbff03ff23ff43
fe52fe72fe8bfec3
fd01fd51fdb2fe02
fca9fcd9fcf9fd29
fd59fce9fd01fce1
034f00ddfef3fdda
037f036f03c803f0
0327037f03b003a8
02a702d702ef0337
ffbc008d016501de
fef3fecbfef3ff2b
fffcff84ff43ff4b
fe72ff2bfffc0044
fe8bfe0afdd2fdfa
fe9bfeabff0bfed3
fdc2fda2fdd2fe4a
fca9fcb9fcd1fd51
fc91fca1fca1fc81
fc89fc99fc81fc81
fc68fc58fc78fc91
fc70fc60fc68fc60
fc60fc70fc68fc58
fc58fc68fc68fc68
fc89fc89fc68fc58
fefbfe52fd8afcd9
fff4ffd4ffacff73
007c0074004c001c
00a500a500a50095
008d009d009d00a5
0024004c006c007c
ffccffe4fffc0014
ff63ff84ff9cffac
fee3ff0bff23ff43
fe4afe72fe8bfec3
fd01fd41fdaafdea
fcc1fcb9fce9fd29
fd9afd39fcc9fd09
03f003a8026effa4
03b8036f03b803f0
032f035f03d803f0
02d702f702cf032f
ffd400b5013d01be
fec3feb3fecbff23
fffcff63ff33ff0b
fe6afefbffdc0054
fe83fe0afdeafe1a
fe83fedbff03fec3
fd29fd61fda2fe42
fca9fcc9fcd1fce1
fc81fc99fcb1fc99
fc91fc91fc81fc81
fc81fc68fc58fc89
fc70fc68fc68fc68
fc60fc78fc60fc58
fc60fc78fc81fc78
fca1fc91fc70fc60
fecbfe12fd51fcb9
ffecffc4ff94ff4b
006c004c002c000c
009d00a500950085
0074008500950095
00340044005c006c
ffccffe40004001c
ff5bff7bff94ffb4
feebff13ff2bff4b
fe22fe62fe93fecb
fd19fd49fda2fdea
fcf1fcb1fcf1fd21
fd8afd69fd01fcf1
03f803f803e802f7
03d0034f037f03e8
02f7034f03d803f8
02d7032f030f02ff
ffe400dd01050155
fedbfecbfecbff33
ffd4ff5bff33fef3
fe83ff1bfff40034
fe72fe3afe1afe2a
fe83ff03feebfebb
fce1fd31fd8afe3a
fcb9fcc9fcf1fce1
fc89fc91fcb9fcc9
fc99fca1fc81fc78
fc78fc68fc58fc70
fc68fc81fc70fc70
fc60fc70fc78fc60
fc78fc81fc91fc70
fcc1fc91fc70fc70
fe83fdc2fd11fcb1
ffd4ffb4ff8cff2b
00440024000cfff4
00950095007c006c
007400850085008d
003c003c00540064
ffccffdcfff4001c
ff63ff73ff94ffbc
fefbff23ff33ff4b
fe22fe52fea3fedb
fd19fd49fda2fdf2
fd01fcc9fcd9fd11
fd9afd59fd69fd09
04000400040003f8
03d0035f035f03e8
02cf033f03d003e8
027e02d702ff02e7
003400fd00cd010d
fef3fedbfec3ff53
ffbcff33ff13fef3
febbff5bfff4002c
fe72fe32fe0afe3a
fe62fed3fedbfea3
fcd1fcf9fd59fe12
fcd1fcd9fd09fd01
fc91fc91fcb1fcf1
fc91fc89fc89fc68
fc68fc70fc68fc60
fc68fc81fc78fc89
fc70fc70fc81fc68
fc81fc91fc81fc70
fcb1fc91fc78fc81
fe3afd79fcf1fcc1
ffb4ff94ff5bfeeb
002c0014fff4ffdc
0085007c006c0054
006c007c007c0085
0034003c004c0054
ffccffdcffec0014
ff73ff8cff9cffb4
ff0bff2bff4bff63
fe22fe52fe9bfedb
fd21fd39fda2fdf2
fd01fcd9fcc9fd01
fdcafd9afd59fd41
0400040004000400
03c8035f033703e0
02d70307039003c8
020e027e028f02a7
0064010500540085
feebfebbfee3ff5b
ffccff4bfedbfeeb
fed3ff4bffec0034
fe72fe2afe1afe5a
fe7afedbfebbfe83
fce1fce9fd31fdea
fcf1fcf9fd29fd19
fc99fc99fca9fcd1
fc91fc99fc89fc81
fc81fc68fc70fc70
fc70fc78fc70fc99
fc78fc70fc89fc81
fc91fc81fc78fc89
fca9fc91fc89fca1
fdf2fd49fce9fcc1
ff9cff7bff33fea3
001c000cffe4ffc4
0074006c005c0034
005c006c006c0074
002c003c0044004c
ffc4ffdcfffc0014
ff7bff9cffacffac
fefbff33ff4bff7b
fe2afe5afea3fed3
fd21fd29fd8afdf2
fd09fce1fce9fd09
fe72fdd2fd61fd49
03f8040004000400
03d8035702ff03b8
029f02c7033f03b8
018e0216023e0266
008d00e5002c001c
feebfeabfefbff9c
ffc4ff43feebff03
fee3ff6bffdc0034
fe7afe12fe22fe7a
fe72feb3fe93fe93
fd01fcf1fd09fd9a
fd11fd19fd39fd39
fc99fca1fc99fcb9
fc89fc91fc99fca9
fc91fc78fc78fc78
fc81fc81fc81fc81
fc81fc60fc91fc81
fc78fc70fc81fc81
fcb1fc99fca9fc99
fdb2fd21fcf1fcb9
ff8cff5bfef3fe62
0014fff4ffd4ffac
0064004c00340024
004c005c00640074
0024003c003c0044
ffccffd4fffc0014
ff94ffb4ffbcffc4
ff03ff2bff5bff7b
fe32fe62fea3fedb
fd11fd31fd69fdd2
fd49fce9fce9fcf9
fecbfe2afdbafd71
03e8040004000400
03a0032702d7036f
025e029703170390
00f5016d01b6021e
00bd00cd0014fff4
fec3fecbff23ffe4
ffa4ff1bfeebfedb
fee3ff6bfff40044
fe3afdf2fe0afe7a
fdeafe52fe72fe72
fd09fd09fd11fd29
fce9fd31fd61fd51
fc91fcb1fc91fc99
fc81fc78fcb9fcd9
fc91fc99fc81fc81
fc81fca9fc91fc70
fc81fc60fc81fc89
fc78fc70fc78fc89
fcc1fcb9fcb1fc89
fd79fd21fcf1fcb1
ff73ff33fec3fe22
0004ffdcffc4ffac
004c003c0024001c
004c005c005c005c
00240034003c003c
ffdcffe400040014
ff9cffb4ffccffd4
ff03ff33ff5bff73
fe0afe62fe93fecb
fd11fd39fd49fdc2
fd69fd59fcf1fce9
fe83fe42fdeafdaa
fd59fd61fd51fd49
fd61fd59fd59fd59
fd49fd49fd59fd69
fd61fd69fd59fd51
fd61fd61fd61fd59
fd69fd69fd69fd71
fd71fd71fd71fd71
fd59fd61fd69fd61
fd82fd79fd71fd61
fd71fd71fd71fd79
fd79fd71fd71fd61
fd71fd79fd79fd79
fd82fd8afd71fd69
fd69fd71fd79fd8a
fd59fd69fd79fd79
fcd9fd31fd59fd59
fca1fc91fc89fca1
fcb9fca1fc78fc91
fdeafdb2fd29fcd1
ffc4fed3fe4afe1a
fff4001c00850064
fde2fdc2fe93ff84
fd79fd59fd71fd8a
fe1afdcafd61fd71
014d0064ff9cfe83
007c00ed015d01ce
ff53ffacffe4ffe4
016d0095ffccffa4
01650095ff4b002c
fe9bfeabff5b0135
008d0044ff4bff33
017d011d0125000c
fd61fd61fd51fd49
fd61fd61fd61fd59
fd49fd49fd59fd69
fd69fd69fd59fd51
fd69fd61fd59fd59
fd69fd69fd69fd69
fd71fd71fd71fd79
fd61fd69fd69fd69
fd82fd82fd71fd61
fd69fd71fd71fd79
fd71fd79fd71fd69
fd69fd79fd71fd71
fd8afd82fd71fd61
fd79fd79fd79fd82
fd59fd71fd82fd82
fcb9fd41fd49fd59
fc89fc78fc68fc78
fcc1fca9fc89fc78
fdb2fdaafd51fcd9
fedbfed3fe8bfe1a
fe72ff0bff73ff3b
fdc2fe1afdfafe3a
fe22fddafd79fd69
fe0afdcafdd2fe12
017d001cfeb3fe42
ffbcffc400bd01ae
002cffacff8cffac
00e5007c007c0085
0105009dff8c00dd
feb3ff03fffc016d
00f5005cff84fecb
0175014d00cd00ad
fd61fd61fd59fd51
fd69fd69fd61fd59
fd51fd59fd61fd69
fd69fd69fd51fd51
fd69fd61fd61fd61
fd69fd71fd69fd69
fd69fd69fd71fd79
fd69fd69fd69fd69
fd82fd79fd71fd69
fd69fd71fd82fd82
fd69fd71fd71fd69
fd69fd71fd69fd69
fd82fd79fd71fd71
fd92fd8afd79fd82
fd61fd59fd82fd9a
fc91fcb1fce1fd49
fc68fc70fc89fca9
fce9fcb9fc91fc89
fd92fd49fcf9fcf9
fe42fde2fda2fdc2
004cffacfed3fe8b
fe7aff2bffc4003c
fe83ff13fef3fed3
ff2bfe9bfe32fe5a
01b6009dff3bfefb
ff0bff03ffec0165
ffecff33ff5bff33
01150125012d0115
00a500d500640064
ff13ff7b0095012d
013d008dff1bfedb
016d010d00dd0165
fd61fd61fd61fd59
fd69fd69fd61fd61
fd51fd59fd69fd71
fd71fd71fd61fd59
fd61fd61fd61fd69
fd71fd71fd71fd69
fd69fd69fd69fd71
fd69fd69fd69fd69
fd79fd71fd71fd71
fd69fd71fd79fd82
fd71fd71fd69fd69
fd69fd71fd71fd71
fd79fd71fd79fd82
fd9afd8afd79fd79
fd49fd69fd69fd8a
fc89fc81fc91fcd1
fc70fc81fc68fc78
fca1fcc1fcc1fc81
fd19fd31fd11fcb9
fe83fdaafd82fd59
ff73ff7bffb4ff5b
0004ffdcff84ffb4
fe5afef3ffa4003c
ff53ffa4ff4bfeb3
014d0054ff0bfed3
ff13ff2bffd400d5
006cfff4ff8cfefb
01e6010d011500b5
00e50175013501a6
ff6b0004010d00bd
01d600e5ff1bfeb3
00ed012d01ae0135
fd59fd59fd61fd69
fd61fd61fd61fd61
fd51fd59fd61fd69
fd71fd71fd59fd51
fd69fd69fd69fd71
fd79fd79fd71fd69
fd59fd61fd61fd71
fd71fd71fd71fd69
fd79fd79fd69fd69
fd69fd69fd71fd79
fd71fd71fd69fd69
fd79fd79fd79fd71
fd71fd79fd71fd82
fd79fd79fd79fd71
fcd9fd51fd69fd69
fc68fc89fc89fc99
fc99fc81fc70fc68
fca1fc68fc89fcc1
fd51fcf1fcf1fcd9
ff23fe1afda2fd71
0074006cffccff8c
009500bd008d0095
fea3fe4afe5aff4b
fe83ff03ff5bfef3
00b50034ff2bfe7a
002c0004006400b5
0135009d0095004c
0206020601b6014d
0196016d020601f6
0004009d00d500a5
01b60105ffecff53
006c0145011500e5
fd59fd61fd61fd69
fd51fd51fd61fd59
fd49fd51fd59fd59
fd79fd69fd59fd49
fd69fd69fd69fd82
fd79fd82fd79fd71
fd61fd59fd61fd69
fd69fd71fd71fd69
fd71fd69fd61fd61
fd69fd71fd71fd71
fd79fd69fd71fd71
fd82fd82fd82fd79
fd69fd71fd71fd71
fd61fd61fd69fd69
fcb9fd01fd59fd69
fc99fc78fc81fca1
fc99fca1fc89fc81
fca1fc99fc78fc89
fd49fd39fd01fca9
ff0bfe6afdbafd69
0074004cff8cff53
fed3ffbc002c004c
fe12fdeafe42fe62
fef3ff33ff73feeb
00a50054ffe4ff1b
013d013d011d0115
015d016501a601b6
01ee01ce020601ae
015501ce020e01f6
005400f500740115
00f500950074ff73
00dd00f500950125
fd59fd61fd61fd61
fd51fd51fd59fd61
fd49fd49fd59fd59
fd82fd69fd51fd49
fd69fd71fd82fd82
fd71fd79fd79fd71
fd71fd69fd71fd79
fd71fd79fd79fd71
fd69fd61fd61fd69
fd69fd69fd69fd69
fd79fd71fd71fd71
fd82fd92fd82fd82
fd69fd61fd69fd69
fd71fd59fd59fd61
fca9fcc1fd19fd69
fc99fc99fc89fc99
fc60fc81fca1fcb1
fcb9fca1fc99fc78
fd69fd39fd01fcd9
ff33fe83fd8afd41
fff4fff4fff4000c
fed3ff1bffa4ffdc
fe7afe4afe4afe6a
000400cd004cfefb
00bd005cffbcffbc
0125010500dd00cd
01960186017d0155
020601f601be01c6
0196019601ae01e6
0095014d00f501b6
00cd00b5009d0004
0044003c0125013d
fd61fd61fd61fd69
fd51fd51fd59fd61
fd49fd49fd51fd59
fd71fd61fd51fd49
fd71fd79fd79fd71
fd71fd79fd79fd79
fd79fd71fd71fd71
fd71fd79fd79fd79
fd69fd61fd61fd69
fd71fd69fd61fd69
fd79fd79fd79fd71
fd79fd92fd8afd8a
fd79fd69fd61fd61
fd61fd69fd69fd71
fca1fc99fcd9fd39
fc99fc91fc99fc99
fc91fc70fc68fca9
fcb1fca1fca9fc99
fd29fd19fcf1fcb9
ff84ff23fe12fd71
ff3bff7bff3bff4b
ff03ff53ffbcffd4
ff33ff23ff0bfeb3
00b5019e014d0024
00adffe4ffcc0074
01a6018e018600fd
011d012d015501b6
0125013d012d00c5
018e015500e5010d
00dd01a601de01f6
00cd00c500ad00ad
ffdc002c019e012d
fd61fd69fd69fd71
fd59fd59fd59fd61
fd59fd61fd59fd59
fd61fd59fd59fd59
fd79fd69fd69fd71
fd71fd71fd79fd79
fd71fd69fd69fd71
fd71fd69fd61fd69
fd69fd69fd69fd79
fd71fd69fd69fd69
fd79fd71fd71fd71
fd71fd79fd82fd82
fd71fd79fd71fd69
fd39fd51fd71fd71
fc91fcb1fcc1fcf1
fc89fca1fc91fca1
fca9fca9fc78fc60
fcc1fc81fc91fc99
fd61fd09fcd9fce1
fe2afe62fe72fdea
ff5bfefbfee3febb
ffa4ffe40024ffcc
ffecff7bff4bffb4
017501ae018e00bd
005c0064009d010d
01be0165013d00ad
01c6018e01be01e6
00b500ad015d0175
012d008d007c00f5
017d01e6021e017d
00fd00ed00fd0115
0024012d01860115
fd61fd69fd71fd71
fd61fd61fd61fd59
fd61fd61fd61fd61
fd61fd59fd69fd59
fd71fd69fd71fd69
fd71fd79fd79fd71
fd69fd69fd69fd71
fd69fd69fd61fd61
fd69fd71fd69fd79
fd82fd71fd79fd71
fd82fd79fd69fd71
fd69fd71fd71fd79
fd69fd71fd69fd61
fd09fd39fd61fd69
fca9fc99fcd1fcc9
fc68fc91fca9fca1
fc89fc99fca9fc81
fce1fcb1fc78fc78
fd41fd21fce9fcd9
fe8bfdf2fdd2fd92
ffd4ff4bfeebfe9b
fff4005c0095008d
006cffdcff3bff5b
01c601a6015d010d
006c00b5011d0186
011500fd00b50095
023e01be0196013d
00ad016502160236
ffc4ff7bffbc003c
01e60206017d004c
011d0125016501be
00a50115016d011d
fd69fd71fd71fd69
fd61fd61fd61fd61
fd61fd61fd61fd61
fd61fd59fd69fd61
fd69fd69fd79fd71
fd71fd71fd71fd71
fd61fd69fd69fd79
fd69fd61fd59fd61
fd71fd71fd61fd69
fd82fd79fd82fd79
fd82fd79fd79fd71
fd61fd69fd71fd79
fd79fd61fd61fd61
fce1fd29fd51fd61
fca1fca1fca9fcd9
fc91fc81fca9fca9
fc68fc78fc78fc81
fcb1fcc1fca1fc68
fcf1fcd9fce9fcd1
fe2afe4afdd2fd41
fff4ff43feabfe4a
003c00ad00bd003c
00b5006cffdcffb4
01fe01ce0165012d
015501be01c601e6
015d013500f5012d
018e0115011d016d
ff6300b501a601d6
fe7afee3fe9bfe83
021601eeffc4fdca
01b6017501f6023e
008d00f5017d0175
fd71fd71fd69fd69
fd61fd61fd69fd69
fd61fd59fd61fd59
fd61fd59fd69fd61
fd61fd61fd71fd79
fd69fd71fd71fd69
fd69fd69fd69fd71
fd61fd61fd61fd61
fd79fd69fd61fd69
fd82fd79fd82fd8a
fd82fd82fd71fd71
fd61fd61fd71fd79
fd69fd61fd61fd71
fcc9fcf1fd41fd61
fcb9fca1fcb1fcc9
fc78fc70fc70fca1
fc78fc58fc70fc78
fcc9fcc9fcb1fcb9
fd31fd09fcd9fcc9
fddafd9afda2fd71
ff84ff43fef3fe7a
ff7bffcc0095004c
00e50054ffdcffac
01f601c601ce01ce
01a601c601ee0206
010d01250135017d
009d00b500bd00e5
ffcc00240085008d
fdf2fe8bfec3fed3
01a60155ff0bfdaa
020e0297029701a6
017501a6014d017d
fd71fd71fd69fd61
fd61fd61fd69fd69
fd61fd61fd61fd59
fd61fd59fd61fd69
fd61fd61fd71fd79
fd61fd61fd69fd69
fd71fd71fd69fd69
fd61fd69fd69fd69
fd79fd71fd61fd69
fd79fd71fd79fd79
fd82fd82fd79fd71
fd71fd69fd79fd82
fd69fd69fd61fd71
fcb9fcb9fd39fd69
fc89fca1fcb1fcd1
fc81fc81fc81fc60
fca1fc78fc50fc60
fc99fca1fc99fc89
fd29fd09fcf1fcb1
fe0afd82fd19fd49
ff8cfef3fe9bfe32
ff94ffbcffec0034
012500ad004cffb4
0266020e01f60206
01d6021602460236
013d0175016d01a6
00c500dd00dd0105
0024fffc001c005c
ff5bff6bff73002c
0216008dfe22ff1b
024e02a7021e01de
020601b6018e0175
fd71fd79fd69fd59
fd59fd61fd69fd69
fd61fd61fd61fd61
fd61fd59fd61fd69
fd61fd61fd71fd71
fd69fd61fd61fd61
fd79fd79fd71fd69
fd71fd71fd71fd79
fd79fd71fd71fd71
fd79fd71fd79fd82
fd79fd79fd8afd79
fd69fd71fd79fd82
fd71fd69fd61fd51
fcd1fcb1fd01fd69
fc60fc81fc91fcb9
fc68fc89fc91fc89
fc78fc91fc89fc50
fcc9fc78fc89fc91
fd19fd01fcb9fcd9
fdfafde2fd29fcf1
0014ffacfedbfe62
ff84ffd4ffccffcc
0155010d00c5006c
026e021602060206
026e028f026e026e
01a601be01d60236
00fd00e500dd0135
ffac003c009500bd
fe8bff2bff73ffa4
019eff9cfdc2fd51
02bf019e012d01f6
012501a6022e01de
fd79fd71fd69fd61
fd61fd69fd69fd71
fd69fd69fd61fd61
fd59fd59fd61fd61
fd61fd61fd69fd69
fd61fd69fd61fd59
fd79fd79fd79fd69
fd69fd71fd71fd79
fd79fd79fd79fd82
fd79fd79fd82fd8a
fd82fd82fd79fd79
fd51fd69fd82fd82
fd61fd59fd59fd51
fcd1fce1fcc9fd21
fc78fc68fc91fca1
fc58fc78fc91fc91
fc99fc78fc89fc99
fce1fcc9fc78fc89
fcf1fce9fca9fc91
fe0afdb2fd69fd29
ff5bffbcff4bfeb3
006cfff4ff53ff23
018e01450165010d
0236023602160226
02bf02af0297028f
01f60206025e02bf
00fd011d014d01a6
002cffe4003400a5
fd8aff1b002400b5
ff3bfe3afd71fc99
01b6011d014d0095
00ed014501ce0236
fd79fd71fd69fd69
fd61fd69fd71fd71
fd69fd69fd61fd61
fd59fd59fd69fd69
fd61fd59fd61fd69
fd69fd69fd61fd59
fd71fd71fd79fd71
fd79fd69fd71fd71
fd79fd79fd79fd82
fd82fd82fd82fd8a
fd71fd71fd79fd79
fd59fd59fd79fd79
fd49fd61fd51fd59
fc99fcd9fcf1fce9
fc89fc89fc78fca1
fc99fc68fc68fc89
fc89fc89fc68fc68
fc81fcc1fcc1fc89
fd39fcf9fcc1fc91
fe52fddafd61fd39
ff3bfefbff13fed3
017500a5003cffb4
01e6016d01d601fe
022e01fe01ee0226
0307030f02f70287
027602af030f030f
00fd017d01be022e
016d004cffb40024
ff03000c004c0155
fe5afd82fd29fdb2
0196017d0115ff8c
010d011501c6022e
fd71fd69fd69fd61
fd59fd61fd71fd71
fd69fd71fd69fd61
fd69fd71fd71fd71
fd69fd69fd61fd69
fd69fd69fd69fd69
fd61fd69fd71fd69
fd82fd69fd69fd69
fd79fd71fd82fd82
fd71fd82fd82fd82
fd82fd79fd71fd71
fd59fd51fd71fd82
fd29fd71fd59fd49
fca1fc91fce9fcf1
fc89fc91fc91fc81
fc68fc91fc68fc60
fc91fc70fc81fc60
fc91fca1fca9fca9
fd21fd21fcf9fca9
fe12fddafdb2fd39
0054ffa4ff4bfebb
025e017d00ed0085
01d601a6020e025e
02660226024e0246
036f034f02ff0287
02ef03470367036f
019e01e6024e028f
018e013d010d0125
003c00f5018e01a6
fdeafd51fdeafef3
01750175ffccfeab
00dd00e500ed00fd
fd69fd61fd69fd59
fd59fd69fd71fd71
fd71fd69fd69fd69
fd71fd71fd71fd69
fd69fd69fd61fd69
fd71fd69fd69fd69
fd61fd69fd69fd61
fd79fd69fd69fd69
fd71fd69fd71fd79
fd71fd79fd82fd79
fd8afd79fd69fd61
fd61fd69fd71fd8a
fd21fd51fd69fd49
fca1fc91fc91fcf9
fc68fc99fca1fc91
fc60fc58fc89fc68
fca9fc99fc89fc78
fca1fc91fc81fc99
fd21fce9fcf9fcd9
fe12fdb2fdcafdb2
005c0014ffb4fed3
02560206018e00d5
020e01c602160276
026602560287027e
035f032f02e70287
038803a803a8037f
02df02bf02e7033f
02b702e70307030f
013d01b6024e02cf
fde2fe52ff2b0004
019600fdff03fe12
0054005c000c0054
fd69fd69fd69fd59
fd69fd71fd79fd71
fd69fd69fd69fd71
fd71fd71fd71fd69
fd69fd69fd61fd69
fd69fd71fd71fd71
fd69fd69fd61fd61
fd79fd71fd69fd69
fd71fd69fd69fd71
fd71fd71fd79fd79
fd8afd71fd69fd69
fd69fd71fd71fd82
fd31fd21fd69fd59
fca1fc99fc89fcc9
fc70fc68fc99fcb9
fc60fc58fc58fc99
fca9fca1fc89fc70
fcc1fca1fc81fc99
fd9afd09fcc9fce1
fe93fdeafdcafdd2
00d5004cfff4ff6b
023e021601de018e
021601ee023602a7
0226022e0256025e
0327030702d7026e
03d003d003a00377
03a803b003a803c8
037f03a803e003d8
019601f6027e0327
fe72ff7bfffc00ad
00d5ff9cfe7afdba
ff33ff7300240125
fd71fd69fd61fd69
fd69fd69fd71fd71
fd69fd69fd69fd71
fd69fd71fd71fd69
fd69fd61fd61fd69
fd71fd79fd79fd71
fd69fd69fd69fd69
fd82fd71fd71fd69
fd71fd69fd69fd71
fd69fd71fd79fd79
fd79fd79fd69fd69
fd59fd71fd79fd79
fce9fd01fd59fd61
fcb9fca1fca9fc81
fc91fc68fc58fc99
fc81fc81fc78fc68
fc91fc89fc91fc99
fcc9fcb9fc89fc81
fd8afd79fd21fcc1
ff3bfe8bfdf2fdca
01c601550054ffcc
0287024602160206
01ce02160226028f
01e601de022e0226
030702e7027e0216
03b803b0036f0367
03a803b803980390
035f03b803e003d8
01d6027e02bf0327
fee3ffc4004400cd
ff23fe1afd59fdc2
fea3ff23002c00cd
fd71fd69fd61fd69
fd69fd71fd71fd71
fd69fd69fd69fd69
fd69fd71fd71fd69
fd71fd69fd61fd61
fd79fd79fd79fd79
fd69fd69fd79fd79
fd82fd79fd71fd71
fd71fd71fd69fd69
fd69fd79fd82fd79
fd71fd71fd69fd69
fd49fd61fd79fd69
fca1fcf9fd29fd61
fc99fcc9fca1fc99
fc78fca1fc81fc68
fca1fc91fc99fc81
fc78fc68fc70fc78
fcd1fcd1fca1fc81
fde2fdbafd92fd11
ffb4ff2bfe9bfe4a
0266022601550024
0287027e02360246
01d6020e022e0236
01ce01de022e01fe
02cf028f01fe01ee
03a80388034f031f
036f036f03470347
02f7037703c803b0
0236029f02ff0337
ff5b006c0085014d
fce9fcc9fce9fe22
fe8bff23fdd2fd59
fd79fd69fd69fd69
fd69fd71fd79fd82
fd69fd69fd69fd69
fd61fd61fd69fd69
fd79fd69fd61fd61
fd79fd79fd79fd82
fd71fd71fd82fd79
fd82fd79fd71fd71
fd71fd71fd71fd71
fd69fd79fd82fd79
fd61fd61fd69fd71
fd51fd49fd61fd61
fc91fce1fd19fd41
fc70fcc9fcb1fca9
fc89fca1fcc1fc81
fc78fc89fc89fc91
fc91fc68fc70fc81
fd29fcf1fcd1fc91
fe52fddafdc2fd8a
0064ffd4ff73ff13
0276022601de012d
025e027e026e029f
01fe020e02360266
01a601c6023e01e6
029f023e01de0206
03980367032702e7
0327032f02ff0347
03070347037f0347
0256029f031f031f
002401ce01ae01fe
fcc9fca9fd71fec3
fee3fddafcb9fd61
fd82fd69fd61fd69
fd71fd71fd79fd79
fd69fd71fd71fd71
fd61fd69fd69fd61
fd79fd71fd61fd61
fd79fd79fd79fd79
fd69fd79fd82fd82
fd71fd71fd71fd71
fd79fd69fd71fd69
fd71fd79fd82fd82
fd59fd61fd71fd79
fd61fd41fd59fd69
fcb9fca9fcf1fd01
fc78fc99fcd1fca9
fc91fc89fcc1fcc1
fc78fc68fc70fc91
fca9fc81fc68fc78
fe22fd79fd09fcd9
ff2bfe6afe12fe52
00f5008500b5004c
022e01ee01be017d
027e023602460276
02260216028f02b7
015501f6023e021e
0287023601fe01fe
035f030f030f02b7
02f70327030f0357
02df02ef02ff02ef
02560266029702ef
00e501ee0256027e
fd01fd71fe7aff2b
fdb2fcc1fd49fe12
fd79fd61fd61fd69
fd71fd71fd71fd82
fd69fd71fd71fd71
fd61fd69fd69fd61
fd71fd71fd69fd61
fd79fd79fd71fd79
fd69fd79fd79fd79
fd69fd71fd69fd69
fd82fd71fd71fd69
fd71fd79fd82fd82
fd61fd69fd71fd71
fd49fd51fd49fd69
fcb9fcb1fcb9fcf9
fcd9fca1fcd1fcd1
fc91fc89fc70fc91
fc81fc81fc68fc78
fce9fcb9fc78fc60
fed3fe8bfdcafd31
008dffa4ff03feb3
012d00e500d5013d
022e01fe018e0145
02b7023601c6020e
021e0246028f02b7
01be021602360246
025602360206022e
031702d702e7024e
02f703170317032f
027e02b702c702df
022e01d6020e025e
00f501de02360256
fdaafe5afee3ff2b
fd11fcf9fdf2fe1a
fd69fd61fd61fd69
fd71fd71fd69fd71
fd69fd71fd71fd71
fd59fd61fd61fd61
fd71fd71fd69fd61
fd71fd69fd71fd71
fd71fd79fd79fd71
fd71fd79fd71fd79
fd79fd71fd71fd69
fd69fd79fd82fd82
fd59fd61fd79fd69
fd29fd59fd41fd51
fcd9fcc1fcb9fcf9
fcb1fcc9fca9fcd1
fc70fc89fc99fc89
fc60fc89fc91fc81
fd51fcf9fcb9fc70
feebfe9bfeabfe0a
014d00cd0064ffb4
014d00e5008d010d
0206020601de0196
0287025601f601de
0226025e0276027e
0226021e02660246
025e0236021601de
029702af027e0216
031702ff02b702a7
01e6021e023e02bf
01550145017d01ae
005c014d01a601a6
ff73feebfedbff23
fd41fd69fdd2fe2a
fd69fd61fd61fd61
fd71fd71fd71fd69
fd69fd71fd71fd71
fd59fd51fd59fd61
fd71fd71fd61fd61
fd69fd69fd71fd71
fd71fd79fd79fd71
fd71fd71fd79fd82
fd71fd71fd71fd69
fd69fd71fd79fd79
fd59fd61fd69fd61
fd09fd49fd41fd31
fcd9fcd1fcc9fcd9
fc89fcc9fcb9fca9
fc78fc60fc89fca1
fc89fc68fc78fc91
fe8bfdb2fd19fcb9
0044ff8cff2bff33
012d0125010d00c5
01a6013d00c500dd
01f601c601be01be
025e024e020e01fe
025e026602660256
023e0236027e0276
0226022601fe01be
0226023601f60226
02bf02af0297024e
015d01ae01b60256
00cd008d00ed00f5
ffec00f5012500e5
009dffc4fe83ff33
fd01fd59fd71fe93
fd69fd69fd61fd59
fd69fd69fd69fd69
fd69fd69fd69fd69
fd61fd59fd61fd61
fd69fd69fd61fd61
fd71fd71fd69fd69
fd71fd79fd82fd79
fd79fd79fd79fd79
fd69fd69fd69fd69
fd69fd71fd71fd71
fd51fd61fd59fd69
fce9fd39fd49fd31
fcb1fcd1fcb1fcc1
fc81fca9fcd9fc99
fc89fc70fc68fc99
fd11fce1fc78fc78
ffa4ff0bfe12fd51
013d00dd0014ffac
011d012d012d0135
018e01750135010d
01e601d6019e018e
023e022e020601f6
028f027e025e0246
0256028f02af02a7
020e021e01ce01ce
01ce01de01c6023e
020e0246022601be
00f5014d016d01e6
fff4ffb40034005c
ffb4008500850014
ffb4fef3fe6afecb
fd31fce9fd29fe6a
fd61fd69fd69fd61
fd69fd61fd69fd69
fd71fd71fd69fd69
fd69fd69fd69fd69
fd69fd71fd69fd69
fd79fd71fd61fd69
fd79fd82fd82fd82
fd79fd79fd79fd79
fd69fd69fd69fd69
fd61fd69fd71fd69
fd51fd61fd49fd61
fcd9fd21fd51fd41
fca9fcc9fcc1fca1
fca1fc91fcc9fce1
fcb1fcb9fca9fc99
fd82fd29fd01fce9
ffc4ff8cff4bfe62
0175017d012d0095
015d01550125012d
01a6019601750175
01e601e601c601a6
0216020e01fe01e6
02cf029f02660226
029f02d702d702df
0236021e01ce0216
015d01be01ee0206
01ae021601de013d
007400d5010d016d
ff3bff33ff7bffbc
ff43ffe4ff9cff3b
feabfe93fe0afe5a
fd19fc99fd21fdfa
fd61fd69fd69fd69
fd69fd61fd61fd69
fd71fd71fd69fd69
fd71fd71fd71fd71
fd79fd79fd79fd79
fd71fd71fd69fd71
fd79fd82fd8afd82
fd79fd79fd79fd79
fd61fd69fd69fd69
fd69fd79fd79fd69
fd59fd51fd41fd59
fcb9fcf1fd41fd59
fce1fc99fcd1fcc9
fca9fcd1fcc1fce9
fcc1fc81fc91fc91
febbfdb2fd39fd09
00cdfff4ffacff9c
0135017501750135
018601860175012d
01b601c601be0196
01ce01c601ae01ae
020e01e601ce01c6
02c70297025e021e
02bf02df02ef02df
025e02160206026e
013d01ee021e0236
0165019601650125
00040024008500d5
fe9bfecbfefbff73
fee3ff23fecbfecb
fe8bfdfafdcafe2a
fca1fc99fd21fdb2
fd69fd71fd71fd69
fd69fd61fd61fd69
fd71fd69fd69fd61
fd79fd71fd71fd79
fd82fd8afd82fd79
fd79fd79fd71fd79
fd79fd8afd92fd82
fd79fd82fd82fd79
fd61fd69fd69fd69
fd69fd79fd71fd69
fd49fd49fd41fd51
fcd1fcd9fd19fd49
fcc9fc91fca9fcf9
fc78fca9fc91fca1
fd09fcd1fc91fc81
ff73fedbfde2fd59
013d0105003cffa4
015501450145013d
01ae019601a60196
01de01e601de01d6
01d601ce01be01ce
01fe01ee01ce01ce
02bf028702460216
02cf02d702d702c7
024e022e0276029f
019e020e022e0266
00ed011500e500fd
ff94ffc4fff40054
fe1afe72febbff2b
fe83fe5afe22fe52
fe12fda2fdaafe1a
fc70fce9fd51fd92
fd61fd69fd71fd69
fd61fd61fd59fd61
fd79fd71fd69fd69
fd79fd71fd79fd79
fd82fd82fd79fd79
fd82fd82fd79fd82
fd8afd8afd92fd8a
fd82fd8afd8afd82
fd69fd71fd71fd71
fd69fd79fd79fd69
fd41fd41fd49fd49
fd09fcd1fd01fd41
fcc9fcd1fc78fcd1
fc91fc91fca1fc89
fd79fd21fce1fcb9
ff7bff4bfeebfe0a
014d013500e5004c
01ae015d012d0135
01ee01be01be01ce
01de01e601f60206
01c601ce01ce01de
01ee01ee01ee01de
0276025e02360206
02af02bf02cf029f
0246025e029f02b7
019601ee020e0216
005c008d008d00bd
fee3ff1bff8c0034
fd8afddafe6afeb3
fde2fdd2fd9afd9a
fd69fd82fd71fdea
fc89fcc9fcd9fd29
fd61fd69fd69fd71
fd61fd59fd59fd59
fd79fd71fd61fd69
fd79fd79fd79fd82
fd79fd79fd71fd71
fd8afd79fd79fd82
fd8afd8afd8afd8a
fd8afd92fd92fd8a
fd69fd69fd71fd82
fd71fd79fd71fd71
fd41fd39fd59fd61
fd01fd11fcf9fd49
fcb1fcd9fc99fc70
fcc1fca1fc99fca1
fe22fd8afd21fce1
004cff7bff3bfedb
0145011d010d00dd
01a6019e01860165
020e01e601e601d6
01de01f6020e0216
01de01de01ce01d6
01e601ee01ee01de
02760256022e0206
02a7029702a7027e
0256028702a702b7
017d01d601de0216
0014000c0054009d
fe32fe6aff43ffc4
fd39fd82fda2fe22
fd8afd8afd21fd09
fd92fdaafd11fdb2
fcc1fcc9fca9fd21
fd59fd69fd71fd79
fd59fd59fd59fd51
fd79fd71fd61fd61
fd71fd82fd79fd79
fd61fd61fd61fd61
fd79fd69fd71fd69
fd8afd92fd8afd82
fd82fd92fd8afd82
fd59fd51fd69fd82
fd71fd79fd79fd71
fd41fd29fd69fd79
fcc9fd19fcf1fd41
fc99fca1fcb9fc78
fcc9fca1fca9fcb1
fed3fe42fdcafd39
00c50044ff73ff2b
01550125010d00f5
01b601ae01a60196
021e020601fe01e6
01f60206020e020e
01ee01e601ce01de
020601f601ee01de
026e025602360216
02870297028f027e
0276029f0297028f
015501be01de0226
ffa400040014009d
fdd2fe4aff0bff73
fd39fd69fd69fdc2
fcf9fd11fcd9fcd1
fd59fdfafd29fd79
fca1fcb1fcd1fd19
fd61fd61fd71fd79
fd59fd59fd51fd59
fd71fd69fd61fd59
fd71fd82fd71fd69
fd59fd59fd59fd61
fd71fd69fd61fd61
fd92fd92fd82fd82
fd8afd92fd92fd8a
fd51fd49fd71fd8a
fd61fd79fd82fd69
fd59fd39fd51fd71
fc89fd21fd11fd21
fca9fcb9fcd1fcb1
fd59fcd1fcc1fcc1
ff23fed3fe5afde2
00dd00a50014ff6b
0175013d010500ed
01be01b601be01a6
021e0216020e01f6
020602160216020e
01d601de01ee01fe
01fe01de01de01e6
026602460236020e
026e026e025e026e
024e026602760276
0145019601d60216
ff6bffd4000c00c5
fdfafe5afed3fef3
fd19fd11fd39fd9a
fcc9fcc9fc91fcb9
fcd1fe32fd69fd11
fc78fcb1fcd9fcf9
fd69fd69fd69fd79
fd61fd59fd59fd61
fd61fd61fd59fd61
fd71fd71fd71fd69
fd61fd69fd69fd71
fd71fd69fd69fd69
fd92fd8afd8afd79
fd82fd8afd92fd8a
fd59fd51fd69fd82
fd61fd71fd79fd69
fd49fd39fd39fd61
fc81fcf1fd41fd39
fcc9fcc1fcc9fce1
fe02fd71fce1fcc9
ff53ff03fec3fe5a
00b500a50054ffdc
018e014d010d00cd
01de01d601be01ae
021e021e02160206
020601fe01fe020e
01e601de01ee01fe
01f601ee01de01ee
02460236022e0216
023e024e025e024e
02060226023e022e
0115016501b601de
ff5bff9c002c00e5
fe1afe72fe8bfeb3
fcd9fcf1fd21fd92
fcb9fcb1fc89fcc1
fc91fd82fdaafcf9
fc70fcd1fcd9fcc1
fd69fd69fd69fd69
fd61fd61fd61fd61
fd61fd61fd61fd61
fd61fd69fd69fd61
fd61fd69fd71fd71
fd71fd61fd69fd69
fd92fd92fd8afd82
fd79fd79fd82fd8a
fd51fd51fd61fd79
fd61fd69fd71fd61
fd41fd51fd41fd41
fcd1fca9fd39fd21
fcd1fcd1fcb9fce1
fe7afe12fd69fcc1
ffb4ff43feebfeb3
00bd00950054000c
017d0155011d00e5
01e601c601a6019e
02260216020e0206
0206020602060216
01ee01de01fe0206
01e601e601d601e6
021e0216020601e6
020e0206021e0226
01be01de01f601f6
011d0175019e01ae
ff53ff9c004400ad
fdf2fe2afe1afe83
fcb9fd09fd21fd92
fcb9fc99fca9fcb9
fc81fd21fe02fcb9
fc91fcc9fcb1fcb1
fd69fd71fd69fd69
fd61fd61fd69fd69
fd61fd61fd69fd69
fd61fd69fd69fd61
fd71fd71fd71fd69
fd79fd69fd69fd69
fd8afd8afd82fd79
fd71fd79fd79fd82
fd61fd51fd61fd71
fd59fd59fd69fd61
fd41fd79fd51fd39
fcf9fc89fce1fd11
fcd1fce9fcd1fcd1
fec3fe83fe02fd51
fffcffa4ff33fedb
00e5009d004c001c
017d0155011500f5
01c601ae019e018e
01fe01f601e601de
0206020e02060206
01ee01f6020e0206
01e601de01d601e6
01ee01fe01de01e6
01e601d601de01e6
019e01a6019e01ce
0105014d0175018e
fee3ff63003c007c
fdaafdfafdf2fe5a
fcb1fd09fd31fd79
fc81fca1fcb1fc91
fc68fcf1fdd2fcd9
fca1fcb9fcc9fca1
fd71fd69fd61fd61
fd79fd69fd69fd71
fd61fd61fd69fd69
fd61fd61fd69fd61
fd71fd79fd79fd69
fd71fd71fd69fd69
fd79fd79fd79fd71
fd69fd71fd71fd71
fd59fd51fd59fd69
fd69fd59fd61fd61
fd29fd82fd59fd51
fcf1fcd1fc99fd11
fd41fd01fd09fcd1
ff03fec3fe62fdf2
000cfff4ffc4ff6b
00f500bd00440024
015d013d011500f5
01a601960196017d
01d601d601c601b6
020601fe01fe01de
01fe01fe01fe01fe
01de01d601de01fe
01e601de01d601de
01be01ce01c601ce
01650186018e01a6
00ed012501450155
fef3ff6b0014005c
fd71fdaafdd2fe5a
fd11fd29fd09fd31
fc70fc99fc78fc91
fc68fd11fd59fd31
fcb9fcb1fcd1fca9
fd71fd71fd69fd61
fd79fd82fd71fd71
fd61fd61fd61fd69
fd61fd61fd61fd61
fd71fd79fd71fd69
fd71fd71fd69fd71
fd69fd61fd69fd69
fd69fd79fd79fd79
fd51fd51fd59fd69
fd71fd71fd59fd59
fd29fd49fd69fd41
fcd9fd09fcb1fcf9
fdfafd31fd09fcf9
ff7bff0bfec3fe72
000c00240004ffdc
010500bd00640024
014d012d011d00fd
0186017d016d015d
01b601ae019e018e
01ee01ce01be01b6
01ee01ee01f601fe
01de01de01ee01ee
01d601ce01d601de
01ae01be01be01d6
011d014501750196
009d00f501050125
ff13ff63ffec004c
fd59fd69fdcafe62
fcf9fcf9fcd1fd29
fcb9fc78fc70fc91
fc68fcf1fce1fd11
fca9fca9fcc9fca1
fd71fd69fd69fd69
fd79fd82fd82fd71
fd59fd59fd61fd69
fd61fd59fd59fd59
fd71fd71fd71fd69
fd79fd79fd71fd71
fd69fd69fd69fd69
fd69fd71fd79fd79
fd59fd51fd59fd61
fd8afd71fd59fd59
fd19fd11fd71fd69
fce1fd09fcf1fcd9
fe6afd92fcd1fd11
ffccff84ff1bfed3
00240024000cffec
00fd00bd007c002c
013d011501050105
015d0155013d012d
018e017d017d0165
01ce01be01be01a6
01de01de01d601d6
01ee01ee01e601de
01c601c601ce01e6
019e01ae01be01c6
0125014d01750196
009d00c500cd00fd
fefbff3bff8c001c
fd49fd69fddafe72
fce1fce1fcf1fd29
fcc9fc78fc78fca1
fc91fcf1fc91fcf9
fc78fca1fc91fc78
fd79fd71fd71fd71
fd79fd79fd79fd79
fd51fd49fd51fd61
fd61fd59fd59fd51
fd69fd71fd69fd69
fd79fd79fd79fd79
fd71fd71fd79fd79
fd61fd61fd69fd69
fd61fd51fd61fd61
fd92fd51fd59fd59
fd09fd11fd71fdb2
fd11fcd9fd21fce1
fe93fdf2fce1fcd9
fffcffc4ff73ff13
002c000c000c0004
00dd00b5008d0054
012500fd00f500ed
0155012d010d0115
018e017d017d016d
01d601de01ce01a6
01de01de01d601d6
01ee01ee01e601de
01be01ce01ce01e6
018e018e01a601be
01150145015d017d
006c0054009d00dd
fef3ff23ff84002c
fd69fd9afe12fe83
fcb9fcf1fd21fd31
fc81fcc9fca9fcb9
fca9fc78fc81fca9
fc89fca1fc89fc78
fd79fd71fd71fd71
fd69fd69fd71fd79
fd49fd51fd51fd59
fd61fd59fd59fd59
fd79fd71fd61fd61
fd82fd82fd8afd82
fd79fd79fd79fd82
fd59fd61fd61fd61
fd59fd51fd69fd61
fd8afd61fd61fd51
fcf1fd19fd61fdc2
fcf1fcd9fd19fd09
feabfe12fd69fca1
0004ffdcffacff4b
002c000c000c000c
00b5009d00740054
010d00dd00d500c5
0175014d01250115
01b601ae01a60196
01de01e601d601ce
01e601ee01f601e6
01e601ee01e601e6
01ae01ce01d601de
0196018e0196019e
010d013d015d0175
004c004c008d00d5
fedbff0bffa4005c
fd31fdc2fe3afe8b
fcd9fcf9fd11fd31
fc81fcf1fd31fce1
fca1fc50fc91fc48
fc89fc91fc70fc91
fd71fd71fd79fd79
fd69fd69fd69fd69
fd51fd51fd49fd51
fd61fd59fd59fd59
fd82fd71fd69fd69
fd8afd8afd8afd82
fd71fd79fd79fd82
fd61fd61fd69fd69
fd51fd59fd69fd69
fd8afd71fd69fd51
fd01fd31fd41fdb2
fcc9fce9fd11fd39
feb3fe1afd9afd21
001cfff4ffbcff5b
001cfffcfffc001c
008d00640054003c
00ed00950085008d
01a6017501450115
01ce01de01de01c6
01ee01fe01fe01e6
01ee01ee01f601ee
01d601de01e601ee
01a601be01d601d6
01750186019e019e
010d012d0145015d
007c00a500bd00d5
fee3feebffbc0064
fd39fde2fe52fe8b
fcd1fd09fd29fcf9
fc81fcb9fcd1fcf9
fca9fc91fc91fc68
fc89fc89fc60fc99
fd61fd61fd71fd71
fd61fd61fd69fd61
fd59fd51fd51fd51
fd61fd59fd51fd59
fd82fd71fd71fd69
fd82fd8afd92fd8a
fd71fd71fd79fd82
fd69fd69fd69fd69
fd49fd51fd59fd71
fd92fd79fd82fd49
fd01fd29fd29fd8a
fce9fd21fd09fd19
febbfe32fda2fd11
002cfffcffacff3b
0014fffcfff40014
0034001400240034
00ad0014fff40014
018e015d011d00bd
01ce01c601ce01c6
01c601be01c601be
01d601c601c601be
01ce01ce01e601ee
018e018e01ae01ce
0175018e01960196
0105012d013d0155
00e500ed00ed00e5
fed3ff1b000c009d
fd69fdd2fe5afec3
fdb2fd61fcf1fcf1
fc99fc91fc78fce1
fca1fc99fc68fc68
fc89fc78fc68fcb1
fd69fd69fd71fd71
fd51fd61fd69fd61
fd59fd59fd59fd51
fd61fd61fd59fd59
fd82fd71fd71fd69
fd82fd8afd92fd8a
fd61fd69fd71fd79
fd71fd71fd71fd69
fd41fd49fd51fd61
fd92fd79fd82fd61
fcf1fd11fd49fd69
fc89fd01fd51fd01
fe8bfdfafd59fcc1
001cfff4ff6bfefb
0014ffecfff4001c
ff9cffbc000c0024
0004ff73ff6bff7b
011d00e500b50014
0155014d016d0155
012d013d012d012d
015d012d0115011d
019e01b601be019e
016d01750186019e
016d017d017d0175
0105011d014d015d
012d011d00fd0105
ff0bffbc00ad010d
fd92fddafe7afee3
fcf9fd01fd09fd31
fc81fcb9fd39fcf1
fc68fc68fc68fc89
fc99fc50fc60fc91
fd61fd61fd69fd71
fd61fd59fd61fd61
fd61fd59fd59fd59
fd61fd61fd61fd61
fd79fd69fd69fd69
fd82fd82fd8afd8a
fd69fd71fd69fd79
fd71fd79fd71fd71
fd39fd41fd59fd69
fd82fd82fd82fd79
fd11fce1fd49fd21
fc81fc91fd29fd11
fe3afdb2fd61fcc9
0014ffbcff13fea3
0014fff4fffc0024
ff03ff7bffcc001c
ff33feebff03ff03
ffdcffa4ff73ff7b
003400440064003c
0054006400340024
0044fffc000c0024
01650145010d00c5
014d015d016d0175
0155015d015d0155
0115011d012d014d
0155013d0115010d
ff6300a50145015d
fdd2fe42feabff03
fca9fc99fcf9fd82
fc60fc78fca1fca1
fc91fc70fc78fc78
fc89fc40fc81fc70
fd59fd61fd69fd71
fd61fd61fd61fd61
fd61fd59fd59fd61
fd61fd59fd59fd61
fd79fd71fd69fd61
fd79fd79fd82fd82
fd71fd79fd71fd71
fd71fd79fd82fd82
fd41fd39fd49fd61
fd82fd79fd71fd71
fd31fce9fd31fd31
fcc9fc78fcc9fd31
fe22fdcafd61fd19
0004ff73fed3fe6a
001cfff4fff4002c
fef3ff33ffc40014
fed3feabfeabfecb
fe52fe7afecbfeeb
fed3fedbfed3fe8b
ff13ff0bff0bfeeb
ff73ff2bff0bff1b
00a50064fff4ffb4
012d013d012500ed
01350135012d0125
010d012501250135
017d0155011500fd
0034015d01960196
fe2afea3fef3ff73
fc91fc99fce1fd79
fc50fc68fc70fca1
fc78fc50fc30fc40
fc70fc48fc91fc68
fd59fd61fd71fd79
fd59fd59fd59fd59
fd69fd61fd59fd59
fd61fd61fd61fd69
fd71fd69fd69fd69
fd71fd71fd71fd71
fd82fd82fd82fd79
fd69fd71fd82fd8a
fd59fd31fd49fd59
fd82fd79fd79fd8a
fd51fd11fd39fd29
fdf2fd41fc99fd19
fe8bfe5afe12fe22
ffe4ff3bfecbfe8b
0014ffec00040034
fee3ff5bffdc001c
fecbfecbfeabfec3
fe4afe83fec3fecb
fdcafde2fdc2fdfa
fe62fe0afdfafdc2
ff33ff03fed3febb
ffccff94ff6bff63
00f500cd007c002c
011d011d01250115
00fd010d0115011d
017d0145011d00ed
011501a601b6019e
fe32fec3ff94001c
fca9fcc1fd09fd9a
fc81fc91fc70fc81
fc38fc30fc38fc70
fc58fc58fc89fc38
fd59fd61fd61fd69
fd59fd59fd51fd59
fd69fd59fd49fd49
fd69fd69fd69fd71
fd71fd79fd71fd71
fd79fd71fd79fd71
fd92fd92fd8afd79
fd69fd71fd82fd92
fd71fd41fd49fd61
fd61fd8afd92fdaa
fd39fd11fd01fd19
feebfddafcb9fcc9
ff84ff73ff4bff53
ffccff4bff3bff5b
fff4ffdc00140034
ff1bff84ffd40004
fedbfed3fec3feb3
fe22fed3ff1bfefb
fda2fd8afd92fdb2
feabfe42fe0afdca
ff53ff23ff03fee3
ff94ff3bff53ff5b
00b50054fffcffdc
0105010d010d00e5
00c500e500ed00fd
0175014d011500dd
0175019e01ae0196
fe3aff43004400c5
fcb1fce9fd39fdaa
fc58fc68fc81fc91
fc50fc68fc50fc60
fc50fc70fc78fc20
fd59fd61fd69fd71
fd51fd59fd51fd51
fd71fd61fd51fd41
fd71fd71fd71fd79
fd71fd79fd79fd71
fd79fd71fd71fd71
fd92fd92fd92fd82
fd61fd69fd71fd8a
fd61fd41fd49fd69
fd59fd82fda2fd9a
fd29fd29fd11fd29
ff13fe0afca1fc58
002c0004ffe4ffa4
fff4ffec00340054
ffe4ffec00140024
ff94ffbcffdcfff4
ff23ff0bff1bff33
fefbff4bff84ff5b
fe1afdfafe3afe6a
ff03ff03feb3fe5a
ff6bff63ff4bff23
ff73ffa4ff84ff84
006c003cffccff8c
00d500c500b50095
009d009500b500cd
016d013d00fd00d5
019e01ae019e0186
febbffe4009d012d
fcc9fd01fd61fde2
fc81fcb1fcb1fca9
fc48fc50fc38fc68
fc40fc89fc78fc18
fd59fd61fd69fd71
fd49fd51fd51fd51
fd71fd69fd59fd49
fd71fd79fd82fd79
fd71fd79fd79fd79
fd82fd71fd69fd69
fd8afd8afd82fd79
fd61fd69fd69fd79
fd69fd59fd59fd61
fd21fd79fd8afd92
fd01fd41fcf9fd19
ff13fdc2fc50fc18
00440034000cffbc
00440085008d005c
ffd4ffe40014001c
ffd4ffc4ffd4ffe4
ff8cff5bff53ffa4
ffbcffdcffe4ffc4
ff2bff23ff73ff94
ff63ff63ff4bff23
ffbcffb4ff6bff4b
ffa4ffb4ffa4ffbc
ffecffb4ff8cff73
008500640054002c
00850054005c0074
013d010500cd00ad
01be01b60196016d
ff4b001c00ed0186
fce9fd41fdbafe72
fc91fc89fcb1fcb9
fc58fc99fc78fc89
fc58fc89fc70fc20
fd69fd71fd79fd79
fd59fd61fd59fd61
fd71fd69fd59fd51
fd79fd82fd8afd79
fd79fd79fd79fd79
fd79fd71fd71fd71
fd79fd82fd71fd71
fd59fd61fd61fd71
fd71fd69fd61fd59
fd39fd82fd9afda2
fca1fd39fcf1fd19
fe93fcc9fc28fc18
0064003c000cff94
008500950074006c
ffb4ffdc00040014
ffacffb4ffb4ffbc
ff94ff7bff7bff94
00040014000cffe4
ffccffccffdcfff4
ffacffa4ffacffbc
ffa4ffacffacffa4
ff84ffa4ffa4ff9c
ff94ff5bff43ff3b
fffcffdcffacffa4
005c002cffecffe4
012500e500a5007c
01ce01a6017d014d
ff940074014d01be
fd29fdaafe42ff1b
fcb9fcc9fce1fcd1
fc58fc99fc70fc81
fc81fc68fc48fc28
fd71fd79fd79fd79
fd69fd61fd61fd69
fd71fd61fd51fd59
fd71fd82fd82fd79
fd71fd79fd71fd71
fd71fd71fd79fd79
fd69fd69fd61fd61
fd51fd59fd61fd69
fd92fd71fd61fd49
fd39fd82fd92fd92
fc50fd21fcf9fd19
fd71fc28fc30fc30
006c0034ffe4ff33
007c008d00850074
ffa4ffccffec0024
ff84ff8cff94ff9c
ff7bff5bff63ff7b
00040004fff4ffc4
ffd4fffcfffc0004
ffbcffc4ffdcffdc
ff73ff84ff94ff9c
ff3bff6bff84ff7b
ff2bff13ff13ff13
ff63ff53ff3bff33
0024000cffbcff8c
010d00c5008d005c
01be018e016d014d
001400ed019601c6
fd8afe02feb3ff84
fc68fc89fce9fd29
fc40fc91fc91fc68
fc70fc50fc38fc18
fd69fd69fd69fd69
fd61fd61fd59fd61
fd69fd59fd51fd59
fd61fd69fd79fd71
fd79fd79fd69fd71
fd71fd79fd82fd79
fd69fd61fd59fd59
fd51fd51fd51fd61
fdaafd8afd69fd49
fd09fd71fd8afd92
fc48fd01fd09fcf1
fc60fc10fc38fc48
003c000cff8cfe42
00850085006c0054
ff94ffc4ffdc0044
ff33ff53ff6bff73
ff4bff13ff13ff23
ffdcffd4ffccffac
00040014000cfffc
ffbcffccffc4ffe4
ff4bff6bff7bff9c
ff03ff13ff33ff3b
fee3fee3fefbff03
ff13ff13ff13fef3
fff4ffb4ff73ff4b
00ed00b5007c0034
0186016d01550135
0085014d019e01a6
fe22fe3afed3ffdc
fcc1fd01fd09fd8a
fc40fc89fc78fc50
fc60fc58fc38fc30
fd69fd71fd69fd69
fd59fd59fd61fd61
fd61fd59fd59fd61
fd61fd61fd69fd69
fd79fd71fd71fd71
fd71fd79fd82fd79
fd69fd69fd51fd59
fd49fd51fd51fd61
fdaafd9afd69fd49
fce9fd69fd8afd92
fc30fcb9fd29fcf9
fc18fc10fc28fc40
ffb4ff5bfed3fd49
004c002c000cffec
ff8cffccffdc0044
fee3ff03ff3bff5b
ff0bfecbfecbfee3
ff94ff9cff94ff7b
001c000c0004ffd4
ffbcffdc0004001c
ff43ff63ff84ffac
fee3fefbfefbff23
feb3febbfed3fed3
fef3fed3fed3fec3
ffdcff84ff3bfefb
00e500ad0064002c
017d015d01450125
00b50175019e018e
fde2fe6aff3b0034
fce1fce1fd39fdd2
fca1fc91fca1fcb1
fc60fc91fce9fcc1
fd69fd71fd69fd69
fd59fd59fd61fd61
fd61fd61fd61fd61
fd69fd69fd61fd69
fd79fd79fd79fd79
fd69fd71fd79fd79
fd61fd61fd51fd59
fd51fd51fd51fd59
fda2fda2fd69fd49
fce9fd49fd79fd92
fc18fc81fd39fd19
fc30fc18fc20fc30
ff7bff3bfee3fd69
ffe4ffc4ff94ff84
ffc4ffe4ffbcffec
fec3fee3ff23ff73
fecbfea3fe9bfeab
ff4bff5bff63ff43
0004ffd4ff9cff6b
ffd4fff4001c0024
ff63ff7bff94ffa4
fefbff0bff2bff4b
fe9bfea3febbfed3
fed3febbfea3fea3
ffccff7bff2bfee3
00f500ad005c0014
016d015d0155013d
00ad015d0196017d
fe0afed3ffa4003c
fcd9fd21fd49fd79
fd19fce1fcf9fcb9
fc70fcf1fe12fe02
fd69fd69fd69fd71
fd59fd59fd59fd61
fd69fd69fd61fd59
fd82fd79fd71fd69
fd71fd79fd79fd82
fd69fd69fd71fd79
fd59fd59fd59fd61
fd51fd51fd49fd51
fdc2fda2fd71fd51
fcc9fd21fd79fda2
fc08fc68fd31fd21
fc30fc28fc30fc28
fe42fe22fdf2fcd9
ffacff53fe5afe52
001c0014ff94ff63
feabfecbff23ffb4
fe8bfe7afe83fe8b
feabff23ff2bfeeb
ffe4ff84ff23feab
ffccffec000c000c
ff63ff7bff94ffa4
ff0bff1bff3bff4b
fe8bfe9bfebbfeeb
fee3feb3fe9bfe93
ffe4ffa4ff4bff13
00fd00cd007c0034
0175016501550135
00b501350175017d
fe7aff3bffdc0034
fd19fd59fd8afdd2
fe02fd59fd29fd09
fc81fd21fe0afe62
fd61fd69fd69fd71
fd59fd51fd59fd61
fd69fd61fd61fd61
fd8afd82fd71fd71
fd71fd79fd82fd8a
fd61fd69fd71fd79
fd51fd51fd59fd59
fd51fd51fd49fd49
fdd2fdaafd79fd59
fcb9fd11fd69fda2
fc10fc78fd19fd39
fc38fc30fc38fc20
fcd9fc89fc78fc58
feb3fde2fd31fd21
006c005cff9cfeb3
fe83feb3ff23fff4
fe62fe62fe62fe62
fdc2febbfedbfe93
ff7bff3bfe83fd69
ff6bff7bff84ff84
fee3ff1bff4bff5b
fed3fed3fed3fed3
fe7afe8bfeabfecb
ff2bfedbfea3fe7a
0024ffe4ffa4ff6b
00fd00d500a5007c
0165015501450125
007c010d013d015d
fea3ff53ffec003c
fd39fd59fd8afe0a
fdf2fde2fd8afd41
fc78fd39fde2fdea
fd59fd61fd69fd69
fd61fd61fd61fd61
fd71fd69fd69fd69
fd82fd79fd71fd71
fd71fd79fd82fd82
fd61fd69fd71fd71
fd49fd51fd59fd59
fd51fd49fd49fd49
fdd2fdb2fd8afd69
fce1fd11fd61fd92
fc18fc81fd09fd39
fc48fc50fc50fc30
fcd9fc91fc81fc60
fe0afd69fd21fd31
0095008d000cfee3
fe62fea3ff43001c
fe4afe52fe52fe42
fd29fe3afeb3fe83
ff13fe9bfd41fcb1
fee3fecbfecbfef3
fe93febbfec3febb
fe42fe5afe6afe7a
fe42fe4afe42fe3a
ffa4ff23feabfe52
006c004c003c0004
010d00ed00d500ad
013d012d013d012d
003c00f50135013d
feabff5b0034003c
fd69fd69fdb2fe2a
fda2fda2fd8afd8a
fc91fcf9fdb2fde2
fd59fd61fd61fd61
fd69fd69fd69fd61
fd69fd71fd71fd71
fd79fd79fd71fd69
fd71fd71fd79fd79
fd61fd69fd71fd71
fd49fd51fd59fd59
fd51fd49fd49fd49
fdcafdcafd9afd79
fce1fcf9fd69fd8a
fc20fc81fcf9fd29
fc81fc60fc60fc28
fcd1fcd1fcd9fcb9
fe32fd92fd69fd29
00e500c50085ff5b
fe52fecbffcc006c
fe32fe32fe32fe42
fdb2fe3afe72fe52
fdbafcf9fca1fd19
fed3fec3fe8bfe42
fe6afeabfebbfe93
fd31fd31fd82fdf2
fe8bfe22fdd2fd71
00740024ffacff03
00d500e500c5009d
0115010d010d00ed
013501050115012d
000c00a50115012d
fe8bff33003c0044
fd69fd8afdb2fe22
fdcafd71fd49fd51
fc99fcb9fd41fdda
fd61fd61fd59fd61
fd71fd69fd69fd69
fd69fd69fd69fd69
fd71fd71fd69fd61
fd79fd79fd71fd69
fd59fd69fd71fd79
fd51fd59fd59fd59
fd49fd49fd49fd49
fdd2fdcafda2fd82
fce1fcf1fd59fd82
fc50fc89fce1fd11
fcd1fc48fc30fc30
fd39fd51fd41fd19
fe9bfdfafd69fd41
0186017500edffd4
fe42ff2b008d011d
fe1afe2afe3afe22
fdeafe2afe32fe22
fc91fc89fcc1fd49
fd79fd31fce9fcb9
fd59fdc2fdfafdf2
fdcafd31fcd1fd01
002cff3bfe8bfe1a
0145014500fd00c5
011d011d012d012d
01150125011d0115
01150125010d010d
fffc006c00c50105
fe93ff33002c0024
fd39fd79fdcafe3a
fdbafd79fd39fd31
fc81fc58fcc1fd9a
fd69fd69fd61fd61
fd61fd69fd69fd69
fd61fd61fd61fd61
fd71fd69fd69fd61
fd82fd79fd71fd69
fd61fd71fd79fd82
fd51fd59fd59fd59
fd59fd41fd49fd49
fdcafdcafdaafd8a
fcc9fcd1fd61fd82
fc48fca1fcd9fd19
fd39fc70fc18fc38
fdf2fde2fdbafd79
ff2bfe9bfe42fe0a
023601fe016d006c
fe7affbc010d019e
fe22fe2afe4afe3a
fdd2fdf2fe0afe12
fc99fcd1fd29fdaa
fce9fcc1fcc1fcc1
fd41fd79fd69fd79
fe52fdcafdbafd92
015500cd0004ff23
01a601b60196017d
013d014d0165017d
0115011d0125012d
00e5010d01150125
ffec0074009500bd
feabff530014fffc
fd49fd59fdaafe32
fd61fd51fd79fd41
fca1fc68fc70fd11
fd69fd69fd61fd59
fd59fd61fd61fd61
fd59fd61fd61fd59
fd79fd79fd71fd61
fd8afd82fd79fd71
fd61fd71fd79fd82
fd51fd59fd59fd61
fd69fd49fd41fd49
fdb2fdc2fdb2fd8a
fca9fc99fd51fd82
fc60fc99fcb9fd09
fd9afcc9fc30fc28
fe62fe42fe1afde2
ff94fef3fe9bfe7a
0276023e01c600d5
ff0b007401b60236
fe2afe3afe4afe62
fdd2fdfafe0afe0a
fd11fd69fdb2fdd2
fd8afd41fce9fce1
fda2fdbafd9afdb2
ff73fe7afdfafd69
019e016d00ed005c
01be01ce01c601ae
014d01550175016d
011d012d012d013d
00bd00dd00f50115
ffc4005c00ad009d
feb3ff5b0004ffdc
fd71fd59fd92fe02
fd19fd49fd82fd82
fca1fc81fc68fc99
fd69fd69fd61fd59
fd59fd59fd61fd69
fd61fd61fd59fd51
fd82fd82fd79fd69
fd8afd8afd82fd82
fd69fd71fd79fd8a
fd49fd59fd59fd61
fd61fd51fd41fd41
fdaafdc2fdb2fd92
fcc9fc89fd51fd79
fc81fc99fcb9fce9
fe1afd61fc40fc30
feabfe8bfe62fe2a
ffecff1bfeebfec3
025e024601ee011d
ff9c01250226025e
fe1afe32fe3afea3
fe0afe32fe1afdfa
fdb2fdeafdfafdea
fd31fd31fd21fd69
fdaafd79fd49fd41
00a5ffd4fed3fdf2
01ce01ae01650125
01be01ce01c601d6
013d015d0175017d
00fd01250125011d
00b500dd00e500e5
ff94002c009d009d
feb3ff4bffe4ffdc
fd9afd82fd92fdea
fcd1fd69fd8afd8a
fca9fc99fc89fc81
fd61fd59fd61fd59
fd59fd59fd61fd69
fd69fd69fd61fd59
fd82fd8afd8afd71
fd82fd8afd82fd82
fd69fd69fd79fd82
fd49fd59fd59fd69
fd69fd59fd41fd39
fda2fdcafdb2fda2
fcc1fc89fd59fd51
fc78fca9fcc1fcd9
fe7afde2fc68fc38
fef3febbfebbfe8b
006cff7bff23ff23
025e024601de0155
0034017d0256026e
fe32fe42fe83ff3b
fe42fe52fe4afe3a
fe0afe2afe1afe12
fdaafdd2fdc2fdca
fec3fe3afdeafdc2
012500c5002cff84
01a60196017d0165
018e01a601a601b6
0105011501450165
011d0125010d00f5
00b500cd00e500ed
ff94fffc006400a5
fea3ff3bffb4ffcc
fdbafd92fdb2fe02
fce9fd92fda2fd92
fca1fca9fc89fc78
fd59fd51fd59fd59
fd61fd61fd61fd61
fd71fd69fd61fd61
fd82fd8afd82fd79
fd82fd82fd79fd79
fd69fd71fd71fd79
fd49fd59fd61fd69
fd71fd51fd41fd39
fd92fdcafdbafdaa
fcb1fc70fd51fd41
fc60fca1fcb1fcd1
fecbfe52fca9fc48
ff03feebfecbfed3
00ddffdcff23ff0b
025e021e01d6017d
00bd01f60266025e
fe52fe72feebffb4
fe5afe6afe72fe6a
fe62fe52fe32fe4a
fe3afe52fe42fe4a
ffdcff53fecbfe62
012d010500c50044
018601960186015d
014d0155016d017d
00dd00fd0115013d
00ed0105010500dd
009d009500b500cd
ffbcfff400540085
fec3ff43ff8cffc4
fdc2fda2fdc2fe1a
fce9fdbafddafdca
fca1fca9fc89fc60
fd59fd59fd51fd59
fd69fd69fd61fd61
fd82fd79fd71fd69
fd82fd82fd82fd82
fd79fd71fd71fd71
fd71fd79fd71fd79
fd51fd61fd61fd69
fd8afd49fd41fd51
fd9afdc2fdc2fdc2
fc68fc68fd51fd41
fc58fc89fca1fcc1
ff03fea3fcd9fc68
ff13fef3feebff0b
011d001cff4bff13
024e021e01de019e
0155021e025e0246
fe62feb3ff6b004c
fe7afe8bfe8bfe52
fe93fe62fe72fe8b
fed3feabfe83fe93
0014ffecffc4ff3b
010d010d00e50074
01350145014d0145
0115012d013d012d
00fd010d010d011d
00dd00e500e500dd
008d0095008d00b5
ffdc000c005c0074
fee3ff73ff9cffe4
fdc2fddafdf2fe4a
fd01fdd2fe02fde2
fca9fca1fc91fc70
fd59fd61fd59fd61
fd69fd69fd69fd69
fd82fd82fd79fd71
fd71fd79fd82fd8a
fd79fd71fd79fd71
fd71fd79fd71fd79
fd61fd61fd61fd69
fda2fd71fd49fd59
fd8afdc2fdc2fdba
fc40fc60fd61fd41
fc50fc89fc99fcb9
ff13feb3fce1fc58
ff0bff03ff13ff33
01550095ff8cff13
0256023601fe01ae
01ee023e0266025e
fe93fee3ffcc00ed
fe93fe93fea3fe93
fea3fe9bfea3fea3
ff63ff1bfecbfeab
005c00340014ff9c
0105010500e500ad
00ed00d500e5010d
0115010d00fd00f5
00fd010500f50105
009d009d00c500ed
008d0095009500ad
fff40014005c007c
ff1bff84ffbcfff4
fddafe02fe32febb
fd29fdeafe02fdfa
fc99fca9fca9fc91
fd59fd59fd61fd61
fd69fd69fd69fd61
fd82fd82fd82fd79
fd71fd69fd71fd82
fd79fd79fd79fd71
fd61fd71fd71fd79
fd59fd61fd61fd61
fd92fd69fd51fd59
fd79fdbafdcafdb2
fc68fc78fd71fd51
fc50fc91fca1fcb1
ff23fecbfcd9fc40
fee3fee3ff1bff3b
017d00fdffdcff0b
0266025e022601ce
024e02560266026e
fed3ff4b005401a6
fe9bfea3fea3feb3
feb3feabfea3fe9b
ffdcff94ff03fed3
004c00140014ffd4
00bd00c500cd009d
00ad0095008d00bd
00fd00dd00c500bd
00dd00e500c500e5
0044007400b500c5
007c008d009d008d
ffec001400540074
ff63ff8cffc4ffe4
fdfafe5afed3ff1b
fce1fdd2fe02fdf2
fc89fc99fc99fc78
fd61fd59fd61fd61
fd69fd61fd61fd59
fd82fd82fd82fd79
fd71fd69fd69fd79
fd71fd79fd8afd82
fd59fd61fd69fd71
fd59fd69fd61fd59
fd9afd61fd41fd51
fd69fdbafdd2fdb2
fc40fc68fd51fd59
fc50fc70fca9fc89
ff4bfedbfcd1fc58
fef3ff03ff1bff3b
01c6015d0085ff4b
028f027e02560216
024602460266028f
ff03ffcc01250206
fe93feabfeabfec3
fec3feb3feabfe93
fffcffccff63fef3
005400240024fff4
007c008d008d007c
007c0085008d0095
00c500a50095007c
00a500ad00a500cd
00640074008d008d
0064007400640034
ffdcfffc0044005c
ff84ff9cffacffac
fe5afef3ff53ff4b
fc68fd39fddafdea
fcc9fcd1fcd1fc81
fd69fd61fd61fd61
fd69fd69fd61fd59
fd79fd82fd79fd71
fd71fd71fd69fd71
fd69fd71fd82fd8a
fd51fd51fd61fd61
fd59fd69fd61fd49
fd9afd69fd41fd51
fd61fdbafddafdb2
fc50fc68fd39fd59
fc58fc78fc91fc91
ff6bfee3fcc1fc58
ff4bff2bff23ff43
0206018e0105fff4
02b70297028f0256
022e025e028f02a7
ff63009d01be021e
fe8bfe93feabfed3
ff13fed3feb3fe93
0024ffecffdcff7b
003c0024002c0024
004c004c00640054
004c00640074007c
009d00850074005c
006c008d00850085
006c006c00440054
003400440024002c
ffa4ffdc001c002c
ff6bff8cff84ff9c
fecbff53ff4bff33
fca1fc91fd69fdfa
fcd9fcf1fd31fd09
fd61fd59fd61fd69
fd69fd69fd61fd61
fd71fd79fd71fd69
fd71fd71fd71fd71
fd69fd69fd82fd8a
fd51fd51fd61fd69
fd59fd69fd61fd51
fda2fd71fd41fd41
fd69fde2fe12fdc2
fc48fc78fd29fd51
fc60fc81fc81fc58
ff7bfefbfcc1fc70
ffb4ff6bff53ff63
022e01c6016500ad
02df02d702b70287
0236026e02a702c7
fffc013501d6021e
feabfed3feebff23
ff9cff6bff1bfecb
005400540024ffd4
0034003400240024
00340034002c0024
00340044004c004c
00850074005c003c
003c005c0064006c
0064006c0044002c
000cfffc000c003c
ff9cffd4ffecfffc
ff63ff94ff94ffa4
ff0bff84ff33ff33
fd92fd51fd39fdf2
fcd1fd11fdaafdd2
fd61fd61fd69fd71
fd69fd69fd61fd59
fd71fd79fd71fd69
fd79fd79fd79fd79
fd61fd69fd71fd71
fd61fd61fd61fd61
fd61fd61fd59fd59
fe1afd92fd49fd41
fd61fdb2fdfafe1a
fc58fc89fd21fd61
fc60fc91fc99fc60
ff94feebfcb1fc78
004cff9cff84ff94
025601f601ae0135
02ff031f02f702b7
021e024e028f02c7
00cd017501ae01ee
ff6bff73ff63ffc4
ffdcfff4ffbcff94
006c0085005c000c
0034005c00540044
001c001c000c0014
0044004400440034
0064005c00440044
001c003400440054
0044004400440034
ffd4ffdcfffc002c
ffb4ffccffc4ffcc
ff73ffa4ffa4ffa4
ff13ff73ff4bff6b
fe32fe1afda2fde2
fce1fd49fe02fe42
fd61fd61fd69fd71
fd69fd61fd61fd61
fd71fd71fd71fd69
fd79fd82fd82fd79
fd61fd69fd69fd71
fd61fd69fd69fd61
fd41fd41fd59fd61
fdcafdaafd82fd51
fd69fda2fdb2fdc2
fc58fc89fd29fd61
fc58fc81fc91fc48
ffacfec3fcb1fc89
00ddffe4ffb4ffb4
0297022e01ee019e
030f034f035f031f
0206022e026e02bf
00ed014d01a601ce
000cfffcffdc004c
fffc000cfffcfffc
007c009500850034
004c006400640074
0014002c002c0034
00440044002c0024
003c004c004c004c
00240014001c0024
001c00340044003c
ffa4ffccffec001c
ffacffb4ff9cff9c
ff73ff8cff9cffac
fefbff53ff7bff7b
fe3afe4afde2fdea
fd11fd82fde2fe02
fd61fd61fd69fd69
fd61fd61fd69fd69
fd71fd69fd69fd69
fd79fd79fd79fd79
fd69fd69fd69fd71
fd61fd69fd61fd59
fd41fd41fd51fd61
fdaafd9afd69fd41
fd71fdb2fdcafdba
fc68fc91fd41fd69
fc60fc91fc78fc48
ffc4fe93fcb1fc70
011d003cffccffcc
02b70256021e01d6
02f70347035f0327
021e0216024e0297
00d5014d01b601f6
002c003c002c006c
0024fffc000c0024
0085009d008d004c
007c007400740064
0044005c00540064
002c003c003c003c
001400340034002c
00240014000c0004
000c00140024003c
ff94ffa4ffdc000c
ff9cffc4ff9cff7b
ff5bff6bff63ff8c
feebff3bff7bff84
fe62fe6afe0afdf2
fd41fda2fde2fe12
fd69fd61fd69fd69
fd61fd61fd69fd69
fd71fd71fd71fd69
fd79fd79fd79fd79
fd69fd69fd71fd79
fd59fd61fd61fd61
fd49fd51fd59fd69
fdbafda2fd79fd51
fd61fda2fdcafdca
fc60fca1fd51fd71
fc60fc78fc78fc50
ffe4fe5afc81fc48
0145007cfff4ffec
029f0246020e01ce
02c70307032702ff
029702760256026e
00b5017d02060276
0024002400340044
003c000c001c001c
008d0074007c0064
008d007c00740074
005c005c00640074
0024002400440054
ffec000400140024
002c0014000c0004
000c0004000c0034
ffacffacffd4fff4
ff84ff9cff94ff84
ff63ff6bff5bff6b
fee3ff3bff53ff6b
fe72fe72fe3afdfa
fd59fdbafe02fe4a
fd61fd61fd69fd69
fd61fd61fd69fd61
fd71fd71fd71fd61
fd79fd79fd79fd79
fd69fd69fd71fd79
fd51fd59fd59fd59
fd49fd49fd51fd59
fdc2fdaafd82fd51
fd51fd82fdc2fdd2
fc50fcb1fd51fd51
fc68fc68fc78fc50
fff4fe12fc58fc50
012d007c00140014
0256020e01d60196
027e028702970287
02f702e702b70297
00cd01b6025602b7
ffecfff4000c0024
0024000c0014fff4
00740054006c0054
007c007c006c0064
004c005400540074
00240014002c0044
ffd4ffdcfff4000c
000c0004ffecffdc
ffecfff4ffdc0004
ffbcffd4ffecffec
ffa4ffbcffbcffbc
ff6bff6bff7bff94
fef3ff53ff53ff4b
fe22fe62fe52fe1a
fd59fdbafe22fe3a
fd61fd61fd69fd69
fd59fd61fd61fd61
fd79fd79fd71fd61
fd79fd79fd79fd79
fd69fd69fd69fd71
fd51fd51fd59fd59
fd41fd49fd49fd49
fdd2fdb2fd8afd51
fd41fd61fd92fdd2
fc50fcc1fd49fd29
fc60fc78fc70fc48
ffdcfd9afc30fc58
00e5005c0024001c
01ee01ce019e014d
021601fe01f601fe
02df02cf027e024e
00cd01ce026602bf
fffcfffcffec0024
0014fff4fff4fff4
005c004c004c002c
006c0074006c005c
004c0054005c0064
000c001c000c0024
ffdcffbcffbcffec
ffe4ffecffccffcc
ffecffe4ffe4ffe4
ffc4ffccffecfffc
ffbcffccffccffc4
ff53ff53ff73ffac
fef3ff53ff63ff53
fe42fe83fe72fe3a
fd59fddafe4afe4a
fd61fd59fd69fd69
fd59fd61fd61fd61
fd71fd71fd69fd61
fd69fd71fd79fd71
fd69fd69fd69fd69
fd51fd59fd59fd61
fd39fd49fd49fd49
fdc2fdbafd9afd61
fd19fd39fd59fda2
fc48fcc1fd21fcd9
fc58fc91fc78fc48
ffbcfd21fc48fc70
008d003c002c0034
015d015d013500dd
0175015501250135
029f0266020601ae
00c501ae02360287
fffcffe4ffe40014
0004ffe4ffe4ffec
0054003c002c001c
005c0064006c005c
00240024003c004c
ffec00140014001c
ffdcffdcffdcffd4
ffd4ffccffb4ffcc
ffe4ffecfff4ffdc
ffecffdcffecffec
ffacffccffc4ffdc
ff4bff2bff5bff94
fed3ff43ff33ff3b
fe9bfebbfe83fe3a
fd59fdeafe52fe72
fd59fd59fd61fd69
fd61fd61fd61fd61
fd61fd69fd69fd61
fd59fd61fd69fd69
fd69fd61fd61fd59
fd49fd59fd59fd61
fd59fd41fd41fd41
fd8afdaafdb2fd82
fce1fd01fd11fd59
fc50fce1fcf9fca9
fc58fc91fc70fc40
ff84fcb9fc60fc78
00950054003c0044
009d00dd00bd00ad
010500b5005c0054
021e01fe01ae014d
00ad018601e6021e
fff4ffdcffecffdc
ffecffecffe4ffe4
004c0034003c002c
004c004c005c0064
000c000c00340034
ffdcfff40004000c
ffccffe4fff4ffe4
ffccffc4ffbcffbc
fffcffecffdcffdc
fff4001c000c0004
ffb4ffb4ffbcffe4
ff33ff0bff2bff8c
feabff43ff23ff0b
feabfeb3fe8bfe22
fcd9fdc2fe42fe83
fd69fd69fd69fd61
fd69fd61fd61fd69
fd51fd59fd61fd69
fd51fd59fd51fd49
fd71fd69fd59fd51
fd41fd51fd61fd71
fd61fd59fd41fd39
fd49fd79fda2fd92
fce1fcf9fcc9fd01
fc70fcf9fcc1fcb1
fc68fc99fc68fc50
ff23fc91fc60fc78
00c5005c002c0044
000c006c00a500c5
00a5005cfff4ffdc
016d015d012d00e5
004c012d015d016d
fff4000c0004ffac
ffecffecffe4fff4
0044002400440024
00440044004c005c
001c000c001c002c
ffe4ffe4ffec000c
ffc4ffdcffecffe4
ffb4ff9cff9cffac
fffcffdcffc4ffbc
002c0024003c000c
ff9cffc4ffdc0014
fefbff1bff2bff63
fe72ff2bff3bfefb
fe7afe62fe22fdca
fc30fce9fddafe4a
fd69fd71fd69fd61
fd69fd69fd69fd69
fd51fd51fd59fd61
fd61fd61fd59fd49
fd69fd61fd61fd61
fd49fd51fd59fd61
fd9afd61fd51fd59
fd01fd41fd79fda2
fce9fcf9fca1fcc1
fc89fd09fcb1fcc9
fc60fc91fc58fc58
fe83fc68fc60fc68
00b5003c003c004c
fff4006c00c500f5
002cfff4ffd4ffcc
00bd00c500ad0064
ffbc007c00c500a5
0014002c0014ffc4
ffdcffccffd4fff4
0034001c0024fff4
003400440044004c
0014000c00140024
ffecffd4ffdcfff4
ffbcffccffe4ffec
ffbcffa4ff94ffac
ffecffc4ffbcffc4
002c002c00340014
ff94ffc4fff40014
ff03ff33ff2bff53
fe0afeebff1bff0b
fd51fd41fcf1fd19
fc20fc28fc81fd19
fd69fd69fd61fd61
fd59fd69fd71fd69
fd59fd49fd51fd59
fd79fd71fd61fd61
fd51fd71fd71fd71
fd71fd79fd51fd49
fda2fda2fd71fd61
fcc9fd09fd49fd82
fcf1fd01fca9fca1
fcb1fd21fcc1fcd9
fc78fc91fc60fc60
fdfafc58fc60fc70
002c0014003c0034
004400a500dd00b5
fe7afe6afefbffcc
005cffacff13feb3
ffe4ff9c00040044
002c005c007c006c
ffdcffccffe4fff4
00340024000cffe4
002c00340034003c
fff4fffc000c0024
ffdcffccffbcffdc
ffacffc4ffd4ffe4
ffbcffc4ffacffa4
000cffe4ffccffd4
0024003c003c0024
ff94ffbcffd4fffc
fefbff03ff1bff33
fdbafea3fef3fef3
fc60fc68fc68fcd9
fc30fc38fc40fc50
fd69fd61fd61fd69
fd8afd82fd61fd61
fd51fd49fd51fd61
fd79fd71fd69fd59
fd9afd79fd61fd71
fd82fd79fd82fd8a
fd8afdaafd82fd82
fca9fcd1fd19fd51
fce1fd01fcc9fc91
fcc9fd21fcc1fcd1
fc70fc89fc68fc50
fd41fc68fc68fc81
ffc4fffc0034ffe4
006c008d003cffcc
ff3bff53ff73fff4
fefbfe6afeb3ff23
00adff94fec3ff13
004c009500c500d5
ffdcffd4ffec0004
0034002cfffcffdc
001c001c002c0034
ffccffd4fff4000c
ffc4ffccffccffd4
ffbcffb4ffbcffc4
ffccffbcffacff9c
002cfff4fff4ffec
001c003c00440044
ff63ff9cffb4ffe4
fed3fed3fef3ff13
fd41fe2afeb3fed3
fc81fc91fc89fcc9
fc28fc40fc50fc68
fd61fd61fd61fd61
fd92fd69fd59fd61
fd69fd79fd92fd9a
fd82fd69fd59fd51
fda2fdb2fdbafd9a
fd51fd61fdaafdc2
fd79fd9afd8afd71
fc99fcb9fce9fd31
fce1fd09fcc1fca1
fcf9fd29fcc1fcd9
fc68fc89fc70fc58
fcc9fc70fc70fc81
ffb4fff40034ff63
0024ff9cff73ff84
000c003c0074007c
fe7afecbff43ffbc
011500b5ff33fe7a
0054008d00cd00fd
ffdcffd4fff4001c
00240014fff4ffe4
fffc0014002c002c
ff9cffb4ffccffe4
ffacffbcffd4ffbc
ff9cffa4ffb4ffac
ffccffccffb4ff9c
001cfff4ffecffe4
001c0024004c0044
ff43ff84ffb4ffdc
feb3febbfee3ff13
fcf9fddafe9bfeab
fc91fca1fc91fca1
fc18fc38fc50fc70
fd61fd69fd69fd69
fd69fd69fd61fd61
fdaafd92fd59fd59
fd82fd82fd8afd92
fd39fd61fd92fd92
fd92fdb2fd92fd39
fd49fd92fd71fd71
fca1fca9fcc1fd09
fce9fd21fcc1fcb1
fd19fd09fcb1fcd1
fc78fc81fc60fc78
fc70fc48fc81fc68
ffc4fff40024fe83
ffccff5bff6bff84
0054008500a5005c
fec3ff0bff840004
00e5010d0064ff33
0064009d00bd00dd
ffe4fffc001c003c
000cfff4ffd4ffe4
ffecfffc000c0024
ff8cffacffc4ffd4
ff9cff9cffacff9c
ff8cff9cffa4ff9c
ffccffbcff94ff7b
0004ffe4ffd4ffe4
0004000c002c002c
ff3bff84ffacffcc
fe9bfea3fed3ff03
fce1fd82fe5afea3
fc89fca1fc91fc99
fc18fc30fc50fc70
fd69fd71fd71fd71
fd71fd71fd69fd61
fd51fd59fd59fd61
fda2fdaafd71fd61
fd51fd61fd71fd71
fde2fd71fd59fd61
fd31fdbafd92fdda
fca9fcb1fcb9fce1
fcf1fcf9fcb1fcc1
fd39fcf9fcb9fcb9
fc91fc81fc58fca1
fc48fc68fc70fc48
ffd40004ffe4fd82
ffbcff5bff6bff94
007c006c00640034
ff3bff43ffac002c
0115014501250024
008500a500c500dd
fff4001c00540064
ffecffbcffc4ffdc
ffecfff40004000c
ff8cff9cffacffc4
ff8cff8cff9cff9c
ff84ff9cff94ff84
ffbcffa4ff8cff73
ffecffdcffd4ffcc
ffccfffc00140004
ff13ff53ff7bffa4
fe7afe8bfebbfef3
fcd1fd41fe22fe7a
fc91fcb1fcb1fcb1
fc20fc38fc60fc78
fd71fd71fd79fd82
fd71fd71fd71fd69
fd71fd69fd71fd71
fd59fd71fd82fd82
fd59fd82fd79fd61
fd61fd49fd49fd51
fd11fdd2fdfafdc2
fcb1fcc1fca9fcc9
fcf9fce1fca1fca9
fd59fce9fc99fc91
fca1fc81fc50fcd9
fc58fc91fc78fc58
ffec001cff53fcb9
ffacff6bff63ffa4
006400540034fff4
fffcff73ffb4002c
011d014d016d010d
009500b500b500dd
fffc003c0064007c
ffa4ff73ff9cffcc
ffecfff40004ffec
ff8cff9cffacffcc
ff7bff7bff8cff8c
ff6bff7bff73ff73
ffacff94ff6bff53
ffdcffd4ffccffbc
ffacffe4fff4ffec
feebff23ff5bff84
fe5afe6afe9bfecb
fcd1fd29fdfafe62
fc99fcc9fcd1fcc1
fc40fc40fc60fc89
fd61fd61fd79fd8a
fd92fd71fd79fd69
fd9afd71fd59fd79
fd71fd69fd61fd82
fd79fd79fd71fd82
fd61fd59fd49fd41
fd29fdb2fd71fd92
fcb1fcc9fcb1fcc9
fce1fcc9fca1fca9
fd49fcb9fc91fc89
fcb1fc70fc70fce9
fc78fc91fc70fc70
0004002cfe7afc68
ff7bff6bff5bffa4
000cffecffb4ff84
00d5ffe4ffb4fffc
0105014501860175
0064008500a500cd
000c003c0054005c
ff5bff5bff9cffd4
ffecfff4ffecffbc
ff84ffa4ffbcffd4
ff63ff63ff73ff73
ff63ff5bff53ff53
ffacff8cff73ff53
ffdcffccffccffbc
ff8cffbcffccffcc
feb3fef3ff3bff63
fe3afe4afe7afeab
fcd1fd09fda2fe22
fcb9fcc9fcd9fcc9
fc50fc40fc58fc91
fd69fd61fd69fd79
fe12fdc2fd82fd71
fd69fd69fd82fe1a
fd82fd79fd71fd69
fd82fd61fd82fd82
fd51fd41fd61fdaa
fd29fd9afd61fdb2
fcb9fcd9fcc1fcd1
fd09fc91fca1fcc1
fd51fcc1fca1fcc1
fc99fc70fcb1fd21
fcb1fc70fc60fca1
0014ffe4fd9afc81
ff9cff8cff84ffc4
ff53ff2bff03ff3b
016500c5ffd4ff6b
00fd012d01650186
004c0074009d00c5
0014002c002c0044
ff5bff6bffb4ffec
ffdcffdcffc4ff94
ff8cffa4ffc4ffd4
ff4bff4bff5bff6b
ff5bff53ff5bff53
ffacff84ff6bff53
ffacffb4ffbcffbc
ff6bff94ffacffac
fea3fed3ff03ff43
fe2afe3afe5afe9b
fce1fcf9fd59fdea
fcc1fce1fce9fce1
fc58fc60fc60fc89
fd69fd59fd51fd49
fe42fd8afd51fd59
fd69fdd2fe22fe62
fd79fd69fd69fd61
fd69fd79fd8afd79
fd39fd61fdd2fdaa
fd01fd21fd82fda2
fcb9fce1fca9fca1
fd29fc89fca1fcb9
fd21fcb9fc91fd09
fc91fc81fcd9fd49
fc99fc50fc60fcc9
003cff73fce9fc99
ffecffe4ffcc000c
fee3fecbfee3ff53
014d011d0044ff4b
00e500f501350155
003c0064008d00d5
0004001c0014002c
ff84ffacffd4fff4
ffd4ffc4ffacff94
ff7bff94ffb4ffd4
ff43ff43ff63ff6b
ff5bff4bff4bff4b
ff8cff73ff53ff4b
ff9cff9cffacffa4
ff43ff5bff7bff94
fea3febbfedbff23
fe12fe2afe3afe7a
fcf1fcf9fd29fdb2
fcc1fcf9fd01fcf1
fc58fc68fc78fc91
fd69fd71fd61fd61
ff94feabfdd2fd41
fe12fee3ff43ffdc
fd69fd79fd71fdaa
fd69fd69fd59fd61
fd9afdeafdcafd79
fd19fd61fdf2fda2
fcb9fd19fcc1fcb1
fcf1fc78fc91fca9
fd21fcb9fcb9fd21
fc78fcb9fcf1fd49
fc60fc50fc81fcc1
003cfe8bfc99fca1
00340034001c004c
ff5bff5bff73ffd4
009500540004ffa4
00bd00ed00f500bd
003c0044007400a5
fff4000c0014001c
ffacffccffecfff4
ffbcffacffa4ff9c
ff7bff94ffacffc4
ff43ff43ff5bff6b
ff53ff4bff53ff4b
ff73ff5bff53ff4b
ff7bff73ff84ff7b
ff3bff4bff4bff53
fe9bfeb3fecbff03
fdd2fe0afe32fe5a
fcf1fcf9fd19fd79
fcd1fcf9fd11fd09
fc58fc50fc70fc99
fd92fd79fd71fd71
feb3fe1afddafd92
009500d50034ff13
fe32fea3feb3ffa4
fd82fd61fd82fdca
fec3fdd2fd71fd79
fe62fe22fdb2fe12
fd09fdc2fd29fdb2
fcc1fca1fcb1fcc9
fd11fcd9fd01fd29
fc91fcc9fd21fd39
fc58fc68fcb1fc99
000cfd8afc99fc91
003c0034004c007c
ffacffbcffec0024
ffbcffb4ffa4ffb4
004c00540024ffec
001c001c001c003c
fffcfffc000c0014
ffccffd4fff4ffec
ffacffb4ffacffac
ff84ff8cffa4ffa4
ff43ff4bff5bff73
ff4bff4bff4bff4b
ff5bff4bff3bff43
ff5bff63ff5bff63
ff13ff23ff2bff43
fe7afeabfecbfeeb
fdb2fdeafe1afe4a
fd11fd09fd19fd51
fcd9fd09fd11fd21
fc50fc58fc68fc89
fde2fdbafda2fda2
ff9cffe4ffecfebb
0165006cff63ff94
00dd0155018e01c6
fee3ff4bffdc0044
fe12fd82fd9afe1a
fe8bfdf2fe4aff13
fe12ff0bfef3ff03
fdc2fdfafda2fda2
fd69fd69fd71fd92
fcb1fce9fd61fd69
fc50fc99fcc9fc91
ff1bfcd9fc99fc68
ff8cff6b00340095
ffacffacffc4ffcc
ff6bff8cffacffb4
ffc4ffb4ff94ff8c
ffe4ffccffc4ffbc
0014000c000cfffc
ffecfff4fffc0004
ffb4ffbcffbcffd4
ff8cff8cff94ffac
ff4bff53ff5bff73
ff4bff5bff4bff53
ff43ff43ff3bff33
ff33ff43ff4bff53
fef3ff0bff1bff2b
fe62fe93febbfedb
fd92fdcafe02fe3a
fd29fd21fd21fd41
fcd1fd11fd21fd31
fc60fc58fc58fc91
ff23ff0bfee3ff4b
012500c5ffdcff8c
021e021601a6015d
022601d601d601ee
00e50135017d01e6
ff1bff84ffa40014
ffacffb40004ff6b
ff6bff6bff13ff23
ff7bff53ff13ff53
fe1afe7afe72feb3
fcc1fd19fd71fd92
fc70fcb1fcb1fcc1
fda2fc68fc81fc48
fe7aff0b0034002c
fed3fe52fde2fe02
fe7afea3fefbfecb
fe8bfe83fe93fe7a
fe6afe72fe93fe9b
ff0bfe72fe52fe5a
fff40014001cffd4
ffb4ffc4ffccffd4
ff8cff9cff9cffac
ff4bff5bff63ff73
ff53ff5bff43ff4b
ff3bff33ff33ff2b
ff23ff2bff43ff4b
fee3fef3ff13ff1b
fe5afe83feb3fed3
fd82fdbafdeafe12
fd41fd31fd29fd41
fcc1fd09fd31fd39
fc68fc60fc68fc99
feebfeabfe32fe32
001c004c0004ff2b
01c601c6011d003c
022601f601e601c6
00ed014501a60206
0004005c008500bd
00bd00e50074ffdc
ff73ffacffe40044
ffa4ff73ff5bff73
fe6afee3fedbff1b
fcf9fd39fd41fd59
fc99fca9fcb9fce9
fcb9fc68fc81fc60
feabff5b0044ff03
fd11fd29fd82fe2a
fcf1fce1fd21fd01
fd19fd19fd11fd01
fd19fd41fd39fd29
fd9afd31fd11fd21
002c0034ffc4fe8b
ffc4ffd4ffecfffc
ff94ffacffacffac
ff53ff5bff7bff84
ff4bff53ff53ff53
ff3bff43ff3bff3b
ff1bff23ff2bff3b
fedbfef3ff03ff0b
fe42fe7afea3febb
fd82fdb2fde2fe0a
fd49fd49fd39fd49
fcd1fd01fd29fd41
fc70fc68fc70fc99
fea3fe2afddafdba
ff43fee3fef3fef3
01fe016500d50014
02260206020e0216
00e5012d01a6021e
00f500fd00c500bd
014d010501050105
000c009d00e50115
febbfed3ff73ffe4
fe8bfefbfec3feb3
fd19fd39fd29fd69
fcb9fcc9fcd1fce1
fc89fc70fc60fc81
ff13ffc4ff94fd61
fd92fdd2fe0afe72
fd51fd29fd69fd8a
fd82fd71fd79fd61
fd82fdbafdb2fda2
fe1afdbafd82fd82
004c000cff63fe9b
ffe4fff400240044
ff94ffb4ffccffd4
ff73ff6bff84ff8c
ff53ff53ff53ff6b
ff3bff43ff43ff43
ff1bff23ff2bff43
fecbfeebfef3fefb
fe3afe72fe93feab
fd8afdbafde2fe0a
fd49fd49fd51fd59
fcd1fd01fd21fd39
fc68fc60fc70fc99
fdc2fd8afd82fd71
fffcfee3fe0afd92
026601ee018600fd
023e027e02cf02cf
011d017501b6022e
010d00c500b5009d
00f500fd00f50145
009500ad00d500f5
fd59fe22ff13002c
fcc9fd01fd19fcd9
fd31fd21fcf1fcf1
fcd1fcd9fcd1fd11
fc81fc91fc70fcb1
ffa4ffbcfdb2fca1
fe3afe4afe5aff43
fde2fde2fe02fe42
fe12fdd2fda2fdba
fdf2fdfafe02fe0a
fea3fe4afe1afdf2
0014ffa4ff43fef3
000c003c004c004c
ff9cffb4ffd4fff4
ff84ff84ff94ff9c
ff5bff63ff73ff7b
ff4bff5bff5bff5b
ff13ff23ff2bff3b
fecbfed3feebff03
fe2afe62fe8bfeb3
fd92fdbafde2fe0a
fd61fd61fd61fd71
fcd1fd01fd29fd49
fc60fc68fc70fc99
fd51fd51fd51fd49
005cff6bfe6afd51
012d010d010d00dd
00d501050155016d
009d008500dd00e5
011500f50135010d
00ed0115010500d5
ff2b002c00950095
fc81fca1fd01fdf2
fc99fcd1fca1fc78
fd29fce9fd09fcb9
fcb9fcc9fd09fd41
fc91fca1fca1fcc1
ffd4fe42fc91fc70
fedbff1bff63ffdc
feabfebbfeabfed3
fed3feabfe6afe83
fe3afe32fe42fe8b
ff1bfef3febbfe72
ffdcff8cff63ff4b
003c005c004c001c
ffacffc4ffdc0014
ff9cffa4ffa4ff9c
ff73ff7bff8cff94
ff53ff5bff6bff7b
ff1bff33ff3bff4b
fec3fecbfee3ff0b
fe22fe52fe7afea3
fda2fdc2fddafe0a
fd69fd71fd71fd8a
fcd9fd11fd31fd59
fc50fc68fc60fc91
fd59fd69fd69fd61
fea3fe72fe02fd41
ffd4ff6bfedbfee3
ffa4ffd4ffccffec
010500a5000cff73
00d500d50105013d
ffac00ad00d500bd
fc99fd31fdf2fe83
fc91fc68fc60fc70
fc99fcd1fc89fc81
fd39fce9fd29fcb1
fcb1fcf9fd51fd61
fca9fcc9fcc9fca1
feebfcb9fc60fc60
ff9cffc40014001c
ff4bff5bff4bff5b
fef3ff13ff2bff33
febbfe8bfe93febb
ff63ff63ff4bff1b
ffb4ff9cff84ff6b
0044004c0014ffe4
ffc4ffdcffec001c
ffb4ffacffacffac
ff8cff8cff9cffa4
ff63ff73ff7bff8c
ff1bff2bff43ff4b
feb3fecbfed3fefb
fe2afe52fe72fe93
fdaafdc2fdeafe12
fd71fd82fd8afd92
fcc1fd11fd31fd51
fc58fc60fc68fc91
fd51fd61fd69fd69
ff6bff1bfe0afd49
ff940014ffccff53
ff03feebff0bff0b
012d00fd009d001c
001c008d00d50115
fe4aff0bff13ff7b
fcd1fcc9fcd9fd39
fcb1fcb9fc99fca9
fca1fcf9fc99fca1
fd21fd11fd19fcb1
fcf1fd49fd61fd51
fcc1fcd1fcb9fcc1
fd39fc58fc60fc81
ffec001c003cff94
ffc4ffb4ffb4ffbc
fef3ff13ff63ff9c
ff84ff4bff1bfeeb
ff94ff94ffb4ffb4
ffacff9cff84ff84
003c0024fff4ffcc
ffd4ffec000c002c
ffc4ffbcffc4ffc4
ff94ff9cffb4ffbc
ff73ff7bff84ff9c
ff03ff2bff43ff5b
feabfecbfed3feeb
fe3afe62fe7afe8b
fdc2fddafdfafe1a
fd82fd92fda2fdb2
fca1fd09fd39fd51
fc50fc60fc81fc78
fd92fd8afd9afd92
002cffbcfe8bfde2
fdbafe7aff630034
0034ff23fe62fe02
007c00fd00fd00d5
ff5b000cfffc0014
fe4afecbfe9bfec3
fcf9fd19fd49fd9a
fd01fd21fd29fd11
fce9fcd9fcc1fcd9
fcf1fd21fd29fce9
fd39fd59fd51fd11
fcb1fcb9fcf9fd11
fc91fc48fc78fcb9
0034004cfffcfdca
ffdcffe4fffc000c
ff7bff53ff7bffb4
fff4fff4ffe4ffbc
ffa4ffacffccffec
ff9cff8cff94ff9c
000cfff4ffdcffbc
ffec0004001c0024
ffd4ffc4ffc4ffdc
ff9cffacffc4ffcc
ff6bff7bff84ff94
ff03ff1bff33ff53
feb3fec3fed3feeb
fe42fe62fe83fe9b
fdc2fdd2fdfafe1a
fd82fd92fda2fdba
fc91fce9fd41fd59
fc60fc60fc81fc81
fe2afd79fd69fd69
ff7b000cff53ff0b
fd61fd61fdc2fe72
0085ffbcff5bfe83
00bd00a500950064
003400c500ad0095
fefb005c018600ed
fd69fda2fde2fe62
fda2fdc2fdcafda2
fd71fd39fd59fd82
fd19fd61fd82fd61
fd31fd51fd51fd11
fcc1fce9fd19fd29
fc89fc48fc91fcc9
0085006cfeb3fc81
ffbcffec00340064
fff4ffb4ffa4ff9c
002c003c004c0034
ffa4ffbcffdc0004
ff94ff8cff94ff9c
ffe4ffd4ffbcffac
ffecfffc0004ffec
ffccffbcffc4ffdc
ffa4ffb4ffc4ffcc
ff5bff73ff8cff9c
ff03ff13ff23ff4b
feb3fed3fee3feeb
fe42fe62fe7afe93
fdcafde2fdfafe22
fd82fda2fdbafdca
fc91fcd9fd29fd61
fc60fc60fc81fc91
ff33febbfdcafd79
fda2fef3ffdcff33
fd59fd59fd39fd31
fffcffd4ff63fe32
0064009d00c5003c
020601ae017500f5
0044001400bd01b6
fe02fe42fe93ff84
fe2afe2afe2afdfa
fe1afdd2fe02fe42
fd31fd82fdf2fe3a
fd31fd61fd31fcf1
fd01fd19fd21fd11
fc91fc78fca9fcd9
006cffacfd19fc60
ff84ffb40014005c
ff53ff2bff43ff6b
00240024fff4ffa4
ffa4ffbcffdc0004
ffa4ff9cff94ff9c
ffbcffb4ffa4ff9c
ffdcffe4ffd4ffc4
ffd4ffc4ffccffd4
ffacffbcffccffd4
ff63ff6bff84ff8c
ff03ff13ff23ff43
feb3fedbfeebfef3
fe42fe5afe7afe9b
fde2fdf2fe02fe22
fd82fdaafdc2fdca
fc89fcb9fd19fd61
fc60fc48fc81fca1
fe2afe9bfebbfdea
fd31fd71fe4aff03
fef3fda2fd31fd39
00950044ff9cff8c
01150024004c009d
01650236026601fe
018e00fdffe4001c
fe3afe62fecb0024
fe7afe7afe7afe42
fe3afe12fe52fe7a
fd51fdaafe4afe83
fd41fd49fd19fd01
fd31fd69fd29fd09
fc91fc91fcd1fd01
003cfe5afca1fc78
ff8cffa4ffec0034
ff1bff1bff53ff7b
ffd4ffbcff84ff43
ff94ff9cffbcffdc
ff8cff84ff7bff84
ffacffa4ff9cff94
ffc4ffbcffbcffb4
ffc4ffc4ffccffcc
ffb4ffbcffc4ffd4
ff4bff63ff84ff9c
ff03ff1bff1bff2b
feb3fecbfee3ff03
fe3afe5afe72fe93
fde2fdf2fdfafe0a
fd82fdaafdcafdd2
fc99fca1fd19fd51
fc58fc58fc81fc89
fefbfdbafe52fed3
fd49fd69fd51fe0a
ffacfea3fdbafd59
009500a50034ffdc
027601860034fff4
004c00e502060297
016501e6012d003c
fe4afe62fedbffec
fea3fea3febbfe7a
fe62fe7afeabfeb3
fd69fdb2fe62febb
fd51fd31fd01fd19
fd59fd39fcf1fd21
fca9fcf9fce9fd09
ffacfd11fc68fc50
ffb4ffb4fff4002c
ff33ff3bff7bff9c
ff9cff84ff63ff33
ff7bff73ff8cffa4
ff8cff84ff73ff73
ffa4ffa4ff9cff8c
ffc4ffb4ffacffa4
ffc4ffc4ffbcffc4
ffa4ffb4ffc4ffbc
ff43ff63ff84ff9c
ff0bff13ff1bff2b
febbfecbfee3ff03
fe32fe5afe72fe93
fdeafdf2fe02fe12
fd92fdb2fdcafdea
fca9fca9fd01fd51
fc58fc58fc68fc81
fe5afe8bfdc2fe93
fd59fd71fd49fd49
ff8cfebbfe7afd8a
fff400540004ffac
028f028701de005c
015d008d00b5019e
00ed01ee02a70226
fe42fe52fed3ffcc
fe9bfe93fec3fe8b
fe5afe72fe9bfeab
fd71fdd2fe52fe83
fd59fd21fce1fd31
fd19fcf9fd09fd59
fd01fcd1fce9fd31
feb3fc99fc99fcd9
ffecfff40014002c
ff6bff94ffbcffc4
ff73ff73ff43ff2b
ff63ff53ff6bff84
ff8cff84ff73ff63
ff9cff9cff94ff84
ffc4ffb4ffa4ff9c
ffdcffdcffccffd4
ff94ffb4ffbcffc4
ff43ff63ff7bff94
ff0bff13ff1bff33
feb3fedbfeebfefb
fe32fe52fe7afe9b
fdfafe02fe0afe22
fd8afdbafddafde2
fcb1fcb9fcf1fd49
fc50fc68fc48fc89
fd92feabfdfafe22
fd69fd59fd51fd41
ff23fe83fdd2fd9a
006c001cfff4ff63
010d01ee027e023e
0327023e014d00c5
00d50196025e031f
fe4afe42fea3ff94
fed3febbfeb3fe6a
fe52fe62fe9bfeeb
fd8afe0afe62fe72
fd29fd01fce1fd59
fce1fce1fd29fd49
fcc1fcc9fcb1fcd1
fdc2fcc9fcc9fca1
002400340034fffc
ff9cffe40014001c
ff84ff7bff4bff4b
ff53ff5bff73ff84
ff8cff84ff6bff63
ff94ff94ff84ff84
ffc4ffbcffb4ff9c
ffccffd4ffccffcc
ff8cffacffb4ffbc
ff43ff5bff7bff84
ff13ff2bff2bff3b
feb3fed3fee3fefb
fe32fe4afe7afe9b
fdfafe0afe02fe1a
fd69fdaafde2fdea
fcc1fcb1fcd1fd31
fc60fc70fc40fc89
fd59fe6afe42fdfa
fd8afd61fd59fd49
fecbfec3fe22fdca
025e00d5fffcffb4
010d011501e602bf
03d8035f02ef0256
00d50145022e0357
fe4afe5afebbffbc
febbfe9bfe83fe4a
fe22fe32fe6afed3
fda2fe32fe7afe4a
fd01fcc9fd01fd71
fcb1fcf9fd29fd21
fca1fc78fc91fcc9
fcb9fc68fc70fc91
0064006c0064ff1b
ffe40024003c005c
ffb4ffa4ff84ff9c
ff5bff6bff8cffa4
ff8cff7bff73ff6b
ffa4ff94ff8cff8c
ffb4ffbcffbcffac
ffacffc4ffbcffbc
ff73ff9cffa4ffac
ff4bff5bff6bff7b
ff1bff33ff3bff4b
feb3fecbfeebff03
fe32fe42fe6afe93
fe02fe12fe12fe1a
fd61fd9afdd2fdea
fcb9fca9fcb9fd21
fc78fc99fc40fc68
fd51fdfafe32fd92
fd8afd61fd51fd49
ff84fed3fe1afd8a
02c7029700c5fffc
031f022e01860216
037f0390032f0390
00d500b50125028f
fe3afe5afeeb0014
fecbfea3fe83fe5a
fe3afe6afe72fec3
fdf2fe62fe72fe32
fcf9fce1fd49fd9a
fcc9fcf9fd29fd09
fc68fc81fcd1fcc1
fc40fc70fc89fc58
007c00850014fd82
0024005400640074
ffd4ffd4ffb4ffcc
ff84ff94ffacffc4
ff8cff7bff8cff84
ff9cff94ff9cff94
ffa4ffacffa4ff9c
ffa4ffacffb4ffac
ff6bff8cff9cffa4
ff4bff5bff6bff73
ff1bff33ff3bff4b
feabfecbfeebff03
fe3afe52fe5afe83
fe0afe12fe1afe22
fd61fd92fdcafdea
fcb9fc89fca1fd01
fc60fc81fc60fc50
fd51fdaafe42fd8a
fd71fd71fd59fd59
ff94fe7afdd2fd59
0206030f02af00ed
03d003c802c701ae
01be02bf031f03a8
00b5004c001400c5
fe22fe83ff2b0034
fec3febbfeabfe62
fe52fe72fe93feab
fe3afe93fe8bfe5a
fce1fd01fd49fda2
fcd9fd09fd19fd01
fc70fcb1fca1fcb1
fc50fc99fc78fc40
009d0054fe4afc60
0064007c0085008d
fffcfff4fff40024
ffb4ffbcffccffe4
ff9cffa4ffacffb4
ff94ff94ff9cff9c
ffa4ff9cff9cff94
ff94ff9cff9cffac
ff84ff84ff84ff8c
ff43ff4bff63ff73
ff2bff3bff3bff43
fea3fecbfeebff0b
fe42fe62fe72fe83
fe02fe22fe2afe32
fd39fd9afdbafdea
fca9fc89fcb1fcf1
fc50fc70fc70fc58
fd61fdaafe42fd9a
fd61fd92fd61fd61
0074feabfde2fd61
015502660347027e
03b803d803b00266
00dd020e034703e0
00ad0044001c005c
fe0afeb3ff6b0044
feabfeabfe93fe3a
fe22fe52fea3fea3
fe32fe9bfe8bfe52
fce9fd21fd51fda2
fce1fd31fcf1fd01
fc99fc89fc91fcc9
fc58fc89fc70fc58
005cfebbfc81fc38
007c008500950095
00040014003c0064
ffe4ffecfff4fff4
ffbcffccffe4ffe4
ffa4ffa4ff9cffac
ffbcffb4ffa4ff9c
ff94ffa4ffa4ffb4
ff7bff84ff84ff84
ff4bff53ff5bff6b
ff2bff43ff43ff4b
fea3fec3fee3ff0b
fe52fe6afe7afe8b
fe0afe2afe3afe42
fd19fd69fdaafde2
fc99fc91fcc1fce1
fc40fc58fc78fc50
fd82fda2fda2fd9a
fd59fd82fd69fd59
029f0034fdfafd8a
01ce017d02660347
03d803b803a802f7
00c5021603270390
00d500540024004c
fe12febbff73006c
fedbff03feb3fe32
fe4afe72feabfebb
fe8bfed3fec3fe7a
fd09fd29fd92fe22
fd01fcf1fcb1fcc9
fc81fc89fca9fcc9
fc58fc78fc89fc81
fe7afca1fc50fc50
00740085007c000c
0014003c004c005c
001c001400140014
ffd4fff40024002c
ffc4ffc4ffbcffcc
ffccffd4ffccffc4
ff9cffb4ffbcffbc
ff7bff8cff94ff94
ff5bff6bff63ff6b
ff2bff43ff43ff53
feabfec3fedbfefb
fe62fe6afe7afe93
fdf2fe12fe32fe5a
fd01fd49fd92fdd2
fc78fc99fcb1fcc9
fc50fc30fc78fc60
fe9bfdbafd8afdca
fd71fdbafd8afd92
035f0297ffacfdea
02ff01f6018e0276
03f803d803880357
00b5026603170398
00e50074000cfffc
fe22fecbff7b0054
feebfefbfe8bfe1a
fe4afe72febbfed3
fee3fedbfebbfe7a
fcf9fd19fdbafe7a
fce1fc91fc89fce1
fc70fc89fcc1fce9
fc50fc70fc91fc58
fc58fc38fc58fc58
005c0004fefbfd69
003c0044004c005c
0034002c00340034
fff4001c003c003c
fff4ffecffdcffe4
ffd4ffe4ffecfff4
ffacffb4ffc4ffcc
ff84ff94ff9cffa4
ff73ff6bff73ff7b
ff23ff53ff5bff63
feb3fed3fee3ff03
fe7afe83fe83fe9b
fdeafe12fe32fe62
fcf1fd49fd82fdc2
fc58fca1fca1fcb9
fc91fc30fc50fc78
fe0afd49fd59fd82
fdb2fde2fd92fdea
0287036f02efffbc
0377032f01d601e6
03f003e0037f0327
006c01ee026e0337
00c50064fffcffec
fe32fee3ffa4006c
ff0bfeebfe7afe22
fe83febbfeebfef3
ff03fedbfeb3fe6a
fcc1fd31fdf2feab
fc81fc68fc81fcc1
fc70fcb1fcd9fce9
fc60fc68fc70fc50
fc30fc48fc50fc48
fe3afd39fc81fc30
0004ffd4ff94ff0b
0004001c002c001c
0014001c001c000c
0004000c0004000c
ffdcffecfff4fffc
ffb4ffbcffb4ffcc
ff9cff9cffa4ffac
ff7bff7bff84ff94
ff23ff3bff5bff73
febbfed3feebff03
fe83fe93fe93fea3
fdeafe12fe52fe6a
fcd9fd31fd82fdba
fc58fca1fca9fca9
fcb9fc68fc50fc89
fd51fd49fd51fd61
ff94fe1afd8afd79
01f60287037702c7
036f03d00327020e
03a803c8035f02ff
000c006c014502d7
00bd001cfffcfff4
fe3afed3ffa400a5
ff0bfedbfe6afe1a
fe72feb3ff03ff2b
ff03fed3febbfe83
fcc9fd69fe42fedb
fc48fc78fc70fc89
fc78fcc9fca9fc91
fc68fc68fc70fc50
fc48fc50fc50fc50
fc50fc30fc48fc50
fd71fd11fcb9fc78
fe3afe02fe02fdd2
ffecffc4ff63fedb
ffecffecffecfff4
ffd4ffdcffe4ffec
ffacffb4ffb4ffc4
ffa4ffa4ffa4ffa4
ff84ff8cff94ff9c
ff2bff43ff63ff73
febbfedbfef3ff0b
fe6afe83feabfeb3
fdf2fe22fe52fe62
fcb9fd21fd82fdaa
fc60fcb1fcb1fc91
fc81fc89fc60fc89
fd59fd61fd61fd59
028fff63fda2fd69
01f602af031703a8
037f03f003e002ef
034f0367033702ef
ffccffec00f50297
00b5002cffecffc4
fe42fed3ff8c0074
fedbfebbfe5afe1a
fe7afebbff13ff1b
febbfe7afe72fe5a
fcb1fd51fe4afec3
fc68fc70fc50fc78
fc78fc91fc50fc48
fc50fc58fc78fc60
fc50fc38fc40fc30
fc50fc50fc48fc58
fc38fc38fc38fc38
fc99fc38fc38fc28
ff23fecbfe1afd59
ffdcffc4ff94ff5b
ffd4ffd4ffd4ffdc
ffccffccffccffd4
ffccffccffc4ffc4
ff8cff94ffa4ffbc
ff33ff53ff6bff7b
fecbfedbfeebff13
fe72fe8bfea3febb
fdeafe1afe4afe62
fcb1fd11fd79fdba
fc91fc91fcb9fc89
fc68fc60fc58fc78
fd71fd69fd69fd61
03c0023efeb3fd82
028f028703770377
032f03e803e8037f
022602ef02e7029f
ffc4ffb4000c00dd
008d0034000cffe4
fe7afee3ffc40095
fee3fed3fe93fe42
fe93fef3ff43ff3b
fea3fe6afe5afe5a
fc91fd41fe62fedb
fc89fc50fc38fc60
fc60fc68fc40fc60
fc30fc48fc68fc48
fc40fc40fc40fc18
fc38fc38fc38fc38
fc38fc40fc48fc28
fc81fc38fc38fc40
fedbfe6afdb2fd11
ffc4ff94ff53ff0b
fff4ffecfff4ffe4
fffcfffcfff4fffc
ffdcffecfff4fff4
ff9cffacffc4ffcc
ff33ff53ff63ff7b
fed3feebfefbff0b
fe7afe83fe9bfebb
fdf2fe1afe4afe6a
fca9fd01fd59fdb2
fc91fc99fcc1fc91
fcb9fc89fc60fc40
fd82fd79fd79fd71
03b803d00186fe4a
036f02b702e703b0
02ef03b803f003c8
00cd025e0297028f
ffa4ffb4ff9cffd4
008dfffcffd4ffbc
fe7aff03001400c5
ff13fed3fe83fe2a
fe8bfee3fef3feeb
feabfe4afe12fe32
fc68fd01fe52fef3
fc78fc58fc38fc40
fc58fc60fc40fc58
fc28fc48fc68fc40
fc40fc48fc48fc30
fc30fc30fc40fc38
fc30fc50fc48fc30
fc60fc50fc48fc38
fec3fe3afd8afce1
ffa4ff63ff2bfefb
000c0004fff4ffd4
001400140014001c
ffecfffcfffc0004
ff9cffb4ffc4ffd4
ff2bff53ff6bff84
fed3fefbff0bff13
fe72fe83fe9bfeb3
fde2fe0afe3afe52
fca1fce9fd41fdaa
fc70fc78fcb1fca1
fca9fcf1fcb1fc40
fe1afd9afd8afd79
03a003d803a80115
03d0034f02cf035f
031f036703e003f8
001c017d023e026e
ff73ff6bff6bffbc
009d002cffb4ff94
fe8bff1bfffc00ad
ff23fe9bfe32fe2a
fedbfef3fee3feeb
fe93fe0afdf2fe83
fc68fcb1fd92fe8b
fc78fc70fc58fc48
fc70fc70fc38fc48
fc38fc40fc68fc68
fc48fc48fc48fc58
fc48fc50fc40fc50
fc38fc60fc60fc48
fc48fc58fc50fc28
feb3fe0afd69fcb9
ff8cff4bff1bfefb
000cfff4ffecffbc
000c001c002c0024
ffecfffc0004000c
ffa4ffb4ffbcffd4
ff3bff4bff6bff8c
fed3fef3ff13ff2b
fe62fe83fea3feb3
fddafe0afe32fe4a
fc89fce1fd21fd92
fc70fc81fca1fca9
fcb1fc99fce1fc91
00a5fe32fdaafd79
03b003a803f8036f
03d003c003900390
032f035f03c803d0
ffec00e501e6023e
ff6bff4bff6bffac
00640024ffdcffac
febbff430014008d
ff13fe62fe02fe3a
ff03ff13ff3bff2b
fe6afe0afe12fea3
fc70fc78fce1fdfa
fc70fc78fc60fc50
fc60fc68fc58fc58
fc40fc28fc50fc50
fc40fc48fc48fc58
fc48fc60fc40fc48
fc38fc50fc50fc48
fc50fc68fc58fc30
fe72fdd2fd31fc99
ff73ff3bff13fee3
fffcffecffdcff9c
001400140024001c
ffecfffc000c0014
ffacffccffdcffec
ff4bff5bff6bff8c
fee3ff03ff1bff33
fe62fe8bfea3fec3
fddafdfafe22fe52
fc81fcd1fd29fd79
fc70fc89fc91fca1
fcd9fc81fca9fca1
034f00f5fefbfdc2
03d003c003f003f8
03a803e003e803e0
031f0347035f03a8
001c00dd01c60246
ff73ff4bff73ffa4
005cffecffb4ffcc
feabff5b003c0095
fed3fe4afe02fe22
fecbfeebff5bff1b
fdaafdc2fdfafe7a
fc60fc68fc78fd11
fc58fc68fc70fc50
fc48fc58fc48fc40
fc40fc20fc40fc58
fc50fc40fc50fc50
fc48fc60fc50fc40
fc40fc50fc48fc48
fc50fc70fc58fc38
fe52fdbafd01fc70
ff5bff2bff03fecb
ffecffdcffbcff84
000c001400140004
fffc00040004000c
ffa4ffc4ffdcffec
ff53ff6bff7bff94
feebff0bff23ff33
fe62fe8bfea3fec3
fdcafdfafe22fe4a
fc81fcc1fd21fd69
fc89fc70fc81fca1
fd09fca9fc68fcb9
03f803c0027eff94
03f003c803f003f8
03a803b803f803f8
034f0367034703b0
0034010501960226
ff43ff33ff4bff94
0054ffccffa4ff8c
fea3ff33001c009d
fecbfe42fe1afe42
febbff1bff53ff0b
fcf9fd79fde2fe83
fc48fc68fc70fc78
fc40fc58fc81fc60
fc58fc50fc40fc38
fc48fc30fc30fc58
fc50fc50fc48fc48
fc48fc60fc48fc28
fc48fc58fc58fc58
fc60fc70fc50fc40
fe2afd79fcd1fc58
ff43ff23feebfeab
ffd4ffb4ff94ff73
00040014fffcffe4
ffecfffcfffcfffc
ffb4ffc4ffd4ffe4
ff53ff6bff84ff9c
fee3fefbff13ff3b
fe6afe93feabfecb
fda2fde2fe1afe52
fc99fcc9fd21fd61
fca9fc68fc89fca9
fce1fcd1fc81fc91
03f8040003f002e7
03f003a803c003f8
036f03a003f003f8
034703a003880388
00440135016501be
ff5bff5bff4bffa4
0024ffc4ffacff73
fec3ff5b00340085
feb3fe6afe42fe5a
feb3ff3bff2bfefb
fc91fd19fda2fe62
fc70fc70fc89fc70
fc50fc50fc81fc91
fc60fc60fc48fc40
fc40fc30fc30fc48
fc48fc60fc48fc40
fc40fc50fc58fc38
fc58fc58fc68fc40
fc81fc68fc40fc40
fdeafd31fca1fc58
ff33ff13fee3fe8b
ffb4ff94ff73ff5b
fffcfff4ffdcffcc
fff400040004fffc
ffbcffbcffccffe4
ff53ff63ff7bff9c
feebfef3ff0bff3b
fe7afea3feb3fed3
fd9afdd2fe22fe5a
fca1fcc9fd09fd61
fca9fc81fc78fca9
fce9fcb9fce1fc91
03f80400040003e8
03e803b003a803f8
034f03a003f003f0
02f7034f037f0377
00950155012d0175
ff7bff5bff3bffc4
001cff9cff8cff73
fef3ff9c00340074
feb3fe6afe32fe62
fe8bff03ff0bfee3
fc78fcb1fd31fe1a
fc99fc91fca9fca1
fc58fc58fc78fcb9
fc58fc50fc50fc38
fc38fc40fc40fc40
fc48fc58fc40fc50
fc48fc50fc58fc40
fc68fc68fc48fc40
fc70fc58fc40fc50
fda2fcf9fc89fc70
ff13fef3febbfe4a
ff9cff7bff5bff3b
fff4ffe4ffd4ffbc
ffecfff4fff4fff4
ffb4ffbcffccffd4
ff5bff63ff73ff9c
feebff03ff13ff33
fe83feabfecbfedb
fd92fdcafe1afe5a
fcb1fcb9fd01fd51
fca9fc91fc78fca9
fd11fcf1fcc9fcc1
03f803f8040003f0
03e803b8039003f8
0367037f03c803e8
029702ff03170337
00c5016500bd00f5
ff6bff3bff5bffc4
002cffb4ff4bff6b
ff0bff8c002c0085
fea3fe5afe4afe83
fe93fefbfee3feb3
fc91fc81fcd9fdca
fcc9fcb9fce9fcd9
fc60fc60fc68fc99
fc58fc58fc48fc48
fc50fc40fc48fc40
fc48fc48fc40fc60
fc50fc50fc58fc50
fc68fc58fc48fc58
fc60fc50fc48fc70
fd59fcc9fc89fc70
ff03fedbfe8bfdfa
ff7bff73ff53ff2b
ffecffdcffc4ff9c
ffdcffdcffe4ffec
ffacffbcffc4ffcc
ff53ff63ff7bff94
fef3ff13ff23ff2b
fe72fea3fecbfef3
fd92fdd2fe1afe52
fcb1fca9fce9fd49
fca1fc89fc99fcb1
fdb2fd21fcc9fcc1
0400040003f803f0
040003b8036f03e8
032f034703a003f0
021e029f02c702e7
00e50145009d009d
ff6bff23ff63fffc
0024ffa4ff63ff84
ff1bffa400240085
feabfe4afe52feab
fe6afec3feb3fec3
fcb1fc89fca1fd49
fcd1fce1fd19fd01
fc50fc60fc60fc78
fc48fc48fc58fc60
fc60fc50fc48fc40
fc50fc48fc48fc48
fc58fc38fc60fc58
fc50fc48fc50fc50
fc68fc50fc60fc68
fd19fca1fc91fc68
feebfeb3fe42fdb2
ff7bff5bff33ff0b
ffdcffc4ffa4ff94
ffb4ffc4ffdcffec
ff94ffa4ffa4ffac
ff43ff4bff73ff84
ff0bff2bff33ff3b
fe7afea3fed3fef3
fd9afddafe1afe52
fca1fca9fcd1fd29
fcc9fc81fc91fca1
fe02fd61fd09fce1
03f8040004000400
03f003b0036703c0
02f70327038803e8
01960206023e029f
01150135008d007c
ff33ff2bff840044
0004ff84ff5bff5b
ff13ffa4003c0095
fe72fe2afe3afea3
fdd2fe5afe8bfe9b
fcb9fcb1fca9fcd1
fc91fd01fd51fd21
fc48fc68fc40fc48
fc38fc30fc70fc91
fc68fc68fc48fc38
fc50fc70fc60fc48
fc58fc38fc60fc60
fc58fc48fc48fc58
fc70fc60fc68fc58
fce1fca1fc91fc68
fed3fe8bfe0afd71
ff73ff4bff23ff0b
ffc4ffbcffa4ff94
ffb4ffc4ffccffd4
ff94ff9cffa4ffa4
ff53ff5bff7bff84
ff13ff2bff3bff3b
fe7afeabfed3feeb
fd71fddafe12fe4a
fca1fcb1fcb1fd21
fcd1fcd9fc89fc81
fdaafd71fd31fd01
