fef3007c012d01a6
001cff2bfde2fd92
007c007400740064
007400740074007c
006c006c00640064
ffbc005c006c006c
03b002ef0004ff4b
03c003b803b803b0
035f039003a803b0
0246026e028f02ef
00a500dd0175020e
fe32fed3ff6b0004
fdbafdc2fdc2fde2
fd61fd9afda2fda2
fd51fd39fd31fd31
fd61fd61fd61fd59
fdeafd82fd69fd61
00adfebbfe0afdda
031702df02bf024e
03370327030f0317
034f034f034f033f
033f0347033f034f
034703470347033f
033f033f033f0347
03370337033f033f
0327032f032f0337
031f031f031f0327
0317031703170317
03070307030f030f
0307030703070307
02ef02f702f702ff
02e702e702e702ef
fe93004c011d018e
0024ff53fe12fd79
007c007c00740064
0074007c007c0074
005c006c006c0064
ff8c0054006c0064
03a803370074ff2b
03c003b803b803b0
02f7033f038803b0
021e027e026e029f
ffb4005c00d5017d
fe0afe4afe83fef3
fdbafdbafdd2fdf2
fd82fd82fdbafdca
fdcafdb2fdb2fd9a
fd79fda2fdc2fdda
fd71fd51fd51fd61
ffccfe62fdc2fd9a
0297023e020e0145
033f0317030f02e7
034f0347034f034f
033f034f034f0357
0347033f033f033f
033f033f033f0347
03370337033f033f
0327032f0327032f
031f031f031f0327
030f030f03170317
03070307030f030f
030703070307030f
02f702f702f702ff
02df02df02e702ef
fe3a001c01050175
003cff84fe4afd71
0085007c0074006c
0074007c007c007c
0064006c006c0064
ff63003c0064006c
03b8036f0115ff33
03a803b003b003b8
028f02cf032f0390
0145021e0276026e
fec3ff3bffcc0064
fe12fdfafe32fe52
fde2fde2fdf2fdfa
fe32fe12fe1afe22
fe1afe32fe32fe32
fd41fd59fd9afdda
fd79fd71fd41fd41
ff4bfe4afdcafdaa
0105009d005c0014
02f702bf025e01de
034f0347033f032f
0337034f03570357
033f033f033f0347
033f033f03470347
03370337033f033f
0327032f032f0337
031f031f03270327
030f031703170317
0307030f030f030f
0307030703070307
02f702ff02ff02ff
02df02e702ef02ef
fdeaffcc00dd015d
004cffc4fe9bfd79
00850074006c006c
006c00740074007c
006c0074006c0064
ff5300140064006c
03c0039801c6ff6b
037f03a803b803c0
027602a702df032f
fffc00bd01a6022e
fe32fe93ff23ff7b
fe0afe22fe32fe4a
fea3fe1afdeafe0a
fe62fe6afe9bfebb
fdaafdeafe42fe5a
fd49fd39fd39fd61
fda2fdaafd59fd51
fefbfe3afe4afdd2
fffcffe4ffc4ffa4
01f6014d0085000c
03470337030f02af
03470347033f0347
033f034703470347
0347034703470347
0337033f033f033f
032f032f032f0337
031f031f031f0327
030f031703170317
0307030f030f030f
0307030703070307
02f702ff02ff02ff
02e702e702ef02ef
fdaaff8400b5014d
0054fff4fee3fd9a
007c0074006c006c
0074007c007c007c
0074007c0074006c
ff53ffec0064006c
03c803b80287ffbc
0307036f03a803c8
0206028702a702af
ff1bff63005c0175
fe6afe72fe9bfefb
fe22fe2afe2afe5a
ff43ff43fe93fe0a
fe32fe5afeb3fee3
fd82fda2fe02fe4a
fd61fd51fd49fd59
fe3afdcafd92fd71
fe93fec3fe72fdba
ffa4ffc4ff73fef3
fff4ff23fef3ff43
032702cf02360125
034f034f033f0337
0347034703470347
034703470347033f
0337033f033f033f
0327032f032f0337
031f031f03270327
030f031703170317
03070307030f0307
02ff030703070307
02ef02f702ff02ff
02df02e702ef02ef
fd82ff23008d0135
005c0014ff23fdc2
0074006c0064006c
006c0074007c007c
006c007400740074
ff53ffd40064006c
03c003d002f70004
02a7031703570390
00bd01de027e0276
ff2bff0bff330034
febbfee3febbfeeb
fe83fe4afe62fe6a
ff23ff84ff8cff23
fe4afe62fe72fec3
fd79fdaafdcafe12
fd59fd69fd61fd51
fe7afe0afdeafd71
fedbfecbfe42fe3a
ff4bff13fee3fec3
fe8bfe93fecbff3b
027e01b6005cfefb
034f034f033f0307
0347034703470347
03470347033f0347
03370337033f033f
032f0327032f0337
031f031f03270327
030f031703170317
03070307030f030f
02ff030703070307
02f702f702ff02ff
02e702e702ef02ef
fd69febb005c0125
00640034ff5bfe02
007c007c006c006c
00640064006c007c
006c0064006c0064
ff53ffa4004c006c
037f03b8035f00a5
024e02af033f036f
ff7b003c016d0226
ff3bffd4ff8cff94
fe8bfefbff23ff3b
ff9cff03fe9bfe52
fedbff43ffbcff9c
fe3afe6afeb3fea3
fd41fd82fdbafe02
fd79fd69fd51fd19
fe93fe52fe12fd92
fea3fe9bfe0afe8b
fef3fedbfed3fed3
fea3ff03ff1bff13
0165ffacfe52fe32
0347033f0307026e
0347034703470347
033f033f0347034f
0337033f033f033f
032f032f032f0337
031f031f03270327
0317031703170317
03070307030f030f
030703070307030f
02f702f702f702ff
02e702ef02ef02f7
fd71fe5a00240105
0074004cff94fe4a
0085007c00740074
007400740074007c
0064005c0064006c
ffb4ff94003c006c
03770377037f01be
01b6024602df036f
ffbcff43ff9c007c
ff84ff8cfff4ffe4
fe72fea3fee3ff5b
ffbcffccff6bfed3
febbfefbff8cffd4
fe4afe6afea3feeb
fd09fd29fd71fde2
fd82fd82fd71fd29
fe52fe3afe42fd71
fea3fe7afe0afeab
fecbfecbfebbfe6a
fea3fedbfef3fee3
ff5bfe02fe12fe72
033702ff027e0165
033f0347034f034f
033f033f03470347
03370337033f033f
032f032f032f0337
031f031f03270327
030f031703170317
03070307030f030f
0307030703070307
02f702f702f702ff
02e702ef02ef02f7
fd79fe0afff400e5
00740044ffacfe8b
0085007c00740074
0074006c007c0085
0064004c005c006c
01b6005c006c007c
0357037703a0034f
002c019602af032f
001cffc4ff84ff84
ff8cffa4ffccffd4
ff0bfe93febbfefb
fff4ffb4ffe4ffa4
fefbfefbff23ff8c
fdfafe9bfeb3fea3
fd29fd21fd39fd79
fd61fd9afd82fd71
fe2afe12fe6afd82
fe9bfe12fe1afe9b
fedbfeebfe72fe32
fec3feebfedbfec3
fdd2fdeafe6afe9b
030f029f015dff2b
0337034f034f032f
033f034f034f0337
0337033f033f033f
0327032f032f032f
031f031f03270327
030f031703170317
0307030f030f030f
030702ff03070307
02ef02ef02ef02ff
02e702e702ef02e7
fd92fdc2ffa400bd
0074004cffccfec3
007c0074006c006c
006c0074007c0085
006c00540054006c
0367025e014500bd
0327033f039003c0
0014006c01ae02cf
000cffe4fff40014
ff53ffbcffbcffe4
fff4ff4bfeb3fed3
ffa4ffe4ffe4002c
fee3ff43ff23ff2b
fd9afe12fec3ff03
fd71fd41fd49fd71
fd51fd79fdaafd8a
fdeafe1afe7afdaa
fe8bfdfafe22fe7a
fecbfe9bfe22fe6a
feebfedbfeb3febb
fdeafe52fe93fedb
02bf01c6ff5bfdca
0347035f0347030f
033703470347033f
03370337033f033f
032f032f03370337
031f031f03270327
031703170317031f
0307030f030f030f
02ff02ff03070307
02ef02ef02f702f7
02e702ef02ef02e7
fdbafd92ff3b0095
006c005cfff4fefb
007c0074006c0064
007c00850085007c
00ed008500740074
03c003b802b701ce
02d70357035f0388
003c009d00fd01be
fff40024fff4000c
fed3ff53ffd40004
005c0034ff94fee3
ff5bffc4ffdc001c
ff33ff53ff4bff43
fdc2fdfafe52fedb
fdc2fd8afd31fd61
fd69fd51fd9afdba
fdd2fe3afe62fdb2
fe52fe0afe2afe2a
fe8bfe4afe2afe83
fec3feb3fe9bfebb
fe42fe93febbfeb3
0226001cfe02fde2
0357035f033702cf
033f0347033f0347
03370337033f0337
032f032f03370337
031f032703270327
031703170317031f
03070307030f030f
02ff02ff03070307
02ef02ef02f702f7
02e702ef02ef02e7
fe02fd71fedb0074
006400740014ff2b
00740074006c0064
0085008500850074
021e010d0095007c
035f03c003b8033f
020e02ff035f0357
ffc4000c00f5014d
ffec00040024ffe4
fefbfec3ff4bffe4
0054006c0064ffbc
ff9cff8cffa4ffcc
ff0bff5bff73ff7b
fd92fe32fe5afe8b
fdfafdf2fd92fd39
fd69fd71fd59fdba
fdb2fe22fe42fdc2
fe1afe1afdfafdea
fe7afe3afe3afe5a
fec3fe9bfeb3fe9b
fe62fea3febbfea3
00cdfe42fe0afe4a
0357034703070266
0347033f03370347
0337033f03370337
03270327032f0337
031f032703270327
031703170317031f
0307030f030f030f
02ff030702ff0307
02ef02ef02ef02f7
02e702ef02f702e7
fe3afd61fe7a0044
006c007c002cff63
007400740074006c
008d00850085007c
0347020e00e5008d
0327034f03c803e0
019e021602ef0357
ffdcffac003c0135
ffccfffc000c001c
ffecfeebfedbff8c
0044005c00ad007c
ffccffdcffa4ff9c
fedbff53ff84ffb4
fd61fdb2fe83fea3
fe1afe2afdc2fd92
fd59fd9afd59fd8a
fdcafe22fe2afdea
fe0afe22fd82fdca
fe7afe3afe4afe3a
feabfea3fea3feab
fe72fea3feabfea3
fe9bfddafe32fe5a
0337032702a70175
034f03470337033f
0337033f0337033f
032f032f03370337
031f032703270327
030f0317031f031f
0307030f030f0317
02ff030703070307
02ef02ef02f702f7
02e702ef02ef02e7
fe72fd71fe2afffc
006c00740044ff94
007400740074006c
009d008500850085
03e8033701d600c5
03770367039803e8
00fd01ae01f602f7
000c0024ffec002c
ffac000cffd4fff4
0095fffcff0bff0b
ffc40064009500e5
ffb4ffd40004ffa4
feebff3bffa4ffb4
fd92fd61fdd2fec3
fdf2fe4afdfafdb2
fd29fd8afd82fd71
fdfafe1afe3afdd2
fe3afe12fd61fdba
fe42fe3afe3afdfa
feabfeabfeb3fe9b
fe83fe7afe93feab
fdb2fe0afe4afe62
032702df021eff43
034f0347033f033f
033703370337033f
032f032f03370337
031f032703270327
030f0317031f031f
0307030f03170317
0307030f03070307
02ef02ef02f702f7
02e702ef02ef02ef
feb3fd82fde2ffcc
006c00740054ffc4
007c007c007c0074
00c50095007c0085
03f003d8031f01a6
031f03a0039803c0
0074014501e6021e
ffb4ffec001c000c
ff2bffc4fffcffa4
01050095fff4ff13
ff94000400ad00e5
ff84ffdc0004fffc
ff13ff3bff7bffbc
fdaafdaafd79fe02
fda2fe42fe3afde2
fd31fd69fda2fd8a
fdeafe0afe2afde2
fe42fe02fd82fd92
fe42fe4afe32fdd2
febbfeb3feb3fe83
fe83fe5afea3febb
fe02fe62fe72fe7a
030f028f0044fdd2
0347034703470337
033703370337033f
032f032f03370337
031f032703270327
03170317031f031f
0307030f0317031f
0307030703070307
02ef02ef02f702ff
02e702ef02ef02ef
feebfdaafdaaff6b
006c00740064ffec
0074007c007c0074
014d00bd0085007c
03d003e803d002d7
0216031703b003c8
ffa40044015d01de
ff8cffb4ffe4ffbc
ff1bfefbffdc0004
011d00dd007c0014
fff4ffa4008500ed
ffbcffb4ffec002c
fe42ff6bff73ffbc
fdb2fdd2fdeafdba
fd8afdfafe52fe1a
fd21fd71fdd2fd9a
fdc2fdfafe1afdea
fe12fdd2fd82fd8a
fe22fe2afe02fdfa
fec3fec3fe9bfe62
fe6afe7afe9bfeab
fe5afe93fe62fe7a
02ff016dfe42fdd2
033f0347033f0337
03370337033f033f
032f032f03370337
0327032703270327
0317031f031f031f
0307030f03170317
0307030f030f030f
02ef02ef02f702ff
02e702ef02ef02ef
ff0bfddafd82fef3
006c0074006cfffc
00850085007c006c
024e012500a50085
03d003d003f003b8
01ae01f6030f03b0
ffb4ff84008d014d
0024ffb4ffacffec
0024ff0bfeebffe4
00f500dd00b5008d
0034fffc000400c5
000cff9cffd40034
fe02fe9bffc4ffd4
fddafdcafde2fdfa
fdbafdcafe52fe42
fd39fd41fdb2fd92
fdcafe1afe72fdfa
fdcafdc2fd82fda2
fe32fe2afdfafdf2
fe9bfea3fe7afe42
fe72fe93fe7afe8b
fe5afe7afe5afe52
0276ff43fdb2fe0a
0347034703370317
03370337033f033f
032f032f032f0337
0327032703270327
03170317031f031f
030f030f030f030f
0307030f030f030f
02f702f702ff02ff
02e702ef02ef02ef
ff4bfe1afd71fe72
006c006c0074001c
0085008500740074
039001f60125009d
03d803e803d803f8
017d01a601ee034f
ffbcff84ff9c0095
fff4fff4ff73ff7b
0085002cff1bff0b
00d500ed00cd00bd
0054003c00140064
00240024ffb4001c
fe4afe32ff030024
fe22fddafe0afe32
fdcafdeafe1afe5a
fd69fd29fd82fdb2
fdd2fe0afe6afe2a
fdbafde2fd8afdaa
fe22fe42fe1afde2
fe8bfe83fe52fe3a
fe72fe8bfe72fe7a
fe52fe4afe52fe52
00bdfdd2fddafe2a
03470347032702e7
0337032f033f033f
032f032f032f0337
031f03270327032f
03170317031f031f
030f030f030f030f
030f030f030f030f
02ff02ff02ff0307
02ef02f702f702f7
ff8cfe62fd79fe12
006c006c006c0034
0095007c007c007c
03f8034701ce010d
039803c803c803e8
008d01be01f602bf
ff4bffc4ff63ffc4
ff13ffd4ff94ff5b
00b50074002cff3b
00b500f5010d0105
0074006c003c001c
0085006cfff4ffcc
fe6afe7afe6aff94
fe5afe12fe1afe5a
fdf2fe22fe22fe42
fd92fd49fd82fdb2
fddafe32fe7afe52
fde2fe32fda2fdba
fe42fe5afe1afe1a
fe93fe62fe72fe42
fe62fe7afe6afe8b
fe3afe52fe4afe4a
fea3fdb2fe0afe42
033f033f0317021e
03370337033f033f
032f032f032f032f
032703270327032f
03170317031f031f
0307030f03170317
030f030f030f030f
02ff02ff02ff0307
02ef02f702f702f7
ffbcfea3fd92fdca
006c006c006c0044
00e500a50095007c
03f003f0030701c6
033f03b003d803e8
ffd4009d020e0256
ff53ff6bffacff63
ff3bfef3ff9cff94
01250085008d003c
007400dd010d0125
004400a50085002c
007c00dd005cfff4
fe83fe93feb3fef3
fe5afe52fe32fe62
fdfafe52fe22fe2a
fdd2fd61fda2fdaa
fdeafe5afe8bfe6a
fe0afe62fdd2fdba
fe62fe8bfe2afe42
fe8bfe7afe7afe4a
fe62fe7afe7afe7a
fe3afe42fe32fe4a
fdaafde2fe1afe2a
033f032702df0054
032f032f033f033f
032f032f032f0337
032703270327032f
03170317031f031f
030f031703170317
030f030f030f030f
02f702f702ff0307
02ef02f702f702f7
ffd4fedbfdaafd9a
0074006c00740054
01be00e500ad0085
03f0040003d802f7
02af039003d003e8
ff4bfff401650287
ff6bff1bff5bff9c
000cff0bfec3ff63
014d00e5009d00a5
004400bd0105012d
002c00a500b5006c
ffc4010d00e5007c
feb3fec3fee3ff13
fe4afe42fe6afe72
fdf2fe62fe6afe52
fe1afd92fdbafdb2
fdf2fe4afea3feab
fe32fe83fe12fdca
fe93fe7afe5afe6a
fe83fe93fe8bfe7a
fe52fe52fe5afe83
fe3afe32fe2afe52
fdb2fdf2fe0afe1a
033f030f01eefe72
032f032f033f033f
032f032f032f0337
032703270327032f
03170317031f031f
030f030f030f0317
030f030f030f030f
02ff02ff03070307
02e702ef02f702f7
fffcff0bfdd2fd69
008500740074006c
02e7016d00dd00a5
03e803f803f803b0
02c70337039803c8
ff84ff8c006401e6
ff53ff43feebff73
00a5fffcfedbfe93
0155015d00c500c5
004c008500fd0145
00b500a500b500b5
ffac00c5014d00f5
fedbfef3fefbff73
fe6afe42fe83feab
fdfafe6afebbfe8b
fe5afde2fdf2fde2
fe12fe52fecbfedb
fe6afebbfe62fdf2
fedbfe93fe8bfe93
fe72feb3feabfeab
fe4afe5afe52fe7a
fe2afe2afe42fe42
fdeafdf2fdf2fe12
032702cf003cfdc2
032f032f033f033f
032f032f032f032f
032703270327032f
03170317031f031f
030f030f03170317
030f030f030f030f
02ff02ff02ff0307
02ef02f702f702f7
000cff3bfe02fd59
00c5008d007c0074
03900287010d00bd
03e003e8040003d8
0297031f03470398
ffdcffccfff400cd
fe9bff1bfecbff0b
00e5007cfff4febb
018e0196017500cd
008d005c00e5014d
012500cd00d500cd
00240074017500fd
ff03ff2bff3bff6b
fe72fe62fe62fee3
fe12fe7afec3fec3
fe93fe32fe2afe12
fe4afe52fec3feb3
fea3fee3fea3fe2a
ff03fee3fecbfed3
fe5afeabfec3fee3
fe32fe4afe5afe6a
fe22fe3afe4afe42
fdf2fe0afdf2fe0a
030f01fefe9bfdd2
032f032f033f0337
032f032f032f032f
032703270327032f
03170317031f031f
030f030f03170317
030f030f030f030f
02ff02ff03070307
02ef02f702ef02f7
0024ff6bfe42fd69
00bd00b5009d008d
03b8037f021e00dd
03b803e003f003f0
018e030f033f0347
ff4bff9c001c0054
feabfe9bfef3feab
00bd00c50095ffec
01a6018e01c60145
00ad006c00ad0125
010d013d00e500e5
004c009d016d016d
ff0bff63ff8cffb4
fe83fe52fe2afedb
fe2afe52fecbfee3
febbfe7afe52fe42
fe62fe62febbfebb
fee3feebfebbfe4a
ff53ff33ff0bfeeb
fe9bfec3fee3ff13
fe42fe32fe62fe62
fe2afe32fe3afe22
fdd2fdeafdeafdf2
02df0074fdd2fdda
03370327032f0337
032f032f032f0337
032703270327032f
03170317031f031f
030f030f030f0317
030f030f030f030f
02ff02ff03070307
02f702f702f702f7
005cff94fe72fd92
00b5008d00cd00dd
03e00388034701a6
02ef03d003f803f8
00fd026e031f0307
febbff6bffcc007c
ff9cfe8bfeabfefb
010d00e500cd007c
01ae0206018601be
00cd008d006c010d
00fd018e012d010d
003400fd014501de
ff1bff8cffccffd4
febbfe52fe32febb
fe4afe5afeb3fef3
feebfec3fe7afe6a
fe83fe93feebfecb
ff03feebfeebfe72
ffb4ff84ff43ff1b
feb3feebff13ff63
fe32fe4afea3fe62
fe22fe3afe42fe2a
fdcafddafde2fdda
0236fedbfdb2fdca
03370317032f0337
032f032f0337034f
0327032703270327
03170317031f031f
0317030f03170317
030f030f030f0317
02ff02ff02ff0307
02f702f702f702f7
008dfff4fee3fdca
0135008d008d00c5
03f003a803b002df
02bf034f03f003f8
010d01de02ff0327
fed3ff13ff1b0034
0034ff33fe7afebb
017500ed00e50095
014d020601be018e
0105009d00c500a5
00fd013d01a6013d
003c0105013d01f6
ff3bff7b0034ffec
feb3fe6afe52fe83
fe6afe6afe7afedb
ff13ff03feb3fe83
fe9bfeabfefbfed3
ff0bfee3fef3fe83
ffecffccff84ff4b
fedbff1bff53ffa4
fe12fe42fe93fe93
fe12fe1afe32fe12
fdc2fddafdeafdfa
00f5fdc2fdbafda2
032f031f032f0317
032f032f033f0347
0327032703270327
0317031f031f031f
0317031703170317
03070307030f0317
02ff02ff02ff0307
02f702f702ff02ff
007c002cff5bfe32
025600ed007c0085
03e803f003d003a8
031f02f703b803e8
00c501ae02cf0357
febbff03fe93ff33
008dfffcfef3fe8b
01b6014d00f500ed
00e501ae021e0186
014d007c00ad00a5
015d00d501e6017d
006400fd017501e6
ff13ff53004c0034
fedbfe93fe72fea3
fe83fe83fea3feb3
ff33ff33fedbfea3
feabfeabfef3feeb
ff23fef3ff13febb
00240014ffb4ff6b
feebff4bff6bfffc
fe12fe42fe7afec3
fe02fdfafe12fe22
fda2fdcafddafdf2
ffa4fda2fdc2fd92
033f03370327029f
0327032f0337033f
0327032703270327
031f031f031f0327
030f030f03170317
03070307030f030f
02ff030702ff02ff
02f702f702ff02ff
0074001cff4bfe22
034f01de00cd0085
03f003f803f803d8
03470357035f03e8
0014016d02460367
fe9bfef3fedbfe52
00cd0085ff73fec3
01ce01d60135011d
00b5014501fe01fe
017500e5005400b5
01ae007c01a601ae
008d00e5018601ee
ff2bff84003c008d
fedbfebbfe9bfeb3
feb3fea3fecbfeab
ff33ff5bff0bfee3
feabfea3fed3fed3
ff63ff1bff3bfedb
006c004cffe4ff94
ff13ff7bffb40064
fe1afe62fe8bfecb
fe02fe0afdfafe0a
fd82fdc2fdf2fdfa
fe93fdd2fda2fd92
032f0347031701e6
0327033703370337
0327032703270327
031f031f031f0327
030f030f03170317
03070307030f0307
02ff030702ff02ff
02f702ff02ff02ff
00740024ff6bfe4a
03b8029f01a600d5
03f8040003f803f0
02d702ef031703b8
fed300cd01ae02ff
fed3feb3ff13fe0a
011500ad0024ff03
020e022e01c6015d
008500e501a60226
019601550034009d
021e00a50125021e
008501050186020e
ff33ff94000400c5
fee3fed3fed3fecb
feebfec3fecbfea3
ff53ff94ff43ff0b
fec3fe9bfebbfef3
ff84ff3bff63fefb
00950085000cffbc
ff53ffb4001c00a5
fe22fe62fea3fecb
fe02fe12fe0afe1a
fd79fdc2fdeafdea
fdfafdeafd92fd82
032f033702f700c5
032f03370337032f
0327032703270327
03170317031f0327
030f031703170317
02ff02ff0307030f
0307030702ff02ff
02f702ff02ff02ff
00d5004cff8cfe83
03d0031f02460196
03f003f804000400
02e7029f02ef0327
fdfaff6b013d01de
fee3feebff63fe8b
015500d5006cff84
0246021602160196
00d50095014501b6
01ce01860074002c
023600e500850206
0095012d01a60236
ff0bffd4001c00ed
fee3fedbfed3fecb
ff13feebfebbfe7a
ff94ffc4ff7bff2b
fed3fe8bfe9bff1b
ff8cff3bff73ff13
00d500a5004cfff4
ff94ffec007400dd
fe4afe83febbfefb
fdeafe02fdf2fe22
fd79fdbafde2fdd2
fdcafddafd71fd71
0327031f028fff33
032f03370337032f
032703270327032f
03170317031f031f
030f031703170317
030702ff0307030f
0307030703070307
02f702ff02ff02ff
016d009dffc4fecb
03e0036f027e01e6
03a003f004000400
027e02c702c7030f
fe1afe5a003c0165
feebfedbff53ff2b
018e012d0064002c
022e024e022e018e
00fd00e500e50175
01ee017500cdffd4
01e60085ffdc01ae
00b5012d0186020e
ff4bffecffdc00dd
fed3ff0bfedbfeeb
ff2bff0bfeabfe5a
ffccffecffa4ff4b
feebfe8bfebbff2b
ff9cff53ff7bff1b
00fd00cd0074001c
ffd4fffc00ad00f5
fe52feabfed3ff33
fe0afdfafdeafe32
fd82fdbafddafdca
fdc2fdaafd69fd79
0317030f01eefe42
0337032f032f0337
032703270327032f
0317031f03170317
030f030f03170317
030702ff02ff0307
030702ff03070307
02f702f702ff0307
01b601050004ff0b
03f003b802b70206
034703d803f80400
022602d7027e02e7
fee3fe42fef30115
ffa4fe8bff43ffec
017d016d00ad0064
018e0287024e01de
00ed00ed00a50175
01fe01860125ffdc
01c60064ffa400f5
00cd0155018e01d6
ff840004ffbc00b5
fecbff23fedbfeeb
ff43ff2bfecbfe62
ffec000cffc4ff63
ff03fe93fedbff43
ffb4ff6bff73ff3b
010500c5007c0044
fffc003c00e50105
fe6afea3febbff2b
fe12fde2fdf2fe2a
fd82fdc2fdd2fdb2
fdbafd8afd61fd79
030702ef0135fe02
0337032f032f032f
03270327032f032f
0317031f031f031f
030f031703170317
0307030703070307
030702ff03070307
02f702f702f702ff
01a6016d004cff4b
040003c0031f01de
02df039803f80400
01de028702af0297
ff94fefbfe83ffa4
004cfefbfeabffac
0155016d00e5005c
01550236029f0256
0044015500c50175
01b6019e0145000c
016d003cff84002c
00f5014d0175018e
ff94fff4ff9400d5
fed3ff3bfedbfecb
ff4bff3bfecbfe7a
00140024ffecff94
fef3fe7afee3ff8c
ffc4ff8cff73ff73
011500e500ad004c
ffec008500fd012d
fe7afeabfed3ff43
fe22fdd2fdfafe22
fd8afdbafdcafdc2
fdaafd82fd61fd82
030702bfffe4fdca
032f032f032f031f
0327032703270327
0317031f031f031f
030f03170317030f
030f030703070307
0307030703070317
02e702ef02f702f7
018e018600b5ff8c
040003c0034f026e
02bf032703e003f0
00a5025e029f025e
ff84ffd4ff53fef3
0044ffbcfeabff03
01c6012d012d006c
016d01b602bf02df
ffbc010500d500fd
013501ce01650074
0105fff4ff63ffb4
013d015d014d014d
ff73ffdcff8400dd
feebff43fecbfed3
ff5bff4bfe9bfe83
002c003c0004ffc4
febbfe8bfeebffbc
ffe4ffa4ff6bff73
012500d500ad0054
ffe400c50115014d
fe93fecbfeebff63
fe02fdb2fdf2fe3a
fd9afdcafdcafdba
fd9afd79fd69fd8a
02ff021efebbfdc2
0337032f0327030f
03270327032f032f
0317031f031f031f
030f030f03170317
030f030f03070307
0307030f03070307
02ef02ef02f702f7
01be017500edffd4
03f803e0035702b7
02460307039003e8
ffa401d602060206
ff03001c004cff9c
004cffe4ff7bff03
02870145013d00e5
0115019e02460317
ff7300f5015500ad
00ad0175018600d5
00cd0014ff2bff6b
0135016d014d011d
ff73ffb4ff7b00dd
ff13ff63febbfefb
ff73ff2bfe72fe83
002400640024ffcc
feabfea3ff03ffe4
ffe4ff8cff5bff63
011500cd00ad004c
ffec00cd0125014d
feb3fedbff03ff84
fde2fdaafdfafe52
fda2fdc2fdd2fdb2
fd82fd71fd69fd71
02ff0145fe12fdaa
032f032f030f031f
031f0327032f032f
031f031f031f031f
0307030f03170317
030f030f030f0307
02ff03070307030f
02ef02ef02f702f7
0216018600ed000c
03f803f8039802e7
01a602cf034703d0
ffec011501be01c6
fe9bff7b00ad0054
00cdffe4ff94ff7b
02ff01be00fd010d
00bd019601be02d7
ff94007c00bd00dd
001c015d01750115
00bd000cfeebff0b
0155017d015500ed
ff8cff94ff7b0105
ff33ff84feb3ff03
ff73ff13fe62fe9b
004c005c001cffbc
fe6afe9bff3b0024
ffdcff8cff84ff43
00dd00c5008d0024
003c00c501050115
fea3fedbff0bff8c
fde2fdb2fdf2fe5a
fdbafdcafdc2fdb2
fd69fd69fd61fd79
02d7003cfdf2fdb2
032f0327030f032f
031f032703270327
031f031f031f031f
030f030f03170317
030f030f030f030f
02ff02ff02ff0307
02f702f702f702f7
020601be010d0044
03e803f803d0031f
017d020602d7035f
0014007401be01de
fef3fe8b001c0105
012d0064ff7bffac
0317027e00ed00ad
00b5015d01ae0236
ffe4ffec007c00bd
ffe4014501ae015d
008dffccfec3fee3
0175017d013500bd
ffa4ff7bffb40165
ff53ff6bfebbff53
ff73fefbfe52feb3
00a50064fffcffbc
fe52feb3ff730064
ffbcff63ff73fef3
00dd00b5005c0034
006c00bd00e500e5
fe93fecbff13ffa4
fdeafdc2fe1afe6a
fdbafdd2fdc2fdc2
fd69fd59fd59fd8a
024eff23fdeafda2
0327031f0317031f
031f032703270327
031f0327031f031f
030f031703170317
030f030f030f0317
02ff02ff02ff0307
02f702f702f702f7
023601ae01550074
03a003f003f8036f
016d0135026602df
0115007c01450216
ff43fe7aff03008d
00ad00d5ffecff73
02cf02ff01ae0095
00e5011501c601a6
002400140074006c
ff7300ed01b60155
004cffbcff0bfeb3
0175017500ed008d
ffbcff84ffc401b6
ff84ff3bfe93ff8c
ff73feb3fe22fec3
00a50054fffcffdc
fe4afeb3ffac007c
ff94ff3bff63feab
00c5009d002c0014
00d500f500f500e5
fe93feb3ff23ffdc
fddafddafe32fe7a
fdaafdbafda2fdba
fd61fd49fd59fd82
0135fe52fe0afd8a
03270327031702f7
031f03270327032f
0327032703270327
031703170317031f
030f030f03170317
03070307030f030f
02ef02f702f702f7
027e0196015d00cd
02f703d003f803b0
01de00e501ce02cf
0115014d011d01b6
ff03ff3bfebbff63
005c00cd0085ffcc
02460337028f00e5
009d00bd013d01be
00ad000c000c0004
ff3300ad01a6017d
0034ffe4ff43fe93
0165015d00fd003c
ff94ff43ffcc01be
ff73fee3fe9bffcc
ff73fe5afe1afef3
00950024000cffbc
fe4afec3ffcc0085
ff5bff2bff3bfe5a
00d5007c0014ffec
00e50115010d00fd
fe93feabff4b000c
fdb2fdd2fe1afe8b
fdaafda2fd9afd9a
fd61fd49fd59fd92
ffdcfe3afe02fd79
032f0327031f0297
03270327032f032f
0327032703270327
031703170317031f
030f031703170317
02ff0307030f030f
02ef02f702f702f7
02ef019601750105
02df033703e003d8
0216015d013d0256
ffc40196016d01be
ff53ff1bff23ff23
009d00ad00ad001c
01f6031f030f01b6
003c00d500c501a6
009d001cffd4ff94
ff030064019e0155
003c0004ff3bfe8b
016d010d00edffdc
ff4bff23005401b6
ff63fe8bff03ffd4
ff3bfe0afe4aff33
006c0044ffecffb4
fe52fef3ffdc008d
ff1bff33fee3fe1a
00cd004c000cffbc
00f5011501050105
fe93fea3ff430034
fdbafde2fe22fe7a
fdaafdaafdaafda2
fd59fd51fd61fd8a
ff53fe83fddafd79
032f0327031701e6
0327032703270327
0327032703270327
03170317031f031f
030f030f03170317
0307030703070317
02ef02f702f702f7
036f01ce016d00e5
02a702c7036f03f0
025e01ce016d016d
ff2b00bd01a6019e
ffccff94ff03ff9c
016d009500dd000c
01f60256034f0266
ff5b006c009d0115
00c50024ffc4ff5b
fea3000c016d017d
00b5003cff33fe93
015d011d0024000c
ff43ff0300e501d6
ff1bfe62ff63ffd4
fe7afdfafec3ff7b
008d005cffc4ff8c
fe6aff53ffec00ad
ff03ff23fe8bfe02
00bd0024000cff73
00f50115010d00f5
fe7afec3ff84005c
fdb2fde2fe3afe72
fdb2fdaafdaafdb2
fd71fd59fd79fd92
ff13fec3fdcafd69
032f030f02cf00dd
03270327032f032f
031f031f031f031f
03170317031f031f
030f030f030f0317
02ff0307030f030f
02f702ff02ff02f7
03e002c7017500ed
01fe02b7030703c8
021e025e0165013d
ff94ff5b018e018e
ffa4ffbcff9cff63
01e6010500e5003c
0196020602ff02e7
ff5bfffc00cd00ad
00f5002cffc4ff7b
fe8bfff4012501a6
018e007cff43fe93
0135011dffac005c
fecbff5b01450206
fec3febbffbcff4b
fde2fe52ff4bff84
0074002cffc4fee3
fe9bff7b002400a5
ff1bff03fe22fdfa
008d002cffe4ff2b
00f5010d00f500e5
fe6afef3fff400a5
fdcafddafe32fe72
fdb2fda2fdb2fdb2
fd71fd61fd79fdaa
ff03ff03fdb2fd69
032f030f02160004
032703270327032f
031f031f031f031f
030f030f03170317
030f030f030f0307
02ff0307030f030f
02f702f702ff02ff
03d8039002260125
01a6024602df0377
018e029701fe012d
ffdcff2300040236
ffe4ff73ff6bff7b
026e01d600ed002c
010502360256030f
ff9cff4b00b500f5
01550064000cff84
fe8bff8c00e501d6
021e00bdff63feab
013d003cff8c0105
fe930014018601fe
fe7aff5bff84febb
fdfaff1bffbcff33
007c001cff4bfdf2
fed3ff8c0064004c
ff4bfe9bfdd2fe0a
0014001cffacff2b
010500e500c5009d
fe83ff5b004400bd
fdd2fde2fe32fe6a
fdaafd92fdb2fdba
fd59fd59fd82fdc2
ff2bfefbfd9afd71
033702ef0135ff63
03270327032f032f
0317031f031f031f
030f030f03170317
0307030f030f030f
02ff0307030f030f
02f702f702ff02ff
03c803d0030701de
01ae022e02870327
025601ce02af0175
ffccffecff53012d
ffdcffacff73febb
02cf01fe0125003c
011d01ee025e0266
ff43fef3ffc40145
0165005c0054ff6b
feb3ff3b009d01b6
027e0115ff94fecb
0135ffb4000c0196
fefb00a501ce01be
fe93ff8cff0bfe83
feabff9cffacfeb3
0034ff33fe02fdba
ff2bfff400950064
fee3fdfafdcafe62
ffecffd4ff3bff23
010500b500a50044
fe9bffbc007400fd
fdc2fde2fe2afe62
fda2fd8afda2fdba
fd69fd51fd79fdc2
ffacfeb3fd82fd82
032f025e0074ff33
0327032703270337
0317031f031f031f
031703170317031f
03070307030f030f
02ff0307030f030f
02ff02f702ff02ff
035f03e8036f026e
01ce01fe022602df
02560256020e02bf
fe7a0014001c0004
ffc4ffa4ff7bfe93
02df020601550085
010d013d0287023e
ff23ff43fedb00ed
017d008d0064ff8c
feb3fefb006c01a6
02bf0165ffccfeeb
009dff6300d5023e
ffac011d0206013d
fefbff2bfeabfe9b
ff6bffbcff13fe6a
febbfddafdd2fe6a
ff5bfff4ffecff94
fe32fdaafdfafeb3
ffccff53fedbff13
00ed009d0054ffc4
fecb001c00cd011d
fdd2fddafe32fe5a
fd9afd82fd92fdda
fd61fd51fd79fdba
0074fe8bfd82fd71
030f01a60064fee3
031f03270327032f
031f031f031f031f
030f03170317031f
030f030f030f030f
02ff0307030f030f
02f702ff02ff02ff
034703c803b802d7
025e01e601ee02b7
00f502d7024602bf
fe2afedbff9c003c
fffcff63ffa4ff63
0226029f0186015d
011d00f5021e028f
ff1bff84fecb0004
019600bd0054ffcc
fea3fe83002c01ae
02e701d60014ff0b
ffbc001c018e02d7
008501b601b600d5
ff3bfecbfe5aff23
ff8cff2bfe42fe72
fdc2fdcafe7aff4b
ff03ff23fe83fe12
fdaafdd2fe4afe9b
ff53fee3ff0bfe6a
00d5006cffacff4b
ff530085012d0145
fdd2fdf2fe1afe6a
fda2fd82fd8afdea
fd59fd69fd92fdc2
0054fe32fd92fd69
02cf017d005cfefb
0327032703270327
031f031f031f031f
0307030f031f031f
030f030f030f030f
02ff0307030f030f
02ff02ff02ff02ff
0357037f03e00388
02cf021e01ee0287
00ad01de02760266
fe52fee3feabffbc
00cdff8cff6bffb4
0206028702260196
0125012d01be026e
ff33ff94ff0bff23
018e00cd005c001c
ff13fe93ffe4017d
02ff02260074ff3b
ffb401650256030f
014d01c601150054
feebfe5afedb0024
ff1bfe4afe2afedb
fddafe83ff2bff63
fe93fe3afdeafdc2
fde2fe52fe9bfeab
feabfebbfe42fdaa
00a50004ff3bff03
ffa400b501250115
fdcafde2fe12fe7a
fdb2fd92fd8afdda
fd59fd69fda2fdca
0024fde2fd9afd59
02460155fffcffa4
032703270327031f
031f031f031f031f
03070317031f031f
0307030f030f030f
02ff0307030f030f
02ff02ff02ff02f7
032f0347038803e8
029f02b702060226
0024014d026e01fe
febbfe72fecbfe83
01550034ff53ff8c
0287020602a701ae
008d018601750216
ffacff9cff84feeb
019e00e5007c0064
ff1bfeb3ffa4015d
031f028700ddff63
00bd026602cf033f
01ae011500640014
fe3afe4affb4015d
fe83fe42fe9bfed3
feabff1bff23fefb
fe7afe02fdeafe22
fe3afe93fed3fef3
fe02fdc2fd82fdc2
ffecff3bff03fe5a
ffac006c008d005c
fdc2fdd2fdfafe9b
fdaafd8afd79fdca
fd61fd79fdaafdc2
ffdcfdd2fdb2fd51
01960155ff8c003c
0327032703270307
031f031f031f031f
0317031f031f031f
030f031703170317
02ff03070307030f
02f702f702ff02f7
02ef031f030703c8
01be02c7025e0206
fedb009501fe01f6
ff0bfe72feebfe4a
015d00c5ffb4ff73
0276024e02260246
ffcc016d012501c6
fffcff840004ff13
017d0105006c00ad
ff03fea3ff5b015d
030702a7013dffa4
01b6028f02df0327
0115002c0034005c
fe2afee300cd01ce
fe6afea3fee3fe62
ff4bff43feebfe93
fedbfebbfeabfee3
ff23ff9cff9cff3b
fd49fd59fddafe6a
fee3fe7afde2fd69
ff5bffbcffecffb4
fd92fdc2fe02feab
fd92fd69fd61fda2
fd61fd82fdbafdaa
ff73fdb2fd92fd49
015500fdff23004c
031f031f031702b7
031f031f031f031f
031f031f031f031f
0317031703170317
0307030f030f030f
02ff02ff02ff0307
02e702f702bf0398
012501de02b70246
fe52ff3300ed01f6
ff13fe8bfe83fe5a
01e600cd007cffcc
020e0297022602af
ff4b00ed0105015d
004cffa40034ff73
014500e5004400a5
feebfe9bff4b015d
026e02360105ff8c
015501ee0256028f
ffecffb4ffdc005c
fed3ffe400bd00b5
fee3fef3fe93fe52
004cffe4ff53fecb
ffacffe4fff40024
00e500f5006cffbc
fd59fddafee30024
fde2fdb2fd69fd39
fecbfedbfe93fe22
fd82fdbafe0afe83
fd8afd61fd61fdaa
fd59fd82fdc2fdc2
ff33fdaafd82fd39
019e0064ff330064
031f032703170256
031f031f031f0317
031f031f031f031f
0317031f031f0317
0307030f030f030f
02ff02ff03070307
02cf031702ff0337
0155015502970287
fe12fe83ffec01ce
ff8cfea3feebfe6a
028f015500950085
01c60236025e0216
ff230034013d014d
00b5ffb4004cffcc
012d00d5004400a5
fe6afe62ff33012d
01a60155005cff13
00c50135019601b6
ff4bff5bff9c001c
ff63ffc4ffb4ff84
ffacfeebfe83fed3
0155009dffd4ffbc
00dd0125013d017d
017d015500e500ad
fe32ff63009d014d
fdc2fd92fd79fd8a
fe3afe1afe02fde2
fd79fdc2fe02fe3a
fd8afd69fd69fdaa
fd61fd92fdbafdc2
fedbfdbafd79fd39
01ce002c0004008d
031f0327030701be
031f031f031f031f
0317031f031f031f
0317031703170317
0307030f030f030f
02ff02ff03070307
02df02ef02f7028f
0135014d022602d7
fdeafe2aff1b00d5
003cfec3febbfe72
028f01ee009d008d
014501c6025e020e
ff2bffbc01350115
00d5ffcc0034002c
011d00d5003c00c5
fe52fe4aff0b00f5
017501150044ff43
009d00e501350165
ff8cff9cffec005c
ff9cffa4ffacff94
ffdcff3bff33ff84
01be013d010d00bd
01ce0206022e022e
017d018e017d017d
ff73004400cd013d
fe4afe12fe22fe9b
fe32fe52fe83fe6a
fd71fdcafe02fe12
fd79fd69fd71fdaa
fd59fd92fdb2fdb2
fe7afdcafd61fd29
01aeffe400850085
0327032f02b70155
031f031f0317031f
03170317031f031f
0317031703170317
0307030f03170317
02f702f702ff0307
029702cf02af027e
010d010501f6030f
fe22fddafea30014
007cff8cfec3feeb
020e027e011d003c
010d014d02160246
ff8cff6300cd0155
010d003c001c009d
00dd009d002c00d5
fedbfe83ff1b00ed
0246020e012d000c
018e01be01ce020e
00ed0105013d016d
005c009500cd00dd
004c0004000c002c
0236020601c60115
021e024e026e0276
015d019601ae01d6
ffbc0024006c00d5
fe9bfe93fecbff5b
febbfed3fedbfebb
fd79fddafe22fe6a
fd61fd59fd69fdaa
fd69fd92fdb2fda2
fe3afdd2fd59fd29
0125ffb400fd005c
03270327024e0155
031f031703170327
03170317031f031f
0317031703170317
0307030f030f0317
02f702ff02ff02ff
031702ff02660266
011500a5015502ef
fe3afdbafe3aff3b
ffec003cff2bff1b
024602260226009d
015d00f5019e01d6
ffe4ff5300340155
014500c5000400f5
009d0095002400b5
ff84fee3ff1b00cd
02d702af01f600b5
02160266029f02cf
01c601de01e601f6
018601a601be01c6
0125011d01350165
0297025602160186
0226026e029f02b7
015d019601b601e6
ff4bffbc005400d5
ff7bff2bff0bff2b
ffc4fff4ffe4ffb4
fd9afe02fe93ff3b
fd59fd61fd69fd9a
fd69fd9afdaafd8a
fe1afdb2fd59fd39
006cfff401750034
0327031f01ee0165
0317030f03170327
030f031703170317
03170317030f030f
03070307030f0317
02f702ff02ff02ff
03b0034702af01ee
0054009d00cd021e
fe72fde2fddafef3
0014ffd4ffb4ff53
01ae01f6024601ce
014500cd01250196
008dff63ffec0125
015d0145000400e5
007c0095fffc007c
ffccff1bff230095
02b7027e01ee00d5
022e027e02af02cf
01d601ce01de01fe
0216020601ee01de
0216020602160226
02b70297026e022e
0236028702cf02cf
0145017d01a601de
ff84ffcc003400bd
007c001cffc4ff84
007400ad00ad009d
fdb2fe32ff03ffe4
fd59fd51fd61fda2
fd71fd9afdb2fd92
fe0afdaafd51fd41
ffd4004401ae001c
0327030701ce0175
030f0307030f031f
0307030f03070307
0317030f03070307
03070307030f0317
02f702ff02ff02ff
033703b002ef025e
ffb400b5007c017d
fed3fe1afdbafe9b
011dfff4ffc40004
013501d6020e0216
014d00fd009d018e
00edff84ffac00bd
01750165002400d5
009d0054000c005c
ffccff4bff2b00a5
025e0226019600b5
01a601ee022e025e
01ce01c601b601ae
0246022601ee01ce
0266025e024e023e
02bf02c702af0287
0226027602bf02cf
0105013d018601d6
ffd4ffe40024008d
010500cd00640004
006c00ad00dd00f5
fdc2fe42ff0b0004
fd69fd49fd61fdaa
fd71fd9afdbafda2
fdf2fdaafd49fd49
ffcc00e5019effdc
031f02df01c60135
02f70307030f0317
02ff02ff02ff02f7
0317030f03070307
03070307030f030f
02f702ff02ff0307
026e03a00390028f
ff23005c009d012d
ff53fe3afdb2fe2a
019e005cffe4ffe4
018600fd022e01ce
00f5012500540135
0145fffcffa4004c
016d018e00ad007c
00d50024001c0014
ffacff43ff1b00ad
0115011500dd005c
ffcc0034008d00fd
014d00a5000cffbc
022e01fe01c601ae
027e025e024e0236
02e702e702d702af
0226027602c702e7
00ad0105015d01c6
0004ffe4000c0054
004400dd01050085
fef3fef3ff1bffa4
fdc2fe12fe83fedb
fd8afd59fd69fdb2
fd82fdaafdc2fdba
fde2fda2fd49fd51
002c0186016dff43
031702a7016500ed
02e7030703170317
02ff02f702f702ef
03170317030f0307
030f030f030f030f
02ef02f702ff0307
020e033f03f00367
feabfffc009500fd
ffa4fe72fdd2fdfa
018e013d0014ff94
019e00e501960226
00dd0145003c009d
013d007cffb4fffc
0186019e00fd0044
00d5ffd400040014
ff7bff3bff130074
ff73ffd4ffbcffbc
fe72fee3feebff03
ff7bfea3fe5afe52
020601d601a600dd
029f026602360226
030702ff02f702cf
021e028702d70307
0044009d011d01b6
0095002cfffc0004
fe3aff7b00bd010d
fdb2fd92fd9afdca
fdb2fdc2fddafdb2
fd8afd61fd61fdb2
fd8afdb2fdc2fdba
fdeafd9afd41fd41
00bd01be0155ff0b
03170276017500b5
02f7030f03170317
030702ff02ff02f7
03170317030f0307
030f030f030f030f
02ef02ef02ff0307
018602cf03e003e8
fe6aff4b006400bd
ff94feebfe02fde2
01be015d009dffb4
0105013500b50206
008d010500950014
01350105ffc4fffc
019e01c6017d0054
00adffc4ffe4fffc
fef3ff13ff2b0054
fe7afe72fec3ff03
fddaffccfe8bfe3a
fee3fe3afe02fdca
01f601ae00edff7b
02c7026e02260226
03270317030702ef
021e028f02f70327
fff4004c00e50196
00e5008d002cffe4
fd61fe42ff4b0044
fe4afdeafd92fd69
fdb2fdaafdbafdda
fd8afd61fd71fdaa
fd92fdaafdc2fdb2
fdeafd8afd49fd51
015501d600e5fef3
030f02060135005c
0307030702ff030f
030702ff03070307
030f0317030f0307
030f030f030f030f
02e702ef02f70307
015d02b703b803f0
fe52febbffb400bd
ff84ff03fe3afdda
01ee014d010d000c
00640135008d012d
002c00dd00d5ffec
00e5012dfff4ffe4
016501ee01de006c
00c5ffccffecffdc
fe72feb3ff0b003c
ffa4fe93fe02fe5a
fd79ff84ff2bfef3
fff4febbfe83fdf2
01de015d00540004
02d702660216020e
035703470327030f
0216029f0317033f
ff9cfff4009d0165
007400ed005cffbc
fd41fe3afef3fe93
fee3fe22fddafd9a
fd9afda2fde2fe52
fd9afd61fd71fd9a
fd82fdbafdcafdba
fdf2fd82fd49fd51
01b601be00adfea3
030701be0125004c
030f030703070317
030702ff0307030f
0317030f030f0307
0307030f030f030f
02df02e702f702ff
014d0236036703f0
fe32fe72ff1b003c
ffccff33fe62fdda
018e015d00d5005c
fffc009500b5007c
fffc008d0105ffcc
008d0145006cffdc
011d020601ee00bd
008d00140014ffec
fe1afe4afed30034
0085ff8cfe93fe5a
fdc2febbfeebff53
009dff33feb3fe22
01ee012500dd00dd
02ef0276021e020e
036f036703470327
021e02af031f035f
ff7bffbc006c0155
ff94010500c5ffec
fd71fdf2fe9bfec3
feebfe4afe12fdc2
fdaafdcafe12fe72
fda2fd69fd79fd9a
fd79fdd2fde2fdd2
fde2fd79fd51fd49
01ce019e0064fe93
0307019e00cd007c
03170317030f0317
030703070307030f
0317030f030f030f
0307030f030f030f
02df02df02ef02ff
00d5020e02ef03d0
fe32fe62fefbff5b
000cff53fe62fe02
00fd015500dd005c
ff8c001c00bd001c
ffec007c00a50004
004c014d00adffec
011d024602060155
006c00340014ffec
feabfe93feeb0014
01150024ff8cff1b
feabfedbff330054
0135002cff1bfecb
01d601de0155015d
03170297022e022e
03900388035f0347
023e02cf032f037f
ff8cff9c004c0145
ff73005c014d0054
fe2afe72ff3b002c
ff3bfeebfe72fe32
fdb2fe02fe62fea3
fd9afd69fd82fd9a
fd79fddafdeafdda
fdd2fd69fd41fd49
01d601c60044fe42
02ef017d004c010d
031f031f03170317
030f030f030f0317
030f030f030f030f
030703070307030f
02df02df02ef02ff
fff401ae02d70398
fe12fe4afedbfed3
000cff53fe93fe12
0054008d0095005c
ff9c000c006c007c
ffe400540085007c
0064012d00ddfff4
00f5025e01f601c6
0064fff4ffe4ffd4
ff84ff53ff6b0004
017500ed0064ffdc
ffbc000c00b5016d
01750135004cffd4
019601d6017d0175
034f02cf026e024e
03a803a00377036f
025e02f7035f03a0
ffb4ff9c0044015d
008d0034018600c5
ff5bfff4009d010d
ff8cffacff3bff1b
fda2fe22fecbff33
fd9afd71fd82fd92
fd79fddafdeafde2
fdd2fd61fd41fd51
01c601aeffccfe12
02af013d00240186
031f0327031f030f
03170317031f031f
030f030f030f0317
02ff03070307030f
02d702d702e702ef
ff5300e502a70388
fe0afe3afeb3feab
003cff63feabfe1a
fff40074fffc005c
ffbcffe4fffc0095
fffc0034007c005c
008d00f5011d000c
00a5028f022601f6
0054ffd4ff94ff9c
000c0004fff4fffc
0216019e00ed004c
01ae01de01fe021e
01c601c601c601b6
022601e601be01c6
037f02f7029f02a7
03c003b803a00398
028f0317039003c8
fff4ffac00540196
01ae012d019e010d
00b5011d01450186
ffc4000c003c006c
fdbafe4afefbff73
fd9afd8afd92fda2
fd8afde2fdfafdda
fdcafd61fd49fd59
01fe0175ff4bfe0a
02870135003c01ae
031f032703270307
03170317031f031f
030f030f030f0317
02ff02ff03070307
02d702df02e702ef
ff03004c01de0337
fe1afe42fe9bfe8b
003cffd4febbfe3a
003cfff40044ff84
ffbcff9cffac000c
ffe40014008d007c
00f5008d012d0034
0034028f024e0206
001cfff4ff7bff6b
008d00740054001c
025601e6014500c5
028f029702b7029f
01e602160256027e
0287020e01d601c6
0390031f02bf02cf
03d003c003b803a8
02bf034703a003d0
001cffcc008501ce
018e017d01ae011d
013d013d015d0186
007400d5010d012d
fddafe72ff2bffe4
fdbafdc2fdcafdca
fd8afdf2fe1afde2
fdcafd69fd51fd49
01e60135ff03fe02
026e012d008501a6
031f0317031702e7
031f0317031f031f
03170317031f031f
02ff03070307030f
02d702e702e702ef
fedb001c016d027e
fe32fe32fe83fe72
ff94fff4ff53fe5a
fffcffb40044ffa4
ffe4ffacff9cffd4
ffecfff4006c008d
0155006c01350085
ffd4027602970216
ffe40004ff73ff6b
00f500c5009d002c
0266023e01e6015d
029f02b702af0287
01fe021e024e0276
02c7025e021e0206
03a8035702f702ef
03d003d003c003b0
02ef036703b803d0
003cfff400d5021e
019e01a601b60115
019e01a601ae01ae
009d0105014d017d
fe22ff13ffac001c
fde2fdfafe0afdfa
fd9afdfafe2afdfa
fdcafd69fd59fd51
01de00bdfecbfdfa
024600b500ad01d6
031f030f031702bf
03170317031f0317
031703170317031f
02ff030f030f0317
02df02ef02ef02f7
feebffec0165022e
fe62fe52fe52fe42
ff53ffa4ff63fec3
ffecffdcffd4fff4
0054ff63ff94ff94
000c002c00440095
01be0074011d00e5
ff9401e602e70226
ffecffecff7bff84
012d00e500c5004c
02df02cf027601ce
02df02ff02ff02ef
0266026e029702b7
031702df0297027e
03b003880347031f
03d003d803d003c0
030f036703c003d0
005c0034013d0266
01de01de01ae010d
01d601e601de01de
01250165019601c6
fe8bffd400ad00ed
fe1afe22fe12fe2a
fdaafdfafe3afe12
fdd2fd69fd61fd59
01b6004cfe72fe12
0206004400ad0216
0307031703170297
0317031703170317
0317031703170317
02ff030f030f0317
02ef02f702f702ff
feebffe4016d028f
fef3fec3fe2afe02
ff53ff94ff03fecb
ffb4ffdcff73004c
0044ff5bff1bffac
004c000400340085
01fe009500c5013d
ff53014503070216
fff4ffecff8cff63
015d010500dd0074
031702e702970206
030f0327032f032f
02cf02cf02e70307
03470337030702df
03b003b8037f034f
03d003e003d803c8
031f037703c003c0
006c008d019e0297
01fe01f6019e010d
01ee01fe01fe01fe
019601b601c601de
ff03008d01550186
fe4afe42fe02fe42
fdaafdeafe42fe3a
fdc2fd71fd61fd51
01a60064fe42fe22
01b600ad01050216
02ff031f0307026e
0317031703170317
0317031703170317
02ff0307030f030f
02ef02f702ff02ff
feab001401650287
fe83febbfe32fdd2
ffccff63ff0bfebb
ff9cffccff9cffcc
00adffb4feabff63
008dffd40004006c
0206011500740125
feeb00ad02f70256
ffecffd4ff8cff13
01ae013d0105008d
031702e7029f0236
031f033703370337
030f0307030f0327
0367036f034f032f
03c003c00398036f
03d003e003e003d0
0327037f03c003c0
007c00fd020e02bf
020e01e6017500f5
020e021e02260226
01ee01f601fe0206
ff4b011d01ce01e6
fe7afe4afe0afe4a
fdb2fdfafe4afe72
fdc2fd71fd61fd49
012d0034fe42fe22
019e0105018e01e6
0307031f02ef0226
031703170317030f
030f030f03170317
02ff02ff0307030f
02ef02f702ff02ff
fe52ffcc016d0266
fe9bfe8bfe0afdba
003cff5bff33ff03
ff9cff43ffe4ff8c
00edffecfec3fefb
00edfff4fffc0044
020e015d005400e5
fed3000c029f0297
fff4ffb4ff7bfedb
02160196012d00a5
0337030f02d70287
034f034f0357034f
0357033f033f0357
037f036f036f036f
03b803b803b00398
03d003d803e003d0
0337037f03b803c0
0095014d024e02e7
021601c6014d00cd
024e0256024e023e
0236023e0246024e
ffb4017d021e023e
fe93fe3afe12fe83
fd9afdf2fe4afe93
fdc2fd71fd61fd49
00ed0004fe32fe02
019e014d01ce01ae
030f031f02d701ce
0317031703170307
030f030f030f0317
02f702ff03070307
02ef02f702f702f7
fe1aff5b011d0246
feb3fe7afdfafdc2
0014ffa4ff2bfef3
ff43ff2bff73ffb4
00e5004cff03fecb
0115000cffe4002c
01fe019e002c00ad
ff0bffac02160297
fff4ffb4ff6bff0b
028701fe017d00c5
034f0337031702df
0367035f0357035f
037f036f03670367
03900377036f037f
03b803b803c003a8
03d003d003d803d0
034f038803c003c8
00b50186027602f7
0216019e010d0095
027e0276026e0256
026e0276027e0287
003401ee0246025e
fe9bfe42fe32fe9b
fd79fddafe5afea3
fdb2fd71fd49fd49
00cdffb4fe2afdf2
015d019e0206018e
030f031f02a701b6
0317031f031702ff
030f030f030f0317
02f702ff03070307
02ef02f702f702f7
fdf2fefb00a50266
fed3fe8bfdfafdd2
ffb40004ff3bfef3
ff0bff43ff13ffb4
009500b5ff73feab
00f50044ffccfffc
01de01be0085005c
feebff13016d0287
ffecff94ff4bff1b
02df026601ce00fd
035f035f033f031f
036f035f03670367
03900390037f0377
03a00388037f0388
03c803c003b803a8
03d003d003d803d8
035f03a003c803c8
00d501a6028f031f
01f6015d00bd0074
02970287026e0246
0297029f029f0297
008d022e0266027e
fe93fe3afe4afe8b
fd71fddafe52feab
fdbafd8afd41fd49
00a5ffa4fe12fe0a
018601ee021e0145
030f031702660196
03170317030f02ff
03070307030f0317
02f702ff03070307
02ef02ef02ef02ef
fdf2fe8b006c0226
febbfeb3fe3afe02
ffa4ffe4ff8cff03
ff03ff43fee3ffc4
007c00cd000cff33
00ad0064ffacffe4
01ee01d600d5002c
fec3fee3009d0266
ffecff73ff3bff0b
034f02e7020e0135
03880388036f036f
037f037703770388
038803980388037f
0398038803770388
03d003d003b803a0
03d803d003d003d0
037703b803d003c8
00fd01de02bf033f
01ce011d00950074
0297027e026e0236
029f02a702a7029f
00ad021602660287
fea3fe1afe0afeb3
fd82fdeafe6afed3
fdaafd92fd39fd41
011dffacfe22fe42
01d601fe0226017d
031702f702260186
0317031f0317030f
030f0317030f0317
02f702ff03070307
02ef02ef02ef02f7
fdf2fe42000401c6
fed3feb3fe7afe22
0014ffccffc4ff23
ff33ff43ff0bff63
007400cd002cff73
005c0085ffd4ffc4
01e601c60125000c
feb3fedbffd401f6
000cff63ff23fee3
03880337025e0155
0390039003880390
037f037f03900390
037f0388037f037f
03a0039803880388
03d003d803c003a8
03d803c803c803d0
039803c803d803c8
0125021602ef0357
01a600fd0074007c
02870276025e0226
029f0297029f029f
00f50206024e027e
fe8bfdfafde2febb
fd71fdf2fe7afecb
fda2fd8afd41fd39
0196ff84fe72fe42
0216021601f60175
031702df0206014d
0317031f030f030f
030f0317030f0317
02f702ff03070307
02ef02ef02ef02f7
fe0afe2aff73012d
fed3fe8bfe6afe6a
fff4ffb4ff94ff5b
ff1bff63ff3bff03
005400bd006cff7b
002c004c002cffcc
01e601b60165003c
fe9bfebbff8c0165
0044ff6bff1bfeb3
0390035f02a7017d
03a0039803a00398
0398039003980398
03770377037f0388
03a803980388037f
03d003d003c003b0
03d003d003d003d0
039003c003d803d0
014d024e03170367
018600e50064008d
029702870256020e
028f0297029f029f
0105020602460266
fe5afdcafdcafecb
fd59fddafe62febb
fda2fd79fd51fd39
0135fe83fe8bfe1a
022e023601b6018e
030702c701ce0175
030f030f03070307
0307030f030f030f
02f702ff02ff02ff
02ef02ef02ef02f7
fe4afe2aff030064
fed3fe83fe5afe83
ff63001cff73ff9c
ff23ff13ff13ff0b
0034007c00adffe4
0004ffec004c003c
01d601ae017d0054
fe83fe93ff1300ad
0074ff53ff0bfeb3
0390036f02ef01c6
03a803a803a803a8
03a0039803a003a8
037f037f03880388
03980388037f0388
03c003b803b003a0
03d003d003d003d8
039003c003d003c8
0186027e0327036f
0155009d005400a5
0297027e024601ee
027e029702a702a7
00ed01e602360256
fe42fda2fda2febb
fd31fdcafe42fe93
fdbafd79fd59fd39
002cff0bfe93fe12
025602560196018e
02ef02a70175014d
030f030702ff02f7
02ff030703070307
02f702ff02ff02ff
02ef02ef02f702f7
fe72fe62fec3ffe4
fec3fe93fe6afe62
fee3fff4ff8cff84
ff1bfef3fee3fef3
004c000400c50044
ffe4ffbcffd400b5
01a601a6017d008d
fe6afe83fed3fffc
00adff73fee3fea3
037f035f03170216
03a803a803a803a0
03a003b003a003a0
036f037703880388
0367036f037f0388
03c003b0037f0357
03d803d803d003d8
038803c003c803c8
01ae0297032f0377
00fd0054008500c5
0297026e022e01be
026e0287029f02a7
00c501b60216024e
fe32fd82fd92feab
fd21fdbafe12fe4a
fddafd79fd51fd41
0054ffdcff5bfe32
023e023e018e004c
02df02870165014d
0307030702f702ef
02f702ff02ff02ff
02f702ff02ff02ff
02ef02ef02e702ef
fe6afea3febbff6b
fed3fe8bfe93fe5a
fed3ff94ffc4ff43
ffbcff43ff23febb
0085002c009d00b5
ffccffe4ff7b002c
013501be018e00bd
fe62fe72feabff6b
00fdffbcfef3feb3
03880367032f026e
03a803b003a80398
03a003a803a003a8
036f036f03880398
032703470357036f
03d803d003900327
03e003e003d803d0
037f03b803d003c8
01be029703270377
00a5009500cd00cd
0287025e020e017d
026e028f029f02a7
009d017d01ee022e
fdfafd69fd82fecb
fd19fda2fe02fdea
fdcafd79fd41fd49
0196ffac000cfe83
024e021e00f5ffe4
02b702660186018e
0307030702ef02df
02ff02ff02ff0307
02f702f702ff0307
02f702f702ef02f7
fe83fe9bfec3ff2b
feebfe8bfe9bfe6a
feb3ff53fff4ff63
003cff3bff13fe9b
00950074008500dd
ffa4ffdcff84ff73
009d01b6014500a5
fe62fe3afe5afef3
01550014ff4bfebb
03900367034702af
03b003b003b003a0
039803a803b003c0
035f035f03770390
02ef03170327033f
03f003f003b80347
03d803e003d803e0
037f03b803e003d0
01b6026e02ff035f
008d00c5009500c5
0276024601e60135
025e028f02a7029f
0064014501d60216
fdc2fd51fd82fec3
fd11fd8afdfafdaa
fddafd82fd41fd39
01d6ff8c002cfe9b
021e01cefffc00cd
02af023e01ae01b6
02ff030702e702c7
02ff02ff02ff02ff
02f702ff02ff0307
02f702f702f702f7
fe93fe9bfec3ff23
ff0bfe83fe9bfe7a
fe5aff2bffe4ffcc
00adffb4ff2bfeab
ffec00e5006c00a5
ff63ff84ff9cfef3
ffec016d013d0054
fe7afe1afe5afe93
01be005cff94ff03
0390036f035702df
03b803b003b003a0
039003a003b003c0
034f0367037f037f
02f702df030f031f
03f003f803d8037f
03c803d003e003e8
036f03a003c803b0
01ae021602bf032f
008500ad007400d5
026e021e01a600dd
0246027e028f0297
0034010d01a60206
fd82fd51fd79fe9b
fd19fd71fde2fd71
fdfafd8afd59fd29
019effac004cfebb
0206010d001401de
02af022601be01b6
02ff02ff02df02c7
030702ff02ff02ff
02f702ff02ff02ff
02ef02f702f702f7
fe93feabfec3ff23
ff3bfe7afe8bfe9b
fe4afedbff840014
009d002cff53fec3
ff33008d0105007c
fe72fecbff6bff1b
ff0300cd010dffb4
fecbfe3afe3afe6a
022e00cdffdcff4b
039003770357030f
03b003a803a803a0
039803a803a003a8
032f034f0377037f
032f02c702df02ff
03d803e803d00398
037f03b003c803c8
031f034f0367035f
00fd0196024e02d7
007400bd008d0064
027e0206014d007c
022e025e0287029f
ffec00dd016d01de
fd49fd51fd79fe72
fd29fd59fdd2fd51
fe0afd9afd49fd39
016dffe4001cfea3
01d6000400bd01f6
02af02260196017d
02ff02ff02d702d7
030f0307030702ff
02f702f702ff02ff
02e702ef02f702f7
fe9bfea3fedbfefb
ff9cfea3fe7afec3
fe83fec3ff23fffc
0095005cff53feeb
ff1b0004010d0135
fddafe4aff1bff84
feb3fff400a5ff33
ff43feb3fe22fe6a
028f014d0044ff9c
03a0037f0367032f
03b003a803a803b0
0390039803a003a8
031f032f035f0377
034f02d702c702ef
039003c003d003a0
02e70307032f035f
02b702ef02e702d7
006c00ed01ae0256
004c00740064003c
027e01f60115003c
021e0246027e029f
ffbc00ad014501be
fd29fd49fd79fe52
fd39fd51fdbafd49
fdcafd9afd41fd31
0186005c001cfe72
0135fffc016d0206
029f024601ce017d
030702f702df02e7
030f030f03070307
02f702f702ff02ff
02e702e702f702f7
feabfe93fedbfef3
ffacfedbfe62feb3
fe4afe6afe9bff43
011500bdffacfed3
ff63ffc400d50175
fdcafdd2fe9bff7b
fedbff23001cfeeb
ff5bfef3fe2afe62
02cf01d600ad000c
03b0039003770347
03b003b003b003b0
037f038803a003b0
0317032703470367
035f030702e702ef
031f036f0398036f
01be011d00f5022e
025602870287023e
ff7b005c011d01c6
00140085004cff7b
027601ee010d0024
01ee022e0276029f
ff8c007400fd0186
fd19fd39fd71fe4a
fd29fd41fda2fd39
fdc2fd9afd39fd19
017d002c005cfe83
0034007401c601b6
0276025601f60155
030702ef02f702ef
0307030f0307030f
02f702f702ff02ff
02df02e702ef02f7
febbfea3fec3fed3
ffacff3bfe6afe83
fe4afe02fe6aff13
0186015d004cfefb
ffacffac00cd014d
fd92fdaafe02ff13
fecbfecbff3bfe9b
ffecff1bfe62fe3a
03070256014d009d
03b803980388035f
03a003b003b003b8
036f037703a003a0
031f032f034f0367
036f033f031f0317
026e02f7032f0357
022e01be0105012d
01e6024e0287024e
ff53000c00bd014d
fff4006c0044ff8c
0276020e013d005c
01be020e025e028f
ff5b003c00cd0155
fd11fd29fd61fe3a
fd09fd31fda2fd31
fdb2fd92fd39fd21
016dfff4003cfe62
ffcc011d01e601c6
0266024601ee0115
02ff02ef02f702ef
030f0317030f0307
02ff02ff02ff02ff
02df02e702ef02f7
fecbfe8bfec3febb
ff94ff73febbfe62
fea3fe0afe62feeb
0165017d013dffdc
ffa4fffc007c014d
fdeafda2fdbafe7a
febbff0bfeb3fe62
009dff84fea3fe6a
033702bf01e60125
03b003a003980377
03a803a803a803b0
037f038803a803a8
0327032f03570367
03a00377033f0337
025602c7034f03a8
02df02ff02c7023e
018e020e029702bf
00340064008d011d
00340024fff4ffe4
026e020e015d00ad
018601ee023e027e
ff53001c0095010d
fd09fd21fd51fe32
fd21fd21fda2fd29
fdaafd9afd59fd29
0165001cff94fe5a
009d01ce01c6020e
026e023e01f600b5
02ff02f702ff02e7
030f0317030f030f
02ff02ff02ff02ff
02df02e702ef02f7
fecbfebbfeb3fec3
ffb4ff94ff1bfe83
ffacfe9bfe5afed3
015d0135016d00a5
ff13001c003c0105
fe22fdf2fd92fdea
fed3ff43fea3fe32
012d005cff03febb
034f02ff026601a6
03a803a003a80390
03b003a803a803b0
037f039803b003b0
034f0347035f036f
03c003a0036f0357
0357039003c003c0
0347035f0357034f
019601c6025602e7
0044008d00e5014d
0085004cfffcffec
025e01fe016d00dd
015d01d6021e025e
ff33000c006c00dd
fd11fd19fd51fe12
fd51fd29fd92fd39
fdaafdaafd79fd61
016d0044ff0bfe5a
00ed01f601ae0216
0276022601ee0074
02ff02ff02ff02d7
0307030f030f030f
02f702f702ff02ff
02df02e702ef02f7
fecbfefbfebbfed3
ff7bff8cff6bfed3
ff94fef3fefbfee3
016d014500fd00e5
fe5affa4006400c5
fe0afde2fdcafde2
fee3fef3fe9bfe32
01860145ffccfeeb
0367033702cf0216
03b003a803b00398
03b003b803b003b8
038803a003a803b0
036f03670367037f
03b803c003a00388
03b003c803c003b8
0357037703880398
025e0206025e02f7
007c00ed018e021e
00d500b5007c004c
022e01de01750105
012d01a601fe023e
ff1bfff4004c00bd
fd11fd21fd51fe0a
fd41fd19fd92fd49
fdaafdd2fdbafdf2
012d0054feebfe22
014d01fe01e601ee
0276020601de0034
02f7030702f702d7
030f030f030f0307
02f702f702ff02ff
02e702e702ef02f7
fedbfefbfee3fed3
ffacff9cff63ff0b
ffdcfef3febbff23
01350175011500dd
fe02feb3001c00d5
fe02fdc2fda2fdf2
fefbfebbfe62fe1a
01e601c60115ff63
037f03570317027e
03b003b003c003a0
03a003a803a803b8
039003a003a00398
0390038803900398
03b003b803b803b0
03b803c003b003a8
0367039003900390
02e7023e025e030f
00fd015501de0297
010500f500e500cd
01ee01be017d012d
00fd016d01ce01fe
ff0bffe40034008d
fd11fd21fd49fdea
fd82fd19fd82fd59
fdbafddafdd2fe7a
012dffe4febbfe02
018e023e01e601e6
026e01fe0196ffbc
02ff030702ef02df
030f030f030f0307
02f702f702ff02ff
02e702e702ef02f7
ff03feebfefbfef3
ff63fff4ff8cff2b
002cff3bff1bfecb
011d0186013d00dd
fdaafe5aff6b0074
fddafdbafdb2fdba
ff8cfeb3fe6afe3a
024e020e01e600c5
0390036f033702d7
03b803b803b003a8
039803a003a803b0
039003a003a003a0
03a8039803a80398
03c003b803b003b8
03b803c003b803b0
0388039803900398
030f02760266031f
01550196020e02cf
011d0105010d0115
01ae01a6018e0155
00b50135018e01ae
fef3ffd400140044
fd01fd11fd31fdba
fe3afd31fd82fd59
fdc2fdf2fe2aff13
011dff73fea3fe12
0206027601de01c6
025601de011d0014
02ff030702e702e7
03070307030f0307
02f702f702ff02ff
02e702ef02f702f7
ff4bff13ff13ff03
ff1bff94ffecff8c
008dff2bff43ff5b
00ed01ae015d00e5
fd82fe12ff23ff8c
fdfafdaafdbafdd2
0014fee3fe93fe83
02af0256022601d6
0398037f03570317
03b003b0039803a0
03a003a803b003b0
039803a003a803a0
03c003b803b003a8
03b803b003b003c0
03a803a003a803c0
03a003a803a003a0
032f028f029f0347
014d01ae0246031f
012d011d0125013d
017d017d017d014d
0085010d015d016d
febbffacfffc001c
fd01fd19fd21fd71
fe4afd49fd71fd59
fdcafdfafe7aff53
010dff33fe83fe32
02870256022e0196
023e01ce007c007c
030702ff02df02ef
0307030703070307
02f702f702f702ff
02e702e702ef02f7
ffdcff5bff23ff43
ff94ff63ff9cff73
00cdffacfedbff6b
0004017d01c60105
fd8afdf2fee3ff4b
fe4afdf2fdcafda2
fffcfed3fed3fea3
02f70297025e01fe
03900390036f0347
03a803a003980398
03a003a803a803b0
03a803a003980398
03b003c003b003a8
03a0039803a803b0
0390039803a803a8
039003a003a80398
031f02bf0307036f
014d01ae023e0317
013501350145014d
0145014d014d012d
004400c5011d013d
fe5aff84ffe4fff4
fd19fd11fd01fd31
fe32fd51fd69fd79
fdeafdfafecbff63
007cfedbfe83fe62
02d70266023e018e
023e01d600340125
030702f702e702ef
02ff030703070307
02f702f702f702ff
02e702e702ef02f7
ffcc000cff9cff8c
ff13ff63ff94ff23
00e5005cff5bfee3
ff9400ad018e0196
fd69fddafee3ff3b
fe93fe42fde2fd92
fefbfe42fec3fecb
031702bf02560175
03980390036f034f
03a803a803a00398
0398039803a003a8
03a0039803a00390
03a803b003a803a8
037f038803a003a8
0390039003880377
035f038803a00398
02c70307033f035f
015d01ae01fe0287
01350145013d0155
010d011501250125
0014008d00dd00fd
fde2ff5bffccffcc
fd39fd09fcf9fd09
fe42fd61fd69fd9a
fe12fdfafeabff6b
ffd4fe93fea3fe8b
02df0287021e01a6
025601ee004401d6
030702ff02e702df
02ff02ff02f702ff
02f702f702f702ff
02df02df02e702ef
ff84ffd40024ffac
fe83feebff94ff53
011500bd0004ff03
ff73ffec0135017d
fd92fde2fed3ff4b
fe9bfe4afdf2fdd2
fe4afdeafe62fe93
032702c702260085
0398038803670347
03a803b003980398
03880390039803a8
0398039003a80398
039003a003a003a0
034f036703770377
03880377034f0347
02ef0317033f036f
024602d702cf02df
011d0145017d01c6
01150115010d0115
00c500ed00fd0105
ffec0054009d00b5
fd8aff03ffa4ffbc
fd61fd21fce9fcf9
fdeafd71fd69fdaa
fe4afe32fe83ff43
ff1bfebbfeabfeab
02df028702360196
027601d6001401f6
030f030f02e702d7
02ff02f702f70307
02f702f702f702f7
02e702df02e702ef
ff5bffc4ffbc0014
fed3fe93ff5bffa4
014500a50064ffc4
ff8cffe4009d0145
fdb2fe0afecbff6b
fea3fe52fe02fdfa
fdfafddafe1afe62
031702b701a6ff8c
03880377035f033f
03a003a003980398
039003a003a803a8
0390039803a803a0
03670390039803a0
030f031f0347034f
02e703270327030f
0297027e026e028f
01ce0297029f027e
002c0095010d0145
00c500ad007c001c
00a500bd00cd00d5
ffcc001c00640085
fd19fe52ff73ffac
fd71fd41fd09fcf1
fdeafd69fd69fdaa
fe83fe72fe8bff3b
feb3feebfeb3fec3
02bf0276021e007c
02660186005c0256
030f030f02ef02c7
02ff02ff02ff030f
02e702f702f702f7
02df02df02e702e7
ff4bffe4ffacffac
ff4bfeabfefbffbc
015500dd008dffec
ff9cffbc002c00e5
fdaafdfafed3ff84
fe72fe83fe1afdca
fde2fdc2fdfafe42
030f027e00bdfef3
0390037f0367033f
03b003a003980398
03a003b003a003a0
0388039803a003a0
0337035f03880388
026e027e02c7030f
018601c6022e0276
01de01d601a6017d
014d021e022e01de
ff63ffdc006400cd
0044ffd4ff84ff53
007c009d00950085
ffacfffc004c0064
fcd9fda2ff23ff8c
fd8afd49fd19fce1
fdcafd69fd59fd9a
fec3fea3fe7afeb3
febbff03febbfedb
02c7027e01c6fff4
025e013d00bd0297
030f030f02ef029f
02ff02ff02ff030f
02e702ef02f702f7
02df02df02e702e7
ff73fff4ffc4ffc4
ffecff43feebffac
012d011500bd0054
ffc4ffac00140095
fdeafe0afee3ff7b
fe6afe5afe7afe3a
fddafdaafdaafe2a
02f701beffccfeab
03900377035f0337
03a00398039803a0
03a803a8039803a8
037f0390039803a0
02cf030f03570377
013d016d01be0256
0095009d00bd0125
015d016d0135007c
00b50135012d0125
fe6afedbff7b003c
ffbcff3bff03fe9b
007c0085005c0024
ff94ffd4002c004c
fcc1fd21fe93ff6b
fd9afd59fd11fcd9
fd9afd59fd49fdaa
feebfeb3fe72fe42
ff4bff03fecbff33
02a70266016dffc4
029700d500fd02cf
0307030f02d70287
02ff02f702f70307
02e702e702ef02f7
02df02df02e702e7
ff940014fff4ffbc
0014ffdcff7bffac
00e5010d0085006c
ffdcff84ffe40054
feabfea3ff0bff94
fe32fde2fe5afebb
fdcafd9afd82fdda
026e005cff3bfe6a
0377035f03470317
0398039003980390
03a003a0039003a0
036f037f03900398
029702ef032f0357
01ee01b6014d01de
021e025602760246
01e601f601f601c6
00ad00fd00f5013d
ff23ff73ffcc003c
ff8cff3bff33ff13
007c008d0074001c
ff84ffb4000c003c
fcb9fcd9fdcaff23
fd9afd69fd29fce1
fdbafd39fd31fdaa
ff23fed3fea3fe42
ffd4ff03fefbff9c
02b7023600cdff7b
029700a5016d02c7
02f702df02a702af
02f702f702ff02f7
02e702e702ef02ef
02cf02cf02cf02e7
ffe400440004ffbc
ffbcff4300340044
00a5010d0095003c
ffc4ff94ffdc0044
fe8bfe9bff23ff8c
fe1afdcafdcafe6a
fdbafd79fd79fdba
010dff63feebfe1a
035f033f031f02bf
03900388037f0377
0398039803a00398
034f036f037f0398
02e70307030f032f
0347031702af0297
039003a003c00388
030f03470367036f
01f60256027e02b7
0085010d017501b6
ffe4ffa4ffb4fffc
007400850085004c
ff63ffac0004003c
fcc1fcc9fd29fe93
fd92fd69fd39fd01
fe02fd59fd31fd8a
ff53fedbfebbfe72
ff63ff13ff8c004c
02b701d600a5ffbc
02870054019e029f
02e702df02cf02e7
02f702f702ff02ef
02e702e702e702ef
02c702cf02cf02df
00d500c5004c0034
ffacfe93ff23008d
004c00d500a5002c
ffb4ff94ffac0054
fe83fe8bfef3ff7b
fdfafdc2fda2fe0a
fda2fd69fd71fdaa
ffacff1bfe8bfe0a
033f031702d701a6
037f0377036f0367
0388038803900388
0337035f036f0388
033f032f0317030f
035f032f03470347
03a803a003900377
03a003b003d003e0
02af030f03370347
00e5016501f60256
001cffec003c008d
0054005c00640054
ff13ff8cffe40034
fce9fcc9fce1fdb2
fd8afd69fd49fd21
fe52fd82fd49fd79
ff84fef3feabfe93
ff84ff33ffb400a5
028f01a60034fffc
0246004c01d60276
02f702e702df02f7
02ef02ef030702ff
02e702e702e702ef
02c702c702cf02df
00ad013d0095fffc
ffe4fed3feeb0004
005400a500b50034
ffacff94ff7b0044
fe62fea3ff0bff5b
fdb2fddafdcafde2
fd79fd69fd8afdba
ff33fed3fe42fe02
031f02e7020e003c
0367035f0357033f
03670367036f036f
031f032f03470357
036703470327030f
035f035703880377
0357036f034f035f
0317032f03770367
029702d702cf02e7
005400e501ae0256
003c00240024000c
002c002c00340044
fe5aff63ffbc0014
fd01fcc1fcc1fd11
fd9afd79fd61fd31
fe83fdf2fd71fd69
ff7bfe8bfeabfe9b
ffa4fefbffe400e5
0256018effacffcc
01ce00a5022e0256
02ef02d702f702f7
02f702f702ff02f7
02e702e702e702ef
02c702cf02cf02df
002c00cd00c500a5
ffdcff23ff2bfff4
003c005c00a5003c
ff9cff73ff730024
fe0afeabff53ff63
fd61fdd2fddafe02
fd61fd79fd9afdb2
ff0bfe6afe5afde2
02f7025600ddffb4
0357033f032f0317
033f0347034f0357
030f031703170327
0367034f03270307
036f037f0388036f
034f036f03570367
02c702e70317032f
021e027602760297
0024007c011501ce
002c001cfffcfffc
000c0014001c001c
fd71fedbff7bffd4
fd19fcd9fcb9fcd9
fd8afd82fd8afd49
fe8bfe42fda2fd69
fecbfe2afee3fecb
000cfef3ffcc00d5
01fe0135ffacfffc
01550115024e026e
02e702e7030702f7
02f702ef02e702e7
02df02e702e702e7
02c702cf02cf02df
003c003400540095
ffdcff0bff840014
0044004c009d0044
ff8cff63ff53fffc
fe1afe7aff5bff7b
fd39fdc2fdfafde2
fd69fd8afdb2fda2
fec3fe5afe62fdda
027601650074ffa4
032f031f030702e7
031f032f03370337
0307030702ff02ff
033f033f031f030f
0367035f034f033f
030f033f03470357
026e02af02df02e7
01c601fe024e025e
004c00b50135019e
00040014001c001c
ffdcfffc0014000c
fcd9fde2ff13ff8c
fd39fce9fcc1fcc1
fd82fd8afdbafd61
fe93fe62fdeafd69
feabfe6afe72fe7a
0004ff4bff5bff84
01ee00ddffe40074
00fd017d0226025e
02f702ef02ff02f7
02f702f702e702ff
02df02e702e702ef
02c702c702cf02df
004cfff4001c00bd
ffc4ff5bffdc002c
001c002c0074005c
ff9cff5bff43ffcc
fdf2fea3ff3bffa4
fd31fda2fe3afdaa
fd79fdaafdd2fdba
fe7afe83fe6afdda
018e010d0074ff8c
031702ff02c7025e
03070317031f031f
02ff02ff02ff02ff
031f031f03170307
031f031f031f031f
02cf02ef02ff0307
01f60246028f02a7
01750175019601be
005c00a5010d015d
fff4fffc001c002c
ffacffdcfffc0004
fcb9fd01fe5aff3b
fd49fd09fce9fcc9
fd82fda2fddafd82
fe52fe83fe22fd82
ffacfe5afdbafdda
ffe4ff94feebffa4
020e011dfffc00ad
00e501c602160226
02f702f702ff02df
02f702f702e702ef
02df02df02e702ef
02bf02c702cf02df
004c002c00440034
ffb4ffe4fff4002c
ffe4001400540024
ffb4ff5bff33ffb4
fdeafe93ff3bff9c
fd19fdb2fe52fdb2
fd8afdbafdf2fd8a
fe7afeabfe7afde2
014d01150064ff33
02ef02b702360186
02f70307030702ff
030702ff02f702ef
0307030f03070307
02ef02f702ef02f7
029702af02cf02df
01de022e0266027e
017d0175017d0196
004c006c00e50155
0004fffc000c002c
ff7bffbcffe40004
fcb1fcb1fd59febb
fd59fd29fd01fcd1
fd71fda2fdf2fdb2
fdd2fe6afe52fdb2
0034fe02fddafd92
ffccff1bfef3006c
0216014d001c0085
00cd0206023601ee
02f702f702ff02af
02ef02f702e702df
02df02df02df02e7
02bf02bf02c702df
002c001cfffc000c
0044001cffdc001c
ffbc00040034001c
ffb4ff6bff43ffbc
fe12fe6aff23ff84
fd41fdcafe2afdc2
fdaafdfafe0afd61
fe9bfec3fe93fdfa
015d00fd000cfeab
02a7021e0196016d
02ef02ef02ef02d7
031f0317030f02ff
02ff0317030f031f
02cf02d702df02ef
028f029f02af02c7
017501a6020e0266
014d01550155014d
004c0064009d0115
001c000c000c0034
ff1bff94ffd4000c
fcc9fcc1fcc9fdaa
fd8afd39fd01fce9
fd61fd8afe02fdfa
fd82fe1afe5afdf2
ffd4fddafdb2fd59
ffbcfefbff4b0095
0236012d007c00a5
00b5022e023e01ce
02ff02f702ef0276
02e702ef02ef02f7
02df02df02e702df
02bf02bf02c702cf
fffcfff4ffec001c
004c000cfff4ffec
ffbcfffc000c0014
ffacff8cff53ffb4
fe1afe7aff33ff43
fd71fddafddafdca
fde2fe4afe0afd69
fee3fee3fea3fdf2
017500edff73febb
021e01a6019e0196
02ff02e702cf0297
032f0327031f030f
0317031f0327032f
02c702df02ff030f
028f029f02af02af
0175019601ee025e
014d0165016d0175
0074008500c5011d
003c00340034004c
fe2aff4bffcc000c
fce1fcc9fcb9fce9
fdbafd41fd01fcf9
fd8afd8afdfafe2a
fd59fdcafe32fe22
fe9bfdd2fd79fd39
ff94ffccff73005c
01fe007c006400dd
00d50226024e01ee
02ff02ef02ef027e
02df02d702ef0307
02df02df02e702e7
02bf02c702c702cf
ffe4000cffcc001c
003c002cffe4ff43
ffb4ffc4ffec0024
ff4bff7bff73ffb4
fe22feabff1bff2b
fd82fdfafdf2fe22
fdf2fe5afdeafd69
ff23fef3febbfe02
017d008dff0bff23
01d601b601be01b6
02e702c7027e022e
0337031f031702f7
033f033f033f033f
02ff0317032f0337
028f02b702cf02df
01f6020602260266
019601ce01f6020e
00ad00cd01150155
003c0064006c0085
fd21fe9bffa40004
fcf1fcd9fcb9fcb1
fdcafd49fd09fcf9
fdcafd82fdeafe2a
fd51fd8afdeafe1a
ff03fdc2fd69fd49
ff9cfff4ff5bff84
0196001c0054009d
00a5021e024e0226
02ff02ef02e70276
02df02df02ef02ef
02df02df02e702e7
02bf02c702c702cf
ffd4000cffbc000c
0004fff4ff63fef3
ff9cff9cffe40004
ff23ff33ffacffd4
fe2afedbff1bff3b
fd9afe0afdeafe0a
fdf2fe42fddafd82
ff43ff0bfec3fe02
015dfff4ff33ff5b
01f601d601ce01be
02970256022e0226
032f031f02ef02bf
034f0357034f033f
03370347034f0357
02d702f702ff031f
0266027e02af02d7
01d6020e0256026e
00dd0125015d0196
00240064009d00bd
fcb1fd79ff1bffe4
fcf9fd09fcc1fca9
fde2fd61fd19fcf9
fddafd9afdeafe1a
fd51fd59fdb2fdf2
ff2bfd9afd61fd49
0004ffecfef3ff3b
019e004c005cfffc
0064021e027e0256
030702ff02ef0287
02df02e702f702ff
02cf02df02e702df
02bf02c702c702c7
ff94000cffbc000c
ffe4ff84ff1bfef3
ffb4ffb4ffd4ffec
fefbff23ffa4ffcc
fe6aff03ff23ff1b
fdc2fe0afde2fdfa
fdf2fe2afdcafd79
ff33ff03febbfe0a
0105ff9cffb4ff84
020601de01d601b6
023e0236025e0256
030f02ff02bf0276
03670357033f0327
035f0367036f036f
03470347033f0357
026e029f02e7032f
01f60226024e025e
00f5013d018601be
fffc0044009500cd
fca1fcc9fdfaff7b
fcf1fd21fce9fcb1
fde2fd69fd29fd09
fdcafdaafdd2fe12
fd49fd59fd82fdc2
fee3fdbafd61fd49
0064ffb4feb3ff1b
01be00640024ffbc
00dd023602b7025e
0307030702f7029f
02e702ef02f702ff
02d702df02e702e7
02bf02bf02c702c7
ff9c000cffe4fff4
ff5bfe7aff03ff6b
ffb4ffa4ffccffe4
feebff23ff94ffa4
fe8bfef3ff1bff03
fddafe0afde2fdf2
fdfafe2afdd2fd79
ff13feebfe8bfe02
009dff7bffe4ff73
021601de01d6019e
024e027e0287026e
02f702bf0266022e
035f03570337031f
036f0377037f0377
03470357035f036f
0256026e02af0317
0206022e0256025e
0105013d019601c6
ffbc001c007400cd
fca9fcb1fd01fe7a
fcf1fd11fd21fcc9
fddafd71fd39fd29
fda2fdaafdd2fe0a
fd41fd59fd59fd92
fe72fd9afd51fd49
0034ff7bfe62fe8b
01be006cff53ff5b
014501de028f0256
030702ff02d702a7
02e702e702f702ff
02cf02cf02df02e7
02bf02bf02c702c7
ffb4ffec0004ffe4
febbfe12fe8bff84
ff7bff94ffacff7b
ff0bff13ff5bff94
feabfefbff0bff0b
fdfafe02fdaafe02
fe02fe3afdd2fd8a
feebfec3fe72fe02
007cff9cffecff5b
020e01ce01ce019e
029702af02a70276
02a7025602360266
035f0347031f02df
03770377036f036f
031f033f034f036f
02760297029702df
01fe022e023e025e
00e5011d016d01ae
feebfffc005400a5
fcb1fcb1fcb9fd41
fd11fd09fd41fcf1
fdd2fd8afd49fd49
fd8afd9afddafdfa
fd49fd49fd49fd69
fe9bfd9afd49fd49
ffe4ff84fe32fe2a
019e004cfef3ff53
01a6013d0256027e
02ff02ef02c702cf
02e702e702ef02f7
02cf02cf02df02e7
02b702bf02c702c7
ff3bffec0044fffc
fe83fe2afe72feeb
ff3bff9cff9cff03
ff0bfefbff63ffc4
febbfef3ff1bff13
fe02fe12fdd2fe4a
fe1afe4afdd2fdb2
ff0bfecbfe83fe02
007cff9cfff4ff63
020601ce01d6019e
02bf02c702af0266
022e0236027e02a7
0337030f02c7026e
035f0357034f0347
02e70307032f0357
028702b702a702bf
01e6021602360256
00bd010d013d0186
fda2ff4b0014005c
fcb9fca9fca9fcc9
fd39fd09fd31fd21
fddafda2fd69fd51
fd71fd82fdd2fdfa
fd49fd41fd41fd41
fec3fda2fd41fd51
ffccffa4fe32fe22
01a6005cff33ffb4
01e6011501f60266
02e702df02e702cf
02e702ef02ef02ef
02cf02cf02cf02df
02b702bf02c702c7
fec3ff8c004c0074
fe62fe52fe9bfedb
ff1bff43ff63fef3
feebfeebff23ff8c
fec3fef3fef3fed3
fddafdeafe12fe7a
fe2afe3afde2fdea
ff13fecbfe72fdea
00bdffa4ff94ff53
022e01ee01ae0165
02bf02bf0297026e
02460276029702af
02df029702460216
032f032703170307
02bf02e7030f0327
028702af02a70297
01b601ee021e024e
009500ed012d016d
fce1fdbaff3b001c
fcc9fca9fca9fcb1
fd61fd19fd19fd31
fddafdbafd92fd61
fd61fd71fdbafde2
fd41fd39fd31fd31
fe62fdcafd49fd49
ff84ffbcfe12fe2a
01ce0085ff73ffd4
0266014501a60236
02e702ef02e702b7
02e702e702e702df
02cf02d702d702df
02bf02c702c702c7
fe83ff43003c00b5
fe62fe6afea3fed3
fefbff1bff23feb3
fec3fed3fef3ff6b
feabfeb3fe83fe8b
fdcafdeafe32fe8b
fe32fe4afe1afde2
fee3febbfe6afdfa
00bd0014ff13fedb
024e020e01ae0145
02b702a7028f027e
026e027e029f02b7
025e0216021e0246
02df02d702c702a7
028f02b702df02e7
025e028f027e026e
016d01b601e6021e
001c009d00f5013d
fcb9fce1fdaaff13
fcd9fcb9fcb9fcb1
fd79fd29fd19fd31
fddafdd2fdb2fd82
fd51fd59fd92fdda
fd39fd39fd31fd31
fe22fdd2fd51fd39
ff6bfffcfe0afdf2
01ee00bdff5bff8c
02a701be01de020e
02f702f702df02c7
02df02df02d702ef
02c702df02df02d7
02b702bf02c702c7
fe4afeeb00140095
fe42fe6afeebfeb3
fed3ff1bff03fe3a
feabfec3feebff6b
fe83fe7afe6afe9b
fdfafdf2fe32fe62
fe2afe62fe4afdfa
fe7afe6afe4afe12
00bd0024ff63feb3
0256021601c60155
02af02a7029f0287
028f029f02af02b7
01fe0216023e0276
027602660246020e
023e025e02870287
020e023e02460236
01250155019e01ce
fe9bffd4008500e5
fcb1fcc1fce9fd69
fd01fcc9fcb9fcc1
fd92fd51fd31fd21
fde2fddafdcafdba
fd51fd49fd79fdca
fd41fd49fd31fd31
fdf2fdeafd49fd29
ff1bffecfe12fdb2
01a600d5ffd4ff6b
02af027e01de01e6
02ef02e702e702cf
02e702df02e702ef
02c702d702d702df
02af02b702bf02c7
fe32feabffbc00b5
fe0afe62fecbfe62
feebff4bfedbfe6a
fe6afe83fe9bff1b
fe3afe42fe52fe4a
fdfafe02fe32fe3a
fe1afe3afe1afe12
feabfe32fe12fe0a
00cd0034ff8cff1b
024e020e01c60165
02c702b70297027e
0287029f02b702bf
01f6022e024e0266
01de01be01ae01c6
01de01f601fe01f6
018e01be01e601e6
008500cd0115015d
fd39fe02ff03ffe4
fcc1fcc1fcd1fce9
fd31fce1fcd1fcc9
fdbafd82fd49fd31
fde2fde2fdd2fdea
fd51fd51fd82fdc2
fd51fd51fd39fd31
fdfafe0afd59fd29
feebffa4fe2afdca
019600f5fff4ff8c
02cf02d7025e01b6
02e702df02df02d7
02d702df02df02ef
02c702cf02df02df
02af02b702bf02bf
fe1afe6aff13003c
fe22feabfe6afe1a
ff1bff53fec3fe7a
fe4afe4afe7afecb
fe1afe0afe1afe0a
fdeafe0afe0afe22
fe12fdeafe02fe1a
fecbfe42fe12fdf2
00dd0034ffa4ff33
022e020e01d6016d
02b702af02970266
027e028f02a702af
020e023e025e026e
012d016501a601ce
011d011d01150115
00d50105012d012d
fef3ffb4003c00a5
fd01fd31fd9afe22
fce1fcd9fce1fce9
fd31fcf1fce1fcd9
fdeafdbafd61fd49
fdbafdf2fdf2fe0a
fd51fd51fda2fdca
fd61fd51fd39fd29
fde2fe0afd61fd39
fee3ff53fe1afdc2
019e01650004ff7b
02e702e7029701ce
02d702df02ef02f7
02d702df02d702d7
02c702cf02df02d7
02a702b702bf02bf
fdeafe32fe9bff4b
fe7afe8bfe2afdda
ff3bff0bfe93fe7a
fe1afdf2fe6afebb
fe02fdfafddafdda
fe0afe1afe12fe0a
fe0afe02fe12fe12
fec3fe32fe02fdfa
00e5005cffd4ff53
0216020e01ce0155
02af02970276024e
02a702b702b702af
0226024e026e028f
012d017501b601e6
00a5009500a500e5
008d00ad00c500c5
fe52ff0bffb40054
fd11fd31fd71fdc2
fcf9fcf9fcf9fd01
fd31fd01fd01fce9
fe22fdeafd82fd51
fdb2fe12fe0afe1a
fd69fd61fdb2fdc2
fd51fd49fd31fd29
fdeafe22fd79fd69
fed3febbfe1afdb2
01e601a60034ff43
02ff02bf02870236
02d702e702f702ff
02d702df02df02cf
02c702c702cf02cf
029f02af02b702bf
fdd2fe02fe8bfebb
fe7afe62fe1afdd2
ff43feabfe83fe62
fe02fdf2fe7afebb
fdcafdc2fda2fdc2
fdeafdfafdfafde2
fe0afe2afe12fe12
feabfe22fe02fdda
00f5004cffb4ff3b
021e01ee01ae015d
02b70297026e024e
02a702af02b702bf
021e02460276028f
0145017501b601e6
00ed00d500e5010d
00dd00dd00fd0105
fe3aff0bffb4006c
fd21fd49fd8afdc2
fd01fd11fd11fd11
fd61fd29fd11fcf1
fe42fe2afdaafd69
fdc2fe2afe22fe22
fd69fd61fdc2fdba
fd41fd39fd31fd39
fe1afdfafd8afd69
fee3fe8bfe32fdca
025601e600adff63
02df029f028f0297
02cf02e702f702e7
02c702df02d702d7
02bf02bf02b702b7
029f029f02a702b7
fdc2fdcafe4afe52
fe5afe42fe42fdfa
ff3bfe83fe3afe42
fde2fe42fe8bff13
fdaafda2fd8afdd2
fdeafdbafdb2fdaa
fe0afe0afe0afe2a
fea3fe42fe22fdf2
00cd0014ff94ff2b
024601ee01ae0155
02b7029f027e0266
02b702bf02b702bf
0226025e0287029f
0155018601be01f6
013d0125012d013d
00e501250115014d
fe2aff0bffc40064
fd31fd61fd8afdda
fd01fd19fd21fd19
fd92fd41fd29fd09
fe62fe5afdcafd69
fdc2fe32fe2afe22
fd71fd69fdc2fda2
fd41fd29fd41fd59
fdc2fd9afd82fd61
ff33fea3fe42fdc2
026e02160115ff94
02b7029f029f0297
02cf02cf02d702cf
02c702cf02cf02d7
02af02b702b702b7
029f029f02a702af
fdc2fdcafe1afe12
fe1afe02fe62fe1a
ff1bfe5afe4afe22
fdfafe6afee3ff73
fd9afda2fd8afde2
fdd2fd92fd61fd79
fde2fdf2fdfafe0a
fecbfe72fe12fdd2
009dfffcff7bff0b
022601d601860135
02af02970276025e
02bf02bf02bf02bf
022e025e027e029f
017d018e01c601fe
015d01650155016d
00d5013d0155014d
fe1afedbffac0054
fd49fd59fd79fdd2
fd11fd19fd29fd41
fd9afd61fd31fd21
fe6afe8bfe0afd69
fdcafe4afe2afe1a
fd79fd79fdb2fda2
fd49fd31fd49fd71
fd92fd79fd92fd71
ff0bfec3fe62fe02
025601f6019efffc
02b702b702a70287
02cf02c702cf02d7
02c702bf02c702cf
02b702b702bf02c7
028f029702a702af
fdd2fdeafe12fe12
fdf2fe4afe4afdea
ff23fe93fe62fe02
fe02feabff3bffa4
fd92fdb2fda2fde2
fdbafd82fd51fd59
fdeafe32fe0afe02
fe93fe2afdeafdc2
0085fff4ff73ff03
020e01c6016d011d
02af028702660246
02bf02c702bf02bf
0236026e028702a7
01a601be01de020e
01650186017d0196
00cd012d016d0175
fe1afeb3ff940034
fd61fd51fd71fdc2
fd21fd31fd49fd69
fda2fd92fd61fd39
fe62feb3fe5afd82
fde2fe52fe2afe22
fd92fd9afdaafdaa
fd51fd49fd51fd79
fdb2fd82fd92fd79
ff33fecbfe7afe52
023e01ce01ee00a5
02c702bf0297027e
02df02e702cf02bf
02c702d702cf02d7
02b702c702c702cf
028f029f02a702af
fdc2fdeafe1afe32
fdfafe6afdeafdd2
ff3bfeabfe32fe22
fe62feebff84ff84
fd79fdaafdc2fdea
fdc2fd71fd41fd51
fe1afe4afe3afe02
fe5afe1afdf2fdda
004cffacff33fecb
01f601c6016500fd
02a70276024e0226
02c702cf02bf02b7
02460276028f02af
01c601de0206021e
0196018e019e01b6
00bd010d014d017d
fe1afe9bff84001c
fd71fd61fd79fdb2
fd39fd29fd51fd79
fdb2fdbafda2fd69
fe5afecbfe83fdb2
fdd2fe42fe2afe32
fdbafdb2fd9afdba
fd61fd59fd79fdaa
fdd2fdaafd92fd82
ff5bfeb3fe6afe2a
01ee01e601c6008d
02bf028f028f0297
02df02d702bf02bf
02d702d702cf02e7
02b702bf02bf02bf
0276029702a702af
fdc2fe02fe2afe22
fe1afe4afd92fdc2
ff33fe83fe3afe3a
feebff53ffb4ff84
fd69fd9afdbafe32
fdd2fd8afd49fd49
fe22fe42fe2afdfa
fe72fe4afe1afdf2
0044ffbcff33fec3
01ee01be016500d5
029702660236021e
02bf02c702b702a7
024e0276029702af
01de01e60206022e
01d601c601ce01ce
00b50135015d01ae
fe12fe83ff73001c
fd71fd61fd69fda2
fd51fd41fd61fd79
fdb2fdcafdbafdaa
fe4afedbfe93fde2
fdcafe3afe32fe4a
fdd2fdaafd82fdc2
fd61fd79fdbafdda
fdeafdaafd8afd71
fefbfe83fe4afe22
021601f60115fff4
028f028f027e0246
02cf02a702b702af
02cf02cf02df02e7
02a702af02af02c7
025e029702a702a7
fdc2fe02fe42fe2a
fe32fdfafd8afd9a
ff23fe8bfe62fe6a
ff5bffb4ff9cff33
fd79fda2fe0afeeb
fdaafdaafd79fd82
fe02fe1afe1afdd2
febbfe9bfe6afdf2
0024ffa4ff4bfef3
01d601a6014d00b5
0276024e022e01fe
02b702af02af0297
023e0266028702a7
01fe01f6020e021e
01ee01f601fe01ee
0095012d017501be
fdf2fe8bff3b000c
fd82fd61fd61fd8a
fd71fd61fd79fd82
fdbafdd2fdc2fdc2
fe5afedbfebbfe2a
fdc2fe32fe42fe3a
fdbafd92fd69fdba
fd82fdaafddafdf2
fdaafd92fd82fd79
fe72fe3afe32fdfa
01de012dffdcff23
029f027e022601f6
02a702bf02af02a7
02cf02d702d702bf
02a702a702af02c7
0236028f029f0297
fde2fdeafe32fdf2
fe32fde2fd79fd79
ff1bfec3fe93fe62
ffbcffbcff63ff23
fd49fd71fe72ff63
fda2fdb2fd8afd71
fdf2fdfafe1afdd2
fed3feb3fe5afe02
001cffb4ff6bff0b
01c6019e014500ad
024e0226020e01f6
02af02a70297027e
023e025e0276028f
02160216021e021e
01fe021e022e022e
007c00fd016d01b6
fde2fe8bff13ffdc
fd9afd69fd61fd82
fdaafd82fd92fd9a
fdbafddafdd2fdda
fe72fecbfec3fe3a
fdcafe3afe52fe2a
fd79fd71fd61fdc2
fd9afdf2fe0afdfa
fd82fd79fd8afd82
fe42fe1afe22fdca
0085ffb4ff8cfef3
02af027601e60196
02b702b702b702bf
02b702af02a702a7
02a7029702af02bf
01ee027602970297
fe12fdf2fe5afe12
fde2fddafd92fd82
ff3bfee3fe9bfe5a
ffccffacff13ff1b
fd41fdbaff13ffac
fddafddafddafd82
fde2fdfafe12fdda
feebfe93fe4afe22
001cffa4ff5bff23
01c6019e014d00b5
0216020e01fe01e6
0287028f02970276
023e025e0276027e
023e022e022e022e
01fe023602460246
006c00ed015501a6
fdd2fe83feebffb4
fdb2fd8afd71fd92
fddafda2fdb2fdba
fde2fdfafdeafdf2
fe8bfecbfeb3fe42
fddafe52fe52fe4a
fd59fd8afd51fdb2
fde2fe2afe0afdda
fd61fd61fd8afd8a
fe0afe12fe2afdba
ffb40074007cfec3
028701f600cd000c
02bf02c702c702b7
0297029702af02b7
0287028f029f02a7
019e025e028f028f
fe12fe12fe72fe52
fdcafdb2fd82fd9a
ff33fec3fe9bfe4a
ffa4ff84ff23ff3b
fd31fe42ff63ffbc
fe02fde2fdcafd71
fe0afdf2fe12fdfa
fed3feabfe7afe42
0004ff9cff43fefb
01c601a6015500ad
021e020601de01d6
027e0287027e025e
0246025e02760276
026602460246023e
01e60236024e0266
006400ed012d0186
fdd2fe6afef3ff84
fdc2fda2fd92fdb2
fe12fdcafdcafdca
fe02fe22fe02fe0a
fe9bfed3fec3fe32
fdeafe6afe42fe5a
fd49fd82fd51fd92
fe1afe32fe02fdd2
fd61fd49fd69fd9a
fe0afe2afe22fdaa
00c501c60004fe52
0175003cffe4fffc
029702af029f025e
02a702bf02b702a7
02870276027e02a7
01750256027e0276
ffac016501f6025e
00b5ffccfe4afdea
0115010d010d00fd
010d010d010d0115
0105010d010d010d
002c00ed01050105
03f0032f0044ff94
03f003f003f003f0
038803c803e003f0
01ce021e02870307
00a500c5013d01ae
fe3afeebff8c001c
fdbafdcafdd2fdfa
fd69fda2fdaafda2
fd49fd31fd29fd29
fd51fd59fd59fd51
fdf2fd8afd61fd51
0105feebfe1afdd2
037f0357032f02c7
0398038803770388
0390039003980398
037f039003980390
039003900390037f
0388038803880390
037f037f03880388
036f03770377037f
036703670367036f
035f035f035f035f
034f034f03570357
033f033f033f033f
0327032f032f0337
031f031f031f0327
ff4b012d01ee024e
00cdfffcfe83fdd2
01150115010d0105
011501150115010d
00f50105010d010d
000c00e500fd00fd
03e8038800d5ff94
03f003e803e803e8
0307037703d003f0
01c60216021e0276
ffb4004400a50135
fe1afe62fe93ff03
fdbafdbafde2fe0a
fd8afd8afdbafdca
fdc2fdaafdaafd9a
fd79fd9afdbafdd2
fd79fd61fd49fd59
0024fe83fdcafd92
031f02d702af01de
037f03670377035f
0398039803980388
0398039803880390
0390038803880390
0388038803880390
037f037f03880388
036f0377036f0377
036703670367036f
03570357035f035f
034f034f03570357
033f033f033f0347
032f032f032f0337
03170317031f0327
feeb00f501de023e
00e50034fec3fdda
011d0115010d0105
0115011501150115
00fd01050105010d
ffe400cd00fd0105
03f003c00175ff9c
03e803e803d803e0
024e02bf033703a8
010d01ce0216020e
febbff33ffb4004c
fe2afe12fe32fe52
fddafdeafe0afe12
fe2afe12fe12fe22
fe12fe2afe2afe22
fd49fd61fd92fdd2
fd82fd82fd49fd39
ff9cfe6afdd2fda2
01a6013500ed0095
0367033702ef0276
03a0039803900377
0398039803900390
0388038803880390
0388038803900390
037f037f03880388
036f03770377037f
03670367036f036f
0357035f035f035f
034f035703570357
033f033f033f0347
032f033703370337
0317031f03270327
fe8300a501c60226
00ed0064ff1bfde2
011d010d01050105
010d010d010d0115
010501050105010d
ffc4009d00fd0105
03f003d0020effb4
039803d003e003e8
02060226027602f7
ffec00a5017d01de
fe2afe83ff23ff73
fe22fe32fe32fe42
fe9bfe1afe02fe22
fe5afe62fe93feb3
fda2fde2fe2afe4a
fd51fd41fd39fd61
fdbafdc2fd61fd51
ff6bfe7afe6afde2
005400440044002c
02af01f60105006c
03a00390037f0337
03900398039803a0
0388039003900390
0390039003900390
037f038803880388
037703770377037f
036703670367036f
0357035f035f035f
034f035703570357
033f033f033f0347
032f033703370337
031f031f03270327
fe320044019e0216
00f5008dff5bfe02
0115010d01050105
010d011501150115
010d010d010d0115
ffb4006c00f50105
03f003e802affff4
02c7034f03a003e0
01ae01f60216022e
ff23ff6300540145
fe6afe72fea3ff0b
fe3afe42fe3afe62
ff43ff43fe9bfe1a
fe32fe5afeabfee3
fd79fd9afdfafe42
fd71fd61fd59fd61
fe6afdf2fdaafd79
ff33ff3bfebbfdea
ffec002c000cff9c
0054ff7bff33ff7b
0390033f02bf01ae
0390039803a003a0
0390039003900390
0390039003900388
037f038803880388
036f03770377037f
03670367036f036f
0357035f035f035f
034f034f0357034f
0337033f033f0347
0327032f03370337
0317031f03270327
fdfaffdc017501fe
00fd00a5ff9cfe32
010d010500fd0105
0105010d0115010d
01050105010d010d
ffac004400ed0105
03c003e80327003c
0216029f0307036f
0095019e020e01e6
ff43ff03ff230014
fed3fefbfedbff03
fea3fe62fe7afe83
ff23ff8cff9cff33
fe4afe62fe72fec3
fd82fdb2fdd2fe1a
fd71fd82fd71fd59
febbfe4afe12fd8a
ff84ff4bfe9bfe7a
ffc4ff9cff73ff53
fe83fe8bfef3ff8c
02ff023e00d5ff3b
0390039803900377
0390039003900390
0390039003880390
037f037f03880388
0377036f0377037f
03670367036f036f
0357035f035f035f
034f034f03570357
0337033f033f0347
032f032f03370337
031f031f03270327
fdd2ff63014501ee
00fd00bdffdcfe72
010d010500fd00fd
00f500ed00fd0105
010500f500fd00fd
ffa4001400dd0105
032f0398035f00cd
01b6020e02af02f7
ff730034014501ce
ff5bffdcff84ff8c
feabff13ff43ff5b
ffbcff23feb3fe72
fee3ff53ffd4ffbc
fe3afe6afeb3fea3
fd59fd9afdd2fe1a
fd92fd82fd69fd31
fedbfe93fe4afdba
ff3bff13fe52fecb
ff63ff5bff53ff5b
fea3ff13ff4bff6b
01e6001cfe8bfe32
03900388036702e7
0390039003900390
0388038803900398
037f038803880388
037703770377037f
03670367036f036f
035f035f035f035f
034f034f03570357
033f033f033f0347
032f032f032f0337
031f03270327032f
fdcafefb010501ce
00fd00d50014feb3
010d0105010500fd
00fd00fd00fd0105
00fd00ed00fd0105
ffdcffec00c500fd
02df0307033f01a6
015d01c6024602c7
ffacff33ff940064
ffa4ffb4001cfffc
fea3fecbff03ff73
ffd4ffe4ff9cff03
fecbff0bffa4ffec
fe62fe6afeabfef3
fd21fd41fd8afdfa
fd9afd9afd8afd41
fe9bfe83fe83fdaa
ff1bfed3fe42fee3
ff33ff4bff3bfeeb
febbff03ff3bff3b
ffacfe2afe12fe62
03770367030701e6
0398039003980390
0388038803900398
037f037f03880388
037703770377037f
03670367036f036f
0357035f035f035f
034f034f03570357
033f033f033f0347
032f032f0337033f
031f03270327032f
fdcafe9300b501b6
010d00e5004cfeeb
0115010d01050105
01050105010d0115
00f500ed00f50105
014d004c00ad00f5
029702cf02ff02bf
fffc013d02260276
0024ffbcff84ff84
ffa4ffc4ffe4ffe4
ff33feabfed3ff1b
0004ffc4fffcffd4
ff1bff13ff3bffac
fe0afeabfecbfebb
fd49fd29fd41fd82
fd79fdb2fd9afd92
fe6afe5afea3fdba
ff03fe6afe52fed3
ff33ff4bfed3fe93
fed3ff0bff13ff0b
fde2fde2fe5afe8b
035f03270206ff94
03a003980390037f
0388038803900398
037f038803880388
036f037703770377
03670367036f036f
0357035f035f035f
034f035703570357
033f034703470347
033703370337033f
031f031f0327032f
fde2fe3a005c0196
010500ed0074ff3b
010d010d01050105
0105010501150115
00fd00fd01050105
02af01c6011d0115
0266028702cf02ff
fffc0024012d021e
001cffecfff4000c
ff63ffccffccfffc
0014ff63fecbfeeb
ffb4fff4fffc0044
ff13ff63ff3bff43
fd9afe22fedbff23
fd8afd51fd51fd71
fd71fd92fdc2fda2
fe3afe62febbfde2
feebfe52fe62feb3
ff13fef3fe83fec3
ff03fef3fedbfef3
fdd2fe32fe8bfee3
0337024effccfdf2
03a00390037f0367
0388038803900398
037f037f03880388
03770377037f037f
03670367036f036f
035f035f035f0367
034f035703570357
033f0347034f034f
03370337033f033f
031f03270327032f
fe0afe02fffc0155
010500f50095ff84
010d010d010500fd
010d010d0115010d
013501050105010d
02e702ef022601ae
022e0297028702af
0034006c009d0125
000c0034fff40004
fee3ff63ffe4001c
00740044ffa4fef3
ff63ffd4ffec0034
ff63ff84ff6bff5b
fdc2fe02fe72ff03
fde2fdaafd49fd71
fd8afd71fdbafdda
fe22fe93feb3fdfa
fea3fe52fe6afe6a
fecbfe93fe72fecb
fedbfec3febbfeeb
fe12fe62febbfedb
02af007cfe1afdca
0390037f036f0347
0390039003980398
037f037f0388037f
03770377037f037f
0367036f036f036f
035f035f035f0367
034f034f03570357
033f0347034f034f
03370337033f033f
031f03270327032f
fe42fddaff94012d
010500f500b5ffc4
010d010d010500fd
011501150115010d
01d6013501050115
028f030703070297
016d024602870276
ffc4fff400a500d5
0004000c001cffe4
ff0bfed3ff63fff4
0064007c006cffcc
ffa4ff8cffb4ffdc
ff43ff8cffa4ff94
fd92fe32fe7afeb3
fe2afe1afdbafd59
fd8afd92fd79fde2
fe12fe8bfea3fe12
fe62fe5afe32fe22
feb3fe72fe72fe9b
fed3feabfec3fec3
fe3afe8bfeb3fec3
014dfe6afde2fe12
03900377036702ef
0388039003980398
037f0388037f037f
036f036f0377037f
0367036f036f036f
035f035f035f0367
034f035703570357
0337033f0347034f
033703370337033f
031f0327032f032f
fe7afdc2ff2300ed
00fd00ed00cdfffc
010d0105010500f5
010d011501150115
02b701de012d010d
0256027e0307032f
0125017502260276
ffe4ff94000400dd
ffd4fff40004000c
fffcfef3fee3ff94
0044005c00ad007c
ffdcffe4ffa4ff94
ff0bff84ffb4ffcc
fd69fdbafe9bfec3
fe52fe6afe02fdc2
fd82fdbafd82fdba
fe22fe8bfe93fe3a
fe42fe5afdb2fe0a
fe9bfe5afe7afe72
feabfea3feb3fec3
fe6afe9bfea3feab
fee3fdc2fdf2fe32
0388037f03270206
0388039003980398
037f0388037f037f
03770377037f037f
0367036f036f036f
0357035f03670367
034f03570357035f
033f0347034f034f
03370337033f033f
031f03270327032f
fecbfdc2febb00ad
00fd00ed00d50034
010d00fd00fd00fd
01050105010d0115
035702d701ce010d
0287026e02b70337
00a501350155022e
00040014ffbcfff4
ffa4fffcffc4ffdc
0095fffcff03ff03
ffb40054008500dd
ffd4ffe40014ffa4
ff0bff5bffd4ffdc
fdb2fd79fdeafed3
fe2afe83fe42fdf2
fd59fdaafdb2fdaa
fe52fe83fe9bfe22
fe6afe42fd92fdfa
fe5afe52fe62fe2a
fea3feabfeb3fe9b
fe9bfe8bfe93fe9b
fdbafddafe22fe5a
0388035702a7ffac
0388039003980390
037f037f037f0388
03770377037f037f
0367036f036f036f
0357035f03670367
034f0357035f035f
033f0347034f034f
03370337033f033f
031f03270327032f
ff1bfdd2fe620074
00f500f500e5005c
010d0105010500fd
011d010d01050115
0347035f02bf018e
023e02af02a702df
004400fd016d017d
ffa4ffdcfff4ffe4
ff13ffacffdcff84
00fd0085ffecff03
ff84fff4009d00cd
ffacfffc0014fffc
ff13ff53ffa4ffec
fddafdd2fd8afe02
fde2fe8bfe8bfe32
fd59fd8afdd2fdca
fe42fe72fe83fe2a
fe62fe22fdb2fdd2
fe42fe5afe52fe02
feb3febbfeb3fe83
fe83fe6afea3fea3
fdd2fe32fe5afe72
036f030f00adfde2
039003980390037f
037f037f037f0388
03770377037f037f
0367036f036f036f
035f035f03670367
034f0357035f0357
033f033f033f034f
03370337033f0347
031f032703270337
ff6bfdfafe0a0014
00f500f500ed0085
01050105010500fd
016d011d0105010d
02df034703570276
016d024602b702bf
ff8c001401050165
ff5bff8cffc4ffa4
fefbfed3ffbcffdc
011500cd0064fff4
ffe4ff94006c00d5
ffe4ffd4fffc0024
fe3aff84ff9cffec
fdf2fe02fdfafdb2
fddafe52feabfe6a
fd49fd92fe02fdda
fe12fe52fe6afe2a
fe32fdeafdaafdca
fe2afe3afe1afe1a
fec3fec3fe9bfe62
fe62fe83fea3fe9b
fe12fe6afe5afe6a
035701defe6afdaa
0390039803880377
037f037f03880388
03770377037f037f
036f036f036f036f
035f036703670367
034f0357035f0357
033f03470347034f
03370337033f033f
031f0327032f0337
ffa4fe32fddaff94
00fd00f500e50095
0105010501050105
020e014d011d0105
02df0307036f034f
010d012d022e02b7
ff8cff43003400dd
ffe4ff7bff7bffc4
ffecfedbfebbffac
00dd00bd008d005c
0024ffe4ffec00a5
001cffacffe40034
fe0afeabffdcffec
fe22fe02fe0afe12
fdfafe0afe9bfe8b
fd51fd61fdeafdda
fe1afe7afec3fe32
fddafdcafd92fdd2
fe32fe2afdfafdf2
fea3feabfe83fe42
fe6afe93fe7afe8b
fe3afe62fe52fe4a
02dfff8cfd9afdda
038803900388036f
037f037f03880388
037703770377037f
036f036f036f036f
035f035f03670367
0357035703570357
033f03470347034f
032f033703370337
032703270327032f
ffecfe72fdbafefb
00f500ed00f500bd
010d00fd010d0105
033701de0165011d
02e702ff032f0388
00fd00fd011d025e
ff8cff3bff53003c
ffa4ffb4ff43ff4b
004cfffcfeebfecb
00ad00bd00950085
00440024fffc003c
00340024ffb4001c
fe5afe42ff130034
fe6afe12fe3afe52
fe0afe22fe52fe9b
fd79fd41fdaafdf2
fe1afe6afebbfe62
fdc2fde2fd92fdc2
fe1afe3afe12fdda
fe93fe8bfe5afe32
fe6afe83fe6afe7a
fe3afe32fe4afe4a
0125fddafdbafe0a
03900388037f0357
037f037703880388
037703770377037f
0367036f036f0377
035f035f03670367
0357035703570357
0347034703470347
033703370337033f
032f032f032f032f
0024feb3fdb2fe83
00fd00ed00f500d5
01150105010500fd
03a802ff01be015d
028f02b702d70347
002c0135014501d6
ff1bff8cff1bff7b
fecbff8cff5bff2b
006c002cfff4fefb
008500c500d500bd
0064004c0014ffec
0085006cfff4ffc4
fe7afe8bfe7aff9c
fe9bfe4afe4afe7a
fe22fe52fe5afe7a
fd9afd49fd92fdd2
fe0afe7afec3fe8b
fdd2fe2afda2fdca
fe2afe3afe02fe02
fe8bfe62fe6afe32
fe5afe72fe62fe83
fe22fe4afe42fe42
feebfd8afde2fe22
0390037f03670297
037f037f03880388
0377037703770377
036f036f036f0377
035f035f03670367
034f0357035f035f
0347034703470347
033703370337033f
032f032f032f032f
004cfefbfdc2fe1a
010500fd00f500e5
0135011d010d0105
039003a002a701ae
022e029702bf0317
ff7b0024016d016d
ff23ff3bff7bff23
feebfeabff53ff63
00cd002c003cfff4
0034009500c500d5
0024007c00540004
007400d5004cffdc
fe8bfe9bfeb3feeb
fe93fe83fe62fe83
fe0afe7afe5afe6a
fdd2fd51fd92fdb2
fe0afe8bfec3fe9b
fdeafe4afdc2fdc2
fe3afe52fdf2fe12
fe83fe6afe62fe2a
fe5afe72fe72fe72
fe2afe32fe2afe42
fdbafdaafdf2fe0a
03900377033700c5
0377037703880388
037703770377037f
036f036f036f0377
035f035f03670367
034f035f035f035f
0347034703470347
032f032f0337033f
032f032f032f032f
006cff3bfde2fdda
00fd00fd00fd00ed
01a60125011d0105
037703a80367027e
01a6027e02bf0307
fef3ff8400c501ae
ff23feebff23ff63
ffb4febbfe72ff23
00ed007c0034004c
fff4006400b500d5
fffc006c0074002c
ffac00ed00bd0054
feabfeb3fed3fefb
fe72fe6afe83fe83
fdeafe7afe93fe83
fe12fd69fd8afd8a
fdf2fe5afec3fecb
fdf2fe52fdfafdba
fe4afe22fe02fe1a
fe6afe72fe52fe3a
fe4afe4afe52fe72
fe2afe22fe1afe42
fd82fdcafdeafdf2
03880367025efeab
0377037703880388
037703770377037f
036f036f036f0377
035f035f03670367
034f03570357035f
0347034703470347
03370337033f033f
0327032f032f032f
0095ff7bfe12fdaa
00fd00f500f500f5
026e0165012d0115
034f038803a80327
01d6022e028702df
ff33ff1bffd40125
ff13ff03feb3ff33
0034ff9cfe83fe3a
00dd00e50044004c
fff40024009500dd
00740054006c0064
ff7b0095010d00bd
fed3fedbfedbff4b
fe83fe52fe93feab
fdd2fe6afed3fea3
fe4afda2fd9afd92
fdf2fe4afedbfeeb
fe02fe6afe2afdd2
fe6afe1afe12fe22
fe4afe7afe62fe4a
fe3afe4afe42fe62
fe12fe1afe2afe32
fdaafddafde2fdea
037f033700a5fdb2
0377037703880388
0377037703770377
036f036f036f0377
035f035f03670367
034f0357035f035f
034703470347034f
033703370337033f
032f032f032f032f
00adffbcfe4afd9a
012d00fd00ed00f5
02ff021e01250115
030f036f03b0037f
01ae021e02360297
ff8cff6bff73001c
fe4afed3fe8bfed3
005c000cff84fe62
0105010500dd0034
0034fff4007400dd
00d5007c00850074
ffd4002c012d00ad
feebff03ff0bff2b
fe7afe62fe52fed3
fdcafe6afecbfecb
fe72fddafdb2fda2
fe0afe32fec3fec3
fe32fe83fe52fdea
fe7afe4afe32fe4a
fe2afe62fe5afe62
fe22fe3afe42fe4a
fdfafe12fe2afe22
fdbafdeafde2fdea
03770266fed3fdaa
0377037703880388
0377037703770377
036f036f036f0377
035f035f03670367
034f0357035f035f
034703470347034f
03370337033f033f
032f03370327032f
00bdfffcfe93fda2
01150125010500f5
034f030701de0115
02cf035703a803b0
00bd020e021e0236
ff0bff4bffacffc4
fe4afe4afeabfe72
003400440014ff7b
010d00f5011d00a5
00540004003c00a5
00b500dd008d0085
fffc003c010d010d
fee3ff23ff3bff63
fe72fe4afe1afebb
fdcafe32fecbfedb
fe93fe12fdc2fdba
fe12fe22feabfebb
fe5afe83fe62fdfa
feabfe83fe5afe42
fe52fe62fe6afe7a
fe1afe0afe42fe32
fe0afe0afe12fdfa
fdaafdbafdc2fdd2
035700d5fdcafdaa
037f0377037f0388
0377037703770377
036f036f036f0377
035f035f03670367
034f03570357035f
0347034703470347
03370337033f033f
03370337032f032f
00d50034fed3fdb2
00fd010d0125010d
03a0031f02cf018e
01fe0327038803a8
0044015d01f601ee
fe72ff03ff530004
ff2bfe2afe5afeb3
0074004c0044fffc
0105015500dd011d
0074002cfff4007c
0085012500c5009d
ffdc009500cd015d
fef3ff43ff6bff7b
fe9bfe42fe1afe8b
fdd2fe1afe9bfeeb
feabfe52fde2fdd2
fe12fe32fec3febb
fe62fe7afe72fe0a
fee3feabfe72fe5a
fe4afe6afe7afea3
fe22fe1afe5afe0a
fdf2fe12fe1afe12
fda2fdaafdb2fdc2
02bfff2bfda2fda2
037f03880388037f
037703770377036f
036f036f036f036f
035f035f03670367
034f0357035f035f
034703470347034f
033703370337033f
03370337032f032f
00fd007cff3bfde2
014500fd00fd0105
03d0035f032f027e
01a6026e034f0398
007400ed01d60206
fe8bfeabfeb3ffcc
ffbcfed3fe22fe6a
00d50044004c0004
00ad0155011d00ed
009d00340054001c
007c00bd012500c5
ffdc009500b50165
ff0bff2bffbcff84
fe93fe5afe2afe4a
fddafe12fe52fec3
fec3fe8bfe12fdda
fe1afe32fec3feab
fe62fe62fe6afe0a
fefbfedbfe9bfe83
fe5afe83fe93fec3
fdfafe12fe42fe2a
fde2fdeafe12fdfa
fd9afda2fdbafdd2
0165fdf2fda2fd79
0377037f03880367
0377037703770377
036f036f036f036f
035f036703670367
0357035f035f035f
033f033f0347034f
033703370337033f
0337033703370337
00ed009dffacfe5a
0216012500f500f5
03c803c8035f031f
01d601ce02df037f
004400dd01be0226
fe6afea3fe32fee3
0004ff84fe8bfe2a
00fd0095004c004c
005c010d017500dd
00cd000c003c002c
00cd004c015500f5
ffec007c00dd014d
fed3fefbffccffbc
fea3fe62fe3afe5a
fddafe0afe62fe8b
fed3feabfe32fde2
fe22fe2afeabfeab
fe72fe62fe72fe2a
ff0bff03fec3fe9b
fe52fe9bfe8bfef3
fde2fe0afe1afe42
fdd2fdcafde2fdfa
fd82fd9afdaafdca
ffecfda2fd92fd61
037703770388030f
03770377037f037f
036f036f036f036f
036703670367036f
03570357035f035f
033f033f0347034f
0337033f03370337
0337033703370337
00f50095ffacfe5a
02c701c6011d00f5
03a003d003b0034f
01f6020e024e033f
ffb400bd0155023e
fe32fe93fe8bfe0a
002cfffcfef3fe52
01050115007c006c
003400a5014d013d
00dd006cffec0054
0115ffec010d0115
0004005400ed014d
fed3ff23ffbc0004
fe93fe72fe52fe62
fdeafe02fe62fe62
feb3fecbfe5afe1a
fe1afe1afe83fe83
fea3fe6afe7afe32
ff33ff23fee3feb3
fe5afeabfeabff33
fde2fe1afe1afe2a
fdcafddafdcafdda
fd69fd92fdaafdca
feabfd9afd61fd61
036f036f0377025e
03770377037f0388
036f036f036f036f
036703670367036f
03570357035f035f
033f033f0347034f
0337033f03370337
0337033703370337
00ed00b5ffecfea3
030f02260196011d
036f03b803c00388
01b601be01ee02cf
fe83004400d501ee
fe62fe4afec3fdba
005c0014ff94fe8b
0135015500ed0095
000c004c00f50165
00fd00cdffcc003c
01860014008d017d
ffdc005400d50165
fec3ff1bff7b002c
fe93fe7afe83fe72
fe0afe0afe52fe52
febbfeebfe83fe32
fe1afe0afe5afe83
feb3fe72fe83fe32
ff4bff4bfefbfecb
fe72feb3feebff63
fddafe02fe12fe0a
fdd2fddafdc2fde2
fd69fd92fda2fdba
fde2fd92fd41fd69
036f035f03470135
0377036f037f0388
036f036f036f036f
035f035f0367036f
0357035f035f035f
033f0347034f0357
033f033f03370337
0337033703370337
011d00cd001cfeeb
033f027601ee0196
0327039003d803b0
01e6017d01c60216
fdaaff0b008d00e5
fe6afe83ff0bfe32
008d0024ffd4fef3
016d0135013500bd
005c0004009d00f5
012500ed0004ffcc
019e0054ffec0165
ffd4006400dd0186
fe83ff43ff84003c
fe83fe6afe6afe6a
fe1afe1afe32fe22
fedbff03feabfe42
fe22fdfafe32fea3
feabfe62fe7afe3a
ff94ff73ff33fef3
fe9bfed3ff3bff94
fdf2fe0afe12fe2a
fdb2fdbafdaafdda
fd61fd82fd9afd9a
fda2fd79fd29fd51
036f035f02e7ff84
0377036f037f0388
036f036f036f0377
035f035f03670367
0357035f035f035f
03470347034f0357
033f033f033f033f
0337033703370337
017500f50044ff3b
036702bf01f601ae
029f035f03c803b8
017501ae01ae01ee
fdc2fe02ffac007c
fe72fe7afefbfebb
00bd0074ffccff9c
0155016d014500ad
00850054003c00b5
014500e50054ff73
0145fffcff4b0115
ffe4005400b50155
feb3ff53ff43001c
fe62fe83fe62fe7a
fe2afe2afe1afe02
ff03ff1bfec3fe52
fe3afdf2fe42fea3
feb3fe72fe7afe3a
ffc4ff9cff5bff13
fec3fed3ff73ffbc
fdf2fe22fe1afe42
fdcafdb2fda2fde2
fd59fd79fd92fd92
fd8afd59fd29fd59
0367036f023efe62
037703770377037f
036f036f036f0377
035f0367035f035f
03570357035f035f
034703470347034f
033f0337033f033f
033703370337033f
019601250074ff84
0398031f022e01b6
0226030f03a003b8
011501b6016d01be
fe7afde2fe72004c
ff23fe2afedbff73
00ad00bd0014ffd4
00ad019e015d00f5
006c005c000400b5
015500e500a5ff63
0125ffdcff1b005c
ffe4006c00b50125
fed3ff5bff1bffec
fe5afe83fe52fe72
fe3afe3afe32fe12
ff0bff23fed3fe72
fe4afdfafe62fe9b
fec3fe83fe6afe52
ffdcffa4ff63ff33
fedbff0bffbcffdc
fdfafe0afdf2fe3a
fdcafd9afdaafdda
fd59fd79fd8afd79
fd79fd39fd29fd59
035f035f018efdfa
0377037f03770377
036f036f03770377
035f036703670367
0357035f035f035f
0347034f034f034f
033f0337033f033f
03370337032f0337
0196018600adffcc
03a80347027e0186
01b6029f034f03a8
00ed014d016d015d
ff0bfe7afe02ff0b
ffc4fe83fe42ff2b
007c00bd004cffbc
006c0135019e015d
ffdc00dd002400a5
011500fd00a5ff8c
00ddffbcff03ffa4
fff4005c009d00d5
fec3ff33fef3fffc
fe4afe72fe2afe3a
fe52fe52fe32fe12
ff1bff2bfef3fe93
fe32fde2fe5afec3
fec3fe9bfe83fe6a
ffdcffacff7bff2b
fed3ff53ffccfff4
fdf2fdf2fdf2fe52
fdcafd8afdb2fdca
fd49fd69fd79fd79
fd59fd39fd29fd51
036f03270044fdaa
036f037f03770377
036f036f036f036f
035f036703670367
0357035f035f0357
0347034f034f034f
033f033f033f033f
033703370337033f
0175018e00fdfffc
03a8033f02a701fe
01a601fe02f70367
ffcc013d0155013d
ff03ff43febbfe5a
ffb4ff3bfe3afe83
00e5006c0085ffcc
008d00bd01b601d6
ff4b008d00340034
009d012d00c5ffec
0064ff63fedbff23
003c006400640085
fe9bff13fedbfffc
fe52fe62fe12fe3a
fe5afe6afdfafe0a
ff33ff3bff03feb3
fdfafdeafe4afedb
fedbfea3fe6afe6a
ffecff9cff7bff33
febbff8cffdc000c
fdfafe02fe02fe6a
fdb2fd69fdaafdda
fd51fd79fd71fd71
fd49fd31fd31fd51
035f027efeebfd8a
036f037703770367
036f036f03770377
035f036703670367
03570357035f035f
03470347034f034f
033f0347033f033f
03370337033f033f
01860165010d003c
0388035f029f0226
013d01be026e0327
fee300c500dd0105
fe83ff7bffa4feeb
ffacff5bff03fe93
018e0064007c0044
004c00ad01350206
fef3006c00b5ffec
001400cd00dd003c
fffcff63fe93fedb
002c0064004c0034
fe93fee3feb3ffe4
fe5afe83fe02fe52
fe72fe52fdd2fe02
ff1bff53ff1bfebb
fde2fdf2fe4afef3
fedbfe83fe52fe62
ffccff8cff7bff2b
febbff94ffdc0004
fe12fe0afe12fe7a
fd92fd61fdaafdea
fd59fd71fd82fd69
fd39fd29fd39fd41
0347019efe02fd71
036f03770377036f
0367036f03770377
035f036703670367
034f0357035f035f
034703470347034f
033f033f033f0347
0337033703370337
01be016d00fd006c
034f037702d70236
00950186020602cf
ff23001400a500cd
fe1afee3fffcff94
002cff53ff1bff13
01f600bd002c006c
fffc009d00a501c6
ff03ffec0024002c
ff8400b500cd0074
ffc4ff33fe3afe72
0044006c0044ffec
feabfeb3fe9bfffc
fe52fe93fdf2fe4a
fe72fe42fdbafdf2
ff33ff43ff0bfea3
fd9afde2fe62ff1b
fecbfe7afe72fe4a
ff9cff8cff5bff03
ff03ff7bffbcffcc
fe02fe0afe1afe7a
fd92fd59fda2fdea
fd71fd79fd71fd61
fd21fd21fd31fd41
03270074fdbafd69
0377037f0377036f
0367036f036f036f
0357036703670367
034f0357035f035f
0347034703470347
033f034703470347
032f032f032f032f
019e019e0115009d
031703670327025e
006400e501ae023e
ff3bff8400bd00c5
fe93fe12ff730044
008dffd4fefbff43
0206016500040004
0004006c0095011d
ff4bff53ffe4001c
ff4300a5010d00bd
ff7bfedbfdfafe42
005c006c002cffac
febbfea3fec30044
fe5afe7afdeafe83
fe72fe42fdb2fdf2
ff84ff53feebfe9b
fd92fdeafe7aff43
feb3fe4afe62fe12
ff9cff7bff2bff1b
ff2bff6bff8cff9c
fdf2fdfafe12fe7a
fd9afd61fdaafdea
fd69fd71fd71fd71
fd21fd21fd29fd49
029fff2bfda2fd51
0377037703770367
0367036f036f036f
035f035f03670367
0357035f035f035f
034703470347034f
033f03470347034f
032f032f03370337
01be017d014d00ad
029f0337035f02af
004c0024015501a6
003cff8c003c00ed
fef3fe1afe83ffe4
000c003cff63ff0b
01b601ce00adffe4
002c001c00b5009d
ff73ff6bffd4ffd4
fed3004c0115009d
ff33feabfe32fe02
00540064ffecff7b
febbfea3fed3009d
fe7afe5afdbafe9b
fe72fe02fd8afdf2
ff7bff4bfee3feb3
fd9afdeafe9bff4b
fe9bfe2afe52fde2
ff8cff6bff13ff0b
ff84ff94ff9cff9c
fdeafde2fe22feb3
fd82fd71fdbafdf2
fd59fd61fd51fd71
fd19fd19fd29fd41
0186fe42fdcafd39
03770377036f034f
0367036f036f0377
035f035f0367036f
0357035f035f0367
03470347034f034f
033f033f03470347
0337033f033f033f
01ee0155014d00dd
01be02d7034f02ff
00bdffcc00b50186
0054005c00040085
feabfee3fe4afed3
ffbc002cfff4ff53
012d01f601750024
ffe4ffcc003400c5
ffecff53ff63ff6b
fe930014010500c5
ff23fecbfe4afdca
003c00540004ff43
fe8bfe6afee300a5
fe72fe12fdcafebb
fe72fdbafd82fe12
ff63ff1bfefbfe93
fda2fdfafea3ff43
fe6afe22fe32fdaa
ff9cff53ff03fee3
ff8cffb4ffb4ffb4
fdeafddafe42fed3
fd61fd69fd9afdfa
fd51fd49fd49fd51
fd19fd11fd29fd49
001cfe1afdcafd31
037f036f036f0307
036f036f03770377
035f035f0367036f
034f0357035f0367
0347034f034f034f
0337033f03470347
0337033f033f033f
024e0145015500fd
017501f60307032f
00fd003c00140115
ff1b00ad0054009d
feebfed3fec3fea3
ffe4fff4fffcff84
00e501e601e600d5
ff94ffecffc400ad
ffdcff5bff23ff03
fe5affc400fd009d
ff2bfee3fe32fdb2
004c000c0004feeb
fe42fe52ff6b009d
fe62fdcafe2afebb
fe42fd71fdaafe4a
ff2bff33fee3fe9b
fda2fe22febbff4b
fe2afe3afdf2fd71
ff94ff2bff03fec3
ff9cffbcffb4ffc4
fdeafdd2fe3afef3
fd61fd79fd92fde2
fd51fd49fd59fd51
fd19fd11fd29fd39
ff73fe5afd92fd29
037f036f0367025e
036f036f0377037f
035f035f035f036f
034f034f0357035f
03470347034f034f
033f033f033f0347
033f033f033f033f
02bf0155013d00f5
014d016502360307
0125009500440034
fe83ffe400b5008d
ff4bff33fe9bff1b
00a5ffcc0014ff5b
00dd01350226015d
fedbffbcffa4fffc
000cff43fef3fedb
fdeaff6300c500d5
ffa4ff0bfe22fdaa
002c0024ff43ff23
fe52fe3affdc0095
fe1afd9afe7afebb
fdc2fd59fe02fe72
ff5bff43fecbfea3
fd9afe62fed3ff73
fe1afe42fdbafd41
ff8cff03fefbfe7a
ffacffccffc4ffb4
fdcafde2fe6aff1b
fd49fd71fdaafdd2
fd51fd49fd51fd51
fd21fd09fd31fd39
ff0bfe93fd82fd29
037703770327013d
036f036f03770377
0367036703670367
034f03570357035f
034703470347034f
0347033f03470347
032f03370337033f
02ff0226013d0115
00c5014d01a60297
00e5011500340014
fefbfebb00ad0074
ff13ff3bff23fedb
00f5002c0014ff8c
007400e501ce01be
fedbff43ffd4ff94
0034ff43fee3feeb
fdbaff43007400ed
0064ff43fe2afdaa
000c001cfec3ff63
fdfafe83002c00b5
fddafdd2feb3fe52
fd41fda2fe62fe7a
ff4bff1bfedbfe32
fdbafe72feebff6b
fe22fe22fd69fd39
ff63ff13fee3fe32
ffbcffd4ffbcffac
fdaafe02fecbff63
fd59fd61fda2fdca
fd51fd41fd51fd49
fd21fd11fd29fd49
fee3fed3fd61fd19
036f036f027e0034
036f036f036f0377
0367036703670367
03570357035f035f
03570357034f034f
0347033f03470347
032f032f03370347
02c702c701ce012d
007400dd01750226
0064015500a50014
ff5bfeb3ff330115
ff4bfee3fee3fefb
014d00dd0014ff73
ffe4010d011501ce
ff0bfe8bffc4ffe4
008dff63ff13fed3
fdbafedb002c010d
00ddff73fe3afdb2
001cff43fe9bfffc
fdcaff1b005400bd
fdaafe52fe72fdea
fd51fe32feb3fe4a
ff6bff2bfe93fd69
fddafe62ff13ff0b
fe52fdd2fd29fd59
fef3ff0bfeabfe3a
ffc4ffacff8cff6b
fdaafe52ff13ff7b
fd61fd61fd9afdc2
fd49fd31fd51fd59
fd11fd09fd31fd61
ff03fecbfd49fd19
036f03470196ff73
036f036f03770377
035f036703670367
03570357035f035f
034f035703570357
0347034703470347
032f032f03370347
02b702df0266018e
005c00bd011d01d6
0125008d01750044
ff6bff6bfeab0034
ff33ff0bfee3fe4a
019600ed004cff84
000c00bd011d0125
fea3fe3afeeb0054
009dff6bff53fea3
fde2fe93ffe400ed
0135ffc4fe5afdba
001cfeb3ff0b0074
fe1aff84009d0095
fdbafe7afe22fdda
fdd2fe8bfeabfdea
ff4bfe83fd82fd29
fe1afebbff63ff53
fe1afd51fd29fdaa
fed3fec3fe42fe3a
ffccff7bff6bff13
fdb2fea3ff43ffbc
fd51fd61fd92fda2
fd41fd29fd41fd59
fd19fd01fd29fd61
ff8cfe8bfd39fd29
036702d700bdff3b
036f036f036f036f
035f036703670367
035f035f035f0367
034f034f03570357
0347034703470347
0337032f03370347
022602ef028f01de
0085009d00bd0186
0135011500fd0186
fe32ffa4ff84ff33
ff13ff03feebfe22
019600ed007cffc4
0014001c015d0105
fe72fe9bfe1a0014
00c5ffb4ff6bfeab
fde2fe5affbc00dd
0186001cfe8bfdca
ff8cfe62ffcc011d
fe9bffe400dd0024
fe0afe32fdf2fde2
fe6afebbfe42fd9a
fe12fd51fd31fd9a
fe3afecbfef3fecb
fd9afd11fd51fdda
febbfe5afdf2fe42
ffbcff63ff23fe9b
fdd2fef3ff9cffe4
fd51fd51fd9afda2
fd39fd21fd31fd71
fd19fd09fd29fd61
006cfe6afd39fd21
035f022600adfeeb
0367036f036f036f
0367036703670367
0357035f035f0367
034f035703570357
0347034703470347
032f033703370347
01b6027602c7022e
0135009d007c0145
000401b6011d0196
fdd2fe83ff1bff7b
ff3bfeb3ff13feeb
00ed017d00850085
002cffdc00f50165
fe5afed3fe12ff3b
00d5ffecff5bfecb
fdbafddaff8400dd
01b6008dfed3fde2
feabff0b007c01be
ff630085009dffc4
fe52fdfafdaafe42
fe93fe6afd92fd92
fd49fd29fd92fe32
fdfafe32fdc2fd82
fd21fd39fd82fdaa
fe5afe02fe3afdba
ffbcff53fe9bfe42
fe52ff63000c002c
fd51fd71fd92fdb2
fd41fd21fd21fd79
fd19fd11fd31fd61
006cfe0afd29fd29
032701de00a5fef3
036f036f036f036f
0367036703670367
034f035703670367
0357035703570357
0347034703470347
0337033703370347
01c6020602cf02cf
01a600dd008d010d
ffcc00e501550145
fdeafe72fe32ff13
ffe4fecbfed3ff2b
00cd014d00fd0095
0034001400950145
fe42fecbfe4afe52
00b5ffecff4bfefb
fe1afde2ff230095
01e600f5ff33fe0a
fe930054014d0206
004400bd0004ff43
fe2afda2fe02ff1b
fe32fd82fd69fe12
fd39fdaafe2afe52
fdaafd79fd51fd29
fd39fd82fda2fdaa
fddafe02fda2fd19
ffb4ff13fe52fe22
feb3ffa4001c001c
fd41fd69fd8afdca
fd41fd21fd19fd69
fd19fd19fd41fd61
0044fda2fd21fd19
02af019e0014ff9c
036f036f036f0377
0367036703670367
034f035f03670367
034f035703570357
033f034703470347
033703370337033f
01c601c6024602f7
015d016d00c500dd
ff6b005c015500cd
fe32fe02fe52fdea
005cff73feb3feeb
015500bd01650085
ff8c006c004c00ed
fe93feb3feb3fe02
00b50004ff6bff2b
fe22fde2fecb0064
021e016dffb4fe32
ffa4015501ce023e
00ad0024ff53ff03
fd9afd8afeb30034
fda2fd61fdcafe22
fdbafe12fe2afe12
fda2fd51fd39fd59
fd69fd92fdbafdea
fd69fd39fd01fd31
ff1bfe72fe4afdaa
fec3ff5bff94ff73
fd41fd61fd82fdea
fd39fd21fd11fd59
fd21fd19fd41fd51
ffecfd69fd31fd01
01ee0196ff7b002c
036f036f03770357
0367036703670367
034f03570357035f
0347034f034f034f
033f033f033f0347
032f032f0337033f
019e019e01b6029f
0085018e012500d5
fe3affd4011500cd
fe72fdfafe72fdc2
0064fffcff0bfed3
014d011d00ed011d
fec30074001c009d
fee3fe9bff23fe1a
009d0034ff6bff73
fe2afddafe830074
021601a60034fea3
00ad019601ee0236
0014ff33ff2bff4b
fd71fe0affbc00bd
fd82fdbafe0afdaa
fe2afe22fde2fda2
fdbafdaafd9afdd2
fe02fe6afe62fe12
fcf1fce9fd29fd82
fe42fdeafd69fd09
fe7afed3ff03fee3
fd39fd59fd79fdfa
fd31fd11fd09fd49
fd19fd29fd49fd41
ff53fd59fd31fd01
019e0145ff1b0034
036f037703770317
0367036703670367
03570357035f0367
034f034f034f034f
033f034703470347
033703370337033f
019e019e0155022e
001400b5017d00fd
fdc2fe9b001c00e5
fe72fe02fe0afdd2
00e5ffecffbcff23
00ed016d00f50186
fe4afffc00040034
ff23feabff4bfe7a
006c001cff43ff6b
fe2afde2fe7a0085
0186014d001cfea3
005400fd016d01a6
ff03fec3fecbff3b
fde2fee3ffb4ffbc
fdf2fe12fdc2fd8a
fef3fea3fe22fdba
fe3afe7afe8bfecb
ff73ff7bfef3fe4a
fcf1fd21fdd2fecb
fd49fd21fd01fce9
fe12fe1afddafd79
fd31fd59fd82fdd2
fd29fd11fd11fd59
fd11fd29fd51fd51
ff13fd51fd31fcf1
01e600a5ff33005c
03670377036f02a7
036703670367035f
0357035f035f0367
034f03570357034f
033f034703470347
03370337033f033f
017d01e6018e019e
0074003c0155011d
fd9afe02ff3b00e5
fedbfe12fe72fdf2
017d005cffbcffc4
00a50115012d00ed
fe2aff4b003c0024
ff6bfe9bff5bfed3
0054000cff43ff63
fdaafdb2fe6a0054
00c50074ff7bfe32
ffb4003400a500dd
fe93fe83fe93fefb
fe62fecbfed3febb
fea3fdfafdaafe02
ffdcff3bfe8bfe93
ff53ff9cffb4fff4
ffecffc4ff5bff23
fd71fe4aff33ffb4
fd31fd11fd09fd11
fd9afd82fd71fd59
fd21fd59fd79fd9a
fd29fd11fd19fd59
fd09fd31fd49fd51
feb3fd51fd29fcf1
0216004c000c00a5
0367036f034f0206
0367036703670367
0357035f03670367
034f034f034f034f
033f034703470347
03370337033f033f
018601c601b6010d
004c004400ed0165
fd8afdc2fe7afffc
ff73fe22fe42fe02
016500ddffa4ffac
002c00a5012d00e5
fe32fed30034ffe4
ff73fe93ff33ff33
0044fffcff43ff84
fd8afd92fe4a001c
00850024ff53fe52
ff6bffc4001c0064
fea3fe93fec3ff1b
fe8bfea3febbfeab
feb3fe2afe32fe83
0044ffd4ffbcff84
0054008500b500b5
00040014000c000c
fe62feebff53ffc4
fdbafd92fd9afdda
fd82fdaafde2fdda
fd19fd61fd71fd71
fd19fd11fd19fd51
fd09fd31fd41fd41
fe4afd49fd11fcf1
01f6ffe4008d00b5
0367036702ef019e
03670367035f0367
0357035f03670367
034f034f034f034f
033f0347034f034f
032f032f0337033f
01350196018e0155
0014fffc00bd01a6
fdbafd79fe1aff43
ffa4fee3fe3afe72
00e501550014ff53
ffec002c00ed0125
fe93fe72ffcc0024
ffa4feebff03ff94
ffecffbcff33ff9c
fdf2fdb2fe52000c
012d00f50014fefb
0034006c009500e5
ff84ff94ffcc0004
ff33ff63ff8cff8c
ff0bfec3fed3fef3
00d500a50074ffcc
00bd00e5010d010d
000400440054007c
fea3fedbff23ff8c
fde2fdeafe22fe83
fdd2fdf2fdfafdea
fd21fd61fd8afda2
fd09fd09fd11fd49
fd19fd31fd41fd39
fe02fd51fd09fcf1
0175ff9c0115009d
036f036702870196
0367035f035f036f
0357035f03670367
034f034f034f034f
033f03470347034f
032f033703370337
01be01ae016d018e
000cff94002c019e
fdc2fd59fdbafe7a
ff13ff8cfe93fe83
011d00f5010dff9c
0024ffd4009500bd
fee3fe5aff2b0024
ffdcff73fee3ffdc
ff9cffacff33ff94
fe72fdfafe32ffd4
01a6017500bdff84
00bd010d014d0196
002c004400640095
0044005c0054003c
ffccffbcffd40004
0135010500bd002c
00c500fd012d0145
000c003c005c0085
fe62feb3ff23ff94
fe62fe32fe32fe4a
fea3fec3febbfe9b
fd31fd79fdd2fe42
fd01fd11fd11fd39
fd19fd39fd41fd29
fdd2fd41fd01fcf1
00a5ffe4019e005c
0367035f022601a6
035f0357035f036f
0357035f035f035f
034f034f034f034f
033f033f0347034f
032f033703370337
025e020e01b60145
ff5bff84ffac00e5
fde2fd71fd61fe42
ff33ff1bff03feab
009500c5012d00cd
0004ffac002c0095
ff73fe52fedbfffc
fffcfff4fecbffbc
ff73ffa4ff1bff73
fe93fe12fe22ff8c
018e015500b5ff94
00ed013d017d01a6
004c0054008d00c5
00b500a50085005c
00b500a500a500b5
0145012d010d00cd
00cd0115014d015d
ffec002c004c0085
fe9bfed3ff13ff73
ff33fee3feabfe8b
ff23ff4bff5bff5b
fd29fd82fe12febb
fd01fd01fd11fd39
fd19fd39fd49fd31
fdbafd41fcf1fcf1
0004004401ee0034
036f034f020e01ae
0347034f03570367
034f0357034f034f
034f034f034f034f
033f033f0347034f
032f033703370337
01ee029701fe01be
fedbffa4ff530034
fe2afd9afd41fe02
0034ff2bff03ff3b
002c00bd00f5010d
0004ffecffac009d
ffc4fe72fe9bff94
001c0014fee3ff94
ff8cff6bff2bff5b
fe93fe32fe22ff8c
013d010d0074ff84
009500e501250145
005c007400850095
00bd00ad0074004c
00fd00f500e500d5
014501550135011d
00cd01150155015d
ffbcfffc003c0085
fec3fed3fef3ff4b
ffccff7bff13fecb
ff33ff73ffacffcc
fd31fd79fe12fedb
fd11fcf9fd09fd41
fd19fd31fd49fd39
fda2fd49fcf1fcf1
ffe400f501deffe4
03770327020e016d
033f034703570367
034703470347033f
034f034f034f034f
033f033f03470347
032f03370337033f
0125029702bf01d6
fe62ff5bff63ffd4
fe8bfdaafd41fda2
0085ff6bfefbff03
0085000c013500ad
ffd4001cff4b0024
000cfedbfe8bff33
00240054ff7bff3b
ffb4ff2bff23ff0b
fe93fe42fe32ff94
fff4fffcffdcff4b
ff1bff94ffd40004
0034ffc4ff43ff0b
00b50085003c003c
00fd00e500d500c5
016d016d015d0135
00c50115015d0175
ff63ffb40004006c
fef3fecbfee3ff1b
ff5bffb4ffb4ff4b
fe3afe4afe83fee3
fd41fd69fdd2fe2a
fd19fcf9fd09fd49
fd21fd39fd41fd41
fd92fd41fce9fcf1
0034019e018eff2b
036702e701a60125
03470347034f0367
0347033f033f0347
034f034f034f034f
0347034703470347
033703370337033f
00ad0216032702b7
fdfaff13ff73ffa4
fecbfdd2fd59fd82
0064002cff1bfeab
0095fffc009d00fd
ffb4002cff23ff7b
fff4ff4bfe83fedb
0044004cffb4fef3
ffacfedbff1bff13
fe72fe4afe2aff5b
fecbff03febbfe93
fdf2fe83fe93fe93
fedbfe32fddafdda
009500540024ffb4
011d00dd00b500ad
018e018e017d014d
00bd011d016d0196
ff0bff5bffd4005c
ff6bfefbfed3feeb
fdcafec3ffbcffec
fd69fd51fd49fd71
fd29fd41fd79fd71
fd19fcf9fd01fd49
fd29fd41fd41fd39
fd8afd31fcf1fce9
00c501d6016dfee3
036702b701ae00dd
034f034f034f035f
034f034703470347
034f034f034f034f
0347034703470347
033703370337033f
001c018602ff034f
fdc2fe83ff6bff7b
febbfe32fd79fd71
009d0034ff8cfecb
ffec0044ffc400fd
ff63ffdcff6bfee3
ffdcffb4fe83fec3
004c005c0014fef3
ff8cfed3ff03ff13
fe02fe2afe42ff43
fe32fe02fe02fe12
fdbaff8cfe3afdfa
fea3fdfafd9afd79
00850034ff94feb3
013d00dd0095009d
01b601a6018e016d
00bd0125018601b6
fed3ff23ffac0044
ffd4ff43fee3fec3
fd29fddafeabff73
fdfafd92fd39fd29
fd29fd41fd69fd8a
fd19fd01fd11fd41
fd31fd39fd41fd31
fd79fd21fcf1fd01
016d020600f5febb
035f024e01650064
0347034f034f0357
034f0347034f0347
0347034f034f034f
0347034703470347
032f03370337033f
ffec015502a7033f
fdc2fe12fee3ff94
feabfe3afd9afd69
00d50024ffecff13
ff53003cffac003c
ff03ffacffa4febb
ff94ffdcfeabfeb3
0014007c005cff0b
ff9cfecbfefbfee3
fda2fddafe2aff1b
ff7bfe4afd71fda2
fd71ff33fea3fe93
ffc4fe62fdf2fda2
0054ffe4ff23ff6b
015500d50085007c
01ee01de01be0196
00b5013501ae01de
fe9bfedbff730024
ff7bffacff2bfec3
fd29fe12fe9bfe02
fe93fdc2fd61fd49
fd41fd59fd82fdea
fd29fd01fd11fd39
fd21fd49fd49fd39
fd71fd19fcf9fd01
01e601fe00b5fe5a
0357020e014d0044
034f0357035f035f
034f0347034f034f
034f034f034f034f
033f03470347034f
0327032f032f0337
ffe400d502460317
fdb2fde2fe6aff2b
fee3fe5afdbafd69
008d0034ffbcff5b
fefbffa4ffe4ffb4
fedbff63ffecfebb
ff53fff4ff13fea3
ffe40095006cff5b
ff53ff03ff0bfee3
fd41fd71fdf2ff13
003cff03fdd2fd79
fd51fe2afe62fefb
0044feb3fe02fda2
002cff63ff630014
016d00ed008d006c
0216020e01e601b6
00c5014d01c60206
fe83feabff3b000c
fea3ffc4ff7bfee3
fd09fd8afe32fe2a
feb3fe0afd8afd29
fd31fd49fd79fdf2
fd31fd09fd19fd31
fd19fd59fd61fd51
fd61fd11fd01fcf9
020601d60064fe3a
034f01e600e5006c
03570367036f035f
034f034f034f0357
034f035703570357
033f034703470357
03270327032f0337
ff9c00b501ae02cf
fdb2fddafe52fe62
ff13fe7afdbafd82
000c004cffd4ff5b
fe9bff2bffecff63
fec3ff4bff8cff13
ff13fff4ff4bfeab
fff400d50074fffc
ff2bff1bff0bfee3
fdaafda2fdfafeeb
005cff1bfe62fe02
fde2fe3afed3fff4
0095ff9cfe62fe12
ffe4ffd4ff7b001c
01a6010d009d0074
02460236020e01e6
00dd017d01ee023e
fe8bfe8bff13fffc
fe93ff2b000cff3b
fd61fdbafe93ff84
fecbfe9bfdf2fd8a
fd21fd49fd79fdda
fd29fd09fd21fd29
fd11fd59fd61fd59
fd59fd09fcf9fcf9
020601ee0034fde2
033701be005c0105
035f03670367035f
035703570357035f
0357035703570357
033f0347034f0357
03270327032f0337
fedb0064017d024e
fd9afdcafe3afdf2
ff0bfe83fdeafd82
ff73ffacffa4ff5b
feb3ff0bff84ffac
fea3ff1bff73ff9c
ff23ffbcff5bfea3
ffd400dd005c0064
ff2bfeebfeebfedb
fe42fe32fe62fed3
0054ffa4ff23fea3
fed3ff63002c00ad
0074005cff5bfee3
ffb4ffdcff84ffdc
01ee014d00e500a5
026e0266023e0226
010501ae022e0276
feb3fe83ff03000c
ff4bfed30034ffac
fe5afed3ff7bffec
febbff03fe93fe4a
fd39fd69fddafe3a
fd21fd11fd21fd29
fd11fd59fd61fd59
fd61fd09fcf9fcf9
01ee01c6ffb4fdb2
02ff016d002c018e
03670367035f035f
035f035f03670367
035703570357035f
03370347034f0357
031f031f032f0337
fe52ffac013d020e
fd8afdbafe12fdda
ff3bfe83fdfafd82
ff2bffb4ff2bff63
fecbfee3ff03ffbc
fea3fee3ff53ff6b
ff2bff7bff9cfea3
ff94011d0085007c
ff23fedbfeabfeb3
feabfeabfec3febb
00f50074ffbcff03
00a500fd0125011d
005c00850085008d
007c0034fffc000c
023e018e011d010d
02970287026e025e
012501d6027602b7
fedbfe8bff130034
004cffcc0044ffe4
ff6bffc4ffdc002c
fe8bfedbff0bff1b
fd39fd82fdfafe52
fd19fd21fd29fd31
fd11fd61fd69fd49
fd59fd09fcf9fcf9
0226017dff1bfdaa
02cf0155004401ce
036f035f035f0357
035f035f03670367
035703570357035f
033f03470347034f
032f0327032f0337
fe12ff1b007401ae
fd8afdbafe0afdd2
ff4bfeebfdf2fd92
ff7bff3bff8cfeab
fedbfec3fec3ff23
fe8bfec3ff53ff63
ff7bff23ffacfecb
ff2b015500bd005c
fee3fedbfe7afe83
ff23ff0bff03fec3
014500c50014ff73
0155017d01a60196
002c007c00dd0125
00fd006c001c0004
027e01ee01550145
02af0297028f028f
0145020602b702e7
ff03feb3ff3b0064
002400240064ffe4
ffbcffbcffdc000c
ff1bff6bff9cffac
fd39fd9afe1afeab
fd21fd31fd39fd31
fd19fd69fd82fd49
fd59fd09fcf1fce9
0226013dfec3fd92
02b7013d008d01ce
036f034f03570347
0357035f03670367
034f035703570357
033f03470347034f
032f032f032f0337
fdfafef3000400ed
fd9afda2fdf2fdd2
fea3ff13fe93fdc2
ff23feebff7bfec3
fefbfedbfec3feeb
fe9bfea3ff23ff6b
ffd4ff0bffb4ff13
fed3014501050064
feabfedbfe6afe7a
ff8cff5bff3bfedb
013500f5008dfffc
013d016d016d015d
004c008500d5010d
014500cd00740054
029f023e01ae0175
02bf02a7029f029f
0175022e02e702f7
ff23fedbff8c00b5
003c00540074ffe4
002400240034003c
ff3bff9cffe40014
fd51fe12fe7afecb
fd31fd59fd69fd49
fd29fd71fd8afd51
fd51fd09fcf9fcf1
021600c5fe83fd82
028f00c500ad01f6
0367034f035f031f
035f035f0367035f
034f034f034f0357
034703470347034f
032f03370337033f
fe1afed3fffc009d
fdcafdc2fdcafdaa
fe62fec3febbfe32
ff03fefbfefbff13
ff5bfe8bfec3feab
febbfedbfef3ff6b
003cff0bffa4ff7b
fe9b00c50165007c
feabfecbfe7afe93
ffd4ff8cff6bfefb
01a6018e011d0074
0175019e01b601be
00e500f5011d014d
0196015d011500ed
02b7027e020e01b6
02bf02af02af02b7
01a6024602f702f7
ff3bff0bffec00fd
008500950074ffdc
0074007c007c007c
ffc4000c0044006c
fd82fea3ff5bff8c
fd59fd71fd61fd59
fd31fd69fd92fd59
fd59fd11fd01fcf9
01ee004cfe2afd9a
0246004c00ad0236
03570357035f02ef
035f035f035f035f
034f034f034f0357
034703470347034f
0337033f033f0347
fe2afedb00140115
fe52fe32fdaafd79
fe62feb3fe4afe32
fecbff03fe9bff6b
ff3bfe83fe52fedb
feebfea3fed3ff4b
007cff23ff4bffd4
fe62002c018e0074
feb3fed3fe93fe72
0024ffb4ff7bff1b
020601ce017d00dd
01be01e6020e021e
016d0175018601a6
01ce01c601960175
02c702b7025e01f6
02bf02af02bf02bf
01be025e030f02f7
ff43ff530044012d
00a500a5005cffdc
009d009d0095009d
0034005c007c008d
fde2ff4bfff4001c
fd79fd71fd31fd61
fd31fd59fd8afd71
fd51fd11fd09fcf1
01d6005cfdf2fdaa
01ee00b500fd022e
034f035f034f02bf
035f035f035f035f
034f034f03570357
0347034f03470347
0337033f03470347
fe02ff1b001c010d
fde2fe32fdc2fd59
fee3fe72fe32fe02
fecbff03fee3fefb
ff94fec3fddafe9b
ff33fe72fea3ff23
007cff9cfef3ffc4
fe02ffa4019600bd
feabfebbfe93fe22
0085ffecff8cff1b
022601ee01a6012d
01fe0216022e023e
01ce01c601c601de
0206020601fe01de
02d702cf028f0236
02c702bf02bf02cf
01de0276031702f7
ff43ffbc009d015d
00ad008d0034ffbc
00a500b500b500ad
008d009d00a500a5
fe22ffd4006c008d
fd9afd69fd29fd59
fd39fd61fd82fd9a
fd51fd11fd09fce9
01550024fdeafdb2
01ce0105018e0206
034f035f03370276
035f035f035f0357
03470357035f035f
03470347034f0347
0337033f03470347
fdcafeeb002c00ed
fdf2fe02fdaafd59
ff53fe62fe4afe42
fedbfe93ff33fec3
ffc4feebfdeafe42
ff8cfe93fe9bfefb
0085ffdcfed3ff94
fdf2ff1b014d0105
fea3fe9bfe83fdea
00ed003cffacff23
0236020e01ce0175
022e022e02460246
0216020602060226
0236021e0226022e
02d702d702af0276
02cf02bf02c702cf
01f6028f031702f7
ff63000c00d5017d
00ad00740014ffa4
00d500d500d500bd
00d500d500d500d5
fe8b002c00b500dd
fdaafd49fd21fd8a
fd29fd59fd92fdb2
fd51fd11fd09fce9
010dfff4fddafd92
01d6015d01de01d6
0357035f0317021e
035f035f035f034f
035703570357035f
033f0347034f034f
0337033f033f033f
fd9afe83ffdc00cd
fe02fdf2fda2fd71
ff33febbfe4afe2a
fe83fe72fec3fee3
ffa4ff3bfe2afe12
ffbcfeabfe83fecb
007c0014feabff53
fe32fec300d50115
fe93fe9bfe72fe1a
0145008dffe4ff2b
02360226020601c6
023602360236023e
023e023e0236023e
02560236022e023e
02d702d702bf0287
02cf02bf02c702d7
020e029f032702ff
ff84003c00fd0196
00ad005cffe4ff7b
00fd00f500ed00d5
00fd00fd00fd00f5
fee3007c00c500e5
fdb2fd51fd41fd92
fd11fd51fd9afdba
fd41fd19fcf9fcf1
00edff9cfdd2fd82
019e01b6021e01c6
0357034f02df020e
035f0367035f0347
035703570357035f
033f0347034f034f
0337033f033f033f
fd71fe32ff7b00ed
fe22fe02fda2fd79
fedbff23fe6afe42
fe3afe83fe5afeeb
ff4bff9cfe8bfdea
ffa4feebfe6afe9b
005c002cfefbff0b
fe1afe320034010d
fe83fe72fe4afe2a
019e00ed001cff53
023e0246022601fe
023e0236023e0246
02460256024e0256
026e024602360236
02df02d702bf028f
02cf02bf02c702d7
022e02c7032702f7
ffac005c011d01b6
00a5002cffacff63
0115010500ed00d5
0115011d010d0105
ff1b009d00dd00f5
fdaafd51fd61fd79
fd09fd49fd92fdca
fd49fd39fcf1fce9
00bdff94fdbafd92
01be0216024e0186
0357034f029f01e6
0357035f0357033f
034f034f03570357
033f0347034f034f
0337033703370337
fd82fdeaff5b00b5
fe2afe32fdc2fd8a
fed3ff13febbfe42
fe32fe7afe32ff03
ff2bff9cff13fe6a
ff73ff2bfe62fe93
0054002cff53fedb
fdeafe02ff8c010d
fe7afe42fe32fe1a
0206015d005cff94
024e02560246023e
0246023e023e0246
022e024602460246
0276024e02360236
02d702d702bf0297
02cf02bf02bf02c7
026602f7032f02f7
ffbc0074014501de
00950004ff7bff53
011500f500ed00d5
0115010d010d0115
ff43008d00dd00fd
fdb2fd59fd39fd92
fd19fd51fd9afde2
fd39fd51fcf9fce1
0135ffb4fdc2fdd2
01ee022e025e019e
035f0347026601a6
034f035f034f034f
0347034f034f034f
033f0347034f034f
033703370337033f
fd8afdb2ff0b0064
fe42fe2afe0afdaa
ff43feebfee3fe5a
fe5afe7afe52fea3
ff13ff94ff23fe9b
ff2bff53fea3fe7a
004c0024ffa4febb
fde2fe02fedb00ad
fe93fe2afe1afdfa
022e01b600adffb4
0246024e02560256
0246023602360236
022e023e0246024e
0266024e0236022e
02bf02c702af028f
02c702b702b702bf
028f030f032f02ef
ffe400ad017501f6
0074ffe4ff5bff5b
00fd00f500e500c5
010d0105010d010d
ff84008500cd00f5
fdaafd51fd21fd9a
fd19fd59fdb2fde2
fd41fd41fcf1fce1
01b6ff7bfe02fde2
0226024e02360196
035f032f02460165
035703570347034f
0347034f034f034f
033f0347034f034f
033703370337033f
fda2fda2fe83ffdc
fe32fe0afdfafdfa
ff1bfed3feabfe8b
fe42fe9bfe83fe4a
fefbff73ff4bfe83
fefbff23fefbfe8b
005c0014ffe4fedb
fdd2fdeafe9b0024
fec3fe22fe22fdda
023e01e6010dffcc
024e024e02560256
02460236023e023e
022e023602460256
024e023e02360226
02a7029f027e0266
02bf02bf02bf02b7
029f031f032f02df
001c00f5019e020e
0054ffd4ff53ff73
0115010500e500b5
00fd010d011d011d
ff94007c00bd00dd
fd82fd29fd11fdb2
fd09fd51fdaafde2
fd49fd21fcf9fcf1
0155fe6afe1afdba
0246026e01f601ae
034f031702060186
0357034f03470347
0347034f03570357
033f034703470347
033703370337033f
fdf2fdaafe22ff33
fe32fe12fdfafe12
fe9bff43fe83febb
fe3afe4afe5afe52
feebff2bff73fed3
fecbfebbff23ff03
005c000cfff4feeb
fdbafdcafe32ff8c
fedbfdfafe02fdda
024601fe01550014
024e024e024e0256
024e023e0246024e
022e023e024e0256
02260216021e0226
028f026e023e0226
02bf02bf02bf02b7
02af033f033702d7
004c011501a60216
002cff8cff43ff8c
011500fd00dd00a5
00fd0115012d012d
ff73005c00ad00d5
fd79fd01fcf9fda2
fce9fd49fd9afdd2
fd61fd21fd01fcf9
003cfeebfe3afdb2
027e029f01ce019e
033f02ef01a6015d
0357034f0347033f
0347034f034f034f
033f034703470347
03370337033f033f
fe0afde2fe02fecb
fe1afe1afe0afdf2
fe2aff1bfe9bfe9b
fe2afe22fe32fe42
ff0bfeb3ff7bff1b
feabfe9bfec3ff9c
0044001cfffcff33
fda2fdc2fdfafeeb
ff0bfe0afdcafdca
023601f601860064
024e024e024e0246
02560256024e0246
0216022e0256024e
01de01e601fe0216
02870256020601d6
02cf02c702bf02b7
029f033f033702e7
0054011d01a60216
ffe4ff53ff7bffac
011d00fd00cd007c
00ed01050125012d
ff4b002c008d00cd
fd82fcf9fcf1fd9a
fcd1fd41fd79fd9a
fd71fd29fd01fcf1
004cffc4ff1bfdca
026e027e01c6004c
032702cf01960165
034f034f033f0337
033f034703470347
033f034703470347
03370337032f0337
fdf2fe22fe02fe72
fe22fe0afe32fdf2
fe2afed3fef3fe6a
febbfe62fe62fe12
ff53fee3ff4bff7b
fe9bfecbfe7aff23
ffec004c001cff6b
fd92fdb2fde2fe6a
ff53fe42fdc2fdc2
0236020601ae00cd
025e0256024e023e
025e0266025e0266
02060216023e024e
018601a601ce01f6
02a7026e0216019e
02df02d702c702b7
026e0307032702ef
005c011d019e0206
ff94ff94ffc4ffac
012500f500b5003c
00ed010d01250135
ff330004007400ad
fd69fcf9fcf1fdba
fcd1fd39fd79fd51
fd61fd29fcf1fcf9
0186ffa4fff4fe1a
028702660115ffcc
030702af01b601ae
034f034f03370327
034703470347034f
033f033f0347034f
033f033f0337033f
fe0afe1afe12fe42
fe32fe02fe3afdfa
fe1afe9bff33fea3
ff2bfe4afe4afdfa
ff84ff3bff3bff9c
fe7afecbfe8bfe7a
ff730054ffe4ff63
fd8afd82fd9afe02
ffa4fe8bfdfafdb2
023e021601d60115
02760266025e0246
02560266027e0287
01e601fe0216023e
013d015d018e01be
02c7029f024601be
02d702df02d702cf
023e02c7031702e7
0064010d018e01ee
ff7bffc4ff8cffa4
011500ed009d000c
00dd0115012d012d
ff0bffd4005c009d
fd41fce9fcf1fdba
fcd1fd29fd79fd19
fd82fd29fce9fcf9
01ceff7b002cfe4a
0256021e000c00ad
0307028f01de01de
0347034f032f030f
0347034703470347
033f03470347034f
033f033f033f033f
fe1afe12fe1afe52
fe52fdfafe2afe0a
fdc2fe83ff2bff0b
ff8cfebbfe5afe0a
fee3ffbcff23ff5b
fe42fe8bfeb3fe02
fedb0024ffecff1b
fda2fd71fda2fdb2
0014fecbfe32fde2
023e022601ee0155
027e026e025e0246
02460266027e028f
01c601ee02060216
013d011d01650196
02d702bf02760206
02af02c702cf02df
0206026602bf02a7
006400c5015d01b6
ff73ffa4ff6bffb4
011500d5006cffbc
00cd0105011d011d
fee3ffac003c0095
fd11fce9fce9fda2
fcd9fd11fd69fcf9
fdaafd21fcf1fcf1
01a6ff940044fe83
02460145001c01b6
0307026e01f601de
034703470327030f
0347033f03470347
033f034703470347
033f033f033f033f
fe12fe22fe22fe62
fe83fdeafe12fe2a
fdbafe42fecbff43
ff7bff23fe72fe1a
fe3aff6bffccff43
fda2fe02fe93fe3a
fe22ffacffc4fea3
fdfafd82fd69fd9a
008dff33fe62fe0a
024e023601fe018e
027e026e02660256
022e024e025e0276
01a601ce01ee01fe
017d01050135016d
02af02a702760226
02260266029f02af
01a601de020e020e
ffbc003400d50145
ff63ffacff7bff4b
010d00bd001cff6b
00cd00fd0115012d
fec3ff9400040074
fcf1fce9fcd9fd82
fce1fcf9fd59fcf1
fd92fd21fcf1fce9
0175ffbc0014fe5a
020e000400ad01fe
02ff025e01ce01a6
03470347031f031f
0347033f034f0347
033f033f03470347
033f033f033f033f
fe1afe1afe3afe5a
fedbfe0afe02fe5a
fdf2fe32fe7aff33
ff63ff4bfe72fe3a
fe32ff03ffe4fff4
fd41fdaafe4afe9b
fddafee3ff73fe42
fe4afdf2fd61fda2
00f5ffacfeb3fe3a
025e023e020e01b6
027e02760266025e
021602360256026e
018e019e01d601f6
01b6012d01250155
022e024e025e021e
015d018601c601fe
013d017501750165
ff43ffa4003c00cd
ff33ff53ff4bff23
012500bdfff4ff2b
00bd00e5010d012d
fe9bff6bfff4005c
fce1fce1fce1fd71
fce9fcf9fd41fcf1
fd51fd21fcf1fce9
01960034000cfe22
0155ffec01550216
02e70287020601ae
034f033f0327032f
03470347034f034f
033f033f03470347
033f033f033f033f
fe32fe12fe4afe5a
feebfe42fde2fe42
fdbafdeafe02fe93
ffdcffa4febbfe1a
fe83fed3ffb4002c
fd61fd51fddafe9b
fdfafe1aff03fe12
fe22fe22fd82fda2
01450034ff0bfe83
025e023e022601de
02760276026e0266
02060226024e026e
017d019601c601ee
01e60186014d014d
016d01ce021601fe
001cff7bff530085
00dd010d010500bd
fe62ff2bffc4005c
fefbff5bff2bfe62
013500c5fffcff1b
009500cd0105012d
fe7aff4bffbc002c
fcd9fcd9fce9fd69
fcd9fcf1fd31fce1
fd49fd21fce9fcd9
018e0014004cfe32
003c006c01be01be
02bf028f02260196
034f0337033f0337
03470347034f0357
033f033f03470347
0337033f033f033f
fe42fe22fe42fe52
feebfe93fde2fe0a
fdbafd8afddafe62
004c0034ff53fe32
fec3fea3ff9c0004
fd29fd41fd59fe3a
fddafdcafe4afdca
fe72fe22fdbafd8a
019600c5ff9cfeeb
02560246023601fe
025e026e02660266
01fe0216024e025e
017d019601ce01f6
022e01e6019e017d
00ad015d01c60216
009d001cff53ff6b
006c00d5010500cd
fe4afeebff73ffe4
fedbff43ff2bfe72
012d00d50024ff4b
006c00b500fd011d
fe62ff23ff940004
fcd9fcd1fce9fd71
fcc9fce1fd39fcd9
fd41fd29fce9fcd9
0175ffe40014fe12
ffbc011d01ee01ce
02af0276021e014d
03470337033f033f
0347034f034f034f
0347034703470347
0337033f033f033f
fe52fe0afe42fe3a
fecbfec3fe2afdea
fe02fd79fdd2fe4a
002c00540034ff0b
feabfed3ff3b0014
fd69fd31fd31fdc2
fdc2fe1afddafd9a
fef3fe52fddafda2
01d60145003cff63
0266025602460226
0266026e026e026e
0216022e02560266
019e01a601d601f6
0297024e01ee01be
00c5015d021e02a7
0175018e013d00ad
002400950115013d
ff2bff4bff43ffbc
ff0bff0bfee3fee3
011500cd0034ff84
003c009d00e5011d
fe62ff13ff63ffd4
fcd1fcc9fce1fd79
fce1fcd9fd39fcd9
fd39fd39fd01fce1
016d000cff4bfdea
007c01ce01de0216
02b70276021e00dd
0347033f0347032f
0347034f03570357
0347034703470347
03370337033f033f
fe4afe32fe32fe42
feebfedbfe83fe02
fefbfe02fdcafe3a
002c000c005cffc4
fe2afef3fefbffcc
fd79fd71fd21fd51
fdd2fe52fdd2fd71
ff6bfeebfdfafdda
01fe019600cdffe4
026e026602560236
026e026e026e0276
021e023e025e0266
01de01d601e60206
02e702af02460206
0216027602cf02f7
01f60216020e01fe
0024005400d5016d
ff23ff53ff84ffdc
ff53ff23fedbfedb
010500b50034ffac
001c009500d50105
fe52ff03ff4bffac
fcd1fcc1fce1fd69
fd11fcd9fd21fce1
fd39fd39fd19fd19
016d003cfeabfdea
00d501f601ce022e
02b70266021e0085
0347034703470317
033f034703570357
033f033f03470347
033703370337033f
fe42fe72fe32fe52
feb3fed3fecbfe4a
fed3fe5afe6afe4a
003c001cffe4fffc
fda2feabff3bff8c
fd61fd59fd59fd61
fde2fe02fdd2fd71
ffccff9cfe7afdea
021601d601450064
02870276025e0246
0276027e02760287
022e024e02560266
0226020601f6020e
02ff02e7029f0256
02af02e70307030f
021e025602760287
00dd009500ed018e
ff2bff8c000c009d
ff94ff6bff33ff0b
00e5009d003cffcc
fffc007400c500ed
fe3afef3ff33ff8c
fcd1fcc9fce1fd59
fd01fcc9fd21fcf1
fd31fd61fd49fda2
012d004cfe72fda2
013501fe0206020e
02af024e020e001c
033f034f033f031f
03470347034f034f
033f033f03470347
033f033f033f033f
fe42fe62fe52fe52
fee3fee3fec3fe72
ff13fe52fe2afe8b
fffc003cfff4ffdc
fd79fdeaff03ff8c
fd61fd39fd31fd82
fdf2fdc2fd92fd61
0034fffcff94fe3a
022601ee018e00dd
0287027e026e024e
02660276027e028f
023e024e0256025e
0266023602260226
030702ef02d702a7
02cf02ef03070307
022e02760297029f
017500cd00ed01a6
ff8cffdc0064011d
ffb4ff94ff84ff6b
00bd008d0044ffec
ffcc003c009500bd
fe22fee3ff13ff63
fcd1fcd1fcd9fd41
fd41fcc9fd11fcf9
fd39fd61fd61fe1a
012dffccfe2afd69
018e025601fe0206
02a7024e01beff8c
0347034f03370327
03470347034f034f
033f033f03470347
033f033f033f033f
fe62fe52fe6afe62
feb3ff43fee3fe83
ff63fe93fe7afe22
ffdc00440014ffe4
fd41fda2fe52ff33
fd41fd49fd51fd51
fe6afdbafd92fd71
00b500640054ff6b
023601fe01b60145
028f0287026e0256
026e0276027e0287
024e025e0266026e
029f026602560246
02f702f702e702d7
02cf02df02e702f7
024e028702a702b7
01be00f500f501ce
ffdc001c00ad0196
ffdcffbcffbcffc4
00950085005c0014
ff940004005c008d
fe12fec3fefbff3b
fcc9fcd9fce1fd21
fdfafce1fd19fd01
fd31fd69fdbafebb
0125ff3bfe1afd79
021e02bf01f601e6
02970216011dffbc
0347034f032f0327
034f034f0357034f
033f033f03470347
0337033f033f033f
feabfe72fe7afe72
fe72feebff43feeb
ffb4fe72fea3feb3
ffb400740034ffdc
fd19fd69fe12fe5a
fd51fd39fd49fd61
feebfde2fda2fda2
011500ad0095006c
023e020e01d6018e
0287027e025e024e
0276027e02870287
0266026e026e026e
02b7029702870276
02cf02d702d702df
02bf02b702af02bf
0287029f02a702af
01d6010d012d0206
0004004400dd01c6
0004ffecfff40004
006c006c00540024
ff6bffdc0024005c
fde2fe9bfee3ff13
fcc1fce1fcd1fce9
fe12fcf1fd01fd01
fd31fd79fe0aff0b
010dfee3fdf2fd92
029f029f024e01b6
026e01f6006c0024
034f03470327032f
034f034f034f034f
033f033f033f0347
033f033f033f033f
ff3bfecbfe8bfeb3
fef3fec3fefbfed3
ffdcfee3fe2afecb
fee3004c009dffec
fd31fd59fdeafe32
fd92fd69fd51fd31
fedbfddafdeafdc2
015500f500cd009d
023e022601fe01c6
027e026e025e024e
0276027e027e0287
02870276026e026e
02a7029f0297028f
02a702a702bf02b7
02a702af029f029f
028f02b702bf02b7
01c6014d018e0226
0034005c00cd01a6
001c0014001c002c
0044004c0044001c
ff33ff94fff4002c
fd9afe7afecbfeeb
fcc9fcd9fcc1fcc1
fdf2fcf1fcf1fd11
fd59fd82fe6aff2b
005cfe72fdeafdc2
02ff02b7026601a6
026e01f6001c00e5
034f033f032f032f
0347034f034f034f
033f033f033f0347
033f033f033f033f
ff33ff73fefbfeeb
fe7afecbfef3fe8b
ffdcff84fea3fe4a
fe83ff8c006c0074
fd11fd49fdfafe3a
fdcafdaafd61fd29
fdfafd61fde2fdea
0186012d00e50034
02460236020e01de
026e026e025e0256
026e026e0276027e
027e026e02760266
028f0287028f028f
02760287029f0297
0297027e026e0266
01ce023e029702af
013d015d016d0196
002c0034005c00ed
001c001c000c0024
00040014001c0014
ff03ff63ffbcfff4
fd41fe6afebbfec3
fce9fcc9fcb1fcb9
fdf2fcf9fce9fd29
fd82fd79fe4aff3b
ff8cfe0afdfafdf2
031702df024e01c6
02870206002401b6
034f0347032f031f
03470347033f0347
033f033f033f0347
03370337033f0347
feebff33ff84ff0b
fdeafe52ff03fec3
fffcffccff43fe6a
fe6afedb00140054
fd39fd59fdfafe52
fdcafdaafd69fd59
fd71fd39fdb2fdca
01a6014d00cdff6b
02460236021601e6
026e0276025e0256
02560266026e0276
026e0266027e026e
0266026e026e0276
022e024e025e0256
025e0256022e0226
005400dd018e021e
001c006c0034002c
ff63ff33ff43ff9c
ffe4ffdcffc4ffac
ffbcffd4ffe4ffe4
fedbff33ff84ffac
fd09fe32feabfebb
fd01fcd9fcb1fcb9
fd92fd01fce9fd31
fdb2fda2fe22ff0b
fec3fe22fdfafe0a
031f02e7026e01ae
02a701defff401f6
03570357032f0317
0347033f033f034f
033f033f033f033f
033f0337033f0347
fecbff23ff13ff6b
fe3afe02fecbff13
001cff9cff8cff13
fe7afed3ff84001c
fd51fd71fdeafe6a
fde2fdaafd71fd82
fd49fd51fd8afdb2
019e01450064fe93
02360226020601d6
02660266025e0256
025e026e026e026e
0266026e02760266
02260246024e025e
019e01ce02060216
00fd018e01b601a6
ff5bff7bffc4004c
fef3ff73ff53ff33
fe12fe12fe62fe8b
ff84ff4bff0bfe83
ff8cff9cffa4ffa4
fecbff13ff53ff84
fcc9fdaafe8bfeb3
fd01fcf1fcd1fcc1
fd92fd01fcf9fd29
fde2fddafe1afef3
fe52fe52fe0afe2a
030702c7025e0085
029f018e003c026e
035703570337030f
0347034703470357
033f033f033f033f
03370337033f033f
febbff43fef3feeb
fea3fe1afe6aff2b
002cffc4ffa4ff2b
fe8bfeabff1bffc4
fd49fd61fde2fe72
fdb2fde2fd8afd51
fd41fd49fd71fda2
0196011dff94fe1a
023e0226020601d6
02760266025e0256
0266027602660266
024e026602660266
01ee020e022e023e
008d00d5014501b6
ff13ff7b0004005c
fef3fefbfee3fee3
fe5afee3fefbfedb
fd8afdbafdfafe2a
fef3fe62fdfafdaa
ff63ff73ff6bff4b
feb3fef3ff3bff63
fca9fd19fe4afe9b
fd09fce9fce1fcc9
fd71fd09fce9fd19
fe12fdeafdeafe52
fe52fe72fe22fe42
030f02bf01fefff4
02970145008502b7
03570357033702e7
0347034703470357
033f033f033f033f
03370337033f033f
fedbff4bff03feeb
ff3bfeabfe5aff1b
0004fff4ffc4ff84
feabfe9bff0bff73
fd79fd69fdf2fe62
fdb2fdc2fdf2fdba
fd49fd39fd31fd92
0186006cfeabfde2
0246021e01fe01ce
0266025e0256024e
026e026e024e0256
0246025e025e026e
017501be020e0236
feebff63001400e5
fe22fdf2fe02fe7a
ff33ff53ff1bfe4a
fe22fe83fe9bfedb
fcf9fd39fd8afdfa
fe62fdbafd61fcf9
ff63ff63ff3bfeeb
fe9bfecbff2bff53
fcb1fcb9fdcafe83
fd19fce9fcd1fcc1
fd31fcf9fce1fd29
fe3afdf2fdd2fdca
fedbfe72fe3afea3
02ef02af019effb4
02d700dd00d502f7
034f0357031f02cf
0347033f033f034f
033f033f03470347
03370337033f033f
fef3ff73ff3bfedb
ff53ff3bfee3ff0b
ffbcffecff7bff94
fed3fe8bfedbff33
fe12fe02fe32fe7a
fdaafd79fde2fe22
fd41fd29fd19fd61
0115ff23fe42fdaa
022e021601ee01b6
02660256024e023e
026602660256025e
023e024e025e026e
0135019601ee0226
ff23ff6bff8c0064
fedbfef3ff33ff2b
ff7bff73ff3bfebb
fe2afe8bfe83fed3
fd19fd39fd69fdc2
fe22fd9afd51fd09
ff63ff5bff43fedb
fe93fec3ff13ff4b
fca9fc99fd31fe52
fd01fcf1fce1fcb9
fd39fcf1fce1fd29
fe7afe12fe02fdb2
ff5bfe7afe6aff2b
02ef027600edff43
02cf00b5016d02f7
033f032702ef02f7
0347033f0347033f
033f033f03470347
033703370337033f
ff1bff8cff4bfef3
ff03feabff9cff8c
ff84fff4ff8cff63
feb3fea3fedbff23
fde2fdfafe52fe7a
fdaafd69fd59fdd2
fd39fd11fd19fd51
ffccfe4afe0afd69
021601f601ce0165
025602460236022e
025e02660266025e
021e0236024e025e
018e01ae01ce01fe
008d00dd00f5012d
0095009500b50095
ff94fff400340064
fe6afed3feebff1b
fdb2fdeafe12fe32
fe83fdfafdc2fdba
ff63ff63ff5bff13
fe83feb3ff03ff43
fca9fc99fcb9fde2
fcf9fcf9fcf1fcc9
fd69fcf9fce1fd11
fec3fe2afe1afdd2
fefbfe8bff03ffec
02e7020600adff7b
02bf005401a602c7
032f03270317032f
033f033f03470337
033f033f033f0347
032f033703370337
ffe4ffe4ff8cff7b
ff0bfe1afe93ffbc
ff3bffb4ff94ff5b
feabfeabfeb3ff3b
fdeafde2fe1afe72
fd9afd69fd39fd82
fd21fd09fd11fd49
fe83fe1afdbafd61
01f601ce018e0064
0236022e02260216
023e023e0246023e
01f602160226023e
01e601d601ce01e6
00e5012501a601ee
008d007c008d00ad
ffe40034008d00cd
fedbff3bff63ff7b
fe2afe42fe72fe93
fed3fe62fe6afe62
ff53ff53ff5bff33
fe52fe93fedbff33
fcc1fca1fca1fd31
fd09fd01fcf1fcd9
fdaafd09fcf1fd11
ff03fe52fe0afdda
ff13feb3ff2b0054
02c701be000cffb4
028f004401d602a7
033f032f03270347
033f0337034f0347
033f033f033f0347
032f032f03370337
ffb40054ffc4ff3b
ff3bfe5afe6aff43
ff43ff84ff9cff53
fea3feabfe83ff2b
fdd2fdfafe32fe5a
fd59fd82fd61fd69
fd01fd09fd31fd61
fe2afdeafd82fd71
01c6019600cdff0b
020e0206020601e6
020e020e02160216
01d601de01f60206
021e01fe01e601d6
013d018e0206022e
0014006c009d00ed
ff73ff8cffe4fffc
fedbff23ff23ff43
fe0afe22fe62feab
ff13fecbfe8bfe32
ff3bff33ff2bff33
fdbafe7afeb3ff0b
fcc1fca9fca9fcc1
fd29fd09fd01fcd9
fdc2fd51fd01fd09
ff13fdf2fe0afdd2
ff2bfe6aff53009d
028f0196ff5bff7b
0216008d022e028f
0337031f033f034f
0347033f0347033f
033f033f033f0347
032f033703370337
ff4bffecffecffc4
ff1bfe9bfebbff53
ff2bff3bff8cff53
fe9bfe93fe8bff1b
fd8afe02fe7afe6a
fd19fd79fd69fd92
fcf9fd19fd41fd61
fe1afd9afdaafd59
019600fdff9cfe93
01e601de01d601be
01de01de01e601ee
01be01be01be01ce
021e01fe01de01c6
01a601ee021e0226
007400d5010d0155
ff73ffa4ffec0024
febbff03ff0bff23
fe4afe32fe42fe8b
ff23fef3feabfe7a
ff03ff0bff13ff1b
fd01fe1afe8bfed3
fcd1fcb9fcb1fca9
fd29fd11fd11fce1
fdc2fd8afd11fd01
fe6afd9afe3afdfa
ff8cfe4aff2b0085
0236013dff4bffac
018e0105025e02a7
032f032f034f033f
033f0337032f032f
0337033f033f033f
032f033703370337
ff6bff63ff7bffb4
ff23fe83ff0bff73
ff3bff33ff84ff63
fe9bfe93fe72fefb
fd92fdc2fe72fe8b
fcf1fd61fd8afd82
fcf9fd29fd59fd49
fdd2fd8afdb2fd49
0105fffcff2bfe8b
01be01b601ae0186
01b601c601ce01c6
01ae01ae01a601a6
01f601ee01d601c6
01de01e601f601f6
00dd013d018601c6
ffc40024007c009d
ff1bff5bffa4ffb4
fec3fed3fef3ff0b
ff13ff1bff03fedb
fed3feebff03ff0b
fca1fd61fe52fe9b
fce9fcc1fcb1fca9
fd21fd11fd29fce9
fdd2fda2fd49fcf1
fe4afdf2fddafdba
ff84fe9bfeabff2b
022600ddff8c001c
0125017d02360287
033f033703470337
033f033f032f0347
0337033f033f033f
032f032f03370337
ff73ff43ff63ffdc
ff1bfec3ff3bff63
ff1bff1bff63ff7b
feb3fe93fe6afedb
fd71fde2fe4afeb3
fce9fd39fdcafd49
fcf9fd39fd69fd51
fd8afdaafdb2fd41
0014ff9cff2bfe72
019e0196017500fd
01ae01b601b601b6
01a601a601a6019e
01c601c601be01ae
01b601be01c601c6
0125015d018e01a6
001c006400bd00e5
ffbcffbcffe4fff4
ff23ff33ff5bff94
ff03ff03ff0bff13
feabfed3feebff03
fca9fcc1fdcafe6a
fd01fcc9fcb9fca9
fd19fd21fd49fd11
fdaafdbafd71fd09
ff53fdfafd51fd39
ff73fefbfe42ff53
023e0125ffb4005c
00f501d6022e0246
033f033f03470317
033f033f032f0337
03370337033f033f
0327032f03370337
ff73ff84ff9cff73
ff1bff4bff43ff43
feebff0bff53ff53
fed3fe9bfe5afec3
fd69fdd2fe52feb3
fcd1fd49fde2fd51
fd11fd49fd82fd31
fd92fdd2fdc2fd49
ffccff9cff1bfe22
017d015d00e50024
01a601ae01ae019e
01ae01a6019e0196
019601a601a601ae
018e01960196018e
011d01350155016d
004c00a500f5011d
001c0014000c0014
ff33ff33ff7bffe4
ff03fefbff0bff13
fe93fec3fee3ff03
fcb1fc99fcf9fe0a
fd01fce1fcc1fcb1
fd01fd19fd59fd39
fd41fdb2fd92fd21
fff4fdaafd79fd19
ff6bfe8bfe520024
0246014dffe40044
00d50226024e020e
033f033f034702e7
033f033f032f0327
033703370337033f
03270327032f0337
ff63ff5bff43ff4b
ff94ff63ff13ff43
fec3fefbff43ff4b
fee3fea3fe6afecb
fd92fdc2fe52fe9b
fcf9fd71fdc2fd61
fd29fd71fd9afd11
fdb2fddafdcafd61
ffdcff94fed3fdaa
014d00c50034fffc
019e019e019e0186
01b601b601ae01a6
019601ae01a601b6
015d016501750186
012d0135013d014d
0004004400b50115
ffecfff4fff4ffec
ff33ff33ff5bffbc
ff13ff0bff13ff23
fe42feabfeebff0b
fcb9fc99fc91fd49
fd11fce1fcc9fcc9
fcf1fd11fd71fd59
fcf9fd71fda2fd59
ffa4fd69fd39fcf1
ff43fe4afeab0054
025600fd002c007c
00bd0246025e01ee
0347033f034702bf
0337033f03370337
03370337033f0337
03270327032f0337
ff3bff3bff3bff6b
ff84ff3bff2bff23
febbfef3ff23ff3b
fedbfebbfe72fecb
fd92fdcafe52fe52
fd19fd79fd71fd51
fd49fdaafd8afd11
fdeafde2fdcafd51
fff4ff84fe52fdc2
00c50044002c001c
01b6019e017d013d
01c601d601c601be
01ae01b601be01c6
015d0175019601a6
01350135013d013d
0004002c008d00fd
ffec0004000c000c
ff53ff53ff84ffc4
ff2bff23ff23ff43
fd8afe72fed3ff0b
fcc1fca9fc91fca9
fd31fce9fcd1fcd9
fd09fd09fd69fd82
fcd9fd31fd82fd82
fe72fd59fcf9fcd9
ff1bff23fed3001c
0216004c001c00ad
00cd023e0266020e
033f0337034702bf
032f03270337033f
03370337033f033f
0327032f032f0337
ff33ff63ff2bff84
ff6bff6bff23fe8b
feabfec3fefbff4b
fe72feb3fe93fec3
fd82fde2fe3afe3a
fd11fd92fd82fd9a
fd51fdbafd69fd11
fe1afde2fdd2fd51
0004ff33fdf2fe2a
006c004c004c003c
01ae0175011d00c5
01de01de01ce01c6
01d601de01d601de
019601b601ce01ce
011d014501650175
007c008d00b500f5
002c005c0085009d
ff8cff8cffc4fffc
ff33ff4bff53ff73
fcc9fde2feabff03
fcd1fcb9fc99fc91
fd41fce9fcc9fcd9
fd31fcf9fd59fd92
fce9fd01fd49fd79
fed3fd59fcf9fce9
ff13ff53fec3ff3b
01aefffc002c0054
008d0236026e024e
03370337033702af
033703270337032f
03370337033f033f
0327032f032f0337
ff2bff6bff23ff84
ff3bff3bfebbfe42
fe93fe93fefbff23
fe4afe62fecbfee3
fd82fe0afe32fe52
fd29fd92fd79fd82
fd59fd9afd51fd19
fe3afdfafdd2fd51
fff4feb3fe22fe62
00850064005c0044
015d010d00c500b5
01e601d601b6018e
01fe020601f601e6
01de01e601fe0206
016d018e01a601be
00e500fd0135015d
0064009500dd00ed
ffacffe400140034
ff23ff53ff84ff94
fc99fd01fe42fee3
fcd9fce9fca1fc99
fd59fcf9fcd1fcc9
fd39fd09fd51fd82
fcf9fce9fd19fd51
fef3fd39fd01fce9
ff94ff5bfe62fee3
01b6003c003cff9c
0044023e02a7027e
03470347033702af
032f032f033f0347
0337033f033f0337
0327032f032f032f
feebff63ff23ff84
ff1bfed3fe7afe52
feb3feb3feebff0b
fe22fe52fec3fee3
fdbafe3afe42fe42
fd51fd9afd79fd79
fd61fd92fd51fd19
fe2afdfafddafd61
ffacfe6afeabfe8b
0085005c005c003c
00f500dd00ed00dd
01c601b601860135
0216020e01ee01de
0206020e021e021e
01ce01de01e601fe
00e50115016501b6
008500ad00cd00d5
ffbc0004003c0064
ff03ff43ff84ff94
fca1fc99fd61fe9b
fcc1fcf9fcc9fca1
fd51fd01fcd9fcd1
fd29fd11fd39fd79
fcf1fcf9fd09fd29
fea3fd69fd01fce9
fffcff3bfe22feb3
01ce005cfffcff43
00bd024602df0287
034f034f033f02c7
03370337033f0347
0337033f033f033f
032f0327032f032f
feebff53ff33ff5b
fea3fddafe72fed3
febbfeabfee3ff13
fe1afe5afebbfebb
fdd2fe1afe3afe3a
fd59fd9afd79fd71
fd71fda2fd51fd19
fe12fdf2fdbafd69
ff53fe52fed3fe6a
009d005c005c002c
00e5010d010500ed
01ae0175011500d5
0216020e01ee01d6
0216021e02260226
01ce01ee02060216
00cd00e5012d0196
009500ad00cd00d5
ffc40004004c006c
fee3ff2bff63ff9c
fca9fca9fcb9fdda
fca9fcc9fcf1fcb1
fd51fd01fce9fce9
fd11fd11fd39fd71
fce9fcf9fce9fd09
fe1afd49fcf9fcd9
ffdcff13fdcafe0a
01be005cff0bfee3
014d01e602b7027e
034f0347031f02d7
033f033f033f0347
033703370337033f
03370337032f032f
ff03ff23ff43ff3b
fe0afd79fe0afefb
fe83fe9bfecbfeb3
fe42fe4afe8bfeb3
fde2fe12fe2afe42
fd71fd79fd39fd71
fd71fda2fd49fd19
fdeafdcafd9afd61
ff33fe7afedbfe4a
009d004c00540034
01150125011d00f5
015500f500cd00f5
021601fe01d601a6
021e021e021e021e
01a601d601ee0216
00fd011d010d0155
009d00b500b500d5
ffb4ffec002c0054
fe3afefbff3bff7b
fc99fca9fca9fce9
fcc1fcb9fd09fcc9
fd49fd19fcf1fcf9
fd09fd09fd39fd61
fce9fce9fce9fd01
fe3afd51fd01fcd9
ff84ff1bfda2fd9a
01960034fe83fed3
01d60135028f02af
03470337030f0307
033f033f03470347
033703370337033f
032f0337032f032f
fe83ff1bff7bff43
fdeafda2fdf2fe62
fe4afeabfebbfe42
fe4afe3afea3feeb
fde2fe0afe3afe42
fd69fd82fd49fda2
fd79fdaafd39fd39
fdfafdcafda2fd51
ff33fe72fee3fe52
00950054005c0034
012d0135011d00e5
00dd00d501050125
01ee01c6018e012d
020601fe020601fe
016d019e01ce01fe
010d013d012d0135
008500a500bd00cd
ff8cffd4fffc0034
fd21fe62fefbff43
fca1fc99fca1fca9
fce1fcc1fcf1fcf9
fd59fd29fd09fcf9
fcf9fcf9fd39fd59
fcd9fce1fce1fce1
fe5afd51fcf9fcd9
ff73ff3bfda2fd92
01a6003cfebbff43
022e01050216028f
03370327032f0317
033f033f033f033f
033703370337033f
032f032f032f032f
fe0afebbff6bff8c
fde2fdd2fe1afe4a
fe4afe6afe93fe42
fe22fe3afe72fecb
fdeafe12fe22fe12
fd59fd51fd69fdba
fd8afda2fd59fd79
fe0afde2fdaafd41
ff73fe7afe83fe4a
00bd00850044000c
0145013d011d00f5
00d501050125013d
01a6015500f500bd
01d601d601ce01ce
0145016d019e01c6
011d013d012d011d
006c009d00bd00dd
ff63ffa4ffdc0024
fca9fd31fe6aff0b
fcb1fc99fc99fca1
fd01fcc9fcd9fd01
fd49fd39fd19fcf9
fcf1fcf1fd29fd49
fcd9fcd9fcd1fcd1
fdeafd59fce1fcd9
ff2bff53fd9afdb2
01de0054fefbff73
02b7016d01ae023e
032f033f0337030f
033f033f03370327
032f033703370337
0327032f032f032f
fdd2fe72ff5bffc4
fdeafdeafe22fe3a
fe32fe5afe72fe1a
fdf2fe0afe32fea3
fdd2fdeafdc2fdca
fd49fd49fd79fdba
fd92fdaafd8afd59
fdeafddafdaafd51
ff73feebfe0afdda
00dd00a5004cffec
0145013501150105
00f50105012d0145
011500bd00b500cd
0196019e01860155
0125014d0175018e
00fd012501150105
002c0064008d00bd
ff13ff73ffbcfff4
fca1fc99fd21fe42
fcb9fc99fc99fca1
fd19fcd9fcd1fcf9
fd49fd41fd31fd11
fcf1fce9fd09fd41
fcd9fcd9fcd1fcd9
fdb2fd69fcf1fce1
ff1bff9cfda2fd8a
01fe008dfeebff2b
02f701f601de020e
033f033f032f031f
0337033703270337
032f03370337032f
031f0327032f032f
fda2fe22ff3bffa4
fdcafdf2fe6afe22
fe12fe72fe6afdba
fdcafdeafe22feab
fdaafdb2fdb2fdda
fd61fd41fd71fd92
fd82fdbafda2fd59
fd8afd8afd82fd61
ff7bfefbfe52fdc2
00ed00ad006c0004
0135012d0125010d
01150125013d0145
009d00a500bd00ed
013d012d010500bd
00ed010d0135013d
00bd00ed00f500e5
ffe4000c004c0074
fde2feebff73ffb4
fca9fca9fca1fcf1
fcc9fc99fc99fca9
fd21fcf1fce1fcd9
fd51fd49fd39fd39
fcf9fce1fd01fd41
fcf1fcf1fce1fcd9
fd9afd92fcf9fcd9
fec3ff94fdb2fd59
01ae00adff6bff03
02f702af01de01e6
0337032f0337031f
033f0337032f0337
032f032f032f0337
031f03270327032f
fd9afdeafedbffc4
fd9afdf2fe52fde2
fe22fe9bfe4afdea
fda2fdbafddafe52
fd71fd82fda2fda2
fd41fd41fd69fd71
fd69fd82fd69fd61
fdc2fd59fd59fd61
ff94ff0bfe72fe1a
00ed00b5006c001c
014d013d0125010d
010d0125013d0155
008d00b500cd00e5
0095006c0054006c
009d00b500bd00b5
004c007c00a5009d
ff63ff9cffd40014
fcc9fd61fe2afedb
fca9fca9fca9fcb1
fce9fca1fca1fca9
fd39fd11fce9fcd9
fd51fd51fd41fd59
fcf9fce9fd09fd31
fd01fd01fce9fcd9
fd8afdaafd09fcd9
fe7aff33fdbafd61
019e00d5ff94ff13
03170307027601be
032f0327032f0327
032f0337032f0337
032f033703370337
031f032703270327
fd92fdbafe42ff5b
fdb2fe4afe02fda2
fe4afe9bfe1afdea
fd9afd9afdd2fe12
fd69fd69fd79fd69
fd29fd49fd49fd61
fd59fd29fd41fd59
fde2fd71fd51fd41
ffacff13fe93fe32
00d500bd008d0034
014d014501250105
0115012501350145
009500c500e500f5
ffd4fffc003c0064
ffdcffdcffd4ffcc
ff8cffc4ffecffec
fdfafe9bff03ff5b
fcc1fcc9fcf1fd41
fca9fca9fca9fcb9
fce9fca9fca9fca9
fd59fd39fcf1fce9
fd29fd61fd51fd69
fcf9fce1fd21fd39
fd11fd01fce9fcd9
fd69fda2fd09fce9
fe52fecbfd9afd41
01ae015dffbcfefb
032f031f02c701ee
031f03270337033f
032f03370327031f
032f03370337032f
031f0327032f0327
fd79fd9afde2fe83
fe0afe2afdcafd79
fe7afe4afdeafdea
fd82fd61fddafe12
fd69fd69fd49fd49
fd49fd59fd69fd61
fd51fd39fd49fd51
fde2fd61fd49fd51
ffb4ff33fec3fe52
00c500c500850014
01450135010d00ed
013d014d014d0145
00ad00dd00fd011d
ffc4fffc003c006c
ff53ff43ff53ff8c
ff2bff53ff73ff73
fd69fdf2fe7afef3
fcc9fcd1fce1fcf9
fcb1fca9fca9fcc1
fcd9fcb9fcc1fca9
fd79fd59fd09fcf1
fd21fd79fd61fd69
fd09fcf1fd39fd31
fd01fcf9fce1fcd9
fd71fdb2fd11fd09
fe3afe2afd8afd21
020601b6000cfec3
033f02f702c7026e
031f032f033f0347
032f03370337031f
032f032f032f0327
0317031f032f0327
fd69fd82fdeafe02
fe0afe02fdc2fd79
fe83fdfafde2fde2
fd69fd61fde2fe1a
fd41fd41fd21fd41
fd39fd59fd59fd51
fd51fd61fd51fd59
fdcafd59fd59fd31
ffc4ff23fe9bfe32
00cd00a5006c002c
0165013d011500f5
014d015d015d016d
00a500cd00fd0125
ffdc000400440074
ff8cff6bff73ffa4
ff63ff6bff8cff9c
fd49fde2fe62fef3
fcc9fcd9fce9fd01
fcb9fcb9fcb9fcc1
fce9fcd1fcd1fcb9
fd8afd8afd29fcf9
fd31fd8afd79fd69
fd09fcf1fd49fd29
fcf1fce9fce1fce9
fda2fd92fd21fd11
fe42fdf2fd9afd39
027e020e00a5feeb
032702df02df02df
0317032f033f032f
032f0337032f0327
03270327031f031f
03170317031f031f
fd61fd51fdbafdaa
fdeafde2fdf2fdaa
fe93fde2fdbafdd2
fd59fda2fde2fe62
fd31fd31fd19fd59
fd49fd29fd29fd31
fd59fd49fd49fd71
fdbafd71fd69fd41
ffa4fef3fe83fe22
00fd00a500740024
015d0145012d010d
015d016d0165016d
00ad00dd010d012d
fff4001c0054007c
ffc4ffb4ffb4ffcc
ff63ffa4ff9cffd4
fd31fddafe62fee3
fcc1fcd1fce1fd09
fcb9fcc9fcc9fcc1
fd09fcd9fce1fcd1
fdaafdbafd49fcf1
fd31fd92fd82fd69
fd11fcf9fd41fd19
fcf1fcd9fce9fd01
fd51fd39fd29fd09
fe8bfe02fdaafd41
02a702460125ff2b
02ff02e702f702e7
03170317031f0317
032703270327031f
031f031f0317031f
03170317031f0317
fd59fd51fd9afd82
fdbafda2fe02fdba
fe72fdd2fdd2fdb2
fd82fdcafe22feb3
fd29fd21fd19fd82
fd41fd19fd01fd19
fd29fd39fd49fd69
fddafd9afd59fd21
ff6bfedbfe62fe02
00ed009d004cfff4
015d0145012d0115
01550165016d0165
00bd00ed01150135
001c0034005c0095
fff4fffcffec000c
ff5bffc4ffdcffd4
fd29fdbafe5afee3
fcc9fcd1fce1fd11
fcd1fcd1fcc9fcc9
fd29fcf1fcd1fcd1
fdbafdd2fd79fcf9
fd39fd9afd71fd71
fd01fd09fd39fd21
fcf1fcd9fce1fd01
fd29fd21fd29fd01
fe5afe02fdbafd79
0297023601aeffb4
02f70307030702cf
0327031703170317
031f0317031f031f
032f031f0317031f
030f031703270327
fd69fd71fd92fd82
fd92fdeafdeafd8a
fe7afe0afde2fd92
fd82fe0afe7afedb
fd29fd39fd31fd79
fd31fd19fd01fd09
fd29fd71fd61fd69
fd9afd51fd29fd19
ff53fecbfe5afdfa
00d5008d0034ffdc
015d013d011d00fd
0155015d01650165
00cd0105011d013d
00440054007400a5
fffc001c0024003c
ff53ffb4fff4fffc
fd31fd9afe4afecb
fce1fcc9fcd9fd09
fcc9fcd1fcd9fce1
fd21fd11fce1fcd9
fdb2fdf2fdbafd09
fd49fd9afd71fd82
fd11fd29fd39fd31
fcf1fce1fcd9fcf9
fd41fd19fd21fd09
fe83fe02fdc2fdba
026e020e020e007c
02ff030702ef02c7
0337032f031702ff
031f032f0327032f
032f032f03270327
03070317031f0327
fd61fd79fda2fdb2
fd9afe1afd9afd82
fe93fe1afdbafdaa
fddafe42fec3febb
fd19fd41fd59fd79
fd41fd09fce9fd01
fd69fd9afd92fd69
fd61fd39fd31fd29
ff1bfe83fe12fdba
00bd008d002cffbc
0155012d00fd00dd
015d01650165015d
00dd010d01250145
006c0074009d00b5
001c00240044005c
ff43ff8cffcc0004
fd39fd82fe3afeb3
fcf1fce1fce9fd01
fcc9fcc1fcd1fcf1
fd19fd21fd11fcf1
fdaafe02fddafd29
fd41fd9afd82fd92
fd39fd39fd29fd41
fcf1fce9fd01fd21
fd41fd31fd19fd09
feabfdeafdaafd82
0226022601ce0044
02f702d702d702cf
0337031f030702ff
032f032f0327033f
0327032703170317
02e7030703170327
fd71fda2fdbafda2
fdbafdfafd41fd71
fe8bfdeafdbafdc2
fe4afea3fef3fec3
fd11fd41fd51fdba
fd61fd29fcf9fcf9
fd79fd9afd8afd69
fd79fd69fd59fd41
ff0bfe93fe1afdb2
00b500850024ff94
013d011500e500d5
0155015d0155014d
00dd0105012d0145
0074007c009d00bd
005c005c006c007c
ff33ffacffdc0034
fd31fd69fe22feab
fcf9fce1fcd9fcf1
fcd9fcc9fce1fce9
fd21fd29fd19fd21
fd9afe0afde2fd51
fd41fda2fd92fdaa
fd59fd39fd11fd49
fcf1fd01fd31fd49
fd51fd31fd11fcf9
fe42fdbafd82fd71
0236020e00e5ff6b
02df02d702bf026e
032702f702ff02f7
032703270337033f
031f03170317031f
02c702ff0317031f
fd71fda2fdd2fdaa
fddafdaafd39fd49
fe83fdf2fde2fdfa
feb3ff03feebfe83
fd31fd49fd92fe52
fd39fd49fd29fd31
fd59fd71fd79fd49
fdcafdc2fdb2fd49
fef3fe7afe32fdf2
0095006c0014ff84
011d010500dd00b5
0145014501450135
00c500ed011d013d
0095008d00a500ad
007c008d00950095
ff13ffa4fff4003c
fd21fd71fdeafe9b
fd01fce1fcd9fce1
fcf9fcf1fcf9fcf9
fd29fd39fd21fd31
fd9afe0afdfafd92
fd39fd9afda2fd92
fd41fd29fcf9fd41
fd01fd21fd49fd61
fd11fd11fd09fd01
fdb2fd82fd69fd41
01de0105ff63fe5a
02df02cf026e0216
02ff030702f702ef
0327032f032f0317
0317031f03170327
028f02ef030f030f
fd92fd8afdc2fd71
fddafd92fd31fd31
fe7afe22fe12fdf2
ff03ff0bfec3fe83
fd09fd19fdfafec3
fd31fd49fd39fd29
fd51fd59fd8afd51
fdf2fdeafdaafd61
fef3fe9bfe6afe1a
00850064000cff7b
00f500dd00bd00a5
0135012d012d0115
00c500e500fd0125
00ad00ad00b500ad
008d00ad00bd00c5
fefbff73ffe40034
fd11fd82fdcafe6a
fd09fce1fcd1fcd9
fd11fd01fd09fd09
fd31fd49fd31fd39
fdaafdf2fe02fda2
fd41fd9afd9afd82
fd09fd19fcf1fd51
fd19fd69fd79fd71
fd01fd09fd11fd09
fd9afd61fd69fd31
0024ff3bff0bfe52
02df02bf021e0175
030f030702ff02ff
030f030702ff02ff
0317030f0317031f
023e02cf02f7030f
fdbafd92fdeafd92
fd82fd82fd39fd31
fe9bfe42fe12fdf2
ff03fefbfe72fe83
fd09fd61fe8bfef3
fd61fd61fd79fd39
fd41fd59fd82fd59
fe0afdcafda2fd79
fefbfea3fe72fe42
008500640014ff84
00bd00c500ad009d
010d011501250105
00c500e500fd0105
00d500c500c500b5
008500c500dd00dd
fedbff53ffc40024
fd09fd82fdb2fe4a
fd11fcf9fcd9fce9
fd31fcf9fd11fd11
fd59fd61fd39fd39
fdcafdeafdf2fdaa
fd49fda2fd92fd9a
fce9fd29fcf9fd41
fd51fda2fd79fd59
fd01fd01fd11fd09
fd79fd69fd92fd39
ff2300040034fe72
02af020e00adff94
0317030f030f02f7
02ef02ef0307030f
030f0307030702ff
01ee02b702f70307
fdc2fdb2fe02fdd2
fd71fd59fd29fd49
fe9bfe32fe1afde2
fedbfed3fe8bfeab
fcf1fdeafed3fef3
fd92fd71fd69fd21
fd69fd51fd82fd79
fdeafde2fdd2fd9a
fef3fea3fe62fe22
007c0064001cff7b
00c500bd009d0095
0105010d010d00ed
00cd00e500fd00fd
00fd00dd00d500c5
006c00c500e500fd
fed3ff4bff9c0004
fd19fd71fdbafe2a
fd21fd01fcf9fd11
fd51fd11fd11fd11
fd71fd79fd41fd39
fdd2fdf2fdfafd9a
fd51fdbafd82fdaa
fce1fd21fcf1fd21
fd8afda2fd71fd59
fd09fcf1fd01fd19
fd71fd92fd92fd39
008d01b6ffdcfdea
0165fffcff84ff94
02e702f702e70297
02ff0317030f02ff
030702ef02e702ff
01c602af02e702ef
fffc01e6027602bf
014d004cfeb3fe32
019e01960196018e
0186018601860196
017d017d0186018e
008d015d017d017d
03f80337005cffc4
03e8040004000400
03b003e803e803e0
01d6021e028f031f
00ed00ed014d01ae
fe6aff1bffd40074
fdfafe0afe0afe32
fd92fdcafdd2fde2
fd71fd61fd59fd59
fd79fd82fd82fd79
fe1afdb2fd8afd69
015dff23fe3afdfa
03b803a003880327
03c003b803a003a8
03e003d803d803c8
03b003c803c803d8
03c803c803c803b8
03b003b003c003c8
03b803b803c003c0
03a803b003b003b8
03a003a003a003a8
0398039803980398
0377037703880390
036f036f036f036f
0357035f035f0367
034f034f034f0357
ff9c01ae026e02af
015d007cfeebfe22
019e019e0196018e
018e018e018e0186
016d017d0186018e
005c014d01750175
03f0039000fdffdc
03f80400040003f8
030f039003e003f8
01be020e02160276
fff4007400bd013d
fe4afe9bfed3ff4b
fdfafdfafe22fe42
fdb2fdb2fdeafe0a
fdeafddafddafdca
fd9afdc2fde2fdfa
fda2fd9afd79fd71
006cfebbfdeafdb2
035f031f02ff022e
03d003b803b803a0
03d003c803c003c0
03c803d003d003d0
03c803c003c003c0
03b003b003c003c8
03b803b803c003c0
03a803b003a803b0
03a003a003a003a8
0390039003980398
0377037703880390
036f036f036f0377
035f035f035f0367
03470347034f0357
ff3b016d025e02a7
016d00adff2bfe22
019e019e0196018e
018e018e018e018e
01750175017d018e
0034012d0175017d
03f003c8019effdc
03f803f803f803f0
023e02c7034f03c0
012501c601fe01ee
fefbff63ffe4006c
fe5afe4afe72fe93
fe1afe2afe52fe52
fe5afe3afe42fe5a
fe42fe5afe5afe5a
fd69fd82fdbafe02
fdb2fdbafd79fd61
fff4fea3fdf2fdc2
01fe0196014d00fd
03b80398033f02c7
03c003c003b803b8
03d803d003c803c0
03c003c003c003c8
03b803b003c803c8
03b803b803c003c0
03a803b003b003b8
03a003a003a803a8
0390039803980398
0377037f03900390
036f036f036f0377
035f036703670367
0347034f03570357
fed3010d0236028f
017500e5ff7bfe2a
01960196018e018e
018601860186018e
017d0175017d017d
000c00fd016d017d
040003e80226ffe4
03a003e003f80400
01ee021e026602e7
003c00cd017501c6
fe62fecbff6bffc4
fe6afe72fe72fe72
fee3fe6afe52fe72
fe93fe9bfed3fef3
fdd2fe12fe62fe83
fd79fd69fd61fd92
fe02fe0afd9afd79
ffecfedbfeabfe1a
00d500cd00cd00b5
02df0236015500d5
03c803c803b8036f
03c803c803c003c0
03c003c803c803c8
03b803b803c803c8
03b803c003c003c0
03b003b003b003b8
03a003a003a003a8
0390039803980398
0377037f03900390
036f036f036f0377
035f036703670367
034f034f03570357
fe7a00ad0206027e
017d010dffccfe4a
018e0186017d018e
0186018e018e018e
0186017d017d0186
fff400cd0165017d
040003f802c70014
029f0337039803e8
01a601e601e601f6
ff8cffac0074014d
feb3fec3ff03ff73
fe93fe93fe83fea3
ff94ff9cfefbfe7a
fe72fe9bfeebff2b
fdaafdcafe2afe72
fda2fd92fd82fd8a
fec3fe42fde2fda2
ffdcffc4ff23fe42
007c00c500ad0044
0085ffb4ff8cfff4
03c80388030701f6
03c003c803d003d0
03c803c803c803c8
03b803b803c803c0
03a803b003b003b0
039803a003a803a8
03a003a003a803a8
0390039803980398
0377037703900388
0367036f036f0377
0357035f03670367
0347034f03570357
fe3a003401de026e
018601350014fe7a
0186017d01750186
017d0186018e0186
017d0175017d0186
ffe4009d0155017d
03d003f8033f005c
01ce025602c70357
00bd01a601f601b6
ff9cff5bff6b004c
ff23ff53ff3bff63
ff0bfecbfed3fed3
ff7bffecfffcff9c
fe8bfeabfebbff13
fdb2fde2fdfafe42
fda2fdb2fdaafd82
ff23fea3fe5afdba
003cfff4ff23feeb
0044003c001c000c
fec3fecbff4bfff4
034f0287011dff8c
03c003c003d003b8
03c803c803c803c8
03b803b803c003c8
03a803a803b003b0
03a0039803a003a8
03a003a003a803a8
0390039803980398
0377037703900390
0367036f036f036f
035f035f03670367
034f034f03570357
fe12ffbc01a6025e
017d01550054febb
018e0186017d017d
016d016d017d0186
017d016d016d016d
ffd4006401450175
030f0390036700d5
018e01ce025e02b7
ffac0054014d01be
ffc4003cffdcffcc
ff0bff73ffa4ffbc
003cffa4ff23fedb
ff43ffbc00340024
fe83febbff03ff03
fd8afdc2fdfafe4a
fdcafdbafda2fd69
ff4bff0bfea3fe02
fff4ffb4fedbff3b
ffec00040014001c
fedbff63ffa4ffdc
0236005cfec3fe6a
03c003c803b00337
03c803c803c803c8
03b003b003c803d0
03a803b003b003b0
03a003a003a003a8
03a003a003a803a8
0398039803980398
0377037703880390
036f036f036f0377
035f035f035f0367
034f03570357035f
fe0aff5301650246
017d01650095ff03
018e0186017d017d
017d017d017d0186
017501650165016d
fff40034012d0175
028f02c7030f0186
015d01a601f60266
fff4ff6bffb4006c
00240024006c003c
ff13ff33ff63ffdc
005c006c001cff7b
ff3bff7b00140064
fea3fec3ff03ff5b
fd51fd71fdb2fe2a
fde2fdd2fdc2fd79
ff13fefbfef3fe02
ffccff63febbff53
ffccffecffecff9c
fefbff5bffa4ffbc
ffecfe5afe2afe7a
03b003a0034f022e
03c803c803d003d0
03b003b003c803d0
03a803b003b003b0
03a003a003a003a8
03a003a003a803a8
0390039803980398
0377037703880390
036f036f036f0377
035f035f035f0367
034f03570357035f
fe02fedb011d022e
017d017500d5ff43
018601860175017d
017d017d017d0186
017d016d01650165
012d006c010d0175
02360266029f0266
001c013501ee021e
00740014ffccffbc
000c0024003c003c
ffb4ff2bff4bff7b
0085004400850054
ff9cff94ffac0014
fe52ff03ff2bff33
fd69fd51fd71fdba
fddafe02fddafdba
fedbfedbff43fe22
ffa4fed3fecbff63
ffccffdcff6bff2b
ff2bff73ff8cff9c
fe0afe02fe7afecb
03a8036f023effbc
03c003b803c003b8
03a003b803d003d0
03a803b803c003b8
03a003a003a003a0
03a003a003a803a8
0390039803980398
037f039003900390
036f036f036f036f
035f035f035f0367
034f034f03570357
fe22fe8300c501fe
0175017d00fdff94
017d017d017d017d
017d018601860186
016d016d0175017d
026601a60125015d
020e02160256028f
00340034011501de
006c004400540064
ffc4002c00240044
0095ffe4ff3bff53
0024006c007c00c5
ff94ffecffb4ffac
fddafe72ff3bff9c
fdbafd8afd8afdb2
fdc2fde2fe0afdda
fea3feebff63fe4a
ff84feb3fed3ff3b
ff9cff73ff03ff53
ff5bff5bff53ff7b
fdfafe5afebbff2b
0388028ffff4fe1a
03c003c003c003b8
03a803c003d803c8
03a803a803c003b8
03a003a003a803a8
03a003a003a803a8
03980398039803a0
037f039003900390
0367036f03770377
035f035f03670367
034f035703570357
fe4afe42005401be
01750186011dffdc
0186017d017d0175
018e018e018e017d
01750165017d0186
027e028f01de01a6
01de022e020e022e
00850095009500f5
004c007c0054006c
ff4bffc400340054
00ed00bd000cff5b
ffd4003c006400ad
ffdc0004ffe4ffcc
fe02fe52fec3ff73
fe3afdfafd92fdb2
fdd2fdbafe0afe32
fe9bff23ff53fe62
ff2bfeb3fed3fef3
ff33ff03feebff53
ff2bff2bff1bff4b
fe42fea3fef3ff1b
02f700adfe3afdf2
03c003c003c00398
03b803c803c803c8
03a803a803b003b0
03a003a003a803a8
03a003a803a803a8
03980398039803a0
037f038803900390
0367036f03770377
035f035f03670367
034f035703570357
fe9bfe1affdc0196
0175017d013d002c
01860186017d0175
018601860186017d
01de016d015d0175
021e029f02af0266
013d01f6021601f6
001c003400bd00bd
003c0054007c004c
ff73ff33ffac002c
00cd00e500d5002c
0014fffc001c0044
ffac0004001c001c
fdd2fe72fec3ff13
fe93fe7afe12fd9a
fdd2fddafdd2fe4a
fe8bff1bff3bfe7a
fee3feb3fe9bfea3
ff03fed3fee3ff13
ff23ff0bff1bff0b
fe62fedbff03fefb
0186fe93fdf2fe2a
03c003c003b00337
03c003c803c803c0
03a803b003a803a8
03a0039803a003a8
03a003a803a803a8
03980398039803a0
037f038803900390
0367036f036f0377
035f035f035f0367
034f0357035f0357
fedbfe02ff630155
016d017501550074
01860186017d0175
017d01860186018e
027601de015d0165
01ce0206029f02cf
010d013d01c601fe
003cffd4002c00e5
000c00340054006c
005cff53ff2bffc4
00a500bd010d00dd
005c005400140004
ff6bfff40034005c
fdaafdfafee3ff1b
fecbfed3fe62fe0a
fdcafe0afddafe2a
feabff1bff23fea3
febbfebbfe12fe83
fee3febbfedbfee3
fef3fef3fef3ff0b
fe9bfee3feebfee3
ff1bfdeafe0afe4a
03c003c003670236
03c803c803b803c0
03a803b003a803a8
03a003a003a803a8
03a003a803a803a8
0390039803a003a0
0377037f037f0388
036f037703770377
035f035f03670367
034f035703570357
ff2bfdfafef30105
016d016d015d00ad
0186017d017d016d
0175017d01860186
02df029701de016d
01fe01d6021e02af
00ad0115010d01c6
0044004cffec0014
ffd40034fffc0024
00ed004cff4bff43
001400ad00dd012d
005c005c007c0004
ff6bffd40054006c
fe02fdc2fe32ff33
feabff03feb3fe5a
fda2fdfafe12fe1a
fedbff13ff23fe8b
fed3fea3fdf2fe6a
fea3feabfebbfe8b
fee3feebfef3feeb
fec3fec3fed3fed3
fddafe02fe42fe83
03b8039002d7ffcc
03c003b803b803b8
03a803a803a803b0
03a803a003a803a8
03a003a803a803a8
0390039803a003a0
0377037f03880388
036f037703770377
035f035f03670367
034f03570357035f
ff84fe0afe9300cd
0175016d016d00e5
0186017d01750175
017501750175017d
02a702ef029f01b6
01de021e01f6022e
005c00fd01450135
ffcc00040024000c
ff5bffe40004ffa4
014500d5003cff53
ffdc003c00dd010d
003c0085008d005c
ff7bffcc002c007c
fe32fe22fdeafe62
fe5aff03ff0bfeab
fdaafde2fe32fe2a
fed3ff03ff0bfe9b
fecbfe8bfe12fe42
fea3febbfea3fe4a
fee3fef3fefbfedb
fec3fe9bfecbfedb
fddafe4afe93feb3
03b0033f00c5fdfa
03c003b803b003b0
03a803a803a803b0
03a803b003a803a8
0390039803980398
0388038803900390
0377037f03880388
036f036f036f0377
035f035f0367036f
034f03570357035f
ffccfe32fe3a006c
01750175016d010d
0175017d017d0175
01a6017d01750175
022602bf02ef0246
012d01de021e01fe
ffb4002c00fd013d
ff73ffacffecffd4
ff3bff03ffccffe4
0155010d00ad003c
003cffd400ad010d
007c00640074008d
feabfff4001c007c
fe52fe5afe5afe1a
fe42fecbff2bfeeb
fda2fdeafe5afe3a
fe9bfee3feebfe93
fe93fe5afe0afe3a
fe8bfe93fe5afe5a
fef3fefbfee3febb
fe9bfeabfecbfedb
fe0afe83fe9bfebb
03a0020efe83fdba
03b803a803a803b8
03a803a803b003b0
03a803b003b003a8
0398039803980398
0388039003900390
0377037f03880388
036f037703770377
035f035f0367036f
034f034f0357035f
000cfe72fe0afff4
016d01750165010d
017d0186017d016d
020e0186017d0175
0226025e02d702f7
00ed00e501be0216
ffacff63004c00dd
ffecff8cff8cffe4
0024ff03fed3ffbc
011500f500c5009d
0085002c002c00dd
00a500340054009d
fe7aff1300540064
fe93fe6afe6afe72
fe7afe9bff23ff0b
fdaafdaafe42fe3a
fe9bff03ff43fe9b
fe32fe22fdf2fe32
fe7afe72fe32fe2a
fed3fed3feb3fe83
fe9bfebbfeb3fec3
fe52fe8bfe83fe8b
031fffacfdaafde2
03c003a803a803b8
03a803a803b003b0
03a003a003a003a8
03a803a803980398
03880388039803a0
037f037f037f037f
036f037703770377
035f035f03670367
033f03470357035f
005cfebbfdf2ff53
01650175016d0135
01860175016d0165
02f701de019e0186
022e024602870307
00dd00bd00b501c6
ffacff5bff6b0044
ffacffbcff53ff63
0085001cff03fee3
00dd00ed00cd00bd
008d00640034006c
00a5009d001c0074
fec3feabff7b00a5
fee3fe8bfeabfeb3
fe83feb3fedbff1b
fdd2fd8afdfafe4a
fe9bfeebff33fecb
fe0afe32fdeafe32
fe5afe6afe42fe12
febbfeb3fe83fe72
fe9bfeb3fe9bfeab
fe5afe62fe72fe7a
015dfdf2fdb2fe12
03c003a803a80390
03a803a003b003b0
03a003a003a003a8
03a003a8039803a0
03880388039803a0
037f037f037f037f
0377037703770377
036703670367036f
0347034f035f035f
009dff03fdeafecb
016d01750175014d
0186016d015d0165
032f02af01b601a6
01d601f6021e029f
0014010500dd0145
ff2bff9cff33ff7b
fecbff94ff6bff3b
009500540014ff0b
00a500e500f500e5
009d0085004c001c
00ed00cd0044000c
fee3fef3fee30004
ff23fecbfebbfedb
fe93fecbfedbfefb
fdf2fd92fddafe2a
fe8bfefbff3bfeeb
fe1afe72fdfafe32
fe62fe72fe3afe3a
febbfe8bfe9bfe6a
fe83fea3fe93feb3
fe42fe6afe6afe6a
ff0bfd9afdeafe3a
03b803b803b002cf
03a803a803b003b0
03a003a003a003a0
03a803a8039803a0
0388038803a003a0
0377037f03880388
0377037703770377
036703670367036f
0347034f035f035f
00c5ff5bfdfafe5a
0175018601750155
017d017d01750175
02e7031f027601c6
017501c601f6024e
ff730004011d00ed
ff33ff43ff7bff2b
fee3fea3ff5bff63
00ed004c005c0004
005c00ad00dd00ed
005c00b5008d0034
00c5011d0095001c
feebfefbff13ff4b
ff13ff03fed3fee3
fe72feebfed3fedb
fe1afd92fdd2fdfa
fe72fefbff33fefb
fe2afe8bfe0afe1a
fe6afe93fe22fe42
feb3fea3fe9bfe5a
fe83fea3fea3fea3
fe42fe52fe52fe6a
fdd2fda2fdfafe2a
03b003b0037f00f5
03a003a003b003b0
03a003a003a003a8
03a803a8039803a0
03880388039803a0
037f038803880388
0377037703770377
035f035f0367036f
0347034f035f035f
00e5ffacfe1afe0a
016d0186017d015d
01a6016d01960186
02bf031703170256
00fd01a601e60226
fefbff6b0085013d
ff2bfeebff2bff63
ffacfeabfe72ff23
00f5008d0044004c
0014008500bd00dd
003400ad00b50064
fff40135010d008d
ff13ff13ff2bff53
feebfed3feebfeeb
fe3afedbfefbfef3
fe5afda2fdbafdca
fe42febbff23ff2b
fe2afe93fe3afe12
fe72fe4afe2afe4a
fea3fea3fe8bfe62
fe72fe72fe7afea3
fe42fe3afe42fe6a
fd92fdbafdfafe1a
03b003a80297fed3
03a003a003b003b0
03a003a003a003a8
03a803a8039803a0
03880388039803a0
037f037f037f0388
0377037703770377
03670367036f036f
033f0347035f035f
010dfff4fe5afdca
016d018601750165
0236017d0196019e
028f02ff032f02bf
013d016501ae0206
ff3bff13ffac00c5
ff0bfefbfeb3ff3b
002cff8cfe72fe3a
00d500dd00440044
00140034009d00d5
00ad008d009d0095
ffbc00d5015500f5
ff23ff33ff2bff94
feebfeb3feebff0b
fe0afebbff33ff0b
fe83fdd2fdc2fdc2
fe32fe93ff2bff43
fe2afeabfe62fe12
fe8bfe32fe32fe4a
fe7afeabfe8bfe6a
fe62fe72fe72fe9b
fe32fe32fe52fe5a
fdaafddafe02fe1a
03b0036f00d5fdca
03a003a003b003b0
03a003a003a003a0
03a803a8039803a0
03880388039803a0
037f037f03880388
037703770377037f
036703670367036f
0347034f035f035f
012d003cfe9bfdb2
0196018601750165
02a70206015d0186
024602bf03270307
012d016d017501ce
ff94ff6bff53ffcc
fe42fec3fe93fed3
005c0004ff7bfe52
00f500ed00cd002c
00440004007400c5
00fd009d009d008d
00140064015d00d5
ff33ff53ff4bff73
fed3feb3feabff2b
fdfafeabff23ff2b
feabfe02fdcafdc2
fe42fe6aff03ff0b
fe4afeb3fe93fe2a
fe8bfe5afe4afe62
fe5afe8bfe83fe7a
fe4afe62fe7afe83
fe22fe42fe5afe4a
fdb2fe02fe0afe12
03a8029ffef3fdaa
03b003b003b803c0
03a803b003b003b0
03a803a8039803a0
0388038803a003a0
037f037f03880388
037703770377037f
03670367036f036f
0347034f0357035f
01450085fee3fdba
017d01a601860165
02e702af01d6015d
01fe028f02ff0337
004c017501750175
ff0bff43ff94ff7b
fe42fe42feb3fe7a
002c003c000cff73
00ed00cd0105008d
005c000c0034008d
00c500e5008d0085
002c005c01250125
ff2bff63ff7bffa4
febbfe8bfe5aff03
fdf2fe6aff13ff33
fec3fe32fddafdda
fe3afe52fee3fefb
fe6afea3fe93fe32
feb3fe93fe6afe5a
fe7afe83fe83fe8b
fe4afe42fe72fe6a
fe32fe3afe42fe2a
fdaafdeafdfafdfa
03880105fdeafda2
03b803a803b803b8
03b003b003b003b8
03a803a8039803a0
0388038803a003a0
037f037f037f0388
0377037703770377
03670367036f036f
034f034f035f035f
014d00b5ff2bfdda
016d017d018e0175
033702a7027e01ae
0145025602b70317
fff400e501550125
fe6aff03ff53ffdc
ff2bfe2afe62febb
005400340034fffc
00d5012500b500fd
00740034fff40064
0085011d00bd0095
fff4009d00cd015d
ff23ff73ff94ff94
fed3fe72fe4afec3
fde2fe3afecbff1b
fecbfe6afdf2fdda
fe3afe62fef3fee3
fe72fe83fe8bfe22
feebfeb3fe8bfe72
fe6afe83fe83feab
fe4afe4afe83fe22
fe22fe32fe3afe3a
fdaafddafdeafde2
02f7ff4bfdaafd9a
03b803a803b003b0
03a003a003a803b8
03a803a803a803a8
0398039803a003a0
037f037f03900398
037703770377037f
036703670367036f
034f034f035f035f
016d00edff9cfe22
0175014d016d0175
033f02df02bf025e
00fd01ae027602df
0024006c01350145
fe83feabfeabffac
ffb4fed3fe2afe72
00a5001c002cfff4
008d012500ed00bd
009500340054000c
007c00b5011500a5
ffe4009d00b50165
ff2bff4bffe4ff94
feb3fe72fe52fe7a
fde2fe1afe72fef3
fedbfea3fe22fde2
fe42fe6afeebfecb
fe72fe6afe7afe1a
fefbfee3feabfe8b
fe6afe8bfe93fec3
fe22fe3afe62fe32
fe12fe0afe32fe22
fdaafdd2fdeafdf2
019efe12fda2fd71
03a803b003b803a8
03a003a003a803a8
03a803a803a803a8
039803a003a003a0
037f038803980398
036f036f0377037f
036703670367036f
034f034f03670367
014d00f5000cfebb
01f6014d016d016d
0317033702d702b7
012d011d020602a7
fffc006c011d0175
fe62fea3fe32fec3
fff4ff7bfe83fe2a
00c5006400240034
004400e5014500a5
00b5fffc003c0024
00bd0034013500c5
fffc007c00d50145
feebff0bffe4ffc4
febbfe7afe52fe83
fde2fe12fe72fea3
fef3fec3fe42fdf2
fe3afe52fed3fed3
fe83fe62fe83fe3a
ff0bff03fec3fe9b
fe5afe9bfe83feeb
fe12fe2afe32fe4a
fe02fdf2fe0afe22
fd9afdcafdd2fdea
0014fdc2fd9afd69
03a803b803c8034f
03a803a003a803a8
03a803a803a803a8
03a003a003a003a8
037f037f03900398
036f036f0377037f
0367036f03670367
034f034f03670367
015d00fd0014febb
026e01c60175016d
02df0337031f02bf
0135015501750256
ff73005c00bd0186
fe3afe93fe83fdea
000cffe4feebfe4a
00bd00d5003c003c
00240085010d00fd
00b50054ffec004c
00f5ffc400dd00e5
000c004c00d50135
fee3ff2bffc4000c
fe9bfe83fe62fe7a
fdf2fe0afe72fe72
fedbfedbfe62fe22
fe22fe32fe9bfeab
fea3fe72fe8bfe3a
ff2bff1bfedbfeab
fe52fe9bfe9bff2b
fe12fe42fe2afe32
fdf2fdfafdeafe02
fd8afdc2fdd2fdda
fec3fdb2fd71fd79
03a003b003b80297
03a803a003980398
03a803a803a803a0
03a003a003a003a8
037f037f03900398
036f036f03770377
0367036f03670367
034f035703670367
014d0125005cfef3
029701fe01be016d
02a7032f034702f7
00dd00ed011d01ee
fe5afff4005c013d
fe6afe52febbfdaa
002cffe4ff7bfe7a
00dd010500a50054
fffc002400b50115
00c500adffcc003c
0155ffe4005c0145
ffe4004c00b5013d
fec3ff1bff7b0024
fe93fe83fe8bfe83
fe0afe1afe5afe5a
fedbfefbfe8bfe2a
fe2afe1afe6afea3
feb3fe72fe93fe42
ff3bff3bfef3febb
fe62fea3fedbff53
fdfafe1afe22fe0a
fdf2fdfafde2fe02
fd8afdb2fdbafdca
fdfafda2fd59fd79
03a003a803900165
03a803a003a003a0
03a8039803a003a0
0398039803a003a8
037f038803980398
036f036f0377037f
036f036f03670367
034f035703670367
01750145008dff3b
02af022e01de01be
024e02ef03570327
010d00ad00fd013d
fda2fecb002c004c
fe6afe83ff03fe32
0054fff4ffb4feeb
011500dd00dd006c
004cffd4005c00ad
00f500cdfffcffc4
0165001cffbc0135
ffd4005400bd0155
fe8bff43ff7b0034
fe83fe6afe6afe6a
fe22fe2afe3afe2a
fef3ff0bfea3fe32
fe2afe02fe3afeb3
feabfe5afe83fe42
ff73ff5bff23fee3
fe83febbff23ff73
fe12fe1afe1afe22
fdd2fdd2fdc2fdf2
fd69fd92fdb2fdb2
fdb2fd8afd41fd61
03a803a00327ffb4
03a003a003a803b0
03980398039803a0
0398039803a003a0
037f038803980398
036f036f0377037f
036f036f036f036f
034f035703670367
01b6016500bdff94
02c7026601ce01ae
01ae027e0327032f
00c500ed00f50125
fdd2fdf2ff63fff4
fe72fe72fef3fec3
007c0044ffa4ff94
00fd010d00e50054
006400240004006c
011500bd0044ff63
010dffc4ff2300ed
ffd4003c007c011d
febbff53ff330014
fe6afe8bfe6afe7a
fe2afe3afe22fe0a
ff0bff13feabfe42
fe3afdfafe42feab
fe9bfe5afe7afe3a
ff9cff84ff4bff03
feabfebbff53ff94
fe02fe2afe12fe3a
fde2fdcafdb2fdea
fd51fd79fd9afda2
fd9afd61fd39fd61
03a803a0026efe8b
039803a003b003b8
03980398039803a0
039803a003980398
037f037f03980398
036f036f036f0377
036f0367036f036f
034f034f0367036f
01be018600ddffec
02ef029f01e601a6
0125020602d7032f
007c010d00bd00fd
fe93fde2fe3affe4
ff23fe1afed3ff84
00640085ffecffc4
004c012d00f50095
004c0034ffd40074
012d00c5008dff4b
00edffacfefb003c
ffdc004c007400dd
fee3ff6bff13ffdc
fe5afe93fe5afe72
fe32fe4afe3afe12
ff13ff23fec3fe5a
fe4afe02fe62fea3
feb3fe72fe62fe4a
ffacff84ff4bff2b
fecbfeebff8cffac
fe0afe0afdeafe22
fde2fda2fdb2fde2
fd51fd79fd92fd8a
fd8afd51fd39fd59
03a0039001aefe12
0390039803b003b8
0398039803a003a0
039803a003a00398
037f038803980398
0377037703770377
036f0367036f036f
034f034f035f0367
01b601ae01050024
0307028f0206018e
00dd0186024e02ff
006400ad00bd00ad
ff13fe6afdeafedb
ffb4fe7afe42ff3b
001c007c0014ff94
001400c5011d00dd
ffbc00bdfffc006c
00dd00c5007cff63
00a5ff8cfeebff84
ffdc002c00540095
fedbff4bfeebffdc
fe42fe8bfe3afe32
fe32fe62fe3afe02
ff13ff2bfeebfe7a
fe32fdeafe5afebb
feb3fe83fe62fe6a
ffb4ff8cff63ff13
feb3ff2bff9cffcc
fe02fdfafdeafe3a
fdeafda2fdc2fdda
fd59fd82fd92fd92
fd69fd51fd41fd61
03a0035f0064fd9a
0398039803b003a0
03a0039803980398
039803a003a003a0
0390039803980390
0377037703770388
036f036f036f036f
0357035f03670367
017d019e0145006c
03070287021601e6
00d500ed01ee0297
ff63008d00ad009d
fef3ff23fea3fe2a
ff8cff2bfe32fe8b
006c002c0054ff9c
00340054012d0145
ff3b00740014fffc
006c00f50095ffcc
002cff3bfec3ff0b
000c002c0024004c
feb3ff23fed3ffdc
fe42fe7afe22fe1a
fe42fe72fe02fdf2
ff23ff43fefbfe93
fdf2fdeafe42fed3
fecbfe8bfe52fe62
ffc4ff7bff5bff23
fea3ff63ffb4ffec
fe0afe0afe02fe5a
fdd2fd82fdbafdea
fd69fd92fd92fd8a
fd59fd49fd41fd61
039002c7ff03fd82
03a003a003a00398
03a8039803a003a0
039803a003a003a0
0388039003980398
0377037703770377
036f0377036f036f
035f035f03670367
0186016d014d00c5
02cf02af01f601de
007400cd0165021e
fe930034003c006c
fe6aff5bff7bfebb
ff7bff33fef3fe8b
00f500140054000c
fff4004c00bd015d
feeb0064009dffc4
ffec00a500b50024
ffccff43fe83fed3
fff4002c000cfffc
fea3feebfeb3ffbc
fe42fe83fe0afe32
fe52fe52fddafdea
ff0bff53ff0bfe93
fde2fdfafe3afedb
fecbfe6afe3afe5a
ffacff6bff5bff1b
fe9bff6bffbcffdc
fe1afe12fe0afe6a
fdaafd71fdbafdf2
fd69fd82fd8afd71
fd41fd31fd39fd49
037f01defe1afd69
039803b0039003a0
03a0039803a00398
039803a003a003a0
0388039003980398
0377037703770377
036f036f036f0377
035f035f03670367
01b6017d013500e5
027602bf022601ce
fff400c5010501be
feebff94000c0034
fe0afebbffc4ff5b
ffecff23ff03ff03
014d0064fffc002c
ffac00540034010d
feebffd40004fffc
ff63008d00a50054
ff9cff0bfe2afe6a
fffc002c0004ffb4
feabfebbfe9bffcc
fe3afe93fdf2fe22
fe52fe42fdc2fdea
ff23ff3bfefbfe83
fd9afde2fe52fef3
fec3fe62fe5afe3a
ff73ff6bff43fef3
fee3ff5bff9cffa4
fe0afe02fe0afe6a
fd9afd69fdaafdf2
fd79fd82fd79fd69
fd29fd29fd31fd41
036700a5fdcafd71
039803b003900398
03a0039803980398
039803a003a003a0
037f039003900398
0377037703770377
0367036f036f0377
035f035f035f035f
01a601b6012500ed
02160287026601ee
fff4004c00cd0145
ff03ff1b0024003c
fe83fdf2ff4b000c
004cff9cfed3ff33
014500edffbcffb4
ffbc0024002c006c
ff1bff2bffb4ffe4
ff23006c00cd008d
ff53feb3fdeafe32
0014002cfff4ff7b
febbfe9bfebb0014
fe4afe72fde2fe62
fe5afe3afdb2fdea
ff6bff43fedbfe83
fd8afde2fe6aff1b
feabfe3afe52fe02
ff73ff5bff13ff0b
ff0bff4bff6bff6b
fdf2fdeafe02fe6a
fda2fd71fdbafdf2
fd71fd82fd79fd79
fd29fd21fd29fd49
02e7ff53fdaafd59
039803a803980390
03a0039803980398
03a003a003a003a0
037f038803880398
037703770377037f
036f036f036f0377
035f035f03670367
01a60196014d00f5
018e0236027e0216
ffe4ff9c008d00c5
fff4ff33ffb40064
fee3fe02fe62ffac
ffcc0004ff33feeb
00fd012d002cff8c
fff4ffdc0044fff4
ff43ff43ffa4ff9c
feb3001400cd0064
ff0bfe83fe1afdfa
000c002cffbcff53
feb3fe9bfec3005c
fe72fe4afdb2fe7a
fe62fe02fd8afdea
ff63ff3bfedbfea3
fda2fde2fe8bff23
fe8bfe1afe42fdda
ff63ff4bfefbfef3
ff63ff7bff6bff6b
fde2fddafe12fe9b
fd92fd82fdc2fdf2
fd61fd69fd59fd79
fd21fd19fd29fd41
01befe5afdc2fd39
03a003980398037f
03a00398039803a0
03a003a003a803a8
0388038803880390
03770377037f037f
036f036f03770377
035f036703670367
019e01550155012d
00b501d60256022e
0034ff3b000400bd
0004fffcff8cfffc
fe93fed3fe2afea3
ff73ffecffacff1b
0085013500ddffc4
ffbcff7bffcc003c
ffc4ff33ff3bff43
fe7affe400c5008d
fef3fea3fe42fdd2
0004002cfff4ff23
fe83fe52fec30064
fe6afe02fdc2fea3
fe62fdb2fd8afe1a
ff43ff13fefbfe8b
fdaafdf2fe93ff13
fe5afe12fe2afda2
ff73ff33fee3fed3
ff73ff9cff84ff84
fde2fdc2fe2afebb
fd61fd69fd9afdfa
fd61fd59fd51fd59
fd19fd11fd29fd51
0044fe22fdbafd29
03a8038803a00347
03a8039803a003a0
03a003a003a803a8
037f038803880390
0377037f037f037f
0367036f03770377
035f036703670367
01c60135016d0155
009500fd01fe0226
0044ff9cff730054
fecb0044ffe40014
fecbfeb3fea3fe72
ff9cffacffacff43
004c011d012d005c
ff73ffa4ff630044
ffacff3bff03fee3
fe4aff9c00cd0064
fefbfebbfe2afdc2
000cffecfff4fed3
fe3afe32ff430054
fe62fdc2fe2afea3
fe42fd71fdb2fe5a
ff1bff2bfee3fe93
fdaafe22feabff1b
fe12fe2afdeafd71
ff6bff0bfeebfeab
ff7bff9cff84ff94
fde2fdbafe22fedb
fd59fd79fd9afde2
fd61fd59fd61fd59
fd19fd19fd29fd41
ff94fe62fd92fd29
03a803900390029f
03a8039803a003a0
03a003a003a003a8
037f037f03880390
03770377037f037f
036f036f036f0377
035f036703670367
01fe0135016d0135
008d007c012501de
006cffecffb4ffac
fe4aff94004c0004
ff23ff0bfe7afef3
003cff84ffccff2b
00540074015500bd
feb3ff73ff53ffa4
ffc4ff13fed3feab
fde2ff4b00950085
ff7bfef3fe12fdb2
ffecfffcff33ff13
fe42fe1affb4004c
fe22fd92fe72feab
fdcafd69fe0afe7a
ff4bff3bfebbfea3
fda2fe52feabff43
fdf2fe2afdbafd51
ff73feebfeebfe62
ff7bff9cff94ff8c
fdbafdd2fe52fefb
fd49fd71fdbafdda
fd61fd51fd59fd61
fd29fd11fd39fd49
ff33fea3fd8afd19
03b003a80357015d
03a8039803a003a8
03a003a003a003a0
037f037f03880390
037703770377037f
036f036f03770377
035f036703670367
020e01ce014d0135
fffc006c0095016d
004c006cffacff8c
fecbfe7a003cffe4
fedbff13fef3feb3
006cffbcffccff53
ffec0034010d0105
feabff13ff8cff3b
ffe4ff13fec3febb
fdc2ff2b004400a5
003cff23fe1afdaa
ffccfff4feb3ff4b
fddafe62fffc0074
fdd2fdcafeabfe42
fd51fdb2fe62fe72
ff3bff13fedbfe3a
fdb2fe4afec3ff43
fe0afe1afd71fd49
ff4bff03fed3fe22
ff84ff9cff94ff94
fda2fdf2feabff3b
fd59fd69fdb2fdca
fd61fd41fd51fd51
fd29fd19fd31fd59
ff0bfee3fd69fd11
03b003a0029f0054
03a80398039803a8
039803a003a003a0
037f037f03880388
037f037f037f0377
036f036f03770377
035f035f0367036f
01b6022601a60145
ffac000c007c00fd
ffd400b5000cff73
ff23fe6afed3008d
ff0bfeabfeb3fedb
00950054ffc4ff33
ff63006c0074010d
fedbfe7aff84ff8c
0044ff3bfefbfea3
fdc2fec3000400d5
00adff4bfe2afdba
fffcff2bfe83ffd4
fdc2ff0300240085
fd92fe42fe6afde2
fd61fe3afeb3fe3a
ff5bff33fea3fd79
fdbafe32fefbff03
fe4afde2fd41fd59
fee3fefbfea3fe2a
ff9cff7bff63ff53
fd9afe3afef3ff53
fd69fd61fda2fdba
fd49fd31fd51fd59
fd11fd09fd39fd61
ff23fed3fd49fd11
03b0037f01b6ff9c
03a8039803a003a0
038803a003a003a0
037f037f03880388
0377037f037f037f
036f037703770377
035f035f0367036f
017501f602060196
ffac000c004400b5
008dfff400bdff9c
ff33ff33fe52ffbc
fefbfed3fec3fe2a
00c5005cfff4ff4b
ff94003c008d0064
fe7afe2afec3fff4
0054ff3bff33fe7a
fdeafe72ffc400b5
00fdff9cfe5afdca
000cfea3fef30044
fe2aff6b00640064
fdaafe6afe0afdd2
fdd2fe7afeabfde2
ff53fe8bfd8afd29
fdf2fe83ff4bff53
fe1afd61fd41fdaa
fec3febbfe32fe32
ff94ff53ff43fefb
fda2fe8bff1bff8c
fd51fd61fd9afda2
fd41fd29fd41fd59
fd11fcf9fd29fd61
ffa4fe8bfd29fd21
03a802ff00e5ff6b
03a803a8039803a0
0388039003a003a0
0388038803880390
03770377037f037f
036f037703770377
0367035f0367036f
00ed01ce01fe01b6
ffd4fffc000c0085
00a50074004c00d5
fe02ff6bff3bfedb
fedbfed3fecbfe02
00cd00540004ff7b
ff9cffac00c50044
fe4afe83fe02ffb4
0074ff6bff3bfe83
fde2fe42ff9400a5
0145fffcfe83fdda
ff84fe5affac00dd
feabffcc00ad0004
fe0afe1afddafdea
fe4afe9bfe3afdb2
fe22fd59fd39fd92
fe1afea3fedbfed3
fd9afd21fd61fdd2
feabfe4afde2fe42
ff84ff3bff03fe8b
fdc2fedbff73ffac
fd59fd59fd92fd92
fd39fd21fd29fd71
fd09fcf9fd21fd59
007cfe62fd31fd11
0390024600cdff13
03a003a003a003a0
0390039003a003a0
037f038803880390
037f037f037f037f
036f037703770377
035f03670367036f
00ad014d01f601be
0074fff4ffdc0074
ff7b010d007c00d5
fdb2fe4afee3ff2b
fef3fe93fee3fec3
003c00cd0004001c
ffbcff6b005400ad
fe3afeabfdf2fee3
0085ffa4ff1bfea3
fdc2fdc2ff5300a5
01860074fed3fdea
fea3fefb004c0175
ff6300740085ffb4
fe62fdfafda2fe4a
fe6afe3afd92fdba
fd49fd39fd9afe2a
fdeafe12fdb2fd82
fd29fd39fd8afda2
fe52fdfafe3afdb2
ff9cff3bfe83fe32
fe4aff4bffe40004
fd59fd71fd79fda2
fd41fd21fd21fd79
fd09fd09fd31fd61
0074fe0afd29fd11
0357020600cdff1b
03a803a803a00398
03900390039003a0
0377037f03900390
037f037f037f037f
036f037703770377
036703670367036f
00cd00cd01c60206
00d5001cffec005c
ff63004400a5008d
fdd2fe52fe12fecb
ff9cfea3fe9bfef3
0034009d005c000c
ffd4ff94fff400a5
fe32feabfe1afe12
0074ff9cff03fed3
fe1afdc2fefb0064
01b600ddff33fe0a
fe930034011501ce
002c00a5fffcff43
fe32fdbafe1aff1b
fe2afd79fd69fe1a
fd31fda2fe22fe52
fdb2fd82fd49fd21
fd49fd8afd9afda2
fde2fe12fdb2fd21
ffa4ff03fe4afe22
fea3ff94fffcfff4
fd49fd61fd79fdba
fd41fd21fd19fd69
fd09fd11fd41fd61
004cfdb2fd21fd01
02df01ce004cffc4
03a803a803a803a8
03900390039003a0
0377038803900390
0377037f037f037f
036f036f03770377
0367036703670367
00d50095011d01fe
0095009d000c0024
ff13ffdc00b5001c
fe1afe0afe32fdb2
fffcff33fe72fea3
00c5001c00a5ffe4
ff43ffe4ffbc0054
fe93fe93fe72fdda
006cffbcff23ff0b
fe1afdcafea30034
01ee014dffacfe32
ff94012d018e0206
0085000cff53ff03
fd92fda2fed3002c
fdbafd82fdd2fe0a
fdb2fe02fe1afe1a
fdb2fd69fd41fd59
fd79fd9afdaafde2
fd79fd49fd11fd41
ff1bfe7afe52fdba
feb3ff53ff84ff5b
fd41fd51fd69fdd2
fd39fd21fd09fd59
fd19fd21fd41fd51
fffcfd8afd39fcf9
021e01ceffbc0054
03a803a803b00388
03900390039003a0
037f038803880390
0377037f037f037f
036f036f036f0377
035f035f03670367
00c50095008d0186
ffd400c5005c0014
fe02ff8400950024
fe5afdfafe6afda2
ffd4ff9cfec3fe93
00bd007c0034006c
fe8bfffcff94000c
fec3fe52fedbfe0a
005cfff4ff33ff3b
fe1afdcafe62002c
01de01750014fe93
0085015d01ae01f6
fff4ff23ff1bff33
fd61fdfaffac0095
fd9afddafe22fda2
fe12fe12fde2fdaa
fdc2fdb2fda2fdca
fdeafe5afe5afe0a
fd09fcf1fd31fd82
fe42fdf2fd79fd21
fe72fecbfefbfedb
fd31fd51fd69fdea
fd31fd09fd01fd41
fd19fd21fd49fd41
ff73fd82fd39fcf9
01c60175ff3b003c
03a803a803b00347
03900390039003a0
0388038803880390
037f037f037f037f
036f037703770377
036703670367036f
00cd00a5003c010d
ff7b000c00c50044
fda2fe62ffb4004c
fe52fdfafe0afdc2
0024ff73ff6bfedb
004c00d5005400bd
fe1aff94ff7bffac
fefbfe62ff13fe6a
0024ffd4ff13ff33
fe1afdd2fe5a0034
01550125fffcfe93
002400c5012d0165
feebfeb3febbff1b
fde2fed3ff94ff94
fe02fe22fdcafd82
fedbfe93fe22fdc2
fe32fe72fe83feab
ff4bff5bfee3fe42
fcf1fd21fdcafec3
fd51fd31fd09fce9
fe02fe12fddafd79
fd29fd51fd79fdca
fd29fd09fd09fd51
fd09fd21fd51fd51
ff33fd71fd31fcf1
020e00cdff53005c
03a003a803a002d7
0390039003900398
0388038803900390
037f03880388037f
036f037703770377
03670367036f036f
00a500fd008d0085
fff4ffb400ad0064
fd8afddafee3005c
fea3fe02fe72fdea
009dffc4ff63ff73
fffc0085009d001c
fe02feebffb4ff9c
ff43fe6aff23feb3
0004ffbcff0bff2b
fdaafda2fe4a0004
008d004cff63fe2a
ff7bfff400640095
fe7afe6afe7afed3
fe5afeb3feb3fe93
fe9bfdf2fda2fdea
ffbcff23fe7afe83
ff2bff73ff84ffc4
ffacff84ff23fef3
fd51fe32ff13ff94
fd39fd19fd01fcf9
fd92fd71fd71fd59
fd29fd59fd71fd92
fd29fd11fd11fd51
fd09fd31fd49fd51
fecbfd61fd19fce9
023e0085003400a5
039003980377022e
0390039003900390
0388038803900390
037f037f037f037f
036f037703770377
03670367036f036f
00ad00f500dd0014
ffdcffcc00440095
fd79fdaafe3aff8c
ff3bfe0afe3afdfa
0095002cff3bff63
ff8c001c00b5002c
fe12fe83ffb4ff6b
ff43fe7afefbff0b
fff4ffacff0bff43
fd8afd82fe22ffcc
004c0004ff3bfe4a
ff2bff84ffdc0024
fe8bfe72fe93fee3
fe6afe7afe9bfe93
fe93fe12fe1afe6a
0004ffa4ff8cff5b
000c00440064006c
ffacffbcffbcffbc
fe42fec3ff1bff7b
fdc2fd92fd82fdba
fd79fda2fde2fdda
fd21fd61fd79fd69
fd19fd09fd19fd51
fd01fd31fd41fd41
fe52fd59fd01fce1
022e003400c500bd
03900398031f01c6
03a0039003880390
037f038803900390
037f037f037f037f
036f0377037f037f
035f035f0367036f
005c00dd00dd0085
ffacff7b000400c5
fdb2fd69fdf2feeb
ff63feb3fe22fe62
003c00a5ff8cff0b
ff73ffac007c009d
fe62fe22ff53ffbc
ff6bfedbfed3ff5b
ff9cff73ff03ff53
fdf2fda2fe22ffac
00ed00cd0004feeb
fff4002c0054009d
ff6bff6bff94ffbc
fef3ff23ff6bff73
fedbfe9bfeabfed3
007c0054002cff94
0064008d00b500ad
ffa4ffe4fff40024
fe72fea3fedbff33
fde2fde2fe02fe62
fdcafde2fdf2fde2
fd21fd61fd82fd92
fd01fd01fd09fd49
fd11fd31fd41fd39
fe0afd51fcf9fce1
019effe4014500ad
0398039002b701c6
0398038803880398
037f038803900390
037f037f037f037f
036f03770377037f
035f036703670367
00dd00f500cd00fd
ffacff0bff6b00bd
fdaafd51fd9afe3a
fec3ff53fe6afe62
009d004c006cff3b
ffccff530014005c
fea3fe12fecbffbc
ff9cff4bfebbffa4
ff53ff6bff03ff4b
fe7afde2fe0aff73
0165014d00adff7b
007400c5010d014d
fffc0004001c0044
ffec000c00240014
ff8cff8cffacffd4
00dd00a50064ffec
006c00a500d500ed
ffbcfff40014002c
fe2afe6afedbff43
fe52fe22fe12fe2a
fe8bfea3fe9bfe7a
fd31fd71fdbafe32
fcf9fd09fd11fd39
fd11fd39fd41fd29
fdd2fd41fd01fce9
00cd001c01ce007c
03980390025601ce
0388037f03880398
037f038803880388
037f037f037f0377
036f036f0377037f
035f036703670367
016d012d011500dd
ff03ff03fefb000c
fdbafd61fd51fe12
fedbfedbfed3fe7a
001c002400740034
ffacff33ffac002c
ff2bfe1afe93ff8c
ffbcffc4feabff8c
ff23ff6bfef3ff33
fe9bfe02fdfaff2b
01550125009dff8c
00a500fd0135015d
fff4fff4002c006c
004c004c003c0014
005c005c00640064
00f500d500b50074
007400b500ed00fd
ffb4ffdc0004002c
fe62fe93fed3ff33
fef3feb3fe7afe62
fefbff0bff13ff0b
fd31fd79fe02fea3
fcf9fcf9fd09fd39
fd11fd39fd49fd31
fdb2fd31fd01fcf9
002400640216005c
03a80388024601e6
03770377037f03a0
0377037f03770377
037f037f03770377
036f036f0377037f
035f036703670367
00f5018601550165
fe83ff23feb3ff73
fdfafd82fd39fdd2
ffc4fedbfec3ff03
ffb400340044004c
ffa4ff7bff2b0024
ff84fe32fe5aff1b
ffccffd4fecbff7b
ff3bff33ff03ff1b
fe93fe22fdfaff33
010500dd0054ff73
006400ad00e5010d
fff4000c0034005c
005c004c0024fff4
00a5009d008d0074
00f500fd00dd00bd
006c00ad00ed00fd
ff7bffb4ffec002c
fe93fea3febbff0b
ff63ff2bfed3fea3
fefbff23ff4bff63
fd39fd79fdfafebb
fd11fcf1fd09fd41
fd19fd31fd49fd39
fd92fd39fcf9fd01
000c010d01f60004
03a80367024601ae
0367036f037f03a0
036f036f036f0367
037f037f03770377
036f036f03770377
035f03670367036f
002c017d01fe016d
fe02fedbfef3ff4b
fe5afd92fd39fd79
ffecff03febbfec3
0004ff940095fffc
ff5bffbcfef3ffac
ffe4fe93fe3afed3
ffd4ffecff43ff33
ff6bff03fef3fecb
fe83fe2afe0aff4b
ffe4ffecffb4ff23
ff1bff7bffacffe4
ffd4ff7bff23ff0b
004c0024ffecfff4
009500850085005c
0115010500e500bd
007400b500f5010d
ff23ff7bffcc0024
febbfe9bfeb3fee3
ff1bff6bff6bff03
fe22fe2afe5afeab
fd39fd61fdc2fe12
fd21fd09fd11fd51
fd29fd39fd41fd41
fd79fd29fcf1fd01
005c01ce01c6ff3b
03b0032f01e60155
03770377037f0398
037f037703770377
037f037f037f0377
0377037703770377
035f03670367036f
ffd4010d024e0226
fdbafea3feebff0b
fe9bfdb2fd51fd69
ffc4ffacfecbfe6a
001cff84001c005c
ff3bffd4fed3ff13
ffccfefbfe32fe83
ffecffe4ff73feeb
ff53fe9bfed3fecb
fe6afe32fe02ff0b
fec3ff03feb3fe8b
fe02fe8bfe7afe7a
fe9bfe12fdd2fdda
0044000cffdcff73
00ad007c005c004c
012d011d00fd00d5
006c00c50105012d
fed3ff23ff940014
ff23fecbfea3feb3
fdbafe9bff7bff9c
fd61fd49fd41fd61
fd39fd49fd71fd61
fd19fd09fd11fd49
fd39fd41fd41fd39
fd79fd29fcf1fcf1
00f5021601aefeeb
03a802f701de00fd
037f037f037f0390
037f037f037f037f
037f037f037f0377
0377037703770377
035f035f0367036f
ff5b0095020e0287
fda2fe32fee3fed3
fe8bfe02fd59fd61
0004ffa4ff23fe83
ff84ffdcff53006c
feebff7bff13fe83
ffb4ff73fe3afe6a
0004ffecffd4fedb
ff23fe83feabfecb
fe0afe1afe1afee3
fe32fe0afe12fe2a
fdc2ff9cfe3afdf2
fe8bfdfafda2fd71
002cfffcff6bfe93
00cd0085004c0044
014d012d010d00f5
006400bd01150145
fea3fee3ff63fff4
ff8cff13fec3fe93
fd51fdeafe83ff2b
fe0afdaafd51fd31
fd41fd49fd61fd8a
fd19fd09fd19fd41
fd39fd39fd41fd31
fd69fd19fce9fd01
019e02460135fecb
0390027e018e008d
037f037703770388
037f037f03880388
0377037f037f0377
0377037703770377
0357035f0367036f
ff3b00640196025e
fdb2fddafe6afefb
fe6afdfafd71fd61
0044ff8cff6bfec3
fefbffe4ff43ffc4
fe8bff43ff4bfe6a
ff5bff94fe6afe5a
ffcc000c0014fee3
ff2bfe83feb3fea3
fdbafdeafe0afec3
ff84fe52fd82fdba
fd71ff43febbfea3
ffbcfe6afe0afdaa
fff4ffacff23ff73
00e5008500340024
0175015501350115
005c00cd01350165
fe72fea3ff2bffd4
ff53ff8cff03fe83
fd51fe32fe93fdda
fe8bfdd2fd71fd51
fd39fd49fd71fde2
fd29fd11fd19fd39
fd29fd49fd49fd39
fd69fd11fcf1fcf9
0216023e00f5fe6a
037f022e0165006c
0388037f037f0388
0377037f03880388
037f037f037f0377
036f03770377037f
034f0357035f0367
ff43ffd4011d0226
fd9afdc2fe22febb
fe93fe0afd8afd61
0004ffa4ff33fefb
feabff4bff84ff43
fe6afefbff8cfe62
ff0bffacfedbfe52
ff9c00240014ff2b
fefbfecbfed3feb3
fd69fd8afde2fec3
003cff1bfdeafd9a
fd59fe3afe6afefb
0044febbfe1afda2
ffccff3bff7b0024
0105008d0034000c
01960186015d013d
006c00e5014d018e
fe52fe7afefbffc4
fe9bffb4ff5bfea3
fd11fd9afe32fe2a
fea3fe02fd92fd39
fd39fd49fd79fdf2
fd31fd11fd19fd31
fd11fd51fd51fd51
fd59fd11fcf9fce9
0236021e009dfe42
037701fe00fd0085
0390039003900388
037703770377037f
037f037f037f037f
036f03770377037f
034f034f035f0367
ff0bffc4008d01ce
fd9afdbafe22fe1a
febbfe32fd92fd79
ffa4ffd4ff63fef3
fe4afed3ff8cff03
fe62feebff2bfebb
fed3ffbcff1bfe62
ffb40064001cffc4
fedbfeebfed3feb3
fdcafdb2fdf2fea3
006cff43fe72fe12
fdeafe3afebbffdc
008dff9cfe5afdfa
ffa4ffacff7b0014
013d00b50044001c
01ce01b60186016d
00850115017d01ce
fe62fe62fedbffb4
fe7aff0bffd4fefb
fd51fdaafe93ff73
fed3fe9bfdf2fd82
fd39fd61fda2fdf2
fd29fd09fd21fd29
fd11fd59fd51fd59
fd49fd01fcf9fce9
02360236005cfde2
035f01d6007c011d
0398039003880388
037f037f037f0388
037f037f037f037f
036f03770377037f
034f034f035f0367
fe72ff9c0074013d
fd82fd92fe0afdca
feabfe3afdcafd71
ff23ff5bff4bfef3
fe62feb3ff23ff5b
fe5afeb3ff0bff43
fee3ff8cff33fe5a
ff9c007cfffc001c
fedbfebbfeabfe9b
fe4afe2afe4afe8b
0074ffc4ff2bfea3
fecbff4b000400a5
0064004cff53fecb
ff73ffa4ff73ffd4
018600e5007c003c
01fe01e601be01a6
00ad014d01c60206
fe8bfe5afed3ffc4
ff23fe9bfff4ff6b
fe32fec3ff7bffd4
fecbff03fe8bfe32
fd29fd71fdeafe4a
fd21fd11fd21fd21
fd11fd51fd51fd59
fd41fd01fcf9fcf1
02260206ffccfda2
03270196004c01ae
03a00390037f037f
0388038803900390
037f037f037f0388
0367036f0377037f
034703470357035f
fe0aff0b005400e5
fd79fd79fde2fdba
fedbfe4afddafd71
fedbff73fedbfefb
fe8bfe8bfeb3ff73
fe6afe8bfef3ff13
fef3ff4bff73fe72
ff5b00bd00240034
fecbfe93fe62fe6a
fe9bfe9bfea3fe72
00fd0074ffb4fef3
009500dd010d0115
003c00640074007c
0024fff4ffe40004
01d6012d00b5009d
022e020e01ee01ee
00d5017d021e0256
fec3fe6afee3fff4
fffcff6bfffcffac
ff43ffacffc4fff4
fe93fed3fef3ff03
fd21fd71fdeafe4a
fd21fd21fd29fd21
fd11fd59fd61fd49
fd39fd01fcf9fcf1
025e01aeff2bfd92
02f7018e006c01e6
039803900388037f
0388038803900390
037f037f037f0388
0367036f03770377
034f034f0357035f
fddafeabffac00a5
fd79fd92fddafdaa
fefbfeb3fdcafd79
ff1bfeebff33fe52
fe93fe83fe8bfed3
fe5afe72feebff0b
ff3bfed3ff73fe9b
fef300ed004c000c
fe93fe8bfe2afe4a
fefbfee3fedbfe8b
011d00a5ffecff5b
012501550175016d
001c006400b500fd
0095002cfffcfff4
021e018600e500d5
0246021e021e0226
00ed01be027e0297
feebfe93ff2b002c
ffdcffd40024ffb4
ff8cff8cffacffdc
ff0bff53ff73ff84
fd29fd8afe02fe93
fd29fd39fd39fd29
fd19fd69fd79fd49
fd41fd01fcf1fcf1
0266016dfecbfd82
02df016500b501f6
0388038803980377
0388038803900390
037f037f03880388
036f03770377037f
034f03570357035f
fddafea3ff5b0004
fd92fd92fdd2fdb2
fe52fed3fe62fda2
fed3fe9bff2bfe72
feb3fea3fe8bfeab
fe62fe52febbff03
ff8cfeb3ff6bfee3
fea300e5009d0014
fe5afe8bfe22fe42
ff63ff33ff0bfe9b
00f500bd005cffcc
00f5011d0125010d
0034006400a500d5
00dd007c00440034
024601de013d00fd
024e0226022e023e
011d01f602b702af
ff03febbff73007c
fff4000c002cffac
ffe4fff400040004
ff0bff73ffacffcc
fd49fdfafe52fea3
fd39fd59fd69fd49
fd29fd71fd82fd49
fd41fcf9fcf9fcf9
025e00f5fe8bfd79
02b700ed00dd021e
037f037f03a0034f
0388038803900388
037f037f037f0388
036f03770377037f
0357035f035f0367
fe02fe8bff63ffc4
fdc2fdc2fdbafda2
fe12fe83fe7afe0a
fec3febbfeabfebb
ff0bfe52fe9bfe7a
fe7afe7afe8bff03
ffe4feb3ff5bff33
fe72006c01050024
fe5afe7afe32fe5a
ffacff5bff3bfebb
015d014500dd003c
011d0145015d0165
00ad00bd00dd010d
012d00fd00c500b5
025e022601b60155
02560236023e0256
0145020602cf02af
ff23feebffcc00bd
002c003c0024ff9c
0024003c00440034
ff84ffc4ffec000c
fd69fe7aff23ff4b
fd59fd69fd59fd51
fd31fd61fd79fd51
fd49fd09fd09fd01
0226007cfe3afd92
026e007400d50256
0377039003a0031f
0388038803880388
037f037f037f037f
036f03770377037f
035f03670367036f
fe12fe8bff840034
fe42fe22fd9afd71
fe12fe62fe0afe02
fe93febbfe52ff13
fee3fe42fe2afeab
feb3fe52fe6afee3
001cfecbff0bff94
fe42ffec01350014
fe62fe7afe4afe4a
ffecff84ff4bfed3
01c60196014500b5
0175019e01be01d6
011d012d013d015d
0175015d013d011d
02760266020e01a6
02560246024e025e
015d022e02df02a7
ff23ff2b001c00e5
004c0044000cff9c
0044005c005c0054
ffec0014001c0024
fdcaff13ffb4ffcc
fd71fd69fd29fd51
fd31fd49fd69fd59
fd49fd11fd11fcf9
020e008dfe02fdaa
020e00d50125024e
036f0398038802ef
0388038803880388
037f037f03880388
036f037703770377
035f0367036f036f
fdeafecbff84002c
fdc2fe12fda2fd51
fe8bfe2afdfafdda
fe93fec3fe8bfea3
ff33fe7afdb2fe7a
fef3fe22fe3afebb
001cff53feb3ff7b
fde2ff6b013d0054
fe4afe62fe52fdfa
004cffbcff5bfedb
01ee01be017d010d
01ae01ce01de01f6
016d016d0175018e
01a601a6019e017d
028f028f024601ee
025e024e025e0276
017d024e02ef02af
ff2bff8c0074010d
0054003cfff4ff8c
0054006c0074006c
00440054004c004c
fdfaff9c00240034
fd8afd61fd21fd51
fd39fd51fd69fd82
fd49fd11fd11fcf9
0186004cfdf2fdaa
01ee012d01b6022e
037703a0036f02a7
038803880388037f
0377037f03880388
036f036f03770377
035f0367036f036f
fdb2fe9bff8c000c
fdcafde2fd8afd49
fefbfe22fe12fe1a
fea3fe52feebfe62
ff5bfe93fdbafe22
ff53fe4afe3afe8b
001cffa4fea3ff4b
fdd2fedb00ed009d
fe4afe42fe42fdca
00ad000cff7bfee3
01ee01ce018e013d
01d601d601f601fe
01be01ae01b601ce
01de01be01c601ce
0287028f025e021e
026e02560266027e
019e026602f702af
ff4bffdc00a5012d
005c002cffdcff7b
0085008d008d0074
0085008d008d007c
fe5affec00640085
fd92fd49fd19fd71
fd29fd51fd71fd92
fd49fd09fd01fce9
013d0004fdd2fd82
01fe0186020e0206
03880398034f0256
0388038803880377
037f037f037f0388
0367036f03770377
035f036703670367
fd92fe4aff4b0004
fdeafddafd92fd71
fed3fe6afe0afe02
fe4afe32fe83fe8b
ff33fedbfdf2fdea
ff84fe6afe2afe62
0014ffecfe8bff1b
fe12fe8b007c009d
fe3afe42fe3afdfa
01150064ffc4fef3
01f601de01be017d
01e601e601ee01fe
01ee01ee01ee01f6
020601de01de01ee
027e028f026e0236
026e025e0266027e
01be0287030f02b7
ff6b000400c5013d
0054000cffacff63
00a500a5009d0085
00a500ad00ad00ad
feb30034006c0085
fd92fd41fd39fd82
fd09fd41fd79fd9a
fd31fd09fcf1fcf1
0115ffacfdcafd69
01c601de025601fe
037f0390031f023e
038803900388036f
037f037f037f0388
0367036f03770377
035f036703670367
fd82fe12fefb002c
fe12fdfafd9afd8a
fe7afecbfe22fe12
fe0afe42fe0afe93
fed3ff3bfe4afdc2
ff6bfeb3fe1afe3a
ffecfff4fedbfed3
fdf2fdf2ffe40095
fe32fe22fe1afe12
016500c5fffcff1b
0206020601ee01c6
01f601f601fe020e
01fe020e02060206
021601f601ee01ee
02870287026e0246
0276025e0266027e
01e602af030f02b7
ff94002400d5015d
004cffe4ff7bff4b
00b500b5009d007c
00b500c500b500ad
feeb0054007c008d
fd8afd41fd59fd71
fd01fd39fd71fdaa
fd31fd21fce9fce9
00e5ff9cfdb2fd82
01ee0246028701be
0388039002df0216
037f0388037f036f
03770377037f037f
0367036f03770377
035f035f035f035f
fd92fddafef3ffec
fe12fe2afdc2fd9a
fe72feb3fe72fe12
fdfafe42fde2fea3
fec3ff33fec3fe32
ff23fee3fe1afe3a
ffe4ffc4ff03fe9b
fdcafddaff4b00a5
fe42fe12fe12fe02
01be0125002cff5b
020e0216020601f6
01fe01ee01f60206
01f6020601fe01f6
021601fe01f601f6
027e027e0266023e
026e025e025e0266
022e02ef031702a7
ff9c004400fd0186
004cffccff53ff3b
00c500ad00950085
00b500b500b500bd
ff030044008d009d
fd9afd41fd29fd82
fd11fd39fd79fdca
fd29fd31fcf1fce1
015dffccfdbafdca
022e026e028f01d6
03980377029701de
037f038803900388
0377037f037f037f
0367036f03770377
035f035f035f0367
fd9afdaafeb3ffac
fe22fe2afe02fdaa
fedbfe93fe93fe2a
fe22fe42fe0afe42
feb3ff23fecbfe52
fedbff03fe5afe2a
ffd4ffacff43fe72
fdc2fddafe93004c
fe6afe02fe02fdea
01ee01750074ff7b
0206020e020e0216
01f601ee01fe01fe
01f601fe02060206
020601fe01ee01ee
025e0266024e0226
025e02560256025e
02660317031f029f
ffbc0085012d01b6
0034ffbcff3bff3b
00b500a50095007c
00b500ad00b500bd
ff4b0034007c009d
fd9afd41fd11fd82
fd09fd41fd92fdca
fd31fd21fcf1fcd9
01d6ff94fe02fdd2
026e028f026601c6
0398034f0266019e
0388038803880390
0377037f037f037f
0367036f03770377
035f035f035f0367
fda2fda2fe42ff5b
fe22fe12fdf2fdf2
fec3fe7afe5afe4a
fe02fe62fe42fdf2
fe93ff03feebfe3a
fea3fedbfebbfe3a
ffe4ff9cff7bfe8b
fdb2fdc2fe52ffc4
fe9bfe02fe02fdba
01fe01a600d5ffa4
0216020e02160216
01fe01fe02060206
01ee01f60206020e
01e601de01d601e6
023e023e021601f6
0256024e02560256
027e031f031f029f
ffec00bd015d01d6
001cffacff43ff5b
00c500bd0095006c
00ad00b500bd00cd
ff6300440074008d
fd79fd21fd01fd9a
fcf9fd31fd82fdca
fd39fd09fd01fce1
016dfe7afe12fdaa
028f02af022601de
037f0337022601be
037f037f037f0388
0377037f037f037f
0367036f036f036f
035f035f035f0367
fde2fda2fe02fee3
fe22fe12fdeafe02
fe4afeebfe32fe83
fdfafe12fe22fe12
fe7afeb3ff0bfe83
fe72fe72fee3feb3
ffe4ff9cff8cfe9b
fd9afdaafdfaff33
feb3fddafde2fdc2
01fe01be0115ffe4
021602160216021e
02160206020e0216
01e601fe020e0216
01b601ae01c601de
022601fe01ce01ae
025e024e02560246
028f032f031f029f
000c00e5016d01e6
fffcff73ff33ff73
00c500ad00950064
00a500c500dd00d5
ff5300240074008d
fd79fcf9fce1fd8a
fcd9fd31fd79fdba
fd51fd11fd09fce9
005cfef3fe32fd9a
02bf02d701fe01c6
035f030701c60196
037f037f037f0377
036f037703770377
0367036f036f036f
035f035f03670367
fe02fde2fdeafe9b
fe12fe1afe02fde2
fdeafedbfe5afe6a
fddafde2fe02fe0a
fea3fe3aff0bfec3
fe5afe5afe83ff4b
ffd4ffa4ff94fed3
fd82fda2fdcafe9b
fee3fde2fdaafdaa
01ee01ae013d002c
021602160216020e
0216021e020e020e
01ce01ee020e020e
016d017d01a601c6
022601e60196015d
026e0266025e0256
02660317030f02a7
001c00e5016d01d6
ffc4ff3bff63ff84
00cd00b5008d0044
009d00b500d500dd
ff2bfffc0054008d
fd8afcf9fce1fd8a
fcc9fd29fd61fd92
fd69fd21fcf9fce9
0074ffd4ff13fdc2
02af02af01e60074
034f02e701b6019e
037703770377036f
0367036f036f036f
0367036f036f036f
035f035f0357035f
fdf2fe22fdfafe4a
fe12fe12fe32fdea
fdf2fe93feabfe32
fe62fe22fe32fde2
fef3fe6afedbff1b
fe4afe93fe4afedb
ff94ffdcffacff0b
fd82fda2fdc2fe2a
ff23fe22fda2fdaa
01e601ae015d008d
0226021e021601fe
021e0226021e0226
01be01d601fe020e
0115013d016d01a6
024e021601b60135
027e027602760266
021e02cf02ef029f
002400dd015d01ae
ff7bff84ffacff84
00d500b500850014
00a500c500d500e5
ff13ffdc00440074
fd69fcf1fce1fdb2
fcd1fd29fd61fd41
fd59fd21fce9fcf1
01b6ffb4fffcfe22
02b70287012dfff4
032f02cf01de01e6
03770377036f035f
036f036f036f0377
03670367036f0377
03670367035f0367
fe0afe22fe0afe1a
fe22fe0afe42fdfa
fdeafe6afef3fe6a
fecbfdfafe1afdca
ff1bfec3febbff2b
fe32fe9bfe62fe32
ff1bffe4ff7bff03
fd82fd79fd82fdd2
ff73fe6afdeafda2
01de01b6017500c5
02360226021601fe
021602260236023e
019601b601d601fe
00d500fd012d016d
0276025601f6015d
0276028702870287
01d6027e02cf0297
001c00c50135017d
ff6bffb4ff6bff73
00cd00b5006cffec
009d00c500dd00dd
feebffac002c0064
fd41fce9fcf1fdba
fcd1fd19fd61fd09
fd82fd31fce1fce9
0206ff94003cfe52
0287022e002400cd
033702b7020e020e
036f037703670347
036f036f036f036f
0367036f036f0377
0367036703670367
fe22fe1afe0afe22
fe3afdfafe3afe12
fda2fe52feebfed3
ff23fe6afe22fde2
fe8bff4bfeabfee3
fe12fe5afe8bfdc2
fe83ffc4ff8cfecb
fda2fd69fd92fd82
ffdcfea3fe1afdd2
01de01be018600fd
02360226021601f6
0206021e02360246
017501ae01ce01d6
00e500c500fd013d
028f026e022601ae
024e0266027e0297
019e021e0276024e
001c007400ed013d
ff6bff94ff43ff7b
00cd009d003cffa4
008d00c500d500d5
fec3ff84000c005c
fd11fcf1fce9fd9a
fcd9fd01fd61fcf9
fdaafd31fce9fcd9
01deffbc005cfe7a
026e015d002c01d6
033702970226020e
036f037703570347
0377036f036f036f
0367036f036f036f
0367036703670367
fe22fe22fe12fe42
fe62fde2fe1afe3a
fd92fe1afe93ff0b
ff03febbfe2afde2
fdeaff13ff5bfebb
fd92fdeafe5afdf2
fdeaff5bff84fe6a
fde2fd79fd79fd82
004cff0bfe4afdfa
01e601be018e012d
0236022602160206
01e60206021e022e
014d017d01b601be
012500a500cd010d
02560246021601ce
01ae01f6023e0256
012d0175019e019e
ff7bffec006c00d5
ff53ff8cff4bff0b
00d5008d000cff5b
007400ad00d500ed
fe9bff5bffd40034
fce9fce9fce1fd71
fcd9fce9fd59fcf1
fd8afd21fcd9fce9
0196ffdc0024fe52
0226001c00bd0216
032f0297020e01d6
036f036f0357034f
0377036f0377036f
03670367036f036f
035f036703670367
fe32fe1afe32fe3a
febbfdfafe02fe6a
fdcafe12fe42fefb
fee3fee3fe22fe0a
fde2fea3ff73ff6b
fd31fd92fe1afe5a
fdaafea3ff3bfe1a
fe3afdeafd71fd9a
00adff7bfe9bfe22
01ee01c6019e0155
022e021e0216020e
01d601ee020e0226
012d014d018e01b6
014d00c500bd00ed
01c601e601f601be
00fd0135017d01a6
00dd0115010d00fd
ff0bff63ffec0074
ff23ff33ff1bfef3
00dd0085ffdcff1b
0064008d00c500ed
fe72ff3bffbc0014
fcd1fce1fce9fd61
fce1fce9fd41fce9
fd49fd29fce1fce1
01b600440014fe1a
016d000401750236
030f02bf024601ce
03770367035f0367
0377037703770377
03670367036f036f
035f035f03670367
fe42fe12fe3afe42
fecbfe22fddafe4a
fd92fdcafdd2fe62
ff5bff33fe62fdda
fe32fe6aff3bffa4
fd49fd39fdbafe6a
fdd2fdeafedbfdea
fe12fe1afd82fd9a
00edffecfedbfe62
01fe01d601ae0165
0226021e02160206
01be01de01fe021e
0115013d0175019e
0186011d00e500e5
010d016501a60196
ffdcff4bff1b0034
009500cd00bd006c
fe42fefbff8c0014
fee3ff43fefbfe32
00dd007cffd4fefb
003c006c00ad00d5
fe52ff1bff7bffe4
fcc9fcd9fce9fd59
fcd1fce1fd29fcd9
fd49fd21fce1fcd1
01ae002c0054fe2a
005c008501e601e6
02ef02c7026601ae
0377035f036f036f
037703770377037f
03670367036f036f
0357035f03670367
fe52fe2afe42fe42
fec3fe6afdd2fe12
fd92fd69fdbafe3a
ffc4ffbcfeebfdf2
fe83fe42ff23ff7b
fd21fd29fd49fe1a
fdcafdaafe2afdba
fe5afe0afdaafd79
01250064ff53febb
01fe01d601be0186
020e0216020e0206
01ae01be01ee0206
011501350165018e
01d6018601450115
004c00f5016501be
0054ffe4ff0bff1b
002c009500b5007c
fe32fec3ff3bffac
feabff13fefbfe52
00cd0085ffecff1b
000c0044009500bd
fe3afeebff5bffbc
fcc9fcc9fce1fd59
fcc1fcd1fd31fcd1
fd39fd21fce1fcd9
019efffc0014fe0a
ffdc0135020e01f6
02e702b7024e016d
036f035f0377036f
0377037f037f0377
036f036f036f036f
0357035f03670367
fe5afe12fe42fe3a
fea3fea3fe1afdea
fdd2fd61fdbafe22
ff9cffccffc4feb3
fe7afe83fecbff84
fd61fd29fd29fdaa
fdb2fe02fdbafd8a
fecbfe2afdc2fd8a
015500cdffdcff13
01fe01e601d601a6
02060206020601fe
01b601ce01f60206
013501350165018e
024601f60196015d
005c00f501d60266
010d012500dd0044
ffd4004400b500d5
fefbff0bfefbff6b
fecbfecbfeabfeb3
00ad007cfff4ff4b
ffdc002c006400a5
fe3afedbff2bff8c
fcc1fcc1fcd9fd61
fcd9fcc9fd31fcd1
fd29fd21fcf9fce1
0196002cff53fde2
009d01de01fe0246
02ef02b7024e00fd
036f0367037f0367
0377037f037f037f
036f036f036f036f
0357035f03670367
fe52fe3afe32fe42
fecbfec3fe7afe02
febbfde2fdb2fe1a
ff94ff73ffd4ff63
fe02fea3fe93ff43
fd71fd71fd21fd41
fdc2fe32fdb2fd61
ff23febbfddafdc2
017d0115005cff84
01f601ee01e601be
020601fe01f601fe
01b601ce01ee0206
016d015d016d018e
029f025601ee0196
01a60216028f02c7
0175019e0196018e
ffbcffec006400f5
fee3ff0bff2bff7b
ff0bfedbfe9bfea3
009d005cffe4ff63
ffc400240054008d
fe1afecbff03ff63
fcc1fcc1fcd9fd49
fd01fcc9fd19fcd9
fd19fd19fd19fd09
01960054feabfdda
00f5020e01ee025e
02ef029f024e00a5
036f036f037f0357
036f0377037f037f
03670367036f036f
0357035f035f0367
fe52fe7afe32fe52
fe9bfebbfec3fe4a
fe8bfe2afe4afe2a
ff9cff7bff5bff8c
fd71fe52fecbff0b
fd59fd59fd59fd51
fdbafde2fdaafd61
ff63ff5bfe52fdca
0196014d00cdfffc
020601f601e601c6
01fe020601fe01fe
01b601d601e601f6
01a6018e017d0196
02bf029f024601e6
0246028f02bf02d7
019e01de01fe021e
007c0024006c0105
fee3ff33ffac002c
ff3bff1bfef3fed3
0074003cffe4ff73
ffa4fffc003c006c
fdfafeabfeebff43
fcc1fcc1fcd9fd39
fcf1fcb9fd19fce9
fd11fd39fd49fd92
01550064fe72fd8a
0155021602260236
02ef0287023e004c
0367037703770357
03770377037f0377
0377037703770377
0367036f036f0377
fe52fe6afe52fe52
fec3fecbfeb3fe72
fed3fe22fe0afe6a
ff63ffa4ff63ff73
fd41fd92fea3ff1b
fd49fd31fd31fd71
fdc2fd9afd71fd41
ffb4ffacff5bfe0a
01a6016d01150064
020601fe01ee01ce
01ee01f601f601fe
01be01d601de01e6
01de01b601a601ae
02c702a702760236
026e029702b702c7
01b60206022e0246
010500540064011d
ff3bff73fff400a5
ff5bff43ff43ff33
00440024ffe4ff94
ff73ffcc0014003c
fddafe9bfed3ff13
fcc1fcc9fcd1fd21
fd31fcc1fd09fcf1
fd11fd39fd61fe12
0155ffe4fe2afd59
01a602760226022e
02e7027e01eeffb4
036f0377036f0357
03770377037f0377
0377037703770377
036f036f03770377
fe62fe52fe5afe52
fe83ff23fed3fe7a
ff23fe83fe62fdfa
ff53ffacff7bff6b
fd19fd71fe0afed3
fd29fd39fd41fd41
fe32fda2fd79fd51
003cfff4ffecff13
01b6017d013500bd
020e020601f601de
01ee01f601fe01f6
01c601de01de01ee
022e01f601d601be
02af02a70287026e
02760287029f02b7
01ee0226023e0256
0135007c0074014d
ff84ffb4003400fd
ff8cff73ff6bff6b
002400140004ffc4
ff3bff9cffe4001c
fdd2fe8bfec3feeb
fcb9fcc1fcc9fd11
fdf2fcd9fd11fcf9
fd11fd49fdb2fecb
013dff43fe12fd69
022e02df022e01f6
02cf023e013dffcc
036f037703570357
03770377037f0377
03770377036f036f
036f036f03770377
fea3fe7afe72fe62
fe42fec3ff2bfedb
ff6bfe52fe83fe93
ff3bffdcff94ff5b
fd09fd49fde2fe02
fd41fd21fd31fd59
feabfdc2fd8afd8a
0095002c0014fffc
01be018e01550105
020601fe01e601de
01f601fe02060206
01de01de01f601f6
025e0226020601ee
028f0287027e027e
0266026e026e028f
021e0246024e0256
015d00a500c5019e
ffacffe40074014d
ffbcff94ff9cffac
fffc0004fffcffd4
ff13ff7bffc4ffec
fdaafe6afeb3fecb
fcb1fcc9fcc9fcd9
fe0afce9fd01fcf9
fd21fd59fe02ff23
011dfedbfddafd82
02b702c7028f01c6
02a7021e008d002c
0377036f034f035f
0377037703770377
037703770367036f
036f036f03770377
ff33fec3fe83fea3
fec3fe9bfee3fecb
ff7bfeabfe0afeab
fe72ffc40004ff63
fd21fd41fdc2fde2
fd79fd49fd39fd29
fe9bfdbafdcafd9a
00c5005c003c002c
01be01a601750135
01fe01f601e601d6
01f601fe01fe0206
01f601e601ee01ee
0246022e021e020e
025602560266025e
0256025602560256
022e025e0266025e
016500fd014501d6
ffdc001400850155
ffccffc4ffc4ffd4
ffdcffe4ffe4ffcc
fee3ff3bff9cffcc
fd69fe42fe9bfea3
fcc1fcc9fcb1fcb1
fde2fce9fcf1fd11
fd49fd61fe62ff43
006cfe5afdc2fdaa
031f02ef02af01be
02a70216003c00fd
037703670357035f
036f037703770377
037703770367036f
036f036f03770377
ff33ff73fef3fee3
fe52feabfee3fe83
ff73ff33fe7afe2a
fe2aff1bffd4ffe4
fd01fd31fdd2fdf2
fdb2fd92fd51fd21
fdc2fd41fdcafdca
00ed00850054ffcc
01c601ae017d0145
01f601f601e601d6
01ee01ee01f601fe
01ee01ee01f601e6
0216020602060206
021602260236022e
023e022e021e020e
01a60206024e0256
01050135015d017d
ffec0004003400b5
ffccffd4ffc4ffdc
ffacffbcffc4ffc4
febbff13ff6bff9c
fd19fe42fe7afe7a
fce1fcb9fcb1fcb1
fdeafcf1fce9fd21
fd69fd61fe3aff43
ff8cfdeafdcafdd2
033f031f029701e6
02b70226003c01ce
0377036f0357034f
036f036f0367036f
037703770367036f
03670367036f0377
fef3ff3bff7bff03
fdcafe3afef3febb
ff84ff73ff0bfe42
fe22fe72ff84ffc4
fd29fd41fdd2fe12
fdaafd8afd59fd51
fd51fd29fd9afdaa
010d00b5004cff1b
01c601ae017d014d
01f601fe01e601d6
01d601e601ee01f6
01de01e601fe01ee
01de01e601e601e6
01be01d601e601d6
020e01fe01ce01be
008500ed017501e6
002c008d0064006c
ff5bff43ff5bffac
ffa4ffa4ff94ff8c
ff6bff84ff94ff9c
fe93fef3ff3bff5b
fcf1fe0afe62fe62
fcf9fcd1fcb1fcc1
fd8afcf9fce9fd31
fda2fd8afe12ff13
fec3fdfafdd2fdf2
034f032702af01d6
02df01fe00040216
037f037f03570347
036f036703670377
0377037703670367
036f0367036f0377
fecbff2bff0bff63
fe22fdf2fec3ff13
ff9cff33ff43feeb
fe32fe7aff03ff84
fd41fd59fdc2fe2a
fdc2fd8afd59fd79
fd41fd49fd79fd92
010500b5fff4fe5a
01b6019e016d013d
01ee01ee01d601ce
01de01f601f601f6
01d601de01f601ee
019601b601be01ce
014d015d018e018e
00fd016d01750155
ffccffdc00040074
ff43ffdcffc4ffac
fe52fe62feb3fedb
ff53ff33ff03fe93
ff3bff53ff63ff63
fe83fed3ff0bff2b
fcb9fd82fe4afe5a
fd01fce9fcd1fcc1
fd8afcf9fcf1fd29
fddafdbafe02feeb
fe52fe2afde2fe12
03370307028f00ad
02cf01a600440297
037f037f035f0337
036f036f036f037f
036f037703670367
03670367036f036f
febbff43fef3feeb
fe93fe12fe6aff2b
ffa4ff53ff4bfef3
fe42fe5afeabff3b
fd39fd49fdbafe2a
fd92fdbafd71fd49
fd39fd49fd69fd82
00f5008dff23fdda
01be019e016d013d
01f601ee01d601ce
01ee01fe01ee01ee
01be01de01e601ee
015d018601a601ae
006c009500e5013d
ff53ffa400140064
ff63ff63ff4bff3b
fec3ff63ff7bff4b
fdd2fe12fe5afe8b
fed3fe62fe0afdda
ff13ff2bff23ff13
fe6afeb3fef3ff03
fca9fd01fe0afe4a
fd09fce1fce1fcc1
fd69fd01fce1fd19
fe0afdd2fdd2fe4a
fe5afe5afdfafe2a
033f02f7021e001c
02cf015d008d02df
037f037f035f030f
036f036f036f037f
036f036f03670367
03670367036f036f
fee3ff53ff03fef3
ff2bfe9bfe52ff13
ff7bff7bff63ff43
fe62fe4afea3fef3
fd69fd49fdcafe22
fd9afd9afdd2fdaa
fd39fd39fd29fd79
00e5ffd4fe42fdaa
01b6019601650135
01e601d601d601ce
01f601ee01d601d6
01be01d601d601ee
00f50135017d01a6
ff0bff5bffd4007c
fe83fe52fe52fec3
ff6bff84ff5bfe9b
fe83fee3fefbff23
fd31fd79fddafe4a
fe4afdc2fd8afd31
ff1bff1bfeebfeb3
fe52fe8bfedbfefb
fcb1fca9fd9afe3a
fd19fce9fcd1fcc1
fd31fcf9fcd9fd29
fe32fddafdb2fdba
fee3fe5afe1afe93
031f02d701b6ffd4
030f00f500d50327
0377037f034702ff
036f036703670377
036f036f03670367
03670367036f036f
fefbff7bff3bfedb
ff3bff1bfec3fefb
ff43ff7bff23ff53
fe8bfe3afe83fecb
fe02fde2fe0afe42
fd9afd51fdbafe12
fd39fd29fd19fd59
0095febbfdfafd8a
019601750155012d
01d601ce01ce01b6
01de01de01ce01d6
01a601be01ce01de
00bd010d015d018e
ff7bff84ff630004
ff84ff9cffb4ff94
ffccffccffb4ff53
fe93fee3fee3ff33
fd71fda2fdcafe22
fe12fdb2fd8afd59
ff1bff0bfef3fea3
fe42fe5afec3ff03
fcc1fca9fd31fe22
fd01fcf1fcd9fcc1
fd29fcd9fcd9fd31
fe72fdfafde2fd8a
ff5bfe4afe42ff1b
031f02970105ff4b
031700c5017d0327
0367034f0317032f
036f0367036f0367
036f036f03770377
036703670367036f
ff1bff84ff43feeb
fee3fe8bff84ff84
ff0bff84ff3bff23
fe7afe52fe83fec3
fddafddafe2afe4a
fd9afd49fd39fdc2
fd31fd11fd19fd49
ff5bfdf2fdd2fd51
01750155013d00ed
01c601be01b6019e
01ce01ce01d601ce
018601a601b601ce
010d0125013d0165
00d500ed00c500bd
011d0105011d00ed
0034009500cd00f5
ff1bff7bff9cffcc
fe3afe8bfebbfedb
fe6afe1afe02fe1a
ff13ff03ff03fecb
fe3afe52feb3fefb
fcb9fca9fcc1fdba
fd01fcf1fce9fcd1
fd49fce1fcd1fd11
feb3fe0afdf2fdaa
feebfe52fedbffdc
030f022600b5ff7b
02ff006401be02f7
0357034f033f035f
036f0367036f035f
036f036f036f0377
035f036703670367
ffdcffccff6bff63
fee3fe02fe9bffcc
fecbff4bff43ff1b
fe72fe6afe62fee3
fddafdcafdfafe42
fd8afd49fd19fd71
fd21fd09fd11fd39
fe32fde2fd92fd51
0155012d00fdfff4
019e019e01960186
01ae01ae01ae01ae
015d0186019601ae
0165014d013d014d
01050115015d0175
00fd00dd00d500d5
009500d5011d014d
ff84ffe4000c0024
fe9bfec3ff0bff43
feb3fe72fea3febb
fefbfef3fef3feeb
fe1afe4afe8bfedb
fcc9fca9fc99fd19
fd09fcf9fce9fcd9
fd8afcf1fce1fd09
feebfe2afdeafdb2
ff0bfe72ff03003c
02ef01e6000cffb4
02bf004401f602cf
03670357034f0377
0367035f0377036f
036f036f036f0377
035f035f03670367
ffa40024ff9cff23
ff13fe4afe72ff4b
fee3ff2bff5bff1b
fe72fe6afe42fee3
fdc2fde2fe0afe22
fd49fd71fd49fd51
fcf9fd01fd21fd51
fdfafdcafd69fd61
012d00fd004cfeab
01750175016d014d
01750175017d017d
01350145015d016d
0196016d0155013d
0115014d01a601ae
007400a500a500dd
000c002400740074
ff7bffbcffb4ffd4
fe4afe83fee3ff4b
fee3fec3feb3fe62
fee3fedbfecbfee3
fd9afe42fe62feb3
fcb9fca1fca1fcb1
fd21fd01fcf9fcd9
fdaafd39fcf1fcf9
fefbfdd2fdeafdaa
ff2bfe32ff2b0085
02af01beff5bff84
023e008d025602af
035f0347036f0377
036f036703770367
036f036f036f036f
035f036703670367
ff33ffb4ffc4ffc4
ff03fe9bfec3ff4b
fedbfeebff43ff1b
fe72fe62fe52fed3
fd71fde2fe52fe32
fd09fd69fd59fd79
fce9fd09fd31fd51
fdeafd79fd92fd41
00fd0074ff23fe42
01450145013d0125
013d013d01450145
011d012501250135
018e0175014d0135
014d017d01a60196
009500d500dd0115
ffe4000c0044006c
ff3bff84ff84ffa4
fe62fe6afe9bff03
fee3fedbfeabfe83
febbfebbfeb3fec3
fcf9fe02fe42fe7a
fcc1fca1fca1fca1
fd21fcf9fd09fcd9
fda2fd71fd01fcf1
fe5afd82fe22fdda
ff94fe1aff0b007c
0256015dff43ffb4
01a60105027e02bf
0367036703880377
037703670367035f
0367036f036f036f
035f036703670367
ff53ff43ff6bffb4
ff1bfe83ff03ff6b
fef3feebff43ff33
fe72fe62fe42fec3
fd82fdb2fe52fe5a
fcf1fd59fd82fd71
fce1fd19fd49fd39
fdb2fd69fd9afd31
0074ff7bfec3fe42
01250125011500ed
010d011d01250125
01150115010d010d
0165015d01450125
01650175016d0165
00bd00f50125015d
ffec0044007c0095
ff63ff8cffdcffe4
fec3feebff1bff43
fec3fedbfed3febb
fe93fea3feb3feb3
fca1fd59fe1afe4a
fcd9fca9fca1fcb1
fd11fcf9fd21fce1
fda2fd82fd41fcf1
fe42fddafdcafd9a
ff84fe72fe93ff2b
024e00f5ff7b0024
013d0186025e02af
0377036f037f036f
037703770367037f
0367036f036f036f
035f035f03670367
ff73ff33ff63ffe4
ff13fec3ff33ff63
fedbfed3ff2bff53
fe8bfe6afe42feab
fd69fdd2fe2afe83
fce9fd39fdc2fd39
fce1fd29fd61fd51
fd61fd8afd92fd21
ff84ff1bfec3fe2a
0115010d00e50064
01050105010d010d
010d010d010d0105
013d013d01250115
013d013d0145013d
00c500f50115012d
ffec003c007c009d
ffa4ff94ffb4ffcc
fef3ff1bff4bff84
feb3feb3fec3fed3
fe72fe8bfe9bfeab
fcb1fcc1fdaafe2a
fcf1fcb9fcb1fcb1
fd01fd11fd39fd09
fd71fd9afd69fd01
ff53fdeafd41fd19
ff6bfec3fe22ff53
0276012dffa4006c
010501e602560276
03770377037f0347
037703770367036f
03670367036f036f
0357035f03670367
ff8cff94ffa4ff7b
ff13ff43ff2bff4b
feabfed3ff1bff2b
feabfe72fe32fe9b
fd61fdc2fe32fe7a
fcd1fd51fdeafd41
fcf1fd41fd82fd29
fd59fdaafd9afd21
ff3bff23febbfdda
00f500cd0054ff8c
00fd00fd00fd00fd
0115010d010500fd
010d011d010d0115
010d0115010d010d
00ad00bd00dd00f5
0004005c009500ad
ffd4ffc4ffbcffcc
feebfefbff4bffac
feabfeb3febbfecb
fe62fe7afe8bfea3
fcb9fc91fce1fde2
fcf1fcd1fcb1fcb1
fcf1fd09fd51fd29
fd09fd8afd82fd19
fffcfda2fd71fcf9
ff53fe4afe3a0024
026e0155ffdc0054
00e5023e02760246
03770377037f0317
037703770367035f
036703670367036f
03570357035f0367
ff7bff8cff6bff63
ff84ff53fefbff43
fe83fed3ff1bff23
fec3fe7afe3afea3
fd92fdaafe32fe72
fcf1fd71fdc2fd59
fd11fd71fd92fd01
fd79fdaafda2fd39
ff4bff23fe8bfd71
00c5003cff9cff5b
00ed00ed00f500e5
011d011d011500fd
00f5010500fd011d
00d500dd00dd00e5
00bd00bd00c500d5
ffbcfff4005400a5
ffa4ffacffa4ffa4
fee3fee3ff0bff73
fec3fec3febbfecb
fe1afe62fe8bfeb3
fcb1fc99fc89fd39
fd09fcd9fcb9fcb9
fce1fd11fd69fd49
fce1fd49fd79fd31
ffb4fd69fd39fcd9
ff2bfe2afe8b0054
025e01050044008d
00d50266028f0216
036f0367037702ef
0377036f03670367
03670367036f0367
03570357035f0367
ff53ff6bff5bff7b
ff73ff33ff13ff23
fe93fecbff03ff1b
fec3fe9bfe52fe9b
fd8afdbafe32fe2a
fd11fd79fd71fd59
fd39fdb2fd8afd01
fdb2fdbafda2fd31
ff6bff1bfe02fd8a
0034ffacff8cff84
0115010500e500ad
01250125011d011d
0105010d01150125
00cd00dd00f500fd
00b500bd00bd00c5
ffacffd4001c008d
ff94ffacffb4ffbc
fefbfefbff2bff6b
fedbfedbfed3fee3
fd69fe3afe83feb3
fcc9fca9fc91fc99
fd29fce1fcc1fcd1
fcf1fd09fd61fd69
fcd1fd11fd51fd59
fe7afd59fcf9fcc1
ff03ff03feb3001c
02260054003400b5
00dd025602a7023e
036f035f037702ef
03670357035f036f
03670367036f036f
0357035f035f0367
ff43ff84ff3bff8c
ff5bff4bff0bfe8b
fe83fe9bfedbff2b
fe62fe93fe72fe93
fd71fddafe1afe1a
fd11fd92fd82fd9a
fd41fdc2fd69fd01
fddafdbafdaafd31
ff84fecbfdaafdf2
ffd4ffa4ff9cff9c
011500ed0095003c
0125011d01250125
012d0135012d012d
00fd011501250125
009d00c500e500ed
001c0024003c007c
ffc4fff4001c0034
ff2bff33ff63ff94
fed3feebfef3ff0b
fcb1fdc2fe6afea3
fcd9fcc1fc91fc81
fd39fce9fcc1fcd1
fd21fcf9fd49fd71
fce9fce9fd29fd59
fedbfd59fcf1fcd9
fefbff3bfe9bff3b
01ce000c002c004c
009d024e02a7028f
0367035f036702d7
0367035f035f035f
03670367036f036f
0357035f035f0367
ff3bff7bff2bff8c
ff1bff23feabfe4a
fe6afe72fedbff03
fe3afe4afeabfeb3
fd79fe02fe1afe32
fd29fd9afd79fd82
fd49fda2fd59fd19
fdf2fdcafdb2fd31
ff6bfe52fddafe22
ffdcffacffa4ffac
00cd0074002c0014
012d0125011d00fd
014d015501550145
0145014d01550155
00dd00f5010d012d
0074008d00b500dd
ffec002400640074
ff43ff7bffa4ffbc
febbfee3ff13ff2b
fc89fce9fe12fe8b
fce1fcf1fca1fc91
fd49fcf9fcc9fcc9
fd31fcf9fd31fd61
fcf1fcd9fd01fd39
fef3fd31fcf1fcd9
ff7bff33fe32fee3
01e600540034ff94
0054024e02df02c7
0377036f036702df
036703670367036f
0367036f036f0367
0357035f035f035f
fefbff73ff33ff8c
ff03fecbfe7afe62
fe8bfe8bfec3feeb
fe1afe42fea3fec3
fdb2fe22fe22fe22
fd49fd92fd71fd71
fd51fd92fd51fd19
fde2fdc2fdb2fd41
ff33fe12fe62fe4a
ffe4ffacffacffa4
005c0034003c0024
012d012500f500ad
0165015d014d013d
016d01750175016d
013d0145014d0165
0074009d00e5012d
00040034004c005c
ff53ff94ffccffe4
fea3fed3ff13ff33
fc99fc89fd41fe5a
fcc1fcf9fcc1fc91
fd49fcf9fcd1fcd1
fd21fd01fd19fd51
fce9fce9fcf1fd19
fe9bfd49fcf9fcd9
ffe4ff1bfdf2feab
01fe0074ffecff33
00cd0256030f02cf
03770377036f02ff
036f03670367036f
0367036f036f036f
03670367036f0367
ff03ff6bff43ff6b
fe8bfde2fe83fef3
fe93fe8bfec3fef3
fe12fe52fe9bfe9b
fdc2fe0afe22fe1a
fd59fd92fd71fd61
fd61fda2fd59fd19
fdcafdbafd92fd49
fee3fe0afe8bfe22
fffcffb4ffa4ff8c
003c0054004c0034
012500ed0085003c
017501650155013d
017d0186018e017d
013d015d016d017d
005c006c00ad0105
001c003c005c0064
ff63ff94ffd4ffec
fe8bfebbfef3ff3b
fca1fc91fca1fdaa
fcb1fcd1fce9fca1
fd41fcf9fcd9fcd9
fd01fcf1fd19fd51
fce1fcf9fce1fcf9
fe1afd29fce9fcd9
ffc4feebfd9afe02
01f60074ff0bfecb
016501fe02e702b7
037f037f0357030f
036f036f0377037f
036703670367036f
036f036f036f036f
ff1bff33ff53ff43
fe02fd92fe2aff1b
fe6afe83feabfe93
fe3afe42fe72fe93
fdd2fe02fe12fe22
fd71fd79fd31fd69
fd61fdaafd51fd21
fdaafda2fd82fd49
fed3fe32fe93fe02
fffcffacffa4ffa4
005c006c006c004c
00d5006c002c0044
0175015d01450115
01860186017d017d
0115013d0155017d
007c009d009500cd
001c00440054006c
ff4bff73ffb4ffe4
fdfafea3fedbff23
fc91fca1fc99fcc9
fcc1fcb1fcf9fcb1
fd39fd09fce1fcf1
fcf1fce9fd29fd51
fce9fce9fce9fcf1
fe32fd31fce9fcd1
ff7bfefbfd71fd92
01c6004cfe8bfecb
01ee015d02a702cf
037f036f0347033f
036f036f0377037f
036703670367036f
0367036f036f036f
fe9bff23ff84ff43
fde2fdbafe1afe8b
fe32fe93fea3fe22
fe3afe32fe8bfecb
fdd2fdfafe22fe2a
fd71fd82fd39fd92
fd79fdaafd41fd39
fdcafdaafd92fd41
fee3fe3afe9bfe0a
0004ffb4ffb4ffa4
0074007c00740044
004400340054006c
0155013500fd009d
016d016501650165
00dd0105013d0165
009500bd00ad00ad
001c0044005c006c
ff23ff5bff84ffcc
fcf9fe22feabfee3
fc99fca1fca9fc91
fcd9fcb1fce1fce9
fd41fd11fcf9fcf1
fce1fce1fd31fd59
fcd1fce1fce1fcd9
fe52fd31fce1fcd9
ff6bff2bfd79fd82
01ce004cfecbff3b
0246012d022e02af
0377036f03670347
036f03770388037f
036703670367036f
0367036f036f036f
fe1afec3ff6bff8c
fde2fddafe2afe62
fe32fe5afe83fe2a
fe12fe22fe5afeb3
fdcafdfafe1afdfa
fd51fd49fd51fda2
fd82fd9afd59fd79
fddafdbafd92fd31
ff13fe3afe52fe1a
002cfff4ffacff84
008d008d006c0054
003c005c006c0085
011500cd00740034
0135013d01350135
00bd00dd010d012d
00a500c500ad009d
0004002c0054006c
fefbff43ff7bffc4
fc99fd01fe22feab
fca9fca1fcb9fca9
fd01fcc1fcd1fcf1
fd31fd19fd01fcf1
fce1fce1fd19fd39
fcd9fcd9fcd1fcd1
fddafd41fcd9fcd9
ff23ff4bfd8afd9a
0206005cfefbff6b
02e7017d01c6026e
036703770367033f
036f036f036f035f
035f036703670367
035f035f035f0367
fddafe7aff53ffbc
fdeafdf2fe2afe4a
fe22fe4afe62fe0a
fddafdeafe1afe93
fdbafdcafdb2fdba
fd49fd41fd69fda2
fd8afda2fd8afd59
fdaafdaafd92fd49
ff13feabfddafdaa
004c000cffb4ff63
008d008500740064
005400640074008d
0085002c0024003c
0115011500fd00d5
00ad00cd00f50105
009500b5009d0085
ffccfff4001c0044
fec3ff23ff6bff94
fca9fc81fcf9fe02
fcb1fca1fcb1fcb9
fd11fcd1fcc9fce9
fd29fd31fd19fd09
fce1fcd1fcf1fd29
fcd9fcd9fcd1fcc9
fd9afd51fce1fcd9
ff0bff8cfd92fd71
0226008dfedbff1b
032f020e01f6023e
03770377035f034f
03670367035f036f
035f03670367035f
035f0367035f035f
fdaafe2aff33ff94
fdcafdf2fe72fe2a
fdfafe62fe5afdaa
fdb2fdcafe02fe8b
fd8afd92fd9afdca
fd61fd41fd69fd79
fd79fdb2fdaafd61
fd51fd61fd69fd59
ff1bfebbfe1afd82
004c0014ffd4ff84
008500850085006c
00740085008d008d
000c000400140044
00cd00b500850034
007c009d00bd00c5
0054008d008d0074
ff8cffacffe4000c
fdb2fea3ff2bff5b
fcb9fca9fc99fce1
fcc1fca1fca9fcb9
fd21fcf1fcd9fcc9
fd41fd39fd29fd39
fce9fcc9fce9fd21
fce1fce9fcd1fcc9
fd79fd71fce9fcc9
feb3ff84fd9afd39
01d600b5ff5bfeeb
032f02d70206021e
036f0367036f0357
036f03670367036f
035f035f035f0367
035f03670367035f
fda2fdeafedbffb4
fd9afdf2fe5afdea
fe12fe8bfe3afdea
fd8afd9afdbafe3a
fd59fd71fd92fd92
fd41fd41fd61fd51
fd61fd79fd69fd69
fd8afd39fd41fd59
ff33fecbfe3afdda
0054001cffe4ff9c
00a5009d0085006c
006c00850095009d
fff4000c001c0034
002cfff4ffd4ffdc
003c004c0054004c
ffec001c0044003c
ff0bff43ff7bffbc
fcb9fd41fdfafe9b
fcb1fca9fcb1fcb9
fcf1fca9fca9fca9
fd39fd11fce1fcd9
fd39fd41fd31fd51
fce9fcd1fcf1fd11
fcf1fcf1fcd9fcc9
fd71fd92fcf9fcc9
fe62ff1bfda2fd49
01c600e5ff8cfef3
03470337029f01f6
0367035f03670357
035f03670367036f
035f036703670367
035f036703670367
fd92fdbafe3aff4b
fdb2fe4afe02fdaa
fe42fe93fe1afdea
fd8afd82fdbafdf2
fd51fd61fd71fd61
fd29fd49fd41fd51
fd51fd21fd39fd61
fdb2fd51fd41fd39
ff4bfecbfe4afdf2
00440024fffcffb4
00a500a5008d006c
006c007c0095009d
fffc002400440054
ff5bff7bffacffcc
ff73ff73ff73ff6b
ff2bff5bff84ff8c
fdbafe52febbff13
fcc9fcc9fce1fd19
fca1fc99fca9fcb1
fcf1fcb1fca9fca1
fd51fd31fcf1fce9
fd19fd51fd49fd61
fce9fcd1fd09fd19
fd01fcf1fcd9fcc9
fd51fd92fcf9fcd9
fe32feabfd8afd29
01d60175ffbcfedb
0367035702f70226
0357035f036f0377
035f0367035f0357
036703670367035f
0357036703670367
fd71fd8afdd2fe6a
fe0afe3afddafd79
fe6afe4afdf2fdea
fd82fd51fdbafdfa
fd61fd61fd41fd49
fd49fd59fd61fd59
fd49fd31fd41fd51
fdb2fd49fd39fd49
ff5bfef3fe7afe12
00340034fffcffa4
00a500950074005c
009500a500a5009d
000c003c00640085
ff3bff6bffa4ffcc
fee3fed3fee3ff1b
febbfedbfefbff03
fd41fdb2fe32feab
fcd1fcd1fce1fce9
fca1fc99fc99fcb1
fcd9fcb9fcb1fc99
fd71fd51fd09fce9
fd11fd69fd59fd59
fd01fce9fd21fd21
fcf9fce9fcd9fcd1
fd59fda2fd09fcf9
fe1afe02fd71fd11
022e01d60014feab
036f033f0307029f
035703670377037f
035f036703670357
0367035f035f0357
034f035f03670367
fd69fd79fdd2fdf2
fe12fe12fdd2fd82
fe72fdfafdeafde2
fd79fd61fddafe02
fd41fd41fd21fd49
fd31fd51fd59fd51
fd49fd59fd41fd49
fda2fd41fd49fd29
ff73fee3fe52fdf2
0044001cffecffbc
00b500a5007c006c
009d00ad00ad00bd
fff4002c0064008d
ff4bff73ffa4ffcc
ff0bfef3fefbff23
fedbfedbff0bff1b
fd29fda2fe0afe8b
fcc1fcd9fce9fcf1
fcb1fcb9fcb9fcb1
fce9fcc1fcc1fca9
fd79fd82fd21fcf1
fd21fd82fd61fd59
fd09fce9fd39fd19
fce9fce1fcd9fce1
fd8afd82fd11fd01
fe22fdc2fd82fd29
02af024600bdfee3
034f031f03270307
034f036703770367
035f0367035f0357
03670367034f034f
034f034f0357035f
fd61fd51fdb2fda2
fdf2fdf2fdfafdb2
fe83fde2fdbafdd2
fd69fdb2fdeafe5a
fd29fd29fd19fd61
fd41fd21fd29fd29
fd51fd41fd39fd61
fd9afd61fd61fd39
ff53feb3fe42fdea
007c001cfffcffbc
00bd00ad009d0085
00b500bd00bd00c5
0004003c006c008d
ff6bff8cffb4ffdc
ff33ff23ff33ff4b
fed3ff03ff03ff43
fd09fd9afe02fe6a
fcb9fcd9fce1fd01
fcb9fcc9fcd1fcc1
fcf9fcc1fcd1fcc1
fd9afda2fd31fce9
fd21fd79fd69fd51
fd09fcf1fd39fd09
fce9fcd1fce1fd01
fd39fd29fd19fcf9
fe6afddafd8afd29
02df0287013dff1b
031f031f0337031f
034f034f0357033f
0357035703570357
0357035f0357034f
034f034f03570357
fd59fd51fd9afd82
fdbafdaafe12fdca
fe72fddafde2fdba
fd82fdd2fe2afeb3
fd29fd29fd21fd82
fd39fd11fcf9fd11
fd19fd31fd41fd51
fdbafd82fd49fd11
ff23fe9bfe2afdda
00640014ffd4ff9c
00bd00ad008d007c
00b500cd00cd00cd
00240054007c009d
ff84ff9cffc4fff4
ff5bff63ff5bff73
fec3ff23ff3bff3b
fd09fd79fdfafe6a
fcc9fcd1fce1fd09
fcc9fcc9fcc1fcc9
fd19fce1fcc9fcc9
fdaafdb2fd61fcf1
fd21fd82fd61fd61
fd01fd01fd31fd09
fce9fcd1fcd9fcf9
fd09fd11fd21fd01
fe3afddafd9afd59
02df026e01c6ffac
031f03370347031f
03570347034f034f
034f0347034f034f
03570357034f035f
0347034f034f034f
fd69fd71fd92fd82
fda2fdfafdfafd9a
fe83fe1afdfafda2
fd82fe12fe8bfee3
fd29fd39fd31fd79
fd31fd11fcf9fd01
fd21fd71fd59fd61
fd8afd39fd19fd01
ff0bfe8bfe2afdd2
004c0004ffc4ff84
00c500a5007c0064
00b500c500cd00cd
0034006c008500a5
ffacffbcffdc000c
ff5bff84ff8cffa4
febbff13ff53ff5b
fd11fd59fdeafe52
fce1fcc9fce1fd01
fcc1fcc9fcd1fce1
fd11fd11fce1fcd1
fda2fdd2fda2fd01
fd39fd79fd59fd71
fd19fd29fd31fd19
fcf1fcd9fcd1fcf9
fd29fd01fd19fd01
fe72fddafda2fda2
029f0236023e00a5
0347033f031702ef
03670367034f033f
034f035f0357035f
0357035f03570357
033f034f0357034f
fd61fd79fda2fdb2
fdaafe22fda2fd82
fe9bfe2afdcafdc2
fddafe4afedbfed3
fd21fd41fd59fd79
fd41fd09fce1fd01
fd61fd92fd8afd61
fd51fd21fd19fd19
fed3fe42fde2fd9a
0034000cffbcff63
00bd0095006c004c
00b500c500c500c5
00440074008d00a5
ffccffdc0004001c
ff7bff84ffa4ffc4
feabfeebff2bff63
fd19fd49fde2fe3a
fcf1fce1fce9fcf9
fcc1fcb9fcd1fcf1
fd11fd21fd11fcf1
fd92fde2fdbafd29
fd31fd79fd61fd82
fd39fd39fd21fd29
fcf1fcd9fce9fd11
fd31fd19fd09fd01
fe93fdcafd8afd69
026e025e02060054
033702ff02f702ff
03670357033f0337
035f035f0357036f
035f035f03470347
032f034f0357035f
fd79fda2fdbafda2
fdcafe02fd49fd79
fe9bfdfafdd2fdda
fe52feb3ff0bfed3
fd19fd49fd51fdba
fd61fd29fcf9fd01
fd69fd92fd82fd61
fd69fd59fd49fd31
fecbfe5afdf2fd9a
002cfffcffbcff3b
00ad00850064004c
00ad00b500bd00b5
004c006c009500ad
ffccffd4fff40024
ffbcffb4ffc4ffcc
feabff1bff3bff94
fd19fd39fdd2fe3a
fcf1fce1fcd9fce9
fcd1fcc9fce1fce9
fd19fd29fd21fd19
fd82fdeafdc2fd49
fd29fd79fd69fd92
fd51fd31fd01fd39
fce9fce9fd21fd39
fd41fd19fcf9fce1
fe1afd92fd61fd59
0276023e00f5ff53
032702ff02cf0297
0357032f03370337
035703570367036f
035703570347034f
030f034703570357
fd79fda2fdcafdaa
fde2fdbafd49fd51
fe93fe0afdfafe0a
febbff13fefbfe93
fd39fd51fd9afe62
fd39fd59fd31fd39
fd51fd69fd71fd49
fdb2fdaafd9afd31
feabfe42fe12fdd2
0014ffe4ffa4ff23
00950074005c0034
00a500a500ad00a5
0034005c008500a5
ffecffe4fffc000c
ffc4ffd4ffecffec
fe93ff13ff53ff94
fd09fd49fda2fe32
fcf1fce1fcd9fcd9
fce1fcd9fce9fce9
fd29fd31fd19fd21
fd82fddafdd2fd8a
fd21fd69fd79fd82
fd39fd19fce9fd29
fcf9fd09fd39fd51
fd01fcf9fcf1fce9
fd82fd59fd49fd31
01de00edff43fe2a
032f030f0297022e
032f033f032f0327
0357035f035f0347
0357034f03470357
02d703370357034f
fd9afd8afdc2fd71
fdf2fdaafd49fd39
fe8bfe42fe2afe0a
ff1bff1bfecbfe8b
fd09fd19fe02fed3
fd39fd59fd41fd31
fd49fd61fd8afd51
fdd2fdcafd92fd49
feabfe62fe42fe02
0004ffdcff9cff1b
006c004c003c0024
00a5009d009d008d
002c004c006c008d
00040004000c000c
ffccfff4000c001c
fe83feebff4bff84
fd01fd59fd8afe12
fcf9fce1fcd1fce1
fd01fce9fcf9fcf1
fd31fd41fd29fd31
fd8afdcafde2fd9a
fd29fd71fd79fd69
fcf9fd09fce9fd39
fd11fd59fd61fd61
fce9fcf1fcf9fcf9
fd71fd41fd51fd19
000cfefbfed3fe22
031702f702460186
033f033703370337
033f0337032f032f
035f03470347034f
027e0317033f034f
fdc2fd92fde2fd92
fda2fda2fd51fd39
feabfe62fe2afe0a
ff1bff0bfe83fe93
fd09fd61fe93ff0b
fd69fd79fd8afd39
fd41fd61fd82fd59
fdeafdaafd8afd71
feb3fe6afe42fe22
fffcffdcffa4ff23
0034003400240014
008d009500a50085
00240054006c0074
0024001c001c0014
ffc40004001c0024
fe6afecbff2bff73
fcf9fd59fd79fdfa
fd11fcf9fcd9fcf1
fd19fce1fd01fd09
fd59fd59fd39fd29
fda2fdbafdcafd92
fd31fd82fd71fd82
fce1fd21fce9fd29
fd51fd92fd69fd49
fce9fcf1fd09fd09
fd51fd49fd79fd21
ff0bffdc0014fe5a
02cf021e00a5ff84
034703470347032f
031f031f0337033f
034703470347032f
021602ef03370347
fdcafdb2fdfafdd2
fd92fd79fd41fd59
febbfe4afe32fdfa
fef3fee3fe9bfebb
fcf1fdeafee3ff0b
fd92fd82fd79fd29
fd61fd59fd82fd79
fdcafdc2fdbafd92
feabfe62fe32fe02
fff4ffe4ffacff23
003c002c000c0004
0085008d008d006c
002c0054006c0074
0044002c00340024
ffac0004002c0044
fe62fec3fefbff4b
fd01fd49fd82fdda
fd19fd09fd01fd11
fd41fcf9fd11fd11
fd71fd82fd41fd31
fdb2fdc2fdd2fd82
fd41fd9afd61fd92
fcd9fd21fce1fd09
fd82fd92fd61fd41
fcf9fce1fcf9fd19
fd49fd71fd71fd21
00a501d6ffdcfdd2
0165ffdcff53ff84
031f032f031f02bf
032f0347033f032f
0347032f0327032f
01e602d703170327
fe3afe32fe22fe02
fe52fe6afe62fe42
fddafdfafe12fe42
fd82fd8afda2fdb2
fd31fd39fd51fd69
fd79fd59fd41fd29
fe4afe0afdd2fdb2
01960044fefbfe83
0398035f03070276
03b803b003b003b0
035703a803a803b8
02ff030f02f7032f
03880377033f02f7
03a003a803a803a0
03a803a003980398
03a0039003a003a8
03a803b003b803a8
03a803a0039803a0
0377038803a003b0
02df02ff032f034f
02f702e702cf02bf
034703370327030f
03270327032f0347
02e702f7030f0317
0266029702c702d7
018601ce02060236
0064009d00ed012d
ff2bff94ffec0034
fd59fd9afe02fe8b
fcb9fcd9fd09fd31
fcb1fca9fcb1fcb1
fcc1fcc1fcb9fcc1
fe3afe32fe22fe02
fe7afe72fe6afe4a
fdeafe12fe3afe5a
fd79fd8afda2fdca
fd31fd39fd51fd69
fd82fd59fd41fd31
fe42fe0afddafdb2
017d001cfedbfe6a
0390035702ef0256
03a003a803a803a8
0256032f0367037f
0165013d01250125
022601b6014d012d
0390037f034f02cf
0388037f037f0390
03a0039803a803a0
03a803a803a803a0
0388039003a003b0
0357037f039803a0
02c702df02ff031f
02f702df02cf02bf
0347033f032f0317
0317031f0327033f
02a702bf02df0307
01f6023e026e028f
00e5012d017501ae
ff9cfff4004c00ad
fe02fe7afed3ff33
fd11fd31fd69fdaa
fcb1fcb9fce1fcf9
fca9fca9fca9fca9
fcc1fcc9fcb9fcb9
fe42fe2afe12fdfa
fe8bfe8bfe7afe52
fe02fe2afe52fe72
fd79fd8afdaafdda
fd29fd31fd41fd51
fd8afd61fd49fd39
fe3afe0afddafdb2
014dffe4feb3fe62
0377034f02ef024e
022e029703170377
00a5018e01ae01ee
00bd00d5006c0034
0085007c0054003c
02d7027e01b600dd
036f035f03570317
03a003a003980388
03a0039803980390
039803a003a003a0
031f035f03880390
02a702b702c702e7
02ff02df02cf02af
03370347032f0317
02cf02df02ff031f
02460266029702b7
015501ae01de0216
0034007400c50115
fe4afedbff63ffd4
fd31fd59fd8afdda
fce9fcf9fd09fd21
fca9fcb9fcd9fce1
fca9fca9fcb1fcb1
fcb9fcb9fcb1fcb1
fe42fe22fe0afdfa
fe9bfe9bfe8bfe6a
fe12fe42fe6afe93
fd71fd8afdaafde2
fd31fd31fd31fd49
fd92fd61fd51fd39
fe42fe1afddafdba
011dffa4fe93fe5a
02ef030702c7022e
0024010d01750246
ff7b002400240085
ffac007c00adff8c
ffcc0074007c008d
0095017500b5ffb4
02a7025e01a600bd
0398037703670317
03900388039803a0
0390039003980398
0307033f0367037f
02a702a702b702cf
02ff02e702c702b7
0307031f03270317
026e029702b702e7
019601d602160246
00b500f50135016d
ff03ff84fff4005c
fd59fda2fe12fe7a
fce1fce9fd01fd31
fcd1fcd9fce1fce1
fcb1fcc1fcd1fcd9
fca9fcb1fca9fcb1
fcb1fca9fca9fca1
fe52fe2afe0afdfa
fea3fea3fe93fe72
fe1afe52fe7afe9b
fd61fd92fdb2fde2
fd19fd29fd31fd49
fd9afd71fd59fd31
fe3afe12fde2fdc2
00edff73fe72fe4a
016501a601ae01b6
002400c500fd0085
feebfeb3ffa400ad
ff03ffdc012dfffc
ff94ffdc0004006c
ff94003400b5ffcc
00540074000cffec
024e020e01b600d5
03880367032702c7
036f036703770390
02ff032f0347035f
0297028f02a702bf
02df02cf02b7029f
02bf02cf02ef02f7
01de0226026e029f
00fd012d017501ae
ffac001c006400b5
fde2fe3afec3ff33
fcf9fd11fd59fdaa
fcc9fcc9fcd1fce9
fcd1fcd1fcd9fcd1
fcb1fcc1fcd9fcd9
fca9fca9fca9fcb1
fca9fca9fca9fca9
fe4afe2afe0afdf2
feabfea3fe93fe72
fe1afe4afe7afea3
fd69fd9afdb2fdda
fd29fd31fd39fd51
fdaafd8afd61fd41
fe2afe02fde2fdd2
00fd0044fef3fe5a
008500b5ffec0095
ff9400b500e5ffdc
ff4bfedbff1b0054
fed3ff9400f500ad
ff9cfffcffb40014
ff6bff03ffd4ffec
002cffdcff63ffd4
ff4b003cffcc005c
02870165001cff7b
03670377036f033f
02cf02f70327033f
026e026e028702a7
029f029f028f0287
02460266027e029f
014d018601ce021e
002c008500c5010d
fe32feabff33ffac
fd79fd8afdb2fdf2
fcd1fce1fd09fd51
fcc1fcc1fcc9fcc9
fcc9fcc9fcd1fcc9
fcb9fcc1fcc9fcd1
fcb1fcb1fcb1fcb1
fca9fca9fca9fcb9
fe3afe1afe02fdea
fea3fe9bfe83fe6a
fe12fe42fe7afe93
fd69fd8afdb2fde2
fd41fd41fd41fd51
fdbafd8afd69fd41
feebfe32fdeafde2
00ed010500f5001c
ffe4fffcffe400a5
ffa400ed00d5ffbc
ffd4ff23ff330044
fe8bff4b01150095
ffd4000cff3bff8c
ff94ff33fee3ff63
007c003cff84ffac
fdfaffccfefbff3b
fff4fe93fe22fe1a
034f034f02970135
029f02c702f7031f
026e0266027e028f
023e0266026e027e
019e01ce01f6021e
009500ed012d016d
fec3ff43ffbc0024
fd79fd92fdcafe3a
fd39fd39fd41fd59
fcc1fcd9fd09fd31
fcb9fcc9fcc1fcc1
fcc9fcc9fcc1fcb9
fcb9fcb9fcc9fcd1
fcb9fcc1fcb9fcb1
fca9fca9fcb1fcb9
fe2afe02fdf2fde2
fe9bfe93fe7afe52
fe1afe4afe6afe83
fd71fd8afdbafdea
fd41fd41fd49fd59
fe32fda2fd71fd49
006cffb4feebfeab
0034005c006400ad
ff53ffb400640034
ff63004c007c0004
ffe4ffacffb4002c
fe7afee30064004c
ffa4ff53fecbff2b
ffdcff53ff1bffb4
ff94006c001cff63
fecbffa4ff5bfe7a
ff1bfeebfeabfeeb
02a701f6008dff63
029f02b702df02ef
02870287027e028f
01de023e0266027e
00fd014d0175018e
ff63ffe40044009d
fd71fdc2fe4afedb
fd29fd19fd01fd29
fd29fd21fd19fd19
fcd1fce9fd11fd21
fcc9fcd9fcd9fcd9
fcb9fcb9fcc1fcc9
fcb1fcc1fcb9fcb9
fcb9fcb9fcb9fcb1
fcb1fcb9fcc1fcb9
fe0afdeafddafdc2
fe72fe72fe5afe32
fe12fe3afe4afe5a
fd71fd92fdc2fdea
fd39fd49fd51fd69
ff84fe12fd9afd51
00540085005c007c
0044ff8c0024fff4
ffa4003c00edff7b
ff2bffbc000cff84
ffacffe40004002c
fe7afecb000cff7b
feebff0bfe5aff23
fffcff3bff84ff6b
ff03ffac0044ff94
fe72ff03ffacff0b
fe83fedbfe93fe62
0085ffdcfef3fec3
02970297028f01b6
02a702a702870297
01750216025e027e
ffec005c00ad00f5
fdfafe72ff0bff7b
fce9fd09fd41fd9a
fcf9fcd1fcb9fcc9
fd19fd09fd01fd01
fcf1fd01fd21fd29
fcf9fcf9fd01fcf9
fcc1fcc9fce1fcf1
fcc1fcc1fcb1fcb9
fcc1fcb9fcb9fcb9
fcb9fcc1fcc9fcc1
fdfafdeafdd2fdaa
fe5afe62fe42fe1a
fe0afe2afe3afe42
fd79fda2fdcafdea
fd41fd49fd59fd69
00a5ff1bfdb2fd61
005400ad0024005c
0054ffc4003cff4b
ff84012d00d5ff9c
ff63ff4b002cfeb3
000cffb4ffbc0034
fe32fe7afefbff33
feebfeb3fe3afe8b
ffccffacff73feab
fefbff13ff53004c
fde2fdfaff3bff4b
fe0afdbafe02fdea
fe42fde2fdd2fe4a
0297021600c5ff1b
02af02c702af02af
00e501c6023e027e
fe83fedbff7b0024
fd51fd8afde2fe42
fcc1fcc9fce1fd19
fcd9fcc1fca9fcb1
fd21fd11fd01fcf1
fd19fd21fd31fd39
fd29fd31fd29fd19
fcc9fce9fd01fd19
fcb9fcc1fcb9fcb9
fcc1fcc1fcb9fcb9
fcb1fcc1fcc1fcc1
fde2fdd2fdb2fd9a
fe32fe32fe22fe02
fe02fe1afe22fe2a
fd92fdb2fdcafdea
fd59fd51fd59fd71
00e5ffb4fe42fd92
00340175014500d5
004c00ad0034fec3
ffec010d0024ff9c
ff33ff1bff2bfe4a
fff4ff2bff7bffe4
fe83fe9bfe93ff4b
ff2bfec3fe6afe83
ffc40044ff53fe9b
fecbff53ff3b001c
fe1afdeaff4bff53
ff53feebfeabfe8b
fecbfef3fef3feeb
01ce003cfee3fea3
028f02b7028f0276
004c013d01e60256
fd79fdc2fe62ff53
fd01fd21fd41fd59
fcc1fcb9fcc9fce1
fce9fcc9fcb1fcb1
fd31fd29fd19fd01
fd41fd29fd29fd31
fd51fd59fd59fd51
fce1fd11fd21fd39
fcb9fcb9fcb9fcc9
fcc1fcc1fcc1fcb9
fcb9fcb1fcb1fcb1
fdcafdc2fda2fd8a
fe12fe0afdf2fde2
fdf2fe02fe0afe12
fd9afdbafdcafdda
fe0afd82fd61fd79
00f5fff4ffd4ff2b
005c00b500cd01ae
0074008dff5bfe9b
ffcc0085003cffbc
ff73ff13fedbff03
ffd4ff33ff03ff84
ff3bff23ff1bff33
ff63ff1bff23ff3b
ffdc0064fffcff2b
ff13ff5b00740044
fee3fe2afe6aff1b
fefbff53ff23ff13
ff4bff4bff53ff13
ffecffacff84ff7b
0256025e01d6014d
fff400d50186020e
fd39fd69fdfafeeb
fce9fd01fd11fd29
fcc9fcb9fcc1fcd1
fd01fce9fcd9fcc9
fd39fd31fd29fd11
fd61fd49fd31fd39
fd71fd82fd82fd71
fcf9fd21fd41fd61
fca9fcb1fcb9fcd1
fcb9fcb9fcb9fcb9
fcb9fcb9fcb9fcb1
fdc2fdaafd9afd82
fdeafdeafddafdca
fde2fdeafdf2fdfa
fdaafdc2fddafdda
ff53feabfd92fd8a
014d0105007c0004
00c5005400cd0155
fffcff0bfe8bff53
ff7b0085ffecffec
ff13fed3fef3ff43
ffa4ff4bfefbff0b
ff0bfecbfec3ff03
ffbcff8cffacff6b
002c009500d50044
004cff03005400ad
ff03fef3fea3ff4b
feb3ff0bff73ff6b
ff4bfed3ff0bfed3
ff4bff8cff8cff94
01b600f50004ff9c
ffb400ad017d01ce
fd39fd31fd82fe93
fcf9fd11fd29fd31
fce1fcd1fcd9fce9
fd29fd11fd09fcf9
fd49fd49fd41fd31
fd71fd69fd51fd49
fd92fda2fda2fd82
fcf9fd29fd59fd71
fca9fca9fcb9fcc9
fcb9fcb1fcb9fcb1
fcb1fca9fca9fcb1
fdaafd92fd8afd82
fdcafdcafdc2fdb2
fddafdd2fddafdda
fdbafdd2fddafdda
0074ffccfe83fdaa
007c00cd018e015d
00c5009500ed00dd
feebfe6aff130014
ffa4ffbcffecff53
ff1bff13ff73ff23
fe93feebff3bff1b
ff53fea3fe83fe8b
0024ffe4ffc4ff8c
00740105017500ed
004cff63001c0074
ffacfef3ff63ff8c
febbff13ff0bffdc
fecbfecbfee3fe8b
fe42fe83fea3fedb
004cff4bfed3fe12
ff2b003c010d00bd
fd39fd29fd39fdfa
fd21fd39fd49fd41
fd09fd09fd01fd09
fd51fd41fd39fd21
fd71fd71fd69fd61
fd92fd8afd71fd69
fda2fdb2fdb2fd9a
fcf9fd29fd59fd79
fca1fca9fcb1fcd1
fcb1fcb1fcb1fca9
fca9fca9fca9fca9
fd92fd92fd8afd82
fdaafdaafd9afd9a
fdd2fdcafdbafdba
fdc2fddafde2fdda
0155008dff94fe1a
ff13ffdc00bd019e
00f50044fffcff8c
ff23ff73ffd4ffcc
ff53ff53ff7bfeeb
ffb4ff7bff53ff8c
fe9bfe4afeabff2b
ff3bff0bff13febb
ffbcff33ff2bff4b
00b5015d016d007c
fffc0054fff4001c
0004ff8cff84ffc4
fe93feabfeebff84
fe9bfe9bfebbfed3
fd92fde2fe32fe62
fe12fddafdaafd82
fe4aff430034ff3b
fd41fd39fd39fdaa
fd49fd51fd59fd59
fd49fd49fd39fd41
fd79fd71fd61fd49
fd92fd92fd8afd82
fd9afd9afd92fd8a
fd92fda2fda2fd9a
fd01fd31fd59fd79
fca9fca9fcb9fcd9
fca9fca9fca9fca9
fca1fca9fca9fca1
fd92fd92fd8afd82
fd8afd82fd92fd8a
fddafdc2fdb2fda2
fdeafddafde2fde2
011d00fd0044ff2b
fe9bff2b001c00dd
0054ff43ff3bff13
ff63ff23ff5b0044
ff84ff8cff94ff1b
ff4bffa4ffccffe4
ff4bfef3feb3fedb
fedbfec3febbfecb
0004ff7bff33ff13
00fd0135013d00bd
fffc00850024007c
ffac0004001cffd4
fe83fe72fe4afeeb
fe6afeb3fed3feb3
fe52fe42fe42fe4a
fdd2fdeafe9bfe8b
fdc2fedbfecbfdf2
fd51fd41fd41fd69
fd71fd79fd71fd61
fd79fd71fd69fd69
fd92fd8afd82fd79
fda2fdaafda2fd92
fd9afd9afd9afd9a
fd92fda2fda2fd9a
fd09fd39fd59fd71
fca1fca9fcb9fce1
fca1fca1fca9fca1
fca1fca1fca1fc99
fd82fd82fd82fd82
fd8afd79fd82fd79
fddafdcafdaafd9a
fea3fe32fdeafdea
010500ed00adffec
ff2bffac001400b5
ff13fee3ff53ff7b
ff2bff7bffa4ffc4
00340004ffbcff8c
ff3bff6b000c007c
fee3fec3ff0bff63
feb3feabfeabfecb
004cff84ff3bfed3
0175016d015500e5
006c00e500fd011d
ff6b000400bd0054
fecbfedbfeabfe7a
fe62fe3afe52fe9b
fe9bfeb3fec3ff13
ffacff5bff33fed3
feebff23fe93fed3
fd59fd51fd51fe42
fd9afda2fd92fd82
fd9afd9afd9afd9a
fda2fda2fda2fda2
fda2fda2fdaafda2
fd9afd92fda2fda2
fd9afda2fda2fda2
fd11fd39fd61fd79
fc99fca1fcc1fce9
fc99fca1fca1fca1
fc91fc99fca1fc99
fd82fd79fd79fd79
fd8afd82fd79fd82
fdeafdd2fdb2fda2
ffdcfeabfe1afdf2
012d0145016d0105
004c004c007c00c5
feb3fee3ffa4008d
ff4bff8cffacff13
009500a5ffdcff84
fee3ff5bffb40064
fe8bfe72feabfedb
fedbfec3fec3feab
0024ff8cff8cff1b
01b60165014500dd
00cd014501a6018e
ffe4009500ad00a5
fe8bff23ff8cff84
fe72fe3afe1afe4a
ff0bfeebfebbfec3
000cff94ffe4ffd4
ff7bff63ffecffcc
fd82fd71fdc2ff13
fdc2fdc2fdbafda2
fdc2fdc2fdc2fdba
fdaafdb2fdb2fdb2
fd92fd9afd9afda2
fd92fd92fd9afd92
fd92fda2fda2fda2
fd09fd39fd61fd79
fc99fca9fcc1fce1
fc91fc89fca1fc99
fc99fc99fc91fc91
fd82fd82fd79fd79
fdaafd8afd82fd79
fdeafddafdcafdea
0095ff94ff2bfe1a
017d019601450145
008d00cd01150135
fe7afe8bff3b0054
ffd4001cffdcfed3
008500ad009d0024
ff53ff7bffac0014
fe8bfedbff23ff63
feebfea3fe83fe5a
001cff9cff63ff2b
010d010d010d00b5
00bd017d01a6011d
fffc006400950054
feb3ff1bff73ffb4
fe3afe22fe32fe6a
ff33fed3fe3afe4a
0085ff53ff0bff3b
fe42fd92fe6afffc
fd9afdbafeb3ff43
fde2fdd2fdd2fdc2
fdd2fdd2fde2fdea
fda2fdaafdbafdc2
fd82fd82fd92fd9a
fd8afd9afd92fd8a
fd92fd92fda2fd9a
fd11fd39fd59fd71
fc99fca1fcb9fce1
fc89fc89fc99fc91
fca1fc99fc99fc91
fd82fd8afd82fd71
fdc2fd92fd8afd82
fe1afe1afdfafe1a
00c500cdffdcfe9b
015d0175013d014d
ffac001c007c012d
ff03fe8bfebbff73
00640024ffccff33
004c00c5014d012d
fffc001c000c000c
ff5bff23ff0bff63
ff4bff03ff0bff4b
009d0044ffd4ff8c
012d010d00ed00ad
0074019601960135
003cffd4fffc0004
ff43ff9c003c005c
fe93fec3feebff1b
fe8bfe83fe62fe42
fee3feb3fedbfed3
fe8bfde2fe02feab
fdd2fe93ff4bfedb
fe0afdf2fdf2fdd2
fdd2fdeafdfafe0a
fda2fdaafdbafdc2
fd82fd8afd8afd92
fd8afd79fd82fd79
fd8afd92fd9afd92
fd11fd41fd59fd71
fc99fca1fcc1fce1
fc91fc91fca1fc99
fcc9fcc1fca9fc99
fd8afd79fd82fd79
fdaafd9afd9afd8a
febbfe2afe83fe0a
016500dd00adfff4
00f5015d017d015d
fed3ff7bffb40074
ff6bff94ff2bfebb
0115007c0054ff84
005c008501150196
ff3bff3bff9c0014
ff0bfecbfee3ff03
0004ffd4ff9cff5b
013500cd003c0014
01be01ae0155011d
011d01ae01b601b6
004cffccfffc007c
ff63ff9c0014004c
ff1bff13ff13ff2b
fe1afe3afe93fee3
fed3fe22fddafdfa
ff7b001cff63ff94
fe83ff3bfe22fe22
fe2afe1afdfafde2
fddafdfafe0afe1a
fda2fdb2fdbafdc2
fd82fd8afd82fd92
fd79fd79fd79fd79
fd8afd9afd92fd8a
fd09fd39fd51fd71
fc91fca9fcc9fce9
fcc1fc99fc99fc99
fd9afd8afd59fd11
fd79fd79fd79fd79
fda2fda2fd92fd82
ff63feb3fe93fe1a
01a60115007cffec
00bd0135017d0175
fe7aff13ffbc0014
00140014000cfeeb
0186012d00bd002c
ffd4008d00f5013d
feb3fec3fee3ff43
ff73ff23ff0bfee3
008d003c001cffb4
01e6019e01550115
021e0226020601e6
018601ce0216022e
009d009d00ad0115
ff63ffe4005c008d
ffa4ff6bff53ff63
febbff33ff73ffc4
fec3fe42fdeafe3a
ff2bff3bff33ff43
ff13fdeafe12fe72
fe2afe1afe1afec3
fdeafe02fe12fe2a
fda2fdb2fdc2fdd2
fd79fd82fd8afd9a
fd82fd79fd61fd69
fd8afd92fd92fd79
fd01fd31fd59fd79
fc99fcb1fcc9fce1
fdcafd29fca9fc99
fee3fee3feb3fe52
fd79fd71fd71fd71
fdc2fdbafd92fd82
ffecfff4fefbfe1a
017d019e011500c5
0074010d01450175
febbff1bfffc0034
00540064004cfff4
016d016d00a5006c
ff6bff7b0085013d
ff5bff8cffb4ff53
007c000cffccff7b
01d6016d013500e5
02560266026e0236
0287024e026e0266
01ee0226027602a7
00dd0105010d0186
ffe4004c009d00d5
0034ffdcffd4ffcc
0004007c00ad00bd
fe93fec3fedbff4b
feabfeb3fe2afdfa
fe8bfdcafdb2fdca
fe2afe3aff63000c
fdf2fe12fe22fe32
fdaafdb2fdcafdd2
fd79fd82fd92fda2
fd79fd71fd69fd69
fd82fd8afd92fd82
fd01fd31fd51fd69
fca9fcb9fcc9fce9
fee3fe62fd92fce1
000c0014ffc4ff53
fd79fd79fd71fd69
fddafe0afdeafd92
0095ff7bfedbfe22
019e0186014d00a5
ffcc00dd01150165
fec3ff3b00340064
000c008d0085004c
012d013500b5002c
ffb4ffa4ff3b0024
ffa4ff53ff53ff84
01a6013500bd002c
02af028f0266021e
02b702b702bf02c7
02a7027e027e02af
0226024e02560297
012d0186017501b6
00c500bd00d500fd
0014ffb4ffd40054
013d015d013500c5
ffacff94000c00bd
fec3fedbff03ff73
ff3bfea3fe42fe72
fe2afe8b0024ffac
fdfafe1afe2afe3a
fdb2fdbafdd2fde2
fd71fd82fd9afdaa
fd79fd69fd61fd61
fd79fd8afd8afd82
fd09fd31fd51fd69
fd29fcb9fcc9fce1
ffbcff43feabfdd2
00f500f500a5003c
fd8afd82fd8afd8a
fdcafdaafdbafdb2
011dffe4feebfe3a
01b601750155010d
ffa40085013500f5
ff84ff2b006400d5
ffd4ffcc008500bd
002400f501050074
ff63ffe40064ff9c
00f50024ff73ff33
028f025601ee0186
02e702f702ef02bf
02e702e702e702f7
0297026e026602af
023602360246027e
018601a601b601e6
00f5010501050135
ff6bfecbfefb0034
020601b601250064
ff730034012d01de
fed3ff43ff4bff2b
feabff84ff94fecb
fe6affc4006cff53
fe0afe1afe3afe3a
fdb2fdbafdd2fdea
fd69fd79fd92fdaa
fd79fd69fd61fd61
fd79fd8afd8afd82
fd19fd31fd59fd79
fe12fd31fce1fcf9
008d001cff7bfeb3
0175017d014500f5
fdb2fd82fd92fd9a
fdcafd92fd82fda2
017500b5ff13fe62
016d01ae015d0196
002c003c019600fd
ff13fe6a006c011d
0034ff5bff7b0044
0004008d00f500e5
ff63ff73ffcc001c
01be013d006cffbc
032f02f70297021e
0347034f03370327
02bf02df0307033f
026e02660256027e
021e01d6020e025e
01c601ee01de01ee
00bd013d015d019e
fffc0054fffcffe4
022e01a600b5ffb4
004c012d01ee0256
fe5afe0afe5aff4b
ff3bfeabfedbfe93
ff63003cff33feeb
fe12fe22fe3afeab
fdb2fdc2fddafdf2
fd61fd82fd92fda2
fd69fd59fd59fd51
fd8afd92fd92fd82
fd82fd82fd8afd92
ff2bfe83fdd2fd9a
012d00d50054ffbc
01be01de01a60165
fdc2fd9afd9afda2
fe1afda2fd8afd8a
017d0155ffdcff03
00b501a60165019e
00a50034019e00d5
fecbfe32ffec011d
00a5ff9cfefbff53
0024fff4007c010d
fffcffb4ffc4ffe4
022e01ce014d009d
037f035f033702c7
034f0367036f0367
0266028f02e70337
02160226021e023e
01fe0135019e0216
01ae022602260216
00b5016d01a601be
0105013500dd0034
0206018e001c000c
00ed01a602060226
fd39fd82feeb0004
febbfedbfe83fd71
ffe4000cfe2afdda
fe12fe2afe62fecb
fdb2fdc2fddafdf2
fd59fd79fd92fda2
fd69fd51fd51fd51
fdbafdaafd9afd8a
fea3fe62fe32fdf2
0044ffccff4bfedb
017d0155010d00ad
01c601fe01f601ae
fda2fd9afd9afda2
feabfe0afd92fd8a
018e017500adffac
001c0145019601c6
0085003c017d00ed
feb3fe0aff7300f5
011d0034ff53fed3
0004005cfffc00e5
00b50004ffbcffd4
02d7023e01f60145
0388038803670347
03070327035f0388
020e023e029f02ff
01e6020602060206
01b6009d012d01a6
00a501f60246022e
00bd017501960105
015d014d01050034
01be0115003400f5
017d01c6020e020e
fd92fe93ffa400cd
fe5afedbfe62fdba
000cff63fdbafdc2
fe1afe32fea3fec3
fdbafdcafde2fdfa
fd59fd71fd8afda2
fd61fd49fd51fd51
fe1afddafdb2fd8a
ff53fefbfeb3fe6a
010d00c5004cffbc
01ae01960186014d
01ae01d601ee01de
fd92fd9afd9afda2
fe83fec3fde2fd82
019e01a60115ff73
002400b5018e01d6
006400ad01750135
feabfe12ff4b008d
010d00e5ffbcfefb
002c00440064ffe4
0165007c0004ffdc
034f02c7026e020e
0390037f036f035f
0276029f033f0390
019601be025602df
01ce01e601d601be
0135004c013501a6
ffcc01c60236020e
009d016d0165ffec
018e018600cdffb4
013d009d008d0135
01c6020e021e01ae
fe0aff1b0064015d
fe4afdc2fdfafdfa
ffecfe72fd8afe1a
fe22fe3afe9bfef3
fdbafdd2fdeafe0a
fd61fd71fd8afda2
fd61fd51fd59fd59
fe52fe1afdc2fd8a
ff9cff3bfef3fea3
014d010d00ad001c
01d601ce01b60186
016d019601b601ce
fd82fd8afd92fd9a
fe02fe4afe32fd8a
017d01b60155ff84
002400640175015d
002400c5017d016d
fe3afddaff03001c
000400fd0044ff1b
fffcffc4003c0004
01fe00fd003cffe4
032f031702e70287
03a803a0035702af
020e0256033f03a0
0115013d020602a7
01c601c6016d0125
00adffec011d0186
fffc01c6021e01ce
008d0186014dff7b
01ce01de012dffcc
009d005c0054010d
01e6021e01ee010d
fde2ffcc010d01a6
fe4afd9afd82fd29
ffccfdf2fd8afdea
fe2afe42feebff6b
fdbafdd2fdeafe0a
fd69fd79fd92fdaa
fd69fd59fd59fd61
fe6afe2afde2fd9a
ff94ff43ff03febb
014500fd009d001c
01c601ee01ce0186
014d01650186019e
fd92fd82fd82fd8a
feabfde2fe5afda2
00ed018e01a60014
0034006c016d0125
ffe400a5011501a6
fe0afda2fed3ffa4
ffa4000c0095ff5b
ffa4ff94ff9400ad
026e01b600b5fff4
02a7030702df02c7
03a003a803470206
01a60256035f0398
012d011d01ce023e
017d0155011d012d
0034004c016d018e
004401be01ee0175
00bd017d00edfef3
016d0216016dffcc
0004009d000c0014
01de01ce013d0004
feb300ad016501a6
fe5afdb2fd92fd21
ff4bfde2fd59fe0a
fe3afe52fef3ff73
fdbafdd2fdf2fe1a
fd69fd82fd92fdaa
fd61fd51fd51fd61
fe62fe22fdeafd9a
ff7bff3bff03febb
01550115009dfffc
0145018e019e017d
0186016d015d013d
fdc2fd82fd69fd79
fef3fdb2fddafda2
00b500dd01a600c5
00dd00c5012d010d
fffc009500d50196
fe12fd9afeb3ff5b
fffcff13ffecffcc
ffb4ff73ff7b0054
02df023e0165006c
028f033f034f0327
03a003a8032f021e
0165026e03670398
015d00f5016d01ce
00fd00f501450175
ff8400a501de01be
006c01ae01ae00ed
00ed0175009dfee3
00850216011dff73
ffa400bd001cff53
01a6011dffdcff13
ff94012d016d01ae
fe42fdb2fd82fd79
fed3fdbafd39fe42
fe42fe62feb3ff73
fdaafdcafdf2fe1a
fd59fd71fd82fd9a
fd59fd49fd49fd51
fe4afe0afddafd92
ff3bff0bfed3fe8b
00ed00bd0044ffa4
00ad00c500f50105
01a6016d012500d5
fdaafd79fd59fd61
ff13fdaafd9afdd2
00b5010d015d0115
010d008d010500f5
ffec009500d5013d
fef3fdaafe62ff0b
ff6bff03ff03ffcc
0004ffdcff73ffdc
032f02b70206011d
02c7037f0390034f
039803a003470246
0175028703570390
00cd003c017d01d6
005c00ad01650175
ff0b005c019e013d
00ad019601960085
00fd016d001cfefb
ffec00c5ff6bff53
ff7b00ad00adffe4
0135004cff2bff13
005c012d00a50115
fe7afdaafda2fe62
fe12fd61fd49fe8b
fe32fe72fee3ff3b
fd8afdbafdeafe0a
fd49fd51fd61fd79
fd49fd39fd31fd39
fe1afdeafdbafd82
fe6afe42fe52fe42
001cffbcff43fed3
003c002400440054
01a60165010d0095
fd82fd61fd51fd51
ffe4fe0afdc2fde2
001c00ad010d00dd
013d007c00ad00fd
002c00cd00b500cd
ff5bfe32fe72fefb
ff4bfea3fedbff13
008d002cffccff7b
0347032f029701ae
02b7036f03900367
037f03900347023e
018e02a70337037f
0014ffec01b601a6
000400cd015d013d
ff13002400cd0004
00d5013d01550024
00f5010dff8cff33
00340024feabffac
ffbc007400ed0074
00a50004ffdcffe4
00f500a5ff4b001c
fe6afde2fddaff23
fdb2fd69fdaafe5a
fe32fe93ff3bfed3
fd71fda2fde2fe0a
fd39fd41fd49fd59
fd31fd29fd29fd29
fde2fdbafd92fd51
fe1afdfafe02fe02
ff6bff0bfebbfe72
0024ffecffd4ffbc
01b6017d010d0085
fd9afd59fd51fd59
001cfe93fdaafdd2
00c5007c00a500a5
014d00bd006400ed
0054011500e500d5
ff3bfe8bfe6aff13
ff94fee3fec3ff03
014d007c0034fff4
0367034f02e70226
02bf0367039803a0
037f0388032f022e
016502af034f0377
ffe4002c01d60165
009500fd0165011d
fec3ff2bff63ff5b
00dd00fd00fdfff4
00c50074fedbff6b
004cffb4fe83fffc
ff5b001c00d500ad
0054001c003c0034
00edfffcfee3ff94
fe42fe22fde2ff9c
fd8afd41fe0afdfa
fe32fe93ff3bfeb3
fd59fd9afddafe02
fd21fd29fd29fd39
fd19fd11fd11fd19
fdaafd8afd61fd41
fdfafdd2fde2fdd2
ff63ff0bfea3fe4a
00440014ffecffb4
01d6017500fd0095
fdb2fd59fd59fd59
0074ff2bfdcafdaa
00fd008500cd00ed
01550145009d011d
0034010500f500ad
ff0bfeb3fe32ff13
fff4ff84fe9bfeeb
01de011500740074
0390035f0317025e
02cf036f03a003a0
036f036703070216
01450287034f0367
001c00e501fe013d
0145014d014d00ed
fe9bfe3afe9b0024
00cd00dd00b5ffdc
00b50004fe6aff84
005cff9cff230054
febbffa4009d009d
00540014001cffb4
005cffdcff13ffb4
fdf2fe8bfe22ffac
fd69fd79fe2afdd2
fe52febbff2bfec3
fd51fd92fdd2fe0a
fd09fd09fd01fd21
fd09fcf9fcf9fd01
fd79fd59fd41fd21
fddafdaafdaafda2
ff8cff33feb3fe32
0064002c000cffec
01e6018600fd00ad
fda2fd61fd61fd69
00ad000cfe72fda2
00e5009d00fd0064
016d018e005c00bd
001400bd00fd00fd
fefbfee3fe02ff43
004c004cffb4fedb
01fe01ae00d5005c
03900367032f0287
02c7036703900388
036f034f02af01c6
01150246032f035f
00b501e6021e010d
01960186014500dd
fef3fe8bff5b010d
00a500950074ffac
00bdffd4fe93ffb4
0044ffcc000c009d
fe3aff43003c004c
0034001cfff4ff13
ffdc0064ff6bfffc
fd59fe62fecbffac
fd79fdfafe12fd8a
feabfeebff23feb3
fd41fd8afdcafe12
fcf1fce9fcf1fd09
fcf1fce1fce9fce9
fd49fd31fd19fd11
fdcafd8afd82fd69
ffecff7bfedbfe32
00bd007c00540044
01fe01ae014d010d
fd9afd71fd71fd71
00540074ff7bfdba
011500d500fd0074
013d014d0034005c
fffc009d00c5012d
fed3fee3fe0aff1b
0014005400bdff7b
020e01c6010d00a5
03a0037f034702b7
02cf0367037f037f
0367032f01fe0145
00ed01de03170357
0186028f023600f5
01a601a6012d00e5
ff9cfff400bd0165
008d008d0074ffe4
009dffe4ff630034
0054ffe400a500cd
fe62ff630034007c
001c0024ffc4fe9b
ffdc00a5ffd40034
fd41fe83ff73ff94
fdb2fe3afda2fd61
fe6aff13ff73feb3
fd39fd82fdd2fe32
fcd9fcd9fce1fcf9
fcf9fce9fce1fcd9
fd29fd21fd11fd01
fdd2fd82fd69fd51
009d0014ff4bfe72
016d013500fd00e5
023e021e01e601a6
fd8afd79fd8afd79
00ad003cff84fdea
0145012d011d00c5
012d0105006c0085
004c00b500cd0125
ff7bfe8bfe02fec3
000cff8c002c008d
023601a600e500cd
037f0377035702f7
02df036703880377
033702d7014d0115
00ad015502d70337
024e02e7027e00f5
01be01ce01750186
003c00a501050175
008500a500950044
008d002cfffc005c
0044006c00ed00cd
ff4bffec005c0085
fffc0034ff9cfef3
00540074ffe40034
fd61fe62ffdcffb4
fe2afde2fd69fd21
fe93ff4bfefbfe62
fd31fd8afde2fe2a
fcd9fcd9fce1fd01
fcf9fce9fce1fcd9
fd21fd11fd11fd01
fdf2fd82fd51fd41
011d009dffe4fef3
01f601d601ae0175
027e026e02460216
fd79fd79fd92fd92
008d0085ff8cfe4a
016501350115009d
017500e500640085
000c007c00dd0115
002cff33fe02fe6a
fffcffb4ff4bff63
025e018600b50085
037f037703670327
02e7035f037f036f
02ef0206005c0115
00cd00f5023e02ef
02a702ff02b70165
01ee01fe01ee021e
005400bd010d0186
0074008d008d004c
0095008d0064006c
006c00bd00cd009d
000c004c00850085
fffc005400340014
00a5004cffe40004
fd8afe8b0014000c
fe0afd79fd21fd09
feebffc4fefbfe3a
fd51fdcafe02fe22
fcd9fcd9fce1fd09
fcf1fce1fcd9fcd9
fd21fd19fd09fd01
fe2afd82fd51fd39
016d00e5002cff53
023e0236022601de
029f028702660256
fd9afd82fd92fda2
00cd011dffbcfeb3
013d012500f500f5
015500e5005c00c5
ff9c005c008d0135
feabff84fe72fe62
ffd4ffd4ff5bfeb3
0256018600a5005c
0377037f03670317
02d70347037f0377
021e00bd001c017d
0165010d01550216
02d7032f030f0236
020e023e0246026e
006c00ad011d018e
00ad00a5009d006c
008d00a500ad00bd
009d00bd009d0074
0004006c00a5009d
0064008d008d0054
008d006c0034002c
fd82fecb0064007c
fdaafd19fcf9fd29
ff33ffe4ff13fe4a
fd79fe2afe62fe4a
fce1fcd9fce1fd19
fce9fce1fcd9fcd9
fd21fd19fd11fcf9
fe4afd8afd49fd29
019e00fd0044ff6b
0236022e023e020e
02af029f02760256
fde2fdbafdeafdca
0095012d003cfefb
014500fd00bd013d
014500dd00540105
ff1b008d003c0105
fe1afe12fe8bfe72
ffccff33ff73feeb
027e018600c50074
0367036f03670337
02c7034f037f0377
0095001400dd01f6
024e01a6011500e5
02ff035f035702f7
021e0276028f0297
00b500bd00f50175
00cd009d00b500ad
00ad00c500bd00cd
00e500dd00a50085
0044009d00cd00d5
008500a500950064
008d005c0064005c
fdaafee3007c009d
fd39fce9fd01fd51
ff84ff8cfed3fe2a
fd8afdcafe1afe9b
fce1fcd9fce9fd29
fcf1fcd9fcd9fcd1
fd19fd11fd09fcf9
fe2afd71fd41fd21
019600e50024ff43
022e021e02360216
029f02a7028f025e
fe42fe1afe8bfe4a
0095010d00fdffa4
013d011d00d50115
016d00dd004c00dd
feeb004c00740095
ff1bfdeafdc2fe72
ffd4ff3bfefbff94
0297019600cd0054
03570367035f0337
029f033f037f0357
00cd00cd01de0236
030f027601de0175
032703770377035f
022602a702b702cf
00f500fd0105017d
00a500a500b500ad
00bd00dd00e500cd
00dd00d500ad0085
00a500d500f500f5
00ad00bd0085007c
005c0044006c0095
fdd2fef30064008d
fd11fce9fd21fd51
ff53ff33fe6afdc2
fda2fddafe32fec3
fcd9fcd9fcf1fd31
fcf1fce9fce1fcd1
fd11fd09fd09fcf9
fdfafd69fd31fd19
015d008dffccfeeb
022601fe020e01e6
0276027e0276025e
fedbfdeafdbafdda
007c00b50115005c
013d00ed00bd00ad
014d012500340085
fef30004009d009d
ff8cfef3fe0afe52
ff3bfeebff03ff13
0297019600cd000c
034703670367032f
0266031703770357
022e023602560236
035f032f02e70297
031f0377037f0367
020e02b702df02e7
01550165012d0165
0085009500bd00fd
00cd00d500ed009d
00e500cd00bd00b5
00bd00ed00fd00ed
00cd00ad006c0085
0044006400b500dd
fdf2ff030024004c
fd01fd01fd19fd39
ff8cff33fdfafd69
fdbafdeafe3afee3
fcd1fcd9fd01fd51
fce9fce9fce1fcd9
fd11fd09fd01fcf1
fdc2fd61fd39fd21
00c5fffcff43fe7a
021601d60196014d
0256024e024e023e
ff5bfe72fde2fdca
00d500e500f50044
012d011500ed0074
00dd0135006c0074
fefbff94003c0095
fef3ff5bff03ff03
ff23fe7afe5afe6a
02b701a600e5000c
034f0367035f0337
021e02af0327034f
032f02d70276022e
0377036f034f0337
032f036f037f036f
01ce028702df0307
019e01960145013d
006c008500dd0155
00e500e500ed0095
010500fd010500e5
00bd0105010500ed
00ad0085004c007c
007c00fd017d0115
fddaff1b000c0044
fd21fd01fce1fd49
ffe4ff03fdb2fd82
fdb2fe2afeabff73
fcd1fcd9fd21fd82
fce1fce1fcd9fcd9
fd11fd09fcf9fcf1
fd92fd61fd41fd29
003cff84feb3fe0a
021e01ce014d00cd
023e0236022e022e
ff43fe7afe62fe02
00cd00ad00e50014
012d0145011500d5
00d5010500a50085
fecbff1bff9c000c
fe5afeabfe62fef3
ff1bfe83fe42fe12
02cf01de00ed0024
034f03570347032f
0236025e02bf0317
0367031f02970256
03770377035f035f
0347037f037f036f
01b6024e02bf02f7
01ae01ce019e0175
00bd00ad00e5015d
00dd00ed010d0105
00f5011d011d00f5
00a500cd00d500cd
00ad006c0054007c
0125020e020e0125
fdbaff3b0024004c
fd41fd01fcf1fd51
ffdcfe8bfd82fda2
fddafea3ff1bffbc
fcc9fce9fd49fd79
fcd9fcd1fcd9fcd1
fd11fd09fcf9fcf1
fd69fd51fd39fd21
ffd4fef3fe32fda2
022601c60135008d
0246023e022e022e
ff23fe62fe52fe62
011500e500adff94
00ed010d008d00c5
009d00ed00cd0064
fefbff0bff6bff2b
fd9afe3afd92fee3
ff1bfe1afdc2fd9a
02b701f600fdfffc
032f035f0347031f
02870266026e02bf
037f034702df02a7
0377037f03770388
031f035703770377
01ee0246029f02e7
015d01ce01e601d6
013d00bd00e5012d
00bd00e5016501b6
00bd00d500ed00e5
00bd00ad0085008d
00f5008d007c009d
01d6026601ee014d
fd9aff63007400cd
fd71fcf1fce1fd49
ff94fe0afd61fd9a
fe93feb3ff3bffd4
fcd9fd01fd31fdb2
fcd9fcd1fcd1fcd1
fd09fd01fce9fce1
fd61fd49fd31fd21
ff63fe7afdcafd79
024601ce011d0054
0226024602460256
ff73fe7afe5afe7a
012d0125004c0004
00b501150085011d
fffc00c5011d0074
ff33febbff1bfe72
fd92fde2fd69fedb
ff0bfe42fdc2fd9a
02a701e6011d0004
0307035f0367031f
030702cf0276027e
0388037f0347031f
0388038803900390
02ff03270357037f
020e025602bf02e7
012d019601e6020e
012d00f5012d012d
009d00c5016501ae
0064007c009d00a5
013500cd005c004c
01ae013d011d015d
01ee022601d601be
fd92ffdc00c5012d
fd61fcd1fcb9fd19
ff6bfdc2fd79fd92
fef3fe93ff2bffac
fcd1fcf9fd39fe22
fce1fcd1fcd1fcd1
fd01fcf9fce9fce1
fd51fd49fd31fd21
ff13fe1afd82fd61
022601b600fd001c
01ee02260246024e
ff8cfe7afe83fe3a
010d012d0024ff53
00fd012d009500d5
ff63008d015d00ad
ff23fe5afeb3fe0a
fd8afd51fd92fef3
ff03fe3afdf2fdea
02bf01f60115002c
02cf0327035f0327
0390037f031f02af
03a003b803a0037f
035f036703770398
02c702d703070337
022e026602b702cf
00d5013d01be0216
00f50115012d00ed
007c00cd0115010d
001c00140044003c
01de018e011d0095
01ce01d601de01f6
011d013d01350165
fe0a006c009d00a5
fd79fce1fce1fd39
ffacfd8afd59fda2
fe7afe93ff4bffec
fcc9fcf9fda2fedb
fce1fcd9fcd9fcd9
fcf9fcf9fce9fce1
fd49fd49fd39fd11
fedbfdd2fd61fd49
01ce015500a5ffdc
019e01de02160216
ffbcfec3fe1afe5a
00bd01350085ffb4
00fd010d00d5005c
fef3003c0155011d
fee3fe7afe7afdc2
fd9afd11fd9afea3
ff2bfe5afdd2fdaa
02d70206012d0064
02c702e703370337
03b803b0037702ff
0337037f03b803b8
028f02b702a702f7
01ee01ee01fe023e
01f601e601e601f6
00a500dd014501be
008d00d500ed00cd
008500c5009d0054
0064fffc0004002c
01ee020e01de0135
004c00c50105017d
ffe4ffecffe4ffdc
feab0004ff84ffb4
fd39fcd9fcf1fcf1
ffb4fd9afd31fd82
fe42fea3ff43ffe4
fcd1fd61febbfea3
fce1fcd9fcd9fcd1
fd01fcf1fcf1fce9
fd41fd41fd31fd11
fe6afda2fd69fd51
015500e50034ff6b
011d015d018e0196
fff4ff0bfe1afe42
005c00f500a5fffc
010d00fd00bdffc4
fe83ffdc013d0165
fedbfea3fe6afd8a
fd39fd31fdfafe62
ff43fe93fde2fda2
030f02560165007c
02e702c7030f0347
03a803c803a00357
015d01fe029f0347
009d00d500ed0115
fffc000c004400ad
00f5007c003c0024
009d009d00c500f5
0004005400b500cd
005c0095003cffdc
00b5ffd4ffbc000c
00c5014d01960175
fe8bfeebff53000c
ff2bfecbfe6afe52
fec3ff33ff5bff2b
fd11fcd1fcd9fd49
ff63fd92fd39fd82
fe93fe8bff6bff7b
fd39febbfef3fe3a
fcd9fce1fce1fce9
fd01fcf1fce9fce1
fd49fd39fd29fd09
fe02fd8afd69fd59
00ad003cff8cfed3
0074009d00cd00dd
ff8cff84fecbfe6a
ffec00fd00a5ffc4
011d011d00ddfff4
fe42ff9c0145019e
fed3fea3fe8bfd82
fd29fdbafdb2fe22
ff6bfebbfdfafd8a
034f02df01de00bd
033702bf02ef0347
030f039803a00398
0064007400b501de
ff13ff6bffccffe4
fecbfedbff0bff23
ff3bfefbff03feb3
006cfffcffc4ff8c
ffbc0014006c0095
ffc4ffe4ffccff94
00f5ffd4ff84ffac
ff2bffe400b5014d
fdfafe0afe32fe9b
fe83fe12fdf2fdfa
ff13ff3bff4bfefb
fd09fcc9fce9fe4a
ff2bfd61fd61fd92
fe8bfe83ff53ff43
fe9bff9cfe4afe42
fcd9fce1fd01fd49
fd01fce9fce9fce1
fd51fd39fd19fd01
fd9afd71fd59fd59
ffb4ff4bfebbfe22
ffecffdcffdcffdc
ff53ff03fecbfe7a
002400fd00f5001c
010d016d0115006c
fe32ffa4014d019e
fe93fe2afe72fd92
fd41fd9afd31fe0a
ff9cfedbfe32fdb2
0367035f02760135
037f02d702bf032f
01ce02df036f03b0
ff94ffa4ff84007c
fef3ff1bff23ff23
fec3fec3fec3fedb
fec3fe72fe62fe8b
002cffacff7bff13
ffd40044008d0095
ff94ffa4ffacffac
01250004ff6bff73
fec3ff53002c0115
fe7afe32fe2afe5a
000cff63fefbfee3
ffb400b500dd0095
fd19fce9fdc2fefb
ff2bfd71fd8afd92
feabfe72ff33ff2b
ff94fec3fe3afe9b
fcf9fd21fd39fe2a
fd01fcf9fce9fce1
fd41fd29fd09fd01
fd61fd59fd51fd51
fe8bfe52fe0afdaa
ff8cff43feebfeb3
fec3fe5afe1afe4a
004c00bd01350044
010d01a601150095
fe62ffe4014d01b6
fe83fe22fe5afde2
fd82fd19fcf1fe12
0024ff5bfe72fdfa
0367037f030701d6
0390031702bf032f
007c013d0276035f
00b500e5009d003c
009d00a500bd00b5
0024006c006c0085
ff3bff33ff53ffac
004cffd4ff94ff43
ffd4004c00bd00d5
ff8cffb4ffc4ffb4
012d0054ff5bff53
ff43ff94001400dd
0054ffd4ff63ff1b
015d00f500bd0095
013501c601d601ae
fd51fd21fe3aff94
feebfd71fd79fdaa
fe83fe0afefbff0b
ff0bfeb3fea3feeb
fd19fd11fdcaff7b
fd01fcf1fcf9fd09
fd39fd21fd11fd09
fd51fd61fd59fd49
fdb2fdaafd9afd69
ff2bfec3fe3afdda
ffccff0bfdf2fe7a
007400b5011500f5
0186019e010d0105
fe720034015d01e6
fea3fe42fe4afe2a
fdbafd09fcd9fe12
0135ffc4fe93fe0a
03670367032f0297
0367034f03170347
00c500bd013d026e
019e01c601ce0145
0145015d017d0196
01050125013d0145
004c008500a500cd
00a5005400340024
ffd4007c00fd00fd
ff94ffb4ffbcff9c
013500cdffb4ff5b
004c0044006400c5
00b50074004c0044
018e0155012500e5
018e01d601c601be
fd79fd11fe22fff4
fec3fd71fd61fd9a
fe22fdeafeabfedb
fe7afeabfe93fee3
fcf9fd69ff1bfefb
fd11fd09fd11fcf9
fd49fd39fd31fd29
fd69fd71fd69fd59
fd79fd92fd92fd71
feb3fe42fdc2fd79
0044ff4bfe3afe52
010d010501250125
01d6018600950115
fe8b0044012501de
fec3fe42fe0afe3a
fdc2fd41fcd1fdfa
027e0115ff53fe12
0390037f0347030f
02af034703570367
01750186019601e6
0196018e01a6018e
010d012d01550165
00ed00dd00dd00fd
01250125011500fd
012d01150125012d
001c00f5017d0155
ff53ff9cffccffc4
0145013d003cff4b
007c009d00b500f5
fffcffbcffd4002c
009d0074004c0034
0165019e014500d5
fd69fd21fdfa005c
fe93fd69fd61fd61
fdfafdd2feb3febb
fea3fe5afe7afe9b
fd49fecbff3bfe62
fd21fd09fcf9fcf9
fd61fd59fd59fd49
fd8afd8afd82fd79
fd92fdaafd9afd8a
fe42fdcafd79fd82
005cff03fe72fe42
0155017501a6015d
01de017d006c007c
feb3001c00fd01c6
fe8bfe32fe1afe3a
fdc2fd71fd19fdca
02ef022e00a5feab
03a00390034f032f
026602cf03470388
018e01ce02060226
00e50125016d016d
009d00b500bd00b5
0004001c00340064
0145010500950024
017d01750175016d
0064016d01de01ae
ff53ff9cffd4ffe4
014d019600fdffc4
ffc4004c00ad00f5
004cffd4ff63ff43
012d012d00fd00b5
00d500a5008500e5
fd11fd49fda2004c
fe93fd71fd69fd61
fd9afdb2feb3fe83
fe52fe22fe52fe93
fe72ff5bfe9bfebb
fd51fd31fd11fd39
fd9afd92fd8afd71
fda2fd9afd9afd9a
fda2fdaafda2fda2
fdc2fd69fd61fd8a
ffccff13fe6afe1a
00f5014501b600f5
01f601b6009d005c
feeb002c00fd01c6
fe5afe3afe62fe5a
fe0afd79fd59fdd2
030702a701aeffc4
03a80398035f032f
029f02d703070367
018601c6021e024e
00f50054006c0105
01ae01ee01ee019e
007400bd00ed0135
00d5003cffd4000c
01b6016d01450115
00d501c6022601f6
ffb4ffacfff40034
013501c601a60095
ff13ff7b003400b5
ff63ff94ffbcff73
0054ffccff84ff7b
0024fffc00fd00ed
fcc9fd29fd69fff4
fe72fd61fd51fd29
fd92fdbafecbfe62
fe5afe0afe6afe83
fefbfeabfe62fe83
fd92fd69fd79fe4a
fdc2fdc2fdbafdb2
fdaafda2fdaafdb2
fd9afda2fdb2fdb2
fd51fd51fd71fd82
ffccff63fedbfe2a
00f5010d017d010d
01c6018601050085
ff130095012501c6
fe42fe32feb3fe8b
fe8bfd82fd51fe22
030f02c7021e00ad
03a00398036f0337
028f02e7033f0357
00c5018601fe023e
023601ae00cd003c
fffc0085012d01de
003cfff4ffbcffbc
0014ffd4001c0054
019e013500e50095
0135022602560206
0034000c003c0074
010501be0206012d
fef3ff03ffac0064
fe0afe42fe72feb3
fee3ff03fe4afdc2
ffc4ffacff84febb
fcb1fd01fd82ffcc
fe3afd29fd31fd11
fd82fda2fecbfe93
fe72fdf2fe8bfe72
fe8bfe8bfe9bfe8b
fdcafdcafe72fec3
fdcafddafdd2fdd2
fda2fda2fdb2fdc2
fd8afdb2fdc2fdb2
fd21fd51fd71fd79
004cffb4ff4bfeab
00dd00fd01960155
01ce01450105008d
ff4300b5012d01be
fe12fe7aff0bfea3
ff43fdbafdaafe4a
02f702c702560135
0388039803880357
0256029702ff032f
002c006c015d0206
008d017501d60155
fe02fe62fee3ff6b
ff03fecbfdfafdd2
ffdc0004ffb4ff3b
0186010d009d0014
01be025e026e020e
00a5009d00cd010d
00cd01a6020e014d
fe2aff23ff840024
fdeafe12fe22fd92
005c0095feabfdb2
ff53feb3fe3afee3
fcb1fcd1fdfaffbc
fdeafd29fd29fcd9
fd71fd82fe62fe6a
fe5afdf2fe9bfe52
fe8bfea3fecbfe9b
fdf2fe8bfeabfe2a
fdc2fddafde2fdea
fda2fd9afda2fdba
fd92fdb2fdc2fdb2
fd51fd51fd61fd71
00a5003cff5bfe83
00bd007c019e01ae
01c60125012d00b5
ffe400dd012501a6
fe2afec3fed3fecb
ffc4fe1afe22fe3a
030702e702870186
037f03a003a00377
01fe0256028f02ff
014d00bd00d50175
fefbff9400640125
fd9afdbafe9bfe1a
0014ffacfdfafdb2
000cff7bff0bff6b
01a600f5005c0014
025e02cf02a7023e
01450145015d019e
00ad01be020e0186
fe12fee3ffa40014
fe5afdb2fdaafd69
0186017dff9cfe93
ff33fe8bfe7afff4
fcc1fcd1fe83ffbc
fdc2fd31fd09fcc1
fd8afd8afe4afe83
fe5afe42febbfe6a
fe9bfec3feabfe2a
fea3fec3fde2fe5a
fdc2fdd2fddafdfa
fd8afd82fd92fdaa
fd92fdaafda2fd92
fe22fd8afd51fd69
00ad004cff8cfeb3
00b5006c017501ce
019e00fd010d009d
ffec00cd00dd018e
fe83fe9bfebbff63
001cfe93fe4afe42
0337030f029701ae
036703a803a80390
01de0246028702e7
00a50155017d0175
0004fffcff53ffc4
fde2fdcafdf2fe32
013d0095feb3fe3a
ff84ff33ffbc009d
01c60135008d001c
02bf030f02cf026e
01f601ee01ce0206
00dd01f601fe01de
feebfef3ff6b005c
fe6afe1afddafdd2
014d019e0034fe8b
ffc4ffb4ff5b000c
fcb9fd09ff1bffbc
fd8afd31fce1fcc1
fda2fd82fe3afe9b
fe72feabfefbfe5a
fee3fec3fe83fe5a
fecbfdf2fdd2fe72
fdb2fdc2fdeafea3
fd69fd61fd71fd92
fd92fda2fd9afd82
ff23fe4afd8afd71
010d0024ffecfedb
00a500a5014501d6
012d00d5014d00f5
ffbc007c00a5014d
feb3feabff63ff7b
003cfed3fe6afe62
035f031f02b701ae
0337039003a00388
01b6022e027602cf
0155013d012d015d
012500ed00ed0155
fe5afe4afe32ff7b
015500fdff5bfe6a
ff7bff8cffec00c5
021e01fe0145fffc
02e7032703070297
02af028f023e0256
0165022e01ee0236
ffa4ff73ffbc009d
fee3ff03ff13ff43
007c00ed00a5ff4b
011500c5ffdcffb4
fcb9fd79ffd400b5
fd31fd31fce9fcc1
fdcafda2fe3afe83
feb3fecbfebbfe8b
fefbfed3fee3feeb
fdfafdb2fe22fecb
fd9afdbafe52febb
fd61fd59fd61fd82
fd92fd9afd9afd82
fff4ff4bfe2afd92
016500b5ffecff33
00740085013501b6
00bd00d500ed00f5
ff94002c00d500ed
fec3fefbffacff43
003cfef3fe62fe93
036f033702cf01ae
0307036f03980390
0216026e029702af
02cf029f022e01f6
016d01ce025e02cf
ff23ff5bfff4010d
00c500dd0064ff63
0095008d00540085
026e0246016d0095
02df031f032702c7
031f02e702a702a7
01e6025e021e0297
00bd00bd00ad00f5
005400ad00ad00b5
fff4000c00340034
018e018600c5001c
fcd1fdea003c0145
fd21fcf9fcf9fcd9
fdcafdd2fe52fe3a
fecbfe83fe9bfe7a
ff0bff33fef3ff33
fdaafddafec3ff1b
fd92fdf2fe62fdf2
fd69fd59fd61fd71
fd92fd9afdaafd82
009d0024ff0bfdea
016d0115ffa40024
00cd00c501250186
00b500cd00a500ad
ff84000c00c5009d
febbff1bff94ff3b
0034feebfe93febb
034f032f02d701ce
02df033f036f036f
02f7030702d702a7
02ff0327030702e7
019e0226028702df
009500cd010d014d
009d006c007c0085
01250135010500c5
029f027e01ae011d
02b702ef031702e7
0367032f02df02b7
02360266025e02ff
00dd00f5011d0186
0085009d00a500cd
0095007400740064
01ae01ce017500f5
fce9fe8b00a5017d
fd59fd11fd09fcf9
fddafe0afe0afdda
feb3fe72fea3fdf2
ff8cff6bff7bff23
fdbafe9bff94ffbc
fdbafe32fddafdb2
fd79fd69fd71fd79
fdd2fdbafdc2fd9a
013500bdffccfe93
018e00cd0034001c
00bd00ed011d01a6
008d00bd00ad00ad
ff94fffc00bd008d
fea3fee3ff0bff53
0014ff0bfed3fe9b
030f030f02c701c6
02cf03070337034f
03370357032702d7
02e702ef02e70307
01b6025e02e702ff
009d00ad00fd014d
010500cd00ad00a5
012d013501550135
02d702b7023e0186
02af029f03070327
03770367032f02ef
0246025e029f032f
00ed011d017d01f6
00ed00d500d500cd
0145011501150105
01be017d017d016d
fd71ffb4012501d6
fd59fcd1fcb9fd09
fe12fe22fddafdaa
fe6afebbfe93fde2
ffc4ffc4ff5bfed3
fe3aff63ff84ffa4
fde2fe02fdcafdc2
fdaafda2fd9afdaa
fe1afdf2fdeafdc2
01ae0125004cff13
01de00d50095ff5b
00a500e501150165
005c00bd009d006c
ffb4001c0095005c
fea3fe8bfebbff63
ffecff53febbfe6a
02ff02ef02b7019e
02b702d70317033f
0327034f033f02ef
021e0246027e02cf
02b702ef02c7024e
019601a601f60256
017d018601860196
01be014501450165
031702f702c7024e
02a7027602c7031f
039003880367031f
025e026e02d70357
015501be01f60226
00bd009d009d00ed
01350115010d00f5
01ee01a601350125
fe6a00d5017d01ee
fd29fce9fcf9fd61
fe5afe52fdcafd71
feabfedbfe2afdea
fff4ff73fed3fea3
ff84ffacff73ffdc
fe22fe0afe02fe3a
fdd2fdd2fddafdfa
fe5afe22fe0afdda
020e0186009dff73
01de00cd0105ff2b
004c008500ed016d
006400ad0074fffc
ffec004c00740054
fe83fe62fee3ff6b
ffc4ff13fe83fe4a
02f702df0297015d
02af02ef03270347
033f0357033702e7
01f6024e02cf0317
0256024e01fe01de
01ce020e02360236
013d015d017501a6
028f01e6015d0125
02ff0327030f02e7
02bf0276026602af
0390036f03670327
0246028702ef037f
02160256024e023e
00b500e5012501ae
010d00c500a500a5
01c6020601ee016d
ffb40206024601de
fd61fd79fd29fd8a
fe4afe72fdf2fd79
fe7afe72fdf2fdfa
ff03fe83febbfeeb
fffcffe40054ffec
fe62fe42fe6affac
fdfafdfafe12fe4a
fe7afe2afe22fdfa
025e01ce00d5ffa4
0186008d0095ffbc
fffc007400640155
004c008d0095ffe4
001c00ad00ad0064
fe83fe6aff23ff9c
ff6bfed3fe72fe7a
031f02bf024e00d5
02b7030f033f0347
034f035f032f02d7
025e02af02ff0337
0256028f02760256
016d01b601de01fe
01650155014d015d
030f02cf025601b6
029f030f0327032f
02ef02a702460226
0398035f03570317
0256029702f70388
027e028f0256022e
01ae01ee021e025e
021e01be018e018e
01ce025602a70266
007c01ee025e01f6
fd82fda2fd31fde2
fe52fe6afe1afd79
fe4afe8bfe12fdfa
fde2fe52fef3feb3
003c003cffb4fe9b
fe93fe8bff8c003c
fe02fe1afe4afeab
fe7afe22fe12fdf2
028701fe00f5ffa4
01960105004cffe4
fffc008d004c00e5
0074007c00640014
004c01150115005c
febbfeb3ff53000c
ff4bfe93fe52fe8b
032702c70206005c
02d7032f0337031f
035f034f033702ef
02df031703570367
03370337030f02d7
026e02a702d702f7
028f0256024e0256
0337032f031f02df
023e02bf031f0337
030702f7026e0216
03980357033702ff
026e028702ef0377
02bf029f02460246
02a702c702c702af
02d702d702bf02a7
02e7030f02ff02df
010d01e6025e02ef
fd9afd61fd71fe6a
fe62fe83fe32fda2
fe4afea3fe52fe0a
fdc2fe72fedbfe83
0024ff53fed3fdd2
fe9bff7b003c005c
fdeafe0afea3ff0b
fe4afdfafdf2fde2
027e020e0105ff84
015d00ed001c0034
ffac00850004008d
00540064ffe4ffec
008501150165005c
fecbff33ff730054
ff3bfe6afe6afe83
02d702bf01b6002c
02f7031702ef02b7
036f035f033702ff
0307032f0367036f
03c803900347030f
031f036f03a803b8
032f030f030f030f
031f03370347033f
0236025e02f7031f
0307033702d70276
03880347031702cf
02760287030f037f
02df02af024e0266
030702ff02f702cf
03570337031f0307
03b0037f03370347
013d01e602760367
fdbafd59fdb2fee3
fe83fe9bfe3afd82
fe6afeabfe8bfde2
fe22fe62fed3fee3
ff63fef3fe52fdca
ff6300540044ffd4
fdd2fdfaff1bfee3
fe22fdd2fddafdc2
0276020e0115ff5b
016500f50024ff7b
ff2b003c00240085
001c005c0024ffc4
008d00f501a6009d
fedbff43ffe4009d
fee3fe42fe6afea3
02160266014dfff4
02df02a701ee0196
0377037f034702ff
030f02c702e7031f
03a0037f0357034f
03d003e803d003a8
03470347036f03a8
032f032f033f0337
028f026e02cf0327
02ef0357034f02ff
037f033702ef02a7
026e02b7033f0388
02df02af0266026e
031f030f02ff02df
037f035f0337031f
03b003a8035f0377
01be021e028f0357
fdb2fd69fdeaff84
fe83fe93fe32fd61
fe72ff03fea3fdda
fe5afe8bfef3fe7a
ff03fecbfe02fe2a
002c003cff9cffac
fdc2fe22ff2bff4b
fe0afdc2fdc2fdba
0276020e0115ff33
019e0095ffbcff53
ff53001c001c00d5
0024003c0034fffc
00bd00ed019e00e5
ff23ff73001400bd
fe93fe2afe93fed3
00d5017d00ddff8c
027e0226010d003c
02f70367033f02cf
03b003670307029f
03c803c803c003c8
03f003e803c003b8
033f039003d803e8
034703370337032f
032f0317032f033f
02e70367037f0357
036f032f02d702a7
025602e7035f0377
029f028f028f024e
031f030702ef02cf
0390037f03570337
03b003a003670398
022e027602ff0357
fdeafd82fdfaffec
fe62fe7afe22fdba
fe7aff0bfe72fdda
feb3fe93fe72fe72
fefbfeabfde2fe7a
0024ffc4ff3bff33
fdd2fe83ff84ffac
fe02fdc2fdb2fdaa
026601e600e5ff03
00c5009dffdcff33
fff4003c00a5013d
003c003cffc4000c
00f500dd018e0105
ff33ffbc000c00b5
fe8bfe1afe8bfefb
008d0095008dff63
024601ee00ed003c
026602cf030702d7
03c003e003d8034f
03e803e003d803c8
040003e803d803e8
034f03c803e003f0
034703370337032f
033f033f03570357
0307037703770357
0357031f02df02bf
023e0307036f0377
024e027602970226
02f702d702bf028f
03880377034f0317
03a80357031f0367
028f030f03770377
fdd2fdbafdc2003c
fe62fe6afe2afdf2
fea3feabfe6afe02
fef3fe42fe0afef3
ff1bfe6afe0afec3
ffc4ff53ff1bfebb
fdf2fe6aff7bfff4
fdf2fdb2fd9afdaa
024e01ae00c5fee3
007c00f50014fef3
001c00b500f500a5
ffbc001cff23ff33
012d011d016d015d
ff3bffd40024009d
fe93fe12fe7aff03
01be00850085ff53
033702d7025e020e
02af01f602cf0337
03b003c803c003c0
03e003c803c003b8
03f803f003f003e8
036f03d003a003d8
02ff032f0337033f
0327031f02ff02ef
02f7036f035f0337
0327030702ef02c7
023e030f035f036f
021602a7026601ee
02cf02af026e022e
03470357032f02ef
037f02ef02e7031f
030703570390037f
fdb2fdf2fde200bd
fe5afe52fdfafd9a
fed3feabfe3afe02
ff23fe1afe22ff4b
fedbfe1afe72fedb
ff73ff33ff33ff0b
fe02fef3ff9cffb4
fdd2fdaafda2fdc2
022e017d0095fedb
009500e5fff4feeb
ffcc00e50115005c
ffecffc4ff6bff33
011d0135014d0186
ff43ffd4008500ad
fe8bfe02fe62fee3
023600950074ff33
03b0036f02ff02b7
036f020602360347
03e803e003e003f0
03f803e003f003f0
03d80400040003f8
036703c0039003b0
028702df0317032f
0357034702f7028f
02ff03770390036f
02f702f7031702f7
024e02f70337032f
023602bf020601c6
02a70266021e01d6
02f7031f030f02cf
031f02a702c702e7
035703980398037f
fddafddafe02011d
fe42fe3afddafd71
ff4bfeebfe12fdf2
fe93fdeafe6aff3b
fea3fe2afe8bfeab
ff5bff23fffcff73
fde2ff43ffacff63
fdd2fdb2fdb2fde2
021e016d0074fecb
010500e5fff4ffcc
ff63012d00f50034
009dffb4ff5bff3b
00f50115013d0175
ff4bffc4008d00ed
fea3fe12fe5afeeb
020e004c0044ff13
0357036f032702bf
03c002ef01be0297
0400040003f803e8
040003f804000400
03d003f003f80400
032703b003a003b0
0236024e029f02d7
03a80388031f0287
031f039003b803b0
02e70317033f0337
025e02b702ef02ef
028f028701c601de
0276022e01de01be
02b702c702d70297
028f027e029f028f
02c703370367032f
fdd2fdcafe220115
fe22fe02fdbafda2
ff0bff03fe4afdfa
fe42fdf2fe5aff3b
fe72fe62fea3fe5a
ff5bff9cff9cff1b
fdfaff2bff9cff53
fdd2fdc2fdbafe1a
021e015d006cfedb
013d00b5ffacff6b
ff6b00f5013500a5
00cdffccff73ff43
010500fd0135013d
ff3bff8c004c00fd
fe62fe1afe5aff13
0175ffd40014feeb
02f70347031f0287
03d0036701d601a6
03b803d803c803d8
03e803e803c803a0
03b803c803c803d8
02cf035703b003b8
021e01c601fe0276
03c803a8033f02bf
031f038803b803b8
02ff033f0367035f
024e028702c702df
02bf024e01b601de
021601e601860206
029702970287023e
02460256026e0266
028f028f02970276
fdfafdf2fe1a011d
fe1afdc2fdd2fde2
ff03fe9bfe12fdea
fdeafe42fe8bff84
fe72fe93fe83fdba
ff2bff4bfee3fed3
fe02ff0bffb4ff5b
fddafdc2fdc2fdda
021e014d0064feeb
012d007cff73ff03
ff6300d5014d00f5
00edffdcffd4ff63
010500d5011d013d
ff2bff63fffc00c5
fe0afe22fe4aff13
001cff23000cfedb
0256031702d70216
03b0037f0287016d
033f038803b003d0
0390033f029f027e
03b8038803770388
025e02d7033f0398
02060186018601e6
03d803d0036f02ef
031f0347039803c0
0307033f0367035f
02260266029702bf
02af0246018601b6
01b601860186026e
02760276024e0206
024e0256024e0256
02bf02df026e0246
fdf2fe22fe0a00cd
fe02fdb2fe12fe0a
ff1bfe8bfdfafe1a
fe12fe2afebbff53
fe62fe32fe4afdaa
ff13fedbfebbfecb
fe22fee3ff6bff13
fdcafdbafdcafdea
02360155005cfefb
012d004cff6bff2b
ff1b00d50115016d
00f50024ffd4ff7b
00e5009d00cd00fd
ff3bff53ffa40054
fdf2fe02fe3aff0b
001cff73ffbcfe93
018e02c702c7020e
0388036f02ef01b6
03a003a003880388
02ff0287028f030f
03a0035f0357033f
01c6024602af0347
01e601c6018e0165
03e003d8038802cf
030f032f036f03a8
02e703170337032f
01ee021e024e0297
02760256017d016d
017d017d01be026e
0266023e021601be
0287026602360266
026602cf02bf029f
fdcafe32fdda0044
fdf2fda2fdfafdfa
ff53fe93fe32fe32
fe62fe72ff03ff94
fe72fdbafe3afe1a
ff33febbfee3fee3
fdeafefbff6bfef3
fdd2fde2fdbafd9a
024e0175008dff03
017d001cff1bffd4
fef3005c00c501a6
00edffdcffb4ffa4
00c50074005c00d5
ff2bff23ff7b001c
fdc2fe1afe62fedb
0044ffc4ff5bfe1a
0135025602a70206
02ff02ff0307023e
0390033f031f02f7
031f02ff03670390
032f0347034f0347
014d019e023602b7
021e021e01d6018e
03a80390033f024e
02bf02ef03470390
02bf02df02d702b7
01ae01ce02160276
0216021e01c60175
0186019601d6024e
023601f601b60186
028f023e0206023e
0196024602af02af
fddafe12fdbaff7b
fdf2fdc2fdb2fdca
fefbfe6afe42fe22
febbfeb3ff5bff94
fe12fdf2fe22fe7a
feebfeebfee3feab
fe42ff5bff7bfecb
fde2fdaafd79fd9a
026601a600b5fefb
01ae008dfedbffb4
ff2b004c013d012d
00b5ffd4ffd4000c
00240024002c006c
ff23fef3ff6bfff4
fdaafe12feabfed3
00cdffc4ff43fdfa
018601c6028f020e
02b702bf02f702a7
02af02870287028f
030f02c702a702bf
029f02e703070327
0175013d01ae0246
029f026e022e01ee
02f702cf026e025e
01fe0226026602bf
02760256021e020e
019e018e01de023e
01de01b601b601be
017d01a601ce0206
01e6018e0155015d
01fe01d601de01fe
00bd01b60236023e
fe0afe02fd9afe8b
fd92fd79fd8afdb2
ff03fe9bfe2afdf2
fed3ff3bff94ff94
fe0afe12fdfafeb3
fecbfee3fef3fe5a
fecbfef3ff84fed3
fdaafd82fd79fe02
026e01b600c5fefb
01b600edff6bff2b
ff7b00d5021e00e5
0095ffecffccffdc
ffacffbcffe4ffec
fee3ff13ff9cffb4
fda2fdbafeebff23
00c5ff63ff0bfe1a
01e6014d026601f6
0287028702a702a7
018601ae0206025e
025e01c6009d00f5
0216026e02970276
01be014d0135019e
02df029f024e0216
019e020e029702e7
00a5009d009d00e5
02360206016500e5
019601a601ae01fe
02060196013d017d
019601ce01fe0226
016d0125012d016d
0105014d01a601be
ffe400cd010d00fd
fe0afdd2fd71fe02
fd61fdb2fdaafdb2
fed3feebfe32fd9a
ff3bff63ff3bff53
fe72fe5afeabfedb
fec3fef3fe7afe42
fee3fecbff73ff1b
fdaafd79fdbafe62
026601ae00bdfef3
011d00d5ff84febb
ff43012501de0115
005cffacff6b0004
ff63ff8cffa4ffb4
febbff23ff84ff6b
fd71fd92fef3ff5b
008dff33fee3fdf2
020600e5022601ce
021601de024e029f
009d00ed013501d6
0165010dffbcff73
016501ee02060196
01f6018e012d0105
02df02bf02760246
023602a702ef02f7
00bd00fd0135016d
01fe013d007c007c
016d0186017d01be
021e01be01250115
01b601fe0236024e
00d500dd01250175
006c00dd01550145
ff6b00540074006c
fddafd9afd61fdb2
fd92fddafdc2fdfa
ff6bfea3fdc2fd61
ff4bff3bff4bff84
fe9bfe32fec3ff3b
fe8bfeb3fe32fe6a
fef3ff0bff1bff3b
fdaafd79fde2fe9b
023e017d008dfef3
010d014dff84ff0b
ff23010d015d0145
0024ff8cff7b002c
ff1bff33ff6bff73
ff5bfefbff2bff43
fd79fdc2ff3bff6b
0014ff23fec3fdca
020600cd02060175
014d00240135026e
ff730054009d0125
009d0095ffccfe93
00d50155016d00e5
023601d6015500ed
02f702df029f026e
029f02df02e702f7
016501c60216024e
00f5009500bd010d
009d009500a500dd
024601e6017500e5
01ce02160246025e
00a500c5010d017d
005400a5010d00ed
ff03000400340034
fdaafd59fd41fd8a
fdc2fde2fdfafe1a
ff0bfdf2fd61fd31
ff23ff43ff9cfffc
fef3fe6afeebff23
fecbfea3fe3afeb3
ff2bff4bfeb3ff33
fd9afd92fdaafe7a
0216017d005cfedb
018e018eff5bfe8b
ff5b019601be0186
0014ff84ff6bffcc
fefbff03ff53ffcc
fedbfe83fef3ff13
fd79fddaff84ff33
ffe4ff0bfecbfdca
01ae00ad01de00cd
004cfeb3001c01fe
fe42ff53002c009d
009d0044fff4feb3
00d500c501150125
024e01fe018e011d
030702ef02b70276
02c702ff02ff02ff
01ee0236025e0287
005c00b501150175
00740034003c004c
024e01fe018600ed
01f60226023e0256
009500bd012d01a6
0024009d011d00dd
fe72ffd4002c000c
fd8afd49fd19fd39
fdb2fdfafe32fdda
fe4afdaafd29fd71
fff4ffecffdcff5b
ff23ff0bff3bff94
ff43fecbfe72fef3
ff4bff6bfeabfecb
fd92fd9afddafea3
01ee01650044feb3
018e019effe4febb
001c021e015d016d
ffdcff7bff13ff9c
fed3ff0bff94ffcc
fe6afe52feabfecb
fd51fe12ffa4fedb
ff9cfefbfee3fdba
014d008501b6003c
ff2bfe42005c01f6
fe1afe52ff6b000c
00fd0064ffecff2b
00fd00ad009500fd
020601e601be0175
02ff02cf027e023e
02df030f02ff02ff
027602a702b702bf
00bd0115017d01fe
010500cd00b500ad
026e023601e6016d
01de0216023e026e
005c00c5012d017d
002c00bd011d0095
fdd2ff6bfffcffec
fd41fd19fd21fd39
fde2fe3afe0afd8a
fdc2fd61fd69fdc2
000cffacff33fe83
ff4bff33ff6bffd4
ff2bff43fed3ff2b
ff9cff4bfe62feab
fdbafda2fe22ff0b
01fe01650064fee3
015d016d007cff13
00ed01fe011d010d
fff4ff94ff03fffc
fe9bff23fff4ffe4
fe42fe32fe83fe93
fd79feabff73fecb
ff7bfeebfeb3fdc2
008d007c01a60034
fe42fe6a00fd01a6
fe9bfdbafe5aff2b
00bd00ad0014ffa4
014500e500a5006c
01a601ae01b6019e
02ef02af024e01ee
030f0317030f0307
028702b702e70307
015d01960206024e
014d0135013d0155
022601fe01b6017d
018601ce0216022e
007400a500cd0115
002c00b501050085
fd31feb3ffe40004
fce9fcf1fd31fd19
fe4afe4afdd2fd39
fd9afd82fe12fe42
ff94ff1bfe93fdf2
fe6afee3ff6bffec
febbff63ff84ff13
ffbcfedbfe4afe7a
fe2afd82fe2aff4b
0206019600bdff63
019e011d00a50054
00f5014500e5013d
ffdcffa4ff3b0034
fe8bff3bffbcffac
fe4afe32fe62fe52
fe12ff53ff1bfedb
ff7bfedbfe8bfdca
ff2b00b50196001c
fdc2fe830054003c
ff8cfe8bfde2fe0a
004c00ad0095002c
015d00ed00a5005c
01b601a601a60196
02870276024601ee
025602660276027e
0206021e024e024e
0165019601e60206
0115011501250135
011d0135011d0125
0044009500e5010d
0074004cffbcffb4
004400dd012d00d5
fd39fe83ffe4001c
fcd9fcf1fd31fd21
fe5afdd2fd51fce9
fdb2fdd2fe52fe7a
ff43fed3fe2afdb2
ff6bff9cffb4ff5b
fedbff1bff13ff1b
ffbcfed3fe72fedb
ff63fe93feabffc4
021601b60135004c
01be00dd005400cd
00bd0115012d0186
ff94ff6bff1b0054
fe9bfefbff43ffec
fe4afe52fe32fe1a
feb3ff6bfefbfeeb
ff73fecbfe83fde2
ff43015d0196004c
fd51fdbafe12fe9b
004cffccfe7afd8a
0034007c00d500ad
009d00440014002c
0135010500e500cd
01a6019601750155
01ae01a601ae01a6
01de01c601d601c6
016d019601d601ee
00cd00dd01050135
002c00ad00bd00e5
ff13ff0bfeebff53
008d0024ff73feeb
003c00cd01450145
fd31fe42ffa40014
fcd9fd11fd29fd31
fd9afd49fd39fcc1
fdfafe42fe7afe2a
ff3bfe93fe12fe22
ff84ff7bff53ff7b
ff1bfeb3ff1bff84
ff84fea3fea3ff43
006cffd4ff94ffec
0256020e019e00fd
01c600cd001c002c
00a50135019e0135
ffecff73ff6b0064
fea3fefbff94ffdc
fe2afe2afe2afe32
feebff13feb3fee3
ff5bfedbfe62fe62
009501de018e005c
fdaafe02fe2afefb
00a5ffb4fe2afd79
002400a50125010d
ff63ff94ff6bffb4
001cff4bfec3fed3
0115012500ed009d
0175018601960155
01ce01b601be01ae
016d019601ce01d6
00c500d500fd0125
ff8400fd00ed00fd
ff84ff13fe3afdda
00f500740044ffec
001c0074010d0165
fd39fdbaff1bfff4
fcf9fd29fd19fcf9
fd71fd19fd19fcb9
fe6afe72fe22fdf2
fecbfe62fe83fe83
ff63ff94ff4bff33
feebfeabff33ff53
ff73fecbff03ff33
016500f500a5fffc
027e024e01fe01b6
01b600c50024ff8c
00a5010d0165013d
ffccff43ff33004c
fecbff4b0044ffd4
fe42fe3afe4afe4a
ff03fecbfe6afeab
ff13fedbfe8bfecb
018e01ee018e005c
fed3ff03ff4b0064
007cfef3fde2fdba
004c010d018e0155
0044007400440014
002cfe9bfe62ff53
01c60246017d00ad
0246029f02f70256
022e026e02ff02df
01ae020e02760287
01b6022e022601c6
ffb401c601f6022e
004cffe4ff0bfdf2
013d00d500d500dd
001c0024008d013d
fd79fd31fe5affbc
fd21fd49fd09fce1
fe0afd51fd09fd01
fe3afe1afdeafdca
fe9bfe6afe72fe5a
ffccffecff4bff0b
fe9bfec3ff3bff33
ffccffb4ffb4ff2b
020601be015d003c
026602660256024e
01ce00e500adff84
01650165018601a6
ff9cff9cffd40085
ff03ffc400a5ffe4
fe4afe2afe1afe72
ff13feabfebbfe6a
fecbfefbfeb3febb
01b601c6017d0034
ffac001c00a50145
ff94fe42fe12feb3
00ad016501be012d
017d017d011d00ad
0034ff3b00740165
0266029f01be00f5
02ff0307031f02af
02f7032f03770388
028f02e70327034f
029f02ef02e702d7
ff9401f6026e02af
010d0095002cfecb
014d0135012d0155
00140024003400d5
fd79fd09fdb2ff53
fd41fd39fcd1fcb9
fe3afe02fdc2fd79
fe2afe32fe52fdfa
fea3fdfafddafe32
0024ffdcff6bff8c
fe8bfefbff2bff84
0054009dffe4ff23
0246021e01a600c5
023e026e02970297
015d009d00dd0044
016501ee014d00bd
ffa4ff63ff94007c
ff13003c00f5ff8c
fe2afe0afe42fee3
ff0bfebbfef3fe3a
fedbfeebfeebff3b
019e01a6013d000c
ffdc00ad012d0165
fe7afddafe62ff4b
00f501960175002c
021e01ee017d011d
00c5016d022e0236
0266027e015500ad
030f030f030f027e
0327035f035f037f
02df02ff032f0347
02c702ef02ef0307
ffcc0165025602bf
0196013d00f50054
011d012d013d018e
000c0064006c0095
fd82fd11fd21fecb
fd82fd61fcd1fcc9
fe12fe22fdcafd8a
fe12fe72fe2afdda
fe9bfdd2fdf2fe62
ffec0004ff6bff1b
ff03ff53ff8cffc4
00fd010dffc4ff94
026e022e01d600fd
01f6024e028f02af
010d004c004400c5
013d020601ae0044
ffe4ff94ff8c0034
ff0b009500c5ffc4
fe2afe02fea3ff2b
fed3feabfecbfe3a
ff3bfe7afea3ff43
0186017d00b50024
001400d5013d0165
fe1afe5aff03ff53
012d014d0044febb
0256022601de0165
0276029f027e026e
018601d600c5017d
0287028702cf0246
02b7030703170317
02df02ff03370357
02560307031f030f
00adffe400c50196
01c601a601650155
00d500f5013501ae
ffbc003c008d0095
fd61fd09fd01fe22
fd71fd49fd21fd11
fda2fddafdd2fd8a
fe72feebfea3fdc2
fe6afe7afe42fe9b
feebffa4ffecff5b
ff8cff63ffbcffac
00f500a50024ffec
024e0236023e015d
01ce0216024e026e
01050115003400ed
00bd018e020e0125
ffecff8cff94004c
ff1b000c005cffd4
fe1afe3aff1bff33
feabfed3ff23fe62
ff94fe5afe8bfef3
016d012dffdcffe4
004400d5011d0155
fe5aff33ff53ff73
014500c5ff43fe32
0266024e021e0196
02e702bf0297027e
01c60216028f02e7
02df026e028702bf
028702bf028f02b7
024e026e02d702c7
016d021e02460276
0175013d00dd00e5
01be01ae018e0165
00a500e5013501a6
ff5bffdc005c0085
fcf9fcf1fcf1fd92
fd71fd41fd8afd9a
fd49fd8afdb2fd9a
fedbfea3fecbfe02
fec3febbfebbfefb
ff2bffcc0004ff5b
ff6bff4bffd4ffbc
004c00c500ed0014
021e0287024601a6
01a601de020601fe
0196014500dd009d
00540175022601fe
feabff2bff63004c
ff94000c0044ff84
fe22fe8bff6bff1b
fee3ff2bff43fe9b
ffb4fe4afe42feab
014500a5ff43ffe4
005400d50135014d
ff43ff84ff8cffc4
014d00b5ff3bfeb3
0276025e021e019e
02df02bf02af029f
02df031f031f0317
02f702af028702af
02af02ef02af02df
01be01b602260236
01450145012501c6
01c601de01ce017d
01ae01ae0196017d
00a500d5011d017d
fec3ff84ffe40064
fce1fce1fd09fd31
fd01fce1fd09fd31
fd82fd59fda2fd39
fecbfed3ff3bfe32
ff53ff23fedbff43
0024ffccff43fef3
ff33ffb40054ffe4
00b500ed00bd000c
01f602560216018e
019601be01b6019e
01ee0165011501b6
006400b501d6021e
fedbff5bffb4005c
ff9c0004001cff63
fe5afebbff63ff03
ff1bff2bfed3fe9b
ffdcfe8bfdf2fe9b
00fdfff4ff5bffcc
007c00dd0145014d
ffc4ffbcffccfff4
017d00fdffe4ffb4
028f0276023e01d6
02d702d702c702af
0307031703270307
02df02df02ef0307
026e02b702af02df
01b601de021e0226
01fe01ce018e01a6
01d601fe0216022e
0196019e01a60186
007c00c500f50145
fe02ff4bff73fffc
fd01fcf1fd09fd11
fd11fd01fd09fd41
fdf2fd61fd9afd79
ff3bff3bff94fe3a
ff13ff63ff03ff94
0044ff73fedbfedb
ff5300440105001c
00d5006cffccff3b
016d01ae018e012d
017d0186016d0145
0186006c0095013d
0004fffc014501de
ff5bff4bffb40034
ffd4006cffecff23
feebff3bff8cff53
ff23feb3fe22fe32
ffd4fe62fe22ff23
0044ff63ffa4ff53
004c00cd01450125
ffe4ffdcffecffd4
01ce018e00e5004c
0287026e02560206
02df02c702b702af
02d702cf02ef02f7
03370337031702ef
02d702e703170327
028f02af02cf02e7
023e024e025e026e
01ae01de01ee0216
0175019e01a6017d
0014008d00cd010d
fd59fecbff53ff8c
fd11fd39fd09fd29
fd01fd49fd29fd51
fe3afd79fddafde2
ffe4ff8cffa4fea3
fecbff03ff9cffc4
002cff63ff3bfee3
ffcc007c0115006c
0064ff84fefbfec3
00fd0135012500ad
01960186010d00ed
01a6005c000400a5
fff400340175020e
ffb4ff63ff9cffdc
ffc4003cffc4ff4b
ff13ffd4ffccffc4
ff2bfe7afdcafe3a
ff9cfe93fe93ff3b
ff53ff84ffa4ff13
003400c50115008d
fff4ffe4ffecffcc
0256021e014d0064
0287027e025e0256
02c702b702af02af
02cf02cf02e702e7
0327032702ff02df
02cf02e702ef02ff
027e02af02c702df
01f60236025e026e
0175019e01c601ce
01350186018e0196
ffa40044009d00e5
fcf1fdc2ff23ff63
fd31fd19fcf9fd19
fd19fd31fd59fd61
fe6afdd2fe0afde2
002cffb4ffa4fedb
fe6afe62ff6b000c
ff3bff23ff33fea3
fff400bd00a5ffd4
ff03fe52fe72fedb
009500d500d5000c
0155012500c500ad
01860054fffc00e5
002400f501c601e6
0004ffccff33ffb4
ffbc002cff73ff84
fedb004c0044000c
ff63fe5afdbafe4a
feebff73ff03ff1b
fedbffccff63fea3
003c00b500bdff9c
0004fff4ffd4ffe4
029f0246014d004c
02970297027e028f
02b702af02af02a7
030f031702ff02d7
02d702e702df02e7
0297029f02b702c7
02560266026e0287
01a601e602060226
018e015d0165018e
0115017501750175
ff6b0014008d00cd
fd09fd01fe62ff33
fd51fcf9fcf9fd01
fd82fd49fd82fd79
fe3afe12fe4afe2a
001cffccff8cfecb
fe5afe0aff0bffd4
fe8bff2bff7bfebb
005400bd0024feeb
fedbfe22fe7aff33
003c0054fff4ff4b
012d00c500740054
016dfffc002c00a5
000400f5017d01be
003cff63fef3ff6b
ffbcffe4ff2bffec
fedb005400fd007c
ff4bfe32fdbafe72
fe7a0004ff33ff03
fed3ffdcfebbfe5a
005c0085ffe4feeb
ffdcffbcffc4fff4
029f021e0115001c
02c702c702a7029f
02a702b702bf02cf
031f031702f702c7
02a702bf02ef0317
0246024e026e028f
021e02260226022e
0165018e01c601de
01860196016d015d
0115016d018e016d
ff2bffa4007c00dd
fd29fcf1fd8afefb
fd69fd11fd01fd09
fdbafd8afd82fd61
fe32fe22fe3afe62
fffcffd4ffd4fefb
fe52fdd2feebff5b
fe72ff2bff33febb
005c00cdfffcfe62
fe5afe4afec3ff43
fff4ff94ff23ff03
010d007cffecfffc
0155003c006c005c
008d00ed01650175
005cffacff84003c
ff9cffacffc4003c
ff4b008d014500ed
feebfe02fe12fee3
fe83ffd4ff94ff2b
ff8cff5bfe72fe12
0054fffcff1bfed3
ffb4ff63ff8cffe4
02a701de00bd000c
02d702df02cf02c7
026e028f02af02bf
02f7030702f702b7
029f02c702df02e7
01ee021602460266
01d601de01de01e6
017d0155015d019e
015d016d01960196
013d017d01a6018e
fefbff13fff400dd
fd41fd09fd59fe3a
fd71fd21fcf9fd11
fe22fdeafddafd9a
fe52fe3afe22fe3a
ffbcffdc0024ff84
fe5afe02feebfebb
fe93ff73fefbfeab
0054008d000cfe9b
fe1afec3ff13ff84
ff94ff2bff3bfe7a
00ed0034ffdcffd4
00d5005c0014015d
000c008500f500e5
0034ffacffb4fffc
ffdcff5b007c0044
ffbc00bd015d010d
fdf2fddafea3ff3b
feb3ff6b0064ff5b
ffe4fee3fe1afe02
ffecff4bfe83feb3
ff7bff3bff84ffc4
028f01a6007cffec
02ef02ff02d702c7
02560256027e02bf
03070317030f02bf
029702c702df02ef
019601de02260256
0155017d017d018e
0155011d011d012d
0196017d017d0165
0145019601c601ce
fe8bfedbff3b0064
fd61fd29fd41fd9a
fdaafd31fd09fd31
fe3afe0afe42fde2
fe72fe42fe22fe1a
ff84fffc002cffc4
fe7afe3afea3fe6a
ff03ff13fecbfecb
007400850054ff03
fe7afefbfeebff6b
ff3bff03ff03fe4a
00ad000cff94ff6b
014d0175015500ed
ffe4001c00e500ad
ffc4ffe4ffe4ffcc
0074ff8c0054ffcc
ffd400a50186018e
fde2fe1afec3ff43
ff0bff84fffcffa4
fff4fe83fe0afe42
ff43febbfe5afebb
ff84ff84ff9cff94
0246011d0034ffdc
02e702ef02df02c7
02660236025e02b7
031f0327030f02cf
029f02c702df0307
01a601de022e027e
01550175018e0196
017d014d013d0145
01ee01de01c601ae
00f5018601de01ee
fd92fea3fef3ffd4
fdc2fd61fd69fdb2
fdeafd21fd01fd49
fdfafe22fe83fe42
fe9bfe4afe5afdd2
ff0bffd4003cffac
fe62fe2afe5afe42
ff2bfeebfec3fed3
006c007c0064ff33
fe8bfed3fefbff13
feb3feebfe72fdba
0024ffa4ff84ff6b
017500f500adfffc
ffa4ffdc00a500fd
ffdc004cffe4ffa4
017dffec0004002c
ff940064019e01b6
fe62fe3afecbfee3
ff3bff2bfeebffdc
ffa4fe22fe52fe9b
fea3fe8bfe5aff3b
ff53ff7bff8cff2b
01ce009dffecffa4
02bf02af02df02b7
0276022e02460297
034f033f031f02e7
02df02d702ff0327
02360256029702cf
01ce01d601fe021e
021e01f601ce01ce
020602160216021e
0074015d01ee020e
fcf9fdaafec3ff53
fd92fdb2fd9afdba
fe32fd69fd01fd29
fdc2fdc2fe52fe42
ff4bfe8bfe62fdc2
fee3ffb4ffecffd4
fe83fe5afe8bfe42
fedbfe9bfeabfed3
ffe4006c0044ff33
feb3ff0bfecbfeab
fe72feb3fdbafe1a
ffc4ffdcff94fec3
000c006c00bd013d
ffacffe4fffcffbc
003c008d000cffec
01ae006cfffc0074
ff3bffcc014d0186
ff0bfe93fefbfebb
ff2bfecbfee3ff9c
ff13fe02fe9bfef3
fe83fe6afe3aff73
ff6bff9cff23fe93
013d003cffccff84
027e029f02bf0256
0276023e023e0246
034f0347033f02e7
030702ff0317033f
02a702bf02e702f7
0287028f02870297
029702b702bf02a7
0226023e025e0276
fff4010d01ce0216
fcd1fd01fdeaff03
fdaafdb2fdb2fdb2
fe3afda2fd31fd29
fda2fd92fdd2fe42
fff4fecbfe6afdd2
fe8bff6bffbc000c
fe93fe7afe7afe4a
fedbfe4afe4afee3
ff6b008d002cff5b
fef3ff03fec3feb3
fdd2fe42fe6afedb
0064002cff8cfe5a
ffbc002cffecffdc
ff94ffbc0004ffd4
009d010500740044
015d0105008500d5
ff63ff8c0095017d
fff4ff13ff43feeb
fed3febbfecbfecb
feb3fe42fef3feeb
fe83fe62fe4aff6b
ff94ff1bfe9bfeb3
00a5ffccff9cffa4
027602b7028f01c6
02660226021e0226
03470337032f02c7
033f0337033f034f
031f031703270337
0307031f031f0327
02ff0327032f0307
02560287028f02c7
ffa400b5017501f6
fcd1fcd9fd19fe42
fdeafd9afd92fd69
fdeafd82fd82fd79
fd92fd31fdb2fe42
0054ff1bfe32fe02
fe72ff6bffdcffe4
fe9bfe93fe5afe62
fec3fe32fe12fe9b
ff4b00740064ffa4
fefbfea3fedbfecb
fdb2fe9bff84ff33
0044001cff1bfdda
ff5bff13ff94ffd4
005c00140014ffec
010d00e5003c005c
018e013d00f50095
ff5bff63ffb40135
0044ffccff4bff43
fedbfeabfe9bfe4a
fee3fe72feb3fefb
fea3fe83fe9bff73
fee3feabfefbff13
000cffbcffc4ff8c
028f028701ee00dd
026e020601ee0226
035f0357031f02df
034f035703570367
033f0347033f0347
0317033f03270337
03070337032f030f
023e028f02b702c7
feb3004c010d01a6
fcc9fcc1fcd9fd39
fdf2fdbafd59fd11
fdbafd59fdc2fdea
fdcafd69fdeafe2a
0095ff84fe8bfe22
feb3ff13ffccffac
febbfe83feabfec3
fe72fe2afe02fe72
ff84009500ddffa4
fe9bfe9bfee3ff23
fe5afef3ffb4ff2b
ffbcff73fe72fdf2
ff13fec3ffac00dd
0064006cffec001c
00f500ed00740004
0145012d00f500ad
ff7bffa4ff1b002c
0004001cfefbff0b
fef3fe6afe62fdfa
ff33fe12fe32ff1b
fecbfe7aff1bfffc
fef3fee3ff53ff13
ffe4ffccff73ff1b
027601f60105003c
027e01f601f6024e
035f034f032f02ff
034f035f0367035f
02ff030f032f033f
02ff0327031f030f
02f70317030702ff
01ee024e028f02af
fd71ff8400a50125
fce1fce9fcd1fce1
fdeafdf2fd51fcd9
fdd2fd92fdcafe52
fe02fdb2fdc2fe02
009d001cfebbfe5a
fe8bfeb3ff84ff94
fe7afee3fec3fedb
fe6afe7afe0afe12
ff6b000c00c5ff73
fe93fedbff03ff84
fee3ff73ff94feeb
fe7afec3fe8bfea3
ff2bfecbffa4001c
008d00c500440024
013500bd00dd00cd
008d0145011d00e5
ff8cffc4ff4bff13
00340054ff1bff2b
ff1bfea3fec3fe9b
ff33fe2afe22ff2b
feb3fe8bffa4006c
ff0bff5bff63fefb
ffbcff53ff33ff1b
01ce01150085002c
026e020e020e021e
03370337032f02f7
0327033f03370337
03070307030f030f
02e702f7030f0307
030f030702df02e7
018e021e026e02af
fcf1fe1a002c011d
fcd1fd09fd11fcf9
fe32fe8bfd82fcd1
fe1afddafdf2fe6a
fe2afe12fddafe0a
00ad005cff43fec3
feabfe7aff63ff73
fe52ff33febbfed3
fea3fe93fe02fdda
fef3ff940044ffbc
ff0bfefbff53ff7b
fee3ffb4ff5bff0b
fe22fe6aff4bff1b
ff53ff63ffc4ff5b
00dd00fd00d50095
012500ad00a50115
ff6300b501860105
ff63ff73ff5bfe9b
001400bdff53ff03
ff3bfeb3fe32fe22
ff2bfe5afe52fefb
fe83fe9b004cff73
ff53ff94ff13fefb
ff43ff3bff2bff1b
0105008dfff4ff73
0246020e01c60175
030f0317030702a7
02ff031703170317
02ff02ff02df02df
02af02c702ef02f7
02bf02bf02c702af
015d01ce023e026e
fcd9fd21ff0b00bd
fce1fd01fd31fd11
feabfe62fdcafcf1
fe32fe1afe6afe52
fe62fe6afdf2fe12
00a500bdfffcfefb
fec3fe93ff7bff73
fe52ff03fecbfedb
fed3fe62fe12fdc2
feabff530024001c
ff63ff33ff43ff03
ff84ff94ff2bff7b
fe8bff53ff43feb3
0024ffc4fec3ff13
00c5011d013d00e5
013500dd002c0074
fe93ffa400dd016d
ff3bff94ff4bfe72
004c0135ff9cfef3
ff1bff2bfe42fe42
ff43fe8bfe1afe42
fe7afefb0095ff0b
fff4ff8cff1bff2b
ff4bff3bff23ff5b
004cffc4ff73ff5b
01e60186012d00cd
031702ff02af023e
02ff02ef02ef0317
02ff02ff02df02ef
0266028702cf02e7
02660276028f025e
00dd017d01ee0226
fcd1fcf9fdaaff84
fd11fcf9fd21fd19
feabfdcafd82fdaa
feebfef3ff0bfe72
fecbfe32fdf2fe32
001c00dd00a5ff43
fec3feb3ff2bff63
fe2afe83febbfeb3
fefbfe62fe5afde2
febbff03002c0064
ff63ff3bfeebfecb
0014ff6bff7bffc4
ff1bfeebfec3ff9c
00740004ffc4ff63
003400dd013d0175
01550165004c0044
fe6afe93ff8c00b5
ff33ffbcff6bfe5a
008d00f5ff7bff23
febbff5bfe7afedb
ff7bfe22fdd2fe1a
fe83ff940034ff43
ffc4ff5bff8cfefb
ff4bff23ff3bffcc
ffbcffa4ff9cff7b
011d00cd00740004
02c702a7025e01be
02ef02df02e702ef
02d702e702d702d7
022e0236027e02bf
02460256025e0236
ffec011d01ae0206
fcd1fcf1fd21fe12
fd29fcf9fd49fd51
fe32fdb2fdbafdda
fefbffbcff53fe8b
ff2bfdfafe12fe6a
ff84004400dd0014
fecbfefbff13ff6b
fe0afe2afedbfedb
ff73feabfea3fe62
fe93fefbfff40034
ff73ff13fe93fedb
0004ff730004ff8c
fecbff03ffb4007c
018e009d0044ffec
000400cd0115015d
012501a60105ffd4
fe7afe4afecbffcc
ff33ffe4ff13fe93
00a500c5ff84ff6b
fe6afecbfe72ff4b
ff43fe0afdb2fdda
ff430085ffecff53
ffc4ffc4ffecff2b
ff4bff2bffa40004
ffecffc4ffa4ff7b
008500540034000c
023e022601a600ed
02bf02bf02970266
02c702c702bf02af
0256022e025602af
02060236022e0226
ff13001c010d01b6
fcf1fcd9fd29fdf2
fd41fd09fd69fdb2
fe02fd92fddafd8a
ff33ff6bfeabfe62
ff43fe5afe52fe52
fed3ff6b00bd0085
fef3fee3ff33ff94
fe1afe32fed3ff03
ff63fee3ff03fe72
fe62feabff5bff6b
fecbfe83fe6afef3
ffb4ff9c0004ff13
ff6b003c00c50044
0165017d00a5ffd4
001c007400c50135
004c019601960004
feebfeebfef3ff33
ff7b000cff3bfee3
009500adff63ff4b
fe83fed3fea3ffbc
fef3fe0afdc2fdd2
ff8c014d0014ffe4
ffbc0004ff84ff0b
ff63ff8cff8cfff4
000cffd4ffa4ff73
0085006c0054002c
017500f50095007c
026e022e01fe01d6
028f029f027e0276
022602460246026e
018e01ee020601e6
ff1bff73fffc00d5
fd19fd01fd61fe4a
fd41fd41fd82fdc2
fe12fdf2fdcafd51
fecbfeabfe0afdc2
0004fed3fe62fe22
ff0bfecb002c00d5
ff13febbff0bff8c
fe0afe62feabff4b
ffa4ff33ff53febb
fec3fec3ff13ff84
fe52fe3afe42ff43
ff63ff9cffc4fe93
ffcc00bd0024ffb4
00ed00c5002cfff4
0095002400740125
ff73008d019e010d
fe0aff0bff53ff84
ffd4002cfffcfeb3
006c001cff4bff0b
ff13feebff8cff84
fe93fe0afdcafe12
002c019e00d50014
ffa4ffdcff0bfedb
ffccff7bff7bffcc
0004ffdcffacff9c
0095008500640044
00ad00a5009d0095
019e0155012d00e5
025e025e021601de
01d6020e024e024e
0085011d019e01be
ff3bffb4ffc4fff4
fd21fd31fdaafe6a
fcf9fd51fdc2fda2
fe9bfe0afdd2fd51
fe93fe83fe4afe42
0044fec3fe62feab
ff73feabffa4008d
ff23fe62fec3ff84
fe1afeebfeebff63
ffacffb4ff4bfecb
ff43fefbfe9bff23
fe72fe72fdf2ff2b
ff8cffb4ffdcfed3
003400a5ffd4ffbc
012d00adffc4ff4b
009d013d009d00bd
ff7bffa401050175
fecbff4bff63ffb4
ffc4ffb4003cff8c
007cffa4ff03fe9b
ff9cff33ffb4ff7b
fe7afdeafdeafec3
00e5012500e5ffe4
ff8cffc4fecbff2b
ffc4ff4bffb4ffc4
0004ffe4ffd4004c
00ad00a5007c0044
00b500bd00b500ad
00c500bd00b500bd
01a6015d010d00dd
0135016d01ae01ce
004c009500dd010d
ff3bffbcfff4000c
fd31fd49fdbafe7a
fd09fd69fe22fdb2
fe12fd61fdb2fd49
fe32fe32fe32fe0a
0004fe7afe32fea3
ff8cfecbff3bffcc
fe93fe52fe9bff3b
feebff4bff33ff03
ff5bffc4ff73feeb
ff33feabfe0afe4a
fecbfe6afdfaff03
004c000c0024ff03
012500f5002c000c
014500c5ff9cfe62
010d015500f500f5
ff2bff730004014d
fee3ff63ffc4fff4
ff53feabff6bffa4
0054ffccfeabfe83
feebff5bff2bffe4
fe8bfdf2fe4afeeb
0105004c00ed0034
fff4ff6bfedb0004
ff84ff63003cfff4
002c00040064ffe4
00bd00b5008d0064
00dd00cd00bd00ad
00b500c500dd00ed
006c006c008500a5
00ed00dd00d5009d
006c00c50115010d
ff2bffbc000c0024
fd19fd71fe22fe9b
fd19fd61fe52fd69
fd49fd59fd82fd31
fde2fdfafe7afe2a
ffccfeb3fe52fe52
ff6bff23fef3ff73
fe22fe42fee3ff4b
ff1bffb4ff43fe83
ff13ffccff94ff3b
fefbfe52fda2fe1a
fffcfebbfe8bfef3
018e00f5014dff63
01fe0246013d021e
00a5ffe4feebfe52
00fd012500d500e5
ffacff94ff5b004c
fe5afebbff23002c
feebfe12fe93ff5b
ffacffacfe5afec3
ff1bff53fef3002c
fe9bfe5afe5afecb
00edffc400ad0014
0044ff6bff5300cd
ff7bff8400b5ffec
00440095005cffa4
00b500a50085005c
00fd00ed00cd00bd
00b500cd00dd00f5
007c008d00a500ad
016d015d012500b5
007400cd012d015d
ff4bffacfffc002c
fd11fd82fe6afefb
fd09fd41fe3afd49
fcd1fd71fd9afd41
fe42fea3ff0bfdba
ff9cfebbfed3fe5a
ff43ff33ff1bff2b
fe0afddafe9bff0b
ffbcffacfedbfe12
fea3ffa4ffccffc4
fedbfe12fd9afe22
ff73fee3ff2bff53
01de0175005cfedb
027e016d01c6020e
004cff4bfdf2fdaa
00850095015500d5
ff2b0014ff33ff94
fe93feabfecbff23
fe72fe12fe4aff4b
ffa4ff94fe5afeb3
ffacfedbff23ff9c
ff23feb3fe52feab
0004ff9c0064ffe4
00a5ffacff9c010d
ff84ffac00cd001c
008d0125fff4ffa4
00cd00b500950064
010d010500f500e5
00cd00ed00f500fd
00cd00a500ad00b5
01b6019e016d0135
007400c5012d0196
ff8cffc4fffc0034
fd19fdcafe9bff33
fd09fd61fddafd11
fcb9fd31fdaafd69
ff33fecbfe32fd09
ff43fea3fed3feeb
ff43ff4bff5bff73
fe0afdaafe8bfecb
000cff5bfecbfe32
fe22fe9b0014005c
fe52fdfafdcafe5a
feebfef3ff13ff53
008dffdcff23fe83
0014ffdcffdc007c
00e50014fe3afdba
0054005c013d010d
fe62ffacffd4ff4b
ff0bfef3fefbff43
fe0afe02fe5aff2b
001cff73fe93fea3
ff53feb3ff9cffa4
febbfe8bfdd2fe7a
ff8cffec0064ffc4
009d0024001400c5
ff9cffb4007cfff4
00a500cdffccffa4
00e500bd0095006c
0125011d011500fd
00e500ed00fd0115
012500d500c500d5
01ce01be01a6016d
009500c50115018e
ffbcfffc001c004c
fd69fe22fecbff5b
fd01fd9afddafd19
fcd9fcf1fd9afd71
fe0afe1afdeafcf1
fecbfe93fef3fe5a
ff4bff63ff23ff1b
fe3afdd2febbff13
0014ff33fe83fe62
fdfafdda000c011d
fe0afe02fe02fe7a
ff03ff13ff43fefb
ff8cff73fef3feb3
ff84ff9cff5bff73
0125fffcfea3fe22
004c006c009d00ed
fe32ff4bffbcff6b
feebff13fee3ff33
fdd2fe52fe83fedb
ffd4ff2bfeebfe9b
feb3fea3ff73ff53
fec3fe3afdcafea3
ff84002c0024ff13
00d5001cfffc007c
ffacffb40095007c
007400c5ffe4ffbc
00e5008d00540044
011d0125011d010d
00ed00f50105011d
0196014d010d00f5
01ee01f601e601b6
007c00ad00d50135
ffe40024002c004c
fdc2fe7afeebff73
fd31fdf2fdb2fd41
fd09fd01fd79fd59
fda2fda2fe12fd61
fecbfeebfea3fdca
ff23fe9bfedbfebb
feabfe62fecbff63
0024fef3febbfebb
fe2afde2ffe4013d
fe3afe32fe62fe62
fefbff43ff84fec3
ff8cff5bfeebfeb3
ffb4ff94ff23ff53
00edff9cff3bfedb
ff94003400a500a5
fe83ff3bffd4ff4b
feb3ff03fedbff7b
fdc2fe02feb3fedb
ff94ff3bff7bfec3
fe9bfec3ff2bff63
feebfe42fe3afefb
ffc4ffd4ff6bfeb3
0074ffbcffec002c
ffb4000400a50095
005c00cd002cffbc
00b5006c004c004c
0115011501150105
00dd00f5010d0115
01f601b6014500ed
01ce020e02260216
006c008d00b50105
fff4003400540054
fe1afe93ff03ff8c
fd92fdeafde2fda2
fd41fd49fd92fd79
fdeafd82fdd2fde2
ff03feebfdfafd79
fe6afe62feebfecb
fe8bfe8bff23fef3
003cff8cfee3fecb
fde2fe8bff9c004c
fe72fe7afeabfdf2
ff0bff6bff63fecb
006cfff4ff4bfeb3
003c00b50054ffcc
0034fef3ff1bfea3
ff5b00b500ed00e5
fef3ff1bff94ff7b
fec3ff03feb3ff13
fe0afde2ff03ff33
ffa4ff33ff2bff03
fe22ff1bff13ff8c
fed3fe52fe93fee3
fff4ff53fee3fecb
003cfff4ffcc002c
000c002cffdc0014
005c007400bd001c
009d00740064005c
011d011d010d00e5
00dd010501250115
020e01a6012d00ed
017502260266025e
00a500a500ad00e5
0004005c00850095
fe7afebbff23ff9c
fde2fdaafdf2fe12
fd59fd59fdcafdda
fdeafd61fd92fe1a
ff23fe5afe4afd79
fe02fe3aff73ff6b
fe93fedbfef3feb3
002c000cff6bff23
fdf2fed3ffb40024
feb3fe62fe32fdaa
ff5bff9cff6bfedb
0014ffe4ff4bff23
01450186006cffac
008dff63ff53ff0b
ff6b00fd01250115
ff8cff7bffb4fff4
fef3ff43ff0bff43
fe1afd92febbff3b
ff6bff1bfec3feab
fe6aff63ff23fffc
fe52fe6afef3fe42
ffccff1bfefbfe83
00040034ffbcffec
fff4ffb4ffa4ffcc
006c00ad008d0095
00b5009d00950074
012d010500ed00d5
00dd00f501050135
01a6012d00fd00dd
00f50186020e0226
00dd00c500c500cd
001c006c00ad00dd
fec3fef3ff4bffb4
fddafdaafe12fe83
fd49fda2fdf2fe1a
fdcafd71fd79fdd2
fecbfdb2fe02fde2
fdd2fe93ffd4ff1b
fee3febbfeb3feab
003c0034ffb4ff33
fe32feb3ffec0014
fe8bfdf2fddafe0a
ff8cff8cff53ff0b
0054001cff33ff0b
011d003cffac003c
003cff8cff6bff84
ff5b00ad01450135
ff03ff53ffd4002c
fea3ff63ff1bff13
fe6afe22febbfecb
ff2bfe9bfed3fe62
ff03ff53ff53fffc
fe5afeb3fec3fe62
ffccff4bff2bfe4a
fff4004cffecffd4
009d0004ff9cff9c
00ad00c50034006c
00f500dd00a500ad
013d014d012d00fd
00dd00d500fd012d
013500fd00e500d5
00fd011d014d0165
00f500e500d500ed
000c005c00ad00dd
feebff23ff6bffbc
fdcafdeafe62fec3
fd49fdc2fe0afe32
fe52fda2fd82fdea
fe83fdb2fd61fdca
fdfaff13ffbcfe9b
fef3feabfeebfe12
001c006cffecff5b
fe5afe7affecff9c
fe1afdd2fdc2fe52
ffb4ff9cff84feeb
00dd006cff1bff84
006c001c003400ed
fffcfe6afe2afe5a
ff6300f5015d015d
feabff23ffcc000c
fe83ff43ff13fecb
fecbfe93feabfebb
fecbfe02fe1afe1a
fee3ff33ff84ff9c
fe6afe72fea3fe3a
ffacff23ff63fe8b
ffb40024001c0054
00fd00cdffecffac
00cd006c0044005c
0105010500bd00ed
00f501250125010d
00dd00e5010d010d
012d011500fd00e5
00ed010501250125
0115012501150115
00040044008d00e5
ff03ff3bff7bffac
fde2fe12fe9bfedb
fd8afdc2fe4afe2a
fe7afe62fe1afdd2
fe2afe12fdc2fe4a
fe3aff3bff94fe52
ff0bfebbfed3fe3a
ff9c00a5002cff94
fe93fec3005cff4b
fd92fdc2fd82fea3
ffbcffbcff23febb
002cff8cff5bffc4
fffcffec004c005c
fda2fd9afd8afd69
fda2fdbafdb2fdaa
fd41fd61fd79fd9a
fd01fd09fd11fd21
fcc9fcc9fcd9fce9
fd09fce9fcd1fcc1
fdb2fd8afd59fd29
ffc4fee3fe12fdd2
01a6015500fd0074
01fe01f601f601e6
01b601e601e601f6
01a601be019601ae
01de01e601ce0196
01e601ee01de01de
01c601c601ce01de
01ce01c601ce01c6
01c601c601c601c6
01c601be01be01be
018601ae01be01be
01ce0186014d0145
025e023e021e0206
02060236025e0276
013d014d017501b6
00fd011d0135013d
007400ad00dd00f5
ffacffec001c0044
fedbfefbff33ff5b
fdf2fe3afe7afebb
fcb1fcd1fd19fd82
fc40fc60fc89fca1
fc40fc38fc40fc38
fc50fc50fc48fc50
fda2fd9afd8afd69
fdcafdc2fdc2fdaa
fd59fd79fd9afdb2
fcf9fd09fd21fd31
fcc9fcc9fcd9fce9
fd11fce9fcd9fcc9
fdaafd82fd59fd21
ffa4fec3fdfafdca
01b6016500fd0064
01fe020e020e01f6
010501b601d601e6
00ad007400440014
00e500a500640064
01be01be01a6014d
01be01b601be01c6
01be01be01ce01ce
01be01c601c601b6
01ae01ae01ae01be
015d018e01a601b6
01c6017d013d012d
024e022e020e01f6
01de02160246025e
011d012d014d018e
00a500c500f5010d
000400440074009d
ff2bff5bff94ffcc
fe42fe83fec3ff03
fd09fd69fdaafdf2
fc78fc81fca9fcd1
fc40fc48fc68fc81
fc38fc38fc38fc38
fc50fc58fc48fc48
fdaafd92fd79fd69
fddafddafdcafdba
fd69fd92fdb2fdc2
fcf1fd09fd29fd49
fcc1fcc9fcd1fce1
fd11fcf1fce1fcd1
fda2fd79fd59fd31
ff7bfea3fdf2fdca
01c6016d00f5004c
00fd015d01c601f6
ffe4009d00ad00dd
005c0074fffcff9c
ffb4ffd4ffd4ffcc
015d01250085ffdc
01be01b601b60175
01be01be01be01ce
01b601b601be01be
019e01a601b601be
011d0155018601a6
01b6017d013d010d
0236021601fe01de
018e01d60216022e
00cd00e501150145
003c006c009d00b5
ff73ffb4ffdc000c
feabfed3ff13ff43
fd41fdbafe12fe6a
fc91fca9fcb9fce9
fc68fc70fc70fc89
fc38fc48fc68fc70
fc38fc38fc40fc40
fc48fc50fc48fc48
fdaafd8afd71fd69
fdeafdeafddafdca
fd79fdaafdc2fde2
fcf1fd09fd29fd51
fcc9fcc9fcc9fcd9
fd21fcf9fce9fcd1
fda2fd82fd59fd41
ff6bfe83fdfafdd2
0196016500fd0054
ffa4007400b5013d
ff13ffacffbc0014
ff530034006cff43
ff5b000c00040024
ffbc00ad000cff2b
010d0105008dffd4
01ce01ae018e015d
01be01b601be01be
019e019e01ae01be
011d01350165019e
01ce01a6017d0135
020e020601f601e6
012d016d01be01f6
006c009d00cd00f5
ffacffec0024004c
ff03ff23ff53ff84
fdd2fe3afe8bfed3
fc99fcc9fd11fd61
fc78fc68fc68fc81
fc60fc68fc60fc68
fc38fc50fc60fc68
fc40fc40fc40fc40
fc58fc48fc50fc48
fdbafd92fd79fd69
fdf2fdf2fdeafdda
fd82fdb2fdd2fdea
fcf1fd09fd29fd51
fcc9fcc1fcc9fcd9
fd29fd09fcf1fcd9
fda2fd79fd61fd49
ff8cfe8bfdeafdca
006c006c0044003c
ffec007c0095ffd4
fea3fe62ff5b0064
feb3ffac0105ffc4
ff43ff94ffa40004
ff0bffb4004cff73
ff63ffbcff73ff6b
00ed00bd0074ffbc
01be01ae016d012d
019e018e019e01b6
0145013501550186
01ce01c601ae016d
01c601de01de01d6
00b500ed01450196
ffdc001c005c008d
ff3bff5bff8cffb4
fe4afea3fed3ff13
fd01fd49fdb2fdfa
fc60fc70fca1fcd9
fc68fc50fc40fc58
fc60fc60fc68fc60
fc38fc48fc60fc68
fc50fc48fc50fc48
fc50fc50fc50fc50
fdb2fd92fd79fd61
fdfafdf2fde2fdca
fd79fdaafdd2fdf2
fcf1fd11fd29fd49
fcd1fcd1fcd1fce1
fd39fd19fcf9fce1
fd9afd79fd69fd59
0014ff94fe72fdd2
00040004ff2bffc4
ff5b008500adff84
fefbfe83fecb0014
fe83ff5300c5006c
ff43ffacff4bffac
ff0bfea3ff7bff9c
ffd4ff8cff0bff73
feabffb4ff53fff4
00ed0004fefbfe9b
01860196019e017d
015d013d0145015d
01ce01ce01c60196
0155019e01be01ce
0024005c009d0105
ff63ff84ffb4ffec
feb3fee3ff03ff33
fd39fd9afe0afe6a
fcd1fcd1fce9fd11
fc50fc58fc78fcb9
fc50fc48fc48fc50
fc58fc58fc60fc58
fc40fc48fc58fc60
fc60fc58fc58fc50
fc58fc58fc60fc60
fda2fd8afd71fd59
fdeafdeafdd2fdba
fd71fdaafdcafde2
fcf9fd11fd31fd51
fcd9fcd9fcd9fce1
fd41fd19fd09fce1
fe52fdaafd71fd59
0064008d007cff8c
ff8cff9cff84003c
ff4b00a50095ff73
ff84fed3fee3fffc
fe32ff0300d50054
ff6bff9cfec3ff13
ff43fee3fe93ff03
006c001cff4bff53
fd9aff7bfedbff33
fef3fde2fd92fda2
016d017d00f5ffdc
017d014d0135013d
01e601e601de01ae
00dd015d01ae01de
ff8cffbcfff4005c
fef3ff2bff43ff5b
fdb2fe02fe5afea3
fcc9fcd1fd01fd61
fca1fca1fca1fcb1
fc50fc60fc81fc99
fc50fc58fc50fc48
fc60fc58fc58fc60
fc58fc50fc60fc68
fc68fc68fc60fc58
fc60fc58fc60fc68
fd92fd79fd61fd51
fde2fddafdcafdaa
fd79fda2fdc2fdd2
fd01fd19fd39fd59
fcd9fcd9fcd9fce9
fdb2fd31fd09fce9
ffdcff43fe72fe22
ffe40004fff40014
ff0bff6b0024fff4
ff03fffc0034ffbc
ff9cff5bff63ffdc
fe2afea300340014
ff33feebfe62fecb
ff6bfeebfeabff43
ff5b0024ffd4ff03
fe72ff5bff2bfe5a
fe93fe83fe42fe8b
00fd008dff73fea3
01b6017d013d011d
021e0216020601e6
0064013501b60206
ff0bff43ff6bffbc
fe32fe83feb3fedb
fcc1fcf9fd61fdca
fc99fc91fc78fc99
fc91fc89fc89fc89
fc60fc68fc91fc91
fc70fc70fc70fc68
fc60fc60fc60fc68
fc60fc68fc60fc60
fc70fc68fc60fc60
fc68fc68fc70fc70
fd79fd69fd59fd41
fdcafdcafdbafd9a
fd79fda2fdb2fdba
fd01fd21fd41fd59
fce1fce1fce1fce9
feebfd92fd29fcf1
ffe40014ffe4ffec
fff4ff43ffccff8c
ff53fffc00c5ff43
fedbff63ffb4ff23
ff5bff8cffacffd4
fe2afe7affc4ff33
fe72fe9bfdfafec3
ff8cfebbff03fef3
fecbff6b0004ff43
fe22fec3ff7bfee3
fe1afe83fe3afe0a
ff73ff0bfe4afe4a
01ee01960135004c
025e025e023e022e
001c011d01ce0236
fe62feb3fef3ff53
fd19fd69fddafe1a
fc78fc91fcb1fce9
fc81fc60fc50fc60
fc99fc89fc89fc81
fc78fc78fc99fca1
fc91fc91fc91fc89
fc68fc68fc78fc89
fc68fc68fc60fc60
fc70fc70fc68fc68
fc68fc70fc78fc78
fd69fd69fd51fd39
fdb2fdbafdaafd8a
fd79fd92fda2fdaa
fd01fd19fd41fd59
fce9fce1fce9fcf1
0014fe93fd41fcf9
fff4003cffacffdc
fffcff6bffe4fef3
ff3300e50095ff4b
ff0bfeebffbcfe4a
ffb4ff5bff63ffd4
fddafe22fea3fedb
fe72fe3afdd2fe22
ff53ff23feebfe22
fec3fed3ff0bfffc
fd8afdaaff03ff1b
fdb2fd61fdaafd9a
fd92fd41fd49fde2
02160165fffcfe52
026e02870266024e
ffcc00ed01ae0226
fd82fdbafe32fee3
fca9fcc1fcf1fd49
fc50fc58fc60fc91
fc68fc50fc50fc50
fca1fc99fc89fc78
fca1fca1fca9fcb1
fcb1fcb9fca9fca1
fc70fc81fc99fca9
fc68fc68fc60fc60
fc70fc70fc70fc70
fc60fc70fc70fc70
fd59fd51fd41fd29
fd9afd92fd8afd69
fd69fd82fd8afd92
fd11fd21fd39fd51
fcf1fce9fcf1fd01
005cff23fdd2fd29
ffdc011500d5005c
ffdc0044ffd4fe6a
ffa400bdffccff2b
fec3feabfeb3fdf2
ff8cfec3ff13ff73
fe1afe32fe2afee3
fea3fe3afdeafe0a
ff4bffbcfec3fe12
fe8bff13fef3ffc4
fdb2fd92ff03ff1b
fef3fe93fe52fe2a
fe3afe6afe7afe7a
0145ffbcfe72fe2a
025e0276023601fe
ff840095016501fe
fcd1fd09fd92fe83
fc81fc91fca1fcb9
fc50fc50fc58fc70
fc70fc58fc58fc58
fcb9fcb1fca1fc89
fcc1fcb1fcb1fcb9
fcc9fcd1fcc9fcc9
fc89fca1fcb1fcb9
fc70fc70fc68fc70
fc70fc70fc70fc68
fc68fc60fc60fc60
fd49fd41fd31fd19
fd79fd71fd61fd51
fd59fd69fd71fd82
fd11fd29fd39fd49
fd9afd11fcf9fd09
0064ff63ff53febb
0004005c0074013d
ffec000cfef3fe3a
ff730024ffc4ff2b
fefbfe9bfe62fe9b
ff5bfebbfe8bff0b
febbfeabfea3febb
fed3fe8bfe8bfeab
ff5bffd4ff6bfe9b
fee3ff2b0034ffec
fe7afdbafe1afedb
fe8bfee3febbfea3
fec3fec3fedbfe9b
ff5bff13fef3fee3
0226021e017500cd
ff7b006c012d01c6
fca9fcd1fd61fe62
fc81fc89fc91fca1
fc68fc60fc60fc78
fc89fc78fc68fc70
fcc1fcb9fcb1fc99
fcd9fcd1fcb9fcc9
fcd9fce9fce9fce1
fca1fcb9fcc9fcd9
fc70fc70fc70fc89
fc68fc68fc68fc68
fc78fc68fc68fc60
fd41fd31fd21fd11
fd59fd59fd51fd41
fd49fd51fd59fd61
fd21fd39fd49fd49
fecbfe2afd19fd11
00bd0074fff4ff7b
006cfffc006c00e5
ff6bfe8bfe12feeb
ff130014ff63ff4b
fe83fe42fe62fec3
ff1bfecbfe72fe83
fe83fe42fe3afe7a
ff1bfef3ff13fed3
ff9cfffc0034ffa4
002cfedb0014004c
fe9bfe9bfe52ff13
fe32fe83feebfeeb
febbfe4afe83fe4a
febbfeebfedbfedb
0165009dff9cff1b
ff43004c011d017d
fc99fc99fcf1fe12
fc91fc99fca1fca9
fc89fc78fc81fc81
fca9fca1fc99fc91
fcd1fcc9fcc1fcb9
fce9fce9fce1fcd9
fcf9fd09fd09fcf9
fca1fcc1fcd9fce9
fc68fc68fc70fc81
fc68fc60fc68fc60
fc70fc68fc68fc60
fd29fd19fd19fd11
fd49fd49fd41fd31
fd49fd41fd49fd49
fd31fd49fd49fd49
ffdcff3bfdeafd21
fff4003400ed00bd
005c002400740064
fe52fddafe93ffa4
ff1bff3bff5bfeb3
fe93fe83fedbfe93
fe0afe62feb3fe8b
fecbfe1afdfafe02
ff73ff3bff23fef3
ffdc006400c5003c
0024ff3bffccfffc
ff43fe8bff0bff43
fe22fe83fe7aff53
fe32fe32fe52fdfa
fddafe12fe22fe4a
ffccfed3fe62fdb2
feabffbc0085003c
fca9fca1fcb1fd79
fca1fca9fcb1fca9
fca9fca1fc99fc91
fcd1fcc9fcc1fcb1
fcf1fce9fce1fcd9
fd09fd01fcf9fcf1
fd09fd19fd19fd09
fca1fcc1fcd9fcf1
fc60fc60fc68fc81
fc60fc60fc60fc58
fc68fc68fc68fc68
fd21fd21fd19fd11
fd29fd29fd29fd21
fd41fd39fd31fd31
fd41fd51fd51fd49
00adffdcfef3fd79
fe7aff3b000c00ed
007cffc4ff6bfefb
fe8bfee3ff4bff53
fec3fec3fee3fe52
ff2bfee3feabfeeb
fe12fdc2fe22fea3
feb3fe83fe8bfe32
ff0bfe93fe8bfebb
000c00ad00c5ffcc
ffbc0014ff84ff84
ff9cff13ff0bff5b
fdfafe1afe5afefb
fe12fe12fe32fe42
fd31fd79fdcafdf2
fd92fd69fd41fd19
fdc2feb3ff9cfeab
fcb9fcb1fcb1fd21
fcb1fcb9fcc1fcb9
fcc9fcc1fcb1fcb1
fcf1fce9fce1fcd1
fd09fd09fd01fcf9
fd11fd11fd09fd09
fd09fd19fd19fd11
fca1fcc9fce1fcf9
fc58fc60fc68fc89
fc58fc58fc58fc58
fc60fc68fc68fc60
fd21fd29fd19fd11
fd19fd11fd19fd19
fd49fd39fd29fd19
fd59fd51fd51fd51
00640044ff8cfe7a
fe02fe83ff6b002c
ffc4feb3fea3fe72
fecbfe93fecbffb4
fedbfeebfef3fe8b
fec3ff0bff1bff2b
fec3fe6afe32fe62
fe52fe3afe32fe42
ff53fed3fea3fe83
0044008d0095000c
ff9c002cff94ffb4
ff2bff84ff94ff5b
fdfafde2fdc2fe6a
fdfafe3afe42fe2a
fdd2fdc2fddafdfa
fd61fd79fe22fe0a
fd41fe52fe4afd79
fcc1fca9fca9fce1
fcd1fcd9fcd1fcc9
fce1fcd9fcc9fcc9
fd01fd01fcf9fcf1
fd19fd21fd11fd01
fd11fd11fd11fd11
fd09fd19fd19fd11
fca9fcd1fce1fcf9
fc58fc60fc68fc91
fc60fc58fc58fc50
fc60fc60fc60fc58
fd21fd21fd19fd19
fd19fd09fd11fd11
fd51fd39fd29fd11
fdfafda2fd61fd61
00440024ffdcff23
fe7afefbff5bfffc
fe72fe42feb3fedb
fe9bfeebff0bff2b
ff7bff4bff13feeb
febbfedbff6bffc4
fe62fe4afe93fee3
fe22fe22fe2afe4a
ff8cfedbfeb3fe4a
00e500f500cd003c
ffdc007c00640074
feebff940054ffd4
fe3afe52fe32fe0a
fe0afdc2fdc2fe0a
fe12fe32fe7aff0b
ff23fecbfe9bfe3a
fe7afea3fe12fe6a
fcc1fca9fcb1fdba
fce9fcf1fce1fcd1
fd01fcf1fce9fce1
fd19fd19fd11fd09
fd19fd19fd21fd19
fd11fd09fd19fd19
fd11fd19fd19fd19
fcb1fcd1fce9fcf1
fc58fc60fc70fc91
fc60fc58fc58fc58
fc50fc58fc60fc60
fd21fd19fd19fd19
fd19fd11fd09fd21
fd59fd41fd31fd29
ff1bfe0afd82fd71
006400740095002c
ff94ff94ffc4000c
fe02fe32fef3ffdc
feabfeebff03fe62
ffe4ffecff2bfed3
fe62fed3ff23ffb4
fe02fdeafe2afe5a
fe62fe3afe3afe22
ffb4ff2bff2bfeb3
0196013d01050074
008500f5014d017d
ff6b003c006c007c
fe0afeabff0bff03
fe0afdc2fdbafdda
fe6afe5afe52fe93
ff1bfeabfefbfefb
fee3fedbff53ff1b
fcd9fcc9fd19fe6a
fcf9fcf9fcf1fce1
fd21fd19fd09fcf9
fd21fd29fd19fd21
fd11fd11fd11fd19
fd09fd09fd11fd09
fd09fd19fd19fd19
fcb1fcd1fce9fcf9
fc58fc60fc70fc89
fc60fc58fc60fc58
fc58fc58fc58fc60
fd19fd19fd19fd19
fd39fd19fd11fd11
fd59fd49fd49fd79
ffc4fee3fe8bfd8a
00ad00bd006c006c
ffcc0014004c006c
fdcafddafe7aff94
ff13ff53ff1bfe22
ffec0014fff4ff6b
fedbfefbff23ff84
fe02fe52fe9bfedb
fe72fe1afdfafdd2
0034ff84ff13fec3
01de019e016500ed
014501c601fe01e6
ff94006c00ed0105
fe7afec3fefbff33
fdc2fdaafddafe2a
fe52fe22fdb2fde2
ff23fe32fe0afe32
fddafd29fdaafecb
fcf9fd21fe22febb
fd09fcf9fd01fcf1
fd29fd21fd21fd19
fd19fd21fd21fd31
fd11fd11fd11fd19
fd01fd11fd11fd09
fd09fd09fd19fd11
fcb9fcd1fce1fcf9
fc58fc60fc68fc89
fc60fc60fc68fc60
fc60fc58fc58fc68
fd19fd21fd19fd11
fd51fd21fd21fd19
fd82fd82fd79fdaa
fff40014ff2bfe02
0085009d0064007c
feebff5bffac0054
fe52fddafdfafea3
ff8cff4bff0bfe83
ffc4002c00a5006c
ff7bffa4ff94ff8c
fed3fe9bfe7afedb
fed3fe83fe8bfec3
00d50034ff73ff03
01fe017d012500f5
01a602760266022e
007400cd0145016d
ff8cffc4002c002c
fdfafe5afebbff43
fda2fdd2fdaafd8a
fdbafdbafde2fdba
fe12fd41fd31fd8a
fd09fdf2fec3fe5a
fd29fd19fd11fd01
fd31fd31fd29fd29
fd19fd21fd29fd29
fd11fd11fd11fd11
fd09fd01fd01fd01
fd09fd09fd11fd09
fcb9fcd9fce1fcf1
fc58fc60fc70fc89
fc68fc68fc68fc58
fc60fc60fc68fc68
fd21fd11fd19fd11
fd39fd29fd29fd21
fe12fd92fdfafd92
00950014fff4ff4b
001c008500a5008d
fe1afec3feebff9c
febbfee3fe72fdf2
003cffacff9cfed3
ffccfff4007c00e5
feabfeabff13ff94
fe72fe32fe4afe72
ff7bff43ff0bfec3
014d00b5ffe4ff94
022601be01450125
0236028f02760256
01250145018601e6
006c008d00ad00ad
fe6aff0bffbc0024
fd29fd59fd92fdea
fdbafd49fd01fcf1
fedbff1bfe3afe62
fdc2fe93fda2fdb2
fd31fd29fd19fd11
fd29fd31fd31fd31
fd19fd21fd29fd29
fd09fd11fd09fd11
fd01fd01fd01fd01
fd09fd11fd09fd09
fcb1fcd1fcd9fcf1
fc50fc68fc78fc91
fc99fc70fc60fc58
fcd9fce9fcf1fcc9
fd11fd11fd11fd11
fd31fd31fd21fd19
febbfe0afe02fda2
00cd004cffc4ff33
ffe4005c00a500a5
fdd2fe62fefbff43
ff53ff63ff5bfe3a
00bd005cfffcff73
ff3bfffc00640095
fe0afe1afe42feab
feabfe6afe52fe32
ffd4ff7bff5bfef3
018e012500b5005c
021601ee01b60196
0236023e024e023e
019601ce01e60236
0105017501a6016d
ff2b002c00f5011d
fd79fdc2fdf2fe8b
fdaafd69fd11fd21
fe93fe2afdfafe0a
fe7afd51fda2fe12
fd31fd31fd49fe0a
fd31fd31fd31fd31
fd11fd21fd29fd29
fd01fd09fd09fd19
fd09fd01fcf1fcf1
fd01fd09fd09fd01
fca9fcc9fce1fd01
fc58fc68fc78fc91
fdb2fd19fc89fc68
fda2fddafe0afe02
fd11fd09fd09fd09
fd51fd49fd21fd11
ff3bff43fe6afd92
00a500d50054000c
ff9c0034007400a5
fe22fe72ff4bff6b
ff7bff94ff94ff43
00b5009dffd4ff94
fec3fee3fff400a5
fe83febbfef3fea3
ff73ff13fee3fea3
00dd006c0034ffe4
01a601ae019e0155
023601f6020601ce
023e0236024e0256
01de01ee02160276
019e01fe02360206
008d014501c601ae
fe4afea3fefbffbc
fd8afdc2fda2fdca
fdeafdc2fd39fd11
fdf2fd41fd39fd39
fd31fd59fea3ff63
fd31fd39fd39fd39
fd11fd19fd29fd29
fcf9fd01fd09fd19
fd01fcf9fcf9fcf1
fcf9fd01fd09fd09
fca1fcc9fce9fcf1
fc78fc68fc78fc91
feebfe93fdbafce9
fe4afea3feebff03
fd11fd11fd09fd01
fd61fda2fd79fd29
ffdcfecbfe3afd9a
00cd00bd0095ffec
ff03000c00440095
fe2afea3ff8cffac
ff2bffb4ffbcff9c
00850074ffdcff4b
fef3ff03feabff9c
fea3fe62fe72feab
00850014ffacff23
01a6016d014500f5
01e601ee01f601de
025e02560246021e
023e025e026e0287
02260246024e0266
0236023e024e023e
015d015d018601de
ff2bff8c003400e5
fe4afe2afe62fed3
fdf2fdeafdeafe32
fecbfe2afdb2fdc2
fd41fdbaff73ff1b
fd31fd39fd41fd41
fd21fd21fd31fd31
fcf1fcf9fd11fd21
fd01fcf9fcf1fcf1
fcf9fd01fd01fd01
fca9fcc9fce1fcf1
fd19fc81fc78fc91
ffdcffacff1bfe22
fedbff43ff9cffdc
fd21fd19fd19fd19
fd51fd49fd49fd49
0054ff1bfe4afdb2
00dd00ad009d0054
fef3ffcc007c002c
feebfe9bffcc002c
fefbfeebffa4fffc
ffac00540044ff9c
fe72ff13ffacff13
ffc4fefbfe5afe2a
016d011d00b50044
020601e601e601be
024e024e024e0226
027602a7029f026e
024e026e029f027e
023e024e02560276
021602360236022e
00fd00640085018e
fff4007c0165019e
fe12feabff6bffcc
fe12fe42fe0afdd2
fe4afeebfecbfe0a
fd92ff0bffdcfedb
fd31fd39fd49fd51
fd29fd29fd31fd31
fcf1fcf1fd09fd21
fcf9fcf1fcf1fce9
fcf9fd01fd01fcf9
fcb9fcc9fcf1fcf9
fe5afd29fc91fc91
009d00850024ff5b
ff3bffac00140074
fd49fd19fd21fd29
fd59fd31fd19fd39
00a5ffe4fe6afdd2
009500e500ad00dd
ff8cff9400dd003c
fe7afddaffdc007c
ff53fe83fea3ff73
ff63fffc0044001c
fe3afe62fedbff4b
006cfff4ff2bfe8b
021e01d6016d00cd
028702760256023e
029702a702a7028f
028702df02d702a7
025e024602af028f
020602260226025e
01ee024e021e020e
016d019e0165015d
0074013501d60155
ff13ffcc005c0095
fdaafd41fd61fe22
ff03fe4afe4afde2
fe8bff84fea3fe83
fd39fd41fd51fdca
fd29fd31fd39fd31
fce9fcf9fd09fd19
fcf1fce1fce1fcd9
fcf9fd09fd09fcf9
fd01fcf9fcf9fd01
ff94fe9bfd92fd21
0115010d00cd004c
ff5bfffc007c00e5
fd59fd31fd29fd31
fda2fd31fd19fd21
00ad0085ff2bfe62
ffec00ed00ad00e5
0004ff9400ed001c
fe32fda2ff5b0085
ffd4fedbfe42fe93
ff4bff53ffe40054
febbfe72fe9bfedb
00e50095000cff5b
0297026e0236019e
02c702bf02b7029f
02c702c702c702c7
02a702df02cf02c7
024601e6028702b7
01de01fe020e023e
01ee023601fe01ee
022e0236020e01ae
011d01de018e0186
000400ad00dd00ed
fcd1fd01fe1aff03
fe83fea3fe32fd11
ff13ff5bfda2fd79
fd41fd49fd79fde2
fd29fd31fd39fd31
fce1fcf1fd09fd19
fce9fcd9fce1fce9
fd21fd11fd11fd01
fddafda2fd71fd41
0064ffa4fecbfe22
01550145011d00cd
ff0bffe400bd012d
fd39fd31fd29fd31
fe1afd92fd21fd19
00bd00a5ffe4feeb
ff63008d00d500f5
fff4ffa400e5003c
fe1afd79fee3005c
006cff73fea3fe32
ff03ff9cff630054
ff6bfec3fe93fec3
01b6011d00c5000c
02c702b7028f024e
02af02b702cf02d7
02ef02e702d702bf
02d702f702f702ef
020e01a6023e0297
013501c60206021e
020e022e01f60186
0246023e023601de
01ce01fe019e0216
00bd00fd01250155
fd39fe12feebffe4
fe1afeb3fe3afd71
ff3bfeb3fd41fd69
fd49fd59fdb2fdda
fd29fd39fd39fd39
fce1fce9fd01fd19
fce9fcd9fce1fce1
fd61fd39fd19fd01
fe2afdf2fdc2fd92
009d0014ff53fe9b
01550155013500f5
fe8bff53005c010d
fd21fd31fd31fd39
fdeafe42fd69fd11
00cd00d5003cfeab
ff73fffc00c50105
ffd4000c00d50085
fe22fd8afec30004
006c0014fefbfe6a
ff13ff53ffbcff4b
000cff2bfed3fec3
024601ae013d00cd
02e702cf02b7028f
023e024602bf02ef
02df02bf02bf02b7
02d702f702f702f7
01f601a602560297
00ad01be01ee0216
01ce021e01ce00b5
01f6020601c6013d
020601be01ae01e6
0105014501750196
fdb2feb3ffbc007c
fe0afdc2fe0afdd2
ff13fdcafd19fdc2
fd49fd51fdaafe02
fd31fd39fd41fd41
fce1fce9fd01fd19
fce9fce1fce1fce1
fd79fd59fd21fd01
fe32fdf2fdcafd9a
006cfffcff63feb3
00f50135012500d5
fe32fecbff8c005c
fd11fd21fd31fd39
fd69fdc2fdb2fd11
00b500e5007cfeab
ff7bffa400a50085
ff94002c00cd00bd
fdbafd59fe7aff94
ff630034ff84fe7a
fee3fec3ff6bff63
008dff8cfeebfeb3
024601fe01ae0135
02ff02e702af021e
01fe021602b702f7
0297027e02970297
02c702e702bf0297
01c6014d023e027e
010d01f601e60206
017501fe01a6008d
01c601be016500dd
01be016d012d0196
0125016d01ae01be
fdbaff63006c00e5
fe1afdaafdbafd49
fef3fd49fd19fda2
fd49fd51fdf2fe7a
fd29fd39fd41fd41
fce9fcf1fd01fd11
fcf1fce1fce1fce1
fd69fd49fd29fd09
fe12fddafdb2fd92
001cffacff2bfe9b
002400bd00dd008d
fe52fe8bfeebff73
fd19fd19fd21fd29
fe12fd51fddafd29
002400c500d5ff43
ff8cffb4009d0054
ff4b0004005c00ed
fd8afd29fe52ff23
feebff53ffdcfeb3
fe8bfe93feabffdc
00fd003cff53febb
01f6021e01c6017d
02f702df0297019e
01be021e02bf02ef
029702760297026e
027e029f027e0287
0186017d0236025e
013d0206020601fe
019601e6016d004c
014d015500ed009d
014d017d00e500d5
0145018601a6014d
fe8b001c00c50115
fe6afdd2fdbafd49
fe72fd39fcf1fdd2
fd51fd59fdfafe83
fd29fd31fd41fd51
fce9fcf9fd09fd11
fce1fcd9fcd9fce1
fd49fd31fd21fcf9
fde2fdaafd92fd69
ffbcff6bfef3fe52
ff1bffbc000c0004
feb3fea3fea3febb
fd49fd11fd01fd11
fe52fd29fd61fd29
ffec001400ddfff4
0024000c005c003c
ff63ffec001c00cd
fd82fd29fe3afed3
ff2bfe62ff33ff0b
fe9bfe7afe93ff6b
019600dd000cff23
021e029f02760206
02ef02d7028f01de
019e023602b702d7
02970246024e022e
020e0266029f0297
010501ae022e022e
012d01fe021e01d6
01b601de013d001c
008d012500a50064
00ed014d00c5003c
015d018e0105009d
ff5b009d00dd012d
fe42fdd2fda2fd92
fe02fd21fcd9fe02
fd51fd69fdb2fe83
fd19fd21fd39fd51
fcd9fce9fcf9fd09
fcd9fcd1fcd1fcd1
fd21fd11fd11fcf1
fd8afd79fd59fd39
feebfec3fe5afdd2
fe5afe93fee3ff03
fef3fec3fe9bfe62
fd21fcf9fce9fcf1
fe5afd29fd31fd59
ffdc0034007c003c
0044ffcc00440034
ff43ffe4001c0064
fe42fd31fe02fe8b
feabfe52fe4aff13
fed3fecbfe8bff03
022e019600b5ffbc
027e031702ef0276
02cf02e702cf0216
018e0226028f02af
0236018601fe01fe
018e022602970297
0085016d020601ae
0175020602060186
01ae01c600dd0024
00c50155007c008d
00a50135012500d5
015d014d00b5009d
000c00c50095010d
fe7afdc2fdaafe6a
fd61fcf1fce9fe32
fd51fd69fdcafe4a
fd01fd11fd21fd39
fcc9fcd9fcf1fd01
fcd1fcc9fcc9fcc9
fcf9fcf9fcf1fce9
fcd1fcc9fce9fcf1
fe22fdd2fd69fd11
fe1afe0afe32fe42
ff43ff0bfebbfe62
fcf9fcf1fce9fce1
ff2bfd82fd59fd69
ff4bffd4002cfffc
0064ffb4fffc0044
ff73000cffe4ffe4
fe9bfdaafdfafe62
fe83fdf2fe2afe5a
ff53ff13fed3fe9b
025e0226014d0044
0276030f02f702a7
029f02bf02af0206
0186021e024e028f
0196011501f601ae
01450236027e026e
00b5015d019600ed
01d6021601fe014d
01ce01c6009d006c
015d016d006400f5
00e5010d0155014d
0186014d01550155
00950085ffcc00c5
fe5afdeafde2ff03
fd09fcf9fd49fe02
fd51fd8afe22fdda
fce9fd01fd21fd39
fcc1fcd1fcd9fce1
fcc1fcc1fcc1fcc1
fce1fcd9fcd9fcc9
fcb9fca1fcc1fcc9
fdaafd61fd21fcf1
fe32fe02fdfafdea
ff94ff5bfef3fe83
fd21fce9fce9fce9
ff5bfe02fd31fd51
0004ffa4ffbcffc4
0064ffecffac0044
ff84003cfffcffdc
fe72fdf2fdeafe6a
febbfe22fe12fe52
000cff53ff2bff03
0297025601ae00c5
027602f702ff02df
029f02a7027e01f6
0165021e02660297
012d00fd01e6016d
019e0206024e023e
00b500dd00d500ad
01fe021e01ee0165
01de01b6006c00d5
01ae014d0085015d
009d00d5015d01a6
01c6018e01ae01a6
00850034ffdc00dd
fe0afe1afdf2ff7b
fce9fcd1fdb2fd9a
fd51fd8afe22fdca
fcd9fd01fd21fd31
fcb1fcb9fcc1fcc9
fcb9fcb1fcb1fcb1
fcd1fcd1fcc9fcc1
fcd1fcb9fcd1fcd1
fde2fda2fd51fd09
fe93fe6afe4afe22
ffd4ff84ff1bfecb
fd41fcf1fce9fce9
ffacfe83fd39fd29
0044ffb4ffe40004
005c006cffe4007c
ff5b00240004ffac
fe42fe1afdaafe6a
ff13fec3fdeafe42
008dffe4ff5bff7b
02cf027601f6010d
027e02f7030702ef
02a7029f027601f6
015d02060287029f
00ed012d01d60155
01ce01ce01f601e6
00b5004c004c0135
020602260206018e
01de018e00640125
01e6014500ed01ae
002400a5018e01ee
01de01ae01be0155
00240044005c013d
fdaafe83fe42ffac
fcc9fd09fdcafd79
fd71fdbafe1afdda
fcd1fcf1fd19fd39
fc99fca1fca9fcb9
fca9fca1fca1fca1
fcc9fcc1fcb9fcb9
fcf1fcd1fcd1fcd1
fe32fdf2fd92fd31
fecbfea3fe83fe6a
fff4ff94ff23fef3
fd31fcf1fcf1fcf1
ffd4ff3bfdc2fd19
002cffcc0024ff84
006c00b5ffa40014
ff4bffe4001cfffc
fe32fe52fd8afea3
ff63ff7bff03fe32
00b50074ffacff5b
02df028f021e0145
026602d702f702d7
0297027e023601be
012501ce02660287
0105019601b60115
01ce01be01ee01c6
00fd006400a501ae
0216021e021e0186
01de015d009d0165
01c60115011d01b6
ffe400b5019601c6
01be01de01ce00d5
000400cd00c5018e
fd11fe4afef3ffcc
fcc9fd82fdaafd39
fdbafdf2fe22fdd2
fcc9fce9fd11fd39
fc91fc91fc99fca1
fc99fc89fc91fc91
fcc1fcb1fca9fca9
fcf9fcd9fcd1fcc9
fe83fe2afdc2fd49
ff0bfedbfeb3fea3
ffecffa4ff63ff43
fd29fd01fd01fcf9
ff6bff84feabfd29
005400040024ff9c
003c006cff73ffa4
ff3bffccffe4002c
fe1afe52fd92fe83
ff1bff840004fed3
00c5007cffdcff8c
02ef02b7023e0186
026602cf02d702cf
0276026601b6015d
00e5016d0246025e
015d01d6019e00e5
01ee01de01e601a6
0175015d019e01ee
020e022e022e01b6
01be015d013501c6
01a600b5010d01a6
003c012501be01de
01c601e6017d005c
002c012d012501be
fcf9fe52ff7bffcc
fd01fdb2fd41fd09
fd71fe0afe72fdd2
fcc1fce1fd11fd59
fc81fc81fc89fc91
fc91fc91fc89fc81
fcb9fcb9fca9fc99
fd09fce1fcd9fcc9
fee3fe8bfe0afd79
ff84ff5bff23ff03
ffecffdcffc4ffac
fd19fd09fd01fd01
ffc4ff33fe93fd49
007400540044fff4
002c0024ff9cffbc
ff84ffdcffe4001c
febbfdfafd8afe22
ff0bfeb3ff6bffd4
00ed0054ffa4ffac
02cf02af025601c6
027602bf02d702c7
024e023601650165
00bd011d0226024e
01ae01e601c600d5
01e601d601d601ce
020601f601de01e6
021e023e022e0216
01e601a6019e01e6
016d010d016501ce
012d01b601de01ce
01c601ce0115009d
009d014d015d01ce
fd11fe22ffbcffe4
fd69fd59fcf9fcd1
fd92fe42fdfafd82
fcb1fce9fd21fd51
fc81fc81fc89fc91
fc89fc91fc89fc81
fcb9fca9fca9fc99
fd19fce1fcd1fcc9
ff0bfec3fe62fdca
ffd4ffc4ff8cff4b
fffcfffcfff4ffdc
fd09fd09fd19fd19
ff9cff73fe9bfdaa
008d00640044ffd4
0074fffcff8cffb4
ff3bffacffe4000c
ff73fe9bfd79fdc2
fefbfecbfe8bfeab
01150034ff6bff5b
02b7029f025e01f6
027e02b702bf02b7
023601c600e5019e
00ed010501ce022e
01ce01e601ee0135
01b601ae01be01de
0226021601ee01be
0226023e022e021e
021e020e01fe01fe
019e018601ce0206
01ce01ee01fe01ee
01b601ae017501a6
00fd016d017501ae
fd49fe52ffe4001c
fd51fce9fca9fcc1
fdeafebbfdf2fd59
fcc9fd21fd39fd49
fc81fc81fc89fc99
fc89fc89fc81fc81
fcb9fcb1fca1fc99
fd39fce1fcd9fcc9
ff13fec3fe72fe0a
0004fffcffe4ff8c
fffcfffcfff40004
fd21fd19fd29fd21
ffcc0014fecbfdfa
006c005400240024
0054ffecff73ffec
fee3ff94ff940024
fe12fef3fddafdba
fedbfefbfe93fe02
011d0034ff63ff3b
02870276025e020e
0287029702a7029f
01c6010d00ed01fe
014d012d015501b6
01f6020e022601b6
01a6018e01be01f6
02360226020e01ee
023e02660246021e
02260236023e0226
01de01e6020e022e
01b601e601ee01f6
01ce01ae01ae01de
01450196019e01b6
fd41feb3002c00a5
fd09fc91fc89fcd9
fe4afedbfe0afd82
fce1fd69fd9afd71
fc81fc81fc89fcb1
fc89fc89fc81fc81
fcb9fcb1fca1fc91
fd51fce9fcd9fcc1
ff3bfeb3fe52fdfa
fffcfffcfffcffbc
fffcfffcfffc0004
fd49fd41fd79fd49
ff9c0024ff43fe32
0074002cffec0064
0034ffdcff6b002c
fe62ffb4ff43fffc
fd71fd79fdfafdda
fedbfe5afeb3fe32
013d003cff8cff5b
0266025e025e021e
027e0287028f028f
00dd00a50186024e
01de01a60145010d
0216022e023e021e
019e018e01d601fe
024e0246023e0206
0256025e024e0236
024e0256023e0236
01fe020e02360246
01ce01de01d601e6
01a601ae01ce01de
01750175019601ae
fd51fee3008d010d
fcc1fc78fca1fcf9
feabfe93fdeafd82
fcf1fd11fd61fdda
fc78fc81fc89fcb1
fc81fc81fc81fc78
fcb1fca9fca1fc89
fd41fce1fcd1fcb9
ff4bfebbfe42fdda
000cfffc000cffcc
ffec00040014001c
fd8afd92fe02fdc2
ff9cfffcffecfebb
0064004cfffc002c
005cffd4ff53fff4
fe2aff63ff7bff94
fe52fd41fd29fde2
feebfe6afe3afedb
014d0044ff94ff3b
025e024e02460206
028f02660266026e
011d0125022e027e
0256021e01be018e
022602460246024e
018e018601ae01ee
0206020e023601fe
022e024e02260206
023e024e0256023e
01fe02260246022e
01f601d601d601ee
019601be01be01e6
0186018e01ae01ae
fd79ff2300d5013d
fcb1fc89fcc9fcf9
fe83fe52fdaafd39
fd09fd31fd8afe1a
fc78fc81fc81fca9
fc81fc81fc78fc78
fca9fca1fc99fc89
fd21fcd9fcc9fcb1
ff43fe93fe22fdaa
001cfffcfffcffcc
ffb4ffdc0014002c
fe0afd49fd31fd51
ff8cffa4fffcff5b
005c0014ffe4ffcc
00340024ff3bff94
fe32ff13ff94ff8c
febbfe3afd61fdb2
fe4afe22fe42fe52
014d0044ff94fef3
025e023e022e01fe
02bf028702660276
01f6021e02660297
027e027602560236
01fe024602560256
017d0165018601c6
01de01e6020e01f6
0246022601d601ce
021e0226025e0236
0206020e021e020e
01c601b601ce01f6
019e01a6019e01c6
01a601960196018e
fdc2ff7301050186
fca9fca9fcc1fce1
febbfe5afd59fce9
fd21fd49fda2fe42
fc78fc78fc89fcc1
fc78fc78fc78fc78
fca9fca1fc91fc81
fcf9fcd9fcc9fcb9
feebfe4afddafd69
002cffecffa4ff5b
ff8cffb40004003c
fe72fdc2fd51fd49
ffecffd4ffd4ff2b
004c003c0014ff9c
ffc40024ff63ff7b
fe3afeb3ff3bff73
fe32fe8bfe32fe42
fe3afdbafdaafdc2
015d0054ffacfefb
02660246022601fe
02af029f027e027e
02970287028f0297
0276028f0297029f
01e6022e025e025e
016d0145015d01ae
01be01d601f601ee
021e020601b6019e
01f6020602260206
01ae01c601e601de
0196019e01ae01c6
018e018601750196
01be0125013d0175
fdc2ffec016501de
fcb9fca9fc89fcf1
ff0bfe3afd19fd01
fd21fd9afe12fecb
fc81fc78fca9fcf1
fc78fc78fc78fc81
fca9fca1fc89fc81
fce9fcd9fcc9fcb9
fe9bfe12fd92fd29
0044fffcff84ff13
ff84ffb4fff4003c
fe62fdcafdcafd71
ffe4ff9cffc4ff0b
00440064003cfffc
ffbcffecff9cff94
fe12fe5afeb3ff03
fdb2fde2fd8afe22
fe42fdd2fda2fd79
016d0085ffacff13
0266024e022601ee
02af02b7029f027e
0297029f02970297
0276028f02a7029f
01d6021602360246
0135010d012d0186
019e01a6018e018e
01be01fe01ce0196
01be01be01a6019e
01550186019e019e
01550155016d016d
01750165016d0175
015d011d0155016d
fda2002c01b601c6
fcd1fcb1fca1fcf9
ff0bfddafcf9fd19
fd51fe1afe83ff13
fc78fc89fcd1fce9
fc81fc78fc81fc78
fca9fca1fc91fc89
fce1fcd1fcc1fcb1
fe6afdcafd51fcf9
002cffecff6bfeeb
ff7bffb4ffe40024
fe52fdbafdc2fdda
002cffdcff94fe9b
fff4002cffb4fff4
ff94ffecffc4ff6b
fe32fe3afe9bfe42
fd09fda2fce1fe2a
fe4afd79fd39fd19
01550095ffc4fef3
02760266023601de
02b702bf02bf0297
029f02a7029702a7
028702b702bf02b7
01a601ee022e024e
00e500b500e5015d
0165015d01150105
01ae01ce01ae0175
017d016d015d017d
0145015d0155016d
00fd013501450135
012d0115011500f5
015d015d016d016d
fd92006c020601de
fcf9fca1fca9fd09
fed3fd79fce9fd11
fe1afe32fea3ff1b
fc78fc99fcb1fd29
fc81fc78fc78fc78
fcb1fca1fc91fc89
fce9fcd1fcb9fcb9
fe22fd79fd11fcf1
001cffc4ff43febb
ff53ffa4ffe4001c
feabfde2fddafdfa
0044002cff43ff0b
ffbc0034ffb4004c
ff03ffbc001cff7b
fe6afdeafe62fdb2
fd21fd71fce1fe2a
fe4afdaafd41fd21
013d007cffdcfef3
02a7026e024601ee
02e702df02cf02bf
02cf02cf02bf02d7
029702df02ef02e7
018e01c602160256
007c007400e5015d
0175015d010d00cd
019e01b601750165
0155013d01450165
0135013d01150135
00a500e500f500ed
010500ed00d500bd
01960196017d0155
fdc200f50226021e
fce9fc78fc89fcf9
feb3fd39fd09fd09
fe7afe12fe83feeb
fc81fc89fcc1fdb2
fc89fc78fc78fc78
fca9fca1fc91fc89
fce9fcd1fcb9fcb9
fde2fd39fce9fcf1
ffccff7bff0bfe7a
fefbff63ffb4ffdc
febbfdeafe0afdba
0024003cff2bfe5a
001c0044ffc4001c
fe7aff8c005cffc4
fe5afdb2fe02fd59
fd31fcf1fd09fe2a
fe32fd8afd61fd71
01450064ffb4ff1b
02d7028f025601fe
02ff031702f702df
02bf02cf02e702f7
026e029f02b702c7
0165017d01c6021e
006c009d0115015d
0145014500fd00c5
013d013d011d0115
011d013501250125
00ed010500f5010d
008d0085009d00b5
00b500c500b500ad
00f500f500cd008d
fe6a018601d60135
fcf9fc70fc99fd11
feebfd09fcd1fd11
fdf2fdfafe8bff1b
fc81fc99fd39fe62
fc89fc81fc78fc78
fca9fca1fc91fc89
fce1fcd1fcc1fcb1
fdb2fd01fce9fcf9
ff53ff0bfeabfe3a
fe93fefbff5bff7b
fee3fe2afd92fdd2
ffec0044ff84febb
001c00240004ffac
fe22ff3b005c003c
fe2afdd2fdc2fd19
fd39fcb1fd11fdda
fe4afd9afd39fd39
015d006cffa4ff3b
02d702a7025e020e
03070317030f02e7
01ee024e02bf02f7
017d019e018601be
00d500e500ed012d
00950074008d00bd
00e500ed00d500c5
00ed00cd00bd00d5
01050115010d00f5
009d00cd00fd010d
005c00640074006c
ff53ffacffcc001c
ffd4ffdcff9cff3b
ff4300e5002cffdc
fcc1fc70fcb1fcf1
feebfd29fcb1fcf1
fdb2fe0afe72ff03
fc81fcf1fe4afe12
fc89fc81fc81fc78
fca9fca1fc99fc91
fcd9fcc9fcc1fcb9
fd61fce9fce9fcf1
fed3fe9bfe52fdea
fe32fe83fedbfef3
ff2bfe5afd82fdb2
ff9c0004ff9cff0b
002c0024fff4ff23
fdbafeeb004c007c
fe32fdfafdb2fcf1
fce1fcc9fd71fdb2
fe4afdd2fd51fd41
01b600c5ffc4ff2b
02df02d7028f0226
02ef030f031f0307
002c00dd01ae028f
ffe400140004fffc
ff4bff7bffa4fffc
000cff73ff3bff4b
007c006400540034
00d50085008d00a5
00dd00fd010d00fd
002c007c00e500fd
ff53ffa4ffec0014
fddafe12fe4afed3
ff43fecbfe2afde2
ff3bffb4ffacff4b
fca9fc81fcb1fd51
fe9bfd21fcc9fd01
fdf2fde2fe9bfea3
fcd1fe3afe6afd9a
fc89fc89fc89fc89
fcb1fca1fca1fc99
fcd9fcc1fcc1fcb9
fd21fce9fcf1fce9
fe5afe32fdeafd92
fdd2fe0afe4afe62
fed3fecbfe22fde2
ff2b0004ff94fedb
0044004c001cff4b
fd9afeb3005400bd
fe42fdfafdd2fcf9
fcd9fd49fd29fd8a
fe52fdeafd59fd21
0226015d002cff43
02ef02e702cf025e
027602e70317030f
ffccffdc00340165
fec3ff23ff6bff63
fe4afe7afea3febb
fe72fe3afe42fe12
ffa4ff2bfee3fea3
00c50074002cfffc
007c008d00dd00dd
ffe4005c00bd00cd
fe22fe9bff1bff9c
fd41fd41fd59fdba
fdd2fd61fd49fd31
fedbfec3fea3fe4a
fca1fc78fcc9fe32
fe5afce9fce1fd11
fdeafde2fe83fe62
fe12fefbfdb2fd92
fc91fc89fca1fcd9
fca9fca1fca1fc91
fcd9fcc1fcb9fcb1
fcf1fce9fce9fce9
fdcafdb2fd79fd31
fd79fd82fda2fdca
fe93fe52fe22fde2
ff630004ffe4ff33
003c009d004cffbc
fd9afecb006400bd
fe0afd82fdbafd19
fce9fd31fcb9fd82
fe5afdeafd79fd31
025e01f600d5ffb4
02e702df02df028f
013d024e02df02ff
ff23ff33ff0bfff4
fe3afe72fe93feb3
fde2fde2fdfafe22
fdd2fd9afd92fdb2
feebfe6afe4afe0a
00bd0074ffd4ff63
008d006c00bd00dd
ffa4003400bd00dd
fda2fdfafe93ff3b
fd71fd39fd21fd49
fe72fe12fdcafd9a
fed3ff63ff43fedb
fca9fc89fd8afeab
fe4afce1fcf9fd09
fe0afdd2fe62fe4a
fef3fe12fd9afdf2
fca9fcc9fcc9fdb2
fca9fca1fc99fc91
fcd9fcc9fcb9fcb1
fce1fcf1fce9fce9
fd31fd29fd11fce9
fd41fd21fd19fd29
fdfafdb2fd82fdba
ff84ffcc002cff53
004c00d5004cffdc
fdd2ff13005c00d5
fdfafd8afdb2fd61
fd19fcb1fca1fd92
fec3fe2afd92fd69
026e02360186005c
030702ef02b7028f
ffd400ad01ee02cf
002c0054fff4ff7b
ff5bff84ffdc000c
fe93fecbfeebff23
fdf2fdeafe0afe42
fed3fe6afe3afe1a
00a5004cffb4ff43
00ad008d00bd00cd
ff43ffe4009500d5
fdb2fdf2fe42fec3
fe6afe22fdcafd8a
ff23fee3febbfe8b
ffd40014ffdcff73
fcd9fcb1fdf2ff13
fe0afce1fce9fd19
fde2fd71fe2afe22
fe5afdeafdfafe42
fcc1fca9fd41feeb
fca9fc99fca9fcb9
fcd9fcc9fcc1fcb1
fcd9fcf1fce9fce1
fcc1fcc9fcd1fcc9
fd31fd01fcd9fcc1
fefbfe72fd69fde2
ffa4ffcc001cfff4
00c500d500440044
fde2ff6b00640105
fe0afdb2fdaafdaa
fd39fca9fc91fd9a
ffbcfe62fd8afd59
0276023601d60135
02e702ff02c7028f
0014000c009d01de
00ed011d0115008d
ffbcfffc005c00b5
ff03ff23ff4bff7b
fe9bfeb3fecbfee3
fee3feb3fe93fe93
008d0034ffb4ff33
00c500ad00b500b5
ff13ffa4005c00ad
fe3afe42fe5afea3
fe72fe62fe52fe32
ff1bfef3fed3feab
000cfffcffb4ff5b
fcf9fca1fdd2ff63
fde2fcd9fcd1fd09
fd82fd49fddafdf2
fdc2fddafdeafe3a
fc91fce9fe7afe5a
fcb1fcb1fcb9fca1
fce1fcd1fcc1fcb9
fcd9fce9fce9fce1
fc99fcb1fcc9fcc9
fd29fce9fca9fc89
ff63feabfdbafdca
002c001c0034002c
011d00bdffcc0044
fdfaff7b00340105
fe2afdb2fd71fdb2
fd31fce9fc81fd71
0105ff94fe32fd49
02af0266020e01ae
01ee02c702df02c7
011d00d500c50105
00d50105013d0135
ff6bffb40004005c
fedbfee3fef3ff1b
ff03fefbfedbfed3
ff1bff1bff2bff1b
00950044ffccff53
009d00c500dd00cd
ff03ff84000c005c
fe52fe6afe7afea3
fe02fde2fe02fe22
fe7afe72fe7afe52
fffcff9cff0bfe9b
fcf9fcb1fdaaffd4
fdbafce1fcd1fce1
fd59fd29fddafdd2
fdeafda2fdcafde2
fcd1fe32fe9bfdb2
fcb9fcb9fca1fc99
fce9fce1fcd1fcc1
fce1fce1fce1fce9
fc99fcb9fcc1fcd1
fd11fcc1fc91fc91
ff73fe42fddafdba
0064009500b50064
012500c5ffacffa4
fe12ff5b002c00f5
fdf2fda2fd8afdaa
fd29fd11fca9fd29
017500bdff73fdd2
02d702a7023e01d6
017d021e02a702d7
01350125010d011d
ffec006c00ed011d
ff13ff4bff5bff7b
fe2afe4afe6afeb3
fefbfed3fe93fe3a
ff7bff6bff4bff1b
00d5006cfffcffac
00d5010d00f500f5
fefbff84fffc0085
fdd2fe2afe6afea3
fedbfe62fddafd92
ff9cffacff9cff43
ffc4fec3fe72ff2b
fca9fce1fd61ffcc
fdc2fce9fcd9fcf1
fd01fd01fdcafda2
fdb2fda2fda2fdca
fde2feabfdd2fdf2
fcd1fcc1fcb1fcc9
fcf1fcf1fcf1fce1
fcd1fcd9fcd9fce1
fc91fca9fcb9fcc9
fcd1fc91fc89fc91
fedbfe3afdcafd92
000c005c00cd0004
013d0105ffe4ff8c
fe3aff6b002c00fd
fdcafdaafdcafdca
fd61fd11fcd9fd31
018e01250064fec3
02df02bf025601e6
018e01ee0236029f
00d500ed010d0135
0004ff7bffbc006c
005c00c500ed00a5
fed3ff13ff63ffdc
febbfe5afe22fe6a
ff9cff53ff1bfeeb
013500bd004cfff4
0125016d017d016d
feebff9c002400a5
fd71fdaafe22fe7a
fe62fe7afe72fdfa
ff13fe9bfe72fe62
ff8cfe93ff4bff8c
fc78fcd9fd41ffb4
fdaafcd9fcd1fcc1
fd01fd11fdeafd8a
fdbafd82fdb2fdba
fe4afddafd82fdaa
fcf9fcd9fcf1fdba
fcf1fd01fd09fd09
fcc1fcc1fcd1fce1
fc91fc91fca9fcb1
fc91fc81fc89fc89
fed3fe8bfe2afd92
001c002c009d001c
011500d5004cffc4
fe62ffd4005c0105
fdaafdaafe1afdf2
fdc2fd11fcd1fd79
019e014500b5ff73
02d702c7027601fe
018e01fe0276029f
ffac006400e5013d
015d00e5000cff73
fee3ff84003400f5
fecbfe9bfe83fe9b
fe2afe02fe72fec3
ff84ff13fedbfea3
016d01150095000c
017501c601ce01ae
fec3ffac006400ed
fdbafd71fdd2fe4a
fd8afdb2fdb2fdb2
fdf2fe22fd92fd11
ff43fea3fe6afdd2
fc70fcb9fd59ffcc
fd79fca9fcc1fcb9
fce9fd01fdf2fdc2
fdbafd59fdcafdaa
fdb2fda2fdaafda2
fd09fd11fdc2fe02
fce9fd01fd01fd09
fca9fcb1fcc9fce1
fc99fc99fc99fc99
fc81fc78fc81fc89
ff5bfedbfe8bfe0a
000c002c00b50064
011d009d0054ffd4
fe8bfff4006400fd
fd79fdeafe72fe0a
fe5afd29fd21fdaa
0196014500e5ffe4
02c702c7028f0226
014501ae02460297
ff2bff63004400e5
ff7b005c00d5005c
fd69fdc2fe1afe7a
fe0afdfafd31fd19
fe12fe4afe3afe02
ff8cfefbfe9bfe4a
01a6014500dd0044
01d601fe01f601f6
febbffb400ad015d
fd31fdc2fdc2fe3a
fd71fdaafdb2fcf9
ff6bffb4fdfafd11
feabfdbafd59fe1a
fc81fc91fdeaffdc
fd39fca9fcc1fc89
fcd9fce1fd9afdaa
fd92fd41fddafd8a
fda2fdaafdd2fdb2
fd11fdbafddafd51
fce1fcf9fd01fd09
fc99fca1fcb9fcd1
fc91fc91fc91fc91
fc81fc70fc78fc89
ffacff5bfe93fdda
ffecffac00bd00bd
0115007c0074ffec
ff2b000c005400e5
fd9afe32fe3afe2a
fec3fd71fd82fd9a
01b60186011d002c
02c702c702a70256
00dd018601f60276
000cff73ff7b0024
fe2afe8bff1bffcc
fd09fd41fe2afd92
ff6bff13fd61fd11
fe4afdeafdd2fe83
ffe4ff0bfe6afe4a
01f601ae015500c5
0226023e022e0226
fed3fffc011d01be
fd49fdb2fe12fe52
fd71fd01fd19fcd9
004c005cfea3fdaa
fe72fd79fd61fed3
fc91fca9fe8bffec
fd29fcb1fca1fc70
fce9fce9fd92fdca
fd92fd82fde2fda2
fda2fdcafdc2fd51
fdcafdeafd09fd71
fce9fcf9fd01fd19
fc91fc91fcb1fcd1
fc81fc81fc89fc89
fcc1fc70fc78fc78
ffacff5bfebbfe02
ffe4ff9c009500d5
00dd00440044ffc4
ff2bfffc001400bd
fdf2fe0afe1afeb3
ff03fddafda2fd9a
020e01c601350054
02c702df02bf027e
00c5018601f6025e
ff0bffacffe40014
ff63ff33fe52fe7a
fd19fd21fd69fdaa
008dffecfdf2fd59
fdd2fdaafe8bffac
004cff84febbfe62
023e01fe01ae012d
02160256027e026e
ff1b007401a601f6
fe22fdeafdfafea3
fd79fd39fd19fd21
000c006cff23fd92
febbfe72fe2afee3
fc81fcf1ff3bffbc
fd01fcb9fc70fc70
fcf1fcd9fd82fde2
fdb2fddafe1afd92
fdeafdd2fda2fd92
fdfafd21fcf9fd8a
fce1fce9fd11fdc2
fc78fc81fca1fcc1
fc70fc78fc81fc78
fd11fcb9fc70fc70
0004ff3bff13fe22
ffc4ffcc005c00dd
006c000c006c0004
feebffacffcc007c
fe1afe12feb3fec3
ff13fe0afdbafdaa
023e01e601550054
02bf02ef02cf028f
0064011d01be024e
fff4ffc4ffb4ffe4
0034ffe4ffdc0034
fd71fd71fd71feab
007c003cfe8bfd79
fe02fe12fe8bffa4
00bd0074ff8cfe62
026e023e01fe015d
021e0276029f0287
ffac00f5020e021e
fe83fe2afe3afee3
fde2fe02fe12fe3a
ff4bffacff84fe52
ffccff53fe93fe8b
fc78fd69000c006c
fcb9fcc1fc68fc70
fd11fd01fd8afdca
fdfafdf2fddafdc2
fe02fde2fe02fe32
fd31fce9fd49fde2
fcc9fce1fd71fde2
fc70fc78fc91fcb1
fc78fc78fc78fc70
fd31fd11fca1fc68
005cffbcff0bfe6a
ff8cffa4004c00bd
ffecfffc000c000c
fec3ff5bfff40014
fe1afe62fefbfe83
ff0bfe1afda2fdd2
025e01fe016d004c
02c702ff02df029f
00cd015501ee026e
01ae018e011500c5
000c006400fd018e
fe22fe52fed3ffbc
ff84ffccff6bfe6a
fefbfee3feabff03
010d00cdffdcff03
027e0266022e018e
0236028f029f028f
005c017502660246
ff13fefbfef3ff53
fed3ff2bff33ff1b
fe83fe8bfebbfed3
0034ffe4ff23fe8b
fc81fdea007400b5
fca1fc81fc70fc81
fd11fd29fd9afd79
fe02fdaafdc2fdc2
fe02fe42fe2afe7a
fce9fd11fde2fe22
fcb9fd19fd82fd19
fc68fc70fc78fc99
fc78fc78fc78fc70
fd59fd51fcf1fc81
00740024febbff2b
fffcffd400340095
ffd4fff4ffccffe4
feabff33ffe4ffc4
fdf2fe6afedbfe6a
fefbfe02fdcafdea
0266020e01750064
02e702f702d7029f
02060216024e02a7
021e026e0266022e
0004009d010d019e
ff33ff7bff8cff9c
fefbfef3ff1bff2b
ff4bff53ff1bfefb
014d010d0044ff73
02a70287025601de
023e029702af029f
00ed01f60287023e
fee3fefbff33ffec
fe83fea3fec3fedb
fea3fe8bfe83fe7a
0014fff4ff84fef3
fc99fe9b00a5007c
fcc1fca1fc99fc91
fd21fd51fd51fd19
fdd2fd92fdeafd49
fe7afe8bfeb3fe4a
fcf1fdcafe9bfe93
fcd9fd61fd11fcf1
fc70fc78fc89fca1
fc89fc89fc81fc78
fd79fd71fd31fcb9
009dffdcff4bff23
ffecfffc002c00ad
ffb4ffe4ffdcffe4
febbff1bffdcffb4
fdd2fe2afe52fe83
fed3fe1afe02fdc2
0266020e01650054
02ef02ff02df029f
02460276029f02cf
024e02460226022e
001400cd0186020e
feebff1bff4bff94
ff13fef3fee3fee3
ff5bff3bff43ff2b
0196015500ddfff4
02b702a7026e0216
023e029f02a702a7
0165022e02760216
fee3ff43ffd40095
feabfeb3fec3febb
fefbfecbfeb3fea3
fffcff7bff73ff4b
fd21ff9400b5008d
fcd9fc78fc81fcc1
fd49fd61fd21fcf9
fd8afde2fddafd31
febbfee3fe83fdea
fd69fe83fe7afe83
fd01fd21fcf9fcf1
fc89fc91fca9fcc1
fca1fc99fc89fc89
fda2fd92fd61fcf9
00f5fff4ffacfe62
ffd40014002c006c
ff73ffd4ffbcff94
fed3ff3bffb4ff7b
fdcafdd2fdfafe8b
feb3fe5afdeafd92
0276021e015d0024
02f702f702f702a7
02260266029f02cf
01e601de01c601e6
0125016d018e01b6
ff94ffbc002400a5
ff53ff6bff6bff7b
000cff5bff23ff33
020601b6017500e5
02bf02bf028f0246
024e02a702a702b7
01de022e024601fe
ff6b000400850145
fe6afe6afe93fef3
febbfeabfea3fe7a
00adffdcff23fedb
fdfa006c00c500dd
fca9fc78fca9fcf1
fd82fd92fd29fcd9
fdcafe02fd61fd31
ff0bfe8bfdeafdc2
fe9bfeb3fe6afeeb
fd29fd11fd21fd59
fc99fcb1fcd1fd01
fcb1fca1fc89fc91
fdd2fdbafd71fd21
010dfff40014fe3a
ff7bffcc00040074
ff7bffc4ff8cff1b
ff0bff6bff94ff73
fda2fda2fe1afe8b
fe93fe2afdb2fd71
0256020e0145ffec
02f702ff030702af
0276028702a702cf
022602560276027e
0064008d00e50196
ff9cffcc00040034
ff13ff2bff43ff73
01150034ff6bff03
024e021e01d60196
02bf02af02a7027e
025e02af02a702bf
01ce0226020601d6
0054009500dd01ae
fe7afec3ff3bffd4
fed3fe93fe72fe62
01b6010d0044ff6b
fef300dd013d0186
fcc1fce9fcb9fd19
fd71fdaafd59fce9
fda2fd92fd21fd31
fe32fd8afdbafdfa
fefbfed3ff53ff1b
fd51fd39fd71febb
fcb9fcd1fcf9fd41
fcc1fca9fca1fca1
fe1afdeafd8afd29
00b5ffacff94fecb
ff3bffbcff7b0064
ff63ffa4ffacff03
ff33ffc4ffccff7b
fda2fda2fe52feab
fe4afdf2fdaafda2
023601ce0105ff7b
02e702e702f702af
02d702d702cf02cf
02af02bf02d702df
005c00e5019e0256
ff53ff73ffa4fff4
ff7bff5bff43ff4b
01ce016500b5ffe4
027e023e021601fe
02af02a702af02af
027e02b702af02b7
01ae021601e601d6
00c500d5010d01ae
ffbcfffc0054009d
005cffdcff94ff94
0206018e014500e5
fff4011d017d01e6
fce9fd01fcc9fd79
fd71fdaafd92fd01
fd69fd9afd31fd29
fd21fd61fdf2fdc2
ff33ff23fec3fde2
fd79fd79fe7aff3b
fcc1fce9fd31fd9a
fcc1fca9fca1fca9
fe5afe32fdbafd29
00ad0014ff4bfeeb
ff3bffc4ff63fffc
ff8cff94ff7bff33
ff53002c0034ff73
fddafddafe72ff13
fe42fdbafd8afdb2
023601be00b5ff23
02e702df02e702bf
0317030702ff02e7
02ff02ef02ef030f
01b6020e029702ef
009d00b50105015d
00f500ad00850085
020e01f601be0155
02870266022e0216
02a702b702a702af
027e02bf02af02af
01b601fe01de01e6
00f50105014d019e
00fd0105010500fd
0186014d01150105
023601e601be01b6
00850145018e022e
fd01fce9fcf1fdd2
fd8afdd2fdbafd19
fd59fdb2fd79fd41
fd01fd92fdeafd92
ff0bfe4afdf2fd09
fd8afe62ff1bff4b
fcc1fcf1fd8afdfa
fcb1fc99fc99fca9
fe9bfe72fde2fd29
0064fffcff23ff2b
fef3ffacff1bff9c
ff73ff84ff0bff13
ff7b001c0085ff73
fde2fe4afe8bff53
fe4afda2fdaafda2
023e01a60064ff03
02ef02e702d702b7
03170307030702ff
02f702e702f70307
028f02b702f70307
018601ce02260266
01ce01a601860175
01f601fe01f601e6
0287026e02360206
02c702b702870287
029702bf02af02bf
01e601fe01ce01de
011d0125017d01ae
018e016d0145012d
01fe01de01be01a6
029702360206020e
00bd015d01b60266
fd11fcd1fd09fe3a
fdc2fdf2fdbafcf9
fd71fdb2fdaafd19
fd51fd82fdf2fdea
fe4afe02fd82fd01
fe52ff33ff2bfebb
fcc1fcf1fe1afde2
fca9fc91fc91fc99
fecbfea3fe1afd21
006cfffcff2bfe72
fe62ff53ff3bff9c
ff3bff7bff4bfef3
ff84fff400b5ffb4
fdeafe5afeebff8c
fdfafd82fdb2fdc2
01ee015dffecfed3
02e702a7022601fe
02ff02e702ef02ef
02d7028f02af02df
02bf02e702f702ef
0246026e029702a7
01e601ce01de020e
01ee01de01de01e6
027e026e02360216
02e702b702870276
029f02bf02cf02ef
021601ee01be01ee
0125011d018601ee
01a6017d0155013d
018e01ce01d601c6
0256020e01a6017d
0115018e01c6023e
fd11fce9fd41fecb
fdcafdeafdb2fcd1
fd71fe0afdcafd21
fd79fdbafe2afd92
fdeafdf2fd49fd59
ff23ff23fe7afe8b
fcc1fd31fe3afe5a
fc99fc89fc89fc99
fef3fec3fe42fd11
00a5ff94fec3fe6a
fe7aff2bff23ffe4
ff2bff4bff4bff23
ffa4ffd4008dffe4
fe32fe7aff0bffac
fdc2fd69fdc2fdf2
014500c5ffa4fe7a
029f027601b6011d
02b702cf02a7028f
030f02df02af028f
02cf02f703070307
02560287029f02a7
01ae01b601fe021e
01ee01ce01b601be
024e022e0216020e
030f02bf0287025e
02af02d702ef0327
021e01d601b60216
00cd010d01c6023e
0186014d011d00f5
00dd016501ce01ae
020e01ae010500e5
010d016d01a601de
fd51fcf1fd51fef3
fdb2fdd2fd8afd29
fd8afe2afdaafd21
fdd2fde2fdbafd8a
fdf2fdeafd31fda2
ff1bfea3fe22fe2a
fcd1fd9afeabfecb
fc91fc89fc89fc99
ff1bfedbfe62fd21
ffc4ff94fee3fe52
ff1bff4bffac004c
ff43ff4bfee3ff33
ffd4ffbc006c0004
fe42feb3fef3ff9c
fdcafd61fdbafe1a
011d0024ff94fe83
021e021e018e011d
0236025e025e0246
0307032f032702df
02bf02df02ef02f7
0246027602a702b7
017501c601e6020e
01ce01a6017d017d
01fe01e601ce01d6
033f02cf0266021e
02bf02df03070347
01fe01ce01ce0246
00440115021e0276
013500ed00b50064
00b500e501750175
0206016d00d500cd
00fd016501be01e6
fd51fd11fcf9ff1b
fdbafdcafd92fd79
fdb2fdcafdaafd51
fe02fd8afd69fe2a
fe3afdbafd59fdda
feb3fe3afe12fdc2
fcf1fd92febbff1b
fc91fc89fc89fca1
ff13fed3fe72fd31
ff84ffecff1bfe1a
ff43ffbcffecffac
fec3ff33fe4afe62
fffcffec004c004c
fe42febbff03ff6b
fde2fd59fdb2fe1a
01b6ffe4ff8cfe7a
0266026e025e0236
026601ee024e0266
02ef0317030f0307
02b702cf02d702c7
023e0266027e028f
012d017d017501f6
01350135012d0125
01ce01a60145011d
034702df024e01f6
02b702d703170347
01ee01d601ee0266
00040186026e027e
00c50085002cffc4
00ad008d01050105
01a6012d00e500d5
0115014d01b601b6
fd19fd39fd11ff53
fdb2fdbafd79fd21
fddafdc2fd71fd51
fe32fd69fd8afe8b
fe1afd71fdbafdf2
fe72fe22fe2afe22
fd11fe22fed3fed3
fca1fca1fca1fcc1
ff0bfecbfe72fd49
ff94ffccfefbfe12
fefbffe40004ff53
feebfedbfe9bfe7a
ffdcfff4001c0064
fe4afebbff53ff73
fdd2fd59fd9afe02
01c6ffecff73fe52
024e0287027e0256
02d7020e02060266
0317031f032f032f
02af02df02f702ef
0206024e0266027e
009d00f500fd018e
005c008500b500a5
020601c6012d007c
034f030f02870236
029f02cf030f033f
01d601d601f60256
006401ee02760246
004c0014ffacff7b
008d005400a5008d
011500e500d500cd
01250155017d0165
fd49fd39fd39ff6b
fdaafdaafd61fcf9
fe4afe02fd49fd49
fdc2fd41fdc2fe62
fddafd82fddafdd2
fe52fe12fefbfe83
fd01fe6afecbfe7a
fcc1fcc1fcc1fcf1
ff23fedbfe72fd69
fff4ffccfefbfef3
fe8b0024ffd4ff23
ff94fec3fe93fe83
ffacffccfffc004c
fe52feb3ff5bffa4
fe02fd71fda2fe12
01aeffdcff63fe52
02260276026e0226
0297025e01c6021e
0307030702ef02b7
027e02b702e702f7
017501f602360256
ffec0054006400e5
ffccffc400140004
02870236017d0074
0357034702e702af
027602b702f7032f
01b601ae01de0226
011d01f6024601f6
fff4ff9cff5bffa4
0034ffe400440034
00b500bd00a5008d
009500dd00fd00dd
fd41fd39fd51ff6b
fd92fd71fd41fd29
fe02fe1afd8afd61
fd9afd51fd9afe42
fda2fdaafe02fdb2
fe4afe93fea3fe2a
fd19fe42fe9bfe52
fcd9fcd9fcd1fd39
ff63ff03fe9bfd92
002cff9cfeb3fea3
fe93ffec001cff94
ffbcfed3fea3fe7a
ffb4ffacfff40014
fe4afe7aff1bffb4
fdcafd79fda2fe42
0145ff84ff3bfe3a
025e0287025e01f6
023e028701e601c6
0256028f0256022e
01e60216023e0226
00b50135018601b6
ff73ffacfffc003c
ffd4ff53ff73ff8c
02f7029701ee00e5
0347036f0337030f
0256029f02df0317
018e018e01be0206
016501c6020e01b6
ff7bff33ff130014
ffacff94ffecffcc
008500740064002c
003c002400440054
fd51fd51fd49ff7b
fd8afd31fd51fd61
fdfafdbafd59fd51
fd61fda2fda2fe62
fdaafddafddafd21
fe1afe4afdf2fdea
fd31fe22feb3fe4a
fcf1fce9fcf1fd11
ffc4ff43fecbfdca
0014ff63fe83fe4a
fe93ffdc0034ffdc
ffccfed3feebfe93
ffbcff94ffe40004
fe3afe4afecbff7b
fd71fd79fd92fe42
0064fefbff23fe1a
024e02af025e01de
021602bf027e01ce
013501ae01d601de
00e500dd00950085
00140054009d00cd
ff33ff4bff84ffcc
ffc4ff1bfeebff0b
030f02b7021e0115
02ff032703270337
021e026602af02d7
014d0155017d01be
011d015d01c6017d
ff0bfedbff0b006c
ff73ffa4ffb4ff63
00340004ffecff9c
0014001c001c0034
fd69fd79fd41ff33
fd71fd21fd8afd92
fe12fdaafd49fd82
fd79fd69fdc2fe2a
fdbafd8afd92fd01
fe0afdf2fdeafe0a
fd61fe02fe6afe02
fd01fd01fd21fd49
0034ff94ff03fdfa
0014ff33fe7afe5a
fe52ffe4fffc004c
ffccff1bfeebfea3
ffa4ff63ff9cffc4
fe4afe42fe7aff1b
fd51fd59fd79fe32
0085ff33fec3fdc2
01de029f026601f6
025602cf02c70206
00f5013d017d01c6
003c001400240085
ffdcffccfffc002c
fef3ff1bff43ff9c
ff94ff4bfee3fec3
02a7025601ce00ad
0266028702a702bf
01c60216025e026e
00f500dd01050165
008d00ed0175013d
fedbfedbff3b004c
ffacffacff6bff0b
ffc4ff73ff53ff73
fffcffa4ffcc0004
fd49fd8afd51ff43
fd61fd19fd71fd79
fe5afdb2fd82fd9a
fdaafd9afe02fe7a
fdeafd21fd82fd61
fe3afdf2fe32fe42
fd41fe22fe6afdea
fd29fd51fd39fd19
0095fffcff63fe22
005cff03fe2afee3
fe32ff63ffac0085
ffc4fee3fed3fed3
ff84ff4bff3bffa4
fe42fe22fe62fee3
fd29fd79fda2fe02
0085ff33fe6afd69
01a60256025e01fe
028702bf02b7024e
00cd015d02060246
0034002c00640085
ff8cffa4ffccfffc
fedbfef3ff3bff63
ffccffc4ff63ff23
01de01a6012d0004
0155018601c601f6
014d018e01960165
0074003c006400d5
ffd4002400b500d5
fee3ff0bff6bfffc
ffa4ff63ff13fee3
ff3bff13ff23ff8c
003cff6bff63ff6b
fd49fd82fd41ff03
fd59fd29fd29fd41
fe0afd92fd9afd8a
fdf2fdcafe5afe83
fd79fd61fd82fdca
fe02fe2afe3afe0a
fda2fe7afe6afdba
fd59fd39fd11fd29
00d5004cffacfe3a
008dff84fdfafed3
fe5aff530024000c
ff94fedbfef3ff3b
fef3ff03ff0bff3b
fe42fdfafe52fecb
fd19fd79fdeafdfa
00d5ff1bfe5afd51
01d601d6024601f6
028f029702870287
016501de0236025e
fffc0004004400bd
ff73ff94ff9cffd4
ff43fedbfefbff53
00a5006c0014ffc4
00ad008d003c003c
fff40024005c0095
00a5009d00540024
ffe4ffacffdc003c
ff8cff53ff94fff4
ff0bff43ff84ffcc
ff43fef3fec3fedb
fefbff13ff53ff6b
0044ffccff63ff1b
fd69fd61fd19fe62
fd09fce9fd01fd21
fe22fdd2fd92fd69
fe12fe52fe93fe93
fd79fd82fd59fe02
fdeafe2afe4afdb2
fe2afe12fe72fdc2
fd29fd21fd19fd92
00fd006cffc4fe42
0095ffecfeabfe72
fe93ffd40105ffcc
ff73fef3feebfefb
fe8bfeabfec3febb
fe02fe22fe93fe9b
fd11fd19fe32fe52
0095feb3fe2afd61
01fe016d021601c6
027e0276024e0276
018e01ce0216025e
001c002c000c00dd
ff63ffa4ffc4ffe4
ffa4ff03fecbff0b
014d010500950034
ff4bfff400b5013d
fe72fe6afe62fe9b
00240004ff5bfec3
ff43ff53ff53ffb4
fff4ff4bfecbff0b
ff33ff84ffd40014
fecbfe83fe93fee3
ff7bff53ff3bff1b
ffdc003cfffcffcc
fd59fd31fd01fdda
fce1fd29fd19fd19
fe02fe3afdaafd21
fe62fe72fe3afe52
fde2fdc2fdfafe1a
fde2fe42fddafda2
fe32fdf2fe72fe12
fd29fd19fd51fde2
00f50064ffc4fe42
0004ffdcfec3fe0a
fe62002c00d5fffc
ff43feb3fe83ff13
fe52fe83fe8bfe8b
fdeafe42fe93fe62
fce1fcf9fe42fe93
001cfe7afe0afd39
01fe012d01de017d
024e021e0236025e
0145017d01b60236
004c0095001c0064
ff03ff63ffacffdc
fff4ff53fee3febb
019e016500fd0085
004400f5016d019e
fe9bfecbff03ff53
ffd4ff2bfe6afe62
fedbfefbff03ff6b
002cffacfef3feb3
ff53ffb40014004c
fe5afe62feabff03
ff73ff23ff03fec3
ff63003cfffcffcc
fd61fd19fcf1fd61
fd21fd51fd29fd69
feabfe0afd51fcf9
fe52fe3afe4afe8b
fe02fd82fdf2fe52
fdaafdf2fd92fdd2
fe32fe2afe1afe3a
fd29fd19fd71fe0a
00d50034ff84fe3a
ffe4003cfeb3fe52
fe42002400640034
ff0bfe9bfe9bff3b
fe22fe3afe52fe4a
fe8bfe22fe4afe52
fce9fd31fe93fea3
ffb4fe83fdfafd19
020e013d01de0125
020e010501a60246
00850155019e01fe
fffc00740054ffcc
fe93fedbff5bff94
005cffb4ff1bfeb3
01b60196013d00d5
0115017d01a601be
ff53ffc40034009d
fedbfe7afe93fedb
fe62fe5afe72febb
005cfffcff6bfec3
ff84ffec0044006c
fe2afe5afeabff23
ff4bff03fed3fe72
fedbfffcffc4ff8c
fd31fce1fcc1fd09
fd49fd51fd61fd8a
fe62fd69fcf9fcc9
fe1afe3afe9bff13
fe3afd9afe02fe22
fde2fde2fd92fe12
fe5afe62fdbafe32
fd19fd29fd29fdda
009d0014ff3bfe02
00540074fe83fdca
fe7a009d00bd007c
ff0bfe9bfe8bfed3
fe12fe12fe3afea3
fe02fdaafe12fe32
fce9fd41fed3fe6a
ffbcfe83fe0afd29
0206014d01c60085
0196003c00fd0226
ff6b0095016d01be
ff7bfff4004cffbc
fe83fe62fed3ff3b
00d50044ff8cfeeb
01d601be017d012d
015d01a601be01d6
ffd4005400bd0115
fe3afe8bfee3ff43
fe7afe32fe32fe3a
0085003cffb4ff0b
ffac0024007c009d
fe32fe62fecbff4b
ff2bfeebfec3fe5a
fe3affb4ffb4ff6b
fce1fcc1fca1fcc9
fd29fd69fd9afd39
fdbafd29fcb9fd01
fedbfedbfeebfe8b
fe62fe2afe3afe83
fe5afdfafdc2fe52
fe6afe83fdb2fdca
fd01fd21fd49fdea
0064ffe4fefbfdc2
0044007cff0bfe02
ff130105004c0054
fedbfeabfe3afea3
fdeafe12fe83feab
fd92fd79fddafdf2
fcc9fd79fef3fe0a
ffa4fe72fe0afd21
01ee012d01ae0004
00d5000c0145023e
ff33ffc400d50175
ff23ff6bffe4ffcc
fedbfe8bfe62fec3
012d00bd001cff73
01ee01c60196016d
019601d601de01f6
008500ed013d0165
fe83fedbff5bffec
fef3feb3fe93fe7a
00ad0085002cff94
ffac002c008d00b5
fe2afe72fedbff43
ff1bfee3febbfe42
fdaaff5bff9cff4b
fcc9fcc1fcb1fce1
fd51fda2fd82fd09
fd41fcf1fcf1fd39
fefbfeb3fe62fdda
fe8bfe4afe6afec3
fe32fe62fe12fe7a
feb3fe62fd71fdb2
fd19fd21fd92fe3a
0054ffccff03fdea
001c004cffa4fe5a
ffd400d5fffcffe4
fefbfed3fe32ff03
fdb2fe2afee3febb
fd69fd59fdb2fdb2
fcf1fe12feb3fdf2
ff9cfe5afdd2fd21
017d012501a6ffec
0044003c01de023e
ff73ff43000400ed
fea3ff03ff63ffb4
ff4bfed3fe72fe4a
011d00dd0064ffdc
01de01be018e0155
018e01b601c601de
009500cd011d0165
ff03ff43ffbc0034
ff0bfeebfee3fefb
0014fff4ffbcff5b
ff6bffe400440034
fe22fe52fe93fef3
ff53ff23fed3fe32
fd19fecbffb4ff8c
fc81fc99fca9fcb9
fdb2fdbafd51fcc9
fd19fd01fd8afdb2
fe9bfe42fde2fd59
fda2fe02fe72feeb
fdcafe83fec3fe6a
fed3fdf2fd51fd8a
fd69fce1fd82fe72
004cffdcff3bfe3a
0074000cff9cff4b
ffdc0014ffa4000c
fefbfef3fe72ff3b
fd9afe42feabfe9b
fd71fd59fd82fd69
fd69fe93fe42fdfa
ff94fe5afdaafd21
009d016d0196ffc4
ffdc00540186018e
fffcffdcffac0004
fe2afeabff33ffac
ff63feebfe8bfe42
00b50085003cffdc
011d011d011500e5
0064008500b500e5
ffecffe4000c003c
fef3ff33ff6bffbc
fec3feabfea3fed3
fedbfed3fefbfef3
fe52fea3ff23ff13
fe22fe2afdcafdd2
ffa4ff73ff23fe8b
fcf1fe72ffc4ffbc
fc78fc99fcc1fcb1
fdcafd59fce1fc89
fd21fd39fdaafdda
fe6afe22fd92fd21
fe9bfebbfebbfe72
fe0afe52fe5afe6a
fedbfde2fd79fdfa
fe2afd92fdc2fee3
005cfff4ff73fec3
009dffccff43ffb4
ffc4000c000c005c
feb3feb3fe5aff6b
fd9afe0afe5afeeb
fd71fd79fd59fd31
fe02fe9bfe22fe0a
ff6bfe42fdbafd39
00a501de0186ffec
ff8cffbcffe40074
0054009d0034ffac
fe1afe4aff0bffc4
fecbfe72fe3afe32
ff5bff43ff1bfefb
ffc4ffacff7bff6b
ffa4ffa4ffacffb4
ffbcff94ff94ffa4
fedbff2bff73ffac
feb3fecbfebbfebb
fe32fe6afea3fed3
fd41fd41fd61fdc2
fe62fe22fd8afd19
ffbcffacff63ff03
fce1fe1aff84ffc4
fc70fcb9fcc1fcc1
fd09fcd9fcd9fc68
fd61fdaafddafd8a
fe6afde2fd69fd82
fe9bfe93fe5afe93
fe42fdfafe62feb3
fe8bfdbafdaafe52
fecbfe72fe62fee3
007c003cffccff43
00a5ffc4ff1bff33
ffd4004c008d001c
ff0bfeabfea3ff8c
fd92fe0afecbff03
fd51fd59fd51fd39
fe3afe4afdd2fe02
ff3bfe32fdaafdba
0175021e0165fff4
ffc4fff40004009d
006c006cfffcffac
fe22fe5aff2bffec
fda2fddafdbafde2
fe0afd9afd39fd29
ff0bff23fecbfe5a
ff84ff94ffccff73
ffb4ffb4000c0004
fecbff4bffb4ffc4
fefbff3bff2bfed3
fdc2fefbfeebff23
fdaafd51fcb1fc89
fed3fe6afe52fe12
ffc4ffacff7bff4b
fcf1fd92fef3ffb4
fc89fcc9fca9fc91
fce9fca1fcb1fc50
fdd2fddafd8afd59
fdf2fda2fdc2fdd2
fe72feabfe5afe4a
fe12fdeafe5afe6a
fe42fdbafdfafe3a
ff7bff33ff23febb
0095006c0024ffd4
0095ffc4ff3bfeab
ffdc0024005c0014
fef3fe72fe62ff7b
fdb2fe72ff94ff13
fd69fd69fd61fd49
fe4afdfafd8afdca
fed3fe2afddafe1a
01f60216015dfffc
007c0074007c0145
006c001cffdcffc4
fe4afec3ff940034
fe5afe9bfe83fe42
fe62fd31fd01fd9a
000400adffdcfecb
00bd011501ae00d5
006400d501f601d6
ff63002c00dd00fd
fffc00ad0095ffc4
fe1a000c003c00ad
fe5afe02fd59fc91
ff03feabfecbfee3
ffc4ff8cff5bff63
fd31fcf9fe22ff7b
fca9fcd9fc99fc89
fd79fcc9fc91fc89
fd92fd79fd49fd31
fdcafdaafdb2fdaa
feebff03fe62fe2a
fddafdfafe5afe52
fe6afe5afe83fe42
0004ffecffb4fecb
0095008d006c0054
00b5ffe4ffd4feab
00950074006c0074
fec3fec3ff03ffbc
fdf2feebfffcff23
fd79fd51fd39fd71
fe52fddafde2fd8a
fe62fe32fdfafdfa
01fe01ee015dffd4
00e500f5012d01ae
0004fff400140054
fe93ff2bffe4004c
ff6bff94ff43fecb
fe9bfdaafeb3ff53
011d016d0074ff7b
020601f602260186
01c6022602d702df
012501b6023e0276
014d01de01ee01ae
fe220085011d0196
ff23fe93fe4afd41
ff23fedbff03ff4b
ff9cff94ff5bff53
fd31fcb9fd69ff03
fcb1fcb9fc68fc68
fda2fd69fd29fce9
fd79fd8afdaafd59
fde2fd51fd29fd79
ff4bff03fe93febb
fdcafe32fe5afeb3
fec3ff13fe93fe2a
006c005cfff4ff23
007c0095009d0095
0044ff9cfffcff63
009501050034ff9c
fecbfe93fecbffac
fe22ff63003cfebb
fd59fd29fd51fdda
fe32fde2fe12fd59
fe3afe2afe32fe62
01ee01ce0125ff94
00d50105015d01ce
ffacfffc005400ad
fedbff73ffecffbc
003c001cff9cff1b
ff1bffc4005c002c
014d01650014ff23
022e0206021e016d
025602af02f70307
01fe0226026602a7
01ce023e0266026e
fe4afffc010d01ae
ff9cff23fedbfe72
ff43fef3ff1bff7b
ff7bffd4ffd4ff84
fd39fcb1fcc9fe72
fcf9fcd1fc68fc81
fd71fd82fd29fce9
fd69fdcafd8afd41
fde2fd31fd51fdba
ff0bff23fe8bfe42
fe2afea3fedbfef3
ff43ff7bfe7afe83
00a500740024ff3b
00340074009d00c5
0004ff4bff4bffd4
0085013500bdff33
ff0bfed3fecbff63
fe2affc4ffecfed3
fd59fd21fdb2fe2a
fe02fdd2fdeafd59
fe7afdc2fdeafe6a
01d601960085ff8c
00ed011d017d01ce
ffac007c00e500a5
ff23ff7bff43fefb
008d005cfff4ff5b
00ad00ed00cd009d
002c0064ff3bffb4
016d014501c6013d
01b6020e025e025e
01d6020e025e028f
010d020602360236
ff33fe6aff3b000c
ffdcff9cff43ff5b
ff7bff13ff23ffa4
ff33ffb40014ffe4
fd21fca9fca9fdda
fce1fcb1fca1fcc9
fd11fd41fd31fce9
fdc2fe4afe0afd31
fdaafddafda2fdfa
fdf2feabfefbfe83
fea3feabfefbfecb
ff5bff3bfeebfedb
007c006c007cffa4
ffd4001c0064008d
000c000cff2bffec
002c00d5012d0034
ff0bfed3fee3ff84
fe62ff4bff7bfed3
fd41fd59fe1afe3a
fdd2fdf2fe42fd82
feb3fdaafddafe1a
01be012dff8cff13
01150155019e01be
ffdc0105010d00d5
ff6bff53fecbfeeb
00ad007c001cff94
0145011d00f500cd
0054007c00e5013d
01be012d015501a6
011d0155013d018e
008d00d501550155
ffbc007c009d00d5
002cfffcff5bff33
fffcffecff9cffa4
ffd4ff73ff4bffac
fef3ff73ffec0004
fcb9fc91fca1fd51
fce1fcb1fd11fd51
fcc9fcf9fd19fd01
fe32fe02fe32fd79
fdfafe02fe0afe5a
fe12febbff0bfe7a
fe93fe72fef3fecb
fedbff73ffc4ff1b
002c008d006cfffc
ff73ffc400140024
00ad003cffccffb4
fffc00b5011d00fd
fddafe8bfec3ffb4
ff13ff6bff5bfe8b
fd49fdaafe6afe32
fe02fe4afe62fdb2
fecbfdbafdb2fdd2
017d0095feabfed3
012d0165018e019e
00bd0155013d0115
ff94ff73fef3ff5b
00ad007c0014ffac
0145011d010d00f5
018e01b6019e0186
01de016d0145017d
011d017d015501b6
ff73ff6bfffc0024
ffe4ff7bff23ffb4
00bd011500ed005c
fffc0024fff4fffc
002cffecff94ffa4
fe72ff43ff9c000c
fc91fc89fca9fcc9
fc99fc78fca1fcd9
fcf1fcd9fd21fcc1
fe12fe1afe83fd8a
fe8bfe42fe0afe93
fef3fec3fe72fe32
fe7afedbff6bfed3
ff43ffbcffccff43
00040044003cfffc
ff33ff73ffacffcc
010d006c000c00d5
000cfffc00c5012d
fe32fec3ff1bffd4
ff23ff5bff33fe8b
fd79fdd2fe72fe42
fe4afe62fdf2fdaa
feebfdeafd69fdd2
010dffa4fea3febb
0175017501860175
0145018e017d0165
ffb4ffacff7b005c
00b500850034ffd4
0135013d012500f5
01ee01d601a6015d
01ae019e01b601e6
00d5013d0145019e
ff8cff63ffac001c
014500e5002cffdc
009501350175016d
fff400340024ffec
0054003cffe4ffbc
fd8aff03ff6bfffc
fca1fc91fc99fc91
fca9fc91fc91fcd1
fd59fcd1fd11fcf1
fe72fe72fecbfd8a
fe52fe8bfe22febb
ff2bfe83fe1afe32
fe8bff53000cff0b
ff84ff6bff13fe93
ffa4ffd4ffccffa4
fefbff23ff53ff6b
00b5ff84ffa40064
ff94ff33003c00f5
fee3fecbff23ffbc
ff3bffa4ff13fe7a
fdf2fe3afeabfeb3
fe5afe0afd61fd49
fee3fdb2fd92fe6a
0014fecbfecbfe6a
017d01860175012d
016d01b601960165
fff4001400540105
00a500740054000c
015d014d012500e5
01c60186015d0155
01ee020601f601de
017501a601ce01de
014500ed00e5014d
019e01d601b60175
000c009d0125016d
fff40044005cffec
0034006c004cfff4
fcd9fe72ff53ffc4
fca1fcd1fc91fca9
fc89fcc9fca9fcd1
fd92fce1fd41fd49
ff0bfeb3fecbfdda
fe12fe32feb3fedb
ff3bfe93fe7afe32
fefbff8c0014ff6b
ff6bfec3fe4afe0a
ff33ff73ff7bff5b
ff03ff2bfeebfefb
00cdff7bff13ffc4
ff5bff4b006c0125
ff63feebff13ff63
ff13ff63fefbfed3
fe1afec3fedbff23
fe4afdd2fd29fd69
feb3fdcafdf2fe72
fee3fea3feabfe4a
01860175012d0074
019e01be01a60175
006c008d00ad014d
00a5007c0064005c
016d014d011500dd
016d015d01650175
018601ae01a6017d
015d0186018e0165
0155014d01550165
014d01860196017d
ffbcffd400850105
0014004c00740054
ffdc00540064003c
fc91fd71ff0bff8c
fcc1fcc1fc91fcb1
fca1fcb1fcd1fce1
fdb2fd39fd69fd49
ff43fecbfec3fe0a
fdc2fdaafe8bff0b
fe7afe6afe7afdf2
ff0bffc4ffb4feeb
fe4afdaafdcafe12
feb3ff03ff53ff0b
fec3feb3fe8bfea3
0095ff63ff0b0004
ff63fff400b500e5
ffccff5bfea3ff33
fef3ff5bfecbff2b
fdf2ff2bff3bff3b
fe72fda2fd21fd92
fe1afe9bfe4afe3a
fe2afebbfe6afdea
0175014500a5ff4b
01c601ce019e0196
00bd00cd00e5016d
00c500a50095009d
0155012d010500dd
019601ae019e017d
00e50125014d016d
00cd00e500ed00cd
00b500d500fd00e5
00a500bd00ad00ad
fffcff63ffa4003c
0054006c0074006c
ffa4001c0054006c
fca1fcb9fe3aff53
fce1fc99fca1fca9
fd01fcc9fcf1fcf9
fd82fd69fdaafd8a
ff2bfedbfe9bfdea
fdbafd59fe32fed3
fdf2fe7afec3fe0a
ff5bffbcff4bfe3a
fe1afd79fddafe62
fe7afef3fef3fe6a
fe3afe12fe2afe5a
0064ff0bff43ffcc
ff2bfff4006c00ad
fff4fee3fe52fed3
fef3ff33feabffa4
fdf2ff3bffdcff94
fe52fd79fd21fdc2
fdc2ff2bfe6afe1a
fdfafec3fddafdaa
014500c5ff9cfe5a
01b601ae019e0196
00d500e501150175
011500ed00d500cd
013d011d0115011d
01ce01d601b6016d
009500ed015d01ae
000c001400440064
000c0024003c002c
ff84ffb4ffdcffdc
0034ffe4ff84ff6b
008d009d00950064
ff73ffec006c008d
fcb1fc89fd29fee3
fcf1fcb1fcb1fca1
fd31fcf9fce9fcd1
fd69fd79fd9afdca
fefbfecbfedbfe12
fdb2fd21fe22fe72
fddafe83fe83fe0a
ff63ffd4ff3bfdca
fda2fd9afe02fe62
febbfecbfe7afe32
fda2fd8afdbafe5a
0044ff43ff94ff94
ffb4fffc005c005c
fffcff13fed3ff84
fedbff23ff63ffec
fe62ff73002cfffc
fe1afd61fd79fe22
fdd2ff03feabfe3a
fe8bfe62fdaafd71
00ddffecfeabfe12
019e016d01960175
00fd00f5014501a6
01450125010d011d
013d013d0145013d
01b601b601a60175
00bd010d016501a6
ffc4ffec002c0074
ffb4ffbcffbcffbc
ff63ff63ff73ff94
0034fff4ffbcff84
00b500c500b5007c
ff2bffc4005c00a5
fcc1fc81fcb9fdca
fce1fcb9fc99fca9
fd8afd41fd31fcf9
fd8afd9afd82fda2
feb3fec3ff13fe93
fda2fd51fe32fdea
fdeafec3fe4afdf2
ff53ff9cff3bfdea
fd79fe0afe32fe83
fec3fe5afe72fdca
fd82fd79fe22fed3
ffccff84ff6b00c5
ff33ffa4ffecffd4
ffb4ff03feebff33
ff2bfee30024ffe4
fecbffac00540024
fd49fd51fdf2fe62
fe0afea3ff73fe72
fedbfe02fd59fd71
001cfeebfdf2fdda
017501450186011d
010d010d016501ae
017d015d01350135
0175017501750165
0196019e01b6019e
00ad00ed01350175
ff8cffc40014006c
ff5bff7bff63ff6b
ff63ff43ff53ff4b
0074000cffb4ff94
00b500e500dd00b5
fe6aff9c00240085
fcc9fc89fc89fce1
fd11fcc1fc99fcb9
fd9afd51fd79fd21
fda2fda2fd8afd82
fe83fedbff0bfec3
fdc2fd8afdfafdba
fe52fe62fe1afe12
ff63ff73ff7bfe5a
fdd2fe42fe2afe83
fe62fe1afe2afd9a
fdbafe1afe83fe93
007400d500dd0085
ff0bff2bffe4ffb4
ff2bff2bff13fefb
ffc4ff03ffdcff4b
fee3ffac0085009d
fd59fd9afe12fe62
fe52fecbff23fecb
fef3fdb2fd59fd92
ff0bfe12fd92fdda
0175015d010d003c
010d011d018601be
01a6018e0165013d
01960196019e0196
019e01b601be01b6
00a500ed0125016d
ffc4fff4003c007c
ff9cff9cff94ffa4
ffe4ffacffa4ff9c
00ad0064001c000c
00c500e500f500d5
fd19fee3ffd40074
fcf9fc91fc81fcb1
fd41fcb1fc99fcb9
fd49fd69fdaafd59
fdaafda2fdaafd29
fe22fec3ff03fe93
fdaafd82fdbafd92
fe72fe32fe12fe22
ff5bff5bff84fe83
fdf2fe1afe4afe4a
fdd2fe22fdd2fd31
fe6afe4afe7afe72
00ad004cfff4ff2b
fedbfef3ffbc001c
ff33ff8cff0bfecb
00b5ff4bff6bff94
feb3ff7b009d00ad
fdd2fda2fe22fe1a
fe72fe6afe1aff0b
fea3fd51fd9afdda
fde2fdaafd69fe32
013500fd0044ff03
0105012501750186
01b6019e01550115
01b601c601be01b6
01ce01e601ce01be
00f5010d0155019e
007c009d00bd00e5
005c004c004c005c
0074005400440054
00cd00b5009d0095
00b500e500f500ed
fc70fd79ff2b0014
fcd9fca9fc89fc91
fd69fce1fca1fc99
fd19fd11fd9afd79
fe42fdc2fdaafd21
fdfafeabfebbfeb3
fde2fdbafdeafd92
fe1afde2fdfafe22
fef3ff53ff43fe62
fe02fe52fe2afe02
fd9afe0afd29fd82
fe22fe62fe6afdda
ff33ff9cffcc002c
fedbfefbff03fed3
ff84ffbcff33ff13
00c5ffa4ff4bffc4
fe8bfef3004c0074
fe62fde2fe52fe12
fe4afdf2fe1afedb
fe1afd31fde2fe1a
fd69fd61fd29fe62
00d50034fecbfd9a
00f5013d01750145
01b60186013d00ed
01de01ee01e601ce
01ee01fe01f601d6
013d014d018e01d6
012501350145013d
00ed00fd00fd010d
00e500d500cd00e5
00f500dd00e500fd
006400cd00e500f5
fc50fc89fdcaff84
fce1fca9fc91fc99
fd61fcf9fcb9fc99
fd01fd01fd41fd82
fecbfdf2fdb2fd31
fdaafe6afe93fedb
fdf2fddafdd2fd8a
fe1afd92fda2fe3a
fe93ff7bff0bfe72
fe3afe5afe1afe02
fd21fdaafdcafe22
fe7afe93fe62fd82
fec3ff4bff0bfeeb
febbfec3fef3fec3
ffc4002cff94ff6b
005c0024ffacfffc
fed3fecbff9c0064
ff3bfe52fe93fe5a
fdeafdf2fe22fe2a
fdcafd8afe3afe12
fd59fd49fd39fe6a
ffccfe5afd39fd59
010d0145012d00b5
01a6015500f500d5
01e601ee01fe01e6
0216020601fe01de
01ae01ae01de0216
01c601be01be01b6
00f50105014501ae
010d00cd00b500cd
010d010d010d0135
ffec00a500cd00e5
fc68fc68fcc1fe3a
fce9fca9fc99fca1
fd21fce1fce9fcc9
fd01fcb9fd19fd71
ff0bfe1afd59fd61
fd92fe72feb3feb3
fdfafdeafda2fd9a
fe0afd8afd71fdfa
fe72ff5bff43fec3
fe5afe02fe2afe02
fd19fe02fed3fe7a
fe9bfec3fe1afd19
fe6afe3afec3fef3
ff6bff13ff03fee3
001cfff4ff5bff7b
00850044fffcffa4
fedbfeb3fecb0024
ff84ff03fea3febb
fdfafdfafe0afdba
fe0afdc2fdfafe2a
fd71fd59fd79fe83
fdb2fce9fd29fd9a
00ed00ed005cff3b
014d00fd00a5009d
01ee01f601de0196
0246021e01ee01ee
01de01e602160246
01c601f601f601ee
00ad00ad00d50165
008d007c008500a5
00d500ed010500e5
fea3004c00ad00bd
fc60fc60fc78fce1
fcd1fcc1fc89fc81
fcf9fcb9fd11fd01
fd39fce1fd39fd49
ff33fe5afd9afd71
fdcafe1afeb3fe72
fe1afdd2fdeafdea
fdc2fd8afd69fdda
fe8bff6bffc4fed3
fdfafdfafe12fe3a
fdc2fe4afefbfe62
fea3fe7afdbafd59
fe42fdeafeb3ffc4
ff63ff73fefbff43
ffecffecff7bff1b
0044002cfff4ffac
ff03ff0bfe52ff43
ff43ff5bfe52fe83
fe1afdc2fddafd71
fe52fd59fd71fe4a
fd71fd41fdeafee3
fcc1fce1fda2fd9a
0064ff8cfe3afd29
00c500740074009d
01de01e601a60125
0246020e01d601de
01d601e6020e022e
0135018601ce01e6
007c007c008d00dd
000c002c006c0085
007c008d009d006c
fd21ff6300640054
fc68fc68fc78fc91
fcd1fcb1fc78fc50
fd01fce1fd01fd41
fd59fcf9fcf9fd29
ff1bfeb3fd92fd8a
fda2fdd2fe7afe52
fddafe22fdf2fdfa
fdc2fde2fd71fd79
fe6afeebffb4fea3
fdeafe12fe2afea3
fe32feabfec3fe2a
fdc2fe1afdf2fe0a
fe6afdeafe9bfee3
ff7bffbcff4bff43
001cffa4ffdcffd4
ff9c004c001cffdc
ff13ff33fea3fe4a
ff73ff94fe6afe9b
fe42fdf2fe2afe02
fe42fd59fd51fe4a
fd29fd21fe6aff3b
fcc1fd79fdd2fd71
fe62fd61fce9fcb9
001c0004001cff94
01ae0196012d0095
01e601ce01be01be
0196019e01b601d6
00dd012d016d018e
0054005c006c0085
ffe4fff40024005c
001c004c0054002c
fc91fddaffd4003c
fc58fc70fca1fca1
fce9fd01fc70fc50
fd39fd09fd01fd31
fd49fd31fd11fd31
ff1bfed3fdeafdc2
fdc2fda2fe6afe3a
fdaafe6afddafdea
fdf2fdfafd69fd41
fe0afe83ff33fec3
fe3afe0afe7afec3
fe1afedbfe83fe4a
fd69fdcafeabfe6a
fe5afe7afed3fe4a
ffccffdcffb4ff84
0014ff8cff940014
fe8bffc40085fffc
fedbfef3fecbfdfa
ff530004feabfe6a
fe5afdfafd92fd71
fe1afd79fd79fe1a
fce9fd11ff0bfe52
fd41fdcafd71fd61
fcf1fcd1fcc1fcc9
ff84ff23fe52fd69
015d00fd005cffdc
018e018e0186016d
013d01550175018e
008500dd0115013d
0034002c0034003c
ff8cff7bffec002c
0004ffec000cffe4
fc78fcc1fe8bffe4
fc60fc70fca1fc99
fd19fcd1fc99fc58
fd39fd11fd31fcf9
fd41fd8afd31fd31
ff03ff0bfe72fdc2
fdcafdb2fe83fe42
fdaafe3afdeafdea
fe12fdc2fd79fd21
fddafe62ff1bfefb
fe6afe22fe6afe5a
feb3feb3fe5afea3
fdbafe8bfe8bfdf2
fefbfec3fddafe1a
ffa4ffdc000cffc4
0034ffc4ff03ff4b
fde2feb3ffc40064
feb3ff0bfebbfdda
ff730064feebfe62
fe2afe52fd92fd92
fe22fdaafd51fd69
fce1fd82ff53fdd2
fdf2fdb2fd49fd71
fcd9fcd1fcc9fd29
fe3afd71fcf9fce1
00bd0004ff63feeb
01750145010d00f5
00fd010d0145016d
003c00bd0105010d
ffe4ffccffec000c
ff6bff5bff9cffcc
ffa4ff9cffa4ffa4
fc60fc70fd09fec3
fc60fc81fc89fc89
fcf1fca1fc70fc99
fd82fd69fd51fcf1
fd9afd51fd29fd39
fe93ff13fed3fdea
fdd2fdcafe32fe3a
fd9afdd2fddafdca
fe2afdaafdaafd59
fdeafe32ff2bff23
fe6afe3afe12fe0a
ff3bfe93fea3fed3
fe5afe1afdf2fed3
ff3bfee3fed3fe52
ff0bff9c00040054
0034004cff33ff23
fde2fdd2fe83ff9c
fe9bff23fedbfdda
ff9c0014febbfe83
fdcafe83fdbafe1a
fe52fd41fd19fd49
fcd9fe2afeebfe0a
fdcafd71fdaafd29
fcd1fcd9fd11fdb2
fd29fd09fcf1fce1
ff7bfeabfdf2fd69
00e500ad00850024
00c500e50125011d
ffdc007400d500d5
ff8cff6bff84ffac
ff9cff63ff63ff7b
fe8bff3bff84ffc4
fc60fc81fc81fd29
fc68fc68fc89fc91
fcb9fca9fca9fcb9
fd69fda2fd51fce1
fddafd21fd41fd79
fe22fea3fedbfe52
fdcafe02fe02fe42
fd79fd71fdeafde2
fe93fdd2fddafdd2
fdd2fe42ff0bff23
fe8bfe32fdd2fe32
ff23fe8bff1bfe9b
fdf2fe22fedbffa4
003cff63ff2bfec3
feebff94ffdc0024
ffec00950004fec3
fdfafdaafdeafe9b
fe83ff43fe83fe1a
ffacffd4feb3feab
fd8afdfafdaafe7a
fe2afd31fd09fd11
fd8aff0bfe8bfe12
fdcafdcafdf2fd41
fcc9fcf9fda2fe0a
fd11fd09fcf1fcd1
fde2fd69fd21fd19
000cffbcff13fe62
00b500bd0095003c
ff94002c00b500c5
ff84ff43ff23ff4b
ff73ff7bff53ff4b
fd11fe02fee3ff63
fc68fc81fc81fc89
fc89fc48fca1fcc1
fcb9fc70fca1fc91
fd82fd71fd21fce1
fdc2fd82fd71fd69
fd79fdf2fea3fe52
fdeafddafe12fe5a
fd82fd61fddafe02
fe83fdf2fe22fdd2
fdbafe02fe93fe9b
fdfafdbafdcafe8b
fecbfeb3ff1bfe2a
fe93ff63ffe4ff63
0004002cff63feab
ff03ff43ff8cffec
ff23007c008dff0b
fe62fe52fe32fe32
feabff53fea3fe5a
ff9cffbcfe8bfe7a
fdaafdfafdcafed3
fde2fd41fd11fd11
fdc2ffccfeabfe9b
fdc2fe02fd79fd11
fce9fd49fd8afe02
fd19fcf9fce1fcd1
fd49fd21fd09fd19
fe83fdc2fd41fd39
0034ffd4ff7bff1b
ff73000c00540064
ff23ff23fefbff03
fec3ff33ff3bfefb
fca9fcd1fd51fe1a
fc78fc70fc68fc81
fc91fc81fc99fcc1
fca9fca1fc81fc78
fd41fd41fd09fc99
fdeafda2fd8afd31
fdaafd69fe32fe72
fe12fdbafdeafe3a
fd69fd92fdbafe5a
fec3fe3afe72fe12
fe2afe1afe62fedb
fd92fd8afdbaff0b
fe7afebbfee3fdb2
fefbffecff4bfecb
ff84ff6bfeebfed3
ff73ff03ff3bffd4
fe83ff73007c0004
fd71fe6afe9bfebb
ff03ff63ff43fe12
ff84ff43fe7afe3a
fe3afe0afeabfe8b
fd8afd39fd19fd51
fe62001cff6bfebb
fd9afdcafcf9fce9
fd59fd19fd51fdca
fd11fcf9fcf1fd11
fd29fd31fd29fd21
fd09fce1fcd9fd01
fecbfe42fde2fd61
ff43ff94ff7bff3b
fea3fee3ff13ff03
fd21fdc2fe52fe8b
fca9fcb1fc99fcb9
fc68fc70fc78fc89
fc58fc89fcb1fc99
fd01fcc1fcb1fc89
fd61fd49fd21fd01
fe22fd82fd71fd69
fde2fd51fdfafe7a
fe3afd79fdaafe1a
fd79fe1afe0afe83
fedbfebbfe62fe12
fea3fe4afdf2fe8b
fdbafdcafd59fee3
fea3fecbfef3fdf2
ff53ffc4fefbfed3
ffd4ff5bfe93fe52
ff6b0024ff6bff63
feb3fe93ffdc0054
fe2afe93fea3ff03
fefbfeebff7bfedb
ff9cfed3fe42fdd2
feb3fe4afec3fe7a
fd71fd19fd29fdea
ff3bff9cff63fe7a
fd79fdaafcc1fd41
fd49fcd9fd79fdc2
fd19fd09fd29fdd2
fd19fd41fd39fd29
fce1fcd1fcc9fce1
fcf9fcd1fcc9fcd9
fe6afe1afda2fd31
fd8afdf2fe3afe6a
fc60fc68fca9fd11
fcc1fcc1fca1fc81
fc81fc70fc70fca1
fc68fc89fcd1fca1
fcc9fc70fcd1fc99
fd31fd11fd09fce9
fe0afd59fd39fd51
fdd2fd79fde2fe1a
fdbafd69fd8afdc2
fe2afe72fe62fe3a
fe93fecbfe7afe12
fe8bfe0afd69fdaa
fe22fdcafd61fe93
ff6bff2bff3bfe22
00540024ff53ff33
0004ff84fe83fd8a
ffcc0034ffccffa4
fe52fe7afee3001c
fe4afec3fef3ff1b
fea3fdf2febbfefb
ff63fefbfdf2fdca
fddafe72fe3afeeb
fd82fd21fd79fdea
ff73fecbff5bfebb
fddafd49fce1fe42
fd01fcf9fe0afdfa
fd19fd29fdbafd59
fd31fd49fd39fd21
fcd9fcd1fcd1fce9
fc81fc89fca1fcc1
fcb9fca1fc89fc81
fc68fc89fcb9fcc1
fc58fc20fc28fc50
fcc9fcc9fcb9fc91
fc70fc68fc99fcb1
fc78fc89fce9fc81
fc68fc99fcb1fc89
fd21fd01fd01fce1
fe22fdaafd31fd51
fdb2fdd2fdb2fdf2
fd69fd59fdbafdd2
fe32fecbfe72fdd2
fe4afecbfe7afe42
fe4afdc2fd19fd69
ff63fe1afdeafe5a
00e5003c0095feb3
017501b6009d017d
ff73fec3fdf2fdaa
ffc40004ffa4ff9c
feb3fea3fe52ff23
fdc2fe1afe4aff33
fe4afd69fdeafecb
feabfecbfda2fe1a
fdfafe5afe0aff33
fd92fd82fd79fdc2
ff63fe3aff0bfe8b
fe2afd49fd71ff23
fce1fd21fe93fde2
fd19fdc2fdbafd01
fd39fd41fd29fd09
fce1fce1fce1fd09
fc81fc91fca1fcc1
fc58fc68fc68fc78
fc20fc28fc50fc58
fc70fc28fc10fc28
fcc1fcd1fcc1fca1
fc60fc58fca9fcc1
fc89fc81fcf9fc81
fc58fcd1fcb9fca1
fd49fd51fd41fc99
fe32fdaafd71fd41
fd8afddafdcafdaa
fd69fcf1fd69fd92
feabfeb3fe02fd79
fde2fea3fe8bfe9b
fe2afd8afd19fd71
fee3fe42fe83fea3
016500f5ffdcfe52
0226010d0155019e
ff2bfe4afd41fd19
ff53ff6b0004ff94
fe4aff2bfe3afe83
fdfafe0afe12fe52
fdd2fd61fdaafebb
feb3febbfda2fe12
fe9bfde2fe3afeab
fe22fdcafd69fdba
fe72fdfafeb3fe72
fe83fd92fde2ff73
fcd9fd21fea3fe02
fd82fe62fd41fcf9
fd39fd41fd49fd31
fcf1fd01fd11fd29
fc89fc99fca9fcd1
fc58fc58fc70fc89
fc10fc10fc20fc48
fc91fc50fc18fc18
fcc9fcd9fcd1fcb9
fc58fc78fc91fca9
fc91fc99fcc9fc60
fc50fca1fcd9fcc1
fda2fd49fd09fc70
fde2fd9afd71fd71
fd9afde2fdf2fdea
fd61fcf1fd79fd71
fec3fe5afdeafd8a
fd82fdbafeabfeeb
fdbafd69fd39fdc2
fe32fe32fe62feb3
ffd4ff2bfe83fdea
ff73ff3bff3bffcc
ffdcff23fda2fd39
ff43ff3bfff4ffe4
fd8afec3fedbfe4a
fe6afe4afe52fe83
fd61fd59fdbafe93
ff33fe93fdd2fdf2
fe4afdcafeabfebb
fdb2fd82fcf1fd8a
fdf2fe3afeabfe7a
fe7afe0afe52ff33
fcc9fd09fe32fdda
fdbafe12fd11fcd9
fd51fd51fd59fd49
fcf9fd09fd19fd39
fc78fc91fcb1fcd1
fc38fc40fc58fc70
fc10fc10fc18fc28
fcb1fc78fc28fc08
fcc9fce1fcd9fcd1
fc60fc81fc89fc99
fc78fcb1fcc9fc58
fc58fc68fce1fcd1
fcf1fd09fd01fc50
fda2fd71fd82fd19
fdd2fdfafddafdca
fd8afd19fd82fdb2
fea3fe32fda2fdaa
fd49fd21fedbff63
fd69fd69fd69fde2
fe32fe42fe83fe42
feb3fe93fe22fdf2
feb3fecbfe8bfe93
0014ff13fdf2fd9a
ff43ff5bff73ffc4
fd59fe6afed3fe7a
fe52fe7afe4afe83
fd31fdc2fdeafe32
fef3fe4afe12fde2
fdc2fdbafe7afe6a
fdb2fd21fce1fdaa
fdf2fe7afe8bfdf2
febbfe0afe42fefb
fcd9fd19fe52fe6a
fd79fdeafd11fce9
fd82fd71fd51fd49
fd01fd09fd21fd51
fc60fc89fca9fcc9
fc10fc20fc38fc50
fc68fc30fc10fc10
fcc1fca9fc58fc20
fcc1fcd9fcd1fcd9
fc70fca1fc89fc99
fc91fcf1fc91fc50
fc60fc70fcd1fcb9
fcd9fcf1fd39fc81
fd79fd9afd79fd01
fdbafd69fdb2fd71
fde2fd69fd82fdf2
fe8bfdcafdcafdf2
fd79fd39fed3ff9c
fd79fd8afdcafdc2
fe22fe6afeabfdfa
feb3fe83fe22fdea
feebfecbfe5afe83
ffccfe93fe6afe2a
fe8bff1bff7bff7b
fdbafe62fefbfe6a
fe12fe6afe3afed3
fd21fd79fe1afe32
fec3fe5afe9bfdfa
fdc2fdd2fe2afe83
fdcafd31fd49fdfa
fe22fe42fe1afdaa
fe6afdbafe52feb3
fd11fd92fe5afe6a
fd21fdaafd51fd01
fd59fd61fd59fd39
fce9fce9fd01fd39
fc60fc89fca9fcd1
fc10fc20fc28fc40
fc48fc28fc28fc18
fcf1fcd1fc91fc38
fcb1fcb1fcd1fce1
fc81fca1fca1fcb1
fcd9fce1fcb1fc70
fc81fca1fcc9fcc1
fd21fcc9fcf9fcd1
fd82fd8afd09fcd1
fd41fd49fd8afd61
fd9afd59fdbafd9a
fe83fe12fdc2fdea
fd49fdd2fe7aff03
fda2fdcafe12fd61
fe3afe8bfe83fdea
ffb4ff43fea3fe0a
ff8c0004ffacff23
ff0bfddafe2afdda
fe42ff8cffbcffac
fe32fe4afebbfe93
fe2afe62fe0afe6a
fd71fd59fe72fe83
fed3fe52fe4afe3a
fd59fe2afe2afeb3
fdb2fd51fda2fdf2
fe4afdfafde2fdc2
fe2afe12fe5afebb
fd79fdcafd79fdd2
fd19fd51fdeafd61
fd19fd39fd31fd19
fce9fcd1fce1fd01
fca1fcd1fcf9fcf9
fc30fc30fc40fc78
fc48fc50fc40fc18
fce9fcd9fcc1fc70
fc99fca1fcb9fcd1
fca1fca9fcb9fcb1
fd11fcb1fca1fc89
fca1fc99fcd1fcf9
fd39fcb1fcb1fce1
fdbafd31fd21fcb9
fd11fd11fda2fdc2
fd82fd79fd92fd59
fe93fe52fe02fe1a
fd51fe02fe9bfef3
fde2fdaafd9afd21
fe83feb3fe83fdfa
ff7bff43feabfe7a
008d00ddffd4ff1b
ff6bfe5afe52fe3a
fe42ffbcfffcffdc
fed3feabfedbff0b
fe4afe9bfe5afe8b
fd82fd01fe22fe8b
feabfe4afdf2fdea
fd9afe6afe52ff33
fd31fd71fdfafd61
fe32fdf2fe02fd61
fdeafe6afe5afe6a
fd51fd39fd39fd79
fd69fdc2fdbafdd2
fd39fd41fd41fd31
fd31fd01fd01fd19
fce1fd11fd31fd59
fc38fc48fc89fcb1
fc91fc50fc30fc28
fca9fcc9fcf1fcd9
fcb1fc99fca1fcb1
fcb1fcb9fcc9fcc1
fcf1fca1fc99fcb9
fc78fcc9fce1fd19
fd01fcd1fcc1fca9
fdaafce1fd01fcf9
fcf1fd49fd9afd71
fda2fd71fd61fd41
fec3fe83fe0afde2
fd71fde2fee3fed3
fdc2fd39fd31fd69
fea3fe9bfe72fe32
ffacff63fe72fe42
0054ff84ff0bffa4
ff1bfe8bfe72feb3
fe2aff63001c0004
fe3afe7afef3ff3b
fdf2feb3fe6afe52
fdcafd82fe1afe22
fe6afddafe1afdb2
fe12fe6afe93ff3b
fd49fdc2fdd2fd8a
fe52fe22fdfafd19
fdd2fe83fe5afe32
fe12fd9afd49fd51
fdaafdcafd41fdb2
fd9afd8afd59fd71
fd8afdb2fdaafd92
fce1fcf9fd31fd69
fc58fc78fcb1fcc9
fcf9fcb9fc78fc50
fc91fcb1fcd9fcf9
fcd9fcb1fcb1fc91
fcd1fce1fce9fce9
fcc1fcb9fcd9fcd9
fc68fcd9fcf9fd21
fd59fcf1fcb9fcd1
fd82fd09fca1fce1
fcf9fd92fd71fd11
fdb2fd79fd69fcd9
feb3fecbfe12fde2
fd82fda2fedbfe52
fd71fd29fd19fd9a
feb3fea3feabfe32
002cffa4fe42fea3
ff8cff4bff73003c
feebfd79fd41fda2
fe2affa40024002c
fddafe4afeebff1b
fddafe93fe5afe02
fe2afdeafdfafe1a
fe0afd51fd79fd79
fddafe4afec3fee3
fd79fd82fdaafd69
fe4afdeafdfafd49
fd92fe52fe62fe9b
fe9bfe8bfdc2fd71
fd82fd41fd39fdaa
fdb2fda2fd61fd92
fd61fdb2fdd2fdba
fcc9fcd1fd09fd39
fc99fc99fcb9fcd1
fd09fd09fcf1fca9
fc78fc81fcc1fd09
fd11fcf1fcc9fcb1
fce9fd09fd19fd11
fcb1fcc1fd01fcf9
fca9fcd9fd49fd19
fd82fd71fd09fcc9
fd31fd71fcf1fd51
fd09fd92fd82fcf1
fddafd82fd59fd01
fe42ff03fe5afdfa
fdb2fde2ff3bfe22
fcf1fd29fcd9fdea
feb3fec3fe4afe02
ff8cfecbfe83fedb
ff13ff1bff9cffbc
fd29fd21fd11fcf9
fd31fd49fd41fd31
fcd1fce9fd01fd29
fc99fca1fca9fcb1
fc81fc70fc70fc81
fcb1fca1fc89fc78
fd39fd01fce1fcd1
feabfe0afd82fd61
009d0044ffe4ff53
010d010500fd00e5
00d500f500fd010d
00bd00dd00c500d5
00fd010d00f500b5
00e500ed00ed00f5
00cd00cd00d500dd
00a500a500ad00bd
00a5009d009d009d
009d009d0095009d
0044007c009d00b5
011d00a5003c0014
01f601ce01ae018e
014d01a601f6020e
0034003c007400d5
ffe4000c0034003c
ff6bffa4ffdcffec
fecbff03ff2bff43
fe42fe5afe7afe93
fd69fda2fde2fe22
fc70fc89fcc1fd09
fc20fc30fc48fc68
fc28fc30fc38fc30
fc38fc38fc30fc38
fd29fd21fd19fcf9
fd59fd51fd49fd39
fce1fd01fd21fd39
fc91fca1fcb1fcc1
fc81fc70fc70fc81
fcc9fca1fc91fc81
fd31fd01fce9fcd9
fe9bfdeafd61fd59
00b50054ffe4ff43
0115011d010d00f5
004400d500ed00fd
0024fffcffc4ff84
00340014ffdcffdc
00c500c500c5008d
009d00ad00c500d5
009d009500a500a5
009d009d009d0095
009500950095009d
0024006c008d0095
012500ad003c0004
01de01b6019e017d
0115017501ce01ee
00140024005400a5
ff94ffc4fffc0014
ff0bff3bff73ff94
fe52fe8bfeb3fedb
fdbafde2fe0afe3a
fca1fcf1fd29fd69
fc48fc50fc58fc70
fc30fc28fc38fc50
fc20fc20fc30fc30
fc38fc40fc30fc30
fd31fd19fd09fcf9
fd69fd69fd59fd41
fcf9fd21fd39fd51
fc91fca1fcb9fcd9
fc78fc78fc70fc78
fcc9fca9fc99fc89
fd31fd01fce9fce1
fe8bfdd2fd59fd51
00d50064ffd4ff2b
005400a500fd011d
ff730014001c0044
0024003cffc4ff43
ff5bff94ff9cff94
0085005cffdcff63
00ad00bd00cd00a5
00a500a500a500ad
0095009d00a500a5
007c008500950095
fffc00340064007c
012500c500540004
01b6019e018e016d
00ad0115017501ae
ffc4ffd400140054
ff33ff6bff9cffb4
fe8bfec3feebff13
fdf2fe1afe4afe72
fcd9fd39fd79fdba
fc50fc58fc60fc89
fc48fc50fc40fc48
fc38fc38fc50fc50
fc20fc20fc28fc30
fc30fc38fc28fc28
fd31fd19fd01fd01
fd79fd79fd69fd51
fd09fd39fd51fd71
fc99fca9fcc1fcf1
fc81fc81fc70fc81
fcd1fcb1fca1fc91
fd29fd09fcf1fce9
fe8bfdc2fd49fd41
00d50074ffe4ff33
ff5b0014003c00a5
fee3ff7bff84ffe4
ff3b0014003cff13
ff33ffe4ffe4fffc
ff330034ffb4feeb
0044006c001cff6b
00c500ad009d0074
00a5009d009d00a5
0074007c008d00a5
001c00240044006c
014d010d00ad0044
0186018e017d016d
002c008500f50155
ff5bff84ffb4ffec
febbfef3ff23ff43
fe3afe52fe72fe9b
fd39fd9afde2fe22
fc58fc70fca9fce1
fc50fc38fc30fc48
fc50fc58fc48fc48
fc38fc48fc48fc50
fc28fc28fc28fc30
fc38fc30fc30fc28
fd49fd21fd09fd01
fd82fd82fd79fd61
fd11fd41fd61fd79
fc99fcb9fcc9fcf1
fc81fc78fc81fc89
fcd1fcb1fca9fc91
fd19fcf9fce9fce1
fecbfdcafd41fd39
fff4ffbcff7bff63
ffdc006c0064ff84
fe8bfe52ff43004c
fea3ff9400ddffac
ff33ff6bff73ffd4
fedbff8c0034ff63
fef3ff6bff3bff43
0024000cffd4ff33
00a500950064003c
008d007c00850095
0064003400340064
015d0145010500ad
012d015501650165
ffa4fff4006400dd
fee3ff23ff53ff7b
fe6afe7afe9bfec3
fdb2fdf2fe1afe4a
fc99fcc9fd29fd71
fc38fc40fc60fc89
fc50fc30fc20fc30
fc48fc58fc50fc48
fc38fc30fc38fc40
fc30fc28fc30fc30
fc30fc30fc30fc30
fd41fd29fd11fd01
fd8afd82fd71fd51
fd19fd41fd61fd82
fca9fcc1fcd9fcf1
fc89fc81fc89fc99
fcd1fcc1fca9fc99
fd19fcf9fce9fce1
ff7bfefbfde2fd51
ffc4ffb4febbff3b
ff43006c0085ff53
fedbfe72feb3fff4
fe7aff430095003c
ff33ff84ff1bff84
feebfe8bff6bff8c
ff84ff4bfedbff5b
fe62ff73ff03ffa4
0004ff4bfe72fe3a
006c007c00850074
009d0054003c004c
015d015d013d00f5
00ad0115014d015d
ff2bff5bffac0034
fe8bfeabfecbfefb
fe12fe32fe42fe62
fcc9fd19fd79fdd2
fc81fc78fc89fcb1
fc40fc40fc50fc81
fc38fc30fc28fc30
fc40fc50fc48fc40
fc38fc30fc30fc38
fc38fc38fc38fc38
fc40fc38fc38fc40
fd31fd19fd11fcf9
fd79fd79fd61fd49
fd19fd39fd59fd71
fcb1fcc9fce1fcf1
fc91fc91fc89fc99
fcd9fcb9fca9fc91
fdeafd39fcf9fce9
0014002c0014ff23
ff63ff6bff530004
ff23007c006cff4b
ff63fec3fed3ffdc
fe2afee3009d001c
ff53ff7bfea3fef3
ff1bfebbfe6afee3
004cfffcff23ff33
fd71ff53feb3ff0b
fe72fd92fd79fd9a
005c00740014ff33
00cd0074003c003c
0175017d01750135
001c00cd013d016d
feabfec3fef3ff6b
fe3afe6afe72fe83
fd49fd8afdbafdf2
fc81fc81fca1fcf9
fc68fc60fc60fc70
fc38fc40fc50fc60
fc38fc40fc28fc30
fc48fc50fc48fc40
fc40fc38fc30fc38
fc40fc48fc40fc38
fc48fc48fc40fc40
fd21fd09fd01fcf9
fd71fd69fd59fd39
fd21fd41fd51fd61
fcb9fcd1fce1fd01
fc91fc91fc91fc99
fd49fcc9fcb1fc99
ff9cfee3fe0afdba
ffb4ffccffbcffdc
fee3ff43fffcffcc
fed3ffd4000cff94
ff73ff43ff4bffb4
fe22fe8bfff4ffd4
ff03feb3fe3afeab
ff4bfecbfe7aff1b
ff4b0014ffb4fedb
fe5aff43ff13fe42
fe72fe72fe3afe7a
001cffccfef3fe5a
011500b5006c003c
01a601b601ae0175
ff9c009d013d0196
fe3afe5afe72fed3
fda2fde2fdfafe12
fc81fc99fce1fd39
fc70fc60fc38fc60
fc58fc58fc60fc60
fc40fc40fc50fc50
fc50fc50fc40fc40
fc50fc50fc50fc50
fc50fc50fc40fc40
fc48fc48fc40fc40
fc58fc58fc58fc50
fd11fd09fcf9fce9
fd59fd59fd49fd29
fd11fd31fd39fd49
fcb9fcc9fce1fcf9
fc99fca1fc99fca9
fe7afd21fcc9fca1
ffbcffd4ff94ff8c
ffccff1bffb4ff73
ff33ffdc009dff23
feabff33ff8cff03
ff33ff6bff8cffac
fe1afe6affa4ff0b
fe42fe72fddafea3
ff4bfe83fecbfebb
febbff53ffd4ff0b
fe12feb3ff63fec3
fe02fe62fe2afdfa
ff03febbfe12fe1a
016500fd008dffac
01f601f601de01be
ff5b007c014d01c6
fdbafdf2fe22fe8b
fcc1fcf9fd51fd82
fc50fc58fc70fc99
fc68fc50fc38fc48
fc58fc50fc58fc58
fc50fc58fc60fc60
fc60fc68fc60fc60
fc58fc50fc58fc60
fc50fc58fc48fc50
fc58fc48fc48fc48
fc58fc60fc68fc60
fd09fd01fcf1fcd9
fd41fd49fd39fd19
fd09fd21fd31fd39
fcb9fcc9fce1fcf9
fca1fca1fca1fca9
ffa4fe22fce1fcb1
ffd4000cff6bff84
ffdcff4bffccfee3
ff0b00c5007cff33
fee3fed3ff9cfe2a
ff84ff2bff33ffac
fdbafe02fe7afeab
fe3afe12fda2fdfa
ff0bfee3feabfdea
feabfebbfee3ffbc
fd82fd9afee3fefb
fd92fd51fd9afd8a
fd49fd09fd19fdb2
01ae00f5ff7bfdda
022e0246021601fe
ff2b0064014501d6
fcf1fd19fd8afe3a
fc78fc70fc99fcd1
fc40fc40fc48fc70
fc50fc48fc40fc40
fc68fc60fc58fc50
fc78fc70fc70fc78
fc89fc91fc81fc78
fc60fc68fc68fc70
fc48fc58fc50fc50
fc60fc50fc50fc48
fc50fc60fc60fc60
fcf1fce9fcd9fcc1
fd29fd29fd19fd01
fd01fd11fd19fd21
fcc1fcd1fcd9fcf1
fca9fca1fca9fcb9
ffecfeb3fd69fcd9
ffbc00e5009d000c
ffac0014ffbcfe52
ff730095ffacff0b
feabfe93fe9bfdc2
ff53fe83fed3ff4b
fdf2fe02fdfafeab
fe62fe02fdb2fdda
fefbff7bfe83fdd2
fe72fef3febbff7b
fda2fd82fedbfefb
fed3fe7afe3afe12
fe02fe32fe4afe5a
00f5ff63fe1afdda
0226023e01ee01b6
ff030024010d01b6
fc78fca1fd11fdfa
fc60fc58fc60fc60
fc48fc48fc50fc68
fc58fc48fc40fc48
fc81fc78fc78fc68
fc99fc78fc78fc81
fc99fca1fca1fca1
fc68fc78fc81fc81
fc48fc48fc50fc60
fc60fc58fc60fc58
fc58fc50fc50fc50
fce1fcd9fcc9fcb9
fd09fd09fcf9fcf1
fcf1fcf9fd09fd11
fcc9fcd9fcd9fce1
fd41fcc9fcb1fcb9
0004ff03feebfe62
ffe4002c002c00ed
ffbcffe4fed3fe22
ff43fff4ff9cff0b
fedbfe83fe3afe6a
ff23fe7afe52fedb
fe8bfe7afe6afe83
fe8bfe4afe52fe72
ff03ff7bff1bfe4a
feb3fef3ffecff94
fe5afda2fdeafeab
fe62febbfe8bfe7a
fe83fe8bfea3fe72
ff03fecbfeb3fea3
01b601b60115006c
fefbfff400c5015d
fc70fc89fd01fdea
fc60fc58fc58fc68
fc58fc50fc50fc60
fc70fc60fc50fc58
fc89fc81fc89fc78
fca1fc91fc81fc81
fca9fcb9fcb9fcb1
fc78fc89fc91fca1
fc48fc48fc48fc60
fc58fc58fc58fc58
fc60fc58fc58fc50
fcd9fcc9fcc9fcb9
fcf9fcf9fce9fcd9
fce9fcf1fd01fd01
fcd1fce1fce9fce9
fe6afdd2fcc1fcb9
00640014ff8cff13
0044ffc4002c00a5
ff3bfe5afdeafecb
fed3ffdcff33ff23
fe6afe22fe42fe93
fee3fe93fe3afe5a
fe42fe0afe02fe3a
fec3fea3fecbfe8b
ff33ff94ffd4ff4b
ffe4fe83ffacffdc
fe6afe62fe12fecb
fdfafe4afeb3feb3
fe7afe0afe42fe12
fe7afeabfe9bfe9b
00d5001cff33fecb
fecbffcc00a500fd
fc68fc60fc99fda2
fc58fc60fc68fc70
fc68fc58fc58fc50
fc81fc78fc81fc70
fc99fc91fc91fc91
fcb1fcb1fc99fc91
fcc1fcd1fcd1fcc1
fc70fc91fca1fcb1
fc48fc48fc48fc58
fc58fc50fc58fc50
fc58fc50fc50fc50
fcd1fcc1fcc1fcb9
fce1fce1fcd9fcd9
fce9fce1fce9fce9
fcd9fce9fce9fce9
ff6bfecbfd8afcc1
ffa4ffdc00950054
0024ffec003c0024
fe1afda2fe5aff73
fedbfefbff23fe83
fe62fe52feabfe52
fdd2fe2afe83fe62
fe8bfddafdbafdc2
ff1bfeebfedbfea3
ff63fff4005cffd4
ffccfed3ff53ff7b
fefbfe42fec3fefb
fdeafe42fe32ff0b
fdfafdfafe1afdc2
fdb2fddafdeafe02
ff53fe7afe22fd82
fe32ff43000cffbc
fc68fc58fc50fd09
fc58fc60fc68fc60
fc78fc68fc58fc50
fc99fc99fc99fc89
fcb1fcb1fca9fca9
fcd1fcc9fcb9fcb1
fcd1fce1fce1fcd1
fc70fc89fca9fcb9
fc48fc48fc40fc58
fc50fc50fc50fc48
fc50fc50fc50fc50
fcc9fcc9fcd1fcc9
fcd1fcd1fcd1fcd1
fce1fce1fcd9fce1
fcd9fce9fcf1fce9
0034ff6bfe7afd11
fe42fef3ffac007c
003cff84ff2bfec3
fe52feabff13ff1b
fe7afe7afea3fe1a
feebfea3fe72feab
fddafd92fdfafe72
fe72fe42fe4afdf2
fea3fe3afe42fe6a
ff840034004cff63
ff5bffa4ff03fef3
ff43fec3febbff13
fdc2fde2fe12feab
fde2fde2fdfafe12
fd09fd59fda2fdc2
fd49fd31fd11fcf1
fd61fe52ff33fe4a
fc60fc60fc60fcc9
fc60fc58fc58fc58
fc91fc89fc78fc60
fcb9fcb1fca9fc99
fcd1fcd1fcc9fcc1
fcd9fcd9fcd1fcd1
fcc9fcd9fce1fcd9
fc70fc89fca9fcc1
fc48fc48fc48fc60
fc48fc48fc50fc50
fc48fc50fc50fc48
fcd9fcd9fcd1fcc9
fcc1fcb9fcd1fcd1
fce9fcd9fcd1fcc9
fcf1fce9fcf1fcf1
ffecffbcff0bfe0a
fdbafe32ff03ffb4
ff84fe6afe5afe2a
fe93fe52fe93ff7b
fe8bfe9bfeabfe4a
fe83febbfedbfee3
fe8bfe42fe0afe32
fe0afdfafdf2fe0a
feebfe83fe52fe3a
ffbc00040014ff94
ff3bffc4ff13ff2b
fedbff33ff43fefb
fdc2fdaafd82fe2a
fddafe0afe1afe02
fda2fd9afdc2fde2
fd29fd51fdfafdda
fcf1fe0afdfafd29
fc60fc60fc68fc91
fc68fc68fc58fc50
fcb1fca1fc89fc70
fcc9fcc1fcb9fcb1
fcd9fce1fcd9fcc9
fcd9fcd9fcd9fcd9
fcd1fcd9fcd9fcd9
fc81fc99fcb1fcc1
fc48fc48fc58fc70
fc48fc48fc50fc48
fc48fc48fc48fc40
fcc1fcc1fcc1fcc1
fcc9fcb1fcb9fcb9
fce9fcd1fcc1fcc1
fd8afd39fd01fd01
ffbcff94ff4bfea3
fe32fe9bfef3ff7b
fe3afe02fe6afe8b
fe42fe9bfecbfef3
ff13fee3febbfe9b
fe7afe93ff1bff63
fe2afe12fe5afeab
fdeafdeafdf2fe1a
ff23fe83fe62fe02
006c006c003cffb4
ff73000cffdcfff4
fe9bff43ffecff53
fe02fe02fde2fdc2
fdf2fd9afda2fde2
fdcafdfafe62ff0b
feabfe72fe5afe02
fe0afe52fdc2fdf2
fc60fc60fc60fd49
fc68fc60fc58fc48
fcb9fca1fc89fc78
fce1fcd9fcd1fcd1
fcd9fce1fce1fce1
fcd9fcd1fce1fce1
fcd9fce1fce1fce1
fc91fca1fcc1fcc9
fc48fc50fc60fc81
fc48fc48fc48fc48
fc40fc48fc50fc48
fcc1fcc1fcb9fcb9
fcd1fcc9fcc1fcc1
fcf1fcd1fcc9fcd1
feabfda2fd21fd09
ffd4ffdcfffcffa4
ff3bff33ff4bff84
fdc2fdeafe9bff7b
fe3afe83feb3fe1a
ff7bff84fecbfe72
fe2afe9bfecbff53
fdcafdaafdeafe22
fe12fdf2fdfafdea
ff5bfecbfecbfe52
016d00f500a5001c
000c007400dd013d
ff03ffd4fffcfff4
fdcafe62fecbfeb3
fde2fdb2fdaafdb2
fe02fe02fe12fe5a
fe6afe0afe83fe9b
fe6afe6afed3fe72
fc58fc58fca1fdf2
fc68fc58fc50fc48
fcc9fcb1fc99fc78
fce9fce9fce1fce1
fcd1fcd9fcd9fce1
fcd1fcd1fcd9fcd1
fcd1fce1fce1fce1
fc91fca1fcc1fcc9
fc48fc50fc60fc70
fc48fc48fc50fc48
fc40fc40fc40fc48
fcc9fcd1fcb9fcb9
fcf1fcd1fcc9fcc9
fce9fcd9fce1fd21
ff43fe6afe1afd19
00140024ffd4ffe4
ff6bffacffd4ffe4
fd79fd82fe2aff33
fea3feebfebbfdc2
ff94ffacff84fefb
fea3fec3fedbff33
fdc2fe12fe5afe9b
fe1afdcafdaafd8a
fff4ff33fec3fe6a
01ee019e014500bd
00ed016501c601de
ff2b002400cd00cd
fe32fe83feb3fecb
fd92fd92fdbafdf2
fddafdb2fd59fda2
fe62fd71fd69fdba
fd71fce9fd49fe2a
fc60fc99fd8afe2a
fc60fc48fc50fc50
fcd1fcb9fca1fc81
fcd9fce1fce1fce1
fcc9fcc9fcd9fce1
fcc9fcd9fcd9fcc9
fcd1fcd1fce1fcd9
fc89fca1fca9fcc1
fc40fc48fc58fc70
fc40fc48fc50fc48
fc38fc38fc40fc48
fcd1fcd9fcd1fcc1
fd01fcd9fcd9fcd1
fd09fd11fd11fd51
ff63ff8cfeb3fd8a
ffec0004ffd4ffec
fe8bfef3ff33ffcc
fdfafd82fdaafe5a
ff13fedbfea3fe1a
ff73ffcc0034fff4
ff33ff63ff5bff4b
fe7afe4afe2afe93
fe6afe22fe2afe62
007cffd4ff13fea3
020e0186010d00ad
018e025e026e024e
003400cd017d0186
ff73ff8cffccffcc
fdcafe2afe9bff33
fd31fd61fd59fd49
fd29fd21fd49fd41
fdbafcf9fcc9fd01
fc70fd82fe5afe02
fc68fc50fc50fc48
fcc9fcb9fc91fc78
fcd9fce1fcd9fcd9
fcd1fcd9fcd9fcd9
fcd1fcc9fcc9fcc9
fcd1fcd1fcd9fcd1
fc89fca9fca9fcb9
fc40fc48fc50fc68
fc48fc48fc48fc38
fc48fc50fc50fc50
fcd9fcc9fcd1fcc9
fcf1fce1fce1fcd9
fda2fd19fd92fd39
fffcff8cff73fed3
ff84ffec001cfffc
fdcafe5afe7aff1b
fe5afe8bfe2afdb2
ffccff43ff2bfe6a
ff84ff94000c006c
fe52fe62fed3ff4b
fe02fdcafdeafe1a
ff03fecbfe93fe52
00d5003cff6bff1b
01fe019600fd00c5
02160266026e0256
012d016501be01fe
00b50085006c0074
fe2afef3fff40095
fcc1fce9fd31fd92
fd21fcc9fc91fc99
fe3afe72fd79fd92
fd21fe2afd49fd39
fc58fc50fc48fc58
fcb9fca1fc89fc68
fcd9fcd1fcd9fcd1
fcd1fcd9fcd1fcd9
fcc9fcc9fcc9fcc9
fcd1fcd9fcd1fcd1
fc81fc91fca1fcb9
fc30fc48fc58fc70
fc91fc58fc38fc28
fce9fcf9fd01fcd9
fcc9fcc9fcc9fcc9
fce1fce9fcd9fcd1
fe32fd92fd92fd41
0034ffbcff43feb3
ff53ffd4001c001c
fd8afe0afe93fecb
fef3ff03ff03fdea
004cfff4ff8cff0b
fee3ff94fff40024
fda2fdb2fde2fe4a
fe22fdeafde2fdc2
ff43feebfecbfe62
010d00ad003cffd4
01be018e0145011d
01fe01de01f601ee
01a601c601de0226
01a601ae019e016d
ff03007401b6020e
fce9fd11fd59fe0a
fd09fcf1fcc1fcc9
fdcafd82fd49fd49
fddafcf9fd49fd71
fc48fc50fc78fd49
fcb9fca1fc78fc58
fcd1fcd1fcd1fcd1
fcc9fcd1fcd1fcd9
fcd1fcc9fcb1fcb9
fcc9fcd1fcd1fcc9
fc78fc89fca9fcc9
fc40fc50fc60fc68
fdfafd39fc81fc48
fdeafe2afe62fe52
fcc9fcc1fcc1fcc1
fd01fd01fcd9fcc9
feb3fec3fdf2fd31
000c004cffd4ff8c
ff1bffacffec001c
fddafe2afee3fefb
ff1bff33ff2bfee3
00440024ff5bff2b
fe5afe7aff94003c
fe0afe42fe83fe32
fecbfe7afe52fe1a
002cffbcff7bff2b
0115010d00f5009d
01ce017d016d013d
01ee01c601e601ee
01de01ce01f6024e
02460256025e0236
00bd01de02a7029f
fd71fdb2fe3aff43
fd11fd49fd31fd29
fd59fd39fcc9fca9
fd79fcf1fcf1fcc9
fc48fc78fdcafeab
fcb9fca1fc78fc58
fcd9fcc9fcd1fcc9
fcc1fcc9fcd1fcd9
fcc9fcc1fcb9fcb9
fcc1fcc9fcd1fcd1
fc78fc91fca9fcb9
fc60fc58fc60fc70
ff7bfef3fdf2fcf1
feb3ff23ff7bff9c
fcc9fcc9fcc1fcb9
fd09fd49fd31fce1
ff5bfe4afdc2fd31
003c003c0014ff6b
fe8bff8cffc4000c
fdeafe5aff2bff3b
febbff4bff4bff2b
000cffecff53fed3
fe83fe8bfe42ff3b
fe0afdd2fdf2fe3a
ffbcff53fef3fe72
00ed00a50074002c
015d014d0145011d
020e01ee01ce019e
01f602060236023e
023602460246024e
02af028702970276
021e022e023e028f
fdfafe93ffcc0115
fdaafd79fdaafdda
fd21fd41fd59fda2
fe42fda2fd01fcf1
fc50fcd9fea3fe62
fcc1fca1fc70fc58
fce1fcd9fcd9fcc9
fcb9fcc1fcd9fce1
fcc1fcc1fcb9fcb9
fcc1fcc9fcc9fcc9
fc81fc99fca9fcb9
fd19fc68fc60fc68
00a50044ff8cfe5a
ff53ffdc005400ad
fcd9fcd1fcd1fcd1
fcf9fce9fd01fd01
ffdcfea3fdd2fd51
005c003c002cffdc
fe93ff630004ffb4
fe8bfe3aff73ffcc
fe9bfe8bff2bff7b
ff53ffe4ffacff23
fdeafe83ff33feab
fee3fe4afdcafdb2
00a5004cffdcff63
016d0125011d0105
01c601be01c6019e
021e026e0266020e
021e021e025e022e
0236022e023e028f
02560276027e0236
01f601250135022e
feabff9c018e027e
fd71fdeafe72fea3
fd41fda2fd82fd49
fdbafe32fddafd21
fc99fe2aff13fe2a
fcc1fc99fc70fc58
fce9fce1fcd9fcc9
fcc1fcb9fcd1fce1
fcc1fcb9fcb9fcc1
fcc1fcc9fcc9fcc1
fc81fca9fcc1fcc9
fe93fd29fc70fc58
0165013500c5ffdc
ffbc004c00d50145
fd01fcd1fcd9fce1
fcf9fcd1fcd1fcf1
001cff63fde2fd69
00140074003c005c
ff33ff2b006cffcc
fe12fd79ff84002c
fef3fe22fe32fefb
ff0bff8cffccffa4
fd92fdbafe42fed3
ff84ff23fe7afde2
0165011500a5fff4
01ee01b6019e018e
02460246023e020e
025e02d702e7027e
0216024e02cf026e
01de01f602060246
0236026e020e01de
01f601ce01ce01ee
ff7b00d5025e024e
fe52ff0bff63ff84
fd39fcf9fcf9fd71
fe5afdb2fdbafd51
fda2fecbfe0afdf2
fcb1fc89fc70fcd1
fce1fce1fcd9fcc1
fcc1fcc1fcc9fcd9
fcb9fcb1fcb9fcb1
fcc1fcd1fcc9fcb9
fcf1fce1fcd1fcc9
000cfee3fdaafd19
01c6019e016500ed
ffdc009d014501ae
fd11fce9fce1fce9
fd41fcd9fcd1fcd9
0014ffe4fe93fde2
ff6b006c00340054
ffacff23007cffa4
fde2fd51ff0b0034
ff5bfe72fde2fe32
fecbfee3ff84ffdc
fdeafdc2fe02fe4a
0014ffb4ff33fe83
01de01be018600d5
0236021e020e01ee
02c702c70297024e
02c70327031f02e7
01fe023e02f702cf
01be01ce01e601f6
0236025601de01c6
0216021e022e0216
007c01de021601f6
ff53000c0004000c
fcb1fcc9fdaafe52
fdeafe1afddafce1
fe4afecbfd41fd19
fc99fc78fc91fcf9
fce1fce1fcd1fcb9
fcb1fcc1fcc9fcd9
fcb1fca1fcb1fcb1
fce9fcd9fcd1fcc1
fdeafd9afd59fd11
00fd001cff13fe42
01e601ce01ae0175
ff73007c017501e6
fcf1fce9fce1fce9
fdbafd41fcd1fcd1
0024000cff4bfe6a
fef30014005c006c
ffa4ff3b006cffcc
fde2fd39fea30024
ffe4fefbfe42fdf2
fe6aff23fefbffdc
fe8bfe0afdfafe2a
00e5002cffbcff03
0216020e01e6018e
024e024e024e022e
0347034702ef0276
0327036f0367033f
0216022e02b702bf
017d01a601be01e6
025e024601de01a6
01ce02060246023e
0186022601fe01fe
002c0054006400ad
fd21fdbafe62ff5b
fdb2fe32fde2fd59
fe9bfe4afd01fd31
fc99fc89fcd9fd09
fce9fce1fcc9fcb1
fca9fcb1fcc9fcd9
fcb1fca1fca9fcb1
fd31fd01fce1fcc1
fe42fdf2fdb2fd69
012d0085ffa4fecb
01de01de01d601a6
fee3ffcc00e501a6
fcd9fce1fce1fce9
fd82fde2fd11fcc1
0044004cffa4fe22
ff0bff94004c0085
ff84ffa4005c000c
fdeafd51fe8bffc4
ffecff8cfe9bfe32
fe83fed3ff4bfeeb
ff0bfe5afe1afe1a
016d009d0014ffa4
023e0216020601de
0236021e025e025e
0390037f030f029f
031f037703880388
024e024e02bf02c7
015d01ae01a601f6
022e022601be0145
015d01ae01e601ce
01fe01f601ce0186
0085009500bd0135
fd79fe4aff430004
fdc2fd69fdd2fdaa
fe8bfd69fce1fd92
fc99fc91fcd9fd41
fce9fcd9fcc9fcb1
fca9fcb1fcc1fcd9
fcb1fca1fca9fca9
fd49fd19fce1fcc1
fe52fe02fdc2fd8a
00f50074ffbcfefb
017501c601b60165
fe62ff03ffdc00bd
fcb9fcc9fcd1fcd9
fcf9fd59fd49fcb9
0034006cfff4fe22
ff1bff430034000c
ff3bffc4005c004c
fd82fd21fe42ff53
fee3ffa4ff13fe3a
fe4afe3afefbfefb
ff6bfe83fe02fdf2
016500f5008dfffc
0266022e01f6017d
023e022602660276
0388036f031702a7
03070367036f035f
025e0216029702a7
01d601ee01b60216
01ce01f601b60175
012d015501550155
01f601a601450155
00a500dd013d01c6
fd8aff1300040064
fde2fd92fdbafd39
fe72fcf9fce9fd71
fc91fc89fd29fdca
fce1fcd1fcc1fca1
fcb1fcb1fcc9fcd9
fcb9fca9fca9fca9
fd39fd11fcf1fcc9
fe3afdeafdaafd79
00a5002cff94fee3
008d0135014500fd
fe3afe7afef3ffa4
fcc1fcb9fcc1fcc1
fd92fce1fd61fcc1
ffa400440044feb3
ff2bff43001cffcc
fefbff94ffdc006c
fd49fd01fe1afedb
fe6afecbff63fe52
fdeafe0afe3aff6b
ffd4ff1bfe52fde2
0145014d00e50074
026e022e01fe013d
022e023e0266026e
037f035f032f02b7
02ef033f033f034f
024e021e0266028f
01fe021e01fe023e
01de01d601be015d
00d5008d007c010d
01c601ce0145010d
009d011d01b601d6
fe6affcc00540085
fe32fdcafddafd59
fdfafcf1fcc1fdaa
fc81fc81fd21fdd2
fcd9fcd1fcb9fca1
fcb1fcc1fcc9fcd1
fca9fca1fca1fca9
fd19fcf9fce9fcc1
fdfafdb2fd92fd59
0014ffccff43fe8b
ff3bffe40044003c
fe6afe62fe72feb3
fce1fcb1fca1fca9
fdcafca9fce9fcb9
ff5bff8c003cff53
ffbcff94ffd4ffac
ff13ff7bff9c004c
fd39fcf1fe02fe9b
feabfde2febbfe9b
fdf2fdf2fe12fef3
009dffccff0bfe52
01be021601d6013d
0266022e01fe01ae
0216023602460256
0367032f02ef0297
02cf0327034f0347
01ee021e0226026e
01e6023602360246
021601f601c60145
005c002c00540125
019e01a6014500c5
00e5018601b60196
ff130034007c00bd
fe1afdc2fdb2fd82
fd92fce1fcb1fdea
fc78fc81fcd9fdd2
fcc9fcc1fca9fc99
fca9fca9fcb9fcc9
fca1fc99fc99fc99
fcf1fcd1fcd9fcb9
fd82fd69fd59fd29
fefbfed3fe72fdda
fe2afe7afeebff13
fe83fe62fe42fe22
fca9fca9fca1fc89
fdc2fca9fcb9fce1
ff53ff9cffe4ff94
ffccff53ffc4ffac
fefbff73ff94ffdc
fde2fcd9fdcafe5a
fe32fde2fdcafe93
fe22fe32fe02fe8b
016d00adffd4fee3
027602af026601de
0236023e02460216
01d601de01ee020e
032f02af028f023e
026602d70327032f
019e01e601fe01fe
0226024e024e022e
0216022601a60155
013d01750145017d
017501a6018e016d
016d01ce01a601ae
ffac008d009500ed
fe42fdb2fdaafe42
fd09fcb1fcc9fe12
fc68fc81fd11fdba
fcb1fcb1fc99fc81
fca1fca1fca9fcb9
fc99fc91fc89fc91
fcc1fcb9fcc9fcb1
fcb1fca1fcc9fcc9
fe02fdc2fd51fcf9
fdcafdcafdfafe22
fe9bfe8bfe52fe0a
fc91fca1fca1fc81
fe93fd09fce1fcf1
fed3ff4bff94ff5b
ffe4ff33ff7bffd4
ff2bff9cff5bff5b
fe3afd51fdcafe3a
fe22fd8afdbafde2
fea3fe72fe4afe32
01be01650095ff84
027602a70276022e
0206022602460216
01de01ce01be01ee
02b7024e025601ee
0206029f02e702ef
01ce01ee020e01c6
0297028f025e01fe
025e025e01ae01a6
0216023e01be01fe
01a6016d018e01d6
0206022e024e023e
005400bd00640125
fe32fe0afe02fef3
fcb9fcb9fd31fde2
fc68fca9fd71fd59
fc99fc91fc91fc78
fc91fc99fc99fca1
fc91fc89fc81fc89
fca9fca9fcb1fc99
fc89fc70fc91fc99
fd79fd31fcf1fcc9
fde2fdb2fdaafdaa
fee3fec3fe83fe2a
fcb9fca1fca1fc91
fec3fd82fcb9fcd9
ff9cff33ff33ff23
ffd4ff6bff33ffd4
ff3bffccff73ff4b
fe12fda2fdaafe42
fe5afdc2fda2fde2
ff63febbfea3fe93
020e01b601150024
026e02970287026e
01fe020e0226021e
01e601e601e601f6
02660216021601ce
02160226029f02b7
01de01de020601e6
02b7029f0256022e
027e026601b60206
0266026601de0256
0155014d019e0226
0297029f02970266
008500bd00c501b6
fe0afe3afe22ff7b
fc99fc91fd92fd8a
fc68fcb1fd79fd39
fc89fc91fc81fc70
fc81fc89fc81fc89
fc89fc81fc81fc81
fc99fca1fc99fc91
fc99fc89fca1fc99
fda2fd59fd11fcd1
fe2afe0afdf2fdd2
ff2bfee3fe93fe5a
fce1fca1fca1fca1
ff0bfdfafcb9fcb1
ffe4ff4bff5bff63
ffc4ffe4ff6b000c
ff0bffacff6bff13
fddafdbafd69fe32
fea3fe5afd82fdda
ffd4ff2bfebbfef3
024601de01550064
02870297028f0287
01ee01fe0226022e
01e601e601fe01ee
01f601d601e601d6
020e01ee0266026e
01fe01b601b60216
02bf02a7028f0276
0287025e01ce0266
02af026601f6025e
00fd014d02160297
02df02bf02a70226
005400b50135023e
fdaafe5afe52ffc4
fc78fcd1fdb2fd61
fc89fcd9fd71fd49
fc89fc89fc70fc68
fc78fc78fc70fc78
fc78fc81fc78fc78
fc99fc91fc81fc89
fcb1fc99fc99fc99
fde2fda2fd49fce9
fe4afe2afe1afe0a
ff43fef3fe9bfe72
fcd9fca9fcb1fcb1
ff33feabfd41fca9
ffc4ff5bff9cfee3
ffcc001cff2bffa4
fee3ff5bff7bff63
fdcafdf2fd41fe5a
fed3ff03fe8bfdc2
ffe4ffa4fef3feb3
025601e60165007c
02660276027e026e
01de01f6021e020e
01be01ce01ee01d6
019601ae01be01b6
01de01ee025e0236
023e01be019601ee
02e702c702df028f
027e025e01fe028f
029f01de016d0206
00dd017d024e0297
02bf02df02d701ee
0064011501860276
fd11fe2afee3001c
fc81fd49fd92fd21
fcd1fd19fd79fd41
fc78fc78fc68fc68
fc70fc70fc68fc68
fc70fc68fc70fc70
fc89fc81fc78fc78
fcb9fc99fca1fc99
fe1afdd2fd69fcf1
fe7afe42fe3afe3a
ff33ff03fed3feb3
fcd1fca9fcb9fcc1
fec3fee3fe22fcc1
ffe4ff8cff9cff03
ff94ffccfeebff33
fed3ff3bff43ff8c
fdb2fdf2fd41fe32
fe83fef3ff8cfe5a
ffe4ffacff13fedb
026601fe0175009d
02560256025e0266
01ce020601ee01de
018601ae01ee01be
017501750186017d
01ee020e023e01f6
028f025e021601fe
02d70307030f02c7
0236023e024e029f
024600cd00ad0196
014501f6027e02af
02d702f702af019e
009d019601fe029f
fcf1fe4affa4003c
fcb9fd82fd29fcf9
fc89fd31fdbafd41
fc70fc68fc68fc78
fc60fc60fc58fc60
fc70fc70fc68fc60
fc89fc89fc78fc70
fcc1fca9fca1fc91
fe72fe22fdaafd21
fee3feb3fe93fe83
ff33ff2bff23ff0b
fcc9fcb1fcb9fcd1
ff13fe83fe0afce9
fff4ffccffbcff53
ff84ff7bff03ff2b
ff13ff4bff3bff84
fe52fd9afd41fdd2
fe72fe2afef3ff6b
0014ff8cfeebff03
0256020e019600ed
02560236024e025e
01be01fe01ee01fe
014d019601ee01be
017d015d01860145
01f601fe021601f6
02df02a702460226
02c7032f031f0307
02460256026e0287
01ce00bd00f501d6
022e029702a70287
02df02df021e01ae
00fd01e6024602cf
fcf1fe1a0004004c
fd21fd21fce1fcb1
fca9fd61fd49fcf1
fc68fc70fc68fc68
fc60fc60fc58fc60
fc70fc70fc68fc70
fc89fc81fc78fc68
fcd1fca1fc91fc91
fe93fe52fe02fd79
ff1bff0bfef3fec3
ff3bff43ff3bff2b
fcb1fcb1fcc1fcd9
feebfebbfe0afd39
fffcffdcffbcff3b
ffccff53feebff1b
fed3ff1bff4bff6b
ff0bfe3afd29fd69
fe6afe52fe1afe42
0054ff73febbfebb
0246020601b6013d
024e0226023e024e
01ce01c6019e0236
016d018e01c601c6
017d016501860165
01be01be01ee01e6
02df02bf027e020e
02f7034f03270307
02a702b702cf02c7
01de015501d6026e
02c702df02bf028f
02c702a70236026e
013d01f6025e02b7
fd09fe32fff40064
fd11fcb1fc89fc91
fd09fddafd41fcd9
fc78fca1fc81fc60
fc68fc60fc60fc68
fc68fc68fc68fc70
fc89fc81fc78fc70
fcf1fc99fc91fc91
fe93fe4afe12fdba
ff3bff3bff33fefb
ff2bff33ff3bff3b
fcb9fcc1fcd1fcc9
ff2bff63fe22fd71
ffdcffccff9cff9c
ff9cff43fedbff5b
fe83ff0bfefbff63
fdb2fe93fd82fd51
fe62fe93fe32fd92
004cff73feb3fea3
01f601d601a60145
0256021e02260216
01e6019601b60266
019601b601a601c6
0186018e01be01a6
01a6018601ae01be
02f702e702c70246
0347034f032f0307
02e702ff03170327
01fe01f6025e02bf
028f02a7028f0276
02b7026e025e029f
01860206025602a7
fd29fe93002400bd
fcd9fc60fc60fcb9
fd8afe0afd59fd19
fc60fcb9fcd1fca9
fc68fc68fc70fc70
fc68fc68fc70fc70
fc89fc81fc89fc70
fd09fc99fc91fc81
fe9bfe3afdfafdb2
ff33ff33ff3bff03
ff1bff23ff2bff3b
fcd1fce1fd21fce1
fefbff6bfe8bfd92
ffdcff94ff63ffe4
ff73ff3bfed3ff9c
fe0aff13fe9bff3b
fd29fd49fdbafd8a
fe5afdf2fe42fdc2
0064ff73fecbfebb
01ce01a6019e0145
023e01ee01f6020e
01be019602260276
01ee020601ce01ae
01a6019601ae01c6
01a6017501a601ae
02ff030702ef025e
035703570347030f
03170347032f0327
01fe023e029702d7
0297027e024e022e
0256024e027e02af
01de021e0256027e
fd51ff0300cd0145
fc99fc50fc78fce1
fe0afde2fd51fd29
fc68fc58fca9fd29
fc60fc68fc68fc68
fc68fc60fc70fc68
fc81fc78fc81fc70
fcf1fc91fc89fc81
fea3fe3afde2fd92
ff3bff33ff3bff0b
ff0bff23ff43ff4b
fcf9fd21fdb2fd71
feebff33ff1bfe02
ffccffb4ff73ffac
ffacff33febbff63
fdcafecbfed3fee3
fdfafcf9fd09fd92
fe62fdfafdc2fe62
006cff7bfed3fe9b
01ae018e018e0135
024e01ce01c601e6
01c601a6025e027e
0206021e01fe0206
01a601a6019e01c6
019e0165015d0186
029702c702ef0276
03370347030f02af
0307033f0357033f
0226025e02a702b7
02b70276024e0246
02360256027e02bf
0216025e028f0276
fd79ff5b014501be
fc81fc68fca9fce1
fe0afddafd39fce9
fc81fc91fcf1fd9a
fc60fc60fc58fc58
fc68fc68fc70fc68
fc78fc70fc78fc70
fcd1fc91fc89fc81
fe93fe0afdbafd59
ff3bff1bff2bff03
fec3fef3ff2bff43
fd69fcd9fcd9fd01
fed3fedbff23fe93
ffb4ff73ff4bff3b
ff8cff7bfe9bfef3
fdcafea3fefbfef3
fe32fdaafd11fd49
fdcafdb2fddafde2
0074ff7bfed3fe52
019601860186012d
029f021e01de01c6
01d601f60246028f
01ee01fe01ee01ee
017501ae01be01be
01a6014d0125013d
0236026602b7027e
035702f7027e0246
02cf030f035f0357
0246022e024e0287
025e023e023e0256
022e0246024e0276
026602460226021e
fdbaffa40186024e
fc78fc81fca1fcc9
fe62fe12fd09fcb1
fca9fcc9fd31fde2
fc58fc58fc50fc68
fc60fc68fc70fc68
fc78fc70fc78fc68
fca9fc91fc91fc89
fe32fdc2fd69fd11
ff33ff03fecbfe8b
fea3fecbff03ff3b
fdd2fd49fce9fce1
ff33ff03fefbfe62
ffa4ff94ff7bff0b
ff13ff84fecbfedb
fdc2fe32fe9bfecb
fdaafdeafdb2fdb2
fddafd69fd59fd61
0095ff94ff03fe72
0186019e0186012d
02af0287021e01b6
021e0246026e0276
01e601de01e601f6
014d019601c601d6
01b6014501050125
01be01e6023e026e
02f702c7023e01ce
028f02d7030f02f7
01b6019e01de0226
02060206020601f6
0216022e02260226
02870186014d01be
fdca003c020602d7
fc81fc78fc68fcd9
fecbfe02fcd9fcc1
fcb1fd31fdcafe93
fc58fc48fc68fc99
fc60fc60fc68fc68
fc78fc70fc70fc68
fca1fc99fc99fc91
fdf2fd8afd29fcd9
ff43ff0bfeabfe42
fea3febbfef3ff33
fdbafd51fd61fd01
ff3bfed3fef3fe3a
ff9cffb4ffa4ff6b
ff0bff4bff03feeb
fd82fdc2fdfafe42
fd69fd69fd21fd82
fdeafd92fd71fd41
00a5ffc4ff0bfe9b
01a601a6017d011d
02b702bf026601d6
021e0266027e027e
01e601fe021e0216
01350165018e01b6
0186011d00e500f5
01450165018601e6
022e02af022e015d
021e024e022601ee
011d0155019e01ce
01de01ce01c6017d
01fe020e021e020e
01d60125013501be
fdca00a5026e02af
fc91fc81fc89fcf1
fec3fda2fcc9fce1
fcf9fdc2fe42fedb
fc50fc58fc89fc91
fc60fc58fc68fc68
fc78fc78fc70fc70
fca1fc99fc99fc91
fdcafd49fcf1fcb1
ff3bff0bfea3fe2a
fea3fec3fee3ff2b
fdb2fd41fd51fd59
ff84ff23fecbfde2
ff4bff7bff13ff63
fef3ff43ff2bfec3
fda2fdc2fdf2fdaa
fce9fd41fca9fd9a
fdfafd41fd01fce9
007cffccff0bfe6a
01e601c6017500f5
029f02af029f023e
0216022602460276
01f6023e02560236
01050135017d01be
00dd0095008d00d5
00f5010500d500ed
01d6022601be0115
01ce01a601650155
0135015d018601b6
016d01ae019e015d
017d016d01750155
0175014d0175019e
fde200f502c70297
fcc1fc78fc91fd09
fe83fd41fcc1fcd9
fdc2fdeafe62fedb
fc58fc68fc70fcd9
fc60fc58fc68fc68
fc81fc70fc70fc68
fca9fc99fc89fc89
fd92fd09fcc1fcb1
ff43fefbfe8bfe12
fe83fec3feebff2b
fe12fd69fd59fd71
ffacff7bfe83fe5a
ff13ff84ff1bffcc
fe83ff23ff7bfed3
fdeafd8afdf2fd59
fd01fd31fcb1fdb2
fdeafd61fd11fcf9
0054ffa4ff1bfe6a
024601d6017d00ed
0287028f02a7029f
02360226022e0266
022e027e026e0246
00e5010d016d01d6
000c0004005c00c5
010d00fd0095003c
019e018e0145010d
01a6014d011d012d
016d0175017501a6
00ad010d0125012d
00e500ad007c0085
019601960175011d
fe1a0196030f02bf
fcb1fc60fc81fd09
fe5afd09fce9fcd9
fe32fdcafe3afe93
fc60fc60fc81fd69
fc68fc60fc68fc68
fc78fc70fc70fc68
fca9fc99fc91fc89
fd71fce1fca1fcb1
fefbfecbfe62fdea
fe42fe93fed3fefb
fe22fd69fd92fd41
ffacff9cfe72fdaa
ff6bff94ff3bffb4
fe12fefbffb4ff1b
fde2fd61fdaafd11
fd11fcc9fcc1fda2
fdd2fd49fd31fd41
0054ff84fefbfe83
02bf02060186011d
0256027e028f02bf
0206020e022e0256
01ee022e02360226
00a500c50115016d
ffdcfffc006400a5
00ed00ed0095003c
010500cd00a500ad
01750145010500ed
013d0175017d0186
ffec0004005c00c5
00540024fff4fff4
010500f500c5005c
fee3023e029701ae
fcd1fc68fc99fd41
fe93fcd9fcb9fce1
fdb2fdaafe32febb
fc68fc70fcf9fe1a
fc68fc60fc60fc70
fc89fc81fc70fc68
fca1fc99fc99fc91
fd61fcb9fc99fcb1
fe93fe62fe22fdca
fde2fe42fe93feb3
fe4afda2fd19fd59
ff73ffacfed3fe0a
ff73ff84ff7bff4b
fdc2feb3ffb4ff94
fdbafd82fd69fcd9
fd19fc81fcc1fd59
fddafd59fd09fcf9
006cff7bfedbfe8b
02b7024601a6012d
024e02560276029f
0145018601fe023e
00ed0125011d0135
00140024003c0085
0004ffd4ffe4000c
0074007400440034
00b5005c002c0054
014d0135011500e5
00c5014d017d016d
ff9cffa4ffd4001c
ff2bff3bff33ff73
000c0014ffbcff3b
ffd4019e00c50034
fca1fc68fcb1fd21
fe9bfd09fc99fcc1
fd71fdcafe22feab
fc60fcb9fe0afdd2
fc68fc60fc60fc58
fc89fc78fc78fc70
fca1fc91fc99fc99
fd11fca1fca9fcb1
fe32fe1afde2fd92
fd92fde2fe2afe4a
fe83fdd2fd09fd39
ff1bff63feebfe52
ff94ff84ff73feb3
fd69fe6affa4ffe4
fdcafda2fd49fcb9
fcb9fc99fd21fd41
fdd2fd8afd11fcf1
00c5ffccfee3fe6a
029f029702060155
0256023e025e028f
ffb40044011501f6
ff6bffa4ffb4ff9c
febbfee3ff1bff7b
ff8cfefbfec3fec3
fff4ffccffb4ffb4
00fd006c0034002c
012501250155014d
002400f5016d015d
fed3fef3ff2bff7b
fdaafdd2fdfafe72
ffa4ff13fe32fdaa
ff9c001cffecff94
fc89fc78fca1fd71
fe4afd01fcb1fcd1
fdaafdaafe4afe4a
fca1fdeafe32fd51
fc68fc68fc68fc68
fc81fc70fc70fc70
fca1fc89fc91fc91
fcd1fca1fcb1fca9
fddafdc2fd82fd39
fd39fd71fdb2fde2
fe22fe42fdb2fd61
feabff6bfedbfe22
ffb4ffb4ff94fedb
fd51fe3affbc002c
fde2fd92fd69fcc9
fcb1fd19fce9fd29
fdcafda2fd19fcd9
0145006cff43fe7a
029702b7026e01a6
01f6021e0256028f
ff7bff7bffc400fd
fe72fedbff33ff2b
fdf2fe2afe5afe72
fe1afde2fdf2fdb2
ff23fea3fe7afe52
013d0095fff4ff94
00dd00bd01550186
ff9400b501650155
fdc2fe0afe72fef3
fcf9fd11fd29fd82
fdd2fd61fd29fcf1
fefbfe9bfe5afe22
fc81fc68fcb9fe42
fe0afcc9fcd1fce1
fd92fda2fe22fe0a
fdc2fe8bfd61fd31
fc78fc70fc81fca9
fc81fc78fc78fc78
fca1fc91fc91fc89
fca9fca9fcb1fcb1
fd69fd49fd19fce1
fd01fd09fd31fd59
fde2fdc2fdaafd69
fee3ff6bff2bfe7a
ffbc0014ffccff4b
fd61fe5affcc0034
fdb2fd19fd51fcf1
fcb9fcf9fc78fd29
fdcafd92fd31fcf1
019e011dffecfeeb
02870297029f01fe
00c50196022e0287
fedbfee3feb3ff9c
fdf2fe32fe5afe6a
fd8afd92fdaafdca
fd9afd51fd39fd51
fe5afdeafdf2fdd2
01250074ff7bfedb
011d00c5014d018e
ff0b006401860196
fd51fd82fdeafe72
fd01fcd9fcd9fd09
fdc2fd69fd41fd41
fea3febbfe62fe12
fc89fc78fd71feab
fdfafcc1fce9fcd9
fda2fd8afdf2fdea
fe93fd8afd31fd79
fc99fcb1fc99fd71
fc89fc89fc89fc89
fca9fc99fc91fc99
fca1fcb1fcb9fcb9
fcd1fcd1fcc9fca9
fce1fcc9fcc1fcc9
fd59fd29fd09fd39
ff03ff33ff7bfe9b
ffcc004cffccff63
fda2fea3ffd4004c
fdaafd29fd49fd39
fce9fc89fc68fd49
fe1afdbafd41fd29
01be017500bdff94
027e028f0276020e
ff5b000401450246
ffacffdcff73ff0b
febbfef3ff5bff8c
fdfafe2afe32fe62
fd92fd79fd82fdaa
fe22fdd2fdc2fdb2
01150044ff3bfe9b
015d010d0155016d
fe83ffcc014d01a6
fd29fd69fda2fdf2
fdb2fd71fd29fcf9
fe2afddafdbafdc2
ff6bff43fec3fe62
fcb1fca1fde2fefb
fdb2fcb9fcc9fce9
fd71fd19fdc2fdc2
fde2fd61fd8afdd2
fca9fc78fcf9fe9b
fc89fc89fca1fca9
fc99fc89fc91fc91
fc99fcb9fcc1fcb1
fc68fc78fc91fc91
fce1fcb1fc89fc70
fe62fdf2fcf1fd71
ff23ff2bff63ff43
004c0054ffbcffc4
fdb2ff03ffdc007c
fdb2fd61fd51fd82
fd09fc91fc70fd49
fee3fdcafd31fd21
01c6017d010d0054
0246028f026e020e
ffa4ff73fff40145
0064009d008d0004
fecbff2bff9c0014
fe22fe3afe4afe7a
fddafdfafdfafe02
fe22fe02fde2fdca
010d0034ff1bfe62
017501450155014d
fe22ff3300e50175
fd79fda2fdaafdba
fd9afd92fd79fd59
fe22fdf2fdcafdb2
ff94ff2bfea3fe4a
fcc9fc89fdbaff3b
fd8afcb1fcb9fcd1
fd29fcf1fd79fd92
fd51fd69fd79fdd2
fc68fca1fe1afdea
fc81fc81fc99fc81
fc91fc81fc89fc89
fc99fca9fcb1fca1
fc60fc78fc89fc91
fcd1fca1fc60fc48
fecbfe22fd39fd59
ffacff84ff7bff7b
00a5003cff43ffbc
fdcaff13ffac0085
fdcafd69fd21fd82
fd01fcd1fc70fd29
000cfed3fdbafd09
01ee01ae014500cd
014d023e024e0216
00a5002c001c0064
0064009d00c500bd
fe93fef3ff63ffdc
fdeafdfafe02fe32
fe0afdfafdeafdda
fe3afe52fe4afe2a
00f5fffcfeebfe52
0145015d017d0165
fdfafecb0064010d
fd82fda2fd9afd9a
fd51fd31fd31fd49
fdb2fdbafdbafd92
ff5bfeabfe12fdba
fcd1fc99fd92ffa4
fd59fcb1fcb1fca9
fd19fce1fd92fd79
fd82fd39fd69fd92
fc99fdd2fe12fd21
fc78fc78fc70fc68
fc89fc78fc89fc81
fc99fc99fc99fc91
fc70fc89fc91fc99
fcb9fc70fc50fc60
fecbfdaafd69fd69
ffdcfff40004ffac
00ad003cff23ff2b
fde2fef3ffac007c
fd9afd69fd61fd8a
fcf1fcf1fc91fce9
007cffdcfedbfd71
022601fe018600fd
00c5015d01ce01fe
00bd008d00640064
ff84000c009500bd
fe62feabfee3ff13
fd79fd9afdc2fe02
fdf2fddafdaafd71
fe62fe62fe42fe1a
012dffdcfef3fe93
01a601d601b601a6
fde2fe7affbc0115
fd29fd69fd79fd92
fe42fdd2fd51fcf9
ff0bff13ff03febb
ff63fe12fdbafe93
fc99fcd9fd49ffb4
fd61fcb9fca9fcb1
fcc1fcc1fd82fd41
fd41fd39fd39fd79
fd92fe3afd39fd61
fc68fc70fc70fc91
fc81fc81fc81fc70
fc89fc89fc89fc81
fc58fc68fc81fc91
fc89fc50fc50fc58
fe32fda2fd51fd31
ff84ffbc0024ff53
00cd0085ff6bff23
fe0aff0bffbc008d
fd79fd79fdb2fdaa
fd19fce9fcb9fcf1
00950034ffa4fe3a
022e021e01a6010d
00dd013d017501d6
004c004c00540074
ff94ff13ff530004
ffac001c00540024
fe12fe5afeabff23
fdbafd71fd59fdb2
fe93fe4afe1afdea
01750014ff3bfee3
021e02560236020e
fdf2fe83ff6b0105
fce9fd11fd59fd82
fdfafe0afdfafd82
fe93fe2afe0afe02
ff73fe32febbff03
fc68fcc9fd39ffc4
fd51fcb1fca9fc99
fcc1fcd1fd9afd29
fd49fd21fd49fd61
fde2fd51fce1fd19
fc78fc70fc99fd61
fc78fc81fc81fc81
fc81fc70fc78fc78
fc50fc50fc68fc78
fc58fc48fc60fc58
fe2afdf2fdb2fd39
ffa4ffa40004ff73
00b50064ffdcff5b
fe32ff73ffe4009d
fd61fd79fe0afdda
fd69fcd9fca1fd41
00a50044ffd4fecb
022e021601be0125
00dd015d01de01fe
ff13ffa40014006c
00bd005cffa4ff0b
fe7afefbff940054
fe4afe22fe02fe1a
fd61fd51fddafe3a
fe8bfe2afdf2fdc2
018e005cff8cff0b
026e029f0287024e
fde2fe93ff8c0115
fd51fd01fd29fd79
fd79fd8afd71fd69
fd8afdd2fd69fd01
ff2bfe62fe22fd79
fc60fca1fd79fffc
fd21fc78fc91fca1
fcb1fcc1fda2fd69
fd59fd01fd61fd49
fd21fd01fd09fd19
fc78fc91fd49fd82
fc68fc70fc70fc70
fc60fc60fc68fc68
fc58fc58fc58fc60
fc48fc58fc68fc60
feb3fe3afe12fdaa
ff94ffa4001cffc4
00b5002cffdcff63
fe52ff94ffec0095
fd39fdc2fe62fde2
fdf2fce9fce9fd71
00a5004cfff4ff1b
020e020601ce014d
006400e5019601ee
fea3feb3ff730004
fef3ffb4003cffec
fd49fdaafe02fe32
fdaafdb2fcf9fce9
fd71fdbafdbafd9a
fea3fe2afdcafd82
01a6008dffdcff4b
028f02b702bf028f
fddafebbffe4014d
fce9fd51fd29fd79
fd61fd92fd9afcc9
fef3ff5bfdd2fcf9
fe83fd82fd39fdca
fc70fc81fe220024
fcf9fc70fc99fc81
fc99fca9fd49fd59
fd39fcf1fd71fd31
fcf9fd11fd49fd39
fc78fd21fd41fcb1
fc50fc58fc58fc60
fc50fc48fc50fc50
fc58fc50fc50fc50
fc58fc50fc60fc60
fefbfeb3fe0afd69
ff73ff2b002c0014
00a5fff4ffe4ff6b
fedbff94ffd40074
fd59fe02fe1afdf2
fe4afd21fd51fd59
00d5009d0034ff5b
01fe01ee01d6017d
001400c5014501c6
ff5bfebbfec3ff6b
fe12fe42fe9bff23
fd09fd41fe2afd8a
fef3feb3fd29fd09
fdbafd71fd69fe1a
ff03fe3afdaafda2
01de0105006cffd4
027602af02cf028f
fe0aff23008d019e
fd11fd59fd92fdaa
fd19fcb9fce9fca9
ffa4ffe4fe52fd41
fe62fd49fd29fe52
fc89fc99fed30034
fcf9fc89fc81fc70
fcb1fcb1fd39fd79
fd39fd31fd82fd41
fd01fd39fd49fcf1
fd29fd51fc70fcd1
fc50fc50fc50fc70
fc40fc38fc40fc48
fc48fc48fc40fc40
fcb9fc58fc50fc58
fefbfeabfe2afd8a
ff63ff0bfffc0024
006cffacff9cff33
fed3ff84ff84004c
fdb2fddafdf2fe7a
fe72fd71fd61fd59
013500e5004cff73
0216021e01f601a6
000400dd017501e6
fe4afee3ff2bff5b
ff2bfee3fdf2fdfa
fd09fd19fd51fd8a
001cff8cfdbafd41
fd71fd59fe32ff4b
ff73feb3fdfafdda
0216017500fd005c
01d6025602cf02a7
fe5affdc015501ce
fe02fdaafd8afe02
fd21fce9fcd1fcf1
ff8c0004fed3fd29
fe8bfe32fdf2fe83
fc78fcf1ff7bffdc
fcd9fc99fc58fc70
fcb9fca9fd31fda2
fd51fd8afdb2fd29
fd51fd49fd39fd39
fd51fc89fc60fce9
fc48fc40fc58fd09
fc38fc30fc30fc40
fc40fc38fc40fc40
fd21fcb1fc48fc48
ff4bfe83fe7afdaa
ff3bff33ffbc002c
0004ff7bffc4ff63
fe9bff33ff530014
fddafddafe8bfe8b
fe62fd92fd69fd69
016500fd0064ff63
023e024e021601be
ff8c006c014501f6
ff5bff1bfef3ff13
ffdcff5bff3bff9c
fd39fd51fd61fe8b
000cffe4fe4afd49
fda2fdb2fe22ff33
fff4ffa4fecbfdda
024601d6017500b5
0145020e02b702bf
feeb007401d601ae
fe42fdcafdb2fe32
fd92fdb2fdb2fde2
fef3ff6bff3bfdfa
ff4bfed3fe4afe42
fc68fd790034005c
fca1fca9fc50fc60
fcd9fcc1fd31fd8a
fd92fd9afd71fd51
fd71fd61fd9afdd2
fc81fc48fcb1fd51
fc30fc38fcc1fd29
fc38fc30fc28fc30
fc40fc40fc40fc40
fd59fd29fc91fc40
ff94fefbfe72fdda
fef3ff03ff94fffc
ff84ff7bff63ff63
fe72feebff84ffb4
fddafe2afecbfe42
fe5afda2fd51fd92
018e01050064ff4b
0256027e023601e6
001c00ad015d01ee
00f500dd00740014
ff9cffd4004c00cd
fde2fe02fe83ff63
fef3ff4bff0bfe2a
fe52fe4afe2afe83
00540004ff13fe62
0266021601be00f5
010d020e02a702bf
ffa400fd01fe0175
fe72fe52fe42fea3
fe52feabfea3fe83
fe0afe2afe4afe42
ff94ff23fe72fe02
fc78fdfa0085007c
fc91fc70fc58fc70
fcc9fce9fd49fd41
fd9afd41fd51fd51
fd82fdcafdbafe0a
fc38fc60fd49fd8a
fc20fc70fcd9fc60
fc38fc30fc28fc28
fc40fc40fc48fc40
fd8afd71fd01fc60
ff94ff5bfe12fe62
ff53ff33ff7bffd4
ff63ff7bff43ff43
fe62fed3ff73ff4b
fdb2fe22fe93fe2a
fe62fd8afd71fdaa
01b60115006cff73
027e0297023e01f6
015d017d01d6023e
017d01e601de0196
ff73ffdc003400d5
fec3fee3fefbff1b
fe5afe5afe9bfebb
fea3fea3fe7afe5a
00950054ff94febb
02b7027601d6012d
010d0226028f02af
003c01860206012d
fe22fe32fe62ff2b
fddafe02fe1afe2a
fe22fe02fddafdca
ff4bff13fe93fe3a
fc99fe930085fffc
fc91fc91fc91fc91
fcc1fd01fd19fce1
fd61fd19fd82fce9
fdfafe1afe4afdda
fc40fd21fdf2fe02
fc30fcb1fc60fc28
fc28fc30fc48fc30
fc48fc38fc40fc38
fdb2fda2fd51fca9
ffd4ff13fe8bfe62
ff4bff53ff73fffc
ff2bff6bff53ff43
fe6afec3ff6bff2b
fd92fddafdfafe3a
fe42fdaafdaafd8a
01fe014d0085ff73
02bf02c702870226
018601d6023e028f
01be01ce019e017d
ff4bffec00ad0155
fe52fe5afe8bfedb
fe5afe42fe3afe42
fe9bfe7afe8bfe72
00d500950044ff43
02bf02af022e018e
00f5021e027e0297
00fd01d601d600bd
fe3afe9bff33fff4
fdeafdfafe0afe12
fe32fdfafde2fdea
ff3bfeb3fe83fe62
fd31ffb4007cffdc
fca1fc70fc78fcb9
fce9fd11fcf1fcb9
fd11fd61fd79fcd9
fe4afe7afe1afd79
fcc1fddafddafdf2
fc48fc60fc30fc30
fc38fc40fc38fc28
fc58fc40fc40fc40
fddafdc2fd82fce9
0044ff33fedbfdba
ff3bff63ff73ffbc
fefbff5bff3bff03
fe83fed3ff3bfefb
fd8afd82fda2fe42
fe1afdf2fd92fd51
0216017d0085ff33
02d702bf02a7023e
016d01e6025e02b7
01ae018e0145012d
002c008500ed014d
fedbfef3ff53ffc4
fe83fe9bfe93feb3
ff43fe9bfe62fe6a
015500fd00dd003c
029f02d702a70206
01150236027e027e
019601c601750074
fec3ff5bfffc00fd
fd9afda2fdcafe32
fddafdc2fdbafd9a
002cff4bfe62fe0a
fe1a00bd00a50054
fc78fc78fc91fce9
fd29fd41fcf1fc99
fd51fd82fd01fcd9
fe93fe1afd79fd41
fe02fe12fddafe62
fc60fc30fc30fca1
fc30fc38fc30fc38
fc70fc50fc40fc38
fe1afdf2fd92fd11
0064ff43ff43fdaa
fee3ff1bff63ffc4
ff03ff53ff0bfe8b
feabfef3ff13feeb
fd59fd49fdbafe3a
fe02fdbafd59fd29
01d60175006cff03
02d702af029f0226
01ee022e028702bf
022e023e021601ee
ff4bff9c004c015d
feabfedbff0bff2b
fe42fe4afe5afe83
005cff7bfeb3fe42
01e60175013d00fd
027e02cf02ef028f
017d02560287026e
016d0165010d006c
ff84ffd4005c01c6
fdc2fe0afe7afefb
fe1afdd2fdbafd9a
01a600b5ffa4febb
ff33016d0175017d
fc91fcd1fc99fcf9
fd19fd61fd21fca9
fd11fd11fcc1fce1
fdbafd21fd41fd79
fe5afe3afecbfe9b
fc68fc30fc70fe02
fc30fc28fc28fc60
fc78fc58fc50fc40
fe52fe1afda2fd11
fffcff0bfedbfe2a
fe9bff2bfeebffac
fee3ff2bff2bfe72
febbff43ff33feeb
fd49fd41fdfafe5a
fdd2fd92fd51fd59
01a601450044fec3
02cf02970276021e
026e029f02c702cf
029f029f02870276
ff5b00040115021e
fe4afe6afea3fef3
febbfe8bfe62fe5a
013500c50014ff33
026601ce016d0165
026e02a702f702df
01d60266028f0276
011d011500d50085
fffc0014009d01c6
ff23ff53ffa4ffdc
ffa4ff33fefbfef3
0266017d00bd0034
0034017501d60256
fcb1fcc9fca9fd79
fd21fd61fd61fcc1
fcd1fd09fcc9fcd9
fcb1fcf9fd79fd31
fe8bfe93fe4afd69
fc89fc70fd92fe72
fc30fc20fc58fcc1
fc81fc58fc48fc38
fe8bfe4afdbafd11
fff4ff73fe9bfe32
feabff43fedbff43
ff0bff23fefbfea3
fecbff9cff94fee3
fd82fd79fe0afeab
fddafd69fd39fd69
019e0115fff4fe7a
02c70287025e0246
029f02af02e702e7
02af029f02970297
0105016d022602b7
ffbcffdc0034009d
0044fff4ffc4ffbc
01860165012d00c5
02b7023601a60186
027e028702b702e7
01ee02660297028f
0115010d00bd0095
0054006c01050165
006c0064005c0064
00d500a500850064
02c7020e01650115
00cd016501de02cf
fcc1fcb1fd09fe12
fd31fd92fd8afce9
fcb1fd11fd01fce9
fc99fd19fd59fcf1
fe52fdbafd8afcb1
fc99fd71fe52fe8b
fc30fc30fcc9fd31
fc70fc50fc40fc30
feb3fe7afddafd01
ffacff33fe6afe62
fe6aff2bfe8bfefb
fef3ff0bfe83fe83
feebff7bffdcfee3
fd8afde2fe0afedb
fdeafd59fd69fd61
01c600e5ffa4fe6a
02d7028f0266027e
026e027602bf02ef
02a70297029f027e
0246026602a702c7
00e5012d019e0206
012d00f500d500cd
01650175016d0155
02c7027e01e6017d
02a7026e025e029f
0206027602a702bf
012d010d009d0095
008500ad015d014d
00f500c5009d00ad
013501650155011d
03270287019e012d
00c50175021602f7
fce9fcb9fd21fe5a
fd61fdaafda2fcd9
fcb9fd01fd29fcc1
fcf9fd09fd51fd49
fd92fd79fd21fcb9
fd82fe72fe72fdfa
fc28fc58fd79fd21
fc68fc48fc38fc20
feebfeabfe02fcf1
ffbcff2bfe72fdb2
fdeafecbfe93ff13
feb3fefbfebbfe62
feebff5b0014ff1b
fd92fde2fe6aff0b
fdaafd39fd69fd71
01e600c5ff43fe52
02e70287022e024e
024e0236027602c7
02cf027e027e0266
02df02ef02f702f7
01f60236027e02b7
0145013d015d0196
015501450155014d
028f028701fe0196
02d7026e0236024e
022e02a702cf02ff
015500f5008500b5
007c0095016501ae
011d00dd00a500a5
001c011d01650145
02ef0236008dffb4
00dd0186024602cf
fce1fcc9fd29febb
fd71fdb2fd9afcb9
fcb9fd59fd41fcc1
fd21fd39fd82fce1
fd39fd69fcf1fd11
fe7afe83fdcafdd2
fc20fca9fda2fdaa
fc58fc48fc40fc28
fefbfecbfe32fce9
0004fedbfe0afdba
fe0afea3fe83ff53
fe93febbfebbfe8b
ff03ff33ffe4ff43
fdc2fdf2fe7aff13
fd79fd19fd71fd92
01c60074fefbfe0a
028f0287024e0216
023e020601f60226
036f033702e7027e
03370347034f0367
026e02c702ff031f
010d015d01e6021e
014d011501150115
01d601be01ae0186
0307026e020e01e6
023e02c703070347
016500d500850105
0014006c019e0226
010500b5005c001c
feab001c011d0135
02af0165fefbfe3a
00e5012d0226028f
fd29fcd1fd41ff0b
fd79fda2fd69fd09
fcc9fd8afd31fcd1
fd69fd61fd19fcd9
fd61fd82fcd9fd49
fea3fe12fd69fd71
fc48fcf9fe0afe42
fc48fc48fc40fc30
ff03fee3fe6afcf1
ff1bfed3fe1afda2
fe9bfeb3ff03ffa4
feabfecbfe62fea3
ff23ff0bffbcff5b
fdd2fe2afe5afefb
fd92fd21fd69fdba
019e0014ff23fe2a
01d60236023e020e
024e01ce017d0196
0367039003a00337
0347034f0357035f
02ef031f033f033f
00ed018e020e028f
011500ed00b500b5
0155013d013d012d
034f028f01de018e
025e02e7032f0377
014500c500b5016d
ff7b008d021e0276
00850044ffe4ff73
fe52fee3005c00bd
026e00cdfecbfe5a
013d019602660287
fd11fd01fd01ff53
fd8afd9afd61fd39
fd01fd39fd41fd09
fd9afd11fcc9fd69
fdb2fd61fd09fd82
fe42fd9afd51fd11
fc78fd01fe1afeab
fc48fc40fc40fc40
fefbfedbfe72fcf1
fec3ff0bfe4afd59
febbff13ff2bfeeb
fe2afeb3fdd2fdea
ff43ff33ff8cffa4
fdcafe32fe62fec3
fdaafd29fd69fdca
017dffacff0bfe0a
01ce020e0236022e
029701c601ae019e
03470367035f034f
032f033f03470337
0307031f031f031f
008d016501a602a7
005c006c0024ffec
011d00ed008d0044
037702af01ce015d
027e02f70347036f
012500cd00f501ce
ff3b012502a70287
ffdcffb4ff43fed3
fe83fe9bffe4002c
01fe0064ff33fec3
019e01fe0266026e
fce9fd19fce9ff73
fd79fd82fd39fcd9
fd31fd39fd11fd09
fdcafce1fcd1fdc2
fda2fd11fd69fd9a
fdf2fd69fd69fd82
fc91fd9afe52fe6a
fc58fc50fc50fc58
fefbfec3fe6afd11
fecbfefbfe32fd69
fe7aff3bff43fe8b
fe52fe62fe2afe02
ff13ff2bff53ffb4
fddafe2afeabfebb
fdaafd21fd59fdaa
013dff9cfeebfdfa
019601be01c601c6
026e01ae01a601c6
036703880390032f
0337035f03670357
02c702ff02ff030f
ff63006c00c5020e
ff63ff7bff63fee3
015d01150074ffa4
038802ef021601a6
027602df03370357
012500dd013501f6
ffb401ce02d7024e
ff53ff23febbfe8b
febbfeb3ff94ffac
011dffecff5bfefb
01a6021e022e020e
fd19fd09fcf1ff53
fd71fd71fd21fcc1
fd92fd71fce9fcf9
fd59fcb1fd09fd92
fd79fd29fd79fd71
fdb2fd49fe3afe02
fc81fde2fe5afe0a
fc68fc70fc68fc81
ff03fed3fe6afd29
ff2bff03fe42fe5a
fe1aff8cff1bfe5a
fefbfe4afe22fe0a
feebff03ff33ff94
fddafe12fea3fee3
fdd2fd39fd59fdb2
011dff73fecbfe0a
0145019601be019e
01550165015d019e
03570367030f0216
0317033f034f033f
022602a702bf02f7
fe02feabff3b00d5
fee3fea3feb3fe22
01f6018e00cdffac
037f0327027e0236
025602af02f70327
012500ed015501f6
008501f602bf01ee
fef3febbfe72fecb
fe52fe22ff03ff33
ffd4ff4bff0bfecb
005c0115015500fd
fd29fd11fd09fecb
fd59fd41fd19fd09
fd39fd79fd19fd11
fd29fcb9fcd9fd69
fd59fd51fd92fd41
fd9afdbafde2fdba
fc91fdbafe22fdca
fc81fc91fc89fcc9
ff2bfeebfe83fd51
ff5bfed3fe0afe22
fe22ff53ff5bfecb
ff13fe4afe22fe02
fef3fee3ff23ff4b
fdd2fde2fe62fef3
fd92fd41fd61fdea
0115ff7bfec3fde2
01ee01de01de018e
00ad01ae01fe01f6
027e029701ce00e5
029702af02bf028f
00d501ae0226026e
fd59fd21fddaff53
fefbfe4afe42fe0a
025601de011d0014
0347032f02cf029f
02260266029f02e7
010d00fd015501d6
00bd01ae027e019e
fe8bfe52fe2aff43
fd79fde2febbfebb
feebfeabfe8bfe1a
fe9bfef3ff84ff6b
fd39fd31fce1fe2a
fd61fd11fd31fd41
fd31fd21fcf1fd09
fce1fcf1fcd1fd92
fd69fd82fd61fcb1
fd71fd82fd49fd82
fcb9fd9afe22fdba
fca1fcb1fca9fcb1
ff6bff0bfeabfd8a
ff3bfe9bfde2fdd2
fe22ff43ff6bff0b
ff23fe42fe62fe12
fefbfec3ff03ff3b
fddafdc2fe2afecb
fd31fd51fd59fdfa
009dff43febbfda2
027e023601d60196
00ad022e02df028f
00240085005c002c
0155010d0054ffe4
fed3ff94006c0115
fd8afcf1fd11fdea
fef3fe2afde2fdea
026601d60125002c
02df02d702cf02c7
01e6020e02460297
00ed00ed0125017d
004401150226016d
fe2afdfafe2aff94
fd79fe62febbfe72
fe22fdfafdd2fd69
fd9afda2fe02fe32
fd31fd51fcf1fdf2
fd51fcf9fd59fd51
fd61fd29fcf1fd49
fd01fcc1fce9fd59
fd79fd19fd11fc91
fd71fd49fd59fdaa
fd01fd82fdd2fd69
fcb9fcc9fce1fce9
ffbcff43fecbfdba
ff33fe62fdd2fdda
fddaff4bff33ff73
ff13fe7afe52fe1a
feebfe93febbfefb
fdfafdd2fdeafe72
fd31fd31fd59fe02
00d5ff63fe62fd8a
027e026601d601ae
018e026e02cf0297
feabff1bffb4006c
fefbfeb3fe42fe32
fd71fd79fe0afea3
fdd2fd92fd21fd31
fea3fe5afde2fdba
01ee014500a5ffac
02360226023e024e
016d019e01d60216
00ad008d00a50105
ff7b005c01ae014d
fdfafdfafe5aff5b
fe3afeabfe83fe22
fd29fd19fd21fd92
fdd2fcd1fcf1fd49
fd01fd61fd41febb
fd39fce1fd39fd39
fdc2fd51fd41fd69
fd29fce9fd29fdaa
fda2fcb1fd01fcf1
fdaafd69fdbafdea
fcf1fdaafdd2fd59
fce9fd19fd01fcc9
000cff94ff1bfdda
ff73fe3afd92fe42
fdaafedbff0bffac
fefbfe42fe42fe32
fedbfe8bfe72fed3
fdf2fdbafddafe4a
fd01fd41fd71fdca
00bdff0bfe0afd31
0236024e01f601ce
023e0256027e0287
fe7a0004017501fe
fdbafdc2fda2fda2
fd31fd09fd59fd8a
fdfafdf2fdd2fd82
fed3feabfe3afe1a
00cd0014ffa4fee3
00cd00bd00ed012d
00bd00f500e500cd
003cffe4fff4005c
fe9bff43006c00cd
fdfafe3afe93feeb
fe93fe62fe1afdf2
fc89fcc9fd61fe32
ff13fd19fc91fca1
fd09fd51fd39fef3
fd29fcf9fcf1fd11
fd92fd41fd59fd59
fd51fd09fd82fdc2
fd29fd09fd11fd49
fd82fdb2fdd2fdba
fd41fe02fde2fd31
fd21fd09fce1fce9
0064ffe4ff5bfdfa
ffacfec3fd71fe3a
fdc2feb3ff84ff33
fec3fe3afe6afe8b
fe52fe52fe52fe72
fdeafd92fdd2fe32
fce1fd41fdaafdb2
00b5febbfdf2fd01
01ee01d601ee01ae
027e0246021e024e
0074019602360256
fddafdf2fe52ff2b
fdeafda2fd82fdaa
fe5afdeafe02fe2a
ffd4ff8cff1bfed3
ff6bfedbfeabff2b
ff1bff2bff63ffac
ffecffd4ff84ff4b
ff94ff43ff5bffa4
fe83fe7aff0bffa4
fe12fe5afeabfed3
fe52fdf2fdd2fde2
fd11fda2fe42fe83
fff4fe83fd79fcf1
fd61fd49fd19fe93
fcd1fcb1fcc9fcf9
fdaafd8afd59fd39
fd61fd8afdc2fdda
fd29fd31fcf9fd82
fd69fdbafdf2fd61
fdcafd9afdf2fd39
fcf9fcf1fce9fd51
0085fffcff6bfdfa
ffbcff2bfe2afdea
fdeaff230064fef3
feabfe52fe5afe42
fdfafe0afe22fe02
fda2fdb2fe0afe0a
fcd9fce9fde2fdf2
004cfe62fdd2fcf9
01ce018e01d6016d
0276024601e60206
01ce0216022e024e
ff4bff94001c0125
fe5afe6afea3ff13
feabfe12fde2fe22
00a5004cffbcff3b
fe52febbff9c007c
fdb2fdaafdb2fde2
ff4bff33fe83fdfa
fe93fea3fe93feeb
ff0bfe6afdf2fe42
fe4afe8bfee3ff23
fdeafdaafdbafe02
fecbfe83fe52fe32
ffecffe4ff6bff1b
fd59fd21fcf9fe12
fcb9fcf1fce1fce9
fd8afdeafd71fd01
fdbafdb2fd71fd9a
fd92fd71fd92fd92
fd69fddafd8afd59
fddafd79fdeafd92
fcf9fcf1fd21fda2
0074ffecff53fdea
ff2bff13fe3afd8a
fdaaff73002cff33
fe83fe12fdf2fe5a
fdd2fdf2fdf2fdda
fd71fdcafe12fdd2
fcb9fcc9fde2fe1a
fffcfe72fdd2fce1
01c6017501b60155
0256020e01e601de
01fe0216021e024e
005400dd00fd015d
fe02fe72feebffa4
ff13fe7afe02fdc2
00e500a50024ffa4
ff63001400a500ed
fdcafe02fe3afe7a
fef3fe62fda2fd9a
fdfafe12fe1afe7a
ff33feb3fdf2fdb2
fe7afec3ff0bff43
fd82fd79fdc2fe22
ff13fe83fe1afdda
ff8c0044ffd4ff73
fd29fce9fcc9fd79
fcf9fd19fcf1fd31
fe32fdbafd19fcd9
fda2fd79fd8afde2
fd9afd11fd82fdba
fd39fd9afd49fd82
fdd2fdb2fd92fdc2
fcf9fcf9fd39fdca
0044ffacff0bfde2
ff0bff6bfe22fdda
fd92ff5bffbcff73
fe52fdfafe02fe83
fdaafdb2fdc2fda2
fe1afdbafdd2fdd2
fcc9fcf1fe2afe2a
ffacfe7afdb2fce1
01e6019601b6011d
0266016d019e01ce
01ae0246025e0266
001400d50125011d
fdcafe1afe9bff3b
ff9cfef3fe52fde2
011500ed00950024
002c00b500fd011d
fe5afedbff4bff9c
fdfafd9afdb2fdf2
fd9afd8afd92fdda
ff5bff03fe8bfdf2
fe8bfef3ff4bff6b
fd41fd71fdbafe2a
fef3fe6afdfafd8a
fefb002cffd4ff4b
fd09fcb9fca9fd11
fd21fd21fd29fd59
fdfafd29fcc9fca9
fd51fd71fdeafe7a
fdcafd19fd71fd79
fd79fd8afd41fdba
fdfafdeafd31fdba
fcd9fd01fcf1fd92
fffcff7bfeabfda2
ff84ff8cfddafd59
fdc2ffd4000cffbc
fe4afe02fe02fe2a
fd9afd8afdb2fe02
fda2fd51fdaafdb2
fcd1fd01fe6afdf2
ffacfe3afd92fce9
01f601a601be008d
02560135015501c6
00dd01be0256024e
ff63003400e500fd
fde2fdb2fdf2fe93
001cff73fed3fe42
012d011d00f5009d
006c00cd010d0135
febbff53ffcc001c
fd61fdaafdeafe32
fde2fd8afd71fd61
ff9cff53feebfe5a
fe9bff13ff84ffb4
fd69fd8afdd2fe4a
fefbfe5afdeafd82
fe32ffc4ffbcff53
fcd1fcb9fcb1fcc9
fcf1fd29fd61fd11
fd69fcf1fc89fcd9
fe22fe2afe4afe0a
fde2fdaafdaafdda
fdf2fd9afd61fde2
fe0afe0afd29fd51
fcc1fcf1fd09fd8a
ffb4ff33fe5afd51
ff7bff9cfe72fda2
fe4a0024ff8cffa4
fe22fe12fdc2fe02
fd69fd8afdfafe0a
fd49fd39fd79fd69
fca1fd29fe83fda2
ffa4fe2afd8afce1
020e01a601be0004
01de012d019e020e
0095011d01fe023e
fe9bff43001c00a5
fe12fdbafd9afe02
00b5002cff6bfeb3
01350135012d010d
00d5010d01250145
ff84fff4005c009d
fdbafe0afe6afeeb
fe5afe0afddafdb2
ffdcffacff5bfedb
feabff2bffa4ffe4
fd79fd8afdcafe42
fef3fe52fdfafd8a
fdaaff84ffacff43
fcb1fc99fca1fcc1
fd19fd69fd49fce1
fd09fcc1fcc1fd09
fe5afe1afdeafd82
fe02fdcafddafe22
fdc2fdfafda2fe0a
fe52fdeafce9fd29
fcd1fcf1fd39fdd2
ff9cff13fe52fd69
ff53ff73ff0bfdfa
feebffccff3bff2b
fe42fe42fdbafe5a
fd29fd9afe5afe22
fd39fd19fd59fd31
fcb1fdb2fe42fd92
ffacfe4afd71fcd9
021601be01b6ffd4
0175014d022e0276
008500bd018e0216
fe02fe9bff4b0034
fe6afe0afdbafd8a
010d00a5ffd4ff13
013d01450145013d
00fd011d0115012d
ffb4fff4005400bd
fe4afe7afeebff4b
fe7afe52fe32fe42
ff53ff3bfefbfeb3
fe9bff13ff84ff7b
fd51fd71fdaafe22
ff0bfe7afe02fd61
fd31fefbffbcff6b
fc68fc68fc99fcb1
fd69fd79fd21fca9
fcf1fce1fd59fd79
fe12fdc2fd82fd21
fd29fd82fdeafe52
fd51fe12fe52fdf2
fe72fd82fcd1fd01
fd09fca1fd21fe02
ff8cff1bfe8bfdaa
ff94ff23fef3fec3
fed3ff03fef3ff4b
fe5afe5afdfafe93
fd11fdbafe22fdf2
fd31fd01fd29fcf9
fcf1fe1afde2fd9a
ff6bfe42fd59fcb9
01be01ee0196ff84
013d01960246024e
008d00f5013d017d
fd79fdeafecbffe4
fe9bfe22fdd2fda2
0064001cffacff2b
0074008d00a5008d
ffc4ffe4fff40034
ff23ff3bff5bff7b
fe42fe7afebbfefb
fe4afe32fe1afe22
fe42fe5afe5afe62
fdbafe22feabfe7a
fd51fd59fd19fd39
ff73feebfe5afdb2
fcf9fe83ffd4ffc4
fc68fc78fca9fca9
fd8afd21fcc1fc70
fce1fd09fd71fda2
fe02fdc2fd39fcd1
fe2afe3afe42fdfa
fd92fde2fdf2fe02
fe5afd71fd11fd8a
fd9afd11fd51fe72
ff94ff3bfecbfe22
ffccfef3fe93ff0b
fedbff23ff43ff94
fe32fe32fde2fecb
fd11fd82fdd2fe52
fd29fd19fd01fcc1
fd79fe1afdc2fdaa
ff43fe0afd59fcc9
01b6021e0165ffa4
012d015d016501c6
0085013d0186013d
fd61fd8afe8bffbc
fe1afddafd9afd9a
feebfeb3fe83fe52
ff13ff13fefbfefb
ff13ff0bff03ff13
fefbfef3fefbff03
fe32fe6afeabfee3
fe5afe62fe42fe2a
fdb2fdeafe12fe5a
fce1fd09fd31fd59
fd8afd51fce1fc89
ffacff4bfeabfe22
fcd1fe0aff7bffcc
fc68fc99fca9fca9
fcd1fcb1fcc1fc60
fd21fd71fd9afd51
fe02fd82fd11fd29
fe32fe12fddafe1a
fdd2fd92fe02fe5a
fe02fd31fd39fde2
fe22fddafddafe5a
ffccff8cff1bfe8b
ffecfefbfe6afe72
ff13ff94ffb4ff3b
fe9bfe42fe32feeb
fd09fd82fe3afe72
fcf9fcf1fcf1fcd1
fdb2fdcafd71fda2
ff1bfde2fd31fd49
021e021e012dffc4
01450186019601ce
008d010d015d014d
fd61fda2fe83ff94
fd49fd82fd39fd41
fddafd59fcf9fcf1
fe6afe93fe62fe22
fee3feebff13feb3
fefbff03ff63ff5b
fe32fe83fedbfefb
fe8bfebbfe9bfe4a
fd41fe32fe3afea3
fd51fd39fca1fc50
fde2fd92fd8afd71
ffc4ff84fee3fe5a
fcd1fd71fee3ffac
fc78fca9fc91fc78
fcb1fc81fca1fc50
fd8afda2fd51fd21
fd8afd41fd61fd71
fe0afe2afdcafdd2
fda2fd8afe0afe1a
fdaafd21fd79fdc2
febbfe83fe83fe1a
fffcffc4ff63ff0b
ffdcfefbfe7afe02
ff23ff7bff7bff33
fe83fe0afdf2fed3
fd31fdeaff0bfe83
fd09fcf9fcf9fcd9
fdcafd82fd29fd69
feabfdaafd49fd9a
023601de0125ffdc
016d0155014d01d6
00b501250175013d
fd8afde2feb3ffb4
fe3afe52fe02fda2
fe1afcf1fce1fd9a
ff3bffe4ff3bfe62
0014004c00cdffe4
ffcc002c014d013d
feb3ff5b000c0044
ff5bfff4ffd4ff1b
fd9aff13ff6b0004
fdeafdeafd59fc78
fe0afdb2fdeafe32
ffc4ff84fefbfe93
fd11fce1fe2aff8c
fc89fcb9fc81fc68
fd49fca9fc78fc78
fd41fd31fd01fcf1
fd61fd49fd51fd41
fe72fe83fddafdb2
fd69fd9afe12fdfa
fdc2fdc2fdeafdb2
ff33ff1bfef3fe12
0004ffecffb4ff7b
ffd4ff13ff03fe22
ffd4ffb4ff9cff8c
fe42fe5afe8bff0b
fd71fe72ff6bfe93
fd09fce9fcb9fcf9
fdc2fd61fd71fd29
fe22fda2fd61fd71
020601be013dffac
015d0135015501d6
00a5014d0186015d
fdd2fe32fefbfff4
ff43ff23fe93fe12
fe3afd69fe8bff53
004c009dffc4fefb
01550125014500a5
014d01a60266026e
006c00ed018e01ee
00950115012d00f5
fdbaffac005400e5
fe8bfe5afe3afd31
fe2afdd2fe2afe8b
ffa4ff94ff33fec3
fd21fcc1fd9aff3b
fc81fc99fc58fc58
fd71fd41fd09fcc1
fd11fd31fd61fd21
fd71fce9fcc1fd11
fecbfe7afe0afe3a
fd59fddafe02fe4a
fe1afe6afdfafd9a
ff8cff84ff2bfe6a
fff4fffcffecffc4
ff63fedbff33fed3
ffcc0034ff6bfebb
fe3afe1afe3afefb
fdaaff03ffb4fe2a
fce1fcc1fcc9fd59
fdb2fd69fd9afcf1
fdd2fd92fda2fdda
01f601b60115ff43
012500fd015501ee
00c50155016d0155
fe12fe9bff5bffec
ffccff6bfebbfe52
fedbff7b000cffe4
006c0095ff7bfec3
01750135013d0095
01ae020e026e026e
011d014501ae0206
0115018601a6019e
fe02ff73006c00f5
fedbfea3fe9bfe5a
fe72fdfafe42feab
ff7bffccffccff2b
fd31fcc1fd01feb3
fcb9fcb1fc58fc70
fd41fd59fcf9fcb1
fd01fd79fd49fd11
fd79fcd1fcf1fd59
fe8bfea3fe0afdd2
fdcafe4afe6afe72
fea3fed3fdd2fdfa
ffccff9cff53fe8b
ff94ffccffecfffc
ff2bfe9bfe93ff1b
ffd4006cffdcfe6a
fe62fe4afe32febb
fdbaff63ff63fe4a
fcd9fca9fd21fdaa
fd82fd59fd71fcf1
fddafd39fd69fdea
01de0186007cfef3
01350105018e01f6
00fd01be01c60145
fe5afee3ff2bffb4
ffd4ff84ff0bfe7a
00ad00c5006c001c
ff84ffdcfefbffb4
0095005c00dd007c
00cd0145019e0186
00e5010d017d01be
0054015501860165
ff0bfe4afedbff63
ff0bfeebfedbff1b
ff03fe52fe52fed3
ff2bffa40004ffac
fd01fca1fcc1fe02
fca9fca1fca9fcb9
fcf1fd11fd01fcb1
fd79fe0afddafd01
fd59fd8afd59fda2
fd71fe2afe83fe1a
fe4afe52fe8bfe42
feb3fe8bfe3afe52
ffacff94ffacfeeb
ff23ff63ffa4ffbc
ff43ff63fe83ff13
ff9c0024004cff73
fe62fe52fe4afee3
fe02fef3fef3fe42
fcc1fce1fd8afdb2
fd51fd79fdc2fd11
fdf2fd29fd69fdaa
01b60115ff73fe52
014d014d01b601de
010d021e01f6018e
fe9bfeebff0bffdc
ffc4ff9cff3bfea3
015d00e50074000c
001c006c0105016d
00ed006400a50135
002c0095008d00c5
ff94ffc40064007c
ff03ffbcffe4fff4
002c0034ff53fecb
ff43ff43ff3bff73
ffa4feebfe7afee3
feebff5bffd4ffec
fc89fc70fc99fd59
fcb9fca9fd19fd39
fca9fcd9fce9fcd1
fdfafdd2fe0afd59
fdb2fdc2fdcafe12
fd82fe42fea3fe22
fe32fe1afe83fe42
fe2afecbff23fe9b
ff6bffccffa4ff33
fea3fef3ff3bff4b
ffdcff84ff33fef3
ff6b002c004c002c
fd71fe32fe42ff0b
febbff0bfed3fe02
fcd9fd31fdd2fdaa
fd79fdc2fdcafd21
fe02fd41fd51fd69
015d0064fe52fe12
0175018e01ae019e
01b6024e021601ae
fec3ff33ff630034
ffd4ff94ff2bfebb
014500cd006c0024
01ce020601ee01ae
014d00fd010d018e
006c00f500e5012d
feb3fe83ff0bff63
ffa4ff0bfe93ff03
00bd013d0115006c
ff4bff84ff8cffd4
002cff8cfeebfefb
fe6aff33ff94001c
fc78fc70fc99fcc9
fc81fc70fc99fcc9
fcc9fcb9fcf9fca1
fddafdf2fe5afd69
fe32fde2fdb2fe42
fe62fe52fe2afdf2
fe22fe6afeebfe5a
fe8bff13ff43fef3
ff43ff94ff7bff2b
fe6afe9bfec3fee3
003cffacff7b002c
ff84ff73fffc004c
fdd2fe62fe9bff3b
fec3fee3fea3fe02
fcf9fd49fddafdca
fdbafdeafd71fd19
fe32fd8afd19fd59
00f5ff6bfdfafdfa
01de01be019e016d
022e027e023e01e6
fecbff43ffbc010d
ffd4ff8cff33fedb
010d00c5006c001c
0226020e01de0175
014d0155018e01e6
0074010d011d0155
ff53fedbfeebff6b
015500d50034ffdc
007c014d01a6019e
ff5bff94ff94ff94
00740024ff8cff23
fd71fefbff7b002c
fc99fc81fc91fc91
fc99fc89fc89fcc9
fd29fcb1fce9fcd9
fe3afe42fea3fd61
fdf2fe22fdc2fe62
feb3fe1afdcafde2
fe32fed3ff7bfe9b
fef3fedbfea3fe4a
feb3fef3ff13fefb
fe3afe62fe83fe8b
ffe4fed3ff0bffbc
ff13fea3ff730014
fe7afe5afea3ff3b
fee3ff13fe72fe02
fd61fdaafe1afe52
fdc2fd92fce9fcc1
fe42fd61fd41fde2
fffcfe5afdeafdb2
020e01ce016d011d
025e028f025601f6
feebff5b005401a6
ffb4ff7bff4bfef3
00fd00bd0064000c
01ae016d01450125
01a601a601ae01ae
0155019e01c601b6
013500a5007400ed
01ce020601fe01ae
ffbc008d01350196
ff84ffbcffbcff63
00540095003cff8c
fcc1fe7aff7bffec
fc99fcc9fc91fca1
fc78fcc1fca9fcc9
fd61fcb1fd19fd29
fec3fe7afe9bfdb2
fdaafdd2fe5afe7a
feebfe32fe22fdd2
fe9bfefbff84ff03
ff03fe52fdf2fdc2
fe32fe83fecbfed3
fe5afe7afe32fe1a
fff4fec3fe72ff1b
fed3feabff9c003c
ff03fe72fe9bfeeb
feb3fecbfe6afe72
fd8afe1afe42fec3
fda2fd59fcc1fcf1
fe22fd79fd92fdea
febbfdfafdd2fd92
021e01a60105005c
0276029f026e0226
ff5bffac007c01de
ffb4ff94ff63ff43
00e500b50064000c
011500fd00f500fd
013d014d013d0125
014d017d017d013d
014d012d013d015d
017d01be01ce0196
ff4bff840064011d
ffb4ffdcfff4ffcc
fffc009500850004
fc89fd79ff2bff94
fcb9fcb1fc89fca1
fc91fcb1fcd1fce1
fd82fd09fd39fd21
feebfe83fe7afdd2
fd59fd51fe32fea3
fe52fe22fe1afd8a
fea3ff33ff33fea3
fdfafd51fd71fdc2
fddafe52fecbfea3
fe2afe12fdd2fdd2
ffbcfeb3fe62ff53
fecbff33ffd4fff4
ff73fedbfe3afec3
fe93fec3fe52fef3
fd71fe7afe83febb
fdbafd29fcc9fd39
fda2fe22fdeafdba
fdd2fdfafdcafd59
01de013d0074ff23
029f02af027e024e
ffb4fff400c5020e
ffdcffc4ffacff9c
00d500a50054000c
011d0125010d00f5
008500b500d500ed
0085009d00a50085
007c009d00bd00ad
00ad00cd009d007c
ff94feebff3b001c
0004000c0014000c
ffcc00640074004c
fca1fcb9fe32ff43
fcd9fc89fc91fc99
fcf9fcc9fcf1fcf1
fd51fd39fd79fd69
fec3fe83fe52fdaa
fd61fd11fdd2fe6a
fdcafe3afe5afda2
fef3ff3bfedbfdfa
fddafd21fd71fe0a
fddafe6afe7afe12
fdcafd8afd79fda2
ff94fe5afe93ff1b
fe8bff23ff8cffbc
ffa4fe6afde2fe52
fe8bfeb3fe5aff84
fd82fe8bff13fef3
fdaafd11fce1fd71
fd61fe8bfdfafd92
fd61fe0afd61fd51
0186009dff5bfe12
029702970297024e
ffe400340125023e
002c001cfff4ffd4
00dd00b50064002c
013d013d01250105
0014005c00bd0105
ff7bff8cffbcffdc
ff73ff94ff8cff73
ff23ff5bff63ff4b
ffd4ff53fee3feeb
005c0044003c0014
ffb4003c008d007c
fc99fc81fd21fee3
fce9fca1fca1fc91
fd11fce9fce1fcc9
fd39fd41fd69fd9a
fe8bfe6afe8bfdda
fd59fcd9fdc2fe0a
fda2fe3afe22fdaa
fef3ff53fecbfd8a
fd51fd39fd9afe02
fe3afe52fe0afdd2
fd71fd31fd31fdca
ff7bfeabfeebfeeb
ff03ff23ff7bff7b
ff94fe93fe5afeeb
fe6afeabff2bffcc
fdf2fec3ff53ff4b
fd92fd11fd41fdd2
fd8afe72fe2afda2
fdcafdb2fd49fd39
00f5ffbcfe72fda2
02a7026602760206
000c0074017d0287
0064004c002c001c
010500fd00b5006c
0105010d011d011d
0014006400ad00d5
feebff1bff5bffac
fedbfef3fee3fecb
fe93feabfec3fec3
ffccff7bff1bfebb
008d008d006c001c
ff73002c00ad00b5
fc99fc78fcc9fde2
fcd9fca1fc89fc91
fd69fd31fd21fcf1
fd51fd61fd49fd69
fe42fe5afec3fe5a
fd61fd09fddafd8a
fd9afe6afdf2fda2
fedbff0bfec3fd9a
fd11fda2fddafe2a
fe5afdfafe0afd61
fd69fd41fdcafe62
ff13fef3fecb002c
fe83fecbff0bfefb
ff33fe72fe62fe8b
feb3fe72fff4ffbc
fe52ff03ff84ff73
fce1fd11fdc2fe0a
fdcafe2afecbfdda
fe0afd59fd11fd39
0014fec3fdbafd49
029f023e02360175
002c00bd01d602a7
00ad008500540034
0155015d011d00cd
00c500e50115013d
fff40044007c00bd
fea3fedbff33ff94
fe9bfeb3feabfea3
fe93feb3fecbfeab
ffecff9cff23feb3
009500c500ad004c
fe9b000c00a500bd
fcb1fc81fca1fcf9
fd01fca9fc89fca9
fd82fd41fd69fd19
fd71fd69fd59fd51
fe12fe6afebbfe83
fd82fd49fdb2fd59
fdeafe02fdc2fdca
feebfedbfef3fdfa
fd69fde2fdcafe2a
fe02fdb2fdbafd31
fd9afdd2fe22fe3a
ffdc004c006cfff4
fe83fe83fefbfeeb
feabfe8bfe72fe5a
ff3bfe93ff9cff03
fe6aff03ffccffec
fd11fd69fdd2fe0a
fe02fe42fe83fe3a
fe3afd29fd19fd61
feebfdc2fd39fd41
029f0246017d0064
005c010d022602bf
010500d50085004c
016d01a60196013d
00f501050115013d
fffc002c006c00cd
feebff03ff53ffc4
ff0bfee3fedbfedb
ff23ff23ff1bff2b
0024ffecff84ff33
00cd00d500bd006c
fd31ff23004c00ed
fce1fc81fca1fcd9
fd31fca1fc91fcb1
fd51fd61fda2fd51
fd82fd69fd8afd19
fdbafe42fe9bfe52
fd69fd41fd79fd49
fe22fddafdc2fdca
fedbfeb3fef3fe2a
fd92fdc2fe02fe02
fd51fda2fd71fcf1
fe4afdeafdf2fdea
0014ffa4ff63fe83
fe62fe7aff13ff7b
feb3fee3fe62fe3a
0014fed3ff13ff33
fe42feebffecffec
fd79fd71fdeafdc2
fe0afe02fd9afe72
fdf2fce9fd69fd8a
fdc2fd41fcf1fd92
022e01b60085ff13
008d016d0246027e
013d00fd008d0034
018601ee01ee0196
014d0145012d013d
0054005400ad011d
ffbcffccfffc0044
ffc4ffb4ffa4ff9c
ffdcffb4ff9cffc4
00440024fffcfff4
00dd00ed00c50085
fc78fda2ff840085
fcb1fca9fc99fcb1
fd61fcd9fc91fc91
fd21fd09fd82fd61
fe12fd92fd8afd19
fd9afe2afe42fe62
fd9afd71fdaafd51
fde2fda2fdb2fdda
fe5afe93feb3fe12
fdbafe0afdeafdaa
fd29fd92fcd1fd41
fddafdeafde2fd69
fe83fed3ff23ff8c
fe72fe9bfe83fe32
fef3ff1bfe8bfe8b
000cff1bfed3ff53
fe2afe8bffbcffac
fdf2fdb2fe22fdca
fdfafdbafdcafe52
fd92fce1fd9afdc2
fd39fd09fcc1fdca
01750095fedbfd82
00ed01c60236020e
0196010d0064003c
01b60216022e01fe
0165016501550155
00bd00b501050165
009d009500ad00b5
ffec001c003c007c
0054ffecffbcffc4
006c004400640095
00bd00ed00c50095
fc40fca1fe02ffd4
fcb9fca9fc91fc99
fd69fd01fcb1fc81
fd09fcf1fd21fd71
fe8bfdb2fd82fd29
fd51fdeafe12fe83
fdaafd92fd8afd49
fde2fd61fd61fdfa
fdf2feb3fe6afe22
fe0afe2afde2fda2
fcd9fd41fd59fdd2
fe02fe0afde2fd29
fe1afea3fe6afe4a
fe32fe3afe5afe1a
ff2bff84feebfed3
ff9cff73ff13ff6b
fe7afe8bff23ff9c
febbfe1afe7afe12
fdb2fdc2fddafdba
fd79fd31fddafdba
fd01fd09fce9fdf2
0014fe6afd09fcf9
014d01ee01ce013d
017d00c500440074
01c6020e02360226
0186016d0155015d
012d0125015d01a6
014d0145014d013d
ff53ff94001c0105
001cff4bff03ff13
008d007c008500ad
004c00d500bd0095
fc48fc60fcd1fe7a
fcd1fc99fc89fc89
fd21fcd9fcd9fcb1
fcf9fca1fcf9fd61
fecbfddafd31fd51
fd41fdfafe32fe4a
fdb2fda2fd51fd49
fdcafd51fd39fdc2
fddafe9bfe9bfe52
fe22fddafde2fd9a
fce1fda2fe5afe1a
fe22fe42fdaafcd1
fdfafdcafe1afe1a
febbfe52fe4afe4a
ff73ff4bfeb3fed3
ffbcff8cff53fefb
fe93fe7afe72ff73
fef3febbfe7afe83
fdb2fdc2fdd2fd59
fdbafd69fd8afdc2
fcf9fd09fd19fe02
fdc2fcc9fcc1fd09
0165017d00c5ff73
00cd0024000c00ad
01be0216020e0196
01ae017d013d015d
015d0165018e01c6
0125017d018e0175
febbfecbff23004c
fee3fe52fe72feab
006400640064fffc
fee3007400a50074
fc40fc50fc81fcf9
fcc9fca1fc78fc70
fcf1fca9fcf9fcf1
fd21fcc1fd21fd41
fefbfe1afd69fd59
fd82fdaafe2afe0a
fdd2fd8afd9afda2
fd82fd51fd31fda2
fe0afec3ff03fe4a
fdc2fdcafdc2fdd2
fd69fddafe93fe0a
fe5afe0afd51fd11
fdc2fd79fe02fee3
febbfea3fe2afe8b
ff33ff43fed3fe72
ff84ff63ff33fef3
fec3fedbfe0afeb3
feb3fefbfe12fe42
fdaafd82fdb2fd19
fdeafd11fd11fdc2
fcf9fce1fd61fe42
fcc1fca1fd29fd09
00c5ffb4fe42fd29
0014ffb4001c00e5
018601fe01b600bd
01a6015d011d013d
0145015d017d0196
003c00ed015d0165
fe72fe72fea3ff4b
fde2fdd2fe4afe83
0004fff4ffd4ff33
fd31ff7b005c0014
fc58fc68fc78fc78
fcb9fca1fc68fc50
fcf9fcc9fcd9fd29
fd41fce1fce1fd21
fef3fe8bfd69fd71
fd59fd69fe02fe02
fd9afde2fdaafdaa
fd79fdaafd39fd41
fe0afe5afef3fe12
fda2fdd2fdbafe22
fdd2fe42fe5afdd2
fd92fdc2fd8afdb2
fdc2fd61fde2fe22
fecbfeebfe8bfe83
ff6bfef3ff23ff23
fefbff8cff53ff13
fecbfefbfe62fdda
ff03ff23fe12fe52
fdbafd9afe02fdc2
fdc2fd09fcf9fdca
fcd1fcc9fdd2fe9b
fc91fd11fd69fcf9
fe7afd31fcb9fc99
ff73ffa4001cffd4
0145016500ddffe4
013d011d010d0125
00f5010501150125
ff9c006400e500fd
fe52fe52fe7afec3
fdbafdbafe12fe62
ffa4ff8cff63fee3
fc91fde2ffc4fffc
fc58fc81fc99fc81
fcc1fd01fc68fc40
fd31fcf1fcd9fd09
fd31fd21fcf1fd21
ff03feb3fdcafda2
fd79fd39fdfafdfa
fd71fe32fd8afda2
fd9afdbafd31fd09
fdc2fe0afe72fe3a
fddafdbafdf2fe32
fdc2fe72fe12fdea
fd31fd79fe3afe0a
fdc2fde2fe1afd92
feebfef3fefbfedb
ff5bfedbfeebff4b
fe02ff13ffc4ff2b
fe93feabfe8bfdb2
fee3ff84fe4afe22
fddafd8afd51fd49
fda2fd11fd21fdaa
fc99fcd9fe7afdc2
fcd9fd39fd01fcf9
fcc9fca1fc99fca9
ff1bfef3fe3afd51
00fd0085ffb4ff3b
00c500dd00e500e5
009d00b500c500cd
fefbfff4007c009d
fe42fe2afe32fe4a
fd92fd51fdc2fe2a
ff8cff2bff0bfea3
fc81fcc1fe7affac
fc68fc89fc91fc89
fcf9fcd9fc91fc38
fd31fcf9fd11fcd1
fd39fd79fd21fd29
fefbfef3fe5afdaa
fd82fd49fe1afe02
fd79fe02fda2fd9a
fdbafd79fd39fce9
fd9afdeafe5afe6a
fdf2fdbafddafdd2
fe52fe52fdf2fe3a
fd61fe22fe1afd92
fe42fe12fd39fd71
fedbff03ff23fee3
ff63ff13fe72feab
fda2fe3aff0bff73
fe5afebbfe72fda2
fedbffdcfe8bfe22
fda2fddafd49fd49
fdaafd41fcf9fcf9
fc89fd31feabfd59
fd71fd11fcd1fd09
fcb1fca1fc91fce9
fe02fd39fcc1fcb1
0044ff84fedbfe93
00a5006c00540064
00640064007c00b5
fe52ffa4005c005c
fdf2fdc2fdd2fde2
fdcafd39fd71fdda
ff33fefbfecbfe93
fc58fc78fd01fe8b
fc58fc81fc89fc78
fcf1fca9fc70fc81
fd82fd51fd41fcd1
fd8afd51fd39fd51
fe62fee3feabfdb2
fd8afd71fdeafdfa
fd69fda2fda2fd79
fdbafd59fd69fd19
fda2fdb2fe72fe7a
fddafdbafd9afdb2
fecbfe2afe32fe5a
fdf2fdcafd9afe62
fe62fe32fe12fdb2
fe5afecbff13ff4b
ff63ff7bfe8bfe8b
fd9afd69fdfafed3
fe52fee3fea3fd9a
fefbff73fe42fe22
fd61fe02fd69fdb2
fdcafce9fcd1fcf1
fc78fdb2fe4afd79
fd29fcd9fd21fcc9
fcb1fca1fcb9fd39
fcf1fcc1fcc1fcb9
fefbfe3afd9afd31
000cffccffc4ff94
0014001c00340054
fde2ff430014000c
fd9afd59fd69fd8a
fe42fd92fd69fda2
fe3afeb3fec3fecb
fc58fc78fc78fd01
fc58fc68fc89fc89
fca1fcb1fcb1fca9
fd69fdb2fd61fcc9
fdaafd09fd51fd79
fddafe72febbfe0a
fd82fdbafdcafdf2
fd49fd49fdbafd9a
fe2afd79fd92fd92
fd9afddafe72fe83
fe12fdcafd71fdf2
feabfe22feabfe22
fd8afdcafe72ff33
ff4bfe93fe52fe02
fe3afec3feebff23
ff2bffa4ff33fe1a
fd9afd51fd92fe12
fe42ff0bfe4afdd2
ff0bff33fe1afe32
fd39fd8afd39fdf2
fd82fcd1fcd9fcd1
fd11fe62fe02fd69
fd11fd31fd71fce9
fca1fcb9fd29fd61
fcb9fcc1fcc1fca9
fd8afd11fcd9fcc9
ff2bfef3fe7afdfa
ffe4ffd4ff8cff5b
fdbafef3ffd4ffe4
fdc2fd61fd51fd79
fe62fdf2fd92fd9a
fcf9fda2fe4afea3
fc58fc70fc70fc89
fc81fc50fc89fcb9
fc89fc70fcb1fc81
fd79fd92fd19fcc1
fd69fd59fd79fd41
fd39fdd2fe8bfe0a
fdaafdaafddafe02
fd49fd41fdb2fdba
fe22fda2fddafd8a
fd92fdc2fe2afe1a
fda2fd71fd92fe4a
fe4afe2afe93fdb2
fe12fedbff5bfee3
ff13ff33fe8bfdd2
fe42fe83fe9bfeeb
fe7aff94ffb4fe42
fe02fdfafde2fdb2
fe52fef3fe4afdfa
fefbff1bfdfafdfa
fd49fd9afd49fe4a
fd49fce1fce1fcd1
fd41feebfdfafdd2
fd21fd69fd01fcc1
fca1fd09fd19fd59
fcb1fcb9fcb1fc91
fcf9fcd1fcb1fca9
fdd2fd39fcd9fce1
ff6bff03fe93fe42
fdbafed3ff73ff8c
fd9afd71fd39fd41
fe0afe02fdcafd82
fca9fca9fd09fdb2
fc60fc60fc60fc91
fc91fc78fc78fcb1
fc89fca9fc91fc68
fd39fd49fce9fc70
fda2fd92fd8afd01
fd71fd61fe1afe1a
fdd2fd92fdaafdea
fd29fd69fd8afe1a
fe6afde2fe1afdba
fe12fdfafe22fe7a
fd51fd49fd79febb
fe22fe4afe72fd61
fe8bff63fec3fe6a
fe93fe72fe1afe02
feabfe3afe52fedb
fdeafebbffb4ff2b
fd21fe12fe32fe22
fe72fed3fec3fdaa
fedbfeb3fe02fdca
fda2fda2fe12fe0a
fd11fce9fcd9fcf1
fdd2ff0bfe72fdea
fd19fd39fc99fc99
fcf9fcd9fcf9fd49
fcc1fcc1fcb1fca9
fcd1fce1fcc9fcb9
fc91fc91fc99fcb1
fe42fdb2fd41fcd1
fddafe9bfed3feab
fd69fd59fd41fd41
fce1fd39fd82fd82
fca1fca9fc91fca1
fc58fc60fc70fc91
fc58fc81fc99fc91
fd11fcc9fcb9fc81
fd49fd49fd19fcf9
fddafd82fd82fd61
fdbafd49fddafe1a
fdfafd51fd71fdca
fd29fdf2fdd2fe42
fe83fe62fe0afdb2
fe83fe2afdc2fe3a
fd82fd92fd21fe93
fe52fe62fe83fda2
fef3ff4bfe83fe7a
fedbfe83fddafda2
fe9bff43fe93fe7a
fe1afe02ff2bff73
fdeafe3afe22fe52
fe62fe4afedbfe62
fef3fe5afddafd79
fe02fddafe22fdf2
fd09fcc9fcd1fd61
fe83fe93fe4afda2
fcf9fd31fc78fce1
fce9fc91fd21fd41
fcc9fcc9fcd1fd59
fcc1fcf1fce1fcc1
fc81fc91fc99fc99
fcc9fc91fc78fc78
fd8afd8afd59fd11
fd01fd19fd19fd49
fc81fc81fc91fcc1
fca9fca9fca1fc91
fc78fc60fc68fc89
fc68fc78fcc9fca1
fcd1fc68fcc1fc89
fd29fd09fce9fcd9
fdd2fd59fd51fd59
fdb2fd59fdbafdca
fd8afd41fd51fd82
fddafe42fe2afe02
fe3afe72fe22fdb2
fe52fddafd39fd69
fdeafd92fd19fe42
ff13febbfecbfdca
fff4ffbcfef3fedb
ff23fecbfddafd01
fee3ff53feebfebb
fdc2fdeafe3aff43
fe02fe52fe62fe62
fe42fd79fe2afe83
fec3fe7afd9afd8a
fd41fdd2fdb2fe4a
fd09fcd1fd09fd69
fe93fdf2fe62fdea
fd31fce9fc99fdaa
fcb1fc99fd8afd59
fcc1fcc1fd49fcf1
fcc9fcf9fce9fcc1
fc81fc91fc91fc91
fc78fc68fc78fc81
fc78fc78fc89fc91
fc81fc78fc81fc89
fc89fc89fc70fc68
fc91fca1fca9fc99
fc68fc70fc99fc89
fc81fc78fcf1fc89
fc68fc91fc99fc81
fd09fcd1fce1fce1
fdf2fda2fd51fd49
fd92fda2fd8afdca
fd39fd39fd92fda2
fdf2fe9bfe4afd9a
fdfafe72fe2afdf2
fe0afd82fce1fd39
ff3bfdeafd9afe02
00c5002c0074fe8b
016501b6009d016d
fe9bfe12fd82fd39
fedbff1bfecbfec3
fe32fe0afdaafe62
fd71fdaafdcafe8b
fe12fd29fd8afe52
fe22fe52fd49fdd2
fd71fdaafd8afe8b
fd09fd11fd09fd41
fe83fd92fe42fdca
fd49fcf9fd19fe6a
fcb1fcb9fde2fd21
fcb1fd21fd29fcb9
fcc1fce1fcd9fca9
fc81fc99fc99fc99
fc78fc70fc81fc89
fc78fc81fc89fc89
fc58fc60fc70fc78
fc89fc81fc58fc48
fc89fc99fc99fc99
fc60fc60fca9fca1
fc81fc68fcf9fc81
fc48fcc1fca9fc91
fd31fd29fd31fc91
fe0afda2fd92fd29
fd69fda2fdaafd9a
fd39fcd9fd51fd71
fe62fe8bfddafd41
fd92fe5afe4afe4a
fde2fd51fce1fd49
febbfe0afe3afe52
015500f5ffdcfe3a
0236013d018601a6
fe72fdcafcf1fcd1
fe8bfea3ff3bfec3
fddafe93fd9afdda
fda2fdbafdb2fdba
fd92fd29fd71fe42
fe3afe42fd61fdc2
fdfafd49fdc2fe22
fd9afd39fcf1fd49
fdd2fd69fe02fdb2
fd8afd11fd49feb3
fcb9fcc9fddafd41
fd11fd92fcb1fcb9
fcc9fce1fce1fcd1
fc91fca1fca9fcb9
fc78fc78fc78fc89
fc81fc78fc81fc81
fc40fc38fc48fc78
fc91fc70fc50fc50
fcb1fca9fca9fc99
fc48fc68fc89fc99
fc68fc89fcd1fc50
fc40fc91fcc1fca1
fd82fd39fcf9fc58
fdd2fd92fd71fd51
fd82fddafdd2fdc2
fd41fcd1fd71fd49
fe6afe22fdbafd61
fd41fd92fe8bfe9b
fd79fd39fd11fd9a
fde2fde2fe0afe62
ff84fee3fe4afda2
ff4bff0bff13ff9c
ff03fe9bfd31fcc9
fe6afe62ff1bfef3
fd39fe4afe5afdaa
fe12fdf2fde2fdea
fd21fd29fd79fe22
fecbfe22fd71fd92
fdbafd39fe12fe3a
fd51fd19fc91fd19
fd69fda2fdf2fde2
fd8afd69fdb2fe83
fcb1fcc1fd79fd09
fd29fd49fc89fca1
fce9fcf9fcf9fce9
fc99fca9fcb9fcd1
fc70fc78fc89fc91
fc68fc68fc70fc78
fc40fc30fc38fc50
fca9fc89fc58fc50
fcb9fcc9fcb1fca9
fc50fc81fc89fc99
fc50fcb1fcd1fc38
fc50fc58fcc1fca9
fcd1fce9fce1fc40
fd82fd59fd92fd11
fdb2fe0afdc2fd92
fd59fce1fd71fd8a
fe52fdeafd71fd79
fd19fcf9febbff2b
fd21fd31fd41fdc2
fde2fdeafe22fdf2
fe42fe42fdf2fdc2
fe72fe7afe32fe3a
ff33fe72fd71fd01
fe83fe83fe9bfed3
fd19fe1afe6afdea
fdfafe0afdc2fdea
fd01fd82fd8afdca
fe93fdd2fd92fd71
fd51fd49fddafe0a
fd59fcd9fc91fd29
fd59fddafddafd71
fddafd79fdb2fe4a
fca9fcc1fd8afd8a
fcf1fd29fca1fca9
fd19fd09fcf1fce1
fca1fca9fcc1fcf1
fc78fc78fc89fc91
fc50fc60fc68fc78
fc99fc58fc38fc38
fca9fca9fc70fc48
fcb1fcc1fca9fca9
fc60fc99fc89fc91
fc68fcf1fc91fc38
fc58fc60fca9fc91
fcd9fcb9fcf9fc68
fd61fd82fd79fd09
fdaafd71fda2fd59
fd92fd29fd69fdca
fe4afd82fda2fdba
fd51fd09feb3ff84
fd41fd59fda2fda2
fdd2fe12fe52fdb2
fe62fe32fdcafda2
fe93fe83fe12fe2a
ff03fe12fdf2fd8a
fdeafe5afebbfea3
fd71fe0afe93fde2
fdc2fe02fdcafe52
fcf1fd31fdb2fdd2
fe6afddafdfafd8a
fd61fd71fdc2fe3a
fd59fcc9fce9fd71
fd71fd9afd79fd39
fd9afd39fdd2fdfa
fcb9fd09fd9afdc2
fcd1fd11fce1fca9
fcf1fcf9fcf9fcf1
fc91fc89fcb1fce1
fc70fc81fc81fc89
fc50fc60fc58fc60
fc78fc60fc50fc40
fcb1fcb1fc91fc50
fca1fca9fcb1fca1
fc70fc91fc81fc99
fcb1fcd9fca9fc58
fc81fc99fca9fc99
fd21fc99fcc1fcb9
fd79fd82fd09fcd9
fd29fd41fd79fd59
fd51fd21fd9afd71
fe52fde2fda2fdaa
fd21fda2fe72fee3
fd69fd92fde2fd31
fdeafe32fe32fdaa
ffb4ff13fe52fdb2
ff7b0014ffb4ff13
fe32fd61fdaafd21
fdaafec3fefbfedb
fdd2fdd2fe42fe0a
fde2fe0afdc2fe0a
fd39fd09fdfafe32
fe7afde2fdaafdc2
fce9fdb2fdcafe5a
fd39fcd9fd29fd79
fda2fd51fd39fd61
fd82fd79fdcafe02
fcf9fd29fce9fd51
fce9fcf9fd71fcf1
fcc1fce1fce9fce9
fc91fc81fc91fcb1
fc99fcb1fcb9fca1
fc60fc58fc58fc81
fc60fc81fc78fc60
fcb1fca9fca9fc70
fc89fca1fca9fca1
fc91fc89fc89fc91
fce9fc91fc89fc70
fc91fc81fcc1fcd1
fd11fc91fc99fce9
fdb2fd39fd41fca9
fcf1fd01fd92fdc2
fd51fd69fd82fd31
fe6afe32fdeafde2
fd31fddafe83fee3
fdaafd79fd69fcf1
fe42fe6afe42fdba
ff73ff1bfe72fe52
00a50105ffe4ff13
fe7afdc2fdbafd59
fda2fed3ff1bfeeb
fe62fe2afe62fe7a
fe02fe4afe22fe4a
fd19fca1fdb2fe3a
fe3afdeafd71fd82
fd19fdd2fde2feab
fcd9fd19fd92fd09
fd9afd41fd49fd11
fd69fdaafda2fdca
fcc9fcc1fcd1fd21
fd29fd82fd69fd59
fcd1fce9fcf9fcf1
fcc9fc99fca1fcb1
fcb1fcd1fcd9fcf1
fc50fc48fc78fc91
fc68fc58fc60fc68
fc91fca1fcc1fca9
fca1fca1fc99fc99
fc91fc89fc99fca1
fcc1fc70fc70fc99
fc70fcb9fcc9fcf1
fcd9fcb1fca9fcb1
fd9afcd9fd11fce9
fcd1fd31fd8afd61
fd92fd69fd49fd21
feabfe62fdfafdca
fd51fdb2fecbfed3
fd9afd11fd09fd41
fe6afe5afe3afdfa
ff94ff43fe4afe22
000cff5bfeebff84
fe2afe0afde2fdda
fd8afe72ff43ff13
fdd2fe12fe8bfeab
fda2fe4afe0afe02
fd39fd19fdcafde2
fe02fd92fdcafd59
fda2fde2fe1afeab
fcf9fd79fd79fd41
fdcafd8afd51fcc9
fd61fdaafd9afd9a
fda2fd39fce9fcf9
fd51fd92fd21fd61
fd19fd29fd01fd19
fd01fd21fd19fd09
fca9fca1fcc9fcf9
fc60fc68fc89fc99
fca9fc81fc68fc60
fc78fc99fca9fcb9
fcb1fca1fca1fc81
fca9fcb1fcb1fcb1
fc89fc81fca1fcb1
fc60fcc1fcd9fcf1
fd51fcc9fc99fcc9
fd69fce9fc99fce9
fce9fd82fd59fd01
fd9afd61fd59fcb1
feabfea3fdfafdd2
fd59fd71feb3fe52
fd41fd01fcf9fd79
fe93fe7afe72fdfa
002cffa4fe2afe7a
ff23ff03ff63004c
fe12fd11fcd1fcd9
fd9afec3ff5bff53
fd79fdfafe93fe93
fd82fe0afdcafdaa
fd82fd71fdbafdd2
fdaafd11fd49fd29
fd8afdeafe52fe7a
fd09fd29fd59fd29
fdb2fd79fd82fce1
fd21fd79fdb2fdf2
fe52fe22fd59fd19
fd39fd19fd21fd92
fd31fd39fd01fd41
fcd1fd11fd31fd21
fc89fc81fcb1fcd1
fc99fc91fc99fca1
fca9fcb9fcb9fc99
fc78fc89fca1fcc1
fcd1fcc1fca9fc99
fcb9fcd1fcd1fcc1
fc81fc91fcd1fcc1
fc89fcb9fd21fce1
fda2fd59fce9fcb1
fd11fd39fce9fd79
fd19fd9afd59fcd1
fdbafd69fd41fcd1
fe3afedbfe2afdfa
fd8afdb2ff0bfe0a
fcc1fcf9fcc1fdca
fe9bfeabfe22fdd2
ff5bfea3fe62feab
fed3fed3ff84ffb4
