012d0145014d015d
00ed0105011d012d
00b500cd00dd00e5
00440064007c009d
ffacffd4fffc001c
ff13ff33ff5bff7b
fe72fe9bfec3fee3
fdd2fdfafe1afe42
fd49fd61fd79fd9a
fcf1fcf9fd11fd29
fcd9fce1fce1fce9
fd01fcf9fcf9fce9
fd21fd19fd11fd09
fd61fd51fd41fd31
fd92fd8afd79fd71
fddafdd2fdbafda2
fdfafdf2fdf2fde2
fe32fe22fe0afe02
fe3afe32fe3afe3a
fe42fe42fe3afe42
fe52fe52fe4afe4a
fe4afe52fe4afe52
fe42fe52fe4afe52
fe52fe52fe5afe42
fe52fe4afe52fe5a
fe72fe62fe62fe5a
fe6afe6afe6afe72
fe83fe7afe72fe6a
fe8bfe8bfe83fe7a
fe83fe83fe83fe8b
fe9bfe8bfe83fe83
fe9bfe9bfe93fe9b
010d011d01350145
00b500cd00f50105
005c007c0085009d
ffdcfffc001c0044
ff3bff63ff8cffb4
fea3fec3feebff0b
fe02fe2afe52fe72
fd71fd92fdb2fdda
fd11fd19fd29fd41
fce1fce1fce9fcf9
fcf9fcf9fcf9fcf1
fd21fd11fd09fcf9
fd51fd41fd39fd31
fd92fd82fd79fd59
fdb2fdaafda2fd9a
fdf2fde2fdcafdc2
fe12fe12fe02fdf2
fe3afe3afe2afe22
fe42fe42fe42fe42
fe4afe4afe4afe42
fe52fe4afe52fe4a
fe52fe52fe52fe5a
fe4afe52fe52fe52
fe5afe52fe52fe52
fe62fe62fe62fe5a
fe72fe6afe62fe62
fe6afe6afe6afe72
fe83fe7afe72fe6a
fe93fe8bfe7afe7a
fe8bfe83fe83fe8b
fe9bfe93fe8bfe8b
fe9bfea3fe9bfea3
00c500d500ed0105
004c0064009500ad
ffe4fff400140034
ff3bff63ff8cffbc
fea3fec3fef3ff1b
fe0afe2afe52fe72
fd79fd9afdbafdda
fd11fd21fd31fd59
fcf1fcf1fcf1fcf9
fd09fce9fce9fce9
fd21fd19fd11fd19
fd49fd39fd29fd21
fd92fd82fd79fd69
fdcafdbafdaafda2
fdeafde2fdd2fdca
fe1afe0afdfafdea
fe3afe32fe22fe22
fe52fe52fe4afe42
fe52fe52fe4afe4a
fe4afe4afe52fe52
fe5afe5afe5afe52
fe52fe52fe5afe5a
fe52fe52fe52fe5a
fe6afe5afe5afe5a
fe62fe62fe62fe5a
fe72fe72fe6afe6a
fe7afe72fe72fe7a
fe83fe83fe83fe7a
fe93fe8bfe83fe8b
fe9bfe93fe93fe93
fea3fe9bfe9bfe93
fea3feb3fea3fe9b
004c0064007c0095
ffd4ffec00140034
ff4bff6bff94ffb4
fea3fecbfef3ff23
fe0afe32fe5afe83
fd79fd9afdc2fde2
fd11fd21fd39fd49
fce1fce1fce9fcf9
fd01fcf1fcf1fcf1
fdaafd59fd11fd09
fd51fd49fd31fd41
fd82fd69fd69fd59
fdbafda2fda2fd9a
fdf2fde2fdd2fdca
fe12fdf2fde2fdf2
fe6afe32fe22fe1a
fe4afe42fe3afe5a
fe4afe52fe4afe42
fe52fe5afe52fe52
fe52fe52fe52fe4a
fe5afe5afe52fe52
fe5afe5afe62fe5a
fe5afe5afe5afe62
fe6afe62fe62fe5a
fe62fe62fe62fe62
fe7afe7afe72fe72
fe83fe72fe7afe7a
fe83fe8bfe83fe83
fe93fe8bfe8bfe8b
fe93fe9bfe9bfe9b
fea3fea3fe9bfe93
feabfeb3fea3fea3
ffd4fff4001c0034
ff43ff63ff9cffbc
febbfee3ff03ff23
fe22fe42fe62fe8b
fd92fdb2fdd2fdf2
fd19fd31fd41fd69
fce9fce9fce9fcf9
fcf1fcf1fce9fce1
fd19fd01fd01fcf1
fd8afdb2fd79fd31
fd8afd71fd69fd69
fdb2fda2fda2fd9a
fddafdd2fdd2fdca
fe02fe0afdfafdea
fe0afdcafd8afdba
fe4afe2afe22fe22
fe4afe4afe42fe3a
fe42fe42fe4afe4a
fe52fe52fe52fe4a
fe5afe5afe52fe52
fe62fe5afe5afe5a
fe62fe62fe5afe62
fe62fe62fe5afe62
fe6afe6afe6afe62
fe6afe6afe6afe6a
fe7afe7afe72fe6a
fe7afe7afe7afe7a
fe93fe83fe83fe83
fe93fe93fe93fe93
fe9bfe9bfe9bfe9b
fea3fea3fe9bfe93
feabfeabfeabfea3
ff63ff84ffb4ffcc
feb3fee3ff13ff3b
fe22fe52fe72fe8b
fda2fdc2fddafdfa
fd29fd41fd61fd79
fce9fcf1fd01fd11
fcf1fce1fcd9fcd9
fd19fd11fd09fd01
fd49fd19fcf9fd01
fd8afd92fdfafdba
fdd2fdc2fde2fdc2
fdd2fdcafdd2fdba
fdbafdb2fddafdea
fd92fdbafdb2fdba
fddafdc2fd92fd41
fe02fe0afe02fdf2
fe52fe4afe42fe2a
fe5afe4afe52fe5a
fe52fe52fe52fe5a
fe62fe52fe52fe5a
fe6afe5afe5afe62
fe62fe62fe6afe6a
fe62fe62fe62fe62
fe7afe7afe72fe62
fe72fe72fe72fe72
fe83fe7afe72fe7a
fe7afe72fe7afe83
fe9bfe8bfe8bfe7a
fe9bfe9bfe9bfe93
fea3fe9bfe9bfe9b
fea3feabfea3fe9b
fea3fea3feabfeab
fecbfef3ff1bff33
fe2afe4afe7afea3
fd92fdbafdeafe02
fd29fd41fd59fd71
fcf1fd01fd11fd19
fce9fce1fce9fcf9
fd11fd09fd01fcf1
fd39fd31fd21fd19
fddafd79fd31fd29
fdaafda2fda2fdf2
fe0afe32fddafdba
fe1afe1afdf2fdfa
fd01fd01fd31fe1a
fcb9fcd1fcd1fcf1
fcd9fcc9fcd9fcc1
fd11fd09fd19fcf9
fe1afe0afde2fd92
fe5afe42fe4afe5a
fe52fe5afe5afe62
fe5afe5afe5afe5a
fe6afe6afe6afe62
fe72fe6afe6afe6a
fe6afe62fe6afe6a
fe7afe83fe72fe72
fe7afe7afe72fe72
fe8bfe83fe83fe83
fe83fe7afe7afe83
fea3fe93fe93fe83
fe9bfe93fe9bfe9b
fea3fea3fea3fe9b
fea3feabfea3fea3
feabfeabfeb3feab
fe2afe5afe7afe93
fda2fdbafdeafe12
fd29fd49fd69fd82
fce9fcf1fd01fd11
fcf1fcf1fcf1fce9
fd01fcf9fcf9fcf1
fd29fd21fd21fd11
fd51fd51fd41fd39
fdf2fdbafda2fd49
fdd2fddafdd2fdca
fe2afe02fe02fde2
fe83fe4afe4afe42
fcd9fce9fce9fdea
fc78fc78fc91fc99
fc89fc70fc70fc81
fc99fc89fca9fca1
fd51fd29fd01fce1
fe0afdd2fddafe02
fe52fe5afe4afe2a
fe42fe2afe4afe5a
fe72fe6afe62fe62
fe72fe72fe72fe6a
fe72fe6afe6afe6a
fe83fe8bfe7afe7a
fe7afe7afe72fe72
fe8bfe7afe83fe7a
fe8bfe8bfe8bfe8b
fe9bfe8bfe93fe8b
fe9bfea3fea3fea3
feabfeabfea3fe9b
fea3fea3fea3fe9b
feb3feb3feb3feb3
fdb2fddafdfafe0a
fd39fd51fd69fd92
fce9fcf1fcf9fd11
fce9fce1fce1fce1
fd01fd01fce9fce9
fd31fd21fd19fd09
fd51fd41fd41fd39
fd49fd82fd92fd71
fddafd9afd9afd69
fddafdeafdeafdda
fea3feb3fe52fe12
fd82fdbafe4afe4a
fca1fcd1fd11fd9a
fc68fc68fc78fc81
fc68fc68fc78fc78
fca1fc99fc91fc81
fcb9fc99fc91fc89
fd82fd09fcc9fcc9
fe32fe32fe3afdd2
fe52fdfafdd2fe1a
fe6afe62fe6afe62
fe72fe7afe72fe72
fe7afe7afe7afe72
fe83fe83fe7afe7a
fe72fe7afe72fe83
fe8bfe8bfe83fe7a
fe93fe93fe93fe9b
fe9bfe93fe9bfe9b
fea3fea3fea3fea3
feb3feabfea3fea3
feabfea3fea3feab
febbfebbfebbfeb3
fd39fd59fd71fd8a
fcf1fcf1fd01fd19
fce1fce1fcd9fce9
fd09fd01fce9fce1
fd29fd19fd11fd09
fd59fd49fd41fd29
fd92fd79fd69fd61
fd59fd61fdaafda2
fddafdd2fda2fd61
fdcafdbafde2fde2
fe0afe7aff73fecb
fd49fcf1fd92fdea
fcc9fd11fcb9fd11
fc78fc78fc81fc91
fc58fc48fc70fc99
fc68fcb9fc99fc78
fcd9fc81fc70fc68
fd61fcc1fc81fcc9
fdaafd82fd79fd9a
fe4afe1afd92fd71
fe7afe6afe62fe5a
fe72fe72fe83fe8b
fe7afe83fe83fe7a
fe83fe83fe8bfe7a
fe7afe83fe7afe83
fe93fe93fe83fe7a
fe9bfe93fe9bfea3
fea3fea3fea3fea3
fea3feabfeabfeab
febbfeabfeabfeab
feb3feb3feabfeb3
febbfebbfebbfeb3
fce9fcf9fd09fd19
fcd9fcd1fcd1fce1
fcf9fcf1fce9fce1
fd29fd21fd09fd01
fd51fd41fd31fd31
fd82fd71fd69fd51
fdc2fdb2fd92fd82
fd71fd61fd79fdba
fdfafde2fdcafd9a
fda2fdc2fdeafe02
fe32fdaafdcafdd2
fcf1fce9fcf9fd51
fcb9fcf1fcc9fcc1
fc99fc89fc99fca1
fc68fc50fc48fc78
fc99fc89fc89fc91
fcc1fcd9fc89fc81
fd11fce1fc91fca9
fcf9fcf1fcc9fcd1
fde2fd9afd41fcf9
fe93fe7afe52fe22
fe72fe7afe93fe93
fe7afe83fe83fe83
fe8bfe8bfe83fe83
fe83fe83fe83fe8b
fe9bfe93fe93fe8b
fe9bfea3fe9bfea3
feabfea3fea3fe9b
fea3feabfeabfea3
fec3feb3feb3feab
febbfeb3feabfeb3
fec3fec3febbfec3
fce1fce1fce9fce9
fcf1fce9fce1fce1
fd19fd11fd09fcf9
fd51fd39fd31fd21
fd79fd71fd69fd59
fdaafd9afd92fd82
fdcafddafdcafdba
fd82fd79fd69fda2
fdeafe22fdf2fdca
fd69fd9afd8afdc2
fd82fe1afd69fd11
fca9fc99fcc9fce9
fcc9fd49fd59fd19
fc78fc89fcb9fce1
fce1fc99fc60fc58
fd09fcd1fcb1fcd1
fcb9fd09fd29fd21
fce9fce9fcd1fca1
fca1fcb1fca9fcb9
fd39fce9fca9fc89
fe83fe52fe12fd92
fe83fe8bfe93fe93
fe8bfe93fe93fe8b
fe8bfe8bfe8bfe83
fe8bfe8bfe93fe8b
fea3fe9bfe9bfe93
fea3feabfea3fea3
feabfea3fea3fea3
feb3feb3feabfeab
fec3feb3feb3feb3
febbfebbfeb3feb3
fecbfec3febbfec3
fcf9fcf1fce1fcd9
fd11fd09fd09fd01
fd41fd31fd21fd19
fd71fd61fd59fd49
fda2fd9afd92fd82
fdd2fdc2fdbafdaa
fda2fddafdeafde2
fe1afd92fd71fd79
fd59fddafde2fe22
fcf9fd19fda2fd51
fcd9fd82fe4afd21
fd59fc99fc89fcb1
fcd9fcf1fd21fd69
fc81fc91fce1fd41
fd71fd11fce1fc99
fd82fda2fd19fcf9
fcc9fcf9fd29fd31
fcf9fce1fce9fcc9
fc60fc81fc99fcc9
fca9fc81fc60fc58
fe12fda2fd31fcd1
fe8bfe8bfe83fe62
fe8bfe8bfe8bfe8b
fe8bfe8bfe93fe8b
fe9bfe93fe93fe93
fea3fea3fea3fe9b
feabfea3fea3fea3
feb3feabfeabfeab
feb3feb3feb3feb3
febbfeb3feb3febb
febbfebbfebbfebb
fecbfec3fec3fec3
fd11fd01fcf1fce9
fd39fd29fd29fd19
fd71fd61fd51fd49
fd9afd92fd82fd79
fdc2fdbafdb2fdaa
fde2fddafdd2fdca
fd8afda2fddafdea
fe32fe2afd71fd49
fd31fd59fd59fda2
fce1fcc1fcf9fd49
fca9fd39fe22fd92
fd09fd21fcb1fc78
fd01fd59fd41fd11
fca1fc91fcb1fcf9
fd41fd61fd49fcf1
fda2fdd2fd92fd21
fd49fcd9fd09fd49
fd09fd49fd21fd51
fc50fc58fc70fcc1
fc78fc60fc58fc50
fd69fce9fca9fc89
fe8bfe6afe42fdfa
fe8bfe8bfe83fe83
fe93fe93fe8bfe8b
fea3fe9bfe93fe93
fea3fea3feabfeab
feb3feabfeabfea3
fec3febbfeb3feab
fec3feb3feb3feab
febbfebbfebbfecb
febbfec3febbfec3
fecbfec3fec3febb
fd31fd21fd19fd11
fd59fd59fd49fd41
fd9afd82fd82fd71
fdb2fda2fda2fda2
fdd2fdd2fdd2fdca
fdeafdf2fde2fdda
fd92fd8afda2fdda
fdb2fe32fddafd41
fd29fd79fd61fd59
fd79fce9fcd9fce9
fc89fd21fdaafd9a
fd01fcd1fcd1fc81
fd39fdd2fdbafd51
fc99fc81fca1fce9
fd39fd59fd39fcd1
fdc2fd8afdd2fd71
fdfafd51fce1fd59
fd71fd59fd8afdba
fc89fc78fc68fc91
fc60fc58fc50fc58
fcd1fc99fc89fc78
fe7afe4afdd2fd39
fe83fe83fe83fe72
fe93fe93fe93fe8b
feb3fea3fe9bfe9b
fea3fea3feabfeb3
feabfeabfea3fea3
febbfebbfeb3feab
fed3fec3febbfeb3
fec3fec3fecbfecb
fec3fec3febbfec3
fed3fecbfecbfec3
fd61fd59fd51fd41
fd82fd82fd79fd71
fdbafdaafd9afd8a
fdcafdcafdc2fdba
fddafddafddafdda
fdeafdf2fdeafdea
fd41fd79fd59fda2
fd21fd69fddafd51
fcd1fcf9fd61fd59
fddafd82fd01fd31
fc89fce1fd69fe22
fd61fd11fcb1fc99
fd01fd59fd59fd51
fca1fcd9fcc9fcd9
fda2fdaafd59fcc1
fd69fe02fd31fd19
fe12fddafd49fd09
fcc1fd29fd59fdaa
fc68fc60fc70fc81
fc58fc50fc58fc58
fcd1fca1fc81fc78
fdfafdaafd21fcd9
fe7afe6afe52fe22
fe93fe93fe8bfe8b
febbfeb3fea3fea3
feabfea3feabfeb3
feabfeabfea3feab
fec3fec3fecbfebb
fed3fec3feb3febb
fecbfec3fecbfecb
fed3fed3fec3fec3
fed3fed3fed3fecb
fd8afd79fd71fd69
fd9afd9afd9afd92
fdcafdcafdc2fda2
fde2fde2fddafdd2
fde2fde2fdeafdea
fdcafdeafdeafdea
fcc9fd29fd39fd69
fcf1fcd1fce1fcd1
fcb9fd01fce9fcf1
fe22fdeafd71fd09
fc89fca1fd69fe5a
fd92fd92fcc1fc91
fd31fcd9fcc9fd9a
fc99fd01fd31fd21
fd59fde2fd61fce9
fcd9fd21fdaafd59
fdd2fde2fdfafd19
fc68fc99fd29fd49
fc60fc60fc68fc78
fc70fc68fc60fc58
fcc1fcc1fcc1fca1
fd41fd11fce1fcc1
fe7afe32fddafd9a
fea3fe93fe93fe8b
feb3feabfea3fea3
fea3feabfeabfebb
febbfea3feabfeb3
fecbfec3fecbfebb
fec3fec3febbfebb
fecbfec3fec3fec3
fed3fecbfec3fec3
fed3fed3fed3fed3
fdaafd9afd8afd82
fdc2fdbafdb2fda2
fde2fdd2fdd2fdc2
fdeafdeafde2fde2
fdf2fde2fdf2fdea
fd8afdc2fde2fdf2
fc99fcc9fcf1fd19
fd01fcc1fca9fca1
fcc9fce9fcd1fcc1
fd8afd71fd69fce9
fc89fc89fd29fdd2
fdf2fd31fd01fca9
fd19fcf9fc89fd11
fcc1fc91fce9fd11
fd21fd19fd51fd29
fcc1fcb1fd21fd9a
fd19fd31fd71fd39
fc81fc70fcb1fd61
fc70fc70fc68fc89
fca1fc89fc70fc68
fca1fc89fc89fcb1
fce9fcb9fcb1fca9
fe8bfe5afe12fd92
feabfea3fea3fe93
feb3feb3feb3feab
feabfea3feabfeb3
febbfeb3feabfeab
fec3fecbfec3febb
fecbfecbfecbfebb
fecbfecbfecbfecb
fed3fed3fed3fed3
fedbfed3fed3fed3
fdc2fdb2fdb2fdaa
fdcafdd2fdcafdca
fdeafdd2fde2fdca
fdeafdf2fdeafde2
fdfafdf2fdeafde2
fd31fd82fdd2fdfa
fc91fca1fcc1fcd9
fca9fca9fc99fc89
fcc9fcd9fd11fcb9
fdbafd59fd51fd19
fca1fca1fca1fd59
fe1afd51fce1fcd1
fcc1fd31fcb1fcc9
fd19fca9fcc9fd01
fdf2fd11fd59fd51
fd21fc99fd41fd49
fcf9fce9fd21fd21
fcc9fc68fc68fcd9
fca1fc91fca1fcc1
fc89fc91fc91fca1
fc78fc81fc70fc78
fca9fc91fc81fc78
fe8bfe4afdbafd21
feabfeabfeabfeab
feb3feb3feb3feb3
feb3feabfeabfebb
fec3fec3feb3feb3
febbfecbfecbfecb
fed3fed3fed3fecb
fedbfed3fee3fedb
fed3fedbfedbfed3
fee3fee3fedbfed3
fddafdc2fdc2fdc2
fde2fddafddafdda
fdeafde2fde2fdda
fdeafdeafdeafde2
fdfafdfafdf2fdea
fcf9fd49fdbafdf2
fc70fc81fcc1fce1
fc91fc91fc91fc78
fcc9fcc9fce9fcd1
fdcafe32fd39fd61
fcd1fcd9fcc9fce9
fd29fd61fcf1fcd9
fcc1fd19fca9fca1
fd79fd01fcb9fd31
fdd2fdcafcf9fdba
fd09fcb1fcb1fcf1
fcc9fcf1fd49fce1
fcb9fcc1fc58fc78
fd09fd29fcd1fc91
fc89fc89fc89fca1
fc70fc78fc81fc81
fc78fc70fc68fc70
fe42fda2fcf9fca1
feabfea3fe9bfe93
febbfeb3febbfebb
feb3feabfeb3febb
fecbfebbfebbfeb3
fec3fecbfed3fed3
fedbfedbfedbfed3
fee3fedbfee3fee3
fee3fee3fee3feeb
fee3fedbfedbfee3
fdcafdc2fdc2fdc2
fde2fde2fddafdd2
fde2fde2fde2fde2
fde2fdeafdeafdea
fdeafdf2fdfafdf2
fd01fd29fd8afdd2
fc60fc78fca9fce9
fc91fc70fc78fc70
fcd1fcb9fcd9fcd1
fd39fdcafd11fd01
fd01fd19fd19fd09
fcc9fd51fd39fd29
fd29fcc1fcb9fca1
fdcafdd2fd41fd39
fda2fda2fce9fd79
fc99fcb9fc81fca1
fc78fcc1fd09fcd1
fcc1fd39fca1fc58
fcc1fd29fd21fcf1
fc91fc91fc99fc91
fc60fc68fc70fc78
fc60fc60fc68fc81
fdbafd19fca1fc68
feb3feabfe8bfe3a
febbfebbfeb3febb
feb3febbfec3fec3
fecbfec3fecbfec3
febbfecbfed3fed3
fee3fee3fed3fecb
feebfee3fee3fee3
fef3fef3fef3fef3
feebfee3fef3fef3
fdcafdcafdcafdd2
fdeafddafddafdd2
fdeafdeafdeafdea
fdeafde2fddafde2
fdb2fdd2fdfafdf2
fcd9fd09fd49fd92
fc70fc78fc91fca9
fcb1fc91fc89fc81
fce9fcd1fcf1fd09
fd71fd8afd49fd19
fd69fd92fd8afd49
fcf1fd31fd71fd49
fdcafd11fce9fcf1
fd82fe0afd9afdca
fce9fde2fda2fd21
fc78fca1fc99fc81
fc70fcb1fcd9fca9
fcd9fd71fd61fc70
fca1fd49fddafd59
fca1fcb1fcc9fcc1
fc58fc58fc68fc78
fc68fc60fc70fc99
fd59fcd1fc91fc68
fec3fea3fe52fde2
fec3fec3febbfebb
febbfec3fecbfebb
fecbfecbfecbfecb
febbfed3fed3fed3
fee3fee3fedbfed3
feebfeebfee3fedb
fef3feebfefbfef3
fef3fefbff03fefb
fdcafdcafdd2fdca
fdf2fdeafde2fdd2
fdf2fdeafde2fde2
fde2fde2fddafde2
fd69fdaafdd2fdda
fcb9fce1fd09fd39
fc89fc89fc91fc99
fd21fce9fcc9fca9
fd51fd21fd29fd71
fdaafda2fdc2fd82
fd9afdfafe22fd9a
fd8afd49fd41fd71
febbfd9afd51fd71
fd21fdb2fe4afdd2
fcb9fd31fd71fd19
fc78fc81fcc1fca9
fc78fca9fcd9fcb9
fd21fd39fd69fcc1
fce1fd61fdeafd82
fc91fc99fcb9fcd1
fc60fc60fc68fc70
fc70fc68fc68fc68
fcc9fca1fc91fc81
fe93fe3afd79fd01
fecbfec3feb3feab
fed3fecbfed3fecb
fecbfecbfecbfed3
fec3fed3fed3fecb
feebfee3fee3fee3
fef3fef3fef3fee3
fefbfef3fef3fef3
ff0bff03ff03fefb
fdd2fddafddafdda
fdf2fdeafdeafde2
fdf2fdf2fdeafdea
fdd2fde2fdeafdea
fd41fd71fdbafdd2
fcc1fce9fd39fd31
fcd9fca9fca1fca1
fdf2fd82fd29fd09
fdfafde2fdc2fdfa
fe2afe32fe6afe12
fe2afe52fe5afdf2
fe72fdc2fdaafdf2
fdeafdfafdc2fe2a
fd41fd82fe3afdea
fcc1fd01fd61fd82
fc91fc89fcc9fd11
fc99fcc9fcd9fcd1
fd61fce9fd01fd09
fd29fd11fce9fd29
fcd1fce9fcc9fd19
fc70fc70fc68fc70
fc89fc78fc78fc70
fc91fc89fc89fc91
fe0afd69fcf1fca9
fecbfec3feb3fe7a
fed3fedbfed3fed3
fedbfed3fecbfed3
fed3fed3fedbfedb
feebfeebfee3fee3
fef3fef3fef3feeb
ff03fef3fef3fef3
ff0bff03ff03fefb
fdeafdeafdd2fdd2
fdf2fdeafdeafdea
fdfafdeafde2fdf2
fe2afdfafdeafdf2
fdbafd92fda2fdea
fcf1fd49fdaafd8a
fd31fcf1fcd1fcd1
fe42fe02fd61fd39
fea3fe93fea3fe93
fe83fe9bff33fecb
ff53ff0bfe83fe3a
ff63fe7afe52fec3
fe1afe22fe22ff03
fd82fd71fe0afe12
fd01fd11fd39fd92
fcb1fca9fcc1fd11
fd01fd11fcd9fcc1
fdfafd21fcb1fd9a
fd39fd79fcf1fd79
fd11fd51fce9fd19
fc99fc91fc81fc81
fc89fc89fc91fc91
fca1fc99fc91fc91
fe12fd49fcd9fca9
fed3fecbfebbfe9b
fee3fedbfed3fed3
fedbfee3fed3fed3
fee3fee3fee3fee3
fef3fef3feebfee3
fef3fef3fef3fef3
fefbfefbff03feeb
ff0bff0bff13ff03
fdeafde2fdd2fdda
fdf2fdf2fdf2fde2
fdeafdfafdeafdf2
fe2afe42fe1afdea
fdc2fd59fd31fd8a
fd61fda2fe3afe02
fd49fd41fd39fd31
fe62fddafd8afd59
ff73ff53ff33febb
fef3febbff0bff1b
0004ff6bff03fef3
004cffecff23ff63
fe6aff0bfebbff13
fde2fe0afe72fe7a
fd19fd49fdaafda2
fcd1fcc9fcd9fd11
fda2fce9fcd9fcd9
fd61fd21fc99fd19
fcf1fd82fd49fd19
fc99fce1fcd9fcc9
fcb9fcb9fca1fc91
fc81fc81fc91fca9
fd21fd09fcc9fc99
fd82fce9fcc1fcf9
fedbfecbfebbfe5a
fee3fee3fed3fedb
fee3fedbfedbfee3
feebfee3feebfeeb
fef3fef3feebfee3
fefbfefbfefbfefb
fefbfef3fefbfef3
ff03ff0bff13ff0b
fde2fddafdd2fdda
fdf2fdf2fdeafde2
fdeafdf2fdf2fdf2
fd61fdeafe32fe02
fe1afda2fdd2fd41
fd71fd59fd59fdfa
fd41fd51fd92fd9a
febbfe22fda2fd61
00240014ffb4ff23
0004ff8cffacfffc
007cfff4ffe40004
008d00ed005c003c
ff530034ffdcff43
fe02feabff6bffcc
fd49fd79fdcafde2
fcf9fcf9fd11fd29
fd51fd01fce1fce9
fcc1fcc9fcb9fcb9
fc91fcb1fcd1fcc1
fca1fcb1fca9fc91
fcc9fcd9fcc1fca9
fc78fc78fc89fca1
fdc2fd29fca9fc81
fd71fd21fd59fdc2
fedbfed3fea3fe22
fee3fedbfed3fed3
feebfee3fee3fee3
feebfeebfef3fef3
feebfef3fef3feeb
fefbfefbfefbfefb
ff03ff03fefbfef3
ff0bff13ff13ff13
fde2fdeafde2fde2
fdf2fdeafdeafdea
fdfafdf2fdf2fdf2
fd29fd51fdd2fdf2
fdaafd92fd69fd51
fe12fdaafdd2fdca
fd49fd31fd8afe2a
feabfe62fdd2fd79
008d0064ffd4ff2b
009500c500f500d5
009d00e5006c006c
00fd01ce016500dd
002c00f500a5001c
fe6afecbffa4004c
fdaafe0afe5afe4a
fd41fd49fd49fd61
fd01fd21fd09fd21
fca1fcc9fcf1fcc1
fc70fc78fca1fcb1
fcb1fca1fc91fc70
fcd1fd11fce9fce1
fc78fc78fc78fc99
fddafce1fc70fc68
fdfafde2fe2afe3a
fedbfedbfebbfe6a
fee3fed3fed3fed3
feebfee3fee3fee3
fef3feebfeebfeeb
fef3fef3fef3fefb
ff03ff03fefbfefb
ff0bff0bff03ff03
ff23ff13ff0bff0b
fde2fdeafdeafde2
fdf2fdf2fdeafdea
fdd2fde2fe02fdfa
fce1fd11fd51fd82
fdbafdfafd41fcf9
fe4afe5afe3afdca
fd61fd71fd71fdaa
fed3fe32fde2fda2
0145008d0024ffb4
012d016501a60196
016d01be01250135
021e021e0206019e
013501e60216014d
ff8cff9c003c00bd
fe2afe8bff0bff0b
fd92fdd2fdeafe02
fd11fd29fd39fd61
fcb9fcc9fcd1fcf1
fc70fc81fcb1fcc1
fcc1fca9fca1fc78
fcb9fcf9fce9fcd1
fc81fc81fc81fc91
fd51fcb1fc81fc70
fe7afe7afe9bfe5a
fee3fedbfecbfea3
fee3fedbfedbfedb
feebfeebfeebfee3
fef3feebfee3feeb
ff0bfefbfef3fefb
ff03ff03ff03ff0b
ff0bff0bff03ff03
ff1bff1bff13ff0b
fdeafdeafde2fde2
fdf2fdf2fdf2fdea
fd69fd71fdeafe12
fc91fca9fd09fd71
fddafe22fd8afce1
fe22fe02fdeafdba
fd82fd92fd82fdc2
ffacfeabfe0afdd2
026e01ce010d006c
01fe020e022e0226
023e024602260256
02a702a70266027e
024e026e029f0246
007400cd011d019e
ff3bff8cffbcffd4
fdcafe0afe72fecb
fd51fd51fd79fda2
fcf9fd01fd19fd39
fca1fcb1fcd9fcf9
fcb9fcb9fcb9fca9
fca1fcb9fcf1fcb9
fc89fc89fc78fc81
fca9fc78fc81fc78
fed3fee3fec3fdca
feebfeebfed3fecb
feebfee3fedbfee3
feebfeebfeebfedb
ff03fefbfef3feeb
ff0bff03fefbfefb
ff03ff03ff0bff0b
ff0bff0bff03fefb
ff23ff1bff1bff13
fde2fdeafde2fdda
fe12fe02fdeafdea
fd51fcf9fd92fe02
fce1fc99fcd9fd19
fd61fdd2fda2fd29
fe4afeabfe2afd49
fe0afdb2fdf2fe2a
004cff6bfe7afe4a
0287027e01d60145
028f025602c702af
02ff02df029f02e7
030f02ff02c702e7
02d702f702f70327
01b60206024e02af
00a500c500ed0125
fe12fe52fefbffdc
fdd2fdd2fde2fdf2
fd49fd61fd82fdb2
fce1fcf9fd19fd41
fcb1fcc9fce1fce9
fc89fc99fca1fca9
fc99fc99fc81fc78
fc89fc81fc81fc78
fedbfebbfe1afd01
feebfef3fee3fedb
feebfeebfee3fee3
fee3feebfee3fee3
ff0bff0bff03fef3
ff0bff03fefbff03
ff03ff03ff0bff0b
ff0bff0bff0bff03
ff2bff23ff1bff1b
fdeafdeafdeafde2
fe22fe2afe0afdf2
fd61fd21fd39fdf2
fcc1fc99fcd1fd51
fd39fd39fd49fd21
ff13fe83feabfdd2
febbfeb3fe22fef3
01150004fef3fe83
02a70266023e01c6
02bf02a702df030f
032703370307030f
0367036f0357032f
035f0357035f0367
02b702ef03170357
017501ce0206025e
febbff23ffec00e5
fe3afe52fe4afe4a
fdd2fde2fdeafe1a
fd69fd82fda2fdb2
fcd9fcf9fd29fd51
fc81fc99fca9fcc1
fc91fc91fc81fc78
fc99fca9fc99fc91
fe7afddafd11fcb1
feebfef3fedbfebb
fef3feebfee3fee3
feebfeebfef3feeb
ff0bff03ff03fefb
ff0bff0bff03ff03
ff03ff0bff13ff13
ff1bff0bff03ff03
ff23ff23ff23ff23
fdfafdf2fdeafde2
fe02fe32fe3afe12
fd9afd41fd09fda2
fcf9fcc1fcb9fd61
fd82fd51fd61fd49
ff43fed3fe72fe93
fe62febbfed3fee3
01ce00edff5bfe93
02ff02af0287022e
02d702df030f034f
0337033f032f02f7
03a00390035f0327
036703a003900388
032f034f034f0357
024e027e02b702ff
ffc400b5016d01f6
feebfed3fecbff1b
fe5afe72feabfecb
fe1afe52fe5afe52
fd31fd61fda2fdea
fc81fcc9fd09fd19
fc78fc78fc68fc60
fc89fc91fc99fc81
fe62fd71fcc1fc99
fedbfecbfe93fe83
fef3feebfeebfee3
fef3fef3fef3fef3
fefbfefbfefbfef3
ff0bff03fefbff03
ff1bff13ff1bff1b
ff13ff0bff0bff0b
ff1bff1bff1bff13
fe22fe02fdf2fde2
fddafe02fe2afe3a
fdeafdbafd59fd49
fd19fd11fd51fcd9
fdfafd71fd79fd8a
fef3ff13fe8bfe8b
fe52fe4afedbff23
021601ae0044ff1b
032702cf0297024e
02df02f7030f033f
03470337030702e7
035703670337033f
034f03a00388035f
0347034f033f0327
02ef02ff030f032f
011d01fe027e02cf
ff84ff73ff8c002c
fee3ff33ff73ff8c
feb3feb3feb3feb3
fd9afddafe2afe7a
fcb9fd19fd69fd79
fc60fc58fc58fc70
fc78fc81fc89fc70
fe22fd61fca1fc89
febbfe9bfeabfeab
feebfef3feebfeeb
fefbfef3feebfeeb
fefbfefbfefbfefb
ff0bff0bff03ff03
ff1bff13ff13ff13
ff1bff13ff13ff13
ff1bff1bff13ff1b
fe42fe12fe02fdea
fdfafdfafe0afe32
fd21fe22fddafd71
fd29fd49fdaafd01
fe22fdeafdaafd51
fee3febbfe62fdf2
fe8bfe2afe42fecb
024e01ee011dffb4
032f030702df029f
02f70317030f030f
034f032702ff0307
035f036f0337034f
0377039803570357
0337033703470327
030f031f0327032f
025602c702ff0307
001c006400d5018e
ff8cffccffe4fffc
ff0bff13ff23ff43
fe0afe52fea3fef3
fd31fd8afdb2fdd2
fc58fc48fc58fcb1
fc68fc78fc78fc68
fe02fd29fc99fc78
feabfecbfedbfe83
feebfef3fee3fec3
fef3fefbfef3feeb
fefbfefbfefbfefb
ff13ff13ff13ff0b
ff0bff03ff0bff0b
ff0bff0bff0bff0b
ff1bff1bff13ff1b
fe3afe12fe02fdf2
fdfafe1afdfafe0a
fcd1fd71fdc2fdaa
fd39fddafd79fd69
fdcafdeafdd2fd21
fed3feabfe3afdb2
fee3fe4afe32fe83
0276023601a6004c
0317031f02ff02cf
02df031f032702f7
03470317030702f7
035f0367036f0347
033f0327033f0388
02d702ff034f033f
02b702a702cf02cf
02af02d702d702df
007c00f501a6023e
ffdcffdcfffc003c
ff53ff94ffd4ffdc
fe42fe83fedbff23
fd9afdcafdeafe0a
fc50fc48fc81fd19
fc70fc70fc78fc58
fdeafcd9fc89fc78
fee3fee3feebfeb3
fef3feebfee3fecb
fefbfefbfefbfefb
fefbff03fefbff03
ff13ff13ff13ff0b
ff0bff0bff0bff03
ff13ff13ff0bff0b
ff2bff23ff1bff13
fe0afe1afe02fdfa
fdaafe12fe02fdfa
fd21fce1fd41fdc2
fcf1fdd2fd82fd8a
fdbafd69fd71fd29
fefbfe9bfe22fdda
ff43fe3afe12fe2a
025e024601ee010d
02ef030f02ef028f
03070307031702f7
031f032703170317
02ff032f033f032f
031702b702e702c7
02cf02d702ff031f
02d702c702c702df
0276028f029702bf
00e5012d019e021e
0095008d007c00ad
ffbc001c006c007c
fe5afeabfefbff63
fdd2fdf2fdfafe32
fc50fc68fcd1fd79
fc68fc60fc68fc50
fdc2fcc9fc70fc70
feebfee3feebfec3
fef3feebfeebfef3
ff03ff03ff0bff03
ff1bff13ff0bff13
ff13ff13ff13ff13
ff13ff0bff0bff03
ff13ff13ff13ff1b
ff2bff23ff1bff1b
fe02fe1afe0afdf2
fdbafe22fe0afe02
fd69fcf9fcd9fd69
fd09fd71fdaafd59
fdd2fd82fd29fd49
fea3fe93fe2afdda
fff4fe5afde2fe0a
0246023601fe0165
02d7030702f702bf
030703170327032f
02ff0307030f030f
02df02cf02df02ef
034f034f035702e7
033703570347031f
032f033703270327
02ef02ff030f0327
024e026e028702b7
01ae01c601de0216
009500d50125016d
fec3ff33ffbc0044
fdfafe0afe22fe5a
fc50fca1fd49fdd2
fc60fc60fc60fc48
fdbafcc1fc70fc68
feebfeebfee3fe9b
fef3feebfef3fef3
ff0bff0bff13ff0b
ff1bff13ff13ff13
ff13ff1bff13ff13
ff13ff0bff0bff0b
ff23ff0bff13ff13
ff23ff23ff23ff23
fe02fe0afe0afdfa
fdbafe1afe3afe0a
fd69fd82fd39fcf9
fd39fd49fd69fd39
fdb2fd69fd31fd01
fe12fea3fe8bfdd2
005cfecbfdbafd82
028f022e01fe0165
02cf02d702f702df
030702ff02e702ef
030f030f02ef02ef
030f0337034f0327
0367035f0367033f
035f035f034f034f
0327031f0337034f
02cf02e7030f032f
028f02af02a7029f
01b601d601fe0256
0115012d01550186
ff8c001c009d00dd
fe12fe22fe62feeb
fc58fcf1fdc2fe02
fc68fc68fc58fc38
fd92fca9fc60fc68
feebfef3fedbfe72
fef3fef3fef3feeb
ff0bff0bff13ff0b
ff1bff13ff13ff0b
ff13ff1bff13ff13
ff1bff13ff13ff0b
ff2bff13ff13ff13
ff33ff2bff23ff2b
fe02fe0afe0afe02
fd51fe02fe5afe1a
fd21fda2fda2fcc9
fd41fdbafd49fd01
fd69fd39fd31fd01
fd69fdfafe93fdf2
0064fee3fdbafd39
02af025601f6015d
02cf02c702df02d7
030f031f0337030f
0357034f032f0307
037f037703980347
03900398035f0398
02ff03170337032f
027e029702cf0307
0236025602760287
01be01e601f6020e
015d0155016d019e
0155014d01550175
000c009500ed0135
fe22fe4afebbff63
fc70fd51fdf2fe22
fc70fc68fc58fc38
fd82fca1fc70fc78
fef3fef3fecbfe8b
fefbfef3feebfef3
ff13ff13ff13ff0b
ff13ff1bff13ff13
ff1bff1bff1bff13
ff13ff13ff0bff0b
ff23ff13ff13ff13
ff33ff33ff2bff2b
fe0afe0afe0afdfa
fce9fda2fe12fe32
fce9fd39fd79fce9
fce9fd9afd8afce9
fd82fd59fd29fd01
fd59fd92fe02fde2
005cfef3fdd2fd39
02e7028f02260186
030f02c702b702d7
031f0327031f031f
02df02ff0327032f
02df02a702af02bf
02cf02ff02d7030f
029f029f02c7029f
025e027e028f028f
0246024602560266
01b6018601ce023e
025e01de01e6020e
01d6020e024e028f
fffc00ad015501b6
fe42fe62feabff43
fcd1fdaafe02fe2a
fc78fc68fc58fc50
fd8afcb9fc89fca1
ff0bff03fef3feab
ff03ff03fef3fefb
ff13ff13ff13ff03
ff13ff13ff13ff13
ff23ff1bff23ff13
ff23ff1bff13ff1b
ff23ff23ff23ff23
ff33ff33ff33ff2b
fe12fe02fe0afe02
fcb9fd31fde2fe32
fcd9fd09fd61fd19
fcc1fce9fd59fd09
fd92fd41fd11fce9
fd79fddafdeafe42
006cff33fe22fd9a
02d702af0236018e
02df02df02a702d7
031f032f030702df
02970276029f02d7
02bf02b702cf02af
0337030702df02bf
02ff03370337031f
02e702df02cf02e7
02b702bf02c702cf
02cf02af02b702c7
02e702f702df02df
0266026e028702c7
015501ce02260256
fe7afed3ffac005c
fd41fddafe0afe42
fc70fc60fc50fc78
fd8afcb1fca9fca9
ff0bff0bfef3feab
ff0bff03fefbff03
ff1bff13ff13ff1b
ff23ff1bff13ff13
ff23ff1bff23ff1b
ff2bff1bff1bff1b
ff23ff23ff23ff2b
ff33ff33ff2bff2b
fe12fe0afe12fdfa
fcd1fd01fdc2fe12
fcd9fd01fd21fd69
fcd1fcb1fcf9fd29
fd9afd29fd11fce9
fdaafdbafddafdfa
00b5ffb4feb3fe32
02bf0297024601ae
02ef02d702bf02c7
02c702f7030f030f
031f033f0317029f
032f030f03470327
035f034703270347
02df032f033f0317
027e02a702bf02cf
024e0236021e0256
027e027e0266024e
028702a7028f027e
01f6021e0226024e
010d0155019e01ce
fefbffa4004400a5
fdb2fdfafe1afe6a
fc68fc60fc60fcb9
fd11fca9fca9fc89
ff0bfef3fecbfe1a
ff0bff0bff0bff0b
ff1bff13ff13ff13
ff1bff1bff1bff13
ff23ff1bff1bff1b
ff23ff23ff23ff23
ff2bff23ff2bff2b
ff23ff33ff2bff2b
fe12fe02fe0afe02
fce1fcd9fd82fe12
fcc9fcd9fce1fd21
fcf9fcc1fcc9fce9
fda2fd31fcf9fcf9
fe32fdd2fdbafdaa
00adffb4fec3fe8b
02c7029702af01f6
030f02e702af02b7
02f702b702ef0317
02af02f703170357
02b702af02c702a7
02ef031702df02b7
032f034f036f02e7
02e7030f0327031f
02260256027e02bf
0226020e02060216
0206021e02460246
020601fe01fe01f6
008d013d01d601fe
fedbfefbff63ffec
fdeafe0afe32feab
fc68fc60fc70fd01
fce9fcb1fc91fc78
ff03fecbfe22fd59
ff13ff13ff13ff1b
ff13ff13ff13ff13
ff23ff1bff23ff13
ff23ff1bff23ff1b
ff23ff23ff23ff23
ff2bff2bff2bff2b
ff2bff2bff2bff2b
fe12fe0afe12fe02
fcf9fcd1fd51fe02
fcc9fcc1fcd1fcf9
fd11fcc9fcb9fcd9
fd51fd59fce1fd09
fe3afe5afdc2fd61
00cdffdcff3bfe5a
02b702a70266020e
030f02e702d702af
033f034f02df02ef
0347032702ef02f7
033f035f035f034f
034f03770367032f
0390035f0367035f
02cf02d702e7034f
0276023e02460287
0276026e0297029f
02bf0287028f028f
029f029f02b702bf
014d01de02460287
fe93fef3ff94006c
fe0afe22fe52fe83
fc60fc60fc89fd41
fce9fca1fc91fc78
feebfe62fdd2fd59
ff13ff13ff13ff1b
ff0bff13ff13ff13
ff23ff23ff1bff13
ff2bff23ff23ff1b
ff23ff2bff2bff2b
ff33ff33ff33ff2b
ff2bff2bff2bff2b
fe1afe12fe12fe12
fd09fcc9fd31fdea
fcd9fce1fcd9fce9
fd21fce9fca9fcc1
fd01fd41fd19fce1
fdf2fe12fd92fd31
00ed0034ff6bfe72
02b7027e022e01de
02f702e702e702bf
02c7033f031702ef
0357035f037f0307
033703470357033f
0357034f0367034f
034f034f038803a0
0246029f02ef033f
0287022e01fe0206
02bf02af02b702b7
02bf02bf02cf02d7
0246027602970297
00dd017501ce020e
ff330004004c0054
fe0afe22fe4afe93
fc60fc70fcb1fd92
fcd1fca1fca9fc70
fedbfe6afdd2fd51
ff13ff13ff1bff13
ff13ff13ff1bff13
ff23ff23ff13ff13
ff23ff2bff23ff13
ff23ff23ff2bff2b
ff33ff33ff2bff2b
ff33ff33ff33ff33
fe22fe12fe12fe2a
fd29fce1fd21fdda
fcf1fd11fcd1fcd1
fd11fcf9fcb1fcb1
fcd1fce1fd49fcd9
fde2fdc2fdaafd01
00cd004cffacfe72
029f0266021601ae
031702e702df02c7
031f02d7030f0317
02cf02df0317031f
031702f7030702f7
033f0327032f033f
02d702f70327036f
0216026602b702cf
0297024601fe01e6
027e028f028f0297
027e026e025e0266
01ee0256025e0246
00ed0135018e019e
ff9400340074009d
fe1afe3afe8bfeeb
fc70fc81fcd1fdca
fcc1fca9fc99fc70
feebfe4afda2fd39
ff1bff13ff1bff13
ff1bff1bff1bff13
ff23ff23ff1bff1b
ff23ff23ff23ff1b
ff2bff23ff2bff23
ff33ff2bff2bff2b
ff3bff2bff2bff2b
fe22fe22fe22fe2a
fd39fd41fd19fdea
fd01fd69fce9fcc9
fcd9fce9fcb9fcb1
fcc1fcb1fce1fd09
fe12fda2fd82fd19
00cd005cffc4fecb
02a7024601e6014d
030f02e702c702cf
0357033f02e702ff
0236025e02cf030f
029f0276027e024e
02cf02d702f702c7
022e024e025e02a7
01e6022e023e022e
0287025e01fe01ce
023602660276027e
025e026e02360216
014d01ce0236024e
009d0115012d0165
ff2bffcc001c002c
fe4afe83feabfebb
fc78fc81fd01fe02
fcd1fcb1fc99fc81
fedbfe42fdd2fd69
ff1bff13ff13ff13
ff1bff1bff1bff1b
ff23ff23ff1bff1b
ff2bff23ff1bff1b
ff33ff2bff2bff23
ff2bff2bff33ff33
ff4bff43ff3bff33
fe32fe22fe2afe22
fd01fd11fd39fe02
fd19fd71fd01fcd1
fcd1fce1fcc1fcc1
fcc1fc99fc99fcd1
fe4afdf2fda2fd19
00dd0085ffc4ff2b
029f026601ce0186
02ff030702b702a7
03270357030702c7
020e01c601ee029f
014d018601ee01c6
00a500e50095008d
0155014d00f50095
01550196016d0165
0236021e01de0186
0226024e0266024e
0266027e02760216
012d014d01c6023e
ffe40085010d018e
fe7afee3ff6bff94
fe5afe52fe4afe5a
fc70fc89fd51fe42
fd21fcb1fc91fc91
feebfeb3fe62fda2
ff13ff13ff13ff13
ff1bff1bff1bff1b
ff2bff23ff23ff1b
ff23ff23ff1bff23
ff3bff33ff2bff23
ff4bff4bff43ff43
ff7bff6bff5bff53
fe2afe22fe32fe1a
fce9fcf9fd41fdf2
fcf1fd39fd19fcc9
fcb1fcc1fcc9fcb9
fd19fcb1fc89fc89
ff43fe3afdc2fd8a
0115005c0064ffa4
028f02870206018e
02cf02ef02bf02af
023e02b7031702f7
012d0135018601a6
0014001c004400fd
fefbff0bfef3ff33
ffdcffacff4bff0b
00c500c500540024
01de01ae01650105
01e6020e02160206
01ee021e023e01fe
010d00fd014501ce
ff43ffb40085010d
fe2afe52feb3fef3
fe12fdeafdf2fe0a
fc78fcb1fda2fe42
fd41fca9fca9fca1
fefbfef3feabfdd2
ff13ff13ff1bff0b
ff13ff1bff1bff13
ff1bff1bff23ff1b
ff23ff1bff1bff1b
ff53ff43ff3bff33
ff7bff6bff63ff6b
ffbcffacff94ff8c
fe32fe2afe2afe22
fcf1fd41fd61fdfa
fcc9fcf1fd11fce1
fc99fc99fcb9fcb9
fd92fd39fca1fc81
ff9cff33fddafd9a
00cd008d0064ffec
0287026e0287019e
02c702bf02c702b7
0196025602ef031f
01050135013d018e
ff7bffacffcc00bd
fedbff03ff0bff03
ff73ff13fedbfeeb
00bd0054ffecff84
01be016d00ed00ad
01e6020601e601ce
019601de01fe01fe
004400ad00e50155
fe93ff0bffc4003c
fdeafdd2fe0afe3a
fdcafdb2fdc2fdda
fc99fd11fdeafe12
fd19fcc1fcc1fca1
ff03ff13fedbfe12
ff1bff13ff1bff13
ff1bff1bff1bff0b
ff2bff23ff23ff23
ff4bff3bff33ff2b
ff84ff73ff63ff5b
ffbcffacffa4ff9c
fffcffe4ffd4ffcc
fe32fe32fe32fe22
fce1fd39fd82fe0a
fcc9fcd9fcf1fcd1
fc99fc81fca9fcb9
fde2fd92fce1fc89
ff43ff33fe42fde2
012d009d003cffec
02af02970256017d
02f7029f02af02bf
017501ee02b70307
01be01f601c601a6
002c00e5017d01a6
ffb4ffacffb4ffac
ffccffc4ffa4ffc4
009d006c0014ffb4
01b6014d00ad008d
01c601e601ee01c6
013d019601c601ce
ff5bffd4004c00c5
fe1afe62fec3ff13
fd8afd92fdaafdd2
fd8afd69fd71fd82
fcb9fd69fdd2fdc2
fcf1fcd9fcc9fc99
ff13ff1bfee3fe02
ff1bff0bff1bff1b
ff23ff1bff1bff1b
ff43ff43ff3bff2b
ff7bff73ff5bff4b
ffb4ffacff94ff8c
fff4ffecffdcffd4
0024001c00140004
fe32fe2afe32fe22
fcd9fd19fd9afe0a
fcc9fcb9fcd1fcc1
fc91fc89fc89fcb9
fdc2fdaafd19fcb1
ff13fedbfdfafe02
009d001cffc4ff84
02cf02af02560186
02e702b7029f02bf
01be01ae025e02cf
025e0256020601e6
006c011d01a601f6
ffa4ffc4ffec0004
0014001cffe4ffc4
00c500bd00740024
019e013500b500a5
015d018e01de01d6
009d0105014d0175
feebff53ffac002c
fdcafdeafe2afe93
fdb2fdbafdbafdb2
fd61fd71fd92fdaa
fce9fd9afd9afd69
fce9fce1fcd1fca1
ff1bff13fed3fdca
ff23ff13ff1bff23
ff4bff3bff2bff1b
ff73ff63ff5bff53
ffbcffa4ff94ff84
ffecffe4ffd4ffcc
002c001c000c0004
005c004c003c0034
fe2afe2afe32fe22
fce9fcf1fd71fe0a
fcc9fcb9fcd9fce9
fcb1fc81fc81fca9
fd82fd61fd21fd19
fee3fea3fdf2fdda
0095ff73ff33ff1b
02d702b7026601ce
02a702af02af02cf
023601f601ae0266
016501ee0226024e
ffb4000c005c00dd
ff3bff6bff63ff6b
fffcffccff63ff2b
00950095005c0034
01ae011d0095007c
011d014501ae01d6
ffdc0014008500f5
fe93feebff33ff7b
fddafdeafe1afe4a
fdfafdfafdfafde2
fd92fdbafdcafde2
fd39fda2fd82fd71
fce9fcf1fcc9fcb9
ff1bff1bfec3fda2
ff43ff33ff2bff23
ff7bff73ff63ff43
ffb4ffa4ff9cff8c
fffcffdcffccffc4
002c0024000c000c
005400440034002c
0085007c00740064
fe2afe3afe32fe1a
fce1fce1fd49fe0a
fcd1fcb9fcf1fcf9
fce9fca1fc89fcb1
fd71fd69fd31fd21
fe62fe32fdd2fdb2
0085ff63fecbfe9b
02df02df02af01b6
0266026e028f02d7
024601fe01be01be
002c010501a6020e
fe7afe9bfed3ff6b
fe83fe7afe5afe52
ff73ff1bfec3fe93
003c0004ffe4ffb4
019e012d008d004c
0105010d01550186
ff43ff63ffd40095
fe42fe83fedbff0b
fdf2fe12fe22fe2a
fdf2fdf2fdfafdea
fddafde2fdeafdea
fd82fdd2fdaafdba
fcf9fcf1fcc1fcd9
ff33ff23fecbfdb2
ff84ff6bff63ff53
ffacffa4ff9cff8c
fff4ffe4ffd4ffbc
002400140004fffc
005c004c003c0034
00950074005c0054
00ad00ad00a5009d
fe2afe32fe32fe2a
fce9fcf9fd61fe02
fcb1fcc1fd01fd31
fd01fcb1fc89fc99
fd71fd59fd49fd31
fe22fdf2fda2fd9a
00adff53fe93fe4a
02e702ef02df0206
02060236027e02cf
01ce01e601c6019e
fe72ff6b005c0145
fd71fd82fda2fdda
fda2fd71fd59fd59
fedbfe83fe32fdea
ffecffb4ff84ff3b
0155011500a50034
0125016d0165015d
fee3fef3ff9c008d
fe22fe42fe72feab
fdb2fdd2fdfafe0a
fda2fd9afd9afda2
fdfafdeafdc2fdba
fda2fe02fdfafdfa
fd01fce1fcb9fce9
ff6bff5bfefbfdb2
ffacff9cff9cff84
ffecffdcffccffbc
002c001c0004fffc
0054003c00340034
0085007c006c005c
00bd009d009d008d
00d500cd00c500c5
fe3afe32fe32fe3a
fcf9fd19fd79fe12
fca1fcd9fce9fd31
fcf1fcd1fc91fc89
fd9afd82fd41fd29
fddafdaafd82fd8a
011dff84feabfdf2
02df02e702f7028f
01ce021602360297
00ad013d0186017d
fd71fde2fed3ffec
fd31fd61fd8afd82
fd21fd21fd29fd19
fe93fe2afdaafd49
ffccff53ff13fed3
015500ed009d0024
015501d601b60196
fe7afe83ff1b0064
fdeafe0afe3afe5a
fce9fd19fd61fdaa
fd11fcf9fce9fce9
fdf2fdc2fd79fd49
fdbafe22fe22fe12
fcf9fcd9fcd1fd01
ffb4ffbcff2bfdaa
ffe4ffdcffd4ffbc
001c00140004ffec
0054004c003c002c
007c0074006c005c
00b500a5009d008d
00d500cd00cd00bd
00ed00e500dd00dd
fe42fe32fe32fe32
fd01fd21fd71fe1a
fca9fcd1fcb9fcf9
fd09fcd9fca1fc81
fd79fd71fd21fd11
fd9afd8afd61fd82
01a6ffacfea3fde2
02c702e702ef02c7
018e0206023e0287
ff5b002400cd0135
fdb2fda2fdc2fe8b
fcc9fcd1fd01fd69
fd41fd49fd41fcf1
fe42fddafd79fd61
ff7bff0bfec3fe83
01be00f5005cffe4
01be0246021e020e
fe3afe3afeb3003c
fd71fdb2fdeafe12
fc99fca9fcd9fd21
fcb9fca9fc99fca1
fdc2fd71fd19fcd9
fdcafe52fe3afe02
fcf9fcc9fcd1fd09
ffdcffe4ff5bfdca
001c001c0004fff4
005c0044003c002c
008d008d00740064
00b500a5009d0095
00d500cd00cd00bd
00ed00ed00ed00dd
00f500f500ed00ed
fe3afe2afe32fe3a
fcd1fce9fd69fe22
fcc1fcd1fc99fcc9
fcf9fcc9fcb1fc91
fd69fd59fd31fd11
fd79fd69fd49fd61
020e0004fed3fe12
02cf02e702e702cf
016501ee0256028f
fe9bff4b002400ed
fe32fdd2fdc2fdda
fcd9fe93fe02fd82
fdfafe2afd79fd21
fe42fe2afe3afdf2
ff73ff1bfed3fe8b
023601450054ffa4
021e02ef02d7029f
fddafdf2fe6a0004
fcf1fd31fd71fda2
fc68fc70fc99fcc1
fcc1fcb1fc99fc78
fd82fd29fce1fcc1
fdd2fe7afe42fde2
fd11fcc9fcc1fd01
000c000cff73fdea
0054004c003c0024
008d007c0074005c
00b500b500a5009d
00d500cd00c500b5
00ed00f500ed00e5
00f500ed00ed00ed
01050105010500fd
fe3afe32fe3afe32
fcd1fcf1fd82fe32
fcb9fca9fc89fcb9
fd01fcc9fcb1fcb9
fd49fd41fd31fd11
fd69fd39fd39fd51
025e007cfedbfe22
02c702d702df02cf
018e01de024e0297
feabff6b003400f5
ff84feabfe5afe4a
fc60fd09fd69fd9a
fed3fe62fd82fcb9
ff1bff23fedbfe72
fffcffc4ff7bff3b
02ef022600ed000c
0266035f03980357
fd71fd92fe2a000c
fca9fcd9fd11fd41
fc50fc48fc58fc78
fce9fce1fc91fc60
fd61fd11fce9fcd9
fdaafe83fe3afdc2
fd39fcc1fcb1fce9
003c0034ff94fe4a
008d007c006c005c
00b500ad00a50095
00d500d500c500bd
00f500e500d500cd
00fd00fd00f500f5
0105010500f500ed
0105010d010d010d
fe3afe3afe3afe3a
fcd9fcf1fd92fe42
fcc1fcb9fc89fcc1
fd11fce9fcd9fce1
fd29fd19fd31fd21
fd9afd29fd21fd29
02870135ff03fe2a
02cf02d702d702c7
01ae01f6024e02a7
ff1bff84004400ed
009d00adfffcff94
fcb1fcb1fd92fdfa
ff3bfeb3fe2afd8a
ffbcff3bfed3fee3
013d010d00ad0024
03880327024e019e
02bf0347037f03a8
fd31fd59fe1a009d
fc81fcb9fce1fd09
fc38fc38fc50fc60
fd21fcf9fc81fc68
fd49fd09fcf9fcf9
fd51fe62fe2afdb2
fd71fcd1fcb1fce1
00740054ffe4fed3
00bd00a5009d008d
00cd00c500c500bd
00e500e500dd00d5
00ed00e500e500dd
00fd00fd00f500ed
010d010d01050105
010d0105010d0105
fe3afe3afe42fe3a
fd11fd11fdaafe42
fcc1fcc9fca1fcd9
fce9fcd9fcc1fcd9
fcf9fd19fd51fd59
fdcafd21fcf9fd09
029f01deff8cfe62
02d702d702d702c7
01ce0226024e02a7
0085001c00b5014d
01c601be01960175
fe4afe5afec30024
fffcff8cfed3fee3
ffe4ffecffb4ffac
028f029f022600a5
03a0037f033f02d7
02df0357038803a0
fd09fd59fe7a014d
fc81fc99fcb9fcd9
fc40fc40fc58fc70
fd41fd09fc81fc58
fd51fd19fd01fd11
fd19fe42fe22fdba
fdbafcf1fcb9fce1
00a5008d005cff53
00e500cd00c500bd
00dd00dd00d500d5
00f500f500ed00e5
00f500f500e500e5
00fd00f500ed00ed
010d0105010500fd
010d0105010d0105
fe3afe42fe52fe42
fce1fd29fddafe4a
fcc1fce1fcd9fcd9
fcd9fcb9fcc1fcd1
fce9fd11fd51fd61
fe2afd59fcf1fcf1
02af023e002cfeab
02e702d702d702d7
0266028f029702b7
027601e601d60216
02060226024e026e
00ad00b5011d021e
00e500a500850085
015d01b6013d00c5
02e7030702f701d6
039803b00398032f
02df034f03980398
fd09fd8aff3301be
fc89fc89fc99fcc1
fc60fc60fc70fc78
fd51fd31fca1fc60
fd69fd41fd39fd31
fd01fe1afe12fdc2
fe2afd29fcd9fce9
00dd00cd00b5ffe4
00ed00dd00e500ed
00f500ed00ed00ed
00fd00fd00f500f5
00fd00fd00f500fd
00fd00ed00e500fd
010500fd00f500f5
01150115010d010d
fe4afe4afe52fe42
fcf9fd49fdeafe42
fcd9fce9fcd9fcb9
fcd9fca9fcc1fcf9
fcf1fd09fd59fd71
fe62fd9afcf9fce1
02c7026e00b5fefb
02f702e702e702df
02d702c702e702f7
02b702df02bf02d7
02bf028f029f028f
0165015501de0266
00dd010d0125013d
014d00fd00ed00dd
032702ef02a701c6
039803b803b0037f
02e7034f03900398
fd41fdfa001c01f6
fc99fc99fca9fcd1
fca1fca1fc99fc99
fd69fd51fd01fcb9
fd92fd92fd9afd82
fcf1fe12fe12fdca
fe8bfd61fce9fce9
00f500f500e5005c
00fd00e500f50105
010500fd00fd00fd
010500fd00fd00fd
010500fd01050105
010500fd00fd0105
010500fd00f500fd
011501150105010d
fe42fe42fe4afe42
fd29fd69fe0afe42
fd01fcf1fcb9fcb1
fd11fcb9fcc9fd21
fcd9fcf9fd21fd21
fe72fd9afd11fcd1
02df0297013dff73
030702ff02f702ef
031f03370327030f
02bf02d702f7031f
027e029702af0297
01fe0236027e028f
011d016501ae01de
00ad00b500bd00dd
0388035702bf0165
0398039803a003a8
02ff036f03770388
fdc2fea300e5023e
fcc1fcc1fce9fd41
fd41fd29fd09fce1
fdb2fd8afd71fd59
fd9afdcafdf2fdca
fd09fe1afdfafdb2
fefbfdcafd01fce9
00f500fd00f50095
00fd00f500fd00fd
00fd00fd00fd00fd
0105010500fd00fd
010500f500fd00fd
00fd010501050105
00fd00fd01050105
011d010d01050105
fe4afe42fe42fe42
fd11fd69fe2afe4a
fd41fcf9fcb1fcb9
fd11fcc9fce9fd69
fcc1fcf9fd19fd21
fe6afdc2fd29fce1
02df0297017dffe4
031f031702ff02e7
0337036f03570327
02e70307030f0317
02a70266029702a7
01d6025602a702b7
00d5011501450186
019e010500c500bd
036f0367034f028f
0390037f03980388
031f03670367037f
fe12ff6b017d027e
fd11fcf9fd59fdf2
fde2fdcafd9afd51
fe0afdfafdf2fdf2
fda2fde2fe1afe12
fd29fe22fdeafd9a
ffb4fe62fd31fd01
00fd00f500ed00b5
00fd00fd00fd00fd
00fd010500fd00fd
0105010d01050105
010500fd010500fd
01050105010d00fd
00fd00fd010d010d
011d010d010d00fd
fe52fe52fe4afe4a
fd09fd92fe42fe4a
fde2fd59fcd9fcd1
fd21fd19fd31fdb2
fcc9fd11fd59fd39
feabfdfafd49fce9
02cf02a701960044
0337031702ff02e7
03270367034f0327
030f031f031f030f
026e01fe02870307
018e01be01a601f6
010500fd01150155
0327025e01be0165
0388035f0357036f
0390038803980390
033f039803880367
fe720064020602c7
fd79fdbafe32fe3a
fe52fe32fdeafda2
fe32fe3afe4afe4a
fdbafdfafe22fe32
fd49fe2afddafd9a
007cff3bfd79fd19
00fd00f500f500e5
0105010500fd00fd
00fd00fd01050105
00fd010501050105
00fd010d01050105
010d0105010d0105
01050105010d010d
011d0115010d0105
fe5afe5afe4afe42
fd49fdc2fe52fe4a
00dd00b5ff84fdd2
fdaafdeafe62ffbc
fce1fd11fd51fdb2
fef3fe6afda2fd01
02cf02a701ce006c
0317030f02ff02e7
03370357034f0337
02ef02f703370317
026e024e02af02df
01f6020601ee022e
02260226020601ee
034f033f02f70297
037f03a00398036f
039003900398037f
0367038803770377
ff0b01350297031f
fe62fee3feb3fe52
fe72fe32fdf2fdf2
fe42fe52fe62fe62
fddafe02fe2afe42
fd82fe12fde2fdba
00d5ffd4fdeafd31
00fd00fd00fd00f5
00fd00fd01050105
00fd00fd00fd00fd
0105010501050105
010d0105010d010d
010d010d01050105
0105011501150115
011d0115010d0105
fe52fe62fe4afe42
fe93fdf2fe62fe4a
035f03880317017d
fed3ff23fff401de
fd29fd41fd8afdf2
fefbfe42fdc2fd41
02d702bf0216007c
02ef02ef02e702d7
0337033f0347030f
0317031702ff033f
02ef02f7030f030f
02a702bf028f0297
02ef02d702b7028f
034f034f034f0317
0377037f037f0357
0377038803770398
0390037f036f037f
ffbc01d602ff035f
ff73ff2bfe93fe5a
febbfe9bfeb3ff4b
fe52fe7afeabfec3
fddafdfafe22fe3a
fdbafe12fdeafdca
00ed002cfe5afd59
00fd00fd00fd0105
00fd010500fd0105
010500fd00fd00fd
010d010501050105
010d010d0115010d
0115010d0105010d
010d011501150115
0115010d0115010d
fe4afe52fe5afe42
00adfe5afe5afe52
02a702ff032f02ef
ff0bfedbffcc0196
fdcafdcafe02fe62
ff2bfe32fdd2fd71
02cf02df026e00d5
02ef02f702ef02d7
034f0337033702ff
0327033f03370357
031f03170327032f
02e702bf02b702ef
032f031f02ff02ff
035f0367033f0327
034f036f0377034f
035703670367035f
03a0037f036f0367
006c023602ff036f
ff8cfef3fe62fe9b
0044001c003c0014
ff33ffb4000c0044
fe1afe4afe9bfee3
fde2fe1afe1afe1a
00fd009dfeebfd79
00f500fd00fd00fd
01050105010500fd
0105010501050105
010d010501050105
011501150115010d
010d010d0115010d
011d011d011d0115
011501150115010d
fe42fe4afe5afe3a
01aefed3fe52fe52
ff730034014d0256
feb3fe22ffdcff5b
fe12fe93fee3ff0b
ff5bfe22fdbafd9a
02b702e702b70125
02df02df02d702cf
0357033f030f0307
036f037f03770357
03070337035f034f
0337030f03070307
0337033f031f031f
033f034f032f0317
0388037f0367034f
034f036f037f0398
0390034f03670347
0125026e0307037f
ff2bfe9bfe6aff23
012500d50074ffc4
008500b50105014d
ff73ffec00740095
fe1afe2afe72fefb
010500d5ff73fdb2
00fd00fd00f500fd
01050105010500fd
010d0105010d010d
010d010d010d010d
01150115010d0115
0115010d0115010d
011d0125011d0115
0115011501150115
fe42fe4afe52fe3a
017dff23fe4afe4a
fe93fed3ff7b00ed
ff5bfe320085fef3
fe3aff03ffa4ff7b
ff84fe22fdbafdba
029f02e702d70175
02ef02d702c702bf
0347033f0317031f
0390037f035f0347
030f033f03a00390
033f034703370327
02e7030f03270327
030f032f030f02c7
0347034703570337
0347035f03670357
03a00377036f0357
0196027e02df034f
fecbfe62fed30004
016500c5001cff63
01250135018e01ce
0105017d01960165
fe42fe62ff530044
010500edffa4fdda
00fd00f500fd00fd
010d0105010500fd
01050105010d010d
010d010501150115
01150115010d010d
011d011501150115
0115011d01150115
010d0115011d011d
fe42fe4afe4afe52
00bdff0bfe4afe42
fe9bfe8bff13ffec
001cff4b0115ff53
fe72ff940014007c
ffecfe52fde2fdea
029702af02c701ae
02f702c702c702b7
034f0327030f030f
0390038803370357
0347033f037f0388
0337033f0327033f
029702f703170337
0327030702df02cf
02bf0297029f02ef
035f034f031f02e7
03b8036703670367
01ee026e0317034f
fe62fe4aff4300e5
017500d5ffecff03
01a601b601ee01f6
014501c601de01ae
fe6afec3ffd400ad
011500edffa4fe1a
00fd00fd00fd010d
010d0105010d00fd
0105010d0115010d
010d010d010d010d
011d011501150115
011d011d011d011d
011d011501150115
011d011d01250125
fe52fe5afe4afe4a
0074fec3fe4afe4a
0024fedbff0bffcc
017501a6019601ae
ff43003c00b500e5
0014fe72fe02fe52
02bf029702560165
02d702c702bf02a7
034f030f02ff02ef
0377034f035f034f
0367037f0367037f
03470357031f0357
025602bf02ef0317
0287029f02760287
02c7025e01d601fe
033f032f031702f7
03a0037f034f0367
01de025e02ff0327
fe3afe72ffb4011d
018600ddffc4feb3
01f60236022e0206
0115017d01b601b6
fea3fed3ffbc0085
011500e5ffbcfe5a
00fd0105010d0115
010d010500fd00fd
0105010d011d0115
010d010d0115010d
010d010d010d0115
01250125011d0115
011d011d011d0115
0125012501250125
fe5afe62fe4afe42
017dfec3fe52fe5a
027e006400240145
026e035f030f0367
00b5016d016d0125
0004fe9bfe1afeeb
02bf029f01f60115
02d702b7029f028f
0337030f02ef02df
0367032f031f033f
0377039003770377
031f034f035f0388
024e028702c702ef
019e020e027e0287
033f02f701b60115
03570347034f0347
0347037f034f0357
0186021602a702e7
fe2afe93ffcc00e5
018600adff33fe62
022e0276023e0206
00c5014501ae01e6
fe93fea3ff430024
011500edfff4fe93
0105011501150115
010d010d010500fd
010d010d011d0115
011501150115010d
0115011d0115010d
011d011d0115010d
011d011d011d0125
0115011d011d0115
fe5afe62fe4afe3a
0266ff0bfe6afe6a
03470297028702bf
013d032703900377
024602d7020e00ed
ff53fe62fe830054
029f025e0155001c
02df02bf02870287
031702ff02e702df
034f0327032f032f
0388039803900388
02e7032703570390
0236024e027e02df
00d501750206020e
035f0327026e010d
03670367037f0377
02b702cf02ef033f
00e5016d02060276
fe22feabff73004c
016d003cfec3fe1a
02460266022e01fe
00850115018e01ee
fe83feabff2bffcc
010500ed0004febb
010d011d011d0115
010d010d010d0105
010d010d011d0115
01150115010d010d
0115011d01150115
011d011d011d0115
01250125011d011d
0115011d011d011d
fe6afe6afe62fe52
028fff63fe9bfe72
036f033f033f02ef
000402360377037f
031f036702cf008d
fe7afe52ff8c0206
027e01fe0085ff33
02bf029f0266026e
02ff02d702cf02cf
0347033f03370327
0347036f0357032f
02ef032f0347033f
01ee022e023602af
00c5008d0145019e
032f02e7026601c6
02cf032f0357036f
01ee01fe023e0287
00440085014501ce
fe42feb3fef3ffb4
012dffacfe8bfe0a
023e0246021601e6
00640105017501ee
fe83fea3ff23ffb4
010d00edfff4fec3
0115011d011d0115
010d010d010d010d
0115010d011d0115
0115010d010d010d
011d011d01150115
011d011d011d011d
0125011d0125011d
011d011d011d011d
fe93fe9bfe93fe83
02bfffb4fedbfeab
0377035f035f0307
ffa401de0357036f
034703900398015d
feabfedb010502cf
024e01de00c5ffcc
02a7027e025e0256
02d702c702af02a7
030702ff02ef02df
0327034f033f0327
02d7035f032f02f7
01b6020e025e0287
017d0024006c0135
02df0297021e021e
00a5014d022e02cf
013500e500950064
ff84ffa4006c0125
fe52fe8bfe93fee3
0064ff33fe6afe12
022e020e01fe01be
004c00e5015d01ee
fe8bfe9bfefbff8c
010d00f5fffcfecb
0125011d011d011d
010d010d0115011d
0115010d011d0115
0115011501150115
011d011d011d011d
012501250125011d
012d0125011d0125
011d011d0115011d
fedbfeebfedbfebb
02f7ffecff23fefb
037f038803b8034f
003401ce032f0367
037f03c003e002f7
fee3000c020e031f
020601ae00e5ffdc
02870266024e023e
02b702b7029f028f
02df02cf02af02a7
0307031703170307
025e02cf032702ef
012d01d6025e0266
023600bdffdc007c
024e022602260276
fd59fe6a003c01ae
ffbcfe83fd82fd31
feb3fed3ff4b0004
fe1afdfafe02fe3a
ffa4fec3fe3afe02
020e01e601ce0125
002c00d5015501d6
fe9bfe9bfed3ff73
011500f5fffcfedb
01250125011d0125
0115010d011d011d
010d010d011d011d
011d011d0115010d
011d011d0115011d
011d011d011d011d
0125012501250125
011d011d011d011d
ff33ff33ff1bfefb
02dfffecff63ff43
0388038803c00388
012501ae032f037f
037f03c003e80398
ffec00d5024e0337
01ee016d007cffdc
0256024602360216
0297029f02b70287
02b7029702af02a7
02e702f702e702c7
0256029702ef02e7
00b5014d01de0246
029f0196ffec0004
01b6025e02a702d7
fd39fdfaff3b00a5
fe4afd69fd09fcf1
fe0afe52fea3ff13
fdc2fd69fd19fd69
ff1bfe6afdeafdb2
01d601be0175004c
ffe40095012d019e
fe9bfe8bfeb3ff33
011d0105001cfef3
01250125011d011d
011d012501250125
011501150125011d
011d0115010d0115
011d011d0115011d
01250125011d011d
012d012501250125
011d011d011d011d
ff73ff6bff63ff53
0256ffecff9cff84
03a0036f03b00398
0115016d035f03d0
036f03c803d00337
007c0125026e0347
017d00e500adffec
023e021e01ee01ce
0276025e027e025e
028f0276028f029f
02cf02df02bf02af
0216024602870297
004c00fd017d01ce
02e7026e00adffbc
01fe030f0307030f
ff73ffb4ff9c006c
fee3fee3ff4bff84
fd39fdeafe7aff2b
fd79fd39fcd9fcc1
febbfe22fdbafd71
0186017500d5ff7b
ff8c002400d50155
fe9bfe8bfea3ff03
0125010d0024fefb
011d011d012d0125
0125012501250125
012501250125012d
011d011d011d0125
011d011d01150115
0125011d011d011d
011d011d012d0135
0125011d011d0125
ffb4ffa4ffa4ffa4
019efff4ffd4ffc4
0388035f03880388
006c00c502d703c0
038803e0035f0276
00a5014d024e0327
016d00b5004cffe4
021601de01b601b6
023e023e023e021e
026e026e027e026e
029f029f02b7029f
01c6022602660297
fffc007c00ed015d
0337030f01eefffc
029702e702d70307
014d00dd015501ee
008d00e500fd0186
fcc9fd59fe2aff43
fd29fcf9fcc1fcb1
fe72fe02fda2fd49
012d00ddffecff13
ff4bffc4007400fd
feabfe8bfe8bfed3
012500fd000cff03
011d011d012d012d
012d012d01250125
012d012501250125
011d012501250125
011d011d01150115
01250125011d011d
01250115011d012d
014d014501450135
fff4ffecffecffec
00f5001c000cfffc
037f035703b00337
0135008d02460377
037f037f030f02f7
00bd011d01f602ef
01250105002c006c
01c601ae01b60155
01de01e6021e01be
0206021e022601ee
02a70297027e0256
016501a602160266
fffc002c006c0115
02c702f7028f00cd
0266025e022602a7
015d00ed01ae0246
ffa4ffe4006c0145
fcd9fd29fdeafed3
fce1fca9fca9fcb9
fe3afde2fd82fd29
00bd000cff1bfeab
feebff7b003400bd
feb3fe8bfe6afe8b
012500edffd4fedb
0125012501250125
012d012d01250125
012d01250125012d
011d012501250125
0125011d01150115
012d012d011d011d
0135012501250125
0175016501650155
002c0024001c0024
0095004c0044003c
036f035f03c0029f
026e010d01ee0357
0327030f03570377
009d0115021602c7
00f500fd0054008d
019e015d01960165
01d601ae01c60196
01e601be01b601c6
025e0256024e0226
00f5015d01c60226
00a5007c006400c5
01ee02a7026601c6
01d601fe018601ee
011500cd00fd0135
ff1bff53004c0125
fdeafe93ff4bfefb
fcc9fc91fcc1fd39
fdfafdaafd59fd11
ffecff1bfe9bfe4a
feabff33ffd40034
fe93fe7afe5afe72
012d00edffc4fe9b
01250125012d012d
012d012d01250125
0125012d012d012d
011d011d01250125
012d012501150115
012d012d01250125
01550145012d0125
01a6018e01860175
005c0054004c004c
007400740074006c
03370357037f01be
037f02e702df0398
02df02f703170357
00b5013d022e02cf
00e5010500b5006c
01f6015500bd014d
01e601de01f601be
01a60165017501ae
021e021e021601fe
00fd011d019601ee
016d00ed00cd00c5
0145023e0226025e
006c0135013d0125
003c0004004c0034
ff6bff9400ad00bd
ff23ff94ff84ff0b
fcc9fcd1fd41fe62
fda2fd51fd21fcf9
ff1bfe9bfe4afdfa
fe5afeabff13ff5b
fe52fe4afe42fe42
013500e5ffa4fe5a
012d012d012d0135
012d012d012d012d
0125012d012d012d
0125011501250125
0135012d01150115
01250125012d012d
017d0165014d0135
01c601be01b6019e
008d007c00740074
0085008d008d008d
030f036f02ef0105
03b00388037f0337
02af032f039003b8
00950115024602cf
00fd00b500b5008d
0175016d00dd010d
013d018e018e012d
01860196018e016d
018e01e601e60186
0145015d0175017d
0226017d013d0145
012d018601c6026e
003c00d5009500d5
0024ffd4ff840034
ff63001400a50024
fefbffb4ff0bfeeb
fcf1fd21fddafec3
fd49fd09fcf1fcf1
fe7afe4afe02fda2
fe22fe42fe8bfe9b
fe0afe1afe22fe32
013500d5ff7bfe22
0135012d012d0135
012d012d01350135
012d012d012d012d
0125011d012d012d
013d013501250125
012d01250125013d
018e017501650145
01ee01e601d601b6
009d0095008d008d
0095008d009d009d
032f0367021600bd
036702f702d702b7
032f039803c003c0
008d014d026602d7
00cd00bd010500d5
00ed017d00e5006c
00f500dd012500fd
01ce01960155010d
015501e601ce016d
01e601ae019e0175
0236023e01be01d6
00ad00c5015501d6
008d00740014002c
004cffccffb40074
ff9c00640074ffe4
ff84fff4ff53ff33
fd49fd71fe12feab
fd19fce9fcf9fd21
fe42fe02fda2fd51
fdfafe12fe3afe52
fdd2fe02fe22fe1a
013d00adfef3fdca
012d012d0135013d
012d012d01350135
012d0135012d012d
01250125012d012d
013d013d0125011d
012d0125012d013d
019e017d0175014d
020e020601ee01c6
009d009d009d0095
0095008d009d009d
037f02e7013500ad
032702df030f0357
038803b803c00398
00b5019e029f033f
00ed00f500f500c5
00e5014d013500a5
00fd005c00a500e5
01be012d0145012d
017501d6015d01c6
021e023601e60196
016501d601b601c6
00a5006c015d012d
007c0064000c0014
010500c500cd00c5
013501fe016d00fd
00cd011d0064003c
fd9afdcafe32fefb
fd19fcf9fd51fd82
fe12fdbafd51fd29
fde2fe0afe2afe32
fdaafdeafe02fdfa
013d00bdff13fdba
012d01350135013d
012d013501350135
012d012d0135012d
012d011d012d0135
013d012d01250125
01350125012d0135
01ae019601750155
022e021e01fe01d6
009d00a5009d009d
009d00a500ad009d
034701e600b5009d
035f03a003d803d0
03b003b803c80388
00ad01d602e70398
010d012500b5001c
014d0175018e0125
00f5006c003c00e5
0165009d011d0125
018e0175018601b6
01be01e601d601ce
014d018601de018e
00d5007c00cd0125
018e01150064004c
026e026602360226
028f02cf028f0266
01ce027601e601de
fdfafe5aff0bfffc
fd39fd41fd51fd71
fda2fd61fd49fd29
fdeafe12fe1afdea
fd71fdaafdbafdda
013500f5ff94fdaa
013d0135012d012d
013501350135012d
01350135013d0135
013d012d01250135
013501350135013d
013d01250125012d
01c6019e0186015d
0236022e021601ee
00a5009d00a500a5
00a500a500a500a5
027e00e5007c009d
036f03b803c00377
03c003c803d80390
00ed023e02f70390
00e500d50004ffa4
00e5010d00fd00d5
00cd00b5008500b5
012d00a500cd00dd
019e017501960186
01f6021601f601ee
00f50105019e019e
0105006c0014009d
027e020e01d60125
01fe01de021e029f
019e016d018e01d6
011501de01ce01ae
feb3ff6b002c005c
fd69fd69fda2fe02
fd51fd21fd21fd51
fde2fe0afdeafdaa
fd82fda2fda2fdba
013d00fdff5bfdaa
013d0135012d012d
0135013d0135012d
01450145013d012d
0135012501250135
0135013d01350135
0135012d012d0135
01d601ae018e015d
0246023e02260206
00ad00a500a500a5
00ad00a500a500a5
013d008d008500a5
034f036f0357028f
039803c803b8037f
00dd023e02c70327
0054007cfff4ffbc
002c007c00cd0074
fff4ffec005c00b5
0135002400ad0074
0186016501650155
02360276023e0206
00ad00e50105018e
018e008500040064
01a6021e029f023e
00fd00fd01050145
00bd006c005c00c5
ff2bff94003c00a5
ff53ff5bff3bff03
fdbafdfafe83ff1b
fd19fd09fd09fd71
fdd2fdeafdd2fd71
fd92fd9afd92fda2
013d010dffc4fe02
0145013d0135013d
013d01450145013d
014d0145013d012d
01350125012d0135
013d013d013d0135
012d012d012d013d
01e601b601860155
023e023e022e020e
00ad00ad00ad00a5
00ad00a500ad00ad
00a5009d00a500ad
02f702a701de00f5
02f70347034f0337
00ad021e02760266
002cffecffd40004
009d00cd006c00ad
005c001c004c00c5
00c5002c009500a5
018e018e014d011d
021e028702760216
0095009d00a500cd
01ce00f50064002c
006c00ad015d01fe
ffecfffc00340044
fffcffc4ff4bffb4
fe32fe7aff530024
fecbfe9bfe52fe22
fddafe42fecbfef3
fd01fd11fd21fd51
fdbafde2fddafd51
fd79fd79fd79fd8a
0135010dfff4fdfa
01450145013d013d
0135014501450145
014d0145013d012d
013d0135014d014d
0145013d013d0145
012d013d01450145
01e601b6017d014d
023602360226020e
00ad00a500ad00ad
00ad00ad00ad00ad
00a500b500b500b5
016d0074ffc40044
014d018e01f601ee
00a501ee025e0226
fffc000c0054ffc4
010d00fd001c00bd
00240054009d00d5
005c005c0044ffd4
017d0175016d00fd
01d6028f025e021e
00ad004400040024
00b500740054004c
ff4bffb4fffc003c
fe8bfea3fed3ff13
fedbfea3fe42fe52
fe4afe5afeabff03
fe62fe6afe7afe32
fdf2fdf2fe02fe2a
fd11fd29fd49fd9a
fdb2fdf2fdcafd39
fd61fd61fd69fd69
012d0115002cfdf2
014d013d013d013d
01450145013d0145
01ae014d0145013d
015501a6022e022e
013d0145013d0145
0135013501450145
01de01ae017d0145
023e0236021e0206
00ad00ad00b500b5
00ad00ad00ad00ad
008d00a500b500b5
fea3ff03ffec005c
fec3fe72ff0bff1b
00ed025e022600fd
002c0004000cff5b
006c00cd00140095
ffb4fff40074002c
0095007c0044ff94
016d015d011d00b5
0186025e02460216
008d003cff84ffe4
014d019e018600cd
ffcc000c000c006c
fdd2fdc2fdd2fe93
fe0afdf2fdd2fdba
fe72fe5afe42fe2a
fe72fe7afe7afe72
fddafda2fdaafdfa
fd09fd49fd92fdd2
fdbafdfafdb2fd21
fd71fd69fd59fd61
014501250054fe52
0145014d013d0145
014501450145014d
02c701be01450145
0165023e0317034f
013d013d013d0135
013d013d01450145
01d601a601750145
02460236022601fe
00ad00ad00ad00b5
00a500ad00b500ad
009500ad00bd00a5
feabff7b0064008d
fdaafd01fd59fe1a
009d010d002cff6b
ff9cffd400a5001c
0024004c0024fff4
ffcc000400340024
00cd00dd011d0034
015d0175012d00cd
01b60246020601e6
00a50064ff730014
02ef025601f6017d
01e60226023602bf
fd9afdaafe720044
fe02fdf2fdcafd92
fe42fe2afe0afe02
fe62fe72fe5afe4a
fd92fd8afdcafe1a
fcf1fd39fd9afdaa
fdcafdeafdaafd19
fd9afd79fd69fd61
015d014d00c5fee3
013d01450145014d
0145014d014d014d
0337024e015d014d
017d02a7035f0377
013d013501350125
0135013d0145013d
01ce0196016d013d
025e023e022e01fe
00ad00ad00ad00b5
009d00ad00b500b5
00b500c500bd0095
ff73008d006c009d
fe0afcc9fd21fdd2
ff730034ffd4ff8c
000400bd005cfed3
002c005c0024ffbc
ffacffbc0014002c
005400dd00ed0024
016d00c500f50095
019e01fe01a601be
0115007c0014009d
023e021e023601b6
02cf030702d7029f
fe83ffc4014d021e
fde2fdbafd69fd69
fe12fe22fdf2fdca
ff84feabfe02fdd2
fd9afe52ff94ffdc
fcd9fd11fd69fd8a
fdb2fdcafda2fd19
fdb2fd82fd8afd69
015d015d0115ff63
01450145013d014d
014d014d014d0155
0337027601750145
01c602ff037f0377
0135013501250115
0135013d013d013d
01d6019601750145
026e0256022e01fe
00ad00b500b500ad
00b500b500b500b5
00b500ad00ad00b5
fea30044006400ad
fecbfcf9fd11fdfa
ff6b000cffd4ff9c
ffd4ffa4ffc4fed3
ffe4ffa4009500bd
003c006c00ad00cd
0014007c00ad006c
01960115008d0044
017d01c60115017d
01b60085009d00e5
020e0246028f024e
02b7026e022e020e
018e023e024e027e
fddafdfaff1b0054
0004ffbcfefbfe1a
01ce01be0054ffd4
fe52ff2300ad0175
fcf1fd11fd82fdea
fd79fdb2fdb2fd49
fdfafd8afd71fd71
014d015d01450014
014d014501450145
014d014d014d0155
0307025e01860155
0246032f03900377
0135012d00fd0115
01350145014d014d
01c6019601750145
0276025e023601fe
00ad00b500b500ad
00b500b500b500b5
00b500ad00ad00b5
fee3ffdc007c00b5
ffa4fd9afd21fe22
ff2bffecffecffec
00850014ffe4feb3
0034002c00cd008d
006c007400dd00d5
0034003cffcc0014
0165011d005c0085
012d014d011500cd
017d00bd00dd00ed
0266029f02d7028f
021e01be01ee022e
02bf02760226021e
011d014d01de023e
0226023e019e0115
01050186016d01c6
fe4afec3ffac007c
fd01fd19fd79fdda
fd61fd9afdbafd61
fe72fda2fd61fd61
014d0155013d0074
014d014d014d0145
014d014d0155014d
02df02360175014d
0297033f0388035f
013d012500e5015d
013d013d0145014d
01ce019e0175014d
027e025e022e01fe
00b500b500b500b5
00b500bd00b500ad
00b500ad00ad00ad
fff4005c00a500bd
0034fecbfdd2fefb
fe3affbc00140034
0095ffdcff13fe42
008d006c00cd00f5
ffc4fffc00ad0135
0024ffc4ff7bff43
015501050074008d
011500d5010500c5
01e6017501a6019e
02af02df02bf02cf
01ae01ae021e0287
01de01860155016d
019e017d019601c6
01b601ae01450135
ffac0044009d0135
fdeafe42febbff2b
fd11fd31fd71fd9a
fd51fd82fda2fd71
feebfdbafd69fd59
01550155014d00d5
014d014d014d014d
014d014d0155014d
02bf01fe0155014d
02bf03570388034f
012d00e500dd01c6
013d013d0145013d
01ce019e017d0145
0276025e02360206
00b500b500b500ad
00b500b500b500b5
00bd00bd00b500ad
00a500b500b500bd
001cff43ff23002c
fdcaff9c002c004c
0034ffdcfea3fe42
003400a50074008d
008500dd00540034
0014ffacffac000c
00fd009d00850034
035f027600fd008d
0357035f03900388
02e702e7026602ff
01b6020e028f02a7
00c500dd01050105
00440044007400bd
0044007c007c0074
fea3fee3ff53ffdc
fdaafdd2fe12fe52
fd31fd51fd82fd92
fd51fd92fdaafd79
ffecfe02fd8afd61
0155014d01550115
014d014d014d0155
014d014d014d014d
029f01d60145014d
02ef035f036f0337
010d00bd01450246
0145014501450135
01c60196016d014d
0266025602360206
00b500b500b500b5
00b500b500bd00b5
00bd00c500bd00bd
00dd00c500b500b5
ff8c0044006400bd
fe12ff4b0024ff3b
ffdcff03fe12fe3a
006400a5000cff84
ffbcff9c00240074
00ed013500ed008d
007c00ad00b500b5
03b003b002b70044
033f036f03a003b8
02d702af024602e7
01ae027602bf02a7
005400a500c500dd
fe83fe93fefbffbc
fe83fe9bfec3feb3
fdf2fe12fe42fe7a
fda2fd9afdaafdca
fd59fd82fdaafdaa
fd59fd8afdb2fd82
006cfe3afd92fd61
015d014d015d0155
014d015501550155
0155015501550155
028f01b6014d0165
033703770367031f
0105013d021602c7
01550155013d0125
01be018e0165014d
023e0236022601fe
00bd00bd00b500b5
00bd00b500bd00b5
00bd00c500c500bd
00d500c500b500bd
ff84009d00bd00e5
fef3ff63ff73fde2
ff1bfe6afe12feab
000c0064002cff94
ff0bff84ffccffec
ff6bfee3feb3fed3
0175014500c50054
03a003a8036701ae
02e70337037f0398
024601b601a6026e
027e02c702970276
ff9c001c00f5019e
fdd2fdfafe7aff5b
fdb2fd9afd8afd9a
fda2fdc2fdd2fdf2
fd9afd82fd82fd92
fd51fd79fdaafdaa
fd49fd71fd92fd69
00d5feb3fd69fd59
0165015501650165
014d015501550155
015d015d01550155
027601ae01650165
03670377034702f7
012d01e602af0327
014d014d011d00f5
01c6018e0165014d
02260226021e01f6
00c500bd00bd00bd
00c500c500c500bd
00c500c500bd00c5
00c500c500c500c5
ff7b009d00c500d5
007c008dff9cfdfa
fe93fe22fe62ffd4
000cffecff53ff2b
ff9cff6bffbcffa4
ff03ff33ff2bff84
ff13fed3fe2afe4a
036f036f03370115
028702e703270357
015dfff400c501c6
027e0287026e0256
005c010501750236
fd9afddafe93ff73
fd92fd69fd79fd8a
fd79fd82fd82fd71
fda2fd82fd71fd59
fd31fd79fd9afdb2
fd41fd51fd59fd31
0105ff0bfd59fd41
0165015d0165015d
014d015501550155
015d015d015d014d
0246019601650155
037f0347030f02bf
0196025e02ff0367
012d012d01250125
01be018e015d013d
02160216020601ee
00c500c500c500c5
00c500cd00c500c5
00c500c500bd00c5
00c500cd00d500cd
ffdc00b500c500c5
017d01450004fe3a
fe6afe7aff730115
ff84fee3ff33fefb
ff9cff3bffccffcc
ff4bff9cfed3ff23
fe83febbfeabfe7a
02e702c70236ff23
01de026e02a702df
ff13fe72ff7b00bd
024602660216010d
013501d6020e0236
fdcafe22ff430034
fd59fd69fddafdca
fd92fd9afd82fd71
fdaafdaafd92fd9a
fd09fd41fd82fda2
fd29fd31fd21fd11
011dff7bfd82fd21
0165015d0165015d
015d014d0155015d
0155015d01550155
020e01750165014d
035f032f030702a7
024e02df03270367
00ed00fd013d01a6
01ae0186015d012d
01ee01f601e601ce
00cd00d500d500d5
00d500cd00cd00cd
00bd00c500c500cd
00d500d500cd00bd
ff1b008500cd00cd
01c601750004fe02
fe02feb3009d01c6
ff7bfeebfec3fe93
fefbff0bff94ffa4
ff73ff43fee3ff43
ffd4ff73ff73ff13
01be0135007cff8c
003c010d017501ce
fdf2fd71fe5aff4b
027e021e015dff9c
01c6021602460246
fe8bff13004c0135
fdb2fdc2fdeafe1a
fdbafde2fde2fdf2
fd9afdaafdb2fdb2
fcf1fd29fd59fd71
fd11fd09fcf9fce1
0145003cfe12fd19
0175015d015d015d
0165015d015d0165
015d015d015d015d
01c60145015d0165
034f031f02ef0287
02d70327034f0367
0135014d019e022e
01960165016d015d
01c601d601ce01be
00d500c500c500d5
00dd00cd00c500cd
00b500c500cd00cd
00cd00d500cd00bd
fe6a005400d500cd
01e60196ffccfdaa
fdeaff43017d01ee
ff43ff1bfe5afe12
fe4afe83fe62ff0b
ffbcff2bfecbff03
0014ff63ff53ff8c
ff94fff4ffdcffd4
fe6afeb3ff23ffac
fd79fd01fd41fdfa
02970246011dfeb3
023e024e027e02af
ff94004c00e501d6
fe62fe93fe93ff2b
fde2fe1afe4afe8b
fd92fdbafddafdd2
fce1fd29fd51fd71
fd09fd19fcf9fce1
016500c5fe83fd19
0175015d0165016d
01650165015d0165
015d015d015d015d
0186014d01650165
032702e70297021e
0317033f03470347
01be01ee0236029f
019e01ae01c601be
01d601b601750175
00c500c500c500cd
00d500bd00c500c5
00cd00cd00cd00cd
00d500e500dd00d5
fe62007400e500c5
020e01aeffb4fdaa
fe8b004401e6021e
fea3fe7afdfafdf2
fe42fe52fe1afe72
ff84ff4bfe62fe5a
ffccff3bfeabfefb
fefbff43ff940024
fd11fd39fd49fde2
fd41fcd1fcb1fcc9
0276024600f5fe6a
02d702ff02b702bf
00dd013d01f60297
ff9cffdcfff40064
fe4afe9bfefbff3b
fdbafdf2fe22fe2a
fcc1fd29fd69fd9a
fd09fd21fcf9fcc1
016d011dff53fd49
0175016501650175
0175016d01650165
015d0165015d0165
01650165016d0165
02df029f022e01ae
033f034f032f0307
0246026e02a702df
021e02260216021e
01a6018e01a601ee
00c500cd00cd00cd
00e500d500d500c5
010500fd00ed00dd
01050105010d010d
ff5300d5010500ed
024601beff8cfdea
ff3b00dd0216024e
fdd2fdcafdbafe12
fe32fe72fe62fdea
ff1bff5bfedbfe62
ff3bff0bfe9bfe93
ff23ff13ff7bff6b
fc89fcb1fd01fde2
fd39fcd1fc99fc89
0276020e00fdfe7a
02ff0317028f02b7
01250186020e026e
007400a500cd00e5
ff13ff53ff8cfffc
fe02fe62feebff13
fcd1fd41fd82fdb2
fcf1fd01fce9fcc1
016d0155006cfdca
01750165015d0175
0175016d016d016d
015d016d016d0175
0165017501750165
025e020e0196014d
0337034702f7029f
02a702bf02d702f7
02870287027e028f
020e022e024e0276
00d500cd00cd00cd
0115010500fd00ed
013d013501250115
012d013501450145
008d012d01250125
0246019eff73feab
ffe4013d021e0256
fdaafda2fddafe8b
fe22fe0afdf2fdea
ffb4ff4bff23fec3
fffcff84ff73fff4
ff2bff5bff5bff94
fcb1fcd9fd71fe4a
fd8afd19fcd9fca9
026601a60125fef3
02af02d7029f02af
012d018e0216028f
00a500c500ed011d
ffe4ff9cffc4002c
fe72ff23ffdcfffc
fcc1fd11fd69fdda
fd09fce1fce9fcc9
017501750105fec3
0175016d015d0175
0175016d016d0175
015d016501750175
016d017d016d015d
018e013501050135
02d702d7026e01f6
02d702df02cf02cf
02cf02cf02bf02cf
029f02a702b702c7
010500ed00dd00cd
0155013d012d0115
017d017501650155
015d0175017d017d
00ed015501550155
021e0186ff84ff3b
00e501ce02260236
fdf2fddafe6aff9c
fe2afdcafd9afdf2
ff6bff03fe9bfec3
ff73ff4bff53ffec
ff0bff3bff4bff4b
fd71fdeafe8bfeab
fed3fdd2fd8afd69
022e0145010d003c
023602a702870226
018601fe0236026e
00b5012d015d0125
000cffdcfffc0064
fe52ff1bfffc002c
fcd1fd21fd59fdc2
fda2fd01fce1fcc9
01750186014d0004
017501650165016d
0175017501750175
01650165017d0175
016d017501650165
0085009d00fd014d
02460216019e00f5
02d702c7029f026e
02f702d702cf02d7
02ef02f702ff02ff
0135010d00ed00d5
01860175015d0145
01a601a6019e0196
019601a601ae01a6
0105016d016d018e
0216018eff7bff53
021e0236022e0236
fd51fdeaff4300fd
fdc2fd61fd41fd82
ff0bfec3fe5afe12
ff94ff9cff6bfefb
febbfe42febbfeeb
fed3ff0bff1bfed3
0024ff53ffb4ff63
0145014d0115007c
01de022e0226016d
0196021e021e0206
014d016d01750145
fffc0004002400ad
fe2aff5bffd4ffdc
fcd9fcf1fd39fd9a
febbfd39fcd9fcc1
016d0175016d00fd
0175016d01750175
017d0175017d0175
016d016d017d017d
01750175016d0175
fffc00ad0135015d
016d00fd005cffcc
02a70287023601de
030f02cf02af02b7
0347034f034f0337
01550135011500dd
01ae0196018e016d
01ce01be01be01be
01be01d601de01d6
012d018e019601b6
020e0175ffbcff84
025e024e0246022e
fd71fe8b007c01fe
fd59fd41fd11fcf9
ff1bfe5afe0afda2
ff4bffacfefbff13
fe83fe32fecbff03
ff84ff0bfef3fef3
0024000400ad004c
0155010500bd0024
021e023601d6014d
014501b601ce01be
019e019e01a6016d
ffe4ffd4003400f5
fe02feabff43ff63
fcc9fcc9fd59fdea
ffecfdcafcd1fcb1
016501750175015d
017d017d017d016d
0186017d017d0175
01a601a601a60196
018e01a601ae01ae
0095013d016d017d
0054ffdcff8cffb4
025e01fe016d00e5
02df02af029f0297
035f036703470317
01650145012d00fd
01de01be01a60186
01ee01ee01e601ee
01de01f601fe01f6
015d01ae01be01d6
01f60155ffdcffe4
0276024e02260216
fe83001401be0266
fd19fd11fd11fd79
feabfe32fdeafd92
fee3feebfebbfefb
fec3fec3ff3bff2b
ff23feebfedbfed3
007c0024006cff9c
014d00dd00ad006c
025601e6018e016d
015d01d601de01ae
01ce01b601c6015d
ff7bff5b00040115
fdfafdb2fe62ff4b
fcd1fcd9fd11fdda
011dff2bfd11fcb1
017d017d017d0175
0196018e0186017d
01e601c601a6019e
021e022e0226020e
01be0206021e021e
015d0186017d018e
0024001c004c00d5
01f6015500bd0054
02bf02a70287024e
0317030702e702c7
018e016d014d0115
020601ee01ce01ae
020602060206020e
01fe0216021e020e
01ae01ce01d601ee
01c60155004c00a5
0287024602160206
000c0196023e0276
fce1fcf1fd51fe32
fe5afdd2fd82fd31
fe6afe3afe2afe22
ff13fed3ff33fea3
ff63ff03febbfea3
ffd4ffacffe4ff4b
012d00ad0074ffb4
0206016d014d0155
014d0196016d01b6
01f601b6017d00d5
ffd4ff6bffbc0135
fd31fdcafe5aff53
fcc9fce9fcd9fd19
016d005cfdeafcd1
01a601a601960186
01fe01de01c601b6
029f027e0246021e
0276028702a702af
01ae022e026e027e
018e016d014d014d
00d500f5012d0175
01ae014500ed00cd
026e025e022601ee
02560246023e024e
01b6018e015d0125
0216020601e601ce
020e020e02160226
021e0236023e0226
01d601de01ee01fe
01c60175012501ae
02660246022601f6
00fd01ee024e026e
fcf1fd51fdd2ff3b
fd79fd69fd21fd01
fe6afdf2fdeafd9a
fec3fe3afe3afeab
febbfecbfe83fec3
ff63ffccff8cfefb
01150125000cff5b
016d010d015d0186
00dd0125018601fe
014d012500bd006c
ff73ff43ffc400f5
fd29fdaafe7afeeb
fcd1fd09fcd1fcd1
01ce013dff6bfd51
023e022e021e0206
0287026e0266024e
02d702df02cf02af
0297029f02b702bf
016d0226027e028f
016d013500f500e5
010d012d014d016d
0186014d01150105
020e01f601c601a6
01ee01de01ce01f6
01b6019e01650125
021e021601f601de
021602060216021e
022e024e024e022e
01e601e601fe0206
01d6019601ae01ee
0246023e021e0206
01750236026e025e
fd19fd8afe6affbc
fd01fd01fd01fd39
fe7afe22fdaafd39
ff1bfec3fed3ff3b
fe22fe6afeb3fecb
fedbff6bff53fe93
0095003cffdcff0b
0074004c00bd0095
007400cd010d011d
0034003400340044
ff33ff3bffa40004
fcf1fd31fd9afe4a
fdb2fd21fcf1fce9
0297022600d5fedb
02a702c702df02cf
02af02a702af02a7
02af02c702cf02cf
028f0297028f0297
0155020e025e0276
014d011500d500c5
00c500ed01350155
013d00fd00cd00b5
01e601b6017d015d
01ee01e601d601e6
01c601a6016d012d
022e0226020e01e6
021602060216022e
023e025602560236
01ee01ee02060216
01d6019e01be01fe
022e022e02360216
017d023e024e022e
fd41fe2aff630074
fce9fcd1fcc9fcf9
fe2afd69fd21fd11
feb3febbfeabfe9b
fe0afe3afe9bfebb
fecbfeabfe93fe1a
fffcffe4ffb4ff0b
ffecffe4002cfffc
00340004fffcfffc
ff84ffa4ffc4ffc4
fe5aff0bff33ff63
fd01fd71fd41fd71
0024ff03fdf2fd41
02ff02c7025e016d
029702e7031f0327
0297029702870276
025e027e0297029f
025e026602460246
013501de022e023e
011500f500ad00a5
0044008500d50105
00bd0074004c0034
0196015500fd00dd
01de01de01ce01c6
01ce01ae0175012d
02360226021601ee
0216020e021e022e
0236024e024e022e
01ee01de01fe0216
01e601a601b601f6
021e021e0226021e
014d01f6023e023e
fde2fec3ffc400ad
fcc9fd01fd39fd69
fd69fce9fcc9fcd1
fe4afe02fde2fdba
fe7afe7afe32fe7a
fe6afe22fe52fdf2
ff33ff7bff43ff03
ff13ff5bffacffcc
ff84ff2bff23ff23
fec3ff4bff53ff9c
fe32fe7afe42fe9b
fdb2fd49fd31fd29
025e01a6006cfed3
02f702ff030702cf
025e02af02f70307
025e025e024e023e
0206021e023e024e
01ee01f601ee01ee
00d5016d01a601c6
0095009d00640054
ffacffec00440074
0004ffccffb4ffac
010500ad0044002c
01860186016d0145
01ce01ae0175011d
022e0226021601f6
021602160226023e
0226023e0246022e
01ee01de01f6020e
01e601c601be01ee
021e020e0226021e
015501d6024e0266
ff73ff9c0024007c
fd29fd29fd92fe93
fd01fcd1fca9fcd1
fdd2fd79fd29fd11
fd92fe22fde2fdea
fdbafe1afde2fd69
fe8bff1bfedbfe42
fe62fedbff03ff13
fedbfe93fe6afe52
fe3afea3febbff0b
fd61fd51fdb2fe32
ff2bfd61fd01fd31
031f03070297012d
02cf02f7031f031f
0236027602b702c7
020e01fe01fe020e
019e01b601d601f6
0155016d0175018e
ffec005400b50105
ffc4ffd4ffccffbc
ff2bff4bff8cffb4
ff43ff1bff23ff23
004cffe4ff9cff7b
00f500d500bd009d
01ce01a6016d012d
023e022e021e01f6
021e022602360246
021e0236023e022e
01d601e602060216
01fe01de017d01b6
0216020e023e021e
01450206027e027e
ff2bffcc006c00b5
fd31fd49fd82fe32
fce1fce1fcf1fd11
fd49fd29fcf9fcf9
fd79fdd2fd8afd49
fd21fd49fd79fd51
fdf2fdeafdeafd82
fde2fdeafdd2fe12
fdeafddafddafd92
fdaafddafdf2fe02
fd8afd19fd71fdda
0095fde2fd09fd79
033f035f034f02a7
028702af02d7030f
020e024e0266026e
018e019e01ae01de
00f5010d01350165
009d00b500bd00d5
ff13ff63ffcc004c
fefbfef3fefbfef3
fed3fedbfefbfefb
fed3feb3febbfecb
ffecff63ff13fefb
007c0064004c003c
01ce01a6016d0135
024e023e021e01f6
0226022e023e024e
0236024602460236
01d601f602060226
021e01de0175018e
0246022e023e0216
016d02060246024e
ff4b002c009500c5
fd71fd9afe1afe72
fcd9fcd9fd11fd29
fce9fcc9fcb9fcc9
fd59fd71fd31fd21
fce9fd09fd39fd41
fd39fd79fd71fd19
fd61fd39fd29fd79
fd61fd51fda2fd39
fdb2fd79fd61fd61
fd29fd19fd09fd59
0175fe32fce1fce9
030703470357030f
02060246027602af
019601d601ee01ee
00bd00e50115015d
00040024004c0085
ffd4ffdcffccffe4
fec3ff0bff5bffa4
feb3feb3feabfea3
febbfeb3febbfebb
fea3fe93fea3feb3
002cff7bfedbfeb3
00bd009d0074005c
01d601a6016d012d
0256024e023601fe
0246024e025e025e
024e0256024e023e
01be01ee01ee021e
021601de01960175
02360226022e021e
01b601de02360236
ff840004009d016d
fddafdf2fe2afedb
fcd9fd01fd09fd82
fce1fca1fc99fca9
fd01fd01fd11fd31
fcd9fcf9fd31fd21
fcc9fd29fd21fcc9
fd01fcf1fce1fd21
fd39fd69fd59fd11
fd41fd41fd19fd21
fcd9fcd1fd09fd41
0155fe1afca9fce1
028f02ef031f02ef
015d019e01be0216
00bd00ed0115013d
ffc4fff4001c006c
ff5bff6bff84ff9c
ff7bff73ff53ff53
feebff2bff5bff73
feabfeb3fec3fecb
fecbfebbfebbfeb3
fea3fea3feb3fec3
00f5003cff13feab
0165013d010d00fd
01d6019e0165012d
025e0256023e020e
025e026e026e026e
0246024e0246024e
016d01d60206021e
01f601f601ae013d
020e022e0246021e
013d01d6023e023e
ffac004c01350175
fe4afe3afec3fffc
fd19fd29fd51fdca
fca9fc91fca9fd01
fce1fcd9fcb1fc99
fd11fd01fd11fd01
fca1fcb1fcd9fcb9
fcb1fcc1fca9fcb9
fce9fcf9fce1fcd1
fc99fcb1fcd9fce1
fc89fca1fcb1fc99
007cfdb2fc91fc89
01c60246028f024e
006c00ad00d50135
ffacffd400140044
ff6bff63ff73ff94
ffacff94ff84ff7b
00140004ffe4ffc4
ff73ffc4fffc001c
fecbfee3ff03ff33
fe6afe7afe9bfebb
fe93fe8bfe83fe72
01ce0155ffecfedb
020601d601be01c6
01d6019e01650125
02660256023e0216
026e02760276026e
01fe0226023e025e
fff400a5014d01b6
01fe020e0175fff4
01fe02260246020e
012501b60216021e
000400cd014d0155
fe5afedbff7bffd4
fd41fd9afda2fdd2
fc89fc91fcb1fd01
fca9fc91fc81fc81
fcb1fcb9fcd9fcb9
fcd1fcc1fcb9fcc1
fc91fc99fc91fc91
fc99fc91fc91fc81
fc78fc89fc99fca9
fc81fc78fc81fc68
ff03fd29fc89fc78
0095010d014500b5
ff94ffccffec0024
ff8cff73ff6bff53
0024fff4ffdcffb4
00b50095007c0054
012d010d00f500d5
009500dd01050125
ffa4ffd40014004c
fdeafe4afef3ff73
fe8bfe32fdfafdda
02660236012dff94
0266024e023e0246
01de019e015d0125
0266025e02460216
0266026e0276026e
0034016d021e025e
fdcafdeafe7aff23
02260206013dfeb3
0226022e021e020e
017501a601e60206
00bd0115016d0186
fec3ff63ffdcfffc
fd71fde2fde2fdfa
fca1fca9fcd1fd21
fc89fc81fc89fc99
fc99fc99fc91fc89
fca9fcb9fcb9fcb1
fc91fca1fca1fc99
fc81fc89fc81fc89
fc70fc70fc78fc81
fc70fc68fc70fc68
fd8afce1fc99fc89
ff43ff53ff2bfe83
fe93fecbfef3ff23
005cffa4fec3fe5a
0145011d00e500b5
017d016501550145
01a6019e01960186
0175018e019e019e
01050115013d0155
fdeafeeb003400e5
ffccfebbfe02fdba
02870287021600fd
02af028f0276027e
01de0196016d012d
026e025e024e0216
0256026e02760276
fdb2ff4301250226
fd21fcd1fcd1fd01
023e01f6014dfecb
02360226020e023e
016d017d01ce0216
0155018601860186
ff6bffc4ffdc004c
fda2fdf2fe42ff13
fcb9fcd1fd19fd59
fc89fc89fc99fca1
fc99fc89fc89fc78
fc89fc91fc99fc91
fc99fca1fc91fc89
fc81fc89fc89fc91
fc70fc78fc78fc78
fc70fc78fc89fc78
fcd9fcb1fc99fc99
fdcafd9afd41fcf1
fd41fd79fdaafdca
ffccfe12fd41fd29
01a60196017d011d
01a60196019e01a6
01a601a601ae01a6
01a601a601ae019e
01ae01a6019e0196
fedbffdc0125019e
01a600cdffc4fefb
027e028702660216
02df02bf029f028f
01de019e0175012d
025e0256024e021e
022602660276025e
fd01fda2fedb00ed
fd41fca9fc81fc99
023601f6018eff4b
021e01f602260266
017501ae01f60226
01ae0125015501a6
ffd400040085013d
fe12fe72ff13ff8c
fce1fd01fd61fdaa
fc91fca1fca1fcb1
fc91fc89fc81fc89
fc99fc89fc89fc91
fc91fc91fca9fca9
fc89fc99fc99fc91
fc78fc89fc89fc91
fc89fc91fc99fc81
fcb1fca9fca1fca1
fcb1fc89fc70fc70
fc91fca1fca9fcb9
fd82fca9fc91fc81
019e0196013dffa4
01a601a601a6019e
01a6019e0196019e
01c601b601ae019e
01ee01de01d601ce
00f5014501ce01f6
024e021601ae0135
02970287026e0256
02ef02e702cf02b7
01d6019e016d012d
0236023602260206
01550246025e0236
fca9fd19fd8afecb
fd92fcb1fc68fc78
021e01f601b6ffec
01f601fe0226022e
01c601f6021e0226
01fe019601d60206
ff7b0044013d018e
fe93ff13ff84ffc4
fd19fd71fda2fe32
fca9fcb1fcc9fcd9
fc99fc91fc99fc99
fcb1fca9fca1fca9
fca9fcb1fcb9fcc1
fc99fca9fcb1fca9
fc89fc91fc99fca1
fca1fca9fca1fc70
fca9fca1fca1fca9
fc40fc38fc40fc68
fc68fc60fc50fc40
fc81fc78fc91fc70
019e018e0014fd9a
01b601b601ae01a6
020e01ee01c601b6
0266024e023e021e
024e025e0266026e
02260226022e023e
023e022e02360236
02af0287025e024e
02df02ef02e702d7
fce9fcf1fce9fcf1
fcd9fce1fce1fce1
fcb1fcb1fcc1fcc9
fc91fca1fca1fcb1
fc68fc70fc81fc89
fc38fc40fc50fc60
fc10fc18fc20fc30
fc08fc08fc08fc10
fc08fc08fc08fc08
fc08fc08fc08fc08
fc00fc08fc08fc00
fc18fc10fc10fc08
fc28fc20fc18fc18
fc38fc38fc30fc30
fc50fc48fc40fc40
fc60fc60fc58fc58
fc81fc78fc68fc60
fcb1fca9fc91fc89
fcb1fca9fcb1fcb1
fcb9fcb9fcb1fcb1
fcb9fcb9fcb1fcb9
fcc1fcc9fcc1fcb9
fcc9fcc9fcc1fcc9
fcc9fcc9fcd1fcc9
fcd9fcd1fcd1fcd1
fce1fcd9fcd9fcd1
fce1fce1fce1fce9
fcf9fcf1fce9fce1
fd01fd01fcf9fcf1
fcf9fcf9fcf9fd01
fd01fd01fcf9fcf9
fd09fd01fcf9fd01
fcd1fcd9fce1fce1
fcb9fcb9fcc1fcc9
fc91fc99fca1fca9
fc68fc78fc81fc91
fc38fc40fc50fc58
fc18fc20fc28fc28
fc08fc00fc08fc10
fc00fc00fc00fc00
fc00fc00fc00fc00
fc10fc10fc08fc08
fc18fc18fc10fc08
fc28fc28fc20fc20
fc38fc30fc28fc28
fc48fc40fc40fc40
fc68fc60fc58fc50
fc81fc81fc78fc70
fca1fc99fc89fc81
fca9fca9fca1fca1
fcb9fcb9fcb9fcb9
fcc1fcc1fcb9fcb9
fcb9fcb1fcb9fcc1
fcc9fcc9fcc9fcc1
fcc9fcc9fcc9fcc9
fcc9fcc9fcc9fcc9
fce1fcd9fcd9fcd1
fcd9fcd9fcd9fcd9
fce1fce1fce1fce9
fcf1fce9fce9fce1
fd01fcf9fcf1fcf1
fd01fcf9fcf1fd01
fd09fd01fd01fd01
fd09fd11fd01fd09
fcb9fcc9fcc9fcc9
fc91fc91fca1fca9
fc68fc70fc81fc89
fc38fc48fc58fc68
fc18fc10fc20fc30
fc08fc10fc10fc10
fc00fc00fc00fc00
fc08fc08fc00fc00
fc08fc08fc08fc00
fc30fc18fc10fc10
fc30fc28fc20fc20
fc38fc30fc30fc28
fc50fc40fc38fc30
fc58fc48fc50fc58
fc81fc78fc68fc60
fc99fc89fc91fc81
fca9fca1fc99fca1
fca9fca1fca1fca1
fcb9fcb9fcb1fcb9
fcb1fcb9fcb9fcb9
fcc1fcc1fcc1fcb9
fcc9fcc9fcc1fcc1
fcc9fcc9fcc9fcd1
fcd1fcc9fcc9fcd1
fcd9fcd9fcd9fcd1
fce1fcd9fce1fce1
fce1fcd9fcd9fce1
fce9fce9fcf1fce9
fcf9fcf1fcf1fcf1
fd01fcf9fcf9fd01
fd09fd09fd09fd09
fd09fd19fd09fd01
fc91fca9fca9fcb1
fc70fc78fc81fc89
fc40fc40fc50fc60
fc10fc20fc28fc38
fc00fc08fc08fc18
fc08fc08fc08fc08
fc00fc00fc00fc08
fc10fc08fc00fc00
fc18fc08fc08fc10
fcb1fc60fc20fc18
fc38fc40fc38fc48
fc48fc38fc40fc38
fc60fc50fc58fc50
fc78fc70fc68fc68
fc89fc78fc78fc89
fcd1fc99fc91fc91
fca9fca9fca1fcc1
fca9fca1fca1fca1
fcb9fcc1fcb9fcb9
fcb9fcb9fcb9fcb1
fcc1fcc1fcb9fcb9
fcd1fcc9fcc9fcc1
fcd1fcd1fcc9fcc9
fcd1fcc9fcc9fcd1
fcd9fcd9fcd9fcd1
fce1fce1fce9fce9
fce9fcd9fce1fce1
fce9fcf1fce9fce9
fcf9fcf1fcf1fcf1
fcf9fd01fd01fd01
fd11fd11fd11fd09
fd11fd19fd09fd09
fc70fc78fc81fc89
fc40fc48fc50fc60
fc18fc20fc28fc30
fc08fc08fc08fc10
fc08fc08fc00fc08
fc08fc08fc08fc08
fc00fc08fc08fc08
fc10fc08fc08fc08
fc28fc18fc18fc18
fc70fca1fc68fc30
fc50fc50fc68fc68
fc50fc50fc50fc50
fc70fc68fc70fc68
fc91fc89fc89fc78
fca9fc81fc50fc78
fcc9fca1fca1fcb1
fcb1fcb1fcb1fcb1
fcb1fcb9fcb9fcb9
fcb9fcb9fcb9fcb1
fcc1fcc1fcb9fcb9
fcc9fcc1fcc1fcc1
fcc9fcc9fcc1fcc9
fcc9fcd1fcc9fcc9
fcc9fcc9fcd1fcc9
fce1fce1fcd9fcd1
fce9fce1fce1fcd9
fce1fce1fce1fce1
fcf9fce9fce9fce9
fd01fd01fd01fcf9
fd01fd09fd09fd09
fd11fd11fd11fd09
fd11fd11fd11fd09
fc40fc50fc58fc60
fc18fc18fc28fc30
fc08fc10fc10fc10
fc00fc00fc00fc00
fc00fc00fc00fc00
fc08fc08fc00fc00
fc10fc08fc10fc08
fc20fc18fc10fc10
fc60fc38fc28fc30
fc68fc70fce9fcb9
fc89fc89fcb9fca9
fc89fc78fc81fc68
fc91fc89fca9fcb9
fc68fc91fc89fc91
fcb1fca9fc99fc48
fca1fcb1fcb9fcb1
fcb9fcb1fcb1fca9
fcc1fcb9fcb9fcc1
fcb9fcb9fcb9fcc1
fcc9fcb9fcb9fcc1
fcc1fcc1fcc1fcc9
fcc9fcc9fcc1fcc1
fcc9fcc9fcc9fcc9
fcd1fcd1fcc9fcc9
fce1fce1fcd9fcd9
fcd9fce1fcd9fce1
fce1fcd9fce1fce1
fd01fcf1fcf1fce1
fd09fd09fd09fd01
fd11fd09fd09fd09
fd11fd19fd11fd11
fd09fd09fd11fd11
fc18fc28fc30fc38
fc10fc10fc10fc10
fc00fc00fc08fc10
fc00fc00fc08fc00
fc00fc08fc08fc00
fc10fc08fc08fc08
fc20fc18fc18fc10
fc30fc28fc20fc28
fcd9fc89fc40fc38
fc68fc68fc78fce9
fcc1fce9fc99fc78
fd21fcf9fcc1fcb9
fc68fc68fc91fd61
fc30fc40fc40fc60
fc38fc40fc58fc48
fc50fc60fc70fc50
fcb1fcb1fca1fc78
fcd1fcc1fcc9fce1
fcb9fcc1fcc1fcc9
fcc1fcc1fcc1fcc1
fcc1fcc9fcd1fcc9
fcc9fcc1fcc1fcc1
fcd1fcc9fcd1fcd1
fcd1fcd1fcd1fcd1
fce1fce1fcd9fcd9
fce1fce1fce9fce9
fce9fce1fce1fce9
fd09fcf9fcf9fce9
fd01fcf9fd01fd01
fd11fd09fd09fd09
fd09fd11fd19fd11
fd11fd11fd19fd11
fc08fc10fc18fc10
fc00fc00fc00fc08
fc00fc00fc00fc08
fc00fc08fc08fc08
fc10fc10fc08fc00
fc18fc10fc10fc10
fc30fc28fc20fc18
fc48fc48fc38fc30
fcd1fca9fc91fc40
fc70fc78fc81fc91
fcf9fcc1fcb9fc91
fdcafd71fd59fd29
fc81fc81fc78fd69
fc28fc28fc40fc48
fc30fc20fc20fc30
fc40fc40fc50fc38
fc70fc60fc58fc58
fcc9fcb1fcd1fd09
fcc1fcc9fcb9fcb1
fcb1fc99fcc1fcc9
fcc9fcc9fcc9fcc9
fcc9fcc9fcc9fcc1
fcd9fcd1fcd1fcd1
fcd1fcd9fcd1fcd1
fce9fce1fcd9fcd1
fce9fce1fce1fce1
fcf1fce9fcf1fcf1
fd01fcf9fd01fcf1
fd01fd09fd09fd01
fd11fd11fd09fd01
fd09fd09fd11fd11
fd19fd19fd19fd19
fc08fc08fc08fc00
fc00fc00fc00fc00
fc00fc00fc00fc00
fc08fc08fc00fc00
fc10fc18fc10fc08
fc20fc20fc20fc18
fc40fc38fc30fc20
fc48fc60fc58fc40
fc91fc70fc89fc68
fc81fc78fc81fc78
fdb2fdb2fd39fce1
fcf1fd19fda2fd82
fc50fc78fcb1fd29
fc20fc20fc28fc30
fc30fc38fc30fc28
fc68fc50fc40fc38
fc40fc18fc28fc40
fc99fc60fc48fc58
fcc9fcd1fcf1fcb1
fcc9fc91fc89fcc9
fcd1fcc1fcc1fcc9
fcd1fcd9fcd9fcd1
fcd1fcd9fcd1fcc9
fce1fce1fcd9fcd1
fce1fce1fcd9fce1
fce9fcf1fce9fcf1
fcf1fcf1fcf9fcf9
fcf9fcf1fcf9fcf1
fd09fd09fd01fcf9
fd11fd09fd11fd09
fd11fd09fd09fd11
fd11fd19fd11fd19
fc00fc00fc00fc00
fc08fc00fc00fc00
fc08fc08fc00fc08
fc18fc18fc08fc08
fc20fc20fc18fc20
fc38fc30fc28fc20
fc48fc40fc38fc40
fc70fc50fc70fc58
fc78fc81fc89fc68
fcc1fc91fc91fc81
fd59fdc2feabfde2
fcd1fc68fd01fd49
fc78fcb9fc60fcb1
fc30fc30fc38fc40
fc38fc30fc40fc50
fc38fc78fc48fc38
fc81fc20fc20fc38
fcb1fc40fc30fc89
fc99fc81fca1fcd9
fcc9fcc9fc70fc68
fcd9fcc1fcc1fcb9
fcd1fcd9fce1fce1
fcd1fcd9fcd9fcd1
fcd9fcd9fce1fcd1
fce1fce9fce1fcd9
fcf1fcf9fcf1fce9
fcf1fcf1fcf9fd01
fcf9fcf9fcf9fcf9
fd09fd09fd01fd01
fd19fd09fd11fd11
fd19fd19fd11fd11
fd11fd11fd11fd11
fc00fc00fc00fc00
fc10fc08fc08fc08
fc10fc10fc08fc08
fc28fc20fc18fc10
fc28fc28fc20fc28
fc48fc40fc30fc30
fc58fc48fc40fc58
fc78fc68fc58fc70
fcb9fca1fc99fc78
fce9fce9fcd9fcd1
fd9afd19fd49fd41
fc89fc78fc81fcc9
fc68fca1fc70fc68
fc50fc40fc48fc50
fc48fc40fc28fc40
fc50fc40fc40fc60
fc78fc89fc40fc50
fc89fc70fc48fc68
fc48fc50fc48fc58
fc99fc89fc68fc48
fce1fcd9fcd1fcc1
fcd9fcd1fcd9fcd9
fcd1fcd1fcd1fcd1
fce1fce1fcd9fcd9
fce1fce9fce9fce1
fcf9fd01fcf9fcf1
fcf1fd01fcf9fd01
fd01fcf9fcf9fcf1
fd09fd01fd01fcf9
fd19fd11fd09fd11
fd21fd19fd11fd19
fd19fd19fd11fd19
fc00fc08fc00fc00
fc08fc10fc08fc00
fc20fc20fc18fc10
fc30fc20fc20fc20
fc30fc30fc28fc30
fc58fc48fc40fc38
fc68fc58fc50fc60
fc89fc89fc70fc70
fcf9fd19fcd9fca9
fcd1fce9fcd1fcf1
fd09fd9afcf1fc99
fc50fc40fc58fc70
fc70fcf1fd01fcc1
fc28fc40fc68fc91
fca9fc70fc38fc20
fcb1fc78fc60fc89
fc60fcb1fcd9fcd9
fc68fc81fc78fc50
fc40fc48fc48fc50
fc60fc40fc30fc30
fce1fce9fcd9fc89
fcd9fcd1fcd1fcd9
fcd9fcd9fcd9fcd9
fcf1fce9fce1fcd9
fce9fce1fce9fce9
fd01fcf9fcf1fce9
fcf9fd01fd01fd01
fd01fcf9fcf9fcf9
fd09fd09fd01fd09
fd19fd09fd09fd09
fd19fd19fd19fd19
fd21fd19fd11fd19
fc10fc10fc08fc00
fc18fc18fc10fc10
fc28fc28fc20fc20
fc38fc30fc30fc20
fc40fc40fc38fc38
fc60fc58fc50fc40
fc78fc68fc60fc60
fd21fcb1fca1fc91
fcb1fd11fd11fd39
fc68fc91fd21fcc1
fc58fcf9fdbafc91
fd09fc48fc28fc40
fc81fc99fcc9fd11
fc30fc40fc91fcf1
fd21fcc9fca1fc58
fd11fd31fcb9fca1
fc60fc89fcd1fcd9
fc81fc70fc78fc60
fc28fc28fc30fc58
fc18fc18fc20fc28
fcb1fc81fc50fc20
fcd9fcd9fcd9fcd1
fce1fce1fcd9fcd9
fce9fce9fce9fce1
fcf1fce9fce9fce9
fd01fd01fcf9fcf1
fd01fd01fd01fd01
fd09fd01fd01fd01
fd09fd09fd09fd09
fd11fd09fd09fd11
fd11fd19fd11fd19
fd21fd19fd19fd19
fc20fc18fc18fc10
fc30fc28fc20fc20
fc30fc30fc30fc30
fc48fc40fc40fc30
fc50fc48fc40fc40
fc60fc60fc58fc50
fca1fc78fc70fc60
fd51fd59fcc9fc99
fc99fcc1fcc9fcf9
fc60fc48fc81fcc1
fc30fcb1fd82fcf1
fcb1fcc9fc60fc18
fca1fcf1fcd1fca1
fc50fc38fc60fca1
fce1fd09fcf9fcb1
fd19fd59fd21fcc9
fcd1fc68fca1fcd9
fc91fcd1fca1fcd9
fc20fc20fc20fc68
fc08fc00fc10fc18
fc68fc20fc10fc08
fce1fcd9fcd1fcb9
fce1fce1fce1fcd9
fce9fce9fce1fce1
fcf1fce9fce9fce9
fd01fd01fcf9fcf1
fd09fd01fd09fd01
fd09fd09fd01fd01
fd11fd09fd09fd01
fd19fd11fd11fd11
fd11fd19fd11fd19
fd21fd19fd19fd11
fc20fc18fc20fc20
fc38fc38fc28fc28
fc48fc40fc40fc38
fc50fc48fc48fc40
fc58fc58fc58fc58
fc60fc60fc58fc60
fcd1fc91fc68fc68
fd11fd82fd31fc99
fca1fce9fcd1fcc1
fce9fc70fc60fc60
fc20fca1fd01fce9
fc81fc68fc70fc30
fcc9fd59fd31fcc9
fc50fc28fc48fc89
fcd1fcf9fcf1fc91
fd31fd11fd71fd19
fd79fce1fc78fce1
fd11fce9fd11fd31
fc50fc40fc20fc40
fc10fc08fc00fc10
fc20fc10fc18fc18
fcf1fce9fcb1fc58
fce9fce9fce9fce1
fcf1fcf1fce9fcf1
fcf9fcf1fcf1fcf1
fd01fcf9fcf9fcf9
fd01fd01fd01fd01
fd01fd01fd01fd01
fd19fd09fd11fd01
fd21fd19fd11fd11
fd19fd19fd11fd19
fd29fd21fd21fd19
fc28fc28fc30fc28
fc40fc38fc30fc28
fc48fc48fc48fc40
fc58fc50fc50fc48
fc60fc60fc60fc58
fc68fc60fc58fc60
fc99fca9fc58fc60
fca9fce1fd39fca9
fc68fc81fcd1fcc1
fd31fcf1fc89fcc9
fc30fc68fcc9fd69
fcc9fc89fc48fc48
fc91fce1fcd1fcc1
fc58fc89fc68fc70
fd41fd51fd09fc81
fcf1fd92fcd9fcc1
fd8afd61fcd9fca1
fc68fcc9fce9fd29
fc20fc18fc28fc28
fc18fc18fc10fc08
fc58fc40fc28fc20
fca1fc89fc40fc40
fce9fce1fcd1fca9
fcf1fcf9fcf1fcf1
fd01fcf9fcf9fcf9
fd09fd01fcf9fcf9
fd01fd01fd01fd09
fd09fd09fd11fd09
fd19fd11fd09fd09
fd21fd19fd19fd19
fd29fd29fd19fd21
fd29fd29fd29fd21
fc30fc30fc30fc28
fc48fc48fc40fc38
fc50fc58fc58fc40
fc50fc58fc50fc50
fc60fc60fc60fc58
fc68fc68fc60fc60
fc48fc81fc68fc60
fc81fc60fc70fc60
fc58fca9fc78fc78
fd79fd51fce1fc91
fc40fc48fcd9fdb2
fcf9fd11fc58fc40
fcc9fc78fc60fd19
fc48fca9fcc1fcb9
fcf1fd79fd01fc91
fc68fcb1fd39fcf1
fd31fd39fd79fcb9
fc20fc48fcc9fcc9
fc18fc10fc20fc28
fc20fc20fc18fc10
fc40fc50fc58fc38
fc58fc40fc30fc28
fce1fcb9fc89fc68
fd01fcf9fd01fcf1
fcf9fcf9fcf9fcf9
fd01fd01fd01fd01
fd01fcf9fd09fd11
fd19fd09fd11fd01
fd19fd21fd19fd11
fd29fd21fd21fd21
fd31fd31fd29fd29
fd31fd31fd29fd29
fc40fc38fc38fc30
fc50fc48fc40fc38
fc58fc58fc58fc50
fc58fc58fc50fc50
fc68fc68fc60fc60
fc58fc60fc68fc60
fc30fc48fc50fc48
fc89fc50fc48fc48
fc58fc89fc60fc48
fce9fcd1fcd1fc60
fc30fc28fcb1fd41
fd61fca1fc89fc48
fcc9fca9fc30fca1
fc68fc38fc81fcb9
fcb9fca9fcf1fcd1
fc58fc40fcb9fd29
fc78fc91fce9fcd1
fc30fc28fc68fcf1
fc28fc28fc20fc38
fc48fc30fc20fc20
fc28fc10fc28fc48
fc38fc18fc10fc20
fce1fcd9fcc9fc91
fcf9fcf1fcf1fce1
fcf9fcf9fcf9fcf1
fd09fcf9fd01fcf9
fd01fd01fd09fd09
fd11fd11fd09fd01
fd21fd29fd29fd19
fd29fd29fd29fd29
fd31fd31fd39fd31
fd39fd31fd31fd31
fc48fc40fc48fc40
fc50fc48fc48fc48
fc58fc58fc60fc50
fc58fc60fc58fc50
fc68fc68fc68fc60
fc38fc58fc68fc68
fc38fc38fc48fc38
fc30fc38fc38fc30
fc58fc68fc99fc38
fd19fcb1fcb1fc89
fc30fc28fc28fcd1
fd82fcb9fc60fc60
fc70fce9fc60fc68
fcc1fc50fc58fca9
fd9afcb9fd01fd01
fcc9fc38fce1fcf1
fc81fc68fca9fcb9
fc70fc20fc30fc81
fc48fc40fc50fc70
fc20fc28fc38fc48
fc10fc18fc18fc18
fc18fc10fc08fc10
fce9fce1fc99fc48
fcf1fcf1fcf1fcf1
fcf9fcf9fcf9fcf9
fd11fd01fd01fd01
fd09fd11fd11fd11
fd11fd11fd11fd11
fd21fd19fd19fd19
fd29fd21fd29fd29
fd31fd39fd39fd31
fd41fd41fd39fd31
fc50fc48fc50fc48
fc50fc48fc48fc48
fc58fc58fc58fc58
fc60fc58fc58fc50
fc68fc60fc68fc68
fc38fc48fc70fc70
fc20fc28fc58fc60
fc30fc30fc38fc30
fc48fc50fc68fc58
fd31fd92fc91fcd1
fc40fc50fc38fc60
fca9fce1fc78fc58
fc70fcc9fc58fc40
fd19fc91fc48fcc9
fd82fd79fca9fd61
fca9fc58fc50fca1
fc78fc89fce1fc70
fc58fc70fc20fc30
fca9fcd1fc70fc38
fc18fc18fc20fc48
fc10fc18fc20fc20
fc18fc10fc10fc18
fcd1fc81fc38fc20
fcf9fcf9fcf9fd01
fd01fcf9fcf9fd01
fd11fd01fd01fd01
fd11fd09fd11fd11
fd19fd11fd19fd19
fd21fd21fd21fd19
fd29fd21fd29fd29
fd31fd29fd29fd31
fd41fd39fd39fd39
fc50fc50fc48fc48
fc50fc50fc58fc50
fc50fc50fc50fc50
fc68fc60fc60fc58
fc70fc70fc70fc68
fc60fc50fc68fc78
fc18fc20fc30fc68
fc38fc20fc38fc28
fc48fc38fc58fc58
fc91fd19fc60fc60
fc50fc58fc68fc68
fc50fcd9fcc1fc99
fcb9fc60fc50fc38
fd59fd59fcb9fcb1
fd49fd41fc89fd19
fc38fc58fc30fc50
fc30fc60fca1fc60
fc50fce1fc50fc18
fc58fcc9fcb1fc81
fc18fc18fc28fc28
fc10fc08fc10fc18
fc10fc10fc20fc38
fc81fc40fc20fc18
fcf9fd01fcf9fcd1
fd01fd01fcf9fcf9
fd09fd11fd09fd09
fd11fd09fd11fd11
fd11fd19fd19fd19
fd29fd29fd19fd19
fd29fd29fd29fd29
fd39fd31fd31fd29
fd41fd41fd41fd39
fc58fc58fc50fc58
fc58fc50fc58fc58
fc58fc58fc58fc58
fc70fc68fc60fc50
fc78fc89fc89fc78
fc48fc48fc58fc78
fc18fc18fc18fc30
fc40fc28fc30fc28
fc38fc30fc50fc78
fca1fcb9fc78fc50
fc91fc99fca1fc81
fc50fc99fce1fc99
fd31fc81fc60fc58
fcf1fd71fcf1fd21
fc81fd79fd31fca9
fc18fc40fc48fc28
fc20fc60fc78fc40
fc60fd01fd01fc20
fc30fcd1fd61fce1
fc30fc38fc58fc50
fc08fc00fc10fc20
fc10fc10fc28fc50
fc58fc18fc18fc10
fcf9fcf9fce9fca9
fd09fd09fd01fcf9
fd11fd09fd11fd01
fd11fd11fd11fd11
fd11fd19fd19fd19
fd21fd21fd19fd19
fd29fd31fd29fd21
fd39fd31fd31fd29
fd39fd41fd49fd39
fc50fc50fc50fc48
fc58fc50fc58fc58
fc60fc58fc50fc50
fc70fc68fc60fc58
fc89fc99fc99fc78
fc40fc48fc58fc70
fc28fc28fc30fc30
fc89fc58fc48fc38
fc81fc60fc78fcc1
fcb1fca1fcb9fc91
fca1fce1fd11fc99
fca1fc70fc81fc99
fdf2fcd1fc89fca1
fc89fd01fd82fd01
fc58fcb1fce9fc89
fc18fc20fc60fc48
fc18fc48fc78fc48
fca9fcc1fce9fc50
fc70fce9fd61fcf9
fc30fc30fc50fc60
fc10fc08fc10fc20
fc10fc18fc18fc10
fc10fc08fc08fc08
fce9fcc9fc60fc18
fd11fd09fd01fcf1
fd19fd11fd11fd11
fd11fd11fd11fd19
fd19fd19fd19fd11
fd21fd19fd21fd19
fd29fd29fd29fd19
fd39fd39fd39fd31
fd41fd41fd39fd39
fc50fc50fc50fc50
fc58fc58fc58fc58
fc60fc60fc58fc58
fc89fc81fc78fc70
fc99fca9fcb1fca1
fc48fc68fcb1fca9
fc60fc40fc48fc40
fd21fcc9fc91fc81
fcf9fd01fce9fd29
fd01fd01fd41fcf9
fcf9fd09fd21fcd1
fd49fcb1fcb1fcf1
fd01fd11fcd9fd21
fc89fcb9fd59fd01
fc48fc70fcb9fcd1
fc28fc28fc60fca1
fc28fc60fc70fc60
fce9fc68fc78fc91
fcb9fca1fc60fca1
fc78fc89fc60fca1
fc10fc10fc20fc20
fc10fc10fc18fc10
fc10fc08fc08fc10
fc99fc38fc18fc10
fd09fd09fd01fcd9
fd11fd11fd11fd09
fd11fd11fd11fd11
fd19fd19fd21fd21
fd21fd21fd19fd19
fd29fd29fd29fd21
fd39fd39fd39fd31
fd49fd39fd39fd31
fc58fc58fc58fc58
fc58fc58fc58fc58
fc68fc68fc60fc60
fd31fcd1fc91fc68
fd29fcf1fce1fd11
fc68fcc1fd21fd01
fc91fc78fc60fc50
fd49fd31fcb9fc91
fd59fd61fd92fd9a
fd21fd39fde2fd79
fdd2fd79fd11fce1
fe1afd39fd09fd61
fd19fd11fd01fdca
fca9fc89fd11fd11
fc58fc58fc78fcc9
fc30fc30fc38fc78
fc91fc99fc50fc38
fd8afca9fc40fd29
fcc9fd09fc78fd01
fcb9fce9fc70fc99
fc10fc18fc30fc38
fc10fc18fc10fc10
fc08fc10fc08fc10
fca9fc38fc18fc10
fd09fd01fd01fcf1
fd11fd11fd19fd11
fd11fd19fd09fd11
fd19fd19fd19fd19
fd29fd29fd21fd19
fd29fd29fd29fd29
fd39fd31fd39fd21
fd49fd49fd51fd41
fc58fc50fc58fc60
fc58fc58fc58fc50
fc60fc68fc60fc60
fd51fd39fce1fc81
fd31fcc9fc91fce1
fcc1fd11fda2fd69
fc91fca9fca1fc89
fd41fce9fcc1fc91
fdfafdeafdeafd8a
fd59fd29fd82fd9a
fe3afd9afd41fd51
febbfe62fd92fdba
fd39fdcafd61fda2
fce9fcf9fd51fd51
fc60fc81fcc9fcb9
fc38fc30fc40fc68
fd21fc60fc40fc38
fcf1fcb1fc28fca9
fc81fd11fcc9fc99
fc38fc70fc58fc48
fc20fc28fc30fc30
fc00fc08fc10fc18
fc28fc30fc18fc08
fc40fc10fc10fc18
fd11fd01fd01fcc1
fd11fd19fd19fd11
fd19fd11fd11fd19
fd21fd19fd21fd21
fd29fd29fd21fd19
fd31fd31fd31fd31
fd39fd29fd31fd29
fd41fd49fd51fd41
fc50fc50fc50fc58
fc60fc58fc50fc50
fc81fc60fc58fc60
fca9fd21fd41fcd9
fd71fd09fd41fcb1
fcd1fcb9fcb9fd51
fc70fc99fce9fce9
fd79fd19fcc1fc78
fe6afe6afe2afdc2
fe1afdaafddafe32
fe8bfdfafdeafe12
fedbff3bfea3fe6a
fdf2fecbfe62fdba
fce1fd71fe1afe72
fc70fc89fcc1fcc9
fc48fc40fc60fc68
fcc1fc60fc38fc40
fc48fc58fc40fc38
fc30fc48fc50fc30
fc28fc30fc30fc20
fc28fc38fc28fc28
fc08fc00fc08fc10
fc68fc38fc18fc08
fc28fc20fc50fc68
fd11fd09fce9fc91
fd19fd19fd19fd19
fd21fd19fd19fd19
fd21fd21fd29fd29
fd21fd29fd29fd21
fd31fd31fd31fd31
fd41fd39fd31fd29
fd41fd49fd49fd49
fc50fc58fc50fc50
fc60fc58fc58fc58
fcb9fc78fc68fc60
fc91fcb9fd29fd09
fcf1fcf9fce9fcd9
fd59fcf9fd19fd11
fc70fc70fcd1fd69
fd49fd49fce9fc91
fe9bfe8bfe12fd9a
fe6afea3fee3fecb
feabfee3fe5afe52
ff43000cffa4ff03
fea3ff6bff13fe7a
fd21fd71fe2afecb
fca9fce9fd21fd09
fc68fc70fc68fc78
fc58fc78fc50fc58
fc28fc50fc68fc30
fc10fc18fc20fc20
fc28fc20fc20fc10
fc28fc60fc48fc40
fc08fc00fc00fc10
fc91fc10fc08fc08
fc91fc78fca9fcb1
fd11fd11fd01fcd1
fd19fd19fd19fd19
fd21fd19fd19fd19
fd29fd21fd21fd21
fd29fd29fd29fd31
fd39fd39fd31fd31
fd41fd41fd39fd39
fd49fd49fd41fd41
fc50fc58fc58fc50
fc68fc60fc58fc58
fcd1fca1fc91fc70
fc70fc99fcc9fcd1
fcf9fd59fcc9fc91
fd79fd92fd79fd01
fc81fcb1fcb9fcd9
fd49fcf9fce9fcb1
ff1bfe7afe32fdea
fed3ff13ff6bff63
ff63ff9cfef3feeb
006c00640034ffac
ff7b002c0054ff94
fde2fde2fe72fef3
fce9fd21fd8afd79
fc99fcc9fcd9fcd9
fc50fc60fc68fc81
fc28fc30fc30fc40
fc10fc18fc20fc28
fc30fc20fc20fc10
fc18fc50fc38fc30
fc08fc08fc08fc10
fc68fc08fc08fc08
fcf1fcc1fcd9fcf1
fd19fd11fd11fd09
fd19fd19fd21fd19
fd21fd21fd21fd19
fd29fd21fd19fd21
fd31fd29fd29fd31
fd39fd39fd39fd31
fd41fd41fd39fd39
fd41fd41fd41fd41
fc58fc58fc50fc50
fc68fc60fc60fc58
fcb9fc78fca1fc91
fc38fc48fc91fce9
fd11fd79fd09fc81
fd31fd21fd21fcf1
fc91fcb9fcb1fce1
fddafd31fcd9fcc1
0014ff84fedbfe5a
ff7bff9cffccffcc
fff4ffecffbcffe4
00fd00dd0064004c
0044007c00bd0074
fe72febbfefbff84
fd9afdc2fde2fdea
fca9fcc9fd19fd49
fc60fc58fc78fc91
fc38fc38fc40fc50
fc10fc18fc20fc38
fc20fc18fc20fc18
fc08fc18fc48fc18
fc10fc10fc10fc08
fc18fc08fc10fc10
fd19fcf9fcf9fca9
fd19fd11fd09fd19
fd19fd19fd21fd21
fd21fd21fd21fd11
fd31fd29fd21fd21
fd31fd29fd29fd31
fd39fd39fd31fd31
fd41fd41fd39fd31
fd49fd41fd41fd39
fc50fc58fc50fc48
fc89fc78fc60fc58
fce1fc50fc89fca1
fca1fc40fc68fcb1
fca9fd21fd11fcc9
fd39fdc2fd69fc99
fce9fcb9fcf9fd21
fe2afda2fd01fd01
0004fffcff63feeb
fff4ffc40044002c
0085005c001c0054
0175013500ad008d
00bd00fd01150165
ff7bffc4fff4006c
fe93fe9bfebbfef3
fcb9fcd9fd49fdfa
fca9fca1fca1fcb1
fc48fc50fc68fc91
fc20fc20fc38fc50
fc08fc10fc18fc20
fc08fc08fc10fc10
fc20fc20fc18fc10
fc10fc10fc10fc18
fd19fcf9fcb1fc28
fd19fd19fd11fd21
fd19fd21fd21fd19
fd19fd21fd19fd19
fd39fd31fd31fd21
fd31fd29fd31fd31
fd39fd39fd31fd29
fd41fd41fd41fd39
fd51fd49fd41fd41
fc58fc58fc58fc50
fca1fca1fc78fc60
fd09fca9fc58fca1
fc81fc48fc70fce1
fc78fc91fcb9fcb9
fdfafd92fde2fd19
fd71fd92fd09fdd2
feabfdeafd39fd09
0004ffc4ff9cff3b
0014fffc00440074
00ad00ad007c007c
01f601b6013d00cd
0155018e01ae01ce
007400ad00cd011d
ff23ff63ff9c0004
fd31fd69fdf2feb3
fcc9fce1fcd9fcd1
fc99fc99fc99fcb9
fc60fc68fc78fc81
fc18fc28fc38fc50
fc10fc08fc10fc18
fc10fc18fc20fc18
fc10fc08fc08fc18
fcd9fc91fc30fc10
fd19fd19fd11fd01
fd19fd19fd19fd19
fd21fd21fd29fd21
fd31fd31fd31fd21
fd29fd31fd31fd39
fd39fd39fd39fd31
fd49fd41fd39fd39
fd49fd49fd49fd49
fc60fc50fc50fc58
fc91fc99fc99fc89
fd31fce1fc60fc89
fca1fc81fc78fcf9
fcc1fcb1fcd9fcd1
fe3afdd2fd71fdb2
fd01fd71fd9afdb2
ff2bfe9bfd71fd01
005c000cffd4ff7b
001c001c0054009d
00b5009d00850044
021e01b6012d00bd
015d020602060206
00e500f500fd00fd
ffec000c004c00a5
fddafeabff43ffa4
fd29fd11fd11fd59
fcd9fce1fd01fd11
fcb1fcd9fcd1fcd1
fc28fc48fc70fc99
fc08fc08fc18fc20
fc10fc08fc08fc10
fc08fc08fc10fc10
fcd1fc68fc18fc10
fd21fd11fcd9fcc9
fd19fd21fd29fd29
fd29fd29fd29fd29
fd31fd31fd31fd21
fd39fd39fd29fd39
fd41fd31fd39fd41
fd49fd41fd41fd41
fd49fd51fd49fd49
fc89fc60fc58fc58
fc91fc78fc81fca9
fd82fd31fcb9fc70
fca9fcb9fd09fc91
fd41fcd1fce9fd01
fddafe02fd8afdaa
fce1fcf9fd9afdf2
ff6bff3bfe32fd69
00850034ffecff9c
001c00340054008d
00ad009d0064002c
019e016500ed00bd
016d021e020e01be
00d500dd00e500e5
008d009500ad00c5
ff0bffcc003c0074
fd92fd82fdaafe42
fd09fd49fd82fd9a
fd11fd09fcf9fcf1
fc48fc81fcb9fcf1
fc08fc18fc28fc28
fc08fc08fc00fc00
fc08fc08fc10fc08
fc99fc68fc10fc08
fd01fce1fcf9fcf9
fd21fd29fd21fd21
fd31fd29fd21fd21
fd31fd31fd31fd31
fd41fd41fd39fd39
fd41fd31fd39fd41
fd51fd49fd49fd41
fd51fd51fd49fd51
fcb1fc70fc60fc58
fce1fc81fc70fca9
fcc1fd79fd31fcd1
fcb1fcc9fd51fcc9
fd69fd39fd11fcc9
fdb2fdaafd79fd29
fd09fce9fd19fd9a
ffa4ff63fecbfdca
009d007c003cfff4
003c0064006c006c
00ad008d0054003c
0186017d010500cd
01f6024e01de0175
00d500dd00f5011d
008d009d009d00ad
00040064009d0095
fdfafe3afea3ff4b
fd79fda2fdcafde2
fd39fd41fd49fd59
fc78fcb9fcf9fd31
fc18fc30fc38fc48
fc10fc10fc00fc00
fc00fc10fc08fc08
fc91fc50fc18fc08
fce9fd11fd21fcd1
fd21fd29fd19fcf9
fd29fd31fd29fd21
fd31fd31fd31fd31
fd39fd41fd41fd39
fd41fd39fd41fd39
fd41fd41fd41fd41
fd51fd51fd49fd51
fca9fc70fc58fc58
fd09fcc1fc68fc78
fc78fcd9fd29fd21
fcb9fd49fd01fd19
fd09fd31fd31fc91
fd9afd9afd59fcf1
fd49fd11fd19fd59
ffccff8cff23fe32
008d0085006c0034
0044008d009d0064
00b5008d007c0064
014d0145012500d5
019601b601a6018e
0044008500ed0135
001c0004002c0024
00240044004c004c
fe2afe8bff23ffac
fdbafdaafdd2fe02
fd61fd92fdd2fdd2
fc99fcd1fd11fd41
fc28fc48fc58fc70
fc10fc10fc00fc10
fc08fc10fc10fc10
fc91fc20fc18fc08
fd19fd19fd21fcf9
fd29fd21fd19fd01
fd29fd31fd31fd29
fd31fd31fd31fd39
fd39fd39fd39fd31
fd41fd41fd41fd39
fd49fd49fd41fd41
fd51fd51fd41fd49
fc78fc78fc58fc58
fcd9fcd1fc78fc60
fcc1fc78fcc1fd31
fc68fd39fcf1fd11
fd01fcb1fcd1fc99
fdd2fd8afd41fd21
fd82fcf1fcf9fd11
ffbcff8cff4bfecb
00540064004cfffc
0085008500a5006c
008d00740074009d
00d500e500d500ad
01550125015d00dd
002c0054009500fd
00340024002c003c
ffd4ffe4fff4001c
fe7afeabfefbff7b
fe42fe3afe2afe5a
fd9afde2fe2afe3a
fca9fce9fd21fd61
fc40fc58fc68fc89
fc08fc00fc10fc30
fc00fc00fc08fc10
fc78fc20fc10fc08
fd21fd19fd19fd01
fd29fd21fd21fd29
fd29fd29fd31fd31
fd41fd39fd31fd39
fd39fd39fd39fd41
fd49fd41fd41fd39
fd49fd49fd49fd51
fd51fd49fd41fd49
fc68fc70fc60fc58
fd09fd01fc89fc60
fcf1fca9fc78fcd9
fc78fce1fd11fcc1
fd19fcd1fc89fcb9
fd8afd92fd41fd11
fe12fce9fcc1fd01
ffa4ff84ff53ff03
002c004c004c002c
007c009500ad00a5
004c0024003c006c
00d500950074006c
019601be01ae00fd
00dd012d012d0125
008d00a500a500b5
0054005400640074
ffc4ffdcfffc002c
ff13ff23ff4bff8c
fe3afe62feabfee3
fce9fd49fdb2fe12
fc50fc68fc78fca1
fc08fc08fc30fc40
fc00fc08fc10fc18
fc78fc20fc10fc08
fd21fd21fd19fce9
fd29fd21fd29fd29
fd31fd31fd39fd31
fd41fd39fd39fd39
fd41fd41fd39fd39
fd49fd41fd41fd41
fd49fd41fd49fd49
fd49fd49fd49fd49
fc68fc60fc60fc58
fd21fd09fcb9fc68
fcd9fd19fcd1fc89
fca1fcb1fcd1fc91
fcf1fcd1fca1fc70
fd19fdaafd92fcf1
fe4afd31fc89fc91
ffecff7bff63fefb
0014000c00440044
0074007c006c005c
0054003c00340054
014d014d012500b5
01b601b601b6018e
00ed014d01a601ae
0054006c00a500cd
00140014002c0044
ffccfff4fffc0004
fedbfefbff33ff8c
fe7afe83fea3fecb
fd69fde2fe42fe62
fc60fc68fc91fcf1
fc08fc18fc48fc48
fc08fc10fc08fc18
fc60fc10fc08fc00
fd21fd29fd11fcc9
fd29fd29fd29fd21
fd31fd31fd39fd31
fd41fd39fd39fd31
fd41fd41fd39fd39
fd51fd49fd49fd41
fd51fd49fd49fd49
fd51fd51fd49fd51
fc68fc60fc60fc58
fcd9fd09fce1fc78
fc91fd21fd31fc68
fca9fd31fcc9fc70
fca9fca1fca9fc78
fc91fd09fd9afd09
fe3afd39fc91fc58
fffcffacff63feeb
00140004002c002c
007c009500ad006c
009500850085006c
020e01f601ce00d5
021e023e01d6022e
005c00c5017d01a6
ff7bffb400040054
ff4bff4bff53ff63
fecbfef3ff0bff2b
fe8bfe7afe8bfeab
fe9bfe83fe83fe9b
fdb2fe12fe5afe8b
fc70fc81fcc9fd39
fc18fc40fc48fc50
fc08fc10fc18fc10
fc60fc10fc08fc08
fd29fd29fd01fcd9
fd29fd29fd21fd29
fd39fd39fd39fd31
fd39fd41fd39fd39
fd49fd41fd41fd39
fd49fd49fd41fd41
fd49fd49fd49fd49
fd51fd51fd51fd51
fc70fc60fc50fc58
fc70fcd9fcc1fc99
fc68fcb9fd01fc81
fc60fd29fd21fc78
fcb1fca1fc89fc78
fc89fcb9fd21fd01
fe3afd41fca1fc60
001cffdcff94ff13
00740024fffc000c
0095008d007c007c
ffd4000400540085
00850024fffcffc4
00ed010500b500ed
fffcffe400440085
ff63ff9cffb4ffd4
ff53ff4bff53ff63
fee3fea3fedbff4b
ffa4ff23ff23ff3b
ff1bff4bff8cffcc
fd8afe1afeb3ff03
fc81fc81fca1fd11
fc20fc58fc48fc58
fc10fc10fc20fc10
fc60fc20fc10fc18
fd29fd29fd11fcf1
fd21fd29fd29fd29
fd39fd31fd39fd21
fd39fd39fd39fd39
fd49fd41fd49fd39
fd49fd41fd39fd41
fd49fd49fd49fd49
fd51fd59fd59fd51
fc78fc58fc58fc60
fc40fc81fcb1fc99
fc58fc89fce1fca9
fc48fc78fcf1fc99
fcc1fc89fc78fc68
fca1fd09fd09fd61
fe4afd71fcd1fca1
001c000cffbcff2b
002c001cffdc0004
0064007400540034
ffa4ff8cffbc0004
001c00040004ffc4
00ed00ad007c0044
0044009500c500cd
0004000c000c002c
ffdcffdcffe4ffec
0014fffcfffc0004
0014002c00240024
ff84ff8cffa4ffdc
feb3ff0bff53ff73
fc81fcb1fd61fdf2
fc40fc68fc58fc68
fc18fc10fc18fc10
fc70fc18fc20fc20
fd21fd21fd29fd11
fd29fd29fd29fd29
fd39fd31fd31fd39
fd49fd41fd39fd39
fd49fd41fd49fd41
fd51fd41fd41fd41
fd49fd49fd49fd51
fd59fd59fd51fd51
fc70fc60fc60fc60
fc58fc58fca1fc89
fc60fc81fca1fcf1
fc50fc40fc89fcb1
fcd1fc81fc81fc60
fcc9fcd9fcf9fd21
fe9bfde2fd51fd29
0014000cffdcff5b
002c000cffecfffc
fff40024003c004c
00540074004cffcc
009d006c00ad006c
010500ed00dd00bd
002c00ed014d00f5
ffb4fff400240024
ff7bff63ff4bff84
ffb4ffb4ff9cff8c
ff9cffc4ffb4ffac
ff03ff2bff33ff5b
fe4afe7afeabfed3
fcd1fd51fdd2fe0a
fc60fc70fc68fc78
fc10fc10fc10fc18
fc28fc18fc20fc08
fd21fd31fd31fcb9
fd31fd31fd31fd29
fd41fd31fd31fd31
fd41fd41fd41fd39
fd49fd41fd41fd41
fd49fd49fd49fd49
fd51fd49fd51fd51
fd49fd59fd51fd51
fc70fc68fc60fc60
fc70fc48fc78fc89
fc50fc58fc68fcb1
fc81fc50fc68fc78
fce9fc99fc70fc78
fd49fcf1fcd9fcd9
fea3fdf2fd61fd71
0014000c0054ffbc
0054003cfff4ffec
0034ffe40004003c
ffbc0014004c008d
0004ffe4ffe4ffbc
005400850074003c
00c501450175009d
002c006c009d009d
ff5bff94ffbcfffc
ff4bff33ff2bff43
ff2bff53ff73ff6b
ff23ff23ff23ff13
fdd2fe72fef3ff1b
fcb1fcb9fcf1fd41
fc68fc68fc70fcb1
fc18fc18fc10fc28
fc18fc20fc10fc10
fd21fd19fcb1fc30
fd39fd31fd29fd29
fd39fd39fd31fd39
fd49fd41fd49fd39
fd49fd41fd49fd41
fd49fd49fd49fd49
fd51fd51fd51fd51
fd51fd51fd51fd51
fc68fc68fc70fc68
fc81fc58fc68fc81
fc50fc48fc60fc91
fc99fc58fc58fc68
fca9fcc9fc60fc89
fd49fd79fcf1fca1
fed3fe2afddafd49
00040014000cffe4
0064004c002cfffc
0095009d000c0024
00dd00950034002c
00cd00ed010500f5
01250145014500fd
0196018e018e015d
000c0034006400ed
ffc4ff8cff84ffc4
ffb4ffb4ffe4fff4
fffcffccffccffcc
ffc4ffc4ffd4ffe4
fe93ff13ff6bffa4
fc81fce9fd49fdd2
fc68fc60fc78fc81
fc20fc18fc10fc38
fc28fc10fc08fc18
fd11fcc1fc81fc48
fd39fd31fd29fd21
fd31fd39fd39fd39
fd49fd49fd41fd39
fd51fd49fd49fd41
fd49fd51fd51fd51
fd59fd59fd59fd51
fd51fd51fd51fd51
fc60fc68fc70fc68
fc91fc58fc58fc68
fc68fc68fc68fc81
fca1fc78fc40fc50
fc68fcb9fc99fc60
fcf9fd31fcc9fc81
ff03fe93fe12fd51
000cfff4ffdcffbc
00440044004c002c
004c00b5007c0044
0115010d012500a5
00ed00fd01150105
019e0165014d0115
010d012d019601e6
ff7bffdc004c00bd
ffe4ff73ff3bff3b
fff4fffc001c0024
ffd4ffd4ffec0004
ff63ff94ffacffac
fe2afea3feebff23
fd39fe02fe1afdd2
fc68fc60fc60fc99
fc20fc18fc10fc58
fc18fc18fc20fc18
fd11fcd9fc89fc50
fd31fd31fd31fd29
fd39fd39fd41fd39
fd49fd49fd39fd39
fd49fd51fd49fd39
fd49fd49fd51fd51
fd59fd59fd51fd51
fd59fd59fd59fd59
fc60fc68fc68fc68
fca9fc78fc50fc60
fc81fc99fc60fc68
fc99fc89fc48fc50
fc48fc68fcd1fc58
fce9fce1fce9fc60
feebfe9bfe32fd39
00140004ffe4ffac
006c0044003c0034
00bd0064008d0074
0085008d00c500cd
00c500a500bd00ad
015d014501250125
004c007400dd016d
ff33ff8cfffc0024
fff4ff94ff33ff13
ff94ffb4ffd4ffec
ff7bff6bff5bff73
ff23ff84ff7bff63
fe5afe83fec3fecb
fd8afdfafe1afe42
fc78fc78fca9fcf9
fc20fc18fc20fc68
fc10fc10fc10fc18
fd21fcb1fc50fc30
fd31fd31fd31fd31
fd41fd41fd41fd39
fd49fd49fd41fd41
fd49fd49fd49fd41
fd51fd49fd51fd49
fd59fd51fd51fd51
fd61fd51fd51fd51
fc68fc70fc68fc70
fcb9fcd9fc48fc68
fc91fcf1fc78fc60
fc60fc78fc50fc48
fc38fc38fc68fc89
fd21fcc9fcc9fc81
fef3fe9bfe3afd8a
0034fffcffd4ff5b
00740054002c0034
012500e50064005c
fff4000c007c00c5
0064003c004c0014
00dd00ed010500cd
ff7bffbc00040085
fefbff43ff6bff6b
ffd4ffa4ff33fee3
ff4bff7bff9cffbc
ff94ff94ff4bff23
feb3ff2bff7bff8c
fe3afe9bfea3fec3
fd09fd69fdb2fde2
fca1fcc9fce1fce1
fc28fc20fc30fc81
fc18fc18fc18fc20
fd19fca1fc60fc50
fd39fd31fd31fd39
fd41fd41fd41fd41
fd49fd49fd41fd41
fd51fd49fd41fd41
fd59fd51fd51fd49
fd51fd49fd51fd59
fd61fd61fd59fd59
fc89fc70fc70fc70
fc99fc99fc48fc89
fca1fcf1fc91fc70
fc50fc70fc58fc50
fc40fc30fc30fc58
fd71fd21fce1fc89
ff0bfecbfe52fe0a
003c0024ffccffa4
0064006c0024001c
0125013500ad0044
ffb4ff6bffac0095
ff2bff63ffdcff94
fe8bfed3fe83fe83
febbfecbfea3fe6a
fe72fec3feb3fec3
ff6bff4bff0bfeab
ff33ff63ff84ff7b
ffacffbcff9cff2b
febbfecbff23ff84
fdb2fe3afeb3ff2b
fca1fce9fd51fd79
fca1fc99fca9fca9
fc28fc20fc50fca1
fc20fc18fc28fc28
fd29fce9fcc1fc60
fd39fd39fd31fd39
fd41fd41fd41fd41
fd41fd41fd41fd41
fd49fd49fd41fd49
fd59fd51fd49fd49
fd59fd59fd59fd59
fd71fd71fd61fd61
fc81fc78fc78fc70
fc81fc81fc48fc78
fc78fcb9fca9fc60
fc48fc60fc68fc50
fca1fc50fc30fc30
fe62fd82fd19fcf9
ff4bfeb3fefbfe83
0024004c0004ffac
0044005400240024
0044009500cd0085
fee3feebff63ffa4
fdfafe02fe32fecb
fd01fd11fd01fd39
fd82fd79fd39fd11
fdfafe0afdcafdb2
fefbfec3fe8bfe32
ff03ff2bff43ff33
ff3bff63ff6bff23
feabfe8bfeabff13
fd49fda2fe52fecb
fca1fcb9fd01fd31
fc81fc70fc78fc91
fc18fc20fc68fc99
fc38fc18fc30fc28
fd29fd11fce9fc78
fd31fd39fd39fd31
fd39fd41fd41fd39
fd41fd41fd49fd41
fd41fd41fd41fd41
fd61fd59fd51fd49
fd69fd61fd59fd69
fd8afd82fd71fd79
fc78fc70fc68fc70
fc89fcc9fc68fc78
fc50fc78fca1fc78
fc40fc48fc68fc58
fd29fcc9fc50fc38
fea3fe72fd51fd29
ff13fef3fef3febb
0014002c007cffcc
004c002c0024001c
ff6b001c009d00c5
fec3fef3fefbff53
fd51fd79fd9afe83
fcd9fcf1fcf9fcf1
fd39fcf9fcd1fcf1
fe02fdb2fd82fd39
febbfe7afe12fde2
ff1bff2bff13fef3
fee3ff1bff33ff33
fe0afe4afe52feab
fcd9fd31fdcafe22
fc99fc81fcb1fcc9
fc78fc68fc78fc91
fc10fc38fc91fc91
fc28fc28fc38fc18
fd21fd19fd01fcb1
fd39fd39fd39fd29
fd41fd41fd41fd39
fd49fd49fd49fd41
fd59fd51fd49fd41
fd71fd69fd61fd61
fd82fd79fd69fd71
fd9afd92fd8afd8a
fc81fc78fc68fc70
fc78fcc1fc89fc81
fc58fc58fc89fc78
fc48fc38fc60fc60
fd69fd19fc89fc48
fe32fe62fdb2fd71
ff73ff03fecbfea3
002c00440044ffa4
0095002c0024002c
ff23ffa4006400ad
ff84ffacff5bff33
fdeafea3ff33ff5b
fd82fd69fd71fd69
fd71fd82fd79fda2
fddafdd2fda2fd61
feb3fe5afdd2fdba
fefbff0bff0bfed3
fe83fed3ff03ff03
fd41fd9afddafe32
fc99fcc1fcf9fd29
fc30fc38fc60fc78
fc60fc40fc38fc38
fc10fc60fc81fc70
fc18fc28fc28fc10
fd29fd29fd09fca1
fd41fd39fd39fd31
fd41fd41fd39fd41
fd51fd59fd51fd41
fd69fd61fd61fd51
fd79fd79fd69fd69
fd92fd8afd8afd82
fdaafdaafda2fd9a
fc81fc70fc68fc70
fc70fca1fca1fc81
fc58fc48fc60fc60
fc48fc40fc40fc60
fd31fd11fca9fc60
fddafdeafd61fd82
fedbfe8bfe4afe2a
004400440024ff94
0085004c00240034
ff5bff4b00040085
ffecfffcffacff8c
fe2afec3ff33ff73
fd61fd79fda2fdc2
fd9afdb2fd9afd8a
fe02fe02fde2fda2
fea3fe52fddafdd2
fe83feabfeebfed3
fdfafe52fe9bfeb3
fcf9fd39fd69fdba
fc48fc60fc81fcc1
fc30fc30fc38fc38
fc38fc38fc38fc30
fc20fc70fc50fc40
fc10fc20fc28fc18
fd39fd29fd01fc78
fd41fd39fd39fd39
fd51fd51fd39fd31
fd61fd59fd59fd51
fd82fd71fd71fd69
fd8afd8afd8afd82
fdb2fdaafdaafda2
fdcafdcafdbafdba
fc70fc70fc70fc78
fc89fc78fc78fc81
fc60fc48fc68fc89
fc60fc38fc38fc50
fce9fcd1fca1fcb1
fdaafda2fd31fd41
feb3fde2fdc2fdba
004c0034000cffb4
0044003c003c0054
ffccff84ff430004
feabff53ffbc0004
fd69fda2fdc2fe22
fd01fd31fd39fd49
fd69fd49fd09fcf1
fdcafdd2fdbafd9a
febbfe4afdcafdb2
fe42fe5afeabfed3
fd69fd8afdeafe42
fcb9fcf1fd11fd39
fc50fc60fc70fc89
fc58fc50fc48fc40
fc48fc50fc50fc58
fc40fc50fc38fc38
fc10fc20fc20fc18
fd39fd31fcf9fc58
fd49fd41fd31fd31
fd61fd59fd51fd41
fd82fd71fd69fd61
fd9afd8afd79fd79
fdb2fdaafd9afda2
fdcafdbafdbafdb2
fde2fddafddafdd2
fc70fc78fc78fc70
fc91fc70fc58fc81
fc68fc50fc91fca9
fc91fc50fc38fc58
fce9fce9fcb1fca1
fd39fd31fcf9fd09
fe8bfdbafd59fd49
004c004c002cff73
ffecfff400140054
ffacff6bff2bff33
fd8afe42fefbff7b
fc91fc91fca9fd01
fc99fc99fc99fc91
fd01fcc1fca1fc99
fd82fd59fd51fd39
feb3fe52fdc2fd92
fe3afe2afe62fe9b
fd11fd21fd69fdfa
fc78fca9fce1fcf9
fc58fc68fc68fc68
fc58fc58fc50fc50
fc60fc58fc60fc58
fc48fc50fc38fc50
fc10fc28fc18fc20
fd49fd29fcf9fc60
fd59fd51fd49fd41
fd71fd69fd69fd59
fd8afd8afd79fd71
fdaafd9afd92fd92
fdcafdc2fdb2fdb2
fde2fdd2fdd2fdca
fdf2fdf2fdeafdea
fc70fc78fc78fc78
fc91fc91fc70fc81
fc50fc50fca9fcd9
fca1fc60fc38fc40
fcf1fce9fcc9fca9
fd09fcf9fcc1fce9
fe9bfda2fd29fd09
00540054005cffac
ff6bffa4fff40044
ff13ff2bff0bfef3
fc70fcf9fda2fe72
fc20fc28fc38fc48
fc38fc28fc20fc28
fca9fc89fc78fc60
fd49fd21fd09fce1
fe6afe3afddafd82
fe72fe93fe7afe7a
fce9fce1fd51fe0a
fc60fc70fc91fcb9
fc38fc48fc50fc58
fc38fc38fc38fc38
fc60fc50fc48fc40
fc40fc50fc50fc58
fc10fc18fc10fc20
fd59fd41fd19fc60
fd61fd59fd61fd51
fd8afd8afd79fd71
fdaafda2fd8afd92
fdbafdaafdaafdb2
fddafdd2fdcafdc2
fdfafde2fdeafde2
fe02fdfafdf2fdfa
fc70fc78fc78fc70
fc89fcc1fca1fc89
fc50fc78fc81fcc1
fc91fc81fc40fc40
fd09fd01fcc9fcb9
fcc9fcb1fca9fce1
fedbfdb2fd49fcc1
0044006400850014
ff23ff7bffb4000c
fdeafe7afec3fec3
fc40fc38fc89fd41
fc48fc58fc70fc70
fc10fc20fc38fc40
fc89fc60fc38fc18
fd29fcd1fcb1fc99
fe8bfe22fddafd69
fec3ff0bfecbfecb
fca1fca1fcf1fdfa
fc50fc50fc68fc89
fc10fc20fc30fc40
fc18fc10fc10fc10
fc50fc48fc40fc30
fc48fc50fc50fc60
fc20fc10fc08fc18
fd69fd59fd29fc60
fd82fd79fd71fd69
fda2fda2fd92fd8a
fdbafdbafdb2fdaa
fdcafdcafdc2fdc2
fdeafde2fde2fdda
fe02fdfafdfafdfa
fe12fe12fe02fe02
fc78fc81fc78fc70
fc91fcb9fc99fc91
fc60fc78fc50fc89
fca9fc89fc50fc38
fce1fcd9fca1fca1
fc91fca1fc99fcd9
ff4bfdcafd31fcb9
002c006c007c004c
fedbff6bffb4fff4
fce9fd82fe1afe7a
fc81fc48fc28fc81
fc58fc68fc70fc81
fc48fc81fca9fc78
fc68fc38fc20fc40
fd01fcb9fca1fc91
fedbfe1afda2fd49
ff3bffa4ff63ff4b
fc78fc78fca9fde2
fc28fc38fc50fc68
fc18fc08fc08fc10
fc10fc10fc10fc20
fc50fc38fc20fc08
fc50fc60fc58fc58
fc18fc10fc08fc18
fd79fd69fd41fc70
fda2fd9afd8afd82
fdbafdaafdaafda2
fdd2fdd2fdc2fdba
fdeafde2fddafdda
fdfafdf2fdf2fdea
fe12fe12fe12fe02
fe1afe1afe12fe0a
fc70fc78fc78fc70
fc68fc70fc78fc91
fc78fc81fc40fc68
fc91fc68fc60fc48
fcd1fcc1fca1fc99
fc81fc91fc91fcc1
ffb4fe1afd51fcd9
003c006c006c0054
feb3ff43ffbcfff4
fc78fce9fd9afe42
fd41fc91fc60fc40
fcb1fe6afdcafcf9
fcc9fd59fd11fcf9
fc60fc60fca1fc91
fd11fce9fcc1fc99
ff6bfe83fdaafd21
ffac007c0054fffc
fc48fc60fc81fdaa
fc10fc18fc30fc40
fc18fc10fc18fc10
fc28fc40fc38fc20
fc38fc18fc08fc10
fc50fc68fc58fc50
fc18fc10fc08fc10
fd92fd8afd49fc70
fdb2fdb2fda2fd9a
fdcafdc2fdc2fdba
fde2fde2fddafdd2
fdfafdf2fdeafde2
fe0afe02fe02fdfa
fe12fe12fe12fe0a
fe1afe1afe1afe12
fc81fc81fc78fc78
fc68fc70fc78fc99
fc70fc60fc38fc60
fc99fc70fc60fc68
fcc1fca9fca1fc91
fc70fc68fc99fcc1
0004fe83fd49fce9
003c005c006c004c
fed3ff33ffb40004
fca9fd29fdbafe52
febbfd51fcb1fc91
fc60fcf1fd41fd49
fd69fd69fd21fcb9
fcf9fd21fcf9fcb9
fd9afd61fd21fcf9
004cff8cfe72fda2
fff40105013d00cd
fc30fc40fc68fdba
fc18fc18fc20fc20
fc20fc18fc10fc18
fc50fc68fc38fc28
fc30fc08fc08fc20
fc50fc78fc58fc48
fc20fc18fc10fc10
fdb2fda2fd49fc99
fdc2fdc2fdbafdba
fddafddafdd2fdca
fdeafdeafdeafde2
fe02fdfafdfafdf2
fe0afe0afe02fe02
fe1afe1afe12fe12
fe12fe1afe1afe1a
fc81fc81fc78fc81
fc70fc58fc68fc99
fc70fc70fc40fc68
fca9fc91fc89fc91
fca1fc89fca1fc99
fca1fc60fc81fca1
002cff23fd59fce9
0044004c004c0044
fefbff53ffb4000c
fd11fd51fdd2fe4a
ff73fef3fdfafd82
fc91fca1fd71fd71
fd8afd8afda2fd69
fd61fcf9fcb1fce9
feebfe9bfe3afdb2
010d00bd0004ff5b
004400dd010d0125
fc28fc38fc68fe3a
fc18fc18fc18fc20
fc10fc10fc20fc20
fc70fc70fc28fc38
fc28fc10fc10fc28
fc20fc81fc58fc40
fc38fc20fc18fc10
fdc2fdaafd71fce9
fddafdd2fdcafdc2
fdf2fdeafdeafde2
fdfafdfafdfafdf2
fe12fe0afe02fdfa
fe0afe0afe0afe12
fe1afe1afe1afe12
fe1afe12fe1afe12
fc81fc78fc78fc78
fc99fc58fc60fc89
fc70fc78fc50fc81
fc81fc81fc70fc89
fc78fc89fcc1fcd1
fcd9fc68fc60fc89
003cffbcfdd2fd19
0044003400340044
ff3bff94ffb40004
fe8bfe02fe5afecb
ffacff53ff3bff4b
fd9afdd2fe0afebb
fddafdd2fd9afe02
fd41fd59fd39fd59
006c0054ffc4fe2a
0125012d010d00bd
004400cd00f5010d
fc28fc38fca1fecb
fc18fc10fc18fc20
fc10fc08fc18fc28
fc81fc81fc28fc28
fc40fc28fc10fc30
fc20fc89fc60fc48
fc50fc28fc18fc18
fdd2fdc2fdb2fd21
fdeafdf2fde2fdd2
fdfafdfafdfafdea
fe0afe0afe02fdfa
fe1afe1afe0afe02
fe1afe12fe12fe12
fe1afe12fe1afe1a
fe1afe12fe1afe12
fc78fc78fc78fc78
fc68fc58fc70fc81
fc70fc89fc89fc78
fc78fc60fc70fc81
fc68fc91fcd9fce9
fd39fca1fc60fc70
0044000cfe62fd61
0044001c001c0044
ffecfff4ffec0004
00a5fff4ffacffbc
ffacffac000c0074
feabfedbff53001c
fe5afe42fe6afe8b
fe83fedbfe8bfe1a
00b500ad0074ff33
0105013d015d010d
002c00a500e50105
fc30fc38fd29ff1b
fc18fc10fc10fc18
fc10fc10fc18fc20
fc60fc70fc30fc18
fc40fc28fc28fc28
fc28fc89fc58fc40
fc81fc28fc10fc18
fdeafde2fddafd71
fdf2fe02fdfafdf2
fe02fe02fdfafdf2
fe12fe12fe02fe02
fe0afe0afe02fe0a
fe1afe12fe02fe0a
fe1afe1afe1afe1a
fe22fe22fe1afe1a
fc78fc78fc81fc78
fc78fc70fc70fc78
fc78fc81fc78fc58
fc81fc58fc78fca1
fc81fc91fce1fcf9
fd71fcd9fc60fc60
0054002cfee3fdb2
0044002c0024003c
0074003c0034003c
00e5010d00bd009d
009d005c005c0074
feebff03ffb4005c
fe2afe62fe8bfebb
fe62fe22fe2afe2a
00bd005cffecfef3
00ed0125014d012d
001c008d00dd00f5
fc38fc68fdd2ff3b
fc20fc18fc18fc28
fc28fc28fc28fc28
fc38fc50fc40fc28
fc30fc38fc40fc30
fc28fc89fc58fc30
fcb1fc28fc08fc10
fdfafdf2fdf2fdba
fdfafe02fe02fdfa
fe0afe02fe02fe02
fe0afe02fe02fe02
fe12fe0afe0afe0a
fe12fe12fe0afe12
fe2afe22fe1afe1a
fe22fe1afe12fe1a
fc70fc81fc78fc70
fc99fc89fc81fc81
fc89fc70fc50fc48
fc91fc70fc91fcc9
fc68fc89fca9fca1
fd79fcd1fc70fc50
0044002cff43fe02
0054003c0034003c
00cd00c5008d005c
00b500d500ed00f5
0095009500850064
ff9c0004007400a5
fe52fea3fefbff43
fdd2fdcafddafe0a
00fd00b5000cfea3
00e500ed010d011d
001c00a500bd00cd
fc68fcb1fe4aff5b
fc30fc28fc28fc40
fc60fc58fc40fc38
fc60fc60fc60fc60
fc28fc48fc60fc50
fc28fc99fc58fc30
fce9fc48fc18fc10
fdfafdfafdfafdca
fe02fdfafe02fdfa
fe02fe02fe02fe02
fe0afe0afe02fe02
fe12fe0afe0afe0a
fe12fe12fe12fe12
fe22fe22fe1afe12
fe22fe12fe1afe1a
fc78fc78fc78fc78
fc81fc78fc89fc89
fca1fc68fc40fc48
fc78fc58fc78fce9
fc48fc81fc99fc91
fd59fce9fc81fc50
00340014ff63fe5a
006c004c00340034
00e5010500e5009d
006c00a500bd00d5
008d002c003c003c
ff3bffdc005c0095
fdf2fe42fe83fecb
febbfe1afdd2fdd2
00e500cd00adffd4
00cd00bd00e500ed
003c007c008500ad
fc78fd31fea3ff84
fc40fc28fc48fc91
fc89fc70fc58fc50
fc91fc91fc91fc91
fc38fc58fc70fc78
fc28fc91fc60fc40
fd69fca1fc28fc10
fe02fdfafdf2fde2
fe02fe02fe02fe02
fe02fe0afe02fe02
fe0afe12fe0afe0a
fe12fe12fe0afe0a
fe12fe12fe1afe0a
fe22fe22fe1afe1a
fe22fe1afe1afe22
fc78fc78fc81fc81
fc70fc78fc81fc81
fcc1fc50fc20fc48
fc70fc60fc58fcb1
fc48fc81fcc1fc99
fd71fd09fc91fc58
001c0014ff63fe9b
008500540034002c
00cd00fd00dd009d
00540074009500ad
fffcff840004006c
fec3ff0bff0bff7b
fe32fe2afe4afe83
005cff8cfeebfe93
00f500cd00bd00c5
00b500bd00e500f5
00540095007c0074
fc99fde2fefbffc4
fc48fc78fcc1fca1
fca9fc91fc70fc50
fc99fca9fcb9fca9
fc50fc68fc70fc89
fc28fc89fc60fc48
fddafd31fc40fc18
fe02fdfafdfafdfa
fe0afe0afe02fe02
fe02fe02fe0afe0a
fe02fe0afe0afe0a
fe0afe12fe0afe0a
fe1afe12fe1afe12
fe2afe22fe1afe1a
fe22fe22fe1afe22
fc81fc78fc78fc78
fc60fc70fc78fc81
fec3fe93fdcafca1
fcb1fca9fce1fdf2
fc58fc60fc91fcd9
fda2fd71fcf1fc78
0014fffcff84fea3
005c003c003c0034
00cd00e500c50095
001c003c00a500ad
ffc4ff9cfffc001c
ff2bff3bff33ff84
ff6bff6bff43ff23
00b5009d004cffdc
00f5011d010500dd
009d00b500dd00e5
007c0095006c006c
fcf1fe83ff7b0014
fcc1fd29fcf1fc89
fca9fc91fc78fc78
fc99fcb1fcb9fca9
fc60fc60fc68fc81
fc38fc81fc70fc68
fdf2fd82fc68fc20
fe02fe02fe02fdfa
fe02fe02fe0afe0a
fe02fe02fe02fe02
fe0afe0afe0afe0a
fe12fe0afe12fe12
fe1afe1afe12fe12
fe22fe22fe22fe22
fe2afe22fe22fe1a
fc81fc78fc70fc78
fce9fc68fc78fc81
009d00ad0034feeb
fd49fd59fde2ff63
fc89fc70fc89fcd1
fd9afd49fd11fcb1
001c0004ffb4fe8b
00340024002c002c
00d500d500c5006c
003c005c006c00cd
0004000c0024002c
ffccffd4ffacffac
00240004ffdcffbc
00b500ad009d005c
00fd00fd00fd00c5
008500b500c50105
00ad00ad0074006c
fd61ff13fffc0054
fd8afd31fcb9fc81
fcc1fcc9fcf9fd79
fc89fcb1fcc9fcc9
fc68fc60fc68fc70
fc58fc81fc78fc70
fdeafd9afca1fc28
fe02fe02fe02fdfa
fe02fe0afe02fe0a
fe0afe02fe02fe02
fe12fe0afe0afe0a
fe1afe12fe1afe12
fe22fe1afe12fe1a
fe22fe2afe2afe22
fe22fe1afe2afe22
fc81fc78fc78fc81
fe62fc91fc81fc89
ff9cffccffe4ffc4
fd49fd31fdf2ff13
fd01fcb1fca9fce9
fdbafd31fd21fce1
001c0024fffcfecb
0034003c0044003c
00d500c500b5006c
0054008d00a500d5
0004000c002c004c
ffe4ffb4ff9cffcc
00440024fffcfffc
00ad00ad007c004c
00dd00fd00f500b5
007c00ad00cd00e5
00d500bd00950074
fdd2ff6b00240095
fd79fd09fc91fc99
fdeafdcafdeafdd2
fd21fd82fdbafdd2
fc81fc91fca9fcd1
fc60fc89fc89fc81
fdf2fde2fcf1fc30
fdfafe02fe02fdfa
fe0afe0afe0afe02
fe0afe0afe0afe0a
fe12fe0afe0afe0a
fe1afe1afe1afe12
fe1afe1afe22fe1a
fe32fe32fe32fe22
fe22fe2afe2afe22
fc89fc81fc78fc89
fecbfce1fc81fc89
fcd9fd41fe12ff03
fce1fc99fe62fd59
fd19fd29fd31fd39
fdd2fd11fd09fce9
000c00340034ff13
0024002c00340044
00bd009d006c0054
00d500ed00ed00cd
ffec0044008d009d
002cfff4ffdcffdc
004c004400240024
0095009d00740044
0135011500e500b5
009500cd01050135
00dd007c008d0074
fe6aff94004c00dd
fd31fcd1fc99fd01
fe83fe32fddafd69
fe02fe1afe52fe83
fd59fdaafe0afe1a
fc78fc91fcb1fd01
fdfafe02fd39fc40
fe02fe02fdfafdfa
fe0afe0afe0afe02
fe12fe0afe12fe12
fe12fe12fe12fe12
fe1afe1afe12fe1a
fe2afe1afe1afe1a
fe22fe2afe2afe22
fe22fe2afe2afe22
fc89fc81fc78fc89
fe3afd09fc89fc89
fc38fc50fc81fd61
fd29fc91ff5bfd19
fd11fd51fda2fd59
fdeafd01fcf1fce9
fffc0034004cff53
002c0024002c003c
009500740034003c
0155012d00ed00b5
001c007c012d0145
0044003c0024001c
0024003c004c0044
0085009d0074000c
00dd00bd00bd00ad
009500c500f500ed
010d009d008d00a5
febbff94003c00dd
fcf1fca1fce1fdba
feb3fe32fdbafd41
fe4afe6afeb3feeb
fe6afeb3feb3fe83
fc89fcb1fd59fdea
fe02fe02fd41fc40
fe0afe02fe02fdfa
fe12fe0afe12fe0a
fe0afe0afe12fe12
fe12fe0afe1afe1a
fe1afe1afe12fe12
fe2afe22fe1afe1a
fe1afe22fe22fe2a
fe22fe22fe32fe22
fc81fc81fc81fc89
fdaafce1fc89fc81
fc48fc30fc48fcb9
fd9afd09ff94fd49
fd11fd9afdcafe1a
fe3afd21fd11fd11
fff40014004cff73
002c0014001c001c
007c004c00240034
0186014d00bd009d
008d00bd014d018e
0064006c00540074
ffbc001c003c005c
008d0064001c000c
000cffacffbc003c
00ad00a500950064
019600dd009d009d
ff03ff94008d011d
fca9fc99fd29fe4a
feb3fe4afda2fd01
fea3febbfefbff03
fe93feebfeebfeab
fcb1fce9fd9afe22
fdfafdfafd41fc60
fe02fe02fe02fe02
fe12fe0afe12fe0a
fe0afe0afe02fe0a
fe12fe12fe12fe12
fe22fe1afe1afe1a
fe22fe22fe22fe22
fe22fe22fe22fe22
fe2afe22fe2afe32
fc81fc81fc91fc89
fdbafcb9fc89fc81
fd82fc58fc58fcf1
fedbff23ff84ff1b
fd82fdfafe42fe6a
fe52fd39fd19fd29
0014fffcffe4ff33
fffc000c001c0014
006c002c0014000c
015d00fd00cd0085
011d014d015d018e
00b500dd00c50105
ff73ffec0024005c
ffb4ffccff94ffa4
0034ffa4fef3ff13
00ad009d007c0074
01be017500cd00a5
ff03ff4b000c00c5
fc78fca9fd79fe7a
feabfe42fd71fcc1
feebff43ff3bff13
fe62feabfec3feab
fcd9fce9fd82fe02
fe02fdfafd51fc91
fe02fe0afe0afe02
fe12fe0afe02fe02
fe0afe12fe0afe0a
fe12fe12fe1afe12
fe12fe12fe12fe1a
fe2afe2afe22fe1a
fe2afe2afe2afe22
fe2afe2afe2afe32
fc78fc78fc89fc89
fef3fcd9fc89fc81
ff9cfdaafd51fe6a
ffa400ad0074007c
fe93fef3fee3fe7a
fe52fd69fd11fd71
0014fffcff9cff03
ffecfffc000c0004
0054002cfffcfff4
012d00c50074006c
017d016d014d0145
008500f501450196
ff73ffcc001c0054
fea3ff13ff84ff94
00bd0074ff03fe1a
00a50095009d00a5
00fd015500f500bd
fec3ff03ff8c002c
fc70fca1fd8afe6a
feb3fe1afd09fc99
ff2bff84ff5bff23
fe22fe72febbfee3
fcb9fcb9fd19fdba
fe02fe02fd79fcb1
fe0afe0afe0afe02
fe0afe12fe0afe02
fe12fe12fe0afe0a
fe1afe1afe1afe12
fe1afe22fe1afe12
fe22fe22fe1afe12
fe2afe22fe22fe2a
fe2afe32fe32fe2a
fc78fc89fc89fc89
ffc4fd09fc99fc89
0054ffbcff73ff9c
fe2a0034009d0074
fffc0074ff94fe22
fdcafd29fd39fe83
fff4ffd4ff1bfe42
fff400140004fffc
003c0014fffcfff4
00f500ad007c005c
0186015d012d0115
005400cd014d01a6
ff5bff8cffdc0044
fddafe72ff03ff13
008d0074ffacfe1a
00bd00cd00cd00ad
fffc002c007400c5
fe4afea3ff23ffa4
fc81fca1fd31fdfa
fec3fde2fcd9fc89
ff53ff84ff53ff2b
fdf2fe52feabfefb
fca1fcb9fd11fd82
fe02fe02fd79fcb9
fe0afe12fe12fe0a
fe12fe12fe12fe0a
fe12fe0afe0afe02
fe1afe1afe12fe12
fe1afe22fe1afe1a
fe22fe22fe22fe1a
fe2afe2afe22fe22
fe2afe32fe32fe32
fc99fc91fc91fc81
ffacfd29fca1fca1
0074003cfffcff84
fcd9ff030044006c
00e5014d008dfdd2
fd29fd11fdf2fff4
fff4ff8cfe7afd8a
ffe4fff4ffe4ffe4
0024fffcffecffec
00d500b5007c004c
0125011d00ed00bd
007c00f501450145
ff13ff63ff730004
fdeafdaafe5afeb3
004c0024ff9cfeeb
001c009500c500a5
feebff13ff6bffbc
fddafdeafe8bfedb
fc89fc99fca9fd79
fe9bfd69fcc1fc81
ff53ff73ff4bff2b
fdeafe5afea3ff03
fc91fcb1fd11fd79
fe12fe02fd69fcb9
fe0afe12fe12fe12
fe12fe12fe12fe12
fe1afe12fe0afe0a
fe1afe12fe12fe12
fe22fe22fe1afe1a
fe22fe22fe22fe22
fe2afe22fe2afe22
fe32fe32fe32fe32
fcb9fca1fca1fc99
ffbcfd49fcb1fcb9
005c00440024ff8c
fca9fe93000c003c
011d01a6018efee3
fd61fd69ff1b0095
ffdcffacfee3fe3a
ffecffd4ffc4ffcc
000cfffcffe4ffdc
006c0054002c0014
00dd00dd00bd009d
005c0115010d00cd
fed3ff2bff84ffc4
fecbfd71fda2fe5a
ffdcffacff43ff43
fe42fec3ff6bffd4
fe5afe52fe4afe2a
fd51fd41fdcafe4a
fc89fc81fc70fcd1
fddafd01fca9fc78
ff4bff43ff43ff13
fde2fe4afe9bff0b
fca1fcb1fce9fd59
fe12fe02fd61fcc1
fe12fe12fe12fe1a
fe12fe12fe12fe12
fe1afe12fe0afe0a
fe1afe1afe1afe1a
fe22fe22fe22fe22
fe2afe2afe2afe22
fe32fe2afe22fe2a
fe32fe32fe2afe2a
fcc9fcb9fcb1fcb1
000cfd69fcc9fcd1
0054007400b5fffc
fd71fe72ffe40024
014d01d601f600bd
fd71fe4affd400bd
ffb4ffa4ff23fe52
ffe4ffc4ffa4ffac
fffcfffcffecffd4
00240014ffe4ffdc
0095007c0064004c
ffb4005400cd008d
fe52fefbff7bff94
ffacfe2afd31fdb2
ff3bff23ff4bffbc
fc38fc99fdb2febb
fd8afce9fc68fc50
fcb9fcb9fd09fd9a
fc81fc60fc68fc89
fd49fcc9fc99fc78
ff2bff23ff1bfe7a
fdcafe3afe93fef3
fcb9fcb1fcc1fd39
fe0afdfafd61fcd9
fe1afe1afe12fe12
fe1afe12fe12fe12
fe12fe12fe0afe0a
fe22fe22fe1afe12
fe22fe22fe1afe22
fe22fe22fe22fe22
fe2afe2afe2afe2a
fe32fe32fe32fe2a
fcd9fcc9fcc9fcd1
000cfd69fce9fce1
0074008d00ed004c
fe62fe32ffe4006c
013d01c601f6017d
fe52fee3ffec00bd
ffb4ff84fed3fe5a
ffc4ffacff8cff8c
ffdcfffc0014ffec
fffcffd4ffe4ffe4
005c005400240004
ff94fffc006c0074
fdf2fe83ff0bff7b
0014ff0bfd49fd51
febbff5bffbc0014
fc10fc30fcc1fdca
fc78fc18fc10fc10
fc78fc89fca1fcf1
fc70fc38fc10fc38
fd01fcb9fc89fc60
ff03fefbfecbfdca
fd8afe02fe72fec3
fcb1fca1fca1fd01
fe02fe0afd82fce9
fe1afe1afe12fe12
fe1afe12fe12fe1a
fe1afe1afe12fe12
fe22fe1afe12fe12
fe22fe22fe1afe22
fe2afe2afe22fe22
fe32fe2afe2afe2a
fe3afe32fe32fe32
fcf9fcf1fcf1fce9
ff84fd59fd11fd01
00a5008d00c5006c
fe3afdea002c0145
012d01d601d600ed
fedbff23000c00bd
ff53ff0bff1bfe83
ffa4ff94ff73ff7b
ffccffc4fff4ffd4
ffdcffc4ffd4ffe4
0034003c0024000c
ff4bff94fff4000c
fdb2fe3afeabff03
00850004fe3afd41
ff330054005c007c
fd92fd79fcf9fda2
fcf1fd19fd79fdaa
fc28fc78fc99fd21
fc40fc30fc08fc08
fcc9fca1fc81fc38
fecbfecbfe52fd29
fd49fdaafe32fe93
fca1fc99fcb1fcf1
fe12fe12fd82fcd9
fe12fe12fe12fe12
fe1afe1afe1afe1a
fe22fe12fe12fe1a
fe22fe22fe1afe1a
fe22fe22fe1afe1a
fe2afe22fe22fe22
fe3afe32fe2afe2a
fe6afe52fe4afe42
fd21fd19fd11fd11
fedbfd41fd31fd29
008d0064008d009d
fd51fd71ff9c010d
014501ce011dffcc
fefbff4bfffc00ad
ff63fedbfec3fe83
ff94ff73ff73ff94
ffacffbcffccffa4
ffd4ffccffdcffcc
fff4fff4001c000c
ff0bff73ffc4fff4
fd61fdc2fe32fea3
00dd00cdffa4fd92
fff40064005c0095
ff1bfe7afeb3ff3b
fe83fee3fee3ff5b
fc18fc38fc78fd41
fc18fc20fc18fc18
fc91fc81fc68fc20
fe93fe6afda2fcf1
fd21fd71fdfafe62
fcb1fc89fca1fcd9
fe12fdfafd71fcd9
fe12fe12fe12fe12
fe22fe22fe1afe1a
fe1afe12fe12fe1a
fe22fe22fe1afe1a
fe22fe22fe1afe1a
fe2afe2afe22fe22
fe62fe4afe32fe2a
fef3fed3feabfe83
fd41fd39fd39fd31
fe2afd51fd49fd41
00740054007c003c
fe02fd19febb005c
012d01450085000c
ff0bff23ffb40085
ff3bff3bfe9bfef3
ff63ff6bffa4ff5b
ff6bff7bffb4ff53
ff7bff94ffa4ff6b
ffe4ffe4ffecffd4
febbfef3ff63ffb4
fd61fd92fdd2fe7a
007400d5006cfe72
0004000cffd40044
ff13fe93ff3bffd4
fdc2fdf2fe52ff0b
fc20fc20fc68fd01
fc10fc10fc18fc18
fc78fc68fc48fc28
fe5afdcafd11fcb9
fce9fd61fdeafe5a
fcb1fc89fc81fca1
fe12fdeafd41fcb9
fe1afe1afe0afe12
fe22fe22fe1afe1a
fe22fe1afe1afe22
fe22fe22fe22fe1a
fe2afe22fe1afe1a
fe32fe32fe22fe22
feabfe72fe52fe3a
ff94ff63ff2bfeeb
fd61fd51fd49fd49
fdaafd69fd61fd61
005c004c008dff9c
ff6bfd9afe5a0034
00a5009d00b50095
feebff13ffb4003c
ff23ff33fea3fef3
ff4bff33ffa4ff94
ff7bff53ff6bff3b
ff73ff43ff4bff63
ffa4ffa4ffbcffac
fe62febbff23ff7b
fe12fddafdd2fe42
ff9c00850054ff84
ffccffecff5bffac
fed3fe9bfedbff1b
fd59fd61fe32fedb
fcb9fd39fdc2fd51
fc20fc18fc20fc50
fc70fc58fc38fc28
fdc2fd19fcc9fc91
fcc9fd31fdbafe0a
fc99fc81fc78fc99
fe1afdfafd41fc89
fe1afe1afe12fe12
fe22fe22fe1afe1a
fe1afe22fe22fe22
fe22fe22fe22fe1a
fe2afe2afe1afe1a
fe32fe32fe2afe2a
ff0bfec3fe7afe4a
003c0004ffb4ff5b
fd69fd69fd61fd61
fd82fd79fd79fd71
000c006400a5feeb
00e5fffcffbc0085
00340064008d00bd
ff03ff2bffac001c
ff1bff33fef3fec3
ffacff43fedbff84
ffa4ffa4ffb4ff7b
ff33fefbff1bff6b
ff7bff7bff94ff94
fe7afe9bff0bff5b
fef3fe42fe32fe52
ff130014fffc0024
fe9bff4bff43ff1b
fe22fe12fe7afe6a
fd82fd79fe72fe7a
fd8afde2fdbafd41
fc28fc40fc68fd29
fc58fc38fc30fc30
fd29fcd1fca9fc78
fc91fcd1fd21fd61
fc78fc60fc70fc81
fe1afdfafd41fc70
fe22fe1afe12fe12
fe22fe22fe22fe22
fe1afe22fe22fe22
fe2afe1afe22fe1a
fe32fe2afe1afe1a
fe3afe32fe32fe32
ff6bff0bfeb3fe6a
00b50085002cffd4
fd82fd79fd79fd79
fd8afd92fd8afd8a
ffd400a50044fe2a
015d0105008dffec
fffc0095011d015d
feebfefbffac000c
ff23fee3fef3feeb
ff43ff6bfefbff3b
ff23ff7bff6bff03
ff1bff3bff43ff4b
ff1bff6bff6bff1b
fedbfefbff13ff13
ffbcfeebfeabfed3
ff1bff53ff840024
fe6afef3feabfedb
fe22fdf2fdbafe72
fd51fdeafe7afe0a
fd59fdf2fd39fcf9
fc38fc58fcb9fd49
fc48fc38fc30fc30
fcb9fcb9fc99fc58
fc78fc89fcb9fcc9
fc60fc50fc60fc78
fe12fdfafd41fc70
fe2afe1afe12fe1a
fe22fe22fe2afe2a
fe22fe22fe22fe22
fe2afe22fe22fe22
fe32fe2afe22fe2a
fe52fe3afe2afe32
ffc4ff53feebfe93
010500d5008d0034
fd92fd8afd92fd92
fd92fd92fd92fd92
003400b5ff43fdaa
01150054ffccff7b
009d010d014d0175
fed3ff23ffdc0034
ff03feebff43ff33
fed3ff8cff0bfe9b
ff03fef3ff2bfefb
ff63ff4bff33ff0b
ff13ff8cff6bff0b
ff84ff63ff6bff3b
ffdcffdcff4bff5b
febbfe9bff03ff73
fe8bfe72fe22fe52
fe32fdcafdc2fe83
fd59fe1afe3afdca
fdaafe0afd59fd19
fc68fc70fcc9fd11
fc38fc38fc58fc50
fcb1fca1fc68fc40
fc70fc81fc99fcb1
fc50fc60fc70fc70
fe12fde2fce1fc48
fe22fe22fe1afe1a
fe22fe22fe2afe2a
fe22fe2afe22fe22
fe2afe2afe2afe22
fe32fe32fe32fe2a
fe5afe3afe32fe32
000cff94ff1bfeab
012d010d00dd0085
fd92fd92fd9afd92
fd92fd92fd92fd92
00e50024fe4afd92
00bd001c0034009d
010d012d01450145
ff0bff7b003400cd
ff1bff2bff53ff3b
feebff6bff63fed3
ff2bfe93fed3fefb
ff73fefbff3bff3b
ff43ff84ff03ff6b
ffb4fff4ffbcff73
ff0bff94ff53ff3b
feabfe5aff23fec3
fe42fe32fe02fe2a
feb3fe83fe9bfe93
febbff73fef3fe9b
fe7afec3fe1afde2
fc91fc91fcc1fd29
fc38fc40fca9fca9
fca9fc78fc40fc30
fc70fc89fc99fcb1
fc48fc60fc70fc68
fe1afdf2fd19fc60
fe22fe2afe1afe1a
fe22fe2afe2afe2a
fe22fe22fe2afe22
fe32fe22fe2afe2a
fe32fe2afe32fe32
fe62fe3afe32fe32
0054ffd4ff3bfec3
0155013d010d00bd
fd92fd9afd92fd92
fd92fd9afda2fd92
0085ff03fdbafd8a
00fd01150135011d
013501250135012d
ff03ffc400850125
ff23ff5bff1bfe9b
ff6bffa4ffbcff43
ff23fec3fe83fefb
ff43fea3ff23ff2b
ff43ff1bff2bff63
ff4bff84ff84ff8c
fef3ff2bff73ff03
feb3fe72febbfee3
ff23feb3fe0afe12
ffb4ffb4ff9cffac
ffa4ffe4ffbcffa4
ff3bffc4ff1bff03
fca9fcb1fd19fdc2
fc50fc60fc70fc60
fc70fc50fc48fc40
fc70fc78fc89fc89
fc28fc48fc58fc50
fe22fe12fd69fc60
fe32fe2afe22fe1a
fe2afe2afe2afe22
fe22fe1afe2afe2a
fe2afe2afe22fe2a
fe2afe32fe2afe2a
fe62fe3afe2afe32
0085fffcff5bfec3
0175015d012d00ed
fd9afd92fd9afd9a
fd9afd9afd9afd9a
ff7bfe02fd9afd9a
00ed014501250095
012d013d012500f5
ff53002c00950105
ff33ff23fe72fe22
ff23ff3bff23ff13
fefbff03fecbfedb
ff13febbfee3feeb
ff43ff1bff3bff3b
ff8cffacff9cff9c
feabfeabff33ff23
fecbfe72fe22fe72
ffe4ffa4ff5bfeb3
fea3fea3fefbffac
fe22fdf2fe0afe5a
fe4afedbfe93fe42
fce1fd31fdb2fdc2
fc89fc70fc78fc91
fc50fc40fc50fc91
fc70fc78fc60fc68
fc40fc50fc50fc48
fe22fe12fd19fc50
fe2afe2afe22fe22
fe2afe32fe2afe22
fe2afe2afe32fe32
fe2afe2afe2afe2a
fe2afe32fe2afe2a
fe5afe3afe32fe2a
00a5000cff63fec3
0186016d013d00fd
fda2fd9afd9afd9a
fd9afd9afd9afd9a
fe3afdaafda2fd9a
008d00bd008dff94
00e50145011d00bd
ff4b0054007c0074
fecbff03fe72fe32
fe7afeb3fef3febb
fe1afe1afe93feeb
ff23fe42fee3fe9b
ff2bff0bff0bff0b
ffdc001cffecffb4
fe7afeb3fecbff3b
ff5bfe83fe1afe52
fe62ff2b000cffdc
fd79fd79fd9afdea
fd51fd09fd01fd61
fca9fcd1fd11fd39
fd29fd11fce1fc99
fca9fca1fcd9fd29
fc40fc48fc50fcb9
fc68fc68fc68fc58
fc48fc48fc48fc40
fe22fe1afd69fc99
fe2afe2afe2afe2a
fe2afe2afe2afe22
fe32fe2afe32fe3a
fe32fe2afe32fe2a
fe32fe32fe32fe2a
fe4afe32fe32fe32
00ad0014ff63febb
017d016d01450105
fda2fda2fda2fd9a
fda2fd9afda2fda2
fdaafd9afda2fd9a
ffe4ffc4ff1bfe12
0014009d008d003c
ff3b00850064ffb4
fea3fe7afe5afe7a
fee3ff13febbff03
fe83fe3afe83ff03
feb3fe52fedbfee3
ff33ff3bff03fee3
ffdc00340024ffc4
fe83fe9bfea3feab
ff63fecbfe62fe22
fd29fd69fe5aff5b
fce1fce1fd19fd19
fcf9fcd9fc81fce1
fc28fc20fc89fd21
fca1fc81fc48fc20
fcb1fcb9fce1fcd1
fc30fc40fc50fc70
fc60fc70fc89fc50
fc38fc40fc48fc40
fe22fe1afd82fc81
fe2afe2afe2afe2a
fe22fe2afe2afe2a
fe32fe2afe32fe32
fe3afe3afe52fe42
fe3afe32fe32fe3a
fe4afe3afe3afe3a
00a50004ff53feb3
01750165013d0105
fda2fd9afda2fda2
fda2fda2fda2fda2
fd8afd92fd9afd92
fea3fe02fd59fd82
feabfefbff33fef3
ff4b009d00c5ffdc
fe62fe83fedbfe52
ff33ff43fe83ff23
fe62fe7afed3ff13
fe5afe7afe8bfe2a
ff23ff33ff3bfed3
ffa4004c000cffcc
feabfe6afe3afe3a
fdfafe0afe22fe32
fc78fcb1fcf9fd61
fc40fc40fc48fc60
fc68fc60fc18fc30
fc38fc18fc38fc81
fc58fc50fc70fc28
fc81fc58fc40fc38
fc30fc30fc30fc60
fc60fc81fc78fc38
fc30fc38fc50fc40
fe2afe2afdaafc60
fe32fe22fe2afe2a
fe2afe2afe22fe2a
fe9bfe3afe32fe2a
fe4afeabff33ff33
fe32fe3afe32fe3a
fe4afe3afe3afe3a
009dfffcff4bfeab
0186016d013500fd
fda2fda2fdaafdaa
fda2fda2fda2fda2
fd9afd9afd9afd92
fce9fd09fd79fd9a
fd11fcc1fd19fd19
ff94013d0125ff8c
fe9bfe62fe8bfe02
fe93fefbfe72ff13
fe12fe2afeabfe6a
fea3fe93fe8bfdea
ff1bff23ff03feb3
ff5b001cfff4ffb4
fe83fe72fdcafe12
fe62fefbff2bfe9b
fce9fcf1fd11fd79
fc18fc10fc10fc50
fc40fc40fc40fc18
fc28fc20fc30fc48
fc58fc20fc28fc30
fc40fc18fc20fc38
fc28fc38fc40fc60
fc60fc89fc68fc28
fc28fc40fc48fc48
fe32fe32fdb2fc99
fe2afe32fe2afe32
fe2afe2afe2afe32
ffdcfeb3fe32fe2a
fe62ff53003c0074
fe32fe3afe32fe3a
fe4afe42fe3afe3a
0095ffecff33fe9b
01960175014500fd
fda2fda2fda2fdaa
fda2fda2fdaafda2
fdb2fda2fda2fda2
fd8afd79fda2fdaa
fcd1fc48fc70fd11
ff63001cff7bfe9b
fe2afe5aff43fed3
fe62fe8bfe72fe6a
fe42fe52fe72fe62
fef3feebff43fe93
ff0bff43ff2bfee3
ff84fff4ffa4ff84
fe93fe83fdb2fe32
ffe4ffa4ff84ff3b
fe72fe8bfedbffb4
fc38fc20fc78fd79
fc70fc70fc68fc48
fc38fc48fc60fc70
fc18fc18fc20fc30
fc28fc10fc18fc20
fc28fc40fc48fc40
fc68fc78fc68fc38
fc30fc38fc48fc40
fe32fe32fdf2fcf9
fe22fe2afe32fe32
fe2afe32fe32fe32
0085ff63fe5afe32
fe93ffdc00bd00dd
fe32fe3afe3afe2a
fe42fe42fe3afe32
0085ffd4ff23fe8b
01b6018e015500fd
fda2fda2fda2fdaa
fda2fda2fdaafdaa
fda2fd9afda2fdaa
fe1afe6afda2fd9a
fd69fc40fc89fcf9
fe7aff6bff2bfedb
fe9bff84ff23fd92
fe8bfebbfe7afe22
fe1afe12fe52fe6a
fe8bfef3ff03fe7a
ff1bfea3fef3febb
ff63ffacff4bff63
fefbfe93fe32fe9b
ff3bff6bffc4ff6b
ff3bff84ff6bff4b
fca9fd39fe1afe9b
fc81fc70fc40fc38
fc48fc81fc89fc68
fd09fc89fc30fc20
fc20fc89fd41fd41
fc28fc30fc38fc28
fc48fc50fc68fc40
fc38fc30fc48fc38
fe2afe22fe22fd49
fe32fe2afe2afe32
fe32fe32fe32fe3a
00adffb4fe7afe32
fefb005c0105010d
fe3afe42fe32fe22
fe42fe42fe42fe3a
007cffc4ff1bfe83
01d601a6015d00fd
fda2fdaafdaafda2
fdaafdaafdaafdaa
fdaafdaafda2fda2
fd51fe52fdcafdaa
fe3afc60fc70fcf9
fe6aff53ff43ff13
fe9bfe6afe6afd82
fe4afe22ff0bff43
fe52fe7afed3ff0b
fe52feb3fee3fe9b
ff5bfef3fe83fe62
ff4bff8cfedbff43
ff9cfe93fea3fed3
ff4bffb4001c0004
ff2bfef3fed3feeb
fe5afecbfecbfefb
fc70fc78fd29fdca
fd82fd69fd09fc78
feabfecbfd9afd49
fc68fcc9fddafe52
fc38fc28fc38fc58
fc30fc48fc68fc50
fc78fc28fc38fc38
fe32fe22fe2afdaa
fe32fe32fe2afe32
fe32fe32fe32fe3a
008dff9cfe7afe32
ff8c00ad01250105
fe42fe42fe22fe42
fe42fe42fe4afe42
006cffbcff0bfe7a
01d601b6016500fd
fda2fdaafdaafda2
fdb2fdaafdaafdaa
fda2fdaafdaafdaa
fd29fdaafdc2fdaa
ff03fce9fc50fcd1
fe32ff1bff43ff63
ff1bfeb3fe9bfd92
fed3fec3ff4bff03
fe83fe7aff0bff4b
fe62fe8bfe3afe5a
ff4bfefbfe52fe8b
fef3ff13fef3feb3
ff5bfeb3fed3fed3
ffe4002400640034
fe83fe52fed3ff6b
ff43ff03feb3fe93
fdf2fe0afe6afebb
feb3fee3fe5afde2
fda2fe02fdf2fe3a
fc58fc68fce1fd51
fc30fc30fc38fc50
fc30fc48fc60fc60
fcc1fc38fc28fc30
fe3afe22fe1afdd2
fe32fe3afe32fe2a
fe32fe32fe3afe32
006cff8cfe7afe3a
ffec00dd012d00ed
fe42fe3afe0afe9b
fe4afe4afe4afe4a
005cffacff03fe7a
01de01ae016500fd
fdaafdaafdaafdaa
fdb2fdb2fdaafda2
fda2fda2fdaafdaa
fd79fdaafdbafdaa
ff53fdc2fc81fd09
fd71fef3ff4bff84
fedbfe5afdf2fd51
ff43ff0bff4bff4b
fe22fe5aff13ffcc
fe62fe22fe02fdba
ff4bff03fe8bfeb3
ff13fecbfefbfebb
ffe4ffa4ffecffd4
002c005c00540095
fe7afeb3ff5bfffc
fe62fe2afe0afe2a
fe1afddafddafe12
fe22fe32fde2fdd2
fcb9fd11fd39fdaa
fc40fc58fc70fc81
fc38fc40fc48fc38
fc38fc38fc50fc58
fcd9fc48fc30fc30
fe3afe2afe22fdfa
fe3afe3afe32fe3a
fe32fe32fe3afe3a
004cff6bfe7afe3a
00340115013d00dd
fe3afe02fe0aff0b
fe4afe4afe4afe42
004cff94fef3fe72
01d601ae015d00ed
fdaafdaafdaafda2
fdaafdaafdaafdaa
fda2fda2fdaafdb2
fda2fda2fdb2fdb2
feabfd59fcf1fd82
fd09feebff7bff8c
fe72fe7afdaafd69
febbff2bfef3feeb
ff2bff7bfeebfec3
fe72fe2afe3afeb3
feebfe93fe93fe6a
01ee00edff43fe93
01a601d60226021e
005c007c003c010d
ff03ff63fffc0024
fd8afdd2fe22fe42
fd61fd59fd59fd71
fd31fd59fd61fd71
fc78fc78fcc1fd11
fc38fc48fc58fc68
fc38fc48fc58fc48
fc38fc48fc48fc58
fd79fc78fc48fc40
fe2afe32fe2afe0a
fe3afe3afe3afe3a
fe32fe32fe3afe3a
0024ff43fe62fe32
009d014d013d00c5
fe22fdfafe93ffac
fe52fe4afe4afe42
0044ff8cfee3fe6a
01c6019e015500e5
fdaafdaafdaafdaa
fdaafdaafdb2fdaa
fdb2fda2fda2fdb2
fdaafdb2fdbafdc2
fd82fd92fd82fdaa
fce1fe5aff6bfe5a
fe52fdd2fd19fd21
fec3ff0bfe8bfe02
fe72fe42fed3ff0b
ff63ffdcffbcff5b
fe93fec3fefbff23
025e024e012dfe7a
01be01fe0226023e
006c007c005c0145
ff1bffd40024001c
fde2fe32fe52fe5a
fc99fca9fcd9fd59
fc70fc70fc81fc91
fc50fc50fc60fc78
fc40fc38fc48fc58
fc48fc58fc60fc58
fc30fc40fc50fc50
fdb2fc91fc48fc40
fe32fe32fe2afe22
fe3afe42fe42fe42
fe3afe3afe42fe42
fffcff03fe52fe3a
01150175012d0095
fe3afea3ff9c0064
fe52fe4afe4afe42
003cff84fedbfe6a
01960175014500d5
fdb2fdb2fdaafdaa
fdb2fdaafdb2fdaa
fdb2fdaafdaafdb2
fdb2fdb2fdbafdc2
fd41fdbafdb2fdaa
fd41fde2fe3afcb1
fdd2fd59fd01fd39
fe52fecbfec3fe2a
fdd2fe42fe7afe83
fe1afd92fd71fda2
0024ffe4ff94ff2b
022e023e02060044
016d01b601ee020e
ffdcff8cffcc00d5
fff400340014fffc
fd79fde2fea3ff2b
fca1fcb1fce1fd79
fc70fc58fc38fc58
fc50fc58fc60fc89
fc50fc48fc58fc58
fc40fc48fc58fc60
fc38fc30fc50fc48
fdfafcd9fc28fc38
fe3afe3afe2afe32
fe3afe42fe42fe42
fe42fe42fe42fe42
ffd4fedbfe42fe3a
014d015500dd0054
fe8bff6b005400e5
fe52fe52fe3afe32
002cff7bfed3fe6a
0155013d010d00b5
fdaafda2fda2fda2
fdb2fdaafdaafdaa
fdbafdb2fdb2fdba
fdbafdbafdb2fdba
fd21fdc2fdc2fdaa
fe52fe7afdeafc89
fd71fd29fd19fe02
fe62fe72fdfafdca
fe62fe32fe62fe22
fdd2fdeafddafe3a
fdb2fd69fcd1fd01
01ee01f601ceffac
00e5014d01a601e6
ff1bfdeafef3001c
001c00240004fffc
fe12fe9bff0bffcc
fc78fc89fd01fd92
fca9fc81fc89fc81
fc48fc50fc68fc68
fc68fc60fc58fc40
fc38fc58fc58fc70
fc38fc30fc38fc38
fe2afd09fc20fc30
fe3afe3afe32fe3a
fe3afe42fe42fe42
fe42fe42fe42fe3a
ffa4feabfe3afe42
014d00dd005c000c
ff0bffec00a5011d
fe4afe5afe5afe83
fffcff63fec3fe62
010d00fd00cd007c
fdaafdaafdaafda2
fdb2fdb2fdb2fdaa
fdb2fdc2fdc2fdba
fdbafdb2fdaafdb2
fd79fdb2fdc2fdba
ff03fefbfe42fcc9
fd61fd71fde2feeb
fe0afd9afde2fdaa
fe52fde2fe72fe62
fe0afe52fd8afdda
fd11fd59fd61fd49
018e016d00d5fdba
002c00cd012d0175
fd41fcd9fdeaff1b
ffdc0004ffb4fed3
fed3ff63ff94ffbc
fc70fc99fd71fe1a
fc58fc60fcc1fc99
fc58fc68fc70fc78
fc60fc68fc60fc60
fc30fc40fc58fc70
fc38fc30fc28fc30
fe3afd51fc30fc20
fe3afe3afe32fe3a
fe42fe3afe42fe42
fe4afe42fe42fe42
ff5bfe7afe3afe4a
010500850014ffdc
ffd4007400bd0105
fe2afe4afe93ff13
ffc4ff3bfeabfe52
00cd00bd0085002c
fdb2fdaafdaafda2
fdaafdaafdb2fdb2
fdbafdc2fdbafdba
fdbafdbafdbafdba
fd11fda2fdc2fdca
ff43ff1bfe3afcb9
fd29fd71fe9bff53
fe1afda2fd92fd92
fdbafdd2fe5afe62
fe0afdeafda2fe0a
fe4afdfafe1afdc2
0074ffe4ff13fe0a
feabff8c001c007c
fc91fc50fd29fdda
000cffc4ff2bfdba
ff4bffb4ffccffbc
fce1fd29fe22fedb
fc78fc89fca1fca1
fc70fc91fc91fc99
fc70fc70fc70fc70
fc28fc38fc58fc78
fc20fc28fc30fc20
fe3afdc2fc89fc18
fe42fe4afe3afe3a
fe42fe42fe42fe3a
fe4afe42fe4afe4a
fefbfe62fe4afe42
00b50054fffcff9c
006c00d500e500e5
fe9bfeabfefbff9c
ff53fee3febbfe9b
007c00640024ffc4
fdbafdaafda2fda2
fdb2fdb2fdb2fdba
fdc2fdbafdbafdb2
fdc2fdc2fdcafdc2
fca9fd8afdcafdca
ff5bff2bfe12fc99
fcf9fdaaff2bff53
fe02fddafd41fd31
fd21fd51fd31fdd2
fe72fdf2fda2fde2
fe93fdfafe0afe52
fe4afe9bfe6afe52
fd41fd8afe02fe72
fc58fc20fc68fce9
0034fffcff03fcf9
ffc4ffec0014003c
fd8afe1afe83ff5b
fcd1fcf9fcd9fd51
fc81fca9fcc9fcf1
fc70fc78fc81fc78
fc30fc48fc58fc68
fc18fc28fc28fc38
fe42fe12fcc1fc18
fe42fe52fe4afe42
fe42fe42fe4afe42
fe42fe42fe42fe42
fe93fe52fe4afe42
007c0024ffc4ff3b
00cd00fd00f500cd
ff33ff53ff9c0024
ff33ff2bff2bff2b
0014ffd4ff73ff3b
fdb2fdb2fdb2fdaa
fdc2fdbafdbafdba
fdeafde2fdd2fdc2
fdeafdfafdf2fdf2
fcb1fda2fddafdea
ff6bff33fe0afca9
fd41fe3aff5bff6b
fd8afd59fd09fd21
fd29fd31fcf9fd51
fe52fe22fd51fd49
fe5afde2fd71fdd2
fdaafddafe1afea3
fc58fc68fc60fcd1
fc40fc20fc20fc30
00340024fefbfce1
006400b50064005c
fe7afec3ff730014
fd9afdcafdcafe1a
fcb1fcf1fd39fd61
fc81fc91fca1fca1
fc28fc50fc58fc70
fc10fc20fc20fc28
fe4afe32fd29fc28
fe3afe52fe4afe42
fe4afe42fe4afe3a
fe42fe4afe42fe42
fe5afe4afe4afe4a
003cffecff73fecb
00fd011d00dd0095
ffb4ffdc0024007c
ffacffacff9cffac
ff6bff43ff4bff8c
fdbafdbafdbafdb2
fdfafdeafde2fdd2
fe62fe52fe32fe0a
fe5afe62fe6afe72
fd61fe02fe22fe42
ff8cff53fdeafcb9
fd9afe8bff7bff8c
fce1fce1fcf9fd21
fd29fd69fd69fcf1
fddafe2afdcafd51
fdbafdaafd59fd61
fde2fdb2fe0afdf2
fc20fc18fc30fce1
fc50fc30fc28fc28
00640014ff1bfd09
009500d500540074
fe83fef3ff84fff4
fe1afe32fe42fe4a
fd39fd61fd82fdd2
fcb1fce9fd49fd51
fc38fc70fc70fc81
fc10fc10fc10fc30
fe42fe42fde2fc70
fe42fe4afe4afe42
fe4afe42fe4afe42
fe4afe52fe4afe4a
fe4afe42fe4afe52
ffbcff6bfee3fe72
00ed00f5009d0024
0024003c0064009d
000cfffcffec0004
ffb4ffd4ffec0004
fdeafdd2fdc2fdba
fe83fe5afe42fe12
ff0bfef3fed3feab
fee3fefbff0bff13
fe42fe7afe93fec3
ff84ff3bfdcafd19
fdd2fecbff8cff8c
fcd9fcd9fd09fd41
fd21fd21fd21fd29
fe52fe02fdfafdba
fe83fe0afe12fe9b
fdfafe1afdfafe22
fc38fc30fc89fd39
fc89fc48fc30fc38
005cffc4ff63fd92
004c009d00740085
fe7afefbff9c001c
fe1afe22fe32fe62
fddafd79fd79fdc2
fd29fdaafe2afe1a
fc20fc38fc70fcd1
fc20fc18fc28fc28
fe42fe3afe2afd09
fe42fe4afe4afe3a
fe42fe42fe42fe4a
fe4afe4afe42fe42
fe4afe42fe4afe52
fee3fe9bfe5afe4a
0074006cfff4ff6b
005c006c0064006c
006c0054003c004c
0054005c0064006c
fe4afe0afde2fdca
ff33ff03fecbfe8b
ffc4ffa4ff84ff63
ff7bffa4ffb4ffbc
fe9bfef3ff23ff4b
ff5bff2bfdd2fd82
fe83ff53ffa4ff7b
fd31fd11fd49fdca
fd41fd01fcf9fd59
fe0afdbafd71fdc2
fe02fdd2fde2fe8b
fde2fe0afe0afdea
fcb1fd01fd79fd92
fdbafcc1fc81fca1
0034ff73ff6bfeeb
ffcc006c005c000c
fecbff63ffc40004
fe1afe83fe9bfe62
fdf2fda2fdaafdf2
fd31fdbafe5afe4a
fc20fc58fc89fcd9
fc60fc28fc30fc20
fe4afe4afe42fdca
fe42fe4afe42fe3a
fe42fe4afe4afe4a
fe52fe4afe4afe42
fe4afe42fe4afe5a
fde2fde2fe32fe52
ffd4ffa4ff23fe6a
00740064003c000c
00bd0095007c0074
00bd00bd00c500cd
feb3fe5afe1afdea
ffe4ffb4ff63ff03
0044003400240014
000c0034003c0044
ff0bff6bffa4ffd4
ff6bff3bfddafdd2
ff84ffacff9cff8c
fc91fce1fd92fea3
fce9fca9fcb1fcf9
fdcafd9afd51fd29
fe2afe32fe0afdaa
fd9afd19fd82fd92
fdc2fde2fdeafdaa
ff03fe0afe62fe32
ff53ff84ff7bff3b
ff6bfff4fffcff53
fee3ff84ff94ff8c
feb3febbfeb3fe83
fe02fddafde2fe52
fd31fe22fe5afe12
fc30fc58fc89fcc1
fce1fc20fc28fc28
fe4afe4afe4afe32
fe42fe4afe4afe4a
fe4afe42fe52fe4a
fe52fe52fe4afe4a
fe5afe62fe5afe5a
fd69fdeafe4afe4a
fefbfe8bfdfafd69
00540024ffd4ff73
00fd00ad00740064
0135013d013d012d
ff1bfeb3fe5afe0a
005c0034ffecff84
0095008d007c007c
0074008d009d009d
ff9cffec000c0044
ff84ff2bfe32fe3a
ffa4ffacffa4ff8c
fca1fd39fe5aff4b
fca1fc99fc81fc78
fdfafd59fd29fcd1
fdfafe52fdb2fde2
fd59fcf9fd92fdb2
fe42fdbafdaafdca
ff03feabff33feeb
ff73ff43ff2bfee3
ffb4fffcffacff3b
fe93ff13ff33ff3b
fefbfeebfeebfeb3
fe02fdd2fe22fea3
fd29fda2fdf2fdba
fc30fc40fcc9fd11
fd79fc48fc18fc20
fe4afe4afe4afe42
fe42fe4afe4afe4a
fe62fe52fe52fe42
fe9bfe9bfe8bfe72
fe93feabfebbfeab
fe0afe72fe7afe72
fde2fd79fd49fd69
0004ff9cff03fe72
00d500950064004c
0165016d014d011d
ff84ff03fe9bfe42
00a50085004cfffc
00c500c500bd00bd
00bd00d500dd00cd
000c004c0064009d
ff7bff13fe42feab
ff8cff84ff73ff84
fd49fe52ff63ff9c
fc89fc89fc89fcc9
fd9afd49fd21fcf1
fd9afda2fd82fdda
fd8afd8afdfafdda
fdeafdbafdaafdaa
ff3bfecbff0bfe42
ff9cff33ff1bff23
000cff94ff63ff94
fec3ff3bff53ff33
ff23ff0bff1bfebb
fd9afd8afe0afeab
fd61fce9fd39fdaa
fc38fc50fc89fd29
fe2afd29fc20fc20
fe52fe4afe4afe42
fe62fe52fe5afe52
ff03fed3fe9bfe7a
ff5bff63ff5bff3b
fef3ff3bff63ff63
fec3fec3feb3febb
fdb2fdb2fde2fe62
ff7bfee3fe4afdea
009d007c0044fffc
00e500e500cd00b5
ffe4ff5bfedbfe72
00dd00bd00950044
00ed00ed00ed00ed
00f50105010d00f5
007c0085009d00d5
ff5bff1bfebbff7b
ff94ff7bff63ff7b
fe72ff73ffacff9c
fc70fc70fcb1fd49
fd79fd01fcd1fca1
fd39fd19fd11fd29
fe02fdc2fe12fd71
fe42fdeafd9afd82
fe93fe62fe9bfe12
ff94ff23fefbfe62
ffdcff4bff53ff94
fed3ff1bfef3ff4b
ff6bff2bfef3fe52
fe02fda2fdcafed3
fcb1fd01fd39fdca
fc30fc58fc60fca9
fe5afdf2fc89fc30
fe8bfe7afe72fe6a
ff0bfee3fec3feab
000cffd4ff8cff4b
fffc0014002c002c
fef3ff84ffccffec
fed3feb3fe8bfe8b
fe62fe72fe9bfecb
ff33fed3fe83fe62
0024000cffccff7b
ffecffe4ffec0004
0024ffa4ff13fea3
010500ed00c5007c
01050105010d0115
011d012d012d0115
00ad00a500bd00fd
ff5bff43ff9c008d
ff84ff8cff84ff6b
ff03ff8cff94ff8c
fc91fcd1fd01fdf2
fcd1fcc9fc81fc81
fd49fcf1fd01fcc9
fdbafd31fd29fd8a
fdbafdc2fd69fda2
fe32fe9bfe62fde2
ff8cffacfeabfe0a
ff63ff23ff8cffd4
fe72febbff1bffac
fef3fecbfe52fe02
fde2fd92fddafebb
fc99fce9fd71fd9a
fc20fc89fc60fc58
fec3fe7afd69fc30
ff4bff3bff23ff0b
fff4ffccffa4ff73
007c007400540024
003c0054006c007c
fec3ff84ffec000c
feabfe7afe32fe2a
fe8bfe93fe9bfeab
ff23feebfeabfe93
ffb4ff9cff63ff3b
ff63ff5bff5bff8c
0054ffe4ff43fec3
011d010d00e500a5
0115010d011d0125
013d0155014d012d
00cd00bd00dd0115
ff63ff63002c00d5
ff7bff8cff73ff6b
ff3bffacffacff8c
fcb9fcf9fd59fe22
fc89fc89fc70fcc1
fd71fd39fce1fc99
fdf2fd9afdaafe12
fd31fd79fda2fda2
fdb2fe4afe3afd92
ff13fec3fe6afdb2
fe93fe83ff03fefb
fe3afe8bfecbfef3
fe22fe12fe02fe02
fdf2fdb2fdd2fdfa
fc60fc89fcc9fd49
fc58fc28fc30fc40
ffacff43fe52fcf1
ffec000c001c0004
005400340014fff4
005c0064006c0064
003c004c00440054
fec3ff8cffe4000c
fe9bfe6afe2afe22
fe4afe62fe93fea3
fee3fe9bfe6afe52
ff9cff73ff3bff1b
ff63ff63ff6bff8c
007c000cff63fedb
012d011d00fd00c5
01150105011d0135
0155016d015d0135
00cd00bd00e5011d
ff5bff5b002c00dd
ff73ff84ff8cff63
ff33ffb4ff94ff73
fcc9fd69fe1afea3
fc91fc60fc48fc81
fd49fcb9fc99fca9
fd8afd92fd92fd92
fd21fd51fd92fd92
fdbafda2fd8afd29
fe9bfe6afe3afdca
fe3afe2afe83fe8b
fe2afdfafe0afe12
fdb2fdc2fdcafdc2
fd69fdc2fd9afdaa
fc58fcd9fca1fcb9
fdf2fd29fc91fc50
004c0014ffc4fefb
000c006c009d0095
003c002cfffcffec
0014002c0044004c
0004001c0004fffc
febbff73ffc4ffdc
fe93fe6afe22fe22
fdeafe2afe6afe93
fe72fe22fdfafde2
ff53ff23fedbfebb
ff53ff5bff63ff6b
00950024ff73fed3
013d0125010500dd
0115010d0125013d
014d01650155012d
00c500b500dd011d
ff53ff5b001400c5
ff6bff84ff7bff6b
fefbff6bff84ff73
fd31fdc2fe42feb3
fc70fc91fcb9fcd9
fcd9fc78fc78fc89
fd51fd19fd09fd01
fdaafdaafd41fd71
fd8afd41fd71fd21
fe0afe22fdeafdf2
fdaafdd2fe32fe8b
fdc2fd71fd82fd9a
fd41fdbafda2fdda
fd79fd82fd09fd41
fca9fca1fca9fc99
0024ff6bfe6afd49
005c007400850074
fffc005c008d0085
000cfff4ffbcffbc
ffc4ffdcfffc0004
ffacffbcffb4ffb4
fe83ff13ff4bff73
fe4afe4afe12fe02
fd8afdc2fe12fe42
fde2fda2fd8afd82
febbfe7afe2afe1a
feebfef3feebfee3
0095002cff6bfebb
013d012500fd00d5
011501150125013d
013d0155014d012d
00ad00a500cd0105
ff4bff63000c00a5
ff6bff73ff84ff73
fef3ff33ff7bff94
fe8bfe5afe72fe6a
fcb9fcb9fd01fde2
fc99fc70fc50fc70
fcf9fcc1fc89fc91
fce1fd69fd19fd19
fd09fd69fd29fcb9
fd9afe0afdcafd61
fd41fda2fdd2fe1a
fd69fd39fd29fd29
fd01fd49fd51fd92
fcc9fca1fcd1fd31
fd9afc81fc68fc99
013500fd006cff1b
004400a500ed010d
ffe4002c004c002c
ffacff8cff7bff9c
ff4bff63ff8cffac
ff13ff2bff33ff3b
fdc2fe1afe6afebb
fdb2fdb2fdaafd92
fd39fd51fd82fdaa
fd59fd31fd31fd29
fe0afdc2fd92fd82
fe6afe5afe4afe42
0095001cff5bfec3
014d0125010500cd
01250125013d014d
012d0145013d012d
0085009500cd0105
ff53ff6bffb4005c
ff53ff63ff9cff7b
fecbff4bff9cff9c
fe12fe5afea3fe9b
fc99fcc1fcf1fd69
fc78fc68fc70fc81
fc99fc81fc68fc81
fce1fd39fce9fca1
fc99fcc1fcd9fcb9
fd29fd29fd29fcc9
fcf9fd01fcf9fd41
fcc1fcc9fce1fcb9
fcb1fcc9fcc9fcc9
fd01fc91fcd1fd11
feb3fcc9fc60fce1
0165018601550095
000c009d00e50115
ffbcfff4ffe4ffc4
ff23ff23ff23ff63
fe93feabfed3ff0b
fe4afe5afe62fe72
fcf9fd39fd9afe02
fd09fd01fcf9fce9
fcf1fcf9fd11fd19
fd11fcf1fce9fcf1
fddafd71fd39fd31
fe1afe0afe02fe0a
00950004ff4bfeab
01650145011500d5
013d0145015d016d
013d015d014d0145
006c009500d50105
ff63ff6bff840014
ff73ff73ff8cff6b
feebff4bff6bff6b
fdfafe8bfeabfea3
fcc1fcf1fd69fd79
fc70fc60fc91fc91
fc60fc48fc40fc58
fcc1fce1fca9fc99
fc68fc89fca9fca9
fcb1fce1fcd9fc81
fcb1fc89fc81fce9
fc99fc99fcf9fca1
fd01fcb9fc99fc89
fcb1fca1fc78fca9
ff63fcf1fc40fc70
011d016d017d0115
ff9c0014006400b5
ff2bff73ff6bff53
fe52fe72fe83fecb
fdc2fdd2fdf2fe1a
fd8afd9afd92fda2
fcd9fd01fd39fd71
fcd1fcd9fcd1fcc9
fce1fce1fce9fce9
fcf1fcd9fcd1fcd9
fe22fd92fd09fcf9
fe62fe4afe32fe3a
0095000cff4bfeab
01750165013500ed
015d016d017d0186
0155016d016d015d
0054009500dd0125
ff63ff5bff73ffec
ff63ff63ff7bff63
ff2bff23ff63ff5b
fe1afe3afe93ff33
fd11fd29fd59fdca
fc58fc70fc70fcd1
fc78fc40fc38fc38
fc78fc81fc91fcc1
fc60fc78fca9fc91
fc68fcc1fcb1fc50
fc91fc81fc81fcc9
fca9fcd9fcd9fca1
fcc1fcb1fc78fc81
fc70fc60fc91fcc1
ff3bfce9fc30fc81
008500dd010500c5
feebff43ff84fffc
fe2afe8bfeb3fea3
fd59fd79fdaafdea
fd31fd31fd39fd49
fd39fd31fd29fd21
fcf1fd09fd21fd31
fcd9fcd9fce1fce9
fce9fce1fcd9fcd9
fce1fcd9fcd9fce9
fee3fe42fd31fce1
ff03fedbfec3fed3
009d0004ff4bfeab
01960175014d0105
017d018e019e01a6
0155016501750175
000c007c00dd0125
ff5bff63ff6bffbc
ff4bff6bff8cff63
febbff23ff73ff6b
fe2afe62ff0bff2b
fd79fd41fdb2fecb
fc89fc78fc91fd01
fc50fc40fc48fc91
fc60fc68fc48fc38
fca9fc89fc91fc81
fc50fc60fc89fc58
fc58fc70fc58fc68
fc68fc89fc78fc78
fc38fc40fc60fc60
fc28fc38fc58fc50
fe72fc99fc28fc30
ff63ffdc0024ffe4
fdf2fe3afe6afed3
fd51fd8afdaafdc2
fd09fd11fd19fd29
fd49fd31fd21fd19
fd92fd82fd71fd59
fd31fd59fd82fd9a
fcd1fce1fce9fd11
fcb1fca9fcb1fcc9
fcb9fcc1fcc1fcb9
ffa4ff43fdf2fce9
ff9cff6bff5bff7b
00a5fffcff3bfe93
01a60186015d0115
019601ae01be01b6
013d01550165017d
fefbffac004c00e5
ff63ff7bff23feab
ff3bff6bff8cff5b
feabff0bff53ff53
fe52fec3ff0bfefb
fd61fdbafe3afe6a
fca9fce1fcd9fcf9
fc30fc38fc48fc81
fc38fc30fc28fc28
fc48fc50fc60fc40
fc70fc58fc48fc50
fc38fc40fc38fc38
fc38fc38fc40fc30
fc30fc30fc40fc48
fc28fc20fc30fc30
fd51fc48fc20fc20
fe12fe8bfed3fe72
fd41fd69fd71fda2
fd21fd19fd19fd21
fd8afd79fd61fd41
fde2fdd2fdbafd9a
fe32fe22fe0afdfa
fde2fe12fe2afe3a
fd41fd69fd92fdb2
fc58fc78fcd1fd21
fca9fc68fc60fc58
003c0024ff23fd92
fffcffe4ffe40004
00a5fff4ff2bfe83
01ae018e015d0115
018e01b601ce01c6
ffd400d50145016d
fd71fdaafe1afedb
ff73ff6bff0bfdc2
ff63ff73ff6bff53
fef3ff0bff2bff43
fedbff0bff3bff1b
fdaafe2afe7afe52
fcc1fd19fd11fd21
fc38fc38fc50fc81
fc28fc28fc30fc38
fc38fc38fc30fc20
fc38fc48fc48fc38
fc38fc40fc40fc38
fc30fc38fc38fc40
fc28fc20fc28fc30
fc18fc18fc18fc18
fc68fc30fc20fc18
fd09fd41fd51fce9
fcc9fce1fcd9fce1
fdaafd61fcf1fcc1
fe22fe22fe0afdea
fe52fe52fe42fe32
fe6afe62fe5afe5a
fe6afe72fe7afe6a
fe22fe2afe4afe5a
fc40fce1fdbafe12
fdc2fce1fc68fc38
006c00740014fef3
004c00340034004c
009dffe4ff23fe83
01a6017d0155010d
018601a601c601c6
fd8afeeb008d015d
fd01fcd9fcb1fcd9
ff84ff63ff23fdda
ff73ff6bff63ff94
feebfee3ff1bff5b
ff4bff7bff5bff2b
fe2afe6afe4afe72
fcc9fd09fd61fe1a
fc38fc40fc70fc91
fc28fc28fc38fc38
fc38fc28fc28fc18
fc30fc38fc40fc38
fc48fc50fc40fc38
fc28fc38fc30fc38
fc18fc20fc28fc28
fc18fc20fc18fc10
fc28fc28fc18fc18
fc60fc60fc48fc28
fc48fc48fc50fc50
fd9afca9fc58fc50
fe5afe52fe5afe4a
fe6afe6afe72fe72
fe72fe72fe72fe6a
fe8bfe83fe7afe72
fe83fe83fe83fe83
fce9fd8afe62fe8b
ff73fec3fdeafd39
0074007c00640004
008d007c00740074
008dffdcff23fe72
0186015d014500fd
0165018e01a601a6
fcd1fd79fea30074
fcf1fc99fc40fc48
ff84ff63ff43fe02
ff63ff4bff7bffbc
ff03ff13ff43ff6b
ffa4ff13ff3bff63
fe7afe7afecbff53
fd09fd59fdfafe6a
fc58fc60fc91fcb9
fc30fc38fc30fc38
fc30fc28fc20fc28
fc30fc30fc30fc38
fc30fc38fc40fc40
fc28fc38fc28fc28
fc18fc20fc28fc28
fc10fc20fc20fc18
fc20fc28fc20fc10
fc18fc10fc08fc10
fc18fc18fc18fc18
fc78fc20fc28fc20
fe6afe62fe52fd8a
fe6afe6afe6afe6a
fe93fe8bfe7afe6a
fef3fed3feb3fe9b
ff03ff0bff0bff03
fec3fed3ff13ff0b
002cfffcffa4ff2b
008d007c00640044
009d00a500a5009d
0074ffd4ff1bfe72
01550135011500d5
00ad01550175016d
fc70fd19fda2fe9b
fd21fca1fc50fc38
ff73ff5bff4bfe6a
ff43ff53ff8cff8c
ff4bff53ff63ff63
0004ff8cffbcffdc
fe12fea3ff5bffa4
fd61fdd2fe42fe83
fc91fcc9fcc1fd21
fc30fc40fc48fc50
fc38fc30fc38fc30
fc30fc38fc30fc38
fc30fc38fc38fc40
fc28fc30fc30fc28
fc20fc18fc20fc28
fc10fc20fc28fc20
fc18fc28fc20fc18
fc20fc10fc08fc08
fc18fc18fc18fc20
fc30fc20fc20fc10
fe6afe5afda2fc78
fe72fe6afe6afe62
ff13fee3feb3fe83
ffe4ffacff84ff43
ffbcffd4ffe4fff4
ffe4ffc4ffbcffb4
0034002400140004
00950074004c003c
008500a500b500ad
fce9fce1fce1fce9
fcd1fcd9fce1fce1
fcb9fcc9fcd9fcd9
fca1fca9fcb1fcb9
fc81fc81fc91fc99
fc48fc58fc70fc78
fc48fc48fc50fc50
fc38fc48fc40fc48
fc30fc28fc30fc30
fc40fc40fc38fc30
fc38fc40fc40fc40
fc40fc40fc50fc48
fc58fc60fc58fc58
fc78fc70fc68fc60
fc91fc89fc81fc78
fcb1fcb1fca1fc99
fcc1fcc9fcc1fcb9
fcd1fcc9fcc1fcc1
fce9fce1fcd9fcd1
fce1fce1fce9fcf1
fcf1fcf1fce9fce9
fcf1fcf9fcf1fcf1
fcf9fcf9fcf1fce9
fce9fce9fcf1fcf1
fcf1fcf9fd01fcf9
fd01fcf9fcf9fcf1
fd01fd01fd01fd01
fd19fd11fd09fd01
fd21fd21fd19fd11
fd19fd19fd19fd21
fd29fd21fd19fd19
fd29fd29fd21fd29
fcd1fcd1fcd9fcd9
fcb9fcb9fcd1fcd1
fca1fcb1fcb9fcb9
fc89fc89fc91fc99
fc58fc60fc68fc78
fc38fc48fc58fc58
fc38fc30fc38fc40
fc30fc38fc30fc30
fc30fc28fc28fc28
fc40fc40fc30fc30
fc50fc50fc48fc40
fc60fc60fc60fc58
fc78fc78fc70fc70
fc91fc89fc81fc78
fca9fca1fc99fc99
fcd1fcc9fcb9fcb1
fcd9fcd9fcd1fcd1
fcd9fcd9fcd9fcd1
fce9fce9fcd9fcd9
fce1fce1fce9fce9
fcf1fce9fcf1fcf1
fcf9fcf9fcf9fcf9
fcf9fcf9fcf9fcf9
fce9fce9fcf9fcf9
fcf9fcf9fcf9fcf1
fd01fd01fcf9fcf9
fd01fd01fd01fd01
fd19fd11fd09fd01
fd21fd21fd11fd11
fd21fd19fd11fd21
fd29fd29fd21fd21
fd31fd39fd29fd31
fcb1fcb9fcb9fcc1
fc99fca1fcb1fcb1
fc81fc89fc91fca1
fc60fc60fc68fc81
fc50fc50fc50fc58
fc38fc48fc50fc50
fc30fc30fc38fc30
fc38fc38fc38fc30
fc48fc40fc30fc30
fc58fc40fc40fc48
fc70fc68fc58fc58
fc81fc78fc70fc70
fc99fc89fc81fc89
fca9fc99fc99fc99
fcc1fcc1fcb1fca9
fcd9fcc9fcc9fcb9
fce1fce1fcd9fce1
fce9fce1fce1fce1
fcf1fcf1fce1fce1
fcd9fce1fcf1fcf1
fce9fce9fce9fce1
fcf1fce9fcf1fce9
fcf9fcf9fcf9fcf9
fcf9fcf1fd01fd01
fcf9fcf9fcf9fcf1
fd01fd01fd01fd01
fd09fd01fd01fd09
fd11fd11fd11fd09
fd21fd19fd19fd19
fd29fd21fd21fd21
fd29fd31fd29fd29
fd31fd41fd31fd29
fc99fc99fca1fca9
fc89fc91fc99fc99
fc68fc60fc70fc81
fc40fc50fc58fc60
fc40fc40fc40fc40
fc30fc30fc48fc40
fc30fc30fc28fc30
fc40fc40fc38fc30
fc60fc50fc40fc38
fcd1fc81fc50fc60
fc89fc81fc68fc70
fc99fc91fc91fc89
fca9fc99fc99fc99
fcb1fca9fca1fcb1
fcd1fcb9fcb1fcc1
fd09fcd1fcc9fcc9
fcd1fcd1fcd1fcf1
fce1fce1fcd1fcc9
fce1fce9fce1fce1
fce1fce1fce1fce1
fce9fce9fce1fce1
fcf1fcf1fcf1fce9
fd01fd01fd01fd01
fcf9fd01fd01fd01
fcf9fcf9fcf9fcf9
fd01fd01fd01fd09
fd11fd01fd09fd09
fd11fd19fd11fd11
fd21fd19fd19fd19
fd21fd29fd21fd29
fd29fd29fd29fd29
fd39fd41fd31fd31
fc81fc89fc89fc99
fc68fc70fc78fc81
fc58fc50fc50fc58
fc40fc48fc50fc50
fc38fc30fc30fc30
fc30fc30fc38fc38
fc30fc30fc28fc28
fc48fc48fc40fc38
fc68fc50fc50fc40
fc81fcb1fc99fc68
fc91fc91fc91fc89
fca1fc99fca1fc99
fcb1fca1fca9fca1
fcc1fcc1fcc9fcc1
fce9fcb1fc81fca9
fcf9fcd9fcd9fce1
fcc9fcd1fcd1fcd9
fcd9fcd9fcd9fcc9
fce1fce1fce1fce1
fce9fce9fce1fce1
fcf1fce9fce9fce9
fcf1fcf1fce9fcf1
fd01fd09fd01fd01
fcf9fd01fd09fd01
fd01fd01fd01fcf9
fd01fd01fd01fcf9
fd09fd09fd09fd09
fd19fd11fd11fd11
fd19fd19fd21fd19
fd21fd21fd21fd21
fd29fd29fd29fd21
fd39fd39fd39fd31
fc70fc70fc78fc89
fc50fc58fc60fc68
fc48fc40fc40fc48
fc38fc40fc40fc40
fc28fc28fc28fc28
fc30fc30fc30fc30
fc40fc38fc30fc28
fc60fc58fc50fc50
fc81fc60fc50fc58
fc78fc89fd09fcd9
fcc9fcc1fce1fcc9
fcb1fca9fcb1fca9
fcc9fcb9fcd1fcd9
fc99fcc9fcc1fcd1
fcf1fcf1fcd1fc78
fce1fcf9fcf9fcf1
fcd9fce1fce9fce9
fce9fce1fcd9fce1
fce1fce1fcf1fcf9
fcf9fcf1fce1fce9
fcf1fce9fce9fcf1
fcf1fcf1fcf1fcf1
fd01fd01fd01fd01
fd01fd01fd09fd01
fd09fd01fd01fd01
fd09fd09fd01fd09
fd09fd01fd09fd11
fd29fd19fd19fd09
fd21fd21fd21fd19
fd29fd21fd21fd21
fd31fd31fd29fd29
fd39fd31fd39fd39
fc50fc58fc60fc68
fc38fc48fc50fc48
fc30fc30fc30fc38
fc30fc38fc38fc38
fc38fc38fc38fc30
fc40fc40fc40fc40
fc58fc50fc50fc48
fc78fc70fc68fc60
fcf1fca9fc70fc70
fc99fc99fc99fcf9
fce9fd19fcc9fca1
fd11fcf9fcc9fcd9
fc91fc78fc99fd59
fc58fc60fc70fc89
fc78fc81fc99fc81
fc89fc99fca9fc89
fcd9fcf1fcf1fcc1
fd01fcf1fcf1fd09
fce1fce9fcf9fd01
fcf9fcf9fce9fce9
fcf1fcf1fcf9fcf1
fcf9fcf1fcf1fcf1
fd09fd01fd09fd01
fd01fd01fd09fd09
fd09fd09fd01fd01
fd11fd09fd11fd11
fd11fd09fd09fd11
fd29fd21fd19fd11
fd21fd21fd29fd29
fd31fd31fd29fd29
fd31fd31fd31fd31
fd49fd39fd41fd39
fc30fc38fc38fc40
fc28fc30fc38fc38
fc30fc28fc20fc20
fc28fc28fc30fc30
fc50fc48fc40fc30
fc58fc50fc58fc58
fc68fc68fc68fc58
fc89fc91fc81fc70
fcf1fcd1fcc9fc81
fcb9fcc1fcb1fca9
fd01fcd9fcd9fcb9
fda2fd51fd41fd29
fca9fc99fc78fd59
fc60fc58fc70fc70
fc70fc68fc68fc70
fc78fc78fc99fc81
fc91fc91fc99fca1
fd01fcd9fcf1fd29
fcf1fd01fcf9fcf1
fce9fcd1fcf1fcf9
fcf9fcf9fcf1fcf9
fcf9fcf9fcf9fcf1
fd09fd09fd01fcf9
fd01fd09fd01fd09
fd11fd11fd09fd09
fd11fd01fd09fd09
fd19fd11fd11fd19
fd21fd11fd19fd19
fd29fd31fd31fd29
fd39fd39fd31fd29
fd31fd31fd29fd29
fd51fd51fd51fd41
fc28fc28fc28fc28
fc30fc30fc28fc28
fc30fc28fc28fc30
fc40fc38fc38fc30
fc50fc50fc38fc30
fc68fc60fc60fc58
fc78fc70fc68fc68
fc81fca1fc99fc81
fcb9fca1fcb9fc99
fcb9fcb9fcb9fca9
fd9afda2fd39fcf9
fcd9fcf9fd79fd59
fc60fc78fca9fd19
fc50fc40fc48fc48
fc58fc60fc58fc50
fc91fc78fc70fc68
fc70fc50fc60fc78
fcc9fc81fc60fc70
fd01fd11fd29fce9
fcf9fcb9fca9fcf9
fd01fcf9fcf9fd01
fcf9fd01fcf9fd01
fd01fd09fd01fcf9
fd09fd01fd01fd01
fd09fd09fd09fd09
fd09fd11fd11fd11
fd21fd19fd19fd19
fd21fd19fd21fd21
fd29fd31fd29fd29
fd31fd29fd29fd31
fd39fd31fd31fd39
fd41fd49fd41fd41
fc20fc18fc20fc28
fc30fc30fc28fc20
fc40fc38fc38fc30
fc58fc50fc40fc40
fc68fc60fc50fc50
fc78fc68fc70fc68
fc89fc81fc78fc81
fc99fc89fcb1fc99
fcb1fcb9fcb9fc91
fcd9fca9fcc1fcb9
fd31fd9afe8bfde2
fcb9fc50fce1fd21
fc78fcb1fc58fca1
fc48fc48fc50fc48
fc50fc38fc50fc68
fc50fc91fc68fc58
fcb1fc50fc48fc50
fcd9fc58fc48fca1
fcd9fcb9fcc9fcf9
fd09fd09fca1fca1
fd09fcf1fcf1fcf9
fd01fd01fd09fd11
fd01fd09fd09fd01
fd09fd09fd11fd01
fd09fd11fd09fd09
fd11fd19fd11fd11
fd21fd19fd19fd11
fd29fd29fd29fd29
fd29fd31fd31fd31
fd39fd31fd31fd31
fd41fd41fd39fd41
fd41fd41fd41fd39
fc28fc20fc20fc28
fc40fc38fc38fc28
fc58fc50fc48fc40
fc68fc68fc58fc50
fc78fc78fc70fc68
fc89fc78fc78fc70
fca1fc99fc89fc91
fca1fc91fc89fcb1
fce1fcd1fcc1fcb1
fcd1fce1fcf1fcf9
fd79fcf9fd21fd21
fc78fc70fc68fca9
fc60fc91fc60fc48
fc68fc58fc58fc58
fc50fc48fc30fc50
fc58fc40fc50fc68
fca1fca1fc48fc48
fc99fc81fc58fc89
fc81fc81fc68fc70
fcf1fcd9fca9fc78
fd09fd09fd09fcf9
fd11fd11fd09fd01
fd01fd01fd01fd09
fd11fd11fd09fd09
fd11fd11fd11fd11
fd19fd19fd19fd19
fd21fd21fd19fd21
fd31fd29fd29fd21
fd31fd31fd31fd29
fd49fd39fd39fd39
fd49fd41fd39fd41
fd49fd49fd41fd49
fc38fc38fc30fc28
fc48fc40fc40fc38
fc68fc68fc60fc50
fc70fc60fc60fc68
fc81fc89fc81fc78
fc99fc89fc89fc81
fca1fca9fca1fca9
fca1fc99fc89fc99
fd09fd31fcf9fcd1
fcb1fcd1fcd1fcf9
fce9fd71fcc9fc68
fc40fc30fc50fc58
fc68fce1fce1fca1
fc38fc48fc70fc89
fca9fc70fc38fc28
fca1fc68fc58fc89
fc78fcb9fcc9fcb9
fc70fc81fc89fc68
fc70fc78fc68fc68
fcb1fc89fc68fc60
fd09fd19fd11fcc9
fd11fd01fd01fd09
fd09fd09fd09fd09
fd19fd19fd11fd09
fd11fd11fd19fd11
fd21fd19fd21fd19
fd29fd29fd21fd21
fd31fd29fd29fd29
fd39fd39fd31fd31
fd49fd39fd39fd39
fd49fd41fd41fd41
fd51fd49fd41fd49
fc40fc38fc38fc38
fc50fc48fc40fc40
fc78fc70fc68fc60
fc81fc78fc70fc78
fc91fc91fc89fc81
fca1fc99fc99fc91
fca1fca9fcb1fcb1
fd21fcb1fca1fca1
fca1fd09fd01fd31
fc48fc70fd09fcb1
fc48fcd9fd92fc68
fcf9fc40fc28fc38
fc70fc78fc99fcf1
fc38fc38fc89fce1
fd19fcc1fc99fc58
fcf1fd19fca9fc99
fc60fc78fca9fca1
fc81fc70fc89fc68
fc48fc48fc50fc68
fc58fc50fc48fc48
fce9fcc1fca1fc70
fd01fd01fd01fcf9
fd11fd11fd09fd09
fd19fd19fd19fd11
fd21fd19fd19fd19
fd21fd21fd29fd21
fd31fd21fd21fd21
fd31fd31fd31fd31
fd39fd39fd39fd39
fd41fd39fd39fd41
fd41fd49fd41fd41
fd51fd49fd49fd49
fc50fc40fc40fc38
fc60fc50fc50fc50
fc81fc78fc70fc68
fc91fc89fc89fc81
fca1fc99fc91fc91
fca1fca1fca1fca1
fcb1fca1fca9fca9
fd41fd49fcb1fc91
fc89fca1fc99fcc9
fc38fc20fc60fcb1
fc28fc91fd59fcc1
fca1fcc9fc58fc18
fc81fcc9fca9fc81
fc48fc30fc50fc91
fcd1fcf9fce9fc99
fcf9fd39fd09fcb1
fcc1fc48fc70fca1
fc91fcd1fca1fcd1
fc30fc30fc30fc70
fc48fc30fc38fc38
fca9fc70fc68fc60
fd11fd01fd01fcf1
fd11fd11fd11fd11
fd19fd19fd11fd11
fd21fd19fd19fd19
fd21fd21fd29fd21
fd39fd29fd29fd21
fd39fd31fd29fd31
fd41fd39fd39fd31
fd41fd39fd39fd41
fd41fd49fd41fd49
fd51fd49fd49fd41
fc60fc50fc50fc50
fc68fc70fc68fc60
fc89fc78fc81fc70
fc99fc91fc91fc91
fca9fca1fca1fc99
fca9fca9fca1fcb1
fce1fcb1fc99fca9
fce9fd69fd19fc91
fc91fcc9fca1fc91
fcb9fc48fc48fc50
fc18fc81fcd1fcb1
fc78fc60fc70fc28
fca1fd31fcf9fca1
fc40fc20fc38fc70
fcb9fcd9fcd1fc70
fd09fce9fd49fcf9
fd51fca9fc50fcb9
fd11fce1fcf9fd11
fc68fc58fc30fc48
fc40fc30fc30fc38
fc70fc60fc60fc60
fd29fd21fcf1fca1
fd11fd19fd21fd19
fd11fd11fd19fd19
fd29fd21fd21fd21
fd21fd21fd21fd29
fd31fd31fd21fd21
fd31fd31fd29fd31
fd49fd39fd41fd31
fd41fd41fd39fd41
fd49fd49fd41fd49
fd59fd51fd51fd49
fc70fc68fc68fc60
fc81fc81fc81fc70
fc99fc89fc81fc78
fca1fca1fc99fc91
fca9fca1fca1fc99
fca9fca9fca1fcb1
fca9fcc1fc78fc91
fc70fcc1fd29fca9
fc48fc60fca9fc91
fd09fcc9fc60fca9
fc20fc48fc91fd31
fcb9fc89fc48fc40
fc70fcb9fca1fc99
fc48fc78fc58fc58
fd21fd29fce1fc50
fcc9fd69fca9fc99
fd51fd29fcb1fc78
fc70fcb9fcc9fd01
fc48fc40fc40fc38
fc40fc38fc38fc38
fca1fc89fc68fc60
fce1fcc9fc89fc89
fd19fd19fd11fcf1
fd19fd11fd11fd19
fd31fd29fd29fd29
fd29fd21fd29fd29
fd31fd31fd21fd29
fd39fd39fd39fd39
fd49fd39fd39fd39
fd49fd41fd41fd41
fd59fd59fd49fd49
fd59fd59fd51fd51
fc78fc70fc70fc68
fc91fc89fc89fc81
fc99fc99fc91fc81
fc99fc99fc99fc99
fcb1fca9fca1fca1
fca9fca9fcb1fcb1
fc50fc91fc81fc89
fc60fc50fc68fc60
fc38fc91fc60fc60
fd49fd21fcb1fc60
fc30fc28fca9fd71
fcc9fcf9fc50fc48
fcb1fc58fc38fce9
fc30fc91fca9fc99
fcc9fd51fcd9fc70
fc50fca1fd21fcc9
fd11fd11fd41fc89
fc28fc40fcb9fcb1
fc30fc28fc28fc38
fc60fc58fc40fc30
fc81fc91fc91fc78
fc91fc81fc70fc70
fd21fcf1fcc9fca1
fd19fd11fd19fd19
fd29fd21fd19fd21
fd29fd29fd31fd31
fd31fd29fd29fd31
fd41fd39fd41fd31
fd41fd41fd39fd39
fd49fd41fd41fd41
fd51fd49fd49fd49
fd51fd51fd51fd51
fc81fc81fc78fc78
fca1fc99fc91fc78
fc99fc99fc99fc91
fca1fca1fc99fc99
fca9fca9fca9fca9
fc91fca9fca9fca9
fc30fc50fc60fc60
fc81fc50fc48fc48
fc50fc81fc60fc48
fcb9fca9fca1fc40
fc30fc18fc91fd19
fd21fc70fc70fc48
fcb1fc91fc20fc78
fc58fc20fc68fc99
fc91fc91fcd1fcb9
fc48fc38fca1fd11
fc68fc78fcc1fca9
fc38fc28fc58fce1
fc38fc38fc20fc40
fc81fc68fc48fc38
fc60fc48fc58fc81
fc68fc50fc58fc60
fd19fd11fcf9fcb9
fd21fd21fd21fd11
fd29fd29fd21fd19
fd31fd29fd31fd29
fd31fd31fd31fd29
fd41fd41fd39fd31
fd41fd49fd49fd39
fd49fd49fd49fd49
fd51fd51fd51fd51
fd59fd51fd51fd51
fc89fc81fc89fc81
fc99fc91fc89fc89
fca1fc99fca1fc99
fca1fca9fca1fc99
fca1fca1fca9fca9
fc60fc91fca1fca1
fc40fc38fc50fc40
fc30fc40fc40fc38
fc48fc68fc99fc30
fcf1fc89fc89fc68
fc30fc28fc20fcb9
fd41fc81fc40fc58
fc58fcd9fc50fc50
fcb1fc30fc40fc89
fd82fca9fcf1fcf1
fcb9fc28fcd1fce1
fc78fc50fc91fca9
fc81fc28fc20fc78
fc58fc40fc50fc68
fc50fc60fc60fc68
fc48fc40fc38fc40
fc50fc50fc40fc40
fd19fd09fcc1fc70
fd29fd31fd21fd21
fd29fd29fd29fd29
fd39fd31fd31fd31
fd39fd39fd31fd31
fd41fd41fd41fd41
fd49fd41fd49fd41
fd51fd51fd51fd49
fd51fd59fd59fd51
fd61fd61fd59fd51
fc91fc89fc89fc89
fc99fc99fc91fc91
fca1fc99fca1fc99
fca9fca1fca1fc99
fca1fca1fcb1fcb1
fc50fc78fca1fca9
fc28fc30fc58fc68
fc28fc38fc48fc38
fc38fc48fc60fc48
fd01fd59fc68fca9
fc40fc50fc38fc48
fc70fca9fc58fc48
fc60fcc1fc48fc30
fcf9fc68fc28fca9
fd71fd69fc99fd51
fca9fc50fc50fc91
fc68fc81fcd1fc68
fc68fc78fc20fc28
fcb9fcc9fc70fc30
fc40fc40fc40fc58
fc40fc38fc38fc38
fc40fc40fc40fc48
fcf1fca9fc58fc40
fd31fd29fd19fd19
fd31fd29fd29fd31
fd39fd31fd31fd31
fd41fd31fd31fd31
fd49fd41fd49fd49
fd49fd51fd51fd49
fd59fd51fd51fd51
fd59fd51fd51fd59
fd61fd59fd59fd59
fc91fc91fc89fc89
fc99fc99fc99fc91
fc99fc99fc99fc99
fca9fca1fca1fca1
fcb9fcc1fcc1fcb9
fc70fc78fca1fcb9
fc20fc28fc40fc70
fc30fc18fc38fc30
fc40fc40fc58fc58
fc70fcf9fc40fc48
fc48fc50fc58fc48
fc38fcb9fca9fc89
fc99fc50fc40fc20
fd41fd31fc91fc89
fd41fd41fc81fd09
fc38fc58fc28fc48
fc28fc60fca1fc60
fc58fce1fc58fc10
fc58fcb9fca9fc78
fc40fc40fc40fc38
fc38fc28fc28fc28
fc40fc40fc48fc60
fca9fc68fc50fc48
fd21fd21fd19fce9
fd31fd31fd29fd29
fd39fd41fd39fd39
fd41fd31fd39fd31
fd41fd49fd49fd49
fd51fd51fd49fd49
fd59fd59fd51fd51
fd61fd59fd59fd59
fd61fd61fd69fd61
fc91fc91fc91fc99
fca1fc99fc99fc99
fca1fca1fca1fca1
fcb1fca9fca1fc99
fcd1fcd9fcd9fcc9
fc68fc78fc99fcc1
fc20fc28fc30fc40
fc38fc20fc28fc30
fc50fc50fc68fc81
fc91fca9fc70fc58
fc70fc81fc81fc58
fc40fc81fcb9fc70
fd01fc60fc38fc38
fcd1fd41fcb9fcf1
fc81fd69fd21fc91
fc28fc50fc48fc28
fc18fc58fc78fc40
fc58fd01fd01fc18
fc28fcc9fd49fcc9
fc58fc50fc68fc58
fc28fc20fc20fc30
fc40fc38fc50fc78
fc89fc50fc58fc50
fd29fd21fd01fcd9
fd39fd39fd31fd29
fd39fd39fd41fd31
fd41fd39fd39fd39
fd41fd49fd49fd49
fd49fd51fd49fd49
fd59fd59fd51fd49
fd61fd59fd61fd59
fd61fd69fd71fd69
fc91fc91fc91fc91
fca1fc99fca1fc99
fca9fca1fc99fc99
fcb1fca9fca1fca1
fce1fcf1fce9fcc1
fc58fc78fca9fcd1
fc38fc38fc40fc40
fc70fc48fc48fc40
fc78fc68fc70fcb9
fc81fc78fc99fc78
fc60fca9fcd9fc60
fc89fc48fc48fc58
fdb2fca1fc58fc70
fc68fcd1fd49fcc9
fc48fc99fcc9fc68
fc28fc30fc70fc48
fc18fc48fc78fc50
fc91fcb1fce9fc50
fc68fcd1fd41fce1
fc48fc40fc58fc60
fc30fc28fc28fc30
fc38fc30fc40fc40
fc48fc48fc50fc48
fd19fcf1fc89fc50
fd41fd39fd31fd21
fd41fd39fd41fd41
fd41fd41fd39fd41
fd49fd49fd49fd41
fd51fd49fd51fd49
fd59fd59fd59fd49
fd61fd61fd61fd59
fd71fd71fd69fd61
fc99fc91fc99fc99
fca9fca1fca1fca1
fca9fca9fca9fca9
fcb1fcb1fcb1fcb1
fce9fcf1fce9fcc9
fc68fc89fce1fce9
fc68fc48fc50fc58
fcf9fcb1fc89fc81
fcb9fcc1fca9fce9
fcb1fca9fce9fca9
fca9fcc9fce9fc99
fd19fc68fc50fc91
fcb9fcc9fc91fce1
fc68fc91fd21fcb1
fc40fc58fc99fcb1
fc38fc38fc68fca1
fc28fc58fc68fc60
fcc9fc58fc70fc91
fca9fc89fc40fc81
fc89fc99fc60fca1
fc30fc30fc30fc38
fc38fc30fc38fc38
fc48fc40fc40fc40
fcd1fc78fc40fc48
fd41fd39fd31fd09
fd39fd41fd41fd41
fd49fd41fd41fd39
fd51fd49fd51fd51
fd51fd51fd49fd51
fd59fd59fd59fd51
fd69fd61fd61fd59
fd71fd69fd69fd61
fca1fc91fc89fc89
fca1fca1fca1fca1
fcb9fcb9fcb1fca9
fd31fce1fcb9fca9
fd31fd09fce9fd01
fc91fcb9fcf9fce1
fc78fc50fc58fc78
fd09fd09fca9fc89
fd01fd09fd39fd49
fce1fcf1fd8afd19
fd79fd31fcd1fca1
fdbafcd1fca1fcf9
fcb9fca9fca1fd69
fc89fc60fcd1fcc1
fc50fc48fc58fca9
fc48fc40fc48fc81
fc91fc91fc58fc48
fd61fc99fc40fd29
fcc1fcf1fc58fcd9
fcb9fce9fc78fc99
fc28fc28fc38fc48
fc38fc30fc30fc30
fc40fc40fc38fc38
fce9fc78fc40fc38
fd41fd39fd31fd29
fd41fd41fd41fd41
fd41fd49fd39fd39
fd51fd51fd51fd51
fd59fd59fd51fd51
fd61fd59fd59fd59
fd61fd61fd71fd59
fd69fd69fd69fd61
fca1fc99fc89fc91
fc99fca1fca1fc99
fca9fcb9fca1fc99
fd49fd41fcf1fca9
fd11fcc1fc78fcc1
fcc9fce9fd61fd31
fc70fc81fc89fc89
fd01fcc9fca9fc81
fd82fd82fd8afd31
fd09fcd1fd19fd29
fddafd49fcf9fd09
fe52fdf2fd21fd49
fcc1fd49fce9fd31
fcb1fcb9fcf9fce9
fc58fc68fca9fc89
fc40fc38fc48fc70
fd19fc50fc40fc40
fcd1fca1fc28fca9
fc81fd09fcc1fc81
fc38fc70fc60fc50
fc40fc40fc40fc40
fc28fc28fc30fc30
fc60fc60fc48fc28
fc81fc30fc20fc40
fd49fd39fd31fcf9
fd41fd41fd41fd41
fd49fd41fd41fd49
fd59fd51fd59fd59
fd59fd59fd59fd51
fd69fd61fd61fd61
fd61fd59fd69fd61
fd59fd69fd69fd61
fc99fc99fc91fc91
fca1fca1fc99fc99
fcb9fcb1fca1fc99
fc99fd11fd39fce9
fd41fcd9fd19fc91
fca1fc89fc89fd19
fc58fc78fcb1fca9
fd41fcf1fc99fc68
fdeafdeafdc2fd59
fdb2fd39fd59fdb2
fe1afd92fd82fdba
fe6afebbfe22fdea
fd71fe4afde2fd41
fc99fd21fdbafdfa
fc68fc68fc91fc89
fc48fc40fc58fc68
fcb9fc50fc28fc40
fc40fc50fc40fc40
fc40fc50fc58fc38
fc40fc48fc48fc38
fc38fc48fc38fc38
fc28fc28fc20fc28
fca9fc60fc30fc28
fc68fc48fc78fca1
fd49fd41fd19fcc1
fd49fd49fd41fd41
fd51fd49fd49fd49
fd59fd59fd61fd61
fd51fd59fd59fd59
fd69fd61fd61fd61
fd69fd69fd69fd61
fd71fd71fd71fd71
fc99fca1fc99fc99
fca1fca1fca1fca1
fce1fcb9fc99fc91
fc81fca1fd11fd11
fcb9fcb1fcb9fcb9
fcf9fcb9fce9fce1
fc60fc50fc89fd01
fd09fd01fca9fc70
fe0afe02fd9afd21
fdeafe1afe52fe3a
fe1afe52fddafdd2
fec3ff7bff0bfe6a
fe22fef3fea3fe0a
fcc9fd09fdbafe52
fc89fcb9fcd9fcb1
fc58fc60fc60fc68
fc50fc60fc40fc50
fc30fc50fc81fc38
fc30fc28fc38fc30
fc40fc40fc40fc30
fc40fc78fc58fc58
fc38fc28fc20fc28
fcc1fc30fc10fc30
fcc1fca9fce1fce9
fd49fd49fd31fcf9
fd49fd41fd41fd41
fd51fd51fd49fd49
fd61fd59fd59fd59
fd59fd59fd61fd69
fd71fd69fd61fd61
fd71fd71fd71fd71
fd79fd79fd71fd71
fc99fca1fca1fc99
fca1fca9fca1fca1
fcf1fcd1fcb9fc99
fc60fc81fca9fcc9
fcb9fd11fc91fc78
fd11fd49fd49fcd9
fc68fc91fc70fc78
fce1fc91fc91fc81
fe8bfdeafda2fd69
fe42fe7afed3fecb
febbfef3fe5afe52
ffe4ffccff94ff03
feebffa4ffdcff1b
fd61fd59fdf2fe6a
fca9fcd1fd29fd09
fc81fcb1fcc1fcb1
fc40fc40fc50fc70
fc38fc48fc48fc48
fc30fc28fc38fc40
fc48fc50fc48fc30
fc30fc68fc50fc40
fc40fc30fc28fc28
fc78fc30fc38fc40
fd09fcf1fd09fd19
fd49fd41fd39fd29
fd51fd49fd51fd49
fd51fd59fd59fd49
fd59fd51fd49fd51
fd61fd59fd61fd69
fd71fd69fd69fd61
fd71fd71fd69fd71
fd71fd71fd71fd71
fca1fca1fc99fc99
fca1fca9fca9fca1
fcc9fca1fcc9fcb9
fc30fc40fc81fce9
fcd9fd39fcd9fc68
fcc9fcc9fce9fcc1
fc58fc81fc60fc81
fd59fcb9fc78fc89
ff7bfee3fe4afdc2
fedbfefbff23ff23
ff5bff43ff13ff3b
00740054ffdcffbc
ffa4ffe4002cffec
fdc2fe0afe4afed3
fd39fd41fd59fd59
fc89fca1fce1fcf9
fc40fc30fc50fc78
fc40fc48fc50fc48
fc28fc28fc38fc48
fc40fc40fc48fc38
fc28fc38fc68fc38
fc48fc38fc30fc20
fc28fc28fc48fc50
fd31fd29fd39fcc9
fd49fd41fd39fd39
fd51fd51fd51fd51
fd59fd59fd59fd49
fd61fd59fd51fd51
fd61fd59fd61fd69
fd71fd69fd61fd61
fd71fd71fd69fd69
fd79fd71fd71fd69
fc99fca1fc99fc91
fcb9fcb1fca1fca1
fce1fc60fca1fcc9
fc99fc38fc68fcb1
fc78fcf9fce9fcb1
fcd9fd69fd19fc58
fc89fc40fc91fcc9
fda2fd31fca9fcb1
ff5bff5bfec3fe4a
ff43ff13ff94ff7b
fffcffbcff6bffa4
00fd00cd003c0014
001c0064008d00ed
febbff03ff43ffbc
fdfafdf2fe0afe42
fc91fc99fce9fd71
fc78fc60fc68fc81
fc48fc50fc60fc70
fc38fc38fc48fc48
fc38fc40fc48fc40
fc20fc28fc30fc38
fc48fc48fc38fc28
fc30fc40fc48fc48
fd39fd39fce9fc50
fd49fd49fd41fd49
fd51fd59fd51fd51
fd51fd59fd51fd51
fd69fd61fd61fd59
fd61fd59fd61fd69
fd71fd69fd61fd61
fd69fd69fd71fd69
fd82fd79fd71fd69
fca1fca1fca1fc99
fcd1fcd1fcb1fca1
fd09fcb1fc68fcc9
fc81fc48fc70fce1
fc50fc81fca1fc99
fd92fd21fd71fcc9
fcf9fd01fc91fd61
fe22fd82fce9fcb1
ff53ff1bfef3fe93
ff5bff43ff84ffbc
0024000cffccffcc
0186015500dd005c
00cd011501450165
ffbcfffc001c007c
fe62fea3fedbff43
fce9fd09fd61fe02
fc91fc99fc99fc99
fc89fc81fc70fc89
fc78fc81fc81fc78
fc48fc48fc58fc70
fc30fc30fc40fc48
fc38fc40fc40fc38
fc48fc50fc40fc40
fd01fcb9fc58fc40
fd49fd49fd41fd31
fd59fd51fd51fd51
fd59fd59fd61fd59
fd61fd61fd61fd51
fd61fd61fd61fd69
fd71fd69fd69fd61
fd69fd61fd69fd69
fd79fd79fd79fd71
fca9fca1fc99fc99
fcc9fcd1fcd1fcb9
fd31fcd9fc70fcb9
fc91fc70fc68fcf9
fc91fca1fcc1fcb1
fdaafd41fce9fd49
fc99fd01fd19fd21
fe8bfe0afcf9fc99
ff9cff4bff23fed3
ff6bff7bffacfff4
001c0004ffecffa4
01ae014d00c5003c
00e5019e019e019e
0034003c003c005c
ff13ff53ff8cffe4
fd61fe12fe7afecb
fce9fcc1fcb9fcf1
fcb1fcb1fcc9fcd9
fcb1fcd1fcc1fcb1
fc58fc68fc78fc91
fc30fc40fc58fc60
fc30fc30fc30fc30
fc40fc48fc50fc48
fd01fc81fc38fc38
fd51fd49fd11fd01
fd59fd59fd61fd59
fd61fd59fd61fd61
fd61fd61fd61fd51
fd69fd69fd59fd69
fd79fd71fd71fd71
fd71fd71fd71fd71
fd79fd82fd79fd79
fcd1fcb1fca1fca1
fcb9fca9fcc1fce1
fd71fd31fcc1fc89
fc91fca9fcf1fc78
fd01fca1fcb9fcd9
fd51fd82fd11fd49
fc78fc99fd31fd79
feb3fe8bfd9afcf1
ffc4ff63ff33feeb
ff63ff8cffb4ffe4
fff4ffdcff9cff6b
012d00f50064001c
00fd01be01be015d
002c002400240054
ffbcffdcfff4000c
fe72ff23ff63ff8c
fd41fd21fd29fdaa
fcd1fd09fd39fd51
fcf9fce9fcc9fcb9
fc78fc99fcb9fcd9
fc30fc58fc70fc68
fc28fc20fc20fc20
fc38fc38fc48fc38
fcc9fc81fc28fc38
fd31fd11fd31fd31
fd59fd59fd59fd59
fd61fd59fd59fd59
fd61fd61fd61fd61
fd71fd71fd69fd69
fd79fd71fd71fd71
fd82fd79fd79fd79
fd82fd82fd79fd82
fce9fcb9fcb1fca1
fce9fca9fca9fcd9
fca1fd71fd29fcc9
fc91fcb1fd31fca1
fd19fcf1fcc9fc91
fd49fd41fd21fcd9
fca1fc91fcc1fd41
fed3fe9bfe2afd49
ffccffa4ff7bff33
ff73ffacffb4ffb4
ffecffb4ff7bff6b
011500f5006c0024
017d01f6018e0125
000c001c004c0095
ffc4ffdcffdcffec
ff4bff9cffbcffb4
fd92fdc2fe0afe93
fd21fd49fd61fd79
fd09fd01fd01fd01
fca9fcc9fce9fd09
fc50fc70fc81fc81
fc28fc20fc18fc28
fc38fc30fc30fc38
fcc1fc68fc30fc38
fd19fd41fd51fd01
fd51fd59fd51fd31
fd59fd61fd61fd59
fd61fd61fd61fd61
fd69fd71fd71fd69
fd71fd71fd71fd69
fd71fd71fd71fd71
fd82fd82fd79fd82
fcd9fcb1fca9fca9
fcf9fcd1fc99fcb1
fc50fcc1fd19fd11
fc99fd21fcd9fce9
fcb9fcd9fcf1fc68
fd31fd39fd09fca9
fcc9fca1fcc1fd09
fef3fec3fe7afda2
ffb4ffacff9cff63
ff6bffbcffd4ffa4
fff4ffb4ffa4ff8c
00dd00c5008d0024
0125014501350125
ff84ffd4005400b5
ff43ff33ff5bff5b
ff3bff5bff63ff63
fdb2fe02fe6afedb
fd39fd29fd51fd8a
fd19fd41fd69fd61
fcb9fcd9fcf1fd09
fc78fc89fc91fc99
fc30fc30fc28fc50
fc40fc30fc30fc28
fcc1fc38fc38fc38
fd49fd49fd51fd29
fd59fd51fd49fd39
fd59fd61fd61fd61
fd61fd61fd61fd69
fd69fd69fd69fd61
fd79fd79fd71fd69
fd79fd79fd71fd71
fd82fd82fd71fd79
fcb1fcc1fca9fca9
fcc1fcd9fca9fc99
fc91fc50fca9fd21
fc40fd09fcc1fce9
fcb1fc68fca1fc81
fd59fd21fcf1fcd1
fcf9fc70fc99fcc1
feebfed3fea3fe32
ff7bff8cff7bff33
ffa4ffb4ffd4ffa4
ffc4ffacff9cffc4
004c005c0034fff4
00dd00a500c50044
ff6bffac000c008d
ff6bff5bff6bff7b
fee3ff03ff23ff53
fdf2fe12fe4afea3
fdb2fda2fd9afdca
fd41fd82fdc2fdba
fcb9fcd9fcf1fd19
fc91fc91fc91fcb1
fc38fc38fc48fc78
fc30fc20fc28fc28
fcb1fc38fc30fc38
fd51fd49fd49fd31
fd59fd51fd51fd59
fd59fd59fd61fd61
fd71fd69fd61fd69
fd69fd69fd69fd71
fd79fd79fd79fd69
fd79fd79fd79fd82
fd82fd79fd71fd79
fca1fcc1fcb1fca1
fce9fd09fcb9fca1
fcc9fc81fc58fcc9
fc50fcb1fcf1fca1
fcd9fca1fc68fca9
fd11fd21fcf1fcc1
fd71fc68fc60fcb1
fedbfecbfeabfe62
ff53ff73ff73ff53
ffacffc4ffe4ffdc
ff7bff53ff6bff8c
003cfff4ffccffa4
0115012d011d006c
0024007400a500b5
ffdcffecfffc0014
ff84ffa4ffbcffcc
ff23ff3bff3bff53
fe93fe9bfeabfeeb
fdd2fdfafe32fe62
fce1fd21fd61fdb2
fc91fc91fc99fcb1
fc30fc38fc78fc99
fc30fc28fc28fc28
fca9fc38fc38fc38
fd51fd51fd49fd19
fd59fd51fd59fd59
fd61fd61fd69fd61
fd69fd61fd69fd69
fd71fd71fd69fd69
fd79fd79fd71fd71
fd79fd71fd79fd79
fd79fd79fd79fd79
fcb1fcb1fcb1fca1
fd09fd11fce9fca9
fcc9fd01fcc1fc78
fc81fc91fcb1fc89
fcc9fcb1fc81fc50
fcc9fd41fd39fcb1
fdb2fcc1fc40fc58
ff13feb3fe9bfe3a
ff3bff33ff63ff63
ffacffbcffb4ff94
ffa4ff73ff5bff6b
00dd00d50095000c
014d0155015d012d
005c00b50115013d
ffa4ffc40004003c
ff53ff73ff94ffac
ff23ff53ff43ff3b
fe52fe6afe8bfee3
fe0afe0afe1afe3a
fd49fda2fddafdf2
fc89fc81fc99fcf9
fc20fc48fc99fc91
fc38fc30fc28fc20
fc91fc28fc30fc38
fd51fd59fd41fcf9
fd61fd61fd61fd59
fd61fd61fd69fd61
fd61fd59fd69fd61
fd71fd71fd69fd69
fd8afd82fd79fd71
fd82fd79fd79fd79
fd8afd82fd79fd82
fca9fcb1fcb1fca9
fcb9fd09fd11fcb9
fc89fd19fd29fc58
fc91fd11fca9fc60
fc78fc89fc89fc48
fc50fcb9fd41fcc9
fdb2fcd9fc58fc38
ff23fed3fe8bfe2a
ff43ff23ff43ff43
ffc4ffdcffecffac
fffcffdcffbcffa4
01b6018601550054
01b601de018601d6
ffcc003c00fd012d
febbfef3ff5bffc4
fe9bfeabfec3fec3
fe22fe5afe6afe83
fdf2fddafde2fdfa
fe12fdf2fdeafdfa
fd79fdc2fdeafe0a
fc81fc81fcb9fd29
fc20fc70fc89fc89
fc40fc30fc30fc28
fc89fc20fc28fc38
fd59fd51fd31fd09
fd61fd61fd59fd59
fd69fd69fd69fd61
fd61fd61fd61fd61
fd79fd71fd71fd69
fd82fd79fd71fd71
fd79fd79fd79fd79
fd82fd82fd82fd82
fca9fca1fca9fcb9
fc58fcd9fce1fcc9
fc60fcc1fd01fc68
fc60fd09fcf1fc58
fc78fc81fc78fc70
fc70fc78fcc9fca1
fdaafcd9fc68fc48
ff43ff0bfecbfe62
ff9cff43ff13ff23
ffdcffd4ffb4ffb4
ff23ff4bff9cffc4
fff4ff94ff63ff1b
005c007c002c006c
ff2bff43ffccfffc
feabfed3fefbff13
fec3febbfebbfeb3
fe3afe0afe42febb
ff0bfe83fe7afe93
fe83feb3fedbff13
fd19fd9afe1afe6a
fc99fc81fc68fcb1
fc38fc89fc81fc89
fc40fc40fc40fc20
fc99fc38fc20fc40
fd51fd49fd41fd31
fd59fd69fd61fd59
fd71fd71fd71fd61
fd69fd69fd69fd69
fd79fd71fd79fd69
fd82fd79fd69fd71
fd79fd79fd79fd82
fd82fd8afd8afd82
fcb1fca1fca9fcc1
fc30fc78fcc1fcd9
fc50fc91fce1fc99
fc48fc68fcc9fc78
fc81fc68fc70fc68
fc81fcc1fcb1fd01
fdb2fcf9fc89fc81
ff3bff33feebfe72
ff53ff33ff03ff2b
ffa4ffc4ffacff73
fee3fecbfef3ff3b
ff8cff63ff5bff0b
0095004c000cffcc
ffb4001c005c0074
ff53ff5bff53ff84
ff43ff3bff3bff33
ff53ff3bff43ff53
ff73ff84ff6bff6b
feebfef3fefbff2b
fe42fe83febbfedb
fc99fca9fd29fd9a
fc60fc91fc78fc89
fc48fc48fc38fc28
fca9fc30fc38fc50
fd49fd51fd59fd49
fd61fd61fd61fd59
fd71fd71fd71fd71
fd79fd71fd69fd69
fd79fd71fd79fd71
fd82fd71fd71fd71
fd79fd79fd79fd82
fd8afd8afd82fd82
fcb1fcb1fcb1fcb1
fc58fc60fcc9fcc9
fc58fc89fca1fce9
fc58fc38fc70fca1
fc99fc60fc70fc60
fc81fc81fca1fcc9
fdeafd59fcf1fce1
ff33ff23fefbfe93
ff5bff2bff13ff23
ff43ff7bff94ff94
ffb4ffccff9cff1b
fffcffcc0004ffcc
009d006c004c0034
ffac006c00cd0085
fefbff3bff6bff84
fec3fea3fe8bfebb
fee3feebfedbfecb
feebff13fefbfeeb
fe62fe8bfe83fea3
fde2fe02fe1afe3a
fce9fd49fda2fdc2
fc81fc91fc81fc91
fc40fc48fc38fc40
fc50fc30fc40fc38
fd49fd59fd59fce1
fd61fd61fd61fd59
fd71fd71fd71fd69
fd71fd71fd71fd69
fd79fd71fd71fd71
fd79fd79fd79fd79
fd82fd79fd82fd82
fd79fd8afd82fd82
fcb9fcb1fcb1fca9
fc70fc50fca1fcd9
fc48fc58fc68fca9
fc81fc48fc58fc70
fcb9fc70fc60fc78
fce9fc91fc81fc91
fddafd49fce1fd09
ff3bff2bff6bfee3
ff94ff73ff23ff13
ff8cff3bff4bff84
ff2bff73ff94ffd4
ff53ff3bff4bff2b
ffecfffcffd4ff94
004400b500ed002c
ff84ffcc00040014
fe9bfecbfefbff4b
fe93fe7afe72fe8b
fe72fe9bfebbfeb3
fe7afe72fe6afe52
fd71fdf2fe5afe72
fcc1fca9fcc1fd09
fc99fc89fc89fcc9
fc50fc50fc38fc58
fc48fc48fc38fc40
fd49fd41fcd9fc58
fd61fd61fd61fd61
fd69fd69fd69fd61
fd79fd71fd79fd69
fd79fd71fd79fd71
fd79fd79fd79fd79
fd82fd82fd82fd82
fd82fd82fd82fd82
fcb9fcb1fcb1fca1
fc89fc60fc89fcd9
fc48fc40fc58fc91
fc99fc58fc58fc60
fc81fca9fc50fc89
fce1fd19fca9fc68
fe0afd71fd41fcc1
ff33ff4bff33ff0b
ff9cff84ff5bff23
fffcfff4ff5bff73
0064000cffa4ff94
006c008d009d0085
00cd00d500cd0085
01250125012d010d
ff73ff9cffcc006c
fefbfec3fec3ff0b
ff0bff03ff33ff43
ff53ff23ff23ff1b
ff1bff1bff2bff33
fe3afea3fedbff0b
fc91fcc1fd21fdaa
fca1fc99fcb1fca9
fc58fc48fc38fc70
fc58fc40fc38fc48
fd39fce1fca9fc70
fd61fd61fd61fd61
fd61fd69fd69fd69
fd79fd79fd71fd69
fd82fd79fd79fd71
fd79fd79fd82fd82
fd8afd8afd8afd82
fd82fd82fd82fd82
fcb9fcb9fcb9fcb1
fc91fc58fc70fcb9
fc50fc50fc60fc81
fca1fc78fc40fc50
fc48fc99fc89fc60
fc89fce1fc99fc60
fe3afddafd71fcc9
ff4bff33ff13fef3
ff73ff63ff73ff5b
ffa40014ffe4ff94
00950085008dfffc
0095009500a5008d
0145010d010500d5
00c500ed0165019e
fefbff6bffe4005c
ff43fedbfea3feab
ff5bff63ff7bff84
ff43ff4bff5bff6b
fed3ff03ff1bff1b
fdeafe4afe72fe9b
fd41fde2fdf2fdb2
fcb1fca1fca9fcc9
fc50fc48fc40fc99
fc48fc48fc48fc48
fd29fcf9fcb9fc81
fd61fd61fd69fd59
fd69fd69fd71fd69
fd79fd79fd69fd69
fd79fd82fd79fd69
fd69fd69fd71fd82
fd8afd8afd82fd79
fd8afd8afd8afd8a
fcc1fcb9fcb1fcb9
fca1fc70fc68fcb1
fc70fc89fc58fc68
fc91fc89fc48fc48
fc38fc50fcb9fc58
fc81fca1fcd1fc58
fe2afdf2fdaafcc1
ff5bff43ff1bfee3
ffa4ff63ff6bff73
0024ffccfff4ffcc
ffdcffec00240034
005c0024002c000c
010500f500e500e5
ffec003400a50125
febbff1bff84ffb4
ff6bff13feb3fe8b
ff0bff33ff4bff63
fefbfeebfedbfeeb
fe9bff03fefbfedb
fe2afe3afe5afe4a
fd92fde2fdf2fe12
fcb9fcc1fcf1fd29
fc60fc50fc50fcb1
fc40fc38fc40fc48
fd41fcd1fc81fc60
fd69fd69fd69fd59
fd71fd71fd71fd69
fd79fd79fd71fd71
fd79fd79fd79fd71
fd71fd69fd71fd69
fd8afd82fd82fd82
fd92fd82fd82fd82
fcc9fcc1fcb9fcb9
fcb9fcc9fc60fcc1
fc81fcd9fc70fc60
fc58fc78fc58fc48
fc38fc30fc58fc81
fcc1fc91fcb1fc78
fe3afe02fdc2fd21
ff6bff3bff0bfe93
ffbcff8cff5bff63
009d004cffbcffac
ff63ff7bffe4002c
0014ffdcffd4ff8c
0085009500b50085
ff1bff63ffb40034
fe9bfee3ff0bff0b
ff6bff43fecbfe83
fecbff0bff2bff4b
ff0bff13fed3feab
fe32feabfefbff0b
fe12fe52fe3afe4a
fd19fd61fd9afdc2
fce1fd11fd29fd09
fc60fc50fc68fcd1
fc40fc38fc40fc58
fd39fcc1fc99fc81
fd69fd69fd69fd59
fd71fd71fd71fd71
fd79fd79fd71fd71
fd82fd79fd71fd71
fd82fd71fd71fd69
fd82fd79fd82fd8a
fd92fd8afd8afd82
fcd1fcb9fcb9fcc1
fc91fca1fc68fcd1
fc99fcf1fc89fc68
fc58fc70fc50fc48
fc38fc30fc38fc60
fd11fce9fcc1fc68
fe4afe22fdc2fd8a
ff53ff4bfeebfecb
ffb4ffa4ff53ff43
009500ad0014ff94
ff43fef3ff1bffec
fecbff03ff6bff23
fe32fe7afe2afe22
fe6afe7afe4afe12
fe3afe7afe72fe7a
ff1bff03fec3fe6a
fed3fefbff2bff2b
ff33ff5bff53fee3
fe4afe52feabfefb
fd8afe02fe5afec3
fcc9fd01fd61fd71
fce9fce9fcf1fce9
fc60fc48fc89fcf1
fc58fc40fc48fc60
fd41fd11fcf1fc89
fd69fd69fd69fd69
fd71fd71fd71fd71
fd79fd79fd79fd71
fd71fd71fd69fd79
fd8afd82fd71fd69
fd82fd82fd82fd82
fd92fd92fd82fd82
fcc1fcb9fcb9fcb1
fc78fc81fc60fcb9
fc78fcb9fca1fc60
fc48fc60fc68fc48
fc91fc50fc38fc38
fe0afd31fce1fcd1
fe8bfe02fe62fe02
ff4bff6bff23fedb
ff8cff94ff63ff5b
ffb4000c0034ffdc
fe6afe72fedbff1b
fdbafdbafdc2fe52
fcb9fcc9fcb9fcf1
fd39fd29fcd9fcb9
fdcafdd2fd8afd79
febbfe8bfe62fe02
feabfec3feebfeeb
fecbff0bff2bfee3
fe4afe22fe3afea3
fd29fd69fe0afe6a
fcc1fcd1fd09fd21
fcc9fcb1fcb9fcc1
fc48fc50fcb1fce9
fc70fc38fc50fc58
fd49fd39fd19fca1
fd69fd71fd71fd61
fd69fd71fd71fd69
fd71fd71fd79fd71
fd61fd61fd69fd71
fd8afd82fd79fd71
fd8afd82fd8afd92
fdaafda2fd92fd9a
fcb9fca9fcb1fcb1
fc81fcc1fc81fcb1
fc50fc78fca1fc78
fc40fc40fc68fc50
fd09fcc9fc58fc38
fe42fe12fd01fcf1
fe4afe42fe62fe32
ff4bff5bffacfef3
ff9cff7bff73ff6b
feebff9c000c001c
fe4afe7afe8bfee3
fd19fd31fd31fe0a
fca9fcd1fcd9fcc9
fcf9fcb1fc89fcb1
fddafd8afd49fd09
fe8bfe52fdf2fdc2
fec3fed3febbfeab
fe83fed3fef3fee3
fdbafdfafdfafe4a
fcc1fd09fd8afdda
fca9fc89fcb1fcc1
fcb9fca1fca9fcb1
fc48fc78fce1fcd9
fc58fc48fc58fc48
fd49fd51fd39fce1
fd71fd79fd71fd61
fd71fd71fd71fd69
fd82fd79fd79fd79
fd79fd71fd71fd71
fd9afd8afd82fd79
fda2fd9afd92fd9a
fdbafdaafdaafdaa
fcb1fca9fca1fca9
fc70fcb9fca1fcb9
fc60fc60fc81fc68
fc50fc40fc68fc68
fd49fd11fc89fc48
fdcafdfafd59fd29
feb3fe52fe3afe2a
ff6bff7bff7bfed3
ffdcff7bff7bff7b
feabff2bffdc000c
ff2bff53fefbfed3
fd92fe4afedbff0b
fd59fd49fd51fd39
fd41fd49fd41fd71
fdbafda2fd71fd31
fe83fe32fdbafda2
fea3febbfeb3fe93
fe3afe8bfeb3feb3
fd11fd69fda2fde2
fc91fca9fcd1fcf9
fc48fc48fc70fc89
fc99fc78fc60fc58
fc48fca9fcc9fca1
fc48fc50fc50fc38
fd51fd59fd41fcd1
fd71fd71fd71fd69
fd71fd71fd69fd71
fd8afd92fd82fd79
fd82fd82fd8afd82
fd9afd9afd8afd82
fdb2fdaafdaafda2
fdc2fdbafdbafdba
fcb1fca1fca1fca1
fc68fc99fcb9fcb9
fc68fc48fc58fc58
fc50fc48fc48fc68
fd11fd11fca9fc60
fd79fd8afd01fd39
fe1afddafdbafdb2
ff94ff8cff6bfecb
ffe4ffa4ff7bff8c
feebfecbff7bffe4
ffb4ffacff53ff2b
fdcafe6afef3ff3b
fd21fd39fd61fd71
fd71fd8afd61fd51
fdcafdd2fdb2fd79
fe62fe1afdb2fdaa
fe3afe62fe9bfe93
fdcafe1afe52fe62
fce1fd19fd41fd8a
fc58fc60fc70fca9
fc50fc60fc68fc60
fc68fc70fc68fc60
fc58fcc1fc91fc58
fc40fc40fc40fc30
fd59fd51fd31fca1
fd71fd69fd69fd69
fd79fd79fd61fd59
fd8afd8afd82fd82
fd92fd8afd92fd92
fdaafdaafda2fd9a
fdbafdbafdbafdb2
fdd2fdd2fdc2fdc2
fca9fca1fca9fca9
fc81fc78fc91fcb9
fc70fc48fc60fc78
fc60fc40fc40fc60
fcc9fcc1fca1fcb1
fd49fd49fce1fd01
fe0afd39fd39fd51
ff94ff84ff6bff03
ffacffa4ff9cffac
ff4bff03feb3ff73
fe4afee3ff43ff84
fd29fd59fd71fdca
fcc9fd01fcf9fd01
fd49fd29fce1fcb9
fd8afd92fd82fd69
fe72fe02fd8afd79
fe02fe12fe62fe7a
fd49fd61fdaafdf2
fcb9fcf9fd09fd21
fc70fc70fc81fc89
fc99fc91fc89fc78
fc70fc81fc81fc89
fc81fca1fc70fc50
fc38fc48fc38fc30
fd51fd59fd29fc78
fd69fd69fd61fd59
fd8afd82fd71fd61
fda2fd92fd8afd8a
fdaafda2fd9afda2
fdc2fdb2fda2fdaa
fdc2fdbafdbafdba
fddafdd2fdd2fdca
fca9fca9fca9fca1
fc89fc68fc68fcb1
fc78fc50fc81fc91
fc91fc58fc40fc60
fcb9fcd1fca9fca1
fce1fce1fcb1fcd1
fdf2fd21fcd1fce9
ff94ff9cff8cfedb
ff63ff6bff73ffac
ff23feebfeabfeb3
fd21fdd2fe72feeb
fc78fc68fc60fca1
fc81fc91fc81fc70
fcd9fc99fc78fc70
fd39fd11fd11fd01
fe5afe12fd82fd49
fdfafdeafe12fe32
fd01fcf1fd21fda2
fc91fcc1fce9fcf1
fc81fc89fc89fc89
fca1fca1fc91fc78
fc81fc81fc91fc99
fc91fca9fc70fc70
fc40fc48fc30fc38
fd59fd51fd29fc81
fd71fd71fd69fd61
fd92fd8afd8afd79
fdb2fdaafd9afd9a
fdb2fdb2fdb2fdb2
fdbafdbafdaafdb2
fddafdcafdcafdc2
fde2fde2fde2fde2
fca1fca9fca9fca9
fc89fc91fc89fcb1
fc58fc58fc91fcc9
fca1fc68fc40fc50
fcc9fcd1fcc1fca9
fcb1fca1fc81fcb9
fe02fd11fcb1fca9
ffa4ffa4ffbcff0b
feebff1bff5bffa4
fe93feb3fe9bfe72
fc48fcc1fd49fe02
fc30fc28fc28fc28
fc30fc30fc30fc30
fc81fc60fc58fc50
fcf9fcd1fcd1fcb1
fe02fdeafd92fd31
fe22fe4afe1afe02
fce1fcb9fd11fdb2
fc91fc91fca1fcb9
fc60fc70fc78fc81
fc78fc78fc70fc60
fc81fc78fc78fc78
fc91fcb1fc99fc89
fc40fc40fc28fc40
fd69fd69fd49fc89
fd82fd79fd82fd71
fdaafda2fda2fd8a
fdc2fdb2fdaafdaa
fdc2fdbafdc2fdca
fdcafdc2fdc2fdc2
fdf2fddafddafdda
fdfafdf2fdeafdea
fcb9fcb1fcb1fcb1
fc91fcc1fcb9fcd1
fc58fc81fc78fcc1
fc89fc89fc50fc50
fcf1fcf1fcb1fca1
fc81fc70fc78fcb9
fe3afd29fcd9fc70
ffa4ffb4ffccff63
fe9bfefbff2bff84
fd82fe02fe3afe32
fc38fc30fc70fcf9
fc40fc50fc70fc70
fc28fc30fc50fc50
fc78fc60fc38fc20
fce1fc99fc91fc89
fdfafdaafd79fd19
fe52fea3fe52fe32
fc99fc91fcc9fda2
fc78fc68fc70fc81
fc30fc40fc60fc70
fc40fc38fc38fc38
fc78fc68fc58fc50
fca1fcb1fc91fc89
fc40fc40fc30fc50
fd71fd79fd59fc81
fd8afd92fd9afd82
fdaafdb2fdaafd9a
fdc2fdbafdb2fdaa
fdcafdcafdcafdca
fde2fddafddafdd2
fdeafdeafdeafde2
fe02fdfafdf2fdea
fcc1fcb9fcb1fca9
fc99fcb9fcb1fcd9
fc68fc81fc50fc89
fca1fc89fc60fc40
fcc1fcc9fc91fc89
fc60fc70fc70fcb1
feabfd41fcc9fc70
ff9cffbcffc4ff94
fe52fee3ff2bff73
fca1fd11fd92fdea
fc99fc58fc20fc60
fc60fc60fc68fc89
fc48fc78fc99fc70
fc58fc30fc20fc40
fcc1fc81fc81fc78
fe52fdb2fd49fcf1
fecbff3bfefbfec3
fc78fc68fc89fd8a
fc48fc50fc60fc70
fc30fc20fc28fc38
fc20fc28fc30fc48
fc70fc58fc38fc20
fc99fcb9fc91fc78
fc40fc40fc38fc48
fd79fd79fd69fc91
fd9afdb2fdaafd9a
fdbafdbafdbafdaa
fdcafdcafdbafdba
fde2fddafddafdd2
fdf2fdeafdeafdea
fdfafdfafdfafdea
fe02fe02fdfafdf2
fcb9fcb1fcb1fca9
fc68fc70fc99fcd1
fc81fc89fc40fc68
fc89fc68fc60fc50
fca9fca1fc91fc89
fc58fc70fc60fc91
ff03fd82fce9fca1
ffb4ffccffb4ff94
fe22febbff3bff73
fc38fc91fd19fdb2
fd49fc99fc58fc20
fcc1fe6afdb2fce9
fcc1fd41fce9fcd9
fc50fc58fc99fc89
fcd1fca9fc99fc81
fef3fe22fd59fcd1
ff43001cfff4ff8c
fc58fc60fc68fd61
fc28fc30fc40fc50
fc30fc28fc30fc28
fc50fc68fc60fc48
fc60fc40fc28fc38
fc81fcb9fc91fc70
fc40fc40fc38fc38
fd8afd92fd61fc89
fdb2fdc2fdbafda2
fdcafdc2fdc2fdba
fdd2fdd2fdcafdca
fdf2fdeafde2fdd2
fe02fe02fdfafdf2
fdfafdfafdfafdfa
fe02fe0afe02fe02
fcb1fcb1fca9fca9
fc68fc70fc91fcd1
fc78fc68fc40fc68
fc91fc68fc58fc70
fc89fc89fc91fc81
fc58fc48fc60fc89
ff43fddafcd9fca9
ffacffc4ffb4ff8c
fe3afe9bff1bff73
fc68fcd9fd41fdc2
feb3fd41fc91fc58
fc58fcf9fd39fd39
fd51fd51fcf9fc91
fce1fd09fce9fca9
fd59fd31fd01fce1
ffd4ff2bfe22fd59
ff8c009500cd0054
fc58fc58fc58fd71
fc30fc30fc40fc48
fc40fc38fc30fc38
fc81fca1fc68fc50
fc58fc40fc40fc58
fc60fcb1fc89fc70
fc40fc38fc30fc28
fda2fda2fd51fc99
fdcafdc2fdbafdb2
fdd2fdd2fdcafdc2
fdd2fdd2fddafdda
fdf2fdeafde2fdd2
fe0afe02fdf2fdf2
fe02fe02fe02fdfa
fe02fe0afe0afe0a
fcb1fcb1fca9fca9
fc70fc60fc91fcd1
fc70fc78fc48fc78
fc99fc81fc81fc91
fc70fc68fc91fc89
fc81fc40fc50fc68
ff5bfe72fce1fca1
ffacffc4ffacff84
fe5afeabff0bff63
fcc9fcf1fd59fdb2
ff63fedbfdc2fd41
fc81fc99fd61fd61
fd69fd69fd71fd41
fd29fcc1fc89fcc1
fe93fe5afe02fd8a
008d0044ffa4fefb
ffc4005c008d0095
fc60fc60fc60fdf2
fc40fc40fc40fc50
fc38fc30fc38fc40
fcb9fcb1fc60fc68
fc60fc40fc50fc68
fc28fca1fc89fc60
fc50fc38fc30fc20
fdaafda2fd61fcd9
fddafdcafdc2fdb2
fde2fdd2fddafdda
fdd2fddafde2fdda
fdf2fde2fde2fdda
fdfafdfafdf2fdfa
fe0afe0afe0afe02
fe0afe02fe0afe02
fcb1fca9fca9fca9
fca1fc68fc91fcd1
fc68fc81fc58fc89
fc78fc70fc68fc89
fc68fc78fcb1fcc1
fca9fc40fc38fc60
ff73fefbfd41fcc9
ffa4ffa4ffa4ff8c
fe9bfeebff0bff53
fe3afd9afddafe32
ff8cff23feebfeeb
fd69fd9afdd2fe9b
fdaafd9afd69fdd2
fce9fd09fd01fd19
ffe4ffdcff53fdca
009d00ad00950044
ffac00340064007c
fc60fc58fc91fe72
fc48fc40fc48fc50
fc30fc28fc40fc50
fcc9fcb9fc50fc48
fc68fc50fc48fc70
fc28fca1fc89fc70
fc58fc40fc30fc30
fdc2fdbafda2fd09
fdeafddafdcafdc2
fde2fde2fde2fdda
fde2fde2fddafdda
fe02fdf2fde2fde2
fe02fe02fdfafdfa
fe0afe02fe0afe02
fe0afe02fe0afe02
fca9fca9fca9fca9
fc68fc70fca9fcb9
fc68fc89fc89fc81
fc68fc60fc68fc78
fc68fc91fcc1fcc9
fcf9fc70fc38fc60
ff7bff4bfdcafcf1
ff9cff94ffa4ff9c
ff63ff6bff53ff63
0034ff7bff2bff33
ff63ff4bff84ffe4
fe62fe93ff13ffdc
fe02fdf2fe12fe42
fe1afe8bfe32fdd2
0014000cffe4feab
008500c500dd007c
ff7bfffc005c0074
fc50fc50fd09feab
fc50fc48fc40fc48
fc40fc40fc48fc50
fca9fcb1fc50fc38
fc68fc58fc60fc68
fc28fca1fc81fc70
fc81fc40fc40fc40
fddafddafdd2fd59
fdeafdeafddafdda
fdf2fdf2fdeafde2
fdeafdeafde2fde2
fdfafdfafdf2fdf2
fe0afdfafdf2fdfa
fe0afe0afe02fe02
fe12fe12fe0afe0a
fcb1fca9fcb1fca9
fc78fc81fca1fcb1
fc78fc81fc78fc58
fc78fc50fc68fc99
fc81fc91fcc9fce9
fd21fca1fc48fc58
ff8cff6bfe42fd31
ff9cffa4ffb4ffa4
0004ffccffb4ff9c
0064008500340024
0054fff4ffe4ffec
fe72fe9bff73001c
fdbafde2fe0afe42
fdf2fdc2fdd2fdca
0024ffbcff5bfe6a
006c00ad00cd009d
ff63ffe4005c0074
fc50fc70fdaafebb
fc58fc48fc48fc50
fc50fc58fc58fc58
fc89fc89fc68fc40
fc68fc70fc89fc78
fc38fca9fc89fc70
fca9fc38fc40fc48
fdeafdf2fde2fda2
fdeafde2fde2fde2
fdfafdeafdf2fdf2
fdeafde2fde2fdf2
fdfafdf2fdfafdfa
fe02fdfafdfafe02
fe12fe0afe02fe02
fe12fe0afe02fe0a
fcb9fcb1fca1fcb1
fca9fc89fca9fcc9
fc89fc81fc50fc58
fca1fc60fc81fcb9
fc70fc89fca1fca1
fd11fc99fc60fc50
ff84ff6bfea3fd79
ffb4ffc4ffbcffa4
006400640024ffdc
002c004400640074
00240014000cffe4
ff13ff840004003c
fdeafe1afe7afecb
fd71fd8afda2fdc2
0074002cff94fe32
006c007c008d0095
ff730004003c005c
fc81fcb9fe1afedb
fc60fc50fc58fc70
fc78fc70fc70fc68
fc91fc91fc81fc70
fc70fc89fca1fc91
fc50fcc1fc89fc78
fce1fc58fc30fc50
fdeafdf2fde2fdb2
fde2fde2fdeafdea
fde2fde2fde2fde2
fdeafdeafde2fde2
fdf2fde2fdeafdea
fe02fe02fe02fe02
fe0afe0afe12fe12
fe12fe02fe02fe0a
fcc9fcb1fca9fcb9
fc99fc81fcb9fcd9
fc89fc68fc50fc81
fc89fc50fc78fcc9
fc58fc81fc91fc89
fcf9fcb1fc70fc58
ff7bff63fecbfdd2
ffd4ffccffbcff9c
007c00a500740014
fffc0024003c0054
000cffacffb4ffb4
fed3ff73ffe4001c
fd92fdcafe12fe6a
fe52fdc2fd8afd82
0064005c0044ff73
0054004c006c006c
ff8cffec00040034
fc89fd21fe52fef3
fc78fc58fc70fcc1
fca1fc99fc99fc91
fcb9fcc1fcb9fcb1
fc78fc91fca1fca1
fc50fcc1fc91fc78
fd51fc91fc28fc48
fdf2fdeafde2fdc2
fde2fdeafdf2fdf2
fde2fdeafde2fde2
fdeafdf2fdeafdea
fdfafdeafdeafdea
fe02fe02fe0afdfa
fe0afe0afe12fe12
fe12fe0afe0afe0a
fcb9fca9fcb1fcc1
fc89fc99fcc1fcc9
fca1fc48fc20fc60
fc68fc48fc50fc99
fc50fc81fcb1fc81
fd19fcd1fc81fc60
ff73ff6bfed3fe12
ffecffccffb4ff94
005c0095006c0014
ffdcfff400140034
ff7bfefbff63ffd4
fe62fea3fe9bff03
fdc2fdbafdeafe2a
ffe4ff13fe83fe22
0085006c005c0064
0034003c006c007c
ffac000cfffcffec
fc99fdaafe83ff1b
fc81fca9fce9fcc1
fcb9fcb1fca1fc91
fcb9fcc9fcd1fcc1
fc91fc99fca1fca9
fc60fcd1fc99fc91
fdc2fd11fc30fc40
fdf2fdeafdeafde2
fdfafdfafdf2fdf2
fdf2fdf2fdfafdf2
fdf2fdf2fdf2fdfa
fdfafe02fdfafdf2
fe0afe02fe0afe02
fe12fe12fe0afe0a
fe12fe12fe0afe0a
fcb9fcb1fcb1fcb9
fc68fc99fcc9fcc1
fe6afe4afdb2fca1
fc89fc91fcd1fdba
fc50fc58fc70fcb1
fd39fd29fcd1fc70
ff73ff63feebfe12
ffc4ffacffa4ff94
005c0074004c0004
ff9cffbc001c002c
ff33ff03ff5bff84
febbfec3feb3fef3
fee3fee3fec3feab
0034000cffc4ff53
008d00b500ad007c
0014003c00640074
fffc0024fff4ffe4
fce1fe32feebff73
fce9fd59fd19fca9
fca1fc81fc78fc89
fca1fcb1fca9fc91
fcb9fca9fc99fc99
fc89fcd1fcb9fcb9
fddafd59fc58fc40
fdf2fdf2fdf2fdea
fdf2fdf2fdfafdf2
fdf2fdf2fdf2fdf2
fdfafdfafdfafdfa
fe02fdfafe02fe02
fe0afe0afe02fe02
fe02fe12fe12fe12
fe1afe12fe02fdfa
fcb1fcb9fcb1fcb1
fce1fc89fcc9fcc1
003c0044ffdcfeb3
fd11fd29fd9aff13
fc78fc58fc60fc99
fd29fd01fce9fc99
ff84ff73ff1bfdfa
ff94ff8cff94ff84
005c0054003cffd4
ffccffe4ffec004c
ff6bff7bff94ffa4
ff4bff5bff23ff1b
ff94ff73ff4bff2b
004c0034001cffd4
009500a500a5006c
00040034004c0095
00540044fffcffec
fd51feabff5bffd4
fd8afd51fce1fca9
fca9fca9fcd1fd61
fc78fc91fc99fc91
fcb9fc99fc89fc78
fcb9fce1fcc9fcc9
fddafd82fc99fc50
fde2fde2fdf2fdea
fdf2fdf2fde2fdea
fdf2fdf2fdf2fdf2
fe02fdfafdfafdfa
fe02fdfafdfafdfa
fe12fe0afe02fe0a
fdfafe0afe02fe0a
fe12fe0afe02fdfa
fcb1fcb9fcb1fcb1
fe32fc99fcc1fcc1
ff2bff4bff7bff6b
fd01fcd1fd69fea3
fce1fc89fc78fca1
fd49fcd9fce9fcb9
ff84ff94ff6bfe32
ff94ff9cff9cff8c
006c0044001cffbc
0004002c003c0064
ff84ff94ffc4ffec
ff73ff43ff23ff4b
ffccffb4ff84ff7b
006400540004ffd4
006c009d00950064
ffec0024004c006c
008d00540014ffec
fdc2fefbff8c002c
fd69fd19fcb9fcc1
fdcafdb2fdcafdba
fcf9fd59fd82fd9a
fcb9fca9fcb1fcc9
fcc9fce1fcd9fcd1
fddafdcafcf1fc58
fdd2fde2fde2fdea
fdf2fdeafde2fdda
fdeafdeafdf2fdea
fdf2fdeafdeafdea
fdfafdfafdfafdf2
fe02fe0afe0afe02
fe0afe0afe0afe02
fe12fe02fe02fdfa
fcb9fcc1fcb9fca9
fe83fcc9fcb1fcc1
fcb1fd01fdc2fe83
fc99fc38fdc2fd01
fce9fcf9fce9fcf1
fd59fcb1fcc1fcb9
ff6bffa4ff9cfe72
ff84ff84ff84ff8c
005c0024ffd4ffa4
008d009d0095006c
ff7bffe40044005c
ffc4ff8cff63ff63
ffecffe4ffbcffac
004c003cfffcffc4
00bd00ad0085005c
00040044007400b5
0095000cfffcfff4
fe42ff13ffbc0085
fd31fcd9fcb1fd21
fe42fe12fdcafd61
fdd2fdeafe1afe4a
fd69fda2fdeafdf2
fcd9fcd9fce1fd39
fde2fde2fd39fc60
fdd2fddafddafde2
fdeafde2fddafdd2
fdf2fdeafdf2fdf2
fdf2fdf2fdf2fdf2
fdfafdfafdf2fdfa
fe02fdfafe02fdfa
fe02fe0afe0afe02
fe12fe02fe02fdfa
fcb9fcb9fcb9fcb1
fdfafcf1fca9fcc1
fc40fc48fc60fd19
fd01fc48fed3fce9
fcd9fd19fd59fd11
fd69fca9fcb1fcb9
ff5bffa4ffb4feb3
ff8cff7bff73ff84
0044000cffbcffa4
011500e5009d005c
ffac001c00dd0105
ffdcffd4ffb4ffa4
ffbcffdcfff4ffdc
00240024ffe4ff8c
005c003c004c0044
fffc0034006c006c
00cd002cfffc001c
fe83ff1bffb40085
fd09fcb1fcf1fdc2
fe5afdf2fda2fd51
fe12fe32fe72fea3
fe5afe8bfe7afe42
fcd9fce1fd82fe12
fde2fde2fd41fc60
fdd2fdd2fddafdda
fdf2fdeafde2fdd2
fdeafdeafdf2fdea
fdeafdeafdfafdfa
fdfafdfafdf2fdea
fe02fe02fdfafdf2
fdfafdfafe02fe02
fe12fe02fe0afe02
fcb9fca9fcb9fcc1
fd71fce9fcb9fcc1
fc30fc48fc38fc81
fd61fcd9ff0bfd01
fcc1fd39fd69fdca
fdc2fcc9fcd9fcd1
ff4bff73ffb4fee3
ff9cff7bff7bff6b
0034fff4ffbcffb4
013d00fd0064004c
002c006400fd0145
0004000cfff40014
ff4bffacffd4fffc
001cfff4ffb4ff9c
ff6bff03ff23ffc4
000c0014001cffdc
01550085002c002c
fecbff2b001c00dd
fcd1fcb1fd29fe32
fe6afe12fd8afd19
fe5afe7afeb3febb
fe6afeb3fea3fe5a
fce9fd09fdbafe2a
fde2fddafd39fc81
fdd2fdd2fdd2fdd2
fde2fddafde2fdd2
fdeafdf2fdeafde2
fdeafdeafdf2fdf2
fdf2fdfafdfafdfa
fe02fe02fe02fdfa
fe12fe0afe0afe0a
fe1afe12fe1afe1a
fcc1fcb1fcc1fcc9
fd69fcc9fcb9fcc9
fd61fc60fc38fca9
fe72fec3feebfed3
fd21fd8afddafe02
fdeafce1fcd1fce1
ff6bff63ff53feb3
ff84ff7bff7bff63
0024ffd4ffb4ff94
011500ad007c003c
00dd010d01250155
0064009d007c00c5
fefbff73ffb40004
ff33ff5bff33ff3b
ffbcff1bfe52fe62
000cfff4ffe4ffe4
0186010d005c0034
fe9bfedbffbc009d
fca9fcb9fd69fe42
fe62fe0afd61fcd9
fea3fefbfeebfec3
fe4afe7afe8bfe62
fd09fd01fd9afe02
fde2fdd2fd49fcb9
fdd2fddafddafdda
fde2fddafdd2fdd2
fdeafdf2fdf2fdea
fdf2fdf2fdfafdf2
fde2fdf2fdf2fdfa
fe0afe0afe02fdf2
fe12fe12fe12fe12
fe1afe12fe1afe1a
fcb9fcb1fcb9fcc9
fe9bfce1fcb9fcc1
ff63fd9afd21fe0a
ff13000cffcc0024
fe22fe7afe62fe12
fdfafd11fcb9fd11
ff73ff6bff13fe83
ff73ff6bff5bff53
0004ffccff9cff7b
00dd006c00240014
013d01350115010d
005400c50115015d
feebff43ffa4fff4
fe1afe9bff13ff1b
005c000cfe7afd79
003c000c000c0024
00ad00e5007c005c
fe42fe83ff2bffe4
fc91fcb1fd69fe1a
fe62fddafcf1fca1
fedbff33fefbfec3
fe1afe5afe8bfea3
fce9fcd9fd31fdba
fde2fde2fd71fcd9
fddafddafddafdda
fdeafdf2fde2fdda
fdf2fdf2fdf2fdf2
fdfafdfafdfafdfa
fdeafe02fdfafdf2
fe02fe02fdfafdea
fe0afe02fe02fe0a
fe0afe0afe0afe0a
fcb9fcb9fcb1fcb9
ff73fd11fcc1fcc1
fffcff84ff3bff3b
fdaaff7bfff40004
ff84ffe4ff13fdc2
fd82fcd9fcd1fe12
ff5bff4bfe9bfdca
ff7bff73ff4bff43
ffdcffb4ff84ff6b
0095004c001cfffc
013d010d00dd00cd
00140095010d0165
fed3ff03ff63ffe4
fd51fdf2fe83fe93
00540024ff53fdba
00440054006c0064
ff84ffbcffec0034
fddafe22fe9bff23
fc91fcb1fd09fda2
fe62fd9afcb9fc89
fef3ff1bfee3febb
fdeafe3afe72feb3
fcd9fce1fd21fd82
fde2fddafd79fcf1
fddafde2fde2fdea
fdf2fdf2fdf2fdea
fe02fdf2fdf2fdea
fdfafdfafdfafe02
fdeafdf2fdfafdfa
fe0afe02fdfafdf2
fe0afe0afe02fe02
fe02fe0afe0afe0a
fcc9fcb9fcb9fcb1
ff73fd49fcd1fcc9
0014fff4ffc4ff2b
fc91fe6affbcfffc
006400b5000cfd92
fce1fcc1fd8aff84
ff53ff03fdfafd19
ff63ff53ff33ff33
ffbcff94ff73ff5b
006c0044000cffe4
00d500bd00850054
002400ad00fd00fd
fe83fee3ff0bffac
fd61fd21fde2fe2a
0004ffc4ff33fe7a
ff7300040054005c
fe83fea3fee3ff1b
fd79fd82fe1afe6a
fca1fca9fc99fd31
fe42fd39fca1fc78
fee3fef3fecbfea3
fdcafe32fe5afea3
fcd1fcd9fd29fd71
fdeafddafd69fcf1
fde2fde2fde2fdea
fdf2fdf2fdf2fdf2
fe02fdf2fdf2fdf2
fdfafdf2fdf2fe02
fdf2fdf2fdfafdfa
fe12fe02fe02fdfa
fe0afe02fe0afe0a
fe0afe0afe0afe0a
fce1fcc1fcc1fca9
ff94fd69fcd9fcd1
0004ffecffecff3b
fc70fe12ff94ffe4
009d011d0115fe9b
fd19fd09feab001c
ff3bff1bfe62fdd2
ff5bff33ff1bff1b
ff94ff84ff63ff4b
0004ffdcffacff94
0095007c0054003c
000c00cd00cd008d
fe5afeb3ff23ff6b
fe3afcf1fd29fde2
ff53ff2bfebbfeb3
fdd2fe42fed3ff3b
fdfafdfafdeafdba
fd29fd11fd79fdea
fca9fca1fc81fcc1
fd9afce9fca1fc89
fed3fecbfec3fe9b
fdc2fe0afe42fe9b
fcd9fcd9fd09fd61
fdeafddafd69fcf9
fdeafde2fde2fdea
fdf2fdf2fdf2fdf2
fdfafdf2fdf2fdf2
fdfafdfafdfafdfa
fdf2fdf2fdf2fdfa
fe1afe0afe0afe02
fe12fe0afe02fe0a
fe0afe0afe02fe0a
fcf1fcd9fcd1fcb9
ffdcfd82fce9fce9
000c0024007cffac
fd29fdeaff63ffd4
00cd01650186006c
fd21fdeaff5b003c
ff0bff13fea3fdea
ff4bff1bfefbff03
ff73ff7bff5bff43
ffbcff94ff5bff53
0034001c000cfff4
ff630004007c0044
fddafe83ff13ff3b
ff2bfdbafcc1fd41
fe93fe93febbff23
fc28fc58fd11fe02
fd39fcc1fc58fc30
fcb9fcb1fcd9fd39
fc99fc68fc70fc99
fd19fcb9fc99fc91
fecbfebbfeb3fe2a
fdaafe02fe3afe8b
fce9fcd9fce9fd49
fdeafddafd69fd09
fdeafdeafddafde2
fdfafdf2fdf2fde2
fdf2fdf2fdf2fdf2
fe02fe02fdfafdf2
fdfafdf2fdeafdfa
fe12fe12fe02fe02
fe0afe0afe0afe12
fe0afe0afe0afe02
fd01fcf9fce1fcd1
ffd4fd79fd01fcf9
0024003c00b5000c
fe22fdb2ff730014
00c5015d018e011d
fdeafe6aff6b003c
ff0bfeebfe5afdea
ff23ff03fee3fedb
ff53ff73ff84ff4b
ff7bff4bff53ff53
ffe4ffccffb4ff9c
ff2bff94000c0004
fd82fe02fe9bff13
ffa4feabfce9fce9
fe3afee3ff3bff8c
fc18fc18fc68fd49
fc58fc28fc30fc20
fc78fc81fc81fcc1
fc81fc40fc18fc48
fce1fca9fc91fc78
fea3fea3fe7afd8a
fd69fdd2fe22fe62
fce1fcc9fcc9fd11
fdeafdeafd8afd19
fdeafdeafddafde2
fdfafdfafdfafdea
fdf2fdfafdfafdea
fdf2fdfafdf2fdf2
fdfafdfafdf2fdf2
fe12fe12fe02fe02
fe12fe0afe0afe0a
fe1afe12fe0afe0a
fd19fd11fcf9fce9
ff63fd49fd09fd11
0054003c009d004c
fdfafd8affcc00ed
00c50165015d0085
fe52fe9bff84004c
febbfe83fe9bfe02
ff03fee3fec3fecb
ff3bff33ff5bff3b
ff43ff2bff3bff53
ffbcffb4ff8cff73
fee3ff23ff7bff94
fd39fdbafe3afe93
000cff9cfddafcd1
fec3ffdcffe40004
fd79fd51fcb9fd41
fcc1fcf9fd69fd92
fc48fc78fc78fce1
fc81fc58fc30fc28
fca9fc99fc91fc70
fe62fe7afe12fd01
fd31fd79fde2fe2a
fcd1fca9fcc9fd01
fde2fdeafd92fd19
fde2fde2fdeafdea
fdf2fdeafdeafdea
fdf2fdf2fdfafe02
fdf2fdf2fdeafdea
fdfafdfafdfafdfa
fe0afe02fe02fe02
fe2afe22fe1afe12
fe6afe4afe3afe32
fd29fd21fd19fd09
feb3fd31fd29fd29
003c000c003c005c
fd09fd11ff33009d
00d5015d00a5ff6b
fe72febbff63002c
fecbfe52fe3afdfa
fef3fec3febbfee3
ff1bff23ff2bff03
ff2bff2bff3bff3b
ff73ff6bff7bff63
fe93fefbff4bff7b
fcf9fd51fdbafe32
006c005cff43fd29
ff94fff4fff4002c
fed3fe32fe6afeeb
fe0afe62fe72ff03
fc20fc30fc58fcf9
fc60fc48fc40fc38
fc89fc89fc91fc60
fe22fe0afd69fcd1
fd19fd49fdaafdf2
fce1fca9fcc1fce9
fdeafddafd82fd21
fde2fde2fdeafdea
fdf2fdf2fdeafdea
fdf2fdfafdfafdfa
fdfafdf2fdeafdea
fdf2fdf2fdf2fdfa
fe0afe0afe02fe02
fe62fe3afe22fe0a
ff23fef3febbfe8b
fd41fd39fd31fd29
fe02fd39fd41fd39
002cfff4001c0004
fda2fcc9fe52ffe4
00a500c5000cff9c
fe83fe93ff13ffec
fea3feb3fe12fe6a
fed3fecbfefbfeb3
fed3fee3ff23fec3
fecbfee3fefbfed3
ff6bff5bff43ff23
fe42fe7afeebff3b
fd01fd19fd51fe02
000c00640004fe0a
ffa4ffa4ff6bffe4
febbfe3afee3ff7b
fd51fd71fde2fea3
fc28fc18fc48fcc1
fc50fc30fc30fc38
fc89fc91fc89fc68
fde2fd71fcd9fcb1
fce9fd31fd9afdea
fce9fca9fca1fcb1
fde2fdcafd51fcf9
fdeafdeafde2fde2
fdf2fdf2fdeafdea
fdf2fdeafdeafdf2
fdfafdf2fdf2fdea
fdfafdf2fdf2fdfa
fe12fe12fe02fdfa
fecbfe7afe42fe0a
fff4ffbcff6bff1b
fd59fd49fd41fd41
fd8afd49fd51fd51
0014fffc002cff6b
fef3fd41fdeaffb4
000c00040024000c
fe62fe8bff23ffa4
fe93feabfe22fe7a
febbfea3ff0bfefb
fee3febbfed3fea3
fec3fe9bfea3fec3
ff23ff1bff13fefb
fde2fe3afea3fefb
fda2fd61fd51fdba
ff330014ffe4ff13
ff6bff84fef3ff43
fe83fe42fe8bfecb
fcf9fd19fdeafe9b
fcb1fd09fd79fcf1
fc58fc30fc30fc60
fca1fc91fc78fc68
fd59fcc9fca9fca1
fcd1fd19fd69fda2
fcd9fca9fc99fcb1
fdeafdd2fd49fcc9
fdeafdeafdeafdea
fdf2fdf2fdeafdea
fdeafdf2fdf2fdf2
fdf2fdf2fdf2fdea
fdfafdfafdeafdf2
fe12fe12fe0afdfa
ff3bfedbfe6afe2a
00a50064000cff9c
fd59fd51fd49fd51
fd61fd59fd59fd59
ffcc000c0044feb3
0064ff7bff33000c
ff9cffbcffe40024
fe72feabff2bff94
fe83feabfe72fe42
ff23febbfe52fefb
ff0bff0bff13fee3
fe83fe52fe7afecb
feebfeebfef3fee3
fdf2fe12fe83fed3
fe72fdb2fd9afdb2
fe9bff9cff84ffa4
fe42fef3fed3fe9b
fddafdc2fe2afe1a
fd31fd39fe32fe42
fd49fd8afd61fce1
fc50fc50fc70fd21
fc91fc70fc68fc68
fcd9fca1fca1fc99
fca1fcc1fce9fd11
fcb9fc91fc99fc99
fdf2fdcafd49fcb9
fdf2fdeafdeafdea
fdf2fdf2fdf2fdf2
fdeafdf2fdf2fdf2
fdfafdeafdf2fdea
fe02fdfafdeafdea
fe2afe12fe0afe02
ffacff33febbfe62
010d00d50085001c
fd61fd59fd59fd59
fd61fd61fd61fd61
ff8c004cfff4fdfa
00dd005c0004ff9c
ff63fff4007400bd
fe5afe7aff3bff8c
fe93fe4afe6afe62
feabfedbfe83fec3
fe83fee3fed3fe72
fe7afe9bfeabfeab
fe7afecbfecbfe7a
fe42fe6afe7afe72
ff33fe52fe02fe32
fea3fedbff13ffac
fe0afe9bfe42fe6a
fde2fdaafd69fe22
fd01fd8afe22fdba
fcf9fda2fd01fcc1
fc50fc58fcb1fd29
fc78fc60fc50fc50
fc91fca1fca1fc81
fc91fc89fca1fca1
fc99fc78fc89fc99
fdeafdcafd41fca9
fdfafdeafdeafdf2
fdf2fdf2fdfafdfa
fdf2fdf2fdf2fdf2
fdfafdf2fdf2fdf2
fe02fdfafdf2fdf2
fe3afe12fe02fe02
000cff8cff0bfe93
0145012500e50085
fd61fd61fd61fd69
fd61fd61fd61fd61
ffdc0054ff13fd9a
0095ffbcff4bff33
fff4006400ad00dd
fe52febbff73ffb4
fe72fe52feb3feab
fe2afeebfe93fe22
fe6afe5afe93fe5a
fed3feb3fe93fe6a
fe62fee3fecbfe72
feebfec3fec3fe8b
ff53ff3bfe9bfeb3
fe4afe32feabff0b
fe2afe12fdc2fdea
fde2fd71fd61fe22
fd19fdb2fdcafd61
fd41fdc2fd39fcf1
fc78fc60fca1fcc9
fc58fc48fc60fc68
fca9fca9fc81fc60
fc89fc81fc91fca1
fc81fc81fca1fc91
fdf2fdb2fce1fc81
fdf2fdf2fdf2fdf2
fdf2fdf2fdfafdfa
fdf2fdf2fdf2fdea
fdfafdfafdfafdf2
fe02fdfafdf2fdea
fe4afe12fe0afe0a
0064ffd4ff4bfebb
01860165013500dd
fd59fd61fd69fd61
fd61fd61fd61fd59
007cffd4fe1afd79
0044ffa4ffbc0034
0074008d00ad00b5
fe8bff13ffcc0044
fe93fe93febbfeb3
fe32fecbfee3fe5a
fe8bfdf2fe3afe5a
fedbfe62fea3fea3
fe8bfee3fe62fed3
ff23ff53ff0bfebb
fe9bff03feb3fea3
fe4afdfafed3fe6a
fddafdd2fdaafdd2
fe4afe1afe2afe2a
fe6aff13fe8bfe22
fe0afe5afdc2fd92
fc99fc78fc81fcc1
fc60fc50fca9fcb1
fcb1fc91fc58fc58
fc81fc89fca1fcb1
fc70fc81fc99fc81
fdf2fdbafd11fc91
fdf2fdf2fdf2fdf2
fdeafdfafdfafdfa
fdf2fdeafdf2fdea
fe02fdf2fdfafdfa
fe02fdf2fdf2fdfa
fe52fe1afe0afe02
00ad0014ff6bfed3
01c601a60165011d
fd59fd61fd59fd61
fd61fd69fd71fd59
0044fecbfd82fd61
009500bd00e500dd
00bd00ad00c500b5
fe9bff6b002c00bd
feabfedbfea3fe2a
fec3ff03ff33fec3
fe8bfe1afde2fe62
fea3fe02fe8bfea3
fe8bfe72fe8bfec3
febbfedbfec3fec3
fe9bfec3fefbfe7a
fe5afe0afe5afe93
feabfe42fdaafdba
ff63ff63ff4bff4b
ff63ffa4ff73ff53
fecbff63fecbfebb
fca1fc91fcd1fd59
fc78fc78fc70fc68
fc78fc68fc68fc60
fc81fc89fc89fc89
fc50fc68fc81fc78
fdeafdd2fd61fc81
fdfafdf2fde2fdda
fdfafdfafdf2fdea
fdf2fdf2fdfafdfa
fe0afdfafdf2fdfa
fdfafdfafdfafe02
fe4afe12fe02fe02
00d5003cff94fee3
01e601c6018e013d
fd61fd59fd61fd61
fd71fd69fd69fd69
ff3bfdc2fd69fd79
009d00e500cd004c
00d500f500f500bd
ff0bffdc002c009d
fea3fe9bfdfafdc2
fe7afea3fea3fe8b
fe62fe62fe2afe3a
fe7afe22fe52fe62
fe8bfe72fea3fe9b
fef3fefbfedbfed3
fe4afe42feb3fe8b
fe6afdfafda2fe0a
ff8cff3bff03fe62
fe8bfe9bfef3ff84
fe22fdeafe0afe52
fe2afec3fe83fe4a
fce1fd41fdb2fdb2
fc99fc70fc68fc81
fc58fc50fc68fc99
fc89fc91fc70fc68
fc68fc78fc81fc70
fdf2fdd2fd11fc70
fdfafdeafde2fdda
fdfafe02fdf2fdea
fe02fe02fe02fe02
fdfafdfafdfafdfa
fdfafe02fdfafdfa
fe42fe12fe02fdfa
00e5004cff9cfee3
01f601d6019e0155
fd69fd69fd61fd61
fd79fd69fd69fd69
fdfafd69fd71fd82
004c006c0034ff4b
008d00fd00e5008d
ff23000cfffc0004
fe2afe62fdeafdd2
fddafe22fe72fe32
fd9afd8afdf2fe4a
fe8bfdb2fe52fe12
fe72fe62fe72fe72
ff33ff5bff23feeb
fe02fe32fe2afe93
fef3fdfafd82fdca
fe5afefbffb4ff7b
fd92fd9afdbafdfa
fd69fd21fd19fd79
fcc9fcf1fd39fd69
fd41fd39fd09fcc9
fcb1fca9fcd1fd29
fc50fc58fc50fca9
fc81fc81fc81fc68
fc81fc78fc70fc60
fdeafde2fd69fcb1
fdfafdf2fde2fde2
fe02fe02fdfafdf2
fe0afe02fe02fe02
fe02fdfafe02fdfa
fe02fe02fe02fdfa
fe3afe12fe02fe02
00ed0054ff94fed3
01e601d601a6015d
fd71fd71fd71fd69
fd71fd69fd71fd71
fd82fd69fd71fd69
ffbcff94fee3fde2
ffc4002c002cffec
fefb003cfffcff5b
fe0afdd2fdcafe0a
fe4afe93fe3afe7a
fe12fdbafdeafe62
fe2afdc2fe4afe6a
fe7afe93fe6afe4a
ff2bff73ff53fefb
fdfafe0afdfafdfa
ff13fe52fdd2fd92
fd39fd61fe2aff0b
fd01fd01fd39fd39
fd19fce9fc91fd01
fc50fc50fcc1fd49
fcd1fcb1fc78fc48
fcb1fcc9fcf1fcf1
fc50fc60fc58fc60
fc78fc89fca9fc70
fc68fc68fc70fc60
fde2fddafd71fc91
fdfafdfafde2fde2
fdfafdfafdfafdfa
fe0afe02fe02fe02
fe0afe0afe22fe12
fe0afe02fe02fe0a
fe2afe12fe0afe0a
00ed0044ff7bfec3
01de01ce019e015d
fd71fd69fd71fd71
fd71fd71fd71fd71
fd71fd69fd69fd61
fe8bfddafd29fd61
fe83fea3fedbfebb
fee3004c008dffc4
fdcafdeafe52fdda
feb3fec3fe02fe9b
fdeafe02fe4afe7a
fdcafdf2fe0afdaa
fe72fe8bfe9bfe3a
fef3ff84ff33ff03
fe1afdcafd92fd8a
fdbafda2fd92fd9a
fc99fcc9fcf1fd39
fc70fc68fc70fc89
fc78fc70fc30fc50
fc60fc48fc60fca1
fca1fc99fca1fc50
fca9fc78fc68fc70
fc58fc60fc48fc70
fc70fca1fca1fc60
fc60fc68fc60fc60
fde2fdf2fd8afc60
fe02fdf2fde2fde2
fe02fe02fdf2fdfa
fe7afe12fe02fdfa
fe22fe83ff0bff0b
fe02fe0afe02fe0a
fe22fe0afe0afe0a
00e5003cff6bfeab
01ee01ce01960155
fd71fd71fd79fd79
fd71fd71fd71fd71
fd61fd69fd71fd71
fcc9fce1fd51fd61
fd21fca1fcf1fd01
ff2b01050125ffb4
fe12fde2fe0afd8a
fe12fe7afdf2fe83
fda2fdb2fe2afdd2
fe12fe0afe0afd79
fe6afe83fe62fe12
feabff53ff23fef3
fde2fdcafd21fd69
fe2afe93fe9bfdfa
fd29fd31fd21fd71
fc58fc38fc18fc68
fc40fc48fc50fc40
fc60fc50fc48fc50
fcb1fc89fc70fc68
fc81fc48fc50fc70
fc50fc70fc78fc89
fc78fca1fc89fc48
fc68fc68fc50fc58
fdeafdfafd8afc91
fdfafe02fdeafdea
fe02fe02fdfafe02
ffb4fe83fe02fdfa
fe3aff2b0014004c
fe02fe02fe02fe0a
fe22fe0afe0afe02
00dd0024ff53fe9b
01f601ce019e0155
fd71fd71fd71fd79
fd71fd71fd79fd71
fd71fd69fd79fd71
fd41fd49fd8afd79
fcf1fc40fc50fce9
ff330014ff94fedb
fd9afddafecbfe7a
fdcafdfafdeafde2
fdcafde2fdfafdda
fe52fe5afec3fe1a
fe62feabfe93fe42
fedbff3bfee3fecb
fde2fde2fd09fd8a
ff94ff1bfedbfe83
feb3fecbfeebff8c
fc60fc30fc81fd92
fc89fc89fc81fc60
fc68fc70fc78fc81
fc60fc68fc70fc70
fc60fc40fc38fc48
fc38fc68fc89fc78
fc89fc91fc78fc40
fc78fc78fc50fc50
fdf2fdfafdcafcf1
fdf2fdfafdf2fdea
fe02fe0afe02fe02
004cff33fe22fdf2
fe6affb4008d00ad
fdfafe0afe0afe02
fe1afe0afe02fdfa
00cd000cff3bfe83
020e01de01ae0155
fd71fd71fd71fd79
fd69fd69fd71fd71
fd79fd71fd71fd69
fdc2fe32fd82fd82
fda2fc48fc68fcc1
fe72ff94ff6bff23
fe12fef3feb3fd51
fde2fe1afdeafd9a
fd9afd9afdd2fdda
fdeafe5afe83fdfa
fe7afe02fe62fe22
feb3feebfe8bfeab
fe3afde2fd92fdf2
fec3fecbff03fea3
ff3bff6bff2bfef3
fcc1fd51fe3afea3
fc99fc89fc48fc38
fc68fc91fc99fc81
fd31fca9fc40fc30
fc58fcb9fd79fd69
fc30fc50fc70fc60
fc78fc78fc78fc40
fc78fc78fc60fc58
fde2fdf2fdf2fd39
fdfafdfafdeafdea
fe02fe02fe0afe0a
0064ff6bfe32fdea
fecb002c00cd00cd
fdfafe0afe02fdfa
fe1afe0afe02fe02
00cd0004ff33fe83
021e01f601b60155
fd71fd71fd79fd71
fd71fd71fd71fd71
fd79fd79fd82fd79
fd19fe1afd9afd82
fe83fc78fc68fcd9
fe52ff7bff9cff53
fe02fdeafe1afd51
fdaafd79fe7afeb3
fdcafdfafe42fe72
fdc2fe22fe52fe0a
feabfe52fdfafde2
fe83fecbfe12fe83
fedbfde2fdeafe12
fec3ff13ff5bff3b
ff13febbfe62fe5a
fe83fef3fed3fef3
fc70fc78fd31fde2
fd8afd79fd11fc81
fed3fee3fd9afd49
fca1fd01fe12fe83
fc40fc48fc68fc89
fc68fc81fc89fc60
fc89fc70fc70fc70
fddafdfafdfafd79
fdf2fdfafdfafdf2
fe0afe02fe02fe02
003cff43fe3afe02
ff4b007400f500d5
fe02fe0afe02fe22
fe1afe0afe0afe02
00bdfffcff23fe72
022e020e01be0155
fd69fd71fd71fd71
fd79fd79fd71fd71
fd71fd79fd82fd82
fcf1fd71fd92fd79
ff53fd19fc50fca1
fe32ff53ffa4ffa4
fe83fe3afe4afd59
fe3afe2afebbfe6a
fe1afe02fe72fe9b
fdcafdfafdaafde2
fe93fe5afdc2fe02
fe42fe52fe2afdea
fe9bfdf2fe12fe0a
ff43ff73ffa4ff6b
fe62fe0afe52fecb
ff4bfefbfe9bfe7a
fe12fe2afe8bfecb
feb3feebfe72fe0a
fdcafe2afe02fe4a
fc91fca1fd11fd82
fc48fc48fc60fc78
fc68fc78fc89fc78
fcb9fc78fc68fc68
fde2fdfafdf2fda2
fdf2fdf2fe02fdf2
fe0afe02fe0afdfa
001cff2bfe32fe02
ffbc00ad010d00c5
fe12fe02fde2fe72
fe12fe0afe0afe12
00b5ffecff1bfe6a
0236020e01be0155
fd71fd71fd69fd69
fd82fd79fd71fd69
fd71fd71fd79fd79
fd49fd79fd82fd71
ff9cfdeafc70fcd1
fd8aff2bffacffcc
fe5afdf2fd9afd29
febbfe7afeb3feb3
fdaafdd2fe8bff43
fddafd9afd71fd31
fe9bfe52fdeafe22
fe62fe12fe3afe02
ff23fee3ff2bff1b
ff8cffb4ff9cffd4
fe22fe3afed3ff5b
fe5afe02fdc2fdda
fe42fe0afe02fe2a
fe32fe4afe02fdf2
fcd1fd31fd49fdba
fc78fc89fc91fca1
fc48fc50fc58fc50
fc60fc68fc70fc78
fcd1fc78fc68fc68
fdeafdfafdfafdd2
fdf2fdfafdfafdfa
fe02fe02fe0afdf2
0004ff03fe2afe0a
001400f5012500b5
fe0afdd2fddafedb
fe12fe12fe1afe12
00a5ffd4ff03fe5a
022e020e01be0145
fd71fd69fd69fd59
fd79fd79fd79fd71
fd82fd8afd82fd71
fd79fd71fd71fd79
fedbfd71fce1fd51
fd09fefbffbcffbc
fe0afe1afd59fd39
fe52fea3fe52fe4a
fe9bfefbfe72fe52
fdf2fdaafdb2fe1a
fe52fdf2fdf2fdd2
011d001cfe7afde2
00dd0115015d015d
ffccffdcff84004c
fe6afedbff6bff8c
fd79fd9afdb2fdaa
fd61fd51fd59fd71
fd41fd71fd79fd79
fc91fc91fcc1fd19
fc78fc78fc70fc81
fc50fc60fc68fc60
fc68fc78fc78fc78
fd71fc91fc81fc70
fdeafdfafe02fde2
fdf2fdf2fdfafdfa
fe02fe02fe02fdf2
ffdcfee3fe22fe0a
007401250125009d
fdfafdc2fe4aff6b
fe1afe12fe1afe1a
008dffbcfeebfe52
021e01fe01ae0135
fd71fd61fd61fd61
fd79fd79fd82fd79
fd92fd8afd79fd71
fd79fd69fd71fd82
fd92fd8afd69fd82
fcc9fe42ff84fe7a
fdeafd82fce1fd01
fe5afe83fdeafd69
fe02fdcafe52fe93
fedbff5bff33fee3
fe0afe3afe62fe83
017d0175006cfdda
00dd0125015d017d
ffc4ffc4ff940064
fe7aff43ff94ff7b
fdaafddafdcafdba
fc70fc70fc99fd29
fc68fc68fc81fc81
fc81fc81fc78fc89
fc81fc68fc68fc78
fc68fc78fc81fc70
fc68fc70fc78fc78
fda2fc91fc78fc78
fdf2fdf2fe02fe02
fdf2fdfafdfafdfa
fe0afe0afdfafdfa
ffb4feb3fe1afe0a
00e5014d0105006c
fe0afe62ff430014
fe1afe12fe12fe0a
0074ffa4fedbfe4a
01e601c601860115
fd79fd69fd61fd61
fd71fd71fd79fd71
fd82fd82fd79fd69
fd79fd71fd71fd82
fd21fd82fd82fd8a
fcf9fda2fe3afcc9
fd79fd19fcc9fd09
fdeafe42fe2afdaa
fd59fdcafe0afe0a
fda2fd19fcf9fd29
ff8cff5bff03fe93
0155016d0145ff9c
006400b500fd0135
ff2bfecbfef3ffdc
ff4bff9cff63ff53
fd29fd69fe12fe8b
fc89fc81fca9fd31
fc70fc60fc50fc68
fc81fc91fc89fc99
fc78fc68fc78fc81
fc68fc81fc81fc78
fc68fc68fc81fc70
fddafcd1fc58fc68
fdfafdfafe02fe02
fdf2fdfafdfafdfa
fe12fe12fe02fdfa
ff84fe93fe12fe0a
011d012500ad001c
fe3aff1b0004009d
fe1afe12fdfafde2
005cff9cfecbfe4a
019e017d014d00ed
fd79fd71fd71fd69
fd79fd79fd79fd71
fd82fd82fd79fd71
fd82fd82fd71fd82
fcf1fd82fd8afd82
fdfafe22fdc2fc89
fd31fce1fcc9fdaa
fdfafdfafd82fd82
fddafdb2fdfafdba
fd69fd79fd61fdba
fd41fd11fc78fcb1
0115012d0125ff23
ffec004c00ad00fd
fe6afd39fe32ff3b
ff63ff7bff53ff43
fda2fe0afe6aff1b
fc68fc58fca9fd21
fc91fc78fc91fc89
fc70fc70fc60fc50
fc81fc70fc60fc60
fc58fc91fc81fc78
fc68fc60fc58fc58
fdeafcf1fc48fc58
fe02fdfafe02fdfa
fdf2fdfafdfafdfa
fe12fe12fe02fdf2
ff43fe6afe12fe0a
011d00ad0024ffbc
feabff94005c00ed
fe12fe12fe02fe22
002cff84febbfe42
01550135010500b5
fd79fd79fd79fd71
fd71fd71fd69fd71
fd82fd8afd82fd79
fd8afd8afd82fd79
fd59fd92fd9afd8a
fe9bfe83fdf2fcb9
fd31fd29fd79fe7a
fd9afd29fd92fd82
fdeafd79fdfafde2
fd9afddafd21fd79
fcb1fd09fd19fcf1
00ad009d002cfd39
ff5bffec004c00a5
fcb9fc60fd59fe6a
ff2bff53ff03fe2a
fe32feb3fedbff03
fc58fc50fcf9fd92
fc38fc50fcb9fc99
fc68fc70fc50fc48
fc70fc70fc68fc68
fc50fc60fc78fc78
fc60fc58fc50fc58
fdeafd39fc50fc50
fe0afdfafe02fdfa
fdfafdf2fdfafe02
fe12fe12fe02fdfa
fefbfe42fe12fe12
00cd005cffdcff84
ff63001c008500dd
fde2fde2fe12fe93
ffe4ff43fe9bfe22
010d00fd00bd0054
fd82fd79fd79fd71
fd79fd79fd71fd71
fd82fd82fd71fd71
fd82fd8afd8afd82
fd09fd71fd92fd8a
fec3fea3fdeafcb9
fcf1fd29fe32fecb
fdaafd41fd51fd69
fd59fd69fdeafdea
fd8afd69fd29fda2
fdbafd82fda2fd41
ffc4ff2bfe5afd61
fdfafee3ff63ffbc
fc50fc20fcc9fd49
ff5bff03fe7afd41
feabfefbff1bff1b
fca9fcd1fdaafe52
fc68fc78fc89fc81
fc68fc81fc81fc91
fc70fc70fc78fc70
fc50fc48fc58fc78
fc48fc40fc50fc58
fe02fd92fc89fc48
fe1afe12fe0afe0a
fe02fdfafe02fe0a
fe1afe12fe02fe02
fe9bfe1afe12fe12
0064000cffbcff4b
fffc008500ad00a5
fe1afe1afe5aff0b
ff43febbfe7afe42
00c500a50044ffcc
fd82fd79fd71fd79
fd82fd71fd61fd71
fd9afd92fd8afd79
fd92fda2fdaafda2
fca1fd51fd9afd92
fec3feb3fdc2fc91
fcc1fd59febbfec3
fd9afd92fd21fd11
fcc9fd01fcd9fd71
fdeafd69fd31fd82
fe0afd82fd8afdca
fdc2fe0afdcafdb2
fcd9fd29fd92fdf2
fc38fc18fc40fc99
ff7bff33fe62fc99
ff33ff3bff63ff94
fd39fdb2fe12fee3
fcb9fcd9fca9fd11
fc60fc81fca9fcd9
fc70fc78fc89fc68
fc60fc58fc50fc68
fc50fc48fc48fc60
fe0afddafca9fc40
fe1afe0afe12fe12
fe02fe02fe02fe12
fe12fe12fe02fdfa
fe52fe12fe12fe0a
001cffc4ff7bfef3
005c00b500b50074
fe9bfeb3fef3ff8c
fee3fec3feb3fea3
002cffdcff5bff0b
fd82fd82fd79fd79
fd9afd79fd79fd82
fdeafddafdcafdaa
fde2fdfafe02fdfa
fca9fd8afdcafdd2
fed3febbfdb2fc91
fd01fde2fee3fed3
fd31fd29fcf9fd01
fce1fcf1fcb9fd09
fdc2fda2fce9fcf9
fdeafd79fd01fd51
fd41fd61fd9afe2a
fc48fc60fc50fc91
fc30fc30fc28fc28
ff73ff5bfe5afc89
ffec000cffbcffb4
fe0afe52ff03ff9c
fd69fd8afd79fdb2
fc89fcb9fd01fd29
fc70fc91fc91fc81
fc50fc78fc60fc68
fc60fc58fc40fc48
fe12fdfafd19fc40
fe12fe0afe0afe12
fe0afe02fe0afe0a
fe12fe1afe12fe02
fe2afe1afe0afe02
ffc4ff7bff1bfe8b
009500c50085002c
ff1bff43ff84ffec
ff23ff0bfef3fefb
ff33fefbfef3ff13
fd9afd92fd82fd71
fe02fddafdc2fdaa
fe9bfe83fe62fe32
fe8bfea3feb3feb3
fd71fe1afe3afe5a
fef3fecbfd9afca9
fd41fe0afedbfeeb
fc99fcb9fce1fcf1
fce9fd31fd31fcb1
fd59fdaafd59fd01
fd51fd49fcf1fce1
fd69fd29fd8afd82
fc28fc30fc30fca1
fc40fc40fc50fc38
ff94ff4bfe8bfcb9
002c0044ffb4ffcc
fe02fe72ff0bff84
fdcafddafddafdd2
fcf1fd21fd41fd8a
fc81fcb9fd09fd09
fc60fc99fc78fc68
fc60fc60fc30fc40
fe0afe0afdc2fc70
fe12fe02fdfafe0a
fe0afe02fe0afe0a
fe12fe22fe1afe12
fe22fe1afe0afe02
ff33fef3fe8bfe32
007400850014ff94
ff94ffb4ffd40014
ff6bff5bff4bff63
ff3bff4bff63ff73
fdeafdb2fd8afd71
fecbfe93fe62fe2a
ff73ff5bff33ff03
ff4bff6bff84ff84
fe8bfec3fed3ff03
feebfebbfd8afd31
fd69fe2afed3fef3
fca9fcb1fce1fd01
fce9fcf1fce9fcf1
fdcafd8afd92fd61
fe02fd92fd92fe12
fd71fd82fd61fd92
fc28fc28fc70fce1
fc60fc50fc50fc30
ffa4ff03fed3fd39
ffec001cffe4ffe4
fdfafe7aff2bffb4
fdcafdc2fdcafde2
fd82fd31fd39fd79
fcd9fd39fdb2fdaa
fc40fc60fc81fca9
fc50fc50fc48fc38
fe0afe02fe02fce9
fe12fdfafdfafe0a
fe12fe02fe02fe0a
fe0afe1afe1afe1a
fe22fe1afe0afe02
fe6afe2afe02fe12
fff4ffdcff5bfecb
ffecfffcffe4ffec
ffe4ffccffb4ffcc
ffccffccffdcffe4
fe7afe1afdcafd92
ffacff6bff23fecb
004c002c000cffe4
fffc002c00440054
ff03ff63ff84ffb4
fed3feb3fdbafdb2
fdf2fe9bfedbfed3
fd11fcd9fd01fd61
fd11fcd9fcc1fd29
fd79fd39fd09fd69
fd71fd49fd61fdfa
fd69fd79fd61fd41
fc70fcd1fd41fd21
fd71fca1fc70fc68
ff8cfeb3fecbfe83
ff73fff4ffdcff7b
fe5afef3ff53ffa4
fdc2fe1afe2afdf2
fd92fd61fd59fd92
fcd1fd39fdc2fdc2
fc48fc81fc91fcb1
fc60fc48fc60fc48
fe0afe02fe0afd9a
fe12fdfafdf2fe0a
fe1afe0afe0afe0a
fe12fe1afe22fe1a
fe1afe1afe0afe12
fd82fd92fde2fe12
ff4bff13fe93fdea
000cfffcffccff8c
0044001c00040004
0044004c00540054
ff13fe9bfe32fde2
00740034ffdcff6b
00dd00cd00b5009d
008d00bd00d500dd
ff6bfff4001c0054
fedbfecbfdd2fe02
fed3fedbfedbfee3
fc81fca9fd39fe12
fcc1fc91fc91fce1
fd39fd19fcf1fce1
fd9afdb2fd92fd29
fd41fca9fcf1fcf1
fd49fd92fd9afd49
fe7afdb2fe12fdca
febbfecbfed3feb3
ff0bff6bff7bfedb
fe7aff1bff33ff33
fe52fe52fe52fe22
fd9afd92fd8afde2
fce9fdb2fdd2fd9a
fc48fc68fc89fca9
fcd1fc38fc70fc58
fe12fdfafdfafe02
fe12fe02fe02fe12
fe22fe1afe12fe0a
fe12fe22fe22fe22
fe1afe1afe1afe22
fd29fdb2fe0afe1a
fe83fe1afd9afd19
ffecffbcff63fef3
008d0034fffcfff4
00cd00dd00dd00c5
ff9cff1bfe9bfe32
00f500bd006c0004
012d01250115010d
00f50115012d012d
fff40074009d00dd
fee3fec3fe32fe72
fef3feebfeebfedb
fc91fcf9fdeafeb3
fc81fc89fc78fc68
fd71fce1fcd1fc99
fd71fddafd49fd71
fd19fcb1fd19fd31
fdb2fd59fd59fd71
fe5afe22febbfe5a
fee3fe93fe83fe4a
ff43ff6bff2bfec3
fe2afeb3fed3fed3
fe93fe83fe8bfe52
fda2fd79fdaafe2a
fd09fd59fd82fd49
fc40fc40fcc1fd11
fd61fc68fc58fc50
fe12fdfafdfafe0a
fe12fe0afe02fe12
fe32fe22fe12fe02
fe5afe62fe5afe42
fe32fe52fe62fe6a
fddafe42fe42fe32
fd82fd29fd09fd41
ff9cff33fe9bfe0a
005c0014ffecffd4
0105010d00ed00ad
0014ff8cfef3fe7a
0155011500cd0085
01650165015d015d
013d015d016d016d
008500dd00f50125
fec3fea3fe52ff03
fefbfeebfecbfebb
fd19fdf2fedbff03
fc78fc81fc78fcb1
fd31fce9fce1fcd1
fd31fd41fd29fd79
fd21fd19fd82fd69
fd61fd39fd39fd31
fea3fe42fe83fdba
fefbfe93fe8bfe8b
ff84ff13fed3fefb
fe62fed3fedbfeb3
febbfea3fec3fe5a
fd51fd21fd8afe2a
fd49fcb1fce9fd59
fc48fc50fc91fd39
fdf2fd29fc40fc48
fe12fe0afe0afe0a
fe32fe22fe1afe12
feb3fe83fe4afe32
ff0bff13ff03fee3
fe72febbfeebff03
fe7afe83fe62fe52
fd71fd71fdaafe2a
ff23fe83fdf2fd9a
001c0004ffd4ff8c
0074007400540034
007cffecff43febb
018e0155011500d5
018e018e018e0196
017d019601a60196
00f5011501250155
fe9bfeabfed3ffdc
fefbfee3febbfeb3
fe2aff03ff13fefb
fc60fc58fc91fd21
fd21fcc1fcb1fc91
fcd1fcb9fcc1fcd9
fd79fd39fd92fcf9
fdc2fd69fd19fd01
fe0afde2fe1afd9a
fef3fe93fe6afdd2
ff53fecbfec3fefb
fe72feb3fe83fecb
ff13fed3fe9bfdfa
fdc2fd49fd59fe6a
fc99fcd9fd01fd8a
fc78fc99fc78fca1
fdfafdc2fc89fc48
fe42fe3afe2afe1a
fec3fe93fe72fe5a
ff9cff6bff23fef3
ff7bff9cffb4ffb4
fe62fee3ff3bff6b
fe83fe62fe32fe1a
fe12fe22fe52fe7a
fecbfe6afe1afe0a
ffa4ff94ff5bff13
ff7bff73ff73ff8c
00cd0034ff84fef3
01ae017d014d0115
01a6019e01a601ae
01ae01c601d601be
012d013d014d017d
feb3fee3ffc400f5
fee3feebfedbfeb3
feabff0bfefbfee3
fc89fcb9fcd9fdba
fc91fca1fc81fc91
fce1fca1fcc1fc99
fd39fcb1fca1fd09
fd51fd51fcf9fd21
fda2fe22fdf2fd79
feebff1bfe22fd82
fedbfe93fef3ff3b
fe12fe52feabff33
feabfe72fe02fdb2
fda2fd41fd82fe6a
fc91fcd9fd49fd59
fc68fcc9fc70fc50
fe5afe22fd39fc40
feebfed3fecbfea3
ff84ff53ff2bff0b
fff4fff4ffdcffb4
ffa4ffbcffd4ffec
fe22fedbff4bff7b
fe4afe1afdd2fdb2
fe22fe32fe42fe52
fea3fe6afe3afe2a
ff1bff0bfedbfebb
fedbfed3fecbfef3
00f50074ffbcff23
01be019601650135
01b601a601ae01be
01d601fe01f601d6
014d0155016d0196
fec3ff0b005c014d
fedbfeebfecbfec3
fecbff23ff13fee3
fca9fcc9fd19fdd2
fc68fc78fc89fcd9
fd11fcf9fcc1fc89
fd8afd31fd39fdaa
fce1fd11fd31fd29
fd31fddafdeafd49
fe83fe3afdeafd31
fe0afdf2fe72fe6a
fddafe22fe5afe7a
fdd2fdc2fdb2fdb2
fdb2fd69fd8afdb2
fc70fc89fca9fd11
fc60fc38fc30fc48
ff53fecbfdeafcd1
ff63ff84ff9cff94
ffc4ffa4ff84ff63
ffccffe4ffecffe4
ff9cffb4ffacffbc
fe22fedbff3bff6b
fe2afe02fdc2fda2
fdd2fdeafe12fe2a
fe5afe1afdf2fdd2
fedbfec3fe8bfe7a
feb3feb3feb3fecb
0115009dffe4ff43
01ce01b601860155
01be01ae01ae01ce
01ee020e020601de
01550155017501ae
fec3ff03005c0155
fed3fee3feebfecb
febbff23ff03fed3
fcb1fd29fdc2fe3a
fc81fc60fc68fc91
fd01fc89fc89fca1
fd39fd49fd39fd41
fcd9fcf9fd21fd29
fd49fd49fd49fce9
fe12fdeafdcafd49
fdbafdb2fe02fdfa
fdcafd92fd9afda2
fd61fd71fd79fd69
fd29fd79fd51fd61
fc60fcd9fc91fc91
fdcafcf9fc68fc48
ffe4ff94ff53feb3
ff63ffcc0004000c
ffa4ff8cff63ff53
ff7bff94ffacffb4
ff63ff6bff5bff63
fe22fecbff13ff33
fe0afdf2fdb2fdaa
fd71fd9afddafe02
fdf2fdaafd82fd71
fe83fe5afe1afe0a
fe83fe8bfe8bfe8b
012500adfff4ff43
01de01be01960165
01be01b601c601d6
01e6020601fe01d6
0145014d016d01a6
febbfefb003c013d
fecbfedbfedbfecb
fe7afee3ff03fee3
fd09fd71fddafe42
fc60fc89fcb9fcd1
fca9fc58fc60fc78
fd11fce1fcd1fcc1
fd69fd51fce1fd19
fd31fd01fd39fce9
fd8afdc2fd92fd8a
fd39fd69fdc2fe0a
fd71fd19fd21fd31
fcf9fd71fd61fd92
fd51fd49fcc9fcf9
fc89fc89fc99fc89
ffd4ff1bfe1afd11
ffdc0004003c003c
ff43ffacffecffec
ff73ff53ff2bff1b
ff1bff3bff5bff6b
fefbff0bff03ff03
fdfafe7afeb3fed3
fdcafdd2fda2fd92
fd11fd39fd8afdb2
fd61fd31fd19fd11
fdeafdbafd82fd82
fe22fe22fe1afe12
012d00b5ffecff2b
01de01b6018e0165
01be01be01ce01e6
01ce01f601f601d6
0135013d0165018e
fea3fefb0034011d
fec3febbfed3fecb
fe6afeb3ff03ff03
fe4afe02fe02fdfa
fcb1fca1fce9fdba
fc89fc70fc48fc68
fcd1fc99fc68fc78
fca9fd29fcd1fcd1
fcd9fd41fd01fc89
fd39fdc2fd82fd19
fcf1fd59fd8afdba
fd29fcf1fcd9fcd9
fcd1fd19fd19fd59
fcc1fc81fca9fd09
fd51fc40fc50fc99
00e500a5000cfebb
ffbc004c00bd00e5
ff3bff7bffa4ff9c
ff13fefbfee3fefb
fea3febbfedbff03
fe6afe7afe83fe93
fd49fd92fde2fe2a
fd29fd39fd49fd29
fcc9fcd9fd09fd29
fce9fcc1fcc9fcc1
fd59fd29fd11fd09
fdb2fda2fd8afd8a
012500adffdcff2b
01ee01c6019e0165
01ce01ce01e601f6
01ce01de01e601d6
01150135016d01a6
feb3fefbffcc00d5
feabfea3fedbfebb
fe4afed3ff2bff0b
fdc2fdeafe32fe2a
fc91fc99fcc1fd29
fc81fc81fc78fc89
fc81fc70fc68fc89
fcb1fd09fcb9fc78
fc89fcb9fcc9fc91
fce9fcf1fcf1fc99
fcc1fcc9fcc1fd09
fc99fc99fcb1fc78
fc99fca9fca9fca9
fd09fc89fcc1fcf9
fe4afc70fc48fce9
0135013d00fd0014
ff94004c00c500fd
ff0bff43ff43ff3b
fe8bfe9bfe9bfecb
fdfafe12fe2afe62
fdc2fdcafdcafdda
fc91fcc1fd19fd82
fc89fc89fca1fc91
fca1fc99fca9fca1
fcb1fc91fc99fca1
fd31fcd9fcc1fcc9
fd69fd59fd49fd59
013d00a5ffc4ff13
020e01e601b6017d
01de01ee0206021e
01ee01fe01f601e6
01050125016d01b6
fed3fee3ff73007c
fed3fed3fedbfebb
fe7afed3fee3fedb
fd9afe12fe3afe3a
fca9fcd1fd39fd39
fc81fc60fc91fc81
fc60fc50fc50fc70
fca9fcd1fc91fc89
fc68fc89fc99fc99
fc89fcc1fcb9fc68
fc89fc68fc60fcb9
fc78fc70fcd1fc70
fce9fca9fc81fc70
fcb1fca1fc70fc99
fefbfcb9fc40fc78
010d012d011d009d
ff1bffbc004c00ad
fe83feb3fec3fecb
fdb2fde2fe02fe4a
fd41fd49fd69fd8a
fd19fd21fd11fd21
fc89fca9fcd1fcf9
fc60fc70fc81fc78
fca9fc91fc81fc70
fc89fc78fc91fcb1
fd61fcf1fc91fc91
fdcafd9afd69fd71
013d009dffbcff03
021601f601c60186
020e020e02260236
01d601fe020e020e
00ed011d015d01ae
fecbfec3ff53004c
fecbfec3fed3febb
fec3feabfed3fec3
fdb2fdcafe22fed3
fce9fcf9fd21fd82
fc60fc68fc58fcb1
fc78fc50fc48fc48
fc68fc78fc91fcc9
fc68fc81fca9fc91
fc58fcb9fca9fc48
fc78fc68fc60fcb1
fc99fcc9fcc1fc89
fcc1fcb1fc78fc78
fc70fc68fc91fcb9
fedbfcb1fc28fc89
0064009d00ad005c
fe7afefbff6bffec
fdaafdeafe12fe2a
fd01fd09fd21fd61
fcb9fcc1fcc1fcd9
fcd1fcc1fcb1fca9
fc99fcb1fcc1fcc9
fc78fc81fc89fc91
fc99fc89fc81fc78
fc60fc60fc78fc99
fe12fd9afcb1fc70
fe5afe22fdf2fdf2
0135008dffacfef3
022e020601ce018e
022e02360246024e
01be01e602160226
00ad01150165019e
feb3fec3ff3b0014
feabfecbfeebfebb
fe4afe9bfedbfecb
fdbafdfafea3fecb
fd29fd01fd69fe6a
fc81fc68fc70fcc9
fc58fc48fc58fc91
fc60fc68fc58fc48
fcb9fc91fca1fc89
fc50fc68fc91fc68
fc50fc68fc50fc60
fc70fc89fc78fc70
fc50fc50fc68fc68
fc38fc50fc68fc58
fe22fc70fc20fc48
ff2bff84ffbcff84
fd9afdfafe3afea3
fce1fd11fd39fd59
fcd1fcb9fca1fcb9
fcf1fcd1fcc9fcc9
fd41fd39fd19fd01
fcd1fcf9fd21fd41
fc78fc89fc91fca9
fc50fc50fc58fc70
fc50fc58fc60fc58
fed3fe83fd59fc70
feebfeabfe8bfea3
01350085ff9cfedb
0236020e01e601a6
023e024e025e0256
01c601e601f60216
ffa4005c00f5017d
feb3fedbfeebfef3
fe9bfecbfeebfeab
fe32fe83feb3fea3
fde2fe52fea3fe93
fd01fd59fdd2fdfa
fc99fcc1fca9fcb1
fc48fc48fc50fc81
fc50fc40fc40fc48
fc60fc60fc78fc58
fc81fc78fc68fc70
fc40fc50fc48fc40
fc40fc40fc48fc38
fc50fc50fc58fc50
fc48fc40fc48fc40
fd21fc38fc28fc48
fdc2fe2afe6afe12
fd09fd41fd49fd69
fcc1fcd1fce1fcd9
fd31fd29fd19fce9
fda2fd8afd82fd59
fdfafde2fdd2fdba
fd8afdc2fde2fdfa
fd01fd19fd39fd51
fc20fc30fc89fcd1
fc68fc40fc30fc28
ff5bff53fe6afd09
ff43ff1bff03ff1b
013d007cff94fed3
0246022601ee01ae
02260256025e024e
0095018601de01fe
fe0afe4afeb3ff7b
fed3fed3fec3fdea
fec3fed3fec3feab
fe6afe7afe8bfe93
fe62fe9bfec3fea3
fd31fdaafdf2fdd2
fca9fce9fcc9fcc1
fc60fc58fc58fc81
fc40fc48fc48fc58
fc58fc50fc40fc38
fc50fc60fc60fc58
fc48fc50fc50fc48
fc38fc40fc40fc48
fc40fc38fc40fc40
fc40fc28fc20fc28
fc60fc38fc48fc58
fcf1fd09fd09fcb1
fcd1fcf1fce9fce1
fd82fd69fd09fcb9
fdd2fdeafdd2fd9a
fe22fe1afe0afdfa
fe32fe2afe22fe22
fe12fe22fe3afe3a
fdeafdeafdfafe02
fc20fcb9fd82fdd2
fd69fca9fc40fc18
ff7bff8cff3bfe4a
ff8cff63ff4bff5b
0135006cff84fec3
0246021601e6019e
02260246024e024e
fe52ffac013d0206
fd82fd69fd31fd69
feebfec3feb3fdda
fed3fecbfeb3fee3
fe62fe4afe72feab
fecbfefbfedbfe9b
fdaafdd2fdb2fdea
fc91fcc1fd01fdaa
fc48fc48fc68fc78
fc38fc38fc48fc50
fc50fc48fc40fc38
fc40fc48fc50fc48
fc48fc48fc48fc40
fc28fc38fc30fc48
fc38fc40fc30fc30
fc40fc28fc18fc28
fc50fc50fc50fc60
fc78fc60fc40fc28
fc91fca1fca1fc91
fd9afce9fca1fc81
fe2afe32fe22fe12
fe32fe32fe32fe32
fe2afe2afe32fe32
fe32fe32fe3afe32
fe42fe3afe32fe22
fca1fd49fe1afe3a
feb3fe1afd69fcd1
ff7bff8cff73ff2b
ffc4ff9cff84ff7b
011d0054ff73feb3
022601f601ce018e
021e021e0236023e
fd69fe42ff840155
fd59fd09fc99fcb1
fee3feb3feb3fdea
febbfea3fecbff0b
fe6afe7afe9bfebb
ff1bfe93fea3fec3
fdeafddafe2afebb
fcb9fcf9fd82fde2
fc48fc48fc68fc81
fc40fc38fc30fc38
fc50fc48fc40fc38
fc48fc40fc40fc50
fc40fc40fc58fc50
fc38fc40fc38fc38
fc40fc40fc40fc38
fc50fc30fc30fc48
fc60fc50fc50fc60
fc40fc28fc28fc40
fc81fc89fc78fc60
fcc1fc91fc99fc81
fe3afe32fe3afda2
fe32fe32fe32fe32
fe4afe42fe32fe32
fe83fe6afe62fe4a
fe8bfe8bfe8bfe83
fe1afe3afe8bfe93
ff2bff0bfec3fe6a
ff8cff7bff6bff53
ffccffccffb4ffa4
00f5003cff5bfe9b
01ee01be0196015d
017501e6020e021e
fcd9fdd2feabffa4
fd59fce9fc60fc68
fed3fea3fea3fe32
fe93feabfedbfedb
feb3feb3febbfeb3
ff73fefbff1bff23
fd79fe02feb3ff03
fd01fd59fdbafdf2
fc68fc99fc89fcd1
fc48fc40fc48fc50
fc58fc50fc50fc48
fc58fc58fc58fc60
fc48fc50fc60fc68
fc38fc40fc48fc40
fc48fc40fc48fc40
fc58fc48fc48fc58
fc60fc38fc38fc60
fc40fc28fc30fc50
fc81fc78fc68fc50
fcd1fcb9fca9fc91
fe1afe22fdb2fce1
fe3afe3afe32fe2a
fed3fea3fe6afe42
ff63ff43ff1bfeeb
ff13ff33ff4bff6b
feebfee3fef3ff03
ff33ff23ff13ff03
ff9cff73ff4bff3b
ffbcffd4ffccffbc
00bd013d015d018e
01b601de01be0135
0145018601960196
0196017501550175
02a7023e025e01de
0226026e01ee01b6
025602260196022e
020e024e027e021e
fef3ff6b007c0155
0004ff5bff1bff0b
ff23ff5300040095
ff0bff43ff6bff33
ff5bff4bff0bff13
ff8cffacff94ff8c
ff13ff73ff7bff5b
fdcafe1afe52fe8b
fdcafdc2fda2fd9a
fe42fddafdb2fde2
00adffecff7bfec3
ff43003c00bd012d
fce1fd79fde2fe72
fda2fd71fd29fcf1
fe0afe42fdb2fd8a
ff8cff0bfe83fe0a
00f500a5002cff9c
012d011d0115012d
01b6016d016500f5
014d012d01b601ce
01f6019e019e01ae
02460236022e0266
01ae018601f60206
023e020e025e020e
00ed015d016d01ae
01b6019601a6010d
00c5015d01c601e6
018e01f6017d0135
0246025e020601de
0256028f027e0246
0256021602060226
0175020e026e0216
ff2bff33ff4b0085
002c008d0014ff53
ff2bff03ff03ff63
ff1bff03ff13ff03
ff84ff6bff33ff2b
fefbff1bff2bff4b
fe3afeb3fefbfeeb
fe0afe32fe3afe3a
fdeafe12fdeafdf2
fda2fd71fd51fd9a
ff0bfe62fe12fdd2
ffbc00440044fffc
fd39fdfafe22feb3
fd59fd49fd21fce9
fe22fdd2fd71fd61
ff7bfeb3fe4afe02
014500ed007c0024
010d011d016d0145
01ce014d00bd010d
017d012d018e01d6
0287021601f601c6
01ee01be01b6022e
022e020601fe01d6
022e027e02a7022e
0135012d011d00b5
0175016d0135013d
00c5014d017d0175
01de0246017500a5
023601ee01e6023e
02bf0256022e0266
02360246021e0246
002c0196021e0216
ffd4ff43fefbff33
ff03ff84008d00a5
fef3fefbff23ff2b
ff33ff03fee3fed3
ff0bff43ff63ff5b
ff1bfeebfeb3fec3
fefbff03ff0bff23
fe52fe72fe93febb
fe6afe52fe52fe62
fe1afe3afe42fe62
fe0afda2fdcafe02
ff8cff6bfee3fe8b
fd8afdeafe42ff0b
fd51fd29fcf9fd19
fd79fd39fd49fd61
fe93fe3afe3afe22
014500f5004cff94
00ed0175017d016d
01550125015d012d
01c601be014d0105
023e020601de01ee
01b601d602060216
027e023601e601a6
0186020e022e0276
0155015d013d00ed
016501750186015d
00b501050125012d
019601be01c600a5
022e01de0186016d
01f6022e022e021e
024602af02970236
ff3b0024017501f6
00ad002cff5bff33
ff43ff0bff2b0014
fee3fedbfefbff2b
ff53ff63ff43ff23
fecbfebbfed3ff2b
ff3bff4bff03fee3
fedbfed3fef3fefb
fe9bfe83feabfed3
ff33fecbfec3fec3
ff43ff53ff5bff5b
fe1afeabff23ff53
fe42fddafdeafdfa
fd79fdd2fe32fec3
fd11fd19fd11fd49
fd29fce9fce1fd01
fde2fe32fe7afdb2
016500c5ff53fe3a
016d019e01a6018e
00fd0165015d00fd
01ce01c601c6016d
023e0236020e023e
020e023602a7029f
031f02af023601e6
01ce023e01de0287
0125012d01a6017d
00dd009d00c500f5
0125012d012500ed
01c601ee0246019e
02260206021e0206
01e601de01ce023e
01f602bf027e01e6
ff94ff5b00340165
ff8c008d008dffcc
feebff33ff53ff1b
ff63fef3feb3fecb
fedbff23ff6bff94
ff1bfefbfecbfebb
fed3ff13ff33ff13
fe72fe5afe8bfea3
febbfe8bfe62fe72
fecbfeb3fea3fea3
ff94ff84ff53fef3
ff630014001cffd4
fdfafe5afe9bfed3
fd61fdb2fdcafe22
fcd9fcd9fce9fd21
fd31fd01fce9fcd1
fe72fe52fdaafd71
005cff9cfee3fe3a
01c6019e015500f5
013d016d01250186
01ce015d01860145
021e0246026e028f
0276026602460256
02a702ef02a702a7
019e01a6018e01fe
013d014d01d601ce
00bd00f500c500e5
0175016d012d00c5
026e0256026e0216
01be0226024602a7
01ce01de020601e6
01c601f601e601e6
ffecffc4ffbc00ad
ff23ff33003c00b5
feb3feebff0bff53
ff84ff7bff13fe83
feabfea3feebff43
fefbfef3feebfed3
fe42fe5afec3fee3
fe22fe12fe3afe32
fea3fe4afe1afe02
fe62fe12fe22fe6a
ff23fef3fefbfe93
00040024001cffc4
febbff6bffb4ffec
fd41fdb2febbfe2a
fcb9fcd9fce9fd01
fd9afd51fd09fcd1
ff0bfe3afe2afe22
fefbfeb3fee3ff33
015501250044ff7b
016d013d0135017d
026601d601750105
01ce021e020e0287
02df02af021601d6
02b7030f031702bf
017d013d01a60236
00d50125015d012d
014d0145008d0095
022601f6019e0135
0297020e01de0236
0276023e025602d7
0276024e026e026e
00b5015501f60246
007cffecffe40014
ff3bff4bff33ffe4
feabfea3fec3feeb
feebff43ff84ff33
fedbfec3fe8bfe93
fe42fe6afeb3fedb
fe1afdfafe0afe52
fe72fe5afe5afe2a
fea3fe83fe7afe4a
fe52fe2afe4afe6a
ff6bfec3fea3febb
ffec0014fffcffd4
ff0bff94ffdcfff4
fd69fe72fe9bfe52
fcf1fd01fd49fd49
fd9afdb2fd92fd39
fdfafdaafda2fd79
ff6bff13ff53ff03
005cffd4ff84ff63
0165010d011d0125
024601ce01350145
01e6021601a60216
02a7027e024601b6
01c6028702f702cf
01a601b601a60196
0024007400fd01a6
017500e500cd009d
022601c601a601a6
022601f601ae0206
02e7028f024e01ee
0246024e022e026e
ffe400ed01fe023e
ffd40074ffd4ffbc
ff0bff3bff43ff2b
ff7bfef3feb3feeb
fe7afea3ff0bff7b
fe83fec3fedbfeab
fe62fe52fe5afe72
fe72fe83fe5afe83
fe32fe4afe62fe83
fdfafdfafe1afe32
fe4afe22fe2afe0a
fee3febbfebbfe4a
fee3ff23ff43ff1b
fefbff230004ff53
fe12fe7afe9bff43
fd82fdd2fe02fdea
fd51fd61fd71fd9a
fe32fdaafd61fd41
ff84ff63fee3fe4a
ff33ff4bff84ff8c
00f500c500a5ffd4
01e60196011d0175
01a601e6018e01be
025e0246023e01ce
01ce021e022e0266
023e020e01e601f6
007c007c007c011d
017d00ed00a5008d
024e01de01d601be
0216023e025e024e
02b702cf028f025e
01d601b601a60236
ff7b0044018e01e6
ff3bfff4004cffbc
feebfedbff23ff2b
ff5bff73ff3bfefb
fee3febbfe83fedb
fe72fe72fe8bfec3
fe52fe52fe72fe7a
fdf2fe2afe42fe3a
fd82fd92fda2fdc2
fda2fda2fd59fd41
fdbafdaafdcafd92
fe83fecbfe9bfe12
ff2bff0bfec3fea3
ffec001c0044ff84
ff03ff23ff33ffbc
fd19fd92fe8bfed3
fdcafda2fd69fd41
feb3fee3fe83fe02
ffb4ff3bfeabfe6a
ff13ff53ff8cffc4
0044000cfefbfedb
01b6011d0155010d
01c601be01d601de
01ce021601d601ee
018e01f6019e019e
0246027e022e01ae
000c0004008d0115
0175013d0085001c
021e01fe01ce0165
01c6020e02b70256
028702ef027e01ce
019601be01ae029f
ffb4ff8c00b5016d
ff2bff53000c0004
ff13fef3fefbff1b
fec3ff2bff63ff33
feb3fef3fec3fe7a
fe93fe7afe7afe93
fe0afe3afe32fe52
fd8afd92fdcafdda
fd71fd59fd59fd79
fd92fd82fd82fd71
fe3afe32fdeafdaa
fe83fe8bfe42fe32
ff2bff0bfed3fe7a
00640014ffc4ff63
ffbcff9cff73ffe4
fd41fdaafedbff4b
fe0afde2fd8afd49
fefbfed3feabfe62
ff94ffccff5bff43
ff3bfffc0034ffc4
ff94feb3fe1afe83
0186011d010d0054
020601ae01a601c6
01e601c601d601f6
01ce01ae016501c6
01e6020e0216023e
007400ad011d0196
0186015d011d00e5
020e021e01c6018e
025601fe020601fe
02d702d7029f02bf
0206024e02a702d7
000cffb400040135
ff33ff33ff5b001c
ff0bfefbfef3ff3b
fe83fe93ff33ff43
feabfebbfed3fed3
fe62fe83fe9bfeab
fe1afe3afe0afe32
fdc2fdeafdfafdfa
fe02fdeafe0afdca
fdfafe02fe0afe32
fdfafe12fe2afe02
fe32fdbafdd2fde2
feebfef3fedbfebb
005c0034ffe4ff63
006c0034001cffe4
fd51fde2ff3b000c
fe22fe02fdaafd69
ff3bfefbfeabfe83
00ed00ed0074ff9c
0014004cffe40044
fe8bfe2afe72ff33
0175013d0085ff7b
023601fe01f60236
01de01c601c601ee
0226022601fe021e
01d6017d017d01ce
0186015d01ae0206
01c601ae019e01ce
01fe01ee01b601b6
02c7026e020e01ee
029f021e023602af
01ce01ce016d01ae
003cfffcffdc00ad
ff1bff1bff3bff9c
ff84ff1bff03ff13
fee3feabfe83ff1b
fe62fea3feabfebb
fe52fe3afe42fe42
fe7afe83fe62fe52
fe3afe3afe2afe3a
fe2afe93fe5afe22
fdbafdeafdf2fe0a
fd71fd61fd79fda2
fddafdbafd82fd82
ff33fefbfebbfe4a
012d00fd0024ff94
005c0044006400b5
fd21fdeaff730064
fdcafda2fd39fd09
feb3fe5afe0afdda
01ae00f5ffecff23
ffe40004010501c6
fe6afe5afe9bff7b
017500a5ff84fea3
021e026e025e01de
01c601d601ee01e6
0236023e022e01f6
01d60186018601a6
01c601ee01ce01d6
021601f601c601f6
01c601b601650186
021e0287028f021e
019e017d01f6023e
011d0165014d00fd
ffec003cfff40044
ff1bff43ff3bff5b
ff3bff9cff5bff3b
fec3fedbfebbfe83
fe9bfea3fe9bfeab
febbfeb3fec3fe9b
fe32fe83feabfeab
fe02fdfafe1afe22
fdb2fdbafdd2fdfa
fd49fd49fd61fd92
fd41fd49fd39fd21
fdb2fd71fd92fd71
ff4bff53ff0bfe62
011d010d0054ffac
00240054009500bd
fd19fda2ff03fff4
fdcafd79fd21fcf1
fe2afdeafddafdca
0105ffecff43feb3
0085013d01f601be
fe52fe93ff84001c
00d5ffd4ff1bfea3
024e021e01f60165
022e01ee01d60216
023e020601e601ce
01b601f60216020e
017d0186016d01de
020e0266023e01be
0206023e022601d6
0236023602260256
0145017d0236025e
00b5019601fe017d
ff84001c0014001c
ff23ff33ff6bff53
fe93ff43ffb4ff84
ff03fedbfed3fecb
feebff0bfefbfefb
fe8bfef3ff13fedb
fdbafdeafe2afe32
fdaafdb2fdbafdb2
fd11fd39fd69fd8a
fcd9fcd9fce9fd09
fd49fd39fd39fd11
fe72fdeafd82fd59
ffacff9cfef3fec3
005cffd4ff84ff8c
ffcc00950105008d
fd49fdc2fe83ff4b
fdeafd9afd39fd09
fed3fe72fe3afe1a
004cffe4ffb4ff63
00dd019601350085
ff13ffa4ffbcfff4
001cff5bff53ff53
023e01ee018600f5
01ee021601ee0206
023e020601de01a6
020e01fe0226022e
016d017501be01be
021e020e01de0186
027e0276022e01e6
023601c601ee021e
01ae01e601f60206
005401150155015d
ff7bffac000cffe4
ffacff6bff7bff8c
fedbfebbff3bffcc
ff33ff13ff03fee3
feabfec3fef3ff33
fdeafe4afebbfebb
fdeafdf2fe0afdf2
fd39fd82fdaafde2
fce1fce9fcf9fd01
fcf1fcd9fcc9fce9
fd9afd51fd11fd01
fe9bfe8bfe62fdf2
ff84fefbfed3fec3
0095fff4ffc4ffcc
ff8400540125013d
fd41fdeafeabff13
fd71fd69fd29fd01
ff1bfe9bfe1afdb2
008d006cfffcff7b
0165010d00cd0044
ff6b001c00ad0135
ffc4ff5bfeebff03
023e0216017500a5
0226024e0266023e
026e0246022e01de
021e02160216025e
01650145012d0165
01b601fe01b60155
01de0206019e01c6
01ce01e602060216
01a601ee025601d6
001400a50165018e
ffa4ff9cfff4fffc
fff4ffdcff9cffa4
fefbfec3fe83ff13
ff0bff1bff33ff2b
feb3fe9bfe9bfefb
fe52fe4afe5afea3
fd9afdf2fe42fe72
fcd1fce9fd21fd59
fce1fce1fcd9fcc9
fce9fce9fce9fcd9
fe4afdd2fd41fcf1
fee3fe8bfe3afe72
ff3bfebbfe7afea3
00bd009d006cffe4
ff2bffac006400c5
fd49fde2ff0bff5b
fd92fd51fd41fd19
febbfe93fe62fe02
00dd0085ffacff03
00cd009d00a500d5
ffc40004009500dd
ff4bfef3fe8bfedb
01ce01c600e5ffb4
0256025e026e021e
02c702bf02970256
023e0276028702a7
01de0196014d0186
020e023601fe01e6
01b600fd0044010d
01de01b601fe01fe
01be019e0135012d
004c00b50165018e
ffccffacffec006c
ff43ffe4ffd4ff8c
ff53feebfeabfe7a
ff13fedbfec3ff2b
feebff1bfec3fed3
fe62feabfed3fedb
fd09fd39fda2fe0a
fcd9fcc1fcd1fcf9
fcc9fcd1fce9fce9
fd31fd09fce1fcc9
fe2afe32fde2fd79
fec3fed3fec3fe6a
ffacff5bff0bfed3
00ed0074003cffd4
ff43002c0125014d
fd59fe02fefbff1b
fdfafd8afd49fd31
fe9bfe4afe3afe32
0074ffe4ff5bff0b
00440034008500b5
ff73ffb40044007c
ff43fef3ff1bff8c
014d00ed001cff5b
02870266023e01f6
02df030f02df02cf
029702cf02af029f
02460216021601d6
01fe026e023e021e
024e022601150155
022e0256025e022e
028f023e02060206
006c008500e50206
ff3bff73ff630054
fea3ff3bffc4ff63
ff1bff63feebfea3
ff3bff33fecbfea3
feabfec3fef3ff1b
fdcafe2afe9bfeab
fce9fd01fd31fd69
fcf1fce1fcc1fcc9
fcd9fcd1fce9fce9
fda2fd39fcf9fce1
fe52fdfafdfafdfa
ff73ff43ff1bfeeb
001cff94ff8cff7b
0155010d011d00e5
feabffa40085017d
fd9afe3afe9bfe6a
fdaafd82fd41fd39
fe7afe1afdd2fd92
ff7bff3bfefbfebb
ffc4001c0024ffb4
ff73ff94ffacffdc
ff84ff5bfef3fed3
013d007cff73ff63
02bf02bf024601de
02bf02e7030702c7
029f028f02660297
019601fe01d60165
0236030702c701ae
016d01ee0246026e
02a701fe017d0135
01fe029702cf02e7
007c0044006c015d
ff03ff33ff3bffe4
fe93fea3ff4bff9c
ff3bff43ff7bff0b
fe83fe72fed3fef3
fe9bfea3fec3febb
fd51fda2fe22fe7a
fce9fd11fd21fd21
fcf9fcf9fce9fce1
fd01fce9fcd9fce1
fdd2fda2fd59fd29
fe7afe5afe6afe2a
ff6bff33feebfe72
ffe4ff94ff5bff33
008d003c00540044
fdaafdf2fe8b0014
fd9afe3afe4afdd2
fd39fd51fd41fd31
fe12fdaafd61fd41
ff33ff9cff43fe8b
ffa4ff8cff53ff1b
ff4bff53ff63ff5b
ff53fe9bfe42fe8b
00cdffecff53ff84
021e0226020e017d
0297028f029f027e
026e020e0226022e
020e01ee020e0206
028702a702970236
0226021e020e0206
02ff0246023e024e
020e022602a70307
002c0074003c0115
ff63ff03ff63ff6b
fee3fe93fee3ff8c
fed3ff3bff33ff63
fe8bfe3afe32fe52
fe83febbfec3fee3
fd19fd39fd79fde2
fd19fd09fd21fd39
fcf9fd09fd19fd21
fd49fd09fce9fce9
fe42fde2fdbafd8a
fe5afe0afe32fe62
ff63ff33ff13fed3
ff7bff8cff7bff63
feebff33ff63ffa4
fdfafdd2fdeafe7a
fdaafe1afe3afe12
fd19fd41fd71fd8a
fddafdbafd61fd29
ffecff6bfe72fdea
ff3bfeb3fe9bff2b
ff33ff33ff23ff5b
fe93fdf2fe4afeeb
005cff94ffb4ff84
01d601ee01b60115
026e023e01fe01ee
02af0276026e026e
026e0216023e029f
01d60216029f029f
027e01c601a601b6
02bf028f02870297
02b702cf02d702f7
ffb40064003c00ed
ffb4ff6bff63ff6b
ff3bff0bfec3ff4b
fe1afe62feabfefb
febbfe8bfe6afe3a
fdaafe3afecbfed3
fd39fd11fd49fd71
fd49fd41fd31fd41
fd01fd29fd49fd59
fdd2fd69fd11fce9
fe02fe42fe0afde2
fec3fe9bfe2afde2
ff23ff1bff2bff0b
fe93fed3ff0bff1b
fe4afe1afec3feb3
fe42fe32fe0afe12
fdcafdfafe2afe2a
fd19fd39fd61fda2
fd79fd51fd29fd21
fe72fdeafda2fd9a
febbfe8bff2bff43
ff23ff13fedbff23
fe42fe32fea3feeb
0004ff73ffc4ff0b
016d0186016500e5
023e023601ce0186
02ff02ef02c70256
02cf029f0256027e
02cf02b70327032f
02af0297027e02af
025e023e02660287
01c60287026e0287
ff84fff4002c003c
ff7bffc4ff94ff7b
ff03ff4bfef3fefb
fe2afe0afe2afe8b
fef3feabfe83fe62
fd79fdbafe52fedb
fd59fd51fd39fd69
fd79fd49fd39fd41
fd41fd39fd59fd82
fdeafdd2fd92fd51
fe0afdd2fddafe02
fed3fec3fed3fe83
feabfed3fee3fef3
fe5afe32fe42fe72
fedbfe8bfe6afe7a
fe9bfec3feabfea3
fe32fe52fe72fe7a
fd31fd61fd9afdda
fd21fd11fd11fd19
fda2fd92fd79fd51
fe72feebfefbfe1a
ff23fedbfed3fe9b
fe5afe7afebbfeeb
ffacffccffb4ff2b
0125011500e500c5
020e0206019e015d
0327031702af0216
029f0297025e025e
027e029702a7030f
030702cf02d70327
0266028f02d702ef
0145024e023e0256
ff84ffa4ffe4001c
ff53ffecffccff73
fe5afee3ff43ff0b
fe42fe62fe3afe1a
fef3fef3febbfe62
fd61fd92fddafe6a
fd61fd79fd69fd59
fd71fd61fd59fd41
fdcafd92fd71fd69
fddafdd2fde2fdd2
fea3fe3afdcafdc2
fea3fed3fefbfed3
fdeafe32fea3feb3
febbfe62fe32fdf2
ff4bff2bfefbfed3
ff63ff6bff5bff53
feabfedbff03ff4b
fd69fda2fdd2fe2a
fd59fd31fd19fd39
fdb2fde2fdb2fd61
fe72fe5afdcafd9a
fefbfed3fe93fe4a
fe72fe72feabff0b
ffb4005cff8cff0b
011d00bd00f50044
023e018601ae017d
0307031f02cf02a7
029f02a70276025e
01de02a702df02ff
02df02bf02760236
02ef02f702e702ff
00bd01ee02160236
ff7bff8cfff4001c
ff33ff9c000cff9c
fdfafe5aff03ff53
fe02fdf2fe6afe5a
feb3ff2bff0bfe8b
fd79fd61fd9afdf2
fd59fd59fd82fd8a
fd61fd71fd8afd51
fe22fe02fdbafd79
fddafde2fdfafdfa
fe83fe72fe3afe1a
fe6afe9bfea3febb
fdf2fdeafe22fe3a
ff33fee3feabfe52
fff4ffc4ff8cff63
fffc00040014000c
ff1bff5bffacffec
fdb2fdfafe22fec3
fd21fd21fd41fd59
fe32fdc2fd79fd59
fe32fdcafdbafe42
feabfeabfe4afe1a
fe6afe6afeb3fefb
006400740034ff03
0135010500d5ffb4
02af021e0196016d
023e028702bf030f
01ee022e024601d6
0206020e02360206
02cf027e0206025e
0236027e02560266
000c014d01b60266
ff8cffa4ffd4ffec
fef3ff23ffecffdc
fe7afe1afe72fee3
fe4afdaafdcafe9b
fe2afedbff4bfefb
fdcafda2fd8afdba
fd49fd49fd71fda2
fdb2fd8afd79fd59
fdf2fe2afe32fe02
fe32fe12fe12fe1a
fe83fe93fe62fe62
fe1afe52fe9bfe83
fe8bfe12fe12fe1a
ffc4ff8cff4bff03
0074006400440004
00740074008d007c
ff63ffcc000c0064
fde2fe3afe83ff0b
fd09fd11fd29fd61
fdaafd31fd19fd09
fe32fe5afe7afe5a
febbfe6afe1afe12
fe52fe6afeebfee3
0085006c0034fee3
00fd0115007cfff4
02f702df023e0165
01a6017d01ee02bf
01d60216021e020e
020601de01be01f6
02b702af02460246
01e60287026e0256
ffec014d026e0226
ffd4ffacffbcffcc
feebfee3ff8c000c
fe83fea3fe52fe8b
febbfdeafd82fdd2
fdeafe52ff03ff63
fd92fdcafdcafdc2
fd51fd41fd51fd71
fe32fdcafd92fd71
fe2afe12fe4afe62
fe5afe2afe12fe22
fe7afe83fea3fe72
fe0afdfafe02fe4a
ff33fea3fe3afe22
005c001cffdcff9c
00cd00cd00bd0095
00bd00bd00c500c5
ffbc0014005400a5
fe22fe72fedbff4b
fcd9fcf9fd31fdaa
fcd9fcf9fd11fce9
fe22fe83fe12fd39
fea3fe42fe22fe3a
fe52fe93ff03feab
001c0095ffc4fe93
014500edffccffec
025e0317025601a6
023601c601e601b6
02660266021e01e6
023e01d602060206
0266026e0246026e
02160206024e0246
ffdc011d02460226
fff4ffe4ffb4ffe4
fedbfecbff230004
fdaafe93fefbfeb3
ff33fe52fdaafd79
fdf2fe22fe62ff1b
fd39fd69fdb2fdf2
fd9afd79fd59fd59
fe8bfe3afdf2fdba
fe42fe4afe22fe6a
fea3fe8bfe32fe1a
fe02fe62fe7afedb
fe4afe1afddafdc2
ffc4ff53fecbfe6a
00c500a5005c001c
00fd00fd010500ed
00e500fd00ed00e5
0004005c009500bd
fe5afec3ff2bff84
fcc9fce1fd59fdf2
fd19fd11fcd1fcb9
fdeafdaafd21fd01
fe6afe32fe32fe22
fe5afe9bfebbfe8b
00540095ff3bfe7a
016500950004007c
028703270226019e
027e02af02b7028f
022602a7021e01ae
023e01e601fe01e6
01f6025601e60216
01650105017501f6
ffe400bd020601be
fffcffd4ffa4ffc4
fef3fef3fecbffbc
fd61fdc2feabfed3
ff7bfef3fe22fdb2
fdeafe3afe32fecb
fd41fd49fd79fd9a
fdcafdaafd79fd71
fe8bfeb3fe52fe12
fe22fe42fe6afe72
fecbfea3fe93fe5a
fdaafdcafe4afeab
fe7afe5afe22fdc2
004cffdcff8cff03
011500fd00bd007c
011d0135013d0125
00fd011d01150115
0044008d00ad00cd
fe9bff03ff5bffbc
fca1fcf1fd82fe12
fcd1fc99fc78fc91
fdb2fd82fd01fcd1
fe5afe72fe32fd92
fe6afec3fe9bfe9b
005c000cfeebfe7a
0105002c009500ad
02bf02e701ce019e
033f035f032f030f
0206026e02af025e
01ce01b6021e0206
022e022e01be01f6
0175020e01f60206
001cfffc0115011d
0024ffbcff8cffc4
fe93fecbfef3ff84
fd51fd79fe12fe9b
ff13ff23fe32fda2
fd8afdf2fe3afe7a
fd59fd59fd8afd71
fe22fdcafda2fd82
fea3febbfed3fe72
fe83fe2afe72feab
fe5afe8bfeabfeab
fdd2fdcafdd2fe12
fefbfe72fe42fe12
00b50044000cffac
014d0145012500dd
013d0145014d014d
0115011d01250135
007c00b500cd00ed
fedbff4bff9c0004
fca9fd19fdaafe4a
fc99fc78fc78fc89
fd51fc99fc70fcb1
febbfe9bfde2fd8a
fe83feabfe8bfe83
00ad003cfec3fe52
0074003c00d500d5
02e7025601f601be
036f036f0367031f
01e602660287020e
01d6019e01de0196
020601ee01e6021e
01be02bf027e0226
00040004010d0135
0014fffcffc4ffac
fe72fe62fec3ff1b
fdaafd9afdd2fe52
fec3ff1bfec3fdfa
fd61fd8afdf2fe32
fd69fd59fd82fd8a
fe83fe12fdeafdba
febbfebbfed3fefb
fef3fed3fe52fe6a
fdd2fe0afe32feab
fe2afdfafde2fdca
ff9cfef3fe52fe5a
00fd00b50074002c
015d016501550125
014d0155015d0165
0125012d013d0145
00ad00dd00f50115
ff13ff8cffe40044
fcd1fd41fdd2fe7a
fc78fc70fc78fc91
fcb9fc60fc91fca9
febbfe2afd79fd39
feabfe83fe93fe93
00fdfffcfe72fe4a
0034004400c500ed
01d6018e01e6017d
02bf02bf02a70206
01fe023e028f01ee
019e0186015d018e
027e0216016d019e
01b602af02af024e
ffccfffc00d500fd
ffb4001cffbcff73
fe1afe1afe52fedb
fdd2fd8afd82fe12
fe1afebbff0bfe4a
fd69fd59fdaafdda
fd92fd71fd92fdaa
fefbfe4afe3afdf2
fe62fee3fefbff1b
fe93fef3feebfe3a
fde2fdb2fdc2fe02
fe5afe6afe4afe1a
000cff73fea3fe93
013d010500b5009d
0175016d015d0155
0165016d01650175
013d014d015d015d
00cd00fd01150125
ff4bffcc0014006c
fcf9fd51fdf2feab
fc70fc70fc81fca9
fc78fc70fc99fc89
fe7afddafd61fce1
fe83fe6afe8bfe72
0105ff3bfe42fe6a
0064013501e60196
019e021601c60095
02af02e7028f01d6
021e02b7028f01c6
01be014d016d01ce
01d601c6017d01ae
027e027e02b70246
ffb4ffe4012501e6
ff63ffe4ff5bff73
fdeafdd2fe1afe6a
fe32fdd2fda2fde2
fdd2fe32fecbfec3
fd9afd69fd9afdd2
fdcafd92fd82fdc2
fefbfeabfe5afe2a
fe3afea3ff2bff3b
fdcafe02fee3fecb
fe2afdeafdb2fdc2
feb3fe93fecbfe72
008d0004ff03febb
0155013500ed00c5
018601750165015d
0165017501750175
014d015501650165
00d5010d0135013d
ff7bffec0034007c
fce1fd51fe12fee3
fc68fc68fc78fcb9
fc70fc89fc99fc78
fe62fdb2fd51fcc9
fe52fe93fe42fe6a
0085fe93fe22fe42
00f50226028f0216
01ee029f016d004c
02a702f702af026e
0196023e02460226
01a6016501be0165
0175019601ae01ce
023e027602c701f6
ff94003401c6021e
ff1b0014ff9cff63
fde2fdd2fdd2fdfa
fecbfe1afdc2fdca
fdbafdbafe7afef3
fdfafdcafdb2fdd2
fdf2fd92fd79fdd2
ff03fed3feb3fe6a
feb3fe62ff23ff7b
fdcafd82fdb2fe7a
feb3fe62fdd2fdba
feebfe8bfeb3ff13
00dd0095ffc4fedb
0175014d012500f5
018e017d01750186
015d0165016d0175
015d016d016d0165
00ed011d01450155
ffa40004005c009d
fcb9fd51fe3aff13
fc68fc70fc78fc99
fc81fc99fc89fc68
fe4afda2fd31fcc9
fe32fe7afe32fe93
ffbcfe3afdfafe32
01c60216023e01ae
0175013500c500e5
028f0287028701be
01ae023e026e01f6
0135014d011d011d
012500fd0135014d
018601be01de0186
ff5b002401a601d6
fecb0024ffdcff43
fdaafdd2fdcafdda
ff4bfed3fdeafdaa
fdc2fd9afe02fec3
fde2fe12fdcafdd2
fe3afdc2fd79fd92
ff84ff5bff23febb
fe4afe9bfec3ff4b
fd71fdaafd51fd82
ff23feb3fe5afd8a
fee3fedbfea3fef3
010d00e5005cff63
018e014d0135011d
018e018601750196
01750165015d0186
015d016d0175016d
00ed012d0145015d
ffd40034007c00b5
fcb9fd61fe42ff33
fc50fc50fc70fc89
fc91fca1fc78fc60
fe52fd9afd19fcb9
fe3afe32fe42fea3
fef3fe12fe12fe0a
01a601fe01d600ad
0135009500bd0175
021e027e02060165
01ae017d020601ce
01ae016d012d013d
016d00e5014d01ae
01b601be01b601b6
ff3b001401ae01d6
fe9b0004ffd4ff8c
fd92fd9afdc2fde2
ff23ff8cfe9bfde2
fdd2fdd2fdd2fe4a
fdbafe0afe02fdca
fe9bfe02fda2fd82
ff63ffc4ff4bff0b
fdb2fe02fe7afed3
fd41fd51fda2fd71
ff23ff23feabfe32
ff0bff13fec3fecb
0115011500bd000c
018e0165014d013d
017d018e018e018e
017d0175014d016d
014d016d016d0165
00ed012501550155
000c0064009500c5
fcb9fd59fe5aff63
fc38fc58fc70fc78
fc91fc99fc58fc48
fe4afd9afd09fca9
fe2afe1afe7afe9b
fe7afdf2fe2afe22
01d6021e017dffcc
00a500bd017d01a6
020e027e019e0115
0186012d014500f5
0165013d014501b6
01a60165018e01ae
004c00ed018e016d
ff4bffcc00ed008d
fe83ffecffbcff73
fdd2fd92fddafdea
fea3ffb4ff73fe4a
fdbafdcafe0afe12
fdd2fe02fdf2fda2
fedbfe4afdcafd92
fef3ff9cffacff4b
fda2fda2fdeafe9b
fe0afd69fd69fdaa
ff03ff3bfefbfeab
ffb4ff53ff1bfedb
0135013d011d00ad
019e018e0165015d
01750186018e018e
0186018601750175
014d016d01750175
0105013501550155
002c007400a500d5
fcb1fd69fe7aff8c
fc40fc60fc60fc70
fc89fc68fc40fc38
fe22fd79fce1fc91
fe32fe3afeb3febb
fe5afdfafe02fe12
024e022600a5ff43
008d010501be01f6
0297024601550105
0186012500f5012d
016500d5009d017d
0165025601de018e
0115011501d601d6
ff4bff7b0125019e
fea30014ffe4ff5b
fe42fdd2fdd2fdb2
fe1aff2bfff4fef3
fd8afdcafe12fe0a
fdbafe02fdeafd79
ff33fe9bfe0afdaa
fed3ff13ff84ff84
fd82fdbafdb2fe12
feabfe12fd9afd69
fef3ff13ff0bfefb
0064ffa4ff63ff13
016d0145013d0105
01b601a601860175
018e018e019601a6
018e018e01960196
016501650175017d
011d01450155015d
002c007c00ad00d5
fcc1fd79fe8bff94
fc50fc50fc58fc78
fc81fc58fc38fc40
fe12fd69fcc1fc89
fe1afe22feabfebb
fe3afdeafdfafe02
029f01ce0004ff43
011501ae01d60246
02c7019e011d00e5
010500b500ad009d
015500c5006c00c5
022e020e020601c6
01a601ce01ee023e
ff2bff2300850175
fec300140004ff4b
fec3fe0afdb2fdb2
fe02fe83ffa40004
fd49fdd2fe12fdfa
fdaafe02fe02fd8a
ff94ff23fe6afdda
fe52fecbfee3ff5b
fd59fd8afdb2fdca
fef3feabfe02fd8a
ff23ff2bff2bff03
00ed0064ffa4ff6b
0196017501550135
01ae01a601a60196
01a601ae01ae01a6
018e019601960196
0175016d017d017d
010d013d01550165
003c008d00ad00cd
fcc9fd8afe8bff9c
fc58fc60fc58fc78
fc70fc58fc38fc40
fe02fd39fca1fc89
fe12fe1afeb3fe83
fe0afdd2fe12fe22
023600c50034ff3b
01ee02460256026e
0246011500f5013d
01be013500b500bd
0165016501050105
01ae015501ae015d
015d012d00ed0165
ff23feeb003c012d
feeb0034001cff4b
ffb4fea3fde2fdda
fe02fe52fefb001c
fd41fdaafe1afe12
fdaafddafe32fdc2
ff3bff84feebfe12
fde2fe7afed3fea3
fd9afd61fd69fd92
ff0bfecbfe7afe02
ff94ff43ff5bff53
014500e5004cffb4
01a60196016d014d
01a601b601b601b6
01b601ae01a6019e
017d018e019e019e
01750175017d017d
010d012d014d016d
0044008d00bd00dd
fcc9fd79fea3ffac
fc58fc48fc60fc81
fc60fc60fc48fc50
fe02fd39fca9fc68
fdcafe2afeabfe6a
fdd2fdcafe2afe22
00fd00a5002cfeeb
01de01e6023e01ae
01860125010501e6
022e024e021e01be
018e017d016d01b6
02560236024e01d6
025601fe021e023e
ff4bfec3003c01ce
fef300440034ff84
ffe4ff94fe93fe1a
fe42fe62fe93ff03
fd59fd92fe0afe4a
fdcafdc2fe22fdf2
fe7aff3bff94fe83
fd9afe2afecbfe8b
fe3afdb2fd61fd69
ff6bff03febbfe8b
ffccff63ff4bff7b
0165013500ed004c
01c601b6019e017d
01ae01c601ce01ce
01be01be01b601a6
017d0196019e01ae
0175016d015d0175
0105011d01450165
004c008d00cd00e5
fcd1fd92febbffc4
fc58fc50fc58fc81
fc58fc50fc50fc58
fdf2fd19fc99fc58
fd82fe6afed3fe5a
fdb2fdb2fe42fe0a
009500b5ffa4fe6a
018e020e0256010d
011d015d0186022e
020e02a7023601ce
01de01e6023e0216
028f027e027e0226
0266020e01be01e6
ff33fedbffdc019e
ff230024003cff84
ff3b0014ff43fe8b
fe7afe9bfe5afe83
fd61fd82fdd2fe72
fdf2fdbafde2fdf2
fe5afebbff94ff0b
fd9afdbafe6afed3
fea3fe52fdf2fda2
ff94ff73ff23fee3
005cffccff6bff7b
015d0155014500ed
01ee01ce01b6018e
01be01c601de01e6
01be01be01c601ae
018601a601b601be
015d016d015d0186
00fd011d0145015d
0044009500c500f5
fce1fdb2fecbffc4
fc60fc58fc68fc81
fc60fc48fc48fc60
fde2fd19fc91fc60
fd69fe3afebbfe5a
fda2fdc2fe42fda2
015d0044fef3fe2a
01a601f6017d00d5
0175015d0206021e
01750186018e019e
01ae0206025e025e
032f02e7024e016d
02c702df02c70307
ff1bfedbff9401c6
fedbffec002cff8c
fee3ff7bff63fe72
fe7afedbfe93fe5a
fd79fd59fdaafe6a
fe6afdcafdc2fdf2
feb3fe42ff3bff3b
fdcafdaafdeafec3
ff03fedbfe72fe22
ff8cffa4ff94ff43
00d5005cffc4ff7b
0186016d014d0135
01d601ce01c601be
01ce01ce01e601d6
01ce01be01be01be
019e01a601ae01c6
015d0175017d0186
0105012d0145014d
0044009500cd00fd
fcf9fdd2fef3ffd4
fc58fc50fc68fc89
fc60fc58fc58fc60
fdd2fd01fc89fc60
fd8afe5afea3fe62
fdaafdeafe2afd71
0165ffacfe9bfe1a
01ee016d00bd0165
018e014d026e0256
020601e6020e01be
021601e6021e0266
0266023e01e601f6
0186019e0206023e
fefbfedbff7b0155
fedbffd40034ff8c
fe93fecbfeabfe6a
fe8bff03fecbfe72
fdb2fd49fdc2fe72
fef3fdfafda2fde2
febbfe4afe6aff0b
fe7afe1afe02fe5a
ff5bff23ff0bfec3
ffacff9cffb4ffac
014500ed0064ffd4
01be019e0196016d
01e601e601e601ce
01e601e601ee01e6
01d601c601be01c6
019e01ae01b601ce
015d016d017d0186
0105012d014d0155
0044008500c500f5
fd41fe2aff23ffec
fc40fc48fc68fca9
fc68fc50fc58fc48
fdc2fcd1fc89fc58
fdb2feabfec3fe72
fdc2fdfafe12fd59
00fdff2bfe8bfe12
021e010d014501fe
01d601c602af02af
017501b60206020e
01ee01e601d601f6
011d018601a60196
01550145015500f5
ff03fed3ff9c0135
fed3ff8cfff4ff94
fe4afe3afe22fe62
febbfeebfeebfe83
fdc2fd79fdb2fe62
fefbfe52fdaafdba
fe42fe62fe32fea3
fee3fef3fe83fe2a
ffecff94ff53fefb
004c0004ffbcffcc
019e0186014500cd
01d601de01d601a6
01fe01ee01ee01e6
01de01e601fe01fe
01d601d601ce01ce
019601b601c601d6
0175017d0186018e
010d0135015d016d
0044007c00b500ed
fdcafea3ff6b0004
fc40fc50fc81fd01
fc70fc48fc40fc40
fd9afcb9fc68fc40
fdd2fee3fecbfe42
fdd2fdeafdbafd59
002cfedbfe83fe0a
019601450236019e
01b601b60206022e
01be01ee01c6020e
01e601e601b601e6
019e01a601b601ae
0256021e01b6016d
ff13ff03ffec01de
fee3ff7bffe4ffac
fe32fe0afdeafe5a
febbfea3fedbfe8b
fd8afdb2fdbafe1a
fee3feebfdeafd82
fe32fe3afe3afe5a
ff03fee3ff1bfeb3
fff40004ffccff8c
010d0095004cfff4
01ce01ae01960175
01e601f601f601f6
020601fe020601f6
01d601e601f601f6
01d601de01e601de
019e01ae01c601c6
01860186018e0196
0115014d016d017d
0054008500c500ed
fe7aff1bff9c0014
fc48fc60fcb9fd92
fc60fc58fc50fc48
fd79fcb1fc58fc48
fde2fee3fec3fe2a
fdd2fddafd8afd49
ff63fecbfe93fe2a
017d01fe025e0105
01b601ee022601ee
024e026e01f60186
027e025602560206
01d6021e0266028f
020601de018e01ae
ff2bff3bfff4012d
feebff73ffccffac
fe62fe1afde2fe42
fea3fe83fea3fe9b
fd82fda2fe02fdf2
fe93ff3bfe7afda2
fedbfe72fe12fe22
ffb4ff33fe93febb
002cfffcfff4ffd4
018e013d00e5009d
01fe01e601b601a6
021e020e0206020e
02060216020e0216
01de01ee01ee01f6
01ce01de01e601de
0196019e01ce01be
01860186018e019e
010d013d0165017d
0054008500c500ed
fee3ff73ffd4002c
fc58fc81fd19fe1a
fc58fc50fc40fc40
fd51fcb9fc60fc58
fddafed3febbfe1a
fdbafdaafd71fd49
fefbfe93fe83fe2a
025e02af02060095
01a60236022601fe
0186021e0266021e
02760287029701ee
0216019601b60226
023601e601b601d6
ff1bff23fff40145
fee3ff73ffa4ffa4
fea3fe62fe1afe42
fe9bfe8bfe9bfe9b
fdb2fd71fe22fe22
fe52ff13fefbfe1a
febbff1bfea3fe3a
ffe4ffd4ff6bfed3
00b5003c000cfffc
01ce01c601860135
021601fe01f601de
022e0216021e0226
020e021e020e022e
01d601ee01ee01fe
01ce01de01e601e6
018e019601b601be
0175018e01960196
01050115013d015d
0054007c00a500e5
ff33ffb4fff40034
fc70fca9fd51fe7a
fc60fc50fc58fc58
fd51fcc1fc68fc60
fddafefbfec3fe12
fd79fd61fd61fd39
feb3fe72fe72fde2
037702a7018effac
016501f602360256
015d01be0287029f
024e027602cf0266
025e01ae017d01ae
01ae01de01de021e
ff33ff1b000400fd
fecbff63ff94ffb4
feb3fed3fe8bfe52
fea3fe9bfe9bfe93
fdd2fd92fe0afe4a
fe5afea3ff23fe8b
ff13fefbfeebfec3
000cffccffbcff7b
016500dd006c0024
021601f601ee01b6
022e02160206021e
0216021e022e0226
020e021602160216
01de01ee01ee0206
01b601ce01c601ce
01750186019601a6
013d015d0165016d
00c500d500f50125
00440074008500b5
ff73ffdc001c002c
fc68fcc1fd92fec3
fc60fc50fc58fc50
fd69fcc9fc78fc70
fdbafec3fecbfe02
fd8afd71fd9afd61
fe7afe83fe72fdc2
030f01fe007cff23
00c501e6020e02e7
01f6026e02970276
02060196019e018e
02970256021601fe
01de01b601f6027e
ff63ffac001c012d
febbff33ff63ffbc
fe6afedbff23fe93
fe93fea3fecbfe7a
fe3afdc2fdd2fe4a
fecbfe6afecbfecb
ff3bff2bfeebfec3
000cffdcffc4ff84
01ae017d00ed003c
0216021601f601d6
0226022e02260226
020e020e02160206
01f601fe02260226
01ce01e601e601f6
019e01be01b601c6
013501450165017d
00dd00fd0105011d
00740085009d00ad
002c0054006c0074
ffa4fff4001c002c
fc99fce1fdd2fef3
fc58fc60fc68fc70
fd31fcc9fc78fc60
fddafea3fecbfdea
fdd2fdc2fd61fd49
fe5afea3fe3afdda
02e701c6ffdcfedb
012d01d60297034f
028f02bf02cf02ff
012d014d011501b6
021601ee019e015d
026e01f602160216
ff7bffac006401b6
febbff23ff73ffc4
fe12fe9bff0bfec3
feabfe93feebfea3
fec3fe0afdeafe5a
feabfed3fe93fee3
ffd4ff8cff43febb
ffecffb4ffdcffe4
01b60186010d006c
0206020601f601de
0206021e022e021e
021601fe020601fe
01ee01fe0216022e
01e601d601de01ee
013d017501a601c6
006400a500e5011d
009500740064003c
009d009d008d008d
002c00540085008d
ffb4000c00240034
fc99fcf1fe0aff1b
fc78fc91fc89fc91
fd29fcc9fc68fc58
fdfafe62feabfdca
fd61fd29fd19fd49
fe72fe9bfe02fda2
023600bdff2bfe9b
01a6029f03670337
02a702f702cf02d7
0175019e017501de
01de00cd00dd0165
02df0236028702af
ff4bffa400bd024e
feebff4bff84ffa4
fdf2fe22fe93fea3
feb3feb3feebfeeb
ff3bfeb3fe32fe42
fe9bfeb3ff0bff2b
00440004ffbcff13
0004000400140044
015500ed0074001c
01ee01ee01d6019e
02160226022e020e
020e0206021e0216
01ee01ee020e021e
01de01e601d601e6
008500ed0165019e
ff8cffbcffec0044
00b50064000cffb4
00e500fd010500e5
005c007c00b500cd
ffbc0024002c0044
fca1fcf9fe32ff2b
fc99fca9fca9fca9
fd31fcc1fc58fc68
fdf2fe52fee3fdba
fd71fd21fd19fd51
feb3fe83fdeafd92
015dffc4fec3fe72
011502d702d70246
02a7025e0287023e
01ee01ae0216026e
025601c6021e01ee
030f02f7030702ef
ff2bffd400d50246
fef3ff63ff6bff7b
fe32fdc2fe52fe72
fe9bfeabfebbfedb
ffbcff23fe8bfe62
fefbfebbff33ffbc
00e5007c004cffcc
01050145016d0155
00fd00ed00dd00c5
01de018e016d0145
022e022e021e01fe
02060216022e0226
01ee01e601fe0206
01de01e601ce01e6
006400bd01350186
0034fffcffec001c
013d012d00cd0085
0105012501350145
005c007400bd00dd
ffd40034005c0054
fcc1fd11fe52ff3b
fcb9fcc9fcb1fca9
fd21fcb1fc60fc91
fde2fe22fec3fda2
fd69fd19fd21fd8a
febbfe52fdeafd9a
0024ff03fe8bfea3
016502c702560155
028f024e0297024e
016d023602660297
01ae01ae01b6015d
027602e702f7027e
ff13fffc014d01fe
ff13ff73ff6bff63
fe62fdb2fde2fe93
fe8bfe93feb3feab
0034ff9cfed3fea3
ff94fec3ff1b004c
0186012500ad005c
01d6020e020601d6
016501750175018e
01c601860165013d
02360236020e01f6
020e021e02360226
01e601ee01f601fe
01e601de01c601de
00dd0115014d018e
0125011500e500cd
0165015d015d015d
00fd011d01450165
0064006c009d00cd
ffec00340064006c
fcc9fd29fe72ff63
fcb9fcb9fcb9fcc1
fd09fcb9fc91fcb9
fdc2fdbafe62fd79
fd71fd31fd41fdca
fe8bfe3afde2fda2
ff23febbfec3ff0b
01c6029f01e60095
01e60226024e01ae
01fe01ae01ae01e6
020e01e602760276
01be0236028f0297
fef3ffe4014501d6
ff23ff63ff94ff1b
fe93fddafd9afe4a
fe7afe62fea3fe83
0095004cff4bfeeb
002cff53ff3b00ad
01fe01b6013d00c5
01fe020e02060216
01c601de01e601de
01b601ae01b601a6
022e022e021601e6
01fe01fe021e0226
01ee01ee01e601f6
01d601c601b601d6
01650186018e01ae
018e019601860165
0186018601750186
00ed0125014d0175
00740074008500ad
fffc0054008d009d
fcd1fd39fe9bff7b
fca9fca1fcc1fcd1
fcf9fcc1fcc1fcb9
fd9afd8afe32fd82
fd8afd61fd82fdaa
fe52fe22fdeafdba
feabfe8bff0bfe8b
024e02660145ff94
019601f6020601ee
018e00dd015d01e6
02d702ef02df023e
0256025e029f024e
fefbffec014d023e
ff0bff33ff7bfedb
feabfe0afd9afe2a
fe62fe1afea3fe93
013500edfff4ff13
00ad002cff8c0095
0226020e01be013d
01fe01fe0206021e
01ce01ee01e601e6
01d601de01de01de
02260226020e01ee
01ee01ee021e022e
01f601ee01ce01de
01ce01b601b601c6
01b601be01be01c6
01a601a601b601ae
01750196019e019e
00dd0115014d015d
008d0074006c0095
000c006c00ad00b5
fcd9fd49feb3ff9c
fca1fca9fcc9fcd9
fcf1fcd1fcc1fcb9
fd71fd69fe12fd71
fdaafd82fd92fd82
fe52fe1afe0afdea
fe9bfe72fe62fe72
021e01d6009dff03
015501b60206020e
0246021e01a60135
0246024e01c601d6
02cf02af031f0226
ff0b0014023e02a7
fedbff2bff63fe93
fe72fe02fd8afe12
fe3afe1afe9bfea3
017d018600ddff63
015d00f5002c008d
02660256021e01be
01ee020e022e0256
01c601be01b601c6
01ee01de01ce01ce
023e0226021601fe
01de020602260236
01de01e601ce01ce
01ce01ae01ae01be
01d601d601ce01d6
01be01b601be01c6
017d018e01ae01b6
00b500f5013d015d
00b5006c005c007c
000c007c00d500d5
fce9fd59febbffac
fca1fcb9fcd9fce1
fcf1fce1fcc9fcb9
fd69fd82fde2fd69
fd8afd29fd49fd82
fe22fe0afde2fdaa
fe8bfe7afe62fe83
01ae00adff5bfedb
01a60236025e0236
029f02cf028f0155
02b7024601a6022e
029702af02df023e
ff330014024e0307
fec3ff03ff5bfe7a
fe3afddafda2fdfa
fe52fe32feb3fe7a
017501ee01ce0054
01fe01ae011d005c
0297029f028f0246
01e6021e0246026e
01ae01b601ae01ae
01a601c601ae01a6
02360226020601ce
01e60206021e0236
01c601c601ce01ce
01c601a6018e01a6
01ee01ee01e601d6
01b601b601ce01e6
01750196019e01a6
009d00d501050145
00bd007c00440064
0024008500ed00f5
fcf1fd51feb3ffac
fcb1fcd1fce9fcf9
fd09fcf1fcd1fcb9
fd69fd9afdc2fd69
fd79fd19fd29fd61
fdfafdfafdcafda2
fe5afe2afe32fe32
006cff7bfed3fe83
0236020e020e01c6
01de01c6028f01b6
02ff02bf026e025e
030f0337032702ff
ff5b001c010502c7
ff03ff03ff43fe7a
fe0afddafdb2fe32
fedbfe5afec3fe22
017501fe025e015d
0256020e018e008d
028f02b702cf028f
01ce0216023e025e
0196019e01a60186
014501ae01b6019e
022e021601ee0186
01f6020e0236024e
01a601be01c601de
01ce01a60186019e
01e601de01e601ee
01b601ce01e601ee
014d0165017d0196
00ad00d500e50125
00f5009d003c005c
0034008d00f5011d
fce9fd41fea3ffbc
fcb9fce9fce1fce9
fd11fce1fcd1fcb1
fd49fd71fd9afd49
fd79fd11fd11fd59
fddafdeafdcafdba
fe2afdfafe22fe1a
ffacff03feabfe52
01be01b601ee019e
01ee018601de01b6
031f023602060287
031f035703670357
ff63002400cd0256
ff5bff23ff3bfe93
fdbafdc2fd9afe83
ffbcfe62febbfde2
0186022e028f0226
0266024601de00dd
0246026e027e026e
017d01c601e6020e
0165013d01450145
016d01a601a6017d
0236020e01de0196
01fe0216024e025e
019e01b601c601e6
01ce019e0165017d
01b601ae01c601de
012d014d016d019e
009500a500d500fd
002c0024003c006c
012d00e5005c0024
0024008d00fd013d
fce1fd21fe83ffa4
fcd1fce9fcc9fce9
fd01fcd1fcc9fcb9
fd59fd69fd9afd31
fd71fcf9fcf1fd49
fddafddafdcafdb2
fe12fe02fe32fdea
ff4bfecbfe7afe22
021e01ce01650175
01fe01b6010d018e
0276024602560287
0236022601fe01de
ff84ffe40074017d
ff7bff63ff53febb
fd69fdc2fdaafed3
009dfe8bfe83fdda
016d021e02cf02a7
0226023e01e6011d
0216024602560226
0125018e01a601fe
010500e500c500dd
016d017d0165011d
0236021601d60186
020e0236024e024e
017d019601c601e6
01be01860145015d
01250165018e01ae
009500ad00ed0105
fff4001c003c006c
ff84ff8cffc4ffec
012d00ed0044ffcc
0014009501050135
fce1fd09fe5aff7b
fce1fcc9fcb9fce1
fcf1fcd9fcc9fcc9
fd71fd82fdaafd19
fd69fd01fce1fd41
fddafdc2fdc2fdaa
fe2afe42fe2afdba
fedbfe83fe22fe02
018601c601b601ae
0276024e01be011d
01c60266027e028f
01d6019e011d012d
ffbcffccfffc0115
ff63ff9cff5bfee3
fd41fda2fdf2ff03
013dfe9bfe5afdea
01d6027602e702e7
017d01d601e6018e
000c009d0145012d
feb3ff63ffcc005c
0054ff7bfebbfe32
0165016d013500c5
0246022e01f6019e
02260256025e026e
0175019601ce01ee
018e0165013d014d
007400d5015d0196
fdfafe2aff43ffdc
fe62fee3fe7afe1a
ff5bff03fe6afe22
00fd00bd003cffc4
000c009d01050125
fcd9fd01fe3aff63
fcc9fca9fca9fcc9
fce9fcd1fcc1fcc9
fd8afd9afd92fd11
fd61fd19fce1fd41
fdeafdb2fdaafd9a
fe72fe22fe12fdda
fe9bfe42fe12fe62
01c60256026e02af
02ef02cf02c7023e
01b6025e034f037f
0135014d015d0165
ffccffe4ffc400dd
ff7bffbcff0bfec3
fd39fd92fe32ff2b
019efedbfe22fdca
0236028702ef02f7
02460236022601ee
005c00e5017501fe
fe72ff2b000c005c
ffa4febbfe3afe12
018e01750054ffbc
026e025602060186
022e0266026e027e
016d019601d601f6
018e014d012d014d
ffc4ff94007c018e
fde2fdfafe72ff23
ff43ff3bfeabfe22
0095006c001cff94
012500f500bd00a5
fff400b501150135
fcd1fd09fe22ff4b
fcb1fc89fc91fcb9
fce1fcd9fcc9fcd1
fd82fda2fd82fd11
fd61fd21fcf9fd61
fdeafdbafdaafd9a
fe42fdfafdf2fdda
fe83fe83febbfee3
030f037f0347030f
0390036f030f02bf
00b501be03470398
01de017d015d0125
ffbcfff4ffa40125
ff8cffdcfed3fec3
fd49fd79fe4aff3b
01a6fef3fe02fd92
0276028f02d702ef
029f027e02560256
01f60246028702b7
004c009d011d0196
005c00340004001c
019e015d00ad006c
026e025e020e015d
023e027e029f0287
0165019601ce01fe
019e013d011d013d
0095008d0064014d
ff94ffbc001c005c
00bd004cffecffb4
010d012d01550125
012500fd00fd0115
ffec00bd010d0125
fcd9fd29fe12ff33
fcc1fc81fc70fcb9
fce9fcc1fcc1fce9
fd9afd9afd79fd19
fd49fd21fd01fd69
fdcafdb2fdaafd8a
fdfafdeafdbafdca
fe62feebff5bfebb
0398033702970297
02d702c702cf033f
01fe0216031f0337
025e024601d601d6
ffe40004ffbc017d
ff9cffbcfea3feeb
fd31fd79fe6aff3b
016dfed3fe0afd51
02af02c702ef02f7
02bf0297027e029f
02a702af02b702bf
01b60206024e0287
012d013501450175
019601b60175013d
026e025e022e0196
024e0287029f028f
0155019e01d601fe
01a60145012d0135
013d015d014d0175
011d013501550135
0165016d013d0115
0155015501650165
011500e5011d0145
001c00cd011d012d
fcf9fd51fdfaff2b
fcb1fc68fc60fcb9
fcd1fcc1fcc9fce9
fd9afdb2fd61fd09
fd39fd29fd21fd51
fdcafda2fd9afd82
fde2fdaafdaafde2
fe83ff53ff4bfe62
037702df0246024e
01ee0196022e0327
02bf0287024e022e
0256026e02060236
001c0024000c0186
ff9cff13fe5aff23
fd21fd8afecbff5b
0105fe93fe3afd49
02e702ff02ff0307
02b702af02a702cf
028f02a702b702b7
021e024e0276027e
0186019e01ae01de
01b601de01be018e
02870256022601d6
02560287029702a7
0155018e01be0206
0186013501250135
016d0186019e019e
017d015d015d0155
0155016d0175017d
015d0155014d0155
012d011d01350155
002400cd010d0125
fd29fd69fdf2ff13
fc99fc58fc70fcf9
fcd1fcc9fcd1fcd9
fdd2fdd2fd61fd11
fd59fd51fd11fd29
fdc2fd82fd9afd9a
fd9afdaafdb2fdc2
fef3ff5bfebbfdea
02ef02e702df02e7
01d601fe02df02ff
020e020e02460206
022e01fe01fe01f6
001c0034007401a6
ff7bfe7afe4aff5b
fd51fdf2fefbff6b
00d5fe72fe42fd61
02ef0307031f02ff
02b702c702c702df
025e027e029f02b7
02360246024e0256
01be01de01f6020e
01ee01fe01f601d6
0297027602460206
0246027e029f02b7
0155017d01be01fe
01650115011d013d
018e019e019e018e
016d015d0165017d
0135014d015d016d
017d01650135013d
0135015501550175
002400ad00f50135
fd31fd61fdf2ff1b
fc91fc60fca9fd31
fcd9fcd1fcc9fcc1
fe0afdaafd31fcf9
fd59fd51fd19fd21
fdbafd82fd92fd9a
fd71fda2fd92fdaa
ff53ff03fe4afdda
023e01c6027602ef
018e0206025e02df
021e0226023601d6
01ae017d018601ee
fffc000c00ad01be
ff13fe0afe72ff7b
fda2fe7aff4bffac
0095fe7afe62fd82
03070317032702e7
02bf02cf02d702f7
027602a702a702b7
02560266025e026e
0206020e02260246
0216020e021e020e
02b702970276023e
0246027e029f02bf
0155017d01be01fe
014d0125012d011d
019601ae019e017d
0155014d0165017d
016d016d0165015d
0196018e01750165
0155017501750186
002400a500f5012d
fd49fd71fdf2ff03
fc91fc60fcc9fd49
fcd9fcd9fce1fcb9
fddafd51fd19fd01
fd49fd69fd49fd51
fdbafd71fd92fd82
fd79fdb2fd92fd9a
ff73fe93fe0afdb2
021e017d01b6027e
0175009d014501c6
0266023e024e023e
018601ce02260236
ffdcffd400f501e6
febbfde2fe9bff63
fe0afecbff63ffbc
0064fe83fe5afdb2
0327032f033702d7
02cf02ef0307031f
027e0297029702a7
026e027e028f0287
0236024e024e0266
0246022e022e022e
02c702b7028f026e
02360276029f02c7
0145018601be01f6
014d014501450125
01a601ae01a6017d
01550165017d018e
019e017d01650165
01ae01b601be01b6
015d017d019e01b6
000c009d00ed013d
fd8afd9afe02ff03
fc91fc60fcc9fd61
fcd9fce9fcd1fcb1
fd9afd21fd11fd09
fd79fd61fd41fd92
fda2fd79fd82fd92
fd9afdb2fd8afd79
ff5bff03fe2afd92
01b6020e022e0256
022e013500bd010d
01e6021602a702a7
019e01650206024e
0014000c011501ee
fe93fe1afebbff53
fe4afef3ff5bffb4
0004feabfe42fdc2
032f032f033f02bf
02df0307031f032f
027e02a702a702b7
026e026e02760287
023e024e025e026e
025e02360236022e
02cf02bf0297027e
0226027602bf02df
0155017d01b601ee
015d01650165013d
019e01a6019e0175
019e01a6019e0196
01be01ae01ae01a6
01ce01d601de01d6
016d017d019601be
fff4009d010d014d
fdbafdcafe22feeb
fc89fc60fcc1fd82
fce9fce1fcb9fcb1
fd49fd09fd11fcf9
fd82fd61fd59fd82
fd79fd71fd79fd79
fdbafdc2fda2fd69
fef3fe62fe32fdb2
01be02260246027e
02df028f01fe0196
0236027602d702a7
0246022e0276026e
004c003401be0266
fe3afe2afeb3ff1b
fe4afed3ff33ff7b
ffbcfecbfe3afda2
0327032f034702a7
02f703170337033f
029f02a702b702d7
026e0276027e028f
0236023e025e026e
026e023e0236022e
02ef02bf02af0297
0226025e02bf02ef
015d017d01b601fe
0165017d016d014d
019e019e019e0175
01c601be01a6019e
01b601c601ce01be
01ce01c601d601de
0186018e019601b6
ffe400a5011d014d
fe22fe22fe42feeb
fc81fc58fcd1fdba
fcf1fcd9fcb1fcb9
fd39fd21fd11fcf1
fd69fd61fd61fd71
fd69fd8afda2fd61
fddafdcafd9afd59
fe62fdeafda2fd9a
025e022e0246027e
0367031f030702b7
02c7027e023e02e7
02bf02d702d702af
003c009d0206029f
fdf2fe6afebbff03
fe32fedbff3bff03
ffb4fee3fe52fdaa
032f033f03470297
02ef031703370337
029f02b702cf02df
026e0287028f029f
021e022e02460256
027e0246023e0226
02e702c702c702a7
0246027e02af02df
016d019601be01f6
017d018601650155
01be01a601960175
01d601ce01be01be
01de01de01d601ce
01d601ce01ce01de
018601a6019e01b6
ffd40095011d014d
fe9bfe6afe52feeb
fc81fc50fcd9fe12
fcf1fcc9fcb9fcb1
fd41fd31fd09fd01
fd71fd59fd59fd79
fd59fd8afd79fd49
fdcafd9afd82fd51
fe22fdeafd9afdaa
029f02160216027e
0357032f03470327
02a70287028702df
028f02a702df02c7
ffe4008d02160297
fde2fe93ff0bfecb
fe62fefbff5bfe8b
ffa4fed3fe5afdc2
034f034f032f025e
02ef030f032f033f
02af02c702d702d7
026e027e028f02a7
022e02260246024e
0276024e023e020e
02cf02d702df02bf
0246028702b702bf
017d01a601d601f6
01750165015d0165
01c601b6019e018e
01d601c601ce01d6
01f601e601e601de
01de01de01de01e6
015d019601b601d6
ffbc007c0105013d
fec3fe93fe6afedb
fc78fc58fc99fdfa
fcf1fcc9fcb9fc91
fd51fd11fd09fd09
fd71fd69fd8afd8a
fd59fd79fd71fd71
fdc2fd79fd69fd49
fe83fe02fd9afdc2
0297021e01f601de
023e0276027602b7
023e026e0256023e
01c60206023601f6
ffa4003c017501ae
fdeafe62ff53febb
fe9bff13ff53fdfa
ff73fefbfe42fe02
033f0347033701ee
02f7031f03370337
02af02d702cf02c7
025e02560287029f
0236023602460246
027e02460236021e
02c702df02df02d7
0246027602bf02cf
0165019e01ee0216
01550155015d0175
01d601b6018e016d
01de01c601be01d6
01d601ce01de01d6
01d601de01e601ee
015d016501a601ce
ffac005c00dd0135
fe42fe72fe62fedb
fc78fc58fc48fd11
fce9fcc1fca1fc70
fd49fd11fd01fd01
fdaafdaafda2fd8a
fd51fd69fd69fd8a
fdbafd79fd61fd49
fe3afdfafdfafe0a
01ae01f6021601f6
022e01e6019e017d
01d60266022601de
0165017501450135
ff5b002c01350135
fe2afe0afed3fedb
fec3ff3bff23fdea
ff4bff03fe3afe32
03470347032f018e
0317032f0337033f
02c702d702df02f7
025e026e028f02b7
022e023e022e023e
026e024e02360236
02df02d702cf02a7
023e027e02cf02e7
017d01c601fe020e
011501350155016d
01d601a6015d00fd
01e601b601ce01de
01d601de01e601ee
01d601e601f601f6
015d0165019e01c6
ff94003c00bd012d
fd39fe1afe5afed3
fc60fc50fc28fc58
fcd9fcc1fc99fc68
fd31fd09fd09fcf9
fdc2fdbafda2fd82
fd69fd82fd82fd9a
fdaafd82fd59fd51
fe0afe1afe42fe02
024e020e021601e6
0206026e025e024e
017501750186018e
01ce01a60175011d
ff23ffb400ad0186
fe6afe1afe3aff0b
ff03ff8cfee3fe1a
ff33ff0bfe93fe9b
034703470317014d
03270337033f0347
02c702d702e7030f
026e028f029702a7
022e023e0236024e
021e02360236022e
02e702c7029f0256
0236027602af02d7
01ae01d601f60206
00fd012d01450186
01c6017500bd009d
01f601de01f601e6
01e6020601ee0206
01de01ee01f601e6
014d0175019e01ce
ff8c002c00a50115
fca9fdb2fe42fedb
fc50fc48fc20fc30
fcc1fca9fc91fc60
fd19fd19fd09fce9
fddafdb2fda2fd39
fd79fd82fd9afdf2
fd9afd49fd49fd51
fe4afe7afe42fe1a
01f6013d01ae0206
0196021e0216024e
0206018601b6017d
01be027e02660256
ff03ff840024015d
fe62fe52fe52fe7a
ff5bff9cfeb3fe42
ff2bff13fee3ff0b
0357034f02ff0105
0327033703470357
02b702cf02e70317
027e0297029f0297
022e0246024e025e
01d601de0216021e
02cf02b7029f024e
022e0266029f02bf
01d601ce01de0206
0135014d015d01a6
01a600b5003400ed
01ee01ee01f601de
01f6020601fe020e
01a601b601ee01e6
010d0165018e01b6
ff9c0024008500e5
fc70fd61fe32fee3
fc58fc48fc30fc30
fcb1fc99fc68fc48
fd41fd31fd01fcd1
fdc2fda2fd51fd19
fd92fda2fdf2fe0a
fdc2fd71fd51fd61
fe52feabfe4afe0a
019600dd00b500cd
02060226020601de
020601a6011d0115
01ee025e01c60175
feabff33ff8400fd
fe4afe93fecbfe83
ffb4ff53fec3fe52
ff63ff4bff2bff43
035f035702e700d5
0327032f032f034f
02bf02cf02f7030f
027e02a7029f02af
02160226024e024e
022e018e01b60206
02cf02af02af0297
0246027602af02d7
01e601e601d601fe
015d0175017d01ae
00edfff400dd015d
01f601ee01e601ae
02060206020601fe
017d019601d601ee
010501550186019e
ff8c000c005c00b5
fc58fd29fe22fee3
fc60fc58fc58fc40
fcb9fc81fc48fc40
fd49fd29fce9fcc1
fd69fd49fd39fd41
fdbafde2fe0afdca
fd82fd69fd82fdb2
fe5afe52fddafda2
025601fe015500dd
016501b601f6025e
01ee020601d60196
0175026601de01ae
fe93feebfebbffa4
fe32fe93fee3feb3
ffacff1bfef3fe42
ff8cff94ff5bff63
0367034f02bf0095
0327031f0337035f
02cf02df02ff0317
026e029702a702bf
01f6021e022e0236
029f01ce016501c6
02f702cf02c702c7
0276027602a702df
01d601ee01f60236
018e0186019601a6
001c002c014d018e
020601fe01d6013d
01de01ee020601fe
01a601c601ce01de
00dd0125017d0196
ff9c00040034006c
fc58fd01fe0afed3
fc60fc60fc78fc50
fca1fc60fc48fc40
fd49fd29fce1fcc9
fd51fd51fd71fd69
fdeafe02fdcafd69
fd71fdbafdc2fdca
fe62fe1afd8afd59
016501e601de017d
0206020601fe01f6
021e020601e601fe
000c018e024e0226
fec3007400bdff73
fe4afea3febbfeb3
ff53ff1bff33fe72
ff8cff9cff6bff8c
0357034f02970044
031f031f0337034f
02df02e702ff0317
026e029702b702c7
01d601f60216023e
02cf023e01750186
030f030702f702e7
029f02af02bf02f7
01c601d601ee024e
018e0196019e019e
fff4009d01650186
021e0206019e00c5
01e601fe02060206
017d019e01ce01e6
00cd00f5014d0175
ff8cfffc0034006c
fc58fcd1fddafebb
fc58fc70fc78fc68
fc91fc58fc38fc38
fd59fd19fce1fcb9
fd69fd9afd8afd71
fdf2fdd2fd9afd61
fddafe12fe0afe2a
fe62fdf2fd69fd82
013501b601d601c6
02460236024601a6
01f6020e0216025e
001c004400ad0145
ff13003c01550145
fe6afebbfecbfeb3
fee3ff43ff2bfe9b
ff9cff8cff53ff4b
035703470297003c
0327032f03370347
02df02e702f70317
0256027602af02cf
019601d60206022e
02ff028f01d60165
031f032f030f02f7
029f02b702c702ef
01a601c601ee0246
01860196019601a6
003400ad0175018e
023601fe017500bd
01f60206021e022e
0186019601be01e6
00bd00dd012d0165
ff8cfffc002c006c
fc50fcb1fdbafea3
fc58fc78fc78fc68
fc89fc58fc38fc40
fd41fcf1fcd9fcb1
fdd2fddafdc2fda2
fde2fdbafd71fd79
fe1afe72fe4afe02
fec3fe0afdc2fdea
01e601f601e60186
0206020e023e01f6
01a601be0256025e
01ee010d01be0175
ff73003c00b5021e
fe93ff03ff33feeb
febbff53ff13feab
ffa4ff63ff1bfea3
0347032f024e002c
0327032f0337034f
02d702df02ff030f
023e027602a702c7
014d019e01e6020e
032702a7021e018e
031f031f03070317
029f02b702d702f7
01a601d602060246
0175017d0175017d
008500b501550186
022601f6017d0105
01fe0216022e0226
0175019e01ae01ce
009d00cd01050145
ff840004002c0054
fc48fc99fda2fe83
fc60fc89fc81fc70
fc81fc50fc38fc40
fd11fcf9fcc9fca1
fe0afdf2fdbafd71
fdd2fd8afd92fdca
fef3fee3fe1afdfa
febbfe0afddafe2a
01c6022602060206
01ae019e01ae01de
026601de01de01c6
02af028f029f02a7
ff33002c0095015d
fedbffc4ff8cff1b
feebff73ff1bfecb
ff94ff43ff0bfe83
034f032701d6ffe4
032703270337034f
02cf02ef0307031f
0226026e029702bf
0175016d01b601e6
030f028f023e01f6
02df02af02e70317
027e02a702ef030f
017d01c601ee022e
0175014d010d012d
00e500cd010d015d
022601ee019e0145
01e6020e021e022e
015d018e018e01ae
007400ad00dd012d
ff6b000400340044
fc58fc78fd79fe52
fc58fc91fc89fc70
fc70fc50fc38fc48
fd11fd11fcd1fc99
fe1afdc2fd82fd61
fda2fd9afdeafe0a
ff1bfe4afe22fde2
fe83fdeafe12ff2b
01a6017501be01f6
01b601ae01a601be
02bf01ee01960186
025e035f02b702ff
ff73ffb4008500d5
fedb000cffdcff3b
ff3bffa4ff1bfed3
ff84ff4bfef3fecb
033f03170165ff9c
03170327033f0357
02c702ef0307031f
02060246028702b7
01ce0175018601be
02b7026e024e0236
023e01ce023e02c7
026602af02df02bf
0125017501d6021e
015d00c5009500c5
011500dd00e50145
022601f601ae015d
01e6020e02260226
014d0186019e01c6
0054009500d5011d
ff43fffc0034002c
fc60fc68fd49fe22
fc60fc91fc91fc78
fc60fc60fc48fc50
fd39fd21fcd1fc99
fdfafd9afd92fd61
fddafe02fe12fe32
fe52fe52fe22fdca
fe5afe22feabfeab
018e016d018e01ae
019e01b601ee01a6
0307024e020601ae
00e502e7033f037f
009500dd005c0034
fecbffa4ffb4ffdc
ff6bffacff0bfed3
ff6bff23fefbff13
033f02d700b5ff73
0317032f0337033f
02cf02cf02df030f
01ee0236028702b7
022e01d601860196
027e0266025e0256
0256022e024e0297
024e027e02760266
010d016501b6020e
00fd00bd00a500b5
012500fd010d010d
01f601de01a6015d
01de0206021e0216
0135017d019e01b6
003c005c00a500f5
fefbffe4003c0044
fc70fc68fd11fdf2
fc60fc91fca1fc89
fc68fc70fc50fc50
fd51fd09fcb1fc89
fdd2fdaafd9afd61
fe8bfe6afe32fe0a
feb3feabfea3fe52
fe72febbfe93fe9b
0196016d015d0165
01ee01b601fe01b6
02d7028f0287023e
002c00bd023e0357
0216021e01350054
fedbff53ff9c0085
ffb4ffc4ff2bfef3
ff4bff23fee3ff53
033702460014ff5b
030f031703270337
02cf02df02df02ef
01b601fe0256029f
025e021e01de019e
028702760266026e
026e0266027e029f
01e602260256026e
0135018e01f601fe
010500dd00e500fd
012d011d012d012d
01c601be017d013d
01b601ee01ee01d6
011d015d01860196
003c004c006400bd
feabffbc0034005c
fc81fc68fcd9fdca
fc68fc99fcb1fc99
fc70fc70fc68fc68
fd61fcf1fcb9fc91
fddafdcafdb2fd92
ff33fea3fe32fdd2
ff94ff5bfecbff2b
ff3bfef3ff0bff84
01c601a6016d0155
024e01e601de01be
020602df02f70236
012d008d00cd0155
027e0297019e015d
fecbff3bffa400bd
ffdcffc4ff23fecb
ff33ff3bfedbff63
031f013dff9cff2b
031f032f032f0337
029f02d702ef02f7
01d601b601fe025e
0266023e02160206
02870287028f027e
0276027e027e028f
01ce022e025e0276
014d019e01fe01d6
010d00fd01050115
011500ed0105012d
019e018e0145011d
01c601ce01ae018e
00e50125016d01a6
006c005c004c0085
fe5aff6b001c0074
fc91fc70fca1fd92
fc68fc99fcc9fcb1
fc81fc78fc78fc70
fd49fce9fcd1fca9
fde2fdf2fdcafdc2
feabfe52fe0afde2
fff4ff63ffa4ff63
ff94ffac002c0034
019e019601ae01f6
02e7029702c70266
01ee024e027602a7
01f6013d00fd011d
02d702ff02d7024e
feb3ff3bffdc013d
ffccff94ff33feb3
ff33ff43ff03ff8c
02a70024ff53ff1b
0337032f03370337
027602b702e7030f
022e01e601ae0226
0256023e023e024e
0287029702af0297
026e0276027e028f
01b6021e0266028f
016501ae01fe01be
012d011d011d0135
00f500e501050125
016d015d012500f5
01a601960175015d
00e50105014d0186
007c007c008d00b5
fe2afef3ffec0064
fc99fc81fc89fd51
fc70fc99fcd1fcd9
fca1fc91fc89fc78
fd51fd01fcd9fcc9
fe0afdf2fdfafdda
fe5afe3afdf2fe0a
ffe4ff94fed3fe6a
004c003c0054fff4
017d01d601f6022e
029f02c70317023e
024e034702c70266
020e010d00d50165
02b7033f0367033f
feabff0bffec017d
ffccff7bfefbfedb
ff43ff63ff3bffa4
018eff5bff2bfefb
0327031703470337
027e02af02e70317
0246021e01e6021e
026e023e024e025e
02a702bf02cf02c7
026e027e028702af
01a6020e02760287
01a601de01fe01be
012d010d01250165
00ad00cd00f50115
015d014d00fd00bd
0186017501550145
00fd0135015d017d
0074008d00a500c5
fde2fe93ffa4002c
fca9fc89fc81fce1
fc89fca9fce1fce9
fcd9fcb1fc99fca1
fd59fce9fcf1fce1
fe32fe3afe1afdd2
fe52fe0afe02fe22
ff43fe83fe6afe5a
0044000cffdcffac
0236021601f601f6
034f032f02f7026e
02d7034f03b80377
0317023e00f501ee
0276036f03e0036f
fec3fedbffe4014d
ff94ff94fee3fefb
ff23ff43ff4bff63
001cff03ff4bff1b
031f0347035f02c7
028702bf02f70307
0266023e020e0236
01e601ce0206023e
02d702f702ef0297
0287029f02a702c7
01ce022e02870287
01a601ee01e601be
012501250145016d
006400a500d500fd
0165013500a50034
019e0186013d014d
00fd015d017d019e
0054007c00a500c5
fd92fe5aff23fff4
fcc9fca1fc78fc91
fc91fca9fce9fd09
fcf9fcc9fc99fcb9
fd41fcf9fd01fd01
fe6afe4afe22fdca
fe5afe0afe1afe62
fe72fe62fe83feb3
0014ff9cff94ff13
02660246021e020e
0367036f034f02cf
0357035703880357
035f0367022601d6
02b7035703c80367
febbfee3ffa400ed
ff94ff73feebfedb
ff2bff33ff53ff6b
ff13fef3ff43ff13
0337035703370155
029f02df03070317
024e025602360256
014d0125015501f6
02e702f702760196
028702b702c702cf
0216025e027e027e
018601d6020e01fe
011d013d013d014d
ffdc006c00c500f5
017501150044ffa4
01c601ae016d016d
00fd0145018601be
0034007c00b500d5
fd21fe22fe9bff8c
fce9fcb9fc91fc81
fc99fca1fce9fd09
fd19fcd1fc99fcb1
fd39fd01fd19fd19
fe93fe32fe3afdd2
fe12fdfafe62fe93
fe8bfe93ff13feeb
ff73ff6bff2bfeab
034f032f0297022e
03070337037f035f
031f03a803900347
03370390034702a7
01e602e7037f0388
febbfedbff53004c
ff8cff43feebfed3
ff2bff4bff73ff84
fea3fef3ff43fef3
034703470266ff7b
02a702ef0317032f
0226024602460266
0206019e017501d6
027e021601b60206
026e027e027e027e
02260236023e025e
0115015d01be021e
008d00d500fd00fd
ffd4ff8c0004004c
017d012d00cd0074
01ce01c601ae0196
00f5012d016d01be
ffd4005c00ad00cd
fcb9fdbafe6aff03
fd09fcd9fca9fc89
fc99fc89fce1fd09
fd21fce1fca1fcc1
fd39fcf9fd41fd31
fe5afe5afe42fde2
fe0afe3afeb3fecb
fecbff63ff4bfe72
ff2bff7bfef3fecb
0388037f034702ff
02f702bf031f0377
031f030f02b702c7
02ff034703980377
016d02d7035f032f
fec3fefbff33ffd4
ff73ff43ff13febb
ff13ff3bff73ff7b
fe8bff13ff4bff03
034702f700a5fe93
02bf02ff0327033f
02260256026e027e
0246020601d601fe
0246021e025e027e
025e024602360236
01e6021e022e025e
00dd0105012d01ae
ffec0034009d00cd
008dffbcff8cffb4
017d013d010d00ed
01ce01de01ce01ae
00cd011d013d019e
ff530004007400a5
fc89fd29fe22fe9b
fd21fcf1fcd1fc99
fca1fc81fcd1fd09
fd09fcf1fcb9fcc9
fd29fd11fd69fd41
fe52fe6afe22fdda
fe1afe8bfea3fea3
ff4bff8cfeb3fe0a
ff63ff2bfed3fed3
03b803b803b00388
02b70216028f0377
031f02f703070327
03b003a803b8037f
00b502d7036f03b0
fed3ff0bff2bff6b
ff7bff3bff13fea3
ff2bff33ff73ff6b
feabff4bff53ff13
032f01c6fef3fe62
02cf030703370347
023602660297029f
0276024e021e0216
027e02a702d702af
01b601f60236026e
01a601ce01be01be
002c00b500f50165
ffe4ffe4ffecfff4
00cd0054fff4ffec
0165013d011500fd
01b601ce01ce01ae
00c501150135017d
fed3ff84002c007c
fc89fcc9fda2fe72
fd21fd09fce9fcb1
fcb1fc91fcc1fd01
fd09fd01fcc1fcd9
fd41fd21fd82fd41
fe4afe4afe02fde2
fe52fe83fe7afe83
ff6bff2bfe1afdf2
ff63fed3feabff0b
03b803c803e803d8
039802ff02a7031f
03a003a003a003b0
03e003e803d003a8
00240236034f03b0
fee3ff13ff2bff7b
ff63ff5bff33feb3
ff23ff43ff53ff6b
feebff8cff63ff13
0266ffbcfe62fe6a
02e70317033f033f
0246026e02af02c7
02af02970266023e
02e702ff02e702cf
022e026e029702b7
013d017501be01f6
0074008d00d5010d
003c009d00d5009d
00dd00a5005c0024
015d012500f500ed
018601ae01ce01ae
009d00f5012d015d
fe8bfeebff9c0034
fc91fc99fd09fe12
fd29fd21fce9fcd9
fcb9fc99fcb1fd09
fd11fd11fcd1fcd9
fd71fd39fd92fd59
fe32fe3afdf2fdfa
fe5afe6afe8bfe72
ff53fe83fddafe1a
ff1bfed3ff03fef3
02df0367039803a0
03a00388031702cf
03d0037f03a00377
03c803d803b803a8
ffdc017d033f033f
fedbff1bff43ff7b
ff4bff4bff2bfecb
ff23ff33ff1bff4b
ff2bffa4ff3bfee3
0064fea3fe5afe72
02f70317033702cf
025e027e02af02d7
02bf02b702870266
02ff02ef02cf02c7
029702af02cf02f7
01de021e0246026e
01750175018601a6
006c00d50135014d
00e500bd0085004c
015d010500e500ed
0165018e01ae0196
004400b50105013d
fe42fe93ff03ffbc
fcb1fc91fcc1fd61
fd31fd31fd01fce1
fca9fca1fca1fcf9
fd09fd01fd01fce9
fd59fd31fda2fd69
fe12fe22fdfafdda
fe7afe83fe72fe32
ff0bfe2afe32fe52
ff2bff23fee3ff43
02f702f702d70256
032f036703a00307
03c8033f0337033f
0347039003c003b0
ff8c006402c70347
fed3ff13ff5bff5b
ff5bff3bff2bfedb
ff33ff13ff0bff0b
ff53ff9cff03fec3
fec3fe83fe52fe8b
02ff030f02f7011d
0276028f02a702d7
02d702c702970276
030f02e702df02cf
02b702d702ff0317
01fe0236025e028f
019e01b601ce01de
009d00dd012d0155
00dd00c500a50085
015d010500cd00d5
01450165016d0175
ffcc004c00b5010d
fdb2fe72feabff23
fcd9fca1fcb1fce1
fd19fd31fd29fcf1
fcb1fca9fca1fcd9
fd19fcf1fd19fce9
fd79fd39fdb2fd8a
fe02fe12fdeafdda
fe83fe72fe4afdf2
fe83fe22fe52fe9b
fedbfeb3ff23ff53
030702df02f7028f
02f7030702df031f
03c00357030702cf
029f03b003d003e0
ff7bffdc01e6024e
fed3ff1bff63ff4b
ff33ff5bff5bff0b
ff1bff0bfefbfebb
ff8cff73fee3fed3
fe6afe7afe5afebb
02f702df0175fecb
029702b702bf02e7
02e702d702a7028f
02f702df02d702d7
02c702e703070307
0216023e024e0287
019e01de01fe0206
00bd00e5011d014d
00c500b500bd00c5
0145010500bd00b5
00f5012d014d015d
ff2bffc4003c009d
fd21fe0afe93fec3
fcf1fcb1fcb9fcc9
fd11fd29fd41fd09
fcc1fcc1fcb1fcc9
fd11fce1fd19fd01
fd71fd29fdc2fdaa
fe12fe32fe02fdf2
fe5afe5afe2afde2
fe22fe4afe7afe83
fe9bfeabff43fefb
02e702bf02e7031f
039802ef02df02c7
039802b703170390
0226034f0307035f
ff63ff8c00dd01ce
fefbff13ff53ff6b
ff0bff63ff43ff13
ff23ff23fee3feab
ff9cff5bfeb3fee3
fe6afe6afe5afed3
02e701b6feebfe22
02b702bf02e702ff
02df02d702b702af
02d702d702d702d7
02cf02df02e702d7
022e025e027e02a7
019e01be01e601fe
00d5010d0135015d
00bd00c500dd00d5
013d011500c500a5
009500dd01150125
feb3ff23ffbc002c
fd01fd92fe4afeab
fd11fcd9fcb9fce1
fd11fd31fd51fd39
fcc9fcc9fcc9fcc9
fcf1fcc1fd09fd09
fd82fd51fdbafd92
fe02fe52fe1afdea
fe4afe83fe1afdd2
fe32fe83fe93fe52
fe7afef3ff1bfe62
02cf02df02ef031f
031f02ff030702a7
02bf02af0327037f
022e028702f702f7
ff5bff84000c01a6
ff03ff13ff33ff7b
feebff5bff63ff1b
ff1bff33fef3feab
ff94ff03fe83fedb
fe72fe5afe52fefb
01b6ff03fdcafe32
02d702cf02e702f7
02d702d702cf02e7
02bf02d702e702e7
02bf02b702bf02b7
021e024e02760297
01b601ae01c601ee
00f5011d015d018e
00ad00cd00dd00ed
00fd010500d500a5
002c007c00b500dd
fe93febbff2bffc4
fd19fd71fde2fe62
fd29fcf9fcd1fce9
fd01fd31fd51fd69
fce1fcd9fcd1fcd1
fce1fcb9fd01fd11
fda2fd61fdcafda2
fe0afe42fdfafdda
fe42fe9bfe1afde2
fe83feb3fe5afe12
fe93ff13fe8bfe12
0327033702ef0307
02ff037702f7031f
0276036703670398
025e02b702e70206
ff84ff73ffa4010d
ff23ff03ff13ff6b
fef3ff2bff73ff5b
ff03ff23fef3fee3
ff73fe93fe7afeeb
fe7afe52fe6aff1b
fedbfdbafdc2fe5a
02f702d702bf0186
02cf02df02ef02ff
02bf02df02ef02e7
0287029702af02bf
021e0236025e0276
01a601b601c601f6
0115011d0145016d
009500bd00dd010d
00ad00cd00cd00b5
ffb4001c006c007c
fe72fe9bfebbff33
fd01fd49fdcafe22
fd59fd21fcf9fce9
fd01fd39fd61fd79
fce9fcd9fce9fce1
fce1fcb9fcf1fd31
fdc2fd92fdd2fda2
fdf2fe22fdeafdb2
fe6afe9bfe3afe0a
feabfeabfe1afe0a
ff03fecbfe2afe3a
02ef02df031f0327
038803c803370317
026e02cf0287034f
027e02df037702cf
ff7bff5bff6b0085
ff43ff23ff23ff5b
ff13fef3ff3bff4b
fedbff23ff0bfef3
ff4bfe5afe93fedb
fe83fe52fe7aff43
fdaafdb2fdf2fe62
02ef02a7010dfe6a
02f702f702f702ff
02df02f702ef02e7
0276029702a702c7
0206022602460266
01a601be01d601e6
0135013d01450186
009d00b500e5011d
006c009d00bd00bd
ff33ffb40004002c
fe4afe83fe93fec3
fd01fd21fdb2fe22
fd71fd31fd21fcf9
fd01fd29fd51fd79
fcf9fce1fcf9fcf1
fd01fcd1fcf1fd41
fdcafdc2fddafdaa
fdeafe22fde2fdaa
fe9bfeb3fe32fde2
feb3fe3afe02fe32
fefbfe72fe22fe83
0236028f03670388
02c70357035702df
02c702f702cf02e7
01b6027e036703b0
ff6bff4bff630044
ff23ff7bff53ff53
ff23fee3fef3ff3b
fec3ff03ff2bfefb
fef3fe2afe93fec3
fe62fe42fea3ff53
fd9afdaafdf2fe6a
02760095fe22fd61
02ff02f702ef02df
02e702f702ef02f7
027e028702a702c7
01fe0226024e026e
01b601c601d601de
014d016501750196
00ad00b500dd010d
0024005c008d00b5
fecbff2bff9cffdc
fe83fe83fe83fea3
fd11fd19fd69fe42
fd8afd39fd29fd09
fd01fd21fd39fd71
fd09fce1fd01fcf9
fd09fcc9fce9fd39
fdc2fdbafddafdba
fe0afdfafdeafdca
febbfee3fe1afde2
fe83fe1afdfafe42
fe6afe32fe12fe83
01ae02a7038803a8
024e01b6015d018e
034f030702ef034f
004401de02f70347
ff53ff53ff7bffdc
fed3ff53ff73ff63
ff0bfedbfeabff1b
fec3ff0bff33fefb
fe8bfdfafe93fea3
fe4afe42fec3ff5b
fdbafdc2fe02fe7a
001cfdeafd49fd8a
02ff02ff02df0236
02ef02ef02df02ef
027e028f02a702cf
02060226025e026e
019e01ce01de01ee
013d016501750175
009d00ad00bd00f5
ffd4fffc004c0085
feb3fed3ff23ff94
fedbfedbfeabfea3
fd21fd19fd21fde2
fd8afd61fd29fd21
fcf1fcf9fd29fd69
fd11fce9fd11fd01
fd09fcc9fcf9fd31
fde2fdbafdbafda2
fdfafdeafdf2fdf2
feebfed3fe02fdda
fe62fe22fe0afe7a
fe4afdfafe2afe7a
0246037f03c8037f
029f0206014d018e
033f037f0390033f
ffcc013d026e030f
ff3bff4bff94ffac
fef3ff03ff4bff33
fef3fed3fe9bfef3
febbfefbff43fefb
fe4afdfafe83fe5a
fe3afe42feebff53
fdd2fdf2fe2afe72
fdd2fd51fd59fdca
02ff02f7022effbc
02ef02f702ef02f7
028f028702a702c7
01fe01fe024e027e
019601c601de01fe
01050135016d0175
007c00b500bd00e5
ff84ffa4ffec0044
fefbfee3feebff33
fe7aff43ff2bfefb
fd31fd21fd21fd59
fd92fd92fd49fd29
fcf9fd01fd21fd59
fd19fcf9fd11fd09
fd11fce9fd09fd41
fdeafdc2fdaafd92
fdf2fdfafe02fdfa
ff1bfec3fdeafdca
fe3afe02fe3afe6a
fe3afdfafe52fe83
029f039803b80390
030f02c7022e01e6
033f036703570337
ff8c00a501fe02df
ff1bff63ff9cff73
feabfe83ff2bff03
fef3febbfebbfeb3
fe8bfefbff2bff43
fe1afdeafe3afe42
fe22fe5aff2bff53
fdf2fe0afe6afe83
fd51fd49fdbafdf2
02ff0216ff63fdb2
02e702ff02ff0307
028f028702af02c7
01fe022602460266
018e01be01de01f6
0115013d0155016d
004400a500ad00cd
ff2bff6bff8cffe4
ff6bff43ff1bff0b
fdb2fed3ff7bff8c
fd39fd21fd29fd19
fd9afdb2fd61fd51
fd09fd19fd21fd69
fd31fd01fd31fd19
fd19fd01fd19fd49
fdeafd92fda2fd92
fdf2fe2afe0afe02
ff0bfe7afddafdc2
fdf2fdf2fe4afe62
fe0afe12fe9bfe62
037f03d003b00388
037f02e702ff0317
0357037f03a003c0
ff0bfffc01a602af
ff0bff73ffbcff53
fe9bfe6aff1bff0b
ff1bfeebfebbfea3
fe52ff03ff0bff63
fe1afda2fe02fe62
fe0afe93ff7bff33
fe22fe1afe83fe5a
fd51fd71fdfafe02
0216ff4bfda2fd71
0307030f031702ff
026e029f02cf02ef
01f6020e0236023e
019601ce01e601ee
01150145015d017d
ffe4007400a500c5
ff33ff33ff53ff8c
ffecffc4ff9cff63
fd39fe22ff13ffac
fd41fd11fd21fd21
fda2fdcafdaafd61
fd21fd19fd39fd69
fd39fd11fd31fd41
fd29fd09fd29fd49
fdd2fd69fd71fd9a
fde2fe32fe2afe0a
ff2bfe42fdd2fdea
fdfafe22fe62feab
fddafe3afe8bfe42
03d003b803c803e0
03c003a8037f03d8
031f036f038803c0
febbff9c00f5024e
fefbff6bffc4ff6b
fea3fe8bff23ff1b
ff53ff3bfeebfebb
fe32fecbff2bff5b
fe6afd9afdcafe4a
fe32fef3ffbcff13
fe42fe22feabfe42
fd59fddafe02fe12
ff1bfd71fd71fd51
030f031702ef01c6
026602af02d702ef
01de01ee0226023e
018e01c601de01de
00c5013d01750186
ff9400040074008d
ffb4ff94ff6bff6b
fffc0024001cfff4
fd11fd61fe62ff6b
fd69fd19fd09fd11
fd9afdd2fdcafd82
fd31fd21fd31fd59
fd51fd09fd31fd61
fd31fd09fd29fd59
fdb2fd69fd59fdb2
fddafe32fe52fe22
ff23fe2afdcafdd2
fe32fe52fe93feeb
fdd2fe52fe6afe42
03d0037f039803c8
03c003d803e003e0
0297035703a80398
fecbff2b002c019e
fee3ff5bffc4ff73
fe9bfeabff33ff13
ff6bff6bff2bfec3
fe2afe5afefbff3b
fe72fdb2fdaafe12
fe72ff53ffccff13
fe52fe52feabfe42
fdb2fe0afdfafe3a
fd39fd41fd79fd41
02e702bf0155feb3
0276029702cf02df
01de020602260246
018e01b601d601d6
00b501050155017d
ffa4ffbc00240074
0044001cfff4ffcc
ffbc002400640064
fd11fd21fd59fe93
fd82fd39fd11fd09
fd92fdeafdfafda2
fd41fd21fd39fd59
fd69fd21fd41fd71
fd49fd11fd39fd69
fda2fd69fd69fdda
fe12fe62fe62fe1a
fea3fddafddafdd2
fe2afe3afe8bff03
fdbafe5afe5afe62
03d803e803e003d8
03b00388037703c0
01fe02d7038803b8
fe9bfecbff9c00ed
febbff53ffb4ff33
feb3fec3ff3bff23
ff6bff5bff63feeb
fe2afe1afe9bff0b
fe62fdeafda2fdfa
febbffacff9cfedb
fe72fe7afe9bfe52
fdeafe02fe02fe5a
fd01fd59fd61fd92
02260085fe4afd41
027602b702cf02b7
01de01fe021e0246
018e01ae01b601c6
008500c50115016d
004c003c0034004c
00a50095007c0064
fe930004006c0095
fd09fd21fcf9fd41
fdaafd79fd19fd09
fd82fddafe0afdca
fd51fd41fd39fd61
fd79fd41fd51fd61
fd49fd21fd59fd61
fd8afd51fd69fde2
fe32fe62fe8bfe2a
fe52fdb2fdf2fe0a
fdf2fe2afe9bfeeb
fdaafe72fe6afe72
03b803c003d003f0
037f036f033f03a0
016d025e031f037f
fe6afea3ff5b006c
feebff33ff2bfee3
fee3fee3ff4bff13
ff43ff4bff5bff13
fe22fe1afe2afea3
fe9bfdfafdb2fde2
ff2bffccff6bfef3
fe8bfe93feb3fe8b
fdeafdf2fe2afe83
fd51fd61fd71fdba
ff03fd9afd29fd09
02560266021600fd
01c601e6020e0236
015d0175019601ae
009d009500cd012d
00cd00cd00cd00bd
00b500b500cd00dd
fd19fe72000c00ad
fd11fd31fd09fce9
fdcafdb2fd31fd01
fd61fdb2fe02fdea
fd61fd49fd49fd61
fd69fd59fd71fd71
fd61fd51fd61fd51
fd71fd59fd79fe02
fe62fe62fe8bfe2a
fe32fdb2fe12fe2a
fdfafe32fe83fe8b
fdaafe6afe7afe52
03a803c803f003f8
034f037f03b803e0
00ed022602df031f
fe32fe7aff2bffd4
ff1bfefbfea3fe7a
ff0bff13ff5bff13
fef3ff43ff33ff33
fe1afe32fdfafe62
fe9bfe2afdd2fdba
ff7bff9cff33ff1b
fe8bfebbfee3fec3
fdcafde2fe52fe8b
fd79fd69fd71fd8a
fd29fd11fcf1fd41
0115000cfe93fd8a
0186017d01860186
0105012d0155017d
011d00fd00ed00ed
00fd01150115011d
00b500dd00dd00e5
fcd9fd11fe32fff4
fd19fd31fd29fd01
fdcafdd2fd39fcf1
fd8afda2fdfafdfa
fd59fd51fd51fd61
fd8afd71fd82fd92
fd79fd69fd79fd71
fd82fd69fd8afe1a
fe5afe7afe72fe12
fe1afddafe32fe0a
fdfafe3afe72fe1a
fda2fe4afe7afe52
03d803e003d003e8
02f7033f038803d8
008501ae028f02a7
fe1afe52fefbff7b
feebfea3fe32fe22
ff33ff4bff84ff1b
feb3ff3bff4bff4b
fdf2fdfafdf2fe5a
feabfe3afe0afdd2
ff9cff23ff03ff2b
fe9bfee3ff0bff1b
fdb2fe02fe8bfe9b
fd49fd51fd69fd8a
fd21fcf9fd21fd59
fe2afd49fcf1fd01
010500a50034ff63
014d013d013d012d
013d013d013d0145
010d0115012d0145
ff5b009d00fd010d
fce9fcc9fcf9fdc2
fd21fd21fd49fd29
fde2fde2fd61fcf1
fdb2fdaafde2fe12
fd61fd59fd41fd71
fdb2fd8afd9afda2
fd8afd82fdb2fd9a
fd8afdb2fdb2fe0a
fe52fea3fe72fdfa
fe02fdeafe42fdfa
fe1afe5afe5afdfa
fdb2fe3afe5afe2a
03c003d803d803f0
02b702d703170367
006c01c6021e025e
fe0afe32fec3ff2b
fe83fe5afe1afe12
ff7bff84ff5bfec3
fe72feebff53ff6b
fe02fde2fdeafe4a
fec3fe2afe22fe22
ff1bfebbff03ff3b
feabff13ff3bff43
fdbafe32fe83fe9b
fd31fd59fd71fd8a
fce1fd09fd61fd29
fcd9fcc1fcf1fd19
0074ffe4feebfda2
014d012d010d00c5
014501450155015d
010d012d01350145
fd69fe7affbc00a5
fcf9fcd1fcc9fce9
fd29fd21fd51fd51
fe0afdfafdaafd29
fdb2fdb2fdd2fe0a
fd69fd79fd41fd69
fdbafd92fdaafd9a
fd71fd51fd8afda2
fd8afdbafdb2fde2
fe4afedbfe83fdea
fe1afe32fe5afdea
fe32fe8bfe52fdf2
fdcafe2afe3afdda
037f03a003c80388
026e02060256032f
ffe4015d022e0297
fe12fe12fec3ff23
fe42fe2afe0afe1a
ff73ff73fedbfe5a
fe42fe72ff23ff7b
fe42fdd2fddafe42
fed3fe1afe3afe62
fe83fe83fedbff43
fecbff43ff7bff23
fdc2fe5afe7afeb3
fd41fd59fd71fd69
fce9fd49fd19fd01
fca9fcc1fce9fce1
ffccfedbfd8afcc9
012500f500bd0064
013d01450155014d
ffcc007400dd010d
fce1fd29fdaafea3
fd11fce1fcb1fcc1
fd21fd31fd39fd59
fe32fe22fddafd61
fdb2fdc2fde2fe1a
fd8afd92fd61fd79
fd9afd8afda2fda2
fd71fd49fd82fd9a
fd8afd9afdbafde2
fe52feebfe9bfdf2
fe1afe6afe4afdea
fe32fe72fe52fe02
fdc2fe12fe6afdd2
0307033f03a003a0
026e0226024602cf
ff7b00d501ce024e
fe1afe12feb3ff23
fe2afe12fe12fe12
ff94ff53fe93fe3a
fe12fe32fec3ff63
fe62fdd2fddafe3a
fee3fe32fe0afe83
fdeafe12fe93ff1b
fed3ff63ff73fec3
fdeafe5afe83fec3
fd51fd69fd61fd82
fd29fd11fce9fd09
fca9fcc1fcc9fcd1
fe42fd49fcd1fca9
009d005c000cff4b
0034008d00b500b5
fd8afe3aff13ffbc
fcb9fce1fd01fd31
fd29fce9fcb1fcb1
fd39fd51fd39fd49
fe5afe42fe02fd82
fdbafdb2fe0afe52
fd82fd82fd69fd82
fdaafd92fd92fd79
fd69fd59fd82fdaa
fd8afda2fdd2fdda
fe8bff0bfe8bfdf2
fe3afe9bfe12fe2a
fe42fe7afe4afe22
fdb2fe1afe7afe02
031702f702ef02df
027e030f02ef02af
ff6b007c01a6024e
fe12fe22fea3ff33
fe0afe2afe2afe02
ff73ff33fed3fe52
fdfafe1afe9bff1b
fe93fdfafdeafe12
fed3fe62fe02fe93
fd92fdc2fe83ff03
fecbff94ff13fe12
fe22fe52feabfecb
fd59fd59fd61fdb2
fd21fce1fce9fd09
fca1fca9fcb9fd01
fd01fcc1fca1fc91
fedbfe83fe0afd69
fdfafe62feb3feeb
fce9fcf1fd31fd79
fcb9fcc1fcd1fcf9
fd41fcf9fcc9fcb1
fd39fd69fd49fd29
fe6afe52fe2afdc2
fde2fdc2fdf2fe5a
fd69fd49fd79fd79
fdd2fdaafd71fd79
fd79fd59fd82fdba
fd9afdb2fddafdc2
fe9bfefbfe6afdda
fe4afe9bfdeafe2a
fe5afe6afe5afe52
fdcafe2afe8bfe5a
02af0256023e0206
0287028f02af029f
ff7300040165025e
fdfafe42fea3ff2b
fe22fe0afe1afdfa
ff6bff0bfedbfeb3
fdfafe32fe9bfef3
fea3fe62fe02fde2
fee3fe62fe42fe72
fd69fd8afe8bff33
fedbffb4fecbfdba
fe3afe72febbfeab
fd59fd59fd92fdfa
fce9fce1fce9fd39
fc99fca9fcd1fd01
fcb9fc89fc89fc91
fd09fd01fcf1fcd9
fcf1fcf1fcf9fd09
fcc9fcc1fcd1fce1
fca9fcb9fcb1fcc9
fd51fd21fce1fca1
fd31fd59fd61fd09
fe72fe52fe32fdf2
fdfafdf2fdf2fe42
fd79fd61fd82fda2
fdf2fdbafd69fd61
fd79fd59fd82fdba
fdc2fddafde2fdca
fecbfee3fe4afdda
fe4afe62fdaafe2a
fe83fe6afe6afe6a
fdeafe5afec3fe5a
02870226023e01ce
019e020e02970297
ff63ffac010501b6
fdcafe32fed3ff3b
fea3fe42fe1afe02
ff2bff6bfef3fecb
fdc2fe2afe8bfedb
fe72fe93fe4afdf2
fef3fe72fe62fe72
fd61fd79fe83ff3b
ff0bff9cfe7afda2
fe52fe93fe93fe93
fd51fd51fdcafe32
fcd9fce1fd09fd59
fc89fca1fce9fce9
fc81fc81fc78fc81
fcb1fcb1fc99fc89
fcc9fcb9fca9fca9
fc99fca9fca9fcc1
fc91fca9fca9fca1
fd31fd49fd01fcc1
fd49fd51fd71fd09
fe72fe62fe42fe12
fe0afe02fe02fe2a
fd82fd92fd79fdd2
fe1afddafd79fd69
fd79fd61fd79fdaa
fdeafe02fdf2fdb2
feebfedbfe22fdda
fe6afe2afd69fe52
fea3fe62fe83fe83
fe22fe7afedbfeb3
028f029f02870226
01c6023e02a7027e
ff63ff8c00b50175
fde2fe32fee3ff5b
fea3fe32fe0afe1a
fea3ff13ff33fefb
fdc2fe1afe5afe62
fe4afe42fe52fdea
ff03fe7afe4afe72
fd61fd8afe8bff53
fefbff84fe32fd92
fe83fea3fe93fea3
fd31fd82fe0afe2a
fcd9fcf1fd39fd49
fc89fcb9fcf9fcc9
fc70fc60fc68fc89
fc91fc81fc78fc70
fc91fc91fc89fc81
fc81fc78fc78fc89
fc99fc91fca9fca1
fd21fd49fd21fcd9
fd71fd21fd69fcf9
fe4afe4afe4afe0a
fe12fe1afe1afe22
fd8afd92fd82fde2
fe12fe0afda2fd92
fd71fd51fd61fd82
fe0afe02fde2fdb2
fefbfebbfe2afe02
fe83fe52fdb2fe7a
fea3fe62fedbfeab
fe62feb3ff03fed3
020e026e02260216
0216025e023e0256
ff5bff8400340186
fe0afe3afed3ff53
fea3fe52fe32fe2a
fe22fe72fed3fed3
fdc2fddafe1afdf2
fe32fdb2fe02fe02
fef3fe72fe3afe42
fd51fd8afe8bff6b
ff0bff5bfdfafd8a
fe93feb3fea3fea3
fd59fdcafdfafe2a
fcd9fd19fd49fd41
fca1fce9fcd9fcd9
fc58fc50fc68fc89
fc78fc70fc70fc60
fc89fc89fc89fc78
fc89fc81fc89fc91
fcc9fc91fc91fca1
fd11fd39fd59fd11
fdbafd29fd61fd09
fe2afe4afe12fe0a
fe32fe42fe3afe12
fd82fd61fd8afdd2
fe32fe1afdf2fdc2
fd69fd61fd49fd69
fe0afe0afdd2fd92
ff23feabfe4afe2a
fe72fe83fdfafe9b
fe6afebbff1bfeab
fe42feabff03fec3
01c601f6020e0266
029702af022601f6
ff84ff73ffcc013d
fe4afe6afecbff4b
feb3fe93fe83fe72
fdf2fe12fe42fe8b
fe1afdc2fdf2fdfa
fdf2fdb2fd71fdfa
fecbfe5afe3afe12
fd51fd79fe6aff73
ff63ff03fdc2fd9a
fe83fea3fe8bfec3
fdb2fdd2fdf2fe2a
fd01fd41fd61fd69
fcc9fcd9fcc9fce1
fc50fc60fc78fc89
fc68fc60fc58fc50
fc70fc70fc68fc68
fc81fc78fc81fc78
fd01fca9fc89fc91
fd21fd39fd71fd51
fdd2fd61fd61fd31
fde2fe3afe02fe0a
fe22fe42fe62fe02
fdbafd51fd82fdd2
fe1afe12fe22fe1a
fd69fd61fd49fd51
fe1afddafdcafd92
ff0bfe93fe62fe32
fea3fe52fe22feab
fe62feebfecbfe83
fe7afec3fec3fe9b
024e0246023e028f
01de02460287021e
ff7bff5bffa400bd
fe9bfe9bfebbff33
fea3fea3fec3fec3
fe02fe0afe22fe42
fe1afe02fdf2fe12
fdf2fdcafd79fdaa
febbfe32fe22fdea
fd49fd71fe52ff6b
ff63fefbfdbafd92
fe6afe8bfe93feb3
fd8afdc2fe12fe3a
fd51fd69fd61fd82
fce1fcc9fce1fd11
fc60fc89fc78fc99
fc68fc60fc58fc50
fc78fc70fc68fc68
fc99fc89fc81fc70
fd21fcd9fca1fca1
fd29fd39fd59fd79
fdcafda2fd61fd51
fdcafe42fdfafdca
fe22fe7afe83fe2a
fe32fdc2fda2fdda
fe12fdeafe1afe3a
fd79fd61fd51fd51
fe0afdf2fddafd82
fed3fe7afe42fe32
fec3fe4afe4afec3
fe62fed3fe93fe5a
feabfe9bfe4afe6a
02cf0256029702bf
01c60287029f0287
ff6bff5bff840044
fecbfee3fef3ff33
fe83fe93feabfec3
fe12fdeafe1afe42
fdeafdcafdcafe3a
fde2fdc2fd8afdaa
fe8bfdf2fdfafde2
fd41fd61fe2aff6b
ff4bfebbfdcafd71
fe72fe93fe93fea3
fd82fde2fe12fe5a
fd92fd61fd41fd59
fcd1fcd9fd01fd49
fc78fc70fc68fcd1
fc78fc68fc60fc70
fc81fc81fc78fc78
fca9fc99fc81fc78
fd51fcf9fcc1fca1
fd41fd41fd59fd9a
fdb2fdc2fd9afd51
fdd2fe22fe0afdaa
fe1afe83feb3fe83
fe8bfe32fde2fdd2
fdf2fdc2fde2fe22
fd71fd59fd39fd51
fdfafe32fddafd79
fea3fe62fe3afe5a
fedbfe72fe83feb3
fe93fe9bfe6afe72
fe62fe83fe02fe62
02ef0337032f02ef
0206030702bf027e
ff63ff84ff63000c
febbfef3fedbff43
fe9bfeb3fe9bfeb3
fe22fe02fe42fe62
fda2fda2fd92fe22
fde2fddafdb2fd92
fe72fdcafdb2fdf2
fd41fd49fe22ff84
ff2bfe6afdb2fd59
fe7afe8bfe72fed3
fdbafe02fe2afe5a
fd69fd31fd31fd41
fcd9fd01fd41fdba
fc58fc58fc99fce1
fc60fc58fc58fc60
fc78fc78fc78fc70
fca1fc89fc78fc78
fd92fd19fcd9fcb1
fd61fd61fd39fd9a
fdc2fd8afdc2fd49
fe1afe1afe32fdba
fe22fe5afebbfeb3
fe72fe93fe4afe02
fdfafdc2fdc2fdf2
fd61fd51fd31fd71
fe02fe4afdfafd8a
fe83fe72fe7afe72
feb3feabfebbfe7a
fe9bfeabfe9bfea3
fe32fe62fddafe2a
03070357032f02ff
013502a702c7029f
ff1bffacff8cffcc
fefbfedbfeabff13
fec3feb3fea3fec3
fe2afe22fe5afe9b
fda2fdb2fda2fe02
fddafe12fdd2fd8a
fe72fdcafda2fdb2
fd39fd31fdeaff5b
fef3fe2afd9afd39
fe62fe6afe42fed3
fdc2fe22fe5afe4a
fd31fd29fd19fd49
fcf9fd51fdbafd9a
fc60fc70fcc1fcd1
fc60fc50fc50fc58
fc78fc78fc70fc60
fcc1fc91fc70fc70
fdaafd39fce9fcd1
fd41fd92fd51fd82
fdbafd92fdb2fd49
fe72fe12fe4afdd2
fe42fe62fec3fedb
fe4afe8bfe9bfe52
fe1afda2fdc2fde2
fd71fd59fd39fd92
fe2afe83fe22fda2
fe72fe93fec3fe6a
febbfecbfebbfe72
fea3fe7afe62fea3
fe1afe7afe0afdf2
032f0317034f0388
009501a6028702f7
fefbff7bffa4ffd4
ff2bfeb3fea3fee3
fe8bfe72feabfed3
fe2afe72fe83fed3
fdaafdc2fdc2fdd2
fdfafe5afe0afd9a
fe9bfde2fddafdba
fd41fd51fdc2ff1b
fea3fe3afdcafd41
fe8bfe5afe4afebb
fde2fe42fe83fe32
fd49fd21fd19fd69
fd41fde2fdeafd31
fc70fca1fcc1fcf9
fc58fc50fc58fc68
fc89fc81fc78fc60
fce1fca1fc89fc78
fdb2fd71fd11fcf1
fd11fd82fd69fd41
fdbafd92fd92fd79
feabfe12fe5afe0a
fea3fe8bfee3fecb
fe2afe5afe83fea3
fe12fdbafdb2fdca
fda2fd61fd51fd79
fe3afe5afe12fdaa
fe5afe9bfec3fe72
fecbfecbfe72fe83
fe9bfe7afe12fe72
fe4afe8bfe3afdfa
0337039003a803b8
0054017502f7032f
ff13ff7bffbcffbc
ff0bfe83fe8bfec3
fe4afe42fe9bff13
fe3afecbfebbfe9b
fdb2fdbafdeafdda
fe32fe5afdbafdca
fe93fdf2fdfafdfa
fd79fd71fdc2ff13
fe12fdeafdbafd69
fedbfe42fe5afe8b
fdeafe52fe62fe5a
fd71fd29fd39fd82
fdb2fe22fd69fd31
fc81fcb9fcf1fd31
fc48fc50fc68fc70
fc89fc89fc70fc58
fd01fcc1fca9fc91
fd79fd82fd39fd11
fd31fd51fd71fd29
fdeafd82fd71fd8a
fec3fe6afe72fe52
fedbfed3feebfebb
fe02fe3afe4afeab
fdf2fdd2fdbafdb2
fdaafd69fd49fd71
fe5afe12fe6afdba
fe5afecbfeb3feab
feebfeb3fe5afe62
fe7afe72fe42fec3
fe83fe93fe5afe32
033703c803b003a8
0034016503270367
ff1bff73ffc4ffbc
fed3fe7afe93fe9b
fe1afe2afe9bff43
fe42fef3feebfe32
fdaafdb2fdfafe1a
fe42fe0afde2fe12
fe8bfe22fe0afe2a
fd92fd61fdbafefb
fdd2fdbafdaafd71
fec3fe32fe42fe42
fe02fe62fe5afe7a
fd41fd11fd39fd71
fe6afdf2fd31fd61
fcb1fcd9fd01fd51
fc60fc68fc89fc70
fc99fc91fc81fc70
fd09fcc9fc99fc91
fd59fd79fd49fd21
fd31fd31fd9afd49
fe22fd82fd61fd82
fe9bfee3febbfe32
feebfeebfecbfec3
fddafe2afe2afe93
fddafdd2fdaafdb2
fdaafd79fd61fd92
fea3fe1afe32fda2
fe8bfeb3febbfecb
ff0bfe72fe2afe52
fe93fe72fe7aff4b
fed3feabfe83fe62
001c00b500f5013d
0165016501150074
0155018601960175
01ae01ae01b601ce
026e01f602060196
01e6022601ae017d
02160206016d01f6
01fe0206021601c6
fec3ff63008d0165
ff43feabfea3febb
fea3fecbff84fffc
fe83fec3feebfeb3
fedbfebbfe72fe72
ff13ff2bff13ff0b
febbff1bff1bfefb
fdb2fdeafe12fe42
fdc2fdcafdaafd9a
fe2afdcafda2fdda
0044ff9cff2bfe8b
fed3ffbc004400d5
fce1fd59fdaafe22
fde2fdaafd59fd11
fe3afe7afe02fde2
ff73ff03fe83fe1a
00540014ffccff6b
00d500c500ad009d
018e013d0115008d
01550115017d0196
01be016d01860196
0196018601a60206
015d015501be01a6
020e01be01e60196
006c00f501250186
0145011d0125007c
009d0125017d018e
016d01e6017d0125
0216022601be0196
01fe0236022e0206
020e01ce01ae01ce
015d01e6023601d6
feb3fee3ff1b006c
ff8cffd4ff53febb
feb3fe8bfe7afedb
fe93fe83fea3fe93
ff13feebfeabfe9b
fe8bfea3febbfee3
fde2fe52fe9bfe8b
fdfafe1afe12fe02
fde2fe0afdeafdea
fd82fd61fd39fd92
fedbfe22fdd2fd9a
ff63ffecfffcffcc
fd31fddafdeafe6a
fd92fd79fd41fd01
fe4afe12fdc2fdaa
ff53feb3fe52fe1a
00850024ffd4ffac
0074008500d50095
01a6010d00340064
014500f5015501ae
024e01de01c60196
014d0115012d01d6
01de01be01b6017d
021e024e025601d6
00fd0105012500f5
0115012d0105010d
007400fd011d010d
019e01fe0115003c
020601c601be0206
024e01fe01de0226
01ee01d601a601ce
000c018e021e01fe
ff23febbfeabfefb
fe7afefbffecffec
fe8bfe93feb3feab
feabfe8bfe72fe6a
fea3fed3fee3fecb
febbfe8bfe52fe62
febbfeb3feb3fecb
fe42fe62fe7afe8b
fe52fe3afe3afe52
fdfafe1afe2afe52
fdf2fd79fd92fdd2
ff43ff33fec3fe72
fd82fdcafe12fecb
fd79fd49fd09fd21
fd9afd71fd8afda2
fe72fe32fe42fe3a
0014ffdcff94ff3b
fffc0095009d0064
011d00cd00cd005c
01860186011d00dd
01fe01c6019601a6
0135015d019e01c6
022e01de019e0155
017d0206020e0236
01550145013d0115
0115015501a6017d
006c00d500d500e5
015d017501450014
01f601ae014d013d
019e01de01e601de
0206024e021e01c6
fef3000c018601f6
fffcff84fed3fecb
fecbfe7afe93ff7b
fe6afe6afe8bfeb3
fed3feebfec3fea3
fe5afe42fe5afeab
feebfefbfeabfe7a
feabfe9bfeb3feb3
fe83fe72fe8bfeab
ff2bfebbfeabfeb3
ff23ff3bff4bff4b
fde2fe72fef3ff33
fe1afdb2fdc2fdc2
fd69fdb2fe02fe93
fd31fd29fd19fd41
fd49fd21fd11fd31
fddafe22fe7afdc2
0024ffd4fee3fe32
004c00740074004c
008d00d500ad0024
018e01860175010d
01f601ee01b601ee
01ae01de025e0256
02bf023601d60196
01be023601d6024e
00f500dd015d0155
008d007c00cd00fd
00e5010d00ed00ad
017d019e01be011d
01e601b601c601b6
0196018e018601fe
01be026e022e018e
ff03ff0b00140155
fee3ffe4ffe4ff13
fe62fe93fe9bfe6a
fee3fe72fe32fe4a
fe5afea3feebff03
feabfe83fe4afe42
fe93fec3fedbfeab
fe42fe2afe62fe72
fe9bfe62fe3afe4a
fed3feabfe9bfe93
ff84ff7bff53fefb
ff03ffd4fffcffc4
fde2fe32fe52fe72
fd41fd92fd9afdfa
fce9fce1fce9fd11
fd61fd29fd11fcf1
fe62fe52fdbafd92
ffb4ff3bfeb3fe1a
009d00640024fff4
00740085002c0074
016500f5010500ad
01e601fe0216022e
022e021e0206021e
0236026e0236024e
01860196017d01be
0135010501750165
006400cd00dd0105
0115011500d50064
01fe01e601ee0196
015d01b601d60236
0196019e01b60196
018e01b601a601a6
ff33ff2bff5b0074
fe7afe93ff9cfff4
fe22fe6afe83febb
fef3fef3fe83fdfa
fe32fe2afe6afebb
fe9bfe8bfe83fe62
fe0afe22fe7afe8b
fe0afdf2fe1afe12
fe8bfe32fe02fdea
fe83fe2afe32fe62
ff23fef3ff0bfeab
ffb4fff4000cffcc
fe9bff3bff6bff94
fd19fd82fe8bfdfa
fcc9fcd9fce1fce9
fdcafd82fd31fcf1
ff0bfe52fe4afe52
feb3fe93feb3fef3
005c003cff6bfeeb
00a500440014005c
01ee015d00f50074
018e01de01c60236
028f026601ce0196
025e02af02b7025e
014d010d018601fe
00d500ed010d00cd
011501250095009d
01b6017d013d00dd
02060186017501ce
020601be01d60256
024e0216021e0206
0074012d01c60216
ffccff33ff43ffa4
fea3fe93fe8bff4b
fe3afe32fe52fe72
fe72fec3ff0bfebb
fe7afe5afe22fe22
fe02fe1afe62fe83
fdfafde2fde2fe22
fe72fe4afe3afe12
feabfe8bfe8bfe52
fe8bfe4afe62fe7a
ff7bfedbfec3feeb
ffe400140004ffe4
fedbff63ffb4ffdc
fd41fe42fe6afe22
fd09fd09fd41fd39
fddafde2fdc2fd61
fe0afdcafdd2fdb2
ff13fed3ff1bfeeb
ffa4ff43fefbfefb
0095001400040024
01f6017d00d500ad
01a601e6017501e6
0246021e01ee0165
019e024e02a70266
0165016d016d0165
000c004c00a50135
012500ad00ad008d
01b6015501550145
01a60175015501b6
026e020601ce0175
021e020e01c601fe
ff9400cd01de020e
ff2bffbcff13ff2b
fe4afe7afe93fe7a
ff0bfe6afe1afe32
fe0afe22fe93ff03
fe4afe83fe83fe42
fe32fe1afe22fe3a
fe6afe83fe4afe62
fe4afe4afe4afe6a
fe2afe32fe52fe62
fe8bfe52fe52fe2a
fefbfee3feebfe8b
ff0bff43ff5bff2b
febbfefbfffcff6b
fdeafe4afe6aff13
fd9afddafdfafdd2
fd9afd9afda2fdc2
fe42fdcafd9afd8a
ff2bff33febbfe42
fe9bfebbfefbff13
ffecffb4ffacff03
01b6014d009500a5
016501ae0165019e
01f601e601e6017d
01c6020601ee01f6
020e01d601b601de
00540044003400c5
00f5007c0054005c
01de0175016d014d
019e01c601f601e6
021e0246020e01e6
019e013d010d0196
ff13000c016d01c6
feabff4bff94ff1b
fe42fe3afe83fe8b
fecbfee3fea3fe62
fe7afe42fe0afe62
fe62fe5afe5afe72
fe32fe22fe42fe52
fde2fe32fe42fe2a
fda2fdaafda2fdba
fde2fde2fd9afd79
fdeafdcafde2fdb2
fea3feebfebbfe3a
ff4bff2bfee3febb
ffbcfffc003cff8c
fec3fedbfefbff94
fd49fdbafe93febb
fe1afdeafda2fd79
feb3fefbfebbfe4a
ff4bff0bfe93fe52
fe93fecbfef3ff33
ff4bff33fe5afe52
017d00b5009d0014
0196018e01a601a6
019e01ee01a601b6
017d01d601650155
022e025e021e01a6
ffbcffb4003400b5
00e500c5001cffc4
017d0165013500d5
00ed014501f601a6
01f6028701f60105
012d012d010501ee
ff2bff2b007c013d
fea3feb3ff63ff63
fe83fe62fe62fe83
fe42feb3feebfeb3
fe6afe9bfe62fe02
fe7afe6afe5afe5a
fde2fe02fe02fe2a
fd69fd8afdc2fdca
fd82fd59fd49fd69
fdc2fdb2fdb2fd8a
fe4afe3afe02fdca
feb3febbfe5afe4a
ff53ff3bfefbfea3
001cffdcffacff73
ff84ff5bff43ffb4
fd59fdbafee3ff33
fe42fe1afdbafd71
feebfeebfed3fea3
ff03ff33fee3ff13
fea3ff6bffb4ff4b
fecbfe22fdaafe0a
011d0074002cff6b
01ce017501750186
01a60196019e01be
01b60186011d017d
01be01ee0206022e
fffc003c00ad012d
010500e500a50064
014d015d010500dd
0175011d012d012d
0297028f0226020e
019e01fe02660297
ff5bff13ff9400e5
fea3fe9bfec3ff7b
fe8bfe6afe5afe9b
fe22fe2afec3fec3
fe83fe72fe7afe6a
fe4afe6afe83fe8b
fdf2fe02fddafe0a
fd92fdc2fde2fde2
fdf2fddafdeafdaa
fe1afe1afe1afe32
fe12fe22fe52fe32
fe72fdf2fdf2fdfa
ff1bff2bfefbfed3
ffecffdcffc4ff6b
003cfff4ffccff94
fd41fddaff2bffec
fe52fe22fdbafd69
ff3bff0bfed3febb
fff40004ffecff7b
ff73ffa4ff3bff7b
fdfafdcafe0afeab
00d50064ff8cfeab
01ee01ae01ae01de
019e017d018601a6
01fe01f601be01d6
0196014d015d01a6
010500ed014d01ae
015d014d012d014d
01550145010d011d
022e01ce015d013d
029f01fe01d6022e
018e0196014d01ae
ff63ff1bff330044
fe8bfe8bfea3feeb
fefbfe83fe62fe7a
fe83fe42fe12fea3
fe42fe6afe5afe5a
fe32fe1afe32fe32
fe4afe4afe32fe32
fe02fe0afe02fe1a
fe1afe72fe32fdfa
fdd2fdfafdf2fe02
fda2fd8afdaafdca
fe02fdf2fdb2fdb2
ff2bfef3feabfe42
00c5009dffecff73
0024fffc00040044
fd11fde2ff6b0054
fdfafdbafd39fd01
feb3fe6afe2afe0a
00a5004cffb4ff1b
ff2bff2b0004009d
fdeafdfafe2afed3
00a5ffb4fe9bfdf2
01c6020601f60165
019e019e01be01a6
02160216020601ce
019e0155015d0186
0155018e017d0196
01ce019e01650186
014d014d01050135
01a60206020e019e
0165012d018601c6
00ad00f500e500bd
ff13ff4bff1bffac
fe7afebbfe9bfe9b
fea3fefbfeb3fe93
fe62fe62fe42fdfa
fe7afe6afe52fe52
fe93fe8bfeabfe8b
fe0afe4afe83fe8b
fdcafdcafdfafe02
fda2fdaafdc2fdda
fd69fd61fd69fd92
fd8afd8afd61fd41
fdaafd82fdc2fdb2
fef3ff03fec3fe3a
00bd00adfff4ff53
ffecfff400140034
fd19fda2ff03ffe4
fdeafd92fd21fcf1
fe2afe02fdfafdf2
005cff9cff1bfe8b
ff8c003c00f500d5
fdcafe02fee3ff53
ffecfeebfe62fe12
01f6018e015500b5
021601ce01b601de
022601ee01d601c6
019601de01fe01f6
012d013d013501ae
01ce021e01ee015d
01a601d601c60186
01d601de01ce01f6
00bd00fd01be01f6
fffc010d017d00f5
feabff3bff2bff43
fe83fe8bfec3fe93
fdf2fea3ff13fee3
fe9bfe6afe52fe32
feb3fecbfeabfea3
fe62fec3fee3feb3
fd92fdb2fdf2fe02
fd82fd92fd9afd92
fd11fd39fd61fd79
fd01fd01fd01fd11
fd82fd69fd59fd29
fe3afdd2fd8afd82
ff2bff33fe9bfe7a
fffcff6bff0bff03
ff8c003400850004
fd59fdcafe83ff33
fe02fdaafd41fd11
fecbfe83fe52fe32
ffd4ff7bff53ff2b
ffec00a50064ffe4
fe8bfeebfeebff13
ff33fe93fecbfeeb
01d6014d00bd0014
01e6020601ce01c6
022e01fe01ce019e
01fe01f6021e0226
011d012d0186018e
01c601b60186012d
0216020601be0186
01ee018601a601c6
013d018e01a601b6
ff7b007400c500d5
febbfee3ff2bfeeb
fefbfeabfeb3fecb
fe3afe1afeabff33
fed3fea3fe83fe52
fe5afe72fea3fee3
fdbafe12fe72fe72
fdc2fdbafdcafdb2
fd21fd69fda2fdca
fcd9fce1fcf9fcf9
fd29fd01fcd9fce9
fd8afd59fd29fd29
fe4afe3afe22fdca
ff03fe93fe72fe62
001cff73ff3bff3b
ff43fff400b500cd
fd41fdeafea3fef3
fd71fd69fd29fd01
ff03fe93fe22fdba
ffe4ffccff94ff43
00950044000cff94
fedbff63ffc40044
fef3feb3fe62fe93
01c6016d00a5ffc4
0216023e023e01fe
02560236021e01d6
021e020e0206024e
010d00f500e50115
015d018e015500f5
017501b601650196
018e019e01ae01ae
0155019e02160196
ff13ffdc00d5012d
feebfee3ff13fef3
ff43ff0bfec3fee3
fe62fe2afdf2fe8b
feabfebbfebbfeab
fe5afe3afe3afe93
fe12fe02fe0afe4a
fd79fdbafe02fe32
fcc1fce1fd19fd49
fcd9fcd9fcd9fcc1
fd09fd09fcf1fcd9
fe02fdaafd41fd11
fe8bfe2afdcafe0a
fedbfe5afe22fe3a
002c0004ffe4ff6b
fee3ff4b00040054
fd41fddafef3ff23
fd8afd49fd31fd09
fea3fe83fe5afdf2
0014fff4ff53fecb
ffecffd4ffdcfff4
ff3bff53ffb4ffec
fea3fe5afdfafe52
015d011d001cfedb
023e023e023e01ce
029f029f0276023e
023e0266026e0287
017d014d0115012d
01c601a6016d0175
01250085000c0105
018e016d01ae0186
012d013500ed00cd
ff33ffc400c5010d
ff0bfeebff1bff73
fe93ff1bff13fed3
febbfe4afe0afdea
fe8bfe6afe5afeb3
fe83feabfe42fe3a
fe12fe52fe72fe6a
fd01fd21fd71fdd2
fcc1fcb9fcd1fcf9
fce1fcd9fce9fcd9
fd09fcf9fce9fcd9
fdd2fdfafdbafd61
fe5afe62fe4afe02
ff3bfeebfe93fe62
004cffdcffb4ff5b
fefbffbc009d00b5
fd51fdf2fee3fee3
fdf2fd82fd39fd21
fe83fe32fe32fe2a
ffc4ff73ff13fee3
ff63ff5bffacffe4
fedbff03ff7bffa4
feabfe6afe93fefb
00cd0034ff53fe93
023e022e02060196
02af02df02a70297
029f02c7029f027e
01ee01de01d6017d
017501c6018e019e
01a6015d005400bd
01b601f6020e01be
01e601b60196017d
ff4bff7b002c016d
fe83feabfe93ff6b
fdfafe83ff0bfeb3
fe83feabfe3afdfa
feb3fec3fe6afe32
fe4afe52fe6afe7a
fd82fdd2fe3afe4a
fce9fcf1fd11fd49
fce9fce1fcc1fcc9
fce1fce1fce9fce1
fd69fd19fce9fce9
fdfafdaafdaafdb2
ff23fee3feb3fe7a
ffa4ff2bff33ff2b
00cd0085008d005c
fe72ff53001c00fd
fd79fe1afe7afe42
fda2fd79fd31fd29
fe62fe12fdcafd8a
fef3fec3feabfe8b
fefbff4bff63ff13
fed3fee3feebff1b
fef3fed3fe6afe3a
0095ffacfeb3febb
0276027e0206016d
02af02c702df0297
029f028f02660297
013d01ae016500ed
01a6027e02260115
00c5011501650196
021e0196012500c5
015d01fe02460256
ff73ff2bff8400b5
fe4afe72fe6aff03
fdfafdfafe9bfeeb
feabfe8bfeb3fe4a
fe12fe1afe7afe8b
fe4afe3afe3afe2a
fd29fd61fdd2fe32
fcd9fd01fd11fd11
fd01fcf9fce9fcd9
fcf1fce1fcd9fce9
fd9afd61fd29fd09
fe1afe02fe12fdd2
ff1bfed3fe7afe02
ff63ff23ff0bfef3
003cffdcffd4ffbc
fd8afdcafe5affdc
fd69fe0afe1afdb2
fd31fd49fd31fd11
fe0afda2fd59fd39
fe9bff03fee3fe72
fee3feebfecbfe93
feabfea3fea3fe9b
fed3fe12fdb2fdf2
000cff1bfe9bfefb
01de01de01b600ed
0297027e027e0256
024601f6021e022e
01ce019e018e017d
02460266024601de
0175015d016d018e
029701e601d601c6
016d017d0206027e
ff33ff5bff3b0054
fea3fe4afe9bfe9b
fe42fdd2fe1afec3
fe52fe9bfe8bfeb3
fe22fddafdd2fdea
fe42fe62fe42fe4a
fd09fd19fd41fdaa
fcf1fcf9fd21fd41
fd09fd09fd09fd01
fd19fce9fce9fcf1
fdf2fd9afd69fd41
fdfafdb2fddafe0a
ff03fecbfe9bfe62
ff0bff13ff0bfefb
fec3ff03ff13ff33
fddafdb2fdcafe5a
fd71fde2fe0afdf2
fd11fd29fd59fd69
fdd2fdb2fd59fd21
ff33fee3fe32fde2
fe9bfe3afe22fe8b
fe8bfe83fe6afea3
fe1afd69fdb2fe52
ff9cfee3ff23ff03
019e018601250064
025e022601d601c6
025e022e0246025e
01fe019601b601ee
018601a6022e0236
01de013501350165
026e02360226020e
021e022e023e027e
fed3ff6bff430024
fedbfea3fea3feab
fe93fe42fde2fe6a
fdb2fdf2fe32fe6a
fe3afe1afdfafdda
fd82fe02fe62fe4a
fd31fd01fd31fd51
fd21fd31fd31fd49
fd01fd11fd29fd31
fd8afd39fd01fce9
fda2fdeafdb2fd8a
fe72fe52fddafd8a
feb3fe9bfeabfe9b
fe3afe6afe93fea3
fe0afddafe7afe6a
fe0afdfafdc2fdd2
fd9afdcafdf2fdfa
fd09fd19fd39fd71
fd79fd49fd21fd19
fdf2fdb2fd92fd92
fe3afe12fe93fea3
fe72fe62fe22fe83
fdbafda2fe02fe4a
ff53feebff43fe8b
012500fd0095000c
0216020e01960145
028f028f02870226
023e022601f601fe
024e021e029702af
0226020e01fe022e
01fe01de02060216
013501fe01e6021e
feb3ff03ff33ff6b
fe9bfeebfec3feb3
fe62fe8bfe1afe12
fddafdbafdd2fe12
fe5afe1afe02fe02
fd69fd9afe02fe62
fd59fd49fd31fd61
fd51fd31fd31fd49
fd21fd11fd29fd51
fd9afd92fd61fd29
fd9afd61fd79fdaa
fe83fe7afe83fe22
fe3afe5afe6afe8b
fe0afddafddafe02
fe4afe0afe02fe22
fe32fe5afe32fe2a
fde2fe02fe1afe22
fd19fd41fd59fd9a
fd19fd09fd09fd11
fd69fd71fd69fd51
fdeafe5afe7afdc2
fe72fe2afe22fdfa
fdc2fde2fe1afe42
ff0bff4bff33fea3
00ad00640004ffe4
01ce01b6014500f5
02b702af024e01c6
0206021601fe0216
01e601fe020e026e
029f02560256029f
01f6021e027e0297
00a501de01be01de
fea3fec3feebff2b
fe72ff13fef3fe93
fddafe52fe83fe2a
fdf2fe1afddafda2
fe5afe52fe22fdea
fd69fd79fda2fe02
fd61fd71fd61fd61
fd41fd41fd41fd31
fd82fd51fd29fd29
fd8afd82fd92fd82
fe32fdd2fd71fd69
fe5afe83fe9bfe5a
fd82fdcafe3afe52
fe2afddafdbafd92
fe93fe72fe52fe32
fed3fed3fec3feb3
fe42fe62fe83fec3
fd51fd71fd8afdda
fd59fd21fd11fd29
fd92fdbafd9afd69
fddafddafd82fd79
fe4afe22fdf2fdb2
fdd2fdd2fdfafe5a
ff13ffd4ff0bfe8b
005cffec0024ff84
01de011d013d00f5
02a702b702660246
023e024e0246025e
016d0256027e0287
0297026e021e01ce
02760287028f02b7
000c017d01a601be
fe8bfeabfeebff13
fe62fec3ff2bfeab
fd8afddafe52fe83
fd92fda2fe0afdda
fe2afe83fe62fdfa
fd82fd51fd79fda2
fd59fd59fd79fd92
fd29fd49fd61fd41
fdcafdaafd69fd39
fd82fd8afd9afd9a
fe12fe0afde2fdc2
fe1afe32fe2afe32
fd8afd8afdcafdea
fe62fe22fe02fdc2
ff2bfef3febbfe93
ff4bff4bff5bff4b
fe93fec3ff0bff3b
fd8afdc2fdd2fe5a
fd21fd19fd31fd49
fe0afda2fd71fd59
fdaafd71fd8afe12
fdfafe0afdb2fd92
fdd2fdbafe02fe42
ffccffdcffb4fe8b
0054002c001cff13
023e01ae011d00d5
01f60236026e02a7
01ae022e026e01fe
017d01ae01d6019e
028f0226019e01ee
01d6020601e60216
ff4b00cd014d0216
fe93fea3fecbfef3
fe3afe5aff0bfee3
fdeafd82fdcafe2a
fdbafd69fd9afe1a
fddafe42fe8bfe42
fdc2fd92fd79fda2
fd49fd49fd69fda2
fd69fd59fd59fd41
fd92fdc2fdd2fdb2
fddafdbafdbafdba
fe1afe32fe12fe0a
fdaafdd2fe1afe0a
fdeafd8afd92fdb2
fedbfeabfe72fe3a
ff9cff84ff5bff1b
ff9cff9cffb4ffa4
febbff0bff4bff94
fdb2fdf2fe22fe8b
fd09fd11fd21fd51
fd92fd31fd19fd09
fdc2fe02fe3afe2a
fe12fdcafd92fda2
fdaafdbafe3afe32
000cffd4ff9cfe52
001c0034ffc4ff6b
028f028701ce00b5
01450125018e024e
01c6025602760246
018e017d016501a6
026e024601c601c6
019e021e01fe020e
ff1300bd020601e6
fedbfea3feb3fec3
fe3afe12fe9bff0b
fe02fe0afdaafdda
fe12fda2fd59fd71
fdaafdc2fe4afea3
fd8afdcafdbafda2
fd41fd41fd51fd71
fdd2fd82fd59fd51
fdcafdaafde2fdfa
fe0afddafdc2fdca
fe22fe32fe52fe22
fd92fd71fd8afde2
fe6afdfafda2fda2
ff73ff33fef3febb
ffe4ffdcffccffa4
ffd4ffd4ffd4ffd4
ff0bff4bff84ffcc
fdeafe22fe72fec3
fcd9fcf9fd29fd92
fcc9fcf9fd11fce9
fdc2fe32fdd2fd11
fdf2fdaafda2fdca
fda2fde2fe52fdfa
ff94fffcff1bfdf2
0074002cff1bff63
01de02bf01ce00cd
01be014d0155011d
027602af02660206
01ce017501ae01ce
020e01f601be01f6
01e601be01fe0206
fef3007401ce01e6
fef3fed3fe9bfed3
fe0afdeafe2afefb
fd59fe1afe5afdfa
fe72fddafd79fd41
fdaafda2fdcafe5a
fd41fd69fd9afdca
fd69fd59fd51fd59
fe0afdcafd9afd79
fdeafde2fdb2fdea
fe5afe3afde2fdca
fdb2fe12fe2afe8b
fdbafd92fd69fd69
fedbfe83fe22fdca
ffccffacff6bff2b
0004000c000cfff4
fff40004ffecffec
ff3bff7bffb4ffcc
fe1afe62feabfee3
fcc9fce1fd49fdd2
fd11fd09fcd1fcb9
fd9afd69fd01fcf1
fdbafd92fdbafdc2
fda2fdeafe0afdda
ffb4fff4fea3fdc2
00a5fffcff6bffdc
01f602af017d00a5
02060226020601d6
023602c7021e017d
0206019601a601b6
019e01d6017501c6
012d00b5012501ae
feebfff401860175
fef3fec3fe8bfea3
fe1afe12fddafec3
fd31fd69fe22fe1a
feb3fe62fde2fd9a
fd9afdd2fdaafe12
fd41fd49fd61fd71
fd82fd71fd61fd69
fdfafe22fde2fdba
fdcafddafde2fdda
fe8bfe5afe4afe0a
fd51fd71fdfafe62
fdd2fdcafdb2fd69
ff4bfee3feb3fe3a
000cfff4ffbcff7b
0014002c003c001c
0004001400040004
ff63ffa4ffbcffd4
fe3afe8bfec3ff03
fc99fce9fd61fdd2
fcd1fc91fc78fc91
fd8afd61fcf1fcc9
fdb2fddafdcafd59
fdaafe12fdeafdea
ffacff73fe5afdca
0044ff9cfffcfff4
0216023600ed009d
02cf02df0297025e
0226027e027e01f6
01d601ae020e0216
01de01c6017501e6
012501a6019601b6
ff0bff1b008500d5
ff13fea3fe72fea3
fdd2fdfafe1afe9b
fd31fd31fd9afdf2
fe62fe7afdd2fd8a
fd41fd9afdcafdda
fd49fd41fd69fd39
fdb2fd79fd71fd61
fe02fe22fe42fdfa
fe32fdc2fde2fe0a
fe0afe42fe62fe6a
fd71fd61fd69fdc2
fe3afdd2fdcafdba
ff8cff33ff1bfecb
0034002c0014ffc4
001c002c002c0034
0014000c0004000c
ff84ffbcffd4ffec
fe62feb3fee3ff33
fc99fd01fd79fdf2
fc99fc78fc78fc89
fd41fc91fc70fcb1
fe12fe1afd8afd61
fdcafdfafddafdd2
0004ffb4fe4afdb2
ffacff9400340024
023e017500f500cd
02f70307030702a7
021e0266025e01d6
022e01f6023601e6
01be019e01c60246
015d0256021e01de
fee3ff13007400dd
ff03feebfeabfe93
fdd2fdb2fe02fe42
fd8afd59fd61fdba
fe32fe72fe42fdca
fd19fd41fd9afdba
fd31fd29fd51fd49
fdfafda2fd92fd71
fe2afe22fe3afe6a
feabfe7afddafdda
fd82fdcafdfafe6a
fdb2fd79fd79fd69
febbfe32fdc2fdea
ffccff94ff73ff3b
003c003c0034fffc
001c002400240034
00140014000c000c
ffa4ffccffec000c
fe83fed3ff0bff5b
fcc1fd21fd8afe12
fc78fc70fc78fc91
fcb1fc60fc91fca9
fe22fdbafd41fd31
fdfafdd2fde2fde2
006cff73fdf2fdb2
ff6bff8c00240054
011d008500e500ad
02560266024e0196
022e021e026e01f6
0226020601d601f6
023601c6015d01de
015d024e0256020e
fea3fefb0034009d
feabff0bfeb3fe5a
fd92fd8afdb2fe12
fda2fd49fd21fd9a
fdb2fe1afe62fdea
fd19fd11fd59fd82
fd41fd29fd51fd61
fe62fdc2fdbafd8a
fde2fe5afe62fe7a
fe4afeabfe93fdd2
fd92fd71fd9afdd2
fdcafddafdd2fdb2
ff13fe93fe02fe0a
001cffecffa4ff9c
0044003c002c0024
0024002c00240034
002400240024001c
ffacffdc00040014
feabff03ff2bff73
fce9fd21fd9afe2a
fc70fc70fc81fca1
fc78fc70fc99fc89
fde2fd71fd31fce1
fdd2fdbafddafdc2
0095feabfd9afdc2
ffa40074014d0115
00cd00fd00cdffcc
0266027e021e014d
0236027e026601d6
023e01ce01e60226
01960175016501e6
023e023e027e0216
fe83fedb008d019e
fe6afed3fe52fe52
fd79fd59fd82fdb2
fde2fd8afd49fd79
fd82fda2fe12fe32
fd49fd21fd41fd79
fd61fd39fd41fd71
fe62fe1afdcafdaa
fdd2fe22fe93fe93
fd8afdc2fea3fe83
fdd2fd9afd71fd8a
fe12fdfafe4afe02
ff84ff13fe42fe1a
00340024ffdcffb4
0044003c002c002c
001c002400340034
0024001c00240024
ffb4ffe4000c0014
fecbff13ff3bff7b
fcd9fd21fdbafe62
fc68fc68fc81fcb9
fc70fc89fc99fc78
fdd2fd59fd29fcd1
fda2fde2fd92fdca
0014fdf2fd69fd92
0044017d020e01b6
0115018e006cff7b
0276028f022601ce
01be022e021601f6
020e01ee024601ce
0145015d018e01de
02260256029f01ce
fe72ff4301650206
fe3aff03fe6afe32
fd79fd69fd59fd69
fe1afda2fd69fd61
fd69fd49fdcafe22
fd8afd59fd41fd79
fd71fd39fd29fd69
fe5afe32fe12fdca
fe6afdf2fe8bfecb
fd79fd41fd82fe52
fe1afdeafd79fd79
fe52fdfafe1afe7a
ffbcff84fee3fe2a
00440034001cffe4
004c004400340044
0024002c002c0034
00140024002c002c
ffbcffe40004000c
fedbff23ff63ff94
fcb9fd29fdeafe83
fc68fc70fc78fc99
fc81fc99fc89fc68
fdcafd59fd11fcc1
fd9afdcafd79fdfa
ff2bfda2fd69fdaa
013501c602060155
00ad004cffd40024
0266024e020e0105
01d6021e0216018e
01550196018e0186
00f500cd01150145
0165019601b60155
fe3aff3b014d01b6
fdf2ff1bfeabfe22
fd39fd69fd59fd39
fe5afe22fd82fd49
fd79fd39fd69fdea
fd71fd9afd51fd71
fdbafd59fd19fd39
feb3fe7afe62fe1a
fdfafe32fe42feb3
fd41fd82fd29fd49
fe83fe22fdeafd41
fe42fe42fe0afe52
ffe4ffbcff63fe9b
004c003400340014
004c00440034004c
003c002c00240044
0024003400440034
ffbcffec000c001c
ff0bff4bff84ffa4
fcc1fd41fdf2fe9b
fc50fc50fc70fc89
fc91fca1fc78fc60
fddafd59fcf9fca9
fda2fd82fd8afe02
fe52fd79fd8afd8a
011d01ae018e003c
005cffb4ffe400cd
01ee023e017d0095
0186012d01960155
019e01650135013d
013d00bd01250196
01860196018e0186
fe22ff33014501a6
fdcafefbfeabfe72
fd29fd21fd41fd31
fe1afe9bfe0afd8a
fd8afd79fd41fd79
fd49fd82fd82fd61
fe1afd92fd41fd29
fe7afea3fe4afe52
fd59fda2fe12fe52
fd29fd31fd71fd31
fe83fe8bfe32fdda
fe42fe62fe22fe32
fff4ffecffacff13
0044003c004c003c
003c004c004c004c
004c0044001c002c
00340054004c0044
ffbcfff4002c002c
ff43ff73ff94ffac
fcc1fd49fe0afecb
fc38fc58fc70fc78
fc91fc99fc58fc48
fdd2fd51fce9fc99
fd92fd71fdcafe02
fdd2fd59fd9afd92
015d01b600fdff33
ffc4ffec00bd0115
01c6020e00d5001c
011500b500d50085
012500fd010d015d
0175012d015d017d
000c00c5016d0145
fe32fef300640034
fdc2fedbfe9bfe62
fd71fd11fd49fd51
fdbafea3fe9bfdd2
fd69fd71fd82fd49
fd51fd71fd69fd39
fe3afde2fd71fd29
fe32fe83fe72fe4a
fd59fd51fd8afe22
fde2fd41fd31fd69
fe6afea3fe72fe3a
fec3fe7afe6afe42
001c0014ffe4ff8c
004c00540054005c
003c0044004c004c
00540054003c0034
003c005c005c0054
ffccfffc00240034
ff5bff84ff9cffb4
fcb9fd51fe32fef3
fc40fc60fc60fc70
fc89fc68fc40fc38
fdbafd41fcc1fc89
fdaafda2fe12fe22
fdbafd71fd79fd82
01de01ae0004fe93
ffa4004c01250175
0236019e005cffec
012500b5007c009d
00e5006c0054013d
01350216019e013d
00c500cd01a601a6
fe42feab00950125
fde2fef3feb3fe42
fdc2fd59fd39fd31
fd61fe2afed3fe22
fd39fd79fd92fd59
fd39fd79fd59fd09
fe52fe12fdaafd31
fe42fe3afe6afe62
fd51fd71fd51fd9a
fe42fdc2fd51fd39
fe4afe72fe6afe72
ff53feb3fe9bfe5a
005c001c0004ffd4
00640064006c006c
0044004c00540064
00640064005c0054
0044004c004c0054
ffd4fffc001c0034
ff5bff94ffa4ffb4
fcc1fd59fe32fefb
fc50fc50fc58fc78
fc81fc58fc38fc40
fdb2fd39fcb1fc81
fd9afd92fe12fe2a
fda2fd61fd71fd71
022e0135ff43fe8b
00340105015501ce
022e00bd000cffd4
00a500340034001c
00e5005c0014006c
020601d601be0175
014d018e01c6021e
fe1afe5a00040115
fdfafee3febbfe1a
fdfafd79fd19fd19
fd61fdaafe7afedb
fcf9fd82fd92fd59
fd39fd79fd71fd11
fe83fe52fddafd61
fdd2fe3afe12fe4a
fd21fd49fd61fd59
fe5afe2afda2fd51
fe5afe72fe8bfe6a
ffbcff53febbfe93
008500540024fffc
005c006400850085
005c006c0064005c
006c0074005c0054
003c003c00540054
ffdc0004001c002c
ff63ff9cffa4ffac
fcc1fd59fe2afef3
fc58fc60fc58fc78
fc70fc58fc38fc40
fdaafd11fc99fc89
fd9afd9afe22fe02
fd8afd49fd8afda2
019e0004ff63fe93
012501be01e601f6
015d0004ffe4004c
013d009d0024003c
010d0105009d0095
018e011d015d00fd
010d00e500bd0145
fe0afe2affd400dd
fe02fedbfec3fe02
fe9bfdd2fd31fd21
fd59fd82fdeafee3
fce1fd51fda2fd71
fd39fd59fda2fd41
fe2afe83fe22fd8a
fd59fdeafe22fdc2
fd41fd19fd21fd39
fe5afe2afdfafda2
feb3fe7afeabfeb3
000cffc4ff4bfecb
0095007c00440014
0064007400850095
006400640064005c
00740074006c005c
0034003c00540064
fff40004001c002c
ff73ffa4ffbcffd4
fcb9fd41fe3aff03
fc58fc48fc60fc81
fc60fc60fc48fc50
fdaafd11fca1fc70
fd61fdb2fe1afdea
fd59fd41fda2fdb2
0034ffc4ff63fe52
013d016501ce012d
004cffec000c012d
01c601c60186012d
012d01250115015d
022e01f601ee016d
020601c601f6021e
fe2afe0affd40196
fe0afeebfecbfe32
febbfe72fdb2fd51
fd82fd8afd9afdf2
fcf1fd31fd8afdb2
fd49fd41fd8afd71
fd92fe42febbfde2
fd21fd92fe22fdc2
fdbafd51fd19fd29
feabfe52fe1afdf2
fed3fe8bfe8bfecb
00340014ffdcff4b
00a5009d007c0054
00740085009500a5
006c006c00740064
007c007c006c0064
00340044003c0064
fffc0004001c002c
ff73ffa4ffc4ffdc
fcc1fd59fe52ff1b
fc58fc50fc58fc78
fc58fc50fc50fc58
fd9afcf1fc91fc58
fd19fdf2fe42fdda
fd39fd29fdbafd9a
ffb4ffc4fedbfde2
00fd018e01de006c
ffbc002400ad019e
01be024e01ce015d
0186018e01de01b6
02660246021e01c6
020e01be017501b6
fe3afe0aff2b0125
fe2afee3fee3fe52
fe32feebfe3afdaa
fda2fdaafd79fda2
fcf1fd19fd49fdca
fd61fd41fd61fd79
fd82fddafeb3fe3a
fd39fd51fde2fe22
fdf2fdbafd82fd49
fec3feabfe6afe22
ff4bfedbfe83fe9b
004c00440024ffcc
00bd00ad0095007c
007c0085009d00a5
006c007400850074
006c0085007c0074
003c004c00440064
fff4000c002c003c
ff6bff9cffbcffe4
fcc9fd71fe5aff1b
fc50fc48fc68fc81
fc50fc48fc50fc60
fd92fcf1fc89fc58
fd01fdc2fe2afdda
fd29fd41fdcafd49
0085ff73fe3afda2
011d017d00e5fffc
005c005c013d017d
01150135013d0145
013d018e01ee01ee
02ff02af01e600ed
025e027e027e02cf
fe1afe02fedb012d
fde2feb3fecbfe52
fdfafe7afe7afd9a
fd9afde2fda2fd82
fd01fd01fd31fdb2
fdd2fd61fd59fd71
fdf2fd71fe62fe72
fd61fd39fd61fe22
fe3afe2afde2fdb2
feabfed3fecbfe7a
ffbcff53fed3fe8b
007c0054001c0004
00950095009d00a5
008d00850095008d
007c0074007c007c
007c00850074007c
004400540064006c
fffc00240034003c
ff63ff94ffbcffe4
fcd9fd8afe7aff1b
fc50fc48fc60fc81
fc58fc58fc60fc60
fd82fce1fc89fc60
fd19fdd2fe12fdea
fd31fd71fdbafd19
00adfedbfde2fd8a
016500d5fffc00a5
0074006c01ae01b6
01a601a601d60175
01860155019601ee
021e01f6017d0175
00f50115019e01ee
fdfafe02fed300c5
fde2fe8bfed3fe52
fdd2fe0afdf2fdaa
fd9afdfafdcafd92
fd41fcf9fd49fda2
fe4afd8afd39fd69
fe1afd92fdaafe52
fdeafd8afd69fdc2
fe8bfe62fe52fe22
feb3feb3fee3fedb
001cffdcff63fedb
00ad00850054002c
009d00a500ad00ad
009d009d009d009d
008d007c0074007c
0085008d0074008d
004c005c006c0074
0004002c003c0044
ff53ff7bffacffdc
fd01fdc2fe93ff23
fc40fc48fc68fc99
fc60fc50fc58fc50
fd82fcb9fc89fc50
fd39fe1afe2afdf2
fd51fd82fd92fcf1
0054fe52fdcafd82
017d0034007c0175
00bd00e501fe021e
0115016501b601b6
015d01450145017d
00b5011d012d0105
00ad009500bd0074
fe12fe0afefb00a5
fddafe4afe93fe62
fdb2fdc2fd92fdaa
fdcafddafddafda2
fd69fd29fd41fdb2
fe42fdaafd21fd51
fdb2fdcafd92fdf2
fe22fe4afdeafda2
ff0bfeb3fe7afe2a
ff33fefbfed3feeb
006400640034ffb4
00bd00ad008d005c
00b500ad00ad00bd
008d009500ad00ad
008d008d007c007c
007c008d00950095
00640064006c0074
fffc002c004c0054
ff4bff73ffa4ffd4
fd69fe1afeb3ff2b
fc48fc58fc78fcd1
fc68fc48fc40fc40
fd59fcb1fc78fc50
fd51fe4afe2afdca
fd61fd71fd39fce9
ff73fe02fdc2fd82
00d50064018e0115
00b500c5015d019e
0155018e015d019e
015d01650135016d
01250125012d0115
01b60175011500e5
fe22fe3aff53014d
fdf2fe42fe83fe72
fd9afdaafd79fdb2
fddafd9afdcafda2
fd49fd59fd41fd92
fe0afe0afd31fd21
fd9afda2fd9afdb2
fe2afe1afe72fe22
fef3ff03fed3fea3
ffdcff73ff43fef3
009500850074005c
00cd00bd00ad00ad
00bd00bd00cd00cd
0095009d00ad00ad
008d0095008d008d
008d009500a50085
0064006c00740085
00040034004c005c
ff53ff7bffb4ffdc
fdeafe6afecbff2b
fc58fc68fc99fd41
fc60fc48fc40fc48
fd41fca9fc68fc50
fd59fe4afe22fdb2
fd71fd61fd09fcd9
feabfdfafddafdaa
00b5014501ce0064
00b500fd015d0135
01fe021e01860105
021601f601f601a6
016d01be01fe021e
0196015d010d0135
fe32fe72ff5b00ad
fe02fe3afe72fe72
fda2fd9afd61fd92
fdcafd8afda2fdaa
fd39fd39fd82fd79
fdc2fe4afdb2fd31
fe3afdcafd69fd79
fecbfe5afdcafe0a
ff03fedbfee3fee3
004cfffcffbcff73
00bd00bd0095007c
00fd00d500bd00c5
00bd00cd00cd00e5
009d00b500ad00b5
008d00950095008d
0095009500b50095
006c007c008d009d
fffc002c004c006c
ff4bff7bffbcffdc
fe32fea3fef3ff33
fc60fc81fce1fda2
fc58fc40fc30fc40
fd21fcb9fc68fc58
fd59fe3afe22fda2
fd69fd41fcf9fce1
fe3afdcafddafdba
01a6021e0165ffcc
008d013d013d0115
015d01ee020601a6
0236023e024e01b6
01ce0155017501d6
01e601a6016d018e
fe22fe52ff5300cd
fdfafe4afe52fe6a
fdbafdbafd82fd8a
fdc2fda2fd92fd8a
fd49fcf1fd92fd8a
fd82fe3afe3afd9a
fe02fe62fde2fd82
fef3feebfe8bfe02
ff6bff03feebff03
008d007c0044ffe4
00dd00d500cd00ad
010500e500dd00dd
00ad00c500bd00e5
009500ad00a500a5
009d009d00950095
0095009500ad00a5
00740095009d009d
000c001c003c005c
ff53ff84ffacffe4
fe72fed3ff0bff3b
fc78fca1fd09fdea
fc68fc50fc48fc58
fd21fcc1fc70fc60
fd59fe62fe32fdaa
fd31fd01fcf1fcd9
fdeafdb2fdd2fd82
02cf020e00c5fecb
004c00e50125015d
013d018602360236
02060246029f0246
0236016d013d0165
018e01c601a601ee
fe2afe42ff530085
fdeafe42fe52fe83
fdb2fe02fdcafd92
fdcafdbafd92fd71
fd41fd09fd79fda2
fd92fdeafe72fdf2
fe3afe32fe32fe02
ff13fedbfecbfe93
0014ff9cff53ff2b
00d500ad00a5006c
00f500e500dd00ed
00ed00ed00ed00dd
009d00ad00ad00bd
008d0095008d009d
009d009d007c0085
008d008d009d009d
00540085008d009d
ffe4fff4000c003c
ff4bff7bff94ffc4
fea3fefbff2bff3b
fc70fca9fd39fe22
fc60fc48fc48fc50
fd39fcc1fc78fc70
fd39fe2afe3afda2
fd41fd11fd31fd09
fdaafdcafde2fd71
0266013dff94fe2a
ffbc00bd00f50216
01c602260236020e
01de017501750175
025e021e01e601d6
01b6019601c60246
fe32febbff43009d
fdd2fe22fe52fe8b
fd82fdeafe1afdaa
fdd2fdbafdb2fd61
fd92fd29fd49fdb2
fe02fdc2fe22fe0a
fe52fe4afe22fdfa
ff1bfeebfed3fe93
0095006cfff4ff53
00cd00cd00c500b5
00dd00ed00e500dd
00cd00c500c500b5
007c009500b500b5
008d00850074007c
00a500a500950095
0064006c008d009d
000c003c005c006c
ffa4ffb4ffc4ffcc
ff43ff6bff84ff94
fed3ff13ff3bff43
fc99fcc1fd61fe42
fc50fc50fc60fc70
fd09fcb9fc70fc58
fd39fe0afe42fd92
fd82fd61fcf9fcd1
fd79fdf2fdc2fd8a
023e00edfee3fdda
004400d501be02bf
025e027e0276029f
00fd012d00f50196
01ce019e01550125
01fe01b601e601de
fe52fec3ff940115
fdd2fe12fe6afe9b
fd31fdaafe0afde2
fdeafdb2fdcafd92
fde2fd51fd41fdb2
fddafe22fdd2fe02
fec3fe93fe6afdea
ff0bfecbfedbfedb
00bd008d0024ff94
00b500cd00dd00d5
00b500cd00e500d5
00b500a500a5009d
007c008d00a500b5
00a50074006c006c
0064007c009500a5
ffacffe40034005c
ffc4ffb4ffb4ff94
ffd4ffc4ffb4ffb4
ff4bff6bff9cffb4
feebff33ff43ff53
fca1fcc9fd92fe6a
fc70fc81fc81fc99
fcf9fcb9fc68fc50
fd59fdcafe2afd71
fd19fcd9fcb9fcd1
fd9afdf2fd92fd51
016dffd4fe3afda2
009d01c602c70297
028702bf02870287
012d0165013d01b6
0196006c005c00ed
025e01ce0236026e
fe42febbfff401b6
fe0afe32fe7afe93
fd11fd41fdaafdda
fdeafdd2fddafde2
fe2afdcafd69fd79
fdc2fdf2fe3afe2a
fef3fee3febbfe32
ff3bff1bfef3ff03
005c0004ff9cff5b
00ad00bd00c500a5
00ad00cd00dd00c5
009d009500a500a5
007c007c009d00a5
009d00850064005c
ffc40014006c0095
fee3ff13ff4bff9c
ffdcff9cff4bff0b
00140024002c000c
ff73ff94ffd4fff4
fef3ff43ff4bff63
fca1fcd9fdc2fe7a
fc91fca1fca1fca9
fcf9fcb1fc58fc58
fd59fdc2fe62fd61
fd31fcd1fcc1fcf1
fde2fdeafd82fd49
005cfec3fdd2fd92
ffdc01ee021e0175
0276021e023601e6
0196016501d60236
01fe015d01960175
028f0276029f029f
fe2afee3000401a6
fe02fe42fe5afe7a
fd51fd01fd92fdba
fdc2fdcafdbafdda
fe83fe12fda2fd82
fe12fdf2fe5afeb3
ff73ff23ff1bfebb
003400440034ffec
000c0004000c0004
00ad007400740054
00bd00cd00c500b5
007c008d00a500a5
007400740074007c
00a5008d005c005c
ff9cffdc003c007c
ff8cff5bff43ff6b
005c0054fffcffbc
002c003c0054005c
ff73ff8cffd4000c
ff0bff5bff7bff73
fcc1fce9fde2fe93
fcb9fcc1fcb1fcb1
fcf1fca1fc60fc89
fd59fd9afe4afd49
fd29fcd1fcc9fd21
fe02fdc2fd82fd51
ff0bfdfafd9afdc2
002c01be01750064
024601ee022601ce
010d01e6021e024e
0115012d014d00f5
01ee028f02a70206
fe1afef3006c014d
fe1afe42fe3afe62
fd79fd01fd41fde2
fdb2fdb2fdc2fdaa
fef3fe7afdd2fdb2
fe83fde2fe3aff3b
0014ffacff33ff0b
00dd00fd00d5007c
0074008d009500b5
009d007c0074005c
00c500cd00bd00ad
007c008d009d009d
006c007400740074
00ad0085005c0064
0014002c004c007c
006c005c002c000c
00850085007c0085
001c0034005c007c
ff7bff84ffb4fff4
ff1bff5bff84ff8c
fcc9fcf1fdf2fea3
fcb9fcb1fcb9fcc1
fcd9fca9fc91fcb9
fd41fd39fdfafd29
fd29fce1fce9fd61
fde2fdb2fd79fd59
fe1afdb2fdd2fe32
00b5017500cdff84
018601be01ce011d
019e015d016d018e
013d0175023e020e
012501f6023e01de
fe0afee3006c0115
fe1afe32fe62fe2a
fdaafd29fd09fd92
fda2fd79fdaafd82
ff4bff1bfe32fdf2
fed3fe42fe3aff8c
008d002cff9cff2b
00ed00ed00d500cd
00d500e500ed00e5
009d00ad00c500b5
00bd00cd00c500a5
00640064008d00a5
007c007c006c006c
00a50074004c0064
00850095008d0095
00b500c500bd0095
009d009d008d009d
000c003c0064008d
ff8cff94ffa4ffdc
ff2bff73ffacffbc
fcc9fd01fe12feb3
fca9fc99fcb9fcc9
fcd1fcb9fcc1fcb9
fd29fd11fdcafd39
fd39fd11fd29fd49
fdb2fda2fd82fd69
fdc2fd9afe2afdc2
0155013d0014fe8b
014501960186015d
012d0085010d018e
0216029702a701d6
01be01fe022e017d
fe2afefb007c0196
fe02fe02fe42fe02
fdb2fd61fd09fd61
fd8afd39fdaafd8a
ffdcff9cfeabfdf2
ff0bfed3fe62ff53
00ad007c000cff8c
00dd00cd00c500c5
00dd00e500e500e5
00c500dd00ed00ed
00b500c500cd00bd
00640064008d00ad
008d0085005c0054
00a5006c0054005c
00cd00c500c500b5
00b500c500d500cd
008d00ad00b500b5
0004002c006c0074
ffacff94ff8cffc4
ff33ff94ffccffcc
fcc9fd01fe1afec3
fc99fc99fcb1fcd1
fcc9fcd1fcc1fcb9
fd09fcf9fdb2fd29
fd51fd29fd29fd19
fdb2fd9afdaafd9a
fdaafd92fd92fdb2
011d00d5ff8cfdfa
01050155018e0196
01fe01ce015d00e5
019e01c6016d018e
0226021602970175
fe52ff23017d01fe
fddafdfafe3afdda
fd82fd51fd01fd49
fd61fd39fd9afda2
0014001cff73fe2a
ff8cff53fecbff3b
00e500c5007c000c
00cd00d500dd00e5
00cd00a5009d00bd
00d500dd00e500e5
00dd00d500d500cd
0064008500a500bd
007c00850064004c
00a50064005c005c
00e500dd00cd00cd
00cd00cd00cd00dd
009500a500c500cd
ffd40014005c0074
ffccff8cff7bffb4
ff33ff9cffecffec
fcc9fd01fe12fecb
fc99fca9fcc9fcd1
fcd1fcd9fcc9fcb1
fd01fd11fd79fd21
fd31fcd1fce9fd19
fd92fd8afd8afd51
fd92fdaafdb2fdd2
0095ffb4fe62fdca
016d01e6020601e6
0256028f02560125
020e01ae012d01de
01f601fe02260186
fe5aff13019e0276
fddafdc2fe2afdca
fd71fd29fd09fd51
fd61fd49fdb2fd8a
003c007c0044fefb
002cffccff73ff0b
0115010d00fd00a5
00b500e500fd010d
00a50085007c008d
007400bd00cd00c5
00f500ed00d50095
0085009d00ad00cd
007c00740074006c
00b50074004c005c
00ed00ed00e500dd
00d500cd00d500e5
009500ad00bd00cd
ffcc000c003c006c
ffe4ff9cff63ff8c
ff3bff9c000c000c
fcc9fcf9fe0afecb
fca9fcb9fcd9fce9
fce1fce9fcc9fcb1
fd11fd31fd61fd29
fd29fcd1fce1fd09
fd82fd9afd61fd49
fd82fd71fd8afd92
ff53fe62fdc2fd82
020601be01be0175
0196018e026e0196
0256021e01fe0216
02bf02d7029f025e
fe72ff03002c0246
fdf2fdcafe22fdd2
fd49fd21fd11fd79
fdc2fd61fdbafd41
0034008500b5ffdc
00850014ffc4ff2b
011d0135014500f5
008d00cd00ed0105
00640064006c0054
ffec007c00a5008d
00e500d500b50044
00ad00ad00cd00ed
0064007c007c0095
00cd0085004c0054
00d500e500f50105
00c500cd00cd00d5
006c007c009500b5
ffd40004001c004c
0014ffbcff5bff84
ff3bff940004002c
fcc9fce9fe02fedb
fcb1fcd1fcd1fcd9
fcf1fce1fcd1fca9
fcf1fd11fd41fd11
fd29fcd1fcc9fd01
fd79fd92fd61fd59
fd61fd41fd82fd8a
fe93fdf2fdaafd69
0196016d019e0155
019e013d01be019e
027601860196023e
02cf030f030f02df
fe62feebffb401be
fe0afde2fe22fde2
fd01fd11fce9fd92
fe5afd49fdb2fd19
0024009500cd007c
0085004c0004ff63
00c500d500cd00ad
001c005c008500ad
0024fffc0004fff4
002c00640064003c
00ed00c50095004c
00bd00c500ed0105
0064007c008d00ad
00dd008d003c0044
00ad00b500d500f5
003c005400640095
ffccffe4000c0034
ff43ff4bff73ffa4
003cfff4ff6bff43
ff23ff84fffc003c
fcb9fcd1fdeafec3
fcc9fcd9fca9fcc9
fce9fcd1fcc1fcb1
fd01fd11fd49fcf9
fd29fcb9fca9fcf1
fd71fd79fd61fd59
fd49fd41fd92fd69
fe32fddafdaafd51
01f6018e011d012d
017d014500d5017d
01ce019601ce021e
017d019e018e015d
fe72fea3ff2b0095
fe12fe02fe3afe02
fcc1fd19fce9fdc2
ff03fd59fd92fd21
fff4007c00fd00d5
003400440014ff8c
00bd00cd00a5004c
0014006c008500c5
ffdcffccffb4ffc4
00340044001cffe4
00ed00cd00850034
00dd00f5010500fd
004c007400a500bd
00cd0085002c002c
0034006c009500b5
fffcfffc00240024
ff53ff84ffb4ffec
feb3fecbff13ff4b
0034fffcff5bfef3
ff0bff84fff40034
fcb9fcb9fdbafea3
fce1fcb9fc99fcc1
fce1fcd1fcc1fcc1
fd19fd29fd61fce9
fd21fcc1fca1fcf1
fd79fd61fd59fd51
fd69fd79fd8afd41
fddafdaafd71fd59
014d0186017d0175
01de01ce015d00d5
013501c601de01fe
00dd00e5008d009d
fea3fe9bfea3ffe4
fdfafe22fe32fe1a
fca1fcf9fd29fde2
ff73fd61fd82fd41
004400bd011500fd
ff94ffe40014ffec
fef3ff43ffa4ff5b
fe2afecbff03ff6b
ff5bfeb3fe0afd92
0024002cfff4ff9c
00f500dd0095003c
00fd0115010d0115
0044007c00b500d5
009d0064001c001c
ff9cffdc0054008d
fdaafdcafebbff2b
fde2fe6afe1afdca
fe9bfe5afddafd9a
fffcffccff5bfeeb
ff03ff8cfff40024
fca9fcb1fda2fe8b
fcc9fc99fc89fca9
fce1fcd9fcb9fcc1
fd31fd41fd49fce1
fd21fcd9fca1fcf1
fd8afd51fd41fd41
fdc2fd61fd71fd51
fdaafd71fd79fdd2
016d01fe022e0276
0256023e025e01de
015d01ee02c702df
005c00ad00d500f5
feb3feabfe6aff9c
fe1afe42fdf2fdea
fca9fcf1fd59fdf2
ffbcfd9afd59fd39
007c00bd010d00fd
00640054004c0034
ff3bff84ffd4002c
fe02fe93ff3bff63
febbfe0afdb2fdaa
001c0014ff13fea3
010d00f5009d000c
01050125011d0125
0034007400bd00dd
009d004c000c0014
fef3fea3ff73007c
fd9afda2fdfafe7a
febbfec3fe52fdda
ffccffc4ff7bff03
001cfff4ffccffc4
feebff9cfffc0024
fc99fcb9fd8afe72
fcb1fc81fc70fc99
fce1fce1fcc1fcc9
fd29fd51fd41fce9
fd21fce9fcb9fd11
fd8afd61fd41fd49
fd9afd51fd59fd51
fda2fdbafe1afe4a
0297031702ff02cf
031f030702a70246
005c017502e7030f
013500ed00c5009d
feb3feabfe42fffc
fe2afe72fddafdda
fcb9fce1fd71fdf2
ffd4fdc2fd49fcf9
009500ad00e500ed
00cd009d006c0064
009500d500e500ed
ff7bff9cffe4003c
ff53ff3bff33ff6b
00240004ff84ff5b
010d00fd009dffdc
010d013501450125
0024006c00b500dd
00ad0034fff4fffc
ffbcffa4ff730054
ff03ff23ff73ff9c
000cffacff5bff33
001c0054008d0064
0004ffe4fff40014
fee3ff9cffecfffc
fca9fcd9fd79fe62
fcc1fc70fc50fc91
fce9fcc9fcc1fce1
fd49fd49fd31fcf9
fd09fcf1fcc1fd19
fd61fd51fd41fd39
fd61fd59fd29fd39
fd92fe1afea3fe1a
02ff02af023e023e
0287027e027e02bf
018601d602df02e7
01ce01ae010d0115
fed3feabfe620074
fe32fe72fdc2fdfa
fcb1fce1fd82fde2
ff9cfdb2fd51fcc9
00ad00cd00f500ed
00f500b500850095
012d01450135011d
008500ad00cd00f5
fffcffec000c004c
0044008d006c0024
010d00fd00c5002c
0105012d013d012d
0014006c00ad00cd
00a50034fff4ffec
0064008500740095
003c00540074005c
0085008d006c0054
003c004400640074
ffdcffb4fff4002c
ff0bff9cffe4ffec
fcb9fd01fd71fe5a
fcb1fc58fc38fc81
fcd9fcc9fcc9fce1
fd51fd69fd21fce9
fcf9fcf9fcd9fd09
fd61fd39fd41fd31
fd59fd29fd19fd51
fdb2fe83fe8bfdc2
02ef025601d601d6
01b6014d01d602af
0266025e020e0206
01de01ee013d016d
fedbfedbfed300ad
fe4afdf2fd71fe02
fcc9fcf1fdc2fe02
ff43fdaafd71fcd1
00e500fd00f500fd
00ed00d500ad00c5
0105011d011d010d
009d00c500e500f5
0044004400440064
007c00a5008d005c
011d00f500d5008d
00f5011d0135013d
0004004c007c00bd
0074000cffe4fff4
008d00b500cd00bd
005400440054006c
002c004c005c0074
003c002c00140024
ffdcffe4000c0034
ff1bff94ffbcffcc
fcd9fd11fd71fe4a
fc99fc50fc48fcb1
fcc9fcc9fcd1fcd1
fd8afd92fd31fcf1
fd11fd11fcd1fcf1
fd51fd29fd41fd49
fd11fd19fd31fd51
fe12fe8bfe0afd51
02a7029f028f027e
01a601c602a702b7
01de01de01e601b6
01c601a601650165
fecbfee3ff3300ed
fe42fd8afd51fe22
fce1fd41fdeafe22
ff3bfda2fd69fcd1
0105011d011d00fd
00ed00ed00e500f5
00cd00dd00ed00fd
00a500b500c500c5
0074007c008d008d
009d00b500ad0095
010d00fd00e500ad
00d5010501250135
0014003c007400ad
0044ffe4ffdcfffc
00a500bd00cd009d
002c002c00540085
ffe400040014002c
00640044fffcfffc
ffe4001c002c0054
ff13ff7bffa4ffdc
fcd9fd09fd71fe4a
fc91fc58fc89fce1
fcd1fcd1fcc9fcc1
fdd2fd71fd09fce1
fd11fd09fce9fcf1
fd49fd21fd39fd49
fcf9fd29fd21fd49
fe83fe3afdaafd49
023601ae0246029f
015d01ee025602d7
01f601f601c60175
015d014501150175
fec3febbff630115
fdf2fd49fd8afe32
fd09fd9afe2afe62
ff2bfdb2fd92fcd9
0135013d013500fd
00f500fd01050125
00dd00fd00ed00e5
00cd00dd00d500dd
00b500ad00b500bd
00ad00a500c500bd
011d010d00f500cd
00dd00f50115012d
00140034007400ad
0024fff4ffecffdc
009500b500ad0074
0014002c00540074
001c0014fffc000c
0085007c004c0024
00040034004c005c
ff1bff73ffacffd4
fce1fd09fd69fe3a
fc89fc58fca9fcf1
fcd9fcd9fce1fcb1
fdb2fd31fd09fcf9
fd01fd29fd11fd29
fd51fd19fd39fd31
fd09fd49fd39fd41
feb3fdeafd79fd39
01fe0145016d022e
01350074012501a6
022e020601f601e6
015d01a601c601c6
feabfe93ffdc0165
fdaafd29fdaafe22
fd59fddafe1afe62
fefbfdb2fd92fd11
01550155014500ed
00f50115012d014d
00dd00e500cd00d5
00f5010d010500f5
00d500ed00dd00e5
00bd00a500bd00c5
011d011d010500e5
00cd00ed0105011d
fffc003c0074009d
001c00140004ffdc
008d009d008d005c
001c003c00640074
0054002c00140014
00a500ad00a50085
001c004400740095
ff0bff6bffa4ffe4
fd09fd11fd69fe32
fc81fc58fca9fcf9
fcd9fce9fcc9fca9
fd79fd11fd09fd09
fd29fd31fd09fd61
fd41fd19fd31fd41
fd21fd41fd31fd21
fea3fe62fda2fd11
0135018e01b601de
01d600c500440095
01ae01de0266026e
016d012d01a601ee
fee3feeb004c019e
fd82fd41fdcafe2a
fda2fdf2fdf2fe52
fe9bfdc2fd92fd49
0155014d014500cd
00fd011d013d0155
00e500ed00dd00dd
00fd00fd00fd00fd
00dd00dd00ed00f5
00cd00a500b500bd
01250125010d00f5
00b500e5010d0125
000c002c005c0095
0024002c002c0004
0074007c006c003c
00740085007c0074
009d0085007c0074
00b500bd00c500b5
002c004c0064008d
fefbff73ffcc0004
fd21fd29fd79fe22
fc78fc58fc99fd11
fce9fce1fcb1fca1
fd31fcf9fd09fcf9
fd39fd31fd29fd59
fd21fd19fd29fd31
fd31fd41fd31fd09
fe3afdcafda2fd29
011d018e01be0206
026e01fe015d00ed
0216024602970266
01f601de022e0236
ff1bff23012d021e
fd31fd51fdc2fe12
fdaafdcafdcafe22
fe5afdd2fd92fd41
01450145014d00bd
0125013501450155
0115010501050115
00fd01050105010d
00c500cd00ed00fd
00d500ad00ad00bd
013d012d0125010d
009d00ad00dd0115
0014002400540095
003400540044000c
006c0064005c0034
009d00950085007c
00ad00b500b5009d
009d009d00bd00cd
0044005c00540074
fefbff8cffec000c
fd71fd71fd92fe22
fc78fc58fca9fd39
fcf1fcd9fcb1fca9
fd29fd11fd11fcf1
fd29fd31fd31fd49
fd11fd31fd51fd19
fd51fd49fd29fcf9
fdc2fd59fd11fd09
01de01b601d6021e
02f7029f02870236
029f024601f6028f
0276028f02970287
ff1bff94018e025e
fd09fd92fde2fe1a
fd71fdcafdeafdda
fe62fde2fdaafd39
01450155015500c5
013d014d014d013d
011d012501350135
00fd010d011d0125
00ad00bd00d500e5
00ed00bd00bd00b5
011d01350135011d
009d00a500ad00e5
0024003c004c007c
005c005c003c001c
007c006400540034
00b500a5009d0095
00c500bd00ad009d
009500a500b500c5
0044006c005c0074
fef3ff94fffc0014
fddafdb2fda2fe22
fc78fc50fcb1fd92
fcf1fcc9fcb9fca9
fd31fd21fd09fd01
fd31fd29fd29fd49
fd01fd31fd29fd01
fd49fd19fd11fcf9
fd92fd61fd21fd29
025601c601c6022e
02ef02d7030702ef
025e0236022e027e
0266027e02a7028f
fedbff8c018e024e
fd11fde2fe4afdf2
fd82fdd2fe22fd92
fe62fddafda2fd31
015d016d015500a5
014d014d014d014d
0135013d0145013d
00fd01050115012d
00ad00ad00cd00dd
00ed00c500bd0095
00ed0135014d0125
007c0085008d00a5
002c0044005c0064
004c00440034002c
008d0074005c004c
00ad009d00a500ad
00c500ad009d0095
009500a500b500bd
00340054006c0085
fee3ff84ffec0014
fe02fdcafda2fe1a
fc68fc50fc78fd82
fcf1fcc9fcb9fc91
fd39fd09fcf9fd01
fd39fd39fd59fd59
fd01fd21fd21fd31
fd49fd09fd09fcf1
fe02fd8afd21fd49
025601d601a6018e
01f6023e02560297
01ee020601de01ce
018e01ce01fe01ae
feb3ff5b00e5015d
fd31fdc2feabfdf2
fda2fde2fe3afd29
fe22fe02fd82fd51
016d017d0165002c
0135014d01550155
0135013d012d010d
00ed00dd01050125
00a5009d00bd00d5
00f500c500b50095
00ed012d01450135
00740074009500bd
000c0024005c006c
00140014001c002c
00b5008500540034
008d0085009500bd
0095008d009d008d
008d009500a500ad
003c003400540074
fed3ff63ffc40014
fdbafdc2fda2fe1a
fc70fc58fc38fcd1
fce9fcc1fca9fc78
fd41fd11fd01fd01
fd61fd79fd79fd71
fcf9fd11fd11fd39
fd49fd19fd09fce9
fdcafd82fd71fd8a
014d019601ae0186
01de01960155012d
018601fe01b6016d
0115013500fd00ed
fe6aff4b009500cd
fd79fd61fe2afe0a
fdbafe02fe12fd29
fe0afe12fd79fd71
017d017d015dffd4
0145015501550165
013d013d01350135
00dd00dd00fd0125
008d00a500a500bd
00bd00ad009d009d
00ed010d010500dd
005c0074009d00c5
001c0044006c0064
ffccffec000c0024
009d00640014ffbc
0074005c008d00a5
0074007c008d008d
008d009d00ad009d
004400340054006c
febbff4bffac000c
fce1fd8afdaafe12
fc58fc50fc30fc40
fcd9fcc1fca1fc68
fd29fd09fd09fcf9
fd79fd8afd82fd71
fd11fd31fd29fd51
fd39fd29fd01fcf1
fd8afd92fdbafd8a
01f601b601ae017d
01c6022e021601fe
012d011d0115011d
01750155013500e5
fe32fed3fffc0105
fdbafd69fd8afe32
fde2fe42fdd2fd61
fe02fe1afdbafdb2
017d017d0155ffa4
0145015d016d0175
0135013d01350145
00d500f500f50115
008d009d009d00b5
0024006c0085007c
00cd00c500a5004c
0054005c0074009d
0044005400640064
ffb4ffe4fff4002c
006c0014ff6bff53
006c006400950085
00740085006c007c
008d0095009d007c
002c00440054006c
febbff43ffa40004
fc78fd51fda2fe1a
fc48fc50fc38fc38
fcb9fca9fc91fc60
fd09fd09fcf9fce1
fdaafd8afd92fd29
fd29fd31fd51fdaa
fd29fcf1fcf1fcf1
fdbafdeafdb2fd9a
01b60115018e01de
016d01f601de0216
01e601550165012d
01650236023e0246
fe22feabff7300dd
fdb2fdaafda2fdb2
fe1afe42fda2fd8a
fe0afe12fdeafe02
018e018e014dff7b
01450165017d0186
0115012d012d013d
00d500e500ed00ed
0074008d00a500ad
ffa4ffd400340054
009d008d006c0014
003c004c006c0085
0054003c0044005c
ffe4fffcfffc0034
002cff43fee3ff9c
0054005c0085006c
0074007c006c007c
003c004c007c006c
ffec0024003c004c
fecbff43ff8cffdc
fc58fd11fd9afe1a
fc50fc50fc48fc48
fca9fc99fc68fc40
fd21fd11fce9fcc1
fda2fd92fd41fd09
fd49fd61fdb2fdda
fd51fd19fd01fd11
fdbafe1afdc2fd9a
016500b5009d00ad
01d601f601be0196
0206019600fd00dd
019e0216019e0165
fdeafe72fedb0085
fda2fdfafe2afdd2
fe52fde2fda2fd8a
fe3afe32fe0afe0a
018e0196013dff53
0145015d016d0186
011501250135013d
00bd00dd00dd00ed
00440064008d0095
ffd4ff5bffbc0024
0095006c005c0034
005c0064008d00a5
0044004400340044
fffc000c00040024
ff63fe7aff730004
005c005c0074003c
008d008500850074
fff4001c005c0074
ffdc000c001c0024
febbff33ff6bffac
fc50fce1fd92fe1a
fc48fc50fc60fc50
fca9fc81fc48fc38
fd21fd01fcd1fca9
fd51fd39fd29fd29
fd79fdb2fde2fda2
fd11fd09fd29fd71
fdc2fdcafd69fd41
020e01be0115008d
012d0155018e01f6
01ee020601ce017d
011d021601a60196
fdeafe42fe0aff1b
fd8afdf2fe42fe0a
fe42fda2fdbafd69
fe5afe72fe22fe1a
01960186011dff23
013d014d01750196
0125013d01450145
00a500bd00d500fd
0014003c0064007c
003cff8cff53ffd4
00c5008d00740064
008d007c00a500c5
001400340044007c
0014000c0004fffc
fe93fea3ffcc0014
006c00740064ffcc
005c006c007c0074
001c003c0054005c
ffacffcc00040014
febbff33ff53ff73
fc48fcc1fd8afe1a
fc50fc50fc68fc50
fca1fc60fc48fc40
fd09fcf9fcc1fcb9
fd39fd39fd51fd41
fdbafddafdbafd59
fd11fd51fd71fd92
fdcafda2fd31fd01
011501a6017d0105
01f601be0196018e
020601fe01ee020e
ff8c011d01f601ee
fe1affcc0014fecb
fd8afdf2fe12fe0a
fdf2fdb2fe02fd8a
fe5afe72fe32fe4a
0186018600fdfedb
0135014d017d0186
0135014501450145
009d00b500d50105
ffdc0004003c0085
0074fffcff53ff7b
00f500cd00ad0095
00c500d500e50105
fff4000c002c008d
00040004fff4ffe4
fe6aff03ffc4fff4
0074006c0024ff4b
004c0064005c0054
00040024004c0054
ff94ff94ffdcfffc
feb3ff2bff53ff73
fc48fca1fd71fe0a
fc58fc68fc70fc68
fc89fc58fc38fc38
fd19fce9fcc1fca9
fd59fd71fd59fd39
fdd2fdbafd8afd59
fd82fdaafdbafdfa
fdd2fd82fd21fd39
00fd018e017d015d
0256021e02060155
01b601ee0206026e
ff63ffa4003400ed
fe5aff9c00ad0085
fda2fe02fe0afdf2
fd92fdf2fe02fdb2
fe6afe62fe32fe22
017d017500edfecb
0145016501860186
013501450145014d
007c009d00dd010d
ff9cffe4002c006c
00bd0054ffb4ff5b
0115010500dd00b5
00c500dd00f50105
ffccffec00140074
ffecfffcffe4ffd4
fea3ff0bffbcffd4
0074005cffecff3b
004c004c0054005c
000c001c003c004c
ff8cff73ffb4ffec
feabff23ff53ff73
fc48fc99fd61fe02
fc60fc81fc78fc68
fc81fc58fc38fc40
fd01fcc1fcb9fca1
fdb2fdb2fd92fd61
fdcafdaafd69fd71
fdc2fe12fe02fdda
fe3afdaafd79fda2
01c601e601be0145
01f601e6020e01c6
013d0175021e0236
012d0054012500fd
fec3ffa40014016d
fdcafe3afe62fe22
fd9afe22fe02fdc2
fe5afe5afe22fdaa
016d014d008dfea3
0155016d017d017d
0135013d01550155
006c009d00dd010d
ff63ffb4000c0044
00fd00950034ffac
010500fd00dd00ed
008d00ad00d500f5
ffc4ffe40004003c
ffdcffdcffbcffb4
feebff03ff84ffb4
006c0054ffecff73
0044005c00740074
fff4001400140024
ff7bff84ff9cffd4
fea3ff1bff4bff63
fc50fc81fd49fdea
fc60fc89fc78fc70
fc81fc50fc38fc40
fcc9fcc9fca9fc91
fdeafdc2fd82fd31
fdd2fd82fd8afdba
fea3fe93fde2fdda
fe42fdaafd8afdda
01b6021601e601c6
0186016d017d01b6
01f6017d01a6019e
020601ee020e0226
fe8bff8cffec00b5
fdf2fee3feb3fe5a
fdcafe5afe12fde2
fe5afe4afe22fd82
016d014d0014fe5a
015d017501860186
011d013501450155
0054009500d50105
ff94ff84ffdc001c
00f5009500640024
00bd008500bd00ed
0044007400c500ed
ff94ffd4ffe4000c
ffccffacff5bff5b
ff4bff13ff4bff94
0085004c000cffac
00340064007c008d
ffdcfffcffec0004
ff63ff73ff8cffc4
fe8bff1bff4bff4b
fc60fc68fd31fdca
fc60fc91fc78fc70
fc70fc50fc38fc48
fcc9fce1fcb1fc89
fdf2fd92fd59fd31
fd9afd92fdd2fdea
fed3fe0afdfafdda
fe1afd8afdbafedb
0186015d019601ae
0196017d0165018e
0246018e015d0165
01d602e70236027e
fe93fee3ffc4002c
fdeaff23fef3fe5a
fe1afe7afe1afdf2
fe5afe52fe0afdc2
016d013dffacfe1a
015d017d019e019e
00fd011d0135014d
0044008500cd00fd
ffecff8cffa4fffc
00a50085007c0064
000cff9c000c0095
0024006400a5008d
ff4bff84ffbcfff4
ffa4ff13fee3fefb
ff73ff33ff2bff84
00950064001cffcc
003c006400850095
ffd4fff400040024
ff4bff6bff94ffc4
fe7aff1bff43ff33
fc68fc60fd09fdaa
fc68fc91fc89fc78
fc60fc60fc48fc50
fcf9fcf1fcb1fc89
fdcafd69fd61fd31
fdbafddafdeafe0a
fe02fe1afe0afdba
fdf2fdcafe5afe5a
0165014d01650175
0175017d01a60175
027601de01be017d
004c026602b702ef
ff5bffbcff6bff73
fdf2fec3febbfebb
fe42fe8bfe12fe02
fe52fe32fe02fdfa
016d0105ff0bfe02
01750196019e0196
00fd0105011d0155
0024006c00bd00ed
004cfffcffb4ffcc
007c0085008d008d
0024fffc001c0074
fffc002c0034002c
ff23ff63ff8cffcc
ff43fef3fedbfedb
ff8cff5bff63ff63
0074005c001cffd4
0044007400950095
ffccfffc00140024
ff33ff4bff73ffa4
fe42ff0bff4bff4b
fc78fc68fce9fd8a
fc60fc91fc99fc89
fc60fc70fc50fc50
fd19fcd9fc91fc78
fda2fd79fd69fd31
fe52fe22fdfafdd2
fe52fe5afe6afe32
fe1afe62fe3afe32
0165014d013d013d
01ae017501b6016d
021e01f6020e01de
ff5b0014019e02af
00cd00d5000cff53
fe0afe72fe93ff5b
fe8bfeb3fe42fe22
fe42fe2afde2fe3a
016d0085fe83fe02
0175018e0196018e
0105012501350155
ffec0034008d00d5
009500540024ffe4
008d0095009d00a5
004c004c006c0085
ff9cffdc001c0044
ff3bff7bffc4ffbc
ff43ff0bff13ff13
ffa4ff94ff94ff94
005c004c0004ffc4
003400740085006c
ffb4ffe40004000c
ff43ff43ff3bff73
fe0afef3ff43ff63
fc81fc68fcb9fd79
fc68fc99fca9fc99
fc68fc70fc68fc68
fd29fcc1fc99fc81
fda2fd92fd79fd59
fee3fe4afde2fd92
ff1bfeebfe6afed3
fee3fe93fe93ff0b
0186017d01450125
01ee01860175015d
013d020e024601a6
002cffa4fff4008d
01650175006c002c
fdeafe4afea3ffa4
febbfec3fe3afdf2
fe32fe3afdd2fe42
015dff8cfe1afdf2
018e01a601a60196
00ed0135015d016d
002cfffc003c00ad
00ad0095007c006c
008d00a500b500bd
00740085007c008d
ff8cfff4003c0064
ff3bff7bffdcffa4
ff5bff33ff23ff23
ff9cff73ff8cffac
0044002cffdcffac
005c006c00540034
ff8cffbc00040034
ff73ff53ff23ff43
fdd2feb3ff33ff7b
fc91fc70fc81fd51
fc70fc91fcb1fca1
fc78fc78fc78fc70
fd11fcb9fcb1fc99
fda2fdaafd8afd82
fe42fdfafdbafd9a
ff63feebff33fef3
ff23ff2bff9cff9c
01450155017d01ce
025e020e023e01e6
00fd015d019e01f6
00d50034000c0034
0206023601de012d
fddafe42fecb003c
fec3fe9bfe4afdd2
fe2afe3afdf2fe7a
00f5fe8bfdeafde2
01a601a601a60196
00d5011501550186
00b50054001c0085
00b500ad00bd00d5
009500ad00cd00cd
0074007c00740085
ff7bffe400440085
ff4bff8cffdcff9c
ff84ff53ff33ff2b
ff8cff7bff9cffac
001c0004ffc4ff8c
004c00440034001c
ff94ffb4fff4002c
ff84ff73ff6bff73
fdb2fe42ff03ff63
fc99fc78fc70fd11
fc78fc91fcb1fcb9
fca1fc91fc89fc78
fd11fcd1fcb9fcb9
fdc2fda2fdaafd8a
fdfafde2fdaafdc2
ff53ff23fe72fe0a
ffbcff94ff9cff43
0115017d01be01ee
0206022e026e01a6
015d025601e601a6
00f5ffecffcc007c
01fe02af02b70256
fde2fe1afed3007c
fecbfe8bfe12fdfa
fe42fe5afe2afe93
ffecfddafddafdda
018e017d01a60196
00dd010d014d0186
00f500bd0064008d
00bd00b500dd0105
00b500dd00f500fd
006c007c007c00a5
ff63ffd40054007c
ff8cffbcffe4ffa4
ff8cff3bff3bff5b
ff53ff63ff84ff9c
0014fffcffb4ff63
003c00340024000c
ffb4ffe4000c002c
ff73ff8cff84ff84
fd82fdeafebbff2b
fca1fc89fc68fcb1
fc91fca1fcc1fcc9
fcd1fcb1fc99fca1
fd21fcc1fcc9fcd1
fde2fdeafdc2fd79
fdfafdc2fdbafdda
fecbfe32fe1afe02
ff8cff4bff13ff03
01b601be01b601c6
02cf02a7025601d6
01f6027e02ff02df
025e013dffd400f5
01ae02ff039002ef
fdeafdf2fecb0044
fe8bfe93fdf2fe1a
fe2afe42fe42fe52
fea3fda2fe0afdfa
017d017d0196011d
00dd011501650186
012500e5009500a5
000c001c009500fd
00ed011d012500c5
007c009500a500cd
ff8cffec0064007c
ffacffdcffc4ff94
ff73ff43ff4bff7b
ff23ff43ff4bff63
0024fffcff7bff0b
006400540004000c
ffbc0004001c004c
ff53ff7bff94ff9c
fd41fdbafe4afefb
fcb9fc91fc78fc81
fc99fca1fcd9fce9
fce9fcc9fc99fcb9
fd11fcd1fcd9fcd9
fe12fdf2fdd2fd82
fe0afdc2fdcafe0a
fe0afe0afe12fe32
ff5bfee3fee3fe7a
01e601ce01be01be
02d702ff02df024e
029f02af02af02a7
02f702b7010d00cd
01ee02d70390031f
fddafdf2fe9bfff4
fe8bfe72fe02fdf2
fe2afe32fe52fe5a
fdbafdb2fe1afdfa
018e0196017dffd4
00fd013d01750196
010500f500bd00c5
ff84ff8cfff400ad
00cd00e5007cffac
005c0085009d00a5
ffc40014004c0054
ff84ffa4ffbcffac
ff53ff4bff33ff53
fe9bff03ff2bff43
0034ffe4ff1bfe83
008d00850034002c
ffbcffec00240074
ff23ff6bff9cffac
fcd9fda2fddafe93
fcd1fca9fc91fc78
fc99fca1fcd9fce9
fd09fcd1fc99fcb1
fd19fcd9fce9fce9
fe3afddafdeafd8a
fdb2fda2fe02fe3a
fe02fe12fe7afe52
fed3fecbfe8bfe12
02cf0297021601c6
026602bf032702ff
024e02df02cf028f
02c70307026e01b6
00fd021602df030f
fde2fddafe52ff53
fe8bfe52fe02fdea
fe2afe42fe62fe72
fd82fdcafe1afde2
019e019600ddfe32
010d0155018601a6
00d500e500cd00d5
004c002c00140074
ffccff73ff4bfff4
000c00040004fff4
ffbcffdcffecfffc
ff03ff03ff3bff9c
feb3fed3feebff03
fe7afe12fe5afe8b
0034ffecff9cff3b
0095009d00740054
ffb4ffe4001c0074
fecbff4bff9cffac
fc89fd51fdc2fe1a
fce9fcb9fc99fc81
fc99fc78fcc9fce9
fd09fce1fca1fcc1
fd11fcd1fd01fd01
fe02fe02fdeafd92
fd9afde2fe52fe72
fe12fea3fe9bfdda
fe93fee3fe62fe2a
032f030f02cf027e
023e022602b70327
0256025e020e01fe
025602a7030f02df
006c01de028f029f
fde2fdeafe32fed3
fe7afe52fe32fde2
fe02fe2afe62fe6a
fd79fdeafe1afdea
019e0165ff4bfd79
012d0165019601a6
00c500ed00f500f5
00bd00a5006c008d
ff5bff63001400a5
ffb4ff7bff6bff63
ff6bffb4ffbcffcc
fecbfeabfe9bff13
fe1afe3afe93fed3
ff23fe32fdd2fdf2
003c0004ffccffa4
009500ad0095006c
ffa4ffdcfffc0054
fe5afefbff63ff8c
fc78fce1fda2fdd2
fcf9fcd1fcb9fc89
fca1fc70fcb1fcd9
fcf9fcf1fcb9fcc9
fd01fce9fd31fd19
fdfafe12fdcafd8a
fdaafe1afe32fe32
fe7afebbfe12fd8a
fed3fea3fe4afe22
03770377035f030f
0206016501f6030f
0266026e02870276
03770357035f02f7
ffdc021602cf0367
fdeafdfafe3afe7a
fe93fe4afe2afdca
fe22fe2afe6afe6a
fda2fe1afe22fdfa
018e004cfdbafd61
013d0175019601ae
00c500f501150115
00f500d5009d0095
ff9c002400d50105
fedbff03ff4bff84
ff33ff53ff33ff0b
fe2afe72fe7afee3
fe22fdfafdfafe0a
ff63fecbfe4afe32
0024fff4ffccffac
007c00a500a50074
ffacffe4fffc0044
fdf2fe93ff2bff7b
fc78fc99fd49fdd2
fcf9fce1fcc9fc99
fcb1fc81fca1fcd9
fcf9fd01fcc1fcd9
fd19fcf9fd49fd11
fdf2fdf2fdaafd92
fddafe02fe02fe1a
feb3fe7afda2fd92
fed3fe4afe1afe6a
033f038803b80398
0337025e01d60266
030702ff032f032f
03d803e003e00377
ff33017502a70357
fe02fe12fe32fe7a
fe83fe72fe52fdda
fe2afe42fe62fe83
fdcafe42fe2afe0a
00e5fe6afd49fd69
01550175019e019e
00cd00f5012d013d
010d00fd00dd00bd
004c00bd010d0125
ff6bff94ffccfffc
fedbff0bff3bff4b
fe72fe5afe7afebb
fe8bfebbfedbfeab
ff84ff2bfec3fe83
0014ffe4ffb4ffa4
0054008500a50074
ff9cffd4fff40024
fddafe0afeb3ff4b
fc81fc89fcd9fda2
fcf9fcf9fcc1fcb9
fcb9fc89fc91fcd9
fd01fd11fcd1fcd1
fd41fd09fd51fd29
fddafde2fd9afdaa
fde2fdeafe1afe02
feb3fdfafd79fdca
fe93fe42fe6afe52
0246030f0357035f
035f0307024e01fe
035702bf02ff02ff
038803d803c803a0
fed300a50276028f
fe02fe32fe32fe52
fe7afe72fe52fdf2
fe3afe42fe3afe72
fdfafe4afe0afdfa
ff0bfd79fd59fd71
0165017d018e0135
00dd00f5012d0155
010d010d00f500dd
00fd0125011d011d
000400140054009d
ff9cffd4fff4fffc
ff63ff43ff43ff73
feabfedbff23ff3b
ff9cff5bff0bfebb
001cffccffacffac
003c00640085005c
ff4bff9cffd40004
fdbafdd2fe2afedb
fc89fc81fca9fd19
fd09fd09fcd9fcc1
fcb1fc99fc91fcc9
fcf1fd01fd01fcd9
fd29fcf9fd69fd39
fdbafdcafda2fd8a
fdeafe02fe02fdda
fe7afdaafdbafdda
feabfe93fe3afe9b
02660266024601be
02b702e7030f0266
03a002c7026e0297
029f033f03900398
fe9bffac021e026e
fdeafe32fe52fe42
fe83fe62fe52fe02
fe52fe32fe32fe3a
fe12fe42fdeafdf2
fd8afd71fd61fd82
016d0175014dff94
00e500f501150145
01150125010d00ed
013d011d010500fd
005c008500cd010d
ffc4fffc0014003c
ff63ff73ff8cffac
fedbfedbff03ff1b
ff9cff73ff3bff03
0014ffc4ff94ff9c
001c003c0044003c
fed3ff43ff9cffe4
fd51fddafdeafe42
fca9fc89fc99fcb1
fcf1fd09fd01fcc9
fcb9fca9fc91fcb1
fcf9fcf1fd19fce1
fd49fd01fd71fd51
fdb2fdbafd92fd92
fdfafdfafde2fd9a
fdf2fda2fdcafe02
fe6afe1afe72feab
021e01ee022601ee
026e024e01ee0226
039803170287022e
01d6033703a003c0
fe8bfefb00fd014d
fdeafe1afe62fe52
fe4afe62fe7afe32
fe32fe32fe32fde2
fe3afe32fde2fe02
fd51fd59fd61fda2
015d0145fffcfd92
0105010501150145
011d012501150105
011d010d010500fd
008500cd01050115
ffacffccffdc002c
ff4bff8cffbcffc4
ff1bff13ff0bff13
ff8cff73ff6bff53
0004ffccff84ff84
ffd4fffc001c001c
fe52fee3ff4bff9c
fce1fd9afde2fdf2
fcc9fc91fc99fca1
fce9fd01fd19fce9
fcc9fcc1fca1fca9
fcf1fcd9fd19fd01
fd49fcf9fd82fd71
fdaafdc2fda2fda2
fdf2fdfafdd2fd8a
fd92fdcafe02fe1a
fe12fe1afea3fe5a
01ae01c601fe026e
033701c6012d0125
0357024e02af033f
0135029f029f0327
fe72fe9bffd400bd
fe12fe12fe4afe72
fe1afe62fe5afe3a
fe42fe4afe1afdca
fe42fe32fdcafe0a
fd69fd49fd61fda2
012d0034fdc2fd21
01150115011d013d
012d013501250115
01050105010d0115
00b500ed010500f5
ffdc0004002c0064
ff63ff73ff9cffbc
ff5bff6bff5bff4b
ff84ff84ff8cff7b
fffcffdcff9cff73
ff84ffb4ffe4ffec
fdf2fe5afedbff33
fcd1fd29fdaafde2
fce9fcb1fc99fcc1
fce9fd09fd29fd11
fcc9fcc1fcb9fca9
fcd1fcc1fd11fd11
fd51fd11fd71fd51
fda2fdeafdc2fdaa
fde2fe22fdcafd79
fda2fe02fe2afdf2
fdeafe62fe8bfdca
01ee021e020e0276
023e0165012d012d
0236021602cf0317
012d019e02460276
fe6afe83ff030095
fe1afe12fe32fe72
fe02fe6afe7afe3a
fe42fe5afe2afdd2
fe3afe02fda2fe02
fd71fd51fd59fdba
0014fdeafce9fd41
011d011d011d0105
0145014d012d0125
00fd01050115012d
00cd00e500ed00e5
fffc002c00540085
ffc4ff9cff9cffbc
ff94ffacffbcffc4
ff7bff94ff9cffa4
ffd4ffdcffacff84
ff2bff6bff94ffb4
fddafdfafe5afed3
fce9fd29fd61fdb2
fd01fcd1fca1fcc9
fcd1fcf1fd19fd31
fcd9fcc1fcb1fca9
fcc1fcb1fd09fd21
fd61fd19fd79fd59
fdaafdeafdb2fd9a
fddafe3afdcafd8a
fe02fe42fdfafdb2
fe02fe8bfdfafd8a
02970287021e023e
022e025e01b60246
01ce02f7030f0317
014d01d602060125
fe83fe72fe9b0004
fe42fe12fe1afe6a
fe0afe3afe8bfe7a
fe3afe62fe22fe0a
fe32fdaafdaafe12
fd71fd59fd79fde2
fdc2fce9fcf1fd59
011d011500f5ffec
0145015d013d0125
00fd010d0115012d
00b500cd00e500ed
002c0044006c008d
ffecffe4ffdcfffc
ffbcffbcffccffdc
ff7bff8cffa4ffc4
ff9cffb4ffbcff9c
fec3ff1bff5bff6b
fdd2fde2fdeafe52
fce1fd11fd69fd9a
fd19fce9fcc9fcc9
fcc1fcf1fd21fd39
fcd9fcc1fcc1fcb1
fcc1fcb9fd01fd39
fd79fd41fd79fd61
fd9afdcafda2fd71
fdfafe32fddafdba
fe32fe3afdc2fdb2
fe7afe42fd9afdaa
0276026e028f0276
0337036f029f027e
01b6021601f602ef
0196023602e7022e
fe72fe52fe62ff84
fe6afe3afe2afe52
fe2afe0afe5afe6a
fe12fe4afe32fe1a
fe2afd9afdd2fe0a
fd8afd61fd82fe0a
fd01fce1fd01fd69
011500d5ffa4fd92
015d016501450125
010d011d011d0135
00ad00cd00d500ed
0034004c00640085
001c0024002c0024
ffd4ffdcffe4000c
ff84ff8cffacffd4
ff63ff94ffbcffac
fe52fec3ff03ff2b
fdbafddafddafdea
fce1fcf9fd69fdb2
fd31fcf1fce1fcd1
fcb9fce1fd11fd39
fce1fcb9fcc9fcc1
fce1fcd1fd01fd41
fd79fd69fd82fd69
fd9afdcafd9afd61
fe22fe4afddafd92
fe42fdd2fdaafdd2
fe72fdf2fdaafe0a
01ae022e03170367
023e03170327026e
022e025e023e0266
00f501d602df033f
fe5afe3afe5aff43
fe5afe9bfe52fe4a
fe42fe0afe1afe62
fe02fe2afe4afe12
fdf2fd71fddafe02
fd82fd59fda2fe22
fd09fcd9fd01fd8a
00c5ff33fd61fcf9
0155014501350125
01050125012d0145
00b500c500d500e5
0044005c0074009d
0044004c004c0044
ffe4fff4000c002c
ff94ff8cffa4ffcc
ff23ff63ff94ffac
fdfafe4afeb3fefb
fe02fdeafde2fdda
fce9fcf9fd39fdf2
fd49fcf1fce1fcd9
fcc1fcd9fd01fd31
fcf1fcb9fcd9fcc9
fce9fcc1fce9fd31
fd71fd61fd82fd82
fdb2fda2fd92fd79
fe42fe7afdc2fd92
fe1afdbafda2fdda
fdf2fdbafdaafe1a
013d0266034f0390
01d6014500d500ed
02af026e026602d7
ff8c0155026e02af
fe42fe4afe62fed3
fe1afe83fe7afe52
fe3afe12fddafe42
fdfafe32fe4afe12
fdaafd51fdd2fdea
fd82fd59fdbafe3a
fd01fcf1fd29fdaa
fee3fd31fcd9fd09
01350135012d00b5
0105012501350145
00c500cd00d500ed
0054006c009500a5
002c0054005c005c
ffd4fffc000c000c
ff84ff84ff84ffac
fee3ff0bff53ff7b
fdeafdfafe4afeb3
fe62fe4afe0afdea
fcf9fcf9fcf9fd9a
fd51fd19fce1fce9
fcc1fcc9fd01fd41
fd01fcc9fcf1fcd9
fcf9fcc9fcf9fd29
fd92fd69fd69fd69
fda2fd82fd8afd9a
fe72fe62fdaafd92
fe02fdb2fda2fe0a
fde2fd8afdcafe1a
0206035703a00337
024e0186007400dd
028f02f7033702ff
fef3008d01d60276
fe2afe32fe72fe93
fe42fe42fe5afe2a
fe2afe1afddafe2a
fdfafe1afe52fe12
fd8afd69fdc2fdaa
fd79fd61fddafe42
fd01fd19fd61fdb2
fd31fcc9fce1fd31
0135012d00a5fea3
0105012d014d014d
00d500cd00dd00e5
0054003c008d00bd
001c0044005c006c
ffa4ffd40004fffc
ff6bff94ff84ff9c
fe93feb3fefbff43
fe32fe0afe12fe52
fe12febbfe8bfe42
fd01fcf9fcf1fd19
fd49fd39fcf9fce1
fcc9fcd1fcf1fd29
fd09fcd9fcf9fce1
fd01fce9fd09fd39
fd9afd79fd61fd61
fd92fd92fda2fda2
fe9bfe4afd92fd71
fde2fd92fdcafdf2
fde2fd9afdf2fe1a
026e0390037f0327
02cf023e015d0145
02bf0307031f02ff
febbfff40155024e
fe1afe3afe62fe62
fe0afdd2fe4afe0a
fe12fdf2fe02fe02
fdcafe22fe3afe4a
fd9afd92fda2fd8a
fd59fd79fe22fe6a
fd21fd29fd82fda2
fce9fcc9fd21fd41
014d008dfe62fd31
00fd013501550165
00c500c500dd00dd
004c00540064008d
000c003c00540064
ffacffd4ffe4fff4
ff4bff94ff7bff8c
fe4afe83feabfef3
fea3fe72fe3afe22
fd69fe6afee3fedb
fcf9fcf1fd01fce1
fd51fd61fd01fcf9
fce1fcd9fce9fd31
fd09fcd1fd01fcf1
fd09fcf1fd01fd29
fd9afd49fd79fd71
fd8afdbafdb2fdb2
fe83fe02fd79fd69
fd92fd92fde2fdea
fda2fdaafe22fdf2
034703b003770337
034f028f027e02af
02df0327035f0390
fe42ff4b00fd021e
fe0afe42fe72fe3a
fdfafdc2fe3afe12
fe2afe12fdfafdfa
fda2fe3afe22fe62
fdaafd51fd79fdaa
fd31fda2fe6afe5a
fd51fd39fd9afd71
fcd9fce9fd59fd49
0095fe4afd11fd11
00fd0135015d014d
008500bd00d500e5
0054004c0054005c
fff40024003c004c
ffa4ffbcffd4ffdc
fef3ff6bff7bff84
fe52fe5afe7afea3
ff23feebfebbfe83
fd09fdcafe83fefb
fcf1fce1fcf1fcf1
fd51fd71fd39fd09
fcf1fcd1fcf9fd31
fd09fce1fd01fd11
fd11fcf9fd09fd21
fd82fd29fd49fd79
fd79fdc2fdd2fdc2
fea3fdd2fd71fd8a
fd92fdc2fdf2fe32
fd79fdcafe1afdca
0398037f03a003c0
03a00398035f03b8
02a70317033f0388
fdfafeeb004401b6
fdfafe32fe72fe5a
fe0afde2fe3afe1a
fe4afe52fe22fe0a
fd92fe0afe4afe52
fddafd41fd61fdaa
fd49fdeafeabfe3a
fd71fd49fdcafd59
fcd9fd49fd59fd51
fe2afce9fd19fcf1
0105012501350064
006c00b500dd00ed
0054004c004c004c
ffcc000c001c0034
ff6bffbcffdcffd4
fea3ff03ff63ff63
fedbfebbfe8bfe8b
ff43ff63ff4bff1b
fcf9fd21fdeafec3
fd19fcd9fcd9fce9
fd49fd79fd61fd21
fd01fcd9fcf1fd19
fd21fcd9fd01fd31
fd19fcf1fd09fd29
fd69fd29fd29fd92
fd82fdd2fdfafdd2
feabfdbafd69fd79
fdc2fde2fe22fe72
fd71fdeafdf2fdca
03a80347037f03c8
039003c803d803d0
021e030703670357
fe0afe7aff7b00fd
fddafe2afe7afe6a
fdfafdf2fe4afe12
fe62fe6afe4afe0a
fd92fdbafe32fe42
fddafd51fd51fd92
fd79fe3afec3fe42
fd82fd71fdd2fd61
fd21fd69fd49fd79
fcf1fcf9fd21fcd9
010d010d0004fe02
008d00ad00e500f5
002400340044005c
ffccfff40024002c
ff7bffb4ffd4ffd4
feb3fec3ff1bff53
ff6bff43ff0bfee3
ff33ff84ffa4ff84
fcf1fcf1fd09fe2a
fd31fcf1fce1fcd1
fd41fd82fd82fd31
fd11fcd9fcf1fd19
fd39fcf1fd11fd41
fd29fcf1fd11fd39
fd51fd29fd39fdba
fdbafdfafe0afdca
fe3afd82fd8afd82
fdbafdcafe1afe8b
fd61fdf2fde2fdea
03c803d003e003e0
03670347034f03a0
017d0287034f0377
fdeafe22fee3004c
fdc2fe32fe7afe42
fe02fe02fe42fe22
fe6afe5afe83fe32
fda2fd8afdeafe2a
fdcafd82fd49fd8a
fdbafe8bfe9bfe12
fd9afd92fdbafd69
fd59fd61fd51fd92
fce1fd29fd01fd09
00b5ff6bfd9afcf1
009d00c500d500d5
0004002400440074
ffd4ffec00040004
ff63ff7bffacffcc
ff53ff33ff23ff33
ffc4ffacff9cff73
fe5aff9cffc4ffbc
fcd9fcf1fcd9fd19
fd49fd29fcd1fcc9
fd29fd69fd8afd51
fd21fcf9fcf1fd19
fd49fd11fd21fd31
fd29fd01fd31fd31
fd49fd19fd39fdc2
fddafdfafe2afdd2
fdeafd59fdaafdba
fd82fdbafe2afe72
fd51fe12fdfafe02
03a803c803d003e8
031f030702ef0367
00e501fe02df033f
fdd2fe0afeabffc4
fe0afe32fe22fe1a
fe1afe12fe52fe12
fe5afe4afe72fe4a
fdb2fd9afd9afde2
fdfafd8afd59fd82
fe2afec3fe83fe2a
fda2fda2fdbafd92
fd59fd49fd69fdaa
fd09fd11fd11fd39
fe2afd21fcf1fcc9
007c00a5007cffa4
fffc001c003c005c
ffb4ffc4ffe4ffec
ff7bff5bff6bff9c
ffdcffccffccffb4
ffecffe4fff4fff4
fd09fe32ff8cfff4
fcd1fd01fcf1fce1
fd69fd61fce9fcc9
fd09fd49fd82fd69
fd31fd01fd01fd19
fd39fd29fd41fd41
fd41fd29fd31fd21
fd31fd29fd49fdda
fdfafdfafe22fdd2
fdc2fd59fdc2fdda
fd92fdd2fe1afe1a
fd69fe12fe12fde2
039803c803e803f0
02df0317036703b8
006401c6029702cf
fda2fde2fe83ff2b
fe42fe1afdcafde2
fe32fe32fe52fe1a
fe22fe4afe52fe5a
fdaafdcafd8afdc2
fe02fdaafd69fd61
fe83feabfe52fe52
fda2fdc2fddafdc2
fd41fd31fd8afdb2
fd19fcf9fd09fd31
fcc9fcd9fcd1fd01
ffb4fef3fddafd11
ffe4ffe4fff40004
ff9cffb4ffccffe4
001cffecffbcffac
001c002400240024
001400240014000c
fcc1fce9fdf2ff7b
fce9fcf9fd01fce1
fd71fd8afd01fcc1
fd31fd39fd79fd79
fd21fd09fd11fd19
fd59fd41fd51fd61
fd49fd39fd49fd41
fd41fd39fd59fdea
fdfafe02fdfafdb2
fdaafd79fdeafdba
fd92fde2fe12fdb2
fd69fe02fe12fde2
03c003c803c803e8
029702ef034f03b8
fff4014d024e0256
fd9afdb2fe42fecb
fe32fde2fd82fda2
fe4afe5afe83fe32
fdf2fe52fe5afe62
fd8afd9afd9afdda
fe1afdbafd92fd71
feb3fe52fe32fe5a
fdb2fde2fe0afe1a
fd21fd51fdc2fdca
fcf1fce9fd01fd31
fcd9fcb9fcf1fd11
fd82fcc1fc91fcc1
ffd4ff94ff53fea3
003c001c000cffec
006c005c005c004c
004c003c0044005c
fef3000c005c005c
fcb9fcb1fce1fd8a
fd01fcf1fd11fcf1
fd82fd92fd29fcc1
fd59fd41fd69fd92
fd29fd11fd01fd29
fd82fd59fd69fd69
fd59fd51fd82fd69
fd59fd82fd82fdda
fdf2fe2afe02fda2
fd9afd92fdf2fdaa
fdb2fdfafdfafd8a
fd79fdfafe02fdc2
039803b803c803e8
0266028702d70337
ffd4015501ce021e
fd82fd92fe0afe83
fdeafdcafd8afd92
fe72fe7afe7afe0a
fdcafe12fe5afe62
fda2fd92fd92fdda
fe1afdb2fdaafdb2
fe5afe0afe22fe52
fdd2fe1afe3afe5a
fd29fd71fdbafdd2
fce1fcf1fd11fd21
fcb1fce1fd29fce1
fc99fc81fcb9fce1
ffccff53fe7afd51
0064004c00340004
007c007c00740074
0074006c005c0064
fd31fe2aff5b002c
fcc9fcb1fcb9fcd9
fd01fcf1fd09fd09
fd92fd8afd61fcf9
fd59fd51fd61fd92
fd21fd31fd01fd21
fd8afd61fd79fd59
fd41fd31fd61fd79
fd61fd8afd71fda2
fdeafe5afe12fdb2
fdc2fdd2fe02fd9a
fdc2fe12fde2fd8a
fd79fde2fdeafd79
033f036703900357
022601be020e02ef
ff4b00dd01d60256
fd82fd79fe1afe72
fdc2fdaafd82fd8a
fe7afe93fe1afdca
fdbafdbafe3afe7a
fde2fd82fd82fdda
fe22fda2fdc2fde2
fdeafdf2fe0afe52
fdeafe4afe83fe5a
fd29fda2fdaafde2
fcf1fcf9fd11fcf9
fcb9fd21fcd9fcc1
fc89fca1fcc1fcb1
ff4bfe72fd39fc99
005c003c0014ffcc
00850085008d007c
ff63ffec003c0064
fcd1fd09fd79fe5a
fce1fcc1fca9fcc1
fcf1fd01fcf9fd11
fda2fda2fd8afd29
fd61fd69fd79fd9a
fd51fd49fd19fd31
fd69fd59fd79fd69
fd39fd29fd59fd69
fd61fd69fd71fda2
fdeafe5afe1afdb2
fdbafdfafde2fd92
fdc2fdfafde2fdaa
fd71fdc2fe1afd71
02af02df0337033f
023601de01ee027e
fecb004c015d01f6
fd8afd79fe0afe5a
fdc2fd9afd79fd71
fec3fe9bfdfafdc2
fd9afd92fdf2fe83
fdf2fd79fd8afde2
fe32fdaafd82fdf2
fd71fd9afddafe3a
fde2fe6afe8bfe1a
fd59fda2fdb2fdea
fd01fd09fcf1fd11
fcf9fce9fcc1fcc9
fc99fca9fca1fca9
fdeafd09fca1fc91
fffcffd4ff8cfee3
ffb4fff4001c001c
fd59fdf2febbff53
fcb9fcd9fcf1fd09
fcf9fcd1fca9fcb1
fd01fd21fd01fd19
fdc2fdb2fd92fd31
fd61fd51fd92fdc2
fd59fd49fd31fd39
fd79fd61fd61fd49
fd39fd31fd49fd71
fd59fd71fd8afd9a
fe1afe83fe12fdaa
fdd2fe2afdaafdc2
fdcafe02fde2fdc2
fd61fdcafe32fda2
02af027e026e025e
022e02cf0297024e
fea3ffdc011d01de
fd79fd8afdf2fe6a
fda2fdbafda2fd61
feabfe83fe3afde2
fd82fd8afde2fe4a
fe02fd82fd8afdb2
fe1afdc2fd61fdea
fd39fd59fddafe22
fde2fe9bfe42fd8a
fd8afd9afddafdea
fd09fcf1fce9fd29
fcf1fcb1fcc1fcc9
fca1fca1fc99fcd1
fcd9fca9fc89fc91
fe7afe2afdcafd31
fdb2fe0afe5afe8b
fcd9fce1fd11fd59
fcb9fcc1fcd1fce9
fd19fce9fcc1fca9
fcf9fd39fd19fcf9
fdcafdbafdaafd61
fd82fd59fd71fdc2
fd49fd19fd51fd31
fd92fd79fd49fd51
fd51fd39fd49fd79
fd69fd79fd9afd92
fe2afe83fe02fd92
fdeafe3afd92fdca
fdeafdf2fdf2fdf2
fd71fddafe42fdf2
023e01de01c60196
0216023e0266023e
fe9bff4b00cd01ce
fd71fdb2fdf2fe62
fdc2fdaafd9afd71
fe9bfe52fe42fe42
fd82fda2fdf2fe32
fdfafdd2fd82fd71
fe1afdc2fd92fdba
fd31fd31fddafe42
fdf2fec3fe12fd61
fd92fdbafdeafdd2
fd01fce9fd01fd59
fcb9fcb1fcc1fcf9
fc99fca1fcb1fcd9
fca9fc89fc89fc91
fce9fce1fce1fcc9
fce1fcd9fce1fce9
fcc1fcc1fcd1fce1
fca9fcb9fcb1fcc9
fd31fd11fcd9fc99
fcf1fd29fd31fcd9
fdcafdaafda2fd8a
fd9afd79fd69fdaa
fd51fd31fd51fd51
fdaafd71fd31fd39
fd59fd41fd41fd71
fd79fd92fda2fd92
fe5afe72fdf2fd9a
fdfafe1afd61fdc2
fe0afdf2fe02fe12
fd8afe02fe6afdf2
020e01b601de017d
0105019e02360236
fe83fedb005c0115
fd59fdaafe2afe6a
fe3afde2fdbafd9a
fe62febbfe5afe4a
fd39fd9afdf2fe3a
fdd2fe02fdbafd61
fe22fdc2fdaafdba
fd31fd29fdd2fe42
fe3afecbfddafd69
fd8afdcafdd2fdca
fd01fcd9fd29fd79
fca9fcb9fce1fd21
fc89fc91fcc9fcb9
fc81fc81fc78fc78
fca9fca9fc99fc91
fcc9fcb9fca9fca1
fc99fca9fcb1fcc9
fc89fca1fca9fca1
fd11fd31fcf1fcb1
fd09fd21fd41fcd9
fdd2fdc2fdb2fdaa
fd92fd82fd82fd9a
fd51fd59fd39fd79
fdd2fd8afd31fd39
fd69fd49fd49fd69
fd9afdb2fdaafd82
fe6afe72fdd2fd92
fe12fdfafd31fdea
fe22fde2fe12fe22
fdb2fe12fe6afe3a
0216021e021601d6
011501ae023e0226
fe7afeabfff400c5
fd82fdb2fe3afe8b
fe32fdcafdb2fdca
fe0afe72fea3fe83
fd39fd8afddafde2
fdb2fdbafdcafd61
fe22fdcafd92fdc2
fd39fd39fdd2fe4a
fe42fecbfdb2fd61
fda2fdd2fdd2fdea
fce9fd01fd59fd61
fca9fcc9fd11fd11
fc78fca1fcc9fc99
fc70fc60fc60fc78
fc89fc78fc78fc68
fc91fc91fc91fc89
fc81fc78fc81fc89
fc91fc89fca1fca1
fd01fd31fd11fcc9
fd39fcf1fd41fcd9
fdb2fdbafdbafda2
fda2fd92fd92fd8a
fd51fd51fd39fd82
fdc2fdbafd59fd59
fd61fd49fd41fd39
fdbafdb2fd9afd8a
fe62fe4afddafdb2
fe12fe0afd71fe02
fe1afde2fe62fe42
fdeafe3afe93fe5a
018e01de01a601ae
015d01c601ce01e6
fe83feabff5b00bd
fdb2fdc2fe3afe93
fe3afdeafde2fde2
fdb2fdfafe62fe62
fd39fd59fdb2fd92
fdbafd41fd82fd82
fe12fdc2fd92fda2
fd19fd31fdcafe62
fe5afeabfd82fd59
fdaafde2fdf2fdfa
fd01fd41fd51fd59
fca9fce9fd19fd01
fc81fcc1fca9fc99
fc50fc50fc60fc78
fc70fc68fc68fc58
fc89fc89fc89fc78
fc99fc91fc91fc99
fcb9fc89fc91fca9
fcf1fd21fd49fd09
fd79fcf1fd39fcd9
fd9afdbafd8afda2
fdb2fdbafdbafd82
fd39fd21fd39fd71
fdd2fdbafd9afd79
fd61fd59fd39fd39
fdb2fdb2fd92fd69
fe8bfe2afdf2fdd2
fe02fe2afda2fe1a
fdeafe3afeabfe3a
fdbafe32fe8bfe42
011d016d018e01d6
01d6021601960155
fec3feabfef3006c
fdeafdf2fe32fe93
fe5afe3afe3afe22
fd92fdb2fdeafe3a
fd9afd39fd79fd92
fd92fd61fd19fd8a
fdf2fdbafdaafd92
fd01fd19fdaafe6a
fe9bfe52fd59fd51
fdbafdf2fdfafe22
fd39fd41fd51fd71
fcd9fd09fd19fd11
fca1fca9fc99fcb1
fc50fc60fc68fc68
fc70fc68fc58fc50
fc99fc99fc81fc78
fca9fca1fca1fc99
fce9fca1fc91fca9
fce9fd09fd49fd39
fd79fd19fd21fcf1
fd61fdc2fd79fd8a
fd9afdb2fddafd82
fd69fd09fd39fd71
fdc2fdaafdbafdb2
fd49fd51fd39fd31
fdcafd82fd82fd61
fe93fe12fe0afde2
fe2afdeafdc2fe3a
fdf2fe83fe62fe1a
fdfafe4afe4afe2a
01ae01ce01c601f6
010d019e01e6016d
febbfe8bfecbffdc
fe42fe2afe22fe8b
fe5afe5afe72fe72
fd9afdb2fdd2fdf2
fda2fd79fd69fd9a
fd92fd79fd29fd51
fde2fd92fd92fd79
fcf9fd19fda2fe7a
fe8bfe52fd61fd49
fdbafde2fe02fe02
fd09fd31fd69fd8a
fd29fd39fd19fd21
fcb9fc99fcb1fce9
fc60fc89fc68fc78
fc70fc60fc58fc50
fca1fc99fc81fc78
fcc1fca9fca9fca1
fd11fcd9fcb9fcc9
fcf9fd11fd41fd69
fd71fd49fd19fd11
fd41fdc2fd82fd59
fda2fdeafdfafda2
fdc2fd59fd41fd69
fdc2fd92fdb2fdd2
fd61fd51fd41fd41
fdbafda2fd9afd51
fe62fe02fdeafdea
fe4afdd2fddafe52
fdfafe6afe2afdf2
fe32fe2afde2fe02
023601e6021e0236
00e501c601fe01de
feabfe8bfeabff5b
fe72fe72fe5afe93
fe42fe5afe6afe83
fd9afd92fdcafdfa
fd8afd51fd41fdb2
fd8afd79fd49fd59
fdc2fd51fd71fd71
fd01fd11fd82fe8b
fe72fe1afd82fd39
fdcafe02fe0afdf2
fcf9fd41fd61fdb2
fd69fd31fd09fd01
fca9fca9fcd9fd21
fc78fc68fc58fca9
fc78fc68fc60fc70
fca1fc99fc89fc78
fcd1fcb9fca9fcb1
fd41fcf9fcd9fcc9
fd19fd19fd49fd8a
fd59fd71fd61fd21
fd39fd9afd92fd39
fda2fdfafe1afdea
fdf2fd92fd51fd59
fdb2fd79fd92fdb2
fd59fd51fd31fd49
fda2fde2fdaafd51
fe2afdeafddafe0a
fe52fdeafe0afe3a
fe2afe2afdfafdfa
fe0afe2afda2fe02
024e02bf02b70256
011d023e020601c6
feabfeb3fe83ff1b
fe62fe83fe52fe9b
fe62fe83fe5afe72
fdaafda2fdf2fe1a
fd51fd39fd09fd92
fd8afd92fd79fd51
fdb2fd29fd31fd8a
fd09fd11fd9afeb3
fe5afdd2fd69fd31
fdeafe0afdeafe1a
fd29fd51fd71fdaa
fd49fd11fcf9fce9
fc99fcc9fd19fd92
fc58fc48fc81fcb1
fc60fc58fc58fc60
fc89fc81fc70fc70
fcb9fca1fca1fca9
fd82fd19fce9fcc9
fd49fd51fd31fd92
fd61fd39fd82fd21
fd71fd82fdb2fd51
fda2fdcafe22fe12
fdc2fdcafd9afd79
fdcafd9afd92fd8a
fd51fd49fd29fd69
fdaafdfafdcafd71
fe0afdfafe0afe12
fe22fe1afe3afe02
fe32fe32fe22fe1a
fddafe0afd82fdd2
024e02c7029f024e
003c01de020601d6
fe62fedbfeabfedb
fe9bfe6afe22fe6a
fe93fe83fe62fe72
fdb2fdbafe0afe62
fd51fd51fd29fd71
fd8afdcafd92fd41
fdb2fd29fd21fd51
fd11fd09fd79fea3
fe4afdb2fd59fd11
fde2fe02fdc2fe2a
fd29fd69fda2fdaa
fd09fd09fce9fcf1
fcc1fd11fd92fd71
fc60fc60fca1fca1
fc60fc50fc50fc60
fc81fc78fc70fc60
fcc9fca9fc99fc99
fda2fd31fcf1fce1
fd29fd82fd49fd71
fd49fd39fd71fd21
fdb2fd69fdc2fd59
fdbafdcafe1afe22
fda2fdbafddafdba
fdfafd82fd9afd82
fd69fd51fd31fd82
fdd2fe32fdf2fd8a
fe02fe1afe4afdfa
fe2afe42fe42fe02
fe32fe02fdeafe1a
fdbafe1afdb2fd92
026e028702cf030f
ff9400cd01b6021e
fe4afeabfebbfecb
fecbfe42fe1afe42
fe62fe3afe6afe8b
fdbafe12fe3afe93
fd59fd69fd51fd59
fda2fe0afdb2fd49
fddafd41fd51fd59
fd11fd29fd61fe72
fe12fddafd8afd11
fe12fe02fddafe1a
fd41fd79fdc2fd9a
fd11fd01fcf1fd11
fd01fda2fdbafd09
fc68fc91fc99fcc1
fc58fc50fc58fc68
fc89fc81fc70fc60
fce9fcb1fca1fc99
fd9afd61fd19fcf9
fd09fd79fd61fd31
fd39fd31fd49fd59
fdf2fd69fdc2fd79
fdfafde2fe2afe0a
fdaafdaafdc2fdf2
fdeafd92fd82fd79
fd9afd59fd41fd69
fdd2fe0afde2fd9a
fdeafe22fe4afdfa
fe42fe4afe02fe22
fe2afe0afd9afdf2
fde2fe22fdcafd8a
0287031f0367037f
ff3b00850216024e
fe62feabfecbfea3
feabfe12fe0afe2a
fe22fe0afe4afeb3
fddafe72fe72fe5a
fd61fd69fd8afd71
fddafdf2fd49fd61
fddafd51fd69fd9a
fd39fd51fd71fe72
fdaafda2fd79fd31
fe52fde2fdeafdfa
fd49fd8afdaafdc2
fd31fd01fd11fd31
fd69fde2fd39fd09
fc70fca1fcc9fcf1
fc48fc50fc68fc70
fc99fc81fc70fc58
fcf9fcc1fcc1fcb1
fd59fd71fd31fd09
fd29fd49fd61fd19
fd59fd19fd31fd69
fe0afdbafdcafdb2
fe1afe12fe2afdfa
fdaafdb2fd9afdea
fdc2fda2fd8afd79
fda2fd61fd39fd59
fdeafdc2fe3afda2
fdf2fe4afe32fe2a
fe72fe42fdfafe12
fe0afe02fdd2fe52
fdfafe12fde2fdba
0297039003a803b0
ff13006402360276
fe6afe9bfecbfea3
fe72fe0afe12fe0a
fde2fdf2fe42fee3
fdeafe9bfe9bfdf2
fd51fd69fda2fdba
fdeafd9afd61fda2
fdcafd79fd79fdc2
fd51fd41fd61fe62
fd79fd79fd69fd39
fe32fdcafddafdc2
fd61fd9afdb2fdea
fd01fce9fd11fd19
fe22fdb2fd01fd39
fca1fcb9fcd1fd09
fc60fc68fc89fc70
fca9fc99fc81fc70
fcf9fcc1fca9fcb1
fd41fd69fd39fd19
fd31fd31fd8afd39
fd8afd19fd29fd71
fdeafe22fe02fd82
fe22fe22fe02fe02
fd9afdc2fd92fdca
fdaafda2fd79fd82
fda2fd71fd51fd79
fe32fdcafe02fd92
fe22fe3afe2afe42
fea3fe0afddafe02
fe22fe02fe0afee3
fe42fe12fdf2fdea
ffec008d00ed014d
0135015d011d006c
00ad00a500cd00fd
0115011d012d014d
02a701e601ce0135
02060276021e01ee
021e021601960216
01ce0216024e01d6
fedbff2b00340105
ff03fe9bfeabfee3
fe93fe83feebff63
fe7afecbff03fec3
fecbfeabfe62fe6a
ff1bff3bff13ff03
febbff13ff1bfef3
fde2fe0afe22fe32
fde2fdeafdcafdba
fe1afdc2fdaafdf2
fff4ff73ff23fe93
fed3ff9cffec0054
fd09fd79fdbafe2a
fe4afe0afdaafd41
fea3feebfe6afe4a
ffacff4bfedbfe83
0044000cffd4ff84
009d0095008d008d
015500e500b50034
0186014d019e0186
01ce018e01ae01ce
014d01550196020e
016d013d01a60165
024601e6023601e6
004400b500ed0155
011d010d012d0074
000c008d0125015d
014d019e010d00a5
0236022601be0196
0216026602760246
022601f601d601e6
011501be022e01d6
fec3fedbfefb001c
ff23ff7bff3bfed3
fe93fe5afe42fe8b
fe93fe7afe93fe72
feebfed3fe9bfe9b
feabfebbfeb3febb
fe0afe7afeb3fe9b
fe6afe7afe4afe22
fe3afe6afe42fe4a
fda2fd92fd79fdda
fe8bfe0afddafdb2
ff53ffb4ff9cff5b
fd51fdf2fdfafe72
fde2fdcafd82fd31
fe93fe62fe12fdfa
ff6bfedbfe83fe5a
0034fff4ffbcffa4
003c004c009d0044
017500c5fff4001c
017d0125016d01a6
025e01ee01d601b6
014d011d014501ee
01be01b601ce018e
02260246025601ce
00cd00ad00b50074
00f5011501050105
0024009500c500dd
01a601e600ed000c
022601de01d6021e
022e01ee01e60246
0216020601c601d6
ffc4013501d601ee
fee3feb3fea3fee3
fe22fe93ff63ff6b
fe62fe6afe93fe8b
feabfe83fe5afe4a
fe83feb3fecbfec3
fecbfe9bfe52fe52
fefbfee3fed3fedb
fee3fee3fedbfed3
fedbfecbfed3feeb
fe3afe62fe8bfec3
fddafd92fdcafe12
ff3bff13fe8bfe42
fd92fdd2fe22fedb
fdc2fd8afd39fd49
fde2fdbafdcafde2
fe8bfe62fe72fe7a
ff94ff73ff53ff2b
ffcc003c0024ffdc
010500950085001c
01a601ae013d00e5
020601c6018e01ae
016d019e01de01ee
01ee01ce01ce0196
01ae020601e60206
00fd00ed00e500c5
00ad00f5014d012d
0034004c0044006c
0155017501650034
01fe01b6015d0145
017501b601d601de
020e0256022601c6
fedbffb4011d01be
ff33ff13febbfecb
fe8bfe3afe22feb3
fe62fe5afe7afe9b
feabfecbfeb3fe9b
fe6afe42fe3afe72
fee3fefbfec3fea3
fee3fecbfecbfebb
ff1bfeebfee3feeb
ff9cff43ff3bff43
ff63ff73ff9cffac
fe12feb3ff3bff7b
fe2afdc2fdd2fde2
fd79fdbafe12fea3
fd69fd59fd41fd69
fdaafd79fd69fd79
fe12fe72fedbfe22
ff84ff73fec3fe42
fffc0014ffe4ff9c
0085009d005cffbc
019e01ae019e0125
01ee01d601ae01ee
01f6021e028f026e
029f023e01fe01d6
0206025601c6022e
00850085012d0145
004c00340074008d
00ad0095007c005c
019601ae01e6012d
01d601b601de01d6
01c601ae018e01ee
018e024e022601ae
ff0bfed3ffb40105
fe5aff2bff43fedb
fe72fe6afe5afe12
fee3fe72fe42fe62
fe22fe6afec3fef3
fed3fe93fe3afe1a
fe9bfed3ff03fee3
fe8bfe72fe93fe93
ff1bfecbfe8bfe93
ff43ff23ff13ff23
ffbcffb4ff9cff53
ff430004002cfff4
fdfafe5afe8bfeb3
fd59fd9afdaafe0a
fd21fd11fd09fd31
fdcafd8afd69fd41
febbfeabfe1afdfa
ff43ff03fecbfe5a
000cffe4ffa4ff73
00640044ffbcffe4
017d010d012500b5
01ce01de02060236
0246023602160216
023e027e02460266
019e019e017501ae
0074006401050135
006400ad0074005c
011d011500dd007c
022e01e601de0196
016d01d601ee024e
01ee01e601e601ae
013d0175019e01d6
ff03ff03ff13001c
fe42fe1afed3ff4b
fe4afe62fe5afe8b
fee3fee3fe8bfe12
fe3afe2afe5afea3
fea3fe9bfe8bfe72
fe4afe4afe9bfea3
fe6afe5afe7afe5a
ff0bfea3fe6afe4a
fefbfeb3febbfef3
ff73ff53ff73ff23
ffcc0004001cfff4
feabff5bff9cffbc
fd39fd9afe9bfe0a
fcf9fd01fd09fd09
fe32fddafd79fd29
ff5bfea3fea3feb3
feabfe9bfee3ff4b
ffacffa4ff1bfecb
005cffd4ff84ffb4
01f6015d00e50044
017d01c601be022e
0266024e01be0186
02660297026e0216
014d0125018601fe
0014005c00b500b5
00fd00f5002cfffc
01e601b6016500fd
02060165014501de
022e01e601e6024e
026e022e022e0226
001400e501b60236
ff3bfee3ff13ff63
fe6afe42fe1afeab
fe3afe32fe4afe5a
fe6afeabfee3fe9b
fecbfea3fe4afe32
fe02fe2afe83febb
fe42fe12fe02fe2a
fedbfeb3fea3fe62
ff3bff0bfef3febb
ff13fee3fef3ff03
ffecff5bff53ff7b
fff4002c003c0044
fef3ff8cffecfffc
fd61fe62fe8bfe42
fd39fd31fd69fd59
fe4afe42fe12fd9a
fe5afe32fe42fe2a
ff2bff03ff53ff23
ff13fee3fedbff03
0014ff7bff5bff6b
01be013d007c0044
01a601ce016501c6
01f601f601e6016d
01b6022e023e0206
017d01a6019e0186
ff53ffac00440105
0105006c003cffec
01ce015d014d014d
017d0145013501b6
0256020e01ce0155
020e01ee019601ce
ff43008501c6020e
fe6aff2bfed3fef3
fe42fe62fe5afe1a
fef3fe72fe22fe3a
fe3afe32fe72fed3
fe83fec3fecbfe8b
fe5afe3afe4afe62
fea3feabfe72fe83
feabfeabfea3feab
fea3fea3feb3fec3
ff0bfed3fed3feab
ff7bff5bff73ff13
ff3bff94ffd4ffcc
feebff3b003cffa4
fe12fe6afe8bff3b
fddafe12fe32fe02
fe32fe1afe12fe12
febbfe5afe32fe22
ff33ff3bfee3fe8b
fe6afeabfefbff1b
ff5bff13ff13fe83
015500d5000c001c
017501a601550175
01b601c601ee0196
01f6021601ce01d6
022e021601ee020e
ff8cff94ffac0064
00f50054ffecffb4
01de016d015d013d
015d018601c601ce
01f6023e020601be
018e013d00ed015d
fecbffb401250196
fe3afebbfefbfebb
fe4afe2afe52fe3a
fecbfee3feabfe6a
fec3fe7afe2afe6a
fe93fe9bfea3febb
fe62fe4afe62fe7a
fe32fe62fe6afe52
fe12fe12fe02fe12
fe52fe5afe1afdf2
fe6afe5afe7afe3a
ff13ff53ff3bfebb
ff94ff94ff63ff53
ffe40034007cffd4
ff03ff13ff2bffc4
fd82fdf2fedbff03
fec3fe83fe12fdc2
ff3bff94ff5bfefb
ff53ff1bfed3fecb
fe93fed3fefbff43
feabfe9bfdf2fe32
0145003cfffcff7b
01b60186018e0196
017d01ce01ae01ee
01c602060186015d
023e0287024e01de
ff53ff53ffdc006c
00dd00a5ffe4ff6b
013d013d011d00bd
00cd00fd019e0155
01ee025e01ee0115
0145015d012d01fe
fed3fee3000c00fd
fe5afe52fed3fecb
fe7afe52fe42fe4a
fe42fe9bfed3fe9b
feb3fedbfe93fe2a
feb3fea3fe9bfe9b
fe1afe32fe22fe52
fdc2fdcafdf2fdfa
fdeafdbafda2fdc2
fe32fe22fe1afdfa
fed3fecbfe8bfe42
ff0bff1bfed3fec3
ffbcff9cff5bfefb
0054002c0014ffe4
ffbcff84ff63ffd4
fd8afdfaff2bff73
fee3feabfe2afdba
ff5bff5bff5bff3b
ff1bff73ff33ff63
fe93ff53ff8cff33
fe42fdbafd71fe0a
00edffe4ff5bfeab
0206018e017d017d
01b6019e01be01f6
01f601c6015d01ae
01ae01f6021e025e
00040034009d010d
00ed00dd00a50074
00fd011d00dd00bd
015500ed00fd00ed
027e026e021e020e
019e01ee02360276
fed3fecbff1b0085
fe72fe62fe5afec3
fe6afe52fe4afe8b
fe22fe12fe93fe93
febbfebbfebbfeab
fe7afea3febbfec3
fe22fe32fe02fe3a
fddafe02fe12fe0a
fe3afe1afe2afdea
fe8bfe83fe72fe83
fe8bfe9bfebbfe93
fec3fe5afe6afe7a
ff7bff7bff43ff1b
001c0034002cffdc
005c0004ffd4ffa4
fd71fe0aff630024
fed3fe9bfe22fdba
ff8cff63ff33ff23
fffc00240024ffbc
ff43ff73ff0bff5b
fdaafda2fdfafe9b
005cffb4fec3fe12
021e01de01ae01a6
01c601a601a601ce
0236022e01ee0206
019e015d017d01d6
012d0105015501ae
014d014d013d0175
013d012d01050125
01de019e015d013d
024601ae018e01de
0145013d00cd013d
febbfebbfecbffb4
fe7afe5afe52fe52
fecbfe6afe52fe72
fea3fe42fdeafe6a
fe7afeabfea3fe9b
fe52fe42fe5afe62
fe5afe5afe42fe4a
fe3afe32fe2afe2a
fe4afe9bfe62fe2a
fe42fe5afe42fe3a
fe12fdfafe0afe2a
fe6afe62fe2afe32
ff73ff3bfefbfe9b
00bd00b5001cffb4
002cffecfffc003c
fd39fe0aff8c006c
fe52fe12fd8afd41
ff1bfecbfe83fe62
00640024ffccff6b
ff03ff03ffdc006c
fddafdeafe1afec3
ffdcff0bfe32fdc2
01c6021601be00c5
01be01ce01c60196
0246023e022601e6
01e6019e019e01b6
016d018e017d0186
01d601ae0175019e
01650175013d0165
015501c601e60196
00f500c5013d0175
001400950095005c
fe6afec3feb3fefb
fe7afe83fe4afe32
fe7afed3fe8bfe7a
fe9bfe72fe32fdca
feabfea3fe93fe8b
fe9bfea3fecbfeb3
fdfafe3afe72fe83
fde2fddafdfafdfa
fdbafdc2fddafdfa
fdc2fdaafd9afdb2
fdeafdf2fdc2fda2
fe02fdeafe22fe12
fefbff1bfeebfe72
00ad00adfffcff5b
ffe4ffdc00040024
fd29fdbaff1bffec
fe42fddafd59fd09
fe9bfe72fe5afe4a
000cff6bff23fed3
ff7b000c00ad007c
fdcafdfafed3ff43
ff1bfe7afe4afe12
01d6017500edffec
0256021601c601c6
0256022601fe01ee
01f60236024e0236
012d0135012d01ae
01e6023601f60165
019e020601fe01a6
01be01a6017d01b6
007c00fd01b601c6
ff43005c00d50074
fe32fea3feabfe9b
fe6afe62fe72fe42
fddafe7afedbfea3
fec3fe7afe4afe2a
fed3feebfecbfec3
fe5afed3fefbfed3
fd79fd92fddafdf2
fd82fd92fd8afd79
fd29fd49fd69fd82
fd49fd39fd29fd31
fdcafdcafdbafd8a
fe72fe0afdcafdca
ff0bff1bfe9bfe8b
0004ff7bff13ff03
ff840014006cfffc
fd59fddafe93ff3b
fe5afdeafd61fd19
ff3bfef3feb3fe8b
ff9cff63ff63ff63
ffac0064002cffa4
fe5afed3fedbfeeb
feabfe5afeb3fec3
01b60105003cff63
0246025601f601ce
0266023e022601f6
02460236024e0256
013d014d019e01a6
01e601de01ae014d
01f601fe01be017d
02160186017d0196
013501ae01ce01d6
fee3ffcc004c0095
fe62fe52fe8bfe62
febbfe83fe7afe7a
fe42fe02fe62fed3
fecbfea3fe83fe5a
fe6afe7afe9bfed3
fdb2fe1afe8bfe8b
fdaafda2fdb2fda2
fd29fd71fd92fdb2
fd09fd09fd01fd01
fd59fd31fd11fd19
fdc2fda2fd71fd69
fe42fe42fe3afdfa
ff0bfe83fe6afe62
002cff9cff6bff5b
ff33ffdc009d00bd
fd41fdfafebbfefb
fdd2fdb2fd49fd01
ff5bfeebfe72fe12
ffbcffbcff94ff73
0024ffe4ffd4ff63
fe8bff33ffac0004
fe9bfe83fe3afe42
019600fd0004ff23
0256025e025601fe
028f0276027e0236
0266024602360276
015d014d01350155
016d01b6017d0135
0165017d0135017d
019601c601e601ce
0145018601e60175
feabff4b005400ed
fe9bfe72fe72fe83
fee3fed3fe8bfe8b
fe72fe22fdc2fe2a
fe8bfea3febbfeb3
fe5afe32fe22fe7a
fe0afe02fe0afe4a
fd69fdaafdf2fe22
fcd9fcf1fd19fd39
fd09fd01fcf1fcd1
fd31fd31fd29fd11
fe1afdd2fd71fd41
fe6afe0afdc2fe12
ff0bfe83fe3afe4a
0024001c0014ffa4
fed3ff2bffdc0034
fd49fdeaff03ff33
fde2fd8afd59fd19
fed3febbfea3fe42
ffe4ffdcff5bfeeb
ff9cff84ff84ffac
fedbff13ff7bffa4
fe3afe2afdd2fe02
00fd0074ff5bfe4a
0246022e022e01b6
02c702c702af0276
028f02af02af02b7
01c601c601750186
01be01ce017d0175
012d0054ffcc00d5
01c601ce020e01c6
015d015d00ed00dd
fecbff1b001400c5
febbfe8bfe8bfee3
fe3afebbfea3fe62
feb3fe3afdfafdba
fe8bfe62fe4afea3
fe72fe9bfe3afe3a
fe02fe3afe62fe5a
fcf9fd19fd69fdc2
fcd1fcc1fcd1fcf1
fd01fd01fd09fcf9
fd41fd31fd11fd01
fdb2fde2fdb2fd71
fe62fe62fe32fdda
ff5bff13feb3fe7a
001cffc4ffbcff6b
fec3ff6b00340054
fd61fdfafedbfed3
fe2afdaafd51fd29
feabfe6afe62fe62
ff84ff5bff23fefb
ff33ff23ff4bff84
fe8bfebbff2bff5b
fe7afe32fe5afebb
0064ff8cfebbfe5a
0236021e020e0186
02cf02e702b7029f
02af02ef02d702af
01ee01fe01fe01be
0186020e01be018e
01960155006400c5
02060246024601c6
01ce01d601be01ae
fec3fec3ff5300e5
fe2afe62fe1afec3
fdb2fe3afeabfe42
fe62fe8bfe1afdca
feabfeabfe42fe02
fe3afe3afe5afe72
fd71fdc2fe32fe3a
fce9fcf9fd11fd39
fcf1fce1fcc1fcc9
fd11fd09fd09fcf9
fd69fd21fd09fd11
fdf2fda2fda2fdaa
ff03fed3fea3fe6a
ff84ff0bff13ff03
0074003c00540034
fe3aff03ffb40095
fd9afe2afe7afe32
fdd2fda2fd49fd31
fe8bfe42fdfafdba
fecbfea3fe9bfe93
fed3ff0bff13fed3
fe8bfe93fe9bfed3
fed3fe9bfe32fe02
0024ff1bfe4afe93
024e026601de0135
02bf02c702c7026e
029f0297026e02a7
014501b601750115
018602a702660135
008d00ad00ed0155
024e01d6014d00bd
00b50186020e0256
feb3fe72febbffe4
fdf2fe32fe02fe5a
fdc2fddafe5afe8b
fe72fe52fe72fe12
fdeafdf2fe3afe4a
fe3afe1afe1afe0a
fd29fd61fdd2fe2a
fce9fd09fd11fd11
fd01fcf9fce9fce9
fd29fd11fcf9fcf9
fd59fd41fd39fd39
fe2afdfafdf2fd9a
fef3fec3fe7afe1a
ff53ff13fee3fec3
ffe4ff9cffa4ff9c
fd69fd9afe1aff8c
fd8afe22fe2afdaa
fd59fd61fd49fd21
fe32fdd2fd8afd69
fe62fecbfecbfe83
feb3feb3fea3fe72
fe62fe52fe52fe4a
feabfde2fd79fdba
ff84feabfe62fecb
01a601a6014d0074
02bf029f026e021e
027e021e0236024e
01c60196018e017d
01e60236023e01de
016d013d01250135
02b70216020601d6
00fd013d01e60287
feabfeabfe6affac
fe4afe0afe4afe1a
fe0afdbafdf2fe6a
fe22fe62fe4afe6a
fe02fdc2fdaafdb2
fe32fe4afe22fe2a
fd19fd29fd59fdb2
fd11fd11fd21fd39
fd01fd09fd19fd21
fd39fd11fcf1fce9
fdaafd71fd61fd51
fdf2fd9afdaafdd2
fee3feabfe93fe62
ff0bff1bff0bfef3
fea3fee3ff03ff33
fdd2fdaafdb2fe3a
fd82fdf2fe1afdfa
fd39fd41fd61fd71
fdfafddafd82fd49
fef3fec3fe3afe02
fe62fe0afdf2fe4a
fe32fe2afe12fe5a
fdeafd31fd79fe02
ff0bfea3ff13fee3
01550135009dffbc
0287023e01c60196
029f0266026e0287
01ee018601b6020e
01650196022e0236
01ce012d012d0155
0256022e021601f6
019e01e601fe0246
fe3afeabfe7aff6b
fe83fe5afe52fe2a
fe52fe12fdaafe12
fd9afdcafdfafe2a
fe2afe0afdf2fdc2
fd82fde2fe42fe2a
fd49fd21fd59fd69
fd41fd49fd39fd51
fcf1fd19fd31fd49
fd79fd29fce9fcd9
fd8afdcafd92fd71
fe32fe22fdc2fd79
fe72fe52fe6afe5a
fe2afe62fe93fe93
fdfafdc2fe6afe5a
fe1afe0afddafdda
fdaafddafe02fe02
fd21fd29fd41fd79
fd9afd71fd49fd41
fdd2fdc2fdb2fda2
fe0afdd2fe3afe52
fe1afe12fdd2fe42
fd92fd71fdcafdfa
fee3fed3ff4bfe7a
00d5009d001cff6b
021601fe0175011d
02870297029f023e
021e01f601de020e
021e01de027e02af
022601f601e60226
01de01de02060216
007c0196018601a6
fe1afe6afe83fe9b
fe3afe83fe5afe42
fe2afe42fdcafdc2
fddafdaafdb2fde2
fe4afe12fe02fe02
fd82fd92fdeafe4a
fd69fd69fd59fd82
fd61fd39fd31fd49
fd11fd11fd31fd61
fd61fd59fd41fd11
fd92fd49fd51fd71
fe12fe1afe42fe02
fe0afe1afe0afe1a
fdeafdc2fdcafdea
fe52fe0afdfafe0a
fe42fe6afe52fe42
fdf2fe0afe2afe2a
fd29fd49fd61fda2
fd39fd31fd31fd29
fd79fd92fd82fd61
fdb2fe0afe22fda2
fe1afddafde2fdc2
fda2fda2fdd2fdf2
febbff4bff3bfe9b
006cfffcff94ff6b
01c601ae013d00ed
0276028f025601de
01f601ee01e601f6
01ae019601d6026e
029f025e02460266
01de020e026e028f
ffdc0165017d019e
fe1afe3afe42fe52
fe1afe83fe6afe32
fdb2fe02fe2afdea
fdf2fe0afdcafd8a
fe3afe3afe22fdf2
fd92fd92fda2fdf2
fd61fd8afd92fd8a
fd49fd49fd49fd39
fd71fd41fd31fd31
fd59fd51fd61fd59
fdfafdaafd41fd39
fdd2fdfafe1afdfa
fd82fdb2fdfafdea
fe32fde2fdbafd8a
feabfe8bfe62fe42
fee3fee3fedbfecb
fe42fe6afe8bfecb
fd51fd79fd92fde2
fd82fd49fd29fd39
fd92fdc2fdb2fd8a
fda2fda2fd51fd69
fdf2fddafdbafd79
fda2fd92fdaafe02
feebffccff03fe7a
002cff8cffbcff33
01f6013d015d010d
0246026e02460246
01f6020601f601ee
016d01ee0206023e
0266023e01e601a6
0266026e026e0287
ff2b00d5015d01ae
fe32fe42fe6afe62
fe0afe22fe93fe4a
fd71fd92fe0afe5a
fd92fd9afdfafdba
fdfafe4afe3afde2
fdb2fd79fd8afda2
fd59fd71fdaafdc2
fd31fd49fd69fd49
fda2fd9afd59fd39
fd69fd61fd61fd59
fdbafdcafdaafda2
fdaafdc2fdaafdba
fd82fd79fd9afd92
fe7afe3afe0afdca
ff4bff0bfedbfeab
ff4bff5bff6bff63
fe93fec3ff13ff43
fd8afdc2fddafe6a
fd41fd39fd49fd51
fdf2fdaafd92fd79
fd82fd59fd69fdf2
fd9afdc2fd79fd59
fd8afd71fdaafde2
ffbcffc4ff8cfe5a
0014ffc4ffbcfeeb
023601c6013d00cd
018601be020e0266
017501d602060186
018e017d0175015d
02660206018601ee
01b601f601fe0206
fe6200040115020e
fe2afe3afe4afe52
fde2fdd2fe7afe5a
fdbafd51fda2fe12
fdaafd8afd9afdea
fdb2fe02fe32fdea
fdeafdbafd9afdaa
fd59fd59fd82fdca
fd71fd49fd51fd61
fd51fd8afdb2fdba
fdbafd9afd8afd79
fdbafde2fdd2fde2
fd71fd8afdc2fdaa
fde2fd71fd79fd8a
fefbfecbfe8bfe52
ffc4ffacff84ff3b
ffa4ffa4ffbcffb4
fec3ff1bff63ff9c
fdc2fdfafe22fe8b
fd11fd11fd29fd59
fd79fd29fd21fd11
fd9afde2fe22fe12
fdb2fd82fd59fd69
fd61fd61fdd2fdc2
fff4ffccff6bfdfa
ffccffd4ff9cff5b
0246028701de0095
01350105013d01d6
018e01fe020601e6
01a6016d0135017d
0266023e01ae01ce
0196020e020e020e
fe32ffec01c601de
fe6afe3afe32fe2a
fde2fda2fe22fe8b
fdcafddafd79fda2
fdfafdc2fd61fd51
fd9afda2fdfafe4a
fda2fddafdd2fdb2
fd49fd49fd61fd82
fddafd8afd69fd61
fd92fd69fdaafdea
fdc2fd9afd8afd92
fdd2fde2fe02fdda
fd69fd41fd49fd9a
fe62fdeafd9afd8a
ff94ff53ff13fed3
00040004fff4ffcc
ffd4ffd4ffd4ffe4
ff03ff4bff84ffc4
fdf2fe1afe62feb3
fcd9fcf9fd31fd9a
fcc1fcf1fd11fce9
fda2fe12fdbafcf9
fd92fd61fd69fda2
fd51fd82fdeafd8a
ff94fffcfee3fd9a
000cffccff03ff63
01b6028f017d007c
01ee0165012d00ed
0226028f021e01ae
01fe018601a6017d
020e020601b60206
01be017d01ce01e6
fe12ffa4018601ce
fe8bfe7afe22fe2a
fdbafda2fdcafe83
fd39fddafe0afda2
fe52fdeafd92fd49
fdbafda2fd9afe1a
fd51fd79fda2fdda
fd71fd69fd69fd71
fe0afdf2fdbafd82
fdc2fdb2fd79fdba
fdf2fde2fd9afd92
fd82fdcafdd2fe2a
fdaafd79fd49fd39
fedbfe83fe1afdc2
fff4ffccff7bff2b
001400240034001c
ffe4fffcfff4fff4
ff23ff63ff9cffbc
fe1afe5afe9bfecb
fcc9fce1fd51fdda
fd01fd09fcd1fcb9
fd82fd59fce9fce1
fd59fd51fd82fd9a
fd49fd8afda2fd69
ffccfff4fe5afd71
002cffa4ff5bffe4
01ee024e00d5001c
0216021601e601d6
01de02a70206015d
0216019e018e0165
01a6020e018601c6
011500b5013d01b6
fe02ff230125014d
fe83fe6afe02fdea
fdd2fdc2fd79fe3a
fd31fd31fdc2fdba
fe7afe42fdeafdb2
fdbafddafd92fdda
fd61fd59fd69fd82
fd92fd92fd82fd8a
fde2fe3afe02fdba
fda2fdc2fdc2fda2
fe2afe02fdfafdca
fd31fd41fdbafe12
fddafdcafda2fd51
ff53fef3febbfe4a
003c001cffccff73
001c00340064004c
ffec000400040004
ff3bff73ff94ffb4
fe3afe83feabfee3
fca1fce9fd69fdd2
fcd1fc91fc78fc91
fd69fd49fce1fcb9
fd59fd9afd92fd29
fd59fdaafd82fd82
ffccff6bfe02fd71
ffccff63fff4000c
022601de006c0014
02a7028f02760287
01ae022602760246
01fe018601960186
01f601f6018e0206
010d01c601ee01e6
fe22fe420014009d
fe93fe3afddafdd2
fd79fda2fdaafe02
fd59fd21fd51fd9a
fe0afe3afdc2fda2
fd51fd9afdaafd9a
fd71fd59fd79fd49
fdd2fd9afda2fd92
fdd2fe0afe4afe02
fdfafdb2fde2fde2
fde2fe0afe22fe1a
fd59fd49fd59fda2
fe4afddafdcafdb2
ff94ff43ff2bfee3
006400440014ffc4
0014002c004c005c
ffecfffc0004000c
ff53ff7bff9cffc4
fe5afea3fec3ff03
fca1fd09fd79fdf2
fc99fc78fc78fc89
fd29fc81fc68fcb1
fdcafddafd59fd39
fd69fd92fd71fd71
0014ff84fde2fd59
ff43ff7b003c003c
019e00cd006c0034
029f02760287022e
019e020e025e01f6
024601ae017d0135
01e601b601ce026e
014502560266021e
fe0afe4afffc00bd
fe7afe83fe0afdba
fd92fd59fd92fdba
fdaafd61fd49fd82
fdd2fe1afe02fdc2
fd19fd29fd71fd79
fd61fd49fd61fd51
fe0afdbafdbafda2
fdeafdf2fe22fe6a
fe72fe5afdd2fdba
fd79fdaafdc2fe2a
fd9afd71fd71fd69
fecbfe42fdc2fde2
ffdcffa4ff84ff43
0054004c0034fffc
001c00240034004c
ffec0004000c0014
ff6bff94ffb4ffd4
fe7afebbfeebff23
fcc9fd29fd92fe12
fc78fc70fc78fc91
fca1fc58fc91fca9
fddafd82fd19fd09
fd92fd69fd82fd8a
0054ff23fd8afd51
ff2bff94002c0064
0034ffcc005c001c
0216020e01e600fd
01d601ee022e0196
01ee01be017d0186
027601ee015d01d6
0175026602a7025e
fde2fe4affdc00a5
fe22fea3fe0afd92
fd61fd39fd59fdaa
fdaafd61fd31fd8a
fd69fdc2fe1afdc2
fd09fce9fd29fd51
fd61fd39fd51fd59
fe52fdc2fdcafdaa
fdbafe22fe22fe4a
fe2afe7afe62fdb2
fd82fd59fd71fdaa
fdcafddafdcafdaa
ff1bfea3fe02fe0a
001cffecffacff9c
004c004400340024
0024002c002c003c
00040014001c001c
ff7bffacffd4ffe4
fe9bfee3fefbff3b
fce9fd21fda2fe32
fc70fc70fc78fc99
fc68fc70fc99fc89
fdaafd41fd09fcc1
fd71fd61fd82fd79
004cfe3afd49fd61
ff8c009501550115
004c0085003cff5b
022e027e020e0105
01ee0256020e0145
020e017d019601ce
01b601a6016501be
023e0236028f021e
fde2fe42004c01ae
fdfafe6afdb2fda2
fd69fd29fd49fd71
fdcafd92fd51fd82
fd51fd59fdbafdea
fd39fcf9fd19fd69
fd71fd41fd31fd61
fe32fdfafdc2fdb2
fdb2fdeafe4afe4a
fd79fd82fe52fe4a
fdaafd82fd69fd92
fe1afe02fe3afdea
ff84ff1bfe42fe1a
0034001cffdcffac
0044003c0034002c
001c002c00340034
000c0014001c001c
ff84ffbcffe4fff4
febbfef3ff13ff43
fcd9fd21fdbafe5a
fc68fc68fc78fca9
fc68fc89fc99fc78
fd9afd31fd01fcb1
fd41fd8afd41fd8a
ffacfd79fd29fd31
005401960206018e
009500fdffecff4b
023e0297020e015d
014501ce01ae016d
01be015d01a6014d
013d015d016d0196
02360246027601a6
fdd2fe930125021e
fdfafe83fdeafdb2
fd8afd41fd29fd41
fde2fd9afd59fd71
fd59fd11fd61fdb2
fd82fd41fd31fd71
fd8afd51fd31fd69
fe1afe0afe02fdd2
fe1afdb2fe3afe7a
fd9afd29fd39fdfa
fe02fddafd79fd92
fe62fdf2fe02fe5a
ffbcff8cfeebfe32
004c002c000cffdc
004c00440044005c
000c000c001c002c
00140024001c0014
ff94ffbcffec0004
fec3fefbff3bff6b
fcb1fd21fddafe6a
fc68fc70fc78fc91
fc81fc99fc89fc68
fd92fd31fcf9fcb1
fd41fd79fd29fdb2
fea3fd41fd21fd41
013d01b601b600d5
fff4ffacff840024
0246022e01c60074
011d01be01d6012d
010d00fd00ad009d
010d00f5011d011d
018e01a601a60155
fdaafe7a00f501b6
fdaafea3fe42fdba
fd49fd59fd41fd19
fdf2fddafd79fd59
fd61fd11fd11fd71
fd69fd82fd41fd61
fdbafd59fd21fd39
fe52fe42fe4afe0a
fdbafdeafdeafe4a
fd51fd82fd09fd11
fe5afe12fde2fd49
fe42fe32fdeafe2a
ffe4ffccff73fea3
0054002c0024000c
00440044003c005c
001400040004002c
00140024002c001c
ff94ffccfff4000c
feebff23ff53ff7b
fcb9fd39fdd2fe7a
fc50fc50fc70fc89
fc91fca1fc78fc60
fdaafd41fcf1fcb1
fd41fd39fd49fdca
fddafd21fd39fd19
012d019e013dffbc
ffc4ff63ffcc00cd
01ee01fe00edffdc
012500fd016d0115
012d00e5009d00ad
016d00f5014d017d
017d018e017d018e
fdaafe6200b50145
fd61fe6afe1afe12
fd31fd21fd31fd11
fd8afe02fddafd92
fd71fd61fd09fd21
fd49fd71fd69fd49
fe02fd8afd39fd21
fe0afe42fdfafe22
fd39fd59fdbafdea
fd21fd39fd82fd29
fe52fe62fe0afdc2
fe42fe52fdfafdfa
fff4fff4ffb4ff1b
00540044003c002c
002c003c0044004c
00340024fff4000c
0014003400340024
ff8cffccfffc000c
ff1bff43ff5bff7b
fcb9fd31fdeafea3
fc38fc58fc70fc78
fc91fc99fc58fc48
fdaafd49fce9fca9
fd39fd31fd8afdca
fd71fd09fd49fd31
016501a600c5fecb
ff53ffdc00d50125
01ae01b60034ff73
0125009d008d004c
00ad008d00ad0145
01ae019601b60186
ffdc006c0115012d
fda2fe1affe40014
fd59fe62fe2afe02
fd61fd11fd39fd39
fd31fde2fe02fda2
fd59fd61fd71fd19
fd59fd61fd49fd19
fe12fdd2fd61fd29
fde2fe02fde2fdea
fd49fd19fd41fdda
fdcafd59fd61fd8a
fe32fe6afe3afe0a
fed3fe83fe52fe12
001c0014ffecff94
005c005c0054004c
002c003c0044004c
00540044002c002c
000c0034003c0044
ffa4ffd4fffc000c
ff2bff4bff63ff84
fca9fd31fe02fec3
fc40fc60fc60fc70
fc89fc68fc40fc38
fd92fd29fcc9fc99
fd49fd41fdcafdea
fd61fd21fd29fd29
01b6016dffb4fe3a
ff63005401550186
01d60115ffc4ff7b
0125009d003c0064
00c50024fff400fd
01860287020e017d
00f500dd01ae01c6
fd92fdea00240165
fd69fe72fe52fdd2
fd92fd49fd31fd11
fcf1fd79fdfafd9a
fd21fd71fd8afd39
fd41fd61fd31fce1
fdfafdeafda2fd39
fdfafdd2fdcafdd2
fd49fd49fd21fd69
fe22fdd2fd82fd61
fe22fe3afe32fe32
ff6bfec3fe9bfe4a
00540024000cffe4
0074006c006c0064
004c0054005c006c
006c006c00640054
0014002c003c004c
ffb4ffdcfff40004
ff23ff53ff6bff84
fcb1fd41fe0afec3
fc50fc50fc58fc78
fc81fc58fc38fc40
fd79fd19fca1fc89
fd31fd29fdbafdea
fd59fd21fd31fd31
01c600bdfed3fe32
0034012d017501a6
018e000cff8cffa4
0095003c002c000c
00dd0064000c004c
021601fe01de0175
018e0196019e01f6
fd8afdd2ff9c014d
fd61fe3afe32fd92
fd8afd49fd11fce1
fd01fd31fdb2fe0a
fcd1fd69fd79fd31
fd31fd59fd41fce1
fdeafe0afddafd69
fd8afdf2fdb2fdaa
fd21fd31fd41fd31
fe32fe22fdb2fd59
fe4afe4afe42fe1a
ffdcff6bfec3fe9b
008d00640034000c
006c006c0085008d
006c007400740074
008500850074005c
001c0024004c005c
ffb4ffdcfff40004
ff2bff5bff6bff7b
fcb9fd41fe02fec3
fc58fc60fc58fc78
fc70fc58fc38fc40
fd69fce9fc89fc89
fd39fd31fdcafdba
fd41fd09fd49fd59
011dff73feebfe3a
012501b601de01a6
0085ff4bff9c0054
016500cd0064006c
0125013500f500d5
0196013d018e0125
017d012d00c5012d
fda2fdcaff73011d
fd82fe4afe2afd8a
fdf2fd82fd19fcd1
fd01fd29fd61fe12
fcc1fd39fd79fd39
fd21fd31fd69fd11
fd8afe0afdeafd71
fd19fdb2fddafd39
fd49fd21fd11fd11
fe2afe0afddafd92
feabfe4afe52fe5a
0024ffd4ff53fedb
009d008d005c002c
0064007c008d00a5
0074006c006c0064
007c007c00740064
00140024004c0064
ffc4ffd4ffec0004
ff2bff63ff84ffa4
fcb9fd31fe12fecb
fc58fc48fc60fc81
fc60fc60fc48fc50
fd82fcf9fc99fc78
fd09fd59fddafdb2
fd31fd01fd51fd69
ffc4ff43fef3fe12
0115012d01a600cd
ff84ff3bffcc0125
01e601f601ce016d
0165013d01450196
0246023e024601b6
024601f601f60216
fdeafdc2ff4b0155
fd71fe3afe02fdba
fdfafdfafd61fd01
fd31fd31fd31fd51
fcd1fd11fd59fd69
fd31fd11fd51fd41
fd19fdaafe2afdaa
fcf1fd41fdc2fd61
fdc2fd61fd11fd09
fe72fe1afdeafdda
fecbfe62fe3afe72
0044001cffe4ff53
00bd00bd009d006c
00740085009d00b5
007c007c007c006c
0074007c006c0074
001c002c003c0064
ffd4ffdcffec000c
ff33ff63ff8cffac
fcc1fd49fe2afee3
fc58fc50fc58fc78
fc60fc50fc50fc58
fd82fce9fc91fc60
fcd9fdb2fe12fdb2
fd29fcf1fd69fd51
ff53ff63fe83fdb2
00bd014d019e0004
ff2bff8c0044015d
01a6024602060186
01b601be020601c6
02970287025e01ee
020601de019601d6
fddafdaafe9b00a5
fda2fe22fe12fdc2
fd92fe32fdb2fd59
fd61fd51fd11fd29
fcc9fcf9fd29fd92
fd51fd19fd39fd51
fd41fd59fe12fdea
fd29fd11fd71fdc2
fde2fdbafd71fd41
fe93fe7afe3afe02
ff63fed3fe72fe7a
005c004c003cffec
00d500cd00bd009d
00850085009d00b5
0095008d008d0074
006c008d00950095
002c0044003c0064
ffc4ffdc000c001c
ff2bff5bff84ffb4
fcd1fd69fe3afee3
fc58fc50fc68fc81
fc50fc48fc48fc60
fd82fcf1fc89fc58
fcb9fd79fdf2fdb2
fd29fd11fd79fcf9
0044ff0bfdeafd82
00bd0115008dffcc
ffccffec00dd0125
011d013d01650165
016d01be01e601e6
02d7028f01f60115
01fe021602160287
fdcafdaafe5a00a5
fd69fdfafe1afdd2
fd82fdd2fdf2fd51
fd49fd71fd31fd19
fcd9fcd9fd19fd82
fd9afd31fd39fd51
fdaafd19fdd2fdf2
fd59fd29fd21fdc2
fe1afe1afddafdaa
fe8bfea3fe9bfe4a
ffdcff6bfed3fe83
008d006c0044002c
00b500bd00d500d5
0095008d00a5009d
00ad009500850085
008d009d009d00b5
003c005400640074
ffd4fffc0014002c
ff23ff53ff84ffbc
fcd9fd82fe52feeb
fc50fc50fc60fc89
fc58fc58fc60fc60
fd79fce1fc89fc60
fcd9fd92fddafdc2
fd21fd39fd71fcd1
0054fe7afd9afd71
010d0064ffb40085
fff4ffec015d017d
01ae016d01a6016d
014d012d015501e6
018e01750125012d
0095008d00ed013d
fdbafdc2fe62004c
fd71fde2fe22fdda
fd82fd9afd8afd69
fd49fd79fd51fd41
fd09fcd1fd31fd71
fdeafd51fd29fd51
fdcafd49fd41fdca
fde2fd8afd59fd79
fe62fe42fe4afe1a
fea3fe93feb3feab
004cfffcff7bfeeb
00cd00a50095006c
00bd00d500e500e5
00a500ad00ad00b5
00cd00ad008d008d
00a500b500ad00cd
00540064007c008d
ffe4001400340044
ff1bff43ff7bffbc
fcf9fdb2fe72fef3
fc40fc48fc60fc99
fc60fc50fc58fc48
fd71fcb9fc89fc50
fcf9fde2fdfafdd2
fd21fd41fd59fcc1
ffdcfdf2fd92fd61
0125fff4005c0135
0034005c01ae01e6
0115014d01a601b6
011d013501350186
004400bd00dd00bd
0085007c0085000c
fdc2fdcafe9b0044
fd69fd9afddafdda
fd79fd71fd49fd71
fd69fd51fd59fd51
fd29fd01fd31fd71
fddafd71fd21fd39
fd79fd92fd31fd82
fe0afe3afdd2fd71
fedbfe93fe62fe12
ff53ff03febbfebb
009d009d005cffdc
00ed00e500cd009d
00dd00dd00ed00f5
00ad00b500c500cd
00cd00bd00a5009d
00ad00c500cd00d5
007c0085008d009d
fff4002c00540064
ff13ff43ff7bffbc
fd61fe02fe93fef3
fc48fc50fc70fcc9
fc68fc48fc40fc48
fd49fca9fc70fc48
fd29fe12fe02fdaa
fd21fd29fd09fcc9
feebfdb2fda2fd61
007c005401650095
000c004400ed0125
019e01b601750175
014d0165014d01ae
013d01550145010d
01ae0186011d00e5
fdcafdeafeeb00fd
fd79fd92fdc2fdda
fd69fd71fd39fd69
fd79fd19fd49fd51
fd11fd39fd31fd49
fdb2fdd2fd19fd01
fd71fd79fd51fd61
fdeafdfafe4afde2
fed3fedbfea3fe6a
001cffa4ff53feeb
00cd00bd00ad008d
00fd00fd00ed00ed
00e500ed01050105
00ad00bd00cd00cd
00cd00c500c500ad
00bd00cd00dd00cd
0095009500a500b5
000c004c006c007c
ff2bff5bffa4ffcc
fde2fe52feabff03
fc50fc60fc91fd39
fc60fc50fc48fc50
fd31fca1fc60fc48
fd31fe12fdfafd92
fd29fd29fce9fcc9
fe12fdaafdc2fd79
00640125016dffb4
0014007400bd008d
0226024e01c600ed
021e022e023e01f6
018e01ae01be01de
018e01750135016d
fdd2fe22feeb005c
fd8afd8afdaafdda
fd61fd59fd21fd41
fd71fd19fd31fd51
fd09fd19fd71fd31
fd71fdf2fd71fd09
fddafd92fd51fd39
fe72fe12fda2fdca
ff03fec3febbfe93
009d0044ffecff94
00fd00f500cd00bd
012d011500f500fd
00dd00f500f50115
00ad00bd00b500cd
00cd00c500c500ad
00c500cd00ed00d5
009d00a500b500c5
0014004c00740095
ff3bff6bffb4ffdc
fe22fe8bfed3ff1b
fc58fc70fcd1fd9a
fc48fc40fc38fc48
fd01fca9fc60fc58
fd29fe0afdf2fd79
fd21fd19fcf1fcc9
fdc2fd9afdc2fd82
015501b600b5ff13
fffc009d007c007c
017d01e602160196
0206024e027601f6
01e601250105015d
01fe01be018601b6
fdc2fe02fef30085
fd8afd9afd92fdd2
fd61fd61fd29fd31
fd71fd41fd39fd39
fd31fcd9fd79fd51
fd59fdc2fdc2fd69
fd82fe02fdbafd51
feabfe8bfe52fdd2
ff9cff0bfed3fed3
00c500bd008d002c
01050105010500ed
01350115010d010d
00cd00e500e50115
009d00b500b500b5
00d500cd00c500b5
00c500c500e500d5
009d00b500c500c5
0024003400540085
ff43ff7bffacfff4
fe5afebbfef3ff2b
fc70fc81fcf9fdda
fc58fc48fc50fc60
fcf9fca9fc68fc60
fd31fe32fdfafd71
fcf1fcf1fce9fcc1
fd9afd92fdb2fd41
024e015dfffcfe22
ffb4003c008d00ed
017d01a6024e0256
01fe02460297025e
024e019e014d0155
018601e601d6020e
fdcafdfafefb003c
fd82fdaafd9afdea
fd49fd8afd59fd31
fd71fd61fd41fd19
fd31fcf1fd59fd69
fd79fd69fde2fdba
fde2fdb2fdcafdd2
fedbfe83fe7afe5a
0054ffc4ff4bff0b
00fd00dd00e500b5
011d011d010d0125
01150115010d0105
00b500cd00d500ed
009d009d009d00ad
00cd00c500ad00a5
00c500c500cd00cd
007c00a500ad00b5
fff40004002c005c
ff3bff84ffa4ffe4
fe8bfee3ff1bff2b
fc60fc91fd29fe0a
fc58fc40fc50fc58
fd11fca9fc70fc70
fd09fdfafe02fd69
fd19fd19fd31fce1
fd71fdb2fdc2fd31
01be0074fedbfd9a
ff23004c00a501ae
01f6025e026e024e
01c601450165015d
0236021e01e601c6
019e01d601f60246
fde2fe7afef3004c
fd61fd9afd9afdea
fd21fd61fd92fd41
fd69fd61fd59fd11
fd59fd11fd29fd59
fdc2fd61fdc2fdd2
fe0afe02fdd2fdba
feebfe9bfe7afe4a
00c5008dfffcff43
00ed00f500ed00dd
00fd010d01050105
00dd00dd00dd00cd
00a500ad00cd00cd
008d0095008d00a5
00c500d500bd00ad
00a500a500b500b5
00540074007c008d
ffc4ffd4fff40014
ff3bff73ff9cffb4
febbfefbff2bff3b
fca1fcb9fd59fe2a
fc58fc58fc68fc81
fcd9fca9fc68fc50
fd09fdcafe02fd59
fd71fd61fcf1fcb9
fd49fdd2fd9afd69
01750024fe3afd79
ffb400ad019e0236
026e028f028702cf
0105011d010d018e
01be0155011d010d
01f601fe022e0216
fe02fe72ff2b00ad
fd61fd9afdc2fe02
fcd9fd31fd8afd79
fd8afd49fd61fd31
fdc2fd49fd31fd61
fdaafde2fd9afdca
fe62fe3afe32fdca
ff0bfeabfe9bfe7a
00ed00b50044ffa4
00e500fd010d0105
00c500ed010500f5
00cd00bd00bd00ad
009500a500bd00c5
00a5008d0085008d
0074009500a500a5
ffec000c00440064
000cfffcfff4ffcc
ffecffecffecfff4
ff4bff7bffbcffd4
fecbff1bff2bff4b
fcb1fcc9fd82fe52
fc81fc99fc99fca9
fcd9fca9fc60fc48
fd21fd82fdeafd41
fd11fcc9fca9fcb9
fd69fdcafd71fd39
006cfeebfd82fd49
fffc0175026601c6
026e02a702760287
014d0196018601c6
01d60054005c00ed
023e01c6024e02bf
fde2fe5aff6b0145
fd9afdc2fddafdfa
fcc1fce9fd41fd69
fd9afd61fd59fd69
fe22fdd2fd59fd41
fda2fdd2fe1afe02
fe93fe72fe72fe12
ff84ff5bff03fed3
00ad004cffdcff94
00e500fd00fd00e5
00c500ed00fd00e5
00bd00ad00c500bd
008d009500b500bd
00ad009d007c007c
ffe400340085009d
ff33ff4bff63ffb4
001cffe4ff9cff53
0034004c0054003c
ff7bffa4ffec000c
fed3ff2bff3bff53
fcc1fce1fdb2fe5a
fcb1fcc9fcc9fcc9
fce9fca9fc58fc68
fd21fd71fe22fd31
fd21fcc1fcb1fcc9
fdc2fdc2fd61fd31
ff4bfddafd31fd49
ff4b0175016d007c
024e0206022601c6
018e018e01fe0226
0216011d014d013d
024602360266029f
fdd2fe7aff730135
fd82fdbafdb2fdea
fd01fcb9fd31fd41
fd82fd59fd21fd61
fe83fe12fd8afd59
fddafddafe3afe72
ff53fecbfeabfe4a
00a500bd00950014
006400640064005c
00dd00b500b500a5
00d500e500dd00cd
009d00ad00c500c5
008500850095009d
00bd009d006c0074
ffe4001c007400a5
ffecffb4ff84ffac
00950095004c001c
004c006400740085
ff84ff9cffe4001c
feebff43ff63ff6b
fce1fcf9fdcafe62
fce1fcf1fce1fcd9
fce1fca1fc68fca1
fd19fd49fe0afd19
fd19fcb9fcb1fcf9
fddafd9afd69fd39
fe2afd59fd41fda2
ffd4012d008dff5b
022e01ee022601ce
010501c601ee0226
00f500f5012d00fd
016d01f6026601d6
fdcafe93fff400f5
fd79fdaafd9afdda
fd21fcb9fcf1fd69
fd69fd49fd31fd31
fedbfe5afdaafd82
fe32fdbafe02feeb
003cff9cfee3fe8b
013d0155011d00bd
00c500dd00ed010d
00c500ad00ad009d
00dd00e500cd00c5
009d00ad00c500bd
00740085008d0095
00bd009500640064
005c006c0085009d
00c500ad0074004c
00ad00b500c500dd
002c0054007c009d
ff8cff94ffbcfff4
fefbff43ff7bff8c
fcf1fd01fddafe7a
fce9fcf1fcf1fcf9
fcc9fca9fca1fcd1
fd09fcf9fdbafcf9
fd19fcc9fcc9fd39
fdbafd92fd61fd41
fd69fd61fdaafe0a
006400cdffc4fe83
01a601be01d6013d
019e011d010d0186
0135019602360226
00d5016d01e6018e
fdc2fe83fff400dd
fd79fd8afdcafdba
fd39fce1fcd1fd29
fd61fd19fd39fd11
ff13fedbfe12fdc2
fe83fdfafdfaff1b
00b5004cff8cfeeb
011d010500e500e5
0105011d01250115
00b500c500e500e5
00d500e500d500b5
008d008d00ad00bd
006c007c007c008d
00ad007c00440054
00a500b5009d009d
00dd00e500d500ad
00bd00c500c500d5
0014004c007c00ad
ff9cff8cff9cffd4
ff0bff5bffa4ffb4
fcf1fd11fe02fe8b
fcd1fcc9fce9fd09
fcb9fcb1fcd1fcd1
fcf9fcd9fd8afd09
fd21fcf1fd01fd19
fd8afd82fd71fd59
fd31fd59fdf2fd79
00cd005cfefbfda2
015d01a601a6018e
0145009500f501b6
01d6027e027601ce
0165018601d60135
fdeafe8bfff40145
fd79fd69fdc2fda2
fd31fd09fcd9fd11
fd41fce1fd51fd21
ff9cff63feb3fdda
fec3fe7afe22feeb
00bd0085000cff6b
00e500cd00c500c5
00e500ed00e500dd
00c500e500ed00f5
00cd00dd00d500bd
0085008500ad00c5
00740085006c0074
00a5006c004c004c
00d500d500bd00ad
00c500c500cd00cd
00ad00cd00d500cd
ffec0024007c0095
ffb4ff8cff84ffac
ff13ff7bffc4ffdc
fcf1fd11fe02fea3
fcc1fcc1fce9fd09
fcb9fcc9fcd1fcc9
fce1fcc9fd71fd01
fd41fd09fcf9fce9
fd8afd82fd9afd8a
fd39fd41fd41fd59
0064ffccfe93fd51
0115017d01ce01b6
0206021e01a6012d
015501ae013d0165
01c601be023e012d
fe02fe9300c50196
fd59fd71fdc2fd8a
fcf9fcf1fcc9fd01
fd19fce1fd51fd39
ffd4ffe4ff94fe2a
ff4bfefbfe93fee3
00dd009d0044ffd4
00cd00ed00f500fd
00b50095007c008d
00c500cd00d500cd
00ed00e500d500c5
008500a500c500dd
0064007c0074006c
00ad006c004c0044
00f500ed00e500cd
00d500c500cd00dd
00b500c500d500d5
ffb4000400640095
ffd4ff84ff63ff8c
ff13ff8cffecfff4
fce9fd09fdfafeab
fcb9fcd1fcf1fcf9
fcc1fcd9fcd1fcd1
fce9fcf1fd51fd01
fd21fcb1fcb9fce9
fd69fd79fd79fd41
fd51fd51fd59fd79
ffc4fec3fdb2fd79
01860216024601fe
022e027e02870175
01d601ae013501d6
01b601ee02160145
fe12fe62007401be
fd49fd31fdc2fdaa
fd11fcd1fcc1fce9
fd39fd09fd49fd21
ffe400340044ff0b
ffccff3bfefbfeb3
00ed00cd00950034
00a500dd00fd00fd
007c00640054005c
006400a500a50095
00f500e500b5007c
009500b500c500e5
005c0074007c007c
00cd007400340034
00e500f500fd00ed
00c500bd00c500d5
009500a500b500bd
ff94ffdc00340074
ffecff94ff4bff63
ff2bff940004001c
fcc9fce9fdfafebb
fcd1fcf1fd01fcf9
fcd9fcf1fce1fcd9
fcf9fd21fd51fd19
fd19fcb9fcb9fcf1
fd59fd79fd59fd39
fd51fd29fd31fd41
fe7afdb2fd51fd51
01fe01f601ee016d
0186017d026601ae
021601fe01ce01f6
0236028f0266020e
fe32fe5afefb014d
fd61fd29fdaafdb2
fd09fce9fcd1fd09
fdb2fd31fd51fce1
ffe400340095ffd4
ffdcff43ff2bfed3
00bd00bd00b50054
0044007c00a500b5
0044004400440024
ffd4005c00740064
00e500c5008d001c
00bd00c500e500fd
0054007c0085009d
00dd008500340034
00cd00dd00f50105
00b500bd00c500cd
003400440074009d
ff9cffccfff4001c
000cffacff4bff63
ff2bff8400040034
fcb9fcd1fdeafed3
fce1fd09fcf1fce1
fce9fce9fcf1fcd9
fce1fd01fd39fd01
fd19fcb1fca1fce1
fd49fd82fd51fd51
fd39fd01fd29fd39
fdd2fd61fd59fd49
01b601b601a6011d
0196015d01ce01b6
01de0165015d020e
01ee023e025e0206
fe2afe52fea30095
fd82fd39fd8afdb2
fcd9fcf9fcb1fd21
fe62fd29fd51fcc1
ffec004c008d0054
ff9cff63ff63ff1b
005c004c002cffec
ffec002400440054
fff4ffc4ffccffbc
fffc002c0034000c
00e500b50074002c
00cd00d500fd0105
0054008500a500c5
00e50085001c001c
008d009500bd00e5
000c0014002c006c
ff63ff84ffd4000c
ff1bff13ff2bff4b
003cfff4ff63ff2b
ff1bff7b00040044
fca9fcb9fdd2feb3
fcf9fd01fcc9fcd1
fce1fcd9fce9fce1
fcf1fd01fd41fce9
fd11fca1fc91fce1
fd49fd71fd51fd49
fd29fd09fd49fd19
fdaafd69fd69fd31
020e01d6013d0135
01ae01ae00ed016d
011d0145017d01e6
00bd00ad009d0074
fe3afe1afe3aff6b
fd82fd61fd9afdc2
fcb1fd09fca9fd41
ff1bfd41fd29fcd1
ffc4003400a500a5
ff6bff7bff8cff53
0024001cffe4ff7b
ffc4001c0024004c
ff94ff73ff53ff63
fffc000cffecffac
00d500b5006c0014
00e500fd010500f5
003c007c00bd00dd
00bd007c000c0004
000c004c007c009d
ff8cff94ffc4ffe4
fef3ff23ff63ffa4
fe83fe93fed3fef3
003cfffcff53fedb
fefbff7bfff4003c
fca1fca1fda2fe8b
fd09fce1fcb9fcc9
fce1fce1fce9fce9
fd09fd19fd51fce1
fd09fca9fc89fce1
fd59fd59fd49fd41
fd49fd51fd49fcf9
fd8afd61fd41fd39
015501b601be019e
01f6020e01b6012d
00e5016d01be01c6
007c008d002c006c
fe5afe12fdd2fed3
fd61fd92fdaafdd2
fc91fcd9fcd1fd49
ff84fd41fd19fd01
000c006c00ad00bd
ff23ff7bffbcffac
feb3fef3ff53ff0b
fdfafe9bfed3ff33
ff33fe7afdd2fd51
fffc0004ffdcff84
00dd00c5008d002c
010d011d0115010d
003c008500d500f5
008d0054fffc0004
ff8cffcc00440085
fd79fd9afe93ff0b
fdfafe72fe1afdc2
fea3fe72fdfafdc2
0004ffccff53feeb
fef3ff84fff40024
fc99fc91fd82fe72
fce9fcb1fca1fca9
fce1fce9fce1fce9
fd21fd39fd41fce1
fd09fcc1fc89fce1
fd71fd49fd39fd31
fda2fd39fd39fd21
fd79fd51fd51fdb2
0175020602260287
023e024e026e0206
0105015d027e028f
001400ad00dd0105
fe52fe2afdbafeab
fd82fdc2fd92fda2
fc91fcb9fcf9fd59
ffc4fd82fd09fd09
0044006c009d00b5
003c0034001cfff4
ff43ff84ffcc0014
fe32fec3ff6bff84
fee3fe32fde2fdd2
0014000cff23fec3
00f500dd009d0014
011d012d011d010d
0034007c00dd0105
0095003cfff4fffc
ff1bfebbff6b0074
fde2fdeafe3afeb3
ff23ff13fe93fe1a
0004000cffdcff73
002c000cffdcffdc
fee3ff9cfffc002c
fc89fc91fd69fe5a
fcc9fc91fc78fc91
fce1fcf1fce1fcf1
fd19fd49fd39fce9
fd09fcd1fca9fd01
fd79fd51fd31fd39
fd71fd29fd39fd39
fd8afda2fdfafe2a
026602af0266027e
02c702b702460216
004400f5025e02b7
0115010500d500bd
fe2afe2afda2ff2b
fd92fdfafd9afd92
fca9fc99fd09fd71
ffbcfdb2fd29fcf9
0064005c00640085
008d0085004c0034
00a500bd00c500b5
ffdcfff40034006c
ff9cff8cff84ffbc
00340014ff9cff8c
00f500f500a5fff4
012d01450145010d
0024007400d500fd
00b5002cffdcffec
fffcffccff7b004c
ff84ffa4ffe4fffc
0064fffcffb4ff94
006400a500ed00cd
0014000400140044
fedbff9cffec0014
fc91fcb1fd59fe4a
fcd1fc89fc58fc89
fce9fcd9fcd1fd01
fd39fd41fd39fd01
fcf1fcd1fcb1fd19
fd51fd49fd39fd29
fd31fd31fd11fd31
fd79fe12fe8bfdf2
02bf0236017501ae
020e01e601be024e
01c601c6027e027e
0175019e00fd0125
fe32fe22fdc2ffa4
fdb2fdfafd92fdb2
fca9fc99fd29fd79
ff7bfdaafd51fcd9
00850085006c0074
00950085005c0064
010d010500ed00bd
00ad00d500e500fd
003400240034006c
005c00a50085004c
00f500ed00cd0044
0135014d013d0115
0014007400c500f5
00b5002cffe4ffe4
00a500ad008d009d
008d00a500c5009d
008d009d0095008d
005c00640085008d
fffcffdc002c005c
ff03ffa4fff4000c
fca1fcd9fd51fe3a
fcc1fc68fc40fc81
fce1fcd1fcd9fcf9
fd49fd59fd29fcf1
fce1fce9fcd9fd11
fd51fd29fd31fd19
fd21fd01fd09fd49
fd9afe72fe7afd92
02c7021e019601ce
015d00e5015d0256
024e022e01b60196
016501c601150145
fe3afe12fdfaffd4
fdcafd71fd31fdba
fca1fca1fd69fd9a
ff2bfd8afd79fcd1
00ad00ad008d0095
009d009500740095
00d500d500d500c5
009500b500cd00cd
007c0064005c0064
008500b500b50095
00fd00e500d50095
011d0135012d011d
00140054009d00dd
006c0004ffe4fff4
00bd00e500e500c5
0074005c007c0095
001c0044005c007c
004c003c001c001c
001c0024003c0054
ff03ff9cffdcfffc
fcc9fce9fd41fe22
fc99fc50fc40fca9
fcd1fcd1fcd1fcd9
fd79fd82fd31fcf9
fd11fd21fce9fcf1
fd39fd09fd29fd39
fcf1fd09fd21fd39
fdeafe6afdeafd31
0297024602360276
017d01c602bf02c7
019e01b601c60186
014d0165012d0115
fe32fe12fe42001c
fde2fd39fd19fdc2
fcb1fce9fd8afdb2
ff23fd82fd79fcc9
00bd00c500ad009d
00cd00c500bd00bd
00ad00bd00cd00d5
00a500b500b500ad
009d009d0095008d
00a500bd00d500bd
00f500f500ed00bd
00fd0115011d0115
001c0054009d00dd
0044ffdcffdc0004
00cd00e500dd00ad
00440044006c00a5
ffec000c001c003c
00850054000cfffc
002c005400640085
ff0bff84ffcc0014
fcc9fce9fd49fe32
fc91fc58fc81fcd9
fce1fce1fcd1fcc1
fdbafd59fd09fce9
fd19fd21fcf9fcf1
fd41fd09fd21fd41
fce1fd11fd09fd29
fe4afe12fd79fd29
02060115018e0246
016d01e6023602c7
01ae01d601be0175
0135013500ed0125
fe1afdf2fe8b008d
fdb2fd21fd51fdaa
fcd1fd49fdbafdf2
ff03fd92fd92fcc9
00e500dd00c50095
00f500f500ed00ed
00e5010500f500ed
00e500f500e500e5
00cd00c500c500d5
00c500bd00e500dd
0105010d00fd00e5
00f501050105010d
002c005400a500d5
0024ffecfff4ffe4
00c500dd00c5007c
0034003c00640095
0034002c0024002c
00ad00950064003c
004c007400850095
ff1bff8cffd40014
fcd9fcf1fd59fe2a
fc91fc58fca1fce9
fce9fce9fce1fcb1
fd9afd19fcf9fcf9
fd09fd39fd21fd21
fd49fd09fd29fd29
fcf1fd31fd19fd21
fe7afdbafd49fd11
01b600f5010d01ee
0186008d00e50145
01ee01fe021e021e
016d01be01b6018e
fe02fde2ff2b012d
fd71fd11fd61fd79
fd21fd82fdb2fdfa
fee3fd92fd8afcf1
010d00f500cd0085
01150125012d012d
0105010d00fd00fd
010d01250125011d
00e500f500f50105
00ed00c500dd00d5
0105011501150105
00dd00ed00f50105
001c006400a500cd
001400140014fffc
00bd00c500a5005c
0044005c007c009d
00850064004c0044
00cd00d500c500a5
005c008500ad00cd
ff13ff84ffd4002c
fd01fd11fd61fe32
fc89fc50fca1fcf9
fce9fcf1fcd9fcb1
fd69fd01fd09fd09
fd39fd39fd11fd59
fd39fd11fd21fd39
fd01fd29fd11fd09
fe72fe2afd71fcf1
0105018601b601fe
02160125004c0054
019601e602760276
019e016501ce01f6
fe2afe4affcc0186
fd59fd21fd79fd82
fd59fd9afd9afdfa
fe83fdb2fd79fd11
011500f500dd006c
0135014d014d013d
011d01250115011d
01150115011d0125
00e500ed0105010d
00f500cd00cd00cd
010d0115011d0115
00c500e500fd010d
003c0064009500bd
002c00340044002c
00ad00ad008d004c
00a500ad009d009d
00cd00b500b500ad
00e500ed00ed00e5
006c0085009d00c5
ff03ff94fffc0044
fd21fd31fd82fe2a
fc81fc50fc91fd11
fce9fcf1fcc1fca9
fd31fcf9fd11fcf9
fd49fd41fd29fd51
fd19fd09fd19fd29
fd21fd29fd19fcf9
fe12fd9afd79fd11
010d018e01b601fe
026e023e017d00dd
0216024e02760216
021e0216026e0266
fe6afe8b00c5020e
fd09fd19fd79fd79
fd59fd79fd82fdda
fe4afdc2fd71fcf9
010d00f500ed006c
015d016501550145
0145013d0145014d
0115011d012d013d
00d500e501050115
00fd00cd00cd00cd
011d011501250125
00bd00c500e50105
0054006c008d00c5
004c006400640044
00a5009d008d0054
00dd00cd00ad00a5
00dd00e500e500d5
00dd00d500ed00f5
00850095009500b5
fefbffac0014004c
fd79fd71fd8afe22
fc81fc48fc99fd39
fcf1fce1fcb1fcb1
fd31fd19fd11fcf1
fd39fd49fd39fd49
fd01fd21fd41fd11
fd51fd41fd19fce9
fd9afd39fd01fd01
020e01fe01d601e6
02c702bf02a70236
028f023e01e6023e
025e0276029f0287
fe72fefb010d0226
fcd9fd69fda2fd8a
fd29fd82fdaafd9a
fe5afddafd8afcf1
0115010d00fd007c
0165016d015d0135
015d016d0175016d
0115012d014d0165
00c500dd00e500f5
010500d500dd00cd
0105010d012d0125
00cd00cd00c500e5
0064007c008500ad
007c0085006c005c
00c500ad00950064
00ed00dd00cd00cd
00f500ed00e500d5
00d500dd00e500f5
008500ad009500a5
feebffac00240054
fddafdaafd9afe22
fc89fc48fc99fd8a
fcf1fcc9fcb9fcb1
fd39fd29fd09fd01
fd41fd49fd41fd61
fcf1fd21fd19fd01
fd49fd19fd09fce1
fd71fd41fd09fd21
0297020e01d6021e
02b702af02cf02d7
02160216021e023e
0236023e026e024e
fe32feeb00f5020e
fce1fdb2fe12fd79
fd39fd8afde2fd49
fe52fdd2fd8afcf1
013501250105006c
016d0165014d013d
018601960196017d
0115012d014d0175
00d500d500e500ed
00fd00dd00d500bd
00d5011501350125
00c500c500b500ad
0074008d009d00a5
007c0074006c006c
00cd00b5009d0085
00ed00dd00dd00e5
00fd00ed00dd00d5
00d500e500ed00f5
006c0095009d00bd
fedbff94000c004c
fe02fdbafd9afe12
fc78fc50fc70fd82
fce9fcc1fcb9fc91
fd41fd11fd01fcf9
fd41fd59fd71fd69
fcf1fd11fd11fd21
fd41fd01fd01fce1
fdeafd71fd19fd41
025e01de01be018e
01ae020e01d60236
01a601ee01ce017d
0155018601c60175
fe02fe8b0044011d
fcf1fd8afe7afdaa
fd59fd8afdeafcf1
fe0afdeafd69fd29
0135011d01150004
01650165014d0145
018e0196017d0155
010d010d014d0175
00cd00c500dd00ed
00ed00bd00bd00b5
00bd00f501150115
00c500b500bd00bd
0054007c00b500cd
003c0044004c006c
00ed00b50085005c
00cd00c500cd00f5
00c500bd00d500cd
00d500d500e500e5
0064006c009500bd
fecbff6bffe4003c
fda2fd9afd8afe12
fc60fc58fc40fcd1
fce9fcc1fca1fc70
fd41fd11fd01fd01
fd69fd82fd79fd71
fce9fd01fd09fd31
fd31fd01fcf9fce1
fda2fd69fd69fd79
0165017501ae019e
01b601ce0175014d
016501e6017500fd
01050135010d00e5
fddafe7affdc008d
fd41fd31fdf2fdda
fd71fda2fdbafcf1
fdeafdeafd51fd41
013501150105ffac
017d016d014d014d
0196019601860175
010d0125014d0186
00c500cd00cd00f5
00ad009d009d00bd
00bd00cd00d500cd
00ad00b500bd00bd
0064009500c500bd
ffec001c003c0054
00c500850034ffd4
00c500a500cd00dd
00bd00c500d500d5
00d500dd00ed00e5
0064006c009500b5
fec3ff53ffcc002c
fcc1fd59fd8afe0a
fc48fc50fc38fc30
fcd9fcc1fc99fc60
fd29fd09fd09fcf9
fd82fd9afd8afd71
fd09fd21fd29fd59
fd21fd09fcf1fcf1
fd61fd82fdb2fd79
0216019e01a60186
01ae024e0246021e
018e0165012500fd
014d018e019e014d
fdd2fe22ff330095
fd9afd49fd51fe02
fd92fdd2fd71fd29
fdd2fde2fd82fd82
0135011500f5ff73
01860175015d015d
018e0186017d017d
011d013d01550175
00bd00bd00cd0105
002c00540074009d
00a500950085004c
009d009d0095009d
007c009500ad00ad
ffdc0014002c0064
0085002cff7bff63
00cd00b500d500b5
00c500d500c500d5
00cd00dd00dd00cd
005c007c009500b5
fec3ff53ffc4002c
fc50fd19fd79fe0a
fc40fc48fc40fc28
fcb9fca9fc91fc60
fd11fd11fd01fce9
fdbafda2fdaafd41
fd19fd29fd51fdba
fd11fcd1fce1fcf1
fd9afddafdb2fd9a
01c600f5013d017d
015d01fe01fe022e
024e01b6018e012d
011502460266026e
fdd2fe22febb003c
fd92fd92fd79fd71
fdcafddafd41fd51
fdd2fdcafd9afdba
013d011d00e5ff3b
017d0175016d015d
016d016d01650175
012d01450155014d
009d00ad00d50105
ffbcffcc002c0074
0095007c006c002c
009500950095008d
00a50085008d00ad
002c004c00440085
004cff6bff03ffd4
00b500ad00b5008d
00c500cd00c500d5
007c008500bd00bd
001c0064007c0095
fed3ff63ffb4000c
fc30fce1fd69fe0a
fc40fc50fc50fc38
fcb1fc99fc68fc40
fd29fd19fcf1fcc9
fdc2fdaafd59fd21
fd41fd59fdbafdfa
fd39fcf9fcf1fd09
fd9afe0afdc2fd92
01960105009d009d
01ee01f601c601de
023601e6015d0145
011501fe01a6016d
fd82fe02fe42ffbc
fd79fdd2fe0afd92
fdf2fd82fd49fd51
fdfafddafdb2fdba
0135011d00d5ff0b
0175015501450145
015d015d015d0165
011d0135013d0155
005c007c00bd00e5
0004ff63ffb40034
00a500850085006c
00cd00c500c500bd
00a500a5008d00ad
0064006c0064007c
ff8cfebbffc40064
00ad009d00950054
00dd00d500cd00c5
003c005c00ad00c5
0014004c006c0074
fecbff53ff8cffd4
fc30fcc1fd71fe0a
fc40fc58fc68fc48
fcb1fc81fc48fc40
fd31fd09fcd9fcb1
fd79fd61fd41fd41
fd71fdb2fdf2fdc2
fd09fcf1fd19fd61
fda2fdbafd61fd31
022e020e017500e5
0186018e019e022e
01e60216021601ee
004401b601a60196
fd82fdc2fd92fe62
fd59fdc2fe2afdd2
fddafd39fd69fd39
fe12fe12fdbafdb2
012500fd00a5fedb
0155012d012d013d
0165015d015d0155
00ed010d0125014d
0014005c009500ad
006cffb4ff63ffd4
00e500ad00a5009d
011500ed00ed00ed
007c009500ad00e5
008d007400640064
febbfef300340095
009d009d007cffe4
00ad00b500c500ad
00640085009d00b5
ffe4001400540064
fecbff4bff73ff9c
fc38fca9fd69fe02
fc50fc58fc70fc50
fca1fc60fc48fc40
fd21fd09fcc9fcb9
fd61fd59fd59fd49
fdbafdeafdd2fd79
fd09fd49fd61fd82
fdb2fd8afd29fd01
011d018e01ce0155
0246021e01e601c6
01de021e022e023e
fecb006c017d019e
fdcaff2bff94fe5a
fd59fdaafdeafdda
fd82fd49fdb2fd59
fe1afe0afdb2fdd2
010d00ed007cfe93
0135011d011d011d
015d0155014d0145
00cd00f50115013d
ffc4002c006c0095
00ad0044ff7bff63
010d00e500d500c5
0155014d01250125
004c0064008500f5
006400640054003c
fe93ff43001c0054
0095008d0034ff63
00a500ad009d0085
0044007400a500ad
ffccffdc002c004c
febbff43ff73ff9c
fc48fc89fd49fdea
fc58fc68fc78fc68
fc89fc58fc38fc38
fd31fcf9fcc9fcb1
fd82fd92fd69fd41
fddafdd2fdb2fd82
fd79fda2fdb2fdea
fdbafd71fd19fd39
013d018601ae0155
0276025e025e01be
015501ee022e026e
ff4bff53ffb40064
fe2afef300240064
fd61fda2fdcafdc2
fd31fd82fdaafd82
fe22fdfafdbafdba
00f500e50074fe83
012d011d0115010d
0155014d013d013d
009d00cd01050135
ff7bfffc0054007c
00d500a5fff4ff4b
0115011500f500d5
013d01450125011d
00140034006c00d5
003c004c002c001c
febbff33fffc0024
009d007cfffcff43
00ad009d00950095
005c0074008d00ad
ffc4ffc40004003c
febbff3bff73ff9c
fc48fc81fd39fdda
fc68fc81fc78fc68
fc89fc58fc38fc40
fd11fcd1fcc9fca9
fddafdcafd92fd61
fde2fdd2fd9afd9a
fdbafe02fdfafde2
fe22fd9afd79fda2
01ee020601f60186
01ee01fe023601f6
011d016502160226
010d0054011d00d5
fe83ff33ffac011d
fd79fddafe12fdd2
fd39fd9afda2fd8a
fe0afdf2fde2fd82
00dd00cd002cfe52
0125011d010d00fd
0135012d01350135
008500b500ed011d
ff6bffac0014005c
00ed00c5007cffdc
00f500fd00dd00dd
00dd00dd00dd00ed
fffc002400540095
001c001cfff4ffec
feebff23ffb4fff4
00950064ffecff63
009d009d00a50095
004c006c00740085
ffacffc4ffec0024
feb3ff3bff6bff84
fc48fc68fd29fdca
fc68fc89fc81fc70
fc81fc50fc38fc40
fcd9fcd9fcb1fc99
fdfafdc2fd79fd21
fe02fdbafdbafdda
fe62fe5afde2fe1a
fe22fdaafd92fdca
01ae021601fe0206
016d0175018e01be
020e019e017d016d
018601b601de0206
fe2aff1bff6b001c
fdbafe9bfe62fdf2
fd69fdcafdb2fdb2
fe0afde2fdeafd61
00dd00c5ffacfe02
0115010d010d00f5
011501250135012d
006c00a500cd00fd
ffacff84ffdc002c
00e500b500b50064
0095005c008d00c5
008d009d00c500cd
ffb4fff40014004c
fff4ffd4ff7bff73
ff53ff3bff7bffcc
0095005c0004ffac
0085009d009d009d
0024005400440064
ff8cffacffc40004
fe93ff2bff63ff6b
fc58fc50fd11fda2
fc60fc91fc81fc70
fc70fc50fc38fc48
fcd1fce1fcb9fc91
fe02fd92fd49fd21
fdcafdbafdfafe0a
fe9bfde2fe12fe1a
fdfafd82fdbafec3
016d013d018601b6
01960186017d018e
024e01a6015d0175
00fd025e01d6023e
fe3afe6aff33ff6b
fda2fecbfe9bfdfa
fd9afdf2fdcafdba
fe0afdf2fdcafd8a
00d500b5ff43fdd2
0105010d011500fd
00e5010501150115
003c006c00ad00dd
0024ffa4ffacfff4
00cd00bd00c500a5
000cffac001c00a5
0054007c00a50085
ff53ff9cffe40024
ffccff33fef3ff03
ff9cff63ff5bffb4
008d005c0024ffe4
007c009500a5009d
000c0034004c0064
ff63ff8cffacffec
fe6aff1bff53ff4b
fc60fc48fce1fd71
fc70fc91fc91fc78
fc60fc60fc48fc50
fcf9fcf1fcb1fc91
fddafd71fd61fd29
fddafdf2fe0afe22
fdfafe1afe22fdea
fddafdbafe4afe4a
0155012d0145015d
0186019e01c6017d
0226017d017d018e
ff8c017d01e60276
fefbff53ff0bfef3
fd9afe42fe32fe32
fdbafe12fdcafdc2
fe02fddafdbafdba
00d5007cfe9bfdaa
0105010d010500ed
00c500cd00dd0105
0004003c007c00ad
008d0024ffbcffbc
00cd00c500c500bd
006c0054007c00c5
0054006c0064005c
ff53ff9cffe40024
ff7bff33ff13ff0b
ffbcff94ff94ff94
00640054002cfff4
006c008d009d0095
ffec001c0034004c
ff3bff53ff7bffbc
fe22fefbff4bff53
fc70fc48fcb9fd59
fc70fc91fc99fc89
fc60fc70fc50fc58
fd11fcd1fc89fc81
fdb2fd8afd71fd31
fe5afe32fe0afdea
fe5afe6afe6afe2a
fe0afe42fe22fe22
0165013501250125
01be019601de018e
0175017501be01d6
feebff1b0054019e
0034005cffc4ff13
fdcafdfafdf2fe9b
fe0afe3afe02fdea
fdf2fdd2fd9afdea
00cdfffcfe0afdaa
00f5010500fd00ed
00b500cd00d500e5
ffc4ffec003c007c
00c5007c0024ffcc
00e500cd00bd00c5
00a500b500bd00dd
001c00540074009d
ff8cffd400340034
ff94ff63ff63ff63
ffdcffccffc4ffc4
003c003c0014ffe4
003c007400740054
ffc4fff4001c0024
ff33ff3bff3bff7b
fde2fed3ff33ff5b
fc81fc50fc91fd41
fc78fc99fca9fc99
fc68fc70fc68fc60
fd19fcb1fc91fc81
fdb2fda2fd82fd59
fed3fe4afdf2fda2
ff13fee3fe52feab
fedbfe7afe72fefb
0186016d013d0125
01d6018e01960175
004c016501b60155
ffb4ff1bff13ff63
00c500ddfffcffc4
fdaafdeafe12fef3
fe3afe5afdfafdaa
fddafdeafd9afdfa
00c5ff0bfdb2fd92
01050115010d00f5
008d00d500ed00f5
0004ffc4ffec0044
00bd009d00740054
00cd00c500c500c5
00bd00cd00cd00cd
fffc0054008d00ad
ff94ffdc003c0014
ff9cff7bff6bff6b
ffccff9cffacffcc
0024001cffe4ffcc
0044004c002c000c
ff94ffbcfffc0034
ff63ff4bff23ff4b
fdaafe8bff23ff6b
fc91fc70fc70fd31
fc70fc91fca9fca9
fc89fc78fc78fc68
fcf9fca9fca9fca1
fdb2fdb2fd82fd71
fe32fdfafdbafdaa
ff43fecbff03fec3
ff1bff13ff7bff73
01350145016d01c6
020e01e6022e01de
004400b500cd013d
0044ffa4ff33ff3b
0155017d015500ad
fd92fde2fe42ff84
fe52fe4afe12fd82
fdd2fdfafdcafe3a
006cfe1afd8afd9a
0125011d011d010d
007c00c500f5011d
00950034ffd40034
00a5009500a500bd
00ad00b500cd00c5
00c500cd00c500bd
ffd4003c008d00bd
ffacfffc004c000c
ffccffa4ff84ff8c
ffa4ff94ffb4ffcc
000c0004ffccffa4
00240014fff4ffe4
ff9cffa4ffdc000c
ff73ff6bff6bff7b
fd82fe1afeebff5b
fca1fc89fc70fd01
fc70fc91fcb1fcc1
fcb1fc99fc81fc70
fd01fcc1fcb1fcc1
fdcafd9afd9afd71
fdf2fde2fdaafdca
ff23fef3fe52fdfa
ffa4ff84ff84ff23
00e5016d01ae01de
019601de022e0175
009501ae012d00ed
00cdff94ff1bff8c
010501de025e0236
fda2fdb2fe22ff73
fe6afe42fde2fdb2
fde2fe1afe02fe52
ff73fd69fd79fd82
011500fd01250115
009d00c500fd011d
00e5009d00340054
0095007c00ad00ed
00b500cd00e500e5
00c500c500bd00c5
fff4005400c500d5
00040044006c002c
ffe4ffa4ffa4ffcc
ff5bff7bff9cffc4
000c0004ffbcff6b
0004fffcffe4ffd4
ffb4ffdcffec0004
ff7bff7bff84ff8c
fd51fdc2feabff2b
fcb1fc91fc70fca9
fc89fc99fcc1fcd1
fcd9fcb1fc99fc91
fd01fca9fcc1fcd9
fdeafde2fdaafd61
fdfafdc2fdc2fde2
fe93fdfafe0afe0a
ff73ff33ff03fedb
018601a601b601a6
0256022e01e6018e
015501c6021e0206
023e0115ff6b0024
009d0216034f02f7
fd9afd9afe12ff0b
fe3afe52fdbafdd2
fdd2fdf2fdfafe0a
fe3afd39fd9afd9a
01150105011500ad
00b500d501050115
00ed00bd006c008d
ffe4ffd4004400bd
00ed00f500f5009d
00cd00cd00dd00ed
002c008500e500e5
001c006400540034
ffb4ffa4ffb4ffe4
ff23ff53ff6bff94
001cfffcff6bfefb
003c0024ffdcffe4
ffacfffc0014002c
ff4bff6bff84ff94
fd29fdaafe3afefb
fcb1fc91fc78fc81
fc89fca1fce9fcf1
fcf1fcd1fca9fcb1
fcf1fcb9fcd1fce9
fe0afde2fdbafd69
fdfafdb2fdc2fe02
fdf2fdf2fe0afe32
ff2bfeb3febbfe5a
01b601b601960186
01e60216024e01f6
01a601b601de0196
0297025600b5fffc
00bd01d602ff02ef
fd8afdaafdfafec3
fe42fe2afdbafdb2
fdd2fddafdfafe12
fd69fd49fda2fd9a
012d011d0105ff6b
00dd00fd01150125
00c500c5009500ad
ff9cff63ff94004c
00cd00dd007cffdc
009d00b500bd00bd
005c00a500bd00b5
ffe400240044003c
ff9cffa4ff94ffac
fea3ff1bff53ff7b
0024ffdcff13fe7a
00640054000c000c
ffacffe4001c0054
ff1bff63ff94ffac
fcc9fd8afdd2fe8b
fcd1fca1fc91fc81
fc89fca1fce9fcf1
fd11fcd9fc99fcb1
fcf9fcc1fce9fcf9
fe2afdcafddafd71
fdaafda2fe02fe32
fdeafdf2fe62fe4a
fe9bfe9bfe62fdfa
0287028701f6019e
014501ae0236024e
013d01d601e6016d
0236026e020e0115
ffac00fd020e02af
fd9afda2fddafe42
fe3afe02fdb2fda2
fdc2fde2fe0afe22
fd21fd61fdb2fd8a
0125010d0064fdd2
00ed0115012d0135
009d00bd00ad00b5
009d0024ffd40034
000cffb4ff9c0064
00540044003c002c
003c005400540064
ff5bff73ffbc001c
ff03ff33ff4bff53
fe9bfe42fe93fed3
0014ffdcff94ff43
006c006c004c0034
ffacffd4fffc0054
febbff43ff94ffac
fc81fd41fdaafe0a
fce9fcb1fc99fc89
fc89fc81fcd1fcf1
fd11fce9fca1fcb9
fcf1fcb1fcf1fd01
fdf2fdf2fddafd82
fd92fdd2fe4afe62
fdf2fe83fe7afdca
fe52febbfe4afe1a
02a702c702a70276
0175015d01b6023e
016d0165012d012d
01f60216025e021e
ff2b00bd01ae0226
fd92fdc2fddafe02
fe22fdfafddafd8a
fdaafdcafe0afe0a
fd19fd71fdb2fd9a
011500d5fed3fd21
0105012501350135
009d00cd00d500d5
00dd009500540085
ffecffd4006400e5
0034fff4ffe4ffe4
ffe4002400340044
ff2bff1bff1bff94
fe72feabff03ff33
ff5bfe72fe22fe42
000cffe4ffccffbc
006c0085006c0044
ff94ffc4ffdc0034
fe42feebff5bff8c
fc78fcd9fd8afdba
fce9fcc1fcb1fc91
fc99fc78fcb9fce1
fd01fcf1fcb9fcc9
fce1fcc9fd21fd19
fdeafe02fdbafd79
fda2fe12fe2afe2a
fe5afe83fde2fd79
fe93fe7afe42fe1a
02df02ff030702d7
01de010d01350226
020601d601e60236
0327031f02f70287
fecb00d501ee02cf
fd9afdcafdeafdda
fe22fdf2fddafd79
fdcafdcafe0afe02
fd29fd8afda2fdaa
0105ffc4fd49fcf9
00fd011d012d0135
00ad00cd00f500e5
00ed00bd008d009d
0044007c00ed010d
ff9cffc4000c0044
ffb4ffdcffccffbc
fea3fefbff0bff6b
fe8bfe72fe72fe83
ff94ff0bfe9bfe8b
fff4ffdcffccffc4
004c00740074004c
ff8cffb4ffd4001c
fddafe72ff13ff6b
fc81fc99fd39fdba
fce9fcc9fcb1fc99
fcb1fc89fca9fcd1
fd01fd01fcc1fcd9
fcf1fcd9fd39fd11
fddafddafd92fd79
fddafe02fe02fe0a
fe83fe3afd69fd79
fe93fe22fe1afe52
029f031f03570357
0307020e0135019e
02ef02a7027e02a7
036703b00388031f
fe6a003c01de029f
fdb2fddafde2fe0a
fe1afe12fe0afd92
fdd2fde2fdfafe1a
fd39fd9afd9afdba
0064fdf2fce9fd01
00fd0115012d011d
00a500c500fd00fd
010500dd00b500a5
00c500e5010d0125
003c0064009500b5
ff73ffacffec0014
ff0bfefbff1bff53
fef3ff3bff6bff3b
ff94ff5bff0bfedb
ffecffc4ffa4ffa4
001c00540074004c
ff6bffa4ffccfff4
fdbafdeafe93ff23
fc89fc89fcc9fd82
fce9fcd9fcb1fcb1
fcb9fc91fc99fcd9
fd09fd11fcd1fcd9
fd11fce9fd41fd29
fdbafdc2fd79fd82
fddafdeafe12fdea
fe8bfdc2fd49fdb2
fe52fe12fe5afe42
0186024e02a702df
02bf02a701fe018e
031f01f601b601de
02c7036f03880347
fe32ff7b01ae01b6
fdc2fdeafde2fe02
fe12fe1afe0afdb2
fdf2fdeafddafe02
fd69fd92fd82fdaa
fe9bfd21fd11fd19
00fd0105010d00ad
00a500bd00dd00f5
011500e500bd00a5
0115010d0105011d
00bd00c500dd010d
0044008500ad00bd
0014fffcfff4001c
ff1bff63ffc4ffe4
ff8cff73ff43ff13
fff4ffa4ff84ff94
fffc003400540034
ff13ff6bffacffcc
fda2fdb2fe02fe9b
fc99fc89fc99fd09
fcf1fce9fcc1fcb1
fcb1fc99fc91fcc9
fcf9fd01fd01fce1
fcf9fce1fd59fd39
fd92fd9afd71fd59
fdfafe02fdfafdba
fe62fd9afdaafdda
fe7afe62fe1afe83
01b6017d018e0135
0175020e026e01de
032f016d008500dd
015d0276032f0337
fe02fe83011d0155
fdbafde2fdfafdfa
fe22fe0afe0afdca
fe0afddafdd2fdda
fd79fd92fd71fdb2
fd39fd31fd29fd31
00f500ed00bdff13
00ad00ad00bd00dd
010500ed00c500b5
013500fd00f500fd
00e500ed010d012d
006c009d00bd00dd
0014002c003c004c
ff3bff5bff9cffc4
ff7bff73ff63ff43
fffcff9cff5bff6b
ffdc000400140014
fe9bff0bff5bffa4
fd41fdb2fdb2fe02
fcb1fc91fca1fca9
fcd9fce9fce1fcb1
fcb9fca9fc99fca9
fd01fcf1fd19fce9
fd19fce1fd61fd51
fd8afd8afd51fd51
fe02fdfafddafd79
fdeafdaafdd2fe12
fe3afdf2fe4afe8b
00d500950115015d
0165015d008500a5
033f01fe010d00ed
006402660327035f
fe0afe12ffd40014
fd9afdd2fe1afdfa
fe02fe12fe22fdda
fe02fdeafdeafd9a
fd82fd82fd79fdca
fd21fd19fd11fd29
00cd00adff7bfd39
00b500b500b500cd
00fd00f500d500b5
010500ed00ed00ed
00c500ed010d0115
002c00440044007c
ffc40004003c0034
ff53ff5bff6bff7b
ff6bff63ff73ff73
ffecffa4ff5bff53
ff8cffbcffdcffec
fe1afea3fefbff43
fcd9fd79fdb2fdba
fcc1fc91fca1fca9
fce1fce9fcf9fcc1
fcc9fcc1fca9fcb1
fcf1fcd9fd19fd01
fd29fce1fd71fd71
fd82fd8afd71fd79
fdeafdf2fdcafd69
fd8afdd2fe02fe12
fdfafdfafe7afe3a
0064007400d50196
02bf00b5ff73ff7b
02b70125018602af
000c019601ae0236
fe0afde2fed3ffac
fdc2fdcafe0afe22
fddafe12fe0afdda
fe0afe0afdd2fd82
fd82fd8afd61fdca
fd31fd11fd11fd21
0085ffa4fd71fce1
00a500ad00cd00c5
00ed00e500c500ad
00e500e500e500e5
00c500e500f500e5
002c004c0064008d
ffbcffd400040014
ff84ff94ff9cff9c
ff5bff73ff94ff8c
ffdcffb4ff63ff4b
ff33ff6bff9cffbc
fdcafe22fe9bfee3
fcc9fd19fd82fdb2
fcd1fca9fc99fcc9
fce9fcf1fd09fce9
fcc9fcc9fcc1fcb1
fcc9fcc1fd11fd09
fd31fcf9fd69fd51
fd71fdb2fd92fd82
fdd2fe1afdbafd59
fd9afe0afe22fdda
fdd2fe42fe52fdb2
00ed011d014d01ae
019e003cffc4ffdc
011d013501ee02af
0044009d0145014d
fe0afe0afe52ffa4
fdcafdcafde2fe2a
fdc2fe22fe22fde2
fdfafe12fddafd8a
fd82fd69fd49fdb2
fd39fd11fd09fd29
ff9cfd79fca1fd19
008d009d00ad0095
00dd00cd00b500ad
00cd00cd00d500dd
00cd00c500d500cd
002c0054006c0095
fff4ffd4ffdc0004
ffacffc4ffdcfff4
ff53ff7bff94ffa4
ffa4ffa4ff73ff43
fedbff1bff43ff73
fdaafdc2fe12fe8b
fce9fd11fd41fd8a
fce1fcc1fca9fcc9
fcd9fcf1fd09fd19
fcd9fcc9fcc1fcb9
fcc1fcb1fd09fd19
fd49fd09fd71fd61
fd82fdbafd82fd79
fdcafe22fdb2fd71
fdfafe3afdeafda2
fde2fe5afdcafd69
022e021601d601ee
0196019e00cd016d
00ed024e022e0297
007c0105016d0074
fe32fe1afe1aff1b
fdeafdbafdb2fe1a
fdcafdeafe3afe22
fdeafe12fdd2fdc2
fd82fd29fd59fdb2
fd31fd29fd19fd41
fd82fcb1fcb9fd31
008d006c0054ff8c
00c500c500ad009d
00d500dd00d500cd
00ad00bd00cd00cd
0044005c007c0095
fffcfff4fff40014
ffccffccffdcffe4
ff43ff63ff8cffbc
ff5bff7bff7bff5b
fe72fec3ff0bff1b
fda2fdb2fdb2fe0a
fce1fd01fd51fd71
fd01fcd9fcc9fcd1
fcd9fcf9fd11fd21
fce1fcc9fcd9fcc1
fcb9fcb1fcf9fd39
fd59fd29fd71fd51
fd79fd9afd79fd51
fddafe1afdcafda2
fe2afe32fdb2fda2
fe4afe0afd79fd92
021e01fe0226025e
026e02d7023e01e6
00ed010d00a501d6
00a5015d024e01b6
fe1afdfafdf2fe9b
fe0afddafdbafdf2
fdeafdcafe02fe12
fdc2fe02fdf2fdd2
fd8afd39fd92fdb2
fd41fd29fd19fd69
fce1fcd9fce1fd29
007c003cff23fd49
00dd00c500a5008d
00f500f500d500cd
00b500cd00cd00dd
0054006c008d009d
0014001c002c0034
ffdcffd4ffdcfffc
ff53ff5bff8cffc4
ff23ff4bff73ff73
fdfafe6afeabfedb
fd92fdaafda2fdb2
fce9fcf1fd59fd92
fd11fce1fce1fce1
fcd1fce9fd01fd29
fce9fcc9fce9fcd9
fcd9fcd1fcf9fd41
fd59fd51fd71fd59
fd71fd9afd71fd41
fdfafe2afdc2fd71
fe32fdc2fd9afdba
fe42fdcafd8afdf2
011d017d02a7033f
0196026e029f01ce
017d015d01450196
ffdc00c5023602b7
fe12fde2fddafe72
fdf2fe3afdf2fdf2
fe02fdc2fdc2fe0a
fdb2fde2fe0afdd2
fd79fd31fda2fdba
fd29fd11fd29fd8a
fce9fcc9fcd9fd31
0024fed3fd21fcc9
00c500a5008d0074
00f500f500dd00d5
00cd00cd00cd00dd
006c009500ad00c5
0034003c00440044
ffdcfff4fff40014
ff63ff63ff7bffac
fedbff23ff53ff73
fdb2fdfafe62fe9b
fddafdbafdaafda2
fcf9fcf1fd21fdda
fd21fce1fce1fce9
fcd1fce1fcf1fd21
fcf9fcc9fcf1fcd9
fce1fcc1fce9fd31
fd49fd41fd71fd71
fd8afd69fd61fd51
fe12fe4afda2fd69
fe0afda2fd92fdca
fdbafd9afd92fe12
00b501fe030f036f
01ee00f5004c0054
021601c601b60297
fea3004c018e01f6
fe02fde2fdcafe2a
fdbafe32fe3afe12
fdf2fdc2fd82fdea
fdb2fdeafe0afdd2
fd51fd21fda2fdaa
fd29fd01fd31fdaa
fcf1fcc9fce1fd61
fe5afd01fcc9fd01
009500850064ffe4
00dd00dd00c500b5
00e500d500d500dd
007c009d00cd00dd
001c004c005c006c
ffc4ffecfff4fff4
ff53ff53ff5bff8c
fe9bfecbff13ff43
fdb2fdb2fdfafe62
fe3afe12fde2fdba
fd11fcf9fce1fd82
fd31fd09fce9fd01
fcd1fcc9fce9fd21
fd09fcd1fcf9fce1
fce9fcc9fcf9fd31
fd61fd49fd59fd59
fd71fd49fd51fd69
fe42fe32fd8afd69
fdfafd9afd92fdfa
fdaafd71fdcafe1a
018e0327036f030f
027e019e007c0095
01fe026e02cf02d7
fe6affd40105019e
fe02fdc2fdcafe22
fdf2fdf2fe32fe0a
fddafdc2fd82fdd2
fdbafddafe12fdca
fd49fd41fd9afd79
fd29fcf9fd39fdba
fcf1fcd9fd11fd61
fce1fca9fcd9fd31
0085007cffdcfdea
00c500cd00b5009d
00ed00cd00d500cd
0085006c00c500ed
0014004c006c008d
ff8cffbcffecfff4
ff43ff63ff5bff73
fe52fe72febbff13
fe0afddafdd2fe12
fdeafe83fe62fe1a
fd19fd01fce9fcf9
fd39fd31fd01fcf9
fcd9fcd1fce1fd11
fd11fce1fcf9fce9
fcf9fce9fd09fd39
fd69fd51fd51fd51
fd69fd59fd61fd61
fe6afe22fd71fd51
fdd2fd82fdb2fdda
fdbafd8afdf2fe1a
0226033f033702e7
02df0266017d0135
0236028702bf02cf
fe4aff43008d0186
fde2fdb2fdbafdea
fddafd82fe0afdf2
fdc2fdb2fdc2fdd2
fd9afddafdeafdf2
fd71fd79fd79fd61
fd09fcf1fd69fdea
fcf1fce9fd41fd61
fce1fcc9fd11fd29
008dfffcfdfafce1
009d00ad009d0095
00dd00c500cd00bd
00740085009d00bd
000c003c005c007c
ff94ffbcffd4ffe4
ff0bff53ff43ff5b
fe12fe4afe6afebb
fe7afe52fe1afe02
fd51fe3afeb3feab
fd01fd01fd09fce1
fd39fd51fd09fd09
fce9fce1fcd9fd09
fd21fce1fd01fcf1
fd09fcf9fd09fd39
fd69fd29fd59fd61
fd71fd9afd82fd71
fe52fddafd59fd59
fd82fd82fdbafdba
fd92fd9afe1afdea
033f0390033f02ef
0347029f028f02b7
026602c7030f0357
fdf2feb3002c0155
fdbafdb2fdd2fdd2
fdcafd69fdf2fdfa
fdd2fdcafdcafdd2
fd71fdf2fdd2fe0a
fd82fd41fd61fd92
fce9fd11fdb2fde2
fd19fcf9fd59fd31
fce9fcf1fd49fd21
ffecfdcafcd9fd09
008d00a500a5008d
00a500b500b500a5
0044005400740085
fff40034004c0054
ff94ffb4ffccffdc
febbff33ff4bff5b
fe22fe22fe3afe72
ff03fed3fea3fe62
fd09fdbafe62fed3
fcf9fce9fcf9fd01
fd41fd61fd39fd09
fd01fcd9fce9fd09
fd21fcf1fd09fd21
fd19fd01fd11fd31
fd61fd19fd31fd71
fd69fdaafda2fd82
fe83fdaafd59fd79
fd82fdb2fdd2fe02
fd69fdb2fe02fdba
03a803770367035f
036f0367034703b0
023602b703070367
fdc2fe6aff940105
fda2fda2fddafdf2
fddafd92fdf2fdf2
fdeafe02fdf2fdea
fd61fdcafdf2fdf2
fdb2fd31fd61fd92
fcf1fd49fe02fdd2
fd39fd01fd8afd19
fce9fd49fd49fd29
fdcafcb9fd09fcf1
0085008d008dffd4
005c008d00a500a5
0044003c004c004c
ffd40014002c0034
ff53ffacffd4ffd4
fe72fedbff3bff43
feabfe83fe52fe52
ff2bff4bff23feeb
fd09fd29fde2febb
fd19fce1fce9fcf9
fd39fd69fd59fd21
fd11fce9fce9fcf9
fd41fce9fd11fd41
fd21fcf9fd11fd39
fd51fd21fd29fd92
fd61fda2fdc2fd9a
fe8bfda2fd51fd59
fdbafddafe0afe52
fd61fdd2fddafdba
037f032703370367
033f036703880390
01960276031f033f
fdd2fe12fef30064
fd79fda2fdfafe0a
fdcafdaafe0afdda
fdf2fe1afe1afdea
fd71fd82fde2fde2
fda2fd51fd61fd8a
fd11fd9afe2afde2
fd41fd29fd8afd11
fd29fd69fd31fd49
fcc9fcf9fd19fcc9
007c0074ff84fdb2
0054006c00950095
003c003c0044003c
ffd4fffc00240034
ff53ff9cffc4ffd4
fe83fe93fef3ff33
ff33ff0bfed3feb3
ff23ff6bff73ff4b
fd09fd01fd01fe22
fd29fcf9fcf1fce9
fd31fd71fd79fd31
fd21fcf1fcf9fd01
fd59fd01fd21fd51
fd31fcf9fd19fd41
fd49fd31fd41fdc2
fd8afdcafdc2fd92
fe22fd69fd69fd51
fdaafdcafe0afe72
fd49fddafdc2fdd2
037703a003b003b0
032702e702e70337
00ed01e602ef034f
fdb2fdbafe6affb4
fd61fdbafe1afdfa
fdcafdbafe02fdda
fdf2fdf2fe3afe02
fd8afd59fda2fdd2
fd82fd71fd61fd82
fd41fdf2fe12fdaa
fd59fd51fd71fd19
fd59fd51fd29fd59
fcc9fd09fcf1fd11
001cff03fd69fcd9
005c006c006c0054
00140024002c0044
ffd4fff40004000c
ff33ff5bff94ffc4
ff1bfefbfef3ff03
ff84ff6bff5bff3b
fe32ff73ff94ff84
fcf9fcf9fcc1fcf9
fd49fd39fce9fce1
fd19fd61fd8afd51
fd41fd11fcf9fd09
fd61fd21fd31fd41
fd31fd09fd39fd41
fd49fd31fd49fdca
fda2fdc2fdeafda2
fddafd49fd82fd8a
fd79fdbafe22fe5a
fd41fdfafddafdea
035f03a003d003f0
02e702bf0297030f
006c0175027e02f7
fda2fd92fe22ff33
fdaafde2fdeafdf2
fdd2fdcafe12fdca
fde2fddafe12fe02
fd9afd82fd69fd92
fdb2fd71fd61fd79
fda2fe3afe0afdca
fd61fd51fd71fd41
fd51fd29fd41fd71
fce9fcf1fd01fd49
fddafce9fcc9fcb9
0024003c0014ff3b
fff4000400040004
ffb4ffc4ffe4fff4
ff43ff33ff53ff94
ff9cff8cff84ff6b
ffb4ffa4ffacffb4
fcf1fe1aff6bffc4
fce9fd09fce9fcd1
fd69fd69fd01fce1
fcf9fd41fd82fd69
fd41fd19fd01fd09
fd49fd31fd41fd51
fd49fd31fd41fd39
fd31fd39fd59fde2
fdc2fdbafde2fda2
fdbafd49fd9afda2
fd82fdc2fe12fe02
fd59fe02fdf2fdca
035f03a803e803f0
029702bf03170367
0004013d022e0287
fd71fd79fe12febb
fdf2fde2fdb2fdca
fddafddafe12fdca
fdb2fdcafde2fe02
fd92fdbafd71fd79
fdaafd8afd61fd59
fdf2fe3afdf2fde2
fd51fd71fd92fd69
fd29fd09fd59fd69
fd09fcf9fd01fd21
fcd1fcd1fcb1fce1
ff53fea3fd92fce1
ffe4ffd4ffb4ffa4
ff8cffb4ffccffec
ffe4ffbcff94ff84
ffe4ffe4ffe4ffdc
ffe4ffecffe4ffdc
fcd1fcf1fde2ff63
fcf9fd09fd11fcf9
fd61fd8afd11fce1
fd21fd31fd79fd79
fd31fd21fd01fd09
fd61fd41fd51fd69
fd59fd49fd59fd51
fd49fd49fd69fdfa
fdb2fdcafdc2fd92
fda2fd59fdb2fd79
fd82fdd2fdfafd9a
fd61fdf2fdfafdca
039003b003a803c8
0236026e02cf0357
ff9400c501e6021e
fd59fd61fe02fe7a
fdeafdc2fd79fd92
fdeafe0afe42fdf2
fd92fddafde2fdf2
fd79fd92fd8afda2
fdcafd9afd82fd69
fe2afdf2fdd2fdea
fd59fd92fdbafdba
fd01fd21fd82fd79
fce1fce9fcf9fd11
fcf9fcc1fce1fd01
fd59fcb9fc99fcd9
ffbcff6bff1bfe6a
00140004fffcffe4
0024001c00140014
001c00040004001c
fed3ffec0034002c
fce9fce1fcf1fd8a
fd09fd01fd31fd19
fd79fd92fd39fcd9
fd49fd31fd69fd92
fd39fd29fcf9fd21
fd8afd59fd69fd71
fd69fd61fd92fd8a
fd59fd92fd8afdea
fdb2fdf2fdd2fd79
fd8afd71fdcafd69
fd9afde2fddafd79
fd82fdf2fdeafdaa
0367039803a803b0
025e022e024602bf
ff6300ed017d020e
fd51fd59fddafe22
fddafdc2fd8afd82
fe02fe3afe52fdfa
fd92fdc2fdeafdda
fd92fd82fd79fdaa
fdd2fd92fd8afd9a
fe12fdd2fddafdf2
fd8afdc2fddafe02
fd09fd41fd69fd82
fcd1fcf1fd09fd11
fca9fcc9fd11fcc9
fc89fc81fcc9fcf1
ffa4ff23fe5afd31
0044003c002cfff4
0044004400340044
003c00340024002c
fd41fe22ff3bfffc
fcf1fce1fce1fd01
fd11fd01fd21fd29
fd8afd92fd71fd19
fd49fd49fd61fd92
fd39fd49fd09fd21
fd92fd59fd69fd59
fd51fd39fd79fd92
fd61fd9afd82fdba
fdb2fe22fddafd82
fda2fdc2fdf2fd79
fdaafdfafdcafd71
fd92fde2fddafd61
02e70307032f02b7
024601a601ce0287
fedb0064017d023e
fd59fd41fdcafe12
fdcafdaafd82fd82
fe02fe4afe02fdd2
fd92fd79fdd2fdf2
fdcafd71fd69fdba
fde2fd82fd9afdba
fdb2fdbafdc2fdf2
fdaafdf2fe22fe0a
fd01fd61fd51fd9a
fce1fcf1fd01fce1
fcb9fd09fcc1fca9
fc78fc99fcc9fcb9
ff33fe52fd21fc81
0044002c000cffc4
005c005c0054004c
ff4bffcc00140034
fcf9fd11fd69fe42
fd01fce1fcd1fce9
fd01fd11fd09fd29
fda2fda2fd92fd41
fd51fd59fd71fd9a
fd61fd61fd21fd29
fd79fd59fd69fd69
fd49fd31fd69fd79
fd61fd79fd8afdb2
fdb2fe22fdeafd92
fda2fdf2fde2fd79
fd9afdd2fdcafd8a
fd82fdc2fe0afd59
023e024602a70297
020601f6020e023e
fe62ffac00f501be
fd71fd41fda2fe12
fdc2fd8afd82fd79
fe2afe42fdeafdd2
fd8afd69fd9afe02
fdd2fd59fd71fdd2
fdeafd82fd51fdc2
fd41fd69fd8afdd2
fda2fe12fe3afdd2
fd19fd49fd59fdaa
fcf1fcf9fcd9fce1
fd01fcd9fca1fcb1
fc91fca1fc99fca9
fde2fd01fc91fc89
ffe4ffc4ff84fed3
ff9cffd4fff4fff4
fd69fe02feb3ff3b
fcd9fce9fcf9fd19
fd19fcf1fcc9fcd1
fd19fd31fd19fd29
fdb2fdaafd9afd41
fd51fd41fd8afdc2
fd61fd59fd31fd29
fd8afd71fd69fd49
fd49fd39fd59fd79
fd59fd82fda2fdaa
fde2fe4afdeafd92
fdbafe22fda2fdaa
fda2fddafdbafda2
fd61fdc2fe1afd82
026e0226021601f6
01d6029f029f0236
fe4aff33008d0186
fd79fd41fd8afe22
fda2fda2fd9afd71
fe0afe22fe32fdf2
fd82fd71fda2fdda
fddafd59fd71fdaa
fddafd9afd31fdba
fd09fd39fd92fdba
fd92fe4afe0afd59
fd41fd31fd79fda2
fcf9fcd9fcb9fce9
fcf9fcb1fca9fcb9
fca1fc91fc91fcd1
fce1fcb1fc91fc91
fe7afe32fdcafd31
fdbafe02fe4afe83
fd11fd09fd29fd59
fcd9fce1fcf9fd11
fd29fd01fcd9fcc9
fd01fd39fd29fd09
fdb2fda2fdaafd69
fd71fd49fd69fdb2
fd51fd29fd41fd19
fdaafd8afd49fd59
fd61fd41fd51fd82
fd69fd8afdb2fda2
fdf2fe42fdd2fd82
fdcafe2afd82fdaa
fdc2fdcafdc2fdca
fd69fdc2fe1afdca
024601be01ae017d
01b601d602360236
fe4afebb00240165
fd79fd61fd9afe12
fdbafd8afd8afd82
fe12fdf2fe2afe3a
fd82fd9afdc2fdda
fdd2fdaafd69fd69
fddafd9afd61fd82
fd01fd11fd9afdda
fd9afe72fdeafd31
fd41fd41fd92fd92
fcf1fcc9fcd1fd19
fcc1fcb1fca9fce1
fc91fc91fca1fcd1
fcb9fc99fc99fc99
fd01fcf9fcf1fcd1
fd01fcf1fce9fcf9
fd01fd01fcf1fcf1
fcc1fcd1fcd1fcf1
fd39fd29fce9fcb1
fce9fd29fd41fce9
fda2fd8afd92fd79
fd82fd71fd61fd92
fd61fd39fd41fd41
fdbafd82fd31fd41
fd69fd49fd49fd79
fd79fda2fdbafdb2
fe22fe32fdc2fd82
fdd2fe02fd49fda2
fdd2fdbafdd2fde2
fd79fdeafe42fdc2
021e019601be017d
00ad013501fe021e
fe3afe72ffbc00a5
fd69fd71fdeafe2a
fe32fddafdbafda2
fe02fe62fe2afe32
fd29fd8afdd2fdf2
fda2fdcafd9afd51
fddafd9afd79fd82
fd09fd11fd92fde2
fdd2fe6afdbafd41
fd39fd51fd71fd92
fce1fcb1fcf1fd31
fcb1fcb1fcd1fd09
fc89fc89fcc1fcb9
fc91fc91fc89fc81
fcd1fcd1fcb9fca1
fcf9fce9fcc9fcc1
fcd9fce1fce1fce9
fcb1fcc1fcc9fcc9
fd19fd39fcf9fcc9
fd01fd21fd49fce9
fdaafd9afd9afd92
fd8afd82fd79fd79
fd61fd61fd29fd69
fddafd92fd39fd41
fd79fd51fd49fd71
fd92fdbafdc2fda2
fe32fe32fdaafd82
fdeafdcafd11fdc2
fdeafdaafddafdf2
fdaafdf2fe42fe0a
01e601f6020601ae
00cd014501de01ce
fe4afe5aff7b0054
fd8afd9afe0afe52
fe42fdeafdcafdd2
fdcafe32fe6afe62
fd11fd71fdb2fdaa
fd8afd82fd92fd31
fddafd9afd61fd92
fd19fd21fd92fdf2
fdcafe62fd92fd41
fd51fd51fd79fdba
fcc1fcd9fd19fd19
fca9fcb9fcf9fcf9
fc81fca1fcc9fc99
fc70fc60fc68fc81
fcb1fca1fc89fc70
fcd1fcc1fcb1fca9
fcb1fcb9fcb1fcc1
fcc1fcb9fcc9fcc9
fd09fd39fd19fce1
fd29fcf1fd49fce1
fd8afd8afd9afd92
fd9afd92fd92fd71
fd61fd61fd31fd71
fdc2fdb2fd51fd59
fd79fd59fd49fd41
fdaafdb2fdaafd9a
fe2afe0afdaafda2
fdeafde2fd41fdd2
fddafda2fe2afe02
fdd2fe1afe62fe22
012501960186018e
00cd015d0175016d
fe52fe62fefb0034
fdc2fdc2fe0afe62
fe5afe2afe1afdfa
fd92fdcafe22fe42
fd09fd31fd8afd71
fd8afd11fd49fd49
fdd2fd92fd59fd69
fcf9fd19fd92fe0a
fde2fe42fd71fd41
fd59fd69fdaafdc2
fcd1fd11fd09fd11
fc99fcd1fd01fce1
fc91fcc9fca9fc99
fc48fc40fc58fc81
fc99fc89fc70fc50
fcc9fcb9fcb1fca1
fcc1fcc9fcc9fcd1
fcf9fcc1fcc1fcd1
fcf9fd29fd51fd19
fd69fcf1fd39fce1
fd61fd82fd59fd82
fdaafdb2fdaafd61
fd49fd31fd39fd69
fddafdb2fd92fd79
fd71fd69fd41fd41
fda2fdaafd92fd79
fe4afdf2fdcafdca
fddafe02fd71fdda
fdaafdfafe6afe02
fda2fe12fe5afe0a
00f50125014d01ae
011d01ae01450135
fe9bfe62fe7affbc
fe02fdfafe22fe72
fe83fe83fe72fe52
fd8afd9afdcafe32
fd69fd11fd69fd92
fd71fd41fd01fd71
fdb2fd8afd71fd61
fce9fd01fd79fe12
fe2afe12fd59fd49
fd49fd8afdc2fde2
fd19fd01fd01fd11
fcb9fcf1fd11fd01
fcb9fcb9fca1fca9
fc40fc50fc70fc78
fc91fc78fc58fc40
fcc9fcc1fca9fca1
fcc9fcc1fcc9fcd1
fd21fcd1fcc1fcd1
fd01fd31fd69fd59
fd69fd09fd11fcf1
fd29fd79fd41fd61
fd82fd9afdb2fd51
fd69fd19fd39fd61
fde2fdb2fdb2fdb2
fd69fd69fd49fd39
fdb2fd79fd8afd79
fe42fde2fdeafdda
fdf2fdb2fd82fdf2
fdc2fe42fe22fdda
fdeafe32fe2afe02
017d017d019601de
006401350196014d
fe9bfe52fe52ff33
fe62fe32fe1afe72
fe8bfea3febbfea3
fd9afda2fdcafdfa
fd82fd51fd59fd9a
fd82fd71fd21fd41
fdaafd59fd61fd49
fce1fd09fd71fe1a
fe2afe12fd51fd39
fd51fd9afddafdca
fce9fce9fd11fd31
fd01fd19fd09fd11
fcc9fca9fcb1fcd9
fc50fc81fc70fc81
fc91fc70fc58fc48
fcd1fcc1fca9fca1
fce1fcd1fcc9fcd1
fd41fd09fce1fce9
fd11fd39fd69fd8a
fd51fd39fd09fd11
fd09fd82fd49fd29
fd79fdcafdc2fd69
fdbafd59fd39fd59
fdeafdaafdbafdca
fd8afd79fd51fd49
fd9afd92fda2fd71
fe1afdd2fdcafdda
fe0afd92fda2fe0a
fdcafe3afdeafdaa
fe2afe1afdcafde2
01fe018601e60206
00340135019601a6
fe93fe5afe42fec3
fe9bfe83fe52fe7a
fe83feabfeb3febb
fda2fd92fdd2fe1a
fd79fd31fd21fda2
fd79fd82fd51fd61
fd82fd21fd41fd51
fcf1fd01fd61fe2a
fe22fde2fd61fd21
fd82fdd2fdf2fdc2
fcc1fcf9fd09fd59
fd49fd11fce9fcd9
fcb1fca9fcc9fd09
fc78fc68fc60fcb1
fc91fc78fc60fc68
fcd1fcc1fcb1fca1
fcf1fcd9fcc9fcd1
fd71fd29fd01fce9
fd31fd49fd71fdaa
fd41fd61fd49fd19
fd09fd61fd59fd09
fd79fdd2fdeafdba
fdeafd82fd41fd41
fdc2fd92fdaafdba
fd8afd71fd49fd51
fd8afddafdb2fd71
fdf2fdc2fdc2fdfa
fe1afdbafde2fe02
fe0afe02fdc2fdc2
fdfafe1afd92fde2
020e025e026601fe
004401750196017d
fe93fe83fe2afe8b
fe9bfe9bfe52fe93
fea3fecbfeabfeb3
fdb2fdbafe12fe52
fd49fd21fce9fd71
fd8afd9afd8afd59
fd71fcf9fd01fd69
fcf9fd01fd69fe42
fe1afdaafd61fd21
fdaafdeafddafdf2
fce9fd01fd19fd59
fd29fce9fcd9fcb9
fc99fcb9fd01fd71
fc58fc50fc89fcb1
fc70fc58fc58fc60
fcb1fca9fc99fc91
fce1fcc9fcc1fcc9
fdaafd41fd11fcf1
fd61fd79fd59fdb2
fd49fd29fd71fd19
fd49fd51fd79fd19
fd79fda2fdf2fde2
fdbafdaafd79fd61
fdcafdaafdaafd92
fd82fd71fd51fd79
fd9afdfafddafd92
fde2fddafdfafe0a
fdf2fdf2fe12fdda
fe12fe0afdeafde2
fdcafdfafd71fdb2
01e6025e024601e6
ff5b00e501650165
fe5afebbfe62fe5a
fedbfe8bfe2afe6a
fed3fecbfebbfec3
fdbafddafe42fe9b
fd49fd41fd01fd49
fd8afdd2fd92fd49
fd71fcf9fd01fd39
fd11fd01fd49fe3a
fe22fda2fd61fd21
fd9afde2fdaafe02
fce9fd19fd59fd59
fcf1fce9fcc1fcb9
fcb1fcf9fd79fd51
fc60fc68fca9fca1
fc60fc50fc50fc60
fca9fca1fc91fc70
fcf1fcc9fcc1fcb9
fdbafd51fd11fd09
fd41fdb2fd79fd9a
fd31fd29fd59fd19
fd92fd41fd8afd29
fd92fda2fdf2fdfa
fd92fd9afdb2fd92
fe02fda2fdbafd92
fd9afd79fd59fda2
fdc2fe32fe02fdaa
fdeafe02fe42fdf2
fdf2fe12fe2afdea
fe12fde2fdc2fdea
fdaafe0afda2fd79
01c6020e028702c7
fedbffcc00ed0175
fe42fe9bfe83fe6a
ff0bfe62fe1afe3a
fe9bfe7afeb3fedb
fdbafe32fe72fee3
fd59fd61fd39fd31
fdb2fe12fdb2fd39
fd9afd19fd39fd49
fd21fd29fd31fe0a
fe02fde2fd9afd31
fddafdeafdbafdf2
fd01fd31fd8afd59
fd09fce9fcc9fcd1
fce9fd8afd9afcf1
fc70fc91fc91fcb9
fc58fc50fc58fc68
fcb1fca1fc89fc68
fd11fcd9fcc9fcb9
fdb2fd79fd39fd21
fd19fda2fd8afd59
fd29fd19fd39fd51
fdcafd41fd92fd51
fdd2fdbafe0afdea
fda2fd92fda2fdca
fe02fdb2fd9afd82
fdcafd8afd71fd8a
fdcafe0afdf2fdba
fde2fe12fe42fdfa
fe0afe1afdf2fe12
fe12fdf2fd79fdca
fdbafe02fdb2fd71
01be02af031f0337
feabff940145019e
fe6afe9bfea3fe5a
fef3fe3afe12fe32
fe5afe42fe93ff0b
fdd2fe93feb3feab
fd51fd61fd79fd59
fdeafdf2fd39fd49
fd9afd29fd51fd8a
fd51fd51fd39fe0a
fd92fda2fd8afd51
fe42fdf2fddafdd2
fd09fd51fd79fd9a
fd39fcf9fce9fcf1
fd59fdcafd21fcf9
fc70fc99fcb9fce1
fc40fc48fc68fc68
fcc1fca9fc81fc58
fd31fcf1fce9fcd1
fd69fd8afd51fd39
fd39fd71fd8afd41
fd41fd01fd19fd61
fdeafd9afda2fd92
fdfafdf2fe0afdda
fdaafdaafd8afdc2
fdf2fdbafd92fd79
fdcafd92fd69fd82
fde2fdc2fe4afdca
fdf2fe42fe2afe22
fe32fe1afde2fe0a
fdf2fdeafdbafe32
fdcafdeafdc2fd9a
01de032703570347
fe7aff7b017501e6
fe72fe9bfeabfe5a
fec3fe3afe22fe0a
fe22fe2afe8bff33
fde2febbfedbfe42
fd41fd59fda2fdb2
fdfafda2fd49fd82
fd8afd51fd61fdc2
fd71fd51fd31fdf2
fd61fd71fd69fd51
fe42fdfafddafd92
fd21fd69fd82fdd2
fd19fcf1fcf1fce9
fe12fd9afce1fd29
fc99fcb1fcc1fcf9
fc50fc60fc81fc70
fcd1fcb9fc91fc70
fd39fcf1fcd1fcd1
fd51fd82fd61fd49
fd39fd51fdb2fd61
fd71fcf9fd09fd59
fdc2fe02fddafd69
fe02fe02fde2fde2
fd9afdc2fd79fda2
fddafdbafd79fd82
fdd2fda2fd82fdaa
fe22fdcafe12fdb2
fe22fe32fe2afe42
fe5afddafdc2fe02
fe02fdeafdf2febb
fe0afde2fdd2fdca
