0236023e01f6019e
022e02160216023e
028f025e024e023e
02cf02bf02a7028f
02f7030702df02e7
020e023e027e02e7
018601ae01d601fe
014d0165016d0175
022601d60165015d
0266029f02cf0297
0256023e0246025e
025e021e01f60236
02b7021e022e023e
00b500d501b602f7
007c00c5010500ed
002c006c0044004c
00e500f500f5005c
017d016d0155011d
018601be01ee019e
0175013501350145
00f501ae01960175
0085008d006c005c
0034002c006c0085
00950095002c0054
ff6bff84ffbc000c
ff4bff73ff3bff13
ff9cff8cff7bff7b
ff8cff84ff8cffa4
ff8cff73ff7bff84
ffb4ffd4ffbcff94
ffa4ff94ffacffa4
ff94ff9cff8cff9c
022e021601ae014d
026e024601f601d6
02df02b7029f026e
02a702b702df02c7
02b702d702ef02d7
020e022e022e0266
0216020601e601f6
020e01860135018e
032702ff02af0266
027e02a702a702cf
0246023602560276
029f025e022e0236
033702ef020e0256
ffe4005401450236
0034006c006cfffc
006c0085006c0054
011d00fd00cd008d
0186011d014d0115
01de01d601a6018e
0135010d011d01ae
011d01a601c601c6
008500a50074006c
002c002c004c006c
0064008d001c0034
ff6bffacfff4ffd4
ff4bff43ff13ff0b
ff9cff8cff8cff84
ff94ff84ff94ffa4
ff84ff6bff7bff84
ff9cffccffbcff94
ffacff9cffa4ff9c
ff63ff6bff94ffac
01e6019e01350125
029f025e01ee01f6
02af02a702870287
02bf02bf029f0297
02760297029702af
01f6021e022e0246
01ce01d601fe01d6
031f02e7026e01f6
0317031703170327
02bf027e026e02bf
01de0216026602af
021e02560256020e
024e034702b701fe
ff73ffdc005c0175
00040014ffdcff94
00a5009d00740044
017500f500e500c5
017d00ed00fd00fd
01ce01b6017d0155
015d0115013d01b6
019601a6017501a6
006c005c0074011d
003c004c00540064
001c009d002c0024
ff9cffb4ffb4ffc4
ff43ff3bff23ff13
ffa4ff84ff8cff73
ff84ff7bff8cffa4
ff84ff73ff7bff84
ff8cffacffbcff94
ff9cff94ff94ff8c
ff7bff43ff63ff8c
020e013d01150145
020601be01de0266
02b7028f02870246
029f02a702cf02bf
01fe01ee02160266
01b6018601a601ae
02cf0276021e01de
0347036f03980357
02b702e702ef0317
029f02cf0276026e
0246024e02660256
024e01be023e027e
01ae02c703670307
ff33ffccfffc00b5
000cfff4ff3bfefb
00cd0074ffe4ffe4
010d00f5011500b5
0165012500fd00ed
01ae01a6015d0135
016d012d01450155
0186014501650186
009d00b5009d0105
004c003c00540085
ffe40095006c0024
ff8cff63ffa4ffbc
ff2bff4bff9cff73
ffa4ff7bff84ff6b
ff7bff73ff8cffac
ff8cff8cff84ff84
ff8cff9cffbcffa4
ff84ff9cff8cff7b
ffe4fef3fefbff53
01ce015d014d017d
01b601ae020e0236
02df02d702560206
02360206024602c7
013d016d01860206
01ce01e601be016d
03a0036f031f0266
02df0327039003b8
0276028f02c702c7
0276029f02bf0297
02d7027e02cf0287
02f7021e01f60276
012d024603270367
ff9c000c005c006c
ffccff3bff03ff43
0014ffe4ffd40004
00d500ad00740034
013d012d00ed00bd
018e01960165013d
016d016d017d014d
010d010d01150145
008500950024008d
004c005c00640085
ffdc009500950024
ff5bff6bff94ffb4
ff13ff6bfff4ff5b
ff8cff6bff7bff63
ff84ff84ff94ff9c
ffa4ffa4ff94ff94
ff94ff94ffa4ffcc
ff43ff84ff84ff84
000cfef3fed3ff03
017d015d01ae0266
01c601e601ee01de
029702af02870226
01ee021e020e023e
013d014d012d0175
03070287021601ae
03b003c003a80367
02af02a7031f0390
02c702d702cf02bf
02d70287028f030f
027e0266029702ff
0357031f025e0216
008d01e6027e0347
001c003400850064
ff3bff7bffccfffc
ffdc00140024ff9c
0064000cffccffb4
00ad00cd00b5008d
01ee0165010d00cd
01750165017d01e6
013d014d0115014d
004c0054001c00bd
005c006400640074
ffe4005c00f50034
ff63ff73ff8cffbc
ff43ff43ff6bff4b
ff8cff73ff8cff84
ff8cff8cff8cff94
ffbcffacff9cff9c
ff94ff94ff8cffb4
ff0bff43ff63ff8c
00bdff63fecbfecb
021601f60297030f
024601fe01e6021e
022e0266026e024e
018601c602260226
01ce0165013d0165
0377030f028f022e
039803c003c003b0
02e702ef02c7033f
02d702c702df02d7
031702cf026e02af
023e02bf026e02af
0367036702d7021e
00b5019e022e02af
00240024007400ad
ffa4ffec0004000c
ffccfff4ff84ff4b
ffe4ffccffa4ffa4
006c00340024001c
010500dd00dd00dd
017d014d015d015d
0125015d017d0186
009d00ed00a5012d
007c006c00740044
ffd4fff4010d00b5
ff53ff63ff94ffbc
ff13ff03ff6bff73
ff94ff9cffacff6b
ff94ff84ff84ff94
ffacffacff94ff94
ff9cff84ff7bff84
fedbff1bff5bff94
014dffecfed3feab
022e02c7031f0317
029f02a7024e0216
025e02360256026e
0145018e01de0236
025e0206016d0105
03b00367032f02d7
0327037703b003b8
02ff033703270327
02df02d702e702d7
0317030f0276024e
0226024e02cf028f
030f034702ff027e
009d0135021e024e
0034003c009d00a5
001c003c00340054
001c001c00140014
001cfff4ffbcffb4
00a50074004c003c
00850024003400b5
013500f500f500cd
010d011d01050145
00a500e500d500e5
004c005c00850095
ffc4ffdc0095012d
ff4bff4bff8cffb4
ff1bff03ff23ffa4
ff94ff84ff7bff53
ff94ff9cff9cff9c
ff84ff94ff9cffac
ff8cff73ff6bff6b
fec3fefbff33ff84
017d002cfee3fe93
026e029702bf02f7
0276028702a70287
02460287025e024e
00fd011d018e01fe
02df025601ee0145
03a803b00390035f
02d70327036f0398
02d70317031f02ef
026602e702af02d7
02a7030f02b70236
028701ee023602cf
02a70317033702ef
009500dd021e023e
00ad004c008d002c
004c009500c500cd
ffec0064005c0044
005c0024ffc4ff8c
00a500cd007c0054
004c001c002c007c
0135012500dd00ad
014d0155010d010d
004c008d00c500fd
00fd00dd00740054
ffec00140074016d
ff94ff4bff6bffa4
ff0bfeebff03ffd4
ff7bff7bff84ff53
ff7bff8cff84ff7b
ff7bff8cff94ff8c
ff8cff84ff73ff73
feb3feebff33ff63
01550034fecbfe93
026e0276025e027e
02260266028f02bf
01f6020e0266025e
012500ad013d01ce
039002ef024e01be
0357037703a003a0
02b702f7032f0327
02c702d7031f02ef
01de0266028f0246
02bf029702ff0297
02cf024e01ae024e
023e02cf02e7032f
006400a501a60246
009dfffcfffcffa4
009d011d00e500b5
fffc0074007400ad
008d005c0014ffc4
00cd00cd012d010d
001cff9cffdc0054
00fd00bd00fd00dd
011500ed00d500e5
008500cd0125013d
013d006c006c009d
001c006c008500f5
ffbcff63ffac000c
ff13feebfee3ff73
ff6bff7bff84ff53
ff6bff6bff7bff73
ff94ff8cff7bff7b
ff7bff84ff7bff7b
fe93fed3ff33ff63
0115fff4feb3fe93
027e0246022e0226
0236020e023e025e
019e01de02060266
01ae012d00e5012d
0398036702f7024e
02f7035f03670390
02bf02a702df02d7
01f602af02df02ff
024e01c60256021e
028702af02b70307
02f702a7023601be
021e026e02a702bf
fffc00a50105020e
0085002cffd4ffd4
009d007c007c00c5
0024007c00a50085
01c6012d00cd005c
00dd008d00f5019e
0095fffc0054009d
0024002400d500fd
00f500fd011500b5
0175012501250105
011d007400b500dd
ffdc004c004c00ad
ffa4ffc4ffdcfff4
ff13fed3fed3ff23
ff63ff73ff84ff4b
ff6bff6bff6bff63
ff8cff63ff6bff6b
ff7bff7bff84ff9c
fe7afe93fef3ff43
00fdffacfea3fe8b
02160236021e0236
027e021601f601f6
011d018e01ce0226
024601be015d00fd
034f036f034f02bf
02bf031703570347
030f02cf02df02b7
021e01f6028702af
027e0216020e0287
019e02bf029f0297
02bf029702b701fe
021e023602970287
ffa4008d010501a6
0074001cfff4ffd4
0024004c005c0085
0034002c0034003c
01d601ce016500ad
0155013500d50125
ffe4004c006c0115
003c0064008d0014
011d01650115008d
00e5007400bd00e5
00dd012501150155
0014009d00740054
ffc4ffacff9cffcc
ff03fec3fec3ff2b
ff63ff6bff73ff43
ff6bff6bff6bff63
ff73ff6bff73ff73
ff5bff84ff94ff7b
fe72fe62feabff0b
00cdff63fe93fe8b
01fe01e601fe0226
0226026e02460216
011d0135017d01b6
02cf022e01a6013d
033f034703570307
02cf02e702ff0347
02bf030f030702c7
026e01e601fe0246
026e023e01c60236
022e01e602b70256
027e027e028f02cf
021601fe025e0276
ff8c003400fd0186
007c0034000c0014
001400040034006c
00d5007c00440074
016501c601ae0155
017d01860135011d
ffa4001c008d00d5
0004002400340004
010d01150064fffc
00a500d5006c0095
0135014d012500c5
005400950095007c
ff6bff5bffdcfff4
ff03fed3fed3ff8c
ff5bff5bff6bff3b
ff6bff6bff63ff5b
ff6bff63ff63ff63
ff5bff7bff73ff5b
fe72fe5afe93fefb
00bdff53fe9bfea3
01fe01ee01f601c6
01e6022e028f0256
012d0105014d0186
02ef02b7023601ae
0357035f031f0317
02d702d702f702f7
026e02af02ff02cf
0226020601c60206
023e027e021601d6
02df028f027e0287
026602a7025602a7
0206020e0206023e
003c001c006c00ed
00640095009d009d
007c0014ffec0004
01b6014d00fd00c5
014d016501b601e6
013d017d016d016d
ffc4ffbc006c00bd
001cfffcfffc001c
011500bd002c0014
00c5006c008d0115
0115018600f5008d
007c0074003c00cd
ff23ff4bffd4002c
ff03feebff0bff7b
ff53ff5bff6bff43
ff63ff6bff63ff53
ff63ff5bff5bff5b
ff33ff6bff73ff63
fe5afe6afe9bfef3
00a5ff13fe72fe5a
0236021e01ee0175
019e01f6023e0256
018e01960145017d
031f02d7029f021e
02f7033f033f0307
02ef02f702ef02ff
022e024e02af02d7
0206022601ce01c6
027e024e026e021e
0246026e029702a7
027e028f027e023e
016d02460206025e
00a50004fffc004c
00ad009d009d00bd
010d008d0044002c
023e0206019e0175
014d014d018e01d6
015d01b6015d015d
001c006c00ad00fd
ffe4ffccffbcffd4
00bd0024fffc0004
00dd00ed019e014d
010d01ae00e50115
009d009d00dd00cd
ff2bff84fffc0024
fefbfed3ff0bff33
ff53ff63ff63ff3b
ff5bff63ff5bff53
ff63ff53ff5bff53
ff33ff6bff6bff63
fe4afe5afe93fef3
009dfedbfe5afe52
023e023e020e01ae
015d017d0206022e
021e01be0186011d
02ff031702df029f
02df02f7031f031f
02e7030f031f02df
01e60226027602b7
02160206021e01e6
029f026e025e0266
025602560276026e
0287027e02b7028f
00dd021602460246
00ed009500040014
00d500f5006c00ad
01b6015d011500d5
0226024e01e601ce
0175019e016d01d6
019e01be015d014d
00ad014d0196014d
ff73ff53ff6bffdc
00850024000cffc4
00d501a6017500f5
014d015d01750155
009d00cd00f50105
ff7bffdcffbcffdc
fee3febbff13ff3b
ff53ff5bff63ff33
ff53ff5bff5bff53
ff63ff53ff53ff53
ff4bff73ff63ff5b
fe4afe5afea3fefb
004cfec3fe52fe42
02660236021e01b6
011d01350165021e
028f0226017d015d
02ef02f7034702c7
02cf02df030f02ef
029702bf02f7030f
01de0236026e02a7
024e020e021e021e
029f029f02660266
029f027e02460266
027e0297027e02af
003c01a602870236
00ed012500cd000c
00ed0155012500dd
01de01ae018e0115
021e022e022601ee
019e0186018e01a6
01b6021601b6018e
018601ee01f6018e
ff7bff84ffe400bd
008d0024fff4ffc4
013d0186013500c5
00bd00f5014d00f5
00ad00e500ed0115
ffe4ff8cff8c0044
feebfecbff2bff6b
ff5bff53ff53ff33
ff4bff53ff5bff5b
ff63ff6bff63ff63
ff43ff5bff53ff5b
fe6afe83feb3fefb
0004ff0bfe7afe52
022e024601fe01fe
018e013d0155018e
0287026e02160135
029702d7031f031f
030f02b702c702e7
027e027e029f02df
021e020e0216024e
0297022e01f60236
0287028f02870256
02d7028f0266025e
023e0287029f02a7
00540125024e0276
012d015d018600f5
0125013d0196015d
01f601ce01f601ae
01d601f6022e024e
017501b601ae01be
01c6022e021601be
01fe023e020e01a6
ff7bffac009d016d
00ad0034ffe4ff9c
01750155010d00dd
00ad00ed00dd00f5
00c500c5010500d5
ffacff6bffc40095
ff03feebff2bffa4
ff53ff3bff43ff33
ff53ff4bff63ff6b
ff63ff63ff63ff5b
ff43ff5bff53ff53
fe6afe83feb3ff03
ffc4ff03fe7afe6a
01a6022601fe01fe
0145017d0175018e
02c70266023e01fe
02df02bf02bf02df
03070307028f02bf
0256029702af02d7
0206021601fe01f6
0297024e01fe01de
02560297029f0266
02a702d702af0266
0266025602660256
00d500bd01a602bf
019e019601a6017d
01e60165015501b6
024e01f601e60236
022601fe01e60256
01c601be01c601ee
021e0226020e023e
0276025602260216
ffd400a5018e021e
0034ffccffacffa4
018e0135013d00fd
009d01250135018e
00ed011500ad00bd
ff4bff53fff400e5
ff1bff1bff3bff7b
ff4bff33ff33ff23
ff5bff53ff63ff6b
ff53ff53ff53ff63
ff43ff53ff4bff4b
fe6afe83feb3fefb
ffbcff33fe8bfe62
014d01de021e01de
01ee0135015d0165
02b702970236023e
02cf030702c702af
02a702f702ef026e
0226027e026e02a7
01c601d60226021e
0256025e021e01d6
026e026602360256
024e02b7030f02cf
02df0297027e0256
016d00dd00f5025e
01e601de01ce01c6
0287022e01860196
020e022e020e023e
0256025601fe01be
024601b6018601e6
0276027602260256
02af0287027e026e
006c018602060276
ff7bff63ff43ff94
0155010d00dd0034
00dd014d017d018e
0105011d00dd00f5
ff3bff2bffec00ed
ff13ff13ff53ff73
ff53ff3bff43ff2b
ff53ff53ff53ff5b
ff4bff53ff53ff53
ff43ff43ff3bff43
fe7afe9bfea3fef3
ff4bfedbfe83fe52
013d01a6021e0206
020e01a600ed014d
027e0297026e01fe
026602cf02ff02bf
028702af03070276
0276025e0266022e
01ee01ee01ee027e
0246024e027e024e
02df02af025e0236
024e026e0307031f
02e702d70297028f
01ee017d010501a6
01ee021e02260216
02af0276024e01e6
019601f6022e023e
022e024e0276020e
02d7027e01de01de
028f028f02970297
02bf029702af027e
01650216026e02a7
ff5bff2bff2b0024
011500d50085ffb4
00cd016d0186015d
010d009500ad0074
ff5bff6b004c00e5
ff1bff23ff23ff7b
ff53ff53ff53ff1b
ff4bff43ff4bff5b
ff3bff53ff53ff4b
ff5bff53ff3bff43
fe5afea3fef3ff1b
ffa4feabfe52fe42
014d01a601ee01e6
0206023e01b6014d
026e027e02970246
0246027602e702c7
0216028f02870297
0266025e028f0256
0246022601de021e
025e027e02a70287
036703170297027e
0287024e026602ff
028702ef0297029f
0216021601ce0175
021e020e022e0236
026e0297029702af
025e01ce020e023e
021e01fe021e0266
02cf02f7027e0236
02a7029702f702f7
02d702df02df029f
01f6026602bf02e7
ff3bff03ff9c0115
00fd00edfffcff7b
00dd0186015d013d
00dd00a5009d0004
ff73ffdc00a50115
ff23ff2bff0bff6b
ff53ff43ff3bff23
ff43ff3bff4bff5b
ff4bff53ff53ff43
ff63ff5bff53ff4b
fe52fe93ff13ff4b
ffc4fedbfe52fe32
012d0155018601ae
01fe01fe025e01d6
028f0256024e0256
025e026e029702df
022e0246026e022e
02360246024e026e
02b7025601de01d6
028f0287027e02cf
0317035702cf0297
02d7029f023e0276
01e6030f02c702a7
022e023e02160216
02af023e0236024e
024602a7025e02bf
022e025601ee0206
0256022601f60226
033702e702cf02af
02df02c70337036f
03070327030702ef
024602af02e702f7
ff2bff53009d01be
01550095fff4ff73
016d013d014d0145
009d003c006c003c
ff5b002400e50135
ff1bff13ff43ff53
ff6bff4bff5bff2b
ff43ff4bff5bff5b
ff4bff53ff53ff4b
ff8cff6bff53ff4b
fe4afea3feebff4b
ff9cfefbfe52fe32
01350115012501a6
01fe01ce01fe0206
029f0266020e01f6
0256026e023e0297
0266020e02460266
01ce021e020e0246
030f02b7021e01d6
02a70287029f02a7
028f030f030702c7
02d702ef02d7027e
0236027e031f02df
0246025e021e025e
02e702cf024e024e
023602a702b702df
0246026e023601e6
02a70276025e0256
03b0036702f702a7
033f02df03270398
0347037f03570327
028702c702ff032f
ff4b0024015d0226
015d0054ffbcff5b
016d010d014501b6
0044007400b500ad
ff94001c012d00c5
ff33fefbff7bff3b
ff63ff4bff63ff2b
ff43ff43ff4bff63
ff53ff5bff53ff4b
ff84ffa4ff6bff53
fe52fea3fef3ff3b
ff94ff03fe6afe3a
0165011d010d014d
020601fe01b6015d
028f029702260206
02660216026e024e
0246023e02260246
01e601fe022e0236
02d7031f02af020e
029f02af02df02c7
02d702a702d702c7
02df02ff02ef02e7
028f027603070317
0276027e023e023e
0337033f02d7026e
021e028f02b702f7
030f02bf02760236
02ff030f02c702df
03a003a003670317
036f035f030f035f
036f03a00390032f
02c702f703270357
ff7b00d501d6026e
00e5003cffb4ff5b
011d012d018601be
002c009d003c00bd
ffb40054015d0014
ff23ff1bff73ff2b
ff5bff4bff5bff33
ff4bff43ff53ff63
ff6bff5bff53ff4b
ff33ff6bff9cff7b
fe5afe8bfeebff2b
ff33fe9bfe83fe7a
018601a601150105
01b601de01e6016d
0266026e024e021e
026e020e021e0246
01fe01fe024e025e
021601e60256022e
02c702c7034702b7
02bf02af02df02d7
02f702d7028f02d7
032702cf03170307
026e02a702a7032f
02cf029f0266025e
02df030f03470307
0287026e02bf02af
03570388032f02c7
035f031f031f0307
037f03a003a0037f
039003c00388034f
037f03b803b80377
02ff030f03370367
003c017d023602b7
00bd0054ffb4ff94
0105016501ce01a6
003c009d006400e5
003c008500fdffdc
ff43ff2bfef3ff84
ff53ff5bff94ff53
ff43ff43ff5bff63
ff8cff63ff53ff4b
ff23ff4bff63ff94
fe42fe8bfef3ff1b
fedbfe52fe3afe3a
011d0175014d00dd
01b601ae01d601ce
024e024602460226
021e022601f6024e
01d6021e01fe0246
02b701fe020e021e
030702e7030f035f
030702c7028f02df
033702f702c7028f
0377030f02e7033f
02970297026e02e7
030702d702970276
02c702cf0317032f
02ef028f02af02ff
0327034703670337
0377035703270317
03a803d003b80388
039803e003e803b0
03a003d803d803c8
030f033f037f0398
00e501ce025e02d7
007c004cfffcfff4
00cd019e01b6016d
fff400b500e500cd
ffdc007c0095ffbc
ff73ff23ff23ffb4
ff5bff6bff73ff43
ff63ff5bff63ff63
ff84ff7bff7bff6b
ff33ff4bff5bff5b
fe22fe93ff0bff23
ff03fe6afe32fe1a
011500dd014d00ed
01fe017d019e01a6
02360266024e020e
0206020e0226022e
01ee0236025601f6
0337026e01de0226
02df031f033702f7
02af030f026e025e
034f0337030f02e7
0317038803370337
02b702cf02af0276
0367034702e7029f
032f030f031f0388
035702df02b702f7
0377033f033f036f
03e003d803a0035f
03a8036f03a803e0
03b803c003f003e8
03c003e003e003f0
0347038803a003b0
013d01f6029f0317
0095005cfffc0054
00f5015d019e014d
0014009d00bd00cd
ffdc00c50004ffcc
ff73ff43ff53ffdc
ff53ff4bff4bff3b
ff7bff73ff73ff63
ff53ff4bff5bff63
ff4bff4bff53ff53
fe2afe8bff0bff23
ff73fec3fe5afe32
010d00a500e5012d
020e01be017d0165
020e023e0246020e
020e01ee02160216
022e020e02560226
02af0307023601fe
029702df032f02f7
030f031702d70236
0337031f031702c7
027e0367037f0357
02bf02a702ef028f
035f0377036f0327
032f034f035f0357
03e8037f03170317
03a80388039003c0
0400040003f803d8
03f803d803e00400
03f003e003e803f0
03c803d003e003f8
035f037f039003a0
01b6024e02c7030f
00850044ffd400cd
011d015d01ce0135
0054008500a500d5
002400f5ffd4ffe4
ff84ff13ff2bffe4
ff53ff4bff63ff3b
ff4bff4bff43ff4b
ff3bff33ff33ff33
ff3bff53ff53ff53
fe3afe83feebff23
0034ff0bfe7afe4a
00ed00dd00c5010d
020601c6012d013d
01e601f6022601d6
01f601b6021601f6
01fe020e02060236
02bf027e02af0236
026e02af02ef0337
02b702df030f02d7
034f033f031702d7
027e02ef03900377
02df02b702ff031f
0337037f03a00377
032f031703770347
03f003f003b0036f
03e003b003a803c0
03f803f803f003f0
03f003f803f803f8
040003f803f003e8
03d803d003e803f8
036f039003a003c0
01d6027602f70327
009d003c002c0105
0125011d01c60135
006c006c007400fd
004c00b5ff9cffa4
ff73ff0bff7b0014
ff2bff23ff3bff2b
ff2bff33ff33ff33
ff43ff23ff2bff2b
ff2bff43ff4bff43
fe62fea3fefbff1b
007cfff4ff1bfeab
0125011d010d00fd
01de01f6012d010d
01ee01fe01e601e6
01fe01de01f60206
023e025e022e020e
02f702a7025e0287
02560236028f02e7
02c70287027e02a7
03880347031702ef
02df0297033703b0
02ff02ef02c70317
037f034f036f0357
033f033f035f036f
03d003f803f803b8
03f803f803e003c0
03e803e803d003e8
03e803f803f803e8
03f803f803f803f0
03d803e803f803f8
037f039003b803d0
020e0297030f0347
00b5004c00b5017d
01150105013500ed
0054005400c500fd
00a500a5ffb4ffc4
ff4bfed3ff73ffac
ff2bff33ff33ff1b
ff3bff33ff2bff33
ff3bff23ff1bff2b
ff2bff2bff33ff3b
fe8bfebbff1bff23
00ed00c5002cff33
0105010d010d00f5
01b601f6016500bd
0206023e01de01de
021e01e601d601f6
026602260256023e
031f02ef02660256
0216024602260297
031702e702970226
03b803670357032f
02ff02b702ef0388
033702f7031f02ef
038803900390035f
039803570347035f
03c003e0040003f8
03e803f003f803e8
03f803f803f003f0
040003f8040003f8
03f803f803f803f8
03d003f8040003f8
039003b003c003c0
023e02a70317035f
008d001400dd01a6
0115010d010d00bd
0004006c00dd00d5
00d50034ffc4fff4
ff13fedbffc4ffac
ff3bff33ff2bff5b
ff43ff3bff2bff3b
ff33ff2bff2bff33
ff23ff23ff2bff33
fe7afeabff0bff1b
00fd0145009dff33
00bd010d00d500c5
019601d601be00b5
023e022e021e0216
022e020601ee01de
027e02260226025e
028702d702970287
021601d601f60206
034f031702c70287
039003a8034f033f
02c702bf02c70317
037702f702ef0337
03470390036f0398
03f803980357033f
03f003e803f80400
040003f803f80400
040003f803f00400
04000400040003e8
0400040003f803f8
03c803e003f803f8
0377039003b803c0
026602cf030f0347
0064005c011d01d6
010d014501150064
ffb4006c011500d5
00adffbcff84ffdc
ff13ff03ff53ffa4
ff3bff23ff13ff6b
ff43ff4bff43ff43
ff2bff23ff13ff23
ff2bff23ff2bff23
fe4afe83fef3ff23
00ad010d0095fee3
00bd00d500dd009d
018e01ce022e0115
01f60236021601f6
027e020e01d601ae
0266022601be025e
01a6026e02af029f
026e01ce01ce01ae
03670367030702cf
034703900388034f
02f702a702bf02c7
0367031f02df035f
034f0367037f0388
03f803e0036f037f
040003f803f003f8
0400040004000400
03f803f803f803f0
03f803f003f803f0
0400040003f80400
03d003e804000400
035f037f03b803c8
027e02df02f7033f
005c00c501650226
0105013500ed0044
ffbc005400f500e5
008dff7bff53ffe4
ff1bff13ff2b001c
ff33ff23ff1bff43
ff3bff33ff3bff53
ff43ff33ff23ff33
ff33ff43ff3bff3b
fe2afe52febbff13
008500d5ffb4fe5a
00dd00c500dd00c5
01c601a602360165
01c60246021e01e6
028f0246020601de
0236020601a601de
0175015d02160297
02df027601fe01de
0357035f034f0317
02f7036f035f037f
036f02e7028f02cf
035f031702cf033f
03770367034f0390
03e803f803d00390
03f803f803f003e8
04000400040003f8
04000400040003f8
03f803f003f80400
0400040004000400
03c803f003f80400
039003a003b803c0
02a702f7032f036f
002400ed0196024e
010500f500a50044
001c008500d500e5
0095ff84ff630034
ff2bff0bff13001c
ff43ff23ff4bffa4
ff23ff1bff23ff4b
ff2bff33ff33ff33
ff23ff33ff33ff33
fe1afe1afe72fef3
0044004cff3bfe32
00dd010d00bd00d5
01d601a6020e01ce
01be0236025601e6
01fe024e020601f6
01fe0216020601be
019601550135020e
0287029f028f0206
034703370347035f
02e7033f03270327
03880357029f02b7
0377034702ff0307
03b803a0037f0388
03f003f003f803e0
0400040003f803f8
040003f003e803f0
03f803f003e803f0
04000400040003f8
0400040003f803f8
03a803e003f00400
039803b003b80398
02b702f7033f0377
002400f501c6025e
00e500dd007c0044
000c008d00d500d5
008dff8cff8c001c
ff43ff03ff43ffec
ff2bff2bff5bff94
ff13ff0bff13ff23
ff0bff13ff23ff23
fee3ff13ff1bff1b
fe22fdfafe1afe9b
fff40024ff53fe5a
00fd00fd00cd00cd
01e601b602060246
01ae01f602870226
01a60206022e01ee
01f601de01f601ae
01c601860125015d
031702560266022e
02ef035702df032f
02ef0307034f02cf
032f0377030702bf
03880390034702cf
03e803c003a80377
03f803e803f003f0
03f8040004000400
03f803f803f803f0
03f803f803f003f8
03f80400040003f0
03f0040003e803e8
03d003e003f003f8
038803a003a003a8
02d7030f033f0377
0014010501f60276
00a500ad00850034
fffc004c00c500c5
0044ffb4ffccffc4
ff4bff03ff8cffd4
ff1bff2bff73ff53
ff0bfef3ff03ff13
ff03ff13ff1bff1b
feb3ff03ff1bff0b
fe12fe02fe0afe5a
001c0004ff6bfe6a
015d00ad00f500a5
020e01c601f6027e
01b601ce024e0266
019e018e021601e6
016501a601b601a6
01de01c60155013d
02e702c701fe020e
02af033f033702ff
02d7031703170357
02ff0367034702cf
036f0367036702f7
03f803e803a003b0
03e803d803c003d8
03f803f803f003f8
03f803f803f003f0
0400040004000400
0400040003f003f0
03f003f803f803f8
03f003f803f003f8
037f039003a003d0
02e7030f03470377
001c0135021e0297
007c00ad00850034
0024008500dd00c5
0014ffbcffd4ffdc
ff2bfef3ff8cfff4
ff23ff3bff5bff13
ff0bfef3ff03ff23
ff13ff1bff23ff1b
fea3ff1bff23ff1b
fe02fe02fdfafe2a
006c0044ff73fe42
01ce00bd00dd00d5
025601de01a6025e
01ee01be01fe02af
01ee018e01b601e6
0145013d016d01de
01c601ae01960165
02cf029f024e01ae
031f02ef033f0317
029f030f0327034f
02ff033f038802ff
0388033f0327033f
03e003f003c80390
03f003e803c803b0
0400040003f803f0
0400040003f80400
03f8040003f003f8
040003f803f80400
0400040003f803f8
03f803f803e803f8
038803a003b803e8
02ef031f03570377
0024014d022602b7
008500a5006cfff4
006c00ad00dd00cd
fffcff94fff4fffc
ff1bfefbff6bffc4
ff2bff43ff4bfef3
ff23ff13ff1bff23
ff1bff23ff23ff23
fee3ff33ff33ff1b
fe2afe1afe02fe5a
007c00adfffcfe8b
023e011500b5010d
0276023601a60206
01d601be019e027e
01ae018e018e01ce
0186013d0135016d
0196017d01450135
030f02a7026e01f6
030f02ef03170337
02c702d70367031f
03270307032f0367
039803a0036f030f
03b003d803f003b0
03f803f803f003c8
03f80400040003f8
03f8040003f803f8
03e803f8040003f8
04000400040003f8
03f803f803f80400
03f803f003f00400
03a803c003d003f0
02ef031f034f0390
00440175023602a7
00a5004c00540004
003c00a5010d00d5
0004ff9cffcc0014
ff4bfefbff53ffc4
ff4bff53ff0bfeeb
ff1bff1bff23ff2b
ff13ff13ff13ff1b
fec3ff03ff1bff13
fe52fe02fe22fe8b
006c00ed007cff23
023e015500cd00f5
024e025601ce01f6
01d601f601a601f6
018e017d017d01b6
01650186018e013d
01c60155011d00fd
02f702df02760206
02c702ff030702f7
02f702d7031f0337
02ef02ef02cf031f
03c003980377031f
03d003a803d003f0
03f803f803f003f0
03f80400040003f8
03f003f803f803f0
03f8040003f803f8
040003f8040003f8
03f803f804000400
040003e803f00400
03a803c003e803f8
02ef030f035703a8
006401a6024e02af
0064002c004c0014
004c00b5010d009d
0064ff9cffc40004
ff23ff0bfef3ffb4
ff4bff43ff0bff03
ff1bff0bff13ff0b
ff0bff13ff0bff23
feb3fefbff13ff1b
fe32fdeafe1afe7a
004400fd00b5ff7b
026601e600f500ed
02760256021e01ee
01de023601e601de
012d015d0155018e
0155017d017d0135
01d601ae013d00fd
02a702df02cf0236
031f02cf03170327
02ef02e702ef035f
02d702f702df02a7
03c003770367032f
03f803c0039003c0
03f80400040003f8
03f80400040003f8
03f803f003f00400
03f803f804000400
0400040004000400
03f803f004000400
03f803f8040003f8
03b803c803f003f8
02ff031f036703a8
009501ce026e02bf
004c002c00440004
008500f500d5009d
007cffacffd4ffd4
fefbfefbff23ff43
ff3bff23ff1bff0b
ff0bff13ff03ff23
ff03fefbff13ff23
fe8bfee3ff0bff13
fecbfe2afe22fe5a
004c00ed01250024
027e021e015500fd
0246022e022e0226
01d6020e01de01de
0105010d012d014d
01050155014d0175
021601ae0186012d
02ef025e02a7025e
0390031702e7035f
026e02a7031f035f
031702df02f702a7
0390039003670357
040003f803e003a8
03f8040004000400
0400040003f803f8
03f803f804000400
03f80400040003f8
03f803f8040003f8
0400040004000400
03f8040003f80400
03d803e003f00400
02f7031f037f03c0
00ad0206029702c7
004c002c005c0014
009d00f500b500bd
001cffe400040034
fef3feebff43ff3b
ff2bff2bff1bff0b
fef3fefbff0bff33
ff03fef3ff0bff0b
febbff03ff23ff13
ffd4ff2bfecbfe93
001c00d5016d00ed
026e024601ae00fd
0216022e023e022e
019e01f601ce01de
016d0105010d011d
00f500ed0105014d
022e01c6017d0145
031702af0276025e
0347036702df032f
02af027e02ef032f
030f02e7029f02e7
03b8039003a80337
03f8040003f803f0
03f003f803f803f0
0400040003f803f8
03f8040003f803f8
03f003f8040003f0
03f00400040003f8
03e803f003f803f8
040003f803f803f8
03c803f003f00400
02ff033703a003d0
0105024e029f02cf
00240044005c0004
008d00fd00c500bd
fff4002c00140044
feebfecbfeebff23
ff1bff23ff03fefb
ff03ff0bff2bff33
ff03ff03ff13ff0b
ff3bff6bff53ff2b
00b5ffecff63ff2b
001c00f5017d0145
0276024e020e0165
01e602160256023e
014d01b601f601f6
01be013d00b50105
0115010500ed0155
0236021601ae0125
032702b7027e0276
0307032702f70307
02ef027e02bf0347
02f702df02df02c7
03f803d003c00390
03f803f804000400
03f803e803e803f8
0400040004000400
03f003f804000400
03f003f803f803f8
03f803f803f803f0
03e803e0040003f8
0400040003f803f8
03e803f803f003f8
0317035f039803c8
015d026602a702ef
003c004c002cfff4
00b500d500ed00cd
ffdc000c002c002c
feebfea3fec3ff1b
ff13ff23fefbfeeb
ff13ff13ff1bff33
ff13ff13ff1bff13
ff5bff4bff43ff2b
00f50074ffbcff6b
fffc00ed017d011d
02260266020e01c6
021e020602260226
012d016501ce01d6
018e018e00c500d5
012d011500d500f5
022601ee01be018e
02f702c702760297
02ef02a702ef02c7
02bf029f027602f7
037702cf02af02c7
03f803f803f003e0
03f803f803f80400
03f803f804000400
03f803f003f003f8
03f803f803f803f0
03f8040003f80400
03f8040003f803f0
04000400040003f8
03f003f803f80400
03f003f803f803f8
03170357037f03c0
01a6026e02cf0307
004c004400040034
00bd00dd00fd00cd
ffb4fffc002c0054
fee3fee3ff0bff4b
ff13ff23ff13fef3
ff13ff13ff13ff2b
ff13ff23ff33ff1b
ff6bff3bff1bff13
00ed00b5000cffb4
003400bd016d010d
01fe0236022e01f6
024e025601ee0216
0165017501a601f6
012d0196016500c5
0165010d00fd00ad
0246021e01d601ae
02c7029f027e0276
030f0297028f0297
028f029f0276028f
03e8037702cf029f
03f803f803f803f0
03f0040003f003f8
037f03b803e003e8
0390034f03370327
03d803b003a803a8
03f8040003f80400
03f00400040003f0
03f003f8040003f0
03f803f8040003f8
037f03c003f003f8
02a7028702c7033f
01be025e02a7029f
00850054002c00a5
009d00dd010500d5
ffacffd40024009d
ff0bff2bfef3ff23
ff0bff1bff1bfefb
ff1bff0bff13ff13
ff1bff2bff5bff33
ffbcff6bff2bff1b
00cd00f500850004
007c00cd0165013d
01f6020e023601a6
01fe024e01d60206
00c5013d016d0196
00850155019e00c5
01a6014d00dd009d
025e025e022601ce
027e025e0276028f
02f702bf02a702bf
025e0246022e0256
03f003f0038802a7
03b003d803f803f8
039803e003b803a8
037f034703880390
034f0357035f0357
03b80390037f0357
03f80400040003e8
03f803f8040003f0
03e803f803f80400
040003f8040003e8
02ef036f03e80400
0175017501de026e
018e01ee01f601b6
00740034000c00a5
008500d500fd00b5
ff9cfff4007400b5
ff0bff13fefbff4b
ff0bff1bfedbfedb
ff13fef3ff13ff03
ff0bff13ff43ff33
002cffccff53ff0b
005400b500c5008d
003c0095014500e5
020e020e022e019e
01c601ee01be01b6
006c00b501350155
007400ad0155011d
01be014d00e500b5
0246024e022e01fe
02af029f0236023e
027e02bf02970297
026e023e021601c6
03f8040003f00367
036f039803b003f0
03d803f003e00388
03f003e003f003e8
03b803f003f80400
03c00390034f0357
03f8040003f803d8
03f803f803f803f8
03e8040004000400
03f8040003f803e8
0287031703b803e8
02a7022602160216
021e029f02ef02e7
006cfff4ffd400e5
007400d500cd0085
ff73002400b5007c
febbff13ff4bff7b
fef3ff03fed3fedb
ff13fef3ff1bff0b
ff0bfef3ff33ff2b
00850044ffecff5b
ff8cffec00240085
003400bd01550074
01b6020601d601be
016501ee01ee0165
00b5009d00ed0145
0095007400c50135
01be016500dd009d
01de01e601be0206
02a702ff02bf0206
01d6028f02970256
03370276026601fe
03c003e803f803d0
03d003b8039803b0
03f003f003f003e8
03f8040004000400
03d003f804000400
03b0037f036703a0
040003f803f803e8
03f803f003f803f8
03d803f003f80400
03c803f003e003d0
026602c7035f03b0
03a003670317028f
02a7031f036f03a0
0034ffacffcc0175
00ad010d00cd009d
ff5b003c009d0044
fee3ff43ff5bff73
ff13ff33ff23ff0b
ff13fefbff2bff2b
ff5bff23ff6bff3b
000c00640054ffe4
ff13ff4bffa4ffec
008500a50145fff4
011501be01a601b6
014d01d602060165
00d5006400950125
00740064007c00dd
01ae019600fd00a5
021601d6019601be
024e031702f70256
0216022e0297023e
03b00337028f027e
03c0038803a003b8
0400040003f803e8
03e803f003f003f0
0400040004000400
03f003f804000400
03d803d803d003d8
040003f804000400
03f803f803f80400
03d803e803f80400
039803b003b003c8
02ff02df031f0377
03e003e003b0035f
02cf033f039803d8
0004ff94fffc01c6
010500ed009500b5
ff9c00850034002c
fec3ff2bff4bff53
ff63ff63ff4bff1b
ff0bfefbff13ff2b
ffa4ff73ff94ff5b
ffdcffe4001c0004
ff5bff23ff2bffbc
009500850135000c
01150186018e01be
0155018601ae0155
00ed0085005c00ad
0074002c006c00ad
016d016d010d00bd
023e01ee01ae018e
022602a7034702a7
02870236025e0246
03a80398032f02df
03f003b803470337
04000400040003f0
03f003f803f803f0
04000400040003f8
0400040004000400
03f803f803f003f8
03f803f8040003f8
03f803f803f803f8
03d803f003e003f0
0357036f037f03a0
0390033702ff0327
03e803e803d803c8
0307034f038803d0
ffecff6bffec01f6
00ed00a500d5005c
0044008d005c00b5
ff13ff6bff23ff53
ff73ff3bff4bff2b
ff3bff1bff13ff3b
ffb4ff6bff6bff7b
ffd4ffb4ff84ffc4
ffb4ff5bfeebff23
00c500a501050024
013d0115016d017d
01150145012d014d
00950064004c004c
00a50014000c003c
011d0145012500c5
02af021e01b60155
0226021e02f70327
02df02df027e024e
0367037f037f033f
040003f803d00388
04000400040003f8
03f8040003f803f8
04000400040003f0
040003f8040003f8
03f803f803f80400
03f00400040003f0
0400040003f803f0
03b803e803e003f0
02ff031f0337034f
03d003a803470307
03b003d803e003e0
02cf030f031f037f
ffacff1bffa401e6
00b500cd009d001c
0074007c00f5012d
ff6bffccffec0034
ff4bff23ff63ff4b
ff84ff43ff2bff33
ff9cff7bff43ff6b
ffbcff9cff4bff73
ff84ffa4ff7bff9c
00b500b500d5ffdc
012500f50145014d
00bd01650135015d
0074007c00540044
008d0014fff40014
013d010d00e500dd
02bf023e01de01ae
020e01d6024e031f
0337032702e70266
035f030f03270367
040003f803f803c8
03f003f803f803f8
03f803f003f003f8
03f003e003e003f0
03e803e003f003e8
03e803f003f803f8
03f003f8040003f8
03f80400040003f8
039003e803f80400
02e702c702cf02ff
03b003c803c8035f
032f0367038803a0
024602a702d7030f
ff53fe8bff3b0175
00a5008d001cffb4
00ad00d50135009d
ff9cffc40014004c
ff63ff5bff73ffbc
ff9cff7bff6bff73
ff4bff43ff23ff5b
ff3bff03ff13ff7b
ff84ff8cffacff73
008d00b500c5ffd4
00cd00c500f5014d
0085012d016d013d
00540074002c002c
00ad0034ffe4fffc
018e010d00fd00dd
02d7022e01ce01ae
024e01be01c602bf
034f034f033f02e7
03a0035f031f0347
03d803d803e003d8
034f0367039003a8
032f030f033f034f
035f033f031f0337
03c803b003900377
03e803e803e803e0
03f8040004000400
03f80400040003f8
036703d804000400
033702af026e02b7
030f031f039003c0
023e02bf02ef031f
0014008d011d01ce
fe62fe1afe6aff63
ff33ff0bfedbfea3
014500ed005cff84
ffecffbc000c00b5
ffb4ffb4ffb4001c
ff5bffa4ffe4fffc
ff3bfed3fea3febb
fe3afe6aff4bff9c
ff94ff94ff3bfeab
00ad00d50085ffc4
00cd00a500e5011d
004400a50175012d
001c003c000c000c
00ed0074ffd4fffc
01860165012d00f5
029f021e01a6016d
02af021601650266
034f036f034f032f
03b003b0037f0367
014d01b602c70377
006c007400bd0125
00850074007c0074
006c00640054006c
017d013d00dd0095
0398031f028701e6
04000400040003f0
04000400040003f8
033f03c803f80400
037702ef0246027e
026e02a702cf0347
ff4bfffc00a501ae
ffc4ff5bff4bff53
ff33fe93fe93ff43
000cffd4ffa4ff7b
008d008dffbcffcc
0054005c00f500f5
001c004400340054
febbff2bffc40014
ff3bfebbfe9bfe83
fecbfe72ff23ffa4
ffb4ff4bff43ff4b
00e500a50004ffa4
00c50095009d00b5
002c005401150115
fffc003c00440024
00fd00a5fff4ffec
013d0186016d0125
026e023601b6012d
02a701ee01150135
035f0347032f0317
029f039803a003a0
00ed00a500d5019e
01ee01d601c60175
01be01de01d601fe
018e0196017d01a6
018601be019e018e
012d010d00fd010d
03e80367028701c6
03f803f803f803f8
032703c8040003f8
02ef02df022e0256
ff43002c00fd0206
ffa4ff7bff03fefb
00bd00a5006c000c
fd92fda2fe32ff7b
fe7afdfafdbafd79
ff7bfeebff3bfeb3
00cd00bd008d0024
00440074006400bd
ffb4ffbc000c0054
ffc4ff3bff23ff9c
ff5bff43ffacffdc
ff8cff6bff63ff6b
00bd00850004ff8c
00a5008500850095
0034002c007c00e5
000400240074004c
00e500ad0014ffe4
0125014d0165012d
0226021601be0145
002400140044006c
02970236017500cd
006402cf034f031f
027e025602260155
0246025e0297029f
02af02af0266025e
025e0266026e0297
027e023e02260246
020e026e029f0297
02160145013501ae
03f003f803f80377
032f03c003f803e8
00cd01fe02160256
ffa4ff43fef3ff5b
ff33ff5bff43ff0b
003cff5bfedbfeeb
fd92fdcafdbaff4b
fdeafd59fd29fd21
ff13fee3ff03fe12
003cfff40004ffdc
ffcc002cffb4fff4
007400440034fffc
005c000cff84ffec
ff9cff73008d008d
ff63ff94ff8cff94
0085000c0014ffcc
00950064008d009d
001c0034004c008d
ff9cffcc002c0044
011500c5002cffe4
013d013d017d015d
0145024601ce019e
feabff33ffecffe4
fef3fe4afe62fe93
003400340085002c
02a702a702870236
01c6019e01d6025e
01ae01ee01d601de
01ce0175014d0175
020e0206020601fe
031702ef02c7027e
01b6026e02e7030f
040004000390018e
030f03a003e803e8
ff84005401e6023e
ffbcff33ff7b0004
00c5ffdcff43fe72
ff33fe62fe6aff84
fe7afe7afe02fefb
fe5afd9afda2fdfa
ff4bff43ff5bfe9b
0044000cffccffbc
ff84000c005c005c
008dffdcffbcffac
0074001c004400ad
ff9cff84ffa4003c
ff33ff5bff2bff1b
ffd4ffc4ff9cff63
008d001c000c008d
001400240034004c
ff84ff9c000c0054
011500e5005c000c
014d015d017d012d
00f502560206019e
fe9bfed3ffb4fff4
ff43fd9afdd2fe72
00edff2b00b50115
023e027e0297029f
008d008d00cd0186
00140064007c008d
0054fffcffccffc4
01ae018e013500dd
02df02a7027e0216
02870347034f0307
036703a8028f016d
018e01d6022e02d7
013dff5300c5015d
feebff0bffac00ad
017d00dd0004ff1b
fe9bfe52feeb004c
fef3fe93fe32fecb
fe8bfee3ff2bff33
ff53ff23ff84fea3
005c004c001cfff4
ff53ffbc004c007c
ffccff8cffa4ffac
ffacfff4ffdcffcc
ff73ff63ff9cff4b
ff33ff4bff53ff73
ff53ff23ff03ff3b
00850044000c0024
001c001c0034001c
ff73ff43ffb4003c
011500e500a5001c
013d0155015d0135
015d02460226014d
fe8bfec3ff84009d
ffdcfdaafd8afe72
015dff5300ed0196
012501ae022e0256
ffbcffcc00040074
feb3fecbff2bff7b
ff43ff2bfedbfed3
014500c50024ff9c
02ef02b7024601d6
00ad02460307030f
00ad00fd00e500c5
0095011d014d0115
0155ff7bfe52ff7b
0105013d0105014d
006c009d00a500b5
ffdcff7bff94ffdc
feebfe72fe9bffac
ff94ffecffbcff43
ffacfefbffdcff23
ffecffbc002c007c
ffccffa4000c0054
ff0bff23ff73ffe4
ff3bffa4ffbcff63
001cff43feebff43
ff3b0004008d007c
fecbfe52fe62ff23
0034004c00440024
0024002c002c0014
ffb4ff5bff9cffc4
012d00ed00cd0064
015d012d012d0145
022e021602760186
fee3ffac00fd021e
0054fdaafd51fe7a
01a6ffa400bd01ae
00d5015501d601fe
ff94ff94fff40054
ffdcffa4ff43ff23
ff8cff94ff7bffc4
013d004cffacff73
02ff02df026601d6
0145012d026e02ff
036702b701c600cd
02cf038803c803b8
0175ff4bfdf200b5
017501ce01ce019e
00a500850105011d
010500d500ed00cd
feb3fe7aff5b00f5
ff9c000cffb4ff13
0014fefb001cff6b
ffbcfff40024009d
00850044000cff9c
fef3ff43ffac0085
ff94ff63ff84ff3b
00bdff6bfe8bff23
ff0b001c009d00e5
febbfe62fe83fef3
00040014fff4001c
00240034003c0004
ffecff84ff84ffa4
017d00fd00cd007c
018e014501250155
02cf0266027601f6
002c01ae02c7030f
0095fe12fd71feb3
01e6fffc00440165
015d019601de0206
005400a500fd0165
010d00b5002cffec
010d010500ed00c5
01fe00fd00ed012d
033f0347031702a7
01f600d501a602cf
040003f80327013d
033703c803f003f8
021eff9cfe220125
01be01ee0246025e
013d0135017d0186
01a60165016d014d
fe9bfeab003c018e
ffc4ffe4ff94ff23
00b5fff4fff4ffa4
ff6b002c005c005c
fffcfffcfffcff73
feabfef3ffac0004
ff4bff13fe52fe52
002cffdcff3bfefb
ff2bffe4001c000c
fee3ff4bfedbfedb
000c00140004fffc
ffd40034003c0054
0024ffbcff8cff7b
014d012500cd009d
019e016d01150115
031702d70256020e
01fe02df031f033f
014dff2bfedb0054
02560054ffb40125
026602870297028f
01d6021e022e024e
021e01e6017d01be
01de020e01ee01c6
025e022601f60206
034f033f02d7029f
01ee00a50105020e
03f803f0035f01fe
034703b803d803f0
01b6ff6bfe83017d
026e028f0287024e
01d601e601ee021e
021601ce01c601be
fedbff2300dd01ce
0004ffccffc4ff7b
004c00540074fffc
ff1bffecfffc0024
ff73ff33ff63ff2b
fe83fefbff1bff6b
ff94fed3fe02fdfa
ff6bff1bff1bffa4
ff4bff6bff53ff84
fe6aff13fef3fefb
000cffcc0014ffdc
ff7b0004004c004c
0054ffdcff7bff4b
012d012d00c500a5
01be0175013500fd
0327030f02870226
030f031f032f032f
00d500cd0165025e
02a700bdff6b0074
02f70317030f02e7
02a702bf02d702d7
029f027e0266028f
027e029f02870287
02b7029f02870276
030f032f02cf02bf
01c6004c01860226
03f803d0037701ce
034f03b803e803e8
00f5ff0bff5b0226
02360256025e0246
0206022e023e024e
024e0236021601fe
ff23ffac01550216
0024ffdcfff4ffac
fffc006c004c006c
ffa4fff4ffec001c
ff6bff73ff3bff4b
fe7afeb3fe72ff63
ff2bfed3fe1afdea
ff03fea3ff73ff73
ff13ff0bff1bfecb
feebff84ffd4ff8c
ffdcffbcffccffcc
ff43ffac001c0034
00850004ff8cff2b
0125013d00fd00dd
01de0175013d00fd
030702ff02b7022e
032f0347034f033f
029702df02ef02e7
02bf016500cd020e
02f70337034f0317
02ef030702e702d7
02b702b702b702bf
02b702c702b702af
02f702ff02e702b7
0317037f032f02ff
021e015d00a501b6
03f803d0037f0266
037f03d803e803e0
016dfff400a502af
0206021e0276028f
0206023602360226
025e025e023e01fe
ff84003c01960236
0095ffacffbcff6b
ffec007400340125
ffc4ff9cffa4ffcc
ff43ff53fefbff9c
ff1bff13feabff2b
ff84ff23fe4afdf2
fec3ff13ff73ff4b
fef3fee3fe7afe52
ffc4ff73ff5bfecb
fffcffc4ffb4ffb4
feebff5bffec0034
0095001cffa4ff3b
011d013d011500c5
01ee0186014d0115
02ef02ef02e7027e
0327031f030f0317
03370327032f0337
030f01b6013d0307
031f033f0367033f
02df02ff030f0327
02d702ef02ff02cf
02ff030702df02cf
033f033f03370317
035f03b803900367
02d7029701ee029f
03e003d803900327
03b803e803d003d8
02cf015d02160327
025e025602bf02f7
028f028f0276025e
028702a702970287
ffcc00c501ee0266
005cffb4ffa4ff53
ffec005c001c009d
ffa4ff8cffb4ff94
ff73ff2bff23ffac
ff13ff23fee3fecb
ff73ff0bfedbfe9b
ff53feb3feebff53
feabfee3fefbff63
ff94febbfe9bfedb
000cfff4ffccffd4
fefbff33ffac003c
006c001cffccff8c
011d010d010500bd
021e019e01650115
02ff030702ff02c7
0337030f02ef02ef
038803670357034f
031f026e0246036f
0377039003900357
0327034f03670377
02bf02d702ff02f7
02f702ff02ef02cf
03a0035f031f02ef
035f03c803e003b8
0307030f030f032f
03e003d003a8034f
03e003f803e803e8
02af020602d7036f
031702ef02ff030f
030f02ff02ff0307
02af02e702e702ff
000c013d022e0297
ffc4ffecffd4ff7b
001c000cffac0014
ffe4ffecffbcff9c
ff5bfefbff9cffbc
ff1bff2bff1bff13
fec3ff4bff7bff03
ff7bfedbff03ff03
fe93ff0bff73ffbc
ff13feabfeabfeb3
0014000cffecfff4
ff2bff03ff6bffdc
009d003cffecffac
012d00fd00f500d5
026601be01960135
02ff030702ef02e7
0327031f030f02ff
03b803980377034f
035f037703c003d0
03b003a003a00398
036f037f03880398
02ef031703270337
032f031f02ff02df
03c003770337031f
036703d003d803c0
0347031f03170307
03d803d803b80388
03e8040003f803e0
02460287036703a8
034f0327030702b7
0347035f035f035f
02d70317034f033f
007c01a60266029f
ffbcffc4ffd4000c
003cffccffa4ffec
fffcffbcff8cff9c
ffc4ff23ffb4ffbc
fefbfeb3ff23fffc
fee3ff9cff5bff1b
00c50004ff03ff1b
fe42fef3ff6bffdc
fe7afedbfe9bfe52
fff4000cffdcffd4
ff7bff33ff43ff9c
00b5007c0024ffd4
012d0105010500dd
02b701f6019e0186
02ff02f702df02df
03170307030f031f
03d803a80388034f
036703c803f003e8
03c003b003b00398
039003b003b803c8
0347035f036f0377
03a0036f03470347
03c003b003900390
034703a003b803c0
03980337031702ff
03e803f803d803b8
03e80400040003f0
022602f703b803e0
031f02ff02a70226
035703570347034f
02cf030f035f0347
012d01d6025602a7
ff94ff84ffac0074
0004ffd4ffc4000c
ff63ff8cff5bffac
ff73ff13ff33ff1b
febbff4bffd4000c
fefbffdcffb4ff13
01a6005cfeb3feeb
fe5aff33ffd400cd
fe0afe2afe4afefb
00040004ffecffec
ffb4ff7bff4bff9c
007c009500440014
01350105011d00c5
02c7020e01b601a6
02f702f702ef02d7
0337031f02ff0307
03f003900388035f
038803f003e803f0
03c803b80377034f
03a803c803d803d0
0388039003b003b0
03a00388037f0388
039803a803b003b8
032f0357039003a0
03d803c003c00377
03f003f803f003e8
03f8040003f803f8
0276035f03e803f8
02af02a702870236
02cf02df02cf02c7
02bf02e7030f02df
01d6028702d702d7
ff5bff6b0044010d
ffd4ffdcffdcffb4
ff8cffb4ff43ff8c
ff5bff23ff43ff23
ffb4ffb4ffac0004
fee3fffc005c006c
0095fefbfebbfee3
fec3ffa4001400fd
fe83fe0afe93ff23
ffbcffecffdcffe4
ffdcff73ff63ff7b
006c00950074003c
0186011d00f500b5
029f021e01d601d6
02ef02e702ef02df
034f033702ff02f7
03f003c803a80377
03f003f003f003f0
03900398039803d8
03a803b003c003b0
03b803c003d003c0
03a803a803b003b0
0357035f039803a8
03a8038803770357
03f003e803f003e0
03f003e803f003f0
0400040003f003f8
02bf03a003f80400
032f030f02b70266
0327033f03370347
036f037f0367033f
023602d7032f0357
ff4bff8400740135
ff8cff33ffb4ff53
ff9cff63ff3bff6b
ff9cfff40014ff7b
ff43fed3ff2bff84
fe4afecb001c0064
ffdcff7bff13fe8b
fecbfefbfeeb0054
ff03fec3ff63ff2b
ff7bffecffe4ffe4
0014ff8cff33ff73
00a5009d009d003c
01d6016d00e500cd
026e020e020601ce
02e702df02df02c7
03670347030f02f7
03f003d003a00388
03f803f803f003f8
03e003f8040003f8
03b003b803b803d0
03a00398039803a0
0388039803a00390
03a0039803880377
03f003f803f803d0
03f803f8040003f8
03f803f803f803f8
03f8040003f803f8
030f03b803f803f8
036f031702b70287
03b803c803c803b0
039803a803c803c0
027e02ef03470390
ff13ff8c00bd0175
ff63ff03ff63ff53
ffacff84ff8cff63
ff43ff3bff63ff4b
fe72fe4aff0bff5b
fe6afe3aff2bff33
ff53fedbfe7afeeb
fe52fe52fe1afef3
ff23ff4bff43feeb
ff9cffecfffcffc4
fffcffd4ff5bff9c
00ed009d0095005c
01ce01b6012d00fd
0276021e020e01ee
02cf02c702cf02b7
03670337030702ff
03d803c003b00398
0400040003f803f8
04000400040003f8
03f803f803f80400
03e803e003e803f8
03d803d803e003e0
03f003e803d803e0
0400040003f803f8
0400040004000400
03f803f004000400
03f8040004000400
035f03d803f803f8
037702ef029702a7
03d003b003c803d0
03a803c003d003d0
02a70317035f0390
fee3ffb4009d01b6
ff43fee3ff3bff43
ff84ff63ff5bff3b
fee3fefbfe62ff03
fe22fdeafe7aff4b
fe3aff43ff94ff0b
fe1afe4afe2afe5a
fe7afe4afe2afe0a
ff53ff73fecbfef3
ffbcffacfffcffec
fffcffecffb4ffb4
011500ad0095009d
01e601c6019e014d
0276021e02260216
02df02cf02cf02a7
03670347031f02ef
03d803c003a00390
040003f803f003f8
040003f804000400
03f803f003f003f8
040003f803f003f8
03f003f003f00400
040003f803f803f8
03f8040003f003f0
040003f803f80400
03f803e8040003f8
0400040004000400
03b003f804000400
0398030f02a702f7
03d803c803c803c8
03c803d003e003e0
029f0337037f03a8
ff03fff4009501d6
ff53ff23ff3bff6b
ff94ff7bff2bff53
fe93ffccfe93ff0b
fe93fdbafda2fe02
fef3ffd4ff43ff53
fe12fe1afe62fe52
fef3fe72fe2afe02
ff84ff63fefbff0b
ff94ff84fff40004
0054ffd4ffa4ff73
012d00cd008500a5
021e020e01f601a6
025602060206022e
02f702ff02df028f
036f034f031f02ef
03d003c003b00388
03f803f803f003f0
0400040004000400
040003f803f80400
040003f804000400
040003f803f80400
040003f804000400
03f003f803f803f8
03f803f003f803f0
03e803f003f803e8
03f003f003e003e8
03e80400040003f0
037f031702f7037f
03e003e003c80398
03c803d803d003e8
02af033f03670398
ff13ffb4008d01ee
ff6bff4bff2bff6b
ff84ff8cff3bff8c
fe02feebff13ff7b
fe8bfdd2fd79fd8a
ff9c000cffbcff6b
fe83fe83ff2bff03
ff13fe3afe83fec3
ff5bff23ff53ff43
ff4bff73ffb4ffe4
00740004ff7bff7b
01a6011d008d0054
024e025e026e020e
023e020e020e023e
02ff030702e70256
03670347030702f7
03d003b80398037f
03f8040003f003e8
040003f803f803f8
03f0040004000400
040003f803f003f8
0400040003f003f0
03f803f004000400
03c803c003d003e8
03f803f803f003e0
03d003c003e803f0
03f003f003e003e8
03f8040003f803e8
033f030f035703c8
03f803f003e80398
03d003d003d803d8
02c70337037703b0
ff3bff9400cd01f6
ff63ff53ff2bff3b
fff4ffecffa4ff84
fe22fe83ff23ffa4
ff33fddafd51fdfa
ffccfff4ffc4ff9c
fe83fe7afedbff2b
ffa4fecbfeabfed3
ff03ff03ff1bffa4
ff3bff5bff84ffdc
000c004cffccffd4
0226019600ed0054
026e029f0297026e
0236020e020e0256
02ff030f02bf0216
035f0347030f02f7
03d803b80390036f
040003f803f003e8
0400040003f803f8
03e803f803f803f8
03f003f803e803f8
0400040003f003e8
03d003b003e80400
03c803c803a803b0
03e003d803c003c0
03b0038803e803f8
03f80400040003f0
03f803f803e803f8
02ff033f03c803f8
03e803a80377034f
03b803c003c803c8
02af030f03670398
ff4bff6300bd01de
ff33ff1bff5bff0b
ffe4ffecffc4ff43
fe83fe2aff23ff84
febbfe32fea3fecb
ffdcff9cff03ff03
fe7afe1afe1afee3
ff43fec3fee3feeb
ff13fecbff5bffcc
ff33ff53ff9cffe4
000c002c001cff84
025601f6013d00a5
029702af02970287
0226021e0236026e
030f02ff0297021e
036f034f031f0307
03d803a80390036f
03f8040003f803e8
040003f804000400
03e80400040003f8
03f003f804000400
040003f804000400
0398039803d803f8
03a003e003d80398
03d803c803a803b0
03b8038803d803e8
03e803f8040003f0
03f803f003f003f8
02d7037f03f00400
03c80388032f02f7
03a803b803c003c8
029702ff0367037f
ff53ff5300a501ae
ff43fee3ff33fef3
ff7bffbcff53ff33
ff94ff23ff13ff6b
fe52fed30054007c
ff4bff9cfefbfecb
fe5afe52fe72fedb
fdf2fe7afe3afea3
ff03fe8bfebbfe22
ff7bff6bff6bffac
0004ffbcffd4ffc4
0276020e016d00bd
0297029f0297029f
023e023e02360246
02ef02cf029f023e
034f033f032702ff
03d00398037f0357
0400040003f803f0
040003f004000400
040003f8040003f8
03f8040004000400
040003f803f803f8
037f0357039803e8
038803c803f003d0
03e803f003e803c0
03b0039803b003e0
040003f803f803f0
03e003e804000400
02df039803f80400
037f0337030702f7
038803a003a803c0
025e02cf031f0347
ff23ff3b008d016d
ff73ff03ff7bff2b
ffacff4bff33ff53
0034ff63fec3ff3b
fe6afedb00b500cd
000c0085ff2bfe5a
fe12fecbff9c001c
fe1afdeafe3afe4a
fe93fe42fef3fe32
ffd4ff84ff94ff8c
0034ff94ff7bffdc
0276023e01b600cd
028702a702a7029f
023e024e0246023e
02e702c7029f0246
03470347033f0317
03d003980377034f
03f803f803f803f8
040003f804000400
040003f8040003f8
03f803f804000400
03f8040003f803e8
03b8034f035f03c8
0398039003c003f0
03e003f803f803d8
03c803c003e803e8
0400040003f803f8
03e003f004000400
02ef039003f80400
0347030f032702ff
034f037703900388
021e02af02ff032f
ff53ff2bffe400f5
ff53ff13ff9cff4b
ff0bff1bff3bff5b
fee3fe5aff3bff4b
feb3febbff0bff5b
ffc4ffc4ff4bfe72
feb3feabfe72fefb
fe52fe32fe6afdfa
fe52fe12fe7afe83
ff8cff9cffbcffa4
004cfffcff0bff1b
027e023e01ce00dd
025e029702b7029f
024e025602660256
02f702cf02a70266
034f03370347032f
03b8038803770357
03f003f003e803e8
03f8040004000400
0400040003f803f0
03f003f003f803f8
03c003f003f803f8
03e803c80367035f
03a8035f03a803f0
03f8040003f803e0
03e003e004000400
040003f803f803f0
03f003f003f803f8
02ef039803f00400
031f0317031702ff
0337035f0367033f
01ce028702df030f
ff63ff33ffcc00a5
ff0bff33ff84ff6b
fed3fe62feb3ff33
fd61fdf2fedbff43
fe4afe6afe62fdf2
fee3ff13feebfe93
feb3fec3fe42fe4a
fe4afe3afe42fdd2
fdd2fe42fe52fe52
ff33ff84ff94ffc4
00bd003cff53ff3b
027e023e01b600d5
025e027e029f029f
026e026e0276026e
02f702cf02af027e
033f032f0347032f
03b803900388036f
03f803e803d003d0
03f8040004000400
03f003f803f803e8
040003f803f003f8
033f03a003e003f8
03f803e803d8035f
0377035703d003f0
040003f803f003c0
03e8040004000400
040003f803f803e8
040003f803f803f8
02c7039003d80400
02cf02d702d702d7
02ff0317032702ff
0145022e02b702df
ff53ff23ffac006c
ff03ff2bff73ff7b
fecbfe6afea3ff1b
fddafe2afe7afed3
fe72fe9bfe93fe32
fe93fe93fea3fe62
feebff03feb3fe83
fe8bfe22fe0afdca
fe22feabfe52fe62
ff53ff13ff9cffa4
00fd003cff8cffec
026e022e018e00ad
026e028702a7029f
027e0287027e026e
02ef02c702af0287
034f033f0347032f
03900377037f036f
03f803f003d803b8
03f8040003f803f8
03f803f003f803e8
03f8040003f803f0
0337034703a803e0
03f0040003f003c8
0347039803f003f0
03e003d003a00377
03f003f803f003e0
03f003e803f003f8
03f003f8040003f8
0297031f039803d0
026e027e028f029f
02cf02ef02ef02af
00f50196025e029f
ff13ff13ffa4007c
ff23ff2bff13ff43
feb3feabfec3ff2b
fe52fdd2fe4afea3
fe9bff0bfee3fecb
fe8bfeabfdeafe02
ff2bfefbfe72fe02
fedbfe0afddafe32
feb3fe8bfe9bff13
ff5bfeabff23ffb4
0044ff43fef3ffc4
025e0226017500dd
0287028f02970297
027e0287027e0276
02f702bf02af0287
0367034f033f032f
037703570357035f
03f803f803b803a0
03f803f803f803f8
03f8040003f803e8
03d803f803f803f8
03b00337036703b8
03e8040003f003f0
03a003f003e803e0
0377035f033f034f
03980390036f036f
03c803a803a803b0
03c003e803f003e0
0256028703270377
026e027e025e026e
027602b702af026e
00dd013501e6022e
ff23ff43ffa4003c
ff33fefbff03ff1b
fe6afec3fee3ff4b
fe1afdbafe22fe6a
fe52fe52fe4afeab
fe42fe72fe02fe5a
fedbfe6afe42fdfa
feabfeb3fef3fedb
fe6afe32feb3ff33
fef3fe83feebff84
0064ff5bfed3ff1b
025e021e016d0125
028f028f0276027e
029f028f028f0287
02ff02bf02b70297
0367033703270327
0367035f035f0367
03e803f0037f036f
03f8040003f003e8
03f0040003f803f0
039003c003e803e8
03c8035f03070347
03f80400040003f8
03f8040003f803f0
03b80398038803b8
031f032f03670398
03570337033f0337
0337038803980390
0256023e028f02ef
027e02760256024e
024e029702a70266
00f5010d018e01ee
ff63ff5bffa40014
ff5bff1bff13ff3b
fe83ff0bff13ff23
fe7afe6afe7afe3a
fe32fdaafe02fea3
fdc2fddafdc2fe3a
fe02fedbfe52fda2
fecbfeebfebbfe52
ff5bfefbff8cff7b
fe5afe62fecbfef3
0105ff8cfed3fea3
02560206014d010d
027e028f027e0256
02af028702970287
02ff02bf02a702af
0347032f031f031f
033f035f0367035f
03e003c003900367
03e803f003e803e8
03e003f803f803f0
0337037f03c803d0
03d80398031702e7
03f80400040003f8
03f803f003f803f8
03f003e803f003f8
037703c803f803f0
02d702e7036f0388
029702df02ff02ff
026e0256022e0256
025e022e0226024e
026e02cf02ff02bf
012d016d0196020e
ff73ff4bffc4004c
ff2bff0bff13ff63
fe42ff13fe72fedb
fef3fe4afda2fd79
fd9afda2fe0afeab
fe0afe32fe72fe52
fdfaff33fe83fdf2
fee3febbfeb3fdea
005cffbc0004ff7b
fe3afe9bff23ff73
0135fff4ff2bfefb
022601d60125010d
0287028f027e0246
02bf0297029f028f
030f02df02bf02b7
033703470327030f
0327035703670357
03c003a00388035f
03d803d803d803d0
03c003c803d803d0
02ef030f036703a0
03f803c80377032f
03f003f803f803f8
03f00400040003f8
03f803f803f803f8
03b003e804000400
028702df031f035f
0256026e0297029f
025e027e025e0236
02a7022e01fe0226
02c7032703880337
015d019e015d024e
ff8cff840004006c
ff33fed3feebff6b
fe32fe42fe72feab
fe6afd79fe02fe2a
fdd2fe83fe7afe52
fe32fe62fe9bfdfa
fe93ff33fedbfe5a
fee3fe72fe32fe0a
ffacffdc005cff9c
fee3feabff9c004c
006c000cffa4ffcc
01fe01ae011d00f5
027e02760276024e
02d702b7029f028f
030f02e702c702c7
0367035f03270317
030f033f03670367
0388037f036f0337
03c803d003c803b0
037f03a003a803b0
037f030702df032f
03f803c803b803c0
03f803f803f00400
03f80400040003f8
0400040004000400
03c003d803f00400
026e02af02f70377
02df02af026e026e
022e028702b702bf
031f026e021e01fe
02f7035f03d003c8
015d018600e5020e
ff7bff940024009d
ff5bfee3fee3ff53
fe42fe12fedbff33
fe3afdfafe8bfe93
fecbff0bfec3fe6a
fe3affccff63ff1b
ff9cfed3feabfe3a
fe93fe72fe6afec3
fef3ffa40044ff94
fee3fef3ff63001c
007c009d00140004
01ee0196012500f5
028702760266023e
02cf02c702b7028f
031702f702df02df
036f0357032f0327
03070337035f036f
0390036f034f031f
03a003b00390037f
02df033f037f0390
03e803b8032f02c7
03f003e803f803f0
040003f803e803f8
03f0040004000400
040003e803f803f8
03c003e003f003f8
033f031f034f0398
033f034f035f0388
01d6024e02bf0307
03b00307028701f6
02e7036703c803f0
013d018600950186
ff53ff9c001400ad
ff6bfeebff0bff63
fefbfec3ff63ff6b
fea3feabff23ff13
ff1bff23ff6bfed3
fe2aff6bff63ff53
ff1bfe5afe6afdca
fe9bfe8bfdeafe72
fe6afec3ff13fe8b
ffd4005c0064003c
009500cd003cffc4
01ce018e014500dd
028f0287025e021e
02cf02c702b70297
031f030702ef02d7
0367035f0347032f
02ef031f0367036f
037f0357032f0307
037f03880377036f
02c702af031f0357
03f003e803d8035f
03f003d803e003e0
03e803e803e003f8
03f803f003f803f8
040003e804000400
03e803f003f00400
03e003c803b803d0
030f035703a003e0
01e601a6022e02c7
03f00377031702cf
0287035703c003f8
010d010d008d00e5
ff4bff9cffdc0064
ff4bfefbff13ff3b
ff23febbfee3ff33
fda2fdeafebbfeb3
ffacffb400adff7b
fed3febbfe52fe8b
fdc2fe42fe83fe5a
fd9afdaafd49fda2
fed3ff13ff43fe32
016d015d010d006c
007c00b500ed012d
01b601ae014d00ad
028f0287024601e6
02e702bf02af029f
033f031702f702df
0388037f036f0357
02ff0327036f0388
03470327031f02ff
034f035f0367036f
034702bf029f0307
03c803c803c003a8
03d803b803b803b8
03e003e803e003f0
040003f8040003f0
03f803e804000400
040003f803f80400
03d003f003f003f8
026602e703470390
02a701ce016d01de
040003c0034f02ff
01c6033703a803e8
0105017500ed003c
ff63ffa4ffacfff4
fef3ff03fecbff23
fefbfeabfeebfeeb
fd69fdcafe83fe7a
ff2bff73ffd4fed3
fe42fe5afe83fe5a
fe3afebbfe9bfdda
fd71fd8afdaafd79
feebfe3afe02fd8a
020e02060155005c
0054014501b601e6
01ce01ae0125006c
027e026e021601ae
02df02bf02a70297
034f032702ff02ef
03a803980377036f
0307032f036f0390
034f032f031f02ff
0347035f035f0377
030702c7028f0307
0367035703370327
039003880388036f
03c803c803c003b8
03d003b803c803c8
03d003d003d003d8
03c803a803c003b0
03270377038803b8
018601fe026e02b7
02d7029701ce010d
040003e8039002e7
00dd02af037f03d8
0135019e00f5fff4
ff5bffe4ff94fff4
ff63ffccff1bfefb
fed3fea3ff2bff33
fdcafe4afe7afee3
ff0bfff4ff7bfe5a
fdeafe4aff0bff23
ff1bfeabfe22fdaa
fdd2fdeafe6afe5a
feabfe7afdd2fd82
023e01fe015d0095
013d01d6022e0246
01e6017d00ed00d5
0276025601ee01ae
02df02bf0297028f
035f0327030702ef
03c003c003880377
0307032f037f03a8
037f033f032f0307
036f036f035f0398
02e702bf02df0337
02a702af02e702ef
02b702cf02c702cf
02cf02bf02bf02c7
02d702bf02cf02d7
02ff02f702d702c7
02e702ff02ff0307
0256028f02af02c7
01f60236025e021e
0287028f022600fd
03f003f003c80307
002401d6032f03b8
00dd018e00f50024
ff63001cffa4001c
fef3000cff8cfed3
fe1afea3fedbff33
fe3afe2afe22fe22
fe22fe1afe4afe12
fdcafe22feabfeab
ff1bfe1afda2fd31
fecbfe83fedbfef3
fe6afe93fdf2fe12
0266024601860014
01f6020e022e026e
019e0145014501b6
0266022e01ce01de
02df02b70297027e
036f033f031702f7
03c803c003a0037f
0327035f039803c0
039003570337031f
03b00390037703a0
032702e7033f03a8
01b6019e025602e7
01de01de021e022e
02a7021601fe022e
02b7027602af02d7
02cf02d702d702df
029f02df02c702cf
02b702c7028f027e
01d602c7035702cf
025e027602360125
03d803f003d0032f
ff8400cd028f0388
0085014d00a5005c
ff94ffe4ff84002c
fe1afecbfee3feeb
fd61fe22fe62fec3
fdcafd79fd69fd09
fd79fdeafec3fe52
fdd2fdfafe5afe2a
fe62fe4afdf2fd92
ff94fe72fe93fe5a
fe4afe9bfe0afebb
02a7026e016dff8c
0276028702660276
017d01d6023e025e
023e01de01be01c6
02df02b702970276
03770357031702f7
03d803c803a0037f
031f037f03c803e0
03a0037f034f031f
03e803d003b003c8
032702df035703d8
01ee024e02cf0327
02a702a702cf028f
03a002ff02ff031f
03a0036f03a003c0
03b0037f03c003e8
035f03c803c803d8
039803c003c0036f
014d029f03570377
026e02260256015d
03c003e003c80357
feebffec01b6032f
004c00f500fd0034
ff3bffb4ff530004
fd82fe42feb3fedb
fd9afe12fe52fe02
fde2fd61fd41fd59
fd9afe42fedbfe3a
fe52fdc2fe5afeb3
fe42fe83fe83fe93
ffa4fe3afe42fdb2
fec3fe93fe6aff73
027e026600edfe52
029702d702d7027e
022e029702c702c7
0206017501b601e6
02cf02b702970276
0357032f02ff02f7
03d003c00398036f
034f03b803e803e8
03a0037f0357032f
03e803d003d003d8
032702e7036703d0
02c7038803670347
027e01ae0297026e
03a00357032f0307
03d003c803c003b8
03e803b003e803e8
03c003e803f00400
039803b003e803c8
00f50236034f0398
027e01ce022e01be
037703c003c8036f
febbff1300bd0266
000c00ed017d0054
ff33ffbcff63fffc
fdb2fe02fe8bfebb
fddafdfafdeafda2
fd59fdeafd79fdba
fe93fe62fe7afd9a
ff4bff030014ffd4
fe2afdaafe6aff4b
ff23fe32fe6afdda
fe7afe1afdeaff6b
02a7024600b5fe12
02bf02df02f702e7
02c702d702ef02f7
01a6018e021e028f
02bf02b70287022e
034f030f02f702ef
03d003c00398036f
038803d803f003e8
03b0037703370347
03e803e003e003d8
03270307037f03e0
03a003d0036f033f
01b60135024602e7
039802ff02a70297
03c003a003a003a8
03d003b003d003d0
03b803c803e003e8
037f03a803c803c0
00ed014d033f0377
029f01b601e60216
0307039803a80367
fec3fea3ff940186
000400ad014d008d
ff0bffc4ff43000c
fe0afe5afe8bfe9b
fe2afe52fe02fda2
fd82fe22fdf2fd92
feabfe6aff1bfe8b
ff33000400f5ffac
fd71fd9aff03ff84
fe7afde2fe62fdf2
ff1bfdfafe6aff33
02d7022e0064fe0a
02ff031702ef02ef
02ff02f703070307
01d6026602df02ff
02bf0287022e01b6
033f0317030702df
03e803c803880367
03a003e0040003f0
03a8037f034f0367
03f003f803e803d0
032f031703a003f8
03d803b003770367
020e026e02c7036f
036f025e01ce01c6
03b8038803900390
03b803c003c003b8
03b003b803d003c0
0357039003b803c0
01be013502cf032f
02af01c6016d021e
0256034f03980357
fecbfe72fea30064
006400bd018e00a5
feebffacfeeb002c
fe7afeb3fe4afe52
fe0afdb2fe1afdc2
fde2fda2fdfafe3a
fec3feb3fedbfef3
fe8bff84010dffdc
fd71fdfafe9bff03
fe93fde2fdcafd69
fe83fe62fe93fe9b
02b702360034fe2a
03270327030702f7
0327030f0317031f
02c7031703270317
028f023601ee023e
031f02ff02df02af
03f003b8036f033f
03b003f003f803f0
03a8037f0377037f
040003f803d803c0
03370317039003f0
03b003b803a80390
02e702ff035703c0
031702c7028f028f
0398032f032f031f
03b803b803b003a0
0398039803b003c0
032f039003a803a8
0266024e02660246
02af01e6014501e6
012d02b703770357
feebfe83fe62ff5b
0064006c015500dd
fecbff6bfe93ff8c
fe1afeb3fea3fe3a
fe42fef3fe7afdd2
fe22fe3afe42fe62
ff33febbfe93fe4a
fe93fea3ffa4ff8c
fde2fe52fe52ff1b
fdb2fd92fdcafd82
fea3fecbfe72fe42
02cf0236ffdcfe1a
033703270317030f
033f033703270327
0327033f033f033f
027e025602c70317
032f02f702af02af
03e803a803770347
03d8040003f803e8
03a0036f037f0398
03f803e803e003c8
03370317037f03d8
03c003d003d003b0
02ff0337039803c8
02ef02d702d702ff
03980388031702a7
03a8037f037f0377
035f038803b803c0
026e034703a80388
026e02f702ef023e
02b701f601350175
ffcc01de032f0357
ff53fed3fe22fe72
001c004c0135017d
febbfef3fe62feab
fe4afef3fecbfe52
fecbffecfedbfe7a
fde2fe32fe52fdda
fe6afe6afe02fda2
fd92fd49fe83ff03
fe0afe4afe1afe5a
fd49fd9afda2fe02
fea3fe93fef3fe0a
02d70226ff73fe32
033f0337033f031f
0347033f0337033f
0347034f034f034f
02ef03170347034f
033702df027602af
03d80398036f035f
03d803f8040003f0
03980388038803a0
03e003e003f003c8
034f0317037703c0
03d003e003d803b0
034f035703b803c8
02cf0307030f0337
0377034f031702d7
03470367035f032f
034f0337036f034f
02ff02ef030f033f
021602df031f032f
02a701fe012500fd
fe5a007402a70347
ffc4ff33feabfde2
ff94004c00c501ae
fe72fea3fe4afe2a
fe6afefbfeb3fe0a
001c0044febbfe52
fdf2fe72feabff13
fd61fd31fdcafdea
fddafd61fe4afdfa
fe7afdf2fdaafe32
fe1afdbafd69fe42
fe8bfe2afe5afdba
02df01feff53fe6a
03470347033f032f
034f034f0347034f
03670367035f034f
035f035f03670367
02f70276029f032f
03d00390037f034f
03e803f803f003e8
0398039803a003b8
03e003e003e003c0
035f033f037f03b8
03e803f003d803b8
034f03b003d803e8
02d702e702ef030f
02ff031f032702df
02ef032f033f02f7
032f030f032702ff
033f037f03900357
0196028702df032f
02af01ee016d00cd
fda2fef301c60327
0054ff13ff2bfde2
fef30064fff40186
fe5afe9bfe4afe0a
fe4afedbfe2afd61
ffb4fefbfe93fe1a
fe7afe6aff73ffac
fd19fd61fe3afde2
fe9bfdcafda2fd21
fed3fdaafdeafedb
fdd2fdbafd79fe42
fed3fe5afdaafdca
02d701beff13fe8b
034f0347032f0317
035f035703470347
036f0367035f035f
036f036703670367
029702bf034f0377
03b80377036f0327
03f003f003e003e0
03900388039803c8
03d803e803c803b0
0388035f037f03b0
03e803e803d803c8
03b003c803c803d8
02df02ff030f0347
033f0327030f02e7
035f033f0347032f
034703880398035f
02ef0347037f034f
0135021e029702cf
02a701ee01b60125
fd79fdfa00440297
00a5feb3fea3fd9a
fea30034001c0175
fdfafe8bfe32fe1a
fe42fe62fe5afd41
fed3fdeafe32fe02
feabfddafde2fe1a
fdfafe62feb3fedb
fe93fe72fdd2fdd2
ff0bfe42fe7afe8b
fd71fdd2fe2afe72
fecbff0bfe2afdda
02d7015dfeb3fe5a
033f032f031f0327
036703570357033f
0377036703670367
036f03670367036f
02b70357037f0377
03a0036f034f02df
03f003f003d003c8
0388039003a803d8
03b803c803c003a0
0390036f038803a0
03f003f003d803b0
03c803d803d003e8
02c70317037f03c0
036702e702ef02df
033f0357033f035f
02ff03570367034f
02a702d7030f02ff
014d0196022e027e
028f01de01ae0165
fddafdfaff6301e6
0155feb3fdc2fd59
fea3ffe4009500c5
fdeafe2afd9afe22
fe93fec3fedbfdda
fe2afd92fdfafe12
fe93fe42fd82fdaa
feebfebbfe62fe32
fea3fe83fdf2fe93
fe2afe6afe83fe72
fd59fdaafe42fe7a
fdcafe52fe42fdca
02b7013dff1bfebb
0357033f03370317
0367035f036f0367
036f0367036f0377
036f0367036f036f
0337037f037f037f
036f033f02ff02c7
03e803f003d803a0
0388039003b803d8
03b803c003c003a0
03770377039003a8
03e803e803e003a0
03c003d003e003f0
034703a803d003b8
02cf02d702ef0317
030f0327031702f7
02bf02d702df0307
024e028702b702cf
01a601ce01f6021e
023601de01be017d
fdcafecb010501ee
01e6ff2bfde2fd82
fe7aff4300b5006c
fe6afe4afda2fdf2
fe6afe83feabfe62
fd92fd41fddafdc2
fe83ff43fe6afdba
feebfe6afdfafdaa
fed3fe93fe83ff0b
fdeafe62fedbfe7a
fe9bfe6afddafe52
fe3afe83fe22fde2
028f0115ffdcfee3
03670347034f030f
036f035f0367036f
0377036f036f0377
036f036f03670367
03570377037f0377
033702f702af02f7
03d003d803d0037f
036f037f03a803c8
03b803b803b00377
0377038803b803b8
03d803d803e003c8
03c803d003d003d8
03d003c803b803b0
03170337037f03b8
02df02d702cf02ff
02a70297029702c7
025e0256027e02c7
01be020e02460256
01fe01d601de01b6
fecb00cd022e0266
018e003cfdfafde2
ff13ff3300ad00a5
fe7afdf2fd49fdc2
fe2afdd2fdfafe52
fdcafd8afdcafdfa
fe32fe2afe0afde2
fee3fe7afe6afe93
fe52fe4afecbff23
fe0afe52fe5afe32
ff13fe4afe22fe8b
fdeafe52feb3fecb
0266009dff84ff3b
0367033f033702ff
037f03770367036f
0367036f0377037f
03770367035f0367
0367037f03770377
02f7029702870327
03c003c003b0035f
0367039003b003c0
03b803900367034f
03a8039803c803c8
03c803d803f003e8
03c003c803c003c0
03c003a003a803b8
03b003a803b003c8
02f702ff0317036f
02a7028f028f02b7
02a7028702760297
01fe0216025e0297
022e01a601f601fe
00dd0206029702cf
01650135fe2afec3
fe2afeeb0014011d
fe32fdd2fd29fd21
fdd2fdeafdb2fdba
fd21fd59fd59fdc2
fdfafd41fd51fd8a
ff2bfdd2fdcafe42
fd92fe52ff4bff9c
fe8bfe22fe5afe52
ff7bfedbfe3afe42
fe3afe1afe4afe6a
01eeffdcff03ff8c
035f0337031f02f7
037f0377036f036f
03670367037f0377
0377036f0367035f
0388039003880390
02b7029f02df0357
03b003a8036f0317
037703a003a003b0
03a0035f032f0347
03c003a803b803c0
03c803d803e003d8
03a803c003c803c0
03c003a803a803b0
03a0039803a803b0
031f034703570377
02cf02b702d702e7
02c702bf02c702b7
023e025e029702b7
02af01a60226023e
01f6028f02f7032f
016501f6ff63009d
fddafe3aff940105
fe62fe0afda2fd41
fd29fd69fd82fdf2
fd92fdf2fdfafdba
fd69fce9fe1afe83
fe32fe3afe22fd49
fee3ff73ff53fefb
fe8bfd8afe3afecb
000cff2bfe8bfe9b
fdaafd69fdcaff23
00a5ff63ff5bff4b
034f033f0327028f
0388037703770367
0367036f037f037f
0388037f036f0367
03a0039803880388
030f034f036f0388
0357034702f702ef
03900398037f0377
0367031703270367
03b803c003b80398
03f003e803d803c0
03a803b803c803e0
03c803c003c003c0
03a803c003d003c0
033f0377039003a0
02ef0307031f0327
030f02f702ff02e7
027e029702cf02f7
032f01ee023e0287
029703070337035f
015501e6010d01ce
fd59fdcafe62004c
fe6afe32fddafd69
fcc9fd61fdbafe1a
fdd2fddafde2fd51
fd29fd09fe22fdda
fdc2fd82fd9afd19
fefbff1bff6bfed3
fddafd79fe0afea3
ff6bfea3fe9bfef3
fdb2fde2fe42ff03
fee3fee3ff4bff6b
034f034f031f0175
0390037f0367035f
036f036f03880388
0388037f036f036f
03a0039803900388
03880390039003a0
02e702d703170357
036703570357033f
031f02df033f036f
03b803d003b8037f
040003f003c803a8
03c803b803e003f8
03e003d803e003e8
03e003f003e803d8
037f03b003c803d8
034f03570357035f
0367034f0357034f
02bf02cf02f7032f
035f024e022602b7
02ef0347035f036f
0135019e0196021e
fe1afe12fddaff33
fe1afde2fdcafdd2
fd61fdf2fdcafdfa
fe3afda2fd51fd8a
fd29fd39fdcafdba
fd09fcf9fd9afd82
fdaafe52fe32fde2
fd79fd9afde2fde2
ff33febbff1bfebb
fe62fe3afebbfeb3
fe52fe7aff13ffd4
0347033f025effc4
03900388036f035f
037f037f03880388
037f037f037f037f
03a8039803900388
039803a003a003a8
02b7032703880390
03370337032f0307
02c702ef034f0357
03c803c003980337
03f803e803d003c0
03e003e003f003f8
03d803e003e803e8
03e003e803d803d8
03a803d803f003e8
03b803b803a003a0
039003a803a003a8
02d702e7031f0347
035f026e020e02b7
0327035f03770377
00fd01d601ae021e
fe0afd8afd8afe83
fdaafd71fd51fde2
fdcafdd2fd71fd92
fdeafd92fdd2fdfa
fce9fd19fd8afdca
fd61fd82fde2fda2
fcf1fe12fddafdaa
fd8afdd2fe83fdb2
fefbfebbfefbfea3
fe2afe22fea3fedb
fed3feb3fec3ffd4
035702cf00e5fecb
037f037f037f0377
037f039003900388
036f0377037f037f
03a803980390037f
03a003b003b003b0
02e7038803a003a0
030f02f702cf028f
02af0337035f032f
03b00390035702cf
03f003e803c803c0
03e803f003f803f8
03f803e803c003c8
03e003e803f003f0
03d803f003e803f0
03e803e003e003e8
037f03a803a803d0
02cf02f7032f0357
034f02c7021e02a7
03070367036f0367
018e01ee01fe01e6
fdc2fd59fdeaffdc
fdf2fd59fd21fda2
fd92fdaafd39fd59
fd21fd01fdf2fdd2
fd39fcf9fd19fdca
fe12fe6afebbfe1a
fd51fe1afdcafdc2
fd82fdf2fecbfdb2
ff3bfedbfeebfe02
fe42fe4afe7affe4
ffacff7bfeab0024
032701c6ffd4fea3
0377036f03770367
0390039803900388
036f037703880388
03980390037f0377
03a803a803a803a0
038803c003a803a8
02c702bf027e0297
0317035f033702e7
03a0035f02e70287
03d003d803c003b0
03f80400040003f0
03e803e003e003e8
03f80400040003f0
03f803f003e803e8
03e003e003e003f0
038803b803a803c0
02b702df0307033f
032702df0206027e
02d70367036f034f
020601e6023e01ce
fd8afdcaff6b017d
fe42fd29fd19fd79
fdcafda2fd49fd9a
fd19fd29fdaafd69
fd71fd01fcf9fd39
fe8bff03fee3fe5a
fda2fd92fd11fd92
fe52feabfe83fe0a
feb3fea3fe22fe2a
fea3fecbfeb3ffa4
0054008d005c0135
025600bdffacfeeb
0377036f0377034f
0390039803980388
0377037f03900398
038803770377036f
03a003a003900388
03c003b803b803a8
028f026e0256033f
033f032702cf0297
037702ff027e02d7
03d003c803b803a0
03f803f803f003e0
03f003f004000400
0400040003f003e8
0400040003f80400
03c803e803f003f0
039003d003d003c0
02af02f703170347
02ff02e702260256
028703570367033f
02870226023e021e
fd8aff330165022e
fd09fd01fd49fd39
fd92fd51fd21fd01
fd41fd09fd41fd11
fdbafd92fd61fd71
ff94febbfe5afdf2
fe5afe6afddafeb3
fdeafe62fe3afe3a
fdd2fe3afea3fdea
ff7bff5bfe5afe93
009d0155015500dd
0105001cff43ff13
036f036f035f02a7
03a003a80398037f
037f039003980398
037f036f03770377
03a003980388037f
03b803b003b803b0
029f025e02c70390
030f02a70276028f
02ef027e02af032f
03d003c003880347
03e803e803d003d0
03f0040003f80400
0400040003f003e8
03f003f803f80400
03b003c803e803f8
038803d003e003c0
029702ef03270347
02ef02ef02660236
020e030f032f030f
02f702af01e6026e
feb3011d022e029f
fd09fd51fdbafd61
fd61fd59fd19fd49
fd49fd39fd59fd01
fd51fd19fda2fdda
fe9bfeabfe22fdda
fd71fdb2fe3afecb
fd69fddafe02fd8a
fd82febbfe9bfde2
ffa4ff7bfe1afdc2
0095014500edffe4
ff8cff53ff3bff1b
036f035702c700b5
03a003a00388037f
037f039003900398
037f03770377037f
0398039003880388
03b003a003a803a8
0297029f036703b0
02af0276029702c7
0266028f030f0307
03a0036f032f02cf
03e003d803b803b8
03f00400040003f8
03f003e803f803f8
03e803f803f803f8
03c803d003e803f0
036f03b003e003e0
026e02cf030f033f
02df02f702b70216
0216028f02e702df
03370327023e0256
00d5022e02b70307
fd21fd59fd82fe5a
fda2fd9afd41fd51
fdf2fdfafda2fd59
fd49fd51fdf2fdba
fe62fe72fdcafdb2
fd61fdaafe1afe93
fdd2fd21fd61fd59
fd8afe8bfe8bfe4a
fed3fef3fea3fe72
fffc008dffc4ff7b
ffd4ff73006cffd4
036702ef010dffc4
03900388037f0377
037f038803880388
037f036f036f037f
0388037f03900388
03a003a003a00390
029f035703a803b0
02af02df02cf028f
027602e702ef0297
035f030702bf024e
03e803d803b00388
03f00400040003f8
03f003f0040003f8
03f003f803f003e8
03e003e003f803f8
0367039003c003e0
021e02a702ef0337
02c702e702e7023e
022e01f6028f02c7
0357036f02d70236
0206029702f70337
fd31fddafe42005c
fdfafe12fd82fd41
fe0afe32fdfafe3a
fdfafe5afedbfe6a
fe2afe42fddafd9a
fe2afe83fe3afe2a
fe22fd51fdaafdb2
fdaafe1afe72fe4a
fe32fe83ff23fe62
0034ff4bffa4ffc4
013d014501ae014d
02ef0125ff730085
037f036f036f0357
0388037f03880388
036f036f037f0388
036f036f037f0377
03a0039803900377
035f03b003a80398
030f030702af02c7
02cf02d7029702af
02e70287023e0256
03c803a8036f033f
03f8040003f803d8
03f8040004000400
03f803f803f003f0
03b003d803e003f8
03770388039003a0
01ee024e02bf033f
02df02f702ff02bf
023601e6023602af
03670377034f0246
028f02ef0337034f
fd51fe5a001c01e6
fe5afdbafd29fd11
fdfafe12fe42feb3
fe8bfecbfefbfeeb
fe12fe1afdb2fdca
fe0afe0afe42fdb2
fd82fd8afd82fdda
fdeafde2fe1afdba
fe4aff23ff63fed3
0165fff4ffdc0074
019e01e602160216
0155ff4bff5b00f5
036f0357034702f7
038803900390037f
0377038803900388
036703670367036f
0390038803770367
03a803a003900377
02e702bf02e7036f
02c702a702d702ff
024e0206025e02bf
0388036f031702bf
03f803e803d803b8
0400040004000400
03f80400040003f8
039003c003d803e0
0357035f0367036f
026e022e0287030f
02f7030703070307
020e0216021e02af
0367037f036f02a7
02c7032f034f035f
fdfaffc4019e025e
fe0afd49fd71fd82
fe1afdd2fd51fe1a
fe8bff73ffa4feeb
fdcafd79fd9afe0a
fdeafd9afe22fdca
fde2fde2fe02fd92
fd92fe32fdeafd82
fd9afee3fffcff1b
01960014ff9c007c
01ae01a601e601de
ffb4ff1bffe40145
0357033f02d70175
037f037f03880388
036f038803980398
036703670367036f
0388037703770367
039003900388037f
02cf02ef03670398
02b702ff031702ef
01ee024e02b702af
034f030f029f021e
03f003c00390036f
03f8040003f003f0
03d803f003f003f8
036f039003b003c0
031f0327034f035f
02f70266022602a7
03070327031f0317
01ee021601ee0276
03670367035f030f
03070357035f036f
ff43016d024e02b7
fd39fdc2fdb2fdaa
fe52fdf2fd39fd8a
feabff03ff94fec3
fdcafe2afe5afe62
fe1afdf2fe1afd82
fe3afd92fdbafdd2
fdf2fd61fd69fdea
feebff4bffccff7b
013dfff4ff7bff94
00d5007400ed01ce
ff7bff9c00cd010d
034f02e7013dff5b
0377036f0367036f
0367037f037f037f
035f035f036f036f
0377036f03770377
037f0377037f0377
02ff036703980390
02ff030f02ef02e7
024e02a702b702b7
02df024e01ce01be
0398036f03470307
03c803d003c003c0
03a803b803c803d0
032f033f0357037f
02a702ef031f033f
031f02ff022e0226
0307032f0327031f
024e01e601d60226
036f036f0377033f
034703670367036f
00d5021602af0317
fd61fe83fdfafe83
fd9afd9afdaafd49
fe3afdb2fe52fe42
fd92fdc2fe12fe8b
febbfe4afdd2fdf2
fd9afdaafe93fea3
fdeafd82fd8afd31
feb3feabfe32fe8b
00b5ffc40004ffdc
0105012500cd01fe
ff9c00950105007c
02e7014dfed3fe93
036f035f0357033f
0367036f03880377
035f0367036f036f
035f035f03670367
036f035f035f0357
036703a00388037f
030f02ef02c702f7
029f02af02c702e7
01f6019e01c60246
0337031f02e70287
03a003a0037f035f
035f037f03b003b8
02ef02ff030f033f
0206026602af02ef
0327031f02c7021e
02d7033f033f031f
029701ee01fe024e
038803770367034f
0357035f03670377
01d6027602ff0347
fd8afefbfedb0044
fdbafdb2fd51fd31
fe32fd71fd29fd61
fdcafd31fd9afe3a
ff63fe0afe8bff03
fd69fd92fe1afebb
fd51fd21fd31fd19
fe4afdfafdcafdba
00b5ffac00bd0064
0095008d00c501ee
ffd4012501250125
015dff23fe9bfe93
0357033f032702bf
036f03670367035f
035f0367036f0377
034f03570357034f
036f036f034f034f
03980388037f036f
02df02cf02ef0367
02bf02bf02df02ef
0196021e027e02a7
02df028f021e019e
032f0337031702ff
0327033f034f0347
0287029f02bf02ef
022601ae01fe026e
032f0327030f02df
02df033f033f031f
02e701fe01fe0297
0388036f0377035f
03670357035f037f
025e02b7032f0367
fdeafe52ff8c019e
fe32fd82fd09fd19
fdfafd61fdbafe4a
fda2fd51fdbafdaa
feabfdaafdfafe1a
fdf2fd8afdf2fe52
fd82fcd1fddafe1a
fdf2fd79fdb2fd49
0145fff401650095
003400ad00fd01e6
ffac011d00dd013d
ff03fedbffa4fedb
032f030702a70125
0367035f034f0337
035f035f036f036f
034703470357035f
0367036703570347
036f0367035f035f
02bf02ff035f0377
02c702df02d702bf
025602a702bf02b7
01ee018e018601de
029f028f0266023e
0276029f02b702b7
01ae01de020e024e
0327023601450155
033703370317033f
02ff0347034f032f
030f022601e6029f
037f037703770357
0367036703770390
028f02df03270357
fddaff430145023e
fd61fd01fce1fcf9
fcf9fd69fd59fd59
fdc2fd49fdc2fd51
fd49fdcaff23fe7a
fe22fdbafde2fd82
fd51fd71fe1afe12
fe4afdc2fd59fdb2
01ee00b5014d005c
ffec00f501450216
fefb00c500f500e5
fe4affb4ffd4fed3
030702b7011dfeab
03670347032f031f
0367035f0367036f
033f034f0357035f
0357034f034f0337
03570357034f0357
0307035f0377036f
02c702c702af02af
0297029f029f02a7
016d01d6023e026e
0196018e015d0155
018601ae01be01b6
00bd004c00ed0155
035f034702bf01a6
0367033f032f034f
03270347034f0357
0327029701fe0276
0388037703670347
035f0367038803a0
02af02ff033f0347
fef300d50216027e
fd41fcd1fd01fdc2
fd11fd79fd19fce9
fe83fe7afe12fd79
fd71fe8bff63ff1b
fd49fd21fd41fce9
fe4afebbfe62fdea
fe3afd71fd49fdba
01b600a5004c0054
003c015d018e0216
ff9400fd00ad00c5
feb3ffd4003cff2b
028f010dfec3fe0a
0347032702ff02e7
0367035f035f0367
0347035f035f0367
032f033f033f0337
035f0347033f032f
0367037703670367
0297028f02a7031f
0256026602870297
021e022e022e024e
012d018e01c601fe
009d00cd00fd0105
02a7015d006c0054
037703670377035f
0377034f0367036f
033f0347034f0367
034702df020e024e
037f036f035f034f
033f036703770377
02e7032f0347033f
003c01ce026602af
fd31fcf1fe32ff73
fd79fdb2fcf1fd31
fe9bfe12fdc2fdb2
fd9afe62fecbfea3
fce1fcd9fcc9fd01
fdf2fe2afdfafd41
fdbafdc2fd31fdc2
00adffd4000c003c
012500cd016d0196
006c0175000c012d
fecbff94008dff3b
010dfec3fdfafe62
0327030702cf027e
035f03470347033f
0347035703670367
031f032f031f0327
034f033703270317
0377036f0357034f
026602c703270367
0216023602560256
01de01e601f601fe
01a601ce01de01e6
010500e5010d014d
035f034702a7012d
0377036f036f036f
0367035f037f037f
03070357034f034f
03570337024e0236
036f036f035f0357
034703570357034f
030f031f033f032f
01650226028702df
fd41fdfaff2b0095
fcf1fcb1fcc1fd21
ff0bfd79fddafda2
fe62fe7afe12fe83
fcf9fce1fd11fdba
fd79fdfafe12fd29
fddafda2fd49fdda
fc70fc60fc48fc40
fc70fc70fc89fca1
fd11fcd1fcb1fc99
ff33fe93fdd2fd41
009d0074000cffc4
ff53ff9c00140095
fef3ff0bff2bff53
feb3fed3fee3fedb
ff94ff33febbfebb
ffdc0014004c0014
ffe4ffccffe4fffc
ffc4ff8cff73ffbc
002cffbcffd4ffa4
ff03fe8bff330064
fe5aff23ffbcff8c
fd9afe12fe0afdfa
fec3fedbfee3fe2a
ff73ff4bff2bfeeb
ff43ff73ff8cff84
fe72fe8bfe9bfec3
fe6afecbfe93fe62
fd09fd39fd49fdaa
fc68fc91fcd9fd11
fdaafd82fc91fc81
fcd1fc99fcb1fd11
fea3fe72fdbafd01
ff73ff7bff6bff33
ff7bff7bff73ff6b
ff84ff7bff84ff7b
ff8cff9cff7bff6b
ff84ff84ff7bff7b
fee3ff33ff7bff84
fc99fcb1fc91fc50
fc68fc70fc60fc50
fd29fcd1fcb1fc89
ffacff23fe72fda2
000c0014003c002c
ff7bffb4ffccffe4
ff5bff4bff33ff53
ff53fec3fe72fec3
00ad00740014ffbc
00040034003c0064
ffbcffb4ffccffe4
0014ffc4ff8cff9c
00b5007cffa4ffd4
fdf2fe0afee3ffbc
fe62feebfeebfe42
fe0afe4afe52fe4a
ff03fee3feabfe52
ff6bfefbff33ff03
ff7bff7bff5bff73
fe42fe5afe83ff13
fe3afe9bfebbfec3
fd29fd69fd39fd82
fc68fc89fc89fcd9
fd61fd8afcb1fc68
fce1fcc9fce1fcb9
fe93fe32fd92fd09
ff73ff7bff73ff33
ff84ff84ff7bff6b
ff7bff73ff84ff84
ff73ff9cff8cff73
ff84ff7bff7bff7b
fe6afedbff5bff73
fc58fc58fc50fc58
fcc1fcb1fc68fc68
fe12fd71fcd1fcb1
0024ffecff63feb3
ffbcffd4fffc0034
ff6bffa4ffb4ffb4
fef3ff13ff4bff3b
005c001cff94ff1b
00bd00a50085008d
003c000c00140064
ff1bff5bffacfffc
ff84ffbcffbcff5b
ffcc00a5001cff63
fd71fdc2fe4aff3b
fe5afe7afe42fdca
fe93fe9bfe8bfe7a
ff53fedbfec3fea3
ff73fedbfedbfeeb
ff73ff7bff63ff53
fea3fe93fed3ff4b
fea3fe8bfe7afec3
fd01fd19fd39fe0a
fc81fca1fc99fcd1
fcf1fdb2fcc1fc68
fd19fcd9fc91fc78
fe7afe1afd9afd11
ff84ff73ff6bff1b
ff7bff7bff73ff73
ff7bff7bff7bff7b
ff6bff84ff94ff7b
ff5bff63ff73ff7b
fe32fe83fedbff23
fc99fc40fc38fc50
fcf1fcb1fc81fcb1
ff33fe6afddafd49
0004001c001cffc4
ff53ff4bff84ffcc
ff33fefbfefbfefb
0004ffc4ff84ff4b
00ad00dd00ed0095
0064007c00640085
fff4003cfffc000c
ff73ff7bffa4ff9c
ff9cff2bffa4ffc4
ff3b001400950034
fd69fdfafe32fea3
fea3fe6afd9afd51
fefbfe93fe12fe52
fedbfedbff0bfecb
ff7bff23fee3febb
ff73ff94ff6bff43
fecbfe8bfedbff13
fecbfe7afeb3fedb
fd61fda2fd9afe3a
fc99fca9fce9fd49
fca9fdaafce9fc68
fcf9fc81fc78fc68
fe6afe2afe02fd51
ff7bff6bff5bff0b
ff7bff7bff7bff7b
ff7bff84ff73ff7b
ff6bff73ff94ff84
ff2bff5bff6bff73
fe3afde2fe2afeb3
fcc9fcb9fc89fc68
fd82fd29fcf9fcd1
001cffc4feb3fe02
ff8cff53ff94001c
fe83febbfeebff73
ff33ff4bff0bfeab
00ed00c5006cffbc
007c00bd010d011d
000c002c005c005c
ffacffdc0014001c
002cffdc002cffd4
005cff84ff43ffbc
fedbffbc006c009d
fdf2fe5afe93fe5a
fe8bfdaafd59fdaa
fe4afe22fe4afecb
feb3fea3fe8bfe62
ff5bff43fee3fe93
ff84ffa4ff84ff3b
fed3fecbff2bff3b
fe8bfe83febbfed3
fd51fd9afd49fdea
fcc1fcf1fd31fd61
fc89fdb2fd61fc91
fca9fc78fc70fc68
fe6afe5afe42fd19
ff63ff5bff53ff03
ff73ff8cff8cff73
ff84ff7bff6bff7b
ff63ff63ff7bffa4
febbff23ff5bff6b
fe0afd8afdbafe32
fcc1fcb9fcb1fcc1
fe22fdd2fd69fd09
00240024ffc4fef3
ff5bff84ff6bffb4
fe93fe9bfe83fedb
0034ffe4ff8cff2b
010d011d00e5008d
005c004c00ad0105
0054006c00740064
0004ffacffd4007c
ffecffd4000c0064
00d50095ffc4ff7b
fe6affa4000400b5
fe62fe72fea3fe52
fdbafdbafe0afe62
fe22fe72feb3fe4a
fe52fe12fde2fdda
fe83febbfea3fe7a
ffe4ff53fee3fe72
ff4bff2bff63ffe4
ff0bff33ff1bff33
fcf1fd51fd69fe62
fd21fd39fd41fd29
fc89fd71fe52fcf9
fca9fc78fc70fc78
feb3fe32fdaafd01
ff63ff63ff63ff2b
ff73ff8cff73ff63
ff8cff6bff6bff73
ff63ff6bff6bff94
fe52fed3ff43ff6b
fe8bfda2fd79fdd2
fd79fd09fd01fce9
ff33fe52fdc2fdb2
ffbc0004fff4ffb4
fef3ff2bff94ff9c
ff5bfed3fe9bfecb
00ad006c0024ffd4
011d012d010d00e5
00ad00ad007c00e5
00540054007c008d
0064000cffc40014
ffac0024ffe4002c
010d00fd006cff9c
feabff73ffd40054
fe52fe5afe93feab
fdf2fe2afe52fe62
fe32fe32fdb2fd8a
fdbafdc2fdc2fde2
fe0afdeafde2fde2
fea3fe62fe42fe32
ff84ff33ff2bff0b
ff7bffccffecffbc
fdc2fe83fe93ff63
fd82fd69fd71fd39
fc81fce1fe9bfdfa
fcb1fc89fc78fc70
fe83fdf2fdb2fd31
ff73ff8cff7bff13
ff7bff7bff73ff73
ff84ff6bff63ff73
ff6bff6bff6bff73
fdf2fe9bff33ff63
ff03fde2fd69fd9a
fd79fd82fd59fd11
fff4ff84fe9bfdda
ffe4ffcc000c001c
febbff0bff63ffc4
fffcff9cfef3fe8b
011d00e500bd0074
00e5011501250115
00e5011d010500f5
0054005c0085009d
00850074ffdcffbc
ff9cffc40044fffc
00e5010500a50004
fe93fefbffc40014
fe72fe8bfed3feab
fe52fe93fe93feab
fe32fe1afe0afe22
fdcafdd2fddafdf2
fe4afe1afde2fdca
fe02fdaafdbafe42
ff3bfec3fe8bfe42
ff73ff7bff73ff84
fe93ff33ff3bff53
fd92fd82fdcafe2a
fc78fc99fdeafecb
fcc9fc81fc78fc68
fe83fdfafd71fd79
ff7bff73ff53fef3
ff7bff84ff8cff84
ff63ff6bff7bff94
ff73ff6bff63ff63
fdbafe62feebff4b
ff2bfe1afd79fd79
fd82fd19fd01fd31
000cffccff4bfe52
ffdc002c001c0014
fe93feb3ff23ff94
008d000cffa4fefb
011d01350125010d
00bd00ed010d010d
00cd010d011d00ed
ffdc0074006c00b5
004c00ad0034ffa4
0014ff73ffb4005c
009d010500f5007c
febbfebbffdcfffc
fef3fea3fedbfe72
fe8bfee3ff1bff23
fdbafe32fe4afe52
fe1afe02fdc2fd92
fe4afe6afe1afdfa
fdeafdc2fdcafe22
ff53ff03fe72fe22
ff9cff8cff53ff5b
fe62fee3ff3bff6b
fe8bfe4afe3afe3a
fca1fce1fdcaff53
fd09fc91fc81fc91
fe7afdf2fd31fd8a
ff63ff5bff43fef3
ff63ff6bff6bff6b
ff6bff7bff84ff7b
ff63ff63ff5bff63
fdaafe32fec3ff33
ff1bfe6afd71fd69
fe22fd79fcf9fce9
fff4fffcffacff33
ff9cffc40024002c
fecbfe4afedbff6b
015500b50004ff63
00f5010d0135014d
00b500e500ed00cd
00ad00d5011d00f5
ff730014006c002c
008500440095001c
007cffe4ff3b0004
003400d500c500dd
fec3fed3ffac0034
fefbfe6afe72fe22
fedbff73ff53ff2b
fdb2fe3afe62febb
fe2afe0afdd2fd82
fe62fe62febbfe93
fdc2fd61fda2fe0a
ff3bfeb3feb3fe7a
ff23ff03ff23ff53
fea3ff43ffb4ff8c
ff1bfe22fe2afe8b
fd19fdaafe02fed3
fd31fcd9fce9fd21
fe6afdf2fd29fd21
ff63ff5bff4bfeeb
ff5bff53ff63ff63
ff84ff7bff6bff6b
ff53ff5bff63ff6b
fd8afdfafeabff33
fee3fe52fd61fd61
ff33fe52fd92fd19
fffcffccffd4ff9c
ff53ff9cffd40034
ff53fedbfe8bfed3
0155012d00adffe4
00d5011500fd012d
00d500ad00d500bd
ffe400ad00ed0115
000cff94003c001c
005c006c006400ad
00cd005cffd4ff94
0004008500a50095
fe7aff0bff43001c
fee3fe8bfe52fe5a
fecbfecbfee3ff33
fe02fe72feabfe93
ff4bfeb3fe52fe02
fe8bfe3afe8bff23
fe52fddafe4afe6a
fe72fe3afebbfed3
ff0bff4bff94ff23
ffdcffbcffb4ff3b
ff63fe9bfeb3ff03
fcd9fda2fdcafe7a
fd21fd49fd29fcf1
fe62fdfafd29fcd9
ff53ff53ff4bfedb
ff63ff5bff5bff53
ff7bff4bff5bff5b
ff53ff63ff73ff8c
fd69fdbafe5afefb
fedbfe0afd61fd59
ff8cff1bfe42fdca
0064ffecffc4ffac
fee3ff5bffac0004
0004ff7bff13febb
010501350115007c
00cd00f5010d00e5
01450105011500e5
0014fffc00ad00dd
005c000400040085
ff7b008d00640064
00bd0074007cffdc
0004004400b5009d
fe12feebff43ffbc
fecbfe6afe5afe42
fe42fe93fecbfefb
fe1afe12fe2afe42
ff73ff6bff03fe62
ff33ff0bfea3fedb
fdcafe3afe6aff03
fe83fe83fe93fe0a
ff4bffccff94fef3
ff43feebff2bff23
ff3bffa4ff84ffcc
fd21fde2fdf2fe2a
fd41fd09fcb9fca9
fe62fdfafd21fcf1
ff53ff53ff3bfed3
ff63ff5bff53ff5b
ff63ff53ff5bff63
ff3bff6bff84ff6b
fd61fd82fe02feab
feb3fdd2fd51fd59
ffbcff33feabfe52
0034006c002cfff4
fefbff13ff63ffac
00adfffcff73ff0b
00fd010d013500f5
00fd00ed00e50105
010501650165012d
006cfffc00440095
00640034ffc40034
0014ffcc0095003c
00950074008500b5
0004fffc008d00bd
fe02fe8bff3bffa4
fedbfe93fe83fe93
fe12fe32fe8bfed3
feb3fe62fe32fe6a
ff2bff7bff63ff23
ff73ff73ff13fef3
fda2fe1afe83fed3
fe22fe42fe3afdfa
ffbcffccfefbfe52
ff03ff43fee3ff23
ffacffd4ff9cff1b
fdaafe1afe6afe93
fcf1fcb1fce9fcf9
fe5afde2fd19fd51
ff53ff43ff33fedb
ff63ff53ff4bff4b
ff53ff4bff4bff53
ff23ff63ff5bff43
fd61fd69fdd2fe8b
febbfdcafd69fd79
ffd4ff8cff33febb
fff4002c0074003c
ff23fef3ff43ff84
00e5009d001cff94
012d013d010d011d
0135010d010d00dd
00c50115017d015d
0034003400140064
004400850014ffdc
00dd008d0085008d
009d00dd008d00a5
001c000c004400a5
fec3fe8bfec3ff23
fecbff1bff2bff33
fe7afe2afe1afe4a
ff9cff43fef3fec3
ff23ff3bff8cffc4
ff4bff7bff53ff4b
fddafdd2fe72fed3
fe22fe12fe0afe22
fffcff94feabfe42
ff33fedbff0bffcc
ff730004ff63fee3
fe42fe62fe62fef3
fcb9fcb1fd09fd79
fe42fdcafd21fd39
ff4bff3bff2bfecb
ff5bff53ff4bff43
ff4bff43ff4bff4b
fefbff43ff53ff4b
fd49fd71fdcafe72
feabfd9afd49fd41
002c0004ffb4ff1b
ffb4fff40034004c
ff94ff8cff4bff8c
010d00c500950024
00f50135012d00f5
0196016d01350115
008d00b501350186
002400640034002c
00a5006400740024
006c009d00bd00cd
00ed011500ed0064
ffac005c003c00cd
ff2bfe72fe52fe93
ff0bff1bff23ff4b
ff2bfebbfe7afe6a
001cffecff94ff7b
ff3bff33ff73ffcc
ff8cffd4ff6bff63
fe62febbfeebff43
fdeafddafde2fe12
ff8cfedbfe7afe42
ff5bffb40095003c
ff7b0054ff5bff6b
fe7afebbff3bff33
fcb1fd01fd61fd8a
fe4afddafd29fce9
ff43ff43ff1bfec3
ff53ff4bff43ff3b
ff4bff43ff4bff4b
feebff3bff43ff4b
fd49fd61fdcafe72
febbfd79fd41fd41
005400440004ff9c
ff9cffbc00340054
0034ffccff8cff33
00e5010500cd00a5
010500f500fd00e5
01c601ce019e0135
0044008d0105016d
003c004c0085004c
00dd0095007c0085
00a500a500bd00b5
011d0135014d00ed
ff2b004c006c009d
ff53feebfe52fe62
ff1bff4bfed3ff1b
ffd4ff84ff43ff0b
0024004cfff4ffec
ff8cff9cff73ffec
fffc0014ffa4ff7b
ff1bffcc001cffbc
fd8afd71fdbafe52
ff1bfeb3fe7afdfa
ff6b009d008dffcc
ffacfffc0004ffbc
feb3ff23ff84ff94
fd09fd59fd11fd49
fe4afddafd61fcf1
ff3bff33ff13febb
ff43ff43ff43ff3b
ff43ff43ff4bff4b
ff03ff43ff43ff43
fd39fd59fdd2fe72
fe72fd61fd41fd31
009d0054002cffbc
ff6bff9cffcc0074
00ad002cff7bff84
00cd00d5012500c5
011d00dd00f500d5
017d01b601de01ae
005c00bd0105015d
00850054008d0095
00ed00e500ad00a5
012500ed009d00b5
010d013d012d0145
fea3fff400c50085
ff5bff94ff3bfe7a
ff33ffa4ff7bff3b
0014ffecffecff84
0044005c00640024
ffb4ff9cffa4ffd4
0024007c000cffc4
00140074006cfff4
fd9afdbafe52ff4b
fef3fe93fe4afdf2
000c009d003cff73
ff03ff73ffecff73
ff0bff73ff8cffb4
fd92fcf9fcc1fdfa
fe42fdc2fd61fd39
ff33ff2bff03feab
ff43ff4bff43ff33
ff43ff43ff4bff53
ff0bff43ff43ff3b
fd29fd59fdd2fe7a
fe42fd9afd41fd29
0085008d00240014
ffccff94ffb4ffec
009d007c0034ff73
009d00b5010d0135
019600fd00e50105
015d0175018e01a6
009d009500ad00fd
00bd006c005c00ad
00f500f500e500a5
0175011d00dd00cd
00bd01250145015d
fed3ff9400ad00dd
ff9cffdc0014ff8c
ff8cff9cfff4ffc4
004c002400640034
0024004c008500a5
ffacffe4ffdcfffc
003400950074000c
008500ad0064fff4
fdbafe0aff1bfffc
ff0bfe62fe02fdca
008d006cfffcff84
feebff84ff8cffcc
ff53ff53ff9cff2b
fd51fcb9fd11feab
fe4afdeafd69fd82
ff33ff23ff03fea3
ff43ff43ff43ff3b
ff3bff3bff43ff43
ff0bff43ff43ff43
fd29fd51fddafe8b
fe02fd82fd39fd31
001c009d004c002c
ff84ffb4ffacffe4
00dd007c00740044
010500b500bd00f5
01d601a600f5010d
01350175018e01b6
00a500bd00ad00c5
00ed00bd00850074
00fd012d011500c5
0175018e01550115
00e500ed01150125
ff6bff5300340145
0024002c0054002c
0074ffe4ffcc0024
00c50064006c00cd
008d0074006400d5
002c000c000c0044
007c0095008500a5
00dd00ad006c0054
fe32ff1b000c0095
fe93fdeafdcafdf2
00ad0024fff4ff8c
fef3ffe4001c009d
ff73ff94ff0bff0b
fce1fcb1fd9aff43
fe72fe22fd79fd49
ff33ff2bff03feb3
ff43ff43ff43ff3b
ff33ff2bff3bff4b
ff0bff3bff3bff3b
fd31fd59fde2fe93
fdfafdbafd51fd39
ffe4008500a5003c
0034ff5bff84ffbc
00d500a5004c008d
010d012500bd00b5
01a601ce017d00cd
010d015d014d0196
0085009d00fd0105
00cd00ed00c5008d
0145012d00d500d5
0135018e01e601b6
016d012d012d0135
002cffa4ffbc010d
007c0085008d0095
013500cd000c0024
009d00b500a500dd
00bd00dd008d004c
00c50024ffe4003c
00cd00ed00b500e5
010d00d500bd00ad
fedbfff4007400e5
fdc2fd8afd71fdda
0064fff4ff8cfeab
ff3b001400a500a5
ff8cff8cff13ff33
fcc1fcc1fde2ff73
fe7afe0afd59fd21
ff3bff3bff13febb
ff3bff43ff3bff33
ff33ff2bff3bff43
ff13ff2bff33ff3b
fd59fd82fdf2fe9b
fd8afd61fd51fd31
ffdc006400cd0085
005cffdcff2bffac
008d0095007c003c
00b500fd010500c5
018e018e019e00dd
01650145014d011d
00a500ad00cd016d
00c500d5011d00f5
01d6018e011500cd
013d015d01f6021e
0196017d015d017d
00c5004cffec006c
009500d500f500f5
016d012d00f50085
0034008d00cd00e5
009500d5011500ad
015d00f50044003c
00e500fd011d0135
011500ed010500d5
ffd4007c00cd00fd
fdbafd79fd82fe93
0014ff9cff1bfe2a
ff23003c00a5007c
ffa4ff03fedbfe7a
fce1fd29fe7aff73
fe6afdfafd09fd19
ff3bff3bff1bfeab
ff33ff3bff33ff33
ff23ff23ff3bff3b
ff2bff33ff2bff33
fd41fdaafe52fecb
fde2fd31fd29fd31
ffd4004c009d008d
00540085fff4ff9c
006c007400a5006c
00bd00a500fd00dd
0115016d012d0115
015d014d017d014d
011500fd00c50115
00fd012d01650155
0266020e016d013d
01750145015d0206
015d01b6016d0175
00e500e500b5004c
00dd00d501050105
012d0155014d0165
010d007c00bd00f5
008d008500bd010d
015d016d00ed009d
00fd0105017d018e
013d0145014d0105
006400bd0115014d
fdd2fd82fe2affb4
ffdcff8cfe83fe0a
ff6b0074004c003c
ff4bfef3feb3fe02
fd09fdaafefbff9c
fe5afdf2fd01fd11
ff33ff33ff03fe9b
ff2bff33ff33ff2b
ff23ff23ff33ff33
ff33ff33ff3bff2b
fd41fda2fe7aff13
fdfafd61fd29fd31
ff84ffcc001c005c
003c004400950014
0095004c005c0074
00fd00c500cd010d
012d0135013500e5
012d013d0145016d
019e013d00e500dd
015d015d016501b6
0216024e01b60175
01b6018e012d016d
00e501fe019e016d
00f5010500ed00fd
017500fd00f50115
010d016d01250186
00ed011500b500d5
00c500b500a500e5
01b601550145011d
012d012d01b601f6
01750196016d0145
00bd0115014d0165
fdd2fdf2ff3b004c
003cff63feabfe22
0034004c0044002c
febbfe4afe6afe42
fd19fe3aff5bff94
fe62fde2fd29fd19
ff3bff33ff13fe9b
ff33ff3bff33ff23
ff23ff23ff2bff2b
ff4bff33ff2bff2b
fd51fdbafe62ff13
fdd2fd82fd29fd39
ff5bff53ff9c0044
003400040034002c
00c5006c00140014
010d00ed009500d5
016500fd01350145
00bd011d011d014d
01ee019e010d00c5
018e0165017d0186
0186020601f601be
01b601ce01be0175
01450196020601a6
00fd011d00dd0155
01ce01a6010d0105
00f50165018601c6
010d013d010500ad
012d010d010d0115
021e01ce016d012d
018e013d019e020e
01be01ee01ae0175
01050135017501ae
fdfafef3001c00ad
0034ff3bfe9bfe12
0024002c006400a5
fe3afe6afe9bfecb
fd8afe62ffb4feeb
fe93fdd2fd61fd01
ff33ff33ff1bfe9b
ff3bff3bff2bff2b
ff23ff2bff23ff33
ff43ff6bff3bff23
fd51fdc2fe72fefb
fdd2fd8afd41fd29
ff73ff2bff3bffa4
0034003cfff4ff7b
00d500b50034001c
011500a500e500b5
012d0125010d012d
00d50105013d0135
01be0216019600ed
019e019e01be01ae
01de019601be01be
01d601e601ee01fe
01960175020e0216
0145013500fd0135
0246024601c6014d
00d5014d019e01fe
01b6016d011500d5
018e019e015d017d
020e020601e6019e
01ce01c6017501d6
01e6021601e60175
01550175019601c6
fe3aff8c007400fd
ffd4ff2bfe9bfe32
fffc005400b500d5
fe0afea3fe52ff43
fdbafe8bffbcfe02
fe7afe0afda2fd21
ff33ff33ff13fea3
ff2bff33ff33ff2b
ff23ff1bff1bff23
ff23ff53ff73ff4b
fd39fdcafe7afef3
fd9afd49fd49fd29
ff94ffa4ff2bff2b
fffc00240024ff8c
00cd00b5007c004c
013d00bd00bd00d5
00f500ed013d0155
010d00ed0165012d
01b601ae023e01a6
01ae019e01de01ce
021601de017d01be
022e01ce0216021e
017501ae01ae023e
01be016d013d014d
01c601ee02360206
014d015501be01ae
01f6023601de0175
01de019e01a6019e
01ee020e021601fe
01ee022601ee01be
01fe022e021e01ce
0186018e019e01ce
ff03001c00bd012d
ffd4ff63feabfe72
00040095011500dd
fe1afed3fec3ffb4
fe83feebff4bfd92
fe8bfe0afd29fda2
ff2bff3bff3bfebb
ff1bff2bff33ff33
ff43ff2bff1bff1b
ff1bff33ff3bff5b
fd51fde2fe9bff03
fd71fd29fd29fd21
ff43ff94ff53fedb
0014fff4000cfff4
00d500b500950074
010500fd00b500f5
00dd011500fd0145
01a600fd011d0135
01fe01ce01f60256
01de01be01a601f6
025e022e01d60165
0287021e01ee024e
019e01b6018601de
021601c6016d014d
019e019601f6022e
01ae017501be01fe
01d601fe022601ee
01e601c6019e01ae
021e0246023e0206
01fe024e024e021e
020e024602460226
018e01ae01e601fe
ffa4005c00cd0145
ffbcff6bfefbfed3
ffdc00d5011500c5
fdf2ff1bff84ffc4
fe3afefbfedbfd8a
fea3fdf2fd59fdea
ff33ff43ff1bfe9b
ff3bff43ff43ff33
ff43ff43ff4bff3b
ff1bff23ff23ff23
fd51fdcafe8bff03
fd82fd29fd29fd21
ff53ff1bff5bfedb
0064ffc4ffccffd4
00dd00ed00bd0064
00f500ed00fd00ed
0105013d015500fd
0236017500ed0145
01f60226023e01fe
019e0216018e0186
026e027e023601ce
021602a702560246
01a601f601ce0165
025e022601ae0155
022601f60206026e
01f601ae01ae01fe
022601fe01f60216
025e024e022e01f6
021e01ee02260266
021e022e026e025e
022e024e024e0266
01be01f602060216
fff4008d01150186
ffd4ff7bff03ff3b
0004008d010500b5
fe32ff2bff8cffcc
fe0aff43fe32fdb2
fea3fe02fd51fe02
ff33ff2bfefbfe9b
ff53ff5bff53ff3b
ff1bff1bff2bff3b
ff23ff1bff1bff1b
fd49fdb2fe7afef3
fdaafd51fd41fd39
ff5bfef3ff13ff3b
0074fffcffa4ff94
00cd00dd00bd006c
010500d500ed00dd
013d01150165013d
01a6020e014d011d
01ce0216024e01fe
0236022e01e60165
025e0266025601e6
016d027e02b7027e
019601be0206017d
02460246021e01c6
022e02560266024e
027e022601de0206
02560236022e0256
02af0297029f027e
027e02660276029f
0266024e0256026e
0226023e024e0276
01ce01ee01fe0206
007400e50155018e
ffb4ff5bfecbffac
001c007c0125007c
fe6aff23ff7bffc4
fe52ff6bfdd2fdaa
fec3fdc2fd01fdfa
ff43ff43ff23feb3
ff33ff3bff33ff33
ff0bff03ff13ff13
ff1bff23ff23ff13
fd51fdd2fe7afef3
fe1afd69fd31fd29
ff33ff23ff03ff4b
006c000cff63ff7b
00bd00b500b50044
00f500a500ed00cd
010d011501150155
01b6017d01be014d
019e01e6021e024e
01f60206021e01ee
027e027e025e0216
015d01f602c702bf
019e019e020e021e
022e0256025e021e
021602260297025e
02af02a7025e0236
02970266023e0256
029f02970287029f
0287029702970297
028f027e0276026e
023e0236025e028f
01de01fe0216022e
008d0115018e01ae
ffbcff4bff1bffd4
000c00340115005c
fe93ff13ff53ffcc
fe83fefbfd69fd69
fe93fdb2fd82fe42
ff23ff23ff03fe9b
ff0bff2bff23ff1b
ff1bff0bff13ff13
ff13ff13ff1bff13
fd61fdf2fe8bfef3
fdf2fdd2fd61fd39
ff53ff53ff4bff63
0054005cff7bff4b
00e500e500850064
010500c500d500ed
0135016501450135
020601b60165018e
0155013d01a6020e
020e01b6019601ae
02d70287025e023e
01b6017d025602f7
01b601ae01b60226
029f024e024e021e
02260236027e0297
029f02df02d7028f
02b702cf028f026e
0276026e025e027e
0287028f02a70297
0297028702870287
0236024e02760297
01ee02060236023e
00b5012d019601be
ffdcff6bff9c003c
000400240085fffc
fe9bfefbff94ffbc
fed3fe93fd71fdba
fe6afd92fdc2fdda
ff23ff23feebfe83
ff13ff1bff13ff1b
ff23ff0bff03ff13
ff1bff13ff1bff23
fd69fe0afeabff03
fe22fe2afdeafd79
ff1bff23ff43ff5b
0044007cffccff03
011d013d00a5006c
012d00dd00c500f5
0155011d0175016d
023601fe016d014d
00f50115011501a6
024e021e01ae011d
031702bf029f027e
01e6017d01e602c7
01e6018e01ee01fe
02c702c702a7024e
0287023e0236026e
027e02cf030702ff
02a702c702c702af
0287028f02870297
02af02af02b702a7
028f028f028f029f
022e02660287029f
01f6022602360226
00d5012d019601ce
ffbcff3bffcc005c
000c003c004cffc4
fe4aff0bff9cff94
ff03fe0afd92fdfa
fe62fdaafe12fdb2
ff23ff1bfee3fecb
ff13ff1bff13ff1b
ff1bff13ff13ff1b
ff1bff1bff1bff1b
fd8afe1afebbff13
fe42fe8bfe32fd79
fee3ff3bfefbff03
003400640024ff03
0155013d011500dd
0155012500fd00e5
018e0135013d018e
016d01ee01b6019e
011500ad00bd00d5
029f025601fe019e
02e7031702b70297
01a6018e01ae023e
0236019e01b60216
026e02df02af02a7
0307028f0246022e
02c702c702ef031f
02bf02bf02c702d7
02b702a7029f02af
02a702bf02c702b7
02970297028f0287
022e025e0297029f
01e601fe0216021e
00e50145017d01ae
ff94ff6bfff4007c
0014004c0024ff73
fddafee3ffdcffc4
fee3fd92fd39fdc2
fe62fdc2fd8afdc2
ff13ff0bfee3fefb
ff0bff23ff23ff13
ff13ff0bff0bff13
ff13ff13ff13ff0b
fd61fdeafe9bfefb
fe0afe6afe4afd49
fefbff13ff0bfedb
004c006c00c5ff7b
011d014d012500e5
01ae013d00f500c5
018e013d00cd0175
008d016d01d601c6
018600c500b5008d
02cf02bf024e0206
028f030702f702b7
01ce0175018e01ce
026e01f601a60226
025e029f02d702bf
030f02e7026e0276
02d702df02ef030f
02bf02d702df02ef
02bf02b702b7029f
028702a702bf02b7
028f028f027e0287
022e026602970297
01ce01e602160226
01050155016d01ae
ff8cffcc002c00bd
0014003cfff4ff63
fdeafecbffc4ffec
fec3fd49fd09fde2
fe5afdb2fd51fe5a
ff03ff03fee3fed3
ff0bff0bff1bff1b
ff13ff0bff03ff0b
fefbff0bff0bff13
fd39fdb2fe62fed3
fdb2fe4afdcafd11
ff43ff13ff1bff0b
00ad006400fdffe4
00ed0175013d00f5
01a6016d011d00f5
0155012500b500dd
0074004c011d01ae
021e01a6011d00f5
02c702bf02af0266
021e02c702c702e7
024601b6015501be
029f0226019e01f6
027e0287029f02e7
0307031702df029f
02df02ef02ef02ff
02b702cf02df02df
02cf02bf02b702a7
028f029f02bf02cf
028f028702870287
021e0256027e028f
01fe01fe02060206
012d016d01a601de
ff3bffd4004c00dd
00140004ffb4ff5b
fe62ff13ffacffec
fecbfd41fd29fe5a
fe62fd8afd39fe8b
ff13fef3fefbff23
fef3ff03ff03ff13
ff0bff0bff0bff03
fec3feebff03ff0b
fd11fd61fdfafe7a
fd59fdbafd71fd09
ff4bff63fefbff1b
00e5007c00ed006c
00dd01650186010d
01050165011d010d
00fd0125011500b5
00ad003c001c010d
01de01e601c6013d
02af029702af02bf
01ee0276027e027e
02660226015d018e
02bf027601ee01ce
02c702b702af02cf
02ff030f031f02f7
02e702f702f702ff
02bf02bf02bf02c7
02b702af029f02a7
028702af02cf02c7
0287027e027e0276
01ee023e025e0287
02060206020601d6
0145017d01c601e6
ff23ffc4006c00ed
ffe4ffe4ff8cff53
fe62ff1bffb4ffd4
fec3fd59fd79fe4a
fe6afd71fd79fe62
fefbfefbff0bff03
ff0bff13ff13fefb
ff0bff03ff0bff03
fe72fecbfefbff13
fd09fd19fd59fdda
fd69fd82fd49fd01
ff6bff5bff13ff0b
00fd009d00f50105
00c5011d01ae0155
00a5010501350105
00dd00dd011500ad
00fd007c0004003c
026e01ae01ae016d
024602af022e0287
01de022602970226
0216024e01c6018e
02b702c7025601b6
02ff02cf02b7028f
02f702ef03070307
02d702e702f70307
02af02b702cf02c7
02b7029f029f02af
028702b702b702b7
0266027e025e025e
020e0226024e0266
01ee01f601ee01e6
016d019601c601e6
fef3ffc4009d010d
ff94ffa4ff7bff2b
fe4afedbff9cffb4
fe72fda2fdcafdea
fe62fd79fdcafe2a
ff03ff0bff23febb
ff03ff03ff0bff03
ff03ff0bff03fefb
fe42fec3fef3ff03
fcf1fcf1fd19fd8a
fe52fdb2fd51fd01
ffccff1bff63feeb
012500bd00dd015d
00cd00ed017d019e
009d0095012d00fd
0044009d00bd00ad
011500d50044001c
022e020e013d014d
01fe027e0276023e
01be021e024e02af
01fe0256021e01a6
0287028f02870206
030f02f7029702af
02ef02d702c702e7
02d702cf02d702e7
02b702bf02b702bf
02bf02af02b702b7
028f02af029f02af
02660276026e0276
0226023e0246025e
01de01e601e60206
017d01a601ce01e6
fef3ffe400bd0135
ff6bff94ff73ff23
fe83ff23ffbcffac
fe4afdcafddafdfa
fe42fd71fdaafe2a
ff13ff1bff0bfe7a
ff03ff03ff0bff13
fef3fef3fef3fef3
fe3afecbfeebfef3
fcf1fce9fd11fd8a
ff33fe62fd9afd09
0064ff33ff7bff3b
017500e500a5015d
011500ed013d01f6
00f500a500e5010d
00440034006400e5
00dd00c500ad006c
020e01d6018600dd
0266022e027e025e
018e02160256028f
02160246027601e6
0297024e02360256
02d702ef02bf029f
02ef02ff02cf02af
02ef02e702e702e7
02d702cf02d702e7
02bf02c702b702c7
028f029f02af02c7
027e027602760276
023e024e024e0266
01e601f601fe021e
018601ae01de01e6
fef3fffc00c5014d
ff7bff94ff6bfeeb
fed3ff5bffccffc4
fe52fdb2fde2fe1a
fe4afd71fd59fdda
ff0bff23fef3fe62
ff03ff03ff13ff03
feebfefbfefbfefb
fe9bfefbff03fef3
fd29fd09fd29fdd2
ff5bff13fe5afd61
010dff9cff7bff7b
01a6014d00b5011d
011500fd00f501d6
00b500b500c5010d
00bd004c002c0074
0095008d006c006c
024e01de01a60115
024e023e026e0287
01b601de02870256
0236020e022e025e
029f02af0287022e
028f02bf02ef02bf
02ff030702ff02c7
02ef02ff02ff02ff
02e702ef02ef02e7
02b702c702d702df
028702a702bf02bf
0276026e026e0276
024e024e025e027e
0206020e0216022e
018e01ae01d60206
ff13002400d50145
ffa4ff43ff5bff0b
febbff730014ffdc
fe5afdaafdaafe32
fe6afd59fd31fdda
ff2bff23feabfe4a
fef3ff03ff0bff0b
fefbff03ff03ff03
fe93feebff03fefb
fd51fd11fd41fdea
ff33ff63fed3fdd2
014d0014ff5bff7b
019e019600f5011d
013d015500fd014d
00850095009500e5
00c500cd00a50044
00dd004c001c003c
023e021e01b60145
0216025e02760256
01e601c602360266
01de01f601de021e
02cf02b702970236
02b7028702bf02ef
03170317030f02ff
02f702ff0307030f
02e702ff02f702e7
02cf02df02cf02cf
0287029f02b702b7
0276026602660276
025e0256026e0287
020e021e0236024e
019601a601e60226
ff1b004400fd015d
ff63ff0bff43ff03
fee3ffa4003cffbc
fe8bfd82fdbafe42
fe0afd49fd09fdd2
ff33ff03fe9bfe5a
fefbfeebff03fefb
fefbff03feebfefb
fe72fee3fef3fefb
fd01fd09fd31fdba
ff13ff84fee3fdda
019600b5ff84ff84
01d601ae014d011d
012d018e01350135
001c005c005c00a5
00ad00ed00c5003c
00fd00950014000c
01f6021e020e0175
026e023602870297
01ee01de01fe028f
01de020e020601be
02cf027e027e023e
02f702b7027e02c7
0317031f0327030f
02ef03070317030f
02f702ef02df02ef
02d702d702cf02d7
0287029f02b702bf
027602660266026e
025e025e027e027e
022e0236024e0256
019601b601ee0226
ff53006c011d016d
ff4bff13ff3bfefb
ff2bffdcffe4ffac
fe9bfdbafdeafe22
fde2fd29fd31fd59
ff23fedbfe93fe4a
feebfef3fef3ff13
fefbfeebfeebfef3
fe4afec3fefbfefb
fd39fd01fd19fd92
ff3bff9cff4bfe42
01b6010d0004ffb4
01b6019e016d0165
00fd01550135013d
0004fff4001c005c
002c00bd00b500a5
013d00ad005c0014
024e01ae01de0196
02cf026e025e02d7
017501a6022e028f
023e020e022601c6
028702870266025e
0307030702ef02af
0317031f03170317
0307030f030f0317
02ff02f702e702ef
02cf02d702d702df
028f02a702bf02bf
027e0266025e027e
025602660276027e
0256026602660266
018e01a601f60236
ff7300bd01450175
ff43ff2bff53ff03
ff53ffccff8cffac
fe52fe22fe4afea3
fdf2fd29fd41fd51
ff03fedbfe8bfe42
fee3feebfefbff1b
feebfee3feebfeeb
fe32fea3fedbfeeb
fdeafd9afd71fd9a
ff23ff8cff9cfeeb
01c6014d0085ffe4
019601ae019e018e
00ad0135012d013d
008dffec00040034
ffec001c006400b5
014d00d5006c0024
027601fe01ae0186
027e02af024e02a7
01be018e020e0266
021e01fe01b601fe
02b7027e0297021e
03170317031702ff
03270327031f030f
0327032f032f032f
02ff02ff02f70307
02b702df02e702e7
028f02b702bf02af
024e024e0266027e
026e02760276027e
024e026e026e026e
019601be0216024e
ffcc0105014d017d
ff13ff5bff53feeb
ff5bffccff7bff9c
fe32fe7afe7afee3
fdeafd11fcf9fd49
feebfecbfe6afe32
fef3fefbff1bff13
fed3fedbfef3fef3
fe42feabfecbfed3
fe93fe02fdb2fdda
fedbffa4ffb4ff33
01ee017d0105006c
0175019e01c601ae
006400fd015d015d
00f50044ffbc002c
fffcfffc003400cd
015d011d00a50014
027e01fe01ae019e
023602660256026e
01de018e01de0276
01ce01b601be01ae
02f702b7029f026e
030f030f0317030f
03470327031f031f
032f033f03470357
02ff030f031f0327
029f02c702cf02ef
02a702c702c702a7
023e023602760287
027e0287028f028f
026e0276026e026e
01be01f60226024e
001c0115014d0196
ff33ff6bff2bfedb
ff9cffa4ff94ffac
fe02fe4afe9bfef3
fdeafcf9fce1fd49
fee3fec3fe5afe22
fefbfefbff03ff0b
fedbfee3feebfef3
fe3afe7afebbfedb
feb3fe5afde2fdfa
fe9bff8cffb4fefb
01a601b6012500ed
01ae018e019e01a6
005400ad01250145
00dd00b5ffdcfffc
0024000cfffc004c
0165010500b50085
023e01fe019e01c6
020e01de023e0216
018e019e0186020e
022e0175015d017d
02f702f702df02bf
030702f702ff02ff
0337033703370327
030f0307031f0337
02ef02f702ff0307
029f02bf02cf02ef
02b702d702d702a7
0256025e027e029f
0276028f029f0297
02870287027e027e
01ce02060236026e
0064011d017501be
ff5bff5bfefbff0b
ff9cffacffc4ffbc
fdc2fe32fe9bff23
fddafd39fd21fd79
fedbfec3fe7afe2a
fef3feebfeebff03
fee3fee3fef3feeb
fe52fe7afeabfed3
fe9bfe83fe1afe32
fedbff5bff9cfee3
018e0196014d012d
01d601de016d019e
009500b500f5016d
007c00dd0085ffdc
0054fffc000cffdc
017d014500ed00ad
01e601be01ae01ae
022601be01be01be
014d017d016d0196
02af0216015d013d
02ef02ef02df02d7
02ef02f702e702e7
027e02bf02e702e7
0256020e02160216
02a70276026e027e
029702b702cf02e7
02c702ef02e702a7
023e024e0276029f
027e02870297027e
0236026e028f0287
016d015d01a60216
006c0105014d014d
ffacff5bff1bff6b
ff6bffb4fffcffe4
fdb2fe1afe93ff63
fe12fd79fcf1fd41
fed3fec3fe8bfe4a
fefbfee3fef3feeb
fed3fedbff13ff03
fe52fe62fe93febb
fe93fecbfe6afe32
ff2bff73ffacff2b
01860175016500e5
017d01ce0145017d
ffe4007400b500fd
ffcc00ad00c5ffcc
0085001cffccffb4
017d019e017d00f5
019e017d01a601ae
01fe01ee01ce01d6
010d010500fd012d
02bf0297021e0145
029702bf02cf02d7
027e02df02a7028f
024e021e026e0276
01de01e60206021e
0266021e021e01f6
029f02bf02df02bf
02cf02e702df02b7
021e023e026602af
0287027e0276024e
01c6023e028f0297
004c005400cd015d
003c00a500ad006c
ff94ff2bfef3ff73
ff43ffb4000cffcc
fdaafe4afee3ff63
fe22fd51fcd9fd49
fee3fedbfe72fe3a
fefbfedbfefbfee3
fe93feb3fef3fef3
fe32fe42fe42fe6a
fe3afe93fe83fe52
feebff3bffacfefb
018e016d016500dd
01150165012d0125
ff84ffdc0064008d
ff7bfff400a50044
00ad0004ffacff9c
014d019e019e0145
020601e6015d0135
013d01d601b601be
010500dd00ad006c
02bf02af029701fe
02660266027602af
02ff031f030f0297
02c702d702f70307
025e029f02b702cf
025e021601f60206
02bf02d702d7029f
02cf02e702e702cf
021e023e025e02a7
0287027602660236
015d01e602660287
017d00fd00fd00f5
0105018e01c601c6
ff63fedbfecbffe4
ff4bffc4ffd4ff8c
fd82fe6aff33ff2b
fdc2fd41fd21fd69
fedbfee3fe93fe3a
fee3fee3fefbfee3
fe62fe7afebbfec3
fe52fe52fe5afe62
fd79fdd2fe12fe3a
fef3ff4bffccfe93
011d015d010d00ed
00b50155015d00d5
ffbcff9c0004007c
ff7bffa400240074
00cd0044ffb4ff63
00e5010d0105013d
01f6026601fe011d
0074016d019e0175
01be00fd00f50095
02760297029f025e
02ff02b70276027e
0327033f034f0337
02df02f7030f031f
029702bf02cf02d7
024e020e020e025e
02cf02cf02cf02a7
02cf02f702ff02e7
021e022e025e029f
025e026e0246022e
01350196021e0256
0287024601ee015d
01ae0226026e028f
ff1bfe72fe9b005c
ff940004ffd4ffa4
fd71fe8bff23ff13
fddafd71fd41fd69
fed3fee3fea3fe32
fec3fecbfeebfedb
fe72fe7afecbfec3
fdf2fe22fe52fe93
fd31fd61fdb2fde2
ff4bff53ffb4fe02
005400f500dd00ed
00ad013d017500cd
ffdcff43ff8c005c
ff43ff6bffc4002c
00cd00a5ffe4ff63
011d00cd009d00d5
016d027e02560196
00ad00d501860145
022601be011d011d
0287023e0236023e
0347031f02f702c7
0307032f03570357
02cf02df02ef0307
02b702bf02bf02bf
027e026e027e028f
02d702cf02cf02b7
02df0307030702ef
02360236025e029f
0236023e02360236
01ce01ae01e60226
02af02af0276021e
01b6022e027e02af
fee3fe4afeab008d
0004fff4ffacffb4
fdcafeebfecbfefb
fdbafd79fd59fd69
ff0bff03fe9bfe32
fec3fec3fedbfedb
fe52fe8bfecbfedb
fdf2fdb2fddafe2a
fd51fd29fd49fdea
ff4bff3bff94fdf2
003c00ad00cd00f5
00b500e5011d00b5
000cff6bff43ffcc
ff43ff13ff84ffec
007c007c0004ff8c
016d00ed009d0085
011d01e602b7020e
012500cd01350135
0216021601ce0186
02df027e01e601be
03570337031702ef
02ff033703570357
02b702c702cf02df
02b702af02af02af
029f029f02a702b7
02d702c702c702af
02e7030702f702e7
023e024e0246028f
0206020602060216
025e01fe01ce01de
0297029f028f027e
01ae01fe0236027e
fedbfe3afeb300ad
fff4ffbcffecff6b
fe93ff13ff13ff9c
fe02fdc2fd51fd8a
ff1bfee3fe93fe3a
fedbfecbfee3feeb
fde2fe22feabfee3
fe3afdd2fd49fd9a
fd71fd82fd92fdd2
ff53ff23ff43fdf2
004c002400ad00bd
005c0095008d00a5
ffbcff6bff3bff53
ff8cfedbfeebff53
000c0034001cffc4
020e014d00b5003c
00fd011d02560297
019e0186013d0135
01de0206021e01ee
02f702cf027e020e
03370327031702ff
02df0307031f0337
02b702c702cf02cf
02bf02b702af02af
02af02b702af02bf
02c702c702b702a7
02df030702f702d7
021e023e024e028f
01b601c601c601c6
02a7027e021e01ce
026e028f02970297
019601de01e6023e
febbfe1afe9b00cd
ffc4fff4ffc4ff43
fefbff43ffd40024
fe42fe32fe4afea3
fefbfed3fec3fe6a
ff0bfee3fee3fee3
fd92fdeafe52fec3
fe72fe22fd71fd51
fd79fe2afe8bfe93
ff73ff4bff2bfdca
0034fffc006c008d
ffe400ad009500a5
ff8cff9cff5bff3b
ff84fee3feb3ff03
0024fffcffe4ffe4
024601a6010500a5
00d500ad018e0297
01fe01ee01a6013d
01ee019e01be0216
02f702e702bf0266
03170307030f0307
02d702ef03070317
02b702b702bf02d7
02bf02b702b702af
02af02bf02b702b7
02b702b702af029f
02d702ff02ef02cf
01f60246026e02a7
01be017d016d017d
029702b702b7024e
021602460256026e
014d01a601d601fe
fe83fdbafe5a008d
ffc4ffbcff43fee3
ff63ffcc003cffac
fe3afe2afe9bfeeb
fedbfecbfe9bfe9b
fee3fed3fedbfed3
fd61fd9afdf2fe9b
fe42fdeafda2fd92
fd9afe4afecbfe6a
ff7bff63ff0bfdb2
ffecffcc0004008d
ff94006c00c5007c
ff4bff94ff4bff23
ff9cff0bfeb3fecb
00a500140004ffdc
0266019e011d00d5
011d008500dd0246
020e021601f601ae
024601f601b601e6
02d702c702b70287
024e026e029702bf
020602060246025e
020601ee01e6020e
028f026e023e0216
02b702bf02af029f
02bf02b702a702af
02e7030702ef02cf
01ee0256028f02c7
022e0186012d015d
02160236029f02c7
014501ce01f60216
ff03ff7b001400cd
fda2fd51fd92fe6a
fe62fe3afe02fdda
00340004ff84fea3
fe5afe22feb3ff8c
ff13ff03febbfec3
fe83fef3ff33ff53
fd79fd49fd82fdda
fd92fd82fe22fdea
fd79fe52fec3fe0a
ff7bff5bfea3fd79
fff4ffacfff4005c
ff3bffc400b5005c
fefbff53ff2bff0b
ffccff53fea3febb
00cd0095003cffe4
0236019e010d00bd
018600e5006401f6
01fe021e021601ee
026e0256021601fe
002c009d01a60246
ff0bff1bff63ffdc
ff23ff13ff1bff1b
fee3feebfef3ff1b
fffcffb4ff5bff03
024e01e6013d007c
02c702af02a70297
02f7030702e702cf
01e6025e029702cf
028701de0125013d
018601d6020e027e
fe42ff0bffcc00cd
fe7afe1afe1afe32
fe93fdf2fdd2fe42
ff4bff0bfeebfed3
ff94ffc4fefbfefb
febbfed3ffb4fff4
ff53ff7bff3bfeeb
fdcafe62fef3ff4b
fda2fd61fd9afd71
fe42fdc2fe12fe0a
fd59fdeaff23ff23
ffb4ff1bfe32fd69
0004ffacffa4ffe4
ff13ff33001c0044
fec3ff3bff4bff23
ffecff6bfe93fe9b
007400cd00a5002c
021601de01350074
017d00b5000400b5
020601fe01fe01d6
01a6027e0266024e
ff84ff6bffc400a5
00950074003cffdc
008d00a5007c00a5
0024002c001c005c
ffcc0024002c0024
ff84ff73ff73ff73
029f020e01250034
02ff02ff02d702bf
01e6025e028f02c7
020e01ee011d0125
fe42ff4b005c014d
fe8bfe72fe12fe1a
ff94ff73ff4bfeeb
fd19fd39fda2fe9b
fdeafd41fd19fd01
fe62fe12fe8bfdfa
ff73ff5bff4bff3b
ff2bff94ff8cff84
febbfeabfee3ff33
fe3afe0afe3afe93
febbfe7afe83fe6a
fd71fddafefbff33
ff73fecbfe1afd8a
ffe4ffa4ff94ffc4
ff23ff13ff840014
fec3ff23ff84ff53
ffd4ff73feb3fe93
00540095009d0044
01ae01b60135007c
febbfecbff23ff9c
015d011d0044ff6b
ff6301b6020601c6
012500f500dd003c
0135014d0165014d
01d601c6015d014d
010d011d0145018e
00f500d500d500f5
008500d5010d0105
008dffc4ffc40044
030f02ff02cf0216
01be0236028f02df
0004013d0125011d
febbfe4afe1afe8b
fe8bfea3fe7afe2a
ff2bfe62fe0afe42
fcd9fd11fd01fe52
fd8afcd1fc89fc89
fd82fdcafe42fd92
ff1bfea3feabfe93
fe83ff13fea3fedb
ff94ff4bff3bfec3
fecbfefbfe9bff03
febbfe93ff7bff1b
fd79fdeafea3ff0b
ff2bfe52fdfafde2
ffbcff7bffa4ffcc
ff23ff33ff5bffb4
fe5afec3ff3bff5b
fffcff94fed3fe93
0064007400b5006c
009d01c6013500d5
fcb9fd8afeabfed3
fd69fd49fd39fce1
ff23feabfe42fdd2
018e015d01450125
00bd009d00c5014d
00d5010500d500cd
00850044004c0095
00ad00ad00ad00a5
01be016d0145010d
001400dd017d01ce
030f02ef023e0004
01b6021e027602d7
fea3ff9401350135
ff0bfe93feebff4b
007cff84feb3fdb2
fe62fdaafddaff23
fd71fd69fd21fe1a
fde2fd01fcd9fd19
fd92fdfafe83fe12
ff23febbfe7afe5a
fe2afebbff2bff3b
ffbcff33feebfe93
ff53ff4bff73ffbc
feb3feabfedbff1b
fd61fd9afe0afe52
fe8bfe02fd8afd82
ffacff43ff3bffbc
ff33ff3bff4bff63
fe3afe7aff03ff6b
fff4ffb4ff13febb
0064006c008d0034
001c01a6015500cd
fca9fd29fe5afebb
fce1fc81fcd9fcc9
ff84fcd9fcf9fd19
013d014501350155
ff9cffa4fff400b5
ff53ff9cff9cff9c
ff4bff03fef3ff03
006c0054000cffbc
01960145011500bd
012501e6020e01d6
0266027e0145001c
0085009500d501ae
0085fe83fff4006c
fe1afe7aff43003c
00e50044ff5bfe52
fe02fda2fe22ff9c
fdcafda2fd79fe32
fdd2fdf2fe0afdfa
fdcafdcafeabfe02
ff23ff1bfeebfecb
fe22fe6aff1bff53
ff5bff0bfee3fec3
ff53ffa4ff7bff4b
ff03fefbff23fe9b
fd59fdd2fe72febb
fe52fdbafd61fd71
ff9cff6bff43ff53
ff3bff43ff4bff2b
fe22fdfafe93ff43
ffecffacff63fec3
0044003c0044002c
005c015d0145006c
fca1fd09fe0aff43
fcc1fc78fca9fcd1
000cfd01fcb9fce9
005400b500e5011d
fed3feebff3bffc4
fdeafe12fe62fea3
fe62fe5afe12fdfa
0004ff8cff0bfea3
0196016d0105008d
ff8c012d01ee01ce
ff7bffd4ffdcffdc
ff5bffa4ffbcffac
008dfeb3fd92fe72
000c0064002c008d
ff53ff9cffa4ffac
ff13fe83fe62feab
fdc2fd8afdcafeeb
ff0bff0bfe93fdea
fe2afdb2ff1bfeab
fedbfebbff13ff53
fe62fe4afedbff23
fe9bfe7afed3fedb
ff53ffb4ffbcff4b
ffb4ff0bfebbff23
fd82ff230024fff4
fe1afd92fd61fd82
ff43ff73ff73ff43
ff2bff53ff4bff23
fe5afdf2fe62feab
0004ffb4ff94ff0b
0044fff4fff40034
010500fd016d008d
fcf1fdd2ff7300cd
fca9fc58fc89fce9
0085fd92fca1fcc9
ffe4005c00bd00ed
fe8bfe93ff03ff7b
fee3feb3fe52fe22
feabfebbfe9bfed3
ffd4feebfe72fe6a
01a60196012d0085
004c0044016d01c6
025e019e00bdffd4
01a6022e0276028f
0074fe7afd49ffb4
009500ed00bd0085
ff7bff63ffdc0004
000cffc4ffc4ff94
fdb2fd92fe7a000c
ff13ff43fe8bfdda
fecbfdfaff73ff0b
feebff1bff3bff84
ff2bff13ff23febb
fe52fe93ff1bffa4
ff84ff5bff7bfeeb
fff4fedbfe32fefb
fda2ffac0074005c
fe22fdeafda2fd51
ff1bff3bff1bff33
ff03ff43ff53ff13
fe83fe0afe2afe62
0044ffc4ff9cff23
0064ffecffdc0034
0186012d014d00ed
fe930024017d01be
fca9fc68fc89fd49
00b5fe32fc99fca9
004c008500d500f5
ff5bff9c000c007c
0014ffccff43ff03
000c001cfffcffd4
00a5ffa4ff9cfffc
020601ee01be0145
00f5ffdc00ad01be
02f702d701ee001c
01ee0266029f02df
0135feb3fd61001c
00d501050125016d
0024000c005c0074
008d0054005c003c
fdbafdb2ff33006c
ff23ff3bfea3fe12
ffd4ff2bff4bff13
feabff4bff94ff7b
fef3ff0bff63fef3
fe0afe4afef3ff43
ff23fef3fdfafdb2
ff7bff33fea3fe9b
fe62ffbc0024ffa4
fe83fedbfdcafd79
ff23ff3bff23fefb
fea3ff33ff53ff63
feb3fe3afe32fe2a
0014fff4ffacff43
00740014ffc4ffe4
01ae0175011500f5
009501be021601e6
fdc2fd21fd59feb3
010dfee3fce1fd49
015d016501750165
00f50125013d015d
012d011d00b500e5
00a500fd00ed00bd
00fd00b5007c00a5
023601de0165012d
00e5ff8cfff40115
02df02b7020600c5
01ee0246027602c7
00a5fe7afdca0064
013d015d013d0125
0095009500b500f5
00d50095009d008d
fdf2fe02ff8c008d
ff63ff2bff03fe93
ff94ffa4ffccff5b
fe5aff2bff33ff5b
fed3fedbff2bfed3
fe3afeabfea3febb
ff63fe9bfd8afd71
ff1bfec3feebffac
ff1bffacffbcff6b
fe7afebbfdfafe32
ff3bfef3ff1bfec3
fe5aff03ff63ff7b
fef3fe72fe32fe1a
ffe40004ffacff63
00850024ffd4ff9c
01a6019e013500ed
01d601f601ee01c6
fe83fef3ffdc00fd
0165ff6bfd79fdfa
01c601ce01b6019e
01ae01be01ce01be
01a60196017d019e
013d017d01750186
014d013d011d011d
01e601d6015d013d
00ddff6b008d0115
02b70287020e0074
01de022e02660287
ffb4fe02fe5a00cd
00dd00ed00f500f5
00bd00e500ed00fd
00d500cd00bd00ad
fe32fe62ffc40085
ffccff3bff23fed3
ff2bffb4ff9cfff4
fed3ff63ff3bff2b
feebfefbfedbfebb
fe7afeabfe1afee3
fef3fe7afd9afd8a
fefbfe93ff53ff5b
feebff4bff63fecb
ff3bff53ff43ff13
ff13fed3fec3feab
fe2afeb3ff3bff73
ff23fe93fe32fdf2
ffcc0004ffccff94
0095001cffd4ff94
017d0186015d00e5
01ce01d601c601ae
011d017d0196018e
017d0004ff43006c
01ae01ce01ce01b6
01c601ce01ae0196
0196019e019e019e
016d018e01960196
018e0196018e0165
01c6021601c60196
00fd005cff940085
027e025601de00cd
01de021602260246
001cfed3ff7b013d
009500ad01050125
009500cd00c500b5
00cd00d500bd0085
fe8bfee3fff4009d
0044ff0bfeebfe9b
ff13ffacff6b00ad
ff0bff0bfee3fed3
ff03fee3fe83fefb
ff6bff3bfe93ff13
ff4bfeabfddafdda
feb3ff13ff4bff13
feb3fee3fe72fe12
002cff53fee3fe4a
ff2bfed3fea3fe93
fddafe6aff0bff73
ff33feabfe32fde2
ffacffe4ffd4ff73
009d0024ffe4ffac
016d017d01860125
01a6019e0196019e
020601f601de01ce
01b6003cffcc01be
01b601ae01d601de
017d019601a601b6
0175018e019e016d
01a601a6017d016d
01c601c601c601b6
0216023e021601f6
0145014d00d5017d
0246023601ce0155
01fe021602060226
0175002400c501ae
00d500e501350175
00f500f500cd00bd
00cd00ed00ed00e5
fecbff63004c00bd
ffecff0bfedbfe93
ff23ff94ff3b0004
ff0bfedbfecbfe9b
ff8cff13fedbff3b
ff4bff13feebff03
ff1bfe9bfea3fea3
ff3bfefbfef3ff0b
fe0afe83feb3fef3
ff7bfe8bfe52fe52
ff3bff03fec3febb
fdcafe22febbff63
ff13feabfe52fe22
ffa4ffa4ffb4ff73
00ad0034fff4ffa4
018601860186015d
01b6019e01860186
023e020601ee01ce
01b600f500d5021e
01ce01e6020e01f6
017d01a601be01ce
0115012d0155014d
0175016d014d0125
020601c6019e0175
01fe022e023e0226
0135018601de020e
0256023e01ee017d
023e02560246024e
014d009d014d01ee
016d01650165017d
01550145013d014d
00ed0125012d0145
fef3ffc4008d00ed
ff2bff43ff13feab
ff53ff23feabff53
ff53ff23feabfe93
ff33febbff53ff43
ff73ff33ff33ff33
fe7aff23ff9cff73
ff73ff3bff0bfec3
fdfafe93ff33ff84
fedbfe93febbfe7a
ff43ff33ff03ff0b
fde2fddafe62feeb
ff4bfee3fe83fe42
ffacff94ffa4ff8c
00ed00440024ffbc
0165017501650165
01a60196016d0165
024e022601fe01ce
01c601de023e0256
01e601fe020e0206
018e01a601be01d6
010d0135014d014d
017d0155012500f5
020e01c6018e017d
01c60206021e0226
0175018e01be01a6
023e0236020601be
025602660266024e
00cd00fd01ae0216
019e0186015d011d
019601a601ae01ae
01150155018e018e
ff4b001c00b500f5
ff03ff0bff0bff1b
ff5bfed3fe9bff0b
ff63fee3fe72fe8b
ff53fed3ff4bff2b
ffbcfecbfefbffbc
ff03ffbcffb4ffbc
004cfff4fef3ff23
fe02feabff23ff5b
fe6afed3feb3fe62
ff1bff33ff0bfefb
fe22fdfafe2afea3
ff73ff2bfecbfe72
ffb4ff94ffa4ff94
012500640014000c
014d01550145014d
0186016d015d0165
0246021e020601c6
01a6022e027e026e
0206020e020e01d6
019601ce01ee0206
01450165016d016d
01be018601550145
01f601e601c601c6
019601d601ee01fe
01be01860196017d
021e0236021601ee
0246025e025e023e
00a5015501f6023e
016d014d0105009d
019e01ae019e01ae
010501450196018e
ffc4002c009500f5
fed3fec3fed3ff6b
ff03fedbfecbff2b
febbfec3fe5afeab
ff13fecbfedbfe8b
ff13ff73ffacffc4
ff6bfff4ff7bfec3
00a5ff8cfeb3ff6b
fe2afee3ff53fffc
fe32fe3afe5aff0b
ff13ff23ff13ff0b
fe6afe42fe32fe9b
ff3bff4bfefbfec3
ffbcff94ffacff63
0115006c0024001c
014501450145012d
019e01860165015d
024e01e601de01c6
01e6026602760276
021601fe01b6018e
01a601de020e020e
0175017d019e019e
01b60196018e0186
01c601d601d601d6
0186019601c601ce
01fe01e6020601de
020e02260246022e
02660276024e022e
00e501ae022e024e
00fd00e500e500bd
00fd01250115011d
00dd00fd012d0105
003c00ad01050115
fe93feb3ff6bffe4
fee3fef3ff0bfeeb
fee3ff03fe83fea3
fecbfeabfee3fe93
ff6bffecffe4ffcc
ffb4000cff7bff63
ffa4fe62fef3ffa4
fe9bfef3ff2b0004
fe7afdd2fe8bff5b
fecbfefbfef3fef3
feabfe4afe4afe7a
ff1bff53ff2bfef3
fff4ff94ff73ff4b
00ed00740034003c
0135012501350125
019e0196015d014d
0256021e01ee01c6
028f0276026e0266
01e601de01ee025e
01b601d602060206
01ae01b601c601be
01b601be01ce01be
018e019601be01c6
01e601d601c601a6
0236021e021e0216
021e0216024e0266
028f028f024e022e
011501de024e0266
01750145011500e5
01350165016d018e
016d0175016d014d
006c00e501450186
fe8bfecbff8cffdc
fe9bfe5afefbfe93
fef3fec3fe9bfe9b
feebff53ffa4ff03
feebfee3ff1bff23
fe9bfecbff23ff63
ff4bff6bff5bfee3
febbfe5afe22ffac
ff03febbff84ff7b
fe7afef3ff0bff0b
fee3fe62fe1afe62
ff43ff4bff5bfefb
003cffdcff63ff63
00c5005c00440014
0125011d012d011d
01be01ae015d0145
023e021601f601de
02a7027e026e025e
027e029f02a702a7
01fe020e02360266
01b601ae01be01d6
01ae01be01ce01be
01de01c601ae019e
027602760266022e
026e025e025e0266
023602460266027e
028f02870256023e
014501de0246026e
0196015d011d00e5
01a601be01de01de
016d018601ae01ae
009500ed013d017d
fe3afee3ffbcffe4
fe6afe42feabfe62
ff1bfed3fecbfe7a
fedbfecbff0bfef3
fe52fe3afefbff53
fe7afe0afe83fe93
ff6bff6bfecbff33
fe8bfe12fdc2fedb
ff43ffa4ff94ff43
fe83fee3ff0bfed3
fecbfeb3fe42fe8b
ff8cff3bff4bff23
003c0024ffacff8c
00cd006c0054003c
011d0115011d010d
01c6019e015d014d
0216020601fe01ee
029f027e025e0256
02c702bf02af02a7
0297029702af02cf
022e022e02460276
02060206020e0226
024602260216020e
02a702a70287026e
028f028702870297
0226023e02660287
0276026e025e023e
017d01f60236025e
01a6013d00fd00ed
01ae019601ce01ee
017d019e01ae01b6
00ad0105013d0165
fdfaff03ff940004
fe52fe1afe72fe42
fefbfeb3fe93fe52
fea3feb3fe3afeb3
fe42fe1afe7aff43
fe2aff13ff23fec3
fe7afed3fe6afe8b
ff13feabfe7afe93
ffac002cff63ff73
fea3fe93fef3feeb
fedbfed3fe9bfe93
ffacff4bff43ff5b
005c003c0014ffd4
00c5006c007c007c
014d0135012d00f5
01c6019e016d0145
0216020601ee01de
0297026e0256024e
02c702b702b702a7
02af02af02bf02c7
026e026602760297
02260226023e025e
026602460246023e
028f0297026e0256
027e026e026e0287
021e02160246025e
025e024e023e022e
01b60206022e0256
01de016500f50125
01a601a601be01de
019601a601b601b6
0095011d0155017d
fe12ff2bff730014
fe6afe5afe7afe6a
ff13fecbfe6afe72
fe5aff84fe4afeab
fea3fdc2fd9afde2
fee3ff8cfefbff53
fe83fe72fe93fe42
ff03fe93fec3feab
ffacfffcffa4ff73
fe8bfe6afef3ff0b
ff2bfebbfe9bfe62
ffbcff73ff33ff63
0095007c0064002c
0095004c006c00a5
016d0165013500d5
01be019e016d014d
020e01fe01ee01d6
028f0276024e023e
02cf02bf02bf02a7
02cf02cf02cf02cf
0287028f02a702bf
025602560266027e
02460246024e024e
02460256023e0226
021e021e02260226
01f601fe021e0216
022e0226020601fe
01e60216022e022e
01de016d0125018e
01b601c601b601b6
018e01a601ae01c6
009d011d013d016d
fe1afedbff5b0014
fe8bfe7afe6afe7a
ff0bfecbfe62feab
fddafecbfef3ff3b
fe9bfdaafd69fd69
ff73ffccffc4ffa4
fee3fe83ff2bfed3
fed3fe02fed3ff53
ff84ffa4ffdcff84
fe5afe7afed3ff03
ff43fef3fe83fe83
0034ffbcff43ff13
00b500cd00dd0095
0074004c006c00ad
0175016d012d008d
01b6019e01650165
020601ee01de01c6
0287027e02560236
02cf02c702b7029f
02e702ff02ef02df
02af02af02c702e7
026e028702870297
0226022e02460256
01de01d601e601f6
01de01de01ce01d6
01be01b601ee01ee
0226022601f601e6
01f6021602260216
019e0155016d01be
01d601d601de01be
0196019601b601be
00ad0115015d0186
fe52feb3ff940024
fe83fe83fe72fe6a
ff8cff33fed3fea3
fe62febbff3bff9c
ff4bfe02fda2fe52
ffacffdcffecfffc
feebfea3febbff03
ff73fe9bfec3ff1b
ff1bff6bff63ffa4
fe52fe72feabff0b
fedbff3bfed3feeb
00bd0034ff8cff0b
00d50105010500ed
006c004c006400bd
0175016d0105004c
01b601a601750165
021601ee01ce01be
0287026e023e022e
02c702bf02a7028f
030f031702f702df
02d702ef02ff031f
025e0287029f02b7
01e601be021e023e
01a601c601b601be
01ae0196016d0186
018e015d01d601de
02460246021e01e6
020e022e0226022e
0165017501ce01ee
01ce019e0196018e
018e019e01ae01b6
009d00fd01550175
fe6afe93ff9c0014
fe52fe42feabfe52
ffbcff63fefbfe7a
ff03fe6aff1bff6b
fecbfe5afeabff2b
fff4ffbcff53ff63
ff03fe6afe12fed3
ff6bfecbff23ff53
ff33ff2bffb40014
fe52fe6afea3fefb
fed3ff1bff23fea3
00f5008dffd4ff4b
00ed010d0105010d
00640064008d00d5
0175016500ed005c
01be01b6018e0175
021601e601ce01b6
02660256022e021e
029f02970287027e
0327030f02f702cf
02d702ff0327033f
024e026e02a702c7
01a6019e01e6021e
015d01d601fe01be
019e0175013d014d
0196015501a601b6
023e023e022601ee
02360256025e024e
014501be020e0216
01be01960165014d
017d019601ae01be
008d00f5014d0165
fe8bfe9bff8cfff4
fe62fe02fe7afe4a
ffbcff84febbfe83
ff73feebfef3ff84
fe5afe8bff4b0004
ff63ffdcff3bff1b
feabfe83fe6afe93
fe9bff2bfedbff23
ff33ff3bff84febb
fe8bfe6afe72fea3
fedbfeb3fee3fecb
010d009dfffcff6b
00f501050105012d
008d0095009500ad
0155013500f5008d
01a601a60196017d
020601d601c601a6
02560236021e0216
028f026e026e0266
031702ef02c702a7
02c702e70307031f
023e0256027e02a7
0196015d019e0206
012501a601fe01f6
01ae019601750145
0196016501650196
026e024e021e01f6
0256028f02b70297
015501e602360246
018e015d01550165
0165017d019e01be
005400cd011d013d
fe6afe9bff94ffcc
fe9bfe22fecbfe83
003cff5bfecbfebb
ff73fec3fe9bffa4
fe22fe52ff84fff4
001c00a5ff13fe4a
fe4afefbffc4ffec
ff33ff1bff23fec3
ff1bff5b000cff1b
fed3fe9bfeabfea3
ff33fea3fe93fedb
010500bd003cff8c
00e500fd010d0125
00a500ad0095009d
01550135010500ad
019e01ae01ae0196
01fe01de01c6019e
022e0226020e020e
027e026e025e023e
02d702bf02a70297
028702a702af02bf
02060226024e0276
01e60175017501c6
0125014501c60216
01d601d6019e0155
01ae019e01b601ae
029f026602260206
027602cf031702df
017501ee02360256
016d015d018e017d
014d0165017d018e
002c00bd010d013d
fe72fe7aff2bff84
fe8bfe4aff03fe93
ff73ff3bfee3fedb
fe8bfe3aff43ff8c
fecbfee3fec3ff03
005c0014ff43fe62
ff03ff0bff13ff94
ff63ff5bff5bfe6a
ff1bff33ffa4ff8c
feabfed3fedbfedb
ff73ff33fe4afe42
010500b5005cffac
00c500ed011d0125
00b500bd00b500ad
016d013d011500cd
019e019601be01b6
01de01be01be01a6
021e0216020601fe
0266025e024e023e
02870287027e0276
02660266026e0276
01ae01e60216024e
02260206019e0165
013d011d01ae021e
021e021601c6017d
01be01b602060216
02b70276023e01f6
027e02c7031f02f7
016501e60226024e
015d017d018e016d
0135015d016d015d
fffc009500dd011d
fe6afe72ff1bff63
fe42fe72febbfe83
ff43fe72fe52feb3
fdaafe9bff84ffb4
fec3ff03fe93fe02
fffcffc4ff2bfeb3
ff1bff23fedbff6b
ff73ff8cff13fe22
fe5aff0bff4bff3b
fe93fed3febbff13
000cff7bfebbfeb3
010d00bd0044ffbc
00cd00e50115012d
00d500d500c500cd
016d013d011500e5
018e018e01c601be
01ce01c601ce01b6
022e020e01ee01de
023e02360236023e
023e023e0256024e
023e024e0256024e
013d017d01c60206
0236023e02260186
013d013501d60216
022e020e01ce0186
01d601fe0236024e
02af027e024601ee
026e029f02d702d7
012d01d601fe022e
013d0155014d014d
0105011d01450145
ffc4005c00b500dd
fe62fe52fef3ff63
fe4afe83fe9bfe7a
ff4bfe5afe32fe8b
fe93feebff5bffd4
fef3ff3bfefbfedb
fff4ff73ff3bfe9b
ff6bffd4fffc0024
000cff63feabfe1a
fe42ff0bfefbff7b
feebfe7afee3fefb
005cff94ff13ff94
00fd00b5002cff9c
00e500f5011d0135
00ed00ed00e500d5
015d012d011d00f5
01ae01a601c601be
019e01ae01c601c6
021e01fe01be01a6
0216021e0226021e
0226020e0226021e
01de022e024e0246
014d0125017501a6
022e02660266020e
0135019601f60206
020601de019e0165
01fe02260236021e
0276024e020e01fe
022e026602870287
011d018e01d601f6
00fd011501150125
00e50115012d0125
ffd4fffc007400bd
fe4afe42ff03ffc4
fe8bfe9bfe52fe7a
ff13fe93fe72feb3
ff43fea3ff53ffb4
ff1bff94ff9c000c
ffb4ff73fe93fe7a
ffacffd4ffe4ffbc
fffcfebbfe4afe93
fefbfef3ff8c0074
fef3fe4afe93fefb
ff94fec3feb3ff73
00f500b5001cffd4
010d010d0115012d
00f500f500f500e5
016d013d012d0105
01be01b601be01be
017d0186019e01b6
01fe01e6017d0165
0206020602060206
0216020e020601f6
01a6020602360236
01de012501450186
021e02660266024e
01be020e01fe0206
018e017501550165
01be01be019e018e
020e01e601d601d6
01f6021e02260216
010d012d019601c6
012501350105010d
00ad00f5011500fd
000cffec00340074
fe83fe8bff1bffb4
feabfe6afe52fe8b
fec3fee3fedbff0b
ff0bfe72ff1bff1b
fef3fe9bfec3ff73
ff6bff63fee3ff2b
ff3bfecbff3bff63
ff33ff33ff63ff3b
fefbfed3ff8cfff4
fe93fe3afe62fed3
ffc4fee3fe9bfecb
00fd00ad001c0024
0125011d00fd011d
011d0115010d00fd
0186013d0135011d
01ce01a601a601ae
017d019e01ae01c6
01de01ce013d013d
01fe020601ee01e6
01e601ee01f601fe
018601ce020601f6
0206016501050145
02460266027e026e
024e024e02360236
01ee01ce01be01fe
0155015d019601ce
0186017d01960186
01ae01ce01d601b6
0125010d0145017d
014d014d0115010d
00b500f5012d010d
0074001c002c006c
fecbfeabff2bffb4
feebfe7afe5afeb3
ff23ff9cff53ff0b
ff73fefbff0bfef3
feabfdf2fe52ff53
fe6afe8bfe62fec3
fe62ff23feebfe62
ff03ff53ff03fe83
ffecffb4000cff9c
fe1afe1afe5afe8b
007cff03fe7afe5a
00ed009500040014
011d011d010d00ed
013d0115011d010d
018e014d0135013d
01b601ae01a601a6
016501a601c601d6
01c601ae0186015d
01de01e601d601d6
01e601ee01ee01de
0155019e01ce01d6
020e01ae01350105
02760287028f025e
02660266026e0276
024e024e02560266
01c6021602660266
0145015d01de01ee
015d017501860175
013d012d0115013d
0135010d01050125
00f5015501960175
00cd00b5006c00b5
fedbfe9bff4bfffc
fed3fe72fe62fed3
ff03ffd4feb3fec3
ffdcfed3fe02fe02
fdd2fdd2fe62ff6b
fea3fec3feebfeb3
fe3aff6bfee3fe93
ff23ff3bff43fe42
006c00040024ff9c
fdf2fe52fed3ff43
009dff63fec3feab
00bd0064ffe4001c
0135012d010d00dd
014d0125012d011d
019e016d014d0145
01ae01c6019e019e
015d01a601ce01ce
01b601ae01ae0196
01b601be01be01b6
01ee01de01ce01a6
010d0125017d01be
022601e601ae0165
02970297028f025e
027e0297029f02a7
02760287028f028f
021e026e02970287
013d018601a601c6
0145014d016d015d
012d01450155013d
017d011500e500fd
015d01be021e01ee
00fd010d006c010d
feebfedbff8c000c
fee3fe5afe62feeb
ff1bff0bfe93fe83
ff1bfddafe9bff0b
fe22ff13ff23ff23
febbfebbfefbfe52
ff0bff84ff2bfed3
ff3bff33ff03feab
ffb4ffcc003cffac
fe6afe52ff5b0024
ffbcff63ff1bff43
008d0034ffe4001c
0135012d011d00fd
01650145012d0125
019e017d0155015d
01ce01c601960196
0155018e01ce01d6
019601a601a60175
019e01ae01ae019e
01b601c601ae0196
01ce013d011d016d
02560226021e0226
02a7028f0276026e
02af02b702b702bf
02b702c702cf02c7
024e029702bf02af
011d0175019e01fe
01a6017d014d011d
00f501250186019e
01ee0155010500d5
01a601f602660276
00fd0115003c010d
fee3ff1bffac003c
ff1bfe83fe7afee3
ff43fef3ff0bff23
ff3bfee3ffacffc4
ffac003cffdcff8c
ff03005c0014ffe4
0054ffacff2bfecb
febbfedbff03ff7b
fed3ff84001cffb4
fe5afe93ff1bffdc
ffccfff4ff7bff73
007c001cffec001c
0135011d010500e5
016d01650145012d
01a6018e0175017d
01ce01b6019601a6
0155018e01c601d6
01a6019e0196016d
018e01a601860186
012501650186017d
0266022e01960125
026e0266027e0266
02970276026e0276
02c702cf02af02a7
02ef02ef02ef02d7
026602af02e702f7
01d601be01de021e
01ee020e01fe01f6
007c00ed016d01be
027601de016500bd
01a60206026602a7
00dd011d001400a5
fea3ff23ff940044
ff5bfe9bfe7afec3
ff84ff33ffdcffcc
ffa4000400ad002c
ffe4fffc0034ffbc
ff2b0064006c0044
ffccff43ff1bfe83
fef3feebfe62ff23
fe5aff0bff63ff03
ff43ffdcfff4ffd4
ffec0024ff9cff2b
005c001c000cfff4
013d012500f500b5
017d017d015d013d
01ae01a6019e0186
01c601be01ae01ae
0145017d01d601de
01a601960186015d
018e01960186018e
013501050155016d
02870276024e01d6
0276026e0287027e
0287027e026e0287
02cf02d702af0297
02ef02f702e702c7
027602b702df0307
022602160206022e
017501b601e60206
004c001400b5013d
02b7024e01ee0186
015501fe026602af
00ad00b5001c0014
fe93ff13ff53fffc
ff5bfe8bfe3afe72
ff8cff0bff73ffbc
fe42ff43005cff94
ffbcffa40064ff63
fff40004ff5bff1b
fe32ff03ff43ff1b
fe22fdf2fd92fe02
ff1bff8cffdcfef3
00cd00bd007cffe4
ffcc00140054008d
005c004c0014ffc4
0135011d00dd0095
01a6018601750155
01d601c601ae019e
01e601de01e601de
015d019601e601ee
0186016d01750165
01960196019601a6
01de0155012d016d
025e0256023e022e
025e024e0266026e
02660266025e026e
02bf02b7028f025e
02cf02e702cf02af
0266029f02c702bf
01b60206022e023e
008500ed01550186
00ddffccff8c0014
02bf028f022601b6
00ad01fe02560297
00ad011d008dff84
feabff13ff1bff7b
ff1bfea3fe12fe62
ffacff13ff63ff84
fde2ff23003cffa4
ff13ff5bffa4fe9b
ff94ffc4ff4bfea3
fea3ff63ff5bfe9b
fd92fdbafde2fdd2
ff53fe8bfe52fdca
0165016500b5ffb4
ffac00ad011d013d
0095006c0004ff8c
012d010500ad0074
01b6019601750155
01e601ce01be01b6
021601fe01f601f6
017501ae01f60206
01a60186017d0165
01b601b601ae01ce
01be01750135018e
021601f601ce01c6
021e022e022e0226
02060216021e022e
023e022e021601fe
022e025e02460246
01f60216022e01fe
0105017d01b601d6
000c005c009d00ad
01050044ff8cff2b
02bf02b7025e019e
ffec018e0246028f
00d5014d00a5ff53
fe9bff4bfefbff6b
ff7bff63fe83fe4a
fff4ff3bffb4ffc4
fec3ff9cfff4005c
ff230034ffb4feb3
ff23ff9cff7bff43
ff7bff03fe7afe3a
fe12fe5aff2bfefb
ff33ff0bfe2afdf2
01a6016d00cdfffc
009d013d019601ae
00d5006cffec000c
013d00fd009d008d
01ae0196016d0155
01f601d601c601b6
0236022e0206020e
018601be020e022e
01d601960196016d
01ee01e601ce01f6
01a60165017501be
018e018601a601a6
013d017d019601ae
00fd00f50105012d
00ed00d500ed0105
00d500d500d500ed
0105011d011d0105
007c00b500d500e5
013d017d0125007c
00e5004cffbcff2b
02af02bf029701be
ff5b00e502160276
006c013d00a5ff94
feb3ff7bff03ff94
fef3ffbcff03fe4a
fedbff03ff2bff6b
ff53ff33ff1bff0b
fe52fe4afe93fec3
ff13ff73ff43fefb
ffbcfe5afddafdda
ff73ff13ffacffd4
ff53ffbcfed3feeb
01de01be0105ff84
015d0175019601d6
00b5005c006c0105
013d00f5009500dd
01ae018e016d014d
020601de01ce01c6
024602460236021e
01ae01f6022e0246
01e601ae0196017d
022e020e01e601fe
01e6019e01d6022e
00c5007c012d01b6
00cd01050175018e
013d00ad00a500e5
011500b5012d017d
00e500cd012d0175
00dd0135013d0135
019e017d011500cd
014502a702ef01ee
00e5006cffdcff23
02a702bf029f01ee
feeb000c01960266
001400fd005cffd4
fee3ff43fedbff9c
fec3ff1bfecbfe93
fdfafeb3fed3ff33
fe62fe12fde2fd92
fdcafe7aff7bff0b
ff1bff53ff2bfe83
ff73febbfe42fe62
002cff1bffacff9c
ffb4002cff33ff84
021e01ee00edff0b
01de01ee01ce01ee
00b5010d018e01be
011d00b5009d00d5
01b6018e016d0145
020e01ee01ce01c6
025e024e0236021e
01a60216025e026e
01fe01de01ae018e
026e024e02260226
01ee01960206027e
00f50115018601de
027e02a702df0256
0307025e029702e7
02df028f030f035f
027e020e02d7035f
021602cf03170317
034703670307023e
003c028f037f0337
0105003c000cff1b
029f02af029f0216
fe6aff4300d5021e
ffcc009d00b5ffc4
fea3ff13fe9bff63
fe93ff13ff23febb
fe12feabfec3fea3
fe0afd79fd69fdba
fe1afecbff5bfeb3
ff84ff13ff4bff33
ffbcff3bff23ff8c
001cff0bff84ff1b
ffecff94ff4bfffc
01e601b6004cfde2
020e023e023e01f6
017d01f602260236
00d5005400b50115
01b601960165013d
01ee01d601c601ce
025e024e022e0206
01d6023e02760276
021601f601d601be
026e024e0246024e
01be01860206026e
017d022e01fe01de
026e017d023e018e
035f02ff034f035f
0390039003900398
035702d7037703c0
031f03a803d803d8
038803c003c0034f
ff2b01ce03880388
012d000cfffcff53
027e029f0297022e
fe3afe7a0004018e
ff6b008d012dfffc
feb3ff13fe8bff43
fefbfee3ff03feab
fe52ff03ff33feeb
fd82fdf2fd8afdea
ff94ff33fee3fdda
0014ffe400e500d5
ff43fe52ff3b0004
ffb4ff43ffccfef3
fedbfe8bfe930014
020e01960014fda2
0236024e025e025e
0236024e0266026e
008d0095014501e6
01a6019601650105
01ee01c601c601c6
02660256022e020e
02160266027e027e
023601fe01ce01de
027602660266025e
01b6019602160276
0246027e020e01d6
010d001c00f50155
034f02c702cf02a7
03a0037f037f0388
03a8035703a003b0
037f03c003e803f0
037f03b803b803a0
febb004c033f0377
016d002cfffcffbc
02060276027e0236
fe42fe0afeeb00ad
ff53003c00f50034
fea3ff23fe72ff53
fec3fe93feabfe8b
fef3ff84ffb4ff0b
fdc2fe62fe4afe3a
ff9cff53ffbcfedb
000400bd01550054
fe42fe3affb40034
ff94ff6bffbcfef3
ff3bfe2afedb0004
0246019effccfd92
02760276025e026e
027e027e028f0287
00ed019e022e026e
019e0175012500b5
01ee01d601d601b6
0276025e02260206
0226027602970287
023e021601e601f6
027e027e026e0256
01be01a602360297
0297025e021e01fe
00c500ad00f501ce
0307021e018e011d
0390035f035f035f
03b0039003a003a0
037f03a003c803d0
036703a803a803a0
ff43ff5302060307
01860074ffacffd4
015d023e0276022e
fe4afde2fdf2ff94
ffac0034012d0044
fe93ff2bfe3aff73
fedbfe93fe12fe12
ff03fe83fefbfe83
fe7afe42feebff8c
ff13ff5bffa4ff9c
ff4b000c00cdff9c
fe52fecbff33ffac
ffccff94ff3bfe4a
feebfe93fecbff73
023601aeff9cfd9a
029702970287027e
02af02970297029f
0206026e028f029f
017d013d00fd015d
01d601ce01b6018e
0276024e020601e6
0246028702970287
02460216020e0216
028f02870266024e
01c601a602260287
0256026602460226
00ed00e5015d021e
02c7022e016d00e5
037f030702e702e7
0398037f03880390
036f039803a803b0
02df037f03980398
ffc4ffa40074015d
017d00adff84ff94
006401d6025e0226
fe62fdeafdc2feb3
ffacffe400ed007c
fe7afef3fdf2fed3
fe62fecbfe93fe22
fedbff3bfe7afdd2
fedbff23ff6bff8c
ff4bff6bff5bfeeb
ff13fec3ff73ff5b
fe93ff4bff1bffd4
feebff23ff13fe02
ff43ff33feb3ff0b
025601b6ff33fd69
02a702af029f0297
02c702b702a7029f
027602a702b702bf
018e017501f60256
01ee01ce018e019e
0276023e020e01ee
026e0297028f0276
0246020e021e022e
027e0276026e026e
01c601a6020e0266
026e02760266023e
008d011d01ee025e
01c6011d009d007c
03570317025e01e6
0377033f034f0347
033703770388037f
011d025e0317034f
ffd4001400340044
018e00ddffc4ff4b
ff53012d022e021e
feb3fe22fd9afdfa
ff84ffd400dd012d
fe6afe83fdd2fe0a
fe9bff5bfee3fe62
fef3ff6bfe62fe42
fea3ff4bff6bfe93
feabfef3fe5afdf2
fdd2fd71feb3ff33
fe83febbfe6afe93
fe52fedbfecbfe83
ff5bff13ff53fea3
025e019efeb3fd49
02b702c702c702a7
02c702bf02af02b7
02a702b702c702d7
0226025e029f02af
020601be016d01c6
025e022e0216020e
026e028f029f027e
023e022e02260236
026602660287026e
01ce019602060246
026e0276025e0236
00ed016d024e027e
00850074006400b5
029f01ee010d00bd
02bf02d702cf0287
025e0246027e029f
007c00ad01350216
ffac0034004c007c
019601150014ff2b
fe02fff401ce022e
ff1bfe83fe1afd82
ff2bffe400850165
fe22fe42fdeafdb2
fef3ff5bfecbfe12
ffc4ffbcfeb3feab
feabff9cff6bff23
fd9afd9afe2afe3a
fe3afdfaff03fe7a
fee3fe1afd9afe32
ff23fec3fea3ff1b
ff53feabfeb3fe42
025e0175fe7afd51
02cf02ef02d702af
02d702d702cf02cf
02d702df02df02d7
02af02c702cf02d7
01c6015d01ae025e
0256022e022e020e
0276028f027e026e
023e023e0236024e
0266026602760266
01ce01a601fe023e
02760276024e0226
016d02160276028f
00140034007c00f5
00fd00cd007c0044
014501750175010d
00f500c500ed011d
008d00c500f50125
ff63fff4002c0064
01be011d0074ff33
fd41fe7a01150236
ffbcfe6afe8bfd69
fec30014ffbc013d
fe42fe6afe3afde2
ff3bff23fe5afd92
ff5bff13ff43ff2b
ff53ff2bff9cff53
fd59fddafed3fe83
ff43fec3fe42fd71
ff94fe22fe12ff0b
ff0bfee3fe93ff33
ff73fef3fe32fe8b
02560125fe32fd69
02e702ef02cf029f
02f702e702d702d7
02ef02ef02ef02f7
02cf02df02df02df
017501b6026602bf
02460216022601f6
0276027e026e026e
0236022e022e025e
025e026e025e024e
01ee01ce01fe022e
026e026602460226
022e026602560266
001c007c00e50175
00ed0085002c0024
00dd00bd00c500cd
007c00c500d500d5
001c006400a500ad
ff43ff94ffdc000c
01c6010d009dffb4
fd11fd9affbc01ce
002cfe22fe0afd19
fe93fff4ffe4012d
fe0afe8bfe4afe22
ff03fe9bfea3fd8a
fecbfe5aff13ff0b
ff63fe5afdeafdd2
fe5afef3ff43ff7b
ffa4ff9cfe6afe2a
0014ff33ff13ff23
fe83ff1bff4bff7b
ff8cffa4ff0bfecb
026e00c5fde2fd82
02d702d702bf02c7
030702ff02ff02df
02f702f702ff0307
02df02df02df02e7
01be027e02c702d7
023e021e020601ae
0287027e025e025e
021e0226023e026e
024e026602560236
01f601de020e0226
026e025e023e020e
0266026e0256026e
006c00fd01be023e
016d006c003c0054
00a500ad00bd0155
002c008d00b500ad
ffec0024004c0034
ffbcff7bffacffc4
01b6010500a5002c
fda2fdb2feeb0135
00edfe4afd69fd21
fe72ffac005c008d
fe22fe3afda2fe12
ff1bfed3ff3bfe3a
fe4afdeafedbfef3
fefbfe83fd92fdb2
ff84ff5bfef3feab
ffccff3bfe7aff33
ff4bff7bff5bff73
fe6afeb3ff63ffac
fe42fed3ff3bfef3
02560095fe6afe22
02e702cf02cf02d7
030f030703170307
02ff02f703070317
02e702ef02ef02ef
025e02c702d702e7
021e01fe01d601b6
0287028702660236
02160226024e026e
024e025602560236
01d601e6020e0236
0256024e023e01fe
025e025e025e0266
015d01ee024e025e
006c007c00b500f5
006400740074007c
001c0034004c0074
ffec000c002c0034
00540024ffecffd4
0165010500cd006c
fda2fe93009d0145
018efedbfd92fd51
fe8bff3b007c001c
fef3fe93fdd2fe02
ff1bfec3ff1bfefb
fde2fdaafec3feab
feabff2bfe5afdfa
ffa4fef3fe52fdfa
ffe4ff1bfefbffbc
ff0bff94ffecffac
ffe4ff94ff13ff63
fe7afee3fefbff0b
022e007cff3bfe1a
02ef02d702d702c7
03170307030f030f
030703070317031f
02f702ff02ff02ff
029702cf02e702ef
01e601c601a6020e
0276026e02560216
01f60216023e025e
023e023e023601fe
01d601ee02260236
0236023e0236021e
026602560236022e
023e0266026e026e
00b5013d01c6020e
004c005c005c0074
0034001c0024003c
004c002c003c0064
009500c500cd009d
013d00f500ed00ad
fe83008d01c601ce
014dfff4fda2fd8a
ff53ff4b0074004c
ff2bfe72fdbafe12
feb3fe3afe62ff0b
fe5afe2afea3feab
febbfe4afe12fe32
ffb4fef3fec3ff33
ff4bfee3ff73ffe4
fec3ff5bff6bff7b
fff4fef3febbfefb
fe62ff0bffd4ffdc
01f6000cfeabfde2
02ff02df02c7029f
031f0317030f0317
030f030f031f031f
0307030f0307030f
02bf02ef02ef02ff
01b6017d01a60266
02560256023601f6
01f6022602460256
0236021e01f601de
01f601f602360246
02260236023e0236
025e023e021e0216
025e025e0276027e
01e6022e0256025e
00c5010d01350186
0085005c00540074
00f500ad0085008d
00dd00f501250135
016d00c500fd00ed
0074019e021e0236
013500e5fdbafe42
fe72ff03ffd400d5
febbfe42fdaafd8a
fe5afed3fe72fe72
fe0afdfafdf2fe52
fe93fd9afdbafe52
003cfe8bfe4afee3
fe3afedb003c00b5
fefbfeebff4bff6b
ffacfeebfe9bfed3
ff5bff94ff9cff2b
0165fefbfdbafdd2
02ff02f702cf029f
031f031f031f0317
03170317031f031f
03170317031f0317
02f703170317031f
018601a6021602b7
024e023e020e01c6
0216023e023e0246
022601e601b601de
0216020602260236
022e02360236022e
022e02260226021e
0266025e025e025e
0256025e0266025e
016501b601ee021e
011d00f500fd010d
01650155013d0115
00fd011d014d0165
01fe00c50115010d
016d020e026e0297
0125019efee3000c
fe1afe6aff6b00c5
fea3fe22fdd2fd82
fdc2fe83fe8bfec3
fefbfe8bfe4afe2a
fd92fd29fedbffcc
ff2bfefbfeb3fda2
ff43ffbc00140004
febbfdfafee3ffa4
ffd4fef3fee3ff43
fecbfee3ff03ffbc
fffcfe1afdc2fdea
02ff030702e70236
0327032703270327
031f0327032f031f
032f0327031f031f
03370337032f0327
0216028702cf0307
020e01fe01be01ce
022e023e021e0216
01ee01a601b60206
021602260226021e
0256024602360216
0216021e022e024e
026e025e025e0246
026e026e027e026e
01c601fe022e025e
0155015d016d017d
01a6018e018e015d
0115012d0155017d
029f012501250135
0206027e02b702df
00fd016d0085013d
fdb2fe2afe52fffc
fe8bfe0afdcafd82
fdbafe83fec3fee3
ff53fea3fe72fe3a
fd49fd69fefbff13
fe62fe12fe1afd51
ffe4ffdc0044ffbc
fe0afdb2fe9bffa4
ff9cfeabfefbff8c
ff13ff5bff4bff8c
fe02fd82fdcafeb3
031702ff02b700d5
032f032f032f0327
032f032f0337032f
03270327031f032f
0357034f033f032f
02c702ff03170337
01b601b6020e0276
02160206020601ee
01a6016501d6021e
02160236022e0206
0276025e022e020e
022e0216024e0276
0287027602760266
0287028702870287
01e6021602460266
018e0196018e019e
01be01a601a6019e
014d01550165018e
02e7019e01250165
027602d702ef0307
00d5012d01150196
fe7afe72fdcafee3
fe3afdd2fdcafdf2
fe52fefbfeabfe9b
ff3bfe4afdeafe7a
fd79fddafe93fe8b
fd79fd69fdfafdd2
fed3ff73ff03fe7a
fda2fdd2fe72fec3
fffcff1bff73fef3
ff8cff73ff7bff8c
fd59fd71fdfaff8c
032702ff01c6fec3
0337033f03370327
034f0347033f033f
032f032f032f033f
035f0357033f0337
031703370347034f
01a6022e02bf02ef
01ee01ee01de01be
0155018e01ee01fe
022e022e021601be
027e0266023e0226
023e0236025e027e
0276027e02760256
02870287027e027e
01d6020e024e026e
01e601e601ce01d6
01c601d601ce01ce
0165015d017d0196
02f701c601150175
02bf030f0327031f
009501650135019e
fe62fdcafd69fe2a
fdf2fda2fd8afe2a
fe9bfe8bfe12fe02
fe4afe2afe9bfed3
fd59fdbafe1afe32
fdcafde2fe42fe02
fdb2feebfe62fe22
fdc2fe4aff2bfe32
ffbcff13ff23fedb
fee3ff63ffcc0004
fdf2fe42fe42ff8c
031f029f0054fdda
034703470347032f
0357035703470347
0337033f0347034f
034f034f03470337
034f035f035f0357
020602df031f0337
01ae01b6018e014d
015501de01f601be
022e020e01d6015d
0276025e0246023e
022e02460276027e
0276025e021e0216
028f028f02870276
01fe0226024e027e
01f601f601fe0206
019601b601b601d6
014d0145015d0175
02d70226012d016d
02af03170317030f
00f5015d01750175
fe1afd61fda2ff6b
fe72fdd2fd92fe12
fe5afe52fddafde2
fd61fd51fe93feab
fdc2fdc2fdc2fe22
fec3fefbff2bfe8b
fe0afedbfe42fe6a
fddafe83ff33fe42
ff8cff5bff2bfe22
fe9bff5bff9c0095
ff33ff33fe7a0004
02e70155ff33fe02
034f034f0347031f
035f035f034f034f
033f034f034f0357
0347033f0347033f
036f036f035f034f
02e70347033f035f
017d017d015501a6
01ce021601de018e
021e01de0165011d
024e024e023e022e
02560266028f027e
025602460236023e
029f029f027e0266
0226022e024e0276
01ee01ee01e60206
018601b601ae01ce
013d01250125013d
02a7023e011d014d
027e0307031702ef
0165014501be015d
fdcafdbaff1300fd
fee3fdaafd8afdea
fe72fe1afddafe32
fdaafd82fe32fe2a
fe32fe42fe22fe1a
ff53ffbcff63fec3
fe72fe62fdd2fe72
ff03ff94ff13fecb
fee3ff13fe72fe5a
fea3ff23fefbffc4
0014004c002400fd
01fe003cfeebfe1a
03670357033f02ff
035703570357035f
0347035703570357
0347033f03470347
0367035f0357034f
0367036f036f036f
01650145016502a7
01f601de018e016d
01f6018e010d016d
024e02460236021e
0276027602760266
024e02560266026e
029702970266024e
022e024e026e0297
01ee01f601e601ee
019601de01de01de
013d013d012d0145
027e02460145012d
021e02ef02ff02cf
01ee018e01c601b6
fd92fef300e50196
fdaafd71fd8afd69
fdeafd92fd82fdaa
fdfafdcafe02fda2
feebff53ff33feb3
0044ff9cff33feab
fef3ff2bfec3ffac
febbff5bff1bfef3
fe4afedbff1bfe52
ff33ff5bfe8bfeeb
0064011d00d5002c
00b5ffacfe5afe22
03570347030f023e
034f035f035f0357
034f035f035f0357
0347033f03470347
034f034f0347034f
037f037f0377035f
017d01550216033f
01b6016501550175
017d0115014d01ce
024e023e021601d6
02760276025e0256
024e0266026e0287
0297027e025e0246
0216025602760297
01d601d601de01e6
018e01de01fe01ee
013d014d014d014d
0266024e01960125
0196029f02bf0297
026e022e016d01f6
fe9b00c501ae020e
fdaafdaafddafd69
fd9afd92fd79fdf2
fdeafdc2fdb2fd31
fe72febbff94ff23
ff0bff84ff33febb
fe0afe7aff43ff94
fe4afe93feb3fe22
fe6affd4ffdcfeeb
ffbcffe4fea3fea3
006c010d0044fedb
fefbfea3fe12fe4a
0347030f023e0004
0357035f0357035f
034f035703570357
034703470347034f
033f033703370347
03880377035f034f
017d01ce02ef036f
01450145018e01ae
0115014501c601b6
021e01fe01ce0175
027e0276024e0246
025e027e0287028f
026e025602660266
0216025e02760287
01f601ee01e601e6
017d01ce0206021e
012d0145014d014d
0256025601f6011d
019e020e0266025e
02b702b701c601de
007c019e01fe0266
fd9afd79fd59fe1a
fddafdf2fda2fde2
fe8bfe7afdeafd79
fe6aff03ffc4feeb
ff4bff8cfeebfe8b
fe2afeb3ff33ff6b
fe6afd92fdd2fdda
feebffe4ffccff53
ffb4ffe4ffec001c
ff94002cfed3fe4a
fea3fe52ff13fec3
031f025e001cfea3
035703570357034f
034f034f03570357
0347033f033f034f
0337032f033f033f
0367036703570347
01b602b7034f036f
015501b601ce018e
013d01b601b6015d
01e6019e01650105
027e0266023e0216
0276028f0297028f
026e02660276026e
022602660287027e
020e01fe020e020e
018601b601ee020e
00fd0145014d015d
02460256023e0165
01a6016501f6022e
02ef0307025e01be
018e01fe026602b7
fd82fde2fdfafffc
fe4afe9bfe0afdba
fe5afe9bfe52fe72
ff0bffbcfff4ff23
ff3bff33febbfe42
ff730034ffe4ff84
fe62fdbafe22fe7a
ff23ff5bff43fee3
ff9cffcc00d50024
ff43fe6afe62fee3
ff9cffcc0024ffd4
02760044fe32ff03
035703470347031f
0357034f03570357
0337033703470357
03370337033f0337
0357034f0347033f
02b7033703570357
01d601de01a601e6
01ae01b60175018e
0186012d00fd0125
024e0236020601d6
0297029f02870266
027e0276027e028f
023e0276028f0297
01de01f602060226
01a601b601be01c6
00fd0115013d017d
0256026e026e0206
01a6014d0196020e
030f030f02df01be
01f6023e02a702e7
fd71fe3affb4015d
fedbfe42fdb2fd61
fe52fe83fedbff4b
ff8cffe4ff9cff3b
ff2bfebbfe12fe62
ff9400340044ff43
fdf2fe12fe42feeb
ffacff2bfefbfe62
ff84003c00ad006c
0014fe8bfea30024
000c005400740095
00b5fe3afdeaff63
03470337031f029f
035703570357034f
033703470357034f
0337033703370337
033f033f0337033f
03370347033f0337
01ce01a601f602c7
01ae018601be01ee
00fd00cd013501a6
020601f601ae015d
0297027e0266023e
029f028702870297
0236026e0297029f
01ae01de01fe0206
01960196019e0196
019e010d011d016d
02760287027e0266
016d0165017d0216
030f032703070226
0226029702d70307
fdfaff94012d01ce
ff2bfe8bfe5afdd2
fedbfea3fe2aff13
ff7300640064ff6b
fee3fe32fdf2febb
ff7bff9c002cff4b
fecbfedbff2bff0b
ff5bffbcff03fe72
fe4a0004012d009d
fffcfe7afe7a0095
002c004c006c0074
fefbfdeafe62ffac
032f030f02a700f5
0347034f0347033f
033f033f03470347
032f032f032f0337
0337032f0327032f
033f033f0337032f
01ce020e02c70327
019601ce01ee01de
00ad012d01ae019e
01de019e013d00cd
025e023e02260206
0287028702760276
020602360246026e
019601ae01be01d6
01750175018e0196
025e018e00fd012d
028f02a7029f028f
013d014d014501f6
030f031f0307028f
028702ef0307030f
ff23011d01ce0226
fe93ff23fe7afde2
ff03fedbfe22fe93
ff63ffe4004cff4b
fe93fecbfee3ff0b
ffe4fffc0004fec3
ff9cfecbfed3ff23
ffa4fecbfe9bff13
ff43001400d500bd
ff84fe42fe7aff9c
ffecffb4ffd4005c
fed3fe4aff43ffac
0307028700c5fef3
034703470337032f
0337033f033f033f
0327032703370337
032f031f0327032f
03370327032f0327
022602bf032f033f
01d601ee01d601de
013d019e019e018e
018601050095009d
01f601ee01de01ae
021e0236021e0216
01d601e601f60206
016d017d018601ae
012d015d01860196
029f0256014500f5
028f02b702af02a7
018e0115012d01a6
03170327031702b7
02df031703170317
009d01a6021e028f
fec3fff4fec3febb
fe12fe6afe7afe22
feabfe22ff03fed3
fe9bfe93fec3ff2b
00140014ff8cff53
fee3fefbff94ffb4
ff33fed3fe7afe22
fefbfefbff23ff9c
ff1bfe4aff63ffdc
00bd0105001c0085
ff03ff3bffacffbc
028700c5fe4afe6a
0347033703270307
0337033f0347033f
031f032f03370337
0317030f03170317
031f030f030f0317
02c70337033f0337
01e601de01ce0226
01ae01ae01a601be
00c5007c00b5014d
019e01a6018e014d
01d601e601ce01b6
01ae01ae01ce01d6
014d015d016d019e
00dd011d014d016d
02b7029f021e0145
026602c702cf02b7
01e6012d014d01be
0327031f02ff02c7
02ff031f03270327
016501ee026e02c7
fe72ffd4ff3b002c
fe1afe22fdc2fdba
fe9bfdb2fdc2fdea
fecbfddafe52feeb
0054ff5bffb4004c
fe72fee3ff23ffac
fe5afe1afddafdd2
feebfe8bfec3fecb
ff4bfea3008d0064
009500ad00340095
ff03ffa4ffec00d5
00d5fe9bfe02fe3a
031f030f02ef026e
033f033f032f0327
031f032f0337033f
02ff030703070307
030f030f02ff030f
0337033f03370327
01be01be022e02e7
01be01b601d601ce
00850115018e01be
0175014500f50085
0175019601860175
018e018601860175
0115012501450175
016500c500dd011d
02b702bf0297024e
026602c702c702a7
0236013d014d01f6
0317030f030702cf
03170317030f0327
01ce0226029f02f7
fe22fe3aff1b0115
fec3fdcafd29fd41
fe8bfde2fe72ff0b
fe3afdd2fe72fe62
ffacfea3fea3fee3
ff13feb3ff0bff63
fe72fd71fe62ff23
fe4afdf2fe42fe3a
0004ff3b01650095
006400d500540095
fecbffb4fff4012d
fe72fe72fedbfe3a
02df02bf024e00bd
0337032f031702ff
0317032703370337
02f702f7030f0317
02ff02ff02ff02f7
0337032f0317030f
01c6022e02df0337
01ae01c601ce01be
0155019e01c601be
00cd0085008500dd
012d013501250105
011501150125011d
0074009500bd00f5
02b7019e00740044
02bf02c702af02df
027602bf02c702a7
0266016d013501f6
031f030702ff02bf
0317030f0307031f
01fe025e02af02f7
fd71feab009d019e
fe2afd79fd01fcf1
fd69fe12fe32fe52
fe12fddafe4afdba
fe1afe1afee3fe62
ff33fee3fefbfe62
fe2afddafea3fefb
fec3fe62fe42ff0b
00ad000c011d002c
00440105006400bd
fe22ff84004c00f5
fdf2ff13fef3fe42
02b7024e00b5fe4a
0327030f02ff02e7
031f0327032f032f
02e702f703070317
02ef02e702f702ef
030f030f030702ff
025e02e70327032f
01be01be01be01de
0196018e018e019e
008500ed015d0186
006c008500640064
00640074007c0074
ffdcff53ffe40044
030f02e7022e00ed
02ef02c702c702f7
028f02c702d702e7
028701e6014d01c6
0327030702e702b7
02ff02ff03170337
0226028702cf02df
fe1a0034019e01ee
fdc2fd11fcf1fd51
fd51fde2fdaafdaa
fea3ff1bfe6afdb2
fdbafe7afee3fe93
fddafdb2fdbafd31
ff63ff7bff13fe83
fee3fe5afe7aff3b
0074ffd4ffc4ffcc
00740115008500b5
fe4affd4002c00b5
fe62ff23ff94fe4a
0236009dfe5afdc2
02f702ef02cf02af
0327032703270327
02f703070307031f
02d702e702f702f7
02ff02ef02f702e7
02f7031f030f030f
01a601ae01f60297
0165015501750196
0145014d0155016d
004400b500ed011d
ffdcfff4000c0014
022e00cdffccffac
03270317031702f7
030702df02f70317
02a702d702ef0307
02a70236015d019e
031f02ff02d702b7
02df02f7031f0327
025e02af02d702df
ff63013501d6021e
fd29fce9fd92fe62
fdf2fe32fd49fd61
fefbfe8bfdeafdea
fdeafe5afe9bfe93
fd21fd21fd19fd41
feebfef3fee3fde2
fe7afecbfe72ff23
ff8cff03ff5bff7b
012d0034004c003c
fefb0034ffac014d
fe83ff230014fe32
00b5fe52fda2fe2a
02ef02df02af0246
031f030f030f02ff
02f702ff030f031f
02d702e702df02ef
02e702df02df02d7
0327030702ef02ef
0175020e02bf031f
01250135014d015d
00fd0105010d011d
00e5010501050105
007c003c0054008d
031f02ff025e00d5
031f0317031f0327
030702ef030f0327
027e02f7030f030f
02b70297019e017d
031f02ff02d702b7
02df02ff030f0317
0276029f02cf02bf
00a5019e01e6022e
fd19fdaafe42ff43
fd69fcf1fce1fd39
ff63fdb2fe1afdf2
fefbfe9bfe52fecb
fd41fce9fd59fe32
fe72fefbff23fe02
ff0bfeabfe4afeeb
fd92fda2fd8afd61
fdbafddafde2fdca
fe22fdfafddafda2
fee3fe6afe02fdda
ffdcffc4ff53ff1b
fe0afe7aff2bffc4
fdbafdcafdeafe0a
fddafdcafdaafdaa
fe72fe3afdb2fdb2
fe6afea3fed3feb3
fe62fe4afe5afe6a
fe62fe1afdfafe2a
fed3fe72feabfe62
fe32fd92fdbafedb
fd82fe4afefbfedb
fcf1fd82fd79fd41
fcf9fd41fdaafd49
fe1afdeafd9afd31
fd61fd8afddafe12
fd9afdb2fd71fd21
fd69fdb2fdaafd82
fcb9fcb9fce1fd39
fc70fc70fca9fcb9
fd59fd49fc70fc81
fc99fc60fc78fcc1
fd51fd51fcf9fc81
fd92fdaafdb2fda2
fda2fd9afd9afda2
fd9afdaafdb2fda2
fdcafdc2fd8afd82
fd82fd82fda2fdb2
fd11fd51fd82fd8a
fda2fdd2fdb2fd59
fd92fdb2fd92fd59
fe02fdcafdbafd8a
fedbfea3fe6afdfa
ff4bff63ff6bff43
fe5afea3fec3fefb
fe3afe42fe22fe22
fe3afdb2fd49fd92
ff53ff2bfecbfe72
fe6afea3febbfeeb
fe1afe2afe42fe4a
fe93fe4afe02fe12
ff3bff3bfe6afe5a
fd11fd31fdb2fe42
fd61fe02fe1afd69
fd51fdb2fdaafd69
fd69fd71fd69fd59
fe1afda2fdcafd71
fddafdc2fdaafe0a
fd69fd69fd39fd92
fd51fd8afdcafdd2
fce1fcf1fce1fd19
fc68fc60fc68fc91
fd21fd59fc89fc70
fcb1fc91fcb1fc70
fd41fd19fcd1fc81
fd92fdaafdc2fdaa
fdaafda2fda2fda2
fda2fdaafdb2fdaa
fdbafdd2fdaafd92
fd9afd92fdaafdba
fcc1fd19fd82fd9a
fd51fd69fd69fd61
fd92fdaafd69fd59
fe52fdeafd8afd69
ff43ff1bfee3fe8b
fecbfeebff0bff3b
fe72feb3febbfeb3
fde2fe1afe52fe2a
fefbfedbfe5afdea
ff43ff2bff0bff1b
fe93fe72fe93feeb
fd8afdcafe0afe6a
fe02fe2afe0afdc2
fe4aff0bfeb3fdfa
fcb1fcf9fd29fdea
fd9afdd2fd8afd11
fdd2fdeafdd2fdaa
fe0afd8afd9afda2
fe2afd9afd9afd9a
fe1afe12fdeafdfa
fdcafd82fd82fde2
fdbafd9afd92fdda
fc91fc78fcb9fd8a
fc70fc70fc68fc89
fcc9fd79fca1fc68
fce9fca9fc70fc50
fd29fd01fcd9fc99
fda2fda2fdbafd92
fda2fda2fd9afda2
fdaafda2fdaafdaa
fdbafdc2fdc2fda2
fd92fd92fdaafdba
fcb9fce1fd39fd71
fd92fd41fd49fd69
fd79fd69fd71fdba
ff0bfe7afe1afdba
ff2bff4bff73ff4b
fe4afe3afe6afecb
fe4afe1afe2afe12
fed3fe9bfe6afe52
ff43ff5bff7bff4b
fefbff0bff03ff2b
fe4afeb3fe9bfebb
fdf2fddafe0afe0a
fe2afd79fdeafe32
fdaafe2afefbfee3
fca9fd29fd19fd71
fdfafe02fd31fcb1
fe12fdd2fd51fd82
fdbafdb2fdf2fdc2
fe4afe12fdcafda2
fe2afe4afe0afdea
fdd2fd8afdaafdc2
fdeafda2fde2fdfa
fcd9fcf9fd01fd92
fc68fc58fc89fcd9
fc81fd69fcd1fc50
fcd9fc60fc68fc50
fd09fd09fd49fce9
fda2fd9afdb2fd82
fda2fda2fdaafdaa
fd9afda2fdaafdaa
fdaafdb2fdc2fdaa
fd79fd9afda2fdb2
fce1fc68fca1fd21
fdaafd92fd71fd61
fdd2fdc2fde2fdd2
ff84ff6bfecbfe4a
fe72fe72feebff6b
fdb2fdcafdcafe32
fe42fe5afe22fdda
ff73ff63ff33feab
ff13ff33ff7bff94
fea3fec3ff03ff13
fdf2fe42feb3fec3
fe93fe42fea3fe32
fef3fdfafdbafe2a
fd69fdc2fe8bff1b
fd09fd69fda2fd59
fdc2fd31fcd9fce1
fd69fd41fd59fdd2
fdaafdbafdbafd9a
fe32fe12fdbafd71
fe52fe7afe52fe12
fdeafdeafe3afe2a
fdbafdbafdeafdfa
fcf1fd21fcd1fd49
fc60fc81fcb1fcf1
fc60fd59fd29fc58
fc99fc68fc60fc50
fd09fd39fd92fcb9
fd92fd92fdaafd79
fdaafdbafdbafdaa
fd92fd9afd92fdaa
fd92fd92fda2fdc2
fd19fd69fd8afd92
fcc1fc20fc48fcb1
fd69fd69fd71fd9a
fe3afe42fe1afdca
ff6bff84ff53fedb
fe42fe72fe72fec3
fdd2fdc2fd79fdb2
ff1bfedbfe9bfe5a
ff6bffa4ff94ff63
feebfee3ff33ff6b
fec3feebff03ff03
fe42fe02fe3afeeb
fe42fe62fe83febb
ff73ff4bfe5afdd2
fd19fda2fe12ff23
fd9afd79fda2fd69
fce9fd11fd51fd8a
fd61fdb2fddafd61
fd61fd49fd31fd31
fd79fd9afd79fd69
fec3fe22fdc2fd69
fe52fe22fe62fef3
fe22fe5afe4afe52
fc91fcd1fcd1fd92
fc99fca9fcc1fcd9
fc50fd11fde2fc99
fc99fc60fc60fc58
fd49fd11fcf9fca1
fd9afd9afdbafdaa
fdbafdcafdb2fdaa
fd9afd82fd92fdb2
fd82fd8afd8afda2
fcc1fd19fd61fd82
fd49fc58fc20fc60
fdf2fd92fdaafda2
fee3fe7afe32fe2a
fee3ff53ff63ff13
fe1afe3afe8bfe83
fe83fdf2fdbafde2
ff5bff43ff23fef3
ff9cffb4ffa4ff84
ff23ff43ff23ff73
feb3fecbfef3ff03
feabfe52fdfafe62
fe02fea3fe5afe72
ffbcffacfefbfe12
fd79fdc2fe2afec3
fd9afd8afd82fdb2
fcf1fd51fd79fd79
fd49fd8afd09fca1
fcf1fcf1fce9fce9
fd29fd11fcf1fd09
fdbafd71fd59fd41
febbfe3afe3afe42
fe93ff03ff2bfef3
fd49fde2fdcafe6a
fcf1fce1fcf9fcf1
fc48fc99fe2afd79
fc99fc68fc58fc58
fd21fcd9fd01fcd1
fdaafdcafde2fd9a
fdc2fdc2fdbafdba
fd92fd8afd9afdc2
fd82fd8afd92fd8a
fc70fce9fd51fd82
fdcafcb1fc20fc30
fdcafdfafdf2fdaa
ff63ff4bfeb3fe12
ff13ff0bff5bff73
fdf2fe12fe5afebb
ff13fec3fe1afdb2
ffbcff9cff8cff6b
ff94ffa4ffb4ffac
ff4bff94ffacffbc
febbfedbfefbff03
feebfebbfe1afe02
fe1afe1afe9bfe6a
ff84ff94ff2bfe83
fd8afdbafe3afe62
fdbafdc2fdf2fdca
fd29fd71fd92fdba
fd31fd29fd31fd21
fd19fd21fd09fd01
fd29fd11fd01fd09
fd19fcd9fcd9fd19
fe7afde2fdaafd59
fecbfefbfee3fee3
fe12feabfe9bfe93
fd11fd01fd41fdba
fc48fc58fd9afe42
fc89fc48fc50fc40
fd29fce1fcc9fd11
fdbafdc2fdbafd82
fdd2fdd2fdd2fdc2
fd79fd92fdbafde2
fd82fd8afd8afd82
fc50fcc9fd29fd71
fdfafcf9fc40fc20
fdc2fda2fdbafe02
ff6bff4bff0bfe5a
feebff33ff3bff73
fdc2fdbafe22fe9b
ff7bff0bfebbfe22
ffb4ffd4ffdcffe4
ff84ffc4ffd4ffbc
ff33ff7bff9cff94
fe52feebfedbff23
fea3fef3fe83fe02
fe93fdd2fe02fec3
ff13ff8cff9cff1b
fdaafd92fe32fe42
fe42fdf2fe42fd9a
fd69fdd2fe22fe32
fce1fd31fd51fd51
fd19fd21fd01fce9
fd09fd41fd09fcf1
fcf9fcf1fce9fd01
fe42fdfafd82fd31
fef3ff0bfed3fea3
fd8afe2afe8bfeb3
fe32fddafd82fd79
fc70fc81fd51fecb
fcc1fc40fc38fc48
fd29fce1fc99fd29
fda2fdbafdc2fd8a
fdaafdaafd9afd92
fd92fdaafdbafdb2
fd9afd9afd82fd82
fc50fcb1fd11fd59
fde2fd41fc50fc28
fe22fddafda2fdaa
ff5bff5bff1bfedb
fea3febbff2bff63
fdfafd59fddafe7a
001cffacff1bfe8b
ffb4ffb4ffccfff4
ff8cffccffdcffac
ff3bff5bffa4ffa4
fdeafe9bfef3febb
fee3feabff03fe93
ff1bfe6afdb2fe5a
fed3ff84ff6bff94
fdb2fda2fe1afe9b
fe2afd92fdb2fd39
fdeafe93fe6afe32
fcf1fd59fd69fdca
fd11fd09fce9fcb1
fd39fd19fd71fd61
fd19fcb9fcd9fd11
fe42fdbafddafdba
fe6afe52fe72fe83
fdb2fe72ff03fed3
fe93fd79fd69fdc2
fcd9fd31fd79fe42
fcf9fc91fca9fce9
fd19fce1fc89fcd9
fd9afdb2fdc2fd82
fd92fd8afd92fd92
fdb2fdb2fda2fda2
fd92fd9afd8afd92
fc30fc91fd01fd59
fda2fd19fc38fc28
fee3fe52fddafd8a
ff53ff1bff1bff0b
fe52fe7afebbff53
fe7afdfafdb2fdfa
000c001cffbcfefb
ffbcffccff84ffb4
ff9cff9cffccffb4
fe8bff53ff84ffbc
fe93fe32fee3fecb
fefbff13fefbff3b
ff84fefbfe6afe0a
fed3ff5bff63ff63
fd8afdeafdf2feb3
fdeafda2fd82fd82
fde2fddafdeafe32
fd09fd8afdb2fda2
fe0afd8afd39fce1
fd59fcf1fd39fdca
fdd2fd39fd71fd69
fd9afd49fde2fe2a
fe42fe62fec3fe62
fefbff0bff23fe9b
fea3fdb2fde2fe32
fc81fd29fd51fdf2
fd09fd19fcf9fcc1
fd09fcd1fc91fca9
fd92fd9afdb2fd71
fd82fd8afda2fd92
fdbafd92fd9afd92
fd92fd9afd9afdb2
fc18fc48fcc9fd29
fd92fcd9fc38fc20
ff03feb3fe12fdd2
ff6bff1bff1bff1b
fe02fe52fe93fef3
ff2bfeabfe52fdf2
ffcc00140004ff73
ffb4ffbcffacff8c
fffcffdc0004ffe4
fedbfeb3ff4bff84
fef3fea3febbff4b
fe52ff63ff23ff03
ff73ff23ff23fe93
fecbff13ff9cff7b
fd49fdeafe22fe7a
fdd2fd9afd82fd8a
fd59fd9afdbafdfa
fd01fd29fd39fd39
fe2afe2afdbafd19
fdfafda2fd19fd69
fd39fd79fd61fdda
fdb2fd82fd9afd49
fe9bfefbfed3fe42
fea3fe5afeabfe93
fe52feb3feb3ff0b
fcb9fd59fd51fd69
fd39fcf1fc91fc78
fd01fcd1fc91fcd1
fd92fd8afda2fd69
fd79fd8afdaafdaa
fda2fda2fda2fd9a
fd79fdb2fdbafda2
fc20fc38fc89fcf9
fd79fca1fc38fc38
ff13fe9bfe42fe12
ff1bff73ff6bff43
fe22fe32fe6afe9b
ffbcff33feb3fe4a
ffd4ffe40004ffd4
ffdcffc4ffbcffe4
ffb4002c004c0024
ff43fec3feebff33
ff0bfeebfe83ff0b
ff03feabff5bfeeb
ff63ff43ff4bff9c
feabfeb3ff63ff8c
fd39fd9afe42fe7a
fdeafdd2fdbafde2
fd51fd69fd92fdd2
fda2fd69fd21fd69
fdd2fe32fe22fdda
fe2afe2afdc2fd92
fcf9fd39fd69fd9a
fd61fd49fd41fd39
fef3ff03fe2afd9a
fe62fe8bfe22fe62
fecbff1bfef3fe72
fd21fd71fd8afda2
fcd9fc81fca1fc91
fd09fcd1fc99fd21
fd92fd8afda2fd71
fd79fd92fdb2fda2
fda2fda2fda2fd8a
fd71fda2fd9afd8a
fc38fc38fc78fce9
fd92fcb1fc58fc60
ff13fef3febbfe5a
ff0bff3bff8cff5b
fe42fe1afe6afea3
ffccffc4ff63fec3
0014000cffdcffe4
000cfffc000cffdc
ff7bffdc005c004c
ff13ff03fedbff1b
ff0bff53feebfebb
ffc4ff6bff53ff4b
ff8cffbcff73ff8c
febbfeabfeebff6b
fdeafd8afdcafe02
fde2fe4afe4afe62
fd8afd39fd21fd41
fe62fe12fdbafdaa
fde2fdf2fe4afe93
fe1afe4afe22fe1a
fd29fcf1fd79fdc2
fd71fd49fd41fd71
ff23feb3fdd2fd82
fe5afdeafe12feeb
feb3ff73fecbfe22
fd8afd92fd79fe12
fc89fc68fc99fce9
fd01fcd9fcb1fd09
fd8afd92fdaafd71
fd8afd9afda2fd92
fda2fdaafd9afd8a
fd49fd8afd92fd92
fc20fc40fc78fce1
fd82fc81fc38fc30
ff6bff6bff3bfeb3
fed3ff0bff43ff6b
feabfed3fe93febb
ffe4ffc4ff9cff23
ffdc0014000cffcc
008d0064001cfffc
ff53ff7b0014006c
ff0bff4bff13fefb
ff84ff43ff5bff0b
ff43ff6bff8cffa4
ffd4ffe4ffccff43
fe4aff03fef3ff9c
fe2afd69fd51fd79
fe1afe2afe2afe52
fdf2fd92fd61fd51
fea3fe72fe3afe42
fe22fe22fe4afe6a
fea3fecbfe3afe2a
fd8afdd2fe0afe5a
fd41fd49fd51fd61
fedbfe02fd9afd79
fe83feabff8cff73
feabffa4febbfeb3
fde2fe12fe6afe4a
fc81fca9fce9fd01
fd01fcd9fcb1fcb9
fd92fdaafdb2fd71
fd9afda2fd92fd82
fdaafdaafd9afd92
fd39fd82fd82fd92
fc18fc30fc70fcd9
fd79fc48fc20fc18
ffa4ff9cff73ff2b
feabfecbff5bff94
ff33fefbfedbfe6a
ff9cffe4ffccff9c
ffe4ffecfffcffcc
00cd00c5007c0004
ff2bff63ffe4005c
ff3bff4bff84ff43
ffc4ff8cff73ff73
ff73ff73ff94ff84
ffecfff40014ffcc
fddaff03ff53ff8c
fe32fde2fd51fd51
fe12fe42fdc2fdfa
fea3fe6afe32fde2
feb3fecbfe8bfea3
fe72fe93fe3afe83
ff2bff13fe72fe52
fe22fed3ff2bfedb
fcf1fcf1fd29fd8a
fe93fdf2fdbafd51
feabffc4ffc4ff3b
fef3ff3bff43fefb
fdfafe83fedbfecb
fcc9fd09fcb1fcd1
fcf9fcc9fcd1fcb9
fd9afdb2fdbafd71
fd9afd92fd82fd82
fda2fd9afd92fd92
fd51fd8afd82fd92
fc10fc28fc70fcd9
fd29fc28fc10fc08
ffe4ff84ff6bff23
fea3febbfeebffb4
ffacff43feb3feb3
ff84ffac001cffcc
000cffe40004ffb4
006c00b500f500b5
ff53ffb4fff40044
ff8cff5bff8cff94
ffb4ffd4ffa4ff94
fffcffccff73ff6b
ffd4001400040024
fd71febbff8cff4b
fe2afe7afe3afd71
fe0afe83fe52fe0a
fedbfeb3feb3fe3a
ff13ff1bff1bfeeb
fea3fe7afe8bfea3
ff23ff8cfef3febb
ff33ff9cff7bfef3
fd29fd31fd92fe6a
fe4afddafd9afd61
ff6bffe4ff8cfed3
fe5afebbff23fedb
fe32feb3fec3fee3
fd31fca1fc70fd69
fd01fcb9fcd9fcf1
fd92fdaafda2fd69
fd82fd82fd79fd82
fd8afd8afd8afd8a
fd59fd8afd8afd8a
fc08fc30fc81fce9
fcf9fc68fc30fc10
ffc4ffacff53ff5b
ff23fed3feebff33
ff94ff84ff4bfea3
ff53ff8cfff40024
008dfffcffecffd4
0044007400bd00c5
ffacffa4ffbcfff4
ffacff63ff53ffac
ffc4ffe4ffd4ff84
0064000cffc4ff8c
ff840004002c003c
fdb2fe5aff63ff94
fe72feb3fefbfe7a
fe72fe7afebbfe93
ff13feebff33ff0b
fefbff1bff4bff6b
fe8bfe93fec3fee3
ff1bffa4ff7bff03
ffa4ffd4ff73feeb
fd21fd49fe2aff0b
fe5afdbafd59fd29
ffe4ffbcff43fecb
fe2afea3fed3ff33
fe7afe9bfedbfe72
fcf9fc78fcd9fe12
fcf9fcd1fce1fd41
fd79fd82fd79fd41
fd92fd82fd8afd8a
fd92fd82fd8afd8a
fd59fd8afd92fd92
fc10fc30fc89fcf9
fcd1fc68fc38fc20
ff6bffccff73ff6b
fedbff0bff0bff43
ffb4ff6bff7bff6b
ffccff84ff94ffd4
00dd00b5fffcffe4
0014006c00bd00e5
ffb4ffdcffd4ffd4
ffb4ff8cff6bff73
ffdc001cfffcff8c
006400950054ffec
ffa4ffc4fff4000c
fe5afe2afee3fffc
fee3feebff23ff13
ff6bfecbfe9bfef3
ff84ff33ff53ffbc
ff63ff43ff23ff8c
fefbfec3fee3ff1b
ff7bffacff8cffa4
ffecffc4ff73ff53
fd61fe22fefbff8c
fde2fd41fd19fd29
ffecff6bff43fed3
fe2afefbff43ffdc
fea3fedbfe93fe83
fca1fc78fd51fea3
fd19fd09fcf9fd11
fd79fd71fd61fd31
fda2fd92fd8afd8a
fd9afd8afd92fda2
fd61fd92fd8afd92
fc18fc38fc91fd01
fcd9fcb1fc58fc30
ff33ffc4ffdcff84
ff6bfea3feebff23
ff9cff8cff5bffa4
ffdcfff4ff9cff84
00bd00e50095ffc4
fff4004c006c00cd
ff94ffb4001c001c
ff94ffbcffacff84
003c0024ffbcff8c
002c009d00fd00a5
0024fffc000c0014
ff13fe72fe6affb4
ff2bff4bff5bff63
002cffd4fefbfee3
ff5bff84ff84ffcc
ffacffc4ff5bff0b
ffacff13febbff13
ffec000cffacffdc
0014ffe4ffccffbc
fdeafef3ff5bffd4
fd29fcf9fcc1fd11
ff7bff23fec3fdfa
fe8bff33ffc4ffbc
fed3fedbfe9bfecb
fca1fc81fd71fecb
fd29fd19fcf9fcf9
fd8afd8afd82fd51
fd9afd9afd92fd82
fd92fd92fd9afd9a
fd61fd79fd82fd8a
fc38fc60fc91fd01
fc81fc68fc60fc30
ff23ffb40024ffe4
ff6bff03fe72fef3
ff4bff73ff7bff43
ff94ffd4ffdcff94
00ad00b500cdffe4
004c0024005c004c
ffb4ffccffdc0074
ffacffd4001cfffc
00e5009d0004ff94
0034006c010d0125
004c0044002c005c
ff9cff23fea3ff1b
ff53ff9cffbcffb4
006c003cffecff5b
fef3ff4bff9cffbc
ffa4ffdcfffcff73
00740004ff33ff23
001c001c00340034
001cfffc0024fffc
fedbff7bffccfffc
fd29fcf1fce1fdca
ff1bfeb3fe4afd82
fe72ff6bffdcff8c
ff0bfe5afe4afe02
fcc1fcd1fde2fec3
fd41fd29fcc1fd01
fda2fdbafdbafd61
fd8afd8afd8afd92
fd82fd82fd92fd8a
fd71fd79fd71fd82
fc20fc78fce9fd29
fcd9fc40fc40fc28
ff03ff9c0004fff4
ff43ff94ff1bfec3
ff33ff43ff8cff63
ffa4ff94ffe4ffac
0034009500540024
005c002c00740074
001c0004ffd40024
fffc0034006c005c
017d0125006c001c
00640044006c010d
00140074003c0054
ffb4ffbcff84ff13
ffc4ff94ffc4ffd4
002c00540044005c
ffe4ff43ff73ffbc
ffb4ffa4ffbcfffc
007c008dffecffa4
001c002400ad00b5
0044005c0064002c
ff73ffcc001c0054
fd49fd01fd82fed3
fef3feabfdc2fd61
fec3ffbcff7bff4b
febbfe52fe2afd82
fcd9fd39fe3afedb
fd41fd31fcb1fce9
fdb2fdc2fdbafd71
fd79fd79fd8afd9a
fd82fd82fd82fd79
fd79fd79fd8afd82
fc18fc68fd11fd61
fcf1fc68fc38fc20
fe9bff13ff73ffa4
ff2bff53ffa4ff1b
ff6bff1bff33ff53
ffdcffb4ffbcffe4
004400440054ffec
0044001c002c0085
00ad004cffecffec
0064005c006400b5
0125017500d5006c
008d0085002c006c
ffa400b500640044
ffacffccffc4ffd4
0074ffe4ffccffe4
0004006400240095
fff40004ff7bff9c
ffe4ffd4ffbcfff4
00e5008d004c0024
003c003c00dd0125
0074009d007c0064
ffcc002400640074
fd51fd69fe83ff5b
ff63fe93fdeafd82
ff94ff7bff63ff43
fe22fdd2fdeafdd2
fce1fdaafe83fed3
fd21fd11fcd9fcd9
fdbafdc2fdcafd71
fd82fd82fd8afd8a
fd82fd8afd82fd82
fdb2fd9afd92fd92
fc20fc81fce9fd61
fcc1fc89fc30fc20
fe6afe93feebff7b
ff2bff1bff43ff23
ff9cff33fee3fef3
fff4ffe4ff8cffb4
006c0004003c004c
fff4001400040054
00fd00b50024fff4
00850064007c0085
008d0125011d00bd
008d00bd00bd0064
000c004c00c5007c
ffacffdcffb4002c
00dd00b5000cffdc
ffe40064009d00d5
0034004cfff4ff84
003c0024002c003c
015d012500850034
009d003400ad0125
00c500ed00c5009d
0004004c008d00bd
fd71fe42ff33ffac
ff8cfe83fdeafd82
ff7bff4bff7bffdc
fdb2fdfafe32fe42
fd39fdc2fee3fe4a
fd39fcf1fd09fcb9
fda2fdaafdbafd51
fd92fd8afd8afd8a
fd8afd8afd82fd8a
fdb2fde2fdaafd9a
fc28fc89fcf9fd51
fcb9fc89fc48fc20
fe83fe6afe8bfeeb
ff23ff3bfefbfe83
ffa4ff7bff03ff13
001cffccffecff8c
003c002c0014002c
0014002c004c0044
00cd012500b5001c
0095009d00bd00ad
00c5008d00bd00c5
00bd00ed00f500ed
0074004400c500e5
002cfffcffb4fffc
018e018e00ed0044
ffc4004c00ad012d
00d5009d002cffcc
00b500b5005c0085
0155015d012500d5
00dd00d500950105
00fd012d010d00a5
004c007c00ad00dd
fd92febbff7bffe4
ff1bfe72fdeafd8a
ff53ff8cffdc0004
fd92fe22fde2feb3
fd49fdeaff1bfd79
fd39fd31fd49fcc1
fd8afd8afd8afd41
fd9afd92fd92fd8a
fd79fd71fd79fd82
fd69fd9afdbafd9a
fc28fc81fd01fd49
fc70fc40fc68fc50
fe93fecbfe62fe5a
fef3ff33ff3bfe93
ffacff84ff53ff4b
0044ffe4ffc4ffb4
0004fffc00440054
0044001c00850044
00c500cd015d00cd
00b5009d00d500d5
010d00dd007c00c5
011500c50115011d
00440085007c0105
00c50044ffec0004
01250155017d011d
0034003400bd00d5
0115016500fd0074
011d00bd00a5009d
012d015d0165014d
010d0145011d00fd
011d015d014500fd
0085009d00c500f5
fe42ff4bffbc0024
ff1bfea3fdf2fdc2
ff4bffc40034000c
fd92fe42fe3aff13
fdf2fe32febbfd21
fd51fd41fcd1fd39
fd82fdaafdcafd61
fd79fd79fd82fd82
fda2fd82fd79fd79
fd61fd79fd82fdaa
fc38fc91fd19fd59
fc48fc18fc38fc40
fe3afe9bfe6afde2
ff1bff2bff33fefb
ffccff94ff63ff5b
000c0014ffc4ffec
fff4002c00140054
00dd002c003c0044
011500f501250186
00fd00d500a500fd
016d013d00ed0085
014d00f500e50165
005c0085005c00ad
012500bd0044000c
00ed00fd0155016d
009d005400a50115
00f5012d014500f5
013500fd00b500bd
016501960186014d
012d017d018e015d
0145017d016d0155
00a500d501150135
fee3ff94ffe40044
ff03febbfe52fe2a
ff1bfff4003c000c
fd59fe7aff03ff1b
fda2fe3afe5afd11
fd71fd39fcf1fd79
fd92fdbafdb2fd51
fd8afd82fd82fd82
fdaafda2fdb2fdaa
fd71fd79fd82fd82
fc30fc89fd11fd61
fc68fc18fc28fc30
fe42fe12fe62fde2
ff73fefbff03fedb
ffecffecffa4ff53
fffcfffc0014fffc
0014005c007c001c
016d00ad000c005c
010d01450165012d
00cd0135009d008d
01960186014d00f5
00bd0165014d0165
006400d500b50034
0196014d00ad0024
0145012d015501be
010500ad00ad0105
014d012d0125013d
01b60196014d0115
01650135016d01ae
015d016d01b601a6
0165018e0186019e
00e5012501450155
ff33ffb400240095
ff2bfee3fe62fe93
ff3bffb40044001c
fd8afe93ff03ff3b
fd82fe83fdc2fd31
fd79fd59fcf1fd92
fd92fda2fd8afd49
fdb2fda2fd9afd8a
fd8afd8afd9afdb2
fd8afd8afd79fd82
fc38fc78fd01fd59
fcb1fc38fc28fc40
fe42fdf2fe2afe5a
ff73ff2bfedbfe9b
ffecfff4ffc4ff63
001cffdc000c000c
005c003c00950064
00dd013d006c0034
00d5011d01750135
015d014d0105006c
0175015d015d010d
0004013501ae0196
006c00a500f5004c
0196018e014500bd
013d017501960196
01c60165010d0115
0186016d016d0196
01fe01e601d601ae
01ce01b601be01ee
01ae019e01ae01c6
016d0186019601b6
01050125013d014d
ffa40004006400ad
ff13fec3fe3afefb
ff53ffb40074fffc
fddafe8bfef3ff33
fdc2febbfd71fd41
fd9afd21fca9fd9a
fd9afda2fd9afd49
fd9afd92fd8afd8a
fd79fd71fd79fd92
fd82fd92fd92fd8a
fc48fc78fcf9fd61
fd29fc48fc10fc28
fe32fe3afe2afe72
ff5bff2bfe83fe7a
ffe4ffe4ffdcff43
0004ff9c0004fffc
002c004400440085
00ed00b500dd0064
009d00ed012d0175
0115011d013500f5
01860175015d012d
fffc009d019e01ae
009d009d010d00fd
018601ae0196013d
012d013501b60196
020601fe01b60165
01ce019e018601ae
01fe01ee01ce01d6
01e601ee01f601f6
01d601ce01d601ce
018e018601ae01ce
01150135015d0175
ffac002400a500d5
ff23feb3fe7aff13
ff53ff630064ffdc
fe02fe72febbff2b
fdeafe5afd19fd09
fd71fd19fd21fdda
fd71fd71fd71fd31
fd8afd9afd82fd71
fd82fd71fd79fd82
fd79fd82fd8afd82
fc48fc91fcf9fd61
fd11fcb1fc38fc38
fe5afe72fe83fe8b
ff3bff6bfe93fe4a
00040014ffccff73
0014ffb4ffdc0014
0054008d0074005c
013d00e5009500ad
004c004400b50125
011d00c5009d00a5
01ce0196015d012d
007c001c00f501be
00e500bd00b5011d
01e60196018e0155
014d0155019e01ce
01f60236023e01ce
01e601fe01d601c6
01ee01de01b601ce
01ee01fe020e01fe
01ee01e601e601ee
018e019e01c601de
011d0135016d018e
ffc4002c00b500fd
ff2bfebbfefbff7b
ff2bff4bffb4ff5b
fe02fe42fed3fefb
fe32fe1afd19fd51
fd51fce9fd51fd71
fd71fd79fd61fd29
fd8afd92fd79fd71
fd79fd69fd69fd79
fd82fd71fd79fd79
fc50fc99fd11fd71
fd39fd01fcb1fc78
fe3afe52fe72fe83
ff3bff7bfeebfe12
0034006cffe4ff94
004cffccffbc000c
008500440095009d
015d012d00a50074
ffec001c001400a5
0155012d00b5001c
01fe01de019e0155
00c5002c00640165
012d00a500ed0105
020601fe01e601a6
01be016d016d01ae
01e60226025e023e
01de01f60216020e
0206020601ee01e6
0226021e022e0216
01f601f601f60206
018601be01e601ee
0125014d01750175
ffec002c00ad010d
fefbfe83ff1bff9c
ff33ff53ff73ff0b
fdbafe4afec3febb
fe52fd9afd31fd9a
fd39fcf9fda2fd41
fd79fd8afd71fd82
fd82fd82fd71fd71
fd79fd71fd69fd71
fd82fd82fd79fd79
fc60fca1fd19fd79
fd31fd59fcf9fc68
fe22fe42fe02fe3a
ff3bff6bff53fe2a
008500740044000c
00950024ffe4fff4
00c50054005c00cd
007c011d00ed00c5
fffcff8cff9cffb4
0196015d010500a5
01be021e01c6018e
00a5004c004400d5
017d009d00ad013d
019e021602060216
024e01c6016d014d
023e023602560276
021e021e0226024e
0226020e02060216
021e022e02360226
020e0216020e0206
018e01be01e601ee
010d0135015d0175
0014005c009500cd
fedbfebbff33ffb4
ff33ff7bff5bfeab
fd59fe3aff0bfee3
fe12fd01fce1fd71
fd41fd01fd11fd21
fd8afda2fd9afdd2
fd71fd8afd82fd79
fd8afd79fd59fd59
fd92fd8afd8afd8a
fc58fca1fd11fd79
fcf1fd59fd31fc48
fe2afe12fdfafdfa
ff5bff6bffecfeab
004c008d0054000c
00dd004cffe4ffd4
00b50054ffe4009d
ff84007c00ed00ed
0095ffbcff9cff6b
01d601ce0155010d
014d01f601fe01c6
00dd004c00340064
019e00ed0095014d
017d01c602060206
026e023e01a60196
0266025e025e0276
0236024e025e0276
0226022602260216
02060216022e0226
020e021601fe0206
018601c601ee01f6
00fd01250165017d
00240064007c00cd
fed3ff1bff6bffe4
ff33ff6bff23fe9b
fd59fe1afef3ff0b
fdfafcc1fc91fd69
fd39fcf1fcf9fdc2
fd8afda2fda2fdb2
fd71fd71fd82fd8a
fd9afd82fd61fd61
fd8afd8afd8afd92
fc48fc89fd01fd69
fcc9fd49fcb9fc10
fe4afe12fe02fe12
ffc4ff5b001cff1b
000c00b5007c001c
00bd00850024fffc
006c0044ffc4ffdc
ff5bff3b001400c5
014500c50024ffdc
01ee01de01b60175
00cd01a601ce0206
016d00a5000c0054
01b6011d00950105
01a6019601a60206
0276027e022e01ce
026e027602660276
0236024e026e026e
023e0236022e021e
020e0216022e023e
0216021602060206
016d01ae01de01fe
013d01450155015d
0034007400b50105
fe8bff23ff7bfff4
ff33ff1bfecbfe8b
fdcafe52fed3ff0b
fdfafcb9fc99fdd2
fd59fce9fcf9fde2
fd92fd82fdaafdf2
fd79fd82fd79fd92
fd92fd92fd79fd69
fd59fd71fd82fd92
fc28fc50fcc1fd31
fcb1fcd1fc70fc10
fe52fe62fdeafe12
0004ff7b0004ffac
fff400a500cd003c
000c00850034000c
0004003c002cffac
ffacff1bff03000c
010d011500e5004c
01d601be01c601d6
0095014d018601ae
018e01350034002c
01d6017d00dd00bd
020601d601be01de
027e027e0276023e
02760287026e027e
0246023e02460256
0226021e020e0226
02060226023e022e
0216020e020601fe
0145019601ce0206
014d015501450125
003c007c00d5011d
fe6aff0bff9cfff4
ff03fef3fe93fe7a
fdd2fe5afed3fef3
fdd2fcc1fcf1fde2
fd71fce1fd11fd92
fd82fd92fdc2fdda
fd82fd82fd82fd79
fd82fd8afd82fd79
fd11fd49fd69fd82
fc28fc28fc50fcb1
fcd9fcc1fc60fc20
fe8bfe5afe1afe02
002cffbcfffc004c
ffdc005c00fd0085
ffb40024004c000c
ffd4fff40034ffb4
0014ff63feebff33
018600bd00c50095
015501ce016501ae
008d00ed018e0145
012d016500b5004c
01e601e60145009d
0256021e01e601b6
026e025e0266025e
025602660266027e
022e0236024e024e
021e02160216022e
020e023e02360226
01f6020601ee01ee
016d019601c601f6
013d0145012d012d
0064009500dd011d
fe32ff03ffbc0014
febbfea3fe83fe52
fdd2fe12febbfedb
fd8afcf9fd59fd92
fd51fcd1fd41fd59
fd79fd8afdc2fd79
fd8afd82fd82fd82
fd79fd8afd82fd79
fce1fd39fd61fd79
fc18fc18fc30fc70
fdb2fcf9fc78fc28
ff1bfe2afe72fdea
0074fff4fff400a5
ffe4002400bd00dd
ffacffa4003c0004
ff3bffacffd4ffbc
0034ffdcff43ff23
013d010d0054007c
0105019e01ae0165
008500e5013d01b6
01050175012d008d
01c601ce018e00e5
0276025e01ee01fe
0256023e021e023e
02560246023e0256
0236023602360236
022e0226022e0236
021e022e021e0226
01f601fe01fe0206
018e01ae01c601ee
012d0135013d016d
008d00b500ed011d
fe2aff1bffec004c
fe9bfe93fe62fe42
fdfafe5afecbfedb
fd71fd11fd59fd92
fd11fca9fd29fd79
fd8afda2fdb2fd39
fd69fd61fd71fd8a
fd79fd79fd82fd71
fcd9fd51fd61fd71
fc18fc18fc28fc68
fe83fd9afcb1fc10
ffccfe5afe8bfe4a
00d50034ffcc009d
002c00040064013d
fffcff9cffdc001c
ff53ff33ff53ffe4
ffe4ffd4ffc4ff84
011d00ed00a5fffc
016d013d0196016d
006c00dd012d0186
010d015d01a600fd
01de01960165014d
02260256022e01e6
025e0266022601f6
02760266024e024e
0256024e02460256
02360246023e024e
0216021e022e023e
0206020602060206
01ae01c601c601e6
012501350155018e
00ad00d50105011d
fe1aff33fffc007c
fea3fe7afe4afe02
fe52fe8bfedbfefb
fd59fce9fd49fd9a
fd11fca9fce1fd21
fd8afdaafd92fd19
fd71fd71fd82fd82
fd71fd82fd82fd79
fd31fd79fd79fd71
fc50fc30fc28fca9
fec3fe52fd51fc50
006cfedbfe7afe9b
011500a5ffec0044
00240004000c011d
ffbcffa4ffb40014
ffd4ff43ff0bff5b
ff7bff94ff8cff7b
0165010500bd0014
01650145016d018e
00ad00a50155014d
012d011d015d0186
01e6020601c6013d
01ce0216024e0206
027e027e0266021e
0276028702760276
026e026e0266025e
0236025e026e026e
0216022e02460246
01fe01fe01fe0206
01ce01ce01de01fe
013d0155017501a6
00c500ed01050135
fe2aff53000c007c
fec3fe22fe32fe1a
fe2afe9bff1bff0b
fd41fcd9fd09fdb2
fd61fcb1fcc9fd09
fdaafdc2fd61fd11
fd59fd69fd71fd82
fd71fd82fd82fd79
fd21fd61fd69fd69
fc78fc38fc38fcc1
fea3feabfdd2fcc1
007cff43fe83fe9b
00fd00dd0024003c
003c0074002c0095
ff94ff9cff94ffe4
ffbcfff4ffacff23
ffacff43ff1bff1b
0155012d00a5001c
0125016d018e0175
00ed00ad01150165
00f5010500f5013d
021601fe01d60165
020e01de020e022e
02a702a7028f026e
027e0287028f0297
02660276026e0266
025e0276026e0266
021602360256025e
0216020601fe0206
01e601de01fe0216
015d017501a601ce
00d500ed012d016d
fe22ff6300240095
fe62fdfafe32fe02
fe22fec3ff43fec3
fdbafcd9fd21fd9a
fd19fcc1fca1fd29
fdb2fda2fd49fd11
fd79fd79fd8afd79
fd71fd82fd71fd79
fce9fd49fd61fd71
fc38fc50fc48fc78
fe6afeb3fdeafce1
00c5fffcfec3feb3
011d00f5008d004c
004400b50064005c
ff13ff5bff63ffbc
ff94001cffecff23
ffccff94ff13fedb
011d012d00fd004c
017d014d01a601be
00ed00d500fd018e
00f50125011500cd
022601d601ce0175
026e021e01de0216
02bf02c702b70297
028f029702a702a7
0287027e027e028f
0266026e026e026e
021602360256026e
0216020602060206
01e601ee020e020e
0186019601be01d6
00e5010d014d0186
fe52ff8c004400a5
fe42fe02fe22fdea
fe4afefbfef3febb
fddafd01fd31fd51
fcf1fcb9fcd9fcc9
fdaafd71fd39fd11
fd69fd71fd69fd9a
fd71fd69fd71fd82
fcc1fd31fd61fd71
fc48fc28fc28fc58
fe8bfeabfe3afd29
01050064ff53feeb
00dd00cd00ad00ad
002c007c00540054
feebfeebff23ff73
ff0bffecfff4ff9c
000cffa4ff4bfed3
017500bd00e5007c
01ee019601860206
006400b5013d0196
013d0125013d00bd
01ee01ee01be0196
02a7028f025e020e
02cf02cf02bf02af
02b702bf02b702bf
02a702a7029702a7
0266026e027e027e
021602360256025e
021601fe01f6020e
01e601fe0206020e
01be01ce01de01e6
00ed0115016d01ae
fe7affdc007400b5
fe42fe12fe2afdea
fe5afedbfeabfecb
fd8afd49fd71fdba
fd01fcb1fce9fcc1
fd9afd69fd29fd19
fd59fd51fd61fdaa
fd69fd59fd71fd69
fcc9fd31fd61fd69
fce1fc99fc70fc81
fe6afea3fe8bfdd2
011500adffd4ff13
00ad00cd00d500cd
ffdc00640054005c
ff84feebff03ff43
fecbff4bffacffcc
0024ffbcff43fedb
019e011500b50085
01a601de017d01d6
00ad0095011d0175
012d011500cd00f5
021e01de01e60155
02bf02af0297026e
02e702ef02d702bf
02e702ef02df02e7
02b702b702af02bf
0256027e028f0297
02160246025e024e
01de01de01f60206
01fe02060206020e
01ce01ee01ee01f6
010d013d019e01d6
fed3002c008d00cd
fe1afe3afe2afdca
fe4afedbfea3fec3
fd51fd8afd79fdda
fd01fc99fcb1fcb9
fd92fd71fd19fd11
fd69fd69fd9afdaa
fd61fd61fd71fd61
fd09fd59fd69fd69
fda2fd01fcb9fcd1
fe42fed3fec3fe4a
013500cd0044ff8c
008500ad00f500ed
ff7b002400950095
001cff5bfebbff1b
fee3ff1bff5bfff4
00540004ff73fedb
019e011500c500ad
015d018e01750196
00dd007400dd018e
010500dd00d500b5
0256021601e601ae
02bf02af029f027e
030f02ff02f702df
02ff030703070317
02b702cf02d702df
0246026e028702a7
023e026602660246
01c601c602060216
020602160216021e
01fe020601f601f6
0135017d01be01e6
ff43004c00a500fd
fe3afe52fe0afdca
fe83feb3fec3fecb
fd29fd49fd92fdd2
fcf9fc89fc99fcc1
fd8afd8afd29fcf9
fd79fd92fda2fdaa
fd61fd69fd69fd61
fd01fd31fd59fd71
fdc2fd41fcc1fce1
fe0afeb3fec3fe12
00ed00fd0064000c
00cd00ad00cd00dd
ff5bffc4005c007c
0014ffe4fee3feeb
fefbfef3ff03ff73
006cffecff8cff53
014d010d00ad00cd
012d00f501450125
008d0074007c0135
017d00ad007c009d
02660256022e020e
02bf029f02870276
0307030f030f02f7
02d702c702d702f7
02a702af02b702b7
023e0266028702a7
024e0276027e024e
01e601ee020e022e
01fe020e021e0226
02160216020601fe
014d019601c601fe
ff9c006400dd012d
fe5afe52fe02fe22
fe93fec3feebfedb
fcf1fd31fd92fe02
fce1fcd1fce9fcf9
fd82fd92fd51fcf9
fd79fda2fda2fdaa
fd69fd71fd79fd61
fd09fd21fd41fd61
fd92fd41fcc1fcf1
fe42fe6afe83fdda
00cd00dd00950054
010d011500a500d5
ff94ffc4000c0085
ffb40004ff8cfed3
ff23fed3feebfee3
009d0054ffdcff8c
00f500cd00ad00ad
012d00c500cd00cd
003c0064006c00ad
01fe015d0095004c
0276026e0246023e
02b702a70276026e
0246029702bf02b7
020e01c601c601c6
026e023e0226022e
02360256027e029f
0266028f028f0256
01c601e60216023e
01fe02060226020e
01c601fe02160206
00f500dd01250196
ffbc005c00bd00c5
fea3fe62fe42feb3
fe72fecbff13fee3
fce9fd11fd8afe52
fd09fd11fcd1fcc9
fd79fd71fd49fd01
fd8afd8afd92fd8a
fd69fd69fd9afd82
fd11fd19fd39fd51
fda2fd8afcf9fcd1
fe8bfe6afe8bfe32
00cd00bd00ad001c
00b50115008d00c5
feebff6bffacfffc
fee3ffc4ffdcfee3
ff53feebfea3fea3
009d00c5008dffdc
00a5007c008d00a5
00ed00e500cd00e5
fff4fff4fffc002c
021601ee015d004c
02360256025e0246
0246029702560236
020601e602360236
018e019601ae01be
022601ee01d601a6
02360256027e026e
027e0297028f025e
01b601d6020e025e
020e0206020e01de
015501c6020e0216
ffccffd4004400dd
ff9c00040014ffe4
fe9bfe4afe2afecb
fe5afec3ff1bfedb
fce9fd49fddafe5a
fd11fce1fcb1fce1
fd79fd59fd01fce9
fd8afd61fd82fd79
fd39fd51fd82fd82
fd01fd11fd01fd11
fd8afd92fd31fd01
fe32fe32fe93fe3a
00d500b500ad001c
0044009d006c0074
fe6afebbff6bffa4
fe93fefbffbcff63
ff9cfee3fe8bfe8b
005c00c500cd005c
010d00dd004c0034
001c00bd00bd00e5
0004ffccffb4ff53
0236020e01e6012d
0216020602060236
02b702e702cf024e
025e0276029f02af
0206023e02560266
021601d6019e019e
0246025e026e0246
028702870276025e
01c601ee021e0266
020e01fe01ee01c6
00e5016501e60206
00e5007c0085007c
005c00dd01250125
fe9bfe1afdf2ff1b
fe42feb3fee3feb3
fcf9fd92fe2afe22
fcb9fcc1fcc9fcf9
fd61fd41fd09fcf1
fd79fd59fd79fd71
fd11fd21fd69fd61
fd21fd19fd11fd09
fcf1fd31fd19fd09
fe1afe52feb3fdea
005c0095004c0034
ffec008d009d0014
feb3fe93ff1bffa4
fe6afe93ff23ff7b
ffe4ff43fe93fe42
ffec001c00140054
00fd015d00f5001c
ff5b005c00ad008d
00dd000c0004ff94
01fe01fe01f6019e
02a70256020e020e
02df0307031702f7
027602a702cf02df
0216023e024e025e
020601be019e01de
0266026e0276025e
02870297028f0276
01b601de0216025e
01d601e601be01ae
00d5012d01a601d6
01ee01be017500ed
00fd018601ce01ee
fe4afdcafdeaffa4
fe9bff13fee3feb3
fce1fdbafe22fe22
fcd9fd01fce9fce9
fd59fd69fd39fcf1
fd51fd49fd71fd69
fd19fd29fd79fd69
fcd9fd11fd29fd41
fca1fcd1fcf9fce1
fe62fe62fec3fd79
ff8c00240014002c
ffe4007400adfffc
feebfe52feabff94
fe12fe52feb3ff1b
ffdcffb4fed3fe3a
0034ffd4ff84ffc4
00740175015500a5
ffacffd40085004c
016d00f5004c0034
020601b6019e0186
02ef02bf0297025e
02bf02ef03170317
0266028702af02cf
0226022e023e0246
0226020e01fe01fe
027e027e0287026e
028f02af029f028f
01be01d6020e025e
01ae01ae019601a6
01650145016d01a6
021e022601fe01b6
0105017d01de0216
fe12fd8afe12ffe4
ff1bff0bfe93fec3
fce9fddafdc2fe12
fcb9fce9fce9fcc1
fd92fda2fd59fcf9
fd49fd41fd61fd59
fd09fd39fd79fd79
fd29fcd1fce1fd01
fcc1fcb9fce9fd69
fe6afe4afebbfd61
ff63ffc4ffec002c
ffe400240054ffdc
ff1bfe83fe52fefb
fe0afe02fe72fed3
ff63ff73feebfe6a
00ad0004ff73ff4b
002c00ed01c6013d
0044ffe400440044
01750165010500bd
025601fe014d010d
030702df02b7028f
029f02df030f0307
0236024e025e026e
023602260226022e
0236022602160226
027e026e0266024e
028f02af029f028f
01be01e601f6023e
017501750165017d
01ce0175013d0155
01fe020601f601e6
011d016501a601e6
fe2afd92fe1a0014
ff1bfec3feebfe93
fd92fdeafe02fec3
fd21fd49fcd9fcd9
fda2fd92fd61fd09
fd59fd59fd61fd61
fcc1fce1fd49fd79
fddafd41fc91fca9
fcf1fd29fd39fd8a
fe7afe5afe62fd31
ff6bff33ffbcffe4
ff73ffccffc4ffc4
fec3fe6afe32fe62
fe6afde2fdeafe42
feebff13ff03fe9b
015d0085ffbcff2b
00240044017501d6
00cd00bd006c0054
01450155015d013d
026e024601e6015d
02ef02cf02bf029f
027602af02df02f7
021e022e023e023e
022e021e0216020e
02260226021e0226
025e0256023e0226
027e02af02a70287
019e01ce01ee023e
011d012d0135013d
01ee01ce016d012d
01b601e601ee01f6
00e50125013d0196
fe22fda2fdfa0004
fed3fefbfee3fe7a
fde2fe0afec3ff3b
fd71fdb2fdc2fdda
fd82fd79fd79fd29
fda2fd79fd69fd59
fca1fcd1fd09fd61
fe62fdeafcf1fc99
fd01fdd2fdfafe2a
fe93fe83fe4afce9
ff4bfefbff7bffa4
fedbffccffc4ffc4
fe83fe8bfe4afe3a
fe83fdf2fdc2fe02
ff33fee3fec3fec3
017500e5004cffd4
0004ffd400ad01c6
014d013d00e5006c
015500f5010d0165
02870266022e01c6
02d702b702b702a7
026e029702c702df
021e022e023e0256
0226020e020e0216
0216022e0236022e
0236022e021e0216
0276029702970276
017501d602060246
012500ed00e500fd
01ce01f601fe01a6
0165018e019e01a6
00ad010d0135015d
fe22fd69fdd2ffe4
fee3fecbfe8bfe4a
fe52feabff4bfecb
fd59fd61fddafe1a
fd79fd79fd51fd61
fda2fd8afd79fd71
fc99fca9fce1fd69
fe4afde2fd41fcf9
fd49fdfafe3afdf2
fe93feabfe62fd01
fefbfebbff03ff8c
fe6aff6bffecffa4
fe32fe83fe4afe1a
febbfe1afdb2fdca
ffbcff1bff03fee3
019600f50074001c
003cffa4ffec014d
0175017d014d00e5
01ae015501150145
0287025e02460206
022e022e024e0266
01ae01be021e023e
01ae0196018e01b6
0226020601d601b6
022e0246024e024e
023602260216021e
02760297028f0266
015d01d602160256
019600f5009500c5
0165018601fe022e
00c5012d01450165
feabff23ffbc0064
fd69fd21fd41fe12
fdbafd79fd49fd61
ff6bff43fee3fdfa
fd61fd31fdd2febb
fdcafdb2fd59fd8a
fd79fdb2fdd2fdfa
fcc9fc81fc99fce1
fd9afd79fdc2fd61
fd31fe2afe83fdd2
fe9bfe93fe32fd01
fefbfea3feebff63
fe1afeabffccff8c
fde2fe42fe3afe12
fef3fe62fdaafdba
ffe4ffacff5bff13
018601050064fff4
00a5ffecff6300ed
016d018e016d012d
01e601c60196016d
ffdc0034014d01f6
fee3fedbff1bff8c
fec3fed3ff03ff03
fe93fe8bfe8bfeab
ffd4ff84ff23febb
01e6017d00e50034
0236022e02360226
0276028f02760256
014501ce0216024e
01f60145008d0095
011d015d01960206
fdfafebbff84008d
fdfafdb2fdcafdea
fe22fd92fd79fdca
fea3fe52fe1afe22
fee3ff33fe83fe62
fda2fdaafea3ff1b
fe2afe2afdd2fdaa
fcf9fd41fdb2fe12
fd01fca9fcd9fcb9
fe52fd8afdaafd8a
fd09fdeaff53ff4b
febbfe42fdc2fcf9
ff0bfeb3febbfef3
fe1afe0aff0bff5b
fdbafe32fe52fe4a
feebfea3fdd2fdaa
ff94ffecffc4ff43
016d014d009dffb4
00e5ffecff3bffec
0186016d01650155
013501ee01e601ce
fecbfed3ff4b0095
ffccff94ff63ff0b
ffc4ffecfff40014
ff63ff63ff53ff84
ff23ff84ff73ff6b
ff43fef3feabfeab
022601ae00cdffec
0276028702560236
012d01b601fe0236
0196014d0095007c
fe1aff23002c0125
fe2afe02fdaafde2
fef3ff03ff1bfeab
fce9fcf1fd49fe0a
fd9afd21fd01fcc1
fde2fdbafe32fda2
fe7afe72fe6afe83
fe4afe7afe4afe5a
fe02fde2fe0afe5a
fd9afd71fdaafdfa
fecbfe1afdeafdca
fcf9fdcaff53ff6b
fe83fdfafda2fd31
fefbfebbfeb3fedb
fe3afdfafe6aff23
fde2fe1afe72fe72
fed3fe9bfdeafdaa
ff84ff94ffa4ff5b
011d011d009dffd4
fe8bfe5afe93fefb
012d00c50004ff53
ff13014d01be0196
00340024003cfffc
006c00640085005c
013d013500e500c5
00640074009500dd
001cfffc000c003c
ffc4fffc00040014
003cff43ff03ff6b
028f027e0246019e
013d01c602160256
ffc400c500b5009d
fe9bfe22fdf2fe83
fe1afe32fe0afdea
feb3fe22fdf2fdf2
fcb9fcc9fc89fdaa
fd61fcd9fca1fc60
fd59fdb2fe12fd51
fe52fdfafe0afe32
fdeafe62fde2fdf2
fef3feb3fea3fe3a
fe3afe9bfe32fe6a
fecbfe32feabfe42
fd01fdcaff03ff43
fe72fd9afd92fd8a
fef3feabfebbfef3
fe2afe22fe42fec3
fd9afdd2fe32fe6a
ff13fe93fde2fdba
ff9cff6bff9cff84
00140125008d0024
fcb9fd39fe1afe42
fd71fd21fd11fce1
fefbfea3fe93fe2a
009d0074007c008d
004c0014003c0095
00a500c5008d0085
002cfff4fff40044
ffecfffc001c002c
010d00ad004c0024
ff94001c007c00dd
02af029f01f6ffb4
013d01be021e026e
fe7aff7300dd00ad
ff2bfe8bfe7afedb
001cff13fe4afd82
fe2afd79fdc2fef3
fd09fd19fcc9fdb2
fdaafcc1fc89fca1
fd79fdf2fe6afde2
fe4afe02fddafdf2
fd82fe32fea3fe72
ff43fe9bfe6afe02
fef3fef3ff2bff6b
fe72fe5afe6afeab
fcd9fd49fdf2fe1a
fdeafdaafd41fd11
fee3fe6afe4afeeb
fe22fe32fe3afe62
fd8afdbafe1afe5a
ff0bfeb3fe02fdda
ff8cff73ff8cff4b
ff7b00ed0095000c
fc99fce1fde2fe32
fd59fc81fcb9fcd1
ff63fd29fdcafe02
0074006c0054008d
ff53ff63ffa4002c
ff33ff4bff43ff53
ff1bfee3fed3fee3
ffd4ffccff9cff6b
00fd008d0034fffc
0074010d01150105
021e0246010dffc4
00140044008d0165
0054fe8bffdcffe4
fdf2fe32fec3ffcc
00ad001cff0bfe02
fdc2fd61fdfaff5b
fd21fd29fd29fdea
fd79fd71fd61fd39
fda2fdbafe8bfdd2
fe8bfe8bfe62fe5a
fd79fe02febbfea3
feabfe62fe7afe42
ff3bff43feebfed3
feabfecbff03fe9b
fcf1fd61fe1afe62
fdbafd9afd41fd19
febbfe8bfe4afe6a
fe1afe3afe3afe1a
fd69fd69fdd2fe2a
ff03feb3fe62fde2
ff53ff5bff63ff43
ff7b008d0074ff8c
fc91fcb1fd71fe83
fd82fca9fcb1fce1
ffe4fd71fdaafe02
ffd400140024005c
fe9bfeb3fefbff43
fddafdcafe1afe6a
fe32fe32fdf2fdea
ff94ff2bfeb3fe5a
00ed009500340004
ff2300b5014d0125
ff4bffacffacff84
feebff4bff7bff7b
0054fea3fd79fdfa
ffbcffecffb40044
ff13ff6bff53ff5b
fe9bfe12fe22fe62
fd11fcf1fd39fe62
fe93fe6afdd2fd39
fde2fd82feebfe6a
fe52fe2afe72fec3
fd9afdc2fe8bfe9b
fe0afdeafe4afe32
ff3bff43ff23fedb
ffccff4bfefbff43
fd11fe62ff8cffcc
fdc2fd82fd31fd31
fe5afe93fe83fe42
fe22fe52fe4afe22
fd8afd69fdc2fdba
ff13febbfe9bfe1a
ff4bff1bff23ff43
fff4000c008dff94
fc78fcf1fe62ffbc
fd51fc91fc99fce1
0014fdd2fd69fdba
ff7bffccfff40024
fe5afe4afe9bfeeb
fef3feb3fe4afe12
fe62fe72fe5afeab
ff6bfe9bfe22fe22
00d500ad0054fff4
ffbcffbc00dd010d
021e017d009dff84
011501b601f6022e
ffecfe3afd31ff4b
0044007c002cfffc
ff13ff03ff63ff9c
ff6bff13ff2bff13
fcf9fce1fdbaff53
feabfe9bfdc2fd21
fe42fd82ff2bfebb
fe62fe72fe72feab
fe3afe42fe9bfe2a
fe3afe6afeabfedb
ff84ff53ff5bfec3
004cff33fe72ff0b
fd19fedbffec006c
fe2afe1afd79fce9
fe2afe6afe42fe2a
fe22fe52fe6afe2a
fdaafd61fd9afda2
ff63fecbfe93fe3a
ff6bfefbfeebff3b
007c0034005cffec
fd8afef3006400c5
fd61fc99fc68fcd1
003cfe5afd51fd9a
ffd4ffe4000c0034
ff03ff1bff63ffc4
fffcffbcff43feeb
ff9cffacff94ff7b
001cff2bff2bff94
013d014d012500bd
004cff63001c00ed
0297029f01aeffb4
017501ee0226025e
008dfe7afd69ffc4
003c007c009d00b5
ff6bff6bffb4ffd4
ffccff9cffbcff84
fd11fd19fe72ffb4
feb3fe72fdc2fd69
ff13fe8bfef3fecb
fe7afeebfee3fe93
fe83fe8bfeebfe8b
fe3afe7aff03ff0b
febbfecbfdfafdd2
ffbcff43fe6afe2a
fe0aff73001cffd4
fea3ff1bfdd2fd39
fe32fe72fe5afe0a
fde2fe52fe7afe83
fdcafd71fd8afd8a
ff33fef3fea3fe62
ff73ff03feb3feeb
00c5007c001cfffc
ff6300ad012d011d
fe4afd11fcc1fdba
007cfed3fd49fdda
009d008d009d0095
00640074006c007c
00c500bd0074009d
001c006c00640044
0044000cffec0024
017d015500cd007c
0044ff33ff8c005c
026e026601b6004c
016d01ce01f6023e
0044fe5afd9affec
00ad00e500a50085
ffdcffe4fff4004c
0024ffe4fffcffd4
fd79fd82fed3ffbc
fef3fe6afe2afe12
feabfee3ff6bff23
fe3afeb3fe6afe5a
febbfe93fee3fea3
fe1afea3fea3fec3
feebfe2afd49fd41
ff13fe93fe9bff33
ff03ff84ff8cff5b
fe9bfefbfe0afe1a
fe3afe0afe42fe02
fd92fe22fe72fe83
fdf2fd79fd59fd61
fef3ff13fec3fe7a
ff84ff1bfecbfe9b
00cd00b5003cffec
00c50105011d00fd
fde2fe1afedbffec
00bdff1bfd41fda2
00e500e500ed00d5
010d00fd00f500d5
0125011500fd011d
009500d500dd00ed
007c006c0064006c
0135010d00a5008d
004cff0b004400a5
025e022601a6000c
017501ce01ee0206
ff53fdd2fe320074
004c0064003c004c
fff400240034004c
002400140004fff4
fda2fdc2ff03ffbc
ff94fec3fe7afe42
fe52fed3ff1bffc4
fe83feabfe52fe5a
fecbfec3fe93fe62
fe3afe7afdeafec3
fe9bfe3afd41fd39
febbfe5aff13fef3
feebff33ff53feb3
ff8cffbcff6bff33
fe0afde2fdeafdea
fd59fdd2fe4afe6a
fe22fd92fd51fd31
fec3ff1bfefbfeb3
ffa4ff2bfecbfe7a
00a50095004cffdc
00f500fd00ed00dd
005400a500b500b5
00bdff84feabffb4
00cd00f5010500d5
0115011500dd00b5
00fd0105010500f5
00c500ed00f500f5
00cd00d500d500b5
01250165010500dd
0095ffecff33000c
022601f601750074
017501be01b601ce
ff7bfe6aff1300bd
ffdcffec0034004c
ffc4fffcfffcfff4
fffc000cffecffb4
fde2fe32ff2bffcc
0004fe93fe4afdf2
fe3afedbfee3005c
fe8bfe52fe1afe02
fedbfeabfe22fe7a
fee3feebfe72fef3
ff43fea3fd9afd71
fe62febbff2bfef3
febbfef3fe7afdf2
005cff8cfef3fe7a
fe2afde2fdc2fdc2
fd01fd82fe1afe62
fe3afdaafd59fd21
fea3ff03ff03fe9b
ffacff3bfedbfe7a
007c007400740024
00cd00b5009d00a5
013d012d011500fd
00d5ff9cff0300e5
00d500dd00f500c5
00ad00c500d500dd
00bd00d500e500ad
00ed00fd00dd00c5
0115011d011d0105
0155019e0155012d
00ed00b5001400a5
01e601d6016500fd
018601b60186019e
00b5ff9400240105
000cfffc005c008d
001c001c0004fff4
fff40014000c0004
fe1afeabff7bffdc
ff84fe8bfe2afdd2
fe42fed3feb3ff8c
fe62fe32fe2afdd2
ff3bfe93fe2afe8b
fed3fee3fef3feeb
ff73fecbfe8bfe52
fecbfe9bff0bff43
fe4afe83fe62fe72
ff63fe83fe62feab
fe3afe0afddafde2
fd01fd51fdcafe62
fe22fdbafd71fd59
fe9bfebbfee3fe9b
ffc4ff3bfee3fe83
007c007c0095007c
00dd00b50095008d
01650135012500fd
00bd00340004013d
01050125012500cd
009500c500e500fd
003c004c006c005c
00ad00ad008d005c
015d011d00e500b5
014d019601ae0175
00e501050105012d
01de01c601750115
01b601de01a601ae
009d001400cd0155
00ad0085009500ad
007400740074008d
000c004400440064
fe32ff03ffbc0004
feabfeabfe5afde2
fe83fe6afe12fec3
fea3fe83fe1afdea
ff13fe72fec3fe9b
ff84ff5bff73ff3b
ff13ff53ff84ff6b
ff13ff2bff94ff4b
fe2afe8bfee3ff0b
fea3fe72fe93fe83
fe4afe3afe12fe22
fd19fd09fd79fe02
fe4afde2fd9afd71
feabfe9bfebbfe9b
fffcff4bff13feab
006400740074007c
00d500c500a5008d
01860165013d010d
00c5012501860196
0135013d013d0105
008d00bd00dd010d
002c00440044004c
00a50074003c0014
015d010500c500a5
0115016d018e0186
010500fd010500e5
01b601b601750145
01ce01de01c6019e
003c007c015501a6
00d500b50085006c
00cd00dd00ed00ed
004c008d00cd00bd
fe7aff63fff4001c
fe72fe72fe5afe5a
feb3fe1afdf2fe72
fed3fe5afdf2fdfa
ffa4fea3feb3feab
007cff84ffac0044
ff73ffc4ffbc0044
00040004ff8cffa4
fe32feabfeabfedb
fe4afec3fe83fe3a
fe2afe42fe1afe12
fd61fd31fd51fdba
fe5afe22fddafda2
feabfe93fea3fe83
0044ff84ff1bfeeb
0064005c003c004c
00a5007c00740074
01960165014500f5
00c5017501ce01b6
015d014d01550105
009500dd010d0145
006c007c006c006c
00dd00a50064005c
0145012500f500e5
00dd0125014d016d
012d00ed010500d5
01ae01b6017d015d
01d601ee01c6019e
001c00cd019601ce
00a5007c001cfff4
00ed00fd00ed00f5
006400a500f500dd
ff13ff84ffec0034
fe32fe32fe3afeb3
fe72fe32fe22fe93
fe52fe52fdf2fe32
ff63febbfe8bfe32
ff9cffccfffc0024
ffc4ffb4ff23fef3
fffcff53ff23fffc
fe12fe8bfe93ff33
fe12fe22fe3afec3
fe32fe42fe2afe22
fda2fd79fd59fdba
fe0afe3afe0afdea
fec3fe8bfe9bfe42
002cff94ff33ff13
00640054003c0024
00ad0085005c005c
01a6012d011500e5
011501be01c601c6
015d0155012500cd
00bd0105014d015d
00cd00cd00cd00b5
00ed00c500bd00b5
012d012501250115
00ed00fd0135014d
017d017501ae0165
01a601ae01a60196
0206020e01c601a6
006c012d01be01ee
005c003400340024
0064008500740074
005c008500ad0074
ffa4003400740074
fdf2fe2afeebff4b
fe4afe62fe7afe4a
fe8bfebbfe2afe22
fe6afe52fe93fe32
ff53ffecffacff6b
000cffdcfee3fedb
feebfe52ff9c005c
fe62fe8bfe72ff13
fe7afdcafe9bff23
fdf2fe2afe22fe2a
fddafd82fd79fda2
fde2fe2afe32fe1a
ff13fe9bfe62fe1a
ffecff7bff4bff53
00540044003c002c
00dd00bd00740064
01a6016d013d010d
01be01ce01be01be
013501450155018e
00f501250165016d
01250125011d00fd
0115010d011d0115
00fd00f50125012d
0175013d0135011d
01b601be01c601be
01ae019e01ae01be
022e022e01d601a6
00b5017501d6020e
010500cd00a5007c
00ad00d500d500fd
0105010d010500cd
ffec007c00cd00f5
fde2fe42ff0bff53
fdfafdd2fe83fdfa
fe9bfe8bfe4afe0a
fe32fea3ff33fe93
feabfecbfeb3fe8b
feebfecbfeabfeab
fe72ff63ffecff53
fec3fe52fdeafee3
fed3fe6aff94ff8c
fdb2fe22fe3afe5a
fe22fdbafd69fd9a
fe0afe22fe52fe22
ff73fefbfe52fe2a
ffc4ff63ff5bff33
003c00340034001c
00fd00cd00740054
0196016d0145012d
01f601e601c601b6
01fe0216020e01ee
017d019e01c601ee
014d014d014d015d
012d012d0135012d
016d014d01350125
021e020e020601c6
01f60206021e0226
01be01c601d601f6
0236021e01ee01ce
00ed017501de0216
013d010500cd0095
012d013d01650175
011d012d015d0145
002c007c00d50125
fd92fe22ff23ff6b
fdd2fda2fe2afdf2
febbfe6afe52fdf2
fe72fe3afe9bfe8b
fe2afe12fea3feeb
fe8bfe2afe93fe62
ff0bff94ff2bff4b
fe52fdeafdbafe83
ff0bff53ffb4ff6b
fdb2fe0afe3afe22
fe12fe12fdb2fdf2
fe6afe3afe62fe4a
ff6bff43fea3fe72
ffd4ff7bff73ff63
003c00340034001c
00fd00bd006c005c
015d014501450135
020601de01be019e
026602460226020e
023602360256026e
01d601de01f60226
01a6019e019e01b6
01f601ce01b601b6
026e025e0246021e
023e02460256026e
01be01ce01f6021e
0216020601ee01c6
011d018e01d60206
015500ed00a50095
0145012501650196
01250145015d015d
0044009d00e50125
fd49fe42fef3ff9c
fdb2fd82fdeafdb2
fea3fe5afe1afdba
fe8bfe8bfdfafe5a
fe2afdfafe5aff0b
fe62ff4bff8cfedb
feb3fefbfeabfee3
fef3feabfea3fecb
ffa40004ff53ff7b
fddafdb2fe22fe2a
fe12fe2afe22fe22
feb3fe72fe7afe93
ff73ff4bff1bfed3
ffe4ff8cffa4ffa4
007400640054001c
00f500c5008d005c
014d013d012d011d
020601ce01ae018e
027e02560236021e
026e026e027e0287
021e0226023e025e
01d601de01e60206
021e020601fe01f6
024e024e0226021e
0236023e0246025e
01c601be01f6020e
020601e601d601c6
015501a601de0206
018e010d009500c5
0155014d016d018e
013d0155016d0165
003400cd01150145
fd61fe7afee3ffac
fdcafdbafdd2fdc2
fec3fe72fdf2fde2
feabffacfe4afe8b
fe62fda2fd92fde2
fef3ffbcff03ff03
fec3fe72fe6afe3a
ff5bff23ff3bff1b
ff9cffd4ff5bff53
fdf2fda2fe1afe42
fe4afe0afe12fdd2
fee3fe9bfe62fe8b
ffa4ff94ff8cff4b
ffccff7bff8cffb4
0095009500640004
00ed00cd008d006c
013d013501250105
020601d601a60175
02970276024e0226
02af02af02a702a7
024e025e027e029f
021e021e0226023e
0206020e02160216
01fe01fe01e601de
01ee01ee020601fe
019e01b601ee01e6
01de01ce01ae019e
018601c601ee01f6
0186011d00cd0125
016d017d016d016d
013d01550155016d
004400dd01050125
fd82fe52fef3ffc4
fdfafdd2fda2fdca
fedbfe62fdd2fe1a
fe2aff2bff5bff84
fe9bfd9afd69fd71
ff6bffc4ff8cff84
fefbfe6afebbfe93
ff23fe7aff3bff94
ff9cff73ff94ff63
fdeafde2fe0afe22
fe5afe22fdd2fde2
ff63fedbfe4afe1a
ffd4fff40014ffc4
ff9cff7bff8cffb4
009500950064ffbc
00e500c5008d0085
0135011d010d00f5
020601de01a60165
029f02760256022e
02d702e702cf02bf
027e0287029f02d7
022e0246024e025e
01e601ee02060216
01ae019601a601b6
01c601ce01ce01be
016d017d01ce01d6
01e601d6019e018e
01a601d601f601ee
014d010501150165
018e019e01a6017d
01450145015d0165
005c00d50115012d
fdcafe5aff4bffdc
fdf2fddafdb2fdb2
ff53febbfe32fe0a
fe83fefbffbcffdc
ff63fe02fda2fe52
ff6bffdcfffcfff4
feebfe7afe62fe93
ff23fe83fee3ff4b
feebfefbfefbff53
fdd2fdf2fdf2fe1a
fe02fe62fe0afe5a
ffecff53fea3fe22
fff40034003c002c
ff94ff73ff73ffcc
008d00950034ff7b
00dd00cd009d008d
014d012d010500ed
020e01e6019e0175
0297027e0256022e
0307030f02e702bf
02a702cf02df0317
021e024e026e027e
01ae018601de01fe
01ae01a60196019e
01ae01a6018e0196
014d012d01be01d6
020e020601d6019e
01d601f601fe020e
011d012d018601a6
0186016d0155013d
013d0145014d015d
004c00bd010d0115
fdf2fe52ff63ffc4
fdbafdc2fe02fd9a
ff73ff03fe72fdca
ff7bfebbff43ff6b
feebfe6afebbff7b
ff2bff53ff23ff43
ff0bfe5afdf2fe42
ff2bfecbff43ff84
feabfea3ff33ffa4
fdc2fdd2fde2fe0a
fe12fe5afe7afe1a
002cffc4ff0bfe83
00140044003c004c
ff94ff8cff9cffe4
009d008d001cff94
00ed00dd00b5009d
015d011d010500ed
020601de01a6017d
027e025e0246022e
0337031f02f702bf
02c702f703370357
02160246027e02a7
016d016501ae01e6
016d01c601de0196
0196017d015d016d
014d0125018e01ae
0216020e01de019e
020e023602360226
00fd017d01ce01de
01750155011500ed
013d014501450165
003c00cd01250115
fdf2fe42ff4bff9c
fddafd92fdf2fd92
ff94ff4bfe52fdea
ffb4feebfec3ff53
fe6afe6afecbfffc
fe7aff3bfedbfedb
feebfe93fe22fde2
fe93fefbfecbff63
feabfed3ff4bfe9b
fdeafdb2fd8afdc2
fe3afe22fe52fe32
0054ffecff5bfec3
001c002c003c0064
ffc4ffbcffacffbc
008d006c0034ffcc
00cd00cd00c500ad
015d011d00fd00cd
020601d601a6017d
027602460236021e
033f030f02df02af
02cf02f70327034f
0216022e0266029f
0165012d016d01d6
0125018e01d601c6
01860186017d0155
014d012d014d0186
0256022601e601ae
023602760297026e
011501ae01fe021e
013d011500f50105
01250135013d0165
001400ad00fd0105
fdcafe2aff43ff73
fe2afdb2fe3afdd2
0044ff33fe6afe3a
fefbfe62fe93ffb4
fe0afdf2fec3ff73
ff330024fecbfe2a
fe62fec3ff3bff1b
ff5bff3bff4bff23
ff0bff3bffecff23
fe02fdd2fdcafdba
febbfe32fe02fe22
004c0014ffacfefb
001c003c0044005c
ffccffccffb4ffb4
008d005c0034ffdc
00bd00dd00ed00dd
016d013500fd00bd
01e601be0196017d
026e025602360206
02f702d702bf029f
027e02a702c702e7
01ce01f60236026e
01c601550145018e
0125014501ae01fe
01a601ae018e0155
016d0165018e018e
0297024e01fe01be
026e02cf031f02ef
013501be021e0246
011d010d013d0135
0105011d012d0135
0004009d00e500fd
fdeafdfafebbff43
fe22fde2fe7afdea
ff94ff23feabfe5a
fe3afe3affacffec
fe72fe5afe22fe72
000c0004ff1bfe2a
ff13fee3fec3ff3b
ffbcffb4ffacfec3
ff7bff33ff84ff8c
fe02fe0afe22fdea
fef3fecbfdd2fdaa
0044000cffb4ff0b
fff4002c0054005c
ffdcffdcffdcffcc
00b50074004c0004
00d500d5010d00fd
0155011d010500dd
01c601a601860175
025e024e022e0206
029f0297027e026e
023e024e026e028f
017d01be01fe0236
022601fe01860145
0145012d01ae021e
01e601e601ae017d
018e019601de01e6
02bf025e021601c6
027602cf032f030f
011d01ae02060246
00fd012501450135
00ed010d011d0105
ffe40074009d00c5
fdd2fddafea3ff23
fdd2fe02fe4afdea
ff84fe8bfe2afe2a
fd71feabffdc0034
fe6afe72fdfafdaa
0034fff4fefbfe6a
ff23ff23ff1bffb4
ffa4ffecff9cfe62
fe7afefbff13ff13
fe12fe12fdeafe22
ff8cff63fe83fe32
003c0004ff94ff03
fff4001c003c0054
000cfffcfff4ffec
00bd008d005c002c
00dd00dd01150105
0145012d01250105
01d601ae017d0165
022e021e021601fe
0246023e0246022e
020e021e0236024e
011d0155019e01d6
02460246021e0175
0145013d01de0226
020601e601be0186
01b601e6020e0226
02a70266022601ce
026602a702df02df
00f501ae01e60226
00cd00f50105010d
00bd00d500ed00d5
ff6b001c006c0095
fdcafdbafe5afeeb
fdbafdfafe2afdfa
ffacfe8bfe12fe02
fe7aff1bffbc0054
fea3fec3febbfee3
005cffacff23fe72
ff43ff94003c009d
0074ffd4fefbfe12
fe3aff0bfef3ffac
fe83fdfafdfafe12
001cffbcfef3ff23
002cfffcff73fef3
0004001c0044004c
0024000cfffcffe4
00b50085006c003c
0105010501150105
011d01150125011d
01c601ae016d0145
01fe01fe01f601de
021e0206020e01f6
01ae01f60226022e
012500f5013d0175
02260256024e01fe
0135019e020e0216
01ee01c6018e0165
01de02060216020e
0266023601fe01e6
0226024e027e027e
00ed016501be01e6
008d00ad00c500e5
009500bd00c500ad
ff53ffa40034006c
fda2fdaafe62ff23
fdeafdfafdcafdda
ff4bfea3fe42fe22
ff43fee3ffb40014
fecbff33ff94003c
0054ffb4fecbfe9b
ff4bff7b00040044
00a5fefbfe4afe3a
ff0bff1bffa400f5
fea3fdfafdf2fe52
ff7bfee3fe7aff03
0024fffcff5bff2b
001c00240034004c
001c000cfffcffec
00bd0085006c003c
01250115010d0105
010d0105010d0125
01b601a60145011d
01de01de01ce01c6
01fe020601f601d6
017501ce01fe020e
01a600e500fd0145
01f6022e023e0226
01b60216020601fe
0186016d014d015d
01a601a601960186
01fe01d601be01b6
01de01fe02160206
00dd0105017d01ae
009d00bd00a500bd
0054008d009d007c
ffa4ff94ffdc001c
fdc2fdf2fe93ff3b
fe0afdcafdaafdba
fe8bfea3fe72fe72
fee3fe8bff43ff1b
fed3fe7afecbff7b
000cff94ff23ff63
ff03fecbff94000c
ff6bfefbff43feeb
ff2bff13ffcc002c
fe52fde2fe1afe9b
ff7bfef3fe7afe7a
002cfffcff63ff7b
002c002c001c003c
00440024000c0004
00cd00850074004c
012500fd00f500fd
01050115011d012d
01960186010500ed
01ce01d601b6019e
01d601e601de01d6
0145018601c601ce
01c6011d00bd00fd
01fe021e0236022e
023602360226020e
01de01b601a601de
0145014d018e01be
0175015d0175016d
017501a601b6019e
00ed00d5010d014d
00b500bd00a500b5
0044008d00a50085
fff4ffacffcc0004
fe2afe32feabff2b
fe42fdeafdaafdda
fe9bff23fed3fe7a
ff03fec3ff0bfea3
fed3fe0afe72ff0b
febbfe9bfe8bff1b
fe8bff7bff43fec3
ff0bff1bff13fe93
0014fff40034ffa4
fdeafdcafe12fe42
001cff1bfe8bfe3a
002cffecff5bff6b
0014002c0024001c
006c0034002c001c
00d500950074007c
010500fd00f500f5
00ed011501250125
017d0155012500fd
01ae01ae018e0196
01b601ce01d601b6
0105014d018e019e
01c6016500e500bd
0226023602460216
022e022e02360236
022e022e0226022e
01be020e02560246
0135014501ce01e6
011501450165015d
00ed00dd00bd00dd
00950074007c00b5
007c00d500fd00d5
0034002cfffc0044
fe5afe32fecbff6b
fe32fdeafdcafe22
fea3ff73fe52fe4a
ffc4fec3fe2afdfa
fe1afe02fe93ff53
fe93feb3fefbff1b
fea3fff4ff0bfe7a
ff43ff4bff43fe42
007cffec0024ffac
fde2fe32fe6afe8b
0064ff5bfebbfea3
fffcffbcff33ff8c
002c002c0024000c
008d005400540034
00e500b50095008d
00f5010d00ed00ed
00e501150125011d
01650145013d0115
017d017d017d016d
01a601a6019e017d
00c500d50125016d
01de019e01650125
0246024602460216
0236024602560256
025e025e024e024e
0216025e027e026e
011d016d019e01c6
00ed010d01450145
00bd00d500d500c5
00d500740054007c
00dd013501860145
00740074ffdc008d
fe62fe5aff03ff84
fe42fdcafdc2fe4a
ff13feebfe6afe2a
ffccfe83ff1bff3b
fe42ff23ff53ff7b
fee3fef3ff43feab
ff53001cff43fecb
ff6bff53fedbfe8b
ff73ff6bffecffac
fe5afe1afee3ff7b
ff5bff03febbff13
ffc4ff73ff0bff53
003400340034001c
00a50074005c0044
00e500bd0095009d
0125011d00e500dd
00c500fd01250125
013d0135012500ed
0165016d016d0155
017d01960175015d
01a6010500c5011d
01fe01d601d601e6
025e0236021e0216
026602760276027e
029f0297028f027e
020e0246027e028f
00e50135016501c6
012d012d010500ed
007c00ad00f5010d
013d00b5007c0064
0115015d01be01c6
00640085ffbc008d
fe3afe62ff0bff8c
febbfdd2fdaafe22
ff8cff03ff43ff1b
0024ff9c0034001c
ff7b0074004c002c
ff6b00f50074ffd4
00bdffdcff1bfed3
fee3ff13ff13ffd4
fec3ff23ff9cffc4
fe02fe0afe7aff4b
ff33ff5bfefbff13
ffacff5bff1bff4b
004c0034001cfffc
00a500950074004c
00ed00d500bd00b5
012d011500ed00f5
00b500e5011d012d
014d0135011500e5
014d015d0145013d
00ed012d014d0145
023601f6014d00dd
021e0216022e0226
026e024e022e0226
0276027e02660266
02bf02a702a7028f
0206024e028f02b7
018e0175019601ce
017d01ae01b601c6
001c008500fd013d
01c6013d00dd0054
0115016d01be01ee
00540095ff84000c
fe02fe6afefbffa4
ff33fdfafdbafe1a
ffc4ff84002c000c
0085009d00e5003c
ffdc006c008d0044
ff84012500b5000c
0004ff13fee3fe72
febbfecbfe6aff5b
fe6afeb3fec3feab
fea3ff1bff33ff2b
ff3bff63fee3fe93
ff8cff63ff53ff3b
005c004c0014ffd4
00b5009d007c0054
00fd00ed00dd00bd
012501250115010d
00a500d5012d0135
0145012d010500cd
014501450135013d
00e500ad00fd0125
023e0246021e0196
020e0206021e0226
0246023602160226
028f027e0256023e
02b702a702a70297
021e0256028f02b7
01ee01de01d601ee
0135017501ae01d6
0024ffe4007400fd
020601a6015d0115
00cd016d01be01f6
001c0014ff8cff94
fe1afe83fed3ff5b
ff5bfe42fde2fe02
ffacff53ffa4fffc
feb3ffb40095ffa4
ffb4ff9c002cff7b
00140085ffa4ff03
fe2afec3fef3ff0b
fde2fde2fda2fe22
fef3ff3bff63fe8b
0004fff4ffb4ff2b
ff1bff33ff5bffac
ff8cff94ff6bff1b
005c004c0004ffac
00dd009d0085006c
012d011500f500dd
014d014d0145013d
00b500e50135014d
011d00f500f500cd
0125012d0135013d
015d00c5009d00fd
02060216020e01e6
01f601ee02060216
0216021601fe020e
0297027e0256021e
02a702af02b702a7
02460266029702a7
01a601f60216022e
007c00dd012d016d
00d5ffe4ff9c0014
020e01e60186013d
003c017501be01ee
000c007c000cff1b
fe2afe8bfe9bfed3
ff13fe7afdb2fdd2
ffe4ff5bff7bff84
fe1aff5b0085ffc4
ff13ff2bff73fec3
ff94ffd4ff63fea3
fe8bff4bff3bfea3
fd9afdcafde2fdca
ff43fe72fe42fdba
00850085fff4ff13
fee3ffbc001c004c
ffc4ffb4ff5bfee3
0054003cffdcff94
00e500b5008d006c
013d0125010500f5
0175016501550155
00cd00fd013d015d
012500fd00ed00c5
0125012d0135014d
011500b5008500fd
01be01a60186015d
01de01ee01f601e6
01ee01f601ee01ee
024e021e020601ee
023e0266025e0266
0206020e02360216
0105018601be01ee
fffc003c008500a5
00fd008dffe4ff5b
020e01fe01b6011d
ff84011501b601ee
004c00b50024feeb
fdeafeabfe83feeb
ff2bff13fdf2fd82
006cff9cffccff7b
fed3ffdc006400ad
ff33fff4ff7bfec3
ff84ff8cff5bff3b
ffa4ff43fec3fe93
fe02fe52ff1bff13
ff2bfeebfe22fdc2
00b500740004ff7b
ffb4004c00ad00c5
fffcffa4ff33ff43
005c002cffd4ffb4
00ed00c500850064
014d0125010d0105
018e018e01650165
00d5010501550175
0155010500fd00d5
0155014d0135016d
00dd009d00bd0115
013d012501350105
0105013d0155016d
00fd00ed00ed0105
010d00dd00e500f5
0105010500fd0105
011d0125012d012d
006c00ad00e500fd
010d012d00f50064
00ad008d002cff7b
01fe020601e6012d
fefb007c018e01de
ffdc009d002cff4b
fe02fedbfe8bff03
feabff73fe9bfd92
ff4bff3bff5bff4b
ff7bff9cffbcffb4
fe83fe62fe93fed3
ffdcffacff0bfedb
0034fee3fe52fe6a
ff53ff33fffc0044
ff53ffb4febbfebb
00ed00c50044ff1b
0064007400ad00f5
ffdcff8cff94001c
00540014ffc4fffc
00f500c5008d0064
014d012d0115011d
0196018e017d0165
0105013d0175018e
016d0135011500f5
019e017d01650186
011500d50125018e
008d002c009d00ed
007400bd0135014d
00ed005c00540095
00e5009500ed0135
00e500cd010d0135
00c501050105010d
0145013500ed00b5
011d0246029701ae
007c007c004cff94
01ee020601ee014d
fe8bffa4011501c6
ff5b0034ffccff84
fe5afec3fe62fef3
feabff2bfedbfe12
fdeafe62fed3ff4b
fecbfe83fe42fdda
fe0afe7aff5bff2b
ffe4ffdcff3bfeb3
0014ff63fecbfeeb
ffecff53002c002c
fff40074ff43ff53
0145010d0044fea3
00e500e500cd00fd
ffd4002c009500bd
0034ffd4ffccfffc
00f500bd00950064
0155013d01150115
01ae019e0175015d
0105016501a601b6
018e016d013d0105
01e601ce01ae01b6
011d00dd015d01d6
00ed00d500f50115
0226027602cf024e
025e01be0206026e
023e01fe027602c7
022601ae024602b7
01be0256028f029f
02af02c7029f01fe
0044022e031702ef
008d003c0074ff9c
01ee01ee01de0175
fe02fed3005c0186
ff13ffcc0004ff3b
fe22fe93fe32fecb
fe83ff4bff7bfe83
fe0afe5afe93feab
fe22fd82fd59fdaa
fe62feabff33feb3
0004ffa4ffccffcc
007c000cff8cffcc
ff8cff1b001cffe4
0074001cff63ff63
011500e5ffdcfdb2
011d014d013d0105
009d01050135013d
0004ff8cffe40034
00fd00d500a5007c
012d011d010d0115
01b601a601750145
0125018601b601be
018e016d0145011d
01e601d601c601c6
010500cd015d01ce
016d01e601860135
026e019e028701c6
02e7028f02ff033f
02ef02d702ff030f
02ff022602bf0337
02a7030f03670390
0327034f035f02ef
ff530186033f0367
00c50004004cffbc
01c601ce01c6018e
fdd2fe12ff8400fd
feabffcc0095ff63
fe3afe83fe12fe93
ff43ff23ff3bfe7a
fe8bff0bff3bff2b
fd8afdf2fd69fdea
ffd4feebfe93fdc2
003c006c018e015d
003cff23ff73ffd4
ff2bff3b002cffdc
ff73fefbfe93ff6b
013d00c5ffbcfd92
0155015d01650175
014d015d0175017d
ffbcffb4006c00fd
00e500d500a5004c
012d0105010d010d
01be01a601750145
015d01a601be01c6
01a6016d0135013d
01ee01e601e601ce
010500dd016d01de
0216022601960135
014d005c0125015d
02f7027602af02c7
030702d7030f031f
032f028702e7033f
02ef032f037703a8
0327035f035f032f
ff03003c02ff0347
00fd001400240014
016501ae01be019e
fdf2fda2fe6a002c
feabff8c004cffa4
fe2afeabfdf2fea3
ff23feabfeb3fe3a
ff53ffdc0034ff94
fdbafe5afe3afe72
ffd4ff03ff5bfebb
ffac010501d600bd
ff4bfeb3ffb4ffc4
ff2bff94001cffc4
ffc4fe5afebbff6b
017500ddff8cfd92
019e019e0165017d
0196018e01a601a6
000c00ad01450186
00dd00b5005cffec
012d0115011d00f5
01ce01ae016d013d
018601be01d601d6
01a6017d014d015d
01fe01fe01ee01ce
00fd00ed018601f6
024e01fe0196014d
0125010d011501b6
02df01f6018e0155
031f02d703070317
032f02cf0307033f
0307031f0357036f
02ff03370357033f
ffacff8c01f602c7
010d003cffcc0034
00dd018e01be018e
fe02fd79fd82ff23
ff23ff8c006cffbc
fe1afebbfdb2fee3
fec3fe3afdbafdaa
ff7bfec3ff5bfec3
fe52fe02fecbfff4
fefbff2bffa4ffa4
fefbffe40085ff73
ff63ff4bff4bff33
0004006c0014ff43
ff5bfea3fecbff33
01650105ff7bfda2
01c601b60196018e
01be01b601b601be
01150175019e01a6
00b5006c002c0085
011d011500f500cd
01d6019e01550125
01ae01de01de01d6
01ae017d0175017d
0206020601e601ce
010500e5016d01ee
020601f601b6016d
0165012d017d0206
02e7028701e6016d
032f02af02bf02c7
033702ff03170347
030f031f032f0347
0287031f03470337
0044001c00ad0145
01050064ffa4fff4
ffec013501b6018e
fe0afd82fd49fe3a
ff2bff330024fff4
fe2afe83fd69fe62
fe22fe3afe1afdf2
ff53ff23fe72fdd2
fec3fefbffb40044
ff0bff53ffa4ff3b
ff23fecbff1bfefb
ff2bffacff43ff94
ff630044000cfeb3
ff84ff63feebff0b
0186011dff33fd71
01de01c601b601b6
01de01de01ce01ce
018601a601c601d6
00b5009d011d0175
0135010d00cd00d5
01ce019601650135
01d601ee01d601be
01b6017d01860196
01f601ee01ee01de
010500e5015501c6
020601f601ce0186
011d016d01e6022e
023e01c6014d012d
033702ff02760206
033702f7030f032f
02e7030f03170327
0115024602ef030f
004c00a500b50085
0115008dffbcff9c
fedb009501860186
fe52fdb2fd11fd82
ff03ff1b00240085
fe52fe12fd71fdb2
fe52fedbfebbfeab
ff23ff1bfe1afe22
feabff6bffb4ff0b
fed3ff43febbfe22
fdbafd71fe9bff0b
fec3ff13fe9bfe72
febbff7bff23feab
ffa4ff73ff9cfee3
0196011dfec3fd41
01e601d601e601d6
01e601e601de01e6
01b601c601de01ee
0135016d01ae01be
014d00fd00a500e5
01be018601650155
01d601e601e601c6
01a6019e018e019e
01d601d601ee01d6
011500dd014d01a6
01f601ee01c60186
014d017d021e0226
01050105010d0145
02c702460196013d
02a702cf02c7029f
02560236025e026e
00ed010501750226
001400bd00d500fd
011d00adffe4ff53
fda2ff6b0125018e
fec3fe12fda2fd19
febbff4bffec00bd
fe2afdfafdaafd69
fe93fec3febbfe62
ff63ff53feabfebb
feabffc4ff7bff0b
fde2fda2fe2afe22
fdeafdfaff53febb
ff53fe8bfdc2fdea
ff53fedbfe7aff1b
ff4bfeebfedbfe62
019e00fdfe83fd31
01f601f601fe01e6
01fe01f601ee01ee
01ee01f601f601f6
01b601c601de01e6
0115009d00dd0175
01b60186017d015d
01de01e601c601be
01a601a6019e01b6
01d601d601de01ce
011500fd014d019e
01fe01f601b6017d
015d01de0226020e
00b500a500e50135
017d0165012500dd
018601de01de0186
01650135014d015d
011d014d01750186
ffbc007c00b500f5
014500ad002cff43
fd11fe1a0085019e
ff63fe02fe2afd29
fe72ff9cff4300ad
fe42fe52fe2afd92
ff03feabfe3afdaa
ff6bff1bff84ff63
ff53ff3bff73ff43
fd49fd79fe8bfe4a
ff2bfef3fef3fdd2
004cfe72fe2afee3
ff4bfef3fea3ffbc
ff5bff0bfe3afeab
019e00bdfe32fd41
01fe01f601f601d6
021601fe01ee01ee
01fe0206020e0216
01d601de01ee01ee
00bd00ed019601ce
019e016d017d013d
01ce01c601ae01b6
019e0196019601c6
01ce01de01c601b6
013d011d014d018e
01f601e601ae017d
01d60206021e01fe
00ad00c5010d0175
0186013500d500bd
016d015d016d0165
011d01650175015d
00c5010d01450145
ff7b00140064009d
014d009d004cffa4
fcf9fd59ff4b0145
ffdcfdcafdc2fcf1
fe5aff94ff7300b5
fdeafe93fe62fdd2
ff23fe32fe4afd69
ff94fefbff94ff84
ff6bfe62fe1afe62
fe22fe6afedbff6b
0014004cff43fe83
00d5ff53ff2bff6b
febbff3bff8c003c
ff6bffccff13fed3
01ae006cfdd2fd61
01ee01ee01e601e6
0226021e020e01f6
0206020e02160226
01ee01ee01ee01fe
00ed01a601d601d6
0196016d014500ed
01ce01be01a601ae
0186018e019601be
01b601ce01be019e
013d011d014d017d
01de01c601ae0165
021e021601fe01fe
00a5011501ae0216
020e011500e500c5
0155016d016d01f6
00d5013d015d0155
008d00c500ed00dd
ffacffa4000c0044
012d0085004cfff4
fd69fd69fe8b00bd
008dfdfafd31fce1
fe42ff43ffc40014
fddafe4afddafde2
ff1bfe6afee3fe32
ff23fe9bff5bff4b
febbfe22fdbafe72
ff53fefbfec3feb3
007c000cff33ff53
fff4ff8cff6bffe4
fe72fec3ffd4005c
fe8bff13ff73ff0b
01960034fe3afdea
01f601fe020e01f6
022e0226022e0216
0216021602260236
01f601f60206020e
017501d601de01e6
016d0145010500dd
01c601c601b6018e
0175017d019e01b6
01a601b601be019e
01150115014d0186
01b601b601a60155
021601fe01f601e6
014501d60226021e
00ed00d500d500ed
0135014d012d011d
009d00c500d5010d
004c007c00a500ad
00040004fffc000c
00d500850064000c
fd41fdeaffec00ad
010dfe83fd79fd29
fe4afedbffe4ff9c
ff1bfedbfe0afdca
ff1bfecbff5bff7b
fe1afddafee3fedb
fe32fea3fe32fe1a
ff9cfec3fe3afdda
007cff9cff84fff4
ff84ff73ffdc000c
ffbcff5bff630034
fedbff33ff33ff1b
017d0014fee3fdd2
0216020e021e01f6
02360226022e022e
021e02260236023e
0206020e02160216
01a601d601ee01fe
013500fd00cd012d
01b601b601b6016d
015501650186019e
0196019e0196015d
010d0115015d0186
01960196018e016d
01fe01de01be01a6
01fe021e021e020e
00ed013d019e01ce
00cd00c500ad00c5
0074005c007400a5
005c0044005c0095
000c004c007c0074
00ad0085006c0024
fdfaff8400ad0105
00b5ff9cfd92fd71
ff23fefb0004ffbc
ff94fecbfdfafdfa
fee3fe93fee3ff94
fe3afe2afeabfed3
fe62fe12fde2fdfa
000cff0bfe9bfee3
ffc4ff530014006c
ff23ff0bff33ffb4
ffccfeabff1bfff4
ff03ff6b000cffec
016dffa4fe52fd92
0236020e01fe01e6
024e02460236023e
022e0236023e0246
021e022602260226
01c601f601fe0216
00f500ad00bd016d
01a601ae0196013d
013d016501860196
017d0165013d0125
012d0125016d017d
0186018e018e0175
01de01b6018e017d
0216020602060206
01b601f6021e0226
00bd00dd00fd014d
006c004c00540085
00a5006c004c0064
0024003c008d00c5
00dd004c006c004c
ffac006c00ed014d
008d007cfd8afdf2
fe5afecbff8c0044
ff1bfe6afdf2fd9a
fecbff33fedbfee3
fe12fe2afe2afeb3
fe9bfdbafdc2fe3a
00b5fea3fe22fed3
fe52febb0054010d
ff0bfeebff6bff94
ff84fe93feb3fee3
ffec000cffdcff63
010dfec3fd69fd71
024e021601ee01f6
024e0246024e0256
023e023e024e0246
023602360236022e
0206021e0226023e
00bd00c5012d01be
018e0186015500fd
014d01750175017d
015d012500f50115
0155013d01550165
018e018e0186016d
019e01960186017d
020e01fe01ee01d6
01e601fe0216020e
0115014d016d019e
00ad009500ad00c5
00d500c500b5009d
003c005c009d00c5
015d003c00850064
007400f5016501ae
008d011dfe6aff4b
fdfafe2aff13003c
ff03fe4afe02fd82
fdfafeabfed3ff0b
ff3bfef3fea3fe52
fdd2fd31febbffec
ff5bfefbfe9bfdca
fecbfeebffb40004
feebfe3aff33ffa4
ff94fe8bfebbfefb
ffccffa4ff43ffd4
ffc4fe02fd82fd69
024e0226021601ae
02560256025e025e
024602460256024e
0256024e023e0236
023e024e024e024e
0135019e01de0216
0145013500f500f5
016501750155014d
011d00d500ed0135
01550165015d013d
01be01a6017d0155
017d0175017d019e
021e020601e601be
01fe0216021e020e
014d018601a601de
00c500d500f50105
00fd00e500ed00bd
0064006c00a500d5
01e6007c008d009d
00f5018e01d601f6
007400ddffc40034
fd61fdc2fdf2ff8c
ff1bfe2afdcafd51
fdaafe8bff13ff7b
ffccfefbfe83fe0a
fd82fd41fedbff63
fe6afe0afe1afd9a
ffc4ff13ff73ff43
fe5afe02fedbffc4
ff94fecbff03ff84
ff8cffd4ff9cffac
fddafd49fd69fe0a
02460236021e009d
025e025e025e0256
024e024e025e0256
0266024e023e0246
0266026602660266
01d60206021e0246
00e500e5012d018e
014d013d013d012d
00c5008d00fd0145
0165017d01650125
01e601be0175014d
018e0165019601c6
0236021e01fe01d6
023602460236021e
0165019e01ce0206
0105010d0105011d
012d01150115010d
00a5009d00b500ed
021600e5008500d5
017501e6020e021e
0054006c003c0095
fe22fe12fd9afeab
fea3fdb2fdaafdc2
fe0afed3fee3ff2b
ffb4fe72fdc2fe1a
fdbafdcafe9bff1b
fd71fd71fe02fe02
ff0bff0bfe9bfe4a
fdcafdfafeb3ff33
fffcff5bffacff03
ff8cffccfffcffd4
fd21fd09fd71fedb
02360236016dfebb
026602760266024e
02660266025e0256
025e0256024e0256
027e0276026e026e
021e023e02560266
00c5014501c601ee
011d0125011d00f5
0064009d010d012d
01750175014d00dd
01e601be017d0165
019e019601ae01d6
0226021e01fe01ce
0236023e02160216
016d01ae01e60216
016501650155015d
01450155014d014d
00cd00bd00dd00fd
02160105007400e5
01d6020e0226022e
00040095005c00c5
fe52fd92fd49fe1a
fddafd59fd69fe1a
fe62fe4afdf2fe1a
ff1bfe6afe7afeab
fd71fdcafe6aff0b
fd92fdc2fe42fe1a
fddafec3fe62fe1a
fe0afe72ff6bfe8b
ffd4ff73ffe4ff8c
ff03ff8400240054
fd82fde2fdaafee3
025601fe0024fda2
0276028f027e025e
026e027e02760266
0256025e0266026e
02760276026e025e
024e026e0276027e
011d01de02160236
00ed00ed00bd007c
006c00fd012d00fd
0175015501150085
01de01be018e0186
01b601c601e601ee
022601fe01ae0196
022e0246022e021e
01b601ce01ee021e
018e019601a601b6
0135014d014d016d
00d500d500ed0105
01f6015d008500e5
01c6021e021e020e
0044008d00a5009d
fe3afd41fd49fef3
fe42fd82fd69fe22
fe4afe42fdbafdd2
fe52fdb2fe8bfe72
fdd2fe1afe42ff13
fe83fed3ff23fea3
fddafeebfe93fe52
fe52feb3ff84fe2a
ff73ffb40064ff4b
fed3ff8cfff4009d
fea3fedbfe12ff53
024600f5ff0bfdaa
02870287027e025e
027e028f02970287
025e0266026e0276
026e02660266025e
027e028702870276
01fe024e02560266
00bd00b5007c00bd
00dd0135010d00cd
0165012500ad0044
01be01ae018e0175
01e601f6020e01e6
01fe01d601c601c6
024e02560236020e
01e601e601f6021e
01860196019e01be
012d0155014d0165
00c500bd00bd00dd
01be0165006c00c5
018e0216021e01f6
0095006c00d50074
fddafd69fe6a0034
fecbfd71fd69fdfa
fe72fe42fde2fe32
fe22fd92fe0afdfa
fea3feebfee3fed3
ff940024ffb4ff13
fe32fe42fde2fe6a
ff6bffd4ff3bfe8b
fee3ffccffc4ff6b
feb3ff33fefbff7b
ff73ffb4ffbc006c
0165ffacfeb3fdea
029f0287028f0266
0287028f029f02a7
0266026e027e027e
026e025e0266025e
02870287027e027e
02760287028f0287
00950074008501ae
010d00fd00b50095
013d00cd004c009d
01c6019e01860165
01fe020601fe01e6
01f601ee01f601f6
02560256021e01f6
01f602160226024e
017d019e01a601ae
013d017d01750175
00c500d500c500e5
0196016d008d009d
012501ee01fe01d6
0105009d00cd00b5
fd69fe62001c00bd
fda2fd49fd82fd71
fdfafdaafd8afdc2
fe1afd9afdcafd82
ffbc004c0034ff53
011d0034ff8cff33
feebfee3fea3ffe4
fef3ff5bfef3fecb
feb3ffd40034ff2b
fed3ff13fe6afed3
ffbc004c005cffd4
004cff3bfe2afde2
028f0287028701de
02970297028f028f
027e0287028f0287
0276026e026e0276
027e027e02760276
0297029f02970287
00ad007c011d022e
00cd007c0074009d
00bd0054008500f5
01be019601550115
01fe01fe01e601d6
01e601f601f60206
025e024e021601ee
01ee022e02360256
016d017d019601ae
013501860196017d
00bd00dd00ed00ed
0175016d00d50085
009d019e01be019e
016d0125006400f5
fe12ffd4009500fd
fdb2fdbafdfafd49
fdaafda2fd8afe12
fe32fdbafdbafd49
ff03ff5b002cffbc
ffd40054ffc4ff43
fe4afe9bff3bffdc
fe72feabfec3fe42
feeb00c500cdff8c
ff7bffb4feabfeab
ffbc005cffe4fe9b
fecbfe7afddafdba
027e027601deffc4
029f028f0276026e
027e02870287028f
027602760276027e
026e0266025e026e
0297028f02870276
00ad00ed01f6026e
0074005c00a500d5
004c007c00f500dd
018e0145010500ad
01fe01f601ce01be
01f602060206020e
0246022e02260206
01ee022e023e0256
018e01960196019e
0125017501a601ae
00a500cd00e500ed
0165016d01250074
00a5010d015d0155
01ae01ae00bd00e5
ffa4008d00fd0165
fdaafdaafd82fdc2
fdd2fdeafdbafe22
feb3fe7afe0afd9a
fe7afef3ffe4ff1b
ffb4005cff8cfeeb
fe93ff1bff53ff73
feb3fde2fe12fe32
ff7b0095008dffbc
ff94ffdc0004008d
ff13ffbcfe9bfdfa
fde2fda2fe32fdf2
02760206ffccfe12
0287027e02760266
027e027e02870287
0276026e026e027e
025e025602660266
027e027e02760266
00dd01d6025e027e
007c00cd00e500ad
006c00e500e50074
014500e5009d003c
020601ee01be0186
020602160216020e
023e023e022e0206
01f6022602460246
01ae01a601b601be
012d015d018e01ae
006c00bd00dd00fd
013d0165016500b5
00b5006400f5012d
01de0206015d00c5
008500d5014501a6
fdd2fe12fdeaff5b
fe52feabfe2afe1a
fe3afe5afe2afe62
ff13ffe40014feeb
00140034ff5bfe9b
000c00dd003cffdc
fedbfe32fe8bfecb
ff94fffcffecff53
ff9cffcc00f500a5
fe93fe0afe22fe62
fe02fe52febbfecb
0216002cfdc2fdca
0276028702870266
0287027e0287027e
0266026602760287
0256025602660266
027602660266025e
01ce025602760276
00f500fd00c50105
00dd00dd009500a5
00d50074002c0054
01d601be0175012d
021e0226020601e6
024e024e022e0216
01fe0226023e024e
017d019e01a601c6
01450155015d016d
0054007c00bd0115
014d017d018e0145
00b500540095010d
0216021601e600d5
00f50135019e01ee
fe0afe32ff0b0074
ff4bfec3fe3afe1a
fe1afe42fed3ff8c
ff9cfff4ff73fee3
003cffccfee3fe93
ffe400ed00f5fffc
fe62fe83fe8bff23
0014ffd4ff9cfeeb
ffcc003c00c500bd
feebfe12fe5affb4
fe1afebbff13ff3b
0095fe32fd39fdba
026602760276022e
0287028f028f0276
026e02760287027e
0266026602660266
0266025e02560256
023e0256025e025e
00ed00c5010d01d6
00d500b500ed010d
0044000c006400cd
0196017d011d00ad
021601fe01e601be
026e0256022e021e
01de0216023e0256
01550186018e0196
012d012d0135013d
00dd0074009d00fd
016d018601960196
007c0074007c010d
021e02360216013d
0135019601d6020e
feabff4b002c00bd
000cff7bff43fed3
feebfebbfe83ffb4
ff5b0004fffcff43
ff8cfe7afe3afec3
ffbc002c0115002c
ff73ff6bff73ff43
ffcc0044ffb4ff33
fe7a0014013500fd
fef3fdfafe62007c
fe72fee3ff13ff0b
ff03fda2fd49fe02
0276024601fe00d5
02760287028f0287
026e026e026e026e
025e025e024e025e
02560246024e025e
0256025e0256024e
00e5012501ce023e
00d50115012d0105
fff4006c00dd00d5
015d012d00b5002c
01f601be018e0175
025e024e020e01f6
019e01d601f60236
01350145014d015d
0105010501250135
017d00cd006c00bd
0186019e019e019e
0044004c004400e5
02260236021e019e
018601ee020e021e
ff0b007400cd0115
ff23000cff73fe72
ff63fefbfe3afedb
ff53ffb40024ff84
ff0bfed3fed3fefb
0024004c00c5ff7b
006cffb4ff53ff63
0054ff6bff33ffd4
ff73004c01050135
fe8bfdcafe8bffbc
fedbfef3feabfef3
febbfd8afde2fe4a
025e01f60085fefb
02660276026e026e
027e0276025e0256
024e024e024e025e
02460246024e0256
025e024e0256024e
013501ce023e0256
0105011d01050105
006c00c500cd00bd
00f5007cfffcffe4
018e017501450115
01ee01ee01be01a6
0175018601a601ce
00f500f5010d0145
00cd010501250125
01a6017d0095006c
018601ae01a6019e
008d0014001c0095
02360236022601be
01d6021e022e022e
000400bd01150175
ff2b007cff33fea3
fe72fe62fe7afe52
febbfe32fef3ff0b
fef3fecbfed3ff13
ffd4fffcffc4ff94
0004ffd4ffbcff8c
001cff7bff1bff1b
ff53ff7bff9c003c
fe1afdbaff33ffd4
003c00bdff2bff23
fe72fddafe0afe8b
023e00b5fe6afe4a
0266026e025e024e
0276026e026e0256
02460246024e0256
022e0236023e023e
024e024602360236
01de0246024e0256
011500fd00e50135
00cd00cd00cd00e5
001cffccfff4006c
0135012500f500a5
018e0196016d0145
0135014d01750186
00ed00ed00ed0115
007400b500dd0105
01b601ae014d009d
015d01ce01ce01a6
00d50014002c00a5
023e022e020e01c6
01fe022e023e0236
008500dd014d01ae
fec3001cff43ff94
fe22fe0afdcafdca
fe8bfdcafdbafde2
ff63fe22fe42fea3
ffdcff2bffc4009d
ff53ff73ff03ff33
ff2bfee3fe7afe83
fef3fe93febbff03
fe42fe120054006c
008d0095ff8cff43
fe22fe2afe830024
00c5fe9bfdf2fdd2
024e024e024e01fe
024e0256025e0256
02360246024e0256
021e0226022e0226
023e023e02260226
023e024e024e0246
00ed00e5013501e6
00e500dd00fd00fd
ffcc004c00ad00cd
00fd00bd005cffd4
010d012d011500fd
011d0115010d010d
00cd00c500c500e5
00ad002c007c00cd
01be01be01ae0175
016501ce01ce01ae
0125001c001c00d5
022e021e021601ce
02260236022e0236
00c50115018e01ee
fe32fe4afedb004c
fe72fda2fd31fd31
fe8bfdfafe32fecb
febbfdfafe4afe42
ffacfecbfeebff7b
ffd4ff5bff3bff23
ff33fe4aff33ffd4
fe52fe02fe62fe83
fec3feb3014d007c
003c0095ffb4ff3b
fdeafe5afec300d5
fe83fe22fe72fdca
020e020601fe00b5
023e024e0246022e
022e023e024e0246
021602160226022e
021e02260216020e
02360236022e022e
00fd015501e6022e
00ed010d010d00f5
009500c500e500d5
002cffdcffe4002c
00a500ad009d0074
00a500a5009d00a5
001c003400540085
01c600d5ffdcffdc
01c601ce01b601e6
017501ce01d601b6
01550044fffc00cd
0226021e020e01c6
023e0236022e022e
0105016501be020e
fd29fe2afff400b5
fde2fd51fce9fca9
fd71fdfafde2fe0a
fdf2fdb2fe52fdda
fe02fde2fea3fe6a
0014ffacff6bfe4a
fec3fe6aff63ffec
fe93fe52fe62ff4b
ff3bff8c012dffdc
000400b5ff84ff2b
fd61fe42ff4300bd
fddafe72fe5afdf2
01ee01ce00adfe83
02460236022e020e
0236023e02460256
020602160226022e
02060206020e01fe
021e02160216020e
018e020e023e0236
00f5010500fd0115
00d500bd00b500c5
ffcc004400b500dd
ffdcffe4ffc4ffbc
ffecffecffecffe4
ff43fedbff7bffdc
022601fe014d0024
01f601ce01ce01fe
019601d601de01ee
017500bd0014009d
023e021e01fe01be
022e0226023e024e
0135019e01f6020e
fd69ff53008500e5
fdbafd19fcc9fcc9
fd8afe1afdc2fd92
fe72ff03fecbfe02
fd82fe3afe8bfe62
feb3fe42fdf2fd19
ff8cffb4ff63ff1b
fecbfe4afe9bff3b
ff73ffa4ffa4ff1b
006c00ddff94ff73
fd9afe93ff7300d5
fde2fe52ff0bfe1a
01c60074fe72fdc2
0236021e01fe01fe
023e023e024e0256
0216022602260236
01ee02060216020e
021601fe01fe01ee
021e023e02360236
00d500dd011d01b6
00a5008d00b500d5
007c009500a500bd
ffbc002400540074
ff53ff5bff73ff84
01450004ff33ff2b
0236022e02360206
021601f6020e0226
01ae01de01f60216
019e011500240074
0236022601fe01ce
020e021e023e023e
015d01c601f6020e
fe72003400cd010d
fd39fce1fd39fda2
fe83fec3fda2fd82
ff0bfee3fea3fe7a
fdaafe22fe62fe83
fdaafd69fd21fd39
fef3fee3fecbfe2a
fe5afe72fe4aff0b
fee3fee3fec3fe62
015dfff4ff33ff23
fe02fee3ff1b016d
fdd2fe6affd4fdfa
00a5fe7afdaafdda
021e01fe01e601d6
0236022e023e0236
020e0216021e022e
01f6020601fe020e
020601fe01ee01ee
0236022e021e021e
00a5011d01be0226
0074006c009500a5
002c0044006c0074
005c0085006c0054
ffdcffa4ffbcfffc
022e021e01860014
023e02260226022e
0216020602260236
017d01f6020e020e
01b60175006c0064
022e0226020601d6
0206021e0226022e
017501a601e601e6
ffbc00ad00fd0135
fd11fd59fd9afe4a
fdbafd61fd11fd41
ffb4fe2afea3fe62
feb3fe4afdfafecb
fd71fd21fd59fe22
fe72fed3ff0bfe02
febbfe5afe12fed3
018e018e018e018e
019e018e01860186
019601960196019e
01750186018e0196
018e018e01860186
0175017d017d017d
016d0175017d017d
017d017d01750175
017d01860186017d
015d017d0186017d
016d01550165015d
015d0175017d0175
01650175015d0145
016d01860175016d
0125013d0155016d
00f500f501050125
00850074009d00dd
010d00f500d5009d
0125011d01150105
013d01350125011d
0155015501450135
0145013d0145014d
013d0145014d0155
014d014d013d0135
014501350135013d
013d014d0145013d
010501150115011d
ffecffe4004c00dd
fef3ff7bfffc001c
fdfafd51fdb2fe62
ff03fef3ff0bfecb
ffe4ffc4ff94ff43
01860186018e018e
0196018e0186017d
0186018e0196019e
01750186018e0186
0196018e01960186
0175018601860186
016d016d01750175
017d017501750175
017d01860186017d
0175018e018e017d
01650155016d016d
016d017501750175
0175016d0155015d
01750165015d016d
009500bd0125016d
ffa4ffd40004004c
ff4bff63ff5bff7b
ff73ff4bff73ff63
00d50054ffd4ff84
012d011d01150115
012d012d012d0135
01350135012d0125
011d011d011d012d
012501250115011d
010d010d01150115
00f5010501050115
00bd00c500c500cd
005400440064009d
fea3ff53000c005c
fd21fcd9fd29fdea
fe83fe6afe22fdaa
febbfecbfebbfe9b
0186018e018e018e
019e018e01750175
018e018e01960196
016501750186018e
0196019601860165
0186018e018e0196
015d01650165016d
017d016d016d0165
0175017d0175017d
018e018e0175016d
0165016d01860186
016d016d01650165
016d015d01550165
009501150155016d
ff4bff33ff940014
ff03ff23ff2bff1b
ff4bff1bff0bff2b
fedbff03ff53ff63
ff9cff43fecbfeab
00c5006c00440004
00f500fd00fd00e5
00fd0105010500e5
00e500dd00dd00e5
00dd00ed00ed00ed
00cd00cd00d500dd
00ad00c500c500d5
00440054005c007c
0054003c002c002c
fee3ff8c003c006c
fd71fd71fda2fe42
fe6afe22fdbafd71
fe1afe22fe42fe62
0186018e018e018e
01960186017d017d
01750175017d018e
016d017501750175
017d016d01650165
0196019601860186
0165016d0175017d
015d015d0165015d
015d015d015d015d
01550155014d014d
016d01750175016d
010d0135014d015d
0135012d010500ed
ff2bff94008d0105
ff2bff2bff13ff03
ff1bff23ff4bff43
ff6bff2bff0bff13
fef3fefbff63ff84
fefbfee3feebff0b
ff9cff84ff3bff1b
00dd00cd007cfff4
00dd00dd00d500dd
00dd00dd00cd00c5
008d00ad00c500d5
007c008d008d0085
001c002c003c0064
ff94ffacffbcffec
ffacff84ff8cff84
ffa4000c00440004
fed3fe7afe83ff1b
fe83fea3fed3fee3
fdcafdeafe2afe62
017d018e0186017d
0186017d01750175
015d015d015d016d
0165016501650155
015d015d01650165
016d016d015d0165
01750175016d016d
014501550165016d
013d013d013d013d
01350135012d012d
014d014d014d013d
002c00c5011d013d
ffec006c002cfff4
ff13feebff4bffac
ffdcffacff9cff73
ff9cffacffe4ffec
ffd4ffbcff9cffa4
ff7bff8cffccffe4
fe62feabff4bff94
ff9cff6bfebbfe8b
005cfffcff84ff33
00a500ad00cd00bd
0064007c00850085
ffe4fffc00240054
fff400140004ffec
ff9cff9cffa4ffcc
ff13ff13ff2bff6b
ff0bff03ff0bff03
006c006cffe4ff4b
fef3fee3ff33ffe4
fe8bfed3ff03ff0b
fdaafdbafdf2fe3a
0186018e0175016d
01750175017d0175
015d015501550165
01550155015d0165
014d014d01550155
013d014501450155
014d0145013d013d
0125013d014d0155
010d011d01250125
0115010d01050105
0105012501250115
ffd4007c00d500f5
ff03ff6bffa4ffac
ffd4ff5bff33ff23
000c0034001cfff4
ffccff94ff9cffdc
00240004ffd4ffdc
006c0054003c0044
ff53ffb4004c003c
ff73ff4bff2bff3b
ff9cff94ff94ff63
002c0054004cfff4
ffccffe40004001c
ff5bff5bff84ffb4
ff8cff94ff84ff6b
ff13ff33ff4bff73
feabfe9bfea3fedb
fe8bfe93fe8bfea3
0074ffbcfef3fe9b
fe9bff1bffec007c
fe62fe7afe72fe72
fda2fdb2fddafe12
018e018e0175016d
016d017d017d017d
015d014d014d0155
015d015d01650165
013d014d0155015d
0145014d01550155
0145014d0145013d
013501350135013d
00f501050115012d
00f500ed00e500ed
00e5010500fd00ed
ff9c008d00d500cd
ff4bff23ff5bff84
0044ffec0004ffbc
ffccfffc004c005c
ff63ff5bff8cff94
0004fffcffbcff84
ffe4ffd4ffe4fff4
00a5005c0014ffcc
ff7bffd4001c007c
ff53ffacffacff9c
ffec000cff94ff53
ff33ff53ff7bffac
fef3fef3ff03ff1b
ff0bff0bff03fef3
fe8bfeb3fedbff03
fe4afe4afe4afe62
fe52fe4afe4afe52
ffc4fedbfe72fe52
ff3bfffc007c0064
fe93feabfeb3fec3
fdfafdfafe1afe52
0186019601860175
015d0165016d016d
01450145013d014d
015d015d015d014d
01350145014d015d
0145014d014d013d
01450145013d013d
01350145014d0145
00fd00fd0105011d
00f500ed00f500fd
00fd010d010d00f5
ff4bffb4006c00e5
ffdcffccffbcffb4
0014fff40034ffdc
004c004c0024001c
fe6afe8bff0bffc4
ffccff8cff03fe93
ffec00240044001c
0074fffcffc4ffbc
00cd00b5006c005c
001c002c005c00cd
ffa4ff53ff2bff84
feabfec3fee3ff33
fe93fe9bfea3fea3
fe93fe9bfe93fe8b
fe7afe7afe8bfe8b
fea3fe9bfe8bfe83
fe93fe8bfe93fea3
ff3bfeebfecbfeb3
0034009d005cffc4
fe9bfef3ff23ff7b
fe6afe4afe32fe52
017501750175017d
015d015d015d0165
01550155014d014d
01450155014d0155
013d01350135013d
012d013d013d0145
013d013501250125
0105011d012d0135
00fd010d0115010d
010500fd00f500fd
00e50115010500f5
ffd4ff33ff3b001c
ff7bffbcfff4001c
000cffecffb4ff73
ff23003400b50054
fd31fda2fdfafe62
feabfe83fe32fd8a
fefbfedbff23ff33
ffe4ff43fed3ff13
009d007400440034
00b500c500d500d5
ffdcffc4ff7b0054
fe83fea3fedbff9c
fe83fe72fe6afe72
fe9bfe8bfe8bfe8b
ff03fee3fedbfebb
ff2bff1bff1bff0b
ff0bff03ff03ff1b
ff23ff23ff2bff13
009d006cffb4ff3b
feb3ff53ffbc0024
fedbfe72fe32fe42
015d015501550155
015d015d01550155
0155015d01550155
013d0145014d014d
0145013d0145013d
01050125013d014d
011d01250115010d
00f500f500fd0105
00ed00ed00fd0105
00ed00ed00ed00ed
ffcc00ad00cd00cd
ffdcffecff53ff3b
0004002cfffcffd4
ffdcffccffccfffc
fe6afeebff8cff94
fd82fd79fd9afe22
fe93fe3afdeafd92
fec3fe9bfe7afe7a
ff33fea3fe5afed3
0074005cffecff7b
011500b500c50085
ff9cffe4008d0165
fecbff0bff73fffc
fecbfecbfeb3feab
ff03fee3fedbfed3
ff53ff53ff3bff23
ff84ff7bff6bff5b
ff63ff63ff6bff84
ff5bff63ff5bff53
0034ffdcff73ff4b
ff3bfffc0034003c
ff0bfe7afe0afe42
0155016d016d0155
015d0165015d0155
0145014501450155
01450145014d013d
0125013d01450145
01050105010d011d
0115011d011d010d
00f500fd0105010d
00cd00d500d500e5
009500ad00b500bd
ff3bff94002c006c
ff9cfff40014ff8c
ff63001c007c000c
fe9bfebbfeebff1b
fe42fe62fe3afe5a
fdaafdd2fdf2fe22
fe62fe22fddafd9a
fe22fe3afe4afe62
feabfe6afe5afe5a
0034ff53ff03fecb
00f500cd00dd007c
fff4009d01450105
ff6bffbcffccffdc
ff33ff2bff23ff2b
ff3bff1bff1bff23
ff7bff73ff6bff63
ffccffbcffa4ff8c
ffbcffc4ffccffd4
ffb4ffbcffbcffb4
ffdcff9cff7bff9c
001c00a5008d0034
ff03fe72fe12feeb
0155016d016d013d
015d0155014d0145
012d014d015d0155
0135013d013d012d
00f50105011d0125
0115010d00fd00fd
011d011d011d0115
00dd00fd010d010d
003c005c008500b5
0004fffc0004001c
ffc4ff43ff9c000c
006c000c002cfff4
febbfedbff5b003c
fe3afe6afe6afe7a
fe3afe4afe62fe52
fdfafdd2fe1afe3a
fe8bfeabfe6afe02
fe42fe4afe52fe72
fe6afe83fea3fe72
fef3fedbfeb3fe7a
004cffdcff5bff33
013d014500cd0095
fffc002c005c00bd
ff5bff4bff33ff8c
ff84ff63ff5bff5b
ffbcffa4ff9cff94
ffbcffbcffccffcc
ffb4ffccffd4ffbc
ffa4ffb4ffacffa4
ff94ff6bff5bff84
00bd00cd0064ffdc
0004ff9cff94003c
0135014d013d0115
011d0125011d011d
012d01450145012d
011d01250125012d
00fd00fd00fd0105
01150115010d010d
00f5010501050105
007400ad00c500e5
ff63ff84ffcc0024
ffb4ff5bff3bff43
ffc4ffc4ffacffcc
0064007c00440004
fe42fe6afe62ff03
fe42fe52fe1afe02
febbfec3fee3feb3
ff53fec3feabfeab
ff8cff84ff7bff8c
fe93ff33ff1bff6b
fef3feebfeb3fe62
fefbfedbfefbfefb
fefbff0bff13ff0b
01150085002cffb4
006c00a5010d017d
ff6bff43ff43001c
ff94ffa4ff9cff8c
ff8cff94ff84ff84
ff53ff6bff73ff84
ff7bff73ff73ff63
ffb4ffa4ff8cff84
003c0014ffecffc4
012d011500cd0074
011500fd010d0125
00f500f500f5012d
0105010d010d00fd
010d010d00fd00fd
01350155015d013d
00ed00e500e5010d
00dd00e500ed00f5
006c008d00ad00c5
ff94ffc4ffec001c
feabfeb3fee3ff3b
ff8cff13fef3fec3
002c001cffe4ffd4
ff63ffacfffc0004
fe2afe6afe6afe93
ff53ffb4ff43fe5a
0004ffdcffacff6b
00540034001c000c
00340044005c0074
ff8cffec00240034
ffacffccffecffac
feebff63ff84ff7b
fe8bfe8bfec3feeb
00a5006cff7bfefb
00bd011d010500dd
ff6bffcc0024008d
ff33ff53ff5bff63
ff33ff3bff2bff23
ff9cff7bff5bff3b
00340004ffdcffbc
00c500a5007c005c
011d011d010500dd
014d0145013d0125
013d0135013d0145
00ad009d009d00e5
00ed00fd00ed00c5
00b500bd00c500d5
011d0165014500dd
00ad00ad00ad00bd
000c0044007c00a5
ff33ff9cffccffe4
fea3fec3fec3fedb
fe32fe22fe32fe72
fff4ff3bfedbfe7a
ff23ff8c00440044
febbfeabfee3fef3
ff03fea3fefbfedb
005400640054001c
009d00c5007c004c
0004002c004c0074
fffcffdcffdcffec
006c00c500b50064
005c006400850085
ffbc0024000c001c
fedbfee3ff53ff84
0034ffbcff4bfefb
0155014d00cd00c5
ffbc0024009d00fd
ff53ff2bff23ff33
000cffe4ffacff7b
00d500b500850044
0115011500fd00ed
01450135012d011d
013d014501450155
015d015d0155013d
014d01450155014d
00cd00e500ed00fd
00a500cd00bd00ad
00a5008500640064
011d016d011d00bd
ffccfffc0014005c
fe93febbff1bff84
fe4afe83fe93fe93
fe52fe52fe3afe2a
fe6afe52fe5afe62
0024ffe4ff33fea3
fe7afe7aff13001c
fed3febbfe7afe5a
0014ff7bff5bff2b
0004001c005c008d
ff84ffa4ffacffe4
ff53ff53ff53ff63
fee3fefbff13ff4b
000cffccff6bff1b
00bd0074002c0034
003400a500dd00ad
fee3fecb00140034
ff9cff33ff4bff4b
014d00d5003cffec
004c006c01350155
00ad0064002c0024
010d00fd00e500c5
0155015d0145012d
014501450145014d
014d0145014d014d
0145014501450155
016d016501550145
015d015d015d0165
028f02bf02970206
018601f601fe0226
01050095002c00a5
00d5012d010d011d
fe93fecbff0bffbc
fe1afe0afe1afe52
feabfe9bfe7afe4a
fee3fed3fec3feb3
fec3fee3feebfefb
00140024ffccfef3
fe2afe3afe72ff3b
ff33fed3fea3fe62
00440044ffdcff94
ff4bff73ff94ffec
febbfed3feabfeeb
fe52fe4afe4afe72
fe6afe9bfe83fe7a
fef3fec3fe9bfeab
ff8cff33fefbff33
00bd00ad0064ffe4
0054008d00d500ad
ffacffd4004c0064
0095ff9cff2bff23
00b50145017d0155
0135011d00f500dd
012d012d012d0135
016d016d01550145
014d0145014d0155
014d014d01550155
0145013d0145014d
01650165015d014d
01550155015d0165
035f03b803a8033f
02d702cf02b702df
0196019601b6026e
ff94ffcc002c0105
fecbfecbfecbff13
fedbfec3febbfebb
ff3bff3bff2bff0b
ff2bff33ff3bff3b
ff33ff0bff13ff2b
ff94ffd4ffecffdc
fe5afe2afe5afebb
ffe4ff7bff6bfefb
ffe40034003c004c
ff03ff3bff43ff7b
fe3afe5afe8bfed3
fed3fedbfe9bfe5a
fe42fe93fe9bfebb
fe72fe4afe32fe2a
feabfe8bfe8bfe8b
0074000cff84fefb
010d00ed00e500d5
00440054007c00ad
ff63ff53ff5bffdc
0165017500e5002c
011d00fd00dd0125
0145015501450125
016d0165014d0145
0155014d0155015d
013d014d0155015d
0155014d0145013d
0165016d0165015d
0155015d015d015d
01be0287030f0307
02870297022e0175
00cd015d01be022e
ff0bff1bff530004
ff43ff33ff13ff03
ff53ff53ff53ff53
ff5bff63ff6bff5b
ff53ff63ff63ff53
ffe4ff6bff3bff4b
fed3ff4bffa4000c
ff43feb3fe8bfe93
000c00340014ffbc
fe93feebff63ff9c
fe83fe8bfe7afe93
fedbfedbfeabfe7a
ffd4ffe4ff84ff3b
fed3ff1bff6bff8c
ff5bff3bfef3fea3
fefbff84ffb4ff9c
ffecff53feebfec3
011500bd00b5006c
007400d501450165
ff43ff94000c005c
01960115ffe4ff1b
010500bd012d018e
0165014d012d0125
0165015d01550155
01550155014d0165
014501450145014d
0165015d014d014d
016d01750175016d
01450155015d015d
000400d502060297
00ed013d010d003c
ffbc0014004c008d
ff23ff23ff3bff6b
ff5bff4bff3bff2b
ff84ff8cff8cff7b
ff6bff63ff73ff6b
ffbcffc4ff9cff84
fff4fffcff73ff8c
fea3fe93fedbff73
0024ffdcfefbfeab
fef3ffa4004c003c
fe8bfe6afe72fecb
fed3fea3fe7afe9b
ff94ff94fe93fe62
ff84ff84ff8cffac
ffb4ffbcff8cff6b
0004ff84ffb4ffbc
002c005c002c0074
fedbff230004002c
005cfff4ffacff33
00cd011d013500d5
ff6b006400ad00c5
010d0024ff73ff6b
00cd00f5013d013d
017d0155012d011d
0165015d0155015d
014d01550155015d
014d0145014d014d
0165015d01550155
016d017501750175
0145014d015d0165
ff2bff84006c011d
ff73ff8cff84ff43
ff94ff84ff63ff53
ff6bff63ff6bff84
ff84ff73ff84ff84
ff9cffb4ffacff94
ff8cff8cff8cff84
0004fffcffccffa4
fedbffb4ffbcff7b
feb3fe83fe5afe62
00340044fffcfef3
fe93febbff1bfffc
ff1bfe9bfe32fe22
ff43ff73ff73ff63
ffa4ff2bfef3feeb
ff84ff7bff9cffac
ffc4000cffecffc4
ffacffc4002cfffc
00640064fffcffcc
ff63ffd40054005c
ff63ff33ff2bff3b
011500bd002cff73
001400d50135014d
0004ff8cff23ff7b
0115010d0155010d
01550155013d0105
0165015d015d0155
014d014d0155015d
015d01550155015d
0165015d015d015d
016d016d01750175
014d015d015d0165
ff4bff73ffec006c
ff3bff43ff4bff43
ffd4ff9cff5bff2b
ffdcffd4ffc4ffd4
ffb4ffc4ffecfff4
ffc4ffb4ff9cffa4
ffbcffc4ffd4ffcc
ffd4fffcffdcffc4
fe52feebffdcff94
fef3fe93fe3afe0a
ffacffdc003cffc4
fe12fe6afec3ff33
ff03fee3fe83fe22
ff3bfeebff43ff7b
ff03ff2bff63ff7b
ffccffb4ff8cff6b
ff23ff5bffc4fff4
001c003c0004ff23
002c001c0024fff4
0004ffec0054005c
ff53ffa400340054
0034ff94ff43ff43
00c5014d013d00b5
ff8cffac007c00cd
012501750115005c
015d0165014d0145
015d015d01650165
016501650155015d
015d0165015d016d
0165016501650165
01650165016d016d
01550165015d0165
ffcc003c013d0186
ffbcffd4ffdcffbc
001cffecffbcffac
0014000c0014001c
ffe40004002c0034
ffacff94ff9cffbc
ffa4ffacffccffcc
ff5bffc4ffb4ffa4
fe2afe5afef3ff8c
fff4ff73fefbfe7a
fef3ff13ff43ffc4
fe6afdeafe12fe9b
ff23ff4bff33feeb
ff13fedbfed3fef3
fef3ff03feebff03
ff84ff7bfef3fed3
ff53ff53ff2bff5b
0054fffcff63ff53
004c0034002c0054
006c006c00dd0074
007c0105012500b5
ffa4ff33ff1bff94
0145011500bd001c
002c00e5010d011d
017d01350004ff94
01750175017d0165
015d015d0155016d
016d016d01650165
0165016d016d016d
015d0165016d016d
015d015d015d015d
015d015d015d0165
ffe4012502360206
0004000cffdcffa4
00440024000cfffc
000c001400240034
ffacffd4fffc000c
ff4bff3bff4bff73
ff9cff7bff7bff73
ff13ff84ffa4ffa4
fe93fe4afe3afe9b
ff3bffe4ffbcff1b
fdfafdeafdfafe6a
ff1bfedbfe5afe1a
ff8cff84ff3bff0b
feebff2bff5bff6b
fea3feabfeb3fee3
fe8bfe72fe9bfea3
ff03fef3feabfe5a
ffb4ff0bff0bfefb
0085005c0044003c
00bd007c00740074
011d011d00dd00bd
ff2bff6bffec00ad
013500dd003cffac
00d5014d01550145
00d50034ffb4fff4
017d017d01b60145
016d016501650175
0175017501750175
016d016d01750175
0165016d016d016d
0165015d015d0165
015d0165016d0165
ffbc00bd01550115
ffd4ffdcff7bff3b
ffccffccffccffbc
ffbcffd4ffdcffd4
fffcffecffdcffc4
006400540034000c
fff4000c00240054
feb3ff53ff9cffc4
ff33feb3fe3afe22
fdf2fef3ffdcff84
fe8bfe02fdaafd8a
fee3ff23ff1bfedb
ff2bff3bfefbfedb
fe7afe83fec3fef3
fed3febbfeabfeb3
fec3fec3fe9bfeab
fe52fe5afeb3febb
fee3ff43fefbfebb
ffacfff4ffd4ff03
0024ff8cff94ff94
013d010500e500b5
ff7b0064005c00f5
006c001cff4bfebb
0145016d00f500ed
0004ffa4ffec00cd
017d01a601750105
017d0186017d0175
016d017d0186017d
016d016d016d016d
016d017501750175
015d0165016d016d
015d015d015d015d
000c005c0064004c
ff13ff2bff33ff94
ffb4ff73ff53ff13
009500dd0115008d
00a500ad00b500a5
ffec004c007c008d
fe8bfec3ff03ff6b
fe22feb3feebfe7a
ff84ff63fe83fe12
fdbafe02febbff7b
ff13feb3fe32fdc2
ff5bff4bff3bff3b
fe8bff5bff9cff73
fecbfeb3fe83fe6a
001cfffcfff4ff6b
fed3fecbfedbff6b
feb3fe93fed3fef3
ff84ffbcffa4ffa4
feebfed3fefbfecb
ff8cff9cff73ff33
010d00cd00bd000c
008500bd008d00e5
ffccff03fe9bff94
016500f5008d0085
ffa4001c010d014d
0165013d01150054
0186018e0186017d
016d017d0186017d
0175016d01750175
0175017501750175
015d016501750175
015d015d015d015d
00340044000cffc4
feb3fefbff73ffec
0054ffbcff4bfed3
ffe4006c012d0145
ff63ff9cffdcffe4
fed3ff03ff2bff3b
fdd2fe12fe6afea3
fe32fe42fe9bfe1a
ff03ff84ff43fe72
fdcafd71fe0afe8b
ff03fedbfe93fe3a
ffbcfff4ffccff4b
ff1bff6bffb4ffac
ff53ff0bfe9bfec3
ff63ff84ffbcff84
feb3fec3ff1bff63
ff7bff63fed3fe9b
ffdcffc4ffb4ffd4
fea3ff0bff63ffcc
001cff94ff23feb3
00ed00dd0085ffdc
013501a6012d0115
ff03ff13000c00cd
00dd00850024ffa4
ff8400950165015d
011500cd002cffa4
018e017d01860175
017d018e018e018e
017d017d0175017d
0175016d0175017d
0165016501750186
0165016501650165
ff6bffa4ffbcffbc
fe7afebbff13ff43
0034ff43fea3fe72
fee3fefbffec00a5
ff0bff13ff13ff03
fed3feebff03ff0b
fe12fe3afe93febb
fe83fe42fe32fe72
fe3afeebff4bfebb
fe62fdfafdb2fe0a
ff03ff6bff23fe9b
ff2bffbcffb4ff1b
fefbff0bff3bff1b
fefbff0bff13ff23
ff0bff13feebfee3
febbfeb3feebff03
ff13ff03fecbfeb3
ffb4ff7bff6bff2b
ff6b000cffe4ffcc
00950004ffacff53
00f500cd00d500ad
00ad00d5010500fd
ff6b006400c500fd
00ed0044ff7bff1b
00f50135015d010d
00e5004cffec008d
01860175018e014d
0186019e0186018e
017d017d0186017d
01750175017d017d
0165016d01750175
01750175016d0165
fe7afe72fe8bfeb3
fe3afe4afe7afe93
000cfefbfe6afe42
fea3feabffa4006c
ff0bff03fef3fed3
feabfed3feebff03
fe72fe42fe5afe7a
fed3fe72fe2afe42
fe0afe42febbfedb
ff23ff33fe52fdc2
feebff03feebfefb
fedbfecbfea3feb3
ff5bff63ff33fedb
ff23ff13fefbff23
feb3fec3fecbfefb
fe93feb3fee3fecb
fee3feebfec3febb
ff33ff0bfecbfec3
ffc4ff94ff53ff33
0034003c001c0004
00e500e50064001c
001cffec00140044
0074011d010d00ad
0064ff9cff03ff5b
0145019e018e0135
008d002400d5012d
0196018e019e00fd
018e01960186018e
0186018e018e018e
017d0175017d017d
016501650175017d
017d017d01750165
fe5afe42fe32fe3a
fe42fe42fe4afe62
ff9cfec3fe62fe52
feb3febbff33ffc4
ff23ff03feebfecb
fe83fea3fecbff0b
fe7afe52fe32fe62
ff1bfee3fe83fe22
fdd2fe3afe8bfefb
fea3ff0bfeebfe1a
fef3ff33fef3fec3
fefbfec3feb3fecb
feabfeebfedbfee3
fee3fee3fea3fe93
fe42fea3fecbfee3
fe83fe6afe3afe1a
ff0bfed3fe9bfe83
fedbff13ff23ff1b
ff6bff1bff2bff03
fff4ffc4ffa4ff8c
00bd0054000c002c
004c0014003c00f5
00b5010d00a50054
ffa4ff13ff53004c
011500e50034fff4
ffd4004c0105014d
019601ae018e00a5
019e0196018e018e
0186018e01860196
017d017d017d017d
015d016501750186
0175017d017d016d
fe72fe4afe3afe3a
fe22fe2afe5afe72
feabfe4afe2afe2a
fedbfef3fee3fed3
ff4bfef3fec3feb3
fe83fe9bfef3ff53
fe42fec3fe7afe6a
ff5bfedbfee3fe8b
fddafdfafe52fee3
fe83fe62fe32fe02
fecbfef3fefbfec3
ff1bfeebfefbfef3
feb3fea3fe9bfef3
fea3fef3ff0bff03
fe72fe8bfeabfecb
fed3fe9bfea3fe8b
fe9bfe7afed3ff1b
fe7afed3feebfecb
fee3fe93fec3fe72
ff2bff13ff1bff13
00850044002cffc4
00dd00fd00bd00ad
00cd00c5007400ad
ff03ff6b005400cd
0085ff6bff6b001c
fff4011d0175016d
018e01c60125000c
01a6018e018e0196
0196019e0196019e
017d017d018e018e
016d016d01750186
0175017d017d0175
fe7afe6afe5afe52
fdf2fe22fe62fe83
fe32fe22fe1afe02
feb3feebfed3fe83
ff33fed3fe93fe7a
fe83feb3ff2bff7b
fe4afee3fed3fe6a
fefbff6bff13fefb
fe5afe4afdfafe4a
fef3fee3fe8bfe62
fe5afe52fe8bfebb
ff2bfed3febbfea3
feb3fef3feebfee3
ff0bff0bff23ff03
ff5bff1bff13ff53
ff13ff33ff7bff84
fed3ff0bff1bff4b
fe5afe83fea3fe93
febbfe83fe7afe32
ff2bff73ff63ff0b
0024ffacffb4ff6b
014d00ed00ad004c
00c5006c01050165
ff0bfffc006c00dd
ffccffc4001cff53
00540155015d00f5
019601ae007cffe4
01ae018e01960196
019e019e019e01a6
018e018e01960196
017d01750186018e
016d0175017d017d
fe6afe4afe4afe5a
fdeafe22fe72fe83
fe32fe2afe22fdf2
feabfebbfeabfe72
ff13fed3fea3fe93
fe7afeabff13ff4b
fe83fe52fecbfe72
fe62ff43ff7bfee3
fe83fe6afdfafdfa
ff1bff33fef3feab
fe72fe62fe4afe8b
febbfe9bfe9bfe7a
ff33ff3bff73fee3
0024fffcffbcff53
00440024fffc002c
fffc0024003c002c
0004002400240014
ff13ff2bff63ffac
fef3fea3feabfedb
ff33ff73ff3bfeeb
ffccff8cff5bff7b
00dd0014ffc4ff94
010d00c500fd00fd
ff7bff63000c0105
00040034ff5bff13
010501650165fff4
01ae016d0024fff4
01ae0196018e01a6
0196019e01a601a6
019e01960196019e
018e018e019e01a6
0155016501750186
fe4afe3afe52fe62
fde2fe22fe62fe6a
fe42fe2afe02fdda
fe8bfe93fe8bfe7a
fee3febbfeabfe9b
fe5afe93fedbfefb
fe52fdd2fe62fe4a
fe3afebbffc4ff13
fe83fe5afe2afe0a
fee3fed3fecbfeab
fe42fe52fe93fe6a
ff0bff2bfee3fe83
001c0024001cff1b
009500740044002c
009500b500a5009d
ffd4fff40044006c
00ad00a5008d0034
0014004400740095
fe2afdd2fec3ffb4
feabfedbfefbfeab
ff84ff4bff4bff1b
ffe4ffb4ff84ff43
010500f500c5005c
ff94000c00dd010d
0044ff84fef3ff94
0165011d009dffbc
01b600d5ffcc0085
01be019e018e018e
01b601b601b601b6
01a6019e01a601b6
0196019e01a601ae
0155015d016d0186
fe52fe4afe5afe72
fdeafe3afe62fe62
fe52fe1afdf2fdca
fe72fe5afe62fe7a
fe9bfe83fe93fe93
fe32fe72feabfebb
fe6afddafe1afe22
fe3afe62ff1bff5b
fe52fe0afe4afe52
fe7afe72fe72fe72
fe32fe0afe42fe42
ffd4ff94ff2bfeeb
00850085004cffec
00d500bd00b500a5
0004009d00bd00dd
005cfffc001cffec
00e500cd00a50064
00c500dd00ed00ed
fdb2fdfaff8c008d
feebff4bff6bfecb
ff0bfeb3fecbfed3
ffdcfffcff9cff1b
00f500a5002cffdc
00bd016d013500fd
005cff13fffc001c
0135014d004c005c
01960044008d0145
01be01a60196018e
020e020601de01c6
01ae01be01ee0206
0196019e01a601ae
015d015d0165017d
fe7afe62fe72fe8b
fe0afe6afe83fe83
fe4afe1afddafdc2
fe5afe42fe4afe62
fe62fe52fe72fe7a
fe42fe52fe72fe83
ff1bfe1afe2afe3a
fe02fe32fea3ff3b
fe5afe2afe2afe62
fe9bfe3afe22fe4a
fe62fe5afe5afe93
00740024ffb4ff43
00c500c500c500ad
00dd00e500e500d5
ff9cfff4007400d5
007cffec001c002c
00f500d50095006c
00f500fd010500fd
fecbff43003c00d5
ffc4004400850014
ff7bff0bfed3ff0b
001cffacff53ff7b
00cd000cffbcfffc
010d010d00b500bd
ff8cff5b006400cd
008d00440085010d
0145001c00fd0145
01c601b601ae019e
02660256022e01f6
01e6021e0246025e
018e019e01ae01be
013d0165016d0175
feb3fea3fea3feb3
fe4afea3febbfebb
fe4afe1afdd2fdd2
fe4afe32fe32fe4a
fe52fe4afe5afe62
fe5afe5afe6afe6a
ff23fe4afe0afe6a
fdcafdf2fe52fee3
fe2afe2afdfafe1a
ff5bff0bfecbfe4a
ff84feebfeebff53
009d0074004c000c
00f500ed00dd00c5
00e500f5010500fd
007c0014ffcc0064
00740034009500b5
00cd006c00340085
010500f500f500f5
ffbc009d0105010d
00e5012501350054
ff73ff43ff8c005c
ffacff63ff5bff73
ffc4ff7bffccffdc
00ed00e50064005c
ff43007400dd010d
fff40024012d00dd
00a50044015500a5
020601f601be019e
02760276026e0246
023e0266026e0276
018e01a601c601f6
01350165017d0186
fedbfed3fecbfed3
fe93fee3feebfeeb
fe4afe22fdeafe02
fe3afe2afe1afe32
fe52fe3afe4afe52
fe93fe72fe7afe72
ff23fedbfe2afed3
fddafdf2fe2afe8b
fec3fe62fdc2fdc2
ff33ffb4ffb4ff2b
0044ffdcff73ff0b
00cd00ad00850074
00fd00ed00dd00d5
00ed0105011d0115
00d500bd00ad00bd
008d009500d500e5
003cffcc008d00cd
01150105010500ed
00a50105010d010d
015d0155012d00a5
ffdc003400dd0145
ff3bff7bff7bffa4
ff53ff73ff8cff3b
010500a50004ff73
004400ed00ed0105
002400ed016d0074
007c012501550064
0256023601d60186
027e027e027e0266
026e026e0276027e
01a601be01f60236
013501650196019e
fefbfeebfee3fefb
fed3ff0bff03fefb
fe3afe32fe1afe42
fe32fe1afe0afe22
fe5afe3afe42fe4a
febbfe7afe83fe7a
ff13ff63fe42fe83
fdeafddafe22fe6a
ff5bff63fe8bfdfa
ff84ffb4ff84ff63
007c0054001cff9c
00ed00cd009d0085
00f500ed00e500e5
00f500fd010d0105
00dd00dd00dd00ed
002c006c00d500e5
004c009d00dd00d5
0115011d011500ed
0115011d010d00fd
016501550135010d
00fd013d01550165
ffacffc4002400b5
fef3ff23fef3ff23
00cd002cff4bfeab
00fd013d010500dd
0105016d014d00dd
006c0145014500fd
027e026602060175
027e027e02760276
026e0276027e027e
01d601fe023e025e
0135015d01ae01c6
ff0bff13ff13ff23
ff0bff1bff0bff0b
fe22fe3afe4afe8b
fe22fe12fe1afe12
fe83fe5afe52fe4a
fe8bfe8bfe9bfea3
fee3ff63fe93fe22
fdf2fdaafdeafe32
ff4bff6bff03fe32
ffbcffb4ff8cff53
00950085005c000c
00dd00bd009d00a5
00e500e500f500fd
00fd00fd00f500ed
00dd00e500ed00f5
00a500ad00c500dd
010d010d00fd00cd
0125011d0115010d
013d013d012d012d
01650155013d0135
015d0165015d0165
001c007400fd014d
ff7bff4bff84ffa4
0024ff63ff0bff33
010500cd00cd008d
011d014d00f50105
00fd012d013d00ed
028f026e0236017d
027e027e0276027e
02760276027e027e
022e024e02660276
012d017501d60206
ff1bff23ff33ff53
ff2bff3bff2bff23
fe0afe12fe52fec3
fe2afe2afe32fe2a
feb3fe7afe62fe4a
fe5afe83fea3fec3
fec3ff53feebfe42
fe0afd79fdcafe42
ff8cff63ff43fe5a
002cffd4ffd4ffbc
00a5009500740054
00cd00c500b500ad
00f500f500f500e5
00e500ed00e500ed
00dd00ed00ed00ed
00bd00e500b500cd
010500fd00e500fd
011d011d0115010d
012d012d012d012d
0165014d013d012d
0165016d0165015d
00b5012d0145015d
ffd4004c00bd007c
ffccff6bff53ff5b
00e5008d003cffa4
013d00ed00cd00d5
00cd010d011500bd
0287027e025e013d
0287027e027e0287
026e026e0276027e
025e0276026e0266
016d01c60216024e
ff1bff1bff3bff6b
ff0bff33ff33ff33
fe12fdfafe22fe9b
fe3afe3afe3afe32
febbfe83fe6afe52
fe32fe6afe93fec3
fea3ff23ff2bfe7a
fdcafd39fdbafe12
ffecffb4ff4bfea3
0054000cffd4ffac
00a50095007c0074
00c500cd00c500b5
00f500ed00e500d5
00e500e500e500f5
00dd00e500e500dd
003400a500b500cd
00f500ed00dd00b5
0115011501150105
012d011d011d0115
0155013d013d012d
0165015d01650165
0135014d014d015d
00ad00dd00c500fd
ff73ff9cffac000c
008d006cff84ff2b
00f5008d00d500ad
00e5013500cd00f5
027e0287026e018e
027e027e027e0287
02660266026e0276
0276027e02760266
01ce01fe022e025e
ff0bff13ff3bff73
fef3ff0bff13ff13
fe12fdeafe0afe83
fe3afe3afe42fe32
fe9bfe7afe62fe52
fe3afe5afe8bfea3
fe4afed3ff73febb
fd8afd39fd9afdf2
ff73ff53ff1bfeeb
0074004cfffcff9c
00a5008d00850085
00c500c500bd00b5
00ed00ed00cd00cd
00dd00e500ed00ed
00dd00e500e500dd
009d00b500cd00dd
010500fd00f500cd
0105010d010d010d
012d011d010d0105
014d013d013d013d
015d015d015d0155
0145014d015d015d
00d500f501250145
ff9cff9c008500f5
0034ff3bfe9bfef3
006c00bd00dd00c5
00c500f500dd0105
02870287025e0175
0276027e027e0287
025e025e0266026e
0256027e026e025e
019e018601be0226
ff0bff13ff23ff43
fee3ff0bff03ff0b
fe1afdf2fdfafe52
fe3afe3afe42fe3a
fe8bfe7afe62fe52
fe0afe4afe83fe93
fdfafe6aff4bfeb3
fd71fd59fd79fdda
ff5bff4bff2bfe62
008d007c005cfff4
00ad009d0085008d
00cd00cd00cd00bd
00ed00ed00e500d5
00dd00e500e500e5
00e500dd00dd00d5
006400bd00dd00e5
010500fd00f500cd
00fd010d0115010d
012d01250115010d
01450135013d012d
015d015501550155
015d0155014d014d
012d0165015d0155
ffa4006c0175013d
ff53fea3fec3ff4b
ffdc008d00e5005c
0044005c011d00bd
028f027e023e00f5
0276027602760287
026e0266026e026e
021e024e02760276
0196017d01be0206
ff2bff1bff2bff3b
feabfeebff0bff23
fe1afdeafde2fe22
fe42fe42fe42fe32
fe83fe72fe6afe5a
fdfafe3afe7afe8b
fd92fdc2feabfea3
fd79fd8afd8afdaa
ffdcff13ff03fdf2
00850085007c005c
00ad00a5008d0085
00d500cd00cd00c5
00ed00dd00dd00d5
00ed00e500ed00ed
00e500ed00ed00e5
006c009d00c500dd
00fd00ed00dd00a5
00fd00fd010d0105
0135012501150105
014d013d01350135
014d015501550155
0155014d01450145
017d017d016d014d
005c014d014d0165
fe93fe9bff6bffec
001c00b50044ff4b
003c004c00dd0044
027e027e02660125
02760276027e027e
02760276026e026e
022e020e02460276
019601c6021e0246
ff33ff3bff4bff6b
fe83fec3fefbff23
fe1afdf2fde2fe0a
fe4afe42fe42fe32
fe7afe6afe6afe62
fe12fe32fe83fe93
fd8afd82fe3afeb3
fd8afda2fd9afd92
001cff43feabfdca
006c00850085006c
00ad00950085007c
00d500cd00cd00bd
00e500ed00dd00dd
00ed00e500e500e5
00ed00f500f500fd
010500bd00b500dd
00fd00ed00bd012d
010d00fd00fd00f5
013d0135011d010d
01450145013d0135
014501550155014d
0145013d012d0135
01750175015d0145
015500fd014d017d
feabffbc003c00dd
0034002cffccfe93
009d007400cd000c
026e028f02660125
026e0276027e027e
026e027e0276026e
025e02360216023e
01de0216023e024e
ff1bff2bff4bff73
fe7afecbfef3ff0b
fe2afe0afdf2fe0a
fe5afe42fe4afe3a
fe83fe7afe72fe72
fe52fe32fe6afe8b
fd82fd69fdeafeb3
fda2fd92fd8afd79
0034ffa4fe7afdca
007c007c00850074
00ad009d007c007c
00cd00c500c500b5
00f500ed00dd00d5
00ed00ed00f500f5
00ed00fd00e500f5
00ed00e500ad00dd
00fd00ed00b5012d
0115010d00fd00f5
014501350125011d
014d015501450135
013501450145014d
012d0125012d0135
018601650145013d
011d0125017d0186
ffec01150145017d
ff9cff0bfeb3fea3
003400540085ffcc
027e029701ee0115
026e027602760276
0236027e02870276
0256025e02360206
01fe0236023e0246
ff13ff23ff33ff43
fe8bfec3feebff03
fe32fe12fdf2fe12
fe62fe52fe4afe3a
fe8bfe83fe7afe7a
fe93fe2afe5afe83
fd71fd82fdf2feab
fdaafd92fd8afd8a
005c001cff23fdea
007c006c0074007c
00a5007400740085
00ad00a5006400a5
00d500e500c5005c
00f500f500f500f5
00f500f500ed00f5
008d009500b500e5
010d00f500c50095
010d010d01050105
0135012d011500e5
0135013d00a500bd
013d00e500dd0125
012d00e500ad012d
018e0165013d012d
01150175018e018e
009d0135015d010d
ff5bfebbfea3ff43
0014003c0014ff9c
029702a701b600d5
0276026e02760287
01fe024e028f027e
023e024e0256021e
01ee0236023e0236
ff0bff13ff2bff33
fe7afebbfedbfefb
fe12fdf2fdeafe0a
fe62fe52fe42fe2a
fe9bfe83fe7afe7a
feabfe1afe52fe8b
fd9afda2fe12fec3
fdc2fda2fdfafe2a
0064002cff9cfe6a
0074007c007c0074
0095001c004c0074
008500950024007c
008d00dd00d50044
005c008d00e500dd
00ed00fd00fd00ed
006c008d00d500e5
00dd00ed00ed00e5
00ed0115010500f5
0125011d00b5fffc
0115011500ad00dd
010d00cd00cd0105
0105009d0074010d
0165014d0125009d
0175018e018e017d
0105017d01050105
ff2bfe93ff03ffa4
002c0064ffa4ff8c
028f0297016d004c
026602760287027e
020e0216026e0276
0226021e024e0256
01ce020e02360226
ff0bff1bff23ff2b
fe62fea3febbfeeb
fe02fde2fddafe02
fe52fe3afe32fe22
fe9bfe7afe83fe7a
febbfe32fe6afe93
fdaafdaafe02feb3
fe3afdfafe0afe42
006400440004ff2b
002c007c00740074
0044003c004c004c
007c006c004c003c
00d500d500c500a5
0044003c00dd00dd
00ed008d00dd00f5
0034006c00dd00fd
001c00ed010d00ed
00fd010500f50044
00e500ed00b500b5
00b500bd00dd00dd
00a5009d00a500ad
010500d500ad00a5
014d013d011d00ad
01960196018e0165
014d017d00e5016d
ff13ff6bff8c004c
ffdcffdcff13ff3b
0276026e00b5fff4
02660266026e0276
023601fe022e026e
0226021e0246025e
01be01be020e022e
fef3ff03ff13ff1b
fe3afe72fea3fedb
fe0afdeafdd2fdea
fe5afe4afe3afe22
fe93fe7afe83fe7a
feb3fe62fe8bfe93
fdd2fd9afde2fe4a
feb3fdfafd92fe52
006c005c003cffc4
00540054001c005c
ff4bff7bffdc002c
ffd4ffacff73ff4b
007c005c002c0004
00dd00cd00bd009d
00d5000400a500ed
001cffdc004400dd
007400fd00ed0085
00cd00e500e50054
002c0064007400ad
ff94ffc4ffec000c
ff6bff53ff73ff7b
0074ffecff9cff7b
0135014d013500ed
019e0196015d00cd
0165014501350196
ffdc010501050145
ffb4ff4bfeebfecb
026602560095ffe4
0276026e026e026e
0246021601f60246
0206021e0246024e
01f601b601c601fe
fecbfee3fefbff0b
fe12fe5afe83feab
fe0afdf2fddafdda
fe72fe62fe4afe2a
fe9bfe8bfe83fe83
fe93fe5afe7afe93
fddafd82fdcafdf2
ff43fe0afdaafe52
006c0064004c001c
ffd40034003c0054
fe83fea3fedbff2b
fe5afe4afe4afe5a
ff84ff0bfeb3fe72
00c5008d0034ffdc
00f500ed00f500ed
0095ffecffac009d
00ed00fd00950054
007400b500dd00cd
ff1bff7bffd40034
fe4afe6afe9bfecb
fe3afe22fe32fe3a
ff23feabfe7afe52
0145012500b5fff4
018e016d0155011d
0125013d0165017d
00ad011d0145017d
ff4bff23fec3ff13
027e0246005cffac
0266026e026e026e
0246024601fe0216
0206023602460246
021e020601ee01ee
feabfed3fef3ff0b
fe02fe2afe52fe83
fe1afe02fdf2fde2
fe83fe83fe62fe3a
feabfeabfe9bfe93
fe52fe1afe62fe9b
fde2fdaafdc2fdda
ffbcfe6afe02fe1a
005c00640064004c
fe93ff33ffe40044
fde2fe12fe32fe4a
fdbafdb2fdb2fdc2
fe4afdfafdf2fdd2
004cffc4ff2bfebb
00f500f500cd008d
ff73ff1bff3b008d
00c500d50074ff94
fff40044004c006c
feb3ff0bff63ffc4
fe4afe3afe42fe6a
fe4afe42fe42fe4a
fe72fe52fe4afe4a
00dd0024ff63fecb
017d00fd01350145
010d01860186017d
00dd00c50165015d
ff23ff43feb3ffe4
027e02460044ff73
0246026e026e0276
02460256022601ee
02260236023e023e
022e02260226021e
fe93fec3feebfef3
fdeafdfafe2afe62
fe2afe02fdeafdda
fe9bfe93fe72fe52
fecbfecbfec3fea3
fdeafe02fe62feab
fdcafda2fda2fdc2
fff4fe93fd92fd9a
00140054007c005c
fe3afe5afed3ffac
fec3fe9bfe62fe4a
fe0afe2afe5afe9b
fe2afe2afe12fe02
ff5bfed3fe9bfe6a
00e500bd006cfff4
ff13fee3ffbc00b5
007c00bd00adfffc
ffb4ffdcffbc0024
fefbff33ff5bffac
ff1bfef3fed3fed3
ffb4ffa4ff8cff5b
ff8cff9cffacffbc
fff4ff94ff84ff5b
0186014d0135009d
014501ae019e018e
00fd013d015500f5
ff23ff1bff3b009d
026e0236008dff33
021e026e026e026e
02460256023e01ee
0226022602360246
022e022e0226021e
fe8bfebbfedbfee3
fdd2fdf2fe1afe52
fe22fdfafddafdca
fea3fe9bfe7afe4a
fed3fee3fed3febb
fe02fe32fe83feab
fdb2fdf2fe0afdd2
0024ff03fd8afd71
ff9c004c0085006c
fecbfe72fe6afed3
0004ffb4ff6bff23
ff9cffccfff40014
fec3fee3ff13ff53
ff03fecbfebbfec3
00b50064fff4ff63
0085007400b500d5
007400b500d500bd
ffe4ffec0004003c
ffd4ffc4ffccffe4
0014fff4ffdcffd4
00a50085006c004c
00c500cd00c500b5
0024005c008d009d
018e016500d50034
0186019e01a6019e
00f5015500fd00e5
ff13ffb400f5011d
026e02360074feeb
01e602560276026e
02460246024e01f6
0226022e0236023e
0226022602260226
fe7afeabfecbfecb
fde2fdf2fe02fe3a
fe1afdf2fdd2fdca
fea3fe93fe72fe42
fed3feebfeebfed3
fe1afe72fe93feb3
fddafeb3feabfdba
004cff73fddafd61
ff7b001c00850085
ffbcff5bff23ff2b
007c005c003c0004
004c006400740085
ffd4000c0034004c
ff73ff5bff73ffac
0095004cffe4ff94
00ed00dd00dd00c5
00ad00cd00dd00f5
004c005c007c009d
005c005c005c0054
001c000c000c003c
00bd008d005c003c
0135011500fd00e5
01050135013d0145
018e015500d500bd
01a6019e019e0196
014d0115009d010d
ff4300b5015500fd
026e02260014fef3
01de02360276026e
0236023602460216
021e01e601e60216
020e021e02260236
fe52fe9bfeb3febb
fde2fde2fdeafe12
fe1afdeafddafdd2
fec3feabfe93fe5a
fef3ff03fefbfeeb
fe7afe93fe72feab
fdeafec3fec3fe32
0054ffc4fe22fd59
ffb4001c008d008d
002c0004ffd4ffac
008d008d00850064
00540064006c007c
0044004c004c0044
ffecfffc00140044
009d005c0014ffec
00f500ed00e500cd
00ed00fd00fd00fd
009500b500d500dd
0004004400740085
ffb4ffacffacffcc
003c0004ffdcffc4
012d00e500b50085
016d016d016d0165
0186018601650155
019e019e019e0196
016d00a5002c012d
001c00dd01050155
025e020e0014ff13
01de0216026e025e
0216023602460236
01e601be01ce01f6
0206022e021e0226
fe42fe83fea3fea3
fddafdd2fddafe02
fe4afe12fdeafdda
fec3feb3feb3fe93
feebff03fef3fee3
feebfe9bfe6afea3
fe02fe7aff1bfed3
00850024fe83fd71
0034006c009d009d
005c004c0034001c
fff400240054005c
ff33ff5bff8cffb4
fffcffb4ff73ff43
0004001c00340034
00ad00740024fff4
00fd00f500e500dd
011d012501250115
006c00b500fd0115
ff9cffe40014003c
fe6afe93fee3ff43
feebfe9bfe6afe52
00b5003cffbcff4b
0186015d013d010d
018e019601960196
019e01ae019e0186
00ed000c0034015d
00ad00dd014d013d
01c60125ffc4ff7b
01e601d6023e021e
020602260246023e
01c601fe02260216
01ce02260226020e
fe42fe6afe83fe8b
fdc2fdbafdcafdfa
fe9bfe4afe12fde2
febbfeb3fec3fecb
fec3fee3fedbfecb
ff0bfe9bfe5afe83
fd59fde2ff6bff1b
00ad005cfef3fd92
005c0085009500a5
003400540064005c
fe8bff13ffb4000c
fd82fd9afddafe22
fea3fe3afddafdaa
ffecffccff94ff23
00a5005c0004ffe4
00f500e500dd00d5
0145013d01250105
0014005400c5011d
fefbff73ffccffe4
fd69fd92fe12fe8b
fdbafd69fd51fd51
ffb4ff33feabfe32
0175015501050074
019e019e019e0196
01ae01b601a60196
ffecff2b005c016d
00f500f5018600dd
01b600edffbcffa4
01d6019e02060216
021602160236023e
01d6021e022e0236
01a601f6022e0206
fe32fe52fe62fe5a
fd92fd9afdbafdfa
fecbfe6afe0afdca
fecbfebbfeb3fedb
feabfecbfed3fedb
ff03fea3fe62fe72
fd21fe0aff5bff4b
008d0074ff43fda2
0064008d00a5009d
ffd4003c00640064
fd49fdd2fe6aff2b
fcf9fcf1fce9fd11
fdb2fd69fd41fcf9
ff63fefbfe83fe32
008d0024ffe4ffac
00cd00c500cd00bd
013d0145012500f5
ffdc001c007400dd
feabfefbff5bffac
fd59fd92fd9afe12
fd69fd59fd49fd09
ff23fe3afd8afd82
01550135008dff8c
0196017d017d0165
01ae01b601ae019e
fee3ff03009d0186
00f5015d017d006c
01e600fdff7b0004
01be01b601ee0216
0226020e02260226
01d6021e0226022e
01b601c602260206
fe22fe42fe42fe3a
fd71fd79fda2fdea
fe8bfe3afde2fd9a
fedbfeb3fe9bfea3
fe9bfebbfed3fee3
ff2bfec3fe6afe6a
fd61fe4aff23ffbc
008d007cff84fdc2
0064008d00a5009d
ff3bffec00140044
fd49fd11fd79fe22
fd79fd8afdaafdfa
fdbafd79fd39fce9
feebfea3fe52fe12
006cffecff8cff33
00c500ad00a5009d
012d014d012d00ed
ffa4ffdc003c00bd
fe83fedbff2bff6b
fdbafdeafe3afe9b
fe8bfdeafd9afd19
fea3fdcafe52ff23
013500f5001cff6b
01960165013d012d
01ae019e01a601a6
fe32ff3300e501a6
015d0175011dffbc
01f6011dff840064
0165018e01d601f6
021e0216020601c6
01ce020e021e021e
01de01a60206020e
fe12fe2afe32fe32
fd61fd71fd92fdda
fe42fe02fdb2fd71
fedbfeb3fe83fe6a
fe8bfeb3fecbfee3
ff63fecbfe62fe6a
fd71fe1aff1bffd4
00a50095ffc4fdfa
0064007c0085009d
ff03ffb4fffc003c
fe3afd59fd49fdf2
fda2fdb2fe72fef3
fe2afd8afdbafdaa
feebfe9bfe5afe83
0044ffb4ff53ff2b
00b5009d008d0085
01150145012d00e5
ffa4ffcc001400ad
feabfea3ff03ff73
fde2fddafecbff23
ff4bfe02fddafde2
fea3fe32fef3ffbc
00f500dd006cffc4
0186014d010d00f5
01ae019e01a60196
fe3affb4012d01b6
01ae011d0064feb3
01d6014dffec00a5
010d013d019601b6
020e01c60175013d
01c601ee021e0216
01fe01a601de0216
fe02fe12fe22fe2a
fd69fd69fd82fdca
fe12fddafda2fd82
fedbfea3fe6afe3a
fe8bfeb3fecbfee3
ff73fedbfe6afe62
fdbafe1afef3ffcc
00ad009dfffcfe42
00740074008500a5
ff63ffc400140054
fdbafdaafe22fecb
fd59fdc2fe93fe42
fe2afdaafda2fd9a
fecbfe52fe42fe3a
001cffb4ff63ff4b
00ad008d0074005c
00f5011d011d00e5
ff9cffb40004009d
fe62fe62fe7aff23
fdb2fdfafe9bfe83
feabfe12fdbafdba
fff4feb3fe2afe5a
0085009d0095006c
0165012500dd0095
01b601a6019e017d
fec3001c015501b6
018e00bdff8cfe4a
0105013d003c00fd
005c0014003c0095
016d0125010d00dd
01e601d601ee01c6
021601b601be0216
fdf2fe12fe1afe22
fd8afd71fd79fdb2
fdf2fdcafdbafda2
fed3fe8bfe52fe12
fe8bfea3feb3fee3
ff73ff2bfeebfe8b
fdc2fde2fe8bffac
009d00950024fe93
007c008d0095009d
ffbcffe400240054
fdfafec3ff4bff94
fdb2fddafdc2fdaa
fdf2fdb2fda2fda2
ff0bfebbfe7afe22
0014ffbcff7bff63
00ad008d00740054
00ed0115012500dd
ff94ffbc001c009d
feb3fefbff2bff63
fdeafdf2fe2afe6a
fe3afe02fdc2fdca
00b50034ff6bfe8b
0054008d00ad00b5
013d010d00dd007c
01ce01b601960165
ff530064016d01be
0145006cff03fe72
ffac002c0024011d
ff9cff53ff43ff5b
0125010500ed007c
020601ae01750145
021e01ce01a60206
fddafe02fe0afe0a
fda2fd79fd82fd9a
fdf2fde2fddafdba
ff84fea3fe32fe0a
ffe4ffc4ffc4ffe4
00850085004c0014
fdd2fd9afe0affa4
009500a5005cfee3
007c009500950095
00040014002c004c
ff5bffccfff40004
fe5afe9bfecbff0b
feebfebbfe62fe32
ff63ff4bff3bff13
001cffccff84ff73
009d007c005c0044
00f5010d010d00d5
ffb4fffc006400bd
ff7bff7bff84ff8c
ff03ff33ff5bff6b
ffbcff43fed3fef3
00b5009d0064fffc
006c009500a500b5
0125010500dd008d
01be019e0186015d
ffb4009d017d01b6
00d5ffbcfed3fedb
ff1bff84ffe400f5
0054fff4ffacff4b
0125010d00f500b5
0216019601550145
023e01d6018e020e
fdb2fde2fdeafdf2
fd9afd8afd82fd82
fe1afdfafdd2fdaa
00a5ff8cfe3afe2a
010d00f500dd00cd
00ad012d0115010d
fdfafd9afe02ff9c
009500950064ff1b
007c008d008d00a5
00340024002c0054
ffe4000c00240034
ffacffccffd4ffd4
ff73ff6bff73ff84
ff84ff7bff84ff84
00240004ffd4ffa4
00a5007c00540044
00fd011500fd00dd
000c006400b500e5
ffe4ffc4ffa4ffbc
0004fffcfff4fff4
00540034fffc0004
009d008d00850064
009d00b500bd00ad
011d00fd00ed00c5
01ae019e017d014d
fffc00cd018e01be
003cff43feebff23
fefbff1bffe400a5
00ed0095fffcff53
0135011500fd00cd
01fe0196016d015d
01fe019601960216
fd92fdc2fdc2fdba
fda2fd92fd79fd71
fe12fdf2fdc2fda2
0095ff7bfe42fe22
011500ed00c500bd
0054014501250115
fe12fdbafde2fecb
0095007c0054ff3b
0064007c008d009d
00440044004c005c
000c002400340044
0004000c0004fffc
ffccffccffe4fff4
ffc4ffb4ffbcffcc
003400240014ffec
00cd008d0064004c
011d012d01250105
007400bd00e5010d
0014fff400040034
004c0044004c0034
008d007c0064005c
00a5009d00950095
00cd00cd00cd00bd
012d010d00fd00ed
01ae019e018e0165
002c00f5019601be
ffd4ff2bfedbff5b
ff2bffa400b50085
011500fd0034ff73
016d013d012500fd
01e601ae019e0196
01f601be01ee0236
fd79fd92fd9afd92
fdb2fd92fd79fd69
fe22fdfafddafdba
ff4bfe93fe5afe4a
00f500dd00950004
fff400e500d500e5
fe42fdcafe12feab
009d007c004cff4b
004c0064008d00a5
005c005c005c004c
004c0054005c0064
0034003c0044003c
fffcfffc00140024
00140004fffcfffc
003c0034003c0024
00ed00b5008d005c
013d014d013d0125
00ad00e50105011d
0034003c006c008d
006c005c004c0044
00850064005c0064
00b500b500a50095
010500f500cd00bd
01450125011d011d
01ae019601860175
005c011d01a601be
ffb4ff0bfeb3ff94
ffd400b5012d0074
012501350085ffc4
01ae0186016d015d
01f601de01d601ce
022e0226022e022e
fd69fd79fd82fd79
fdc2fd9afd82fd69
fe6afe42fe1afdea
fed3febbfeb3fe93
00ad009dffdcfefb
ffd40095007c008d
fe4afdd2fe93feeb
0095007c0054ff4b
004c005c0074008d
006c006c006c0054
0064006400640074
0034003c004c005c
0024001c0014001c
0044003c00340034
0034002c003c0034
00f500c500ad0074
014d0155013d0125
00dd00fd011d0135
0054007c009d00c5
0074006c005c005c
008d006c005c0064
00ed00dd00bd00ad
0135011d010d00fd
0165014d014d0145
01a601a6019e0186
007c012d01a601b6
ff5bfe72febbffb4
0034009d00b50044
0196015d00d5003c
01e601ce01ce01e6
01fe01de01de01e6
022e022e022e0226
fd69fd71fd79fd79
fdfafdbafd92fd71
fe93fe62fe52fe3a
ffecffb4ff94fefb
004c00440014fffc
00440085004c0044
fe4afe02ff43ffd4
008d007c0054ff33
006c00640054007c
008d008500850074
0074007400740095
005400640064006c
0054004c003c003c
006c006c005c005c
004c002c003c0044
00ed00c5009d007c
015d0155013d011d
00f5010d0145015d
0085009d00bd00dd
008d008d0085007c
00d500ad009d008d
0135012d010500ed
016d016501550145
017d015d01650175
01ae01a601a60196
008d013d01ae01be
ff13feabff1bffdc
003c00b5004cffec
0206018601050095
01fe01fe01fe0226
01ee01ce01d601e6
021e02260226021e
fd79fd69fd71fd79
fe1afdf2fdc2fd92
ff6bfe9bfe32fe3a
001cffe4001cffec
004c004400340024
004400740064004c
fe42fe2affbc006c
0085007c004cff2b
0095008d007c007c
00bd00b500b5009d
00bd00b500ad00bd
00a500b500a500ad
0085008500850085
007c007c0085007c
0064004c00540064
00dd00bd00950074
01750155013d0105
01150135015d016d
00a500b500dd00f5
00ad00ad00a5009d
011500e500cd00b5
016d0165013d012d
019e01960186017d
018e0186018e018e
01be01a601a601a6
007c014501ae01be
fffcff7bff2bffc4
010d01150074000c
01d600c500ad00c5
01f6020602060216
01f601c601c601d6
0226022e022e021e
fd92fd82fd82fd79
fe12fe02fdeafdb2
fec3fe5afe1afe0a
005cfffcffb4ff23
0034003c00440064
003c0044005c003c
fe52feab001400a5
0085007c003cff23
00a500950095008d
00e500dd00d500bd
00dd00ed00e500e5
00b500c500cd00cd
00ad00a500a500a5
00640085009500a5
007c005c003c0044
00e500bd0095008d
014d013d010d00fd
011d012501250145
00bd00c500dd00fd
00b500ad00b500bd
011500f500e500d5
017d0175014d0135
01a601ae019e018e
019e01a601ae019e
01b601a6019e01a6
0085013d01a601b6
005cff6bfefbffac
0145015500fd00bd
00f50004005c00b5
01de020e021601f6
01fe01ae019e01be
0236023e0236021e
fdeafdaafd9afda2
fe12fdf2fe02fe12
ff5bfe8bfe52fe42
00c500ad0085003c
009500ad00b500cd
005c004c00740064
fe62ff0b002400b5
008d00740024ff0b
00c500ad009d008d
00e500ed00e500d5
00e500f500e500dd
00b500cd00d500d5
00bd00b500ad00ad
002c005c008d00b5
0085006400240004
00fd00dd00b5009d
00fd01150115011d
00e500d500cd00dd
00d500cd00cd00d5
00d500c500cd00d5
011d010d00f500e5
018e017d014d0135
01a601a6019e0196
01ae01ae01a6019e
01ae01ae01b601b6
00a5013d019e01ae
0024ff1bff03ffbc
00ad0135011500a5
004cfffc00c500cd
01ce0206020601a6
01de018e018601a6
022e0236021e020e
fe9bfe02fdcafdba
fe9bfe7afed3ff0b
ffe4ff84ff1bff03
006c009d00640034
fffc00240034004c
00850064003cfff4
fe7aff33fff4009d
008d006c0024fef3
00d500bd00a50085
00dd00dd00dd00e5
00e500ed00ed00e5
00c500cd00d500d5
00b500ad00a500a5
0024002c006c009d
00a5008d005c002c
011500ed00d500b5
011d014d016d0145
009d00c500d500e5
00c500b50095007c
00f500e500e500d5
0135011d010d0105
018e016d015d0145
01a6019e01a6019e
01b6019e0196019e
01a601b601be01be
00d5014d0196019e
ffecfefbff030004
00ad013500d5004c
008500ed01ae0135
01ae01ce01c60145
01ce017d0186019e
021e02260226020e
ff23fe5afe02fde2
ff63ff33ff7bffac
ffd4ffd4fffcffe4
ffdcffec0004fffc
0004000cfff4ffdc
008d0054002cffec
feb3ff4bffc4006c
008d006c001cfeeb
00d500bd00ad0095
00e500e500ed00ed
00fd00f500e500dd
00d500d500dd00ed
00b500bd00bd00bd
0095004c004c0085
00cd00b5009d008d
012500fd00f500e5
016d01ae01be0155
00bd014d015d015d
00a5008d00640054
00fd00ed00d500bd
014d012d01150105
01960175016d014d
01a601a601a6019e
01be01a6019e019e
01ae01be01be01be
010501650196019e
ffccff53ff63006c
00d5014d00e5001c
010d019e01d60115
01750125009500bd
01be017501960196
020e021e0226021e
ff5bfe83fdf2fdda
ffccffacffd4ffe4
0014003c0054001c
0014002c001c000c
fffcfff4ffd4ffec
006400340024fffc
fee3ff43ff9c004c
008d005c0004fef3
00dd00c500bd00ad
00ed00ed00ed00e5
011500fd00ed00e5
00cd00dd00e500fd
009500b500bd00bd
00c50085003c005c
00b50085007c009d
012500f500e500d5
015d015d017d014d
014d01ae018e0175
008500640044006c
00f500e500cd00ad
0145013501250105
019e018e016d014d
01b601ae01a601a6
01be01b601a601ae
01ae01be01c601c6
013d016d0196019e
ffb4ff84ffac00bd
00c5014d0135002c
01050165017d0095
008dffccffc400ad
01d6018e0196015d
01de020e021e021e
ff53fe62fdd2fdc2
ffecffe40004fff4
005c006400440004
005400440024002c
ffc4ffe40014003c
0044003c000cffb4
feebff33ffa4005c
00850054fffcfefb
00d500cd00bd00a5
00fd00f500ed00e5
010d0105010500fd
00dd00ed0105010d
006c00a500c500dd
0085005c002c0044
003cff5bff5b0004
011d00d500b5009d
ffa40064012d014d
015501450095ffc4
006400540044007c
00ed00d500b50085
0145013d011d0105
019e018e0165014d
01be01b601ae01ae
01be01b601ae01b6
01ae01be01c601be
01550175019e01a6
ffb4ff7bff9c0095
00cd00fd01650054
00b500f5010d00d5
ff9cff730004009d
01ee01a60155008d
012d01e60216021e
ff13fe52fdfafdca
fffcffecffecffc4
003c002c000cfff4
0054004c004c004c
ffe4001c0044005c
0024003cffc4ff94
fee3ff4bfff40074
0085005cffecfeeb
00cd00cd00bd00a5
00fd00ed00dd00dd
00fd0105010d00fd
00e500f500fd00fd
004c007c00a500cd
004c001c0024003c
ff6bfe72ff23fffc
00ed00a5009d0085
fe42febb004c012d
010d00ed0024ff0b
0054005c0054006c
00dd00bd009d006c
0155013d011500fd
019e017d0165015d
01ce01c601b601a6
01b601be01be01c6
01b601c601be01b6
0165018e01a601a6
ffbcff5bff84005c
00e500950135008d
006c009d00dd0105
ff84ffc4005c009d
01be017500b5ffdc
00bd0165020e01f6
fecbfe42fe12fdf2
002c0004ffbcff53
001c002c0044004c
008d00640034001c
ffe4001c0054008d
ffec001cff94ff8c
fefbff940034004c
00850054ffecff03
00cd00cd00bd00a5
00f500ed00e500dd
00ed00fd00f500ed
00dd00e500ed00ed
0044004c007c00ad
001c0014003c004c
ffacffc40034004c
00e5008d008d0044
0014001c00850105
00b500e500bd0074
0064007c0074006c
00dd00bd008d006c
0145012d011d00fd
01960186016d015d
01ce01c601be01a6
01be01c601c601ce
01b601be01b601ae
015d01a6019e01a6
006cfff4ffdc0034
010d005c00cd00fd
007c0044009d010d
ffac002c009d00cd
01b60155003cff8c
00ad00e501b601be
fe8bfe1afe02fe1a
fff4ffdcff84ff0b
004c005c00640044
004c0044002c0034
ffbc0004004c005c
ffd4fff4ff3bff63
ff7b000c0054fffc
007c005c0004ff5b
00d500c500b5009d
00fd00ed00e500e5
00e500f500ed00ed
00bd00c500cd00dd
0044003400640095
001c0034004c0064
0054005c004c0024
0105008d00740064
00f500fd01050125
00bd00cd00dd00ed
006c009500a500a5
00d500b500850064
01450125011500ed
0196017d015d014d
01d601ce01c601ae
01b601be01be01ce
01be01be01be01b6
017501ae01ae01b6
0125015500dd00ad
01450095004400c5
00cd0064004400ed
fff4008500e50105
019e0115ffe4ff73
00bd00b5010d0196
fe42fe1afe02fe2a
ffc4ff84fefbfe72
003c00240014fff4
00740074005c004c
ff84ffdc002c004c
fffcffacfef3ff3b
0014002c000cffb4
006c005400340014
00d500c500ad008d
00f500e500d500d5
00fd00f500fd0105
00bd00d500dd00ed
004c003400540095
0054005c00540054
006c00540034003c
00cd008d006c006c
00fd010500f500e5
00c500c500dd00e5
009500b500d500d5
00d500ad00740064
0145012d011500f5
018e0175015d0145
01d601ce01be01a6
01ae01b601b601ce
01b601ae01b601b6
01a601b601b601b6
015501ae016d017d
015d00f5004c006c
010500b5007c00dd
fff400cd0125013d
00540064ff63ff3b
00c500ad00ad00ad
fe1afe1afe02fe42
ffdcff3bfe62fdea
001cfffcfffcfffc
005c0054003c002c
ff9cfffc00340044
002cff43fecbff3b
0034ffecff8cffd4
00640054005c005c
00d500c500b50095
00f500ed00dd00d5
00ed00f500fd0105
00b500cd00dd00ed
00540044004c0085
005c005c00540054
005c004c00540054
00850074006c0074
00e500e500c500a5
00cd00d500dd00dd
00bd00cd00d500d5
00c5008d0074009d
014d012d010d00ed
018e01750165014d
01ce01ce01b6019e
01b601b601c601ce
01ae01b601b601be
019e01be01be01b6
0186017501550186
0165015500dd00cd
017d013500b500c5
002400fd015d0175
ff7bfef3febbff43
00bd00b50095004c
fe12fe0afe0afe42
fff4ff73febbfe1a
00140004fffcfff4
00240024001c001c
ffacfffc001c0014
ffdcfeabfeb3ff43
0034ffacff7bfff4
007c0064005c0054
00cd00c500b50095
00e500e500e500d5
00ed00ed00e500ed
009d00c500dd00ed
005c00540054006c
0044004c004c0054
005c004400440044
0074006c007c007c
00bd00c500ad008d
00d500cd00b500bd
00dd00dd00cd00c5
00ad008d008d00b5
0145011d00f500dd
017d016d015d014d
01c601c601ae018e
01b601be01be01c6
01be01be01b601ae
019601be01be01c6
0186016d013d0175
0135017d015d012d
01be01a6011d009d
00ad0135018e01ae
009dffdcffac002c
00a500a5009d0085
fe02fe1afe22fe3a
ffe4ff94ff03fe2a
002400140004fffc
00240024002c002c
ff94ffdc000c0014
fed3fe42fe93ff33
003cffdcffb4ff84
00850074005c0044
00cd00c500bd0095
00dd00d500d500cd
00dd00d500d500e5
009500bd00cd00e5
005c005c0054006c
0034003400440054
0064004c003c0034
006c006c00740074
00ad00a500950074
00c500bd00b500ad
00ed00ed00dd00cd
00b50095009d00cd
012d010d00fd00dd
017501650155013d
01b601b601a60186
01ae01be01c601be
01c601be01ae01a6
018e01be01be01c6
014d015d0145014d
00e501860196014d
01c601a6013d00ad
015d018601a601b6
013d013d01150155
00a50095008d009d
fdd2fe02fe3afe5a
ffecff73febbfde2
004c004c00440024
002c003c0044004c
ff7bffc4fffc001c
fe12fdfafe4aff0b
004c0004ff94fec3
0074006c00540054
00cd00c500ad0085
00d500d500d500cd
00d500d500dd00dd
009d00c500dd00e5
00440044004c005c
0024002c003c0044
0054004c0044003c
004c004c003c004c
00b5009d00740064
00bd00bd00bd00b5
00fd00f500e500cd
009d008500ad00e5
0125010d00ed00cd
016d015d013d0125
01b601ae019e0186
01ae01be01c601b6
01be01b601a6019e
018e01be01b601be
013d013d011d0125
007c0125018e0155
01b6019e014d00b5
01b6019e01a601ae
011d017d019601c6
00d500a50074008d
fdaafdeafe3afe72
0014ff84fe8bfdba
005400540054004c
003c004c0054004c
ff8cffe4000c001c
fdd2fdfafe5aff03
0044000cff6bfe4a
0064005c00440034
00c500b5009d0074
00cd00bd00c500c5
00c500bd00cd00d5
008d00bd00d500dd
003c0044005c005c
0044004400440044
006c005c00540054
00440044003c0054
00b5008d00740054
00cd00cd00dd00d5
00fd00fd00e500d5
007c009500cd00ed
0125010500dd00bd
015d013d01250125
01b601ae0196017d
019601ae01b601ae
01b601ae019e019e
017d01ae01b601b6
013d010d00dd00f5
004c00a501450165
01ce01be015d00c5
01be01b601c601ce
00fd018e01c601ce
00bd009d007c0095
fdb2fdf2fe32fe52
0004ff8cfe7afdaa
0044003c003c0034
0034004400440044
ffa4ffec00140014
fd82fe02fea3ff33
002c0044ff6bfdc2
0064005c006c002c
00ad00ad009d0074
00cd00c500c500bd
00c500bd00c500cd
007400a500c500d5
004c004c00540064
00640064005c0054
fffc0014002c0054
ffdcffe4ffdcffe4
0044001c0004ffec
00e500cd00bd0095
0105010d00fd00f5
009d00c500dd00ed
011d00ed00c500b5
016501450135012d
01ae01ae0196017d
019e01b601be01b6
01b601a601a601a6
017d017d01b601b6
015d010500b500ed
005c005c01050186
019e019601550105
01c601ae01ae01ae
00f501b601de01ce
00850085009500ad
fdc2fdfafe32fe5a
0014ff94fe8bfdca
005400440034002c
003c004c005c005c
ffc4ffec0014002c
fd59fe0afeebff73
001c002cfea3fd31
0064005c006c005c
00b500ad00950074
00c500cd00cd00bd
00c500bd00c500c5
0074009500bd00cd
005c006c0064005c
000c002c0034004c
ffb4ffb4ffbcffdc
ff94ff94ff9cffac
fff4ffdcffc4ffac
007c004c0024000c
0105010500e500bd
00b500c500cd00ed
00fd00c500a500ad
0165014501350125
01ae01a60196017d
01a601b601be01b6
01ae01ae01a601a6
016d013d01a601b6
016d012500ad010d
0095005c00cd016d
019e019601750175
01be01b601ae01a6
00e501be01ce01c6
007c008500850095
fdb2fde2fe0afe52
ffe4ff43fe62fdba
004c003c003c0024
003c003c00440054
fff4001c0024002c
fdeafebbff5bffb4
fffcff4bfd49fcf9
007c0044001c0054
00bd00b500a50095
00c500d500d500c5
00c500cd00c500bd
0074008d00ad00bd
0044005c0064005c
ff84ff94ffc40004
ffb4ffb4ff94ff7b
ff7bff6bff7bff9c
ffe4ffd4ffbcff94
fffcfff4fff4fff4
00ad0095005c001c
00ad00bd00b500ad
00e500a500740095
0165013d01350115
01ae01a601960186
019e01ae01b601a6
01be01b601ae0196
010d00d5018e01be
017d0125009d0105
00c500a5009d010d
01ae0196019e0196
01ce01be019e01a6
00d501ae01b601be
0085007c007c0085
fd9afdaafde2fe52
ffbcff13fe42fdc2
002c002c00240004
0044003c003c003c
001400340034003c
fe72ff23ff8cffdc
fee3fe22fcf9fd49
007cffccfed3ff2b
00c500b500a5009d
00cd00cd00cd00cd
00c500cd00c500bd
007c0085009500ad
ffa400040044005c
fefbff0bff23ff53
ff3bff4bff43ff13
fefbfeebff03ff23
ff73ff4bff2bff1b
ff94ff94ff84ff7b
ffd4ffd4ffccffa4
00b500a5002cffdc
00dd008d007400a5
016d015501450115
01b601ae019e018e
01ae01b601b601ae
01c601c601be01a6
0054002c015501b6
0206016d009500e5
011500dd0085012d
01b601ae01d601a6
01c601be01b601be
00d501a601b601c6
008d0074007c007c
fdaafdaafdeafe42
ff9cfef3fe32fdda
005c0054002cfff4
0054005400640064
0024003c004c0054
fefbff6bffacfffc
fd09fdc2fd9afdea
006cff03fd09fcf1
00c500b500ad009d
00d500d500d500cd
00cd00dd00cd00cd
008d007c008d00ad
febbff4b000c0074
ff3bfefbfedbfeab
ff3bff63ff53ff43
fe9bfe93feb3ff03
ff5bff13fee3fec3
ffd4ffd4ffacff84
fee3ff6bffd4ffd4
00a50044ff5bfed3
00f500a5008500ad
017d01650155012d
01b601ae01960196
01be01c601b601ae
01be01ce01ce01be
000cfff4011501a6
01ee01ae010d016d
014d00fd00c50175
01de01e601e601a6
01c601de01e601e6
00bd018e01b601c6
0095007c007c0085
fdc2fdc2fdfafe52
ff9cfed3fe32fdf2
0085007c00640034
006c00740085008d
003c004c005c006c
ff5bffacffcc000c
fd01fe02fe32fe8b
004cfe7afc89fc60
00c500bd00ad009d
00dd00d500dd00d5
00cd00e500cd00cd
00950095009d00b5
fefbff03ffbc0064
ffb4ff7bff43ff03
ffb4ffccffb4ffa4
ff4bff53ff73ff94
fff4ffbcff8cff7b
00240024002c0014
ff9cffc4fff4002c
006cffe4ff73ff94
010d00c50095009d
0186016d015d013d
01b601a6019e01a6
01c601c601be01be
01c601c601c601c6
fffcfffc00dd01a6
01b6017500c500cd
01450125011501ae
020601fe01e60175
01de01f601f60206
00c5018e01be01d6
009d007c007c0085
fdd2fdcafe12fe72
ff6bfea3fe32fdf2
00a5009d008d0044
007c007c00850095
00540064006c0074
ff8cffccfff4002c
fcf9fe42fe62feeb
0024fdf2fc70fc78
00c500bd00b50095
00d500cd00d500d5
00cd00e500dd00d5
009500a500ad00b5
ffecffc4ffcc0044
ffa4ff94ff84ffac
ffc4ffccffacff9c
ff9cff9cff94ffac
002cfffcffdcffcc
0024003c00440044
00ad009d005c002c
007c00340044008d
011d00ed00ad0095
01860175015d013d
01b6019e01a601a6
01c601c601c601ce
01b601b601b601b6
001c002400a5018e
0196015500640054
01250105014501be
020e01f601de015d
01e601ee01f60206
00ed01a601ae01d6
009d007c00740074
fdd2fdcafe2afec3
fef3fe4afe3afe1a
0095008d006c0024
00ad00a500a500a5
0054006c0085009d
ff7bffcc000c0034
fd31fe52fe9bff0b
fffcfda2fca9fce9
00c500b500ad0095
00cd00c500cd00cd
00cd00f500e500dd
007c00ad00cd00c5
00440014ffec001c
000c002c0044005c
ffe4ffe4ffdcfffc
ffccffb4ffacffcc
003c0014fff4ffe4
00d500b500850054
0115013d01350105
008d007c00ad00e5
0135011500dd00a5
0186017501550145
01b6019e01a6019e
01be01c601c601c6
01a601ae01b601ae
004c004400950175
01750115003c0034
011d00f5017501b6
01fe01c601c6016d
01f601f601f60206
010d019e01a601de
008d007400740074
fddafdd2fe6aff84
ff23fe52fe32fe2a
00cd00bd008d0024
00b500bd00cd00d5
005c007c008d009d
ff3bff7bffdc0024
fd8afe62febbff0b
ffc4fd79fcc1fd11
00c500bd00ad008d
00c500c500c500c5
00e500ed00ed00dd
007c00ad00c500d5
005400440034004c
00ad00a5009d008d
00640074007c00a5
0074004c0034004c
00dd00ad007c0064
014d0135011d00fd
013501350145014d
00bd00d500fd011d
013d012d00f500d5
018e017d01650145
01b601ae01ae01a6
01b601b601b601b6
01a601be01c601b6
006c005c0074014d
014500d50095fffc
013d011d018601ae
01c601a601960196
01e601f6020e01ee
0135019601a601ce
0095007c007c0085
fdf2fe02ff2b006c
ffb4fe8bfe22fe32
00ed00e500c50074
00bd00d500e500ed
003c0064009500a5
ff2bff5bffa4fff4
fddafe83feebff13
ff63fd92fce1fd11
00c500bd00a5006c
00bd00bd00c500bd
00f500ed00dd00d5
008d009d00bd00d5
007c0074007c008d
00ad00a5009d0095
00bd00bd00bd00bd
00ad009d009d00ad
010d00e500c500a5
012d011d011d0115
0135011d011d012d
00ed00fd01150125
013d012d00fd00ed
019e017501650145
01b601ae01ae01ae
01be01ae01b601be
019e01c601ce01c6
fffc00640064011d
010500bd009dffec
0165014501b601c6
01c601b6018e01a6
01d601f601ee01ae
018601a6019e01b6
008d007c007c0095
fe1afe32ffc4010d
ffd4feabfe22fe3a
00ed00e500d50095
00ad00dd00e500e5
ffe40024005c008d
ff33ff5bff8cffbc
fe52fed3ff1bff23
fee3fdb2fd39fd92
00c500bd009d004c
00bd00cd00cd00cd
00e500dd00cd00c5
0074008500bd00d5
00850085008d008d
00a5009d00950085
00b5009d009d00bd
0095009500a500b5
00f500dd00ad0095
0115010500f500f5
012501250125012d
00f500fd010d0115
013d012500f500f5
019e018601750155
01c601ae01ae01a6
01ce01c601be01c6
018601b601ce01d6
ff9c003c006400e5
00cd00c500a50054
0175015d01c6018e
01c601c6019e0186
01c601d601ce01ae
01ce01f601d601c6
008d0074007400a5
fe22fe42ffdc0135
ff6bfe62fe0afe2a
00d500d500b5005c
008500b500bd00cd
ffdcfffc00140044
ff43ff53ff84ffb4
fe93ff13ff43ff43
fea3fe12fdc2fe1a
00c500b5008d0024
00c500cd00cd00cd
00dd00d500bd00b5
0074008d00bd00d5
00950095008d0085
009d00950095008d
00a5009d00a500b5
009d0095009d00ad
00e500bd00a500a5
011d011500fd00f5
012d012d011d0125
011d012d011d0125
0145012500f500f5
01960186017d015d
01c601b601ae01a6
01d601c601be01be
016501ae01d601de
ffd4ff84005400b5
00b500cd00a50095
016d015d01a6013d
01b601c601ae017d
01c601e601d601be
01ee0216021601de
0085007c007c00c5
fe42fe4aff6b00dd
feb3fdeafdeafe32
00b500ad006cffd4
0034006400850095
ffec0004fffc000c
ff63ff6bff8cffbc
fe83ff03ff53ff6b
fecbfe93fe32fe3a
00bd00a5008dfff4
00d500cd00cd00cd
00cd00c500b500b5
009d009d00bd00c5
00950095008d009d
00a50095008d0095
009d00a500ad00bd
006c006c008500a5
00dd00bd00850074
011d011500f500ed
012d012501150115
01450155013d0125
0145012d01050115
019e018e0175015d
01ce01be01a60196
01ce01c601c601c6
010d019e01ce01d6
0004fee3ffd40095
00cd00c500a5005c
0186014d012d0115
01ce01c601be0196
01d601e601ce01ce
020e0216021601de
007c007c007400e5
fe52fe3afee3009d
fe12fdb2fdeafe52
008d0074000cff5b
001c0024003c0064
ffec0014002c001c
ff6bff84ffacffdc
fe42febbff03ff4b
fefbfebbfe1afdea
00ad009d0085ffac
00cd00cd00c500bd
00b500b500ad00bd
009d009d00a500ad
008d009d00950095
00a5008d0085008d
008d008500a500b5
0004ffd400640095
00cd00ad00140024
010500e500e500dd
012d0125010500f5
016d0175014d0135
014d013d011d0135
018e0186016d0155
01c601c601ae0196
01ce01be01c601ce
009d016d01be01ce
fefbfe93fefb0034
00fd00dd002cff3b
018e0155010d011d
01e601de01ce01a6
01ce01c601de01de
021e0216020e01fe
0074007c006c011d
fe52fe3afe930024
fdbafd92fdeafe4a
0034ffe4ff94febb
004c003400140034
00040014001c0034
ff5bff94ffbcffe4
fddafe83ff13ff13
fefbfe93fde2fdba
00ad0095005cff4b
00bd00bd00bd00bd
009d00a500ad00b5
009d00950095009d
008d008d0095009d
008d009500950085
00740074008d0085
ffc4ff0b003c0085
00cd00b50044002c
00f500e500e500cd
01350125010500f5
0175017d01750155
014d013d0135014d
018e01750165015d
01c601be01b601a6
01ce01c601c601d6
005c012d019e01be
fe62fe32fe62ffbc
017d00f5ffdcff03
0196016d01050175
01ee01ee01d601ae
01f601c601e601ee
021e0216020e021e
007400740074014d
fe52fe32fe42ff1b
fdb2fda2fddafe4a
ffe4ff8cff43fe42
0044003c0044003c
000c0024002c0034
ff4bff84ffbcfff4
fda2fe3aff8cff5b
feebfe62fddafdb2
009d007cfffcff03
00bd00b500b500b5
009d00ad00b500bd
0095008d009d009d
00850095009d009d
008d008d008d0085
007c0085008d0074
ffecfea300140085
00bd00b500a5007c
00fd00f500dd00cd
0145012d01150105
016d01750175015d
014501350145015d
018601750165015d
01be01b601ae01a6
01c601c601c601be
005c00dd018601b6
fe02fddafe32ff73
01d60145ffccfeab
01a601650105018e
01e601f601de01be
021e01fe01e601e6
022602160216021e
0064007400850175
fe42fe32fe12fe5a
fde2fdbafdbafe12
ffecff9cfeebfe1a
004c0054005c005c
000c0024002c002c
ff5bff8cffacffdc
fdc2fe42001cffac
fedbfe5afdcafda2
008d005cff94feeb
00ad009d009d009d
009d00ad00b500b5
009d008d0085008d
0095009500a5009d
009d009d009d009d
009500a500b50095
000cfe5affec009d
00d500cd00bd00b5
00f500e500dd00dd
014d0135012d0115
015d016d0175015d
014d0145014d015d
017501750165015d
01c601b601ae0196
01be01c601be01be
00740095017501b6
fe1afdd2fe42ff5b
01b6011dffacfeb3
01be0175012d0196
01ce01e601de01be
021e021e021601de
022e02160216021e
00640064008501a6
fe2afe32fe0afe1a
fe12fdcafda2fdda
fff4ff84febbfe42
0064006c007c0054
0014002c003c0054
ff4bff94ffbcffdc
fda2fe620004ff84
fef3fe6afdaafd61
007c003cff6bff03
00b5009d00950095
00a500a500ad00b5
009d0095008d0095
00950095009d009d
00b500bd00b500a5
008d00cd00cd00ad
001cfe5affd4001c
00f500ed00dd00cd
011500fd01050105
0145013d0145013d
0165017d0175014d
0155014d0155015d
0186016d01650165
01b601b601ae0196
01b601b601b601b6
008d004c012d01a6
fe2afe02fe3aff7b
01c6012dffdcfef3
01b6018e014501be
01ce01c601d601b6
0216021e02360206
022602160216021e
0064005c009501d6
fe12fe32fe02fdfa
fe22fddafda2fdba
fffcffd4ff13fe62
0095009d006c000c
0004004c0064007c
ff7bff94ffb4ffd4
fd9afe93ffb4ff53
ff2bfea3fdc2fd71
005c003cff6bff3b
00b500a5008d007c
00a500a500ad00b5
009d009500950095
00950095009d009d
00bd00c500b500a5
007400cd00cd00b5
0034fee30014ffc4
010d010500ed00d5
0135011d01150105
0165015d0165015d
016d017d018e0175
015d01550155015d
018e016d0165016d
01ae01b601ae019e
01a601b601ae01ae
0074fff40085018e
fe52fe2afe42ffcc
01de0175ffc4fefb
019e0196016501de
01ee01c601ee01c6
0226021e0226022e
022602160226022e
005c005c00a501f6
fdeafe1afdfafde2
fe02fddafdaafdaa
fffc005cff8cfe5a
0085007c0054ffe4
fff4003c007c0074
ff84ff84ff94ffbc
fdfafec3ff1bff4b
ff3bfefbfe52fdba
00640044ff5bff3b
00950085007c007c
00a500ad00a500a5
0095008d008d0095
009d009d00950095
00cd00cd00bd00a5
00d500dd00cd00cd
0095004c00ad00a5
010d0115010500ed
01450135012d010d
016d0175017d015d
016d017d01860175
0165015d0155015d
018e016d016d016d
01a601ae01ae019e
0196019e019e0196
007c001c00040155
fea3fe62ff230064
01f60165fffcfee3
019e0196017d01d6
023601e601e601de
0226021e021e0236
0226021e02260236
005c005400dd0216
fde2fe1afe02fdf2
fe1afdfafdcafdb2
ffd40064ffccfe72
0034007400adffc4
ffdcfffc0034004c
ff9cffacffb4ffc4
fedbff03ff63ff9c
ff3bff3bfef3fec3
0074005cff3bff33
00950085007c007c
0095009d009d009d
008d008d0085008d
00950095008d0085
00d500c500bd00a5
00f500f500dd00cd
00dd00d500e500ed
0125011d010d00ed
014d01350135012d
0175017d016d0155
0155016d01750175
016501550155015d
017d0175016d0165
018e018e01960196
018e018e01860186
00740034ffc400d5
ff23ff730034008d
01c6012500c5ff9c
01b6019e019601be
0246021601e601d6
022602260226022e
022e0216021e022e
0054004c011d022e
fddafe02fdfafe02
fe32fe0afddafdca
fff40034ffd4feab
0054012500adfff4
ff9cff9cffcc0004
ffbcffacffbcffcc
ff43ff4bffc4ffdc
ff63ff73ff4bff53
009d0064ff4bff43
007c007400850095
008d008500850085
0085008500850085
009d008d007c0074
00cd00bd00b500ad
00f500ed00cd00c5
00e500dd00e500f5
012d011d00fd00ed
0155013501250135
016d017501650155
013d0155016d0175
014d014d0145013d
0175016d015d0155
0175016d017d0186
016d0196017d0175
005c003cffc4fff4
00d50105007c006c
01ae011d010500e5
01d601ae019e01ae
023e023601f601ee
02260226022e022e
0226021e021e0226
004c005401650236
fdbafde2fdfafe1a
fe42fdfafdc2fdb2
ffe400240014ff0b
012d016500e50034
ff63ff6bff7bfff4
ffd4ff9cff63ff73
ff8cff7bffdcfffc
ff7bff73ff43ff7b
00bd0054ff3bff4b
0054005c007c00a5
00850074006c006c
007c007c007c007c
008d007400740074
00b500ad00a500a5
00d500c500ad00ad
00cd00d500d500e5
0115010500ed00d5
0155013d012d0125
015d0165015d0155
01350145015d0165
0155014d013d0135
0165015d0155014d
0155014d0155015d
00e5019e0186016d
0044002cffacfee3
014500ed0044004c
01a6013d012d0145
01e601b601b601c6
0236022e020e01f6
022e022e022e0236
0226021e0226022e
0054006c01b60236
fddafdfafe2afe5a
fec3fe3afdeafdda
ffd40034006cffac
012d017d0135006c
ff53ffb4ffc4003c
0004ff73fefbfeeb
ff94ff5bffb4fffc
ffacff63ff33ff84
00c5003cff43ff8c
005c00640074009d
00640064005c0054
006c006c00640064
0064005c005c006c
00a50095008d007c
00ad00a500950095
00b500b500bd00bd
00f500dd00c500b5
012d012d011500fd
014d0155014d0145
01250135013d0145
014501450135012d
0145014d014d0145
015d013d012d0135
000c018e01960175
0034ffe4ff3bfe72
017d00c5003c003c
01b60186018e018e
01ee01de01ce01de
0226022e021601ee
02260226022e022e
021e022602260226
005400a501f60226
fe32fe2afe42fe8b
ff3bfe9bfe5afe42
007c00a500b5fffc
012d0196017500f5
ff9c0054003c0064
ffa4ff33fecbfec3
ff7bff63ff8c001c
ff4bff23ff13ff53
009dffb4feabff1b
007c008d00850095
0054004c004c0064
0064005c005c0054
004c004c00540064
008500850074005c
0095008d007c007c
0085008d008d0095
00cd00ad008d0085
010500f500dd00d5
012d012d0135011d
011d01250125011d
012d012d011d0115
012d012d01350135
01750155012d0125
fefb011501860186
0034ffb4ff0bfe52
018e014d00ad0064
01ae018601860175
01de01e601e601de
0226021e020e01e6
021e02260226021e
0216021e02260226
004c00f5020e021e
fe3afe1afe52fe9b
ff2bfeabfe83fe6a
00fd00e5008dffd4
012d01a601a60145
ff940074006c008d
ff13ff23ff0bfee3
ff13ff23ff63ff73
febbfec3fedbff03
006cff4bfe62feab
00a500bd00bd00ad
003c0044005c0085
0054004c004c0044
0044004c005c005c
005c00640054003c
005c005c0054005c
006c006c00640064
008d0074005c005c
00dd00c500ad009d
010500fd00f500e5
0105010d0105010d
011d0115010d0105
011d010d0115011d
0196016d0145012d
fe12002c017d0196
0024ffa4ff2bfe32
014d016d012d008d
01ce01ae017d0165
01be01c601de01de
021601fe01ee01d6
0226022e0226021e
021e021e02260226
00440155021e0216
fe22fe12fe3afe83
fedbfe8bfe7afe52
00640034ffd4ff43
014d01b6016500bd
ff73002c006400a5
fec3ff43ff63ff3b
febbfebbfec3fea3
fe5afe42fe62fe9b
003cff6bfea3fe7a
00bd00b500b500a5
004c0064008d00ad
003c0034003c0044
004c0054004c0044
002c0044004c004c
003400340024002c
004c0034002c002c
0054004c003c003c
00a50095007c0064
00ed00dd00c500bd
00dd00dd00e500ed
010500fd00ed00ed
0125010d00f500fd
019e0175015d0145
fdf2ff4b015d019e
001cff94ff3bfe3a
013d0135014500ad
01fe01ce0175015d
0196019601ae01d6
020e01f601d601ae
021e022602260226
021e022e0226021e
006c01c6021e0216
fe02fdfafe2afe7a
feb3fe8bfe62fe2a
ffacff8cff4bfef3
0105012500adfffc
ff33fff4007c00b5
fe9bff33ff73ff43
fec3feabfe9bfe83
fe32fe3afe72feab
002cff5bfe72fe42
00b500ad00a50095
007c009500ad00bd
0034003c004c005c
004400440044003c
0024003c004c0054
001c001c0014000c
0024001c000c000c
00340024000c000c
0095006c00540044
00cd00c500bd00b5
00cd00c500cd00cd
00ed00ed00ed00dd
013d011d00fd00f5
01960186016d0155
fe5aff13010d0196
001cffc4ff63fe72
013500f500bd0095
020601ce016d0155
018e0175018601d6
01fe01e601c6019e
0216021e0216020e
021e022e0226021e
00e5021e02260216
fddafdeafe22fe83
fea3fe72fe42fe0a
ff1bff13fefbfed3
fffcffd4ff84ff3b
fed3ff73ffdcfffc
feabff03ff23fedb
fec3fecbfeb3fe9b
fdeafe42fe8bfeb3
0024ff2bfe42fdea
00bd00ad00ad009d
009d00b500c500c5
0034003c005c007c
00440044003c002c
003c0044004c0054
001c002c002c002c
00140024001c0014
0034002c000cfff4
0085005c0044003c
00c500bd00ad00ad
00cd00c500c500cd
00ed00dd00d500dd
015d013d011500fd
0186017d016d016d
fedbff2300d5018e
001cffecff73fec3
012500e500ad0074
020e01e6018e014d
01860165017d01ee
01ee01ce01b60196
021e0216020601fe
02260226021e0226
0186023e0226021e
fdcafde2fe2afe7a
fea3fe7afe42fdfa
fed3fee3fedbfebb
ff43ff1bff03fedb
fecbfefbff1bff3b
fea3fea3feabfeb3
fecbfee3fedbfebb
fdcafe1afe72feab
001cff0bfe02fdca
00c500ad00ad0095
00bd00cd00d500c5
004c006c0085009d
00440044003c0034
0034003c00440044
00240034003c0034
0024002400140014
003c002c001c000c
007c005400440044
00ad00a500a5009d
00cd00cd00bd00b5
00fd00e500d500d5
0155013d01250115
017d01750175016d
ff2bff4b00d5017d
fff4ffe4ff73ff23
011500e500dd0044
020601ee01ae015d
016d0155017d01e6
01de01be01a60186
02160216020601f6
022602260216021e
020e023e0226021e
fdcafdeafe3afeab
fea3fe8bfe5afe02
fecbfed3fec3feab
ff13fefbff0bfee3
fea3fecbfefbff1b
fe93fe62fe62fe8b
fee3fedbfeebfedb
fe1afe32feabfeeb
0034ff2bfe12fdfa
00cd00b500ad0095
00cd00d500d500d5
007c009500a500b5
004c004c0054005c
002c00340034003c
000c0024002c0024
002400140004fffc
0034002c001c001c
0074005c004c003c
00a5009500950085
00cd00c500bd00bd
00fd00ed00e500d5
01550145012d011d
0175017501750165
ff84ff9400e5016d
ffd4ffe4ff84ff63
013500ed01050014
020601f601c6017d
015d0145016d01ee
01d601be019e017d
0216020e020601ee
0226021e0216020e
021e022e0226021e
fdd2fdeafe62ff03
fe93fe83fe52fe02
febbfebbfeabfe9b
fee3fee3fee3fed3
fe72febbfee3fef3
fe9bfe5afe62fe62
fedbfeebff1bff03
fe4afed3ff63ff33
0034ff23fe12fe0a
00c500b500a5009d
00dd00e500d500cd
00a500ad00b500c5
00640074007c008d
002c002c003c0054
0014001c00240024
001c000c000c000c
003c00340024001c
0074006c005c0044
00ad009d0085007c
00cd00cd00bd00b5
010500ed00e500dd
0165014d013d011d
016d016d01750175
ffb4ffcc0105016d
ffc4fff4ffbcffbc
012d011d0135002c
020601ee01ce0186
014d012d016501ee
01ce01b601960175
0216020e020601e6
021e0216020e0216
021e02260226021e
fdc2fde2fe5afecb
fe7afe6afe32fdea
feb3febbfe9bfe83
fee3fee3febbfeb3
fe6afeb3fedbfecb
feb3fe6afe6afe6a
feebff03ff43ff1b
fe6aff6bffe4ff63
0024fedbfdf2fdfa
00bd009d00a5008d
00cd00c500cd00d5
00b500bd00bd00cd
00850095009d00ad
0044004c00640074
0024001c00240034
0014000c000c001c
00540044002c0024
008d007c006c005c
00b500a500a5009d
00dd00dd00c500ad
011500fd00e500dd
0165014d01450125
01750175017d016d
ffd4001c012d017d
ffdc001400140004
0145011d0165009d
01fe01d601ce01b6
013d0115015501e6
01be019e017d0165
0216020601f601de
0216020e020e0216
021e021e021e021e
fdb2fddafe22fe62
fe62fe4afe22fdd2
fec3fec3fe8bfe6a
ff0bff03fec3fec3
fe62fed3ff13feeb
feebfe8bfe52fe52
fef3fef3ff2bff2b
feb3ff53ff8cff33
0004fedbfe12fe42
00c500ad009d007c
00c500c500c500d5
00bd00bd00bd00c5
00a500ad00b500bd
005c0064007c0095
003c004400440054
002c0024001c0024
0064004c003c0034
00ad00ad00950074
00b500ad00ad00b5
00ed00ed00cd00bd
0125011500ed00e5
01550155014d013d
017d017d01750165
fff4004401450175
0004006c0054003c
01750105016d00bd
01f601d601ce01ee
01250105013d01be
01b6019601750155
020e01fe01ee01d6
0216020e020e0216
021e022602260226
fdbafde2fe2afe72
fe3afe22fe02fdd2
fecbfeabfe83fe62
fef3feebfedbfee3
fe7afedbff1bfefb
fefbfe8bfe4afe52
fec3feebff23ff2b
fefbff13ff03fed3
fff4febbfe52febb
00cd00b5009d0074
00bd00c500c500bd
00bd00b500bd00c5
00bd00c500c500bd
007c009500a500bd
0054005400540064
004400440044004c
0074005c004c004c
00b500b5009d008d
00d500b500ad00b5
00e500dd00dd00d5
012d011d00fd00e5
015501550145013d
016d0175016d015d
001c008d014d0165
003c00ad0095005c
01ae0105014500cd
01de01f601e601f6
011500f501250196
01be01960165013d
020e020601f601de
0216021602160216
022602260226021e
fddafdeafe1afe5a
fe22fe12fe02fde2
feb3fea3fe7afe52
fecbfed3fee3fed3
fe6afec3fed3fecb
fef3fe93fe52fe3a
fec3fed3ff0bff1b
ff03feebfed3fecb
ffe4feabfe83fee3
00cd00ad009d006c
00bd00bd00c500bd
00ad00ad00b500bd
00cd00cd00cd00bd
009500ad00bd00cd
0074007c0085008d
005c005c005c006c
009d007c0064005c
008d00ad00bd00ad
00dd00cd00bd009d
00f500e500e500d5
011d0115010500f5
0155014d01350125
016d0175016d0155
003c00c501550165
008d00d500cd007c
01de0175011500cd
01ce01f601fe01e6
010d00f5013d018e
01be0196015d013d
020e01fe01ee01d6
021e021602160216
022602260226021e
fde2fdf2fe22fe5a
fe12fe0afe0afdf2
fe9bfe93fe72fe42
fec3fedbfeebfec3
fe72fec3fec3feb3
fee3feabfe6afe4a
fed3febbfedbfefb
feebfeebfedbfeeb
fff4ff13febbfedb
00b5009d008d0064
00bd00bd00c500b5
00bd00ad00ad00bd
00cd00cd00c500c5
00a500b500bd00c5
008d009d00a500ad
006c0074006c007c
00a5008d007c006c
008d0074009500b5
00d500d500c500b5
00fd00ed00e500d5
0115010501050105
0155014d0145012d
015d0165016d015d
007400ed0155015d
00e500ed00ad0074
01be01ae012d0105
01c601f6020e01c6
010d011d016d019e
01b6018e01650135
01fe01ee01de01ce
021e02160216020e
021e021e021e021e
fdeafdf2fe32feab
fe02fe02fe02fdea
fe83fe6afe62fe32
fecbfee3fef3fed3
fe9bfec3fec3feab
feebfeb3fe7afe83
fee3fe9bfeabfee3
fedbfefbfefbff13
fffcff6bfef3fed3
00ad008d00850054
00bd00c500bd00b5
00ad00a500a500b5
00c500c500b500b5
00bd00bd00bd00bd
0095009d00ad00c5
0074007c007c008d
0095009d008d007c
00ad008500640074
00d500cd00cd00c5
00f500ed00dd00cd
0115010d00fd00fd
014501450135012d
015d015d01550155
007400dd0155015d
00f500d500850074
014d013d010d010d
01b601ce019e0175
0115015501960196
019e018601550125
01fe01ee01de01be
02160216020e0206
020e02160216021e
fde2fe02fe3afec3
fdfafdf2fde2fdd2
fe9bfe83fe4afe1a
fee3fedbfedbfec3
ff03fed3febbfec3
fef3febbfeb3fefb
fedbfe72fe83fecb
fed3fedbfeebff13
fffcff7bff03fedb
009d00850074004c
00bd00bd00b500a5
00a50095009d00b5
00bd00bd00b500ad
00bd00cd00cd00c5
009d00a500ad00b5
0085007c00850095
005c007c00850085
00bd00ad009d006c
00d500cd00cd00cd
00f500ed00d500d5
0115010d00f500ed
013d0135012d0125
015d014d014d014d
001c00740155015d
00cd00ad008d0085
01350105010d010d
018e01be01a6018e
01250175018e0175
01960175014d011d
01fe01e601d601ae
0216020e020e0206
0206020e020e0216
fdd2fe0afe52fed3
fdfafdf2fddafdca
febbfea3fe4afe0a
ff0bfee3fecbfec3
ff03fedbfebbfef3
ff03fec3fe9bfee3
febbfe5afe5afebb
fed3fecbfed3fef3
0004ff63fefbfef3
00a500950074003c
00bd00b500ad00a5
009d009d00ad00bd
00b500bd00ad00a5
00bd00bd00c500bd
009500a500ad00ad
00850085007c0085
007c004c0064007c
00cd00c500bd00ad
00cd00bd00c500cd
00e500dd00dd00d5
011d011500f500e5
012d011d0115011d
014d0145013d013d
fec3ff8c0135014d
00dd00b5009d003c
019e014d00fd00fd
018601ce01de01be
0135017d017d0155
018e016d014d011d
01f601de01ce01ae
02060206020601fe
01fe0206020e020e
fddafe12fe72ff33
fe12fe02fde2fdd2
fe93fe72fe4afe22
fedbfebbfeb3feab
febbfebbfe9bfebb
ff23fee3fe72fe72
fe9bfe4afe52febb
febbfeabfeabfec3
0014ff13fe0afea3
009d008d00640034
00ad00ad00ad00a5
00ad00a500ad00b5
00a50095009d009d
00bd00bd00b500b5
008d009500a500ad
007c0085007c007c
00b50085004c005c
00c500c500c500bd
00bd00bd00c500c5
00e500dd00cd00bd
010d011500f500e5
012d010d00fd010d
013d0135012d012d
fd71feab00f50135
00d500d500a5ff53
019e0186014500fd
01a601d601f601ce
0155018e018e0186
0186016d014d0125
01ee01de01ce01b6
01fe020e020601f6
01fe020601fe01fe
fdeafe22feabffc4
fe22fe0afde2fdd2
fe83fe5afe42fe32
fea3fe9bfeb3feb3
fe9bfe9bfe6afe7a
ff3bfef3fe83fe62
fe7afe3afe4afec3
fe9bfeabfeb3fea3
001cff8cfe3afe42
008500740054002c
00b500bd00b500a5
009d009d009d00ad
0095008d00950095
00a500a500a500a5
008d008d00950095
006c0074007c008d
00b500a5008d0064
00a500ad00ad00b5
00b500b500ad00ad
00e500d500c500c5
00f500fd00f500dd
011d00fd00e500e5
00fd011501250125
fd31fe42007c00fd
00ed00ad0054fe42
018e018e017d013d
01c601e601f601ce
017d01a601a601ae
0186016d013d012d
01ee01e601ce01ae
01fe020601fe01f6
01fe0206020601fe
018601750175017d
0186017d018e018e
018601860186018e
0175017d017d0186
01650165016d016d
016d016d01650165
0165016d0175016d
0175016d016d016d
0165016d01750175
01250145015d015d
013d0135013d0135
013d013d01450145
013501350135013d
012d013501350135
010d011d01250135
007c008d00bd00f5
fff4fffc0034005c
00f5009d004c0004
00fd00f500fd00fd
011d010d01050105
0125011d0115011d
012d012d0135012d
013d013d013d0135
0125012d012d0135
012d012d0125012d
011d012501250125
00dd00ed00f5010d
ff33ff53000400ad
fe93fee3ff43ff53
fdf2fd51fdbafe42
feebfecbfecbfe93
ffacff9cff7bff3b
017d01750175017d
017d017d018e0186
01750175017d0186
016d017d017d0175
016d0175017d0175
016d01750175016d
01650165016d0165
016d0165015d0165
0165016d016d0165
0145015501650165
013d013d0145013d
013d013d0145014d
012501350135013d
0125013501350125
0044007c00dd0115
fe8bfedbff53ffdc
fe5afe8bfe62fe5a
ff2bfea3fe72fe42
005cffecff94ff63
00fd00dd00c500ad
01150115010d0105
00f500fd0115010d
0105010501050105
010500fd00fd0105
00f500f500fd00fd
00dd00e500e500f5
009d00ad00b500cd
ffacffd4002c007c
fe42feb3ff3bff7b
fd01fcc1fd19fdba
fe52fe3afdfafd8a
feabfeb3fe93fe6a
017501750175017d
017d017501750175
01750175017d017d
015d0165016d0175
0175017d016d015d
016d0175016d0175
014d014d01550155
01550155014d0155
015d0165015d0155
01650165015d0155
0145014d015d015d
013d013d013d0145
0125012d012d012d
001400cd01250125
fe7afe7afecbff53
fde2fdfafdf2fe02
fdf2fde2fe02fe32
fe6afe52fe4afe12
fef3fed3fe5afe3a
004cffacff6bff33
00dd00d500cd00ad
00c500d500dd00d5
00bd00b500bd00bd
00cd00cd00c500c5
00b500b500bd00c5
009d00a500ad00bd
003400440054007c
ffccffe4000c0024
fe6afecbff43ff84
fd39fd49fd82fe0a
fe1afde2fd8afd51
fdfafdfafdfafe12
016d01750175017d
016d016d01750175
015d015d0165016d
0155015d015d015d
015d015501550155
016d0175015d015d
014d0155015d0165
01350135013d0145
013d013d012d012d
013d013d0135013d
01450155014d0145
00d500fd0115012d
00f500fd00ed00dd
fea3ff23002c00b5
fe8bfea3fe8bfe6a
febbfe9bfea3fe93
feb3fe93fe8bfeab
fe52fe4afeabfebb
fdfafe22fe32fe4a
fe8bfe42fdcafdc2
008d0044ffb4fef3
00ad00ad00bd00b5
00b500bd00b500ad
0085009d00a500ad
006c00740074007c
00140024002c005c
ff94ffa4ffc4fff4
ff53ff63ff7bff8c
feebff23ff63ff6b
fe93fe5afe62febb
fe2afe52fe93fea3
fd79fd92fdcafe0a
01650165016d0175
015d0165016d016d
0145014501450155
01450145013d013d
01450145014d014d
013d013d0135013d
014d014d0145014d
010d0125013d0145
0115010d01050105
012501250115011d
0115011d011d0115
ffdc006c00dd0105
ff33ffecffe4ffc4
fe72fe52fea3fee3
ff4bff3bff23fed3
ff1bfefbff1bff33
ff1bff33ff2bff2b
fe72fe6afeb3feeb
fdbafe02fea3fec3
fef3fecbfe0afdd2
ff3bfe7afdf2fdf2
0085008d0095002c
004c006c0085008d
fff4fffc001c003c
fff4000cfffcffec
ffa4ffacffb4ffd4
ff23ff1bff33ff7b
fef3fefbff0bff1b
ff8cff94ff5bff0b
fecbfebbfee3ff4b
fe4afe9bfecbfed3
fd59fd71fdb2fe02
016d015d01650165
014d015d016d016d
014501450145014d
012d012d0135013d
01350135013d0135
010d0115011d012d
0125011d0115010d
00ed010501150125
00e500e500ed00ed
00f500ed00dd00dd
00c500dd00f500f5
ff53000c009500c5
fde2feabff2bff2b
ff43feebfe8bfe0a
feebff2bff33ff2b
fef3feb3fe8bfeb3
ff03ff0bfef3ff0b
feb3feb3fecbff0b
fe93fec3ff1bfecb
ff33fef3feabfe9b
fdf2fdfafe6afec3
002c001cff94feab
ffc4ffe4000c0024
ff73ff63ff8cffac
ff94ff9cff8cff73
ff2bff43ff5bff84
feb3fea3feabfee3
fe93fe93fe93feab
ffc4ff43febbfe93
fe7afecbff63ffc4
fe32fe52fe52fe62
fdaafdaafdc2fdea
016d016d0165015d
013d015501650165
0145013d013d013d
01350135013d013d
01250125012d0135
0115011d012d012d
010d0115010d010d
00f500fd01050105
00cd00cd00dd00ed
00c500bd00bd00c5
009500a500c500cd
fed3fffc007c0095
fe93feabfeebfecb
ff63ff63ff9cff0b
fe0afe52fef3ff43
fe8bfe62fe52fe1a
fec3fedbfeb3fe9b
fdfafe02fe42fe83
ff43fee3fe8bfe22
ff03ff13ff0bff33
fe62ff13ff53ff4b
ffbcff6bfe6afe1a
ff3bff5bff7bffa4
fefbfefbff0bff23
ff13ff1bff0bfefb
fe93febbfee3ff0b
fe52fe52fe52fe62
fe52fe4afe4afe52
ff63febbfe72fe52
fedbff63ffd4ffcc
fe6afe83fe8bfe93
fe0afe0afe1afe3a
0165016d01750165
012d013d014d0155
01350135012d012d
01350135012d0135
011d011d0125012d
0115011d0125011d
010d010d010d010d
00f5010d0115010d
00cd00c500cd00dd
00c500bd00c500d5
00a500ad00c500cd
fe5afee3ffdc007c
feebff0bff13fef3
feb3fed3ff33fedb
fef3fe8bfe52fe7a
fe6afe83febbfef3
fefbfefbfea3fe62
febbfefbff23ff1b
fecbfe83fe83fe9b
ff7bff33fed3feab
ffc4ffecffd4ffe4
ff1bfe93fe52fedb
feabfebbfed3ff03
fe93fe9bfea3feb3
fe93fe93fe8bfe83
fe7afe7afe8bfe8b
fea3fe9bfe8bfe83
fe9bfe8bfe8bfe9b
ff13fef3fed3feab
ff63ffd4ffc4ff6b
fe83feb3fec3fef3
fe52fe3afe3afe52
0145014d01650165
0125012d012d013d
012d012d012d0125
011d011d011d012d
0125011d011d011d
00fd011501250125
010d010500f500f5
00dd00ed00fd0105
00cd00d500d500cd
00cd00cd00d500d5
007400c500d500d5
fed3fe1afe2aff5b
fdf2fe12fe62fed3
fe7afe42fe0afdf2
fec3ff4bff4bfebb
fdd2fe3afe6afe7a
fe72fe8bfe72fdfa
fea3fe83febbfecb
ff03feebfe93feab
fe8bfe7afe83fec3
ffe4ff63fef3feb3
ff94ff73ff2bffe4
fe7afe83fec3ff84
fe7afe72fe72fe72
fe93fe83fe7afe7a
fef3fedbfed3feb3
ff2bff23ff1bff13
fefbfefbff0bff23
ff0bff13ff13fefb
ffb4ffb4ff53ff1b
fe7afedbff0bff53
feabfe5afe32fe42
012d0135013d0145
012d012d0125012d
012d01350135012d
0115011d01250125
012d01250115010d
00d500f501150125
00e500ed00e500dd
00c500c500cd00d5
00b500b500bd00c5
00b500cd00d500cd
ff13005400ad00ad
fea3feebfe52fe3a
feabfe52fddafdfa
ff1bfedbfecbfef3
fe72fea3ff03fef3
fdaafdc2fdfafe6a
fe6afe42fe1afdca
fe62fe2afe12fe22
ff23fedbfe8bfeab
fe9bff13ff23ff13
ff13fe42fe52fe42
ff94ffcc00140034
febbfed3ff3bfff4
fecbfec3feb3feb3
fef3fed3fecbfecb
ff43ff43ff2bff13
ff73ff6bff5bff53
ff4bff53ff5bff73
ff4bff43ff43ff43
ff7bff63ff43ff4b
fecbff4bff5bff53
ff13fe83fdfafe12
012d0145014d0135
012d012d012d012d
012d012d0135012d
011d011d01250125
00fd011501150115
00cd00d500dd00ed
00d500dd00e500d5
00c500cd00d500d5
00a5009d009d00b5
007c00a500ad00a5
fea3ff6300340064
fde2fe93ff13feb3
fe93fefbff03fe5a
fe5afe5afe6afe83
fe5afe7afe3afe42
fd82fda2fddafe22
fe32fe02fde2fda2
fe02fe22fe2afe3a
fe5afe22fe1afe2a
ff8cfee3feb3fe83
fecbff13ff8cff7b
ffa4fff4ffe4fef3
ff33ff9cffc4ffcc
ff13ff1bff0bfefb
ff2bff0bff03ff0b
ff63ff63ff5bff53
ffb4ffa4ff8cff73
ff9cffacffbcffbc
ff9cff8cff94ff9c
ff73ff6bff7bff9c
ff8cffecffccff84
ff33fe83fdf2fe8b
0125013d013d010d
011d011501150115
01150125013d012d
0105010d010d010d
00cd00dd00f500fd
00dd00d500cd00c5
00e500e500e500dd
00bd00d500e500dd
002c003c006c00a5
fffcfffc0004001c
ff1bfef3ff73fff4
febbfe4afeabfedb
fe7afe83febbff33
fe02fe2afe22fe32
fdfafe12fe2afe0a
fdd2fd9afddafdf2
fe42fe7afe42fdda
fe0afe0afdf2fe1a
fe0afe0afe32fe2a
fe83fe6afe4afe22
ff53ff53fef3fec3
ffdcff63feb3fedb
ffb4ffdcffd4ffd4
ff43ff33ff1bff4b
ff73ff53ff43ff3b
ffa4ff94ff84ff84
ffacffb4ffbcffb4
ff9cffb4ffbcffac
ff84ff84ff8cff94
ff63ff5bff63ff84
003c004cfff4ff84
0014ff94ff5bffcc
00fd0115010d00dd
00dd00dd00e500ed
0105011d011d00fd
00ed00f500fd0105
00d500d500d500dd
00e500e500dd00dd
00dd00e500e500e5
006c009d00bd00cd
ff63ff84ffcc0024
ff84ff4bff43ff4b
fe83fed3ff0bff6b
ff8cff13fe83fe62
fe0afe32fe32feb3
fdeafe12fde2fdca
fdeafdfafe22fe12
fe7afde2fdcafdd2
fe62fe62fe72fe9b
fdf2fe72fe42fe6a
fec3fea3fe42fde2
fe8bfe83fecbfed3
ff2bff3bff03feb3
fee3fe83fee3ff4b
0014ffccffacffac
ff6bff4bff430004
ff7bff94ff84ff7b
ff7bff7bff73ff6b
ff5bff6bff7bff7b
ff73ff6bff63ff5b
ff94ff8cff7bff84
0024fffcffd4ffac
00ed00dd00a5005c
00fd00e500dd00e5
00bd00bd00bd00fd
00cd00d500dd00c5
00fd00f500e500d5
010d01350145012d
00d500cd00cd00e5
00c500cd00dd00dd
006c008d00ad00b5
ff9cffccfff40024
febbfec3fef3ff43
fefbfec3fed3fecb
fee3feb3fea3fee3
ff3bff53ff5bff03
fdc2fde2fe0afe6a
fe4aff03fee3fe12
fdf2fdeafe02fe02
fe3afe1afdfafde2
fddafdf2fe12fe42
fdc2fdeafe02fde2
ff2bff1bfedbfe2a
fea3ff33ff4bff13
fe62fe6afea3feb3
fec3ff43fef3fec3
0004ff8cfed3fe93
ff4bffac0014005c
ff23ff43ff4bff4b
ff2bff2bff1bff0b
ff9cff84ff5bff3b
002cfffcffdcffbc
00a500950074005c
00fd00f500dd00bd
01350125011d0105
01250135013d013d
0095007c008500cd
00cd00dd00d500ad
00b500bd00c500cd
00fd0155013d00dd
00a5009d009500a5
000c004c0085009d
ff43ffacffdcfff4
feabfed3fed3feeb
fe4afe32fe3afe72
fef3fe93fe83fe72
fea3fed3ff33ff03
fe72fe72fea3fe93
fe62fde2fe3afe62
fe83febbff23ff63
fedbff13fec3fe72
fe22fe42fe52fe9b
fe32fe0afdfafe02
fe3afed3feebfeab
fed3fe8bfe42fe12
ff7bff8cff03fecb
fe52fe62ff0bff5b
ff5bff33fedbfe83
ff84feebfea3ff43
ff94ffec003c0004
ff53ff33ff1bff23
fffcffd4ffacff7b
00c500a5007c0044
00fd00fd00ed00dd
0135012d011d0115
0125012501250135
014d013d012d011d
0135014501550155
00dd00ed01050125
00b500e500dd00c5
00d500bd00950085
0115017d013500e5
ffccfff40004004c
fea3fed3ff33ff8c
fe4afe8bfea3fea3
fe5afe52fe42fe32
fe6afe52fe4afe52
ff03feebfeabfe7a
fe1afe12fe7aff43
fdf2fdfafde2fdea
feb3fe0afe02fe1a
feebfe7afe8bfef3
fee3ff0bff2bff4b
fe9bfea3fea3feb3
fe6afe7afe7afe9b
feebfefbfed3fe9b
fe93fe22fdf2fe7a
ff03feebfed3fea3
fe9bfe72ff8cff6b
ff23fec3feebfefb
ff5bff43ff53ff6b
003c00140034ff9c
00a50064002c0014
010500fd00ed00c5
0135013d0135011d
01250125012d012d
0145013d013d0135
012d012d01350145
0155014d01450135
013d0145014d014d
028f02c702bf0256
01ae0206020e022e
01750105009d00f5
00dd0145013d0175
fe83fec3ff03ffbc
fe2afe1afe1afe4a
fe93fe8bfe72fe4a
fecbfebbfeabfe93
fe9bfecbfed3fed3
ff23ff03fef3fe8b
fdbafdd2fe22fedb
fdcafdc2fdeafdda
fe72fe42fdfafdf2
ff13feb3fe42fe42
fe6afea3fe9bfeeb
fde2fdd2fdeafe12
fe62fe8bfe62fe32
feb3fe9bfe83fea3
fddafdd2fe02fea3
fe4afe3afe1afdea
ffa4ff8cff33fe7a
ff5bff9cfffcffd4
ff94feebfedbfef3
0004fffcffecfff4
010d00fd00bd0064
012d0135012d011d
014d014d01450135
0135012d012d0135
0135013d013d013d
01350125012d0135
01550155014d013d
01450145014d0155
033f03a003a8035f
02df02c702af02c7
01ce01ce01ee0297
ffa4ffdc00440135
febbfec3fed3ff23
fecbfec3feb3feb3
ff13ff0bfef3fedb
ff1bff23ff2bff1b
fec3feebfefbff0b
fefbfeb3fe9bfeeb
fdfafdd2fe22fe7a
fe72fe4afebbfea3
fef3fed3fec3fedb
fef3ff23ff13fefb
fddafe12fe62fecb
fdf2fe02fe02fde2
fe52fe6afe3afe12
fdf2fdfafe1afe3a
fdcafddafde2fdea
fe72fe52fe1afde2
ff53febbfe7afe83
ffd4ffacffb4ff8c
ff4bff13ff13ff94
ffdcffb4ffbcffdc
010500b5002cfff4
0135012d011d0115
014d014d013d0135
013d0135013d013d
01250135013d0145
013d0135012d012d
0155015d01550145
0145014d014d014d
019e025e02f702f7
027e027e0216015d
00c5015501c6022e
ff13ff1bff4bfffc
ff2bff23ff13ff0b
ff2bff33ff33ff3b
ff33ff3bff33ff2b
ff4bff53ff53ff3b
ff23ff1bff13ff23
fe62feabfea3fef3
fed3fe42fe02fe1a
ff7bff53ff1bff13
fe2afe83ff0bff3b
fe6afe7afe6afe52
fe93fe93fe83fe6a
ff1bff4bff33fefb
fefbff13ff43ff23
fec3ff0bff03fedb
fe02fe5afe7afe83
ff1bfea3fe42fdfa
fec3fe83fefbff2b
ffccffbcffc4ff73
feebff2bffbcffec
ffb4ff8cff33fee3
00e5003c001c000c
013d0135012d0115
014d0145013d0135
013d013d01350145
0135012d012d0135
0155014d013d0135
015d0165015d0155
01450145014d014d
ffcc009d01de027e
00ed013d00f5000c
ff8cfff400440085
ff13ff0bff13ff3b
ff43ff3bff33ff23
ff53ff53ff5bff53
ff5bff5bff63ff53
ff8cff8cff73ff63
ff5bffa4ff3bff63
fde2fe22fe62fec3
ff0bfefbfe22fdca
ff03ff6bff73fefb
fe12fe22fe52febb
feabfe83fe3afe22
ff5bff7bfe8bfe5a
fee3fedbfeebff33
ffa4ff8cff3bfef3
ffbcff6bffa4ffb4
fedbfee3fee3ff8c
fe5afeb3ff84ff4b
fe4afe83fed3fea3
ffb4ff8cff2bfe93
fed30004002cfffc
ff84ff43fecbfeab
006cffacff3bff33
014d01450135011d
014d0145013d013d
013d013d013d0145
013d013501350135
015d015501450145
015d0165015d0155
01450145014d0155
fedbff33003400fd
ff6bff84ff63ff0b
ff53ff53ff43ff43
ff5bff3bff3bff43
ff5bff5bff6bff6b
ff6bff7bff7bff6b
ff94ff94ff8cff73
ffacffbcff9cff94
fe72ff4bff4bff2b
fdcafdeafdeafde2
feabfebbfed3fdea
fe7afebbfed3ff0b
fec3fe5afde2fdca
fef3ff53ff5bff23
ff03fea3fe7afe83
fe7afe7afeabfed3
ff4bff7bff1bfecb
ff23ff33ff8cff6b
ff6bff3bff03ff1b
ff43ffc40024ffd4
fe3afe2afe42feab
ff3bfed3fe6afe02
ff94001c000cffbc
ff53ff3bfecbff0b
ffe4fefbff2bff7b
01550145012500ad
014d014501450145
013d013d013d0145
014d014501450145
01650165014d014d
015d015d015d015d
014d014d014d0155
feebff0bff9c002c
ff1bff33ff2bff03
ff8cff63ff2bff13
ffc4ffa4ff8cff8c
ff9cffb4ffccffcc
ff9cff94ff84ff8c
ffb4ffb4ffacffa4
ff63ffb4ffb4ffb4
fde2fe6aff3bfefb
fdc2fdb2fda2fd8a
fec3fe6afeb3fe6a
fdaafe42feb3fee3
fe93fe5afdeafd8a
fe6afe5afeebff23
fdeafdd2fe12fe52
fe9bfeabfeabfe83
fdf2fe22fe93fec3
fed3ff03fecbfdf2
ff0bfedbfeebfebb
ffd4ff94ffb4ff73
fe52fe93ff5bfffc
fe6afe1afe0afe32
ffc4ffbcff4bfecb
ff5bff8c003c003c
ff9cffd4000cffd4
014d01350105007c
01450145014d014d
014d014d01450145
014d0155014d015d
016d016d015d0155
01550155015d0165
0145014d014d014d
ff63ffcc00d50125
ff84ffacffb4ff7b
ffe4ffb4ff84ff7b
ffecffdcffdcffe4
ffccffe4fffcfffc
ff94ff8cff94ffb4
ff94ff94ffa4ff9c
febbff43ff73ff8c
fdd2fdfafe83feeb
fe72fe42fe3afe12
febbfe6afe12fe4a
fdd2fd8afddafe6a
fdf2fdf2fdeafdf2
fdbafd9afdc2fdea
fe02fde2fdb2fdba
fe9bfea3fe32fe0a
fd92fdbafdfafe6a
fec3fe6afdcafda2
fedbfed3feb3fec3
ffccff7bff9cff0b
ff1bffbc0044001c
fe8bfe42fe1afe5a
ffb4ff7bff43fecb
ffec008d0034ffc4
00340074ffacff4b
0145010d00a5001c
014d01450145014d
0155015d01550155
01550155015d015d
015d015d015d015d
01450155015d015d
013d013d014d014d
ff7b00ad01be018e
ffc4ffd4ffa4ff4b
001cfffcffd4ffc4
ffdcffe4fffc000c
ff94ffacffccffdc
ff33ff2bff43ff6b
ff84ff6bff63ff4b
fe52fecbff33ff73
fe22fde2fdeafe3a
fe5afecbfebbfe7a
fdbafd9afd71fdaa
fe32fe2afde2fdca
fde2fddafdbafdd2
fdeafddafdd2fdd2
fe22fe2afe3afe52
fe1afe02fe1afe32
fdbafdf2fdf2fdd2
fe7afdaafd8afd8a
ff3bff1bfefbfeeb
ff94ff23ff0bff1b
ff84ffacffb4ffac
fecbfeebff13ff63
fffcfffcff9cff43
007c00cd0034ffcc
ffecffacff4bffac
011d00b50054ffd4
0155014d01450145
015d0155015d015d
0155014d0155015d
01650165015d015d
014d01550155015d
013d0145014d014d
ff4b004c00d5008d
ffb4ffacff2bfed3
ffacffacffb4ffa4
ff94ffacffb4ffac
ffd4ffc4ffb4ff9c
001c000cfffcffe4
ffc4ffecfffc0004
fe3afebbff2bff84
fe7afe22fdd2fde2
fd9afe4afedbfe8b
fdaafd41fd31fd31
fdd2fe22fe32fdfa
fdf2fdfafdd2fdda
fdeafdd2fddafde2
fdfafdfafe0afe32
fe1afe0afdcafdd2
fde2fdb2fdf2fe12
fe5afe93fe42fe42
fea3feebfeebfe52
febbfe12fe3afe7a
ffc4ff84ff8cff6b
ff1bfff4ffbcffe4
ffd4ffc4ff2bfe93
007c003cff43ffb4
ff23feebff530044
00d5004cffccffb4
01550145014d0145
01550155015d0165
0155014d014d0155
015d0165015d0155
014d01550155015d
014d014d014d014d
ff94ffe4fff4ffdc
ff0bfefbfed3ff13
ff5bff3bff3bff13
004c009500bd0024
0044004400440034
ff84ffdc0014002c
fe52fe83fec3ff23
fdeafe7afeabfe32
fe6afe6afdcafda2
fd59fd9afdeafe52
fda2fd69fd41fd19
fe52fe22fdeafdca
fe2afee3fef3fea3
fe32fe22fe0afe0a
fedbfecbfefbfeab
fddafdd2fde2fe52
fe52fde2fde2fdfa
ff2bff0bfedbff2b
fe5afe4afe83fe72
fe3afe5afe8bfe8b
ffc4ff73ff5bfeb3
ffbcffc4ff7bffb4
ff53fedbfeabff6b
ff84ff13fee3ff7b
fec3ff530044000c
0024ff33ff43ff33
015d0155014d0115
015d015d01650165
0155014d0155015d
015d015d01550155
014d015501550155
014d014d014d014d
ffb4fff4ffdcffa4
fe7afea3fef3ff5b
ffdcff4bfef3fe83
ff7b000400bd00cd
febbfeebff2bff43
fe1afe52fe7afe93
fd9afd92fda2fdda
fd92fdfafe6afdea
fdeafe6afe32fd8a
fd39fd09fd82fd9a
fddafdbafd92fd69
feebff23fedbfe32
fe8bfed3feebfebb
fee3fe8bfe0afe32
fe72fe9bfefbfef3
fdc2fdd2fe3afe83
fec3fe9bfdfafdc2
fed3fe6afe52fedb
fe4afea3fed3ff03
ff2bfedbfeb3fe5a
ffa4ff94ff4bfebb
0014006cffecffc4
fe62feabff840004
feabfeb3feebfebb
ff0bffd40024ff6b
ff4bfef3fef3ff13
016d0165014d00ad
016501650175016d
015d015d0155015d
015d01550155015d
01550155015d0165
0155015501550155
fefbff5bff94ffa4
fe2afe4afe8bfebb
ffacfed3fe3afe1a
fe3afe52ff530014
fe32fe52fe6afe5a
fdcafdeafe0afe1a
fd9afd79fd8afdaa
fdaafdbafddafe22
fda2fe32fe72fdd2
fdd2fd71fd21fd79
fe32fe83fe52fdf2
fe7aff2bff2bfe83
fde2fe02fe42fe3a
fe5afe4afe1afe0a
fe4afe62fe42fe42
fdd2fdbafdf2fe22
fe62fe22fddafdd2
fdf2fdd2fe2afe6a
feb3ff1bfecbfe62
ffc4ff84ff53fecb
ff9cff84ffa4ff94
ff84ff9cffc4ffac
feabffa4ffccffe4
fefbfec3fe72fe4a
009d0054ffd4ff23
ff33ff1bff6b005c
016d017501450044
016d016d016d0175
015d015d0165015d
015d015d015d015d
015501550155015d
0155015d015d0155
fe1afe12fe1afe3a
fdf2fdeafe0afe2a
ff73fe83fe1afe0a
fe12fe0afefbffbc
fe1afe32fe4afe42
fdb2fdc2fddafdfa
fde2fd8afd92fda2
fe12fdd2fdbafde2
fd9afdbafe0afe12
fe93fe8bfda2fd39
fe12fe02fdfafe32
fe02fe2afe22fe12
fe52fe4afe22fde2
fdfafdfafdf2fe22
fe0afe02fdfafdfa
fe32fe2afe42fe1a
fe0afdf2fdf2fe3a
fe22fe1afe12fe12
fe9bfe5afe32fe12
feebff4bff53ff13
ffe4ffdcff23feb3
fed3fea3fed3ff23
ff7bfff4ffccff6b
ff23fea3fe52fe9b
00c500d50085fffc
ff8cff9c009d00ed
017d0175012d0004
016d0175016d0175
0165016d0175016d
0165015d015d015d
015501550155015d
015d0165015d0155
fe02fddafdb2fda2
fdeafddafdeafe0a
ff1bfe5afe1afe0a
fe22fe2afea3ff3b
fe0afe12fe32fe3a
fda2fdaafdbafdea
fdf2fdc2fd8afd92
fe2afe02fdf2fdba
fd51fda2fdcafe02
fe0afe9bfe9bfdc2
fdfafe02fdc2fdc2
fe0afdfafe02fe02
fe22fe22fdeafdd2
fdcafe0afe12fe22
fde2fdfafdeafdd2
fe93fe72fe3afdf2
fe2afe1afe32fe6a
fe7afe93fe72fe42
fe6afe42fe93fe93
fe4afe72fe8bfe83
ff84fec3fe22fe1a
fedbfec3ff0bffd4
ffb4ffdcff53fee3
fedbfe83fec3ff84
00cd007cff6bfedb
ff33000400d50105
017d016d00e5ffb4
0175017d017d0175
0165016d016d0175
01650165015d015d
014d0155015d0165
0155015d0165015d
fe0afdf2fdd2fdc2
fdcafdc2fde2fe0a
fe62fe0afdf2fdf2
fe22fe42fe5afe72
fe0afdfafe12fe1a
fd92fd92fdbafe0a
fd9afe1afdbafd8a
fe3afdc2fdfafdd2
fd8afd82fdc2fdf2
fdcafdf2fe0afde2
fdbafddafddafdaa
fe32fddafdd2fdd2
fe9bfe62fe32fe52
fe1afe9bfedbfef3
fe0afe0afe1afe32
fea3fe62fe5afe32
fe0afe32feabfefb
fe32fe4afe22fe02
fe83fe6afeb3fe62
fde2fdf2fe22fe72
feb3fe32fe1afdfa
ffa4ffe4ff94ff3b
fff4ffb4fef3ff1b
fe9bfeebffbc000c
fffcfecbfe7aff3b
ff6b008d00ad00a5
017d014d0034ff23
0175018601860186
0175017d0175017d
0165016d016d016d
0155015d015d0165
014d0155015d015d
fe0afdfafdeafdda
fdc2fdcafdf2fe02
fddafddafde2fdda
fe1afe4afe52fe1a
fde2fdd2fde2fdfa
fd82fd8afdcafe02
fda2fe42fdf2fd71
fdf2fe32fdfafe1a
fdd2fdd2fda2fdca
fdcafdb2fd9afdca
fdd2fdcafdb2fd9a
fe32fdaafdaafdd2
fe8bfecbfea3fe5a
febbfebbfedbfecb
fe22fe3afe72fee3
fe22fdf2fe0afe22
fe7afec3feabfe9b
fe2afe2afe32fe1a
feebfed3feb3fe42
fe83fea3feabfec3
fdfafde2fe7afea3
ffdcff5bfecbfe22
ffc4fefbff1bff94
febbff63ffdc002c
ff1bfecbff3bfee3
ffbc004400040004
017d010dff73ff13
01860196018e0186
017d017d017d0186
0175017d01750175
015d015d015d0165
0145014d015d015d
fdfafdf2fde2fdda
fdc2fdd2fdf2fdfa
fddafddafde2fdca
fe0afe3afe42fe1a
fdcafdd2fdcafdda
fd82fd8afdb2fdd2
fe12fdfafe22fd92
fddafe2afe62fe1a
fd9afdc2fdb2fdda
fddafdb2fd8afd92
fe52fe32fdd2fdba
fdbafd9afde2fe2a
feabfeb3fecbfe12
ff73ff53ff13feb3
feebfee3ff0bff53
feabfe83fec3fef3
ff1bff33ff23ff03
febbfeabfec3fee3
ff3bfee3fec3febb
feb3feebfedbfeeb
fe3afe6afeabff03
fedbfe22fdd2fdba
ff4bfe62fe52feab
feebfecbff5bffec
fef3fefbfeabfeab
003c00040014ff1b
016d00cdff2bff5b
018e019e01960186
0175017d0186018e
01860186017d017d
015d015d01650175
01350145015d0165
fdeafdeafdeafdf2
fdbafdd2fdeafdea
fdf2fddafdd2fdba
fdeafe12fe2afe2a
fdb2fdc2fdcafdd2
fd8afd8afda2fdaa
fe12fdcafe12fdba
fdfafe02feb3fe42
fd82fda2fdc2fdd2
fdbafd61fd59fd71
fe0afe0afe32fde2
fd29fd61fdaafdf2
ff33ff23feebfdb2
ff84ff63ff43ff43
ff6bff84ff94ff8c
fe12fdb2fe62ff33
ff94ff94ff7bff03
ff43ff63ff7bff94
fe32fda2fe42feeb
fe72fea3fedbfeb3
fecbfeabfedbfee3
fe02fdfafe1afe4a
fec3fe4afe32fe42
fecbff03ff6bff33
fecbfe5afe5afeeb
001cffa4ff84feab
0165002cff1bffd4
018e019601960186
018e01960196018e
017d017d0186018e
01650165016d0175
012d013d01550165
fdfafdfafe02fe02
fdb2fdeafdf2fdf2
fe02fdd2fdc2fda2
fdcafddafe02fe2a
fda2fd9afdbafdca
fd82fd8afd92fd9a
fe32fdeafddafdb2
fdb2fdcafe1afe72
fdbafd8afd9afd8a
fd79fd61fd69fd9a
fd79fd39fd82fda2
fdbafd8afda2fdfa
ff94ff63fef3fe42
ffacffa4ffacffac
fef3ff8cffacffb4
fe3afd41fdc2fe7a
ffc4ffb4ff7bff0b
ff94ffacffc4ffc4
fd29fd49fe9bff63
feb3ff0bff13fe5a
fefbfe8bfe93fea3
fe9bfef3ff03fee3
febbfe6afe42fe72
ff43ffb4ff33fedb
fe5afde2ff3bfef3
ffb4fffcff13fe8b
0145ffd400240064
0186018e018e018e
01e601d601ae0196
017d018e01be01de
016d017d017d017d
0135013d0145015d
fe12fe12fe1afe1a
fdbafe02fe0afe0a
fdfafdd2fdaafd9a
fdb2fdc2fde2fe0a
fd92fd8afda2fdb2
fd9afd8afd8afd92
fee3fe1afde2fdda
fd21fd82fde2fe83
fdfafda2fd49fd49
fd92fd8afdb2fde2
fd49fd29fd31fd82
ff0bfebbfe72fe1a
ffd4ffb4ff8cff4b
ffbcffccffd4ffdc
fe8bfefbff6bffa4
fe72fd69fde2feab
ffd4ffacff63ff03
ffbcffccffd4ffdc
fdcafe3aff1bff9c
ff3bff9cffacff23
ffb4ff3bfedbfee3
ff63ff43ff4bffa4
fefbfe9bfe9bff13
fedbfef3fe9bfebb
fdaafe32fed3fe93
ff33fed3fe7afe8b
010dfff400b50044
01a6018e01860186
022e021e01f601be
01ae01de020e0226
016d017d0186018e
01150145014d0155
fe32fe22fe32fe3a
fddafe1afe32fe32
fdfafdcafd9afda2
fdaafdb2fdcafdfa
fd92fd92fd9afda2
fdbafd92fd8afd92
fec3fe3afddafe22
fce1fd19fdaafe3a
fd8afd92fd49fd29
fdeafdf2fe02fd9a
fe5afdcafdaafdd2
ff94ff73ff3bfee3
ffd4ffccffb4ffa4
ffc4ffccffccffcc
ff4bff1bfecbff3b
fedbfe6afef3ff53
ffb4ff43ff03ff3b
ffdcffd4ffe4ffdc
fe9bff7bffd4ffd4
ffec00240024ff3b
ff2bfedbfeebff84
ff5bff3bff43ff43
fe62fea3ff43ff63
fe93febbfe52fe83
fd51feb3fe72fe3a
fecbfe62fe72fe12
0074fffc00bdffb4
01f601b6018e017d
0236022e022e0216
01f6021e022e0236
0165017d019601c6
011501450155015d
fe42fe3afe32fe42
fe0afe42fe52fe4a
fdeafdcafdaafdba
fda2fdaafdbafdda
fd92fd92fd92fd92
fde2fd8afd8afd8a
fe62fe83fe02fe8b
fd01fce1fd29fda2
fddafdcafd49fd09
fd31fdc2fe2afe02
ff2bfed3fe32fd51
ffb4ffacff7bff4b
ffd4ffdcffd4ffc4
ffccffccffccffcc
ff9cffacffa4ff9c
ff63ff63ffacffa4
ff1bfeb3ff73ffb4
ffe4ffccffdcffd4
ff8cfff4000c0004
004c0044001cff8c
ff0bff5bffe4002c
fefbfee3fe8bfeb3
fe72ff0bff63ff23
fe9bfe72fe42fe32
fdbafe5afe4afe72
fefbfebbfe52fd92
0024003c0024ff7b
023601f601ae0175
023e023e023e023e
0226022e0236023e
016d018601b601fe
01150145016d016d
fe62fe52fe4afe62
fe4afe72fe72fe6a
fddafdd2fdcafdea
fda2fdaafdb2fdc2
fd8afd92fd92fd92
fdeafd82fd82fd8a
fe22fea3fdfafe1a
fcd1fca1fcd9fd69
fddafe42fda2fcd9
fd59fd11fd31fd9a
ff63ff43fee3fdfa
ffb4ffbcff94ff73
ffe4ffdcffd4ffc4
ffd4ffd4ffd4ffd4
ffbcffb4ffb4ffc4
ff1bff5bffc4ffc4
ff23ff7bffc4ffbc
ffecffd4ffd4ffb4
ffec00040014000c
005c0044001cffec
ffdc004c005c0064
fecbfe72fea3ff4b
fecbff1bfef3fedb
fe7afe62fe5afe5a
fe6afedbfebbfe7a
ff43fe8bfdeafdf2
ffbcffc4ffacffc4
023e021e01de0145
02360236023e023e
022e02360236023e
019601be01f60216
011d013501750186
fe7afe72fe7afe93
fe7afe93fe93fe8b
fdc2fddafdf2fe2a
fda2fda2fdaafdb2
fd9afd9afda2fd9a
fdb2fd8afd82fd92
fe12fe7afe32fdaa
fcb9fc89fcb9fd59
fd61fdbafdcafcf1
fe12fd92fd9afd9a
ff73ff63ff3bfecb
ffacffa4ff94ff8c
ffdcffd4ffccffbc
ffccffccffccffd4
ffc4ffb4ffa4ffac
ff84ff84ff94ffbc
ffc4ffccffbcff9c
fffcffdcffc4ffbc
000cfffcfff4fffc
004c003c0024001c
00540074006c005c
feb3ff0bffc40034
ffacff73ff6bfeeb
fe7afe6afeebff73
febbfef3fef3fe93
fe72fde2fd92fe22
fff4ff84ff9cff2b
0236022e01fe011d
02360236023e023e
022e022e02360236
01e601fe0216021e
010d0145019e01c6
fe83fe83fe8bfe9b
fe93fea3fea3fe93
fdc2fddafe0afe52
fdaafda2fdaafdb2
fda2fd9afd9afda2
fdb2fd9afd8afd92
fe0afe72fe3afdc2
fd21fc78fc78fd39
fe02fe12fe22fd29
fedbfe83fea3fe6a
ff7bff6bff5bff33
ffbcffb4ff9cff84
ffd4ffd4ffdcffc4
ffc4ffccffc4ffcc
ffb4ffacffacffac
ff8cffc4ff94ffa4
ffccffd4ffacffac
fffcffe4ffccffc4
fff4ffecfff40004
004c003c001c000c
005c0064005c004c
ffb40024004c005c
ffcc001c004cffbc
fed3ff03ff5bff7b
fee3fefbfeebfe6a
fe02fd71fda2fe3a
ff9cff9cffbcfe83
023e023e021e00c5
022e02360236023e
02260226022e0236
020e021e021e021e
0125018e01e60206
fea3fea3fea3feab
fe8bfe9bfe93fe93
fdc2fdc2fddafe32
fda2fda2fd9afdb2
fdaafd9afd9afd9a
fd9afd92fd8afd9a
fdbafe2afe4afdf2
fd19fc58fc58fcc1
fec3fe7afe1afda2
ff3bff1bfef3feab
ff7bff73ff63ff5b
ffacffbcffacff8c
ffccffccffc4ffb4
ffbcffbcffbcffc4
ffb4ffbcffbcffbc
fefbff7bff94ffac
ffccffccffa4ff63
ffecffe4ffd4ffc4
fff4ffecffe4ffe4
0044002c001c000c
0054004c0054004c
004c005c0054005c
00540064001c002c
ff03ff6bff94ffdc
ff03ff2bfe7afe62
fd9afd61fe2afea3
ffdc0014ff6bfe42
024602460226010d
0236023602360246
021e021e022e0236
0216021e02260226
016d01ae01e60206
fe93fe9bfeabfecb
fe7afe7afe72fe83
fdb2fdaafdbafe22
fd92fd92fd9afdaa
fd9afd92fd92fd92
fda2fd92fd92fd92
fd31fdcafe52fe12
fce9fc68fc48fc78
fe1afdb2fdaafe12
ff5bff4bff03fe83
ff84ff6bff6bff6b
ffa4ffa4ff9cff94
ffbcffbcffa4ffa4
ffb4ffacffb4ffb4
ffbcffc4ffccffc4
ff5bff84ff9cffac
ffd4ffdcffc4ff8c
ffd4ffd4ffccffc4
fff4ffdcffd4ffcc
00340024001c000c
0044004400440044
005400540054004c
001c00240044006c
ff73ff53000c005c
fef3fe62fe0afe9b
fd39fe02feabff13
ffdcffecff2bfe12
023e023e021e00f5
02360236023e0246
021602160226022e
01ee020e021e021e
013d011d015501b6
fe83fe83fe9bfec3
fe5afe7afe83fe83
fdb2fdaafdbafe02
fd8afd92fda2fdb2
fd92fd9afd9afd92
fd79fd9afd9afd92
fcf1fd71fe1afe02
fcb1fc81fc58fc70
fdb2fd69fdc2fdb2
ff63ff63ff43fea3
ff94ff84ff7bff7b
ffacffacffacff9c
ffb4ffb4ffacffac
ffacffacffa4ffa4
ffacffbcffc4ffc4
ff43ff9cffacffac
ffd4ffe4ffd4ffac
ffccffd4ffdcffcc
fffcffe4ffdcffd4
003c002c001c0004
004c003c003c004c
0064005400440044
003c0054005c006c
ff4bffbc007c003c
fe62fe1afe72ff1b
fd19fe4aff13feeb
ff4bff2bff1bfdca
0236023e01fe0054
02360236022e0236
021e021e0226022e
01a601d60206021e
012d010d0145018e
fe93fe8bfe9bfeab
fe22fe52fe72fe93
fdb2fdaafdbafde2
fd8afd92fda2fdb2
fd92fd9afd9afd8a
fd71fd8afd92fd92
fc91fcf1fda2fe0a
fca9fcb1fc89fc50
fe62fdaafe1afd51
ff84ff73ff63ff23
ff94ff8cff8cff84
ffbcffb4ffb4ff9c
ffb4ffb4ffb4ffb4
ffbcffb4ffb4ffb4
ffacffbcffccffc4
ff53ff8cffacffa4
ffd4ffc4ffbcff84
ffbcffccffdcffd4
0004ffe4ffd4ffc4
00440034001c000c
0044004c004c004c
005c00540044003c
0085006c006c0064
ffb4005c0034005c
fe12fe2afed3ff6b
fe22ff23feebfe4a
ff23fef3feabfdaa
023e023e01f6003c
022e0236022e0236
0216021602260226
01ae019601c601fe
0135016501b601ce
fea3feb3febbfebb
fe0afe22fe3afe7a
fdb2fda2fdaafdd2
fd92fd9afda2fdb2
fd92fd92fd9afd92
fd9afd82fd9afd9a
fc78fcd1fd82fe32
fca9fcc1fca9fc48
ff0bfe72fe0afd01
ff7bff73ff73ff5b
ff94ff94ff8cff8c
ffccffbcffb4ffa4
ffc4ffccffc4ffc4
ffccffc4ffbcffbc
ffb4ffbcffc4ffcc
0004ffbcffa4ffac
ffc4ffb4ff940014
ffdcffdcffdcffcc
001c000cfff4ffdc
004c0044002c001c
003c004c00540054
005400440034002c
009d007c006c0054
00850024006c00a5
fe12ff03ff3bfff4
ff13ff63fef3fdc2
ff8cff03fe83fdda
024e023e01ae0004
0226022e0236023e
01fe0216021e021e
01de01ae018601b6
017d01be01e601e6
fe7afe93fea3feab
fe02fe1afe2afe4a
fdb2fdaafdaafdca
fd92fd9afdaafdb2
fd9afd92fd9afd9a
fde2fd92fd92fd9a
fc70fcc9fd51fe22
fcb1fcc1fcb9fc58
ff4bfee3fdb2fcd1
ff7bff6bff73ff63
ffa4ff94ff84ff84
ffd4ffc4ffb4ffa4
ffdcffdcffd4ffcc
ffd4ffd4ffd4ffdc
ffb4ffccffccffd4
fff4ffecffa4ffb4
ffc4ffb4ff8c001c
fff4fff4ffecffd4
002c001c000c0004
00540054003c0024
003c004c00540054
004400340034003c
00950074005c004c
0034004c00b500ad
ff13ffa4ffac006c
fee3fe72fdf2fdea
ff2bfeb3fe1afde2
02460236010dffec
0226022e022e0236
01be020e021e021e
01e601de01ae0186
018e01d601ee01f6
fe5afe62fe72fe83
fe02fe2afe3afe52
fda2fda2fda2fdc2
fd92fd92fdaafda2
fd92fd92fd92fd9a
fe02fd8afd82fd9a
fc81fce1fd51fdda
fcb9fcc1fce1fca9
ff5bff23fe3afd11
ff7bff7bff6bff63
ff94ff6bff7bff84
ffb4ffacff63ff9c
ffccffecffccff63
ffe4ffdcffdcffe4
ffdcffdcffe4ffe4
ff8cff9cffacffd4
ffdcffccffacff84
ffecfffcfff4ffe4
0024001c0004ffd4
00440044ff9cffb4
0044ffecfff4003c
003cfffcffbc003c
007c0064004c003c
ffec008500ad0095
ff7bff63ff6bffb4
fe72fdfafde2fe7a
feebfe3afd9afde2
023e023600d5ffcc
022e022e0236023e
018601d602160226
01ee01e601de019e
015501b601de01ee
fe52fe52fe5afe62
fe02fe2afe42fe52
fda2fd9afda2fdc2
fd8afd92fd9afd9a
fd8afd8afd92fd92
fdbafd92fd9afd92
fc91fcc9fd49fd8a
fce9fce1fd79fd79
ff63ff4bfec3fd9a
ff6bff73ff6bff63
ff9cff1bff4bff6b
ff8cffa4ff33ff8c
ff94ffecffe4ff4b
ff5bff8cffecffe4
fff4fff4ffecffdc
ff63ff9cffe4fff4
ffd4ffe4ffd4ffbc
ffd4fffcffecffdc
00140014ffb4fef3
00240024ffacffd4
001cffdcffe4001c
0024ffc4ff94001c
006c00540034ffbc
004c009d00ad0095
ff7bff73feebff73
fe42fdb2fe32feab
febbfdfafd51fe32
023e021e00adff73
022e0226022e023e
018e017d01e6021e
01ee01ce01e601de
0125017d01c601de
fe5afe62fe62fe62
fdfafe22fe32fe4a
fdaafda2fdaafdc2
fd79fd79fd92fd9a
fd92fd8afd92fd8a
fd79fd71fd9afda2
fce1fcf1fd39fd79
fd69fd61fda2fdba
ff6bff5bff23fe4a
ff2bff6bff63ff6b
ff6bff63ff6bff5b
ffa4ffa4ff84ff6b
ffdcffdcffccffac
ff43ff43ffe4ffe4
ffecff94ffccffec
ff2bff8cfff4fffc
ff23ffdcffe4ffc4
ffecfff4ffecff53
ffd4ffdcffacffa4
ffd4ffd4ffe4ffd4
ffc4ffb4ffbcffc4
002c0004ffd4ffbc
005c004c002cffd4
007c009d009d0074
ff9cff8cfef3ffe4
fe12fe3afe52feeb
fe72fda2fd21fe12
023e020e0014ff33
0226021e022e023e
01be015d01960206
01be01be01e601f6
01350135019601c6
fe52fe52fe5afe62
fde2fe02fe2afe42
fdaafdaafda2fdba
fd82fd8afd9afd9a
fd92fd82fd8afd82
fd61fd71fd92fd9a
fd09fce9fd39fd49
fdf2fd51fd11fdba
ff63ff63ff4bfee3
ff5bff5bff1bff4b
fe83feb3ff03ff4b
ff0bfeebfeb3fe83
ff8cff73ff43ff23
ffd4ffccffbcffac
ffd4ff0bff9cfff4
ffdcffccffccffec
ff73ffe4ffe4ffcc
ffbcffc4ffd4ff63
ff23ff53ff6bffa4
fec3fee3fef3ff0b
fea3fe8bfeabfebb
ffc4ff33fedbfebb
004c0064005c0024
00850095006cffec
ff73ff7bff9c004c
fea3ff73ff63ff7b
fe4afd61fd61fdc2
024602060004ff1b
021e022e0236023e
01ee018e015501c6
017d01ae01e601fe
018e01450145016d
fe3afe42fe52fe62
fdc2fdfafe1afe2a
fd9afda2fda2fdaa
fd8afd9afd9afd9a
fd8afd82fd79fd82
fd92fda2fd92fd92
fd09fcd9fd39fd09
fe5afd31fd11fdba
ff6bff6bff53ff2b
fefbff53ff53ff6b
fdd2fdeafe12fe6a
fdb2fd9afda2fdb2
feabfe42fdf2fdca
ffbcff84ff3bfefb
ffecffe4ffe4fff4
016500edffdcffc4
ffccffdcffcc003c
ff63ff84ffacffb4
fe1afe7afed3ff2b
fd8afd9afdbafdda
fd92fd79fd8afd8a
fe8bfe12fddafdb2
00740054ffecff3b
008d007c006c004c
fee3ff730034007c
ff03fef3ff4bff73
fdd2fd79fd82fdfa
024601e6ffbcfec3
01fe022e0236023e
01fe01c60155017d
018e01c601ee0206
01be01960175016d
fe22fe3afe52fe62
fdc2fde2fdf2fe12
fd92fd9afdaafdaa
fd92fd9afd92fd8a
fd8afd82fd8afd8a
fdd2fdbafd92fd92
fd29fd19fd41fd31
fecbfd8afd61fd82
ff7bff73ff73ff5b
fdd2fe6aff1bff73
fd51fd82fdaafdb2
fd49fd29fd29fd39
fd92fd61fd69fd61
ff4bfecbfe42fde2
ffdcffdcffb4ff8c
0064002cff63ffbc
ff9cffb4ffb4ff94
feebff0bff0bff4b
fdc2fe0afe62fec3
fd9afd79fd71fd8a
fd92fd8afd8afd92
fdd2fdaafda2fd9a
0014ff5bfeabfe1a
008d001c0064007c
febbffd4006c008d
fecbfe3aff13ff13
fdcafdd2fda2feab
023e01eeffacfe8b
01c6021e0236023e
01fe01de0186014d
01ce01d601e601f6
01ce01c601c601c6
fe12fe32fe4afe5a
fdbafdc2fddafdf2
fd92fd9afda2fdb2
fd92fd9afd8afd8a
fd9afd92fd92fd9a
fda2fdbafd92fd92
fd39fd29fd41fd71
ff2bfdeafcf9fcf9
ff3bff7bff8cff7b
fd8afda2fe12fee3
fe22fdfafdcafdb2
fd79fd92fdbafdf2
fd82fd92fd92fd82
fe62fdeafdbafd9a
ffccffacff4bfedb
fef3feebff4bffbc
ff63ff94ffb4ff63
feabfeb3fea3ff13
fe12fe3afe5afeb3
fe5afe2afdfafdfa
fecbfebbfea3fe7a
fec3fecbfed3fedb
ff2bfecbfec3feab
009d00740064ffd4
ff5b004c007c008d
febbfe8bfebbfe93
fdfafdd2fe0aff23
023e02060014fe62
01860206022e0236
01f601ee01b60145
01de01d601de01e6
01ce01ce01d601de
fe0afe2afe3afe4a
fdb2fdc2fdd2fdea
fd8afd9afda2fdaa
fd9afd9afd92fd8a
fda2fdaafda2fda2
fd8afdaafd82fd92
fd49fd8afda2fd79
ff53fe5afcf9fcf1
fecbff73ff94ff7b
fe1afdc2fdb2fe0a
ff33feebfeabfe6a
fed3fefbff23ff43
fdfafe1afe5afe9b
fe2afdf2fde2fdea
ffacff63feebfe6a
ff94ff94ffbcffbc
ff5bff9cffbcffac
fee3fedbfee3ff23
fee3fecbfecbfedb
ff33ff13fefbfeeb
ffacff8cff6bff5b
ffe4ffe4ffd4ffc4
ff4bff84ffbcffd4
008d007cfffcff5b
0004007400740085
fe9bfeabfe6afebb
fdf2fe42ff4bff33
02360206fff4fe1a
014501d6021e0236
01ee01ee01de015d
01d601d601d601de
01de01de01d601d6
fe0afe22fe32fe32
fdc2fdcafdcafde2
fd8afd9afdb2fdba
fda2fd9afd8afd79
fd9afdb2fdb2fdb2
fd51fd9afd71fd79
fd59fe32fe4afd41
ff7bfebbfd41fcd9
feabff3bff94ff94
ff03fea3fe6afe5a
ff9cff84ff73ff4b
ff73ff8cff9cffa4
fef3ff23ff4bff63
fea3fe8bfe9bfecb
ff94ff53fefbfebb
ffd4ffbcffbcffb4
ff94ffc4ffccffdc
ff43ff4bff53ff6b
ff5bff53ff53ff43
ff1bff0bff1bff4b
ffc4ff94ff63ff43
005c003c001cfff4
002c004c005c0064
0085005cfff4ffe4
005c0085007c008d
fee3fe8bfe52ff4b
fddafecbff03fe9b
022e01eeff7bfdea
012501960206022e
01d601ee01e60186
01a60186019601ae
01c601d601ce01c6
fdfafe1afe22fe2a
fdb2fdbafdbafdd2
fd82fd9afdbafdb2
fdaafd9afd82fd71
fd92fdaafdb2fdba
fd69fd9afd71fd71
fd71fe5afe72fd9a
ff9cff13fda2fcf1
fedbff3bffa4ffac
ff5bff3bff0bfed3
ffa4ffb4ffacff84
ff84ff84ff7bff8c
ff6bff73ff6bff6b
fef3ff0bff2bff53
ff8cff5bff23fefb
ffd4ffccffc4ffbc
ffdcfffcfff4ffec
ff8cffa4ffc4ffcc
fefbff33ff5bff73
fea3fea3febbfedb
ff33fef3fed3febb
0044fff4ffc4ff7b
009d00950085006c
00a5009d007c007c
007c0095009d00a5
ff3bfea3fe83ffd4
fe22fe32fe2afed3
021e01beff6bfdda
011d015501ee022e
01ae01e601ee01a6
015501450175018e
018e01c601d601b6
fddafdfafe0afe12
fd9afd9afda2fdba
fd8afd9afda2fd9a
fdb2fd9afd8afd92
fd92fdb2fdbafdb2
fdbafd92fd71fd79
fd82fdfafe93fdfa
ff94ff4bfdf2fd11
ff5bff94ffb4ffac
ff73ff6bff5bff43
ff33ff63ff84ff84
fe72fe93feb3feeb
ff0bfedbfeb3fe83
ff1bff2bff3bff3b
ff9cff6bff2bff03
ffe4ffd4ffccffcc
0014001c0024000c
ff4bff9cffe4000c
fe7afeb3fef3ff2b
fd92fdb2fdfafe42
fe2afdeafdbafda2
ffacff43fedbfe7a
00bd008d00540014
00c500cd00c500c5
008d009500a500ad
feebfe62feeb003c
fe5afe0afeabfedb
019e00d5fef3fdfa
012d012501c601ee
019e01ce01de01ae
0135017d01be01ae
013d01a601d6019e
fdcafdeafdfafe0a
fd8afd8afd8afda2
fdb2fda2fd92fd92
fdb2fd9afd92fdb2
fd8afdb2fdbafdb2
fdaafd79fd61fd71
fcf1fd41fe93fde2
ffa4ff63fe4afd29
ff84ffa4ffacffac
ff3bff5bff73ff73
fe0afe72fedbff23
fd21fd39fd69fdaa
fdbafd71fd51fd31
ff0bfee3fea3fe2a
ff94ff53fefbfeeb
ffe4ffd4ffccffbc
00340034001cfffc
fef3ff33ffa4000c
fde2fe42fea3fecb
fd09fd11fd59fd9a
fd61fd29fd11fd09
febbfe52fdfafdba
00ad007c001cff7b
00dd00dd00cd00c5
009d009d00b500c5
fe1afdcaff53007c
fe8bfe3aff23fe93
01b600cdfedbfe02
0145011d01be01fe
01a601b601ce01be
013d019e01ce01c6
010d016d01be0186
fdc2fddafdf2fe02
fd71fd79fd8afdaa
fddafdb2fd8afd79
fdb2fd92fd8afdba
fd82fda2fdb2fdb2
fd79fd71fd69fd79
fcd9fd69fe22fdaa
ffacff84fe83fd41
ff7bffa4ffb4ffac
fecbff33ff63ff7b
fd09fd69fdbafe4a
fcf1fce1fcd1fce9
fd09fcf1fd01fcd9
fe6afe0afda2fd59
ff73ff13fecbfe9b
ffc4ffb4ffb4ffa4
0034003c001cffec
feabfef3ff53ffcc
fda2fdcafe1afe6a
fd31fd51fd19fd41
fd61fd59fd39fcf1
fe52fda2fd29fd59
0074004cff8cfe93
00c500ad009d008d
00bd00b500bd00c5
fd82fdeaffb400ad
fe83feebff6bfe93
01ee00d5fe6afe0a
0165017501d6021e
01b601ae01c601be
014d01a601d601d6
011d012d019e0186
fdcafde2fdfafdfa
fd69fd71fd92fdaa
fdaafd9afd79fd71
fdaafd8afd82fd9a
fd79fd8afd9afda2
fd9afd9afd82fd71
fd01fd69fd82fdca
ffb4ffa4fecbfd59
ff73ff9cffacffac
fe3afee3ff1bff53
fd41fcd9fd11fd79
fd82fd82fdb2fe02
fd69fd51fd31fcf9
fdd2fda2fd82fd79
ff4bfed3fe72fe1a
ffacff8cff8cff7b
002c0044001cffdc
fe72fec3ff2bffbc
fd9afdaafdcafe0a
fd8afdaafddafdfa
fe8bfdf2fd9afd11
fde2fd39fe02ff03
003cfff4ff0bfe62
00a5007400440034
00c500bd00bd00b5
fd29fe4afff400b5
fecbff1bff23fe3a
01ee00cdfe22fe02
0145018601ce01e6
01ce01ae019e0175
014d019601de01de
0145010501750186
fdd2fddafdf2fdfa
fd61fd71fd8afdba
fd8afd79fd69fd61
fda2fd8afd82fd8a
fd69fd71fd8afd9a
fdfafdcafd92fd71
fcd1fcc9fd21fdda
ffacffa4ff03fd79
ff73ff8cff84ff94
fe02feabff03ff4b
fe22fd19fcd1fd49
fdaafdbafe7afeeb
fdf2fd79fdc2fdba
fdc2fd8afd9afe02
ff23fe8bfe3afe0a
ff94ff7bff6bff63
001c003c001cffcc
fe83febbff0bffac
fdeafda2fddafe3a
fdc2fdbafe9bfec3
ff1bfdfafde2fde2
fdcafd79fe6aff5b
ffecffd4ff5bfebb
007c003cfff4ffdc
00bd00bd00bd0095
fd51fecb002c00ad
ff23febbfe3afd31
01be00ddfe6afe2a
0135017d01b601b6
01d6017d01250125
014d018601de01de
0175010501450196
fdd2fdd2fde2fdea
fd61fd69fd82fdb2
fd71fd59fd59fd61
fd9afd8afd8afd79
fd69fd71fd8afd9a
fe42fe12fdbafd82
fcf1fc99fcf1fe02
ffacffa4ff3bfdaa
ff84ff84ff84ff9c
fe62fecbff1bff63
fd61fd21fd71fdf2
fd69fdc2fe83fe0a
fdc2fd71fd82fd92
fdbafd59fd79fda2
fef3fe93fe52fe3a
ff84ff63ff4bff33
0004001c000cffc4
fe93feabff0bffac
fda2fd69fd82fe2a
fd8afdcafe52fe02
fe42fde2fda2fdaa
ff23fdeafd79fdc2
ff84ffacff9cff7b
005c001cffc4ff84
009d00a5009d0074
fde2ff3b005c00a5
ff13fe62fda2fd09
013500e5fe9bfe93
010500fd010d0125
014500f500ed011d
0165016d01a6018e
01a60115011d0196
fdcafdd2fdd2fdca
fd61fd69fd79fda2
fd59fd51fd59fd69
fdaafd8afd82fd71
fd92fd8afdaafdc2
fe83fe9bfe62fdca
fd19fca1fcd1fe2a
ffacffa4ff53fdf2
ff9cff9cff94ff9c
fec3fef3ff33ff73
fd69fe12fe8bfeb3
fd82fd92fd69fd39
fd41fd31fd49fd69
fe22fddafd92fd59
fef3fea3fe72fe6a
ff6bff4bff3bff23
fffc0014000cffbc
fe93febbff2bffac
fdaafde2fe1afe62
fd79fd69fd79fd8a
fda2fd8afd71fd8a
fff4ff73feabfdda
ff5bffa4ffbcffd4
003c0004ffccff73
009500850085005c
fe72ff84007400a5
feabfe02fd69fd82
00c5005cfeabfeab
00bd00cd00cd00c5
010500e500f50105
0186014d01350115
01ae012d010d018e
fdbafdc2fdc2fdc2
fd69fd69fd82fd9a
fd51fd61fd61fd61
feb3fdd2fd69fd59
ff53ff3bff33ff2b
ffdc00240004ffac
fd39fcb1fcd9fe7a
ffa4ffa4ff63fe2a
ff94ffa4ff9cff9c
ff13ff1bff43ff63
fea3fefbff1bff23
fdc2fdf2fe2afe62
fddafde2fdbafdaa
fe72fe52fe22fdf2
fefbfebbfe83fe7a
ff53ff33ff23ff13
fffc000cffecff9c
feb3fefbff6bffcc
fe52fe62fe7afe8b
fe3afe52fe5afe5a
ff03fe93fe32fe52
ffd4ffccff9cff3b
ff73ffacffc4ffd4
0014ffecffc4ff84
0095007c006c004c
fec3ffa4008500a5
fe42fda2fd82fde2
00ed006cfee3fe9b
014d0145014d012d
010500dd00e5011d
01ae014d011d0115
018e012d00fd0196
fda2fdb2fdb2fdb2
fd69fd71fd79fd82
fd41fd51fd59fd69
0044ff03fd79fd49
00dd00d500c50095
000400ed00fd00ed
fd59fcd1fcf9fe7a
ff9cff94ff63fe52
ff7bff84ff84ff94
ff2bff23ff33ff5b
ff1bff3bff43ff43
fee3ff03ff13ff13
fe5afe6afe9bfecb
fe93fe7afe6afe5a
fefbfeebfec3fea3
ff53ff2bff0bff03
fffc0004ffdcff9c
ff03ff53ffa4ffdc
fecbfeabfe9bfeb3
ff23ff03feebfee3
ff84ff63ff33ff3b
ffacffa4ffacff8c
ff8cffa4ffc4ffbc
fffcffdcffccffac
008d007c0064003c
ff13ffd4008500a5
fdc2fd79fdcafe4a
00f50074ff3bfe4a
019e01b6018e014d
010500dd00dd0105
019e0155013d0125
01550105010d019e
fd82fd9afd9afd92
fd69fd69fd71fd71
fd51fd59fd61fd69
0044ff03fd92fd49
00f500dd00cd009d
ff7b00ed010d0105
fd69fd01fce1fd92
ff84ff7bff63fe6a
ff53ff63ff6bff7b
ff33ff33ff43ff53
ff33ff43ff4bff4b
ff23ff2bff23ff23
feb3fec3fee3ff0b
fed3fec3feb3febb
fefbff03ff03feeb
ff6bff33ff13fefb
00140014fff4ffbc
ff63ff9cffccffec
ff13fef3fef3ff23
ff5bff43ff4bff33
ffa4ff94ff84ff7b
ff9cffa4ffacffa4
ffacffacffb4ffb4
fffcffdcffc4ffbc
00950085006c004c
ff3bfff4008d00ad
fd71fda2fdd2fe7a
00e5007cffacfe0a
017501d601a6014d
013d010500f50105
0196016d016d015d
01650135016501b6
fd69fd82fd8afd8a
fd61fd59fd61fd69
fd61fd61fd69fd69
fe9bfdcafd82fd69
00cd00a5005cffac
ff13008d00cd00dd
fd8afd19fd11fd69
ff7bff73ff63fe72
ff3bff4bff6bff7b
ff4bff4bff53ff43
ff4bff53ff53ff53
ff2bff33ff3bff3b
fee3feebfefbff13
ff0bfefbfeebfeeb
fefbff13ff23ff1b
ff8cff53ff33ff0b
002c002c000cffd4
ff9cffc4ffe40004
ff3bff3bff53ff73
ff5bff53ff4bff4b
ff73ff63ff5bff63
ff9cffa4ff9cff8c
ffdcffccffacff9c
001cffecffe4ffdc
009500740064004c
ff6b001c009500ad
fdb2fdbafdc2febb
00d500adff9cfe02
013d01c601ae013d
018e015d013d013d
01b601b601ae019e
01b601ae01be01ce
fd61fd71fd82fd79
fd59fd59fd59fd61
fd8afd82fd79fd61
fdf2fdd2fdbafda2
006c002cff63fe5a
fecb000c00540064
fd92fd21fd92fd9a
ff6bff6bff5bfe72
ff43ff43ff53ff63
ff5bff5bff63ff4b
ff4bff43ff4bff53
ff13ff1bff2bff43
ff0bff03fefbff0b
ff1bff13ff13ff13
ff0bff13ff2bff2b
ffacff7bff5bff33
0044003c0014ffdc
ffc4ffe4000c0024
ff53ff73ff84ffa4
ff53ff53ff53ff5b
ff5bff43ff43ff4b
ffccffb4ff9cff84
000cfffcffecffdc
003c001c0024001c
008d0085007c0064
ff84001c009500a5
fdfafd8afde2fec3
00ad002cfecbfe12
017d01a601a6013d
01ce01b601a601ae
01ce01ce01ce01ce
01d601d601d601de
fd59fd61fd71fd79
fd8afd71fd71fd69
fde2fdb2fda2fd92
ff43fefbfee3fe4a
001cfff4ffbcff84
ff1bffe4001c002c
fd92fd41fe3afe7a
ff63ff5bff53fe62
ff5bff53ff3bff5b
ff6bff6bff6bff6b
ff4bff43ff3bff53
ff23ff2bff33ff43
ff2bff23ff1bff1b
ff3bff33ff33ff33
ff1bff13ff2bff3b
ff9cff73ff53ff3b
00540044001cffdc
ffe4fffc0034004c
ff6bff84ffa4ffc4
ff5bff6bff63ff63
ff8cff6bff63ff6b
fffcffecffc4ffa4
0044003c0034001c
005c003c00440044
0095008500850074
ff73002c009d00a5
fe02fdd2fe32fec3
008dfffcfe6afe2a
01f601ce01a6014d
01e601ee01ee01fe
01c601be01c601ce
01de01de01de01de
fd71fd61fd71fd79
fda2fda2fd9afd8a
fecbfdfafd92fd9a
ff94ff5bff94ff5b
000cffecffd4ffb4
fef3ffac000c001c
fda2fd61fe9bff0b
ff63ff5bff43fe5a
ff73ff6bff5bff63
ff84ff84ff84ff7b
ff7bff73ff53ff63
ff63ff6bff63ff73
ff3bff3bff3bff4b
ff5bff5bff5bff4b
ff2bff23ff3bff4b
ff84ff5bff3bff2b
006400440014ffbc
00040014003c0054
ff7bff94ffbcffdc
ff73ff73ff6bff6b
ffacff94ff8cff84
001c0014ffe4ffc4
0064006400540044
006c0064005c005c
009d008500850085
ff730034009d00a5
fec3fe4afe2afeb3
01250044fef3feab
02060145014d014d
01ce01f6020e021e
01ce01b601ae01b6
01de01de01de01de
fd8afd79fd79fd71
fd9afdb2fdc2fdaa
fde2fd92fd82fd92
ffd4ff63fef3fe52
ffe4ffccffdcffe4
fee3ff4bffdcfffc
fda2fdcafee3ff4b
ff63ff53ff2bfe52
ff73ff6bff6bff6b
ff8cff8cff84ff7b
ff94ff94ff7bff7b
ff5bff73ff7bff84
ff53ff43ff4bff4b
ff53ff6bff6bff63
ff3bff2bff13ff1b
ff7bff5bff33ff3b
00240014ffd4ffac
fffcffecffec0014
ff84ff94ffbcffe4
ff7bff6bff63ff73
ffacff9cffa4ff94
002c000cffdcffc4
005c00640054003c
00740074006c0054
00950085007c0085
ff73002c0095009d
ff0bfe4afdfafea3
012d0095ffccff63
017500c50115011d
01a601ee021e021e
01c60196018e019e
01d601de01e601e6
fdaafdaafda2fd79
fd8afd9afda2fda2
fe62fd92fd71fd82
005c002cffdcff5b
0044005c007c0074
fefbfefbffb40024
fd79fdfafeebff63
ff5bff53ff23fe22
ff84ff7bff7bff6b
ff7bff7bff84ff84
ff8cff8cff84ff73
ff43ff63ff73ff84
ff5bff4bff3bff43
fef3ff2bff5bff73
ff5bff43fefbfecb
ff94ff73ff5bff5b
ffccffecffe4ffd4
ff94ff73ff63ff94
ff7bff84ff94ffa4
ff94ff7bff73ff73
ffa4ffa4ff9cff9c
001c0004ffccffb4
005c005400440034
007c007c006c0064
008d0085008d008d
ff84002c0095009d
febbfe0afdfafe93
00240034ffd4ff2b
010d00dd015500f5
019e01ee020601ee
01a60165017d018e
01de01d601e601e6
fd82fdc2fdbafd9a
fd71fd69fd39fd39
fdf2fdaafd49fd49
ffbcff7bfec3fe42
ff84ffacffdcffd4
fef3fecbff33ff7b
fd71fe12feabff33
ff53ff4bff1bfdf2
ff84ff84ff73ff5b
ff6bff6bff73ff84
ff84ff8cff8cff84
ff53ff6bff84ff84
ff5bff43ff43ff43
fecbfedbff23ff53
ff84ff73ff33feeb
ffc4ff94ff84ff7b
fff40034004c0014
ff43ff63ff7bffa4
ff5bff53ff43ff3b
ffacff8cff7bff6b
ffbcffb4ffacffb4
0014fff4ffd4ffc4
006c005c00540044
0085006c006c0074
008d008d00950095
ffb4003c009d009d
fe62fdcafde2fecb
ffd4fff4ff7bfebb
014d019601f6011d
019e01ee01fe01be
019e015d016d017d
01e601e601e601e6
fd31fda2fdd2fdca
fd11fd11fcd9fcd9
fcc9fce1fcf1fce9
fde2fd79fd21fce9
ff43ff03fec3fe5a
feebfec3ff1bff53
fd92fe1afe6afef3
ff53ff43ff0bfdda
ff84ff7bff73ff63
ff7bff73ff7bff8c
ff9cff8cff84ff84
ff63ff7bff8cff9c
ff4bff53ff53ff53
ff2bfeebfeebff2b
ffacff9cff6bff4b
ffecffbcffacffac
0054009d00a50034
ff73000c00240034
ff2bff1bfefbff03
ffacff8cff6bff43
ffccffbcffb4ffac
0024fffcffe4ffcc
00740064005c004c
008d007c00740074
009d009d009d009d
ffdc0054009d00a5
fe1afdeafe12ff23
ffb4ffd4ff73fe7a
019e01f601de00b5
01b601be0145015d
01ae0165017d019e
01de01ee01e601e6
fd39fda2fdcafde2
fca9fcc1fcd1fce9
fcc9fce1fce1fcb9
fd39fd29fd01fcd9
fe93fe22fdb2fd59
fed3febbfefbfeeb
fdc2fe0afe3afed3
ff5bff3bfeebfdd2
ff94ff8cff84ff73
ff7bff7bff84ff8c
ffa4ff8cff7bff84
ff5bff7bff94ff9c
ff2bff3bff3bff4b
ff6bff2bfee3ff03
ff84ff5bff43ff4b
ffecffbcffacff9c
003c004400640024
fffc0064004c003c
fefbfee3fed3ff03
ff8cff7bff53ff2b
ffc4ffc4ffb4ffa4
003c0014fff4ffd4
008d007c00740064
0095008d007c0085
009d00a500a5009d
00140064009d009d
fdfafdf2fe42ff73
ff63ffa4ffb4fe8b
014d0196016dfffc
014500e500d50145
01b6017d019601ae
019601e601ee01e6
fd69fdc2fdd2fdca
fca1fcb1fcc9fcf9
fcd1fcc1fcb1fca1
fd41fd29fcf9fce1
fda2fd79fd71fd51
feb3feabfe7afdf2
fdc2fdf2fe4afee3
ff5bff3bfedbfdda
ffa4ff9cff84ff73
ff8cff8cff8cff94
ff94ff84ff94ff8c
ff63ff7bff9cffa4
fefbff13ff33ff4b
ff33ff13fedbfee3
ff03fe1afe02feab
ffe4ff8cff73ff63
fe5aff2bfffc0014
ffecffdcff2bfe6a
fedbfed3fed3ff0b
ff7bff5bff33fefb
ffccffc4ffacff94
004c0024fff4ffdc
009d0095008d0074
0095008d008d0095
009d00a500a5009d
0034007400ad00ad
fe02fdeafe2aff5b
ff4bff3bffd4fec3
00d5011d00fd002c
00e500d5010d0115
01be018e0186014d
00ad01a601e601de
fd9afdf2fde2fdc2
fcc1fcb9fca1fcf9
fcb1fca1fca9fcb9
fd31fd21fd09fce9
fd71fd71fd61fd49
fe83fe9bfe02fd79
fdb2fe0afe9bfefb
ff53ff33fecbfdc2
ffa4ffacff94ff7b
ff8cff84ff8cff9c
ff73ff7bff94ff94
ff63ff7bff8cff84
fedbfeebff13ff43
feebfecbfed3fedb
fe22fd21fdbafe8b
ff9cff4bff43ff33
fce1fd69ff03ffe4
ff8cff6bfea3fd8a
fee3feebfee3fefb
ff63ff3bff13feeb
ffdcffc4ffa4ff84
005400240004fff4
00ad00a50095007c
0095009500a500ad
00a500ad00ad009d
0044007c00ad00ad
fe22fdcafe0aff1b
ff6bfec3ffa4ff0b
008500a500c5005c
0115010d012d010d
017d0175014d0115
000400f501ce01b6
fdc2fdf2fdf2fde2
fce1fcc9fca9fd01
fca1fcb9fcd9fcf1
fd39fd19fce1fcb9
fd79fd69fd51fd49
fe5afe93fdeafd79
fdb2fe4afed3fed3
ff4bff13feb3fdba
ffb4ffb4ffa4ff84
ff8cff8cff94ffac
ff73ff84ff8cff94
ff53ff73ff7bff73
fed3fed3ff03ff33
feabfeabfedbfeeb
fe52fe62febbfed3
ff84ff2bff23fee3
feabfec3ff2bffa4
ff2bff53ff33fefb
fefbff13ff13fefb
ff63ff33ff1bfefb
ffdcffc4ffb4ff84
00540034000cfff4
00b500ad0095007c
009d00a500ad00b5
00a500a500a500a5
0034008d00a500a5
fee3fe72fe6afeeb
ff94fe83ff33ff7b
0095003c006c006c
0125013501550135
016d01860135010d
ffd40034014d015d
fdc2fdf2fe02fe12
fcb9fca9fcc1fd41
fcc9fcc9fcc9fcc9
fcf9fcf1fce1fcd1
fd69fd69fd49fd19
fe62fe93fdaafd61
fe22febbfeebfe83
ff4bff13feb3fdfa
ffbcffb4ffa4ff84
ff9cff9cff9cffb4
ff73ff84ff94ff9c
ff4bff53ff5bff73
fee3fecbff03ff2b
fea3fecbfeebff03
ff03ff03fee3feab
ffacff23ff0bff03
ff8cffa4ffb4ffcc
ff43ff4bff5bff73
ff0bff3bff4bff43
ff53ff2bff13fef3
ffd4ffb4ffa4ff73
00540034000cffec
00c500b500a50085
009d00a500a500bd
00b500a500ad00a5
004c009d00ad00b5
ffa4ffdcff63ff5b
ffccfebbfe8bff3b
00e50064000c0034
012d015d017d016d
017d018601150105
ffdcffe4007c013d
fdcafdeafe02fe0a
fc91fca9fd01fd82
fcc9fcb1fca1fc91
fd01fd01fce9fcd9
fd59fd49fd29fd11
fe9bfe5afd61fd51
feb3feebfeabfe2a
ff53ff23fee3fe9b
ffc4ffb4ff9cff7b
ffa4ffacffacffbc
ff84ff84ff94ffa4
ff3bff4bff63ff73
ff0bfedbfef3ff2b
fefbff03ff1bff1b
ff3bff23ff03fefb
ff73ff33ff1bff23
ff9cffa4ffa4ff9c
ff8cff84ff84ff84
ff3bff6bff9cffa4
ff4bff2bff0bff0b
ffc4ffa4ff94ff73
0054002c0004ffdc
00cd00bd00a5007c
0095009d00ad00c5
00bd00ad00a5009d
007c00a500b500bd
ffdc0044000c0024
0014ff43fe7afec3
013500b50044002c
0115016d0196019e
00bd012500ad00b5
ffdcffdc001400a5
fdd2fdf2fdfafdfa
fca1fce9fd61fdaa
fc99fc91fc99fc99
fd01fce9fcc9fcb1
fd41fd39fd21fd21
feb3fddafd29fd31
fee3febbfe3afe4a
ff4bff3bff13fef3
ffbcffb4ff9cff7b
ffacffb4ffbcffbc
ff7bff84ff94ffa4
ff2bff4bff6bff73
ff0bfeebfeebff0b
ff13ff1bff1bff13
ff3bff23ff23ff23
ff33ff23ff2bff3b
ff94ff8cff7bff5b
ffa4ff9cff94ff8c
ff6bff94ffacffb4
ff43ff1bff0bff3b
ffc4ffa4ff84ff63
005400240004ffdc
00c500b500950074
009d009d00b500c5
00b500ad00a500a5
006c00ad00b500bd
000c0034000c0024
005cffccff23ff23
01a6013d00b50074
0125018601a601be
002c0024002c009d
ffe4ffe4ffec004c
fdd2fdfafe0afe12
fc78fcb1fd41fd92
fc91fc89fc89fc89
fce1fcd1fcb9fca1
fd29fd19fd09fd01
fe83fd49fcf9fd11
fee3fe72fe2afe83
ff4bff33ff0bfefb
ffb4ffa4ff9cff73
ff9cffacffc4ffbc
ff84ff84ff84ff94
ff2bff53ff6bff84
ff0bfef3feebfefb
ff13ff1bff1bff13
ff3bff2bff23ff1b
ff2bff2bff43ff4b
ff8cff8cff73ff4b
ffa4ff9cff84ff8c
ff9cffb4ffb4ffac
ff3bff1bff2bff63
ffbcff94ff73ff5b
003c001cfffcffdc
00bd00ad008d006c
00a500a500ad00bd
00b500b500ad00a5
007c00b500b500bd
0014002cfffc0014
00ad0044ffd4ffa4
01b601ae015d00cd
015d018e01ae01b6
00ed00b500b5010d
ffecffecffdc002c
fdc2fe0afe2afe3a
fc78fc99fd41fd8a
fca1fc89fc81fc78
fcd9fcd1fcc9fcb9
fd09fd01fcf1fce9
fe0afd49fcf1fcf1
fee3fe9bfe6afe52
ff4bff2bff03feeb
ffb4ffacff94ff6b
ff94ff9cffacffb4
ff73ff6bff73ff8c
ff23ff43ff5bff6b
ff13ff0bfefbff0b
ff1bff1bff23ff23
ff43ff3bff23ff1b
ff33ff3bff4bff4b
ff94ff84ff6bff3b
ffa4ffa4ff9cff9c
ffbcffd4ffccffb4
ff4bff33ff53ff94
ffb4ff94ff7bff63
00340014ffecffcc
00ad009d0085005c
009d00a500b500b5
00b500ad00ad009d
007c00bd00ad00b5
ffccffe4ffe4fffc
010d00bd003cffdc
018e018601860135
01a601a601960196
00ed016d016d0196
ffdcffe4ffd4fff4
fdb2fe02fe2afe42
fc99fcd1fd92fd9a
fcc1fcb1fca1fc99
fcd9fcd9fcd9fcc9
fce9fce1fcd9fce1
fde2fd8afce9fce9
feebfeb3fe6afdfa
ff3bff23fefbfef3
ffb4ffacff94ff63
ff94ffa4ffb4ffb4
ff63ff6bff7bff84
ff1bff3bff53ff63
ff1bff13ff0bff13
ff23ff1bff2bff2b
ff23ff2bff33ff2b
ff13ff13fef3ff0b
ff94ff6bff33ff1b
ffacffacffacff9c
ffe4ffdcffd4ffbc
ff4bff3bff73ffbc
ffb4ff9cff84ff6b
002c0004ffd4ffbc
00ad009d00850054
009d00ad00bd00ad
00b500b500a5009d
006c00ad00ad00ad
ff8cff8cffa4ffd4
013d01150095ffe4
015d014d0155014d
01960186017d0175
00a5017501a601a6
ffccffdcffccffd4
fdaafe02fe22fe2a
fcb1fd01fda2fda2
fcb1fca9fca9fcb1
fcd9fcd9fcd1fcc1
fce1fcd9fcc1fce1
fde2fdc2fd21fce1
fedbfebbfe62fdca
ff3bff23fefbfed3
ffbcffacff94ff63
ff94ff9cffacffac
ff53ff53ff6bff84
ff13ff3bff4bff5b
ff2bff23ff2bff1b
ff23ff2bff3bff3b
fef3fefbff13ff23
fec3fec3feb3fed3
ff4bff13feebfecb
ffacffa4ff9cff7b
fff4ffecffd4ffc4
ff43ff63ffacffdc
ffbcff9cff7bff63
001cffecffccffc4
00ad009d007c0054
009500ad00bd00bd
00bd00b500a5009d
004c008d00ad00b5
ff73ff53ff5bff8c
0145013d00d50004
0155013501150115
015d015d016d0165
006c017d01be018e
ffbcffc4ffc4ffbc
fdaafdfafe12fe2a
fcb1fd01fd92fd92
fca9fca1fca1fca1
fcd1fcc9fcc1fcb9
fcd1fcc9fcc1fcc9
fd69fd82fd29fcd9
febbfeebfe7afd61
ff53ff2bff23fec3
ffb4ffb4ffa4ff7b
ff94ffa4ffacffb4
ff5bff5bff73ff8c
ff13ff3bff53ff63
ff3bff33ff2bff23
ff03ff23ff3bff43
fe1afe52fe93fed3
fdf2fdf2fdeafdf2
fe62fe22fe0afdfa
ff9cff5bff1bfecb
fffcfffcffe4ffcc
ff73ffacffc4ffe4
ffbcff8cff63ff63
002c0004ffdcffcc
00b5009d007c0054
00ad00bd00c500c5
00cd00b500a5009d
0034004c00a500c5
ffacff53ff0bff73
014d014500f50054
010d00f500dd011d
014d014501350125
004c017d01ae016d
ffc4ffbcffb4ffb4
fdbafe02fe22fe2a
fca1fce9fd79fd9a
fcc9fcb9fca1fca1
fcc9fcc9fcd9fcd9
fcc9fcd1fcc1fcc9
fcd9fcf9fcf1fcc9
fea3fedbfdd2fcc9
ff5bff23ff1bfef3
ffb4ffb4ffa4ff7b
ff9cffacffb4ffb4
ff6bff6bff84ff9c
ff23ff3bff5bff63
ff43ff4bff3bff2b
fe62feabfee3ff1b
fd82fdaafdd2fe12
fd61fd51fd61fd69
fdb2fd92fd79fd69
feebfe8bfe3afdea
ffecffdcffa4ff5b
ff94ffacffbcffdc
ff9cff6bff5bff6b
002c0004ffe4ffcc
00bd00a5007c005c
00ad00c500cd00c5
00cd00bd00a5009d
fffcfff4009500cd
000cff8cfefbff7b
015d013d00dd007c
00f500ed00f50175
0145013d011d0105
00440175017d0155
ffc4ffb4ffacffb4
fdaafdeafe1afe22
fca9fd11fd8afda2
fcb9fc99fc91fc91
fcc1fcc1fcc9fcd1
fcd1fce1fcd9fcd1
fc99fcd9fce9fcd1
fe93fe32fcb9fc70
ff53ff03fed3feeb
ffacffa4ff94ff7b
ffacffbcffbcffac
ff63ff7bff8cffa4
ff3bff4bff63ff63
feebff23ff4bff4b
fda2fdd2fe1afe83
fd82fd92fd8afd92
fd59fd49fd59fd71
fd9afd8afd79fd61
fe02fddafdc2fdaa
ff4bff03fe9bfe42
ff94ffa4ff94ff63
ff8cff53ff3bff6b
00340004fffcffc4
00bd009d008d006c
00b500cd00cd00bd
00d500bd00b500ad
ff7bff7b008500cd
0085fff4ff33ff6b
014d012d00ad007c
01050105014d019e
014d013d01250115
00240145015d014d
ffb4ffb4ffb4ffb4
fd9afdc2fe02fe22
fcd9fd79fdb2fd9a
fc89fc78fc70fc81
fcb9fcb9fcb9fca9
fce1fce1fcd9fcc9
fcb9fcd9fce1fcd9
fdfafd69fc78fc78
ff5bfeabfddafe32
ffacff9cff8cff7b
ffbcffb4ffb4ffb4
ff73ff8cffa4ffac
ff4bff53ff5bff63
fe3afebbff1bff43
fd19fd39fd79fdca
fd19fd21fd21fd19
fd01fcf9fd09fd19
fd41fd29fd19fd11
fd69fd61fd49fd41
fe42fe0afdd2fd8a
ff94ff7bfef3fe7a
ff7bff3bff3bff84
003c001c000cffc4
00bd00a5008d0074
00b500c500c500bd
00dd00cd00c500b5
ff2bff23006400cd
018600c5ffa4ffbc
013d0105008d00ed
013d0155019e018e
015d014d013d013d
001c013501650165
ffb4ffbcffb4ffac
fd9afdb2fdf2fe1a
fce9fdbafdd2fdaa
fcb9fca1fc81fc70
fcc1fcd1fce1fcd1
fce1fce1fcd1fcc1
fce9fce1fcd9fce1
fcc1fd71fd09fcc1
ff5bfe22fc78fc99
ffacff9cff94ff84
ffc4ffc4ffc4ffb4
ff84ffa4ffb4ffc4
ff63ff63ff63ff73
fd39fde2feb3ff23
fd41fd19fd21fd19
fd21fd39fd39fd41
fcb9fcb9fcd1fd01
fd31fcf9fcd9fcc9
fdbafdaafd71fd51
fd49fd9afdcafdaa
ff6bff03fe1afd71
ff9cff53ff53ff84
0044002c0014ffe4
00c500a5008d007c
00b500bd00c500bd
00d500d500c500ad
ff7bff43004c00c5
01d60165009d00e5
012d00dd00ad016d
019601b601be017d
017d017d0175017d
0014012501650175
ffbcffbcffb4ffb4
fda2fda2fde2fe12
fd11fdc2fdf2fdca
fcd9fcc9fcb9fcb9
fce1fce9fcf1fce9
fd01fcf1fce1fcd9
fd09fd01fcf1fcf9
fd11fdcafd69fcf1
ff53fdcafc40fc60
ffacff9cff8cff7b
ffccffc4ffccffc4
ff8cffacffacffb4
ff53ff73ff7bff84
fd69fd8afe3afef3
fd9afd82fd79fd61
fd71fd8afd82fd92
fd39fd49fd59fd69
fdb2fd79fd51fd49
fe12fe0afdfafdda
fe22fe0afdfafe12
ff33feabfe3afe4a
ffbcff73ff5bff6b
0054003c0024fffc
00c500a500950085
00b500b500bd00cd
00dd00dd00d500bd
ffccff94002400c5
01b6014d009500ad
013500f500f501ae
01d601de01ce0165
019e01b601b601c6
001c0125017d018e
ffc4ffbcffbcffbc
fdaafdaafdeafe1a
fd69fdd2fdf2fdd2
fce9fcd9fcd9fcf1
fce9fce1fce1fce9
fd19fd11fcf9fce9
fd09fd09fd11fd11
fcf1fdcafd21fcf1
ff33fd71fc48fc81
ffacffa4ff94ff7b
ffc4ffc4ffc4ffc4
ff8cffa4ffacffb4
ff4bff73ff7bff7b
fe83fe62fe62fee3
fdaafdb2fdd2fe2a
fd8afd9afd9afda2
fd59fd61fd61fd71
fddafda2fd79fd71
fe32fe32fe22fe02
ff6bff1bfeabfe5a
ff53ff13ff2bff73
ffdcffa4ff73ff73
005c00440034000c
00b5009d0095008d
00bd00b500bd00d5
00dd00e500dd00cd
fff4ffc4fffc00b5
019e01250014001c
013500f5013d01ce
01e601ce01c6015d
01a601ce01de01e6
004c01450175018e
ffc4ffbcffacffac
fdb2fdbafe02fe62
fd71fdcafdf2fdda
fcc9fcb9fcb9fcf1
fd09fd01fcf9fce9
fd11fd11fd09fd11
fce1fd01fd11fd11
fcd9fd61fce1fcc1
ff0bfd31fc91fcd1
ffacff9cff94ff7b
ffc4ffbcffb4ffbc
ff94ffacffacffbc
ff3bff73ff9cff94
ff13fef3fecbfef3
fe6afea3fedbff1b
fdbafdd2fdf2fe32
fd82fd71fd79fd9a
fe1afddafdaafd9a
ff33fefbfeabfe5a
fffc0004ffdcff8c
ff73ff6bffa4ffdc
000cffdcffb4ff94
006400540044002c
00b50095009d0085
00bd00bd00bd00cd
00d500dd00dd00d5
fffcffdcffec00ad
017d00d5ffbcffac
012d010d017d01c6
01c6018601a60165
01b601d601e601ee
006c01450175019e
ffbcffb4ffb4ffb4
fdcafdc2fe2aff13
fd61fdcafdf2fde2
fcf9fcf1fcc9fcd9
fd09fd19fd11fd11
fd01fd09fd09fd09
fc91fcb1fcd1fce9
fcf9fd11fca9fc89
fedbfd29fcc1fcf1
ffacffacff94ff73
ffbcffbcffbcffbc
ffbcffbcffbcffbc
ff3bff73ffacffbc
ff3bff23ff13ff23
ff63ff6bff6bff6b
fea3febbfef3ff3b
fe93fe7afe62fe83
ff13fed3fe93fe7a
000cffe4ffa4ff5b
0024001c00340024
ffb4ffc4ffec0014
001c0004ffdcffcc
007c006c005c0034
00bd00a5009d0085
00bd00b500bd00bd
00d500d500dd00d5
ffe4ffdcffe400a5
0135009d001cff53
013501250186019e
018601650175017d
01ae01c601de01be
009d014d0175018e
ffbcffbcffc4ffc4
fddafdd2febbffe4
fd31fdaafdeafdf2
fd19fd11fd09fcf1
fd19fd29fd29fd29
fcd1fcf1fd01fd09
fc70fc70fc89fca9
fd11fce9fc99fc78
fe8bfd51fcf1fce9
ffb4ffa4ff8cff5b
ffbcffb4ffb4ffac
ffdcffd4ffbcffbc
ff4bff73ffa4ffc4
ff43ff33ff3bff43
ff8cff8cff7bff6b
ff4bff63ff7bff94
ff2bff23ff23ff2b
ff9cff6bff3bff1b
00240004ffecffc4
00240014001c002c
ffd4ffe4fffc0014
002c0014ffecffe4
0085006c00640044
00b500a5009d0095
00c500b500bd00bd
00cd00d500dd00d5
ff63ffdcffe4007c
00d5008d0054ff73
01450135018e0186
018601860165017d
019601a60196015d
00fd0165016d0175
ffb4ffbcffc4ffdc
fdfafdfaff43007c
fd29fd8afddafe02
fd21fd19fd19fd09
fd09fd19fd21fd21
fc91fcb9fcd9fcf9
fc68fc70fc78fc81
fd19fcd9fc99fc70
fe22fd61fd19fd11
ffacff9cff8cff4b
ffbcffbcffb4ffb4
ffd4ffccffccffbc
ff3bff5bffa4ffc4
ff53ff43ff4bff3b
ff8cff84ff73ff63
ff7bff8cff94ff94
ff43ff53ff53ff5b
ffacff8cff5bff43
fffcffe4ffd4ffc4
000c00140014000c
ffdcffe4fffc0004
00340014ffe4ffdc
007c00740064004c
00b5009d00950085
00c500bd00b500bd
00c500d500dd00cd
ff0bffa4ffd40044
009d008d0054ffec
014d013d019e0155
017d018e016d0155
016d016d01650155
015d01b6019e017d
ffb4ffa4ffb40004
fe0afe02ff5b009d
fd49fd92fde2fe0a
fd09fd01fcf9fd01
fce1fcf1fcf1fd01
fc89fc91fc99fcc1
fc70fc68fc70fc81
fce9fcb9fc91fc78
fd9afd31fcf9fd09
ffa4ff94ff73ff0b
ffbcffbcffb4ffac
ffccffccffc4ffbc
ff4bff63ff9cffc4
ff6bff63ff53ff4b
ff7bff73ff73ff6b
ff73ff94ff9cff8c
ff63ff63ff5bff5b
ffacff84ff63ff5b
ffecffe4ffd4ffbc
001c00140004fff4
fffc000c000c000c
00340014ffe4ffdc
00740074006c004c
00ad00a500950085
00c500bd00b500b5
009d00d500dd00d5
ff33fedbffac0004
007c007c00440024
013d012d01750105
0175018e017d0155
01750186016d0165
018601d601d6018e
ffacffa4ffb4002c
fe42fe0afeeb0054
fd69fda2fdf2fe32
fce1fcd9fce1fd09
fca1fcb1fcc1fcd9
fc91fc91fc78fc89
fc81fc78fc78fc78
fcd9fcc1fca1fc89
fd41fd19fce1fcf9
ff9cff84ff63fea3
ffc4ffbcffacffac
ffb4ffbcffb4ffbc
ff73ff7bff9cffb4
ff6bff6bff5bff6b
ff84ff7bff73ff7b
ff6bff8cff94ff8c
ff3bff53ff5bff53
ffacff7bff43ff33
ffecffe4ffc4ffbc
00140014fffcfff4
0024003c00240014
003c001cfff4fffc
007c00740064004c
00b500a5008d007c
00d500c500bd00b5
004c00c500d500dd
ff4bfe1aff13ffd4
0074005c0034ffd4
014d011500f500cd
018e019601860165
0196019e017d017d
01a601d601d60196
ffa4ffa4ffb4004c
fe5afe02fe72002c
fd82fdaafdf2fe52
fcb1fcc9fd19fd79
fc89fc81fc91fca1
fc89fc99fca9fc99
fc89fc89fc91fc91
fd09fd19fcd9fc99
fd29fd11fcd9fcf1
ff94ff84ff43fe22
ffb4ffb4ffacff9c
ff9cffa4ffacffb4
ff7bff84ff84ff9c
ff6bff7bff73ff73
ff8cff73ff6bff73
ff53ff6bff84ff84
fee3fed3ff43ff43
ff9cff73fedbfeeb
ffd4ffb4ffb4ffac
001c000cffe4ffd4
005400640044002c
0044002c000c0024
006c0064005c004c
00bd00ad0095007c
00d500bd00bd00c5
ffd4009d00d500dd
fe2afdc2fe32ff7b
00ad0085ffb4fea3
015d011d00c500cd
01a6019e01860165
0196017d0186018e
01b601de01d601be
ffacffa4ffac0085
fe5afe0afe3affd4
fd9afd9afdeafe4a
fc70fca1fd79fdda
fcb1fca1fc89fc78
fc99fc91fc99fca1
fc81fc91fc99fc99
fd01fd8afd92fcc1
fd19fd09fcf1fd01
ff9cff84ff03fd8a
ffa4ffacffb4ff9c
ff84ff94ffa4ffac
ff84ff7bff84ff8c
ff6bff7bff84ff8c
ff73ff7bff73ff63
ff3bff53ff5bff5b
feabfe1aff2bff33
ff94ff84ff0bff03
ffc4ffb4ffb4ff9c
002c000cffecffcc
006c007c00740054
003c002c0024003c
0074005c004c004c
00bd00b5009d008d
00d500cd00cd00cd
ffa4006c00cd00dd
fd92fd69fdb2ff0b
014500adff63fe62
015d012500cd013d
0196019e01860165
01be017d0186018e
01be01de01d601de
ffacff9cffb400b5
fe4afe12fdfafed3
fdbafda2fdcafe3a
fc78fd01fe02fe02
fca1fcb1fcb9fc91
fc99fca1fca9fca9
fc89fc70fc91fca1
fcc9fd79fe7afd49
fd01fcf1fd01fcf9
ff8cff73fe8bfd11
ffacffbcffb4ff9c
ff8cff9cffacffac
ff84ff7bff8cff8c
ff63ff7bff8cff94
ff6bff6bff6bff63
ff4bff4bff4bff53
fedbfdd2ff23ff4b
ff8cff8cff73ff53
ffccffbcffacff9c
003c001cfffcffdc
006c00740085006c
00340024003c0054
006c005c004c0044
00b500ad00a5008d
00cd00cd00cd00c5
ffac001c00b500d5
fd31fd09fd82fec3
01be0115ff53fdf2
015d011d00cd016d
0186019e0186016d
01e601ae017d017d
01c601d601de01de
ff9cff9cffc400dd
fe2afe12fde2fe0a
fddafdb2fdbafe0a
fcf9fddafe4afe02
fca9fcb9fcc1fcc9
fc91fca9fca9fca1
fc91fc78fc78fc81
fce9fd71ff13fdba
fcd1fcd1fcf1fcf9
ff8cff53fe0afcd1
ffa4ffb4ffacff94
ff8cff9cffa4ff9c
ff84ff73ff73ff7b
ff63ff7bff8cff8c
ff7bff6bff63ff63
ff63ff6bff63ff73
ff13fdaaff03ff63
ffacff94ff84ff7b
ffccffbcffb4ffb4
004c0024000cffec
006c007c007c0064
00340034004c005c
0064005400440044
00bd00ad00a50085
00cd00cd00c500c5
ffbcffc4009500c5
fd39fd01fd79fea3
01b600edff23fde2
0165012500ed0186
0175019e01960175
01e601d601b60186
01ce01d601d601de
ff9cff94ffbc010d
fe12fe12fddafdd2
fdeafdcafdb2fdd2
fd92fe62fe52fe0a
fcb1fcb1fcc9fcf1
fc99fca1fcb1fcb9
fc78fc78fc81fc81
fcf1fd9afeebfd8a
fca9fcb9fcd1fce9
ff84ff2bfdcafcc1
ff9cffacffa4ff94
ff94ff94ff9cff9c
ff8cff7bff73ff84
ff63ff73ff84ff8c
ff84ff7bff73ff63
ff63ff94ff84ff84
ff33fdaafef3fef3
ffccffb4ff9cff9c
ffecffd4ffdcffdc
0044002c002c001c
006c0085007c004c
0044003c00540064
006c005c004c004c
00b500ad00a5008d
00cd00c500bd00b5
ffd4ff7b004c00b5
fd41fd21fd69feb3
01ce010dff4bfe12
015d012d00fd01b6
0186018e019e0175
01e601d601de01be
01ce01d601d601de
ff9cff94ffd40145
fdfafe02fdcafdca
fe02fdd2fdaafdc2
fe6aff0bfe9bfe1a
fcd1fcd1fce1fd51
fc91fcb9fcb1fcb9
fc89fc68fc78fc81
fcf9fdd2fe72fd21
fc81fca9fcc1fce1
ff7bff0bfd8afca9
ff9cff94ff94ff94
ff94ff94ff9cff9c
ff8cff84ff84ff84
ff6bff73ff7bff8c
ff84ff8cff7bff73
ff5bffacffacff94
ff3bfdfaff13feb3
ffd4ffccffbcffbc
0024fffcffecffd4
00540044004c004c
0074008d008d006c
004c0044004c005c
0074004c0044004c
00a500ad00a50095
00bd00cd00bd00a5
ffdcff5bffc400a5
fd61fd39fd61ff13
01f60165ff43fe1a
01650145011501be
01ae018601a60186
01e601e601ee01ee
01d601de01de01de
ff94ff9cfffc0175
fde2fdf2fdd2fdc2
fe02fde2fdbafdba
ff03ff73fed3fe2a
fce1fd11fd9afe32
fc78fc99fcc1fcc9
fc81fc81fc78fc81
fd21fdb2fd71fcc1
fc70fca9fcd9fcd9
ff73fefbfd59fc91
ff9cff94ff94ff94
ff94ff9cff94ff94
ff84ff7bff7bff84
ff7bff84ff7bff84
ff9cff9cff8cff84
ffacffbcffacffa4
ff8cff3bff8cff84
ffd4ffdcffdcffcc
0034001c000cffd4
006400640064004c
007400850085006c
004c004c004c005c
00740054004c004c
009d00a500950085
00c500c500ad009d
ffdcff7bff43007c
fd9afd51fe2aff9c
01ee013dff84fe0a
01650155013501ae
01f601ae019e0196
01e601e601e601f6
01d601de01e601de
ff8cff9400340196
fdc2fde2fdc2fdba
fe02fdf2fdcafdaa
ff13ff73ff0bfe42
fcf1fdeaff0bfed3
fc91fc89fcb1fcc1
fc91fca1fca1fc99
fd61fd39fd01fcc1
fc78fc99fcc9fd29
ff6bfef3fd21fc81
ff7bff7bff7bff7b
ff84ff8cff8cff84
ff84ff7bff73ff7b
ff7bff7bff73ff7b
ffb4ffa4ff9cff8c
ffbcffbcffacffa4
ffc4ffb4ffacffb4
ffe4ffe4ffd4ffcc
0034001c000cfff4
006c006c005c0044
005c007c007c0074
004400440044004c
006c0064004c004c
0095008d00850074
00bd00b500a50095
ffd4ff94ff030004
fe3afe83ff53ffcc
019600d50044fee3
016d015d01550186
020601d6019e018e
01e601e601e601e6
01de01de01de01e6
ff84ff8c007c01b6
fdbafdcafdcafdd2
fe0afdf2fdcafdba
ff23ff4bff2bfe62
fdcaff84ffc4ff33
fd01fcd9fcb9fcd9
fcc1fca9fcd1fd09
fcd1fca9fce1fcd9
fc78fc78fc78fcc1
ff6bfed3fd11fc78
ff63ff73ff7bff7b
ff7bff73ff73ff73
ff7bff7bff7bff7b
ff84ff7bff73ff6b
ffa4ff9cff94ff8c
ffb4ffb4ffa4ffa4
ffbcffa4ffa4ffb4
ffe4ffdcffccffc4
00340014fff4fff4
0064005c004c003c
0044005c00740074
0034003400340034
0064005c004c003c
0095007c007c006c
008d00b500a5009d
ffccffacff13ff23
004c006cffdcffcc
014d00ad0085005c
017d0165015d0165
01f601f601ae019e
01e601e601e601e6
01de01de01d601e6
ff73ff8c00cd01c6
fdbafdd2fdf2fe1a
fe0afde2fdbafdba
ff1bff3bff43fe93
ff9c0044fffcff5b
fe5afe3afddafe12
fd39fd59fd9afe2a
fc81fc70fcd9fcf1
fc91fc89fc60fc89
ff6bfeabfcf1fc89
ff5bff6bff84ff8c
ff84ff73ff63ff5b
ff63ff6bff73ff73
ff84ff6bff6bff63
ff94ff8cff8cff8c
ff9cff9cff94ff94
ff9cff94ff94ffa4
ffccffc4ffb4ffa4
00340014fff4ffe4
0054004c00440034
002c003c0054005c
003c0034002c0024
0054004c0044003c
007c006400640064
000400a5009d008d
ffb4ffa4ff1bfe3a
00d50064ffb4ffb4
013500cd00bd00d5
0196016d016d016d
01e601e601c601ae
01e601e601ee01ee
01e601e601de01e6
ff73ffac012d01de
fdc2fddafe1afe52
fe52fdeafdb2fdba
ff0bff53ff84fef3
001c0074002cff7b
fea3fecbfeb3ff2b
fe6afe62fe3afe52
fca9fc91fce1fd69
fc91fc99fc70fc91
ff7bfe72fcc1fc70
ff63ff84ff9cff9c
ff63ff63ff5bff53
ff5bff53ff5bff5b
ff5bff53ff53ff5b
ff84ff73ff73ff73
ff7bff7bff7bff7b
ff7bff7bff7bff7b
ffa4ff94ff8cff84
0004fff4ffd4ffb4
0044003c0034001c
001400240034003c
002c002c001c0014
003c003c003c0034
0074005c003c0044
ff33009d00a50085
ff8cff4bfeb3fdea
00ed0024ff94ff8c
014d0125012d0125
019e01860175017d
01e601e601d601ae
01e601ee01ee01ee
01e601e601de01de
ff7bfff4017d01de
fdeafdf2fe22fe7a
fe7afdfafddafde2
ff7bffbcffc4ff23
0024009d0064ffcc
febbff33ff13ff5b
feabfe9bfe5afe3a
fd51fd69fd8afe52
fcd1fd01fcd1fce9
ff7bfe32fca1fc99
ff84ffb4ffbcffac
ff4bff4bff4bff63
ff4bff4bff53ff4b
ff43ff43ff43ff53
ff63ff63ff5bff53
ff53ff53ff53ff63
ff43ff4bff4bff4b
ff73ff5bff4bff43
ffe4ffc4ff94ff84
00240024001c0004
fffc000c0014001c
001c00140004fffc
0024002400240024
007400540034002c
fe3a0044009d008d
ff8cff03fe7afdca
012500cd0024ffc4
01650145013d011d
01860186017d017d
01e601de01c6019e
01e601ee01ee01e6
01de01de01de01de
ff7b005401ae01de
fdeafde2fe32fe93
fe6afdf2fdf2fe02
ffdcffecffacff13
001c00bd0095000c
fed3ff6bff4bff6b
fe62feabfea3fe6a
fe12fe2afe62fe72
fe22fe2afdfafde2
ff8cfeabfddafe0a
ff9cffb4ffb4ffa4
ff3bff43ff5bff84
ff3bff33ff3bff3b
ff3bff3bff4bff43
ff33ff43ff43ff33
ff13ff13ff23ff33
ff2bff23ff13ff13
ff33ff23ff1bff23
ffbcff94ff63ff43
0004fffcffe4ffd4
ffe4ffecfff4fffc
000cfffcfff4ffe4
0014fffc0004000c
007c005c00340024
fd71ff73009d0095
ff7bfeebfe83fd9a
012d013d00e5000c
01960186013d0125
016d015d016d0186
01d601be01ae0196
01e601f601ee01de
01de01de01e601e6
ff8400c501ce01de
fdd2fddafe12fe6a
fe2afdeafdf2fdea
ff73ff63ff13fe93
002c00bd0074ffc4
fea3ff2bff43ff73
fe3afecbfee3fe93
fe3afe2afe22fe12
fea3fe6afe42fe42
ff8cff4bfedbfeb3
ffb4ffb4ffa4ff94
ff43ff63ff8cffa4
ff33ff2bff33ff3b
ff3bff43ff43ff3b
ff0bff23ff33ff33
feebfeebfeebff03
ff0bfef3fef3fef3
ff03ff03ff0bff0b
ff7bff63ff33ff0b
ffdcffccffbcffa4
ffccffccffd4ffdc
ffecffe4ffdcffd4
000cfff4ffe4ffe4
008d0064004c0034
fd51fe8b006c0095
ff5bfecbfe8bfdaa
0125011501050024
01c6019601450135
015501450155017d
01c601b601960175
01e601ee01e601d6
01de01d601de01e6
ffbc014d01de01e6
fdc2fdd2fe0afe5a
fe0afdf2fde2fdd2
fee3fecbfe8bfe32
00040044ffe4ff3b
fe62ff03ff73ff9c
fe32fecbfef3fe93
fe4afe32fe1afe02
fe5afe52fe62fe5a
ff8cff53fec3fe83
ffc4ffbcffa4ff94
ff73ff94ffacffbc
ff2bff2bff43ff5b
ff33ff33ff33ff33
ff03ff1bff2bff3b
fed3fed3fedbfee3
fee3fedbfedbfed3
fee3fee3fedbfedb
ff63ff3bff13fef3
ffb4ffacffa4ff94
ffbcffb4ffb4ffb4
ffd4ffd4ffd4ffc4
002c0004ffe4ffdc
0095007c005c0044
fda2fe42001c008d
ff53fee3fe93fdba
010500b500640004
01c6019e014d0135
0145012501250186
01c601ae018e0165
01e601e601de01d6
01de01d601de01ee
004401ae01e601e6
fdb2fdc2fdfafe5a
fdfafdeafddafdca
fe83fe6afe42fe12
ff2bff33fef3fea3
fe4afec3ff13ff23
fe02fe83feb3fe62
fe52fe22fe02fde2
fe02fe42fe7afe72
ff84ff23fe93fe22
ffd4ffccffb4ff94
ff9cffb4ffc4ffc4
ff2bff33ff4bff7b
ff33ff3bff33ff2b
ff13ff1bff2bff33
fed3fee3fef3ff0b
fed3feebfee3fedb
fef3feebfedbfecb
ff5bff2bff0bfefb
ff94ff8cff84ff7b
ffb4ffacffacff9c
ffd4ffc4ffbcffc4
004c00340004ffe4
0095008d006c005c
fdf2fe3affe40095
ff4bfefbfe83fde2
00d5007c0034ffdc
01d601be0175012d
013d010d011d0196
01be019e017d015d
01ee01e601d601c6
01de01de01de01ee
00f501d601ee01e6
fdb2fdcafdfafe42
fdfafdf2fdf2fdd2
fe62fe52fe32fe0a
fec3feabfeabfe7a
fe62fe8bfebbfed3
fdd2fe0afe3afe52
fe62fe1afde2fdca
fde2fe2afe83fe93
ff73fef3fe3afde2
ffccffc4ffacff8c
ffbcffccffd4ffc4
ff3bff5bff73ff94
ff33ff3bff33ff33
ff03ff0bff1bff23
feebfef3ff03ff0b
fee3fef3feebfeeb
fefbfefbfeebfee3
ff63ff33ff13ff03
ff84ff73ff73ff73
ffb4ffb4ffa4ff9c
ffe4ffccffb4ffbc
00540044001cfffc
00950095007c0064
fe32fe42ffd4008d
ff2bfef3fe7afe2a
00ad006c0054ffac
01ce01ce019e0135
0135010d01250196
01ae018e01750155
01e601de01d601c6
01e601de01de01e6
019601de01e601e6
fdc2fdd2fe0afe6a
fe02fe0afe0afde2
fe6afe4afe22fe0a
fecbfebbfedbfea3
fe5afe72feb3fedb
fdc2fddafe12fe52
fe8bfe2afdfafdd2
fe12fe5afee3feeb
ff6bfefbfe2afe02
ffc4ffbcff9cff7b
ffccffd4ffd4ffcc
ff73ff84ff9cffac
ff3bff43ff53ff63
ff03ff13ff13ff23
fedbfedbfef3ff03
feebfeebfee3fedb
ff03fef3fee3feeb
ff5bff3bff1bff03
ff94ff84ff7bff6b
ffb4ffb4ffacffac
ffe4ffd4ffc4ffbc
00540044002c000c
00950095007c0064
fe7afe8bffdc007c
ff1bff0bfea3fe6a
00d5007c007cff7b
01ce01ce01b6015d
012500fd011d019e
019e018601650145
01d601ce01ce01b6
01de01de01de01d6
01ce01de01e601e6
fdbafdd2fe32fec3
fe12fe12fe0afde2
fe5afe32fe1afe0a
fecbfed3fecbfe9b
fe42fe72fe9bfec3
fdd2fdf2fe3afe52
fea3fe3afe0afde2
fe42ff03ffbcff63
ff63fee3fe1afe02
ffb4ffa4ff8cff7b
ffccffd4ffccffbc
ff9cffa4ffb4ffbc
ff53ff63ff73ff8c
ff0bff0bff1bff3b
fee3fed3feebff03
fee3feebfeebfeeb
ff0bfefbfeebfee3
ff63ff43ff2bff13
ffacff94ff84ff73
ffbcffc4ffb4ffac
ffecffd4ffccffc4
0064005400340014
008d008d007c007c
feb3fec30004007c
ff1bff2bfeebfed3
00dd00b500b5ff94
01ce01c601b6015d
010d00e5010d0196
0196017d015d013d
01d601ce01c601b6
01de01de01d601d6
01e601de01de01de
fdbafddafe42feab
fe1afe1afe02fdca
fe42fe32fe1afe0a
feebfedbfe9bfe62
fe32fe7afec3fee3
fdeafdfafe3afe42
fecbfe42fe1afdfa
fe5aff940044ffb4
ff53fe9bfdfafdea
ff9cff8cff84ff6b
ffc4ffb4ffbcffb4
ffb4ffbcffbcffc4
ff6bff7bff8cffa4
ff2bff3bff43ff53
fef3feebfef3ff13
fef3fef3fefbfefb
ff1bff03feebfee3
ff7bff5bff33ff23
ffacffa4ffa4ff94
ffc4ffc4ffacffa4
fffcffecffccffcc
006c0054003c001c
00850085007c006c
feebff230034007c
ff2bff5bff4bff33
00fd00c500e5fff4
01be01ae019e017d
00f500c500fd0186
018e0175014d012d
01ce01ce01be01ae
01de01d601d601d6
01e601de01de01de
fdb2fddafe22fe5a
fe12fe12fdfafdc2
fe4afe42fe1afe0a
ff13fefbfe93fe5a
fe5afed3ff2bff1b
fdf2fdeafe1afe42
fecbfe4afe32fe12
fe6aff43ffccff73
ff43feabfe22fe22
ff9cff9cff8cff5b
ffb4ffb4ffacffac
ffbcffbcffb4ffbc
ff84ff94ffa4ffac
ff4bff53ff63ff73
ff13ff1bff13ff33
ff03ff0bff0bff13
ff33ff13fefbfefb
ff94ff84ff63ff43
ff9cffa4ffa4ffac
ffccffc4ffb4ffa4
00140004ffe4ffd4
00540044003c002c
007400740074006c
ff13ff5b004c0074
ff4bffacff94ff6b
012d00a500e50014
01a601a6019e01a6
00ed00b500dd015d
019e0175014d0125
01d601c601b601ae
01de01d601d601d6
01ee01ee01e601e6
fdbafde2fe22fe5a
fdf2fde2fddafdb2
fe4afe42fe12fdfa
ff03feebfe93fe52
fe8bff03ff3bff1b
fdfafdeafe12fe52
fe93fe42fe2afe2a
feb3fee3ff0bfef3
ff43fe93fe5afe8b
ff9cff9cff8cff6b
ffacffacffacffa4
ffbcffb4ffb4ffb4
ffa4ffb4ffb4ffac
ff6bff7bff8cff9c
ff3bff3bff33ff43
ff1bff2bff2bff3b
ff5bff33ff23ff1b
ff9cff9cff84ff73
ffacff94ff8cff94
ffbcffb4ffb4ffac
001c0014fff4ffcc
004c0034001c001c
00740074006c0064
ff23ffa4006c0074
ff8cffecffbcff6b
016d00b500cd0034
018e01ae01b601c6
00dd00ad00c5012d
018e01650145011d
01ce01c601b601a6
01de01de01de01de
01e601ee01ee01e6
fdbafddafe0afe42
fddafdd2fdc2fdb2
fe32fe3afe02fde2
fec3feb3fe7afe32
fe6afecbfee3fed3
fdfafdeafdfafe1a
fe83fe32fe1afe1a
fec3feb3feabfebb
ff33fe72fe83feb3
ffacffa4ff94ff5b
ffa4ff9cffacffac
ffacff9cffa4ffa4
ffb4ffbcffbcffac
ff84ff9cffa4ffac
ff63ff63ff63ff73
ff2bff3bff3bff53
ff7bff53ff33ff2b
ff73ff94ffa4ff94
ffb4ffacff94ff73
ffccffc4ffbcffb4
00140014fffcffdc
004c0034000c0004
006c0074006c005c
ff43ffdc00740074
ffe4000cffe4ff7b
01b6013500b50044
017501ae01c601b6
00d500a500dd0125
01860165013d0115
01ce01c601b601a6
01e601de01de01d6
01de01ee01ee01e6
fdb2fdd2fdfafe3a
fdd2fdd2fdc2fdb2
fe32fe22fdf2fdda
feabfe9bfe6afe42
fe62feabfeb3feb3
fdeafde2fdf2fe1a
fe83fe22fe02fdfa
feb3fe9bfe83fea3
ff33fecbfeabfeb3
ffacffa4ff84ff53
ffa4ffa4ffacffa4
ffacff9cff94ff9c
ffbcffbcffb4ffb4
ff9cffa4ffacffb4
ff73ff84ff8cff94
ff3bff43ff53ff6b
ff84ff63ff43ff3b
ff7bff63ff84ff9c
ffc4ffbcffacff9c
ffdcffd4ffccffbc
000c0004fff4ffec
004c003c002c0014
00540064006c005c
ff940014006c0064
003c002cffdcff94
018e016d00c5007c
016d01a601c6018e
00cd00cd011d013d
0186015d01350105
01c601be01ae019e
01e601de01de01ce
01de01e601e601e6
fdc2fdd2fe0afe8b
fddafdd2fdc2fdb2
fe52fe1afdf2fdea
feb3fe9bfe7afe72
feb3feb3feabfeab
fddafddafe12fe83
fe7afe1afdeafde2
febbfea3fe7afe9b
ff33ff0bfee3fecb
ffacff9cff73ff4b
ff9cffa4ffa4ffa4
ff94ff84ff8cff94
ffbcffb4ffa4ffa4
ffb4ffacffb4ffbc
ff7bff8cff94ffac
ff43ff4bff63ff73
ff73ff73ff63ff4b
ffa4ff7bff5bff63
ffbcffb4ffb4ffac
ffdcffd4ffc4ffb4
000cfffcffe4ffe4
00440034002c001c
004c004c0054004c
ffc40014006c005c
00540024ffd4ffcc
00f500dd0095007c
016d017d015d0135
00dd0115014d014d
01750155012500f5
01ce01be01ae018e
01de01de01d601ce
01d601de01de01e6
fdc2fde2fe12fe93
fddafdd2fdb2fdaa
fe8bfe52fdfafde2
fedbfeb3fe8bfe8b
ff53feebfeb3fecb
fdd2fde2fe62ff2b
fe6afe0afddafdca
febbfe93fe6afe8b
ff33ff13fee3fedb
ff9cff84ff5bff3b
ff9cff9cffa4ff9c
ff8cff7bff84ff8c
ffb4ffacffa4ff9c
ffb4ffc4ffccffc4
ff84ff94ff9cffac
ff5bff53ff63ff7b
ff4bff63ff5bff63
ffacffa4ff94ff5b
ffbcffb4ffb4ffb4
ffdcffd4ffbcffbc
0004fff4ffdcffdc
00340034002c0014
004c00440044003c
ff8cffc400740054
002c0004fff4fffc
00d500a500950085
0155018601750155
00ed013d0155013d
016d0145011d00e5
01c601b601a60196
01de01d601d601ce
01ce01d601d601de
fdc2fdeafe22fe9b
fdd2fdcafdb2fdaa
fea3fe7afe02fdd2
ff13fed3fe8bfe83
ff53ff03fecbfefb
fddafdeafe4aff13
fe5afe02fdd2fdca
feabfe93fe72fe6a
ff23fecbfe93febb
ffa4ff84ff5bff33
ffa4ff9cff9cff9c
ff84ff7bff84ff94
ffacffacff9cff94
ffb4ffbcffc4ffbc
ff7bff94ffa4ffac
ff6bff63ff63ff6b
ff6bff3bff4bff63
ffb4ffb4ffacff9c
ffb4ffa4ffacffb4
ffccffc4ffc4ffbc
000cfffcffe4ffdc
00240014001c0014
003c003c003c002c
fe52feeb00540044
003400040004ffc4
0155010500ad007c
0155019601a6016d
00f5013d014d012d
0165013d011500dd
01be01ae019e018e
01d601ce01ce01c6
01c601ce01de01de
fdc2fdeafe2afedb
fdcafdc2fdb2fdb2
fe42fe32fdeafdca
fedbfeb3fe62fe3a
febbfed3feabfec3
fdeafdf2fe02fe52
fe42fdfafdd2fdda
fe8bfe8bfe6afe5a
ff13fe2afd41fe12
ff9cff7bff4bff2b
ff94ff94ff9cffa4
ff7bff7bff7bff84
ff9cff84ff84ff7b
ffb4ffb4ffbcffb4
ff73ff84ff9cffac
ff6bff6bff63ff63
ffacff7bff43ff4b
ffacffacffb4ffb4
ff9cffa4ffa4ffac
ffd4ffc4ffacffa4
fffcfff4ffecffe4
000c0004000c0004
002c002c002c0014
fd19fe1a0014002c
00440044002cfefb
0165015501050095
016d018e019e0175
00fd013d0145014d
0165013d010d00dd
01b601ae019e018e
01ce01d601ce01be
01c601ce01ce01ce
fdcafdeafe4aff43
fdc2fdbafdb2fdb2
fdfafdfafdcafdc2
fe93fe8bfe52fe12
fe5afe9bfe83fe7a
fe02fdfafde2fdfa
fe1afdeafdcafdea
fe52fe93fe83fe4a
fefbfe6afd21fd69
ff94ff73ff4bff1b
ff94ffa4ffa4ffa4
ff73ff6bff73ff84
ff8cff7bff7bff73
ff9cff9cffa4ffa4
ff73ff7bff94ff9c
ff53ff5bff63ff73
ffb4ffa4ff8cff5b
ff8cff94ff9cffac
ff94ff94ff94ff94
ffd4ffbcffa4ffa4
ffe4ffe4ffecffec
fff4ffe4fff4ffec
ffe4000c001c000c
fcf9fdc2ffa4ffec
007400440014fe2a
014d015d014d00ed
017d018e0186016d
0115013d014d0165
015d013d00fd00e5
01ae01ae019e0186
01ce01ce01c601be
01c601ce01ce01ce
00f500f500fd0115
010d010500fd00fd
0115010d010d0105
00d500ed0105011d
00cd00cd00e500e5
00f500f500dd00cd
00cd00dd00e500f5
00cd00c500c500cd
00cd00e500e500e5
008500b500c500c5
00b500ad008d006c
00ad00a5009d00a5
008d009d009d00a5
009d00a5008d008d
0044006c0095009d
000c002c00540054
ff9cff9cffe40014
004c0034000cffc4
007c007c0064004c
0074006400540064
00950095008d0085
00850085008d008d
00b5009d00950085
00a500b500bd00bd
008d008500850095
007c00850085007c
002c0034004c006c
fde2fe3aff2bfff4
fdb2fdd2fe12fe22
fd8afcf1fd41fd9a
fe4afe22fe2afe02
ff33ff2bff03feab
00ed00f500fd010d
0105010500fd00f5
00fd00fd00f500fd
00d500ed00fd0105
00d500dd00ed00e5
00dd00e500dd00d5
00c500d500dd00dd
00cd00c500c500c5
00cd00e500e500dd
00ad00c500cd00cd
009d00a500ad00ad
00a500a5009d009d
0095009d0095009d
00a500a50095008d
fff40024007c00a5
febbfefbff43ff9c
fe83feabfe9bfe9b
ff0bfebbfeb3fe83
0014ffb4ff5bff2b
008d0074004c0044
00850074006c0074
0044005c0074007c
0074006c005c005c
006c006c006c0074
005c006400740074
00340034003c0054
fff400040014002c
fe5afecbff5bffd4
fd82fd9afdd2fdfa
fcb9fc78fcc1fd41
fdaafdaafd8afd31
fe2afe2afdfafdc2
00e500f500fd0105
010500fd00ed00e5
00f500f500f500f5
00c500d500e500f5
00dd00e500e500cd
00d500dd00d500d5
00b500b500bd00bd
00bd00b500b500bd
00c500dd00d500cd
00cd00cd00c500bd
007c009500bd00cd
009d00a5009d0085
0085008d0095009d
ffd40064009d0095
fec3fea3fecbff3b
fe42fe3afe32fe4a
fe62fe52fe62fe83
fe8bfe72fe83fe62
ff03fee3fe8bfe7a
000cff94ff6bff43
003c00340044003c
0014002c003c0034
0024001c001c001c
00240024002c002c
001c00240024002c
001c001c001c0024
ffccffd4ffec0014
fed3ff43ff94ffc4
fdb2fdb2fddafe12
fcc9fce9fd31fda2
fd8afd59fd09fcd1
fd49fd51fd59fd79
00e500fd00fd00fd
00f500f500e500e5
00d500cd00cd00dd
00bd00c500d500d5
00c500bd00c500c5
00cd00cd00bd00bd
00b500b500b500bd
00a5009d00a500ad
00a500a500a500a5
009d009d009d009d
008d0085009d00a5
0024006c009d009d
005c004c002c001c
fed3ff23fff40044
feabfea3fe93fe8b
fe9bfe62fe7afea3
fed3fec3feb3feb3
fe62fe32fe8bfeb3
fe93feb3feb3feab
fec3fe8bfe3afe5a
0004fffcffa4ff13
0024001c00140004
00240024001c0014
ffecfffc0014001c
ffecfff4ffecffec
ffb4ffb4ffbcffdc
ff63ff6bff84ffac
fec3ff03ff43ff5b
fdeafdeafe32fe62
fdfafde2fdeafe12
fd9afdb2fddafdea
fcd1fcf1fd29fd71
00dd00e500e500e5
00d500dd00dd00dd
00ad00ad00ad00bd
00ad00ad00a500a5
00ad00ad00c500bd
0095008d0095009d
00ad00ad00a500a5
007c008d009d00a5
007c007400740074
007c007c00740074
0085007400740074
ff0bffcc00640085
fefbff63ff1bfedb
fecbfeabfedbfeeb
ff13feebfefbfef3
fecbfe9bfec3fef3
feebff03fef3feeb
fe72fe52fe7afeab
fe7afeabfeebfecb
ff3bff13fe72fe72
ff53fedbfe6afe4a
0024001c0014ffe4
ffd4ffe4fff4fffc
ff8cff8cffacffcc
ff9cffbcffb4ff9c
ff3bff43ff43ff73
feebfee3fef3ff2b
fe8bfeabfed3fee3
fe3afe52fe6afe72
fe5afe3afe22fe32
fd8afdf2fe32fe4a
fcf9fcf1fcf9fd31
00e500d500cd00c5
00bd00cd00dd00dd
00a5009d009d00ad
009d0095009d00a5
009d009d00a500a5
005c0064007c0095
0085007c0074006c
0054006c007c0085
004c004c0054005c
003c0044003c003c
0014002400340034
fe62ff2bffc40004
fe22fe8bfeabfe7a
ff33fef3fec3fe6a
feebfeebfeebff0b
feb3fe9bfebbfeeb
fea3fea3fe83fea3
fedbfebbfea3feb3
fecbfeebff33fed3
ff33ff0bfee3fedb
fea3feabfed3fedb
ffdcffecffb4ff23
ff6bff7bff9cffb4
ff33ff2bff43ff5b
ff53ff5bff53ff3b
fedbfef3ff13ff3b
fe8bfe72fe72fea3
fe52fe5afe62fe7a
fe7afe52fe32fe4a
fdeafdeafe2afe62
fd82fdd2fdf2fe02
fd61fd39fd09fd19
00dd00d500bd00b5
00a500bd00cd00dd
009d009500950095
009d009d009d009d
008d008d0095009d
006c007c008d0095
0074007c0074006c
005c00640064006c
002c00340044005c
000c0014000c001c
ffb4ffdcfff4fff4
fe52ff43ff9cffa4
febbfea3febbfe8b
ff23ff2bff84ff33
febbfed3ff13ff13
fefbfeebfefbfecb
fef3ff03fee3fef3
feabfea3fec3fedb
ff13fee3fed3feab
fedbfef3feebff0b
ff13ff5bff5bff3b
ff9cffb4ff43ff0b
fef3ff0bff3bff5b
fed3fed3fedbfeeb
fed3fed3fecbfebb
fe5afe83feabfecb
fe22fe2afe22fe2a
fe1afe12fe12fe22
fe6afe22fe1afe1a
fdd2fe22fe72fe8b
fdf2fe1afe12fdea
fdb2fd92fd79fda2
00cd00d500cd00b5
008d009d00ad00bd
008500850085008d
009d00950095008d
00850085008d0095
00740085008d0085
007400740074006c
004c006400740074
001c0024002c003c
0004000c0014001c
ffe4fffc000c000c
fe6afecbff7bffd4
ff1bff1bff0bfef3
fef3fef3ff53ff0b
ffb4ff63ff0bfef3
ff4bff6bff8cffac
ff63ff5bff2bff23
ff63ff94ffbcff9c
ff2bff23ff3bff43
ff7bff1bfec3fec3
0014ffecffec0014
ff3bff1bff3bffa4
fe7afe93feabfeeb
fe5afe62fe72fe7a
fe42fe52fe52fe4a
fe22fe22fe32fe32
fe52fe4afe3afe2a
fe32fe22fe22fe3a
fe7afe7afe6afe42
fe12fe8bfea3fe83
fe0afe1afdf2fdda
fe02fdd2fdb2fdca
00bd00c500c500bd
008d00850085009d
00950095008d008d
0085008d0085008d
0095008d00850085
005c007c008d009d
0074006c005c0054
001c003c005c006c
00140014001c0014
001c001400140014
0004001c002c002c
ff13fe93feabff6b
fed3fee3fef3ff23
ff23fefbfed3fec3
ff7bfffcfffcff63
fefbff63ff73ff53
feebff03ff23fef3
ff5bff13ff43ff53
ffa4ff9cff53ff7b
ff43ff3bff4bff73
0014ffe4ffccffa4
ffb4ff9cff53fffc
fe42fe4afe93ff63
fe02fe12fe32fe42
fe22fe12fe12fe0a
fe8bfe6afe62fe42
febbfeabfeabfe93
fe93fe93fe9bfeab
fea3feb3feb3fe9b
fe52fe93fe83fe8b
fde2fe12fdeafdea
fe83fe0afdc2fdba
00ad00ad00a500ad
009500950095009d
008d0095008d008d
007c0085008d008d
00950095008d008d
0024004c00740095
0044004c00340024
0004000c001c002c
0014000c0014000c
001c0024002c002c
ff4bfff4001c002c
ff23ff5bfeebfedb
ff5bff4bfeebfedb
ff8cff63ff5bff84
ff4bff4bff84ff5b
feebff0bff2bff7b
fef3fed3fedbfedb
ff2bfecbfea3feb3
ffa4ff73ff4bff94
ffa4ffecffd4ffa4
ffecff7bff8cff7b
ff84ffa4ffec0064
fe62fe83fefbffc4
fe32fe52fe52fe52
fe7afe5afe42fe3a
fecbfecbfebbfea3
fefbfef3fee3fed3
fee3feebfef3fefb
feebfee3fedbfedb
fe5afe83fea3fed3
fddafe2afe0afe0a
fec3fe32fd82fd59
0085008d009d0095
00850095009d0095
00850085007c0074
00850085008d0085
00640085008d008d
0004001c0034004c
00240024001c000c
001c001c0024002c
002c001c000c0014
ffe40004001c002c
ff03ff7bffdcffcc
feb3ff13ff5bff0b
ff5bffc4ffd4ff3b
fee3fee3ff1bff53
ff53ff3bfeebfee3
fedbff0bff33ff53
feebfec3fec3fec3
ff23fef3fed3fee3
ff3bff1bff43ff63
0014ff6bff5bff43
001400340064001c
ffa4fff40044ffec
fee3ff53ff9cffbc
fea3feb3feabfe9b
febbfe93fe7afe7a
fedbfee3fee3feeb
ff3bff2bff13fefb
ff2bff33ff43ff43
ff3bff2bff23ff23
feabfed3fefbff33
fe42fe7afe72fe72
febbfe1afd61fdaa
00540064006c004c
006c00740074005c
008d0095009d0085
00740085008d008d
002c0044005c0064
002400240024002c
003c002c00240014
002c003c00440044
ffd4ffdcfff4001c
ff84ff8cffa4ffc4
ff4bff23ff63ff94
ff7bff03ff3bff2b
ff8cff6bff84ffdc
feebff1bff3bff53
ff0bff1bff23ff0b
fecbfebbff03ff1b
fee3fef3fec3fe93
ff33fef3febbfedb
ff3bff23ff53ff63
ff63ff3bff2bff43
006c005cffdcff84
003400340004003c
ffa4ffccffccffe4
fecbfed3fedbff33
ff13feebfec3feb3
ff23ff1bff1bff23
ff33ff33ff43ff3b
ff2bff3bff43ff33
ff23ff23ff1bff1b
fee3fef3fefbff1b
ff13ff03fedbfebb
ff9cff2bfed3ff03
0014002c00240004
0014001c001c000c
0074007c006c0034
003c005400640074
003c00340034002c
004c004c004c004c
00440044003c003c
fff4002400340044
ff1bff33ff6bffb4
ff53ff03ff03ff13
ff13ff23ff3bff73
0014ffccff6bff33
ff6bff73ff13ff3b
feebff0bfef3ff0b
ff23ff2bff53ff3b
ff23fecbfee3ff03
fef3fee3fee3ff13
fefbff2bfec3feeb
ff63ff3bff1bfefb
ffbcff8cffa4ff94
fffcfff4ffccffbc
ffdcffe4003c0064
001cfffcffec001c
ff03feebff03ffe4
ff2bff33ff1bff0b
ff03ff13ff1bff1b
feebfef3fefbff03
ff0bfefbfefbfeeb
ff3bff2bff13ff13
ffc4ff9cff73ff4b
002c0014fffcffdc
009d008d007c005c
ffccffd4ffdc000c
fffc0004ffecffd4
0064003c0004ffec
0064009500b5009d
004c0034002c0044
0044004c005c005c
ffe4000c00240034
ff3bff63ff84ffac
fe7afe6afe93fee3
ff13febbfeb3fe9b
ffa4ff53ff13ff2b
ffecffdcffe4ffb4
ff0bff53ff43ff4b
ff0bff84ff5bfee3
ff03ff0bff1bff0b
fefbfef3feebfeeb
febbfec3fed3ff03
fe9bfeabfeb3feb3
ff33ff2bff33fee3
ff84ffacff84ff33
ffb4ffa4ffbcffbc
fffc006c002c0014
00440054ffecffcc
fef3ff53ffc40034
fecbfee3feebfeeb
fec3fecbfecbfebb
ff2bff0bfee3fec3
ffccff9cff73ff53
0054003c0014fff4
00a500950074005c
00d500d500c500b5
00dd00d500d500dd
ff6bff63ff5bff8c
ffccffb4ff7bff5b
002cfffcffccffbc
00a500fd00ed007c
0034002400140034
ffa4ffd400140034
fecbff3bff73ff84
fe5afe7afe72fe83
fe02fddafdeafe22
ff4bfec3fe83fe4a
ff53ff73ffb4ff63
ff53ff3bff5bff4b
ff0bfefbff73ff73
ff4bff5bff7bffb4
ff1bff73ff53ff33
fe93feabfebbfee3
febbfe9bfe83fe83
fefbff33ff1bff03
fea3febbfeebfefb
ff94ff9cfefbfe8b
ffecffbcffecffbc
006c0024000c000c
0085006400240095
ff33ff94001c0064
fee3fec3feb3fec3
ffa4ff73ff4bff13
005c00340004ffcc
00ad00ad0095007c
00ed00e500c500ad
00cd00c500c500dd
00f500f500dd00cd
00dd00dd00f500ed
ff1bff53ff33ff03
fef3fefbfec3fec3
ffb4ff4bfeebfecb
00b5010d00a5000c
ff73ff94ffa4ffec
fe3afe6afecbff2b
fde2fe22fe42fe3a
fdfafdf2fdd2fdc2
fe1afdfafdf2fdfa
ff73ff43fecbfe5a
ff3bfefbff0bff9c
ff03ff3bff2bff2b
ff53feebfef3ff13
ff63ff13ff1bff7b
fee3ff0bff33ff84
fefbff03fee3fed3
fe7afe93fe93fed3
ff43ff0bfeb3fe83
fef3feb3fea3ff0b
ff2bff4bff4bfefb
ffdcff84002cffac
0024ffccfffc0024
008d008d006c005c
fffcfff4007c0064
0024ffecffc4ffcc
00a50095006c0044
00dd00dd00c500ad
00e500e500dd00d5
010d010500e500dd
00dd00dd00d500f5
00e500dd00dd00d5
00dd00e500e500e5
00fd015d00fd0024
ff94001c00240064
ff43fe9bfe1afe9b
006c00950014ffb4
fe2afe6afea3ff5b
fdbafdb2fdc2fdf2
fe1afe1afdfafdd2
fe4afe32fe12fe0a
fe62fe6afe52fe52
ff94ff73ff3bfe8b
fefbff1bff0bff53
fedbfeebff1bff0b
ff1bff13fedbfeeb
ff33ff03febbfedb
fecbfed3feabfef3
fef3fedbfeb3feab
fe93fed3febbfeeb
ff3bff13fec3febb
fe72fe6afeabff43
fefbff03feebfe9b
000c001cffd4ff2b
000c00040034001c
00d500540014ffec
0014005c00a500e5
00a5008d005c0054
00cd00c500a50095
00fd00fd00dd00cd
00ed00e500e500e5
00f500f500f500ed
00ed00e500e500ed
00ed00ed00e500dd
00dd00e500ed00f5
022e02c702e7028f
01e601d6019e01a6
006c005c0085015d
feebff13ff43fff4
fe32fe32fe3afe7a
fe3afe32fe22fe2a
fe83fe83fe6afe4a
fe72fe7afe83fe83
fed3feabfe83fe6a
ff84ff53ff33ff4b
fee3ff0bff3bff3b
ff33fefbff33ff23
ff73ff73ff63ff7b
ff1bff53ff4bff53
fe93fe9bfeabfef3
fedbfef3feebfebb
fecbfeebfecbfedb
ff03fef3fedbfec3
fecbfedbfeebfefb
fefbfeebfee3fec3
ffbcff5bff33ff2b
000cffacff8cff94
00a5009d005c0044
002c007c00a500dd
00c50064ffdcffec
00fd00fd00d500b5
010d00fd00e500dd
00f500ed00f500f5
00dd00ed00f500fd
00ed00ed00e500dd
00f500fd00f500e5
00dd00ed00ed00ed
004c0165026e02b7
020e0216015d002c
000c00b5013501be
fe52fe62fe93ff3b
fe93fe83fe6afe5a
fe93fe9bfea3fea3
fe93fe9bfe9bfe9b
fe7afe9bfeb3fea3
ff63fef3fe9bfe7a
ff13ff4bff43ff73
ff4bff33ff2bff13
ffbcffa4ff5bff43
ff43ff6bff94ff7b
ff13ff3bff43ff63
fed3fef3fef3fef3
ff6bff8cff63ff33
fef3ff13ff53ff53
ff33ff53ff33feeb
ff13ff3bff3bff2b
ff73ff3bff33ff1b
ff73ff23ff7bff9c
fff4ffd4ffe4ffdc
005c0074005c0014
00b500cd0074002c
00950024004c0095
00fd010d00ed00c5
0115010d00f500ed
00ed00f500ed0105
00e500dd00e500ed
00f500ed00e500dd
00fd010500fd00f5
00dd00e500ed00ed
fe93ff8c012d021e
005c009d002cfefb
fecbff33ff9cfffc
fe83fe7afe72fe83
feabfe9bfe8bfe83
fec3fecbfecbfebb
feb3feabfec3fec3
fedbfee3feebfedb
ffacff8cfeebfee3
fef3ff03ff23ff63
ff6bff7bff0bfef3
ff13ff94ffdcff73
ff4bff4bff33ff33
ff33ff13feebff23
ff43ff8cfed3fecb
feebfedbfed3ff13
ff33ff3bff23fee3
ff84ff13ff5bff6b
ff43ff33ff0bff94
ff3bff730014ffbc
ff1bff23ff73ff73
fffcffd4ffacff5b
002c00bd007c0034
00b5007c006c0064
003c00240044006c
00f5010500e500b5
0115010d010500fd
00e500ed00f5010d
00dd00d500e500ed
00f500ed00dd00e5
00fd0105010500fd
00e500e500ed00f5
fde2fe22ff33001c
fecbfed3fe93fe22
fe9bfe9bfe9bfeb3
fed3febbfeabfea3
fee3fedbfedbfedb
fef3ff0bff0bfefb
feebfeebfef3fef3
ff43ff3bff23ff03
ff1bff94ff63ff03
ff03ff2bff1bfeeb
ff3bff33ff73ff03
ff03fedbfeebff7b
ff73ff53ff13fee3
ff73ff8cff7bff6b
ff43ff13ff13ff2b
fe62fe62feabfef3
ff03ff53ff33fed3
fec3febbff4bff43
ff84ff6bff0bfef3
ffa4ffdc0004ffb4
ffacff9cff5bff5b
001cffacff5bff33
003c006400850085
0074007400140034
00340004008500ad
0115010500d5006c
0115010d01050105
00e500e500f50105
00ed00e500e500ed
00fd00f500e500e5
00fd00fd01050105
00ed00ed00ed00f5
fe0afe22fe9bff23
fe7afe5afe3afe1a
ff03fed3fea3fe8b
ff2bff1bff13ff13
ff03ff13ff2bff2b
ff13ff03fef3fefb
ff23ff2bff33ff2b
ff43ff5bff33ff1b
fecbff0bffa4ff23
fecbfecbfecbfeab
ff33fef3ff63ff63
fec3febbfed3ff23
ff2bff53ff43fef3
ff43feebff3bff73
fe9bfec3ff1bff5b
feb3fecbfee3fef3
fe62fe8bfeebfefb
fea3fef3ff0bfe62
ff33ff13fefbfea3
ffa4ff43ff6bff5b
ff9cff7bffd4000c
ff84ff43ff5bffa4
ffec0034002cffd4
0034002c007c0054
003400ed013500c5
011d00f500ad007c
010500fd01050115
00ed00f500ed00fd
00e500ed00e500f5
00fd00fd00f500ed
00fd00f500fd0105
00ed00ed00ed00fd
fe8bfec3ffb40014
fefbfedbfec3fe9b
ff43ff13fef3fef3
ff6bff63ff63ff5b
ff43ff5bff6bff73
ff13ff0bff13ff2b
ff03ff23ff33ff23
fef3ff1bfeebfee3
fea3fed3ff23ff5b
ff6bff03fed3febb
ff3bff13ff03ff6b
fefbfe7afe9bff03
ff0bff2bff43ff43
ff2bfefbfeebfef3
ff23ff23fefbff13
ff03ff23fedbfeeb
feb3feb3fe9bfedb
ff0bff03feabfebb
fedbfeabfe9bfed3
ff73ff5bffbcff33
ff63ffec005c0004
ff8cff94ff5bff0b
001c001cffe4ff7b
0054008d002cffe4
00f5017d00d50034
00f5008d005c0074
00fd00f500ed00fd
00f500fd00f500fd
00ed00ed00ed00f5
00fd00fd00fd00f5
00fd00f500fd00fd
00e500e500ed0105
feb3ffb400b50095
ff43ff2bfee3fe93
ff6bff53ff4bff4b
ff73ff7bff73ff6b
ff1bff33ff4bff5b
fecbfec3fed3fefb
fef3ff03fef3fed3
fed3fed3fec3fecb
fec3fedbfed3fef3
ff43ff6bff13febb
fed3fed3fec3fee3
ff5bff3bfeebfed3
ff23ff23ff13ff23
ff53ff53ff3bff1b
ff5bff63ff6bff8c
ff1bff13ff4bff63
ff2bff4bff13fee3
ff1bfeb3fecbfeeb
ff3bff03fefbff3b
ffacff73ff73ff53
ffbcffecffd4ffa4
ffdcfff4ffc4ffa4
0095004c0004fffc
009500e500ad008d
01150105007c0044
00b5002c0044008d
00fd00ed00e500ed
00fd00fd00fd0105
00f500ed00ed00f5
0105010500fd00fd
00fd00f500f500fd
00e500ed00f50105
fe5aff3bffb4ff6b
ff3bff1bfe8bfe0a
ff1bff23ff33ff33
ff0bff2bff2bff23
ff5bff3bff23ff0b
ffc4ffacff94ff73
ff5bff94ffacffbc
fecbff03ff0bff2b
fee3fed3fea3fea3
fe8bff3bff9cfef3
fef3febbfe9bfe6a
fedbff2bff33ff13
ff03ff1bfeebfeeb
ff33ff0bfefbfeeb
ff0bff03ff23ff63
ff5bff63ff2bff0b
ff33ff23ff63ff6b
ff23ff8cff5bff73
ff2bff63ff6bff03
ff7bff1bff2bff2b
001cffc4ffb4ffac
ffc40054ffec0024
004c0054fff4ff73
009d00c5002c0064
00c500740054009d
009d006c007c00fd
010500ed00ed00f5
010d010501050115
00fd00fd00fd010d
00fd010500fd00fd
00f500fd00fd00fd
00ed00ed00ed00ed
fe8bfedbfef3fee3
fe8bfe62fe1afe2a
fea3fe93fea3fe8b
ffbcfff4000cff6b
fff4ffecffe4ffcc
ff3bff94ffccffdc
fe2afe52fe7afecb
fea3fedbfec3fe22
fefbfedbfe83fe8b
fe42fea3ff2bff5b
fee3febbfe83fe3a
ff3bff03fed3fed3
ff23ffbcffc4ff73
ff3bff4bff33ff2b
ffacff8cffccff94
ff2bff23ff1bff53
ff6bff33ff4bff5b
ffecffdcffcc0024
ff7bff6bff9cff7b
ff1bff6bff9cff9c
ffc4ff73ff8cff3b
ffdcffc4ff6bffac
002cfff4ff8cffc4
003c001cfff40044
008d009500c5006c
009d005400b500dd
011500fd00f500f5
00fd00f50105011d
00fd00fd01050105
0115010500fd00fd
00ed00f500fd0105
00ed00ed00ed00ed
fec3ff03ff0bfee3
fe12fe1afe3afe7a
feebfe93fe72fe2a
ff0bff63ffecffd4
fe9bfecbff03ff0b
fdeafe2afe5afe72
fd92fd82fd8afdaa
fe9bfea3fec3fe02
fef3ff03fedbfe83
fe3afe1afec3fefb
feebfecbfea3fe7a
ff84ff9cff6bff13
ffbcffccffbcff6b
ff84ff6bff33ff7b
ff23ff1bff63ff63
ff23ff3bff7bff7b
ff6bff84ff0bfef3
ffa4ff33ff13ff7b
ff73ffbcffd4ffec
0004ffd4ffd4ff94
ffacffc4ffa4ff53
0014004cffc4ffbc
ffe4ffc4000c0024
ffe4ffcc000c002c
001c008d00b50064
0074007c0064004c
011d0105010500dd
00f500ed0105011d
00fd00fd00fd00fd
0115010d00fd00fd
00f500f50105010d
00f500f500f500f5
fe62febbff03ff23
fde2fdeafe12fe22
fecbfe2afdeafdfa
fe12fdfafea3ff2b
fe3afe52fe62fe4a
fdbafde2fe0afe22
fdb2fd82fd8afda2
feb3fe93fe6afe6a
fecbfee3ff03fea3
fe9bfe4afe3afebb
fef3ff53ff3bfed3
fedbff6bff84ff0b
ff23ff23ff2bfee3
fefbff03ff13ff3b
ff0bfef3fec3fecb
ff33ff1bff33ff2b
fef3ff0bff03ff1b
fed3fe93feb3fed3
ff9cffecff9cff33
007400540064fffc
ffd4ffe40024002c
ffb4ffbcffc4ffc4
ffec00340004000c
00440014fffcfff4
00a5009d008d0054
0054004cfffc005c
011d0105010d009d
01050105010d011d
00fd00fd010500fd
010d0115010500fd
00ed00f500f500fd
00f500fd00f500ed
fde2fdd2fdd2fdfa
fdd2fdc2fde2fdf2
feb3fdfafddafdf2
fe0afdcafe72ff03
fe12fe32fe52fe4a
fda2fdbafdd2fdfa
fe2afd9afd82fd8a
febbfe8bfe6afe6a
feabfea3fed3febb
ff0bff0bfe72fe42
feebfef3fee3fef3
fe9bfebbfecbfed3
ff53ff53ff23febb
ff0bfef3fedbff13
fecbfed3fedbfef3
fee3feebff03fee3
fedbfeebfee3fefb
fec3feabfe9bfebb
ff73ff1bff03fedb
ffd400240054001c
0044006cfffcffbc
ff7bff4bff63ff94
ffec000cfffcffe4
0054000cffb4ff9c
00b5012d013500ed
0095003c007c008d
011d01150115008d
0115011501150125
00fd00fd00fd0105
01150115010500fd
00ed00ed00f50105
00fd010500fd00ed
fdfafdcafd92fd79
fddafdd2fdeafe0a
fe8bfdf2fddafdfa
fe22fdfafe42feab
fdeafe02fe3afe42
fd92fd9afd9afdca
fe72fdeafd71fd69
fe93fe8bfe9bfe62
fe5afee3fecbfea3
fe7afeebfeebfe5a
fec3fedbfe93fe6a
feebfeebfef3fedb
fecbfeebfedbfedb
ff03ff23fefbfee3
fed3ff13ff0bff03
fef3feebfed3feb3
ff13fefbfeebfeeb
ff03ff23ff1bff13
ff23fef3ff4bff3b
ff7bff73ff6bff53
008d000cff9cff94
ffccffcc001400cd
ff6bffecffd4ffa4
0014ffbcff73ff8c
01050125006c000c
0024004c009500d5
011d0125011d007c
01250125011d0125
0105010500fd010d
011d011d010500fd
00ed00f500fd010d
00fd0105010500fd
fdf2fddafdbafdaa
fdbafdb2fddafdfa
fe0afdc2fdbafdca
fe3afe3afe32fe22
fdd2fdcafdfafe22
fd82fd79fd82fdc2
fe22fe72fdd2fd71
fedbfe52fe83fe62
fe62fe93fecbfee3
fe62fe7afe6afe52
feb3feabfe9bfe62
ff1bfeebff03fefb
ff23fefbfeebff2b
fee3ff53ff84ff8c
fea3febbfedbfef3
ff1bfedbfedbfeb3
fecbfec3ff1bff63
ff43ff5bff23feeb
ff1bff03ff6bff43
feebfeebfeebff13
0034ffdcff9cff23
007400d500b5008d
ff9cfffcffd4000c
ff7bff9cffd4ffa4
00bdfffcff9c0034
0014007400140074
011d013d00cd0024
012d012501250125
0115011d0115011d
011d010d0115010d
00fd00fd0105010d
00f500fd01050105
fdd2fdd2fdd2fdd2
fda2fda2fdcafdd2
fdcafdcafdcafdb2
fe2afe5afe5afe12
fd92fd9afdc2fdf2
fd79fd69fd8afdaa
fe0afeb3fe4afd82
fed3fedbfe62fe6a
fe8bfea3fe8bfec3
febbfe9bfe6afe7a
fe93fe6afe72fe93
fefbfe93feabfecb
ff0bff5bff3bfef3
fed3fee3ff1bff2b
fd9afdd2fe42fedb
fe32fdeafdc2fda2
fed3feebfeb3fe9b
ff43ff23fefbfeab
ff8cff73ff73ff3b
ff5bffb4ff9cff7b
ff84ff53ff9cff73
00e500b5006cffc4
ffdcffb4005400c5
ff3bffb4ffd4fff4
001cffd40004ff9c
0024fff4ff9c004c
012d0135005c002c
012d0125011d0125
011d011d011d0125
011d011d011d011d
01050105010d0115
00ed00f500fd0105
fddafddafdc2fdc2
fd9afdaafddafde2
fddafddafdd2fdb2
fe12fe3afe4afe1a
fd92fdaafdbafde2
fd79fd69fd82fd9a
fe62fe6afe7afdb2
fe7afedbfed3fe52
fe72fe72fe3afe52
fec3fe83fe52fe62
fedbfecbfe9bfeb3
fe62fe62fea3fed3
feb3fefbff43fe9b
ff1bff1bfeebfe93
fdfafe02fe3afecb
fe42fe32fe1afdfa
fe93fe93fe72fe52
ff23fed3fe9bfe7a
fffcffbcff6bff3b
ffbc0004ffd4ffac
ff73ffa4ffcc0004
005cffe4ff9cff33
0014ffd400140044
ff84ff43ff9c0034
fffcffdcff7bff53
0064000c00950014
014d012500340024
012d011d0125013d
011d011d01250125
011d011d01250125
00fd010d0115011d
00f500ed00e500f5
fdeafdeafdeafde2
fdaafdc2fde2fdea
fdf2fde2fdd2fdaa
fdf2fe12fe22fe22
fd8afda2fdc2fdda
fd79fd61fd69fd79
fe72fe42fe52fdca
fe4afea3ff33fe83
fe4afe52fe3afe1a
fe83fe32fe2afe3a
fe6afe72febbfe83
fdc2fe22fe62fe83
fed3ff0bff0bfdf2
fedbfedbfec3febb
fe8bfe83fe8bfeb3
fe2afe02fe3afe7a
fe93fea3feabfe7a
fec3feb3feabfe93
fec3fe1afe6afec3
ffb4ffccffbcff5b
0014fffc001c0014
ff94ff8cff9cff9c
002c0014fff4ffc4
ff63ffac002c0034
fff4ff53ff13ff6b
0054003c00b50004
014d009dffd40024
013d01250125012d
012d012d01350135
01250125012d012d
010d0125011d0125
00fd00ed00e500f5
fe02fe02fe0afe02
fda2fddafdeafdea
fe0afddafdc2fd9a
fddafde2fe02fe2a
fd82fd92fdbafdd2
fd71fd69fd71fd79
fe7afe5afe3afdd2
fe2afe72feabfeb3
fe52fe42fe52fe12
fe02fe02fe1afe32
fdb2fd79fdcafdf2
fddafde2fe0afe52
fecbfeebfe9bfe12
fecbfed3fee3fed3
fe32fe9bfe93feb3
febbfe02fe02fe12
feb3fec3fed3fecb
feb3fecbfedbfec3
fd31fd19fe1afeab
ff73ff84ff4bfe7a
0004ffc4ffd4ffbc
ffd4000cffecffc4
003cfff4ffacffa4
000400ad0074003c
ffacfebbffb4ff94
fffc00dd006cfffc
0125002400540044
0155012501250125
016d0165014d014d
012d0135015d0165
011d01350135012d
010500f500ed00fd
fdfafe02fe0afe0a
fda2fde2fdeafdea
fe02fddafdaafd8a
fdc2fdcafde2fe12
fd82fd8afdaafdba
fd9afd69fd69fd79
fee3fe62fe5afe12
fddafe4afe6afea3
fe6afe3afdf2fdfa
fe12fe02fe2afe4a
fd39fd39fd59fdd2
fe83fe62fe42fdfa
feebfefbfeebfeb3
fed3feebfefbfef3
fde2fe2afe7afec3
fe9bfdc2fdeafe3a
feb3fea3fe8bfe83
febbfec3fecbfecb
fd49fd8afe42feb3
fefbff13ff13fea3
008d0024ff84ff0b
004c001c00040054
0024ffacffa4fff4
001c0074002c000c
febbfeb3ff8cffc4
ffb4000cffecfffc
00fd000400640004
014d012d011d011d
01a6019e01860165
01550175018e019e
011d01350135013d
00e5010d0105010d
fe1afe12fe1afe1a
fdc2fdf2fe02fe12
fe02fdd2fd9afd92
fdb2fdbafdcafdfa
fd82fd8afda2fda2
fdc2fd82fd71fd79
fec3fe62fe32fe52
fdb2fdf2fe3afe6a
fe0afe02fdc2fdda
fe7afe62fe6afe1a
fde2fd82fdb2fe3a
feabfea3fe8bfe52
feebfefbfeebfec3
fed3feebfefbfeeb
fea3fe52fde2fe62
fe5afe02fe52fe9b
fea3fe52fe22fe72
fec3feabfea3feb3
fdd2fe8bfed3fed3
ff53ff53ff43fe72
ffb4ff1bfed3ff1b
005c001cfffcffec
ff94ffcc0054004c
000c0054ffe4ffdc
fe6aff9cffbcffcc
ffa4ff94ffccff7b
007cffdc003cffa4
0175014d01250135
0196019e01ae019e
018e019e01960196
0115012501350165
00cd010d0125011d
fe3afe3afe2afe32
fe02fe3afe3afe42
fdeafdcafd9afdb2
fda2fdaafdb2fdd2
fd79fd82fda2fdaa
fdf2fd9afd82fd79
fe8bfe9bfe2afea3
fdb2fd8afdd2fe22
fe5afe22fdaafdaa
fdbafe4afeb3fe93
fe62fe42fe02fd9a
feb3febbfe9bfe7a
fee3fef3fedbfebb
fec3feebff03fee3
fecbfed3feabfea3
fe93fe93fea3fea3
fe42fde2fe9bfed3
fee3fecbfecbfed3
fe9bfee3fedbfedb
ff9cff73ff33fea3
feb3feebff5bff94
ffdcff73feabfe83
ffe4004400640004
003c0024ffecffc4
ff13ffd4ffcc000c
ff84ff8cff84fed3
0034002cffe4ff84
019e018601450135
019e01a601ae01ae
019e019e01960196
0115011d01450186
00b500fd01350125
fe3afe3afe2afe3a
fe42fe5afe4afe42
fddafdd2fdc2fde2
fda2fda2fdaafdc2
fd71fd82fd9afda2
fe22fda2fd82fd71
fe62febbfe22fe42
fd61fd19fd79fe02
fe5afeabfe02fd71
fdd2fdd2fe02fe3a
fe7afe7afe5afde2
febbfec3feabfe8b
feebfefbfedbfeb3
fecbfeebfefbfeeb
fed3fed3feabfebb
fe52fe83feabfeab
fe3afe93fecbfecb
fedbfee3feebfecb
fed3fef3fee3fedb
ff7bff53ff23fedb
ff33ff84ff84ff94
fef3fdf2fdc2fe8b
002c0044ffd4ff73
0014fff4ffe4ffcc
ffac0024000c0004
ff7bff84ff53ff33
ffccffe4ffc4ffcc
01b601b60175011d
01ae01ae01ae01b6
019e019e019e01a6
012d013d01750196
00a500dd012d013d
fe42fe32fe32fe3a
fe5afe5afe4afe42
fdc2fdd2fdf2fe1a
fd92fd92fda2fdaa
fd79fd82fda2fd9a
fe02fdaafd82fd82
fe3afe8bfe3afe0a
fd49fd01fd31fdb2
fdeafe52fe52fd8a
fe0afe0afe32fe12
fe8bfe7afe6afe32
feabfeb3feabfea3
fef3fefbfeebfec3
fed3fef3fef3fef3
fedbfedbfeb3feb3
feebfedbfeabfeb3
fecbfebbfeb3febb
fedbfed3fedbfedb
feebff03fef3fee3
ff5bff43ff2bfefb
ff7bff8cff7bff73
fde2fdfafec3ff4b
00cd0064ffe4fed3
ffecffcc002c0095
ffe4ffd4ffe4ffd4
ff43ff43ff13ff84
0014ffccfff4ff7b
01ce01d601a600fd
01b601b601be01b6
019e01a601a601b6
016d01750186018e
008500dd014d016d
fe52fe4afe52fe5a
fe6afe6afe62fe5a
fdb2fdcafe02fe42
fd79fd82fd8afda2
fd92fd8afd92fd82
fdfafdaafd8afd9a
fe22fe62fe22fe1a
fdb2fd21fd09fd82
fe83fe8bfea3fdc2
fe5afe5afebbfebb
fe8bfe83fe6afe5a
fea3fea3fe9bfe93
fedbfed3fedbfec3
fecbfedbfedbfedb
fecbfec3fec3fec3
ff2bff3bfebbfebb
febbfea3fe8bfee3
fef3fed3fecbfed3
feebfeebfee3feeb
ff4bff33ff1bfefb
ff63ff6bff6bff53
fea3ff03ff43ff5b
00a500850024ff13
001c0024006c0074
ffbcff8cffbcffac
ff33feebff23ff84
ffdcfff40014ff23
01c601de01c600ad
01ae01b601ae01ae
019e019e019e01ae
01960196018e018e
00a50105015d0196
fe6afe62fe62fe62
fe52fe62fe62fe5a
fdaafdb2fdd2fe1a
fd8afd8afd82fda2
fdaafd9afda2fd8a
fe02fdbafda2fdba
fde2fe12fe1afe22
fdd2fd31fcf9fd21
ff23fefbfea3fe3a
fe6afe83feb3fecb
fe93fe8bfe72fe6a
fea3fea3fea3fe93
fed3fecbfec3febb
fed3fedbfedbfedb
febbfeb3fec3fecb
fe8bfec3fe93feab
febbfeabfea3feab
fed3fec3fec3fec3
fedbfecbfec3fec3
ff2bff13ff03feeb
ff5bff53ff5bff53
ff43ff53ff53ff63
0085002cff73ff3b
00240064005c006c
ffcc000cffacffa4
ff0bfebbff6bffb4
001c0054ffbcff2b
01b601c601be00e5
01a601ae01ae01ae
019e019e01960196
01a601ae019e0196
00bd00e501250175
fe5afe5afe6afe83
fe4afe42fe3afe4a
fdaafd9afdb2fe0a
fd92fd8afd8afda2
fd8afd79fd8afd92
fe0afdbafd92fd92
fd69fdbafe32fe2a
fde2fd71fd09fce9
fe62fe52fe5afebb
fe62fe72fe7afe62
fe8bfe7afe7afe72
fea3fe93fe9bfe93
fed3fecbfebbfebb
fecbfedbfee3fedb
feb3feb3feb3febb
feb3fe9bfe7afe9b
febbfeb3febbfec3
feabfea3fea3feb3
fecbfebbfea3fea3
ff1bff03ff03fee3
ff53ff53ff53ff3b
ff53ff5bff5bff5b
ffa4ff6bff63ff63
005c0004005c003c
ffe4ff8cff43ffa4
fe93fedbff4bffcc
0024002cff94ff3b
01ae01ae01b600d5
019601a601a601ae
019e019e018e018e
0135018e01ae019e
002c0044009500ed
fe52fe4afe5afe72
fe3afe4afe42fe4a
fdb2fda2fdaafdea
fd9afd9afd9afdaa
fd82fd71fd79fd92
fde2fdcafd8afd82
fd39fd82fe1afe12
fdfafdbafd29fcf1
fdc2fdfafe7afe7a
fe62fe62fe6afe2a
fe93fe8bfe7afe72
fea3fe9bfeabfe9b
fed3fecbfec3fec3
febbfecbfed3fed3
feb3feabfea3feb3
fe7afeabfe93feab
fea3fe93fea3feb3
feabfea3fe9bfeab
fed3fec3feb3feab
ff23ff03fefbfee3
ff53ff43ff3bff33
ff63ff5bff4bff4b
ff6bff84ff7bff6b
ffdcfff4003cff9c
ff63ff3bff73ffdc
fdeafe6aff1bff7b
ffacff73ff9cfeeb
01be01be019e005c
0196019e01a601be
01a601a6019e019e
009d00f5017501ae
00240044009500a5
fe72fe62fe62fe6a
fe0afe32fe42fe5a
fdb2fd9afda2fdc2
fd9afd9afd9afdaa
fd92fd8afd8afd9a
fdeafde2fdaafd92
fcf1fd31fdd2fe2a
fe12fe02fd79fd01
fe02fdd2fea3fe32
fe7afe62fe5afe4a
fea3fe9bfe83fe7a
febbfeb3feb3feab
fec3febbfec3fec3
fec3fec3fecbfecb
fec3febbfeabfeb3
feb3febbfeb3febb
fea3fe8bfea3feb3
fea3fe9bfea3feb3
fef3fecbfebbfeab
ff33ff23ff0bfefb
ff3bff33ff33ff2b
ff5bff5bff4bff3b
ffb4ffbcff94ff5b
fff4002cff8cff7b
ff03ff23ffc40004
fe62fefbff0bff03
ff73ff13ff1bfe72
01c601ce01a60064
01a601a601ae01c6
018e019e01ae01ae
00b5006c00d50165
0064009d00fd0115
fe6afe7afe83fe83
fdf2fe02fe1afe4a
fdb2fd9afd9afdba
fd92fd92fd9afda2
fd8afd92fd82fd8a
fdfafddafdb2fd82
fd01fd21fdb2fe52
fe0afe32fdcafd21
fe32fe12fe42fdda
fe83fe7afe62fe52
fea3fe93fe83fe7a
fed3fec3fec3febb
fecbfecbfecbfed3
fec3fec3fed3fed3
fecbfebbfeb3fec3
ff8cff03febbfecb
fecbfecbfedbff94
febbfeb3feb3fec3
ff13fefbfee3fecb
ff4bff43ff23ff1b
ff3bff43ff43ff3b
ff4bff4bff3bff33
ffccffbcff84ff43
006cff9cff94ffbc
fefbffbcffcc004c
ff33ffb4ffb4fecb
ff9cfefbfee3fe52
01be01be016d002c
01ae01a601b601c6
012d017501a601b6
013500bd006c00ad
00bd00f50135015d
fe32fe52fe5afe6a
fddafdeafdfafe12
fdaafda2fda2fdb2
fd82fd8afd92fda2
fd71fd9afd82fd71
fe0afde2fda2fd61
fd01fd09fd79fe32
fdfafe2afdfafd49
fe42fe3afdb2fd92
fe83fe8bfe8bfe62
feabfe9bfe8bfe7a
fedbfecbfecbfec3
feebfee3fee3fee3
fedbfee3fef3fefb
feb3fec3febbfecb
ff7bff1bfe9bfeb3
fedbfedbfee3ffac
fed3fec3febbfecb
ff23ff0bfefbfeeb
ff5bff53ff33ff23
ff53ff5bff53ff53
ff4bff4bff4bff4b
ffb4ff94ff6bff4b
ffa4ff8cffd4ffcc
ffbcffccff730014
ff5bff7bff2bfee3
ff1bfecbfeabfe5a
01b601b600fd001c
01a6019e01a601b6
00a5013d019601b6
016d013500b5004c
00a50115014d016d
fe0afe12fe1afe22
fddafdeafdf2fe02
fda2fda2fd92fdaa
fd79fd82fd92fd9a
fd8afdb2fd9afd71
fe12fde2fdb2fd79
fcf9fd11fd61fdea
fdcafe12fe1afd8a
fe5afe62fe02fd82
fe83fe9bfeabfe83
feb3fe83fe83fe8b
fecbfec3fe83febb
fee3fefbfee3fe83
fefbff03ff0bff03
febbfecbfed3feeb
feebfeabfe83feab
fedbfec3fec3fed3
fedbfecbfebbfed3
ff1bff13fefbfec3
ff43ff3bfe9bfeab
ff63ff0bff03ff43
ff5bff13fedbff63
ff9cff7bff73ff73
fefbff94ffccffb4
ff9cfebbfe52feab
ff63ff3bff13ff43
ff03febbfe62fe8b
01c601be00f50004
019e0196019e01b6
005400cd016501a6
015d014d010d0095
004c00ed014d0165
fe02fe02fdfafdf2
fdf2fe02fe0afe0a
fd92fd9afd92fdba
fd79fd82fd92fd92
fd92fdb2fdaafd79
fdbafdb2fdcafda2
fd19fd09fd41fd8a
fd79fdd2fe5afe2a
fe52fe5afe4afdaa
fe72fe9bfeabfe83
fecbfe4afe72fe83
febbfecbfe62fec3
feb3ff0bff0bfe83
fe8bfebbff13ff03
fedbfefbfefbfef3
fe83fe83fea3febb
fed3fed3febbfecb
fed3fedbfed3fee3
ff23ff2bfed3fe12
ff3bff3bfec3fee3
ff53ff03ff03ff33
ff43fee3febbff5b
ff9cff84ff73fefb
ff33ffa4ffc4ffbc
ff43fe6afd79fe12
ff53fed3ff23ff2b
ff0bfebbfe3aff0b
01c601be00bdff8c
0196019e01ae01ae
0064004400f5017d
0145012501350105
ffdc008d011d014d
fe12fe0afdfafdea
fdf2fe02fdfafe02
fd9afd92fdaafdba
fd71fd71fd8afd92
fd71fda2fdbafd8a
fda2fdaafdcafd9a
fd61fd31fd29fd79
fd9afdfafe52fe52
fe6afe62fe6afdf2
fe32fe93fe93fe8b
feb3fe9bfe9bfe7a
fee3fedbfec3febb
fef3fefbff03fef3
fe62fe5afef3fef3
fec3fe9bfeebfefb
fe7afeb3fed3febb
fe3afed3fecbfedb
fedbfee3feebfe6a
fef3fefbfec3feab
ff0bff0bff13ff03
ff13fefbfef3fef3
ff53ff33ff1bff13
ffa4ff8cff63ff03
ff63ffacffccffbc
ff03fe72fdaafe9b
ff33ff63ff2bff13
feabfe62fe22ff1b
01ce01c6001cff23
018e0196019e01b6
00cd0024006c0135
010500fd013d015d
ffe4001400a500fd
fe0afdfafdf2fdea
fddafdeafdf2fe0a
fda2fda2fdaafdba
fd69fd79fd8afd9a
fd71fd92fda2fd82
fda2fdc2fddafd9a
fdaafd41fd39fd51
fdcafdaafda2fe5a
fe8bfe83fe7afe3a
fe72fe6afe3afe72
fdeafe0afe52fe8b
fe72fe5afe22fdfa
fec3feb3fe93fe83
fecbfecbfecbfecb
feabfe1afebbfeeb
ff8cff5bff0bfedb
fe6afed3fefbff2b
fea3febbfedbfe72
fe5afe6afe62fe8b
fe22fe4afe5afe5a
fe22fe02fe12fe0a
ff13fea3fe5afe3a
ff9cffa4ff94ff63
ff8cffbcffb4ff3b
fe5afe4afe8bff3b
ff7b0024ff9cfeeb
fe8bfe32fe72fec3
01c601c6000cff0b
0175019e01a601b6
0135006cfffc00b5
00ad00dd013d0175
0095003400340085
fdfafdf2fdeafde2
fdc2fdeafdf2fdf2
fd9afdaafdb2fdb2
fd71fd82fd8afd92
fd8afd8afd82fd69
fdb2fdd2fddafdb2
fddafd59fd51fd21
fdfafd59fd8afe6a
feabfeb3fe93fe72
fe32fe72fe72fe93
fd61fd79fd92fdda
fd59fd49fd41fd51
fe0afdc2fd82fd61
fed3feabfe72fe42
fee3ff03ff03fee3
016500d5ff6bfefb
fe9bfec3ff0bffe4
fe5afe7afea3fea3
fd79fdb2fde2fe1a
fd11fd29fd39fd51
fd31fd11fd11fd11
fe12fdaafd79fd51
ffb4ffa4ff4bfeab
ffa4ffbcffb4ff84
fd69fe1aff03ff63
ffc4ff3bfec3fe32
fe5afe72feb3ff03
01a601aeffdcfedb
011d019e01ae01a6
015d00d5fff4001c
00b500fd0135015d
012d00dd008d0085
fdeafdf2fdf2fdda
fdcafdd2fddafde2
fd92fdaafdc2fdc2
fd79fd82fd8afd8a
fd8afd82fd71fd69
fddafdc2fdc2fdb2
fe0afda2fd71fd51
fe4afd82fdbafe32
feb3febbfeabfe93
fd61fddafe5afea3
fcf1fd19fd31fd39
fcf1fce1fcd9fce1
fd39fd09fd11fd01
fe8bfe2afdcafd82
fee3ff03fedbfe9b
004c0004ff03fef3
fe6afe83fed3ff1b
fe0afe22fe12fe3a
fd31fd61fd9afde2
fd11fd01fcf9fd11
fd19fd09fd09fd09
fd59fd39fd29fd21
ff5bfebbfe2afdaa
ffb4ff53ff9cffc4
fd41fe83ff53ff8c
ff43fddafdd2fd8a
fe7afee3fed3ff94
01960196ffbcfebb
00a5018601b6019e
01650135004cffbc
011d0145014d0145
014d013d012d010d
fde2fdeafdeafdd2
fdc2fdc2fdcafdda
fd9afda2fdb2fdba
fd82fd8afd8afd8a
fd79fd79fd82fd8a
fdb2fdbafdaafd92
fe12fdb2fd61fd8a
fe72fda2fd31fdaa
fe7afea3fea3fe8b
fd49fd49fd8afe32
fda2fd79fd41fd39
fd01fd19fd41fd79
fd19fd29fd21fd09
fdd2fd71fd51fd39
febbfec3fe83fe1a
fe72fe6afea3fec3
fe3afe52fe93fe8b
fdcafddafdb2fe12
fd69fd82fd9afde2
fda2fd82fd61fd59
fe12fdfafde2fdba
fe1afe22fe1afe22
fe7afe22fe2afe0a
ffb4ff94ffa4ff23
fde2ff03ff84ffa4
fe72fd41fce9fcf1
fea3fec3ff03ffa4
01ae019effe4fe83
001c0135019e0196
015d015d00bdffc4
01550165015d014d
012d014d015d014d
fdeafdeafddafdc2
fdbafdc2fdcafde2
fd8afd9afda2fda2
fd8afd92fd92fd8a
fd79fd79fd8afd92
fdaafdbafd92fd8a
fe02fdf2fdb2fd92
fe83fdeafd09fd8a
fe12fe93fea3fe83
fda2fd51fd31fd71
fe7afe32fdf2fdca
fdfafe2afe5afe83
fd69fd79fd92fdc2
fd82fd51fd59fd69
fe83fe6afe1afdba
fea3feabfec3fe9b
fe42fe52fe7afe93
fdeafdd2fddafe1a
fdf2fde2fde2fdf2
fe52fe32fe0afdfa
feb3fe93fe7afe6a
ff0bff0bfef3fed3
fe83febbfee3fefb
ffb4ffa4ff33fe9b
fe9bff3bff9cffbc
fd69fca1fc58fd29
fea3ff13ffe4ff13
01be0196ffa4fe3a
ffb400c50186019e
014d016d011dfffc
0145013d013d014d
0125014d0165015d
fde2fdeafdd2fdba
fdcafdd2fdc2fdd2
fd8afd92fd9afdaa
fd92fd8afd8afd82
fd92fd8afd82fd8a
fd61fda2fd82fd8a
fdeafe7afe4afd51
fe9bfe32fd31fd41
fdf2fe62feabfea3
fe2afde2fdcafdc2
feabfe9bfe8bfe62
fe52fe72fe93feab
fe1afe32fe3afe4a
fdd2fdbafdcafdfa
fe72fe52fe22fdf2
febbfea3fea3fe93
fe5afe83fe9bfec3
fe2afe1afe1afe3a
fe4afe3afe3afe2a
fe2afe0afe0afe32
fec3fe93fe6afe4a
ff73ff4bff2bfefb
ff2bff53ff6bff73
ffbcff8cff1bfef3
ff13ff53ff94ffac
fd79fcc1fcb1fdfa
febbff8cff3bfde2
01b60175ff33fe3a
ff94005c01550196
0125015d0145005c
00f500a500b500f5
010d013d015d014d
fdcafddafdcafdba
fdc2fdc2fdb2fdba
fd82fd8afd9afdaa
fd9afd92fd82fd79
fd9afd9afd8afd82
fd82fd92fd59fd71
fd92fe6afe72fdaa
fe9bfe6afd51fcf9
fe12fe5afeabfeab
fe6afe4afe3afe1a
feb3fec3febbfe9b
fe72fe83fe8bfea3
fe62fe62fe5afe5a
fdfafe0afe22fe4a
fe72fe52fe22fdf2
fecbfeb3fea3fe93
fe93feb3febbfecb
fe5afe62fe7afe7a
fe02fe32fe3afe3a
fdeafdd2fdcafde2
fe6afe32fe02fde2
ff63ff13fee3feab
ffa4ff9cff94ff84
ffb4ffb4ff94ff8c
ff5bff94ffacff9c
fdfafd82fd71febb
ff13fee3fdeafd8a
019e015dff63fe6a
ffacfffc0125017d
00e5014d015d00c5
00540034007c008d
007c0125014d010d
fdb2fdc2fdc2fdba
fdaafda2fda2fdaa
fd79fd82fd8afd92
fd92fd82fd82fd82
fd9afdaafd92fd82
fdf2fda2fd61fd69
fd8afe0afeabfe32
feabfe9bfd8afce9
fe7afea3fec3feb3
fe8bfe83fe7afe6a
fe6afe7afe9bfe93
fdcafdfafe1afe42
fe3afe12fdf2fdca
fe12fe32fe4afe52
fe8bfe62fe22fdfa
fedbfec3feabfea3
fed3feebfef3fef3
fe2afe72feb3fecb
fdaafddafdf2fe02
fd41fd31fd49fd79
fdb2fd82fd49fd31
fee3fe8bfe32fdea
ffa4ff84ff5bff2b
ffc4ffc4ffbcffb4
ff7bffacffbcffb4
fdc2fd71fdf2ff23
ff43fe52fddafd51
011d0064ff1bfed3
ffccff9c00e50165
00c50125015d0105
0024008500fd00cd
000c00d5013d00e5
fdbafdc2fdcafdca
fd8afd8afd92fd9a
fd92fd8afd8afd8a
fd82fd69fd69fd8a
fd82fd9afd8afd82
fe12fdaafd61fd61
fce9fd69fecbfe42
febbfeb3fddafcf1
fe93feabfebbfebb
fe6afe83fe93fe8b
fd82fdcafe22fe52
fcd9fcf1fd19fd41
fd39fd09fce9fce1
fe1afe02fddafd82
fe93fe5afe12fe02
fed3feb3fea3fea3
ff0bff1bff0bfef3
fddafe22fe83fedb
fd31fd69fd92fdaa
fcb9fcb9fcf9fd19
fd29fd01fce9fcd1
fe02fdb2fd82fd69
ff73ff63ff23fe9b
ffdcffc4ffa4ff8c
ff94ffb4ffd4ffd4
fd21fce1fe4aff53
ff1bfdfafe1afd51
0145007cff43fee3
0034ffe401050196
00ed00fd01350125
004400dd014d012d
ffc40054010d00cd
fdb2fdc2fdcafdba
fd69fd71fd82fd9a
fdbafda2fd8afd79
fd82fd69fd51fd8a
fd69fd82fd92fd9a
fdeafda2fd61fd51
fcb9fd8afe8bfe3a
feabfebbfe02fce9
fe7afea3fec3fec3
fe1afe62fe83fe7a
fcc9fd09fd41fdba
fcd9fcc1fca9fcb9
fcb9fcb1fcc1fca9
fda2fd49fd01fce1
fe93fe4afe0afdda
fec3feb3feabfea3
ff1bff33ff23fef3
fda2fdeafe3afea3
fcf9fce9fd09fd51
fcd9fcf9fcd1fce1
fd31fd31fd11fcb9
fda2fd11fcc9fd21
ff2bff23fe93fdba
ffc4ff8cff63ff43
ffa4ffbcffd4ffd4
fcc9fd19feb3ff84
fe83fe2afe6afdba
01ae00d5ff0bfed3
00b500c5017501c6
012500fd010d0125
003c00ed01650155
ffdcffdc00bd00b5
fdbafdd2fdcafdc2
fd61fd61fd82fda2
fd92fd8afd79fd71
fd92fd69fd51fd71
fd51fd79fd92fda2
fdfafdb2fd59fd39
fce1fd9afe0afe62
feb3fec3fe2afcf1
fe62fe93feb3febb
fd92fe12fe32fe42
fd21fcb1fcc9fd01
fd61fd69fd8afde2
fd09fd01fcf9fcc9
fd31fd09fd01fd09
fe83fe2afdcafd79
fecbfeabfea3fea3
ff13ff3bff2bfefb
fd71fdaafe02fe93
fd01fd01fd01fd29
fd59fd69fd71fd79
fe62fdb2fd59fcd1
fd51fcd9fdd2feeb
fef3fecbfe1afd9a
ff9cff53ff0bfeeb
ffacffacffb4ffb4
fca1fd8aff03ffa4
fe5afdf2fe22fda2
01c600e5fec3fe8b
00ad010d019601a6
013d0135011d00f5
002c00bd0145014d
0034ffa40064009d
fdc2fdcafdcafdca
fd51fd61fd79fda2
fd79fd71fd69fd61
fd9afd82fd69fd71
fd49fd61fd79fd8a
fe3afdcafd69fd41
fcb1fd21fdc2fe72
feb3fec3fe52fd09
fe5afe7afe83fe9b
fd49fdcafe12fe3a
fe12fd01fc99fcd9
fd79fd8afe4afecb
fd92fd21fd71fd79
fd31fd01fd19fd92
fe6afdeafd9afd69
fed3feb3fe9bfe93
ff13ff4bff3bfefb
fd82fdaafdf2fe93
fd9afd49fd41fd61
fdaafd71fe22fe4a
fefbfdbafd92fdaa
fd61fd41fe5aff5b
feb3febbfe72fdfa
ff73ff23fecbfe9b
ffacffa4ffa4ff8c
fcd1fe0aff2bffa4
fe3afd29fd21fca9
019e00e5febbfe4a
00d5013d01960186
013d011500bd00bd
002c008501250145
0095ffbc001c0095
fdbafdbafdbafdba
fd51fd59fd71fd9a
fd69fd59fd51fd51
fd82fd82fd79fd79
fd59fd61fd61fd71
fe7afe12fd9afd61
fcd9fcf9fd8afe7a
feb3fec3fe72fd31
fe62fe6afe7afe93
fd92fde2fe22fe52
fd51fcf9fd11fd59
fd31fd8afe42fdea
fd71fd21fd39fd51
fd11fcc9fcf9fd39
fe32fde2fd9afd82
fedbfea3fe83fe62
ff03ff3bff43ff13
fd9afdaafe02fea3
fd69fd11fcd9fd41
fd59fd79fe02fdba
fe12fd9afd61fd82
fe93fd92fd59fdaa
fe52fe9bfeabfeab
ff53ff03fea3fe5a
ffacff9cff94ff73
fd41fe42ff33ff94
fdaafca1fc70fc70
015500fdfecbfe32
01150135014d0145
00bd007c006c00d5
005c006400e500fd
00edfff4ffdc0095
fdb2fdc2fdb2fdaa
fd51fd59fd61fd8a
fd51fd41fd51fd51
fd8afd79fd71fd61
fd71fd59fd59fd79
fea3fe83fe32fdaa
fce9fcd9fd49fe83
feb3fec3fe8bfd69
fe7afe7afe7afe83
fddafdfafe3afe62
fd31fdbafdeafdda
fd51fd59fd21fcf9
fcf9fcf1fd11fd31
fd61fd31fd11fcf1
fe2afde2fda2fd9a
fed3fe9bfe72fe52
ff13ff43ff53ff13
fdb2fdd2fe32febb
fd39fd41fd69fda2
fd31fd21fd41fd41
fd41fd29fd29fd49
ff1bfecbfe3afd71
fe42fea3fed3fef3
ff2bfef3feb3fe5a
ffacffa4ff8cff63
fda2fe62ff3bff8c
fcf9fc60fc68fcd1
011d00adfed3fdea
011d015d016d0155
007c004c006400e5
00ad005c007c008d
00fd0014ffbc008d
fdb2fdc2fdb2fdb2
fd59fd51fd61fd8a
fd39fd39fd51fd59
fe72fdb2fd59fd49
fef3febbfeabfed3
ff8cff94ff73ff43
fcf9fcb9fd09fe93
fea3fec3feabfdaa
fe7afe83fe7afe83
fe32fe3afe52fe62
fe0afe62fe52fe3a
fd59fd79fd92fdca
fd79fd82fd59fd41
fdbafdaafd9afd82
fe32fdf2fdbafdb2
feb3fe93fe6afe52
ff23ff43ff3bfefb
fddafe1afe83fee3
fdcafdd2fde2fde2
fdbafdd2fde2fdda
fe52fdfafd9afdc2
fef3feebfebbfe6a
fe72feb3fedbfeeb
ff13feebfecbfe83
ffa4ff9cff8cff63
fde2fe9bff5bff94
fcc9fc68fcc9fd39
019e00f5ff03fdd2
017d01d6020601de
007c0044005c00dd
010500a500740085
00bdffecff8c008d
fd92fdaafda2fda2
fd51fd59fd69fd71
fd51fd41fd41fd49
ffccfec3fd71fd61
0034000c00040004
ff94001c0014002c
fd09fcb9fd09fe83
fea3feb3feabfdd2
fe72fe7afe7afe93
fe4afe42fe4afe5a
fe42fe62fe52fe4a
fe3afe42fe3afe3a
fdd2fddafe02fe1a
fde2fddafddafdd2
fe32fe12fdeafdd2
fe9bfe72fe4afe3a
ff23ff3bff1bfef3
fe2afe7afecbff03
fe22fe12fdfafe0a
fe72fe5afe4afe3a
febbfeb3fe83fe8b
fedbfec3feb3feab
fe9bfec3fee3fee3
ff0bfee3fedbfebb
ff9cff9cff84ff5b
fe12fec3ff6bff9c
fcd9fce1fd51fd82
01de011dff63fdba
0196020e02260206
0085004c005400ad
010500c500a500a5
005cffacffa400a5
fd79fd9afd92fd82
fd49fd51fd61fd61
fd61fd49fd31fd31
ffb4feabfd82fd69
001c0014fffcffec
ff13000cfffc0004
fd01fcc9fcd1fd8a
fea3fea3feabfdda
fe42fe62fe83fe93
fe5afe52fe4afe4a
fe4afe62fe5afe52
fe5afe52fe3afe3a
fe12fe1afe3afe5a
fe02fdfafdfafe0a
fe32fe2afe1afdfa
fea3fe5afe4afe3a
ff43ff4bff3bff0b
fe93fecbfefbff1b
fe42fe32fe3afe62
fe8bfe7afe7afe62
fecbfecbfeb3fea3
fedbfec3febbfec3
fed3fed3fee3feeb
ff1bfef3fee3fed3
ffa4ffacff94ff73
fe2afedbff63ff9c
fcc9fd39fd51fda2
01ae00e5ff73fd59
013501f602160206
00bd007400640085
00f500cd00cd00e5
0074000c004400e5
fd69fd8afd82fd79
fd49fd49fd51fd59
fd59fd51fd41fd39
fe32fd8afd69fd69
00040004ffbcff13
fea3ffacffbcffdc
fd09fcc1fcd9fd41
feabfeabfeabfdda
fe2afe5afe8bfeb3
fe72fe62fe52fe32
fe72fe7afe72fe72
fe62fe62fe62fe6a
fe22fe2afe42fe52
fe22fe1afe12fe1a
fe32fe32fe32fe22
feabfe7afe6afe4a
ff63ff6bff4bff13
fec3fef3ff1bff3b
fe52fe52fe83fea3
fe72fe62fe62fe62
fe9bfe8bfe7afe72
fee3fedbfec3feb3
ff0bff03fee3fee3
ff43ff13ff0bff0b
ffacffa4ff9cff7b
fe42feebff6bff9c
fcd1fd31fd19fdca
015500adfedbfcd9
00cd01ae020601d6
010500c5009d00a5
011500f500fd010d
010500e500f5012d
fd61fd79fd79fd69
fd49fd49fd49fd51
fd69fd71fd71fd51
fdb2fda2fd8afd79
ffccffccff03fdfa
fe4aff53ff7bff9c
fd01fca9fd29fd39
feabfea3fea3fdd2
fe3afe5afe83fea3
fe7afe7afe6afe42
fe62fe5afe62fe72
fe2afe3afe52fe62
fe32fe22fe12fe12
fe42fe42fe42fe42
fe3afe32fe3afe3a
fec3fe9bfe93fe6a
ff7bff73ff4bff13
fef3ff13ff43ff5b
fe52fe7afe9bfec3
fe5afe52fe52fe5a
fe93fe72fe5afe4a
ff1bfef3fecbfeb3
ff3bff3bff33ff2b
ff6bff4bff4bff4b
ffacffbcffb4ff94
fe52feebff73ff9c
fcf1fcf1fd39fdd2
00ed001cfe2afcf1
010d018e01e601b6
014d012d010d011d
013d011d012d0145
0145013d01450155
fd61fd69fd71fd71
fd79fd61fd59fd59
fdaafd92fd9afd8a
fefbfeb3fe7afdf2
ffacffacff73ff2b
fe72ff3bff84ff9c
fd01fca9fda2fde2
fe9bfe9bfea3fdc2
fe6afe72fe62fe8b
fe8bfe8bfe83fe72
fe4afe32fe3afe6a
fe1afe32fe42fe4a
fe42fe42fe32fe22
fe5afe52fe52fe5a
fe42fe32fe4afe5a
fec3fe93fe7afe62
ff8cff73ff4bff03
ff0bff23ff63ff84
fe6afe8bfea3fed3
fe6afe6afe6afe6a
fecbfea3fe83fe6a
ff5bff33fefbfee3
ff84ff8cff84ff7b
ff8cff6bff73ff7b
ffbcffc4ffbcffa4
fe42fefbff7bffa4
fd21fd21fd69fdba
00a5fff4fe12fd61
01ae01be01ce018e
01750165015d0186
014d013d014d0165
0135013d0145015d
fd61fd61fd71fd79
fd8afd8afd82fd71
fe9bfddafd79fd82
ff2bfeebff1bfefb
ffbcffb4ff8cff4b
fe0aff03ffa4ffbc
fd01fcb9fde2fe3a
fe8bfe9bfe93fdc2
fe9bfe9bfe83fe83
fe9bfe9bfeabfea3
fe7afe62fe5afe83
fe5afe7afe83fe83
fe6afe6afe6afe6a
fe62fe5afe62fe62
fe3afe3afe5afe6a
feb3fe83fe52fe3a
ff94ff6bff33fee3
ff1bff43ff6bff8c
fe83fe93febbfee3
fe93fe93fe83fe83
fefbfed3feb3fe93
ff73ff53ff23ff0b
ffb4ffbcffbcffac
ff9cff94ffa4ffa4
ffd4ffccffc4ffac
fe32ff03ff84ffb4
fdeafd8afd41fd8a
011d000cfe72fdea
01f601550165015d
015d017d019601ce
01550145013d0145
013d013d013d0155
fd79fd82fd82fd71
fd79fd9afda2fd8a
fddafd8afd59fd59
ff63feebfe9bfe1a
ff94ff8cff94ff84
fdcafe8bff6bffa4
fd09fd19fe12fe4a
fe8bfe8bfe8bfdc2
feabfe9bfe9bfe8b
feb3feb3fec3feb3
feb3feabfeabfeb3
fe72fea3feb3feb3
fe7afe6afe72fe62
fe6afe83fe83fe7a
fe3afe3afe3afe4a
feabfe7afe3afe32
ff63ff43fefbfecb
ff13ff23ff2bff5b
fe9bfe93febbfee3
fea3fe93fe93fe93
ff03feebfed3feb3
ff7bff5bff2bff0b
ffb4ffc4ffbcff9c
ffb4ffbcffb4ffa4
ffccffc4ffbcffac
fe3afefbff7bffb4
fe12fd79fd29fd79
00ed000cff03fe6a
018600e501150105
013d017d01b601f6
0145011d00fd0105
01550155014d0155
fd92fdb2fdb2fd82
fd79fd79fd79fd79
fe2afd69fd51fd59
ffe4ffacff6bff0b
ffc4fff4001c001c
fdeafe1afefbff84
fcf1fd41fdfafe52
fe93fe83fe72fd9a
fec3feabfeb3feab
feb3fec3fed3fed3
fec3fec3febbfeb3
fe72fe93feabfebb
fe7afe72fe72fe72
fe2afe52fe72fe83
fe4afe4afe22fe0a
fea3fe72fe4afe3a
fefbff03feebfed3
febbfeb3febbfee3
fe8bfe8bfe8bfea3
fe9bfe8bfe93fe93
ff03fee3fecbfeb3
ff73ff5bff2bff13
ff9cff9cff9cff8c
ffccffccffb4ff9c
ffbcffbcffbcffc4
fe52ff03ff84ffb4
fddafd39fd19fd71
ffb4ff6bfedbfe32
013d0115016500cd
013d017d01be01ee
012d00f501050115
0165015d0155014d
fd59fdb2fdc2fda2
fd51fd41fd19fd11
fd9afd59fd11fd29
ff1bfeebfe52fdda
ff23ff43ff4bff3b
fdfafe0afe9bfefb
fce9fd49fdb2fe22
fe8bfe72fe5afd69
fec3feb3feabfe9b
feabfebbfec3fecb
febbfec3fec3febb
fe83fe9bfeb3febb
fe5afe5afe6afe72
fdfafdfafe32fe52
fe6afe6afe52fe22
feb3fe83fe72fe62
feebff1bff2bfefb
fe7afea3febbfecb
fe6afe5afe4afe4a
fe9bfe93fe93fe83
ff0bfeebfec3febb
ff84ff63ff43ff23
ff9cff9cffa4ffa4
ffccffb4ffa4ffa4
ffbcffbcffc4ffcc
fe83ff1bff8cffb4
fd79fce9fcf1fda2
ff4bff1bfe7afdca
015d01ae01e600d5
013501a601f601d6
012500f500f500f5
015d0145013d0145
fd11fd82fdbafdb2
fcd1fcc9fca1fcb1
fc68fc78fc99fca1
fd31fce1fcb1fc89
fedbfe8bfe1afda2
fdf2fe02fe93fee3
fd01fd49fd69fdea
fe7afe62fe4afd49
febbfea3fe9bfe8b
febbfebbfecbfecb
fed3fec3febbfebb
fe93feabfec3fed3
fe42fe5afe6afe7a
fe4afe02fdf2fe1a
feabfea3fe8bfe6a
fecbfea3fea3feab
ff5bff94ff8cff13
fe6aff03ff2bff43
fe3afe2afe0afe0a
fea3fe93fe83fe62
ff13fef3fec3feb3
ff9cff73ff5bff2b
ffacffacffb4ffac
ffccffb4ffa4ffa4
ffc4ffccffccffcc
feb3ff33ff8cffac
fd29fcf1fd21fe0a
ff0bfef3fe7afd8a
018e01d6019e0044
015d01ae016d0175
012500f500fd010d
013d013501350145
fcf9fd71fdb2fdc2
fc50fc68fc78fc99
fc40fc58fc60fc40
fc58fc60fc48fc38
fe02fd71fce1fc81
fddafde2fe4afe52
fd21fd29fd39fdd2
fe72fe5afe2afd41
febbfe9bfe9bfe8b
febbfec3fecbfecb
fed3febbfeabfeab
fe72fe93feb3fecb
fe1afe3afe4afe5a
fe6afe32fdd2fdf2
feb3fe93fe6afe5a
fedbfea3fe93fea3
ff63ff63ff63ff13
fedbff4bff4bff5b
fe02fddafdd2fdfa
fea3fe93fe72fe3a
ff0bfef3fedbfebb
ffa4ff7bff4bff23
ffc4ffc4ffc4ffc4
ffc4ffb4ffacffb4
ffbcffccffd4ffcc
fef3ff3bff8cffa4
fd09fd01fd59fe72
feabfecbfecbfdaa
011d01550115ff7b
013d0125011d014d
012d00fd01250145
00cd012d014d0155
fd01fd8afdc2fdca
fc58fc58fc60fc91
fc40fc50fc48fc40
fc50fc48fc28fc28
fcb1fc78fc58fc48
fdbafdb2fd92fd09
fd19fd11fd49fdf2
fe72fe52fe22fd49
febbfea3fe8bfe7a
fec3fecbfed3fecb
feb3fea3feabfeb3
fe6afe8bfea3febb
fdeafe12fe32fe52
fe32fe12fdd2fdda
fe5afd8afd51fdba
fedbfe83fe5afe72
fdcafe72ff03feeb
fee3fee3fe6afdd2
fdd2fdbafdc2fe02
fea3fe8bfe52fe0a
fefbfef3fee3fecb
ff94ff6bff33ff13
ffccffd4ffccffbc
ffbcffb4ffacffbc
ffbcffccffccffc4
ff1bff53ff9cffb4
fd11fcf9fd59fe62
fe93fe6aff03fdea
008d00c500a5ffa4
012d0145015500fd
011500fd013d0145
ffdc00ed015d0155
fd49fdc2fddafdb2
fc58fc60fc60fcb9
fc40fc38fc40fc48
fc30fc38fc48fc50
fc30fc28fc28fc30
fd9afda2fcf1fc50
fd01fd21fdaafe2a
fe72fe62fe1afd31
fec3feabfe93fe8b
fec3fecbfed3fed3
fe9bfea3feb3feb3
fe5afe7afe8bfe9b
fddafde2fe0afe3a
fe02fddafdd2fdd2
fd82fc99fd19fdba
fe8bfe42fe32fe52
fc89fcd9fe1afeb3
fe83fe7afdfafd19
fdc2fdcafddafdf2
fe9bfe6afe32fdea
fefbfef3fee3fecb
ff8cff53ff2bff13
ffd4ffd4ffc4ffac
ffacffacffbcffcc
ffbcffccffc4ffbc
ff33ff73ffa4ffb4
fd31fce1fd39fe22
fea3fdf2fecbfe32
003c0064005cffcc
018e0186016500dd
00b500d501250165
ff230044013d0115
fd8afdd2fdcafd9a
fc58fc70fc78fcd1
fc38fc50fc60fc68
fc48fc40fc38fc38
fc28fc18fc28fc48
fd8afda2fcc9fc38
fd11fd61fdfafe12
fe72fe52fe1afd39
fedbfebbfea3fe93
fecbfed3fedbfee3
fe9bfeb3fec3fec3
fe4afe72fe8bfe93
fdcafdcafdf2fe1a
fde2fdd2fdf2fdf2
fd92fdb2fe1afe22
fe5afe12fe2afe0a
fe1afe22fe5afe93
fe4afe6afe5afe42
fdd2fdfafe12fe1a
fe7afe42fe1afdea
feebfedbfedbfebb
ff8cff63ff2bfefb
ffd4ffccffbcffa4
ffa4ffb4ffc4ffd4
ffb4ffb4ffb4ffac
ff2bff8cffacffac
fdeafd8afd8afdda
fedbfda2fe3afe93
005cffecfff4ffc4
01a6018e016d010d
008500dd012d018e
feebff7b009d008d
fd79fdbafdcafdc2
fc48fc68fc91fd01
fc48fc60fc60fc58
fc20fc20fc28fc30
fc28fc30fc40fc38
fd92fd9afc91fc30
fd8afde2fe12fdba
fe7afe5afe1afd82
fee3fecbfeb3fe9b
fecbfed3fedbfeeb
feabfec3fed3fed3
fe42fe5afe72fe93
fde2fdbafde2fe12
fde2fdfafe0afe12
fe1afe1afe1afe02
fe62fe02fe1afe22
fed3fed3feb3fe9b
fe7afe72fe7afeab
fdeafe2afe62fe7a
fe52fe22fdfafdd2
fed3feb3feb3fe8b
ff8cff63ff23fef3
ffd4ffccffbcffa4
ffa4ffacffb4ffcc
ffbcffb4ffbcffac
ff43ff9cffb4ffbc
feabfefbfe72fe42
ff13fdd2fd92fe42
00b5000cff8cff8c
01a6018e0186014d
009d00ed012d019e
fefbff13ffac005c
fd92fdbafddafde2
fc58fc78fcd9fd51
fc50fc58fc58fc50
fc30fc38fc38fc40
fc28fc20fc20fc20
fda2fd51fc48fc28
fe12fe32fdd2fd41
fe7afe52fe1afdfa
fedbfed3febbfe9b
fec3febbfebbfecb
feb3fec3fecbfecb
fe3afe5afe62fe8b
fe02fdcafddafe12
fe02fdfafe02fe0a
fe32fe22fe0afe0a
fe3afe0afe0afe22
fec3feb3fe8bfe5a
fea3fe9bfeabfebb
fe22fe7afeabfeb3
fe52fe12fdcafdca
fecbfeb3fea3fe7a
ff7bff53ff1bfeeb
ffdcffdcffbcff9c
ffacffa4ffacffcc
ffbcffb4ffbcffbc
ff5bff94ffa4ffb4
feebff63ff13fef3
ff4bfe52fd8afdda
010d0095ffd4ff84
018e018601750165
006c00f501050175
feebfedbff1b0014
fd92fdbafddafdda
fc60fc89fd01fd59
fc70fc68fc68fc68
fc38fc48fc58fc68
fc28fc28fc30fc30
fde2fcf1fc28fc20
fe0afde2fd59fd69
fe6afe3afe02fdfa
fed3fedbfec3fe9b
fecbfebbfebbfec3
fea3febbfebbfecb
fe32fe52fe62fe8b
fe12fdeafdd2fdfa
fe1afe1afe1afe12
fe1afe0afe12fe12
fdfafdeafdfafe1a
fea3fe83fe5afe2a
feb3feb3feb3feab
fe5afea3febbfebb
fe42fdfafdcafe0a
fec3fea3fe83fe62
ff6bff3bff1bfee3
ffd4ffccffacff8c
ffbcffacffb4ffc4
ffbcffb4ffbcffc4
ff5bffa4ffacffac
ff1bff4bff13ff0b
ffd4fef3fe2afe32
013500f5005c001c
014d0165015d0145
003c006400ad0125
fec3febbfeebffdc
fd92fdbafddafdea
fc38fc68fd09fd61
fc70fc68fc60fc48
fc38fc48fc58fc68
fc38fc38fc30fc38
fdd2fc81fc18fc28
fde2fd92fd61fdc2
fe72fe32fdf2fde2
fecbfecbfebbfe9b
febbfeb3febbfebb
fea3feb3feabfeab
fe2afe52fe62fe8b
fe2afe02fde2fdea
fe2afe32fe2afe2a
fe12fe0afe0afe12
fe12fe0afe12fe22
fe72fe6afe52fe2a
fec3feb3fe8bfe83
fea3fecbfec3feb3
fe2afe02fdfafe42
feb3fe83fe5afe42
ff4bff2bff03fed3
ffc4ffbcff9cff6b
ffbcffacff9cffb4
ffc4ffbcffb4ffb4
ff7bffbcffbcffc4
ff1bff33fefbff0b
007cff94fedbfea3
00ed0125010500cd
0125013d013d0105
00b500cd00dd010d
febbfecbfed3ff7b
fd92fdd2fdfafe12
fc28fc70fd31fd79
fc38fc38fc40fc38
fc50fc50fc50fc48
fc40fc40fc40fc40
fd21fc60fc18fc30
fe02fdd2fdb2fd8a
fe7afe4afe0afdfa
fecbfecbfebbfe93
feb3fea3fea3feb3
fe8bfe93fe9bfea3
fe22fe42fe52fe72
fe32fe22fdfafdfa
fe22fe2afe2afe32
fe22fe22fe1afe1a
fe2afe2afe32fe2a
fe6afe62fe4afe32
fec3feb3fe93fe72
fed3fef3fedbfec3
fe22fe12fe32fe8b
fe93fe6afe52fe32
ff3bff13fee3febb
ffacffa4ff84ff53
ffacffa4ff9cffa4
ffccffbcffb4ffac
ff8cffd4ffccffcc
fedbfee3fed3fefb
010d0064ff73fee3
008500ad00ed011d
0135011500e500a5
003c00f5011d012d
feb3fedbfedbff0b
fd92fddafe12fe22
fc48fca1fd71fd92
fc50fc58fc50fc48
fc58fc60fc58fc50
fc50fc40fc38fc40
fc99fc58fc10fc38
fe22fdeafd92fcf9
fe62fe4afe2afe22
fec3fecbfeb3fe83
feabfeabfea3feb3
fe72fe83fe8bfe9b
fe1afe32fe4afe62
fe32fe2afe1afe0a
fe12fe0afe1afe2a
fe12fe1afe1afe12
fe2afe1afe02fe0a
fe7afe62fe42fe3a
fec3febbfe9bfe83
fef3fefbfef3fed3
fe1afe1afe5afebb
fe93fe6afe4afe2a
ff2bff03fecbfeab
ff9cff9cff7bff4b
ffa4ff9cff94ff94
ffccffbcffacffa4
ff84ffc4ffc4ffcc
feabfe8bfe83fec3
015501050014ff13
000c0004002c00bd
00f500b5006c002c
ffcc00cd01250135
feb3fed3fedbfeeb
fd9afdd2fe12fe22
fc70fcd9fd9afdaa
fc78fc68fc60fc60
fc50fc60fc70fc70
fc58fc50fc40fc48
fc89fc81fc40fc40
fe02fde2fd79fcb1
fe4afe32fe1afdfa
fec3fec3feabfe72
fea3fe9bfe9bfeab
fe5afe6afe7afe8b
fe12fe2afe42fe5a
fe32fe42fe3afe1a
fe1afe1afe2afe3a
fe22fe12fe1afe1a
fe12fe0afdfafe12
fe8bfe62fe52fe3a
fedbfedbfecbfeab
fefbff0bfef3feeb
fe0afe42fe9bfed3
fe9bfe6afe42fe2a
ff13fedbfeb3feab
ff94ff94ff73ff4b
ff8cff8cff94ff94
ffc4ffbcffacff9c
ff5bff9cffb4ffbc
fea3fe52fe3afe83
015d016d009dff5b
ffe4ffb4ff840034
009d00540024fffc
ff8c00c501150105
fee3fecbfebbfec3
fda2fdd2fdfafe12
fc68fce1fd92fdaa
fc70fc70fc60fc60
fc50fc58fc60fc68
fc40fc48fc50fc50
fc60fc89fc68fc40
fde2fe22fdbafc81
fe5afe3afe32fde2
febbfec3febbfe83
fea3fea3fe9bfeab
fe62fe72fe7afe8b
fe02fe22fe3afe52
fe5afe52fe3afe1a
fe3afe4afe52fe62
fdcafddafdfafe1a
fdb2fdb2fdaafdba
fe1afdf2fdeafdda
fefbfed3feabfe6a
fefbff13ff0bff13
fe3afe83feb3fed3
fe93fe62fe32fe2a
ff13feebfec3feb3
ff94ff94ff7bff43
ff9cff9cff9cff94
ffccffbcffbcffb4
ff33ff4bff9cffbc
fee3fe5afe12fe72
0155019e00fdffd4
ff33fef3fedbfff4
0014ffc4ff84ff4b
ff5300b500d50085
fef3fec3feb3fea3
fdaafde2fe02fe12
fc70fce1fd8afdaa
fc68fc68fc60fc68
fc60fc60fc68fc68
fc30fc40fc58fc70
fc40fc58fc60fc38
fde2fe5afd69fc50
fe7afe4afe3afe12
febbfec3feb3fe8b
feabfeb3feabfeab
fe6afe7afe83fe93
fe0afe22fe3afe52
fe72fe6afe3afe12
fdfafe22fe3afe62
fdaafda2fda2fdc2
fd82fd82fd92fdaa
fdc2fdb2fda2fd9a
fe83fe42fe12fde2
fef3ff03fef3fed3
fe62fe83fea3fecb
fe72fe3afe22fe42
ff13fef3fec3feab
ff9cff94ff7bff4b
ff9cffa4ffa4ff9c
ffccffc4ffbcffa4
fefbfee3ff7bffb4
ff3bfe9bfe12fe8b
015d019e00f50004
ff03fecbff0b0074
ffd4ff8cff43ff13
ff5b00ad00850034
fecbfec3fecbfec3
fdaafdeafdfafe02
fc89fd01fd82fd92
fc68fc60fc68fc68
fc68fc60fc68fc70
fc38fc48fc48fc60
fc20fc50fc60fc48
fde2fddafc91fc20
fe83fe2afdfafe1a
febbfeb3fea3fe9b
feb3fec3fec3febb
fe6afe7afe83fe93
fe1afe32fe52fe62
fe4afe4afe32fe12
fda2fdb2fdd2fe12
fda2fd9afd8afd82
fd82fd69fd71fd92
fdaafda2fd9afd92
fdd2fdd2fde2fdca
fe93fe7afe4afe02
fe52fe6afe72fe7a
fe4afe12fdfafe3a
ff2bfef3fecbfe83
ffacff8cff73ff5b
ff94ffa4ffa4ffa4
ffdcffd4ffbcff9c
fe72fe5aff5bffb4
ffd4ff13fe42fe7a
0135013d005cfff4
ff2bff23ffd400e5
ffe4ff94ff4bff3b
ff3b004c0044001c
fecbfec3fecbfecb
fd82fd9afdbafdda
fca9fd59fdaafd9a
fc48fc48fc58fc58
fc68fc68fc68fc68
fc48fc50fc50fc60
fc30fc50fc50fc48
fd69fd19fc48fc28
fe6afdd2fd29fd9a
febbfeabfe9bfe93
feb3feb3feb3feb3
fe72fe83fe93fe9b
fe1afe2afe42fe5a
fdbafdf2fe0afe0a
fd39fd41fd59fd79
fd39fd41fd41fd29
fd31fd21fd29fd39
fd49fd29fd19fd31
fd79fd92fd92fd71
fde2fde2fdd2fd8a
fe62fe5afe02fdda
fe42fdfafdfafe4a
ff3bff03fee3fe8b
ffacff9cff8cff73
ffa4ffb4ffb4ffac
ffe4ffe4ffccffac
fe32fe0aff53ffc4
011d003cff0bff0b
00cd00b5fffc0064
ffacffdc007c00d5
000cffd4ffacffa4
ff2b002400440034
fecbfec3febbfebb
fd79fd79fdaafdd2
fca1fd82fdcafdaa
fc58fc50fc40fc30
fc60fc68fc78fc70
fc40fc48fc58fc60
fc40fc38fc30fc38
fc50fcf1fc89fc30
fe7afd8afc38fc48
feabfea3fea3fe93
feb3feabfeabfeb3
fe83fea3feb3febb
fe2afe32fe42fe52
fcf1fd51fdd2fe0a
fd79fd41fd31fcf9
fd51fd69fd61fd61
fcf1fce9fcf9fd31
fd61fd21fd11fd11
fde2fdf2fdcafda2
fd29fda2fdeafdda
fe42fe02fd59fd01
fe72fe1afe0afe3a
ff3bff13fefbfebb
ffa4ff9cff94ff7b
ffbcffc4ffb4ff9c
ffe4ffecffdcffbc
fea3fe52ff53ffd4
01a6013500540064
00850044000c00ed
007400bd00f500c5
00540054004c004c
ff1b0024005c005c
fecbfeb3feb3febb
fd71fd69fdbafdfa
fcb9fd82fdd2fdb2
fc58fc58fc50fc50
fc58fc58fc60fc60
fc48fc50fc50fc60
fc38fc30fc20fc38
fc81fd09fca1fc38
fe83fd61fc30fc28
fea3fe9bfe9bfe8b
feb3feabfeb3feb3
fe8bfeb3feabfeb3
fe22fe3afe52fe62
fd21fcf9fd61fde2
fdcafdaafd82fd49
fdaafdb2fda2fdaa
fd82fd82fd92fd9a
fdf2fdbafdaafdaa
fe3afe3afe4afe2a
fddafdfafe12fe3a
fe0afda2fd61fdba
fe9bfe42fe12fe1a
ff3bff1bff03fedb
ff9cff8cff84ff84
ffc4ffbcffacffac
ffecffecffdcffc4
ff03fec3ff43ffd4
01a6013d0044000c
00850054005c015d
01250135013500c5
009d00cd00f5010d
ff33004400950095
fed3feb3feb3fec3
fd69fd69fdbafdfa
fd11fda2fddafdaa
fc58fc60fc68fc89
fc50fc48fc50fc60
fc50fc58fc50fc50
fc40fc30fc30fc40
fc58fd09fc70fc50
fe62fd09fc28fc30
feabfea3fe93fe8b
feb3feabfeabfeb3
fe8bfeabfebbfebb
fe1afe3afe52fe62
fe22fdcafd8afdd2
fdbafdbafdbafdf2
fdb2fdbafdaafdaa
fdaafdb2fda2fda2
fe22fde2fdbafdb2
fe5afe6afe62fe4a
feabfea3fe62fe4a
fe12fdeafe12fe72
febbfe72fe2afe1a
ff3bff23ff13feeb
ff8cff73ff7bff73
ffc4ffb4ffacffa4
ffdcffdcffccffb4
ff2bfefbff1bffc4
017d0105ffa4ff5b
007c004c00bd0186
015d011d011d00cd
00c5010d0155016d
ff7b007c00ad00bd
fedbfec3feb3fec3
fd71fd61fd82fdd2
fd31fdaafdf2fdd2
fc58fc58fc58fc99
fc81fc78fc78fc70
fc50fc58fc60fc70
fc38fc48fc58fc50
fc40fcb1fc40fc38
fe5afcd9fc50fc68
feabfe9bfe93fe83
febbfeb3feb3febb
fe8bfebbfebbfebb
fe0afe42fe72fe7a
fe5afe12fdbafdc2
fe1afe3afe52fe72
fdc2fdcafdd2fe02
fdaafda2fd9afdaa
fe02fdcafd9afda2
fedbfeabfe6afe2a
fedbff13ff23ff03
fe2afe22fe5afe9b
fee3fea3fe62fe3a
ff43ff33ff1bff03
ff94ff73ff6bff63
ffb4ffb4ffb4ffb4
ffd4ffd4ffccffac
ff3bff0bff0bffb4
01350095ff3bfefb
0074004c010d0186
011500ad00dd00bd
00ed012d01650165
ffa4008500bd00e5
fed3fec3feb3fed3
fdaafd71fd71fe0a
fd29fd9afdf2fdf2
fc81fc81fc60fc78
fc78fc89fc89fc89
fc60fc68fc68fc68
fc10fc30fc50fc60
fc68fc78fc20fc10
fe3afcd1fc68fc70
feabfeabfe93fe83
fec3fec3fec3fec3
feabfebbfec3febb
fe0afe4afe83fe9b
fe42fe22fdfafdf2
feb3fea3fe8bfe7a
fe22fe3afe62fe9b
fe4afe32fe0afe12
fe93fe5afe2afe22
ff23fefbfed3fea3
fefbff03ff2bff2b
fe6afe83feabfed3
fedbfebbfe8bfe72
ff53ff43ff2bfef3
ffb4ff9cff7bff63
ffb4ffbcffc4ffc4
ffecffe4ffd4ffb4
ff2bff0bfefbffac
00c50024ff7bfea3
007c00740135015d
0085006c008d00a5
00fd012d013d00e5
ffd4008d00c500ed
fed3fec3fec3fee3
fddafd92fdeafe93
fcf9fd69fdcafe02
fc78fc78fc70fc78
fc70fc78fc81fc81
fc60fc68fc70fc78
fc28fc30fc40fc50
fc99fc81fc40fc30
fdd2fcd1fc68fc50
feabfe9bfe8bfe6a
fecbfecbfebbfeab
fecbfec3fec3fec3
fe2afe4afe83feab
fe2afe1afe12fe1a
fe8bfe7afe62fe42
fe52fe52fe6afe83
fe5afe52fe3afe3a
fea3fe83fe52fe3a
fefbfedbfec3feb3
ff03fef3fef3fefb
fe93feabfed3fef3
fee3fecbfea3fe93
ff63ff43ff2bfefb
ffc4ffa4ff7bff73
ffc4ffc4ffccffd4
ffe4ffecffe4ffd4
fea3ff03fef3ff94
0044ffdcff84feab
008d00a5015d0155
00440074006c007c
00e500fd00bd002c
002c00a500bd00c5
fec3fec3fec3fefb
fdd2fd8afe42ff03
fcc9fd69fdd2fdf2
fc70fc68fc70fc70
fc78fc89fc91fc89
fc48fc58fc70fc78
fc30fc38fc48fc48
fc81fc60fc48fc38
fd79fcc1fc70fc60
fe8bfe83fe7afe52
fec3febbfe9bfe93
fec3fecbfed3fed3
fe1afe3afe7afeab
fe2afe22fe2afe22
fe5afe5afe4afe3a
fe2afe2afe4afe52
fe22fe2afe12fe1a
fe72fe4afe22fe12
fee3fec3fea3fe8b
fee3feebfee3fee3
fea3febbfed3fedb
fefbfedbfeb3feab
ff63ff4bff33ff1b
ffacff8cff73ff63
ffdcffccffc4ffc4
ffccffe4ffecffec
fe42fecbfeebff4b
fff4ffb4ff8cff1b
006c008d014500fd
002c007c00740044
008d0064001cffdc
00ad010d00f500bd
fec3feb3fec3ff2b
fdeafdaafe6aff33
fce1fd71fdd2fdfa
fc78fc68fc60fc78
fc70fc89fc89fc89
fc48fc40fc38fc50
fc30fc30fc48fc58
fc70fc50fc40fc38
fce9fc99fc60fc81
fe8bfe83fe72fe2a
feb3feabfe9bfe93
fec3fecbfecbfebb
fe22fe3afe7afeab
fe4afe4afe3afe2a
fe5afe5afe52fe4a
fe22fe32fe62fe5a
fe32fe2afe0afe1a
fe6afe42fe2afe32
fed3fec3fea3fe83
fef3feebfed3fed3
fee3fefbfef3fef3
ff03fee3feb3febb
ff5bff4bff3bff1b
ff9cff8cff7bff6b
ffdcffccffbcffac
ffa4ffdcfff4ffec
fe72fe1afecbff13
ffacff9cff7bff53
002c004400d50074
002c008500740024
00a5008d002cfffc
00d50135013500dd
febbfeb3fec3ff5b
fe3afddafe22ff13
fd09fd71fde2fe2a
fc70fc68fc70fc99
fc48fc68fc70fc70
fc58fc48fc20fc28
fc48fc48fc48fc50
fc68fc50fc48fc48
fc91fc91fc68fc81
fe9bfe93fe7afdca
feabfea3fea3fea3
feb3feb3feabfea3
fe4afe52fe7afe9b
fe5afe5afe52fe4a
fe7afe72fe6afe6a
fe2afe42fe6afe6a
fe22fe32fe12fe1a
fe72fe52fe32fe2a
fec3feb3fe93fe83
ff03feebfed3fec3
ff23ff43ff2bff0b
fefbfee3fec3fedb
ff5bff4bff33ff1b
ffb4ffa4ff8cff73
ffe4ffccffc4ffb4
ff4bffc4ffdcffe4
fea3fd79fe4afee3
ff9cff7bff63ff0b
001c0004001c000c
005c0085006c002c
00e500c5006c0034
00f5013d013d00e5
feb3feb3fec3ff7b
fe6afdf2fde2ff13
fd39fd8afdeafe5a
fc68fc89fcc9fd11
fc40fc40fc48fc50
fc50fc50fc50fc38
fc50fc58fc60fc60
fc91fc91fc58fc40
fc70fc81fc68fc78
feb3fea3fe72fd61
fe93fea3feabfeab
fe9bfe9bfe8bfe8b
fe4afe52fe6afe83
fe5afe6afe62fe52
fe7afe72fe6afe62
fe2afe2afe52fe6a
fdfafdeafe2afe1a
fe7afe62fde2fdfa
feabfe83fe7afe7a
ff13fefbfedbfebb
ff43ff5bff3bff1b
fefbfeebfedbfefb
ff53ff43ff2bff03
ffb4ffb4ffa4ff84
ffdcffccffc4ffc4
fedbff94ffd4ffdc
fdaafd31fd71fe93
ffe4ffb4fef3fdf2
001cfffcffd4fffc
0074009500740034
00ed00c500950064
01150145013d0115
feb3feb3febbffb4
fe6afe02fdd2fef3
fd61fd82fde2fe5a
fc38fc78fd39fd82
fc60fc48fc28fc28
fc60fc48fc40fc50
fc50fc60fc68fc68
fc99fcf1fcf9fc60
fc68fc70fc78fca1
febbfeabfe42fce9
fe8bfe9bfeabfeb3
fe7afe7afe7afe83
fe5afe52fe62fe72
fe52fe5afe5afe62
fe62fe6afe62fe52
fe32fe12fe2afe42
fdfafd71fe3afe2a
fe7afe83fe2afe32
feabfe93fe8bfe7a
ff23ff13fef3fed3
ff43ff5bff5bff43
fef3feebfef3ff0b
ff5bff33ff1bff0b
ffbcffbcffacff94
ffdcffdcffd4ffd4
fe9bff53ffb4ffd4
fd21fce1fcf9fe1a
00ad000cfebbfdca
0034001cffe40085
007c009d007c003c
010d00bd009d0074
011d014501450135
feb3feabfec3ffec
fe4afdf2fdaafe32
fd82fd79fdc2fe4a
fc30fcc1fdb2fdaa
fc48fc48fc48fc38
fc50fc50fc50fc50
fc48fc48fc60fc60
fc81fcf1fde2fcf1
fc68fc70fc99fcb9
fea3fe9bfde2fc99
fe93fea3feabfea3
fe72fe83fe8bfe8b
fe6afe62fe72fe72
fe52fe6afe72fe7a
fe5afe5afe5afe52
fe52fe22fe22fe42
fe4afd51fe42fe52
fe8bfe9bfea3fe93
fecbfebbfe9bfe8b
ff4bff33ff1bfefb
ff3bff53ff63ff5b
fef3fef3ff0bff23
ff53ff33ff1bff13
ffb4ffacff9cff8c
ffdcffdcffd4ffcc
fe93fefbff9cffcc
fcc1fc81fcc1fdd2
014d009dfebbfd69
00540034fff400c5
007c00a50085004c
013500fd00ad007c
012d014d014d0145
feabfeabfedb001c
fe0afde2fda2fdb2
fd9afd71fda2fe0a
fc81fd59fdd2fdaa
fc50fc50fc48fc58
fc48fc50fc50fc48
fc58fc48fc40fc40
fcb1fd09fe8bfd61
fc58fc68fca1fcc1
fe9bfe7afd71fc70
fea3fea3fe9bfe93
fe6afe83fe93fe9b
fe8bfe72fe5afe5a
fe6afe7afe8bfe8b
fe7afe5afe62fe6a
fe7afe62fe52fe7a
fe83fd29fe32fe72
feb3feabfeabfebb
fef3fedbfec3febb
ff63ff4bff3bff1b
ff4bff6bff7bff6b
ff03ff03ff13ff2b
ff43ff33ff1bff13
ffb4ffa4ff94ff7b
ffdcffe4ffccffcc
fe9bfe9bff7bffbc
fcd1fc78fcb9fdb2
0165009dfe8bfd49
005c0044001c00e5
007c00ad008d0054
014d014d010d009d
013d015d0155014d
feabfeabfee30054
fde2fdd2fda2fd92
fdaafd79fd82fdc2
fcd1fd8afdb2fdba
fc68fc58fc58fc68
fc48fc50fc58fc68
fc40fc48fc50fc40
fca1fd29fe6afd31
fc50fc68fc81fc99
fe8bfe52fd41fc70
feb3feabfe9bfe8b
fe6afe72fe8bfe9b
fea3fe83fe62fe5a
fe7afe83fe9bfe9b
fe93fe83fe7afe72
fe8bfe9bfe93feab
fe93fd21fe22fe0a
fedbfecbfec3fecb
ff1bfefbfefbfef3
ff5bff4bff4bff43
ff63ff8cff8cff63
ff13ff0bff23ff43
ff53ff33ff1bff1b
ffacff9cff8cff73
ffd4ffd4ffccffbc
febbfe5aff33ffac
fcc9fc99fca9fdc2
018600bdfeb3fd69
004c0044002c011d
009d00a5009d0054
015d0165014d00f5
0145015d0155014d
feabfeabfefb008d
fddafdf2fdbafd92
fdc2fda2fd79fd8a
fd49fdc2fdbafdb2
fc78fc68fc58fc99
fc48fc68fc60fc68
fc40fc38fc50fc50
fc91fd59fdf2fcb9
fc58fc68fc58fc70
fe6afe42fd11fc58
fea3fe9bfea3fe8b
fe6afe6afe7afe93
fea3fe93fe72fe62
fe72fe83fe8bfe93
fe8bfe83fe83fe72
fe6afeabfeb3feb3
fe7afd51fe52fdd2
fee3fedbfed3fedb
ff3bff13ff03fedb
ff53ff4bff53ff53
ff5bff7bff7bff6b
ff23ff1bff23ff3b
ff5bff3bff2bff2b
ffa4ff94ff8cff84
ffacffccffd4ffbc
fecbfe52febbff8c
fcb9fc91fc99fe12
01b6011dfecbfd82
004c002c0034013d
00ed00ad00bd008d
01550165015d014d
0145015d014d013d
febbfebbff2b00c5
fdbafdf2fdcafd9a
fda2fdaafd82fd79
fda2fe0afdc2fd82
fc70fc68fcb9fd19
fc40fc50fc68fc58
fc38fc30fc40fc48
fcb9fd59fd21fc81
fc30fc58fc68fc60
fe62fe42fcf9fc48
fe93fe93fe9bfe93
fe6afe72fe7afe83
fe93fe83fe62fe5a
fe83fe83fe7afe83
fe9bfe93fe8bfe83
feb3febbfec3fec3
fea3fe6afebbfea3
fedbfee3fedbfed3
ff4bff33ff13fedb
ff4bff4bff53ff43
ff53ff63ff63ff53
ff2bff23ff1bff33
ff63ff43ff2bff2b
ff9cff94ff84ff84
ff9cffbcffc4ffb4
fed3fe93fe52ff53
fcf9fca9fd51fe8b
01a600e5fefbfd71
0054003400440125
014d00e500c500a5
014d015501550165
014d015d014d0145
feb3feb3ff6b00ed
fdaafdeafdcafda2
fd92fdbafd9afd71
fd92fdf2fdcafd59
fc48fce1fdc2fd71
fc48fc48fc60fc50
fc48fc48fc50fc48
fcf9fcd9fcb9fc78
fc18fc38fc60fcb9
fe5afe42fcd1fc30
fe8bfe7afe8bfe83
fe5afe62fe72fe7a
fe83fe72fe5afe52
fe7afe7afe72fe72
feb3fe9bfe9bfe8b
fec3fecbfecbfecb
febbfeb3febbfec3
fee3fedbfecbfebb
ff43ff2bff0bfefb
ff4bff53ff43ff3b
ff2bff4bff53ff43
ff23ff1bff1bff23
ff53ff4bff2bff2b
ff8cff7bff84ff7b
ffa4ffacffacff9c
febbfea3fe12feeb
fd9afddafe72feb3
011d0044ff94fe2a
006c0044005400dd
016d011d00bd009d
014d01550165015d
014d015d014d014d
fe9bfeb3ffb4010d
fd9afdd2fdd2fdc2
fd8afdb2fda2fd82
fdaafdc2fdcafd59
fcc9fe02fe1afdc2
fc99fc81fc70fc68
fc70fc58fc70fca1
fc91fc60fc89fc70
fc30fc40fc40fc89
fe52fe12fca9fc28
fe72fe7afe8bfe7a
fe52fe4afe5afe62
fe6afe62fe62fe52
fe83fe72fe6afe62
fea3fe9bfe93fe8b
feb3feb3febbfebb
fe9bfe8bfe9bfeab
fee3fecbfeabfea3
ff3bff1bfef3fef3
ff4bff5bff4bff43
ff13ff33ff4bff5b
ff0bff0bff03ff03
ff53ff43ff23ff13
ff84ff6bff73ff73
ff84ffa4ff9cff8c
fe9bfe9bfe2afe42
ff73ff9cfef3feb3
0095ffecffacff7b
009500540044007c
0175014d00d500ad
0155015d016d016d
014d0155014d014d
fe8bfebb000c011d
fd79fdb2fde2fdfa
fd71fd92fd92fd79
fdb2fdc2fdf2fd92
fe12fe62fe32fde2
fdb2fd82fd19fd29
fcc1fcd9fd09fd8a
fc68fc40fc81fc81
fc58fc50fc30fc68
fe5afdeafc89fc30
fe62fe6afe83fe72
fe52fe42fe42fe52
fe62fe5afe5afe4a
fe7afe6afe62fe62
fe8bfe7afe83fe8b
fe8bfe93fe83fe8b
fe7afe7afe7afe8b
fec3feabfe93fe83
ff33ff13fef3fedb
ff4bff53ff53ff43
ff0bff23ff43ff4b
ff0bff03fefbfef3
ff43ff3bff1bff13
ff63ff53ff53ff53
ff13ff9cff8cff6b
fe7afe9bfe4afd71
ffecff94fec3fe93
004cffdcffccffe4
00a50054003c005c
0175015500fd00c5
015d015d01650175
014d015501550155
fe93feeb007c013d
fd82fdb2fdfafe2a
fdbafd9afd8afd8a
fd92fddafe32fdfa
fe32fe62fe42fdea
fe0afdfafd9afdc2
fd92fd9afda2fdd2
fc70fc48fc78fcd1
fc68fc50fc28fc60
fe62fdcafc99fc60
fe52fe6afe7afe72
fe3afe3afe2afe32
fe5afe52fe42fe3a
fe62fe5afe5afe62
fe62fe5afe62fe6a
fe6afe72fe6afe62
fe62fe62fe52fe62
fe9bfe83fe6afe62
ff03feebfecbfeb3
ff33ff3bff43ff2b
feebff03ff13ff23
fefbfefbfeebfee3
ff33ff2bff23ff0b
ff53ff43ff2bff33
fe52ff9cff84ff63
fe5afe4afdeafd19
003cff6bfe9bfe62
004c0024003c0054
00ad006c004c006c
017d016d012d00d5
0165015d0165016d
014d014d0155015d
feabff3b00e50145
fda2fdb2fdfafe42
fde2fdbafdc2fdba
fdfafe2afe5afe1a
fe22fe62fe62fe2a
fe02fe22fdbafdc2
fdd2fdf2fde2fdba
fd09fd01fd01fdaa
fcc1fcc1fc91fcb9
fe7afdaafc99fcb1
fe52fe72fe83fe7a
fe32fe1afe1afe3a
fe5afe4afe4afe32
fe4afe4afe5afe6a
fe42fe42fe4afe4a
fe5afe62fe5afe4a
fe22fe22fe1afe32
fe72fe52fe32fe2a
fecbfeabfe93fe83
fefbff0bff1bfefb
fec3fed3fee3feeb
feebfee3fecbfebb
ff13ff0bff0bfefb
ff5bff43ff23ff13
fd59ff43ff7bff63
fe4afdf2fd9afcf1
009d003cff4bfe9b
00740054006c007c
009d006c0064007c
017d0175013d00e5
01650165015d015d
014d01450155015d
febbffac011d014d
fdb2fda2fdfafe52
fdd2fdbafddafdda
fe62fe5afe3afdfa
fe1afe72fe83fe6a
fdd2fe12fdd2fdd2
fddafe3afe3afdca
fddafdd2fde2fde2
fdfafdfafdcafdc2
fe9bfe12fd92fdda
fe5afe7afe8bfe8b
fe1afe12fe2afe4a
fe4afe3afe32fe2a
fe3afe42fe5afe52
fe1afe22fe2afe22
fe2afe3afe3afe32
fdfafdeafdeafe02
fe2afe1afe12fe02
fe93fe72fe5afe42
fecbfecbfec3feb3
fe9bfea3feb3fec3
fed3fec3febbfeab
fef3fee3fee3fee3
ff63ff43ff1bff03
fc99fe72ff84ff6b
fe32fdbafd92fcd1
00ad00bd0034fefb
00b500b50095009d
009d006c00740095
016d015d012d00ed
0175016d0155015d
0155014d01550165
fed30024013d0155
fdbafdb2fdf2fe32
fde2fdcafde2fdda
fe4afe32fe0afdea
fe52feabfe93fe52
fddafdfafde2fdf2
fdfafe5afe62fe0a
fe32fe12fe02fdda
fe6afe3afe22fe32
feb3fec3fe8bfe7a
fe83fe8bfe8bfe8b
fe2afe32fe5afe72
fe22fe1afe22fe22
fe12fe22fe22fe22
fdfafe0afe12fe12
fdfafdfafdfafe02
fddafdcafdd2fde2
fdeafdeafdeafdea
fe4afe3afe22fdfa
feabfe93fe83fe6a
fe9bfe93fe9bfeab
febbfeb3feabfeb3
fee3fec3feabfeab
ff63ff3bff1bff03
fc99fdb2ff6bff73
fe4afdc2fdbafd01
00a50095005cff43
00ed00fd00b5009d
00c50095006c0085
014d0135011500ed
0165015d015d0155
016501650165015d
ff1300a50145015d
fdb2fdbafdf2fe3a
fdeafde2fddafdca
fe22fe02fdf2fdf2
fe9bfeabfe6afe32
fdc2fe1afe52fe72
fdfafe6afe83fe2a
fe52fe2afe0afdea
fe2afe2afe42fe52
feb3fecbfe72fe4a
fe8bfe93fe7afe83
fe4afe5afe7afe83
fe12fe12fe2afe3a
fe12fe1afe22fe22
fdf2fe02fe0afe1a
fdd2fdd2fdd2fdd2
fdbafdbafdc2fdca
fdcafdc2fdbafdc2
fe2afe12fdfafdda
fe83fe7afe72fe62
fe8bfe83fe83fe83
fe93fea3feabfe9b
fef3fec3fea3fe9b
ff63ff4bff33ff13
fcf1fd71ff23ff6b
fe62fdeafdcafd11
007c002cffc4ff33
0115012d00e500a5
00d50095005c00a5
0145012d010d00ed
015d0165015d0155
0155015d01550155
ff9c0105013d014d
fdaafdbafde2fe3a
fde2fddafdd2fdba
fe12fdeafde2fdf2
fe72fe42fe1afe12
fdd2fe22fe5afe72
fdeafe4afe62fe0a
fe52fe2afdfafdda
fdcafe1afe5afe62
fea3fe93fe32fde2
fe93fe93fe8bfe7a
fe6afe7afe8bfe8b
fe0afe0afe22fe4a
fe22fe3afe3afe2a
fdf2fe02fe0afe22
fdd2fde2fde2fdea
fdbafdcafdd2fdca
fdd2fdcafdbafdb2
fe2afe02fdeafdda
fe6afe62fe5afe4a
fe83fe7afe7afe72
fe93fe8bfe8bfe93
ff13feebfebbfea3
ff63ff5bff3bff2b
fd39fd59fed3ff6b
fe5afe0afdaafd31
004cffecff8cff0b
01450165011d00b5
00d5008d007400dd
0145012d010d00ed
0165016d01650155
014d01450145014d
004c012d0145014d
fd9afdb2fdeafe2a
fdd2fddafdd2fdb2
fe12fdeafdd2fdda
fe83fe4afe3afe2a
fe1afe3afe52fe7a
fddafdfafe12fe1a
fe52fe22fdeafdca
fda2fdf2fe4afe72
fe93fe5afddafdaa
fe93fe8bfe7afe6a
fe7afe93fe9bfe8b
fe12fe2afe3afe5a
fe22fe2afe2afe22
fdeafe02fe0afe12
fde2fdf2fdfafdea
fddafde2fddafdda
fddafdd2fdcafdd2
fe32fe0afdf2fdea
fe52fe4afe4afe42
fe83fe83fe72fe6a
fea3fe83fe72fe7a
ff03fee3fec3feab
ff63ff63ff4bff33
fd61fd59febbff5b
fe32fdfafd92fd59
0024ffccffa4fed3
01550175014500d5
00c50085008500fd
0135011d00fd00e5
0155015d01550145
014d014501450145
00f5013d014d014d
fd9afdaafdeafe42
fdd2fde2fdeafdba
fe1afdf2fdd2fdd2
fe9bfe6afe7afe4a
fe32fe5afe93feb3
fdd2fddafdfafe22
fe6afe12fdf2fdca
fdd2fe02fe93febb
fe93fe6afddafdca
fe93fe8bfe6afe62
fe8bfe93fe9bfe93
fe42fe52fe5afe6a
fe12fe1afe1afe2a
fdf2fe02fe02fe0a
fddafde2fdeafdea
fdeafdeafde2fdd2
fddafdd2fdcafdda
fe2afe1afdfafde2
fe5afe4afe42fe3a
fe7afe7afe7afe7a
fe93fe83fe72fe72
ff03fee3fecbfebb
ff6bff6bff4bff33
fd92fd82fec3ff53
fe1afe0afda2fd82
004cffdcffbcfe9b
014d0165014d00f5
00ad006c007400fd
011d010d00e500cd
01450145013d0125
0155014d014d0145
0135014d01550155
fd92fd9afe02fe8b
fde2fdeafdeafdba
fe0afdf2fdeafdea
fe5afe52fe52fe2a
fe22fe6afe8bfe8b
fdd2fdeafe22fe2a
fe6afe12fdfafdd2
fdfafe9bff53ff13
fe93fe62fdcafdca
fe8bfe83fe6afe6a
fe8bfe9bfe9bfe93
fe62fe5afe6afe72
fe2afe32fe32fe42
fdfafdfafe0afe1a
fde2fddafde2fdf2
fde2fde2fde2fdea
fdeafddafdd2fdda
fe32fe22fe1afdf2
fe62fe4afe42fe3a
fe72fe7afe6afe62
fe9bfe83fe7afe72
ff0bfef3fedbfebb
ff63ff63ff4bff3b
fdb2fdb2fedbff4b
fe1afe22fddafdd2
005c0014fff4feab
012d012d013500f5
00a50054005c00ed
010d00fd00e500c5
0145013501350125
015d015d014d0155
01550155015d015d
fd9afdb2fe0afe6a
fe02fe02fdeafdb2
fdf2fdf2fdeafdf2
fe7afe6afe2afe02
fe0afe62fe8bfe72
fdd2fdfafe2afe22
fe7afe1afe02fdda
fe02ff23ffccff43
fe8bfe1afdbafdba
fe83fe7afe72fe6a
fe7afe83fe93fe9b
fe7afe7afe72fe7a
fe4afe5afe62fe6a
fe0afe12fe2afe42
fddafdd2fde2fdfa
fde2fddafddafdda
fe02fde2fdd2fdda
fe42fe3afe2afe0a
fe62fe5afe5afe4a
fe72fe72fe62fe5a
febbfe9bfe7afe62
ff03fef3fee3fecb
ff63ff63ff4bff23
fdd2fe02ff03ff4b
fe1afe3afe2afe1a
008d002c001cff03
010500ed010d0115
00a50044004400d5
010d00f500dd00c5
014501450135012d
0155015501550155
0155015501550155
fda2fdb2fdf2fe1a
fe02fdfafdeafdb2
fe02fe02fde2fdda
fec3febbfe4afe12
fe1afe9bfecbfe9b
fdd2fdeafe0afe0a
fe83fe1afe02fdda
fe22feebff5bff0b
fe83fe32fde2fdfa
fe83fe83fe72fe5a
fe6afe7afe83fe93
fe83fe72fe6afe6a
fe6afe72fe83fe83
fe1afe2afe42fe62
fdeafdf2fdfafe12
fdeafde2fddafde2
fe12fdf2fde2fdea
fe62fe5afe4afe2a
fe52fe5afe5afe62
fe72fe72fe62fe4a
fecbfeb3fe8bfe72
fefbfef3feebfee3
ff5bff5bff3bff23
fe02fe3aff1bff43
fe3afe93fe7afe5a
00d50024001cff1b
00d500cd00fd0155
00ad004400240095
011d00fd00e500d5
0155014501350135
014d014501450155
0155015501550155
fd9afdb2fde2fe12
fdd2fdd2fdc2fda2
fe12fe12fdf2fdda
febbfea3fe52fe1a
fe42feabfed3feab
fddafdd2fdf2fe22
fe5afe22fe02fdf2
fe83fe9bfec3fea3
fe93fe32fe32fe72
fe72fe7afe72fe72
fe62fe72fe72fe6a
fe83fe6afe5afe62
fe72fe83fe8bfe8b
fe32fe4afe6afe7a
fe1afe22fe1afe22
fdf2fdfafe02fe12
fe2afe0afdfafdfa
fe62fe6afe52fe42
fe52fe42fe4afe52
fe62fe5afe4afe42
fecbfebbfe9bfe72
ff13fefbfedbfee3
ff5bff4bff33ff33
fe42fe8bff2bff43
fe9bfeebfecbfe93
011d003c001cff53
009500d5011d0165
00950034000c0044
010d00f500dd00c5
014d0145013d0125
014d01450145014d
0165016d01650155
fda2fdbafdd2fdfa
fdc2fdbafdb2fda2
fe0afe12fdeafdca
fe8bfe72fe3afe02
fe42fe8bfe9bfe8b
fde2fdd2fdeafe02
fe6afe2afe1afe0a
fe9bfe83fe7afe8b
fe7afe12fe4afe9b
fe72fe7afe6afe6a
fe72fe7afe83fe72
fe7afe6afe5afe6a
fe83fe83fe93fe8b
fe42fe62fe7afe8b
fe3afe42fe42fe42
fe02fe12fe12fe2a
fe4afe22fe0afe02
fe32fe52fe62fe52
fe52fe52fe4afe32
fe6afe62fe5afe4a
fec3feb3fea3fe8b
ff13ff03fed3fec3
ff5bff4bff3bff2b
fe7afed3ff43ff4b
ff0bff23ff03febb
018e00f5003cff9c
007400d501350155
0085002c001c0034
010500f500dd00b5
014d014501350125
0155014d01450145
0165016d015d0155
fd9afdbafdd2fdfa
fdc2fdbafdb2fda2
fe0afe12fdeafdd2
fe72fe62fe32fe0a
fe4afe8bfe8bfe7a
fdeafde2fdf2fe12
fe7afe2afe12fe12
fe9bfe8bfe72fe8b
fe72fe52fe62fe8b
fe6afe72fe62fe52
fe72fe7afe83fe72
fe7afe5afe4afe5a
fe8bfe8bfe8bfe93
fe5afe6afe83fe8b
fe42fe52fe5afe62
fe12fe1afe22fe3a
fe42fe2afe0afe02
fe22fe12fe32fe4a
fe5afe5afe5afe4a
fe8bfe7afe6afe5a
fec3feabfea3fe9b
ff1bff0bfef3fed3
ff43ff33ff3bff33
feebff23ff4bff43
ff73ff4bff0bfee3
0155012d0064ffe4
007400d50135012d
006c0044004c004c
010500ed00d500a5
0145013d012d011d
01550155014d0145
0155015d01550155
fdaafdbafddafe3a
fdcafdbafdaafd9a
fe22fe0afdeafdd2
fe7afe62fe42fe3a
fe93fe93fe8bfe83
fde2fde2fe1afe72
fe7afe2afe02fe0a
fea3fe9bfe7afe93
fe72fe8bfe8bfe93
fe72fe72fe6afe52
fe83fe9bfe8bfe7a
fe72fe5afe52fe6a
fe93fe8bfe7afe7a
fe6afe7afe83fe8b
fe4afe52fe52fe6a
fe1afe1afe32fe42
fe22fe22fe12fe0a
fe4afe22fe02fe0a
fe6afe62fe62fe5a
fe9bfe8bfe72fe62
fecbfebbfea3fea3
ff13ff0bfef3fedb
ff33ff23ff23ff2b
ff23ff33ff53ff3b
ff84ff4bff0bff23
0085006c0014ffd4
007400ad00bd00b5
005c00740074005c
00fd00e500bd008d
014d013d012d0115
014d015d0155014d
0145014d014d0155
fdbafdd2fdd2fe2a
fdcafdb2fd9afd92
fe52fe32fdeafdca
fe9bfe6afe4afe4a
ff23fec3fe8bfea3
fdd2fdeafe5aff0b
fe6afe12fdeafdf2
fe9bfe7afe62fe83
fe6afe8bfe8bfe93
fe6afe72fe6afe52
fe83fe93fe8bfe72
fe62fe52fe4afe62
fe93fe93fe7afe72
fe72fe8bfe93fe93
fe4afe52fe5afe62
fe1afe1afe32fe4a
fdf2fe0afe0afe12
fe52fe4afe3afe02
fe7afe6afe6afe62
fea3fe93fe7afe7a
fed3fec3feabfea3
ff13ff03fefbfee3
ff23ff13ff13ff13
fef3feebff5bff33
ff6bff3bff43ff6b
003c0014000cffdc
007400ad00b500ad
004c0085007c0054
00fd00d500b5007c
014501350125011d
014d01550155014d
013d01450145014d
fdc2fdd2fdc2fe02
fdbafdaafd92fd9a
fe6afe52fdeafdaa
fed3fe83fe42fe4a
ff13fed3fea3fed3
fdd2fdd2fe32fedb
fe52fe02fdd2fdda
fe8bfe72fe62fe72
fe52fe3afe3afe7a
fe72fe83fe72fe4a
fe72fe72fe7afe72
fe4afe42fe3afe52
fe93fe93fe72fe5a
fe6afe72fe7afe8b
fe4afe5afe62fe62
fe22fe2afe22fe3a
fe1afdeafdfafe12
fe62fe62fe5afe4a
fe83fe6afe6afe6a
fe9bfe93fe93fe8b
fedbfecbfeb3feab
ff0bfefbfefbfeeb
ff13ff0bff03ff13
fde2fe2aff53ff2b
ff9cff63ff73ff5b
00b5007c003c0004
006c00ad00c500ad
004c00740064003c
010500d500b5006c
013d012d012d011d
014d014d014d0145
0135013d0145014d
fddafddafdbafe22
fdbafdb2fd9afdb2
fe1afe0afdcafda2
fe9bfe62fe22fe12
fe8bfe9bfe72fe93
fdd2fdd2fdd2fe2a
fe4afe02fdcafdd2
fe62fe62fe5afe62
fe32fd9afcf1fdd2
fe62fe6afe62fe32
fe72fe7afe83fe72
fe4afe4afe42fe52
fe7afe6afe4afe3a
fe6afe5afe62fe7a
fe42fe52fe62fe72
fe22fe2afe22fe32
fe62fe32fdfafdfa
fe6afe6afe72fe6a
fe7afe7afe72fe72
fea3fe93fe8bfe7a
fedbfed3fec3feb3
ff0bfefbfeebfee3
ff1bff0bff03ff1b
fcd1fd82ff2bff2b
ffc4ffbcffc4febb
009d00bd008d0024
007c009d00ad0095
004c007400640064
00fd00dd00ad006c
012d012d012d011d
014d0155014d0135
0135013d013d014d
fde2fde2fdd2fe83
fdbafdaafd9afdba
fdeafdd2fda2fd92
fe5afe3afe12fdfa
fe32fe5afe42fe4a
fddafdd2fdc2fde2
fe3afdfafdcafdda
fe32fe7afe83fe62
fe12fdd2fcd1fd39
fe42fe52fe4afe12
fe5afe7afe7afe62
fe32fe2afe22fe3a
fe6afe5afe42fe22
fe52fe42fe4afe62
fe4afe52fe62fe62
fe12fe1afe2afe42
fe6afe5afe42fe12
fe5afe5afe6afe62
fe83fe72fe6afe5a
feabfe8bfe83fe83
fecbfecbfecbfec3
ff0bfeebfedbfecb
feebfef3ff0bff1b
fcc9fd41fed3ff03
fff4ffccffccfe02
004c008d00ad0064
008d009d0095006c
0064006c0074007c
00fd00dd00a50074
0125012d012d011d
014d013d0135012d
01450145014d0145
