008d00850085007c
007c007c00850085
002c0044005c006c
fff4fffcfffc0014
ffe4fff4ffecfff4
ffb4ffc4ffd4ffd4
ffb4ffacffacffb4
fff4ffdcffccffc4
004c00340024000c
0085007c00740064
006c00740085008d
00ad00cd007c0064
006c004c002c0034
0024000c00140044
00f500c500ad0054
003c0014004400ed
0044004400ed010d
00c500c500a500ad
ffe4000c005400a5
ff63ff73ff7bff9c
004cffd4ff84ff5b
0004fffc0024007c
fff4fffc0004000c
fffcfffcfff4ffec
ffecffd4ffdcffe4
00340024000cfffc
0074006c0064004c
0044005c006c0074
ffdcfff4000c002c
ffb4ffb4ffc4ffcc
ffacffacffa4ffac
ffc4ffccffccffbc
008d008500850085
0074007c00850085
00340044005c006c
fff4fffc0004001c
ffdcffe4ffecfff4
ffb4ffbcffd4ffdc
ffc4ffb4ffacffb4
fffcffe4ffdcffcc
004c003c002c0014
0085007c00740064
006c006c00850095
0054007c008d008d
003c009d00bd0064
00f500d500740024
002c00dd01be015d
00dd001c0004000c
006c0044008d00fd
00dd017500fd00c5
000c006c00ad006c
ff94ffacffc4fffc
002400440004ff9c
000cfff4ffd4ffe4
fffc00040004000c
ffe4ffecffecfff4
fff4ffe4ffd4ffdc
003c002c0014000c
007400740064004c
0044005c006c0074
ffdcfffc0014002c
ffb4ffb4ffbcffcc
ffbcffb4ffacffb4
ffd4ffd4ffccffc4
0085008500850085
0074007c007c0085
00340044005c006c
fff4fffc00040024
ffd4ffdcffe4ffec
ffb4ffb4ffbcffc4
ffccffbcffbcffbc
000cfff4ffdcffcc
004c0044002c001c
00740074006c0064
0085008500850085
0095006c00740085
009d0044007c00bd
010500a500ad00cd
001c001c007c0115
00dd006c00140014
00e500c500fd008d
00c5012d014d0145
fff40054010500bd
ffacff9cffacffec
ffdc001c013d0085
003c0034000cffe4
0004001400140024
ffdcffe4ffecfffc
ffecffd4ffccffcc
003c0034001c0004
00740074005c004c
0044005c006c0074
ffdcfffc001c0034
ffacffacffb4ffc4
ffc4ffbcffbcffb4
ffdcffdcffd4ffc4
0085008500850085
0074007c007c0085
003c004c005c006c
fff4fffc000c0024
ffd4ffdcffe4ffec
ffb4ffb4ffbcffc4
ffd4ffc4ffc4ffc4
0024fffcffecffdc
0054004c003c003c
00740074006c0064
00850095008d0074
007c00a50095007c
008d007c004c003c
007c0064002c0044
0034000cfffc003c
00d500b500340004
018601e601f600e5
00ed0105013d018e
ff9cffcc005400cd
fff4ff7bff7bff8c
0034001c004c009d
008500c5008d003c
000c001c00240034
ffccffecffecfffc
fff4ffd4ffd4ffcc
004c003c0024000c
007c007400640054
0044005c006c007c
ffdcfffc001c0034
ffb4ffb4ffbcffcc
ffccffc4ffccffbc
ffdcffdcffdcffcc
008500850085007c
00740074007c0085
003400540064006c
fff4fffc00140024
ffccffdcffe4ffec
ffb4ffb4ffc4ffc4
ffdcffd4ffccffcc
00240004fff4ffe4
00640054004c003c
00740074006c006c
0085007c0095008d
003c007c00c500bd
fffc002c00640064
0064004c003c0004
011d00bd00dd00c5
01ae019e011d00dd
01c6026e028f023e
00a5014501960236
ff9cffbcffdc003c
003cffe4ff8cff84
0024001c0014000c
003c003c002c001c
000c001c00140014
ffdcffecfff4fffc
0004ffe4ffdcffdc
005c004c002c001c
007c007c0074005c
003c0054006c007c
ffdcfffc00140034
ffbcffbcffc4ffcc
ffccffccffccffc4
ffdcffdcffdcffd4
008500850085007c
007c0085007c0085
003400540064006c
fff4000400140024
ffccffdcffecffec
ffc4ffbcffc4ffc4
ffdcffd4ffccffcc
002c00140004ffec
006c005c00540044
00850085007c007c
00ad009500950095
005c006c006c0095
0004000c0024005c
007c0054003c001c
01fe023e017500c5
01e60175016501b6
01e601de01a60236
fffc0074013d01fe
ffa4ffa4ffacffd4
003c00740014ffb4
fff4ffecffe4ffdc
0004000400140014
000c001400140014
ffe4ffecfffc000c
000cffecffdcffdc
005c00540034001c
00850085007c006c
003c0054006c007c
ffe4fffc000c0024
ffc4ffbcffbcffcc
ffccffccffccffcc
ffdcffdcffd4ffcc
0085007c007c0074
007c007c0085007c
0034005400640074
fff4fffc001c0024
ffd4ffdcffecfff4
ffccffccffc4ffc4
ffdcffd4ffccffcc
0034001c0004ffec
007c0064005c004c
009d008d008d008d
008d00b500bd009d
005400a500640054
006c004400340024
010d00c5007c007c
01ee01fe018e011d
01be01860186019e
01fe01be01e601ce
ffe4008d011501be
ffd4ffb4ffb4ffb4
001c006c009d0054
fff4ffd4ffd4fff4
000c001c001c000c
000c0014001c0014
ffe4ffec000c0014
001c001cfffcffe4
00640054002c0024
008d008d007c007c
0034004c0064007c
ffdcfff40004001c
ffccffccffccffd4
ffccffd4ffd4ffcc
ffccffccffccffc4
007c00740074006c
0085008d00850085
003c004c005c0074
fff40004001c0024
ffccffdcffecffec
ffd4ffccffc4ffc4
ffecffdcffdcffdc
003c002c001cfffc
0095007400640054
00a5009500ad00cd
005c006c00ad00c5
005400fd0085004c
012d013500d5004c
027e01ce017d013d
02df02ef034702af
025e027e01fe0226
022e02af02a70236
0034017501f601ce
00f5002cffe4ffd4
00040004005400ed
00240004001c002c
0064006400540044
0024003c004c0044
fff4ffec0004001c
002400340044000c
00740054003c002c
0095009d0095008d
002c004c00640085
ffdcffec00040014
ffdcffdcffd4ffd4
ffccffccffd4ffd4
ffc4ffccffccffcc
007c007400740074
0085008500850085
0034004c00640074
fff4fffc000c001c
ffccffd4ffe4ffec
ffc4ffc4ffccffcc
000cfffcffe4ffdc
005c00540044001c
008d0085006c0064
00ad009d00ad00a5
00ed0085008d00c5
009d00dd007c007c
01f6019e011d009d
034702f702c70256
03a803a803c003a8
0347032f031f033f
02870388037f02c7
00ed02160287023e
01c6013d0085008d
008d0085010d013d
009d00ad00bd00ed
0085008d00950095
008d00ad00cd0074
001cfff4fffc003c
001cfffc00240044
007c006400540034
0095009d009d008d
002c004c006c0085
ffdcffecfffc0014
ffecffecffe4ffd4
ffd4ffdcffe4ffe4
ffc4ffd4ffd4ffd4
0074006c0074006c
007c007c00850085
0034005400640074
ffecfffc000c0014
ffd4ffd4ffe4ffec
ffccffccffccffd4
001c0004fff4ffe4
00850064003c0024
008d0095008d009d
00ed00e500d500a5
013500e5009d00ad
017d00e5006c006c
02c7028f023e0206
0388039803b80337
0347037f03c803a8
0307032702cf02d7
02bf035f036f02df
010d02a7034702e7
015d01e6016d0145
00ed012d01d6015d
00a500bd00f50125
004c0074008d008d
00ad00cd008d0054
006c003400140044
00240004fffc0014
008d007c00640044
0095009d00a5009d
002c004c0064007c
ffdcffecfff40004
fff4ffecffe4ffd4
ffd4ffdcffe4ffec
ffc4ffc4ffc4ffd4
00740074006c0064
007c007c00850085
0034005400640074
fff4fffc000c001c
ffdcffdcffe4ffe4
ffdcffccffd4ffdc
001c000cfff4ffec
0074005c003c0024
00bd00c500c5009d
00fd00f500dd00cd
00740095009d00ad
0266015500c5006c
0347035f02df02bf
0327039003770337
02bf02e7033f030f
01de01b6018601d6
01c601fe025601a6
015502a7034f0287
01ae01de01ee019e
00fd011d01a601a6
010500dd00bd00f5
011500fd01150125
00f5011d00c500dd
0014002c0044004c
0024000cfff4fffc
009d009500740054
0095009d00a500a5
001c003c005c0074
ffd4ffe4fff40004
ffe4ffe4ffdcffd4
ffd4ffdcffe4ffec
ffbcffc4ffc4ffc4
0074006c006c0064
007c007c0085007c
0034004c0064006c
fff4fffc000c0024
ffe4ffe4ffecffec
ffe4ffd4ffd4ffdc
0024001c0014fffc
0074005c004c0034
0145011d00fd008d
00b500ad00ad00fd
00d50095008d0095
02df027601fe0135
035f03b8035f0327
032f0317033702ff
0226020602a70317
00ed0105012d017d
008500a500c500e5
0266020e019e00c5
020601de0226023e
016d013d016d01ae
017d017d019601a6
0105015501b6016d
005c008500b500ed
ffe4ffec000c0034
0054002c001cfffc
009d0095007c006c
008d009d00a500a5
0014002c00540074
ffd4ffe4ffecfffc
ffe4ffd4ffd4ffcc
ffccffccffd4ffe4
ffbcffc4ffc4ffc4
0074006c0064005c
007c007c007c007c
0034004c00640074
fffc000400140024
ffe4ffe4ffecffec
fff4ffecffe4ffe4
002c002400140004
008d006c005c0044
0125017501de00cd
00ad00a500fd019e
02a701be00d500a5
036f036f031f02e7
0377037f03880367
0297028702df030f
020e02660287027e
014d018e01b601e6
007c0085009500fd
010500ed00bd0085
027e021e026e01f6
027601fe0216027e
017d01ae0226028f
00e500dd00d50115
0044006400b500dd
0044002c002c0034
006c00640074005c
009d009500850074
0085009d00ad00ad
000c00240044006c
ffd4ffe4ffecfffc
ffdcffd4ffccffcc
ffccffd4ffd4ffe4
ffbcffc4ffc4ffc4
007c0074006c005c
0085007c007c0085
003c005400640074
fffc000c001c0024
ffe4ffe4ffecfff4
fff4fff4ffecffec
004400340024000c
00c5008d0064004c
00d501750276017d
013d00fd012d0115
03d80367023e0196
031f037703a803b8
0206029702ef02e7
022e023602060216
0246026e026e0216
00c5012d019e0226
000cffe4ffd40024
013d013500740024
02a7028f020e01b6
02b702ef031702af
0186019e0206025e
00e5011501350145
0044005c008d00bd
0074006400440044
00740064004c0054
009d009d00950085
007c009d00a500a5
0014002c00440064
ffd4ffdcffe4fffc
ffd4ffd4ffd4ffcc
ffccffdcffdcffe4
ffbcffc4ffc4ffc4
007c006c00640064
0085008500850085
0044005400640074
000c001c0024002c
ffe4ffe4ffecfffc
fff4fff4fff4ffec
004c00440034001c
012500d50074005c
011d019602af020e
02af022e01c60175
03f003e003570317
02c70317037f03c0
01f6018e01c60246
025e0297022601de
01e6026e02c702df
ffd4ff94002c0115
0085009d0054000c
01750115007c0064
02c702cf026e01b6
023602d7032f02cf
017d01b6021e0236
00b5010d014d014d
0024002c00640095
0074003c00240024
0085005c003c0064
00ad00c500d500ad
00850095009500a5
0014002c004c006c
ffccffdcffecfffc
ffd4ffd4ffd4ffc4
ffccffdcffe4ffe4
ffbcffc4ffc4ffd4
0074006c006c0064
007c007c00850085
0044005400640074
000c001400240034
fff4ffecfff4fff4
0004fffcfff4fff4
005c004c003c0024
018e0105007c006c
016d01c602c70256
02bf02e7025e01b6
03c003a0037f0327
023e031f037f0390
02460276021e01c6
032f035f02ff024e
016d013501c60287
008dffacff530004
00bd00d501050105
009d009d00bd0095
02af02df02870196
02df0347032702c7
0175017501e6024e
009500b500dd0105
00140024004c0064
002c000400040004
007c0054003c0034
00cd010500dd00a5
0085008d00a500b5
000c002c004c0064
ffc4ffd4ffe4fffc
ffd4ffccffd4ffc4
ffd4ffdcffe4ffdc
ffbcffd4ffccffd4
00740074006c0064
00740074007c007c
0044005400640074
fffc0004001c002c
fffcfff4fff4fff4
000c0004fffcfffc
0085005c003c0024
021e011d007c0085
015d01a602b702cf
0327028f01d60196
037f03b003b003c0
0266026e03370390
02a7027e02d7028f
0287035703b0036f
010d00ed00bd012d
0135010500cd00e5
00bd00fd00ed0125
003c00640074007c
0307027e01c6009d
02e7033703170307
00fd012501ae01fe
00d500e50125011d
004c0064007c008d
001c0004fffc0024
00a50074005c002c
0125011d00dd00cd
007c009500b500d5
0004001c0034005c
ffc4ffccffd4ffec
ffdcffd4ffd4ffc4
ffd4ffdcffdcffdc
ffd4ffd4ffd4ffd4
0074006c0064005c
006c007400740074
003c004c0064006c
0004000c001c002c
fffcfff4fffcfffc
000c00040004fffc
00950054003c0024
027e012d009d00c5
01d601de02ef0327
03d0036f02bf0256
03c003b803d003d0
031f030702f703a8
0398032f02cf033f
019602cf035f03b8
0155011d013d00e5
0175019e01a60165
003c00f5012d0145
ffb4ffc4002cffec
03270266011dfff4
021e029f025e02bf
000400b5017d01c6
015d01350105004c
003c008500a500c5
002c0034003c003c
012500dd00b5005c
01de01e6017d015d
00ad00e501250165
000c002c0044007c
ffc4ffccffd4ffec
ffccffccffccffc4
ffdcffd4ffd4ffd4
ffd4ffd4ffd4ffd4
006c006c005c005c
006c006c0074007c
003c004c0054006c
000c00140024002c
fffcfffc0004000c
000c00040004fffc
0095005400440024
026e013500bd00dd
030f0276030702ef
03980377035f034f
03e003e803d003b8
037f03a00307036f
03c003d0036f0317
013d01a602c70337
0206019e018e0165
01d601ae019e019e
ff13ffe4012d01de
febbfe8bff4bfef3
028701ee0054ff0b
011500fd017502d7
0064006cffcc005c
012500540004ffec
001c0074010d016d
002c003c0034001c
009d0085005c003c
0125011500d500bd
00bd00dd00fd0115
000c002c0054008d
ffccffd4ffe4fff4
ffccffccffccffcc
ffd4ffd4ffd4ffd4
ffccffccffccffd4
006c0064005c0054
006c0074007c007c
003c004c00540064
001400140024002c
ffecfff4fffc000c
001400040004fff4
008d004c003c0024
0297018e010d0115
035f02df030f02ef
0398033f0388037f
03c803f803f003d0
034f03900398033f
037f03e003f003c0
01fe01ae01350287
01e60246020e01d6
01ce01f601fe0216
fe8bff0b004c0175
fef3fea3fefbfedb
01350105ffe4ff7b
0115017d029702bf
00adff84fef3004c
0064ffdcffc40044
0024006c0105012d
0034001c00140014
008d007c005c003c
00d500c500b500a5
0064008d00ad00c5
0004000c002c004c
ffdcffdcfff4fffc
ffccffccffccffd4
ffccffd4ffd4ffdc
ffd4ffd4ffccffcc
0074006c005c0054
006c0074007c007c
003c00440054005c
000c0014001c002c
ffecffecfff4fffc
00240014000cfff4
00b500740064004c
0347025e0236017d
03a003a803980357
03d003a803c803a8
03a803e003c803c8
03e8039003b803a8
026603b803e80400
021e029701e600ad
0236023e029702c7
009d016d025e0256
ffacffa4ffcc0014
ffe4ff73000c00b5
017d00a500e50186
01be0307038802f7
ffe4002400640175
ffb4ffd40044002c
0044007c0054ffec
0044001400040004
00950085006c0054
00c500c500c500ad
0064007c00a500bd
002c0024002c0044
ffd4ffe4fffc0014
ffccffc4ffc4ffcc
ffd4ffd4ffd4ffdc
ffd4ffd4ffd4ffd4
0074006c0064005c
0064007400740074
00340044004c0054
000c0014001c0024
fff4fff4fffcfffc
005c0034001c0004
018e012500f500c5
036f02df02bf0256
030f02bf02e7033f
03c803c803e803b0
03d803b803d00388
040003e803a803e8
008502bf039803f8
02d702b7030f01c6
02bf028f029f031f
00bd005c017d02bf
ff3bffcc0004007c
00440024ffdcff7b
023601ee024e01ee
02bf03b8036f0337
feb3fefb00cd01f6
ff73ff33ff23feeb
004cffc4ff7bff6b
0044fffcfffc0044
00b5009d0085007c
00cd00dd00d500cd
006c009500ad00bd
002c003c003c0054
ffdcffdcffec0004
ffccffccffc4ffd4
ffdcffdcffdcffdc
ffd4ffd4ffd4ffd4
0074006c00640054
0064006c00740074
002c003c004c005c
0014000c0014001c
000c0004000c000c
00e5009d006c002c
01960115013d0135
02660246023601f6
036f02ff020e0216
037f03c803f003e0
0398039803d003c8
03f803f803f803a0
018e00f502cf03a0
035702f703070367
0327030702d702f7
01750135004c013d
ff0bff5bffd400cd
ffdcff94fee3ff8c
02b702df01a60125
0266036f033f02a7
ff63ffbc014501e6
ff6bfed3ff1bffac
ff8cff630004ffc4
003c00140044004c
00ad009500950074
00c500d500dd00c5
00640085009d00b5
00040014002c0044
ffdcffe4ffe4fff4
ffc4ffccffccffdc
ffdcffdcffdcffd4
ffd4ffd4ffd4ffd4
0074006c0064005c
0064006400740074
002c003c004c0054
000c000c0014001c
0064002400140014
00c500bd010500e5
015d00a50095009d
0226020e01d601be
03a8039802cf0236
0390039803a803d8
032f032f0327034f
03f003f803f003d8
0398013d022603a0
0398034f02ef036f
022e030f033f0307
013501ee01ce00ad
ff1bfefbff73000c
000cfef3ffdc0074
03270297023e019e
01c602f702a702e7
0074013d01c601c6
fea3feabff33000c
ff03ff94ff23fec3
005400850064ff84
00ad009d00950054
00b500cd00d500cd
004400640085009d
fffc0004001c002c
ffdcffe4ffecfff4
ffccffccffd4ffdc
ffdcffdcffdcffdc
ffccffccffd4ffdc
0074006c005c0054
005c0064006c006c
002c003c0044004c
00140014001c0024
00ad009500240014
005c006c00640074
011500950095006c
023e01ee01fe01d6
0388037f031f02df
02af0317031f0398
03b802870297028f
03c803f003c803e8
03b00377022e030f
033f03e0037f031f
01ee01ce0327030f
004c01c6028f0287
ffbcff94ff2bff8c
00ad006c01250054
02b70276035f0276
018e01f6022e0307
01ce016d010d010d
fecbffec00b5011d
fec3fedbfeb3fe8b
00a50105ffccfeb3
00b500a50085007c
00bd00c500d500d5
0044006c009d00b5
fffc000c001c002c
ffdcffecfff4fffc
ffdcffdcffdcffdc
ffecffe4ffdcffdc
ffd4ffd4ffdcffe4
006c0064005c004c
00540064006c0074
0034003c0044004c
00140014001c0024
004c00340014000c
005400540044004c
0115009d00a50074
02970216020601f6
0327034f034702d7
01de028702e702df
03d8032701de0236
035703c803c803a8
039803e8035f02cf
036f03a003e80388
02df01a602160388
ffcc00e502760307
ffa4002c0024ffe4
00d500bd00950074
022602870357020e
012d00e500fd0186
00e5007c006c00d5
fffcfffc014d01c6
fe9bfeabfe8bfefb
01150074febbfe83
00cd00a5006c00b5
00bd00c500d500dd
004c007c009d00b5
000c001c00240034
ffe4ffecfff40004
ffecffe4ffdcffe4
ffecffecffe4ffe4
ffd4ffd4ffe4ffec
00640064005c004c
004c005c0064006c
001c002c003c0044
000c000c00140014
004c000c0004000c
005c005c0044003c
014d00b500a5007c
02c7025e01f6021e
023602ef034f030f
01e601c6029f0246
033f03d002ff01fe
029f038803d8035f
03d003d003e0036f
03a0035703d803e8
03880317028f02ff
ffe4ffe401ae02c7
003400440034003c
0115001c0044008d
021e01f601fe013d
00b5001cffcc009d
002c004400740095
ff7bffbc011d0095
fe83fea3ff2bfff4
00ddff33fe7afe72
00d50095007c00cd
00cd00cd00d500d5
0054007c009500b5
00240034003c0044
ffe4fff400040014
fff4ffecffecffe4
fff4fff4ffecffec
ffd4ffdcffecfff4
00640064005c0054
004c0054005c0064
001c00240034003c
00140004000c0014
0034006400140014
00bd005c0034001c
018e010d00dd00e5
030702a7024601e6
016d021602ef0337
01d601ce01fe0246
025e035703d002a7
036f034703b0036f
03f003d003b003f0
03370388038803f0
036f03d0033f02e7
0085004c018e02af
009d00ad0024000c
00dd0064008d00e5
022601a6013d00fd
ffdcffac0044013d
ffacfff40014002c
ff43ffbcff9cffb4
fe83fefbff9cff3b
ff84fe7afe3afe4a
00e500a500a5009d
00d500d500d500dd
00440064008500a5
0024002c00240034
ffecfffc0014001c
fff4fff4fffcfff4
fff4fffcfff4fff4
ffd4ffe4ffecfff4
00640064005c0054
004c0054005c005c
001c001c002c0034
000c0004000c0014
002c00dd009d001c
00fd0054002c0014
022601d6013d013d
02f702af027e0256
0206010d024e02ef
023e01ee01ee0226
01ae0266037f0377
03d8035f037f0367
03f803e803a803c0
039803b8039803e0
03a803d803d80367
00540085019e030f
00bd011d00e50044
012500f500dd0125
01a601450115010d
003c005400850175
ff8cffccffbcffdc
ff4bfef3ff53ff5b
feebff03ff0bfeeb
fedbfe4afe3afea3
00e500c500cd0034
00d500d500dd00ed
003c005c007c00a5
0014001c001c0024
00040004000c0014
fff4fffcfffcfffc
fffcfffcfffcfff4
ffdcffecffecfff4
005c005c005c005c
004c004c0054005c
001c001c002c0034
00040004000c000c
002c00a5010d001c
0155006c001c0014
0236021e01ae01a6
02e70307025e0236
021e0186014d028f
034f01c6021e023e
021e01ae026e036f
03e803670337036f
03e803f003c003a0
03d003b803b803c0
039803b803f003d8
0095008d012502bf
010501450186007c
017d01c6018e015d
006c010d0105011d
004c006400ed00cd
ff8cffb4ffec005c
fedbff13ff2bff2b
feb3feabfedbff13
feabfe6afeabfecb
00cd00e500e5ff94
00cd00dd00f500f5
004c0064008500ad
fffc000c0034003c
0004000c000c000c
fff4fffc00040004
00040004fffcfff4
ffe4ffecfff4fffc
00540054005c0064
0044004c00540054
0014001c0024002c
000c0004000c000c
0014003c008d0024
016d007c002c001c
0226022602460206
02f702f7029f0236
0276021e013501ee
037f02a701f602bf
027e01c600ed0246
03c803b00327037f
03c003f803e003a8
03e003c0030f0388
035f03b803f00400
00a500ed013d023e
012d0135019e0125
016501de01e601ae
009d011d011d0135
007c00e5007cffec
ff94ffd4fff40014
fec3ff63ff13ff43
fe6afe8bff23fef3
fea3fe8bfeabfe9b
00d500ed00adff13
00d500e500fd00fd
006c008d00b500cd
fffc0004001c0044
fffc0004fffcfffc
fff4fff4fffc0004
000c000c00040004
ffecfff4fff4fff4
00540054005c005c
003c0044004c0054
000c00140024002c
fffcfffc00040004
00040014002c001c
01b60095004c001c
02a7026e02560297
02cf02af02af026e
032702bf023601d6
029f036f022e022e
034f023e003400c5
039803d003a003a0
03c003e003f003e0
03f003e802d702df
032f038803d003f0
010d00cd00d50165
016501550186013d
016d019e01de0216
00ed013d013d0155
00bd007cffec0004
ffa4ffec003c0064
ffb4ff84ff53ff8c
fe5afeabfefbff0b
fe93fe93feabfe8b
00e500f5fff4febb
00bd00d500f500f5
006c009d00bd00c5
0004000c0024003c
fffc0004fffc0004
fff4fff4fff4fffc
000c000c000c0004
ffecfff4fff4fffc
005400540054004c
0044004c004c0054
0014001c0024002c
0004fffcfffc0004
001c00240024001c
02360105007c0034
02260276027e02bf
026e02cf028f0246
0216030f02bf0276
008d02df0317012d
03b80307fffcff3b
03c003b003f003f8
037703d003f003e8
03d003f003a00297
0226037f03b803d8
01250145013d011d
01b60165015d0135
0186019601ae024e
01150145014d016d
00bd002cffec0074
00040044009500ed
0014ff8cff9cffac
feabff23ff23ffe4
fe9bfe8bfea3fe8b
011500fdff53fe83
00a500cd00ed00fd
0074007c00850095
0014002c004c0064
fff4fffc0004000c
fff4ffecffecfff4
001c001c00140004
fff4fffc000c0014
005c005c00540054
003c004c00540054
000c00140024002c
0004fffcfffc0004
00cd007c004c0024
02b701c600dd00c5
01ee020602b702ff
0236030702ef02bf
00dd028f033702c7
fee300ed02ef0256
03f8039001e6ff3b
03d0039803c00400
02d7039803e803d8
03a003e003d00307
016d02f703e00377
0145013d016d0196
01f601960186016d
01960196018e01de
01250155016d0186
0095002cfffc00cd
006c00b500ed0125
ffd4ffccffc4fff4
ffdcffbcffa4001c
fec3fecbff03ff84
011d00b5ff13fecb
00b500d500ed00fd
004c0054006c008d
001c002c00340044
ffe4fff40004000c
fff4ffe4ffecffec
001c001c00140004
ffecfff4fffc0014
005c0064005c005c
00340044004c0054
000c0014001c002c
fffcfffcfffcfffc
00bd00640024000c
02cf020e00e500b5
029f021e01ee028f
0287025e02f70307
016d011d02bf02b7
fea3ff0b017502ff
040003f8036f00fd
03e003a0035703d0
032702d703d003f8
02ff03b003e80388
01a6022603900367
0186016d0165018e
022e01ce01b601a6
01ae01a6018e01a6
0155016d0186019e
006c000c002c0105
00cd00cd00fd0115
ff84ffbcffb40074
ff9cff2bffd4ffec
fefbfedbff33ffd4
0105003cff13ff2b
00d500ed00f500ed
0044005c00740095
00040004001c003c
ffe4ffe4fff4fffc
fff4ffecffecffe4
001c001400040004
ffe4fff4fffc000c
006c0074006c0064
002c003c0044005c
0004000c0014001c
fffcfffcfffcfffc
010d007c00240014
02df02af017500f5
02ff025e01ee0216
02af01ee02a702e7
029f0095021602f7
002cfe72ffbc027e
03f803f003e802f7
03f803d80317035f
03b8028f034f03f8
02df033f03d803e8
01ae01a603070388
01be019e019e01a6
01ee01f601e601de
01b601be01ae01a6
0165018e01a601ae
005cffec007c0125
00d500fd012500ed
ff9cffac004400d5
ff13ff5b0034ff84
fea3fed3ff63ff84
0105ffecff23fee3
00bd00cd00fd011d
004c006c009500ad
fff40004001c0034
ffd4ffdcffe4ffec
fffcfff4ffe4ffe4
00140014000c000c
ffe4fff4fffc0004
006c006c006c006c
0024003c00440064
000c001400140024
fffcfff4fff4fffc
00850044000cfffc
027602e701fe00dd
03270307024e022e
0317028f01fe02e7
02f701be011d02f7
0276ff73fed30125
03f003f803f803e0
03e003d8033f034f
03c8033f02b703c0
02df028f039003f0
01ce01b60246033f
01de01c601be01c6
01de020e01f601ee
01c601ce01d601ce
0175019e01b601be
0044ffec00dd0145
00f50115013500f5
ffb4000400c500e5
ff23002c0004ff7b
fe83fef3ff73ff53
0095ff23fedbfe9b
00b500c500e5010d
006c008d0095009d
fff40014002c0044
ffd4ffd4ffe4ffec
0004fff4ffe4ffd4
000c001400140004
ffe4fffc0004000c
00740074006c0064
002c003c004c006c
000c000c001c0024
fff4fff4ffecfffc
005c003c0004fffc
022602c702a70125
02ef033702ef023e
02ff0327023e029f
021602d700f501de
03b001c6ff23ff7b
03b003f803f803f8
03d803e003a00377
03e803a8025e0347
02df02e7037f03e8
01de01d6020e0307
01f601ee01de01e6
01ee0216021601fe
01d601de01e601ee
01a601b601be01c6
000c002c011d015d
010d012d016500fd
0044006400ed00fd
ffdc0054ffecfffc
feabff1bff94ff2b
0034fef3fee3febb
00bd00cd00e50105
00740085009d00ad
fff40004002c0054
ffccffccffdcffe4
fffcfff4ffdcffd4
001c001400140004
ffe4fff40004000c
0074007c006c005c
003400440054006c
000c000c001c0024
fffcfffcfffc0004
00640024001c000c
021602970307019e
031f0327032f029f
01de032702cf025e
00d5029701f600ad
03f8032f00a5ff03
033f03d803f803f8
03a803e803c00398
03f003d002df02a7
032f023e031f03b8
01fe01fe021602a7
0206020601f601f6
02060226021e01fe
01de01e601f601fe
01ce01c601ce01e6
000c00a5014d019e
013d015d015d00dd
008500bd01050105
004400540095006c
feabff8cffbcff6b
ffacff1bff3bfeb3
00cd00e500ed00e5
00540074009500ad
ffecfffc001c003c
ffccffd4ffd4ffe4
fffcffecffdcffd4
001c0024001c000c
ffecfffc0004001c
007c007c006c005c
002c0044005c006c
0004000c00140024
fffcfffcfffcfffc
00bd002400240014
0236023603170246
02ff033f032f02ff
007c028f0337027e
ffe401ce0287010d
040003d00236ffb4
03170377040003f8
034f03c803d00398
03b003d8039002ff
031f028f024602ef
0216020e021e0256
02060216020e0206
0206020e02260206
01ee01ee01f601fe
01e601de01e601f6
006c010d017501b6
017d0186015500b5
006400fd0115013d
008d010500bd006c
feebfffcffec000c
ff4bff73fefbfe72
00ad00dd00f50095
004c0064007c0095
ffecfffc001c003c
ffccffd4ffdcffec
fff4ffecffdcffcc
002c002400240014
ffecffec0004001c
0074007c0074006c
003400440054006c
fff4000400140024
0004fffcfff4ffec
0145009d0034000c
02cf024602b7025e
029f033702ff02ff
ff940165030f02af
ff9400c501ee01be
040003f803570135
032702f703e003f8
031f037703a803c8
034703e803d803c0
02c702d70256029f
022602260226023e
020e021e021e0216
01f6020e0226020e
01fe020601fe01fe
01ee01f601ee01f6
00d5014d018e01be
018e018e013500cd
00cd01350145016d
0186015d006400b5
ff8400240054009d
ff6bff2bfe4afe8b
00b500e501050074
003400440064008d
ffec0004001c002c
ffccffd4ffdcffe4
fffcffecffe4ffd4
002c00240024001c
fff4fff4000c0024
0074007c00740064
002c0044005c0064
ffecfffc00140024
000c0004fff4ffec
011d00cd008d0014
030f02b70297022e
0297030702ff02e7
fffcffe402560317
0074ffec018e026e
03f803f803e002bf
0388030703b003f8
03670317038803e8
02ef03d003e803e8
029702cf026e0246
02260226021e0236
021602260226021e
01f60206021e020e
0206020601fe0206
01fe01fe01fe01fe
012d017501a601d6
01ae016d00dd00fd
01250145015d0196
02060115009500f5
001c006c00b5012d
ff6bfe93fe83ff23
00cd00f500ed00c5
0024003c00640095
ffecfffc0014001c
ffccffccffd4ffe4
0004fff4ffecffdc
002c002c0024001c
fff4fffc000c0024
007400740074006c
002c0044005c0064
fff40004000c001c
0014000c0004fffc
0105007c00640024
032702f702bf0226
02bf02df030f02ef
00cdff3300cd0307
01de000c01960206
03f803f803f80388
03a002e703a003f8
03d00347037703a8
024e031f03e003d8
026e0297024e020e
0226022e0226022e
02160226021e021e
01fe020e02260216
0206020601fe0206
01fe01fe01fe01fe
0165019e01b601e6
01ae012500bd013d
014d015d018e01de
01b600c5010d012d
006c008d0115019e
fec3fec3ff1bfff4
00c500d500ed0024
00240044006c009d
ffe4fff4000c001c
ffccffd4ffd4ffdc
0004fff4ffecffdc
002c003400240014
fff4fffc0004001c
007400740074006c
00340044005c006c
fffc000c0014001c
000cfffcfffcfffc
012d006c002c001c
031f032f02ff0236
02d702df02ef02ff
0115ff73ff730216
02d7011d01a601be
0400040003f803e0
03d80327030703c0
03e003b80307036f
0226028703b003e0
025602c70297023e
022e0236024e022e
0216021e02260226
021e021e0226021e
0206020e01fe020e
0206020602060206
018601ae01ce01f6
017d010501050165
0165017501ce01de
018600cd0115015d
007c0074016501de
fed3ff03ffec00c5
00bd00b500adffcc
0024004c0074009d
ffe4fff400040014
ffccffd4ffd4ffdc
00140004ffecffdc
002c002c001c0014
fff4fffc0004001c
007400740074006c
0034004c00640074
fffc000c001c0024
fffcffecfff4fff4
016500a500440024
030f033f03270246
02b702f702df0307
01450014fee300a5
032f027e00fd011d
03f80400040003f8
03d003b802d70388
03a803b802e70327
022e027e038803d8
026602a702b70226
022e023e02460236
021e0226022e022e
02260226021e0216
0216021e0216021e
01f6020e020e020e
019e01be01d601f6
013d00f501450186
017d01ae01be01a6
010d00d5013d0186
000400dd01ae01fe
ff0bff7b00bd004c
00b5007400adffdc
0024004c00740095
ffdcffecfffc0014
ffd4ffccffd4ffd4
001c0004fff4ffe4
002c0034002c001c
fff4fffc000c001c
007400740074006c
0034004c00640074
fffc00040014002c
001cfffcfff4fff4
01d600e500cd007c
030f0307030702af
01ce02cf02df02e7
019e0044ff23ff7b
03a002d7016500ed
03e803f804000400
038803e002ef0327
03c003d0033f02c7
021602cf039803c0
026e025e02b7023e
022e0246024e0246
021e022e0226022e
022602260226021e
021e02260226022e
01de01fe020e0216
019e01b601c601d6
012d01150165018e
019e01ae01be0175
00d5010501860196
005c012d01e601b6
ffbc006c007cffa4
0085007400c5ffb4
00340044005c0095
ffd4ffecfffc0014
ffccffccffccffc4
00240004fff4ffdc
002c003c0034002c
fff40004000c0024
007c007c007c0074
003c005400640074
fff4fffc0014002c
00dd004c0014fffc
023e00dd00a50125
03370307030702e7
0064025e02a702af
017d0095ff9cfee3
03d803370206011d
03d803f003f80400
02df03e8035f02ff
03d00398037f0276
022602f703d003e0
0256024602bf0276
0236023e02560246
0226022e0236023e
0236022e0226021e
020e021e02360236
01c601de01f60206
0186018e019e01a6
0115014d016d0186
019e01be0196016d
00fd015d01ae018e
005c015d0206015d
000c0044ffdcffac
006c00b50095ffe4
0024003c005c007c
ffe4000400140014
ffccffccffc4ffcc
001c0004fff4ffe4
003400340034002c
fffc000400140024
007c007c007c0074
0044004c0064006c
0004fffc000c0024
00c500e500c50034
0266013d0085007c
035f0357032702e7
ff33013d02970256
00fd00fdffdcff0b
03f003a0023e00cd
037f03e803f80400
026e03a803c8031f
03d803a0037702cf
0206028f03d003f0
022e021e026e027e
02360236025e0236
022e0236024e0246
023602360236022e
01ee0216023e023e
0165018e01b601d6
013d0135012d013d
0105013d0155014d
01ae01a601960155
013d019e01a6019e
008d01c602060145
fffc0004ff84ff94
009d00b5008d0014
0024003c0054006c
ffdcfffc0004000c
ffdcffccffc4ffcc
0024000cfff4ffec
0034003c003c0034
fffc0004001c002c
006c007c007c007c
003c004c005c006c
006c001c0004001c
006c007c00e500e5
028f01d6013500bd
02bf03900337031f
ff03003c022e01f6
006c012dfff4ff53
03f003b802df0115
031f03e003f003e8
0226032f03e0036f
0377039003670347
017d018e025e02ff
01ee01be01d6020e
0246023e024e0206
0236024e0266025e
023e023e023e0236
01be01fe023e024e
00b5011d014d019e
00340014001c0054
00bd00b500ad0064
01ae018e015d00d5
017501ae019601ae
00e501ee01be0125
0014ff6bfefbff7b
009500bd00740024
001c003400440054
ffdcffe4fff4fffc
ffd4ffc4ffc4ffcc
002c0014fff4ffe4
0024002c00340034
fff400040014001c
0074007c00850085
003c0054005c0064
006400340014001c
00950085006c0064
02a701d600dd00a5
023603a00357031f
ff13ffc401650226
005c012d00b5ff4b
03f803c0034701c6
035f03b803f803e8
027e02b703a803c0
01b602af0317031f
00cd00bd006c00c5
018e0135011d0175
024e024e025e01fe
024e025e0266025e
024e02560256024e
018e01d602360256
004400cd010d0165
ff63ff84ff9cffe4
ffbcff5bff33ff1b
017d01250074fffc
01ae01a601a601b6
014501fe014d0135
ffacfea3fedbffc4
00a500c500540034
001c003c00540064
ffdcffe4ffecfffc
ffdcffccffccffcc
0034001cfffcffe4
00240034003c0034
fffc00040014001c
007c008d008d0085
003c00540064006c
0044000c0004001c
00240034005c0064
02a701ee00dd004c
0206036703770347
ff1bff43007c023e
00ad00c5018eff73
040003c00347024e
036f034f03e803f8
021e0246035f03e0
00640115024e028f
008d00a5003cfff4
012500d500ad0155
025e0256024e01c6
02660276026e026e
025e026e026e0256
016d01a602260256
007c00bd01150155
ff7bffdc001c003c
ff03febbfeabfed3
00b5001cffb4ff53
01be01a601ae0165
018e01c6011d0175
feebfe7afee3fff4
00cd00bd005cffec
000c0034005c007c
ffccffdcffe4fff4
ffecffdcffd4ffcc
003c0024000cfff4
0034003c003c003c
0004000c001c002c
0085008d008d0085
0034005400640074
001c0024000c001c
002c001c000c000c
02d701d600fd0054
020e02ef0390034f
ff13ff33ffc4018e
0145009d01a6004c
040003e003a0029f
035702c703b803f8
01a60216030f0390
fff4003c014d01b6
010500b500b50004
012d011d00fd019e
0266025e02360196
027e0287028f027e
027e0287027e0276
018601be0246026e
01150145016d0186
ffe4004c00b500dd
ff94ff84ff63ff53
ffe4ffb4ff94ff8c
01a601ae015d0074
01a6017d011d019e
fe93fe72fefb0024
00dd007c001cff73
00140034005c00a5
ffccffd4ffe4fffc
ffe4ffdcffccffcc
003c002c0014fff4
003c003c00440044
0004001400240034
0085008d00850085
0034005400640074
ffecfff4fffc000c
003c001cfff4ffec
02df01fe00fd007c
01be02660367034f
ff2bff33ff9c008d
01b600ad018e0125
03f803e803a802df
03570297034703f8
015d01e6025e0337
00a500c5010d00ed
019600fd00e500b5
01be01b6018601b6
02760276024e01de
0297029702970287
029f029f028f028f
01e6020e027e029f
019601c601f601fe
00f5010d013d017d
00ad00ed010d00f5
003c001c0024005c
01a60186009d001c
01b6013d015d01ae
fe5afe72ff03005c
00ad0054fffcff1b
001c003c006c00ad
ffc4ffd4ffec000c
ffdcffccffccffcc
003c002c0014fff4
003c0044004c004c
0004001c002c0034
0085008500740074
002c00440064007c
ffecfff4fffc000c
005c001c000cfffc
0327028701be00dd
010501a60327034f
ffd4ff2bffdcfff4
01ee010501be01ae
040003e803b00307
035702af02df03e8
0074017d025e02ef
012d016501650125
01de012d00fd0125
021e021e01de01d6
0287028702760236
02a7029f028f028f
02af029f02870297
024e0266029f02b7
01de01fe02360246
018e019e01a601c6
01550175018e0186
010500c500f5012d
018e010500a500ed
019e010d019e01ae
fe2afe52ff0b00ad
0074004cffd4fedb
000c001c005c0095
ffbcffdcfff40004
ffdcffccffc4ffc4
004400340014fff4
003c0044004c0054
fffc001c002c0034
0085008d007c0074
00240044006c007c
ffe4fff40004000c
00a50044fff4ffdc
033f033f025e00d5
004c00fd02d7030f
00d5ff33ffe4ffe4
0216016d01fe01d6
03f803f003b80327
034702cf028f03a8
00b50125023e02b7
0155017d01750145
01ce012500ed00fd
0236021601de01ae
028f028f027e0256
02a7029f0297028f
02af02a7029f029f
026e0287029f02a7
019e01ce020e024e
0135013d01650175
015d01550145012d
0135012d01650175
015500dd013d0165
014d012d01be01a6
fe12fe6aff4b00d5
004c0034ff94fe9b
ffec0004004c007c
ffc4ffdcfff4fffc
fff4ffdcffd4ffc4
004c003c0024000c
00440044004c0054
0004001400240034
0085008d007c006c
002c004400640074
ffe4fff4fffc000c
00850074000cffec
030f02f701b600ad
fff400f5029f037f
019effccff8c000c
022e016501d601ee
03f803f003c80337
031702df0266031f
0155013d01a6027e
016d01ae0165018e
01b6011d00e500f5
021601f601ae0175
0287027e026e0246
029f029f028f028f
02bf02b702af029f
024e027e029702af
012d016d01ae0206
00bd00bd00d500f5
00f5010500fd00dd
010d0135013d0125
0105015d01be017d
0105019601be018e
fe32fe9bff8400e5
0044000cff73fe6a
ffec00040054007c
ffc4ffdcfffc000c
0004ffecffe4ffcc
005400440034001c
0044004c0054004c
0004000c001c0034
007c007c007c0074
003c00540064006c
ffe4fff400040024
00d5009d00440004
031f030702760165
ffd400c5023e03d0
01e600edff84003c
0256018601b60266
03e003f003d00357
02f702e7024e02b7
019e01750125027e
00dd00fd010d0155
017500fd008d0095
020601ce0186015d
0276026602560226
0297028f027e0287
02af029f029f0297
0206024e0287029f
00c50115014d019e
005c0054005c0074
00bd00bd00a50074
00ed010d00d500bd
013d01ce01ce012d
013501e601b6017d
fe4afeb3ffa400ed
004c000cff7bfe62
000400040064007c
ffd4ffd4fff40024
0004ffecffe4ffd4
0054004c00340024
00440054005c0054
000400140024003c
007c007c007c0085
003c00540064006c
fff4ffe4fffc001c
015500cd008d001c
037f0317034f022e
fff4008501c603a8
01fe0186000c0004
027e01e60186023e
03d003f003e0035f
02cf02e7026e0287
00cd012501250287
ffdcffdcffec006c
00b500adffacff6b
01ce0196016d010d
025e024e023601f6
0287027e027e026e
0297028f028f028f
01ae020e025e0287
003400ad010d0165
ff9cff63ff84ffc4
0004ffccffb4ff94
00a5008d006c0044
01ae01de016d00ad
019e01f601ae019e
fe6afeebffc400dd
004c0014ffa4fe5a
000c000c00640074
ffd4ffccffe4001c
0004ffecffe4ffd4
005c004c003c0024
0044004c005c0064
fffc0014002c003c
007c008d008d008d
003c00540064006c
fff4ffe4fff40014
01f6019600bd004c
03c002ff03570236
002c006c01860367
01ee01d6008d001c
02bf0246017501ae
03a003f803e80377
02b702ff02af029f
003400a5010d020e
fee3fef3ff1bffa4
0014005cfeabfe6a
01b6018e0135003c
024e022e020e01c6
0266025e0266025e
027e027e027e0276
018601d602260266
ff5b001400dd014d
fedbfecbfee3ff03
fedbfecbfed3fec3
0044fffcff7bff03
01de01b600dd006c
01e601c601c601c6
fea3ff0bffcc00dd
00240034ffbcfe3a
001c001c006c005c
ffccffccffd4fffc
000cffecffdcffcc
005c004c003c002c
00340044005c006c
000c0014002c003c
008d00950095008d
00440054006c0074
000cfffc00040024
023601860095007c
03d80317037f0327
006400b501550337
01f601be007c0085
03070297018e017d
034703f803f003a0
027602f702e7026e
001c009d00c501d6
fdc2fdf2feb3ff63
ff6bff9cfe02fdca
01ae016500ed0004
0236020e01ee01be
023e02460256024e
025e027602660246
018601ae01f6023e
ff0bff5b004c014d
fdb2fdd2fe32fecb
fe42fe52fe1afde2
ffccff13fe72fe1a
01c6016d0095002c
01ce01be01d601ae
fefbff1bffdc0105
001c004cff63fe3a
002c003c00640044
ffc4ffd4ffd4ffec
0014fff4ffe4ffd4
0054004c0044002c
002c003c00540064
fffc0014002c0034
008d00950095008d
003c0054006c0074
004c000c000c0024
037702a7015d0095
03d002c7034703d8
008500fd012d02d7
020601a60095003c
036702c701be016d
02f703e803e803c8
026e02ef02ef0246
00850125011d01d6
fd8afde2001c00a5
ff5bff73fe5afdca
017500b50004ff73
021e020601e6018e
02460246024e023e
024e0266025e0246
018601b601de021e
ff4bff53000c012d
fd82fd9afe3aff84
ff94fee3fe22fde2
ff33fe93fe3afe62
018e010500b50014
01c601d601d601ce
ff23fee3ffe4014d
00340044fee3fe7a
0014006c00740034
ffd4ffccffd4ffdc
0014fff4ffe4ffdc
005c00540044002c
0034003c00540064
fffc0014002c0034
008d009500950095
003c0054006c0074
007c000cfffc0014
03a8031702bf0125
03a802ff034703f8
00240165017502b7
021e0216011d0044
039802d7020e0196
02cf03d803d803e8
0266028f02df0256
006400cd011501de
fdd2fe7a008500cd
ffbcff5bfea3fdfa
011dffccff03ff3b
022e022e01be0165
023e0256024e0246
024e025e025e024e
0155019601c60206
ff8cff1bff63006c
fdbafda2feabfff4
ffd4ff43fe62fe32
ffacff53fee3fecb
014500e50105004c
01d601e601e601ce
feabfef3002c0186
007c0044fefbfeab
fffc007c0095003c
ffdcffccffd4ffdc
0014fffcffecffdc
005c00540044002c
002c003c0054005c
fffc000c0024002c
0095009d009d009d
00340054006c0085
00cd00240004000c
03f803a0031701fe
036f033f032f0400
007c00e501c60297
022e02660206015d
03c0033f024601b6
029703d003d803e8
0236026e033f02bf
ffec0085010501ee
fe42feebff6bff94
ff43ff33fe93fe22
00c5ff84ff43ff23
02560216019e0155
0246025e02660266
0246024e0256024e
00dd016d01b60206
ff13ff33ff33ff9c
fe22fe3afedbff23
ff23fefbfe7afe42
00b50044ffd4ff4b
00fd0125012500ed
01ee01f601f60196
fe83ff33007c01b6
0095fffcfec3fe7a
fff40064008d0054
ffe4ffccffdcffe4
00140004ffecffe4
005c0054004c0034
002c003c004c005c
fffc000c001c0024
009d00a500a5009d
003c0054006c008d
015d0064001c0024
03f803f803c002e7
031702cf02ff03f8
010d007c01a6029f
022e01d6012d019e
03c80388028f01d6
028703c003e803f0
02b70266034f02b7
00c5013d01c60276
ff4bff6bffdc0074
ffdcffccff8cff4b
00c5005c003c0014
026e020e01b60155
025e0276026e028f
023e024e024e024e
00fd017d01b60206
ffe4003400540074
0004ffe4ffb4ffac
00ad007400440014
01150125012d00f5
0135015d0125010d
0206020601d60155
fe83ff8400b501ce
006cff7bfebbfe72
fff40054007c0054
ffecffd4ffe4fff4
001c0004ffecffe4
005c005400440034
002c0034004c005c
fffc000c001c0024
009d009d009d009d
0044005c0074008d
02a700fd00240024
03f0040003f803b8
031702e702ef03a0
013d00cd01450287
022601ae012d017d
03e803b802f701ee
025e03b803f803e8
03a802c7032f02cf
01a601ee02b7034f
00ad00d501450175
009d00a500a5009d
010500bd00950095
025e022601d6017d
02660287028f028f
0236023e02360246
012d017d01be0206
0085009500a500d5
011d00dd00a5008d
01de01ae0186015d
016d019601be01e6
0175016d0145014d
021e020601a60125
febbffcc00c501f6
003cff33feb3fe7a
000c00640064005c
ffecffe4fffcfffc
001c000cfff4ffe4
006400640054003c
003400440054005c
0004001400140024
009d00ad00ad00a5
003c0054006c0085
0390023e00640024
038803f0040003f0
02e7035702d702cf
01ae014d013d0256
021601a6017501b6
03f803e803470226
023e03a8040003f8
03a002f702ff031f
023e025e02b70327
015d01a601f6020e
00b500cd00fd012d
015500fd00b500bd
025e024601fe01a6
02760297029f028f
023e0246023e024e
013d017501c6020e
00ad00a500b500ed
015d013500f500c5
01e601ce01a60186
0175018601a601d6
01a601860175016d
021601f6014d0165
fef3ffc400ad0206
001cff3bfebbfe8b
00140054006c005c
fff4fff400040004
002c0014fffcfff4
006c00640054003c
003c004400540064
000c000c00140024
00a500b500ad00ad
003c005c006c008d
03d00357014d004c
027e036703f003f0
0367034f02cf0256
01a601be016d027e
02460196017d0175
03f803f8037f026e
0216037f040003f8
03e8033702df034f
0226029f033f03a0
012d016d01ae01de
00ed00dd00ed0105
019601650125010d
028f0266023601de
029702af02b702a7
024e025e0256025e
0165019601e60226
00ed00ed00fd0135
011500fd00e500dd
015d0155013d0125
0165015d0155015d
01be01ae01a6017d
022601be013d01be
ff3bff9c00a50206
0034ff53feb3fe9b
001c004c006c005c
0004fff4fffc0004
0034001c000c0004
0064005c00540044
003c0044004c0064
000c000c00140024
00ad00bd00bd00b5
003c00540074008d
03c0036f027e00bd
01c60216033703e8
03b00347029f01fe
01b601ce018e02e7
026e01ce01c60165
03f803f803c002c7
01fe037f03f803f8
03f803b002ff0337
026e035703b003e0
0155017501ae01fe
0135011d0125013d
01de01ae018e015d
02af028f025e021e
02b702c702c702af
02560266026e0287
01b601ee021e0246
012d013501650196
012d01250125011d
015d015501450135
018e017d016d0165
01ee01d601c601a6
0226015d016501de
ff5bff6b00ad0216
0024ff3bfebbfea3
002c004c006c006c
fffcffecfff4001c
003400240014000c
0064005c004c0044
00340044004c005c
000c000c0014001c
00ad00bd00bd00b5
003c00540074008d
03d8036f02af00e5
018e010d01ae036f
03a00317025e01be
01de020e01ce0357
028701fe0216012d
03f803f003e00327
022e039003f803f8
03e803d0034f0357
034f03d803e003c8
019601c6020e027e
017501550155016d
021e01ee01ce01ae
02b702a702760246
02af02d702d702b7
025e0266026e0287
01ee0226024e025e
0155018601b601d6
0155014d01450145
017d016d0165014d
01b601a60196017d
021601fe01ee01ce
01ee018e01de0216
ff84ff4b00bd022e
ffa4fefbfeb3fec3
0034005c007c006c
fffcfffc000c0024
003c002c00240014
005c006400540044
00340044004c005c
0014000c00140024
00a500bd00bd00b5
004c005c007c0095
03e003a00337016d
015d00bd00d5025e
0367033702760196
021e0266022e0398
029f025601be012d
03f803f003e0036f
0287039803f003f8
03f803f003b0037f
03e803f003e803c8
01c601f6028f0377
01ce01ae018e0196
023e020e01ee01de
02af02a7027e0256
02bf02d702d702bf
025e026602760297
021602360256025e
01a601ce01ee0206
0175016d016d0175
018e017d0175016d
01e601ce01ae019e
02360226021601ee
0206020e02360246
ff9cff4300cd0236
ff73fedbfe8bff13
004c006c007c004c
000c000400140034
003c0034002c0024
0064005c0054004c
00340044004c005c
0014001400140024
00ad00bd00bd00b5
006400640085009d
03a003b0034f01c6
012d00a500a50175
030f02f70216017d
0246025e02760388
02ef027e01ce019e
040003e803e803a0
02e703b003f003f8
0400040003d00390
03f8040003f003e0
01fe0287037f03f0
01e601e601de01ee
0256022e020601e6
02b7028f0276025e
02e702f702ef02c7
026e026e028702b7
022602460266026e
01de01f601f60216
019e01a601be01be
01b601a60196019e
0226020601e601d6
025e025e024e0236
022e025e02660266
ffd4ff7300d50236
ff94fefbfedbff6b
004c006400740044
001c000c000c002c
00440034002c0024
005c0064005c0054
00340044004c005c
001400140014001c
00b500bd00bd00b5
00850074008d00a5
02ff03c003a80256
00f5009d007c00c5
02b70276017d0165
02bf02d702c70367
02ff025e025e0226
040003f803f003b8
033703e804000400
0400040003f803c8
03f803f003f803f8
0297038803d803f8
01de01ee0206022e
024e022e021601ee
02bf028f0276025e
0327035f032f02df
027e0276028f02d7
023e025e026e0276
01ee01fe02060226
01ce01d601e601e6
01ee01d601ce01c6
0246023e02260216
0287027e02760266
0266027e027e027e
003cffbc00c5022e
ff8cff53ff43ff84
005400640074001c
001c001400140034
0044003c002c001c
006c006c00640054
0034004400540064
0004000c0014001c
00bd00cd00bd00b5
00f5006c008d00a5
01e6039803d8033f
00e50085005c006c
026e01c6013d014d
03770307031f034f
02d7027e02a702af
0400040003f003c0
037703f8040003f8
03f803f8040003d0
03f003e003e803f0
035703e803f803f8
01de01ee020e0266
02460226020601ee
02c702970276024e
036703b003900307
02760276028702f7
0246025e026e027e
01fe020e021e0236
01ee01e601ee01f6
0226020e01fe01f6
025e024e023e0236
029f02970287027e
027e02870287028f
0064ffe400950236
ff8cffacff6bff8c
0064005c00740004
001c0014001c0034
004400340024001c
005c005c005c0054
0034004400540054
fff4fffc000c001c
00bd00dd00cd00b5
024e00ad007c008d
00e5027603b803d8
00d500640044004c
0206014d011d0145
039002c7037f02e7
02df029f02af0327
03f0040003f003a8
03a80400040003f8
03e003f8040003c8
03f803f803f803e8
035f03d003f003f8
01f601fe021e029f
0246021601fe01f6
02df02a702870256
031f03a803b8034f
02870276028f02d7
023e0236024e0287
0216021e0226023e
0206020601fe020e
0246022e0216020e
027602660256024e
02a7029f028f0287
028f02a7029f029f
004c00140064022e
ffb4ff9cff84ff8c
00540054007cffec
0024001c00140034
004c003c00240024
005c00640064005c
002c0034004c0054
fffcfffc000c0014
00b500dd00d500bd
0377013d008d008d
00b5013d02ef03d8
00cd005400440044
01a6010d00f50125
0357031f03770276
0307031f031f0377
03f0040003e80398
03c80400040003f0
03f8040003f803d0
03f8040003f803f8
02e70347039803e8
0206020e022e028f
0266021601ee01f6
030702c702b7029f
02df039003f0036f
02970297029f02a7
02360236024e027e
02260226022e0246
02260226021e0226
0256024602360226
0287027e026e025e
02a7029f02970297
028f029f02a702af
00340024003c0226
ff9cff7bfff4ff6b
004c0054005cffe4
0034001c0014002c
004c004400340034
005c00640064005c
0024003400440054
0004fffc000c0014
00bd00d500cd00bd
03d002b7010500ad
005c006c0196032f
00bd0064004c004c
016d010d00fd010d
030f0357031f021e
031703880388037f
0400040003e8037f
03f00400040003f8
0400040003f803e8
03b003e803d003e8
02a702cf0317036f
022602360246026e
02bf024e01e601f6
030702ef030f031f
02d7034703b8035f
02b702bf02bf02af
026e027e027e0297
022e021e0236025e
02460246023e0236
026e02660256024e
02970297028f027e
02af02a702af02a7
028f029702af02b7
001c003c001401de
ff73ffd4000cff73
004c0054002cffa4
0034002400140024
005400440044003c
005c00640064005c
002400340044004c
0004fffc000c000c
00cd00cd00cd00c5
02a7035f02b70145
0034002400850186
00b50074004c0044
013d0135010d0105
033703b0032f01ee
033f03b803770347
0400040003f00398
0400040004000400
03f8040003f803e8
0337038803b003f0
0297029f02c70307
022e025602560276
0347029f01ee01ee
034f032f0337035f
0307032f036f036f
02f702ff030702ff
02f702e702d702df
021e0216025602c7
026602560246023e
028f027e02660266
02af02af02a70297
02b702b702bf02b7
028702a702bf02bf
003c006c0004016d
ffb400140014ff6b
0054005cffecff6b
003c002c00240034
005c004c0044003c
005c006400640064
001c002c0044004c
00040004fffc0014
00e500cd00cd00cd
00c50196026601de
0024001c003c0074
00ad007c0054003c
014d0135011500f5
037703e00388020e
039003c00357035f
03e803f803e803b0
04000400040003f8
03e003f8040003f8
02ff0317035f03b0
028f029702af02df
02260256026e0287
039802ef01fe01f6
0226027603370390
036f037f037702c7
02ff0347036f036f
0367033702cf02af
01fe0206027e032f
027e0266024e0216
029f029702870276
02cf02cf02af029f
02bf02c702d702c7
0276029f02c702d7
004c009d001c010d
ffe40024fff4ff3b
006c0024ffccff9c
003c003400340044
005c004c0044003c
005c006400640064
00140024003c004c
fffcfffcfffc000c
00c500cd00cd00cd
0054008500c500d5
00240034003c0044
0085007c004c002c
013d00e500fd00e5
03d803e803770246
03b003c003770377
03e803f803e803b8
0400040003f803f8
03a803e8040003f8
02e702ff032f035f
029702af02bf02cf
0226024602760297
039002af0206020e
ff5b0085022e035f
03a803a0022effc4
013502f7037f03a8
033701f6007cffe4
01fe0206026e0347
028f02760246020e
02af02af029f0287
02df02d702c702b7
02d702df02e702e7
024e028f02bf02df
003c00fd009d00ed
fff40014fffcff33
006c0004ffecffc4
00440044004c0064
005c004c00440044
005c006400640064
000c0024003c004c
0004fffcfffc0004
00c500d500d500cd
005c006c007c00a5
002c00440044003c
0064005c0044002c
012500c500fd00cd
040003f003b0027e
03e8040003f003e8
0400040003e003b0
03f803f803f00400
038803b803e803f8
02ef0307031f033f
02b702bf02cf02d7
022e023e026e029f
026e0216022e023e
010501ae02460297
037f02df01650095
0125023e032f037f
028f0226018e010d
022e021601fe0256
02af02870246022e
02bf02b702af02af
02f702ef02df02cf
02ef02ff02ff02f7
0216028702bf02e7
ffa4016501350115
fff40014001cff2b
004c0014ffe4fffc
004c0054005c0064
005c00540054004c
0054006400640064
000c0024003c0044
0004fffcfffc0004
00bd00cd00cd00c5
004c0064007c009d
002c002c0034002c
007400540044002c
013d0145012500cd
03f003c80377024e
040003f003f803f8
0400040003d003c8
03f803f803f80400
036f039803d803f8
0307030f031f033f
02bf02cf02e702f7
0266025e0276029f
0216024e0266026e
01fe020601fe01fe
0317025601be01be
01de021e02c7033f
01c601fe021e01fe
0246023e021601ce
02a7026e0246023e
02cf02c702bf02b7
030702ff02f702ef
02f7030f030702f7
01fe028702b702e7
feb3009d01d601b6
ffec001c0014fefb
00440014ffecfffc
0054005c005c0054
005c005c005c005c
004c005c00640064
000c00240034003c
fffcfffcfffc000c
00b500cd00cd00cd
004c0064008d009d
002c0024002c0034
0085005c0044002c
01de018e00dd00a5
03c803d0035f0266
040003d003d803e8
040003f003c803d8
03f0040004000400
035f039003c003e0
030f031f032f0347
02cf02ef02ff02ff
028f0287028f02af
0287029f029f028f
01e601ee020e0236
024601de01c601d6
020601f60236028f
022601ee01f6020e
026e027e0266023e
0287025e025e0266
02e702e702d702bf
02ff02ff030f02ff
02f7030f03170307
01f6027e02a702d7
fe72ff1b016d0216
000c002c000cff0b
002c001c0004ffec
0064006c005c0054
00640064005c005c
004c005c00640064
001400240034003c
000400040004000c
00bd00d500cd00cd
00440064008500a5
003c003400340034
008d005c004c003c
02660105007c006c
03b003e0035f0327
03f803e803e803c0
03f803e803e803f8
03e803f804000400
0377039003c003e8
032f033f034f035f
02ef0307030f031f
02af02af02af02c7
029f02a702a702a7
01ee02160246026e
01ee01e601e601e6
01ee020601f601fe
0256021601ee01de
028f02970287026e
025e026e0287028f
02f702ef02df029f
030f03070317030f
02e702ff0317031f
01ce026e029f02bf
fe7afe0a002401fe
000c00240014ff2b
00240034000cfffc
0064006c005c004c
006400640064005c
004c0054005c0064
000c001c0024003c
0004fffc00040004
00c500d500dd00d5
004c006c008d00ad
003c003c003c0034
00850064004c0044
01be0095004c0054
03a803e0036f0367
0400040003e80367
03f803f003f003f0
03f803f803f80400
039803b803d803f0
0357036703670377
02f7030f0327033f
02cf02df02e702e7
027e029f02a702bf
01e6021e02560276
01ee01e601de01de
01de01ee01e601e6
022601fe01e601d6
02870287026e024e
0276029702a70297
02ff02f702c70287
031f031f031f0317
02df02ef03070317
01ae024e029f02bf
fe6afdbaff9401e6
0014001c0004ff1b
00240044fffc0004
005c0064005c004c
0064006400640064
0054005c005c0064
000c001c00240044
0004fffc0004fffc
00cd00dd00e500dd
00540074009500ad
00340034003c003c
007c0064004c0044
01650044002c0054
03c803c0032f031f
03f003f003f003b8
040003f003e803f8
0400040004000400
03b803d003e003f0
036f037f039003a0
030f031f033f0357
02c702e7030f0307
027e028f02a702b7
01e601fe0236026e
01ee01e601de01e6
01fe01ee01d601de
020601f601f601f6
0276025e02460226
029702af02a70287
02ff02df02a7028f
031f0327031f0307
02d702ef0307031f
01fe023e029702b7
fe42fe9b01b6026e
0034001cfffcff0b
0034004400040014
0064006c006c0044
0064006400640064
004c005c00640064
0014001c00240044
000c00040004000c
00cd00dd00dd00dd
004c006c008d00ad
00340034003c0044
00850064004c003c
012d002c00240064
03b802d702af02cf
03e803e803f803e0
03f803d803d803f8
03f8040003f803f8
03c803d003f003f0
0377039803a803c0
030f031f03470367
02af02bf02e702ff
026e0276029702af
01fe020e02260246
01ae01ce01e601f6
01d601b6018e0186
020601e601de01d6
0256024e02360226
028f0287026e025e
02ef02c7028f029f
031f031f031702f7
02cf02e702f70317
0246022e028702af
fe32ff84029f02ff
0034001c0004ff2b
003c00440014001c
006c007c00740044
0064006400640064
004400540064006c
001c00240034003c
000c000c000c0014
00c500d500dd00d5
004c006c008d00ad
003c0034002c003c
007c005c004c003c
00e5003c002c0064
0327022602660297
03f803f803f003d8
03f803d803c803f8
03f0040003f80400
03c803d003e803e8
0377039803a003b8
02d702ef031f0357
0297029f02a702bf
0266027e029702a7
024e024e025e0256
01e6021e022e0256
021601e601b601ae
021e022e0236022e
0256024e023e022e
025e0256024e0246
02df029f02760276
0307030702ff02ef
02cf02e702ef0307
025e01ee027602a7
fe2afed30266035f
0034001c002cff53
003c003c0024000c
0074008500740044
006c006400640064
004c005c0064006c
002c003c00440044
00140014001c001c
00c500dd00dd00dd
004c006c008d00ad
0034002c002c0034
0074004c00440044
00a5003c003c0054
021601be02460297
02b702b70317030f
03f003a0036f02ef
03f00400040003f8
03b803c803d803d8
0367037f039803a8
029702b702cf032f
02bf02af027e0276
02bf02bf02c702c7
025e029702c702cf
021e0226020e0236
0206020e021e0206
028f028f02660226
026602760287028f
020e022e0256025e
02cf025e02260226
02ff02ff02ef02df
02c702e702ef02ff
00cd005c0246029f
fe1afdeaffec0186
0024001c0034ff4b
00440044003c001c
0074008d00740054
007c006c006c006c
00740074007c0085
001c002c0044005c
0024001c001c001c
00cd00d500dd00dd
00540074009500b5
003c003c00240034
0054004400440044
0074001c003c0044
01f6018602460266
0044ffd401f6025e
039000ddffb4ff4b
03f00400040003f8
03a803b803c803e0
03570367037f03a0
02870297029f0317
030702ef02cf028f
02ef030f032f032f
02160246027e02cf
01d601de01ee01f6
02160216020601de
025e023e02260216
029f028f029f0287
01e6022e0276029f
02cf021e01c601f6
02ff02f702e702df
02bf02d702ef02ff
fdaafe6a01d6029f
fe12fda2fd9afdca
003400340014ff23
004c004c005c0034
0095009d006c0064
00cd00b5009d009d
0054008d00bd00c5
000c0014001c0034
002c001c000c000c
00cd00dd00e500e5
005c0074009500b5
003c003c002c003c
0044004400440044
004c000c00240034
0216016d028f020e
ffcc004c01de02e7
032fff94fe2afe22
03e003f804000400
03b003a803b803d8
034f035703770390
025e025e027e0307
015501750206027e
022e0276026601c6
016d018e01a601ee
00ed010501350155
01450135013d0105
01960186017d0165
010d015501a601a6
021601ce01650125
02d70226017501ee
02ff02ef02df02df
02b702cf02df02f7
fd11fdca013d029f
fe0afd92fd51fd11
003400740014ff0b
00640064007c003c
00e500b500850085
00a500c500ed0115
002c004c0064008d
000c0014001c001c
002c001c0014000c
00cd00dd00e500e5
005c0074008d00ad
003c0034002c003c
003c003c003c003c
00240004001c0034
01b6019e02af01e6
fff400dd020e02d7
01fefea3fe3afe72
03e803f8040003f8
03c003b803c003d0
033f035f038803a0
02060216025602ff
008500a500bd017d
01fe01ce011d0085
01b601ce01e601e6
0186019e01ae01a6
017d0186017d017d
01a60196018e018e
0044009501350186
01de011d00bd009d
02df024e016501c6
02f702ef02e702e7
02b702c702cf02e7
fd11fd710054028f
fe02fd92fd41fd09
002c00850014fefb
00640074007c0034
008d008500740074
006c00740085008d
003c004c0054005c
0014001400140024
0034002c001c0014
00c500dd00e500e5
004c006c008500ad
003c0034002c003c
0034003c003c0044
0014000c0024002c
019e025e02b7016d
005400b5024e026e
0125fe42fed30024
03f80400040003e0
03c003b803c003d8
0347037703a003a8
01ce01fe027602ff
01ee01be016d016d
01ee01ce01d601ee
020e020e020e01fe
020e021602060206
020e01f601f60206
01ee020e020e020e
01a6016d017501ae
01d6018601ae01de
02e7027601ae01b6
02ef02f702f702ef
02bf02cf02c702e7
fd29fd51ff73025e
fdfafd92fd41fd21
0034008d0004fecb
005c007400740024
006c0074006c006c
0064006400640064
0034004400540064
0014000c000c0024
003400340024001c
00c500dd00e500e5
004c006c008500ad
003c003400240034
0034003c00440044
00140014002c002c
01f602cf02e70115
fecb004c0256023e
00a5ff03006cffc4
03f003f8040003a0
03b803b803c003e0
0357038803a803a8
020e023602a7030f
024e021e01fe01f6
0246027602760266
01fe0206021e024e
020e021602060206
021e0226021e0206
01f601f602060216
023e025e023e0216
01e601d601fe022e
030702af020e01ce
02e702f702ff02ff
02bf02df02d702e7
fd49fd59fe7a01de
fe02fd8afd41fd31
0044007cffc4feb3
0064007c006c003c
006c0074007c0074
006c006c006c006c
0034004400540064
000c000c000c001c
003c002c001c000c
00c500dd00e500e5
0044005c008500ad
0034002c00240034
0034003c00440044
000c001c0034002c
029702f7025e009d
fea3008d027e0256
00dd0034ff73fe8b
03f003f00400031f
03b003c003d003e8
0377039803a003a8
025e028f02e70327
026e025e026e0266
02df02df02d702a7
027e029702af02d7
02560266026e0276
026e02560256025e
028f0287026e0266
024e027e029f029f
021e021e022e023e
02f702c702660216
02e702ef02f702ff
02a702df02e702ef
fd61fd61fdba00e5
fdfafd8afd49fd41
003c0054ffbcfe9b
007c007c006c005c
006c007c00850085
0064007400850085
0034003c004c005c
000400040014001c
002c0024001c000c
00c500dd00ed00ed
0044005c008500ad
0034002c002c0034
00340034003c003c
000c002c00240024
0317032f019e0054
fef301150276029f
008dffa4ff23fe93
040003f803f0029f
03c003d803e803f0
0388039803a003b8
02af02df030f034f
02b702af02af0297
0307030702ff02d7
02f702ff02ff0307
02df02df02e702ef
030702ff02f702ef
02e702ef02f7030f
026e028f02af02d7
024e024e0256025e
02e702cf02970256
02e702ef02ff02ff
025e02cf02ef02ef
fd82fd69fd41ffa4
fe0afd9afd61fd59
004c0024ffacfe93
0095009d007c006c
006c0074008d008d
008d009d00a5008d
001c00240044006c
0004fffcfffc000c
00240024001c000c
00c500dd00f500fd
0044005c008500ad
003c002c002c0034
002c0034003c0044
001c0024000c001c
033f02b700fd003c
ff4b0186024e02a7
008dfefbff23fea3
04000400037f013d
03e003f003f80400
03a0039803b003d0
02ef02ff032f0377
02f702f702df02bf
0327030f030702ff
03170327032f032f
031703170317030f
03070307030f0317
02f702f702ff030f
029702af02c702e7
02660266027e027e
02e702df02cf027e
02df02f702f702f7
01c602af02e702df
fd82fd49fd21fe8b
fe22fdbafd82fd71
006c001cff9cfe7a
0085009d00a50095
005c007c008d0085
00a5007c00640054
002c005c009500ad
0004fffcfffc000c
00240024001c000c
00cd00dd00ed00f5
0044005c008500a5
0034002c002c0034
002c003c00440044
002c0004fff40014
0347019e00bd0054
ff9c01ce02360287
008dfef3fef3fe83
040003f8026e0064
040003f804000400
039803a803c003f0
0317031f034f0390
030f030702e702ef
0327031f0317030f
03470347033f0337
0327031f0337033f
031f030f031f0327
02ef0307030f031f
029f02b702cf02df
0287027602870297
02df02e702e702b7
02e7030702ff02ef
00ad029702d702df
fd82fd29fd21fde2
fe22fdd2fd9afd9a
008d0054ffa4fe7a
0064006c008d0095
0074007c00850074
00640064005c0064
00b500b5007c006c
000c000c0014003c
0034002c00240014
00c500e500f500f5
00440054007c00a5
003c0034002c0034
002c003c00440044
002cfffcfffc001c
02ef010500a50064
001c01ee022e02f7
ffccff43ff03fe7a
03e80388010d001c
040003f803f803f0
03a003b803d803f8
032f033f036f0398
030702f702ff030f
03370327031f030f
035f035f03570347
032f0317032f0347
033703370337032f
02ef030f03270337
02a702b702cf02d7
0297028f0297029f
02cf02d702cf02bf
02f7030702f702d7
ff2b021602b702df
fd71fd19fd69fda2
fe1afdcafdbafdb2
007c0074ff8cfe7a
007c007c008d0085
006c007c00850074
0054005c0064006c
008d005400440054
000c001400340074
003c003c00240014
00cd00ed00fd00fd
0044005c008500ad
003c003c002c003c
002c0034003c003c
000cfff4000c0024
023600cd0095005c
006c01fe029f036f
ff53ff23fefbfebb
03d0020600040054
0400040003f803f0
03c803e003f00400
033f035f039003a8
030702ff030f031f
032f03270327030f
0347033f0337033f
0337032f032f0337
032f033f033f0337
02e7030703170327
02a702b702b702cf
02a7029f029f0297
02d702df02cf02b7
02df02f702e702d7
fdea00ad027e02cf
fd59fd31fd92fd8a
fe3afe02fdeafdba
006c006cff63fe83
0085009d009d007c
00640074007c007c
0054005c0064006c
002c0034003c0044
001c002c0044003c
002c002c00240014
00d500ed00fd010d
00440064008d00ad
0044003c002c0034
002c003c00440044
fffcfff4000c001c
01e600d5009d0034
00bd0266034f032f
ff4bfedbfec3ff1b
02d70024ff5b007c
04000400040003f8
03e803f803f803f8
034f037f03a003c8
02ff0307031f0337
031f031702f702f7
0307030f03070317
02ff02f702ef02f7
02ff030703070307
02d702e702f702ff
02a702b702b702c7
02a702a702a702a7
02ef02f702d702af
02bf02d702df02df
fd59fecb01ae02a7
fd51fd61fdaafd79
fe6afe2afe02fdc2
006c0054ff3bfe83
009500ad009d0085
006c0074008d008d
004c0054005c0064
001c0024002c0034
0024003c002c0024
002c002c0024001c
00dd00f5010d0115
004c006c008d00ad
0044003c003c003c
00240034003c0044
ffecffe4fffc0004
01fe00fd00bd001c
010502e703370287
ff43fec3ff1bff73
00adfefbfea3ffc4
040003f804000367
03f00400040003f8
036f039803b803e0
02ff030f03370347
02ff02f702df02ef
02d702e702e702e7
02b702b702a702af
02d702bf02bf02bf
02c702c702cf02df
02af02b702c702bf
02bf02af02af02a7
02ef02f702e702bf
02af02d702df02df
fd49fda2ffcc022e
fd69fd79fdaafd71
fe7afe5afe1afdba
007c003cff03fe6a
009d00ad008d0095
007c00850095009d
004c0054005c0064
001c001c001c0034
0024002c001c001c
002c002c0024001c
00e501050115011d
005c0074008d00bd
004400440044004c
001c0034003c0044
ffe4ffe4fffcfffc
0206013d00cd001c
01a6033f02bf0246
ffa4fecbff43fff4
ff63fe52fe62ff84
03f803f803d801f6
03f8040004000400
039003c003e003f0
0317032703470367
02df02f702ff030f
02b702cf02d702cf
02af029f027e028f
02bf02b702af02a7
02b702b702af02bf
02af02bf02c702bf
02c702bf02b702af
02bf02cf02df02cf
025e02bf02cf02c7
fd51fd49fdc20074
fd92fd79fdb2fd69
fe52fe5afe32fdc2
0085002cfee3fe5a
00ad00a5008d008d
0085008d009500ad
004c005c0064006c
001c001c002c0044
0014000c00140014
002c002c00240014
00ed010d011d0125
005c0074009500c5
00440044004c004c
001c0034003c0044
ffecfffc00040004
01fe016d00d5001c
030702af026e0256
ffacff23ffac00d5
feb3fe0afe83ff8c
040003e803880175
0400040004000400
03c003e803f003f8
0337034703670398
02e7030703170327
02b702cf02cf02cf
02bf02b7029f029f
02bf02c702bf02b7
02c702cf02bf02b7
02b702bf02b702bf
02bf02c702bf02b7
02af02bf02c702c7
00bd023e029702af
fd61fd49fd09fe02
fd92fd71fdc2fd79
fe4afe4afe32fdda
0074fff4feb3fe4a
00a500950085006c
007c0085009500bd
0054005c0064006c
001c001c00340044
0014000c000c000c
0034002c0024001c
00ed010d0125012d
005c006c009500c5
0044003c0044004c
0014002400340044
fff4fff40004000c
01fe018600f5003c
02b7023e02560256
ff5bff33006c0287
fe1afe32feabff8c
03e803c002ff00bd
0400040004000400
03f0040004000400
03570367039003d0
02ff0317032f0347
02bf02d702d702e7
02df02df02c702c7
02d702cf02cf02df
02d702e702df02cf
02c702cf02c702cf
02b702bf02b702bf
02af02b702bf02bf
fe02005c02060287
fd79fd51fd01fcf1
fd9afd92fdcafd9a
fe3afe32fe22fde2
004cffacfe8bfe42
008d007c007c004c
006c007c009500a5
00540054005c0064
001c0024003c004c
0014000c0004000c
003c002c0024001c
00e5010d012d0145
004c0064009500bd
0044003c0044004c
000c00240034003c
000cffdcffe4fffc
023e01be011d006c
018e022e02460236
ff13ff63022e028f
fe0afe6afed3ffb4
03e003b0027e0034
0400040003f803f0
03f803f803f80400
038803a003d003f8
03270337034f0367
02f702f70307031f
0307030702f702f7
02f702f702ef02ff
02e702ef02f702f7
02df02e702df02df
02b702bf02c702cf
0266028f02af02b7
fce9fde200850206
fd71fd69fd19fcc9
fd9afddafddafd9a
fe12fe22fde2fd9a
0024ff5bfe72fe5a
0085006400540024
007c0085009500a5
004c004c0054005c
00240034003c0044
001c000c0004000c
003c00340034002c
00ed011501350145
004c005c008d00bd
003c003c0044004c
0014002c0034003c
0024fff4ffecfffc
024e01c6011d00ad
01550226021e020e
ff94017502b700f5
fe42fe4aff03ffac
03e8033f01d6ffb4
040003f803e803e0
0400040004000400
03b003e003f80400
0367036f03880398
032f032f03370347
032f032f03270337
03270327031f0327
030f03170317031f
02ef02ff02ff02ff
02b702c702d702e7
01be0216026e029f
fcc1fd39ff94015d
fd51fd79fd31fcd1
fd82fe02fdf2fd82
fdfafe02fdb2fd79
0004ff1bfe7afe4a
006c003c0014fffc
007c007c00850085
004400440044005c
001c001c002c0034
001c0014000c0014
0034002c00240024
00ed01150135014d
004c006c008d00bd
0044003c0044004c
0014002c00340044
005c001cfffcfffc
025e01f6011d00e5
0186023e020e0216
018e022600ad0074
fe22fe5aff530014
03f002c700bdffdc
03f003f803e003e0
04000400040003f8
03e80400040003f8
03b003c003c003d0
0377037f039003a0
03670367036f0377
034703570357035f
033f034703470347
03070317031f032f
028702bf02cf02ef
014d017501ce022e
fcb1fd01ff33011d
fd59fd71fd49fcd9
fd79fdeafdeafd9a
fe02fddafd82fd69
ffd4fef3fe8bfe1a
004c0014ffe4ffd4
006c0064005c0064
002c002c003c0064
000c000c001c0024
0024001c001c001c
00340034002c0024
00ed011d013d0155
005c006c008d00bd
004400440044004c
0014002400340044
00a50044000cfffc
026e0246016d0105
017d021601e601e6
0175ffdcffac008d
fee3ffac00540175
03e00206ffa40064
03f803f803e003e8
040003f803f003f0
0400040003f803f8
03f003f003e803f0
03c003c803d003e8
0388039003a003b0
036f037f037f0388
0357036f0377036f
02ff031f03370347
01de0246029702d7
01350155016d0196
fcb9fce9ff0b010d
fd71fd71fd59fcf9
fd8afdd2fdc2fda2
fe1afdbafd59fd69
ffbcff03fe83fe02
0024ffecffbcffcc
005c00440034003c
0024002c005c0064
001c001c001c0024
003c003400340024
00640064004c003c
00ed011d013d0155
0054006c008500bd
004400440044004c
001400240034003c
00b50074000c0004
0266029701de013d
018e021e01d601c6
ffd4ff4bffd400a5
ffbc0054010d014d
03d0014dff6bff9c
03f803e003e003f8
03f803f003f80400
04000400040003f8
0400040003f80400
03f003f003f80400
03c803c803e003f0
03a003b003c003c0
035f037703880390
02c70317033f0357
019601be01ee0256
013d014d015d016d
fce1fd01fedb010d
fd79fd71fd61fd19
fd8afdd2fdaafd8a
fe0afd92fd61fd92
ffccfefbfe5afe12
000cffd4ffacfff4
0054003c001c0024
001400340054005c
0014000c00040004
005c00440034001c
0135011500ad007c
00e5011d013d0155
004c0064008500b5
004400440044004c
001c002c0034003c
00d500950044000c
0226027e0246018e
019e022e01e601c6
ff6bfff400340085
fffc003c0064ffec
035f005cff84ff84
03e003d003f00400
03f803f8040003f8
0400040003f803f8
03f8040004000400
03f003f803f80400
03f003e803f803f0
03c803e003e803e8
036f039003a003b0
0206027602e7033f
017d018e01a601be
014d014d0165016d
fcf1fd11feb30105
fd79fd71fd51fd31
fd9afdc2fdaafd82
fde2fd82fd8afda2
ffdcfed3fe42fe22
ffd4ffacffc4004c
0044003400240004
0024003c0044004c
0054003400140004
0085009d009d0085
008d008d00740074
00e50115013d015d
00440054007c00b5
00440044003c0044
001c002c0034003c
015d00f5009d002c
01ee020601e601a6
01be0256020601be
ffb40054001c00c5
0044ffb4ff2bff9c
0307ffe4004400c5
03d803e004000400
03f8040003f803e8
03f003f803f803f8
03f003d803d003e0
03f803f803f803f0
03f003f003f803f8
03d803f004000400
02d70347039803b8
01c601de02160266
018e019601ae01be
016d016501650175
fce9fd01fe9300fd
fd69fd71fd49fd31
fdaafdbafda2fd82
fdc2fd9afdbafda2
ff94feb3fe42fe22
ffacff9cffdc001c
005c00340004ffdc
0074007c006c006c
00b500bd007c0054
00540064007c008d
003c00440044004c
00e5011d0145015d
00440054007c00ad
004c004c0044004c
002c002c003c0044
014d01350105008d
01d601de0196011d
01be025601fe01a6
003cffc4ffc400d5
ff73fe9bfeebffc4
02c700850135009d
03d003f003f803f8
03f803f803e003d0
03d803e803f003f8
039003a003a803c0
0390039803900388
036f038803980390
02e7031f033f0357
021e023e026e02a7
01de01de01ee01fe
018e01ae01b601ce
0175017d017d016d
fce1fce9fe7a00f5
fd51fd59fd61fd31
fdb2fdb2fdb2fd8a
fdc2fdcafdbafdba
ff94fe8bfe42fe1a
ff940014012500dd
003c0004ffccffa4
004c004c003c004c
0034003c00240034
0034002c0024001c
004c004c003c003c
00dd01150145015d
00440054007400a5
0064005c004c0044
009d005400540064
00cd00ed009d00fd
01e601fe01ae00e5
01e6024e01e6019e
004cff7bffc400cd
fe93fe9bff53002c
028701650165ffcc
03d003f803f803d8
03f003e003e803d0
03c003d803e003e8
0377039803a003b8
03170327033f035f
02bf02df02ef02ff
024e026602870297
020e021e021e0236
01d601e601ee01fe
0175018e01ae01ce
016d017d01860186
fce9fcd9fe5a00ed
fd39fd39fd61fd39
fda2fd9afdb2fd92
fdd2fdd2fdc2fdca
ff3bfe72fe4afdfa
002c01e601b60054
fff4ffd4ff9cff8c
0024002c0024001c
000cfffcffec000c
0044003400240014
00540054004c004c
00c500fd01250135
002400340054008d
005c0054003c0024
009d005c0054005c
007c00dd009d00ad
01de01ee01c600cd
0236025601b6018e
003cff94fffc00fd
febbff33ffc4ffa4
0297016d001cff4b
03e0040003f803e0
03e803d803c003b0
03c803d803e003f0
039803a003b003c8
0317034f035f0377
02c702d702f702ff
02660276028f02a7
020e022602360256
01c601de01ee01fe
01960186018e01ae
016d016d0186019e
fd09fce1fe5200e5
fd09fd01fd39fd49
fdaafda2fd92fd61
fdd2fddafdcafdd2
ff03fe7afe4afdf2
ff94fffcffc4ffbc
ffbcffb4ffa4ff6b
0014001c0014ffe4
fff4ffdcffdc0004
003c003c001c000c
004c004c004c0044
009500cd00ed0105
fffc00140024005c
003c002c0014fffc
009d0054004c003c
005400b500ed00cd
01de01be01b600cd
02560256018e017d
006cffec001c0115
ff33ff1bff2bff53
013d0064ffdcff84
03f803f003e80337
03f003b8039803d8
03d003e803f003f8
039003a803c003c8
0327035f03670377
02cf02df02f70307
02760287029f02b7
02060226023e0256
01ae01be01d601e6
01a60196018e0196
0165017501860196
fd19fd09fe8300dd
fd01fcf9fd21fd49
fdb2fdc2fd92fd49
fdd2fdc2fdd2fdca
feebfe83fe32fde2
ff53ff6bffa4ffb4
ffbcffa4ff9cff53
00040004fffcffd4
ffe4ffbcffd4fff4
0034002c001cfffc
004c004c004c0044
0054008d00a500c5
ffccffdcfff40024
00140004ffecffd4
00bd006c00340024
004c007c012500d5
01d6019e019e00f5
027e025601550145
00ad004c004c0155
feebfedbff13ff94
001c0024ffe4ff7b
03f803f003f0021e
03d8039003b003f0
03e003f803f803f8
039803b003c003d0
033f035703670377
02df02f70307031f
0276028702a702bf
01f6021602260246
01b601b601be01de
019601a601a601ae
015d0175018e019e
fd29fd41fedb00dd
fcf1fce9fd11fd39
fd92fdb2fd9afd31
fddafdcafdd2fdb2
fedbfe7afe0afde2
ff8cff94ffecffac
ffccff94ff7bff4b
fff4fff4ffe4ffd4
ffccffb4ffccffec
002c0024001cfff4
004c004400440044
0014004400540074
ff9cffa4ffbcffec
ffecffd4ffbcffa4
00b5009500340004
002c004400b50105
01be018e019e00fd
028f024e012500fd
00cd00b50085018e
ff3bfefbff23ffdc
ff5bffd4ffecff9c
03f803f803e801ae
03b003a003d803f0
03e803e803e003d8
03b003d003d803e8
032f034703670388
02e702f703070327
02560276029f02b7
01e601fe0216022e
01c601ce01c601d6
018e01a601b601be
0145016d0186018e
fdc2fe1aff7b00dd
fce9fce1fd11fd51
fd82fd82fd69fd21
fdd2fddafdd2fda2
fecbfe52fdf2fde2
ff73ffa4002cff9c
ffb4ff84ff63ff43
fff4ffecffdcffcc
ffbcffacffccffec
0034002c0014ffec
0044004c004c0044
ffc4ffec00040024
ff5bff5bff73ff94
ffc4ffa4ff7bff63
00d500640044ffe4
0014000c005400ad
01ce019e01b60105
029f024e010d00bd
00cd012500b501a6
ffa4ff1bff53fff4
fed3ff4b000cffb4
03f8040003f0017d
0390039803b803f8
03d003c803c803a8
03a003b803c803e0
0317033703570377
02b702cf02df030f
023e025e0276028f
01f601fe020e0226
01ce01d601d601d6
01860186019e01b6
0115014d0175017d
ff33ff3b000c00bd
fdcafd79fe02fef3
fdaafdf2fe12fe02
fddafdeafdcafdaa
feabfe32fdeafdd2
ff6bffdc0054ff6b
ff84ff5bff4bff5b
ffe4ffd4ffd4ffb4
ffc4ffb4ffd4ffe4
003c002c0014ffec
004c004c004c0044
ff6bff94ffacffcc
ff13ff0bff23ff43
ff8cff6bff43ff23
00d50074001cffdc
0004ffcc0014001c
01a601b601c60125
02d702460115006c
00bd015500e501c6
fffcff5bff94ffdc
fec3ff03006cffbc
03f8040003f001fe
0377039003c803f8
03b803c003b00390
037f037f03a003b8
0317032f03370357
02a702bf02cf02f7
023e02560276027e
01ee01fe020e0226
01be01c601d601de
0165016d017d019e
00dd0125015d0165
0024ff9c004c009d
01350054009500dd
fe6a0024013d0175
fdf2fdeafdbafdba
fe7afe1afddafdd2
ffac005c0064ff33
ff94ff73ff6bff8c
ffccffbcffc4ffac
ffccffbcffd4ffdc
0044003c0024fffc
003c004c004c004c
ff0bff33ff4bff63
fecbfecbfedbfef3
ff4bff2bff0bfeeb
0024008d0024ffc4
ffe4ff9cffd4ffcc
015d01c601ce011d
02ff024e0155004c
00c50196013d0206
ffecff9cffacffcc
fed3fecb0034ff7b
040003f803e802a7
037703a803e803f8
03c003b003a00390
03670377039803b0
02ff031703270347
029702af02c702e7
022e02460266026e
01e601f602060216
01a601b601c601ce
0145016501650186
00ad00d5011d012d
005cffd4004c008d
024601f60175010d
01050236026e0266
fdfafddafde2fee3
fe5afdfafde2fdf2
001c00a50044ff0b
ffc4ffbcffa4ffac
ffccffb4ffacffb4
ffdcffc4ffdcffdc
004c003c002c000c
0034003c004c0054
feb3fecbfee3fefb
fe9bfe93fe93fea3
ff23fedbfed3feab
ffb4ffcc006c0024
ffbcff63ff9cffa4
016501de01ce011d
0317029701960095
00cd01de015d0226
ffec0004ffa4ffe4
fefbfe8bffc4ff33
0400040003e002ef
037703c803f003f0
03b8039803900377
0367038803a803a8
02ef03070327034f
0287029f02bf02df
0226023e024e0266
01d601ee01fe020e
0186019601b601be
0115013d014d0165
0095008d00bd00e5
00cdfff4002c007c
0266023601de017d
0256028f028f0287
fdf2fdfaff3b015d
fe2afdf2fe02fe02
002c0074ffd4febb
ffe40004ffa4ffd4
ffccffbcffacffa4
ffccffd4ffecffe4
004c003c001cfff4
0034003c004c0054
fe72fe7afe93fea3
fe7afe7afe72fe72
ff23fe93fe83fe7a
ff9cff53ff94007c
ffb4ff43ff73ff6b
017d01de01d60125
033f02bf018600c5
00c501f6018e0226
ffec0085ff6bffdc
ffdcfe62ff43fee3
0400040003d80347
037f03d003f80400
03980390036f0367
0377038803980390
0307031703270347
0276029f02c702e7
021e0236023e0256
01ce01f60206020e
016d017d01a601b6
00dd010d012d0145
00740074009d00bd
0145005c0004006c
027e025e023601d6
026e027e0287028f
fe0aff2b015d022e
fe02fe12fe22fe0a
002c006cff73fe6a
ffc4ffd4ffd4ffd4
ffbcffacffa4ffa4
ffbcffccffe4ffdc
005400440024ffec
003c003c004c005c
fe62fe62fe6afe72
fe72fe7afe72fe72
fedbfe6afe62fe5a
ff84ff03fee3ff94
ffb4ff2bff53ff33
019601be01be010d
034f02d701ae00cd
00ad01e6022e0266
ffd400adff5bffd4
0135ff94ffd4fed3
0400040003e00398
036f03b003f80400
03980390035f034f
0377038803900398
030f032f03370357
026e029702b702df
02260236023e024e
01be01ee020e0216
0145015d017d0196
00c500e500fd0125
003c005c007c00a5
01b600c5fff4003c
0297028f0266022e
0256026602760287
fee3011d02360246
fe22fe3afe32fe2a
00240024fee3fe32
ffbcffa4ffd4fff4
ffc4ffb4ffbcffcc
ffbcffc4ffe4ffdc
00540044002cffec
003c004c0054005c
fecbfebbfe9bfe8b
fec3fed3fed3fed3
fe83fe7afe8bfea3
ff3bfeabfebbfef3
ff94ff0bff2bff13
01c601be01a600d5
0357030f020e00b5
0064018e026602b7
ff1b005cffa4ff94
02d7028f026eff9c
03f8040003e803c0
036f03b003f80400
0388037f0357034f
036f037f03a00398
0307032f033f0357
026e028702a702d7
021e022e02360246
018e01c601fe0216
012d01450155016d
009d00bd00e50105
0004002c004c0074
021e019600cd001c
029f029f0287025e
022e024e026e0287
00ad01de020e0226
fe62fe6afe32fe9b
0044ffccfe72fe42
ffbcff84ffc4fffc
ffdcffd4ffecffec
ffc4ffd4ffecffe4
004c003c001cffe4
004c004c00540054
ffb4ffa4ff73ff5b
ff9cffb4ffbcffc4
fec3ff03ff43ff63
fefbfea3ff03fee3
ff63fefbff13ff03
02260266020e00ed
0357030f0256015d
002c0155024e02b7
ff7b0014001cff8c
0347032703b8018e
03f803f803f803e0
036703c803f803f8
0377035f032f0327
0367037f03900390
02ff031f033f034f
025e028702a702cf
0216021e021e0236
017501ae01ee0216
01050135014d015d
0064009500bd00dd
ffb4ffec002c004c
0256021e019e0044
028f029f028f026e
020e0236025e027e
018601de01de01de
fe7afe42fe720024
002cff33fe6afe7a
ffacff94ffa4ffec
fffcfff4ffecffe4
ffc4ffd4fffc0004
004c003c0014ffe4
00540054005c005c
00cd00bd00950074
00a500bd00d500d5
ff6bffd40034006c
fec3fefbff5bff33
ff53ff13fefbff13
0246028f025e0125
036f03270287018e
fff4012d023e02df
032f018e00bdffd4
0398032f03c803b0
03f803f803f803f8
03b003f803f803f8
0357032f0317032f
035f037703770377
02f70307032f0347
023e0276029702bf
021602160216021e
0165018e01d601fe
00e501150135014d
0044006c009500bd
0004ffd400140024
02660256020600ed
02870297029f027e
01fe02260256027e
019601ae01ae01c6
fe4afe52ff84011d
ffccfecbfea3fe7a
ffc4ffa4ff7bffe4
0004fffcffe4ffd4
ffccffe400040004
004c003c0014ffec
004c005400540054
01ae019e01750155
0186019e01b601b6
004400bd0115014d
fefbff84ff9cffdc
fff4ff84ff13ff33
027e0256021e0186
0390035702d7021e
ffe400dd01fe0307
04000367010d0085
03e0037f03d803f8
03f003f803f803e8
03c803f803f803f8
0347031f0327036f
034f035f035f035f
02d702e70317032f
0236025e028f02af
020602160216021e
014d017501ae01d6
00c500e5010d012d
002c004c006400a5
01860064fff4fffc
0287027e025e01ee
028f02a702a70297
01f60226025e027e
017d0186019e01de
fe42fee30095015d
ff3bfebbfec3fe7a
ffccffacffa4ffd4
0004ffecffc4ffc4
ffccffec00040004
004c003c001cffec
0044005400540054
023e0226020601e6
02160226023e023e
00f5016d01be01fe
ff8cffbc00040074
0004001cff84ff4b
02c7028701ee0115
03a8038802f7027e
006c00ad01de0317
03f803d0028f0196
03f803c803d803e8
03e8040003f803e0
03d00400040003f8
032f030703170377
03470367036f0347
02cf02e70307031f
022e0256026e029f
01ee0206020e021e
0135015d018e01be
00a500bd00e5010d
0014003c005c007c
029f017dffe4fff4
029f028f02760226
029f02af02b702af
021e0246026e028f
016d019601de021e
fe6affbc00fd0165
ff03fee3feabfe6a
ffdcff94ff9cff94
fffcffccffbcffcc
ffccffe40004000c
003c002c001cffec
002c0054005c0054
01a6019e019e0196
01960196019e019e
01750186018e0196
0145014d014d0165
011501250135013d
00e500f501050105
00d500d500dd00e5
00dd00d500d500d5
010500fd00f500e5
01150115010d010d
0115011d011d0115
0125013d00fd00fd
011500fd00f500ed
00fd00ed00ed00f5
015d0135012d0105
00d500c500dd015d
00a500ad01450165
00c500d500c500ed
003c005c008d00ad
0034002c0024001c
009d004c0034003c
00a5008d009500d5
00d500cd00c500bd
00d500dd00d500cd
00e500d500cd00cd
01250115010500f5
01450145013d0135
012d0135013d0145
00e500f50105011d
00bd00bd00cd00d5
00bd00bd00bd00c5
00c500cd00cd00c5
01a6019e019e019e
018e0196019e019e
01750186018e0196
0145014d01550165
011d01250135013d
00ed00f50105010d
00dd00dd00dd00e5
00e500dd00d500dd
01050105010500ed
0115011d01150115
011d012501250115
00dd00f500fd0105
00ed0115012500ed
01550145011d00f5
00f5016d021601be
014500c500cd00d5
00ad009d00dd0145
00d5016500fd00dd
0054008500bd008d
0024003400440064
007c0095007c0034
00a5008d0085007c
00cd00d500c500b5
00c500cd00cd00cd
00ed00dd00cd00c5
0125011d010d0105
0145014d013d0135
012d0135013d0145
00e500f5010d011d
00bd00bd00cd00d5
00c500c500bd00c5
00c500cd00cd00c5
019e019e019e019e
0196019e01a6019e
017d0186018e0196
0145014d015d016d
011d0125012d0135
00f500f50105010d
00dd00dd00dd00e5
00ed00dd00d500dd
010d010d010500fd
012501250125011d
0115011d011d011d
011500ed00ed00fd
013d00f5010d0135
016d011d013d0165
00dd00d5012d019e
012d00f500c500d5
00fd00fd013d00d5
00b501050125013d
00540085010500c5
002c002c001c004c
00540074016d00c5
00bd00bd009d006c
00d500d500d500cd
00c500cd00d500d5
00e500cd00c500c5
012d011d011500fd
0145014d0145013d
0125013d01450145
00e500f501050115
00c500c500c500d5
00c500cd00c500c5
00c500cd00cd00c5
019e019e0196018e
019e01a601a6019e
017d0186018e0196
014d015501650175
0125012d012d0135
00fd00fd01050115
00dd00e500e500ed
00f500e500dd00dd
01150115010d0115
012d012d0125011d
0105011501250125
011d0135011500f5
0125011500fd00fd
0115011500f500f5
00f500dd00e500f5
011500fd00d500ed
015501e602060105
00d500e501050145
0024003c007c00bd
007400340024001c
009d0074008500cd
00ed011d00e500ad
00d500dd00d500d5
00cd00d500d500dd
00f500dd00d500d5
0125011d01150105
014d0155014d013d
012501350145014d
00e500ed00fd0115
00cd00c500cd00d5
00cd00c500cd00cd
00c500c500c500c5
019e019e019e0196
019e019e019e019e
017d0186018e0196
014501550165016d
0125013501350135
00f500fd010d0115
00e500e500e500ed
00fd00ed00e500e5
011d011d0115010d
0125012d01250125
01050115012d0125
00f5010d012d0125
00dd00dd01050115
00fd00f5010500ed
017d0135016d013d
01b601b6017d0165
016d02260256021e
00c5012d014d01de
003c003400340064
008d00640044004c
007c006c0064005c
00bd00b500a50095
00d500dd00c500bd
00d500d500dd00dd
00fd00e500dd00d5
0135012d011d0115
014d015501550145
011d012d0145014d
00e500ed00fd0115
00cd00c500cd00d5
00cd00cd00cd00cd
00c500c500c500bd
019e019e019e0196
019e019e019e019e
017d018601960196
014d015d015d016d
0125013501350135
00f50105010d011d
00ed00ed00ed00ed
010500fd00f500ed
011d011d0115010d
01250125011d011d
012d012501250125
00fd00fd00dd010d
00ed00dd00e50105
00f500f5010d0105
01fe025e01be0125
01d6016d016501b6
01a601ae016d01fe
005400a5013501c6
00340024002c003c
0054007c005c004c
0074005c004c0034
00cd00c500a50095
00d500cd00c500cd
00cd00cd00d500d5
010500e500d500cd
013d013501250115
014d015501550145
011d012d0145014d
00ed00f500fd010d
00cd00c500c500d5
00cd00cd00cd00cd
00c500c500bd00c5
019e01a6019e0196
019e0196019e0196
017d018601960196
014d01550165016d
012d012d01350145
00fd00fd010d011d
00ed00f500ed00ed
0115010d010500fd
011d011d011d011d
012d011d011d0125
010d0135013d012d
00f5013500ed00dd
00f500e500ed00dd
014d011d00fd010d
01ee020e01b6016d
018e01750175018e
01d6018e01a6018e
005400c50115019e
00340024003c003c
003c006400a5008d
0074005c004c003c
00cd00ad008d0085
00c500c500d500d5
00c500c500d500d5
010d010500dd00c5
01450135011d0115
014d014d014d014d
011d012d013d0145
00e500ed00fd010d
00cd00cd00cd00d5
00cd00d500d500cd
00c500cd00cd00c5
0196019e019e0196
019e019e019e019e
0175017d018e0196
014d015d0165016d
0125012d0135013d
01050105010d011d
00fd00f500fd00fd
01150115010d0105
012d01250125011d
011d0115012d015d
00f5010d0135013d
00ed018600fd00d5
014d017d015500e5
024e01ae01750145
02a702af02ff027e
01fe023e01c601f6
01ce024e023601c6
005c016501c6017d
0105006400440044
0044004c007400ed
008500640064006c
00c500b5009d0095
00cd00dd00fd00dd
00cd00c500d500dd
010d011d012500e5
0155013d0125011d
014d015501550155
011d012d01350145
00dd00f500fd010d
00cd00cd00cd00cd
00c500cd00cd00d5
00c500c500cd00cd
019e019e019e019e
019e019e019e019e
017d0186018e0196
014501550165016d
0125012d013d0145
010d010d0115011d
010500fd0105010d
012501250125010d
012501250125011d
011d011501350145
01750115010d0135
0115015500f500fd
01ae019e016d010d
02ef02c702970206
0347033f03570357
02c702c702bf02e7
0216030f02ff0246
00b501c6022e01d6
01960125008d009d
009d009d010d0125
00bd00c500c500f5
00dd00dd00d500c5
010d0115013d00e5
00f500d500d500ed
011500fd0105011d
015501450135012d
014d01550155015d
011d012501350145
00d500e500fd010d
00cd00cd00cd00d5
00c500c500cd00cd
00c500c500c500c5
019e0196019e0196
019e0196019e019e
017d01860196019e
014501550165016d
012d012d013d0145
011501150115011d
010500fd0105010d
013d012d011d010d
012d01350125013d
01350135014d013d
0196013d010d0125
0196013500ed00ed
024e022e01f601d6
03170337036702c7
02bf031f036f0337
025e0287021e0236
022602af02bf022e
0095022602c70256
00fd018e011500f5
00b500fd01a6011d
00c500c500ed0105
00bd00e500e500cd
011d011d00ed00c5
012500ed00bd00d5
0125010d00ed00f5
014d0145013d012d
014d0155015d015d
0125012d01350145
00dd00ed00fd010d
00cd00cd00d500d5
00c500cd00cd00d5
00c500c500bd00c5
019e019e0196018e
01960196019e019e
017d018601960196
014d01550165016d
01350135013d013d
01150115011d0125
010501050105010d
012d0125011d010d
013d0145014d013d
013d013d013d013d
00fd010d010d011d
02060145010d00ed
02d702cf023e021e
029f02ef02e702bf
01f6024e02bf028f
00e500bd008500ed
00e50115015d00ad
00bd01fe029f01be
01350165015d0115
00a500cd015d015d
011500dd00bd00cd
015d01350145013d
016501750115012d
00c500dd00ed00d5
0125011500f500dd
014d0145013d0135
014d0155015d0155
011d012d01350145
00dd00ed00fd010d
00cd00d500dd00d5
00cd00cd00cd00d5
00bd00c500c500c5
019e01960196018e
01960196019e019e
017d0186018e0196
014d015501650175
0135013d013d013d
01150115011d0125
0115010d010d0115
012d0125012d011d
019e0175016d012d
0125011d010d014d
012d00fd00fd0105
023601fe01d6015d
02f7034702c70287
028f023e026e026e
010d010d01de0276
ffa4ffccfffc0054
ff73ff84ff94ffac
01a6013d00bdffcc
0196015d017d0186
010500d5010d0165
0155015501650165
0115015d01a6014d
00dd00dd00f50115
00bd00c500d500cd
01450125010d00dd
0155014d013d013d
014d0155015d015d
0115012501350145
00dd00ed00f50105
00d500d500d500d5
00cd00cd00cd00d5
00bd00c500c500c5
019e0196018e0186
0196019601960196
017d0186018e0196
014501550165016d
012d0135013d013d
011d011d01250125
011d01150115011d
01250125012d012d
017501ae021e0145
0125012d016501e6
02a701ee0125010d
02f702ff02b702af
02df02f702f702df
01c6018e01d60236
00bd012d016d019e
ffe40024005c0095
ff43ff3bff4bffa4
001cfff4ffbcff63
01ee018601a6011d
01e60175018e020e
012d014d01ae020e
00fd00ed00cd00ed
00bd00bd00e500f5
010500ed00d500c5
0145013d013d0115
0165015d0145013d
014d015d01650165
010d0125012d013d
00dd00ed00f500fd
00d500d500d500d5
00cd00cd00cd00d5
00bd00c500c500c5
01960196018e0186
0196019601960196
0175017d01860196
01450155015d0165
012d012d0135013d
012501250125012d
0125011d011d011d
013d012d012d0125
013501a6027601ae
01650155017d0165
036f02ff020e019e
026e02e703470357
00f5019e0206020e
012d012d00d500e5
00f5012d012d00dd
ff6bffbc001c00b5
fec3fe93fe7afecb
003c002cff5bfeeb
01de01c6012500b5
020e0236024e01f6
013d013d018e01d6
0105012d012d0125
00bd00b500c500d5
00f500d500b500bd
012d012500fd00ed
016d01550145013d
014d015d0165016d
010d011d012d0135
00dd00e500ed00fd
00d500d500d500d5
00c500c500c500cd
00bd00c500c500c5
0196018e01860186
01960196018e0196
0175017d0186018e
01450155015d0165
012d012d0135013d
012501250125012d
012d012501250125
0186015d012d012d
016501a6027e021e
025e022e01ce0196
037f036f02df02af
01c6024e02e70347
0095003c00950125
0115017500ed0085
0095011d015d016d
fe93fe4afedbffc4
ff43ff53ff0bfec3
00740004ff4bff23
01ee01f6016d00a5
017d020e024e0206
0125014d01a6019e
00c50105012d0115
00b500ad00b500b5
00fd00bd00a500b5
0135011500f500fd
01650165016d014d
014d01550165016d
010d011d012d013d
00d500e500ed00fd
00cd00d500d500cd
00bd00c500cd00cd
00bd00c500bd00bd
018e01860186017d
01960196018e018e
01750175017d018e
01450155015d0165
01350135013d013d
012d012d0125012d
012d012d012d012d
01d601860125012d
017501be028f0256
021e027e020e017d
0327031702f70297
00fd01f6028702cf
00d5011500e50095
01b6021e01c600f5
001cffcc004c0105
ff53fe83fe32fedb
ff73ff7bffbcffc4
ff9cff84ff94ff5b
01de02060186007c
0236028f024e01fe
00ed00c5012d0196
00a500ad009d00a5
00b500b500ad009d
00ed00cd00c500bd
0125010d00fd00f5
01650196016d013d
014d015d01650165
01050115012d013d
00cd00dd00e500fd
00cd00cd00d500cd
00bd00c500cd00c5
00bd00bd00b500c5
018e018e0186017d
018e01960196018e
016d0175017d0186
0145014d015d0165
01350135013d0145
0135012d012d012d
014501350135013d
023601a60135013d
015501a6028f0297
026601de014d0145
02b70307033f033f
011d0125022e02b7
01350115019e0165
010d0206026e0216
ffc4ff8cff4bffac
ffdcffbcff8cffac
ff6bff8cff8cffd4
ff23ff4bff5bff4b
0216017d0095ff5b
02160256022e021e
0034005400f5013d
00c500a500a50074
00b500ad00bd00b5
00e500dd00cd00c5
01350115011500fd
018e018e0165015d
014d0155015d0165
01050115012d013d
00cd00dd00e500fd
00c500cd00d500cd
00bd00c500c500c5
00c500c500c500c5
018e0186017d0175
0186018e018e018e
016d0175017d017d
014d01550155015d
01350135013d0145
0135012d01350135
014d012d012d012d
025e018e0135015d
019601ae029f02d7
032702a7020e01e6
0317034703880357
021601de01de02cf
024e01fe018e0206
fff4013d0206025e
000cffbcffd4ff73
000c0034004c001c
feebff94ffc4ffdc
fe9bfecbff33fec3
021e014dfff4fecb
012d01a6016d01c6
ff4b000400d50105
00e50095005cff9c
00ad00b500a5009d
00fd00e500d500c5
018601450145010d
0206021e01de01be
015d018601ae01ce
00fd010d011d013d
00cd00d500dd00ed
00cd00cd00cd00cd
00c500bd00bd00c5
00bd00bd00bd00c5
018601860186017d
0186018601860186
016d016d0175017d
014d01550155015d
013d013d013d0145
0135012d01350135
0145013501350135
02560186013d015d
027e021602af029f
02d702a7028f0297
03570390036f0337
02a7029f01ee0287
028f02e7027e020e
ffa40014015d01ce
00ad004c00340004
006c0044003c0044
fe0afeabffcc0074
fdf2fdcafe8bfe22
017d00d5ff53fe2a
000c0004008d01e6
ffacffccff1bff9c
0064ff84ff43ff23
009500bd00ed00dd
00fd00e500ad008d
0145013501250115
0196018e016d0155
016d017d018e018e
00fd010d0125014d
00d500d500dd00ed
00cd00cd00cd00d5
00c500c500c500cd
00b500b500b500bd
01860186017d017d
017d017d01860186
016d016d0175017d
014d014d01550165
0135013d01450145
013d013501350135
013d013d013d013d
026601b6016d0186
02b7024e02af02a7
02cf025e029f02bf
033703a003a80347
029702bf02cf0287
0246031703770337
00a5006cffd4011d
007400ed00cd008d
005c0085008d009d
fdbafe0aff1b0034
fe3afddafe42fe2a
002cfffcff03fecb
001c009d01ce01e6
ffccfebbfe2aff8c
ffa4ff13fef3ff63
0085009500b5006c
00ed00c5008d0085
0145013d012d0115
0165016501650155
013d014501550165
00fd010d011d012d
00dd00dd00e500ed
00cd00cd00cd00d5
00bd00c500c500cd
00bd00bd00b500bd
01860186017d017d
017d017d01860186
016d016d0175017d
0145014d0155015d
0135013501450145
0135013501350135
015501450145013d
02b70236024e01c6
02d70307030702c7
032f02ef031702d7
033f0398037f033f
039802ef033f0367
011d02cf038803d8
00e5017500a5ff53
00c500c5013d0186
ff23ffec00d500dd
feb3fea3fe9bfeb3
ff03fe9bff33ffd4
009dffac001400d5
00e5024e02df0236
ff0bff4bffa400ad
fef3ff13ff63ff53
008d005cffd4ff43
00f500ad008d007c
0155014501350115
0165016d016d015d
013d01450155015d
012d011d011d012d
00d500dd00e500fd
00c500c500c500cd
00c500c500c500cd
00bd00bd00bd00c5
017d017d017d0175
0175017d017d017d
0165016d016d0175
0145014d0155015d
01350135014d0145
0135012d012d012d
01be018e0175015d
02d7028f02870236
023e01ce01f60266
03370337035702f7
03b00390038802ff
03e803b8036703b8
ff5b01c602f703c0
0196017d01f600b5
014d0125013d01c6
ff63fef3000c014d
fe52fedbfefbff43
ff4bff23fee3fe8b
0175011d0186012d
01fe031702e70297
fe02fe3a000c011d
fe93fe5afe4afe3a
0044ff63fef3fecb
00dd009d008d0095
01550145012d0115
016d016d0165015d
01350145014d0155
010d0115011d0125
00dd00d500dd00ed
00cd00cd00c500d5
00cd00cd00cd00cd
00c500c500c500c5
017d017d016d0165
017d017d017d017d
015d0165016d0175
014d0145014d0155
0135013d01450145
0175015d014d013d
01ce0175018e018e
017d01c601e601d6
029701fe00f50105
02df0337036f033f
034703270367035f
03e003e803d00357
00b5000c01fe0337
024601c601f6028f
01be01ae0175019e
002cffecfefbffdc
fe3afe62feb3ffa4
ff03fea3fdf2feab
020e022e00e5005c
019e02c7029f020e
feb3fef3006c00fd
fe9bfe02fe5afefb
ff2bfedbff73ff33
00b500a500ad004c
01550145013500fd
01750175016d015d
012d0145014d0165
00ed00fd0115011d
00dd00dd00dd00ed
00c500cd00cd00dd
00cd00cd00c500bd
00c500c500c500c5
017d0175016d0165
017d017d017d017d
015d0165016d0175
01450145014d0155
0165013d013d013d
015d016501ce01d6
019e013d013d014d
011d014d0155017d
02d702a701c60125
02b702af02ef032f
025e0236028702b7
03b803c003c80388
0317008d016d030f
02a7025e01e602af
00ed01b601e601c6
fff400ad008dff73
fe22fe0afe5afed3
ff1bfdfafedbff6b
029701fe018e00c5
0105023e01e6023e
ff9c005c00cd00d5
fe12fe02fe8bff43
fe7afeebfe8bfe42
00d500e50085ff4b
015d0155013d00dd
01750175016d0165
012d014501550165
00fd01050115011d
00e500dd00ed00ed
00cd00cd00d500dd
00cd00c500c500c5
00bd00bd00c500c5
017d0175016d0165
0175017501750175
0155015d0165016d
0145013d0145014d
0186017d014d013d
013d01450155016d
015d014501450145
012d00f501450175
02970287021601d6
018601e60206029f
02df013d018e01a6
033f03a00377035f
032f033701ae0256
0236032f02b70246
00cd007401fe01f6
ff13008d01650175
feb3feabfe1afe62
ff94ff430004ff33
021601de02c701ae
00dd014501650246
00e5007c0014002c
fe32ff3bfff4004c
fe3afe3afe1afdfa
0105012dffb4fe52
015d015d012500dd
016d017d01750165
0125013d014d0165
00fd010d0115011d
00e500e500f500f5
00cd00cd00dd00e5
00cd00cd00cd00cd
00c500c500bd00c5
017501750165015d
017501750175017d
0155015d0165016d
013d013d0145014d
013501450145013d
0145012d013d014d
0155014d014d014d
015d00ed012d0186
02160246024601b6
006c0125019601a6
02e70206007c00c5
027603570357029f
033703c8031f01fe
028f02f7037f0307
01c6005400ed028f
fe93ffc4013d01ee
fe8bff13fee3feab
ffa4ff5bff43ff3b
016d01ce0297011d
005c000c001c00b5
ffecff7bff6bffdc
ff43ff33007400e5
fe02fe12fdf2fe5a
012d0054fe6afe0a
015d01550105010d
0165017501750165
011d01350145015d
00f50105010d0115
00e500ed00f500f5
00d500cd00dd00e5
00cd00d500d500d5
00c500c500c500cd
016d016d0165015d
016d017501750175
014d015d01650175
014501450145014d
0155013d01450145
0145012d012d013d
015d014501450145
0175010d00d5017d
00fd01c6021e01ce
00240034012500f5
01ce028f017d0024
01be02f7033f0246
03a003a803b802d7
02ff02bf039803c0
029f0206016d021e
fe93feb3007c01ce
fedbff03fee3fee3
ffb4feb3fedbff23
0145010d00e5ffec
ff9cff0bfecbffbc
ff2bff2bff53ff7b
fea3fed30034ff9c
fdf2fe12fe83ff43
00adfec3fdfafdda
015d0135011d0125
0165016d017d0165
0125013d0145015d
00fd010d01150115
00e500ed00f500fd
00d500d500dd00e5
00d500dd00dd00d5
00c500cd00cd00d5
016d016d0165015d
0165016d0175016d
014d015501650165
0145013d01450145
014d016d013d0135
0186013d012d0135
0145014d015d0186
01a6012d00ed00ed
fffc00ad019601e6
ffe4fff4004c00b5
00ad01b6023600cd
02df029702e7028f
03d003a0035f0398
02970327033703d0
02b7030f025601fe
ff0bfeeb007401fe
ff1bff4bfebbfe9b
ff63fef3ff13ff5b
012d0085ffe4ff7b
fe93fe72ff330044
fe9bfedbfee3fef3
fe62fed3feabfeb3
fdf2fe62feebfe6a
ff23fde2fd92fdaa
0155012d013500ed
015d0175017d0165
011d012d01450155
0105010501050115
00e500f500fd00fd
00d500d500dd00e5
00d500dd00dd00dd
00c500cd00cd00d5
016d01650165015d
0165016d016d016d
014d014d015d015d
013d013d01450145
013501b60186012d
01960145013d013d
014d019e017501a6
0196012d00ed0105
005cff7300bd0175
0024ffd4fff4004c
003c00a50196019e
0347026e027e029f
03e803b00327033f
02ef034f033703a8
02ff0327034f02af
fecbff1300540256
ff33ff84ff53fec3
ffa4ff73ff53ffac
0085fffcff8cff6b
fedbff0bff5b006c
fe83feabfe8bfe9b
fe6afe12fe62fe5a
fe52fe5afe42fe02
fe6afdaafd9afe02
014d013d01350054
01650175017d016d
01150135014d0155
00fd0105010d010d
00ed00f500f500fd
00d500d500dd00e5
00dd00dd00dd00dd
00cd00cd00cd00d5
016501650165015d
016501650165016d
014d014d0155015d
013d013d0145013d
012d017501d6012d
01b60145014d013d
00dd0145017501b6
0175018e00bd00ad
0044ffccff9c00ed
011dff9c0004004c
010d00240054014d
031f0266020e02af
03d003b8033702cf
032f030703270367
02e7030f037f0388
ff03ff13ff9c01a6
ff7bff9cffdcfedb
ffe400440004ffe4
ff1bff94ff63ff6b
feebff0bffb4ff94
fe72fe8bfeabff0b
fdeafe2afe32fe2a
fe12fdfafdfafe22
fe22fdcafe0afe2a
014501550115ff63
0165017501860175
0125013501450155
00f50105012d0135
00ed00f500f500f5
00d500dd00e500ed
00e500e500dd00dd
00c500cd00d500dd
015d015d015d0155
015d016501650165
0145014d0155015d
013d013d013d013d
013501350165013d
019e013d0145013d
008500cd018e01ae
015d0175011500ad
00a50054ff73003c
014d0085ffec00cd
01a6006cfeeb0004
02c702b701fe02b7
036f03c0038802d7
037f031f024602e7
026e0307037703c8
feebff33ff8400d5
ff94ff7bffe4ff53
ffac005c005c0024
ff1bff73ff63ff73
ff1bff8cff23fe8b
fe62fe93fe9bfeb3
fdcafe6afe12fe32
fdc2fdcafe42fe02
fdf2fdd2fdeafdf2
01550155009dfe83
017501750175016d
013d01450155016d
00fd00fd010d0125
00e500ed00f500f5
00dd00d500dd00dd
00ed00ed00e500e5
00cd00d500d500d5
0165015d015d015d
0155015d015d0165
013d014501550155
0135013501350135
0145012d013d0145
01b601350135013d
00ed00cd014501e6
0115011d013500ed
017500fd0064000c
0074014d0024004c
029700fdfe6afed3
02af02e702e702f7
032703a003a80357
03b8037701fe01ee
022602af034f0398
ff2bfedbfef3ffe4
ffc4ff84ffa4ff5b
ffa4fff40044008d
ff33ff73ff6bff8c
ff53ff1bfe8bfe7a
fe62fe93fec3feeb
fea3fe72fe42fe72
fd9afde2fe22fe12
fdcafdcafddafdca
01650145ffb4fe02
016d016d016d015d
012d0145014d0155
00f500fd00fd0115
00e500ed00fd00f5
00dd00dd00d500d5
00e500ed00ed00e5
00cd00d500d500dd
0165015d015d0155
014d015501550165
0135013d013d014d
01350135012d0135
013d012d0135013d
01ce0165013d0135
005c00c5011501b6
0074012501050095
002c012500dd009d
fe9b009d00e5ff2b
033f020efe6afda2
03070297036f03b8
028f032f03880367
034f039002df018e
00c5028702ef034f
ff33ff53ff4bff4b
0014ff9cff73ff43
ffb4ffccfffc00b5
ff4bff6bff73ff9c
ff3bfeb3fe6afecb
fe9bfecbff0bff5b
fee3fe62fe6afe6a
fdd2fe32fe22fec3
fddafddafdd2fdb2
017500fdfec3fdda
0165017501750165
013d0135013d014d
00f50105011d0125
00dd00e500f500f5
00dd00dd00d500dd
00e500ed00e500dd
00d500dd00dd00e5
0165015d015d0155
014d0155015d0165
013d0135013d0145
012d012d012d0135
019e01650145012d
01de01b6016d017d
0024005c013d01ae
004c013d01450105
feab0054014d0105
fd59fedb00b50044
03d002ef009dfdd2
02ff026e02bf03b0
019e028f0367033f
02c7035703370226
ffbc019e02df029f
ff43ff33ff5bffa4
003cffbcff94ff6b
ffbcffccffd40024
ff53ff6bff8cffac
ff03feabfe72ff23
fef3ff23ff53ff8c
fe9bfe93fe83fe9b
fed3feabfe72fee3
fdf2fdf2fe1afe8b
017d008dfe5afdfa
015501750186017d
0125012d013d014d
010501150115011d
00e500ed00ed00f5
00dd00d500d500d5
00ed00e500dd00dd
00cd00d500dd00e5
015d015d0155014d
014d0155015d0155
013d013d013d0145
01350135012d012d
017d01650145012d
01ae01b601650165
00dd006c0054010d
00ad006c0125015d
ff4bfed300ad00dd
fd39fd61ff7b0105
03e803d002afff9c
02f7025601fe0327
0216018603070367
01be02bf033702b7
ff9c0054024e0236
ff6bff4bff3bff7b
005cffe4ffbcff94
ffccffccffbcffdc
ff73ff7bff9cffb4
fedbfe83fe9bff4b
ff3bff2bff53ff6b
fe4afe7afe5aff0b
fe6afdfafe83fea3
fe12fddafe1afeab
014dffecfe42fe42
0165018601750175
0125012d013d0155
010501050115011d
00e500e500f500fd
00dd00cd00d500d5
00ed00ed00e500e5
00d500d500dd00e5
015d0165015d0155
014d01550155015d
0135013d013d0145
012d012d012d012d
01a60155012d0125
016501c6017d0175
015d00b5004c007c
00b5ffcc009d0125
00adfe83ffd400cd
feb3fd21fe12006c
03c003e003a001ce
030702b701ae0266
02af014d023e031f
012d01c602e702f7
ff63ff8c016d021e
ff94ff7bff73ff6b
00140004ffe4ffcc
ffc4ffccffccffcc
ff7bff94ffb4ffbc
fec3fe52fed3ff5b
ff33ff43ff5bff2b
fe52fe5afedbff4b
fdd2fe0afed3fe3a
fdc2fdcafe3afe52
0115ff5bfe52fe02
0165016d016d0186
0125012d014d015d
00fd0105010d0115
00d500dd00ed00f5
00dd00d500d500d5
00ed00f500ed00ed
00d500dd00dd00e5
015d015d015d015d
014d0155014d0155
0135013d0135013d
012d012d012d012d
014d012d0135012d
00f501be01ae0155
0196016500950095
00ed004cffc400fd
0105ffd4fee300ad
012dfe32fd51ff33
037703d003c8033f
02f702df01ee0246
02a701fe011d0297
012500d5022602d7
ff7bff840054019e
ffb4ffacffa4ff7b
ffec0014fff4ffdc
ffccffdcffe4ffdc
ff84ffa4ffbcffc4
feabfe42ff1bff63
ff3bff4bff63ff23
fe5afe9bff3bff3b
fdeafebbfea3fe32
fdaafdf2fe3afe22
0074fe72fe02fdc2
015d01650165016d
01350145013d0145
00fd010d011d0125
00d500e500ed00fd
00dd00d500d500d5
00ed00f500f500e5
00d500dd00e500ed
01550155015d0155
014d014d014d0155
012d01350135013d
012d0125011d012d
0135012d01350135
0095016d01e60165
012501860135009d
00b500d5ffdc0074
003400edfee3ff8c
02bf004cfdb2fde2
028f039803d003b0
02bf02e702760287
02af024e005c018e
0135013d01e60276
ff9cff9cffe40135
ffdcffd4ffc4ff9c
fff40014000cffec
ffdcffe4ffecfff4
ffa4ffbcffc4ffd4
fe6afe7aff43ff6b
ff3bff53ff8cff33
fed3fedbff43ff3b
fe9bfedbfe83fea3
fdcafe0afe42fdfa
fff4fe22fdeafdca
015d015d016d015d
0135013d013d014d
00f50105011d012d
00d500dd00ed00f5
00dd00d500cd00d5
00ed00f500f500e5
00d500dd00e500ed
015d015d015d014d
014d014d014d0155
012d012d0135013d
012501250125012d
0125013501250125
007c012501fe0186
010d014d016d00dd
ff9400d5007c0014
ff030095fffcfea3
036701eeff1bfd79
01a6031703e003d0
020e02af0287027e
0287024e00f500a5
016d0044013d0206
ffc4ffc4ffdc009d
fff4ffe4ffd4ffc4
0004001c0014fff4
fff4ffecfffc0004
ffc4ffccffdcfff4
fe5afedbff5bff94
ff5bff7bff84ff0b
fef3ff13ff4bff33
feebfebbfefbfeeb
fdb2fe42fe52fe1a
ff23fe1afe2afdc2
01650155016d011d
011d01350145014d
00f500fd010d0115
00cd00dd00e500f5
00dd00dd00d500d5
00ed00f500ed00ed
00d500dd00e500ed
015d015d015d0155
0145014d01550155
012d012d012d0135
012501250125012d
014d013d01250125
009500cd020601e6
00ad013d01650135
fe6a003c00f5002c
fe02ffbc009dff6b
03c0030f00adfde2
016d023603b803e0
0175023e02970266
0216024e01e6012d
011d0074002c010d
ffdcffd4ffec0014
ffecffe4ffdcffdc
00040004001cfffc
fffcfffc00040004
ffdcffe4fff40004
fe9bff2bff73ffac
ff94ff9cff73fee3
fec3ff43ff4bff5b
ff0bff53fefbfedb
fdd2fe83fe72fe9b
fe72fe52fe02fd92
0155014d014d0074
0125012d013d014d
00f500fd0115011d
00cd00d500e500ed
00dd00dd00dd00cd
00fd00f500ed00ed
00cd00cd00dd00ed
015d015d0155014d
0145014d01550155
012d012501250135
0125012501250125
0186014d0125012d
012d00ed01be01d6
004400fd00fd012d
fdd2ff1300b50054
fdbafed30014003c
03e0037f024eff6b
016d0135035703e8
016d01be0266027e
0175024e026e0297
009d00ed003c0074
ffecffecffecfff4
ffecffecffecffec
00040004001cfffc
fffcfffc0004000c
ffe4fff4fffc0004
feebff5bff94ffbc
ffb4ffa4ff4bfee3
ff0bff6bff73ff94
ffecffb4febbff03
fe32fea3fecbff13
fe72fe12fd82fdaa
0155015d012d001c
011d012d013d014d
00f500fd010d010d
00cd00d500dd00e5
00dd00cd00cd00cd
00f500ed00f500ed
00d500d500e500f5
015d015d01550145
0145014d014d0155
011d012501250135
011d011d011d011d
0155015d0155012d
0175016501ae01be
003c00bd00dd00f5
fe42fdeafff400b5
fe9bfe1affd400d5
03d803b8033f0135
01ce010d02c703c0
020e017502660297
00ad0206028f02c7
006400e50044ffdc
ffecffecffe4ffec
fff4fff4fff4ffec
00040004000cfffc
0004fffc00040014
fff4fffc000c000c
ff2bff7bff9cffcc
ffc4ff7bfee3ff0b
ff5bff73ff84ffb4
0044ff53fed3ff2b
feabfed3ff13ff84
fe7afd92fda2fe12
015501550115005c
011d012d0145014d
00ed00f500fd00fd
00c500cd00d500e5
00dd00d500d500cd
00f500f500ed00ed
00d500dd00e500f5
015501550155014d
013d014d014d014d
0115011d01250135
011d0115010d010d
014d012d0145012d
0165019601ce01be
0054007c00cd00cd
fef3fd82fe93009d
fffcfe420024001c
03e003c803b00266
021e00f5021e0388
029f01e602360256
ffb400e502360266
0044008d0004ff73
ffecffecffecffec
fff4ffecffecffec
000c000c00140004
0004000c000c0014
fff4000c000c000c
ff5bff94ffacffdc
ffb4ff2bfebbff33
ff7bff84ffacffec
ffdcfeebff33ff53
fecbfed3ff53ffd4
fddafdcafdfafe8b
014d011d00e5ffac
01150125013d014d
00ed00f500fd0105
00cd00d500d500e5
00e500d500d500cd
00f500fd00f500ed
00d500dd00e500ed
015501550155014d
013d0145014d014d
010d011d012d0135
0125011d010d010d
017d0135012d0125
010d017d01de01be
0064006c009500c5
ff0bfdd2fdaaffbc
011dff6b003cffb4
03d003c803d80327
027e019e012502f7
028f02af017501b6
ff7b001401ce022e
00240095003cffb4
ffecfff4000cffec
fff4fffcfff4fff4
0014000c0014000c
0014001c000c0014
fffc001400140014
ff7bffa4ffc4ffec
ff73fefbfefbff5b
ff8cff9cffe4ffe4
ff9cfee3ff3bff84
febbfeb3ff94fffc
fdfafe0afe83ff03
013d00dd007cff2b
0115012d0145014d
00ed00ed00f50105
00cd00d500d500dd
00ed00e500d500cd
00f500fd00fd00f5
00d500dd00e500f5
015501550155014d
013d0145014d0155
0115011d0125012d
011d011501150115
018e0145011d011d
00f5014d01be01b6
00340074008d00e5
ff13fe52fd69fe8b
01ce00e5ff33fef3
038803c003d80377
0256029f00dd023e
024602d7012d010d
ff94001c01a60216
001c005c0064ffc4
fff400040004fff4
fffc0004fff4fff4
001c0014000cfffc
0024002c0024001c
fffc0014001c001c
ff9cffbcffd4fffc
ff33fee3ff3bff7b
ffa4ffc4ffccffa4
ff23feebff63ffac
fe4aff1bffdc001c
fdfafe52ff1bfe8b
01150085007cff13
010d012d013d013d
00e500ed00ed00fd
00d500cd00d500dd
00f500e500dd00d5
00fd0105010500f5
00d500dd00ed00f5
015501550155014d
012d013d014d0155
0115011d01150125
010d010501050115
01a601550175013d
010d011d018601ee
ff6b0044007c00cd
ff53fe6afdaafdc2
02970135ff53feb3
0337039803d803a8
01de02df012d016d
027602cf01ce00a5
ff8c00a5020e022e
00140024007cffd4
fffc0004000cfffc
0004000cfffcfffc
001c001400140004
002c003400340024
fff40014001c0024
ffa4ffc4ffdcffec
ff23ff03ff63ff94
ffc4ffc4ffbcff6b
fef3ff2bffb4ffbc
febbff73001cffdc
fe5afee3fed3fe0a
00b5008d0085fecb
01150125012d012d
00e500e500e500fd
00d500cd00d500d5
00fd00e500d500d5
00fd010d010500fd
00d500dd00ed00ed
015d015d015d0155
012d013d014d0155
01150115011d0125
0196011500fd0105
01ce013d015501be
013d0125017501e6
fe4affdc00340074
ff3bfeabfe0afd61
03070196fffcfee3
02df037f03b803d0
00fd02ef022e0125
02660236024e007c
ff9c00ed02970297
000400140074fff4
0004fffc0014fffc
0004000c0014000c
0024001c0014000c
001c002c002c002c
ffe4fff4000c0014
ff9cffacffc4ffcc
ff0bff43ff73ff94
ffbcffccff9cff63
ff13ff73ffd4ffbc
febbffa40034ff7b
fe83fe93fe42fe3a
009d00d5001cfebb
010d011d012d0115
00e500f500f500fd
00d500cd00d500d5
00f500e500dd00d5
0105010501050105
00dd00dd00e500ed
015d015d015d014d
0135013d01450155
010d01150115012d
0155017d017d011d
01ee01860125012d
01550165015d01c6
fd69fedb0004ffec
fee3ff0bfe3afd92
0347022e0044feab
024e039003b003d8
007c026e02f70175
025e01ee02160135
ff7b0074026e02df
ffe4ffd40004fff4
0004fffc0024fff4
000c00140024000c
0024002400240014
fffc001c00340034
ff94ffbcffccffec
ff73ff73ff73ff7b
ff03ff4bff6bff7b
ffccffb4ff9cff53
ff43ffc4ffccffc4
fedbfffc0024ff4b
fe62fe72fe0afe22
00ed00bdffdcfeab
010d011d0125011d
00dd00e500ed00f5
00dd00d500d500d5
00f500e500dd00dd
010d010d010d0105
00dd00e500ed00f5
0155015d015d014d
0135013d0145014d
0145011d011d012d
011d011d017d018e
01de01ce017d0155
009501c6015501a6
fd79fe2affacff73
fe4aff13fe3afdda
0377026600f5feeb
01a6037f03d803d0
0024019e03070226
01d601b601a601b6
ff13ff33005c014d
ff9cff63ff84ffac
fffcffec0014ffc4
001c00240024000c
002c002c0024001c
ffc4fff40034003c
ff03ff5bff6bffac
febbfea3fe9bfec3
fee3fefbff0bfedb
ffccffb4ff84fefb
ff8cffecffd4ffcc
ff2b0024ffd4ff23
fe83fe1afdb2fe12
010d00b5ff94fea3
0105011501250125
00d500e500ed00f5
00dd00cd00d500d5
00fd00ed00dd00dd
0105010501050105
00dd00e500ed00fd
014d015d0155014d
0135013d0145014d
0135012d011d012d
0155013d01250125
01d601ae013d014d
ffec01ce017d0186
fdaafde2ff0bffb4
fe32fee3febbfdda
039802970196ffb4
0206030f03e803d0
001400a5028f02d7
ff94008500fd0105
fe83fe83fe62fecb
ff4bfefbfeebff43
fff4fffc0014ffc4
0024002c0024000c
003c003c00340034
ff94ffcc002c0044
feabff0bff33ff73
fe22fe32fe42fe6a
fe32fe02fdfafdfa
ffb4ff5bfebbfe5a
ffd4ffe4ffdcffdc
ff7b0024ff63ff43
fe3afd82fdaafe3a
010d0085ff2bfe9b
0105011501250125
00d500dd00ed00f5
00d500cd00cd00cd
00fd00ed00dd00d5
0105010d010d0105
00dd00e500f500fd
0155015d0155014d
012d01350145014d
01250115011d0125
0115010d0115012d
01a601c6015d011d
ffac01750196017d
fdc2fd9afe62ffdc
fe72fe62ff63fe02
03b802e701ce003c
020601fe03b803f0
ff7bfffc01e602c7
fe5afedbfff4001c
fe6afe93fe52fe1a
ff03fec3fe9bff4b
000c00140014ff94
00340034002c0014
004c004c004c0034
ff7bffb40024004c
feebff03ff3bff6b
fe4afe93febbfec3
fdbafd92fda2fdd2
ff1bfe83fe2afdea
fff4ffdcffe4ffac
ffbcffdcff2bff9c
fd9afd71fdbafe62
00fd002cff0bfe52
00f5010d011d011d
00cd00dd00e500ed
00d500cd00cd00cd
00fd00ed00dd00d5
0105010d010d0105
00e500ed00f500fd
015501550155014d
012501350145014d
0125012d0115011d
0115010d00fd0105
0196018601650125
ff9c00dd01960165
fdb2fdbafdfaff4b
fefbfe42ff63fe93
03d8032f024e0085
019e00fd033703f8
ff23ffc4012501ce
fe3afe42fee3ff2b
fefbfebbfec3fe32
ff1bff13feebff94
002400240004ff73
0044004c004c002c
0074006c005c004c
ffa4ffdc005c0074
ff63ff7bff94ffac
fe72fecbff23ff3b
fe2afe32fe12fe0a
fe6afe42fe22fe1a
fff4ffe4ff9cfed3
ffd4ff84ff2bffdc
fd59fd71fdd2fe9b
00c5ffbcfec3fdf2
00f50105010d011d
00cd00d500e500e5
00d500cd00d500cd
00fd00f500e500dd
0105010501050105
00e500ed00fd0105
014d01550155014d
0125013501450145
010d0105010d011d
0115010d0105010d
014d016d01550135
ff5b0024015d016d
fdc2fdcafdf2fe72
ff5bfe42ff1bff2b
03f8036f028700cd
01550085024603e8
fef3ff7b002c012d
fea3feb3febbfe83
ff7bfeebfedbfeab
ffacff9cff63ff94
004400440034ffcc
005c005c00540044
009d008d00740064
00040034009d00ad
ffb4ffe40014001c
ff23ff33ff5bff9c
fefbff33ff53ff33
feabfe83fe7afeb3
fff4ffbcfedbfe7a
ffdcff43ff73fff4
fd59fd8afddafed3
0064ff6bfe9bfdca
010501150115010d
00d500d500e500f5
00dd00d500d500d5
010500fd00ed00dd
01050105010d010d
00e500ed00fd0105
014d0155014d014d
012d01350145014d
0105010d0115011d
0135010501050105
018601a601ce017d
fec3ff53012d0165
fe4afda2fe22fe0a
ffa4fe83ff2bff84
03f003980297010d
011d008501350377
fe02feebfff400a5
fed3ff13ff03febb
ffacfef3fec3fed3
000cfffcffa4ff94
0064006c005c002c
0074007400640064
00c5009d007c007c
0074009d00cd00dd
ffd400040044005c
ff7bff84ff9cffb4
ff53ff7bff8cff84
ff23fecbfefbff33
ffdcff3bfedbff2b
ffb4ff23ffd4fff4
fd51fd82fddaff03
001cff4bfe6afda2
01050105010500ed
00cd00d500e500f5
00e500d500d500d5
010d010500f500e5
010d010d01150115
00dd00e500f500fd
014d01550155014d
012d013d0145014d
010d0105010d011d
013d010d010d010d
01a6023e023e0155
fe2afec300fd0145
fefbfd92fe2afe12
ffd4fee3ff6bff8c
03b003b002bf015d
011500850074029f
fe3afe9bffcc004c
feebff13fef3fecb
ff8cfed3fe8bfe8b
0024ffecff94ff5b
0085008500740044
008d008500850085
00d500bd00950095
009500c500d500dd
ff84ffbc0004004c
ff1bff23ff43ff53
ff3bff3bff2bff13
ff23ff13ff4bff53
ff84ff03ff63ff7b
ff53ff4b0004ffe4
fd49fd79fdf2ff13
ffdcff23fe3afd8a
00f500f5010500cd
00d500d500dd00ed
00e500dd00d500cd
010d010500f500ed
010d011501150115
00e500ed00f50105
015501550155014d
012d013501450145
00fd0105010d0125
011d0135010500fd
017d01ee018e0115
fdfafebb00cd0226
ff6bfe1afddafe3a
fff4fee3ff4bff84
035f03b002ef018e
010500850004019e
fee3fecbff5b0034
ff03ff33fee3ff23
ff6bfecbfe7afe83
0004ffbcff63ff23
007c00740064003c
0095008d00850085
00ed00d500b5009d
006400b500d500e5
ff13ff4bff94fff4
febbfec3fecbfedb
fee3feebfedbfec3
fefbff23ff2bff13
ff2bff84ffdcff7b
ff13ffcc000cffc4
fd51fd82fe0aff23
ffb4ff03fe52fd79
00f500f500fd00ad
00d500d500e500f5
00e500dd00d500cd
010d010500fd00ed
010d011d011d0115
00e500ed00f50105
015501550155014d
012501350145014d
00fd0105010d0115
015d0145011d00f5
01ce01e6022e019e
fde2fe7a004402ef
ff94fee3fdbafe62
0024ff13ff1bfff4
032f03a002ff01ae
00cd0085ffe400ed
ff3bff13fec3002c
feb3fec3fecbff0b
ff33fecbfe62fe72
ffccff8cff43ff1b
006c0054003c000c
00a5008d007c007c
00ed00d500c500ad
0004006c00ad00dd
fec3fefbff33ff8c
fe9bfe8bfe8bfe93
feebfedbfecbfea3
fedbff0bfef3fee3
ff63fffcffe4ff03
ff63002c0004ffac
fd71fdaafe22ff23
ffc4ff33fe93fd79
00ed00f500f5006c
00cd00d500e500ed
00ed00dd00d500d5
0115010d010500f5
010d0115011d010d
00f500f500fd010d
0155015501550155
012501350145014d
00fd010d0115011d
01ae0145013500fd
028701b602b7023e
fdf2fe4affb402c7
ff94ff4bfe22fe12
0064ff84fefbffcc
032703a0030701de
0064009d002c00a5
feb3fee3febb000c
fe3afe2afe0afe72
fea3fea3fdf2fdda
ffa4ff63ff43fef3
00540034001cffdc
0085007c00740064
00d500c500b500a5
ffa4001c008500bd
fe62febbfefbff4b
fe1afdd2fde2fe12
fe93fe62fe52fe32
fedbfeebfee3fed3
ffd4000cff8cfebb
ffcc0034ffecffcc
fd71fddafe4aff0b
ffbcff73fedbfd79
00e500ed00e5003c
00d500d500dd00ed
00ed00dd00d500d5
0115010d010500f5
01150115011d011d
00ed00f500fd010d
0155015501550155
01250135013d0145
00fd010d010d011d
021e01de014d012d
032f018e0266021e
fe1afe42ff5b0266
ff6bff7bfe8bfe22
00bdfffcfefbff33
02a703a003170236
005400dd006c0095
fe93fec3fecbff8c
fdd2fdbafdaafe2a
fe3afe72fd61fd82
ff94ff5bff13fe3a
00340014fffcffb4
006c005c005c004c
00b500ad009d008d
ff6bffcc0044008d
fde2fe72fef3ff33
fdc2fd9afda2fdb2
fdeafdcafdd2fdb2
fed3febbfe72fe12
0004ffd4ff13fed3
0014fffcfffcfff4
fd8afddafe52ff0b
ff9cffccff0bfd69
00e500e500d50014
00d500cd00d500e5
00f500dd00d500d5
0115010d010d00fd
01150115011d011d
00fd00f500fd010d
015501550155014d
012501350145014d
010d00fd0105010d
024e01c601150135
034f01d6028f02f7
fe5afe8bff1301ce
ff6bff53fe6afe93
0115006cff1bfeeb
01fe039003270276
000400cd00a5004c
fee3ff1bfed3ff7b
fd09fd01fd92fe32
fddafddafcf9fd31
ff7bff33fedbfe3a
001cfff4ffd4ffa4
003c003400440044
008d0095007c0054
ff63ffa40004005c
fdeafdfafe83ff33
fcf9fcf9fd39fdc2
fd79fd82fd39fd11
febbfe1afd9afd59
ffecff84feebfedb
000cfff40014fff4
fdcafde2fe52ff3b
ffa40004fed3fd71
00f500ed00adffec
00d500cd00dd00dd
00f500e500dd00dd
0115010d010d0105
010d0115011d0115
00f500fd00fd0105
015501550155014d
011d01350145014d
012d00fd0105010d
036f02bf01ae0125
033701ee02870398
fe83fecbfedb011d
ff7bff43fe83fe4a
01ae00b5ff4bfed3
0165034f031f02d7
fff400b500c5000c
ff4bffacff33ff84
fce9fd11ff13ff84
fe12fdf2fd71fd39
ff3bfe93fe32fdfa
000cffe4ffc4ff63
00440044003c0034
006c008500740054
ff63ff9cffec0034
fe42fe02fe4aff13
fcf9fce9fd61fe9b
fe9bfe02fd79fd59
fe4afdaafd41fd61
ffc4ff33ff23feeb
001c001c0024001c
fde2fd9afe42ff9c
ffd4fff4fe5afdaa
00ed00fd0095ffd4
00dd00d500e500dd
00fd00e500dd00e5
01150115010d0105
0115011d0125011d
00fd00fd00fd0105
014d01550155014d
012501350145014d
012d0105010d011d
037702ff02cf0186
02c7024e02b703c0
fe1aff3bff2300cd
ffa4ffb4fef3fe42
022e00fdff9cfef3
00fd0317030f0347
fff4006400c5000c
fee3fefbfef3ff6b
fd11fd8aff5bff73
fe93fe02fdaafd39
feebfdcafd61fdf2
00140004ff84ff2b
004400540044003c
006c0074006c005c
ff3bff84ffcc0024
fe8bfddafdd2fe93
fd29fcf1fddaff0b
feabfe52fdbafdc2
fe83fe2afd9afd92
ff7bff2bff84ff03
0034003c002c000c
fd71fda2fe83ffdc
003cffe4fe52fdca
00dd00fd008dfff4
00dd00dd00dd00dd
00f500ed00dd00dd
011d011d010d0105
010d011d0125011d
00fd00fd01050105
0155015d015d0155
0125013501450155
014d0105010d011d
03e00388030f0236
020e0256028703e0
fe6afedbff73008d
ffbc0004ffbcff23
02b701aeffecff0b
00c5031f032f036f
fffc0034011d00ad
fdfafe6afeb3ff8c
fd21fdaafdf2fde2
fde2fdc2fd59fd01
fe9bfd92fd92fdaa
003cffe4ff63ff1b
0054006400640054
0064006c0064005c
fed3ff5bffb4001c
fdd2fdc2fda2fde2
fd21fd29fdcafe02
fdb2fdb2fd61fd49
ff2bfebbfe4afdd2
ff23ff73ff94ff63
004c004c002cffb4
fd69fdd2fed3000c
0074ff84fde2fd8a
00e500d500640014
00d500dd00dd00dd
00fd00ed00e500dd
011d011d0115010d
010d011d011d011d
00fd00fd01050105
015d015d015d0155
01250135014d0155
01be011500fd011d
03f003f003b802f7
014d016d022603c8
fef3fe8bff4b0085
ffccff63fec3ff53
030f02360054ff3b
00b5032703980388
00f50024010d009d
fe83fef3ff84006c
fdb2fdcafe0afe6a
fe1afe1afde2fdb2
fe9bfe4afe52fe3a
004cffdcff6bff13
006c008500740085
005c0064005c005c
fee3ff63ffb4001c
fe22fe62fe8bfe9b
fe52fe3afe12fe02
fed3feabfe9bfe72
ff53ff6bff5bff1b
ff4bffa4ff84ff53
006400540004ff5b
fd79fe0aff13002c
0054fef3fdaafd71
00e500c500440014
00d500dd00d500e5
00fd00f500e500d5
011d011d0115010d
010d0115011d011d
00fd00fd00fd0105
015d015d015d015d
012d013d0145014d
02d7018600fd011d
03d803f003f003b8
010d011501be0327
ff2bfeabfef30054
ff94fefbfe9bff5b
037f027e00ddff73
0064030f03d003a0
026600b5010500c5
ff2bff9c0095018e
feb3fed3ff13ff0b
fe9bfea3fea3fe9b
fed3fea3fe7afe8b
003cffecff8cff33
0085009d00950085
004c0064005c0064
ff1bff6bffbc0014
fe93fea3fecbfeeb
ff13fedbfeabfe9b
ffd4ffa4ff7bff53
ff9cffacffccffe4
ffacffb4ff9cff8c
0074004cffd4ff4b
fda2fe32ff1b0064
fffcfe93fdb2fd82
00dd00b500440024
00d500d500d500dd
00fd00f500e500d5
011501150115010d
0105010d011d011d
00fd010501050105
015d01650165015d
01250135014d014d
0390027e0125010d
034703d803f003e8
00ed01650175022e
ff6bfefbfedb001c
ff84fef3fee3ff7b
03b002e70155ffbc
002402df03f003c8
02c701650105012d
ffa4fff4009d0196
ff23ff63ff84ff84
fe9bfeabfecbfef3
ff23fedbfe9bfea3
0044000cffbcff63
009500ad00ad0085
0054006c006c0074
ff2bff63ffcc001c
feabfeb3fecbfefb
ff43ff23fee3fec3
ffdcffbcff8cff6b
ff9cff9cffb4ffdc
ffdcffbcffb4ff9c
007c003cff7bff94
fdcafe2aff1b0085
ffccfe93fdc2fd9a
00d500a50054002c
00dd00dd00dd00dd
010500fd00ed00e5
011d011d0115010d
010d0115011d0125
00fd00fd01050105
016501650165015d
0125013d014d0155
03a0034f01c60115
022e033f03e003e8
01be018e018e01be
ff43ff63ff0b0064
ffb4fefbfeebff13
03c0034f01de001c
fff402a703f003e8
036f022e00f5015d
ff7b005401a602af
feabfee3ff23ff53
fec3fea3fea3fea3
ff63ff33fefbfedb
007c00440004ffac
00bd00c500bd009d
006c00850085008d
ff5bff94ffec0044
fedbfeebff03ff3b
fefbfeebfed3fed3
ff5bff4bff33ff1b
ff7bff6bff63ff63
ffecffd4ffc4ff94
008d0004ff6bffdc
fdfafe0aff23007c
ffdcfe93fdbafda2
00cd009500540034
00ed00e500dd00dd
010d00fd00f500ed
0125011d0115010d
010d0115011d0125
00fd00fd00fd0105
016501650165015d
012d013d014d0155
037f033f02a7017d
017d020e035703e0
024e01be01960186
ff5bff8cff3300ed
ffdcff4bff43feeb
03d803a0028f009d
ffcc027e03e003f8
03b0030f015d0175
002c01be02b7034f
fed3fef3ff2bff7b
fef3fecbfecbfed3
ffb4ff7bff53ff1b
00a500740044fffc
00dd00e500d500ad
007c009d00a500c5
ffb4ffec0034006c
ff13ff23ff5bff94
ff23ff13ff03ff0b
ff63ff5bff4bff33
ff9cff8cff73ff6b
000cfff4ffdcffac
006cff94ff84fff4
fdfafde2ff430085
ffbcfe6afdd2fd9a
00d5008d0054004c
00e500dd00dd00ed
010d00fd00ed00e5
0125011d011d0115
01050115011d011d
00fd00fd00fd00fd
016501650165015d
0125013d014d0155
03b8033f02af0196
0165014501f6037f
022e019e017d0175
ff7bffccff63015d
000cff8cff94fe9b
03f003c802ff0125
0004027603d00400
03b0037f01f601be
01f602ff034f0357
ff03ff2bff53002c
ff23feebfeebfef3
fff4ffbcff9cff6b
00b50095006c002c
00ed010500f500c5
009500ad00bd00d5
fffc0034006c008d
ff3bff73ffb4ffdc
ff53ff3bff2bff2b
ff84ff7bff73ff5b
ffc4ffb4ff9cff84
0034001cfffcffdc
0014ffa4ffe4001c
fdfafdcaff53008d
ff2bfe2afddafdaa
00d5008d0064004c
00e500ed00ed00f5
010d00fd00f500ed
011d0125011d0115
01050115011d011d
00fd00fd01050105
015d0165016d0165
0125013d014d0155
03d00377032f01f6
015d0135014502a7
01d601ce01c6015d
ffb40014ffbc01ae
003cffecff3bfe93
03f803e0031f018e
008d02a703d003f8
03c003b802af01f6
031703670367032f
ff3bff53003401e6
ff73ff43ff1bff13
0024ffecffbcff9c
00b500a5007c0054
010d011d010d00d5
009d00b500cd00ed
003c005c00850095
ff8cffc4ffec0014
ff6bff5bff53ff5b
ff94ff8cff8cff7b
fff4ffdcffbcffa4
004c004400340004
0014000c002c0044
fe0afdc2ff5b008d
fedbfe1afdc2fde2
00d50085005c002c
00ed00f500f500f5
010d010500fd00f5
0125011d0115010d
01050115011d011d
00fd00fd01050105
0165016d0175016d
012d01450155015d
03a003900347021e
0155012d012d01ee
01a601d6019e0165
ffe40014001c01f6
00a5001cff4bff0b
040003e0034f01de
013502f703d003f8
03e003d8033f0256
033f0388037f037f
ff94003401ee02ff
ff8cff7bff6bff7b
0044000cffd4ffa4
00cd00a5008d006c
014d015d012d00ed
00b500cd00ed0125
005c007c009d00a5
ffc4ffec00040034
ffa4ff9cffacffa4
ffbcffacffacffac
00340014fffcffdc
006c0074005c003c
004400540054005c
fe3afdf2ff4b0085
fef3fe4afe1afe22
00cd0074004c0024
00f500f500ed00e5
010d010500fd00f5
011d0125011d0115
010d0115011d011d
00fd010501050105
0165016d016d016d
0135013d014d015d
030703a803a0028f
0145011501250165
019601b60155016d
007c00bd00bd023e
00b5fff4ffd4ff9c
040003e8035f0206
01be035f03e80400
03e003d003a802c7
035f037f039803c0
008d021e02b70327
ff8cff8cff94ffcc
0044001cffecffac
00dd00ad008d006c
019e01ce018e0115
00cd00d500f50145
007c009500a500bd
ffe400040024004c
ffdcffd4ffdcffd4
fffcffe4ffdcffd4
005c004c003c001c
008500850074006c
007c007c0074007c
fe8bfe2aff330085
fee3febbfe9bfe42
00cd006c0054ffec
00f500f500f500e5
0115010d010500fd
0125012d0125011d
010d011501250125
00fd00fd01050105
016501650165016d
019e01350155015d
0226038803c0036f
013d01150125012d
017d0175013d014d
014500dd0155023e
00850014002c0034
03f803e80367021e
025603b003f00400
03d003d003b802bf
034f0357036f03a8
01ae029f02df0327
ff8cff94ffac002c
0044001cffecffb4
00dd0095007c0064
01ee0236020e014d
00d500d500e5015d
00850085009d00c5
fff4000c00340064
0004fff4ffecffec
0034001c0004fffc
007c006c005c004c
0095009500850085
008d007c007c0085
fea3fe32ff13008d
ff13ff4bff13fea3
00cd0074005cffc4
00f500fd00f500e5
0115010d01050105
012d012d0125011d
0105011501250125
00fd00f500fd00fd
01650165016d016d
02a7014d01550165
014d028703a803e0
013d01150115010d
01750155013d015d
014d00a501fe01e6
00bd0054004c00c5
03f803e8035f0236
02d703b803f003f8
03b803d003b802df
0347038803a803b0
0196024602bf030f
ffa4ffa4ffcc0074
002cfffcffccffac
00d5007c00640054
0196025e027601a6
00dd00d500dd010d
00640064008500c5
0004001400340064
0014000cfffcfffc
005c003c001c0014
0085007c006c0064
0085008d008d008d
0085008d00850085
feabfe52fecb006c
ff3bff5bff63fee3
00d5007c0054ff9c
00fd010500fd00ed
011d010d010d010d
012d01250125011d
00fd0105011d0125
010500fd00fd00f5
01650165016d0175
0377019e014d016d
0145018e030703d0
014501150115010d
016d014d013d0155
00dd0145024601a6
010500fd00b500f5
03e003e00357023e
033703c003d803e8
03d003c803b00327
02e70347037f03b0
00d5015d01f60287
ffbcffc4fff40064
003cffe4ffacffac
012500bd0095006c
010d022602cf01ee
00e500d500c500b5
005c0054007400bd
00140014003c006c
001c001c00140014
006c005c0044002c
008d008d007c0074
0074007c008d008d
008500850085007c
feabfe52fe830054
ff2bff5bfffcfeeb
00d5007c0034ff84
0105010500fd00fd
011501150115010d
011d01250125011d
00fd010d0115011d
010500fd00fd00f5
016d016d01750175
03d002ef0196015d
0115011d01f6033f
012d01150115010d
0165014d0145014d
006401e60216018e
014501de011d00b5
03c003c80357022e
039803b803c003d0
039003a803a0036f
0216029f02cf0327
0054009501050196
ffe400040014002c
00ad0024ffacffb4
0145011d011d010d
00dd0186022e01be
010d00fd00dd00bd
00a5009d00a500dd
001c000c0044008d
003c00340034002c
0085007c0064004c
0095009d00950095
00740074008d009d
008500740085007c
fe9bfe52fe42000c
ff23ffdc003cfefb
00d5007cfffcff43
00fd010d010500fd
011d011501150105
012501250125011d
010501050115011d
010500fd00fd00fd
0165017d017d0175
02ef03a8030f01be
01150115012d01e6
012501150115010d
012d014d013d0145
00b5028f02460186
019e024e00ed0044
03b803c00357024e
03a803b003a803b8
03270347036f037f
013d01be021602b7
0044005c009500ed
00040034002c003c
015d0095ffc4ffbc
015d0175018e019e
0115015d019e017d
013d0145012d0105
01150115010d0115
00140004006400e5
005c00540044003c
009d009500740064
00ad00b500ad00a5
007c008d009d00a5
007c007c008d0085
febbfe72fe22ff9c
ff9c004c004cfedb
00cd0074ffb4ff1b
0105010d010d00fd
011d01150115010d
0125012501250125
00fd010d0115011d
0105010500fd0105
0175017d017d016d
0165020e02bf023e
0115011501150125
0125011d0115010d
0135014501450145
0186032f02b701ae
020e022e00a50085
03c803c0033f0266
039803a003a003b0
028702df032f036f
00e50115017d01fe
0074007c009500c5
000c00440054005c
01ae00ddffccffbc
0004005c015501be
018601a6018e00b5
011501650186017d
016d013500c500a5
ffecfff40074013d
007400640054001c
00ad009d00850074
00d500d500bd00ad
008d00a500bd00cd
006c007c009500a5
fee3fea3fe2aff33
00040074001cfea3
00c50024ff84ff53
010d0105010500f5
011d0115010d010d
0125012501250125
010501050115011d
00fd00fd00fd00fd
016501750175016d
0125013d015d0165
010d010d01150125
011d012501150115
0145011d01350145
02f7037f02af01d6
029702c701ce01be
03c003b80307024e
036f039003900398
01de026e02f7033f
00d500ed0135017d
008d009d00ad00bd
0004003c00740085
0186007cffacffc4
fd39fe0affcc014d
01be0175fffcfdb2
ff0b00dd017d01be
0115ffb4fe22fda2
ffd4ffdc004c012d
007c006c003cfffc
00c500ad008d007c
00f500f500e500cd
00ad00c500dd00f5
00440074009d00ad
ff0bff23fe9bfeeb
002400740024feab
00a5fff4ff9cff7b
01150115010500ed
011d011d01150115
011d012501250125
00fd010501150115
010500fd00fd0105
016d0175016d016d
013d014501550165
010d01050115012d
011d011501150115
014501250135013d
03e0039802df01ee
036703d803b80398
039803a002ef0276
0337036f037f0388
018601fe029702f7
00dd00ed011d0145
009d00a500b500bd
000c003c0074008d
0024ffb4ffc4ffec
febbff33ffbc0034
0175009dff03fe42
fecb000c012d0186
003cffc4ff13fe9b
fff4ffdcffcc0024
00850064002c000c
00d500bd00a50095
010d010d010500ed
00cd00e500f5010d
0014007c009d00b5
feb3ffb4ff2bfefb
002c007c003cfec3
007cfff4ff9cffbc
011d0115010d00d5
011d011d011d011d
0115012501250125
00fd010d010d010d
010500fd00fd0105
016d017d017d0175
0135014501550165
010d010d0115011d
0115010d01150115
0145017d014d0135
03b80337028701ae
03d803d803e003e0
03a0039802ef02ff
02f70347035f0377
016d01ae021e0297
00f500fd011d013d
00ad00b500cd00dd
004c005c00740095
ffacfffc002c0044
ff9cff94ff73ff63
00e50014ff63ff5b
ff8cffdc009d011d
ff63ff9cffbcff9c
0034001cffe4ff8c
0074003c002c0034
00e500c500a50095
0125011d01150105
00cd00fd010d0115
fffc007c009d00bd
fe0aff3bffd4ffa4
002c009d003cfebb
0074000cffbcffcc
010d011500fd00bd
011d011d011d0115
011d012501250125
00f501050105010d
010d00fd00fd00fd
016d017d01750175
012d01450155015d
0115010d011d0125
01250115011d0115
01be01b601150125
036f034f028f01be
03d8039803880390
03a0039802df032f
02cf032703570377
0165019e01ee0256
00fd01150125013d
00b500d500e500ed
008500850085009d
0044006c00850085
ffbcffccffe4fffc
fffcff8cff73ff9c
ffacff9cffe4004c
ffc4ff94ffacffbc
0074007c004c000c
004c0034004c0064
00f500d500b50095
011d0115012d0115
00cd00fd011d0125
fffc007c008d00ad
fdcafe0affa40024
006c00b50034fec3
006c0024ffdcffd4
011d011d00ed00bd
01250125011d011d
011d012501250125
00fd0105010d010d
01150105010500fd
016d01750175016d
012501450155015d
0115010d011d011d
012d0115011d0115
0226013500f50115
0357038802b7026e
0388037f036f033f
03b0038802c7031f
02af030703470377
0186019e01ee0246
01250135014d0165
00c500e500f5010d
00b500ad009d00a5
008500a500ad00b5
ffe400140044005c
ffb4ffacffacffb4
ffacffacffacffbc
002cffecffccffb4
00a500a500850064
0024004c007c009d
00f500d500b5006c
012d0125012d011d
00c500ed0115012d
ffec006c008d00a5
fdd2fd41fecb003c
007c00ad0034fed3
006c004cffecffe4
0125011d00e500bd
0125012501250125
01150125011d0125
00fd01050105010d
010d0105010500fd
016d0175017d0175
012d013d01550165
010d010d0115011d
0125010d0115011d
018e010500fd010d
034f03a002bf028f
03d803e803a002df
03c0037f02b70337
029702ef033f037f
01a601be01f6023e
014d015d0175017d
00bd00e5010d012d
00dd00dd00c500b5
008d00b500c500d5
ffd40014004c006c
ffd4ffc4ffb4ffbc
ffacffb4ffacffc4
0014ffecffdcffbc
00a5009d007c004c
00340074009d00a5
00e500cd008d0044
0135012d01250115
00bd00dd0105012d
ffe4005c008d00a5
fdc2fd21fec30085
007400ad002cfed3
007c0064ffe4ffec
0125010d00dd00b5
0125012501250125
0115011d011d0125
00fd00fd01050115
010d010d010500fd
016d017d0186017d
012d013d01550165
010d0105010d0125
011d010d01150115
016500f5010d010d
0388037f026e0236
03e003f803e80377
03a8035702d70377
028702e7033f037f
01c601de02060236
015d0175019601a6
00bd00d501050135
00cd00d500dd00cd
008d00a500c500d5
ffccfff4003c006c
ffccffacff94ffa4
ffbcffacffacffcc
fffcffecffe4ffcc
008d007c005c002c
0054007c0095009d
00d500a5005c003c
012d0125011500fd
00bd00dd01050125
004c005c009500a5
fd9afe22013d015d
007400a5003cfedb
008d007c0004fff4
0125010d00dd00a5
0125012501250125
010d011d01250125
01050105010d0115
010d010d01050105
016d017d017d017d
012d0135014d0165
010d010501150125
011d010d01150115
0155010501050105
037f027601ee01ee
03b803e003f803c8
0390032702cf0367
026e02d7033f0390
01d601ee020e0226
0165018e01ae01c6
00ad00bd0105013d
00a5009d00a500b5
00740085009d00b5
ffcc00040034005c
ff73ff84ff94ffac
ff6bff53ff53ff6b
000cffe4ffbcff8c
005c0054003c0024
004400540054005c
00c50085003c0044
011d011d010d00e5
00b500d500ed0115
00b5005c009500a5
fd79ff0b021e0206
00850095005cfef3
00a50085001c000c
011d010d00dd00a5
0125012501250125
010d0115011d0125
0105010d010d010d
0115010d010d0105
016d0175017d0175
012d0135014d015d
0115010501150125
0115010501150115
012d010d010500fd
02bf01b601be01de
03c803e803c80390
039802ff02bf034f
025e02d7035703b0
01d601ee020e021e
0165018e01a601be
005c007c00cd0125
007c00640054005c
0054006c00850095
ffe4001c00540064
ff3bff63ff73ffac
ff23ff03fefbff1b
0004ffecffbcff6b
0044003c002c0014
000c00140024002c
00ad005c001c001c
0115010d00f500cd
00bd00d500ed0105
00d5002c009500a5
fd69fe4201ae023e
0095008d005cff03
00ad009d0044001c
011d010500cd00a5
0125012501250125
010d0115011d0125
010d011501150115
01150115010d0105
0175017d017d017d
012d014501550165
010d0105010d0125
01150105010d0115
010d00f500fd00f5
018e015501be01fe
0206021e02760297
0367028f02660206
026602ef036f03b8
01be01e601fe0206
014d0175019601ae
000c0034007400f5
0095006c0024000c
006c007c009500a5
ff1bffac00240064
fe72fe5afe5afeab
fe5afe5afe93fe9b
ffe4ffa4ff33feab
003c003c003c001c
ffbcffdc0004001c
0095000cffc4ffc4
010500fd00e500bd
00bd00d500ed00fd
ff73fed3007400a5
fd61fd31ff1b0064
009500a50034fedb
00b500a50064002c
011d010d00cd00b5
011d01250125012d
012d012501250125
00fd010d011d0125
011d011d010d0105
016d0175017d017d
0125013d01550165
010d010d010d0115
011501050105010d
00fd00ed00fd00fd
016d013d01e601ee
ff33fec300ed019e
02ffff9cfe6afe42
027e02ff036f03a8
01b601e601ee0206
012d0155017d019e
ffecfff4002400c5
00bd0095005c000c
ffdc003c00a500dd
fe1afe7afef3ff73
fde2fddafdcafdda
fe02fe0afe12fdfa
feb3fe7afe42fe1a
001cffe4ff94ff1b
ff8cffc4fff40024
0085ffb4ff5bff94
00f500ed00dd00bd
00c500dd00ed00fd
fd11fd82002c00ad
fd49fce9fd01fd41
009500ad000cfe93
00c500ad007c004c
0135011d00d500d5
013d013d0145014d
011d013501450135
01050105010d010d
011d0115010d0105
016d017d01860186
012d013d014d0165
010d01150115011d
010d0105010d010d
00e500e500ed0105
018e012d021e01b6
fe9bff1b00ad020e
0287fe72fcf9fd19
026602f7037703a8
01b601de01de01fe
0125014d01750196
ffccffcc000400ad
fecbff03ff7bffd4
fe6afedbff23feeb
fd61fd8afdc2fe12
fd09fd19fd39fd49
fd29fd31fd51fd21
fd79fd61fd51fd39
fe22fdf2fdd2fd92
ffacff63ff03fe8b
008dffbcff0bff8c
00ed00e500dd00bd
00cd00dd00ed00f5
fcb9fd29ffbc00b5
fd31fce1fcc9fcb9
008500cd0004fe72
00e500cd00ad0054
016d013500f500f5
013d0145016d0196
0105011d011d0135
010d0105010d0105
011501150115010d
016d017d01860186
012d013d01550165
010d011501150125
010d010d010d0105
00dd00e500ed010d
01450155021e01be
feb3ff8c00b501e6
014dfdb2fd49fd69
026e0307037f03a0
01c601de01d601ee
011d0155018601a6
ff8cff9cffec00ad
fe1afe62fe83ff23
fe32fe42fdf2fdca
fdc2fdeafe0afe12
fd71fd82fd9afda2
fd59fd61fd69fd71
fda2fd79fd61fd61
fd71fd41fd79fd9a
ff6bfecbfe83fe32
009dffecfefbff53
00ed00e500e500cd
00cd00e500ed00ed
fcb9fce1ff1300b5
fd29fce1fcb9fcb1
006400c5ffe4fe42
00dd00dd00bd0054
012d011500e500ed
012d012d012d0135
01050115011d0125
010d01050105010d
011d0115010d010d
016d017d01860186
012d013d014d0165
010d011501150125
0105010d010d010d
00dd00dd00f5010d
012d01ee01fe017d
ff03ff3b00f5018e
003cfd59fdf2ff1b
027e030f037f0377
01ce01de01ce01f6
0135017d01a601b6
ff6bff9c001c00c5
ffacff84ff3bff3b
fe8bfed3ff33ff8c
fdeafe12fe2afe42
fdaafdb2fdb2fdc2
fdc2fdb2fdb2fdb2
fde2fdeafde2fdd2
fefbfe62fdfafdd2
ff73ff2bff53ff6b
00b50024ff43ff4b
00ed00f500ed00d5
00cd00e500f500ed
fcb9fcc9fe6a0095
fd19fce1fcb9fcb9
005400a5ffacfdfa
00e500e500c5004c
012d010d00ed00e5
01250125012d0135
010d0115011d0125
010500fd00fd0105
011d011d01150105
016d017d01860186
012d013d014d0165
010d010d010d0125
0105010d010d0115
00cd00d500f50105
0165022e0236014d
fd71feab01050175
ff84fdeaff6bfeb3
02970317037f0317
01ce01ce01de021e
014d018e01ae01b6
ffccffec005c00e5
005c001cfff4ffdc
ff9c001c005c0074
fdf2fe42feabff23
fda2fdb2fdaafdca
fde2fdcafdaafd92
fe42fe2afe1afe02
ffd4ffbcff23fe93
ff9cff7bff9cffcc
00d5006cffb4ff6b
00f500f500f500e5
00c500e500f500ed
fcc1fcc1fda2003c
fd21fcd9fcb1fcc1
00540074ff4bfdca
00f500fd00cd006c
012d011500fd00f5
01250125012d0135
010d0115011d0125
010500fd00fd010d
011d011d011d010d
016d017d01860186
012d013d014d015d
0115010d010d0125
0105010d010d0115
00cd00d500f500fd
01d6023601e60105
fd21fedb0145018e
ffacfefbfe52fd51
029f031f037f026e
01ce01de01fe0246
017501a601b601be
0044006400b5010d
00bd00a5008d005c
00bd00dd00e500dd
ff4bffb40024008d
fe9bfeb3fecbfefb
fedbfe9bfe7afe72
ffc4ff94ff53ff13
003c005c004c0014
ffc4ffc4ffec001c
00dd009d001cffbc
00f500ed00ed00e5
00bd00dd00ed00f5
fcd1fcc9fd09ff94
fd11fce1fcb9fcb9
003c0034ff33fdaa
00fd00fd00d5009d
012d0125010d00fd
012d0125012d012d
0105010501150125
010d010d01050105
011d011d011d010d
016d017d018e018e
012d013d014d015d
010d011501150125
01050105010d0115
00dd00ed00f500f5
021e025e017500fd
fd39ff5b015501c6
ff4bfe6afdeafd21
02bf0327036701ae
01e602060236026e
018e01ae01b601ce
00a500c500f5013d
010d00fd00dd009d
0115011d0125011d
008d00bd00ed0105
002c00340044005c
006c0044002c0024
00b5009d009d008d
0064008500a500bd
000c001400340054
00dd00b50064000c
00f500ed00e500e5
00a500dd00e500f5
fce9fcc9fcb9fea3
fd21fce9fcc1fcc1
004cfff4ff0bfd92
0115011d00e500ad
012d011d010d0105
013d013d0135012d
010501050115012d
010500fd00fd00fd
011d011d011d0115
016d017d0196018e
0125013d014d015d
01150115011d0125
01050105010d0115
00e500f500ed00fd
0236020e011500fd
fd71ffd4014d01b6
ff53fddafdeafd19
02d7033f02cf0024
020e02360266029f
01ae01ae01c601e6
00e500f501250175
0135011d00f500cd
012d01350145014d
00fd0115011d0125
00bd00bd00cd00d5
00dd00c500c500cd
00fd00ed00f500ed
008500a500c500dd
003c0044005c0064
00dd00c5009d003c
00ed00e500dd00e5
003400c500dd00f5
fcf1fcc1fcb1fdca
fd31fd09fcd9fcd9
0064ffe4fee3fd79
01150125011500d5
0135012501150105
0145013501350135
01050125013d014d
010500fd00fd00fd
011d011d011d0115
01750186018e018e
012d013d014d0165
0115011501150125
00fd010d01150115
00e500ed00ed00fd
0256016500fd00ed
fdca002c016d01ae
ff5bfde2fdb2fd11
02f70337018eff4b
023e026e029702b7
01ae01b601de020e
010d012d016501a6
01450135010500fd
013d014d0155014d
012d012d0135012d
00e500dd0105011d
00fd00e500ed00f5
00fd010d010d010d
009500b500d500e5
005c006400740085
00dd00c500ad007c
00e500d500d500dd
ff4b00a500cd00ed
fce9fcb1fcc9fd49
fd29fd19fce1fce1
007cfff4fecbfd79
0115010d010500cd
012d0125011d010d
01250125012d0135
0165015d01350125
0105010500fd0115
0115011d011d0115
0175018601960196
012d0135014d015d
0115011501150125
00fd010d01150115
00e500dd00e500ed
022e010d010d0105
fe22004c0175022e
feabfe32fddafd19
030f02af0004ff13
026e029f02c702e7
01b601d6020e0246
013d014d018e01ae
013d012d01250125
013d0145014d014d
0135014501450145
00e500d500fd011d
010d0105010d00fd
00f5010d011d011d
009d00b500d500dd
0085007c00850095
00d500c500b500a5
00cd00cd00cd00d5
fe22004c00b500d5
fce1fcb1fce9fd19
fd11fcf9fcf9fcf9
006c000cfeabfd71
0115010500e500ad
0135013501250115
01250125012d012d
0145010d01050115
010d01050115014d
011d011d011d0115
0175018e019e019e
012d0135014d0165
010d011501150125
00fd0105010d0105
00d500d500dd00e5
019e00fd0115010d
fe42005401e602af
fe3afe0afde2fd39
030700f5fed3ff53
029702c702ef02ff
01d60206023e0276
015d018601ae01be
013d013501450145
012d01350145013d
011d012d01250135
00e500dd00dd00fd
01050105010500f5
00e500fd01050105
009d00ad00ad00c5
00a5008d0095008d
00bd00bd00b500bd
00c500c500cd00cd
fd41ff3b009500b5
fcd1fcb1fd01fd11
fd21fd11fd11fd01
00740014fe83fd71
010d010500d50095
01350135012d0115
01250125012d012d
00fd0105010d0115
010d011d0125010d
01250125011d0115
0175018e0196019e
01250135014d0165
011501150115011d
00fd0105010d010d
00dd00dd00dd00ed
0165010d012500fd
fe9300dd0287025e
fe2afdb2fd92fd59
01cefecbfe0aff6b
02c702ef02ff02ef
01f6022e025e0297
017501a601c601de
0135013d01550165
011501150105011d
00cd00e500f5010d
00a50095009500ad
00d500cd00cd00c5
00cd00dd00dd00dd
009d00a500a500ad
00a5009d009d009d
00a5009d00a500ad
00b500bd00bd00bd
fce9fdd20004008d
fcc9fcd9fd09fd09
fd49fd29fd19fd09
008dfffcfe4afd71
010500fd00cd00ad
012d012d012d0115
011d01250125012d
00fd0105010d011d
010d0125010d00fd
01250125011d011d
017d018e019e019e
012d013d014d0165
011501150115011d
00f50105010d0115
00d500d500dd00ed
016d011d012d00ed
fefb019e026601ae
fe1afd92fdaafd8a
ff53fda2fd61feab
02f7031703070236
0216024e028702bf
019601c601de01f6
012d0145016d017d
00ed00f500ed010d
008d00b500d500dd
005c0054004c005c
00a50085007c006c
00ad00ad00b500b5
00a500ad00ad00a5
00a500a500a500a5
00ad009d009d00a5
007c009500a500ad
fcd9fcf9fe9b0034
fcd1fce9fd11fcf1
fd59fd51fd21fcf9
00a5ffdcfe12fd61
00fd00e500c500d5
011d011d011d010d
011d0125011d0125
0105010501050115
0115011500fd00fd
01250125011d0115
01860196019e01a6
012d013d0145016d
0115011d011d011d
00f50105010d0115
00d500d500e500ed
015d0135012500e5
ffd4021e01ee017d
fe72fd82fdaafe02
fe0afd39fd51fe7a
0317032702c700a5
024e028702bf02f7
01be01ee0216022e
013d0155017d019e
00cd00e500fd0125
006c00a500bd00c5
005c004c002c003c
008d00740064005c
0095009500950095
00ad00b500ad00a5
009d00a500ad00ad
00a5009d009d009d
002c005400740095
fcd1fcc9fd01fee3
fcf1fce9fd09fce1
fd51fd51fd31fcf9
0095ffacfdeafd59
00f500dd00c500cd
011d011d01150115
0115011d011d011d
010d0105010d0115
0115010501050105
01250125011d011d
0186019601a601ae
012d013d014d016d
01150115011d011d
00f50105010d0115
00dd00dd00e500ed
01550155012500ed
017d018601c601a6
fe62fdb2fe0aff03
fd9afd11fd69fe72
031f02ef02360024
028f02bf02ef031f
01f6022e024e0266
014d016d019601c6
00d500f5010d0135
006c009d00b500bd
008500740054004c
008d00850074006c
00a500a500a5009d
00b500b5009d009d
008d00a500ad00b5
007400850085008d
ff030004002c0054
fcd9fcc9fc99fd09
fce1fcf1fd19fcd9
fd61fd51fd29fd09
006cff5bfdb2fd61
00dd00ad00b500a5
01150115011d011d
010d0115011d011d
010d01050105010d
0115010d010d0105
01250125011d011d
0186019e01ae01b6
012d013d0155016d
0115010d0115011d
00ed00f501050115
00dd00dd00dd00ed
01650165013500f5
010d010501c601be
fdf2fdbafed300d5
fd21fd29fd71fe42
02d7025e017dff53
02c702ef03170317
0246026e0287029f
016d018e01c6020e
00ed01050125014d
007c00a500bd00d5
00b500a500850074
00ad009d008d009d
00b500bd00bd00b5
00c500c500bd00b5
0074009500a500b5
002c004c00640074
fd11febbffc4fffc
fce1fcd1fc99fc78
fce9fcf9fd19fce9
fd61fd41fd29fd19
0034fefbfd79fd61
00b5008d0095006c
010d011d011500fd
010d010d01150115
010500fd00fd0105
011d0115010d0105
01250125012d0125
0186019e01ae01b6
012d013d01550175
01150115011d011d
00ed01050105010d
00dd00e500dd00dd
0196017501450105
ff8c00fd01de01be
fdb2fdf200bd00b5
fd11fd51fd8afe52
0287022e00c5febb
02ef030f02f702a7
028f029f02b702cf
019e01ce0226026e
010501250145016d
00ad00bd00dd00f5
00bd00bd00ad00a5
00cd00bd00b500bd
00cd00d500d500cd
00cd00d500cd00cd
005c007c009d00b5
ffdc0014003c004c
fc70fcf1fec3ffa4
fce9fce9fca9fc78
fce9fd19fd21fcf9
fd39fd39fd09fcf1
fff4fe9bfd51fd59
008d007400740034
010d0115010500cd
010d010d01050105
00fd01050105010d
01250115010d0105
0125012d012d0125
018e019e01ae01b6
012d013d01550175
01150115011d011d
00ed00fd0105010d
00d500d500dd00dd
0196017d01550135
ff2b00fd01c601b6
fe0affdc010dfeeb
fd41fd31fdb2fe3a
02b701ee001cfe62
02f702d70297026e
02bf02c702e702f7
01d6022e027602af
012d015d017d01a6
00e500e500fd010d
00ed00e500dd00ed
00f500ed00e500ed
00ed00f500f500f5
00bd00d500dd00e5
003c005c007c009d
ff53ffacfff40024
fc81fc99fe22ff2b
fcc9fce9fcb9fc81
fcd9fd39fd31fce1
fd21fd21fcf1fcd9
ffc4fe4afd51fd51
006c005400340004
00fd00f500d5009d
010d010500f500fd
010501050105010d
01250115010d010d
01350135012d012d
018e019e01b601be
012d013d014d0175
01150115011d0125
00ed00fd01050115
00f500c500d500e5
01a6019e014d014d
ff5b011501ce01d6
ffcc005cfecbfe4a
fd21fd29fde2fe72
0317017dff2bfea3
02bf027e025e0287
02df02e702ef02df
0236028f02cf02df
016d019e01c601ee
0115011d01350145
010d010d010d011d
00fd00fd00fd0105
00fd010501050105
00a500c500dd00ed
ffe4002400440074
ff03ff1bff53ff9c
fc81fc89fdfaff1b
fcc9fce1fcc1fc89
fcd1fd31fd31fcf9
fd21fd09fce1fcd1
ff7bfe02fd71fd39
0044002c0004ffdc
00e500cd00a5006c
00fd00e500ed00f5
00fd00fd01050105
0125011d01150105
012d012d012d012d
018e019e01ae01be
012d013d014d0175
0115011d011d0125
00ed00f501050115
012500d500d500e5
01be01be0175014d
ff63010d01be01c6
ffb4fe1afdcafe5a
fda2fe22fe8bffb4
033f00adfe62ff3b
027e024e024e02ef
02df02cf02bf02a7
02af02df02ef02ef
01ae01de0216025e
0155016d017d0196
01050115012d0145
00f500fd00fd0105
00e500fd010500fd
0074009d00b500c5
ff33ff9cfffc003c
ff0bff0bfef3ff03
fc81fc78fdeaff3b
fcd9fcd1fcc1fc99
fcf1fd21fd09fd01
fd41fcf1fcd1fcd9
ff3bfdeafd69fd29
001c0004ffccffb4
00bd009d006c0034
00d500c500d500d5
00f500ed00ed00e5
011d011501150105
014d013d012d0125
018e01a601b601be
012d0135014d0175
01150115011d0125
00e500f500fd0105
012d010500dd00dd
01c601f6019e0155
ff84012501ae01be
fe1afdb2fe02fe8b
fe2afe93ff0bff6b
0317fff4fe2afe5a
023e021e027e034f
02af02a70287026e
02df02df02c702bf
01ee0226026e02b7
016d0186019e01c6
010d011d0135015d
00ed00fd010d010d
00a500c500d500dd
000c005400850095
ff03ff1bff4bffa4
ff1bff0bfefbfefb
fc78fc70fdc2ff43
fcd9fcc9fcc9fc99
fcf1fd21fcf1fce1
fd39fce1fce1fcf9
ff13fdd2fd49fd41
0004ffdcffacffac
00950074003c001c
00c500cd00d500c5
00fd00f500e500cd
012d0125011d010d
01be01ae0155013d
018601a601b601be
012d0135014d016d
0115010d011d0125
00e500f500fd0105
0135011500ed00dd
019e01d601de0186
ff9c012d01b601c6
fdcafe72fe6afe62
fe32fe42fe72fe1a
025eff0bfe12fe02
020e022e02ef0367
027e0276025e022e
0276026602760287
021e0256027e0287
017d019e01b601e6
0135013501550165
00ed010d0115011d
009500b500bd00d5
ff43ffa400040054
ff0bff0bff0bff13
ff33ff13ff13ff13
fc78fc81fd9aff3b
fcd9fcc9fcb1fca9
fd01fd11fce9fcd9
fd11fcc9fcf1fcf9
fee3fdaafd39fd49
ffd4ffacff8cffc4
00640044002cfffc
00c500c500b50095
0115010500dd00c5
0145014d01450125
015d015d0145013d
0186019e01b601c6
012d013501450165
010d010d010d011d
00e500ed00f50105
0186013d010500e5
01860186019e01b6
ffa4013d01be01be
fe0afec3fe3afe83
fe7afdf2fd8afde2
01cefe62fe72fedb
02060276032f033f
024e024602360216
01ee0216023e0256
01f601ee01de01de
01a601b601c601e6
014d015d017d0196
00f5011d0135013d
ffe4004c00a500d5
ff03ff0bff33ff84
ff23ff1bff13ff13
ff53ff23ff1bff23
fc81fc89fd8aff43
fcc9fcc9fca9fcb1
fd01fd01fce1fcd9
fce9fce1fd09fcf1
fe72fd82fd39fd41
ffb4ff94ff7bff53
00540034000cffd4
00e500cd00a5007c
01450145010d00dd
012d0125012d0135
0135013d0135012d
017d019e01b601c6
0125012d01450165
0105010d010d011d
00ed00ed00f50105
016d014d014d011d
0175017d01650145
ffa4012d019e019e
fe83fe1afdd2fe83
fdcafd29fd71fe1a
0155fecbff33fe93
021602af032f031f
022e0226021601fe
01ce01f6020e022e
00f5011d01550196
00dd00e500e500e5
008d00ad00c500cd
0004003c005c0074
ff2bff53ff7bffc4
ff1bff1bff1bff23
ff23ff2bff23ff23
ff63ff43ff2bff23
fc89fc81fd82ff43
fcb9fcb1fcb9fcb1
fd01fd01fce9fcd1
fce9fd09fcf9fcf9
fe5afd59fd41fd31
ff84ffd40095ffec
002cfff4ffd4ffac
00cd00ad00850064
00ed00d500c500c5
012d011d011500fd
01350135012d0135
016d018e01a601b6
01050115012d014d
00fd00fd00fd0105
013500f501050105
01250135010d0155
017d018e017d0135
fff4012d017d0175
fe7afdbafdcafe8b
fd19fd39fdc2fe62
00cdff5bff63fe02
024e02d70327031f
0236022601fe01f6
01be01ee020e0226
00c5010501350186
fff4000c0044007c
ff8cffacffc4ffd4
ff53ff63ff6bff7b
ff33ff3bff43ff4b
ff23ff2bff2bff2b
ff13ff1bff2bff2b
ff63ff63ff4bff2b
fc89fc78fd61ff33
fca9fca1fca9fcb9
fd01fcf9fce9fcc9
fd01fd09fcf9fd09
fe02fd51fd51fd21
ffe4012500fdff5b
fff4ffbcffacff94
009d00740054002c
00e500bd00a500ad
012d011d01150105
01350135012d012d
0145016d017d018e
00d500e500fd0125
00dd00dd00d500d5
010500ed00ed00e5
00f5012d00fd00f5
015501750186011d
003c0125013d0145
fe4afdbafdf2feb3
fd41fdc2fe22fdd2
00cdff53fe2afd9a
029f03170337031f
0226020e01e6020e
01be01f602160226
00e5011d014d018e
ffec002c0064009d
ff8cff9cffc4ffcc
ff6bff6bff73ff84
ff3bff4bff5bff63
ff1bff23ff2bff2b
ff33ff1bff0bff13
ff5bff53ff43ff43
fca1fc78fd51ff1b
fca1fc99fca1fcb1
fce9fcf1fce1fcc9
fd09fd11fd01fd09
fdcafd59fd51fd19
ff73ff8cff33fec3
ffccffacff9cff73
0085005c002cfff4
00d500b50095009d
0125011d010d00fd
012d012d012d0125
01150135014d015d
009d00a500bd00e5
00ad00a5009d0095
00ed00c500c500b5
00d5010d012500f5
013d013d015500f5
003c011d0115011d
fe62fdf2fe0afeb3
fdaafd9afd92fd92
ff5bfe6afe02fdd2
02ff032f0357023e
020e01de01ce0287
01ce020e0226022e
00f5012d0165019e
000c0044007400a5
ffa4ffbcffd4ffe4
ff7bff84ff8cff94
ff33ff53ff63ff73
ff0bff0bff1bff23
ff4bff33ff13ff03
ff4bff4bff3bff3b
fca1fc89fd69ff0b
fc99fc81fc89fca9
fcd1fcf1fcd9fcb9
fd09fcf9fd09fd01
fdbafd69fd39fd09
ff33ff2bff2bfec3
ffacffa4ff94ff5b
0064003c000cffd4
00cd009d0095008d
01250125011500f5
012d012d012d0125
00cd00f50105011d
0054005c007400a5
006c006c00640054
00e500ad008d007c
00c500d5014500ed
011d0105012500ed
0064011d00dd00dd
fe83fe42fe2afeeb
fd61fd59fd79fdc2
fe4afe42fe12fdca
03170347037700fd
01ee01a601e602bf
01e6021e0226021e
01050145017501b6
0024004c007c00b5
ffc4ffdcffec000c
ff84ff8cff9cffa4
ff2bff43ff53ff6b
ff13ff03ff0bff23
ff3bff43ff33ff23
ff43ff4bff3bff43
fc91fc99fda2ff0b
fc91fc81fc81fca1
fcd9fce1fcd1fca9
fcf9fcf1fd09fce9
fdaafd61fd11fd01
ff33ff2bff33fea3
ff9cff94ff84ff3b
00540024fff4ffc4
00bd0095008d007c
0125011d011500ed
012d01250125012d
007c00a500b500d5
00140014002c0054
0034002c00240014
00b500ad006c0044
008d008d00b50115
00ed00dd010500cd
0085011d00a5008d
fe9bfea3fe5aff33
fdb2fd8afd92fdfa
fdbafe12fe1afdda
0307035f0377005c
01be019e01fe02a7
01ee0206020601f6
011d0165018e01ce
0024004c008500cd
ffccffe4fff40014
ff73ff84ff9cffa4
ff1bff2bff43ff53
ff2bff23ff13ff1b
ff33ff43ff43ff33
ff33ff3bff33ff3b
fd01fd31fe22fefb
fc89fc89fc89fcb9
fcd9fce1fcc1fc91
fcf1fcf9fcf9fcd9
fd92fd41fd09fd01
ff1bff3bff3bfe52
ffa4ff84ff53ff13
0044000cffe4ffc4
00b5008d0085006c
0125011d010d00e5
0125012d012d012d
002c0054006c0085
ffccffccffe4fffc
fffcffecffdcffd4
00bd005c00540014
004c0044004c00b5
00f500c500e50095
00a5010d006c004c
fe9bfefbfe83ff53
fe12fda2fdb2fe0a
fd59fdaafe3afdea
02f703670367001c
019e019601de0297
01d601de01de01be
0115014d018601ce
0004002c006c00b5
ffa4ffbcffdcfffc
ff5bff6bff7bff8c
ff23ff2bff3bff4b
ff2bff23ff1bff13
ff2bff1bff23ff2b
ff03ff13ff1bff2b
fe2afe12fe7afedb
fc81fc81fd39fe12
fcb9fcb1fca9fc91
fcf9fd01fce9fcc9
fd82fd29fd01fcf1
ff23ff5bff3bfe1a
ff94ff6bff43ff2b
002cfff4ffd4ffac
00ad008500740054
011d010d00fd00d5
0135012d012d0125
ffccfffc0014002c
ff84ff7bff94ffac
ffbcffacff9cff8c
00a5005c0024fffc
0004fff4000c001c
00c500a500bd0085
00e500e50054ffec
fe8bff13fe8bff84
fe5afdc2fde2fdf2
fd49fd79febbfdf2
031f03900347007c
017d018e020602a7
01be01ce01be0196
00dd010d015d0196
fff4001c00440095
ff94ffacffbcffe4
ff5bff63ff7bff84
ff1bff2bff33ff4b
ff13ff13ff1bff1b
ff03fefbfefbff03
fed3fee3fefbff13
fec3fe32fe9bfeb3
fd31fd21feabff84
fcd1fd39fd82fd71
fd09fcf9fcd1fcb9
fd71fd21fcf9fcf1
ff43ff94ff23fe02
ff84ff6bff63ff4b
000cffdcffc4ff9c
00a5007c00740044
0125011500fd00d5
012d012d0135012d
ff73ff94ffb4ffcc
ff3bff3bff43ff53
ff7bff6bff5bff43
fffc006c001cffd4
ffbcffbcffd4ffcc
006c009d00a50054
010d00c50064ffac
fe93ff3bfed3ffc4
fe42fdeafdeafdea
fd61fd61fe9bfdca
035f03a0031f010d
016d01b6024602cf
01b601b6019e0186
00c500fd01550196
ffe400040034007c
ff7bff94ffb4ffcc
ff4bff53ff63ff73
ff1bff2bff2bff33
fef3fefbff03ff0b
fedbfee3fedbfeeb
fea3feabfec3fed3
fe9bfe3afe8bfea3
fd69fd39fdaafe8b
fd79fdbafdaafda2
fd11fce9fcb1fcf1
fd59fd09fcf9fd09
ff94ffa4fee3fdd2
ff8cff6bff73ff43
0004ffccffacff9c
00ad0085006c0044
01250115010500e5
012d012d012d0135
ff1bff33ff53ff6b
fef3feebfef3ff03
ff53ff23ff0bff03
ff9cffcc003cffec
ff8cff7bffa4ff84
006400a5008d0034
011d00f50064ffc4
fea3ff84fefbffec
fe6afe52fdd2fe02
fdbafd39fe2afd9a
039003a802f7016d
016d01fe029f030f
01ae0196017d0165
00c50115016d0196
ffd4fff4003c007c
ff73ff84ff9cffbc
ff33ff4bff53ff5b
ff13ff2bff2bff33
fedbfee3fef3fefb
feb3fec3fecbfecb
fe7afe83fe8bfe9b
fe4afe2afe72fe83
fd71fd39fd19fd79
fd82fd82fd82fd8a
fd09fcd1fce9fd82
fd31fcf9fd09fd19
ff9cff8cfe93fd9a
ff9cff8cff5bff6b
0004ffd4ffacff94
00ad008d006c003c
0125010d00f500cd
012d0135012d012d
fec3fed3feebfefb
feb3feb3febbfebb
ff3bfedbfec3fec3
ff84ff73ff8c0044
ff7bff53ff7bff5b
005c00a500a50044
0155011d0044ffd4
fea3ffa4ff33fffc
fe72fecbfdc2fe12
fe7afcf1fdaafd71
03a803b002ef01c6
0165021602d70357
018601750145013d
00cd011501550175
ffec0004003c0074
ff63ff84ffa4ffc4
ff2bff3bff43ff53
ff13ff23ff33ff33
fec3fecbfee3fefb
fe7afe93feabfeab
fe5afe52fe5afe6a
fdd2fe3afe3afe5a
fd79fd51fd29fd21
fd61fd61fd71fd8a
fce1fce1fd71fd71
fd19fd11fd11fd11
ff94ff73fe5afd69
ff84ff73ff7bff7b
ffecffc4ff9cff84
00a5008500640034
0125011500fd00cd
0135013501350135
feabfea3feabfeb3
fea3fe9bfea3feab
fee3feabfeabfeab
ff6bff3bff0bff6b
ff73ff33ff6bff43
005c008500a50044
017d0145007cffd4
fe8bffa4ffe4004c
fe4afedbfdb2fe02
ffb4fe1afe52fd82
03c003b802ff021e
013d01f602e7037f
016d0155011d010d
00d501150145016d
fff4001c004c0085
ff5bff7bff94ffbc
ff33ff3bff43ff4b
ff03ff1bff33ff2b
fea3feabfec3fedb
fe5afe72fe7afe93
fe2afe1afe2afe42
fd49fdd2fde2fe22
fd82fd69fd41fd19
fd39fd49fd61fd79
fcc9fd39fd31fd29
fd21fd29fd29fcf9
ff84ff13fddafd29
ff8cff63ff6bff8c
ffe4ffb4ffa4ffa4
009d007c0064002c
0125011d010500cd
0135012d01350135
fef3feebfedbfecb
feebfef3fefbfefb
fea3feb3fec3fee3
ff43fedbfed3fef3
ff5bff1bff53ff33
008d007c008d0004
0196019e00edffc4
fe62ff53002400ad
fdbafebbfe02fdda
0145010d010dfe62
03d803c00327025e
013d020e031703a8
0145012d010500fd
00cd010501450155
ffec002400540085
ff5bff6bff8cffbc
ff2bff33ff33ff43
fed3fef3ff1bff2b
fe83fe93fea3feb3
fe32fe52fe62fe72
fdf2fdf2fdf2fe0a
fd09fd82fe1afe02
fd82fd79fd59fd29
fcf1fd19fd49fd69
fd09fd09fcd9fce9
fd31fd41fd01fcc1
ff8cfeb3fd69fd31
ff8cff53ff53ff7b
fff4ffc4ffbcffac
00a5008d00640024
012d011d010500cd
012d012d01350135
ffacff9cff84ff63
ff8cffa4ffacffb4
feebff1bff43ff73
ff2bfeabfef3feeb
ff3bff1bff43ff23
00fd012500dd000c
01a601a601350064
fe32ff23001400bd
fe62feb3fe5afdba
01ee01ce0297007c
03e003c8035702bf
015d0276034703c0
011d00f500cd00cd
00bd00fd012d013d
ffe400240054007c
ff53ff6bff8cffb4
ff1bff1bff1bff33
febbfee3ff13ff2b
fe6afe8bfe9bfeab
fe0afe2afe42fe52
fdb2fdc2fdd2fdfa
fd11fd29fdf2fdea
fd61fd71fd61fd39
fcc1fcf1fd31fd59
fcf1fcc1fcb1fcb9
fd49fd11fcb9fce1
ff4bfe1afd51fd61
ff73ff5bff43ff53
fffcffd4ffbcffa4
009d008d00640034
012d011d00fd00cd
012d0135013d013d
005c005400340014
0034004c005c005c
ff73ffacffe40014
feebfee3ff23ff33
ff13ff23ff0bff1b
011d014d0125003c
01ce01c6015d008d
fe12ff0b000c00ed
027e009dff1bfe0a
025e01d6029f02af
03e803e003900327
01ee02ef037f03d8
00ed00b500a500ed
00b500e500fd010d
ffdc000c00440074
ff43ff63ff7bffa4
ff23ff1bff1bff1b
feb3fed3ff03ff1b
fe52fe6afe8bfe9b
fdf2fe02fe1afe3a
fde2fdb2fdbafde2
fd29fd09fd61fde2
fd59fd71fd71fd59
fcc9fcf1fd29fd51
fca9fcb1fca9fca9
fd39fcd1fcb9fcd9
feb3fdaafd69fd59
ff7bff5bff1bff23
fffcffdcffb4ff8c
009d00850064002c
012d011d00fd00cd
011d012d01350135
00f500ed00dd00bd
00cd00e500fd00fd
00040044007c00ad
fefbff53ff63ffb4
ff9cff6bff03ff2b
014501250105009d
01ee01f601ae010d
fe12fecbffdc0115
03a002e7ffc4fedb
0317025602c7032f
03d803e803b00367
023e031703a003e8
00c5009500ad0135
00a500cd00dd00e5
ffbcffec002c005c
ff33ff4bff73ff94
ff1bff23ff1bff1b
fe9bfebbfedbfefb
fe32fe42fe62fe7a
fde2fdeafdfafe22
fefbfe4afdbafdd2
fd49fd21fd31fdfa
fd59fd71fd79fd69
fcf1fd11fd39fd49
fca1fca9fcb1fcd9
fce9fca1fcc1fcb9
fe12fd8afd79fd31
ff6bff53ff33fefb
0004ffccff8cff7b
009d008d005c001c
012d011d010500cd
0105012d01350135
017d0175015d0145
014d0165017d017d
008500bd00f5012d
ff63ff84ffcc0034
ff8cffd4ff63ff43
0186015500e50034
0206022601c60165
feb3fea3ffbc011d
03e803c001ee004c
039802e702e70377
03d803f003d80390
025e033f03b803e8
00ad0085009d013d
009500c500ed00c5
ffb4ffec001c004c
ff2bff43ff5bff84
ff03ff13ff1bff23
fe83fea3febbfee3
fe12fe22fe42fe62
fdcafde2fdf2fe02
ffacff63fdc2fdba
fd51fd31fd29fd92
fd59fd69fd71fd79
fd39fd51fd51fd59
fca1fcc9fd11fd39
fcb1fcb1fcc1fca1
fdd2fd9afd59fd01
ff6bff33ff1bfeab
fffcffb4ff8cff84
009d007c00540024
012d011d010500d5
00ed012d01350135
009d00950095008d
008d008d00950095
003c00540064007c
0004000c000c0024
ffdcffecffe4ffec
ffb4ffc4ffccffcc
ffa4ffa4ffa4ffac
ffe4ffd4ffd4ffbc
002400140004fff4
00540054004c003c
004c0054005c005c
005c00740044003c
005c00440034002c
0064003c003c0044
00ed00c500c50085
0054003c005400e5
ffccffe400a500e5
ffccfff4ffec000c
ff2bff43ff53ff8c
feebfef3fefbff0b
ffa4ff33ff03fefb
ffc4ffacffacffdc
001c0004fff4ffe4
001c00240024001c
005400340024001c
00bd00a5008d0074
00ed00ed00dd00d5
00bd00d500e500ed
005c0074008d00b5
00140014002c0044
fffcfffcfffc0004
001c002400240014
009d009500950095
0085008d00950095
003c0054006c0085
fffc0004000c0024
ffd4ffdcffe4ffec
ffb4ffbcffccffd4
ffacffacffa4ffac
ffecffdcffd4ffc4
0024001c000cfff4
00540054004c0044
004c0054005c005c
0014002c003c004c
0044007c0085003c
00f500cd008d0054
006400f501b6015d
00cd003400340044
ffe4ffe4004400cd
ffdc008d00340014
ff3bff6bff94ff5b
fefbff0bff23ff4b
ff84ff94ff73ff1b
ffc4ffb4ff84ff73
001c000cfffcffe4
00140014001c001c
00640044002c001c
00c500b5009d0085
00ed00ed00e500d5
00bd00d500e500ed
005c007c009500b5
00140014002c003c
00040004fffc0004
002400240024001c
0095009500950095
008d009500950095
003c0054006c0085
fff4fffc000c0024
ffccffd4ffdcffe4
ffb4ffb4ffc4ffbc
ffb4ffacffacffb4
fffcffe4ffd4ffc4
002c0024000c0004
005c005c0054004c
0054005c005c006c
004c001c00240044
00b5004c005c007c
010d00b500cd00ed
004c005400b5013d
00b50064002c0044
004c005400ad005c
ffc40034006c008d
ff23ff63ffe4ffac
ff13ff03fefbff23
ff5bff84008dffdc
ffecffe4ffacff73
0024001400140004
0014001c00240024
006400440034001c
00cd00bd00a50085
00ed00f500ed00dd
00b500dd00ed00ed
005c007c009500a5
0014001c0024003c
000c000c000c000c
002400240024001c
0095009500950095
008d009500950095
003c005c00640085
fff4fffc000c0024
ffccffccffccffdc
ffb4ffb4ffb4ffc4
ffbcffb4ffb4ffbc
000cffecffdcffcc
003c002c0024001c
005c005c0054004c
0044005c006c006c
00440064004c0034
009d00740034001c
009d009500740074
0064005c0064008d
009d00850044004c
00c5015501860095
ffe4000c005400ad
fedbfefbff5bffbc
ff63ff03fef3fed3
ffa4ff84ffa4fff4
002c004c000cffbc
00240024001c0014
001c00240024002c
0074005400440034
00dd00c500b50095
0105010500fd00e5
00b500d500ed00f5
005c0074008d00a5
001c001c002c003c
001400140014000c
002400240024001c
0095009d00950095
008d008d00950095
003c005c006c0085
ffecfffc000c001c
ffc4ffccffd4ffd4
ffacffacffbcffc4
ffc4ffbcffbcffbc
0014fff4ffe4ffd4
004c0034002c0024
0054005c00540054
004400540074006c
001c004c0074006c
003400340044003c
007c006c007c005c
011d00d5010d00e5
0155015d010500ed
00ed01b601ee01c6
ffc4005400a50155
fefbfefbff0bff53
ff8cff43ff0bfefb
ff94ff7bff7bff73
fff4ffe4ffccffac
0024002400140004
002c002c002c002c
0085005c00540044
00ed00cd00bd009d
0105010d010500f5
00ad00cd00e500f5
005c0074008d00a5
0024001c0024003c
001c00240024001c
001400140014000c
009d009d009d0095
008d0095008d0095
003c005c006c0085
ffecfffc000c001c
ffbcffccffd4ffd4
ffacffb4ffbcffc4
ffc4ffbcffbcffbc
001c0004fff4ffd4
004c004400340024
005c005c00540054
006c00640064006c
0044004c0024004c
003c002c00240044
008d007c0085006c
01ce0226017d00dd
019601350125017d
013d014d011d01c6
ff43ffbc008d014d
ff0bfefbff03ff1b
ff63ff8cff53ff23
ff7bff6bff5bff43
fffcffe4ffccffac
0024001c001c0014
0034002c002c002c
008d00640054004c
00ed00d500c500a5
0105010d010d00fd
00ad00c500e500fd
006400740085009d
001c001c001c003c
001c002400240024
00140014000c000c
009d009d009d0095
008d008d0095008d
003c005c006c0085
ffe4ffec000c001c
ffc4ffccffd4ffdc
ffb4ffb4ffbcffc4
ffccffc4ffbcffbc
00240014fffcffe4
0054004c003c0034
0064005c005c005c
003c006c007c006c
004c0095003c001c
0074005400440034
010d00c50095008d
01c601e60186013d
016d014d014d0165
018e014d017d016d
ff4b0004008d0145
ff2bff0bff0bff13
ff43ff84ffbcff94
ff7bff5bff43ff3b
0004ffe4ffbcff9c
001c001c002c0024
0034002c002c002c
0095008d0064004c
00ed00d500bd00a5
010d010d01050105
00ad00bd00dd00fd
005c006c00850095
001c00240024003c
001c002c002c0024
001400140014000c
009500950095008d
00950095009d009d
003c005400640085
ffe4fff4000c001c
ffc4ffccffd4ffdc
ffbcffbcffbcffc4
ffd4ffccffc4ffc4
00240014000cffec
00640054004c0034
0064005c0074009d
0024003c00740085
005c00ed00540014
0105012500dd0064
024e019e0155010d
02a702b7030f028f
0206023601be01ee
01be023e023601ce
ff9400e501750155
003cff7bff33ff2b
ff4bff5bffa40034
ff9cff73ff73ff7b
001cfffcffdcffbc
002c00340054003c
003c0024002c0034
009d009d00ad006c
00f500dd00cd00ad
010d01150115010d
00ad00bd00dd00fd
0054006c00850095
00240024002c003c
001c0024002c0024
000c000c00140014
0095009500950095
00950095009d009d
003c004c0064007c
ffdcfff40004001c
ffbcffc4ffd4ffdc
ffc4ffbcffc4ffbc
ffecffdcffc4ffc4
002c0024001cfffc
006400540044003c
006c005c007c007c
00b5006400640095
009d00c500440044
01c6018e012500a5
032f02e7029f021e
0388037f03a00398
02ef02ef02e7031f
022e032f031f026e
006401ae022e01e6
011d0085ffc4ffcc
ffd4ffe4007400ad
fffc00040004003c
003400240014000c
007c008d00b50054
005400240024004c
00a5007c008d009d
010500f500dd00bd
010d011501150115
00a500bd00dd00f5
0044005c0074008d
002c002c002c0034
001c0024002c002c
000c000c000c0014
0095008d0095008d
008d008d009d009d
003400540064007c
ffdcfff4000c0014
ffc4ffc4ffd4ffdc
ffc4ffc4ffc4ffbc
0004ffecffdcffd4
004c00340024000c
0064005c004c005c
0095008d00950085
00e5009d005c0074
015500cd004c0034
028f025601f601b6
0357036f037f02f7
0307035703b00388
02b702d7026e0287
026e02ff030f0287
00b5025e0307029f
00a5013d00cd00bd
00140064011500a5
0014001400340054
002c004c003c0024
008d009d0064003c
0095005400240044
00ad00850074006c
010d00fd00e500cd
01050115011d011d
00a500bd00dd00f5
0044005c00740085
0034003400340034
001c002c002c0034
000c000c000c000c
00950095008d0085
008d008d009d009d
003400540064007c
ffe4fff4000c001c
ffccffccffd4ffd4
ffccffc4ffbcffc4
000cfff4ffecffdc
0044003c002c0014
008d008d00850064
008d00a5009d0095
0054006400540054
020e011d00a50054
031703170266023e
02e7032f031f02f7
0226027e02ff02df
012d00fd00bd0125
0145016501ae00f5
0105025602ef0216
011d016d01860145
0004003c00e50105
007c0034fffc001c
00f500cd00cd00bd
00d500ed008d00ad
0044004c00540044
00b5009500740064
0115010500ed00d5
01050115011d011d
00a500b500d500f5
0044005c00740085
002c002c00340034
00240024002c0034
0004000c000c0014
0095008d008d0085
008d008d009d009d
003c004c00640074
ffe4fff4000c001c
ffc4ffccffd4ffd4
ffccffc4ffbcffc4
0004fffcfff4ffdc
004c00340034001c
010500f500d5006c
005c006c007400b5
00b500740044003c
0276021e01b6010d
032f037f030f02c7
02c7028f02af02af
011d0135021602b7
ff9cffc4fff4004c
ff94ff9cffa4ffac
01de017500edfff4
018e017d01ce01de
008d007400bd012d
00d500c500d500d5
00bd0105014500e5
0044004c00640095
0034002c00340034
00d500ad008d005c
0115010d00f500e5
01050115011d011d
009d00b500d500f5
00440054006c007c
002c002c002c002c
00240024002c002c
0004000c000c0014
0095008d0085007c
008d008d00950095
003c005400640074
ffe4fff40004001c
ffc4ffc4ffd4ffd4
ffd4ffccffc4ffc4
fffcfff4ffe4ffdc
005c0044003c0024
00ed015d01d600c5
005c007c00cd014d
027e019e00ad0064
0337032702c702a7
0307032f03370327
01d601b6021e0276
00950125017501a6
ffb4ffec001c005c
ff3bff23ff23ff73
00340014ffccff63
0206019e01ce0145
01a60145017d020e
00cd00ed015501be
0085006c0054007c
002c002c005c0074
0085005c0044002c
00dd00d500d500ad
011d011500fd00e5
0105011d01250125
009500ad00cd00ed
00340054006c007c
002400240024002c
00240024002c0034
0004000c000c000c
0095008d0085007c
008d008d00950095
003c005400640074
ffdcffec0004001c
ffccffccffd4ffdc
ffdcffdcffccffc4
000cfff4ffecffdc
0095005c00440024
00a5016d026e016d
00d500d500fd00bd
0390030f01ee0145
029702ff03570377
010d01b60236023e
0105012d00ed0105
00ad00dd00d50095
ff3bff94fff40074
feb3fe7afe4afea3
0054004cff63feeb
021601e6011d00ad
01f602360276022e
00e500f5015501ae
0074009d00b500b5
002c002c0044005c
008d006c003c002c
00dd00bd009d008d
01250115010500f5
0105011501250125
009500ad00c500dd
0034004c0064007c
001c001c001c002c
002400240024002c
0004000c000c000c
0095008d0085007c
008d008d00950095
003c00540064007c
ffdcffec0004001c
ffccffccffd4ffdc
ffdcffdcffd4ffcc
001c000cfff4ffec
010500ad0054003c
00d5017d029701f6
022e01fe018600fd
03b003a002ef029f
01ce024e02e7035f
00740024008d012d
00bd012d00c50064
004c00bd00ed00fd
fe72fe32feb3ff94
ff33ff43fee3fea3
0095001cff5bff23
020e0206018600c5
0196022e026e021e
00e5011d018601a6
004c008d00c500bd
001c001c002c0044
0095005400240024
00e500b5009500a5
0125012d01350105
01050115011d0125
008d00ad00c500e5
002c004c00640074
001c001c001c0024
001c0024002c002c
0004000c0004000c
008d00850085007c
008d008d00950095
003c00540064007c
ffe4ffec0004001c
ffd4ffd4ffdcffdc
fff4ffe4ffdcffcc
002c001c000c0004
017d00fd006c0044
00ed0186029f0246
0236029701ee0105
0367035f032702b7
00e501ee028702e7
007c00bd00a5006c
014501ae0165009d
fffcff9cfff40095
ff33fe6afe12febb
ff53ff63ff9cffa4
ffa4ff8cff94ff4b
01ee0216019e00a5
024e02af026e0216
00dd00c5013d01ae
003c0044005c007c
001c001c002c0024
006c004400340024
00dd00bd009d008d
0135015d013d00fd
0105011501250125
008d00a500c500e5
0024004400540074
001c0014001c0024
001c0024002c0024
0004000c00040014
008d008d0085007c
00850085008d008d
0034004c0064007c
ffe4ffec0004001c
ffd4ffd4ffdcffe4
fff4ffe4ffdcffdc
003c001c000cfffc
021601250074004c
00cd014d028702b7
029f01fe012500d5
02f703570377036f
00fd0115021602bf
00bd009d01250115
0085017501ee0196
ffbcff84ff1bff3b
ffdcffacff73ff8c
ff4bff63ff7bffd4
ff2bff5bff5bff3b
022e017d008dff53
023e0287025e024e
006c0095011d0165
005c006c00a50095
0034003400440044
006c005400340034
00f500cd00c50095
015d015d0135012d
00f5010501150125
008d009d00b500d5
002c003c004c006c
00240024002c0024
000c001c001c0014
000400040004000c
008d0085007c0074
007c0085008d008d
002c0044005c0074
ffecfff4fffc0014
ffd4ffd4ffdcffe4
ffecffe4ffecffd4
003c0014000cfffc
023e010d006c006c
014d016d029702ef
038802f7022601be
0327036703b00398
01fe01ce01ce02bf
01b6016d011501be
ff9400c5017d01ce
000cffacffacff2b
001400140014fffc
fed3ff73ffb4ffe4
fe9bfedbff33fec3
023e0155ffe4feb3
014501be018e01ee
ff84002c00ed011d
00c5009d0085ffdc
0024004c0054005c
0085006c00540034
0155010d00fd00ad
01f6020601be019e
010d013d016d019e
0085009d00b500e5
002c00340044005c
0014001c001c0024
000c000c000c000c
000400040004000c
00850085007c007c
0074007c0085008d
0024003c00540064
ffecfff4fffc0014
ffdcffdcffd4ffdc
ffecffe4ffecffd4
00440024000c0004
021e00fd007c007c
027601fe02af029f
031702ef02c702b7
0357039803880357
02a702af01f6027e
01e6024e021601de
ff5bffac00d50135
007c00340024ffd4
005c0014ffecfff4
fdfafe93ffb4006c
fdd2fdc2fe8bfe12
019600e5ff4bfe0a
00140004009501fe
ffccffd4ff2bffac
008dffbcff84ff5b
000c005400b500dd
008d007400340004
00fd00e500c500a5
016d0165013d011d
0125013d014d0165
0085009d00bd00fd
002c002c0044005c
001400140014001c
000400040004000c
0004000400040004
0085008500850085
007c0085008d008d
0024003c00540064
ffe4ffecfffc0014
ffd4ffdcffd4ffe4
fff4ffecffecffdc
0054002c00140004
0246014d00bd00bd
02b7024e02bf02bf
02d7026e02b702cf
034703a803a80357
02af02df02e7029f
01b602870317030f
006c0014ff5b0095
001c00bd00b50064
003400440024002c
fdaafdf2ff030014
fe12fdcafe3afe22
00540014fefbfeab
0024009d01d601fe
ffdcfec3fe42ffa4
ffd4ff43ff1bff84
0004004400a50095
0085005c001c0004
010500ed00cd00ad
0135012d0125011d
00e500fd011d012d
007c009500ad00cd
00340034004c0064
001400140014001c
fffc00040004000c
000400040004fffc
0095008d008d0085
007c0085008d008d
0024003c004c0064
ffe4ffecfff4000c
ffd4ffd4ffd4ffd4
fffcfff4ffecffdc
007c004c00240004
02d7020601de011d
02c70307032f02ff
033702f7031702c7
036703a803770347
03980317036f0388
00bd0276034703b8
00c501350054fef3
005400740105015d
fefbff940064006c
febbfe93fe83fe9b
feebfe83ff2bffdc
00c5ffd4001400bd
010d026602ff025e
ff03ff4bffb400cd
ff0bff23ff73ff53
002c0034ffecff6b
0095004c001c0004
010d00f500cd00ad
01350135013d0125
00dd00ed0115012d
00ad00a500a500cd
002c003c00540074
000c000c000c0014
000400040004000c
0004000400040004
00950095008d0095
0074008500850085
001c003c004c005c
ffe4ffecfff40004
ffdcffd4ffdcffdc
0014000cfff4ffe4
011500bd007c0044
02f7026e023601c6
022e01de022602a7
03670367036702f7
03c0039003900317
03d803c8039003d8
ff2301a602e703b8
0175015d01be0074
00e500bd00ed0186
ff33feb3ffbc00ed
fe4afed3fee3ff23
ff43ff1bfedbfe83
019e013d018e0125
0236033f030f02cf
fde2fe320024014d
feabfe5afe4afe22
001cff63ff1bfefb
007c00340024003c
011d00fd00d500bd
0145014d0145012d
00dd00f501150125
009500a500ad00c5
002c003400440064
00140014000c001c
000c000c000c000c
fffcfffc00040004
009500950095008d
0074008500850095
00140034004c0064
ffe4ffe4ffecfffc
ffe4ffe4ffe4ffe4
0074004c002c0004
012d00ad00ad0095
0186018e018e015d
029f0206010d0125
030f0357037f034f
0337032703900398
03c803e003e0035f
0095fffc02060337
01f6019601d60266
0175015501150135
000cffdcfeebffac
fe2afe62feabff84
ff03fe93fddafe93
0236024600fd0064
01ce02ef02c7022e
fea3fef300850125
feb3fe12fe62fefb
ff3bff03ffacff63
0054003c005c002c
011d00fd00dd00ad
014d0155014d012d
00d500fd01150125
0074008d00a500b5
00340044004c005c
00140014001c002c
000c00140014000c
fff4fffcfff40004
0095009d0095008d
0074007c00850095
0014002c0044005c
ffdcffe4ffecfff4
002cffecffe4ffe4
005c005c00b500a5
00ed006400540044
00f500fd00ed00f5
02d7029f01be0105
02af029702e7033f
024e024602b702f7
03b003b803a0034f
02ff0085017d030f
024e022601ce0297
00cd016d017d015d
fff400ad0095ff73
fe12fe0afe52febb
ff23fde2fec3ff53
02af021601a600e5
0125026602160266
ffb4006c00ed00fd
fe1afe12fea3ff5b
fea3ff23febbfe62
006c008d0054ff43
011d010500e50085
0145014d014d0135
00d500f5010d011d
0074008500a500ad
003c004400540064
001c001c002c0034
000c00140014000c
ffe4fff4fffc000c
0095009d0095008d
006c0074007c0085
000c0024003c004c
ffd4ffdcffe4fff4
0054004cfff4ffdc
001c0014001c002c
008d005c005c003c
00dd00a500d500e5
026e025e020e0186
015d01a6020602cf
02a70125017d019e
034f039803370307
032f033f01c6026e
020e030f02a70246
00ad002c01b601c6
ff0b00850165016d
fea3fea3fdfafe32
ff94ff13ffecff23
0246020602e701c6
0115018601a60287
0105009d00340054
fe2aff43000c0064
fe4afe5afe32fe02
00c500fdff9cfe52
011d010d00d5009d
013d014d014d0135
00c500e5010d0125
0074008d009500ad
003c0044004c005c
0014001c0024003c
001400140014000c
fffc00040004000c
008d0095008d0085
00640074007c008d
0014002c0044004c
ffdcffdcffecfffc
00040004ffecffdc
001c0004fffc0004
008500540054003c
011d00ad00c500fd
01c60206022e0175
002c00c50175019e
025e0165fffc0074
028f034f032f0266
033f03d8032f021e
027602ef036f0307
01b6001400b5026e
fe72ff9c013d01e6
fe6aff03fecbfe72
ffa4ff33ff3bff33
019e01fe02b70135
00740034004c00e5
0014ffa4ff84fff4
ff43ff3b008d00fd
fe12fe22fdfafe62
0105003cfe62fe0a
012d011500bd00dd
0135014501550145
00c500e5010d0125
0074008d008d00a5
003c004400540064
001c001c0024003c
0014001400140014
00040004000c0014
00950095008d0085
005c00740085008d
00140024003c004c
ffdcffdcffecfffc
001cfff4ffecffe4
0024000cfff40004
00a500540044002c
013500cd008d0105
0085016d01ee019e
ffb4ffb400bd00a5
013d01a600bdff8c
01b602df0347022e
03a803c803c002d7
02df02bf038803b8
028f01de013501f6
fe62fe8b006401d6
feabfee3febbfeab
ffbcfe8bfecbff0b
0165012d0105000c
ff94ff0bfedbffd4
ff43ff43ff63ff7b
feb3fee30044ffb4
fdf2fe12fe8bff4b
0095febbfdfafde2
013d010500d500ed
012d013d01550145
00cd00ed01050125
007c0095009d00ad
003c00540064006c
002400240034003c
001c001c001c001c
0004000c0014001c
00950095008d0085
005c006c0085008d
0014002c003c004c
ffdcffdcffecfffc
000c003cfff4ffe4
0074001cfff4fff4
00b50085006c007c
014500d5009d008d
ff8400440145019e
ff23ff4bffb4002c
004c00e5013dffdc
02bf0297030f027e
03e003c8036f037f
028f0327033f03d0
02a702ff022e01ee
fedbfebb003c01f6
fee3ff13fe8bfe62
ff6bfecbfef3ff3b
01450095ffecff84
fe7afe6aff3b005c
fea3fedbfee3feeb
fe72fee3feb3febb
fdeafe62feebfe6a
ff0bfddafd9afdb2
013d00fd00f500b5
0125013d01450145
00b500dd00ed0115
007c007c0085009d
004c0064006c0074
00240024003c0044
001c002400240024
fffc000c0014001c
00a5009d008d0085
005c006c00850095
001400240034004c
ffdcffdcffecfffc
fffc00950054ffe4
009d00240004fff4
00dd00fd00ad00bd
00fd00a5008d00b5
ffe4fefb004400fd
fefbfeebff3bffbc
fff4fff400740044
0337029702a7027e
03e803c80347032f
02f70357034703a0
03070327033702af
fe93fed300240246
feebff43ff23fe83
ff94ff53ff2bff7b
0085ffecff7bff63
fec3ff0bff730085
fe72fe9bfe72fe7a
fe62fe0afe62fe52
fe42fe52fe3afe02
fe4afd92fd92fe02
0135010d01050024
0125013d014d014d
00a500cd00ed0105
006c0074008d0095
005400640064006c
0024002c003c0044
0024002400240024
fffc000400040014
00a500a5009d0085
005c006c0085009d
001400240034004c
ffdcffdcffe4fff4
fff4005c00b5ffec
00d50034fffcffec
007c00cd00c500ed
00c500e5003c0044
ffbcff43fefb0054
ffccfe83ff23ffa4
00e5ffacff630004
0307025e01f6026e
03b003c0034f02cf
033f032f032f0357
02ef0317036f037f
feabfeb3ff5b0196
ff2bff4bffa4fe93
ffcc0024ffecffbc
ff0bff63ff3bff53
fed3ff13ffccffa4
fe62fe6afe8bfedb
fddafe1afe22fe1a
fe02fdeafdf2fe12
fdfafda2fdf2fe22
011d011d00e5ff3b
0125014501550155
00ad00cd00dd00fd
0074008500ad00b5
004c005c00640064
0024002c00340044
002c002c00240024
fffc0004000c0014
009d009d009d0085
005400640085009d
000c001c002c0034
ffdcffdcffe4fff4
ffecfffc003cfff4
00cd002cfffcffec
0014005400e500fd
00bd00d500740024
ffe4ffa4fed3ff9c
000cff4bfef3fff4
01960034fe62ff0b
0297027601c60287
033f03a8037f02bf
037f0347025e02cf
026602f7036703b0
fe83fec3ff2b00ad
ff53ff23ffacff03
ff9c0044004c001c
fef3ff3bff33ff5b
fefbff8cff33fe8b
fe4afe6afe6afe8b
fdb2fe4afdfafe1a
fdbafdbafe2afdea
fdcafdaafdd2fde2
012d011d0074fe6a
012d0145014d0155
00c500dd00f5010d
0074007c009500ad
0044004c0054005c
00240024002c003c
002c0034002c002c
0004000c000c0014
009d009d009d0085
004c006400850095
00040014002c003c
ffd4ffd4ffe4fff4
ffe4ffe4fffcfff4
00e5002cfffcffec
006c004c00ad0135
0085007400850054
0074001cffbcff7b
ff5b000cff03ff53
02a700fdfe22fe12
028f02bf02c70307
02f703770388032f
03a00390021601d6
01f6027e032f037f
febbfe5afe83ff7b
ff94ff33ff6bff03
ff8cffe400340085
ff03ff33ff3bff73
ff23ff03fe7afe62
fe4afe72fe9bfebb
fe83fe4afe1afe52
fd82fdd2fe0afdea
fd9afda2fdbafdb2
0135010dff8cfde2
011d013501450145
00bd00e500ed00fd
0074007c0085009d
003c004c0054005c
0024002400240034
002400340034002c
0004000c000c0014
009d009d009d008d
005c006c007c0095
000c002400340044
ffd4ffdcffe4fffc
ffecffdcffe4ffec
00fd005c00240004
ffe4003c0085010d
ffd4004400340004
ff1300140014ffec
fdcaff6bffc4fe32
03570216fe42fd41
02df0287035703d0
024e02ff03670347
032703a002ff016d
0044022602cf0337
feabfebbfeb3febb
ffdcff4bff23fedb
ff8cffacffdc0095
ff0bff23ff33ff73
ff0bfe8bfe4afe9b
fe8bfeb3fedbff1b
febbfe2afe2afe3a
fd9afe1afe0afe8b
fdaafdb2fdb2fd79
014d00d5fe9bfd92
011d012d01350135
00c500d500dd00f5
006c007c009d00b5
002c004400540054
001c001c0024002c
003400340034002c
000c00140014001c
00a5009d0095008d
005c006c0085009d
0014002400340044
ffd4ffdcffe4fffc
00740024fffcffdc
011d00bd004c0064
ff94ffb4009d0115
ff73005c0085006c
fdc2ff3b0054001c
fce1fdeaff73ff33
03c802d7006cfd9a
02c70226028703b0
016d025603470327
0287031f031f0216
ff2b013502a7026e
febbfea3fec3ff03
fffcff63ff33fef3
ff84ff94ffa4fff4
ff03ff13ff3bff6b
fed3fe7afe42fee3
fedbff03ff23ff4b
fe62fe5afe42fe6a
fe83fe7afe42fe9b
fdcafde2fdf2fe3a
014d006cfe42fdc2
011d0135013d013d
00ad00c500e500fd
00740085008d00a5
002c003c004c0054
001c0014001c0024
00340034002c0024
0004000c0014001c
009d009d0095008d
005c006c00850095
0004001c002c0044
ffd4ffd4ffdcffec
00640024ffecffcc
00ed00b5003c0044
003cffd4ffbc0074
ff9cff940064009d
fe72fde2ff94ffc4
fd01fce1fe3affdc
03c003b8027eff6b
02b701f6019e02f7
01ee014502d7034f
015d023e02d70297
ff13ffdc01e601de
feebfebbfe9bfed3
000cff84ff4bff13
ff7bff7bff7bff8c
ff13ff1bff3bff63
feabfe52fe5afefb
ff1bff03ff1bff2b
fe02fe3afe22fed3
fe0afdb2fe3afe4a
fdfafdc2fdeafe52
011dffd4fe2afe1a
0135014d013d0135
00ad00c500e50105
006c006c008500a5
002c00340044005c
00240014001c001c
00340034002c002c
0004000c0014001c
009d00a5009d0095
0054006c007c0095
fffc00140024003c
ffd4ffd4ffe4ffe4
009d0034ffecffcc
00ad00dd005c0054
00a50034ffb4ffdc
ff73fed3ffac002c
ffccfdb2fedbffac
fe83fce9fd29ff3b
037f03d8036f0186
02c7024e01450226
0276010d01e602ef
00ad01250236028f
fec3fefb00dd0196
ff0bfee3fec3febb
ffa4ff8cff5bff43
ff63ff6bff73ff63
ff0bff1bff43ff53
fe93fe1afe83fef3
fefbff13ff23feeb
fe02fe12fe9bff13
fd61fdbafe93fdea
fda2fda2fdf2fde2
00edff4bfe2afdd2
012d013d0145014d
00ad00cd00fd0115
00640074007c008d
001c002c003c004c
001c001c00140014
0034003c0034002c
0004001400140024
009d009d009d009d
0054006400740095
fffc00140024003c
ffd4ffd4ffd4ffe4
002c000cffecffd4
003400dd009d0024
00b500cd0004fff4
ff9cff2bfeabffd4
001cff1bfe1aff9c
00ddfddafcd9fe52
032f03a8039002df
02c702660186020e
021e01be00bd0236
008d000c014501f6
fec3fed3ffa400ed
ff1bff03fee3fec3
ff63ff8cff5bff3b
ff4bff63ff6bff63
fefbff23ff33ff3b
fe62fdfafebbfeeb
fefbff03ff13fed3
fe12fe52ff03ff0b
fd82fe7afe6afdfa
fd79fdb2fddafdb2
004cfe52fdd2fd79
011d012d0135013d
00bd00e500f500fd
005c007c008d0095
001c00240034003c
0014001400140014
0024002c002c001c
00140024002c002c
009d009d009d0095
005c0064007c0095
fffc0014002c0044
ffdcffd4ffd4ffe4
fff4fffcffecffdc
ffec00a500ed0034
000400950074fffc
ff6bff94feb3ff43
ff53001cfe22febb
0256ffccfd61fd61
022e033f03880347
025e02760216023e
01b601cefff40105
0095005400e50155
fed3fed3ff230074
ff33ff23ff03fee3
ff63ff7bff6bff43
ff43ff5bff6bff6b
ff13ff2bff33ff3b
fe12fe1afecbfedb
feebfef3ff23fecb
fe8bfea3ff23ff0b
fe3afe8bfe3afe62
fd79fda2fdd2fd8a
ffbcfdf2fdb2fd82
011d012d013d0125
00c500d500e50105
004c0064008500a5
0014001c002c003c
0014000c000c0014
002c002c002c001c
0014001c002c0034
009d00a5009d008d
005c00640074009d
fffc0014002c0044
ffe4ffdcffdcffe4
ffdcfffcffecffdc
ffe400740115005c
ffc400140074002c
fe93ff94ff33fed3
fe42ffa4ff33fe12
02ff0155fec3fd09
0105028f03880377
0175022e0236020e
01350145004cfff4
00cdff94003400bd
fefbfefbff0bffcc
ff33ff23ff0bfefb
ff6bff84ff73ff43
ff4bff5bff63ff73
ff23ff33ff33ff43
fe02fe6afecbfef3
ff03ff03ff03fe9b
feabfee3ff2bfefb
fe93fe5afe93fe8b
fd59fdd2fddafdb2
fef3fdeafdeafd71
0125012d013d00dd
00ad00c500ed0105
004c005c007c008d
000c001c00240034
0014000c00040014
0024002c00240024
00140024002c0034
00a500a5009d0095
005400640085009d
fffc0014002c0044
ffe4ffdcffdcffe4
000cfff4ffecffdc
fff4001c011d00c5
ff5bffe4003c004c
fdbaff0bff94fee3
fd69fed3ffb4fefb
035f0287003cfd69
00950186034703a0
00c50196022601de
009500d500d50074
007cffecff2bffb4
ff0bff03ff0bff43
ff33ff2bff1bff13
ff5bff63ff73ff4b
ff53ff53ff5bff63
ff33ff3bff43ff53
fe3afeb3fedbfefb
ff33ff1bfee3fe62
fe7aff13ff23ff1b
feabfee3fe7afe62
fd79fe12fdfafe32
fe4afe1afdb2fd39
011501250125004c
00b500c500dd00fd
004c005c007c0095
000c001400240034
0014000c0004000c
00340034002c0024
0014001400240034
00a500ad009d0095
0054006c007c009d
fffc0014002c0044
ffdcffdcffdcffec
005c001cffe4ffe4
0054002400d500d5
fef3ffacffb4000c
fd61fe12ff7bff2b
fd39fe2aff2bffcc
039002ff01d6feeb
00a5008502d703a8
00cd010d01de01ee
fffc00b5011501ce
ffc40044ff73ff43
ff13ff0bff0bff0b
ff23ff23ff23ff1b
ff4bff53ff63ff3b
ff5bff5bff63ff63
ff33ff43ff53ff5b
fe62fecbfef3ff13
ff43ff23feb3fe4a
fecbff23ff1bff33
ff7bff43fe42fe9b
fdb2fe1afe42fe8b
fe3afdc2fd29fd59
010d01250105ffec
00ad00bd00dd00fd
0044005c00740095
000c001c0024003c
0014000400040004
003c0034003c0034
000c0014001c0034
00a500ad009d008d
00540074007c0095
fffc0014002c0044
ffdcffdcffd4ffe4
003c00340024ffec
007c007c00bd00bd
feebff53ff84ffbc
fdcafd21feebff84
fe42fdc2ff53006c
0388033702cf00d5
00dd005c0236035f
015500f5021601ee
ff5b007c011501ce
ff73001cff84fecb
ff1bff0bff03ff03
ff2bff2bff2bff1b
ff4bff4bff4bff3b
ff63ff5bff63ff63
ff43ff53ff63ff63
fe9bfee3fefbff2b
ff4bfefbfe52fe62
ff1bff23ff23ff43
ffd4fedbfe6afecb
fe1afe3afe83fefb
fe3afd39fd39fda2
011d011d00d50024
00a500bd00e50105
00440054006c0085
00040014001c002c
001c000c0004fffc
00440044003c003c
000c0014001c002c
00a500a5009d0095
0054006c00850095
fff4001400240034
ffe4ffdcffdcffe4
003c000c0014ffec
004c008d00cd00c5
ff0bff13ff6bff8c
fe42fcf1fdc2ff73
ffa4fe02ffdcff84
0388035f032701fe
0125002c0186031f
01be016501fe01be
fe9bff8400bd0125
ff4bffa4ff2bfe93
ff23ff1bff13ff03
ff33ff3bff2bff23
ff53ff53ff53ff43
ff63ff63ff63ff6b
ff53ff63ff63ff63
fec3fef3ff0bff3b
ff2bfe9bfe22fe8b
ff33ff2bff43ff73
ff63fe7afec3fef3
fe32fe32febbff4b
fda2fd69fd71fdf2
011d00ed00adff7b
009d00b500e50105
003c004c0064007c
000c0014001c002c
001c000c0004fffc
003c004c0044003c
000c0014001c002c
00a500a500a50095
00540074008d0095
fff4001400240034
ffe4ffdcffdcffe4
006c00140004ffe4
ffe4006c00d500c5
ff23ff0bff33ff73
fe42fd69fd01feb3
00b5ff0bffbcfedb
037703670337029f
01a600c5008d0287
0186020600f50115
fe83fee3006c00bd
ff2bff94ff53fee3
ff2bff2bff3bff1b
ff3bff43ff3bff2b
ff6bff5bff5bff4b
ff6bff73ff63ff73
ff5bff6bff6bff6b
fee3ff03ff2bff4b
feebfe6afe5afeb3
ff3bff3bff73ff5b
ff13fe6afecbff23
fe22fe12fefbff6b
fdaafd8afdeafe62
00f500ad0054ff03
009500bd00e500fd
002c004400540074
000c0014001c0024
002c0014000cfffc
004400440044003c
000c0014001c0034
00a500a500a50095
00540074008d00a5
fffc001400240034
ffe4ffdcffe4ffe4
008d002c0004ffec
ffac002c00b500b5
ff13ff33ff2bff84
fe52fde2fce9fdb2
01650064fe9bfe32
031f0347033702e7
018e01de002401a6
0135021e00740054
feabff0b007c00ad
ff33ff53ff63feeb
ff33ff3bff3bff23
ff4bff4bff43ff33
ff6bff63ff4bff43
ff7bff84ff7bff7b
ff63ff84ff7bff73
ff03ff23ff43ff6b
feabfe52fe9bfed3
ff53ff63ff4bff13
fe93fe72fef3ff43
fdaafe7aff3bff84
fd92fda2fe72fdea
00cd005c005cfeeb
008d00bd00d500e5
0024003c004c006c
0004000c0014001c
002c001c000c0004
003c0044003c0034
001c00240034003c
00a500a500a5009d
004c006c008d00a5
fffc000c001c0034
ffe4ffdcffdcffe4
00ad0044006c0024
ffa4ffdc006400dd
fe83ff2bff2bff63
fea3fdd2fd41fd21
024600c5fed3fe32
02a7030f033f0327
011d023e005c00ad
017d020e010dffd4
feabffac011d0105
ff33ff23ff5bfef3
ff33ff3bff43ff2b
ff53ff53ff43ff43
ff6bff63ff53ff4b
ff84ff8cff8cff84
ff63ff7bff7bff7b
ff1bff33ff4bff5b
fe93fe7afecbfefb
ff6bff5bff3bfee3
fe62feabff43ff63
fe12fecbff7bff3b
fddafe32fe2afd69
007c0054004cfe83
009500ad00c500dd
002400340044006c
fffc000c000c000c
0034001c000c0004
00340044003c0034
001c002c0034003c
00ad00ad00ad00a5
00540074009500a5
fff4000c001c0034
0085fffcffe4ffe4
00cd0024004400bd
ffccffcc004c00d5
fdb2fed3fefbff23
fe8bfdfafda2fd01
02a70115ff7bfe6a
023602ff033f035f
0034024e01750054
0175015d0196ffa4
fec3000401de01c6
ff2bff23ff5bff0b
ff3bff33ff4bff33
ff5bff5bff5bff4b
ff73ff63ff5bff53
ff73ff84ff8cff8c
ff53ff5bff63ff6b
ff13ff2bff3bff43
fe83febbfeebff0b
ff63ff5bff13fedb
fe83fefbff6bff63
fe1aff03ff94fee3
fdf2fdf2fdaafda2
006c0085ffc4fe52
007c009d00c500bd
0024004400540064
fffc0004000c0014
002c001c000c0004
003c003c003c003c
0024002c0034003c
00ad00ad00ad00a5
005c0074008d009d
fff400040014003c
0054007c006c000c
00dd006c001c002c
ffec0004003400ad
fd01fdfafee3febb
fe22fe52fdbafd49
02b70175ff9cfe12
01ae031703570367
ffc401a6026600cd
017d00bd0145008d
feabffac01e60246
ff13ff0bfefbff03
ff3bff33ff53ff23
ff5bff63ff6bff4b
ff73ff73ff6bff5b
ff53ff73ff94ff8c
ff03ff1bff23ff3b
fefbfefbfef3fefb
fe83fed3fefbff03
ff6bff43ff13fecb
fec3ff4bff6bff6b
fe42ff63ff8cfec3
fdd2fddafd82fd9a
00bd0064ff6bfe2a
007c00a500bd00c5
001c003400440054
00040004000c000c
00340024000c000c
004400440044003c
0024002c003c0044
00ad00ad00ad00a5
0064007c008d009d
0034000c0014003c
000c0004006c007c
00d500c500a5005c
ff33003c001c0095
fd29fd92febbfe6a
fdbafe72fdbafd71
02df01be003cfe6a
012d031703a00357
ff4300950256019e
010d0064009d011d
fe4afe9bffd400c5
fecbfeb3fea3feb3
ff3bff2bff53ff03
ff63ff73ff73ff53
ff6bff73ff63ff53
ff23ff4bff7bff7b
fe7afebbfecbff03
fe62fe42fe2afe4a
fe7afe9bfeabfe8b
ff73ff4bff0bfe83
ff1bff7bff73ff7b
fe93ff84ff43fea3
fdfafd8afd31fd92
00d5005cff23fe2a
0074009500ad00bd
001400240034004c
00040004000c000c
0034002400140004
003c003c003c0034
0024002c003c0044
00ad00ad00ad00a5
005c007c0095009d
001c001c00140034
0034001c00040004
00cd009d003c0044
feab003c0024005c
fd59fd69fe42feab
fdaafe4afe2afd71
030f020e00edff23
017d02b703b0036f
ff43ffbc01ce0246
feebff63ffec0044
fde2fe02fdeafe52
fe9bfe62fe3afe5a
ff3bff43ff63ff0b
ff6bff73ff73ff53
ff7bff84ff73ff63
fefbff1bff6bff84
fe3afe83fea3fee3
fde2fde2fde2fe02
fde2fdb2fdbafdba
ff63ff0bfe62fe02
ff6bff84ff8cff9c
fedbff84fed3fecb
fdc2fcf9fd31fdba
00cd002cfebbfe22
0074009500ad00bd
001400240034004c
0004fffc0004000c
0034002c00140004
003c00440044003c
0024002c003c0044
00b500b500ad00a5
0054007c0095009d
000c000400140034
fff4ffecfffc0014
007c007c00240004
fe72001400440044
fd71fd31fdc2fecb
fdeafdc2feabfd9a
034702660125ffa4
0165019e037f03a8
feabff1b010d021e
fdc2fe0aff0bff3b
fde2fe1afdf2fdaa
fe5afe32fe0afe7a
ff4bff53ff63fee3
ff7bff84ff7bff6b
ff8cff94ff8cff6b
fed3fef3ff63ff84
fe72fe83feb3fedb
fe02fe32fe5afe5a
fd71fd51fd69fd9a
fedbfe42fde2fd9a
ff8cff8cffa4ff6b
ff1bff43fea3ff23
fd29fd09fd39fdda
00bdffd4fe8bfdda
0064008500a500bd
000c001c002c0044
000cfffcfffc0004
003c002c001c000c
003c004400440044
0024002c003c0044
00b500bd00ad00a5
0054007c008d009d
000c001c00140034
fff4ffecffdcffe4
00540064004c0004
fe8bff9c00340004
fd69fd61fd69fe4a
fe62fd92fe8bfe1a
039002af01a6ffe4
00e5007402d703d0
fe42fed3001c00ed
fd9afd9afe32fe5a
fe52fe2afe52fda2
fe6afe72fe52fecb
ff63ff63ff4bfebb
ff8cff9cff94ff7b
ffacffb4ff9cff84
feebff0bff7bffa4
fecbfee3fef3ff03
fe12fe5afeabfebb
fdcafdcafdbafdb2
fe1afde2fdc2fdba
ff94ff9cff5bfe93
ff2bfef3feabff6b
fcf9fd21fd61fdfa
0085ff53fe32fd71
005c007c009500c5
000c001c002c003c
000cfffcfffcfffc
0044003400240014
004c005400540054
001c002c0034003c
00b500b500ad00a5
00540074008d009d
ffecfffc00140034
fffcffecffdcffdc
00140074006c0034
fe52ff0b001c0004
fd69fd79fd61fd92
febbfd8afe52fe83
03c802e701d6003c
007cffbc01ae03c0
fe2afe9bff23000c
fe0afe1afe22fdd2
feabfe4afe42fe02
fedbfee3feabfed3
ff7bff7bff63fefb
ffa4ffa4ff94ff84
ffccffc4ffa4ff9c
ff3bff53ffb4ffcc
ff03ff2bff4bff53
fe9bfeabfecbfefb
fe62fea3fec3feab
fe3afe02fdfafe22
ff94ff73fe8bfe1a
ff33feb3fef3ff84
fd01fd41fd61fe2a
0014fefbfe12fd49
005c007c009500ad
fffc00140024003c
0004fffcfffcfffc
0044003c00240014
004c00540054005c
001c002400340044
00b500bd00b500a5
00540064008500a5
ffecfffc00140034
0024ffe4ffdcffe4
004c00cd011d0095
fde2fe52000c0034
fdd2fd61fdb2fd59
fef3fdcafe72febb
03c0030f01fe008d
002cff84006c0327
fd49fe3aff0bff8c
fe32fe62fe5afe12
fecbfe5afe2afe2a
ff2bff2bfedbfee3
ff9cff9cff8cff53
ffb4ffb4ff9cff9c
ffdcffc4ffa4ffac
ff94ffacffccffec
ff1bff3bff73ff84
fef3fefbff0bff13
feb3fecbfee3fedb
fe9bfe3afe6afe9b
ff7bfedbfe72feab
ff13fe93ff53ff84
fd01fd29fd61fe62
ffb4fed3fdf2fd31
004c006400850085
fff4000400240034
000cfffcfffcfffc
0054003c002c0014
0044004c00540054
00240034003c0044
00b500bd00bd00b5
004c006c008d00a5
ffecfffc00140034
0044fffcffe4ffe4
0095017d019e0074
fda2fdd2ffd4004c
fe5afd39fdd2fd92
ff13fe1afeabfeb3
036f032f023600c5
ffecff73ff8c021e
fd8afde2fee3ff33
fe52fe5afe42fe22
fed3fe5afe22fe02
ff53ff33fee3fec3
ffa4ffa4ff94ff73
ffbcffbcffacffa4
ffe4ffdcffbcffb4
ffacffc4ffccffdc
fef3ff23ff53ff94
feb3febbfedbfee3
feb3feabfe9bfe9b
fe8bfe7afeb3fec3
ff23fe93fee3fee3
fec3fec3ff84ff7b
fcf9fd21fd79fe83
ff63febbfde2fd31
0034004c00740054
fff400040014002c
0014000cfffcfff4
005c004c00340024
004c004c00540054
002c00340044004c
00b500bd00bd00b5
00540064008d009d
ffe4fffc000c0034
00340024ffe4ffdc
00ad010d00d5004c
fd8afdeaffe40186
feb3fdaafd92fdd2
ff2bfe1afe7afeb3
02ff033f027600ed
ffb4ff7bff1300f5
fe2afdf2fe52ff03
fea3feb3fe3afe6a
fee3fe7afe3afe32
ff3bff1bfee3febb
ff9cff94ff84ff63
ffbcffbcffacffa4
fff4ffecffccffbc
ff8cffb4ffc4ffe4
fec3feebff13ff5b
fe8bfe8bfe93fe9b
fe72fe8bfe8bfe83
fe62fe93fea3fe93
fec3ff03ff43fedb
fe7aff3bff8cff5b
fd09fd29fd9afe93
ff3bfea3fe0afd29
0034004c00740034
fff4fffc00140034
0014000c0004fffc
005400540044002c
00540054005c0054
003400340044004c
00b500bd00bd00b5
004c006c008d00a5
ffec000c00140024
008d0054fffcffdc
01860105016d00fd
fd61fddaffbc02bf
fec3fe62fd69fdea
ff7bfe3afe3afef3
029f032f028f012d
ff84ff7bfeeb000c
fe93fe4afde2ff03
fe6afe6afe4afe5a
fefbfeabfe32fe3a
ff13ff03fee3fee3
ff8cff7bff6bff3b
ffbcffacff9cff9c
ffe4ffd4ffccffc4
ff4bff94ffbcffdc
fecbfedbfed3fefb
fe93fe93fe9bfeab
fe93fe9bfea3fe93
fe52fe93fe83fe83
fedbff63ff43fe83
fec3ff94ff8cff3b
fd31fd41fdaafe93
ff43fedbfe52fd51
003c004c0064fff4
fffcfffc0014003c
000cfffcfff4fff4
0054004c003c001c
005400640064005c
0034003c0044004c
00bd00bd00bd00bd
00540074009500ad
ffec00040014002c
0105006c0034ffe4
026600ed020601ae
fd71fdaaff2302a7
feb3fea3fdb2fd92
ffc4fea3fe12fecb
027e03270297016d
ff3bff84ff2bffbc
fe42fe6afe1aff13
fe0afdf2fdcafe02
fe83fe8bfde2fdc2
ff03ff03ff0bfee3
ff73ff63ff4bff13
ffa4ff9cff94ff84
ffccffc4ffc4ffbc
ff03ff53ffa4ffc4
fe93fedbfee3fefb
fe32fdf2fe02fe42
fe5afe42fe4afe42
fe6afe8bfe93fe93
ff43ff6bfefbfe4a
ff33ffacff7bff5b
fd31fd69fdc2fe72
ff4bff13fe9bfd51
0034003c004cffc4
0004fffc000c0034
000cfffcfff4fff4
005c004c003c001c
004c005c006c006c
002c003c00440044
00bd00cd00cd00bd
005c0074009500ad
ffe4fffc000c0034
01a6013500640014
031700ed01d601b6
fd9afd9afecb0236
fe83feabfdeafda2
001cff23fe1afe42
020e033f02bf01be
ff43ff9cff5bff9c
fe5afe6afe42febb
fda2fd9afd92fdea
fe0afe32fd31fd51
ff13ff33ff0bfe32
ff5bff43ff2bfeeb
ff8cff7bff7bff73
ffbcffbcffb4ffac
feebff1bff73ffac
fdfafe8bfefbff1b
fdbafd92fda2fdba
fddafdb2fdbafdaa
fe72fe7afe4afe02
ff73ff4bfeabfe72
ff8cff84ff94ff84
fd49fd69fdc2fe72
ff2bff5bfecbfd39
003c00340034ff9c
fff4fff40004002c
0014fffcfff4ffec
005c004c00440024
004c005c006c0074
003c003c00440044
00bd00d500d500cd
005c007c009d00b5
ffecfff4000c0034
02060145004c0034
03370175022602c7
fdcafddafe8b017d
fe7afe72fdc2fe0a
007cff94fe4afe22
016d034702e70206
ff0bff7bff94ff53
feabfec3fe42feab
fcd1fce9fd8afe0a
fd79fd71fcd9fd09
fed3fee3feabfdfa
ff43ff23ff03fedb
ff63ff63ff6bff63
ffacffb4ffa4ff8c
feebff03ff4bff84
fdbafdd2fe62ff03
fcd9fce1fd11fd92
fd59fd49fd09fce9
fe83fdeafd79fd41
ff63ff13fea3fea3
ff94ff8cffacff7b
fd8afd69fdbafea3
ff3bff94fe83fd31
004c0044000cff6b
fff4ffec0004001c
00140004fffcfff4
005c004c0044002c
00440054005c006c
0034003c00440044
00cd00d500d500cd
005c007c009d00b5
0024fff40014003c
034f026e011d004c
031f01ee025e0388
fdf2fe12fe42008d
fe9bfe6afddafdd2
0125ffecfe8bfe22
00bd02f702ef0276
ff0bff6bffd4ff33
ff1bff5bfeabfec3
fcb9fcf1ff0bff5b
fd9afd82fd61fd29
fe83fe2afddafd92
ff33ff1bfefbfea3
ff84ff7bff6bff53
ff94ffb4ffacff94
fee3ff03ff2bff63
fdf2fdaafdfafebb
fd01fce1fd41fe5a
fe4afdc2fd61fd61
fe2afd82fd01fd11
ff43fecbfee3fec3
ff9cffbcffb4ff9c
fda2fd29fdb2fefb
ff63ff8cfe02fd61
0034005cfff4ff4b
fff4ffec0004001c
001c0004fffcfffc
005c00540044002c
004c0054005c005c
003c003c00440044
00cd00d500d500cd
005c007c009d00b5
004c00040014003c
036f02e7028700e5
02af027602af03b8
fd92fe83fe5a000c
fec3fef3fe5afdb2
01ae004cfeebfe4a
0034029f02e702f7
ff13ff43fff4ff63
feb3febbfe8bfec3
fce9fd71ff4bff3b
fe2afd9afd82fd21
fe4afd61fd01fd92
ff3bff3bfecbfe72
ff8cff94ff73ff5b
ff9cffacffb4ffa4
feabfed3ff03ff4b
fe32fd71fd61fe12
fd39fce9fdbafecb
fe5afe1afdbafde2
fe52fde2fd51fd31
fefbfebbff33fedb
ffc4ffdcffccff94
fd29fd31fdfaff43
ffbcff7bfe02fd82
00240054ffecff5b
fff4fff40004001c
001c000cfffcfff4
005c00540044002c
00440054005c005c
003c003c00440044
00d500dd00dd00d5
0054007c009d00bd
0095001400140034
03e0039002ef01ce
01c6023e027e03d8
fdd2fe2afea3ffd4
fecbff4bff13fe72
023e010dff3bfe5a
ffec0297030f030f
ff3bff3b0044000c
fda2fe12fe4afeeb
fcf1fd71fdb2fd71
fd79fd79fd21fcd9
fdf2fd09fd11fd41
ff63ff1bfeb3fe6a
ff9cff9cff8cff7b
ff8cff9cffacffb4
fe2afe9bfeebff43
fd79fd61fd29fd49
fcf9fcf9fd82fdb2
fd59fd69fd39fd31
fed3fe62fdfafd71
feabfefbff3bff2b
ffdcfff4ffe4ff53
fd11fd69fe52ff7b
ffdcff1bfd9afd39
0024002cffccff6b
fff4fff40004001c
001c000c0004fff4
005c0054004c0034
00440054005c005c
003c003c0044003c
00dd00dd00dd00d5
0054007c009d00bd
01350044001c003c
03f803f803b002b7
00c500dd01de03c8
fe42fdeafe8bffd4
fecbfea3fe0afe7a
029f01aeffacfe6a
ffec02bf036f031f
0054ff53001cfff4
fdf2fe62fef3ffb4
fd61fd61fd8afdc2
fda2fdbafd71fd51
fe02fdc2fdd2fdd2
ff7bff13fec3fe72
ffd4ffccffa4ffac
ff8cffacffb4ffc4
fe32fe9bfedbff3b
fdd2fe0afe1afe0a
fdf2fddafdaafda2
fe4afe2afe22fe12
ff03ff03feebfe9b
fedbff2bff23ff13
fffcfffcffb4ff0b
fd09fd9afe9bffb4
ffccfe93fd69fd29
00240014ffacff7b
fff4fff400040024
002400140004fffc
005c0054004c0034
0044004c0054005c
003c003c003c003c
00dd00dd00dd00cd
00640085009d00bd
028700ed0034003c
03e0040003f00398
0034002c00f502f7
fe62fe12fe32ff63
fe93fe1afde2fe9b
0327020e0044fe9b
ffbc02af03b8035f
021600140014fffc
fe83fee3fff40115
fe2afe2afe6afe62
fe2afe22fe1afe12
fe3afe0afdfafe12
ff7bff3bfedbfe93
fffc0004ffecffcc
ff94ffbcffccffe4
fe62feabfeebff4b
fe3afe42fe5afe62
fe8bfe62fe3afe3a
ff1bfefbfedbfec3
ff2bff23ff2bff2b
ff4bff53ff3bff3b
000cffecff7bfef3
fd21fdb2fecb0004
ffacfe42fd59fd31
00240004ffacffa4
fffcfff400040024
002400140004fffc
005c005c00540044
00540054005c005c
003c00440044004c
00d500e500e500cd
0064007c009d00b5
036f021e007c004c
031f03d003f803e8
fffc005c006c01a6
fe9bfe6afe2aff1b
fe8bfe0afe2afecb
0367028700cdfeeb
ff94028f03d80398
029f00e5002c007c
ff13ff3bfffc0145
fe9bfeb3fee3ff03
fe2afe32fe52fe7a
fe7afe3afe12fe22
ff8cff5bff0bfeb3
0014001c000cffd4
ffa4ffd4ffe4fffc
fe7afe9bfef3ff53
fe4afe42fe4afe6a
febbfea3fe72fe5a
ff2bff13fef3fed3
ff23ff03ff03ff1b
ff84ff63ff4bff3b
002cffecff2bff3b
fd49fdaafecb0034
ff8cfe4afd71fd49
001cfff4ffb4ffb4
0004fff4fffc0024
002c001c000c0004
0064006400540044
0054004c005c0064
003c003c0044004c
00dd00ed00e500dd
006c0085009d00bd
03a8031f0145006c
01be030f03e803f8
00a50064006400e5
fe62fecbfe5aff43
fec3fe12fe32fe5a
038802ef0155ff4b
ff4b024e03e003d8
035f01e6003400a5
fef3ffb4011d026e
fe4afe52fe83fec3
fe4afe32fe3afe32
fea3fe83fe62fe5a
ffbcff7bff3bfeeb
0044003c0024fff4
ffc4ffec0004001c
fe9bfec3ff23ff7b
fe6afe6afe72fe93
fe7afe72fe62fe5a
febbfebbfeabfe93
ff0bfee3fec3febb
ff94ff7bff5bff2b
0044ffccff33ff9c
fd8afd9afed30034
ff9cfe5afd79fd59
001cffe4ffb4ffbc
0014fff4fff4001c
0034001c00140014
0064005c00540044
004c004c00540064
003c003c0044004c
00e500ed00ed00e5
006c008500a500bd
03a0032f024e00dd
00bd019e033703e8
010d007c00740085
fe72fed3fe62ff94
fef3fe62fe8bfe2a
03a803470206ffd4
ff13021603d803f8
03b802f700b500bd
ff94014502660317
fe5afe6afe83fecb
fe72fe52fe5afe5a
fee3febbfeabfe93
ffe4ffacff73ff33
0074006400440004
ffdc000c00340054
fee3ff23ff6bffac
fe93fe8bfeb3fecb
feb3fea3fe9bfe8b
fed3fedbfed3febb
ff2bff0bfee3fed3
ffbcff9cff7bff4b
002cff5bff53ffbc
fd92fd79fef3003c
ff84fe3afd9afd51
0014ffd4ffb4ffcc
000cffecfff4001c
003400240014000c
005c005c0054004c
003c004c0054005c
003c003c003c0034
00e500ed00ed00e5
006c008d00ad00c5
03c803370276010d
007c008d019e0377
00d500640085007c
fe93fefbfe5affdc
ff1bfea3fed3fde2
03c00377027e0064
ff53020603b003e8
03a0036f01750135
017502a7030f030f
fe6afe83febbff9c
fe8bfe6afe6afe6a
ff1bfeebfedbfebb
ffecffc4ff94ff5b
008500950064001c
0004002c00540074
ff33ff73ffacffdc
feb3fecbfef3ff03
fedbfec3feb3fea3
fefbff03fefbfedb
ff63ff3bff0bfef3
fff4ffdcffb4ff8c
ffccff5bffacffec
fd92fd69ff0b0044
feebfdfafda2fd59
0014ffd4ffc4ffc4
000cfff4fffc001c
004400340024001c
00540054004c003c
003c004c0054005c
0044003c003c003c
00dd00ed00f500ed
0074008d00b500cd
03d00377030f0186
006c004c00a5025e
0085009d00e50085
fecbff2bfe830024
ff43ff0bfe72fdc2
03d003a002a700c5
ffcc022603b003e8
03b003a8024e017d
02cf0327031702e7
fe7afeabffb4017d
fec3fea3fe7afe6a
ff4bff1bfef3fee3
fff4ffccffa4ff7b
00ad00ad007c0034
00240054007c00a5
ff6bffa4ffd40004
fef3ff13ff23ff4b
feebfedbfecbfed3
ff0bff0bff0bfef3
ff94ff63ff33ff13
001c0014fffcffbc
ffc4ffc4fff4001c
fda2fd69ff13003c
fe9bfddafd8afd8a
001cffd4ffbcffac
0014fffc00040024
003c003c0034002c
0054004c0044003c
002c00440054005c
004c003c00340034
00e500f500f500ed
0085009500bd00d5
039003a8034701ce
0074003c005c0165
006c00ad00b50095
fefbff1bfecb007c
ff9cff2bfe7afe2a
03d803a802d70105
005c026e03c003e8
03d003c802ff01e6
02e7032f03270337
fecbffac018e029f
fed3fec3feb3febb
ff73ff43ff0bfee3
000cffc4ffacff8c
00f500ed00a5004c
004c007400b500ed
ff9cffc4fff4001c
ff2bff3bff4bff6b
ff13ff0bff13ff13
ff33ff23ff1bff13
ffd4ff9cff6bff4b
004400440024fffc
fff400140024003c
fdbafd9aff030034
feb3fe02fde2fdc2
0014ffccffb4ffa4
00240004fffc0014
0044003c0034002c
00540054004c0044
0034003c004c005c
004c00440034002c
00ed00f500f500f5
00a5009d00bd00cd
02df03c003b0025e
0074002c003400b5
0074009500540085
ff8cffacff5b00dd
ffbcff0bfef3feab
03d003b002e7013d
011d02ef03d003d8
03b803b803880276
02c702ff033f036f
ffcc01ae026e02b7
fec3febbfecbff03
ff73ff4bff1bfee3
0024ffccffacff8c
0155016d010d007c
006c008500bd010d
ffbcffe40014003c
ff3bff4bff63ff8c
ff3bff3bff3bff33
ff6bff5bff4bff3b
fff4ffd4ffa4ff8c
0064004c0034001c
002c003c004c005c
fe0afdd2feeb002c
fe9bfe62fe52fdda
0014ffccffbcff73
00240014000c001c
004c0044003c002c
005c005c005c004c
0034004400540064
0044003c0034002c
00e5010501050105
014500b500b500c5
01c6037f03d00357
0054001c001c0054
00640074003c0054
002cff9cffec00f5
ffccff2bff33ff33
03c0039802ef018e
01d6034f03c803c8
039003a803770256
02ef02f7031f034f
01050216027602c7
fec3fecbfeebff63
ff6bff43ff13feeb
002cffdcffacff7b
01a6020601be00c5
006c006c008500fd
ffccffec00240054
ff33ff43ff7bffb4
ff5bff5bff53ff43
ffa4ff94ff7bff6b
000cffecffc4ffbc
007c006c004c002c
004c004c00540064
fe12fdbafebb003c
febbfef3febbfe1a
000cffccffc4ff4b
001c001c00140014
003c0034002c0024
00640064005c0054
003c004c005c005c
004c003c003c003c
00ed0105010d00fd
028700ed00c500cd
00c5025e03b003e8
00540014000c002c
0054004c0044005c
002cff6300bd00c5
0024ff7bff4bffbc
03a0038802ef01c6
025e035f03b803b0
03670398036f0276
02cf03170347034f
00d5019e02260287
fedbfedbff03ffac
ff53ff2bfefbfee3
0034ffecffb4ff73
010d01fe020e0115
00640064006c009d
0004fff40004003c
ff3bff43ff7bffcc
ff6bff63ff53ff43
ffd4ffbcff94ff7b
0024fffcffdcffd4
00740074005c003c
0054005c0054006c
fe0afdcafe720024
fedbfefbfefbfe52
000cffccffccff23
00240024001c0014
00440034002c002c
006400640064005c
003c003c0054005c
00440044003c003c
00ed00fd00fd00ed
037f016d00dd00e5
0095013d02ef03d8
005c0014000c001c
0064003c00440064
ffbc001c013d00a5
005c001cffacffd4
0388037702df01b6
02c7036f03980390
036f0390036702bf
024602b70307033f
fff40095013501d6
fef3fefbff2bff94
ff7bff1bfee3fee3
0095002c0004ffcc
007c019602360155
006c004c003c002c
0004000c001c0054
ff3bff43ff7bffd4
ff7bff73ff5bff43
ffdcffccffacff84
0034000cfff4ffe4
006c0074006c0054
004c00540054006c
fe12fdcafe220004
fec3fef3ff8cfe62
0004ffd4ffb4ff13
002c0024001c0024
0044003c0034002c
005c006400640054
003c0044004c005c
004c0044003c003c
0105010500fd00f5
03d802d7015500fd
003c0074019e0327
004c001400040004
005c004400540054
ff4300b5012d008d
008d00f5002cffa4
037f036f02d70196
03370367036f036f
03270367035f031f
015d01fe025602bf
ff84ffc4003c00d5
ff1bff33ff43ff63
ffecff53fee3feeb
00a50064006c0064
002c00dd0186012d
0044002c000cfff4
000c001c0024003c
ff33ff3bff7bffdc
ff8cff73ff63ff43
ffecffe4ffbcff9c
003c0024000cfff4
0064006c006c005c
0044003c004c005c
fe0afdcafddaffac
febbff63ffbcfe7a
000cffdcff7bfed3
0034002c00240024
004c003c003c0034
005c00640064005c
003c003c00440054
004c0044003c003c
011501150115010d
02cf039802f7018e
000c002c008d018e
00340014fffcfff4
002c004c004c004c
ff94016d0165007c
00fd017d001cff43
035f036702e701ce
034f035f03570357
02b702ff032f0337
007c011d01960246
ff84ff9cffd4001c
ff33ff63ff5bff6b
007cffbcfef3feeb
00740074009500a5
003c009500cd00a5
002400340024000c
0044002cfffcfffc
ff2bff33ff9c001c
ff94ff7bff63ff4b
fff4ffecffbcffa4
0044002c0014fffc
0054005c0064005c
003c0044004c005c
fe3afde2fda2ff2b
ff23ffc4ffccfe72
0014ffdcff33feab
003c0034002c0024
00540054004c0044
004c005c005c0054
0034003c003c0044
004c0044003c0034
0125011d01150115
00fd01d602970216
fffc0014003c0085
002400140004fffc
00340054004c003c
007c024601fe00ad
016d0175ffdcff63
034f034f02d701e6
0347034703470347
021e029702ef0327
001c006400ed0186
ffa4ffbcffd4fff4
ff33ff6bff7bff8c
00c5000cfefbfeeb
ff43ff63003400ad
009d00bd00c50004
001c006c00850085
00740034ffd4ffb4
ff1bff2bffac005c
ff9cff7bff5bff2b
ffecffe4ffbcffa4
004c003c000cfff4
004c0054005c0054
002c003c00540064
fe62fe0afd9afebb
ff7bffdcffa4fe52
0014ff94ff0bfedb
0044003c002c0024
005c0054004c0044
004c005400540054
002c002c003c0044
00440044003c002c
0105011501150115
007c00c501050115
0004001400340064
0014002c001c0014
0044002c003c002c
0246030f023600fd
01d60226013500dd
0357035702a701b6
0327032f03370347
017d021602af02ff
fffc002c008d00f5
ffb4ffccffdcffec
ff2bff5bff94ffa4
00a5ffb4feebfefb
fcc1fd49fec30044
00bd008dff5bfd49
fe5a000c009500bd
0004fecbfd71fd01
ff13ff2bff840044
ff94ff73ff4bff23
ffe4ffd4ffbcff9c
004c00340014fff4
004c0044004c0054
00040034004c005c
fe83fe72fe02fe7a
ff9cffd4ffacfe62
0004ff63ff23ff0b
004c00440034002c
005c0054004c004c
004c005400540054
002c002c003c0044
004c004400340034
00fd0105010d0115
006c009500cd00f5
001c001c00340054
000c0024002c0024
003c00340034001c
0398038802970125
02cf03770388035f
034f033f028701d6
02f703170327033f
011d019e024e02b7
00040024006c00ad
ffb4ffc4ffdcffe4
ff33ff5bff8cffac
ff63ff03ff0bff2b
fe02fe6afeebff73
0085ffc4fe4afd9a
fe0aff3300240074
ff4bfedbfe42fdda
ff53ff3bff0bff43
ff8cff6bff3bff43
fff4ffdcffc4ffa4
004c0034001c0004
004c00540044004c
ffcc002c0044004c
fe2afefbfe7afe7a
ff94ffd4ffc4fe72
ffdcff6bff23ff43
00540054003c001c
005c005c00540054
0044005400540054
002c00340034003c
004c0044003c002c
010501150115010d
006c008d00bd00e5
0024002c003c004c
002c002400240024
004400950054003c
03a80347022e00c5
03a0036f037f03c0
03470327028f0297
02cf030f0317031f
00dd013d01d6026e
0024003c00640095
ffb4ffccffec0004
ff7bff73ff84ff9c
ff0bff4bff73ff84
feebfef3fedbfed3
0004ff4bfea3feab
fec3fefbffa4001c
fea3fedbfefbfedb
ff7bff6bff33fed3
ff7bff53ff4bff6b
0004ffe4ffbcffa4
0044003c003c0024
004c0054004c0044
ff84001c003c0054
fda2fe8bfefbfef3
ff940004ffc4fe6a
ffe4ff8cff3bff43
004c004c0034000c
004c005c005c0054
0044004c00540054
002c003c002c0034
004c00440044003c
00fd01150115010d
0074009500bd00dd
00240024003c0054
0024001c001c001c
00ed00f5001c001c
0367035f021600d5
037f02ef02d70327
035f0337026e029f
02b70307030f0327
00cd012501a6023e
0034005400740095
ffccffec000c001c
ffb4ff9cff94ffa4
ff94ffb4ffccffc4
ff03ff13ff2bff4b
ff2bfec3febbfedb
feebfed3ff0bff63
ff1bfeebfefbff03
ffa4ffb4ff94ff5b
ff5bff4bff73ff8c
0014fff4ffccff9c
003c0034004c0034
0044004c0054004c
ff73001400340044
fd82fd79fedbff53
ffcc0014ffb4fe72
ffdcffa4ff5bff3b
005c004c002c000c
0054005c005c005c
0044004c00540054
002c003c002c0034
0054004c004c003c
010501150115010d
006c009500bd00dd
001c0024003c004c
002c001c001c001c
01750074ffecfffc
036f0390024601b6
02e702d702e70307
034f031702460246
029f02e70307031f
00ed013501b6023e
00640085009d00c5
ffdc0004001c003c
ffe4ffccffb4ffb4
ffccffe4ffecfff4
ff23ff4bff84ff9c
fee3fee3feebfefb
fefbfef3feebfeeb
ff84ff43ff23fefb
ffc4ffd4ffccffb4
ff43ff63ff94ffb4
0014ffecffc4ff7b
004c003c004c0034
0034002c00440054
ff5b0004002c002c
fd92fcf1fe4aff7b
ffd4000cffbcfe83
ffccffb4ff5bff43
005c004c0024000c
0054005c00640064
0044004c004c0054
002c0034002c0034
005c004c004c003c
0105011d011d0115
006c009500bd00e5
001400240034004c
002c001400140014
00bdfffcffe40004
038803b8027601e6
035f03b803a00307
034f030f02260256
029702d702ff031f
011d016501ce0236
008d00ad00cd00ed
ffdc000c0034005c
00140004ffecffd4
ffccfffc000c0014
ff23ff63ff9cffbc
ff13ff0bfefbff03
ff03ff03fef3fefb
ff6bff43ff2bff0b
ffbcffc4ffc4ffa4
ff63ff9cffacffb4
0004ffdcff9cff5b
0054004c0044002c
002c00240034004c
ff6bfff4002c002c
fd79fd09fe9b0014
ffcc000cffc4fe7a
ffccffccff4bff4b
005c004400240004
0054006400640064
0044004c004c0054
002c002c002c003c
0064004c004c003c
010d011d0125011d
0074009500c500e5
0014001c002c004c
0024001400140014
0054ffbcffd40014
03d00388020e017d
032703c803f003b8
034f02ef0206023e
028702c702f7031f
014d018e01d60226
00ad00d500fd011d
ffe4000c0044007c
000c000c000cffec
ffe4fffc00140014
ff23ff53ff94ffcc
ff23ff0bfef3ff03
ff1bff0bff03ff13
ff53ff3bff33ff23
ffa4ffa4ff9cff84
ff8cffacffacffa4
ffecffc4ff7bff6b
004c004400340014
002c0024002c0044
fff4ffec002c002c
fd41fe1a016d015d
ffd40014ffd4fe62
ffe4ffd4ff5bff53
005c004c002cfff4
0054006400640064
003c004c00540054
0034002c002c0034
0064005c004c0044
010d011d0125011d
006c008d00bd00e5
0014001c0034004c
001c00140014000c
0034ffc4ffd40004
03b80246014d0115
028f036f03e003f0
03270287018601b6
026e02b702ef0317
016d019e01e6021e
00b500ed011d013d
ffdcfffc00440085
fff4ffe4ffe4ffec
ffd4ffdcfffc000c
ff2bff5bff8cffbc
fed3fee3fef3ff13
fecbfebbfeb3febb
ff53ff33ff0bfee3
ff84ff84ff7bff6b
ff7bff84ff7bff7b
ffe4ffa4ff63ff73
0044003c002cfffc
002c001c001c003c
005cfffc003c0034
fd29ff03025e022e
ffd40014ffe4fe72
ffecffdcff73ff5b
0064004c002cfff4
0054006400640064
00340044004c0054
0034002c0034002c
006c005c00540044
01050115011d0115
006c008d00bd00e5
001c001c0034004c
0024000c00140014
0014ffdcffe40004
02a7011d00d500fd
02ff03c803c803a8
03070246015d01d6
025602a702ef0327
016d01a601de020e
00b500ed01150135
ff9cffbc000c006c
ffccffb4ff9cffa4
ffc4ffdcfff4fff4
ff3bff73ffacffbc
feabfecbfee3ff13
feabfe8bfe83fe93
ff4bff3bff1bfee3
ff84ff84ff6bff5b
ff43ff4bff5bff6b
ffccff7bff4bff53
0034002c0014ffe4
002c002400240034
0074ffcc003c003c
fd31fe3a01c60246
ffdc0004ffd4fe83
fff4ffe4ff8cff63
0064004c001cfff4
0054006400640064
003c0044004c0054
0044003c003c0034
006c006c005c004c
0105011d011d011d
006c009500bd00e5
0014001c002c004c
00240004000c0014
ffecffc4ffec000c
0105006c00c5012d
01b6023602760276
02e70206016d0125
024e02af02ff0327
0155019601ce01f6
009500cd01050125
ff53ff73ffac0034
fff4ffbcff6bff53
ffe4fffc000c0014
feabff2bff9cffd4
fe2afe0afe02fe4a
fe12fe22fe52fe52
ff4bff1bfec3fe4a
ff8cff8cff84ff73
feebff1bff4bff6b
ffb4ff3bff03ff0b
002c001c0004ffdc
002c002c002c002c
ff23fe72001c0034
fd39fd31ff03003c
ffdcfffcffa4fe62
fffcffecffb4ff73
00640054001c0004
005400640064006c
005c005c00540054
003c0034003c0044
007c0074005c004c
01050115011d011d
006c009500bd00ed
001c001c001c003c
0004fff4fffc000c
ffdcffb4ffdcfff4
0085003c010d012d
ff03fe9b006c00fd
02b7ff73fe32fe0a
023602a702f7032f
013d017d01ae01de
006c00ad00ed0115
ff43ff4bff5bfff4
0024fff4ffacff5b
ff84ffd4002c004c
fddafe32feabff23
fdaafda2fd92fd9a
fdcafdd2fddafdc2
fe5afe22fdfafdd2
ff73ff3bfef3fe9b
fecbff0bff4bff7b
ffacfef3fea3fedb
001c0014fffcffd4
0024003c002c0014
fce9fd49ffe4002c
fd19fcc9fcd9fd19
ffe4fffcff7bfe2a
fffcffe4ffd4ffa4
007c006c00240014
0074007c007c0085
004c006c0074006c
00440034002c0034
0085007c0064004c
010d011d01250125
006c009500bd00ed
0014001c00240044
fff4fff4fff4000c
ffbcffacffc4ffec
00950034015500ed
fe6afebbffec013d
0256fe5afce9fcf9
0216028f02ff0337
0135016d018e01c6
006400a500e50105
ff23ff1bff3bffdc
fe5afe72feebff3b
fe52fec3fef3fe9b
fd29fd59fd92fdf2
fcc9fcd1fcf1fd01
fce9fce9fd01fcd9
fd41fd29fd21fd01
fd9afd82fd71fd41
fef3feb3fe5afdfa
ffb4fefbfe52fed3
0014000cfffcffd4
001c0034002c0014
fca1fcf9ff73002c
fd01fcb9fcb1fca1
ffd4001cff6bfe1a
00140004fff4ffac
00bd0085003c0034
006c008d00ad00dd
002c004400440054
004400340034002c
00850085006c0054
010d011d01250125
0064008d00b500e5
000c001400240044
ffecfff4fff40004
ffb4ffacffbcffe4
0054006c015d00e5
fe72ff03ffcc0105
0125fdaafd21fd31
020e028f02ff032f
013d0165018601a6
005c00ad00f50115
fed3fed3ff1bffdc
fdbafde2fdeafe83
fe32fe32fdcafd82
fd8afdbafde2fdfa
fd31fd41fd49fd59
fd19fd21fd29fd29
fd59fd39fd31fd29
fcf1fcd9fd21fd49
febbfe12fdcafd9a
ffbcff23fe3afea3
0014000cfffcffe4
000c002400240014
fca1fcb1febb001c
fcf9fcb9fca1fca1
ffb40004ff53fdea
001400140004ffac
0074005c002c0034
0044005c0064006c
0034003c00340044
004400340034002c
008d0085006c0054
0105011d01250125
005c008500ad00e5
000c00140024003c
ffecfff4fffc000c
ffb4ffacffbcffdc
0044011501450095
febbfe93ffe4008d
002cfd59fdbafecb
021e029702ff0317
013d015d017501a6
007400d5010d011d
feabfecbff4bfff4
ff43ff0bfeabfe8b
fe72fe9bfee3ff33
fdbafdeafe12fe32
fd79fd79fd71fd92
fd92fd71fd82fd8a
fda2fdb2fdaafda2
fe72fdeafd9afd8a
fec3fe7afeabfecb
ffccff53fe83fe93
00140014000cffec
00040014001c0014
fcb1fca9fe1a000c
fce1fcb9fca1fca9
ffa4ffecff1bfdaa
0014001c0004ff9c
006c005c0034002c
004400540054005c
0034003c0034003c
00440034002c0034
008d0085006c0054
0105011d01250125
005c008500ad00dd
000c0014001c003c
ffe4fff4fffc000c
ffa4ffacffccffd4
008501650175004c
fd19fde2ffe40064
ff84fdfaff33fe52
022e029f030f02c7
01350155017d01be
009d00f5011d011d
ff03ff13ff8c001c
ffd4ff84ff43ff23
ff3bffacffe4ffec
fdc2fe0afe6afee3
fd69fd79fd69fd8a
fdaafd92fd79fd61
fde2fdd2fdcafdc2
ff33ff1bfeabfe32
fedbfec3fee3ff23
ffecff94feebfeb3
001400140014fffc
000c000c001c0014
fcb1fcb1fd61ffc4
fce1fca9fc99fcb1
ffa4ffccfecbfd79
0024002c000cffbc
006c005c00440034
00440054005c0064
0034003c00340044
0044002c002c003c
00a5008d00740054
0105011d01250125
005c008500ad00dd
000c0014001c0034
ffe4fff4fffcfffc
ff9cffb4ffd4ffd4
010501750105ffe4
fcb9fe0a002c0085
ffa4ff03fe22fd01
023602af031f023e
0135015d019601de
00cd0115011d011d
ff73ff8cffec004c
0014ffecffccff9c
0024004c0054003c
fecbff2bff94fffc
fe1afe32fe42fe72
fe72fe3afe1afe12
ff1bfef3febbfe93
ff6bff8cff8cff63
fefbfefbff23ff4b
ffe4ffb4ff43fefb
001c000c000cfffc
0014000c0014001c
fcb9fcc9fce1ff2b
fcd1fca1fc99fca9
ff9cff94feb3fd59
002c002c000cffe4
006c00640054003c
0044005c00640064
002c0034002c003c
0044003400340034
009d008d00740054
010501250135012d
005c008500ad00e5
000400140024003c
ffdcffecfff4fffc
ffa4ffccffccffc4
016501960064ffbc
fcd9fe83005400cd
ff3bfe5afdbafce9
025e02c7031f019e
014d018601be0206
00f5011501150125
ffd4fff4002c008d
005c0044001cffd4
006c0085008d007c
ffbcfff400340054
ff53ff53ff6bff8c
ffc4ff8cff73ff63
ffd4ffd4ffdcffd4
ff84ffa4ffc4ffdc
ff2bff33ff4bff6b
ffdcffccff84ff3b
0014000cfffcfffc
000c000c00140014
fcc9fcd1fca9fe4a
fcd9fca9fc99fca9
ffa4ff63fe9bfd49
0044004c0024fff4
006c00640054004c
005c00740074006c
002c002c0034004c
0044003c002c002c
009d008d0074005c
01050125013d013d
005c008500ad00e5
000c001c002c003c
ffdcffecfff4fffc
ffacffccffbcffc4
017d0135ffecffac
fd09feeb005c00d5
ff43fdaafdb2fce1
027602e7029f001c
017d01be01f6022e
010d011501250145
001c002c006400cd
00950074003c0004
007c009500a500a5
000c003c0054006c
ffccffc4ffd4ffe4
0004ffe4ffdcffe4
0004000c00140014
ff9cffbcffdcfff4
ff53ff4bff63ff7b
ffe4ffdcffbcff73
000c000cfffcfffc
ffa4000c000c000c
fcd1fcc1fcb1fd79
fcf1fcc1fca9fcb1
ffc4ff53fe72fd29
00440054004c001c
006c006c005c0044
006c0064005c005c
002c004c0064007c
004c003c002c0024
009d008d0074005c
010d01250135013d
005c008500ad00dd
000400140024003c
ffd4ffe4fffcfffc
ffacffacff9cffc4
019e007cffecffac
fd31ff3b006c00d5
ff63fdb2fd71fcc1
028f02e7016dff4b
01d601fe021e024e
010d011d0145017d
005c006c00ad00f5
009d008d00540044
0074008d00a500a5
003400440054005c
0004ffec000c0024
0014fffc0004000c
000c0024002c0024
ffa4ffbcffd4ffe4
ff84ff73ff84ff9c
ffe4ffe4ffdcffb4
00040004fffcfffc
fec300040004fffc
fcd9fcb1fcc9fd01
fce1fcd1fcb9fcd1
ffdcff6bfe62fd21
0044003c003c0014
006c006c006c0054
0054005400540064
0095008d00640054
004c003c002c0044
00a5009500850064
010d012d013d013d
0064007c00a500dd
fffc000c00240044
ffd4ffecfffcfffc
ffb4ff94ff9cffcc
01650014fff4ffc4
fd71ff53008d0175
fe93fe02fd9afcb9
029f026effecff03
0206022e0246026e
0125014d018601c6
009500a500e5010d
009d007c0074007c
0074007c008d0095
003c0054005c0064
000cfff4000c0024
0014000c0014000c
fffc00140024001c
ffacffbcffccffd4
ffacff94ff9cffa4
ffe4ffdcffdcffc4
fff4fffcfffcfff4
fdc2ffb4ffecffec
fcd1fca9fce1fce9
fcc9fcb9fcd1fce1
ffccff84fe3afd19
004c0044002cfffc
0064006c006c004c
004c0054005c006c
0074003c00340044
00540044004c0074
00ad00a5008d006c
0115013501450145
0064007c00ad00dd
fffc00140024004c
ffd4ffec00040004
ffa4ff94ffa4ffcc
00c5fff4ffecffcc
fd8aff63011d0216
fdfafde2fda2fcc9
029f00b5febbff23
0236025e02760287
015d018e01ce01fe
00bd00e50115012d
008d008d0095009d
005c006c0085008d
0024002c0034004c
00140004fffc000c
fffc000400040004
ffdcffecfffcfffc
ffacffbcffbcffc4
ffbcffacffa4ffa4
ffe4ffdcffccffc4
ffecfff4fff4ffec
fd11fec3ffc4ffdc
fcc1fcb1fcf1fcf9
fcd1fcd1fce9fce9
ffd4ff84fe12fd11
004c004c0024ffec
005c0064006c0054
004c0054005c006c
0024002c0034003c
0054005c005c0044
00ad00a5008d006c
0115013501450145
005c008500b500e5
0004001400240044
ffd4fff4000c000c
ffa4ff94ffa4ffcc
0074fffcfffcffbc
fdd2fffc01de01c6
fdf2fd8afd41fcd9
018efe9bfdeaff33
025e0287029f029f
019601ce01fe022e
00e50115013d015d
0085009d00b500c5
003c004c004c0074
ffe4ffecfffc0024
ffd4ffc4ffbcffc4
ffccffd4ffd4ffcc
ffccffdcffe4ffd4
ffacffb4ffbcffc4
ffc4ffbcffb4ffb4
ffe4ffe4ffd4ffcc
ffccffd4ffdcffe4
fcd9fd8aff5bffc4
fcc1fcc9fd09fd01
fcf9fce1fce9fce9
ffe4ff6bfdeafd11
004c005400240004
005c006400740064
0044004c00540064
0024002c002c003c
0064006c0044002c
00ad00a5008d0074
01150135014d014d
0064008500b500e5
fffc001400240044
ffd4ffecfff4fffc
ff9cff94ff9cffc4
00740004000cffa4
fe3200c501ce00fd
fdfafd69fd49fd01
ff2bfd71fd29fe72
028702a702af0206
01c601fe022e0266
01150145016d0196
008500a500d500e5
0014002c00340064
ffacffd4ffe4fff4
ff84ff84ff73ff84
ffbcff9cff9cff94
ffbcffc4ffccffcc
ffbcffbcffc4ffbc
ffccffc4ffc4ffc4
ffecffecffe4ffd4
ffacffb4ffb4ffcc
fcd1fcd9fe2aff8c
fcc9fcd9fd19fcf9
fd11fd11fcf1fcd1
0004ff5bfdbafd01
005c00540024002c
0064006c006c0064
0044004c004c0064
002400240024003c
007400640044002c
00ad00a500950085
011d013d014d0155
0064008500ad00ed
fffc0014002c0044
ffc4ffe4fff4fffc
ff9cff94ff94ffb4
00740034000cffa4
ff130145014d00bd
fe5afd41fd31fd79
fdeafd01fd09fe32
029702a7027e007c
01f6022e02660297
0155018601b601d6
009d00bd00ed011d
fffc0024004c0074
ff94ffc4ffdcffdc
ff84ff73ff53ff63
ffbcffa4ff9cff8c
ffacffbcffbcffbc
ffccffccffc4ffbc
ffccffccffccffcc
ffd4ffe4ffecffd4
ff94ff9cff94ffac
fcc9fcc1fcd9fe72
fce1fce1fd09fce1
fcf9fd09fd01fcd1
0004ff43fd9afd01
006c004c00340034
006c006c006c007c
0044004c004c0064
002c0024002c003c
006c00540044003c
00ad00a5009d0085
0125013d0155015d
0064008500b500ed
fffc000c00240044
ffbcffdcffecfffc
ffa4ff94ff8cffac
007c005c000cffac
00c500ad011d00fd
fe32fd61fd8afe83
fd69fcd1fd21fe22
029f027e01fefffc
0236025e028f02b7
019e01ce01ee0206
00b500dd01150155
000c0034005c008d
ff9cffccffdcffe4
ff9cff8cff73ff7b
ffbcffbcffacff9c
ffbcffbcffccffbc
ffd4ffd4ffc4ffbc
ffc4ffd4ffd4ffd4
ffa4ffbcffc4ffbc
fe9bff7bff73ff73
fcd9fcc9fc81fcd9
fcd1fce1fd09fcd9
fd01fd01fcf9fcd9
ffecff03fd69fd09
005c003400340014
00640074007c008d
003c0044004c0064
002c00240034003c
006c005400540044
00b500ad009d008d
01250145015d0165
0064008500b500ed
ffecfffc001c003c
ffb4ffccffdcffec
ff9cff94ff84ffa4
008d0074002cffbc
0054002c0125013d
fd9afd51fe52005c
fcf1fce9fd31fdfa
024e01f60145ff33
025e0287029f029f
01f602160226023e
00d50105014d01ae
002c00440074009d
ffb4ffd4ffec0004
ffc4ffb4ffa4ffac
ffccffccffc4ffc4
ffccffd4ffdcffcc
ffe4ffe4ffd4ffcc
ffacffc4ffd4ffdc
ff63ff8cff94ff9c
fcc9fe52ff2bff3b
fce1fcc1fc70fc60
fcd1fcd9fcf1fcd9
fd01fcf9fcf9fcf1
ffbcfea3fd31fd01
003c001c0024fff4
006c007c00850074
003c003c004c005c
002c0024002c0034
00740054004c003c
00b500ad00a5008d
01250145015d0165
0054008500b500ed
fff40004001c003c
ffacffd4ffe4ffec
ff94ff9cff9cff94
00bd00950054ffdc
febb002c015d013d
fd41fd92003c0014
fce9fd19fd41fe0a
01ee019e006cfe93
026e027e02560216
023e024e0256025e
00f5014501b6020e
0054006c008500ad
ffdcffec000c002c
ffdcffe4ffd4ffd4
fff4ffe4ffd4ffe4
ffe4ffecfffcfff4
fff4fff4ffe4ffe4
ffa4ffb4ffccffdc
ff1bff5bff73ff8c
fc58fcc9fe52feeb
fcc9fcb9fc70fc60
fcd9fcf1fcf1fcd9
fce1fd01fce9fcd1
ff8cfe3afcf9fcf9
001c00040004ffcc
007400850085005c
002c003c00440054
0034002c002c0024
00740054003c0034
00ad00ad009d0095
012d014d0165016d
004c007c00b500ed
fffc0004001c0034
ffb4ffd4ffecfff4
ff9cff9cffa4ff9c
00cd009d005c000c
fe5200340155013d
fd82ff73008dfe32
fd19fcf9fd51fdc2
021e015dffb4fe3a
025e023601f601d6
025e02660276026e
014501b6021e0256
008d00ad00d50105
001c0024003c005c
0014000c00040024
0014000c0004000c
0004000c000c0014
ffe4fff4fff4fffc
ff84ff9cffbcffd4
fea3fef3ff33ff6b
fc68fc81fdc2fe83
fca9fcb1fc81fc60
fcc9fd19fd11fcc1
fcd9fcf1fcd1fcb9
ff53fdeafd01fcf9
0004ffe4ffc4ffa4
0074007400640034
00340034003c005c
00340034002c0024
007c0064004c0044
00bd00ad00a50095
012d014d01650175
0054007c00ad00ed
fffc0004001c003c
ffb4ffd4ffecfffc
ffc4ff9cffa4ffa4
00f500bd0054003c
fe7a0054016d016d
ff33ffecfe3afd8a
fcf1fce1fd71fde2
027e0105fedbfe6a
021601de01ae01de
026e026e025e023e
01c6022e026e0276
00d501050135016d
00640074009d00b5
0034003c00440054
0024002c002c0034
001c002400240024
ffd4ffecfffc000c
ff33ff73ff84ffac
fe6afe7afe9bfee3
fc68fc68fda2fe8b
fcb1fcb1fc91fc70
fcc1fd09fd09fcd9
fce1fce1fcb9fcb1
ff0bfdaafd21fce1
ffe4ffc4ff94ff73
00640054003c001c
002c002c003c005c
003c002c0024002c
008d007400640054
00b500ad00ad009d
012d014d016d0175
0054007c00ad00ed
fffc0004001c003c
ffacffccffe4fffc
0004ffacff9cffa4
011d00f5008d0044
fe7a004401650165
ff13fda2fd41fda2
fd69fdc2fe1aff13
028f0044fe1afefb
01ce019e0196021e
02560236021601f6
0236026e026e0266
0135015d019e01de
00ad00d500ed0115
003c004c006c0095
003c0044004c004c
001c00340044003c
ffacffd4ffecfffc
fe7afee3ff3bff73
fe83fe72fe4afe52
fc68fc60fdaafec3
fcc9fcb1fca1fc81
fcd9fcf9fce1fcf1
fd09fcd1fca9fcc1
fedbfdaafd21fcd1
ffccffa4ff63ff4b
005400340004ffec
001c001c00440054
003c003c00240024
008d007c00740054
00cd00c500b50095
012d01550175017d
0054007400ad00f5
fffc0004001c0034
ffb4ffccffecfffc
000cffd4ff94ff9c
012d014500cd006c
fe9b0054015d0165
fd9afd49fd82fdca
fdcafe22fe9bfeeb
0256ffa4fdeafe1a
0186016501ae025e
020601f601d601b6
023e023e02260216
016d019e01de021e
00d500ed010d013d
005c0064008500b5
004c0064006c006c
fffc001c0034003c
ff53ffa4ffccffe4
fe42fe5afe8bfeeb
fea3fe83fe52fe3a
fc70fc68fd8afed3
fcc9fca9fca1fc89
fcd9fcf1fcc9fcd1
fd09fcc1fcb1fcd9
feb3fd8afcf9fcf1
ffc4ff84ff3bff33
003c0014ffdcffcc
000c002c0044004c
00440034001c000c
009d008d006c005c
0155013d00dd00b5
012d0155017d0186
004c007400ad00ed
000400040014002c
ffacffccffecfffc
001cffdcffa4ff9c
011d0135012500b5
feab00640165016d
fd59fe12fdeafdaa
fdcafde2fe12fdaa
01b6feabfdcafd9a
014d015d0206026e
01ce01be019e0175
01ce01b601b601be
017501a601ce01de
00c500e5010d0135
007c007c009d00ad
005c0074007c0085
ffe400140024003c
fe83fee3ff4bffa4
fe42fe4afe4afe52
febbfe8bfe62fe4a
fc78fc78fd61fecb
fcc9fca1fc89fc91
fcd9fcd9fcc9fcc9
fce1fcb1fcd1fcd9
fe8bfd51fce9fd01
ff94ff53ff23ff4b
0014fff4ffccffac
0014002c0034002c
006c004c001c0004
00b500bd00ad008d
00dd00dd00bd00bd
012d015d017d018e
0044007400a500ed
000c000c000c002c
ffacffc4ffe4fffc
008d0004ffbcffa4
011500e500e500e5
feb3007c017d017d
fd8afe52fdb2fdc2
fe02fd9afd29fd69
013dfdf2fe0afe52
01350196022e025e
0196018e016d0145
012d014d016d0186
011d0115010d010d
00d500e500f5010d
0095009d00b500c5
0054007c008d0095
ff2bff9cfff4002c
fe42fe42fe6afec3
fe5afe5afe52fe52
fecbfe93fe6afe62
fc78fc70fd41fec3
fcb1fc99fc81fc91
fcd9fcc9fcb9fcb9
fcc1fcc9fcf1fcc9
fe12fd29fcd9fcf9
ff6bff3bff13fedb
000cffdcff9cff84
0044004400340024
00a500a5005c002c
00a5009d009d009d
00bd00c500b500b5
0125015d017d0186
003c006c00a500e5
000c001400140024
ffb4ffccffec0004
007c0024000cffe4
010d00e5009d006c
feab00740165015d
fdeafd9afd39fdaa
fd51fcd9fd11fd8a
00ddfe4afe9bfdfa
013d01c602360246
016d016501350115
00e5011d013d015d
0024003c006c00ad
0014001c0014000c
ffdcfff40004000c
ff43ff7bff9cffb4
fe62fe83feb3ff03
fe5afe52fe4afe52
fe62fe72fe62fe62
fec3feabfe7afe5a
fc78fc68fd31feb3
fc99fc89fc89fc91
fcd9fcc9fcb9fcb1
fcc1fce9fce1fcd1
fdfafcf9fce9fcf1
ff23ff630014ff73
ffe4ff9cff6bff4b
002c0024001c0014
00440034001c001c
00ad009d0085005c
00cd00cd00c500bd
0115014501650175
0034005c009500d5
001c0024001c001c
0014ffec0004001c
0044001cffdc0024
010d00f500a50054
feeb0085014d0125
fde2fd51fd39fdaa
fcb9fcd9fd49fdd2
0044fed3fecbfd82
016502060246022e
0155013d010d00f5
00cd010501250145
ffdc00140044008d
ff2bff43ff6bff9c
fecbfeebff03ff0b
fe83fe93fea3feb3
fe5afe6afe6afe72
fe5afe62fe52fe5a
fe52fe52fe62fe6a
fec3feabfe8bfe62
fc70fc50fd21feb3
fc89fc81fc99fc91
fcd1fcc1fcb9fca9
fcd9fce1fcd1fce1
fda2fcf1fd09fcf1
ff3b006c0044fef3
ff9cff6bff53ff1b
001c00140004ffe4
00340014fffc000c
00b5009d0085006c
00c500c500bd00bd
00f50125013d014d
001c003c007400bd
000c000c0004fffc
000cffec0004000c
0024003cfff4ffec
00ed00e500ad0044
ff33007c010d00fd
fdbafd49fd61fdd2
fce1fd49fdaafd49
0044fecbfda2fd31
01b602460266024e
013d012500fd0115
00cd0105012d013d
ffec001c0054009d
ff1bff5bff84ffb4
fec3fed3fefbff03
fe8bfe93fea3feab
fe62fe72fe83fe8b
fe52fe5afe5afe5a
fe72fe5afe4afe52
febbfea3fe93fe83
fc89fc58fd29febb
fc89fc78fc89fc89
fcc1fcc1fcb9fcb1
fce1fce9fcd1fce1
fd51fcf9fd11fce9
fed3fecbfe62fe1a
ff94ff53ff23feeb
000cfffcffe4ffc4
002c0004fff40004
00b500a500850064
00bd00bd00bd00b5
00c500fd011d012d
fff400140044008d
fff4fff4ffecffe4
001cffecfffcfff4
002400440064002c
00e500ad009d0044
ff3b007400d500dd
fdd2fd79fd71fde2
fd41fd19fd19fd19
fedbfddafd82fd71
020e023e027e019e
012d00fd00f501a6
00dd011d013d0145
ffe40024006400a5
ff33ff6bff8cffb4
fed3feebff03ff13
fe9bfea3feb3febb
fe5afe7afe83fe93
fe4afe42fe52fe5a
fe8bfe72fe5afe4a
febbfeabfe9bfe8b
fc91fc70fd39feb3
fc78fc70fc70fc81
fcb9fcc9fcb1fc99
fce1fcd1fce1fcd9
fd29fd09fcf9fcd1
febbfe83fe42fde2
ff84ff3bff03fedb
fff4ffdcffc4ff9c
0024ffecfff4fff4
00ad009d0085005c
00b500bd00bd00b5
008d00c500e500f5
ffc4ffdc000c0054
ffdcffdcffccffc4
0034fff4ffdcffe4
0024002400ad004c
00b5006c00640054
ff63006c008d008d
fdfafdb2fd92fe1a
fcf9fce1fcf9fd51
fdd2fdb2fd82fd61
02260236028f007c
00fd00bd010d01e6
00ed012d013d0135
fff40034006c00ad
ff43ff5bff84ffb4
fedbfef3ff0bff23
fea3feb3fec3fec3
fe52fe6afe6afe83
fe52fe3afe42fe5a
fe83fe8bfe7afe6a
fea3fea3fe9bfe93
fc68fc70fd69fea3
fc68fc60fc60fc78
fcb9fcc1fca9fc78
fcd9fcd1fce1fcc9
fd21fd01fcd1fcd1
fec3fe6afe4afdd2
ff5bff23ff0bfed3
ffe4ffc4ff9cff7b
0014ffe4ffecfff4
00ad009d00850054
00b500b500b500bd
0044007c009500b5
ff8cffa4ffcc0004
ffb4ffb4ffa4ff8c
00240014ffd4ffbc
ffecffe4003c0085
006c0024003c002c
ff730054003c0034
fe0afdfafdb2fe52
fd51fd19fd11fd82
fd59fd8afd82fd69
0216024e027effec
00b500a5012501d6
00ed010d011d0105
000c0054008500c5
ff3bff5bff8cffcc
fee3fefbff13ff2b
fe8bfea3febbfecb
fe42fe52fe62fe6a
fe6afe62fe4afe52
fe7afe8bfe8bfe7a
fe93fe9bfe8bfe83
fca9fcd9fdcafe8b
fc60fc60fc68fc89
fcb9fcb9fc99fc68
fcd1fcd9fcd9fcb9
fd19fcf1fcc1fcd1
fe83fe42fe52fda2
ff3bff13fef3feb3
ffd4ffacff84ff63
0004ffdcffecffec
00ad009d007c004c
00ad00b500b500b5
ffec001c00440064
ff53ff53ff7bffb4
ff8cff84ff6bff5b
003cffe4ffdcffa4
ffacffa4ffd40034
005c00040014fffc
ff8c0034ffecffe4
fe02fe4afdd2fe6a
fdc2fd41fd39fd8a
fd09fd39fdaafd82
021602660276ff9c
008d009500fd01be
00cd00e500e500c5
000c0044007400c5
ff2bff4bff8cffc4
fecbfee3fefbff23
fe7afe8bfe9bfeab
fe4afe52fe62fe72
fe6afe6afe5afe52
fe72fe6afe6afe72
fe72fe7afe72fe6a
fd8afd8afe12fe62
fc81fc68fd09fdc2
fc99fca1fca1fc89
fcd1fcd1fcc1fca9
fd19fce1fcd1fcc9
fe52fe42fe5afd79
ff23feebfecbfea3
ffbcff8cff73ff43
0004ffe4ffecffdc
00a50095006c0034
00bd00b500b500b5
ff8cffbcffe40004
ff0bff0bff2bff5b
ff5bff43ff2bff1b
002cffe4ffb4ff8c
ff84ff63ffa4ffac
001cffecfff4fffc
ffc4000cffc4ff7b
fdfafe5afde2fe93
fe02fd59fd69fd82
fcf9fd19fe3afd92
022e029f026effe4
0074009d011501ae
00b500c500b5009d
ffe4000c0054008d
ff23ff43ff63ffa4
febbfed3fee3ff0b
fe83fe93fe9bfea3
fe52fe5afe62fe72
fe52fe52fe5afe5a
fe52fe4afe42fe4a
fe5afe6afe62fe52
fe02fd82fe2afe4a
fd51fd29fe7aff23
fcb9fd51fda2fd8a
fce1fcd1fcb1fca1
fd11fce1fcd1fcd1
fe4afe7afe42fd69
ff1bfef3fed3fe9b
ffa4ff6bff5bff33
0004ffecffecffcc
00ad009d0074003c
00ad00b500bd00bd
ff23ff4bff7bff9c
fecbfecbfee3fefb
ff1bff0bfef3fedb
ff940004ffb4ff73
ff53ff43ff73ff63
ffc4ffe4fff4ffd4
ffecffdcffc4ff2b
fe0afe93fe32fed3
fdd2fd71fd71fd82
fd11fd09fe2afd69
026602c70256006c
006c00c5015501ce
00ad00ad00950085
ffd400040054008d
ff0bff2bff4bff8c
fea3febbfed3fef3
fe7afe83fe93fe93
fe4afe5afe5afe62
fe3afe3afe42fe4a
fe22fe2afe22fe2a
fe3afe3afe3afe1a
fdb2fd82fe1afe4a
fd71fd49fd79fdea
fd79fdd2fdbafd9a
fcf1fcc1fc99fcd9
fd11fcd1fcd1fce9
fe6afe72fe1afd61
ff1bfefbfee3fe83
ffa4ff63ff43ff23
0014fff4ffecffd4
00ad00a5007c004c
00ad00ad00b500bd
febbfee3ff0bff2b
fe93fe8bfe93fe9b
fef3fecbfebbfeab
ff53ff6bffe4ffa4
ff2bff1bff4bff33
ffacffecffe4ff94
0024fffcffa4ff23
fe12fee3fe4aff13
fddafdeafd69fd82
fd59fcf1fdaafd31
029f02d7022e00ad
006c010501b6022e
00ad008d006c005c
ffbc0014005c0085
feebff13ff43ff84
fe93fe9bfeb3fed3
fe5afe6afe7afe83
fe3afe4afe52fe5a
fe12fe1afe32fe32
fdfafe0afe02fe0a
fe22fdfafdf2fdf2
fd82fd79fe0afe4a
fd71fd39fcf9fd19
fd9afda2fd9afd9a
fce1fca1fcc9fd79
fcf9fcc1fcd9fce9
fe4afe4afddafd41
ff13ff13feb3fe72
ffa4ff73ff43ff1b
fffcffecfff4ffdc
00b500a5006c0034
00b500b500b500bd
fe52fe6afe93feab
fe4afe4afe4afe4a
feebfe83fe6afe5a
ff3bff0bff2bfffc
ff1bfefbff2bff0b
ff9cffecfffcffa4
004c0004ff63ff23
fe12fefbfe7aff23
fdf2fe93fd71fd92
fdfafc91fd59fd21
02c702df021e00f5
005c011d01ee0276
0074006c003c0034
ffc4000c00440064
ff03ff1bff43ff7b
fe83fe9bfebbfedb
fe5afe5afe62fe72
fe32fe4afe5afe5a
fe02fe02fe22fe2a
fdcafddafdf2fdf2
fe0afdd2fdd2fdd2
fd49fd92fdd2fe32
fd82fd59fd19fcf1
fd69fd71fd82fd9a
fcc9fcc1fd69fd69
fcd1fce1fcf9fcf1
fe42fe5afdaafd11
fef3fefbfed3fe6a
ff8cff5bff2bff0b
fff4ffe4ffe4ffc4
00b500a50074002c
00bd00b500bd00bd
fe22fe32fe4afe5a
fe2afe32fe2afe2a
fe9bfe4afe32fe22
ff23fed3feabff2b
ff13fed3ff0bfef3
ff8cffc4ffecff9c
005c001cff73fefb
fe0afefbff23ff63
fdd2fe8bfd61fd9a
fecbfd29fdb2fd19
02f702f702160125
0034010502060297
00640054001c0004
ffc4fffc00340054
ff0bff33ff53ff8c
fe7afe93feb3fedb
fe62fe62fe62fe6a
fe2afe42fe5afe5a
fdeafde2fdfafe12
fdbafdc2fdd2fde2
fddafdbafdb2fdba
fd01fd51fd71fde2
fd92fd71fd39fd01
fd19fd31fd61fd8a
fcb9fd29fd19fd11
fcd1fd01fd19fce9
fe42fe32fd59fce1
fef3feebfecbfe72
ff7bff43ff2bff1b
fff4ffe4ffe4ffbc
00b500ad007c002c
00bd00b500bd00bd
fe22fe2afe2afe22
fe32fe32fe32fe22
fe42fe32fe1afe1a
fefbfe83fe83fea3
fefbfeb3fee3fedb
ff9cffacffd4ff63
006c004cffb4feb3
fdeafeb3ff63ffbc
fd51fe4afd9afd61
ffccff7bfff4fdba
0327030f023e013d
00340125023602c7
003c002c0004fff4
ffb4ffe4002c003c
ff03ff33ff5bff84
fe7afe93fea3fed3
fe5afe62fe6afe6a
fdfafe22fe52fe5a
fddafddafddafdea
fd9afdaafdc2fdca
fd9afd8afd82fd82
fcd9fd29fda2fd9a
fd9afd82fd59fd11
fcc1fcf9fd41fd79
fcf1fcd9fca9fcb9
fd09fd11fce9fca9
fe72fe0afd19fd01
fef3fed3febbfe72
ff7bff4bff43ff1b
fffcfffcffe4ffb4
00bd00ad0074002c
00b500b500bd00bd
fe32fe32fe2afe1a
fe3afe3afe3afe3a
fe42fe42fe3afe32
fed3fe52fe93fe62
fec3fe9bfec3febb
ffd4003c0024ff63
007c003cffc4ff0b
fddafe9bff5bffd4
fdb2fe2afdeafd69
007c0044014dff5b
034f032f0276019e
00640196026602e7
0014fffcffccffcc
ffa4ffe4000c0024
fefbff33ff5bff7b
fe7afe93feabfecb
fe52fe52fe52fe6a
fdeafe0afe42fe62
fdc2fdd2fddafde2
fd71fd92fda2fdaa
fd31fd51fd51fd59
fce1fcf9fd92fd59
fd79fd82fd61fd29
fc99fcd1fd29fd59
fca9fc70fc81fc89
fd21fce9fc99fcc1
fe6afda2fd21fd31
fedbfed3fea3fe62
ff8cff5bff2bff13
0004fffcffdcffc4
00bd00ad00740034
00bd00bd00c500c5
fe32fe3afe3afe22
fe32fe32fe3afe32
fe42fe4afe42fe3a
fe6afe62fe7afe3a
fe8bfe8bfe7afea3
ffc40044005cff8c
00a50044ffacfedb
fdbafe8bff630014
0155002cfeabfdaa
010dffa4fff4004c
035f035702c7021e
00f5020e02af031f
ffe4ffbcffacffec
ffacffccffe4fffc
fef3ff1bff4bff7b
fe62fe8bfea3febb
fe5afe52fe52fe52
fddafdfafe32fe52
fda2fdc2fdd2fdda
fd51fd61fd79fd92
fd49fd39fd41fd41
fd09fce9fd29fd59
fd69fd79fd79fd59
fcb9fcd9fd19fd51
fc50fc58fc70fc91
fcf9fcb9fc99fc99
fe1afd51fd41fd21
feebfed3fe7afe62
ff84ff53ff23ff03
0004fffcffe4ffb4
00bd00ad00740034
00b500bd00bd00bd
fe22fe32fe3afe2a
fe2afe32fe32fe2a
fe32fe32fe2afe22
fe52fe7afe42fe32
ff03fec3fe62fe9b
ffbcfffc001cffd4
00d5006cffccff23
fdaafe52ff43005c
028f02a7ff73fe5a
01a6ff9cff33005c
035f037703070266
015d023602d7033f
ffbcff9cffb40044
ff9cffbcffc4ffd4
fed3fefbff33ff63
fe6afe7afe9bfeb3
fe52fe5afe52fe52
fdd2fde2fe0afe2a
fd82fd9afdb2fdc2
fd31fd49fd59fd71
fe72fdc2fd39fd29
fd49fd11fd11fda2
fd59fd79fd8afd79
fce1fd09fd31fd49
fc60fc70fc89fcc9
fcc1fc81fc99fc70
fdb2fd51fd51fd01
feebfec3fe8bfe6a
ff84ff53ff0bfef3
00040004ffdcffa4
00bd00ad00740034
009d00b500bd00bd
fe22fe32fe3afe2a
fe2afe22fe22fe22
fe4afe3afe2afe32
fe93fe6afe52fe52
fef3ff2bfebbfe9b
ffec0014ffe4ff63
00fd009dffccff5b
fe52fe3aff3b0074
02ff03a001eeffe4
0226005cff4b00cd
03570390033f028f
0186025e02f7034f
ffacff8cffa40054
ff8cffb4ffd4ffb4
fecbfefbff2bff53
fe62fe6afe83fe9b
fe3afe4afe4afe52
fdbafddafdf2fe12
fd69fd71fd92fdb2
fd21fd31fd41fd51
ff43fee3fd39fd21
fd69fd29fd09fd61
fd61fd79fd9afd9a
fd31fd51fd59fd59
fc78fca9fcf9fd21
fca1fc91fc81fc70
fd92fd71fd29fcd9
feebfe93fe72fe32
ff7bff3bff0bff0b
0004fff4ffd4ffac
00bd00a500740034
008500b500bd00bd
009500a500a500b5
00cd00bd00ad009d
011d00fd00e500dd
015d014d013d0135
0165016d016d015d
0165015d0155015d
01f601ce01a60186
02760256023e0216
02c702b702a7028f
02cf02cf02cf02c7
02d702d702cf02cf
02c702d702d702d7
026e029702af02b7
019e01de021e024e
009d00dd01250165
003c003c004c0064
002c002400240034
ffb4ffe40004002c
00640034fffcffb4
010500ed00dd00a5
00ed00d500d500fd
010d00f500d500dd
010d00fd00e500fd
00f500fd01050105
00d500ed00fd010d
ff0bff94004400a5
fe7afe62fe62feb3
fecbfebbfeabfe93
ff3bff2bff13fef3
ffa4ff94ff73ff53
ffbcffbcffb4ffac
ffccffccffc4ffbc
00b500b500b500bd
00dd00cd00bd00b5
0125010500ed00e5
015d014d01450135
0165016d01750165
016d015d0155015d
01fe01ce01ae0186
027602560246021e
02c702b702af0297
02d702d702cf02cf
02d702cf02cf02cf
02c702cf02d702d7
026e029702af02b7
019e01de021e024e
009d00dd01250165
005c005400640074
0054005400640064
0014001c003c005c
00b500b500a5006c
00ad00a500bd00bd
00c500bd00b500b5
00bd00ad00b500bd
00dd00e500f500cd
012d012d011500f5
00ed00fd01050115
00cd00ed00ed00d5
ff4bffbc002c0085
ff13fefbff1bff13
ff6bff4bff43ff2b
ff9cff94ff84ff6b
ffbcffbcffbcffb4
ffccffccffccffc4
00cd00cd00cd00cd
00ed00dd00d500cd
012d011500fd00f5
01650155014d013d
016d016d0175016d
0175015501550165
020601d601b60196
027e025e024e022e
02c702bf02b7029f
02d702d702cf02cf
02d702d702d702d7
02c702cf02d702d7
0266028f02a702b7
019601d602160246
00a500dd01150155
0095008d00740085
0064005c007c008d
00b500850054005c
00a500b500ad00b5
00c500ad00ad00ad
00ed00d500bd00bd
00c500dd00e500f5
0095009d00b500b5
00f500e500c500b5
012d0135011d00fd
00ed00d500dd010d
00ed01250135010d
ff43ff53ffbc0054
ff7bff5bff4bff3b
ffa4ff9cff94ff8c
ffc4ffc4ffc4ffb4
ffccffccffccffd4
00dd00e500e500e5
00fd00f500ed00e5
012d0125010d0105
016d015d01550145
016d0175017d0175
017d015d015d0165
021601e601be0196
0287026602560236
02c702c702b702a7
02d702d702cf02cf
02d702d702d702d7
02bf02cf02d702d7
02660287029f02b7
018e01ce020e023e
00a500d5010d014d
00a500c500ad0095
0085007c008d0095
009500d500d500ad
00c500c500bd009d
00b500cd00d500dd
008d00a500a500c5
00b500a500a500a5
008d00ad00bd00dd
0064005c0064008d
010500cd008d007c
00e5010d011d010d
00fd00bd00bd00c5
002400c501250135
ff7bff73ff7bffb4
ffbcffb4ffa4ff8c
ffc4ffbcffccffc4
ffccffccffccffcc
00f500f500f500fd
010d010d010500fd
013d01350125011d
01750165015d014d
016d0175017d017d
018601650155015d
021e01f601c6019e
028f026e0256023e
02cf02c702bf02a7
02d702d702cf02d7
02d702d702d702d7
02bf02cf02d702d7
025e027e029702af
018601c6020e023e
00ad00d5010d0145
00cd010d010500bd
00f500cd00b500bd
00cd00b500bd00dd
00d500dd00d500d5
007c008d009500bd
0085008d0074007c
00a50095008d0095
00d500ed00d500b5
0074007400ad00b5
009d00850085008d
0105010d00dd00ad
00cd00ed00ed00ed
011d00e500a5009d
ffacfff40095010d
ffbcffacffa4ff94
ffc4ffc4ffbcffbc
ffccffc4ffccffcc
010d010d010d010d
011d011d0115010d
014d01450135012d
0175017501650155
016d0175017d017d
0186016d015d0165
022601fe01ce01a6
029702760256023e
02cf02c702bf02af
02d702d702d702d7
02df02d702d702d7
02bf02cf02d702d7
025e027e029702af
018601c602060236
00cd00d501050145
00f5011d011d00f5
00cd010500e500cd
00ad00bd00c500c5
009d009d009d0095
00950095007c0085
008d0095009d00a5
009d008d00850085
00cd00a50095008d
00b5009d00c500dd
0085009500ad00c5
00c500ad008d0085
00e500f5010d00ed
009d00a500d500f5
006400f5012500d5
ffb4ffacffbcffec
ffc4ffc4ffc4ffbc
ffc4ffccffccffcc
0125011d011d011d
012d012d012d0125
01550155013d0135
017d017d01750165
016d017d01860186
018e0175015d0165
022e020601d601ae
029f027e025e024e
02d702cf02c702b7
02df02d702d702d7
02df02df02df02df
02bf02cf02d702df
02560276028f02a7
018601be01fe022e
00fd00e5010d0145
00ed00ed00e500fd
00d500cd00f500fd
00ad00bd00c500c5
009500a500b500a5
00c500b500a50095
00e500e500d500c5
00d500e500ed00dd
00ad00cd00dd00cd
00c500b500ad00a5
009d00ad00bd00cd
006c0095008d0095
00e500f500b5007c
00d500f500dd00ad
010d00e500b500ad
ffcc000c008500f5
ffc4ffc4ffc4ffc4
ffbcffc4ffc4ffc4
0135012d012d012d
014501450145013d
0165015d014d0145
01860186017d016d
016d017d01860186
019e017d01650165
0236020e01e601be
02a70287026e024e
02d702cf02cf02b7
02df02d702d702d7
02df02df02df02df
02b702c702d702df
02560276028f029f
017d01be01fe022e
011d010d010d0145
00ed010500dd00fd
00bd00ed00d5010d
008d00cd00c500c5
00a500cd00c50095
0074006c0085007c
00dd00a500950085
010d010d0125010d
00d500f500fd0105
00ad00cd00ed00e5
009d008d00a500ad
0085009d00ad00ad
00cd009d007c0054
00c500b500b500ed
00f500dd00bd00cd
005c00cd00fd0105
ffccffd4ffe40004
ffb4ffbcffbcffc4
014501450145013d
015501550155014d
016d016d015d0155
018e018601860175
0175017d018e018e
01a60186016d016d
023e021601ee01c6
02a7028f026e024e
02d702cf02cf02bf
02df02df02d702df
02e702df02df02df
02af02c702d702df
024e0276028f029f
017501b601ee0226
012d0125011d0135
00f501050115010d
00b500cd00e500ed
009d00b500c500d5
0054006c009d00ad
005c003c00340034
00b500bd009d007c
00fd00fd00f500cd
00c500cd00ed00fd
00ed010500dd00d5
0085009d00ad00c5
00a500bd00ad00c5
00a50095008d0095
006c008d00ad007c
00ed00ed00bd008d
00e500ed00e500dd
ffe4000c0034008d
ffb4ffb4ffc4ffcc
0155015d015d0155
0165016501650155
0175017501650165
018e018e018e017d
017d0186018e018e
01ae018e01750175
0246021e01f601d6
02af029702760256
02d702d702cf02c7
02df02df02d702df
02e702df02df02df
02af02bf02d702df
024e026e0287029f
017501ae01ee021e
0125014501450145
00fd00fd012d010d
00ad00b500c500dd
008d00a500ad00bd
00240054004c0074
0095009d005c0024
00e500f500d500bd
011500fd00f500e5
00dd00ed00e5010d
00e500c500cd00dd
00ad00d500f500fd
0095008d00b500d5
007c00640074008d
004c005c005400a5
00dd00a5006c003c
00e500d500cd00d5
fff4003400a500e5
ff9cff9cffb4ffc4
0165016d016d0165
01750175016d0165
017d018601750175
01960196018e0186
0175017d018e0196
01b60196017d0175
024e022e020601de
02b7029f027e025e
02d702d702cf02c7
02e702df02df02df
02e702e702e702e7
02af02bf02d702df
0246026e0287029f
018601b601e6020e
0125013d0155015d
00ed0105011d0105
00a5009d008d00d5
00540064008d0085
005c003c002c003c
00b500b5006c0074
007c009500a500c5
00d500c500b500a5
00dd00e500e500d5
00c500cd00f500fd
00dd00ed00c500a5
00a5008d008d00bd
0054009d00c500b5
003c006c00ad0064
00950064002c0034
00f500e500e500dd
000c007400e500ed
ff8cff94ffb4ffd4
017d017501750175
017d017d017d017d
018e0186017d017d
019601960196018e
0175017d018e0196
01be01a60186016d
0246022e020e01e6
02b702a7028f0266
02df02df02d702c7
02e702e702df02df
02e702e702e702e7
02af02bf02d702df
0236026e02870297
019601be01e60206
012d013d015d017d
00cd00dd010d0125
009d00c500a500b5
0034003c006c0085
005c0054005c003c
009500ad00ad006c
009d006c005c006c
009d009500bd00bd
00f500e500d500bd
0135011d01250115
00ed00dd00d5010d
005c0044009500dd
00a500b500a5007c
006c00a50064006c
006c0044003c004c
00fd00e500e500a5
005400ed0105010d
ff73ff94ffbcffec
0186017d017d017d
018e018601860186
018e0186017d0186
019601960196018e
0175017d018e0196
01c601a601860175
024e023e021601ee
02c702af028f026e
02df02df02d702cf
02e702df02df02df
02e702e702e702e7
02af02bf02cf02df
02360256027e0297
019e01c601de020e
013d012d015d0186
00b500cd01050125
006c00b500cd00a5
0074004c003c004c
007c0054003c005c
006c008500ad009d
008d008d008d0085
007c008d00a5009d
00b500ad00ad00a5
0155011500dd00ad
00dd010d01250155
005c00a500bd00e5
003c004c004c0034
009d005c007c007c
0054004c00540074
00fd00dd00ad0085
00e5011d0115011d
ff6bffa4ffdc0034
018601860186017d
018e018e018e018e
0196018e0186018e
01960196019e019e
017d0186018e0196
01d601ae018e017d
02560246022601fe
02c702af02970276
02e702df02df02d7
02e702e702e702e7
02e702e702e702e7
02a702b702cf02df
02360256026e028f
019e01c601ee020e
0125012d01650175
00a5009d00e50115
002c006c009d00b5
007400640034002c
009d007c005c0074
008d009500740095
0074008d008d009d
002c00340054007c
005c005c0044003c
008d00440044003c
011d014d012d00e5
008500b500c500f5
0004002c0044005c
004c007400640004
00540064006c0064
00d5008d006c0064
0125011d0125011d
ff63ffac001c00ad
0186018601860186
0196019e019e0196
01960196018e018e
019e0196019e019e
017d0186018e0196
01de01b601960186
025e024e022e0206
02cf02b70297027e
02e702e702df02d7
02e702e702e702e7
02e702e702e702e7
02a702b702cf02df
02360256026e028f
019e01ce01f6020e
00f5010d01550175
00a5009500ad00f5
0044004c00950095
0044006400640044
007c0095008d005c
007c007c009d0074
0054005c008d009d
0004ffe4fffc002c
0004002400540034
fffc0004000cfffc
011d00a50054000c
008d00ad00ed012d
003c005400850074
005c002cffec001c
00640074002cfff4
00ad0054005c005c
013d013d012500f5
ff84ffec0095010d
018e018601860186
0196019e019e0196
019e0196018e018e
01a6019e019e01a6
017d0186018e019e
01e601be01a6018e
026e02560236020e
02cf02bf02a70287
02e702e702df02d7
02e702e702e702e7
02e702e702e702e7
029f02b702cf02df
022e0256026e028f
018e01c601ee01fe
00ed00e5013d017d
00ad009d008d00cd
005c006400950085
004c0054006c0064
0085006c0095006c
00b5007c007c0095
002c00340034006c
004c0004fff4001c
fff4fff4fff40034
000c0004fff4ffec
0014ffdcffccfff4
006c00f501150085
005c008d004c0034
ffdcffb4000c002c
007c002c00040034
007c005c005c006c
0155012d010d00d5
ffa4003c01050155
0196018e018e018e
0196019e019e0196
019e019e0196018e
019e01a601a601a6
017d0186018e019e
01ee01c601ae018e
02760266023e0216
02d702c702af028f
02df02e702e702df
02e702e702e702e7
02e702ef02e702e7
029702a702bf02d7
02260256026e027e
019601be01de01fe
00c500cd0135016d
00ad00ad008d00bd
0085009d00bd00ad
00640064006c0074
009500850085006c
009500a50085007c
001c003c002c003c
0034003c001c0014
ffe4000c0004000c
ffc4ffccffe4ffcc
ffbcffbcffe4ffcc
00dd00c50044ffdc
006cfffc0004005c
ff6bfff400240064
0034000c0044ff94
006c0054004c0064
012d011d011500bd
000400c50165017d
019e018e018e018e
0196019e019e019e
019e019e019e0196
019e01a601a601a6
0186018e018e0196
01fe01ce01a60196
027e02660246021e
02df02cf02b70297
02e702e702e702df
02ef02e702e702e7
02e702ef02ef02ef
028f02a702bf02d7
0226025602660276
019601a601be01fe
00a500cd010d0155
00e500cd00a500b5
00bd00d500e500ed
00950085007c00a5
009d00a50095007c
005c00a500ad0095
0014003c0044003c
002c00240024001c
ffecfffc000c0014
0004000cffecffe4
ff6bffb4ffe4fffc
0085ffd4ff63ff4b
ff84ffc4004c00cd
ff8c001c0054005c
ffecfff4ff8cff23
005c0044005c0054
012d012d00cd0095
007c015501960165
01a6019e018e018e
019e019e01a601a6
019e019e01a601a6
01a601a601a601a6
0186018e018e019e
01fe01de01b60196
0287026e024e0226
02df02cf02bf029f
02e702e702e702e7
02ef02ef02e702e7
02e702ef02ef02ef
028f02a702bf02d7
022e024e025e026e
015d017501ce01f6
00bd00d501050135
00fd00e500cd00ad
00dd00fd010d0115
00bd008d00a500bd
00ad00bd00bd00ad
0064009d00ad009d
0044005c006c004c
002c002c00340044
00040004fffc0004
002c002c00340024
00140034001c001c
ff94ff0bff13ff9c
ff63003400e50095
ffac003c0054ff63
ffa4ff5bff23ff43
002c004c0064ffec
014d00ed009d0064
014d0196015d014d
01a6019e018e018e
019e019e01a601a6
01ae019e01a601a6
01a601a601a601a6
0186018e018e019e
020e01e601be01a6
028702660256022e
02df02cf02bf02a7
02e702e702e702e7
02ef02ef02ef02ef
02e702ef02ef02ef
028f02a702bf02d7
02260246025e026e
013d016d01be01e6
00ed00fd0115012d
010d010d00f500e5
010d012501150105
00dd00c500cd00dd
00bd00cd00e500dd
006c009d00b500ad
006c005c0074006c
002c005c008d007c
003c0024001c001c
ffe4000c0014003c
003c00040004fff4
feebff8c0044007c
ffd400cd009dff6b
002c005cff84ff43
ff63ff0bff2bff5b
004c00640014ffa4
010d00b5006c004c
01d6017d01450155
01a601a60196018e
019e01a601a601a6
01ae019e01a601a6
01a601a601a601a6
018e018e01960196
021e01ee01c601ae
028f026e025e023e
02df02d702c702af
02e702ef02ef02e7
02ef02ef02ef02ef
02e702ef02ef02ef
028f02a702b702d7
020e023e025e0276
0115014d019e01de
010d010d0115012d
01350135011d011d
0125012d010d011d
010d010500f50105
00e500e500ed00fd
009d00c500d500d5
006c007c006c0095
008500a500ad006c
006c006400540064
fffc000400340064
ffbcffccffd4fff4
ffcc007c0044ffcc
009500adff7bfeeb
0044ffa4ff43ff8c
ff43ff13ff43ffdc
006c002cfff4ffa4
00d50095005c0054
01b601750155013d
01a601a601a60196
01a601a601a601ae
01ae019e01a601ae
019e01ae01ae01ae
0196018601960196
022601f601d601b6
029f0276025e023e
02e702df02c702b7
02ef02ef02ef02e7
02ef02ef02ef02ef
02e702ef02ef02ef
028f02a702bf02d7
02060236025e027e
00e5013501b601de
012d0125010d0115
01350145013d0135
011501450125010d
0125011d010d00fd
00ed00e500e500fd
00c500dd00dd00dd
00a500cd00c500c5
00ad00bd00ad00a5
00740074009d00a5
0014001c00440064
ff94ffbcffd4ffdc
004cffdcff84ff8c
00adffccff1bffec
ffbcff43ffb40044
fef3ff2bff430034
003c003cfffcff8c
00bd0074002c0034
015d016d013d010d
01ae01a601a60196
01a601ae01b601ae
01b601b601ae01b6
01a601ae01b601b6
01a6018e01960196
022e01fe01de01be
029f02870266023e
02e702df02cf02bf
02ef02ef02ef02ef
02ef02f702f702ef
02ef02f702ef02ef
028f02a702bf02d7
01ee021e02560276
0125011d01a601ce
01450145011d011d
01450145013d0145
012d0145013d0135
0115011d0115011d
010500f500fd0105
00dd00ed00ed00ed
00dd00ed00e500dd
00bd00c500b500c5
0085009500a500ad
00140024003c0064
ff94ffb4ffb4ffe4
ffe4ff8cff6bff6b
0044ff73fffc0044
ff84ff7bffec00b5
fefbff1bffc40014
002c002cfffcff0b
007c003c000c002c
017d0155012500c5
01ae01ae01a60196
01ae01ae01b601ae
01b601b601ae01b6
01a601ae01b601b6
01a6018e01960196
022e020e01e601c6
02a702870266023e
02e702df02cf02bf
02ef02ef02ef02ef
02f702f702f702ef
02e702ef02f702f7
029702a702bf02d7
01de0206024e0276
011500fd015501ae
0145014d013d0125
01550145011d0135
012d01250155015d
0125012d0135012d
011d010d011d0115
00fd010d010d0125
00e500fd00f500f5
00cd00b500c500cd
008d0085008d00bd
003c00340044006c
ffdcfffc0004001c
ffd4ffacffe4ffd4
001cfffc003cffd4
ff53ff63006c0085
ff1bff43005cffb4
001c000cff5bfed3
0044fffc001c0024
0175012d00f5007c
01b601ae01ae01ae
01b601b601b601ae
01b601ae01b601b6
01a601ae01b601b6
01ae01960196019e
0236021601ee01c6
02af028f026e0256
02ef02e702d702c7
02f702ef02ef02ef
02f702f702f702f7
02d702e702ef02f7
029f02af02b702cf
01ae01e60246027e
01250135016d0175
013d013d012d0135
0155015d01450135
012d012d015d015d
0125013501450145
011d011d011d012d
0105012501250125
00e50105010d0105
00d500c500bd00c5
0095007c009d00c5
0044005c005c006c
ffb4ffe400040014
ffe4fffcffa4ff8c
000c0024fffcffd4
ff0bffac00a50024
ff1bffc4fffcff7b
0044ffb4fee3ff23
0004ffec004c0014
0115011d00b50074
01b601ae01ae01a6
01be01be01b601ae
01b601ae01b601be
01a601b601b601b6
01b601960196019e
023e021e01f601ce
02b7029702760256
02ef02e702df02c7
02f702f702ef02ef
02f702f702f702f7
02df02e702f702f7
029f02af02bf02cf
016501b602360276
01250125015d0186
014d014d012d0115
0155015d0165014d
0125012d013d014d
01250125013d0135
011d0135013d0135
011501250125011d
00fd0115012d011d
00f500e500e500ed
009d008d00c500d5
0024003c0064007c
ffdcfff40014000c
ff7bff1bff4bffbc
00340034ffc4ff33
ff13fff4005c0024
ff43000cffb4ff3b
000cff33ff0bff4b
ffb40044fff4fff4
012500d5009d003c
01ae01a6019e019e
01be01be01b601ae
01be01b601b601be
01a601b601b601be
01be019e019e019e
024e022601fe01d6
02b7029f027e025e
02ef02e702df02cf
02f702f702f702ef
02f702f702f702f7
02df02f702f702f7
029f02b702c702cf
016d01b6021e0276
013d013d0145016d
015d016d01550135
0155014d0155014d
0125011501350145
012d012d01450115
011d012d014d014d
01250125013d0135
0105012501350125
010d00f500fd00f5
008d00a500dd00f5
001c003c0054006c
ffc4ffec002c001c
ff03ff8cffecffc4
005cffa4fee3ff43
ff4300540034003c
ff63ffacff6bfedb
ff8cfef3ff4bff33
00240014ffa4000c
00fd009d007cffcc
019e019e01960196
01b601be01ae01a6
01be01b601be01be
01a601ae01b601be
01be01a6019e019e
024e022e020601de
02bf02a702870266
02ef02e702df02d7
02f702f702f702ef
02ff02ff02f702f7
02e702f702ff02ff
029f02bf02cf02d7
015d01a601f60256
013d014d01450145
0165016d0145012d
013d013d0125013d
014d014d0145013d
012d0135014d0135
0115012d013d0145
012d012501350125
00fd0125011d0125
010500fd00f500ed
007c00ad00d500f5
003c0054005c005c
fff4002c0044002c
ffccfffcffd4ffcc
ffbcfeebff23ff0b
ff43008dfffc006c
ff6bff7bfeebfebb
ff43ff0bff5bff2b
0085ff9cffbc0014
00c5008dfffcffc4
0196018e018e0186
01b601b601a6019e
01be01b601be01be
01a601ae01be01be
01be01a60196019e
02560236020e01e6
02c702af028f026e
02f702ef02e702d7
02f702f702f702f7
02ff02ff02ff02f7
02ef02ff02ff02ff
029702bf02cf02df
0115017501a60226
0135013d013d011d
014d01550155014d
0145014d013d013d
01250145014d0145
014d012501350135
0125012d012d0145
0125012501050115
010d010500ed0105
00dd00e500f50105
008500b500b500d5
0044005c00640064
003400440044003c
ffa4ff73ff8cffbc
feebff53ff73ffd4
ff9c0064ffec0024
ff73ff3bfeb3febb
ff2bff03ff53ff33
fff4ff630014ffdc
00bd003cff9c005c
01860186017d0175
01b601ae01a60196
01c601b601be01be
01a601ae01be01be
01ce01ae019e019e
025e023e021601ee
02c702af02970276
02f702f702ef02df
02f702f702ff02ff
02ff02ff02ff02f7
02f702ff02ff02ff
027602bf02cf02e7
0115018e01a601ee
015d01450135011d
014d015d015d0155
0145014d014d0145
0145014d01550145
014d011d010d0135
0145012d01350145
00f50125012d014d
00ed00d500e500ed
00d500ed010d0105
007c00a500a500bd
005c006c005c0064
00950064005c004c
ff73ffa4ffbc005c
ff0bffccffe4ff84
ffcc00040014ff6b
ff63fed3fe93fea3
fefbff3bff43ff43
ff5bffa40024ff73
00b5ffdcffdc009d
017d017d0175016d
01ae01ae019e0186
01c601b601be01b6
01a601ae01be01c6
01d601be019e019e
02660246021e01f6
02cf02b7029f027e
02f702f702ef02df
02ff02ff02ff02ff
02ff02ff02ff02ff
02ff02ff03070307
024602b702d702ef
0105016d017d01d6
014d01350135012d
015d015d015d0145
012d014501550165
015d014d0145012d
013d01350135014d
0145013d014d0155
00f5011501350145
00f500f500f500fd
00d500f500e500e5
00740095009d00ad
005c00640064005c
0034000c0014003c
ffbcffec009d00a5
ff9cffbcff9cff73
ffd4fff4ffb4ff2b
fefbfeabfeabfecb
fedbff63ff1bff73
ff03fffc0014ff0b
0034ff9c003c0054
017d01750165015d
01ae01a6019e0196
01c601b601be01b6
01a601ae01be01c6
01de01c601a6019e
0276024e02260206
02d702bf02a70287
02ef02f702ef02e7
02ff02ff02ff02f7
02ff02ff02ff02ff
02ff02ff03070307
023e02bf02df02ef
01050135016d01ae
012d012d011d011d
015d013d01450135
013d013d014d0155
0145013d01450135
014501250115012d
013d013d0145014d
010d0105011d0125
00e500ed00e500fd
00d500fd00dd00cd
007c008d009500a5
00540064006c006c
002c001c0034004c
001c009d008d003c
ffb4ff84ff5bff9c
001cfffcff73ff73
fea3feabfeb3ff23
fee3ff73ff3bff3b
ff030034ffd4fef3
ff94ff3b009dffc4
017d0165015d0145
01ae01a6018e0186
01c601c601c601be
01a601ae01be01c6
01e601ce01ae019e
026e024e022e020e
02d702bf02a7028f
02f702f702ef02e7
02ff02ff02ff02ff
02ff02ff02ff02ff
02f702ff03070307
021602c702df02ef
010d012501650175
01350135010d010d
015d014d013d0135
012d011d0125014d
013d013501350135
011d010d0105012d
013d0125011d0135
0115011501150125
00dd00e500dd00ed
00cd00f500ed00e5
0085008d009d00ad
006c006c00640074
00140044004c0054
004c0064002c003c
ff84ff73ff730024
0024ffb4ff53ffa4
feb3fed3fed3ff4b
ff13ff94ff53fef3
ffa4ffecff73ff13
ff03ff2b0024ff7b
01750165014d013d
01a601a6018e017d
01c601ce01c601be
01a601ae01be01c6
01ee01d601b6019e
02760256023e020e
02df02c702af0297
02ff02ff02f702ef
02ff02ff02ff02ff
0307030702ff02ff
02f7030703070307
01fe02bf02df02ef
00d500cd0145014d
012d012d010500ed
013d014501350135
0145011d01150135
01250135012d013d
01150115010d0115
011d01150115012d
00ed00fd00d500f5
00d500d500dd00d5
00ad00cd00ed00e5
008d009500ad00ad
008d008500740074
003c0054005c0074
0074004c0034fffc
ff84ff9cffcc000c
ffe4ffa4ffa4ffbc
fec3fedbff03ff73
ff5bff4bff43fed3
ff94000cff84ff13
ff2bff7bffdcffdc
016d015d0145012d
01ae019e018e018e
01c601c601be01b6
01a601ae01be01c6
01f601d601be01a6
027e025e02460216
02df02cf02b7029f
02ff02ff02f702ef
02ff02ff02ff02ff
03070307030702ff
02ff030703070307
0206029f02df02f7
00dd00a50105014d
012d013501150105
012d012d013d0125
013d0125012d013d
011d012501150125
013501250115011d
00fd00f500fd012d
00e500ed00e500dd
00e500e500e500dd
009500ad00c500ed
0095009d009d008d
00850095008d008d
009d007c00850085
0085003cffd40054
ffb4ffccffc4004c
ffccffacff94ff9c
fef3fef3ff2bff63
ff4bff03ff33fee3
ff63ffccff8cff84
ff63ffbcffd4ff94
016d0155013d0125
01b6019e01960186
01c601c601be01be
01ae01ae01be01c6
01fe01de01be01a6
028702660246021e
02e702d702bf029f
02ff02ff02ff02ef
02ff02ff02ff02ff
03070307030702ff
02ff0307030f030f
023602a702e702ef
00e500b500f5016d
0145014d013500fd
013501350135012d
012d013501350125
013501350125011d
0135012501250135
00f5010500fd0125
010500f500dd00ed
00f500ed010500f5
009500bd00d500ed
0095009d009d008d
0085009d00950095
00ad005c005c007c
0054ffec001400fd
ffbcff9c00340085
ff73ff4bfff4ffc4
ff1bff33ff3bff3b
ff1bfeb3ff2bff2b
ff8cff8cff5bff73
ffdcffd4ffc4ff63
016d01550135011d
01b6019e01960186
01ce01ce01c601be
01a601ae01be01c6
020601e601c601a6
028f026e0256022e
02ef02d702bf02a7
02ff02ff02ff02f7
02ff0307030702ff
030f030703070307
02ff0307030f030f
024602b702d702ef
00d500dd00cd016d
0115011d011500e5
013d012d011d0125
0125013501350135
012d013501250125
011500fd010d011d
010d010500f5011d
00fd00fd00f500fd
00e500e500f500fd
008500bd00c500e5
009d008d0095008d
0085008d00950095
00540064007c0085
0034ffc400b500dd
ff7bfff400740044
ff13ff430064ffcc
ff33ff33ff33ff43
fed3fef3ff4bff63
ffb4ff94ff84ff43
ffa4ffb4ffb4ffa4
0175014d012d0115
01b601a601960186
01ce01ce01ce01c6
019e01a601be01c6
020e01ee01c601ae
02970276025e0236
02ef02d702c702af
02ff030702ff02f7
02ff0307030702ff
030f030703070307
02ff0307030f030f
025e02af02c702e7
00bd00ed00dd01a6
010500f500f500d5
0135011501150115
00fd010d011d0135
00ed010500f500fd
00e500ed00f500e5
00f500e500e5010d
00e500dd00ed00e5
00c500dd00d500ed
009500b500bd00dd
00a5009d00a5009d
007c0074006c007c
006c0074006c006c
ffe400340115007c
ff9c004c0024001c
fef3ff940024ff7b
ff0bff1bff63ff3b
ff13ff63ff7bff73
ffd4ffd4ffa4ff13
0024ffa4ff7bffdc
0175015d013d011d
01be01ae0196018e
01d601d601ce01c6
01a601a601b601c6
021601f601ce01b6
02970276025e023e
02ef02df02cf02b7
02ff030702ff02f7
03070307030702ff
030f030703070307
02ff0307030f030f
027602a702c702df
00b500dd00e50196
00ed00e500f500cd
00f500ed00ed00ed
00dd00e500dd00ed
00fd00fd00e500d5
011500fd00ed00ed
00e501050115011d
0085009d00c500cd
00cd00cd00d500b5
009500a500b500c5
009d009d00a500a5
0064006c006c008d
00740074006c0044
ffdc00dd00e50085
ffccfff4000c000c
ff0bffc4ff6bff6b
ff13ff23ff63ff03
ff53ff6bff43ff23
ffccffdcff7bff1b
003cff7bffb4ffdc
0175015d013d011d
01be01ae019e018e
01d601d601d601ce
01a601a601b601c6
022601fe01d601b6
029f027e02660246
02f702e702cf02bf
02ff02ff02ff02ff
03070307030702ff
0307030703070307
02f70307030f030f
025e02b702c702e7
00ed00ed00dd0155
011d0115011d0115
00f501050115010d
0115012d011d010d
0145012d011d010d
011d0115011d0125
011d0125013d0125
00d500f5010d011d
00d5009d009d00c5
007c0064008d00c5
008d0095008d0085
006c0074007c008d
008500a5006c0054
006c00ed00bd007c
ffc4ffe4ffe4ffe4
ff43ffa4ff3bffb4
ff43ff4bff3bfee3
ff6bff2bff1bff33
0024ffecff8cff7b
ffbcffbc0024ffcc
017d016501450125
01c601b6019e0196
01de01de01de01d6
01ae01ae01be01ce
022e020601de01c6
02a702870266024e
02f702e702d702bf
02ff02ff02ff02ff
0307030703070307
02ff02f703070307
02f702ff030f030f
0206028f02c702e7
00fd010d00ed0115
0105010d010d00fd
0125011d011500fd
010500f5010d0125
012500fd0105010d
010d0105011d012d
0125012d012d011d
010d010500fd0115
00a500bd00ed010d
005c004c009d00ad
009d008d006c006c
0064007400950095
00cd007c005c005c
00dd00e500b5009d
ffbcffacffcc0024
ff73ff3bff94fffc
ff53ff6bff13ff03
ff3bff4bff33ff84
0074ffccffccffa4
ffc4006400040034
0186016d014d012d
01c601be01a6019e
01d601de01de01d6
01b601b601be01c6
0236020601e601c6
02af028f026e0256
02f702ef02df02c7
02ff0307030702ff
0307030703070307
02ff02ff03070307
02ef02f703070307
01ce025e02bf02e7
011d011500ed00fd
00f500f5011d010d
01150115010500f5
010500ed00e50105
0115011501350125
011d011d012d012d
0115011d01150125
00fd010500fd0105
00d500dd00d500e5
005c006c009500b5
00850085007c006c
00540074007c0085
00b5007400540044
00e500dd00dd00e5
ffbcff8c000c0095
ff3bff4b0004ffcc
ff6bff84ff2bff13
ff7bff4bff7bff73
00a5ffd4ffdcff7b
0004006c003400bd
018e017501550135
01c601be01ae019e
01d601de01de01d6
01be01ae01b601c6
023e020e01ee01ce
02b7028f0276025e
02f702ef02df02cf
0307030703070307
0307030703070307
02f702ff03070307
02e702ef02ff02f7
01ae022e02af02df
012d012500f500fd
010d0115012d0125
0115011d010d010d
011d010500f50105
0155013d01550145
013d0145013d013d
0125011501250135
00ed0105010d011d
00d500cd00c500e5
00740074009500c5
005c0064006c0064
0054006c0074006c
00b500740044003c
00dd00d5010d00d5
ff6bffbc006c00c5
fefbffc4fffcffbc
ff53ff63ff33ff1b
ff8cff84ff94ff63
0014ffe4ffa4ffc4
003c005c00a500d5
0196017d015d013d
01ce01c601b601a6
01d601de01de01de
01be01ae01b601c6
023e021601f601d6
02b70297027e0266
02ff02f702df02cf
030702ff03070307
0307030703070307
02f702f70307030f
02df02ef02ff02f7
017d0226027e02cf
0125012500f500dd
010d012d0135012d
00dd00fd00fd0105
0145011500dd00d5
013501450155014d
0105011d010d012d
012d012501150115
00ed00ed00f50125
00cd00ed010500fd
009500a500a5009d
0064007c006c0074
004c005c006c006c
00a5005c00440034
00ed011500ed00ad
ff5b000c009500e5
ff2b000cffccffa4
ff33ff5bff53ff4b
ff9cff8cff63ff63
ffa4ffccffbcffbc
007c00bd00dd006c
0196018601650145
01d601c601be01ae
01ce01d601de01de
01c601b601b601c6
0246022601fe01de
02bf029f027e026e
02ff02f702e702d7
0307030703070307
0307030703070307
02f702f703070307
02cf02e702f702ef
013d0216025e02b7
012d010d00f500cd
013d014501450135
011d01050105011d
0145014501250115
01350135013d014d
00d500dd010d0135
0105010d010500fd
00f500ed00f500f5
00dd0105010500f5
008d009500a500a5
00640095008d0074
003c004c005c0054
0074003c0034002c
0115011d00ad00ad
ffac003c009d00c5
ffb4ffecffdcff6b
ff7bff84ff9cff53
ff7bff5bffb4ff53
ffc4ffd4ffb4ffdc
008500a5011d0034
019e018e016d014d
01d601ce01c601b6
01ce01d601de01de
01ce01b601b601c6
0256022e020601e6
02c702a702870276
02ff02f702e702df
030f030703070307
0307030703070307
02ef02f703070307
02c702df02ef02e7
00e501ee025e02a7
011d00dd00d500c5
015d0145013d013d
012d012d013d014d
014d0145013d0135
0125012d01350145
00f500dd00f5011d
010500fd00f50115
00f500fd00ed00e5
00f5010d010d00f5
008d008d009d00cd
004c006c007c007c
002400440044002c
006c00340034002c
010d00e5008500d5
0014007400b500cd
ffecffbcffdcff7b
ff9cffacffb4ff6b
ff53ffa4ffb4ff63
ffdcff7bffbcff8c
008d00bd010d000c
019e019601750155
01de01d601c601b6
01ce01d601de01de
01d601be01b601be
02560236020601e6
02c702af028f026e
02ff02f702ef02df
030f030703070307
0307030703070307
02ef02f703070307
02bf02d702e702e7
00e501ae025e0297
010d00e500d500ed
015d015501350125
011d010d01250145
01350145013d013d
010d011501250145
00e500e500fd00fd
00c500b500bd00e5
00ed00e500dd00d5
00dd00ed010500f5
007c008d00ad00c5
0064006c00740074
0014003400240034
005c0034002c000c
00f500ad00b500dd
002c00bd009d00d5
ffacffbcffb4fffc
ff9cffbcff7bff84
ff2bffb4ff9cff73
ffbcffb4ffbcff13
00b50125006c002c
01a60196017d0165
01de01d601ce01be
01ce01d601de01de
01de01be01b601be
025e023e020e01ee
02cf02b702970276
02ff02ff02ef02df
030f030f03070307
0307030703070307
02e702f703070307
02b702cf02df02df
00ed0165024e028f
00f500ed00dd00f5
014501450125010d
00f500e500f50125
0115012d0135012d
00bd00e500fd011d
008d009d00bd00b5
00ad0064006c006c
00d500bd009d00d5
00e500d500c500d5
0054008500ad00cd
00540054005c006c
0014002c0024004c
004c002c001c001c
00dd008500bd00bd
006c0095009500e5
ff8cffd4ffd40024
ffd4ffbcff7bffb4
ff63ffa4ff7bff84
ffecffecff33fee3
011d00dd005c0014
01b6019e01860165
01de01d601ce01c6
01ce01d601de01de
01de01c601b601be
0266023e021e01f6
02cf02b7029f027e
030702ff02f702e7
0307030703070307
0307030f03070307
02e702f703070307
02af02bf02c702d7
0105012d021e028f
00ed00fd010d00e5
012d0135011d00fd
00fd00f500ed010d
01050115011500fd
0054007c00bd00f5
fffc00240054005c
0044fff4fff4ffdc
00bd00a500ad00b5
00a5009d00bd00ad
004c008500a500a5
003c00440044002c
0034003c00340044
00340034002c002c
00ad009500d5008d
0095008d00a500ed
ffc4ffc4ffec0024
000cffa4ffb4ff8c
ffdcffbcff53ff9c
000cff4bfedbff4b
00f500bd0044fff4
01be019e0186016d
01de01de01d601ce
01ce01d601e601e6
01e601c601b601be
02660246022601fe
02d702bf029f027e
0307030702f702e7
0307030703070307
0307030f03070307
02e702f703070307
02a702b702bf02d7
00bd010501de0287
00cd00d500ed00bd
010d012500fd00dd
011500f500fd0105
00fd010d00f500f5
ffd40014006c00ad
ff63ff9cffc4ffbc
ff8cff94ff4bff43
0054005c005cffc4
004c007c00a5006c
0054007400740064
003c0044001c0004
003c00440034003c
005c0054003c002c
009d00b500dd008d
0085006c00b500f5
ff94ff94fff40054
ffd4ffbcff9cff84
fff4ff5bff53fffc
ff5bff03ff33ffd4
00f500a5fffc000c
01be01a6018e0175
01de01de01d601ce
01c601d601de01de
01e601ce01b601be
0266024e022e0206
02d702c702a70287
0307030702f702e7
0307030703070307
030f030f030f030f
02df02f703070307
029702af02bf02cf
008d007400d5020e
0074008d009d00a5
00e500f500cd00b5
00fd00e500f500ed
00c500dd00e500e5
ff53ffd4003c005c
ff2bff4bff63ff53
ff3bff33fef3ff03
fff4ffccffccff7b
005c007400540024
005400640064005c
0044002c00040004
003c003c003c0034
005c005c0064002c
00bd00d500d50095
006c006c00ed00f5
ff5bffdc0044008d
ffd4ffbcff5bff4b
ff6bff43fffc0024
ff43ff8cfff4fff4
00bd00640004ff94
01c601a601960175
01de01de01d601ce
01c601d601de01e6
01ee01d601be01be
026e02560236020e
02d702c702a7028f
0307030702ff02ef
0307030703070307
030f030f030f030f
02df02f703070307
027e02a702bf02c7
0024001c005c0175
fff4002400440034
00b5009d006c003c
00d500cd00dd00d5
0074009500b500c5
ff3bff7bffdc0014
ff1bff0bff0bff23
ff63ff4bff13ff23
ffb4ff84ff84ff84
001cfffcfffcffdc
002400240044003c
002c001cfffc001c
003c003c003c0024
005c00440064003c
009500ad00fd00cd
006c00b500e500dd
ff7b0044007c008d
ffacff33feebff0b
ff2bff8c00240014
ff840024000cff4b
0024ffc4ff84ff4b
01be01ae01960175
01de01de01d601ce
01ce01d601de01de
01f601d601c601be
02760266023e0216
02df02cf02af0297
030f030702ff02f7
0307030f030f030f
030f030f030f030f
02d702ef0307030f
028702a702bf02c7
ffcc001400540186
ffb4ffb4ffacffac
0064002cffecffbc
00ed00e500dd00bd
003c007c009d00bd
ff53ff73ffa4ffe4
ff84ff63ff43ff3b
fffcffe4ffbcffa4
ffe4ffdcffe4fffc
fff4ffd4ffbcffcc
0014fff4ffe40004
0014fffcffec001c
0044002c00240014
007c003c00540044
006c0095010500f5
007c00d500b500cd
ffbc0004005c007c
febbfe7afe52febb
ff53ffdc0004ff63
ff2bfff4ff73ff0b
0054ff73ff3bfefb
01c601b60196017d
01e601e601de01d6
01c601d601de01e6
01fe01d601c601be
027e02660246021e
02e702cf02b7029f
0307030702ff02f7
030f030f030f030f
030f030f030f030f
02df02ef02ff030f
02160256029f02d7
ffacffdc002c014d
ff8cff8cff84ff8c
ffdcffb4ffacff8c
00d500d500c5005c
0004004c006c00a5
ff5bff53ff6bffb4
0004ffdcff8cff5b
0085007400540034
000c002c0054005c
ffccffd4ffd4fffc
fffcffdcffdcffec
000cfff4fffc001c
002c000cfff40004
009d004c0044004c
005c007c00cd00e5
009d00bd008500ad
ff3bffd4006c003c
fdf2fdb2fda2fe6a
ff7b0004ff8cfe72
ff13ff23fef3ff0b
002cff5bff13ff1b
01ce01b6019e017d
01e601e601de01d6
01c601ce01d601e6
020601de01c601b6
0287026e024e0226
02e702d702bf029f
030f030702ff02f7
030f030f030f030f
030f030f030f030f
026e02e70307030f
0165016d01250186
ffcc000c006c0105
ffec000cfffcffdc
ffbcff8cff23ff7b
008d00850054ffdc
ff84ff8c0024006c
ff53ff94ff8cff8c
0034ffb4ff43ff23
00a500bd0085006c
0024004c006c008d
ffc4ffdcfff4001c
00040014fffcffdc
0004ffecffecfffc
004c0014ffe40004
00ad004c004c004c
002c0054007c00b5
0085008d00740054
fef3002c0074003c
fe02fde2fddafe93
ff94ffccfedbfdf2
ffb4ff8cff53ff3b
ffc4ff7bffc4ffcc
01ce01b6019e0186
01e601e601de01d6
01c601ce01de01e6
020e01e601ce01be
028f02760256022e
02ef02d702bf02a7
030f0307030702ff
030f030f030f030f
030f030f030f030f
0054020602ff030f
02e7025601650074
fffc00fd021e02f7
006c007400540024
ff53feb3ff4b0034
004c005c000cff94
ff7bff1bff63003c
ffb4ffacffc4ffac
00340014ffe4ffe4
00a500a5005c003c
0034004c005c0095
ffd4ffdcfff40024
ffecffecffd4ffcc
0004fff4ffe4fff4
00440024ffec0004
0074003c00240034
00140034000c0034
007c008d00b5005c
ffbc0044ffec000c
fea3fe52fe7afeb3
ff84ff5bfeabfe5a
fff4ffd4ffbcff84
ff63001400340014
01d601be019e0186
01ee01e601de01de
01c601ce01de01e6
020e01ee01d601c6
0297027e0256022e
02ef02df02c702af
0307030703070307
030f030f030f030f
0307030f0317030f
fff4002c02b702ff
02ff026e01b600f5
fff400cd022e02c7
007c0074006c0034
febbfefbfffc004c
00850085fff4ff84
ff9cff8cff1b0034
ffccffacff94ff9c
004c002cfff40024
006c00b5008d004c
00040024006c006c
0004ffdcffe4000c
ffd4ffc4ffe4ffec
fffcfff4ffecfff4
002c002cfffcfff4
ffdcfff4ffe4fffc
00640085002c0014
004c000c00740074
00140024ff94ffd4
ff1bfea3feabff13
ff94ff5bff13fecb
ff94ff2bff4bff94
fffc003cffecffb4
01d601be01a60186
01ee01e601e601de
01c601ce01de01e6
021601f601de01c6
02970276025e023e
02f702e702cf02af
030f030f03070307
030f030f030f030f
030f0317031f0317
ff63ff03026602ff
01450115012d00a5
001cffd4ffa4009d
004c004400540024
fe72ff94000c0034
00a500a5ffccff33
ff84ff73ff230044
ff9cff840004001c
0064000cffacffe4
004400a500a5006c
ff9c003c00540034
0014fffcffdcffd4
ffc4ffccfffc000c
ffd4ffecffecffec
ffd4ffe4fffcffcc
002c00850064fffc
002c003c0034003c
004c001c007c003c
004cffdcff630034
ff1bfed3fedbffac
ff7bff5bff2bff1b
ff23fefbff23ff63
00cd002cff84ff5b
01d601c601ae0196
01ee01ee01e601de
01c601ce01d601de
022601fe01de01ce
029f027e02660246
02ff02ef02d702b7
030f030f03070307
030f030f030f030f
0317031f031f0317
fe9bfefb018e02d7
004cff23fed3feab
0115021e01fe013d
001c005c004c002c
fe62ffb4fffcfff4
001c007cffecff2b
ff5bff3bff03ff73
ffac000c009d000c
0044ffecff94ffc4
00640074007c0064
ff7b0014005c0074
0014fffcffccff73
ffacffccffe4000c
ffccffb4ffbcffcc
fff4fffcfff4ffd4
ffbc000c00540034
005c004c0024ffdc
007c007400c50064
0024ffa4ffa4005c
ff23fefbff4bfffc
ff13ff33ff5bff63
ff33ff23ff33ff3b
00dd0014ff8cff53
01d601c601ae0196
01ee01ee01e601de
01c601ce01de01e6
022601fe01e601d6
02a70287026e0246
02ff02ef02d702bf
030f030f030f0307
030f030f030f030f
02d7031f03170317
fe12fe4aff1300c5
029f019e007cff03
016502af02e702ef
fff40024004c0054
fecb001c00240014
fffc002cff9cfee3
ff5bff23fef3ff73
ffe4000c0004ffbc
003cffb4ffc4002c
0064004400540044
ffb400140074008d
fff4ffccff8cff0b
ffb4ffb4ff9cffc4
0054003c000cffdc
ffe400040034004c
ffe4ffdcffb4ffd4
005c004c005c0014
00a5009500c50085
ffe4ffd4001c005c
ff33ff23ff84ffb4
fefbfeebff5bff6b
ff13ff33ff53ff5b
00c50014ffbcff33
01d601c601ae019e
01e601ee01e601e6
01c601ce01d601de
0226020601e601d6
02a702870276024e
02ff02ef02d702c7
030f030f030f0307
0317031703170317
02d7031f03170317
fdfafea3ffec00e5
02b701fe0145ffcc
01a602cf02ff02ff
ffe4ffecffec008d
ff0b004c0004ffbc
008d00ad0014feab
ff3bfefbff2b0014
fff4ffdcfffcffbc
0014ff9c00040054
0095006c006c0064
ffd4fff40054008d
0004ff94ffccff94
00140014007c00bd
00640074004c0024
fff400040024003c
0024000cffdcffe4
00740074005c0004
00dd00c500bd0085
001400440034008d
ff33ff3bff6bff94
ff23fee3fefbff43
ff0bff3bff63ff73
00b50024ffa4ff1b
01d601c601ae0196
01ee01ee01ee01e6
01c601ce01d601d6
0236020e01ee01de
02af0297027e0256
030702f702df02c7
0317030f030f030f
0317031703170317
030f031703170317
fdd2ff1b024e02e7
029701d6014dff63
01a602f7030f02ff
ff3bff7bffc4006c
feabff4bff1bfeeb
00dd00fd00adfea3
fe7afe62ff3b0054
000cffecffc4ff23
ffbcffe400440064
00fd00640014fff4
fff4fffc00850105
0014ffa40044ffe4
ffe4ffe4003400ad
0064005c002cffec
fffc000c003c0054
001c0004ffecffec
009d007c005cfffc
00f500fd00b50085
004c0095003c009d
ff3bff53ff7bffac
ff63fecbfe93ff23
ff03ff53ff9cffa4
00ad0024ff84ff0b
01de01d601be01a6
01ee01ee01ee01e6
01ce01be01c601d6
023e021e01f601de
02af0297027e0266
030702f702e702cf
0317030f030f030f
031703170317030f
030f03170317030f
fdcaff7302a70307
027601c6013dfed3
018602cf02ef02ef
ff53ff94ffdc0064
fe9bff3bfed3fee3
00f5010d00f5ff0b
fdeafe12ff330064
000cffccff13fe4a
ffc4000c004c0054
ffc4ff53ff63ff8c
ffb4ffa4ffccffec
ffecffe4ffdcff73
0004ffc4ffa4ffcc
0064005c004c0024
000c001c0024004c
0014fffc00040004
009d0064004c0004
00fd00e50095009d
002400ad007400b5
ff23ff33ff73ff84
ff7bff13feabfefb
ff0bff63ff9cff9c
00bd0024ff7bff03
01de01d601be01a6
01e601ee01ee01ee
01ce01c601c601d6
0246022601fe01e6
02b7029f027e0266
030702ff02e702cf
0317030f030f030f
0317031703170317
03070317031f0317
fdc2009502ff02ff
024e01be00d5fe32
0165028702df02e7
ffcc00240044008d
fedbffbcffa4ff8c
011501350105ffbc
fdeafe3aff6b0085
ffd4ffa4feb3fdf2
0014000cfffcffec
ff73ff5bff7bffdc
ffbcff94ff84ff73
fffcfff4fffcffcc
0014ffd4ffacffcc
0044006c0085004c
0024002c00240034
001c001400340034
00b5007c004c002c
00e5008500b500c5
000400a500ed00d5
ff13ff33ff4bff73
ff73ff53fee3fe9b
ff13ff73ff8cff8c
00c50034ffa4ff23
01e601d601be019e
01e601ee01ee01ee
01ce01c601ce01de
024e022e01fe01e6
02bf02a702870266
030702ff02ef02d7
031703170317030f
0317031703170317
0317031703270327
fe1a01750317030f
023601be001cfdca
0175025602d702df
000c0044007c00b5
ff33fff4fffc0004
0105012d012d0064
fe5afe93ffcc009d
ffdcff8cfeabfe72
0024fffcffecffcc
ff84ffb4fffc0044
ffe4ffacff7bff84
003400540024fffc
0074003cffecffe4
006400850095009d
003c003c0044003c
fffc001c0034003c
00a5009d00540004
010d00bd00c500c5
fff4009501250105
febbff23ff53ff6b
ff4bff03fe83fe1a
ff0bff63ff9cff9c
00dd004cffecff5b
01e601d601c601a6
01e601ee01f601ee
01d601c601d601de
024e022e020601ee
02c702af028f026e
030f030702f702df
0317031703170317
0317031703170317
03170317031f0327
feeb028f031f0317
02260196ff53fd92
017d026602d702d7
0054006c00a500cd
ff5b005c00850064
00f501250135008d
fea3fee3000400ad
fffcff94ff03fefb
000c001c0014fff4
ffe4002c005c0054
0024000cffdcffd4
000c005cfffc0004
00bd00850034fff4
006c007c009500c5
004c003c00440054
001c001c002c003c
00b500c5003c000c
00f500dd00ad00ad
0004009d01650125
fe72feebff53ff84
ff1bfea3fe32fe02
ff13ff6bffc4ff94
008d004c000cff84
01e601d601c601ae
01e601ee01f601ee
01de01ce01c601d6
02560236020e01f6
02cf02b702970276
030f030702f702df
0317031703170317
031f031703170317
031f031f031f031f
006c02f70317031f
02260135fe93fdd2
010d023602cf02d7
009d00a500cd00bd
ff73004400ed00dd
00e5013d011d00c5
fec3ff3b00240074
000cff9cff63ff5b
001c003c0044001c
007c00850074004c
0064005c005c006c
002c004cffe4000c
00b500ad008d004c
007c0085007c00a5
004c003c00540064
001c001c002c0044
00bd00cd00240014
00fd011d00dd00c5
fff4007c0165013d
fe4afebbff53ff8c
fee3fe6afe2afe1a
ff2bff7bffccff8c
ffb40054000cffa4
01e601d601c601ae
01e601ee01f601ee
01de01ce01c601d6
025e023e021601f6
02d702bf029f0276
030f030702f702e7
0317031703170317
031f031f03170317
031f031f031f031f
01f6031703170317
020e00b5fe42feeb
00ed01be02b702cf
00bd00b500cd00cd
0024004400bd00bd
00d501350125010d
fee3ffac003c006c
0004ffbcff6bff3b
005c006c0054002c
00ed00dd00b50074
0095008d00ad00f5
009d0064ffcc002c
00bd00c500d500b5
008d006c00240074
0044004c006c007c
0024002c002c0044
00cd00b50024001c
012d017500fd00b5
fff4005401750186
fe4afe9bff7bffac
fec3fe6afe52fe42
ff43ff94ffccff84
fef3001c003cffcc
01ee01de01ce01b6
01e601ee01f601f6
01e601ce01c601d6
02660246021e01fe
02d702bf02a7027e
030f030702ff02e7
031f031703170317
0317031703170317
031f031f031f031f
02df03170317031f
02060064fe5a004c
00f5016502b702d7
00c500dd00d500d5
0085ffe400bd00c5
00bd011d01250125
ff3bffec0034005c
0024fff4ff84fef3
00950085005c0044
00ed00dd009d0085
00ad00c500f500fd
00dd00a5ffd4002c
00bd00d500ed00ed
0064005c005c007c
003c0064006c007c
002c003c004c004c
00dd00b500440024
019e0186012d00d5
00140064015d01b6
fe2afe72ff73ffbc
fecbfe83fe83fe42
ff6bff94ffdcff94
ff03ff5b0044fff4
01ee01e601d601b6
01e601ee01f601fe
01ee01d601ce01ce
0276024e02260206
02df02c702af0287
0317030f02ff02ef
031f031703170317
031f031f031f0317
031f031f031f031f
03170317031f031f
01fe006cff73021e
00dd00fd027602d7
00cd00dd00dd00d5
00b5fff4009500d5
009500ed01150125
ff9c00040044005c
0034000cff63ff13
0095009500740044
00cd00bd00bd009d
00bd00d500ed00dd
00e500d5001c003c
00c500d500d500ed
006c007c008d0095
0044005400640074
002c0034005c0054
010500c5006c0044
01b60186012d011d
0024007c013d01a6
fe0afe42ff5bffbc
fef3fe8bfe83fe32
ffa4ff73ffdcffb4
ff33ff03fff40054
01ee01e601d601be
01de01ee01f601fe
01ee01de01ce01ce
027e0256022e020e
02df02cf02b7028f
030f030f02ff02f7
031f031703170317
031f031f031f031f
032703270327031f
0307030f031f0327
01e6008d01be02ff
00cd00b501fe02b7
00c500cd00e50105
00e5002c003400e5
008d00cd010d0125
ffec001c0054006c
0024ffb4ff43ff8c
009500bd00950054
00cd00dd00cd00bd
00bd00e500e500d5
00d500e5008d001c
00bd00ad00ad00e5
0085008500850095
0044005c0074007c
0034003c004c005c
012d00cd00b5005c
0196016d0155016d
001c009d016d01a6
fe12fe2aff1bff7b
ff43fe9bfe52fe2a
ffe4ff63ffb4ffc4
ffacff03ff84009d
01f601e601de01c6
01de01e601f601f6
01ee01de01ce01ce
026e02560236020e
02e702cf02b70297
0317030f030702f7
031f031703170317
031f031f0317031f
032703270327031f
0307030f0317031f
014d01ee02f70307
00bd006c014501d6
00d500e5011d012d
011500b500340085
009500d5011d0125
ffec00240054006c
ffacff43ff73ffb4
00bd00e500ad0044
00f500fd00ed00d5
008d00dd00dd00ed
00bd00c500c50054
009d0095009500cd
006c007c007c0085
0044005c006c005c
004c004c00540054
011500cd00ed005c
0196019e0196017d
fffc00d5018e01a6
fe0afe12fea3ff33
ffc4ff23fe72fe2a
002cff94ff84ffe4
0024ff2bff1b0054
01f601ee01de01c6
01d601de01f601f6
01f601e601d601ce
02760256023e0216
02ef02d702b70297
030702ff030702ff
031f031f031f0317
031f031f031f031f
031f031f031f0317
02ff0307030f0317
027e02e702f702ff
0034000c00cd01ae
003c00440085008d
010d00ed00640004
007400b50115011d
ffa4fffc003c004c
ff2bff33ff5bff63
00d500d5005cffac
00fd00fd00e500d5
00a50095009500cd
0095009d00b500b5
008d009d008d0095
006c0074006c0074
005c00640074006c
007c0054005c004c
011500d500f50085
01be01ae01c6019e
ffcc00dd018e01c6
fe7afe3afe22fe9b
ffccff94ff1bfebb
0074ffecff7bff9c
003cff53ff0bffc4
01f601f601de01ce
01d601de01f601fe
01fe01e601d601ce
027e025e023e021e
02ef02d702bf029f
03070307030702ff
031f031f031f0317
031f031f031f0317
0317031f031f031f
0307030f030f0317
02c702df02ef02ef
00340085024602bf
003c003c003c002c
010500dd00bd004c
006c00a500ed0105
ff33ff9c0004002c
ff1bff33ff33ff0b
0044000cffbcff43
007c00950074004c
00bd00ad0095009d
005c007c009500ad
00640074006c0054
005c005c00740064
00640064006c006c
004c006c00640054
013500c501150095
019e017501ce01b6
ff4300fd01b601f6
ff33fee3fe62fe2a
ff6bff84ff73ff5b
007c001cffd4ff63
003cff94ff2bff73
01fe01f601e601ce
01d601de01f601fe
020601e601d601ce
0287025e02460226
02ef02d702bf02a7
03070307030702ff
031f031703170317
031f031f031f0317
0317031f031f031f
02ff0307030f030f
02b702c702df02e7
009500cd027e02b7
00c500b500b500a5
011500dd00ed00e5
0074009d00ed010d
ff1bff5bffcc001c
ff3bff6bff7bff43
006c006cffecff2b
00ad008d006c005c
009d00c500c500bd
004c00540064006c
005c005c004c004c
005c004c007c006c
00640074006c0054
0074007c005c004c
016d00d500ed00a5
01960125019601b6
fee300f501be01fe
ff84ff63ff03fe83
ff53ff5bff8cff94
fffc0014000cffc4
0004ffd4ff5bff53
01fe01f601e601d6
01ce01de01f601fe
020e01ee01de01d6
028f0266024e022e
02f702df02c702a7
03170317030f02ff
031f03170317031f
031f031f031f031f
031703170317031f
02ef02ff0307030f
029f02af02cf02df
00cd00dd026e02af
0105010d010d00e5
011500fd00e500ed
0044008d011d011d
ff84ff63ffb40004
ff8cffcc000cffec
00ed00a5ffa4ff33
00d500cd00d500d5
008d00b500b500b5
004c0054006c007c
006c006c006c005c
00540044004c006c
005c0064005c004c
00540064004c0054
017d00fd00e500b5
01ce01650135018e
fedb00d501be0206
ff94ff73ff3bfedb
ffb4ff73ff9cffa4
ff84002c0024001c
ffccffecff8cff5b
01fe01f601ee01de
01ce01d601ee01fe
021601f601de01d6
028f026e02560236
02f702df02c702af
03170317030f0307
031f031f031f031f
031f031f031f031f
030703170317031f
02df02f702ff02ff
0297029f02bf02cf
00fd00f5023e0297
00fd012501350115
010500fd00ed00d5
0024007400e5011d
0004ffb4ffc4ffe4
ffb400040054003c
01050074ff2bff4b
0115011d01250115
009d00c500d500e5
0064006400740095
007c007c0085006c
006400540044006c
0054004c004c0054
0044003c004c003c
01750155011500cd
01e6019e012d014d
fee3008d01ce01e6
ffb4ff73ff3bff03
000cffb4ffacffac
ff730034005c0034
fffcffecffbcff73
020601fe01f601e6
01ce01ce01e601fe
021e01f601de01d6
02970276025e0236
02f702e702cf02af
03170317030f0307
031f031f031f0317
031f031f031f031f
02ff0307030f0317
02cf02e702ef02f7
027e028702af02bf
011500fd01f6027e
00f5012501150105
010d00e500cd00c5
0024005c00a500fd
003cffecffdcfffc
ffb4fff40024000c
00f50024fef3ff5b
0135013d013d0125
00d500fd010d0115
0064007c008d00b5
0085006c0064005c
004c004c00540074
003c0014001c004c
0054003c004c0034
01550175013d00f5
01d601c601750145
fee3005c01d60175
ffb4ff94ff6bff1b
002c0004ffd4ffb4
ff84ffd4005c002c
001cffd4ffd4ff8c
0206020601f601e6
01ce01d601ee01fe
022601fe01de01d6
029f027e02660246
02ff02ef02d702b7
03170317030f0307
031f031f031f031f
031f031f031f031f
02f702ff030f0317
02bf02cf02df02e7
0266026e029f02af
010d00fd01c60266
00fd012d010d00fd
00d500bd00c500bd
00240044006400a5
00440004ffd4fffc
ff94ffbcffdcfff4
00d5ffc4fec3ff2b
015d013d01250125
00ed011d0125013d
006c008d009d00c5
006c007c00740064
003c004c00640064
002400140024003c
0054002c00440034
013d015d00f500d5
016d01d6016d015d
feeb004c01be01ae
ffccffccff94ff33
002c002c0004ffcc
ffa4ffac000c0054
001cffdcffdcffa4
0206020e01f601ee
01ce01d601ee01fe
022e020601ee01d6
02a70287026e024e
02ff02ef02d702bf
03170317030f0307
031f031f031f031f
0317031f031f0317
02e702ef02ff0307
02a702b702c702d7
02460256027e0297
011500fd0196024e
00e5011d0135012d
008d0085009d009d
fffc0034005c007c
000cffdcffbcffcc
ff3bff6bff94ffd4
00b5ffb4fee3fee3
0135012d012d011d
00ed010d0125013d
006c009500a500d5
006c009500950074
004400640074006c
0024001c0034003c
003c002c002c0014
0165013d013500a5
015d017d0175013d
ff0b004c01d60206
0004fffcffb4ff63
009500640044000c
ffacff9cff940064
0014ffdcffccffc4
0206020601fe01f6
01ce01d601de01f6
0236020e01f601de
02b7029702760256
02ff02f702df02bf
031703170317030f
031f031f03170317
03170327031f031f
02d702df02ef02ff
0287029f02af02c7
021e0236025e026e
011500ed01750216
00d50105011d012d
fffc0014005c0074
ffacffccfff4000c
ff23ff6bff8cff9c
febbfebbfea3fecb
0085ffecff6bfedb
011d013501350115
00cd00fd01150125
007c009d00b500cd
0064006c008d0085
0054005c006c007c
0004000400140034
fff4ffdcfffc0014
01550105015500cd
01750175014d01a6
ff3b002c01d601f6
0034000cffdcff94
00cd008d0074005c
ffbcffacff84ffc4
003c000cffd4ffc4
0206020601fe01fe
01ce01d601de01f6
0236021601f601e6
02af029f027e025e
02ff02f702df02c7
031703170317030f
031f031f031f0317
0317031f031f031f
02bf02cf02e702f7
0266027e029702af
01de01fe022e0246
011500dd014d01d6
00c500fd00f5010d
ffacffe4ffe4003c
ff7bff8cff8cff9c
fedbfecbfee3ff3b
ff03fec3fe93fea3
005c0024ffecff7b
011d012d013500f5
00bd00cd00ed011d
0085009d00bd00bd
006c006400850074
004c0034006c0085
ffecfffc00140034
000cffe4ffecffe4
017500f5012500ed
01a6018e011d01a6
ff5bffec01b60226
004c000cfffcffb4
004400dd0095007c
ffbcffd4ffc4ff9c
000cfffcffe4ffbc
02060206020601fe
01d601d601de01f6
023e021e01fe01e6
02b70297027e0266
030702f702df02cf
031703170317030f
031f031f031f0317
030f031f031f031f
02a702c702df02f7
022e024e02760297
019601be01ee020e
011500cd01150186
007c00dd01050115
fffc00440024000c
fefbff2bff5bff8c
ff73ff6bff0bff0b
ff5bff43ff23ff2b
003c0004ffecffa4
011d011d010d00bd
00d500c500d5010d
008d0095009d00ad
005c006c007c006c
003c003c00640064
ffe4000c00140034
004cffe4ffdcffdc
017d011d00ed0125
01ce016d014d0186
ff6bffa4017d021e
0064004c001cffdc
ffd400bd00ed0095
ffd4ffdcfff4ffd4
002c000c0004ffe4
0206020e020e0206
01d601d601de01f6
0246022601fe01e6
02bf029f027e0266
030702f702e702cf
031703170317030f
031f031f031f0317
030f031f031f031f
029702b702d702f7
01ee021e024e026e
01350165019e01c6
00fd00cd00dd0125
007400d5010d0115
004c00d500b500ad
ff7bff84ffacffac
ffe4fffcffc4ffac
ff43ff7bff94ffbc
0024fffcffd4ff8c
012500fd00dd0085
00d500e500ed00fd
0085008d009500ad
0085007c00850085
005c0064005c0064
fff4fff4001c0044
00a5fffcffbcffdc
019e017d011d00ed
01ee0155014d0175
ff73ff7b013d0206
008d00640024ffec
ffdcffe400fd00fd
fff4fffc00140014
0024001c002c001c
0206020e020e020e
01de01de01de01f6
02460226020601e6
02bf02a70287025e
030702ff02e702d7
031703170317030f
031f031f031f0317
030f031f031f031f
028702af02cf02f7
01b601f6022e025e
00cd00f5013d0175
00e500cd00a500bd
00bd00bd00f500ed
003c00cd00fd0115
fffc0034004c005c
002c003c003c003c
ff73ff9cffdc000c
ffd4ffdc0014ffa4
010d010500dd0034
00d500e500ed00e5
0064008d009d00a5
008d0074006c0074
0064008500640074
fffcfffc0014003c
008d0024ffccffd4
0186015d015d00dd
01ee01450125014d
ff84ff6300f501d6
00a50064003cfffc
0024ffd400440125
001c00140014003c
fffc002400440034
0206020e020e020e
01de01de01de01f6
024e022e020e01ee
02bf02a702870266
030702ff02ef02d7
031f03170317030f
031f031f031f0317
030f031f031f031f
027602a702c702f7
017501be02060246
0054007c00dd0125
00dd00cd008d0054
00f500ad00ed00dd
006400c501250115
0044008d007400b5
0064005c0064008d
ffc4ffec0034fffc
ffe4ffd4003c0004
010d01050085ffc4
00cd00dd00e500f5
00640074007c00a5
0074007c00850074
002c0054005c006c
fff400040004001c
00950034ffdcffcc
015d01250135011d
01f6018e00fd010d
ff94ff6300ad01d6
00dd006c0024ffec
005c0024ffe4006c
0044002c0024004c
0024004c005c0044
0206020e0216020e
01e601d601de01ee
02560236021601f6
02c702a7028f0266
030f030702ef02df
031f031703170317
031f031f031f0317
03070317031f031f
0266029702bf02ef
0145019e01ee0226
fff4001c008500e5
00ed00e5008d000c
011d008d00ad00d5
00ad00cd011500fd
008500850034009d
008d0085006c0095
fff40044006c003c
000c0034006c0054
011500d5fff4ffb4
00b500c500f50105
006c0085008d00a5
006c007c0074006c
00140024003c0064
ffec000400040004
00c50034ffc4ffbc
013d012d0115013d
01fe01a6013d00fd
ffa4ff9c00a501de
00640074fffcffcc
007c009d00340024
007c00640054006c
005c00850095009d
0206020e0216020e
01ee01d601de01f6
025e0236021e01fe
02cf02af028f026e
030f030702f702df
0317031703170317
031f031f03170317
03070317031f031f
0256028f02b702e7
011d017501ce0216
ffacffe4004c00bd
00f500d5007cffcc
010d00dd00ad00ed
008d00c500dd00dd
00bd00ad004c005c
00c500ad0085008d
fffc0095006c006c
002c004c00640064
010d00a5ffacffec
00bd00d5010d0105
006c007c00a500bd
0074008500640074
001c002c0044006c
ffd40004fffcfffc
00ed005cfff4ffb4
017d013d010d0115
0206019e01350125
fff4ffdc00d501de
ffec0014003cfff4
009d00b50064004c
00a5009500950074
00bd00e500f500fd
01fe0206020e020e
01ee01d601de01e6
0266024602260206
02cf02b70297027e
030f030702f702e7
031703170317030f
031f0317030f0307
02f70317031f0317
024e028702af02cf
00fd015d01be0206
ff84ffb4002c00a5
00e500d5009dffcc
00e500fd009d00cd
008500bd00f500e5
00c500dd0085004c
00f500bd009d009d
001c0085007c0064
005400140044004c
00ed004cffa40024
00c500d500fd00fd
006c006c008d00b5
005c00740074006c
002c0054005c005c
ffe4000400040004
010d005c0034ffe4
014d015d00ed011d
022601b6017d014d
00f5008d011501de
0034ffd400ad009d
008d009d00ad00a5
00c500ad009d0074
0115012d013d012d
01fe0206020e020e
01f601de01de01e6
026e024602260206
02d702b70297027e
030f030702ff02ef
0317031703170317
031f031f030f0307
02f7030f0317031f
023e027602a702cf
00e5014501a601f6
ff73ff9c00040085
00dd00d500a5ffc4
00f5012500fd00d5
008500bd00fd00cd
00ed00ed00850054
00c500c500e500cd
002c00850085006c
004cfff4008d001c
00c5fff4ffd40054
00b500d500e500fd
0064007c008d00ad
005c006c0064006c
001400240054004c
fffcfff4fffcfff4
011d005c005c000c
0155015d00f50125
020e01ae0196014d
016500ed013501ee
006cffec00ed00f5
005c00a500ed00c5
00f500e500b5006c
018e013d013d0135
01f6020e02160216
01fe01e601de01de
026e024e022e020e
02d702bf029f0287
030f030702ff02ef
0317031703170317
031f031f0317030f
02ef03070317031f
022e026e029f02bf
00cd0135019601e6
ff63ff8cffec0064
00ed00d5009dffb4
00dd0135010d00e5
002c0054008d009d
0085007400240024
008500bd00dd0085
0044006c0085002c
000c001c007cfffc
005cffcc000c0044
00b500b500dd00f5
00740095008d00b5
003c0054005c0064
ffe4fffc0024001c
000cfff4ffecffdc
00f5004c00540024
0165010d00ed0105
01de0196017d018e
017d0105016d01ee
0095000400cd00dd
003c005c01050105
00f500f500dd005c
026601a60135010d
01f6020e02160216
01fe01e601d601de
026e025602360216
02df02c702a7028f
030f030f030702f7
0317031703170317
031f031f031f0317
02e703070317031f
0226025e028f02b7
00b5011d017d01d6
ff53ff84ffdc004c
00e500d5009dffa4
00fd014d00ed00cd
ff7bffe4004c009d
fecbfed3fea3fee3
ff63ff3bff1bfed3
fffc00240004ff73
ffe4002c000cfff4
ffe4ffdc0044002c
00cd00cd00d500c5
0085008d008d00b5
000c002c0054006c
ffe4ffecfff4000c
0004fffcffe4ffc4
0105008d006c0034
0135012500ed00e5
01ee01ae019601ae
016d010d017501e6
00b5004400a500ed
0034005c00f5011d
011500f500dd0064
021e023e01c6013d
01ee020602160216
020601ee01de01de
0276025e023e021e
02df02c702af0297
030f030f030702f7
0317031703170317
0317031703170317
02df02ff0317031f
02160256028702b7
009d0105016d01c6
ff4bff7bffcc003c
00dd00cd0074ff8c
00a5013500f500c5
ff2bffbc0014005c
fdaafd8afdbafe52
fddafddafde2fdda
ff63fefbfe72fdfa
00340024ffccffbc
ff9cfffc0044000c
00dd00dd00bd0095
00740085008d00ad
002c00240024004c
ffd4ffdcfff40024
001c000cffe4ffd4
010500bd008d005c
016501450145010d
01d601ee01de01be
01350145015501ae
00e5006c00640105
003c004c00ad0135
012d00f500c5006c
ff5b00ad01b601ae
01e601fe020e0216
020601e601de01de
027e026602460226
02e702cf02b70297
0317030f030702f7
0317031703170317
0317031703170317
02cf02f7030f031f
02060246027e02af
008500ed015d01b6
ff43ff73ffbc0024
00ed00c50064ff7b
002c0105011500ed
ff03ff7bffcc0014
fd9afd69fd8afe32
fdcafdf2fe0afdea
fe7afe2afdd2fdaa
0014ffc4ff13fe93
ff63000c0024ffcc
00bd00ed00dd0064
004c007c00a500a5
000c002400240034
ffecffe40004fffc
002c001cfffcfff4
010500f5008d0085
016d013d013d014d
01c601fe01d6018e
00f5014d011d019e
00fd00a5003c0115
0044004c00640135
012d00fd009d0054
fe72fe6aff43008d
01e601fe020e0216
020e01e601de01de
027e025e02460226
02e702cf02bf029f
0317030f030702ff
0317031703170317
031f031703170317
02c702ef030f031f
01f6023e027602a7
006c00dd014501a6
ff43ff63ffac000c
00f500bd005cff73
002c00ed013d00f5
ff33ff4bffb40014
fd9afd9afe1afeb3
fe1afe4afe6afe1a
fe72fe62fe1afe02
ff8cfefbfeb3fe7a
ff630024001cffb4
00c500ed00dd0034
0034007400bd00b5
fff4000c002c003c
0004fff4000cfffc
0044002c0014fffc
010d00f500b50095
016d014d01550135
01a601de01c6018e
00ed016501450196
013d0105004c00e5
0014004c003c00e5
ff23004400a50054
fe52fe42fe02fe1a
01e601f6020e0216
020e01ee01e601de
02870266024e022e
02e702d702bf029f
0317030f030702ff
0317031703170317
031f031703170317
02bf02df02ff0317
01e6022e02660297
005c00c5012d018e
ff3bff53ff9cfffc
00ed00bd002cff63
004400d5014d0125
ffc4ff9cffbc001c
fde2fe52feebff73
fe72fe8bfe83fe22
fe9bfe9bfe62fe6a
fed3fe93feabfea3
ffa4002c000cff6b
00cd00fd00e5002c
0044006400ad00c5
000c001c001c0044
001c000cfffcfff4
006c003c002c001c
012d00c500d50085
017d014d01550155
01ae020601ee018e
013d017d012d013d
011500fd006c00d5
fffc000c0054004c
fdaafe22ff33fff4
fe4afe42fdf2fdba
01de01ee01fe0206
021601f601e601d6
028f026e02560236
02ef02df02c702a7
03170317030702ff
0317031703170317
031f031f03170317
02b702df03070317
01d6021e0256028f
004c00ad0115017d
ff33ff43ff84ffec
011d00cd0004ff4b
005c009d010d0145
0044002cfffc0044
ff13ff5bffb4fffc
feabfe93fea3feeb
fed3fed3feb3febb
ff33fedbfecbfedb
ffccfff4001cff94
00cd00fd00f5004c
0044005c008500bd
0004001c003c005c
0014fffcfff4ffe4
006c003c00240024
012500ed00c500bd
01ae0175013d015d
018601de01c6017d
0155017501250125
00740105007c00a5
ff3bffb4000cfff4
fdb2fd9afda2fe42
fe52fe2afddafdc2
01de01ee01fe0206
021e01fe01e601d6
02970276025e023e
02f702df02c702a7
0317030f030f02ff
0317031703170317
031f031f031f031f
02b702d702ff0317
01c6020e024e0287
0034009501050165
ff33ff3bff73ffd4
011500a5ffccff43
007c00cd00dd011d
0074008d00640085
002c0024002c0034
ff3bff4bff8cffdc
ff5bff5bff5bff43
ff9cff6bff3bff43
ffc40004ffccffa4
00ed010500ed005c
0034005c007400b5
0014001c00440044
001cfff4fff4000c
008500740034002c
012d00fd00d500ad
01be018e013d016d
0145018e018e01be
013d013d0125011d
ffcc00bd00d50064
fdb2fe93ff53ff94
fdc2fda2fd92fd71
fe4afdf2fdc2fdca
01de01ee01f601fe
0226020601e601de
0297027602660246
02f702e702cf02af
03170317030f0307
0317031703170317
03170317031f031f
02a702cf02f7030f
01b60206023e027e
001c008500ed0155
ff2bff33ff63ffc4
0105009dffb4ff43
008500d500fd0115
009500bd00a500d5
006c006c005c005c
000c000c002c004c
ffc4ffe4fffcffec
ffc4ffccffb4ffac
000c0034ffccffbc
00cd00f500f5006c
00440064008d00bd
002400140034003c
00340014001c0024
00c5009500540034
0155014d00cd009d
01e601a6015d0145
01150145017501be
00fd00fd011d00fd
ff2bffec00ad0085
fd49fd71fe02fed3
fdb2fda2fd9afd71
fe22fdcafdbafdda
01de01e601f601fe
022e020601ee01de
029f027e02660246
02ff02e702cf02b7
03170317030f0307
0317031703170317
0317031703170317
029f02c702f7030f
01a601f6023e0276
0004007400d5013d
ff23ff33ff5bffac
011d00d5001cff3b
00c500bd00fd0125
00d500d500d500ed
007c008d009d00bd
0034004400540064
0014001c0004000c
fffc0014001c000c
00340054ffacffd4
00ad00dd00ed0064
003c0054008d00bd
000c001400240024
003c00340034001c
00cd0085006c0064
014d016500e500fd
01d601d60155012d
00bd0125015d0186
00bd00f5011500d5
fe5afeebffec007c
fd61fd51fd41fd92
fd92fd9afda2fd79
fdcafda2fdcafdd2
01de01e601f601fe
022e020601ee01e6
029f02870266024e
02ff02ef02d702bf
03170317030f0307
0317031703170317
0317031f03170317
029702bf02ef0307
018e01de02260266
ffe4005c00c5012d
ff1bff23ff4bff8c
014d015500bdff6b
00b500cd0115011d
00dd00ed012500fd
00bd00dd00ed00dd
007c008d00a500a5
006c006c0064005c
001400440054005c
0064001cffacffec
00c500cd00c5004c
006c006c009500cd
00340024002c0044
005c002c003c0044
00cd009d007c009d
014d010d0115011d
01be01b6014500fd
00d5014501450186
006400d500f500ed
fd51fdfafedbfff4
fd61fd59fd41fd21
fd82fd79fd8afd69
fd79fda2fdcafda2
01de01e601f601fe
022e020e01f601e6
02a7028f026e0256
02ff02ef02d702bf
03170317030f0307
0317031703170317
0317031f03170317
028f02bf02e702ff
017501ce02160256
ffcc004400ad0115
ff23ff1bff3bff73
0175018e011dfffc
00b500c5012d014d
00ed011d01350105
00cd00e500ed00cd
00cd00d500cd00b5
0074008500a500b5
001c00540064005c
0074ffe4ffdc000c
00d500fd00c50085
006c0074007c00a5
0034002c0054004c
00a5002c003c0044
011500e500ad00cd
014500f5011d011d
01be01a601350115
00b5010d013d018e
ffcc008500c500dd
fd19fd29fdc2fed3
fd71fd61fd49fd29
fd79fd71fd69fd61
fd51fd9afdb2fd82
01de01de01ee0206
0236021601fe01e6
02a7028f026e025e
02ff02e702cf02bf
03170317030f030f
0317031703170317
030f031703170317
028702af02df02ff
016501be020e024e
ffb4002400950105
ff53ff0bff23ff53
0175018e012d007c
00dd00fd01250165
00f5013d015d0125
00d500ed00f500e5
009500cd00d500b5
009500bd009d00c5
000c0044005c003c
006cffec0004002c
010500f500b500d5
007c0085009d00b5
0034004400640085
009d00440064003c
0125010d00d50105
011d00ed0125011d
01b601960135013d
009500d50125017d
fecbffec009500ad
fd19fd09fd19fda2
fd71fd69fd49fd29
fd69fd61fd61fd61
fd31fd82fd82fd69
01de01de01ee020e
023e021e01fe01ee
02a7028f0276025e
02f702e702cf02c7
03170317030f030f
0317031703170317
030f031703170317
027602a702d702f7
015501ae01fe023e
ff94000c008500ed
ff8cff13ff13ff3b
0165016d0135005c
010d012d01450155
00ed012d016d014d
00e500ed00dd00ed
005c008d00e500dd
007400bd007400bd
001c0024003c0044
0085002c001c001c
011500f500b500ed
00ad008d00ad00e5
004c0074005400c5
00c50074006c0074
013500ed00bd010d
010d012d0145014d
01860155012d010d
007400cd012501a6
fd9afefb0034006c
fd21fd11fd01fd09
fd59fd61fd51fd39
fd39fd41fd41fd51
fd21fd61fd59fd41
01de01de01ee0206
0246022601fe01e6
02af0297027e025e
02ff02f702df02cf
030f030f030f0307
031703170317030f
0307030f030f0307
026e029f02c702e7
0145019e01ee0236
ff84fff4006c00d5
ffa4ff2bff03ff2b
013d014501150064
0105010d014d0155
00fd011501350145
00a500dd00cd00ed
007c00bd011500dd
00850095008d00bd
002400240034002c
006c003c002c0004
011500f500ed010d
009d00950095010d
007c00a5006c0095
00dd009d00ad00c5
010d00ed01050135
014d014d01250175
012d0135012d011d
006c00bd00dd0115
fcf1fdaaff5b001c
fd29fd19fd09fcf1
fd49fd59fd51fd41
fd21fd29fd31fd39
fd11fd31fd31fd21
01e601de01e601fe
0246022e020601ee
02b7029f027e025e
030702ff02e702cf
03170317030f030f
0317031703170317
0307031703070307
0266029702bf02ef
012d018e01e6022e
ff6bffd4005400bd
ff73ff0bfefbff1b
01150105009dffec
013500f501450135
01050115011d014d
009500d5009500e5
0095010d0105007c
007c008d008d009d
00140024002c001c
0074005c00340014
011500cd00f50105
007c009500bd0115
008d00d50064006c
00dd00b500c500f5
01050105012d014d
015d010d013d0175
007c00fd00f5013d
00240044006c0064
fce9fcf1fe22ffac
fd39fd19fd11fcf9
fd31fd41fd49fd49
fd11fd19fd19fd29
fcf9fd01fd01fd01
01e601de01e601fe
024e022e020e01ee
02bf02a702870266
030702ff02e702d7
03170317030f030f
0317031703170317
02ff031703170317
025e029702c702e7
0115017501ce021e
ff4bffbc003c00a5
ff43fef3fef3ff03
00f500cd0034ffac
01450125013d012d
00d500cd010d014d
00a500c5009d00c5
009500d500bd0034
005c007400850064
ffec002c00140014
0064007c003c0014
00ed00d5011500d5
00cd00a500bd012d
00cd0115007c007c
00ed00dd00cd00f5
011d0125012d0125
012d0105015d0155
009500a50105013d
ffac00140034002c
fcf1fcd9fd19febb
fd41fd31fd21fd01
fd21fd31fd39fd41
fd09fd09fd11fd19
fd29fd09fcf1fcf9
01e601de01e601ee
02560236021601f6
02bf02a70287026e
030702ff02e702d7
03170317030f030f
0317031703170317
02f7030f03170317
024e028f02bf02df
00fd015d01be020e
ff33ff9c001c008d
ff0bfee3fee3fef3
00fd00a5000cff84
013d015501350115
00ad00d501350145
00bd00dd00ed00ad
0064008d007c004c
0064006400740054
ffd4000c00340004
0064007c0054ffec
00d500e5013d00d5
00f500d5008d011d
00fd010500540085
00dd00dd00f500fd
00e5010d00f500ed
0105013d01650135
006c00b5012d0125
ff2bffbcffd40014
fd09fce1fcc9fd79
fd39fd39fd29fd11
fd21fd19fd29fd41
fd11fd19fd21fd21
fd49fd49fd31fd19
01ee01d601de01e6
025e023e021601f6
02c702af028f026e
030702ff02ef02df
03170317030f030f
0317031703170317
02f7030703170317
0246028702b702df
00e5014d01a601fe
ff1bff84fffc006c
feebfedbfedbfeeb
00bd008dffc4ff33
016d016d011500e5
00c50115013d016d
00a500fd013500ed
006c0085008d00a5
00440024004c000c
ffdcffe400340014
008500850074fff4
00dd00dd011d00dd
010500e5007c00f5
011500ed002c007c
00e500e500cd0105
00dd00dd009500a5
010d012d012d00ed
ffd4001c008d00dd
fe22ff43ff84ffac
fd11fce9fcd1fce9
fd31fd49fd31fd19
fd29fd21fd21fd31
fd39fd29fd29fd29
fd21fd41fd49fd41
01e601de01de01e6
025e023e021e01fe
02c702af02970276
030702ff02f702df
030f030f030f030f
0317031703170317
02f7030703170317
0236027602a702cf
00cd013d019601ee
ff0bff6bffe40054
fee3fed3fed3fee3
0074000cff43fefb
017d015500ed00c5
00f50135014d018e
00dd012d013d0115
008d007c006c00cd
00040014003c0054
fffcffec00340054
00ad0085008d0024
0095010d01350105
010500c5007400b5
011d00dd006c008d
00dd00a500a5010d
00dd0095007c00ad
00f500d500ed010d
ff7bffac007c00fd
fd29fe8bff33ff63
fd19fcf9fce9fcd9
fd41fd59fd49fd29
fd29fd29fd31fd39
fd41fd41fd39fd29
fd09fd19fd31fd41
01e601de01de01de
0266024602260206
02cf02b7029f027e
030702ff02f702e7
02ff02ff02ff02ff
0307030703070307
02ef0307030f0317
02260266029702bf
00b50125018601de
fefbff53ffc40034
fedbfecbfecbfed3
002cffa4fefbfef3
0186013500d5008d
00fd0115014d017d
00ed01050115011d
00b500950034006c
0034003c0064007c
0014fff4004c00bd
00d50054005c006c
00a500ed0145010d
00e500ad007400b5
00ed00cd009d009d
00bd007400ad00e5
003c007c009d00c5
009500a500bd00ad
ff5bffa40024006c
fcd1fd61feabff33
fd19fd11fd01fce9
fd59fd69fd59fd31
fd39fd39fd39fd49
fd31fd49fd51fd41
fd09fd09fd19fd29
01ee01e601e601e6
026e024e022e020e
02d702b7029f027e
030702ff02f702e7
030702ff02ff02ff
0307030703070307
02df02ff030f0317
02160256028f02bf
009d010d016d01ce
feebff3bffac001c
fecbfec3fec3fecb
ffc4ff43fed3fed3
016500f500a5002c
011501150155016d
00b500d50105011d
00cd009d00340054
007c007400740085
0044fffc007c00a5
00dd00540054008d
00b500d501150105
00b50074003c0085
00c500c5008d005c
0064008500cd00a5
00440054009500cd
00440095006c001c
ff2bff53ff84ffc4
fce1fce1fdbafec3
fd21fd29fd19fcf9
fd69fd71fd51fd39
fd49fd51fd51fd59
fd19fd31fd39fd49
fd19fd09fd01fd09
01f601e601de01de
0266024e022e020e
02d702b7029f027e
02ff02f702f702ef
030f030f030f030f
0317031703170317
02d702ef03070317
02060246027e02b7
007c00f5015d01be
fee3ff2bff940004
fec3fec3fec3fecb
ff33fee3fec3fec3
0135009d001cffa4
01350125015d0175
008500bd00dd010d
00a500bd003c0044
00b50085008d009d
00bd002c0085009d
00d5005c004c0085
00a5009d00d50105
00cd006cfffc0034
009d0095005c0064
0064007c00bd006c
007c005c009d0085
00140024ffac0014
fec3ff1bff4bff8c
fcf1fce1fcf1fdda
fd29fd21fd19fd09
fd49fd41fd39fd31
fd31fd39fd39fd49
fd09fd19fd19fd31
fd29fd11fcf9fcf9
01fe01ee01e601de
0266024602360216
02d702bf02a70287
02ff02f702f702ef
030f030f030f030f
03170317030f030f
02c702e703070317
01f6023e027602a7
006400dd014501a6
fedbff13ff73ffec
fec3febbfebbfec3
feb3feb3feb3febb
01050064ff94ff0b
01350135015d015d
0074009500dd00fd
009500b50054006c
00a50095009500ad
00f5009500a5008d
00c5005c0064009d
008d007c00a5010d
00bd008500040024
008d005c0024006c
005c00640064005c
008d008d00440034
ff7bff6bffa4004c
fe12febbff03ff53
fcf9fcf1fcd9fd19
fd29fd21fd19fd09
fd21fd21fd29fd29
fd11fd19fd21fd21
fd09fd09fd09fd11
fd31fd21fd09fd01
01fe01ee01de01de
026e024e023e021e
02df02c702af028f
02ff02f702f702ef
02ff02ff02ff02ff
0307030702ff02ff
02c702e703070317
01e6022e026e029f
004c00bd012d0196
fecbff03ff63ffd4
fe93feabfeb3feb3
fdf2fddafe12fe62
0085ffb4fee3fe5a
012d014d013d0125
0095008d010d0115
00a5002c00540085
00a500a500850064
00dd009d00e50095
008d004c005c008d
004c004c005c00d5
007c00540004000c
008d005c000c0054
0074007400540064
fff4000cffbcffdc
ff13ff2bff6bffbc
fd29fe12feb3ff03
fd11fd11fcf9fcd9
fd31fd29fd21fd19
fd19fd19fd21fd29
fd01fd09fd09fd19
fcf9fcf9fcf9fd01
fd39fd31fd11fd01
020601f601e601de
0276025602460226
02df02c702af028f
02ff02f702f702ef
02ff02ff02ff02ff
02ff02ff02ff02ff
02bf02df02ff030f
01d60226025e0297
003400ad0115017d
febbfef3ff53ffc4
fdbafe1afe6afe9b
fdeafd79fd31fd51
ffa4ff13fe9bfe3a
01250145012d009d
00cd00ad00fd010d
00ad003c003c009d
00b500a5007c0064
00d5007c00e5009d
0064006c006c0074
002c000c004c00c5
004cfff400140014
00540004ffec0034
006c0034003c004c
ff73ff6bff940014
feebff13ff33ff7b
fcd1fd31fe22feb3
fd19fd19fd09fce9
fd29fd29fd21fd21
fd11fd19fd21fd29
fd01fd01fd01fd11
fcf9fcf1fcf1fd01
fd41fd39fd29fd09
021601fe01e601de
027e02560246022e
02df02cf02b70297
02ff02f702f702ef
02ff02ff02ff02ff
0307030702ff02ff
02b702d702f7030f
01c602160256028f
001c00950105016d
fe5afec3ff33ffa4
fd29fd49fd8afdf2
fdfafddafd9afd39
feb3fe52fe5afdfa
0115011d00edffd4
00bd00dd00ed010d
00ad004c004c0095
00b500ad0085009d
00c5008d00c50085
003c0044005c007c
ffecffd4004c00ad
000cffd4fff4ffec
002cffec00240034
ffe400040024fff4
ff1bff4bff8c000c
fea3fedbff03ff1b
fce1fcd1fd41fe22
fd19fd21fd11fcf9
fd29fd29fd29fd21
fd11fd11fd21fd21
fcf9fcf9fd01fd09
fd01fce9fce9fcf9
fd49fd49fd39fd21
021601f601ee01de
027e025e024e0236
02e702cf02b7029f
02ff02f702ff02f7
02ff02ff02ff02ff
0307030702ff02ff
02af02d702f70307
01b60206024e0287
000c007c00ed0155
fd79fe0afec3ff73
fda2fd49fd19fd21
fddafdeafdf2fdda
fe0afdeafe2afdf2
00e500ed0085ff43
009d009d00dd010d
00c5003c0054009d
009500ad007c00bd
0095009500bd0044
002c0014005c007c
ffbcffac000c0064
fffcffecfffcffec
0004001c00240054
ff5bff94ffbcffdc
ff03ff23ff7bff6b
fe12fe8bfec3fef3
fce9fcd9fcc9fd49
fd21fd21fd21fd01
fd29fd31fd31fd21
fd09fd11fd19fd21
fd01fcf9fd01fd09
fd21fd09fd01fd01
fd41fd41fd31fd29
021601fe01ee01de
0287026602560236
02e702d702bf029f
02ff02ff02ff02f7
030f030f030f0307
030f030f030f030f
029f02cf02f70307
01a601f6023e0276
ff84004c00d50145
fd11fd29fdbafe8b
fdeafdcafd71fd21
fdd2fdeafdeafdea
fdcafdc2fddafdd2
00b50074ffecfeeb
0085008500b500d5
00a50024004c007c
003400a5009500ad
0074009d00d5000c
001c0004003c0064
ffacff84ff94fff4
00140014fffcffdc
001c00240004003c
ff3bff63ff94fffc
fee3ff0bff3bff23
fd39fe0afe6afebb
fd01fce9fcc9fcc1
fd29fd21fd21fd09
fd21fd29fd31fd31
fd09fd09fd11fd21
fd09fd01fd09fd09
fd21fd21fd11fd11
fd41fd39fd31fd31
021e020601ee01de
0287026e02560236
02e702d702bf029f
02ff02ff02ff02f7
030f030f030f0307
030f030f030f030f
029702c702e702ff
018e01e60236026e
fe12ff430064011d
fd79fd11fcd9fd39
fddafdeafddafdaa
fddafde2fddafdda
fd92fd92fdb2fdca
004cffacfef3fe12
006400740095008d
006c002c00440064
000c008d00950074
0054008d00b5003c
ffe4ffec00040034
ffbcff7bff3bff43
002cffe4ffc4ffb4
ffccfffcfffc0014
ff33ff4bff84ffac
feb3fedbff0bff2b
fcc9fd39fdeafe72
fd19fd09fce1fcc9
fd31fd29fd21fd19
fd21fd29fd29fd31
fd01fd09fd09fd11
fd11fd09fd09fd09
fd29fd39fd31fd29
fd39fd39fd39fd31
0226020601f601e6
028f026e0256023e
02df02d702bf02a7
02f702f702ef02e7
02ff02ff02f702f7
02ff02ff03070307
029702b702d702ef
013d01d60226025e
fcf9fd9afeb30024
fddafd8afcf1fcb1
fde2fde2fde2fdea
fdcafdcafdcafdda
fd61fd71fd92fdba
ff94feb3fdfafd79
00340054005c0044
001c00040034002c
0024005c00740064
0044008d005c0034
ff84ffb4ffe40004
ffccffbcff8cff63
0014ffe4ffe4ffec
ffa4ffb4ffccffdc
ff3bff4bff6bff84
fe62feabfedbff13
fcd9fcd1fd19fdd2
fd19fd19fd01fce9
fd29fd31fd31fd29
fd21fd21fd21fd21
fd09fd09fd09fd11
fd11fd09fd09fd09
fd31fd39fd31fd29
fd39fd29fd31fd31
0226020e01f601e6
02970276025e0236
02e702df02c702af
02f702f702f702ef
02ff02ff02f702f7
02ff02ff02ff02ff
028f02af02df02f7
ff94012501fe024e
fc91fcc1fd39fe1a
fdeafddafd92fce9
fddafddafde2fde2
fdc2fdcafdcafdca
fd59fd61fd79fd9a
feb3fe1afd92fd59
0044005c0014ff84
002c002c005c0024
003c0044005c0064
fffc006c00440014
ff84ff94ffbcff9c
fff4ffecffe4ffb4
fffc000c00140024
ff94ffacffb4ffc4
ff0bff33ff53ff6b
fd9afe32fe83fed3
fd01fce1fcc9fce1
fd29fd21fd19fd11
fd19fd29fd31fd31
fd09fd19fd21fd21
fd09fd09fd09fd09
fd29fd19fd09fd09
fd31fd31fd31fd29
fd39fd31fd31fd31
022e021601f601e6
02970276025e023e
02e702df02c702af
02f702f702ef02ef
02ff02ff02f702f7
02ff02ff02ff02ff
027602af02df02f7
fd9afefb00d5020e
fcf1fca1fcc1fd09
fdd2fdd2fdd2fd8a
fdc2fdd2fddafdda
fdb2fdc2fdbafdba
fd59fd59fd71fd8a
fdfafdaafd8afd69
0074005cff43fe52
00440064006c0074
0014fffc002c004c
ffb4fff40034fffc
ffdcffd4ffc4ffa4
002400240014fffc
0004002c0034002c
ff8cffacffccffe4
fed3ff13ff43ff73
fca9fd49fdfafe6a
fd11fd01fcf1fca9
fd39fd31fd29fd21
fd21fd21fd31fd39
fd09fd09fd19fd19
fd09fd09fd09fd09
fd39fd31fd19fd11
fd31fd31fd31fd31
fd31fd41fd41fd39
022e021601fe01ee
02970276025e023e
02e702df02cf02b7
02f702f702ef02ef
02ff02ff02f702f7
02f702ff02ff02ff
01f6029f02cf02e7
fcf1fd61fe6a005c
fd92fd11fcb9fcc1
fdc2fdcafdd2fdca
fdbafdcafdd2fdd2
fd9afdb2fdb2fdb2
fd71fd69fd71fd82
fd82fd82fd71fd71
00a5004cfe5afdaa
004400640074007c
0004fff400040034
ffe4ffe40004000c
00140014fffcffec
003c003c00240014
001400240044004c
ff6bff94ffcc0004
fe62fec3ff03ff4b
fc91fc78fd01fdca
fd21fd19fd09fce9
fd41fd39fd31fd29
fd19fd19fd21fd31
fd11fd11fd11fd19
fd19fd19fd11fd09
fd31fd39fd31fd21
fd39fd31fd31fd31
fd41fd41fd41fd39
0236021e01fe01e6
029f027e0266024e
02e702e702cf02bf
02f702f702ef02ef
02f702ff02ff02f7
02ef02ff02ff02ff
ffd401ce02a702d7
fcb9fce9fd41fe12
fdcafdaafd29fcb9
fdd2fdcafdcafdca
fdaafdbafdcafdca
fd92fda2fdaafda2
fd71fd82fd82fd82
fd51fd69fd61fd61
00b5ffe4fd51fcf1
003c0064007400a5
00140024001c002c
00040014001c001c
0024003c002c000c
0044004c002c001c
000c000400140034
ff23ff63ffacffdc
fd92fe3afeb3ff0b
fce9fc78fc78fcd9
fd29fd29fd21fd19
fd39fd41fd39fd31
fd19fd19fd21fd31
fd11fd11fd09fd11
fd29fd19fd11fd11
fd41fd39fd31fd31
fd41fd39fd39fd31
fd49fd41fd41fd41
023e022601fe01ee
02a70287026e024e
02e702e702d702bf
02f702f702ef02ef
02f702f702f702f7
02e702ff02ff02ff
fdd2ff63018e02af
fcc9fcb9fcd9fd29
fdc2fdc2fdb2fd39
fddafdd2fdc2fdba
fdaafdaafdb2fdca
fd8afd9afda2fda2
fd69fd79fd82fd82
fcf9fd59fd69fd69
009dfee3fcf9fc91
0064008500ad00bd
006400740054004c
003c003400440054
00240044004c0044
002c00240044002c
ffbcffec000c0014
fedbff0bff3bff8c
fca9fd31fdf2fe7a
fd29fcd9fc78fc81
fd39fd39fd31fd31
fd31fd39fd39fd39
fd19fd21fd21fd29
fd19fd11fd11fd19
fd39fd29fd21fd19
fd39fd39fd31fd39
fd41fd39fd39fd31
fd51fd41fd41fd41
02460226020601ee
02a7028f02760256
02e702e702d702c7
02f702f702ef02ef
02f702f702f702f7
02b702ef02ff02f7
fd31fdb2ff23016d
fd51fcd1fcb9fce9
fdbafdbafdbafdb2
fddafdcafdc2fdb2
fda2fdaafdb2fdc2
fd8afd92fda2fda2
fd71fd79fd79fd79
fc99fd21fd71fd71
003cfdf2fca1fc68
0095009d00bd00c5
007c009500850074
0064005c0064006c
00240034005c006c
ffecfffc002c004c
ff6bff94ffdcffec
fe32fe93feebff33
fc78fc89fce1fd9a
fd39fd29fcc1fc78
fd41fd41fd39fd39
fd29fd39fd41fd41
fd19fd21fd29fd21
fd21fd19fd19fd19
fd29fd31fd29fd21
fd39fd39fd31fd29
fd41fd39fd31fd29
fd51fd49fd41fd49
0246022e020601f6
02af028f027e0256
02e702e702d702c7
02f702f702f702ef
02f702f702f702f7
019e02d702f702f7
fd09fd41fdb2ff23
fdb2fd49fcd9fce1
fdbafdb2fdb2fdc2
fdc2fdcafdc2fdb2
fdaafdaafdaafdaa
fd82fd8afda2fdaa
fd79fd79fd79fd79
fc60fcc9fd51fd71
ff73fd49fca9fc78
009d008d009d008d
0074008d007c0085
006c006c00740074
0014002c00540074
ffbcffcc00040024
ff23ff6bff8cffac
fd49fe0afe8bfee3
fc81fc81fc81fcb9
fd49fd39fd21fca9
fd49fd41fd41fd41
fd29fd31fd41fd49
fd19fd21fd21fd29
fd29fd19fd11fd19
fd31fd41fd39fd29
fd41fd39fd39fd31
fd41fd41fd39fd31
fd59fd51fd49fd41
009500a500a500b5
00d500bd00ad009d
00fd00f500ed00e5
0125012501150105
013d014501450135
0145012d012d0135
01fe01d601a6017d
029702760256022e
02f702e702cf02af
02ff02ff02ff02f7
0307030702ff02ff
02f7030703070307
02a702c702df02e7
01f60236025e0287
00e5012d016d01b6
008d008d009d00ad
0064006c00740085
ffa4ffec0024005c
001cfffcffd4ff94
009d0085007c005c
007c006c006c008d
0095007c006c006c
00a5008d0074007c
009d00ad00b500a5
0085008d008d009d
ff0bff84001c006c
fe93fe72fe7afec3
ff0bfefbfedbfeb3
ff84ff63ff3bff1b
ffdcffccffb4ffa4
00140004fffcffec
00240024001c0014
00b500b500bd00c5
00dd00cd00bd00b5
010500fd00f500ed
01350125011d010d
013d0145014d013d
0155012d012d0135
020601d601ae0186
029f027e02560236
02f702e702cf02b7
0307030702ff02ff
030702ff02ff02ff
02f702ff03070307
02a702c702df02e7
01f60236025e0287
00f50135016d01b6
00a500a500b500c5
0074008d009d00a5
ffec00040044006c
005c0064005c002c
00340034004c0054
004c0044003c003c
003c002c00440044
0064005c006c004c
00cd00c500ad0085
00ad00bd00bd00cd
0085009d00ad008d
ff63ffbc00140054
ff3bff23ff43ff3b
ff9cff7bff6bff53
fff4ffe4ffccffb4
00140014000c0004
002c002c0024001c
00cd00d500dd00dd
00ed00dd00d500cd
010d010d010500fd
013d012d01250115
01450145014d0145
015d013d012d013d
020e01de01b6018e
029f0287025e023e
02f702ef02d702bf
0307030702ff02ff
0307030703070307
02f702ff03070307
029f02bf02d702e7
01f6022e0256027e
00fd0135017501b6
00cd00cd00c500d5
00640074009d00b5
005c003c0024004c
002c003c003c004c
0034002c002c002c
006c004c0034003c
0034004c005c006c
00040004001c001c
007c0064004c0034
00d500ed00dd00b5
007c0064007c00ad
00d500f500ed00ad
ff53ff63ffc40054
ffb4ffa4ff94ff73
0004fff4ffe4ffcc
00240024001c0014
003c003c0034002c
00e500ed00ed00ed
010500fd00f500ed
011501150115010d
01450135012d0125
014501450155014d
016501450135013d
021e01ee01c60196
02a7028f02660246
02f702ef02df02c7
0307030702ff02ff
0307030703070307
02ef02ff03070307
029f02bf02cf02e7
01ee022602560276
00fd012d016d01ae
00cd00f500e500dd
005c006c008d00a5
001c00640074006c
003c003c0034001c
002400440044004c
fff4000c000c002c
001c000c0004000c
fffc000c001c003c
ffe4ffccffd4fffc
008d005400140004
009500b500bd00a5
00ad006c005c006c
003c00b5010500f5
ffdcffccffccfff4
000c0004fffcffec
0034002c0024001c
004c0044003c003c
00fd00fd01050105
0115010d010d0105
0125012501250125
014d013d0135012d
0145014d01550155
016d014d013d013d
022601fe01d6019e
02af02970276024e
02ff02f702df02c7
0307030702ff0307
0307030703070307
02ef02ff03070307
029702b702c702df
01e6021e024e0276
00f5012d016d01a6
00dd0125012d00f5
00ad0095009500ad
003c0024003c007c
0044005400440044
fff40004000c002c
ffe4ffecffd4ffdc
0004fff4ffecfff4
004c005c00440024
ffecfff40024002c
001cffecffecfffc
00bd00c5007c003c
0064008d008d0095
00f500a50054003c
000c003400a50105
001c001c001c000c
003c0034002c002c
0054004c00440044
0115011501150115
012d0125011d0115
0135013501350135
014d014d0145013d
013d014d01550155
017d015d0145013d
022e020601de01ae
02b70297027e0256
02ff02f702e702cf
0307030703070307
030f030703070307
02ef02ff03070307
029702af02c702df
01de0216024e0276
00fd012d016501a6
00dd0115012d0115
006400b500a5009d
001c002c003c004c
001c001c001c0014
0004000cfff4fffc
fff4fff4fffc0004
000cfffcfff4ffec
0044001c0014000c
0034002400440054
fffc000c00240044
0054003c00140004
009d009d00a50074
0024003c007400a5
009500e500d50064
0034002c002c004c
0044003c00340034
004c00540054004c
012d012d012d012d
013d01350135012d
01450145013d0145
01550155014d0145
013d014d015d015d
018e01650145013d
0236020e01e601be
02bf029f0287025e
030702ff02ef02d7
030f030703070307
030f030f030f030f
02ef02ff0307030f
028f02af02bf02d7
01de02160246026e
0125012d015d01a6
00b500cd00dd010d
005c0064009d00b5
0024003400440044
000c001c002c0024
0024002400140004
005400540044002c
004c005c005c0054
002c0044005c004c
0044003c0024001c
00140024003c0054
ffe4000c0004000c
008d009d004c0004
00540085007c0054
00dd0085003c002c
0044006400ad00ed
004c0044003c003c
005400540054004c
013d013d013d013d
014d014d014d0145
01550155014d0155
015d015d01550155
013d014d015d015d
0196016d014d013d
023e021e01f601c6
02c702a7028f0266
030702ff02ef02df
030f030703070307
030f030f030f030f
02e702f70307030f
028f02a702bf02cf
01de0216023e026e
012d013d015d019e
00ad00d500bd00f5
003c0074006c00ad
0004004c00440044
000c003c00340004
ffccffccffe4ffdc
00540024000cffec
008d008d00a50085
004c0074007c0085
002c004c0064005c
001400040014002c
001400240024002c
00540034000cffec
006c0054004c007c
007c005c0054006c
009500d500cd009d
005400540054006c
004c004c0054004c
015501550155014d
015d015d015d015d
015d015d015d0165
0165015d015d015d
014d015501650165
01a6017d01550145
024e022e01fe01d6
02cf02af02970276
030702ff02f702e7
030f030f0307030f
0317030f030f030f
02df02f70307030f
028702a702bf02cf
01de020e023e0266
010d0135016501a6
008d00ad00cd00cd
002c004c006c0074
000c002400340044
ffacffccfffc000c
ffbcff94ff84ff8c
0034003c0014ffe4
006c0074006c004c
00340044005c006c
006c00850054004c
fff4000c00240044
002c003c00240034
0024001c001c001c
fffc001c0034fffc
007c007c004c001c
00cd00bd009d007c
00640074007c00ad
0044004c005c005c
0165016d016d0165
016d016d016d016d
016501650165016d
0165016501650165
0155015d01650165
01ae0186015d014d
02560236020601de
02d702b7029f027e
0307030702ff02ef
030f030f0307030f
0317030f030f030f
02df02ef0307030f
028702a702bf02cf
01de020e023e0266
00ed0135017501a6
0085009500cd00b5
001c0024003c0054
ffe40004000c001c
ff73ffa4ffacffcc
fff4fff4ffbcff7b
0054005c00340014
007c006c00640054
004c005c00540074
006400440044004c
001c0044006c007c
00140004002c0044
0004ffecfffc0014
ffe4fff4ffec0024
006c003cfffcffc4
00b50095007c0074
0064007c00c500e5
004c004c004c0054
0175017d017d0175
0175017501750175
016d017501750175
016d016d016d016d
014d01550165016d
01be018e01650155
025e023e021601ee
02df02bf02a70287
0307030702ff02f7
0317030f030f030f
0317031703170317
02df02ef0307030f
028702a702bf02cf
01d6020e023e025e
00d501150165019e
0074008d00b500a5
0004fffcfffc0044
ffa4ffbcffdcffd4
ffacff8cff7bff8c
00140014ffc4ffc4
ffd4ffecfff4001c
0034002400140004
004c00540054003c
0044004c006c006c
004c0064003c0024
001c00040004002c
ffd4002c004c0034
ffdc000c0044fff4
002cffecffacffbc
00bd00a50095007c
0064009500dd00cd
004c004c00540054
018e018e018e018e
018601860186018e
017501750175017d
016d016d016d0175
014d01550165016d
01c60196016d0155
026e0246021e01f6
02df02c702af028f
030f030f030702f7
03170317030f030f
0317031703170317
02df02ef0307030f
028702a702b702c7
01d60216023e0256
00cd01050155019e
004c0064009500ad
ffec001c00040024
ff7bff8cffbcffd4
ff94ff8cff94ff7b
ffec000cfffcffbc
fff4ffbcffacffb4
fffcfff4001c0014
004c00440034001c
00ad0095008d006c
006c0054004c008d
ffd4ffbc000c0054
00340044002cfff4
0014004c00040004
0004ffc4ffbcffe4
00b5009d008d0044
008500ed00d500cd
003c004c005c005c
0196019e01960196
018e018e018e0196
0175017d017d0186
016d016d016d0175
014d01550165016d
01ce01a6017d015d
0276024e022601fe
02e702cf02af0297
030f030f030702ff
0317030f030f030f
0317031703170317
02df02ef02ff030f
028702a702b702c7
01de020e0236025e
00c500e5013d0196
0024004c008d00ad
ffc4000c00240014
ffbcff9cff8cff9c
ffb4ff84ff6bff94
ffbcffd4fff4ffd4
ffdcffdcffdcffd4
ffdcffecfffcffec
fffcfffcfffcfff4
00b500740034fffc
00640085009d00cd
ffdc00240044006c
ffd4ffdcffd4ffac
004c000c0024001c
ffecffe4ffec0014
00b5008d004c001c
00f500fd00d500cd
0034005400640085
01a601a601a6019e
019601960196019e
017d01860186018e
016d016d0175016d
0155015d0165016d
01de01b601860165
027e025602360206
02ef02d702b70297
0317030f030f0307
0317031703170317
0317031703170317
02d702e702ff030f
028702a702b702c7
01d6020e0236025e
00b500dd013d017d
0004000c00640095
ff6bffbcfff40004
ffa4ff9cff6bff63
ffc4ffa4ff84ff9c
ffccffccffacffbc
ffacffccffd4ffe4
ff6bff7bff94ffb4
ff9cff9cff7bff73
ffe4ff94ff8cff73
009d00bd0095004c
0004003400440074
ff9cffb4ffccffdc
fffc001c0004ff9c
ffecfff400040014
008d003c000cfffc
011500fd00ed00dd
001c0044008500dd
01ae01ae01ae01a6
0196019e01a601a6
017d0186018e018e
016d016d0175016d
0155015d0165016d
01e601be0196016d
0287025e023e020e
02f702df02c702a7
03170317030f0307
0317031703170317
0317031703170317
02d702e702ff030f
028f02a702b702c7
01ce020e0236025e
007c00bd012d017d
fffcfffc002c0074
ff6bff84ffccffd4
ff5bff84ff84ff6b
ff94ffacffb4ff7b
ffa4ffa4ffbcff8c
ff73ff84ffc4ffd4
ff23ff0bff23ff53
ff2bff4bff7bff5b
ff3bff43ff33ff23
00850004ff9cff53
00040024006400a5
ffccffdc000cfff4
0004ffccff8cffb4
fffc0014ffdcffb4
006c000cfffcffec
012d011500fd00cd
001c006400d50115
01ae01ae01ae01ae
019e01a601a601ae
017d0186018e018e
016d017501750175
015d015d0165016d
01ee01c6019e0175
028f026e0246021e
02ff02e702cf02a7
03170317030f0307
0317031703170317
0317031703170317
02d702e702ff030f
028f02a702b702bf
01c6020e023e0256
006c008d010d017d
fff4fffc00040044
ff6bff84ffbcffb4
ff63ff5bff7bff6b
ff9cff8cffb4ff8c
ffd4ff94ff94ffac
ff3bff43ff53ff94
ff5bff13fefbff23
ff0bff0bff0bff4b
ff33ff33ff1bff03
ff6bff23ff03ff23
ffdc005c007cffe4
ffec000cffccffb4
ff7bff4bffa4ffbc
001cffdcffc4ffec
00340004fffc0004
013d010500e500b5
002c009d012d0155
01ae01b601b601ae
0196019e01a601ae
01860186018e018e
0175017d017d017d
0165015d0165016d
01f601ce019e0175
029f0276024e022e
02ff02e702cf02af
030f03170317030f
0317031703170317
0317031f03170317
02d702ef02ff030f
028702a702b702c7
01c6020e0236025e
0034006400fd0165
ffecfff4ffdc0014
ff8cffb4ffdcffdc
ff73ff6bff73ff6b
ff9cff94ff94ff84
ffb4ffc4ff94ff94
ff1bff3bff33ff4b
ff3bff43ff1bff0b
fef3ff0bff03ff0b
fef3fef3fefbfee3
ff13ff03ff1bff03
003c001cffa4ff33
fff4ff7bff7bffc4
ff03ff94ffc4fff4
ffe4ffbcfff4ff3b
000cfff4ffe40004
0125010d00e50074
006c00fd016d016d
01ae01b601b601ae
019e01a601a601ae
01860186018e0196
0175017d017d017d
016d01650165016d
020601d601ae0186
029f027602560236
02ff02ef02d702b7
031703170317030f
031f031703170317
0317031f031f031f
02d702ef02ff030f
028702a702b702c7
01a601ce020e025e
0004005c00d50145
000cfffcffe4fffc
ffbcffdcfffc000c
ff9cff84ff7bff9c
ffa4ffacff94ff7b
ff73ffbcffb4ff9c
ff0bff33ff3bff43
ff33ff2bff2bff1b
fef3fef3ff03ff0b
ff2bff2bff03fef3
fec3ff03ff2bff2b
ffecff43fed3feb3
ff1bff43ffc40034
ff23ffb4fff4ffec
ff8cff94ff2bfec3
0004ffe4fff4fff4
01250115009d004c
00c50175018e0155
01b601b601b601ae
019e01a601ae01ae
01860186018e0196
017d017d017d017d
016d016501650175
020e01e601b6018e
02a70287025e0236
030702f702df02bf
0317031703170317
031f031f03170317
0317031f031f031f
02d702ef02ff030f
028702a702b702c7
015501860206024e
000c005c00cd0125
00140004fff4ffe4
ffd4fff4000c001c
ffb4ff84ff94ffb4
ff9cffb4ffb4ffa4
ff63ff9cffa4ff94
ff3bff53ff63ff4b
ff2bff33ff3bff3b
fefbfefbfef3ff03
ff4bff43ff43ff2b
ff6bff7bff53ff4b
ff0bfe7afe83ff0b
fef3ffb40064000c
ff43ffccfff4ff03
ff3bfeebfeb3fed3
ffd4fffc0004ff8c
012d00cd00640014
016d019601550135
01b601ae01b601ae
019e01a601ae01ae
01860186018e0196
017d017d017d017d
016d016501650175
021601ee01c60196
02af028f0266023e
030f02ff02e702c7
0317031703170317
0317031f031f0317
0317031f031f031f
02d702ef02ff030f
027e029f02b702c7
012d017d01fe023e
002c006400bd0105
000400140004000c
ffec00140004fffc
ffccffacffacffc4
ff9cffacffc4ffbc
ff63ff8cff9cff94
ff63ff53ff6bff63
ff33ff63ff94ff73
ff33ff1bff13ff1b
fef3ff13ff0bff33
ff84ff3bff23ff13
fe62fef3ffb4ffd4
ff730054001cfee3
ffbcfff4ff23fedb
fefbfe9bfeabfee3
fffc0014ffb4ff43
00e5007c002cfff4
01de017d013d012d
01b601b601b601ae
019e01a601ae01ae
017d018601860196
017d017d017d017d
01750165016d016d
022601fe01ce019e
02b70297026e024e
030f02ff02ef02cf
0317031f031f0317
0317031703170317
0317031f031f031f
02d702ef02ff030f
0276029702b702c7
010d016d01ee0246
002c0054009500e5
00140024001c002c
0004000cffecfffc
ffecffe4ffd4ffe4
ffbcffbcffc4ffdc
ff7bffa4ffb4ffac
ff63ff73ff63ff8c
ff84ffacffacff63
ff5bff5bff4bff5b
fefbfefbff23ff53
feebfeebfee3fef3
ff3bffdcff94ff13
002c0034fefbfe5a
ffd4ff43fee3ff2b
fed3fe93fec3ff5b
0024ffdcffa4ff43
00950054001c000c
01b60175014d0115
01b601b601b601b6
019e01a601ae01b6
017d0186018e0196
0175018601860186
017d016d016d016d
022e01fe01ce01a6
02bf029f027e0256
0317030702f702d7
031f031f031f0317
0317031703170317
0317031f031f031f
02df02ef02ff030f
026e028f02af02c7
00bd014501ee023e
00340044005c009d
001400240034002c
ffec001cfffcffec
0004fffcffe4ffd4
ffc4ffbcffc4ffdc
ffa4ffbcffbcffbc
ff9cffb4ffa4ffa4
ffacffbcffa4ff9c
ff63ff6bff94ff9c
fefbff03ff2bff4b
febbfedbfedbfedb
ffa4ff33fecbfec3
0044ff4bfe9bff5b
ff53fee3ff4bffdc
fe83febbfed3ffc4
fff4fff4ffa4ff2b
006c0024ffe4fff4
015d016d012d00dd
01b601b601b601b6
01a601ae01b601b6
0186018601960196
017d0186018e018e
018e016d016d016d
023e020601de01b6
02bf02a7028f025e
0317030f02f702df
031f031f031f031f
0317031f031f0317
031f032703170317
02df02ef02ff030f
0246027e02af02c7
00cd00f501b6020e
0034004400440074
0024002400340034
0004001c0014000c
ffecfff4ffecfff4
ffdcffd4ffdcffe4
ffccffd4ffccffc4
ffbcffccffc4ffbc
ffbcffc4ffacffbc
ff63ff8cff9cffac
ff03ff0bff23ff4b
fecbfedbfed3feeb
ff3bfedbfeb3feab
ffd4fef3ff6bffa4
ff23ff1bff84004c
fe8bfeabff53ffa4
ffecffe4ffa4feab
002cffdcffbcffec
016d0155010d008d
01b601be01be01b6
01a601ae01b601b6
018e01860196019e
017d0186018e018e
01960175016d016d
0246021601e601be
02c702af028f0266
0317030f02ff02e7
0317031f031f031f
031f031f031f0317
031f0327031f031f
02df02ef02ff030f
0226025e02af02cf
0074009d013d01d6
0024003400440054
0034002400040014
0004fffc002c0034
fffc0004000c0004
fffcffecfffcfff4
ffecffecffecfffc
ffc4ffdcffd4ffd4
ffc4ffb4ffbcffbc
ff6bff73ff84ffbc
ff33ff1bff2bff4b
ff13ff2bff23ff33
ff3bff03ff33ff1b
ffa4ff73ffa4ff3b
feebfefb0004001c
feb3fed3fff4ff4b
ffdcffbcfefbfe6a
fffcffa4ffccffe4
0165011d00dd0044
01be01be01be01be
01a601ae01b601b6
018e018e0196019e
017d0186018e018e
01a6017d016d0175
024e021e01f601ce
02cf02af0297026e
031f0317030702e7
031f031f031f031f
032703270327031f
031f03270327031f
02e702f702ff0317
01de021e029702d7
005400ad01350186
00140024002c003c
0034003c001c000c
000400040034002c
0004000c001c001c
fffcfffcfffc000c
fff4000c00040004
ffdcffecffecffe4
ffc4ffbcffb4ffbc
ff84ff63ff7bffac
ff3bff53ff53ff63
fed3fef3ff0bff23
ff4bff53feebfebb
ff8cff8cff6bff4b
fe9bff430044ffb4
feb3ff63ff94ff13
fff4ff4bfe72feab
ffbcffacfff4ffcc
010d00fd007c0024
01be01be01be01b6
01ae01ae01b601b6
018e0196019e01a6
017d018e018e018e
01a6017d016d0175
024e022601fe01d6
02d702b7029f027e
031f0317030702ef
031f031f03170317
031f031f031f031f
03270327031f031f
02e702f703070317
017d01de027e02cf
00340074010d0175
0024002c00240014
00340034003c0024
fffc00040014001c
0004fffc0014000c
0004001c0024001c
fff40004000c0004
fff4000c0014fffc
ffe4ffdcffe4ffe4
ff94ff84ffb4ffc4
ff23ff33ff5bff73
fef3ff03ff1bff13
fee3fe72fe93fee3
ffb4ffa4ff2bfeab
fea3ff94fffcffb4
fedbffa4ff4bfecb
ffbcfec3fe8bfecb
ff6b0004ff94ffac
011500bd0054ffdc
01b601be01ae01ae
01ae01ae01b601b6
018e019e019e01a6
017d018e018e0196
01ae018601750175
025e0236020601de
02d702bf02a70287
031f0317030702ef
031f031f031f0317
0327031f031f031f
031f032703270327
02e702ff030f0317
015d01d6025e02c7
0034006400bd0125
0034004c00440024
002c002c002c0024
fffcffec000c001c
00040004001cffec
0004000c00240024
000400040024001c
fffc001c0024001c
0004ffecfffcfffc
ff84ff9cffd4ffec
ff1bff33ff4bff63
fee3fef3ff33ff23
fe6afee3ff33fefb
ffd4ff0bfe4afebb
fed3ffecffd4ffcc
feebff33fefbfe62
ff33fe83fed3feb3
ffdcffc4ff53ffd4
00dd008d0024ff5b
01ae01ae01a601a6
01a601ae01ae01ae
0196019e01a601a6
017d0186018e0196
01be0196017d0175
0266023e020e01e6
02df02c702af028f
031f0317030f02ff
031f031f031f0317
03270327031f031f
031f0327032f032f
02e703070317031f
012501a6022e02a7
001c004c007c00cd
003c004c002c000c
001c001c00040014
00240024001c0014
0004000c0024000c
fffc00040014001c
001c000c001c000c
fffc001c0014001c
fffcfffcfffcfff4
ff73ffacffd4fff4
ff33ff4bff53ff53
ff13ff43ff4bff2b
ff3bff63ff1bff03
ff33fe5afe8bfe7a
fedb002cff94fff4
feebfef3fe72fe3a
fee3fe93fedbfeab
0034ff4bff84ffd4
009d006cffa4ff5b
019e019e0196018e
01a601a601a6019e
019e019e01a601a6
017d018601960196
01c6019e017d0175
026e0246021601f6
02ef02cf02af0297
0327031f03170307
031f031f031f031f
032703270327031f
0327032f032f032f
02e703070317031f
00b5016501ce0276
00140024004c006c
0034003c003c002c
0024002c00240024
fffc001c0024001c
0024fffc000c000c
0004000c0004001c
000c000cffecfffc
0014fffcffe4fffc
ffd4ffe4fffc000c
ff7bffacffacffcc
ff3bff53ff5bff5b
ff5bff5bff4bff33
ff0bfedbfee3fefb
fe62fec3feebff43
ff33fffcff6bffa4
feebfeb3fe2afe32
feb3fe83fed3feb3
ff94ff0bffdcff84
008dfffcff43000c
0196018e0186017d
019e019e019e0196
019e019e01a601a6
017d018601960196
01ce01a60186017d
0276024e022601fe
02f702cf02b70297
032703270317030f
031f031f03270327
032703270327031f
0327032f032f032f
02c7030f0317031f
008d016501c6022e
0044002c002c004c
003400440044003c
001c002c002c002c
001c0024002c001c
0024fff4ffe4000c
002c0014001c0024
ffdc000c00140034
ffe4ffccffccffd4
ffccffe4000cfffc
ff6bff8cff8cffa4
ff53ff63ff53ff5b
ffbcff7bff63ff43
fee3ff0bff13ffa4
fe7aff43ff5bfef3
ff6bff94ff94fed3
fedbfe3afe0afe1a
fe7afebbfecbfecb
fefbff4bffe4ff03
0074ff6bff7b004c
017d017d017d016d
0196018e018e0186
019e019e01a6019e
017d01860196019e
01d601ae0186017d
027e025602360206
02ff02d702bf02a7
0327031f0317030f
0327032703270327
0327032703270327
032f032f03370337
028f02ff0317031f
006c012d0186020e
00440024001c0044
004400440044003c
0004001c0034004c
00340024001c0004
001c000c000c0024
002c00240034003c
ffccffec000c002c
ffdcffdcffd4ffe4
ffbcffe4ffd4ffdc
ff53ff73ff73ff8c
ff53ff5bff5bff53
ff63ff2bff1bff3b
ff2bff5bfffcfff4
ff13ff2bff13fee3
ff7bff84ff33fe9b
fe72fe12fe12fe4a
fe4afee3feb3ff03
feabffacffb4fe83
ffe4ff2bffe40004
017d0175016d015d
01960196018e0186
019e019e01a6019e
017d01860196019e
01de01b6018e017d
0287025e023e020e
02ff02df02c702af
0327031f031f030f
032f032f032f032f
032f032f032f032f
032f032f03370337
027602ff030f031f
005400dd016501ce
0034001c0004002c
004c0034003c002c
000c00040024003c
001c0014001c000c
001cfff4ffe40004
00240024002c0034
ffe4ffe4fff4000c
ffccffd4ffc4ffdc
ffb4ffe4ffc4ffbc
ff63ff73ff6bff84
ff53ff5bff63ff5b
ff5bff33ff3bff4b
ff8c000cfff4ff84
ff2bfefbfed3ff0b
ffbcff84fee3fee3
fe1afe12fe1afea3
fe4afef3fed3fec3
febbffe4ff63fe5a
ff33fecb0044ff73
01750175015d014d
0196018e01860186
019e01a6019e0196
017d01860196019e
01e601be0196017d
0297026e02460216
030702e702c702af
0327031f031f0317
032f032f03270327
03270327032f032f
0327032f03370337
023e02ff0317031f
0024009d014d0186
0034001c0004000c
0044003400240024
0004ffecfffc0024
0014000c00140014
ffe4ffd4ffccfffc
00140004fffc000c
fff4ffecfff4fffc
ffd4ffd4ffc4ffcc
ffacffdcffdcffdc
ff84ff84ff7bff8c
ff63ff5bff5bff73
ff23ff43ff53ff53
ffc4ffd4ff94ff84
fefbfee3feebffa4
ff9cff33fecbff23
fe22fe42fe42fec3
fea3ff1bfedbfe6a
ff53ffa4ff23fe93
fea3fedbffdcff1b
0175016d0155013d
018e018e0186017d
019e01a6019e0196
017d01860196019e
01f601ce01a60186
029f0276024e0226
030f02ef02cf02b7
032703270327031f
032f032f03270327
032f032f032f032f
0327033703370337
022e02f70317031f
ffd4002c011d0155
00240014fffcffe4
0024002c001c001c
001cfff4ffec0014
fffc000c00040014
ffd4ffd4ffd4ffec
fff4ffecffecfffc
ffccffdcffacffcc
ffccffccffc4ffbc
ff8cffb4ffdcffdc
ff8cff8cff94ff8c
ff73ff6bff6bff7b
ff5bff6bff63ff6b
ffecffb4ff84ff33
fef3ff03ff43ff94
ff5bff23ff23ff3b
fe3afe4afe7afeeb
fee3fed3fec3fe4a
ff33ffbcff2bfe93
fec3ff33ff94ff7b
016d015d0145012d
018e0186017d017d
019e019e0196018e
017d01860196019e
020601d601ae018e
02a7027e0256022e
030f02f702d702bf
032703270327031f
032f032f03270327
032f032f0337032f
032f033703370337
023e02df03170327
ffd4ffec00b5014d
001c0014fffcfff4
001400140024000c
0014fffc0004001c
fff4fffcffecfffc
fffcffecffecfff4
ffd4ffccffd40004
ffccffd4ffbcffb4
ffdcffd4ffccffc4
ff73ff94ffacffdc
ff8cff8cff84ff63
ff63ff7bff84ff84
ffd4ffacff8cff6b
fff4ff94ff13ff8c
ff23ff3bff43ffcc
ff43ff2bff0bff13
fe6afe6afea3fedb
fecbfe83feabfe5a
ff03ff73ff23fefb
fefbff6bff84ff3b
016d0155013d0125
01860186017d017d
019e019e01960196
018601860196019e
020e01de01b6018e
02a70287025e0236
031702ff02df02bf
032703270327031f
032f032f03270327
032f032f0337032f
032f0337033f033f
026602e7031f031f
ffd4ffd4007c015d
002c0024000cffdc
001c001c001c001c
0004000c000c000c
000c000cfffcfff4
0004fffcfffc000c
ffccffdcffd4fffc
ffecffdcffb4ffc4
ffe4ffd4ffe4ffdc
ff6bffa4ffbcffe4
ff8cff84ff84ff6b
ff6bff84ff8cff84
ffecff84ff63ff63
ffacff3bff630044
ff33ff0bffb4fffc
feebfec3ff6bff3b
fe93feabfeb3feb3
fe93fe2afeabfea3
ff2bff23feebfeeb
ff6bff73ff73ff13
016d01550135011d
01860186017d0175
01a601a6019e0196
0186018e0196019e
021601e601be0196
02af028f02660246
031f030702e702c7
0327032703270327
0327032f032f032f
03370337032f032f
032f0337033f033f
027602f703170327
ffbcffd4002c015d
fffcfff4fff4ffcc
002400140004000c
fffc000c000c000c
0004000cfffcfff4
ffe4ffccffe4fff4
ffe4ffdcffccfff4
ffe4ffe4ffccffd4
ffdcffccffdcffdc
ff63ff9cffacffdc
ff84ff73ff7bff73
ff6bff73ff7bff7b
ff8cff73ff7bff73
ff84ff1b0024003c
fef3ff63ffe4ffac
fe8bfebbffdcff43
feabfeabfeabfebb
fe4afe6afec3fedb
ff53ff23ff03fec3
ff43ff4bff4bff53
016501550135011d
018e017d017d0175
01a601a6019e0196
0186018e0196019e
021e01ee01c6019e
02b7029f0276024e
031f030702e702cf
0327032f032f0327
0327032f0337032f
033f0337032f032f
032f0337033f033f
029f02f7030f0327
ffacffcc001c018e
ffdcffd4ffccffbc
0014fff4fff4fffc
ffd4ffe4ffec000c
ffc4ffdcffccffd4
ffacffacffbcffb4
ffccffbcffbcffe4
ffccffc4ffc4ffbc
ffbcffccffbcffd4
ff6bff94ff9cffc4
ff8cff84ff8cff84
ff63ff5bff53ff63
ff94ff73ff63ff63
ff43ff9c0085ffdc
ff0bffacff94ff8c
fe6aff0bffa4fef3
fe83fe83fecbfea3
fe83fedbfef3feeb
ff7bff5bff23fe93
ffccff3bff1bff8c
0165014d012d010d
018e0186017d0175
01ae01a601960196
018e018e0196019e
021e01f601d601a6
02bf029f02760256
031f030f02f702d7
0327032f032f0327
032f032f0337032f
033f0337032f032f
032f0337033f033f
02b702f70317032f
ffa4ffac000c0175
ffc4ffbcffccffb4
ffccffc4ffc4ffcc
ffacffb4ffa4ffbc
ffccffd4ffbcffa4
ffccffacffacffb4
ffbcffdcffecffec
ff6bff84ff9cffa4
ffc4ffbcffbcff9c
ff6bff7bff94ffac
ff84ff84ff8cff94
ff4bff53ff4bff6b
ff94ff84ff6bff3b
ff530054004cffcc
ff33ff4bff63ff73
fe72ff3bfeebfedb
fe83fe8bfec3fe62
fed3fee3febbfe9b
ff7bff63fefbfe9b
ffecff1bff5bff94
0165014d012d010d
0196018e017d0175
01ae01ae019e019e
0196018e0196019e
022e020601de01a6
02c702a7027e0256
0327030f02f702df
0327032f032f032f
032f032f0337032f
03370337032f032f
032f0337033f033f
02970307031f032f
ffd4ffc4fff40125
fff4ffecfff4fffc
ffccffdcffecffe4
ffe4fffcffe4ffd4
000c0004fff4ffe4
ffd4ffccffd4ffe4
fff4fffc0014fff4
ffbcffd4ffecfff4
ffc4ff84ff84ffac
ff53ff33ff63ffac
ff73ff7bff73ff6b
ff53ff5bff5bff6b
ffacffc4ff6bff33
ffec0064000cffac
ff1bff33ff3bff4b
feabff13feabff23
feabfeabfe8bfe3a
fee3fea3fe93fea3
ffd4ff73ff0bff03
ff73ff5bffd4ff84
016d015501350115
0196018e017d017d
01a601ae01a6019e
0196018e0196019e
0236020601de01b6
02c702a7028f025e
0327031702ff02e7
032f032f032f032f
032f032f032f032f
0347033f032f032f
032703370337033f
020e02e70317031f
ffdcfffc0014009d
ffdcffe4ffe4ffdc
ffecffe4ffe4ffcc
ffccffbcffd4ffe4
ffecffd4ffdcffdc
ffdcffccffdcffec
fffc0004000cffec
ffecffe4ffdcffec
ff8cffacffd4fff4
ff2bff1bff73ff8c
ff7bff63ff43ff43
ff4bff5bff7bff73
fffcff8cff53ff43
004c005c0024fff4
ff13ff03ff33ff9c
feebfeb3ff03ff5b
feabfebbfe5afe5a
feb3fec3fea3feeb
0024ff5bff53ff2b
ff730014ffbcfff4
0175015d013d011d
019e019601860186
01a601a601a601a6
019e018e0196019e
023e021601e601b6
02cf02af02970266
0327031f030702ef
032f03370337032f
032f032f032f032f
034703470337032f
032703370337033f
01be02af030f031f
ffec00040014005c
ffccffccfff4ffe4
ffdcffdcffd4ffc4
ffccffbcffacffcc
ffecffec000cfffc
fffcfff40004fffc
fffcfff4fffc0004
ffe4ffe4ffdcffec
ffbcffc4ffbcffc4
ff2bff3bff6bff9c
ff5bff5bff53ff43
ff3bff5bff63ff5b
ffecff84ff4bff2b
004c0054005c004c
ff13fee3ff73000c
feb3febbff73ff23
fec3fedbfe72fe6a
fefbfec3feebfee3
005cff73ff6bff0b
ffc40034000c007c
017d016501450125
019e019601860186
01a601a601a601a6
01a6018e018e0196
024e021e01ee01c6
02d702af029f026e
0327031f030f02ef
0337033703370337
032f032f032f032f
033f033f0337032f
03270337032f0337
017d026e02ff0317
fff40004fffc003c
ffe4ffec0004ffec
ffdcffe4ffdcffe4
fff4ffd4ffc4ffcc
003c0024003c002c
0024002c0024001c
000cfff4000c001c
ffd4ffecfff40004
ffbcffb4ffacffcc
ff53ff53ff7bffac
ff33ff3bff43ff3b
ff43ff53ff5bff43
ffecff84ff3bff33
004c005400850034
fec3ff1bffdc003c
fe72ff33ff63ff13
feb3febbfe83fe7a
ff0bfefbff03fed3
ffccff84ff43ff5b
000c0034008500a5
017d0165014d012d
01a6019e018e0186
019e01a601ae01ae
01ae0196018e0196
0256021e01f601ce
02df02b7029f0276
032f0327030f02f7
032f032f03370337
032f032f032f032f
033f033f032f0337
0327032f032f0337
012d025602d70317
ffecfffcffec000c
ffe40004000cfff4
ffa4ffccffccffdc
0024ffecffb4ff9c
001c002c0034003c
ffecfffcfff4000c
000c0004fffcfffc
ffd4ffccffd40004
ffb4ffd4ffecffe4
ff7bff84ff8cff84
ff43ff53ff43ff4b
ff3bff43ff53ff4b
ffccff63ff3bff2b
006400950064fffc
febbff730004005c
fe93ff7bff33fefb
fe8bfeb3feabfea3
ff1bff03fed3fed3
ff53ff63ff53ff4b
0044009d00bd0034
017d016d01550135
01ae019e01960186
01a601ae01b601b6
01b60196018e019e
0256022e020601d6
02df02bf029f027e
032f0327031702ff
032f032f032f0337
032f032f032f032f
033f033f032f032f
0327032703270337
00c5023602af0307
fffcffdcffdcffe4
0014002c0024000c
ffecffd4ffd4fff4
0024001cfffcffec
000c000c0014002c
ffacffacffd40004
ffdcffe4ffdcffd4
ffd4ffc4ffccffcc
ffc4ffecffecffdc
ff73ff7bff8cff8c
ff43ff6bff63ff4b
ff23ff33ff43ff3b
ff94ff3bff2bff23
009500a5001cffec
ff13ffac0014003c
ff1bff53ff3bfecb
fee3fedbfef3feb3
fef3fed3ff23fec3
ff53ff53ff3bff5b
005c007c00e5ffdc
017d01750155013d
01ae01a6019e0186
01a601ae01b601b6
01be01960186019e
0266023e020e01e6
02e702c702a70287
032f032703170307
032f032f032f032f
032f032f032f032f
0337033f0337032f
0317031f0327032f
004401f602af02f7
ffe4ffa4ffb4ffcc
0034002c00240014
fff4fffc000c001c
002c001c00140004
ffecfff400040024
ffbcffa4ffacffe4
ffccffccffc4ffdc
ffccffccffb4ffb4
ffd4ffecfff4ffdc
ff6bff73ff7bffb4
ff33ff4bff53ff53
ff1bff3bff33ff1b
ff84ff33ff2bff23
00950064ffec000c
ff84ffec00340044
ff43ff13ff33fee3
ff03ff0bff0bfec3
fec3ff1bff23fed3
ff53feebff2bff03
006c009500cdffac
0186017d015d0145
01a601a6019e018e
01a601ae01b601b6
01c601a60196019e
02660246021e01ee
02ef02cf02af028f
032f0327031f0307
032f032f032f032f
032f032f032f032f
03370337032f032f
030f0317031f032f
002c019e02af02e7
ffd4ffb4ffb4ffe4
002c002c0014fffc
ffe4ffd4ffec0014
001c00240014000c
ffd4ffdcfff4001c
ffacffacffb4ffc4
ff9cff8cff9cffbc
ffccffc4ffb4ffb4
ffb4ffccffecffe4
ff63ff73ff84ffa4
ff53ff53ff53ff5b
ff0bff2bff23ff2b
ff6bff23ff1bff03
007c0024000c0014
ff9c0034001c0054
ff03ff13ff0bff6b
ff03ff23fed3fedb
fea3ff2bff03fee3
ff3bff1bff2bfe8b
00a501050034ffcc
018e017d0165014d
01ae01a601a6019e
01a601ae01b601b6
01ce01a60196019e
026e024e022601f6
02f702d702b70297
032f0327031f030f
032f032f032f032f
032f032f032f032f
032f0337032f032f
02ff030f03170327
0024013d029702d7
ffc4ffc4ffc4fff4
001c001c000cffe4
ffbcffacffb4ffec
fffc00040014fff4
ff8cffbcffdc0004
ff5bff63ff84ff7b
ffa4ff53ff5bff53
ffd4ffb4ff9cffcc
ffbcffb4ffacffcc
ff3bff5bff84ff9c
ff4bff4bff43ff53
ff0bff23ff23ff4b
ff4bff13ff03ff0b
0054fffc0014ffe4
ffdc000c0014005c
fee3ff2bff2bff8c
ff3bff1bfedbff13
fed3ff13fee3feeb
ff73ff5bfea3fe5a
011500c5002cffb4
018e0186016d0155
01b601ae01a6019e
01a601ae01b601b6
01d601ae0196019e
027e0256022601fe
02f702d702bf029f
032f032f0327030f
032f032f032f032f
032f0337032f032f
032f0337032f032f
02f7030f031f031f
004400ed024e02cf
ffc4ffec00140004
fffc000c0004ffdc
ffb4ffa4ffa4ffcc
fff40004fffcffcc
ff33ff6bffb4ffec
fedbfefbff2bff33
ff5bfefbfef3fecb
ffdcffc4ffd4ffcc
ff84ff7bffa4ffb4
ff23ff53ff73ff7b
ff3bff43ff2bff13
ff2bff2bff2bff3b
ff33ff1bff13ff23
0024000c0034ffbc
000c000400240064
ff0bff13ff43ff94
ff7bff03ff0bfedb
ff4bff23fecbff13
ff8cfecbfe5afec3
00ed008dfff4ff8c
01960186016d0155
01b601b601ae01a6
01a601ae01be01be
01de01b6019e019e
0287025e02360206
02ff02e702c7029f
0337033703270317
032f032f032f032f
032f0337032f032f
03270337032f032f
02ef030703170317
fff4008d01d602b7
ffccffdc000cfff4
ffe4000cfff4ffdc
ffbcff9cffacffcc
ffecfff4ffd4ffbc
fecbff13ff6bffac
fe52fe8bfeb3feab
fea3fea3fe52fe4a
ff63ff73ff73fedb
ff2bff63ff9cff6b
ff33ff4bff53ff43
ff33ff3bff03feeb
ff23ff2bff2bff33
ff53ff33ff1bff1b
000c0024003cffbc
fff4ffe400340074
feebfeebff4bffc4
ff4bff2bff03fee3
ff5bfed3fee3ff84
fedbfe83feabff4b
00d5005cff9cff94
019601860175015d
01b601b601ae01a6
019e01ae01b601b6
01e601be019e019e
028f0266023e020e
030702ef02c702af
0337033703270317
032f032f032f032f
0337033703370337
03270337032f032f
02e70307030f0317
ffc4ffcc00850226
ff94ffbcffecfffc
ffd4fff4ffdcffd4
ffb4ff94ffb4ffc4
ffacffc4ffbcffac
fe42fec3ff2bff4b
fe2afe4afe5afe52
fe52fe4afe0afe1a
fef3fed3fed3fe8b
ff43ff6bff5bff33
ff2bff3bff43ff4b
ff3bff23feebfeeb
ff23ff23ff23ff2b
ff5bff3bff43ff1b
0024003c0034ffcc
ffe4ffe4006c0074
feb3ff3bffb40004
ff43ff1bfeb3fea3
fedbfebbff7bff9c
fec3ff0bff63ff5b
0074000cff94ff13
0196018e017d0165
01b601b601ae01a6
019e01ae01b601be
01e601c601a6019e
0297026e023e0216
030702f702d702b7
032f0337032f031f
032f032f032f032f
0337033703370337
03270337032f032f
02d702ff03070317
ff63ff53ffe4017d
ff1bff53ff8cff8c
ffa4ff94ff73ff53
ffacff9cffbcffc4
ff73ff8cffacffa4
fe32fe72fed3fefb
fe22fe1afe1afe22
fe6afe5afe22fe2a
feabfe83fe8bfe8b
ff23ff03ff13fef3
ff0bff13ff2bff3b
ff23ff0bfee3ff03
ff2bff23ff2bff1b
ff63ff23ff43ff2b
fffc0014005c000c
ffe4002c006c005c
fee3ffb4fffc0004
ff1bfe93fe42fe6a
fe83fef3ff9cff8c
ff03ff9cff73feb3
ffccff5bff0bfecb
0196018e017d0165
01b601b601ae01a6
01a601ae01b601b6
01f601c601ae019e
029f0276024e021e
030f02ff02df02bf
03370337032f0327
032f033703370337
0337033703370337
03270337032f0337
02df02ff03070317
ff13ff6bfff40196
fec3fed3fedbfeeb
ff4bff13feebfec3
ffb4ffb4ffbcffac
ff2bff6bff8cff94
fe52fe62fe8bfecb
fe8bfe6afe4afe3a
ff03feebfebbfea3
feebfeebfefbff0b
ff03feebfedbfee3
ff13fef3fee3ff0b
ff0bfef3feebff1b
ff2bff13ff13ff0b
ff84ff2bff3bff33
ffd4fffc006c003c
000c005c003c0044
ff43ff8cffec0004
fe3afe02fddafe42
feb3ff53ff8cfef3
fe8bff5bfed3fe5a
ffecfefbfeabfe5a
019e01960186016d
01be01be01b601ae
01a601ae01b601be
01fe01d601b6019e
029f027e02560226
031702ff02e702c7
032f032f032f0327
0337033703370337
0337033703370337
03270337032f0337
025e02a702df030f
ff0bff63fffc016d
fec3fecbfecbfedb
fef3fedbfedbfed3
ffacffacffacff63
ff13ff53ff63ff84
fe8bfe7afe8bfecb
ff23ff03fec3fe93
ff94ff8cff6bff43
ff1bff43ff63ff73
feebfeebfeebff0b
ff03fee3fee3ff03
ff03feebfef3ff1b
ff13fef3feebfefb
ffbcff43ff33ff3b
ffccffec0044003c
003400540014002c
fedbff6b000cffd4
fda2fd61fd51fe22
feebff94ff33fe22
fe4afe52fe22fe4a
ffc4fed3fe62fe52
019e019e0186016d
01be01be01b601ae
019e01a601ae01be
020601de01b6019e
02a70287025e022e
0317030702ef02cf
0337032f032f0327
0337033703370337
0337033703370337
02a7032703370337
018e019e014d01a6
ff2bffbc0064011d
ff4bff63ff5bff3b
ff0bfef3fe93fee3
ff8cff8cff73ff1b
fed3fed3ff53ff8c
fec3ff03fefbfef3
ff84ff0bfea3fe8b
ffc4ffecffc4ffac
ff1bff4bff6bffa4
fedbfef3fefbff1b
ff13ff33ff1bfef3
ff03fef3fef3ff03
ff33fefbfedbfefb
ffd4ff4bff33ff3b
ff9cffccfff4000c
00240024000cffe4
fe9bffcc0024ffe4
fda2fd82fd8afe42
fedbff33fe62fd8a
fe9bfe83fe4afe4a
ff4bfedbfee3fec3
019e019e01860175
01be01be01b601ae
019e01a601b601be
021601e601be01a6
02af02870266023e
031f030702ef02cf
0337032f032f0327
0337033703370337
0337033703370337
0085023e032f0337
02ef02660175008d
ff5b00cd02360307
ffa4ffa4ff84ff5b
fe9bfdfafe9bff84
ff3bff43ff1bfebb
feabfe4afe8bff43
ff03fefbff13feeb
ff63ff33ff13ff23
ffccffecffacff84
ff1bff43ff5bffac
feebfedbfeebff13
ff03ff0bfef3feeb
ff03fefbfee3fefb
ff3bff1bfeebff03
ffacff4bff23ff2b
ff94ffb4ff8cff9c
001c0034004cfff4
ff63fff4ff9cffb4
fe02fdc2fe02fe42
fe8bfe7afdf2fdb2
feabfea3fe9bfe72
fedbff53ff33fedb
01ae019e0186016d
01c601be01b601b6
019e01a601b601be
021e01ee01c601ae
02b7028f026e0246
031f030f02f702cf
032f032f032f032f
0337033703370337
033f033703370337
0004004c02ef0337
0307026601a60105
ff7300a5023602df
ff9cff84ff8cff73
fe22fe3aff1bff6b
ff7bff73fefbfeb3
fec3fec3fe4aff43
ff1bff03fee3fedb
ff63ff33ff03ff53
ff8cffe4ffb4ff6b
ff03ff3bff8cff8c
ff13fedbfecbfefb
fedbfee3ff0bff1b
ff03fef3feebfeeb
ff2bff33ff03fefb
ff43ff33ff0bff13
000c002cffccff94
ffe4ff9c000c000c
ffacffb4ff1bff5b
fe4afde2fe1afe9b
fe7afe52fe22fdf2
fe5afe1afe4afe8b
ff4bff43fec3fe7a
01ae019e018e016d
01c601be01be01b6
019e01a601b601be
022601f601ce01ae
02b7029f0276024e
0327031702ff02d7
03370337032f0337
0337033703370337
033f033f033f033f
ff63ff13028f0337
015d0105011500ad
ffc4ffdcffcc00bd
ff5bff53ff6bff73
fdeafed3ff1bff4b
ffacffb4fee3fe7a
feabfea3fe62ff6b
fefbfeebff5bff63
ff7bff1bfecbff1b
ff5bffb4ffb4ff84
fecbff6bff84ff53
ff0bfefbfeebfef3
fed3fedbff03ff1b
ff03ff0bfefbfef3
ff13ff13ff33fef3
ffa4fff4ffd4ff5b
ffb4ffc4ffbcffbc
ffd4ffac000cffc4
ffd4ff53fedbffa4
fe42fe12fe3aff23
fe62fe52fe32fe3a
fdf2fdeafe32fe5a
fff4ff0bfe4afe1a
01ae019601860165
01c601c601be01b6
01a601a601ae01b6
022e020601de01b6
02c702a7027e0256
032f031f030702e7
03370337032f0337
0337033703370337
033f033f033f033f
fe8bfefb01a602ff
006cff13fea3fe93
00e5024e02460175
ff3bff6bff6bff84
fddafef3ff13ff13
ff43ffa4ff1bfe83
fe83fe6afe42feb3
ff13ff73fff4ff43
ff5bff03fec3ff1b
ff6bff73ff8cff73
fecbff63ff8cff8c
fefbfeebfee3feab
fed3feebfef3ff0b
ff33ff03fefbff03
ff94ff9cff84ff4b
ff1bff6bffb4ffa4
ffb4ff9cff7bff33
fff4fffc0044ffdc
ff9cff0bff0bffc4
fe4afe32fe9bff63
fe0afe3afe72fe7a
fdeafe12fe42fe3a
ffdcfed3fe3afe02
01ae019e0186016d
01c601c601be01b6
01ae01a601b601be
0236020e01e601be
02c702af02870256
032f031f030702ef
0337033703370337
0337033703370337
02ff033f033f033f
fdf2fe42ff2b00ed
02c7018e004cfeeb
013502e7032f0327
ff1bff3bff63ffac
fe3aff63ff3bff3b
ff23ff53fedbfe42
fe83fe52fe32feab
ff4bff6bff53fef3
ff53fedbff03ff84
ff5bff43ff6bff6b
fefbff53ff94ff8c
ff1bfef3fecbfe5a
ff3bff2bff03ff0b
ffd4ffccffb4ff7b
ff1bff53ff94ffbc
fef3feebfebbfeeb
ffacff7bff84ff2b
00140014003cffec
ff43ff2bff73ffc4
fe52fe52fec3ff0b
fe02fe02fe72fe8b
fdc2fe1afe62fe5a
ff94febbfe4afdd2
01ae019e01860175
01c601c601be01be
01ae01a601ae01b6
023e020e01e601c6
02cf02af028f025e
032f031f030702ef
0337033703370337
033f033f033f033f
02ff033f033f033f
fde2fe9b00040115
02d701f60125ffbc
015d02ef032f0327
ff0bff03ff03ffdc
fe83ff8cff23fee3
ffacffccff4bfe12
fe72fe32fe72ff4b
ff53ff33ff43fefb
ff2bfecbff4bffac
ff84ff6bff84ff8c
ff0bff0bff53ff7b
ff8cff0bff43ff03
ff9cffb40024005c
ffa4ffc4ffbcff94
fedbfef3ff2bff5b
ff0bfeebfebbfec3
ffc4ffa4ff7bff03
004c00440024ffe4
ff63ff94ff8cfff4
fe52fe5afe9bfedb
fe3afe02fe1afe62
fdaafe0afe6afe7a
ff5bfeabfe22fdb2
01ae019e0186016d
01c601c601c601be
01ae01a601ae01be
0246021601ee01ce
02d702b702970266
03370327030f02f7
033f03370337033f
033f033f033f033f
03370347033f033f
fdbaff13026e030f
02b701ce0135ff5b
014d02ff032f031f
fe6afea3fee3ffb4
fe32fe9bfe4afe1a
ffe40004ffd4fe02
fddafdbafe83ff73
ff53ff33ff0bfe7a
fedbff13ff8cffac
fff4ff73ff3bff23
ff1bff03ff84fffc
ff8cff23ffccff63
ff0bff2bff9c0024
ff6bff73ff4bff1b
fedbfeebff23ff43
ff0bfef3fee3fee3
ffdcffacff73fefb
00740074000cffcc
ffa4ffecff9c000c
fe52fe6afea3fef3
fe72fdeafdb2fe42
fda2fe12fe93fe9b
ff43feabfe0afdaa
01b6019e0186016d
01c601c601c601be
01b601a601ae01be
024e022601f601d6
02df02b7029f0276
03370327031702ff
033f03370337033f
033f033f033f0337
033f033f033f0347
fdc2ff7b02cf033f
029701be0125fed3
013502cf030f0317
fe8bfec3ff03ffb4
fe22fe9bfe12fe2a
ffec0004001cfe6a
fd79fd9afe8bff7b
ff33fefbfe6afdba
fee3ff33ff7bff84
fedbfe6afe8bfeb3
fee3fec3feebff03
ff1bff2bff43feeb
fef3fec3febbfeeb
ff63ff63ff5bff3b
fefbff0bff13ff3b
fefbfeebff03ff03
ffccff8cff53fef3
007c0054ffecffd4
ff7b000cffdc002c
fe3afe52fe9bfecb
fe8bfe32fdcafe12
fd9afe1afe8bfe9b
ff53feabfe12fda2
01b6019e0186016d
01c601c601c601c6
01be01ae01ae01b6
0256022e020601de
02e702bf02a7027e
0337032f031702ff
033f03370337033f
033f033f033f033f
033f033f03470347
fdca00a5031f033f
026e01b600c5fe3a
0125029f0307030f
ff0bff53ff6bffdc
fe62ff23fee3fecb
fffc001c002cff23
fd92fdcafecbff9c
feebfec3fe02fd69
ff2bff23ff23ff03
fe9bfe72fe9bfef3
ff03fed3fec3fea3
ff03ff23ff6bff4b
ff23feebfebbfed3
ff2bff5bff84ff53
ff03ff03ff03ff1b
fee3fee3ff13ff0b
ffdcff9cff4bff03
0064fff4000cfff4
ff63000c005c004c
fe2afe52fe72feb3
fe7afe62fe02fdb2
fdaafe32fe7afe7a
ff73fec3fe32fdba
01be01a601860165
01be01c601c601c6
01c601ae01ae01b6
025e0236020e01e6
02ef02c702af0287
0337032f031f0307
033f033f033f0337
033f033f033f033f
0347033f03470347
fe2a01860337033f
025601a6000cfdd2
012d0287030702ff
ff33ff5bff94ffec
feb3ff63ff3bff33
ffec002c0054ffac
fddafe02ff03ff9c
fedbfea3fdeafdca
ff2bff03ff0bfedb
feabfecbff03ff4b
ff23feebfeb3feab
ff33ff6bff8cff53
ff6bff33feebfefb
ff4bff6bff94ff9c
ff13ff13ff1bff23
fedbfefbff13ff0b
ffdcffb4ff4bfee3
008d002c00140004
ff4b000400ad009d
fddafe42fe7afe9b
fe42fe02fd92fd39
fdb2fe42fe8bfe83
ffacfeebfe5afdd2
01be01a6018e016d
01be01c601ce01c6
01c601ae01ae01b6
0266023e021601ee
02f702cf02b70297
033f03370327030f
033f033f033f033f
033f033f033f033f
0347033f03470347
fefb029f033f0347
0246017dff3bfda2
011d027e02ff02ff
ff6bff84ffbcfff4
febbffb4ffb4ff84
ffe40024004cffc4
fe02fe3aff2bffa4
fef3fea3fe1afe22
ff13ff23ff0bfee3
ff03ff43ff63ff53
ff4bff33fefbfef3
ff03ff6bff5bff4b
ffa4ff6bff1bff03
ff53ff63ff7bffac
ff23ff13ff23ff3b
fef3ff03ff0bff13
fff4ffdcff3bfeeb
0085004c0004fff4
ff4b000c00f500bd
fd92fe12fe7afeb3
fe12fdaafd41fd21
fdbafe4afea3fe83
ff8cff0bfe8bfdfa
01be01ae018e0175
01be01c601ce01c6
01ce01b601ae01b6
026e024e021e01f6
02ff02d702b7029f
033f03370327030f
033f033f033f033f
0347033f033f033f
034f034703470347
008503170347034f
023e011dfe72fdd2
0085021e02e702ff
ffb4ffbcffdcffe4
feb3ff7b0014fff4
ffcc002c0024ffe4
fe0afe7aff3bff6b
fef3fe9bfe5afe52
ff3bff43ff23fef3
ff94ff94ff7bff53
ff84ff73ff73ff84
ff1bff53ff33ff53
ff8cff8cff6bff43
ff5bff5bff53ff7b
ff23ff1bff2bff43
fefbff03ff0bff1b
fff4ffe4ff1bfef3
009d00950034000c
ff2bffdc00fd00ed
fd71fdeafe7afeab
fde2fd79fd49fd41
fdc2fe42fea3fe7a
feebff4bfeb3fe2a
01be01ae018e0175
01be01c601ce01c6
01ce01b601ae01b6
02760256021e01f6
02ff02df02bf029f
033f033703270317
033f033f033f033f
03470347033f033f
034f034703470347
020e033f03470347
022e00a5fe1afee3
003c017502bf02ff
ffc4ffacffbcffd4
ff53ff7bffecffd4
ffb4001c001c0024
fe12fedbff43ff5b
fee3feabfe5afe32
ff6bff63ff33ff03
0004ffecffbcff7b
ffb4ffa4ffc4000c
ff84ff63ff03ff6b
ff8cff94ffacff94
ff5bff3bfef3ff43
ff1bff2bff4bff53
fefbff13ff13ff1b
0004ffc4ff13fefb
00d500fd00640004
ff23ffb4010d013d
fd79fdcafea3fecb
fdcafd8afd82fd69
fddafe42fe9bfe72
fe4aff43ff13fe72
01c601ae0196017d
01be01c601ce01ce
01d601be01ae01b6
027e0256022601fe
02ff02df02c702a7
0337032f03270317
0347033f033f033f
033f033f033f033f
034f034f03470347
02f7033f0347034f
021e005cfe3a004c
001c00e502b702ff
ffc4ffbcffa4ffc4
ffb4ff2bfffcffe4
ff94fff4000c0024
fe62ff0bff2bff43
ff03fedbfe8bfe12
ff7bff73ff4bff23
000cfff4ffb4ff84
ffd4ffe40014001c
ffacff94fee3ff5b
ff73ffa4ffbcffac
ff33ff2bff23ff43
ff1bff43ff4bff4b
ff03ff1bff23ff1b
001cffccff3bff03
014d011d009d0024
ff43ffcc00fd016d
fd69fda2fe9bfee3
fdd2fda2fdaafd79
fe0afe3afeabfe7a
fe7afeabff4bfec3
01c601b6019e017d
01be01c601ce01d6
01e601c601b601b6
0287025e022e0206
030702e702cf02af
033f03370327031f
0347033f033f033f
034703470347033f
034f034f03470347
0337033f03470347
020e0074ff6b0226
ffec005c026e02ff
ffccffb4ffacffbc
ffccff2bffdc0004
ff6bffccfffc0014
febbff0bff2bff33
ff1bfefbfe83fe4a
ff73ff7bff6bff3b
ffe4ffd4ffbcff9c
ffe4fff40004fffc
ffa4ffb4ff0bff63
ff73ff94ff94ff94
ff3bff4bff5bff5b
ff1bff33ff3bff43
ff0bff13ff33ff23
0064fff4ff7bff33
0165011d00ad008d
ff63ffec00dd0165
fd49fd79fe8bfee3
fdf2fda2fdaafd71
fe5afe1afe9bfe9b
feabfe6aff2bff43
01c601b601a60186
01be01c601ce01d6
01ee01ce01be01b6
028f0266023e020e
030f02ef02d702af
033703370327031f
0347033f033f033f
0347034703470347
03470357034f0347
0337033f0347034f
01ee00ad01ce0317
ffd4000401ee02d7
ffccffacffc4fffc
ffe4ff4bff73001c
ff63ffa4ffec0014
fefbff1bff3bff43
ff13feb3fe62feb3
ff7bff9cff7bff3b
ffd4ffd4ffbcffa4
ffd4ffecffecffdc
ff8cffb4ff63ff2b
ff6bff5bff63ff73
ff53ff53ff5bff63
ff1bff2bff4bff4b
ff1bff13ff1bff2b
0095000cffccff5b
014d011500ed00f5
ff6b0014010d015d
fd51fd69fe4afeb3
fe3afda2fd71fd69
feabfe02fe72feab
ff1bfe7afedbffac
01ce01be01a6018e
01be01c601ce01ce
01ee01ce01be01b6
0297026602460216
030f02ef02d702b7
033f0337032f0327
0347033f033f033f
03470347033f0347
0347034f0357034f
0337033f033f0347
015d020e030f0327
ffd4ffb4012d01ee
ffdcffd400140044
fffcffbcff63ffb4
ff6bffacfff4000c
feebff1bff43ff43
feabfe52fe83feb3
ffb4ffccff8cff23
ffecffe4ffccffbc
ff8cffdcffdcffec
ff5bff7bff7bff4b
ff53ff43ff3bff4b
ff3bff43ff4bff4b
ff13ff2bff3bff2b
ff33ff23ff23ff1b
0085001c000cff5b
01450145013d0115
ff530054012d015d
fd49fd51fdd2fe6a
fea3fe1afd8afd59
fefbfe32fe3afebb
ff94fe9bfe7aff7b
01ce01be01ae019e
01be01c601ce01ce
01f601d601be01b6
029f0276024e0226
031702ff02df02bf
0347033f032f032f
034703470347033f
0347034703470347
0347034f034f034f
032f0337033f033f
0297030703170327
ff5bff5b00ad01c6
ff4bff5bffacffc4
fff4ffecff7bff23
ff3bff84ffecfffc
fea3fef3ff23ff2b
fe3afe42fe62fe6a
ffd4ffd4ff63feb3
0004fffcffe4ffdc
ff8cff8cff9cffdc
ff1bff33ff53ff73
ff43ff43ff23ff1b
ff2bff2bff23ff33
ff2bff33ff43ff3b
ff6bff2bff2bff23
00740024002cff94
0175015d0165012d
ff23006401450186
fdaafd69fd51fdca
feb3fe8bfe22fdda
ff63fe93fe1afe6a
ffb4febbfe72ff0b
01ce01be01b601a6
01be01c601ce01d6
020601de01c601b6
02a702870256022e
031f02ff02df02c7
0347033f0337032f
034703470347033f
034703470347033f
0347034f034f034f
0327032f0337033f
02ef0307030f0317
ff5bffdc022e02df
ff3bff43ff53ff53
ffe4ffc4ffb4ff4b
ff3bff73ffc4ffdc
fe32fe93feebff03
fe32fe3afe32fe0a
ff3bff03fec3fe52
ff8cffa4ff84ff53
ffa4ffacff9cffac
feebff13ff33ff63
ff1bff23ff03fee3
ff1bff13ff2bff1b
ff33ff33ff3bff33
ff3bff4bff33ff2b
009d001c005cffa4
014d01250165013d
fe8b008d016d01b6
fe5afe0afd8afd59
fe4afe6afe72fe72
ff7bfecbfe7afe2a
ffb4fefbfe83fec3
01ce01be01b601a6
01be01c601ce01d6
021601e601c601b6
02a70287025e0236
031f030702e702c7
034703470337032f
0347033f033f033f
034703470347033f
033f034f034f034f
031f0327032f0337
02df02f702ff030f
ffac0024025e02cf
ffacffa4ffacffac
ffdcffb4ffccffcc
ff4bff73ffc4ffe4
fe12fe52feb3fefb
fe3afe6afe72fe32
ff4bff53fedbfe2a
ff8cff63ff3bff33
ff63ff94ff94ff94
fef3fefbff0bff23
ff13ff0bfefbfef3
ff13ff03ff23ff1b
ff3bff43ff3bff23
ff6bff5bff2bff2b
00d5002c003cffc4
013d00d50135013d
fe1a0074017501ae
fe9bfe7afe1afd9a
fe1afe3afe7afe9b
ff13fef3feb3fe62
ff7bff3bfea3fe9b
01d601c601be01ae
01b601c601ce01d6
021601ee01ce01be
02af028702660246
0327030f02ef02cf
033f033f0337032f
0347033f033f0347
0347034703470347
033f034703470347
030f031f031f032f
02cf02e702ef02ff
ffd4002c024602bf
ffdcffe4ffecffd4
ffdcffd4ffc4ffcc
ff1bff5bfff4fff4
fe72fe5afe9bfee3
fe7afec3fef3fecb
ffb4ff73fe7afe12
ff94ff8cff8cff94
ff43ff63ff6bff73
fefbff03ff1bff33
ff33ff23ff1bff0b
ff13fefbfef3ff13
ff33ff33ff33ff1b
ff4bff43ff23ff2b
00ed0064003cffdc
0175010d00d5011d
fe02004c016501b6
fe93fe7afe42fde2
fe5afe3afe72fe93
fec3ff33fee3fea3
ff4bff4bfecbfe9b
01ce01c601c601b6
01b601be01ce01d6
021e01f601d601be
02b7028f026e024e
0327030f02f702df
033f033f033f0337
0347034703470347
0347034703470347
0337033f03470347
02ff030f03170327
02b702cf02d702ef
fffc0034020e02a7
ffd4fffc000cfffc
ffdcffdcffd4ffbc
fefbff43ffbcffec
fef3fe93feabfecb
fe93feebff3bff1b
ffccff33fdf2fe22
fff4fffcfffcffe4
ff73ff9cffacffc4
ff1bff23ff3bff63
ff43ff3bff33ff1b
ff2bff1bfef3ff1b
ff2bff23ff23ff23
ff43ff1bff23ff1b
00ed00cd00740004
017d014500cd00dd
fe02fffc0175018e
feabfe72fe32fdfa
fea3fe6afe72fe93
febbff5bff33fec3
ff73ff53fef3feab
01d601ce01c601be
01b601b601c601d6
022601f601de01c6
02bf02970276024e
0327031702ff02df
033f033f03370337
034703470347033f
0347034703470347
032f0337033f0347
02ef0307030f031f
029f02bf02bf02d7
fff4002401be028f
ffccfffcfff4ffec
ffe4ffc4ffb4ffa4
ff03ff33ff7bffc4
ff1bfecbfec3fee3
fe93fecbff03fee3
ffbcfee3fdb2fe2a
000c00140014fff4
ff9cffccffdcffec
ff2bff43ff5bff7b
ff4bff33ff23ff23
ff1bff13ff03ff23
ff0bfee3feebff1b
ff5bff1bff1bff03
00e500f500a5002c
016d0175011500dd
fe02ffc40175011d
fe9bfe7afe52fe12
febbfeabfe93fe8b
fecbff13ff5bfedb
ff94ff4bff1bfec3
01d601d601c601be
01b601be01ce01d6
022e020601e601c6
02bf02a702760256
032f031f030702e7
033f033f03370337
0347034703470347
0347034703470347
031f032f03370347
02df02f703070317
027e029f02a702bf
ffec001c0186026e
ffccfff4ffdcffdc
ff9cff8cff9cff94
ff0bff23ff33ff73
ff23feebfebbfee3
fe6afe9bfeb3fec3
ff94fe8bfd92fdfa
00240004fff4ffec
ffacffd4ffe40004
ff3bff53ff63ff8c
ff2bff43ff3bff2b
ff0bff1bff2bff2b
fef3fee3fef3ff0b
ff5bff0bff0bfefb
00d500dd005c0014
01150186011500f5
fe0affbc015d014d
feabfeb3fe7afe2a
fecbfed3fec3fe9b
fedbfef3ff23ff23
ff8cff53ff3bfedb
01de01de01ce01c6
01b601be01ce01d6
0236020e01ee01ce
02c702a7027e025e
032f031f030702ef
033f033f033f0337
0347034703470347
033f03470347033f
03170327032f033f
02c702df02ef0307
025e0276028702af
ffec001c014d024e
ff94ffd4fff4ffec
ff53ff53ff6bff5b
fee3ff13ff2bff4b
feebfec3fea3feb3
fe1afe4afe6afeab
ff7bfe7afdbafdba
00040004fffcffec
ffacffd4ffec000c
ff3bff63ff63ff94
ff33ff53ff5bff43
ff13ff2bff3bff3b
fef3feebff03ff0b
ff43ff03fef3fee3
00fd00bd009dffe4
00fd0125011d00dd
fe22ffb4017501ae
fedbfed3fe9bfe4a
ff4bff0bfeebfecb
fed3fed3febbff53
ff7bff53ff2bfef3
01de01de01d601ce
01c601be01c601d6
023e020e01ee01ce
02cf02af02870266
0327031f030f02ef
033f033f033f0337
03470347033f033f
0347034f03470347
03070317032f0337
02af02cf02df02ef
023e0256026e0297
ffdcfffc0105021e
ff63ffbcffd4ffd4
feebfefbff23ff0b
feabfec3fedbfef3
fe1afe62fe93fe9b
fdaafdb2fdaafdda
ff3bfeabfe4afdc2
ffe40004fff4ffd4
ff7bffb4ffccffe4
ff43ff5bff63ff7b
ff2bff33ff5bff53
ff23ff23ff3bff53
fed3fed3fee3ff03
fefbfec3fed3feeb
00e5008500b50004
0115010500e50145
fe3aff7b017d01b6
feebfedbfeb3fe6a
ffdcff5bff03feeb
fee3fed3feabfeeb
ffa4ff73ff23fef3
01de01de01d601d6
01c601be01c601d6
023e021601f601d6
02cf02af028f026e
032f031f030f02f7
033f033f033f0337
034703470347033f
033f034703470347
02f7030f03270337
028f02af02bf02df
020e022602460276
ffdcffe400cd01de
ff53ffacffb4ffb4
feabfee3fecbfee3
fe83fe8bfe8bfe93
fdeafdd2fdeafe42
fe02fdc2fdaafdba
ff0bfeebfecbfe6a
ffd4ffe4ffecffac
ff63ff73ffa4ffd4
ff3bff4bff6bff63
ff33ff2bff53ff3b
ff1bff0bff43ff5b
fec3fed3fee3ff03
ff1bfed3fecbfec3
010d0074008d0024
0145010d00ad014d
fe4aff33015501e6
ff03fee3fed3fe83
ff6bffdcff53ff23
feebfefbfeebfecb
ff73ff63ff33fef3
01de01de01de01d6
01ce01be01c601d6
0246022601fe01de
02d702b70297026e
032f031f030f02f7
033f033f033f0337
034703470347033f
033f034703470347
02e70307031f0337
0266028702a702c7
01c601ee020e0246
ffd4ffcc00850186
ff23ff84ffb4ffcc
ff03ff63ff3bfee3
fe12fe42fe72fe9b
fe93fe8bfe22fe2a
fe5afe4afe3afe52
feebfecbfecbfe93
ffd4ffd4ffc4ff73
ff84ff7bff8cffc4
ff4bff4bff43ff53
ff23ff33ff43ff3b
ff13ff13ff3bff3b
fec3fee3feebff03
ff63fed3febbfebb
011500a5005c0064
017500fd00dd0125
fe4afeeb011501de
ff2bff1bfee3fe9b
fefbffdcffecff63
ff03ff0bff23ff03
ff9cff73ff5bff23
01de01e601e601de
01ce01be01c601ce
0256022e01fe01e6
02df02bf029f0276
032f0327031702ff
033f033f033f0337
034703470347033f
033f034703470347
02df02ff0317032f
022e025e028702b7
016d01a601c60206
ffc4ffcc003c0125
ff3bff73ffbcffd4
ff63000cffecffb4
fea3feabfed3fed3
ff0bff2bfef3fed3
fe42fe83feb3fee3
fee3fed3fecbfe8b
ffdcffb4ff94ff43
ff8cff9cffa4ffb4
ff3bff43ff3bff53
ff3bff2bff43ff3b
ff23ff2bff23ff23
fecbfecbfee3ff0b
ffc4fef3feb3fec3
01350115009d0044
019e00e500d5010d
fe52feb300cd01c6
ff63ff23fee3fea3
ff03ff1b00340004
ff23ff33ff4bff4b
ff94ff84ff7bff63
01de01e601e601e6
01ce01c601c601ce
025e022e020e01e6
02e702c702a7027e
032f0327031702ff
033f033f033f0337
034703470347033f
0337034703470347
02cf02f7030f0327
01f60236026e02a7
0105013d016d01b6
ffacffbc000400b5
ffa4ff6bffa4ffb4
ff73001400540044
ff23ff63ff8cff9c
ff6bff73ff6bff6b
fe8bfebbff03ff43
fe9bfecbff13feb3
ffc4ffbcff9cfefb
ff84ff9cffa4ff9c
ff1bff43ff4bff4b
ff3bff23ff23ff2b
ff13ff33ff13ff23
fecbfec3fed3fef3
ffb4ff23fec3febb
011d00f500e50034
01a600dd00b500dd
fe6afe930074018e
ff94ff0bfee3fec3
ff53ff03ff8c004c
ff63ff5bff5bff7b
ff6bff8cff9cff84
01de01e601e601e6
01ce01c601c601c6
025e0236021601ee
02ef02c702a7028f
0337032f031f0307
0347033f033f0337
034703470347033f
0337034703470347
02bf02ef030f031f
01c6020e024e028f
009d00dd011d0175
ffa4ffb4ffdc0044
000cff73ff9cffa4
ffac000c00850064
ff84ffccffc4000c
ffa4ff94ff94ffbc
feebff13ff63ff33
fecbfedbff53ff2b
ffccffccff5bfe9b
ff84ff94ff9cffac
ff23ff2bff2bff53
ff23ff33ff4bff3b
fedbfefbff0bff13
fecbfecbfebbfecb
ffccff43fed3feb3
00f500b500b5007c
019e0125008d0095
fe7afe93002c0186
ffe4ff33fedbfebb
ff9cff63ff2bffb4
ff94ff73ff6bff94
ff94ffb4ffbcff9c
01d601e601ee01e6
01d601be01be01c6
0266023e021e01f6
02f702cf02af028f
0337032f031f030f
0347033f033f033f
034703470347033f
032f033f03470347
02af02df0307031f
019601ee02360276
003c008500cd0135
ffacffc4ffccfff4
0054ff7bff63ff8c
000c0014005c005c
ffc4ffd4ff94fffc
ffccffc4ff9cffc4
ff2bff73ff9cff7b
ff13ff53ffa4ff8c
ffd4ffa4fed3fe9b
ff6bff7bffacffbc
ff33ff43ff3bff5b
ff1bff33ff3bff3b
fecbfed3feebff0b
fecbfedbfecbfec3
fffcff43fec3feb3
00cd00c50095009d
01be014500d50074
fe8bfec3001c018e
ff84ff73fedbfeab
ffd4fffcff8cff63
ffccffacffa4ffbc
ffccfffcfffcfff4
01de01e601ee01e6
01de01c601c601c6
026e024e022601fe
02ff02df02bf0297
0337032f0327030f
033f033f033f033f
03470347033f0347
032f033f03470347
02a702d702f70317
016d01ce02260266
ffec0044009d0105
ffb4ffb4ffb4ffb4
0064ffe4ff73ff9c
fff4000c00240044
fffc0004ffacffd4
0004ffecffb4ffc4
ff3bffccffa4ffac
ff53ff84ffacffac
ffd4ff7bfe93fef3
ff73ff8cffc4ffbc
ff3bff43ff53ff6b
ff2bff43ff33ff3b
fee3fef3fefbff1b
fec3feebfedbfecb
0024ff73feebfeab
010d00d50095007c
01be014500c500a5
fef3ff1300540196
ff0bff33ff53feeb
fff4001cffccff8c
fffcffecffecffcc
00440064005c0054
01d601de01e601e6
01e601c601c601ce
027e0256022e0206
02ff02e702c7029f
0337033703270317
033f033f033f0337
0347034f034f0347
0327033f0347033f
029702c702ef030f
014d01a60206024e
ffc40014007c00e5
ffb4ffb4ffb4ff94
00440044ff9cff94
ffe4001c0054003c
001c0034ffe4ffa4
003c0004ffdcffec
ff6bffccffbcffac
ff94ff5bff94ff9c
ffbcff2bfeabff4b
ff63ff8cffc4ffc4
ff23ff23ff43ff63
ff0bff2bff2bff23
ff03ff1bff13ff0b
fed3feebfeebfeeb
005cff84ff33fed3
00d500ed0074008d
01e6015d010d00cd
003c000400ad0196
ff43ff03fff4ffdc
ffb4ffdc000cffec
002c000cfff4ffb4
00d500cd00bd009d
01ce01d601de01e6
01ee01ce01c601ce
027e0256022e0206
030702e702c7029f
03370337032f031f
033f033f033f033f
0347034703470347
03270337033f0347
028702b702e70307
0135018e01ee023e
ffacfffc005c00c5
ffb4ffbcffb4ff84
005c00850014ffa4
ffc40014005c001c
003c0034ffc4ff8c
001c00140034001c
ff7bffdcffd4ffc4
ff9cff3bffdcff6b
ff9cfee3feebff84
ff5bff8cffb4ffd4
ff1bff33ff43ff5b
ff0bff23ff1bff23
feebfeebff0bfef3
fee3fedbfee3fed3
006cff94ff6bfef3
00e500dd0074009d
01ce015d012d00e5
00c5007400dd019e
ff94ff2300440044
ff73ffe40054001c
0064003cfff4ff94
0175010d00e500bd
01ce01de01e601ee
01f601d601c601c6
028f025e023e020e
030702ef02cf02a7
0337032f0327031f
033f033f033f033f
0347034703470347
031f032f033f0347
027602af02df02ff
011d017d01de022e
ff94ffe4004400ad
ffc4ffc4ffb4ff73
003c00950024ffb4
ff4bff9cffdcffec
ffd4ffacff4bff43
fff4001c002cffd4
ff8cffc4ffd4ff8c
ff4bff5bffbcff43
ff43fecbff3bff8c
ff63ff6bffacffcc
ff2bff4bff43ff63
fef3ff0bff1bff1b
febbfec3fedbfed3
fef3fedbfecbfeb3
003cff7bff63ff1b
00e500850064006c
019601550125011d
00dd008d0115019e
ffe4ff43001c001c
ff5bffa4007c006c
006c004c0014ff7b
028701a6010d00b5
01ce01de01e601ee
01fe01d601ce01c6
028f02660246021e
030f02f702d702af
03370337032f031f
033f033f033f033f
034703470347033f
0317032f033f0347
0266029f02cf02f7
0105016501c60216
ff7bffc400240095
ffbcffc4ffbcff73
005c00ad000cffa4
fe83ff13ff8cffe4
fe1afe1afdd2fdfa
fed3fea3fe72fe2a
ff43ff7bff5bfed3
ff1bff5bff43ff33
fedbfef3ff7bff73
ff7bff84ff9cffa4
ff43ff43ff43ff6b
fedbfefbff1bff23
feabfeb3febbfec3
fef3fee3fec3fe9b
004cffbcff73ff33
00b50095005c004c
01a60165013d0145
00c500950115018e
0014ff84ffdc0024
ff5bffa4006c008d
00b500640014ff8c
027e027e01ce0115
01c601d601e601ee
020601de01ce01c6
0297026e024e0226
030f02f702df02b7
03370337032f031f
033f033f033f033f
033f033f033f033f
030f0327033f0347
0256029702c702ef
00ed014d01b60206
ff6bffac0014007c
ffbcffccffa4ff5b
ffe40085001cffac
fe32fed3ff43ff84
fd09fcf1fd09fd82
fd41fd41fd41fd39
feb3fe4afdc2fd59
ff6bff53ff0bfefb
fea3ff1bff84ff4b
ff94ff9cff8cff7b
ff3bff43ff43ff63
fefbfef3fef3ff1b
fe9bfea3febbfeeb
ff0bfeebfebbfeab
004cfff4ffa4ff5b
00ed00bd00b5006c
018e01a601960165
008d00bd00ed0155
004cffb4ff8c003c
ff73ff94001400a5
00fd00850024ffb4
ffdc011d01fe01b6
01ce01d601e601ee
020601e601ce01c6
029f02760256022e
031702ff02e702bf
033f0337032f031f
033f033f033f033f
033f033f033f033f
030f032703370347
0246028702bf02ef
00d5013d01a601fe
ff63ff9cfffc006c
ffccffccff9cff53
ff53004c003cffe4
fe12fe93feebff33
fd11fcd9fce1fd61
fd29fd51fd61fd51
fdcafd8afd31fd09
ff53ff03fe5afdda
fe7aff43ff5bff03
ff84ffacffacff53
ff1bff43ff5bff5b
fee3fef3fef3ff03
febbfebbfed3fedb
ff1bfefbfed3fecb
004c0024ffa4ff8c
010500bd00b500b5
017d01b601960135
005400c500ad0145
0064fff4ff630054
ff9cffa4ffb400a5
014500d50044ffcc
ff0bfef3ffac00dd
01ce01d601e601ee
020e01e601ce01c6
029f027e025e0236
031702ff02ef02c7
033f0337032f0327
033f033f033f033f
0347033f033f033f
0307032703370347
023e027e02b702e7
00bd0125018e01ee
ff63ff94ffec0054
ffdcffd4ffa4ff53
ff430024006cfff4
fe4afe62febbff13
fd01fcf9fd61fdda
fd82fdaafdc2fd82
fdcafdc2fd82fd69
fecbfe3afdfafdc2
fe7aff5bff4bfee3
ff8cffbcffacff1b
ff03ff43ff73ff73
fecbfee3ff03ff0b
fedbfecbfeebfedb
ff2bff0bfeebfed3
005c002cffd4ff9c
011500dd00dd00ad
015501960186013d
005400d500cd0135
00bd005cff84003c
ff8cffbcff940054
ff630054007c000c
ff0bfedbfe72fe72
01ce01d601de01ee
021e01ee01d601c6
02a7028f02660246
0317030702ef02cf
033f0337032f0327
033f033f033f033f
0347033f033f033f
02ff031f0337033f
022e026e02a702d7
00a5010d017501d6
ff5bff84ffd40034
ffdcffd4ff84ff4b
ff4bfffc007c0034
fed3feb3fec3ff13
fd21fd82fdfafe6a
fddafdf2fdd2fd69
fdf2fdf2fdc2fdca
fe0afdcafdeafdf2
febbff63ff3bfe9b
ff9cffccffbcff1b
ff13ff33ff6bff84
fee3fef3fef3ff13
fef3fedbfed3fedb
ff53ff1bff03feeb
008d0004fff4ff94
012d00f500dd00d5
015501be01ae0145
00a500ed00a500d5
009d005cffb4003c
ffacff94ffc4ffb4
fdfafe52ff43ffe4
ff03feebfe7afe22
01c601d601e601ee
021e01f601d601c6
02af028f026e0246
0317030702f702d7
033f033f032f0327
033f033f033f033f
03470347033f033f
02f70317032f033f
021e0266029f02cf
008500f5015d01c6
ff53ff73ffc40014
001cffecff94ff4b
ff73ffac00340064
ff33ff33ff13ff5b
fdf2fe2afe72fec3
fdf2fdd2fdc2fdea
fe0afe0afde2fdf2
fe4afe02fdeafe02
fef3ff3bff43feab
ffa4ffccffc4ff43
ff13ff2bff53ff84
fedbfef3ff13ff2b
fedbfec3febbfebb
ff6bff1bfefbfef3
008d003cfff4ffd4
0165011500c500dd
013d01ae0196013d
00cd00ed009d00b5
ffe40064ffdc0014
ff2bff73ffa4ff6b
fe12fddafdd2fe52
fef3fecbfe6afe3a
01c601d601e601ee
022601fe01de01c6
02b702970276024e
031f030f02f702d7
033f033703370327
033f033f033f033f
0347034703470347
02f703170327033f
020e0256028f02c7
006c00e5014d01ae
ff53ff6bffacfffc
002cffdcff73ff4b
ff9cffec0004004c
ff63ff94ff8cffb4
fedbfedbfeebff03
fe22fe22fe52fe93
fe6afe6afe52fe32
febbfe93fe5afe6a
fef3ff4bfef3feab
ffc4ffd4ffbcff53
ff0bff2bff43ff84
feebfef3ff1bff1b
feebfec3fec3fee3
ff8cff63ff13ff03
009d005c001cffdc
0186013d00cd00ed
00ed014d0155018e
00ad00b5009500a5
ff4b002c002cffc4
fdc2fe8bff23ff43
fe22fdf2fdc2fd9a
feebfe93fe52fe42
01c601d601de01e6
022e020601e601ce
02b7029702760256
0327031702ff02df
033f033f0337032f
033f033f033f033f
033f033f03470347
02e7030f03270337
01fe0246028702bf
005400cd0135019e
ff4bff63ff94ffe4
003cfffcff6bff43
ffb4fffc0034005c
ff8cffccffcc0004
ff23ff2bff2bff33
fec3febbfedbfeeb
fec3fed3fedbfebb
fedbfeebfecbfebb
ff2bff63fee3febb
ffa4ffc4ffd4ff6b
ff13ff33ff5bff8c
fefbfeebff0bff13
ff0bfeebff03ff0b
ffd4ff8cff3bff0b
00d500b50024ffdc
01be0165010500d5
00a500e5012d0196
005c0074009d0085
feebff7b000cffcc
fd71fd82fdfafeb3
fe12fdf2fddafdb2
febbfe62fe42fe52
01c601ce01de01e6
0236020e01e601d6
02c7029f027e0256
0327031702ff02e7
033f033f0337032f
033f033f033f033f
033f033f033f033f
02df0307031f0337
01ee023e027e02b7
003c00b5011d0186
ff4bff53ff84ffd4
007c0054ffe4ff43
0004fffc0044007c
ffd4ffec0004002c
ff43ff5bff73ff94
ff13ff23ff2bff33
ff03ff0bfef3feeb
feebff03ff13ff03
ff5bff7bfebbfecb
ff84ffbcffdcff73
ff03ff1bff53ff8c
fee3fee3feebfeeb
ff13ff0bff0bfefb
ffecff84ff5bff43
00d500d500440044
01ae018e00f500b5
002c00ad01150165
001400640095004c
fe4afeabff73ffd4
fd92fd71fd51fd9a
fdeafdeafdeafdb2
fe5afe32fe42fe3a
01c601ce01de01e6
0236021601ee01d6
02cf02a70287025e
0327031f030702ef
033f033f0337032f
033f033f033f033f
033f0347033f033f
02d702ff0317032f
01d6022e027602a7
002c009d010d0175
ff3bff43ff6bffbc
00bd00f50095ff6b
0004001c006c008d
ffe4001c00640054
ff9cffb4ffccffc4
ff6bff84ff94ff8c
ff63ff63ff53ff43
ff03ff33ff4bff53
ff94ff43feb3fee3
ffa4ffbcffccff73
ff23ff1bff4bff94
ff03feebfef3fef3
ff33fefbff0bff1b
fffcffacff7bff7b
00c5007c007c006c
0196017500dd0085
003c00c500fd016d
ffcc00440074005c
fd69fdf2fea3ff94
fd9afd82fd61fd49
fddafdd2fddafdb2
fdfafe12fe3afe02
01ce01ce01de01e6
0246021601f601de
02d702af028f0266
032f031f030702f7
033f033f0337032f
033f033f033f033f
033f0347033f033f
02d702f7030f0327
01ce021e026602a7
0014008500f50165
ff3bff3bff53ffa4
00f5013d00f5fff4
00140024009d00c5
0014005c008d006c
ffccffdcffe4ffd4
ffacffb4ffacffa4
ff73ff73ff8cff94
ff2bff6bff7bff63
ffacff0bfee3ff0b
ffcc0004ffecffbc
ff33ff3bff43ff7b
fefbfefbff1bff13
ff84ff03ff0bff0b
005c0014ffbcffc4
00bd006c008d007c
0196016500d500a5
002c009d00fd016d
ff63fffc003c004c
fd39fd39fdbafeab
fdb2fd92fd69fd49
fdc2fdc2fdc2fdb2
fdbafdf2fe02fdd2
01d601c601d601de
024e021e01fe01de
02d702af028f026e
032f0327030f02f7
033f033f03370337
033f033f033f033f
0337033f033f033f
02c702ef030f0327
01be0216025e029f
fff4006400dd014d
ff6bff2bff3bff94
0105014d01050064
004c006c009d00dd
003c009500c50095
fff4001c0024001c
ff7bffb4ffccffc4
ffb4ffccffa4ffbc
ff23ff63ff7bff5b
ffacff13ff13ff2b
00040014fff40024
ff5bff5bff73ffa4
ff0bff23ff43ff63
ff94ff23ff33ff13
0095006c0014001c
00a5007400ad009d
0196015d00dd00d5
0014007c00f50155
fe83ff840004001c
fd39fd19fd19fd92
fdb2fd9afd71fd51
fda2fda2fdbafdb2
fd82fdc2fdc2fdaa
01d601c601d601de
024e0226020601e6
02d702af02970276
03370327031702f7
033f033f03370337
033f033f033f033f
0337033f033f033f
02bf02e70307031f
01a601fe024e0287
ffdc004c00bd0135
ff9cff2bff2bff7b
00f5012d01050044
007c00a500bd00cd
0044009d00ed00c5
003c003c0034003c
ff84ffbc0024002c
ffacffecffb4fffc
ff23ff2bff53ff6b
ffccff53ff2bff1b
0024002400040044
ffa4ff7bffa4ffec
ff43ff73ff4bffbc
ffdcff6bff53ff63
00bd0064001c0044
00a500bd00dd00dd
0165012500ed00bd
fffc007c00e5016d
fd79feabffacffdc
fd39fd21fd09fd01
fdaafda2fd82fd59
fd71fd82fd9afda2
fd59fd92fd8afd79
01d601c601ce01d6
0256022e020e01e6
02df02bf029f0276
032f031f030f02ff
033703370337032f
033f033f033f0337
0337034703470347
02af02df03070327
018e01ee023e0276
ffbc003400ad011d
ffb4ff43ff1bff63
00dd010500fd005c
008d008d00d500e5
005c008500b500cd
0004002c001c0044
ffbc000c0074003c
ffbcffd4ffdc0014
ff23ff3bff5bff5b
ffacff5bff33ff03
003c0034004c0074
ffa4ff9cffa4002c
ff7bffb4ff73ff9c
0004ffbcffbcffcc
009d00640064007c
00fd00e500d5012d
00e5010d010d00ed
fff4005c008500bd
fcf9fd82fef3ff94
fd49fd31fd21fd01
fd9afd9afd8afd71
fd49fd61fd71fd92
fd41fd59fd59fd49
01d601c601ce01d6
025e0236021601ee
02e702bf029f027e
032f0327031702ff
033f033f03370337
033f033f033f033f
032f033f03470347
02a702d702ff0317
017501de022e026e
ffa4001400950105
ff7bff1bff13ff4b
00b500c50085ffec
00bd007c00dd00dd
005c007c009d00d5
ffec002cffec003c
ffd40054005cffdc
ffacffbcffd4ffec
ff13ff43ff53ff4b
ffbcff7bff3bff13
004c001c005c0064
ff9cffb4ffd40044
ff8cffecff73ff73
0014ffdcffec000c
008d0074008d009d
011500ad00ed012d
001c00bd00d50115
ffa4ffccfff4ffec
fcf9fce1fddaff3b
fd61fd41fd31fd11
fd79fd8afd8afd82
fd31fd49fd59fd71
fd29fd31fd29fd29
01d601c601ce01d6
025e023e021601ee
02e702c702a7027e
032f0327031702ff
033f033f03370337
033f033f033f033f
0327033f033f033f
029f02cf02ef030f
015d01ce021e0266
ff84fffc007c00ed
ff4bff03ff0bff33
0095008d001cffac
00cd00bd00e500dd
001c0034008d00d5
fff4001cffec000c
ffd40014000cff84
ff8cffa4ffc4ffac
feebff4bff43ff43
ffacffa4ff4bff1b
003c002c0085003c
fffcffccffe4006c
ffe4003cff9cff94
0034000cfffc001c
009d0095009d007c
00ed00b501050105
001c005400dd0115
ff2bff84ffa4ffa4
fd09fce1fcf9fe6a
fd71fd61fd41fd29
fd61fd71fd79fd82
fd31fd39fd51fd59
fd59fd39fd19fd21
01de01c601ce01d6
02660246021e01f6
02ef02cf02a70287
032f0327030f02ff
033f033f03370337
033f033f033f033f
031f0337033f033f
029702c702e70307
014d01b6020e025e
ff6bffdc005c00d5
ff1bfef3ff03ff23
00ad006cfffcff8c
00d500f500dd00d5
ffec003400b500dd
000c0034004cfffc
ffa4ffc4ffb4ff8c
ff94ff84ffa4ff94
fed3ff2bff5bff33
ffbcffb4ff73ff03
0024003c00ad0044
00340014ffbc006c
00340044ff7bffac
0034002c003c003c
006c00850064004c
00d500f5011500d5
ffec005400f50105
feb3ff1bff23ff7b
fd19fcf9fcc9fd51
fd71fd71fd51fd39
fd59fd59fd69fd82
fd41fd49fd51fd51
fd82fd79fd61fd49
01de01c601c601ce
026e024e021e01f6
02ef02cf02af028f
032f032703170307
033f033f03370337
033f033f033f033f
031f032f033f033f
028702bf02e70307
013501a601fe024e
ff5bffbc003c00b5
ff03feebfefbff13
007c0064ffbcff43
0115011500cd00a5
0004007400bd0105
fff4005400950044
ffa4ffacffacffcc
ff6bff43ff73ff43
fee3ff03ff5bff4b
ffe4ffc4ffa4ff1b
002c003c00950054
005c003cffbc0044
006c003cff53ffa4
004c00440024005c
006c0054000c0014
00ed00f500e50085
ff43ffb4004c00c5
fdcafeb3fedbff03
fd29fd09fce9fcd9
fd69fd79fd61fd49
fd59fd59fd61fd71
fd69fd59fd51fd59
fd59fd71fd79fd71
01ee01ce01c601ce
0276024e022601fe
02f702cf02b70297
032f0327031f0307
0337033703370337
033f033f033f033f
031f032f033f033f
027e02b702df02ff
0115018e01e6023e
ff43ffa4001c009d
fefbfeebfef3ff03
0044fff4ff4bff1b
012d010d00ad0095
0044009500d5012d
001c00850095006c
ffbcff94ff73ffdc
ff2bff33ff5bff7b
ff13ff03ff63ff8c
0014ffc4ffccff53
ffec007400ad007c
006c0034ffbc0004
0085003cff9cffbc
0044000c0004006c
0064000cfff4001c
00c50095009d00a5
fedbff33001400bd
fcf9fe22fe9bfec3
fd31fd19fd01fcd9
fd69fd82fd79fd51
fd59fd59fd61fd61
fd71fd71fd61fd59
fd39fd49fd61fd71
01ee01ce01c601c6
027e0256022e0206
02f702d702bf0297
032f0327031f030f
033f033f033f033f
0347034703470347
0317032f0337033f
027602af02d702ff
00fd017501d6022e
ff33ff8400040085
fefbfeebfeebfefb
0004ff94ff13ff13
014d00fd009d005c
0054008500e50135
001c005c006c006c
ffd4ffa4ff23ff73
ff5bff5bff73ff9c
ff2bff13ff84ffec
0044ffacffa4ffa4
0004006400c50085
00540024ffc40004
0064003cffdcffd4
002cffe4001c0054
ffc4fffc000c003c
00440054005c0044
feb3ff03ff9cfffc
fcc9fd29fe32fe8b
fd31fd21fd11fcf1
fd82fd8afd82fd51
fd69fd61fd61fd71
fd61fd79fd79fd69
fd39fd39fd49fd59
01f601d601ce01ce
027e025e023e0216
02ff02df02bf029f
0337032f031f0317
033f033f033f033f
0347034703470347
030f03270337033f
0266029f02cf02f7
00ed015d01be021e
ff1bff73ffec006c
fef3fee3fee3fef3
ffb4ff43fef3fefb
012d00bd00740004
0074009500fd012d
ffd4001c005c0074
ffecffa4ff1bff4b
ffa4ff94ff84ff9c
ff6bff2bffb4ffdc
0054ffb4ffa4ffd4
001c004400950085
0024ffecff8cffd4
003c002cffccff9c
ffd4fff4003c0014
ffccffdc0014003c
ffcc00340004ffac
fe7afea3fee3ff33
fce1fcc1fd61fe3a
fd41fd39fd21fd09
fd92fd8afd71fd59
fd79fd79fd82fd82
fd49fd59fd69fd71
fd41fd31fd31fd39
01f601d601c601c6
028702660246021e
030702e702cf02a7
0337032f03270317
0337033703370337
033f033f033f033f
030f03270337033f
0256029702c702f7
00d5014d01ae020e
ff0bff63ffd40054
feebfee3fee3feeb
ff3bfef3fee3fee3
00f50074000cffa4
00ad00ad00fd0125
ff8cffec00340074
ffbcffc4ff3bff3b
ffecffacffa4ffbc
0014ff84ffdcffe4
005cffccffacffdc
001c00240064009d
003cffdcff5bff9c
000cfffcffbcffcc
ffd4ffec0024ffdc
001cfffc001cfff4
ff73ff94ff33ffac
fe32fe62fe93fed3
fd01fcd9fcd1fd92
fd49fd41fd39fd29
fd79fd69fd59fd51
fd61fd69fd69fd71
fd31fd39fd41fd51
fd59fd41fd29fd21
01fe01de01ce01c6
028f026e024e021e
030702ef02d702af
0337032f03270317
0337033703370337
033f033f03370337
030703270337033f
0246028702bf02e7
00bd0135019601f6
ff03ff53ffbc003c
fee3fee3fee3feeb
fec3fecbfed3fedb
00d5004cff94ff13
00ad00c500fd010d
ff84ffc4003c0074
ffb4ffccff63ff7b
ffdcffc4ffbcffc4
005cfffcfffcffdc
0044ffd4ffccfffc
0004fffc003400a5
0034fff4ff73ff94
fff4ffccff9cffe4
ffd4ffd4ffd4ffc4
00240024ffccffac
fecbfecbff13ffd4
fdaafe2afe62fe9b
fd11fcf9fcc9fce9
fd49fd51fd41fd31
fd51fd51fd59fd59
fd39fd41fd41fd51
fd21fd29fd31fd39
fd61fd51fd31fd29
01fe01e601ce01c6
028f0276024e0226
030702f702df02b7
033f032f03270317
033f033f033f033f
03470347033f033f
0307031f032f033f
0236027602af02df
00a50115018601e6
fefbff3bffa40024
feb3fecbfee3feeb
fe02fdf2fe2afe83
0074ffbcfef3fe7a
00a500e500f500ed
ffc4ffdc007c008d
ffdcff53ff7bffa4
ffecffdcffb4ff94
0054000c0044ffec
0014ffccffc4fff4
ffccffd4ffec0064
fff4ffc4ff73ff7b
fffcffccff84ffcc
fffcffecffc4ffd4
ff73ff94ff43ff63
fe62fe83fecbff2b
fce9fdb2fe2afe5a
fd29fd19fcf1fcc1
fd51fd59fd51fd41
fd49fd49fd51fd51
fd29fd29fd31fd39
fd21fd21fd21fd29
fd61fd59fd41fd29
020601ee01d601c6
029702760256022e
030702f702df02bf
033f033703270317
033f033f033f033f
033f033f033f033f
02ff0317032f0337
0226026e02a702d7
008500fd016d01ce
fee3ff23ff840004
fdcafe2afe83fecb
fe1afdaafd59fd69
ffb4ff33fec3fe6a
00ad00e500f50085
0014000c00740095
fff4ff73ff73ffd4
0014fff4ffc4ffac
0054fff400540004
fff4fff4ffe4ffec
ffacff9cffe4005c
ffc4ff63ff7bff84
ffc4ff7bff63ffac
fff4ffacffacffbc
fedbfedbff13ff9c
fe42fe62fe83fedb
fcb9fcf9fdb2fe22
fd39fd29fd09fce1
fd59fd59fd51fd49
fd41fd49fd51fd59
fd21fd19fd29fd41
fd21fd19fd19fd21
fd69fd61fd59fd39
021601ee01d601c6
029f027602560236
030f02f702e702c7
033f032f03270317
033f033f033f033f
03470347033f033f
02f7031703270337
02160266029702cf
006c00e5015501be
fe7afee3ff63ffe4
fd41fd51fd92fe02
fe5afe2afdcafd61
fecbfe83fe9bfe4a
00b500d500cdffd4
001c004c007400a5
000cff9cff9cffe4
00240014ffec0004
0054000c004cfffc
ffdcffe4fff40014
ff63ff53ffd40044
ff7bff43ff5bff5b
ff9cff63ff9cffac
ff53ff73ff94ff5b
fe72feb3fefbff84
fe1afe3afe52fe6a
fce9fcb9fd09fdba
fd41fd39fd21fd09
fd59fd59fd59fd49
fd39fd41fd51fd51
fd19fd19fd29fd31
fd31fd19fd19fd21
fd71fd71fd61fd51
021601f601de01ce
02a7027e025e023e
030f02f702e702c7
033f03370327031f
033f033f033f033f
033f033f033f033f
02ef030f03270337
02060256028f02c7
004400c5013d01a6
fd8afe22feebff9c
fdd2fd69fd31fd39
fe4afe4afe3afe12
fe2afe2afe7afe5a
009500b5006cff4b
000c001c006c00b5
0034ff9cffb4fffc
0014002cfff40034
002c002c0054ffd4
ffbcffb4fffc0014
ff1bff1bff7bffe4
ff63ff53ff5bff4b
ff6bff94ff9cffcc
febbfef3ff0bff33
fe62fe83fed3fecb
fdbafe0afe2afe52
fd09fce1fcb9fd11
fd41fd41fd39fd21
fd51fd59fd59fd51
fd31fd39fd49fd51
fd19fd21fd29fd31
fd51fd39fd29fd29
fd71fd79fd69fd69
021e01fe01de01ce
02af028702660246
030f02ff02ef02cf
033f03370327031f
0337033703370337
0337033703370337
02df0307031f032f
01f60246027e02b7
ffb40095011d0196
fd19fd31fdcafeb3
fe2afe0afda2fd51
fe22fe32fe3afe3a
fdf2fdfafe3afe32
006c0044ffe4ff03
0004000c004c007c
001cff94ffbcffec
ffc40034001c0034
0014003c0074ffa4
ff94ff94ffd40004
feebfecbfeebff53
ff7bff73ff4bff23
ff7bff94ff6bffa4
fe7afea3fedbff43
fe42fe62fe8bfe6a
fd11fdb2fdf2fe22
fd21fd01fcd9fcb9
fd49fd41fd41fd31
fd49fd51fd59fd51
fd31fd31fd39fd41
fd29fd29fd31fd31
fd59fd59fd41fd31
fd69fd71fd71fd71
0226020601e601ce
02b7028f026e0246
030f02ff02e702cf
033703370327031f
0337033703370337
0337033703370337
02d702ff031f032f
01de0236027602af
fe3aff8400ad016d
fd8afd19fce9fd59
fe3afe3afe1afdda
fe1afe22fe32fe3a
fdc2fdd2fe12fe2a
0014ff8cfeebfe32
ffe40004002c003c
fff4ffa4ffb4ffd4
ffa40024002c000c
fff4002c005cffdc
ff43ff5bff8cffcc
fed3fe93fe62fe8b
ff84ff2bff0bfee3
ff1bff5bff5bff73
fe5afe7afeb3feeb
fe22fe3afe5afe6a
fcc1fd11fd92fdf2
fd39fd29fd01fce1
fd51fd49fd49fd41
fd49fd49fd49fd51
fd29fd31fd31fd39
fd39fd31fd31fd31
fd69fd69fd59fd49
fd71fd71fd71fd71
022e020601ee01d6
02bf02970276024e
0317030702e702d7
03370337032f0327
033f033f03370337
033f033f033f033f
02df02ff031f032f
0196021e026602a7
fd09fdbafef3006c
fe02fdaafd09fcc1
fe32fe32fe32fe2a
fe1afe1afe1afe2a
fd9afdbafdeafe22
ff84fec3fe12fda2
ffccffecfffcfffc
ffacff6bff94ffac
ffc4fff4000c000c
ffd400240004ffdc
fec3ff0bff53ff7b
fec3feb3fe93fe83
ff3bff0bff03fef3
fedbfef3ff0bff13
fe6afe7afe9bfeb3
fdeafe12fe2afe52
fce1fcc1fcf1fd8a
fd41fd41fd29fd09
fd51fd59fd59fd59
fd49fd49fd41fd49
fd31fd31fd31fd39
fd41fd39fd31fd31
fd71fd69fd59fd51
fd82fd71fd69fd71
0236020e01ee01d6
02c702a7027e0256
031f030702ef02df
033703370337032f
033f033f03370337
033f033f033f033f
02d702f7030f0327
ffdc0175024e029f
fcb1fce1fd59fe42
fe2afe1afdbafd09
fe2afe2afe32fe32
fe1afe1afe1afe1a
fd92fdaafdd2fe02
febbfe3afdcafd92
ffd4fff4ffc4ff5b
ffb4ff8cffbcff9c
ffbcffc4ffdcfff4
ff6bffe4ffccffa4
fe9bfeb3feebfee3
fef3feebfee3febb
ff1bff23ff1bff1b
febbfed3fedbfeeb
fe5afe7afe93feab
fd49fdcafe02fe32
fd11fce1fcb1fcb9
fd49fd49fd41fd31
fd49fd59fd61fd61
fd31fd41fd41fd41
fd31fd31fd31fd31
fd51fd49fd39fd29
fd71fd71fd61fd51
fd82fd79fd69fd69
023e021601f601d6
02c702a7027e0266
031f030f02ef02df
03370337032f032f
033f033f03370337
0337033f033f033f
02c702ef0307031f
fdc2ff2b011d0256
fd11fcb9fcc9fd19
fe2afe22fe12fdba
fe12fe22fe2afe2a
fe0afe12fe0afe0a
fda2fda2fdbafde2
fe12fdd2fdcafdba
ffecfff4ff0bfe52
ffa4ffbcffccffdc
ff73ff5bff8cffb4
fef3ff4bff94ff5b
fed3fed3fec3feab
ff1bff23ff0bfef3
ff1bff33ff3bff2b
feb3fed3feebfef3
fe3afe62fe8bfeb3
fc89fd11fda2fdfa
fd29fd09fce9fca1
fd59fd59fd51fd41
fd49fd51fd61fd69
fd31fd31fd41fd41
fd31fd31fd31fd31
fd61fd59fd49fd41
fd71fd71fd69fd61
fd79fd82fd79fd71
0246021e01fe01de
02c702a7027e0266
031f030f02f702df
03370337032f032f
033f033f03370337
032f033f033f033f
023e02df02ff031f
fd01fd79fe9b009d
fdc2fd29fcc9fcc9
fe22fe22fe1afe0a
fe0afe1afe22fe22
fdf2fe0afe0afe02
fdc2fdb2fdbafdca
fdaafdbafdcafdca
fff4ffccfe2afdc2
ff6bffacffbcffbc
ff2bff13ff3bff63
feebff03ff33ff3b
fef3fef3fee3fedb
ff33ff33ff0bfefb
ff23ff2bff3bff43
fe9bfebbfeebff13
fde2fe22fe52fe8b
fc91fc70fcd9fd71
fd41fd31fd19fcf1
fd61fd69fd61fd51
fd49fd49fd51fd61
fd39fd39fd39fd41
fd49fd49fd41fd39
fd61fd61fd61fd51
fd71fd69fd69fd69
fd8afd8afd79fd71
0246022601fe01e6
02cf02af0287026e
0327030f02ff02e7
03370337032f032f
0337033f033f0337
032f033f033f033f
000c020e02ef031f
fcc9fcf1fd59fe3a
fe02fdd2fd51fcd9
fe1afe1afe1afe12
fdfafe0afe1afe1a
fdeafdfafe02fdfa
fdc2fdcafdc2fdd2
fd82fdaafdbafdba
ffe4ff63fd29fd11
ff3bff84ffa4ffcc
ff1bff23ff23ff3b
fef3ff0bff23ff2b
ff0bff2bff23ff03
ff2bff2bff0bfefb
ff13ff0bff13ff23
fe6afe9bfecbfef3
fd29fdbafe12fe5a
fcf9fc78fc70fca1
fd59fd49fd41fd31
fd69fd71fd69fd61
fd49fd49fd51fd61
fd41fd41fd39fd41
fd59fd49fd41fd39
fd71fd69fd59fd59
fd79fd71fd71fd71
fd92fd8afd82fd79
024e022e020e01ee
02d702b7028f026e
0327030f02ff02ef
03370337032f032f
0337033703370337
032f033f033f033f
fdf2ff9c01de02ff
fce1fcc9fce9fd41
fe1afe12fdf2fd71
fe1afe12fe1afe1a
fdfafe02fe02fe1a
fde2fdf2fdfafdfa
fdb2fdc2fdcafdd2
fd21fd8afdb2fdb2
ffccfe7afce1fca9
ff4bff8cffc4ffd4
ff43ff4bff3bff33
ff1bff1bff3bff43
ff0bff3bff4bff3b
ff1bff0bff23ff0b
fed3fef3ff0bff0b
fe42fe5afe7afeb3
fc70fcd9fd8afdfa
fd41fce9fc81fc68
fd69fd61fd61fd59
fd61fd69fd69fd69
fd49fd51fd51fd59
fd41fd41fd41fd49
fd69fd59fd51fd49
fd79fd79fd69fd61
fd79fd79fd71fd71
fd92fd8afd79fd79
02560236020601ee
02d702b702970276
03270317030702ef
03370337032f032f
0337033703370337
02ff032f033f0337
fd41fdd2ff5b01b6
fd8afcf1fcd9fcf9
fe1afe12fe12fdfa
fe22fe1afe12fe12
fdfafe02fe0afe12
fde2fdeafdfafdfa
fdaafdbafdc2fdda
fcb9fd49fda2fdaa
ff8cfdaafca1fc78
ff6bff94ffbcffcc
ff53ff5bff43ff43
ff43ff3bff5bff4b
ff0bff13ff43ff53
fee3fef3ff1bff2b
fe8bfeabfedbfeeb
fdc2fe0afe4afe7a
fc70fc68fca9fd41
fd51fd41fcd9fc89
fd71fd69fd69fd69
fd59fd61fd71fd71
fd49fd51fd59fd51
fd51fd49fd49fd49
fd69fd59fd59fd51
fd79fd79fd71fd69
fd8afd82fd79fd71
fd8afd8afd8afd8a
0256023e020e01f6
02df02bf029f0276
03270317030702ef
033703370337032f
0337033703370337
01d6031703370337
fd11fd51fde2ff63
fdfafd82fd01fcf1
fe12fe12fe12fe12
fe22fe2afe22fe12
fe02fe02fe02fe02
fde2fde2fdfafe02
fdb2fdbafdc2fdda
fc81fce1fd79fdaa
fed3fd11fcb1fc89
ff73ff84ff9cff9c
ff43ff53ff3bff4b
ff3bff4bff63ff53
feebfefbff1bff3b
febbfecbfefbff03
fe52fe7afea3feb3
fcf1fd92fdf2fe2a
fc91fc81fc70fc89
fd69fd59fd49fcc9
fd71fd69fd69fd71
fd51fd59fd71fd71
fd49fd51fd51fd59
fd51fd49fd41fd49
fd71fd69fd61fd51
fd82fd79fd79fd71
fd8afd8afd82fd79
fd92fd8afd92fd8a
003c004400440054
006400540044003c
007c0074006c006c
0095008d00850085
00a500ad00a5009d
00cd00a5008d0095
01ce018e01450105
0287025e022601f6
02f702e702cf02a7
02ff02ff02ff02f7
0307030702ff02ff
02f7030703070307
027602b702cf02df
017501c602060246
fffc006400cd0125
ff6bff7bff8cffac
ff5bff5bff5bff5b
fedbff13ff3bff63
ff73ff43ff0bfecb
000cfffcffe4ffb4
ffe4ffccffd4fffc
fff4ffe4ffd4ffd4
000cffecffdcffec
000c001c00140004
fffcfffc0004001c
fe8bff03ff94ffdc
fe0afdfafe02fe42
fe52fe42fe32fe22
febbfeabfe8bfe6a
ff03fef3fee3fecb
ff13ff13ff13ff03
ff0bff0bff0bff0b
005c0054005c0064
00740064005c0054
0085007c0074007c
009d008d00850085
00a500ad00b500a5
00dd00ad00950095
01d60196014d010d
028f025e022e01fe
02f702e702cf02af
0307030702ff02ff
030702ff02ff02ff
02f702ff03070307
027602a702c702df
017501c602060246
fff4005400bd011d
ff8cff8cff9cffac
ff7bff7bff8cff8c
ff2bff33ff63ff84
ffacffacffa4ff6b
ff94ff94ffa4ffac
ffa4ff9cff94ff94
ff9cff84ff9cff9c
ffc4ffbcffccffac
0034002c0004ffdc
0014002400240034
001c002c002c0004
fedbff3bff94ffdc
fe93fe8bfeb3feab
fedbfec3feb3fe9b
ff13ff0bfef3fee3
ff13ff13ff1bff13
ff0bff0bff0bff0b
007c008500850085
008500850085007c
008d008d008d008d
00a50095008d008d
00ad00ad00b500ad
00e500b50095009d
01de019e01550115
029702660236020e
02f702ef02d702b7
0307030702ff02ff
0307030703070307
02f702ff03070307
0266029f02bf02d7
016d01b601fe023e
fff4004400a50105
ffbcffacff9cffbc
ff73ff73ff9cffb4
ffa4ff84ff53ff6b
ff73ff84ff84ff94
ff84ff7bff73ff73
ffb4ff94ff84ff84
ff84ff9cffacffb4
ff5bff5bff73ff6b
ffdcffbcff94ff7b
004400540044001c
0014fffcfffc002c
005c00740064002c
fec3feebff53ffdc
fee3fedbfecbfebb
ff1bff13ff03fefb
ff13ff13ff1bff13
ff0bff0bff13ff13
00a500ad00ad00ad
00ad00ad00ad00a5
0095009d00a500a5
00a5009d0095009d
00ad00bd00bd00ad
00ed00bd009d00a5
01ee01ae0165011d
029f026e023e0216
02f702f702df02bf
0307030702ff02ff
0307030703070307
02ef02ff03070307
0266029702bf02d7
015501a601ee0236
fff40044009d00f5
ffd4ffecffd4ffcc
ff8cff94ffacffb4
ff63ffacffb4ff9c
ff7bff84ff7bff63
ff63ff84ff84ff8c
ff33ff4bff4bff6b
ff5bff4bff43ff4b
ff4bff63ff73ff7b
ff43ff2bff23ff4b
000cffd4ff8cff7b
001c0034003c0024
004cfffcffdcffec
ffac003c008d008d
ff0bff03ff13ff43
ff13ff0bff0bff0b
ff1bff13ff1bff1b
ff0bff0bff0bff13
00c500cd00cd00d5
00c500cd00cd00cd
00ad00ad00bd00bd
00b500a5009d00a5
00ad00c500c500b5
00f500c500a500a5
01fe01be01750135
02a7027e024e0226
02ff02f702e702c7
0307030702ff0307
0307030703070307
02ef02ff03070307
025e028f02b702cf
014d019e01e6022e
000c004400a500ed
fffc0044003cfffc
ffe4ffccffbcffdc
ff8cff73ff84ffbc
ff84ff94ff84ff8c
ff23ff33ff3bff6b
ff1bff23ff0bff13
ff43ff33ff2bff33
ffa4ffacff94ff73
ff53ff53ff84ff8c
ff8cff63ff63ff6b
0034003cffecffb4
000c0024001c001c
006c002cffe4ffd4
ff4bff8c0014007c
ff0bff0bff1bff23
ff13ff13ff13ff13
ff03fefbff03ff0b
00e500ed00ed00ed
00dd00e500e500e5
00bd00c500cd00d5
00b500b500ad00b5
00ad00c500c500b5
010500d500ad00a5
020601ce0186013d
02b7028f025e022e
02ff02f702e702c7
0307030703070307
030f030703070307
02ef02ff03070307
025e028f02b702cf
014d019601de0226
001c004c009d00ed
002c00540054003c
ffb4fffcffecffe4
ff5bff73ff84ff94
ff53ff53ff53ff53
ff33ff3bff23ff33
ff33ff33ff3bff3b
ff4bff3bff33ff33
ffa4ff73ff5bff53
ff94ff84ffacffbc
ff5bff6bff84ffa4
ffd4ffb4ff84ff73
002c002c00340004
ffb4ffbc00040034
fff40064006c000c
ff13ff1bff3bff7b
ff03ff13ff13ff13
feebfef3fefbff03
0105010501050105
00ed00f500fd00fd
00cd00dd00dd00e5
00bd00bd00b500bd
00b500c500c500bd
010d00dd00b500a5
020e01d60196014d
02bf029702660236
030702ff02ef02cf
030f030703070307
030f030f030f030f
02e702ff0307030f
0256028702af02c7
013d018e01d60216
004c004c008d00e5
00140024001c003c
ffb4ffc4fffc0014
ff5bff73ff84ff94
ff43ff53ff63ff5b
ff63ff63ff4bff43
ffa4ff94ff84ff6b
ff94ffa4ffacff9c
ff84ff94ffa4ff8c
ff9cff94ff84ff7b
ff6bff84ff94ffac
ff5bff7bff63ff6b
0014001cffccff7b
ffe400140014ffe4
005c0014ffccffc4
ff4bff8cfff4004c
ff03ff0bff1bff1b
fee3feebfef3fef3
01150115011d0115
0105010501150115
00dd00e500ed00ed
00c500c500bd00cd
00bd00c500c500bd
011d00e500b500ad
021601e6019e015d
02bf029f0276023e
030702ff02f702d7
030f030703070307
030f030f030f030f
02df02f70307030f
024e028702a702c7
0135018601ce020e
00540064008d00dd
000c0024fff4001c
ff8cffd4ffd4001c
ff43ff84ff8cff8c
ff4bff7bff73ff43
ff13ff0bff2bff1b
ffa4ff63ff53ff33
ffdcffdcfff4ffcc
ff9cffbcffbcffbc
ff7bff94ffb4ffac
ff63ff53ff63ff73
ff73ff7bff84ff73
ffdcffa4ff73ff4b
fffcffe4ffe4000c
0014ffe4ffd4ffec
ffcc0034004c0034
ff03ff1bff33ff63
fecbfedbfeebfef3
012d012d01350135
010d011d0125012d
00e500f500fd00fd
00c500c500c500d5
00b500bd00c500c5
013500f500bd00ad
022601ee01a6016d
02c702a702870256
030702ff02ff02e7
030f030f0307030f
0317030f030f030f
02df02f70307030f
02460276029f02bf
0135018601ce020e
0044006c009d00d5
fff400040014000c
ff6bff9cffccffd4
ff5bff63ff73ff84
fef3ff13ff3bff53
fefbfed3fecbfecb
ff7bff84ff63ff33
ffacffb4ffacff8c
ff84ff8cffa4ffac
ffb4ffccff9cff9c
ff43ff53ff63ff84
ff8cff9cff84ff84
ffa4ff84ff73ff73
ff7bff9cffbcff7b
0014fffcffbcff8c
003c003c002c0014
ff13ff4bff8cfff4
febbfed3fefbff03
013d014d0155014d
011d012d013d013d
00ed00fd0105010d
00cd00cd00cd00dd
00bd00c500c500c5
013d010500c500b5
022e01fe01b6017d
02cf02af028f025e
0307030702ff02ef
030f030f0307030f
0317030f030f030f
02d702ef0307030f
0246026e029702bf
0135018601ce020e
0034007c00bd00e5
ffe4ffec001c0004
ff5bff73ff94ffb4
ff3bff43ff4bff5b
febbfeebfeebff13
ff33ff3bfefbfec3
ffa4ffacff8cff63
ffbcffacffa4ff94
ff9cffa4ff94ffb4
ffacff8cff8cff9c
ff6bff8cffb4ffb4
ff6bff63ff8cff94
ff7bff53ff53ff6b
ff63ff73ff6bffa4
0004ffbcff63ff33
003c002c00140014
ff2bff73000c0054
fea3feb3fed3fef3
015d015d01650165
012d013d0145014d
00f5010d0115011d
00d500d500d500e5
00b500bd00c500cd
014d010d00d500bd
0236020601ce018e
02d702b702970266
0307030702ff02f7
0317030f030f030f
0317031703170317
02d702ef0307030f
023e0266028f02bf
0135018601c60206
001c006400b500ed
ffccffe4fffcfff4
ff4bff4bff4bffa4
fefbff03ff23ff1b
fef3fed3fec3fed3
ff5bff53ff03ff0b
ff2bff43ff4bff6b
ff73ff63ff53ff43
ff9cff9cff94ff7b
ff8cff94ffbcffbc
ffa4ffb4ff84ff6b
ff7bff63ff63ff84
ff53ff94ffa4ff94
ff5bff8cffc4ff73
ffacff6bff2bff3b
005c00440034000c
ff4bffc4004c005c
fe93fe93feb3fef3
01750175017d017d
013d014d01550165
00fd010d01150125
00d500d500d500ed
00b500bd00c500cd
0165011d00dd00bd
0246021601d6019e
02d702bf02a7027e
030f030f030702f7
03170317030f030f
0317031703170317
02d702ef0307030f
023e0266028f02b7
013d018601c601fe
0024005c00ad00f5
ff9cffb4ffdcfffc
ff33ff6bff5bff84
fed3fed3ff03ff1b
feebfee3feebfecb
ff33ff4bff43ff03
ff4bff13ff03ff0b
ff3bff33ff5bff5b
ffa4ff94ff7bff5b
fffcffe4ffdcffc4
ffc4ffacffacffe4
ff33ff1bff6bffb4
ffacffacff8cff53
ff8cffccff84ff84
ff7bff4bff43ff63
006400440024ffc4
ffa40064007c0074
fe72fe8bfebbff0b
017d018e018e018e
0145015d0165016d
00fd010d011d012d
00d500d500d500ed
00b500bd00c500cd
0175013500ed00c5
0256022601e601ae
02df02c702a70287
030f030f030702ff
0317030f030f030f
0317031703170317
02d702ef02ff030f
023e0266028702b7
0135017d01be0206
001c0044009d00f5
ff73ff94ffd4fff4
ff03ff53ff7bff63
ff1bfee3fed3fee3
ff13fee3fecbfef3
ff13ff2bff4bff33
ff33ff33ff33ff2b
ff1bff2bff3bff33
ff5bff53ff4bff3b
000cffccff8cff53
ffbcffe4fffc002c
ff3bff84ff9cffc4
ff4bff43ff3bff0b
ffd4ff94ffacff9c
ff6bff63ff7bffa4
00640034ffdcff9c
005400ad0095008d
fe62fe9bfeebff73
0186018e01960196
014d0165016d0175
0105011501250135
00d500d500dd00ed
00bd00c500cd00d5
0186013d00f500c5
025e022e01fe01c6
02e702cf02af028f
0317030f030f0307
0317031703170317
0317031703170317
02cf02e702ff030f
022e025e028702af
012d017d01be0206
0004003c009d00d5
ff5bff5bffacffdc
febbff03ff43ff5b
ff0bfef3febbfeb3
ff2bff0bfeebff03
ff23ff2bff0bff23
ff0bff2bff2bff43
feb3fec3fee3ff03
fefbfef3fecbfec3
ff3bfeebfee3fed3
fffc001cfff4ffac
ff6bff9cffa4ffd4
ff1bff2bff33ff3b
ff8cffa4ff94ff1b
ff73ff84ff9cffac
0034ffdcff9cff84
00c500cd00bd0095
fe4afeb3ff5b0024
018e018e018e019e
014d016d0175017d
0105011d01250135
00dd00d500dd00ed
00bd00c500cd00d5
0196014d010500cd
02660236020601ce
02ef02df02c70297
03170317030f0307
0317031703170317
0317031703170317
02cf02e702ff030f
022e025e028702af
0125017d01c601fe
ffd4001c007c00cd
ff63ff5bff7bffbc
fec3fed3ff1bff33
fecbfeebfedbfec3
ff03ff1bff1bfee3
ff0bff0bff2bfefb
fedbfeebff23ff33
fe7afe62fe7afeab
fe93feabfed3feb3
fe9bfea3fe9bfe8b
ffe4ff6bff03feb3
ff73ff94ffcc000c
ff53ff53ff73ff53
ffa4ff6bff1bff43
ff8cffb4ff73ff4b
fffcff94ff8cff84
010500f500c50074
fe5aff03fffc00bd
018e018e01960196
015501650175017d
0105011d01250135
00dd00dd00dd00f5
00bd00c500cd00dd
01a60155011500d5
02760246021601e6
02ef02e702cf029f
03170317030f0307
0317031703170317
0317031703170317
02cf02e702ff030f
022e0266028f02af
0115017501be01f6
ffc4ffe4006400cd
ff5bff5bff53ff8c
fec3fedbff1bff1b
fed3fed3fedbfecb
ff0bfefbff23fef3
ff3bfefbff03ff1b
feabfeb3fec3fefb
feb3fe72fe5afe83
fe7afe72fe6afeab
fe9bfe93fe83fe72
fedbfe8bfe6afe8b
ff53ffd4fff4ff5b
ff73ff8cff33ff13
ff1bfeebff3bff53
ffc4ff7bff5bff84
ffc4ff94ff94ffa4
012d00e500ad0054
fe72ff7300a5012d
018601960196019e
014d015d016d017d
00fd011501250135
00d500dd00e500ed
00c500bd00c500d5
01ae0165012500e5
027e0256022601f6
02ff02ef02d702a7
030f03170317030f
0317031703170317
0317031f03170317
02cf02e702ff030f
022e0266028f02a7
011d017501ae01ee
ff94ffc4005c00c5
ff5bff63ff3bff6b
feebff1bff43ff4b
fef3fedbfee3fed3
ff0bff03ff13ff03
ff0bff23ff03ff03
fe83fea3fe93feab
fe9bfea3fe7afe72
fe62fe83fe72fe7a
fe52fe5afe6afe52
fe8bfe7afe93fe72
ffacff84ff0bfeab
ff73fef3fedbff3b
fe93ff23ff5bff8c
ff94ff63ff94fedb
ffacff94ff94ffbc
00fd00e500b50024
ff030044014d0165
01860196019601a6
014d015d01650175
00fd010d01250135
00dd00e500e500e5
00d500c500c500d5
01b60175013500fd
0287025e022e01fe
030702f702df02af
031703170317030f
031f031703170317
0317031f031f031f
02c702e702ff030f
022e0266028f02a7
010d0145018601e6
ff6bffc4003400a5
ff84ff73ff43ff63
ff23ff53ff6bff84
ff1bfefbfeebff03
ff13ff23ff1bff03
fecbff1bff23ff0b
fe72fe9bfea3fea3
fe9bfe8bfe93fe7a
fe62fe6afe7afe7a
fe93fe9bfe72fe62
fe3afe72fe9bfea3
ff53fea3fe32fe22
fe9bfebbff33ffac
feabff43ff94ff84
ff3bff33fecbfe5a
ffacff8cffacffa4
00f500e5006c0004
fff4011d01960145
018e0196019601a6
014d015d016d017d
00fd010d01250135
00e500e500e500e5
00d500cd00cd00dd
01c6017d01450105
0297026602360206
030702f702df02b7
0317031703170317
031f031f03170317
0317031f031f031f
02c702e702ff030f
023602660287029f
00c50105018e01de
ff7bffcc002c008d
ff94ff84ff6bff5b
ff4bff6bff8cffa4
ff3bff0bff13ff2b
ff13ff2bff33ff2b
fecbff03ff1bff0b
fea3febbfecbfeab
fe9bfea3feabfea3
fe6afe62fe5afe6a
feabfea3fea3fe8b
fed3feebfec3feb3
fe6afddafde2fe6a
fe7aff33ffd4ff84
fecbff63ff8cfe9b
fee3fe93fe52fe72
ff84ffa4ffacff2b
0105008d0024ffdc
01450186014d011d
018e01960196019e
014d0155016d017d
00fd010d01250135
00e500e500e500e5
00dd00cd00cd00dd
01d601960155010d
029f026e023e0216
030f02ff02e702bf
0317031703170317
0327031f031f031f
0317031f031f031f
02cf02e702ff0307
022e025e028702a7
009d00f5017d01ce
ffacffdc002c006c
ff8cff9cff84ff84
ff6bff94ff8cff84
ff53ff33ff2bff3b
ff1bff2bff43ff43
fedbff03ff1bff13
fedbfec3fed3fed3
fea3fed3ff03feeb
fe9bfe83fe7afe83
fe52fe72fe72fe9b
fef3fea3fe8bfe7a
fdbafe52ff13ff3b
fef3ffd4ff94fe5a
ff43ff8cfec3fe7a
fe9bfe42fe4afe7a
ffb4ffbcff63fee3
00cd003cffdcffb4
0206017d012d0125
018e019e019e01a6
01450155016d017d
00fd010d01250135
00e500e500e500e5
00ed00cd00d500d5
01e601a601650125
02a7027602460226
030f030702ef02c7
0317031f031f0317
0327032f032f031f
0317031f031f031f
02c702e702f70307
021e0256028702a7
007400d5016501ce
ffbcffd4000c0054
ffa4ffb4ffa4ffb4
ff84ff94ff7bff8c
ff7bff6bff53ff63
ff3bff3bff43ff5b
fefbff23ff33ff2b
fedbfeebfedbff03
fefbff1bff23fedb
fec3fecbfec3fed3
fe5afe62fe8bfebb
fe62fe5afe52fe62
fe93ff3bff03fe83
ffb4ffacfe6afdca
ff6bfee3fe93fecb
fe7afe2afe5afef3
ffdcff94ff53fee3
0095001cffc4ffbc
01d6016501250115
018e019e019e01ae
01450155016d017d
00fd010d011d0135
00dd00ed00ed00ed
00f500d500d500d5
01fe01b60175012d
02b7027e024e022e
0317030f02f702df
031f031f031f0317
032f032f032f0327
0317031f032f032f
02bf02d702f70307
020e0246027e029f
002400ad016501be
ffc4ffd4ffdc000c
ffa4ffacffbcffbc
ff6bff9cff7bff6b
ff84ff7bff63ff53
ff43ff3bff43ff5b
ff23ff3bff3bff3b
ff13ff33ff23ff23
ff2bff33ff1bff13
fecbfedbff0bff1b
fe62fe6afe93feb3
fe32fe4afe4afe42
ff0bfe9bfe3afe3a
ffc4febbfdfafebb
feebfe83fefbff7b
fe2afe52fe72ff63
ffb4ffacff5bfed3
006cffecff8cff9c
0165014d010500d5
018e019e019e01ae
01450155016d017d
00fd0105011d0135
00e500ed00ed00ed
010500dd00d500d5
020601c6017d013d
02b7028f025e0236
0317030f02ff02e7
031f031f031f031f
032f03370337032f
031f0327032f032f
02bf02d702f7030f
01de022e026e0297
00340064012d0196
ffc4ffdcffccffec
ffa4ffacffbcffbc
ff84ff9cff94ff8c
ff6bff73ff6bff73
ff5bff53ff5bff63
ff4bff4bff4bff43
ff3bff4bff43ff3b
ff43ff43ff33ff3b
fedbff03ff1bff23
fe6afe72fe93feb3
fe3afe42fe42fe5a
fea3fe4afe22fe1a
ff53fe5afec3ff03
fec3fecbff33ffec
fe32fe52fefbff4b
ffb4ffacff63fe52
000cff9cff63ffa4
017d014d00fd007c
018e019e01a601ae
0145015501650175
00fd0105011d012d
00e500ed00ed00ed
010d00dd00d500d5
020e01d6018e0145
02bf028f02660236
0327030f02ff02e7
032f031f031f031f
032f03370337032f
031f0327032f0337
02bf02df02f7030f
01be02060266029f
fff4001400b5015d
ffb4ffc4ffccffcc
ffb4ffa4ff8cff9c
ff84ff7bffacffb4
ff7bff7bff8cff84
ff7bff6bff7bff73
ff63ff6bff6bff7b
ff43ff5bff53ff53
ff4bff33ff3bff3b
feebfef3ff0bff3b
fe9bfe83fe93fec3
fe83fe93fe93fe9b
fe9bfe72fea3fe83
ff1bfedbff03fe9b
fe93feb3ffb4ffb4
fe5afe7aff9cfeeb
ffb4ff84feb3fe1a
ffb4ff4bff7bffac
018e012d00dd0024
018e019601a601a6
0145014d01650175
0105011501250135
00e500ed00f500f5
011500e500d500dd
021e01e6019e0155
02c7029f0276024e
031f0317030702ef
0327031f031f031f
032f032f032f0327
0317032f03370337
02c702df02f7030f
016501be0246029f
ffd4002400a500fd
ff94ffa4ffa4ffb4
ffb4ffbcff9cff8c
ff73ff7bffb4ffc4
ff7bff84ff8cff8c
ff73ff7bff7bff84
ff5bff73ff73ff7b
ff53ff6bff6bff63
ff3bff2bff23ff2b
fefbfee3fefbff2b
fea3febbfebbfecb
fe3afe62fe7afe93
fec3fecbfe5afe22
ff03fef3fedbfec3
fe4afefbffe4ff3b
fe5aff1bff4bfebb
ffdcff13fe0afe42
ff5bff4bffbcffa4
012d01050074fff4
018e018e0196019e
014d014d01650175
0105010d01250135
00e500f500f500f5
012500e500d500dd
022601f601ae0165
02cf02af027e025e
031f0317030702ef
0337032f032f032f
0337033703370337
031f033703370337
02c702df02f7030f
00fd017d022e0297
ffb4ffec007c00ed
ff9cffacff94ff84
ffb4ffb4ffbcffa4
ff63ff7bff94ffac
ff73ff6bff84ff73
ff6bff8cff94ff84
ff6bff7bff73ff6b
ff6bff84ff8cff73
ff5bff4bff53ff53
ff0bfefbff33ff3b
fe8bfe9bfecbfeeb
fe5afe72fe8bfe83
fe6afdeafe02fe52
ff23ff0bfea3fe2a
fe52ff3bff8cff33
fe7aff63fefbfe6a
ff94fe72fe1afe5a
ff1bffbcff63ff94
012d00bd003cff94
017d018601860196
0145014d015d016d
0105011501250135
00e500f500f500fd
013500fd00dd00dd
023601fe01be016d
02cf02af028f0266
031f0317030f02f7
033703370337032f
0337033703370337
031f032703270327
02bf02e702f7030f
00e5016d020e0287
ffacffe4002c009d
ffacffbcffacff8c
ffacffacffacffa4
ff6bff5bff84ff9c
ff73ff73ff8cff53
ff6bff73ff94ff8c
ff84ff84ff8cff84
ff73ff84ff94ff84
ff7bff6bff6bff6b
fefbff13ff4bff63
fe8bfea3fec3fedb
fe52fe62fea3fe93
fdeafe62feabfe6a
ff4bfe83fdcafe3a
fe72ff8cff5bff43
fe93feebfe93fdea
feebfe22fe5afe4a
ff9cffa4ff23ffa4
00fd0085fff4ff0b
016d017d017d017d
013d014d014d015d
010501150125012d
00e500ed00f500fd
0145010500e500dd
023e020601c6017d
02e702bf028f026e
03270317030f02ff
033703370337032f
033f033f03370337
03170327032f032f
02b702df02f70307
00a5013501ce025e
ff8cffc4ffec003c
ffacffbcff94ff7b
ff9cff9cff7bff8c
ff8cff94ff8cff84
ff73ff73ff8cff73
ff63ff6bff7bff84
ff94ff84ff84ff73
ff6bff8cff7bff84
ff7bff84ff6bff63
feebff23ff43ff6b
feabfec3fecbfecb
fe8bfeb3fec3fe9b
feb3fedbfe93fe7a
feb3fddafe12fdfa
fe72ffb4ff0bff6b
fe93fe9bfdfafdba
fe7afe1afe62fe42
fff4ff23ff63ff94
00b5004cff4bff0b
0155016501650165
0135013d0145014d
01050115011d012d
00e500ed00fd00fd
0155011500e500dd
0246020e01d60196
02ef02c7029f0276
0327031f03170307
0337033703370337
033f033f033f0337
031f032f032f032f
02a702df02ef030f
002c00ed0165021e
ff84ff94ffb4ffdc
ff9cffa4ffa4ff94
ff94ff9cff8cff8c
ff63ff84ff94ff8c
ff8cff63ff73ff73
ff6bff6bff6bff84
ff84ff73ff53ff63
ff84ff63ff4bff63
ff53ff63ff6bff7b
fef3ff23ff23ff43
feb3fecbfed3fed3
fed3fecbfebbfeab
fe83fe52fe5afe72
fde2fe4afe6afec3
fecbff84fee3ff13
fe8bfe4afdb2fdb2
fe32fe02fe62fe4a
ff53fedbffd4ff2b
0085ffc4fedbffcc
013d014d01550155
0125013501350135
01050115011d0125
00e500ed00fd00fd
0165012500f500e5
024e022601ee01a6
02f702c702af027e
03270327031f030f
03370337033f0337
033f033f033f0337
031f032f032f032f
027e02d702ef0307
fffc00dd014d01ce
ffa4ff8cff94ffac
ff9cffacffacff9c
ff8cff9cff9cff94
ff84ff8cff94ff84
ff8cff5bff4bff73
ff94ff73ff7bff8c
ff43ff73ff7bff9c
ff4bff33ff33ff3b
ff3bff5bff7bff73
fee3ff0bff03ff23
fecbfedbfecbfed3
ff3bfefbfed3feb3
fe52fe7afe8bff1b
fdfafecbfedbfe6a
ff03ff1bff03fe4a
fe6afdcafd8afda2
fdfafe4afe62fe5a
feb3ff03ffccfe9b
004cff23ff2b002c
012d013d01450145
011d012501250125
01050105011d0115
00e500ed00fd0105
0175013500fd00e5
0256022e01fe01b6
02ff02cf02b70287
032f03370327030f
033f033f033f033f
033f033f033f033f
031f032f03370337
024602c702ef030f
ffcc009d0105019e
ffa4ff84ff7bffa4
ffa4ffa4ffa4ff94
ff73ff8cff9cffb4
ff9cff94ff84ff6b
ff84ff7bff7bff94
ff94ff8cff9cffa4
ff3bff5bff7bff94
ff43ff43ff3bff4b
ff23ff4bff43ff43
fed3fee3feebfefb
fecbfed3fed3fecb
feebfeabfe8bfea3
fe9bfecbff73ff6b
fe8bfeb3fe8bfe52
ff23ff1bfe9bfe02
fdf2fd9afd9afdd2
fde2fe7afe4afe83
fe62ff63ff73fe1a
ff9cfecbffb4ffec
012d01350135012d
011d011d011d0125
01050105011d0115
00e500ed00fd0105
017d0145010500e5
025e0236020601c6
02ff02d702bf028f
03370337032f0317
032f032f032f0337
03370337032f032f
031f032f03370337
022602c702e70307
ffac004400d5015d
ff8cff7bff63ff84
ffacff8cff94ff84
ff7bff7bff94ffa4
ff8cff84ff84ff73
ff84ff63ff5bff73
ff8cff8cff9cff9c
ff53ff53ff63ff73
ff3bff3bff33ff4b
ff1bff4bff2bff23
fed3fedbfedbfeeb
fecbfed3fedbfed3
fee3feabfeabfeb3
fefbff84ff6bff03
fea3fe8bfe4afe72
ff5bff13fe52fe4a
fd9afd92fda2fe2a
fdfafe9bfe6afe42
fe72ff9cff03fdfa
fecbfe6a0034ff53
01250125011d010d
0115011501150125
0105010d0105010d
00e500ed00fd0105
018e014d010d00ed
0276024e021601d6
030702e702bf029f
033f033703270317
032f032f0337033f
033f033f032f032f
0317032f03370337
01ee02bf02e702ff
ff7bfff400b50105
ff8cff7bff5bff63
ffa4ff9cff84ff84
ff6bff5bff6bff94
ff84ff73ff7bff7b
ff5bff4bff43ff6b
ff8cff7bff73ff8c
ff6bff6bff6bff7b
ff43ff3bff23ff3b
ff13ff4bff53ff4b
fee3fee3fee3feeb
fedbfed3fed3fedb
feabfebbfeb3febb
ff3bff4bff03fefb
fe7afe72fe62ff13
ff33feb3fe3afe93
fd9afdb2fdb2fe3a
fe3afebbfe6afdea
ff0bff73feb3fe1a
fe32fe83ffbcfef3
01150115010d00fd
010d01150115011d
0105010d01050105
00e500ed00fd0105
019e015d011d00ed
027e0256022601de
030f02ef02c702af
033f033f0327031f
032f032f033f033f
0347033f032f032f
0317032f03370337
01d602b702e702ff
ff33ff84007c00d5
ff84ff73ff53ff3b
ff8cff94ff84ff7b
ff84ff5bff5bff7b
ff6bff73ff6bff7b
ff53ff4bff4bff5b
ff73ff6bff6bff7b
ff4bff5bff2bff43
ff33ff33ff2bff23
fef3ff1bff4bff53
feebfeebfefbfeeb
feebfee3fed3fedb
fed3fedbfec3fed3
ff5bff2bfefbfea3
fe72fe83feb3fefb
fee3fea3fea3febb
fdaafdbafdeafe62
fe7afe6afe4afdca
fef3ff84fec3fe22
fe5afedbff63ff3b
010d010500fd00ed
010d010d010d0115
0105010500fd0105
00ed00ed00fd0105
01a6016d012d00fd
028f025e022e01ee
030f02f702cf02af
033f033f0327031f
032f032f033f033f
034703470337032f
0317032703370337
01de029702df0307
ff33ff43001c00cd
ff7bff7bff63ff53
ff7bff73ff84ff6b
ff7bff63ff73ff8c
ff63ff63ff53ff63
ff73ff63ff5bff63
ff43ff3bff4bff73
ff33ff3bff2bff23
ff53ff4bff33ff2b
fedbfefbff13ff53
fef3fef3fee3fecb
fedbfeebfeebfeeb
ff43ff13fef3fedb
ff63ff0bfe93ff03
fe9bfe9bfe9bff33
febbfeabfeabfeab
fddafddafe12fe4a
fe52fe02fe2afdda
feb3ff2bfec3fe93
fe93ff0bff43feeb
010500f500e500d5
010501050105010d
0105010500fd00fd
00ed00ed00fd0105
01b60175013d0105
02970266023601f6
031702ff02d702b7
033f033f032f031f
032f032f033f033f
034703470337032f
03170327033f033f
0206029f02e702ff
ff33ff43fff400dd
ff8cff8cff7bff43
ff84ff84ff7bff7b
ff6bff7bff7bff73
ff73ff73ff63ff5b
ff73ff6bff6bff7b
ff3bff4bff43ff6b
ff4bff43ff23ff33
ff5bff4bff5bff4b
fed3ff03ff23ff4b
fef3feebfee3fecb
fed3feebfef3feeb
ff5bfeebfed3fedb
ff1bfeabfed3ffb4
fea3fe52fefbff63
fe5afe52ff1bfee3
fe02fe1afe22fe22
fe1afda2fe1afe12
fed3fed3fe8bfe93
ff0bff13ff23febb
00f500ed00d500bd
00fd00fd01050105
010d010d010500fd
00ed00f500fd0105
01be018601450105
029f027602460206
031f030702df02bf
033f033f032f0327
033f03470337032f
033f0337033f0347
031703270337033f
021602a702d702ff
ff1bff4bffa400cd
ff63ff63ff5bff33
ff8cff7bff63ff6b
ff63ff73ff7bff7b
ff73ff73ff63ff5b
ff53ff3bff53ff63
ff53ff4bff3bff63
ff4bff4bff3bff43
ff43ff3bff4bff4b
fec3fefbff13ff43
feebfedbfedbfed3
fed3fedbfee3fee3
fefbfee3feebfeeb
fef3fe8bff84ff9c
fe52fea3ff2bff0b
fdfafe4aff8cfedb
fe1afe1afe1afe2a
fdcafddafe32fe4a
fefbfecbfe93fe52
feebfeebff03fefb
00ed00dd00c500ad
00fd00f500f500fd
010d010d010d0105
00f500f500fd0105
01d6018e0155011d
02a7027e024e0216
031f030702df02c7
033f0347032f0327
033f03470337032f
033f033703470347
03170327032f033f
022e02a702c702ef
ff13ff53ff9c00fd
ff4bff3bff3bff23
ff84ff5bff5bff5b
ff3bff4bff63ff7b
ff33ff43ff33ff3b
ff23ff23ff33ff23
ff3bff2bff2bff53
ff2bff23ff2bff23
ff1bff2bff23ff33
fed3fef3ff03ff2b
fef3fee3feebfee3
fecbfec3febbfecb
ff0bfeebfedbfecb
feb3ff13fff4ff43
fe62fefbfee3feeb
fde2fe8bff33fe72
fdf2fdfafe42fe0a
fe02fe4afe6afe5a
ff33ff03fea3fe1a
ff7bfedbfed3ff43
00ed00d500c500a5
00f500ed00f500ed
0115010d01050105
00fd00f500fd0105
01de01960165012d
02af027e0256021e
031f030f02ef02cf
033f0347032f0327
034703470337032f
033f033703470347
030f0327032f033f
024602a702c702ef
ff0bff33ff8c00e5
ff33ff33ff43ff1b
ff3bff33ff2bff33
ff13ff1bff1bff33
ff3bff3bff23ff0b
ff4bff2bff23ff2b
ff2bff4bff5bff5b
fecbfee3ff03ff0b
ff1bff1bff13fef3
fed3fee3fefbff0b
feebfee3feebfefb
feabfeb3feb3fed3
ff0bfef3fed3fe9b
fec3ffc4ffbcff3b
fe8bfeabfec3fedb
fe02febbfe5afe3a
fe02fe02fe2afdd2
fe42fe52fe3afe1a
ff43ff0bfe6afe1a
ff9cfeb3ff1bff63
00ed00d500b5009d
00fd00f500f500ed
01150115010d010d
00fd00f500fd0105
01ee01a6016d012d
02b70287025e0226
0327030f02ef02d7
033f033f032f032f
034703470337032f
0337033703470347
0307031f032f033f
022602af02cf02ef
ff3bff43ff73008d
ff63ff5bff6bff63
ff3bff4bff53ff4b
ff4bff63ff5bff4b
ff84ff6bff5bff4b
ff53ff43ff53ff63
ff63ff6bff84ff63
ff13ff33ff53ff5b
ff1bfedbfedbff03
febbfe9bfecbff0b
fed3fedbfedbfed3
feb3fec3fec3fecb
ff23ff2bfecbfe9b
ff5bffd4ff84ff2b
fe72fe9bfea3feb3
fe3afe93fe0afe6a
fe2afe22fdf2fdb2
fe5afe1afe0afe22
ffa4ff1bfe83fe72
ff23ff03ff94ff63
00ed00dd00bd009d
010500f500f500f5
010d01150115010d
00fd00f500fd0105
01fe01b60175013d
02bf029f026e0236
03270317030702e7
032f032f032f032f
03470347033f033f
033f033703470347
030703170327033f
019e027e02c702e7
ff4bff73ff7b000c
ff4bff53ff53ff43
ff63ff5bff4bff33
ff3bff33ff4bff5b
ff5bff3bff43ff43
ff4bff43ff53ff63
ff73ff7bff73ff63
ff4bff4bff43ff5b
feebff0bff33ff53
fe93fe83fedbfef3
fee3fecbfeabfeab
feb3febbfedbfedb
ff73fefbfebbfeab
ffc4ffccffa4ff6b
fe6afe62fe93fefb
fe62fe2afe62feb3
fe1afe2afdcafdc2
fe2afe32fe12fe52
fff4fefbfedbfe9b
ff2bffe4ff94ffd4
00ed00dd00c500a5
010500fd00fd00fd
0105010d0115010d
010d00f500f500fd
020e01be017d013d
02c702a70276023e
0327031f030702ef
033703370337032f
0347034703470347
033f033f03470347
02ff031703270337
0145024602bf02e7
ff63ff7bff7bffc4
ff3bff3bff63ff53
ff53ff53ff3bff33
ff43ff33ff23ff43
ff53ff53ff73ff63
ff63ff63ff73ff6b
ff6bff73ff63ff73
ff43ff4bff43ff53
ff1bff2bff1bff2b
fe93fea3fed3fefb
fec3fec3febbfeab
fea3fec3fec3fec3
ff5bfef3feb3fe8b
ffc4ffc4ffc4ffbc
fe6afe3afed3ff6b
fe22fe2afed3fe83
fe2afe42fde2fdca
fe7afe32fe4afe3a
001cff13ff03fe8b
ff94001cffec0064
00f500e500cd00ad
0105010500fd00fd
010d010d0115010d
011d00fd00f500fd
021601ce018e0155
02cf02a7027e0246
0327031f030f02ef
0337033703370337
0347034703470347
0337033f03470347
02ff030f031f0337
010d020602af02e7
ff6bff84ff6bffb4
ff53ff5bff73ff63
ff53ff5bff43ff4b
ff63ff4bff3bff43
ff9cff84ff9cff8c
ff8cff94ff8cff8c
ff7bff73ff73ff84
ff33ff4bff53ff73
ff1bff13ff0bff33
feb3feb3fedbff0b
fe9bfea3feabfea3
feabfebbfebbfeab
ff5bfef3fea3fe93
ffbcffc4fff4ffac
fe1afe72ff3bff9c
fddafea3fecbfe72
fe12fe22fddafdca
fe93fe6afe5afe22
ff7bff2bfed3feeb
0004002400740074
00f500ed00d500b5
010d010500fd00fd
0105010d011d0115
0125010500f500fd
021e01de01960165
02d702af02970256
032f0327030f02f7
033f033703370337
0347034703470347
033703370347034f
02ff030f031f032f
00bd01e6028702df
ff63ff7bff5bff84
ff53ff73ff7bff6b
ff1bff3bff3bff43
ff94ff5bff23ff13
ff84ff8cff94ff9c
ff53ff6bff5bff73
ff8cff84ff63ff63
ff33ff3bff43ff73
ff13ff33ff4bff4b
fedbfeebfeebfee3
fea3febbfeabfeb3
fea3feabfeb3feb3
ff3bfedbfea3fe8b
ffd40004ffccff6b
fe12fecbff5bffbc
fdfafedbfe93fe5a
fdf2fe1afe02fdfa
fea3fe72fe2afe2a
feebfefbfedbfee3
0064009500adfff4
00f500ed00dd00bd
0115010500fd00fd
010d0115011d011d
0135010d00fd0105
022e01ee01ae0175
02d702b702970266
032f0327031702ff
0347034703470337
0347034703470347
0337033703470347
02f703070317032f
005401ce025e02cf
ff73ff5bff53ff63
ff84ff94ff8cff7b
ff5bff4bff4bff63
ff8cff8cff6bff5b
ff7bff73ff7bff94
ff2bff23ff4bff7b
ff5bff63ff4bff43
ff3bff33ff3bff4b
ff23ff4bff4bff43
fed3fedbfeebfeeb
fea3fed3fecbfeb3
fe8bfe9bfea3fe9b
ff03feb3fe93fe8b
fffc000cff84ff5b
fe6afefbff6bffa4
fe7afeb3fea3fe2a
fe4afe42fe52fe0a
fe72fe42fe7afe1a
fedbfed3feb3feeb
006c006c00cdff8c
00fd00ed00dd00c5
0115010d01050105
010d0115011d011d
013d011501050105
023e01fe01be017d
02df02bf029f026e
0337032703170307
0347034703470347
0347034703470347
032f033703470347
02ef02ff03170327
ffe40186025602bf
ff5bff2bff33ff53
ffa4ff94ff8cff84
ff6bff73ff84ff94
ff94ff84ff84ff7b
ff63ff6bff73ff8c
ff3bff2bff2bff5b
ff53ff4bff3bff53
ff3bff3bff3bff33
ff33ff53ff5bff43
fecbfed3fedbff13
fe93feabfebbfebb
fe83fea3fe8bfe7a
feebfe9bfe93fe8b
fffcffccff4bff7b
fedbff43ff7bff9c
feabfe7afe9bfe42
fe6afe72fe6afe1a
fe42fe8bfe83fe2a
fed3fe5afeabfe8b
006c007c00a5ff53
00fd00f500e500cd
01150115010d0105
010d01150115011d
014d011d010d0105
023e020e01c60186
02ef02c702a70276
03370327031f0307
0347034703470347
0347034703470347
032f033703470347
02e702ff030f0327
ffcc012d024e02b7
ff4bff33ff33ff6b
ff9cff9cff7bff6b
ff5bff4bff63ff84
ff7bff8cff84ff84
ff4bff53ff63ff84
ff33ff33ff33ff3b
ff1bff0bff0bff2b
ff3bff33ff2bff33
ff1bff33ff53ff4b
fec3fed3feebff03
feb3feb3feb3febb
fe72fe93fe7afe8b
fedbfe93fe83fe6a
ffdcff84ff73ff73
fefbff8cff63ffa4
fe5afe6afe72fecb
fe72fe93fe3afe3a
fe2afea3fe6afe42
fec3fe9bfeb3fe12
009500f5fffcff7b
010500fd00ed00d5
011d0115010d0105
010d01150115011d
01550125010d0105
0246021601d60196
02f702cf02af0276
033f032f031f030f
0347034703470347
0347034703470347
0327033703470347
02e702ef02ff031f
ffbc00cd023e02af
ff3bff3bff43ff73
ff8cff8cff73ff5b
ff33ff23ff33ff63
ff5bff6bff7bff6b
ff03ff23ff43ff63
fedbfeebff03fef3
ff13fec3fec3fec3
ff33ff1bff0bff43
ff23ff13ff0bff33
fe9bfec3fee3ff03
fea3fea3fea3feb3
fe72fe8bfe83fea3
febbfe83fe6afe7a
ffb4ff5bff7bff4b
ff3bff6bff63ffb4
fe3afe83fe8bfeeb
feb3fe93fe3afe6a
fe62fe93fe5afe5a
ff03fedbfe32fde2
010d00bdfff4ff63
010d00fd00ed00dd
01150115010d0105
01050115011d011d
01650135010d0105
0256021e01e601a6
02ff02df02b70287
0337032f0327030f
0347034703470347
0347034f03470347
0327033703470347
02ef02df02ef0317
ffac005c01f602bf
ff43ff53ff7bff63
ff6bff7bff6bff53
ff3bff33ff23ff43
ff5bff6bff63ff4b
feb3fed3ff13ff43
fe4afe6afea3feb3
febbfe52fe4afe2a
ff2bff1bff23ff2b
fed3fecbfefbff03
fe8bfebbfed3fed3
fe9bfe9bfe8bfe72
fe93fe93fe93fea3
fe9bfe83fe83fe8b
ff84ff6bffa4ff2b
ff63ff63ff7bffc4
fe7afe7afea3fee3
feebfe6afe62fe3a
fed3feb3fe4afe8b
ff23fe5afddafe32
00ed0074ffb4ff2b
010d00fd00ed00dd
0115011d0115010d
010501150125011d
0175013d01150105
025e022601ee01ae
030702e702bf0297
0337033703270317
0347034703470347
0347034f03470347
0327033703470347
02cf02d702ef0317
ff3bffe401650287
ff33ff3bff6bff43
ff4bff6bff53ff43
ff43ff23ff2bff43
ff4bff5bff3bff33
fe42fe72fecbff0b
fdbafdf2fe2afe22
fdfafe02fdb2fda2
febbfecbfecbfe3a
fe7afeb3fee3feb3
fe9bfeb3feabfe93
fe9bfe9bfe62fe4a
fe8bfe93fe93fe9b
febbfe9bfe83fe83
ff6bff8cffacff33
ff53ff43ff94ffcc
fe5afe52fe9bff13
febbfe93fe5afe42
fee3fe52fe5afef3
fe6afe12fe2afebb
00bd0034ff3bff23
010d010500f500e5
0115011d0115010d
01050115011d011d
017d014501150105
026e023601f601be
030702ef02bf029f
0337033703270317
0347034703470347
034f034f034f034f
0327033703470347
02af02d702f7031f
ff03ff0bffec01ce
feebff0bff33ff3b
ff2bff4bff33ff2b
ff2bff13ff33ff2b
ff0bff23ff23ff23
fdc2fe2afe8bfeab
fda2fdbafdd2fdca
fdc2fdb2fd71fd71
fe52fe32fe3afdf2
fe93febbfea3fe7a
fe93fea3fe9bfe93
fea3fe8bfe4afe4a
fe8bfe8bfe8bfe93
fec3fea3feabfe83
ff84ffa4ffacff3b
ff43ff4bffd4ffd4
fe2afea3fefbff4b
febbfe83fe1afe0a
fe52fe3afefbff1b
fe4afe93feebfedb
0054ffccff23fe9b
0115010500f500ed
0115011d0115010d
01050115011d0125
018e015501250105
02760246020601ce
030702f702cf02a7
03470337032f031f
0347034703470347
034f034f034f034f
031f033703470347
029f02df02ff031f
fe9bfe8bff3b011d
fe72feabfee3fecb
fefbfeebfecbfeab
ff13ff0bff2bff2b
fecbfee3ff03ff0b
fdaafddafe32fe5a
fd9afd8afd92fda2
fddafdcafd92fd9a
fe12fdf2fdfafdfa
fe72fe5afe6afe4a
fe6afe72fe8bfe8b
fe8bfe72fe42fe62
fe93fe8bfe93fe83
fec3fe8bfeabfe93
ff63ff7bffd4ff7b
ff43ff9cffd4ffc4
fe5aff13ff43ff53
feabfe1afdc2fdea
fe0afe83ff23ff1b
fe83ff2bff03fe3a
ffa4ff0bfe8bfe42
010d010d00f500ed
0115011d0115010d
010d0115011d011d
019e015d0135010d
027e024e021601de
030f02ff02df02af
03470337032f0327
034f034f034f034f
034f034f034f034f
031f032f0347034f
02af02df02ff031f
fe62feb3ff5b013d
fe32fe3afe42fe42
feb3fe72fe52fe32
ff1bff1bff2bff13
fe8bfecbfeebfef3
fdd2fde2fdfafe32
fe02fdeafdd2fdc2
fe83fe6afe42fe22
fe52fe5afe72fe8b
fe5afe42fe32fe3a
fe6afe4afe3afe62
fe72fe5afe42fe72
fe93fe7afe7afe72
fee3fe8bfe9bfe9b
ff3bff6bffdcffa4
ff6bffccffa4ffb4
febbfef3ff3bff5b
fde2fda2fd69fdca
fe42fedbff23fe93
fe12feebfe62fdf2
ffbcfeabfe32fdda
0115010d00fd00f5
011d0125011d0115
010d0115011d0125
01a60165013d0115
028f0256022601ee
031702ff02e702bf
0347034703370327
03570357034f034f
034f034f034f034f
0317032f033f034f
023e027e02bf0307
fe6afecbff840135
fe32fe3afe32fe42
fe62fe42fe4afe42
ff13ff1bff23fed3
fe7afeb3fec3feeb
fe02fdf2fdfafe3a
fe9bfe83fe3afe12
ff1bff0bfeebfec3
fe8bfeb3fee3fef3
fe42fe52fe52fe72
fe5afe3afe42fe62
fe6afe52fe52fe7a
fe7afe5afe52fe62
ff1bfea3fe93fea3
ff3bff63ffb4ffa4
ff94ffc4ff84ff9c
fe62fedbff6bff33
fd51fd11fcf1fdba
fe72ff13fecbfdca
fdcafde2fdb2fdd2
ff8cfe7afde2fdca
011d011500fd00f5
01250125011d0115
0105010d01150125
01ae016d013d0115
029f0266023601f6
0317030702ef02c7
034f034703370327
03570357034f034f
034f034f034f034f
029703270347034f
016d015d00fd017d
fea3ff43001c010d
fec3fedbfec3fea3
fe83fe62fe02fe52
feebfef3fee3fe8b
fe2afe2afeabfee3
fe3afe72fe6afe52
feebfe72fe1afe02
ff4bff73ff43ff23
fe93fec3fef3ff23
fe4afe62fe6afe8b
fe6afe83fe72fe62
fe6afe52fe52fe5a
fe9bfe62fe42fe62
ff3bfeb3fe9bfea3
ff13ff4bff6bff84
ff94ff94ff73ff43
fe32ff4bff8cff43
fd59fd31fd29fde2
fe5afec3fdfafd39
fe12fe02fdd2fdc2
ff0bfe7afe5afe32
011d0115010500fd
01250125011d0115
0105010d011d0125
01be017d014d011d
02a7026e023e0206
031f030702ef02cf
034f0347033f032f
03570357034f034f
034f034f034f034f
006c023e033f034f
02cf020e010d0044
fee3006c02060307
ff2bff2bff0bfee3
fe1afd8afe22ff03
fea3feb3fe8bfe32
fe1afdaafde2fea3
fe8bfe83fe93fe62
fed3feabfe93fea3
ff5bff6bff2bfefb
fea3fecbfee3ff33
fe6afe62fe6afe9b
fe5afe62fe5afe52
fe6afe5afe4afe52
fe9bfe83fe4afe6a
ff13feabfe8bfe93
ff03ff2bff0bff13
ff94ffa4ffb4ff53
ff03ff7bff13ff23
fdb2fd79fdaafde2
fe0afe0afd8afd61
fe1afe1afe12fde2
fe83feebfea3fe52
0115010d00fd00e5
012d0125011d011d
010d010d011d0125
01ce018e015d0125
02af02760246020e
031f030f02f702c7
0347034703470337
034f034f034f034f
0357034f034f034f
ffe4004c02ff034f
02df020e012d0095
ff030054021602cf
ff0bff03ff0bfefb
fdaafdcafea3fee3
fedbfed3fe6afe2a
fe22fe22fdaafea3
feabfe93fe62fe42
fed3fe9bfe72fed3
ff23ff7bff4bfefb
fea3fec3ff0bff1b
fe8bfe5afe32fe83
fe32fe42fe72fe6a
fe62fe52fe4afe52
fe83fe8bfe62fe5a
fea3fe7afe5afe5a
ff6bff8cff2bfefb
ff6bff2bff84ff7b
ff53ff4bfeabfeeb
fdd2fd71fdaafe32
fdf2fddafdb2fd79
fdeafdaafddafdf2
feebfecbfe52fe1a
0115010d010500e5
012d01250125011d
010d010d011d0125
01d6019601650125
02af027e024e021e
0327031702f702cf
034f034f03470337
034f034f034f034f
0357035703570357
ff3bff13029f034f
013500bd00a50044
ff53ff94ffb400b5
fecbfec3feebfef3
fd71fe6afea3febb
ff13ff1bfe52fdfa
fe12fe12fdcafed3
fe8bfe72fecbfec3
feebfe8bfe3afe9b
fefbff53ff4bff0b
fe62fef3ff03fedb
fe93fe83fe4afe72
fe32fe42fe83fe7a
fe52fe62fe52fe52
fe52fe5afe83fe4a
fefbff33ff03fe8b
ff13ff23ff1bff1b
ff63ff43ff94ff3b
ff6bfee3fe6aff33
fdc2fd92fdc2feb3
fddafdd2fdc2fdc2
fd92fd8afdcafdd2
ff8cfe9bfde2fdc2
0115010500fd00e5
012d012d0125011d
010d010d0115011d
01ee01ae016d0135
02b7028702560226
032f031f02ff02d7
034f034f03470337
034f034f034f034f
0357035703570357
fe5afeeb01ae0317
004cfed3fe4afe42
007401fe022e0175
fea3fedbfeebff0b
fd61fe8bfea3fe83
feabff13fea3fe12
fdfafdeafdb2fe1a
fea3fefbff63fea3
fecbfe7afe42fea3
ff03ff13ff1bfefb
fe52fedbff03ff13
fe83fe83fe5afe32
fe32fe52fe6afe72
fe6afe4afe4afe52
feb3febbfeb3fe83
fe72feb3feebfecb
ff23ff03fee3fe9b
ff84ff8cffd4ff5b
ff23fe93fe93ff4b
fdc2fdaafe1afee3
fd92fdcafe02fe0a
fd82fda2fddafdaa
ff73fe62fdd2fdaa
0115010500ed00dd
012d012d0125011d
0125010d011d0125
01f601b601750145
02bf028f0266022e
032f031f030702e7
034f034f034f0337
034f034f034f034f
0307034703570357
fdbafe22ff2300f5
0297013dfffcfea3
00b5028f03170327
fe83feabfee3ff23
fdcafef3fecbfeb3
fe7afebbfe62fdda
fe02fddafda2fe0a
fedbfeebfec3fe52
fecbfe5afe93ff13
fef3fedbfeebfedb
fe8bfed3ff13ff13
fe8bfe72fe4afdea
fe72fe6afe4afe5a
ff03ff03fee3feab
fe62fe93fecbfef3
fe5afe4afe12fe3a
ff13fef3fefbfeab
ffa4ff9cffc4ff63
febbfea3feebff43
fdd2fdc2fe32fe83
fd8afd9afe12fe1a
fd51fda2fde2fdd2
ff23fe42fde2fd79
0115010500ed00dd
012d012d01250125
0125010d0115011d
020601c60186014d
02c70297026e0236
032f031f030702ef
034f034f03470337
0357035703570357
0307034703570357
fdaafe72fff40115
0297018e00c5ff6b
00dd029f031f031f
fe83fe7afe83ff53
fe12ff2bfebbfe62
fefbff23febbfd92
fdf2fdb2fddafe9b
fee3feb3feb3fe62
feabfe52fedbff43
ff1bff03ff03fef3
fe9bfe9bfedbff03
fec3fe62fec3fe8b
fed3fedbff43ff8c
fee3ff0bfef3fed3
fe3afe52fe7afeab
fe83fe52fe22fe2a
ff33ff13fef3fe7a
ffdcffccffacff5b
fed3ff03fefbff73
fdd2fdcafe12fe5a
fdcafd9afdbafdf2
fd31fd92fdf2fdfa
fee3fe32fdcafd61
0115010500ed00d5
012d012d012d0125
0125010d01150125
021601d6018e0155
02cf02a70276024e
03370327030f02f7
0357034f034f033f
0357035703570357
034f034f03570357
fd82fef30266031f
025e015500cdff0b
00c502af031f0307
fde2fe0afe52ff23
fdbafe3afde2fda2
ff23ff4bff33fd71
fd59fd39fdeafecb
fed3fea3fe8bfdf2
fe52fe9bff1bff33
ff8cff03feb3fe83
feb3fe9bff0bff8c
fec3fe72ff5bfef3
fe62fe6afecbff5b
fec3fec3fea3fe72
fe42fe52fe83fe9b
fe72fe5afe42fe42
ff53ff1bfee3fe6a
fffcfffcff9cff4b
ff0bff53ff0bff8c
fdd2fde2fe1afe6a
fe0afd8afd51fdd2
fd21fd92fe22fe2a
fec3fe2afdb2fd51
0115010500f500dd
012d012d012d0125
012d010d01150125
021e01de019e0165
02cf02af0287025e
03370327031702ff
0357034f034f033f
035703570357034f
0357035703570357
fd8aff5b02c7034f
023e013d00bdfe8b
00ad027e03070307
fe02fe22fe6aff1b
fdaafe32fda2fdaa
ff23ff43ff6bfdca
fd09fd21fdf2fed3
fea3fe6afdeafd49
fe5afebbff0bff03
fe6afdfafdf2fe12
fe8bfe5afe72fe8b
fe7afea3fefbfe93
fe6afe22fe0afe52
feabfebbfebbfe9b
fe5afe62fe72fe8b
fe62fe52fe62fe5a
ff43ff03fec3fe62
0004ffe4ff73ff53
feebff7bff53ffb4
fdbafdc2fe12fe4a
fe22fdd2fd61fda2
fd21fda2fe22fe22
fecbfe2afdb2fd51
0115010500ed00d5
012d012d012d0125
013501150115011d
022e01ee01ae016d
02d702b702870266
0337032f031702ff
0357034f034f033f
0357035703570357
034f0357035f035f
fd9a008d03170347
021e0145006cfe02
00a50256030f0307
fe7afeb3fed3ff43
fde2feabfe6afe4a
ff43ff63ff73fe72
fd29fd59fe3afeeb
fe52fe32fd82fd01
feabfeb3fea3fe7a
fe22fdfafe02fe5a
fea3fe62fe4afe2a
fe83feabff23fef3
fe93fe4afe12fe4a
fe7afeb3fedbfebb
fe6afe6afe62fe6a
fe5afe52fe7afe7a
ff5bff13febbfe72
fff4ff84ff94ff7b
fedbff8cffe4ffdc
fdb2fdcafdeafe2a
fe12fe0afda2fd49
fd31fdaafe02fe12
fee3fe3afdcafd59
011d010500ed00cd
0125012d012d012d
013d011d0115011d
023601fe01b60175
02ef02bf028f026e
0337032f031f0307
035703570357034f
0357035703570357
03470357035f035f
fe0a0175032f033f
01ee0135ffccfdaa
00cd0256030f02ff
feabfecbff03ff63
fe1afedbfebbfeab
ff4bff7bff94fef3
fd59fd79fe62fef3
fe4afe02fd39fd29
fe9bfe7afe7afe4a
fe32fe4afe72feb3
fecbfe83fe4afe42
feb3fefbff23fef3
fec3fe93fe4afe6a
fe9bfec3fee3feeb
fe83fe7afe7afe7a
fe42fe62fe72fe83
ff6bff43fec3fe52
001cffacffa4ff9c
febbff8c004c0034
fd71fdcafdeafdfa
fde2fdaafd39fcd9
fd41fdc2fe02fe02
ff23fe62fdf2fd69
011d010d00f500d5
0125012d0135012d
014d01250115011d
023e020601be0186
02f702c702970276
033f03370327030f
035703570357034f
0357035703570357
03470357035f035f
fedb028f0337033f
01de0115ff13fd69
00bd0256030702ff
fedbfef3ff2bff6b
fe22ff2bff33fefb
ff43ff7bff9cff0b
fd71fda2fe83fefb
fe52fdeafd49fd61
fe83fe93fe83fe52
fe83feb3fed3fec3
feebfecbfe93fe83
fe83fef3fedbfee3
ff03fecbfe7afe62
fea3feb3fecbfefb
fe93fe72fe83fe8b
fe5afe62fe6afe83
ff84ff6bfeb3fe5a
001cffd4ff8cff84
febbff9c00a5006c
fd29fd9afde2fe0a
fdb2fd51fce9fcc1
fd41fdcafe22fdfa
fefbfe8bfe1afd8a
011d010d00f500dd
0125012d0135012d
0155012d0115011d
0246020e01ce018e
02ff02cf02af027e
033f03370327030f
0357035703570357
035f035703570357
03470357035f035f
004c02f7032f033f
01ee00c5fe4afd92
000401e602ef02ff
ff1bff1bff3bff43
fe1afeebff84ff63
ff2bff94ff7bff3b
fd69fddafe93fec3
fe4afdcafd79fd82
fea3feabfe93fe5a
ff0bff03fee3feb3
ff0bfefbfef3ff03
fe8bfecbfe9bfed3
fef3feebfecbfeab
feabfebbfebbfee3
fe7afe72fe83fe93
fe5afe5afe6afe83
ff84ff73fe93fe62
004c002cffc4ff9c
fe93ff7300b500ad
fd11fd79fde2fe02
fd82fd21fce9fce9
fd49fdbafe22fe02
fe6afed3fe4afdba
0125010d00f500dd
0125012d0135012d
015d012d0115011d
024e021e01de0196
02ff02d702b7027e
033f0337032f0317
0357035703570357
035f035f03570357
0347034f0357035f
01d6030f03270337
01d6004cfdf2fe93
ffac012d02af02e7
ff23ff13ff23ff2b
feb3fedbff4bff33
ff1bff84ff7bff7b
fd71fe32fe9bfeb3
fe3afdeafd92fd71
fecbfecbfe9bfe6a
ff73ff53ff1bfedb
ff23ff1bff33ff7b
feebfecbfe62fecb
fef3fefbff0bfefb
feb3fe9bfe5afeb3
fe72fe7afe9bfeab
fe62fe62fe72fe7a
ff94ff53fe93fe6a
00a500a5fff4ff94
fe8bff4b00dd011d
fd19fd59fe0afe1a
fd69fd29fd19fd11
fd59fdbafe1afe02
fddafedbfeabfdfa
0125011500fd00e5
0125012d01350135
016d01350115011d
0256022601e601a6
02ff02d702bf0287
034f03470337031f
035f035703570357
0357035703570357
033f034f035f035f
02af0307031f0337
01c60004fe02ffec
ff8c008d027e02d7
ff23ff23ff13ff23
ff13fe7aff4bff3b
ff03ff63ff73ff8c
fdc2fe62fe83fea3
fe62fe3afdeafd71
fed3fecbfeabfe83
ff63ff53ff0bfee3
ff2bff3bff73ff73
ff1bfefbfe42feab
feebff0bff23ff1b
fe8bfe93fe93febb
fe72fe93fe9bfea3
fe6afe72fe8bfe83
ffb4ff63febbfe72
012d00d5003cffc4
feabff6300cd015d
fd11fd39fe0afe32
fd71fd41fd49fd19
fd8afdaafe22fe0a
fe02fe42fee3fe4a
012d011d010500e5
0125012d01350135
017d0145011d011d
0266023601f601b6
030702df02c7029f
0357034f033f031f
035f035703570357
035f035f035f0357
033f034f035f035f
02df02ff03170327
01aefffcff1301c6
ff5bffe4020e02bf
ff2bff23ff1bff23
ff33fe83ff23ff5b
fedbff3bff63ff7b
fe1afe62fe83fe9b
fe83fe72fdfafdba
fec3fec3febbfe93
ff3bff23ff13fef3
ff3bff4bff5bff4b
ff13ff1bfe72febb
fef3ff03ff03ff0b
fe93feb3fec3fed3
fe72fe83fe93fe9b
fe6afe72fe93fe8b
fffcff84fefbfea3
014500e5005c003c
fed3ff9400b50155
fcf9fd11fdfafe3a
fd82fd31fd41fd11
fdd2fd82fe12fe1a
fe2afdfafec3fed3
012d011d010500ed
0125012d01350135
018601550125011d
0276023e020601c6
030f02ef02cf02a7
034f034f033f032f
035f035703570357
035f035f035f035f
033f03570357035f
02d702ef030f0327
018e0004014d02af
ff4bff7301650297
ff2bff1bff33ff6b
ff4bfebbfecbff6b
fed3ff13ff53ff7b
fe62fe72fe93feab
fe7afe22fddafe22
fecbfeebfecbfe9b
ff2bff2bff1bff03
ff2bff4bff43ff33
ff0bff23fedbfe9b
feebfedbfedbfefb
feabfebbfec3fed3
fe72fe83fea3fea3
fe83fe7afe83fe93
003cffa4ff4bfecb
013500e500b500b5
feebffc400ed014d
fd01fd09fdcafe12
fdc2fd31fd11fd11
fe22fd71fde2fe2a
fe83fdf2fe6aff33
012d011d010d00f5
011d012d01350135
018e0155012d0115
0276023e020e01d6
031702f702cf02af
0357034f0347032f
035f035703570357
035f035f0357035f
0337034f0357035f
02d702ef0307031f
00e50155027e02bf
ff5bff1b007c0186
ff4bff53ff8cffb4
ff6bff2bfec3ff13
fedbff1bff63ff73
fe52fe7afea3feab
fe0afdbafdfafe2a
ff03ff1bfedbfe83
ff4bff43ff23ff13
feebff3bff3bff43
fee3fefbff03febb
fecbfec3febbfedb
fe93fea3feb3febb
fe72fe8bfe93fe83
fe9bfe8bfe8bfe83
002cffb4ff9cfed3
01350125010d00d5
fedb0014011d014d
fcf9fcf1fd59fdda
fe2afdaafd29fd01
fe7afdaafdb2fe32
feebfe12fe0aff0b
012d0125010d00fd
0125012d01350135
0196015d0135011d
02870256021e01de
031f02ff02e702bf
0357034f0347032f
035f035f035f0357
035f035f035f035f
032f0347034f035f
02bf02df02ff0317
01d6023e027602a7
fedbfec3ffbc00dd
febbfed3ff23ff43
ff5bff4bfedbfe83
feb3fef3ff5bff63
fe12fe5afe83fe93
fdbafdcafdeafde2
ff2bff2bfebbfe22
ff63ff63ff43ff33
fef3fef3fefbff33
feabfebbfedbfeeb
febbfec3feabfeab
fe8bfe93fe93fea3
fe8bfe8bfe9bfe93
fed3fe93fe93fe7a
0024ffc4ffbcff0b
01650145014d00f5
febb003401350175
fd31fcf9fce1fd59
fe42fe12fdaafd61
feebfe1afd9afdda
ff03fe22fde2fe8b
012d012501150105
0125012d0135013d
01a6016d0145011d
0297025e022e01ee
031f030702e702c7
035703570347032f
035f035f035f0357
035f035f035f0357
0327033f034f035f
02af02d702ff0317
0206022e0266028f
fed3ff43012501be
fea3febbfecbfecb
ff5bff33ff1bfeab
feb3fef3ff33ff4b
fdaafdfafe52fe72
fdc2fddafdcafd9a
fea3fe6afe2afdd2
fee3fefbfedbfeb3
ff03ff03fef3ff03
fe72fe9bfeb3fed3
fe8bfe9bfe8bfe6a
fe7afe83fe9bfe8b
fe9bfe9bfe93fe8b
feabfeb3fe93fe83
004cffbcffecff23
013d011501450105
fe32005c016d01ae
fdd2fd8afd19fce9
fdd2fdf2fdf2fdf2
fefbfe5afdfafda2
ff13fe62fdfafe3a
0135012501150105
0125012d0135013d
01b6017d014d012d
029f0266023601fe
031f030702ef02cf
0357035703470337
035f035703570357
035f035f035f0357
0327033f034f035f
02a702c702ef030f
01de020e024e027e
ff23ff7b014501a6
ff13ff0bff13ff1b
ff63ff33ff3bff33
fec3fef3ff3bff5b
fd9afdc2fe1afe6a
fdd2fe12fe1afdd2
febbfebbfe52fdb2
fef3fecbfea3fe9b
fed3fefbfefbfef3
fe72fe7afe8bfe93
fe83fe83fe7afe72
fe83fe72fe9bfe8b
fea3feabfe93fe83
fed3febbfe83fe83
008dffd4ffccff43
012d00bd010d00fd
fdc20054017d01b6
fe0afdf2fd9afd29
fdaafdbafdf2fe0a
fe9bfe83fe4afdf2
fedbfeabfe22fe1a
013d012d011d010d
011d012d0135013d
01c60186015d0135
02a7026e023e0206
0327030f02f702cf
0357035703470337
035f03570357035f
035f035f035f035f
031f03370347035f
029702bf02e70307
01be01ee022e0266
ff3bff73011d0186
ff43ff43ff53ff3b
ff63ff4bff2bff33
fe9bfef3ff73ff63
fe02fdd2fe0afe52
fe0afe52fe93fe6a
ff1bfee3fdfafda2
fefbfef3fefbfefb
feb3fedbfedbfedb
fe7afe83fe9bfea3
fea3fe9bfe9bfe8b
fe83fe6afe6afe8b
fe9bfe9bfe93fe83
feb3fea3fe7afe83
009d000cffccff53
016500ed009d00cd
fdaa0024016d01be
fdfafde2fdbafd71
fdf2fdbafdeafdfa
fe42febbfe72fe42
feb3fec3fe4afe1a
013d0135012d0115
012501250135013d
01d601960165013d
02af027e024e0216
0327030f02f702d7
03570357034f0337
035f035f035f035f
035f035f035f035f
0317032f0347035f
028702b702df02ff
019e01ce02160246
ff5bff7b00dd0165
ff33ff53ff63ff53
ff5bff5bff3bff1b
fe7afed3ff3bff63
fe7afe12fe12fe32
fe0afe62febbfeab
ff1bfea3fd79fdaa
ff43ff4bff53ff3b
fecbfef3ff03ff13
fe93fe9bfeb3fecb
feb3feb3feb3fe9b
fe9bfe83fe6afe9b
fe93fe8bfe8bfe8b
febbfe83fe83fe72
00a500740004ff84
0175012500950095
fd9affd40175018e
fe0afddafdaafd79
fe2afdeafde2fdfa
fe3afedbfec3fe62
fef3fed3fe7afe32
0145013d012d011d
0125011d012d013d
01e6019e016d0145
02af027e02560216
0327031702ff02df
03570357034f0337
035f035f035f0357
035f035f035f035f
030f0327033f0357
027602a702d702f7
017501a601f60236
ff5bff730085013d
ff23ff4bff43ff3b
ff63ff43ff1bff03
fe7afeb3fefbff3b
fea3fe3afe2afe4a
fdfafe2afe72fe62
ff13fe52fd41fdaa
ff63ff63ff6bff4b
fef3ff23ff33ff43
fea3febbfecbfee3
febbfeabfea3fe9b
fe83fe83fe83fea3
fe72fe4afe52fe83
fed3fe83fe83fe6a
009500a5003cffb4
0165015d00dd008d
fd92ff9401750115
fdfafde2fdbafd82
fe4afe2afe02fdf2
fe4afe8bfee3fe72
ff1bfecbfeabfe4a
0145013d01350125
012501250135013d
01ee01a601750145
02b70287024e021e
032f031f030702e7
03570357034f0337
035f035f035f035f
035f035f035f035f
0307031f033f0357
025e029702c702ef
014d018601de021e
ff53ff630044010d
ff23ff4bff33ff2b
ff1bff0bff0bfef3
fe72fe9bfeabfeeb
fea3fe52fe22fe4a
fddafdf2fe1afe42
fefbfe0afd31fd8a
ff7bff5bff4bff43
ff0bff33ff43ff5b
feabfecbfedbfef3
fe9bfebbfeb3fea3
fe72fe83fe9bfe9b
fe5afe4afe5afe72
fedbfe83fe83fe6a
008d0095fffcff9c
0105016d00e500ad
fd8aff7b014d014d
fe0afe12fde2fd92
fe5afe52fe32fe02
fe62fe72feb3febb
ff13fed3fec3fe62
014501450135012d
012d01250135013d
01f601ae017d014d
02b7028f0256022e
032f031f030702ef
03570357034f0337
035f035f035f035f
0357035f035f0357
02ff031703370357
0246027e02af02df
0125015d01b60206
ff53ff5b000c00ed
fef3ff33ff53ff4b
fedbfedbfee3fecb
fe4afe83fe9bfebb
fe6afe2afe02fe1a
fd9afdb2fdd2fe22
fef3fe12fd59fd59
ff5bff5bff53ff43
ff13ff2bff4bff63
feb3fed3fed3ff03
fea3fecbfecbfeb3
fe7afe9bfeb3feab
fe5afe52fe6afe72
fec3fe83fe6afe52
00bd00740044ff7b
00f5011500f5009d
fd9aff6b016d01ae
fe42fe3afe02fdb2
fedbfe8bfe5afe32
fe62fe5afe42fee3
ff0bfedbfeb3fe83
01450145013d0135
01350125012d013d
020601be01860155
02c7029f026e0236
03370327030f02ef
035703570357034f
035f035f03570357
035f0367035f035f
02f703170337034f
02260266029f02c7
00e5012d018601d6
ff4bff33ffe400bd
fec3ff13ff33ff4b
fe62fe72fe8bfe7a
fe1afe3afe52fe62
fd92fdcafdeafe02
fd49fd41fd21fd49
feb3fe3afde2fd61
ff3bff5bff4bff2b
fee3ff13ff2bff3b
feb3fec3fedbfeeb
fea3feabfec3febb
fe8bfe9bfeabfec3
fe3afe3afe4afe6a
fe8bfe3afe42fe5a
00ad0034005cff9c
010d00f500bd0125
fdaaff23017501be
fe5afe4afe1afdd2
ff6bfed3fe6afe62
fe6afe5afe22fe6a
ff33ff03feb3fe83
01450145013d013d
013d0135012d013d
020e01c6018e015d
02c702a702760246
033f0327030f02f7
035703570357034f
035f035f035f0357
0357035f035f035f
02e7030f032f034f
020e024e028702b7
00b500fd015d01b6
ff4bff1bffbc0085
feb3fefbff0bff23
fe1afe4afe22fe4a
fdf2fe02fe02fdfa
fd51fd31fd41fda2
fd9afd51fd29fd29
fe83fe72fe5afe02
ff33ff43ff43ff13
fecbfedbff03ff33
fea3feb3fed3fed3
feabfea3febbfea3
fe83fe7afeb3fecb
fe2afe3afe4afe6a
fea3fe4afe3afe2a
00cd00240034ffc4
013d00fd007c0125
fdbafecb014d01de
fe6afe52fe3afdea
fef3ff5bfecbfe93
fe72fe7afe62fe3a
ff13fef3fec3fe7a
014501450145013d
013d0135012d013d
021601d6019e016d
02cf02af027e024e
033f0327030f02f7
035703570357034f
035f035f035f0357
0357035f035f035f
02d702ff032f034f
01de022e027602af
007c00d5012d0186
ff43ff13ff7b0044
fe7afed3ff13ff33
fe62febbfe8bfe3a
fd79fdb2fde2fdfa
fdeafde2fd79fd82
fdf2fdcafdb2fdba
fe6afe52fe5afe32
ff33ff33ff23fee3
fef3fedbfeebff23
feabfeabfeabfebb
fea3feabfebbfea3
fe7afe83feabfeab
fe2afe4afe52fe6a
fefbfe62fe3afe2a
00d5005c00040004
015500dd00a500f5
fdbafe7a00fd01ce
fe8bfe83fe5afe0a
fe7aff73ff84fed3
fe83fe7afe8bfe6a
ff3bff03fee3feab
0145014d014d0145
014d01350135013d
021e01e601a60175
02d702b7028f0256
033f032f031702ff
035703570357034f
035f035f035f0357
0357035f035f035f
02c702f70327033f
01b6020e025e029f
002c009500f50155
ff33ff1bff43ffec
fe93fedbff1bff33
feb3ff4bff33fefb
fdfafe0afe2afe22
fe62fe72fe3afe22
fdcafdfafe1afe42
fe5afe52fe4afe12
ff3bff13fefbfeb3
fefbff03ff0bff13
fe9bfea3fea3febb
fec3feb3febbfeab
fe93fea3fe9bfe9b
fe3afe3afe52fe7a
ff5bfe83fe2afe3a
00fd00cd0044ffdc
017d00c5009500cd
fdc2fe3a009d01a6
febbfe7afe4afe1a
fe72feabffc4ff73
fe9bfe9bfeabfeab
ff33ff13ff0bfee3
0145014d014d014d
0155013d013d0135
022e01ee01ae017d
02df02bf02970266
0347032f031702ff
035703570357034f
035f035f035f0357
034f035f035f035f
02c702ef03170337
018601ee02460297
ffe4004400ad0115
ff1bff1bff1bff9c
fef3fed3ff03ff03
feabff53ff8cff8c
fe72febbfed3fee3
feb3feb3feabfeb3
fdf2fe1afe5afe8b
fe12fe42fe8bfe22
ff23ff23ff03fe6a
fefbff03ff0bfefb
fe83fea3feb3febb
fec3feabfea3fe9b
fe8bfeb3fe93fea3
fe3afe3afe4afe72
ff53febbfe42fe3a
00e500b50095ffdc
018600c50074009d
fdd2fe12003c0165
fefbfe5afe3afe32
fecbfe83ff03ffcc
fed3fecbfebbfee3
ff0bff1bff2bfefb
0145014d014d014d
015d0145013d013d
023601f601be018e
02df02bf029f026e
0347032f031f0307
035f03570357034f
035f035f035f0357
034f035f035f035f
02b702e703070337
016501d602360287
ff94fffc007400ed
ff13ff13ff0bff43
ff5bfedbff03fefb
fedbff3bffbcffa4
fec3ff13ff03ff43
fee3fecbfecbfefb
fe42fe62feabfe72
fe3afe4afebbfe83
ff2bff33fecbfe0a
fefbff03ff03ff0b
fe8bfe93fe9bfec3
fea3feabfebbfeab
fe5afe7afe8bfe9b
fe42fe42fe3afe4a
ff63fed3fe5afe42
00bd007c006c0024
018e011500540054
fdeafe12ffec015d
ff63fe93fe2afe2a
ff1bfedbfea3ff3b
ff03feebfedbff0b
ff23ff43ff43ff13
0145014d0155014d
01650145013d013d
023e020601ce0196
02ef02c702a7026e
034f0337031f030f
035f035703570357
035f035f035f0357
03470357035f035f
02a702d702ff032f
014501be0226026e
ff4bffbc004400c5
ff1bff2bff0bff03
ffa4fedbfec3feeb
ff23ff43ff9cff9c
ff03ff1bfecbff23
ff03fef3fed3fefb
fe72fec3fedbfeab
fe83febbfef3fedb
ff33ff0bfe42fe12
fee3feebff13ff1b
fe9bfeb3feb3fecb
fe93fea3feabfea3
fe4afe52fe62fe8b
fe4afe4afe42fe42
ff94fed3fe4afe32
009d0085004c003c
01a6013d009d003c
fdfafe42ffdc016d
ff13fef3fe4afe12
ff5bff7bff0bfef3
ff43ff23ff1bff3b
ff5bff7bff7bff73
0145014d0155014d
016d014d013d0145
0246021601d601a6
02f702cf02af0276
034f03370327030f
0357035703570357
035f035f03570357
03470357035f035f
02a702cf02ff0327
0125019e020e0266
ff0bff94002400a5
ff23ff1bfefbfed3
ffa4ff3bfedbff03
ff13ff3bff63ff84
ff3bff43fee3fef3
ff3bff1bfeebff03
fe7aff13fedbfedb
febbfedbfef3fef3
ff33fee3fdfafe5a
feebfefbff23ff1b
fea3feb3fecbfeeb
fe9bfeb3fe9bfea3
fe5afe6afe72fe9b
fe3afe5afe4afe42
ffbcff0bfe7afe32
00dd0095004c0024
01ae014500a50074
fe7afea3001c0175
fea3fedbfeebfe62
ff84ffb4ff63ff23
ff73ff63ff63ff4b
ffc4ffecffecffe4
013d0155014d014d
017d014d01350135
0256021e01e601ae
02f702d702b70287
034f033703270317
035703570357034f
035f035f035f0357
033f0357035f0357
029702cf02ff031f
010d017d01f6024e
feebff6b0004008d
ff1bff1bff0bfebb
ff7bff84fef3fefb
ff13ff53ff8cff7b
ff63ff73ff0bfed3
ff7bff43ff23ff2b
feabff0bfefbfee3
fee3fea3fed3fedb
ff23fe93fe0afeab
fedbfefbff23ff23
fe93fe93feb3fedb
fe7afe9bfe9bfe93
fe72fe8bfe83fe83
fe3afe52fe52fe52
0004ff23fecbfe52
00b500b5002c003c
01ce015d011500b5
0004ffbc0095018e
fec3feabffb4ff84
ff53ff94ffccff94
ffbcff94ff7bff43
00740085007c0044
01450155015d014d
0186015501350135
0266022601ee01b6
030702e702b70297
034f0347032f031f
0357035703570357
035f035f035f0357
033f034f0357035f
028f02c702f7031f
00f5016501d60236
fed3ff4bffdc006c
ff1bff1bff0bfeb3
ff94ffbcff63ff0b
ff13ff53ff94ff5b
ff8cff84ff0bfedb
ff53ff53ff7bff6b
febbff0bff03feeb
fee3fe8bff1bfeab
ff03fe4afe4afee3
fed3fef3ff0bff2b
fe8bfea3feb3fecb
fe7afe93fe8bfe93
fe5afe62fe7afe6a
fe52fe42fe4afe3a
0014ff33fefbfe72
00c500ad0024003c
01be0155013500c5
0095003c00c501a6
ff23fed3000c0004
ff1bff9c002cffd4
0014ffdcff94ff4b
016500e5009d006c
0145015d01650155
018e015d013d0135
026e023601fe01ce
030702ef02cf029f
034f0347033f031f
0357035703570357
035f035f035f0357
032f03470357035f
027e02bf02ef030f
00dd015501c60226
fec3ff33ffb40044
ff1bff13ff03fea3
ff73ffd4ff73ff1b
feb3fee3ff1bff2b
ff43ff1bfebbfeb3
ff33ff6bff8cff3b
fecbfefbff0bfebb
fe93fea3fefbfe83
fea3fe2afe93fedb
fed3fedbff13ff2b
fe9bfebbfeb3fed3
fe62fe7afe83fe8b
fe2afe3afe52fe4a
fe5afe42fe3afe22
ffdcff13fef3fe9b
00bd00440014000c
019601450125010d
00bd006c010d01a6
ff94fefbffecffec
fefbff4b004c001c
00340014ffd4ff23
02b701a600dd0074
0145015d01650155
019e016d013d012d
027e023e020e01de
030f02f702d702af
034f034f0347032f
0357035703570357
035f035f035f0357
032703470357035f
026e02af02df0307
00bd013d01ae0216
feb3ff1bff9c0024
ff0bff0bff0bfe9b
ff94ffecff5bfefb
fe02fe6afec3ff1b
fdb2fdbafd79fd9a
fe3afe1afdfafdb2
fe93fecbfeb3fe2a
fe5afe93fe8bfe7a
fe32fe52fecbfebb
fee3feebff03ff03
feabfeb3feb3fedb
fe42fe62fe83fe93
fe22fe2afe32fe3a
fe5afe4afe2afe0a
ffe4ff53ff0bfea3
008500540004ffe4
01ae016d013d0135
00ad0085010d019e
ffd4ff4bffacffec
fef3ff3b0024004c
0095003cffd4ff2b
030f02f702060105
0145015501650155
01ae0175014d013d
028f0256021e01e6
031702f702df02bf
034f034f0347032f
0357035703570357
0357035703570357
0327033f0357035f
025e02a702d70307
00a5011501960206
fea3ff03ff84000c
ff03ff13feebfe83
ff2bffd4ff6bfefb
fdcafe3afe7afec3
fcc9fcb1fcc9fd39
fcd1fce1fcf1fce9
fe2afdd2fd59fcf1
fea3fe93fe52fe5a
fdfafe72fed3fe93
fef3fefbfef3fedb
fea3feb3feb3fed3
fe62fe5afe5afe83
fe12fe1afe32fe5a
fe72fe5afe2afe1a
ffecff8cff33fed3
00c5007c00640014
01a601ae018e0155
007400bd00ed0165
000cff73ff430004
ff0bff3bffbc0064
010d0074ffecff5b
01550216026e01e6
0145015d015d015d
01b6017d0155013d
0297025e022e01f6
031f02ff02e702bf
0357034f03470337
035f035703570357
0357035703570357
031f0337034f035f
0246029702cf02ff
008500fd017d01ee
fe9bfef3ff6bfff4
ff0bff03fedbfe7a
feabffa4ff94ff23
fdb2fdfafe22fe6a
fcd9fca1fcb9fd39
fce9fd19fd31fd19
fd69fd39fce9fcc9
fe9bfe5afdcafd69
fdd2fe93feabfe52
fee3ff0bff13feb3
fe83feb3fecbfecb
fe4afe5afe5afe6a
fe2afe2afe4afe42
fe93fe6afe4afe3a
fff4ffbcff33fefb
00ed008d006c005c
019e01be018e0135
003400c500ad014d
002cffb4ff1b0024
ff53ff5bff5b0064
017d00e5002cff9c
012d00a500ad0155
014d015d015d0155
01be018601550145
0297026602360206
031f02ff02ef02c7
0357034f03470337
035f035f03570357
035f035703570357
03170337034f035f
0236028f02c702f7
006c00ed016501d6
fe93fee3ff4bffdc
ff0bfefbfedbfe72
fe9bff84ffbcff33
fdfafdcafdfafe52
fcd1fcc9fd29fdaa
fd49fd79fd9afd51
fd92fd92fd51fd31
fe42fdd2fd9afd82
fddafeabfe9bfe42
feebff13ff13fe83
fe6afeabfee3fedb
fe32fe4afe6afe72
fe4afe3afe5afe42
feabfe8bfe62fe42
000cffc4ff5bff13
010500bd009d005c
017d01a6017d0145
002c00cd00cd0135
00950024ff33000c
ff6bff84ff4b0014
fffc0095009d0004
014d0105004cffac
014d0155015d0155
01ce018e015d0145
029f026e023e020e
031f030702ef02cf
0357034f03470337
035f035f035f0357
035f035703570357
030f032f03470357
0226027602b702ef
004c00d5015501c6
fe8bfecbff3bffbc
ff13ff0bfebbfe62
fea3ff63ffccff73
fe83fe22fe02fe52
fcf9fd51fdcafe3a
fda2fdbafda2fd39
fdd2fdcafd92fd92
fdaafd92fdbafdca
fe1afeb3fe93fe02
fef3ff2bff23fe83
fe7afe9bfedbfeeb
fe4afe5afe5afe7a
fe62fe52fe42fe42
fed3fe9bfe83fe62
003cffacff84ff03
012500d500ad008d
017d01d601ae014d
007c00e500a500d5
00850034ff7b0014
ff9cff73ff8cff7b
ff4bff1bff9cfff4
0165012d008dffec
013d014d015d0165
01de019e016d014d
02a7027e0246020e
0327030f02e702c7
035703570347033f
0357035703570357
035f035f03570357
0307032703470357
0216026602a702e7
003400bd014501b6
fe7afebbff23ffa4
ff63ff33fec3fe6a
febbff0bff84ffa4
feebfeb3fe4afe83
fdc2fdfafe42fe8b
fdbafd9afd92fdba
fdeafde2fdb2fdba
fe02fdcafdc2fdea
fe4afe93feb3fe2a
ff0bff33ff2bfeab
fe7afe93febbfef3
fe4afe62fe83fe93
fe62fe42fe32fe2a
fee3fe9bfe7afe72
004cffe4ff84ff4b
016d010d00ad00a5
014501b601a60155
00b500e5009d00b5
ffcc004cffa4ffd4
ff43ff63ff6bff33
ffc4ff33fec3fedb
016d01050085003c
013d014d015d0165
01e601ae0175014d
02af0287024e0216
032f030f02ef02c7
0357034f034f033f
0357035703570357
035f035f035f035f
03070327033f0357
02060256029f02df
001400a5012d01a6
fe72fea3ff03ff8c
ff84ff2bfea3fe6a
fedbff3bff53ff94
ff13ff03febbfed3
feb3feabfeb3fecb
fe02fe02fe2afe6a
fe42fe42fe2afe02
fe52fe3afe12fe32
fe4afea3fe5afe2a
ff2bff3bff23feb3
fe72fe93feabfeeb
fe5afe62fe8bfe8b
fe6afe42fe3afe52
ff03fedbfe93fe83
006c000cffacff63
0196013d00c500cd
00ed0155016501ae
009d00b5009d00ad
ff3b00140004ff94
fe5afeb3fefbff13
ffecff8cff13fe83
014d00bd00640044
013d014d0155015d
01ee01b6017d0155
02bf028f025e0226
0337031702ef02cf
03570357034f0347
0357035703570357
03570357035f035f
02f7031f033f034f
01f60246028f02d7
fff400850115018e
fe6afe9bfeebff6b
ff8cff43fea3fe62
fef3ff53ff84ffa4
ff23ff2bfefbff23
feebfeebfee3feeb
fe9bfe93feabfec3
fe7afe9bfea3fe8b
fe5afe7afe6afe62
fe83feb3fe3afe22
ff0bff2bff33fec3
fe83fe9bfec3fef3
fe6afe5afe7afe83
fe8bfe5afe6afe72
ff5bff0bfebbfe8b
00ad0074ffccff6b
01d6017500fd00bd
00ad00f5014501b6
005c0074009d0085
fec3ff5bfff4ffbc
fe7afe2afe3afea3
fff4ffb4ff63feeb
00fd007c004c004c
013d01450155015d
01f601be0186015d
02c702970266022e
0337031702f702d7
03570357034f0347
0357035703570357
0357035703570357
02ef03170337034f
01de0236028f02c7
ffd4006400f50175
fe6afe8bfed3ff4b
ffccffa4ff1bfe62
ff43ff4bff94ffc4
ff43ff3bff33ff53
fefbff03ff1bff2b
fec3fed3fee3feeb
fea3feb3fe9bfe9b
fe4afe72fe8bfe93
feabfecbfe0afe22
feebff23ff33fecb
fe7afe93fec3fef3
fe62fe62fe6afe62
fe93fe7afe7afe6a
ff7bff0bfee3fec3
00ad009dfff4ffdc
01c6019e00ed009d
003400c5012d0186
001400640085004c
fe32fe7aff53ffd4
fed3fe8bfe1afdda
ffd4ffb4ff8cff2b
007c004400440034
013d01450155015d
020601ce018e015d
02cf02a7026e0236
033f031f02f702df
03570357034f0347
0357035703570357
0357035f03570357
02e7030f032f0347
01ce0226027e02b7
ffb4004c00dd015d
fe62fe83febbff23
001c004cffdcfe9b
ff43ff6bffc4ffdc
ff43ff5bff94ff84
ff33ff4bff53ff3b
fefbff13ff2bff23
fedbfee3fee3fedb
fe52fe83fea3fec3
fedbfe8bfe02fe32
ff0bff1bff23fec3
fea3fe9bfecbff0b
fe93fe72fe7afe83
febbfe7afe8bfe9b
ff94ff43ff03ff03
008d003c002c000c
01ae017d00d50064
004400d501150186
ffd40044005c0054
fdaafde2fe72ff7b
ff03febbfe62fdf2
ffb4ff94ff73ff3b
fffc00140024ffdc
014501450155015d
020e01d60196016d
02d702b7027e023e
033f031f02ff02e7
03570357034f0347
0357035703570357
0357035f03570357
02e703070327033f
01b60216026602af
ff9c002c00bd013d
fe6afe7afeabff0b
006400a5004cff33
ff53ff73ffec002c
ff63ff9cffc4ffa4
ff3bff53ff4bff2b
ff23ff2bff33ff23
fedbfee3fefbff0b
fe72feabfecbfebb
fef3fe5afe2afe52
ff33ff63ff43ff0b
febbfeb3febbfeeb
fe93fe83fea3fe9b
ff03fe83fe8bfe9b
fff4ffb4ff4bff4b
0095003400440024
01b6016d00c50085
002c00ad01150196
ff53fffc002c003c
fde2fd9afdcafe8b
ff2bfee3fe7afe2a
ff73ff5bff3bff3b
ff84ffccffc4ff84
014d013d014d015d
021601de019e016d
02d702b702870246
033f032702ff02ef
03570357034f034f
0357035703570357
034f035703570357
02d702ff0327033f
019e01fe025602a7
ff7b000c00a50125
fe9bfe6afe93fef3
007c00bd006cffb4
ff9cffbcfff4004c
ff7bffd40004ffdc
ff4bff63ff63ff53
fedbff1bff33ff23
ff03ff1bfefbff1b
fe72feb3fecbfeab
ff0bfe6afe62fe7a
ff6bff7bff53ff7b
fedbfedbfef3ff13
fe9bfeb3fed3fee3
ff1bfeabfecbfeab
0034fffcffacffac
008d004c00740054
01be017500d500c5
000c0085010d0186
fe7aff7b00040014
fe22fdeafd8afda2
ff3bfefbfe93fe4a
ff3bff23ff23ff43
ff03ff63ff53ff2b
014d013d014d015d
021e01e601ae0175
02d702b7028f0256
033f0327030702f7
03570357034f034f
0357035703570357
034f035703570357
02cf02f7031f0337
018601ee02460297
ff53fff40085010d
fedbfe6afe83fed3
007c00ad0074ff9c
ffd4fff4001c0044
ff7bffdc002c0014
ff7bff73ff5bff63
fec3fefbff6bff6b
fee3ff23feebff33
fe83fe8bfeabfeb3
ff23feabfe7afe6a
ff94ff8cff6bffac
ff1bfefbff1bff5b
fecbfef3fed3ff33
ff63fefbfee3fef3
006cfffcffacffcc
009500a500ad00a5
0196014d00f500ad
fffc008500fd018e
fd92feabffacffcc
fe4afe0afdb2fd69
ff3bff03feb3fe72
fedbfee3fefbff33
fe9bfef3fee3fecb
0155013d014d0155
022e01f601b60186
02d702b702970266
033f0327030f02f7
034f034f034f0347
035703570357034f
034f035703570357
02bf02ef03170337
017501d602360287
ff3bffd4006c00f5
ff03fe8bfe72febb
005c007c005cffb4
ffdcffec003c005c
ff94ffc4fff40014
ff3bff6bff4bff73
fefbff4bffacff7b
fef3ff0bff1bff4b
fe8bfe93fea3fe9b
ff0bfeb3fe8bfe5a
ffacff94ffa4ffc4
ff1bff1bff23ffa4
fef3ff2bfee3ff0b
ff94ff43ff43ff4b
004c0004fffc000c
00ed00cd00b50105
00fd011d011500e5
ffec0064008500b5
fd59fdaafef3ff84
fe6afe2afddafd9a
ff03fefbfecbfe9b
fe7afe9bfec3feeb
fe4afe7afe72fe6a
015d014501450155
0236020601be018e
02df02b70297026e
03470337031702ff
03570357034f034f
0357035703570357
0347035703570357
02b702e7030f032f
015d01be0226027e
ff1bffac004c00dd
fecbfe6afe6afea3
002c0034ffdcff3b
0014ffe40044004c
ff94ffbcffdc001c
ff2bff6bff13ff6b
ff13ff9cff9cff1b
feebff03ff13ff2b
fe72fe93fe9bfe8b
ff1bfedbfe93fe6a
ffacff7bffacffbc
ff0bff2bff53ffbc
ff13ff5bfee3fee3
ffacff6bff6bff8c
0044001c00340034
0105009500cd00fd
001c00c500dd0115
ff94ffbcffe4ffdc
fd82fd29fdeaff33
fe83fe42fdfafdc2
fecbfed3fec3feab
fe4afe6afe83feab
fe2afe32fe2afe32
0165014d01450155
023e020601ce0196
02ef02cf029f0276
0347033f03270307
03570357034f034f
0357035703570357
033f035703570357
02af02df03070327
014501ae0216026e
fefbff8c003400bd
fe9bfe52fe5afe83
0014fffcff73fefb
002c00240054004c
ff63ff73ffd4002c
ff3bff5bff2bff4b
ff1bff5bff53fecb
fed3feebff03feeb
fe52fea3fe8bfe8b
ff0bff0bfea3fe7a
ff9cff94ffe4ff9c
ff6bff43ff5bffdc
ff63ffb4ff13ff03
ffc4ff94ff73ff9c
0064004c003c0014
00f500a500ed00d5
000c005400e50125
ff13ff5bff84ff8c
fdaafd59fd31fe72
fe9bfe72fe2afdea
fea3feabfeabfeab
fe3afe52fe6afe83
fe6afe42fe22fe2a
016d014d0145014d
024e021601d6019e
02ef02cf02af027e
034f033f0327030f
03570357034f034f
0357035703570357
0337034f03570357
029f02d702ff031f
012d019602060266
fedbff6b001400a5
fe5afe42fe4afe6a
0024ffdcff53fed3
003c00640054003c
ff3bff7b0004003c
ff53ff73ff8cff3b
feebff13ff03fedb
fedbfed3feebfed3
fe3afe83feb3fe83
ff23ff1bfecbfe62
ff94ffa4000cffa4
ffacff84ff33ffdc
ffacffb4fefbff23
ffbcffacffb4ffac
00340044000cffe4
00ed00fd010500b5
ffd40054010d0125
feabfeebfef3ff53
fde2fd9afd39fd71
fea3fe8bfe52fe22
fe83fe83fe93feab
fe52fe5afe62fe72
fe9bfe93fe72fe5a
0175014d013d0145
0256022601e6019e
02f702d702b7028f
034f033f032f0317
03570357034f034f
0357035703570357
0337034703570357
029702cf02f7031f
0115018601fe0256
fec3ff4bffec0085
fe3afe2afe42fe5a
ffecffd4ff0bfe83
0085008d00440014
ff53ffc400140074
ff3bff94ffdcff8c
fef3ff03ff03ff23
fec3fe9bfebbfe8b
fe4afe5afeb3fe9b
ff4bff33ff0bfe72
ff9cffac0004ffc4
ffc4ffa4ff33ffbc
ffe4ffb4fed3ff1b
ffdcffccff9cffd4
003c0014ffbcffb4
010d00fd00dd007c
ff1bffac006400ed
fddafe9bfeabfed3
fe12fdd2fd82fd21
fea3fea3fe72fe42
fe7afe7afe83fe9b
fe83fe7afe72fe7a
fe83fe93fe9bfe93
017d0155013d0145
025e022601f601ae
02f702d702bf0297
0347033f0337031f
034f034f034f034f
0357035703570357
0337034703570357
028f02bf02ef0317
00ed017501ee0246
feabff2bffd4006c
fe32fe2afe32fe52
ffb4ff53fe9bfe52
00a50085001c0004
ff94ffec0034009d
ff6bffccffe4ffbc
ff0bfef3fed3ff3b
fe8bfe8bfeabfecb
fe7afe6afec3feeb
ff84ff3bff2bfebb
ff63ffec001cfff4
ffccff94ff3bff7b
fffcffb4ff23ff33
ffdcff9cff8cfff4
0034ffccffa4ffbc
00dd009d0095009d
fea3ff1b002400d5
fd39fe22fe72fe83
fe2afdfafdbafd51
feabfec3fe9bfe52
fe7afe7afe8bfe93
fe93fe9bfe93fe83
fe5afe6afe83fe93
017d0155014d0145
026e023601fe01b6
02ff02df02bf0297
0347033f0337031f
034f034f034f034f
0357035703570357
032f0347034f0357
027e02b702e7030f
00d5016501d60236
fe93ff13ffb4004c
fe32fe22fe22fe42
ff73fef3fe62fe4a
00c5007c001cffdc
ff9cffd4004400a5
ff73ffa4ffc4ffbc
ff2bff03fe8bfed3
fec3feb3fecbfeeb
fe9bfe83fef3ff63
ffbcff23ff13ff03
ff84ffe4003c0004
ffbcff84ff3bff7b
ffe4ffb4ff63ff53
ffc4ff73ffacffe4
ff8cffb4ffbcffdc
003c00440054002c
fe62fed3ff8cfffc
fd41fd61fe1afe42
fe32fe0afdd2fd92
fec3fecbfea3fe5a
fe93fe8bfe93feab
fe83fe9bfeabfe9b
fe3afe42fe5afe72
0186015d014d0145
0276023e020601c6
030702e702bf0297
0347033f0337031f
034f034f034f034f
0357035703570357
0327033f034f0357
026e02a702df0307
00bd014d01be0226
fe7afef3ff8c002c
fe2afe22fe1afe32
ff1bfe9bfe3afe32
00ad004cfff4ff7b
ffc4ffe40054009d
ff23ff6bffacffcc
ff43ff03fe83fea3
ff13fefbfee3fef3
feebfe9bff2bff53
ffccff2bff0bff33
ffa4ffcc00140004
ff94ff5bff03ff53
ffbcffa4ff53ff23
ff73ff84ffccffa4
ff9cff94ffc4ffe4
ffa40004ffe4ff94
fe2afe5afeb3ff13
fd82fd21fd69fdf2
fe42fe22fdf2fdca
fecbfecbfe93fe62
fe9bfea3feabfebb
fe5afe72fe83fe93
fe3afe32fe3afe42
0196016d014d013d
026e023e020e01d6
030702e702cf02a7
0347033f03370327
034f034f034f034f
0357035703570357
031f0337034f0357
025e029f02d70307
00ad013501a60206
fe6afee3ff73000c
fe2afe2afe2afe32
fe93fe42fe2afe2a
0085001cffa4ff0b
001cfff4004c009d
fedbff3bff8cffd4
ff13ff1bfe8bfe8b
ff53ff13ff0bff1b
ff8cfef3ff43ff53
ffd4ff43ff1bff43
ff9cff9cffe40014
ffbcff5bfed3ff13
ff94ff84ff33ff43
ff6bff7bffb4ff6b
0004ffd4ffe4ffa4
ff33ff53ff03ff84
fdfafe2afe5afe9b
fdb2fd59fd11fd92
fe5afe42fe22fe02
fe9bfe93fe72fe6a
fe6afe7afe83fe9b
fe2afe3afe42fe5a
fe6afe4afe2afe1a
019e017501550145
027e024e021601de
030702ef02d702af
034f034703370327
034f034f034f034f
03570357034f034f
03170337034f0357
024e029702c702f7
008d0115018e01f6
fe5afebbff43ffec
fe22fe1afe22fe2a
fe42fe2afe22fe22
007c002cff94feeb
0034001c006400a5
fed3ff1bff94ffdc
ff1bff23feb3fec3
ff53ff33ff23ff33
ffd4ff6bff73ff4b
ffc4ff53ff4bff73
ff84ff84ffb4001c
ffacff73feebff0b
ff84ff53ff0bff53
ff7bff73ff63ff53
fffcfffcff94ff63
fe7afe83fee3ffa4
fd92fe02fe2afe5a
fddafd92fd31fd19
fe62fe52fe3afe12
fe72fe72fe6afe6a
fe3afe42fe52fe62
fe1afe22fe22fe2a
fe83fe62fe3afe22
01ae017d01550145
02870256021e01ee
030f02f702df02b7
034f034703370327
034f034f034f034f
03570357034f034f
0317032f03470357
023e028702bf02ef
006400f5017501e6
fe3afe9bff23ffcc
fe12fe2afe12fe02
fe52fdeafdcafdea
0054fff4ff94ff1b
00240054007c00a5
ff13ff23ffccfff4
ff43febbfecbfeeb
ff5bff53ff2bff03
ffd4ff84ffc4ff6b
ff94ff4bff4bff7b
ff4bff5bff6bffec
ff6bff4bfef3fefb
ff84ff4bfef3ff3b
ffacff9cff5bff63
ff3bff5bff0bff23
fe0afe2afe83fef3
fd01fd9afdf2fe12
fe12fdd2fd79fd19
fe6afe5afe42fe32
fe5afe5afe62fe6a
fe1afe22fe32fe4a
fe12fe12fe12fe1a
fe93fe7afe52fe2a
01b60186015d014d
028f025e022e01fe
031702ff02df02bf
034f0347033f032f
034f034f034f034f
034f034f034f034f
030f032f033f034f
022e027602af02e7
004400dd015d01d6
fe3afe8bff0bffa4
fd92fdd2fdfafe12
ff3bfe6afda2fd59
fffcfff4ffe4ffa4
00140054008d006c
ff5bff53ffc4fff4
ff5bfedbfec3ff1b
ff8cff6bff3bff1b
ffd4ff73ffd4ff84
ff73ff73ff73ff73
ff2bff1bff63ffdc
ff3bfeebfefbff03
ff4bfefbfed3ff1b
ffb4ff5bff4bff53
fe8bfe8bfecbff53
fdf2fe0afe32fe93
fd01fd09fda2fdea
fe32fe02fdc2fd69
fe6afe5afe52fe4a
fe4afe52fe62fe6a
fe0afe12fe22fe3a
fe22fe12fe0afe12
feabfe93fe7afe4a
01c6018e016d014d
0297026e023e0206
031f02ff02e702c7
034f0347033f032f
034f034f034f034f
03570357034f034f
03070327033f034f
021e026e02a702df
002c00c5014d01be
fe0afe72fefbff94
fd92fd59fd71fdba
ff9cff63fed3fe12
ff94ffbcfffcffa4
0014003c0074fffc
ff5bff9cffcc0004
ff7bff03fef3ff2b
ffa4ff8cff63ff73
ffd4ff94ffccff7b
ff63ff63ff73ff94
feebfedbff5bffcc
fefbfec3fee3fedb
ff23fee3ff0bff23
ff13ff23ff33fef3
fe1afe5afeabff3b
fde2fdeafe12fe22
fd61fd09fd21fdaa
fe4afe32fdfafdba
fe62fe62fe5afe52
fe3afe42fe5afe5a
fe0afe0afe1afe22
fe42fe1afe0afe12
feb3feb3fe93fe72
01d6019601750155
02a702760246020e
0327030702ef02cf
0357034f033f0337
034f034f034f034f
03570357034f034f
02ff031f03370347
020e025e029f02d7
001c00ad013501ae
fd59fdf2feb3ff73
feb3fdeafd51fd29
ff94ffb4ffacff5b
ff4bff94ffe4ffac
00040044004cffbc
ff53ff73ffd4001c
ff94ff03ff03ff43
ff94ffa4ff63ffa4
ffacffacffd4ff53
ff43ff33ff7bff94
fea3fea3ff0bff6b
fee3fedbfee3fec3
fefbff13ff0bff3b
fe62fe8bfea3fec3
fe0afe2afe83fe72
fd9afddafdf2fe0a
fdbafd69fd11fd29
fe62fe52fe2afdfa
fe62fe62fe62fe62
fe22fe3afe4afe52
fe12fe12fe1afe22
fe72fe4afe2afe1a
febbfebbfea3fe93
01de01a6017d0165
02af0287024e0216
0327030f02ef02cf
034f034f033f0337
034f034f034f034f
034f034f034f034f
02ef031703370347
01fe024e028f02c7
ffa400850115019e
fd39fd49fdcafeab
ff8cff1bfe4afd9a
ffacffc4ffc4ffbc
ff33ff73ff9cff9c
0004001c0004ffa4
ff4bff63ffbcfffc
ff7bfef3ff0bff3b
ff43ffacff84ff9c
ff94ffbcfff4ff1b
ff23ff13ff53ff84
fe72fe5afe72fee3
ff03ff03fedbfea3
ff0bff13fee3ff1b
fe1afe32fe6afedb
fdfafe1afe32fe0a
fd19fd9afdc2fdea
fe02fdc2fd61fd09
fe72fe5afe42fe1a
fe5afe5afe62fe6a
fe22fe2afe2afe4a
fe2afe1afe22fe22
fe83fe72fe52fe3a
febbfebbfeb3fea3
01e601b601860165
02b7028f025e021e
0327031702ff02cf
034f034f033f0337
034f034f034f0347
034f034f034f034f
02e7030f032f0347
01e6023e028702bf
fe42ff8c00b50175
fe22fd79fd19fd61
ffc4ffb4ff6bfeeb
ffacffacffacffbc
ff03ff3bff73ffa4
ffe4ffbcff6bff03
ff33ff63ffa4ffd4
ff4bfef3ff03ff2b
ff23ff9cff94ff73
ff73ffb4ffdcff63
fed3feebff0bff4b
fe6afe22fdfafe1a
ff0bfec3fe93fe6a
feb3fedbfed3feeb
fdf2fe02fe4afe7a
fde2fdf2fe02fe0a
fd01fd19fd69fdba
fe2afe02fdbafd61
fe7afe62fe52fe3a
fe52fe52fe5afe6a
fe1afe22fe22fe32
fe4afe32fe2afe22
fe93fe8bfe7afe62
fec3fec3fec3feab
01f601b6018e016d
02b7028f0266022e
032f031702ff02d7
03470347033f0337
034f034f03470347
034f034f034f034f
02d702f7031f033f
01960226027602af
fd29fde2ff0b007c
ff3bfe83fd71fcf1
ffbcffc4ffc4ffac
ff9cffa4ffa4ffb4
fef3ff13ff53ff8c
ffbcff53ff03fecb
ff2bff43ff7bffcc
ff0bfec3feebff13
ff4bff73ff7bff6b
ff5bffb4ff8cff63
fe4afe8bfed3ff03
fe5afe4afe22fe0a
febbfe8bfe8bfe7a
fe62fe7afe7afe8b
fe12fe0afe22fe42
fdaafddafdfafe12
fd69fd09fcf1fd59
fe42fe2afe02fdc2
fe72fe7afe72fe62
fe42fe52fe5afe6a
fe32fe22fe1afe2a
fe62fe52fe42fe32
feabfe93fe8bfe72
fecbfebbfebbfeb3
020601c6018e016d
02bf02970276023e
032f031f030702df
034703470347033f
034f034f03470347
034f034f034f034f
02cf02f70327033f
fffc018e025e02a7
fcd9fce9fd61fe62
ffacff5bfe9bfd82
ffb4ffb4ffc4ffc4
ff8cffa4ffa4ffa4
feebff03ff3bff6b
ff4bff13fee3fedb
ff43ff63ff7bff84
ff2bfefbff2bff23
ff43ff43ff53ff63
fef3ff73ff53ff23
fe1afe3afe72fe72
fe7afe72fe6afe42
fe93fea3fe9bfea3
fe42fe5afe52fe62
fe0afe1afe22fe32
fd19fd8afdc2fdf2
fdcafd61fcf9fcb9
fe62fe4afe32fe12
fe6afe72fe7afe7a
fe2afe42fe52fe62
fe32fe2afe22fe22
fe7afe6afe52fe42
feb3fea3fe93fe83
fecbfec3febbfebb
020e01d6019e0175
02c7029702760246
0337031f030702df
03470347033f033f
034f034f03470347
0347034f034f034f
02c702f7031f033f
fdf2ff53012d025e
fd9afce1fcd1fd29
ffc4ffb4ff73feb3
ff9cffacffb4ffbc
ff7bff8cff94ff94
feebfef3ff2bff5b
fefbfef3ff03ff03
ff6bff6bfef3fedb
ff2bff33ff43ff6b
feebfed3ff03ff2b
fe7afec3ff13fedb
fe52fe5afe52fe42
fe9bfe9bfe83fe6a
fe8bfeabfeabfeab
fe3afe52fe62fe6a
fdf2fe1afe2afe32
fc81fcd1fd51fda2
fe1afdd2fd79fcf1
fe83fe7afe62fe42
fe62fe6afe83fe8b
fe22fe2afe42fe52
fe3afe32fe22fe2a
fe8bfe83fe6afe52
febbfeb3fea3fe93
fec3fecbfecbfec3
021601de01ae017d
02c702a702760246
03370327030702e7
03470347033f033f
034f034f03470347
033f034f034f034f
025602ef0317032f
fd09fd92feb300ad
feebfde2fd09fcc1
ffbcffc4ffacff73
ff8cffa4ffacffac
ff63ff7bff84ff7b
ff03ff03ff23ff53
fecbfefbff1bff1b
ff7bff5bfe32fe7a
ff03ff0bff23ff4b
feabfe93feb3fee3
fe62fe72feabfeb3
fe72fe7afe6afe62
feabfeabfe8bfe72
fe93fe9bfeb3febb
fe22fe42fe6afe83
fdaafdf2fe02fe12
fcc9fc58fc89fd21
fe52fe2afdeafd92
fe8bfe8bfe7afe6a
fe5afe5afe72fe83
fe2afe32fe3afe4a
fe5afe52fe42fe32
fe93fe8bfe83fe6a
fec3febbfeabfea3
fed3fed3fedbfecb
021e01ee01ae018e
02cf02af027e0256
03370327030f02ef
03470347033f033f
0347034f034f0347
033f034f034f034f
003c023e0307031f
fcd1fcf1fd69fe5a
ff94ff0bfe02fd19
ffacff9cffa4ffac
ff84ff94ffa4ffa4
ff5bff6bff73ff73
ff0bff1bff2bff53
fe9bfeebff0bff0b
ff63fef3fd29fdba
fec3fee3fefbff4b
fe93fea3feabfebb
fe72fe83fe93fe9b
fe8bfea3fe9bfe83
feabfeabfe8bfe7a
fe8bfe7afe8bfe9b
fdfafe2afe5afe72
fcf9fd92fdd2fdfa
fd79fca9fc50fc60
fe7afe62fe3afe02
fe8bfe93fe83fe7a
fe5afe62fe72fe83
fe3afe32fe3afe4a
fe7afe62fe52fe4a
fea3fe9bfe8bfe83
fecbfebbfebbfeab
fedbfee3fee3fedb
022e01f601be019e
02d702b70287025e
03370327030f02ef
03470347033f033f
0347034703470347
0337034f034f034f
fe2affd401f602ff
fd39fce9fd01fd59
ffa4ff7bff23fe4a
ffa4ff94ff94ffac
ff73ff73ff8cffa4
ff4bff63ff6bff6b
fefbff13ff23ff43
fdf2fe9bfeebff03
ff4bfe1afcd9fd11
fecbfef3ff1bff4b
fec3fed3fecbfebb
fea3fe9bfeb3fec3
fe8bfeb3fec3fec3
fe93fe8bfea3fe8b
fe5afe7afe93fe93
fddafdf2fe0afe3a
fc50fcb1fd49fdaa
fe02fd61fca1fc58
fe93fe83fe6afe4a
fe83fe83fe7afe8b
fe4afe62fe62fe72
fe4afe42fe42fe4a
fe8bfe7afe72fe62
feb3feabfe9bfe93
fed3fecbfec3febb
fee3fee3fed3fedb
023e020601c601a6
02d702bf029f026e
0337032f031702f7
03470347033f033f
0347034703470347
030f033f034f0347
fd59fe02ff8401ce
fe52fd61fcf9fd01
ffacff9cff84ff43
ffacffa4ffa4ffa4
ff6bff73ff7bff9c
ff4bff53ff6bff6b
ff0bff13ff1bff33
fd29fe1afec3ff03
ff23fd71fc89fc91
fefbff1bff3bff4b
fed3fee3fee3fedb
fed3fecbfed3fecb
fe83fe9bfecbfedb
fe6afe7afe9bfeab
fe22fe3afe72fe7a
fd69fdaafddafe0a
fc58fc38fc70fd11
fe52fe0afd49fca1
fe9bfe93fe8bfe7a
fe83fe83fe83fe93
fe4afe5afe6afe72
fe62fe5afe52fe4a
fe93fe8bfe7afe7a
feb3feb3feabfe9b
fed3fecbfec3febb
fedbfedbfed3fee3
023e020601ce01a6
02df02bf02a7026e
0337032f031702f7
034703470347033f
0347034703470347
01f6032703470347
fd11fd79fe12ff9c
ff1bfe3afd39fce1
ffb4ffacff94ff7b
ffa4ffacffb4ffb4
ff73ff73ff73ff84
ff3bff4bff63ff73
ff1bff1bff0bff23
fcb1fd82fe83fef3
fe83fd01fca1fc70
ff13ff2bff3bff2b
fecbfee3fedbfeeb
fedbfee3feebfed3
fe72fe8bfebbfedb
fe42fe52fe7afe83
fdeafe22fe32fe4a
fca9fd39fd92fdc2
fc78fc48fc38fc58
fe8bfe4afde2fcf9
fea3fe9bfe9bfe93
fe83fe8bfe93fe9b
fe4afe5afe62fe72
fe7afe6afe52fe4a
fe9bfe9bfe93fe7a
febbfeb3feb3feab
fed3fed3fecbfec3
fee3fedbfedbfed3
