01be01be01be01be
01ae01ae01ae01be
01ae01ae01ae01a6
01a601a601ae01ae
01b601b601b601b6
01ce01ce01ce01be
01d601d601ce01d6
01d601d601d601d6
01de01de01de01d6
01e601e601e601de
01e601e601e601e6
01ee01ee01ee01ee
01ee01ee01ee01ee
021e021601fe01f6
020e0216021e021e
01f601fe0206020e
01f601fe01f601f6
01fe01fe01fe01fe
0226021e020e020e
022e022e022e022e
023602360236022e
0236023e023e023e
0206020e02160226
01e601e601fe0206
01de01de01e601e6
01de01de01e601e6
01de01de01de01e6
01de01de01de01de
01de01de01de01de
01de01de01de01e6
01e601e601e601e6
01ee01e601e601e6
01be01be01be01be
01ae01ae01ae01be
01be01be01be01b6
01b601b601b601be
01be01b601b601b6
01d601ce01ce01c6
01de01d601d601d6
01de01d601de01de
01e601de01de01de
01e601e601e601e6
01ee01ee01ee01e6
01ee01ee01ee01ee
01ee01ee01ee01ee
020e01fe01fe01f6
0206020602160216
01f601f601fe0206
01f601fe01fe01f6
02060206020601fe
02260216020e020e
0236022e022e0226
0236023602360236
0226022e022e0236
0206020602060216
01e601e601e601f6
01e601e601e601e6
01de01de01e601e6
01de01de01de01de
01e601e601de01de
01e601e601de01de
01e601e601e601e6
01e601e601e601e6
01e601e601e601e6
01ae01be01be01be
01ae01ae01ae01ae
01c601c601c601be
01c601c601c601c6
01ce01ce01be01b6
01d601ce01ce01ce
01de01d601d601ce
01de01de01de01de
01e601e601de01de
01e601e601e601e6
01ee01ee01ee01e6
01ee01ee01ee01ee
01ee01ee01ee01ee
01fe01fe01f601ee
01fe01fe01fe01fe
01f601f601f601f6
01f601fe01fe01f6
02060206020601fe
02260216020e0206
0236022e022e0226
022e023602360236
020e02160216021e
020602060206020e
01e601e601e601ee
01e601e601de01e6
01de01de01e601e6
01de01de01de01de
01e601e601de01de
01e601de01de01e6
01e601e601e601e6
01e601e601e601e6
01e601e601e601e6
01ae01ae01ae01ae
01b601ae01ae01ae
01c601c601c601c6
01c601c601ce01c6
01de01d601ce01ce
01ce01d601d601de
01de01de01de01d6
01de01de01de01de
01e601ee01e601de
01e601e601e601e6
01ee01ee01ee01ee
01ee01ee01ee01ee
01ee01ee01ee01ee
01f601f601ee01ee
01f601f601f601f6
01f601f601f601f6
01fe01fe01f601f6
020e020e02060206
0216020e02060206
022e022e022e0226
0226022e022e0236
0206020602060216
0206020602060206
01e601e601e601ee
01de01de01e601e6
01de01de01de01de
01de01e601de01de
01de01de01de01de
01de01de01de01de
01e601e601e601e6
01e601e601e601e6
01e601e601e601e6
01ae01ae01ae01ae
01c601be01be01be
01ce01ce01c601c6
01ce01ce01ce01d6
01ee01e601de01d6
01de01de01e601e6
01de01de01de01de
01e601e601de01de
01ee01ee01ee01ee
01f601ee01ee01ee
01ee01f601f601f6
01ee01ee01ee01ee
01e601ee01ee01ee
01ee01ee01ee01ee
01f601f601f601f6
01fe01f601f601f6
0206020601fe01fe
020e020e02060206
021e0216020e020e
0236022e022e022e
021e022e022e023e
020602060206020e
0206020602060206
01e601e601e601ee
01de01e601e601de
01de01de01de01de
01de01e601e601de
01de01de01de01de
01e601e601e601e6
01e601e601e601e6
01e601e601e601e6
01e601e601e601e6
01be01be01be01be
01ce01c601c601c6
01d601d601ce01ce
01d601d601d601d6
01fe01fe01ee01de
01de01de01ee01fe
01de01e601e601de
01e601e601de01de
01f601f601ee01ee
01f601f601f601f6
01f601f601f601f6
01ee01ee01ee01ee
01ee01ee01ee01ee
01ee01ee01ee01ee
01f601f601f601f6
01fe01f601f601f6
0206020602060206
0216020e020e0206
022e021e02160216
0236023602360236
0216022e022e0236
020e020e020e0216
0206020e020e020e
01de01e601ee01f6
01de01de01de01de
01de01de01de01de
01de01de01de01e6
01de01de01de01de
01e601e601e601e6
01e601e601e601e6
01e601e601e601e6
01e601e601e601e6
01c601c601c601be
01d601d601ce01c6
01de01e601de01de
01e601e601ee01ee
0206020601f601e6
01de01e601ee01fe
01e601ee01ee01e6
01e601e601ee01ee
01f601f601ee01ee
01f601f601f601f6
01f601fe01f601f6
01ee01f601f601ee
01ee01ee01ee01ee
01ee01ee01ee01ee
01f601f601f601f6
01f601f601f601f6
020e020602060206
021e0216020e020e
022e021e021e0216
0236023602360236
0226022e022e0236
0216021602160216
0206020e020e0216
01e601e601ee0206
01de01e601de01e6
01de01de01de01de
01de01de01de01e6
01de01de01de01de
01e601e601e601e6
01de01e601e601e6
01e601e601e601e6
01e601e601e601e6
01c601c601c601c6
01e601de01d601ce
01f601fe01fe01f6
0206020602060206
0206020601fe01fe
01e601e601ee01fe
01ee01ee01ee01e6
01ee01ee01ee01ee
01f601f601f601f6
01fe01f601f601fe
01fe020601fe01fe
01f601fe01fe0206
01ee01ee01ee01f6
01f601f601ee01ee
01ee01ee01ee01ee
01f601f601ee01ee
020e020602060206
021e02160216020e
022e0226021e0216
0236023602360236
022e023602360236
0216021e021e0226
020e0216021e021e
01e601e601f60206
01de01de01de01e6
01de01de01de01de
01de01de01de01de
01de01de01de01de
01e601e601e601e6
01de01e601e601de
01e601e601e601e6
01e601e601e601e6
01ce01ce01ce01ce
01fe01e601de01d6
01fe01fe01fe01fe
020e020602060206
0206020e020e020e
01ee01ee01ee0206
01ee01ee01ee01ee
01f601f601f601f6
01f601f601f60206
020e0206020e01fe
021e021602160216
01fe0206020e0216
01ee01ee01f601fe
01f601f601ee01ee
01ee01ee01ee01ee
01f601ee01ee01ee
020e020e02060206
021e021e021e021e
022e02160216020e
023e02360236022e
022e023602360236
022e0226022e022e
02160226022e022e
01e601ee01fe0206
01de01e601e601e6
01de01de01de01de
01de01de01de01de
01de01de01de01de
01de01de01de01de
01de01e601e601de
01e601e601de01de
01e601e601e601e6
01d601ce01ce01ce
01fe01fe01ee01de
02060206020601fe
0216020e020e020e
0206020e0216021e
01fe01f601f60206
01f601f601f601fe
020601f601fe01f6
01f601f601f60206
021e0216020e01fe
021e021e021e021e
01fe020e0216020e
01ee01e601ee01ee
01f601ee01f601e6
01fe01fe01fe01fe
020601fe01fe01fe
0206020602060206
020e020e020e020e
02260216020e020e
02360236022e0226
0236023602360236
022e022e022e0236
0216021e022e022e
01e601f602060206
01e601e601e601e6
01de01de01de01de
01de01de01de01de
01de01de01de01de
01de01de01de01de
01de01e601e601de
01e601e601de01de
01e601e601e601e6
01de01d601ce01ce
0206020601f601e6
02060206020601fe
021e0216020e0206
020e021602260226
0206020602060206
01f6020602060206
02060206020601f6
01f601f601f601f6
021e021601fe01f6
0216021e021e021e
01f602060206020e
01f601f601fe01fe
01f601f601f601f6
01ee01ee01ee01f6
020601ee01ee01f6
020e020e020e020e
020602060206020e
0216020e02060206
022e022e02260216
023602360236022e
022e022e02360236
020e021602260226
01e601ee01fe0206
01de01de01e601e6
01de01de01de01de
01de01de01de01de
01de01de01de01de
01de01de01de01de
01de01de01de01de
01e601de01de01de
01e601de01e601e6
01de01d601de01d6
020e020601f601ee
020e020602060206
02260216020e020e
020e021e0226022e
020e020e020e020e
020602060206020e
0206020602060206
01f601f601f601f6
020e020e01f601f6
020e021602160216
020601fe01fe01fe
01fe020602160216
01ee01fe01f601fe
01f601f601e601e6
01fe01ee01f601f6
020e020e020e0206
01fe01fe0206020e
020601fe01fe01f6
02160216020e020e
022e022e022e0226
022e022e0236022e
0206020e0216021e
01e601e601ee01fe
01de01de01e601e6
01de01de01de01de
01de01de01de01de
01de01de01de01de
01de01de01de01de
01de01de01de01de
01de01de01de01de
01de01de01e601e6
01e601de01de01d6
020e020601f601f6
020e020e020e0206
0226021e021e0216
020e021e02260226
020e020e020e020e
0206020602060216
0206020601f601fe
01f601f601f601f6
020e020e01fe01f6
01fe01fe020e020e
020e01fe01fe01fe
01f601fe020e0216
01de01e601e601ee
01f601ee01ee01e6
01f601f601f601f6
01fe01fe01fe01f6
01ee01ee01ee01f6
01fe01f601f601f6
02160216020e0206
022e022e022e0226
02260226022e022e
02060206020e0216
01e601e601ee01fe
01de01de01de01e6
01de01de01de01de
01de01de01de01d6
01de01d601d601d6
01de01de01de01de
01de01e601de01de
01de01de01de01de
01e601e601e601e6
01e601e601e601de
020e020601fe01f6
0216020e020e0206
022602260226021e
020e0216021e021e
020e020e020e020e
01f602060206020e
01f601f601f601f6
01f601f601f601f6
0206020601fe01f6
01ee01f601fe01fe
020e01fe01fe01f6
01ee01fe020e0206
018601c601e601f6
00bd00cd0125015d
015500f500e500c5
01f601ee01be0196
01d601de01de01ee
01fe01f601ee01e6
020e020601fe01fe
021e021e0216020e
0216021602160216
01f601fe0206020e
01de01e601e601e6
01de01de01de01de
01de01de01de01de
01d601d601d601d6
01de01d601d601d6
01de01de01de01de
01de01de01de01de
01de01de01de01de
01e601e601e601e6
01e601e601de01d6
0206020601fe01ee
02160216020e020e
022602260226021e
020e0216021e021e
020e020e0206020e
01f601f601f60206
01ee01ee01ee01ee
01fe01f601f601f6
020601fe01fe01fe
01ee01ee01ee01f6
02160216020601f6
019e01fe021e0216
ff7bffc4004c00f5
ffb4ff9cff63ff4b
ff7bff5bffccffb4
00ad002cffa4ff73
01e601ee01be014d
01f601ee01ee01ee
020601fe01f601f6
021602160216020e
020e020e020e020e
01f601f601fe0206
01de01de01e601e6
01de01de01de01de
01d601de01de01de
01d601d601d601d6
01d601d601d601d6
01d601de01d601d6
01de01de01de01de
01de01de01de01de
01e601e601e601e6
01e601e601de01ce
0206020601f601ee
021e020e020e0206
021e0226021e0226
020e021602160216
0206020e02060206
01ee01f601f601f6
01ee01ee01ee01ee
01fe01f601f601f6
01fe01fe01f601fe
01ee01e601e601ee
021e021e020601ee
ffa4005c014501de
0004ffccff8cff53
0085008500540044
003c00850085007c
ff84ffb4fff4000c
0155006cffbcff6b
01f601f601f601ce
01fe01fe01f601f6
02060206020601fe
01fe020601fe0206
01e601ee01f601f6
01de01de01de01de
01d601d601de01de
01d601d601d601d6
01d601d601d601d6
01d601ce01d601d6
01d601d601d601d6
01de01de01de01d6
01de01de01de01de
01e601e601e601de
01de01d601d601ce
020601fe01ee01de
021e020e020e0206
0216021e021e0226
0206020e020e0216
01fe01f601f601f6
01e601ee01ee01ee
01ee01ee01ee01e6
01f601f601ee01ee
01ee01f601f601f6
01ee01e601ee01ee
00d501a601fe01f6
0034fff4ffcc002c
00bd00b5008d004c
00ed0125010d00ed
00a500b500c500ed
009d008d0064008d
ffb4ffec0044007c
01f601d60105000c
01ee01ee01ee01ee
01fe020601f601e6
01f601ee01e601f6
01de01e601e601e6
01d601d601de01de
01d601d601de01de
01d601d601d601d6
01d601d601d601d6
01d601d601d601d6
01de01d601d601d6
01de01de01de01de
01de01de01de01de
01de01e601e601de
01de01d601d601ce
01fe01f601ee01de
02260216020e0206
020e0216021e0226
01f60206020e020e
01ee01ee01ee01f6
01e601e601e601e6
01ee01ee01ee01ee
01f601ee01ee01ee
01ee01f601f601f6
01de01f601f601fe
0034002c009d015d
010500bd0074005c
0145013d01450115
012d0145014d014d
010d010d011d0145
00ed00ad00ad00e5
009d0105011500fd
01350044ffec002c
01ee01e601e601c6
01f601fe01f601e6
01e601e601e601f6
01de01de01de01e6
01d601d601de01de
01d601d601d601de
01d601d601d601d6
01d601d601d601d6
01d601d601d601d6
01de01de01d601d6
01de01d601de01de
01de01de01de01de
01de01e601e601de
01d601ce01ce01ce
01fe01e601e601de
021e0216020e0206
020e021602160226
01ee01f60206020e
01ee01e601e601ee
01e601e601e601e6
01ee01ee01ee01ee
01ee01ee01ee01ee
01f601f601ee01ee
00c5019e01ee01f6
00cd007c002c000c
0145012d012500fd
0186018e01960165
016d018601750186
011d012d0155015d
010500d500cd0105
012d0165016d014d
002c006400bd010d
01e601e6018e008d
01ee01e601de01de
01de01de01de01ee
01de01de01de01de
01d601d601de01de
01d601d601d601d6
01d601d601d601d6
01d601d601d601d6
01d601d601d601d6
01d601de01d601d6
01de01de01de01de
01de01de01de01de
01de01de01de01de
01d601ce01ce01ce
01ee01e601e601de
020e020e020e01fe
020e020e020e020e
01e601ee0206020e
01e601e601e601e6
01e601e601e601de
01e601e601e601e6
01de01e601ee01ee
01ee01ee01e601de
0064003c00d501a6
011d010500e500c5
017d0165016d0155
01a601ae01ae01a6
01ce01be01ae01b6
01350175019e01a6
0165011500e500e5
018e01a601a60186
014501550186019e
01b6011d008500cd
01de01d601d601de
01de01de01ee01de
01de01de01de01de
01d601d601d601de
01ce01ce01ce01ce
01ce01ce01ce01ce
01d601d601d601d6
01d601d601d601d6
01d601d601de01d6
01de01d601d601d6
01de01de01de01d6
01de01de01de01de
01d601ce01ce01ce
01ee01e601de01de
020e020e020601fe
020e020e020e020e
01ee01f601f6020e
01d601d601e601e6
01d601d601d601d6
01de01d601d601d6
01de01e601f601f6
013501e601ee01de
00fd00a500240044
01650135012500fd
019e0196017d0175
01ce01ce01c601be
0206020601fe01ee
016d01d601d601ee
016d015501050115
01c601ce01ee01a6
01ae01c601c601d6
00d500d5012d0186
01ce01d601e6019e
01d601e601ee01de
01d601d601d601d6
01d601d601d601d6
01ce01ce01ce01d6
01ce01ce01ce01ce
01d601d601d601d6
01d601d601d601d6
01d601d601d601d6
01de01d601d601d6
01de01de01d601d6
01de01de01de01de
01ce01ce01ce01ce
01e601e601de01d6
0206020601fe01ee
0206020602060206
01ee01f601f60206
01d601d601d601e6
01d601d601d601d6
01de01d601d601d6
01e601ee01ee01ee
ffdc008d01ae01ee
011d00fd00cd007c
016d014d01350115
019e019e017d016d
01d601c601be01b6
0206020e020e01e6
01ae01de01ee01de
017d0165012d0155
01ee01ee01ee01ae
01de01de01e6020e
0115016d01a601d6
01d601e6016d00dd
01d601e601e601d6
01d601d601d601d6
01d601d601d601d6
01d601d601d601d6
01d601d601d601d6
01d601d601d601d6
01d601d601d601d6
01d601d601d601d6
01d601d601d601d6
01de01de01de01de
01de01de01de01de
01ce01ce01ce01c6
01e601de01de01d6
0206020601fe01ee
01fe020602060206
01ee01fe020e020e
01d601d601d601e6
01d601d601d601d6
01d601d601d601d6
01ce01e601e601e6
0034ffc4ffcc00ed
013d011d00f500bd
014d014d014d014d
01be019e018e017d
01fe01ee01e601d6
021e022e021e0206
01c601ee020601f6
01ae018e019e0196
020e020e01f601ce
020601ee0206021e
019601a601de0206
01de014d00dd014d
01d601d601d601de
01d601d601d601d6
01d601d601d601d6
01d601d601d601d6
01d601d601d601d6
01d601d601d601d6
01d601d601d601d6
01d601de01d601d6
01d601d601d601d6
01de01de01de01de
01de01de01de01de
01ce01c601c601c6
01de01de01d601d6
01fe01fe01f601e6
0206020601fe01fe
01ee01fe020e020e
01d601d601d601e6
01d601d601d601d6
01d601d601d601d6
ffdc014501de01de
008d003cffb4ff3b
01450125011500dd
016d01650165015d
01b601a6019e017d
021e01fe01e601ce
023e0246023e0226
01ee020e02260226
01ee01de01b601a6
021e022e0216020e
020602160216022e
01be01c601e601fe
010d00bd015d01ae
01ce01d601de01d6
01d601d601d601d6
01d601d601d601d6
01d601d601d601d6
01d601d601d601d6
01d601d601d601d6
01d601d601d601d6
01d601de01d601d6
01d601d601d601d6
01de01de01de01de
01de01de01de01de
01ce01c601c601c6
01de01de01d601ce
01ee01ee01e601de
020e0206020601f6
01f60206020e0216
01d601d601e601e6
01d601d601d601d6
01d601de01de01de
ff1bff2b005c0196
00850034fffcffa4
013d0135011d00ed
0175017501750165
01b601ae018e016d
0226020e01de01ce
023e024e024e0236
022e0246023e0236
0226020e0206020e
022e023e0236022e
021602260216022e
01ce01de01e601fe
009d014d019e01b6
01d601d601d600fd
01d601de01e601de
01e601d601ce01d6
01d601d601d601d6
01d601d601d601d6
01d601d601d601e6
01d601d601d601d6
01d601d601d601d6
01ce01ce01d601de
01de01de01d601d6
01ee01de01de01de
01ce01c601c601c6
01d601d601ce01ce
01e601e601e601de
020e020601fe01ee
01f6020e020e020e
01ce01ce01de01e6
01de01e601d601ce
00f501d601d601ce
ffccff63febbff63
009d003c0004fff4
01450125011500f5
0175016d0175016d
01be01a6018e017d
0226021e01f601d6
023e0236023e0236
022e024e024e0246
023e0236022e0226
023e0246024e0246
020e021e021e0226
01ce01de01e60206
0135018e01a601be
01d601ce00c50064
01d601de01d601d6
01e601d601ce01ce
01d601d601d601d6
01d601d601d601d6
01d601d601d601d6
01d601d601d601d6
01d601d601d601ce
01d601d601d601de
01de01de01d601d6
01de01de01de01de
01ce01c601c601c6
01d601ce01ce01ce
01de01de01de01d6
020601fe01ee01ee
01f601fe020e020e
01ce01ce01d601e6
01de01e601de01ce
fed3008501ae01c6
fff4ffc4ff43fea3
00cd007c003c0004
014d012d011d0105
0175017501750165
01b601ae018e017d
022e021e01fe01de
023e023602360236
023e024e025e0256
025e024e02460236
022e02460256024e
01fe021e022e0226
01d601e601f60206
018601ae01b601be
01ae0095000400fd
01d601d601ce01d6
01d601d601d601d6
01d601d601d601d6
01d601d601d601d6
01d601d601d601d6
01ce01ce01ce01ce
01d601ce01ce01ce
01d601de01de01de
01de01de01d601d6
01de01de01de01de
01c601be01be01be
01ce01ce01ce01c6
01de01de01d601ce
020601f601e601de
01ee01f601f60206
01ce01ce01d601e6
01d601d601d601ce
fedbfeab004401ae
00240004ffa4ff4b
00e500a500640044
013d012d0115010d
015d015d0155014d
01ce01ae01960175
022e0216020e01fe
023e0236022e0236
02560256025e025e
026e0266025e024e
02260246025e026e
020e021e02260226
01d601ee02060206
018601ae01be01be
00a5ffec00dd014d
01ce01d601de01be
01d601d601d601d6
01d601d601d601d6
01d601d601d601d6
01ce01ce01d601d6
01ce01ce01ce01ce
01de01ce01ce01c6
01de01de01de01de
01de01de01d601de
01de01de01de01de
01c601b601ae01ae
01c601c601c601c6
01d601ce01ce01ce
01f601ee01e601de
01ee01f601f601f6
01ce01ce01ce01de
019601c601c601ce
ff3bfed3feab000c
0024001cffecff94
00d500a5006c005c
011d012501150105
016501550145013d
01d601b6018e0186
022e020e01fe01e6
0246023e024e024e
0256024e025e0256
025e02660266025e
02360246025e0266
021e021e021e022e
01de01fe02160216
0165019e01b601be
fff400a5011d014d
01d601de01de00bd
01ce01d601d601d6
01d601d601d601d6
01d601d601d601d6
01ce01ce01ce01d6
01ce01ce01ce01ce
01de01ce01c601c6
01de01de01de01de
01d601de01de01de
01de01de01de01de
01b601b601ae01ae
01c601c601c601c6
01ce01c601c601c6
01ee01e601de01d6
01e601e601ee01ee
01c601ce01ce01d6
ffec019e01ce01ce
ff5bff13fec3fe7a
006c004cfff4ff8c
00e500b50085007c
010501050115010d
0145012d012d011d
01d601b601a60186
022e01fe01f601f6
024e024e0256023e
025e024e0266025e
0266026e0266025e
022e023e02460256
021e021e0226022e
01de01f602060206
014d0175019e01c6
0095011d0125012d
01d601f60115ffe4
01ce01d601d601d6
01d601d601d601d6
01d601d601d601d6
01ce01ce01ce01d6
01ce01ce01ce01ce
01d601ce01ce01c6
01de01d601d601de
01de01de01de01d6
01d601d601d601de
01ae01ae01ae01a6
01be01be01be01be
01c601c601c601c6
01e601de01d601ce
01de01e601e601e6
01c601ce01ce01ce
fe5a002c01be01ce
ff2bff1bfed3fe93
009d007c000cff8c
010500bd00950095
00ed00ed0115011d
0135010d01150105
01ee01be018e0165
0236021e01fe01f6
026e025e0246023e
026e025602660266
0256026602660276
021e022e0236024e
0216021e022e020e
01ce01de01ee0206
01450165019e01be
00ed010d0115012d
01d6017d0024004c
01d601d601d601ce
01d601d601d601d6
01d601d601d601d6
01ce01d601d601d6
01ce01ce01ce01ce
01de01ce01ce01ce
01d601ce01ce01d6
01de01de01de01de
01d601d601d601de
01ae01ae01a6019e
01be01be01b601b6
01b601be01be01be
01de01d601ce01c6
01d601de01de01de
01c601c601ce01ce
fe62fe62004c01be
ff1bfef3fecbfe9b
009d0085001cff8c
00f500cd00a50085
00ed00ed00f500fd
012d010d00ed00e5
01ce01a60175014d
021e0226021601e6
027602660246022e
0266025e025e025e
0276027e02760266
0216022e0236026e
0206020602060216
01be01ce01de01e6
013d0155018e01ae
00f500ed010d012d
01be0064000c00c5
01d601d601d601ce
01de01d601d601d6
01d601d601d601de
01d601d601d601d6
01ce01ce01ce01ce
01de01d601ce01ce
01d601d601d601d6
01de01de01de01de
01d601d601d601d6
019e019e019e0196
01b601b601ae01a6
01be01be01be01be
01ce01c601c601c6
01ce01de01d601d6
01c601c601be01c6
fe83fe2afe6a00bd
ff43feebfecbfea3
009d008d0034ffac
00dd00b500a50095
00cd00d500dd00ed
010d00f500d500d5
01be018e017d015d
021e020e01f601de
025e02560256022e
0266026602660256
026e0266025e0256
020e021e023e0266
01ee01e601fe0206
019601be01ce01de
012d01550175016d
00ed00f500ed0115
0135ffd4007c00fd
01ce01e601de01ce
01d601d601d601d6
01d601d601d601d6
01d601d601d601d6
01d601d601d601d6
01de01de01de01d6
01de01de01de01de
01de01de01de01de
01de01de01de01de
019e01960196018e
01b601ae01a6019e
01b601b601b601b6
01ce01c601c601be
01c601d601ce01ce
015d01c601be01be
fe9bfe72fe12fedb
ff94ff2bfefbfed3
00a5009d003cffdc
00c5009d009d009d
00bd00b500cd00d5
00ed00d500dd00dd
019e016501550135
022601fe01d601ce
025e0276025e022e
02660256025e0256
026e026e02560266
0206021e023e0266
01e601ee01ee01f6
016d019601ce01de
0115014d016d0165
00ed00ed00ed00f5
002c001400c500f5
01d601de01de01c6
01d601d601d601d6
01d601d601d601d6
01d601d601d601d6
01de01d601d601d6
01d601d601de01de
01de01de01de01de
01d601d601d601d6
01d601d601d601d6
019601960196018e
019e019601960196
01a601a601a601a6
01b601b601ae01ae
01c601c601c601c6
ffc401a601b601b6
fec3fe83fe5afe12
ffacff3bfef3fec3
00bd00b500540004
00a5008d008500a5
00cd00bd00ad00bd
00ed00d500d500d5
019e016501350105
022601f601ce01be
025e026e0256024e
025e023e0236022e
02560266026e0266
0206021e0226023e
01ce01f601ee01f6
015d018e01be01be
010d012d0145014d
00fd00ed00ed0105
ffac007c00f500f5
01de01de01e60165
01d601d601d601de
01d601d601d601d6
01d601d601d601d6
01de01d601d601d6
01de01d601d601d6
01de01de01de01d6
01d601d601d601d6
01d601d601d601d6
018e018e018e018e
0196019601960196
019e0196019e019e
01ae01a601a6019e
01b601be01be01be
fe4a011501be01ae
fe9bfe72fe6afe12
ffccff43fee3fea3
00bd00ad0064001c
00740064007400b5
00bd00bd00b500a5
00d500c500bd00bd
0175015d013d00fd
01fe01de01ae019e
025e026602460226
027e0256024e025e
023e024e026e0287
01ee0216022e0236
01c601ce01de01f6
016d018e0196019e
00ed010d011d014d
00f500dd00ed00f5
ffd400ad00e500e5
01e601e601e60074
01de01de01de01de
01de01d601d601d6
01d601d601d601d6
01d601d601d601d6
01ce01ce01ce01ce
01d601d601d601d6
01d601d601d601d6
01d601d601d601d6
018e018601860186
018e018e018e018e
0196019601960196
01a6019e019e0196
01a601b601b601be
fddaffdc01b601ae
fe83fe6afe42fe22
ffe4ff6bff03feb3
00b5009d005c001c
005c0054007c00ad
00c500bd00ad00a5
00d500ad00a500ad
0145013d011d00ed
01ee01b6018e0175
024e0236021601fe
0256023e023e0236
02460256026e026e
01d601fe02360246
01ae01be01ee01ee
016501860186018e
00e500f501050135
00cd00b500cd00dd
ffe400a500cd00cd
01ee01e6019effa4
01ee01ee01ee01f6
01e601e601ee01ee
01d601d601d601d6
01d601d601d601d6
01d601ce01ce01ce
01d601d601d601d6
01d601d601d601d6
01d601d601d601d6
018601860186017d
0186018601860186
018e0196018e018e
019e019601960196
019e01a601a601ae
fdd2feab013d01a6
fe83fe72fe32fe22
ffbcff5bff13fec3
00ad0095005c0004
005c0054006c009d
00b500bd00a5008d
00cd00bd00bd00ad
0155013d011500f5
01ee01c6018e015d
0256023e01fe0206
0236023e02360236
024e026e026e024e
01c601f6022e024e
019601a601c601ce
01450165017d017d
00c500d500fd011d
00ad009500ad00c5
fffc008500b500bd
01ee01ee0135ff7b
01f601f601f601f6
01e601ee01ee01ee
01d601d601d601d6
01d601d601d601d6
01ce01ce01ce01ce
01d601d601d601d6
01d601d601d601d6
01d601d601d601d6
017d01860186017d
017d01750175017d
018e018e018e0186
01960196018e018e
0196019e019601a6
fde2fde2005c019e
fecbfe83fe4afe1a
ffb4ff53ff13fed3
008d0074004c0004
00740064006c007c
00b500b500950085
00d500c500d500b5
015d012d010500f5
01ee01b60196016d
02460236021e020e
0256024e022e0246
0256027e026e025e
01e60216022e023e
019e01a601c601c6
0125014d016d0186
00ad00cd0105010d
008d007c008d00a5
fff4005c009500a5
01f601e60074ff53
01f601f601f601f6
01e601ee01f601f6
01d601d601d601d6
01de01d601d601d6
01ce01ce01ce01ce
01d601d601d601d6
01d601d601d601d6
01d601d601d601d6
017d017d017d017d
017d01750175017d
018e018601860186
018e0196018e018e
019601960196019e
fe0afdaaff53017d
febbfea3fe52fe32
ffc4ff63ff03fed3
006400540034000c
0085007c00740064
00bd00ad00a50095
00d500c500d500cd
01650135011500fd
020601de01be0196
022e023e022e0226
023e022e0236022e
026e027e02760256
0206021e02360246
01be01c601e601f6
0135014d016d0196
00ad00dd00fd0115
007400740085009d
ffec003c006c008d
01ee01ceffdcff4b
01f601f601f601f6
01ee01ee01f601f6
01d601d601d601de
01de01de01d601d6
01d601d601ce01d6
01d601ce01d601d6
01de01de01de01de
01de01de01de01de
016d016d01750175
0175016d0165016d
018601860186017d
018e018e01860186
0196018e018e019e
fe2afdb2fe6a011d
fea3fe9bfe52fe4a
ffb4ff5bff0bfecb
0044003c0014fff4
008500740074004c
00c500a500ad00a5
00c500bd00cd00cd
017d013d010d00ed
021601f601de01a6
0236022e022e0226
025e024e0236022e
027e02760266025e
0226022e024e0266
01be01de01e60216
0135016d019e01b6
00bd00d500f5010d
006c007c008d00a5
fff400340054006c
01ee0196ff53ff5b
01fe01f601f601ee
01e601f601f601fe
01de01de01e601e6
01de01de01de01de
01de01de01de01de
01de01de01de01de
01de01de01de01de
01de01d601d601de
016d016501650165
0175016d0165016d
01860186017d017d
018e018601860186
01960186018e019e
fe22fddafdda0064
fe8bfe62fe4afe32
ff9cff73ff23fecb
001c0014ffecffcc
008500740064003c
00bd00950085009d
00c500bd00a500b5
0186013d011500fd
021601fe01e601b6
02260236021e0206
0276026e024e022e
0266026e026e0266
0226024602460256
01ce01e601de020e
0155019e01c601de
00bd00d500ed0115
00740085008d00a5
fff4002c004c005c
01fe013dff2bff6b
020601fe01f601f6
01f601f601f601fe
01de01e601ee01f6
01ee01de01de01de
01de01de01e601ee
01de01de01de01de
01de01de01de01de
01d601d601d601d6
01650165015d0165
016d016d016d0165
017d017d017d017d
018e01860186017d
01960186018e0196
fe12fde2fdc20004
fe72fe3afe42fe22
ff73ff53ff1bfed3
001cfff4ffccffa4
008d007c006c003c
008d0095008d0095
00dd00cd00a5009d
01a60155010d00f5
01f6020601ee01be
0226022e0216020e
026e025e0246023e
025e025602760276
0216021e023e0246
01d601d601ee020e
0165019601be01ce
00c500f50115012d
0074008d0085009d
ffdc001c0044005c
01fe009dff0bff73
020601fe01f601f6
01fe01f601f601fe
01ee01f601fe01fe
01f601ee01ee01ee
01e601f601f601f6
01de01de01e601e6
01de01de01de01de
01d601d601d601d6
015d0165015d015d
0165016501650165
017d017d017d0175
018601860186017d
0186017d0186018e
fdfafddafda2ff84
fe7afe3afe2afe22
ff6bff3bff13fecb
0014ffdcff94ff7b
009d008d006c002c
008d007c009500a5
00dd00d500a5009d
018e015d011d00f5
01fe020601e601b6
021e021e020e020e
0266024e024e023e
02560266026e0287
021e02260236024e
01ce01ee01ee01fe
016d019601ae01ae
00fd010d012d0155
00640074008500cd
ffcc000c0044006c
01fe003cfeebff7b
01fe01f601f601f6
01f601f601fe01fe
01f601f601fe01fe
01f601f601f601f6
01f601fe01f601f6
01e601e601e601f6
01de01d601de01de
01ce01ce01d601d6
015d015d015d015d
0165016501650165
017d017d01750175
018601860186017d
0175017d017d0186
fe0afdeafda2ff33
fe9bfe5afe2afe32
ff5bff3bff03fec3
0004ffd4ff94ff63
009d00950074003c
00b5009d008d008d
00dd00dd00cd00bd
01750155011d00e5
01fe01fe01de01ae
021602160216020e
023e022e02460236
023e0256025e0266
0226022e02360236
01f601f601e60206
019e0196019601ae
010d0125014d0175
004c006c00ad00ed
ffbc000c003c0044
01deffccfef3ff6b
01f601fe01fe01fe
01fe01fe01fe01fe
01fe01fe020e020e
01fe01fe01fe01f6
01fe01fe020601f6
01f601f601fe0206
01de01de01e601e6
01d601d601de01de
0165015d015d015d
0175016d01650165
017d017d017d017d
01860186017d017d
015d017d017d017d
fdf2fde2fdaafedb
fe93fe72fe1afe0a
ff43ff2bfeebfeb3
0004ffbcff8cff63
009d0095006c0044
00c500b500b5009d
00f500ed00ed00cd
01860165012d0105
020e01fe01ce01ae
01fe0226020e0216
021e021e022e021e
0236021e0226022e
01e601f602060216
01860175017d019e
0165013d01250155
00fd011d0135015d
0044009500cd00f5
ffac0014003c0034
01b6ff43ff03ff63
01f601fe01fe0206
0206020601fe01fe
01fe01fe020e020e
01fe01fe01fe01f6
0206020601fe01fe
01fe01fe01fe0206
01de01de01ee01f6
01de01de01de01de
01650165015d015d
0175017501650165
017d017d01750175
017d0186017d017d
013d017d017d017d
fddafdeafdc2fe83
fe83fe5afe32fe0a
ff3bff03feebfebb
0014ffd4ff94ff5b
008500740064003c
00e500cd00cd00b5
010d010501150105
013d014501350135
019e016d0135014d
01ce01fe01c601ae
01de01d601d601d6
01f601ee01e601ce
009500e5014d01ce
0085006c003c0014
0095002cffdc002c
00f500fd00ed00d5
007c00dd00fd010d
ffa40014002c0024
0196ff23fefbff63
01f601fe01fe0206
01fe01fe01fe01f6
01fe01fe020e020e
01f601f601f601f6
020e020e020601fe
01f601fe02060206
01ee01ee01ee01f6
01de01de01ee01ee
0165015d015d015d
016d016d016d0165
0175016d016d016d
017d017d017d0175
011d017d017d017d
fdfafdeafdc2fe62
fe7afe5afe42fe1a
ff23ff03fedbfeab
0014ffdcff94ff53
008500640034002c
010d00dd00d500ad
00bd00ed01150125
ffd4002c00ad00c5
0004ff94ff8cffcc
012500cd00740064
01650165013d0135
0165019e017d0155
ff63ffa4001400cd
ff5bff3bff3bff53
fedbfe62fe1afe8b
006c0024ffd4ff63
00c500ed00e500bd
ffd40024003c0064
0175ff0bff13ff73
01f601fe01fe0206
020e020601fe01f6
01fe01fe020e020e
01f601f601f601f6
020e020e020e01fe
01f601fe01fe0206
01ee01ee01ee01f6
01ee01ee01ee01ee
015d015d015d015d
0165015d01650165
0165016501650165
01750165016d016d
0105017d017d017d
fe1afdeafdd2fe3a
fe83fe6afe6afe42
ff13fefbfed3fecb
000cffecffb4ff5b
0095005c00240014
00b5007c0085009d
005c00e500ad007c
fed3fedbff33ffbc
00440014ff6bfeeb
00ad00b500b50034
011d00e5006c0074
00b50115012d012d
fedbff03ff7b0014
fe3afe93feb3fecb
fda2fd71fd59fdaa
feebfe6afe22fdb2
004c0024ffdcff7b
fff40054005c0074
013dfefbff1bff84
01f601f601f601f6
020e020e01fe01fe
01fe01fe020e020e
01f601f601f601fe
01fe0206020601fe
01ee01f601f601f6
01ee01ee01ee01ee
01e601ee01ee01ee
0165015d015d015d
015d015d015d015d
0165016501650165
016d0165016d0165
01050175017d017d
fe12fde2fdbafe42
fe9bfe83fe5afe3a
ff3bff03fed3fec3
ffecffe4ffccff94
0014003400240004
ff84ff53ffdcffdc
fe7afe93fe52fecb
fd21fcf1fd01fdba
fe62fe8bfe1afd71
ff84ff73fe83fdba
0095fff4ff4bfefb
000c006c00dd00f5
ff9cff63ff5bffb4
fff4002cfffcffd4
fe7afe72fe22fefb
fe2afe5afe8bfe83
ff3bfee3fea3fe5a
fffc003c0004ff94
00e5feebff1bff84
01f601ee01ee01f6
01fe01fe01fe01f6
01fe01fe01fe01fe
01f601f601f601fe
01f601fe01fe01fe
01ee01ee01ee01f6
01e601e601e601ee
01e601e601e601e6
015d015d0155015d
015d015d015d015d
015d015d015d015d
016d016d016d0165
0115016d0175016d
fe0afdeafdd2fe5a
fe83fe7afe5afe42
ff53fefbfedbfeb3
ffb4ffd4ffdcffb4
ff13ff94fff4ffdc
fd79fdcafe52fe83
fd21fd71fd79fd71
fc28fc28fc48fc91
fcc9fc89fc48fc30
fe1afe2afd41fc78
fe72fe4afe3afe6a
fec3fed3fed3feb3
fe12fdfafe62fea3
fe4aff1bff94fea3
fd59fe0afe2afe5a
fd49fe5afea3fdda
fe62fdfafe12fd92
ffd4ff73fee3fe93
006cfec3ff0bff73
01ee01ee01ee01ee
01f601f601f601ee
01ee01f601f601f6
01f601f601f601f6
01ee01f601fe01fe
01e601ee01ee01ee
01de01e601e601e6
01de01e601e601de
015d015d015d015d
015d015d015d015d
015d015d015d015d
016501650165015d
010d0165016d0165
fdeafdc2fdbafe4a
fe93fe6afe52fe3a
ff6bff1bfee3feb3
ffb4ffbcffc4ffb4
fe5afe83ff23ff8c
fda2fe52ff0bfdfa
fc58fc99fd01fd69
fc10fc18fc28fc48
fc18fc18fc10fc10
fc30fc58fc58fc38
ff23fea3fddafca1
ffd4006c0054ffc4
fe8bfdf2fe9bff53
fc68fca1fd59fe6a
fc78fcd1fc91fc70
fc70fd69fdeafd19
fcb1fc68fc48fc38
ff33fe3afdb2fd01
0054febbff0bff63
01ee01ee01ee01e6
01ee01ee01ee01ee
01ee01ee01ee01ee
01f601f601f601f6
01ee01ee01ee01f6
01e601e601e601e6
01de01de01e601e6
01de01de01e601de
015d015d01550155
015d015d0155015d
015d015d01550155
016501650165015d
0105016501650165
fe1afdf2fdcafe32
fea3fe6afe5afe42
ff8cff63ff13fec3
ff2bff8cffacff94
fe83fd59fdd2fe9b
fcd9fd29fdd2feb3
fc60fc68fc89fcb1
fc18fc20fc30fc50
fc10fc10fc08fc10
fc08fc18fc18fc10
ffdcfe7afcc9fc10
ff03febbfecbffb4
fe2afef3ff33ffdc
fc20fc30fc40fc89
fc30fc10fc10fc18
fc50fc48fc48fc40
fc68fc68fc68fc60
fd8afcb9fc68fc60
003cfecbff13feb3
01ee01ee01e601ee
01ee01ee01ee01ee
01ee01ee01ee01ee
01ee01ee01ee01ee
01ee01ee01ee01ee
01de01e601e601e6
01de01de01de01e6
01de01de01de01de
0155015501550155
0155015d0155015d
015d015501550155
016501650165015d
00f5015d01650165
fe1afdeafdc2fe1a
fea3fe72fe6afe22
ff84ff6bff2bfed3
fe22fec3ff63ff7b
fce9fc78fca1fdc2
fc89fc81fc91fcd9
fc91fc91fc89fc81
fc38fc50fc60fc70
fc20fc28fc20fc30
fc08fc10fc10fc10
feb3fddafc58fc10
ff23ff63ff43feeb
fcc1fe6afec3fea3
fc20fc20fc38fc50
fc20fc20fc18fc18
fc91fc70fc48fc28
fc91fc99fca9fcb1
fc70fc58fc60fc70
0024fed3fe52fd19
01ee01e601e601e6
01ee01ee01e601e6
01ee01ee01ee01ee
01ee01ee01ee01ee
01e601ee01ee01ee
01de01e601e601e6
01de01de01de01de
01de01de01d601de
0155015501550155
0155015501550155
015d015501550155
01650165015d015d
00f5015d015d015d
fe32fe2afe12fe3a
febbfe83fe72fe3a
ffa4ff94ff4bfefb
fdbafdf2fefbff84
fc81fc81fc78fd01
fca9fc99fc99fc91
fca1fca1fca1fca1
fc50fc68fc78fc91
fc30fc30fc30fc40
fc08fc10fc10fc20
fe93fd19fc38fc10
009d00dd00bd0014
fc58fd31fe5aff94
fc30fc28fc38fc30
fc58fc58fc40fc38
fcb1fc99fc81fc60
fcb9fcc1fcc9fcc1
fc50fc48fc70fc99
000cfe4afd39fcb1
01e601e601e601d6
01e601e601e601e6
01e601e601e601e6
01ee01ee01ee01e6
01ee01e601e601ee
01de01e601e601e6
01de01de01de01de
01d601d601d601de
0155014d014d014d
0155015501550155
015d015d01550155
015d015d015d015d
00e5015d015d015d
fe5afe7afe4afe22
fed3fe7afe5afe52
ffb4ffb4ff8cff43
fd59fd51fe52ff73
fca1fc91fc89fca1
fca9fca9fca9fca1
fc81fc89fc99fca1
fc58fc70fc81fc89
fc30fc38fc38fc48
fc10fc08fc08fc18
feebfd11fc20fc10
015d01ae016d00a5
fc40fcd1fe6a0034
fc28fc20fc28fc28
fc68fc58fc40fc30
fc99fca1fc99fc89
fcc1fcc9fcb9fca1
fc78fc70fc91fca9
fff4fd69fcf9fcb9
01de01de01de01d6
01e601de01de01de
01ee01e601e601e6
01ee01e601e601ee
01ee01ee01ee01ee
01de01e601e601e6
01c601be01ce01d6
01ce01ce01d601ce
014d014d014d014d
01550155014d014d
0155015501550155
015501550155015d
00bd015d015d015d
fe52fe42fe52fe32
fec3fe83fe3afe4a
ffdcffe4ffc4ff63
fd59fd39fdcaff33
fca9fc91fc81fc89
fc89fc99fcb9fcb9
fc70fc81fc78fc78
fc40fc50fc60fc60
fc20fc28fc20fc30
fc20fc10fc08fc10
ff63fd71fc20fc18
018601be018e010d
fc38fcc9fec300b5
fc20fc18fc28fc30
fc48fc48fc30fc20
fc89fc81fc78fc60
fcb1fcb9fca9fc91
fc91fcb1fcc1fcb1
ff84fd09fce1fc89
01de01e601de01ce
01de01ce01d601de
01e601e601de01e6
01e601de01e601e6
01e601ee01ee01e6
01de01e601e601e6
0196018e019e01c6
01ce01ce01c601ae
014d014501450145
014d014d014d014d
0155014d014d014d
0155015501550155
007c015d01550155
fe42fe22fe3afe42
fef3fe8bfe4afe32
ffdcfffcffe4ff8c
fd9afde2fdfafeeb
fcb1fca1fca1fcb1
fc70fc81fc99fca1
fc50fc58fc50fc58
fc30fc48fc48fc40
fc20fc20fc18fc20
fc20fc10fc18fc28
ffc4fdf2fc50fc18
01a601d60186011d
fc40fce9ff430105
fc18fc18fc30fc38
fc40fc40fc38fc20
fc60fc60fc58fc58
fca1fc99fc89fc70
fc99fcd9fcd9fca9
fe9bfd01fcf9fc91
01d601ce01c60186
01e601de01de01de
01de01de01de01de
01e601de01de01e6
01e601e601e601e6
01be01de01e601e6
0155015d015d0186
01ae01b601a6017d
013d013d013d013d
014d014d01450145
0155014d014d014d
014d014d01550155
002c0155015d0155
fdeafdeafe02fe0a
ff1bfea3fe42fdda
ff8cffdcffdcff94
ff23010dff94fecb
fca9fcb1fcc1fce1
fc40fc50fc68fc81
fc28fc30fc30fc38
fc20fc20fc28fc20
fc20fc18fc10fc18
fc38fc20fc18fc28
001cfe7afce9fc48
01fe020601ae013d
fc58fd69ffbc0165
fc20fc28fc38fc48
fc30fc20fc20fc20
fc58fc50fc40fc38
fc78fc68fc68fc60
fcb1fcf1fcd9fc99
fde2fd09fd01fca9
01be01b601b60145
01de01e601d601be
01de01de01de01d6
01de01de01de01de
01de01e601e601e6
01a601d601de01de
011d012d012d0155
0175018e016d0135
0145013d013d013d
014d0145013d013d
014d0145014d0145
014d014d014d0155
ff9401550155014d
fd79fd61fd92fdb2
feabfe9bfe22fd9a
ff33ff84ff5bfefb
fdd2fecbfe6afe72
fc91fcb1fcc9fce1
fc20fc28fc40fc58
fc10fc10fc10fc18
fc10fc10fc10fc08
fc18fc18fc10fc10
fc68fc28fc10fc10
005cfeabfdbafc99
022e021e01e6015d
fca1fdf2003401c6
fc20fc30fc48fc68
fc18fc18fc18fc18
fc30fc20fc20fc18
fc60fc50fc58fc40
fce1fcf1fcc9fc91
fddafd21fd19fcd1
01c601c601ce0155
01d601de01d601c6
01d601de01d601ce
01e601de01de01de
01e601e601de01de
01a601ce01d601de
00dd00fd01250155
013d015d013d0105
0145013d0135013d
013d013d013d013d
013d013d013d013d
014d01450145014d
ff5b014d0155014d
fd29fd31fd21fd39
feabfe22fd61fce9
ff94ffacff9cff4b
fd71fe9bfefbff5b
fc70fca1fcc9fce1
fc18fc30fc40fc48
fc08fc08fc10fc10
fc08fc08fc08fc08
fc28fc18fc18fc10
fc68fc28fc18fc18
0095ff3bfe62fd19
0246024e0206015d
fd01fe9b008501fe
fc28fc38fc48fc60
fc10fc18fc20fc28
fc10fc10fc10fc08
fc48fc40fc28fc18
fd09fcd9fcb9fc70
fe6afd41fd39fcf9
01ce01c601c601b6
01c601ce01d601ce
01ce01d601d601ce
01de01de01d601d6
01e601de01de01de
01a601c601ce01de
00f50115014d0175
012d0135013d0125
013d013d01350135
013d013501350135
013d013d013d013d
0145013d013d013d
ff43014d0155014d
fcd1fcb9fce1fd19
feabfddafd41fce9
ff94ff94ff94ff4b
fd9aff03ff7bffa4
fc78fca1fcc1fcd9
fc40fc50fc60fc68
fc10fc10fc20fc28
fc18fc10fc10fc10
fc30fc28fc28fc18
fc78fc28fc28fc38
00b5ffecfe93fdb2
024e024601de0145
fd71fefb00cd0216
fc30fc38fc40fc70
fc20fc28fc20fc28
fc10fc18fc18fc10
fc38fc30fc20fc10
fd11fcf1fcc9fc81
fe2afd61fd59fd19
01c60145ffac0004
01c601ce01d601ce
01ce01ce01ce01ce
01d601d601d601ce
01d601d601d601d6
01b601c601ce01d6
0145016501860196
013d0135013d0145
0135013501350135
0135013501350135
013d013d013d0135
013d013d013d013d
ff3b013d0145013d
fd8afd92fd29fd29
feebfe1afda2fd92
ff9cffacffa4ff7b
fdc2ff53ffb4ffac
fc99fcb1fcb9fcd1
fc70fc81fc89fc99
fc18fc20fc38fc58
fc28fc28fc20fc20
fc40fc30fc30fc28
fd29fc50fc40fc40
00d5006cff84fe4a
0256024601ce014d
fe12ff94010d0216
fc30fc38fc48fcc1
fc30fc30fc28fc30
fc30fc30fc30fc30
fc60fc48fc40fc38
fd29fd11fcd1fc89
fd8afd71fd79fd41
01be017dffd4fec3
01be01c601ce01c6
01c601c601c601c6
01ce01ce01ce01ce
01ce01ce01ce01ce
01c601c601ce01ce
018601a601b601be
017501650165016d
0135012d01350135
013501350135012d
012d013501350135
0145014501350135
ff4301450155013d
fdf2fdfafdcafd49
ff13fe52fe02fe02
ffa4ffbcffc4ffa4
fddaff63ffbcffb4
fcc1fcc9fcc9fce1
fc78fc89fc99fcb1
fc20fc28fc48fc60
fc38fc30fc30fc28
fc50fc50fc48fc40
fe0afcd9fc60fc48
00cd00a50064ff1b
022e01fe01a6013d
fedb000c013d0206
fc40fc50fc81fd71
fc40fc38fc40fc40
fc50fc48fc48fc40
fc89fc70fc58fc50
fd31fd09fce1fc99
fddafd71fd79fd51
01ae01be01ce00bd
01b601ce01ce01be
01c601c601c601be
01ce01ce01ce01ce
01ce01ce01ce01ce
01c601c601c601ce
01ae01be01c601c6
01a601960196019e
012d012d012d012d
01350135012d012d
01250125013d013d
01150155013d0135
ff6300ed00dd00dd
fdf2fdf2fdfafda2
ff23fe4afdd2fdda
ffc4ffc4ffd4ffa4
fe42ff94ffccffd4
fcd9fcd1fcd1fd09
fc89fc99fca9fcb9
fc30fc40fc60fc78
fc60fc50fc40fc30
fc70fc78fc70fc68
febbfddafcc1fc68
00bd00a500ad002c
020601b601650105
ffac003c013501fe
fc58fc70fd09fe4a
fc50fc60fc68fc60
fc58fc50fc50fc50
fca1fc89fc78fc68
fd39fd19fcf9fcc9
feb3fd69fd71fd51
01ae01b601c60175
01be01c601c601b6
01c601c601be01be
01ce01c601c601c6
01c601c601ce01ce
01c601c601c601c6
01be01c601be01be
01ae01be01be01be
012d012d012d0125
012d012d0125012d
0125012d012d011d
002400a50135013d
002c00640004ffc4
fdcafdd2fe3aff43
ff2bfe4afdaafd92
ffecffe4ffe4ffac
fec3ffbcfff40004
fcd9fcd1fce1fd49
fca1fca9fcb1fcb9
fc60fc60fc78fc91
fc78fc81fc68fc58
fc99fc81fc78fc70
ffd4fe8bfd92fcb1
00a5007400a500ad
021601be014d00f5
001400a501a60216
fc81fcc1fdbaff33
fc60fc70fc81fc89
fc68fc60fc68fc68
fcb9fca1fc91fc78
fd49fd21fcf1fcd1
ffb4fd79fd79fd69
01a601ae01a601ae
01c601b601a601b6
01be01be01be01be
01c601c601be01be
01c601ce01c601c6
01be01c601c601c6
01c601c601be01b6
01ae01c601c601c6
0125012501250125
0125012d01250125
01450145013d011d
feebffa4006c012d
001cff5bfe9bfe72
fd71fdc2fe9bffec
ff43fe6afd8afd41
fff4fffcfff4ffb4
ff4bffe40014001c
fcd9fce1fd09fdba
fca9fcb1fcb9fcc1
fc81fc81fc99fca9
fc99fc99fc89fc81
fcc1fc91fc89fc91
008dffbcfe9bfd92
00ad0054006c00a5
023601ee018e0135
005c014d01fe0226
fcc1fd69fe9bfffc
fc78fc81fc91fca1
fc89fc81fc81fc81
fcc9fcb9fca1fc89
fd49fd29fd01fcd9
005cfdc2fd82fd69
019e01ae01ae01be
01c6019e019601be
01b601b601b601be
01c601be01b601b6
01c601c601be01be
01be01be01be01c6
01be01be01be01b6
01ae01be01c601c6
0125012501250125
0125012501250125
0145013501250125
fe3afe9bff9400a5
ff0bfe52fe32fe42
fd11fe02fefbffc4
ff5bfe6afd79fd09
0024001c0004ffc4
ff9cfffc00140024
fcd9fcf1fd51fe93
fcb1fcc1fcc1fcc9
fc99fca1fca9fcb1
fca9fca1fc91fc89
fda2fce1fcb9fca9
00bd00a5ffe4feab
00d50044002c007c
0246021601ce016d
00bd01ae021e022e
fd41fe4affa40024
fca1fca9fca9fcb1
fca1fca1fc99fc99
fcd9fcc9fcb1fca1
fd49fd39fd11fce1
0044fe42fd82fd61
019e01c60196014d
01ae0196019e01b6
01b601b601b601ae
01b601b601b601ae
01be01be01be01be
01be01be01be01be
01be01be01be01b6
01a601be01be01be
012501150115011d
0125011d01250125
011501150105011d
fe72fe7aff5b0024
fe62fe8bfecbfebb
fd39fe62ff33ff13
ff6bfe93fd8afce9
0014000cffe4ffb4
ffc4fff400040014
fce1fd21fe1aff53
fcb9fcc9fcc1fcc9
fc99fca9fca9fcb1
fcb1fca9fc99fc89
fee3fe0afd21fcc1
008d00c500adffec
00f5005c0024005c
0246021e01be0186
012d01d6021e023e
fe1aff3b00240044
fcb9fcb9fcb9fd29
fcb9fcb9fcb1fcb9
fcf1fcd9fcc9fcc1
fd49fd39fd21fd01
0004ff33fdcafd61
01ae00f500240044
019e019e019601ae
019e019e019e0196
01ae01a6019e019e
01b601b601be01be
01be01be01be01be
01be01be01be01b6
01a601b601be01be
011d011d0115011d
011d01250125011d
00e50125010d011d
ff13fee3ff43ffe4
fe9bff3bff7bff4b
fdaafeb3fee3fe62
ff7bfeebfdb2fd11
0014ffe4ffccffac
ffec0004000c001c
fd19fdfaff1bffb4
fcc9fcc9fcc1fcd9
fca9fca9fcb9fcb9
fcd1fcb9fcb1fca9
005cff5bfe4afd61
008d00ad00c500cd
00fd007400240054
0266021e01be0175
018601ee021e024e
ff030004002c0085
fcd9fcd1fd31fe02
fcc9fcc9fcc9fcc9
fd01fce9fce9fcd1
fd49fd41fd39fd19
ffd40004fecbfd8a
0105ff6bfed3ff4b
0196019e0186019e
0196019601960196
019e019601960196
01ae01b601b601ae
01b601be01b601ae
01be01be01b601ae
01a601b601be01be
0115011501150115
0115011501150115
00ad013d0125011d
ff7bff43ff53ffdc
ff33fff4003cffd4
fde2fe8bfe6afe8b
ff6bfef3fdaafd19
0014ffdcffacff9c
000c002c002c001c
fe3afef3ff8cfff4
fcd1fcd1fce1fd51
fcb9fcb9fcc1fcc1
fe02fd31fcc9fcc1
011500ed0004fefb
00bd008d007c00b5
011500a5006c0074
0266021e01a6015d
018601e602160246
00040044003400bd
fce9fd51fe12ff03
fcd1fcc9fcd1fcd1
fd09fcf9fcf1fcd9
fd79fd51fd41fd21
ffe40054ffd4fe93
0034fedbfe8bfea3
018e0196018e0186
018e018e018e018e
01960196018e018e
01a6019e019e0196
01a601a601a601a6
01b601b601b601ae
01a601b601be01b6
010d010d01150115
010d010d010d010d
00ad013d011d0105
ff9cff94ff8c000c
ffec0054008d001c
fdaafe42fe8bff4b
ff63feebfda2fd01
fff4ffb4ff73ff73
003c0044003c000c
ff33ff84ffe4002c
fd19fd79fe0afec3
fd09fce1fce1fcf1
0044ff0bfe0afd49
0105015d01860125
00fd00ed00850085
010500d500c500b5
021601ee017d0125
014501a601ce01ce
005c0044004c00dd
fd69fe42ff430024
fcc9fcd1fcd1fcf1
fd01fcf1fce9fcc9
fe72fd71fd39fd09
004400640054fff4
ffd4fee3fe9bfecb
018e018e019e0186
018e018e018e018e
0196018e018e018e
01a6019e019e019e
019e019e019e01a6
01ae01ae01a601a6
01a601ae01ae01ae
0115011501150115
0115011501150115
009501350115010d
ff9cff73ff4b0014
008500c500d5004c
fd79fe2afec3ffbc
ff4bfedbfde2fd09
ffb4ff84ff4bff3b
004c0034001cffdc
001c003c005c005c
feb3ff6bff7bffcc
fefbfe9bfed3febb
01de0155009dffec
00cd0125019601ee
0135013d00e5008d
00c500bd00dd00f5
011d011d00fd00c5
00d5010d01250105
0085006c007c00a5
feabffcc00a500ad
fcc9fcf1fd31fdc2
fcf9fce9fcd9fcc9
ffb4fe9bfd9afd21
004c0054005c0044
ffdcff23fef3ff0b
0196017d019e015d
01960196018e0186
019e0196018e018e
01a601a601ae01a6
019e01a601a601a6
01ae019e0196019e
019e019e01a601ae
0115011501150115
0115011501150115
0044011500fd0115
ff6bfecbfef3ffec
009500ed00d5004c
fd82fe3afebbffc4
ff23febbfde2fd01
ff7bff63ff23ff1b
005400240014ffb4
012500f500b50074
00f50105012d013d
015d013501350115
01ee0216021601be
009500e5013d01b6
0145013d010d009d
0024004400a50105
005400540044002c
000c0054007c006c
00f500a5005c0014
00a50135013500fd
fd79fdeafe9bff94
fdc2fd49fd29fd19
fffcff94fefbfe83
0044003c0064004c
000cff6bff43ff23
018e0175019e0125
0196019e018e0186
018e018e0186018e
01960196019e019e
0196019601960196
01a6019e0196019e
018e019601a601ae
0115011501150115
01150115011d011d
005c011d00fd010d
ff4bfdbafde2ffac
005400a500a50034
fdaafe52fe3aff6b
ff03fe8bfdcafd09
ff6bff33ff13ff13
0044fffcfff4ff9c
0175013d00fd008d
01f601f601be019e
020601f6020601f6
018601e6022e022e
005400b500dd012d
009500b500b50085
ff3bff6bfff4006c
ff7bff84ff8cff63
ff5bff9cffacff94
011d0095ffd4ff5b
01860186012500f5
ff4b001c00d5016d
ff33ff0bff0bfef3
003c002cfffcffb4
0024004c0085005c
001cffccff8cff2b
018e018601a6010d
01be01b60196018e
01be01be01be01c6
019e019e01a601a6
019601960196019e
019e019e01960196
0196019601a601a6
0115011501150115
011501150115011d
006c011d00fd0115
ff6bfeb3feb3ffcc
ff940004006c002c
fe2afef3fdfafea3
fedbfe52fd92fd19
ff4bff13ff03ff03
002cfffcffb4ff7b
0155011d00ad004c
01f601e601b60165
01ee01f6021601fe
010d017d01de0206
ffdc0054008d00ad
feebff53ffb4ffdc
fd8afda2fe0afe8b
fea3fe9bfe72fdfa
fe6afe9bfebbfeab
007cffecff1bfe83
019e015500dd009d
0175018e018e01be
011d01150125014d
00ad00ed010d0115
0014004c007c0095
004c0014ffc4ff2b
0196019e01be0125
0246021601c6019e
0266026e02760266
01fe0216022e0246
01ae01be01d601e6
0196018e018e0196
018e018e0196019e
0115011501150115
0115011501150115
00ad011d010d011d
ff84ff84ffbc0024
ff2bffbc00640034
fec3ffd4feebfe7a
feb3fe0afd61fd21
ff2bfefbfef3fef3
ffe4ffc4ff84ff4b
012500e500850024
01d601ae01a60165
01b601ce01e601de
009500fd015d0196
ff53002400950074
fce1fd71fe3afee3
fc50fc50fc58fc81
fdfafdd2fd21fc81
fcb9fcf9fdaafe02
ff13fe52fd82fcf9
0186012d0054ff9c
01b601ae01a601ae
018601ae01b601ae
00c5011d015d015d
ffe40024003c007c
007c0044ffecff13
01ce01de01f60145
02ef029f023601de
033f033f033f031f
02d702f70317032f
01fe023e027e02af
018e018e019601b6
0196018e018e018e
011d011d0125011d
01150115011d011d
011d011d010d011d
ffccffec003c0034
ff33ffac00640074
fed30014ffecfefb
fe93fdeafd29fd19
ff0bfecbfedbfecb
ffdcff9cff43ff23
00e500b5005c0004
018e0186017d0125
015501750196019e
004c006c00c50105
ff2b003c00a50085
fcc1fd11fd9afe42
fca1fc91fc81fc99
fd8afd61fd21fd19
fc20fc78fd11fd69
fdd2fcf9fc78fc38
016500fd000cfeb3
01b601b601ae01ae
018e018e019601a6
009500fd0145015d
ff9cffd4fff4005c
00a50064001cfef3
0226023602260155
036f031f02a7023e
03c803d003d003a8
039003a803c003c8
026e02cf032f036f
0186019601a601ee
019e018e017d017d
0125011d01250125
011d011d0125011d
013d011d0115011d
001c00540064007c
ff2bffc4009d00cd
fec3fffc0044ff8c
fe62fdb2fcf1fcf9
fee3fecbfecbfeb3
ffacff53ff0bfef3
00b5007c002cffec
015d0155012d00ed
00dd0105011d014d
00740034005c0095
ff5b006c00bd00ad
fd79fd79fd9afe2a
fd39fd31fd41fd61
fd31fd49fea3fde2
fce1fd9afdf2fd11
fde2fd71fd29fcf1
011500ed0064feeb
017d0186017d0145
017d018601750186
0074009500dd0145
ff6bff9cffd40044
00e5009d004cfed3
027e026e024601c6
03c8037f03070297
04000400040003f0
03f003f803f803f8
02cf034703a003d8
017d018e01b6022e
018e018601750175
0125012501250125
011d011d01150115
011d0115011d0115
0034009d00850105
ffa4000c00cd00e5
fefbfffc0034fff4
fe4afd92fcf1fd21
fee3fef3fed3feab
ff53ff1bfeebfefb
00a5004cfff4ffac
0115010500f500cd
0064009d00ad00fd
00cd006c002c003c
ff94007400dd00fd
fddafdfafe0afea3
fd59fd71fd9afdaa
fd39fee3fec3fd8a
fde2fdb2fd79fd11
fe6afddafde2fdfa
00d500dd0095ffb4
0155014d012d00e5
0125012d01350155
0004003400a500fd
ff33ff73ff9cffd4
00fd00b50064fedb
02d702b7027e024e
03f003b0033f02ef
03f8040003f80400
04000400040003f8
030f039803e003f8
016d018601b60256
017d017d01750165
011d012501250125
0115011d011d0115
0115011d01250105
001c0095008d012d
004c005400fd00cd
ff4b0024001c0044
fe22fd61fce1fd71
fef3fefbfedbfe9b
ff3bff13fed3fedb
0064002cffccff73
00ad009d00950085
0014004c006c00ad
00f500ad003c0004
ffdc006c00b500fd
fe0afe83fec3ff43
fe0afe22fe12fdf2
fd82fe2afdc2fda2
fe3afe0afdc2fd41
fee3fdfafdfafe2a
00ed00e5009dffec
010d010500f500ed
00dd00fd00fd011d
ffc40014006c00c5
fefbff4bff6bff7b
01de00c5005cfeeb
034f03470317030f
03e803c803880357
04000400040003f8
03f8040004000400
031f03b803f80400
015d017501ae0256
01750175016d015d
0125012501250125
0115011d011d011d
0115011d01250115
001c006c00a5012d
0054006c011d00b5
ff63004c001c004c
fddafd21fcc1fd69
ff0bfefbfedbfe9b
ff33ff23fefbfeeb
001c0004ffe4ff7b
0054003c0044002c
ffd4fff4002c0044
008d008d00640004
ff8cffe4001c0085
fdfafe0afe5afefb
fe5afe4afdfafdca
fdc2fe12fdbafdda
fe1afe5afe4afdca
fefbfe32fe52fe5a
010500e50095ffe4
00cd00e500cd00e5
00b500bd00cd00d5
ff9cffe4fff4006c
fecbff3bff4bff63
032f0125006cff1b
03b003b803980398
03f803e803d003b8
0400040004000400
03f8040004000400
031703b803f80400
015d017501a6023e
017501750165015d
0125012501250125
0125011d011d011d
01150115011d0125
0044006400f5011d
00c500ad01150095
ff6b003cffe40044
fdc2fd01fcb9fd61
ff03fed3fecbfe93
ff4bff2bff03fefb
ffccffacffacff7b
000c0004fff4ffec
ffb4ffacffa4ffdc
00440054007c0014
ff13ff63ff7b0014
fdf2fddafdf2fe8b
fe22fe32fdbafd92
fe42fe72fe0afdfa
fe02fe6afe62fe62
fee3fe52fe4afe62
00f500cd005cff84
008d00a5009500c5
0074008500a50095
ffa4ffbcffdc0034
fe9bff13ff3bff5b
03e00206008dff6b
03f003f803e803e8
0400040003f803f0
0400040004000400
03f8040004000400
030703a803f80400
01650175019e022e
016d017501650165
0125012501250125
0125011d011d0125
011501150115011d
006400640115010d
013500ed00bd0014
ff73fff4ffac0095
fdbafd09fcd9fda2
fefbfed3feb3fe72
ff53ff3bff13fefb
ff84ff6bff84ff7b
ffd4ffccffb4ffb4
ffa4ff7bff63ff94
ffdcffa4ffdcffe4
fe93feebff03ff53
fe02fde2fdfafe3a
fe0afe12fddafdba
fdcafe3afe0afdd2
fdd2fe1afe3afe2a
fea3fe4afe2afe1a
009d002cff9cfefb
006c0085009500b5
00540064006c0074
ff84ff94ffbc000c
fe7afedbff2bff4b
040002bf00adffbc
03f8040004000400
04000400040003f8
03f8040004000400
03f80400040003f8
02ef03a003f80400
015d017501960216
0165016d016d0165
011d012501250125
011d0115011d0125
0115011501150115
007c008501450115
010d007cffacffbc
ff53ffb4fffc00fd
fdbafd09fce9fdaa
fed3fedbfeb3fe4a
ff6bff4bff13fedb
ff84ff7bff84ff7b
ffa4ff9cffacffa4
ff2bff3bff84ff94
ff1bff23feebff33
fe6afebbfec3feeb
fdcafdfafe02fe2a
fddafe0afdfafdba
fd61fdfafdd2fd9a
fdd2fe1afe0afd9a
fe83fe1afddafdb2
ffccff84ff33fee3
005400640064002c
0034003c004c004c
ff63ff73ff94ffe4
fe9bfec3ff23ff53
0400036f00e50004
0400040004000400
0400040004000400
03f8040004000400
03f80400040003f0
02d7039003f003f8
01650175018e01f6
0165016d016d0165
011d012501250125
011501150115011d
010d011d011d0115
003400cd01450115
00adfff4ff6b0034
ff7bffcc000c00c5
fd9afd31fd01fdc2
fedbfedbfe93fe2a
ff73ff53ff1bfedb
ffd4ffccffc4ffac
ffacff8cff94ffac
fef3ff0bff63ffac
fe22fe8bfe62fec3
fe6afe9bfe5afe62
fdaafdeafdf2fe42
fdb2fde2fddafdb2
fda2fe3afe5afdf2
fe1afe42fddafd92
fe2afdc2fdbafda2
ff43ff03feabfe8b
0024002cffacff4b
fffc0024001cfffc
ff7bff73ff9cffbc
fe6afec3ff2bff6b
040003a80145fffc
040003f803f80400
0400040004000400
0400040004000400
04000400040003f8
02c7037f03e803f8
0165016d017d01de
0165016d01750175
0125011d01250125
01150115011d011d
010d0125011d0115
00440125011d010d
007cffdc003c005c
ffcc002400240085
fd82fd29fd21fe0a
fedbfebbfe52fdf2
ff84ff43ff03fecb
fff4ffe4ffd4ffbc
ffbcffc4ffbcffe4
fec3fedbfeb3ff53
fda2fdaafdfafe42
fe5afe5afe1afdfa
fddafdcafdf2fe62
fe72fe42fe22fe02
fdeafe62fecbfe83
fdeafe32fe02fde2
fd92fd9afe02fdf2
fec3fe93fe5afe0a
fff4ff84fee3fea3
00040024001c000c
ff8cff9cffdcfff4
feabfea3ff1bff4b
03f803e801fefff4
040003f803f00400
0400040003f803f8
040003f803f803f8
0400040004000400
02bf037f03e803f8
015d0165017d01de
016501650175016d
011d012501250125
01150115011d011d
01050125011d0115
00ed011d0105010d
008d000c004c0024
ffec0074006c0095
fd71fd21fd19fe2a
fec3fe9bfe52fde2
ff5bff23fedbfeb3
0004fff4ffc4ff94
ff7bfffc00040004
fe72fe72fe3afecb
fd92fd71fdd2fdfa
fe22fe0afdc2fdaa
fe72fe42fe7afe72
ff73ff43fefbfec3
febbff43ff3bff33
fdf2fe6afe9bfe7a
fdd2fdfafe52fe4a
fe4afe52fe4afdea
ff9cff0bfeabfe4a
0034002c0024fffc
ff84ffa4ffdc0004
fecbfe7aff13ff53
03f803f802b7005c
040003f003f00400
0400040003f803f8
040003f803f003f0
03f8040004000400
02b7036f03d803f8
01650165017d01d6
016501650175016d
011d012501250125
01150115011d011d
0115011d01150115
0125011501150115
00a5005cfff40074
ffa4008d00ad009d
fd39fcf9fd09fe0a
fed3fe9bfe4afdb2
ff33ff13fed3feab
fffcfff4ffccff8c
ff33fff40004ffec
fdcafdcafddafe32
fd69fd49fd8afdaa
fe72fe42fdd2fd82
fef3ff03fefbfeab
ff5bff43ff2bff1b
ff6bff7bff4bff4b
febbfef3ff13ff4b
fe12fe0afe5afec3
fe0afe1afe22fdea
ff13fe93fe6afe12
0044004c001cffac
ff7bffb4ffd40024
fefbfe72fee3ff43
04000400038800dd
03f803f003f80400
03f80400040003f8
040003f803e003e8
03f8040004000400
029f035703b803e0
0165016d017501ce
016d016d016d016d
011d012501250125
0115011d011d011d
0115011501150115
011d010d01150115
00950064ffe400f5
fef3fff40054006c
fd01fce1fd01fdaa
fed3fe7afe02fd79
ff13fed3feabfeb3
ffacff84ff7bff6b
ff0bffc4ffccffbc
fd79fd71fd8afe1a
fd51fd31fd29fd59
fe6afe4afdeafd92
ff2bfefbfeabfe72
ff0bff2bff3bff2b
feebfedbfee3fefb
fedbfec3fed3fedb
fe42fe4afe5afecb
fdcafdd2fdf2fdf2
fe6afe22fe12fdf2
0044003c0004ff4b
ff8cffbcffec003c
ff5bfe5afecbff0b
0400040003e801c6
03f803f803f803f8
03f80400040003f8
040003f803e803e8
03f003f804000400
029f034f03a803d8
01750175017501c6
016d016d01650165
011d01250125011d
0115011d011d011d
0115011501150115
011501150115010d
ffecff94fff4011d
fe4afef3ffac0004
fcf9fcd9fcf1fd71
fe93fe42fdd2fd51
fef3feb3fe8bfe9b
ff8cff73ff63ff2b
ff23ff6bffa4ffac
fd59fd51fd61fe22
fd41fd19fcf1fd19
fe2afde2fda2fd79
ff1bff03feb3fe72
ff0bff3bff63ff4b
feebfecbfeb3fee3
feb3fefbff13ff0b
fe5afe32fe32fe72
fdbafde2fe12fe6a
fe0afdd2fdbafdb2
0044004cffecfee3
ff6bffa4ffec002c
ff9cfe4afe7afefb
040003f803f80276
04000400040003f8
0400040004000400
0400040003f803f8
03f8040004000400
028f034703a803e0
01750175017d01be
016d016d01650165
0115011d01250125
0115011d011d0125
010d010d01150115
0115010d0115010d
ff23ffac00d5011d
ffa4ff3bfef3ff2b
fd01fcc1fce9fd92
fe1afdeafda2fd41
feabfe7afe3afe3a
ff3bff33feebfebb
feebff5bff73ff2b
fd11fd21fd61fe1a
fcf9fcd9fcc9fce1
fe1afdc2fd51fd11
fe83fe72fe4afe32
fea3feabfeb3feab
feb3fe8bfe5afe6a
feabfecbfed3fec3
fdeafe0afe42fe8b
fdd2fe1afe32fe12
fdbafdbafd9afdaa
0044004cffd4fe8b
ff4bffa4fffc001c
002cfe83fe5aff03
03f803f803f00256
04000400040003f8
0400040004000400
0400040003f80400
03f8040004000400
0276033f03b003f0
016d0175017d01ae
0165016501650165
0115011d01250125
0115011501150115
010d010d01150115
0115011501150115
00b50105011d010d
00ad010d00c50074
fce1fcb1fcf1fe1a
fda2fdaafd71fd21
fe32fe22fdcafdba
fe93fe93fe2afe0a
fecbfecbfee3febb
fd19fd49fd9afe4a
fdb2fdaafd59fd11
fe9bfe4afe0afdd2
ffb4ff84ff3bfeeb
ff5bff8cffb4ffc4
fec3fedbfee3ff13
fe3afe83febbfebb
fd79fdaafdeafdf2
fdeafdcafd82fd69
fdcafdbafdb2fdca
002c0034ffd4fe62
ff1bff6bffe4001c
0044fea3fe02febb
0400040003d801d6
03f8040003f803f8
03f803f803f803f8
03f803f803f803f8
03f803f804000400
024e032f03b803f8
0175017d017d019e
015d01650165016d
0115011d011d011d
0115010d010d0115
0115010d010d0115
010d010d01150115
0125011d011500fd
00f50115011d011d
fcd9fcb1fd21ff23
fd59fd69fd39fd29
fde2fdcafd82fd49
fe22fe22fdaafd8a
fedbfeabfe52fe7a
fdd2fd9afdeafe6a
ff2bff0bfeb3fe52
ff53ff33ff13ff0b
006c000cffacff8c
01250135012500bd
009500bd00c500fd
ff8400040074007c
fdfafe7afeebff2b
fd8afd41fd41fda2
fdc2fdd2fe22fe02
ffccffe4ffa4fe7a
fee3ff13ff63ff9c
ffd4fe8bfddafe42
0400040003f0020e
03f003f803f80400
040003f803f003f0
03f803f804000400
03f8040004000400
022e031703c00400
017d0186017d0196
016501650165016d
0115011501150115
0115011501150115
010d010d010d010d
010d01150115010d
0125012501150115
011501150115011d
fce1fcb1fd71ffc4
fd31fd31fd09fd31
fdb2fd51fd31fd19
fdcafd9afd8afd61
fe93fe83fdf2fdf2
ff03fe52fe32fe62
ffa4ffa4ffccff9c
ff6bff6bff6bffac
ffdcff84ff63ff63
00fd00dd00850034
00ed010d011d011d
ffd4000c008d00cd
ff4bff6bffa4ffbc
fe2afe9bfecbff03
fdd2fdf2fe5afe2a
ff23ff6bff84fec3
feabfe9bfe83fefb
0165feebfdd2fdfa
040003f003f80388
03e003e003f00400
040003f803e803e0
03f8040004000400
0400040004000400
021e030f03c00400
017d017d017d018e
016501650165016d
011501150115011d
010d011501150115
010d010d010d0115
011501150115010d
011501150115011d
012501150105010d
fcc9fcd9fdda0034
fd29fd19fcf9fd01
fd71fd01fd01fd09
fd92fd61fd71fd41
fe62fdfafd82fd8a
ffdcff13fe8bfe4a
ffdc0044007c0054
ffa4ffa4ffacffb4
ffdcffb4ffacffac
002c004400340004
008d00ad00c5008d
001c002c00440064
ffdcffdcffe4fff4
ff33ff7bffa4ffc4
fddafe4afed3fef3
fe6afed3ff4bfeab
fe2afe2afdc2fe52
03d001befe1afdba
040003e803f00400
03c803d003f00400
03f803e803d003c8
0400040003f803f0
0400040004000400
020e030703b803f0
0175017501750186
0165016501650175
0115011501150125
010d011501150115
010d010d01150115
0115010d0115010d
0115011501150115
0125011d011d011d
fca9fcf9fe02004c
fcf9fd09fcc9fcc1
fd41fd11fcd9fcd1
fd59fd49fd39fd11
fe3afdaafd61fd51
fff4ff3bfedbfe72
0054008d008d0074
ff6bff94ffbcffdc
ff9cff6bff5bff63
ffbcffdcffe4ffbc
004400340014ffe4
ffc4ffb4fffc004c
ffe4ffdcffbcffb4
ffccffd4ffd4ffe4
fe22feabff73ffb4
fe12fe2afec3fe7a
fdc2fdbafd61fda2
03e802d7feabfda2
040003f803f803f8
03b003c803f00400
03e003c803b00398
0400040003f803e8
03f8040004000400
020602f703a003e8
016d016d016d017d
0165016501650165
011501150115011d
0115011501150115
010d010d01150115
0115010d010d010d
0125011501150115
012d012501250125
fca1fd11fdfa0004
fce9fce9fca9fc99
fd21fd09fcc1fcc9
fd21fd19fd09fce9
fe2afd8afd39fd21
ffd4ff2bfe9bfe8b
0095008d00a50064
ff43ffb4fffc004c
fe52fe22fe42fe9b
fe5afe52fe62fe5a
fe8bfe72fe62fe5a
fe83feabfebbfeab
ffc4ff3bfed3fe7a
003c00340004fff4
fe52feabff7b000c
fdcafde2fe1afe0a
fd61fd59fd41fd51
03f80347ff33fd8a
04000400040003f8
0367038803d80400
03a80388035f0347
040003f803e803c8
03e803f803e803f8
01f602e7038803c8
0165015d015d0175
015d016501650165
0115011d01150115
0115011501150115
010d010d01150115
01150115010d010d
0125011d01150115
012d012d0125011d
fcb1fd39fdeaffdc
fcd1fcc9fc99fc91
fcf1fcc9fcb9fcc9
fd01fcf9fcc1fcc1
fdcafd8afd01fcf1
ff94fea3fe1afdda
00a5009d007c000c
ff84fff4004c007c
fd82fdb2fe1afeb3
fd8afd79fd71fd69
fd61fd51fd51fd61
fdeafdeafdaafd71
ffecff4bfe7afdf2
003c004c00440024
fe1afe62ff530004
fd8afd69fdaafdf2
fd49fd41fd11fd49
04000367ff53fd8a
0400040004000400
031f035f03c80400
03900377032702f7
03f803f803e003b8
03d003e803e803f8
01e602cf036f03b0
0155015501550165
015d01650165015d
011d011d0115011d
0115011d011d0115
010d011501150115
011501150115010d
011d011501150115
012d012d012d0125
fcc9fd59fdfa000c
fcd9fcb9fc99fca9
fcc1fca1fcc9fcc9
fce1fcf1fca9fc99
fd51fd51fd09fce1
ff13febbfe02fd61
0074005cffecff5b
0004004400640064
fe02fe62feebff84
fd8afdaafdb2fdc2
fd69fd61fd51fd61
fe52fe22fdc2fd8a
0024ffc4ff33fea3
0034003c00540054
fde2fe2aff1bffec
fd31fd19fd82fdda
fd59fd21fce9fd21
04000398004cfd9a
040003f804000400
0337036f03c803f8
03b803a00357031f
03f8040003f803e0
03d003e803f80400
01c602b7035f03a8
0145014d014d0155
0155015d015d014d
011d011d011d011d
011d0125011d0125
0115011501150115
0115011501150115
011d011501150115
0135012d012d011d
fcc1fd59fe0a005c
fcc9fcb9fc91fc99
fcb1fca9fcd1fcb9
fcc1fcd1fca1fca1
fd11fcf9fce9fcc9
fe4afe72fe02fd51
0014ffdcff33fe72
003c005c00640044
ff3bff7bffc40014
fdd2fe2afe83fedb
fe12fe02fdc2fdca
ff7bff4bfedbfe7a
004c002cfff4ffac
001c0034003c0064
fdaafe3afee3ff9c
fd09fd09fd61fd8a
fd49fd21fce1fcf1
040003d0012dfdc2
040003f804000400
035f038803d003f8
03f003d803a00367
04000400040003f8
03e803f804000400
01ae0297035703b0
01450145014d0155
014501550155014d
011d011d011d011d
011d01250125011d
01150115010d010d
0115011501150115
0115011d011d0115
012d012d0125011d
fcc1fd71fe420085
fcb9fcb1fc89fc81
fca9fcc9fcc9fcb1
fcb9fcb9fca9fcc1
fcb1fcb9fcb9fcb1
fdf2fe3afdf2fd21
ff84ff1bfeabfe6a
0064004c000cffcc
003c004c0064006c
fecbff23ffacfffc
ff33fef3fed3fecb
002400340004ffa4
005c003400340024
ffb40014003c005c
fd79fe32fe7afee3
fcc9fcf1fd41fd39
fd41fd19fcf9fcc9
03f803f0020efdea
0400040004000400
037f039803d003f0
040003f803d00398
0400040004000400
03f8040004000400
019e0276034f03c8
01450145014d0155
014d01550155014d
011d011d01250125
011d011d011d011d
0115011501150115
0115011501150115
0115011d011d0115
0125011d0115011d
fcd1fd69fe3200ad
fc99fc91fc70fc70
fcc1fcb9fcb1fca9
fc99fca9fc99fca9
fc99fc91fc91fc91
fddafdfafda2fd21
fef3fec3fe52fe1a
0064fff4ff73ff03
00b5009d008d009d
0004003c0054009d
0054001c001c0024
0074008500bd00ad
003c003400340054
ff43ffc4fffc0024
fd59fde2fe2afe52
fcb1fcb1fd11fcf9
fd21fd21fd19fcb1
03f804000337ff3b
0400040004000400
039803a003d003f0
0400040003e003b0
03f8040004000400
03f80400040003f8
0196026e034f03d0
014d01450155015d
014d014d01550155
011d011d011d011d
011d011d011d011d
0115011501150115
0115011501150115
0115011501150115
0125011d011d011d
fd21fd71fe4a00c5
fca1fc81fc58fc89
fcd9fca9fc89fca1
fc81fca9fca1fca9
fca1fc99fc99fc78
fd71fd71fd51fd11
fe83fe62fe42fdca
000cff73ff3bfecb
004c004c001c0024
00440085001c0044
0085007c007c0074
007c006400950095
0014003c00640085
febbfedbff84ffb4
fd19fd79fdd2fe3a
fcb9fca9fce9fce9
fd41fd11fcf9fcb1
03f8040003d800d5
0400040004000400
03b803c803e00400
040003f803e803c8
03f8040004000400
03f80400040003f8
01960266034703c8
0155015501550165
0145014d014d0155
0115011501150115
0115011501150115
0115011501150115
0115011501150115
011d011d01150115
012501150125011d
fde2fdfafe5a00bd
fc99fc70fc50fcd9
fcb9fc91fc89fc99
fc81fca1fca1fcb9
fc89fc91fc99fc91
fd49fd49fcf1fcb9
fe72fe02fdf2fd79
ff4bfef3fe93fed3
ffecff9cff8cff63
ffe4002cfffcffbc
001cfffc001c000c
0024003c0004ffec
ffb400040034003c
fdeafe1afefbff4b
fd11fd51fda2fdda
fcb1fca1fcd1fce9
fdf2fcd9fcc9fcc1
03f8040003f8027e
04000400040003f8
03d803e003f00400
0400040003f803e8
0400040004000400
03f8040004000400
0196024e033703c0
0155015d01650165
013d0145013d014d
01150115010d010d
01150115010d010d
010d011501150115
0115011501150115
011d011501150115
011d0115011d011d
fe4afe7afe7200b5
fc89fc70fc78fd59
fc91fc81fc78fc81
fc89fc91fc99fcb1
fca1fca1fc91fca9
fd09fd29fce9fca1
fe2afdfafe02fd79
fea3feabfe2afe2a
ff5bff6bff3bfecb
ff8cffb4ffe4ff84
ff84ffccfff4ffcc
ffbc0004ffe4ff6b
ff1bff63ff9cffbc
fda2fdd2fe8bff13
fd09fd31fd59fd82
fca1fcb9fcf1fcf9
ff9cfce9fcd9fcb9
040003f803f8036f
0400040004000400
03f0040004000400
03f803f8040003f8
0400040003f803f8
03f0040003f80400
0186023e032703b8
0145014d015d015d
013d013d013d0145
010d010d010d010d
0115010d010d010d
0115011501150115
010d010d01150115
011d011501150115
011501150115011d
fe8bfeb3fe9300b5
fc78fc78fcc9fdc2
fc81fc81fc60fc60
fc78fc78fc81fc89
fc91fc91fc89fca1
fcd9fcb9fc99fc91
fdcafdb2fdd2fd39
fe32fe32fdf2fdca
feebff1bfec3fe2a
ff23ff4bff73ff73
ff53ffa4ff84ff94
ff23ff8cff7bff1b
feabfefbfef3ff0b
fd82fd92fe32fe83
fce9fd11fd21fd69
fca1fcd9fcd9fce1
01fefd92fcc1fcb9
040003f003f803e0
0400040004000400
03f8040004000400
03f80400040003f8
0400040003f803f8
03e803f003e803f8
01750226031703a8
013d0145014d0155
013d013d013d013d
010d010d010d010d
010d010d010d010d
010d01150115010d
0115010d010d0115
0115011501150115
0115010d0115011d
feabfeb3fe9300a5
fc60fcc1fd59fe22
fc68fc60fc58fc50
fc68fc78fc70fc68
fc91fc81fc91fc81
fcb9fc81fc68fc81
fd8afd69fd9afd19
fdeafdcafd82fd69
fec3feebfe52fde2
fed3fed3fef3ff23
ff33ff53ff13ff23
fe9bff33ff13ff13
fe2afe3afe4afe62
fd59fd59fe1afe2a
fce1fcf9fd21fd59
fcb1fcd9fce1fcc9
0377ff43fce1fcc1
040003f8040003f8
0400040004000400
03f8040003f803f8
04000400040003f0
0400040003f80400
03f003f803f803f8
0165020e02f703a0
013d013d013d013d
013d013d013d013d
010d010d010d010d
010d010d010d010d
010d0115010d010d
010d010d010d010d
0115011501150115
0115011501150115
fe9bfe4afe7200a5
fc68fcf9fddafe62
fc50fc58fc50fc50
fc70fc70fc50fc50
fcb1fca1fc89fc81
fc99fc60fc58fc68
fd51fd39fd61fce9
fdfafdcafda2fd69
fe62fe7afe1afdc2
fea3fe62fe8bfec3
fee3fefbfea3fecb
fe2afeabfe62fe93
fdbafda2fdf2fdea
fd49fd69fdbafdd2
fcc9fcd9fd01fd29
fcb9fce9fcf1fcb1
03e80145fd92fcd1
03f80400040003f8
0400040004000400
03f003f003f003f8
0400040004000400
0400040003f803f8
03f0040004000400
015501fe02ef03a0
013d013d013d013d
013d013d013d013d
010d010d010d010d
010d010d010d010d
010d010d010d010d
010d010d010d010d
010d011501150115
0115010d010d010d
fe5afe6afe8b009d
fcb1fd92fe42fe7a
fc50fc50fc48fc60
fc68fc60fc40fc48
fca9fcc1fc91fc78
fca1fc70fc81fc68
fd31fd09fd09fce1
fdf2fde2fd82fd59
fdf2fe2afdfafdd2
fe8bfe3afe1afe1a
fe83febbfe5afea3
fdeafe62fe1afe1a
fd59fd69fdc2fdaa
fd19fd79fd82fd79
fcc1fcb9fcb1fcf9
fcc1fcd9fcd9fcc1
03f00307ff84fcf9
04000400040003f8
03f803f804000400
03e803d003e803f8
040003f8040003f8
0400040004000400
03f0040004000400
015501ee02e703a0
0135013d013d013d
0135013d013d013d
01050105010d010d
01050105010d010d
010d010d010d010d
010d010d010d010d
010d010d01150115
0115010d010d010d
fe8bfebbfe7a009d
fd41fdf2fe4afe3a
fc40fc48fc48fc89
fc70fc58fc40fc40
fc91fcd1fc99fc78
fcc9fc78fc70fc70
fd21fd11fcc1fcb1
fdcafdc2fd19fd19
fda2fdd2fddafdc2
fe6afde2fdaafdba
fe22fe4afddafe22
fdbafdf2fdf2fe02
fd21fd31fd92fd92
fcf9fd41fd51fd49
fcb1fca9fc81fcd9
fcd9fcc1fcb1fcb1
03f803e0021efe9b
04000400040003f8
03f8040004000400
03e803d003e003f8
03f803e803e803f8
0400040004000400
03e8040004000400
013d01d602d70398
01350135012d0135
0135013d013d013d
0105010501050105
0105010501050105
0105010d010d0105
010d010d010d010d
010d010d010d010d
01150115010d010d
fedbfed3fe6a008d
fd9afe1afe22fe52
fc40fc50fc60fcb9
fc78fc50fc40fc38
fc99fcb1fc99fc78
fca1fc78fc60fc91
fcd9fcf1fc99fc81
fdcafd69fcf1fcd9
fd9afdcafde2fdd2
fdcafd82fd51fd61
fdbafddafd8afda2
fd82fdc2fdd2fd9a
fd29fd11fd69fdaa
fcc9fd09fd49fd39
fc89fc89fc78fc99
fde2fcb1fca9fca1
0400040003b801d6
0400040003f003f8
0400040004000400
040003f003f803f8
03e803e003e80400
03f80400040003f0
03d003f003f803f8
013d01be02bf037f
0135012d012d012d
0135013d013d013d
0105010501050105
0105010501050105
0105010d010d0105
0105010501050105
0105010501050105
0115010d010d010d
fef3fe7afe8b00ad
fd8afddafe2afebb
fc58fc99fcf9fd29
fc50fc38fc38fc48
fc81fc68fc58fc48
fc60fc60fc68fc81
fcd9fca9fc50fc38
fd71fd29fd11fcf1
fd59fdaafdf2fdaa
fd31fd21fd39fd49
fd59fd61fd39fd39
fd39fd51fd82fd79
fcf9fd61fd9afd8a
fcb1fcc1fd09fd01
fc81fc99fc68fc81
00d5fd8afc99fc91
040003f803e80390
0400040003f803f8
0400040003f80400
040003f803f003f8
03e803f003f80400
03f00400040003f8
03c003e003e003e8
014501a6029f0367
0135012d01350135
01350135013d0135
0105010501050105
0105010500fd0105
0105010501050105
0105010501050105
010d0105010500fd
010d010d010d0105
fed3fe5afec300b5
fdcafe02fe9bfef3
fcb1fd09fd71fdaa
fc48fc50fc58fc81
fc68fc50fc38fc38
fc38fc40fc48fc50
fc99fc48fc38fc30
fd49fd41fd01fd01
fd21fd92fdaafd49
fce9fcd1fd01fd21
fd19fd11fd31fd19
fd11fcf1fd29fd59
fcf9fd82fd71fd39
fcb1fcd1fce9fcd1
fc91fc99fc60fc81
03a00155fde2fca1
03f803f803f803e8
0400040003f803f8
03f8040003f803f8
03f803f803e803e8
04000400040003f8
03f8040004000400
03c003e803f003f8
01450196027e035f
0135012d0135013d
01350135013d0135
00fd00fd00fd00fd
00fd00fd00fd00fd
0105010501050105
0105010501050105
0105010501050105
0105010501050105
feb3fea3fef3009d
fe52fe8bfed3ff0b
fd29fd79fdcafe12
fc70fc99fcb1fce9
fc48fc40fc40fc50
fc20fc38fc30fc30
fc81fc30fc38fc38
fce9fd11fcd9fcc9
fcf9fd39fd41fd01
fcc9fce1fce1fcf9
fcd9fcd1fd29fcf9
fd01fcd9fcd9fcf9
fd41fd71fd31fd09
fc70fca1fcc1fcc1
fcb9fc89fc58fc78
040003c001f6fe5a
03f803f804000400
0400040003f803f8
03e803f803f80400
03e803e003d003d0
040003f803f803f0
0400040004000400
03d003f804000400
013d01860266034f
0135012d012d012d
013d013501350135
00fd00fd00fd00fd
00fd00fd00fd00fd
0105010500fd00fd
00fd010501050105
00fd00fd01050105
00fd010500fd00fd
fe93fee3feeb003c
fe9bfedbff03ff1b
fd69fdcafe22fe52
fcc1fcd1fcf9fd29
fc58fc70fc91fca9
fc28fc38fc38fc40
fc38fc20fc20fc18
fca9fcc1fcc1fc91
fcd9fcf9fcc1fca1
fc99fcc9fcc1fcc1
fc89fc91fca9fca1
fcc9fcc9fc99fca1
fd19fd61fd21fcc1
fc38fc38fc70fc91
fe0afce1fc78fc58
040003f803d001fe
03f803f804000400
0400040004000400
03d003f003f803f8
03d003a803a803b0
040003f803f003e0
0400040004000400
03d0040004000400
01350175024e0347
013501250125012d
01350135013d0135
00fd00fd00fd00fd
00fd00fd00f500fd
0105010500fd00fd
010500fd00fd00fd
00fd00fd010500fd
010500fd00f500fd
fe8bfee3febbffec
fed3fefbff13ff23
fdb2fe02fe42fe83
fcf1fd09fd21fd59
fcb1fcc9fcc9fce1
fc38fc50fc68fc89
fc30fc18fc20fc30
fc68fc50fc38fc78
fca9fcb9fc99fc81
fc78fc91fc99fc91
fc78fc70fc78fc91
fc89fc89fc91fc89
fc91fd19fce1fc91
fc40fc38fc40fc48
ff3bfdeafd31fc89
03f803f803f8031f
03f803f804000400
0400040004000400
03d003f004000400
03c0039803a003b8
03f803f003d803d0
0400040004000400
03c003f004000400
012d016d022e032f
0135012501250125
01350135013d0135
00fd00f500f500fd
00f500fd00f500fd
00fd00fd00fd00fd
00fd00fd00fd00fd
00f500fd010500fd
0115010500f500f5
fe83fec3feabffd4
fee3ff0bff13ff1b
fde2fe3afe62fe9b
fd19fd29fd49fd8a
fce1fcf1fcf9fcf9
fc89fca9fcc9fcd1
fc20fc28fc38fc58
fc20fc18fc10fc20
fc58fc48fc48fc38
fc50fc58fc58fc58
fc50fc58fc70fc60
fc58fc58fc68fc58
fc38fc89fca9fc89
fcc9fc70fc40fc30
ffacfe8bfe0afd59
040003f803e8032f
040003f804000400
0400040004000400
03f0040004000400
03f003e003e003e8
03f003e803d803e0
03f803f8040003f8
039803d003f00400
01250155021e0317
0135012501250125
0135013501350135
00f500f500ed00ed
00f500f500f500f5
00f500f500ed00f5
00fd00f500f500f5
00f500f500fd00fd
00dd0115010500fd
febbfe83fe9bff63
fee3ff13ff23ff2b
fe0afe42fe83febb
fd41fd69fd9afdca
fd01fd09fd19fd21
fcd1fce1fce9fcf1
fc40fc60fc81fca9
fc18fc18fc20fc28
fc28fc20fc18fc18
fc20fc38fc38fc28
fc50fc40fc58fc30
fc81fc78fc48fc58
fc20fc28fc60fc60
fd79fd11fca1fc40
000cfeb3fe42fde2
040003f803d0033f
0400040004000400
0400040004000400
0400040004000400
040003f803f803f0
03e803e803e803f8
03f003f8040003f0
038803b803e003f8
0115014502060307
0135011d011d011d
013501350135012d
00ed00f500ed00ed
00f500ed00ed00ed
00ed00e500ed00f5
00f500fd00ed00ed
00ed00f500f500f5
ff8400d5010500f5
fef3fe72fe83feab
fefbff2bff33ff2b
fe32fe83fec3fecb
fd79fd9afdc2fdfa
fd11fd21fd29fd41
fcf1fcf9fcf9fd01
fc81fcb1fcd1fce1
fc28fc30fc40fc58
fc20fc28fc28fc20
fc18fc20fc18fc18
fc38fc20fc20fc18
fc38fc38fc28fc30
fc60fc40fc48fc48
fddafd92fd39fcc1
003cfec3fe72fe22
040003f803d80347
0400040004000400
03f803f004000400
03f0040004000400
03f803e803d803d8
03f803f803f80400
03f80400040003f8
038803c803e803f8
0115014501f602ef
0135011d011d0115
013501350135012d
00e500ed00ed00ed
00ed00ed00ed00ed
00e500dd00ed00ed
00ed00f500f500f5
007c00d500ed00f5
fea3ff5bffdc0034
ff13feb3fe83fe93
ff0bff3bff2bff0b
fe72fea3fec3feeb
fdb2fdbafde2fe22
fd19fd29fd49fd71
fcf9fd09fd11fd11
fcd9fce1fce9fcf1
fc68fc78fca1fcc1
fc40fc48fc50fc50
fc28fc30fc38fc38
fc30fc30fc30fc28
fc50fc40fc38fc30
fce9fcc9fca9fc89
fe1afdcafd79fd29
0074fed3fe8bfe5a
0400040003e0035f
03f003f803f803f8
03f803f8040003f8
03d003f8040003f8
03e803b803a003b8
03f803f804000400
03f803f8040003f8
038803e003f80400
011d014501de02d7
012d01250115011d
01350135012d012d
00ed00ed00ed00e5
00e500ed00ed00ed
00f500ed00ed00ed
00dd00e500e500f5
fe1afee3fff400ad
fe93fe8bfea3fe6a
ff03ff0bfe6afe6a
ff2bff3bfed3fe72
fe7afec3fef3ff1b
fdcafdeafe02fe3a
fd21fd49fd71fd9a
fd11fd19fd21fd21
fcf1fcf9fd01fd01
fca9fcb9fcd9fcf1
fc78fc89fc99fc99
fc68fc60fc68fc70
fc78fc78fc70fc70
fcb9fca1fc81fc78
fd41fd31fd21fcf1
fe32fdeafdbafd71
00cdfeebfebbfe7a
0400040003e80388
03f803f803f80400
04000400040003f8
03b803e803f803f8
03c0037f03670388
0400040003f803e0
0400040004000400
038803e804000400
0125014501c602bf
012d012501150125
01350135012d012d
00e500e500e500e5
00ed00ed00e500ed
010500e500e500f5
ffcc008500cd00fd
fe83fdcafda2fe8b
fea3fe93fe8bfeb3
fedbff33febbfe52
ff33fef3fe8bfebb
fe9bfedbff1bff33
fde2fe1afe3afe62
fd49fd71fd92fdb2
fd31fd29fd31fd39
fd11fd11fd19fd21
fcc9fce1fce9fd01
fcb1fcb9fcc1fcb9
fca9fca1fca1fcb1
fcb9fcb9fcb1fca1
fd01fcd9fcd1fcc1
fd82fd71fd51fd31
fe52fe0afdf2fdb2
0125fef3febbfea3
04000400040003c0
03f803f804000400
04000400040003f8
03c003e003f80400
03a0036f03570388
0400040003e003c0
0400040004000400
037703e804000400
0135014501b602a7
012d012501250135
012d012d012d0125
00e500e500e500e5
00f500e500dd00e5
00cd00cd00e500fd
fdb2fe8bffb40095
fecbfedbfe62fdaa
fe9bfed3fe8bfe83
feb3ff33ff2bfe5a
ff23feabff03ff1b
febbfee3fefbff23
fe12fe42fe72fe9b
fd71fdaafdc2fde2
fd49fd49fd49fd51
fd29fd39fd41fd41
fce1fcf1fd01fd19
fcc9fcd9fce1fcd9
fcc1fcc1fcb9fcc1
fcd1fcc1fcc1fcc9
fd39fd21fd01fcd9
fdbafdaafd8afd59
fe7afe4afe12fde2
014dff03fecbfea3
04000400040003d0
03f8040004000400
03f80400040003f0
03e803f803f803f8
03c803c003b803d0
03f803f003d003c8
0400040004000400
036703e004000400
013d014d01a6028f
012d012d012d013d
012d012d012d012d
00e500dd00dd00cd
00e500e500e500e5
ff43ffe4008d00d5
fdfafd61fdc2fe9b
feabfec3ff33ff1b
fe93ff1bff23fedb
feabff2bff43fe7a
febbfeebff6bff4b
fec3fec3fe7afec3
fe3afe7afec3fedb
fdb2fdeafdfafe0a
fd69fd79fd79fd8a
fd31fd49fd49fd59
fcf1fcf9fd19fd21
fcd1fce1fce9fce9
fcd1fcd1fcc9fcd1
fcd9fcc9fcc9fcc9
fd69fd49fd21fcf1
fde2fdc2fda2fd8a
fe83fe4afe32fe02
015dff0bfecbfeab
03f803f803f803d0
03f0040004000400
03f80400040003f0
04000400040003f8
03f803f003f80400
03f803f003e003f0
04000400040003f8
035f03d8040003f8
01450155019e027e
012d013501350145
012d012d01250125
00dd00cd00ad0074
00140064009d00d5
fddafe32feb3ff63
ff5bfe22fd79fdaa
ff23fef3ff23ff7b
fe9bff3bff7bff6b
fed3ff1bff33fe9b
fe83ff3bff8cff63
fed3fe6afe6afe7a
fe62fe9bfee3fefb
fddafdf2fe1afe32
fd92fd9afda2fdba
fd41fd51fd69fd71
fcf9fd09fd29fd39
fce1fce9fcf1fcf9
fcc9fcd1fcc9fcd9
fcf1fcd9fcd9fcc9
fd79fd51fd31fd01
fde2fdcafdb2fd9a
fe8bfe72fe4afe1a
016dff13fed3feb3
03f803f803f003d0
03f00400040003f8
03f8040003f803f0
04000400040003f8
0400040003f803f8
0400040004000400
0400040004000400
035f03e0040003f8
014d014d0186026e
0125012d01350145
012d0125011d0125
ffd4004c00440004
fdf2fe22fe62ff13
fdbafdd2fdb2fd92
ff94ff63fe32fda2
ff94ff7bff3bff4b
fe93ff13ff7bff94
feebff0bff13feb3
feb3fecbff5bff73
feb3fe72ff0bff23
fe8bfecbfeebff03
fdf2fe0afe3afe6a
fdaafdb2fdd2fdf2
fd51fd71fd8afda2
fd11fd29fd39fd49
fcf1fcf1fd01fd09
fce1fce1fce1fce1
fd19fd01fce9fcd9
fd92fd69fd51fd21
fe02fdfafdd2fdb2
fe93fe8bfe72fe3a
016dff1bfee3fec3
0400040003f803d0
03f0040004000400
0400040003f803f0
03f003f803f80400
040003f003d803e0
0400040004000400
0400040004000400
034f03e004000400
0145013501750256
0125012d0135013d
01250125011d0125
fde2fe62ff1bff6b
fd49fda2fdd2fdaa
fd69fdb2fd8afd61
ff5bffbcff3bfdba
ffbcffb4ff63ff53
fe42fec3ff73ffac
ff0bfefbff03fea3
ff33fe83fed3ff73
fe8bfecbff43ff6b
febbfeebfefbfef3
fe0afe3afe72fe9b
fdc2fddafdeafe02
fd71fd79fd92fdb2
fd31fd39fd41fd69
fce1fd01fd11fd21
fcf1fce9fce9fce1
fd29fd11fd01fcf9
fdaafd82fd71fd49
fe2afe12fde2fdca
feb3fe93fe72fe52
0186ff2bfefbfed3
04000400040003e0
03f0040004000400
0400040003f803f0
03d003f003f00400
03f803d803a803a8
04000400040003f8
03f803f803f80400
033f03e0040003f0
013d01350165023e
01250125012d0135
011d011d01250125
01e601e601e601e6
01e601e601e601de
01e601e601e601de
01ee01ee01e601e6
01ee01ee01ee01ee
01ee01f601f601f6
01fe01fe01f601f6
01fe01fe01fe01fe
02060206020601fe
020e020e020e0206
020e020e020e020e
0216021602160216
0216021602160216
021e02160216020e
0226021e021e021e
021e0216021e0226
021e0226021e021e
0226022602260226
022e022e02260226
022e022e02360236
023e023e023e022e
0236023602460246
022e023602360236
021e021e021e022e
02160216021e021e
02160216021e021e
021602160216021e
0216021602160216
0216021602160216
021602160216021e
021e021e021e021e
0226021e021e021e
01e601e601e601e6
01e601e601e601e6
01de01e601e601e6
01ee01ee01e601de
01f601ee01ee01ee
01ee01f601f601f6
020601fe01fe01fe
020601fe02060206
020e020602060206
020e020e020e020e
021602160216020e
0216021602160216
0216021602160216
020e021602160216
021e02160216021e
021e021e0216021e
021e02260226021e
022e022e022e0226
022e022e02260226
023602360236022e
023e023e023e0236
022e0236023e023e
022e022e022e022e
021e021e021e021e
021e021e021e021e
02160216021e021e
0216021602160216
021e021e02160216
021e021e02160216
021e021e021e021e
021e021e021e021e
021e021e021e021e
01e601e601e601e6
01e601e601e601e6
01e601e601e601e6
01e601e601e601e6
01f601f601f601ee
01ee01ee01f601f6
020601fe01fe01f6
0206020602060206
020e020e02060206
020e020e020e020e
021602160216020e
0216021602160216
0216021602160216
02160216020e0216
0216021602160216
021e021e021e021e
021e02260226021e
022e022e022e0226
022e022e0226022e
023e02360236022e
0236023e023e023e
022e022e022e0236
022e022e022e022e
021e021e021e021e
021e021e0216021e
02160216021e021e
0216021602160216
021e021e02160216
021e02160216021e
021e021e021e021e
021e021e021e021e
021e021e021e021e
01e601e601e601e6
01ee01e601e601e6
01ee01ee01ee01ee
01e601e601ee01ee
01fe01fe01f601f6
01f601fe01fe01f6
02060206020601fe
0206020602060206
020e020e02060206
020e020e020e020e
02160216020e020e
0216021602160216
0216021602160216
020e020e02160216
021e021e021e021e
021e021e021e021e
02260226021e021e
0226022e022e022e
022e022e022e022e
0236023602360236
022e02360236022e
022e022e021e0226
022e022e022e022e
021e021e021e021e
02160216021e021e
0216021602160216
0216021e02160216
0216021602160216
0216021602160216
021e021e021e021e
021e021e021e021e
021e021e021e021e
01e601e601e601e6
01ee01ee01e601e6
01f601f601ee01ee
01f601f601f601fe
020601fe01f601fe
0206020601fe01fe
0206020602060206
020e020e02060206
0206020602060206
020e020e02060206
0216020e020e020e
0216021602160216
0216021602160216
0216021602160216
021e021e021e021e
0226021e021e021e
022e022e02260226
022e0226022e022e
0236022e022e022e
023e023602360236
022e023602360236
022e022e022e0226
022e022e022e022e
021e021e021e021e
0216021e021e0216
0216021602160216
0216021e021e0216
0216021602160216
021e021e021e021e
021e021e021e021e
021e021e021e021e
021e021e021e021e
01e601e601e601e6
01ee01ee01ee01ee
01f601f601f601ee
01fe01fe01fe01fe
0206020601fe01fe
02060206020601fe
0206020602060206
020e020602060206
020e020e02060206
020e020e020e020e
020e020e020e020e
0216021602160216
0216021602160216
0216021602160216
021e021e021e021e
0226021e021e021e
022e022e022e022e
022e022602260226
0236022e022e022e
023e023e023e023e
022e02360236023e
022e022e0236022e
022e02360236022e
0216021e0226022e
0216021602160216
0216021602160216
021602160216021e
0216021602160216
021e021e021e021e
021e021e021e021e
021e021e021e021e
021e021e021e021e
01ee01ee01ee01e6
01f601ee01ee01ee
01f601fe01f601f6
01fe01fe01fe0206
020e020601fe01fe
0206020e02060206
0206020602060206
01fe01fe02060206
020e020e02060206
020e020e020e020e
020e0216020e020e
0216021e021e0216
0216021602160216
0216021602160216
021e021e021e021e
021e021e021e021e
0236022e022e022e
0226022e0226022e
022e02360236022e
023e023e023e023e
023602360236023e
022e022e022e022e
022e02360236022e
021e021e0226022e
0216021e0216021e
0216021602160216
021602160216021e
0216021602160216
021e021e021e021e
0216021e021e021e
021e021e021e021e
021e021e021e021e
01ee01ee01ee01ee
01f601f601ee01e6
01fe01fe01fe01fe
0206020602060206
0206020e0206020e
020e020e02060206
0206020602060206
0206020602060206
020e020e020e020e
0216020e020e0216
0216021e02160216
021e021e021e0216
021602160216020e
021e021602160216
021e021e021e021e
02260226021e021e
0236022e022e022e
022e022e022e022e
023602360236022e
023e023e023e0236
023e023e023e023e
022e022e02360236
022e02360236022e
021e021e0226022e
021602160216021e
0216021602160216
0216021602160216
0216021602160216
021e021e021e021e
0216021e021e0216
021e021e021e021e
021e021e021e021e
01f601f601f601f6
020601fe01f601ee
0206020601fe01fe
0216020e020e020e
020e021602160216
020602060206020e
0206020602060206
020e020e020e020e
020e020e020e020e
021e021602160216
021e0226021e021e
0216021e021e0216
0216021602160216
021e021602160216
021e021e021e021e
0226021e021e021e
022e0226022e022e
02260226022e0236
0236022e022e0226
0236022e022e0236
023e023e023e023e
023602360236023e
022e023602360236
021e0226022e022e
0216021e021e021e
0216021602160216
0216021602160216
0216021602160216
0216021602160216
0216021e021e0216
021e021e02160216
021e021e021e021e
01ee01f601f601f6
0206020601fe01f6
020e020e020e0206
021e021602160216
020e0216021e021e
020e020e020e020e
020e020e02060206
020e020e0216020e
020e020e020e020e
0226021e02160216
021e022602260226
021e021e021e0216
021e02260226021e
0216021602160216
0216021602160216
021e021602160216
0226022e022e0226
022e022e02360236
022e022e02260226
022e022e02360236
023e023e023e0236
023602360236023e
022e023602360236
021e0226022e022e
021e021e021e021e
0216021602160216
0216021602160216
0216021602160216
0216021602160216
0216021e021e0216
021e021e02160216
021e021e021e021e
01f601ee01f601f6
0206020601fe01f6
020e020e020e0206
0226021e0216020e
0216021e02260226
020e020e020e020e
020e020e020e020e
020e020e020e020e
020e020e020e020e
0226021e0216020e
021e022602260226
021e021e021e0216
0216021e021e021e
020e021602160216
021e021e021e0216
0226021e021e021e
0226022602260226
0226022602260226
022e0226022e0226
02360236022e022e
023e023e023e0236
02360236023e023e
0226022e022e022e
021e0226022e022e
02160216021e021e
0216021602160216
0216021602160216
0216021602160216
0216021602160216
0216021602160216
021e021602160216
021e0216021e021e
01f601ee01f601fe
0206020601fe01f6
0216020e020e020e
0226021e02160216
02160216022e022e
0216021602160216
020e020e020e020e
020e020e020e020e
020e020e020e020e
02160216020e020e
0216021e021e021e
021e021602160216
02160216021e021e
021602160216021e
021e021e021e0216
022e0226021e021e
021e02260226022e
021e021e02160216
022602260226021e
022e022e02260226
0236023602360236
02360236023e0236
022e022e022e022e
021e021e0226022e
02160216021e021e
0216021602160216
0216021602160216
0216021602160216
0216021602160216
0216021602160216
0216021602160216
02160216021e021e
01fe01f601f601f6
020601fe01fe01fe
021602160216020e
0226021e021e021e
0216021e022e0226
0216021602160216
020e020e020e020e
020e020e020e020e
020e020e020e020e
0216021e0216020e
0216021602160216
0226021602160216
021e021e02260226
021e0216021e021e
0216021e02160216
022e0226021e0216
02260226022e022e
021e021e0216021e
0226021e021e021e
022e022e02260226
023602360236022e
0236023602360236
022e022e022e022e
021e021e02260226
021602160216021e
0216021602160216
021602160216020e
0216020e020e020e
0216021602160216
0216021e02160216
0216021602160216
021e021e021e021e
01fe01fe01fe01f6
02060206020601fe
021e02160216020e
022602260226021e
0216021e02260226
0216021602160216
020e020e020e020e
020e020e020e020e
020e020e020e020e
0216021e0216020e
0216020e02160216
0226021602160216
0216022e0236022e
018e01ce01fe0216
009d00b5010d0155
014500dd00cd009d
021601fe01c6019e
021e021e02160216
0226021e0216021e
022e022e02260226
02360236022e0226
022e022e022e022e
02260226022e022e
0216021e021e021e
0216021602160216
0216021602160216
020e020e020e020e
0216020e020e020e
0216021602160216
0216021602160216
0216021602160216
021e021e021e021e
01fe01fe01fe01f6
020e020e020601fe
021e021e02160216
022602260226021e
0216021e02260226
02160216020e0216
020e020e020e020e
0216021602160216
0216020e020e020e
0216021602160216
0216021602160216
0226021e021e0216
017d01fe0226022e
ff03ff5b000400c5
fefbfef3fec3febb
feebfec3ff1bff03
0074ffe4ff3bfefb
020e020601be0135
021e021602160216
022e0226021e021e
022e0236022e0226
02260226022e022e
0216021e0226022e
02160216021e021e
0216021602160216
020e021602160216
020e020e020e020e
020e020e020e020e
020e0216020e020e
0216021602160216
0216021602160216
021e021e021e021e
020601fe01fe01f6
020e020e02060206
021e02160216020e
0226022602260226
0216021e021e021e
0206020e0206020e
020e020e020e020e
0216021602160216
0216020e020e020e
0216021e02160216
02160216021e0216
020e021e021e0216
ff2bfffc00fd01b6
ff0bfedbfebbfeb3
ff73ff73ff4bff43
ff53ff8cff73ff6b
feebfefbff1bff2b
01350034ff63fef3
021e0216021601de
022e0226021e0216
022e022e02260226
0226022e02260226
0216021e021e0226
0216021602160216
020e020e02160216
020e020e020e020e
020e020e020e020e
020e0206020e020e
020e020e020e020e
021602160216020e
0216021602160216
021e021e021e0216
020601fe01fe01f6
020e020602060206
021e02160216020e
021e022602260226
021602160216020e
0206020e020e020e
020e020e020e020e
021602160216020e
020e020e02160216
0216021e021e0216
02160216021e0216
0074017501fe0216
ff33ff13ff03ff84
ff73ff6bff4bff23
ff94ffccffacff94
ff8cff94ff94ffa4
ffa4ff94ff63ff84
ff13ff2bff63ff94
020e01ce00ddffbc
0226021e0216020e
021e021e021e0226
021e02260226021e
0216021e021e021e
020e020e02160216
020e020e02160216
020e020e020e020e
020e020e020e020e
020e020e020e020e
0216020e020e020e
0216021602160216
0216021602160216
0216021e021e0216
020601fe01fe01f6
020601fe02060206
0226021e0216020e
0216021e02260226
020e021602160216
02060206020e020e
020e020e020e020e
0216021602160216
020e021602160216
021602160216020e
01f6021602160216
ff43ff7b00440155
ffb4ff84ff53ff4b
ffccffbcffccffa4
ffbcffc4ffccffcc
ffdcffd4ffdcffec
ffd4ff94ff94ffcc
ffa4fff4fff4ffdc
0125ffecff43ff4b
021e0216020e01de
02160216021e0226
021e021e0226021e
021602160216021e
020e020e02160216
020e020e020e0216
020e020e020e020e
020e020e020e020e
020e020e020e020e
02160216020e020e
0216020e02160216
0216021602160216
0216021e021e0216
01fe01f601f601f6
020601fe01fe0206
021e021e0216020e
0216021e021e0226
0206020e02160216
0206020e020e020e
020e020e020e020e
0216021602160216
02160216020e0216
020e020e02160216
0064016d01f6021e
ff73ff4bff43ff73
ffa4ffa4ffa4ff94
ffd4ffd4ffdcffb4
ffecffecffdcffe4
ffdcffdcfff4ffec
ffccffa4ffa4ffd4
ffec001c001c0004
ff94ff8cffa4ffd4
021e01fe01650024
021602160216021e
02160216021e021e
0216021602160216
020e020e02160216
020e020e020e0216
020e020e020e020e
020e020e020e020e
020e020e020e020e
020e0216020e020e
0216021602160216
0216021602160216
0216021602160216
01fe01f601f601f6
020601fe01fe0206
021602160216020e
0216021602160216
020e0206020e0216
020e020e020e020e
020e020e020e020e
020e021602160216
0216020e02060206
01fe0216021e021e
ff5bff8c009501ae
ff9cff94ff84ff84
ffacffa4ffbcffac
ffd4ffd4ffccffc4
002c0004fff4fff4
ffd4000c0024001c
000cffd4ffbcffa4
001c002c002c001c
fffcfff4001c002c
01c600edffe4ffc4
021e021e0216020e
0216021602160216
0216021602160216
020e020e020e0216
0216021602160216
0216021602160216
020e020e020e020e
020e020e020e020e
020e020e0216020e
0216020e020e020e
021602160216020e
0216021602160216
01fe01f601f601f6
020601fe02060206
02160216020e0206
0216021602160216
0216020e020e0216
020e020e020e020e
020e020e020e020e
020e020e020e020e
0216020e020e020e
011501ee020e0216
ff9cff8cff5bffc4
ffb4ff9cff8cff7b
ffb4ffbcffb4ffb4
fff4ffecffdcffd4
004400340024000c
fff4004c00340034
000cfffcffbcffc4
002400340054001c
00240024002c0034
0054000c00140024
021e02160206017d
020e02160216021e
020e020e020e020e
020e020e020e020e
0216021602160216
0216021602160216
020e020e020e020e
020e020e020e020e
020e020e020e020e
0216020e020e020e
02160216020e020e
0216021602160216
01f601f601f601f6
01fe01fe020601fe
020e020e020e0206
0216020e020e020e
0216020e020e020e
020e020e020e020e
020e020e020e020e
020e020e020e020e
020e021602060206
ff5b004c018601fe
ff94ff8cff8cff73
ffacff9cff8cff7b
ffc4ffc4ffacffa4
ffdcffdcffd4ffcc
001c0024000cffec
001c003400340014
000cfffcffccffec
002c002c003c0014
003c003400240044
000400240034003c
020e01f60135004c
020e020e020e0216
020e020e020e020e
020e020e020e020e
020e020e020e020e
020e020e020e020e
020e020e020e020e
020e020e020e020e
020e020e020e020e
020e020e020e020e
0216021602160216
0216021602160216
01f601f601f601ee
01fe0206020601fe
020e020e02060206
020e020e020e020e
0216021602160216
020e020e020e020e
020e020e020e020e
020e020e020e020e
01d60206020e020e
ff3bff13ff5300c5
ff8cff84ff84ff73
ff84ff8cff94ff94
ffd4ffbcffb4ffa4
fff4ffe4ffe4ffdc
0024002c000cfff4
001c0034003c001c
001c000c00240014
003400340034001c
00440024002c0044
002c0024003c004c
01e60105001c0024
02160216020e020e
020e020e020e020e
020e020e020e020e
020e020e020e020e
020e020e020e020e
020e020e020e020e
020e020e020e020e
020e0216020e020e
020e020e020e020e
0216021602160216
0216021602160216
01f601ee01ee01ee
0206020601fe01fe
020e0206020601fe
020e020e0206020e
020e021602160216
020e020e020e020e
020e020e020e020e
020e020e020e020e
ffb4014501f6020e
ff43ff3bfefbfecb
ff8cff84ff8cff6b
ff8cff8cff9cff94
ffbcffbcffb4ffa4
fffcffe4ffd4ffc4
003c003c0024000c
002c00440044003c
003c004400140004
003c003c003c0044
003c003c002c002c
0024002400340034
00dd0014002c001c
02160216020e01e6
020e020e020e020e
020e020e020e020e
020e020e020e020e
020e020e020e020e
020e020e020e020e
020e020e020e020e
020e0216020e020e
020e0216020e020e
0216021602160216
0216021602160216
01f601ee01ee01ee
0206020601fe01f6
02060206020e0206
020e020e020e0206
020e02160216020e
020e0206020e020e
020e020e02160216
020e020e020e020e
fe7afec3003c01a6
ff3bff13ff0bfedb
ff6bff73ff73ff5b
ff8cff8cff84ff7b
ffacffb4ffa4ff84
fffcffecffccffbc
003c003400240014
0054006400540044
00440034003c0044
0044004c00440044
002c002c001c002c
000c00140014001c
ffec003400240004
020e020601de00c5
020e020602060206
0206020e020e020e
020e020e020e020e
020e020e020e020e
020e020e020e0206
020e020e020e020e
020e020e020e020e
02160216020e0216
02160216020e020e
020e021602160216
01f601ee01ee01ee
01fe01fe01f601f6
01fe0206020e0206
0206020e020e0206
020e021602160216
020e0206020e020e
020e020e020e0216
010501f6020e020e
fef3febbfe5aff43
ff33fefbfef3fefb
ff63ff53ff5bff53
ff7bff6bff73ff73
ffb4ffa4ff8cff7b
fffcfff4ffdcffc4
0034001c00140004
0044005c0054004c
00440044004c0044
004c00540054004c
001c001c001c002c
fffc0004fffc001c
0014000cfff4fffc
021601de0095ffbc
020e0216020e020e
0206020e020e0216
020e020e020e020e
020e020e020e020e
020e020e020e020e
020e020e020e020e
020e020e020e0216
020e020e020e0216
02160216020e020e
0216021602160216
01f601ee01ee01ee
01fe01f601f601f6
02060206020601fe
020e020e02060206
020e021602160216
02060206020e020e
020e020e0206020e
fe93007c01e6020e
feebfef3fea3fe3a
ff33ff0bff03feeb
ff5bff53ff53ff4b
ff73ff73ff73ff63
ff9cff9cff84ff7b
0004fff4ffd4ffb4
0024001c000cfffc
0044004c005c0054
005c005400540044
002c004c0054004c
0004001c002c0024
fff4fffc0004000c
fff4ffdcffdcffec
01ce006cff73ffe4
020e02160216020e
020e020e020e020e
020e020e020e020e
020e020e020e020e
020e020e020e020e
0216021602160216
0216021602160216
020e021602160216
02160216020e020e
0216021602160216
01ee01ee01e601e6
01f601f601f601ee
0206020601fe01f6
020e020e02060206
020e020e020e0216
02060206020e020e
02060206020e020e
fe52fe5a003c01d6
ff03ff03fed3fea3
ff2bff13ff13ff0b
ff4bff43ff3bff43
ff5bff53ff53ff4b
ffa4ff94ff8cff6b
fff4ffdcffd4ffc4
00240014fffcfffc
005400540054004c
0064005c005c004c
0024003c004c005c
000c001c00240024
ffe4fff40004fffc
ffb4ffbcffccffdc
006cff6bffe4ffdc
02160216020e01d6
020e020e020e020e
020e020e020e020e
020e020e020e020e
02160216020e020e
0216021602160216
0216021602160216
0216021602160216
02160216020e0216
0216021602160216
01ee01ee01e601e6
01ee01ee01ee01ee
01fe01f601f601f6
020e020602060206
020e020e020e020e
020e02060206020e
01be0206020e020e
fe7afe42fe5afffc
feebfefbfef3fec3
ff13ff03ff03ff0b
ff2bff33ff33ff2b
ff5bff4bff43ff3b
ffa4ff8cff73ff73
fff4ffd4ffbcffac
002c00240024001c
0054004c00540044
005c006400640064
002c003c00540064
000c001c001c002c
ffdcfffc000c000c
ffa4ffb4ffccffcc
ff5bffbcffe4ffb4
0216020e01e6008d
0216020e020e020e
020e020e020e0216
020e020e020e020e
0216021602160216
0216021602160216
0216021602160216
0216021602160216
020e021602160216
0216021602160216
01ee01ee01e601e6
01ee01ee01ee01ee
01f601ee01ee01ee
020601fe020601fe
020e020e02060206
020e02060206020e
ffe401c602060206
fe8bfe62fe3afe3a
ff0bff13fee3feab
ff13ff03fefbff13
ff0bff13ff23ff23
ff3bff23ff2bff1b
ff94ff8cff8cff6b
fff4ffc4ffacffac
0044003c003c0014
005c004c006c0064
006c006c00640064
002c003c004c005c
000c001c0024002c
ffccffe4fff4fff4
ff94ff9cffb4ffc4
ff9cffe4ffbcff94
020e01fe00ddff63
02160216020e020e
020e020e020e020e
020e020e020e020e
021602160216020e
0216021602160216
0216021602160216
0216021602160216
021602160216020e
021e021e021e021e
01e601e601e601de
01e601e601e601e6
01ee01ee01ee01ee
020601fe01fe01f6
020e020e020e020e
020e020602060206
fe1a001401ce0206
fe62fe72fe4afe2a
ff23ff23fefbfea3
ff23fefbfef3ff03
fefbfefbff23ff2b
ff2bff03ff13ff03
ff9cff84ff73ff53
0004ffdcffb4ffa4
006c00540034001c
007c006c0074006c
006c00740074007c
0024004400440064
000c001c002c001c
ffbcffccffdcfff4
ff84ff94ffa4ffac
ffc4ffb4ff8cff84
020e0175ffb4ff84
020e020e020e0216
020e020e020e020e
020e020e020e020e
0216020e020e020e
0216021602160216
0216021602160216
0216021602160216
0216021602160216
021e021e021e021e
01e601e601de01d6
01e601e601de01de
01ee01e601e601e6
01fe01f601f601ee
0206020602060206
020601fe02060206
fdf2fe12003c01de
fe5afe62fe4afe2a
ff03ff1bfef3fe9b
ff0bff03feebfedb
fefbfefbff03ff13
ff23ff0bfef3feeb
ff84ff73ff5bff3b
fff4ffecffccff94
007c0064003c0014
007c007400740074
009d009d008d007c
002c00440054008d
fffc00040014002c
ffa4ffbcffccffdc
ff6bff73ff84ff8c
ffbcff84ff6bff6b
01ee0034ff63ffc4
020e020e020e0216
0216020e020e020e
020e020e020e0216
020e020e020e020e
0216021602160216
021e021602160216
0216021602160216
0216021602160216
021e021e021e021e
01d601d601d601ce
01de01de01de01d6
01e601e601e601e6
01f601ee01ee01ee
01f601fe01fe01fe
01e601f601f601fe
fe12fdd2fe4200bd
fe7afe42fe42fe22
ff03ff13fef3fea3
ff0bfef3fee3fee3
fee3fee3feebff03
ff1bff03feebfeeb
ff7bff5bff63ff53
fffcffd4ffacff8c
006c0054004c001c
006c006c007c006c
008d007c0074006c
002400340054007c
ffecfffc000c001c
ff84ffacffbcffd4
ff5bff63ff63ff53
ff94ff7bff53ff5b
0145ff63ff8cffc4
020e0206020e020e
020e020e020e020e
020e020e020e020e
020e020e020e020e
020e020e020e020e
0216021602160216
0216021602160216
0216021602160216
0216021602160216
01d601ce01ce01c6
01de01d601d601d6
01de01de01de01de
01f601f601ee01e6
01ee01ee01f601f6
016501ee01f601f6
fe22fe12fdd2feb3
feabfe72fe5afe42
ff03ff1bfee3febb
fef3fedbfedbfedb
fed3fecbfedbfeeb
ff03feebfef3fef3
ff6bff3bff3bff33
0004ffccff94ff7b
007c007c005c0024
007c006c0074006c
00850085006c007c
001c00340054007c
ffe400040004000c
ff5bff84ffbcffdc
ff43ff5bff63ff53
ff84ff6bff4bff43
0004ff6bffacffb4
0216020e020601de
020e020e020e0216
020e020e020e020e
020e020e020e020e
0216020e020e020e
020e020e02160216
0216021602160216
021e021e021e021e
021e021e021e021e
01ce01ce01ce01c6
01d601ce01ce01ce
01de01d601de01de
01ee01e601e601e6
01ee01ee01ee01ee
ffbc01be01ee01ee
fe42fe12fdfafdca
fea3fe5afe42fe32
ff13ff2bfeebfed3
fed3fecbfec3fee3
fee3fed3fec3fedb
ff03feebfeebfeeb
ff73ff4bff2bff0b
000cffccffa4ff8c
00850085005c0044
008500640054004c
006c007c0085007c
001c0034003c0054
ffd400040004000c
ff53ff7bffb4ffbc
ff3bff43ff43ff43
ff8cff63ff4bff4b
ff43ff9cffd4ffac
0216020e020e015d
020e020e020e020e
020e020e020e020e
020e020e020e020e
0216020e020e020e
02160216020e020e
021602160216020e
021e021e021e021e
021e021e021e021e
01c601c601c601c6
01ce01ce01ce01ce
01d601ce01d601d6
01e601de01de01d6
01e601e601e601e6
fe2a011d01e601e6
fe12fe02fdfafdba
feb3fe52fe22fe12
ff0bff1bfef3fed3
feb3fea3fec3ff03
fed3fedbfed3fec3
feebfedbfed3fed3
ff63ff53ff3bff03
ffecffc4ff94ff84
00850085005c0024
00ad008d0085008d
005400640085009d
0004002c0044004c
ffccffe4fff4000c
ff63ff8cff94ffa4
ff23ff23ff2bff4b
ff7bff53ff4bff3b
ff2bff9cffacff9c
020e02160206004c
021602160216020e
020e020e020e020e
020e020e020e020e
0216020e020e020e
0216021602160216
021e021e021e021e
021e021e021e021e
021e021e021e021e
01c601be01be01be
01c601c601c601c6
01ce01ce01ce01ce
01de01d601d601ce
01de01de01de01de
fda2ffcc01ce01e6
fdfafdf2fdd2fdba
fec3fe72fe3afe1a
ff0bff0bfeebfed3
fe9bfea3fed3fefb
feebfee3fed3fecb
feebfec3febbfec3
ff3bff3bff1bfef3
ffecffacff84ff6b
007c005c002c000c
008500740074006c
005c006c00850095
ffec0014004c005c
ffc4ffd400040004
ff63ff84ff9cffa4
ff1bff1bff13ff3b
ff53ff33ff33ff23
ff13ff7bff8cff7b
0216021601a6ff4b
021602160216021e
020e020e02160216
020e020e020e020e
020e020e020e020e
021e021602160216
021e021e021e021e
021e021e021e021e
021e021e021e021e
01be01be01be01b6
01be01be01be01be
01c601ce01c601c6
01d601ce01ce01ce
01d601de01d601ce
fd8afe8b014501d6
fdf2fdeafdbafdba
fe9bfe6afe42fe22
ff13ff0bfef3febb
fe9bfea3fed3ff03
fedbfedbfed3fec3
fee3fed3fed3fecb
ff53ff3bff1bfefb
ffe4ffbcff8cff5b
00850064000c000c
006c0074006c006c
00640085008d0074
ffdc000c00440064
ffacffbcffdcffe4
ff5bff7bff94ff94
fefbff0bff1bff33
ff3bff1bff1bff13
ff23ff6bff7bff63
021e021e012dff03
021e021e021e021e
0216021602160216
020e020e020e020e
020e020e020e020e
0216021602160216
021e021e021e021e
021e021e021e021e
021e021e021e021e
01b601be01be01b6
01be01be01be01b6
01c601be01be01b6
01ce01ce01c601c6
01ce01d601ce01c6
fd92fdba006401ce
fe1afdeafdc2fdb2
fe8bfe52fe3afe1a
fefbfefbfeebfec3
febbfeb3fecbfeeb
fedbfee3fecbfebb
feebfedbfeebfedb
ff5bff33ff0bfefb
ffecffbcff9cff6b
006c004c00240014
008500850064007c
0074009d008d007c
fffc002c00440054
ffb4ffbcffdcffdc
ff43ff6bff84ff9c
feebff03ff23ff23
ff1bff03ff03ff03
ff23ff5bff6bff3b
021e0216005cfedb
021e021e021e021e
020e0216021e021e
020e020e020e020e
0216020e020e020e
0216021602160216
021e021e021e021e
021e021e021e021e
021e021e021e021e
01b601b601b601b6
01be01be01be01b6
01be01b601b601b6
01c601ce01c601c6
01d601ce01ce01c6
fda2fd69ff4b01a6
fe0afe02fdc2fdb2
fe9bfe52fe1afe02
fee3fee3fee3fecb
fed3fed3fee3fedb
feebfedbfedbfed3
fee3fee3fef3fef3
ff6bff3bff13ff03
0004ffe4ffc4ff9c
0054005400340024
006c006c006c005c
008d009d00a5008d
001c003400540064
ffd4ffdcfffc000c
ff53ff6bff8cffac
fef3ff0bff23ff33
ff0bff03fefbfefb
ff1bff43ff43ff23
022601e6ffacfebb
021e021e021e021e
02160216021e021e
020e020e020e020e
02160216020e020e
021e021602160216
021e02160216021e
0216021602160216
0216021602160216
01b601a601ae01ae
01be01b601ae01b6
01be01be01be01b6
01c601c601be01be
01ce01ce01c601be
fdbafd61fe420125
fe0afe12fdcafdc2
fe8bfe52fe1afe0a
fed3fedbfeb3feab
fedbfedbfeebfed3
feebfed3fed3fedb
fee3fee3fef3fef3
ff84ff43ff13fef3
0014fff4ffdcffac
005c0044003c0024
009d009500740064
0095009d009d00a5
004c005400640085
ffd4fff400040034
ff63ff8cffa4ffbc
ff03ff0bff2bff43
ff03ff0bff0bff03
ff0bff23ff23ff13
021e0196fefbfebb
0216021e021e021e
021e021e021e0216
02160216020e0216
0216021602160216
02160216021e0216
0216021602160216
0216021602160216
021e021e021e021e
01b601a6019e019e
01b601b601ae01b6
01be01be01b601b6
01c601be01be01be
01c601ce01c601be
fdb2fd82fdaa006c
fdeafddafdc2fdb2
fe7afe6afe42fe12
feabfeb3fe9bfe8b
fedbfed3fedbfec3
fee3fec3febbfedb
feebfee3fecbfedb
ff9cff5bff2bff1b
002c0014fffcffc4
0054005c00340024
00ad00a5008d006c
009500a500a500a5
0064008500740085
ffd4fff4fff40034
ff73ffa4ffbcffd4
ff0bff23ff3bff5b
ff0bff0bff03ff0b
ff03ff13ff13ff03
0216012dfecbfebb
021e021e021e021e
021e021e021e021e
0216021602160216
0216021602160216
02160216021e021e
0216021602160216
0216021602160216
021e021e021e021e
01ae01ae01a6019e
01ae01b601b601ae
01b601b601b601b6
01c601be01be01b6
01be01ce01c601be
fd9afd82fd8a000c
fdd2fdaafdb2fd9a
fe5afe52fe3afe12
feabfe9bfe83fe72
fee3fed3fed3febb
fec3fecbfecbfedb
ff0bfef3fecbfec3
ffa4ff6bff2bff23
001c0014fff4ffc4
006400640044003c
00a500950085007c
00ad009500b500ad
005c006c00850095
ffecfff40014003c
ff84ffacffd4ffe4
ff1bff53ff73ff84
ff03ff0bfefbfefb
feebff03ff0bff0b
0216007cfea3fec3
021e021e021e021e
0226021e021e0216
0216021602160216
021e021e021e0216
021e021e021e021e
02160216021e021e
0216021602160216
021e021e021e021e
01a601ae01a601a6
01ae01ae01ae01ae
01b601b601b601b6
01be01be01be01b6
01ae01c601c601be
fd82fd79fd71ff7b
fddafdb2fd9afd9a
fe52fe3afe3afe12
fea3fe93fe62fe5a
feebfee3fed3feab
fecbfebbfedbfef3
ff13ff03fedbfed3
ff9cff7bff4bff33
0034002cfffcffc4
0064005c004c004c
00ad008d0095007c
00b500b500b500c5
00640074008d00ad
0004001c002c0044
ffa4ffccffecffec
ff4bff63ff84ffa4
fefbff03ff03ff2b
fee3fef3ff13ff1b
020e0014fe7afebb
0216021e021e021e
021e021e021e021e
0216020e02160216
021e021e021e021e
021e0226021e021e
021e021e021e021e
0216020e02160216
02160216021e021e
01a601a601a601a6
01ae01ae01ae01ae
01b601b601ae01ae
01be01be01be01b6
019e01c601c601be
fd92fd8afd69ff2b
fdfafdcafda2fda2
fe52fe42fe2afe0a
fe9bfe8bfe6afe4a
feebfee3fedbfeb3
fefbfee3fedbfedb
ff1bff1bff0bfefb
ffacff8cff5bff33
003c003c001cffdc
0064005c0054004c
00a5009500a5008d
009d00b500b500bd
0074007400850085
003c00340034005c
ffe4fff4fffc0014
ff63ff6bff8cffbc
fefbff0bff33ff5b
fecbfefbff0bfef3
01e6ff9cfe7afeb3
021e021602160216
021602160216021e
0216021602160216
022602260226021e
02260226022e021e
021e021e0226022e
021602160216021e
0216021602160216
01ae01a601a601a6
01ae01ae01ae01ae
01b601b601b601b6
01be01be01b601b6
017d01be01c601be
fd79fd8afd69fec3
fdeafddafd92fd82
fe42fe32fe12fdfa
fe9bfe72fe62fe4a
feebfee3fed3feb3
ff03fefbff03feeb
ff3bff33ff33ff0b
ffc4ff9cff5bff3b
0044003c0014fff4
004c007c00640064
008d008d00950085
0085007400850095
0054005400640064
ffecffccffdc0004
ffd4ffc4ffbcffdc
ff6bff7bff94ffc4
fef3ff43ff63ff73
fec3ff03ff1bfeeb
01aeff13fe8bfeab
021e021602160216
021e021e0216021e
0216021602160216
022602260226021e
022e022e0226021e
022602260226022e
021602160216021e
0216021602160216
01ae01ae01a601a6
01ae01ae01ae01ae
01b601b601ae01ae
01b601be01b601b6
015501be01be01be
fd69fd8afd82fe6a
fddafdc2fdaafd82
fe42fe12fe12fdf2
fea3fe83fe6afe42
fedbfecbfecbfeab
ff33ff1bff1bff0b
ff63ff63ff63ff53
ffbcffacff7bff73
0004ffdcffacffcc
0034006400340024
00440034003c003c
0044004400440034
ff4bff84ffcc0034
ff3bff0bfedbfecb
ff5bff0bfedbff13
ff8cff9cff94ff84
ff23ff84ff9cffa4
fec3ff13ff0bfee3
018efef3fe83feab
021e021602160216
021602160216021e
0216021602160216
021e021e021e021e
022e022e021e021e
021e0226022e022e
021602160216021e
0216021602160216
01ae01a601a601a6
01a601a601a601ae
01ae01ae01a601a6
01b601b601b601b6
013d01be01be01b6
fd82fd8afd79fe52
fdc2fdc2fdb2fd92
fe2afe22fe02fdda
fea3fe8bfe6afe42
fee3fecbfea3fea3
ff6bff33ff2bff03
ff4bff6bff84ff8c
fecbff03ff63ff63
fed3fe72fe83fec3
ffb4ff73ff2bff23
ffccffd4ffacffb4
ffc4ffecffdcffbc
fe5afe7afeb3ff3b
fe7afe3afe3afe52
fe0afdaafd79fdda
ff3bff0bfed3fe72
ff73ff9cff9cff7b
feebff1bff1bff2b
016dfedbfe93febb
021e021e02160216
021602160216021e
0216021602160216
021e021e021e021e
0226022602260226
021e02260226022e
021602160216021e
0216021602160216
01a601a601a601a6
01ae01a601ae01ae
01ae01ae01ae01ae
01b601ae01b601b6
012d01be01b601b6
fd9afd82fd79fe0a
fdcafdbafdc2fdb2
fe12fe0afdeafdfa
fea3fea3fe8bfe4a
ff1bfee3feb3fea3
ff6bff13ff0bff1b
ff84ffecffa4ff53
fe3afe32fe83fefb
ff8cff73fed3fe5a
ff9cffdcfff4ff73
ffccffacff33ff43
ff53ffacffccffcc
fdf2fe02fe3afeb3
fd9afdd2fddafde2
fd31fd09fce9fd31
fe1afdbafd92fd31
ff43ff1bfedbfe93
ff0bff3bff3bff63
012dfeabfe83fec3
020e021e021e0216
0216021602160216
0216021602160216
021e021e021e0216
021e021e021e0216
0216021e021e021e
0216021602160216
020e021602160216
01ae01a601a601a6
01a601a601a601a6
01ae01ae01ae01ae
01b601ae01b601ae
012d01be01ae01ae
fd92fd79fd61fe0a
fde2fdd2fdc2fdaa
fe1afe02fdeafdf2
fe83fe93fe8bfe62
fefbfef3febbfe93
fef3fea3ff0bfeeb
fe32fe32fdeafe52
fd01fcd1fcd9fd82
fe32fe62fdf2fd51
feabfee3fe32fd82
ff8cfee3fe2afdea
ff03ff5bffccffe4
fef3feb3fe83feb3
ff63ff73ff23ff03
fe22fe0afdbafe7a
fdbafdf2fe32fe2a
fe72fe32fe0afdda
ff23ff43ff0bfebb
00cdfe8bfe83fecb
0216021602160216
021602160216020e
0216021602160216
021e021e021e021e
021e021602160216
021602160216021e
020e020e020e0216
020e020e020e020e
01a601a6019e01a6
01a601a601a601a6
01a601a601a601a6
01b601b601b601ae
013501b601a601ae
fd82fd82fd79fe22
fdcafdcafdbafdb2
fe2afdfafdf2fdea
fe62fe8bfe83fe52
fe8bfeabfebbfe83
fd59fd9afe12fe2a
fd09fd61fd61fd59
fc18fc20fc28fc70
fcb1fc70fc38fc20
fdb2fde2fd21fc70
fd69fd49fd61fdd2
fdbafdcafdc2fda2
fd71fd39fd82fdaa
fdd2fe8bfefbfe02
fd01fdb2fddafe02
fd29fe32fe72fd92
fdf2fd9afdd2fd71
ff2bfeb3fe32fdfa
005cfe6afe7afecb
021602160216020e
02160216020e0216
0216020e020e020e
021e021e021e021e
0216020e02160216
020e021602160216
0206020e020e020e
0206020e020e0206
01a601a601a601a6
01a601a601a601a6
01a601a601a601a6
01ae01ae01ae01a6
012d01ae01a601a6
fd61fd59fd61fe12
fdd2fdc2fdbafda2
fe42fe12fdeafdda
fe7afe72fe62fe52
fe2afe0afe52fe6a
fd79fe3aff03fdea
fc48fc81fcd9fd41
fc10fc10fc10fc30
fc10fc10fc10fc10
fc48fc58fc50fc30
fe22fdbafd51fc89
fedbff6bff4bfec3
fdfafd31fdb2fe5a
fc30fc60fd01fe02
fc60fcb9fc70fc50
fc60fd61fddafd01
fc68fc28fc20fc28
feabfdb2fd41fca9
003cfe52fe72fecb
0216021602160206
0216021602160216
0216021602160216
021e021e021e021e
0216021602160216
020e020e020e020e
02060206020e020e
02060206020e0206
01a601a6019e019e
01a601a6019e01a6
01a601a6019e019e
01ae01ae01ae01a6
012501ae01a601ae
fd8afd82fd61fdfa
fddafdc2fdc2fdaa
fe5afe42fe0afde2
fe2afe5afe5afe4a
fe72fd21fd69fde2
fca1fd01fdc2feab
fc30fc30fc48fc70
fc18fc18fc18fc20
fc10fc10fc08fc10
fc18fc18fc10fc18
ff1bfdd2fc68fc18
fe0afdc2fdcafec3
fdbafe52fe6afef3
fc18fc18fc18fc50
fc30fc10fc10fc10
fc08fc20fc40fc40
fc28fc20fc20fc18
fd21fc60fc28fc28
0024fe62fe83fe2a
02160216020e020e
0216021602160216
0216021602160216
0216021602160216
0216021602160216
0206020e020e020e
020602060206020e
0206020602060206
019e019e019e019e
019e01a6019e01a6
01a6019e019e019e
01ae01ae01ae01a6
011d01a601a601a6
fd82fd71fd59fde2
fdd2fdc2fdcafd8a
fe4afe3afe1afde2
fd61fdc2fe42fe4a
fcb1fc48fc68fd51
fc38fc30fc40fc99
fc28fc28fc30fc30
fc18fc18fc20fc20
fc18fc18fc10fc18
fc08fc08fc08fc18
fdeafd51fc18fc08
fdf2fe2afe12fdd2
fc68fddafdeafd92
fc10fc18fc18fc28
fc10fc08fc08fc10
fc18fc18fc18fc10
fc38fc30fc28fc20
fc28fc20fc20fc30
0004fe6afdcafca9
0216020e020e01fe
02160216020e020e
0216021602160216
0216021602160216
020e021602160216
0206020e020e020e
0206020602060206
0206020601fe0206
019e019e019e019e
019e019e019e019e
01a6019e019e019e
01ae01ae01a601a6
0115019e01a6019e
fd9afdaafda2fe02
fde2fdcafdcafd9a
fe5afe5afe32fe0a
fd49fd39fdfafe52
fc28fc30fc28fca9
fc30fc28fc28fc20
fc28fc28fc28fc30
fc20fc20fc28fc30
fc18fc18fc18fc18
fc10fc08fc08fc18
fd9afc99fc08fc10
ff33ff63ff43febb
fc30fcc1fd82fe6a
fc20fc20fc28fc20
fc10fc20fc20fc20
fc20fc20fc20fc18
fc38fc38fc30fc28
fc28fc18fc20fc30
ffecfdeafcc1fc58
020e020e020e01f6
020e020e020e020e
020e020e020e020e
021602160216020e
0216020e020e0216
0206020e020e020e
0206020602060206
01fe01fe01fe0206
019e019601960196
019e019e019e019e
01a601a6019e019e
01a601a601a601a6
00fd01a6019e019e
fdbafdf2fdd2fde2
fdfafdcafdbafdba
fe5afe6afe6afe42
fd09fcd9fd79fe42
fc30fc20fc20fc40
fc18fc28fc38fc38
fc30fc38fc28fc20
fc10fc20fc28fc28
fc10fc10fc10fc10
fc08fc10fc10fc08
fdd2fc91fc08fc08
ffacffecffacfefb
fc30fc78fd8afed3
fc20fc20fc20fc20
fc18fc20fc20fc28
fc20fc20fc18fc10
fc28fc28fc28fc28
fc50fc28fc20fc28
ffd4fd09fc91fc70
02060206020601ee
020e0206020e0206
0216020e020e020e
0216020e020e0216
0216021602160216
0206020e020e020e
01ee01e601f601fe
01f601f601fe01f6
0196019601960196
019e019e01960196
019e019e019e019e
019e019e019e01a6
00cd019e019e019e
fdbafdb2fdcafdea
fde2fdcafda2fdb2
fe83fe8bfe8bfe5a
fcf1fcd1fd19fe22
fc30fc28fc18fc20
fc18fc20fc28fc30
fc18fc28fc20fc18
fc10fc10fc10fc10
fc10fc18fc10fc08
fc00fc10fc10fc08
fe1afce9fc10fc00
ffacffecffb4ff33
fc18fc60fdb2ff03
fc18fc10fc20fc20
fc08fc18fc18fc18
fc18fc18fc10fc08
fc20fc28fc20fc18
fc40fc38fc30fc28
ff53fca1fc78fc38
02060206020601de
0206020e020e0206
020e020e0206020e
020e0206020e020e
020e02160216020e
0206020e020e020e
01be01b601c601ee
01f601f601ee01d6
0196018e018e018e
0196019601960196
019e019601960196
019e019e019e019e
0095019e0196019e
fd9afd92fdaafdea
fe02fdc2fda2fd8a
fe9bfeb3fe9bfe6a
fd21fd79fd61fe02
fc30fc28fc28fc28
fc20fc20fc20fc28
fc08fc10fc10fc18
fc18fc20fc18fc00
fc10fc18fc10fc10
fc08fc10fc10fc08
fe32fd31fc28fc08
ffacffecff94ff2b
fc08fc60fe0aff23
fc10fc10fc18fc10
fc10fc20fc18fc10
fc08fc08fc08fc08
fc20fc20fc18fc08
fc38fc50fc50fc28
fe5afc89fc81fc38
01fe01fe020601ae
01fe020602060206
0206020602060206
020e02060206020e
020e020e020e020e
01e60206020e020e
017d0186018601ae
01d601de01ce01a6
0186018601860186
01960196018e018e
019e019601960196
01960196019e019e
0034019601960196
fd49fd59fd71fdb2
fe2afde2fdaafd49
fe7afebbfeb3fe83
fea300adff0bfe02
fc20fc20fc30fc50
fc18fc10fc18fc18
fc08fc08fc10fc10
fc18fc18fc18fc08
fc08fc10fc10fc18
fc10fc18fc10fc00
fe62fd71fc81fc18
ffe4fff4ff9cff33
fc08fcb9fe5aff63
fc18fc18fc20fc18
fc08fc10fc18fc18
fc18fc18fc08fc08
fc18fc08fc10fc18
fc40fc60fc58fc28
fd92fc89fc81fc40
01f601f601fe0165
01fe01fe01fe01f6
02060206020601fe
0206020602060206
0206020e020e020e
01ce01fe02060206
014501550155017d
019e01b60196015d
018e018601860186
0196018e01860186
0196018e0196018e
019601960196019e
ffa4018e018e0196
fd11fcf1fd11fd59
fddafe02fdb2fd41
fe3afe7afe4afdfa
fd31fe32fdbafdaa
fc10fc20fc30fc48
fc08fc08fc10fc08
fc08fc08fc08fc08
fc10fc10fc10fc08
fc08fc08fc10fc10
fc20fc10fc10fc08
fe93fd71fd09fc28
fffcfffcffc4ff53
fc30fd19fea3ffac
fc18fc18fc18fc30
fc08fc08fc18fc18
fc20fc10fc10fc08
fc20fc18fc28fc28
fc58fc60fc48fc30
fd79fc91fc81fc48
01f601f601ee014d
01fe020601f601f6
01fe020601fe01f6
020e020602060206
020e020e02060206
01ce01f601fe0206
01050125014d017d
016d0186016d012d
018e0186017d0186
0186018601860186
0186018601860186
0196018e018e0196
ff6b018e018e018e
fce1fce1fcc1fcf1
fdbafd69fcf1fc99
fe6afe6afe52fe12
fcb9fdc2fe02fe52
fc10fc20fc38fc40
fc08fc10fc10fc10
fc08fc08fc08fc00
fc08fc08fc08fc08
fc08fc10fc08fc08
fc10fc10fc18fc08
fec3fdcafd71fc81
0014001cffd4ff53
fc70fd9afedbffd4
fc18fc18fc18fc18
fc08fc08fc10fc18
fc10fc18fc18fc10
fc20fc28fc18fc10
fc70fc40fc28fc18
fdf2fca9fc91fc60
01ee01de01be017d
01fe01fe01f601f6
01f601fe01fe01f6
0206020601fe01fe
020e020602060206
01ce01ee01f60206
011d013d0175019e
016d0175017d0155
01860186017d017d
0186017d017d017d
0186018601860186
018e018601860186
ff5301860186018e
fc91fc70fc81fcd9
fdc2fd39fce1fca1
fe62fe52fe5afe2a
fcd1fdeafe4afe7a
fc10fc20fc30fc38
fc10fc18fc10fc10
fc10fc10fc10fc10
fc08fc08fc08fc08
fc08fc08fc08fc10
fc20fc10fc10fc08
fec3fe4afd69fd09
001c0014ffa4ff33
fcb9fdc2fefbffe4
fc10fc08fc08fc18
fc08fc08fc08fc10
fc08fc10fc10fc08
fc10fc18fc10fc08
fc70fc48fc38fc28
fdb2fcc1fcb1fc78
01ee0155ff8cffb4
01f601ee01ee01ee
01f601f601f601f6
01fe01fe01fe01f6
01fe01fe01fe01fe
01de01ee01f601fe
016d018e01ae01be
017d0175017d017d
017d017d017d017d
017d017d017d017d
018601860186017d
0186018601860186
ff3b017501860186
fd21fd29fca9fcc9
fe0afd71fd29fd29
fe62fe6afe6afe62
fce9fe22fe5afe6a
fc18fc18fc20fc38
fc20fc20fc20fc18
fc10fc08fc10fc18
fc08fc08fc08fc08
fc00fc00fc00fc08
fca9fc10fc08fc08
fedbfeabfe1afd69
002c0004ff7bff23
fd21fe22ff13ffe4
fc08fc08fc08fc60
fc08fc08fc08fc08
fc08fc10fc10fc10
fc18fc10fc08fc08
fc81fc60fc40fc28
fd11fcd1fcc9fc99
01ee0196ffbcfe72
01ee01e601e601ee
01ee01ee01ee01ee
01f601f601f601f6
01f601f601f601f6
01ee01ee01f601f6
01ae01ce01de01e6
01b601a601a601a6
017d0175017d017d
017d017d017d0175
017d017d017d0175
017d017d017d017d
ff23016501750175
fd69fd69fd29fcd1
fe22fd8afd59fd71
fe62fe6afe7afe83
fd01fe32fe5afe62
fc18fc18fc28fc40
fc10fc10fc10fc18
fc08fc00fc08fc10
fc00fc00fc00fc08
fc08fc08fc00fc00
fd39fc58fc08fc10
fedbfed3fecbfde2
fffcffacff4bff0b
fdc2fe7aff33ffd4
fc08fc08fc20fce1
fc00fc00fc08fc08
fc08fc08fc08fc00
fc30fc20fc08fc08
fc81fc60fc40fc28
fd79fcd9fcc1fca1
01ee01e601c60085
01ee01e601e601e6
01ee01ee01ee01e6
01f601f601f601f6
01f601f601f601f6
01ee01ee01ee01f6
01d601e601ee01ee
01e601d601d601d6
0175017501750175
0175017d01750175
018601860175016d
00a5012501750175
fed300640044003c
fd61fd51fd59fd01
fe32fd9afd49fd69
fe72fe7afe8bfe7a
fd51fe5afe72fe7a
fc18fc28fc38fc60
fc00fc08fc10fc10
fc08fc08fc10fc10
fc00fc08fc08fc08
fc08fc08fc08fc00
fd9afd09fc38fc10
fed3fed3fefbfebb
ffccff6bff23feeb
fe52fe93ff43ffd4
fc10fc08fc60fd61
fc00fc00fc00fc08
fc08fc00fc00fc00
fc20fc18fc10fc10
fc89fc68fc40fc30
fe5afcd1fcb1fc99
01e601de01d6016d
01e601de01de01e6
01ee01ee01e601e6
01f601ee01ee01ee
01ee01ee01f601f6
01ee01ee01ee01ee
01e601ee01e601ee
01e601ee01e601e6
01750175016d016d
01750175016d0175
017d017d0175017d
fe93ff7300d5016d
fec3feebfe7afe22
fd39fd39fd61fe12
fe32fda2fd31fd29
fe93fe83fe93fe7a
fdb2fe6afe83fe9b
fc18fc30fc40fc78
fc10fc10fc18fc18
fc08fc08fc10fc10
fc08fc08fc08fc00
fc08fc08fc10fc10
fe5afd61fcc9fc28
fecbfeabfeebff03
ffdcff7bff1bfee3
fe83fee3ffacfff4
fc18fc40fce1fdea
fc08fc08fc08fc08
fc08fc00fc08fc08
fc30fc20fc18fc10
fc81fc60fc40fc40
ff7bfce1fca9fc91
01de01d601de01ce
01de01de01e601e6
01e601e601e601de
01ee01ee01e601e6
01ee01f601ee01ee
01e601ee01ee01ee
01ee01ee01e601e6
01e601ee01ee01ee
016d016501650165
0175016d016d016d
016d016d016d017d
fcf1fddaff5b011d
fe7afde2fd11fcb9
fd01fd29fd92fe6a
fe3afdaafd11fce9
fe93fe93fea3fe7a
fe12fe72fe8bfe93
fc20fc30fc40fcc1
fc10fc10fc18fc20
fc08fc08fc10fc18
fc10fc10fc08fc00
fc38fc18fc10fc10
febbfe22fd71fcc9
fed3fe93feabfecb
0004ffbcff6bff23
fe9bff7bfffc000c
fc28fcb1fd79fe62
fc08fc10fc10fc10
fc10fc10fc08fc10
fc38fc28fc18fc10
fc68fc58fc58fc48
0024fd29fc99fc78
01d601ce01c601c6
01d601e601ee01d6
01de01de01de01de
01ee01e601de01de
01ee01ee01e601e6
01e601e601e601ee
01e601e601e601e6
01e601e601ee01ee
0165016501650165
016d016501650165
01450165016d0175
fc78fcc9fe020004
fdaafd19fcf1fcb1
fcc1fd59fdd2fe4a
fe4afdaafd01fcc1
feabfeabfea3fe8b
fe3afe6afe72fe93
fc30fc30fc68fd71
fc18fc18fc18fc20
fc08fc10fc10fc18
fc10fc10fc10fc08
fce9fc40fc10fc08
fecbfec3fe4afd82
feebfe83fe7afeab
0024ffecffacff53
feebffbc001c001c
fc89fd31fe32fe72
fc18fc18fc20fc20
fc10fc10fc10fc10
fc30fc28fc20fc10
fc78fc68fc50fc40
ffccfd92fc99fc78
01ce019e012d00d5
01de01de01de01c6
01de01de01de01de
01e601de01de01d6
01e601e601e601e6
01e601e601e601e6
01e601e601e601e6
01de01e601e601e6
016501550155015d
0165015d01650165
00ed016d016d016d
fcd1fcb9fd79fed3
fd31fd49fd61fd31
fcd1fd92fdf2fdca
fe5afdcafd11fca9
fe93fe93fe83fe7a
fe52fe62fe6afe8b
fc28fc48fd11fe1a
fc18fc20fc18fc18
fc10fc10fc10fc10
fc08fc10fc10fc10
fda2fd09fc50fc18
feabfecbfed3fe52
fefbfe9bfe8bfeab
003c000cffacff73
ff4bffe40024003c
fd11fdd2fe8bfe93
fc18fc20fc28fc78
fc18fc18fc18fc18
fc38fc28fc18fc18
fc91fc78fc50fc38
ff3bfe5afcd9fc91
01860024fef3ff3b
01d601ce01ce01c6
01ce01d601d601d6
01de01de01d601d6
01de01de01e601e6
01e601e601e601e6
01e601e601e601e6
01de01e601e601e6
015d015d015d015d
015d01650165015d
00740165015d015d
fd51fd29fd51fe42
fd61fdc2fde2fdba
fd09fdaafdaafd41
fe62fe1afd39fcc9
fe93fe72fe72fe72
fe72fe7afe83fe93
fc40fd01fdf2fe62
fc20fc18fc18fc20
fc10fc10fc20fc18
fc28fc18fc10fc10
fe9bfdd2fd29fc89
febbfeb3fed3fef3
ff03feabfe8bfeab
007c0024ffb4ff6b
ff9cfffc0034006c
fd9afe72fe9bfed3
fc18fc28fc81fcf9
fc28fc20fc20fc20
fc40fc38fc30fc28
fc99fc89fc60fc48
fedbff03fdc2fcb9
0054fdd2fd11fdf2
01d601ce01ce01c6
01ce01ce01ce01ce
01ce01ce01ce01ce
01d601de01de01d6
01e601e601de01de
01e601e601e601e6
01de01e601e601e6
015d015d015d015d
0155015501550155
fff4014d014d0155
fdbafd8afd71fe32
fddafe4afe72fe1a
fd39fd92fd49fd61
fe52fe12fd31fcd1
fe93fe72fe5afe5a
fe83fea3feabfe9b
fd31fdcafe3afe7a
fc10fc10fc20fc81
fc10fc10fc18fc10
fd11fc68fc18fc10
ff1bff13fe72fdc2
fee3fea3fe93fecb
ff2bfed3fea3feb3
00950044ffacff5b
ff9c0004004c007c
fe6afeabfe9bff13
fc30fc78fcf9fd9a
fc28fc20fc28fc20
fc48fc40fc38fc30
fcb1fc89fc78fc68
fed3ff33febbfda2
fef3fce9fca1fd41
01ce01c601c60186
01c601c601c601ce
01ce01ce01c601c6
01de01ce01ce01ce
01de01de01de01de
01de01de01de01de
01de01e601e601de
015d015d015d015d
015d015d015d015d
ffc4013d01550165
fddafdcafdb2fe62
fe83fec3fed3fe5a
fd21fd71fd79fe12
fe52fe0afd21fcc1
fe83fe5afe32fe42
feabfec3febbfe93
fdf2fe2afe62fe9b
fc40fc91fd19fdc2
fc40fc18fc18fc18
fec3fdd2fd19fc89
ff0bff73ffbcff7b
ff0bff03fea3fe9b
ff3bff0bfee3fecb
004c0014ff8cff3b
ff6bffc4fffc0014
feb3fea3feb3ff33
fca9fd19fdc2fe7a
fc20fc28fc28fc48
fc40fc38fc30fc20
fd82fc99fc78fc60
ff33ff3bff23fedb
fe42fce9fce1fd82
01c601be01b60135
01be01c601c601c6
01ce01c601c601c6
01d601ce01ce01ce
01d601d601d601de
01d601d601d601d6
01de01de01d601d6
0155015501550155
015d01550155015d
ff7b0115015d015d
fddafdeafdd2fe93
fef3ff03feebfe72
fcf9fd49fda2fe52
fe32fdfafd61fcb9
fe42fe32fe12fe1a
fecbfebbfeabfe6a
fe93febbfecbfed3
fd79fe22fe22fe62
fdc2fd71fdaafd8a
fffcff8cff0bfe8b
fee3ff3bffa4fffc
ff33ff43feebfea3
fefbfeebfef3fef3
ff4bff33ff13fefb
ff0bff1bff3bff3b
fec3febbfedbff03
fd71fe3afedbfed3
fc20fc38fc78fce9
fc40fc28fc20fc20
fe9bfdb2fcd1fc68
ff3bff23ff1bff03
fe22fd11fd39fdd2
01b601be01ae00c5
01b601be01c601be
01ce01be01c601be
01ce01ce01c601c6
01c601ce01d601d6
01ce01ce01ce01ce
01de01d601ce01c6
0155015501550155
0155015501550155
ff2300fd015d015d
fdd2fdcafe0afe83
fef3ff23fee3fe7a
fcf1fd41fd82fe42
fe0afddafd59fcb1
fe1afe12fdeafdfa
fee3feb3fea3fe4a
ff6bff4bff1bfef3
ff5bff63ff84ff94
ffa4ff8cff8cff7b
ffe4001c0034ffec
febbfefbff43ffb4
ff53ff4bff13feb3
fe62fe72fecbff1b
fe93fe7afe83fe8b
fe8bfea3febbfebb
ff13fee3fec3fe8b
fee3ff43ff43ff03
fcb1fcf1fd71fe2a
fce9fc81fc70fc68
fec3fe7afe0afd92
ff33ff0bff23fefb
fe32fd51fd79fdfa
01ae01b601a6005c
01b601b601b601ae
01c601c601be01be
01ce01c601ce01c6
01ce01ce01d601ce
01c601ce01ce01d6
01d601ce01ce01c6
0155015501550155
01550155015d015d
ff4b011d01650155
fdc2fce1fd01fe2a
feb3feebfec3fe6a
fcf9fd49fcf1fdea
fdfafdb2fd41fcb1
fe1afdf2fde2fdf2
fecbfe93fe93fe4a
ffacff7bff4bfefb
000c001cffe4ffcc
ffecffdc00040004
ff6bffdc0034002c
fe9bfedbfef3ff2b
fec3fedbfee3febb
fde2fdfafe52feb3
fdf2fdeafdf2fdf2
fe02fe1afe1afe0a
ff5bfef3fe7afe1a
ff84ff94ff4bff2b
fe02fe9bff23ff94
fdf2fddafde2fdca
fedbfee3fec3fe7a
ff2bff23ff33fefb
fe22fd9afdc2fe22
01a601a601960024
01c601b601a601a6
01d601de01de01d6
01ce01c601ce01d6
01ce01ce01d601d6
01c601c601ce01ce
01ce01ce01ce01c6
0155015501550155
014d0155015d015d
ffa4014501650155
fdd2fd51fd29fe1a
fdfafe42fe93fe6a
fd69fdd2fca1fd21
fde2fd92fd19fcc9
fe0afde2fde2fdea
febbfea3fe6afe3a
ff6bff43fef3febb
fffcfff4ffccff7b
ffc4ffc4fffcfff4
ff03ff6bffccfff4
fe3afeabfebbfebb
fd82fdc2fe0afe2a
fcd1fcd1fd09fd59
fd69fd71fd61fd09
fd61fd71fd82fd71
fee3fe72fdf2fd9a
ff8cff73ff23fefb
ffacffb4ffacffcc
ff7bff6bff73ff94
ff33ff6bff8cff84
ff1bff2bff2bff1b
fe32fddafdf2fe3a
019e0196018e0014
020e01e601ae0196
02360246024e023e
01f601fe02160226
01ce01de01e601ee
01c601c601c601c6
01c601c601c601c6
015d015d015d015d
015d015d015d015d
00340155015d0155
fdd2fdbafdcafe83
fd82fdfafe7afe6a
fdf2fe9bfd82fcf1
fdcafd61fcf9fcd1
fdfafdcafdd2fde2
fe83fe72fe42fe12
ff33ff03fec3fe9b
ffdcffbcffb4ff6b
ff9cffb4ffd4ffd4
feabfefbff5bff94
fdd2fe9bfee3feab
fc48fc89fd01fd69
fc08fc10fc10fc20
fd09fd19fca1fc28
fc60fc81fcf1fd11
fdbafd39fcb9fc81
ff84ff5bfecbfe32
ffd4ffccffc4ffbc
ffbcffdcffe4ffd4
ff43ff8cffbcffa4
fefbff03fef3ff0b
fe5afdfafe12fe2a
01ae01a601960024
0276022e01de01ae
02bf02c702c702af
027e028f02a702bf
01ee0226024e026e
01be01be01c601d6
01c601c601be01c6
01650165016d0165
015d015d01650165
00ed015501550155
fe0afe2afe83ff03
fd8afde2fe72fe9b
fdeafec3fe7afd71
fdbafd59fcd1fcb1
fdeafdb2fdbafdc2
fe83fe52fe12fdf2
fef3fedbfeabfe83
ff84ff84ff7bff23
ff5bff73ff94ff94
fe83fe93fedbff1b
fdbafebbff0bfedb
fc30fc48fc89fcf9
fc30fc28fc20fc30
fcc9fcc9fca9fca9
fc08fc48fca1fcb9
fcc1fc38fc10fc00
ff63ff33fe8bfd69
ffd4ffc4ffa4ff94
ffacffbcffc4ffd4
ff1bff73ffa4ff9c
feb3febbfeb3fef3
fe9bfe1afe4afe02
01c601c601a6003c
02cf027e022601d6
033f033f033f030f
0307031f032f0337
0236027e02c702ef
01be01be01be01f6
01c601c601b601b6
016d0165016d016d
01650165016d0165
013d0155015d015d
fe3afe8bfedbffcc
fd79fdfafea3feeb
fdcafea3fecbfdfa
fd92fd29fca9fc99
fdd2fdbafdb2fdb2
fe62fe22fddafdd2
fedbfeb3fe8bfe72
ff6bff73ff4bff13
fefbff1bff33ff53
febbfe72fe8bfebb
fdf2fee3ff2bff0b
fca1fc89fc91fd01
fca9fca9fca9fca9
fc91fcc1fe12fd39
fc58fd29fd82fc78
fcc9fc91fc81fc68
ff1bff13fecbfd82
ff94ff84ff6bff23
ff9cffa4ff9cffa4
ff0bff13ff3bff8c
fe7afe8bfe9bfeeb
fefbfe4afe7afdd2
01e601de01ae00bd
031702c702560206
03980390037f035f
036f037f03880390
027602cf03270357
01ae01ae01c60216
01b601b601ae01ae
016d016d016d016d
01650165015d015d
0155015d015d015d
fe32feabff0b00a5
fdeafe32fed3fef3
fdf2fe8bfebbfe52
fd92fd21fca1fcb1
fddafdeafdc2fdb2
fe12fdeafdc2fdd2
fedbfe93fe62fe4a
ff43ff43ff3bff13
fea3fecbfed3ff23
ff1bfeb3fe72fe7a
fe22feebff43ff53
fcf1fcf9fce9fd61
fcc1fcd1fce9fcd9
fcb9fe72fe4afcf9
fd01fcf9fcd9fc78
fd41fce9fd01fd19
ff13ff2bfefbfe4a
ff73ff73ff5bff1b
ff6bff63ff5bff73
fea3fec3ff13ff53
fe4afe6afe6afe8b
ff43fe72fe83fdca
0216020601d60165
033f02ef02870236
03c803b803a0037f
03a803b003b803c8
02af030f03670398
019e01a601be0236
01b601b601ae01a6
0165016d016d016d
016501650165015d
0155015d01550165
fe22fed3ff840115
fe7afe6aff03fedb
fe22feb3fea3fe93
fd79fd09fca1fcf1
fdeafdfafdcafdaa
fe1afdfafdaafdb2
fea3fe83fe5afe32
fefbfefbfefbfecb
fe72fe93fea3fee3
ff4bfefbfe9bfe6a
fe6afeebff23ff5b
fd29fd82fda2fdf2
fd59fd69fd51fd29
fd09fd9afd29fd11
fd51fd31fd01fcb1
fdc2fd09fd19fd51
ff2bff23ff03fe8b
ff3bff3bff33ff33
ff23ff33ff33ff43
fe7afebbfef3ff2b
fe22fe52fe4afe42
0074febbfe72fdd2
027e027602660236
035f031702c70287
03c803c003a80388
03c003c003c003c8
02bf0337038803b0
019e019e01b60236
01b601ae01a6019e
016d016d016d016d
0165016501650165
0155015501550165
fe32fed3000c014d
fe83fe93ff2bfecb
fe3afedbfea3fea3
fd41fcd9fc89fce9
fdfafdfafdcafdaa
fe12fe02fdd2fdca
fe6afe6afe72fe3a
febbfeb3feb3fe8b
fe52fe62fe83fe9b
fefbfef3fecbfe7a
fe52fe8bfeb3ff0b
fd41fd41fd69fde2
fdaafd92fd41fd19
fd11fd51fd09fd39
fd51fd8afd71fd19
fde2fd41fd69fd82
ff43ff33fefbfe83
ff03ff1bff0bff23
ff0bff03ff0bff0b
fe72fea3fe93fee3
fe0afe62fe42fe3a
020eff6bfe9bfe0a
02ef02e702e702df
036f0347031702ef
03c003c003b00398
03c003c003b803c0
02b7032f038803b8
019e019e01b60226
01b601ae019e019e
016d016d016d016d
0165016501650165
015d0155015d0165
fe72fefb00b5015d
ff03fee3ff2bfeb3
fe52fed3fe6afea3
fd29fcb9fc81fce1
fdf2fdd2fdcafdaa
fe12fe0afdeafde2
fe42fe2afe4afe2a
fe93fe93fe83fe72
fe5afe42fe2afe5a
fedbfedbfefbfea3
fe0afe3afe4afec3
fd51fd31fd29fd9a
fd71fd71fcf9fce9
fd71fd9afd49fd59
fd49fd9afd8afd8a
fdd2fd69fd69fd8a
ff53ff33fedbfe42
fed3feebfeebff1b
fee3fee3feebfedb
fe8bfe93fe93fec3
fdeafe52fe42fe52
032700bdfef3fe42
034f034f034f0357
0388036f035f034f
03c803c803b803a0
03c803c803c003c8
02a7031f037703b8
019e019e01b60216
01b601ae019e019e
016d016d016d016d
016501650165016d
015d0155015d015d
fe8bff4300fd015d
ff8cff3bfedbfe32
fe52fe8bfe3afefb
fd31fcc1fc91fd11
fdeafddafdbafd92
fe1afe1afe0afdfa
fe1afdfafe1afe2a
fe72fe62fe52fe4a
fe72fe3afe12fe32
fea3fe62fe8bfea3
fd9afdeafdeafe32
fd59fd29fd31fd49
fd49fd41fd11fd01
fd19fd79fd59fd39
fd19fd49fd61fd69
fdaafd79fd61fd59
ff2bfec3fe4afdd2
fec3fedbff03ff33
fedbfedbfed3fecb
fe7afe7afe83feb3
fdc2fe2afe3afe4a
039801deff2bfe6a
0398039003980398
03a0039003880390
03d003d003c003b0
03d003d803d803d0
0297031f037f03b8
0196019e01ae0206
01ae01ae01a6019e
0165016d016d016d
0165015d0165016d
015d015d015d0165
fecbffbc0135015d
ff6bfedbfde2fde2
fe2afe42fe72ff5b
fd39fcc9fc99fd09
fdd2fde2fdc2fd82
fe32fe32fe1afdea
fe2afe1afe22fe2a
fe42fe32fe4afe42
fe12fe1afe52fe4a
fe22fe2afdeafe2a
fd71fdbafdc2fdf2
fd29fd49fd39fd49
fd29fd41fd31fd09
fcd9fd61fd31fd01
fd01fd39fd41fd01
fdbafd69fd21fcf9
fe9bfe5afe1afdf2
fec3fee3ff03feeb
fed3fecbfecbfebb
fe4afe5afe62fe93
fddafe0afe32fe4a
03b802cfff7bfe9b
03c003c003b803b0
03b003a803b003b8
03d803d003c003c0
03d003e003e003e0
02870317037f03c0
019e019e01a601ee
01ae01ae01a6019e
0165016d016d016d
015d015d015d0165
015d015501550165
fedb006c01450165
ff1bfe6afdbafe7a
fe42fe42fe7aff23
fd21fce9fc99fd11
fddafde2fdaafd69
fe42fe3afe1afdea
fe72fe6afe6afe62
fe5afe22fe2afe52
fe02fe12fe52fe7a
fd59fdc2fda2fdf2
fd82fdb2fd79fd8a
fd09fd49fd39fd71
fcf9fd21fd19fcf9
fd19fd8afdaafd41
fd41fd59fd11fd09
fd79fd21fd19fcf1
fe52fe12fdcafdc2
febbfee3fe83fe42
feabfecbfeabfe8b
fe62fe5afe72fe7a
fd9afe02fe3afe5a
03c0032f0004fe8b
03a803b803c003b0
03a803b003b003a8
03d003c803b803a8
03d803d803d803e0
027e0317037f03c0
01960196019e01de
01a601a6019e019e
016d0165016d016d
015d015d01650165
0155014d01550165
ff8401250155015d
feebfe5afe9bfecb
fe83fe8bfe83fee3
fd09fce1fcb9fd41
fddafddafd79fd41
fe52fe2afe02fdd2
fe93fe83fe83fe7a
fe72fe62fe52fe93
fdeafe02fdcafe3a
fcf9fd09fd59fd8a
fd82fd8afd59fd49
fd19fd09fd31fd92
fd79fd49fd31fd21
fd21fd71fdd2fd92
fd29fd59fd21fd21
fcf9fd01fd59fd41
fdfafdc2fd9afd59
fea3fe62fdeafdda
febbfecbfeb3fea3
fe83fe93febbfec3
fdeafdf2fe3afe4a
03b8037f00e5fea3
037f03a003b803b0
039003980390037f
03c003a803980388
03c003c803d003d0
02760307036f03a8
018e018e019601de
01a6019e019e019e
0165016d016d016d
015d015d01650165
014d01450155015d
00a501550165015d
ff03fe93fec3feeb
fe93fed3fec3feeb
fd01fcd9fca9fd51
fdd2fdc2fd8afd41
fe32fe0afdcafdba
fe9bfe93fe7afe5a
fe52fea3feb3feab
fdb2fdbafd71fdd2
fd01fce1fd39fd51
fd49fd51fd21fd11
fd69fd51fd8afd8a
fe32fdf2fdb2fd9a
fd9afe0afe0afe12
fd39fd82fd8afd69
fd39fd51fd9afd8a
fd9afd92fd92fd41
fe72fe12fde2fda2
fef3fed3febbfeb3
fe83fe9bfec3fedb
fe1afddafe3afe5a
03b003a801e6ff33
035f037703a003a8
036f0377036f0367
03a80388036f0367
03a803a803b003c0
026e02ff03570390
018e018e019601de
01a6019e019e0196
0165016d016d016d
015d015d01650165
01550155015d015d
0135015d0165015d
ff13fedbfed3fff4
fe32fedbfeebfef3
fcd1fcb1fca9fd19
fde2fdc2fd92fd39
fe02fdeafdbafdb2
fe93fe8bfe7afe4a
fe3afec3feb3fe9b
fd39fd41fd41fd79
fcd9fcc1fd01fd19
fd69fd61fd21fce9
fd9afdc2fdd2fd92
fde2fdbafdaafdaa
fdfafe12fde2fdea
fdaafdbafdbafde2
fd61fd41fd82fdd2
fd61fd69fd79fd41
fe2afdcafdbafd71
fefbfee3fec3fe8b
fe7afea3febbfeeb
fe32fddafe12fe52
03b003a802efffd4
0357036f039003a8
0367036f035f035f
03900377035f035f
037f037f039803a8
026602ef03370367
018e0196019601d6
01a601a6019e0196
0165016d016d016d
015d016501650165
015d015d015d015d
01550155015d015d
feebfedbfefb00cd
fd82fe4afeabfed3
fca1fca1fcb1fcc9
fdeafdaafd59fd09
fdf2fdb2fdaafdc2
fe5afe3afe4afe3a
fe22fea3fe93fe7a
fcf9fcf9fd01fd71
fcb9fc99fc99fcd1
fd49fd51fd29fcf1
fdb2fd8afd61fd41
fd82fd92fda2fda2
fd61fd61fd69fd79
fd92fd51fd49fd51
fd82fd69fd59fdb2
fd41fd49fd61fd51
fda2fd79fd79fd61
feebfed3feb3fe42
fe93fea3fed3ff03
fe8bfdc2fe12fe32
03b803b8037f00e5
0357036f039803b0
036f037703670357
0398037f03670367
03670367038803a0
025e02df031f034f
019e019e019e01d6
01a601a601a6019e
0165016d016d0165
015d016501650165
015d015d015d015d
0155015d015d0155
fe6afe62ff530115
fd49fd9afe12fe6a
fca1fc99fca9fcd1
fdcafd82fd41fce9
fdeafdbafdb2fdca
fe5afe4afe52fe1a
fe32fe52fe83fe8b
fce9fce1fce1fd79
fca9fc81fc60fc99
fd09fce9fcd1fcd1
fd92fd8afd59fd29
fd82fdaafdc2fdb2
fd69fd59fd49fd69
fd61fd92fd82fd79
fd71fd29fd09fd31
fd19fd39fd61fda2
fd59fd39fd29fd21
fef3fef3feb3fdfa
fe8bfe93fecbfefb
feb3fdbafde2fe3a
03b003c003a801ae
0367037f03a003b8
03880390037f036f
03b003a003900388
036f0377039803b0
025602cf03170357
019e019e01a601ce
01a601a6019e019e
015d0165016d016d
015d01650165016d
01550155015d015d
01550155015d0155
fe3aff2300bd0155
ff63fe8bfdcafdf2
fcb9fc89fca1fd41
fd71fd51fd19fce1
fdcafdaafd82fd8a
fe32fe32fe02fdda
fdfafe52fe6afe2a
fca1fcb1fcd9fd69
fc50fc48fc40fc68
fcd1fca9fc68fc50
fce1fce9fcd1fcd9
fd01fd09fd01fcf9
fd19fcf9fcc9fcd9
fd51fd51fd39fd21
fd01fd01fd21fd51
fd11fd49fd61fd39
fd31fd31fd09fd11
ff03fefbfeb3fdc2
fe72fe9bfecbfefb
ff2bfde2fdd2fe52
03b003c003980186
036f0388039803a8
03a803a00398037f
03c803c003b003a8
039003a003b803c8
024602c703270367
01a6019e01a601c6
01a601a6019e01a6
015d0165016d016d
015d015d015d015d
01550155015d015d
015d015d015d015d
00ad011d0155015d
00cd01050095004c
fca1fc78fcb1fdf2
fd19fd21fcf9fcd1
fd79fd71fd29fd29
fdc2fdcafd71fd51
fdeafde2fe02fde2
fc89fcb9fd01fd8a
fcd1fce1fca1fc78
fd11fcf1fcd9fcc9
fdd2fdb2fd92fd51
fd79fdaafdc2fdca
fcf9fd19fd19fd41
fcd1fcf9fd01fcf1
fc99fca9fcc9fcb9
fd39fd11fcc1fca1
fd49fd31fd11fd21
ff03fefbfec3fdaa
fe4afe72fec3ff03
ff2bfdeafd8afe1a
039803b0036f00fd
0388037f03900390
03b803a003900388
03e003d803d003c8
03b803c803d003e0
023602c703370388
01ae01a601a601be
01a6019e019e01a6
015d016501650165
015d01550155015d
015d01550155015d
015d0155015d015d
014d0155015d015d
013d015d0155014d
fca9fc78fcd1ff1b
fce1fce9fcd1fcd9
fd49fd39fd01fce1
fd71fd79fd09fcf9
fe0afdd2fd9afdd2
fcf9fcd9fd31fdaa
fddafddafda2fd61
fd9afd92fd9afdaa
fe42fe02fdc2fdc2
fefbff0bfeebfe83
fe62fe9bfe9bfecb
fdc2fe12fe62fe52
fce1fd31fd79fd9a
fcd1fc81fc70fcb1
fd29fd39fd69fd41
fec3fecbfeabfdc2
fe2afe4afe72fea3
fee3fdcafd61fdba
039803b003900155
0377037703880390
03b803a00388037f
03f003e803d803c8
03c803e003e803e8
022602bf033f0398
01ae01ae01a601b6
019e019e019e01ae
015d015d015d015d
015d015d015d015d
0155015501550155
0155015d015d0155
0155015501550155
0155015d01550155
fca9fc78fd21ffcc
fcd1fcc9fcb1fcd9
fd31fcd9fcc9fcc1
fd39fd09fd01fce1
fdcafdcafd59fd69
fde2fd59fd61fda2
fe22fe2afe62fe52
fdbafdd2fdeafe2a
fdaafd71fd71fd9a
fec3fe9bfe3afdea
feabfedbfef3fee3
fddafdeafe52fe8b
fde2fdd2fddafdda
fd39fd9afdb2fdca
fd29fd31fd79fd41
fe42fe72fe9bfe02
fe12fe12fddafe2a
00b5fe3afd69fd8a
039803b803c00317
034f035703770388
03a0038803670357
03d803d803c803b8
03c803e003e003d8
021602af03370390
01a601a601a601ae
019e019e019e01a6
015d015d015d0165
0155015d015d015d
015501550155015d
015d015d015d0155
015d015d015d015d
0155015d0165015d
fc99fc99fd8a0044
fcd1fcb9fca9fcb1
fcf9fc99fca9fcb9
fd19fcf1fcf9fcd1
fda2fd59fcf9fd11
fe8bfdfafdaafd79
fe4afeabfeebfedb
fe2afe32fe3afe3a
fddafde2fdfafe1a
fe22fe2afe12fdea
fe62fe93febbfe83
fe22fe12fe1afe32
fe62fe42fe2afe22
fe02fe42fe62fe6a
fd19fd71fdd2fde2
fdaafdf2fe6afdea
fdb2fdd2fd51fdaa
03770125fdb2fd59
03a003c803d803c0
032f034703770390
0377035f0337032f
03c803b803a80390
03b803c803c803c8
0206029f032f037f
019e019e019e019e
019e019e01a6019e
015d015d015d016d
0155015d015d015d
01550155015d015d
015d0155015d0155
0165015d015d015d
0165016d016d0165
fc78fcb9fdb20054
fca1fcb9fc99fc91
fcd9fcb9fc99fc99
fcf1fce1fcc9fca1
fd71fd19fcf1fce9
fe93fe2afdfafda2
feabfedbfedbfedb
fe0afe32fe4afe52
fe12fe02fe0afe12
fe12fe22fe2afe12
fe72fe6afe52fe32
fe2afdfafe32fe7a
fe7afe72fe5afe4a
fe83fe83fe83fe7a
fd59fdbafe4afe62
fd61fd79fe0afdc2
fd69fd59fd09fd11
03c0025efe32fd39
03b003c803d803d0
0327033703670398
034f0337031f0317
03a80398037f0367
039003a0039803a8
01fe029f031f0367
019601960196019e
019e019e019e019e
015d015d015d0165
015d015d015d015d
01550155015d015d
015d015501550155
016d015d015d015d
0165016d016d016d
fc78fcc1fda2000c
fca1fca9fc89fc70
fcd1fcc1fc89fc91
fcb9fcb1fca1fc89
fd79fd11fcd9fcc1
fe8bfe32fddafdca
fedbfedbff03fee3
fde2fe3afe7afeb3
fd69fd49fd59fd8a
fd49fd41fd59fd61
fd71fd59fd51fd49
fd79fda2fdaafd92
fe62fe0afdcafd82
fed3fec3fe8bfe7a
fd92fdc2fe52feab
fd41fd49fd82fd69
fd19fd01fcf9fcd9
03d802dffeabfd29
03b803d003e003d8
02e702ff03470398
031f030702e702cf
037f036f035f033f
0367036f0367037f
01ee028f02ff0337
018e018601860196
0196019e019e019e
015d0165015d015d
015d015d015d015d
01550155015d015d
015d015d01550155
016d0165015d015d
015d016501650165
fc78fce1fd8affd4
fc91fc89fc78fc68
fcb9fc91fc78fc89
fc99fc99fc70fc78
fd41fd21fcb1fca1
fe7afdcafd69fd39
fef3ff03ff0bfec3
fe12fe62feb3fedb
fcd9fcf9fd31fd92
fcd1fcc9fcc1fcc1
fcb9fcb1fcb1fcb9
fd21fd29fcf1fcc1
fe83fe12fd79fd21
fecbfed3feb3fe9b
fd69fd71fe32feb3
fd21fcf9fd29fd61
fd01fcf9fcd9fce9
03d80307febbfd31
03b003d003e003d8
02a702d7033f0390
030f030702c7028f
036f03670357032f
0337033f03470367
01de027602df030f
0186017d017d0186
0196019e019e018e
0165015d015d015d
015d0165015d015d
0155015d015d015d
015d015d015d0155
0165015d015d015d
015501650165015d
fc89fcf1fd8afff4
fc99fc89fc78fc78
fc91fc70fc91fc81
fc78fca1fc60fc60
fcd9fcf1fcb1fc89
fe22fdf2fd59fcd9
fedbfeebfeabfe42
fe6afe9bfebbfec3
fd11fd51fdaafe1a
fcd9fce9fce1fce1
fcc1fcc1fcb9fcc1
fd41fd21fce1fcc1
fe93fe5afdfafd82
fee3fed3fecbfebb
fd41fd59fe1afebb
fce1fcc9fd21fd61
fd19fcd9fcb9fcd9
03d0033fffa4fd41
03a803c803e003d8
02b702e703370388
0337032702df02a7
037f03880377035f
033703470357036f
01c6026602d7030f
017d017501750175
019601960196018e
015d0155015d0155
015d015d015d015d
015d015d015d015d
015d015d015d015d
0165015d015d015d
015d01650165015d
fc81fcf9fd9a0044
fc89fc91fc70fc68
fc81fc81fc99fc78
fc68fc89fc68fc78
fca1fc91fc89fc70
fd82fdbafd59fcc9
feabfea3fe2afd92
fe9bfec3fed3fecb
fddafe12fe4afe8b
fd01fd39fd61fd9a
fd31fd39fd01fd09
fe1afdfafdb2fd71
fe9bfe8bfe72fe42
fed3fecbfeabfeb3
fd29fd82fe0afe8b
fcd1fcc1fd09fd21
fd09fce1fcb9fcc1
03d80388008dfd59
03b003c803e003d8
02d702f70337037f
036f0357030f02cf
03a803b003a00390
035f0377037f03a0
01be025602d7032f
017d01750175017d
018e0196018e0186
0155015501550155
0155015d015d0155
015d015d01550155
015d015d015d015d
015d01650165015d
01550165015d015d
fc81fd11fdd20074
fc81fc91fc68fc50
fc70fc91fc91fc78
fc78fc81fc70fc89
fc60fc60fc60fc60
fd49fd82fd49fca9
fe52fe12fdcafdb2
fed3fed3fea3fe7a
fe8bfea3fec3fecb
fdb2fde2fe32fe62
fdf2fdcafdc2fdba
fe8bfe93fe8bfe3a
feabfe8bfea3fe93
fe72feb3febbfebb
fd09fd9afdbafdf2
fca1fcb9fcf1fcd9
fd09fcd9fcd1fca9
03d803b8017dfd79
03a803c003d803d8
02df02f7032f036f
0390036f032f02ef
03d003d003c803b0
038803a003a803c8
01b6024e02e7034f
017d017d017d017d
0196019601960186
01550155015d015d
015d015501550155
015d015d015d015d
015d015d015d015d
015d01650165015d
015d0165015d0165
fc91fd09fdd200ad
fc70fc70fc58fc40
fc81fc81fc78fc78
fc60fc78fc58fc68
fc68fc50fc48fc50
fd49fd59fd11fcc9
fdfafdeafd92fd79
fedbfe93fe3afdf2
fefbfeebfedbfef3
fe93febbfeb3feeb
febbfea3feabfec3
fecbfed3ff0bff03
fec3feabfea3feb3
fe32fe93feabfebb
fcf1fd61fd82fd82
fc81fc70fcc9fca1
fce9fcd9fcd9fc91
03d803c802c7febb
039803c003d803d8
02ef02ff032f0367
039803770347030f
03e003d803d003b8
03a003c003c803e0
01ae023e02df0357
01860186017d0186
01960196018e018e
0155015501550155
0155015501550155
015d015d015d015d
015d015d015d015d
015d015d015d015d
016501650165015d
fcc9fd09fdf200cd
fc78fc60fc40fc48
fc91fc60fc50fc78
fc58fc78fc60fc60
fc81fc60fc58fc50
fcf9fce9fcd1fcc1
fdaafda2fd92fd39
feabfe3afe2afde2
fecbfecbfe93fea3
febbfef3fe93fec3
fee3fef3ff03fefb
fefbfedbfefbfef3
fecbfecbfed3fef3
fdf2fdf2fe72fe93
fcb9fd01fd41fd92
fc89fc68fc99fc91
fd01fcd1fcb1fc89
03e003c803880054
039803c003d803d8
030f0317033f0367
0398037703570327
03d803d803d003b8
03a003c003c803d8
01a6022e02d7034f
018e018e018e018e
018e0196018e018e
015d015d01550155
015d015d01550155
015d015d015d015d
015d015d015d015d
01550155015d015d
015d015d0165015d
fd29fd49fdfa00c5
fc60fc58fc38fc70
fc70fc48fc50fc68
fc50fc60fc58fc70
fc48fc50fc50fc50
fcd9fce1fca1fc70
fdb2fd51fd59fcf1
fe42fdfafdb2fe02
fe93fe4afe52fe3a
fe7afecbfeabfe6a
fea3fe9bfecbfeb3
fec3fedbfe9bfe7a
fe8bfec3fee3fedb
fd69fd71fe22fe42
fcb9fce9fd31fd61
fc89fc70fc91fca1
fd8afca1fc91fc81
03e003d803c801f6
03a003c003d803e0
032f0337034f036f
0388036703570347
03d003d003c803a8
038803b803c003c8
01a6022602cf033f
018e018e018e018e
0186018e0186018e
015d015d01550155
015d015d01550155
0155015d015d015d
015d015d015d015d
0155015d015d015d
0155015d015d0155
fd59fd92fe0200b5
fc40fc48fc48fcd1
fc50fc40fc40fc48
fc50fc50fc58fc70
fc58fc58fc48fc68
fca9fcd9fca9fc60
fd8afd59fd71fd09
fdcafde2fd71fd82
fe22fe42fe2afde2
fe52fe7afeabfe52
fe3afe8bfebbfe9b
fe83fec3fe9bfe22
fe1afe4afe7afe8b
fd31fd41fdcafe22
fcc1fcd9fcf1fd11
fc70fc91fcb9fcb9
ff0bfca9fca9fc78
03e003e003d80307
03a003c003d803e0
0367036f03770388
0388037703770377
03c803c003b803a0
037703a003b003b8
019e021e02bf032f
017d018601860186
0186018601860186
0155015501550155
015d015501550155
015d015d015d015d
01550155015d015d
0155015d015d015d
0155015d015d015d
fd82fdb2fe1a00b5
fc30fc40fc78fd19
fc48fc48fc38fc28
fc40fc40fc48fc50
fc50fc48fc40fc60
fc89fc81fc68fc58
fd41fd29fd59fcd9
fd82fd92fd61fd39
fddafe22fde2fd69
fe0afe3afe62fe62
fe2afe83fe62fe7a
fe22fe7afe62fdf2
fdd2fe1afe02fe1a
fd11fd09fd8afdba
fca1fcc1fcc1fd09
fc78fca9fca1fca1
0186fd31fc99fc91
03e803e803d803a0
03a003b803d003e0
037f037f03770390
0398038803900388
03c003b803b803a8
036f039003a803b8
0196020602af031f
017d017d01860186
0186018601860186
0155015501550155
0155015501550155
0155015d015d0155
015d01550155015d
015d015d015d015d
01550155015d015d
fdaafdc2fe1a00ad
fc28fc68fcd1fd51
fc38fc38fc30fc20
fc30fc40fc30fc30
fc58fc38fc48fc48
fc81fc50fc40fc50
fd19fcf9fd31fcc9
fd51fd41fd09fd01
fdd2fe0afd9afd41
fddafde2fe02fe2a
fe2afe42fe02fe1a
fdcafe52fe22fe12
fd8afd92fd9afd9a
fd01fce1fd8afd8a
fca9fcb9fcd9fd01
fc81fcb1fcb1fc99
0317feb3fca1fca9
03f003f003d803d0
039803b803d003e8
036f03670367037f
0398039003880377
03c803c803c003b0
036f03a003b003b8
018601f6029f0317
017d017d017d017d
0186018601860186
0155015501550155
0155015501550155
0155015d01550155
0155015501550155
015d015d015d015d
0155015d015d015d
fdb2fd79fe0200ad
fc30fc81fd11fd82
fc20fc30fc28fc28
fc30fc48fc28fc28
fc68fc50fc48fc40
fc68fc38fc30fc40
fcf1fcd1fd11fca1
fd69fd49fd31fd01
fd92fdb2fd71fd31
fdbafd8afdb2fdea
fdeafe02fda2fdda
fd71fde2fd8afdaa
fd39fd21fd69fd49
fcf9fd01fd41fd59
fca1fca9fcc9fce9
fc89fcb1fcc9fc89
03b000a5fd21fca9
03f803f003d803e0
038803b003d003e8
0347033f034f0367
0388037f036f035f
03d003d003c803a8
036f03a803b803c0
018601e602970317
017d017d017d017d
018601860186017d
0155015501550155
0155015501550155
0155015501550155
0155015501550155
0155015d015d0155
014d015501550155
fd79fda2fe1a00ad
fc70fcf9fd69fd9a
fc28fc28fc20fc38
fc30fc38fc18fc20
fc60fc70fc48fc40
fc70fc50fc58fc30
fce1fca9fcb9fc99
fd69fd61fd19fd01
fd49fd82fd59fd39
fdb2fd79fd61fd69
fdaafde2fd82fdca
fd41fdaafd59fd49
fcf1fcf9fd49fd19
fcd9fd29fd21fd11
fc99fc91fc89fcc9
fc91fca9fca9fc99
03d8028ffef3fca9
03f803f003e003e8
037f03b003d803f0
031f030f032f035f
037703570347033f
03c003c803b80398
036f039803a003a8
018601de02870317
017d017d017d017d
017d01860186017d
014d014d01550155
014d014d01550155
0155015501550155
0155015501550155
0155015501550155
014d015501550155
fd9afdcafe0200b5
fcc9fd31fd71fd61
fc20fc20fc20fc50
fc30fc20fc18fc18
fc40fc81fc50fc38
fc89fc50fc40fc30
fcd9fcc1fc78fc70
fd39fd49fcb9fcc9
fd21fd49fd49fd31
fdaafd31fd09fd31
fd69fd92fd29fd69
fd19fd49fd49fd51
fcc9fcd1fd19fd09
fcc1fcf1fcf9fce9
fc99fc89fc60fcb1
fc99fc89fc89fc89
03e003a00196fe1a
03f003e803e803e8
037f03b003d803e8
032703170337035f
035f032f03270337
03a003b003a0037f
0357037f03880390
017d01ce027e0307
017d017d017d0175
017d018601860186
014d014d014d014d
014d014d014d014d
014d01550155014d
0155015501550155
0155015501550155
0155014d01550155
fdd2fdcafde200b5
fcf9fd49fd49fd71
fc20fc20fc30fc68
fc38fc20fc18fc18
fc50fc68fc50fc38
fc70fc48fc28fc50
fc99fcb1fc68fc58
fd41fcf9fca1fc99
fd31fd49fd59fd49
fd29fcf1fcd9fcf9
fd21fd49fd01fd11
fcf9fd39fd39fd09
fcd1fcb9fcf9fd21
fca1fcc9fd01fce9
fc70fc68fc58fc78
fd82fc78fc89fc89
03e003d80357013d
03e003e003f003e8
039003a803c803d8
0367035f03670377
03470327032f034f
03770390037f0367
032f0357036f036f
017d01be026e02ef
017d017d0175017d
017d018601860186
014d014d014d014d
014d014d014d014d
014d01550155014d
014d014d014d014d
014d014d01550155
014d015501550155
fde2fdb2fe0200b5
fce9fd21fd41fdb2
fc28fc50fc99fca9
fc18fc10fc10fc20
fc48fc38fc28fc20
fc38fc38fc38fc48
fca9fc89fc40fc28
fd01fcc9fcc1fcb9
fce9fd31fd71fd29
fcc9fcc1fcd1fce1
fce1fcf1fcd1fcc9
fcc9fce1fd01fcf9
fcb1fd09fd31fd09
fc91fc99fcd1fcc1
fc68fc78fc60fc81
0044fd29fc78fc89
03e003d803a80327
03d803d803e003e0
037f039803b003c8
03770377036f036f
03470337034f036f
036f0388037f0367
030f033f03570357
016d01b6026602d7
0175016d01650165
017d017d0186017d
014d014d014d014d
014d014d0145014d
014d014d014d014d
014d014d014d014d
0155014d014d014d
014d01550155014d
fdcafd82fe2200ad
fd09fd39fd92fdca
fc58fc99fce1fd01
fc08fc10fc18fc38
fc40fc28fc18fc10
fc20fc28fc28fc28
fc70fc28fc30fc28
fcf1fce9fcb9fcc9
fcb9fd21fd39fcd9
fc91fc78fca9fcc1
fcc1fcc1fce1fcc9
fcb1fc99fcc9fcf1
fcb9fd29fd11fcc9
fc99fcb1fcc1fca1
fc70fc89fc60fc89
032f00ddfd8afc68
03d803d003c003a8
03d003d003d803e0
035f0377039003b8
036f03670357034f
0367035f0367036f
038803a003a00388
0317034f03670367
016d01ae024e02d7
01750165015d0165
017d017d0186017d
0145014501450145
0145014501450145
014d014d014d014d
014d014d014d014d
0155014d014d014d
014d01550155014d
fdaafd9afe32009d
fd51fd8afdb2fdca
fc99fcd1fd09fd31
fc18fc30fc48fc70
fc20fc10fc10fc18
fc18fc28fc18fc10
fc60fc18fc28fc30
fc99fcd1fca1fca1
fca1fce1fce9fca9
fc81fc91fc89fca1
fc91fc89fce9fcb9
fcb1fc91fc89fca9
fd19fd31fcd9fcb1
fc68fc91fcb1fca1
fc70fc70fc60fc70
03b0033f0155fdd2
03d803d003d803c8
03c003c803c803d8
03370357038803a8
03570347032f031f
0388036f036f0367
03a003c003c003a8
032f036f03880388
0165019e023602cf
01750165015d015d
0186017d017d017d
0145014501450145
0145014501450145
014d014d01450145
0145014d014d014d
014d0145014d014d
014d014d014d014d
fd92fdbafe0a0044
fd71fdc2fde2fdd2
fcb1fcf1fd29fd49
fc50fc50fc70fc89
fc18fc28fc40fc50
fc18fc20fc10fc10
fc28fc10fc10fc10
fc78fc99fca1fc78
fc91fcb9fc81fc60
fc58fc81fc78fc78
fc48fc58fc78fc70
fc89fc91fc60fc60
fd09fd41fcf1fc81
fc30fc30fc68fc89
fd82fc99fc50fc38
03b80377030f013d
03d803d803d803d0
03b803d003d003d8
0317034f038803a0
032f02ff02f702ff
03900377035f034f
03a803c803c803b0
0337037703900390
015d018e022602cf
016d015d014d0155
017d017d0186017d
0145014501450145
01450145013d0145
014d014d01450145
014d014501450145
014d014d014d0145
014d01450145014d
fd92fdcafddaffdc
fd8afdd2fde2fdda
fce1fd19fd41fd61
fc68fc78fc91fca9
fc48fc58fc58fc68
fc10fc10fc20fc30
fc30fc10fc10fc10
fc58fc40fc30fc78
fc78fc89fc70fc58
fc50fc60fc60fc60
fc40fc38fc48fc68
fc50fc50fc58fc48
fc91fd09fcc9fc70
fc20fc28fc38fc48
fe6afd41fcc1fc48
03c00388033f0246
03d803d803d003d0
03c803d003d003d0
03270357039003b0
031f02ef02f7030f
0388035f033f032f
03a003b803c003a8
0327036f03880390
0155017d020e02bf
016d015d014d014d
017d017d0186017d
0145013d013d0145
013d0145013d0145
0145014501450145
0145014501450145
0145014d014d0145
013d0145013d0145
fd92fdcafdcaff9c
fd9afdd2fddafdda
fd01fd41fd51fd79
fc89fc91fca9fcc9
fc60fc68fc70fc68
fc28fc40fc48fc50
fc18fc10fc08fc18
fc18fc10fc10fc20
fc40fc30fc30fc28
fc38fc40fc38fc40
fc28fc28fc48fc48
fc38fc30fc40fc30
fc38fc81fc99fc70
fc89fc40fc20fc28
feabfd9afd59fce9
03c00390033f024e
03d803d803d003d0
03d803d803d803d8
0347036f03a003c0
0347033f033f033f
0377034f03370337
0377039003a80398
030f034f036f0377
014d0175020602af
016d015d014d014d
017d017d017d017d
013d013d01350135
013d013d013d013d
013d013d0135013d
0145013d013d013d
0145014501450145
00e50135013d013d
fdb2fdbafdcafefb
fda2fdd2fdd2fdea
fd19fd41fd71fd9a
fca1fcb9fce1fcf9
fc70fc78fc89fc91
fc50fc60fc58fc60
fc10fc18fc28fc40
fc10fc10fc10fc10
fc20fc18fc10fc10
fc18fc28fc30fc20
fc30fc20fc40fc20
fc60fc58fc30fc38
fc10fc18fc50fc50
fcf9fcb1fc50fc18
ff03fdaafd69fd31
03c003900337025e
03d803d803d803d0
03e003e003d803d8
035f037f03a803c8
0357034f034f0347
0377035703470347
0367038803a00398
02ff03370357035f
014d016d01f602a7
016d0155014d014d
017d017d017d0175
0135013501350135
0135013501350135
013501350135013d
013d013d01350135
013d01450145013d
ff5b00dd01250135
fde2fdaafdaafe12
fdc2fddafdd2fdea
fd39fd71fda2fdaa
fcc9fcd9fcf9fd11
fc81fc91fc91fca9
fc58fc60fc68fc68
fc30fc48fc50fc50
fc08fc10fc18fc20
fc10fc18fc10fc08
fc10fc18fc10fc08
fc30fc10fc10fc10
fc20fc28fc18fc20
fc38fc20fc28fc28
fd31fd09fcc9fc78
ff33fdbafd8afd51
03b8039003370266
03d803d803d803d0
03e003e003d803d8
0347037703a803c8
0347032f03270327
03900377035f034f
036f039003b003a8
02f7033f035f036f
014d016d01e60297
0175015501450145
017d017d017d0175
012d012d012d012d
012d012d012d012d
01350135013d012d
0135012d012d0135
00bd012501350135
fe32ff0bffb40044
fdfafdc2fdaafdea
fdcafddafde2fde2
fd51fd79fd9afdc2
fce9fce9fd01fd21
fc89fc99fca9fcc9
fc70fc78fc89fc81
fc58fc58fc60fc60
fc20fc28fc38fc48
fc10fc18fc18fc18
fc08fc10fc10fc08
fc10fc10fc10fc08
fc28fc20fc18fc10
fc99fc81fc68fc48
fd61fd29fcf9fcc9
ff73fdcafd92fd79
03c003900337027e
03e003e803e003d8
03e003e803e803e0
0327036703a003c8
032f02ff02ef02ff
0398037f03670357
039803b803c803c0
0307034f037f0390
014d016501ce0287
0175015d0155014d
0175017501750175
013501350135012d
012d013501350135
0125012d013d0135
012501350135012d
fe02ff03003400f5
fe0afe0afe3afe22
fddafdf2fdaafdc2
fddafde2fdb2fd79
fd59fd92fdaafdd2
fce9fd09fd11fd39
fc91fca9fcc9fce1
fc81fc89fc91fc91
fc60fc60fc70fc70
fc40fc48fc50fc58
fc28fc30fc38fc38
fc28fc20fc20fc20
fc38fc30fc30fc28
fc70fc60fc48fc38
fcd1fcc1fcb9fc91
fd61fd31fd19fcf1
ffd4fde2fdbafd92
03c803a0034f02af
03e803e803e803e0
03e003f003f003e8
030f035f03a003c8
030702c702af02d7
0398036f0357032f
03b003c803d003b8
0307035f039003a8
0155015d01b60276
0175015d01550155
0175017501750175
012d012d012d012d
012d0135012d0135
0125012d012d012d
000c00e501250125
fe12fd79fd8afeb3
fdf2fdf2fdfafe32
fdc2fe12fdcafda2
fde2fdcafd82fdba
fd82fda2fdcafdd2
fcf1fd19fd39fd59
fca9fcc1fcd9fce9
fc99fc99fc99fca1
fc70fc70fc78fc91
fc40fc50fc58fc68
fc40fc40fc40fc38
fc48fc40fc38fc40
fc58fc58fc50fc40
fc91fc78fc78fc60
fce9fce1fcd1fcb9
fd61fd31fd31fd09
002cfdeafdbafda2
03d003b0036702ef
03e803e803e003d8
03e003e803e803e8
0317035f03a003c8
02f702c702af02d7
0388035f032f0307
03c803c803c803a8
02ff035f039803c0
015d015d01a60266
0175016501650165
016d01750175016d
012d012d012d012d
012d012d0125012d
010d012501350125
fd9afeb3fff400cd
fe2afe3afdcafd39
fdcafe12fde2fdea
fdbafe02fdfafda2
fdeafda2fddafdfa
fd9afdbafdd2fdea
fd11fd31fd49fd79
fcc9fce9fcf1fd01
fcb1fcb1fca9fcb1
fc89fc99fca1fca9
fc48fc60fc68fc78
fc40fc48fc48fc48
fc48fc40fc38fc40
fc60fc48fc48fc48
fcb9fca1fc89fc68
fd11fd09fcf9fcc9
fd79fd61fd39fd21
005cfdfafdc2fda2
03d003b003770307
03e803e003d803e0
03d803e003d803e0
033f036f03a003c8
03170317030f0327
036f033f030f0307
03c803c803c00398
02f70357039803c8
0165016d01ae025e
0175016d016d016d
016d017501750175
01250125011d010d
011d0125012d0125
ff94003400cd010d
fd41fd19fdd2fee3
fdeafe0afe42fe1a
fdbafe22fe22fdf2
fdbafdfafdfafda2
fdc2fdd2fe12fe22
fd92fdb2fd8afdca
fd29fd51fd71fd92
fce9fd09fd11fd11
fcc1fcc9fcc1fcd1
fca1fcb1fcb1fcc1
fc60fc68fc81fc91
fc40fc48fc50fc50
fc40fc40fc40fc48
fc68fc50fc48fc48
fcd9fcc1fca1fc81
fd31fd21fd09fcf9
fd82fd61fd51fd39
006cfe02fdc2fda2
03c803a8036f0307
03e003d803d803d0
03d003e003e003e0
0357037703a003b8
034f0347034f034f
036f033f031f032f
03c803d003c00398
02ef0357039803c8
016d017d01a6024e
0175016d016d016d
01750175016d016d
011d010d00ed00b5
005400a500dd0115
fe0afe5afee3ffb4
fe3afd59fd41fdca
fe22fe02fe22fe4a
fdbafe22fe32fe2a
fdd2fdeafdeafdaa
fd9afe12fe2afe2a
fda2fd69fd82fd9a
fd51fd61fd82fd9a
fcf9fd09fd19fd21
fcd9fce1fce1fcf1
fcb1fcb9fcd1fcd9
fc70fc78fc91fca9
fc58fc58fc58fc60
fc40fc40fc40fc50
fc81fc68fc58fc50
fce9fcc9fca9fc91
fd29fd29fd21fd09
fd8afd82fd61fd49
0085fe0afdcafdaa
03c803a8035f0307
03e003d803d003c8
03c803d803d803e0
0347036f039003b0
0357034703470347
03880367034f0357
03c803d003d003b8
02df034f03a003d0
0175017d019e0246
016d016d016d016d
0175016d0165016d
00040074006c0024
fe22fe52fe93ff43
fdd2fddafddafdda
fe52fe3afd71fd71
fe3afe3afe1afe22
fdbafe1afe3afe32
fddafde2fde2fdba
fdb2fdcafe1afe3a
fd9afd71fe0afe12
fd59fd82fd92fdba
fd01fd09fd21fd49
fce1fce1fd01fd11
fcb1fcc1fcd9fce9
fc81fc99fca1fcb1
fc58fc60fc68fc70
fc50fc58fc50fc50
fc91fc78fc60fc50
fcf9fce1fcc9fca1
fd39fd39fd29fd19
fd8afd8afd79fd59
0085fe12fddafdba
03c003a803670307
03e003d803d003c8
03c803d003d803e0
032f034f037f03b0
03570337031f0317
03a8037f035f035f
03d003d803d803d0
02d7034703a003d0
016d01750196022e
016d0165016d0165
016d016d0165016d
fdfafe72ff2bff73
fd69fdc2fde2fdc2
fd79fdd2fdaafd9a
fe32fe62fe0afd31
fe42fe5afe1afe1a
fd9afdeafe3afe3a
fde2fdeafdeafdba
fe12fda2fdcafe32
fd8afdcafe22fe1a
fd69fd92fdb2fdca
fd11fd29fd51fd69
fce9fcf9fd09fd19
fcc9fcc1fcc9fce1
fc91fc99fca1fcc9
fc48fc68fc81fc89
fc58fc58fc58fc48
fca1fc89fc78fc68
fd11fce9fce1fcb9
fd49fd41fd31fd21
fd9afd82fd71fd61
0095fe2afdf2fdc2
03c003a8036f030f
03e003d803d803d0
03c803d803e003e0
0307033f037703b0
033f031702e702e7
03b0037f035f034f
03c803d003d803d0
02bf0337039003c0
016d016d0186021e
0165015d01650165
01650165016d016d
0216021602160216
0226022602260226
022602160216020e
0236023602260226
021e021e0226022e
0226022602260226
022e022e02260226
022e022e022e022e
023602360236022e
023e023e023e0236
023e023e023e023e
0246024602460246
0246024602460246
025e0256024e0246
025e0256025e025e
024e024e0256025e
024e0256024e024e
0246024602460246
02560256024e0256
026e026e025e025e
026602660266026e
025e025e02660266
02660266026e026e
026e026e02660266
02660266026e026e
02660266026e026e
026602660266026e
0266026602660266
0266026602660266
026602660266026e
026e026e026e026e
0276026e026e026e
0216021602160216
0226022602260226
0226021602160216
023e022e022e0226
0226021e022e022e
0226022602260226
0236022e022e022e
0236022e02360236
023e023602360236
023e023e023e023e
024602460246023e
0246024602460246
0246024602460246
024e024e024e0246
0256025602560256
024e024e024e0256
024e02560256024e
024e024e024e0246
02560256024e024e
026e025e025e0256
0266026602660266
0256025e02660266
025e025e025e0266
026e026e025e025e
026e026e026e026e
02660266026e026e
0266026602660266
026e026e02660266
026e026e02660266
026e026e026e026e
026e026e026e026e
026e026e026e026e
0216021602160216
0226022602260216
022e021e021e0216
022e022e022e022e
02260226022e022e
0226022602260226
0236022e022e0226
0236023602360236
023e023e02360236
023e023e023e023e
024602460246023e
0246024602460246
0246024602460246
024e024e02460246
024e024e024e024e
024e024e024e024e
024e02560256024e
024e024e024e0246
02560256024e024e
0266025e025e0256
025e026602660266
025602560256025e
025e025e025e025e
026e026e025e025e
026e026e0266026e
02660266026e026e
0266026602660266
026e026e02660266
026e02660266026e
026e026e026e026e
026e026e026e026e
026e026e026e026e
0216021602160216
021e021602160216
021e021e021e021e
022e022e022e0226
0236022e02260226
0226022e022e022e
023602360236022e
0236023602360236
023e023e023e0236
023e023e023e023e
0246024602460246
0246024602460246
0246024602460246
0246024602460246
024e024e024e024e
024e024e024e024e
02560256024e024e
024e024e024e024e
02560256024e024e
025e025e025e025e
0256025e025e0256
0256025602560256
025e025e025e025e
026e026e025e025e
02660266026e026e
0266026602660266
0266026e02660266
0266026602660266
0266026602660266
026e026e026e026e
026e026e026e026e
026e026e026e026e
0216021602160216
021e021e02160216
02260226021e021e
022602260226022e
02360236022e022e
0236023602360236
0236023602360236
023e023e02360236
023e023e023e023e
02360236022e023e
0246024602460246
0246024602460246
0246024602460246
0246024602460246
024e024e024e024e
0256024e024e024e
0256025e02560256
024e024e024e024e
025e025602560256
025e0256025e025e
0256025e0256025e
025e025e025e025e
025e025e025e025e
026e0266025e025e
0266026e026e0266
0266026602660266
0266026e026e0266
0266026602660266
026e026e026e026e
026e026e026e026e
026e026e026e026e
026e026e026e026e
0216021602160216
0226021e021e021e
022e022602260226
022e022e022e022e
0236023e02360236
02360236023e023e
0236023e023e0236
023e023e02360236
02460246023e023e
0236023602360236
0246024602460246
0246024602460246
0246024602460246
0246024602460246
024e024e024e024e
0256024e024e024e
0256025e025e025e
0256024e024e024e
026e025e02560256
025e025e02660266
0256025e0256025e
025e025e02660256
025e025e025e025e
0266025e0266025e
0266026602660266
0266026602660266
026602660266026e
0266026602660266
026e026e026e026e
026e026e026e026e
026e026e026e026e
026e026e026e026e
021e021e021e0216
022602260226021e
022e0236022e022e
0236022e02360236
0236023602360236
0236023e023e0236
023e023e023e0236
02360236023e023e
02460246023e023e
0236023602360236
0236023e02360236
0236023e023e0236
0246024602460246
0246024602460246
024e024e024e024e
024e024e024e024e
025e025e025e025e
024e0256024e0256
026e0266025e0256
0256025e02660266
025e025e0256025e
0256025602560256
025e025602560256
025e025e025e025e
0266026e02660266
0266026602660266
026602660266026e
0266026602660266
026e026e026e026e
0266026e026e026e
026e026e026e026e
026e026e026e026e
021e021e021e021e
0226022e0226021e
0236023e023e0236
023602360236023e
023602360236023e
023e023e023e022e
023e023e023e0236
023e023e023e023e
0246024602460246
023e02360236023e
023e0246023e023e
023e02460246023e
0246024602460246
024e024602460246
024e024e024e024e
02560256024e024e
0266025e025e025e
0256025602560256
026e0266025e024e
025e025e0266026e
0266026602660266
02560256025e025e
0256025e025e0256
025e025e0256025e
0266026602660266
0266026602660266
0266026602660266
0266026602660266
026e026e026e026e
0266026e026e0266
026e026e026e026e
026e026e026e026e
0226022602260226
022e0226022e0226
0236022e023e0236
0236022e022e0236
023602360236022e
023e023e023e0236
022e022e022e022e
0236023602360236
0236023602360236
0246023e023e023e
0246024e02460246
023e02460246023e
024e024e024e024e
0246023e02460246
025e025e025e024e
0256025e025e025e
0256024e024e0256
0256025602560256
025e025602560256
0266025e025e025e
0266026602660266
025e025e025e0266
0256025e025e025e
02560256025e025e
0266026e026e026e
0266026602660266
0266026602660266
0266026602660266
0266026602660266
0266026e026e0266
026e026e02660266
026e026e026e026e
0226022602260226
022e022e022e022e
0236022e0236022e
0236023602360236
0236023602360236
0236023602360236
02360236022e022e
02360236023e0236
0236023602360236
024e0246023e023e
0246024e024e024e
023e02460246023e
0246023e02360236
024e024e024e024e
024e024e024e024e
0256024e024e024e
024e0256025e025e
024602460246024e
02560256025e0256
025e025e025e025e
0266026602660266
025e025e025e0266
025e025e025e025e
02560256025e025e
026e026e026e026e
0266026602660266
0266026602660266
0266026602660266
0266026602660266
0266026e026e0266
026e026e02660266
026e026e026e026e
022e022602260216
0236022e022e0236
022e022e022e022e
0236022e022e022e
0236023602360236
0236023602360236
0236023602360236
0236023602360236
0236023602360236
024e0246023e0236
0246024e024e024e
023e02460246023e
0256024e023e023e
0256025e025e025e
024e024e024e0256
025e024e024e024e
026602660266026e
024e024e024e025e
0256025e025e0256
025e025e02560256
0266026602660266
025e025e02660266
025e025602560256
025e0266025e025e
02660266026e026e
0266026602660266
0266026602660266
0266026602660266
0266026602660266
0266026602660266
026e026602660266
026e0266026e026e
022e02260226021e
0236022e0226022e
0226022e022e022e
0236022e02260226
0236023e023e023e
023e023e023e023e
023602360236023e
0236023602360236
0236023602360236
023e023e02360236
024e024602460246
0246023e023e024e
02560256024e024e
0246024e0246024e
024e02560256024e
0266025e0256024e
024e025602560256
025e0256024e0256
025602560256024e
02560256024e024e
025e025e025e025e
025e025e0266025e
025e025e02560256
025e025e025e025e
02660266026e026e
0266026602660266
0266026602660266
0266026602660266
0266026602660266
0266026602660266
0266026602660266
02660266026e026e
022e022e021e0216
022e022e02260226
0226022602260226
0236022e022e022e
0236023e023e0236
023e023e023e023e
023602360236023e
0236023602360236
0236023602360236
023e0246023e0236
024e023e023e023e
0246023e0246024e
02460246024e024e
023e0236023e0246
0246024e024e024e
025e025e024e0246
0246023e024e0256
02460246023e0246
024e024e024e024e
02560256024e024e
025e025e025e0256
025e025e025e025e
025e025e02560256
0266025e02660266
026602660266026e
0266026602660266
026602660266025e
0266025e025e025e
0266026602660266
0266026e02660266
0266026602660266
026e026e026e026e
022602260226021e
022e022e022e0226
022e02260226021e
023602360236022e
0236023e02360236
023e023e023e023e
023602360236023e
0236023602360236
0236023602360236
023e0246023e0236
02460246023e023e
024e023e024e024e
025602560256024e
01ce0216023e0256
00d500ed014d019e
018e011d010500d5
0246022e01fe01d6
0246024602460246
024e024e02460246
0256024e0246024e
025e025e0256024e
0256025602560256
025602560256024e
02660266025e025e
0266026602660266
0266026602660266
025e025e025e025e
0266025e025e025e
0266026602660266
0266026602660266
0266026602660266
026e026e026e026e
022602260226021e
022e022e022e0226
022e022e02260226
023602360236022e
023e023e02460236
023e023e0236023e
0236023602360236
0236023602360236
023e023602360236
023e023e023e023e
0246024602360236
024e0246024e024e
01b6023e02660266
ff03ff73001c00ed
febbfeb3fe8bfe93
fec3fe8bfedbfebb
0095fff4ff43fefb
024e024601fe015d
024e024602460246
024e024e024e024e
025602560256024e
024e024e024e024e
025e024e024e024e
026602660266025e
0266026602660266
025e026602660266
025e025e025e025e
025e025e025e025e
025e0266025e025e
0266026602660266
0266026602660266
026e026e026e026e
02260226021e0216
022e022e022e0226
022e022602260226
023e02360236022e
023e023e023e0236
0246024e0246023e
0236023602360236
0236023602360236
023e023602360236
023e023e023e023e
0246024602360236
0246024e024e0246
ff130004012501e6
fe8bfe72fe72fe7a
fecbfecbfeb3feb3
fec3fef3fed3fec3
feabfea3feabfeab
0165004cff63fecb
024e02460246020e
024e024e024e0246
02560256024e0246
0246024e0246024e
025e024e024e0246
0266026602660256
025e025e02660266
025e025e025e025e
025e025e025e025e
025e0256025e025e
025e025e025e025e
026602660266025e
0266026602660266
026e026e026e0266
0226021e021e0226
0236022e022e0226
0226022602360236
023e024602360226
023e023e023e023e
023e024602460246
023e023e023e023e
024602460246023e
024602360236023e
0236023e024e024e
023e02360236023e
008d019e0226023e
febbfeb3fecbff6b
febbfecbfebbfe9b
fed3ff03feebfedb
fedbfee3fed3fedb
ff1bfefbfebbfed3
feebfedbfef3ff13
024601fe00fdffcc
024e024e02460246
0256025e024e0246
023e0246023e024e
02560256024e0246
025e025e02660256
025e025e02660266
025e025e025e025e
025e025e025e025e
025e025e025e025e
0266025e025e025e
0266026602660266
0266026602660266
0266026e026e0266
0226021e022e0226
022e0226022e0226
0226022e02360236
023e023e02360226
0236023e023e023e
023e023e02460246
023e023e023e023e
0246024602460246
023e02360246024e
022e023e02460246
022602360236023e
fef3ff5b0054017d
fefbfedbfecbfee3
feebfeebff0bfeeb
fee3feebfef3feeb
ff1bff13ff0bff13
ff23fee3fee3ff0b
ff2bff6bff53ff2b
01550004ff1bfef3
024e023e0236020e
024e024e024e0246
024e0246023e0246
02560256024e024e
025e025e02660256
025e025e025e0266
025e025e025e025e
025e025e025e025e
025e025e025e025e
02660266025e025e
0266025e02660266
0266026602660266
0266026e026e0266
021e022602260226
022e022602260226
022e022e02360236
023e023602360236
02360236023e023e
023e023e023e0246
023e023e023e023e
0246024602460246
024e024e024e0246
0246023e02360236
005c018602260256
feebfedbfeebff3b
fec3fed3feebfef3
fedbfee3fef3fecb
fef3fef3fee3fee3
ff13ff0bff13fefb
ff0bfee3fee3ff0b
ff4bff6bff5bff43
ff5bff2bff2bff43
025602360186001c
024602460246023e
025602460236023e
0256025602560256
025e025e0266025e
025e025e025e025e
025e025e025e025e
025e025e025e025e
025e025e025e025e
025e0266025e025e
0266026602660266
0266026602660266
0266026602660266
022e022602260226
022e022602260226
022e022e0236022e
023e02360236022e
022e022e0236023e
023e023e023e023e
023e023e023e023e
023e024602460246
0256025e02460236
02560246022e0236
fef3ff5b009d01ee
feebfeebfeebfef3
feb3feb3fedbfeeb
fed3fedbfee3fedb
ff2bff03feebfeeb
ff0bff2bff33ff1b
ff43ff0bfeebfedb
ff63ff63ff5bff43
ff7bff5bff73ff7b
01fe0105ffbcff63
0256025602560246
02560246023e0246
0256025602560256
025e025e025e025e
025e025e025e025e
025e025e025e025e
025e025e025e025e
025e025e025e025e
025e025e0266025e
0266025e025e025e
026602660266025e
0266026602660266
022e022602260226
022e022602260226
022e02360236022e
023e023602360236
023602360236023e
023e023e023e023e
023e023e023e023e
023e023e023e023e
024e02460246023e
0135021e023e023e
ff13ff1bff13ffac
fee3fedbfedbfedb
fec3fecbfed3fedb
fef3fef3fef3feeb
ff4bff33ff23ff13
ff23ff6bff4bff43
ff43ff3bfef3fef3
ff5bff5bff73ff43
ff94ff84ff6bff6b
004cffd4ffb4ffa4
025e025e024601a6
024e024602460256
025e024e024e024e
025e025e025e025e
025e025e025e025e
025e025e025e025e
025e025e025e025e
025e025e025e025e
025e025e025e025e
0266025e025e025e
02660266025e025e
0266026602660266
0226022602260226
02260226022e022e
022e02360236022e
023e02360236022e
0236023602360236
023e023e023e023e
023e023e023e023e
0246023e023e023e
022e022602360256
ff1b005401c6023e
fef3fef3fefbfefb
fedbfecbfecbfecb
fed3fed3fec3fec3
fef3fef3fef3feeb
ff33ff33ff2bff03
ff3bff5bff53ff2b
ff43ff33ff03ff1b
ff63ff5bff5bff3b
ff9cff8cff6bff84
ffacffacffb4ffb4
024e022601550044
024e0246024e0256
025e025e025e0256
025e025e025e025e
025e025e025e025e
025e025e025e025e
025e025e025e025e
025e025e025e025e
025e025e025e025e
025e025e025e025e
0266026602660266
0266026602660266
022602260226021e
02260226022e022e
02360236022e022e
0236023602360236
0236023e023e023e
023e023e023e023e
023e023e023e023e
023e023e023e023e
02060236023e0246
febbfec3ff4b00e5
fec3febbfed3fee3
feabfec3fed3fed3
fed3fec3fec3febb
ff03fefbff03fef3
ff33ff3bff2bff13
ff33ff4bff53ff2b
ff53ff3bff4bff2b
ff73ff63ff53ff43
ff9cff84ff84ff84
ffccff8cff94ffa4
0216010dfffcffec
024e024e0256024e
025e025e025e025e
025e025e025e025e
025e025e025e025e
025e025e025e025e
025e025e025e025e
025e025e025e025e
025e0266025e025e
025e025e025e025e
0266026602660266
0266026602660266
0226021e021e021e
02260236022e022e
0236022e022e0226
02360236022e0236
0236023e023e023e
023e023e023e023e
023e023e023e023e
0246023e023e0236
ffdc018e023e023e
fea3fe9bfe8bfeab
febbfec3fed3fec3
feabfeb3fec3fec3
febbfebbfec3feb3
ff03fef3fee3fedb
ff43ff4bff3bff23
ff43ff53ff5bff43
ff6bff63ff33ff13
ff73ff73ff63ff63
ff84ff8cff73ff73
ffa4ff94ff8cff8c
00f5fff4ffdcffb4
025e025e025e021e
025e025e025e025e
025e025e025e025e
025e025e025e025e
025e025e025e025e
025e025e025e025e
025e025e025e025e
025e0266025e025e
025e025e025e025e
0266026602660266
0266026602660266
0226021e021e021e
02360236022e0226
022e022e022e022e
023602360236022e
023e023e023e023e
023e0236023e023e
0246024e02460236
025602460236022e
fe3afec3006401ee
fe83fe62fe62fe62
fe9bfeabfeabfe9b
fea3feabfea3feab
febbfebbfeb3fe9b
ff0bfef3fed3fecb
ff43ff4bff3bff2b
ff63ff73ff63ff4b
ff73ff5bff53ff5b
ff73ff7bff73ff73
ff73ff73ff5bff6b
ff7bff7bff6bff73
ffd4ffdcffb4ff84
025e025e022e00e5
025e025e025e025e
0256025e02660266
0256025e025e025e
025e025e025e0256
025e025e025e025e
025e025e025e025e
025e025e025e025e
025e025e025e0266
02660266025e025e
0266026602660266
0226021e021e021e
022e022e02260226
0226022e02360236
023602360236022e
0246023e023e023e
02360236023e023e
023e0236022e022e
012d022602460246
fe7afe72fe42ff53
fe83fe52fe4afe62
fe9bfe93fe93fe8b
fe9bfe8bfe9bfeab
fec3feb3fea3fe9b
ff13ff0bfee3fed3
ff43ff33ff2bff1b
ff5bff73ff63ff53
ff6bff63ff6bff63
ff73ff7bff84ff7b
ff5bff5bff53ff63
ff63ff63ff53ff63
ffccffa4ff84ff73
0256021e00adff9c
024e0256024e0256
025e025e025e025e
025e025e025e025e
025e025e025e025e
025e025e025e025e
025e025e025e025e
025e025e025e025e
025e025e025e0266
02660266025e025e
0266026602660266
0226021e021e021e
022e022602260226
022602360236022e
02360236022e022e
0246023e023e023e
02360236023e023e
0246022e021e0226
fe8b00a502260256
fe5afe72fe3afdf2
fe8bfe62fe62fe4a
fe93fe8bfe8bfe8b
fe93fe93fe9bfe9b
feb3feb3fea3fe9b
ff1bff0bfeebfed3
ff3bff2bff23ff1b
ff63ff6bff6bff63
ff84ff73ff6bff63
ff53ff6bff7bff73
ff3bff53ff5bff5b
ff5bff5bff63ff53
ff84ff6bff6bff6b
01fe0074ff3bff7b
02460246023e0246
025e025e024e024e
025e025e025e025e
025e025e025e025e
025e025e025e025e
025e025e025e025e
0266025e025e025e
025e026602660266
02660266025e025e
0266026602660266
021e021e02160216
022602260226021e
02360236022e0226
02360236022e0226
023e02360236023e
02360236023e023e
02560236022e0226
fe1afe5200640216
fe62fe62fe3afe2a
fe72fe5afe62fe62
fe83fe7afe72fe83
fe7afe72fe7afe7a
febbfeabfea3fe8b
ff13fefbfef3fee3
ff33ff2bff13ff1b
ff73ff73ff63ff63
ff8cff84ff7bff6b
ff43ff5bff7bff8c
ff43ff4bff4bff4b
ff4bff53ff53ff4b
ff3bff43ff4bff4b
0085ff3bff7bff5b
024e024e023e01fe
0256024e023e0246
025e025e025e025e
025e025e025e025e
025e025e025e025e
025e025e025e025e
0266025e025e025e
0266026602660266
0266025e025e0266
0266026602660266
021e021e02160216
021e021e021e021e
022e022602260226
0236022e02260226
023e023602360236
023602360236023e
02060256023e022e
fe22fe02fe420014
fe3afe5afe52fe32
fe42fe42fe42fe52
fe62fe6afe62fe5a
fe7afe6afe62fe6a
febbfeabfe93fe93
ff13fef3fee3fecb
ff43ff33ff3bff33
ff73ff63ff63ff5b
ff7bff84ff7bff73
ff4bff5bff73ff84
ff3bff43ff43ff4b
ff3bff53ff5bff4b
ff2bff3bff3bff2b
ff43ff6bff6bff33
02560256022e00ad
0246023e023e024e
025e025e025e0256
025e025e025e025e
025e025e025e025e
025e025e025e025e
0266025e025e025e
0266026602660266
025e025602560256
0266026602660266
021e021e02160216
021e021e021e021e
0226021e021e021e
022e02260226022e
023e022e022e022e
023602360236023e
000c020e024e023e
fe22fe02fdf2fe22
fe52fe6afe4afe1a
fe42fe3afe42fe52
fe42fe4afe5afe5a
fe5afe42fe52fe42
febbfea3fea3fe83
ff13fee3fed3fed3
ff53ff4bff4bff2b
ff7bff63ff73ff6b
ff8cff8cff84ff73
ff4bff5bff63ff73
ff3bff3bff43ff4b
ff2bff33ff3bff23
ff13ff13ff1bff23
ff5bff84ff43ff1b
025e0246010dff53
023e023602460256
025e025e024e024e
024e024e025e025e
025e025e025e025e
025e025e025e025e
0266025e025e025e
0266026602660266
0256025602560256
0266026602660266
021602160216020e
0216021602160216
021e021e021e021e
022e022602260226
0236022e022e022e
023e023602360236
fe12003402060246
fdeafe02fdeafdf2
fe5afe62fe4afe02
fe62fe42fe2afe3a
fe2afe32fe5afe6a
fe4afe22fe3afe2a
fec3fea3fe8bfe6a
ff1bff03fedbfecb
ff73ff63ff43ff33
ff94ff84ff7bff73
ff84ff8cff8cff8c
ff43ff5bff5bff7b
ff33ff3bff4bff33
ff1bff1bff1bff23
feebfeebff0bff23
ff5bff4bff13ff03
025e019eff9cff2b
023e023e0246025e
025e025e024e023e
0246024e025e025e
024e024e024e024e
024e024e024e024e
0266025e025e025e
0266025e025e0266
0256025602560256
0266026602660266
02160216020e0206
02160216020e020e
021e021602160216
022602260226021e
022e022602260226
0236022e02360236
fdc2fe0a0064021e
fddafdeafdeafde2
fe32fe4afe2afdf2
fe62fe52fe2afe0a
fe2afe32fe3afe52
fe3afe2afe1afe0a
feabfe93fe72fe4a
ff0bff0bfef3febb
ff84ff73ff4bff2b
ff94ff8cff84ff84
ffacffb4ffa4ff8c
ff43ff5bff6bffa4
ff1bff23ff33ff33
fefbfefbff03ff0b
febbfebbfeebff0b
ff33ff13fefbfedb
021e002cff1bff43
024e024e024e025e
025e0256024e0246
0246024602560266
024e024e024e024e
024e024e024e024e
02660266025e025e
0266026602660266
0256025602560256
0266026602660266
02060206020601fe
020e020e020e0206
0216021602160216
0226021e021e021e
0226022e0226021e
02260226021e0226
fdcafdaafe4200e5
fdfafdd2fdd2fdc2
fe2afe42fe2afdf2
fe42fe2afe22fe12
fe0afe1afe2afe42
fe32fe1afe02fe02
fe9bfe7afe7afe62
ff1bfef3fed3feb3
ff84ff73ff6bff3b
ff8cff8cff94ff84
ff9cff94ff8cff84
ff3bff4bff6bff9c
ff0bff13ff23ff33
fec3fee3feebfefb
feb3febbfec3feb3
ff1bfefbfecbfec3
014dff1bff2bff63
023e023e024e024e
025e025e024e023e
023e023e024e025e
025e024e024e024e
025e025e025e025e
0256025602560256
0266026602660266
0256025602560256
0266026602660266
020601fe01fe01fe
020e020602060206
020e020e020e020e
02260226021e0216
021e0226021e0216
0196021e02260226
fdcafdd2fdb2febb
fe12fdf2fde2fdda
fe2afe42fe1afe02
fe22fe12fe12fe12
fdf2fdf2fe12fe22
fe1afe02fe02fe0a
fe83fe52fe52fe42
ff23feebfeb3fea3
ff94ff9cff7bff43
ff94ff84ff94ff8c
ff9cff9cff84ff94
ff33ff4bff6bff94
fefbff1bff1bff23
fe9bfebbfeebfefb
fea3feb3feb3fea3
ff03feebfebbfea3
0004ff1bff3bff4b
023e023e02460216
02560256024e0246
023e023e024e025e
025e024e024e024e
025e025e025e025e
024e024e02560256
0266026602660266
0266025602560256
0266026602660266
020e020602060206
020e020e020e020e
020e0206020e020e
0216021602160216
021e021e020e020e
ffdc01ee021e021e
fde2fdcafdcafdb2
fdfafdcafdc2fdca
fe2afe4afe12fe0a
fe02fe02fdfafe12
fe02fdf2fdf2fe0a
fe0afdfafdfafe02
fe8bfe5afe3afe12
ff2bfeebfebbfeab
ff94ff9cff7bff5b
ff94ff73ff6bff6b
ff84ff94ff9cff94
ff33ff4bff53ff6b
fee3ff1bff1bff23
fe8bfeabfedbfedb
fe8bfe8bfe93fe8b
ff0bfedbfeabfeab
ff33ff4bff53ff33
023e023e023e0186
024e024e024e023e
023e023e024e024e
024e024e024e024e
0266025e025e024e
0256024e024e024e
026602660266025e
0266026602660266
0266026602660266
0206020602060206
0206020e020e020e
020601fe02060206
0216020e020e020e
021e021602060206
fe3a01450216021e
fdbafdaafdbafd8a
fdfafdbafda2fdaa
fe1afe2afe1afe0a
fddafdd2fdf2fe22
fdeafdfafdf2fdf2
fdf2fde2fddafdda
fe72fe62fe4afe0a
ff03fedbfeabfe9b
ff94ff94ff6bff33
ffbcff9cff94ff9c
ff6bff7bff9cffb4
ff1bff43ff5bff63
fed3fef3ff03ff23
fe93feb3feb3feb3
fe6afe6afe62fe8b
fef3feb3fea3fe93
ff03ff43ff2bff13
023e0246022e0054
025602560246023e
023e023e024e024e
024e024e024e024e
024e024e024e024e
0256024e024e024e
0266026602660266
0266026602660266
0266026602660266
0216020e020e020e
020e021602160216
020e020e020e020e
020e02060206020e
0216020e020e0216
fd9affe401f6021e
fda2fd9afd8afd8a
fe0afddafdc2fdba
fe1afe1afe12fe02
fdc2fdcafdfafe1a
fdfafdf2fdf2fdfa
fdf2fdcafdc2fdca
fe4afe4afe22fdfa
fefbfebbfe93fe7a
ff8cff6bff3bff13
ff94ff84ff84ff7b
ff73ff8cff9cffa4
ff03ff33ff63ff73
fecbfeebff13ff1b
fe93fea3feabfeab
fe5afe5afe4afe72
febbfe93fe83fe6a
fed3ff13ff03feeb
023e024601c6ff3b
024602460246024e
023e023e02460246
024e024e024e024e
024e024e024e024e
0256024e024e024e
0266026602660266
0266026602660266
0266026602660266
020e020e020e0206
020e020e020e020e
020e02160216020e
0216020e020e0216
020e020e020e0216
fd69fe9301750216
fd92fd92fd71fd79
fde2fdcafdcafdba
fe1afe22fe1afdea
fdbafdc2fdeafe1a
fdeafdfafdf2fdea
fdeafddafddafdd2
fe5afe4afe22fe02
fef3fecbfe9bfe6a
ff94ff73ff1bff13
ff7bff84ff7bff7b
ff84ffa4ffacff8c
fefbff2bff63ff84
feb3fed3fef3ff03
fe7afe93feabfea3
fe32fe32fe4afe62
fe9bfe6afe62fe52
febbfeebfef3fecb
0236023e013dfedb
0246024e02460246
0246024602460246
024e023e023e023e
024e024e024e024e
024e024e024e024e
0266026602660266
0266026602660266
0266026602660266
0206020e020e0206
020e020602060206
021602160216020e
0216020e02060216
020e0206020e0216
fd59fdb200950216
fdaafd79fd71fd69
fdcafdaafdaafd9a
fe12fe1afe1afdfa
fdd2fdd2fde2fdfa
fdeafdfafdeafde2
fdf2fde2fdf2fde2
fe62fe3afe12fe02
fefbfec3fea3fe7a
ff7bff63ff33ff1b
ff94ff94ff73ff8c
ff94ffbcffacff9c
ff1bff4bff63ff73
fecbfed3fefbfefb
fe62fe83fe9bfeb3
fe22fe3afe52fe52
fe7afe52fe4afe3a
feabfed3fedbfeab
0236022e006cfe9b
023e023e023e0246
023e0246024e023e
023e023e023e023e
0256024e024e023e
0256024e024e024e
0266026602660266
0266025602560256
0266026602660266
0206020602060206
020e020602060206
0216020e02160216
020e020e02160216
02160206020e021e
fd61fd51ff7301ee
fd8afd92fd61fd69
fde2fdaafd79fd71
fdf2fe02fe0afe0a
fde2fdeafdfafdea
fdfafdf2fdf2fdf2
fdf2fdeafdfafe02
fe72fe4afe22fe12
ff13fef3fed3feab
ff63ff6bff43ff2b
ff84ff7bff7bff6b
ffb4ffbcffbcffa4
ff3bff53ff73ff8c
feebfef3ff23ff33
fe72fe8bfea3fec3
fe2afe42fe52fe5a
fe5afe4afe42fe3a
fe9bfebbfeb3fe93
023601feffacfe72
023e023e023e023e
02460246024e023e
023e023e023e023e
02560256024e023e
0256024e024e024e
025e025e025e0266
0256025602560256
0266026602660266
01fe01f601fe01fe
020601fe01f601fe
020e020e020e0206
02160216020e020e
021e020601fe0216
fd69fd31fe4a016d
fd82fd9afd61fd69
fddafda2fd79fd71
fdf2fdfafddafde2
fde2fde2fdfafdea
fdfafde2fde2fdf2
fdf2fdf2fdf2fdfa
fe93fe5afe2afe0a
ff2bff0bfef3febb
ff6bff53ff43ff33
ffbcffa4ff84ff73
ffc4ffc4ffb4ffb4
ff6bff73ff8cffb4
fef3ff1bff33ff63
fe8bfeb3fecbfedb
fe42fe42fe52fe6a
fe52fe4afe4afe42
fe8bfe93fe8bfe7a
024601a6fedbfe5a
023e023e023e0246
0236023e023e023e
02460246023e0246
0246024602460246
0256024e024e0246
0256025602560256
0256025602560256
0266026602660266
01fe01f601ee01ee
020601fe01f601fe
020e020e02060206
0216020e020e020e
0216020602060216
fd61fd49fda200a5
fd61fd61fd51fd51
fdc2fdbafd9afd79
fddafde2fdcafdc2
fde2fde2fdeafde2
fdf2fdd2fdc2fdea
fdfafdf2fddafdea
fe93fe52fe2afe1a
ff2bff13fef3fec3
ff63ff6bff3bff2b
ffd4ffc4ffa4ff7b
ffd4ffdcffd4ffcc
ff7bffa4ffa4ffbc
fefbff1bff23ff5b
febbfee3fefbff03
fe4afe52fe62fe83
fe5afe5afe52fe52
fe8bfe83fe7afe62
024e013dfea3fe5a
02460246023e0246
023e023e023e0246
02460246023e0246
0246024602460246
02560246024e024e
0256025602560256
025602560256024e
02660266025e025e
01f601f601ee01ee
01fe01fe01fe01f6
0206020602060206
0216020e020e0206
020e0206020e0216
fd51fd41fd820044
fd49fd31fd41fd39
fda2fda2fd92fd79
fddafdd2fdb2fdaa
fdf2fdeafdf2fdda
fdd2fddafddafdea
fe12fe02fddafdd2
febbfe72fe32fe22
ff23ff23ff03fecb
ff73ff73ff53ff4b
ffdcffc4ffa4ff94
ffecffdcfff4ffec
ff7bff94ffb4ffcc
ff13ff13ff33ff5b
fed3fefbff13ff13
fe5afe83fe9bfeb3
fe62fe6afe4afe4a
fe72fe72fe72fe6a
023e0085fe72fe62
02460246023e023e
0246023e023e023e
0236023e023e023e
023e023e023e0236
024e024e024e024e
025602560256024e
0256025602560246
0266026602560256
01ee01f601ee01ee
01f601f601f601f6
02060206020601fe
020e020e020e0206
01f601fe0206020e
fd31fd39fd49ffa4
fd49fd31fd29fd31
fda2fd8afd92fd71
fdd2fdc2fd92fd92
fe0afe02fdf2fdd2
fddafdcafdeafe02
fe2afe1afdeafde2
fec3fe9bfe62fe42
ff4bff4bff1bfee3
ff7bff73ff63ff63
ffdcffc4ffbcffa4
ffecfff4fffc0004
ff8cffa4ffbcffdc
ff23ff3bff4bff63
feebff0bff13ff13
fe8bfe93feb3fedb
fe52fe52fe4afe6a
fe62fe62fe7afe7a
022e000cfe3afe5a
023e023e023e023e
023e023e023e023e
02360236023e023e
023e023e023e023e
024e024e024e024e
024e024e024e024e
0256024602460246
024e024e0256024e
01ee01ee01ee01ee
01f601f601f601f6
0206020601fe01fe
020e020e020e0206
01e602060206020e
fd49fd41fd39ff43
fd69fd49fd29fd41
fda2fd9afd82fd71
fdc2fdc2fdaafd8a
fe0afe02fe02fdda
fe0afdf2fdeafdfa
fe3afe32fe1afe12
fed3feb3fe7afe42
ff63ff5bff3bff03
ff84ff84ff84ff7b
ffccffbcffccffac
ffccffe4ffe4ffec
ffacffacffbcffb4
ff73ff73ff73ff94
ff23ff2bff2bff43
fe9bfea3fed3ff03
fe4afe52fe72fe93
fe42fe62fe72fe62
01feff94fe32fe4a
023e023e023e023e
023e023e023e023e
023e023e023e023e
024602460246023e
02460246024e023e
024e024e02560256
0246024602460246
024e024e0256024e
01f601ee01ee01ee
01fe01fe01f601f6
0206020602060206
020e020e02060206
01c6020e020e020e
fd31fd31fd29fed3
fd61fd59fd11fd11
fd92fd92fd71fd61
fdc2fdaafdaafd9a
fe0afe02fdeafdda
fe2afe1afe22fe0a
fe62fe5afe5afe32
fef3fec3fe7afe52
ff84ff6bff43ff1b
ff84ffb4ffa4ffac
ffacffb4ffbcffac
ffa4ff94ff9cffb4
ffa4ff9cffa4ff9c
ff53ff3bff43ff63
ff33ff1bff0bff2b
febbfed3fef3ff23
fe4afe93feb3febb
fe32fe6afe83fe5a
01c6ff03fe42fe3a
023e023e023e023e
02460246023e023e
023e023e023e023e
024602460246023e
024e024e0246023e
024e0246024e0256
02460246023e023e
0256024602460246
01f601f601ee01ee
01fe01fe01f601f6
0206020601fe01fe
0206020e02060206
01a60216020e020e
fd19fd29fd39fe72
fd51fd41fd29fd09
fd92fd71fd79fd61
fdd2fdbafdaafd92
fdfafdeafde2fdd2
fe52fe3afe4afe32
fe9bfe93fe93fe83
ff03feebfeb3feab
ff63ff3bff0bff13
ff73ffacff84ff7b
ff5bff5bff63ff63
ff7bff63ff53ff43
feabfee3ff1bff73
fec3fe93fe52fe32
feebfe9bfe52fe8b
fee3ff03ff03ff03
fe9bfeebfefbff03
fe32fe72fe72fe52
019efed3fe32fe3a
023e023e023e023e
023e023e023e023e
023e023e023e023e
023e023e023e023e
024e024e0246023e
023e0246024e024e
023602360236023e
0246024602460246
01f601ee01ee01ee
01f601f601f601f6
01fe01fe01f601f6
0206020602060206
018602160206020e
fd29fd21fd29fe52
fd41fd41fd31fd19
fd82fd79fd69fd51
fdcafdbafda2fd92
fe02fdeafdc2fdca
fe9bfe5afe5afe32
fe9bfeb3fec3febb
fe42fe72fec3fec3
fe3afdeafdfafe3a
fefbfecbfe83fe7a
fee3feebfed3fee3
fefbff13fefbfed3
fdcafdeafe22fe93
fe0afdc2fdbafdca
fdcafd69fd21fd69
feb3fe8bfe6afe12
fef3ff1bff13feeb
fe5afe83fe83fe9b
0175feb3fe42fe42
023e023e023e023e
023e023e023e023e
023e023e023e023e
023e023e023e023e
024e024e0246023e
023e02460246024e
023602360236023e
0246024602460246
01ee01ee01ee01ee
01f601ee01f601f6
01f601f601f601f6
020601f601fe01fe
016502060206020e
fd39fd19fd21fe12
fd49fd49fd51fd39
fd71fd69fd59fd71
fdb2fdc2fdc2fd9a
fe42fe0afdd2fdb2
fecbfe62fe5afe62
ff1bff7bff23febb
fe0afe02fe3afeb3
ff03fefbfe7afe1a
fef3ff53ff6bfedb
fef3fee3fe72fe83
fea3feebff03ff03
fd82fd92fdd2fe2a
fd29fd69fd71fd82
fd01fcc9fc99fcc1
fdc2fd71fd51fcf9
fec3fea3fe6afe2a
fe83fea3feb3fee3
0135fe8bfe3afe5a
0236023e023e0236
023e023e023e023e
023e023e023e023e
023e023e023e023e
024602460246023e
0236023e023e023e
0236023602360236
0236023602360236
01f601ee01ee01ee
01ee01ee01ee01ee
01f601f601f601f6
01fe01f601fe01f6
0165020601fe020e
fd29fd09fd11fe12
fd59fd59fd49fd31
fd79fd61fd51fd61
fd92fda2fdbafd9a
fe4afe3afdfafdb2
fecbfe5afeabfe62
fdfafe02fdd2fe32
fd01fcc9fcc9fd61
fdfafe3afdeafd51
fe0afe5afdcafd39
ff03fe93fde2fd71
fe7afed3ff33ff43
fe8bfe32fdfafe22
feebff0bfecbfea3
fdd2fdb2fd51fe0a
fd82fdcafe12fe02
fe32fdeafdcafd92
fea3fecbfeb3fe83
00d5fe5afe22fe52
0236023602360236
023e023e023e0236
023e023e023e023e
023e023e023e023e
023e023e023e023e
023602360236023e
023e023e023e023e
023e023e023e023e
01ee01ee01e601ee
01ee01ee01ee01ee
01ee01ee01ee01ee
01fe01fe01fe01f6
016d01fe01f601fe
fd11fd01fd21fe2a
fd41fd49fd41fd39
fd79fd51fd51fd49
fd79fd9afd9afd8a
fe12fe2afe22fdc2
fd61fd8afde2fdda
fce9fd49fd61fd69
fc28fc18fc28fc60
fcc9fc89fc50fc38
fd51fdcafd31fc81
fce9fce9fcf9fd51
fd19fd19fd09fcf1
fce9fcc1fd01fd19
fd82fe12fe5afd69
fd01fda2fdb2fdca
fd11fe1afe62fd82
fde2fd82fdbafd59
feb3fe62fe12fe02
005cfe32fe12fe52
023602360236022e
023e023e02360236
0236023602360236
023e023e023e023e
02360236023e023e
022e023602360236
0236023e023e023e
0236023e023e0236
01ee01ee01ee01ee
01ee01ee01ee01ee
01ee01ee01ee01ee
01f601f601f601ee
016501f601f601fe
fcf1fcd9fd09fe1a
fd41fd39fd41fd29
fd79fd59fd41fd31
fdc2fda2fd82fd79
fe02fdc2fdeafdd2
fd61fe22fef3fde2
fc30fc68fcc1fd21
fc08fc00fc08fc18
fc20fc20fc10fc08
fc10fc58fc60fc38
fd59fd39fcf9fc40
fe12fe9bfe7afdea
fd59fc99fd19fdaa
fc10fc38fcb1fd82
fc68fcd1fc81fc48
fc60fd59fddafd09
fc60fc28fc18fc20
fe62fd82fd31fcb1
003cfe1afe12fe72
0236023602360226
0236023602360236
0236023602360236
023e023e023e023e
023602360236023e
022e022e022e022e
02360236023e023e
02360236023e0236
01ee01ee01e601e6
01ee01ee01e601ee
01ee01ee01e601e6
01f601f601f601ee
015d01f601f601fe
fd19fd01fd11fdfa
fd41fd39fd41fd39
fd92fd82fd51fd39
fda2fdbafd92fd69
fe83fd09fd21fd69
fc70fcf1fdd2fed3
fc40fc38fc38fc40
fc08fc10fc18fc30
fc18fc10fc08fc08
fc08fc18fc28fc20
fdfafd21fc38fc08
fd69fd39fd41fdfa
fd49fda2fdaafe3a
fc30fc18fc08fc20
fc20fc10fc18fc30
fc10fc18fc40fc40
fc08fc08fc08fc10
fd09fc48fc10fc10
001cfe32fe3afe02
02360236022e0226
0236023602360236
0236023602360236
0236023602360236
0236023602360236
022e022e022e022e
023602360236023e
0236023602360236
01e601e601e601e6
01e601ee01e601ee
01ee01e601e601e6
01f601f601f601ee
014d01ee01f601fe
fd11fcf9fd01fde2
fd31fd31fd41fd11
fd79fd71fd51fd31
fd09fd51fd9afd79
fcd1fc40fc40fd09
fc20fc28fc50fcb9
fc30fc28fc20fc10
fc10fc20fc28fc30
fc08fc08fc08fc10
fc10fc20fc18fc08
fd21fce9fc08fc08
fd41fd92fd82fd29
fc28fd69fd49fcd9
fc10fc10fc08fc08
fc00fc08fc10fc10
fc10fc10fc10fc08
fc00fc00fc08fc18
fc28fc08fc00fc00
fffcfe3afd92fc91
0236022e022e021e
02360236022e022e
0236023602360236
0236023602360236
022e023602360236
0226022e022e022e
0236023602360236
02360236022e0236
01e601e601e601e6
01e601e601e601e6
01ee01e601e601e6
01f601f601ee01ee
014501e601ee01f6
fd29fd29fd41fe02
fd41fd31fd41fd21
fd82fd82fd61fd51
fd09fcd9fd61fd8a
fc20fc18fc10fc81
fc20fc10fc10fc10
fc08fc08fc10fc18
fc10fc10fc10fc18
fc00fc08fc08fc10
fc08fc10fc10fc08
fd01fc60fc10fc18
fe4afe72fe5afdda
fc20fc78fce9fd8a
fc10fc08fc08fc08
fc08fc10fc10fc10
fc10fc10fc10fc08
fc10fc08fc10fc18
fc10fc08fc08fc10
ffecfdb2fc70fc28
022e022e022e020e
022e022e022e022e
022e022e022e022e
023602360236022e
0236022e022e0236
0226022e022e022e
0236023602360236
022e022e022e0236
01e601de01de01de
01e601e601e601e6
01ee01ee01e601e6
01ee01ee01ee01ee
013d01ee01e601ee
fd49fd71fd79fdda
fd51fd31fd31fd41
fd82fd8afd92fd82
fcc9fc78fce9fd8a
fc08fc08fc08fc28
fc18fc18fc10fc08
fc10fc10fc18fc18
fc10fc10fc08fc00
fc10fc18fc10fc18
fc08fc08fc10fc18
fd19fc50fc08fc18
febbfef3feabfe02
fc30fc30fcd9fde2
fc10fc10fc18fc20
fc18fc28fc18fc18
fc08fc10fc08fc08
fc18fc18fc18fc08
fc20fc10fc18fc18
ffd4fcd1fc30fc20
022602260226020e
02260226022e0226
0236022e022e022e
0236022e022e0236
0236023602360236
0226022e022e022e
0216020e02160226
021e021e021e021e
01de01de01de01de
01e601e601de01de
01e601e601e601e6
01e601e601e601ee
010d01ee01e601e6
fd41fd39fd79fdca
fd39fd41fd29fd41
fdb2fdaafdaafd92
fca1fc60fca1fd8a
fc00fc10fc10fc08
fc08fc08fc08fc08
fc10fc18fc18fc10
fc08fc10fc10fc00
fc10fc08fc08fc08
fc08fc08fc08fc18
fd51fc99fc08fc20
fedbfefbfeabfe3a
fc20fc28fd19fe4a
fc08fc08fc10fc20
fc08fc18fc10fc00
fc00fc10fc08fc08
fc08fc08fc08fc00
fc18fc18fc10fc10
ff33fc60fc30fc08
021e021e022601fe
021e022602260226
022e022e0226022e
022e0226022e022e
022e02360236022e
0226022e022e022e
01de01d601e6020e
0226022602160206
01de01d601d601d6
01de01de01de01de
01e601de01de01de
01e601e601e601e6
00c501e601e601e6
fd21fd19fd49fdba
fd69fd51fd29fd19
fde2fdeafdd2fdb2
fcc1fcf1fce1fd61
fc00fc18fc18fc00
fc10fc08fc08fc08
fc08fc08fc00fc08
fc10fc18fc18fc00
fc10fc08fc08fc08
fc08fc00fc00fc10
fd71fcb1fc10fc08
fee3fefbfe8bfe3a
fc10fc30fd71fe72
fc08fc08fc08fc18
fc10fc18fc10fc08
fc00fc08fc10fc10
fc10fc08fc08fc00
fc18fc30fc20fc10
fe32fc38fc30fc08
02260216021601b6
022e022e02360236
0226022602260226
022e02260226022e
022e022e022e022e
02060226022e022e
019e01a601a601ce
0206020e01fe01c6
01ce01ce01ce01ce
01de01de01d601d6
01e601de01de01de
01de01de01e601e6
005c01d601ee01e6
fcd9fce9fd11fd71
fd9afd61fd31fcd9
fdcafdf2fdf2fdd2
fe2a0014fe62fd51
fc08fc18fc18fc08
fc08fc08fc08fc08
fc10fc10fc08fc08
fc08fc10fc08fc00
fc10fc10fc10fc08
fc10fc08fc00fc00
fd92fcd1fc48fc08
ff13ff0bfea3fe4a
fc10fc78fdb2feab
fc08fc08fc10fc20
fc10fc08fc10fc08
fc08fc08fc08fc10
fc10fc00fc08fc08
fc10fc30fc28fc18
fd61fc20fc20fc00
022602260226017d
021e022602260226
0226022602260226
0226022602260226
0226022e022e022e
01ee021e02260226
016501750175019e
01be01d601b6017d
01d601ce01ce01ce
01de01d601ce01ce
01de01d601de01d6
01de01de01de01e6
ffbc01ce01e601e6
fcc1fca9fcc1fd11
fd59fd92fd51fce1
fd92fdcafd9afd61
fcb9fd8afd01fcf9
fc08fc18fc10fc08
fc00fc00fc00fc00
fc10fc08fc08fc08
fc10fc08fc00fc08
fc08fc10fc10fc10
fc20fc10fc00fc00
fdb2fcc1fca1fc18
ff33ff13fed3fe6a
fc28fcb9fdfafef3
fc08fc10fc18fc28
fc08fc08fc10fc08
fc10fc00fc00fc10
fc18fc18fc20fc18
fc20fc28fc18fc18
fd39fc20fc18fc00
022e022e02260165
0206020e02160216
021e0226021e021e
022e022602260226
022e022e02260226
01ee0216021e0226
01250145016d019e
018e01a60186014d
01d601ce01c601ce
01ce01ce01ce01ce
01ce01ce01ce01ce
01de01d601d601de
ff8401c601de01e6
fcb9fcb9fc81fcb1
fd31fd01fc99fc50
fdb2fdaafd92fd71
fc48fd11fd39fd9a
fc00fc10fc10fc08
fc00fc00fc00fc00
fc18fc18fc08fc08
fc08fc08fc08fc08
fc08fc00fc10fc08
fc08fc10fc10fc08
fddafd09fce9fc50
ff4bff4bfef3fe72
fc50fd19fe22ff23
fc08fc10fc10fc10
fc00fc00fc18fc20
fc10fc10fc10fc08
fc18fc20fc10fc10
fc30fc10fc00fc08
fda2fc30fc18fc08
021e020601d6016d
020e020e02160216
021602260226021e
02260226021e021e
022e022602260226
01ee020e02160226
013d015d019601be
0186018e01960175
01ce01ce01c601c6
01ce01c601c601c6
01ce01ce01ce01ce
01d601ce01ce01ce
ff6b01be01d601d6
fc70fc50fc48fca1
fd39fcd9fc91fc68
fda2fd92fd9afd82
fc68fd39fd79fdaa
fc08fc08fc08fc08
fc08fc08fc08fc00
fc10fc10fc10fc08
fc00fc08fc08fc10
fc08fc00fc00fc00
fc10fc08fc10fc10
fde2fd71fcc1fca9
ff6bff53fecbfe52
fc78fd31fe3aff33
fc08fc00fc00fc08
fc00fc08fc10fc10
fc08fc10fc10fc00
fc00fc10fc00fc00
fc20fc10fc10fc10
fd49fc40fc20fc08
020e0165ff63ff6b
0236022e021e0216
0226022602260226
021e021e021e0216
021e021e021e021e
02060216021e0226
018e01ae01ce01de
0196018e01960196
01c601c601c601c6
01c601c601c601c6
01ce01ce01ce01c6
01ce01ce01ce01ce
ff5b01b601ce01ce
fce1fce1fc68fc91
fd61fcf9fcc1fcd9
fd9afda2fda2fda2
fc89fd61fd71fd82
fc10fc00fc00fc00
fc10fc10fc10fc10
fc00fc00fc08fc08
fc00fc00fc00fc10
fc00fc00fc00fc00
fc68fc00fc08fc08
fdfafdc2fd51fcc1
ff8cff53febbfe52
fcc1fd82fe5aff3b
fc00fc00fc00fc40
fc00fc08fc00fc00
fc08fc08fc10fc08
fc08fc08fc00fc08
fc20fc28fc10fc10
fcb1fc40fc30fc18
021601aeff94fe2a
02360226021e0216
021e021e021e0226
0216021602160216
0216021602160216
021e021e02260226
01d601fe020e020e
01ce01be01be01c6
01c601be01c601c6
01c601c601c601be
01c601c601be01c6
01be01c601c601c6
ff3b01a601be01b6
fcf9fd01fcd9fc99
fd82fd11fcf9fd11
fdaafdb2fdb2fdc2
fc91fd69fd61fd79
fc10fc00fc00fc08
fc08fc08fc08fc10
fc00fc00fc00fc00
fc00fc00fc00fc08
fc00fc08fc08fc08
fcc1fc38fc00fc00
fdf2fde2fddafd21
ff63ff0bfe93fe3a
fd31fdc2fe72ff33
fc10fc08fc10fc99
fc00fc00fc00fc08
fc08fc08fc08fc08
fc10fc10fc08fc08
fc20fc10fc10fc08
fd21fc50fc30fc28
021e021601ce0064
02160216020e0216
021e021e021e0216
021602160216021e
0216021602160216
021e021e021e0226
01fe0216021e021e
01fe01ee01ee01ee
01be01be01be01be
01be01b601be01be
01ce01c601ae01ce
00bd015501ae01c6
febb0074004c003c
fce1fcf1fd09fcb9
fd82fd21fce9fd11
fdaafdb2fdc2fdb2
fcc1fd8afd82fd8a
fc08fc10fc08fc10
fc08fc08fc08fc08
fc08fc00fc08fc08
fc00fc00fc08fc08
fc00fc08fc10fc08
fcd1fca9fc20fc08
fdfafde2fdfafdc2
ff2bfecbfe6afe22
fd9afddafe93ff33
fc18fc18fc30fcc9
fc08fc08fc00fc08
fc00fc00fc00fc00
fc08fc08fc08fc00
fc28fc10fc08fc08
fe2afc68fc28fc20
021e020601ee0186
021602260216020e
021e021e02160216
021e021e021e021e
021e021e0226021e
021e021e021e021e
0206020e02160226
020e020e020601fe
01be01be01be01b6
01be01be01b601be
01ce01be01ae01b6
fe32ff4b00ed01b6
fe2afe62fe02fda2
fce1fce9fd01fd8a
fd8afd29fcd1fce1
fdc2fdbafdc2fdb2
fd11fd9afd9afdb2
fc00fc08fc08fc20
fc08fc08fc08fc00
fc10fc00fc08fc08
fc00fc00fc08fc08
fc08fc08fc10fc08
fd79fcb9fc78fc10
fdf2fdc2fde2fdfa
ff3bfedbfe6afe22
fdd2fe3aff0bff53
fc10fc28fc81fd51
fc08fc08fc00fc08
fc00fc00fc00fc00
fc08fc00fc08fc00
fc28fc10fc08fc10
ff4bfc68fc20fc20
0216020e01fe01ee
0226022e020e0206
0216021602160216
021e021e02160216
021e0226021e021e
0216021e021e021e
0206020e02160226
0216020e020e0206
01b601be01be01be
01ae01be01b601b6
01ce01c601be01a6
fc70fd61ff2b014d
fdbafd41fc89fc30
fcc1fcc9fcf9fdb2
fd92fd39fcc1fca9
fdcafdcafddafdba
fd71fdb2fdbafdca
fc10fc08fc00fc58
fc00fc00fc00fc00
fc20fc08fc08fc00
fc08fc00fc08fc10
fc10fc08fc10fc08
fdd2fd61fcd1fc60
fe02fdaafdaafdca
ff6bff13feb3fe62
fdfafedbff6bff73
fc10fc58fce9fdd2
fc08fc00fc00fc08
fc08fc08fc00fc08
fc08fc08fc00fc00
fc10fc08fc10fc10
fff4fcb1fc18fc10
0216021e020e01ee
0216020e01fe01fe
020e020e020e020e
021e0216020e020e
021e021e02160216
021e02160216021e
01fe020602160226
020e020e02060206
01b601be01be01be
01b601b601be01be
01a601ce01ce01b6
fc20fc60fd92fffc
fcf1fc89fc68fc28
fc91fcd1fd09fd71
fda2fd31fcb9fc99
fdf2fdeafde2fdca
fdaafdc2fdcafde2
fc10fc08fc20fcf9
fc00fc08fc08fc08
fc18fc10fc00fc00
fc18fc10fc10fc10
fc78fc18fc08fc10
fddafdf2fd92fcd1
fe2afdaafd82fdb2
ff8cff4bfefbfe9b
fe4aff2bff8cff8c
fc48fca9fd8afdda
fc10fc00fc08fc10
fc00fc00fc00fc08
fc08fc08fc00fc00
fc18fc10fc08fc10
ff94fd21fc18fc08
01f601ce014500cd
020601f601f601f6
020e020e020e020e
0216020e020e0206
0216021602160216
021e021602160216
01fe020602160226
020e020e02060206
01be01ae01ae01b6
01be01b601be01be
012501b601be01c6
fc68fc60fce9fe93
fc81fcb9fcc9fc89
fc89fcf9fd29fcf9
fdb2fd49fcc9fc81
fde2fddafdcafdc2
fdcafdd2fddafdf2
fc08fc18fcb1fd92
fc10fc20fc10fc10
fc10fc08fc00fc00
fc18fc18fc10fc08
fcf9fc99fc28fc08
fdc2fdfafe02fd8a
fe4afdcafda2fdba
ffacff6bfefbfebb
febbff53ff9cffb4
fcb9fd39fddafdfa
fc08fc08fc10fc50
fc00fc08fc08fc08
fc08fc00fc00fc00
fc18fc10fc10fc10
fef3fdf2fc50fc10
018e000cfeabfec3
02060206020e01fe
01fe0206020601fe
020e020e02060206
020e020e02160216
0216021602160216
01fe020602160226
02060206020601fe
01b601b601ae01ae
01be01be01be01b6
007c0196019e01c6
fcb1fca1fcb1fdd2
fcc9fd21fd39fd01
fca1fd19fd11fc99
fdbafd8afce9fca1
fde2fdbafdc2fdba
fdf2fe02fdfafdfa
fc18fca1fd71fdda
fc20fc20fc10fc08
fc08fc00fc08fc10
fc10fc08fc08fc00
fdcafd31fcc1fc58
fdeafdeafdfafe12
fe52fdf2fdb2fdd2
ffecff8cff03feb3
ff03ff73ffa4ffdc
fd21fdd2fdeafe32
fc08fc08fc40fca9
fc08fc10fc10fc08
fc00fc08fc08fc08
fc18fc18fc10fc08
fe8bfe93fd31fc28
0034fd92fca1fd61
01f601fe020e01de
01fe01fe01fe01fe
01fe01fe01fe01fe
0206020e020e0206
02160216020e020e
01fe02060216021e
020e0206020601fe
01ae01ae01ae01a6
01b601ae01ae01ae
ffdc018e01a601be
fcf9fcf9fcd9fd9a
fd29fd71fd8afd39
fcc9fcf9fcb1fcc9
fd9afd79fcd9fca1
fddafdbafdaafdaa
fdfafe22fe1afdf2
fcd1fd41fd9afde2
fc10fc08fc00fc48
fc00fc00fc08fc10
fca1fc30fc08fc00
fe42fe5afdcafd31
fe22fddafdb2fdea
fe72fe12fde2fdf2
fffcffa4fefbfea3
ff03ff73ffb4ffec
fdcafe12fdf2fe62
fc08fc40fc99fd11
fc10fc08fc10fc08
fc08fc10fc08fc08
fc28fc18fc10fc10
fe93fec3fe1afd09
feabfc89fc58fce9
01e601ee01fe017d
01f601f601f601f6
01fe01fe01f601f6
020e01fe01fe01fe
020e020e020e020e
01f601fe020e021e
02060206020601f6
01a601a601ae01ae
01ae01ae01ae01ae
ff94019601b601ae
fd41fd59fd21fdba
fdb2fdc2fdcafd79
fcb9fcc9fcc9fd59
fd8afd71fcc9fc81
fdcafda2fd79fd79
fe12fe2afe12fdda
fd59fd79fdb2fdfa
fc20fc58fcb9fd31
fc20fc08fc08fc08
fe0afd39fcb1fc48
fe3afea3fee3feab
fe5afe42fdd2fdc2
fe62fe3afe22fe1a
ffb4ff6bfedbfe7a
fed3ff33ff6bff7b
fdf2fdfafe0afe83
fc58fcc1fd51fdca
fc08fc10fc08fc18
fc08fc08fc08fc08
fd01fc20fc00fc08
fef3fecbfe93fe4a
fddafc68fc99fd51
01f601fe01fe011d
01f601f601f601f6
01fe01f601f601f6
020601fe01fe01fe
0206020602060206
01ee01f602060216
020e01fe01fe01ee
01ae01ae01ae01ae
01ae01ae01ae01ae
ff2b016501b601ae
fd59fd61fd39fdea
fdf2fdfafdfafdb2
fc91fca9fcf1fd8a
fd71fd61fd01fc81
fda2fd92fd59fd51
fe22fe0afdf2fdb2
fde2fdfafe12fe1a
fcd1fd71fd71fdb2
fd21fce9fd29fcf9
ff23fec3fe3afdc2
fe0afe5afebbff13
fe83fe83fe2afdda
fe32fe22fe3afe42
fea3fe83fe52fe32
fe6afe83fea3fe93
fe0afe02fe2afe52
fce9fdb2fe4afe2a
fc10fc10fc30fc81
fc00fc00fc10fc18
fe12fd29fc58fc08
fef3fec3fea3fe7a
fdb2fca9fce9fd92
01f6020e01ee0095
01fe01f601e601de
01fe01fe01fe01fe
01fe01fe01f601f6
020601fe01f601f6
01ee01ee01ee0206
020601fe01ee01ee
01ae01ae01ae01ae
01ae01ae01ae01ae
fedb013501a601ae
fd41fd39fd69fde2
fdf2fe1afde2fda2
fc99fca1fce9fd8a
fd51fd49fd01fc70
fd79fd71fd31fd29
fe1afdf2fde2fd92
feabfe83fe5afe2a
fe5afe6afe9bfec3
fecbfeabfeabfe8b
ff13ff4bff5bff0b
fdeafe22fe62fed3
fe8bfe93fe62fe02
fdaafdb2fe02fe52
fdf2fddafddafdca
fdcafdeafe12fe0a
fe52fe32fe12fde2
fe2afe8bfe83fe42
fc60fc89fce9fd8a
fc81fc30fc30fc28
fe42fdfafd8afd21
fedbfea3fea3fe7a
fdbafce9fd21fdaa
01e601ee01c6001c
01f601ee01e601de
01ee01e601ee01f6
02060206020601f6
020e01fe01f601f6
01ee01ee01ee0206
01fe01fe01ee01ee
01ae01ae01ae01ae
01ae01ae01b601b6
ff130135019e01b6
fd19fc70fc99fd9a
fdcafdeafdbafd79
fca9fcb1fc70fd49
fd49fd29fcf1fc70
fd71fd49fd29fd29
fe02fdc2fdc2fd8a
fed3feabfe83fe2a
ff03ff0bfef3fee3
ff1bff03ff23ff0b
fe9bff13ff5bff53
fddafe1afe1afe4a
fe02fe1afe2afe02
fd49fd59fdaafdf2
fd61fd61fd71fd61
fd59fd79fd8afd71
fe8bfe42fdc2fd71
feb3feb3fe6afe4a
fd61fdeafe62fecb
fd61fd49fd51fd21
fe5afe62fe42fdf2
fecbfeb3feb3fe7a
fda2fd21fd59fdca
01ce01c6019effcc
01de01d601ce01ce
01de01de01de01de
01f601fe01f601ee
020601f601ee01ee
01e601f601f601fe
01fe01fe01ee01ee
01ae01ae01ae01ae
01ae01ae01ae01ae
ff84016501a601b6
fd19fce9fcc1fd92
fd31fd61fd92fd71
fd01fd29fc40fc91
fd31fd09fcc9fc89
fd51fd29fd21fd29
fdf2fddafda2fd71
fea3fe72fe2afdea
ff0bff03fef3feab
ff03ff03ff2bff13
fe32fea3ff03ff23
fd8afdeafdeafde2
fd09fd39fd61fd79
fc89fc91fcc1fcf9
fce1fcf1fd01fcc1
fd01fd19fd11fce9
fe32fddafd61fd09
fec3fea3fe5afe42
fedbfedbfed3fef3
fecbfeabfeabfebb
feabfedbfeebfedb
fec3feb3feabfe9b
fdaafd51fd8afde2
01a6019e0175ffb4
01de01ce01ae019e
0206020e020e01f6
01ee01fe02060206
01f601ee01e601e6
01ee01ee01f601f6
01f601f601f601ee
01a601a601a601a6
01ae01a601a601a6
003c019e01ae01ae
fd09fd31fd39fe02
fcc9fd31fd9afd82
fd61fdc2fcd1fc48
fd21fce1fca9fc89
fd41fd11fd11fd21
fdbafdb2fd8afd59
fe7afe4afe0afdda
fefbfedbfee3feb3
fee3ff03ff1bff03
fdcafe32fe93fecb
fd39fde2fe12fdc2
fc28fc50fc91fce9
fc00fc08fc10fc18
fc91fca9fc60fc10
fc48fc60fca1fca1
fd49fce1fc78fc50
febbfe93fe0afd92
fee3feebfef3fef3
fee3fefbfef3fedb
feabfed3feebfec3
fe9bfe93fe6afe7a
fdcafd79fdb2fde2
0186017d0165ffb4
01f601ce019e0175
025e02560246021e
022e023e02460256
01f60206021e0226
01ee01e601e601f6
01f601f601ee01ee
01ae01ae01b601ae
01a601a601ae01ae
011501b601ae01a6
fd41fd69fdbafe9b
fcc9fd29fdaafdba
fd49fdc2fd92fca9
fd19fcd9fc89fc81
fd29fcf1fcf9fd11
fdc2fd9afd61fd49
fe3afe2afdfafdd2
fe9bfe93feabfe62
fe8bfeabfecbfebb
fd9afdbafe12fe52
fd31fe0afe3afdea
fc28fc20fc40fc91
fc18fc10fc10fc20
fc68fc70fc78fc91
fc10fc38fc70fc60
fc68fc20fc08fc00
fe93fe5afdcafce1
fee3fef3feebfee3
fec3fecbfecbfed3
fe72feb3febbfea3
fe5afe4afe2afe62
fe0afd8afddafdba
01650165013dffb4
021601de01960155
029f02970287024e
027e0287028f028f
02160236025e0276
01de01de01de01fe
01f601f601e601e6
01b601ae01b601b6
01ae01ae01b601ae
018601ae01ae01a6
fd82fdbafe12ff94
fca9fd39fdcafe0a
fd31fd9afdcafd19
fcf9fcb9fc70fc70
fd09fcf9fd01fd09
fdaafd69fd29fd21
fe1afe02fdd2fdba
fe7afe7afe6afe42
fe1afe42fe5afe72
fdcafd9afdc2fdf2
fd71fe32fe52fe12
fc68fc40fc40fca1
fc70fc60fc68fc70
fc50fc78fddafd09
fc48fd09fd51fc40
fc70fc60fc58fc50
fe4afe4afe22fd09
feabfeabfeabfe6a
feb3febbfeabfeb3
fe6afe62fe62fe9b
fe22fe12fe22fe62
fe52fdb2fe02fd92
013d0125010d0014
02560206019e0145
02df02cf02bf0297
02bf02c702cf02cf
022e025e028f02af
01ce01ce01d6020e
01e601e601de01d6
01b601b601b601b6
01ae01ae01a601a6
019e01a601a601ae
fd82fdf2fe7a00ad
fd01fd59fdeafe12
fd61fd9afdbafd69
fcf1fcb1fc70fc89
fd11fd19fd09fd09
fd51fd31fd19fd21
fe12fdd2fda2fd8a
fe5afe52fe4afe3a
fdcafdf2fe02fe42
fe22fddafda2fdb2
fda2fe3afe6afe5a
fca9fca9fca1fd11
fca1fcc1fcc1fc99
fc81fe32fdfafcb1
fcc1fcc9fca1fc50
fcd1fc81fcb1fcc9
fe42fe6afe62fdca
fe8bfe83fe6afe32
fe7afe72fe6afe83
fe22fe22fe52fe72
fde2fdeafdeafe02
fe7afdcafe0afd82
0145011d0105008d
0276022e01b6015d
030702f702d702af
02f702ff02ff02ff
024e027e02af02d7
01be01be01c6021e
01ee01e601de01ce
01ae01b601b601b6
01ae01ae01ae01a6
01ae0196019e01ae
fd61fe1aff2b014d
fd8afd8afe12fe02
fd71fdcafdb2fd9a
fce1fcb1fc78fca1
fd19fd21fd09fd01
fd49fd39fd01fd09
fddafdc2fd8afd61
fe1afe12fe12fdf2
fd92fdb2fdcafe0a
fe62fe1afdc2fd8a
fdd2fe3afe5afe7a
fce1fd31fd31fd82
fd31fd49fd31fcf9
fcc1fd61fce9fcd1
fd21fd09fcd1fc70
fd61fcb1fcd1fd09
fe62fe72fe6afe0a
fe52fe52fe52fe52
fe32fe42fe42fe52
fdeafe12fe2afe42
fda2fdc2fdbafdba
ff8cfe0afe02fd79
01ae018e016d013d
027e023e01ee01b6
030f02f702d702b7
03170317030f0317
0266029702bf02f7
01c601b601be021e
01f601e601d601c6
01b601b601b601b6
01ae01ae01ae01ae
01ae01a6019e01b6
fd79fe32ffe4018e
fd8afda2fe32fdf2
fd79fdf2fdb2fd9a
fca9fc89fc68fc91
fd29fd19fd09fd01
fd49fd49fd29fd21
fdb2fdb2fdb2fd71
fde2fddafddafdc2
fd79fd92fdaafdca
fe22fe12fdeafd9a
fdc2fdf2fe02fe42
fcf1fce1fcf9fd69
fd69fd59fd01fcd9
fce1fd21fcd9fd01
fd19fd51fd41fcd9
fd82fcf1fd29fd49
fe7afe7afe6afe12
fe1afe3afe32fe4a
fe12fe0afe1afe1a
fdd2fdeafdcafe02
fd8afdd2fdb2fdaa
011dfeabfe22fda2
021e020e01fe01e6
029f026e023e0226
030702ff02e702c7
031f0317030f0317
025e028f02bf02ff
01c601b601be020e
01fe01ee01d601ce
01b601b601b601b6
01b601ae01ae01ae
01ae01b601a601b6
fdbafe7a00bd01a6
fe02fdf2fe42fdda
fd8afde2fd79fd9a
fc99fc70fc58fc81
fd21fcf1fd09fd09
fd59fd49fd31fd21
fd9afd82fd8afd71
fdcafdcafdbafdb2
fd8afd82fd59fd92
fe1afe0afe2afdc2
fd9afdc2fdb2fe12
fd09fcd9fcc9fd39
fd21fd21fcb9fca9
fd41fd71fd21fd19
fd09fd61fd51fd59
fd82fd29fd39fd59
fe8bfe83fe4afdd2
fde2fe02fe0afe42
fdf2fdeafdf2fdea
fddafdd2fdcafdf2
fd71fdd2fdbafdb2
023effecfe5afdc2
028f027e0276027e
02b702a7028f0287
0317030f02ef02d7
031f0317030f0317
024e028702bf02ff
01c601be01be01fe
01f601ee01d601ce
01b601b601b601b6
01b601ae01ae01b6
01a601ae01ae01ae
fdeafefb012501a6
fe83fe42fdfafd69
fd82fd92fd41fdfa
fcb1fc78fc70fcb1
fd11fcf9fcf9fcf9
fd51fd49fd39fd19
fd61fd49fd61fd69
fdaafd9afd8afd8a
fda2fd71fd49fd69
fe02fdb2fdd2fdd2
fd41fd82fd69fd9a
fd21fce9fce1fd01
fd11fd09fcd9fcd1
fce9fd51fd29fd09
fce1fd11fd29fd39
fd69fd51fd41fd31
fe72fe22fdcafd79
fdd2fdfafe2afe62
fdf2fde2fddafdda
fdc2fdb2fdbafdda
fd59fdb2fdb2fda2
02bf00fdfe7afde2
02c702bf02cf02df
02cf02bf02bf02bf
031f030f02ff02e7
031f03170317031f
0246028702bf02ff
01c601be01be01f6
01ee01e601d601ce
01ae01b601b601b6
01a601a601ae01b6
01a6019e01ae01a6
fe42ffa4016501a6
fe72fdf2fd11fd31
fd59fd49fd82fe62
fcb9fc78fc68fca1
fcf1fd11fd11fcf1
fd59fd51fd31fd01
fd59fd51fd51fd59
fd69fd59fd69fd69
fd61fd59fd8afd79
fda2fd9afd59fd82
fd11fd51fd59fd79
fce9fd01fce9fcf1
fcf9fd21fd09fcd1
fc99fd29fd01fcc9
fce1fd19fd19fcc9
fd8afd41fd09fce1
fdfafdd2fdb2fdaa
fdeafe12fe42fe32
fde2fdd2fdd2fdd2
fd9afd9afd9afdc2
fd79fda2fdaafdaa
02e701eefec3fe12
02ef02e702ef02ff
02e702d702d702df
0327030f02ff02f7
031f0317031f032f
023e028702c702f7
01c601be01be01e6
01f601e601d601ce
01ae01b601b601b6
01a601a601a601ae
01ae018e01a6019e
fe8b0085017d01ae
fe2afd8afcf1fdda
fd71fd51fd92fe32
fca9fc99fc68fc99
fd09fd19fd09fce1
fd61fd59fd41fd09
fd8afd82fd82fd79
fd79fd31fd39fd59
fd69fd61fd92fda2
fcf9fd51fd29fd71
fd11fd41fd19fd29
fcb1fce9fcd9fd11
fcb9fce9fce1fcb9
fcc9fd41fd61fd01
fd21fd39fce1fcc1
fd49fcf1fce9fcc1
fdd2fda2fd71fd82
fdeafe22fddafdb2
fdbafdcafdbafda2
fdb2fd92fda2fda2
fd41fda2fdbafdc2
02f70256ff4bfe02
02e702df02ef0307
02df02e702e702e7
031702ff02ef02e7
031f0317031f0327
0236027e02c702f7
01c601b601b601d6
01fe01e601ce01ce
01b601ae01b601b6
01a601a601ae01ae
01b601a601a601a6
ff5b0155018601a6
fe0afd92fddafe42
fdb2fda2fdaafdf2
fc91fc99fc81fcc1
fd21fd21fce1fcb9
fd79fd59fd41fd19
fd8afd82fd8afd8a
fd92fd69fd49fd82
fd79fd69fd11fd69
fca1fca9fce9fd21
fd09fd19fcf9fce9
fcb1fca1fcc9fd29
fd21fcf1fcd9fcc1
fcc9fd29fd8afd41
fcf1fd21fce9fcd1
fcb9fcc1fd19fd01
fd8afd61fd41fd11
fde2fdc2fd69fd59
fdc2fdd2fdc2fdc2
fdcafdc2fddafdca
fd8afd8afdbafdb2
02f702a7002cfe1a
02cf02c702d702f7
02cf02cf02bf02c7
030702e702cf02c7
0317030f0317031f
0236028702b702ef
01be01ae01b601de
01fe01de01ce01be
01ae01b601b601b6
01a601a601ae01ae
01be01ae01a601a6
00a5018e019e01ae
fe22fdd2fe1afe7a
fdc2fdeafdeafe02
fc91fc91fc70fcd1
fd21fd11fcf1fcc1
fd61fd51fd29fd11
fd92fd8afd79fd69
fd71fdaafda2fd9a
fd49fd41fcd9fd11
fcb1fc81fcc9fce9
fcd1fcd9fcb9fcb1
fcf9fcd9fd19fd19
fdbafd82fd49fd29
fd41fdb2fdaafda2
fce1fd31fd41fd19
fce1fcf1fd39fd31
fd31fd39fd41fcf1
fdc2fd82fd69fd39
fdf2fdd2fdcafdda
fdd2fdd2fddafdda
fda2fd69fdbafdc2
02f702cf011dfe93
02b702af02c702ef
02af02b702af02a7
02e702c702af029f
02f702f702ff030f
02360276029f02d7
01b601ae01b601e6
01ee01de01ce01b6
01ae01b601b601b6
01a601a601ae01ae
01ae01ae01a601a6
016d019e01a601a6
fe3afe12fe4affdc
fd79fdf2fe12fe2a
fc89fc81fc78fca9
fd19fd21fcf9fcb9
fd41fd41fd19fcf9
fd9afd92fd79fd61
fd69fdc2fda2fd82
fcd9fce1fcd1fce1
fc81fc68fc99fcb9
fce1fce1fca9fc89
fd19fd41fd49fd09
fd71fd51fd39fd31
fd9afdaafd71fd71
fd49fd59fd69fd82
fd01fcd9fd19fd71
fd09fd11fd19fce9
fda2fd51fd41fd09
fe02fde2fdd2fdd2
fdd2fde2fddafdf2
fdb2fd61fda2fdc2
02f702df0226ff23
0297029f02bf02e7
029f02a7029f0297
02c702af0297028f
02c702c702d702df
0236025e027602a7
01ae01b601b601e6
01e601de01ce01b6
01ae01b601b601b6
01a601ae01ae01ae
01a601a601a601a6
019e019e01a601a6
fe22fe2afeb300fd
fcf1fd92fdeafe1a
fc68fc78fc81fc60
fd31fd19fcc9fc99
fd29fd11fd01fd09
fd69fd39fd41fd59
fd59fdaafd82fd71
fca9fcb1fca1fce9
fc58fc40fc40fc70
fcc9fcd1fcb1fc81
fd41fd21fcf1fcc1
fd29fd39fd39fd39
fd09fd09fd11fd21
fd31fcf9fcf1fcf9
fd19fd01fcf1fd41
fcd9fcd9fcf1fce9
fd39fd11fd09fcf9
fe02fddafdd2fdaa
fdeafde2fde2fe0a
fe02fd61fdaafd9a
02ff02e702a70024
028f029f02c702e7
02af02b702a70297
02cf02b7029f029f
02af02a702c702df
022e02560266028f
01be01be01be01de
01e601e601ce01be
01ae01b601b601ae
01a601ae01ae01ae
01a601a601a601a6
019e01a601a6019e
fdc2fddaff2b0155
fcd9fd01fd59fdb2
fc68fc70fc70fc78
fd29fd09fcc1fc89
fd29fd11fd01fd19
fd71fd59fd59fd39
fd79fd71fd92fda2
fca1fc99fc89fcf1
fc60fc40fc20fc50
fca1fc81fc70fc70
fd41fd39fd01fcd1
fd39fd51fd71fd59
fd29fd19fd11fd29
fd09fd39fd39fd31
fd11fcd1fcb1fcd9
fcb9fcd1fcf1fd39
fd11fce9fcd1fcc1
fe02fdfafde2fd71
fdeafdd2fdcafdf2
fe3afd69fd82fda2
02f702ef02cf00e5
029f02af02cf02e7
02c702c702b702a7
02f702e702cf02c7
02bf02b702cf02f7
021e024e0266029f
01be01b601be01de
01f601e601ce01ce
01a601ae01b601b6
01a601ae01ae01b6
019e019e01a601a6
019e019e01a6019e
fde2fef300bd0186
ff33fe2afd41fd82
fc89fc60fc70fd01
fcf1fcd9fcb1fc91
fd19fd09fce9fcf9
fd71fd61fd31fd19
fd51fd8afda2fd71
fc58fc68fc81fce9
fc28fc20fc18fc30
fc99fc68fc30fc20
fca9fcb1fca1fca1
fcc1fcc1fcc1fcb9
fce9fcc9fca1fca9
fd11fd11fd01fce9
fcb1fcb1fcd9fd11
fcb1fcf1fd01fce1
fce1fce1fcb1fca9
fe12fe0afde2fd39
fdd2fddafddafdfa
feb3fd92fd71fdc2
02e702ef02bf00cd
02af02b702c702d7
02e702cf02c702b7
0317030f02ff02ef
02df02d702ef030f
0216024e027602b7
01c601b601be01d6
01ee01e601d601ce
01a601ae01b601b6
01a601a601a601a6
019e019e01a601a6
01a601a601a601a6
00c5014d0196019e
00fd011d007c0044
fc78fc60fc81fde2
fcb9fcc1fca9fc91
fce9fcf1fcc1fcc1
fd19fd19fcc9fcb9
fd49fd29fd61fd49
fc28fc60fc99fd09
fc81fc91fc58fc28
fce9fcb9fc91fc78
fda2fd8afd61fd29
fd49fd79fd9afda2
fcc9fce1fce9fd11
fca1fcd1fce1fcd1
fc50fc70fc91fc89
fcd1fcb9fc70fc50
fcf1fcd1fca1fcb1
fe12fe0afdf2fd21
fdbafdc2fdf2fe1a
fea3fd9afd31fda2
02d702e7029f0044
02b702af02b702bf
02e702c702bf02b7
032f032703170307
02ff02f703070327
02060256028f02d7
01c601be01be01ce
01ee01de01ce01ce
01a601ae01ae01ae
01a6019e019e01a6
01a6019e019e01a6
01a6019e01a601a6
01a6019e019e01a6
018601ae01a6019e
fc78fc58fcb9ff2b
fc99fc99fc89fca1
fcd9fcc9fca9fc99
fcf1fcf9fc99fc81
fd69fd31fd01fd51
fc60fc58fcb9fd21
fd41fd39fcf9fcb9
fd51fd31fd21fd19
fe1afdcafd8afd82
fed3fee3fec3fe5a
fe42fe6afe6afe9b
fdb2fe0afe52fe3a
fca9fd01fd51fd79
fc68fc38fc30fc68
fcc1fcc1fce1fcb9
fdf2fdf2fde2fd31
fdaafdaafdd2fde2
fe3afd59fd19fd59
02cf02e702c70095
02af02a702af02bf
02ef02c702b702af
0337032f03170307
03170317031f0337
01f6025602a702ef
01c601ce01be01c6
01de01de01ce01c6
01a601a601a601a6
01a601a601a601a6
019e019e019e019e
019e01a601a6019e
0196018e019601a6
018601a601ae01a6
fc89fc58fd19ffe4
fc99fc68fc70fcb9
fcc9fc70fc81fc89
fcc1fca1fca9fc81
fd29fd31fcc9fcf1
fd11fcb1fcd1fd19
fd41fd49fd71fd61
fd49fd39fd39fd61
fd69fd29fd21fd41
fe8bfe6afe0afdb2
fe83fea3feb3feab
fdb2fdd2fe32fe5a
fd92fda2fdb2fdba
fca9fd19fd41fd61
fcb9fcb1fce9fca9
fdaafdc2fdeafd82
fd8afd79fd61fd92
ffe4fda2fd21fd41
02cf02e702ef0246
02970287029702b7
02df02bf029f028f
031f0317030702ef
031f031f031f032f
01ee024602a702f7
01c601c601c601c6
01de01ce01ce01c6
01a601a601a601ae
019e01a601a601a6
019e019e019e01a6
01a601a601a6019e
019e01a601a601a6
019e01a601a6019e
fc78fc81fd71006c
fc99fc58fc70fc91
fca1fc40fc68fc89
fca1fc89fcb1fc78
fd11fcc9fc81fca1
fda2fd31fd09fce9
fd51fdaafde2fdd2
fd9afd8afd71fd51
fd79fd79fd82fd9a
fdd2fde2fdc2fd92
fe22fe4afe72fe3a
fdd2fdd2fdd2fdf2
fde2fddafdd2fdda
fd59fda2fdcafdda
fca9fce9fd39fd41
fd31fd61fdd2fd61
fd39fd51fce9fd31
028f0064fd61fd19
02cf02ef02ff02e7
027e027e029702b7
02b70297027e026e
02ff02ef02df02c7
030f030703070317
01e6023e029702e7
01be01be01be01be
01d601ce01c601be
01a601a601a601b6
019e01a601a601a6
019e019e01a601a6
01a6019e01a6019e
01a601a601a601a6
01a601b601b601ae
fc48fc81fd92007c
fc60fc81fc70fc60
fc99fc78fc58fc58
fc91fc89fc81fc58
fcf9fca1fc89fc99
fdb2fd69fd51fd19
fdb2fdcafdcafdda
fd59fd71fd79fd69
fdaafd8afd82fd79
fdaafdbafdc2fdaa
fe1afe12fe02fdda
fdaafd8afdcafe1a
fde2fde2fde2fdda
fdd2fdd2fdcafdd2
fcc9fd21fd9afdb2
fd01fcf9fd82fd31
fd19fd19fcb9fcc1
02df0175fdd2fcf9
02d702f7030f0307
026e027e02a702c7
028702760266025e
02df02c702b7029f
02df02cf02c702df
01e60246028702c7
01be01b601b601b6
01de01de01ce01c6
01a601a601a601ae
01a601a601a601a6
019e019e01a601a6
01a6019e019e019e
01b601a601a601a6
01ae01b601b601b6
fc40fc89fd790034
fc58fc78fc60fc48
fc91fc89fc48fc50
fc68fc60fc58fc40
fd01fc99fc81fc78
fdc2fd79fd31fd49
fde2fddafe02fdf2
fd29fd71fda2fdca
fd01fcd1fcd1fcf1
fcf1fce1fcf1fcf1
fd19fd01fcf9fcf1
fd01fd31fd41fd31
fdbafd71fd41fd09
fe1afe0afdd2fdca
fd09fd29fdaafdfa
fce9fcd9fd01fce1
fcd9fcd9fcb1fc99
030f0206fe42fce9
02df02ff0317031f
0226023e028702bf
024e023e021e0206
02b702a7028f026e
02af02a7029702af
01de023e026e0297
01b601a601a601ae
01d601de01ce01c6
01a601ae01a601a6
01a601a601a601a6
019e019e01a601a6
01a601a6019e019e
01b601ae01a601a6
01a601b601b601ae
fc48fca9fd61fffc
fc58fc58fc58fc38
fc78fc50fc48fc58
fc50fc50fc28fc30
fcd1fcb9fc58fc58
fdc2fd21fcd1fcc1
fdfafe0afe22fdf2
fd51fd92fdcafde2
fc68fc89fcb9fd01
fca1fc81fc68fc58
fc70fc70fc70fc78
fcc1fcd1fc99fc78
fdd2fd79fcf1fca1
fe0afe02fdeafdda
fcf1fcf1fd92fe02
fcd9fca1fcc1fcf1
fcc9fcd1fca1fcb9
03170246fe42fd01
02df02ff03170327
01d6020e026e02b7
023e022e01ee01b6
02a702a70287025e
0287027e0276029f
01d6022e024e026e
01a6019e019e019e
01d601de01ce01be
01ae01ae01a601a6
01a601ae01a601a6
019e01a601a601a6
01a601a601a6019e
01ae01a601a601a6
019e01b601b601ae
fc58fcb9fd590014
fc60fc50fc58fc48
fc58fc38fc60fc58
fc40fc58fc28fc20
fc78fc91fc60fc40
fd92fd69fce1fc68
fdeafe0afdeafd9a
fdaafdc2fddafdd2
fc99fcd1fd19fd71
fca1fca1fc81fc70
fc70fc78fc78fc81
fcc9fcb9fc81fc68
fddafdaafd59fcf1
fe0afdf2fdf2fdf2
fcd1fcd9fd79fe02
fca9fc78fcc1fcf1
fce1fcb1fc91fcb1
03170287ff0bfd01
02d702f703170327
01e6020e026602af
02660256020e01ce
02b702bf02af028f
0287027e028702a7
01c60226024e026e
019e019601960196
01de01d601ce01b6
01ae01a601a601a6
01a601ae01ae01ae
01a601a601a601a6
01a601a601a601a6
01ae01a601a601a6
01a601b601b601ae
fc50fcb9fd690064
fc50fc60fc48fc38
fc50fc50fc70fc48
fc30fc50fc30fc38
fc58fc50fc48fc30
fd09fd49fcf1fc70
fde2fde2fd82fd01
fdc2fdeafe02fdfa
fd39fd61fd82fdaa
fc99fcc1fcd9fcf9
fcb9fcc9fca1fca9
fd59fd51fd19fcf1
fdd2fdc2fdb2fd79
fe0afdfafddafde2
fcb1fd01fd69fdda
fc91fc78fcb1fcb1
fcc9fca1fc81fc81
031702cfffd4fcf9
02cf02ef03170327
01f60216025e02a7
029f0287023601f6
02e702e702d702bf
02af02a702af02d7
01be021e02560287
019e01960196019e
01d601d601ce01b6
01a601a601a601a6
01a601ae01ae01a6
01a601a6019e019e
01a601a601a601a6
01a601ae01ae01a6
019e01b601ae01ae
fc50fcd1fd9a008d
fc50fc68fc48fc28
fc40fc60fc60fc48
fc48fc50fc40fc58
fc28fc38fc28fc20
fcd9fd21fce9fc58
fdb2fd71fd41fd39
fdf2fe02fdeafdca
fdcafdd2fdd2fdd2
fd29fd49fd8afdaa
fd59fd41fd41fd39
fda2fdc2fdd2fd9a
fdd2fdaafdbafdaa
fdd2fe02fdfafdea
fca1fd19fd29fd49
fc58fc68fca9fc81
fcc1fc99fc89fc68
031f02ef00adfcf9
02c702e7030f031f
0206021e0256028f
02c702a7025e0216
030f030f02ff02e7
02d702d702df02ff
01be020e025602a7
01a6019e019e019e
01de01de01ce01be
01a601a601ae01ae
01a601a601a601a6
01a601a601a601a6
01a601a601a601a6
01a601ae01ae01a6
01a601ae01a601ae
fc60fcc1fd9200b5
fc40fc48fc38fc20
fc50fc50fc48fc40
fc30fc48fc28fc40
fc30fc30fc28fc18
fce1fcf1fcb9fc70
fd79fd61fd19fd09
fe02fdd2fda2fd61
fe42fe22fe02fe0a
fe12fe22fe0afe3a
fe3afe1afe22fe32
fdf2fe12fe62fe72
fde2fdc2fdc2fdda
fd9afdf2fdf2fdf2
fca1fd01fd09fcf1
fc58fc40fc81fc58
fca9fca1fc99fc58
0327030701f6fe22
02bf02e70307031f
0226022602560287
02df02b70276023e
0327032703170307
02ef02f702ff031f
01b601fe025602af
01ae019e019e01a6
01de01de01ce01be
01a601a601a601a6
01a601a601a601a6
01a601a601a601a6
01a601a601a601a6
01a601a601a601a6
01a601ae01ae01a6
fc89fcb1fdaa00d5
fc40fc38fc20fc20
fc68fc38fc18fc40
fc28fc48fc30fc38
fc40fc40fc38fc18
fc91fc89fc78fc70
fd39fd29fd21fcc9
fdeafd92fd9afd71
fe22fe1afddafde2
fe3afe6afdf2fe12
fe72fe6afe72fe62
fe42fe2afe62fe7a
fe02fdfafe12fe3a
fd69fd59fdc2fdca
fc81fcb9fcd9fd11
fc68fc48fc70fc60
fcc1fc99fc81fc68
032f031702afffa4
02b702e70307031f
024602460266028f
02e702b702870256
03270327031f030f
02e702ff03070327
01b601f6025e02a7
01b601a601a601ae
01de01d601ce01c6
01a601a6019e019e
01a601a601a601a6
01a601a601a601a6
01a601a601a601a6
01a601a601a601a6
01a601a601ae01ae
fcb9fcc9fdba00e5
fc38fc28fc10fc38
fc38fc20fc20fc38
fc18fc28fc20fc38
fc18fc28fc28fc30
fc81fc99fc60fc40
fd41fce9fce1fc91
fdb2fd79fd41fd92
fe0afdcafdcafdaa
fdfafe42fe1afdd2
fe32fe1afe3afe2a
fe2afe4afe12fe02
fddafe1afe3afe3a
fd09fd01fd92fd9a
fc89fca9fcd9fd01
fc58fc40fc60fc78
fd39fc58fc60fc68
032f032f02ef012d
02bf02e703070317
025e025e02760297
02df02bf029f0276
031f031f03170307
02c702ef03070317
01ae01fe025e0297
01be01ae01ae01ae
01c601d601ce01ce
01a601a6019e019e
01a601a6019e019e
019e01a601a601a6
01a601a601a601a6
01a601a601a601a6
01a601a601a601a6
fcd9fd01fdc200ed
fc20fc28fc20fc81
fc18fc18fc20fc28
fc20fc18fc20fc38
fc30fc20fc20fc48
fc58fc99fc78fc38
fd21fd09fd09fcb1
fd61fd79fd19fd21
fdaafdd2fdc2fd69
fddafdfafe22fdca
fdcafe02fe32fe0a
fdf2fe3afe1afdb2
fd82fdbafdeafdf2
fce9fce1fd49fd92
fc89fc99fca9fcc1
fc40fc60fc89fc89
fe7afc68fc78fc58
032f032703070236
02c702ef030f031f
02970297029f02af
02df02bf02af02a7
031f0317030f02f7
02b702e702ff030f
01ae01f60256028f
01ae01a601a601a6
01be01ce01ce01ce
019e019e019e019e
01a6019e019e019e
01a601a601a601a6
019e019e01a601a6
01a601a601a601a6
019e01a601a601a6
fcf1fd29fde200ed
fc10fc18fc40fcb1
fc18fc20fc18fc10
fc18fc10fc18fc20
fc20fc18fc18fc38
fc48fc48fc40fc30
fcf1fce9fd09fc91
fd21fd31fd19fcf1
fd61fdb2fd8afd09
fda2fdc2fde2fde2
fdaafe02fdd2fdf2
fda2fdfafdeafd8a
fd59fda2fd8afd9a
fcd1fcb9fd19fd41
fc78fc91fc81fcc1
fc48fc78fc70fc78
00bdfce1fc70fc60
032f0327032702e7
02cf02ef03170327
02af02af02a702b7
02df02c702bf02af
03170317030f02ff
02b702d702ef030f
01a601ee024e0287
01ae019e019e019e
01be01ce01ce01ce
019e019e019e019e
019e019e019e019e
019e01a601a6019e
01a6019e019e01a6
01a601a601a601a6
0196019e01a601a6
fd09fd41fde200d5
fc08fc30fc70fcd1
fc18fc18fc18fc08
fc10fc28fc18fc10
fc28fc08fc10fc18
fc48fc30fc20fc30
fcd1fcb9fce9fc91
fd01fce9fcd1fcb9
fd59fda2fd41fcf9
fd71fd79fd8afdb2
fdbafdcafd8afda2
fd59fde2fdbafdaa
fd21fd31fd31fd31
fcc9fc99fd29fd29
fc78fc89fca1fcd1
fc50fc81fc81fc68
023efe22fc70fc70
0327032f0337031f
02bf02e7030f0327
0297028f0287029f
02df02c702b7029f
031f031f030f02f7
02b702df02f70307
019e01de0246028f
01ae019601960196
01be01ce01ce01ce
019e019e019e019e
019e019e019e019e
019e01a6019e019e
019e019e019e019e
01a601a601a601a6
019601a601a601a6
fd19fd09fdda00bd
fc10fc30fc89fce1
fc10fc18fc08fc08
fc18fc28fc08fc08
fc38fc20fc10fc18
fc38fc18fc10fc18
fca9fc91fcc1fc60
fd19fcf1fcf9fcb9
fd11fd41fd11fce1
fd51fd29fd49fd79
fd82fd9afd39fd71
fd11fd79fd29fd49
fcf1fcd1fd11fce9
fcd1fcc9fcf9fd09
fc70fc78fc99fcb9
fc58fc81fc99fc58
02e7ffe4fcc1fc70
032f032703370327
02a702d70307031f
026602560266027e
02c702af029f0287
0317031f030f02e7
02bf02df02ef02f7
019e01d60246028f
01ae019601960196
01be01c601ce01c6
019e019e019e019e
019e019e019e019e
019e019e019e019e
019e019e019e019e
019e01a601a601a6
018e019e019e019e
fce1fd39fdea00bd
fc30fc81fcc9fce9
fc10fc10fc08fc10
fc10fc18fc08fc08
fc28fc40fc10fc10
fc50fc28fc38fc10
fc99fc70fc78fc68
fd11fd09fce1fcc1
fcc9fd09fcf9fcf1
fd41fd19fd11fd09
fd49fd79fd21fd61
fce9fd49fcf9fce1
fcb9fcb9fd01fcc9
fcb1fcf1fce1fcd9
fc78fc70fc68fca9
fc58fc70fc78fc68
031701befe3afc58
032f031f0337032f
029702cf02ff031f
022e021e023e0266
02a7027e026e025e
0307030f02f702cf
02bf02cf02cf02df
019601ce0236028f
01a6019601960196
01be01c601ce01c6
01960196019e019e
01960196019e019e
019e019e019e019e
019e019e019e019e
019e019e01a601a6
0196019e019e019e
fcf9fd51fdd200cd
fc68fcb9fce1fcc1
fc08fc08fc08fc20
fc18fc08fc00fc00
fc18fc50fc28fc18
fc68fc28fc20fc10
fc99fc99fc48fc50
fcf1fcf1fc89fc91
fcb1fcd1fce9fce9
fd41fce1fcd1fce1
fd01fd29fcc9fd09
fcc1fcf1fce1fce9
fc99fca1fcd9fcb9
fc99fcc9fcc9fcb9
fc70fc60fc40fc91
fc48fc50fc58fc58
031f02cf00bdfd92
0337032f0337033f
029f02d70307031f
023e022e023e0276
027e024e02360246
02e702ef02d702af
02a702b702bf02bf
018e01be022e0287
01a60196018e018e
01be01c601ce01c6
0196019601960196
0196019601960196
0196019e019e0196
019e019e019e019e
019e019e019e019e
019e019e019e019e
fd31fd41fdb200d5
fc81fcd1fcd9fce9
fc08fc08fc08fc30
fc28fc08fc00fc00
fc20fc30fc28fc18
fc48fc18fc10fc28
fc68fc99fc40fc40
fcf9fcb9fc70fc60
fcd1fce1fcf1fcf9
fcd1fcb1fca9fcb9
fcb9fce1fca9fcb9
fca1fcd9fcd9fca1
fcb1fc89fcb1fcd9
fc70fc99fcd1fcb9
fc40fc40fc38fc60
fd11fc30fc48fc58
031f02f7027e008d
0327032f0327032f
02af02d702ff0317
027e0276027e028f
025e0236023e0266
02bf02cf02bf028f
027e0297029f029f
018e01ae021e026e
01ae018e018e018e
01be01c601ce01c6
0196019601960196
0196019601960196
0196019e019e0196
0196019601960196
01960196019e019e
019e019e019e019e
fd39fd29fdd200dd
fc81fcc1fcd9fd11
fc08fc18fc58fc58
fc18fc08fc08fc08
fc20fc10fc08fc10
fc18fc10fc10fc20
fc78fc68fc20fc10
fcc9fc99fc91fc81
fc99fcd9fd19fcd1
fc89fc81fc99fc99
fc91fc99fc81fc78
fc81fc91fcb9fcb1
fc81fcd9fcf9fcd1
fc70fc70fca9fc99
fc38fc50fc30fc58
ff73fca9fc38fc60
0317030702e7025e
0307030f03170317
029702af02d702ff
029f029f028f0287
0266025602760297
02a702bf02b70297
025e026e027e0287
019601b602260256
01ae0196017d017d
01c601c601ce01c6
0196019601960196
01960196018e0196
0196019601960196
0196019601960196
019e019601960196
0196019e019e0196
fd19fcf1fde200d5
fc99fcb9fd19fd21
fc20fc48fc89fc91
fc08fc08fc08fc10
fc28fc10fc08fc00
fc10fc08fc08fc10
fc50fc18fc20fc20
fcc1fcc1fc89fc99
fc78fce1fcf1fc99
fc58fc48fc78fc81
fc78fc70fc91fc81
fc70fc58fc89fcb9
fc81fcf1fcd1fc89
fc78fc91fca1fc70
fc48fc60fc38fc68
024e0024fd09fc28
030f030f02f702d7
02ef02ff02ff0317
0266028702af02d7
02970297027e0266
02970287028f029f
02b702cf02d702b7
026602870297029f
018e01ae020e0256
01ae019601750175
01c601c601ce01c6
018e018e018e018e
018e018e018e018e
0196019601960196
0196019601960196
019e019601960196
018e019e019e0196
fd01fd09fde200b5
fcc9fce1fd11fd21
fc48fc68fc91fcb1
fc08fc10fc18fc38
fc10fc08fc08fc08
fc18fc18fc08fc08
fc50fc10fc28fc30
fc70fca9fc81fc81
fc70fca9fcb9fc81
fc50fc68fc68fc70
fc58fc48fca1fc78
fc78fc58fc50fc78
fce9fcf1fc99fc70
fc50fc78fc89fc78
fc30fc50fc38fc58
02df024e0085fd59
030f0307030702ff
02df02f702f7030f
023e0266028f02bf
0287027e02560236
02b70297029f029f
02d702ef02f702df
028f02af02b702bf
017d019e01fe025e
01ae01960175016d
01ce01c601c601c6
018e018e018e018e
018e018e018e018e
01960196018e018e
018e019601960196
0196018e01960196
0186019601960196
fcf1fd39fdba0054
fcd9fcf9fd19fd29
fc50fc78fca1fcb9
fc20fc20fc38fc40
fc08fc08fc18fc20
fc18fc18fc08fc00
fc20fc08fc18fc18
fc58fc78fc89fc60
fc68fc91fc60fc48
fc28fc58fc50fc48
fc20fc28fc40fc40
fc58fc60fc30fc38
fce1fd11fcb9fc48
fc20fc20fc58fc68
fd11fc60fc28fc28
02ef028f021e007c
030f02ff02ff02ff
02df02ff02ff030f
02260256028f02b7
026e0246022e021e
02c702a7028f028f
02e702ff030702ef
029f02bf02bf02cf
0175019601ee025e
01ae018e01650165
01c601c601ce01c6
018e018e018e018e
018e018e0186018e
01960196018e018e
0196018e018e018e
019601960196018e
018e0196018e0196
fcf9fd49fd82ffe4
fcf9fd01fd11fd31
fc78fc99fca9fcc9
fc28fc38fc40fc50
fc18fc20fc18fc28
fc08fc08fc08fc10
fc20fc08fc00fc08
fc38fc28fc20fc68
fc48fc68fc50fc40
fc20fc30fc38fc30
fc28fc20fc28fc40
fc30fc30fc38fc30
fc78fcf1fca1fc48
fc08fc18fc28fc38
fdc2fce9fc89fc20
02ef02af02560165
030f02ff02ff02ff
02ef02ff030f030f
023e026e02a702d7
026e024602360236
02cf029f0276026e
02df02f7030702f7
029702b702bf02cf
016d018601de0256
01ae01860165015d
01c601c601ce01c6
018e01860186018e
0186018e0186018e
018e018e018e018e
018e018e018e018e
018e01960196018e
017d018e0186018e
fcf1fd49fd69ff94
fd01fd11fd11fd29
fc89fcb9fcb9fce1
fc38fc40fc50fc68
fc18fc20fc20fc20
fc08fc20fc20fc20
fc08fc00fc00fc00
fc08fc08fc08fc10
fc18fc10fc18fc10
fc10fc10fc10fc10
fc10fc18fc30fc28
fc18fc18fc28fc20
fc28fc70fc89fc50
fc50fc20fc10fc18
fdeafd29fd01fc91
02e702bf02660165
0317030f02ff02f7
030703170317031f
0266028f02bf02ef
0287027e02760266
02bf028f026e0276
02b702d702f702e7
027e029702a702af
016d017d01ce0246
01ae018e0165015d
01c601c601c601c6
01860186017d017d
0186018601860186
01860186017d0186
018e018601860186
018e018e018e018e
0125018e018e018e
fd09fd31fd59fedb
fcf9fd19fd19fd29
fca1fcb1fcd1fcf1
fc40fc58fc78fc89
fc20fc28fc38fc40
fc10fc20fc20fc20
fc08fc10fc10fc10
fc08fc08fc10fc08
fc10fc10fc08fc08
fc08fc10fc08fc08
fc18fc10fc30fc10
fc48fc40fc18fc20
fc00fc08fc38fc38
fca9fc68fc28fc08
fe52fd29fd01fcd9
02e702af0246017d
0327032703170307
0317031f03270327
026e029702cf02f7
0287027e02760266
02b7028f027e0287
029f02c702ef02e7
026e0276028f0297
016d017501c60246
01ae018601650155
01c601c601c601be
017d01860186017d
0186017d017d017d
017d017d017d0186
0186017d0175017d
018e018e018e0186
ff7b011d01750186
fd31fd11fd29fdd2
fd11fd21fd21fd21
fcb1fcd9fcf9fcf1
fc60fc70fc89fca1
fc30fc40fc40fc50
fc20fc28fc28fc28
fc18fc20fc28fc20
fc00fc00fc08fc10
fc08fc10fc10fc08
fc08fc10fc08fc00
fc18fc08fc08fc08
fc10fc18fc08fc08
fc10fc08fc10fc10
fcc9fca9fc81fc40
fe9bfd41fd19fcf1
02f7029f02360196
033703270317030f
031f032703370337
0256028f02c702f7
025e0246023e022e
02cf02a70297027e
02a702d702ff02f7
0266027e0297029f
016d017d01be0236
01ae018e01650155
01c601c601be01be
017d01860186017d
0186018601860186
01860175017d0186
0186016d01650175
010d016d0175017d
fdfaff03ffe40095
fd51fd11fd19fd79
fd19fd19fd39fd39
fcc9fcd9fcf1fd11
fc70fc78fc99fcb1
fc38fc40fc48fc58
fc20fc30fc38fc30
fc28fc20fc28fc20
fc08fc08fc10fc18
fc00fc08fc08fc08
fc00fc08fc08fc00
fc08fc08fc08fc08
fc10fc08fc08fc00
fc48fc40fc30fc20
fcf9fcc1fc99fc68
fecbfd41fd21fd19
030f02bf025601ae
0327032f03270327
031f032f0337032f
022e027e02b702ef
023601fe01ee01fe
02df02af02870266
02c702ef03070307
0266029702bf02bf
0165017d01c6022e
01be0196016d0155
01ce01be01b601be
017d017d017d0175
0175017d017d017d
0186017d0175016d
017d0175016d0175
fe12ff1b006c014d
fdb2fdd2fe12fe1a
fd29fd39fd21fd51
fd21fd29fd21fcd9
fcb9fcd9fcf1fd19
fc78fc99fca1fca9
fc38fc48fc60fc70
fc20fc38fc40fc40
fc20fc20fc20fc20
fc10fc18fc20fc20
fc10fc18fc18fc18
fc10fc08fc08fc08
fc18fc18fc18fc18
fc48fc30fc20fc18
fc78fc78fc78fc58
fcf9fcc1fcb1fc91
ff23fd59fd49fd31
030f02cf026e01de
032f032f032f0327
031f03370337032f
0216027602b702ef
020e01c601ae01d6
02cf029f026e023e
02e702ff030f02f7
026e02af02d702d7
0165017d01ae0216
01be019e016d015d
01ce01be01b601be
016d016d01650165
016d016d016d016d
0186017d01750155
003c0115016d0175
fdbafd39fd92fee3
fd8afd9afdbafdea
fd11fd51fd39fd39
fd29fd21fcf9fd19
fcc1fce1fd01fd11
fc91fca9fca9fcb1
fc48fc58fc68fc78
fc38fc38fc40fc48
fc28fc28fc30fc40
fc18fc20fc28fc28
fc10fc10fc08fc08
fc20fc18fc10fc18
fc20fc28fc28fc18
fc58fc38fc38fc28
fc91fc91fc89fc70
fd09fcd1fcc9fca1
ff7bfd61fd49fd41
030f02d702870216
032f032f032f0327
03170327032f032f
021e027602bf02f7
020601ce01b601de
02b7028702460216
030f030f02ff02d7
026e02bf02ef02f7
016d017d01a60216
01be019e017d0165
01c601be01ae01b6
01750175016d016d
01750175016d0175
0145016d0175015d
fd79fec3002c010d
fdbafdcafd82fd09
fd61fdb2fd92fd8a
fd29fd41fd49fd31
fd39fd01fd31fd49
fcd9fd01fd19fd31
fcb1fcb9fcb9fcc9
fc60fc78fc78fc99
fc48fc40fc50fc58
fc38fc40fc48fc48
fc18fc28fc28fc30
fc10fc10fc10fc10
fc10fc08fc00fc08
fc18fc18fc10fc10
fc68fc58fc40fc20
fca9fcb1fca1fc78
fd11fcf1fcd9fcc1
ffa4fd69fd49fd31
030702d70297022e
032f032f03270317
030f031703270327
0256028f02bf02ef
022e021e0216022e
028f025e022e021e
0327031f02f702c7
026602bf02f7030f
016d017d019e0206
01be01a601860175
01be01be01be01be
017d01750175015d
016d0175017d017d
ff9c0054010d0155
fcd9fcf9fdeafeeb
fd82fda2fdd2fd92
fd51fdb2fd9afd71
fd39fd29fd21fd29
fd21fd21fd39fd51
fcf1fd11fce1fd21
fcc1fcd1fcd9fce9
fc81fc91fc89fc99
fc58fc60fc58fc68
fc40fc50fc50fc60
fc20fc28fc38fc40
fc08fc10fc18fc18
fc18fc10fc08fc10
fc20fc18fc10fc10
fc89fc70fc50fc30
fcc9fcb9fca9fc99
fd11fcf1fce1fcd1
ffb4fd69fd41fd29
02ff02cf028f022e
032703270317030f
02ff031703170327
0266029702bf02df
025e024e024e0256
028f0256023e024e
032f032702f702bf
025e02bf02ff0317
016d0186019601f6
01b601ae018e017d
01be01be01b601b6
0165014d012d0105
008d00dd01150155
fde2fe52ff03ffdc
fd9afcf9fd01fd9a
fd92fd8afdaafdc2
fd49fd9afd8afd82
fd41fd21fd19fd19
fd09fd51fd41fd59
fd11fcd9fce9fcf9
fcc9fcd1fce1fcf9
fc89fc89fc91fc99
fc68fc70fc78fc81
fc40fc48fc60fc68
fc30fc30fc40fc48
fc20fc20fc20fc28
fc18fc18fc08fc18
fc38fc28fc20fc18
fc91fc70fc58fc40
fcb9fcb9fcb1fca9
fd09fd09fcf1fce1
ffccfd71fd49fd29
02ff02cf02870236
03270327030f02ff
02ef030703170327
024e027e02b702cf
026e024e02460246
02b7028f026e0276
03270327030702df
026602c702ff0317
01750186018e01f6
01b601b6019e0186
01be01b601ae01b6
0024009d009d005c
fe22fe5afe9bff5b
fd82fdbafdbafdc2
fdb2fda2fce1fcf9
fd79fd92fd92fda2
fd39fd8afd92fd71
fd29fd21fd29fd21
fd19fd21fd61fd69
fcf9fcd9fd61fd59
fcd1fce9fce1fd11
fc91fc89fc99fcb9
fc78fc70fc99fca9
fc40fc58fc68fc78
fc38fc48fc48fc40
fc20fc28fc30fc38
fc20fc20fc20fc18
fc50fc38fc20fc18
fc99fc81fc70fc48
fcd1fcd1fcc1fcb1
fd11fd11fd09fce9
ffccfd79fd51fd31
02f702cf028f0236
03270327030f02ff
02e702ff0317031f
022e025e029702c7
025e023e021e021e
02d702af02870276
031f0327031702ff
025e02c703070317
0175017d018601e6
01b601b6019e017d
01b601b601ae01b6
fdfafe7aff43ff94
fd39fda2fdcafdb2
fd11fd92fd59fd49
fd8afdaafd51fca1
fd71fd9afd69fd79
fd21fd61fd92fd71
fd29fd21fd39fd29
fd69fd21fd31fd59
fce9fd29fd61fd51
fce9fcf9fcf1fd19
fc99fca9fcc1fce1
fc78fc91fc99fca9
fc60fc50fc60fc78
fc48fc50fc48fc60
fc10fc28fc30fc40
fc28fc20fc20fc10
fc50fc40fc38fc30
fca1fc81fc81fc58
fce9fce9fcc9fcb1
fd21fd11fd01fcf9
ffe4fd92fd69fd41
02f702d70297023e
03270327031702ff
02e7030703170327
020e0246028702bf
0246021e01de01de
02df02af02870266
030f031f031f0307
024602af02ef02ff
016d017d017d01d6
01be01ae0196017d
01ae01ae01b601b6
ffc4ffbcffb4ffb4
ffdcffd4ffccffc4
fff4ffecffecffe4
fff4fff4fff4fff4
fff4fff4fff4fff4
ffecffecffecfff4
fff4fff4ffecfff4
ffecffecffecfff4
ffdcffdcffdcffdc
ffd4ffd4ffdcffdc
ffe4ffdcffdcffd4
ffdcffdcffdcffe4
ffecffe4ffecffe4
ffdcffe4ffe4ffec
ffe4ffdcffe4ffdc
ffecffecffe4ffe4
0014000cfffcfff4
0034002400240024
0044003c00340034
0024003400340034
fff4000c000c001c
ffc4ffccffd4ffec
ff94ffa4ffacffb4
ff33ff43ff5bff7b
ff1bff1bff23ff2b
fefbff03ff0bff13
ff0bff0bff03fefb
ff1bff0bff0bff0b
ff2bff2bff23ff1b
ff33ff33ff2bff2b
ff63ff4bff43ff3b
ffbcffa4ff8cff7b
ff84ff7bff7bff7b
ffacffa4ff94ff8c
ffd4ffccffc4ffbc
ffe4ffdcffdcffdc
ffe4ffe4ffe4ffe4
ffe4ffe4ffe4ffec
ffe4ffecffecffec
ffe4ffe4ffe4ffe4
ffdcffdcffdcffdc
ffdcffdcffdcffdc
ffe4ffdcffdcffe4
ffecffe4ffe4ffe4
0004fffcfffcfff4
000c000c00040004
000c0004000c000c
000c000c000c000c
0024001c001c0014
00240024001c0024
004400540034002c
004c005c00640054
ffb4ffd4000c0024
ff6bff73ff84ff94
ff43ff43ff4bff53
ff23ff23ff2bff3b
ff2bff23ff23ff1b
ff3bff33ff33ff33
ff53ff53ff4bff3b
ff6bff63ff63ff5b
ff8cff8cff8cff84
ff9cffa4ff9cff8c
ffacff9cff94ff9c
000cffe4ffccffb4
ff3bff3bff3bff33
ff73ff63ff53ff43
ffacffa4ff94ff84
ffccffc4ffbcffb4
ffd4ffd4ffd4ffcc
ffd4ffd4ffd4ffd4
ffd4ffdcffdcffd4
ffd4ffd4ffd4ffd4
ffd4ffd4ffd4ffd4
ffd4ffdcffdcffd4
ffe4ffe4ffecffec
fffcfffcfff4ffe4
0014000c00040004
002400240024001c
002c002c002c002c
002c002c002c0034
003400340034002c
003c00340034002c
0054006400540044
008d0085007c006c
ffa4000c00640085
ff33ff3bff3bff5b
ff3bff2bff33ff33
ff6bff6bff5bff43
ff7bff7bff73ff6b
ff6bff73ff73ff7b
ff8cff8cff84ff7b
ff84ff84ff8cff84
ffacff9cff9cff94
ffecfffcfffcffd4
001c0014001c000c
0085005c0044002c
ff03ff0bff03ff03
ff33ff23ff13ff0b
ff73ff63ff5bff4b
ff9cff9cff8cff84
ffb4ffb4ffacffa4
ffc4ffc4ffbcffb4
ffc4ffc4ffc4ffc4
ffc4ffc4ffccffc4
ffccffccffc4ffc4
ffd4ffd4ffd4ffd4
fff4ffecffe4ffdc
00040004fffcffec
0024001c000c000c
003c003c002c002c
00440044003c0044
0044004400440044
0044003c004c004c
00540054005c0044
004400440054005c
006c0064004c0054
0034007400950095
ff53ff53ff6bffbc
ff8cff7bff73ff63
ffb4ffb4ffacff94
ff7bff94ffa4ffb4
ff9cffc4ffa4ff6b
ffb4ff8cff84ff7b
ffb4ffa4ffacffc4
0014fffcffecffcc
002c00640074003c
00a5009500950064
00cd00c500bd00ad
fee3fedbfedbfedb
fefbfeebfee3fee3
ff33ff2bff23ff0b
ff5bff53ff4bff43
ff84ff7bff6bff63
ff9cff9cff94ff84
ffacffacffa4ffa4
ffb4ffb4ffbcffb4
ffc4ffbcffbcffbc
ffccffccffccffc4
fff4ffecffe4ffd4
000c0004fffcfff4
0024001c0014000c
0044003c0034002c
006c006400540044
006c0064006c0064
005c00640064007c
ff2bff9c0014004c
ff03ff33ff03ff1b
feebfeb3fecbfefb
00340004ff84ff5b
ffdcffe4ffec002c
ffecffe4ffecffdc
ffbcffd4ffe4ffec
ff9cffbcffb4ffb4
010d011d009dffc4
00ed00cd00e500f5
00bd008d007400cd
00b500d500dd00dd
00bd00dd00cd00ad
00ed00e500dd00cd
00f500fd00fd00f5
febbfecbfecbfecb
fed3fec3fec3fec3
ff03fefbfef3fee3
ff1bff1bff13ff0b
ff43ff3bff33ff23
ff63ff5bff5bff4b
ff8cff8cff7bff6b
ff9cff9cff9cff94
ffb4ffacffacffa4
ffc4ffc4ffbcffb4
ffe4ffdcffd4ffcc
fffc0004fffcffec
001c001c0014000c
002c002c00240024
007c006c005c0044
0085008d008d0085
ff530014003c0064
fcc9fd01fdd2febb
fce9fcf1fce1fd09
fd09fce9fcf1fcd9
fedbfdf2fd39fd09
0074004c0034ffe4
0085007c0085008d
005c004c004c0074
00f500c5008d0064
026e023e01ce0135
0216025e029f029f
015d013d013d01b6
0105011d013d0155
0115010d00fd00ed
0115011501150115
01050105010d0115
feabfeb3febbfebb
febbfeb3feabfea3
fee3fedbfecbfec3
fef3feebfee3fedb
ff13ff0bff03fefb
ff2bff2bff1bff1b
ff53ff4bff3bff3b
ff7bff73ff6bff5b
ff9cff94ff94ff84
ffbcffb4ffacffa4
ffe4ffd4ffc4ffbc
fff4fff4ffecffe4
0014001c000cfff4
fffc0014fff40004
001cfffcffa4ffd4
ffd400440034001c
fcd9fd79fe02fee3
fc78fc68fc70fc91
fcb1fc91fc89fc81
fd31fd19fcf1fcc9
fd49fd31fd19fd21
001cff3bfe93fdea
0115010500e50074
0135011d0115011d
01b6019e0175014d
01ee01d601ce01ce
01ae01d602060216
0145014d016d0196
011d0125012d0135
013d0135012d0125
0135013d01450145
011d011d0125012d
fe9bfe9bfea3fea3
feabfea3fe9bfe9b
febbfebbfebbfeb3
fed3fecbfecbfec3
fee3fee3fedbfed3
fefbfef3feebfeeb
ff1bff13ff03ff03
ff43ff3bff2bff23
ff73ff63ff5bff53
ffa4ff94ff84ff7b
ffc4ffbcffb4ffac
ffe4ffd4ffd4ffcc
ffbcffd4ffecfff4
fe93feebff1bff5b
fe42fe1afdcafe2a
fe6aff6bfe9bfe4a
fc60fc68fc78fd09
fca9fcb9fca1fc70
fd01fd01fce9fcc9
fd29fd49fd49fd09
fd29fd41fd39fd39
fde2fd9afd51fd49
00ed003cff3bfe42
0145013d0135011d
01b601ae0186016d
017d018601a601be
0155014d01650175
0155015d015d0165
013d013d013d013d
01550145013d0145
017d01860186016d
015d0165016d0175
fe8bfe83fe8bfe8b
fe93fe93fe93fe93
fe9bfe9bfe9bfe9b
feabfeabfea3fea3
febbfeb3feabfeab
fed3fed3fec3fec3
fee3fedbfed3fecb
ff13ff0bfefbfeeb
ff43ff2bff2bff1b
ff7bff6bff5bff4b
ff94ff94ff8cff84
ffa4ffa4ffa4ffa4
fe42fecbff43ff84
fd11fd19fd49fda2
fcc1fcb9fce9fcf1
fce9fe0afd92fd01
fc89fc70fc70fc81
fcc1fce1fcc1fc99
fce9fd09fcf1fce1
fd29fd19fd21fcf9
fd69fd69fd41fd29
fd39fd61fd69fd71
fecbfdc2fdb2fd8a
012d010d00ed001c
0175016d015d014d
01a60196018e017d
01ae01b601ae01ae
017d018e019601a6
016d0165016d016d
016d016501650165
01ae01a60196017d
01ae01b601be01b6
fe7afe7afe72fe7a
fe8bfe8bfe83fe83
fe8bfe8bfe8bfe8b
fe93fe93fe8bfe8b
fea3fe9bfe9bfe93
feabfeabfeabfeab
fec3febbfeb3feab
feebfee3fed3fec3
ff0bfefbfefbfef3
ff43ff33ff2bff1b
ff73ff7bff5bff4b
fef3ff23ff53ff63
fd11fd61fddafe8b
fcb1fcb9fcd1fcd9
fc70fc78fc89fc91
fc81fc91fc89fc70
fc99fc91fc99fca1
fcb9fcb9fcc9fca1
fcb9fcc9fcb9fca1
fd09fcf9fce9fce9
fd61fd49fd39fd31
fd49fd79fd59fd61
fe1afebbfecbfd8a
010500ddffb4fe02
01350135012500fd
013d013501350135
016d015d01550145
016d0175017d0175
0155014d01550165
016d0165015d015d
018e017d01750175
01be01b601ae019e
fe62fe6afe6afe62
fe72fe7afe72fe6a
fe7afe7afe7afe7a
fe7afe7afe7afe7a
fe8bfe83fe83fe7a
fe93fe93fe93fe8b
feabfea3fe9bfe9b
fecbfeb3feb3feab
feebfed3fecbfecb
ff1bff13ff03fefb
ff2bff3bff2bff1b
fdaafe2afea3ff03
fcc1fcd1fcf9fd39
fcd1fcb9fcb1fcb9
fc70fc81fca9fcb9
fc81fc68fc68fc70
fca1fca1fc91fc99
fcb1fcb1fca9fcb1
fcd9fcc9fcc1fca9
fd19fd31fce9fcf9
fd51fd39fd39fd11
fdaafd79fd69fd71
ff4bfedbfe2afdca
0064ff03fe42fea3
00dd00cd00dd00c5
00b500bd00cd00dd
00b500ad00ad00b5
00dd00d500c500bd
00b500ad00b500cd
011500fd00dd00c5
013d01350135012d
014d01450145013d
fe32fe4afe62fe52
fe5afe4afe3afe32
fe6afe6afe6afe62
fe62fe62fe62fe6a
fe72fe6afe6afe6a
fe83fe7afe7afe7a
fe9bfe93fe8bfe8b
feabfea3fe9bfe93
fecbfebbfeb3feab
fefbfefbfeebfee3
fe8bfee3ff13fef3
fcf1fd21fd82fe02
fcc9fca9fcc1fce1
fcd1fcc1fcc9fcc1
fc99fcc9fcd1fcd1
fc91fca9fcb1fc91
fca1fca1fc91fc81
fc99fc89fc89fca1
fd01fcd1fcc1fc99
fd41fd11fcd1fce1
fd61fd49fd39fd21
fd8afdaafd82fd71
fe6afddafda2fd92
fe22fe3aff33ff43
005c005c005cff8c
0034004400540064
000c001400240024
00040004fffc0004
ffdcffdcffecfffc
00340014fff4ffe4
007c007400640054
007c007c007c007c
fe3afe42fe72fe83
fe32fe22fe22fe3a
fe52fe52fe4afe42
fe52fe52fe52fe52
fe62fe62fe5afe5a
fe72fe62fe6afe6a
fe8bfe83fe7afe7a
fe93fe93fe8bfe83
febbfeb3feabfe9b
fed3fedbfed3fecb
fd69fe0afe9bfec3
fcc1fcc9fcd9fd09
fca9fca1fcb9fcb9
fcb9fca9fcb1fc99
fcc9fcd1fcb1fca1
fcb9fce1fcc1fca9
fc78fc81fc89fc91
fc81fc78fc78fc78
fcf1fcc1fca9fca1
fd49fd11fce1fd01
fd61fd79fd51fd69
fd82fd79fd8afd69
fdc2fd82fda2fd9a
fe7aff2bfef3fe2a
ffd4ffbcfeebfe1a
ffccffdcffe4ffdc
ffa4ffb4ffbcffc4
ff94ff94ff9cffa4
ff6bff73ff7bff84
ff73ff73ff6bff6b
ffa4ff94ff8cff7b
ffacffacffacffac
fe83fe3afe62fe9b
fe32fe3afe5afe93
fe42fe3afe2afe22
fe4afe42fe42fe3a
fe5afe52fe4afe4a
fe62fe62fe62fe5a
fe83fe72fe72fe6a
fe93fe8bfe83fe7a
feb3feabfe9bfe93
fea3febbfebbfebb
fcd1fd39fdc2fe52
fcc1fcc9fcc9fce9
fcc9fcd1fcc1fcb9
fcc9fcb9fcb9fcb1
fcd1fcb1fcd9fd01
fcd1fcc9fca9fcb1
fc81fc70fc70fc99
fc68fc58fc60fc68
fca1fc89fc78fc81
fd01fcc1fcb1fc99
fd21fd69fd59fd49
fd82fdaafd59fd71
fdb2fdb2fd9afd92
ff13fe7afdd2fdaa
ff5bfea3fdf2fea3
ff84ff8cff8cff84
ff63ff6bff6bff73
ff53ff5bff5bff5b
ff43ff43ff4bff4b
ff33ff33ff33ff3b
ff3bff33ff23ff2b
ff3bff3bff3bff3b
fecbfe5afe2afe83
fe3afe52fe72febb
fe2afe22fe1afe12
fe3afe32fe32fe32
fe4afe42fe42fe42
fe5afe52fe52fe52
fe7afe6afe62fe5a
fe8bfe8bfe83fe7a
feb3fea3fe9bfe8b
fe12fe93feb3febb
fce1fce9fd11fd71
fcb9fce1fcc9fce1
fcc9fce1fcc9fcc9
fce1fcd1fcc1fcb9
fc78fc81fc89fcc1
fcf9fcb9fcb1fca9
fc81fc91fcb1fcc9
fc60fc58fc60fc58
fc78fc68fc68fc70
fd09fcc9fca1fc70
fd71fdaafda2fd41
fd61fd69fd82fd79
fdbafd92fda2fd92
fdf2fda2fda2fdba
fe9bfdf2fe83fe93
ff53ff5bff5bff4b
ff33ff33ff33ff43
ff2bff2bff23ff2b
ff1bff23ff23ff23
ff0bff13ff13ff13
ff0bff0bff0bff03
ff0bff03ff0bff0b
ff03fee3fe7afe9b
fe32fe72fe8bfebb
fe22fe1afe0afe0a
fe32fe2afe22fe22
fe3afe3afe32fe32
fe52fe4afe42fe42
fe7afe62fe62fe5a
fe8bfe83fe7afe7a
feabfea3fe93fe83
fd71fe0afe8bfebb
fcf9fcf1fcd1fcf9
fca9fcd1fcd9fce1
fca1fca1fc99fca1
fd21fcf1fcf9fcc9
fc50fca1fcb1fcd1
fce1fcd9fcd1fc78
fc68fc99fcb9fcc9
fc38fc38fc48fc58
fc99fc81fc48fc30
fc99fc81fc89fc89
fd79fd8afd11fc99
fda2fdc2fda2fdaa
fdaafd92fdbafda2
fd8afd92fdaafdc2
fe4afe83fe4afdd2
ff3bff3bff3bfed3
ff1bff23ff1bff23
ff13ff13ff13ff1b
ff0bff13ff13ff13
ff03ff03ff0bff0b
fefbfefbfefbfefb
ff03ff03fefbfefb
fef3ff3bff1bfeeb
fe2afe8bfecbfec3
fe1afe12fe0afe02
fe22fe1afe1afe1a
fe32fe2afe2afe22
fe4afe42fe42fe3a
fe72fe5afe5afe52
fe83fe83fe7afe6a
fea3fea3fe93fe8b
fcf1fd49fdf2fe8b
fcd9fcd9fce1fce1
fcb1fcc9fcd1fcd1
fcf1fd09fd29fcd1
fd41fd71fd41fd09
fc48fc38fc91fcf9
fd01fce1fce9fca9
fcc1fcd1fcd1fce9
fc38fc50fc68fc91
fc78fc68fc48fc38
fc68fc70fc81fc89
fd51fd01fc99fc70
fe0afdaafd59fd51
fe0afe02fdfafe32
fdbafdd2fdbafdc2
fe72fe4afdbafdaa
ff33ff23fee3fe32
ff13ff13ff13ff1b
ff0bff13ff0bff0b
ff0bff0bff0bff03
ff03ff03ff03ff03
fefbff03ff03ff03
fefbfef3fefbfefb
fe83febbfebbfe83
fe12fe62feabfe9b
fe0afe0afe0afe02
fe1afe1afe12fe0a
fe2afe22fe1afe1a
fe42fe3afe3afe32
fe62fe5afe52fe4a
fe83fe7afe72fe62
fe7afe9bfe93fe93
fce9fd01fd49fdf2
fcc1fcc1fce9fcf1
fcd9fcc9fcc9fcc9
fd51fd39fd41fd21
fd09fd71fd79fd41
fc89fc48fc50fc89
fd01fca1fca9fcb1
fd09fd19fcf9fd01
fc99fca9fcb1fcd9
fc81fc58fc81fc91
fc68fc89fc70fc81
fcf1fca1fc78fc68
fdb2fd31fd39fd31
fe0afe2afe4afe22
fde2fe0afde2fdfa
fe42fddafd9afdba
ff33fefbfe6afe2a
ff0bff1bff1bff23
ff0bff0bff0bff0b
ff0bff0bff03ff03
ff03ff03ff03ff03
fefbfefbff03ff03
fefbfef3fefbfefb
fe0afe12fe1afe02
fe02fe12fe3afe32
fe0afe02fe02fdfa
fe12fe12fe0afe12
fe22fe1afe1afe12
fe32fe32fe2afe22
fe5afe52fe4afe42
fe83fe72fe6afe5a
fdfafe7afe93fe9b
fcf1fd01fd29fd59
fcd9fcd1fcc9fce9
fd51fd01fce1fce1
fd8afd59fd71fd8a
fcd1fd49fd39fd51
fc91fc89fc70fc70
fd29fca1fc91fc91
fcf1fd09fd39fd41
fcc1fca1fcc9fd09
fc60fc78fcf1fd19
fca9fc89fc70fc60
fca1fc91fc70fc81
fda2fd82fd39fcd1
fe52fe4afe22fda2
fdeafdf2fe02fe02
fe02fdaafdbafdca
ff03fecbfe42fe3a
ff13ff1bff13ff1b
ff13ff0bff0bff0b
ff03ff03ff03ff03
ff03ff0bff0bff0b
fefbff03ff03ff03
fefbfefbfefbfefb
fde2fddafddafdd2
fdfafdfafdf2fdea
fdfafdfafdfafdf2
fe0afe0afe02fdfa
fe1afe12fe02fdfa
fe32fe2afe22fe1a
fe5afe52fe42fe3a
fe83fe72fe6afe5a
fd82fe1afe83fe8b
fcf9fd11fd21fd41
fcd9fcd9fcc1fcd9
fd82fd8afd49fcf1
fd29fd41fd49fd41
fcc1fd19fd61fd29
fc91fc99fcc1fcb1
fd71fcd1fcb1fca9
fd19fd51fda2fdaa
fcc9fcb9fcc9fd09
fcb9fcf1fd11fd09
fc81fc58fc60fc70
fca1fca9fc89fc91
fdaafd41fd01fcb1
fe2afda2fdcafdca
fdfafe2afe6afe52
fdc2fdcafde2fdd2
fef3fea3fe0afe12
ff13ff13ff0bff13
ff13ff0bff13ff0b
ff03ff03ff03ff03
ff03ff0bff0bff0b
ff03ff03ff03ff0b
fefbff03ff03fefb
fddafddafdd2fdd2
fdf2fdeafde2fdda
fdf2fdeafdf2fdea
fdfafdf2fdf2fdf2
fe0afe02fe02fdfa
fe22fe22fe1afe0a
fe52fe42fe3afe32
fe83fe6afe62fe52
fd59fdbafe62fe8b
fd09fd11fd11fd41
fd21fcf1fce1fce1
fd49fdb2fdaafd79
fd11fd21fd39fd69
fcd1fcb9fcf9fd09
fcb9fcb1fcc1fcf1
fd82fd21fd01fcd1
fd51fd9afdd2fdd2
fcd1fcd9fd11fd31
fcf1fd19fd09fd11
fc99fc68fc81fcb1
fc89fc89fc99fca9
fd51fcf9fcd1fcb9
fdd2fde2fdf2fdb2
fe02fe22fe5afe02
fdc2fdcafdd2fdfa
feebfe93fe32fdfa
ff03ff0bff03feeb
ff0bff03ff03ff03
ff0bff03ff03ff0b
ff0bff0bff03ff0b
ff03ff03ff03ff0b
ff03ff03ff03ff03
fde2fde2fde2fde2
fde2fde2fde2fde2
fdeafdeafdeafde2
fdeafdf2fdf2fdea
fe02fdfafdf2fdf2
fe12fe12fe0afe02
fe52fe42fe32fe2a
fe93fe72fe5afe52
fd59fd82fe02fe7a
fd11fd01fcf9fd29
fd92fcf9fcc9fce9
fd21fd69fdbafda2
fce1fd11fcf1fd19
fcd9fcb1fcb1fcc1
fd09fcd1fcd1fcd9
fdd2fdaafd92fd51
fd69fdaafde2fe02
fd61fd61fd51fd69
fd29fd31fd49fd61
fc89fcd9fcc1fcb9
fc81fc99fca1fc91
fd09fcc9fcc9fc99
fe12fe12fdcafd69
fe32fdfafdd2fdea
fd9afdbafe02fe32
fec3fe6afe42fe12
ff03ff0bff03feeb
ff0bff0bff03ff03
ff13ff0bfefbff03
ff0bff0bff03ff0b
ff03ff03ff03ff0b
ff03ff03ff03ff03
fdf2fdf2fdf2fdfa
fde2fde2fdeafdea
fdeafde2fde2fde2
fdeafdf2fdeafde2
fdfafdf2fdeafdea
fe12fe0afe02fdfa
fe4afe3afe32fe1a
fe7afe6afe62fe4a
fd39fd82fdc2fe32
fcf9fd19fd19fd19
fd82fd71fd11fcd9
fd01fd39fd59fd79
fd21fd19fcf9fcd9
fcf9fcd9fcb9fd29
fd71fd51fd09fd01
fe2afe22fe02fdaa
fdeafe2afe32fe32
fe2afdf2fdeafe02
fdfafdf2fe0afe02
fc91fce1fd21fd69
fcc9fc89fc60fc70
fce9fcb9fca1fcb9
fe0afdd2fd92fd21
fe6afe12fdfafe12
fd82fddafe8bfec3
febbfe5afe32fdda
fefbfef3feebfeeb
ff0bff0bff03ff03
ff13ff0bff03fefb
ff0bff0bff0bff13
ff03ff03ff03ff03
ff03ff03ff03ff03
fe1afe2afe3afe4a
fdeafdf2fe02fe0a
fdeafdeafdf2fdf2
fdeafdf2fdf2fdf2
fdfafdf2fdf2fdea
fe0afe0afe02fdfa
fe4afe3afe22fe12
fe4afe52fe4afe4a
fd39fd69fda2fdf2
fcf1fd09fd29fd11
fd92fdb2fd8afd29
fcf1fcf1fd31fd82
fd31fd51fd31fce9
fd39fcf1fcd1fd19
fe2afdf2fda2fd61
fe8bfe7afe42fe3a
fe93feb3fe83feb3
feebfed3fea3fe8b
fe3afe62fe9bfea3
fd19fd79fddafdfa
fc91fc70fc91fcb1
fce9fcb1fcb1fca9
fe12fddafd59fce9
fe5afe5afe4afe42
fd9afe3afecbfec3
feabfe2afddafd71
fef3ff0bfee3fed3
ff03fefbfefbfefb
ff13ff0bff0bff03
ff0bff0bff0bff13
ff0bff13ff13ff0b
ff03ff0bff0bff0b
fe9bfea3fecbff1b
fe42fe4afe62fe83
fe0afe12fe22fe2a
fdfafdfafe0afe1a
fdf2fdf2fdf2fdf2
fe12fe12fe0afe02
fe62fe42fe22fe12
fe1afe4afe5afe4a
fd19fd51fda2fe12
fd31fd01fd19fd09
fd8afd71fd9afd69
fd11fcf1fd01fd31
fd39fd51fd31fd19
fd71fd19fcd9fcf1
fe7afe62fe22fdb2
ff03feebfecbfebb
ff13ff23ff23ff53
ff1bff5bff1bff2b
feb3fecbfedbfee3
fd82fe02fe7afee3
fca1fca9fcc9fcf9
fcf9fce1fcb9fcb1
fe2afd8afd19fd19
fe5afe7afe83fe72
fe3afe72feabfeb3
fe93fe12fd8afd9a
ff2bff2bfeebfed3
ff03fefbfef3fef3
ff13ff13ff13ff0b
ff13ff1bff1bff13
ff13ff1bff1bff1b
ff1bff1bff1bff13
0125017501a60256
ff1bff6bff8c002c
fe6afe7afe8bfeb3
fe32fe42fe6afe62
fe12fe1afe1afe22
fe2afe2afe22fe22
fe9bfe5afe42fe42
fdfafe42fe52fe62
fd21fd51fd92fe02
fd82fd29fd29fd19
fcf1fd21fd39fd71
fcf1fd09fd01fce1
fd39fd21fd09fce1
fe02fdaafd69fd59
fef3fedbfea3fe4a
ffbcff94ff63ff33
ffc4ffccfffcfff4
ffacffdcfff4ffe4
fecbfec3feebff53
fe2afed3feebfee3
fc91fcc9fd29fd9a
fd09fcf9fcf9fcf9
fda2fd41fd19fd31
fe93fea3fe7afe12
fe42fe2afe4afeab
fe52fdd2fdbafe3a
ff2bff0bfefbfeab
ff0bff03fefbff0b
ff1bff1bff13ff03
ff1bff2bff23ff1b
ff23ff23ff23ff23
ff2bff2bff2bff23
03e003f804000400
026e033f035f0398
ffc400c5014d0196
fea3fefbff3bff63
fe6afe72fe8bfe93
fe4afe4afe5afe62
fe93fe83fe52fe52
fe02fe3afe6afe83
fd41fd51fd9afe12
fd69fd71fd49fd39
fcf1fd21fd31fd61
fd19fd21fd41fd21
fd8afd29fd21fd21
fe9bfe6afe22fdda
ffacff84ff33feeb
001c0004ffe4ffbc
001c0054004c003c
00340054006c0054
ff43ff53ff9cfffc
fe6afeb3fecbfefb
fce1fd71fde2fe22
fd59fd49fd59fce9
fd8afd59fd59fd59
fed3fea3fe22fdc2
fe2afe3afe6afe9b
fe2afde2fe5afe52
ff13ff13fee3fe8b
ff1bff0bff0bff2b
ff33ff33ff23ff1b
ff43ff43ff43ff3b
ff63ff63ff5bff53
ff6bff6bff6bff63
03f803f804000400
0400040004000400
037703c803f80400
016d01e602e7034f
ff33ff94ffe400f5
fe93fe9bfeabfecb
fe9bfe9bfe8bfe8b
fdf2fe32fe8bfe9b
fd69fd51fd69fdca
fd61fd61fd61fd59
fd21fcf1fd01fd29
fd41fd71fd82fd51
fe52fdbafd41fd39
ff13feebfe9bfe6a
0034000cffb4ff6b
005c005c004c003c
007c0085008d006c
00640044005c007c
ffecffdc002c002c
fecbff1bff4bffa4
fd8afe42feabfedb
fdcafddafd71fd01
fd8afd69fd82fda2
fe83fe2afdf2fdda
fdfafe42fe72fe8b
fe02fe2afe42fe32
ff2bff0bfedbfe6a
ff4bff4bff43ff43
ff6bff63ff63ff4b
ff8cff84ff84ff73
ffbcffacff9cff9c
ffbcffc4ffbcffc4
0400040004000400
03f803f804000400
0400040004000400
0400040004000400
029f0357037703d0
febbff4b00d5018e
fed3fec3feabfebb
fe1afe3afe83fecb
fd8afd92fd71fdaa
fd59fd61fd61fd79
fd59fd21fcf9fd19
fd71fda2fdc2fda2
fe93fe02fd82fd61
ff94ff7bff03fecb
004c0024000cffcc
00cd00c5009d0074
00b500d500d500bd
00d500c500c500b5
0034004400a500bd
ff53ff7bfff40014
fe22fea3ff33ff43
fe42fde2fd41fd79
fdb2fd92fdaafe2a
fe6afe32fdeafdca
fe22fe62fe72fe62
fe3afe1afe02fe02
ff53ff1bfed3fe52
ff94ff94ff84ff6b
ffccffbcff9cff84
ffecffdcffccffc4
00240004fffcfffc
002c0034003c0034
0400040004000400
0400040004000400
0400040004000400
0400040004000400
03f803f003f803f8
0054028703c803f8
fec3fee3ff23ff73
fe22fe52fe7afeb3
fd79fdb2fda2fd9a
fd39fd59fd61fd71
fda2fd79fd31fd31
fd41fdeafde2fdca
feebfe5afdfafd39
ffdcffb4ff5bff23
007c003c002c0014
010500e500cd008d
0105012d01250105
012d014d01250125
009500bd00fd0115
ffecfffc0064005c
fe7aff33ff8cff94
fe12fdaafd19fdaa
fda2fdd2fe2afea3
fe2afe0afe02fdda
fe52fe7afe7afe52
fe1afe1afe02fe1a
ff6bff13fe9bfe22
ffbcffc4ff94ff7b
fffcffecffccffc4
001c0014fffcfffc
004400340034002c
004c0064006c0064
0400040004000400
0400040004000400
0400040004000400
0400040004000400
03f803f803f803f8
02ef03e003f003f8
001400f5017d01ae
fe12fe4afe62fef3
fd49fd71fda2fdb2
fd31fd51fd51fd69
fd9afdaafd61fd31
fd21fdcafe0afdca
ff1bfeabfe72fd9a
fffcffd4ffc4ff6b
00a5008d0064003c
014d011d00e500bd
017501650155015d
016d0155015d016d
00f5010501350175
0014007400cd00cd
fe4aff23ff4bffc4
fdbafd31fd49fdc2
fdd2fe32fe7afe5a
fdd2fdc2fdeafdea
fe4afe6afe52fdfa
fdeafe12fe12fe4a
fefbfecbfe72fdea
ff13fefbff03ff13
ff2bff0bff2bff3b
ff13ff1bff13ff1b
feebfefbff0bff13
fed3fee3fefbfeeb
0400040004000400
0400040004000400
0400040004000400
0400040004000400
040003f804000400
03d803f003f003f8
01f603670377036f
fdeafe4afe62ff2b
fd61fd51fd8afdb2
fd29fd41fd41fd79
fda2fd82fd79fd49
fd59fd61fe32fdf2
ff6bff13fec3fe22
00340014ffe4ffb4
00c500a5008d0054
0155012500fd00ed
017d013d01450165
01b6019601ae0196
0155013d016d01ae
007400f500f50145
ff03ff7bff84001c
fda2fd19fd8afe62
fe72fed3fe72fe32
fdcafe02fe2afe0a
fe4afe52fe22fe02
fdfafe62fe32fe32
fe83fe7afe22fdba
fe62fe62fe5afe7a
fe83fe62fe7afe72
fe8bfea3fe9bfe9b
fe83fea3fe93fe93
fe93fe8bfe9bfe8b
0400040004000400
0400040004000400
040003f804000400
0400040004000400
03f803f804000400
03f003f803f803f8
016503b003c803d8
fd71fe12fe5afe9b
fd61fd92fd79fd79
fd39fd21fd21fd49
fdb2fd92fd61fd82
fe02fd71fdaafe1a
ffe4ffacff73fed3
006c003c0004fff4
00fd00e500b50085
0155012d013d012d
01ce01a60196017d
01c601ce01c601d6
017d016501a601b6
010d010d012d018e
ff9c001400540085
fd69fd71fe3aff13
ff43fef3fea3fe83
fe0afe6afe4afe6a
fe5afe42fe02fe22
fe2afe62fe3afe22
fe83fe72fe22fdfa
feabfea3fe93fea3
fe93fe6afe9bfeb3
fecbfed3fecbfebb
fedbfecbfee3fee3
fee3feebfedbfed3
0400040004000400
0400040004000400
03f803f804000400
03f8040004000400
040003f804000400
03c003e803f803f8
ffac02a7036f0390
fd51fdb2fe5afe62
fd21fd69fdaafdaa
fd82fd49fd31fd01
fdb2fda2fd79fd69
fe9bfe1afd59fd8a
00040004ffc4ff5b
009d008d006c002c
012d010d00e500cd
01650175016d0145
01fe01e601d60196
01d602160226020e
01a601d601de01ce
0125017501650175
003c008d00ad009d
fd39fe02fec3ff73
ff2bfeabfea3fdea
fe3afe3afe8bff23
fe6afe5afdfafe02
fe2afe93fe7afe8b
fe7afe4afe3afe4a
ff03feebfec3febb
feabfecbfee3fef3
ff3bff13feebfedb
ff1bff0bff0bff33
fef3fefbff2bff43
0400040004000400
040003f803f803f8
03f803f804000400
03d003f004000400
03f803f003e003b0
02d7036f03b803e8
fecb008d01e6021e
fd71fd9afe7afe93
fd09fd19fd69fdda
fd8afd69fd39fd19
fd59fdaafd79fd39
ff53fed3fddafd21
0034000cffccffc4
00c500ad008d006c
012d010500e500d5
01ae019e01860155
02460216020601de
0216023602260236
01d6020601d601fe
0175018e019601be
005c009d008500ed
fdeafea3ff4b0024
fee3fedbfe2afd51
fe52fe52ff33ff84
fe52fe1afdd2fdfa
fe4afeabfe9bfe93
fe6afe52fe42fe12
ff13fef3fecbfecb
ff0bff3bfee3fefb
ff53ff84ff23fef3
ff5bff94ff53ff4b
ff5bff53ff43ff53
0400040004000400
0400040004000400
040003f804000400
02f703c003f80400
039003c0036702a7
0206028f028702e7
fef3ff7b008d01b6
fd8afdbafe32fec3
fd39fd59fd39fd9a
fd61fd9afd39fd31
fd29fd49fd49fd59
ffccff63fe83fdb2
005c005c0024ffec
00f500c500ad008d
017d014d01150105
01c601ae01a6017d
025e023e021e01ee
020e024e02560256
023e024e022e022e
017d01ae01ee01f6
00ad011d012d016d
fe8bff13ffe40064
fe8bfe12fd92fdda
fe4afed3ff7bfeeb
fe42fdcafdaafe0a
fe93fedbfeb3fe9b
fea3fe72fdfafe0a
ff3bff33ff1bfef3
fef3ff53ff23ff1b
ff73ffa4ff94ff43
ff8cff94ffacffac
ffccffacff7bff53
0400040004000400
0400040004000400
0400040004000400
01de034f03f003f8
02b7034f03270246
01ee024601ee0196
feebff6b00640175
fd49fd92fe12fe9b
fd39fd69fd39fd31
fd61fd51fd59fd41
fdb2fd01fd09fd59
001cffc4ff2bfe72
0095006c003c0054
011500cd00cd008d
018e017d01650155
01d601d601c601a6
026e026e026e022e
0246027e02a7027e
025e0266026e026e
019e01d6021601ee
012d01550165014d
fed3ff9c00640105
fdd2fd79fdcafe8b
fe83ff5bfefbfe02
fdeafd61fd92fe32
fed3fed3fe9bfe7a
febbfe22fdeafe52
ff33ff7bff33ff1b
ff13ff63ff6bff73
ff84ff73ffa4ff7b
ffb4ff8cffb4ffd4
fffc0014ffd4ffa4
0400040004000400
0400040004000400
0400040004000400
01e6033f03e80400
02c7033f0307020e
01ce024e023601f6
fed3ff53001c010d
fd61fd79fdcafe72
fd61fd71fd59fd79
fd79fd19fd59fd49
fe5afd59fd11fd31
005cffecff63fefb
00a5008d009d0074
014d0125010d00cd
01ce01ae017d0186
020e01c601ce01ce
02970266025e025e
027e02b702a70297
026e029702870276
01fe02160246024e
0175016d016d017d
ff43fffc00b50145
fd09fd19fe2afeeb
feebff2bfe42fd59
fd61fd39fdcafe42
feebfed3fe93fe22
feb3fe1afe1afed3
ff63ff8cff1bff13
ff43ff73ff8cff94
ff9cff7bffbcff7b
fffcff8cffec0004
fff4000c001c003c
03f003f003f003f0
03f803f803f803f8
0400040004000400
022e034703e80400
030703880347020e
015d023e024e023e
ff0bff84ffdc000c
fdaafd9afdeafe5a
fd79fd92fd61fd82
fd29fcf1fd01fd51
fefbfe42fd59fce1
006c003cfffcffbc
00e500bd00950044
018e014d012d00ed
01ee01ae017d018e
022e020e01f601f6
0276028702660246
029702a70276027e
027602a7029f02af
01fe0226024e0256
018e018e019e01be
ffe4006400e5014d
fca9fd9afeebff43
feebfe83fe2afd92
fd61fd82fdcafe9b
fecbfea3fe22fdda
fe32fdeafe5afec3
ff6bff63ff53fec3
ff9cff94ff84ff8c
ff94ff9cff94ff84
ffd4ffacfffcffdc
ffe4000c005c0074
035f033f0347034f
03b8039003a00398
04000400040003f0
033f03a803f00400
035703b803a8032f
006c019601ce023e
ff0bff4bffbcffec
fdb2fdeafe02fe62
fd41fdcafdc2fd79
fcd9fcc1fcb9fd41
ffccff23fe4afd61
0095007c004c0014
010500dd009d005c
01a60175015d0115
01fe01de01ae01c6
0216020e02060216
027e028f02760246
029f02af028f025e
02bf02bf02b702bf
023e0256026e0297
0186019e01be01f6
fffc0085010d017d
fce1fe3aff33ff94
fe93fe42fe0afd39
fda2fd92fe02fec3
fecbfe7afdd2fdaa
fe7afe2afeb3feab
ff94ff63ff63fed3
0004fff4ffbcfff4
ffacffc4ffa4ffbc
ffc40004ff7bff7b
ffdc003400850054
024e021e02160216
028f022e025e026e
040003f803e0036f
03e803f004000400
038803e003f003f0
004400fd01860266
ff1bff43ffdc003c
fde2fe1afe1afe7a
fd41fdaafe02fdca
fd29fc89fc58fcd9
0014ffacff13fe52
0085007c002c000c
00fd00cd009500a5
01b6018e015d0155
020601f601e601d6
022e021e022e0226
02a7029f027e0266
02a702a702a70297
02bf02bf02bf02cf
024e0256028f029f
018e01a601e60226
008d00bd0145019e
fd49fee3ffbc0004
fe32fe0afdaafcd1
fd39fdeafe72fe72
fe93fdf2fda2fd79
fe62fe83feabfea3
ffacff84ff2bfeeb
001cffccfff4000c
ffecffacffd4001c
0014ffbcff23ff8c
000c008d00850014
01c6019e0196019e
01ee01d601e601e6
03f003d8035f027e
03f803f803f803f8
036f03d803f003f8
007c00b5018e0287
fec3ff0bffc40054
fdf2fe22fe5afe4a
fd11fd49fde2fdea
fde2fce1fc58fc78
0024fffcffbcff03
0085007c004c003c
010d00e500bd0095
01c601a601650155
020e020601ee01de
025e025602560226
02a70276026e0276
02af02a702af02a7
02a7028702a702af
023e0246028f02af
01a601ce020e023e
00cd010d01a601b6
fdb2ff0bffe40085
fdbafe52fd8afcd9
fd82fe42fe3afe02
fe12fdb2fd8afd19
fe5afe7afe7afe72
ff94ffa4ff5bff03
ffc4ffdc0004fff4
000cffb40004004c
ffecff43ff940044
007c00b5003c003c
016d0155014d0155
01be01ce01be019e
03980307024e01de
03e803e003e003d0
034f03a803d803e8
00b500b5016d027e
fe7aff13ff94007c
fe3afe7afe4afe02
fcc9fd39fd79fdea
fe9bfd82fc99fc40
004c003c0004ff7b
007c006c003c002c
010500e500cd009d
01be017d01550125
0226022601f601e6
026e0256026e024e
029f027e029f028f
02c702cf02bf02af
028702a702bf02bf
023e0256028f028f
01d601fe0216022e
0115015d01860196
fe5aff6b0014009d
fde2fe4afd31fd19
fdeafe62fdfafd82
fdcafd69fd09fd39
fe3afe52fe3afe3a
ff9cff9cff33fea3
ffcc0024fffcff8c
fffc00540095fffc
ff7bff4b00850064
00d5007c0064000c
00e500e500fd0115
016501750155011d
024e01ae01550145
03670347032702df
02af02e7032f036f
00b5009d00e501e6
fe42fee3ff8c006c
fe83fee3fec3fe02
fca9fd11fd29fdd2
ff33fe02fcd9fc58
004c00640004ff9c
008d008500740034
012500f500c500bd
01de017d015d0135
025e023e01f601ee
028f0276025e0266
02a7027e029f028f
02bf02bf02c702b7
027e0276029702af
0236025602660266
01de01ee02160236
00fd0135017d019e
fe6aff43ffc40044
fde2fdb2fcf1fd79
fe52fe12fd82fd49
fd79fd09fcd1fd61
fe02fe1afe1afdf2
ffb4ff73ff23fe72
003c0044ff94ffa4
006c00c50024ffb4
ffac0064007cffe4
007c009d001cffb4
0085009d00dd010d
00fd011500e500a5
015d010500bd00bd
0246021e01e6019e
0236022602460276
008d00c500ed0186
fe0afeabff9c004c
fe32fecbff13fe72
fc99fc99fcb9fd39
ff9cfe7afd31fc91
004c00340004ffd4
009d00a5009d007c
010d00dd00bd00ad
01ce018e0155010d
0256022e01fe01de
026e028f024e0246
02b7029f02870266
02c702af02b702bf
026e0276027e02af
0216023602460266
01be01c601f6020e
00dd012d018601b6
feb3ff8cfffc005c
fd9afd09fcd1fda2
fe1afd61fd19fd49
fd29fcc9fca9fdd2
fe02fe02fdd2fd8a
ffbcffacfef3fe2a
0095fff4ffbcffcc
00e50044ffc40024
002c00640004007c
00e5004cffdc003c
00b500d500fd0115
00e5010d00fd00cd
0145011500c500ad
01b6019601650155
01de01ee01e601d6
005c00bd0135011d
fe02fe72ff53fffc
fdaafe62fee3feeb
fc81fc58fc70fcd1
fffcff03fdd2fce1
00440034003c002c
009d009d00a5007c
00fd00dd00ad00a5
01ae0186014d0105
0256023e01fe01d6
026e028f02660256
02a702af02a70287
029f02bf02c702c7
024e0266028f028f
01e6020e021e024e
01be01b601be01d6
010501550186019e
fec3ff8cffec006c
fd51fce1fcf1fdea
fd92fd11fd29fdb2
fcd1fc99fce1fdf2
fdeafde2fda2fd49
ffecffa4fe8bfde2
000400040004ffe4
006cfffc00540064
ffdc0014009d00fd
002c0014006c003c
015d016d0145011d
00dd011d0155015d
0145013d00fd00cd
018e013d0125012d
01e601de01be01b6
007400ad01450115
fdfafe32fecbffcc
fd29fddafe62fe62
fcb9fc60fc68fc91
0034ffacfe5afd21
006c006400440044
006c0074006c006c
00fd00cd00ad0074
01c6018e0155010d
026e024e021e01f6
0297027e0276026e
02af02af02af0297
02a702bf02c702cf
0246026e029f0297
020601fe0206022e
019e01a601a601de
00fd01650175019e
ff33ff73ffec007c
fd19fcb1fcf9fe6a
fd59fce9fd41fdca
fca1fc89fd29fdc2
fdf2fdcafd71fd11
ffe4ff5bfe72fdc2
ffec003c001cffe4
fffc006c006cfff4
ffd400a500f50024
004c00ad0095ff9c
019e01960165012d
00c5010d014d0186
013d014d010d00cd
017d013500fd0105
01a601be019e0196
007c005400e50115
fe12fdfafeb3ff6b
fc99fd39fdeafde2
fcc1fc89fc50fc58
00740014ff03fd8a
005c004c004c0064
003c0034004c003c
010500e500a5006c
01e601960165012d
0276026e0246021e
026e027e027e027e
02df02c702af028f
02b702bf02c702c7
026e027e029702a7
01ee022e0226024e
018e0175019e01d6
01250155015d0186
ffa4fffc005c00c5
fcf9fc89fd19fec3
fd41fcc9fd51fd8a
fc81fca9fd79fd9a
fe0afd9afd51fce1
ff3bff33fe6afdd2
fff400140034ffac
00a5008d003c0034
008d00d5002c0044
00a5008dffecfff4
0155015d013d00fd
007c00cd00f5011d
00e500e500c50085
020e01d6010d00cd
013d01ae018e01c6
005c0054010d0125
fdcafdd2fecbff8c
fc68fc91fd61fd51
fd01fcc1fc38fc58
009d006cffbcfe4a
000c0054006c009d
ffe4ffd4ffecffbc
00dd00b5005c0004
01de019e01650125
0297027e02660226
026e028f02a7029f
02d702df02b70297
02d702c702df02d7
0266029702af02bf
01b601fe021e025e
015501250145019e
0155016d0155016d
ffbc001c00ad0115
fcf9fc78fd82ff13
fce9fcb1fd21fd29
fc78fce1fd92fd8a
fdf2fd39fd11fcb9
ff7bff4bfe32fdba
000c00540004ff63
00a50044005c0014
007c0034005c00d5
003cffd4007c00bd
00a500bd00a50074
005c008d00950085
0064005c0044003c
028f02760135007c
00f50165014d01b6
ffac002c00bd0105
fd41fd61fe5aff5b
fc68fc60fce9fd31
fdaafcd9fc48fc40
00d500e5006cff1b
ff13ffa4001c00ad
feabfeb3fe7afe9b
00540004ff63febb
01de0186012d00b5
02b7028f02660226
02b702b702bf02c7
02ff02e702c702b7
02f702ef030702ff
027e029f02af02cf
0115018601c60226
003c00340024009d
0186015d00fd006c
ffcc009d01250165
fcb9fc91fdf2ff23
fca1fca9fce1fcf1
fc81fd09fd41fd09
fd69fd09fce9fc99
ff6bfeb3fde2fdaa
0074ffe4ffc4ff5b
006c006400040024
001c0085009d0095
0024008500c5fffc
ffd4ffe4ffe4ffbc
fff4001c0004ffdc
ff9cff8cff8cffbc
01ae019e0085ffc4
00b500d5008500cd
ffa4000c006c00e5
fd19fd49fdcaff4b
fc58fc50fc89fd11
fe93fd21fc60fc28
01150175011dffd4
fecbff4bffa40044
fdcafe1afe42fe6a
ff2bfee3fe3afda2
016d00ad004cff7b
029f0287024e01ee
02c702a702a702af
030f02d702c702c7
02ef02ef030f030f
01ee025e028702af
ffcc009500dd0175
ffccffbcff53ff63
015500e5004cffdc
003c010d0165019e
fc89fcc1fe6aff53
fc81fc89fcc9fcc1
fca9fcd1fd01fcb1
fd21fcf1fcf1fc99
ff2bfe3afd92fd59
fffc001c001cff9c
0024ffe4004c008d
0034008d007c006c
00bd00ad0095fff4
ff6bff6bff6bff4b
ffc4ffe4ffa4ff73
ff3bff43ff6bff84
fff4fffcff8cff4b
006c003cfff4ffe4
ffec003c004c008d
fcd9fce1fd92ff6b
fc38fc40fc68fcb1
ff53fd9afc68fc28
00dd01c601860064
ff43ff7bffccffec
fe7afedbff43ff7b
ff03fe72fe12fe32
00b5ffe4ff43ff13
024e022601fe016d
02bf028f027e0297
02ef02ef02c702bf
02bf02e702cf02e7
002c00a5018e0236
ff13ff3bff94ffec
ffecff63ff43ff73
008d0074002cffdc
00cd014501750155
fc68fd29fef3fffc
fc58fc58fca1fca9
fc99fcb1fcf1fc78
fcf1fcc9fcc9fc91
ff13fe32fd82fd39
00140024ffdcff84
0024004400740024
004c009d00ad0024
008d00b500a50024
005c0044002c001c
00bd00bd007c0064
005400640085009d
004400540064005c
00bd00ad00950064
002c0074007c00a5
fca1fc81fd49ff6b
fc38fc38fc50fc70
0004fe8bfca1fc40
005c0145017d00dd
0064001c00340004
ffb4007400950095
ff0bfec3fecbff03
fff4fec3fe93fec3
020e01be017500c5
0297026e02460256
02e702ff02df02af
0226027e028702b7
ff5bff03ffdc0105
ff2bfefbfed3ff33
00dd006c0034ffbc
006400ed00f50125
00fd013d00fd006c
fc60fdcaff6b0054
fc40fc50fc78fc89
fc78fca1fca1fc58
fcd1fca9fca1fc81
ff2bfddafd69fd31
fffcfffcffc4ff8c
00a5001c0054002c
009d005c00040095
00a5006c0064008d
01e601de01ce01d6
01e601e601ce01ce
01e601f601e601ee
01ae01be01e601e6
017501a601ce01ae
00fd00e501050115
fc60fc70fd71ffdc
fc48fc50fc48fc40
006cff63fd29fc68
ffec005400fd00fd
012500f50105008d
00d50135014d0125
ff2bff6bffcc003c
ff6bfeb3feabfecb
01be017500b5ffbc
02460246022e0206
029f02df02cf0276
017501ae01f6026e
ffb4ff0bff430014
00f5fffcff5bff63
023e01ee01f60196
013d01c60216022e
011d00cd0014006c
fcb1fea3ffb4007c
fc58fc58fc78fc68
fc81fca9fc81fc60
fce1fc91fca9fc99
fecbfd61fd01fd09
0004ffe4ff9cff63
006c0064002cffe4
ffec003c007400b5
00440085010d00d5
031f031f0327033f
02cf02ef02ef02ff
02cf02df02cf02c7
0287029702bf02cf
0236029702bf029f
01ae013d01be01ce
fc58fc70fd9a004c
fc81fc70fc78fc40
00a5fff4fddafca9
00bd006c00cd0115
016d014d01450135
0186018e018e0186
ffec005c00cd0125
ff6bff7bff63ff9c
0155009dff94ff5b
022e023601fe01a6
02760287027e024e
00bd00a5010501ce
ffe4ffdc003c007c
0236016d00ad004c
02b702a702af0287
0246028702a702b7
00bdfff40095019e
fd69ff3b0004008d
fc89fc78fc78fc68
fc89fcc1fc99fc89
fcc1fc91fcb1fc99
fec3fd31fcd9fce9
ffccffe4ffc4ff7b
007cffdc000c003c
0024007c007c007c
010d011d00d50044
03c803d003d803e0
03c003d803d803c0
039803a803b003b0
0327033703570377
0297032703470337
022601d602870246
fc91fc81fdda00bd
fcd1fc70fc68fc70
00ed005cfe8bfd09
0155012d0135012d
018e017501650175
01a601ae01ae019e
00b5010d01650186
fff4001c0034006c
00ddffe4ff73ffac
01fe01fe01de015d
023e025e02760236
00cd00b500cd015d
014d010500dd0115
028f022601c601ae
02f702ff02ef02c7
0276029702b702ef
00ad008d0186022e
fe1aff9c003c0074
fd59fd11fce1fcb1
fc91fcf9fd92fd82
fc99fc89fcb9fc99
fe83fd29fce1fcd9
0034004cffbcffd4
002c001c0024ffe4
003c00a50105002c
0105009d00bd006c
03e803f804000400
03f803f003f003e8
04000400040003f8
03e803e803f003f8
036703d803e003e0
02e7029f0357032f
fca1fc99fe1a0196
fcd1fca1fc40fc60
0105007cff0bfd29
015d014501350135
011d013d014d015d
0105010d00fd00fd
011d014501350125
004c006c008500bd
0095ffa4ffa4001c
01e601be019e0135
01de022e02460226
012d010d0135012d
01c6019e0186017d
027e022601f601d6
02d702d702cf02bf
027e029f02c702cf
014d019602060246
fecbffdc006c00c5
fef3fe62fd19fd09
fcc9fe6aff9cff3b
fcc1fc99fc99fc70
fe02fce9fcc1fcc9
ffecffe4ffe4ff4b
002c004c00540024
00d5009d005c0024
00cd0064004c00ad
0400040004000400
0400040004000400
0400040004000400
0400040004000400
03f8040004000400
03d803b003e803f8
fc78fc99fe7a02b7
fcd9fcb1fc50fc40
00ed0085ff7bfd69
010500ed00dd00e5
ff94fff4006c00cd
ff73ff6bff5bff8c
004c00440034ffb4
006c007400740064
008d000c0044006c
01c6019601650115
01e60236021e020e
01b6019e017d017d
0175019601ae01be
016d013501450155
019e01a60196018e
023e024e022601ce
016d019601d60216
ff13004c00bd011d
ff13fe42fd11fd49
fd79ffb40034ff53
fcc1fc78fc99fc68
fde2fcd9fcb1fce9
001cffc4ff94ff3b
004c007c005c000c
0054004c004c0034
006c00a500e500f5
0400040004000400
0400040004000400
0400040004000400
0400040004000400
0400040004000400
03f803f803f80400
fc58fcb1ff2b036f
fce1fca9fc48fc38
00a50064ffd4fe02
0024007c00a500b5
0004ffdcff73ffbc
ff5bff73ff63ffc4
00a500dd007c0004
005c0054ffdcffcc
00ad007c008d006c
01ae019e01650115
025e026e021601de
01be01d601e60216
007c0115018601b6
ffdcffa4ffdcfff4
ffcc0024001c0004
017500e50054ffd4
014d0165019601ae
ff6b006400d50115
ff13fec3fd82fdd2
fdeaffecffa4feab
fcb9fc91fc60fc58
fdc2fcd1fcd1fce9
ffe4002cffa4fef3
00b5006c0024000c
005c005400640095
00bd011500ad00a5
0400040004000400
0400040004000400
0400040004000400
0400040004000400
0400040004000400
0400040004000400
fc50fcf1ffe403a8
fd19fcc1fc48fc20
003400440024fe83
ff63ffa4ffdc000c
fec3ff13fec3ff03
fdbafda2fdcafdf2
0095ff94fe32fde2
0014ffb4ffe400bd
00d500ad005c002c
01ce01a60175012d
0266026e023601fe
016d01b602060236
ff7b0024010d016d
fe42ff13ff6bff63
fefbfef3fea3fe62
007c0034001cff8c
01150105011d0105
ffa4005400b500ed
fff4ffecfe8bfe5a
fdd2ff94feebfee3
fcb9fc89fc48fc58
fdaafcd9fcc9fcd1
fff4ffecff7bfebb
006c0085fff4ffcc
006c008500ad009d
00d500d500a5007c
0400040004000400
0400040004000400
0400040004000400
0400040004000400
0400040004000400
03f803f804000400
fc60fd2900240398
fd41fca1fc30fc20
ffec00340054ff23
ff03ff2bff73ffb4
fd61fdaafdeafe7a
fe32feabffb4fda2
ff03fec3fe5afdf2
ff94001c002cffac
010500b50024ffec
01fe01be0175012d
028f02a7028f023e
017501be0216027e
ff0bff9c003c010d
fec3fdeafdbafe7a
fe83fecbfd11fe83
ff73fed3fe52fdba
00c50095007c0034
ffbc003c007400a5
00c5004cff0bfecb
fd92ff6bfedbff9c
fcb1fc91fc50fc48
fdfafce9fcb9fcb1
00240044ffdcff2b
00540004ffc4ffd4
00cd00cd004c0074
00c5009d00850095
0400040004000400
0400040004000400
0400040004000400
0400040004000400
0400040004000400
0400040004000400
fc70fd9a00850390
fd71fc91fc20fc28
fff400340064ffac
ff9cffacffc4ffdc
ffacffccffb4ffa4
fdc2fe62fef3ff23
00e5fe72fdaafd71
ff33ff03ffa4014d
010d00ad001cffa4
021e01ae01550115
0287029f02b7026e
01c601de01fe0287
ff94ff23ffec00f5
ff5bfddafd8aff5b
ffd400f5fe020024
fee3fe5afe0afe12
006c0034ffe4ffb4
ffc4003c004c005c
00dd002cfee3ff1b
fd49ff3bff23005c
fcc9fc99fc50fc38
fecbfd19fcc9fcc9
0085004c003cff8c
0014fff4000c005c
00bd00740014fffc
005c007400c500dd
0400040004000400
0400040004000400
0400040004000400
0400040004000400
0400040004000400
0400040004000400
fc81fe0a00dd03a0
fe0afc99fc20fc30
0014002c00640014
0004000400040014
009d006c00340024
ffdcfffc009500bd
000cff6bff6bff94
fe93feeb00c500ad
00d50095001cff3b
020e018e00fd00cd
021e02560287024e
01ae01de01fe0236
0175007cff5b003c
fe0afd59fde2010d
002cff9cfe72fea3
0085007c00a500c5
0064006c008d0095
ffec003400440064
00bdffe4fea3ff3b
fcc9fecbff4b0095
fcc9fc99fc58fc30
fecbfd19fcb9fcc9
00ad0034ffecff9c
0004004c0095006c
00ad003c00240024
00e500e500fd00c5
0400040004000400
0400040004000400
0400040004000400
0400040004000400
0400040004000400
0400040004000400
fca1fe93013503a8
fe83fc99fc28fc38
0034003c005c0054
004400340034002c
009d00740064005c
00a500a500c500c5
007c009d00cd00c5
ff6bffe4006c00ad
0034003c0044ffc4
01b6016500cd0064
01b601fe022e01e6
010d018e01a601b6
ffbc0004ffbcffdc
fff4ff2bff13ff7b
023e022601750095
013d015501ae0236
00bd00fd013d0155
0014002c005c0095
00d5fffcfef3ff8c
fc78fe3aff73007c
fcb1fca1fc58fc28
feb3fd19fc99fcb9
0054001cffe4ff94
0064008500850095
0044003c002c0034
00e500dd00fd009d
04000400040003f8
0400040004000400
03f803f803f803f8
040003f803f803f8
0400040004000400
0400040004000400
fcd1fef3006402e7
fee3fcb1fc38fc30
0054006c00640085
008d007c006c0064
009500a500ad00b5
00c500cd00ad0095
009d00dd00e500dd
fffcffec001c0085
ffc4ffa4ffc40014
013500dd005cfffc
016d01860186015d
0115013d01350175
006400540054005c
01860105008d0034
023e0297026e01fe
016d0175019e01fe
012d016d01860175
004c008d00b500f5
011d005cff2bffc4
fc68fdb2ffbc007c
fca1fc91fc60fc30
feebfd39fc91fcb1
004cffdcffacff8c
005c00bd00950074
006c007c005c008d
00ed00c50064008d
03e003c003a0037f
0400040003f003f0
04000400040003f8
0400040004000400
0400040004000400
03e003f804000400
fd69ff53ff5b01ae
ff43fcc9fc28fc48
009d008d009d008d
00c500b5009d00a5
00a500cd00ed00ed
003c004c0054007c
0044006400640044
fffc001c003c003c
ffacff8cff9cffbc
008500340004ffe4
010d010500e500b5
00f500ed00e500f5
005c006c006c00bd
00fd00c5009d006c
011d0145013d0145
0165013d012d0115
017501b601ae017d
007400cd010d0145
013d0095ff4bffd4
fc60fd19ffa4007c
fc99fc78fc60fc40
ff84fdeafcb1fca9
004cffe4ffecffdc
0074006c007c007c
009d00bd00850085
0044009d0095005c
030f02ef02c702b7
03b80398036f033f
03f803f003e803d8
04000400040003f8
04000400040003f8
035703f003f80400
fe2aff94fed30024
ffa4fcb9fc18fc78
00b500c500ed00ed
011d010500ed00d5
00fd0105011d012d
00ad00c500cd00e5
00bd00ad009d009d
0004002c0074009d
ff8cffa4ffdcfffc
ffb4ff84ff7bff7b
00950085003c000c
00ad00a500b5008d
00b500fd011500ed
005c006400640085
008500850074006c
017d013d010d00b5
01be01e601e601a6
009500e501350175
010d00bdff7bfffc
fc60fcc1ff13006c
fc91fc89fc68fc50
ffacfe7afcc9fc99
0054000cffbcffb4
0085007c004c0044
00cd0074007c0054
0095007c008d00d5
02df030f03370357
02d702bf02b702b7
03770347031f02f7
03e803d003b80398
040003f803f003e8
020e03d803e003f8
fedbff7bfe52feab
ffe4fcb1fc28fce9
00f500fd00f500f5
015d014d013d0115
01ae019e018e018e
01550186018e0196
0115011501250145
00850085009d00ed
ff2bff6bffec005c
ff7bff4bff33ff1b
ffd4ffc4ffa4ff94
00fd00a5003cfff4
0186018601550115
00f50115012d016d
00fd00d500dd00ed
01ce019e015d013d
01fe022602260206
00cd0125017501ae
00a5006cff8c0044
fc60fcb1fe52007c
fc78fc78fc81fc60
ffb4fee3fd79fca1
006c003cffdcffdc
0054004400640074
00ed0064004c0034
00d5013500cd00b5
03a803c803e003e8
02f703270357037f
02a702af02bf02cf
032f02f702c702a7
03d803b80390035f
005c02e7036f03d0
ff5bff6bfe12fdb2
000cfca9fc58fdc2
012d012d01350105
0196017501650145
020601ee01de01c6
01be01de01ee0206
015d016d019601a6
0064009d00cd0115
ff13ff33ff840004
ff6bff53ff33ff23
ff94ff7bff73ff7b
019600e50024ffbc
01f601ee01ae019e
01e6020602060206
01ee01e601f60206
0256024e0236020e
02260246025e025e
00f5016501b60206
005cfffcffc4006c
fc70fce1fd920024
fc70fc70fc89fc68
ffd4ff43fe42fcd9
005c00140024003c
008d006c006c005c
009d001c00240044
00dd00dd00bd00c5
03f803f803f803f8
03c803d803e803f0
034f037f039803b8
02cf02e702ff031f
02e702c702bf02bf
fed300e5027602ef
ff7bff3bfe0afd29
000cfcb1fce1fe9b
017d0155015500dd
01be01a6017d0165
023e022e020601e6
02160216022e0246
018601c601f601f6
ffac000c00ad0135
ff3bff0bff13ff7b
ff8cff6bff53ff3b
ffb4ff9cff84ff7b
0115006cffe4ffbc
023e020601a60186
025e0266027e0266
028f028f0276026e
02d702c702af0287
0256027e029702b7
011d018e01d6022e
005cff6bfff40095
fc70fcf1fd29ff23
fc78fc68fc81fc60
fff4ff84fee3fd79
0074005c00540085
00540095008d009d
0044000c003c0024
00bd00ad00850074
0400040004000400
03f803f804000400
03e803f003f003f8
03b003c803d803e0
02ff032f03670398
fe2a000401f602bf
ff3bff2bfe32fd01
001cfce9fdb2fefb
01ae0196015d00fd
020601ee01be0196
0276026e02460236
026e026e026e027e
012d01ee023e024e
fecbff0bff8c006c
ff63ff1bfebbfecb
ffe4ffacffa4ff9c
ffecffe4ffe4ffec
ffa4ff7bffc4ffdc
01be00e500850034
02ef02d7029f0266
02df02cf02d702e7
030f030f02f702df
026e02af02cf02ff
0145018e01d60236
ffecff63fffc00b5
fc58fcb1fcf9fe1a
fcb9fc60fc60fc60
004c000cff23fdfa
00740034007c0064
008d00c500a500ad
0054003c00740074
008d0074005c0085
0400040004000400
0400040004000400
040003f804000400
03f8040004000400
03c803d803f003f8
fe2affec02af03b8
fed3ff23fe1afd61
0044fd69fe5afeeb
01ae019e016d00e5
0246021e01e601ae
02a7028f02760266
02a702af02c702bf
002c01450226028f
ff0bff0bfedbff3b
ffecff8cff23ff0b
008500440034001c
00740085008d00a5
ff6bff73ffe4004c
0095000cffccff8c
032702df026e01a6
032f0317030f030f
0337033f03370337
028702b702f70327
014d01be0216024e
fed3ff43001c00bd
fc48fc81fcc9fd39
fd29fc68fc58fc60
0044001cff5bfe72
0095003c007c0054
00bd0095009d009d
009d007c007c00ad
00640064006c009d
0400040004000400
03f003e803e803f0
03f803f804000400
03f803f803f803f8
03f003f004000400
fdf2ffa4030f03f0
fea3ff43fe62fdc2
ffdcfde2fea3feb3
01ee01de016500c5
026e023e020601ee
02bf02a702a70287
028f02b702d702c7
ff230054019e0256
ffe4ffdcff73fec3
00c5005cfffcffc4
015d010d01050105
01a601b6019e0186
003c005c00ed014d
ffe4fff4003c005c
02e7026601b600a5
036f034f0337031f
035f035f036f035f
02cf02f70327034f
014501b602360297
fe32ff84001c00c5
fc48fc68fcb1fce9
fdeafcb9fc50fc58
0034003cffe4fed3
006c002c0054007c
00cd006c00640064
00ad006c008d00d5
00bd009d009500cd
03f8040004000400
03a00377038803c8
03f003f003e803d0
03c003d003e803f0
03d803d003c803b0
fd9afef3025e03c0
fe83ff03feabfdea
ff2bfe1afe8bfe62
021e01ce013500ad
0297025e022e0216
02cf02af02b702a7
023e029f02cf02cf
fe93ff9c00ad01ce
00fd00e5009dff23
0165013d00ed00d5
023601de01d601a6
026e02a702af027e
01a601e6020e0246
fffc00740115017d
025601ae00c5000c
03570347033702c7
037f037f03770357
02ef030f033f036f
014d01be023e02b7
fdcaff6b002400cd
fc60fc78fca9fcb1
fedbfd82fc68fc68
0085fffcffb4ff23
001c000c00540085
00bd007c007c0085
00b5007c008d008d
010d00ed00cd00bd
0400040004000400
0398037f03a003e0
036703a803d803d0
024e02a70317033f
031702ff02af025e
fd41fe52008502a7
fe2afeabfe9bfdc2
ff5bfe8bfe52fe5a
020e01be010d009d
0266024602360226
02a702b702a70297
01e60266029f02bf
fe93ff4300540155
01a601be0186ffbc
012d0155017d0186
026e01f601b6015d
027602c702e702b7
02760276025e0236
003c00f501be025e
01a600d5001cfffc
0317030702d7024e
037f03670377035f
02ef0317034f0377
014d01ce0226029f
fd01fec3001400bd
fc68fc81fc91fc99
ff0bfe2afcd9fc70
0064004cffb4ff63
0095004c006c004c
006c008d006c008d
00ad004c0074007c
00d500d500bd00ed
0400040004000400
03e803f003f00400
033703b803f003f8
00c5014d01fe0297
019e0175010500c5
fd49fdaafeb300cd
fdfafe3afea3fdca
ffecfe9bfde2feab
020e018e00c5008d
022e021e022e0226
0297028f0297025e
0165020602660297
fef3ff3bffec00b5
0105010500d5ffa4
009d00c500ed00fd
01de018e013500e5
01ce022602760246
01b60186018601a6
00d500dd017501ce
00bd000cffe40034
0307029f022e0186
037f037f037f0357
02ef031703570388
013d01b60226029f
fc70fdfaffec00bd
fc70fc91fc91fc81
ff1bfe0afdb2fcb1
0034005cfff4ffac
007400850074006c
006c008d008d005c
00ad005400440064
007400bd00a5007c
0400040004000400
0400040004000400
03a003f804000400
011d01be024602ff
00a500c5008d0095
fd71fcd9fdc2ff84
fddafde2fea3fe5a
fff4fe83fddafea3
01ce013500850064
01f601f6020601fe
025e02660246021e
00a5014d01ee0246
ff63ff84ffc40044
ffcc00340004ff84
ffecff84ff5bff8c
016d011d00c50064
0105017d01c601ae
ff2bff4bffd40074
015d00ed00c5002c
ffe4ffd4fff400b5
02b7020e014d0064
036f036f03370317
02f703370357036f
0125019e0216029f
fc50fd49ffb400ad
fc99fc99fc68fca1
ffbcfe52fe52fd41
005c0064005cffd4
000c0054004c007c
00540044008d0085
0064007c002c0024
0085006c00a50095
0400040004000400
0400040004000400
03f80400040003f8
0307037f03a803d8
00f5018601960216
fdb2fc89fd39ff1b
fdbafd9afe9bfec3
ffccfeabfe0afe42
015500cd004c0074
01d601ce01d601be
01ee020601fe01ee
00740095012501ae
0004001c0034004c
ff7bfffcfff4ffdc
ffdcffa4ff4bff1b
008d0064000cffcc
014500b500ad009d
fefbffbc00cd0175
01ae019600fdffe4
ffc4002400c50165
0216013d003cffac
033f032702ff02af
02ef0327033f033f
012d018e0206029f
fc58fce1ff7b009d
fd29fcc1fc68fcc1
ff9cfed3febbfe12
009d0054005cffdc
ffdc003c006c005c
005c007c0064006c
005c0064000c0014
0095007c00740074
0400040004000400
0400040004000400
0400040004000400
03f0040004000400
025e035f037f03b0
fda2fc48fcb1ff13
fd82fd69fe9bfefb
ffa4fed3fe9bfde2
00ed0074001c0085
0186017d017d013d
017d01a601b6019e
0064008500b50125
008500a500a5005c
0024003c001c0044
000c002c0004fffc
ffecffccff9cfff4
0206012d0054fffc
00ed007c010d01ce
01f601b6017d0145
001c00e5019e01de
0135005cffe4ffd4
031702f702b70226
02a702e70307031f
00f5015d01d60256
fc81fcc1ff43006c
fdcafd29fc70fcd1
ffb4ff53ff3bfed3
0095008d00540034
000c001c005c0054
005c006c00640064
009d00540034002c
009d008500850085
0400040004000400
0400040004000400
0400040004000400
0400040004000400
032703f003f80400
fdc2fc48fc68fefb
fd19fd31fe83ff33
ff84fef3fe9bfd79
008500340024005c
012d0135010d00b5
00ed012d014d0145
00240044008500bd
00e500f500bd0064
0044006c008d00a5
ffacffdc0004002c
006c0014ffe4ffcc
014d0175013500dd
012500d500dd011d
023e022601ce016d
00cd015d01ee0236
00b5003cffdc0014
02df02b7023e01a6
0256029702af02df
00a500fd017501fe
fca1fc91feb30024
feabfdbafcc9fcc9
ffd4ff9cffb4ff63
00740095003c004c
0054003c006c00a5
002c004c007c0044
0085009d004c0024
009500950095006c
0400040004000400
0400040004000400
03f803f803f80400
040003f804000400
025e03e003f003f8
fe2afc81fc48fdca
fcc1fcf1fe52ff63
ff63ff03fe3afd39
004c000400240024
00f500d500ad006c
008d00b500dd00f5
0024ffc4ffdc0024
011500fd00ad0085
008500a500b500e5
001c0024003c0064
00dd009d007c0044
0175017d01550135
0165010d013d0155
0287027e023e01ce
00f5019602260266
00adfffcfffc008d
026e024e01ee014d
01f60236025e025e
005400bd012d018e
fcd1fc89fe2affdc
ff2bfe32fd92fd29
fffcff8cffc4ff94
0064007c005c0034
0064006c00340074
002c001400540064
007c007c00440044
00c500b5009d0085
0400040004000400
0400040004000400
040003f804000400
03f803f804000400
ff3b02af03b803f0
fe8bfcd1fc38fc81
fca9fcb1fe1aff6b
ff4bfee3fe2afd51
0014fffc004c003c
00a5008d00740054
ffcc002c00640095
0034ffb4ff3bff43
00f500e500cd009d
007c00b500b500bd
006400440044004c
011d0125010d00b5
0196017d0145011d
014d013501750186
027e0266021601b6
00f501d6026e0297
000cffa400440074
020e01fe019e00fd
017d01be01ee01f6
000c007c00dd011d
fda2fcf9fdeaff8c
ff43fe93fe0afdea
ffa4ff9cffc4ffac
0074002c00340014
002c002c003c0054
00340024002c0064
004c004c00640044
00cd00950085008d
0400040004000400
0400040004000400
0400040004000400
03b003f004000400
fdca000401a602f7
feabfd09fc30fc60
fcc1fca1fde2ff2b
ffd4ff2bfe32fd41
001400140064007c
005c0044004c003c
ff1bffbc001c0044
0024ffc4ff43fef3
00bd00a50095008d
0074008d0085009d
005c004c0034003c
010500f500e50085
0186012500dd00e5
01350145016d0196
020e01fe01ae0155
014d01fe0246023e
ff33ff8cfff4001c
01ae018601250054
011501550175018e
ffb40024007c00bd
fe32fdaafe32ff3b
ff1bfee3fe6afe5a
ffb4ff9cff8cffdc
0054000c002c0004
002c002400440004
00740064001c0024
0054003400440054
0095009d0074007c
0400040004000400
0400040004000400
03f8040004000400
019e02ff03c803f8
fe72ffb4ffcc0024
fe42fd21fc91fd09
fcf9fcb1fd69fe6a
00adfffcfecbfd82
0024002c009d010d
00340034002c001c
fefbff6bfff4002c
ffecff73ff3bff2b
00c5009d004c0044
00a5008d008d00b5
00d500bd0085008d
00d500e500ed00f5
01860135010500f5
013d015d016d01a6
01c601a6014d013d
017501f6020601de
fea3ff63ffbc0095
014d011d00c5ffa4
00a500d5010d0135
ff94ffc4001c006c
fe4afe3afe3aff13
ff3bff43fed3fe93
ff7bffd4ffa4ffec
000cffd4ffe4ffd4
0034ffd4ffe4ffcc
00540064002c0034
00640024005c0074
004c009d00740054
0400040004000400
0400040004000400
03c803e003f003f8
0064011d022e0347
feabff5bff9cffe4
fd92fd31fd29fdca
fde2fd49fcf9fd69
010d00adfff4fef3
003c004c00cd0135
0034002c001c002c
ff43ff94fff4002c
ff8cfefbfedbff43
012500e5008d002c
00e500fd01150135
011d010500ed00ed
01be0196017d014d
02260216020e01f6
019601ce01f6020e
0165013501450186
015d01960196018e
fe72ff63ffb400b5
010500ed006cfefb
006400a500ed010d
ff84ffa4ffcc001c
fe9bfe9bfe83fef3
ff4bff53ff23feeb
ffacffa4ffacffc4
fff40024ffd4000c
0044ffe4fffcffe4
0064005400540034
0044004c006c008d
005c006c00850044
0400040004000400
03f8040004000400
025602ef037703d8
00f501a601be01ce
feb3ff23ff63fff4
fd39fd51fd82fe12
ff23fe3afd69fd21
010500e5009d0004
003c007400f5010d
003c001c001c0024
ff8cffb400140034
fe7afe83feebff7b
006cfffcffb4ff0b
00c500cd00d500cd
009500bd00b500cd
00dd00d500c5009d
01c601ae01750125
01d60206020601e6
0145017d018601ae
00b50115013d014d
feb3ff33ff94005c
00fd00dd0014fe9b
003c008d00d500f5
ff7bffacffacffe4
fea3feb3fe93fedb
ff84ff8cff4bff0b
ffd4ffc4ff8cffbc
000c003cfffc0004
004c003c002c001c
0034004c004c000c
0074006c0044006c
0054005400850044
0400040004000400
03d003f804000400
025601c6017502df
009501f602bf02af
fe5afecbff1bff84
fdcafd82fd82fdda
ffdcff6bfecbfe2a
00cd00c500a5003c
003c00a500cd00cd
003c001c000c000c
ffa4ffdc002c003c
fedbff03ff73ffac
fe22fdcafed3ff03
008d00b50145006c
002c003c0044007c
0085007400a50074
00f500d500ed00a5
012d014d015d0135
008500e5010d0115
ff23ffb40024004c
fecbfef3ff03fef3
00cd00b5fffcfeb3
0014006400b500bd
ff5bffacffccffd4
fed3ff03fe93fed3
ff7bff3bfecbff0b
ffd4ffecffb4ff94
fff4003cffecfff4
00240024ffe4ffdc
00440034006c0024
006c0064001c0064
0044005400540044
0400040004000400
03c803f004000400
03980367028f02ef
ffec015502a70367
fdcafe32fea3ff1b
fecbfe4afdbafd92
ffc4ffa4ff73ff23
008d0085005c0004
0054009d008d0095
002c000400040024
ffc4fffc000c002c
ffa4ff3bff7bffbc
fd8afe22ffd4ffd4
026e02970276008d
015d013501e6026e
00f500dd011d0165
023601fe01c60125
02b7029f02260246
ff73015d02560276
ff1bff94ff6bfefb
feabfeb3ff0bfefb
00ad0095fffcfed3
fffc002c006c009d
ff2bff9cffe4fff4
fed3fef3fe9bfebb
ff5bff1bfe62febb
ffccffccff94ff63
ffbcfff4ffc4ffec
001cfff4fff4ffc4
003c00040044001c
001c0024fffc0044
007c003c00540034
0400040004000400
0400040003f803f8
03f003f803e003e8
ff5300c5027e03a8
fd82fd9afe02fe8b
ff3bff3bfeb3fdf2
ff63ff2bfefbff03
0044002cffecff9c
00540044003c004c
00040004001c0034
ffccfff40004001c
ffccff6bff8cffb4
fe8bfff4005c003c
032f036f021e0044
03a0032f03d803c0
037f0347039003b0
03c803a803c00398
03e00398036f03e8
ff1b0175034f0377
002c009d0074ff1b
fe8bfeabffa4007c
006c006cffccfed3
0004001c0044006c
fee3ff8c000c0024
feabfec3fe83fe72
ff5bff1bfe4afe9b
ff94ff94ff7bff5b
ff94ffccff94ffc4
001cffecffe4ffcc
0024fffc002c000c
0004003c001c001c
005c0034002c0004
0400040004000400
0400040004000400
03f0040003f003f8
fe7a0004024e03b8
fe12fd71fd79fdd2
fee3ff7bffa4ff0b
feebfe8bfe4afe62
ffecffbcff63ff23
0024ffb4ffdcfff4
0014001c00240034
ffc4ffec0014002c
fffcff9cffacffb4
001400cd008d0085
036703370155ff63
03d8039003f803b0
03f803f003f803f0
03f003e003f80400
03e803e0039803f0
ff9400ed02ff0388
0125011501350004
fea3ff3b001400e5
003c0024ffacfec3
001c001c002c0034
fec3ff33ffe4003c
fe83fe9bfe7afe6a
ff2bff2bfe72fe7a
ff7bff73ff63ff63
ff73ff9cff84ff94
000cfff4ffc4ffd4
fff4ffd40024ffec
000c0014fff4ffec
0054001c002cfffc
0400040003f803f8
0400040004000400
03e003f803f80400
fdb2fe8300d50337
ff2bfe1afd79fd69
fe72ff13ffacffc4
fe6afe2afdf2fe02
ff7bff33fedbfe93
ff8cff33ff53ff84
000c000c000c001c
ffccffe4fffc0014
002cffb4ffbcffbc
011d01350105007c
0256019e000c0074
03b803670367028f
03d803d003f803f0
03c8034703d003f8
039803e803a003c0
007c005401ae030f
0135012501450155
fefbffa4004c00f5
002c0014ffc4ff03
0054003400240024
fe83fec3ff84003c
fe9bfe62fe62fe4a
ff03ff0bfeb3fe7a
ff5bff84ff33ff4b
ff53ff8cff84ff8c
ffecffb4ff9cffcc
fffcffccfff4ffc4
fffcfff4ffe4fff4
005c000c0044fff4
03f803f803e8035f
03f0040004000400
02c703b003d803b8
fd71fd82fe32006c
ffd4ff43fe6afdba
fe12fe83ff0bffa4
fdfafddafdcafdd2
ff03feb3fe5afe1a
fe9bfe9bfec3fefb
fff4fff4fffcff7b
ffc4ffecffecfffc
001cffb4ffacffa4
017d016d00fd008d
00c5009d00bd0145
031f02c702af016d
03a803a003980367
0377036f03c803c0
02cf034f03b00377
01960105013501c6
012d0125012d01ae
ff2bffc4004400d5
0044003cffe4ff53
0054004c0034002c
fe3afe5afefbfff4
fe6afe42fe2afe52
fef3fefbfecbfe52
ff53ff4bff13ff13
ff3bff73ff3bff63
ff9cff84ff9cff9c
fff4ff94ffccffb4
fff4ffecffbcffdc
002cfff40014ffe4
018e01be0196ff9c
01050155016d0186
feab000c0085002c
fe32fd61fd69fdba
ffacfffc001cffb4
fdd2fe1afe72ff03
fdaafdaafd9afda2
fe72fe3afde2fdaa
fdbafe0afe22fe5a
fff4ffd4ffb4fe2a
ffecffe4ffe4ffdc
0004ffb4ff7bffa4
01f6015d00bd007c
00bd0105019e0216
029f01a601be0125
036f037f032702af
034f0377038803a0
017501f602f70317
01ae01a6016d0165
0135013d0125015d
ff8c0004003400c5
004c00440014ffb4
0004002c0024002c
fe12fe0afe6aff63
fe3afe22fe1afe42
feabfebbfea3fe2a
ff03ff13fef3fecb
ff2bff43ff2bff1b
ff73ff53ff7bff63
ffc4ffa4ffc4ff63
ffc4ffdcffacffb4
0024ffccffdcffcc
fde2fe12fe52fe32
fdaafdcafde2fde2
fd71fd82fd82fd82
00e5fe22fd51fd61
ff23ffe401550246
fd92fdc2fe1afe93
fd61fd71fd71fd71
fdc2fdaafd69fd51
fcd9fd31fd51fd92
ffe4ffbcfe72fcc1
fffcffecffdcffdc
ffe4ff6bff84fff4
01b6011500c5006c
018601ce028f023e
018e012d0115015d
02d702c70236019e
02460297029702cf
01ce01ae01ce01f6
018e01ee024601de
00fd013d0125012d
ffec000c00640095
003400540034000c
ff7bfffc001c001c
fdfafdcafddafe7a
fe0afe0afdf2fe12
fe93fe6afe62fe32
fed3fecbfecbfe93
ff1bfee3fedbfee3
ff5bff43ff43ff0b
ff84ff94ff94ff43
ffb4ffacff73ff7b
ffd4ffacffc4ffc4
fd79fe02fe3afe8b
fd71fd79fd82fd79
fd41fd59fd61fd69
02ff0014fd79fd31
feabff53012d033f
fd61fd92fdf2fe52
fd21fd49fd59fd59
fd01fd09fcf9fd01
fc70fca9fcb1fcd1
ffccff63fd11fc58
000cffe4ffccffcc
ffc4ff6bffdc0014
012d00dd00dd008d
0256025e02360196
0216020e01ee0226
027e025e0236021e
028f024e0246025e
0287026e024e0287
013d01ae021e024e
00b50105011d00fd
001c001c007c009d
002c004c0054005c
fea3ffa40004000c
fdb2fd9afd82fdaa
fdeafddafdd2fdda
fe2afe2afe02fdda
fe83fe62fe7afe62
fef3febbfeb3fe83
ff3bfee3ff0bfef3
ff73ff5bff3bff43
ff8cff94ff6bff9c
ff84ff84ff9cff6b
fdc2fea3fe72fee3
fd59fd59fd59fd51
fd01fd29fd49fd59
037701e6fe8bfd01
fe5afecb0024029f
fd61fd8afdd2fe12
fce1fd11fd41fd59
fc70fc81fc91fcb9
fc89fca1fc89fc70
ffccfe62fc91fc68
0004ffe4ffccffd4
ffdcfff4003c0024
010500d500ad006c
01d601ae01b6016d
026e023e021e021e
0317030f031f02d7
031f030f0337030f
02cf03070307033f
00f5012501a60246
00ad00b500f500fd
006c003c004c0095
00140044006c0085
fdbaff03ffbcffec
fd69fd49fd21fd39
fddafd9afd9afd92
fdeafdaafdaafdaa
fe42fe4afe12fdfa
fe93fe6afe83fe52
ff0bfedbfec3fec3
ff23ff2bfeebff0b
ff84ff6bff33ff43
ff63ff5bff5bff33
fe62feb3fe9bff03
fd21fd21fd11fd39
fcc1fce1fd09fd19
02df02d70074fd71
fe32fe8bff430105
fd69fd79fdb2fdf2
fcb1fce1fd19fd49
fc48fc38fc48fc78
fcb9fcd1fcb1fc78
ffc4fd79fc89fc99
000cffe4ffdcffec
003c0074006c0024
00f500bd009d0074
014d0186017d0115
025e01ee01b6019e
02ff0307030f02af
034f033f030f02ef
0276030f03470367
00ed00fd015d01fe
00ad008d00ad00ed
00a5008d003c007c
ffe4001400440074
fd49fe12ff43ffc4
fd41fd29fd19fd29
fdaafd61fd39fd31
fd8afd79fd59fd59
fdeafdb2fdaafd9a
fe32fe32fe32fe12
fe93fe9bfe7afe42
fee3fef3feb3fea3
ff33ff23ff0bff03
ff4bff4bff4bff1b
feabfe7afea3fecb
feebfed3fe93fe4a
fdcafe2afe9bfecb
015d029f01c6ff1b
fe12fe4afea3ff8c
fd59fd71fd9afdda
fc81fcc1fd01fd31
fc81fc40fc30fc50
fcd1fcf9fce9fcc1
0004fe3afce9fca1
0014ffe4ffdcffe4
0085009d007c002c
00d500b500ad008d
016d013d010d00fd
01fe0196015d015d
0287028f0297024e
02ff02df02a70276
020e027602df0307
00ed00f5013501a6
009500ad009d00dd
007c009d0085006c
ffdcfffc0024005c
fdaafddafe6aff6b
fd69fd79fd92fda2
fd8afd69fd51fd61
fd41fd31fd31fd51
fd79fd61fd51fd41
fdcafdc2fdcafda2
fe42fe22fdfafde2
fec3fe72fe4afe52
ff03febbfebbfec3
ff6bff33ff0bff0b
fea3fe7afebbfef3
00fd010d0125007c
006c00a500c500dd
004c0196019e00c5
fdcafe02fe5aff0b
fd39fd59fd69fd9a
fc48fc81fcc1fd01
fcb1fc70fc40fc28
fcc9fcf9fcf9fce1
ffbcfefbfd71fca1
0004ffecffd4ffcc
009d00950074003c
00bd00b500b500a5
00cd00dd00f500f5
01ae0165011500ed
02360226021e01ee
028f0297026e0236
017d020602660266
010500fd00fd0105
007c00bd00cd00e5
005c009500ad008d
ff84ffdcfffc003c
fdc2fdc2fd59fe93
fda2fdaafdbafdba
fdbafdd2fdd2fdd2
fd69fd79fd8afdba
fd31fd19fd19fd31
fd82fd69fd59fd39
fdc2fdbafdaafd92
fe42fe3afe12fdea
fe9bfe8bfe62fe5a
ff1bff13fed3feb3
fe42fe8bfee3ff03
feabfec3fef3fed3
fe72fe6afe6afe83
fee3fec3fe9bfe83
fdfafe6afee3fef3
fcf1fd29fd79fdc2
fc30fc40fc68fca9
fcf1fcb1fc68fc38
fcd1fd09fd29fd19
ff94fef3fd39fcb1
fffcffccffb4ff8c
00bd00ad00850034
00ad00c500d500c5
00a500dd00fd00dd
00a50074003c005c
016d0175015d0115
01de01ce0196017d
00dd00ed013501ae
0105010d011500ed
0074009d00cd00ed
004c007c009d009d
fec3ff7bffdc001c
fd51fd59fd39fdaa
fd9afd82fd82fd69
fda2fdf2fdcafdda
fdaafd51fd21fd59
fd59fd71fdaafdb2
fd41fd31fd29fd41
fd79fd69fd51fd49
fdeafdcafdb2fd8a
fe3afe02fdf2fdea
feb3fea3fe83fe83
fe3afec3fec3fe6a
fe42fe52fe52fe1a
fdbafddafe02fe22
fd61fd61fd79fd9a
fd71fd92fd92fd69
fdc2fdc2fd9afd82
fd92fd19fd11fd59
fd9afda2fdaafdd2
fd8afd21fd39fd71
ff7bff63fe7afe12
ffe4ffacff84ff5b
00d5009d0034000c
00cd00d500ed00d5
00fd0115011500ed
004c005c008500bd
0044001c004c0054
00a50074006c005c
013d011d010500dd
0135012d012d0125
0085008500cd0105
003c0064007c008d
fe32fec3ff7bfff4
fdb2fdbafdb2fde2
fd69fd49fd41fd69
fd19fd61fd49fd79
fcf9fcf9fce1fce9
fd92fd61fd51fd21
fd61fd69fd69fd79
fd49fd49fd41fd59
fd82fd71fd61fd49
fdcafdc2fdbafda2
fe7afe62fe22fdf2
fe72ff0bfe7afe62
fe5afe6afe7afe12
fd82fdbafdfafe3a
fca1fcc1fd01fd49
fcc1fc89fc99fca1
fe7afe83fde2fd41
fdd2fdf2fdfafe12
fcb9fcb1fcf1fd69
ffccff6bfe83fd61
ff530004000cfff4
ffa4ff73ff53ff33
00e500740004ffdc
00ed00ed010d00f5
01650165014d0115
0135011d011d0145
015d0145014d013d
018e0186016d0175
0196019601ae019e
015501550165016d
007c00a500d5011d
ffec00240054006c
fe62fe3afedbff8c
fe12fe02fe02fe32
fdbafdc2fdeafe02
fd69fd92fda2fdb2
fd51fd79fd9afd92
fd21fd29fd41fd41
fd29fd21fd11fd01
fdb2fd92fd49fd39
fd41fd59fd82fda2
fd8afd79fd59fd41
fdeafddafda2fd92
febbff63fe83febb
fe4afe6afe9bfe72
fd09fd59fdaafe12
fc78fc78fc99fcc9
fd11fcb9fc91fc89
fd8afdbafdd2fd92
fca1fcd9fd39fd71
fe1afd41fce1fca9
ff5bff6bff9cff23
ff33ffd4fffcff7b
ff6bff3bff33ff23
00c5003cffc4ff9c
010d011d010d00ed
01a6019e015d012d
01de01be01ae01b6
021e01fe01f601ee
02360246020e0236
01de0206020e022e
015d017d01a601a6
0034009d00e50115
ff6bffd40004002c
fe32fdc2fdeafec3
fe62fe9bfebbfe5a
fe3afe5afe9bfe83
fe2afe3afe3afe2a
fe1afe1afdfafe02
fdb2fda2fda2fdda
fd01fd21fd31fd71
fd09fcd9fcd1fce1
fdeafe12fddafd69
fd51fd61fd9afdca
fd92fd71fd61fd49
ff3bff8cfe9bfefb
fdf2fe1afe32fe9b
fca1fcb9fd01fd79
fca1fc81fc81fc91
fd51fd09fcc9fca9
fce9fd39fd71fd69
fd39fcd9fca1fcb1
fecbfe52fdeafd8a
ff23fedbfee3feeb
ff1bff94008dfff4
ff1bff13ff1bff23
0085fff4ff8cff4b
012d014d011d00f5
01ae01a60155013d
01ee01ce01be01a6
023e021e02060206
0297029f026e0256
01c60216023e026e
0165018e01a60196
000c008500dd0125
feabff5bffbc0014
fe42fd92fd79fdea
fe72fec3fefbfea3
fef3feb3fe83fe6a
ff0bfebbfe7afecb
fea3fe8bfe7afeb3
fdf2fe12fe2afe72
fd79fdbafdfafdd2
fcf1fd39fd61fd51
fd61fd19fce9fcd1
fdeafe1afe1afdc2
fd61fd61fd82fdba
ff13ff53fe72fea3
fd59fd9afdaafe02
fc89fc99fcb1fce9
fca9fc99fc89fc81
fd31fd21fce9fcb9
fce1fcc9fcf9fd21
fe02fdd2fd82fd39
feabfe93fe6afe2a
ff8cfedbfebbfeb3
ff1bff530064009d
fef3ff13ff2bff2b
0054ffa4ff4bff03
01350145012500ed
01c6019e0155012d
01fe01de01ce01be
0226021e021e0216
02af029702760266
01d601f60216027e
0145017d01860196
ffec004c00d50125
fe02fe8bff23ffbc
fde2fd51fd82fdba
ff23fe93fe8bfe9b
ff4bff0bfed3ff23
feebfecbfeabff0b
fec3fefbff03fee3
fe6afed3ff13fec3
fdfafe52fe8bfe5a
fd8afd9afdbafde2
fd09fd11fd49fd69
fd61fd31fd11fd19
fe0afe1afdeafd9a
fe12fe2afdeafe2a
fce1fd21fd79fdc2
fc91fca1fca9fcb9
fcc9fca9fca1fca1
fce9fd01fcd9fcd1
fddafd59fcd9fcc9
fe6afe5afe3afe1a
fe93fe8bfe8bfe72
ffecff2bfed3feab
ff23ff33ffdc0074
ff23ff2bff33ff2b
ffccff5bff23ff0b
013d011500dd0085
0196017501450135
01fe01e601d601c6
021e020e021601fe
02b7028f0276025e
01f60216023e0287
011d016d019e01ce
ff63ffbc005c00dd
fdf2fe1afe6afefb
fda2fd69fd9afdca
ff23fecbfed3fea3
fecbfebbfeabff23
ff03ff63ff5bff13
fef3ff5bff9cfeeb
fee3ff0bff1bff0b
feabfe7afe83fec3
fe3afe22fe52fecb
fd71fd8afdd2fe32
fd11fd39fd41fd61
fd69fd21fce9fcf1
fdcafdcafddafdf2
fcb1fcd1fd21fd8a
fcb1fca9fca9fca9
fce1fcc9fcc1fcb9
fcd1fce9fd01fce9
fe8bfe62fdeafd39
fe8bfe9bfe93fe83
fe93fe83fe93fe93
ffccff63fef3febb
ff23ff1bff6bfff4
ff33ff3bff3bff3b
ff43ff23ff23ff2b
010d00d5006cffd4
014501350105010d
01de01ce01be017d
024e0236022601f6
02a7028f02870266
01fe022e02660297
0105015501ae01ee
feabff0bffac008d
fdf2fe0afe12fe42
fd49fd79fda2fdd2
fdcafdc2fdcafd59
ff3bff6bff03fe5a
ff0bffa4ff8cff1b
ff5bff43ff4bfef3
ff7bff03ff23ff5b
feebfedbfef3ff7b
fe6afe8bfeabff13
fe3afe72fe5afe52
fdbafdeafdbafe02
fd31fd31fd41fd61
fd61fdd2fdfafdda
fca9fcc1fcd9fcf9
fcd1fcd1fcc9fcb1
fcf9fcf1fcd9fcd9
fdb2fd09fcf1fcf9
fed3fed3feb3fe6a
feb3febbfec3fec3
fea3fe93fea3feab
ff6bff63ff0bfed3
ff23ff0bff2bff63
ff4bff53ff53ff4b
ff13ff1bff2bff3b
00c50054ffdcff43
00fd00f500fd00f5
01be01ae013500e5
023e0226021e0206
029f027e02460236
021e0236027e02af
00c5011501ae0206
fe02fe52fedbffd4
fdd2fe0afe32fe32
fd19fd69fd92fdba
fd31fd09fd11fcc9
ff1bff6bfe2afd41
ff4bff43ff1bfed3
ffa4ff0bff53ff8c
ff5bff3bff23ffe4
fed3ff2bff33ff5b
ff1bff5bfefbfec3
feabff03fee3fec3
fe12fe22fe3afe62
fd92fdaafdfafe12
fce9fd59fdbafdca
fcc9fcc1fcc1fcc1
fcf1fcf9fce9fcd1
fd09fd09fcf9fcf1
fecbfe0afd29fcf1
ff03ff03ff0bff0b
fedbfefbfefbfefb
feb3feabfeabfec3
ff2bff53ff13fedb
ff1bfefbff0bff23
ff73ff73ff63ff4b
ff3bff53ff63ff73
0034ffc4ff6bff3b
00bd00c500cd009d
01a6013d00f500bd
01f601f6020e01e6
02a7026e01f601e6
0226022e024e0287
ffe4009d014501d6
fe42fe02fe32fedb
fdb2fddafe2afe72
fd09fd39fd79fda2
fcf9fcf1fd09fcf9
fee3fe3afd39fd01
ff3bfefbff6bff63
ff5bff23ff6bffe4
ff4bff8cff63ff8c
ff94ffd4ff63fefb
ff3bff84ff43ff23
fecbfed3fee3fed3
fe8bfee3ff23ff2b
fdd2fe52febbfe93
fcc9fce1fd39fd92
fcf9fce9fce1fcd1
fd11fd09fd01fd01
fd01fd11fd01fd01
ff33fef3fe42fd51
ff43ff3bff3bff43
feebff13ff2bff33
feb3feb3feb3fecb
ff43ff53ff1bfedb
ff03fee3ff03ff1b
ff94ff84ff63ff3b
ff84ff8cff94ff9c
ff8cff6bff7bff7b
008d009d005cfff4
017d010d00b5007c
01ce01e601ee01be
023601fe01de01be
01b601ee01fe0216
fea3ffac0074012d
fe6afe72fe32fe22
fda2fdbafddafe22
fd29fd29fd41fd8a
fcf1fd01fd11fd11
fd71fd19fd01fcf1
ff1bfeabff03fe72
ff63ff6bff53ff5b
ffd4ffecff53ff13
ff7bff9cff63ff4b
fef3ff1bff2bff2b
ff43ff53ffbcff7b
fea3ff03ff73ff8c
fecbfec3febbfe9b
fcc9fcc9fce9fd01
fd11fd09fcf9fce9
fd19fd19fd11fd09
fd71fd11fd11fd09
ff6bff4bff13fe72
ff73ff84ff7bff7b
ff13ff33ff53ff5b
feb3feabfebbfee3
ff5bff53ff0bfed3
feebfedbfefbff23
ffb4ff8cff53ff23
ffc4ffc4ffc4ffb4
ff73ffacffbcffc4
0064003cffc4ff73
00fd00a5006c005c
0155017d0165012d
019e015d01450155
01050175019e01b6
fe2afe72ff53000c
fe0afe42fe6afe62
fd92fdcafdcafdd2
fd09fd11fd09fd39
fcf9fd01fd01fd01
fce9fce9fcf1fcf1
fe12fd79fd49fd11
ffdcffacfecbfe72
ff8cff94ff53ff5b
fef3ff1bff33ff3b
ff5bff8cfff4ff84
fef3ff03ffd4ffc4
ff8cff33ff13ff03
ff4bfef3ff33ff84
fce1fce9fce1fcb1
fd11fd11fd01fce9
fd29fd29fd21fd09
fe7afd69fd09fd11
ff94ff84ff5bff2b
ffa4ffbcffbcffb4
ff43ff6bff7bff84
fea3feb3fed3ff13
ff43ff1bfee3febb
fef3fee3fefbff23
ffacff84ff53ff23
fffcfffcffe4ffcc
ffbcffd4ffecfffc
ffbcff8cff5bff8c
002c0024002c000c
00bd00dd00d50085
013d00dd00b500bd
ffdc009500ed0135
fe6afe62fe72fee3
fdeafdf2fe12fe4a
fd59fdaafde2fdea
fd19fd09fd01fd19
fcf1fcf9fd01fd09
fce9fce9fcf1fcf9
fd11fd09fd01fd01
ff2bfe9bfdcafd39
fedbfeebfef3ff0b
ff4bff94fff4ff5b
ff13ff23ffc4ff9c
ffccff4bff1bff2b
ffdcff5bff7bffcc
ff33fef3fef3ffc4
fcf9fcf1fce9fcd9
fd09fd11fd09fd01
fd29fd31fd29fd19
ff33fe72fd71fd19
ffbcffacff8cff6b
ffd4ffdcffdcffd4
ff84ffb4ffccffd4
fec3fee3ff0bff43
ff03fed3fecbfec3
ff0bfefbff13ff23
ff94ff73ff5bff33
00040014fffcffcc
ffccffe4fff4fff4
ff33ff6bff9cffc4
ffdcffb4ff8cff4b
0014000c00140014
007c003c0024000c
fed3ff6bffe40054
fe22fe32fe6afe83
fe1afe0afe0afe1a
fd21fd49fd9afe12
fd21fd29fd21fd19
fcf1fcf1fcf9fd01
fd09fcf9fcf9fcf1
fce1fcf9fd09fd11
fd82fd29fd09fcf1
fef3feabfe83fe0a
fefbff33ff9cff5b
ffecff1bfee3ff03
ffecff7bff7bffec
ff5bfeebff13ffd4
ff7bffb4ff84ff8c
fd11fd09fd01fcf9
fd09fd11fd11fd21
fd21fd29fd11fd09
ff6bff2bfe72fd8a
ffdcffccffb4ff8c
fffc0004fffcfff4
ffc4fff4fffcfff4
ff13ff2bff4bff84
fef3feebfeebfef3
ff1bff03ff23ff13
ffa4ff84ff63ff3b
ffdcffdcffecffdc
ffccffdcffd4ffdc
ff4bff7bffa4ffb4
ff03feebfee3ff0b
ff23ff03fefbff0b
ff4bff3bff3bff33
fe83feabfedbff23
fe42fe42fe52fe5a
fe3afe5afe4afe32
fd11fd29fd61fdc2
fcf9fd19fd31fd29
fcf9fcf1fcf1fce9
fd11fd09fcf9fcf9
fce1fcd1fce1fd01
fd31fd31fd19fd01
fd69fd49fd41fd49
ff73fedbfe72fdda
ffe4ff3bff6bffb4
ff6bff03ff0bffdc
ff7bffa4ff8cff63
000c0034ff73ff23
fd31fd49fd41fd29
fd09fd19fd21fd29
fd92fd19fd11fd09
ff8cff7bff3bfe72
fff4ffecffccffac
001c001c00140004
000400240024001c
ff5bff7bffa4ffcc
ff23ff2bff33ff43
ff33ff3bff33ff23
ff7bff4bff33ff2b
ffa4ff94ff9cff9c
ff8cff9cffa4ffac
ff23ff3bff5bff6b
fe93febbfed3ff03
fe3afe3afe42fe6a
fe93fe93fe93fe6a
fe62fe72fe83fea3
fe7afe7afe7afe6a
fde2fe62fe93fe8b
fd31fd31fd59fd79
fd11fd19fd21fd39
fcf9fd01fd01fd01
fce1fcf1fcf9fcf9
fd31fd31fcd9fcb9
fd39fd39fd31fd29
fc58fc89fcc9fd19
ff4bfe6afd41fc78
ff2bfeebff13ff9c
ff7bff9cff5bff4b
ffdc0014ff53fefb
ffc4ffdcff8cff4b
fd31fd41fd61fd51
fd01fd09fd19fd29
fe5afd92fd29fd19
ffbcff9cff8cff1b
0004fffcfff4ffdc
003c003c00240014
004c00440034003c
ffa4ffb4ffec0014
ff73ff8cff8cff94
ff53ff53ff53ff63
ff53ff63ff4bff53
ff3bff33ff43ff43
ff53ff53ff5bff4b
fecbfefbff23ff43
fe52fe5afe7afea3
fe8bfe62fe42fe5a
fe72fe83fe9bfe9b
fe6afe6afe72fe6a
fec3feb3fea3fe7a
fd82fe0afea3fedb
fd29fd21fd39fd51
fd11fd29fd29fd29
fd19fd11fd09fd01
fcc9fcb9fcd9fcf9
fd41fd41fd21fd01
fdeafd71fd39fd31
fd49fdb2fdf2fe0a
fe4afd09fc50fca9
ff5bff63ff03fef3
ffa4ffe4ff23fefb
ff94ffbcff53ff1b
ff03ff2bff4bff23
fd41fd31fd49fd51
fd11fd11fd19fd39
fefbfe42fd8afd31
ffecffccffa4ff7b
001c0014000c0004
004c004400340024
0064004c004c0054
fff400140024004c
ffbcffd4ffe4ffe4
ff73ff73ff7bff9c
ff53ff5bff6bff7b
ff3bff4bff53ff53
fedbfef3ff03ff23
fe8bfe93feabfec3
fe8bfe83fe93fe9b
fe72fe7afe8bfe93
fe62fe6afe72fe6a
fea3fe7afe6afe62
ff1bff1bfefbfed3
fd51fd92fe42fee3
fd31fd29fd29fd41
fd01fd11fd31fd51
fcf9fcf9fd01fd09
fd29fcd1fca9fcd1
fd21fd29fd41fd51
fe22fe1afdc2fd51
fd92fd8afdbafe0a
fd79fca9fce9fd59
ff94ff73fe83fe72
ff5bff73ff13ff13
fee3fefbff1bff13
ff8cffec001cff73
fd41fd31fd29fd41
fd31fd19fd19fd19
ff4bfec3fe32fdaa
fff4fff4ffd4ffac
001c002400140004
004c003400340024
005c004c0054005c
001c0044005c0064
ffd4fff400040014
ffacffacffacffbc
ff94ff8cff8cff9c
ff73ff94ff94ff94
ff2bff3bff4bff63
fee3fef3ff03ff23
fe9bfeb3fec3fed3
fe72fe7afe83fe93
fe8bfe7afe72fe7a
ff3bff13fee3feab
ff33ff73ff63ff5b
fd61fd69fdc2fe72
fd39fd31fd31fd51
fd11fd11fd29fd41
fcd1fd01fd09fcf9
fd69fd49fd01fcb1
fd31fd19fd31fd41
fcc1fd39fd92fd9a
fc60fc60fc78fc99
fca1fc81fc99fc70
ff23fedbfe52fd41
feabfed3fecbfef3
ff3bffa4ffc4ff1b
fee3ff84ffe4ff73
fd21fd31fd19fd19
fda2fd39fd29fd11
ff8cff2bfeb3fe32
0004000cfffcffd4
00140014000c000c
00440034002c001c
003c0044004c0054
0034004c005c0044
ffec000400040024
ffc4ffd4ffe4ffe4
ffccffc4ffc4ffc4
ffbcffc4ffc4ffd4
ff8cff9cffb4ffc4
ff43ff4bff5bff7b
ff03ff13ff23ff33
fefbfef3feebfef3
ff5bff33ff1bff03
ffc4ffbcffa4ff84
fe8bff53ffa4ffb4
fd82fd71fd69fdb2
fd21fd21fd49fd69
fd29fd29fd41fd31
fcb9fcd9fd09fd11
fd49fd41fd41fd01
fcb9fcc9fce9fd19
fc58fc50fc58fc78
fc50fc48fc40fc48
fc81fc81fc70fc60
fdfafd49fcc1fc81
ff13ff73ff73fe6a
feb3ff33ff8cff2b
ff63ff33feebfeb3
fd19fd41fd49fd11
fe2afdaafd39fd19
ffacff6bff03fe93
001c0014000cffec
0014000c0004000c
002c0034002c001c
0024003c003c0044
0014001c001c0014
fff4fffcfffc000c
ffdcffdcffe4fff4
0004fff4fff4fff4
fff4fffcfffc0004
ffdcffe4fff4fff4
ffc4ffbcffc4ffd4
ffacffb4ffb4ffb4
ffdcffc4ffbcffac
0004ffecffe4ffe4
00040024002c0014
fdcafeb3ff7bffd4
fd61fd61fd61fd69
fd31fd31fd39fd41
fd31fd11fd21fd19
fd29fce1fce9fd21
fd21fd69fd69fd49
fc28fc38fc38fcc1
fc38fc28fc28fc28
fc60fc48fc40fc40
fce1fcb1fc89fc68
fd9afd69fd49fd29
fea3fed3feb3fde2
ff1bff13ff0bfebb
ff03fecbff2bff6b
fd19fd31fd59fd59
fe72fe1afdaafd41
ffd4ff94ff4bfeeb
001c001c001c000c
0014001c001c0014
002c00240024001c
0014003400340034
ffe4ffecfff4fffc
fff40004fffcffec
fffcfffcfff4fffc
00240014000c0004
0034002c001c0024
002c00340034002c
001c002400340034
002c00240034002c
00540044004c0044
005c004c00540054
fff4004400640064
fd79fdd2feabff84
fd49fd61fd69fd61
fd49fd49fd39fd39
fd11fd01fd11fd19
fd71fd51fd01fd09
fc89fd41fd69fd41
fc20fc28fc18fc28
fc38fc28fc20fc18
fcd9fc81fc50fc38
fe62fe12fda2fd41
fe8bfe8bfe7afe83
feb3feabfeabfea3
fef3fed3fecbfebb
ff13ff23ff63ff3b
fd29fd31fd31fd51
fec3fe62fe0afd92
ffecffacff73ff2b
001c002400240004
0014001c0014001c
00240014001c001c
ffec000c001c0024
ffe4ffdcffe4ffe4
ffd4ffd4ffe4ffec
0004000cfffcffec
005c0044002c0024
007c007c006c0064
008d008500850085
006400740074008d
00640064007c0064
009d00950095007c
008d0095009d00ad
ffac000c004c0085
fd59fd79fde2feb3
fd49fd51fd59fd61
fd49fd51fd51fd59
fce9fcf1fd21fd19
fd79fd61fd59fd01
fc18fc70fd11fd61
fc10fc18fc18fc18
fc48fc18fc18fc18
fe4afddafd49fcb9
ff23feebfebbfe8b
ff0bff13ff03ff13
fefbff03ff0bff0b
fed3fef3ff03fef3
fecbfed3fed3fec3
fd92fd31fd31fd41
ff03fe9bfe42fe02
fffcffd4ff9cff53
001c002c001c0014
0014001400140014
000c001400140014
ffccffdcfff4fffc
ffdcffdcffdcffc4
ffd4ffc4ffccffd4
0004fff4ffecffec
00540034001c001c
006c007c00740064
0074007c007c0074
007c006c00640064
00a500950095008d
00ad00bd00bd00b5
0074009d00ad00b5
fedbff8cfffc003c
fd49fd61fd9afde2
fd59fd59fd41fd49
fd29fd71fd61fd59
fce1fcb9fd01fd31
fd61fd69fd41fd29
fc20fc20fc30fcc9
fc08fc10fc18fc18
fd79fc99fc38fc10
ff2bff13fedbfe52
ff7bff6bff5bff3b
ff6bff7bff73ff73
ff4bff53ff63ff5b
ff13ff43ff43ff43
fee3fedbfef3ff03
fdfafd79fd39fd39
ff2bfecbfe7afe42
ffd4ffc4ffa4ff6b
000c000cfffcfff4
fffc000c001c0014
ffecfff4fff4fffc
ffacffbcffccffd4
ffbcffccffc4ffb4
ffccffbcffb4ffac
ffecffe4ffdcffd4
002c00140004fff4
004400440034002c
0074006c0064004c
008d007c0085006c
00bd00a5008d0085
008d00a500ad00bd
0034006c0095009d
fdeafed3ff9cfffc
fd21fd51fd61fd8a
fd61fd49fd51fd39
fd31fd49fd49fd51
fd49fcd9fcd1fd29
fcd1fd82fd51fd51
fc20fc10fc10fc20
fc28fc10fc08fc10
ff33fe83fd59fc78
ffb4ffa4ff9cff73
ffb4ffbcffb4ffbc
ffc4ffc4ffc4ffbc
ffb4ffbcffacffb4
ff5bff7bff7bff94
ff0bff13ff2bff4b
fe3afdeafd59fd41
ff33fef3feabfe62
ffc4ffbcff94ff6b
000cfffcffecffd4
0004000c00140014
ffdcffecffecfffc
ffacffa4ffbcffd4
ffbcffbcffb4ffbc
ffbcffb4ffbcffb4
ffdcffccffc4ffc4
002c001c000cfff4
00340034002c001c
006c006c006c0054
008d007c006c0064
00ad00ad00ad0095
0064008d00a500ad
ffec00240054005c
fd79fdeafedbffac
fd39fd69fd39fd51
fd39fd39fd51fd49
fd21fd31fd29fd31
fd82fd39fcc9fcf9
fc38fcd9fd79fd8a
fc08fc00fc10fc20
fd51fc70fc20fc08
fffcffd4ff6bfe83
001400140014000c
0014001400140024
0004000c001c001c
0004fff4fff4fffc
ff9cffd4ffe4fffc
ff53ff53ff73ff84
fe42fe1afdaafd49
ff33fefbfebbfe72
ffacff9cff84ff5b
0004fff4ffe4ffd4
fffc000c00040004
ffc4ffe4ffecffec
ffacffb4ffacffb4
ffbcffb4ffacffa4
ffb4ffacffb4ffbc
fff4ffdcffd4ffc4
0024001c00140014
004c004400240024
005c00740064005c
007c008d0085006c
00740085008d008d
00340044005c007c
ffb4fff4001c002c
fd79fd9afdd2fed3
fd59fd71fd39fd49
fd41fd61fd59fd51
fd09fd41fd49fd51
fd41fd49fd21fce1
fc20fc38fcd9fd59
fc18fc10fc10fc18
ffa4fe62fd01fc38
004c004c003c001c
006c005c005c004c
0064006c0074007c
004c005400640064
0044004c004c0044
fff4002400440044
ff84ff9cffd4fff4
fe42fe12fddafd92
ff2bfefbfeb3fe72
ffa4ff9cff7bff53
ffdcffd4ffccffbc
ffc4ffe4ffecffe4
ffa4ffbcffc4ffc4
ffbcffbcffbcffac
ffbcffb4ffb4ffac
ffccffc4ffbcffcc
000cfffcfff4ffe4
0014000400040014
004c003c002c0024
0064006400640054
0064006400740074
003c0054005c0074
00140014001c003c
fed3ffa4fff40014
fd82fd79fd69fdd2
fd69fd82fd59fd49
fd49fd59fd51fd49
fd11fd11fd21fd41
fd41fd51fd51fd19
fc18fc20fc30fcd9
fcb1fc40fc20fc10
006c002cff53fdda
008d007c006c007c
00a5009d0085007c
00ad00a5009d00ad
00a500ad00a500ad
0064007c00850085
004c004c0054005c
ffd4fffc00440044
fe4afe0afdeafdda
ff03fee3fea3fe7a
ff8cff7bff53ff33
ffc4ffc4ffb4ffa4
ffa4ffc4ffd4ffdc
ffacff9cff9cff9c
ffbcffbcffbcffb4
ffbcffb4ffacffb4
ffe4ffe4ffccffcc
000cfff4ffecfff4
0014fff4fffc000c
00340024002c001c
005c0044003c0044
0054005400640064
002c003400440054
fffc00040014002c
fdd2feebffc4ffec
fd59fd71fd59fd59
fd39fd41fd39fd49
fd39fd49fd49fd49
fd21fd09fd21fd39
fd01fd41fd49fd49
fc20fc28fc18fc38
fecbfd19fc48fc30
0085006c006c001c
00a500a50085008d
00bd00bd009d00a5
00bd00bd00a500ad
00cd00d500c500c5
009d00ad00b500ad
0064006c007c008d
002c004c00640064
ff23ff1bff13ff13
ff43ff3bff33ff23
ff63ff63ff63ff53
ff63ff6bff6bff6b
ff63ff63ff63ff63
ff5bff5bff5bff63
ff5bff5bff53ff5b
ff53ff53ff53ff5b
ff4bff4bff4bff4b
ff43ff43ff4bff4b
ff53ff4bff4bff43
ff5bff4bff4bff53
ff5bff53ff5bff53
ff63ff63ff63ff5b
ff63ff63ff6bff6b
ff6bff63ff63ff63
ff7bff7bff73ff73
ff9cff94ff94ff8c
ffb4ffacffa4ffa4
ff94ffa4ffa4ffa4
ff73ff73ff84ff8c
ff43ff53ff63ff6b
fef3ff0bff23ff33
febbfecbfed3fee3
fe8bfe93fe9bfea3
fe83fe83fe7afe8b
fe7afe83fe7afe83
fe8bfe7afe7afe7a
fe93fe93fe93fe93
febbfeb3fea3fe9b
fecbfec3febbfebb
ff23ff03fef3fee3
fee3fedbfedbfedb
ff13ff03fefbfeeb
ff43ff3bff33ff23
ff4bff4bff4bff4b
ff53ff53ff53ff53
ff53ff53ff53ff5b
ff53ff53ff53ff53
ff4bff4bff4bff53
ff4bff4bff4bff4b
ff4bff4bff4bff4b
ff53ff4bff4bff43
ff5bff5bff53ff53
ff73ff6bff6bff63
ff7bff7bff7bff7b
ff73ff6bff73ff7b
ff73ff73ff7bff7b
ff8cff84ff8cff84
ffb4ffacff9cff94
ffccffdcffbcffb4
ffccffe4ffe4ffdc
ff33ff53ff8cffac
fedbfee3ff03ff13
fea3feb3fec3fed3
fe9bfe9bfe9bfea3
fea3fea3fea3fe9b
feb3feb3feabfeab
fec3fec3feb3feab
feebfee3fedbfed3
fef3fefbfef3feeb
ff13ff13ff0bfefb
ff13ff13ff13ff13
ff7bff53ff3bff23
fe9bfe9bfe9bfe93
fed3fec3feb3fea3
ff13ff03fefbfee3
ff33ff2bff23ff1b
ff43ff43ff43ff33
ff43ff43ff43ff43
ff43ff43ff43ff43
ff3bff3bff43ff43
ff43ff43ff43ff43
ff43ff4bff4bff43
ff53ff4bff4bff4b
ff6bff6bff63ff53
ff8cff84ff7bff7b
ff94ff94ff94ff8c
ff94ff94ff94ff8c
ff9cff9cff9cff9c
ff94ff9cff9cff9c
ffbcffacffa4ff9c
ffd4ffdcffc4ffbc
0004000c0004fff4
ff23ff8cffe40004
feabfeb3febbfedb
feb3feb3feb3feb3
fed3fecbfebbfebb
fef3fef3feebfee3
fee3feebfef3fef3
fef3feebfee3fedb
ff03ff03fefbfefb
ff43ff33ff23ff13
ff63ff73ff84ff63
ff94ff94ff9cff8c
fffcffccffb4ff9c
fe62fe62fe62fe5a
fe8bfe7afe72fe62
fed3fec3febbfea3
fefbfefbfeebfee3
ff23ff23ff1bff0b
ff33ff33ff2bff23
ff33ff33ff33ff33
ff33ff33ff3bff33
ff3bff3bff33ff33
ff43ff43ff43ff43
ff5bff53ff43ff43
ff73ff6bff63ff53
ff9cff94ff84ff84
ffa4ffa4ffa4ffa4
ffccffc4ffb4ffb4
ffccffccffccffc4
ffb4ffacffc4ffd4
ffc4ffbcffc4ffb4
ffccffc4ffc4ffcc
ffecffe4ffccffdc
ffacfff4000c000c
fecbfedbfef3ff3b
ff0bfefbfee3fed3
ff23ff2bff23ff1b
feebff03ff13ff23
ff2bff53ff2bfeeb
ff33ff0bff03ff03
ff33ff1bff23ff3b
ffd4ffc4ff9cff63
ffb4fffc0024fffc
001c000c0004ffdc
0044003c00340024
fe42fe42fe42fe42
fe5afe52fe4afe42
fe93fe83fe7afe6a
febbfebbfeb3fea3
feebfee3fedbfecb
ff0bff0bff03fef3
ff1bff1bff13ff13
ff23ff23ff2bff23
ff33ff2bff2bff2b
ff3bff3bff3bff33
ff5bff53ff4bff43
ff73ff6bff63ff5b
ff9cff94ff84ff7b
ffbcffb4ffacffa4
ffe4ffdcffccffbc
ffecffe4ffecffe4
ffecffe4ffd4ffec
febbff33ffa4ffdc
feb3fee3fe9bfeb3
fe8bfe5afe72fea3
ffc4ffa4ff1bfefb
ff53ff5bff6bffb4
ff63ff53ff53ff43
ff43ff5bff63ff6b
ff2bff43ff33ff33
00e500ed005cff63
00ad009500ad00c5
004c0024001c0085
0074008d0085006c
003c006c0074006c
0064005c00540044
0064006c006c006c
fe1afe2afe2afe2a
fe32fe22fe22fe22
fe6afe62fe5afe42
fe83fe83fe7afe6a
feabfea3fe9bfe8b
fed3fecbfecbfebb
fefbfefbfeebfedb
ff0bff0bff0bff03
ff23ff1bff1bff13
ff33ff33ff2bff23
ff53ff4bff43ff3b
ff63ff6bff63ff5b
ff94ff94ff84ff7b
ffb4ffb4ffa4ff9c
ffecffe4ffd4ffbc
fff4fffcfffcfff4
ff03ff9cffb4ffcc
fca1fce1fda2fe7a
fcd1fcd9fcc1fce1
fce9fcc9fcd1fcc1
fe9bfdc2fd11fce9
fff4ffccffc4ff8c
fff4fff4fffc0004
ffecffdcffccffec
00b5006c0034fffc
026e023e01b600fd
0206025e029f029f
00fd00fd010d0196
009500ad00c500d5
007c0085007c0085
007c00850085007c
00740074007c0085
fe0afe12fe1afe1a
fe1afe12fe0afe02
fe42fe3afe2afe22
fe5afe52fe4afe3a
fe7afe72fe6afe62
fe93fe93fe83fe83
febbfeb3feabfea3
feebfee3fed3fecb
ff0bff03ff03fef3
ff2bff23ff1bff13
ff53ff43ff3bff33
ff5bff63ff5bff53
ff8cff94ff7bff63
ff84ff9cff7bff8c
ffa4ff8cff33ff63
ff53ffc4ffbcffa4
fca9fd31fdb2fe83
fc81fc78fc70fc78
fcc1fc99fc91fc89
fd39fd29fd01fce1
fd29fd29fd19fd31
ffccfef3fe4afdba
0085008500740014
00c500a500850085
015d0145011d00e5
01be01a60196017d
017d01a601de01de
00cd00ed011d015d
0095009d00a500ad
009d00950095008d
00950095009d009d
0085008d008d008d
fdfafe02fe02fe02
fe0afe02fdfafdfa
fe1afe1afe1afe12
fe32fe32fe2afe22
fe52fe4afe42fe3a
fe62fe5afe5afe52
fe83fe7afe6afe6a
feabfea3fe93fe8b
fee3fed3fec3febb
ff13ff03fef3feeb
ff33ff33ff23ff1b
ff53ff43ff43ff3b
ff4bff53ff63ff63
fe32fe83feb3feeb
fdf2fdcafd8afde2
fe1aff13fe52fe02
fc60fc60fc70fce9
fcb1fcc9fca9fc78
fd11fd11fce9fcc9
fd39fd59fd59fd19
fd21fd41fd41fd49
fdb2fd79fd41fd39
006cffd4fee3fdfa
00cd00bd00a50085
012d011d010d00ed
0105010d01250135
00dd00dd00e500f5
00bd00c500d500ed
00ad00b500b500b5
00c500b500ad00ad
00dd00e500dd00d5
00bd00c500cd00d5
fdf2fdf2fdfafe02
fe0afe0afdfafdf2
fe0afe12fe12fe0a
fe1afe1afe1afe12
fe32fe2afe22fe22
fe3afe3afe3afe3a
fe5afe52fe4afe42
fe72fe6afe62fe5a
feabfe93fe8bfe7a
fee3fed3fec3febb
ff13ff0bff03fef3
ff13ff1bff23ff2b
fdfafe72fed3ff03
fce9fcf9fd21fd71
fc99fc91fcc1fcd9
fcc1fde2fd71fce1
fc99fc81fc81fc78
fcd1fcf1fcd1fca9
fcf9fd19fd01fcf1
fd29fd19fd19fd01
fd59fd61fd41fd29
fd19fd51fd59fd69
fe83fd9afd8afd59
0095008d0074ffbc
00cd00c500bd00b5
010d00f500e500d5
0115011d01150115
00dd00ed00f50105
00cd00c500cd00d5
00cd00cd00c500c5
010d010500f500dd
0105010d0115010d
fdeafdeafde2fdf2
fdfafe02fdfafdf2
fe02fe02fe02fe02
fe0afe0afe0afe02
fe1afe12fe12fe12
fe22fe22fe22fe22
fe3afe32fe2afe22
fe4afe42fe42fe3a
fe72fe6afe62fe52
feabfe9bfe93fe83
feebfee3fed3fec3
fe8bfeb3fed3fedb
fce9fd29fd9afe2a
fc99fca9fcb9fcb9
fc68fc68fc78fc89
fc60fc78fc78fc60
fca9fca1fcb1fc99
fcc9fcc9fcd9fcb1
fcc9fcd9fcc9fcb1
fd19fd01fcf1fcf9
fd61fd49fd41fd41
fd41fd71fd59fd61
fddafe72fe9bfd82
00740054ff43fdc2
008d0085007c006c
009d008d0085008d
00c500bd00b500ad
00cd00d500d500d5
00b500ad00b500c5
00c500c500bd00bd
00e500dd00d500d5
0115010d010500f5
fdd2fddafddafdda
fdf2fdeafde2fdda
fdfafdfafdfafdfa
fdfafdfafdfafdf2
fe02fdfafdfafdfa
fe0afe0afe0afe02
fe22fe1afe12fe0a
fe32fe2afe2afe22
fe52fe4afe42fe3a
fe8bfe7afe6afe5a
fea3feb3feabfea3
fd71fddafe42fe83
fcb1fcc1fce1fd11
fcc1fcb1fca9fca9
fc78fc89fcb9fcb9
fc78fc58fc68fc78
fcb1fcb9fca1fc99
fcc1fcc1fcb9fcc1
fce9fcd9fcd1fcb9
fd31fd49fcf9fd09
fd61fd49fd51fd31
fda2fd71fd79fd82
fee3fe93fe02fdc2
ffecfe9bfddafe32
0034002c0044003c
0004000c0024002c
0004fffc00040004
002c0024001c000c
000c000400140024
006c005c003c0024
008d008500850085
00a5009d009d0095
fda2fdb2fdd2fdc2
fddafdc2fdaafda2
fdeafdeafdeafdea
fdeafdeafdeafdea
fdf2fdeafdeafdea
fdf2fdeafdeafdea
fe0afe02fdfafdfa
fe1afe12fe12fe0a
fe3afe32fe2afe2a
fe72fe62fe52fe42
fe1afe6afe93fe7a
fcd9fcf1fd41fda2
fcc9fca1fcc1fcd1
fcd1fcc1fcc9fcc9
fcb1fce1fce9fce1
fc91fca9fcb1fca1
fcb9fcb9fc91fc81
fca9fca1fc99fcb1
fd11fcd9fcc9fca1
fd59fd29fce9fcf9
fd71fd51fd51fd39
fd82fdaafd92fd82
fe22fdb2fd8afd71
fdc2fdcafeb3fed3
ffb4ffccffd4ff0b
ff7bff8cffa4ffac
ff5bff6bff73ff7b
ff53ff5bff53ff5b
ff2bff2bff3bff4b
ff8cff6bff4bff3b
ffc4ffbcffb4ffa4
ffccffc4ffccffcc
fda2fd9afdd2fde2
fdaafd9afd92fdaa
fde2fddafdd2fdca
fddafde2fddafde2
fde2fde2fde2fde2
fdeafde2fde2fde2
fdfafdf2fdeafdea
fe0afe02fdfafdf2
fe32fe2afe2afe1a
fe52fe52fe4afe42
fd29fdaafe1afe3a
fca9fcb9fcc1fce1
fca9fca1fcb1fcb1
fcc9fcc1fcc1fca9
fcd1fce9fcc1fcb1
fcb1fcd9fcc1fca9
fc91fc99fc91fc91
fc91fc91fc91fc89
fd01fcc9fcb1fca1
fd61fd29fcf9fd21
fd71fd82fd59fd71
fd79fd79fd82fd69
fdb2fd69fd79fd79
fde2fea3fe8bfdfa
ff3bff2bfe62fd8a
ff13ff1bff2bff2b
fef3fefbff03ff13
fedbfee3fee3feeb
febbfec3fec3fed3
fec3febbfebbfebb
feebfee3fedbfecb
feebfeebfeebfeeb
fde2fd92fdbafdf2
fdaafdbafdd2fe02
fdcafdc2fdb2fda2
fddafdd2fdd2fdca
fddafddafddafdda
fde2fde2fde2fdda
fdf2fde2fde2fde2
fe02fdfafdf2fdea
fe2afe22fe1afe12
fe22fe3afe3afe3a
fcb1fcf1fd61fdda
fcb9fcc9fcc1fce1
fcd1fcd1fcb9fcb1
fce1fcd1fcd1fcc1
fcd1fca9fcd9fd01
fcc9fcc1fca9fca9
fc99fc81fc78fc99
fc81fc70fc78fc81
fcb1fc99fc91fc91
fd19fcd9fcc1fca9
fd31fd71fd61fd59
fd82fdaafd51fd71
fd92fd9afd8afd92
fe6afe0afd9afd8a
fec3fe12fd69fe1a
fec3fecbfedbfedb
feabfeb3feb3febb
fe9bfea3fe9bfea3
fe83fe8bfe8bfe93
fe7afe7afe7afe83
fe7afe83fe7afe7a
fe7afe7afe7afe7a
fe22fdb2fd79fdd2
fdbafdd2fdeafe22
fdb2fdaafda2fd9a
fdcafdc2fdc2fdba
fdd2fdd2fdd2fdd2
fddafdd2fddafdda
fdeafddafde2fdda
fe02fdfafdf2fdea
fe2afe1afe12fe0a
fda2fe12fe2afe2a
fcd1fcc1fcd9fd21
fcc1fce1fcd1fce1
fcd9fcf9fcd9fcd1
fcf9fce9fcd9fcc9
fc81fc91fc99fcd1
fcf1fcb9fcb1fcb9
fc99fc91fcb1fcc9
fc68fc70fc70fc68
fc89fc81fc81fc89
fd19fcd9fcb1fc81
fd8afdc2fdbafd59
fd69fd71fd8afd82
fd92fd8afda2fd92
fda2fd49fd49fd71
fe0afd69fe0afe32
fe9bfea3feabfeab
fe83fe8bfe8bfe93
fe7afe83fe7afe83
fe6afe72fe72fe72
fe62fe62fe62fe62
fe62fe5afe62fe62
fe5afe52fe5afe5a
fe52fe2afdc2fdea
fdbafdf2fe02fe1a
fdaafda2fd92fd92
fdc2fdb2fdaafdaa
fdcafdcafdc2fdc2
fdd2fdd2fdd2fdd2
fdf2fde2fde2fdda
fdfafdf2fdeafdea
fe22fe1afe0afe02
fd19fda2fe0afe2a
fce1fcd9fcb9fcd1
fcc1fce1fcd9fcd9
fcb9fcc9fcc9fcc9
fd39fd09fd19fce9
fc70fcc1fcd1fce9
fce1fcd9fcd9fc89
fc78fc99fcb9fcc9
fc40fc48fc58fc68
fcb1fc91fc60fc48
fca1fc89fc89fc99
fd9afdb2fd31fcc1
fdb2fdd2fdbafdba
fd8afd82fdaafd9a
fd49fd51fd71fd92
fdb2fe02fde2fd71
fe83fe8bfe8bfe32
fe72fe72fe72fe7a
fe62fe6afe6afe6a
fe5afe62fe6afe6a
fe52fe52fe5afe5a
fe52fe5afe5afe5a
fe52fe52fe4afe52
fe4afe8bfe62fe32
fdb2fe0afe4afe2a
fda2fd9afd92fd8a
fdaafda2fda2fda2
fdbafdbafdb2fdaa
fdcafdd2fdcafdc2
fdeafddafddafdd2
fdfafdf2fdeafde2
fe12fe12fe02fe02
fcd1fd09fd92fe0a
fcd1fcc1fcc9fcc9
fcc1fcd9fcd9fcc9
fd09fd21fd41fce9
fd59fd82fd51fd19
fc70fc58fcb1fd11
fcf9fcd9fcf1fcc1
fcd9fcd1fcc9fcd9
fc48fc68fc89fca9
fc89fc78fc58fc48
fc81fc91fc91fc99
fd49fd09fcb1fc89
fe2afdc2fd69fd51
fdf2fdf2fdfafe42
fd61fd8afd92fda2
fde2fdd2fd59fd51
fe72fe7afe42fda2
fe62fe62fe6afe62
fe62fe62fe5afe5a
fe5afe5afe62fe62
fe52fe52fe52fe52
fe4afe52fe52fe52
fe4afe42fe4afe4a
fdf2fe22fe22fde2
fda2fdeafe32fe12
fd92fd9afd9afd9a
fda2fda2fd9afd92
fdb2fdaafda2fda2
fdcafdcafdc2fdba
fde2fddafdd2fdca
fdfafdf2fde2fde2
fdfafe0afe02fdfa
fcc9fcd1fcf9fd8a
fcb9fcb9fcd1fcd9
fce9fcd1fcc9fcc9
fd61fd49fd49fd31
fd21fd8afd92fd51
fca9fc60fc60fc99
fcf1fc91fca9fcc1
fd21fd21fcf1fce9
fca9fcc9fce1fcf9
fc91fc68fc91fca1
fc81fca1fc89fc99
fce1fca9fc91fc81
fdaafd19fd29fd21
fdfafe22fe4afe2a
fd8afdc2fdbafdea
fdc2fd69fd41fd69
fe7afe5afddafdaa
fe5afe6afe6afe6a
fe5afe5afe5afe5a
fe5afe5afe62fe62
fe52fe52fe52fe52
fe4afe4afe52fe52
fe4afe42fe4afe4a
fd9afd9afda2fd8a
fda2fdaafdcafdc2
fd9afda2fda2fd9a
fd9afd9afd9afd9a
fdaafdaafda2fda2
fdc2fdbafdb2fdaa
fddafddafdd2fdca
fdf2fdeafddafdda
fd92fe02fe02fdfa
fcc9fcd9fce9fd09
fcd1fcc9fcc1fcd1
fd51fd01fcd9fcd1
fd9afd61fd71fd82
fce9fd61fd51fd61
fca1fc99fc81fc81
fd09fc89fc81fc91
fcf9fd01fd11fd11
fcd9fcb9fcd9fd21
fc70fc89fd09fd31
fcc1fc99fc78fc70
fca1fca9fc81fc91
fd61fd39fd09fcc1
fe42fe32fe0afd82
fd9afdb2fde2fdf2
fd92fd49fd69fd8a
fe5afe2afdb2fdca
fe62fe6afe62fe6a
fe62fe5afe5afe5a
fe52fe52fe62fe5a
fe52fe5afe5afe5a
fe4afe52fe52fe52
fe4afe4afe4afe4a
fd82fd79fd79fd79
fd9afd92fd92fd8a
fd92fd9afd9afd92
fd92fd92fd92fd9a
fdaafdaafda2fd9a
fdbafdb2fdb2fdaa
fde2fddafdd2fdca
fdf2fdeafde2fdda
fd31fdb2fdfafdfa
fcd9fce9fcf9fd11
fcd1fcd1fcb9fcc9
fd79fd79fd39fce1
fd31fd41fd41fd41
fce1fd31fd79fd39
fc91fca1fcd1fcc1
fd39fcb9fca1fca1
fd01fd21fd59fd59
fcd9fcc9fcd1fcf9
fcc9fd09fd31fd21
fc99fc70fc78fc81
fca9fcb9fc91fc99
fd51fcf1fcd9fca9
fe02fd61fd82fd82
fdc2fdfafe5afe3a
fd59fd61fd92fd92
fe4afe0afd82fda2
fe62fe62fe5afe62
fe62fe62fe62fe62
fe52fe52fe62fe62
fe52fe5afe5afe5a
fe52fe52fe52fe5a
fe4afe52fe52fe4a
fd79fd71fd79fd79
fd92fd8afd82fd79
fd92fd8afd92fd8a
fd92fd8afd92fd92
fda2fda2fda2fd9a
fdb2fdaafdaafdaa
fde2fdd2fdcafdc2
fe02fdeafde2fdda
fd19fd51fde2fe02
fce9fce9fcf9fd21
fd19fce1fcd1fcd1
fd39fda2fd9afd69
fd11fd19fd39fd69
fce9fcc9fd09fd19
fca9fcb1fcd1fd01
fd39fce9fcd1fcb9
fd31fd59fd79fd79
fce1fce1fd11fd29
fcf9fd21fd19fd21
fca1fc78fc91fcb9
fca1fc99fc99fca1
fd09fcd1fcc1fcb9
fd82fd79fd82fd49
fddafe0afe42fdda
fd51fd61fd79fdb2
fe3afdfafdb2fd8a
fe62fe6afe62fe42
fe62fe62fe62fe62
fe5afe52fe62fe62
fe5afe5afe52fe5a
fe52fe52fe52fe5a
fe52fe52fe52fe52
fd82fd8afd8afd92
fd82fd82fd82fd82
fd8afd8afd8afd92
fd8afd8afd92fd8a
fda2fd9afd92fd92
fdb2fdaafdaafda2
fde2fdd2fdc2fdb2
fe0afdf2fde2fdda
fd19fd29fd8afdfa
fce9fcd9fce9fd09
fd79fce1fcb1fcd1
fd11fd51fda2fd8a
fce1fd11fcf1fd19
fcd9fcb1fcb1fcb9
fcd9fca9fcc1fcd1
fd71fd51fd41fd19
fd39fd61fd82fd9a
fd51fd51fd41fd51
fd11fd11fd29fd51
fc89fcd1fcb9fcb1
fc99fc99fc99fc89
fcd9fcb9fcc1fca9
fd9afd92fd51fd11
fe02fdd2fda2fd9a
fd31fd59fdaafdea
fe1afddafdcafda2
fe62fe6afe5afe4a
fe6afe6afe62fe62
fe62fe5afe5afe62
fe5afe5afe52fe5a
fe52fe52fe52fe5a
fe52fe52fe52fe52
fd9afdaafdaafdba
fd92fd8afd92fd92
fd8afd8afd82fd8a
fd8afd92fd8afd82
fd9afd92fd8afd8a
fdb2fdaafda2fd9a
fddafdcafdc2fdb2
fdfafdeafde2fdda
fcf9fd29fd59fdc2
fcd1fcf9fd01fcf1
fd69fd59fcf9fcc1
fcf9fd29fd41fd61
fd21fd19fcf9fcd9
fce1fcd1fcb1fd21
fd19fd09fcd9fce1
fd8afd92fd82fd41
fd82fdaafda2fd92
fdd2fd9afd9afda2
fdb2fd9afdb2fda2
fc81fcc1fcf9fd31
fcd1fc89fc60fc70
fcd1fcb1fc99fcb9
fd79fd51fd31fce9
fe22fdc2fd9afd9a
fd29fd82fe3afe7a
fe22fdd2fdc2fd82
fe5afe52fe42fe42
fe6afe6afe62fe62
fe62fe62fe62fe5a
fe5afe5afe5afe62
fe52fe52fe52fe52
fe52fe52fe52fe52
fddafdf2fe02fe1a
fdb2fdbafdc2fdd2
fd92fd92fd9afda2
fd8afd92fd92fd92
fd9afd92fd92fd92
fdaafda2fda2fd9a
fddafdcafdbafdb2
fdd2fddafddafdda
fcf9fd11fd41fd8a
fcc9fce1fcf9fce1
fd79fda2fd69fd01
fce9fce9fd19fd69
fd19fd41fd29fce9
fd11fcd1fcb9fd09
fda2fd79fd41fd19
fdbafdc2fd92fd9a
fddafdeafdaafde2
fe3afe2afdfafde2
fdc2fde2fe12fe0a
fce9fd39fd82fd92
fc89fc70fc91fca9
fcd9fc99fc99fc99
fd79fd69fd19fcd1
fdf2fddafdc2fdaa
fd51fdeafe83fe7a
fe12fdb2fd79fd29
fe52fe62fe3afe32
fe5afe5afe5afe5a
fe6afe62fe62fe5a
fe5afe5afe5afe62
fe5afe5afe5afe5a
fe52fe5afe5afe52
fe72fe8bfeb3ff03
fe0afe22fe32fe5a
fdc2fdd2fde2fdf2
fda2fda2fdb2fdca
fd9afd9afda2fda2
fdaafda2fd9afd9a
fdeafdcafdb2fdb2
fda2fde2fdfafdda
fce1fd01fd49fdaa
fd09fcd9fcf1fce1
fd71fd61fd79fd41
fd01fcd9fce1fd09
fd09fd29fd19fd09
fd19fcd1fc99fcc1
fdbafdbafd92fd41
fdfafdf2fde2fdda
fe1afe2afe1afe4a
fe3afe7afe3afe3a
fe12fe1afe22fe12
fd29fd9afdf2fe4a
fc99fca9fcb1fcc9
fcd9fcb9fca1fca1
fdb2fd39fce9fcf9
fde2fdf2fdeafdda
fe02fe22fe52fe4a
fe0afda2fd31fd61
fe72fe72fe42fe3a
fe52fe52fe4afe4a
fe6afe62fe62fe5a
fe6afe6afe6afe6a
fe62fe62fe62fe6a
fe6afe6afe6afe62
0115016d019e024e
fefbff53ff73001c
fe42fe5afe6afe93
fdfafe12fe42fe32
fdcafdd2fdd2fdea
fdc2fdbafdc2fdc2
fe1afde2fdd2fdda
fd82fddafdeafdea
fcf1fd01fd39fd9a
fd49fd01fd01fcf1
fcd1fd01fd11fd39
fcd1fcd9fcc9fcb1
fce9fcd9fcd9fcc9
fd79fd39fd11fd09
fdfafdf2fde2fda2
fe83fe6afe52fe2a
fe83fe8bfeb3feb3
fe8bfeb3fec3feb3
fe0afdfafe02fe5a
fdb2fe4afe4afe32
fc70fca9fce9fd49
fcd1fcc1fcc1fcd1
fd41fd09fcf1fd01
fe12fe22fdf2fd9a
fe02fddafdeafe3a
fddafd61fd61fdf2
fe7afe5afe52fe12
fe6afe72fe62fe6a
fe7afe7afe72fe6a
fe72fe83fe7afe72
fe83fe83fe83fe83
fe8bfe8bfe8bfe83
03e003f804000400
02660337035f0390
ffbc00bd014d018e
fe8bfeebff3bff53
fe3afe4afe5afe72
fdf2fdfafe0afe22
fe0afe0afde2fdea
fd8afdc2fdf2fe02
fd09fd01fd41fdaa
fd31fd41fd21fd09
fcc1fce9fcf9fd21
fce9fce9fcf9fcd9
fd21fcc9fce9fd01
fddafdc2fd92fd59
fe72fe6afe32fe0a
feb3feabfe9bfe7a
febbfedbfed3fecb
feebfefbff13fef3
fe5afe62fe93fedb
fde2fe1afe0afe2a
fc91fd19fd71fdaa
fcf9fce9fd09fca1
fd49fd29fd21fd19
fe6afe32fdbafd69
fddafde2fe02fe3a
fdbafd82fe02fe02
fe6afe5afe3afdf2
fe83fe7afe83fe8b
fe9bfe9bfe93fe8b
fe93fe9bfea3fe9b
feabfea3fea3fe9b
feb3feb3feabfeab
03f803f804000400
0400040004000400
037703c803f80400
016d01e602e70357
ff1bff7bffcc00dd
fe5afe6afe7afeab
fe22fe32fe3afe42
fd79fdb2fe0afe1a
fd29fd01fd11fd69
fd19fd29fd31fd21
fcd1fca9fcb1fcd9
fd11fd21fd31fcf9
fdc2fd49fcf9fd11
fe22fe0afddafdc2
fecbfebbfe7afe52
fed3fedbfed3fecb
ff0bff0bff13feeb
ff13feebfefbff13
fedbfebbfefbfeeb
fe22fe62fe72feab
fd11fdb2fe0afe32
fd49fd69fd11fc99
fd49fd29fd31fd39
fe1afdc2fd92fd8a
fd92fddafe12fe2a
fda2fdd2fde2fdca
fe7afe62fe3afde2
fea3fea3fea3fea3
fec3febbfec3feab
fed3fecbfed3fecb
ff03fef3fee3fee3
ff0bff0bff03ff0b
0400040004000400
0400040004000400
0400040004000400
0400040004000400
02970357037703d0
feb3ff4300c50186
fe72fe8bfe83fe93
fda2fdb2fdfafe52
fd41fd41fd19fd49
fd01fd19fd19fd31
fcf9fcc9fca1fcc1
fd31fd49fd61fd39
fdf2fd82fd29fd21
fe72fe6afe1afe02
fecbfeb3feabfe8b
ff23ff23ff0bfeeb
ff33ff53ff4bff2b
ff6bff5bff53ff3b
ff03ff03ff43ff53
fe83fe93feebfeeb
fd8afdf2fe6afe7a
fdb2fd71fce1fd09
fd61fd31fd39fd9a
fdf2fdb2fd79fd69
fdaafde2fe0afdfa
fde2fdbafd9afd92
feb3fe83fe4afdea
fedbfedbfedbfecb
ff1bff0bfef3fee3
ff3bff2bff1bff23
ff73ff53ff4bff4b
ff84ff8cff8cff8c
0400040003f803f8
0400040004000400
0400040004000400
0400040004000400
03f8040004000400
006c028f03d003f8
fe9bfedbff2bff7b
fdb2fdd2fdf2fe52
fd29fd61fd51fd41
fce1fd01fd11fd29
fd31fd19fcd1fcd1
fcf1fd8afd71fd51
fe12fdbafd8afce1
fe93fe83fe4afe2a
fee3feb3febbfeb3
ff4bff43ff33fefb
ff63ff84ff73ff53
ffa4ffc4ff94ff84
ff43ff5bff94ff9c
fefbfeebff33ff13
fde2fe6afeabfeb3
fd82fd49fcc1fd41
fd31fd51fd92fdfa
fdaafd82fd79fd61
fdd2fdf2fe02fdda
fdbafdb2fd92fda2
fee3fe8bfe22fdc2
ff1bff23ff03fef3
ff73ff63ff43ff33
ff8cff8cff73ff73
ffb4ff9cff9cff9c
ffb4ffccffd4ffcc
0400040004000400
0400040004000400
0400040004000400
0400040004000400
0400040004000400
031703f004000400
001c012d01ce01ee
fdaafdc2fddafeab
fcf9fd21fd51fd59
fcd1fcf1fcf9fd19
fd29fd49fd01fcd1
fcd9fd71fd9afd51
fe1afde2fdd2fd29
fe93fe8bfe8bfe4a
ff03fefbfeebfed3
ff8cff73ff43ff1b
ffbcffacff94ff9c
ffdcffbcffc4ffcc
ff84ff8cffc4fffc
ff03ff3bff73ff63
fdb2fe52fe6afed3
fd31fcd1fd01fd61
fd49fda2fde2fdba
fd51fd41fd61fd61
fdc2fde2fdcafd69
fd71fd92fd8afdc2
fe83fe4afdfafd8a
fea3fe83fe9bfea3
febbfea3feb3fec3
febbfec3febbfec3
fe9bfeabfebbfec3
fe83fe93feabfe9b
0400040004000400
0400040004000400
0400040004000400
0400040004000400
0400040004000400
03f8040004000400
01fe03a003d003b8
fd82fdcafddafee3
fd11fd01fd31fd59
fcc9fce1fce9fd21
fd31fd21fd19fce9
fd01fd09fdc2fd79
fe52fe22fe02fd92
fec3feb3fe93fe72
ff1bff0bff0bfedb
ff9cff73ff5bff4b
ffe4ffa4ff9cffbc
002c001400240004
ffdcffc4ffec002c
ff43ffa4ff8cffcc
fe62feabfe93ff1b
fd29fcc1fd41fdf2
fde2fe42fddafd9a
fd49fd79fda2fd71
fdbafdbafd92fd69
fd79fdd2fdaafdaa
fe1afe0afdb2fd49
fe12fe12fe0afe22
fe3afe12fe22fe1a
fe6afe72fe62fe62
fe5afe7afe72fe72
fe62fe62fe72fe5a
03f803f803f803f8
0400040004000400
0400040004000400
040003f804000400
0400040004000400
03f803f803f803f8
013d03c003f80400
fd09fd8afdc2fe2a
fd11fd39fd11fd19
fcc9fcc1fcc9fcf9
fd31fd21fd01fd19
fd61fd01fd41fda2
feabfe9bfe7afdf2
fef3fec3fe9bfea3
ff53ff4bff2bff03
ffb4ff84ff9cff8c
00440014fffcffe4
0034003c0034004c
0004ffe4001c0024
ffc4ffbcffcc0024
fecbff23ff53ff5b
fd11fd11fdbafe6a
fe8bfe42fe12fe02
fd71fdd2fdc2fdd2
fdc2fda2fd69fd92
fdaafddafdbafd92
fe32fe0afdb2fd82
fe6afe6afe4afe5a
fe52fe2afe5afe7a
febbfeb3fe9bfe7a
fec3feb3fed3fed3
fec3fed3fec3febb
0400040004000400
0400040004000400
0400040004000400
0400040004000400
0400040003f80400
03e803f803f80400
ff63029f038803c0
fce1fd29fdc2fdda
fcd1fd09fd39fd39
fd11fce1fcd1fcb1
fd39fd11fcf9fd09
fdd2fd79fce9fd29
fed3fee3feb3fe62
ff1bff13fefbfed3
ff8cff73ff5bff4b
ffccffd4ffccffa4
0074004c003cfffc
0054008d00950085
002c00540054004c
ffd4001c000c000c
ff5bff9cff9cff6b
fce1fd92fe2afeab
fe6afe02fe1afd92
fdaafd9afde2fe62
fdcafdbafd69fd82
fd9afdfafde2fdea
fe2afdeafdcafdc2
fed3febbfe8bfe72
fe6afe8bfeabfec3
ff23fef3febbfe93
ff0bfefbfefbff23
fee3feebff1bff33
0400040004000400
0400040004000400
04000400040003f8
03f8040004000400
040003f803f003e0
033703b803e003f8
fe5a006401f6025e
fd09fd11fdd2fdf2
fca9fcb9fcf9fd69
fd21fd01fcd9fcb9
fcf1fd11fcf1fce9
fe62fe02fd61fcd9
fef3fee3febbfebb
ff4bff33ff23ff13
ff94ff73ff5bff5b
00140004ffecffb4
00b5007c00640044
009d00ad009d00ad
0064008d005c008d
0024003400340054
ff73ffa4ff73ffb4
fd82fe1afe93ff4b
fe2afe52fdbafd09
fdcafdb2fe5afe9b
fdaafd79fd41fd79
fda2fdf2fde2fdda
fe1afdf2fdd2fd8a
feebfec3fe9bfe83
fed3ff0bfebbfedb
ff33ff5bfef3fec3
ff4bff84ff43ff3b
ff4bff43ff33ff43
0400040004000400
0400040004000400
04000400040003f8
035703f004000400
03b003f003b8031f
027e030702ef0327
fe4aff0b007401e6
fd21fd31fd8afe02
fcd9fcf9fcc9fd29
fcf9fd29fcd9fcd1
fcd1fcd1fcc9fcf9
febbfe7afdeafd59
ff1bff33ff03fed3
ff7bff4bff3bff33
fff4ffccff9cff8c
003c00240014ffe4
00d500ad0085005c
00a500dd00dd00cd
00d500dd00c500bd
002c004c00950095
ffb40014000c0034
fe02fe62ff0bff7b
fe02fdaafd29fd71
fdaafe12fe9bfe1a
fd92fd39fd29fd82
fdeafe12fdeafde2
fe52fe12fd79fd79
ff1bff13fefbfebb
fecbff33ff0bff03
ff53ff73ff63ff13
ff84ff84ff9cff9c
ffbcff9cff6bff4b
03f803f803f803f8
03f803f803f803f8
04000400040003f8
026603a0040003f8
030703a803a002e7
025e02cf0276020e
fe12fec3001c018e
fcd1fd09fd69fdc2
fcd9fcf9fcc9fcc1
fcf1fcf1fcf9fce1
fd49fcb1fcb1fce9
ff03fed3fe72fde2
ff53ff43ff13ff2b
ff9cff53ff5bff33
000c0004fff4ffe4
005c0054003c0024
00e500e500e500a5
00ed011d013d0105
01050105010d010d
004c007400bd008d
0024003c003c0014
fe1afec3ff7b000c
fd71fd29fd59fdf2
fdcafe83fe3afd71
fd51fce9fd19fd9a
fe1afe0afddafdca
fe6afdc2fd69fdba
ff1bff5bff13feeb
fef3ff43ff53ff5b
ff63ff43ff7bff5b
ffb4ff7bffa4ffc4
ffec0014ffd4ffa4
0400040004000400
040003f804000400
0400040004000400
02760390040003f8
031f0398037f02af
01fe02af02af026e
fdd2fe7aff9c00ed
fcd9fce9fd29fd9a
fcf1fd01fce9fd01
fd21fcc1fd01fce9
fdd2fd11fcd1fcd1
ff43fef3fe83fe3a
ff6bff63ff73ff4b
ffd4ffb4ffb4ff84
00540034000c0014
0095004c00540054
012500ed00e500dd
013501650145012d
011d014501350125
00ad00b500ed00fd
005c004c003c003c
fe72ff1bffbc003c
fcc1fcc1fdaafe2a
fe22fe5afdbafd09
fce1fcc9fd41fd92
fe32fe0afddafd8a
fe62fdaafd8afe22
ff43ff6bfefbfedb
ff1bff53ff73ff7b
ff7bff5bff94ff53
fffcff7bffdcffec
fff4000c001c0034
0400040004000400
0400040004000400
0400040004000400
02b7039804000400
034f03c803a8029f
0155026e02af02a7
fdfafe83ff33ffc4
fd11fd09fd51fd8a
fd11fd21fce9fd01
fce1fca1fca9fcf1
fe52fdcafd09fca1
ff4bff23feebfed3
ffacff94ff6bff1b
0024ffecffdcffb4
00740034000c001c
00bd009d0074007c
0115011d00fd00d5
014d015d01250125
01250155014d0165
00ad00dd00fd0105
0074006400640074
ff13ff84ffec003c
fc70fd31fe4afe7a
fe12fddafdcafd61
fcf9fd11fd31fdca
fe0afddafd79fd51
fddafd71fdbafe02
ff4bff43ff2bfe8b
ff84ff7bff6bff73
ff7bff7bff73ff6b
ffd4ff9cffecffbc
ffe4000c0054006c
0398037f03900398
03e803c803d003c8
0400040004000400
03a003e004000400
03a003e003e00390
0034019e0216029f
fdfafe3afefbff7b
fd19fd51fd61fd9a
fcd9fd51fd41fcf1
fca1fc78fc70fce9
fef3fe7afddafd29
ff73ff4bff2bff1b
ffd4ffb4ff73ff33
003c001c000cffd4
0085006c003c0054
00b5009d008d009d
011d012d011500e5
015501650145010d
016d016d016d016d
00fd010d01250145
0064006c007c00b5
ff2bff9c000c0064
fca1fdc2fe83fedb
fdbafdbafdc2fd11
fd39fd11fd49fde2
fe0afdbafd29fd29
fe22fda2fe0afdea
ff73ff43ff3bfe9b
fff4ffdcff9cffd4
ff8cffacff94ffac
ffbcfff4ff6bff63
ffdc002c007c004c
02af028f029702af
031702c702df02df
03f803f803f803b8
04000400040003f8
03c8040003f803f8
fff400e501ae02b7
fe22fe32fef3ffa4
fd59fd79fd69fdb2
fcd1fd19fd61fd39
fce9fc60fc40fca1
ff1bfed3fe72fdea
ff53ff53ff0bfefb
ffb4ff9cff63ff7b
0044002400040004
0095008500740064
00cd00bd00bd00b5
014501350125010d
0165015d01550135
016d01750175018e
0105010d01450155
0064006c009d00d5
ffacffc400340085
fd09fe4afefbff3b
fd8afd8afd61fcb1
fcd1fd41fda2fdaa
fde2fd41fd11fd11
fdf2fdeafdfafde2
ff84ff5bff03feab
000cffbcffe4fff4
ffdcff9cffc4000c
0004ffacff13ff7b
000c0085007c0004
023e021e021e0236
0276026e026e0266
040003f803a002e7
0400040004000400
03b8040004000400
001c0085019e02c7
fde2fe0afee3ffb4
fd51fd71fd9afd8a
fcb1fcc1fd41fd51
fd8afcb9fc48fc50
ff1bff13fefbfe6a
ff5bff5bff2bff23
ffbcffacff84ff6b
00540034000cfffc
009d0095007c006c
00fd00f500dd00b5
014d01150115011d
015d0155015d0145
015501450165016d
00ed00fd0145015d
0074008500bd00dd
ffdc000c00950095
fd61fe62ff13ffac
fd19fdd2fd41fca9
fd01fd82fd69fd51
fd71fd11fd09fcb9
fdeafde2fdd2fdc2
ff6bff7bff33febb
ffb4ffccfff4ffdc
fffcffa4fff4003c
ffdcff33ff840034
007c00b50034002c
01ee01de01d601de
023e024e0246021e
03c8035702bf025e
04000400040003f8
039003e003f80400
00440074016502a7
fda2fe1afeb3ffcc
fd82fdaafd71fd41
fc81fcc1fcf1fd51
fe22fd41fc78fc20
ff33ff3bff2bfecb
ff5bff5bff2bff0b
ffb4ffa4ff94ff73
004c0014fffcffcc
00b500b500850074
010d00f5010500dd
013d011d0145012d
0175017d016d0155
013d015d017d017d
00ed0105013d013d
009500bd00c500d5
000c0054006c006c
fdfafec3ff33ffb4
fd49fdcafce9fce1
fd51fdaafd41fcf1
fd31fce1fc91fcc9
fdc2fdb2fd8afd92
ff73ff73fefbfe4a
ffbc0014ffecff73
ffec00440085ffec
ff6bff3b00740054
00d5007c0064fffc
0175017501860196
01de01ee01de01ae
02af021e01de01d6
03b00390036f032f
02e7032f037703b8
0024004400c501fe
fd71fdfafea3ffac
fdbafdfafde2fd49
fc78fcb9fcb1fd39
feabfdaafcb1fc40
ff2bff5bff23feeb
ff6bff63ff53ff13
ffd4ffbcff9cff94
007c001c0004ffe4
00ed00d50085007c
0135011500fd00f5
015d012d01450135
016d016d01750165
013d013501550165
00e501050115011d
00a500ad00d500e5
ffec0014005c0074
fdfafe93fee3ff4b
fd61fd51fcb9fd39
fdaafd59fce9fcd9
fcf9fc99fc68fce9
fd71fd79fd79fd59
ff8cff53fee3fe0a
002c0034ff84ff94
006400bd001cffa4
ff9c0054006cffdc
0074009d001cffa4
011d0135016d018e
01650186016d013d
01d6018601450145
02b70287024e020e
0266027e02a702cf
ffec005400b5018e
fd41fdb2fe9bff6b
fd69fde2fe32fdaa
fc78fc60fc60fcc9
ff03fe12fcf1fc78
ff33ff3bff2bff23
ff73ff7bff7bff5b
ffd4ffacff9cff8c
00740034000cffcc
00f500d5009d0085
011d013500ed00e5
01750155013d011d
0175015d016d0175
012d0135013d0165
00d500f501050125
008d009500bd00d5
ffc4fffc005c008d
fe32fed3ff13ff53
fd31fcd1fca9fd59
fd69fcb9fc99fce9
fcc1fc70fc50fd49
fd71fd61fd39fd01
ff94ff84feb3fdc2
0085ffe4ffacffbc
00e50044ffbc0014
001c0054fffc007c
00dd004cffd4002c
0155016d019601a6
0145017d01860165
01c6019601450125
022e020e01de01ce
020e023e0246023e
ffa4003c00ed0115
fd39fd71fe4aff0b
fd09fd92fe02fe22
fc68fc30fc30fc78
ff63fe7afd71fca9
ff3bff43ff63ff7b
ff8cff84ff94ff6b
ffdcffc4ffa4ff9c
005c00340014ffdc
00f500dd00a5007c
0125013d010d00fd
0175017501650145
015501750186018e
01150125014d0145
00b500dd00e50115
009d0095009d00ad
ffdc0024005c0085
fe1afec3fefbff63
fd01fcb9fcc9fd82
fce9fc91fcc1fd59
fc81fc50fc81fd61
fd59fd49fd19fce1
ffd4ff7bfe4afd71
fff4fff4fff4ffd4
0064fffc00540064
ffcc000c009d00fd
00240014006c002c
01e601f601d601a6
0145018e01ce01e6
01be01b6016d0135
01fe01b6019601a6
020602260216020e
ffb4002400ed00fd
fd39fd49fdc2fedb
fcb9fd31fd9afdaa
fc91fc40fc38fc50
ff8cff23fdeafcd9
ff63ff6bff5bff7b
ff7bff84ff7bff73
ffecffccffbcff8c
0074003c001cffec
011d00fd00cd00a5
01550135012d011d
0186017d0175015d
015501750186019e
010d012d014d0145
00ed00e500dd00fd
008d0095009500cd
ffcc0034005c0085
fe5afe83feebff6b
fcd1fc89fcb9fde2
fcc9fc91fce9fd61
fc60fc40fcc1fd29
fd59fd31fcf9fcb9
ffd4ff33fe32fd49
ffe4002c000cffd4
fff4006c006cffec
ffc400a500f50024
004400a5008dff8c
021e021601ee01b6
012d017501b601f6
01ae01be01750135
01e601a60175017d
01ae01ee01e601de
ffb4ffbc008500ed
fd61fd21fdbafe7a
fc50fcb9fd41fd41
fc89fc70fc38fc30
ffc4ff7bfe8bfd31
ff63ff4bff4bff84
ff7bff6bff7bff53
0004fff4ffccffa4
009d005c003c0014
01350125010500e5
012d013d013d013d
01be019e017d0155
016d017d019601a6
013d014501550165
00f501250115012d
008d008500a500d5
fff4002c0044007c
feabfeebff43ffa4
fca9fc58fcb9fe0a
fcc1fc89fd09fd19
fc48fc68fd09fd09
fd71fd09fce1fc91
ff23ff0bfe1afd51
ffec00040024ff9c
009d008500340034
008500cd002c0044
009d0085ffdcffe4
01ce01d601be0186
00ed013d016d0196
015d015d013500f5
027e025601860145
013d01e601d60216
ff8cffac009500ed
fd39fd21fde2fe8b
fc38fc40fce9fce1
fcb9fc99fc28fc48
ffdcffd4ff3bfdea
ff43ff73ff73ffa4
ff5bff43ff4bff0b
fff4ffecffbcff7b
00c50095006c002c
016d0155013500fd
01350155016d0165
01be01be01860165
01c601ae01c601c6
01550175019e01b6
00ed0125012d0155
00850064008d00d5
001c0044004c0085
febbfefbff73ffec
fca1fc30fcf9fe32
fc89fc60fcc9fcb9
fc40fc99fd19fd09
fd69fcc1fca9fc68
ff5bff13fdcafd31
fffc0044ffe4ff43
009d003c005c0014
0064002c005c00d5
0034ffc40064009d
011d0135012500ed
00cd00fd010500f5
00e500d500bd00b5
030f02ff01be00fd
00fd01a6019e0216
fee3ff8c003c00bd
fcc9fcd1fd82fe6a
fc38fc20fc81fcd9
fd49fc99fc28fc28
001c004cffe4feab
fe83fef3ff53ffd4
fe6afe62fe22fe32
ffa4ff7bff03fe7a
00dd009d005cfff4
0186016d014d010d
0186018601860196
01e601c60196018e
01f601de01f601ee
019601a601b601d6
009500f50115015d
ffacffb4ffac0024
006400540024ffb4
fed3ff6bffd4002c
fc68fc40fd51fe42
fc48fc58fc89fc89
fc48fcb9fcd1fca1
fcf1fca9fc91fc48
ff43fe6afd79fd21
0064ffccffa4ff33
0064006400040024
0004007c00950095
001c007c00b5ffdc
0054006400640034
006c008d007c0054
002c001400140034
0236022e011d0054
00a5010d00e50135
fefbff73ffe4008d
fcb9fcd1fd19fe7a
fc30fc28fc38fcc9
fe22fcc9fc30fc18
007c00dd0095ff5b
fe72fecbff13ffa4
fdbafe02fe1afe2a
fec3fe93fe12fd92
0085ffe4ffacfef3
016d0165013d00e5
0196017d016d017d
01ee01be019e01ae
01f601ee01fe01fe
014d019e01ae01be
ff8c003c007c00f5
ff73ff7bff23ff3b
0064001cffa4ff63
ff33ffdc001c0074
fc40fc68fdc2fe6a
fc48fc58fc81fc68
fc70fc81fca9fc60
fcb9fc91fca9fc50
fef3fdeafd29fcd9
ffec0004fffcff73
001cffdc004c008d
0024007c00740074
00b5009d0085ffe4
0004000cfffcffe4
005c007c003c000c
ffd4ffdcfffc001c
0085009d002cffec
005c0074004c005c
ff6bffbcffcc0034
fc91fc89fd01fec3
fc18fc18fc28fc81
fedbfd41fc38fc18
004c013d00f5ffdc
fedbff03ff4bff63
fe4afe9bff03ff23
fec3fe3afdf2fe1a
fff4ff3bfed3fec3
0125010d00f5007c
0196015d014d015d
01d601d601ae019e
01ce01e601be01d6
ffcc002400e5016d
fedbff03ff5bffa4
ff9cff33ff1bff53
ffd4ffdcffacff7b
ffac00140054005c
fc30fcc1fe3afef3
fc38fc38fc70fc68
fc60fc70fcb1fc48
fc91fc81fc91fc58
fedbfddafd11fcc1
00040014ffbcff5b
001c003c00740024
0044009500a50024
008500ad00950014
0135011500f500dd
018e019601550135
00fd011501350155
00dd00ed01050105
00ad00ed010500e5
ffc4000c0014005c
fc70fc38fcc9fee3
fc18fc18fc28fc58
ff8cfe32fc78fc28
ffd400bd00fd005c
ffbcff7bff94ff63
ff1bffc4ffecffec
febbfe6afe62fe9b
ff4bfe3afe2afe72
00e500b50085fff4
016d013d01050115
01be01d601b6018e
014d0186017d019e
ff13feabff5b006c
fecbfeabfe8bfeeb
006cfffcffccff53
ffc4005c0064009d
ffc40024001cffac
fc38fd51fe83ff23
fc20fc38fc60fc68
fc48fc70fc70fc30
fc89fc60fc68fc50
fef3fd8afd01fcd1
ffecffecffb4ff63
009d00140054002c
0095005cfffc008d
009d00640064008d
02b702af0297029f
02bf02bf02a7029f
029702a7029f02af
02460256027e028f
017d01ee023e0236
00b500a500c500f5
fc40fc30fcf1ff63
fc28fc30fc20fc30
fffcff13fcf9fc50
ff3bffb400740085
003400040024ffbc
ffdc00240044002c
fe93feb3ff0bff6b
fec3fe1afe22fe42
00950074ffdcfefb
010d00fd00dd00bd
017d01ae01960145
00a500bd00ed0155
ff3bfe8bfec3ff7b
004cff6bfed3fee3
017d012d013500d5
008d010d01550165
ffdcffccff53ffbc
fc81fe0afebbff43
fc20fc28fc58fc50
fc48fc78fc40fc18
fc99fc58fc70fc60
fe8bfd11fca1fcb1
fffcffd4ff8cff33
005c005c002cffe4
ffec003c006c00a5
003c007c010d00d5
03900390039803b0
034f036f036f037f
034f0357034f0347
02ff031703370347
025602df031f0307
0186011d019e01c6
fc30fc30fd19ffdc
fc58fc48fc40fc28
0034ff9cfda2fc89
ffe4ffac002c008d
0044002c00340034
0054004c00540054
fefbff4bffb4000c
fe9bfea3fe93febb
0024ffa4fecbfeab
00e500dd009d004c
014501550145010d
ffecffbc000400b5
ff23ff1bff8cffc4
013d0085ffd4ff84
01960186019e0175
014d018e01a6019e
ff94fefbffbc00ad
fd09fe7aff0bff73
fc20fc20fc40fc40
fc40fc78fc40fc28
fc81fc58fc70fc48
fe83fcd9fc81fc99
ffccffdcffb4ff5b
006cffcc000c003c
0024007c0074006c
0105011500d50044
03e003f003f003f8
03e003f003f003e0
03c003d003d803d8
0357036f038803a8
02bf035703770367
021601d6028f0256
fc68fc38fd49005c
fca1fc40fc28fc48
007c000cfe52fcd9
004c003c0074009d
004c004400440054
006c006c006c005c
ff84ffd4002c0044
fef3ff1bff1bff43
ffbcfef3feabfeeb
00b5009d00740014
01050125013500fd
ffecffccffd4003c
003c0004ffec0034
016d010500a50095
01b601be01ae0196
013d015d017d01ae
ff94ff7b007400ed
fd92fec3ff4bff73
fcb1fc99fc91fc70
fc38fc81fcf9fce1
fc60fc50fc81fc58
fe42fcd9fc91fc89
0034003cffacffb4
001c000c001cffe4
003c00a500fd001c
0105009d00c50074
03f003f804000400
04000400040003f0
0400040004000400
03f003f003f80400
037703e003f003e8
02ef02af03670337
fc70fc48fd8a015d
fca9fc68fc20fc38
00850024fed3fd09
003c00340054008d
fff4000c0024002c
ffd4ffd4ffd4ffcc
ffd400140014fffc
ff23ff3bff4bff73
ff84feb3feb3ff13
009d005c003cfff4
00a500e500f500e5
0014fff4002c001c
00640054004c0054
014d00f500bd007c
0196019e018e017d
010d0135016d017d
000c004400a500cd
fe1afef3ff5bff9c
fdf2fdb2fca9fcb1
fc60fd8afe62fe1a
fc70fc50fc60fc38
fdb2fc99fc78fc89
ffe4ffdcffccff23
00140034004c001c
00d5009d0054001c
00d5006c004c00ad
0400040004000400
0400040004000400
0400040004000400
0400040004000400
03f8040004000400
03d803a803e803f8
fc50fc50fdf20287
fca1fc70fc40fc20
0054001cff2bfd31
fff4ffe4fff4001c
fe93fee3ff53ffac
fe7afe7afe6afe93
ff63ff4bff43fecb
ff23ff33ff53ff6b
ff63fefbff1bff2b
007c003c0004ffc4
009d00dd00c500c5
006c00640054004c
002c00440054006c
004c001c002c0024
005c006c0064006c
00b500cd00bd0074
000c0024005c008d
fe62ff5bff9cffdc
fe02fd82fcb9fd11
fcc1fe72febbfe02
fc70fc30fc60fc28
fd8afc81fc68fc99
0014ffb4ff73ff03
003c006c0054fffc
0054004c004c0034
007400ad00e500ed
0400040004000400
0400040004000400
0400040004000400
0400040004000400
0400040004000400
03f803f803f80400
fc38fc70fec30357
fca1fc70fc38fc20
fffcffe4ff73fdba
ff43ff94ffc4ffe4
ff63ff2bfeb3feeb
fed3feebfed3ff2b
00240054ffe4ff6b
ff03ff13fee3ff2b
ff63ff3bff3bff03
00640044fffcffb4
00f500fd00b5008d
004c007c009500b5
ff5bffd40024004c
ff13fed3fefbff03
ff03ff6bff73ff53
000cff8cff33fedb
ffecfffc002c003c
feb3ff63ffacffcc
fdeafdeafd19fd92
fd09fe83fe2afd59
fc68fc48fc30fc18
fd59fc70fc89fc99
ffd4000cff7bfeb3
00ad005c0014fffc
0054005400640095
00c5011d00b5009d
0400040004000400
0400040004000400
0400040004000400
0400040004000400
0400040004000400
0400040004000400
fc30fca9ff8c0398
fcd1fc91fc40fc08
ff84ffbcffc4fe3a
feabfedbff0bff33
fe72feabfe42fe62
fdaafd8afdaafdc2
0014ff4bfe02fdba
fedbfeb3ff130014
ff8cff63ff13fee3
00850044000cffc4
00fd011500e500b5
fff4003c009500cd
fe9bff03ffacfffc
fdeafe9bfee3febb
fe83fe9bfe62fe32
ff73ff43ff43fee3
ffccffc4ffe4ffdc
fed3ff43ff84ffa4
feb3fed3fddafdd2
fd01fe52fd92fd8a
fc68fc40fc20fc20
fd49fc78fc81fc89
ffe4ffc4ff4bfe7a
005c0074fff4ffc4
006c008500ad0095
00dd00dd00ad0085
0400040004000400
0400040004000400
0400040004000400
0400040004000400
0400040004000400
0400040004000400
fc30fcd9ffd40390
fd01fc81fc28fc08
ff3bffacffecfedb
fe5afe7afeabfeeb
fd09fd39fd61fdda
fe12fe83ff84fd61
fec3fec3fe5afdda
fea3ff53ff94ff3b
ffccff8cff03fed3
00b500640024ffe4
012d015d01550105
0014004c009d010d
fe7afeb3ff1bffd4
fee3fddafd71fe1a
fe42feb3fd29febb
fe8bfe02fdb2fd51
ff9cff8cff84ff43
fec3ff2bff43ff63
ff6bff0bfe32fe12
fce1fe42fd92fe42
fc60fc40fc20fc18
fda2fc99fc70fc60
0014001cffacfeeb
004cfffcffc4ffd4
00cd00c50044006c
00cd00a5008d009d
0400040004000400
0400040004000400
0400040004000400
0400040004000400
0400040004000400
0400040004000400
fc30fd31002c0388
fd39fc78fc10fc08
ff43ffacfffcff63
fed3fedbfeebff13
ff03ff03fed3fec3
fd69fdfafe7afe9b
00edfe5afd79fd41
fe72fe6aff530145
ffecff9cff23febb
00dd0064001cffec
013d016d018e014d
008d0095009d011d
ff63fe93fefbffe4
ff6bfdc2fd61ff43
ff9400d5fdea001c
fe12fd82fd51fd92
ff63ff43ff03fedb
fecbff23ff2bff43
ff84feebfe0afe5a
fca9fe12fdc2feeb
fc78fc48fc20fc10
fe7afcd1fc81fc81
007c002c0014ff53
000cffec000c0054
00c5006c000cfff4
0064007c00cd00e5
0400040004000400
0400040004000400
0400040004000400
0400040004000400
0400040004000400
0400040004000400
fc28fd8a007c0390
fdd2fc89fc10fc08
ff5bff94fff4ffbc
ff13ff0bff13ff3b
ffbcff7bff3bff23
ff23ff33ffccffe4
ffc4ff03feebff03
fdfafe6a0054005c
ffbcff8cff23fe6a
00dd005cffdcffa4
00dd0135016d012d
00a500a500ad00dd
01b60044feb3ff5b
fde2fd09fdba013d
ff6bff0bfe0afe62
ff73ff73ffbcffec
ff63ff84ffa4ff9c
fefbff1bff2bff5b
ff63feb3fddafe7a
fc50fdaafdd2ff03
fc70fc50fc28fc10
fe8bfcd1fc89fc81
00a50024ffd4ff73
fff40044008d0064
00b5003c001c001c
00ed00ed010500cd
0400040004000400
0400040004000400
0400040004000400
0400040004000400
0400040004000400
0400040004000400
fc40fdfa00bd0388
fe52fc89fc10fc10
ff6bffa4ffe4fffc
ff2bff1bff2bff3b
ffa4ff73ff53ff43
ffbcffbcffdcffd4
ffc4ffd4fff4ffd4
feabff33ffc4fff4
ff1bff33ff4bfedb
00950044ffacff5b
007c00dd010d00cd
000c00640064006c
ff63ff7bff03ff0b
ff5bfe5afe52ff0b
0165016d00cdfff4
0024003400ad013d
ffbcfffc003c003c
ff13ff2bff53ff94
ff7bfecbfe12feab
fc30fd41fe0afeeb
fc58fc50fc28fc10
fe8bfce9fc68fc70
004c0014ffd4ff7b
005c007c007c008d
004400340024002c
010500ed010500a5
0400040004000400
0400040004000400
0400040004000400
0400040004000400
0400040004000400
03f8040004000400
fc68fe2affc402af
febbfc99fc10fc10
ff84ffccfff4002c
ff5bff53ff4bff6b
ff6bff73ff73ff7b
ffb4ffbcff94ff7b
ffbcffecffe4ffcc
fefbfef3ff3bffa4
fed3feb3fed3ff1b
0014ffc4ff53ff0b
004400640074004c
ffec0004fffc003c
ff9cff84ff84ff6b
0085fffcff94ff5b
012d019e01750105
0034003c007400e5
0014004c00540034
ff43ff84ffacffe4
ffbcff3bfe5afedb
fc20fcf1fe7afeeb
fc58fc50fc30fc10
fec3fd09fc58fc68
004cffd4ff9cff7b
005400c5009d007c
006c007400540085
010500d50074008d
03f003d803b80398
0400040003f803f8
0400040004000400
0400040003f80400
04000400040003f8
03d803f804000400
fcc9fe6afebb0175
ff1bfca1fc10fc10
ffccffec00240034
ff7bff84ff7bffac
ff53ff73ff94ff94
ff0bff13ff13ff33
ff23ff3bff43ff1b
fef3ff0bff2bff1b
fecbfea3feabfeb3
ff84ff43ff13fefb
ffecfff4ffe4ffb4
ffc4ffb4ffb4ffc4
ff63ff6bff73ffac
ffe4ffbcff9cff6b
ffe4001c00140024
000cffecffdcffdc
0044006c005c002c
ff6bffc4fffc0024
ffd4ff8cfe93fef3
fc20fc99fe83ff0b
fc50fc40fc30fc18
ff5bfdbafc81fc60
0044ffdcffdcffc4
0074006c0085007c
00a500b5007c007c
005c00b500a50064
03470327030702ef
03d803c003a0036f
040003f803f003e8
040003f803f80400
0400040004000400
035f040003f803f8
fd49fe9bfe32fffc
ff6bfca1fc10fc20
ffe4001c0064008d
ffccffccffccffdc
ff84ff84ff9cffbc
ff53ff5bff63ff73
ff6bff53ff53ff53
fefbff13ff4bff5b
feb3fec3fef3ff03
fed3feabfeabfeb3
ff73ff73ff3bff13
ff94ff84ff94ff63
ff9cffe40004ffd4
ff2bff43ff3bff63
ff33ff2bff2bff23
0004ffccff9cff53
006c008500740034
ff84ffcc00140044
ffacffbcfed3ff1b
fc30fc81fe22ff0b
fc48fc40fc30fc20
ff84fe4afc99fc50
004c0004ffacff9c
007c00740044003c
00cd00740074004c
00ad0095009d00dd
030f033f035f037f
030f02ff02ef02ef
0398036f034f0327
03f803e803d003b8
0400040004000400
022603e803e803f8
fddafe7afdb2fe8b
ff9cfc99fc10fc60
001c00540074008d
000c0014001c001c
001c0004fff4000c
ffdc000c00040004
ffd4ffbcffbcffd4
ff84ff73ff84ffc4
fe62fea3ff1bff7b
fea3fe72fe62fe4a
fec3febbfeb3feab
fffcffa4ff3bfee3
005c006400440014
ff94ffb4ffd40024
ff7bff53ff6bff7b
002cfffcffc4ffac
008d00a500a5007c
ffbc00040034005c
ff4bff84fedbff4b
fc38fc89fd92ff2b
fc38fc38fc50fc30
ff8cfebbfd49fc58
006c003cffd4ffcc
004c003c005c0074
00f5005c0044002c
00ed014d00d500bd
03c003e803f003f8
031f034f036f03a0
02d702df02ef02f7
0367032f02ff02df
03e803d803b00388
006c02f7037f03e0
fe62fe72fd69fd8a
ffacfc99fc18fd01
0054007c00a5008d
0044003c004c004c
007c0064005c0054
0054005c0064007c
003c002c00340044
ff94ffbcffd4000c
fe42fe72fed3ff53
fe83fe62fe42fe42
fe8bfe83fe8bfe93
00b50004ff33febb
00b500cd00a500a5
0074009500a500ad
003c0044005c006c
00a5008d0085005c
00a500b500d500cd
ffd4003400640095
ff13ff1bfef3ff5b
fc40fca1fd09feeb
fc40fc38fc50fc30
ffb4ff1bfe12fca9
00640014001c0034
0085006c00740064
00a5001c0024003c
00f500ed00cd00cd
0400040004000400
03e003f003f80400
0377039803b003c8
02f7030f03270347
031f02ff02ef02ef
fec300ed0297031f
fe93fe52fd71fcf1
ff94fca1fc68fdba
00a500a500bd004c
007c007c0064006c
00c500bd009d008d
00bd00ad00b500cd
006c009d00bd00bd
ff13ff63ffd4003c
fe5afe4afe6afee3
fe7afe5afe4afe42
fe9bfe8bfe83fe8b
003cff8cfef3febb
00fd00d5008d0085
00fd0105012d011d
00dd00e500dd00e5
0135011d010500dd
00c500ed01150135
ffec004c007c00b5
ff4bfe93ff03ff73
fc40fca9fcc9fe1a
fc50fc30fc48fc30
ffe4ff63febbfd51
007c00640054007c
005c009d009500a5
004c00140044002c
00d500c5008d007c
0400040004000400
0400040004000400
03f8040004000400
03c803e003e803f0
033f035f039003b0
fdfaffe401fe02ef
fe62fe4afdc2fcd1
ff94fcb9fd01fe1a
00d500dd00bd005c
00d500cd00ad00a5
0115011d00fd00f5
011d011d010d0115
002c00d501150115
fe32fe72fed3ff8c
fe62fe42fe02fe1a
feb3fe7afe7afe83
febbfeb3fecbfed3
febbfe93fec3fec3
0085ffccff84ff43
0196017d014d011d
01550145015d0175
01a601a6017d015d
00ed012d015d019e
00040044006c00b5
ff13fe9bff13ff94
fc30fc78fca9fd61
fc91fc38fc38fc38
003cfffcff0bfdda
008d004400850064
009500cd00ad00bd
005c0044007c007c
00a5008d0064008d
0400040004000400
0400040004000400
0400040004000400
0400040004000400
03f003f804000400
fde2ffc402a703d0
fe02fe5afdc2fd29
ffbcfd09fd92fe1a
00dd00e500c5003c
011d00fd00dd00c5
01550145013d0135
014d0155016d015d
ff53003400e50135
fe42fe52fe2afe7a
fee3fe93fe42fe3a
ff4bff13ff03fef3
ff3bff4bff5bff73
fe7afe6afec3ff1b
ff73ff0bfedbfeab
01c6017d010d0064
01d601be01be01be
0206020e01f601e6
010d014d019e01de
0004006400ad00cd
fe2afe8bff2bffa4
fc20fc58fc81fcc1
fd01fc40fc30fc38
003c000cff4bfe5a
00a50054008d005c
00c500a500ad00ad
00a50085008500b5
007c007c007400a5
0400040004000400
040003f803f80400
0400040004000400
0400040004000400
0400040004000400
fd9aff7b030f03f0
fde2fe9bfe0afd59
ff53fd49fddafe12
011d011d00b5001c
0145011d00fd00fd
016d0165016d0155
012d0145016d016d
fe6aff6b006c0105
fedbfef3feb3fe1a
ffccff6bff0bfed3
0024ffdcffecfffc
00a500bd009d006c
ff13ff33ffc40034
fed3fefbff2bff33
017500ed0044ff63
022e020e01f601ce
0236023e023e0226
0145018601d6020e
fffc005400bd010d
fda2febbff23ff9c
fc30fc50fc78fc91
fdc2fc91fc30fc40
002c0034ffd4feb3
007400340064007c
00e50085007c006c
00bd007c009500e5
00d500b500ad00dd
0400040004000400
03b8039003a003d8
03f003f003f803e0
03c003d803f003f0
03f803f003e003c8
fd49fed3026e03d0
fdd2fe72fe3afd8a
fe9bfd79fdcafdba
013500f5006cfff4
0155012d01150115
015d014d015d0155
00c501250155015d
fddafeabff730074
000c000cffecfe7a
008d00640014fff4
011d00c500d500b5
01b601f601f601a6
007c00cd010d0165
fee3ff5bffe4003c
00cd002cff5bfecb
020e01ee01ce0145
0256025e02560236
0165019e01ee022e
fff4005400b5011d
fd59febbff2bff9c
fc48fc60fc78fc70
feb3fd59fc40fc40
0085fff4ffa4ff03
00240014005c008d
00cd0095008d008d
00c5008d00950095
0125010500dd00d5
0400040004000400
03a8039003b003e8
037703b003e803e0
029702e7033f0357
0367034702ff02af
fd01fe42009d02e7
fd9afe32fe2afd69
fec3fdeafda2fd9a
010d00cd0024ffd4
010500ed00fd0105
010d012d012d0125
007400ed0115012d
fdd2fe5aff330004
00a500d500cdff0b
0024004c006c007c
014500cd009d0054
019601e601f601a6
014d0155014d0145
ff13ffbc007c0115
0014ff6bfed3fed3
01be0186013d009d
0256024e024e022e
015d019e01f6023e
ffec0054009500fd
fcb1fe22ff23ff84
fc38fc58fc70fc70
fee3fe02fcb1fc40
006c0044ffa4ff53
009d005400740054
007c00a5007c008d
00b5005400740085
00ed00ed00cd00f5
0400040004000400
03f803f803f80400
035703c803f80400
017501ee026602df
020e01f6018e015d
fd11fd9afed30125
fd79fdeafe4afd69
ff4bfe0afd59fdea
00f50085ffd4ffbc
00ad00ad00d500ed
00dd00e500f500cd
001c009500d500ed
fe22fe5afeebff9c
ffe4fffcfff4fedb
ff6bff94ffb4ffcc
007c0034ffecffa4
00a500e5011d00dd
007c004c00440074
ffacffa4002c008d
ff3bfebbfec3ff23
017d0105008dffe4
023e023e022e01e6
0155018e01f6023e
ffd40034008500ed
fc38fd79ff0bff8c
fc40fc60fc78fc68
fef3fde2fd82fc81
003c005cffecff9c
00740085007c0074
007c009d008d005c
00b5005400440064
008d00d500b50085
0400040004000400
0400040004000400
03b803f804000400
01ce024e02af033f
012d015d013d0155
fd39fcd1fdf2ffec
fd61fdbafe72fe02
ff43fe1afd82fde2
00a5002cff9cff8c
00640074009500ad
009d009d0095007c
ff6bffe40064009d
fe8bfea3fed3ff3b
fec3ff2bff13fea3
fecbfe72fe62fe93
fffcffbcff7bff2b
ffdc002c0054002c
fe2afe42febbff4b
003cffbcff8cff03
fe93feabfef3ffb4
00f50074ffd4fefb
020601ee019e016d
013d019601de0206
ffbc0014007400e5
fc38fce1fee3ff84
fc60fc60fc48fc91
ffa4fe32fe22fd11
005c0064005cffcc
000c0054004c007c
0064004c008d0085
006c007c002c002c
009d008500bd00a5
0400040004000400
0400040004000400
03f8040004000400
035703a803c803e0
016d020e022e02af
fd82fc81fd71ff7b
fd49fd8afe83fe72
ff2bfe52fdc2fdb2
0024ffccff6bffac
0044004c0064006c
004c0054004c004c
ff4bff4bffbc002c
ff0bff1bff23ff33
fe93ff13ff0bfeeb
fed3feb3fe62fe3a
ff5bff3bfeebfebb
003cffacff8cff6b
fdfafeb3ffc40064
008d005cffc4fec3
fea3ff13ffb40054
006cffbcfeebfe83
01ae017d013d00ed
012d016d019e01b6
ffc40004006400dd
fc48fc89febbff7b
fcf9fc91fc40fcb1
ff8cfec3fe9bfde2
009d0054005cffdc
ffdc003c006c0064
005c007c0064006c
006c00740024001c
00b50095008d0085
0400040004000400
0400040004000400
03f803f804000400
03f803f803f003f8
02af03a003c003e0
fd82fc48fcd9ff63
fd29fd51fe93fecb
ff23fe7afe52fd8a
ffd4ff84ff4bffd4
000400040014fff4
0004001c00240004
ff53ff63ff7bffcc
ff7bff94ff94ff4b
ff33ff43ff2bff53
ff0bff2bff0bff03
ff0bfedbfea3fefb
01050044ff84ff23
ff94ff23ffc400a5
00bd007c00440004
ff23ffd4006400ad
ffbcff13fecbfed3
0165013d0105008d
00d5011d014d016d
ff9cffdc00340095
fc70fc70fe8bff5b
fda2fcf1fc40fcb9
ffb4ff43ff2bfeab
0095008d0054003c
000c00240064005c
0064006c00640064
00b5006c004c003c
00c5009d009d009d
0400040004000400
0400040004000400
0400040004000400
0400040004000400
034f040003f803f8
fdbafc50fc89ff33
fcd9fd11fe72ff03
ff23fe9bfe42fd49
ff7bff4bff5bffc4
ffb4ffc4ffb4ff84
ff94ffbcffc4ffbc
ff2bff33ff63ff8c
ffdcfff4ffc4ff73
ff4bff6bff84ff9c
fec3feebff1bff43
ff7bff33ff03fee3
0034006c0034ffdc
ffccff84ff94ffec
00ed00dd00850024
ffd4004c00ad00e5
ff7bff1bfedbff1b
011d00ed00a50034
008500c500ed011d
ff5bff8cffe4003c
fc89fc48fe0aff23
fe8bfd82fc89fca9
ffd4ff8cffa4ff53
00740095003c004c
00540044007400ad
0034004c007c0044
009d00b500640034
00b500b500bd0095
0400040004000400
0400040004000400
0400040004000400
040003f803f80400
028703f8040003f8
fe2afc91fc68fdfa
fcb1fcf1fe3aff3b
ff0bfeabfdeafd11
ff53ff23ff6bff94
ff84ff84ff7bff5b
ff4bff53ff63ff7b
ff23fec3fee3ff13
0004fff4ffbcff8c
ff9cffc4ffccffe4
ff33ff3bff5bff8c
ffecffb4ff8cff53
006c007c004c0024
0014ffcc0014003c
0135012d00ed007c
ffdc006400dd011d
ff9cfeebfef3ff94
00c5009d00640004
0034007400a500ad
ff23ff53ff9cffe4
fcb9fc58fd9afefb
ff23fe02fd49fcf1
fffcff8cffbcff8c
0064007c005c0034
0064006c003c0085
003c001c00540064
009500950054005c
00e500cd00b5009d
0400040004000400
0400040004000400
0400040004000400
040003f803f803f8
ff7302df03d80400
fe83fce1fc50fcb1
fca1fcb9fe0aff43
fefbfe9bfde2fd29
ff1bff1bff9cffc4
ff4bff4bff53ff43
febbfef3ff1bff43
ff23febbfe52fe4a
0004fffcfff4ff9c
ff84ffccffdcffdc
ff73ff53ff5bff6b
0034003c001cffbc
009d008d00440024
0004fffc0054007c
013d012500dd0074
ffc4008d011d014d
ff13fea3ff3bff73
007c006c0024ffd4
ffd40014004c005c
feebff33ff6bff8c
fd92fcc9fd71fec3
ff33fe72fdcafdba
ffa4ff9cffbcffa4
0074002c0034001c
002c002c0044006c
004c0024002c0064
00640064007c005c
00ed00ad009d00a5
0400040004000400
0400040004000400
04000400040003f8
03d803f803f803f8
fe1a005c01f60327
fe93fd11fc50fca1
fcc1fca9fddaff0b
ff9cfef3fdfafd31
ff1bff43ffd40024
ff1bff13ff33ff33
fe3afeb3ff03ff13
ff2bfedbfe72fe22
ffdcffe4ffdcff8c
ff7bff94ffbcffcc
ff7bff6bff53ff5b
001c000cfffcff9c
008d0034ffe4fff4
fffc001400540095
00d500c5007c001c
002400c5010500fd
fe5afe9bfeebff1b
002c000cffd4ff53
ff8cffc4ffe4000c
feb3fefbff33ff4b
fe22fd8afdd2fe93
ff0bfec3fe3afe3a
ffacff94ff84ffd4
005c000c002cfffc
002c0024004c001c
008d006c001c0024
006c004c005c006c
00b500b5008d0095
0400040004000400
0400040004000400
04000400040003f8
01ee033703d803f8
fedb002c0044008d
fe32fd21fcb9fd51
fd09fcd1fd82fe6a
008dffdcfeb3fd82
ff2bff63001c00cd
ff13ff23ff2bff1b
fe42fe8bfee3ff0b
ff13feb3fe8bfe7a
ffccffe4ffacff53
ffc4ffa4ffc4ffe4
ffdcffccff9cffac
ffccffdcffe4ffec
00950044000cfff4
00140044006400ad
0085005c0004fffc
005c00d500d5009d
fddafe83febbff8c
ffd4ffacff7bfeb3
ff33ff53ff84ffb4
feabfeb3fef3ff1b
fe42fe22fdf2fe8b
ff33ff2bfeabfe7a
ff73ffccff9cffe4
000cffd4ffdcffcc
0034ffd4ffecffe4
006c006c002c0034
007c003c0074008d
006c00bd008d006c
0400040004000400
0400040004000400
03e803f804000400
00dd017d026e036f
ff1bffe4002c0074
fd9afd49fd61fe1a
fe02fd71fd19fd8a
00fd00adfff4fefb
ff53ff8c005400fd
ff23ff2bff2bff3b
fe93febbfeebff0b
fee3fe6afe4afea3
002c0014ffccff4b
001c002c0034004c
000cfffcfff40004
0085005c00440024
0125011500f500dd
007c00c500f5010d
001cfff400040044
004c007c006c0054
fdb2fe8bfebbffb4
ff8cff73ff2bfe12
fefbff33ff6bff8c
feb3fea3feb3fed3
fe8bfe83fe4afe83
ff43ff43ff03fed3
ffa4ff9cffa4ffbc
fffc0024ffd40004
0044ffe4fffcfff4
007c005c00540034
005c0064008500a5
007c008d009d005c
0400040004000400
0400040004000400
029f032703a003f8
017d021e021e021e
ff0bff9cfff4008d
fd49fd61fdb2fe52
ff33fe52fd92fd49
00dd00cd008d0004
ff63ffc4007c00cd
ff2bff2bff33ff3b
fecbfed3ff13ff0b
fdfafe0afe5afedb
ff94ff23fecbfe32
0004ffe4ffd4ffd4
ffa4ffccffd40004
ffc4ffbcffb4ff94
00bd009d005c001c
00ad00dd00e500cd
000c003c004c007c
ffacfffc00140014
fdfafe6afeb3ff6b
ff84ff73fee3fdba
feebff23ff5bff73
fec3fec3fea3feab
fe9bfeabfe72fe8b
ff7bff73ff3bfefb
ffd4ffc4ff8cffb4
0014003cfffc0004
004c003c002c002c
004c0054004c000c
008d0085005c0085
00740074009d005c
0400040004000400
03d803f804000400
02a7021601c60317
011d026603170307
fe8bff2bff9c001c
fddafd8afd92fdf2
ffd4ff73fee3fe52
007c008500740024
ff6bfff40044007c
ff2bff2bff33ff3b
fed3fefbff2bff2b
fe52fe72fec3feeb
fd82fcf1fdbafe22
ff8cff9c001cff7b
ff4bff53ff63ff94
ffa4ff94ffbcff8c
ffe4ffd4ffecffac
ffbcffec00140004
ff33ff84ffa4ffac
fe4afec3ff13ff0b
fe22fe4afe4afe32
ff6bff5bfed3fdda
fed3ff0bff4bff4b
fec3fee3fedbfebb
fecbfefbfe7afea3
ff6bff23febbfefb
ffd4ffecffb4ff94
000c003cffecfff4
00240024ffecffec
00540034006c0024
0085007c003c0085
0064007c0074005c
0400040004000400
03d003f004000400
03d003a002d7032f
006c01be02ff03a8
fdd2fe6aff03ff94
fedbfe4afdc2fd9a
ff8cff8cff73ff33
001c001c000cffc4
ff9cfff400040024
ff2bff1bff3bff63
fef3ff1bff1bff2b
ff13fe9bfebbfef3
fd11fd41fea3fef3
014501650155ffd4
007c003400e50175
002c00140054009d
013d01150105006c
0145012d00cd0135
fe2affec00b500d5
fe7afebbfe62fdca
fe1afe2afe6afe62
ff5bff43fedbfe02
fedbfef3ff1bff43
feb3fee3ff03feeb
febbfee3fe8bfe93
ff4bff0bfe52fea3
ffd4ffccff94ff63
ffcc000cffd40004
001cfff4fff4ffdc
0054000c0044001c
003400440014005c
00a50064007c0054
0400040004000400
0400040004000400
03f803f803e803f8
ffac012502cf03c8
fd92fdaafe22febb
ff33ff3bfec3fdfa
ff03fee3fecbfeeb
ffb4ff9cff73ff33
ffacffacffb4ffc4
ff23ff23ff4bff73
fefbff13ff13ff23
ff3bfed3fedbfef3
fde2fed3ff43ff7b
024e02af019effe4
033f028703470347
033702ff03670390
0367030f03900377
031f02a7026e0398
fe6200bd024e0246
ff73ff7bff1bfdfa
fdfafe2afefbffbc
ff23ff1bfeabfdfa
ff03ff03ff03ff23
fe93fedbff1bff2b
fe93feb3fe72fe5a
ff53ff13fe3afe8b
ffa4ff94ff7bff5b
ffa4ffe4ffacffdc
001cffecffe4ffd4
003c0014003c0014
0024005c003c003c
007400540044001c
040003f804000400
03f8040004000400
040003f803f003f8
fea3004c029703e0
fe1afd79fd82fde2
fecbff7bffacff13
fe7afe32fe02fe2a
ff53ff23fedbfea3
ff84ff1bff4bff63
ff33ff43ff53ff7b
fef3ff0bff2bff3b
ff5bff03ff03fef3
fecbff8cffa4ffd4
02f702df010dfeab
03c0034703b80377
03f003e003f803f8
03e0039003e003f8
03b803a0032703d8
fef300b502b702f7
003cffecffd4fed3
fe02feabff63000c
fef3fedbfe93fdea
ff13ff03fefbfefb
fe8bfea3fefbff43
fe6afe83fe6afe52
ff23ff23fe6afe72
ff8cff73ff63ff63
ff8cffb4ff9cffac
000cfff4ffc4ffdc
000cffec003c0004
002c00340014000c
006c003400440014
04000400040003f8
0400040004000400
0400040003f803f8
fdb2fea301150377
ff33fe2afd79fd69
fe32feebff9cffcc
fdf2fdc2fd9afdb2
feebfea3fe42fe12
fef3fea3fec3fef3
ff23ff3bff53ff7b
fefbff13ff1bff33
ff8cff13ff13fefb
ffbc0044003cffc4
02160135ff4bff1b
034702c702cf021e
037f036f03a003b0
036702c7037703a0
03a003c80357037f
ff5bffac015d02ef
00340004fff4ffec
fe42ff03ff94000c
fef3fedbfeabfe1a
ff33ff1bff0bfefb
fe72fe62fecbff33
fe8bfe5afe52fe3a
ff03ff0bfeabfe6a
ff6bff8cff33ff4b
ff6bffa4ff9cffa4
fff4ffb4ff9cffd4
0014ffe4000cffdc
0014000cfffc000c
007c002c00640014
0400040003f00367
03f8040004000400
02df03b803d803c0
fd59fd8afe5a0095
ffdcff53fe5afda2
fdc2fe3afedbffa4
fd82fd71fd59fd71
fe7afe2afdd2fd9a
fe1afe1afe42fe72
ff1bff33ff5bfefb
ff03ff23ff23ff2b
ff7bff13ff03fee3
008500dd0054ffe4
0024ff94ff53ffdc
022601ee01fe00ed
029f028f027e0256
02cf029f02d702bf
02af03170377030f
ffe4ff8c0034013d
0034001cffec0024
fe6aff13ff7bfffc
ff1bff0bfed3fe6a
ff2bff3bff33ff0b
fe32fe2afe72fef3
fe62fe3afe1afe4a
fef3fefbfecbfe4a
ff63ff4bff13ff13
ff53ff8cff53ff7b
ffb4ff8cff9cffa4
000cffacffe4ffcc
000c0004ffd4fff4
004c001400340004
01ae01ce0196ff84
0125015d0175018e
fea3000c00950054
fe0afd49fd61fdb2
ffacfffcfffcff8c
fd69fdb2fe2afeeb
fd39fd41fd29fd31
fe02fdc2fd69fd41
fd61fda2fdbafdea
ff2bff2bff3bfdca
ff2bff23ff23ff23
ff6bff1bfedbfeeb
013d00bd0034ffec
ff5bff7b0024010d
01fe00fd00cdfff4
027e02a7023e01de
02c702e702af02bf
0044010502460276
fffcffd4ffacffd4
0044003cfffcfff4
feb3ff2bff63ffec
ff2bff23ff0bfec3
ff03ff23ff2bff1b
fe12fe02fe12fea3
fe32fe1afe12fe3a
feabfebbfea3fe22
ff1bff13fef3fecb
ff43ff5bff43ff33
ff8cff6bff94ff6b
ffdcffbcffdcff7b
ffdcfff4ffc4ffcc
0044ffecfffcffec
fe02fe1afe22fdd2
fdc2fdd2fddafdf2
fd51fd71fd92fda2
00adfdf2fd21fd39
fefbffc401250206
fd21fd51fdb2fe4a
fd09fd19fd11fd09
fd69fd49fd11fcf9
fca9fce9fd09fd49
ff33ff3bfe2afc91
ff3bff2bff23ff33
ff63fedbfee3ff43
00fd005c0034ffec
ffd40064015d0165
002cffc4ff94ffac
01ee01c60115003c
010d019e01a601fe
ffecffe400340074
000c0014004cfffc
00140044001cfffc
fefbff2bff94ffcc
ff23ff43ff23ff0b
feb3ff03ff1bff1b
fe02fdcafdb2fe02
fe02fdfafdeafe12
fe93fe6afe62fe2a
feebfed3fecbfe93
ff2bfefbfef3fefb
ff73ff5bff5bff23
ff9cffacffacff5b
ffccffc4ff8cff94
fff4ffccffe4ffe4
fd79fde2fdcafdda
fd61fd61fd69fd71
fd21fd39fd51fd59
029fffccfd41fd01
fe62ff0b00dd02df
fd09fd29fd71fde2
fcd9fcf9fd01fd01
fcc9fcc1fcb1fcb9
fc68fc89fc89fca1
ff33ff03fcf1fc50
ff4bff2bff23ff2b
ff43fee3ff3bff63
0085003c00440004
00e50145014d00cd
002c0044005400ad
00dd00cd0095003c
010d00c500a500bd
00b500a500a500fd
fff400140054007c
ffe4001c0024fff4
ff1bff33ffbcffe4
ff23ff3bff43ff5b
fe1afebbfefbff0b
fdaafd9afd8afd79
fde2fdcafdc2fdca
fe2afe2afdf2fdca
fe9bfe62fe7afe62
ff03fecbfecbfe9b
ff53fefbff23ff0b
ff8cff73ff53ff5b
ffa4ffacff84ffb4
ffa4ffa4ffbcff8c
fdaafe52fdbafde2
fd29fd31fd39fd41
fcf1fd09fd21fd21
02f7017dfe42fce1
fdf2fe6affac0226
fd19fd21fd51fd9a
fca9fcd1fcf1fd09
fc58fc58fc68fc89
fc99fca1fc81fc60
ff4bfe32fc99fc78
ff43ff23ff2bff33
ff63ff63ff9cff7b
006400540024ffe4
00a500a500f500cd
0085008d00a500bd
01ae01a6017d00e5
021601c601a6018e
011d019e01b60216
ffecfffc00240064
ffdcffdc000cfffc
ff63ff53ff8cffe4
ff0bff33ff53ff73
fd61fe3afebbfeeb
fd59fd41fd29fd31
fdd2fd8afd8afd82
fdeafdaafda2fda2
fe5afe4afe12fdfa
fea3fe7afe8bfe6a
ff23fef3fedbfedb
ff3bff43ff03ff23
ff9cff84ff53ff5b
ff84ff7bff7bff53
fe2afe2afdaafdea
fd09fd19fd21fd29
fcc1fcd9fcf1fcf9
02460236000cfd59
fdbafe12fec3007c
fd21fd29fd49fd79
fc81fcb1fcd9fd09
fc50fc38fc38fc58
fcc9fce9fcc9fc91
ff8cfdd2fcd1fca1
ff53ff33ff3bff5b
ffb4ffdcffc4ff73
006c003c0024fffc
004c00ad00bd0074
0095004c00340044
0186017d015500dd
023e021601be018e
00e501a602060246
0004000400240074
fffcffc4ffcc0004
ff9cffa4ff7bffd4
fee3ff13ff33ff5b
fd21fda2fe83fec3
fd39fd11fd01fd11
fda2fd59fd31fd29
fd92fd71fd59fd59
fdf2fdc2fdbafdaa
fe42fe32fe32fe1a
fea3feabfe8bfe52
fefbff0bfecbfebb
ff53ff43ff2bff23
ff63ff6bff63ff3b
fe62fdcafd9afd9a
ff33ff23fedbfe62
fdeafe5afecbff0b
00d502160175ff1b
fda2fde2fe3aff1b
fd09fd19fd31fd61
fc58fc89fcb1fce1
fc89fc40fc28fc30
fcd1fcf9fd01fcd1
fff4fed3fd71fcc1
ff53ff3bff4bff6b
0004000cffd4ff73
004c003c002c001c
007c006c004c005c
004c0004fffc002c
00f500e500d50085
019e0175012d00fd
00a5010d0175019e
0004fff4000c005c
ffecfff4ffc4fff4
ff84ffb4ffb4ffb4
fedbfef3ff1bff53
fd8afd9afddafe93
fd59fd59fd69fd79
fd82fd61fd41fd51
fd41fd29fd29fd41
fd8afd71fd61fd51
fddafdd2fddafdaa
fe52fe32fe0afdf2
fed3fe83fe5afe62
ff23fedbfedbfee3
ff8cff53ff2bff2b
fe22fda2fdaafdc2
0145015501550064
009500dd0105012d
001c015d017d00cd
fd71fdbafe1afed3
fce1fcf9fd19fd41
fc30fc58fc89fcb9
fcb9fc70fc40fc28
fcd1fcf9fd09fcf1
ffc4ffacfe1afce1
ff53ff53ff53ff73
002c0014ffdcff84
002c0034003c0034
ffec001400440054
003c0024fff4ffec
00cd00ad00950064
00fd010d00f500c5
004c00c5010500ed
00140004ffecffec
ffd40004fff4fff4
ff63ffacffccffc4
fea3fee3fefbff43
fdb2fd9afd09fdf2
fd92fd82fd8afd9a
fdaafdc2fdb2fdaa
fd61fd71fd79fdaa
fd39fd29fd31fd39
fd92fd71fd69fd49
fdd2fdcafdc2fdaa
fe52fe4afe22fdfa
febbfeabfe83fe7a
ff3bff3bfef3fed3
fd71fd8afdf2fe02
fe72fe8bfeabfe5a
fe32fe3afe3afe52
fedbfea3fe62fe42
fde2fe5afedbfeeb
fcd9fd09fd61fdaa
fc48fc50fc68fc99
fd11fcd1fc99fc70
fcf1fd21fd49fd41
ff9cff7bfdcafcf1
ff5bff43ff53ff4b
00540034ffecff94
001c004400540054
ffcc001400440034
ff8cff73ff5bff8c
00440054002cffec
007c007c0054004c
ffe4ffe4000c0064
000c0014001cfff4
ffccfff4fffc0004
ff4bff84ffbcffdc
fe22feb3feebff1b
fd41fd51fd19fd61
fd82fd61fd51fd49
fd92fdd2fda2fdb2
fda2fd49fd19fd41
fd59fd71fdaafdb2
fd41fd31fd29fd41
fd8afd79fd59fd51
fdfafddafdc2fd9a
fe5afe22fe12fe0a
fee3fecbfeabfea3
fd39fda2fe02fda2
fda2fdbafdb2fd69
fd49fd69fd82fd8a
fd69fd51fd41fd39
fd9afdbafdb2fd82
fdfafdfafdd2fdaa
fde2fd61fd49fd8a
fdd2fddafdf2fe22
fdbafd71fd79fda2
ff6bffa4fecbfe32
ff53ff33ff33ff2b
006c0024ffacff73
00340054006c0064
001c004400540044
ff4bff6bffa4ffdc
ff43ff23ff43ff4b
ff94ff63ff53ff53
003c001c0004ffd4
00340024002c002c
ffe4ffd40004001c
ff23ff63ff9cffd4
fddafe3afeb3fef3
fdaafdbafdb2fdca
fd51fd31fd31fd59
fd09fd51fd29fd59
fcf1fcf1fcd9fcd9
fd8afd59fd49fd19
fd59fd61fd61fd71
fd49fd51fd41fd59
fd92fd82fd71fd49
fdeafde2fddafdba
fe9bfe83fe42fe12
fd61fdeafdd2fdb2
fdaafdcafddafd69
fd41fd61fd79fd8a
fce1fcf9fd19fd29
fd19fcd9fcd1fcd9
fee3fef3fe52fda2
fe12fe42fe4afe6a
fcd9fcc9fd11fd9a
ffecffbcfec3fd8a
ff3300040024fffc
ff2bff1bff0bff03
0074fffcff8cff5b
0054006c008d0085
007400850085006c
0014000c000c003c
003c0024002c001c
008d007400540054
0064006c009d009d
00540044004c005c
ffccfff400140034
feebff2bff73ffb4
fe4afdeafe3afeab
fe1afe12fe12fe42
fdb2fdbafde2fe0a
fd69fd8afd9afdaa
fd51fd79fd9afd8a
fd19fd21fd39fd41
fd21fd11fd01fd01
fdb2fd92fd49fd29
fd49fd59fd82fda2
fda2fd92fd71fd59
fe0afdf2fdc2fda2
fd9afe2afddafe0a
fda2fdcafdf2fdca
fd01fd39fd51fd71
fcc9fcd1fce1fcd9
fd82fd19fce1fcc9
fdf2fe2afe4afe02
fca1fd01fd71fdc2
fdfafd19fcc1fc91
ff53ff7bff94ff13
ff03ffc40014ff7b
ff0bfeebfeebfee3
0054ffc4ff4bff2b
0074009d00950074
00b500bd0095007c
00a50095008d00a5
00dd00b500b500ad
0125012500e500fd
00a500c500ed0115
005c0064007c007c
ff73ffec002c0044
fe93fef3ff1bff5b
fe2afd9afd82fe1a
fe83feb3fed3fe72
fe3afe6afeb3fea3
fe3afe4afe42fe3a
fe22fe1afe02fe0a
fdb2fdaafdb2fdea
fcf9fd19fd29fd79
fd01fcd1fcc9fcd9
fdf2fe12fdd2fd61
fd69fd69fd9afdd2
fda2fd8afd71fd61
fe0afe42fddafe3a
fd51fd69fd82fde2
fcd9fcf1fd09fd31
fcd1fcd1fce1fcd9
fdb2fd61fd19fcf1
fd29fd8afddafdd2
fcf9fcb9fca9fcd1
fe72fdf2fd8afd41
ff03feb3fe9bfe9b
feebff8400adfff4
fecbfec3fed3fedb
0004ff7bff1bfeeb
008d00c5009d0074
00c500c5008d008d
00c500b500b500ad
00ed00cd00bd00c5
016d017501450125
009500e5010d014d
0064006c006c005c
ff43ffcc001c0054
fe0afe93fed3ff23
fe42fd71fd31fd79
fe9bfee3ff1bfebb
ff0bfedbfeb3fe9b
ff2bfed3fe9bfee3
febbfe9bfe8bfecb
fe0afe2afe4afe8b
fd79fdbafdfafde2
fce9fd31fd59fd51
fd59fd11fce1fcc9
fdf2fe22fe12fdba
fd71fd71fd92fdba
fe02fe22fd8afde2
fd01fd21fd21fd49
fcd9fce9fce9fcf1
fcf1fce9fce1fce1
fd82fd71fd49fd21
fcc9fce1fd41fd79
fd92fd69fd29fcf1
fe3afe22fdf2fdba
ff7bfeb3fe6afe4a
fedbff33006400a5
fea3fec3fedbfedb
ffbcff1bfee3feab
00ad00b500950054
00dd00c5009d008d
00cd00c500bd00c5
00e500dd00dd00d5
019e017d013d0125
009500c500ed0165
005400740064005c
ff1bff84fffc004c
fd8afdfafe52fed3
fde2fd31fd41fd71
ff53febbfeb3feb3
ff7bff3bff13ff5b
ff1bfefbfedbff3b
fedbff1bff2bff0b
fe8bfef3ff33fee3
fe02fe5afe9bfe72
fd8afd9afdc2fdea
fd09fd11fd49fd69
fd61fd29fd09fd11
fe0afe12fdeafd92
fd31fd41fd09fd61
fce9fd01fd19fd09
fce9fcf1fcf1fcf1
fd11fcf9fcf1fcf1
fd51fd71fd51fd29
fd71fd21fce9fd09
fde2fdd2fdb2fda2
fe22fe1afe0afdea
ffe4ff0bfe83fe42
fed3ff03ffcc0074
fecbfedbfedbfed3
ff3bfedbfebbfeb3
00ad007c0044ffec
00ad009d00850095
00c500c500cd00cd
00d500c500d500bd
01ae017d014d0125
00bd00ed01250186
0054007c00850095
fe9bfeebff9c0024
fd92fd9afdd2fe42
fd8afd31fd59fd79
ff5bfef3ff03fec3
ff03fef3fefbff63
ff3bff9cff94ff53
ff23ff8cffd4ff23
ff0bff33ff43ff33
fec3fe93feabfeeb
fe52fe3afe72feeb
fd71fd8afdd2fe32
fd19fd39fd41fd61
fd61fd21fce9fcf1
fd21fd21fd21fd29
fd09fd09fd01fd11
fd09fd01fd01fd01
fd41fd29fd11fd09
fd11fd51fd71fd59
fde2fddafda2fd39
fdf2fe02fdfafdf2
fe22fe0afe0afdfa
ffbcff3bfea3fe52
fecbfedbff43ffe4
fed3fed3fed3fecb
fecbfeabfeb3fecb
00740044ffe4ff53
00640064003c0064
00a500ad00ad0085
010500ed00e500b5
019e0186015d012d
00e5010d015d0196
003c006c00ad00d5
fe02fe5aff03ffd4
fd9afdaafda2fdc2
fd19fd29fd51fd82
fe22fe0afdfafd71
ff73ffacff5bfebb
ff4bffecffd4ff53
ff9cff84ff8cff33
ffb4ff3bff53ff94
ff1bff13ff2bffac
fe8bfea3fed3ff43
fe52fe8bfe72fe6a
fdd2fe02fdd2fe1a
fd31fd31fd49fd69
fd19fd39fd39fd31
fd21fd19fd09fcf9
fd31fd29fd29fd21
fd71fd69fd51fd41
fd82fd21fd51fd79
fe1afe2afe22fe02
fe12fe1afe1afe1a
fe32fe12fe12fe12
ff4bff2bfebbfe62
febbfebbfef3ff43
fedbfedbfedbfed3
fe9bfeabfebbfecb
0014ffbcff53fed3
001c0024002c0034
0085008d0034fff4
00f500e500dd00c5
018e015d012d0105
0105011d0165019e
ffdc002400ad0105
fd8afdd2fe32ff03
fd92fdc2fdd2fdb2
fcf1fd19fd39fd69
fda2fd69fd51fcf1
ff5bffb4fe93fdba
ffa4ff94ff6bff1b
fffcff5bffa4ffe4
ff9cff7bff630024
ff13ff6bff73ff9c
ff43ff84ff2bfefb
fedbff2bff0bfeeb
fe32fe42fe52fe83
fdaafdc2fe12fe2a
fcf9fd09fd29fd31
fd39fd31fd29fd19
fd61fd59fd51fd49
fd82fd92fd92fd79
fe3afdc2fd41fd51
fe5afe62fe62fe5a
fe32fe42fe42fe4a
fe3afe1afe12fe22
ff03ff0bfebbfe6a
feabfe9bfec3feeb
fef3fef3fee3fecb
febbfed3fee3fef3
ff7bff23fedbfebb
ffe4fff40004ffd4
00740024fff4ffcc
00b500b500cd00a5
017d013500bd00a5
00fd00fd011d0155
ff03ffa4003c00c5
fddafd92fd9afe1a
fd59fd8afdc2fdfa
fd29fd21fd29fd41
fd79fd69fd69fd41
ff33fe8bfdaafd82
ff94ff53ffccffbc
ffb4ff7bffc4003c
ff8cffccff9cffcc
ffd40014ffa4ff3b
ff73ffbcff7bff63
ff03ff0bff1bff0b
febbff13ff4bff53
fe02fe83feebfec3
fd19fd01fd01fd09
fd69fd61fd59fd39
fd8afd79fd71fd79
fd51fd8afd9afd92
fe8bfe62fdfafd59
fe8bfe93fe9bfea3
fe4afe62fe83fe83
fe3afe22fe12fe2a
ff03ff03febbfe6a
fe93fe8bfeb3fedb
ff0bff03fee3febb
fef3fefbff03ff0b
fed3fec3fee3feeb
ffb4ffc4ff94ff33
005cfffcffbcff8c
008d00a500ad0085
00ed00ad00950074
008500b500c500d5
fdfafed3ff730014
fe02fe02fdc2fd9a
fd39fd59fd71fdba
fd9afd69fd21fd31
fd79fd79fd82fd8a
fddafd8afd71fd79
ff73ff0bff6bfedb
ffbcffc4ffacffb4
00140034ff94ff5b
ffbcffdcffa4ff8c
ff33ff5bff6bff73
ff84ff94fffcffbc
fedbff3bffacffc4
ff0bff03fef3fed3
fd41fd31fcf9fcd1
fd8afd79fd69fd59
fd9afd92fd8afd92
fd69fd51fd8afd92
fecbfeabfe83fe1a
feb3fed3fedbfedb
fe6afe8bfeb3feb3
fe32fe1afe22fe42
ff0bff03fea3fe62
fe83fe83feabfed3
ff1bff03fed3feab
ff23ff23ff23ff1b
fec3ff0bff1bff23
ff84ff5bfef3feab
ffe4ff9cff73ff6b
0014003c002cfffc
0044fffcffe40004
ffe40044005c006c
fdb2fdd2fe83ff1b
fd9afddafe12fe02
fd51fd59fd61fd79
fd92fd8afd59fd41
fd79fd79fd82fd8a
fd69fd61fd69fd69
fe83fde2fdc2fd8a
0044000cff2bfedb
ffdcffe4ffb4ffbc
ff3bff63ff84ff94
ff9cffd4004cffd4
ff43ff53001c0004
ffd4ff7bff5bff4b
ff94ff3bff73ffcc
fd59fd49fd21fcf1
fd92fd82fd71fd69
fdaafda2fdaafda2
fe1afd61fd51fd8a
fefbfeebfebbfe93
fefbff0bff0bff0b
fea3fec3fee3feeb
fe2afe22fe3afe72
fef3fec3fe72fe4a
fe93fe93feabfed3
ff13fef3fed3feb3
ff43ff43ff3bff23
ff03ff23ff33ff43
fee3feabfe93fecb
ff13ff1bff3bff23
ff7bff9cff9cff5b
ffdcff84ff63ff6b
fee3ff7bffbcffec
fe02fdeafdeafe32
fd8afd9afdb2fdea
fd69fd69fd82fd92
fd92fd92fda2fd92
fd71fd71fd8afd9a
fd79fd71fd69fd71
fd9afd8afd82fd79
ffa4ff0bfe42fdba
ff3bff53ff63ff7b
ffa4ffe4004cffbc
ff63ff6b001cfff4
0024ffa4ff73ff73
002cffacffcc0024
ff7bff3bff3b000c
fd82fd69fd51fd31
fda2fd9afd8afd8a
fd8afda2fdaafdb2
fe9bfe1afd69fd59
ff1bff0bfeebfec3
ff33ff33ff33ff33
feebff13ff2bff33
fe3afe52fe7afebb
feabfe72fe52fe4a
fea3fe9bfebbfed3
ff0bfefbfee3fecb
ff43ff5bff4bff23
ff03ff1bff2bff33
fe6afe9bfed3fefb
fedbfecbfeabfe83
fedbfed3feebfefb
ff33fef3fef3fee3
fe2afe93fedbff23
fdc2fddafe0afe0a
fdaafda2fda2fdb2
fd8afd79fd71fdaa
fdaafdbafdb2fda2
fd79fd79fd82fd92
fd92fd8afd79fd79
fd82fd92fd8afd82
fe0afdb2fd92fd8a
ff53ff1bfeebfe7a
ff4bff84fff4ffb4
004cff7bff43ff63
004cffe4ffe4004c
ffb4ff43ff73003c
ffd4000cffd4ffdc
fda2fd9afd8afd71
fd9afd9afd92fda2
fd49fd8afd9afda2
fed3fea3fe12fd69
ff2bff1bff03fee3
ff4bff4bff4bff43
ff2bff5bff53ff4b
fe83fe9bfec3fef3
fe93fe7afe72fe7a
febbfea3fec3feb3
ff23ff13fef3fedb
ff2bff3bff4bff4b
fefbff13ff13ff1b
fe93febbfedbfeeb
fe32fe22fe22fe52
fe3afe1afe1afe3a
fe52fe42fe52fe5a
fe0afe0afe1afe42
fddafde2fdf2fdfa
fdcafdeafde2fdd2
fda2fd9afd82fd92
fd8afda2fdbafdba
fd82fd79fd79fd79
fda2fd92fd82fd82
fd69fd59fd71fd92
fdbafdbafda2fd8a
fdc2fdaafd9afdb2
ffd4ff3bfed3fe3a
0044ff94ffbc0004
ffccff63ff6b0034
ffd4fffcffecffcc
0064008dffccff7b
fdc2fddafddafdba
fd92fd9afda2fdb2
fd61fd41fd79fd9a
fef3fedbfe9bfe02
ff43ff3bff1bfefb
ff63ff63ff63ff53
ff63ff84ff7bff6b
fec3fee3ff0bff33
feb3feabfeabfeb3
fed3fed3fecbfebb
ff13feebfed3fecb
ff0bff0bff1bff23
feebff03ff0bff0b
fe83fea3febbfed3
fe02fe2afe42fe6a
fdbafdbafdc2fde2
fdfafe02fe02fde2
fe12fe12fe0afe22
fe1afe0afe12fe0a
fdb2fe02fe1afe12
fddafdd2fdcafdaa
fda2fdaafdaafdca
fd8afd9afd9afd9a
fd71fd82fd82fd82
fdbafdbafd79fd69
fd82fda2fdb2fdb2
fc89fcb1fce9fd39
ffb4fed3fd9afcb9
ff84ff43ff6bfff4
ffdcfff4ffbcffa4
00340074ffc4ff63
001c0034ffe4ffa4
fdc2fddafdfafdfa
fd92fd9afdb2fdc2
fdf2fd69fd51fd82
ff13fefbfeebfe8b
ff53ff4bff3bff2b
ff84ff84ff6bff63
ffacffa4ff84ff84
ff0bff1bff4bff7b
feebfefbfefbfefb
feebfee3fedbfee3
fef3ff03feebfeeb
fec3fec3fecbfed3
febbfec3fec3fec3
fe4afe72fe93feab
fdf2fdf2fe0afe2a
fe42fe22fdfafe0a
fe22fe32fe42fe3a
fe12fe1afe22fe22
fe52fe42fe22fe12
fdbafdd2fe22fe52
fdd2fddafde2fdd2
fda2fdb2fdb2fdc2
fda2fda2fd9afda2
fd61fd41fd61fd82
fdcafdcafdc2fdaa
fdc2fd92fd9afdba
fd49fd92fdbafdca
feb3fd69fc99fcc1
ffc4ffccff6bff53
00040044ff8cff63
fff4001cffccff94
ff5bff84ffa4ff84
fddafdcafde2fe02
fd79fd9afdbafde2
fe72fde2fd59fd41
ff33ff1bff03fee3
ff63ff5bff53ff4b
ff94ff8cff7bff6b
ffc4ffacff9cff9c
ff53ff73ff84ffac
ff23ff33ff43ff43
fef3fef3fef3ff0b
fee3fef3fefbff03
fec3fed3fedbfee3
fe72fe8bfe93feb3
fe32fe2afe42fe5a
fe32fe2afe3afe3a
fe1afe2afe3afe3a
fe1afe1afe1afe12
fe3afe22fe0afe12
fe9bfea3fe83fe5a
fde2fdcafe0afe6a
fdd2fddafddafdea
fda2fdaafdcafdea
fd92fd8afd92fdaa
fdbafd69fd31fd59
fda2fdd2fde2fdda
fdf2fdfafdcafd92
fd8afd71fd82fdca
fdcafcf1fd11fd71
ffecffd4fee3fed3
ffbcffd4ff73ff73
ff43ff5bff8cff7b
fff4004c007cffd4
fddafdcafdcafdfa
fd41fd71fda2fdba
fecbfe5afdcafd59
ff43ff3bff1bff0b
ff63ff6bff5bff53
ff9cff84ff7bff6b
ffbcffa4ffa4ffa4
ff7bffa4ffbcffc4
ff2bff53ff63ff73
ff23ff1bff13ff13
ff0bff0bff0bff13
feebff03ff0bff0b
fea3febbfec3fee3
fe72fe72fe83fea3
fe32fe42fe5afe62
fe02fe0afe22fe2a
fe2afe12fe0afe0a
fec3fe9bfe6afe42
feb3fefbff03fee3
fe0afe0afe12fe42
fddafdcafde2fdfa
fdbafdbafdcafde2
fd69fd9afd9afd92
fe02fde2fd9afd49
fd8afdaafdcafdd2
fcc9fd21fd69fda2
fc89fc89fc99fcb1
fcd9fcb9fcc9fca1
ff6bff2bfe9bfd8a
fefbff1bff13ff3b
ff9c00040024ff84
ff53ffec0044ffd4
fdbafdcafdc2fdd2
fd59fd49fd8afda2
ff03feb3fe3afdb2
ff5bff53ff43ff33
ff5bff63ff5bff53
ff94ff84ff73ff63
ff9cff9cffa4ffa4
ff94ffacffbcffa4
ff3bff4bff5bff84
ff23ff2bff3bff33
ff2bff23ff23ff23
ff13ff1bff23ff33
fef3ff03ff1bff23
feb3fec3fecbfee3
fe7afe83fe93feab
fe7afe72fe6afe7a
fedbfeb3fe9bfe83
ff4bff33ff23ff03
fe62fefbff3bff43
fe2afe32fe0afdf2
fdd2fdcafdfafe12
fdcafddafdf2fde2
fd51fd71fda2fdaa
fdeafdeafde2fd9a
fcd9fd09fd59fdb2
fc70fc70fc78fca1
fc89fc81fc81fc81
fcb1fcb9fca9fc91
fe2afd82fcf9fcb9
ff4bffacffacfe9b
ff13ff8cffe4ff7b
ffd4ffa4ff53ff13
fda2fddafdfafdda
fda2fd61fd49fd79
ff1bfee3fe8bfe12
ff6bff6bff6bff4b
ff6bff6bff5bff63
ff8cff8cff84ff7b
ff84ff9cff94ff94
ff73ff7bff7bff73
ff43ff4bff5bff6b
ff33ff2bff2bff33
ff4bff3bff43ff43
ff43ff3bff4bff4b
ff1bff23ff33ff3b
ff23ff1bff1bff23
ff0bff13ff13ff13
ff53ff3bff2bff1b
ff73ff5bff5bff53
ff8cff9cff9cff84
fe1afe8bff1bff63
fe1afe12fe0afe0a
fde2fde2fde2fdfa
fdcafdc2fddafdd2
fdcafd82fd8afdb2
fdbafe0afe0afdda
fc58fc68fc89fd29
fc60fc60fc60fc60
fc81fc70fc70fc68
fd01fcd9fca9fc89
fda2fd71fd49fd41
feabfedbfebbfdea
ff5bff4bff43fedb
ff7bff3bff8cffbc
fd8afdd2fe1afe2a
fdfafd9afd51fd49
ff3bff03fec3fe6a
ff73ff7bff84ff73
ff73ff7bff7bff73
ff8cff84ff84ff7b
ff73ff94ff8cff8c
ff3bff4bff53ff5b
ff53ff5bff5bff4b
ff43ff43ff3bff43
ff6bff5bff53ff4b
ff73ff73ff63ff6b
ff73ff6bff6bff6b
ff73ff7bff84ff7b
ff94ff8cff94ff84
ffbcffb4ffb4ffac
ffbcffbcffc4ffc4
ff73ffb4ffccffbc
fe12fe1afe9bff2b
fe02fe1afe1afe12
fdfafdfafdeafdf2
fda2fdaafdc2fdca
fe22fe02fda2fd8a
fcf9fdbafdf2fde2
fc48fc48fc50fc70
fc58fc58fc50fc48
fcd1fc91fc70fc60
fe22fddafd71fd21
fe22fe22fe1afe2a
fe52fe4afe42fe3a
fed3fe9bfe8bfe72
ff5bff5bff84ff33
fd59fdb2fde2fe0a
fe42fde2fdaafd69
ff53ff23fee3fea3
ff7bff8cff8cff6b
ff73ff7bff73ff7b
ff84ff73ff7bff7b
ff4bff6bff7bff84
ff3bff33ff3bff3b
ff33ff33ff43ff43
ff4bff53ff43ff33
ffa4ff8cff73ff6b
ffbcffc4ffb4ffac
ffd4ffc4ffbcffbc
ffbcffccffccffd4
ffccffccffd4ffbc
0004fffcfffcffe4
fff4fffc00040014
ff33ff94ffc4ffe4
fe12fe02fe1afe9b
fe0afe02fe0afe1a
fdfafe0afe12fe12
fd8afd92fdcafdca
fe3afe12fdfafda2
fc50fcb9fd82fe02
fc48fc50fc48fc50
fc68fc50fc48fc48
fe02fdb2fd29fcb1
fe93fe6afe4afe2a
fe72fe83fe7afe8b
fe6afe7afe83fe7a
fe62fe7afe7afe6a
feb3feabfe8bfe62
fd61fd69fdb2fdea
fe72fe2afde2fdaa
ff63ff43ff0bfec3
ff7bff94ff84ff7b
ff73ff73ff7bff73
ff6bff73ff73ff73
ff23ff3bff53ff5b
ff33ff33ff33ff1b
ff33ff23ff2bff33
ff4bff3bff33ff33
ff8cff6bff5bff53
ffacffbcffacff9c
ffbcffc4ffbcffac
ffd4ffc4ffbcffb4
000cfff4ffecffe4
001400240024001c
ffe400040014001c
feb3ff2bff73ffac
fe12fe1afe22fe32
fe0afe02fdf2fe0a
fddafe32fe22fe1a
fd82fd61fdb2fde2
fe02fe12fdfafde2
fc40fc48fc81fd49
fc40fc40fc40fc48
fd69fcc1fc78fc50
fea3fea3fe72fe02
fedbfecbfebbfeab
fecbfed3fed3fedb
feabfeb3fecbfebb
fe7afeabfeabfea3
fe7afe6afe6afe6a
fd8afd61fd79fdca
fe9bfe52fe0afdca
ff4bff33ff13fedb
ff73ff73ff63ff5b
ff63ff73ff84ff7b
ff53ff5bff5bff5b
ff13ff23ff33ff3b
ff13ff23ff23ff1b
ff23ff1bff13ff0b
ff33ff2bff23ff1b
ff63ff4bff3bff2b
ff8cff8cff6bff63
ffb4ffb4ffacff94
ffe4ffd4ffdcffc4
00240004ffecffdc
fff4000c00140024
ffacffd4fffc0004
fe42feb3ff1bff73
fdfafe22fe22fe2a
fe1afdfafe02fdf2
fde2fe0afe0afe1a
fdfafd82fd79fdd2
fd39fe12fe12fe1a
fc38fc48fc50fc68
fc60fc40fc30fc38
fed3fe5afd71fcb9
ff1bff13ff13fefb
ff13ff1bff0bff1b
ff13ff1bff1bff13
ff0bff13ff03ff03
febbfedbfedbfeeb
fe8bfe83fe93feb3
fdbafd92fd69fda2
feabfe6afe2afde2
ff3bff2bff0bfee3
ff73ff6bff63ff4b
ff73ff73ff84ff8c
ff43ff53ff53ff63
ff13ff13ff23ff3b
ff1bff1bff1bff23
ff13ff0bff13ff0b
ff23ff0bff03ff0b
ff63ff53ff43ff2b
ff7bff7bff6bff5b
ffb4ffb4ffacff94
ffe4ffd4ffc4ffb4
00140014000cffec
ffccfff4000c0014
ff73ff9cffbcffbc
fe22fe3afeb3ff33
fdfafe2afe0afe1a
fe02fdf2fe0afe02
fdd2fdf2fdeafdfa
fe32fde2fd71fda2
fc60fd31fe12fe4a
fc38fc48fc40fc40
fd59fc99fc58fc40
ff63ff53ff0bfe5a
ff73ff73ff73ff73
ff73ff73ff73ff7b
ff5bff63ff6bff6b
ff43ff43ff43ff53
fef3ff1bff2bff3b
fec3fec3fedbfee3
fdc2fda2fd79fd61
feb3fe72fe3afdf2
ff33ff1bff03fee3
ff7bff63ff5bff4b
ff73ff7bff7bff7b
ff33ff4bff53ff63
ff13ff23ff23ff23
ff1bff1bff13ff0b
ff0bff03ff0bff1b
ff33ff1bff13ff03
ff63ff53ff4bff53
ff8cff84ff6bff63
ffacffb4ffacff9c
ffd4ffe4ffdcffc4
ffdcffecffecffe4
ff94ffacffc4ffe4
ff43ff7bff9cff94
fe32fe52fe42febb
fe02fe1afdf2fe0a
fe0afe1afe12fe02
fdbafdf2fe02fe12
fdf2fdfafdcafd8a
fc40fc60fd49fe02
fc68fc48fc48fc40
ff4bfe42fd29fc91
ffa4ffacff9cff94
ffbcffacffa4ff9c
ffbcffc4ffbcffcc
ffacffb4ffb4ffac
ff84ff9cff9cffa4
ff33ff5bff73ff73
fee3fefbff2bff43
fdc2fda2fd82fd59
feabfe7afe42fe02
ff2bff23ff03fedb
ff63ff5bff4bff43
ff33ff53ff5bff53
ff13ff2bff33ff33
ff23ff33ff33ff1b
ff23ff1bff1bff13
ff1bff1bff13ff23
ff4bff3bff33ff23
ff53ff43ff43ff53
ff9cff8cff7bff63
ffbcffbcffb4ff9c
ffbcffbcffccffcc
ffa4ffb4ffb4ffcc
ff7bff7bff84ffa4
feabff3bff84ff84
fe3afe42fe2afe3a
fe1afe32fe0afe0a
fe0afe12fe0afe02
fdbafdc2fddafdfa
fdfafe0afe02fdc2
fc50fc48fc81fd59
fce9fc78fc70fc68
ffe4ffccff3bfdfa
ffe4ffe4ffecffec
fffcffecffe4ffdc
fffc0004fff4fffc
000c000c00040004
ffacffdcffe4fff4
ff94ff94ff9cffa4
ff1bff4bff94ff94
fddafdaafd82fd61
fe8bfe7afe42fe0a
ff0bff03fee3febb
ff4bff4bff3bff2b
ff13ff33ff43ff4b
ff1bff0bff0bff0b
ff33ff33ff33ff2b
ff23ff1bff13ff1b
ff3bff3bff23ff23
ff4bff33ff2bff33
ff5bff33ff3bff4b
ff8cff7bff84ff73
ffb4ff9cff94ff9c
ffacffacffbcffbc
ff94ff9cff9cffac
ff6bff6bff7bff94
fe1afea3ff2bff63
fe12fe2afe1afe12
fdeafdf2fdfafe0a
fde2fdfafe02fe02
fdcafdb2fdd2fdea
fdb2fe02fe02fdfa
fc70fc60fc50fc91
fec3fd51fcb1fc91
00140004000cffd4
000c001c000c001c
001c002c001c0014
001c0024000c000c
00440044002c0024
fffc000c0024002c
ffccffdcffecfff4
ff73ff9cffbcffc4
fdfafdf2fdfafdfa
fe02fe02fdfafdf2
fe12fe12fe0afe02
fe22fe22fe12fe12
fe22fe22fe22fe22
fe1afe1afe1afe22
fe0afe0afe0afe12
fe12fe1afe1afe1a
fe1afe1afe1afe1a
fe02fe02fe1afe1a
fe22fe1afe1afe1a
fe22fe1afe1afe22
fe2afe22fe22fe22
fe1afe22fe22fe2a
fe2afe2afe22fe22
fe3afe3afe32fe32
fe52fe4afe42fe32
fe8bfe7afe6afe5a
fe93fe8bfe7afe7a
fe83fe93fe93fe8b
fe62fe6afe62fe6a
fe2afe42fe52fe5a
fe02fe1afe1afe1a
fdeafde2fdeafdf2
fdc2fdc2fdcafdda
fdc2fdbafdbafdc2
fdbafdbafdbafdba
fddafdcafdcafdc2
fdeafdeafddafdd2
fdc2fdcafdd2fde2
fddafddafddafdda
fe0afdfafdeafde2
fdcafdc2fdc2fdc2
fde2fddafdd2fdca
fe02fdfafdf2fdea
fe0afe0afe0afe0a
fe12fe12fe12fe12
fe12fe12fe12fe1a
fe12fe12fe12fe12
fe1afe1afe1afe12
fe1afe1afe1afe1a
fe0afe0afe0afe1a
fe22fe1afe1afe1a
fe2afe22fe22fe22
fe3afe32fe2afe2a
fe4afe4afe4afe42
fe42fe42fe4afe4a
fe3afe3afe3afe3a
fe4afe4afe3afe2a
fe6afe5afe42fe4a
fe93fea3fe83fe7a
fe93fea3feb3fea3
fe0afe32fe6afe83
fdfafdfafdfafe02
fdeafdeafdeafdea
fdcafdcafdd2fdda
fdcafdd2fdd2fdca
fdf2fdeafddafdda
fe02fe0afe02fdfa
fe22fe1afe12fe0a
fe32fe32fe22fe1a
fe1afe2afe32fe32
fe0afe12fe12fe1a
fe42fe22fe12fe0a
fd92fd92fd92fd8a
fdbafdb2fda2fd9a
fde2fddafdd2fdc2
fdf2fdf2fdeafdea
fe02fe02fe02fdfa
fe02fe02fe02fe02
fe12fe12fe12fe12
fe12fe12fe12fe0a
fe02fe12fe12fe12
fe0afe0afe0afe02
fe22fe22fe22fe22
fe2afe2afe22fe1a
fe42fe3afe2afe2a
fe6afe72fe62fe5a
fe62fe62fe7afe6a
fe4afe4afe52fe62
fe62fe62fe4afe42
fe72fe52fe52fe52
fe93fea3fe93fe83
feb3febbfeb3feab
fdfafe52feabfec3
fddafdcafdbafdc2
fddafdd2fdd2fdd2
fe0afe02fdeafde2
fe12fe12fe0afe02
fe22fe22fe1afe12
fe2afe2afe22fe1a
fe3afe32fe32fe32
fe72fe5afe42fe3a
fe62fe83fea3fe93
fe52fe62fe6afe6a
fe9bfe7afe62fe5a
fd69fd69fd61fd61
fd92fd82fd71fd69
fdc2fdbafdaafd9a
fdd2fdd2fdcafdca
fdeafdf2fdeafdda
fdfafdf2fdeafdea
fdfafe02fdf2fdfa
fe02fe02fe02fe02
fdfafe02fe02fe02
fe02fe02fe02fe02
fe1afe1afe1afe12
fe32fe2afe22fe12
fe42fe3afe32fe32
fe6afe6afe5afe52
fe6afe6afe6afe6a
fe62fe62fe6afe6a
fe83fe7afe72fe62
fe83fe7afe8bfe83
fe83fe83fe83fe8b
fea3fe9bfe83fe8b
fe7afeb3fec3febb
fdfafdeafdeafe22
fe02fdf2fdfafdfa
fe52fe52fe3afe1a
fe1afe1afe22fe32
fe7afeabfe72fe22
fe72fe4afe3afe42
fe83fe6afe72fe8b
ff0bfefbfedbfeab
feabff13ff3bff23
febbfebbfeb3fea3
fedbfed3fecbfec3
fd51fd51fd51fd51
fd69fd61fd59fd51
fd92fd8afd82fd71
fdaafdaafda2fda2
fdc2fdc2fdbafdaa
fddafddafdd2fdc2
fde2fddafdd2fdd2
fdeafde2fdeafde2
fe02fdfafdfafdfa
fdfafe02fdfafdfa
fe1afe12fe0afe02
fe32fe2afe22fe1a
fe3afe3afe42fe3a
fe5afe5afe4afe42
fe8bfe7afe6afe5a
fe8bfe8bfe93fe8b
fe9bfe93fe8bfe9b
fdf2fe3afe83fe9b
fdf2fe1afdd2fdea
fde2fdaafdc2fdea
febbfe9bfe2afe22
fe52fe52fe5afea3
fe5afe4afe5afe52
fe52fe72fe83fe83
fe72fe72fe5afe4a
00640074ffd4fecb
0014fffc001c0034
ff94ff73ff73ffe4
ff94ffc4ffd4ffbc
ff13ff53ff73ff7b
ff03fefbfef3feeb
fef3fefbfefbfefb
fd41fd51fd51fd51
fd51fd49fd49fd49
fd79fd71fd69fd59
fd82fd82fd79fd79
fd9afd9afd92fd82
fdb2fdaafdaafd9a
fdcafdcafdc2fdb2
fddafdd2fddafdd2
fdf2fdeafdeafdea
fdfafe02fdfafdf2
fe12fe0afe0afe02
fe2afe2afe22fe1a
fe3afe3afe42fe42
fe62fe62fe52fe42
fe9bfe8bfe7afe5a
fea3fea3fea3fe9b
fe0afe8bfe8bfe93
fca9fcb9fd21fdba
fce1fcd9fcb9fce1
fd19fcf1fcf9fcd9
fdf2fd61fcf1fcf9
fec3feb3febbfeb3
fed3feabfeabfebb
fedbfedbfee3fef3
fff4ff9cff53ff0b
01f601b6011d0054
016d01d602260226
00040014003c00dd
ff73ffa4ffc4ffdc
ff1bff23ff33ff4b
ff0bff13ff13ff13
fef3fef3fefbff0b
fd39fd49fd51fd51
fd49fd41fd41fd39
fd61fd61fd51fd49
fd71fd71fd69fd61
fd79fd71fd69fd69
fd8afd82fd79fd79
fda2fda2fd9afd92
fdcafdc2fdbafdb2
fddafddafdd2fdd2
fdf2fdf2fdeafde2
fe12fe0afe02fdfa
fe1afe22fe1afe12
fe52fe4afe3afe32
fe7afe83fe52fe52
fe72fe62fe12fe3a
fe22fe72fe72fe62
fcb1fd01fd39fdb2
fcb9fca1fc99fc91
fd11fce9fcd9fcd1
fdaafd92fd61fd39
fd59fd79fd71fd8a
fed3fe32fde2fda2
ff13ff13ff2bfef3
ff8cff73ff53ff43
004c0024fff4ffb4
00d500ad008d0074
008500bd00fd0105
ff7bffacfff4004c
ff23ff33ff43ff53
ff1bff13ff13ff1b
ff13ff1bff23ff23
fefbfefbfefbff03
fd31fd39fd39fd39
fd41fd39fd31fd31
fd49fd49fd41fd39
fd61fd61fd59fd49
fd61fd59fd51fd51
fd61fd61fd59fd59
fd8afd79fd71fd71
fdaafda2fd92fd8a
fdc2fdbafdaafda2
fdeafddafdd2fdca
fe0afe02fdfafdf2
fe12fe02fe02fe02
fe3afe2afe32fe2a
fd8afdc2fddafdfa
fd51fd41fd01fd59
fd61fe42fd82fd49
fcb9fc99fc70fca1
fd11fd31fd11fce1
fd71fd71fd49fd29
fda2fdbafdbafd79
fd79fdaafda2fdaa
fdbafd9afd69fd82
ff13fed3fe52fdba
ff53ff43ff23ff0b
ffb4ffacff94ff73
ff84ff94ffb4ffbc
ff73ff63ff7bff84
ff2bff43ff5bff7b
ff1bff1bff23ff23
ff33ff2bff1bff23
ff4bff53ff53ff43
ff1bff2bff33ff3b
fd31fd31fd29fd29
fd39fd39fd29fd29
fd39fd41fd41fd39
fd49fd49fd49fd41
fd49fd49fd41fd41
fd51fd51fd51fd51
fd71fd69fd61fd59
fd8afd82fd79fd71
fda2fd92fd8afd82
fddafdcafdb2fdaa
fdf2fdf2fddafdd2
fdeafdf2fdf2fdfa
fd79fdb2fdeafdfa
fce1fce1fcf1fd21
fc91fca1fcc9fcd1
fc99fd9afd29fcb1
fcf9fcd9fcc1fca1
fd39fd59fd39fd11
fd59fd79fd61fd51
fd9afd82fd8afd69
fdc2fdcafdaafd92
fd61fda2fdb2fdc2
fde2fd61fd8afd69
fefbfefbff0bfea3
ff3bff2bff1bff13
ff63ff53ff4bff4b
ff6bff6bff63ff63
ff3bff43ff53ff6b
ff3bff33ff3bff43
ff3bff33ff33ff33
ff63ff63ff5bff43
ff4bff5bff63ff63
fd31fd31fd19fd11
fd39fd31fd29fd29
fd31fd31fd31fd39
fd39fd39fd39fd31
fd39fd31fd31fd39
fd41fd41fd41fd41
fd59fd51fd49fd41
fd71fd69fd61fd59
fd82fd79fd79fd71
fdaafd9afd92fd92
fdd2fddafdbafdaa
fdd2fde2fde2fdd2
fcd9fce9fd21fda2
fcd1fce1fce9fcd9
fca1fcb1fcb1fcb1
fc99fc99fc91fc89
fd09fd01fcf9fce1
fd29fd31fd39fd11
fd31fd39fd29fd11
fd8afd79fd61fd61
fdcafdaafda2fdaa
fd8afdcafdb2fdc2
fda2fe22fe52fd82
ff0bff1bfe7afd59
fed3fef3fefbfee3
fef3feebfedbfecb
ff23ff13ff03fef3
ff33ff33ff33ff2b
ff23ff1bff23ff2b
ff33ff2bff2bff2b
ff33ff33ff2bff2b
ff53ff43ff3bff3b
fd21fd21fd19fd09
fd29fd29fd19fd19
fd29fd29fd29fd29
fd29fd29fd29fd29
fd31fd29fd29fd29
fd39fd39fd39fd31
fd49fd41fd39fd39
fd61fd59fd51fd49
fd79fd71fd69fd61
fd8afd82fd82fd82
fdbafdbafda2fd92
fd49fd82fdaafdba
fce9fce1fce1fd09
fd01fcf9fcf1fcf1
fcc9fce1fcf9fce9
fcd9fcb1fca9fcc1
fd11fd01fce9fce9
fd21fd21fd19fd21
fd51fd39fd31fd19
fda2fdc2fd71fd71
fdcafdaafdb2fd8a
fe0afde2fde2fdea
fe6afe42fe12fe0a
fecbfdeafd82fdca
fe93feabfebbfebb
fe8bfe93fe8bfe7a
fe72fe72fe72fe7a
feabfea3fe93fe83
fe93fe8bfe8bfea3
feebfed3febbfea3
fef3feebfeebfeeb
fef3feebfeebfee3
fcf1fd11fd21fd01
fd21fd09fce9fce1
fd21fd21fd21fd21
fd19fd19fd19fd21
fd29fd21fd21fd21
fd31fd29fd29fd29
fd41fd39fd31fd31
fd51fd49fd41fd39
fd69fd61fd59fd51
fd79fd79fd79fd71
fd8afdbafdc2fd92
fd01fcf1fd09fd39
fd11fce1fcf1fd01
fd11fd01fd11fd19
fcf9fd21fd21fd11
fcd9fcf1fcf9fce9
fd01fd01fce1fcd1
fcf9fce9fcf1fd09
fd79fd39fd29fcf9
fddafdaafd59fd69
fdeafdcafdc2fdaa
fdeafe12fdfafdf2
fde2fdd2fddafde2
fd49fd51fe12fe3a
fe4afe5afe72fdfa
fe2afe2afe32fe42
fdfafe02fe12fe1a
fe02fe02fdfafdf2
fddafddafde2fdf2
fe32fe12fdf2fde2
fe52fe4afe42fe3a
fe4afe52fe5afe5a
fcf1fcf9fd21fd21
fd01fce9fcd1fce9
fd11fd11fd19fd11
fd09fd11fd11fd11
fd19fd19fd11fd19
fd21fd19fd21fd21
fd39fd31fd29fd29
fd41fd41fd39fd31
fd61fd59fd49fd41
fd79fd79fd71fd71
fd01fd61fda2fd8a
fce1fcd9fcc9fcd1
fcf9fcf1fce9fce9
fd21fd11fd11fd01
fd29fd39fd11fd09
fce9fd19fd09fd01
fcd9fce1fce1fcd9
fce1fcd9fcd9fcd9
fd69fd29fd09fcf1
fdeafdaafd69fd8a
fdf2fe12fdf2fe02
fddafddafdf2fdea
fde2fdc2fde2fde2
fd82fe22fe2afde2
fe02fe12fd9afd21
fdd2fddafdeafdea
fdcafddafde2fdda
fdc2fdcafdcafdca
fda2fdaafdaafdb2
fdaafda2fda2fda2
fdc2fdbafdb2fda2
fdcafdcafdcafdca
fd31fce9fd11fd39
fd01fcf9fd01fd41
fd09fd09fcf9fcf1
fd09fd01fd01fcf9
fd11fd09fd09fd09
fd19fd19fd19fd11
fd31fd21fd21fd19
fd41fd39fd31fd29
fd49fd41fd39fd39
fd8afd8afd79fd61
fcd9fcf9fd31fd71
fcf9fcf9fcf9fd19
fd39fd31fd19fd09
fd61fd41fd39fd31
fd39fd19fd51fd92
fd01fd11fd09fd11
fce1fcd1fcc9fce1
fcc9fcb9fcc9fcd1
fd11fcf9fcd9fcd9
fd92fd41fd29fd11
fdbafe0afe02fdf2
fde2fe12fdcafdf2
fdeafe0afdf2fdf2
fdfafdd2fda2fdba
fde2fd82fd09fdba
fdbafdc2fdcafdca
fdb2fdb2fdbafdba
fdaafdb2fdb2fdaa
fd9afd9afda2fda2
fd92fd92fd92fd9a
fd92fd92fd8afd8a
fd9afd9afd9afd9a
fd69fcf9fcc9fd19
fd01fd09fd19fd59
fcf9fcf1fce9fce9
fcf9fcf1fcf1fcf9
fd09fd01fd01fd01
fd11fd09fd09fd09
fd29fd19fd19fd11
fd41fd39fd31fd29
fd49fd41fd41fd41
fd49fd92fd8afd61
fd11fcf1fce1fd01
fd19fd29fd11fd29
fd49fd61fd41fd39
fd8afd71fd51fd41
fce9fcf1fd11fd59
fd39fd11fd21fd29
fcf1fcf1fd01fd19
fcb1fcb9fcc1fcc1
fce1fcd1fcc9fcd1
fd82fd39fd11fce1
fe12fe4afe3afdda
fde2fdfafe12fe12
fdeafddafdfafe02
fda2fd71fd8afdca
fd82fd19fdbafde2
fdbafdc2fdcafde2
fda2fda2fd9afdaa
fdaafda2fda2fda2
fda2fd9afd9afd9a
fd92fd9afd9afd9a
fd92fd92fd8afd8a
fd9afd92fd9afd9a
fd92fd71fd09fd29
fcf9fd29fd31fd49
fcf1fce9fce9fce9
fcf1fce9fcf1fcf1
fcf9fcf9fcf1fcf1
fd09fd01fd01fd01
fd29fd19fd19fd11
fd31fd31fd29fd29
fd51fd49fd41fd39
fcf9fd51fd8afd79
fd21fd11fcd9fce1
fd29fd39fd29fd19
fd21fd29fd29fd29
fdb2fd8afd8afd51
fcc1fd11fd29fd51
fd21fd31fd41fcf1
fcd9fcf9fd09fd19
fc91fc99fcb9fcc9
fcf9fce1fcb1fc91
fd01fce1fce1fce9
fe1afe1afd9afd19
fe52fe72fe52fe52
fe02fdfafe2afe2a
fd79fd92fdc2fdfa
fd39fd9afdaafd82
fdaafdbafdd2fda2
fd9afd9afd92fd9a
fda2fd9afd92fd9a
fd9afd9afd92fd92
fd92fd92fd9afd9a
fd8afd92fd8afd8a
fd92fd92fd8afd92
fd61fdaafd92fd61
fce9fd39fd69fd49
fcf1fcf1fce9fce1
fcf1fce9fcf9fcf1
fd01fcf9fcf1fcf1
fd01fd01fd01fd09
fd21fd11fd11fd09
fd29fd29fd29fd21
fd71fd59fd41fd39
fce1fcf9fd41fd8a
fd11fcf9fd01fcf9
fd29fd39fd31fd19
fd79fd8afdaafd49
fdd2fdfafdcafd92
fcd1fcb1fd11fd79
fd49fd39fd51fd21
fd39fd31fd19fd29
fca9fcc9fcf1fd11
fce1fcd1fcb9fca9
fcd1fce9fcf1fcf1
fdbafd61fcf9fcd1
fec3fe5afdfafdd2
fe8bfe8bfe93fedb
fd9afdcafdeafe22
fd9afd9afd49fd82
fdaafdbafda2fd31
fd9afda2fd9afda2
fda2fda2fd9afd9a
fd9afd9afd9afd9a
fd92fd92fd92fd92
fd92fd9afd92fd92
fd92fd8afd92fd92
fd19fd49fd59fd19
fcd9fd19fd59fd39
fce9fce9fce9fce1
fcf9fcf9fcf1fce9
fcf9fcf1fce9fce9
fcf9fcf9fd01fd01
fd19fd11fd09fd01
fd29fd21fd21fd19
fd71fd59fd41fd39
fcf1fce1fce9fd39
fcf9fce9fd09fd11
fd51fd39fd29fd19
fddafdb2fdbafd92
fd9afe02fe0afdca
fd01fcc1fcc1fd01
fd41fce9fcf9fd19
fd8afd82fd49fd39
fd21fd49fd59fd71
fcf1fcd1fcf9fd09
fcc9fce9fcd1fce1
fd41fcf9fcd9fcc9
fe1afd92fd92fd8a
fe83feabfed3feab
fdcafe0afe22fe62
fd92fd61fd59fd9a
fdbafdb2fd59fd49
fd9afdaafdaafdaa
fda2fda2fd9afd9a
fd9afd9afd9afd9a
fd92fd92fd92fd92
fd92fd92fd9afd92
fd8afd8afd92fd92
fcc9fcd1fce1fcd1
fce1fce9fd01fcf1
fce9fce1fce1fce1
fcf1fcf1fcf1fcf1
fcf1fce9fce9fce1
fcf1fd01fcf9fcf1
fd11fd09fd09fcf9
fd29fd21fd19fd11
fd29fd61fd51fd41
fce9fcf9fcf9fce9
fd11fd01fcf1fd01
fdb2fd61fd39fd29
fe0afdd2fddafdea
fd59fddafdcafdd2
fd01fd01fce9fce9
fd41fcc9fcc9fce9
fd61fd51fd59fd51
fd51fd39fd59fd92
fcd1fcf1fd79fdaa
fd11fce1fcc9fcc1
fce9fcf1fce1fcf1
fdaafd8afd51fd09
febbfea3fe72fde2
fdf2fe1afe4afe62
fd69fd59fda2fdc2
fdaafdb2fd59fd79
fda2fdaafda2fdaa
fda2fd9afd9afd9a
fd92fd92fd9afd9a
fd92fd9afd9afd9a
fd8afd92fd92fd92
fd8afd8afd8afd8a
fcc1fcc1fcc9fcd1
fce1fce1fcd1fcc9
fce1fcd9fcd9fcd1
fcf1fcf9fce9fce9
fcf1fce9fce1fce1
fcf9fcf9fcf9fcf1
fd11fd09fd01fcf9
fd31fd21fd21fd11
fcf9fd41fd61fd39
fd09fd19fd11fd09
fd19fd11fcf1fcf9
fdd2fde2fd9afd39
fda2fdb2fdb2fda2
fd41fd9afde2fdaa
fcf1fd09fd31fd29
fd69fce9fcd9fce9
fd49fd51fd79fd82
fd49fd39fd39fd61
fd31fd79fdaafd9a
fce1fcb9fcc1fce1
fce1fd09fcf1fcf1
fd8afd29fd11fcd9
fe6afdcafde2fdca
fe2afe6afec3fea3
fd49fd8afdd2fdda
fdaafd9afd31fd71
fda2fda2fd9afdaa
fda2fd9afda2fd9a
fd92fd92fd9afd9a
fd92fd9afd9afd9a
fd92fd92fd92fd9a
fd8afd92fd92fd8a
fcc9fcd1fcd1fcd9
fcd9fcd9fcd1fcc9
fcd9fcc9fcd1fcc9
fce9fce9fce1fce1
fce9fce1fce1fce1
fcf9fcf1fcf1fce9
fd11fd01fcf9fcf1
fd39fd21fd19fd11
fd19fd29fd71fd41
fd21fd19fd09fd29
fd61fd21fd09fd09
fd92fdfafdf2fdc2
fd79fd8afd9afdca
fd49fd31fd71fd82
fd01fd09fd31fd61
fd61fd19fd09fcf9
fd79fd8afd92fd82
fd41fd41fd71fd82
fd61fd8afd92fd92
fd01fcd9fcf1fd19
fcd9fce9fcf1fcf9
fd51fd11fcf9fcf1
fddafdd2fdd2fd92
fe3afe72fea3fe32
fd69fd82fdb2fe0a
fdaafd8afd61fd82
fd9afda2fda2fd9a
fda2fd9afd9afd9a
fd9afd92fd9afd9a
fd9afd9afd92fd9a
fd92fd92fd92fd9a
fd92fd92fd92fd92
fcd1fcd9fcd9fce1
fcd1fcd1fcd1fcd1
fcd9fcc9fcc9fcc9
fcd9fce1fce1fcd9
fce1fcd9fcd9fce1
fcf1fcf1fce9fce1
fd11fd01fcf9fcf9
fd49fd29fd19fd11
fd39fd31fd41fd59
fd29fcf9fce1fd19
fdd2fd29fce9fd09
fd59fda2fdfafde2
fd49fd71fd51fd69
fd39fd09fd11fd21
fd19fcf1fd11fd21
fd79fd71fd69fd49
fd82fd92fd9afdaa
fdb2fdb2fda2fdaa
fd61fd69fd8afdaa
fcd9fd29fd09fcf9
fce1fce9fce9fce1
fd29fd09fd09fcf1
fdeafde2fda2fd59
fe62fe32fdf2fdea
fd69fd82fde2fe4a
fd9afd71fd92fdba
fda2fdaafdaafdaa
fda2fda2fd9afda2
fda2fd9afd92fd9a
fd9afd9afd92fd9a
fd92fd92fd92fd9a
fd92fd92fd92fd92
fce1fce1fce1fce9
fcd9fcd9fce1fce1
fcd9fcd9fcd1fcd9
fcd9fcd9fcd9fcd1
fcd9fcd9fcd9fcd9
fcf1fce9fce1fcd9
fd09fd01fd01fcf1
fd39fd21fd19fd09
fd21fd39fd29fd49
fd09fd11fd01fd01
fdc2fda2fd31fcf9
fd39fd71fd9afdba
fd82fd71fd49fd29
fd39fd29fd09fd82
fd41fd31fd09fd11
fd92fd9afd92fd59
fdb2fdcafdb2fd9a
fe0afde2fde2fde2
fdf2fddafdf2fde2
fcc9fd09fd39fd71
fd19fcd9fcb1fcc1
fd11fce9fcd9fcf9
fdc2fda2fd79fd29
fe7afe1afdeafdea
fd69fdcafe8bfedb
fdb2fd8afdb2fdaa
fda2fda2fda2fdb2
fda2fda2fd9afda2
fda2fda2fd9afd92
fd9afd9afd9afda2
fd92fd92fd92fd92
fd92fd92fd92fd92
fd11fd21fd29fd39
fce9fcf1fcf9fd09
fce1fcd9fce9fce9
fcd9fcd9fce1fce1
fce1fce1fce1fcd9
fce9fce9fce9fce9
fd09fd01fcf9fce9
fd39fd19fd11fd09
fd19fd21fd29fd39
fce9fcf9fd19fd01
fdcafde2fda2fd31
fd21fd21fd69fdba
fd69fd92fd82fd31
fd49fd21fd09fd59
fdaafd92fd59fd39
fdaafdaafd8afd9a
fddafde2fd92fdc2
fe4afe3afe12fdf2
fdeafe02fe32fe22
fd29fd71fdbafdc2
fcc9fcb9fce9fcf9
fd09fcd1fcd1fcd9
fdc2fdb2fd59fd09
fe42fe2afe12fdf2
fda2fe52fef3fedb
fdb2fd82fd8afd59
fd9afdbafda2fdaa
fd9afd9afda2fda2
fda2fd9afd9afd9a
fd9afd92fd9afda2
fd9afd9afd9afd9a
fd92fd9afd9afd92
fd9afdb2fde2fe32
fd29fd39fd51fd79
fd01fd01fd11fd21
fce9fcf1fd01fd09
fce9fce1fcd9fcd9
fce1fce9fcf9fd01
fd19fce9fce1fce9
fd49fd41fd29fd09
fd09fd11fd39fd79
fd31fd01fd11fd01
fdb2fd9afdb2fd79
fd31fd11fd21fd49
fd41fd69fd61fd51
fd39fd09fcd9fcf9
fdaafdbafd9afd51
fdcafdc2fdbafdc2
fdf2fdfafde2fe0a
fe32fe72fe2afe1a
fe2afe32fe2afe12
fd59fdbafe0afe62
fcc9fcd9fcf9fd19
fd11fcf1fcd1fcd1
fdf2fd79fd19fd31
fe2afe32fe32fe22
fe62fe93febbfe9b
fdb2fd82fd51fdaa
fdd2fdd2fdb2fdc2
fd92fda2fdaafdaa
fd9afd9afda2fd9a
fd92fd9afd9afd9a
fd9afda2fd9afd9a
fd9afd9afd9afd92
007c00dd011501c6
fe42fea3fec3ff73
fd69fd82fda2fdd2
fd11fd31fd59fd51
fce1fce9fcf1fd09
fce9fcf1fd01fcf9
fd49fcf9fcf1fd11
fd49fd59fd29fd21
fd11fd11fd29fd71
fd82fd31fd29fd11
fd09fd39fd49fd71
fd09fd19fd09fcf1
fd09fd09fd11fd09
fd71fd49fd29fd21
fdcafdd2fdcafd9a
fe2afe1afe02fdea
fe42fe42fe62fe5a
fe72fe93fe9bfe7a
fe22fe0afe0afe4a
fdf2fe72fe5afe42
fca9fce1fd31fd92
fd11fd01fd01fd09
fd82fd41fd21fd41
fe62fe72fe42fde2
fe62fe42fe4afe8b
fdb2fd59fd82fe3a
fdcafdc2fdd2fdb2
fd92fd9afda2fdb2
fda2fdaafdaafd9a
fda2fdaafda2fda2
fd9afda2fd9afd9a
fd9afd9afd92fd92
03b803d803e003e0
021e02ff0327035f
ff2b003c00dd012d
fdc2fe2afe83feb3
fd31fd49fd79fda2
fd01fd09fd21fd29
fd39fd19fcf9fd09
fd61fd59fd49fd41
fd21fd09fd31fd82
fd61fd69fd41fd29
fcf1fd21fd31fd49
fd21fd29fd39fd19
fd21fcd9fd11fd39
fda2fda2fd82fd59
fe1afe1afdeafdd2
fe3afe2afe22fe12
fe5afe7afe6afe52
feb3febbfecbfe9b
fe62fe5afe83febb
fe1afe3afe1afe32
fcd9fd61fdb2fdea
fd41fd39fd51fce9
fd8afd69fd61fd59
feb3fe83fe02fdb2
fe32fe3afe5afe8b
fdbafda2fe32fe42
fdb2fdcafdd2fdba
fdaafdaafdb2fdc2
fda2fdaafdaafdaa
fd9afda2fda2fda2
fdbafdbafdbafdb2
fdbafdbafdb2fdba
0400040004000400
03f003f803f80400
034f03b003e803f0
0105018e02970317
fe4afec3ff23005c
fd51fd71fd9afdca
fd41fd39fd39fd41
fd51fd59fd69fd59
fd41fd09fd01fd51
fd41fd49fd41fd31
fd01fcd1fcd9fd01
fd51fd69fd71fd39
fdb2fd51fd19fd41
fdc2fdcafdaafda2
fe4afe42fe0afdea
fe3afe42fe3afe3a
fe93fe8bfe8bfe5a
febbfe8bfe93fe9b
fecbfe9bfec3feab
fe52fe72fe6afe9b
fd49fdeafe3afe62
fd8afda2fd51fcd9
fd8afd69fd71fd79
fe6afe12fde2fdd2
fddafe2afe62fe7a
fdc2fe0afe22fe12
fdc2fdd2fde2fdc2
fddafde2fddafdda
fdc2fdc2fdd2fdca
fdd2fdcafdd2fdca
fdf2fde2fddafdda
fde2fdeafdeafdfa
0400040004000400
040003f804000400
03f8040004000400
03d803e003e803f0
023e030f03370398
fdaafe6a0024010d
fd8afd9afd8afd8a
fd79fd69fd69fd82
fd59fd49fd11fd31
fd29fd31fd21fd39
fd21fce9fcc1fce9
fd71fd8afda2fd69
fdcafd79fd41fd59
fe0afe12fddafdd2
fe42fe2afe2afe0a
fe83fe83fe6afe52
feb3fecbfeb3fe93
ff03fef3fedbfec3
fec3fec3fef3fef3
fe93fe8bfec3febb
fdbafe12fe7afe8b
fde2fd9afd09fd31
fdaafd79fd79fdda
fe42fe0afdcafdba
fdeafe32fe52fe3a
fe1afe02fddafdd2
fdeafdf2fdf2fdd2
fdeafdfafdf2fdea
fdfafdeafddafdd2
fe1afe0afdfafdfa
fe32fe12fe12fe12
fe2afe32fe3afe3a
0400040004000400
0400040004000400
04000400040003f8
03f803f804000400
03f803f803f803f0
ffa40206037f03d8
fdb2fe02fe5afe9b
fd82fd8afd79fd92
fd31fd69fd49fd31
fd01fd11fd19fd29
fd49fd29fcf1fcf1
fd31fdcafdaafd79
fde2fda2fd9afd09
fe1afe1afdfafde2
fe4afe22fe32fe2a
feabfe9bfe83fe52
fee3fefbfee3fec3
ff43ff63ff23ff13
fef3ff03ff2bff2b
feebfec3fef3fec3
fe1afe8bfeabfea3
fdaafd69fce9fd79
fd79fd92fdcafe2a
fdf2fdd2fdcafdaa
fe0afe32fe3afe12
fdf2fdeafdcafdda
fe2afe0afdeafdc2
fe12fe2afe12fe12
fe4afe3afe22fe12
fe72fe72fe52fe4a
fe7afe72fe72fe72
fe7afe93fe9bfe93
03f803f803f803f8
03f803f803f803f8
0400040004000400
0400040004000400
0400040004000400
029703b003e803f8
ff53007c011d013d
fd82fd9afd82fdfa
fcf9fd29fd49fd49
fcf1fd01fcf9fd11
fd39fd59fd19fcf1
fd01fda2fdbafd69
fdd2fdb2fdcafd41
fe12fe0afe22fdf2
fe5afe5afe4afe3a
feebfecbfe93fe6a
ff43ff23ff03ff03
ff73ff53ff53ff53
ff33ff3bff5bff94
feebff13ff2bff0b
fdf2fe7afe72fecb
fd61fd01fd39fda2
fd8afdd2fe02fdda
fd82fd82fda2fda2
fe02fe12fdfafd9a
fda2fdbafdbafdfa
fe12fe0afdeafda2
fdfafde2fe02fe1a
fe22fe0afe22fe2a
fe3afe3afe2afe22
fe2afe32fe42fe42
fe1afe22fe3afe32
0400040004000400
0400040004000400
03f80400040003f8
03f803f803f803f8
03f003f003f803f8
03c003f003f803f8
016d032f035f0347
fd69fdaafd92fe5a
fd19fd01fd29fd51
fce1fcf1fce9fd21
fd39fd31fd31fd09
fd19fd29fddafd8a
fdf2fde2fddafd8a
fe32fe2afe12fe02
fe7afe6afe6afe42
fefbfecbfeabfe9b
ff53ff0bfefbff1b
ffc4ffa4ffacff84
ff8cff73ff9cffd4
ff23ff73ff43ff84
fea3fed3fea3ff13
fd59fcf9fd79fe3a
fe12fe62fdfafdb2
fd69fda2fddafdb2
fdfafdeafdb2fd92
fd92fdfafddafdda
fdfafe02fdc2fd69
fdf2fdfafdf2fe02
fe12fdeafdfafdfa
fe5afe62fe4afe3a
fe5afe72fe62fe62
fe7afe6afe7afe62
0400040004000400
0400040004000400
03f80400040003f0
03f003f803f003e8
03f00400040003f0
03d80400040003f0
00f5038803b803b8
fcf9fd61fd79fdda
fd09fd31fd09fd11
fcd9fcd1fcd1fcf9
fd39fd21fd09fd29
fd69fd11fd59fdb2
fe3afe3afe3afdd2
fe62fe42fe1afe22
febbfeb3fe8bfe6a
ff0bfedbfef3feeb
ffc4ff8cff6bff43
ffdcffe4ffd4ffdc
ffccffacffd4ffd4
ff94ff84ff84ffe4
fef3ff2bff3bff3b
fd41fd49fdf2fea3
feb3fe6afe42fe2a
fd82fddafde2fe02
fdf2fdcafd8afdaa
fdc2fe02fdeafdca
fe2afe0afdbafd92
fe72fe72fe52fe52
fe42fe1afe52fe7a
fec3feb3fe93fe6a
fed3fec3fedbfee3
feebfeebfedbfecb
0400040004000400
0400040004000400
03f00400040003f8
03f80400040003e8
03f80400040003f8
038803d003e803e8
ff03023603070327
fce1fd01fd71fd79
fcc9fd09fd31fd31
fd19fce9fcd1fca9
fd39fd09fcf9fd11
fda2fd79fd09fd41
fe4afe6afe5afe1a
fe8bfe83fe6afe42
fef3fedbfebbfeab
ff23ff2bff23ff03
0004ffd4ffb4ff63
0004004400440024
fffc00240014fff4
ffa4ffecffd4ffdc
ff63ff8cff7bff43
fd11fdc2fe52fed3
fe93fe1afe32fdaa
fdbafdbafe0afe8b
fde2fdcafd79fd92
fdaafe1afe02fe0a
fe22fdeafdcafdd2
fee3febbfe8bfe7a
fe5afe8bfeabfec3
ff33fefbfebbfe9b
ff1bff13ff13ff3b
fefbff03ff33ff43
0400040004000400
03f803f803f803f8
03e003f004000400
03b803f0040003f0
03e003d803b8037f
022e030f038803d0
fdc2ffac01050145
fd01fce9fd82fd79
fca9fcb9fcf1fd61
fd21fcf9fcd9fcb9
fcf1fd09fcf9fcf1
fdf2fddafd71fce9
fe62fe62fe42fe4a
febbfeabfe93fe83
fefbfedbfec3fec3
ff7bff6bff53ff1b
0054000cffe4ffac
005c0074005c005c
003c006400240044
000400040004002c
ff63ff84ff4bff9c
fdb2fe4afeabff53
fe3afe52fdc2fd29
fde2fdeafe83feb3
fdbafd82fd51fd8a
fdb2fe0afdf2fdf2
fe22fdf2fdd2fd92
fef3fec3fe9bfe8b
fed3ff0bfec3fee3
ff3bff6bff03fec3
ff63ff9cff5bff4b
ff63ff5bff4bff5b
0400040004000400
0400040004000400
03e803e804000400
028f03a803f80400
033f039002ff0206
014501e601f6026e
fdaafe3aff5b00a5
fd21fd19fd41fd8a
fcd9fcf1fcc1fd29
fcf9fd21fcd9fcd1
fcd9fcd1fcd9fd01
fe32fe32fddafd61
fe93fea3fe83fe4a
fefbfecbfebbfeab
ff53ff2bfefbfefb
ffb4ff94ff7bff4b
0085004c000cffd4
007c00b500ad0095
00bd00c5009d008d
000c00240064006c
ff94ffe4ffec0024
fe32fe83ff13ff6b
fdeafda2fd41fdb2
fdc2fe3afeb3fe12
fda2fd49fd41fd92
fdfafe2afdf2fdea
fe5afe12fd82fd82
ff23ff1bfefbfebb
fed3ff3bff13ff0b
ff63ff84ff73ff23
ff94ff9cffb4ffac
ffc4ffacff84ff63
0400040004000400
0400040004000400
03f803f804000400
0135030f03f00400
020e02df0297017d
014501a6012500c5
fd8afe02ff1b006c
fcd1fcf1fd31fd71
fcd9fcf1fcb9fcc1
fcf9fcf1fcf9fce1
fd61fcd1fcc1fcf1
fe83fe6afe3afdda
fecbfec3fe93feb3
ff1bfedbfee3feb3
ff6bff63ff5bff53
ffdcffd4ffb4ff8c
00ad008d0074002c
00cd0105010d00dd
00f500fd00f500ed
003c005c009d007c
fff4000c001cfffc
fe4afee3ff73ffec
fd79fd31fd92fe32
fdc2fe83fe52fd8a
fd71fd09fd39fdaa
fe32fe22fddafdda
fe7afdcafd71fdc2
ff23ff63ff1bfefb
fefbff4bff5bff63
ff6bff53ff8cff63
ffc4ff94ffbcffdc
fff40014ffe4ffbc
03f8040003f803f8
0400040004000400
04000400040003f8
012d02e703e00400
021602b7027e015d
0105019e0186012d
fd61fdd2febbfff4
fcd1fcd1fcf9fd51
fcf1fcf9fcd1fcf1
fd29fcd1fd01fcf1
fdd2fd21fce1fcd9
fed3fe7afe2afe0a
fef3fee3fef3fed3
ff5bff3bff33ff0b
ffc4ffa4ff7bff8c
002cffd4ffd4ffc4
00f500ad008d007c
01250155012d0105
011d014d0125010d
009d00ad00dd00ed
002c001c00140024
fe93ff2bffb4001c
fd01fcf9fde2fe52
fdeafe3afde2fd59
fd11fcf1fd59fd92
fe4afe22fde2fda2
fe7afdbafd92fe32
ff4bff73ff03feeb
ff3bff5bff7bff84
ff84ff63ffacff73
0014ff94ffe4fff4
fffc001400340054
03e803e003e003e0
04000400040003f0
03f80400040003f8
01a602ff03d803f8
028f034702ef017d
005c014d0165017d
fd82fddafe4afec3
fd01fcf1fd19fd39
fd11fd11fcd1fce1
fcf1fcb9fcb1fd01
fe1afdbafd09fcb1
fedbfeb3fe83fe7a
ff2bff13feebfea3
ffa4ff63ff53ff2b
ffe4ffacff8cffa4
006400340004fffc
00ed00ed00bd0085
013d014d01150105
0135016501550155
00a500cd00f50105
0054003c003c005c
ff2bff8cffe4002c
fcc1fd69fe72fe9b
fdeafdd2fdfafdba
fd31fd39fd39fdba
fe12fde2fd79fd71
fdfafd8afdcafe1a
ff53ff4bff33fe9b
ff9cff8cff6bff73
ff7bff84ff8cff84
ffecffacffe4ffbc
fff400240074008d
034703270327032f
03b803900398037f
03f00400040003e8
02f7038803e003f0
02ef03a0037f02d7
ff23004c00a50165
fd79fd82fe0afe6a
fcf1fd29fd29fd39
fcd9fd41fd21fcc9
fcb1fc99fc89fcf9
fe93fe3afdc2fd29
fef3fedbfec3fea3
ff4bff2bfeebfeab
ffb4ff94ff84ff4b
fffcffe4ffc4ffd4
0064004400240024
0105010500dd009d
014d015d013500ed
0175017d01750175
00ed00fd011d014d
004c0054005c0095
ff3bff9c00040054
fce1fdeafea3ff0b
fdc2fdd2fdeafd41
fd69fd39fd51fdca
fe02fdb2fd29fd49
fe3afdbafe22fdfa
ff7bff4bff53febb
0004ffe4ffa4ffd4
ff94ffb4ffacffc4
ffccfffcff63ff5b
ffec004c00a5006c
020601de01ce01ce
026e0206021e0226
040003f803d80357
03d803e003f003f8
031f03c803e003d8
febbff840044018e
fdb2fd8afe12fe8b
fd19fd41fd21fd59
fcd1fcf9fd31fd01
fcf1fc89fc68fcb9
feabfe7afe32fdc2
fecbfed3fe9bfe8b
ff33ff0bfee3fefb
ffc4ffa4ff7bff7b
001c000cfff4ffe4
0085006400640044
012d010d00ed00d5
0165015d0155012d
0175018601860196
00ed00fd0135014d
004c004c007c00b5
ffb4ffbc002c0064
fd41fe62ff0bff63
fd8afd9afd8afcf1
fce9fd51fd9afd8a
fde2fd59fd31fd39
fe0afdf2fdfafde2
ff9cff7bff13febb
001cffc4ffecfffc
fff4ffacffdc0024
000cffb4ff1bff84
001c009d00950014
016d014d0135012d
0196017d017d017d
03f003c8032f0236
03f803f803f803f0
031703c803f003f8
fec3ff23004401b6
fd79fd71fdf2fe83
fd19fd41fd69fd41
fcb1fca1fd19fd19
fd8afcd1fc70fc68
feabfeb3feabfe3a
fed3fedbfebbfeab
ff3bff23ff0bfeeb
ffd4ffb4ff84ff7b
0024001c0004ffec
00b500ad008d004c
013500ed00dd00dd
0165015d0165013d
015d014d016d0175
00dd00ed01350165
005c0064009d00cd
ffdcfffc00850074
fda2fe7aff23ffc4
fd21fdeafd71fcf9
fd09fd8afd61fd49
fd71fd31fd39fce1
fdfafde2fdd2fdc2
ff8cff9cff43fecb
ffccffdcfffcffe4
0014ffbc000c0054
ffe4ff3bff9c004c
008d00c50044003c
011d010500ed00dd
012d013d01450135
036f02c701f60165
03e003d803c803b8
02df037703b803c8
fedbff0b001c0196
fd41fd82fdc2fe83
fd51fd79fd49fcf9
fc99fcb9fcd9fd29
fe12fd49fc99fc48
febbfed3fee3fe9b
fed3fedbfeb3fe93
ff33ff23ff1bfef3
ffccff94ff73ff4b
003c003c0004fff4
00c500ad00b50074
01350105011500f5
017d01860175014d
0145016501860186
00dd00fd01450145
008500a500ad00cd
00040044005c0054
fe3afed3ff3bffb4
fd59fdeafd29fd39
fd49fd9afd41fcf9
fd39fd09fcd1fce9
fdcafdbafd9afd9a
ff94ff8cff0bfe5a
ffd4002cfffcff84
0004005c009d0004
ff73ff43008d006c
00ed008d00740014
00ad00a500a500a5
00c500d500dd00cd
01ee014500dd00b5
031f02ff02d70287
020e027602cf030f
febbfedbff7b00e5
fd11fd61fdbafe6a
fd79fdbafd9afcf1
fca9fcc9fca9fd19
fe8bfdaafcc9fc68
feb3feebfed3feab
fef3fee3fee3fe9b
ff53ff43ff23ff1b
fff4ff9cff84ff63
0085005c0004fffc
00fd00d500ad0095
014d0115011d0105
01750175017d0165
0145013d015d016d
00ed010d011d0125
0095009d00c500dd
ffdc000c004c005c
fe32fea3fed3ff3b
fd79fd82fd01fd8a
fda2fd49fce9fcf1
fd09fcc9fca9fd01
fd82fd8afd82fd61
ffacff5bfef3fe1a
0044004cff9cffac
007c00cd002cffbc
ffac006c0085ffec
009500ad002cffbc
004c006c009500a5
00540074006c0054
00bd006c0034003c
019e017d01450105
014d016d018601ae
fe93fef3ff6b005c
fce1fd41fdd2fe52
fd19fd82fdcafd49
fca9fc81fc60fca1
fed3fdf2fcf1fc91
feb3fec3fecbfed3
ff0bff13ff0bfee3
ff63ff3bff2bff1b
ffecffacff84ff4b
008d0054001c0004
00f500fd00a5008d
01750145012500fd
017d016501750175
0135013d0145016d
00dd00fd010d012d
0085008d00bd00d5
ffb4fff400540074
fe52fed3ff03ff3b
fd59fd01fcf1fda2
fd69fcb1fca9fd11
fce1fca9fc89fd61
fd82fd71fd49fd11
ffb4ff8cfebbfdd2
009dfffcffc4ffd4
00fd0054ffcc002c
0034006c0014008d
00fd0064ffec0044
00640085009d009d
003c006c006c005c
0085005c002c0024
00d500c5009d008d
00bd00e500e500dd
fe52fee3ff9cffc4
fce9fd11fd9afe0a
fcc9fd39fda2fdc2
fc91fc58fc48fc68
ff2bfe4afd61fcb9
fec3fecbfefbff23
ff2bff23ff33fefb
ff6bff63ff3bff33
ffdcffbcff94ff63
009d007400340004
0105010d00d500b5
016d016d0155012d
015d017d018e0196
011d012d0155014d
00cd00ed00fd0125
008d009500a500bd
ffd4001c00540074
fe2afeb3feebff43
fd29fcf9fd19fdb2
fcf9fc91fcd9fd82
fca9fc78fca1fd79
fd61fd59fd21fcf1
ffecff8cfe52fd79
000c000c000cffec
0085001400640074
ffe4002400ad010d
004c0034007c0044
00b500d500a50074
00240054008d00a5
006c006400440024
00bd007c0064005c
009d00b500ad00b5
fe6afec3ff94ff9c
fcf1fcf1fd29fdea
fca1fcf9fd49fd49
fcb9fc78fc60fc58
ff53feebfdcafcd9
feebfefbfefbff2b
ff23ff2bff1bff03
ff84ff6bff63ff33
0004ffd4ffb4ff84
00cd009d00640034
0145011500fd00dd
0186017d01750155
0165017d019601a6
011d0135015d0155
010500fd00f50115
007c009d00a500e5
ffc4002c004c0074
fe52fe72fedbff4b
fcf9fcc9fd01fdfa
fce9fca1fd09fd79
fc99fc68fcc9fd39
fd69fd41fd01fcc9
ffecff43fe3afd51
fff400440024ffec
0014008d0085fffc
ffdc00b50105003c
006c00cd00a5ffa4
00bd00c500950064
fffc002c005c0095
005c0064003c000c
00dd009d005c004c
00440085008500ad
fe72fe5aff1bff84
fd29fcd9fd29fd92
fc60fcb1fd11fcf9
fca1fc99fc60fc58
ff84ff43fe5afd21
fef3feebfef3ff3b
ff2bff1bff1bfef3
ffacffa4ff7bff4b
003cfff4ffdcffbc
00e500c500a5007c
011d0125011500fd
01c6019e017d014d
017d018601ae01ae
014d0155016d016d
010d013d01350145
0085008d00bd00f5
ffe4001c00340074
fe9bfedbff33ff8c
fcd9fc99fcf9fe1a
fcf1fcb1fd21fd39
fc89fc89fd11fd11
fd82fd21fcf9fcb1
ff3bff1bfe2afd59
0004001c003cffb4
00bd00ad005c0044
009500e5003c005c
00c500adfff4fffc
007c008d006c002c
ffd4000c0034004c
004400340014ffd4
01ae018e00a50044
ffcc0064007c00fd
fe62fe4aff13ff73
fd01fcd1fd49fdb2
fc60fc58fcd1fca9
fcb1fca1fc48fc78
ff94ff9cff13fdd2
feebff1bff13ff4b
ff2bff13ff13fec3
ffbcffacff7bff3b
0064002c0014ffe4
011500f500dd009d
01350145013d011d
01c601b6017d0165
01ce01b601ce01ce
0175019601b601c6
01050135014d0175
008d0074009d00e5
fffc00240044007c
feb3fed3ff4bffbc
fcc9fc60fd39fe5a
fca9fca1fcf1fcd9
fc78fcb1fd21fd11
fd82fce1fcd9fc99
ff6bff23fde2fd49
0004004cffecff53
00c50064006c0024
007c0044007c00f5
005cffec008500b5
000c00240014ffdc
ffe40004000cffec
00140004ffecffdc
02660256010d0034
ff9c004400640125
fdcafe32fed3ff53
fc99fc91fcf9fd92
fc60fc38fc81fcb1
fd39fc91fc40fc58
ffd40014ffbcfe93
fe4afeabfefbff7b
fe62fe62fe0afe02
ff84ff5bfee3fe62
0085004c0014ffc4
012d010d00ed00b5
01750165014d0145
01e601c601960186
01ee01e601fe01f6
01ae01ae01b601d6
00b5010d012d017d
ffc4ffe4ffe40054
00440044001cffc4
fea3ff2bff9cfffc
fc99fc70fd82fe4a
fc70fc99fcb9fca9
fc81fcd1fcd9fcb1
fd11fcc9fcc1fc89
ff53fe7afd8afd39
006cffdcffb4ff4b
008d008500140034
001c009500bd00b5
0044009d00cdfffc
ff9cffb4ffb4ff8c
ffccffecffccff9c
ff9cff84ff8cffb4
01c601be009dffcc
ff7bffecfff40085
fdd2fe2afe93ff53
fca1fcb1fca9fd92
fc58fc40fc40fcb9
fe0afcc1fc48fc38
003400a50064ff3b
fe4afe93fecbff53
fddafe1afe1afe12
fec3fea3fe22fda2
004cffbcff84fee3
010500f500dd009d
017d0145012d0125
01ee01b6019e01a6
01e601de01f601f6
01550196019601a6
ffc4007400a50115
ffb4ffccff7bff84
005c0024ffbcff94
fee3ff84ffe4004c
fc89fc99fddafe4a
fc78fc91fca9fc91
fca9fca9fcc1fc78
fcd9fcc1fcd9fc89
ff03fdfafd39fcf9
0004001c0014ff8c
00440004005c009d
003c0095009d0095
00dd00c5009dfffc
ff53ff6bff7bff6b
ff9cffb4ff7bff4b
ff3bff3bff5bff6b
00140024ffacff5b
ff3bff73ff73ffb4
fe2afe6afe8bff03
fc89fc81fc99fdc2
fc38fc38fc38fc78
fec3fd41fc48fc38
000400fd00cdffbc
feb3fecbff0bff1b
fe62fe9bfefbff0b
fed3fe52fe0afe32
ffdcff3bfecbfec3
00ad00a5009d003c
0165011d00fd00fd
01c601c6019e018e
01b601ce01ae01be
ffec002400e5015d
ff2bff4bff9cffcc
ffdcff7bff6bffa4
ffe4fff4ffccffb4
ff4bffc400240054
fc78fcf1fe32feb3
fc68fc68fca1fc91
fc91fc99fcd9fc70
fcb1fcb1fcc1fc91
fee3fdeafd29fce9
001c002cffd4ff7b
0044006400850034
005400a500cd0044
00ad00d500ad002c
ffacffbcffc4ffc4
ffb4ffb4ff94ff8c
ff94ff9cffb4ffb4
ffb4ffc4ffccffb4
ff2bff73ffa4ff9c
fe52fe9bfe9bfedb
fc68fc38fc68fdb2
fc38fc38fc50fc60
ff7bfe3afc91fc58
ff8c008500d50044
ff73ff33ff43ff13
fefbff94ffacffac
febbfe6afe6afe93
ff4bfe42fe2afe72
006c004c0034ffb4
012500e500a5009d
018e01a601960165
0135015d01550175
ff3bfec3ff6b006c
ff0bfee3fecbff23
008d001cffecff84
ffd4006c007c00c5
ff7bfff40004ffb4
fc68fd71fe62fee3
fc58fc68fc89fc91
fc70fc99fca1fc68
fcb1fc99fca9fc89
fefbfd9afd21fcf9
00040004ffccff84
00c5003c0064003c
00ad006c002400b5
00c5008d0074009d
008500a500ad00c5
0044004c0044005c
00340034002c002c
fffc000c0034003c
ff53ffc40014fff4
fef3fedbfee3fee3
fc38fc38fc81fdf2
fc40fc48fc50fc40
ffe4ff13fd19fc78
feebff73003c0054
ffbcff94ffbcff5b
ff73ffbcffd4ffb4
fe72fe93fedbff2b
feb3fe12fe0afe2a
001c0014ff8cfecb
00b5009d006c003c
01350165015500fd
0085009500b50115
ff5bfea3fed3ff84
005cff7bfeebff03
016d011d012500cd
0085010d014d015d
ffacffacff43ffc4
fca9fe12fe93ff0b
fc50fc60fc81fc78
fc70fc99fc78fc58
fcc1fc89fca9fc99
fea3fd29fcc1fce1
000cffecffa4ff5b
0085007c003cfff4
fffc0054009500cd
006400a5011d00e5
0206022e025e027e
01650186019e01c6
010d0125012d012d
0064008500bd00ed
ffc4006400a50074
ff53feebff5bff4b
fc28fc30fc99fe22
fc78fc60fc78fc40
0004ff8cfdb2fca9
ff7bff53ffe4004c
ffa4ff94ffa4ffb4
ffccffc4ffbcffb4
feb3fefbff53ff9c
fe62fe72fe5afe7a
ffb4ff43fe8bfe72
007c006c0024ffd4
00f500f500e500b5
ffccff94ffcc0064
ff23ff1bff73ffac
0115006cffc4ff7b
016d015d016d014d
0125015d0175016d
ff63fed3ff9c0095
fd29fe7afee3ff33
fc58fc58fc78fc70
fc68fca1fc70fc58
fca9fc89fca9fc89
fea3fcf9fcb1fcc1
ffdcfff4ffdcff84
0095fff4001c004c
0034008d009d0095
012d013500ed0054
032f034f03670377
031703270327031f
029f02d702f702ff
019e01ce020e025e
0074014d0186017d
ffacff6b0034fff4
fc58fc30fca9fe7a
fcb9fc60fc60fc60
003cffe4fe4afcf1
ffccffdc001c004c
ff9cff94ff9cffbc
ffdcffd4ffc4ffac
ff23ff6bffb4ffc4
fe93feb3fec3feeb
ff43fe93fe62fea3
0044002cfff4ff94
00a500b500bd0085
ffbcffa4ff94fff4
0014ffc4ffacfff4
012500c5006c0064
01750186017d0155
00e50105012d0165
ff53ff43003400ad
fdaafec3ff23ff2b
fcd1fcc1fcd1fcb1
fc68fca9fd21fd01
fc99fc89fcb1fc81
fe5afcf9fcb9fcb9
0044005cffd4ffd4
004400340034fff4
004c00b5011d0044
012d00bd00d50085
03b803d003e003e0
03c003b003b803b0
03c803d003d803d0
0388039003a003b8
026e03270367037f
011d00fd01e601ee
fc68fc38fcd9ffb4
fcb9fc89fc48fc40
0044000cfec3fd01
ffacffbcffec0034
ff53ff73ff84ff94
ff4bff4bff3bff33
ff84ffacff9cff84
fe9bfebbfeebff23
ff0bfe52fe5afea3
0024ffdcffacff63
003c006c0074006c
ffd4ffbcffe4ffc4
0024fff4fff40014
010500a5006c0044
014501550155013d
008d00b500fd0125
ffb4ffdc00340054
fe32feebff2bff53
fdeafdd2fcf1fce9
fc89fd9afe6afe0a
fcb9fc99fca1fc70
fdcafcb9fca1fcc1
fff4ffecffecff3b
002c0054006c003c
00e500ad006c0034
00f5008d006c00c5
03f003f003f80400
03e803e003e803e8
03f003f003f003f0
03f003f003f003f0
03b803e003f003f8
032f0327037703a0
fc40fc30fd690196
fca9fc89fc60fc28
0014ffecff1bfd29
ff73ff73ff8cffcc
fe32fe7afee3ff33
fe42fe2afe1afe32
ff1bff1bff03fe83
feb3fecbfeebff0b
feebfe8bfeb3feb3
0014ffbcff73ff33
002c006c00540054
0014fffcffe4ffdc
fffcfff4fffc001c
0014ffccffdcfff4
0004002400340044
00340054004c0014
ffa4ffacffd40004
fe72ff4bff63ff84
fde2fd9afcf9fd39
fce9fe72fea3fde2
fcb1fc70fca1fc58
fd9afca1fc91fcd9
0024ffccff8cff1b
0054008500640014
0064005c005c0044
009500cd010d010d
0400040004000400
040003f803f80400
0400040004000400
03f8040004000400
03e803e803e803e8
03d003d803d803e0
fc20fc38fe6202ff
fca9fc81fc50fc28
ffbcffb4ff63fdba
feebff3bff63ff94
ff23feebfe72feab
febbfedbfeb3fefb
002c006cffe4ff53
feabfec3fe9bff03
fee3fec3fec3fe8b
0004ffccff6bff23
008d009d005c003c
ffdcfffc00140044
ff53ffacffecfffc
ff23febbfed3feeb
fefbff7bff84ff63
ffa4ff33feebfebb
ff84ff8cffb4ffc4
fec3ff53ff73ff73
fdcafdf2fd51fdb2
fd19fe72fe02fd29
fca9fc89fc68fc40
fd71fc91fcb1fcd1
ffec0024ff8cfecb
00bd0074002c0014
006c0064007400a5
00e5013d00d500c5
0400040004000400
0400040004000400
0400040004000400
0400040004000400
03f803f803f80400
03e803e803f803f8
fc28fc78ff3b036f
fce1fca1fc60fc20
ff43ff94ffacfe3a
fe6afe8bfebbfef3
fe4afe72fe02fe22
fdd2fd9afdaafda2
004cff73fe42fe02
fe93fe93ff2b004c
ff03fee3fe9bfe72
001cffccff84ff2b
009d00c5009d0064
ff8cffcc001c0054
feb3fefbff73ffac
fe3afebbfed3febb
fea3fedbfeb3fe8b
ff53ff33ff33fee3
ff73ff73ff9cff9c
fedbff2bff43ff53
fe83fecbfe0afdfa
fd09fe2afd61fd51
fca1fc81fc58fc48
fd69fca1fca9fcb1
fffcffe4ff5bfe93
0074008d0004ffd4
008d009d00bd00a5
00fd00fd00cd00a5
0400040003f003f0
0400040004000400
0400040004000400
0400040004000400
0400040004000400
03f8040004000400
fc48fcb1ff63034f
fd11fc99fc50fc30
ff03ff84ffdcfed3
fe32fe42fe72febb
fd19fd41fd61fdd2
fe5afebbffb4fd82
ff2bff1bfeb3fe3a
fe83ff53ffc4ff94
ff3bff13fea3fe83
004cffecff9cff53
00ed012d011d00bd
ffe4000c004c00bd
fe8bfea3feebff9c
ff6bfe22fd82fe22
fe7aff0bfda2ff4b
fe83fe02fdcafd71
ff6bff6bff73ff3b
fec3ff13ff13ff2b
ff2bfeebfe4afe22
fce9fe2afd79fdfa
fca1fc81fc60fc40
fdbafcb9fc99fc91
0024003cffccff03
00640014ffd4ffe4
00ed00ed006c0085
00ed00c500ad00bd
03f803f803f003f0
03f003f003f803f8
0400040004000400
0400040004000400
03f803f804000400
03e803f803f803f8
fc48fce1ff840327
fd39fc99fc40fc38
ff1bff8cffe4ff53
fea3feabfebbfee3
feebfee3fea3fe93
fd92fe1afe8bfe8b
0155fec3fdc2fd69
fe62fe7aff840196
ff6bff3bfecbfe7a
0085fffcff9cff63
011d014d0165010d
0095007c006c00ed
ffacfebbff03ffe4
fffcfe3afdbaff9c
ffe4013dfe520085
fe22fd92fd69fdba
ff63ff53ff23fefb
fecbff13ff0bff23
ff2bfeabfe12fe6a
fcc9fe12fdc2fea3
fca9fc89fc58fc40
fea3fcf9fca9fca9
009d00540034ff7b
0024000400240074
00e500950034001c
0085009d00ed0105
0400040004000400
03f003f004000400
0400040004000400
0400040004000400
0400040004000400
03f003f804000400
fc28fce9ff9c0347
fdc2fc91fc38fc38
ff2bff6bffccff9c
fec3fec3fed3ff03
ff6bff2bfee3fed3
ff13ff23ffa4ffa4
0014ff53ff13ff03
fdfafe83007c009d
ff4bff2bfed3fe3a
00a5001cff84ff43
00d5012d015d010d
00b5009d008500b5
020e0085fecbff7b
fe32fd61fe2a01b6
ff84ff3bfe5afecb
ff7bff7bffcc0004
ff84ffa4ffccffbc
ff03ff1bff2bff5b
ff03fe62fdeafeab
fc70fdbafddafebb
fca1fc89fc60fc40
feb3fcf9fca9fca9
00cd004cfff4ff94
0014006c00b5008d
00d5005c00440044
010d010d012500ed
0400040004000400
0400040004000400
0400040004000400
03f803f804000400
03f803f803f803f8
0400040004000400
fc10fd11ffbc034f
fe32fc89fc30fc30
ff3bff73ffb4ffcc
fec3fec3fedbff03
ff43ff03fef3fed3
ff94ff8cff9cff84
000cfff4fff4ffc4
fe93ff3bfffc004c
fecbfedbff03fea3
007c0024ff7bff13
007c00ed011d00cd
0024005c003c0054
ff73ff8cff2bff53
ff84fe83fe7aff23
019601a6010d002c
0034004c00bd015d
ffe40024005c005c
ff33ff33ff5bffa4
ff1bfe83fe3afef3
fc50fd51fe02fe93
fc89fc91fc68fc40
feabfd09fc89fc99
0074003cfffcff9c
008500a500a500b5
0064005c004c0054
011d010d012500c5
03e803e003d803d0
040003f803f003f0
040003f804000400
03f003f003f003f0
03f003f003f803f8
03f0040004000400
fc18fd31febb0246
fe9bfca9fc38fc18
ff4bffa4ffd40014
fef3fef3fef3ff1b
ff13ff13ff13ff13
ff8cff8cff53ff33
ffccfff4ffdcffb4
febbfecbff2bffac
fe9bfe6afe8bfed3
001cffbcff43fee3
0054008500950064
0004fffcffec003c
ffa4ff9cffacffac
008d0004ff9cff63
0145019e016500ed
0044004c008500f5
001c005c006c0054
ff63ff94ffb4ffe4
ff73ff1bfe83ff03
fc68fd21fe5afea3
fc81fc89fc68fc48
fee3fd29fc81fc91
0074fffcffbcff94
007c00e500bd009d
008d009d007c00ad
013500fd009500b5
037f034f031702e7
03e803e003c803a8
03f803e803e803e8
040003f803f803f8
0400040004000400
03b80400040003f8
fc60fd71fdb200bd
ff03fcc1fc30fc18
ff8cffbc0004001c
ff13ff1bff1bff53
fee3ff03ff1bff1b
fecbfecbfec3fed3
ff03ff1bff13fee3
feabfecbfefbfef3
feabfe72fe72fe7a
ff84ff33ff03fee3
fffc001c000cffcc
ffd4ffc4ffb4ffcc
ff8cff94ff84ffb4
ffe4ffc4ffbcff9c
fff4001c001c001c
0014ffecffe4ffe4
004c007c006c0034
ff84ffcc0004001c
ffa4ff7bfeb3ff0b
fc70fcc9fe62fecb
fc78fc78fc70fc50
ff7bfddafca1fc89
006c0004fff4ffdc
0095008d00a5009d
00c500dd00a500a5
008500dd00c50085
0256021e01ee01d6
032f02ff02cf028f
03b80398037f035f
03f803f003e003c8
03f803f803f003f0
02ff03d803e803e8
fcc1fd92fd49ff13
ff53fcb9fc20fc18
ff9cffec0044006c
ff4bff5bff63ff84
fefbfefbff0bff23
feebfefbfef3fefb
ff23ff0bfef3fef3
fec3fedbff03ff1b
fe9bfeabfed3fedb
fed3fea3fea3fe9b
ff94ff9cff63ff2b
ffb4ffa4ffa4ff7b
ffc40004001cffec
ff2bff3bff4bff84
ff0bff23ff2bff2b
ffe4ffa4ff73ff2b
007c008d00740024
ff8cffd4001c0044
ff8cffb4fee3ff23
fc81fca9fe12fee3
fc78fc81fc68fc60
ffa4fe6afcb9fc78
0074002cffccffbc
00a5009d006c0064
00ed009d009d0074
00d500bd00bd00fd
023e027e02b702df
01ee01de01e60206
02b7026e0236020e
037f035f032702ef
03e003d803c003a0
01a6039003a803d8
fd09fd61fce9fdd2
ff84fcc1fc20fc28
ffd4001400440064
ff84ff94ffb4ffbc
ff84ff6bff53ff6b
ff6bff8cff8cff84
ff7bff5bff53ff63
ff6bff53ff43ff73
fe42fe83ff03ff6b
fe93fe6afe4afe2a
fedbfed3fec3feab
0034ffd4ff53fefb
007c0095007c0054
ff73ffa4ffcc0034
ff13ff03ff2bff4b
fff4ffa4ff63ff43
009d00a5008d005c
ffb40004003c0064
ff43ff84fee3ff53
fc78fcb1fd9aff23
fc60fc70fc89fc68
ffacfedbfd69fc81
00950064fffcffe4
007400640085009d
01150085006c0054
0115016d00f500dd
0367039803b803c8
027e02b702ef032f
01e601f6020e0236
0256021601ee01d6
034f033f030702bf
ffe4024e02cf0337
fd51fd59fcc1fd29
ff8cfcb9fc28fc81
001400440074005c
ffbcffc4ffdcfff4
0004ffe4ffd4ffc4
fff4fff4fff40004
fffcffe4ffecffec
ff8cffacffbcffdc
fe2afe52febbff43
fe6afe52fe32fe22
fe93fe83fe83fe7a
00e5002cff43fec3
00e500fd00d500d5
003c007c009d00c5
ffbcffccfff40024
00740044001cffe4
00a500ad00bd00ad
ffc4002c006c0095
ff23ff2bfefbff63
fc81fcd9fd29ff03
fc60fc70fc89fc68
ffd4ff3bfe32fcc9
008d003c00440054
00ad0095009d008d
00c5003c00440064
011d011500ed00ed
03e803f804000400
039803a803c003d8
02ef032f034f0377
023e0256027e02b7
0206020602060216
fe320004016d01e6
fd79fd49fcc9fcb9
ff63fca9fc40fcf9
0064006c00850014
fffcfffc0004001c
0054004c0024000c
0074005c005c006c
005c007c0095007c
ff13ff63ffd4003c
fe32fe2afe52fed3
fe5afe32fe22fe1a
fe9bfe83fe72fe62
0064ffa4fefbfeab
00fd00ed00b500b5
00fd0115012d0115
0095009d00a500bd
013d011500e500a5
00bd00e5010d0135
ffdc00340064009d
ff63feabff0bff73
fc78fcf1fd09fe52
fc70fc68fc81fc68
fffcff7bfedbfd71
00a5008d007400a5
008500c500bd00cd
006c003400640054
00fd00e500ad009d
0400040004000400
03f803f803f80400
03c803d803e003f0
0367037f03a003b0
027602c702ff0337
fd71ff13010501fe
fd61fd59fd01fc78
ff5bfc99fc91fd31
009d00a500850024
005c005c00540054
00bd00bd009d008d
00ed00dd00cd00cd
003c00cd00fd00ed
fe2afe72fee3ffa4
fe32fe1afde2fe0a
fe83fe42fe42fe4a
feb3feabfeabfea3
feebfea3febbfeb3
0064ffccffb4ff84
01c6019e014500fd
015d014d015d0186
01d601c601960165
00d5012d016d01b6
fff40024004c0095
ff33feb3ff13ff8c
fc68fcc1fd01fda2
fcb9fc68fc68fc68
005c0014ff23fdf2
00b5006c00a50085
00bd00f500d500e5
0085006c00a500ad
00cd00b5008500b5
03f003e803f003f0
03f803f803f803f8
03f003f8040003f8
03d003d803e803e8
03b803d803d003c0
fd49ff130206035f
fd21fd69fce9fc89
ff7bfcc9fce1fd21
009d00ad008d0004
00b5009d0085007c
010500ed00ed00d5
011d011d01350125
ff63004400e50115
fe32fe4afe2afe8b
feb3fe72fe2afe22
ff1bfedbfecbfebb
ff43ff4bff43ff4b
fe8bfe72fec3ff1b
ff63ff1bff0bfedb
01d6017d00fd0044
020601e601d601d6
022e022e021e020e
00f5014d01b60206
ffec0044007c00a5
fe42fea3ff2bff9c
fc58fca1fce9fcf9
fd21fc60fc60fc68
0064002cff63fe72
00cd007c00b5007c
00ed00cd00d500d5
00cd00ad00ad00e5
00a500a5009d00cd
03e003f003f003f8
03d803c803d003d8
03f003f003f003e8
03d803d803e003e8
03d803e803f003e0
fd11fef3028703b0
fd19fda2fd11fcb9
ff03fce1fd09fd21
00d500dd006cffd4
00dd00bd00a500ad
011d010d010d00f5
00ed0105012d0125
fe8bff8c007400d5
febbfecbfe93fe12
ffb4ff5bfefbfeb3
002cffccffccffdc
0105010500cd007c
ff03ff3bfffc008d
fee3ff0bff33ff2b
015500bd0024ff5b
0266022e020601c6
026e0276027e0266
012d018e01ee023e
ffdc0024008d00dd
fdc2fee3ff33ff8c
fc60fc99fcd1fcc9
fde2fcc1fc60fc70
00540054ffecfed3
009d005c008500a5
010d00ad00a50095
00e500a500bd0105
010500ed00dd0105
03e803f004000400
037f0357036f03b0
03c803d003d003b8
039803a803c003c8
03a003a803900388
fce9fe6a01fe036f
fd19fd79fd59fcf9
fe3afce1fd01fcf1
00dd00a5001cffa4
00dd00b500ad00bd
00f500dd00ed00e5
008500d5010500fd
fdf2fecbff840044
ffccffbcff9cfe62
007c006c001cffdc
012d00bd00c5009d
021e0256024601de
00ad011d017501d6
feebff5bffd40034
0085ffecff3bfecb
023e01fe01b60115
028f02970297026e
013d019601fe0256
ffc4001c007c00ed
fd8afeebff3bff84
fc78fcb1fcc9fca9
fed3fd79fc70fc78
00ad001cffc4ff1b
004c003c008500b5
00f500c500b500b5
00ed00b500b500bd
015d013d011500fd
03f003f004000400
037f0367039003d0
0327037703b803b0
025e02a702f70307
02ff02ff02af026e
fcb9fdea00540276
fce1fd49fd69fcf1
fe42fd31fcf1fce9
00a50074ffd4ff73
0074005c00740095
008500a500a5009d
0034009500ad00ad
fddafe72ff33ffdc
004c007c0074fedb
ffe400140034002c
013d00a5005c0014
01ae0206022601ce
015d017501650155
ff13ffac005c00fd
ffb4ff2bfec3fedb
01c6016d00f50044
027e026e026e0246
011d017d01f6024e
ffb40014004c00bd
fcf1fe5aff2bff63
fc70fca9fcc9fcb1
ff03fe22fcd1fc70
00950074ffccff6b
00c5007c009d007c
00ad00dd00b500c5
00e5007c00a500ad
011d011500f5011d
0400040004000400
03e003e003e803f0
02ff038803c803d8
0135019e020e027e
01de01ee018e014d
fcb1fd51feb300ed
fcd9fd31fd92fcf9
fe8bfd61fcc9fd31
0074001cff73ff43
00040004003c0064
0034003c00540034
ffdc003c00640054
fe22fe6afee3ff7b
ff7bffa4ffacfeab
fef3ff23ff4bff5b
002cffccff73ff23
005400ad00ed00ad
00440014000c002c
ffacff7bfff40054
fef3fea3fed3ff3b
013d00b5002cff8c
0246023e021e01c6
00fd015501c60226
ff8cffdc002c0095
fc81fdb2ff13ff53
fc68fca9fcd1fcb1
ff13fe02fda2fca1
0064008d0014ffc4
00b500bd00ad00a5
00b500d500cd009d
00e50095007c009d
00b500fd00dd00ad
0400040004000400
03f003f003f00400
037f03d003e803f8
019e0216026602ff
012d016d0155013d
fcc1fc99fdeaffe4
fcd9fd41fddafd79
fe5afd69fcf1fd41
0024ffb4ff2bfefb
ffb4ffc4fff40024
fffcfffcffecffd4
ff3bffa4fffc000c
fe7afea3fecbff23
fe72fee3fedbfe7a
fe62fe22fe12fe3a
ff84ff3bfef3feab
ff8cffd4ffe4ffbc
fdf2fe12fe8bff13
0044ff94ff43febb
fe8bfec3ff2bffec
008d000cff84fecb
01e601be014d00fd
00d50135018e01ce
ff73ffb4000c0074
fc81fd29fef3ff53
fc91fca9fc99fcd9
ffccfe52fe42fd31
00950095008dfff4
004c0095008d00b5
009d008500cd00c5
00a500bd006c0064
00c500ad00e500d5
0400040004000400
0400040004000400
03e003f003f80400
033f03a803b803d0
015501f6021e026e
fd01fc70fd71ff73
fce1fd41fe0afdc2
fe42fd92fd31fd21
ffa4ff53fef3ff13
ff94ffa4ffd4ffec
ffc4ffbcffa4ff9c
ff2bff23ff73ffbc
fef3ff0bff1bff2b
fe42fecbfed3fecb
fe8bfe72fe22fdf2
ff03fed3fe7afe5a
002cff7bff3bff1b
fdcafe9bffb4005c
00a5005cff94fe8b
fec3ff4bfff40095
fff4ff6bfecbfe8b
0165012500cd006c
00a500ed0135015d
ff73ffa4fff4005c
fc99fcd9fed3ff4b
fd21fcc9fc78fce9
ffbcfee3feb3fe0a
00d50095008d0004
001c007c00ad0095
009d00bd00a500ad
00a500ad005c005c
00e500cd00bd00bd
0400040004000400
0400040004000400
0400040004000400
03f0040003f803f8
025e037703a803b8
fd21fc50fce9ff3b
fce9fd19fe02fe0a
fe52fdbafd92fd19
ff53ff13fedbff43
ff53ff63ff8cff73
ff94ff94ff7bff5b
ff4bff53ff53ff84
ff5bff6bff73ff3b
feebff0bfefbff23
fec3fee3feb3feab
fedbfe9bfe5afeab
0105003cff63ff0b
ff6bff0bffbc00a5
00e5009d004cfff4
ff4bfffc009500d5
ff73feebfecbfef3
00ed00c5008d0024
0044008500d500fd
ff53ff7bffbc0004
fcb1fcc9feb3ff33
fdcafd29fc70fce1
ffe4ff6bff53fedb
00cd00cd008d0064
004c004c008d0085
009d00ad00a500a5
00ed00950074006c
00f500dd00d500d5
0400040004000400
0400040004000400
0400040004000400
03f803f804000400
02f703e8040003f8
fd71fc60fca9fefb
fcc9fcf1fdd2fe5a
fe5afddafd71fcf1
ff03fedbfef3ff33
ff1bff33ff33ff03
ff3bff3bff2bff1b
ff23ff33ff53ff5b
ff9cffb4ff8cff43
ff03ff2bff4bff63
fe8bfeb3fed3feeb
ff6bff0bfecbfeab
003c00740044ffe4
ffb4ff63ff84ffec
0125011500ad0024
fff4005c00bd00fd
ff53ff13feebff43
0095007c0044fff4
ffec002400540095
ff1bff2bff63ffb4
fcc9fc99fe3aff0b
feb3fdbafcb1fcc9
000cffc4ffdcff7b
00a500d5007c008d
00850074009d00dd
006c008d00bd007c
00d500e50095006c
00f500f500ed00c5
0400040004000400
0400040004000400
03f803f804000400
0400040004000400
025603d003f00400
fde2fc81fc70fde2
fc99fcc9fdc2fea3
fe42fde2fd51fcc9
fedbfebbff03ff1b
ff03ff0bff0bfee3
ff13feebfee3fefb
ff0bfec3feebff03
ffccffb4ff73ff43
ff43ff6bff73ff9c
ff0bff0bff13ff2b
ffdcff9cff73ff3b
007c0085004c0024
fffcffb4000c0044
0155014d00fd007c
ffdc006400e5012d
ff84feebff03ffa4
00440034000cffc4
ffa4ffdc000c001c
fefbff13ff43ff6b
fd01fc91fdcaff03
ff3bfe2afd82fd31
0034ffbcffecffbc
00a500bd009d0074
00a500ad007400bd
007c005c009500a5
00dd00dd00a500a5
0115010500ed00d5
0400040004000400
0400040004000400
0400040004000400
040003f804000400
ff4b02a703b003f0
fe42fcd1fc60fcb1
fc99fc99fdaafebb
fe5afe02fd82fd01
feb3febbff3bff53
fed3fedbfee3fedb
fe93fea3feabfec3
ff13feb3fe62fe52
ffb4ffb4ffacff6b
ff33ff73ff73ff84
ff5bff23ff1bff13
00340044001cffb4
00bd009d004c001c
ffdcffec00540095
0135011500bd004c
ffbc008d0125014d
fefbfea3ff3bff63
fffcfffcffd4ffa4
ff5bff84ffbcffcc
fecbfefbff1bff23
fdd2fd01fd9afedb
ff53fe9bfe0afdfa
ffd4ffccffecffd4
00b5006c00740054
006c006c007c00a5
00850064006c00a5
00ad00a500c500a5
012500e500d500dd
0400040004000400
0400040004000400
0400040004000400
03b803e803f80400
fe02002401c6030f
fe62fd11fc70fcb1
fcd9fc99fd92fe9b
ff2bfe93fdcafd21
fec3fee3ff7bffcc
feabfea3fed3fed3
fe32fe83fea3fea3
ff1bfedbfe83fe3a
ff7bff84ff94ff73
ff2bff43ff5bff6b
ff43ff23ff03ff03
002c001cfffcff7b
00c5005cfff4fff4
ffdc000c006c00c5
00b50095003cffe4
001400bd00fd00ed
fe4afe9bfee3ff03
ffacffa4ff94ff2b
ff1bff4bff63ff84
fe9bfed3feebfefb
fe62fdc2fdfafeab
ff33fef3fe6afe72
ffdcffc4ffb40004
009d004c006c003c
006c006400850054
00c500a5005c0064
00a50085009500a5
00ed00ed00c500cd
0400040004000400
0400040004000400
0400040004000400
01b602ff03b803f0
feeb001c0034007c
fe0afd21fcd9fd71
fd29fcd9fd59fe2a
0044ffa4fe8bfd82
fee3ff13ffcc007c
fea3feb3fecbfec3
fe52fe72fea3feab
ff03feb3feabfe9b
ff6bff73ff53ff3b
ff73ff63ff6bff7b
ff9cff84ff53ff63
ffdcffdcffccffc4
00dd007c00340004
fffc0044008500e5
0064003cffd4ffcc
004c00c500c5008d
fddafe83feabff63
ff5bff4bff4bfe9b
fee3fef3ff1bff3b
feabfe9bfec3fedb
fe83fe5afe22feab
ff5bff5bfedbfeb3
ffa4fffcffcc0014
004c0014001cfffc
007400140024001c
00a500a5006c0074
00b5006c009d00b5
00ad00f500c500a5
0400040004000400
0400040004000400
03d803f803f003f0
00a5012d0226033f
ff3bfffc0044007c
fd79fd39fd69fe32
fe12fd8afd29fd71
00ad006cffd4fefb
ff03ff3b000c00ad
febbfec3fed3feeb
feb3febbfecbfec3
fedbfe6afe5afecb
ffd4ffb4ff84ff33
ffe4fff4ffecfff4
fff4ffdcffd4ffe4
00a5007400440014
016d0155012500fd
006400c501150145
ffecffc4ffdc0024
002400540044002c
fdcafea3feb3ff94
ff1bff23ff03fe12
fec3fee3ff13ff2b
fec3fea3fea3feb3
fecbfecbfe83feab
ff73ff6bff33ff0b
ffdcffccffdcffec
0034006400140044
00850024003c0034
00b5009d00950074
0095009500ad00cd
00c500d500d50095
0400040004000400
03f0040004000400
026602ff037f03d0
014d01ce01b601b6
ff2bffc4002400ad
fd39fd51fdaafe5a
ff3bfe6afdaafd59
008d008d0064fff4
ff1bff7b002c007c
fecbfecbfee3fef3
fee3fedbfeebfec3
fdfafe12fe6afef3
ff63ff03feb3fe22
ffecffc4ff9cff9c
ffacffd4ffd40004
fff4ffe4ffd4ffa4
00f500d500950044
00ad00ed010d0105
ffcc0004001c0054
ff94ffdcffe4ffdc
fe22fe93fecbff6b
ff2bff33fecbfdc2
fecbfeebff1bff23
fee3fed3fea3fea3
fedbfeebfeb3febb
ffacffacff6bff2b
000c0004ffccfff4
0054007c003c003c
008d007c006c0064
00850095008d004c
00c500bd009500bd
00bd00bd00d50095
0400040004000400
03c003e803f00400
023e01ce018602d7
0105021e02a70287
fe8bff3bffbc0034
fddafd71fd71fdda
ffbcff63feebfe62
0034004c00440004
ff1bffa4fffc002c
fedbfedbfee3fef3
feebfef3fefbfed3
fe7afe93fee3ff03
fd92fd31fe02fe42
ff8cff8cfff4ff63
ff53ff4bff4bff84
ffccffbcffe4ffac
000cfffc0024ffdc
ffe4000c003c002c
ff2bff7bffacffbc
fe72feebff23ff13
fe4afe83fe83fe5a
ff23ff23febbfde2
fec3fee3ff13ff03
fee3fef3feebfebb
ff0bff3bfec3fed3
ffacff5bfee3ff2b
0014002cfff4ffd4
0044007c002c0034
00640064002c0024
0095007400ad0064
00bd00b5006c00bd
00a500ad00ad0095
0400040004000400
03b803e803f003f8
0377035f028f02ef
0064017d027e0327
fdb2fe52fefbff94
fedbfe3afda2fd71
ff63ff63ff63ff3b
ffdcffecffdcff94
ff4bffa4ffb4ffdc
fedbfecbfee3ff13
fef3ff03fedbfed3
ff43fec3fed3fefb
fd51fdc2ff23ff33
013d0145012dffcc
00740014009d012d
00440024006c00a5
0155013501250095
0175015500ed0145
fe83003c010d011d
fee3ff43fedbfe2a
fe42fe6afeabfe9b
ff13ff0bfec3fe0a
fec3fecbfeebff03
fedbfefbff13feeb
ff03ff33fed3fed3
ff94ff43fe83fedb
00140014ffe4ffac
000c00440014003c
005c003400340014
008d004c0085005c
007c0085005c00a5
00dd009d00ad0095
03f803f803f803f8
03f80400040003f8
03d803f003d003d0
ffa400e50256036f
fd61fd79fe02febb
ff3bff3bfeb3fde2
fed3febbfeabfedb
ff7bff6bff3bfef3
ff63ff6bff6bff73
fee3fedbfef3ff1b
fefbfef3fedbfedb
ff4bfeebfef3fefb
fe3aff4bff94ff94
01f6024e014dffe4
0327024e02e702bf
031f02e7034f0377
037703370398036f
032702b702970398
fedb011d02970287
ffe4001cffccfea3
fe32fe72ff4bfffc
fee3fef3fea3fe12
fef3feebfeebfef3
fecbff03ff33ff23
fedbfefbfec3fea3
ff94ff53fe7afecb
ffecffdcffc4ff9c
ffec0024fff40024
005c002c00240014
0074004c007c004c
006c00a500850085
00bd0095008d0064
03f8040004000400
0400040004000400
03e003f803f003e8
fe8b000402260398
fe12fd59fd51fdba
feb3ff73ffbcff23
fe42fe02fde2fe12
ff13feebfe9bfe62
ff3bfee3ff0bff13
fefbfefbfefbff2b
fef3fef3fefbff03
ff6bff13ff13ff03
ff4bfff4ffccffe4
02a7026e00bdfed3
03b8033f03a0033f
03e803e803f003f0
03f003b003e003f0
03a80398033f03d8
ff84010d02e70317
00a500740085ff84
fe42fef3ffac004c
fecbfec3fe8bfe0a
ff0bfef3feebfedb
fecbfecbff1bff3b
feb3fecbfec3fea3
ff63ff63feabfeb3
ffdcffbcffa4ffa4
ffd4fffcffe4fff4
005400340004001c
00440024007c003c
0074007c005c0054
00b5007c008d005c
0400040004000400
0400040004000400
03d8040003f803f8
fd8afe5a00ad031f
ff3bfe1afd49fd31
fe0afed3ffa4ffdc
fdbafd92fd79fd9a
fe9bfe5afe0afdd2
feb3fe62fe83fea3
feebfef3fefbff2b
fefbfefbfefbff03
ff94ff23ff2bff0b
003c0074003cffc4
01ee00fdff4bff8c
038802ff02ef021e
03c803c003e003e0
03b0031f03b803e0
037f03c8037703b0
001c003401b60317
008d0074008500a5
fe83ff4bffdc0054
fee3fecbfeabfe42
ff23ff13fefbfeeb
feabfe93fee3ff33
fecbfe9bfea3fe93
ff43ff4bfeebfeb3
ffb4ffd4ff84ff8c
ffb4ffecffe4ffec
0044fffcffec001c
005c002c00540024
005c005400440054
00c5007400ad005c
03f803f803f00367
03e803f003f803f8
02af03a803d003b0
fd19fd39fe020044
ffccff43fe3afd59
fd8afe02febbff7b
fd51fd49fd41fd51
fe3afdeafd92fd61
fdeafde2fe0afe3a
fedbfeebff13febb
ff03ff13ff03ff03
ff8cff23ff1bfef3
00d500d50034ffd4
0054ffc4ffb40054
02c7026e024e011d
03270327031f02ff
036703470388035f
02f7036f03d00388
00b5005c00d501a6
006c0064005c00c5
fea3ff5bffcc003c
ff13ff0bfee3fe8b
ff2bff33ff23ff0b
fe7afe62fe93ff0b
fea3fe7afe72fea3
ff3bff3bff0bfe8b
ffb4ff9cff63ff63
ff9cffd4ff9cffc4
fffcffdcffecfff4
0054fff4002c0014
0054004c001c003c
0095005c007c004c
018e01ae0175ff6b
00ed012d014d016d
fe7affdc00640014
fd8afce9fd19fd79
ff7bffd4ffa4fee3
fd31fd8afe02feab
fd19fd21fd11fd11
fdd2fd92fd41fd19
fd41fd82fd92fdc2
feebfef3ff13fda2
ff2bff13ff03fef3
ff7bff2bfeebfefb
015d009d0004ffdc
ffe4fff40095015d
0297018e015d0085
0327034702ef028f
034f036f034f0357
00ed019e02cf02ff
009d00a5007c0095
0074006c003c005c
feebff84ffb4002c
ff33ff2bff13fedb
ff0bff23ff2bff23
fe62fe3afe42fec3
fe72fe5afe62fe93
fefbff0bfeebfe62
ff63ff63ff43ff1b
ff8cffa4ff8cff7b
ffd4ffb4ffdcffbc
002400040024ffc4
0024003c000c0014
008d003400440034
fdcafde2fdf2fdaa
fd71fd8afda2fdb2
fd21fd31fd41fd51
ffc4fd59fcd1fd11
fed3ff8c007400e5
fd01fd49fdaafe22
fcf9fd09fd01fce9
fd59fd39fd01fce9
fca1fce1fd01fd39
fefbff13fe1afc89
ff3bff13ff03ff03
ff73feebfef3ff4b
01050034000cffe4
006c00cd01ae018e
00cd005c0034005c
02b7028f01ce00ed
01d6024e024e02af
00c500c5010d0155
008500c5011d00cd
005400740044003c
ff33ff73ffe4001c
ff2bff43ff2bff23
fec3ff0bff23ff23
fe4afe0afdeafe2a
fe4afe42fe3afe62
fee3febbfeb3fe6a
ff33ff23ff1bfee3
ff8cff4bff3bff43
ffbcffa4ffa4ff6b
ffe4fff4fff4ffa4
0014000cffd4ffdc
003c0014002c002c
fd41fda2fd92fdb2
fd09fd19fd29fd31
fcf9fcf9fd01fd09
015dfee3fcc9fcd1
fe3afee3002c019e
fcf1fd19fd61fdb2
fcd9fcf1fcf9fcf1
fcd1fcc9fcc1fcc1
fc78fc91fc99fcb9
ff0bfef3fcf9fc68
ff43ff0bfef3fef3
ff5bfef3ff43ff5b
006c000c0024000c
0155017d016d00dd
00dd00e500e50135
01ce01ae015500fd
01ee019e01750196
01a601a6019e01ee
0044009d00fd014d
004400640054001c
ff53ff7b000c0044
ff2bff33ff3bff6b
fe32fecbff03ff13
fdf2fdeafdcafdb2
fe22fe12fe1afe22
fe7afe7afe4afe1a
fee3feb3fecbfeb3
ff63ff2bff13fee3
ff9cff43ff6bff53
ffd4ffbcff9cffa4
ffecfff4ffccfffc
ffecffec0004ffd4
fd71fe1afd92fdc2
fce9fcf1fd01fd11
fcc1fcc9fce1fce1
01860054fda2fca1
fdc2fe4aff3b011d
fd01fd09fd21fd51
fcb9fcd1fce9fcf9
fc70fc78fc89fca1
fcb9fcb1fc99fc81
ff33fe4afcb9fca1
ff33ff03fef3fefb
ff73ff73ffa4ff73
003c001c000cfffc
00e500c500ed00b5
014d011d010d0115
028f027e025e01ce
02f702b702a7027e
020e028702af02ff
0024005400ad0125
0044003c004c002c
ff9cff9cffe40044
ff13ff2bff53ff84
fd8afe52fecbfef3
fd9afd92fd71fd69
fe12fdd2fde2fdd2
fe42fdfafdf2fdf2
fea3fe9bfe6afe4a
fefbfedbfeebfebb
ff6bff43ff23ff2b
ff84ff8cff4bff6b
ffe4ffccff9cffa4
ffccffc4ffc4ff9c
fdfafdf2fd79fdb2
fcd1fcf1fcf9fd11
fc99fca1fcc1fcd1
00fd00d5ff0bfce1
fd82fddafe6affd4
fd11fd19fd31fd49
fc89fcb1fce1fd01
fc70fc58fc58fc70
fce9fcf9fce1fca1
ff94fe3afd29fcc9
ff3bff0bff0bff33
ffbcffe4ffc4ff6b
003c00140014fffc
006400a500a50044
012d00bd008d008d
0266024e0226019e
030f02ef029f026e
019e026602cf030f
002c0034006400ed
005c002400240044
ffd4ffe4ffcc002c
feebff1bff3bff73
fd49fdbafe93fed3
fd69fd51fd41fd49
fde2fd9afd71fd69
fde2fdc2fdaafdaa
fe42fe12fe12fe0a
fe93fe8bfe8bfe6a
ff03ff0bfeebfeb3
ff43ff53ff13ff03
ff9cff8cff73ff6b
ffbcffb4ffacff84
fe32fd92fd69fd69
ff0bfefbfebbfe3a
fdd2fe5afec3ff03
fff400d50044fe7a
fd69fda2fdeafeab
fcf9fd09fd21fd41
fc70fc99fcc9fce1
fcb1fc70fc50fc58
fce9fd11fd29fcf1
0004ff73fe02fce9
ff33ff1bff2bff4b
0004000cffccff5b
001c001c0024001c
00740054002c0024
00cd005c0034004c
01b601a6018e011d
025e023e01f601c6
013501a602260256
0034001c004400b5
0054005c002c003c
ffacffec0004001c
feebfefbff23ff63
fdaafda2fde2fea3
fd82fd8afd9afda2
fdb2fd92fd79fd82
fd8afd69fd69fd8a
fdeafdcafdbafdaa
fe3afe2afe32fe0a
feb3fe93fe6afe52
ff33fee3febbfec3
ff7bff33ff23ff2b
ffe4ffacff84ff7b
fe02fd79fd8afdaa
011d012d01350044
008d00c500c500ed
ffc400bd00c5006c
fd59fd92fdeafe93
fcd9fcf1fd11fd31
fc60fc78fc91fcb1
fcf1fcb1fc70fc58
fce1fd19fd49fd21
ffd40054fec3fd19
ff2bff2bff3bff63
002c000cffc4ff63
0004001c00340034
ffd4ffec0014001c
008d004c0004ffe4
015d0135011500c5
01a601b6018e015d
00ad0135018e0186
0044002c00240034
0034006c005c004c
ff7bffdc001c0024
feb3feebff03ff4b
fdb2fda2fd11fe0a
fdaafda2fdaafdaa
fdd2fdeafddafdca
fda2fda2fdaafde2
fd9afd79fd79fd8a
fdeafdd2fdcafdaa
fe2afe1afe0afdfa
feb3feabfe83fe5a
ff13ff03fedbfed3
ff94ff94ff53ff2b
fd51fd69fdd2fdfa
fe5afe72fe8bfe32
fe32fe12fdf2fe12
fee3fe83fe32fe32
fe02fe72feebfefb
fcf9fd31fd82fdca
fc89fc78fc81fca9
fd41fd11fcd1fca1
fd09fd49fd82fd71
ffa4fff4fe52fd21
ff2bff23ff43ff3b
0054002cffd4ff63
fffc00340054005c
ff9cffe40014000c
ff94ff6bff3bff63
009500950064000c
00ed00ed00b500a5
001c0024006400cd
004c003c004c0024
002c005c0064005c
ff63ffb4fffc002c
fe3afecbfefbff2b
fd51fd61fd39fd8a
fda2fd82fd71fd61
fdbafdf2fdc2fdd2
fddafd79fd41fd71
fdaafdb2fdeafdf2
fd92fd82fd79fd92
fddafdc2fdaafd9a
fe5afe42fe22fdf2
febbfe83fe72fe6a
ff3bff2bff0bff03
fd21fd9afdf2fdb2
fd82fd92fd8afd39
fd49fd49fd49fd61
fdd2fd82fd49fd41
fe02fe2afe22fdf2
fe4afe52fe32fe12
fe3afdbafd92fdd2
fe0afe22fe42fe7a
fdcafd8afd9afdd2
ff73ffccfefbfe4a
ff23ff13ff23ff23
006c001cff84ff43
0024005400740064
ffec000c002c001c
ff33ff43ff73ffac
ff5bff33ff4bff43
ffd4ff9cff84ff7b
0064004c0034000c
007c005c005c0054
0034003c006c007c
ff4bff8cffd4001c
fe02fe5afecbff13
fde2fdf2fdfafe0a
fd8afd71fd69fd8a
fd39fd79fd59fd82
fd29fd21fd09fd09
fdc2fd92fd79fd51
fda2fda2fda2fdb2
fd9afd9afd8afd9a
fdeafde2fdcafda2
fe4afe3afe2afe1a
fefbfee3fea3fe72
fd51fdeafdd2fdd2
fd71fd92fda2fd31
fd61fd41fd39fd51
fd79fd82fd92fd82
fdc2fd8afd82fd8a
ff73ff84fee3fe3a
fe8bfec3fed3fefb
fd19fd21fd71fe02
ffecffbcfebbfdaa
ff33fffc0024fffc
ff03fefbff03ff0b
006cffe4ff63ff2b
004c006c0095007c
0044006400640054
fffcffecffec0014
0044002400240004
00b500a5007c006c
009d00a500cd00cd
009d0074007c0095
0024005400740095
ff0bff53ffa4ffec
fe8bfe12fe5afecb
fe7afe72fe7afe93
fe02fe0afe42fe6a
fdaafdd2fde2fdf2
fd92fdbafddafdca
fd51fd59fd71fd79
fd59fd49fd39fd31
fdf2fdd2fd82fd69
fd92fdaafdcafdea
fdfafddafdbafda2
fe6afe52fe22fe02
fd9afe4afde2fe2a
fd69fd9afdcafda2
fd8afd71fd61fd61
fd69fd82fda2fd9a
fe3afde2fdaafd8a
fe9bfed3fefbfeb3
fcf9fd79fe0afe6a
fe0afd39fce9fcd1
ff3bff73ff84ff13
fefbffb4001cff6b
feebfedbfeebfeeb
0034ff9cff23ff03
0074009d0095006c
0085009d00850074
008d007c006c007c
00e500b500a5009d
0155015d010d0115
00e501050125014d
00a5009500b500ad
ffc4004c00950095
feb3ff0bff4bff94
fe83fdd2fdaafe32
fefbff2bff4bfed3
fe9bfecbff2bff1b
fe9bfeabfeabfe9b
fe72fe72fe5afe62
fdf2fdf2fdfafe32
fd39fd51fd69fdb2
fd31fd01fd01fd11
fe22fe42fe02fd92
fdaafdaafdd2fe02
fe0afdeafdd2fdb2
fe22fe6afde2fe52
fd59fd61fd71fdca
fdb2fd9afd79fd69
fdaafd9afda2fdaa
fe72fe2afdeafdca
fdcafe3afe93fe93
fd09fcf9fd09fd49
fe52fdd2fd69fd31
fedbfe9bfe8bfe8b
fee3ff8c00cdffe4
febbfebbfed3fee3
ffd4ff53fef3fed3
009500c500950064
00a500ad00850095
00ad0095008d0085
00fd00d500b500b5
01be01b6016d0135
00d50125015d0196
00ad00a500ad009d
ff8c0024008500ad
fe2afeb3fefbff5b
fea3fdc2fd69fd9a
ff2bff63ff84ff1b
ff7bff4bff33ff23
ff9cff4bff13ff5b
ff1bff03fef3ff33
fe62fe83fea3feeb
fdbafe02fe4afe32
fd19fd69fd9afd8a
fd8afd41fd11fcf9
fe22fe4afe3afdea
fdc2fdc2fddafe02
fe12fe42fd79fdc2
fd79fd51fd11fd31
fdbafdc2fdaafd92
fddafdc2fdb2fdb2
fe5afe4afe2afe0a
fd29fd69fdf2fe4a
fd79fd59fd31fd11
fe22fdfafdcafd8a
ff6bfe9bfe52fe32
fedbff330074009d
fe9bfec3fee3fee3
ff94fefbfecbfe9b
00a500ad00740034
00c500ad008d008d
00c500b500ad009d
00fd00e500dd00dd
01fe01ce0186014d
00d5010d014d01ce
009d00ad009d00a5
ff43ffd4006c00b5
fdd2fe32fe7afeeb
fe2afd71fd82fdb2
ffecff43ff13ff0b
0004ffbcff8cffe4
ffa4ff84ff6bffcc
ff5bff94ffacff8c
fef3ff5bffa4ff5b
fe5afebbfefbfed3
fdd2fdeafe12fe42
fd41fd51fd8afdaa
fd8afd59fd39fd41
fe2afe42fe1afdc2
fd31fd59fd09fd39
fd9afd79fd41fd01
fdcafdd2fdd2fdca
fdfafdd2fdcafdca
fe22fe4afe2afe12
fd71fd61fd79fdd2
fdb2fdb2fd9afd92
fe0afdf2fde2fdba
ffe4fef3fe6afe2a
fedbff0bffd40074
fecbfee3fee3fedb
ff1bfec3feabfeab
009d006c0024ffcc
009d0085007c008d
00c500bd00b500b5
00fd00e500dd00c5
022601de019e015d
010d0145019601fe
008d00ad00c500e5
febbff23fff4006c
fdd2fdd2fdfafe62
fdd2fd82fda2fdc2
0014ffacff8cff1b
ff9cff73ff6bfffc
ffd4003c0034ffec
ffbc0024006cffbc
ff94ffbcffd4ffcc
ff3bff13ff23ff6b
fea3fe93fed3ff53
fdc2fde2fe2afe8b
fd49fd71fd82fdaa
fd8afd49fd19fd19
fd31fd19fd11fd21
fddafdcafd92fd59
fdeafdeafdf2fdea
fe22fe0afdfafdf2
fdc2fe2afe5afe32
fdbafdc2fdbafda2
fdc2fdd2fdcafdc2
fe02fde2fde2fdca
ffacff23fe8bfe32
fed3fee3ff4bffec
fed3fed3fed3fecb
feb3fea3feabfecb
00540024ffccff3b
00540054002c004c
00ad00ad00a50074
012d010d00ed00bd
020e01e601b6016d
0145017501ce020e
0064009500ed012d
fe1afe7aff330004
fde2fde2fddafdea
fd61fd79fda2fdca
ff0bff03febbfdea
00140034ffdcff63
fff4008d0074fffc
003c002c0034ffd4
004cffd4ffec002c
ffacffa4ffc40044
feebff1bff4bffc4
feb3fef3fedbfed3
fe1afe52fe1afe72
fd69fd69fd8afdaa
fd59fd31fd29fd29
fe0afe02fdeafda2
fe2afe1afe22fe1a
fe6afe62fe52fe3a
fdcafdbafe1afe5a
fde2fde2fde2fdfa
fddafde2fde2fde2
fe12fdeafde2fde2
ff3bff1bfea3fe4a
febbfec3fef3ff43
fedbfedbfedbfed3
fe93fea3feb3fecb
fff4ff9cff3bfebb
001c001c001c0014
008d008d002cffec
010d00ed00e500cd
01e601ae01650135
0155017d01ce0206
0004004c00e50145
fdaafdf2fe5aff2b
fddafe0afe12fdda
fd61fd71fd82fdaa
feb3fe83fe52fdaa
000c0064ff53fea3
004400340004ffbc
0095fffc00440085
00440024fffc00bd
ffb4000c001c003c
ffcc0014ffb4ff8c
ff53ffacff8cff73
fe8bfea3febbfeeb
fdf2fe12fe6afe83
fd9afd51fd31fd19
fe3afe32fe2afdfa
fe72fe5afe52fe4a
fe7afe9bfea3fe93
fe0afddafdc2fe2a
fe0afe12fe22fe22
fdfafe0afe02fe0a
fe1afdfafdeafdf2
feebff03feabfe52
feabfe9bfec3feeb
fef3fef3fee3fecb
feb3fed3fedbfeeb
ff4bfefbfebbfea3
ffecffecffe4ffac
00740024fff4ffd4
00b500b500d500ad
01ae015d00d500ad
013501450165019e
ff2bffcc006400ed
fe1afdcafdcafe3a
fdaafde2fe12fe3a
fdeafda2fd79fd82
feb3fe9bfe93fe5a
fffcff84fec3febb
003cfffc00740064
00440014005c00d5
0034006c00340064
007c00bd004cffe4
000c00540014fffc
ff8cff9cffacffa4
ff23ff84ffccffdc
fe5afee3ff53ff2b
fe0afdc2fd51fd09
fe72fe6afe52fe32
fe9bfe7afe72fe83
fe12fe7afeabfeb3
fe3afe42fe22fdd2
fe3afe42fe5afe5a
fe12fe32fe42fe3a
fe1afe02fdf2fdfa
fef3fef3feabfe5a
fe93fe8bfeabfecb
fefbfef3fee3febb
fedbfee3fee3fef3
fea3fe9bfeb3fecb
ffacffb4ff73ff0b
0054fff4ffacff84
007c009d00a50085
00fd00b5008d0064
009d00cd00dd00ed
fe2aff03ff94001c
fe5afe52fdfafdca
fd8afdaafdd2fe12
febbfe3afdb2fd8a
fecbfebbfecbfedb
fecbfeabfec3fed3
003cffd4003cffb4
005c00640054006c
00bd00dd003c0004
006400850054003c
ffd400040014000c
0014002c0095005c
ff63ffc4003c0054
ff73ff6bff6bff53
fe52fe1afda2fd29
fe9bfe8bfe72fe6a
feabfe9bfe93fe9b
fddafe0afe83feab
fe8bfe83fe6afe22
fe7afe8bfe8bfe8b
fe42fe52fe7afe72
fe12fdfafe02fe1a
fefbfef3fe93fe5a
fe83fe83fea3fecb
fefbfeebfed3feab
fef3fef3fefbfef3
fe93fed3fee3fef3
ff6bff43fed3fe8b
ffd4ff8cff63ff5b
ffec001c0014ffec
0034ffecffccffec
ffdc003c0054005c
fdf2fe12feabff1b
fdfafe2afe42fe3a
fdbafdaafdb2fdda
fee3febbfe5afdfa
fed3fecbfedbfee3
fe93fe9bfebbfec3
ff7bfef3fed3feab
00fd00d5fffcffbc
008d009d0064006c
ffdc000c00340044
0044007c00ed006c
ffd4ffec00bd00ad
005c000cfff4ffe4
000cffb4fffc004c
fe72fe42fe02fdc2
feabfe9bfe8bfe8b
febbfeb3febbfeb3
fe3afdd2fe1afe8b
fea3fea3fe7afe6a
fec3fecbfec3fec3
fe7afe9bfeabfeb3
fe02fe02fe1afe4a
fee3feb3fe6afe42
fe93fe8bfeabfec3
feebfee3fed3feb3
ff0bff0bff0bfef3
fedbfeebfef3ff0b
fec3fe8bfe72feab
ff03ff0bff1bff0b
ff53ff73ff73ff43
ffc4ff5bff3bff4b
fed3ff63ff9cffcc
fe62fe42fe12fe32
fdd2fddafdf2fe32
fe22fdd2fdcafdd2
fee3fefbff03feb3
fecbfed3fedbfee3
fec3febbfeb3febb
fec3fecbfecbfecb
0085fffcff43fecb
fffc001c002c004c
004c009500fd0074
0004001400b5008d
00b5003c000c001c
00bd003c006400bd
0004ffc4ffc40095
fe9bfe7afe5afe3a
febbfeb3fea3fea3
fea3fecbfecbfec3
fe6afe1afdd2fe22
fec3febbfe9bfe7a
fefbfefbfeebfedb
febbfee3fef3fefb
fe1afe32fe5afe83
fea3fe62fe4afe3a
feb3feabfec3fecb
fee3fee3fedbfec3
ff13ff23ff1bff03
fecbfeebff03ff03
fe42fe7afeabfecb
febbfeabfe8bfe5a
febbfebbfecbfee3
ff03fec3febbfeb3
fe3afe93fecbff03
fe22fe32fe4afe2a
fdf2fdf2fdf2fe12
febbfe52fdf2fdf2
ff03ff1bff1bfefb
fed3fed3fecbfedb
fee3fee3fed3fecb
fed3feebfedbfed3
ff3bfeebfecbfed3
002c0014fff4ff9c
fffc003400ad007c
00e5001cffec000c
00e5007c007c00e5
0044ffd4000400cd
0064009d00640074
fec3febbfea3fe93
febbfeb3feabfebb
fe22feabfebbfebb
fe9bfe7afe22fdd2
fed3fec3febbfea3
ff13ff0bff0bfeeb
fef3ff23ff1bff13
fe62fe72fe93febb
fe83fe6afe5afe62
fecbfeb3fec3feb3
ff0bff03feebfedb
ff0bff13ff33ff33
fedbfeebfef3fefb
fe7afea3febbfecb
fe2afe12fe12fe3a
fe2afe0afe12fe2a
fe4afe42fe42fe4a
fe3afe32fe2afe42
fe2afe2afe32fe3a
fe0afe3afe3afe22
ff03fec3fe5afe12
feebff0bff1bff23
fedbfed3fed3fed3
fef3feebfedbfedb
fec3feb3fec3feeb
ff03ff0bfefbfee3
feabfeabfec3feeb
0085ffecff8cff03
00ed004c007c00c5
007c000c001400e5
0074009d008d006c
00fd011d005c001c
feebff0bff0bfefb
febbfebbfec3fedb
fdd2fe1afe8bfebb
fec3fea3fe6afe0a
feebfee3fed3fec3
ff23ff23ff1bfefb
ff2bff4bff3bff2b
fe93feb3fed3fefb
fe9bfe93fe8bfe93
fee3fee3fecbfeb3
ff0bfeebfed3fecb
ff03ff03ff13ff1b
fed3feebfefbff03
fe83fe9bfeabfebb
fe12fe3afe52fe6a
fdc2fdc2fddafdfa
fe32fe2afe2afe02
fe52fe4afe42fe5a
fe42fe3afe4afe52
fe32fe4afe5afe42
ff53ff33fefbfe9b
ff03ff0bff13ff43
fee3fef3fef3fef3
fec3fecbfedbfedb
ff1bff13fed3fec3
fe83fed3ff03ff13
fd39fd61fdaafe0a
008dffacfe62fd79
002cfff4002400bd
008d009d00640054
00e50125006c0014
00bd00d50085004c
ff03ff1bff43ff4b
feb3fecbfeebff03
fdfafdcafe0afe83
fed3feb3fea3fe5a
fefbfefbfef3feeb
ff43ff43ff2bff13
ff6bff5bff43ff43
fed3feebff13ff43
fedbfedbfecbfecb
feebfee3fed3fed3
fef3ff03feebfeeb
fecbfec3fed3fed3
fec3fecbfecbfecb
fe62fe8bfea3febb
fe22fe22fe32fe4a
fe72fe4afe2afe3a
fe72fe72fe83fe7a
fe52fe62fe6afe6a
fe62fe62fe5afe4a
feb3fe4afe42fe62
ff5bff5bff53ff1b
ff13ff23ff23ff43
ff03ff0bff0bff13
feb3fe93febbfedb
ff2bff2bff2bff13
fe42fe6afebbff13
fdaafde2fdfafe12
ff94fe42fd49fd49
005c0064000c000c
00b500e50024fffc
00a500cd007c0044
fffc002400540034
ff2bff13ff33ff53
fe72fec3fefbff33
fe52fdf2fdc2fdf2
feebfedbfec3feab
ff1bff13ff0bff0b
ff53ff4bff3bff2b
ff7bff63ff53ff5b
ff1bff3bff4bff73
ff03ff0bff0bff0b
fef3feebfee3feeb
fee3feebfefbff03
fed3fee3feebfee3
fe83fe9bfea3fec3
fe5afe52fe62fe72
fe72fe62fe62fe6a
fe62fe72fe83fe7a
fe5afe5afe52fe42
fe62fe52fe4afe52
feabfeb3fea3fe83
ff2bfebbfe7afe83
ff5bff5bff5bff5b
ff1bff2bff43ff6b
feebfef3ff03ff23
ff13febbfe8bfebb
fef3ff43ff5bff43
fe4afe72fe83fe9b
fddafdb2fdcafe12
fe7afd8afd9afdd2
00a50085ff9cff8c
007c008d002c0024
fff400140044003c
009d00f5012d0085
ff2bff13ff1bff4b
fdfafe6afed3ff03
fe9bfe4afdeafdaa
ff03fefbfee3fed3
ff2bff2bff23ff13
ff4bff3bff3bff2b
ff73ff63ff5bff63
ff43ff6bff84ff8c
ff03ff1bff2bff3b
ff0bff03fef3fef3
ff03fef3fef3ff03
feebff03ff0bff03
febbfec3fecbfee3
fe93fe93fea3feb3
fe5afe6afe72fe83
fe32fe42fe52fe52
fe4afe3afe2afe2a
fed3feabfe8bfe62
fed3ff13ff13fef3
ff7bff6bff13fec3
ff53ff4bff5bff73
ff2bff33ff4bff63
fec3fefbff0bff03
ff6bff43fef3fea3
fe8bfef3ff33ff43
fd29fd79fddafe42
fcf1fcf1fd09fd29
fd79fd41fd41fd11
0034fff4ff63fe4a
ffc4ffecffdc0004
004c00b500d50034
fffc009d00f50085
ff03ff13ff0bff23
fdb2fdf2fe83fed3
fecbfe8bfe2afdca
ff1bff23ff1bff03
ff2bff2bff23ff1b
ff4bff3bff33ff33
ff63ff5bff5bff5b
ff5bff73ff84ff6b
ff0bff1bff23ff4b
fefbff03ff13ff03
ff0bfefbfefbfefb
ff03ff03ff0bff13
fee3fef3ff0bff13
febbfec3fecbfedb
fe8bfe93fe9bfeab
fe8bfe83fe7afe8b
fee3febbfea3fe8b
ff4bff3bff2bff0b
fedbff2bff4bff43
ffacffbcff7bff03
ff4bff43ff73ff9c
ff33ff53ff73ff63
feabfecbfefbff0b
ff6bff5bff4bfef3
fd82fde2fe7aff13
fcf1fce9fd01fd31
fd09fd09fd11fd11
fd59fd59fd39fd19
fedbfe22fda2fd59
fffc00540054ff43
ffbc002c00850024
008d005c0004ffc4
fedbff23ff43ff1b
fdc2fdbafe0afe83
fed3fea3fe62fe1a
ff2bff3bff43ff23
ff33ff33ff23ff23
ff43ff4bff4bff43
ff4bff5bff53ff4b
ff3bff43ff43ff3b
ff0bff1bff23ff33
ff03fefbfefbff0b
ff1bff0bff13ff13
ff13ff13ff1bff23
fef3ff03ff0bff13
ff13ff03fefbff03
ff0bff0bff0bff03
ff43ff2bff1bff13
ff6bff5bff53ff4b
ff94ffa4ff9cff84
ff23ff0bff33ff63
ffa4ff9cff9cff73
ff6bff63ff6bff84
ff33ff3bff5bff5b
ff2bfed3fedbff13
ff13ff8cff84ff43
fcf1fd21fd69fe3a
fd09fcf9fcf9fcf1
fd09fd09fd09fd11
fd82fd61fd31fd11
fdfafdcafdaafda2
ff1bff43ff23fe4a
fff4ffdcffccff63
0024ffe4002c0054
feabff13ff5bff63
fe02fdb2fdbafe1a
ff03fed3feabfe62
ff3bff43ff4bff3b
ff3bff43ff43ff3b
ff4bff4bff4bff43
ff3bff5bff53ff53
ff0bff1bff23ff23
ff1bff23ff23ff13
ff13ff13ff0bff13
ff3bff2bff23ff1b
ff43ff43ff33ff3b
ff43ff43ff43ff43
ff53ff53ff5bff5b
ff73ff6bff7bff6b
ff9cff94ff94ff94
ffbcffb4ffa4ff94
ff7bffb4ffd4ffc4
ff94ff33ff1bff4b
ff8cffa4ffb4ffbc
ff84ff84ff73ff7b
ff0bff1bff3bff4b
ff9cff6bfefbfef3
fdfaff13ff84ff73
fce1fce9fcf9fd31
fcf9fcf1fce9fcd9
fd59fd21fd11fd01
fe4afe22fdd2fd9a
fe52fe4afe42fe4a
fe9bfe83fe7afe72
ff23feebfed3febb
ffe4ffd4ffecff8c
fe2afed3ff3bff7b
fe3afdf2fdd2fde2
ff1bfef3fecbfe93
ff4bff53ff53ff33
ff3bff43ff3bff43
ff4bff3bff43ff43
ff13ff33ff43ff4b
ff13ff0bff13ff0b
fefbfefbff0bff13
ff1bff23ff13ff03
ff73ff5bff43ff3b
ff94ff94ff84ff7b
ffa4ff9cff94ff94
ff94ffa4ffa4ffac
ffacffa4ffbcffa4
ffe4ffdcffdcffc4
ffe4ffecffe4fffc
ff4bffa4ffccffdc
ffacff5bff13ff1b
ff9cff94ff94ffb4
ff7bff94ff94ff9c
feebff03ff3bff4b
ffe4ffacff73fefb
fd19fdaafec3ff9c
fce1fce1fcd9fce9
fd09fcd9fcc9fcd1
fe3afdfafd92fd39
feabfe83fe62fe4a
fe93fe9bfe8bfe9b
fe9bfe9bfe9bfe9b
fe83fe8bfe93fe83
ff0bfefbfecbfe93
fdcafe52ff13ff7b
fe6afe32fdeafdca
ff33ff13feebfeb3
ff43ff5bff4bff43
ff3bff3bff43ff3b
ff33ff3bff3bff3b
fefbff0bff23ff23
ff0bff0bff0bfef3
fefbfeebfef3fefb
ff1bff0bff03ff03
ff63ff43ff2bff2b
ff7bff94ff84ff73
ff8cff94ff8cff84
ffacff9cff94ff8c
ffe4ffccffc4ffbc
fff4fff4fff4ffec
ffb4ffdc000c0014
ff2bff4bff6bff94
ff9cff9cff8cff3b
ffb4ff9cff6bff84
ff5bffb4ffa4ffb4
fef3fecbff1bff5b
ff94ffbcff8cff5b
fce1fcf1fd49fe7a
fcd1fcd9fcd1fcd1
fdc2fd39fcf9fce1
feabfeb3fea3fe42
fedbfecbfeb3fea3
fedbfee3fedbfedb
fecbfecbfedbfecb
fe8bfeb3feb3feb3
febbfea3fe8bfe83
fdbafdf2fe9bff33
fe93fe52fe0afdca
ff13ff0bfef3fec3
ff3bff3bff2bff2b
ff2bff3bff4bff43
ff1bff23ff23ff23
fee3fef3ff03ff0b
feebfefbfefbfeeb
fef3fee3fedbfed3
ff03fefbfef3feeb
ff3bff23ff13ff03
ff5bff5bff43ff3b
ff8cff84ff7bff63
ffbcffacffb4ff9c
fff4ffd4ffc4ffb4
ffccffdcffe4fff4
ff7bffacffe4fff4
ff4bff23ff2bff53
ff84ffc4ffbcff9c
ffc4ff8cff7bff73
ff63ff8cff9cffac
ff6bfeebfee3ff4b
fe6affa4ffb4ffac
fcd1fce1fce9fd31
fcf9fcd9fcc9fcd1
fee3fe93fdd2fd39
ff2bff1bff13fefb
ff03ff13ff13ff23
ff1bff13ff13ff13
ff1bff23ff13ff13
fedbfeebfeebff03
fec3fec3fec3fed3
fdd2fddafe1afeab
feabfe6afe32fdf2
ff13ff13fef3fed3
ff43ff33ff2bff1b
ff3bff3bff43ff4b
ff0bff1bff23ff2b
fee3fedbfef3ff0b
fef3fef3feebfef3
feebfee3fee3fee3
fefbfeebfee3feeb
ff3bff2bff23ff03
ff53ff4bff43ff2b
ff94ff8cff8cff73
ffbcffacff9cff94
ffe4ffe4ffe4ffc4
ff9cffc4ffdcffe4
ff4bff6bff84ff94
ff9cff5bff23ff3b
ff9cffd4ff9cffa4
ff94ff84ff94ff94
ff4bff73ff73ff84
ffa4ff53fedbff1b
fd49fe72ff94ffcc
fcd1fcd9fce9fd01
fdd2fd29fcf9fce1
ff5bff53ff23fea3
ff73ff63ff5bff53
ff63ff6bff6bff7b
ff53ff5bff63ff63
ff5bff53ff53ff53
ff1bff3bff4bff63
fef3feebff03ff03
fddafdc2fdd2fe02
feb3fe7afe4afe1a
ff0bff03feebfecb
ff4bff43ff3bff23
ff3bff4bff43ff43
ff03ff1bff23ff2b
fee3fef3feebfef3
fef3feebfee3fedb
fee3fedbfee3fef3
ff13fefbfef3fee3
ff43ff33ff2bff2b
ff6bff63ff4bff43
ff84ff94ff8cff7b
ffacffbcffb4ff9c
ffacffbcffc4ffbc
ff63ff7bff94ffb4
ff4bff63ff73ff5b
ffccffd4ff5bff2b
ffb4ffbcff7bff8c
ff9cffacffa4ffa4
ff33ff7bff84ff9c
ff73ff7bff43ff03
fcf1fd39fe6aff73
fd11fcf1fcf1fcf1
ff63fea3fdc2fd31
ff94ff94ff8cff84
ff84ff84ff8cff84
ffbcffb4ff9cff9c
ffa4ffacffacffac
ff9cffacffacff9c
ff4bff73ff8cff84
fefbff13ff43ff5b
fdd2fdbafdcafdc2
fea3fe83fe52fe12
ff13ff0bfeebfec3
ff3bff33ff33ff2b
ff13ff33ff3bff33
feebff03ff13ff13
fef3fefbfefbfeeb
fef3feebfeebfee3
fefbfef3feebfefb
ff2bff1bff13ff03
ff33ff23ff2bff33
ff73ff6bff5bff43
ff94ff94ff8cff7b
ff94ff94ffa4ffa4
ff73ff84ff8cffa4
ff4bff4bff53ff73
ff33ff63ff63ff53
ffccffe4ffa4ff53
ffb4ffbcff94ff8c
ff94ffa4ff9cff94
ff33ff3bff5bff84
ff7bff94ff84ff3b
fcf1fcf1fd59fea3
fd92fd49fd29fd09
ffccffd4ff73fe72
ffdcffc4ffbcffcc
ffccffc4ffc4ffcc
0004fff4ffdcffcc
000c0004fffcfffc
ffbcffe4ffecfff4
ffacffacffacffac
ff3bff63ffacffac
fdd2fdcafdcafdba
fe83fe7afe4afe02
ff03fefbfecbfea3
ff23ff23ff23ff13
fef3ff13ff23ff2b
fef3feebfeebfeeb
fefbfefbfefbfef3
feebfee3fee3feeb
ff13ff13fefbfefb
ff2bff13ff0bff13
ff4bff23ff2bff3b
ff6bff63ff63ff5b
ff8cff73ff6bff73
ff84ff84ff94ff94
ff63ff6bff73ff84
ff3bff3bff4bff63
ff2bff03ff1bff2b
ff9cffb4ffb4ff84
ff7bff7bff8cff9c
ff7bff8cff94ff8c
ff43ff33ff5bff73
ff23ff94ff84ff73
fd19fd11fd11fd82
ff33fe0afd8afd61
fffcfffc0004ffe4
0004fffcffe4fff4
001c001c00040004
001c00240014000c
00440044002c001c
000c00140024002c
ffe4fff4fffcfffc
ff9cffc4ffe4ffe4
